gen,rank,crowding,b,k_init,c,alpha,beta,rho,loss,delta_loss,ppl,size_mb,size_ratio,target_bits_per_weight,n_pruned,n_rounded_zero,n_nonzero,pruned_pct,sparsity_pct,n_dense_matrices,n_bitmap_matrices,n_csr_matrices,k_used_mean,k_used_min,k_used_max,k_used_row_mean,k_realized,k_merged,f1_norm,f2_norm
1,0,0.04368490422758352,7.667152209384268,203,0.9471096206143133,-0.01667037507206337,0.01667037507206337,0.5270935960591133,2.754524290590794,0.09888793878224522,15.713564034272979,1941.56087675,0.43786384673855766,7.005821547816923,29486570,3311815,2184284495,1.3299714803625202,1.47934862047196,206,0,0,107.0,107,107,90.96291885841632,203,107,0.14403133367309529,0.7779076151844732
1,0,0.05287617722998144,7.205143283862684,148,0.9559207160745413,-0.08418343084009677,0.08418343084009677,0.49324324324324326,2.8912798569851175,0.23564350517656862,18.016353207643835,1941.55468025,0.43786244929418244,7.005799188706919,148332165,24595,2068726120,6.690420386990675,6.6915297275670635,206,0,0,73.0,73,73,64.14224998996146,148,73,0.3432172693650872,0.777905132488929
1,0,0.06534961803088658,6.109925950099369,69,0.9293593757766684,-0.05189833355747814,0.05189833355747814,1.0,2.916848958383028,0.2612126065744791,18.482955043530037,1941.55395125,0.43786228488896184,7.005796558223389,91566856,6124628,2119391396,4.13006012657497,4.406307264435689,206,0,0,69.0,69,69,62.88234570751686,69,69,0.3804589372622531,0.7779048404071003
1,0,0.3595282600720122,6.96538015336342,125,0.9329861212332785,-0.10947580832347575,0.10947580832347575,0.504,3.038645766220503,0.383009414411954,20.876951809461072,1664.4158755,0.3753616724287727,6.0057867588603635,192652676,18420,2024411784,8.689466584126977,8.690297405571053,206,0,0,63.0,63,63,57.16045364198522,125,63,0.5578572821563311,0.6668664371485987
1,0,inf,7.640026026341788,199,0.937365772887371,-0.04912539127748876,0.04912539127748876,0.2663316582914573,3.3422087542184924,0.6865724024099435,28.28152470611712,1664.4143105,0.37536131948752405,6.005781111800385,86687613,36147,2130359120,3.909985223466251,3.9116156090655485,206,0,0,53.0,53,53,47.80309639013813,199,53,1.0,0.6668658101142202
1,0,0.2596175904409862,8.747138770306805,430,0.9240970575005685,-0.04977206036296009,0.04977206036296009,0.1511627906976744,2.9250026920916805,0.26936634028313167,18.63427621501145,1875.68473025,0.42300735510843873,6.76811768173502,87824268,388,2129258224,3.961253266273925,3.9612707667473397,0,206,0,65.0,65,65,58.48455192940893,430,65,0.3923349370548927,0.7515136160907449
1,0,0.35829953597271513,7.979432385100146,252,0.9816568763423911,-0.04520189214397206,0.04520189214397206,0.5476190476190477,2.7003135886143403,0.0446772368057915,14.884398571022858,2218.70544,0.5003659222698973,8.005854756318357,79789656,21387,2137271837,3.598857612395618,3.599822258336143,206,0,0,138.0,138,138,107.79354847614842,252,138,0.06507287017213269,0.888948617730854
1,0,inf,8.112140451062837,277,0.9134552208413147,-0.025234600367064607,0.025234600367064607,0.9855595667870036,2.6871083981244226,0.03147204631587375,14.689139307833683,2495.87590975,0.5628738402756509,9.005981444410414,44594337,59854,2172428689,2.0113969307272805,2.014096604273089,206,0,0,273.0,273,273,218.34089026863154,277,273,0.045839369898066765,1.0
1,0,0.2316929140871916,6.80575077033219,112,0.9825399511196321,-0.10217723867745727,0.10217723867745727,0.49107142857142855,3.2295992506033744,0.5739628987948255,25.269528193371187,1664.4146235,0.3753613900757738,6.005782241212381,179827011,49077,2037206792,8.110973776496799,8.113187360862215,206,0,0,55.0,55,55,49.43716872791519,112,55,0.8359830613350515,0.6668659355210959
1,0,0.071020965257419,8.402384855490368,338,0.9155212992441091,-0.057480902898809944,0.057480902898809944,0.257396449704142,2.7770465036456504,0.12141015183710158,16.071483713502456,1941.55723175,0.4378630247124546,7.005808395399273,101422208,1111,2115659561,4.574579007168194,4.574629118059853,206,0,0,87.0,87,87,77.1951857633312,338,87,0.17683517632071838,0.7779061547753295
1,0,0.20803694802843384,7.83414034345963,228,0.9980204784898682,-0.007446939539571762,0.007446939539571762,0.5066079295154186,2.7198145316179403,0.06417817980939144,15.177507036222153,1941.56233475,0.43786417554899887,7.005826808783982,13183702,16644943,2187254235,0.5946418205168766,1.345400538206312,206,0,0,115.0,115,115,95.33575555131706,227,115,0.09347620088445018,0.7779081993481306
1,0,0.0871892089344503,7.280923552233678,156,0.914513025466505,-0.09226052172623585,0.09226052172623585,0.5384615384615384,2.847572684462733,0.1919363326541843,17.245869826520906,1941.556656125,0.43786289489660396,7.005806318345663,162467266,11096,2054604518,7.327974405720006,7.328474883176221,206,0,0,83.83980582524272,82,84,72.2267682902345,156,84,0.2795573081301651,0.7779059241448733
2,0,0.10334192201123113,7.205143283862684,148,0.9559207160745413,-0.08418343084009677,0.08418343084009677,0.49324324324324326,2.8912798569851175,0.23564350517656862,18.016353207643835,1941.55468025,0.43786244929418244,7.005799188706919,148332165,24595,2068726120,6.690420386990675,6.6915297275670635,206,0,0,73.0,73,73,64.14224998996146,148,73,0.3432172693650872,0.777905132488929
2,0,0.0712835897336476,6.109925950099369,69,0.9293593757766684,-0.05189833355747814,0.05189833355747814,1.0,2.916848958383028,0.2612126065744791,18.482955043530037,1941.55395125,0.43786228488896184,7.005796558223389,91566856,6124628,2119391396,4.13006012657497,4.406307264435689,206,0,0,69.0,69,69,62.88234570751686,69,69,0.3804589372622531,0.7779048404071003
2,0,0.18915620415854323,8.747138770306805,430,0.9240970575005685,-0.04977206036296009,0.04977206036296009,0.1511627906976744,2.9250026920916805,0.26936634028313167,18.63427621501145,1875.68473025,0.42300735510843873,6.76811768173502,87824268,388,2129258224,3.961253266273925,3.9612707667473397,0,206,0,65.0,65,65,58.48455192940893,430,65,0.3923349370548927,0.7515136160907449
2,0,0.19723230202784336,7.979432385100146,252,0.9816568763423911,-0.04520189214397206,0.04520189214397206,0.5476190476190477,2.7003135886143403,0.0446772368057915,14.884398571022858,2218.70544,0.5003659222698973,8.005854756318357,79789656,21387,2137271837,3.598857612395618,3.599822258336143,206,0,0,138.0,138,138,107.79354847614842,252,138,0.06507287017213269,0.888948617730854
2,0,0.07643352558345354,8.402384855490368,338,0.9155212992441091,-0.057480902898809944,0.057480902898809944,0.257396449704142,2.7770465036456504,0.12141015183710158,16.071483713502456,1941.55723175,0.4378630247124546,7.005808395399273,101422208,1111,2115659561,4.574579007168194,4.574629118059853,206,0,0,87.0,87,87,77.1951857633312,338,87,0.17683517632071838,0.7779061547753295
2,0,0.3871839273427913,8.747138770306805,430,0.9359781606537837,-0.04977206036296009,0.05379907554448997,0.14651162790697675,2.940804668327745,0.2851683165191963,18.931073420239148,1664.4158755,0.3753616724287727,6.0057867588603635,91372034,299,2125710547,4.121272814122312,4.121286300311876,206,0,0,63.0,63,63,57.17913663467716,430,63,0.41535068336307224,0.6668664371485987
2,0,0.05425385692832679,7.667152209384268,203,0.9721633019852675,-0.027928063572039842,0.015215426325317326,0.5073891625615764,2.7254410274563385,0.0698046756477897,15.263143908230365,1941.56014775,0.43786368233333706,7.005818917333393,38138571,3193178,2175751131,1.72021404089323,1.864240140630196,206,0,0,103.0,103,103,87.97102749558304,203,103,0.10167125186326703,0.7779073231026444
2,0,0.18447717540631361,7.83414034345963,228,0.9977074372587773,-0.007446939539571762,0.007446939539571762,0.5154185022026432,2.718723563607518,0.06308721179896937,15.160957890503383,1941.56269925,0.4378642577516092,7.005828124025747,13183702,16633480,2187265698,0.5946418205168766,1.3448835074672536,206,0,0,117.0,117,117,95.51009501485706,227,117,0.0918871943840539,0.777908345389045
2,0,0.17916594608058042,8.4244472273238,344,0.9761056694680993,-0.0462422829622096,0.01575446235546893,0.5377906976744186,2.6818048153846044,0.026168463576055512,14.611440465383668,2218.715164,0.5003681152415916,8.005889843865466,54750876,67077,2162264927,2.4695006440174216,2.4725261060154864,206,0,0,184.74757281553397,184,185,143.45849060391905,344,185,0.03811464527878104,0.8889525137578808
2,0,inf,7.60481144142165,195,0.9375903364249083,-0.04912539127748876,0.047816687367020716,0.26153846153846155,3.205238677725072,0.5496023259165232,24.661385437442195,1664.4139975,0.37536124889927436,6.00577998238839,85536279,40914,2131505687,3.8580550944491527,3.8599004923081632,206,0,0,51.0,51,51,46.920079354722134,195,51,0.800501628069173,0.6668656847073444
2,0,inf,8.209842455374522,296,0.9486415444894601,-0.024014785093855507,0.0064068007308358405,0.9425675675675675,2.6728748289852766,0.017238477176727773,14.481541362592612,2495.87731225,0.5628741565696452,9.005986505114324,26894102,5287518,2184901260,1.2130399924426822,1.4515298589108225,206,0,0,279.0,279,279,222.45542006304208,296,279,0.02510802519329185,1.000000561926975
2,0,0.10729033091510505,8.206147808706456,295,0.9474168729482618,-0.0026477499369405993,0.015192179047784837,0.26101694915254237,2.8068188852255207,0.15118253341697185,16.557164115453837,1941.55540925,0.43786261369940305,7.005801819190449,15787174,8684972,2192610734,0.7120696362961406,1.1037993311282976,206,0,0,77.0,77,77,67.84497595767748,295,77,0.22019896646923875,0.7779054245707577
2,0,0.01738942200166973,7.280536308112417,155,0.9691030851672301,-0.02130198166305834,0.02584340511761722,1.0,2.6861742594560063,0.030537907647457452,14.67542402178735,2218.708976,0.5003667197141498,8.005867515426397,41665627,3710981,2171706272,1.879299478420942,2.0466807267033698,206,0,0,155.0,155,155,127.72244042121747,155,155,0.04447878700085539,0.8889500344679545
2,0,0.24835947487489193,6.80575077033219,112,0.9792707667078632,-0.10624038813179293,0.10217723867745727,0.5,3.2019776128592814,0.5463412610507326,24.581094048719006,1664.41478,0.3753614253698987,6.005782805918379,183395873,45297,2033641710,8.271944844930651,8.27398793499321,206,0,0,56.0,56,56,49.714178696193386,112,56,0.7957518524383088,0.6668659982245337
2,0,0.006310625263456393,7.7667457269799,218,0.9474168729482618,-0.00764251354008437,0.002194336887904691,0.4954128440366973,2.71928336996536,0.06364701815681117,15.169447467159245,1941.561059,0.4378638878398628,7.005822205437805,8707484,20919830,2187455566,0.3927450831247229,1.3363196417808252,206,0,0,108.0,108,108,93.64670836010279,218,108,0.09270255829305582,0.7779076882049303
3,0,0.03437981248130852,7.205143283862684,148,0.9559207160745413,-0.08418343084009677,0.08418343084009677,0.49324324324324326,2.8912798569851175,0.23564350517656862,18.016353207643835,1941.55468025,0.43786244929418244,7.005799188706919,148332165,24595,2068726120,6.690420386990675,6.6915297275670635,206,0,0,73.0,73,73,64.14224998996146,148,73,0.3432172693650872,0.777905132488929
3,0,0.19654806820595022,8.747138770306805,430,0.9240970575005685,-0.04977206036296009,0.04977206036296009,0.1511627906976744,2.9250026920916805,0.26936634028313167,18.63427621501145,1875.68473025,0.42300735510843873,6.76811768173502,87824268,388,2129258224,3.961253266273925,3.9612707667473397,0,206,0,65.0,65,65,58.48455192940893,430,65,0.3923349370548927,0.7515136160907449
3,0,0.009379808201054999,7.979432385100146,252,0.9816568763423911,-0.04520189214397206,0.04520189214397206,0.5476190476190477,2.7003135886143403,0.0446772368057915,14.884398571022858,2218.70544,0.5003659222698973,8.005854756318357,79789656,21387,2137271837,3.598857612395618,3.599822258336143,206,0,0,138.0,138,138,107.79354847614842,252,138,0.06507287017213269,0.888948617730854
3,0,0.07643352558345354,8.402384855490368,338,0.9155212992441091,-0.057480902898809944,0.057480902898809944,0.257396449704142,2.7770465036456504,0.12141015183710158,16.071483713502456,1941.55723175,0.4378630247124546,7.005808395399273,101422208,1111,2115659561,4.574579007168194,4.574629118059853,206,0,0,87.0,87,87,77.1951857633312,338,87,0.17683517632071838,0.7779061547753295
3,0,0.30693180035870543,8.747138770306805,430,0.9359781606537837,-0.04977206036296009,0.05379907554448997,0.14651162790697675,2.940804668327745,0.2851683165191963,18.931073420239148,1664.4158755,0.3753616724287727,6.0057867588603635,91372034,299,2125710547,4.121272814122312,4.121286300311876,206,0,0,63.0,63,63,57.17913663467716,430,63,0.41535068336307224,0.6668664371485987
3,0,0.05425385692832679,7.667152209384268,203,0.9721633019852675,-0.027928063572039842,0.015215426325317326,0.5073891625615764,2.7254410274563385,0.0698046756477897,15.263143908230365,1941.56014775,0.43786368233333706,7.005818917333393,38138571,3193178,2175751131,1.72021404089323,1.864240140630196,206,0,0,103.0,103,103,87.97102749558304,203,103,0.10167125186326703,0.7779073231026444
3,0,0.17798434278384134,7.83414034345963,228,0.9977074372587773,-0.007446939539571762,0.007446939539571762,0.5154185022026432,2.718723563607518,0.06308721179896937,15.160957890503383,1941.56269925,0.4378642577516092,7.005828124025747,13183702,16633480,2187265698,0.5946418205168766,1.3448835074672536,206,0,0,117.0,117,117,95.51009501485706,227,117,0.0918871943840539,0.777908345389045
3,0,0.1627660996890453,8.4244472273238,344,0.9761056694680993,-0.0462422829622096,0.01575446235546893,0.5377906976744186,2.6818048153846044,0.026168463576055512,14.611440465383668,2218.715164,0.5003681152415916,8.005889843865466,54750876,67077,2162264927,2.4695006440174216,2.4725261060154864,206,0,0,184.74757281553397,184,185,143.45849060391905,344,185,0.03811464527878104,0.8889525137578808
3,0,inf,7.60481144142165,195,0.9375903364249083,-0.04912539127748876,0.047816687367020716,0.26153846153846155,3.205238677725072,0.5496023259165232,24.661385437442195,1664.4139975,0.37536124889927436,6.00577998238839,85536279,40914,2131505687,3.8580550944491527,3.8599004923081632,206,0,0,51.0,51,51,46.920079354722134,195,51,0.800501628069173,0.6668656847073444
3,0,inf,8.209842455374522,296,0.9486415444894601,-0.024014785093855507,0.0064068007308358405,0.9425675675675675,2.6728748289852766,0.017238477176727773,14.481541362592612,2495.87731225,0.5628741565696452,9.005986505114324,26894102,5287518,2184901260,1.2130399924426822,1.4515298589108225,206,0,0,279.0,279,279,222.45542006304208,296,279,0.02510802519329185,1.000000561926975
3,0,0.08953377883346804,8.206147808706456,295,0.9474168729482618,-0.0026477499369405993,0.015192179047784837,0.26101694915254237,2.8068188852255207,0.15118253341697185,16.557164115453837,1941.55540925,0.43786261369940305,7.005801819190449,15787174,8684972,2192610734,0.7120696362961406,1.1037993311282976,206,0,0,77.0,77,77,67.84497595767748,295,77,0.22019896646923875,0.7779054245707577
3,0,0.014502446423087,7.280536308112417,155,0.9691030851672301,-0.02130198166305834,0.02584340511761722,1.0,2.6861742594560063,0.030537907647457452,14.67542402178735,2218.708976,0.5003667197141498,8.005867515426397,41665627,3710981,2171706272,1.879299478420942,2.0466807267033698,206,0,0,155.0,155,155,127.72244042121747,155,155,0.04447878700085539,0.8889500344679545
3,0,0.006310625263456393,7.7667457269799,218,0.9474168729482618,-0.00764251354008437,0.002194336887904691,0.4954128440366973,2.71928336996536,0.06364701815681117,15.169447467159245,1941.561059,0.4378638878398628,7.005822205437805,8707484,20919830,2187455566,0.3927450831247229,1.3363196417808252,206,0,0,108.0,108,108,93.64670836010279,218,108,0.09270255829305582,0.7779076882049303
3,0,0.17505841126807115,8.209842455374522,296,0.9369012230361036,-0.011638964246899532,0.002408652663287373,0.8682432432432432,2.676242371798144,0.020606019989595215,14.530390778212604,2473.86510975,0.5579099302210119,8.92655888353619,12428992,9578068,2195075820,0.5606011445093113,0.9926133207974616,0,206,0,257.0,257,257,212.62055417804368,296,257,0.030012887085565706,0.9911811320771132
3,0,0.07932679756415263,7.229516825935045,150,0.9825399511196321,-0.10217723867745727,0.10219209608909824,0.5066666666666667,2.8723743142415445,0.2167379624329957,17.67894377587789,1941.555227,0.4378625725980979,7.005801161569567,179839807,13122,2037229951,8.111550931284986,8.112142790079186,206,0,0,76.0,76,76,65.04790897044651,150,76,0.3156811454585444,0.7779053515503006
3,0,0.24835947487489193,7.720152330334154,211,0.9387259506793212,-0.04912539127748876,0.04912539127748876,0.26066350710900477,3.116530850274888,0.460894498466339,22.567952078599827,1664.4146235,0.3753613900757738,6.005782241212381,86687613,28480,2130366787,3.909985223466251,3.911269794298353,206,0,0,55.0,55,55,50.01175263009958,211,55,0.6712977347305971,0.6668659355210959
3,0,0.07128358973364758,6.109925950099369,69,0.9290585152846244,-0.01648979617361255,0.05189833355747814,1.0,2.90897863599575,0.2533422841872013,18.338059165232583,1941.55395125,0.43786228488896184,7.005796558223389,60363025,34528697,2122191158,2.7226327686946914,4.280025923072393,206,0,0,69.0,69,69,62.89637081392547,69,69,0.3689957290708779,0.7779048404071003
3,0,0.01328188718916047,8.206147808706456,295,0.9492229241671014,-0.004617017312564919,0.015192179047784837,0.511864406779661,2.6972414770531667,0.0416051252446179,14.838742204725305,2218.708144,0.500366532080208,8.005864513283328,17529587,6966081,2192587212,0.790659977492587,1.1048602747769176,206,0,0,151.0,151,151,126.07499297301638,295,151,0.06059830703736329,0.8889497011180486
3,0,0.1839504148386829,7.855395261488829,232,0.9977074372587773,-0.017739373509452795,0.007446939539571762,0.5844155844155844,2.70722628781198,0.05158993600343109,14.987646390496911,2218.704816,0.500365781544441,8.005852504711056,22279573,8608181,2186195126,1.00490483242557,1.3931709219639097,206,0,0,135.0,135,135,104.50720265820752,231,135,0.07514129001157754,0.8889483677184243
4,0,0.03387006452353323,7.205143283862684,148,0.9559207160745413,-0.08418343084009677,0.08418343084009677,0.49324324324324326,2.8912798569851175,0.23564350517656862,18.016353207643835,1941.55468025,0.43786244929418244,7.005799188706919,148332165,24595,2068726120,6.690420386990675,6.6915297275670635,206,0,0,73.0,73,73,64.14224998996146,148,73,0.3432172693650872,0.777905132488929
4,0,0.07530026604709139,8.402384855490368,338,0.9155212992441091,-0.057480902898809944,0.057480902898809944,0.257396449704142,2.7770465036456504,0.12141015183710158,16.071483713502456,1941.55723175,0.4378630247124546,7.005808395399273,101422208,1111,2115659561,4.574579007168194,4.574629118059853,206,0,0,87.0,87,87,77.1951857633312,338,87,0.17683517632071838,0.7779061547753295
4,0,0.1468605654660725,8.747138770306805,430,0.9359781606537837,-0.04977206036296009,0.05379907554448997,0.14651162790697675,2.940804668327745,0.2851683165191963,18.931073420239148,1664.4158755,0.3753616724287727,6.0057867588603635,91372034,299,2125710547,4.121272814122312,4.121286300311876,206,0,0,63.0,63,63,57.17913663467716,430,63,0.41535068336307224,0.6668664371485987
4,0,0.053449453570578113,7.667152209384268,203,0.9721633019852675,-0.027928063572039842,0.015215426325317326,0.5073891625615764,2.7254410274563385,0.0698046756477897,15.263143908230365,1941.56014775,0.43786368233333706,7.005818917333393,38138571,3193178,2175751131,1.72021404089323,1.864240140630196,206,0,0,103.0,103,103,87.97102749558304,203,103,0.10167125186326703,0.7779073231026444
4,0,0.013685997636077401,7.83414034345963,228,0.9977074372587773,-0.007446939539571762,0.007446939539571762,0.5154185022026432,2.718723563607518,0.06308721179896937,15.160957890503383,1941.56269925,0.4378642577516092,7.005828124025747,13183702,16633480,2187265698,0.5946418205168766,1.3448835074672536,206,0,0,117.0,117,117,95.51009501485706,227,117,0.0918871943840539,0.777908345389045
4,0,0.008366327170985212,8.4244472273238,344,0.9761056694680993,-0.0462422829622096,0.01575446235546893,0.5377906976744186,2.6818048153846044,0.026168463576055512,14.611440465383668,2218.715164,0.5003681152415916,8.005889843865466,54750876,67077,2162264927,2.4695006440174216,2.4725261060154864,206,0,0,184.74757281553397,184,185,143.45849060391905,344,185,0.03811464527878104,0.8889525137578808
4,0,inf,7.60481144142165,195,0.9375903364249083,-0.04912539127748876,0.047816687367020716,0.26153846153846155,3.205238677725072,0.5496023259165232,24.661385437442195,1664.4139975,0.37536124889927436,6.00577998238839,85536279,40914,2131505687,3.8580550944491527,3.8599004923081632,206,0,0,51.0,51,51,46.920079354722134,195,51,0.800501628069173,0.6668656847073444
4,0,0.08820625370760639,8.206147808706456,295,0.9474168729482618,-0.0026477499369405993,0.015192179047784837,0.26101694915254237,2.8068188852255207,0.15118253341697185,16.557164115453837,1941.55540925,0.43786261369940305,7.005801819190449,15787174,8684972,2192610734,0.7120696362961406,1.1037993311282976,206,0,0,77.0,77,77,67.84497595767748,295,77,0.22019896646923875,0.7779054245707577
4,0,0.014287477096452693,7.280536308112417,155,0.9691030851672301,-0.02130198166305834,0.02584340511761722,1.0,2.6861742594560063,0.030537907647457452,14.67542402178735,2218.708976,0.5003667197141498,8.005867515426397,41665627,3710981,2171706272,1.879299478420942,2.0466807267033698,206,0,0,155.0,155,155,127.72244042121747,155,155,0.04447878700085539,0.8889500344679545
4,0,0.006217078567733039,7.7667457269799,218,0.9474168729482618,-0.00764251354008437,0.002194336887904691,0.4954128440366973,2.71928336996536,0.06364701815681117,15.169447467159245,1941.561059,0.4378638878398628,7.005822205437805,8707484,20919830,2187455566,0.3927450831247229,1.3363196417808252,206,0,0,108.0,108,108,93.64670836010279,218,108,0.09270255829305582,0.7779076882049303
4,0,0.07815060289843483,7.229516825935045,150,0.9825399511196321,-0.10217723867745727,0.10219209608909824,0.5066666666666667,2.8723743142415445,0.2167379624329957,17.67894377587789,1941.555227,0.4378625725980979,7.005801161569567,179839807,13122,2037229951,8.111550931284986,8.112142790079186,206,0,0,76.0,76,76,65.04790897044651,150,76,0.3156811454585444,0.7779053515503006
4,0,0.07396781807751848,6.109925950099369,69,0.9290585152846244,-0.01648979617361255,0.05189833355747814,1.0,2.90897863599575,0.2533422841872013,18.338059165232583,1941.55395125,0.43786228488896184,7.005796558223389,60363025,34528697,2122191158,2.7226327686946914,4.280025923072393,206,0,0,69.0,69,69,62.89637081392547,69,69,0.3689957290708779,0.7779048404071003
4,0,0.012445837855496423,8.206147808706456,295,0.9492229241671014,-0.004617017312564919,0.015192179047784837,0.511864406779661,2.6972414770531667,0.0416051252446179,14.838742204725305,2218.708144,0.500366532080208,8.005864513283328,17529587,6966081,2192587212,0.790659977492587,1.1048602747769176,206,0,0,151.0,151,151,126.07499297301638,295,151,0.06059830703736329,0.8889497011180486
4,0,0.14593773224044052,7.781137172102181,220,0.943462413832644,-0.05674917149366571,0.06376796464952693,0.2590909090909091,3.0372483924824722,0.3816120406739234,20.84779927850671,1664.4149365,0.37536146066402354,6.005783370624377,106309688,12867,2110760325,4.795025434502476,4.795605791696881,206,0,0,57.0,57,57,51.61871335929971,220,57,0.55582199245764,0.6668660609279716
4,0,0.08923814685559725,5.9354020299039325,61,0.9474168729482618,-0.00505541517571205,0.002194336887904691,1.0,2.9498247594791445,0.2941884076705956,19.102605884296395,1664.4155625,0.375361601840523,6.005785629448368,6420185,99944883,2110717812,0.28957803327586923,4.797523311352258,206,0,0,61.0,61,61,55.45879301517829,61,61,0.42848854197745556,0.666866311741723
4,0,0.13645992065616305,7.720152330334154,211,0.9398317241909029,-0.06531716174435231,0.06797509139797236,0.26066350710900477,3.1075466921927,0.45191034038415134,22.36610609531185,1664.4146235,0.3753613900757738,6.005782241212381,117554715,10340,2099517825,5.302224651159635,5.302691029755279,206,0,0,55.0,55,55,49.95324420775779,211,55,0.6582122130133647,0.6668659355210959
4,0,0.17337162193760466,7.154365547476306,142,0.937402000106104,-0.005717230410883126,0.01807231074848787,0.9507042253521126,2.699622423985439,0.0439860721768901,14.874114555591348,2218.704816,0.500365781544441,8.005852504711056,21043563,24412937,2171626380,0.9491554506072412,2.0502842004715673,206,0,0,135.0,135,135,117.14803470326052,142,135,0.06406618154544841,0.8889483677184243
4,0,0.010369517719642195,7.6511038174441826,201,0.9720122934358837,-0.026648037599397146,0.01677218631005166,0.9701492537313433,2.6771377392029496,0.021501387394400773,14.543406642615318,2218.717296,0.5003685960535674,8.005897536857079,38379301,2157733,2176545846,1.7310720021436456,1.8283950665840691,206,0,0,195.0,195,195,157.08270257789914,201,195,0.03131699922532361,0.8889533679670149
4,0,inf,8.153387705892893,285,0.9977074372587773,-0.007446939539571762,0.021993097540835276,0.9473684210526315,2.6648625167451607,0.00922616493661188,14.365974329310522,2495.8752085,0.5628736821286536,9.005978914058458,26032115,5380418,2185670347,1.1741606610574702,1.4168407181963356,206,0,0,270.0,270,270,207.25574204946997,285,270,0.01343800727239697,0.9999997190365125
4,0,0.17802721238428537,7.936447480874116,245,0.9971786719931416,-0.024014785093855507,0.0064068007308358405,0.9224489795918367,2.6706035112717355,0.014967159463186608,14.448686507208413,2218.723744,0.5003700502166162,8.005920803465859,26894102,8206839,2181981939,1.2130399924426822,1.583203826823109,206,0,0,226.0,226,226,180.3627881063283,245,226,0.021799826807267896,0.8889559514287867
4,0,0.09039295164296778,7.640026026341788,199,0.9094734621179213,-0.05959560900022395,0.04848562836489236,0.2663316582914573,3.184727361741506,0.5290910099329573,24.160700376536834,1664.4143105,0.37536131948752405,6.005781111800385,95355429,25015,2121702436,4.300941108705868,4.302069393093685,206,0,0,53.0,53,53,48.78531059267588,199,53,0.7706266783747651,0.6668658101142202
4,0,0.19610528387787873,6.97668892331177,126,0.931799109695205,-0.0747885391526263,0.06763278688652759,0.5158730158730159,2.909973757640874,0.2543374058323251,18.356316847638276,1847.31570275,0.41660952763976056,6.665752442236169,125573732,76294,2091432854,5.663916903277879,5.667358091728172,0,206,0,65.0,65,65,58.4454756264054,126,65,0.3704451343217019,0.7401472547307196
4,0,0.1843336076489745,7.974394284790262,251,0.996750973243421,-0.023558395511626803,0.0071065612975109264,0.49800796812749004,2.704494209829982,0.04885785802143294,14.94675485665647,1941.56415725,0.4378645865620504,7.0058333849928065,27110572,7250672,2182721636,1.2228037230615394,1.5498403018654856,206,0,0,125.0,125,125,103.76807315089945,251,125,0.07116198939825802,0.7779089295527025
5,0,0.07046445954670426,8.402384855490368,338,0.9155212992441091,-0.057480902898809944,0.057480902898809944,0.257396449704142,2.7770465036456504,0.12141015183710158,16.071483713502456,1941.55723175,0.4378630247124546,7.005808395399273,101422208,1111,2115659561,4.574579007168194,4.574629118059853,206,0,0,87.0,87,87,77.1951857633312,338,87,0.17683517632071838,0.7779061547753295
5,0,0.053449236074784315,7.667152209384268,203,0.9721633019852675,-0.027928063572039842,0.015215426325317326,0.5073891625615764,2.7254410274563385,0.0698046756477897,15.263143908230365,1941.56014775,0.43786368233333706,7.005818917333393,38138571,3193178,2175751131,1.72021404089323,1.864240140630196,206,0,0,103.0,103,103,87.97102749558304,203,103,0.10167125186326703,0.7779073231026444
5,0,0.005743802991880191,7.83414034345963,228,0.9977074372587773,-0.007446939539571762,0.007446939539571762,0.5154185022026432,2.718723563607518,0.06308721179896937,15.160957890503383,1941.56269925,0.4378642577516092,7.005828124025747,13183702,16633480,2187265698,0.5946418205168766,1.3448835074672536,206,0,0,117.0,117,117,95.51009501485706,227,117,0.0918871943840539,0.777908345389045
5,0,0.008366293145733802,8.4244472273238,344,0.9761056694680993,-0.0462422829622096,0.01575446235546893,0.5377906976744186,2.6818048153846044,0.026168463576055512,14.611440465383668,2218.715164,0.5003681152415916,8.005889843865466,54750876,67077,2162264927,2.4695006440174216,2.4725261060154864,206,0,0,184.74757281553397,184,185,143.45849060391905,344,185,0.03811464527878104,0.8889525137578808
5,0,inf,7.60481144142165,195,0.9375903364249083,-0.04912539127748876,0.047816687367020716,0.26153846153846155,3.205238677725072,0.5496023259165232,24.661385437442195,1664.4139975,0.37536124889927436,6.00577998238839,85536279,40914,2131505687,3.8580550944491527,3.8599004923081632,206,0,0,51.0,51,51,46.920079354722134,195,51,0.800501628069173,0.6668656847073444
5,0,0.01172839634747637,7.280536308112417,155,0.9691030851672301,-0.02130198166305834,0.02584340511761722,1.0,2.6861742594560063,0.030537907647457452,14.67542402178735,2218.708976,0.5003667197141498,8.005867515426397,41665627,3710981,2171706272,1.879299478420942,2.0466807267033698,206,0,0,155.0,155,155,127.72244042121747,155,155,0.04447878700085539,0.8889500344679545
5,0,0.00621705327443541,7.7667457269799,218,0.9474168729482618,-0.00764251354008437,0.002194336887904691,0.4954128440366973,2.71928336996536,0.06364701815681117,15.169447467159245,1941.561059,0.4378638878398628,7.005822205437805,8707484,20919830,2187455566,0.3927450831247229,1.3363196417808252,206,0,0,108.0,108,108,93.64670836010279,218,108,0.09270255829305582,0.7779076882049303
5,0,0.0026404099888506748,8.206147808706456,295,0.9492229241671014,-0.004617017312564919,0.015192179047784837,0.511864406779661,2.6972414770531667,0.0416051252446179,14.838742204725305,2218.708144,0.500366532080208,8.005864513283328,17529587,6966081,2192587212,0.790659977492587,1.1048602747769176,206,0,0,151.0,151,151,126.07499297301638,295,151,0.06059830703736329,0.8889497011180486
5,0,0.14786059632418808,7.781137172102181,220,0.943462413832644,-0.05674917149366571,0.06376796464952693,0.2590909090909091,3.0372483924824722,0.3816120406739234,20.84779927850671,1664.4149365,0.37536146066402354,6.005783370624377,106309688,12867,2110760325,4.795025434502476,4.795605791696881,206,0,0,57.0,57,57,51.61871335929971,220,57,0.55582199245764,0.6668660609279716
5,0,0.17129414064666412,7.154365547476306,142,0.937402000106104,-0.005717230410883126,0.01807231074848787,0.9507042253521126,2.699622423985439,0.0439860721768901,14.874114555591348,2218.704816,0.500365781544441,8.005852504711056,21043563,24412937,2171626380,0.9491554506072412,2.0502842004715673,206,0,0,135.0,135,135,117.14803470326052,142,135,0.06406618154544841,0.8889483677184243
5,0,0.012292890633233107,7.6511038174441826,201,0.9720122934358837,-0.026648037599397146,0.01677218631005166,0.9701492537313433,2.6771377392029496,0.021501387394400773,14.543406642615318,2218.717296,0.5003685960535674,8.005897536857079,38379301,2157733,2176545846,1.7310720021436456,1.8283950665840691,206,0,0,195.0,195,195,157.08270257789914,201,195,0.03131699922532361,0.8889533679670149
5,0,0.09865907654824997,7.640026026341788,199,0.9094734621179213,-0.05959560900022395,0.04848562836489236,0.2663316582914573,3.184727361741506,0.5290910099329573,24.160700376536834,1664.4143105,0.37536131948752405,6.005781111800385,95355429,25015,2121702436,4.300941108705868,4.302069393093685,206,0,0,53.0,53,53,48.78531059267588,199,53,0.7706266783747651,0.6668658101142202
5,0,0.1630417503766331,6.97668892331177,126,0.931799109695205,-0.0747885391526263,0.06763278688652759,0.5158730158730159,2.909973757640874,0.2543374058323251,18.356316847638276,1847.31570275,0.41660952763976056,6.665752442236169,125573732,76294,2091432854,5.663916903277879,5.667358091728172,0,206,0,65.0,65,65,58.4454756264054,126,65,0.3704451343217019,0.7401472547307196
5,0,0.22775192248193116,8.206308474579226,295,0.9474168729482618,-0.0248068494698558,0.006390263078634133,0.20677966101694914,2.9388119017839083,0.28317554997535943,18.89338577430019,1664.4155625,0.375361601840523,6.005785629448368,27577166,5285035,2184220679,1.2438491248464287,1.4822269973055766,206,0,0,61.0,61,61,55.36884135078702,295,61,0.4124481977157581,0.666866311741723
5,0,inf,8.153387705892893,285,0.9977074372587773,-0.008512693177708645,0.021993097540835276,0.9473684210526315,2.6648603177501564,0.00922396594160757,14.365942738639474,2495.8752085,0.5628736821286536,9.005978914058458,26972937,4488512,2185621431,1.2165957909521181,1.4190470407673708,206,0,0,270.0,270,270,207.25569813082237,285,270,0.01343480441280548,0.9999997190365125
5,0,0.08619915190389807,6.97668892331177,126,0.9826566003311612,-0.07012350095584881,0.06763278688652759,0.5158730158730159,2.8834571353854583,0.2278207835769095,17.875966112753712,1850.36890925,0.41729809154676256,6.676769464748201,121477518,101566,2095503796,5.479159985214445,5.483741049860978,0,206,0,65.0,65,65,56.470755199967876,126,65,0.3318233922267103,0.7413705553315519
5,0,0.00980537723020979,7.292591718987703,157,0.9683708982407313,-0.017527500203078382,0.026071454247533286,0.9808917197452229,2.6944762017008266,0.038839849892277734,14.797765678447345,2218.708768,0.5003666728056644,8.00586676489063,38536228,6380575,2172166077,1.7381500866580144,2.0259415380989276,206,0,0,154.0,154,154,128.06059267587537,157,154,0.056570654101367385,0.888949951130478
5,0,0.1791086953929287,7.974394284790262,251,0.996750973243421,-0.020906747198162517,0.012404369836117233,0.49800796812749004,2.702248987478341,0.04661263566979201,14.913233713859077,1941.56415725,0.4378645865620504,7.0058333849928065,29456914,2844686,2184781280,1.328633866858419,1.4569414743755542,206,0,0,125.0,125,125,104.2180535757308,251,125,0.0678917991841452,0.7779089295527025
5,0,0.07075438075050186,8.179704469922415,290,0.9398317241909029,-0.03248789989691394,0.06797509139797236,0.25862068965517243,2.8462901262172444,0.19065377440869558,17.22376517225767,1941.55504475,0.4378625314967928,7.005800503948684,88640515,14779,2128427586,3.998069526385951,3.9987361230266685,206,0,0,75.0,75,75,66.46504452096049,290,75,0.27768924841645276,0.7779052785298434
5,0,0.015244433275133279,7.884492070476755,236,0.9994261479572307,-0.023513569406470026,0.003252131048370148,0.5234042553191489,2.713077492986473,0.057441141177924315,15.075599248786455,1941.56379275,0.4378645043594401,7.005832069751041,23660822,11642121,2181779937,1.067205119548801,1.5923149882425685,206,0,0,123.0,123,123,99.6505782203662,235,123,0.08366363252629976,0.777908783511788
5,0,0.17802920084518614,7.936248907966116,245,0.9966263255733345,-0.014100725807764303,0.006165305533374091,0.8857142857142857,2.6685235508488745,0.012887199040325648,14.418665043662426,2218.721872,0.5003696280402472,8.005914048643955,17931991,10052538,2189098351,0.808810133430826,1.2622229530724625,206,0,0,217.0,217,217,175.87180648690975,245,217,0.01877034234858579,0.8889552013914982
5,0,0.13645936535291958,7.73062060049933,212,0.9359431290107945,-0.05349134006979883,0.047816687367020716,0.25943396226415094,3.0986126246077292,0.4429762727991804,22.167175743623286,1664.4146235,0.3753613900757738,6.005782241212381,89381504,25926,2127675450,4.031491326115874,4.032660700532765,206,0,0,55.0,55,55,50.04980751084163,212,55,0.6451996486376174,0.6668659355210959
5,0,0.0892246719945561,8.049556655208969,265,0.9474168729482618,-0.007587768138871784,0.04446963832004228,0.26037735849056604,2.87806021089838,0.2224238590898313,17.779750740595624,1941.55395125,0.43786228488896184,7.005796558223389,45964417,5467019,2165651444,2.0731934477794534,2.3197795835219295,206,0,0,69.0,69,69,61.39925689648249,265,69,0.32396271436064056,0.7779048404071003
5,0,0.06407088908679913,6.269315195076749,77,0.9290585152846244,-0.01648979617361255,0.02102308204687168,1.0,2.801592886011136,0.14595653420258703,16.47086209236308,1941.55540925,0.43786261369940305,7.005801819190449,33168432,49253036,2134661412,1.4960393361568873,3.717563684403174,206,0,0,77.0,77,77,69.61098995141343,77,77,0.21258724307919133,0.7779054245707577
5,0,0.002559022625242912,8.206147808706456,295,0.9492562525797997,-0.016501342656914008,0.05232280360271065,0.5152542372881356,2.6967710467973567,0.04113469498880784,14.831763253117737,2218.708299,0.5003665670360505,8.005865072576809,60747851,101833,2156233196,2.739990081020336,2.744583188518419,206,0,0,151.74271844660194,151,152,126.02436732051076,295,152,0.05991312037072944,0.8889497632204949
6,0,0.029277372533242016,8.402384855490368,338,0.9155212992441091,-0.057480902898809944,0.057480902898809944,0.257396449704142,2.7770465036456504,0.12141015183710158,16.071483713502456,1941.55723175,0.4378630247124546,7.005808395399273,101422208,1111,2115659561,4.574579007168194,4.574629118059853,206,0,0,87.0,87,87,77.1951857633312,338,87,0.17683517632071838,0.7779061547753295
6,0,0.001679528823810371,8.4244472273238,344,0.9761056694680993,-0.0462422829622096,0.01575446235546893,0.5377906976744186,2.6818048153846044,0.026168463576055512,14.611440465383668,2218.715164,0.5003681152415916,8.005889843865466,54750876,67077,2162264927,2.4695006440174216,2.4725261060154864,206,0,0,184.74757281553397,184,185,143.45849060391905,344,185,0.03811464527878104,0.8889525137578808
6,0,inf,7.60481144142165,195,0.9375903364249083,-0.04912539127748876,0.047816687367020716,0.26153846153846155,3.205238677725072,0.5496023259165232,24.661385437442195,1664.4139975,0.37536124889927436,6.00577998238839,85536279,40914,2131505687,3.8580550944491527,3.8599004923081632,206,0,0,51.0,51,51,46.920079354722134,195,51,0.800501628069173,0.6668656847073444
6,0,0.0038829051351644134,7.280536308112417,155,0.9691030851672301,-0.02130198166305834,0.02584340511761722,1.0,2.6861742594560063,0.030537907647457452,14.67542402178735,2218.708976,0.5003667197141498,8.005867515426397,41665627,3710981,2171706272,1.879299478420942,2.0466807267033698,206,0,0,155.0,155,155,127.72244042121747,155,155,0.04447878700085539,0.8889500344679545
6,0,0.004492026707538436,7.7667457269799,218,0.9474168729482618,-0.00764251354008437,0.002194336887904691,0.4954128440366973,2.71928336996536,0.06364701815681117,15.169447467159245,1941.561059,0.4378638878398628,7.005822205437805,8707484,20919830,2187455566,0.3927450831247229,1.3363196417808252,206,0,0,108.0,108,108,93.64670836010279,218,108,0.09270255829305582,0.7779076882049303
6,0,0.17865186167578978,7.154365547476306,142,0.937402000106104,-0.005717230410883126,0.01807231074848787,0.9507042253521126,2.699622423985439,0.0439860721768901,14.874114555591348,2218.704816,0.500365781544441,8.005852504711056,21043563,24412937,2171626380,0.9491554506072412,2.0502842004715673,206,0,0,135.0,135,135,117.14803470326052,142,135,0.06406618154544841,0.8889483677184243
6,0,0.011879674170611348,7.6511038174441826,201,0.9720122934358837,-0.026648037599397146,0.01677218631005166,0.9701492537313433,2.6771377392029496,0.021501387394400773,14.543406642615318,2218.717296,0.5003685960535674,8.005897536857079,38379301,2157733,2176545846,1.7310720021436456,1.8283950665840691,206,0,0,195.0,195,195,157.08270257789914,201,195,0.03131699922532361,0.8889533679670149
6,0,0.1630417503766331,6.97668892331177,126,0.931799109695205,-0.0747885391526263,0.06763278688652759,0.5158730158730159,2.909973757640874,0.2543374058323251,18.356316847638276,1847.31570275,0.41660952763976056,6.665752442236169,125573732,76294,2091432854,5.663916903277879,5.667358091728172,0,206,0,65.0,65,65,58.4454756264054,126,65,0.3704451343217019,0.7401472547307196
6,0,0.16458850446498893,8.206308474579226,295,0.9474168729482618,-0.0248068494698558,0.006390263078634133,0.20677966101694914,2.9388119017839083,0.28317554997535943,18.89338577430019,1664.4155625,0.375361601840523,6.005785629448368,27577166,5285035,2184220679,1.2438491248464287,1.4822269973055766,206,0,0,61.0,61,61,55.36884135078702,295,61,0.4124481977157581,0.666866311741723
6,0,inf,8.153387705892893,285,0.9977074372587773,-0.008512693177708645,0.021993097540835276,0.9473684210526315,2.6648603177501564,0.00922396594160757,14.365942738639474,2495.8752085,0.5628736821286536,9.005978914058458,26972937,4488512,2185621431,1.2165957909521181,1.4190470407673708,206,0,0,270.0,270,270,207.25569813082237,285,270,0.01343480441280548,0.9999997190365125
6,0,0.0899652424976462,6.97668892331177,126,0.9826566003311612,-0.07012350095584881,0.06763278688652759,0.5158730158730159,2.8834571353854583,0.2278207835769095,17.875966112753712,1850.36890925,0.41729809154676256,6.676769464748201,121477518,101566,2095503796,5.479159985214445,5.483741049860978,0,206,0,65.0,65,65,56.470755199967876,126,65,0.3318233922267103,0.7413705553315519
6,0,0.011800073387937234,7.974394284790262,251,0.996750973243421,-0.020906747198162517,0.012404369836117233,0.49800796812749004,2.702248987478341,0.04661263566979201,14.913233713859077,1941.56415725,0.4378645865620504,7.0058333849928065,29456914,2844686,2184781280,1.328633866858419,1.4569414743755542,206,0,0,125.0,125,125,104.2180535757308,251,125,0.0678917991841452,0.7779089295527025
6,0,0.013101671210498367,7.884492070476755,236,0.9994261479572307,-0.023513569406470026,0.003252131048370148,0.5234042553191489,2.713077492986473,0.057441141177924315,15.075599248786455,1941.56379275,0.4378645043594401,7.005832069751041,23660822,11642121,2181779937,1.067205119548801,1.5923149882425685,206,0,0,123.0,123,123,99.6505782203662,235,123,0.08366363252629976,0.777908783511788
6,0,0.17802920084518614,7.936248907966116,245,0.9966263255733345,-0.014100725807764303,0.006165305533374091,0.8857142857142857,2.6685235508488745,0.012887199040325648,14.418665043662426,2218.721872,0.5003696280402472,8.005914048643955,17931991,10052538,2189098351,0.808810133430826,1.2622229530724625,206,0,0,217.0,217,217,175.87180648690975,245,217,0.01877034234858579,0.8889552013914982
6,0,0.14289568263787986,7.720152330334154,211,0.9785919559521951,-0.04912539127748876,0.04517828889928026,0.26066350710900477,3.0216093021424504,0.36597295033390154,20.52429491276232,1664.4146235,0.3753613900757738,6.005782241212381,83218270,38748,2133825862,3.753502891150375,3.75525059306759,206,0,0,55.0,55,55,49.00974868495021,211,55,0.5330434911879603,0.6668659355210959
6,0,0.039900159995884775,7.526663919332758,184,0.9997944815253567,-0.0036880781006687693,0.0032859751470129426,0.5300546448087432,2.749351736272785,0.093715384464236,15.632494619504978,1941.55905425,0.4378634357255061,7.005814971608098,6177423,30915079,2179990378,0.2786284200615901,1.6730318173761731,206,0,0,97.0,97,97,80.64740478437199,183,97,0.13649745334255328,0.7779068849799013
6,0,0.004319623197642907,7.953889485838784,248,0.9957338690417944,-0.024014785093855507,0.0064068007308358405,0.7540322580645161,2.681358533075628,0.025722181267079147,14.604921092843824,2218.715632,0.5003682207856839,8.005891532570942,26894102,8070246,2182118532,1.2130399924426822,1.5770428934077556,206,0,0,187.0,187,187,149.73029056577258,248,187,0.03746463035331962,0.8889527012672028
6,0,0.018039991653737483,8.446289627247516,349,0.9946752150732496,-0.020906747198162517,0.04622622223486578,0.2607449856733524,2.7643818335819663,0.10874548177341747,15.869227134642497,1941.55796075,0.4378631891176752,7.005811025882803,59273860,31194,2157777826,2.6735067297078223,2.674913713645202,206,0,0,91.0,91,91,76.64947021562801,349,91,0.15838894979132434,0.7779064468571583
6,0,0.05785012248000958,8.155244422516162,285,0.9977074372587773,-0.028844516405139596,0.038110378812870514,0.256140350877193,2.823088518747424,0.1674521669388751,16.828746389158432,1941.55468025,0.43786244929418244,7.005799188706919,59135995,37915,2157908970,2.6672884236064283,2.6689985536309764,206,0,0,73.0,73,73,62.967074817298425,285,73,0.24389586058382168,0.777905132488929
6,0,0.01171877409343959,8.432443974001446,345,0.9138866935007605,-0.057480902898809944,0.057480902898809944,0.2579710144927536,2.768847630905651,0.11321127909710205,15.940254365274212,1941.55759625,0.4378631069150649,7.005809710641039,101422208,883,2115659789,4.574579007168194,4.574618834276507,206,0,0,89.0,89,89,79.4394763391423,345,89,0.16489343104925014,0.7779063008162439
6,0,0.16908910245223205,7.974394284790262,251,0.997760131867897,-0.010481770019233186,0.012404369836117233,0.5059760956175299,2.7003249581639337,0.04468860635538485,14.88456780089261,1941.56452175,0.4378646687646607,7.005834700234571,20247854,7108011,2189727015,0.913265542874067,1.2338674952918314,206,0,0,127.0,127,127,104.3091709665114,251,127,0.0650894300419344,0.7779090755936169
6,0,0.012445787219060462,8.153387705892893,285,0.9977074372587773,-0.010705919249980192,0.021993097540835276,0.5157894736842106,2.687364763670802,0.03172841186225295,14.692905579808734,2218.707312,0.5003663444462663,8.00586151114026,28911335,2653277,2185518268,1.3040259009171546,1.4237001370016442,206,0,0,147.0,147,147,117.00693789150337,285,147,0.04621276904064711,0.8889493677681425
6,0,0.04869310603254274,7.782322123379092,220,0.9287897215229928,-0.0013561265860487122,0.02571748506872123,0.2636363636363636,2.9824431493448875,0.3268067975363387,19.735975727060456,1664.415093,0.3753614959581484,6.005783935330374,23925895,13258914,2179898071,1.079161055088748,1.6771952611893337,206,0,0,58.0,58,58,52.66758603035657,220,58,0.47599757343757393,0.6668661236314094
6,0,0.02782279181581344,6.7265058786902525,106,0.9966263255733345,-0.014100725807764303,0.007357643907962189,0.9809523809523809,2.721260888901465,0.06562453709291605,15.199475017014592,1941.56014775,0.43786368233333706,7.005818917333393,18985497,45657668,2152439715,0.8563277977231054,2.915685542617153,206,0,0,103.0,103,103,87.87772421097013,105,103,0.09558283563767901,0.7779073231026444
6,0,0.047098423985335765,8.049556655208969,265,0.9474168729482618,-0.048742072808292944,0.04446963832004228,0.26037735849056604,2.863008887696744,0.20737253588819504,17.514145832621942,1941.55395125,0.43786228488896184,7.005796558223389,82257829,13355,2134811696,3.710182859740453,3.7107852278395654,206,0,0,69.0,69,69,61.30764008793768,265,69,0.3020403021739513,0.7779048404071003
6,0,0.005743802991880191,7.825336142185762,227,0.9994261479572307,-0.017739373509452795,0.0032859751470129426,0.5154185022026432,2.7164077591069105,0.06077140729836161,15.125888698356395,1941.56269925,0.4378642577516092,7.005828124025747,18598083,12676392,2185808405,0.8388537554356109,1.410613706962547,206,0,0,117.0,117,117,96.27899132669451,227,117,0.0885142005199268,0.777908345389045
6,0,0.04260318026032974,8.179704469922415,290,0.9399236770698086,-0.011465217317871724,0.0009981958623687254,0.25862068965517243,2.800487689757615,0.14485133794906613,16.45266861282094,1941.55504475,0.4378625314967928,7.005800503948684,11027318,11381228,2194674334,0.49737960179458873,1.0107220709764355,206,0,0,75.0,75,75,66.84274363556055,290,75,0.21097751299152462,0.7779052785298434
6,0,0.169908527089583,7.6408448353578775,200,0.9239430719178727,-0.04912539127748876,0.04912539127748876,0.265,3.1368781100498158,0.4812417582412669,23.031851599312414,1664.4143105,0.37536131948752405,6.005781111800385,86687613,34031,2130361236,3.909985223466251,3.911520168339399,206,0,0,53.0,53,53,48.513283508673304,200,53,0.7009337348137737,0.6668658101142202
6,0,0.04037129900767302,5.911391291662541,60,0.9134552208413147,-0.013333878607017204,0.026356120711898443,1.0,2.968984409140329,0.31334805733178017,19.47213382947441,1664.415406,0.37536156654639813,6.00578506474237,35080988,71104194,2110897698,1.5823038604673183,4.789409676917446,206,0,0,60.0,60,60,55.2152540756505,60,60,0.4563947753097773,0.6668662490382852
6,0,0.004046669948090896,8.271048999627633,309,0.9980799566009686,-0.007446939539571762,0.021993097540835276,0.5339805825242718,2.6831707211314146,0.027534369322865793,14.631411952363866,2218.711056,0.5003671887990042,8.005875020784067,26032115,4469330,2186581435,1.1741606610574702,1.375746719942197,206,0,0,165.0,165,165,128.03975265017667,309,165,0.0401041015138639,0.8889508678427197
6,0,0.07375451867333703,7.5971368548126526,194,0.9458182832435982,-0.05825660660859802,0.04873467174964226,0.34536082474226804,2.8739897462875597,0.2183533944790108,17.707525988288353,1941.55358675,0.4378622026863515,7.005795242981624,94392285,33926,2122656669,4.257499160338111,4.259029369258402,206,0,0,67.0,67,67,60.04379567539351,194,67,0.3180340394000206,0.7779046943661859
7,0,0.02145228599137913,8.402384855490368,338,0.9155212992441091,-0.057480902898809944,0.057480902898809944,0.257396449704142,2.7770465036456504,0.12141015183710158,16.071483713502456,1941.55723175,0.4378630247124546,7.005808395399273,101422208,1111,2115659561,4.574579007168194,4.574629118059853,206,0,0,87.0,87,87,77.1951857633312,338,87,0.17683517632071838,0.7779061547753295
7,0,0.0012420550897549556,8.4244472273238,344,0.9761056694680993,-0.0462422829622096,0.01575446235546893,0.5377906976744186,2.6818048153846044,0.026168463576055512,14.611440465383668,2218.715164,0.5003681152415916,8.005889843865466,54750876,67077,2162264927,2.4695006440174216,2.4725261060154864,206,0,0,184.74757281553397,184,185,143.45849060391905,344,185,0.03811464527878104,0.8889525137578808
7,0,0.17447358932302273,7.60481144142165,195,0.9375903364249083,-0.04912539127748876,0.047816687367020716,0.26153846153846155,3.205238677725072,0.5496023259165232,24.661385437442195,1664.4139975,0.37536124889927436,6.00577998238839,85536279,40914,2131505687,3.8580550944491527,3.8599004923081632,206,0,0,51.0,51,51,46.920079354722134,195,51,0.800501628069173,0.6668656847073444
7,0,0.0028704367505283527,7.280536308112417,155,0.9691030851672301,-0.02130198166305834,0.02584340511761722,1.0,2.6861742594560063,0.030537907647457452,14.67542402178735,2218.708976,0.5003667197141498,8.005867515426397,41665627,3710981,2171706272,1.879299478420942,2.0466807267033698,206,0,0,155.0,155,155,127.72244042121747,155,155,0.04447878700085539,0.8889500344679545
7,0,0.17551566152716352,7.154365547476306,142,0.937402000106104,-0.005717230410883126,0.01807231074848787,0.9507042253521126,2.699622423985439,0.0439860721768901,14.874114555591348,2218.704816,0.500365781544441,8.005852504711056,21043563,24412937,2171626380,0.9491554506072412,2.0502842004715673,206,0,0,135.0,135,135,117.14803470326052,142,135,0.06406618154544841,0.8889483677184243
7,0,0.005649704678208206,7.6511038174441826,201,0.9720122934358837,-0.026648037599397146,0.01677218631005166,0.9701492537313433,2.6771377392029496,0.021501387394400773,14.543406642615318,2218.717296,0.5003685960535674,8.005897536857079,38379301,2157733,2176545846,1.7310720021436456,1.8283950665840691,206,0,0,195.0,195,195,157.08270257789914,201,195,0.03131699922532361,0.8889533679670149
7,0,0.1494289636515269,6.97668892331177,126,0.931799109695205,-0.0747885391526263,0.06763278688652759,0.5158730158730159,2.909973757640874,0.2543374058323251,18.356316847638276,1847.31570275,0.41660952763976056,6.665752442236169,125573732,76294,2091432854,5.663916903277879,5.667358091728172,0,206,0,65.0,65,65,58.4454756264054,126,65,0.3704451343217019,0.7401472547307196
7,0,0.15033799372514206,8.206308474579226,295,0.9474168729482618,-0.0248068494698558,0.006390263078634133,0.20677966101694914,2.9388119017839083,0.28317554997535943,18.89338577430019,1664.4155625,0.375361601840523,6.005785629448368,27577166,5285035,2184220679,1.2438491248464287,1.4822269973055766,206,0,0,61.0,61,61,55.36884135078702,295,61,0.4124481977157581,0.666866311741723
7,0,0.06155073953059496,6.97668892331177,126,0.9826566003311612,-0.07012350095584881,0.06763278688652759,0.5158730158730159,2.8834571353854583,0.2278207835769095,17.875966112753712,1850.36890925,0.41729809154676256,6.676769464748201,121477518,101566,2095503796,5.479159985214445,5.483741049860978,0,206,0,65.0,65,65,56.470755199967876,126,65,0.3318233922267103,0.7413705553315519
7,0,0.004525561044919377,7.974394284790262,251,0.996750973243421,-0.020906747198162517,0.012404369836117233,0.49800796812749004,2.702248987478341,0.04661263566979201,14.913233713859077,1941.56415725,0.4378645865620504,7.0058333849928065,29456914,2844686,2184781280,1.328633866858419,1.4569414743755542,206,0,0,125.0,125,125,104.2180535757308,251,125,0.0678917991841452,0.7779089295527025
7,0,0.00359067681811222,7.936248907966116,245,0.9966263255733345,-0.014100725807764303,0.006165305533374091,0.8857142857142857,2.6685235508488745,0.012887199040325648,14.418665043662426,2218.721872,0.5003696280402472,8.005914048643955,17931991,10052538,2189098351,0.808810133430826,1.2622229530724625,206,0,0,217.0,217,217,175.87180648690975,245,217,0.01877034234858579,0.8889552013914982
7,0,0.10561411047637799,7.720152330334154,211,0.9785919559521951,-0.04912539127748876,0.04517828889928026,0.26066350710900477,3.0216093021424504,0.36597295033390154,20.52429491276232,1664.4146235,0.3753613900757738,6.005782241212381,83218270,38748,2133825862,3.753502891150375,3.75525059306759,206,0,0,55.0,55,55,49.00974868495021,211,55,0.5330434911879603,0.6668659355210959
7,0,0.030724603712972424,7.526663919332758,184,0.9997944815253567,-0.0036880781006687693,0.0032859751470129426,0.5300546448087432,2.749351736272785,0.093715384464236,15.632494619504978,1941.55905425,0.4378634357255061,7.005814971608098,6177423,30915079,2179990378,0.2786284200615901,1.6730318173761731,206,0,0,97.0,97,97,80.64740478437199,183,97,0.13649745334255328,0.7779068849799013
7,0,0.003192961556397932,7.953889485838784,248,0.9957338690417944,-0.024014785093855507,0.0064068007308358405,0.7540322580645161,2.681358533075628,0.025722181267079147,14.604921092843824,2218.715632,0.5003682207856839,8.005891532570942,26894102,8070246,2182118532,1.2130399924426822,1.5770428934077556,206,0,0,187.0,187,187,149.73029056577258,248,187,0.03746463035331962,0.8889527012672028
7,0,0.013333559865287545,8.446289627247516,349,0.9946752150732496,-0.020906747198162517,0.04622622223486578,0.2607449856733524,2.7643818335819663,0.10874548177341747,15.869227134642497,1941.55796075,0.4378631891176752,7.005811025882803,59273860,31194,2157777826,2.6735067297078223,2.674913713645202,206,0,0,91.0,91,91,76.64947021562801,349,91,0.15838894979132434,0.7779064468571583
7,0,0.03127510357995743,8.155244422516162,285,0.9977074372587773,-0.028844516405139596,0.038110378812870514,0.256140350877193,2.823088518747424,0.1674521669388751,16.828746389158432,1941.55468025,0.43786244929418244,7.005799188706919,59135995,37915,2157908970,2.6672884236064283,2.6689985536309764,206,0,0,73.0,73,73,62.967074817298425,285,73,0.24389586058382168,0.777905132488929
7,0,0.008661442958608524,8.432443974001446,345,0.9138866935007605,-0.057480902898809944,0.057480902898809944,0.2579710144927536,2.768847630905651,0.11321127909710205,15.940254365274212,1941.55759625,0.4378631069150649,7.005809710641039,101422208,883,2115659789,4.574579007168194,4.574618834276507,206,0,0,89.0,89,89,79.4394763391423,345,89,0.16489343104925014,0.7779063008162439
7,0,0.16844750596580885,7.974394284790262,251,0.997760131867897,-0.010481770019233186,0.012404369836117233,0.5059760956175299,2.7003249581639337,0.04468860635538485,14.88456780089261,1941.56452175,0.4378646687646607,7.005834700234571,20247854,7108011,2189727015,0.913265542874067,1.2338674952918314,206,0,0,127.0,127,127,104.3091709665114,251,127,0.0650894300419344,0.7779090755936169
7,0,0.009199315492585836,8.153387705892893,285,0.9977074372587773,-0.010705919249980192,0.021993097540835276,0.5157894736842106,2.687364763670802,0.03172841186225295,14.692905579808734,2218.707312,0.5003663444462663,8.00586151114026,28911335,2653277,2185518268,1.3040259009171546,1.4237001370016442,206,0,0,147.0,147,147,117.00693789150337,285,147,0.04621276904064711,0.8889493677681425
7,0,0.035989125410808155,7.782322123379092,220,0.9287897215229928,-0.0013561265860487122,0.02571748506872123,0.2636363636363636,2.9824431493448875,0.3268067975363387,19.735975727060456,1664.415093,0.3753614959581484,6.005783935330374,23925895,13258914,2179898071,1.079161055088748,1.6771952611893337,206,0,0,58.0,58,58,52.66758603035657,220,58,0.47599757343757393,0.6668661236314094
7,0,0.01513727734234426,8.049556655208969,265,0.9474168729482618,-0.048742072808292944,0.04446963832004228,0.26037735849056604,2.863008887696744,0.20737253588819504,17.514145832621942,1941.55395125,0.43786228488896184,7.005796558223389,82257829,13355,2134811696,3.710182859740453,3.7107852278395654,206,0,0,69.0,69,69,61.30764008793768,265,69,0.3020403021739513,0.7779048404071003
7,0,0.12557923931543447,7.6408448353578775,200,0.9239430719178727,-0.04912539127748876,0.04912539127748876,0.265,3.1368781100498158,0.4812417582412669,23.031851599312414,1664.4143105,0.37536131948752405,6.005781111800385,86687613,34031,2130361236,3.909985223466251,3.911520168339399,206,0,0,53.0,53,53,48.513283508673304,200,53,0.7009337348137737,0.6668658101142202
7,0,0.029838441045601745,5.911391291662541,60,0.9134552208413147,-0.013333878607017204,0.026356120711898443,1.0,2.968984409140329,0.31334805733178017,19.47213382947441,1664.415406,0.37536156654639813,6.00578506474237,35080988,71104194,2110897698,1.5823038604673183,4.789409676917446,206,0,0,60.0,60,60,55.2152540756505,60,60,0.4563947753097773,0.6668662490382852
7,0,0.002991858462571278,8.271048999627633,309,0.9980799566009686,-0.007446939539571762,0.021993097540835276,0.5339805825242718,2.6831707211314146,0.027534369322865793,14.631411952363866,2218.711056,0.5003671887990042,8.005875020784067,26032115,4469330,2186581435,1.1741606610574702,1.375746719942197,206,0,0,165.0,165,165,128.03975265017667,309,165,0.0401041015138639,0.8889508678427197
7,0,0.06881570618915843,7.5971368548126526,194,0.9458182832435982,-0.05825660660859802,0.04873467174964226,0.34536082474226804,2.8739897462875597,0.2183533944790108,17.707525988288353,1941.55358675,0.4378622026863515,7.005795242981624,94392285,33926,2122656669,4.257499160338111,4.259029369258402,206,0,0,67.0,67,67,60.04379567539351,194,67,0.3180340394000206,0.7779046943661859
7,0,0.004890560812823701,7.978031800232151,252,0.9994261479572307,-0.023513569406470026,0.001698229824039943,0.4820717131474104,2.706941558957158,0.05130520714860909,14.98337958257416,1941.56342825,0.4378644221568298,7.005830754509277,22284570,12074509,2182723801,1.0051302186772557,1.549742651028003,206,0,0,121.0,121,121,100.73175619378414,251,121,0.07472657940884639,0.7779086374708737
7,0,0.006879432859874096,7.7667457269799,218,0.9474168729482618,-0.005057386855938701,0.002194336887904691,0.4954128440366973,2.719279083788657,0.06364273198010828,15.169382448366257,1941.561059,0.4378638878398628,7.005822205437805,6421969,23202579,2187458332,0.2896584993701273,1.3361948832512747,206,0,0,108.0,108,108,93.64670836010279,218,108,0.09269631543114083,0.7779076882049303
7,0,0.008438704039248398,7.974394284790262,251,0.996750973243421,-0.023558395511626803,0.0071065612975109264,0.44621513944223107,2.709398192315784,0.05376184050723509,15.020233502431532,1941.561788,0.4378640522450834,7.005824835921334,27110572,7250672,2182721636,1.2228037230615394,1.5498403018654856,206,0,0,112.0,112,112,95.62798897767426,251,112,0.07830469200120076,0.7779079802867591
7,0,0.019969923119481685,6.97668892331177,126,0.9826566003311612,-0.07042138051417084,0.06763278688652759,0.5158730158730159,2.8836427342909166,0.2280063824823677,17.879284180403584,1850.17297325,0.41725390375347626,6.67606246005562,121739276,101056,2095242548,5.490966399957046,5.495524461403987,0,206,0,65.0,65,65,56.46834720326052,126,65,0.3320937190047846,0.7412920514286798
7,0,0.01564325486272874,8.162015273581547,286,0.9424066289042671,-0.048742072808292944,0.03689110370531178,0.25874125874125875,2.806123741906506,0.15048739009795709,16.54565851292183,1941.5548625,0.4378624903954876,7.005799846327801,75583365,14126,2141485389,3.4091357468783485,3.409772890402726,206,0,0,74.0,74,74,65.61617862592355,286,74,0.2191864828381246,0.7779052055093861
7,0,0.02056702995851698,6.7265058786902525,106,0.9913991383073201,-0.005414557515047974,0.00765546269665847,0.9809523809523809,2.7194562929691077,0.06381994116055889,15.172070840394712,1941.56014775,0.43786368233333706,7.005818917333393,11569455,52734086,2152779339,0.5218323186907654,2.90036703544434,206,0,0,103.0,103,103,88.23066701132348,105,103,0.0929544224855878,0.7779073231026444
7,0,0.16917371780975535,7.937801869299549,245,0.9974225703301599,-0.014100725807764303,0.006165305533374091,0.9020408163265307,2.6678528797352787,0.012216527926729892,14.408998103552122,2218.722704,0.5003698156741889,8.005917050787023,17931991,10074234,2189076655,0.808810133430826,1.2632015362456814,206,0,0,221.0,221,221,178.78657795936397,245,221,0.017793502744719355,0.8889555347414041
7,0,0.171454678293765,8.153387705892893,285,0.9977074372587773,-0.008512693177708645,0.021672794957813477,0.9473684210526315,2.664846221819469,0.009209870010919996,14.365740238733583,2495.8752085,0.5628736821286536,9.005978914058458,26690771,4490861,2185901248,1.2038688873913455,1.4064260872376588,206,0,0,270.0,270,270,207.25574204946997,285,270,0.013414273539968042,0.9999997190365125
7,0,0.005893747990763683,7.825336142185762,227,0.9994261479572307,-0.017739373509452795,0.0032859751470129426,0.8634361233480177,2.673098822716218,0.017462470907668948,14.484785500391899,2218.717504,0.5003686429620529,8.005898287392846,18598083,12676392,2185808405,0.8388537554356109,1.410613706962547,206,0,0,196.0,196,196,161.07678610865725,227,196,0.02543427444268628,0.8889534513044915
7,0,inf,8.777240412043028,439,0.9835205573271166,-0.028515771836868927,0.009848932341767244,0.979498861047836,2.660872339678207,0.005235987869657954,14.308765760061677,2495.9126085,0.5628821166351706,9.00611386616273,33909874,170763,2183002243,1.529481568140565,1.5371837159285628,206,0,0,430.0,430,430,309.2374932239801,439,430,0.007626271972597601,1.0000147037558462
7,0,0.019886513905391135,8.18118378501718,290,0.9397202934253515,-0.011465217317871724,0.015074371380362165,0.25862068965517243,2.800214280136399,0.1445779283278501,16.44817090981317,1941.55504475,0.4378625314967928,7.005800503948684,23479111,1407221,2192196548,1.0590091697429012,1.122480906081418,206,0,0,75.0,75,75,66.85262156681658,290,75,0.21057928897282488,0.7779052785298434
7,0,inf,7.588058204558909,192,0.9390676039910946,-0.04924767767377425,0.04912539127748876,0.2604166666666667,3.3920040419466275,0.7363676901380787,29.725463694883434,1664.413841,0.37536121360514946,6.005779417682391,86795387,42751,2130244742,3.9148462956874215,3.916774550169275,206,0,0,50.0,50,50,45.617673114760684,192,50,1.0725273657277052,0.6668656220039065
7,0,0.027300833646409423,7.952809278643662,248,0.9987021519109515,-0.028844516405139596,0.03844729073351379,0.291497975708502,2.8518558608419906,0.19621950903344176,17.31989534781356,1941.554498,0.4378624081928773,7.005798531086037,59432787,64911,2157585182,2.6806750228480407,2.6836027889043104,206,0,0,72.0,72,72,62.81446253613877,247,72,0.28579580004190386,0.7779050594684718
8,0,0.000986025100435319,8.4244472273238,344,0.9761056694680993,-0.0462422829622096,0.01575446235546893,0.5377906976744186,2.6818048153846044,0.026168463576055512,14.611440465383668,2218.715164,0.5003681152415916,8.005889843865466,54750876,67077,2162264927,2.4695006440174216,2.4725261060154864,206,0,0,184.74757281553397,184,185,143.45849060391905,344,185,0.03811464527878104,0.8889525137578808
8,0,0.09481574741463546,7.60481144142165,195,0.9375903364249083,-0.04912539127748876,0.047816687367020716,0.26153846153846155,3.205238677725072,0.5496023259165232,24.661385437442195,1664.4139975,0.37536124889927436,6.00577998238839,85536279,40914,2131505687,3.8580550944491527,3.8599004923081632,206,0,0,51.0,51,51,46.920079354722134,195,51,0.800501628069173,0.6668656847073444
8,0,0.002277893023219068,7.280536308112417,155,0.9691030851672301,-0.02130198166305834,0.02584340511761722,1.0,2.6861742594560063,0.030537907647457452,14.67542402178735,2218.708976,0.5003667197141498,8.005867515426397,41665627,3710981,2171706272,1.879299478420942,2.0466807267033698,206,0,0,155.0,155,155,127.72244042121747,155,155,0.04447878700085539,0.8889500344679545
8,0,0.004482754292205724,7.6511038174441826,201,0.9720122934358837,-0.026648037599397146,0.01677218631005166,0.9701492537313433,2.6771377392029496,0.021501387394400773,14.543406642615318,2218.717296,0.5003685960535674,8.005897536857079,38379301,2157733,2176545846,1.7310720021436456,1.8283950665840691,206,0,0,195.0,195,195,157.08270257789914,201,195,0.03131699922532361,0.8889533679670149
8,0,0.1322370539148502,6.97668892331177,126,0.931799109695205,-0.0747885391526263,0.06763278688652759,0.5158730158730159,2.909973757640874,0.2543374058323251,18.356316847638276,1847.31570275,0.41660952763976056,6.665752442236169,125573732,76294,2091432854,5.663916903277879,5.667358091728172,0,206,0,65.0,65,65,58.4454756264054,126,65,0.3704451343217019,0.7401472547307196
8,0,0.0015364572505196649,6.97668892331177,126,0.9826566003311612,-0.07012350095584881,0.06763278688652759,0.5158730158730159,2.8834571353854583,0.2278207835769095,17.875966112753712,1850.36890925,0.41729809154676256,6.676769464748201,121477518,101566,2095503796,5.479159985214445,5.483741049860978,0,206,0,65.0,65,65,56.470755199967876,126,65,0.3318233922267103,0.7413705553315519
8,0,0.0017929963472369053,7.974394284790262,251,0.996750973243421,-0.020906747198162517,0.012404369836117233,0.49800796812749004,2.702248987478341,0.04661263566979201,14.913233713859077,1941.56415725,0.4378645865620504,7.0058333849928065,29456914,2844686,2184781280,1.328633866858419,1.4569414743755542,206,0,0,125.0,125,125,104.2180535757308,251,125,0.0678917991841452,0.7779089295527025
8,0,0.0028495182394304647,7.936248907966116,245,0.9966263255733345,-0.014100725807764303,0.006165305533374091,0.8857142857142857,2.6685235508488745,0.012887199040325648,14.418665043662426,2218.721872,0.5003696280402472,8.005914048643955,17931991,10052538,2189098351,0.808810133430826,1.2622229530724625,206,0,0,217.0,217,217,175.87180648690975,245,217,0.01877034234858579,0.8889552013914982
8,0,0.06994776144689636,7.720152330334154,211,0.9785919559521951,-0.04912539127748876,0.04517828889928026,0.26066350710900477,3.0216093021424504,0.36597295033390154,20.52429491276232,1664.4146235,0.3753613900757738,6.005782241212381,83218270,38748,2133825862,3.753502891150375,3.75525059306759,206,0,0,55.0,55,55,49.00974868495021,211,55,0.5330434911879603,0.6668659355210959
8,0,0.024377422677460278,7.526663919332758,184,0.9997944815253567,-0.0036880781006687693,0.0032859751470129426,0.5300546448087432,2.749351736272785,0.093715384464236,15.632494619504978,1941.55905425,0.4378634357255061,7.005814971608098,6177423,30915079,2179990378,0.2786284200615901,1.6730318173761731,206,0,0,97.0,97,97,80.64740478437199,183,97,0.13649745334255328,0.7779068849799013
8,0,0.0025335865764406318,7.953889485838784,248,0.9957338690417944,-0.024014785093855507,0.0064068007308358405,0.7540322580645161,2.681358533075628,0.025722181267079147,14.604921092843824,2218.715632,0.5003682207856839,8.005891532570942,26894102,8070246,2182118532,1.2130399924426822,1.5770428934077556,206,0,0,187.0,187,187,149.73029056577258,248,187,0.03746463035331962,0.8889527012672028
8,0,0.010565661204861439,8.446289627247516,349,0.9946752150732496,-0.020906747198162517,0.04622622223486578,0.2607449856733524,2.7643818335819663,0.10874548177341747,15.869227134642497,1941.55796075,0.4378631891176752,7.005811025882803,59273860,31194,2157777826,2.6735067297078223,2.674913713645202,206,0,0,91.0,91,91,76.64947021562801,349,91,0.15838894979132434,0.7779064468571583
8,0,0.014256635552430525,8.155244422516162,285,0.9977074372587773,-0.028844516405139596,0.038110378812870514,0.256140350877193,2.823088518747424,0.1674521669388751,16.828746389158432,1941.55468025,0.43786244929418244,7.005799188706919,59135995,37915,2157908970,2.6672884236064283,2.6689985536309764,206,0,0,73.0,73,73,62.967074817298425,285,73,0.24389586058382168,0.777905132488929
8,0,0.14316454622202746,7.974394284790262,251,0.997760131867897,-0.010481770019233186,0.012404369836117233,0.5059760956175299,2.7003249581639337,0.04468860635538485,14.88456780089261,1941.56452175,0.4378646687646607,7.005834700234571,20247854,7108011,2189727015,0.913265542874067,1.2338674952918314,206,0,0,127.0,127,127,104.3091709665114,251,127,0.0650894300419344,0.7779090755936169
8,0,0.03221117027867115,8.153387705892893,285,0.9977074372587773,-0.010705919249980192,0.021993097540835276,0.5157894736842106,2.687364763670802,0.03172841186225295,14.692905579808734,2218.707312,0.5003663444462663,8.00586151114026,28911335,2653277,2185518268,1.3040259009171546,1.4237001370016442,206,0,0,147.0,147,147,117.00693789150337,285,147,0.04621276904064711,0.8889493677681425
8,0,0.09963566970405204,7.6408448353578775,200,0.9239430719178727,-0.04912539127748876,0.04912539127748876,0.265,3.1368781100498158,0.4812417582412669,23.031851599312414,1664.4143105,0.37536131948752405,6.005781111800385,86687613,34031,2130361236,3.909985223466251,3.911520168339399,206,0,0,53.0,53,53,48.513283508673304,200,53,0.7009337348137737,0.6668658101142202
8,0,0.018014096913211996,5.911391291662541,60,0.9134552208413147,-0.013333878607017204,0.026356120711898443,1.0,2.968984409140329,0.31334805733178017,19.47213382947441,1664.415406,0.37536156654639813,6.00578506474237,35080988,71104194,2110897698,1.5823038604673183,4.789409676917446,206,0,0,60.0,60,60,55.2152540756505,60,60,0.4563947753097773,0.6668662490382852
8,0,0.002374533613548154,8.271048999627633,309,0.9980799566009686,-0.007446939539571762,0.021993097540835276,0.5339805825242718,2.6831707211314146,0.027534369322865793,14.631411952363866,2218.711056,0.5003671887990042,8.005875020784067,26032115,4469330,2186581435,1.1741606610574702,1.375746719942197,206,0,0,165.0,165,165,128.03975265017667,309,165,0.0401041015138639,0.8889508678427197
8,0,0.005458401863807972,7.7667457269799,218,0.9474168729482618,-0.005057386855938701,0.002194336887904691,0.4954128440366973,2.719279083788657,0.06364273198010828,15.169382448366257,1941.561059,0.4378638878398628,7.005822205437805,6421969,23202579,2187458332,0.2896584993701273,1.3361948832512747,206,0,0,108.0,108,108,93.64670836010279,218,108,0.09269631543114083,0.7779076882049303
8,0,0.00849338740079753,7.974394284790262,251,0.996750973243421,-0.023558395511626803,0.0071065612975109264,0.44621513944223107,2.709398192315784,0.05376184050723509,15.020233502431532,1941.561788,0.4378640522450834,7.005824835921334,27110572,7250672,2182721636,1.2228037230615394,1.5498403018654856,206,0,0,112.0,112,112,95.62798897767426,251,112,0.07830469200120076,0.7779079802867591
8,0,0.016223594970123274,6.97668892331177,126,0.9826566003311612,-0.07042138051417084,0.06763278688652759,0.5158730158730159,2.8836427342909166,0.2280063824823677,17.879284180403584,1850.17297325,0.41725390375347626,6.67606246005562,121739276,101056,2095242548,5.490966399957046,5.495524461403987,0,206,0,65.0,65,65,56.46834720326052,126,65,0.3320937190047846,0.7412920514286798
8,0,0.012411531181070612,8.162015273581547,286,0.9424066289042671,-0.048742072808292944,0.03689110370531178,0.25874125874125875,2.806123741906506,0.15048739009795709,16.54565851292183,1941.5548625,0.4378624903954876,7.005799846327801,75583365,14126,2141485389,3.4091357468783485,3.409772890402726,206,0,0,74.0,74,74,65.61617862592355,286,74,0.2191864828381246,0.7779052055093861
8,0,0.01631829823634557,6.7265058786902525,106,0.9913991383073201,-0.005414557515047974,0.00765546269665847,0.9809523809523809,2.7194562929691077,0.06381994116055889,15.172070840394712,1941.56014775,0.43786368233333706,7.005818917333393,11569455,52734086,2152779339,0.5218323186907654,2.90036703544434,206,0,0,103.0,103,103,88.23066701132348,105,103,0.0929544224855878,0.7779073231026444
8,0,0.16716746921079081,7.937801869299549,245,0.9974225703301599,-0.014100725807764303,0.006165305533374091,0.9020408163265307,2.6678528797352787,0.012216527926729892,14.408998103552122,2218.722704,0.5003698156741889,8.005917050787023,17931991,10074234,2189076655,0.808810133430826,1.2632015362456814,206,0,0,221.0,221,221,178.78657795936397,245,221,0.017793502744719355,0.8889555347414041
8,0,0.003081263229229178,8.153387705892893,285,0.9977074372587773,-0.008512693177708645,0.021672794957813477,0.9473684210526315,2.664846221819469,0.009209870010919996,14.365740238733583,2495.8752085,0.5628736821286536,9.005978914058458,26690771,4490861,2185901248,1.2038688873913455,1.4064260872376588,206,0,0,270.0,270,270,207.25574204946997,285,270,0.013414273539968042,0.9999997190365125
8,0,0.004676716159146711,7.825336142185762,227,0.9994261479572307,-0.017739373509452795,0.0032859751470129426,0.8634361233480177,2.673098822716218,0.017462470907668948,14.484785500391899,2218.717504,0.5003686429620529,8.005898287392846,18598083,12676392,2185808405,0.8388537554356109,1.410613706962547,206,0,0,196.0,196,196,161.07678610865725,227,196,0.02543427444268628,0.8889534513044915
8,0,inf,8.777240412043028,439,0.9835205573271166,-0.028515771836868927,0.009848932341767244,0.979498861047836,2.660872339678207,0.005235987869657954,14.308765760061677,2495.9126085,0.5628821166351706,9.00611386616273,33909874,170763,2183002243,1.529481568140565,1.5371837159285628,206,0,0,430.0,430,430,309.2374932239801,439,430,0.007626271972597601,1.0000147037558462
8,0,0.017542536782049787,8.18118378501718,290,0.9397202934253515,-0.011465217317871724,0.015074371380362165,0.25862068965517243,2.800214280136399,0.1445779283278501,16.44817090981317,1941.55504475,0.4378625314967928,7.005800503948684,23479111,1407221,2192196548,1.0590091697429012,1.122480906081418,206,0,0,75.0,75,75,66.85262156681658,290,75,0.21057928897282488,0.7779052785298434
8,0,0.026088695594888675,7.782322123379092,220,0.946226972336868,-0.0005491885960029978,0.024423942209057067,0.2545454545454545,3.0079638318544957,0.35232748004594683,20.246133394812933,1664.41478,0.3753614253698987,6.005782805918379,22070242,14267790,2180744848,0.9954631014966838,1.6390019664037097,206,0,0,56.0,56,56,51.289267035415996,220,56,0.5131687187094022,0.6668659982245337
8,0,inf,7.557232597200803,188,0.9344631302756294,-0.05197464177374965,0.042836715109903056,0.26063829787234044,3.582380018061874,0.926743666253325,35.95902220545995,1664.4136845,0.3753611783110246,6.005778852976394,83664349,52868,2133365663,3.77362297795561,3.7760075527713246,206,0,0,49.0,49,49,45.09731744900417,188,49,1.3498119979777141,0.6668655593004688
8,0,0.002465467024302669,8.147342462684174,284,0.9508384204365997,-0.024468317796470487,0.006390263078634133,0.20774647887323944,2.971195465072982,0.3155591132644333,19.5152354389747,1664.4152495,0.3753615312522733,6.0057845000363725,27279142,5785132,2184018606,1.2304069570912928,1.4913413611312536,206,0,0,59.0,59,59,53.32739971490523,284,59,0.4596152017715635,0.6668661863348473
8,0,0.1682897460363642,8.176843346351252,289,0.9977074372587773,-0.01906066298617836,0.006283653553560871,0.8996539792387543,2.667583597888583,0.01194724608003428,14.405118544304646,2495.872871,0.5628731549719963,9.00597047955194,22417670,6226342,2188438868,1.0111336027275624,1.2919684806731266,206,0,0,260.0,260,260,205.8443698803405,289,260,0.017401290873472558,0.999998782491554
8,0,0.0019102055701958713,8.594204901494745,386,0.9990246491530526,-0.007446939539571762,0.021993097540835276,0.9714285714285714,2.661934314498566,0.006297962690017034,14.323969380511452,2495.8995185,0.5628791645578897,9.006066632926235,26032115,2345250,2188705515,1.1741606610574702,1.279941550944636,206,0,0,374.0,374,374,273.02123654834566,385,374,0.009173049583569777,1.0000094591040796
8,0,0.005108029749084434,6.403643994474433,85,0.9835205573271166,-0.026066373502059533,0.020958087738966482,1.0,2.7688219883876366,0.11318563657908776,15.939845622255122,1941.55686725,0.4378629425098443,7.005807080157509,41559679,37624394,2137898807,1.8745207666751726,3.5715432072616067,206,0,0,85.0,85,85,73.41172853758432,85,85,0.16485608244927105,0.7779060087344152
8,0,0.012975047293001526,8.11109695681499,276,0.9802311658218252,-0.052461354994051385,0.05399670495529491,0.25,2.8427345059706517,0.18709815416210285,17.162632750332403,1941.55395125,0.43786228488896184,7.005796558223389,93915161,8018,2123159701,4.235978810138121,4.236340456519153,206,0,0,69.0,69,69,60.87234982332156,276,69,0.27251044974334543,0.7779048404071003
8,0,0.12518650795536737,8.747138770306805,430,0.9481688787855518,-0.049653918755160606,0.049815577608965045,0.14651162790697675,2.9214925761332324,0.2658562243246836,18.568982406155172,1664.4158755,0.3753616724287727,6.0057867588603635,87758301,535,2129324044,3.9582778700632066,3.9583020008706216,206,0,0,63.0,63,63,56.84022897928044,430,63,0.38722241586102124,0.6668664371485987
8,0,0.06824291308605998,7.975795243044214,252,0.996750973243421,-0.023558395511626803,0.007362476738220224,0.2589641434262948,2.8815600158065253,0.22592366399797648,17.842085415477502,1915.7771075,0.43204905075537814,6.91278481208605,27336638,7031515,2182714727,1.233000274667224,1.5501519275634839,0,206,0,65.0,65,65,56.583570912303244,251,65,0.32906021740017505,0.7675770658373373
8,0,0.03656652428075459,7.589194968611183,193,0.9240048549305846,-0.04912539127748876,0.04912539127748876,0.3471502590673575,2.856310737732858,0.2006743859243092,17.39722546954629,1941.55358675,0.4378622026863515,7.005795242981624,86687613,38647,2130356620,3.909985223466251,3.9117283698478604,206,0,0,67.0,67,67,60.6939133773691,193,67,0.29228437557338505,0.7779046943661859
8,0,0.0005840872638952568,8.712553010987593,420,0.9987280889559659,-0.007446939539571762,0.031311795781376967,0.9570405727923628,2.661359618335569,0.005723266527020154,14.31573981524588,2495.905828625,0.5628805876271527,9.006089402034442,34251539,1633706,2181197635,1.5448921332160572,1.6185793198673746,206,0,0,400.99514563106794,400,401,290.24155130701894,419,401,0.008335998515132372,1.0000119873247235
8,0,0.025768832123681615,5.931083250726314,61,0.9446701463064288,-0.03613394859412042,0.03221415878842501,1.0,2.9379955547055094,0.2823592028969606,18.87796850779871,1664.4155625,0.375361601840523,6.005785629448368,60368766,46327186,2110386928,2.7228917125551932,4.812447606830107,206,0,0,61.0,61,61,55.55638903389014,61,61,0.41125917952112434,0.666866311741723
8,0,0.017034210494725605,7.337933469339298,162,0.937722592431386,-0.007446939539571762,0.043488849215542975,0.5123456790123457,2.773794395025614,0.11815804321706525,16.019302398423328,1941.55650275,0.437862860307234,7.005805764915744,44976829,13262105,2158843946,2.0286489695865586,2.626827103549688,206,0,0,83.0,83,83,73.31431572237392,162,83,0.17209844555696924,0.7779058626935008
8,0,0.019950396489812495,7.782322123379092,220,0.9290950807193046,-0.02829916542604846,0.00842892494095252,0.2636363636363636,2.9735279558458503,0.31789160403730143,19.560807673313143,1664.415093,0.3753614959581484,6.005783935330374,32462832,7027521,2177592527,1.4642137329570648,1.7811852392275025,206,0,0,58.0,58,58,52.65849863475747,220,58,0.4630124993685552,0.6668661236314094
8,0,0.20463295969502054,7.586146086791495,192,0.9372768129066757,-0.04912539127748876,0.04912539127748876,0.2604166666666667,3.3116244682755536,0.6559881164670047,27.429647892293275,1664.413841,0.37536121360514946,6.005779417682391,86687613,42576,2130352691,3.909985223466251,3.9119055846933426,206,0,0,50.0,50,50,45.64353994338259,192,50,0.9554536625189352,0.6668656220039065
8,0,0.010660136425047562,8.153387705892893,285,0.9977074372587773,-0.008512693177708645,0.021993097540835276,0.25263157894736843,2.832398536208786,0.17676218440023694,16.986153908311817,1941.554498,0.4378624081928773,7.005798531086037,26972937,4488512,2185621431,1.2165957909521181,1.4190470407673708,206,0,0,72.0,72,72,62.83549580388693,285,72,0.2574559999495793,0.7779050594684718
8,0,0.17368458484494037,7.052110849131344,133,0.9832094759520739,-0.024014785093855507,0.0064068007308358405,0.9699248120300752,2.696304818858271,0.04066846704972216,14.824849882431742,2174.28292075,0.49034768622407116,7.8455629795851385,26894102,23872352,2166316426,1.2130399924426822,2.289786027304491,0,206,0,129.0,129,129,109.73319421578863,133,129,0.05923405442306074,0.8711502491996036
8,0,0.003880505135040726,7.048955786475543,132,0.9452871179347714,-0.014100725807764303,0.0027751848784569873,0.9166666666666666,2.7036282660964646,0.047991914287915716,14.933817410310665,1941.56342825,0.4378644221568298,7.005830754509277,14930145,34190179,2167962556,0.6734139320944105,2.215538464669395,206,0,0,121.0,121,121,106.1520187520077,132,121,0.06990073314840342,0.7779086374708737
8,0,0.04036085539263139,6.982080608473328,126,0.9826573122725237,-0.06567015347696015,0.06878616223337142,0.5158730158730159,2.883432385510331,0.22779603370178236,17.875523690299616,1852.5382955,0.41778733492813763,6.684597358850202,118578198,108371,2098396311,5.34838814866497,5.3532761481609565,0,206,0,65.0,65,65,56.494900417603596,126,65,0.3317873437705821,0.7422397436760226
9,0,0.0009905557274246788,8.4244472273238,344,0.9761056694680993,-0.0462422829622096,0.01575446235546893,0.5377906976744186,2.6818048153846044,0.026168463576055512,14.611440465383668,2218.715164,0.5003681152415916,8.005889843865466,54750876,67077,2162264927,2.4695006440174216,2.4725261060154864,206,0,0,184.74757281553397,184,185,143.45849060391905,344,185,0.03811464527878104,0.8889525137578808
9,0,0.002242467175387407,7.280536308112417,155,0.9691030851672301,-0.02130198166305834,0.02584340511761722,1.0,2.6861742594560063,0.030537907647457452,14.67542402178735,2218.708976,0.5003667197141498,8.005867515426397,41665627,3710981,2171706272,1.879299478420942,2.0466807267033698,206,0,0,155.0,155,155,127.72244042121747,155,155,0.04447878700085539,0.8889500344679545
9,0,0.0045034041738893525,7.6511038174441826,201,0.9720122934358837,-0.026648037599397146,0.01677218631005166,0.9701492537313433,2.6771377392029496,0.021501387394400773,14.543406642615318,2218.717296,0.5003685960535674,8.005897536857079,38379301,2157733,2176545846,1.7310720021436456,1.8283950665840691,206,0,0,195.0,195,195,157.08270257789914,201,195,0.03131699922532361,0.8889533679670149
9,0,0.018557930311112875,6.97668892331177,126,0.931799109695205,-0.0747885391526263,0.06763278688652759,0.5158730158730159,2.909973757640874,0.2543374058323251,18.356316847638276,1847.31570275,0.41660952763976056,6.665752442236169,125573732,76294,2091432854,5.663916903277879,5.667358091728172,0,206,0,65.0,65,65,58.4454756264054,126,65,0.3704451343217019,0.7401472547307196
9,0,0.00153699673238709,6.97668892331177,126,0.9826566003311612,-0.07012350095584881,0.06763278688652759,0.5158730158730159,2.8834571353854583,0.2278207835769095,17.875966112753712,1850.36890925,0.41729809154676256,6.676769464748201,121477518,101566,2095503796,5.479159985214445,5.483741049860978,0,206,0,65.0,65,65,56.470755199967876,126,65,0.3318233922267103,0.7413705553315519
9,0,0.0018012548613219376,7.974394284790262,251,0.996750973243421,-0.020906747198162517,0.012404369836117233,0.49800796812749004,2.702248987478341,0.04661263566979201,14.913233713859077,1941.56415725,0.4378645865620504,7.0058333849928065,29456914,2844686,2184781280,1.328633866858419,1.4569414743755542,206,0,0,125.0,125,125,104.2180535757308,251,125,0.0678917991841452,0.7779089295527025
9,0,0.002407255438353495,7.936248907966116,245,0.9966263255733345,-0.014100725807764303,0.006165305533374091,0.8857142857142857,2.6685235508488745,0.012887199040325648,14.418665043662426,2218.721872,0.5003696280402472,8.005914048643955,17931991,10052538,2189098351,0.808810133430826,1.2622229530724625,206,0,0,217.0,217,217,175.87180648690975,245,217,0.01877034234858579,0.8889552013914982
9,0,0.019560197006460323,7.526663919332758,184,0.9997944815253567,-0.0036880781006687693,0.0032859751470129426,0.5300546448087432,2.749351736272785,0.093715384464236,15.632494619504978,1941.55905425,0.4378634357255061,7.005814971608098,6177423,30915079,2179990378,0.2786284200615901,1.6730318173761731,206,0,0,97.0,97,97,80.64740478437199,183,97,0.13649745334255328,0.7779068849799013
9,0,0.0023009903594705273,7.953889485838784,248,0.9957338690417944,-0.024014785093855507,0.0064068007308358405,0.7540322580645161,2.681358533075628,0.025722181267079147,14.604921092843824,2218.715632,0.5003682207856839,8.005891532570942,26894102,8070246,2182118532,1.2130399924426822,1.5770428934077556,206,0,0,187.0,187,187,149.73029056577258,248,187,0.03746463035331962,0.8889527012672028
9,0,0.013784989579722485,8.155244422516162,285,0.9977074372587773,-0.028844516405139596,0.038110378812870514,0.256140350877193,2.823088518747424,0.1674521669388751,16.828746389158432,1941.55468025,0.43786244929418244,7.005799188706919,59135995,37915,2157908970,2.6672884236064283,2.6689985536309764,206,0,0,73.0,73,73,62.967074817298425,285,73,0.24389586058382168,0.777905132488929
9,0,0.1431807446300586,7.974394284790262,251,0.997760131867897,-0.010481770019233186,0.012404369836117233,0.5059760956175299,2.7003249581639337,0.04468860635538485,14.88456780089261,1941.56452175,0.4378646687646607,7.005834700234571,20247854,7108011,2189727015,0.913265542874067,1.2338674952918314,206,0,0,127.0,127,127,104.3091709665114,251,127,0.0650894300419344,0.7779090755936169
9,0,0.1115227090167985,7.6408448353578775,200,0.9239430719178727,-0.04912539127748876,0.04912539127748876,0.265,3.1368781100498158,0.4812417582412669,23.031851599312414,1664.4143105,0.37536131948752405,6.005781111800385,86687613,34031,2130361236,3.909985223466251,3.911520168339399,206,0,0,53.0,53,53,48.513283508673304,200,53,0.7009337348137737,0.6668658101142202
9,0,0.018097099082635886,5.911391291662541,60,0.9134552208413147,-0.013333878607017204,0.026356120711898443,1.0,2.968984409140329,0.31334805733178017,19.47213382947441,1664.415406,0.37536156654639813,6.00578506474237,35080988,71104194,2110897698,1.5823038604673183,4.789409676917446,206,0,0,60.0,60,60,55.2152540756505,60,60,0.4563947753097773,0.6668662490382852
9,0,0.002385457574065115,8.271048999627633,309,0.9980799566009686,-0.007446939539571762,0.021993097540835276,0.5339805825242718,2.6831707211314146,0.027534369322865793,14.631411952363866,2218.711056,0.5003671887990042,8.005875020784067,26032115,4469330,2186581435,1.1741606610574702,1.375746719942197,206,0,0,165.0,165,165,128.03975265017667,309,165,0.0401041015138639,0.8889508678427197
9,0,0.005483547849449601,7.7667457269799,218,0.9474168729482618,-0.005057386855938701,0.002194336887904691,0.4954128440366973,2.719279083788657,0.06364273198010828,15.169382448366257,1941.561059,0.4378638878398628,7.005822205437805,6421969,23202579,2187458332,0.2896584993701273,1.3361948832512747,206,0,0,108.0,108,108,93.64670836010279,218,108,0.09269631543114083,0.7779076882049303
9,0,0.008532515586123036,7.974394284790262,251,0.996750973243421,-0.023558395511626803,0.0071065612975109264,0.44621513944223107,2.709398192315784,0.05376184050723509,15.020233502431532,1941.561788,0.4378640522450834,7.005824835921334,27110572,7250672,2182721636,1.2228037230615394,1.5498403018654856,206,0,0,112.0,112,112,95.62798897767426,251,112,0.07830469200120076,0.7779079802867591
9,0,0.0008268389828193078,6.97668892331177,126,0.9826566003311612,-0.07042138051417084,0.06763278688652759,0.5158730158730159,2.8836427342909166,0.2280063824823677,17.879284180403584,1850.17297325,0.41725390375347626,6.67606246005562,121739276,101056,2095242548,5.490966399957046,5.495524461403987,0,206,0,65.0,65,65,56.46834720326052,126,65,0.3320937190047846,0.7412920514286798
9,0,0.012468718427542748,8.162015273581547,286,0.9424066289042671,-0.048742072808292944,0.03689110370531178,0.25874125874125875,2.806123741906506,0.15048739009795709,16.54565851292183,1941.5548625,0.4378624903954876,7.005799846327801,75583365,14126,2141485389,3.4091357468783485,3.409772890402726,206,0,0,74.0,74,74,65.61617862592355,286,74,0.2191864828381246,0.7779052055093861
9,0,0.01639348204549827,6.7265058786902525,106,0.9913991383073201,-0.005414557515047974,0.00765546269665847,0.9809523809523809,2.7194562929691077,0.06381994116055889,15.172070840394712,1941.56014775,0.43786368233333706,7.005818917333393,11569455,52734086,2152779339,0.5218323186907654,2.90036703544434,206,0,0,103.0,103,103,88.23066701132348,105,103,0.0929544224855878,0.7779073231026444
9,0,0.00031800798169523577,7.937801869299549,245,0.9974225703301599,-0.014100725807764303,0.006165305533374091,0.9020408163265307,2.6678528797352787,0.012216527926729892,14.408998103552122,2218.722704,0.5003698156741889,8.005917050787023,17931991,10074234,2189076655,0.808810133430826,1.2632015362456814,206,0,0,221.0,221,221,178.78657795936397,245,221,0.017793502744719355,0.8889555347414041
9,0,0.0016369219266479038,8.153387705892893,285,0.9977074372587773,-0.008512693177708645,0.021672794957813477,0.9473684210526315,2.664846221819469,0.009209870010919996,14.365740238733583,2495.8752085,0.5628736821286536,9.005978914058458,26690771,4490861,2185901248,1.2038688873913455,1.4064260872376588,206,0,0,270.0,270,270,207.25574204946997,285,270,0.013414273539968042,0.9999997190365125
9,0,0.002421652950192429,7.825336142185762,227,0.9994261479572307,-0.017739373509452795,0.0032859751470129426,0.8634361233480177,2.673098822716218,0.017462470907668948,14.484785500391899,2218.717504,0.5003686429620529,8.005898287392846,18598083,12676392,2185808405,0.8388537554356109,1.410613706962547,206,0,0,196.0,196,196,161.07678610865725,227,196,0.02543427444268628,0.8889534513044915
9,0,0.017623362487670644,8.18118378501718,290,0.9397202934253515,-0.011465217317871724,0.015074371380362165,0.25862068965517243,2.800214280136399,0.1445779283278501,16.44817090981317,1941.55504475,0.4378625314967928,7.005800503948684,23479111,1407221,2192196548,1.0590091697429012,1.122480906081418,206,0,0,75.0,75,75,66.85262156681658,290,75,0.21057928897282488,0.7779052785298434
9,0,0.0024768262201804586,8.147342462684174,284,0.9508384204365997,-0.024468317796470487,0.006390263078634133,0.20774647887323944,2.971195465072982,0.3155591132644333,19.5152354389747,1664.4152495,0.3753615312522733,6.0057845000363725,27279142,5785132,2184018606,1.2304069570912928,1.4913413611312536,206,0,0,59.0,59,59,53.32739971490523,284,59,0.4596152017715635,0.6668661863348473
9,0,0.0013880928442614984,8.594204901494745,386,0.9990246491530526,-0.007446939539571762,0.021993097540835276,0.9714285714285714,2.661934314498566,0.006297962690017034,14.323969380511452,2495.8995185,0.5628791645578897,9.006066632926235,26032115,2345250,2188705515,1.1741606610574702,1.279941550944636,206,0,0,374.0,374,374,273.02123654834566,385,374,0.009173049583569777,1.0000094591040796
9,0,0.01006110461066722,6.403643994474433,85,0.9835205573271166,-0.026066373502059533,0.020958087738966482,1.0,2.7688219883876366,0.11318563657908776,15.939845622255122,1941.55686725,0.4378629425098443,7.005807080157509,41559679,37624394,2137898807,1.8745207666751726,3.5715432072616067,206,0,0,85.0,85,85,73.41172853758432,85,85,0.16485608244927105,0.7779060087344152
9,0,0.013572164378055892,8.11109695681499,276,0.9802311658218252,-0.052461354994051385,0.05399670495529491,0.25,2.8427345059706517,0.18709815416210285,17.162632750332403,1941.55395125,0.43786228488896184,7.005796558223389,93915161,8018,2123159701,4.235978810138121,4.236340456519153,206,0,0,69.0,69,69,60.87234982332156,276,69,0.27251044974334543,0.7779048404071003
9,0,0.12216275238137284,8.747138770306805,430,0.9481688787855518,-0.049653918755160606,0.049815577608965045,0.14651162790697675,2.9214925761332324,0.2658562243246836,18.568982406155172,1664.4158755,0.3753616724287727,6.0057867588603635,87758301,535,2129324044,3.9582778700632066,3.9583020008706216,206,0,0,63.0,63,63,56.84022897928044,430,63,0.38722241586102124,0.6668664371485987
9,0,0.05795225719602856,7.975795243044214,252,0.996750973243421,-0.023558395511626803,0.007362476738220224,0.2589641434262948,2.8815600158065253,0.22592366399797648,17.842085415477502,1915.7771075,0.43204905075537814,6.91278481208605,27336638,7031515,2182714727,1.233000274667224,1.5501519275634839,0,206,0,65.0,65,65,56.583570912303244,251,65,0.32906021740017505,0.7675770658373373
9,0,0.017759449374678153,7.589194968611183,193,0.9240048549305846,-0.04912539127748876,0.04912539127748876,0.3471502590673575,2.856310737732858,0.2006743859243092,17.39722546954629,1941.55358675,0.4378622026863515,7.005795242981624,86687613,38647,2130356620,3.909985223466251,3.9117283698478604,206,0,0,67.0,67,67,60.6939133773691,193,67,0.29228437557338505,0.7779046943661859
9,0,0.02588756513018757,5.931083250726314,61,0.9446701463064288,-0.03613394859412042,0.03221415878842501,1.0,2.9379955547055094,0.2823592028969606,18.87796850779871,1664.4155625,0.375361601840523,6.005785629448368,60368766,46327186,2110386928,2.7228917125551932,4.812447606830107,206,0,0,61.0,61,61,55.55638903389014,61,61,0.41125917952112434,0.666866311741723
9,0,0.017112693496058606,7.337933469339298,162,0.937722592431386,-0.007446939539571762,0.043488849215542975,0.5123456790123457,2.773794395025614,0.11815804321706525,16.019302398423328,1941.55650275,0.437862860307234,7.005805764915744,44976829,13262105,2158843946,2.0286489695865586,2.626827103549688,206,0,0,83.0,83,83,73.31431572237392,162,83,0.17209844555696924,0.7779058626935008
9,0,0.009821536653331093,7.782322123379092,220,0.9290950807193046,-0.02829916542604846,0.00842892494095252,0.2636363636363636,2.9735279558458503,0.31789160403730143,19.560807673313143,1664.415093,0.3753614959581484,6.005783935330374,32462832,7027521,2177592527,1.4642137329570648,1.7811852392275025,206,0,0,58.0,58,58,52.65849863475747,220,58,0.4630124993685552,0.6668661236314094
9,0,0.2055616443606588,7.586146086791495,192,0.9372768129066757,-0.04912539127748876,0.04912539127748876,0.2604166666666667,3.3116244682755536,0.6559881164670047,27.429647892293275,1664.413841,0.37536121360514946,6.005779417682391,86687613,42576,2130352691,3.909985223466251,3.9119055846933426,206,0,0,50.0,50,50,45.64353994338259,192,50,0.9554536625189352,0.6668656220039065
9,0,0.16973074925771314,7.052110849131344,133,0.9832094759520739,-0.024014785093855507,0.0064068007308358405,0.9699248120300752,2.696304818858271,0.04066846704972216,14.824849882431742,2174.28292075,0.49034768622407116,7.8455629795851385,26894102,23872352,2166316426,1.2130399924426822,2.289786027304491,0,206,0,129.0,129,129,109.73319421578863,133,129,0.05923405442306074,0.8711502491996036
9,0,0.00389837867577709,7.048955786475543,132,0.9452871179347714,-0.014100725807764303,0.0027751848784569873,0.9166666666666666,2.7036282660964646,0.047991914287915716,14.933817410310665,1941.56342825,0.4378644221568298,7.005830754509277,14930145,34190179,2167962556,0.6734139320944105,2.215538464669395,206,0,0,121.0,121,121,106.1520187520077,132,121,0.06990073314840342,0.7779086374708737
9,0,0.04036597426388171,6.982080608473328,126,0.9826573122725237,-0.06567015347696015,0.06878616223337142,0.5158730158730159,2.883432385510331,0.22779603370178236,17.875523690299616,1852.5382955,0.41778733492813763,6.684597358850202,118578198,108371,2098396311,5.34838814866497,5.3532761481609565,0,206,0,65.0,65,65,56.494900417603596,126,65,0.3317873437705821,0.7422397436760226
9,0,0.0106143382503464,8.468083528910586,354,0.9509232426841772,-0.048742072808292944,0.03689110370531178,0.2570621468926554,2.755338280272006,0.09970192846345727,15.726359920405054,1941.55796075,0.4378631891176752,7.005811025882803,75583365,5559,2141493956,3.4091357468783485,3.409386481753898,206,0,0,91.0,91,91,79.00663422542563,354,91,0.1452169182936755,0.7779064468571583
9,0,0.004033741171671008,7.176695640449225,145,0.996750973243421,-0.010957355332329137,0.0071065612975109264,0.9862068965517241,2.692548728536616,0.03691237672806702,14.769270852539872,2218.70648,0.5003661568123244,8.005858508997191,15983985,30729036,2170369859,0.7209466612272069,2.106958716852299,206,0,0,143.0,143,143,117.63779914873113,145,143,0.053763268955321505,0.8889490344182364
9,0,0.012307259643612822,7.776814136571701,219,0.9371266504555811,-0.013245595358698275,0.043940008000678196,0.2602739726027397,2.989213340621374,0.33357698881282527,19.870045384277308,1664.4149365,0.37536146066402354,6.005783370624377,50498545,3076065,2163508270,2.277702175933089,2.4164459742704794,206,0,0,57.0,57,57,52.10077698361709,219,57,0.48585842897549314,0.6668660609279716
9,0,0.0034761548404172635,8.153387705892893,285,0.9976697192683712,-0.010705919249980192,0.021993097540835276,0.5157894736842106,2.6872805365714783,0.031644184762929406,14.691668091106886,2218.707312,0.5003663444462663,8.00586151114026,28911335,2652564,2185518981,1.3040259009171546,1.4236679776265289,206,0,0,147.0,147,147,117.0095366206232,285,147,0.04609009137543963,0.8889493677681425
9,0,0.016070915950713423,6.97668892331177,126,0.9826674785704445,-0.07179603679387024,0.06764376782848398,0.5158730158730159,2.8837524138256345,0.22811606201708567,17.881245279517834,1849.261553,0.4170483588326657,6.6727737413226516,122957032,98527,2094027321,5.545892447647244,5.550336440286797,0,206,0,65.0,65,65,56.457365031721814,126,65,0.33225346841261544,0.740926880930243
9,0,0.028760597906682173,7.054729388534986,133,0.9977074372587773,-0.007446939539571762,0.021993097540835276,0.9849624060150376,2.6946770146700247,0.039040662861475894,14.800737560096934,2218.703984,0.5003655939104992,8.005849502567987,26032115,25357073,2165693692,1.1741606610574702,2.3178740165094776,206,0,0,131.0,131,131,108.78184729360746,133,131,0.0568631403249518,0.8889480343685184
9,0,0.08049083983691813,7.720705319714608,211,0.9370375165341336,-0.04480419949933584,0.042788372823767434,0.26066350710900477,2.996105872425849,0.34046952061730007,20.007473373372164,1664.4146235,0.3753613900757738,6.005782241212381,77317015,40502,2139725363,3.487330838980634,3.489157653862719,206,0,0,55.0,55,55,50.3879522365885,211,55,0.49589747479248386,0.6668659355210959
9,0,0.16755913393238503,8.14289864945966,283,0.9847835022654416,-0.01906066298617836,0.03234685176278051,0.9151943462897526,2.666712583421671,0.0110762316131221,14.392576940407096,2495.87263725,0.5628731022563306,9.00596963610129,45425375,101735,2171555770,2.048880328731779,2.053469016007196,206,0,0,259.0,259,259,204.59461707958562,283,259,0.016132649046543858,0.9999986888370582
9,0,0.0002442642558919926,7.952567705599295,248,0.9957338690417944,-0.024014785093855507,0.0064401570020415685,0.7540322580645161,2.681358533075628,0.025722181267079147,14.604921092843824,2218.715632,0.5003682207856839,8.005891532570942,26923493,8040855,2182118532,1.2143656533038585,1.5770428934077556,206,0,0,187.0,187,187,149.73029056577258,248,187,0.03746463035331962,0.8889527012672028
9,0,0.001601867400130052,8.446289627247516,349,0.9998973018230674,-0.0216782305639003,0.00275344014994508,0.9799426934097422,2.6630673056762277,0.007430953867678891,14.340207508539537,2495.8920385,0.5628774776565862,9.00603964250538,21601103,7296811,2188184966,0.9743029092354003,1.3034205559333893,206,0,0,342.0,342,342,251.03306195791842,349,342,0.010823263273611694,1.0000064621602127
9,0,0.16727997621579865,8.185001417685504,291,0.9987280889559659,-0.02213327998112703,0.0020649062062757483,0.8213058419243986,2.667705496754015,0.012069144945466181,14.406874618941186,2218.726448,0.5003706600269269,8.00593056043083,21391642,9854397,2185836841,0.964855314745834,1.4093311207202142,206,0,0,239.0,239,239,188.9691226810954,291,239,0.01757883786633744,0.8889570348159813
9,0,0.1162618329400722,6.97668892331177,126,0.931799109695205,-0.0747885391526263,0.07104323923380294,0.5158730158730159,2.913176196927144,0.25753984511859507,18.41519606610333,1845.071927,0.4161035078219539,6.657656125151262,128571309,70418,2088441153,5.799120554302418,5.802296709809965,0,206,0,65.0,65,65,58.426813965628014,126,65,0.3751095211730071,0.7392482614188988
9,0,0.0024965576524815744,7.825407056183213,227,0.9983201201877566,-0.017816286353408095,0.0032859751470129426,0.8722466960352423,2.6726957543861825,0.01705940257763361,14.47894831855993,2218.71792,0.5003687367790238,8.005899788464381,18666130,12631034,2185785716,0.8419229686172129,1.4116370787185006,206,0,0,198.0,198,198,162.07187223939928,227,198,0.024847201136767597,0.8889536179794445
9,0,0.00036607585220371146,7.942534692721867,246,0.9938966832866705,-0.014100725807764303,0.006165305533374091,0.8943089430894309,2.668284542454588,0.012648190646038948,14.415219273482984,2218.722496,0.5003697687657035,8.005916300251256,17931991,9982074,2189168815,0.808810133430826,1.2590447227665211,206,0,0,220.0,220,220,177.6801492732091,246,220,0.018422224082474663,0.8889554514039276
9,0,0.010709252812583442,8.131569431114007,280,0.996378749528309,-0.023558395511626803,0.004043346222695976,0.25357142857142856,2.8314125608920353,0.17577620908348646,16.969414233640833,1941.55431575,0.43786236709157217,7.005797873465155,24401344,8573739,2184107797,1.1006058555645877,1.4873184623571674,206,0,0,71.0,71,71,61.984964764696436,280,71,0.25601991642322486,0.7779049864480145
9,0,0.0010188796245149663,8.150769160784415,284,0.9832094759520739,-0.024014785093855507,0.0064068007308358405,0.9401408450704225,2.66605100086624,0.010414649057691072,14.383058211635266,2495.87450725,0.5628735239816565,9.005976383706503,26894102,6156339,2184032439,1.2130399924426822,1.4907174331705633,206,0,0,267.0,267,267,209.77264069025057,284,267,0.015169047024224284,0.9999994380730249
9,0,0.09525262590154533,7.605380869049539,195,0.9375690620065187,-0.04912539127748876,0.047868639988209616,0.26153846153846155,3.200700539056417,0.5450641872478683,24.549722213801644,1664.4139975,0.37536124889927436,6.00577998238839,85582039,40861,2131459980,3.860119067808597,3.8619620751390222,206,0,0,51.0,51,51,46.92137683705429,195,51,0.7938917808735596,0.6668656847073444
9,0,0.029263263212277922,6.034024194512694,66,0.9481575515660567,-0.019923109775407954,0.0044797078153557615,1.0,2.875314719046857,0.21967836723830825,17.731003527972984,1941.5534045,0.43786216158504637,7.005794585360742,21583704,78241693,2117257483,0.9735181392948197,4.502555944142242,206,0,0,66.0,66,66,59.023772536540314,66,66,0.31996387630381495,0.7779046213457287
9,0,inf,7.588058204558909,192,0.997420724609035,-0.04784463870828549,0.04912539127748876,0.25654450261780104,3.577815836210861,0.9221794844023123,35.795272664536796,1664.4136845,0.3753611783110246,6.005778852976394,85562009,56171,2131464700,3.8592156284207113,3.8617491827820167,206,0,0,49.0,49,49,44.05330970928365,191,49,1.3431642186102477,0.6668655593004688
9,0,inf,8.720891134715178,422,0.9971786719931416,-0.024014785093855507,0.0064068007308358405,0.9383886255924171,2.660534687722434,0.004898335913884999,14.303935192889217,2495.904661,0.5628803243025358,9.006085188840572,26894102,2459981,2187728797,1.2130399924426822,1.3239957452560367,206,0,0,396.0,396,396,291.97990784612915,422,396,0.007134478310941874,1.000011519502988
10,0,0.0012008895257332416,8.4244472273238,344,0.9761056694680993,-0.0462422829622096,0.01575446235546893,0.5377906976744186,2.6818048153846044,0.026168463576055512,14.611440465383668,2218.715164,0.5003681152415916,8.005889843865466,54750876,67077,2162264927,2.4695006440174216,2.4725261060154864,206,0,0,184.74757281553397,184,185,143.45849060391905,344,185,0.03811464527878104,0.8889525137578808
10,0,0.0035398784239888403,7.6511038174441826,201,0.9720122934358837,-0.026648037599397146,0.01677218631005166,0.9701492537313433,2.6771377392029496,0.021501387394400773,14.543406642615318,2218.717296,0.5003685960535674,8.005897536857079,38379301,2157733,2176545846,1.7310720021436456,1.8283950665840691,206,0,0,195.0,195,195,157.08270257789914,201,195,0.03131699922532361,0.8889533679670149
10,0,0.0015614095189579848,6.97668892331177,126,0.9826566003311612,-0.07012350095584881,0.06763278688652759,0.5158730158730159,2.8834571353854583,0.2278207835769095,17.875966112753712,1850.36890925,0.41729809154676256,6.676769464748201,121477518,101566,2095503796,5.479159985214445,5.483741049860978,0,206,0,65.0,65,65,56.470755199967876,126,65,0.3318233922267103,0.7413705553315519
10,0,0.002919248090438142,7.936248907966116,245,0.9966263255733345,-0.014100725807764303,0.006165305533374091,0.8857142857142857,2.6685235508488745,0.012887199040325648,14.418665043662426,2218.721872,0.5003696280402472,8.005914048643955,17931991,10052538,2189098351,0.808810133430826,1.2622229530724625,206,0,0,217.0,217,217,175.87180648690975,245,217,0.01877034234858579,0.8889552013914982
10,0,0.0019218550746333684,7.953889485838784,248,0.9957338690417944,-0.024014785093855507,0.0064068007308358405,0.7540322580645161,2.681358533075628,0.025722181267079147,14.604921092843824,2218.715632,0.5003682207856839,8.005891532570942,26894102,8070246,2182118532,1.2130399924426822,1.5770428934077556,206,0,0,187.0,187,187,149.73029056577258,248,187,0.03746463035331962,0.8889527012672028
10,0,0.1352692367797224,7.6408448353578775,200,0.9239430719178727,-0.04912539127748876,0.04912539127748876,0.265,3.1368781100498158,0.4812417582412669,23.031851599312414,1664.4143105,0.37536131948752405,6.005781111800385,86687613,34031,2130361236,3.909985223466251,3.911520168339399,206,0,0,53.0,53,53,48.513283508673304,200,53,0.7009337348137737,0.6668658101142202
10,0,0.0027929243114617514,8.271048999627633,309,0.9980799566009686,-0.007446939539571762,0.021993097540835276,0.5339805825242718,2.6831707211314146,0.027534369322865793,14.631411952363866,2218.711056,0.5003671887990042,8.005875020784067,26032115,4469330,2186581435,1.1741606610574702,1.375746719942197,206,0,0,165.0,165,165,128.03975265017667,309,165,0.0401041015138639,0.8889508678427197
10,0,0.0066509534818508225,7.7667457269799,218,0.9474168729482618,-0.005057386855938701,0.002194336887904691,0.4954128440366973,2.719279083788657,0.06364273198010828,15.169382448366257,1941.561059,0.4378638878398628,7.005822205437805,6421969,23202579,2187458332,0.2896584993701273,1.3361948832512747,206,0,0,108.0,108,108,93.64670836010279,218,108,0.09269631543114083,0.7779076882049303
10,0,0.009902709140991712,7.974394284790262,251,0.996750973243421,-0.023558395511626803,0.0071065612975109264,0.44621513944223107,2.709398192315784,0.05376184050723509,15.020233502431532,1941.561788,0.4378640522450834,7.005824835921334,27110572,7250672,2182721636,1.2228037230615394,1.5498403018654856,206,0,0,112.0,112,112,95.62798897767426,251,112,0.07830469200120076,0.7779079802867591
10,0,0.0008611100838061205,6.97668892331177,126,0.9826566003311612,-0.07042138051417084,0.06763278688652759,0.5158730158730159,2.8836427342909166,0.2280063824823677,17.879284180403584,1850.17297325,0.41725390375347626,6.67606246005562,121739276,101056,2095242548,5.490966399957046,5.495524461403987,0,206,0,65.0,65,65,56.46834720326052,126,65,0.3320937190047846,0.7412920514286798
10,0,0.012666495709592922,8.162015273581547,286,0.9424066289042671,-0.048742072808292944,0.03689110370531178,0.25874125874125875,2.806123741906506,0.15048739009795709,16.54565851292183,1941.5548625,0.4378624903954876,7.005799846327801,75583365,14126,2141485389,3.4091357468783485,3.409772890402726,206,0,0,74.0,74,74,65.61617862592355,286,74,0.2191864828381246,0.7779052055093861
10,0,0.014213009087773051,6.7265058786902525,106,0.9913991383073201,-0.005414557515047974,0.00765546269665847,0.9809523809523809,2.7194562929691077,0.06381994116055889,15.172070840394712,1941.56014775,0.43786368233333706,7.005818917333393,11569455,52734086,2152779339,0.5218323186907654,2.90036703544434,206,0,0,103.0,103,103,88.23066701132348,105,103,0.0929544224855878,0.7779073231026444
10,0,0.0003852156195316177,7.937801869299549,245,0.9974225703301599,-0.014100725807764303,0.006165305533374091,0.9020408163265307,2.6678528797352787,0.012216527926729892,14.408998103552122,2218.722704,0.5003698156741889,8.005917050787023,17931991,10074234,2189076655,0.808810133430826,1.2632015362456814,206,0,0,221.0,221,221,178.78657795936397,245,221,0.017793502744719355,0.8889555347414041
10,0,0.0019960506032398683,8.153387705892893,285,0.9977074372587773,-0.008512693177708645,0.021672794957813477,0.9473684210526315,2.664846221819469,0.009209870010919996,14.365740238733583,2495.8752085,0.5628736821286536,9.005978914058458,26690771,4490861,2185901248,1.2038688873913455,1.4064260872376588,206,0,0,270.0,270,270,207.25574204946997,285,270,0.013414273539968042,0.9999997190365125
10,0,0.0029372172971353894,7.825336142185762,227,0.9994261479572307,-0.017739373509452795,0.0032859751470129426,0.8634361233480177,2.673098822716218,0.017462470907668948,14.484785500391899,2218.717504,0.5003686429620529,8.005898287392846,18598083,12676392,2185808405,0.8388537554356109,1.410613706962547,206,0,0,196.0,196,196,161.07678610865725,227,196,0.02543427444268628,0.8889534513044915
10,0,0.008232975509821156,8.18118378501718,290,0.9397202934253515,-0.011465217317871724,0.015074371380362165,0.25862068965517243,2.800214280136399,0.1445779283278501,16.44817090981317,1941.55504475,0.4378625314967928,7.005800503948684,23479111,1407221,2192196548,1.0590091697429012,1.122480906081418,206,0,0,75.0,75,75,66.85262156681658,290,75,0.21057928897282488,0.7779052785298434
10,0,0.0010773827498377288,8.594204901494745,386,0.9990246491530526,-0.007446939539571762,0.021993097540835276,0.9714285714285714,2.661934314498566,0.006297962690017034,14.323969380511452,2495.8995185,0.5628791645578897,9.006066632926235,26032115,2345250,2188705515,1.1741606610574702,1.279941550944636,206,0,0,374.0,374,374,273.02123654834566,385,374,0.009173049583569777,1.0000094591040796
10,0,0.024422854611119465,8.11109695681499,276,0.9802311658218252,-0.052461354994051385,0.05399670495529491,0.25,2.8427345059706517,0.18709815416210285,17.162632750332403,1941.55395125,0.43786228488896184,7.005796558223389,93915161,8018,2123159701,4.235978810138121,4.236340456519153,206,0,0,69.0,69,69,60.87234982332156,276,69,0.27251044974334543,0.7779048404071003
10,0,0.02154091126230024,7.589194968611183,193,0.9240048549305846,-0.04912539127748876,0.04912539127748876,0.3471502590673575,2.856310737732858,0.2006743859243092,17.39722546954629,1941.55358675,0.4378622026863515,7.005795242981624,86687613,38647,2130356620,3.909985223466251,3.9117283698478604,206,0,0,67.0,67,67,60.6939133773691,193,67,0.29228437557338505,0.7779046943661859
10,0,0.018568550102457903,7.337933469339298,162,0.937722592431386,-0.007446939539571762,0.043488849215542975,0.5123456790123457,2.773794395025614,0.11815804321706525,16.019302398423328,1941.55650275,0.437862860307234,7.005805764915744,44976829,13262105,2158843946,2.0286489695865586,2.626827103549688,206,0,0,83.0,83,83,73.31431572237392,162,83,0.17209844555696924,0.7779058626935008
10,0,0.14246792587087367,7.586146086791495,192,0.9372768129066757,-0.04912539127748876,0.04912539127748876,0.2604166666666667,3.3116244682755536,0.6559881164670047,27.429647892293275,1664.413841,0.37536121360514946,6.005779417682391,86687613,42576,2130352691,3.909985223466251,3.9119055846933426,206,0,0,50.0,50,50,45.64353994338259,192,50,0.9554536625189352,0.6668656220039065
10,0,0.16874701800570374,7.052110849131344,133,0.9832094759520739,-0.024014785093855507,0.0064068007308358405,0.9699248120300752,2.696304818858271,0.04066846704972216,14.824849882431742,2174.28292075,0.49034768622407116,7.8455629795851385,26894102,23872352,2166316426,1.2130399924426822,2.289786027304491,0,206,0,129.0,129,129,109.73319421578863,133,129,0.05923405442306074,0.8711502491996036
10,0,0.004433589717925294,7.048955786475543,132,0.9452871179347714,-0.014100725807764303,0.0027751848784569873,0.9166666666666666,2.7036282660964646,0.047991914287915716,14.933817410310665,1941.56342825,0.4378644221568298,7.005830754509277,14930145,34190179,2167962556,0.6734139320944105,2.215538464669395,206,0,0,121.0,121,121,106.1520187520077,132,121,0.06990073314840342,0.7779086374708737
10,0,0.040663032873268425,6.982080608473328,126,0.9826573122725237,-0.06567015347696015,0.06878616223337142,0.5158730158730159,2.883432385510331,0.22779603370178236,17.875523690299616,1852.5382955,0.41778733492813763,6.684597358850202,118578198,108371,2098396311,5.34838814866497,5.3532761481609565,0,206,0,65.0,65,65,56.494900417603596,126,65,0.3317873437705821,0.7422397436760226
10,0,0.016407002583681173,8.468083528910586,354,0.9509232426841772,-0.048742072808292944,0.03689110370531178,0.2570621468926554,2.755338280272006,0.09970192846345727,15.726359920405054,1941.55796075,0.4378631891176752,7.005811025882803,75583365,5559,2141493956,3.4091357468783485,3.409386481753898,206,0,0,91.0,91,91,79.00663422542563,354,91,0.1452169182936755,0.7779064468571583
10,0,0.0029865242695240727,8.153387705892893,285,0.9976697192683712,-0.010705919249980192,0.021993097540835276,0.5157894736842106,2.6872805365714783,0.031644184762929406,14.691668091106886,2218.707312,0.5003663444462663,8.00586151114026,28911335,2652564,2185518981,1.3040259009171546,1.4236679776265289,206,0,0,147.0,147,147,117.0095366206232,285,147,0.04609009137543963,0.8889493677681425
10,0,0.12827152721473656,6.97668892331177,126,0.9826674785704445,-0.07179603679387024,0.06764376782848398,0.5158730158730159,2.8837524138256345,0.22811606201708567,17.881245279517834,1849.261553,0.4170483588326657,6.6727737413226516,122957032,98527,2094027321,5.545892447647244,5.550336440286797,0,206,0,65.0,65,65,56.457365031721814,126,65,0.33225346841261544,0.740926880930243
10,0,0.09855231140540022,7.720705319714608,211,0.9370375165341336,-0.04480419949933584,0.042788372823767434,0.26066350710900477,2.996105872425849,0.34046952061730007,20.007473373372164,1664.4146235,0.3753613900757738,6.005782241212381,77317015,40502,2139725363,3.487330838980634,3.489157653862719,206,0,0,55.0,55,55,50.3879522365885,211,55,0.49589747479248386,0.6668659355210959
10,0,0.1683428165609319,8.14289864945966,283,0.9847835022654416,-0.01906066298617836,0.03234685176278051,0.9151943462897526,2.666712583421671,0.0110762316131221,14.392576940407096,2495.87263725,0.5628731022563306,9.00596963610129,45425375,101735,2171555770,2.048880328731779,2.053469016007196,206,0,0,259.0,259,259,204.59461707958562,283,259,0.016132649046543858,0.9999986888370582
10,0,0.00029568732229648463,7.952567705599295,248,0.9957338690417944,-0.024014785093855507,0.0064401570020415685,0.7540322580645161,2.681358533075628,0.025722181267079147,14.604921092843824,2218.715632,0.5003682207856839,8.005891532570942,26923493,8040855,2182118532,1.2143656533038585,1.5770428934077556,206,0,0,187.0,187,187,149.73029056577258,248,187,0.03746463035331962,0.8889527012672028
10,0,0.16741213868358049,8.185001417685504,291,0.9987280889559659,-0.02213327998112703,0.0020649062062757483,0.8213058419243986,2.667705496754015,0.012069144945466181,14.406874618941186,2218.726448,0.5003706600269269,8.00593056043083,21391642,9854397,2185836841,0.964855314745834,1.4093311207202142,206,0,0,239.0,239,239,188.9691226810954,291,239,0.01757883786633744,0.8889570348159813
10,0,0.0030275921198395306,7.825407056183213,227,0.9983201201877566,-0.017816286353408095,0.0032859751470129426,0.8722466960352423,2.6726957543861825,0.01705940257763361,14.47894831855993,2218.71792,0.5003687367790238,8.005899788464381,18666130,12631034,2185785716,0.8419229686172129,1.4116370787185006,206,0,0,198.0,198,198,162.07187223939928,227,198,0.024847201136767597,0.8889536179794445
10,0,0.0004439181066781733,7.942534692721867,246,0.9938966832866705,-0.014100725807764303,0.006165305533374091,0.8943089430894309,2.668284542454588,0.012648190646038948,14.415219273482984,2218.722496,0.5003697687657035,8.005916300251256,17931991,9982074,2189168815,0.808810133430826,1.2590447227665211,206,0,0,220.0,220,220,177.6801492732091,246,220,0.018422224082474663,0.8889554514039276
10,0,0.11553477360082637,7.605380869049539,195,0.9375690620065187,-0.04912539127748876,0.047868639988209616,0.26153846153846155,3.200700539056417,0.5450641872478683,24.549722213801644,1664.4139975,0.37536124889927436,6.00577998238839,85582039,40861,2131459980,3.860119067808597,3.8619620751390222,206,0,0,51.0,51,51,46.92137683705429,195,51,0.7938917808735596,0.6668656847073444
10,0,0.032116922465163456,6.034024194512694,66,0.9481575515660567,-0.019923109775407954,0.0044797078153557615,1.0,2.875314719046857,0.21967836723830825,17.731003527972984,1941.5534045,0.43786216158504637,7.005794585360742,21583704,78241693,2117257483,0.9735181392948197,4.502555944142242,206,0,0,66.0,66,66,59.023772536540314,66,66,0.31996387630381495,0.7779046213457287
10,0,0.0013277400892221358,8.720891134715178,422,0.9971786719931416,-0.024014785093855507,0.0064068007308358405,0.9383886255924171,2.660534687722434,0.004898335913884999,14.303935192889217,2495.904661,0.5628803243025358,9.006085188840572,26894102,2459981,2187728797,1.2130399924426822,1.3239957452560367,206,0,0,396.0,396,396,291.97990784612915,422,396,0.007134478310941874,1.000011519502988
10,0,inf,8.706580614878664,418,0.9901135914493987,-0.002097949320474083,0.0025619550144697356,0.9569377990430622,2.6599316301145493,0.004295278306000405,14.295311696442374,2495.905596,0.5628805351651986,9.006088562643178,4128805,11955660,2200998415,0.186226912725969,0.7254787425899026,206,0,0,400.0,400,400,292.81518154714104,418,400,0.006256118496641451,1.0000118941209712
10,0,0.14478286021784553,7.974394284790262,251,0.9529100830685556,-0.010481770019233186,0.012404369836117233,0.49800796812749004,2.697598195041047,0.041961843232498186,14.844036395197595,1941.56415725,0.4378645865620504,7.0058333849928065,20247854,5938509,2190896517,0.913265542874067,1.1811179111175132,206,0,0,125.0,125,125,106.69449686797302,251,125,0.061117870577389315,0.7779089295527025
10,0,0.027328639580486924,7.776814136571701,219,0.9371548065208085,-0.013245595358698275,0.04417200183184988,0.2602739726027397,2.9878179329339623,0.3321815811254134,19.842337906308657,1664.4149365,0.37536146066402354,6.005783370624377,50702869,3076481,2163303530,2.28691806956716,2.425680631298727,206,0,0,57.0,57,57,52.100079304529395,219,57,0.4838260028504205,0.6668660609279716
10,0,0.023724883317312977,6.564984680812389,95,0.9913991383073201,-0.005414557515047974,0.006419587783156364,1.0,2.740774159321974,0.08513780751342503,15.498979132269874,1941.55868975,0.4378633535228958,7.005813656366333,10477704,60642960,2145962216,0.4725896399506725,3.207848684484001,206,0,0,95.0,95,95,80.77027410255381,95,95,0.12400412136372231,0.777906738938987
10,0,0.0012355011424524172,8.176843346351252,289,0.999350178759866,-0.01908970643652566,0.004835106850855883,0.9238754325259516,2.6651558421796047,0.009519490371055817,14.370188853055163,2495.87450725,0.5628735239816565,9.005976383706503,21161545,7521117,2188400218,0.9544769476547489,1.2937117623676748,206,0,0,267.0,267,267,208.20764485624798,289,267,0.013865238884699375,0.9999994380730249
10,0,0.004728706745466706,7.152955585907638,142,0.9957763253679074,-0.00569295311436137,0.017937360306706056,1.0,2.6905379768226223,0.034901625014073456,14.739603352842403,2218.706064,0.5003660629953536,8.005857007925657,20903466,27333849,2168845565,0.9428364716793989,2.175710950417875,206,0,0,141.0,141,141,115.0040718860424,141,141,0.050834587716553956,0.8889488677432834
10,0,0.0038158039727570502,7.974394284790262,251,0.997760131867897,-0.009260009178313384,0.012404369836117233,0.46215139442231074,2.7043025245536056,0.0486661727450568,14.943890058399441,1941.562517,0.437864216650304,7.005827466404864,19166945,8131700,2189784235,0.8645118850947061,1.2312866265062676,206,0,0,116.0,116,116,98.76468765057822,251,116,0.07088279775626469,0.7779082723685878
10,0,0.0027916011009099136,7.591246993094895,193,0.9826933053413611,-0.01906066298617836,0.03234685176278051,0.9948186528497409,2.678452145604896,0.02281579379634735,14.562535157980042,2218.716672,0.5003684553281111,8.005895285249778,45425375,1400322,2170257183,2.048880328731779,2.1120408904154275,206,0,0,192.0,192,192,152.70712410656924,193,192,0.03323144611735258,0.8889531179545854
10,0,0.030525692159587753,7.041641360434822,132,0.9877439771168156,-0.010705919249980192,0.02156158556517508,0.9924242424242424,2.6944296966835997,0.03879334487505082,14.797077524100988,2218.703984,0.5003655939104992,8.005849502567987,28531378,23105025,2165446477,1.2868882014911414,2.3290244792292114,206,0,0,131.0,131,131,108.3120507749759,132,131,0.0565029190495889,0.8889480343685184
10,0,0.024205950833654018,8.088724999636105,272,0.9977074372587773,-0.028844516405139596,0.038110378812870514,0.26199261992619927,2.819371740120355,0.16373538831180623,16.766313760261855,1941.55431575,0.43786236709157217,7.005797873465155,59135995,45958,2157900927,2.6672884236064283,2.6693613276198316,206,0,0,71.0,71,71,61.74053992330549,271,71,0.23848233301699467,0.7779049864480145
10,0,0.0241415738394074,6.0000826485927075,64,0.9846050736083412,-0.019052512414120572,0.028121014617396994,0.9682539682539683,2.9314157088092903,0.2757793570007414,18.754162144256497,1664.4155625,0.375361601840523,6.005785629448368,41691848,65341411,2110049621,1.8804821586101463,4.827661607309872,206,0,0,61.0,61,61,55.34891859741407,63,61,0.4016755640522776,0.666866311741723
10,0,0.01746852537311925,8.266928147612475,308,0.9399236770698086,-0.011465217317871724,0.027630687925913812,0.2597402597402597,2.793672329632899,0.1380359778243503,16.3409189907269,1941.555956,0.4378627370033185,7.005803792053096,34555771,800467,2181726642,1.5586143085458313,1.594718822599902,206,0,0,80.0,80,80,70.80721344964664,308,80,0.20105086854617088,0.7779056436321292
10,0,inf,7.555889729046116,188,0.9346299016753937,-0.05197464177374965,0.059376816027511437,0.26063829787234044,3.4161835350405605,0.7605471832320116,30.4529702647965,1664.4136845,0.3753611783110246,6.005778852976394,98234568,31935,2118816377,4.430802695116206,4.432243101349464,206,0,0,49.0,49,49,44.91169214784774,188,49,1.107745054363398,0.6668655593004688
10,0,0.058894383794516905,7.975795243044214,252,0.996750973243421,-0.02368617374805085,0.007362476738220224,0.2589641434262948,2.881367914957364,0.22573156314881526,17.838658264908187,1915.69379675,0.4320302623846881,6.91248419815501,27448921,7030313,2182603646,1.2380647222353727,1.5551621597474967,0,206,0,65.0,65,65,56.583570912303244,251,65,0.3287804204720041,0.7675436864735338
10,0,0.0019398414334504397,8.349892876708513,326,0.9977074372587773,-0.003648790872931862,0.02044540545566969,0.9784615384615385,2.6621476505579573,0.006511298749408478,14.327025525675326,2495.8864285,0.5628762124806087,9.00601939968974,21307417,7208822,2188566641,0.9610564039897327,1.2862053672977711,206,0,0,318.0,318,318,236.47801683464505,325,318,0.009483775821097839,1.0000042144523127
10,0,0.13396665276653516,8.747138770306805,430,0.9481688787855518,-0.03319446562669101,0.049815577608965045,0.14883720930232558,2.9087057332615185,0.25306938145296964,18.333055341555525,1664.416032,0.37536170772289756,6.005787323566361,73269134,2640,2143811106,3.304753947673801,3.3048730230599226,206,0,0,64.0,64,64,57.17257895318021,430,64,0.36859824333845737,0.6668664998520366
10,0,0.01220323592042291,7.981533328174176,253,0.9944013219020523,-0.011465217317871724,0.015074371380362165,0.3359683794466403,2.7655881556523503,0.10995180384380143,15.888382084771624,1941.55686725,0.4378629425098443,7.005807080157509,23479111,4228079,2189375690,1.0590091697429012,1.2497137680301784,206,0,0,85.0,85,85,73.41725099381625,253,85,0.16014597070586975,0.7779060087344152
10,0,0.03729100919403798,7.782056862713848,220,0.928870658720631,-0.04480419949933584,0.042788372823767434,0.2636363636363636,2.9547716279581926,0.29913527614964375,19.1973380838926,1664.415093,0.3753614959581484,6.005783935330374,77317015,33637,2139732228,3.487330838980634,3.4888480127544894,206,0,0,58.0,58,58,52.664643480966916,220,58,0.4356937084852909,0.6668661236314094
10,0,0.002719477879229294,7.280536308112417,155,0.9691030851672301,-0.02130198166305834,0.025830397682028352,1.0,2.686023495985813,0.03038714417726407,14.67321167071032,2218.708976,0.5003667197141498,8.005867515426397,41654305,3713991,2171714584,1.878788807390006,2.046305819654338,206,0,0,155.0,155,155,127.7224479501285,155,155,0.0442591984044245,0.8889500344679545
10,0,0.01501510436915633,7.977117023283702,252,0.9904389654615816,-0.0440625412642181,0.007329120467014496,0.25,2.9182581172434365,0.2626217654348877,18.509018823086144,1664.4158755,0.3753616724287727,6.0057867588603635,45383828,6917086,2164781966,2.0470063798426876,2.358996791315262,206,0,0,63.0,63,63,56.03670971530678,252,63,0.38251139211692287,0.6668664371485987
