gen,rank,crowding,b,k_init,c,alpha,beta,rho,loss,delta_loss,ppl,size_mb,size_ratio,target_bits_per_weight,n_pruned,n_rounded_zero,n_nonzero,pruned_pct,sparsity_pct,n_dense_matrices,n_bitmap_matrices,n_csr_matrices,k_used_mean,k_used_min,k_used_max,k_used_row_mean,k_realized,k_merged,f1_norm,f2_norm
1,0,0.04368490422758352,7.667152209384268,203,0.9471096206143133,-0.01667037507206337,0.01667037507206337,0.5270935960591133,2.754524290590794,0.09888793878224522,15.713564034272979,1941.56087675,0.43786384673855766,7.005821547816923,29486570,3311815,2184284495,1.3299714803625202,1.47934862047196,206,0,0,107.0,107,107,90.96291885841632,203,107,0.14403133367309529,0.7779076151844732
1,0,0.05287617722998144,7.205143283862684,148,0.9559207160745413,-0.08418343084009677,0.08418343084009677,0.49324324324324326,2.8912798569851175,0.23564350517656862,18.016353207643835,1941.55468025,0.43786244929418244,7.005799188706919,148332165,24595,2068726120,6.690420386990675,6.6915297275670635,206,0,0,73.0,73,73,64.14224998996146,148,73,0.3432172693650872,0.777905132488929
1,0,0.06534961803088658,6.109925950099369,69,0.9293593757766684,-0.05189833355747814,0.05189833355747814,1.0,2.916848958383028,0.2612126065744791,18.482955043530037,1941.55395125,0.43786228488896184,7.005796558223389,91566856,6124628,2119391396,4.13006012657497,4.406307264435689,206,0,0,69.0,69,69,62.88234570751686,69,69,0.3804589372622531,0.7779048404071003
1,0,0.3595282600720122,6.96538015336342,125,0.9329861212332785,-0.10947580832347575,0.10947580832347575,0.504,3.038645766220503,0.383009414411954,20.876951809461072,1664.4158755,0.3753616724287727,6.0057867588603635,192652676,18420,2024411784,8.689466584126977,8.690297405571053,206,0,0,63.0,63,63,57.16045364198522,125,63,0.5578572821563311,0.6668664371485987
1,0,inf,7.640026026341788,199,0.937365772887371,-0.04912539127748876,0.04912539127748876,0.2663316582914573,3.3422087542184924,0.6865724024099435,28.28152470611712,1664.4143105,0.37536131948752405,6.005781111800385,86687613,36147,2130359120,3.909985223466251,3.9116156090655485,206,0,0,53.0,53,53,47.80309639013813,199,53,1.0,0.6668658101142202
1,0,0.2596175904409862,8.747138770306805,430,0.9240970575005685,-0.04977206036296009,0.04977206036296009,0.1511627906976744,2.9250026920916805,0.26936634028313167,18.63427621501145,1875.68473025,0.42300735510843873,6.76811768173502,87824268,388,2129258224,3.961253266273925,3.9612707667473397,0,206,0,65.0,65,65,58.48455192940893,430,65,0.3923349370548927,0.7515136160907449
1,0,0.35829953597271513,7.979432385100146,252,0.9816568763423911,-0.04520189214397206,0.04520189214397206,0.5476190476190477,2.7003135886143403,0.0446772368057915,14.884398571022858,2218.70544,0.5003659222698973,8.005854756318357,79789656,21387,2137271837,3.598857612395618,3.599822258336143,206,0,0,138.0,138,138,107.79354847614842,252,138,0.06507287017213269,0.888948617730854
1,0,inf,8.112140451062837,277,0.9134552208413147,-0.025234600367064607,0.025234600367064607,0.9855595667870036,2.6871083981244226,0.03147204631587375,14.689139307833683,2495.87590975,0.5628738402756509,9.005981444410414,44594337,59854,2172428689,2.0113969307272805,2.014096604273089,206,0,0,273.0,273,273,218.34089026863154,277,273,0.045839369898066765,1.0
1,0,0.2316929140871916,6.80575077033219,112,0.9825399511196321,-0.10217723867745727,0.10217723867745727,0.49107142857142855,3.2295992506033744,0.5739628987948255,25.269528193371187,1664.4146235,0.3753613900757738,6.005782241212381,179827011,49077,2037206792,8.110973776496799,8.113187360862215,206,0,0,55.0,55,55,49.43716872791519,112,55,0.8359830613350515,0.6668659355210959
1,0,0.071020965257419,8.402384855490368,338,0.9155212992441091,-0.057480902898809944,0.057480902898809944,0.257396449704142,2.7770465036456504,0.12141015183710158,16.071483713502456,1941.55723175,0.4378630247124546,7.005808395399273,101422208,1111,2115659561,4.574579007168194,4.574629118059853,206,0,0,87.0,87,87,77.1951857633312,338,87,0.17683517632071838,0.7779061547753295
1,0,0.20803694802843384,7.83414034345963,228,0.9980204784898682,-0.007446939539571762,0.007446939539571762,0.5066079295154186,2.7198145316179403,0.06417817980939144,15.177507036222153,1941.56233475,0.43786417554899887,7.005826808783982,13183702,16644943,2187254235,0.5946418205168766,1.345400538206312,206,0,0,115.0,115,115,95.33575555131706,227,115,0.09347620088445018,0.7779081993481306
1,0,0.0871892089344503,7.280923552233678,156,0.914513025466505,-0.09226052172623585,0.09226052172623585,0.5384615384615384,2.847572684462733,0.1919363326541843,17.245869826520906,1941.556656125,0.43786289489660396,7.005806318345663,162467266,11096,2054604518,7.327974405720006,7.328474883176221,206,0,0,83.83980582524272,82,84,72.2267682902345,156,84,0.2795573081301651,0.7779059241448733
1,1,0.33302212318910884,7.974394284790262,251,0.996750973243421,-0.09433520752326037,0.09433520752326037,0.4900398406374502,2.766197443124895,0.11056109131634617,15.898065626665693,1941.56353375,0.43786444594935486,7.005831135189678,166095782,525,2050986573,7.491636126837081,7.491659806601366,206,0,0,121.5631067961165,121,123,100.79931311235143,251,123,0.1610334043842496,0.7779086797406034
1,1,0.3142040335938293,6.736680755523931,107,0.9832678196057838,-0.148242493955227,0.148242493955227,0.9626168224299065,3.012899889850477,0.357263538041928,20.34631653492835,1941.49235475,0.43784839354990646,7.005574296798503,260414429,14944,1956653507,11.745813895780026,11.746487934632375,204,2,0,102.64563106796116,101,103,86.07038026019916,107,103,0.5203581396337724,0.7778801610952164
1,1,0.07379604308986065,6.561565964482307,94,0.931799109695205,-0.06985568548311187,0.06985568548311187,0.9574468085106383,2.8148200869502005,0.15918373514165163,16.69017273031788,1941.5577785,0.43786314801637005,7.005810368261921,123195849,237333,2093649698,5.556664124347034,5.567368866246444,206,0,0,90.0,90,90,80.13500215828782,94,90,0.23185280180633458,0.7779063738367011
1,1,inf,7.449782096873457,175,0.9095095748229934,-0.0174325445164342,0.0174325445164342,0.92,2.7012217101901697,0.04558535838162081,14.897921553835328,2218.710224,0.5003670011650625,8.005872018641,30834031,5285177,2180963672,1.3907477829606443,1.6291320602322272,206,0,0,161.0,161,161,141.58456849301317,175,161,0.06639555889751941,0.8889505344928136
1,1,0.1448155369902942,7.456968158804118,176,0.9171291304092789,-0.10153694498919781,0.10153694498919781,0.4943181818181818,2.8671696098711528,0.21153325806260392,17.587169137048676,1941.55723175,0.4378630247124546,7.005808395399273,178704387,3672,2038374821,8.060338592303776,8.060504215340835,206,0,0,87.0,87,87,77.83808323964021,176,87,0.30810043823506345,0.7779061547753295
1,1,0.522162339820597,6.192585641195047,73,0.9918441895515554,-0.14964508755944556,0.14964508755944556,1.0,3.2970148411738216,0.6413784893652728,27.03182406987836,1941.475674125,0.4378446317092575,7.00551410734812,262852521,86483,1954143876,11.855782360287767,11.859683116582453,204,2,0,73.0,73,73,62.32687645558946,73,73,0.9341745853954583,0.7778734778202449
1,1,inf,5.94674378525163,62,0.9143021875166635,-0.11956575201046218,0.11956575201046218,0.967741935483871,3.385404365960714,0.7297680141521652,29.52993120123033,1664.415406,0.37536156654639813,6.00578506474237,210377999,249116,2006455765,9.488955099414236,9.500191305432839,206,0,0,60.0,60,60,54.91506760962094,62,60,1.0629148675224933,0.6668662490382852
1,2,0.34541980725566646,8.02801166755648,261,0.9354525968129869,-0.1560825344221707,0.1560825344221707,0.9770114942528736,2.9713317058583733,0.3156953540498244,19.517894391102747,2217.333903,0.5000566110997168,8.000905777595468,274032926,0,1943049954,12.360066846035092,12.360066846035092,139,67,0,252.36893203883494,249,255,194.48695114238677,261,255,0.45981363792325397,0.888399096420663
1,2,inf,7.862247463329641,233,0.9449361502143789,-0.11167847195746446,0.11167847195746446,0.9656652360515021,2.782137417478799,0.12650106567025032,16.15351087169508,2218.723428,0.5003699789518018,8.005919663228829,196524786,0,2020558094,8.864115445246684,8.864115445246684,206,0,0,224.4757281553398,223,225,177.4813722193222,233,225,0.1842501464175051,0.8889558248199281
1,2,0.860216556009284,8.4244472273238,344,0.975851952983521,-0.18025212238352425,0.18025212238352425,0.5145348837209303,3.2757367169967675,0.6201003651882186,26.46271383204212,2178.630019,0.491328050622988,7.861248809967808,315871491,0,1901211389,14.247166574124645,14.247166574124645,1,205,0,174.31553398058253,172,177,133.9300099883553,344,177,0.9031827714187158,0.872891961691406
1,2,0.08459147904776364,8.46920891766529,354,0.9603107157338726,-0.1301337081967779,0.1301337081967779,0.4915254237288136,2.84530788173778,0.1896715299292313,17.20685553006252,2218.634476,0.5003499183575852,8.005598693721364,228856965,0,1988225915,10.322436164407168,10.322436164407168,204,2,0,172.71844660194174,171,174,137.7213788447639,354,174,0.27625859889425164,0.8889201852275701
1,2,0.09378257359041306,8.609691126354056,391,0.9979570680586592,-0.14798699275519997,0.14798699275519997,0.5498721227621484,2.897588790423939,0.24195243861539018,18.13037648527363,2218.270812,0.5002679042833076,8.004286468532921,259969019,0,1957113861,11.725723983760139,11.725723983760139,202,4,0,212.1747572815534,209,215,151.94579560512366,391,215,0.35240629796087186,0.8887744792657555
1,2,inf,7.793385866747175,222,0.9649233155245309,-0.17954315746732097,0.17954315746732097,0.509009009009009,3.47114642003017,0.815510068221621,32.17360577638972,1939.58433675,0.43741809434521456,6.998689509523433,314648407,0,1902434473,14.192000210655182,14.192000210655182,130,76,0,111.52912621359224,109,113,91.26128332797944,222,113,1.1877990804161254,0.7771156928007205
1,3,inf,8.724699260425378,423,0.9119733588501123,-0.14477175257618818,0.14477175257618818,0.524822695035461,2.9256248306401136,0.26998847883156474,18.645872923572625,2218.357864,0.5002875363865513,8.004600582184821,254374220,0,1962708660,11.473374418912115,11.473374418912115,203,3,0,219.0728155339806,216,222,170.49897104882749,423,222,0.3932410884618664,0.8888093576023186
1,4,inf,8.561968102288697,378,0.9893446639697863,-0.15752649089017834,0.15752649089017834,0.7857142857142857,2.9374280388202676,0.28179168701171875,18.867258000268485,2460.406479375,0.5548747188411378,8.877995501458205,276541169,0,1940541711,12.47319942319883,12.47319942319883,1,205,0,293.8398058252427,290,297,216.68052069948604,378,297,0.41043258660353865,0.9857887845159125
1,4,0.9256344144696704,8.947590164050204,494,0.9717760236003643,-0.17613718216109417,0.17613718216109417,0.9532520325203252,3.1375812126126124,0.4819448608040635,23.048051047467244,2425.690925875,0.547045612899009,8.752729806384144,308768433,0,1908314447,13.926788023368797,13.926788023368797,0,206,0,461.7864077669903,455,469,320.0965156199807,492,469,0.7019578111680354,0.9718796180527941
1,4,0.43036866629129905,8.515324164653531,366,0.9283908437864039,-0.1594233123013733,0.1594233123013733,1.0,3.0012479781172714,0.34561162630872255,20.110618881353595,2456.906645625,0.5540854308579118,8.86536689372659,279831617,0,1937251263,12.621612819454002,12.621612819454002,1,205,0,358.74271844660194,354,366,262.23524709885965,366,366,0.5033870063748387,0.9843865378191403
1,4,inf,8.202613881723938,295,0.9238552820627388,-0.1892496721094227,0.1892496721094227,0.9355932203389831,3.6418209737489793,0.9861846219404304,38.161264153703776,2400.197826125,0.5412963691562581,8.66074190650013,331389466,0,1885693414,14.94709417448571,14.94709417448571,0,206,0,271.70388349514565,269,276,210.9526393852393,295,276,1.4363883815877474,0.9616655286221407
1,5,inf,8.33127685382362,322,0.9051961866465105,-0.17593355190443877,0.17593355190443877,0.9813664596273292,3.3095368244150642,0.6539004726065154,27.372444287428458,2426.05145125,0.5471269191456659,8.754030706330655,308416551,0,1908666329,13.91091662752815,13.91091662752815,0,206,0,310.6067961165049,306,316,235.82025226871184,322,316,0.952412987051699,0.9720240664901508
1,,,8.664794405712263,406,0.9480910428300079,-0.19474471504028232,0.19474471504028232,0.9801980198019802,3.6692008655363604,1.0135645137278115,39.22055083967544,2389.586541875,0.5389032957295219,8.62245273167235,340846224,0,1876236656,15.373634746572938,15.373634746572938,0,206,0,389.626213592233,383,396,275.4283925273048,404,396,1.476267484929616,0.9574140014494363
1,,,5.565886682316867,47,0.9824664190456341,-0.054277995669260434,0.054277995669260434,0.9574468085106383,3.6881431799489346,1.0325068281403857,39.97055987273245,1664.4130585,0.3753610371345252,6.005776594152403,95767583,49430076,2071885221,4.319531031695125,6.54904064750164,206,0,0,45.0,45,45,41.94536645719563,47,45,1.5038571671628147,0.6668653084867173
1,,,8.215821674880289,297,0.9387478379030174,-0.03475701730058051,0.03475701730058051,0.15151515151515152,4.102194733426346,1.4465583816177974,60.472863875084656,1664.4130585,0.3753610371345252,6.005776594152403,61394482,20277,2155668121,2.769155927991289,2.770070508144468,206,0,0,45.0,45,45,41.46526285938002,297,45,2.1069276547385543,0.6668653084867173
1,,,6.47019640155668,89,0.9829789743132413,-0.1922665903758478,0.1922665903758478,0.9775280898876404,4.231545691031273,1.575909339222724,68.82352991387964,1921.654031125,0.4333744237664674,6.933990780263478,336582193,12564,1880488123,15.181308558027384,15.181875248614974,1,205,0,86.19902912621359,85,87,72.2847848237231,89,87,2.2953286990434094,0.7699317196092024
1,,,7.600875031818839,194,0.9867490631752325,-0.14079808025712037,0.14079808025712037,0.25257731958762886,4.391148621708694,1.7355122699001448,80.733097532425,1664.4136845,0.3753611783110246,6.005778852976394,247453139,0,1969629741,11.161203815709406,11.161203815709406,206,0,0,49.0,49,49,43.37063448642788,194,49,2.5277920636021904,0.6668655593004688
1,,,7.187298362092502,146,0.943141819517989,-0.1861073128974132,0.1861073128974132,0.5205479452054794,4.489899393518669,1.8342630417101198,89.11248013459118,1930.4889165,0.43536688093951637,6.965870095032262,325976035,0,1891106845,14.702925088664253,14.702925088664253,1,205,0,74.44660194174757,74,76,63.56269951614198,146,76,2.6716236121225636,0.7734715131303814
1,,,8.698836067463013,416,0.9024859491386257,-0.13447368397630532,0.13447368397630532,0.10336538461538461,4.5494430199098055,1.8938066681012566,94.57971462363622,1664.4127455,0.37536096654627543,6.005775464740407,236432604,0,1980650276,10.664130156469387,10.664130156469387,206,0,0,43.0,43,43,40.34892612632509,416,43,2.758349536704053,0.6668651830798416
1,,,6.295462820799465,79,0.9379464079726929,-0.19127661014353772,0.19127661014353772,0.9746835443037974,4.579262305307691,1.9236259534991422,97.44248488284819,1923.063679875,0.4336923299581385,6.939077279330216,334879853,19064,1882183963,15.104525681962778,15.105385550584378,1,205,0,77.0,77,77,68.39306436716993,79,77,2.8017816427619384,0.7704965108091547
1,,,7.6825914525858225,205,0.9281233783839008,-0.2116219096452038,0.2116219096452038,0.5804878048780487,5.589805837835285,2.934169486026736,267.683640632501,1893.99152575,0.4271359322728612,6.834174916365779,369942484,0,1847140396,16.686001562557735,16.686001562557735,1,205,0,115.99514563106796,115,119,94.19566635881786,205,119,4.2736490364708555,0.7588484340712723
1,,,5.54241417358033,47,0.9419114319316304,-0.11777181475257596,0.11777181475257596,0.9574468085106383,5.897551219289805,3.241914867481256,364.14466474119905,1664.4130585,0.3753610371345252,6.005776594152403,207231872,788816,2009062192,9.3470512027047,9.382630206408882,206,0,0,45.0,45,45,41.63723949967876,47,45,4.721883454828338,0.6668653084867173
1,,,6.661229921188507,101,0.947413267509017,-0.19013093192077887,0.19013093192077887,0.5247524752475248,6.099004629011206,3.443368277202657,445.4141969895653,1664.14258925,0.37530004048608234,6.0048006477773175,332908392,4968,1884169520,15.015604288099505,15.015828366326115,203,3,0,53.0,53,53,46.09994754858657,101,53,5.015302486840516,0.6667569420214842
1,,,8.315061821599972,318,0.9796817088325162,-0.22659905183842333,0.22659905183842333,0.5157232704402516,6.320898245181115,3.6652618933725662,556.0722574122335,2100.049647,0.4736064821807654,7.577703714892246,395795754,0,1821287126,17.852095542770147,17.852095542770147,0,206,0,160.08252427184465,158,164,122.34644535014455,318,164,5.338492896753642,0.8414078756064246
1,,,5.158442112421169,36,0.9435097060003038,-0.06271729758067243,0.06271729758067243,0.9722222222222222,6.776380873448568,4.120744521640019,876.8894006784701,1664.4114935,0.3753606841932765,6.005770947092424,110647304,77051038,2029384538,4.9906706239146095,8.466004753056412,206,0,0,35.0,35,35,33.01731524052361,36,35,6.001908185030099,0.6668646814523388
1,,,5.5306181944331785,46,0.9958880245909081,-0.10998251547978372,0.10998251547978372,0.9111111111111111,7.209134711716079,4.55349835990753,1351.7221318711697,1664.4124325,0.3753608959580257,6.005774335328411,193543082,1722048,2021817750,8.729627734981202,8.807299526844933,206,0,0,41.0,41,41,37.937286680854484,45,41,6.632218749143218,0.6668650576729659
1,,,7.603515808465914,194,0.9804391827947078,-0.20106097660540648,0.20106097660540648,0.26288659793814434,7.369702949020766,4.714066597212217,1587.16224491343,1663.9202015,0.375249887252749,6.003998196043984,351721983,0,1865360897,15.864178383804939,15.864178383804939,201,5,0,49.567961165048544,49,51,43.23894881344362,194,51,6.8660880930624835,0.6666678399354665
1,,,6.6620678713664665,101,0.9774321416141843,-0.23058827683781374,0.23058827683781374,0.8613861386138614,7.4842115587645415,4.828575206955993,1779.7204115116579,1866.354701125,0.4209032323421757,6.734451717474811,402670627,1246,1814411007,18.16218196588122,18.162238165855126,0,206,0,86.99029126213593,85,87,75.0015220948442,101,87,7.03287109998475,0.7477754378068996
1,,,5.572365262682816,48,0.9936127463375743,-0.1514374448710494,0.1514374448710494,0.8723404255319149,7.486920660975857,4.831284309167308,1784.548392808604,1664.4124325,0.3753608959580257,6.005774335328411,265966449,463170,1950653261,11.996233943225434,12.017124907842868,206,0,0,41.0,41,41,37.6865538668487,47,41,7.036816936143918,0.6668650576729659
1,,,8.214198369093385,297,0.9467381601555291,-0.024014785093855507,0.024014785093855507,0.1111111111111111,7.66138773938185,5.0057513875733015,2124.7039189283228,1637.845656125,0.36936951498290405,5.909912239726465,42444469,60370,2174578041,1.9144286117080116,1.917151559079289,0,206,0,33.0,33,33,30.82071153228397,297,33,7.290930089823843,0.656220787951375
1,,,5.7896368640733264,55,0.9124923679305643,-0.10165669068288148,0.10165669068288148,0.5272727272727272,8.334678258555774,5.6790419067472255,4165.861010955991,1387.27444775,0.31286030402029896,5.005764864324783,178913075,570036,2037599769,8.069751321159451,8.09546240328192,206,0,0,29.0,29,29,27.829320842033408,55,29,8.271584885750102,0.5558266908746103
1,,,7.51376948551869,183,0.936181261055339,-0.24815202735620592,0.24815202735620592,0.9781420765027322,8.671447627184504,6.015811275375955,5833.938607722413,2063.068447,0.46526642409507035,7.444262785521126,432780221,0,1784302659,19.520254515699477,19.520254515699477,0,206,0,175.79611650485438,173,179,139.4915186817379,183,179,8.762093049851416,0.8265909530761278
1,,,5.7820969277939325,55,0.9007362269751006,-0.02161774412188311,0.02161774412188311,0.5272727272727272,9.086779439280425,6.4311430874718765,8837.677892495989,1387.27444775,0.31286030402029896,5.005764864324783,38219019,74157889,2104705972,1.7238425926594139,5.068683223966801,206,0,0,29.0,29,29,27.966152525698682,55,29,9.367028247709735,0.5558266908746103
1,,,7.7712014795103155,218,0.9581116609220902,-0.251720919264514,0.251720919264514,0.5321100917431193,9.109674786379935,6.454038434571387,9042.353716624923,1834.68833675,0.41376178430235316,6.620188548837651,438867342,0,1778215538,19.794809926095322,19.794809926095322,0,206,0,112.58252427184466,110,116,89.20911675835207,218,116,9.400375564058521,0.7350879623393504
1,,,8.302440900594402,316,0.9896160771839767,-0.20629951474982774,0.20629951474982774,0.11075949367088607,9.327936020605613,6.672299668797064,11247.892093450111,1663.657095,0.3751905510632061,6.0030488170112974,360756176,0,1856326704,16.271659451901048,16.271659451901048,186,20,0,35.0,35,35,32.010212967796335,316,35,9.718275371070217,0.6665624234366044
1,,,6.935876843619241,122,0.9490706994354521,-0.23163146740637566,0.23163146740637566,0.5,9.544003060345075,6.888366708536526,13960.721527686377,1636.27569575,0.3690154550627354,5.904247281003767,404463189,0,1812619691,18.24303424326654,18.24303424326654,1,205,0,60.12135922330097,59,61,52.729806205830386,122,61,10.03297931049604,0.6555917661442944
1,,,5.892065158492149,59,0.9554584787015835,-0.15108987755492975,0.15108987755492975,0.6101694915254238,9.594431047388328,6.938794695579779,14682.785724107538,1664.41165,0.3753607194874014,6.0057715117984225,265361957,172773,1951548150,11.968968746896824,11.9767615543538,206,0,0,36.0,36,36,32.327291800513976,59,36,10.10642820949962,0.6668647441557766
1,,,8.633541453689249,397,0.969970713381075,-0.25696440707236745,0.25696440707236745,0.9139240506329114,9.772101539719902,7.116465187911353,17537.58444868816,2269.260330625,0.5117671403030725,8.18827424484916,447795302,0,1769287578,20.197499427716476,20.197499427716476,0,206,0,353.25728155339806,345,361,253.2961760660938,395,361,10.365207169603364,0.9092039879708205
1,,,8.903293109408434,479,0.9761139701990353,-0.2659208660171123,0.2659208660171123,0.4758909853249476,9.86065248937565,7.2050161375671005,19161.38795949108,2032.843225,0.4584499847385047,7.335199755816075,463015184,0,1754067696,20.883981748124814,20.883981748124814,0,206,0,222.61650485436894,219,227,166.0640258592997,477,227,10.494182568767275,0.8144808870740774
1,,,7.08062111350314,135,0.9763923390006588,-0.25334366198615593,0.25334366198615593,0.5259259259259259,10.128116356086078,7.4724800042775295,25037.158894227912,1832.261079,0.41321438533682603,6.6114301653892165,441632339,0,1775450541,19.919523216019783,19.919523216019783,0,206,0,69.33495145631068,67,71,57.531116989238676,135,71,10.883746532846812,0.7341154549560635
1,,,5.716209893100378,53,0.9980027179554193,-0.13446219847706145,0.13446219847706145,0.5094339622641509,10.283725486945453,7.6280891351369045,29252.651172991205,1387.27418625,0.3128602450464098,5.005763920742557,236412222,418190,1980252468,10.663210840363352,10.682073012985423,206,0,0,27.0,27,27,25.369126194587214,53,27,11.11039288553033,0.5558265861017732
1,,,6.203760149862838,74,0.942790321368135,-0.08340663198024414,0.08340663198024414,0.36486486486486486,10.601854660712513,7.946218308903965,40209.343006987576,1387.27418625,0.3128602450464098,5.005763920742557,146968498,377735,2069736647,6.62891312389729,6.645950601539984,206,0,0,27.0,27,27,25.15020930372631,74,27,11.573751407734825,0.5558265861017732
1,,,6.603427671948668,97,0.9474168729482618,-0.002194336887904691,0.002194336887904691,0.27835051546391754,10.605758972615222,7.950122620806673,40366.63969133372,1387.27418625,0.3128602450464098,5.005763920742557,3888604,62686460,2150507816,0.1753928116570906,3.0028225196524905,206,0,0,27.0,27,27,25.558793266141986,97,27,11.579438079510451,0.5558265861017732
1,,,7.802343445949743,223,0.964794848220121,-0.2945417842627606,0.2945417842627606,0.9551569506726457,10.815962157368253,8.160325805559705,49809.55725586671,1984.504592,0.44754858059253066,7.160777289480491,511350903,0,1705731977,23.064131143351755,23.064131143351755,0,206,0,208.60679611650485,203,213,156.55273751204626,223,213,11.885601251836043,0.795113484707971
1,,,7.202784079986476,147,0.9936139986838463,-0.272865673161405,0.272865673161405,0.3469387755102041,10.99030363961552,8.334667287806973,59296.386049669316,1585.463357,0.35755617692560054,5.720898830809609,474781172,0,1742301708,21.414678552747652,21.414678552747652,0,206,0,50.213592233009706,49,51,42.64812505019274,147,51,12.139531473376131,0.635233246495339
1,,,7.951145068626589,247,0.9131057751557313,-0.29709649929788173,0.29709649929788173,0.3469387755102041,10.99910199007408,8.343465638265531,59820.39827631402,1767.501139,0.3986096223430312,6.377753957488499,515646574,0,1701436306,23.257884432358253,23.257884432358253,0,206,0,83.13592233009709,81,85,69.88854451092195,245,85,12.152346364315056,0.7081686762131704
1,,,7.618329646974654,196,0.9036162710494696,-0.27520130176550284,0.27520130176550284,0.5153061224489796,11.09914245754553,8.443506105736983,66114.43991276027,1799.800666375,0.4058938622932761,6.494301796692418,478735769,0,1738347111,21.593047933327597,21.593047933327597,0,206,0,97.23300970873787,95,101,82.00251465628011,196,101,12.298056368271375,0.7211098353664855
1,,,8.176995465029691,289,0.9946027062817331,-0.1618582305785036,0.1618582305785036,0.09342560553633218,11.27140070883076,8.615764357022211,78542.93593495381,1387.27418625,0.3128602450464098,5.005763920742557,284051688,0,1933031192,12.811956222403378,12.811956222403378,206,0,0,27.0,27,27,25.34335096771603,289,27,12.548952341777714,0.5558265861017732
1,,,5.901791541819978,60,0.9131822217786522,-0.1667908284085345,0.1667908284085345,0.5,11.344723968431317,8.689087616622768,84518.35159727064,1387.2745785,0.3128603335072435,5.005765336115896,292594741,106708,1924381431,13.197284758249543,13.202097749273134,206,0,0,30.0,30,30,28.592813905396724,60,30,12.655748448558562,0.5558267432610288
1,,,5.2006291549503665,37,0.9174641470935853,-0.013394726692283665,0.013394726692283665,0.5675675675675675,11.824051879823179,9.16841552801463,136496.1761720479,1387.27340175,0.3128600681247424,5.005761089995878,23698014,147686213,2045698653,1.0688826391551045,7.730167805003302,206,0,0,21.0,21,21,19.843739961451977,37,21,13.353894645098606,0.555826271783262
1,,,6.9005450129064565,119,0.9416889368594885,-0.25307651542876236,0.25307651542876236,0.36134453781512604,11.83563083337468,9.17999448156613,138085.84464378163,1610.240843,0.3631440343357845,5.810304549372552,441175854,0,1775907026,19.89893377373425,19.89893377373425,1,205,0,41.84466019417476,41,43,37.481993354481205,119,43,13.370759513990592,0.6451606174448353
1,,,8.045894371032993,264,0.9270534940910176,-0.2556046550643507,0.2556046550643507,0.1553030303030303,12.139920814711697,9.484284462903148,187197.74831317406,1607.1817435,0.3624541414302022,5.799266262883235,445481940,0,1771600940,20.093156824159863,20.093156824159863,1,205,0,39.77669902912621,39,41,35.70250010038548,264,41,13.81396110535798,0.6439349557490556
1,,,5.148141315550789,35,0.9884145711366817,-0.278238137551208,0.278238137551208,0.08571428571428572,12.889396335767662,10.233759983959114,396089.8410199253,495.351317875,0.1117124042460244,1.7873984679363903,483867819,239530,1732975531,21.824525522473927,21.835329358548833,0,206,0,3.0,3,3,3.0,35,3,14.905580166108495,0.19846792700708304
1,,,5.1526659431759105,36,0.9181498409596525,-0.0876177990943585,0.0876177990943585,0.5277777777777778,12.905968811899847,10.250332460091297,402708.72461429256,1387.27314025,0.3128600091508532,5.005760146413651,154346346,30866541,2031869993,6.961685888801775,8.35390001297561,206,0,0,19.0,19,19,18.391410516382912,36,19,14.929718153703119,0.5558261670104251
1,,,7.934684985731752,245,0.9202404593125718,-0.2288709057118587,0.2288709057118587,0.12653061224489795,12.90848549086697,10.252849139058423,403723.4895746238,1387.02418125,0.31280386352764583,5.004861816442333,399711505,0,1817371375,18.02871280121021,18.02871280121021,203,3,0,31.0,31,31,29.311092093639576,245,31,14.933383723362331,0.5557264188622789
1,,,5.411248865490893,43,0.9916011845137608,-0.11635250854909492,0.11635250854909492,0.5813953488372093,12.92722118174558,10.27158482993703,411358.83142903814,1387.27392475,0.31286018607252064,5.00576297716033,204742049,1666245,2010674586,9.23474944698504,9.309904282874621,206,0,0,25.0,25,25,23.535812520077098,43,25,14.960672456222612,0.5558264813289362
1,,,5.643778273406532,50,0.9284720082337936,-0.2721310866468645,0.2721310866468645,0.06,12.934565318172364,10.278928966363814,414391.0276098432,496.666484875,0.11200900276560703,1.7921440442497125,473540379,45634,1743496867,21.358713437000606,21.36077172721662,0,206,0,3.0,3,3,3.0,50,3,14.971369268970992,0.198994863059818
1,,,5.340058221404699,41,0.972235935059645,-0.2228077700175257,0.2228077700175257,0.5121951219512195,13.005391324504037,10.34975497269549,444805.02741845406,1387.11822375,0.31282507213938704,5.005201154230193,389255016,238728,1827589136,17.55708004925824,17.56784771167418,203,3,0,21.0,21,21,20.12240503533569,41,21,15.07452809982855,0.5557640980191764
1,,,8.091860063077709,273,0.9438878439752052,-0.2210117065446661,0.2210117065446661,0.0989010989010989,13.251478604240772,10.595842252432224,568910.6120762825,1387.147793875,0.3128317408402432,5.005307853443891,386154766,0,1830928114,17.417245403112762,17.417245403112762,203,3,0,27.0,27,27,25.219559357934468,273,27,15.43295683782172,0.5557759456133955
1,,,5.069492466921046,34,0.9958559213241446,-0.2986393417750911,0.2986393417750911,0.09090909090909091,13.295516468340674,10.639880116532126,594524.0618207944,491.053853875,0.11074323344082654,1.7718917350532246,518236941,250120,1698595819,23.374721156116635,23.386002646865418,0,206,0,3.0,3,3,3.0,33,3,15.497098454853404,0.1967461010207781
1,,,6.81161856037401,112,0.9202363364795231,-0.04608386971819044,0.04608386971819044,0.1875,13.5420479301598,10.88641157835125,760740.7663772802,1387.27340175,0.3128600681247424,5.005761089995878,81341654,383878,2135357348,3.6688594158464656,3.6861739692834576,206,0,0,21.0,21,21,20.18361884637006,112,21,15.856174148769695,0.555826271783262
1,,,6.188647703940861,73,0.9488584045351534,-0.04247876657063241,0.04247876657063241,0.2876712328767123,14.136131163626457,11.480494811817909,1377982.6828802587,1387.27340175,0.3128600681247424,5.005761089995878,75000635,15609297,2126472948,3.382852110607611,4.0868987270336055,206,0,0,21.0,21,21,19.916560843639576,73,21,16.721462691363836,0.555826271783262
1,,,8.10573675877588,275,0.9971826426060968,-0.2967399008050816,0.2967399008050816,0.018315018315018316,14.399242615431882,11.743606263623334,1792716.4824983068,704.23776125,0.15882080178482097,2.5411328285571355,515050284,0,1702032596,23.230989181604254,23.230989181604254,0,206,0,5.0,5,5,4.998984851831032,273,5,17.10468731688312,0.28216056675691864
1,,,5.841149793141422,57,0.9408528643724636,-0.10023901215046374,0.10023901215046374,0.05263157894736842,14.448299361370108,11.792663009561558,1882854.1743220307,533.738533125,0.12036954909078545,1.9259127854525673,176427611,582016,2040073253,7.95764617513983,7.98389760693114,0,206,0,3.0,3,3,3.0,57,3,17.176138988645672,0.21384818493578955
1,,,6.622534816832323,99,0.9217628526696963,-0.21091003970966776,0.21091003970966776,0.050505050505050504,14.596020063540967,11.94038371173242,2182584.020981633,740.822041,0.16707134579470478,2.6731415327152765,368710941,2224,1848369715,16.63045366170524,16.630553973697186,0,206,0,5.0,5,5,4.9988556055252165,99,5,17.39129576111766,0.29681845884485686
1,,,6.051952392224902,66,0.9331568997342552,-0.09328845297622985,0.09328845297622985,0.045454545454545456,14.648210832067507,11.99257448025896,2299519.6978437146,535.279721125,0.1207171202199261,1.9314739235188176,164265943,414180,2052402757,7.4091024959788605,7.427783800306103,0,206,0,3.0,3,3,3.0,66,3,17.46731217008392,0.21446567877591977
1,,,7.541095210029226,186,0.9121921678335113,-0.25508228965011653,0.25508228965011653,0.026881720430107527,14.711923439909205,12.056287088100657,2450796.029892418,721.85170275,0.16279312543110702,2.6046900068977124,444594518,0,1772488362,20.053130264575405,20.053130264575405,0,206,0,5.0,5,5,4.998785335689046,186,5,17.560110260450003,0.28921778519922664
1,,,5.760894366883369,54,0.9466721003727034,-0.23996112322915092,0.23996112322915092,0.5,14.73346770211552,12.077831350306973,2504169.5037840074,1386.84530775,0.312763523696056,5.004216379136896,418767098,55456,1798260326,18.8882022308521,18.890703535629665,202,4,0,27.0,27,27,25.316396211451977,54,27,17.59148970729449,0.5556547512367767
1,,,5.590587252487297,48,0.9696320375077736,-0.00440485306802123,0.00440485306802123,0.3125,14.800070236645853,12.144433884837305,2676633.046314439,1110.136871,0.25035980409537056,4.005756865525929,7802769,134074406,2075205705,0.35193853465685504,6.399272498103453,206,0,0,15.0,15,15,14.833593499036299,48,15,17.688497006592495,0.4447884875459201
1,,,6.14828713798251,71,0.9515057129231714,-0.0032182934927028725,0.0032182934927028725,0.18309859154929578,15.075481092399892,12.419844740591344,3525317.6103619775,1110.136661,0.250359756735842,4.005756107773472,5701688,85910645,2125470547,0.2571707197522539,4.132111335413857,206,0,0,13.0,13,13,12.81360674991969,71,13,18.089635844663057,0.4447884034071217
1,,,7.650697840633375,201,0.940638686144007,-0.09416801094059676,0.09416801094059676,0.024875621890547265,15.2445258441994,12.588889492390852,4174586.3946060897,791.54893275,0.17851135379070718,2.856181660651315,165802979,2619,2051277282,7.478429448699726,7.478547576895276,0,206,0,5.0,5,5,4.999233305894635,201,5,18.33585132202006,0.3171427432180655
1,,,6.6526289093820985,101,0.9049254119927594,-0.14705926272047593,0.14705926272047593,0.10891089108910891,15.294622543327506,12.638986191518956,4389046.412415563,1110.136451,0.2503597093763134,4.005755350021015,258355072,13556,1958714252,11.652928013227903,11.653539447293914,206,0,0,11.0,11,11,10.909482412463861,101,11,18.40881769665478,0.44478831926832335
1,,,5.740102804346848,53,0.9129921505335472,-0.2512147087035206,0.2512147087035206,0.5094339622641509,15.307173154502015,12.651536802693467,4444478.75462143,1386.06849875,0.3125883365149615,5.001413384239384,438003455,40087,1779039338,19.75584489651555,19.757652993107772,144,62,0,27.0,27,27,25.734652314889175,53,27,18.427097795200044,0.5553435142089399
1,,,5.664142915571773,51,0.9925120118376797,-0.28752875427029173,0.28752875427029173,0.49019607843137253,15.320909374332102,12.665273022523554,4505950.318730018,1350.73739275,0.30462041020992414,4.873926563358786,499551789,41460,1717489631,22.531940213258967,22.53381023807283,1,205,0,25.0,25,25,23.396988184628974,51,25,18.44710474535107,0.5411877198996231
1,,,6.469696425266884,89,0.9926764988848602,-0.2763171591885575,0.2763171591885575,0.4606741573033708,15.444236110581032,12.788599758772484,5097374.2418948645,1581.0827085,0.35656824622181016,5.7050919395489625,480619162,650,1736463068,21.6779970805602,21.678026398363603,0,206,0,39.54368932038835,39,41,35.51519208761645,89,41,18.62673144723428,0.6334780917286748
1,,,8.119112121112078,278,0.945891577553834,-0.2525979633118389,0.2525979633118389,0.11151079136690648,15.672269015179417,13.016632663370867,6402947.666436162,1385.45270975,0.3124494628162029,4.999191405059246,440362626,0,1776720254,19.862253683542946,19.862253683542946,132,74,0,31.0,31,31,29.030990252569868,278,31,18.95886379598288,0.5550967916064281
1,,,5.699049378123834,52,0.9599382791520844,-0.25089128716507136,0.25089128716507136,0.3269230769230769,16.07616108128893,13.42052472948038,9589325.217918066,1168.51727025,0.26352584307763904,4.216413489242225,437451618,59599,1779571663,19.730954667784,19.733642839730013,0,206,0,17.0,17,17,16.605920484661098,52,17,19.547136882247063,0.4681792334647938
1,,,7.327939082815147,161,0.964984660155482,-0.0359017667594683,0.0359017667594683,0.043478260869565216,16.747099726853513,14.091463375044963,18757415.52487908,833.00049075,0.18785957400699427,3.0057531841119083,63411621,215042,2153456217,2.860137596660347,2.869836918320347,206,0,0,7.0,7,7,6.992387016141985,161,7,20.524366149269035,0.3337507636080504
1,,,6.839876904338335,115,0.9385089496100354,-0.07310023621671406,0.07310023621671406,0.14782608695652175,16.863798140547715,14.208161788739165,21079217.08036802,1322.77516825,0.29831432559029997,4.7730292094447995,128896573,98848,2088087459,5.813791363541628,5.818249834665631,0,206,0,17.0,17,17,16.64588394434629,115,17,20.69433862891514,0.5299843486139084
1,,,8.710854690160017,419,0.977210839910438,-0.053251974731090244,0.053251974731090244,0.0405727923627685,17.21908836197026,14.563452010161711,30071497.73395538,1340.29447475,0.3022653070033178,4.836244912053084,93956334,474,2123126072,4.237835890014179,4.237857269458506,0,206,0,17.0,17,17,16.606943161741086,419,17,21.211822611923253,0.5370036505077093
1,,,7.656215041827594,202,0.9650125015558797,-0.03149391476882117,0.03149391476882117,0.034653465346534656,17.42472340668127,14.76908705487272,36936966.38813262,833.00049075,0.18785957400699427,3.0057531841119083,55643094,132230,2161307556,2.5097435238866668,2.5157076671847287,206,0,0,7.0,7,7,6.993191354802441,202,7,21.511332239734113,0.3337507636080504
2,0,0.10334192201123113,7.205143283862684,148,0.9559207160745413,-0.08418343084009677,0.08418343084009677,0.49324324324324326,2.8912798569851175,0.23564350517656862,18.016353207643835,1941.55468025,0.43786244929418244,7.005799188706919,148332165,24595,2068726120,6.690420386990675,6.6915297275670635,206,0,0,73.0,73,73,64.14224998996146,148,73,0.3432172693650872,0.777905132488929
2,0,0.0712835897336476,6.109925950099369,69,0.9293593757766684,-0.05189833355747814,0.05189833355747814,1.0,2.916848958383028,0.2612126065744791,18.482955043530037,1941.55395125,0.43786228488896184,7.005796558223389,91566856,6124628,2119391396,4.13006012657497,4.406307264435689,206,0,0,69.0,69,69,62.88234570751686,69,69,0.3804589372622531,0.7779048404071003
2,0,0.18915620415854323,8.747138770306805,430,0.9240970575005685,-0.04977206036296009,0.04977206036296009,0.1511627906976744,2.9250026920916805,0.26936634028313167,18.63427621501145,1875.68473025,0.42300735510843873,6.76811768173502,87824268,388,2129258224,3.961253266273925,3.9612707667473397,0,206,0,65.0,65,65,58.48455192940893,430,65,0.3923349370548927,0.7515136160907449
2,0,0.19723230202784336,7.979432385100146,252,0.9816568763423911,-0.04520189214397206,0.04520189214397206,0.5476190476190477,2.7003135886143403,0.0446772368057915,14.884398571022858,2218.70544,0.5003659222698973,8.005854756318357,79789656,21387,2137271837,3.598857612395618,3.599822258336143,206,0,0,138.0,138,138,107.79354847614842,252,138,0.06507287017213269,0.888948617730854
2,0,0.07643352558345354,8.402384855490368,338,0.9155212992441091,-0.057480902898809944,0.057480902898809944,0.257396449704142,2.7770465036456504,0.12141015183710158,16.071483713502456,1941.55723175,0.4378630247124546,7.005808395399273,101422208,1111,2115659561,4.574579007168194,4.574629118059853,206,0,0,87.0,87,87,77.1951857633312,338,87,0.17683517632071838,0.7779061547753295
2,0,0.3871839273427913,8.747138770306805,430,0.9359781606537837,-0.04977206036296009,0.05379907554448997,0.14651162790697675,2.940804668327745,0.2851683165191963,18.931073420239148,1664.4158755,0.3753616724287727,6.0057867588603635,91372034,299,2125710547,4.121272814122312,4.121286300311876,206,0,0,63.0,63,63,57.17913663467716,430,63,0.41535068336307224,0.6668664371485987
2,0,0.05425385692832679,7.667152209384268,203,0.9721633019852675,-0.027928063572039842,0.015215426325317326,0.5073891625615764,2.7254410274563385,0.0698046756477897,15.263143908230365,1941.56014775,0.43786368233333706,7.005818917333393,38138571,3193178,2175751131,1.72021404089323,1.864240140630196,206,0,0,103.0,103,103,87.97102749558304,203,103,0.10167125186326703,0.7779073231026444
2,0,0.18447717540631361,7.83414034345963,228,0.9977074372587773,-0.007446939539571762,0.007446939539571762,0.5154185022026432,2.718723563607518,0.06308721179896937,15.160957890503383,1941.56269925,0.4378642577516092,7.005828124025747,13183702,16633480,2187265698,0.5946418205168766,1.3448835074672536,206,0,0,117.0,117,117,95.51009501485706,227,117,0.0918871943840539,0.777908345389045
2,0,0.17916594608058042,8.4244472273238,344,0.9761056694680993,-0.0462422829622096,0.01575446235546893,0.5377906976744186,2.6818048153846044,0.026168463576055512,14.611440465383668,2218.715164,0.5003681152415916,8.005889843865466,54750876,67077,2162264927,2.4695006440174216,2.4725261060154864,206,0,0,184.74757281553397,184,185,143.45849060391905,344,185,0.03811464527878104,0.8889525137578808
2,0,inf,7.60481144142165,195,0.9375903364249083,-0.04912539127748876,0.047816687367020716,0.26153846153846155,3.205238677725072,0.5496023259165232,24.661385437442195,1664.4139975,0.37536124889927436,6.00577998238839,85536279,40914,2131505687,3.8580550944491527,3.8599004923081632,206,0,0,51.0,51,51,46.920079354722134,195,51,0.800501628069173,0.6668656847073444
2,0,inf,8.209842455374522,296,0.9486415444894601,-0.024014785093855507,0.0064068007308358405,0.9425675675675675,2.6728748289852766,0.017238477176727773,14.481541362592612,2495.87731225,0.5628741565696452,9.005986505114324,26894102,5287518,2184901260,1.2130399924426822,1.4515298589108225,206,0,0,279.0,279,279,222.45542006304208,296,279,0.02510802519329185,1.000000561926975
2,0,0.10729033091510505,8.206147808706456,295,0.9474168729482618,-0.0026477499369405993,0.015192179047784837,0.26101694915254237,2.8068188852255207,0.15118253341697185,16.557164115453837,1941.55540925,0.43786261369940305,7.005801819190449,15787174,8684972,2192610734,0.7120696362961406,1.1037993311282976,206,0,0,77.0,77,77,67.84497595767748,295,77,0.22019896646923875,0.7779054245707577
2,0,0.01738942200166973,7.280536308112417,155,0.9691030851672301,-0.02130198166305834,0.02584340511761722,1.0,2.6861742594560063,0.030537907647457452,14.67542402178735,2218.708976,0.5003667197141498,8.005867515426397,41665627,3710981,2171706272,1.879299478420942,2.0466807267033698,206,0,0,155.0,155,155,127.72244042121747,155,155,0.04447878700085539,0.8889500344679545
2,0,0.24835947487489193,6.80575077033219,112,0.9792707667078632,-0.10624038813179293,0.10217723867745727,0.5,3.2019776128592814,0.5463412610507326,24.581094048719006,1664.41478,0.3753614253698987,6.005782805918379,183395873,45297,2033641710,8.271944844930651,8.27398793499321,206,0,0,56.0,56,56,49.714178696193386,112,56,0.7957518524383088,0.6668659982245337
2,0,0.006310625263456393,7.7667457269799,218,0.9474168729482618,-0.00764251354008437,0.002194336887904691,0.4954128440366973,2.71928336996536,0.06364701815681117,15.169447467159245,1941.561059,0.4378638878398628,7.005822205437805,8707484,20919830,2187455566,0.3927450831247229,1.3363196417808252,206,0,0,108.0,108,108,93.64670836010279,218,108,0.09270255829305582,0.7779076882049303
2,1,0.06071192136153679,7.667152209384268,203,0.9471096206143133,-0.01667037507206337,0.01667037507206337,0.5270935960591133,2.754524290590794,0.09888793878224522,15.713564034272979,1941.56087675,0.43786384673855766,7.005821547816923,29486570,3311815,2184284495,1.3299714803625202,1.47934862047196,206,0,0,107.0,107,107,90.96291885841632,203,107,0.14403133367309529,0.7779076151844732
2,1,0.266452979726624,6.96538015336342,125,0.9329861212332785,-0.10947580832347575,0.10947580832347575,0.504,3.038645766220503,0.383009414411954,20.876951809461072,1664.4158755,0.3753616724287727,6.0057867588603635,192652676,18420,2024411784,8.689466584126977,8.690297405571053,206,0,0,63.0,63,63,57.16045364198522,125,63,0.5578572821563311,0.6668664371485987
2,1,inf,7.640026026341788,199,0.937365772887371,-0.04912539127748876,0.04912539127748876,0.2663316582914573,3.3422087542184924,0.6865724024099435,28.28152470611712,1664.4143105,0.37536131948752405,6.005781111800385,86687613,36147,2130359120,3.909985223466251,3.9116156090655485,206,0,0,53.0,53,53,47.80309639013813,199,53,1.0,0.6668658101142202
2,1,0.23038547760808234,6.80575077033219,112,0.9825399511196321,-0.10217723867745727,0.10217723867745727,0.49107142857142855,3.2295992506033744,0.5739628987948255,25.269528193371187,1664.4146235,0.3753613900757738,6.005782241212381,179827011,49077,2037206792,8.110973776496799,8.113187360862215,206,0,0,55.0,55,55,49.43716872791519,112,55,0.8359830613350515,0.6668659355210959
2,1,0.026870350681178816,7.83414034345963,228,0.9980204784898682,-0.007446939539571762,0.007446939539571762,0.5066079295154186,2.7198145316179403,0.06417817980939144,15.177507036222153,1941.56233475,0.43786417554899887,7.005826808783982,13183702,16644943,2187254235,0.5946418205168766,1.345400538206312,206,0,0,115.0,115,115,95.33575555131706,227,115,0.09347620088445018,0.7779081993481306
2,1,0.29309967706273105,6.736680755523931,107,0.9832678196057838,-0.148242493955227,0.148242493955227,0.9626168224299065,3.012899889850477,0.357263538041928,20.34631653492835,1941.49235475,0.43784839354990646,7.005574296798503,260414429,14944,1956653507,11.745813895780026,11.746487934632375,204,2,0,102.64563106796116,101,103,86.07038026019916,107,103,0.5203581396337724,0.7778801610952164
2,1,0.016620867109250172,6.561565964482307,94,0.931799109695205,-0.06985568548311187,0.06985568548311187,0.9574468085106383,2.8148200869502005,0.15918373514165163,16.69017273031788,1941.5577785,0.43786314801637005,7.005810368261921,123195849,237333,2093649698,5.556664124347034,5.567368866246444,206,0,0,90.0,90,90,80.13500215828782,94,90,0.23185280180633458,0.7779063738367011
2,1,0.27712452513671726,7.449782096873457,175,0.9095095748229934,-0.0174325445164342,0.0174325445164342,0.92,2.7012217101901697,0.04558535838162081,14.897921553835328,2218.710224,0.5003670011650625,8.005872018641,30834031,5285177,2180963672,1.3907477829606443,1.6291320602322272,206,0,0,161.0,161,161,141.58456849301317,175,161,0.06639555889751941,0.8889505344928136
2,1,0.15038837574724073,6.499471252611073,90,0.9659568291238412,-0.05189833355747814,0.05189833355747814,0.9,2.8217038507279852,0.1660674989194364,16.805460287706655,1941.55613825,0.43786277810462365,7.005804449673978,91566856,989599,2124526425,4.13006012657497,4.174695309541157,206,0,0,81.0,81,81,70.42646387126565,90,81,0.24187907689927746,0.7779057166525865
2,1,0.26410370883815404,6.986047991877064,127,0.9830360297034553,-0.054277995669260434,0.04612680506631633,0.984251968503937,2.719122772514966,0.06348642070641697,15.167011488183373,1941.56415725,0.4378645865620504,7.0058333849928065,88591084,231054,2128260742,3.995839975093759,4.006261507012313,206,0,0,125.0,125,125,103.70918326373274,127,125,0.09246864639996125,0.7779089295527025
2,1,0.0457632835249065,6.577241699744916,95,0.9329998860384947,-0.06998918410053308,0.0701518467150756,0.9789473684210527,2.799806150390744,0.14416979858219525,16.44145929170192,1941.55832525,0.4378632713202855,7.005812341124568,123573332,218722,2093290826,5.573690235702871,5.583555541234435,206,0,0,93.0,93,93,82.1937866407003,95,93,0.20998484366127101,0.7779065928980726
2,1,0.2694679873018743,6.949704418100812,124,0.9317853448899887,-0.10934230970607436,0.10917964709153169,0.5241935483870968,3.0364888782435995,0.38085252643505063,20.831971089733788,1797.3330245,0.40533735583669295,6.485397693387087,192273640,19957,2024789283,8.672370425773167,8.67327057254621,0,206,0,65.0,65,65,57.2075683123193,124,65,0.5547157518977124,0.7201211476415228
2,1,inf,8.215821674880289,297,0.9387478379030174,-0.029274082071156463,0.022220387808936592,0.7912457912457912,2.6833893459601463,0.027752994151597488,14.634611091988988,2218.725616,0.5003704723929852,8.005927558287762,45505993,52990,2171523897,2.0525165482311603,2.054906625773052,206,0,0,235.0,235,235,193.60811892667846,297,235,0.040422530900137366,0.8889567014660754
2,2,inf,8.112140451062837,277,0.9134552208413147,-0.025234600367064607,0.025234600367064607,0.9855595667870036,2.6871083981244226,0.03147204631587375,14.689139307833683,2495.87590975,0.5628738402756509,9.005981444410414,44594337,59854,2172428689,2.0113969307272805,2.014096604273089,206,0,0,273.0,273,273,218.34089026863154,277,273,0.045839369898066765,1.0
2,2,0.015034079869611595,7.280923552233678,156,0.914513025466505,-0.09226052172623585,0.09226052172623585,0.5384615384615384,2.847572684462733,0.1919363326541843,17.245869826520906,1941.556656125,0.43786289489660396,7.005806318345663,162467266,11096,2054604518,7.327974405720006,7.328474883176221,206,0,0,83.83980582524272,82,84,72.2267682902345,156,84,0.2795573081301651,0.7779059241448733
2,2,0.1626569316748079,6.192585641195047,73,0.9918441895515554,-0.14964508755944556,0.14964508755944556,1.0,3.2970148411738216,0.6413784893652728,27.03182406987836,1941.475674125,0.4378446317092575,7.00551410734812,262852521,86483,1954143876,11.855782360287767,11.859683116582453,204,2,0,73.0,73,73,62.32687645558946,73,73,0.9341745853954583,0.7778734778202449
2,2,inf,5.94674378525163,62,0.9143021875166635,-0.11956575201046218,0.11956575201046218,0.967741935483871,3.385404365960714,0.7297680141521652,29.52993120123033,1664.415406,0.37536156654639813,6.00578506474237,210377999,249116,2006455765,9.488955099414236,9.500191305432839,206,0,0,60.0,60,60,54.91506760962094,62,60,1.0629148675224933,0.6668662490382852
2,2,0.205837921200117,7.974394284790262,251,0.996750973243421,-0.0634172985533793,0.0698300524712134,0.4900398406374502,2.7278810136773615,0.07224466186881262,15.30043124084556,1941.56379275,0.4378645043594401,7.005832069751041,117514689,5700,2099562491,5.300419305930503,5.300676400514175,206,0,0,123.0,123,123,102.09364459524575,251,123,0.10522511772280102,0.777908783511788
2,2,0.18878386014718443,7.467675485086395,177,0.9554584787015835,-0.1545106213990763,0.14481872381551783,0.576271186440678,3.0745620597090206,0.4189257079004718,21.64040263175883,1941.4807835,0.43784578398350177,7.005532543736028,262885386,0,1954197494,11.857264713532045,11.857264713532045,204,2,0,101.04368932038835,100,102,81.42165540676197,177,102,0.6101697452883296,0.7778755249472594
2,2,0.16171175858161788,6.661816651671096,101,0.9832678196057838,-0.1453940804401815,0.148242493955227,0.9801980198019802,3.033383845118237,0.37774749330968804,20.767387448495075,1941.50308475,0.4378508133962949,7.005613014340718,257933575,21130,1959128175,11.63391668064299,11.634869734775092,204,2,0,99.0,99,99,83.56313744779955,101,99,0.5501932381548594,0.7778844601871537
2,2,0.22652877454291623,7.793385866747175,222,0.9283258625040508,-0.17954315746732097,0.1375996384602178,0.5045045045045045,3.3760037182247458,0.7203673664161969,29.253631453404154,1941.372835125,0.4378214392970731,7.00514302875317,278273467,0,1938809413,12.551333534270041,12.551333534270041,203,3,0,110.87864077669903,110,112,93.9964262769033,222,112,1.0492227241986851,0.7778322742493468
2,2,0.13307835125793613,7.280923552233678,156,0.914513025466505,-0.09226052172623585,0.09372493608797652,0.5384615384615384,2.848780434016315,0.19314408220776613,17.266711101091687,1941.556645625,0.43786289252862753,7.0058062804580405,163748029,10735,2053324116,7.385742340854664,7.386226535653913,206,0,0,83.78155339805825,82,84,72.22514831954706,156,84,0.28131640818915743,0.7779059199379333
2,2,0.3625307745375036,7.962166704846937,249,0.9094027654368719,-0.0174325445164342,0.0174325445164342,0.9919678714859438,2.7033285803485043,0.04769222853995547,14.929342628617794,2218.728112,0.5003710352948104,8.005936564716967,30834031,322302,2185926547,1.3907477829606443,1.4052849932249714,206,0,0,247.0,247,247,201.03380230083522,249,247,0.06946423767187639,0.8889577015157933
2,2,0.07153768079354278,7.974394284790262,251,0.996750973243421,-0.09433520752326037,0.06215014033438322,0.4860557768924303,2.7580254913017,0.10238913949315132,15.768676799968315,1941.563481,0.43786443405309233,7.005830944849477,137866751,3947,2079212182,6.2183850790458495,6.218563105768964,206,0,0,121.28155339805825,121,122,100.91906044209766,251,122,0.14913086971418357,0.7779086586057385
2,2,0.056620150529534126,6.192585641195047,73,0.9890530108959714,-0.15232325203592617,0.14964508755944556,1.0,3.301714235127817,0.646077883319268,27.15915621810484,1941.46508575,0.4378422438023607,7.005475900837771,265180023,82909,1951819948,11.96076273882914,11.964502292309433,204,2,0,73.0,73,73,62.374258402264694,73,73,0.9410193026277558,0.7778692354719139
2,2,0.06412247034693487,7.974394284790262,251,0.996750973243421,-0.09433520752326037,0.09433520752326037,0.3466135458167331,2.827784234043675,0.17214788223512612,16.907955216501342,1941.55697275,0.43786296630236937,7.00580746083791,166095782,525,2050986573,7.491636126837081,7.491659806601366,206,0,0,85.5631067961165,85,87,71.5627860986187,251,87,0.2507352198120233,0.7779060510041449
2,3,0.5878465804425786,7.974394284790262,251,0.996750973243421,-0.09433520752326037,0.09433520752326037,0.4900398406374502,2.766197443124895,0.11056109131634617,15.898065626665693,1941.56353375,0.43786444594935486,7.005831135189678,166095782,525,2050986573,7.491636126837081,7.491659806601366,206,0,0,121.5631067961165,121,123,100.79931311235143,251,123,0.1610334043842496,0.7779086797406034
2,3,0.35378009682224404,7.456968158804118,176,0.9171291304092789,-0.10153694498919781,0.10153694498919781,0.4943181818181818,2.8671696098711528,0.21153325806260392,17.587169137048676,1941.55723175,0.4378630247124546,7.005808395399273,178704387,3672,2038374821,8.060338592303776,8.060504215340835,206,0,0,87.0,87,87,77.83808323964021,176,87,0.30810043823506345,0.7779061547753295
2,3,inf,7.793385866747175,222,0.9649233155245309,-0.17954315746732097,0.17954315746732097,0.509009009009009,3.47114642003017,0.815510068221621,32.17360577638972,1939.58433675,0.43741809434521456,6.998689509523433,314648407,0,1902434473,14.192000210655182,14.192000210655182,130,76,0,111.52912621359224,109,113,91.26128332797944,222,113,1.1877990804161254,0.7771156928007205
2,3,0.3870993741505596,6.192585641195047,73,0.9918441895515554,-0.14964508755944556,0.14964508755944556,0.9726027397260274,3.382313615121548,0.726677263312999,29.438802442277815,1941.475309625,0.4378445495066472,7.005512792106355,262852521,86483,1954143876,11.855782360287767,11.859683116582453,204,2,0,71.0,71,71,61.31568347454224,73,71,1.0584131560812566,0.7778733317793304
2,3,0.0644240531734237,8.087649907864204,272,0.9825399511196321,-0.10217723867745727,0.10266704217314447,0.34191176470588236,2.827900165805714,0.17226381399716528,16.909915499169387,1941.558189625,0.4378632407339233,7.005811851742773,180255342,0,2036827538,8.130293351956242,8.130293351956242,206,0,0,92.24757281553399,91,93,76.86321850907484,272,93,0.25090407565538697,0.7779065385584321
2,3,inf,8.112140451062837,277,0.9134552208413147,-0.02913624835952279,0.025234600367064607,0.9855595667870036,2.6874248111428547,0.03178845933430585,14.693787878135542,2495.87590975,0.5628738402756509,9.005981444410414,48040888,50180,2168991812,2.166851245542972,2.1691145799655445,206,0,0,273.0,273,273,218.29233004738194,277,273,0.0463002288217891,1.0
2,4,0.7469850009322723,8.46920891766529,354,0.9603107157338726,-0.1301337081967779,0.1301337081967779,0.4915254237288136,2.84530788173778,0.1896715299292313,17.20685553006252,2218.634476,0.5003499183575852,8.005598693721364,228856965,0,1988225915,10.322436164407168,10.322436164407168,204,2,0,172.71844660194174,171,174,137.7213788447639,354,174,0.27625859889425164,0.8889201852275701
2,4,0.35062979468305494,8.604013102014445,389,0.9613486433686443,-0.1301337081967779,0.1301337081967779,0.4910025706940874,2.8262691246222795,0.17063277281373068,16.882357211042716,2218.637989,0.5003507106148418,8.00561136983747,228856965,0,1988225915,10.322436164407168,10.322436164407168,204,2,0,189.60679611650485,187,191,149.9035772365885,389,191,0.24852844683938818,0.8889215927494689
2,4,inf,6.561565964482307,94,0.931799109695205,-0.10077359445305302,0.11096848384859605,0.9787234042553191,2.874474041393226,0.2188376895846771,17.716103733370264,1941.558143,0.4378632302189804,7.005811683503686,186318612,74530,2030689738,8.403772979384515,8.407134603826808,206,0,0,92.0,92,92,80.7015640057822,94,92,0.31873942036780545,0.7779065198776154
2,4,inf,7.862247463329641,233,0.9444086915704544,-0.11167847195746446,0.11167847195746446,0.9570815450643777,2.7769478768561604,0.12131152504761156,16.0698987128245,2218.723012,0.5003698851348308,8.005918162157293,196524786,0,2020558094,8.864115445246684,8.864115445246684,206,0,0,222.4757281553398,221,223,177.39318984902025,233,223,0.1766915253537645,0.8889556581449751
2,5,0.3098282417278403,7.862247463329641,233,0.9449361502143789,-0.11167847195746446,0.11167847195746446,0.9656652360515021,2.782137417478799,0.12650106567025032,16.15351087169508,2218.723428,0.5003699789518018,8.005919663228829,196524786,0,2020558094,8.864115445246684,8.864115445246684,206,0,0,224.4757281553398,223,225,177.4813722193222,233,225,0.1842501464175051,0.8889558248199281
2,5,inf,6.789506227488672,111,0.9909450827432646,-0.12230965921463088,0.12984940455119978,0.9819819819819819,2.8838342928455467,0.22819794103699786,17.882709438297255,1941.56124125,0.43786392894116793,7.005822863058687,221767287,25034,1995290559,10.002661109358257,10.00379025072802,206,0,0,109.0,109,109,90.73131073321555,111,109,0.33237272607520835,0.7779077612253875
2,5,inf,7.9229197741696575,243,0.9435093318026463,-0.11167847195746446,0.1127640210678285,0.9835390946502057,2.780508409433966,0.1248720576254172,16.127218093920405,2218.726275,0.5003706210116963,8.00592993618714,197480080,0,2019602800,8.907203324757981,8.907203324757981,206,0,0,238.1601941747573,237,239,187.0606077336974,243,239,0.18187747888948455,0.8889569655016379
2,5,0.9921119987564444,8.605658054745005,390,0.9980027179554193,-0.14093034662086454,0.11972532576685825,0.5604113110539846,2.844503494955938,0.18886714314738917,17.193020128170275,2218.641864,0.5003515845109047,8.005625352174475,229176212,0,1987906668,10.33683558099551,10.33683558099551,204,2,0,214.8398058252427,213,218,154.63639877128173,389,218,0.2750870009986493,0.88892314531063
2,6,0.25134103771916394,8.02801166755648,261,0.9354525968129869,-0.1560825344221707,0.1560825344221707,0.9770114942528736,2.9713317058583733,0.3156953540498244,19.517894391102747,2217.333903,0.5000566110997168,8.000905777595468,274032926,0,1943049954,12.360066846035092,12.360066846035092,139,67,0,252.36893203883494,249,255,194.48695114238677,261,255,0.45981363792325397,0.888399096420663
2,6,0.7276300610971613,8.4244472273238,344,0.975851952983521,-0.18025212238352425,0.18025212238352425,0.5145348837209303,3.2757367169967675,0.6201003651882186,26.46271383204212,2178.630019,0.491328050622988,7.861248809967808,315871491,0,1901211389,14.247166574124645,14.247166574124645,1,205,0,174.31553398058253,172,177,133.9300099883553,344,177,0.9031827714187158,0.872891961691406
2,6,inf,8.609691126354056,391,0.9979570680586592,-0.14798699275519997,0.14798699275519997,0.5498721227621484,2.897588790423939,0.24195243861539018,18.13037648527363,2218.270812,0.5002679042833076,8.004286468532921,259969019,0,1957113861,11.725723983760139,11.725723983760139,202,4,0,212.1747572815534,209,215,151.94579560512366,391,215,0.35240629796087186,0.8887744792657555
2,6,0.27912041717827607,8.605104500607403,389,0.9979570680586592,-0.18973074533929016,0.14798699275519997,0.5681233933161953,3.2391045965913103,0.5834682447827615,25.51086899860382,2197.416123,0.4955647221902683,7.929035555044293,296094328,0,1920988552,13.35513122540552,13.35513122540552,1,205,0,217.2378640776699,215,221,153.4108200489881,389,221,0.849827698775431,0.8804188198683742
2,6,inf,7.797107157639883,222,0.9816568763423911,-0.17880185916374,0.042088720336800486,0.5135135135135135,3.6251888787624136,0.9695525269538647,37.53181145226419,1941.562022125,0.43786410504531975,7.005825680725116,193851798,22626,2023208456,8.74355215805013,8.74457268823437,206,0,0,113.27669902912622,112,114,92.19258326975586,222,114,1.412163558498172,0.7779080740915029
2,6,0.05236839553592299,8.190637405719746,292,0.9979397503200572,-0.1479390466899111,0.14798699275519997,0.5189003436426117,2.92815696966025,0.272520617851701,18.6931466925856,2218.258231,0.5002650669965031,8.00424107194405,259927174,0,1957155706,11.723836593785794,11.723836593785794,202,4,0,148.1893203883495,147,151,115.21494915475425,291,151,0.3969291758525745,0.8887694385504094
2,7,inf,8.724699260425378,423,0.9119733588501123,-0.14477175257618818,0.14477175257618818,0.524822695035461,2.9256248306401136,0.26998847883156474,18.645872923572625,2218.357864,0.5002875363865513,8.004600582184821,254374220,0,1962708660,11.473374418912115,11.473374418912115,203,3,0,219.0728155339806,216,222,170.49897104882749,423,222,0.3932410884618664,0.8888093576023186
2,8,inf,8.561968102288697,378,0.9893446639697863,-0.15752649089017834,0.15752649089017834,0.7857142857142857,2.9374280388202676,0.28179168701171875,18.867258000268485,2460.406479375,0.5548747188411378,8.877995501458205,276541169,0,1940541711,12.47319942319883,12.47319942319883,1,205,0,293.8398058252427,290,297,216.68052069948604,378,297,0.41043258660353865,0.9857887845159125
2,8,0.233744545434342,8.515324164653531,366,0.9283908437864039,-0.1594233123013733,0.1594233123013733,1.0,3.0012479781172714,0.34561162630872255,20.110618881353595,2456.906645625,0.5540854308579118,8.86536689372659,279831617,0,1937251263,12.621612819454002,12.621612819454002,1,205,0,358.74271844660194,354,366,262.23524709885965,366,366,0.5033870063748387,0.9843865378191403
2,8,0.7691021339850752,8.515324164653531,366,0.9283908437864039,-0.15959727892348702,0.1594233123013733,0.994535519125683,3.0019649045317127,0.3463285527231639,20.125041884738685,2456.74510175,0.5540489992304662,8.86478398768746,279982891,0,1937099989,12.628435929287408,12.628435929287408,1,205,0,358.66990291262135,354,364,262.2254482211693,366,364,0.5044312173159206,0.9843218134975629
2,8,inf,8.561968102288697,378,0.9893446639697863,-0.15752649089017834,0.05753432323296702,0.6084656084656085,3.0801015405696837,0.4244651887611348,21.760611868945457,2218.724273,0.5003701695175239,8.005922712280382,189042062,388,2028040430,8.526612320419884,8.5266298208933,206,0,0,228.52912621359224,226,230,163.95073331593318,378,230,0.6182380580274068,0.8889561633784264
2,9,0.8419690729051585,8.947590164050204,494,0.9717760236003643,-0.17613718216109417,0.17613718216109417,0.9532520325203252,3.1375812126126124,0.4819448608040635,23.048051047467244,2425.690925875,0.547045612899009,8.752729806384144,308768433,0,1908314447,13.926788023368797,13.926788023368797,0,206,0,461.7864077669903,455,469,320.0965156199807,492,469,0.7019578111680354,0.9718796180527941
2,9,inf,8.202613881723938,295,0.9238552820627388,-0.1892496721094227,0.1892496721094227,0.9355932203389831,3.6418209737489793,0.9861846219404304,38.161264153703776,2400.197826125,0.5412963691562581,8.66074190650013,331389466,0,1885693414,14.94709417448571,14.94709417448571,0,206,0,271.70388349514565,269,276,210.9526393852393,295,276,1.4363883815877474,0.9616655286221407
2,9,0.5677107919627402,8.947590164050204,494,0.9275858468845201,-0.1678693079989295,0.19910190525231997,0.991869918699187,3.557333066164137,0.9016967143555883,35.069544163525094,2411.471400375,0.5438388032600296,8.701420852160474,321411724,0,1895671156,14.497054977033606,14.497054977033606,0,206,0,479.6456310679612,472,488,330.7115398128815,492,488,1.3133308463761943,0.9661824095319489
2,9,inf,8.515324164653531,366,0.9283908437864039,-0.1555336257495062,0.1594233123013733,0.994535519125683,2.9876208340300545,0.3319844822215057,19.838427388648388,2460.5117435,0.5548984581713066,8.878375330740905,276455619,0,1940627261,12.469340749228103,12.469340749228103,1,205,0,358.7718446601942,354,364,262.4581016101831,366,364,0.4835389262023993,0.9858309597396843
2,9,0.15803092709484143,8.179425540760086,290,0.9238552820627388,-0.1892496721094227,0.1892496721094227,0.9793103448275862,3.6038795661274023,0.9482432143188535,36.74049549148831,2400.199533,0.5412967540933787,8.66074806549406,331389466,0,1885693414,14.94709417448571,14.94709417448571,0,206,0,279.0,274,284,211.28345471610987,290,284,1.3811263182009894,0.9616662125002907
2,10,inf,8.33127685382362,322,0.9051961866465105,-0.17593355190443877,0.17593355190443877,0.9813664596273292,3.3095368244150642,0.6539004726065154,27.372444287428458,2426.05145125,0.5471269191456659,8.754030706330655,308416551,0,1908666329,13.91091662752815,13.91091662752815,0,206,0,310.6067961165049,306,316,235.82025226871184,322,316,0.952412987051699,0.9720240664901508
2,,,8.664794405712263,406,0.9480910428300079,-0.19474471504028232,0.19474471504028232,0.9801980198019802,3.6692008655363604,1.0135645137278115,39.22055083967544,2389.586541875,0.5389032957295219,8.62245273167235,340846224,0,1876236656,15.373634746572938,15.373634746572938,0,206,0,389.626213592233,383,396,275.4283925273048,404,396,1.476267484929616,0.9574140014494363
2,,,5.565886682316867,47,0.9824664190456341,-0.054277995669260434,0.054277995669260434,0.9574468085106383,3.6881431799489346,1.0325068281403857,39.97055987273245,1664.4130585,0.3753610371345252,6.005776594152403,95767583,49430076,2071885221,4.319531031695125,6.54904064750164,206,0,0,45.0,45,45,41.94536645719563,47,45,1.5038571671628147,0.6668653084867173
2,,,8.74148756452667,428,0.9478396743208379,-0.1967946509748097,0.19474471504028232,0.7370892018779343,3.759562605581577,1.1039262537730283,42.9296446846759,2387.58140625,0.5384510944060873,8.615217510497397,342611843,0,1874471037,15.45327177845512,15.45327177845512,0,206,0,309.1504854368932,305,314,231.95582035014456,426,314,1.6078803195382272,0.9566106219155552
2,,,6.766098799278605,109,0.9119733588501123,-0.14640826767507908,0.14477175257618818,0.5229357798165137,3.882452028812172,1.2268156770036232,48.54309833493581,1664.41480675,0.37536143140260053,6.0057829024416085,255797620,9763,1961275497,11.537575897929445,11.538016251336531,206,0,0,56.16019417475728,55,57,50.97420595085127,109,57,1.7868700703631069,0.6668660089422139
2,,,7.598303171275029,194,0.9804391827947078,-0.20127940972893776,0.10739019242380005,0.5154639175257731,3.9056215794073643,1.2499852275988155,49.680950972838396,1941.450097625,0.4378388636569599,7.005421818511358,270553400,1010,1946528470,12.203125216500702,12.203170771856756,204,2,0,99.27669902912622,98,100,80.61998825489881,194,100,1.8206167670171884,0.7778632303155911
2,,,7.600875031818839,194,0.9433910382516144,-0.11828292973004095,0.12446232027472809,0.25257731958762886,3.9412731698040386,1.2856368179954898,51.4841076025429,1664.4136845,0.3753611783110246,6.005778852976394,213537799,348,2003544733,9.631475707394394,9.631491403695291,206,0,0,49.0,49,49,44.79672693141664,194,49,1.8725436872830385,0.6668655593004688
2,,,5.8939183137623745,59,0.9085198897300542,-0.148242493955227,0.148242493955227,0.9661016949152542,3.9630228777775023,1.3073865259689534,52.61613794767589,1664.4149365,0.37536146066402354,6.005783370624377,260414429,150807,1956517644,11.745813895780026,11.752615941899295,206,0,0,57.0,57,57,52.88706257026983,59,57,1.9042223680705561,0.6668660609279716
2,,,8.112140451062837,277,0.9100387603421052,-0.19123689771486263,0.02947406140971956,0.9819494584837545,4.068965257757398,1.4133289059488492,58.49640256651173,2495.8505215,0.5628681146777877,9.005889834844604,193458837,19451,2023604592,8.725827922138842,8.726705246129544,205,1,0,269.59708737864077,267,272,212.04932691535495,277,272,2.0585285703123395,0.9999898279197692
2,,,8.215821674880289,297,0.9387478379030174,-0.03475701730058051,0.03475701730058051,0.15151515151515152,4.102194733426346,1.4465583816177974,60.472863875084656,1664.4130585,0.3753610371345252,6.005776594152403,61394482,20277,2155668121,2.769155927991289,2.770070508144468,206,0,0,45.0,45,45,41.46526285938002,297,45,2.1069276547385543,0.6668653084867173
2,,,7.825108222837402,227,0.9649233155245309,-0.04594374179674307,0.18265815506913385,0.5066079295154186,4.164961050356896,1.5093246985483475,64.39017442030635,1941.56224025,0.43786415423721103,7.0058264677953765,200551789,14588,2016516503,9.045750648708271,9.04640863042522,206,0,0,114.47572815533981,114,115,94.89662930653711,227,115,2.198347462336753,0.7779081614856714
2,,,6.47019640155668,89,0.9829789743132413,-0.1922665903758478,0.1922665903758478,0.9775280898876404,4.231545691031273,1.575909339222724,68.82352991387964,1921.654031125,0.4333744237664674,6.933990780263478,336582193,12564,1880488123,15.181308558027384,15.181875248614974,1,205,0,86.19902912621359,85,87,72.2847848237231,89,87,2.2953286990434094,0.7699317196092024
2,,,6.47019640155668,89,0.9829789743132413,-0.02630214448932164,0.18806352459135614,0.9887640449438202,4.232737132614277,1.5771007808057282,68.90557799735157,1941.557350125,0.4378630514085698,7.005808822537117,187901599,14712048,2014469233,8.475172520388593,9.138749337147017,206,0,0,87.64563106796116,87,88,74.44303123996146,89,88,2.2970640463699583,0.7779062022035689
2,,,5.94674378525163,62,0.9143322042870227,-0.1694043413794849,0.1349629658087045,0.9354838709677419,4.362719157060065,1.707082805251516,78.47021743444724,1664.415093,0.3753614959581484,6.005783935330374,267216456,133137,1949733287,12.052614650111773,12.058619703021657,206,0,0,58.0,58,58,52.7966692097655,62,58,2.4863842462345853,0.6668661236314094
2,,,7.979432385100146,252,0.9827631878844614,-0.1792123023499144,0.21027139090957603,0.5119047619047619,4.376981529306655,1.7213451774981063,79.59740798412574,1918.158046875,0.4325860039285045,6.921376062856072,340846150,0,1876236730,15.373631408853782,15.373631408853782,1,205,0,125.87864077669903,124,129,99.87883598016383,252,129,2.5071575429714303,0.7685310152567372
2,,,7.600875031818839,194,0.9867490631752325,-0.14079808025712037,0.14079808025712037,0.25257731958762886,4.391148621708694,1.7355122699001448,80.733097532425,1664.4136845,0.3753611783110246,6.005778852976394,247453139,0,1969629741,11.161203815709406,11.161203815709406,206,0,0,49.0,49,49,43.37063448642788,194,49,2.5277920636021904,0.6668655593004688
2,,,6.555453068285017,94,0.9213664634045446,-0.1922665903758478,0.05675075920030069,0.9574468085106383,4.393643966697168,1.7380076148886188,80.93480602422797,1941.5576735,0.4378631243366058,7.005809989385693,218369846,211681,1998501353,9.849421867350308,9.85896959341457,206,0,0,89.41747572815534,89,90,78.27716431095406,94,90,2.5314265600947894,0.7779063317673018
2,,,6.295462820799465,79,0.941215535503394,-0.18877121459225668,0.19127661014353772,0.9746835443037974,4.474094832531697,1.818458480723148,87.71516754901542,1924.858450125,0.4340970893530602,6.945553429648963,332721969,20013,1884340898,15.007195806771103,15.00809847938567,1,205,0,77.0,77,77,68.26734284653068,79,77,2.648604101097221,0.7712156051531439
2,,,7.187298362092502,146,0.943141819517989,-0.1861073128974132,0.1861073128974132,0.5205479452054794,4.489899393518669,1.8342630417101198,89.11248013459118,1930.4889165,0.43536688093951637,6.965870095032262,325976035,0,1891106845,14.702925088664253,14.702925088664253,1,205,0,74.44660194174757,74,76,63.56269951614198,146,76,2.6716236121225636,0.7734715131303814
2,,,8.698836067463013,416,0.9024859491386257,-0.13447368397630532,0.13447368397630532,0.10336538461538461,4.5494430199098055,1.8938066681012566,94.57971462363622,1664.4127455,0.37536096654627543,6.005775464740407,236432604,0,1980650276,10.664130156469387,10.664130156469387,206,0,0,43.0,43,43,40.34892612632509,416,43,2.758349536704053,0.6668651830798416
2,,,6.295462820799465,79,0.9379464079726929,-0.19127661014353772,0.19127661014353772,0.9746835443037974,4.579262305307691,1.9236259534991422,97.44248488284819,1923.063679875,0.4336923299581385,6.939077279330216,334879853,19064,1882183963,15.104525681962778,15.105385550584378,1,205,0,77.0,77,77,68.39306436716993,79,77,2.8017816427619384,0.7704965108091547
2,,,8.215821674880289,297,0.9097254613422548,-0.03475701730058051,0.01342110188632573,0.1447811447811448,4.862692180236608,2.207055828428059,129.37202650724225,1664.4127455,0.37536096654627543,6.005775464740407,42574100,243503,2174265277,1.9202755288967817,1.9312585644069382,206,0,0,43.0,43,43,40.73656842274333,297,43,3.2146002674751473,0.6668651830798416
2,,,7.6825914525858225,205,0.9270854509689396,-0.2116219096452038,0.2116219096452038,0.9804878048780488,5.284687778340588,2.6290514265320395,197.2925748157844,2125.91082,0.4794387343787527,7.671019750060043,369942484,0,1847140396,16.686001562557735,16.686001562557735,0,206,0,198.0873786407767,195,201,157.05931401582075,205,201,3.829241340467202,0.8517694376131634
2,,,6.665680478795138,102,0.9426294145840824,-0.14838717933668855,0.19013093192077887,0.5294117647058824,5.347804588985023,2.6921682371764746,210.14643326651682,1664.37483675,0.3753524173056625,6.0056386768906,296786444,10601,1920285835,13.386348642049864,13.38682679287118,205,1,0,53.86893203883495,53,54,47.00127113114359,102,54,3.9211716458842103,0.666849994524252
2,,,8.660561417225487,405,0.9857051486049576,-0.04527316134219187,0.18528830904036592,0.145679012345679,5.425468411280227,2.7698320594716783,227.1177058987012,1664.4151805,0.3753615156912853,6.005784251060565,202230338,1064,2014851478,9.121460448064079,9.121508439053033,206,0,0,58.55339805825243,58,59,51.399775136524255,405,59,4.034289828354981,0.666866158689242
2,,,7.4621807959950015,176,0.9171291304092789,-0.10131851185495755,0.19520772916258897,0.3352272727272727,5.434470336496626,2.7788339846880774,229.17143238005502,1664.41514375,0.3753615074033678,6.005784118453885,259964514,1888,1957116478,11.725520788830412,11.725605945773214,206,0,0,58.31553398058252,58,59,53.44125441696113,176,59,4.047401228091996,0.6668661439649524
2,,,7.6825914525858225,205,0.9279019239370627,-0.2116219096452038,0.2116219096452038,0.5609756097560976,5.567415495529137,2.9117791437205884,261.756712868598,1893.99079675,0.42713576786764057,6.834172285882249,369942484,0,1847140396,16.686001562557735,16.686001562557735,1,205,0,111.99514563106796,111,115,92.25910872751365,205,115,4.241037264970057,0.7588481419894437
2,,,6.661229921188507,101,0.9485481856896993,-0.18995696529866518,0.19013093192077887,0.5247524752475248,5.573660872421675,2.918024520613126,263.39659771380445,1664.14404125,0.37530036794339416,6.004805887094307,332758496,5065,1884319319,15.008843332009311,15.009071785354276,203,3,0,51.762135922330096,51,53,46.293953782524895,101,53,4.2501337227807925,0.666757523781176
2,,,7.6825914525858225,205,0.9281233783839008,-0.2116219096452038,0.2116219096452038,0.5804878048780487,5.589805837835285,2.934169486026736,267.683640632501,1893.99152575,0.4271359322728612,6.834174916365779,369942484,0,1847140396,16.686001562557735,16.686001562557735,1,205,0,115.99514563106796,115,119,94.19566635881786,205,119,4.2736490364708555,0.7588484340712723
3,0,0.03437981248130852,7.205143283862684,148,0.9559207160745413,-0.08418343084009677,0.08418343084009677,0.49324324324324326,2.8912798569851175,0.23564350517656862,18.016353207643835,1941.55468025,0.43786244929418244,7.005799188706919,148332165,24595,2068726120,6.690420386990675,6.6915297275670635,206,0,0,73.0,73,73,64.14224998996146,148,73,0.3432172693650872,0.777905132488929
3,0,0.19654806820595022,8.747138770306805,430,0.9240970575005685,-0.04977206036296009,0.04977206036296009,0.1511627906976744,2.9250026920916805,0.26936634028313167,18.63427621501145,1875.68473025,0.42300735510843873,6.76811768173502,87824268,388,2129258224,3.961253266273925,3.9612707667473397,0,206,0,65.0,65,65,58.48455192940893,430,65,0.3923349370548927,0.7515136160907449
3,0,0.009379808201054999,7.979432385100146,252,0.9816568763423911,-0.04520189214397206,0.04520189214397206,0.5476190476190477,2.7003135886143403,0.0446772368057915,14.884398571022858,2218.70544,0.5003659222698973,8.005854756318357,79789656,21387,2137271837,3.598857612395618,3.599822258336143,206,0,0,138.0,138,138,107.79354847614842,252,138,0.06507287017213269,0.888948617730854
3,0,0.07643352558345354,8.402384855490368,338,0.9155212992441091,-0.057480902898809944,0.057480902898809944,0.257396449704142,2.7770465036456504,0.12141015183710158,16.071483713502456,1941.55723175,0.4378630247124546,7.005808395399273,101422208,1111,2115659561,4.574579007168194,4.574629118059853,206,0,0,87.0,87,87,77.1951857633312,338,87,0.17683517632071838,0.7779061547753295
3,0,0.30693180035870543,8.747138770306805,430,0.9359781606537837,-0.04977206036296009,0.05379907554448997,0.14651162790697675,2.940804668327745,0.2851683165191963,18.931073420239148,1664.4158755,0.3753616724287727,6.0057867588603635,91372034,299,2125710547,4.121272814122312,4.121286300311876,206,0,0,63.0,63,63,57.17913663467716,430,63,0.41535068336307224,0.6668664371485987
3,0,0.05425385692832679,7.667152209384268,203,0.9721633019852675,-0.027928063572039842,0.015215426325317326,0.5073891625615764,2.7254410274563385,0.0698046756477897,15.263143908230365,1941.56014775,0.43786368233333706,7.005818917333393,38138571,3193178,2175751131,1.72021404089323,1.864240140630196,206,0,0,103.0,103,103,87.97102749558304,203,103,0.10167125186326703,0.7779073231026444
3,0,0.17798434278384134,7.83414034345963,228,0.9977074372587773,-0.007446939539571762,0.007446939539571762,0.5154185022026432,2.718723563607518,0.06308721179896937,15.160957890503383,1941.56269925,0.4378642577516092,7.005828124025747,13183702,16633480,2187265698,0.5946418205168766,1.3448835074672536,206,0,0,117.0,117,117,95.51009501485706,227,117,0.0918871943840539,0.777908345389045
3,0,0.1627660996890453,8.4244472273238,344,0.9761056694680993,-0.0462422829622096,0.01575446235546893,0.5377906976744186,2.6818048153846044,0.026168463576055512,14.611440465383668,2218.715164,0.5003681152415916,8.005889843865466,54750876,67077,2162264927,2.4695006440174216,2.4725261060154864,206,0,0,184.74757281553397,184,185,143.45849060391905,344,185,0.03811464527878104,0.8889525137578808
3,0,inf,7.60481144142165,195,0.9375903364249083,-0.04912539127748876,0.047816687367020716,0.26153846153846155,3.205238677725072,0.5496023259165232,24.661385437442195,1664.4139975,0.37536124889927436,6.00577998238839,85536279,40914,2131505687,3.8580550944491527,3.8599004923081632,206,0,0,51.0,51,51,46.920079354722134,195,51,0.800501628069173,0.6668656847073444
3,0,inf,8.209842455374522,296,0.9486415444894601,-0.024014785093855507,0.0064068007308358405,0.9425675675675675,2.6728748289852766,0.017238477176727773,14.481541362592612,2495.87731225,0.5628741565696452,9.005986505114324,26894102,5287518,2184901260,1.2130399924426822,1.4515298589108225,206,0,0,279.0,279,279,222.45542006304208,296,279,0.02510802519329185,1.000000561926975
3,0,0.08953377883346804,8.206147808706456,295,0.9474168729482618,-0.0026477499369405993,0.015192179047784837,0.26101694915254237,2.8068188852255207,0.15118253341697185,16.557164115453837,1941.55540925,0.43786261369940305,7.005801819190449,15787174,8684972,2192610734,0.7120696362961406,1.1037993311282976,206,0,0,77.0,77,77,67.84497595767748,295,77,0.22019896646923875,0.7779054245707577
3,0,0.014502446423087,7.280536308112417,155,0.9691030851672301,-0.02130198166305834,0.02584340511761722,1.0,2.6861742594560063,0.030537907647457452,14.67542402178735,2218.708976,0.5003667197141498,8.005867515426397,41665627,3710981,2171706272,1.879299478420942,2.0466807267033698,206,0,0,155.0,155,155,127.72244042121747,155,155,0.04447878700085539,0.8889500344679545
3,0,0.006310625263456393,7.7667457269799,218,0.9474168729482618,-0.00764251354008437,0.002194336887904691,0.4954128440366973,2.71928336996536,0.06364701815681117,15.169447467159245,1941.561059,0.4378638878398628,7.005822205437805,8707484,20919830,2187455566,0.3927450831247229,1.3363196417808252,206,0,0,108.0,108,108,93.64670836010279,218,108,0.09270255829305582,0.7779076882049303
3,0,0.17505841126807115,8.209842455374522,296,0.9369012230361036,-0.011638964246899532,0.002408652663287373,0.8682432432432432,2.676242371798144,0.020606019989595215,14.530390778212604,2473.86510975,0.5579099302210119,8.92655888353619,12428992,9578068,2195075820,0.5606011445093113,0.9926133207974616,0,206,0,257.0,257,257,212.62055417804368,296,257,0.030012887085565706,0.9911811320771132
3,0,0.07932679756415263,7.229516825935045,150,0.9825399511196321,-0.10217723867745727,0.10219209608909824,0.5066666666666667,2.8723743142415445,0.2167379624329957,17.67894377587789,1941.555227,0.4378625725980979,7.005801161569567,179839807,13122,2037229951,8.111550931284986,8.112142790079186,206,0,0,76.0,76,76,65.04790897044651,150,76,0.3156811454585444,0.7779053515503006
3,0,0.24835947487489193,7.720152330334154,211,0.9387259506793212,-0.04912539127748876,0.04912539127748876,0.26066350710900477,3.116530850274888,0.460894498466339,22.567952078599827,1664.4146235,0.3753613900757738,6.005782241212381,86687613,28480,2130366787,3.909985223466251,3.911269794298353,206,0,0,55.0,55,55,50.01175263009958,211,55,0.6712977347305971,0.6668659355210959
3,0,0.07128358973364758,6.109925950099369,69,0.9290585152846244,-0.01648979617361255,0.05189833355747814,1.0,2.90897863599575,0.2533422841872013,18.338059165232583,1941.55395125,0.43786228488896184,7.005796558223389,60363025,34528697,2122191158,2.7226327686946914,4.280025923072393,206,0,0,69.0,69,69,62.89637081392547,69,69,0.3689957290708779,0.7779048404071003
3,0,0.01328188718916047,8.206147808706456,295,0.9492229241671014,-0.004617017312564919,0.015192179047784837,0.511864406779661,2.6972414770531667,0.0416051252446179,14.838742204725305,2218.708144,0.500366532080208,8.005864513283328,17529587,6966081,2192587212,0.790659977492587,1.1048602747769176,206,0,0,151.0,151,151,126.07499297301638,295,151,0.06059830703736329,0.8889497011180486
3,0,0.1839504148386829,7.855395261488829,232,0.9977074372587773,-0.017739373509452795,0.007446939539571762,0.5844155844155844,2.70722628781198,0.05158993600343109,14.987646390496911,2218.704816,0.500365781544441,8.005852504711056,22279573,8608181,2186195126,1.00490483242557,1.3931709219639097,206,0,0,135.0,135,135,104.50720265820752,231,135,0.07514129001157754,0.8889483677184243
3,1,0.08973196839508993,6.109925950099369,69,0.9293593757766684,-0.05189833355747814,0.05189833355747814,1.0,2.916848958383028,0.2612126065744791,18.482955043530037,1941.55395125,0.43786228488896184,7.005796558223389,91566856,6124628,2119391396,4.13006012657497,4.406307264435689,206,0,0,69.0,69,69,62.88234570751686,69,69,0.3804589372622531,0.7779048404071003
3,1,0.057782906710101535,7.667152209384268,203,0.9471096206143133,-0.01667037507206337,0.01667037507206337,0.5270935960591133,2.754524290590794,0.09888793878224522,15.713564034272979,1941.56087675,0.43786384673855766,7.005821547816923,29486570,3311815,2184284495,1.3299714803625202,1.47934862047196,206,0,0,107.0,107,107,90.96291885841632,203,107,0.14403133367309529,0.7779076151844732
3,1,0.20434208530082998,6.96538015336342,125,0.9329861212332785,-0.10947580832347575,0.10947580832347575,0.504,3.038645766220503,0.383009414411954,20.876951809461072,1664.4158755,0.3753616724287727,6.0057867588603635,192652676,18420,2024411784,8.689466584126977,8.690297405571053,206,0,0,63.0,63,63,57.16045364198522,125,63,0.5578572821563311,0.6668664371485987
3,1,inf,7.640026026341788,199,0.937365772887371,-0.04912539127748876,0.04912539127748876,0.2663316582914573,3.3422087542184924,0.6865724024099435,28.28152470611712,1664.4143105,0.37536131948752405,6.005781111800385,86687613,36147,2130359120,3.909985223466251,3.9116156090655485,206,0,0,53.0,53,53,47.80309639013813,199,53,1.0,0.6668658101142202
3,1,0.10576125348831009,6.80575077033219,112,0.9825399511196321,-0.10217723867745727,0.10217723867745727,0.49107142857142855,3.2295992506033744,0.5739628987948255,25.269528193371187,1664.4146235,0.3753613900757738,6.005782241212381,179827011,49077,2037206792,8.110973776496799,8.113187360862215,206,0,0,55.0,55,55,49.43716872791519,112,55,0.8359830613350515,0.6668659355210959
3,1,0.026655283299541085,7.83414034345963,228,0.9980204784898682,-0.007446939539571762,0.007446939539571762,0.5066079295154186,2.7198145316179403,0.06417817980939144,15.177507036222153,1941.56233475,0.43786417554899887,7.005826808783982,13183702,16644943,2187254235,0.5946418205168766,1.345400538206312,206,0,0,115.0,115,115,95.33575555131706,227,115,0.09347620088445018,0.7779081993481306
3,1,0.17680295002259366,6.736680755523931,107,0.9832678196057838,-0.148242493955227,0.148242493955227,0.9626168224299065,3.012899889850477,0.357263538041928,20.34631653492835,1941.49235475,0.43784839354990646,7.005574296798503,260414429,14944,1956653507,11.745813895780026,11.746487934632375,204,2,0,102.64563106796116,101,103,86.07038026019916,107,103,0.5203581396337724,0.7778801610952164
3,1,0.011635865899910735,6.561565964482307,94,0.931799109695205,-0.06985568548311187,0.06985568548311187,0.9574468085106383,2.8148200869502005,0.15918373514165163,16.69017273031788,1941.5577785,0.43786314801637005,7.005810368261921,123195849,237333,2093649698,5.556664124347034,5.567368866246444,206,0,0,90.0,90,90,80.13500215828782,94,90,0.23185280180633458,0.7779063738367011
3,1,0.023448985502558993,7.449782096873457,175,0.9095095748229934,-0.0174325445164342,0.0174325445164342,0.92,2.7012217101901697,0.04558535838162081,14.897921553835328,2218.710224,0.5003670011650625,8.005872018641,30834031,5285177,2180963672,1.3907477829606443,1.6291320602322272,206,0,0,161.0,161,161,141.58456849301317,175,161,0.06639555889751941,0.8889505344928136
3,1,0.17064806128060467,6.986047991877064,127,0.9830360297034553,-0.054277995669260434,0.04612680506631633,0.984251968503937,2.719122772514966,0.06348642070641697,15.167011488183373,1941.56415725,0.4378645865620504,7.0058333849928065,88591084,231054,2128260742,3.995839975093759,4.006261507012313,206,0,0,125.0,125,125,103.70918326373274,127,125,0.09246864639996125,0.7779089295527025
3,1,0.0137481943848545,6.577241699744916,95,0.9329998860384947,-0.06998918410053308,0.0701518467150756,0.9789473684210527,2.799806150390744,0.14416979858219525,16.44145929170192,1941.55832525,0.4378632713202855,7.005812341124568,123573332,218722,2093290826,5.573690235702871,5.583555541234435,206,0,0,93.0,93,93,82.1937866407003,95,93,0.20998484366127101,0.7779065928980726
3,1,0.18600454469665118,6.949704418100812,124,0.9317853448899887,-0.10934230970607436,0.10917964709153169,0.5241935483870968,3.0364888782435995,0.38085252643505063,20.831971089733788,1797.3330245,0.40533735583669295,6.485397693387087,192273640,19957,2024789283,8.672370425773167,8.67327057254621,0,206,0,65.0,65,65,57.2075683123193,124,65,0.5547157518977124,0.7201211476415228
3,1,0.1840821386242615,8.215821674880289,297,0.9387478379030174,-0.029274082071156463,0.022220387808936592,0.7912457912457912,2.6833893459601463,0.027752994151597488,14.634611091988988,2218.725616,0.5003704723929852,8.005927558287762,45505993,52990,2171523897,2.0525165482311603,2.054906625773052,206,0,0,235.0,235,235,193.60811892667846,297,235,0.040422530900137366,0.8889567014660754
3,1,0.0340936167716677,6.583568254960595,96,0.9329998860384947,-0.06998918410053308,0.0701518467150756,0.9791666666666666,2.7965600126012102,0.1409236607926614,16.3881745809269,1941.5585075,0.43786331242159066,7.0058129987454505,123573332,218722,2093290826,5.573690235702871,5.583555541234435,206,0,0,94.0,94,94,82.41861874598457,96,94,0.20525680947559802,0.7779066659185297
3,1,0.14376697531803073,6.80575077033219,112,0.9792707667078632,-0.10641218797419032,0.10217723867745727,0.5,3.2017346872721992,0.5460983354636504,24.575123397257467,1664.41478,0.3753614253698987,6.005782805918379,183547501,45225,2033490154,8.27878392169083,8.280823764242859,206,0,0,56.0,56,56,49.71334800634436,112,56,0.7953980287392648,0.6668659982245337
3,1,0.1801401399824233,7.154365547476306,142,0.9095095748229934,-0.007140110861464613,0.0174325445164342,0.9859154929577465,2.7145190255258744,0.058882673717325584,15.097346886852522,2218.705856,0.5003660160868681,8.00585625738989,21737398,22380102,2172965380,0.9804504015655021,1.9898895254651012,206,0,0,140.0,140,140,120.71534944185673,142,140,0.08576323998844261,0.8889487844058069
3,1,0.0029631497077626705,7.451915234371202,175,0.914513025466505,-0.09762639553859646,0.09372493608797652,0.52,2.8152607226872597,0.15962437087871084,16.697528637399298,1941.557770875,0.43786314629676815,7.00581034074829,168438629,4764,2048639487,7.5973086310602875,7.597523508007062,206,0,0,89.94660194174757,89,91,79.9043188343238,175,91,0.23249459243979512,0.7779063707816614
3,1,0.07385527000565621,7.205143283862684,148,0.9565548632768843,-0.08244191385185161,0.08418343084009677,0.49324324324324326,2.8937656810706454,0.2381293292620965,18.061194402951756,1941.55468025,0.43786244929418244,7.005799188706919,146805592,25550,2070251738,6.621565360695943,6.622717775891175,206,0,0,73.0,73,73,64.50231514013814,148,73,0.3468378985613706,0.777905132488929
3,1,inf,8.019708909209232,260,0.9470898901958138,-0.02913624835952279,0.028024133461762607,0.9923076923076923,2.6780976676102317,0.02246131580168287,14.557373974537033,2495.8724035,0.5628730495406649,9.005968792650638,50502455,63096,2166517329,2.2778785337966254,2.2807244355249363,206,0,0,258.0,258,258,202.5050155095567,260,258,0.03271514515124875,0.9999985951825624
3,1,0.059107149800299484,8.215784486911039,297,0.9116466877314122,-0.057480902898809944,0.05590773525052847,0.25925925925925924,2.818753915701951,0.16311756389340237,16.755958321465016,1941.55540925,0.43786261369940305,7.005801819190449,100034452,2680,2117045748,4.5119852262807605,4.5121061058394,206,0,0,77.0,77,77,69.77076348176999,297,77,0.2375824651862528,0.7779054245707577
3,2,0.2642622382899789,6.80575077033219,112,0.9792707667078632,-0.10624038813179293,0.10217723867745727,0.5,3.2019776128592814,0.5463412610507326,24.581094048719006,1664.41478,0.3753614253698987,6.005782805918379,183395873,45297,2033641710,8.271944844930651,8.27398793499321,206,0,0,56.0,56,56,49.714178696193386,112,56,0.7957518524383088,0.6668659982245337
3,2,0.15626635317405851,6.499471252611073,90,0.9659568291238412,-0.05189833355747814,0.05189833355747814,0.9,2.8217038507279852,0.1660674989194364,16.805460287706655,1941.55613825,0.43786277810462365,7.005804449673978,91566856,989599,2124526425,4.13006012657497,4.174695309541157,206,0,0,81.0,81,81,70.42646387126565,90,81,0.24187907689927746,0.7779057166525865
3,2,0.19631107845745563,7.974394284790262,251,0.996750973243421,-0.0634172985533793,0.0698300524712134,0.4900398406374502,2.7278810136773615,0.07224466186881262,15.30043124084556,1941.56379275,0.4378645043594401,7.005832069751041,117514689,5700,2099562491,5.300419305930503,5.300676400514175,206,0,0,123.0,123,123,102.09364459524575,251,123,0.10522511772280102,0.777908783511788
3,2,0.012488478289069653,6.661816651671096,101,0.9832678196057838,-0.1453940804401815,0.148242493955227,0.9801980198019802,3.033383845118237,0.37774749330968804,20.767387448495075,1941.50308475,0.4378508133962949,7.005613014340718,257933575,21130,1959128175,11.63391668064299,11.634869734775092,204,2,0,99.0,99,99,83.56313744779955,101,99,0.5501932381548594,0.7778844601871537
3,2,0.023755198037109994,7.974394284790262,251,0.996750973243421,-0.09433520752326037,0.06215014033438322,0.4860557768924303,2.7580254913017,0.10238913949315132,15.768676799968315,1941.563481,0.43786443405309233,7.005830944849477,137866751,3947,2079212182,6.2183850790458495,6.218563105768964,206,0,0,121.28155339805825,121,122,100.91906044209766,251,122,0.14913086971418357,0.7779086586057385
3,2,0.19788395461072447,7.278790414735933,155,0.9047562380222255,-0.0174325445164342,0.0174325445164342,0.9870967741935484,2.7172375815521526,0.061601229743603714,15.138445709626854,2218.70856,0.500366625897179,8.005866014354863,30834031,9473229,2176775620,1.3907477829606443,1.8180312681860589,206,0,0,153.0,153,153,131.84463339222614,155,153,0.08972284572956431,0.8889498677930016
3,2,0.143260133707596,8.609691126354056,391,0.999484899574363,-0.1535483931877738,0.14798699275519997,0.24296675191815856,3.047855002622693,0.3922186508141441,21.07010060541515,1941.470695625,0.43784350895014806,7.005496143202369,264804424,0,1952278456,11.943821603998854,11.943821603998854,204,2,0,94.66019417475728,93,95,78.34380646683263,391,95,0.571270632838451,0.7778714831297313
3,2,0.15390758358598436,6.736680755523931,107,0.9860461871596717,-0.148242493955227,0.14101035706533746,0.9626168224299065,3.01982914114441,0.3641927893358612,20.487790864627748,1941.51729475,0.43785401805772817,7.005664288923651,254121306,16947,1962944627,11.461966906713023,11.46273128950416,205,1,0,102.79611650485437,101,103,85.92345356167684,107,103,0.5304506677773605,0.7778901535791787
3,2,0.2786433942228881,7.974394284790262,251,0.996750973243421,-0.016761412386959385,0.09823139804186361,0.2589641434262948,3.1710245573177067,0.5153882055091579,23.831888988579635,1865.28761975,0.42066258248090393,6.730601319694463,101280310,407160,2115395410,4.5681787953727735,4.586543467423284,0,206,0,65.0,65,65,56.35081713780919,251,65,0.7506683981180854,0.747347899975058
3,2,0.010538937047827478,6.777434784444152,110,0.9832678196057838,-0.148242493955227,0.148242493955227,0.8909090909090909,3.0369875935385386,0.3813512417299898,20.84236290340279,1941.4914295,0.4378481848860788,7.005570958177261,260414429,13522,1956654929,11.745813895780026,11.746423796299396,204,2,0,97.56796116504854,96,98,83.70128794571153,110,98,0.55544213602441,0.7778797903836774
3,2,inf,7.640026026341788,199,0.937365772887371,-0.05810998153416247,0.04912539127748876,0.2663316582914573,3.368385795738619,0.7127494439300701,29.03162623944007,1664.4143105,0.37536131948752405,6.005781111800385,94607691,28487,2122446702,4.267214899968016,4.268499786530308,206,0,0,53.0,53,53,47.80309639013813,199,53,1.0381271391454745,0.6668658101142202
3,2,0.193338431713482,7.962166704846937,249,0.9188349045970129,-0.0174325445164342,0.0174325445164342,0.9919678714859438,2.6849452840099697,0.029308932201420834,14.657399364203869,2218.728112,0.5003710352948104,8.005936564716967,30834031,345208,2185903641,1.3907477829606443,1.4063181526168296,206,0,0,247.0,247,247,199.74055749076453,249,247,0.04268877120394485,0.8889577015157933
3,2,0.019477264414129055,6.577241699744916,95,0.9304111630293622,-0.06998918410053308,0.07996568663303338,0.9789473684210527,2.804894345297019,0.14925799348847013,16.52532983500859,1941.55832525,0.4378632713202855,7.005812341124568,132184400,184474,2084714006,5.962086541392625,5.970407114415137,206,0,0,93.0,93,93,82.33779212174751,95,93,0.21739585361217317,0.7779065928980726
3,2,inf,8.135695370883269,281,0.9380409712502455,-0.029274082071156463,0.022220387808936592,0.9786476868327402,2.6805578212244194,0.02492146941587059,14.593231440085127,2495.87637725,0.5628739457069823,9.005983131311718,45505993,64767,2171512120,2.0525165482311603,2.0554378192663685,206,0,0,275.0,275,275,216.11416840668167,281,275,0.03629838503323689,1.0000001873089917
3,2,0.026816602718749895,7.667152209384268,203,0.9474104811064065,-0.0520789302027762,0.01667037507206337,0.5517241379310345,2.7605583347456597,0.10492198293711086,15.808667012716036,1941.561788,0.4378640522450834,7.005824835921334,60689511,1668718,2154724651,2.7373586954042963,2.8126250742597407,206,0,0,112.0,112,112,93.90211913748796,203,112,0.15281998310567585,0.7779079802867591
3,2,0.03223107866955613,8.287651318810392,312,0.9474168729482618,-0.09159723997467256,0.015192179047784837,0.358974358974359,2.7949144338245326,0.1392780820159838,16.361228725492573,1941.561696125,0.4378640315252897,7.005824504404635,94092710,106155,2122884015,4.243987035793628,4.2487750841321725,206,0,0,111.49029126213593,111,112,92.27853833721491,312,112,0.20286000650055644,0.7779079434760348
3,3,inf,8.112140451062837,277,0.9134552208413147,-0.025234600367064607,0.025234600367064607,0.9855595667870036,2.6871083981244226,0.03147204631587375,14.689139307833683,2495.87590975,0.5628738402756509,9.005981444410414,44594337,59854,2172428689,2.0113969307272805,2.014096604273089,206,0,0,273.0,273,273,218.34089026863154,277,273,0.045839369898066765,1.0
3,3,0.015034079869611595,7.280923552233678,156,0.914513025466505,-0.09226052172623585,0.09226052172623585,0.5384615384615384,2.847572684462733,0.1919363326541843,17.245869826520906,1941.556656125,0.43786289489660396,7.005806318345663,162467266,11096,2054604518,7.327974405720006,7.328474883176221,206,0,0,83.83980582524272,82,84,72.2267682902345,156,84,0.2795573081301651,0.7779059241448733
3,3,0.1512403541065107,6.192585641195047,73,0.9918441895515554,-0.14964508755944556,0.14964508755944556,1.0,3.2970148411738216,0.6413784893652728,27.03182406987836,1941.475674125,0.4378446317092575,7.00551410734812,262852521,86483,1954143876,11.855782360287767,11.859683116582453,204,2,0,73.0,73,73,62.32687645558946,73,73,0.9341745853954583,0.7778734778202449
3,3,inf,5.94674378525163,62,0.9143021875166635,-0.11956575201046218,0.11956575201046218,0.967741935483871,3.385404365960714,0.7297680141521652,29.52993120123033,1664.415406,0.37536156654639813,6.00578506474237,210377999,249116,2006455765,9.488955099414236,9.500191305432839,206,0,0,60.0,60,60,54.91506760962094,62,60,1.0629148675224933,0.6668662490382852
3,3,0.16815675514652023,7.467675485086395,177,0.9554584787015835,-0.1545106213990763,0.14481872381551783,0.576271186440678,3.0745620597090206,0.4189257079004718,21.64040263175883,1941.4807835,0.43784578398350177,7.005532543736028,262885386,0,1954197494,11.857264713532045,11.857264713532045,204,2,0,101.04368932038835,100,102,81.42165540676197,177,102,0.6101697452883296,0.7778755249472594
3,3,0.17704055660547915,7.793385866747175,222,0.9283258625040508,-0.17954315746732097,0.1375996384602178,0.5045045045045045,3.3760037182247458,0.7203673664161969,29.253631453404154,1941.372835125,0.4378214392970731,7.00514302875317,278273467,0,1938809413,12.551333534270041,12.551333534270041,203,3,0,110.87864077669903,110,112,93.9964262769033,222,112,1.0492227241986851,0.7778322742493468
3,3,0.005836370739809603,7.280923552233678,156,0.914513025466505,-0.09226052172623585,0.09372493608797652,0.5384615384615384,2.848780434016315,0.19314408220776613,17.266711101091687,1941.556645625,0.43786289252862753,7.0058062804580405,163748029,10735,2053324116,7.385742340854664,7.386226535653913,206,0,0,83.78155339805825,82,84,72.22514831954706,156,84,0.28131640818915743,0.7779059199379333
3,3,0.04941045055917702,6.192585641195047,73,0.9890530108959714,-0.15232325203592617,0.14964508755944556,1.0,3.301714235127817,0.646077883319268,27.15915621810484,1941.46508575,0.4378422438023607,7.005475900837771,265180023,82909,1951819948,11.96076273882914,11.964502292309433,204,2,0,73.0,73,73,62.374258402264694,73,73,0.9410193026277558,0.7778692354719139
3,3,0.03301256102189007,7.974394284790262,251,0.996750973243421,-0.09433520752326037,0.09433520752326037,0.3466135458167331,2.827784234043675,0.17214788223512612,16.907955216501342,1941.55697275,0.43786296630236937,7.00580746083791,166095782,525,2050986573,7.491636126837081,7.491659806601366,206,0,0,85.5631067961165,85,87,71.5627860986187,251,87,0.2507352198120233,0.7779060510041449
3,3,0.02654818213584252,7.974394284790262,251,0.996750973243421,-0.09433520752326037,0.09433520752326037,0.4900398406374502,2.766197443124895,0.11056109131634617,15.898065626665693,1941.56353375,0.43786444594935486,7.005831135189678,166095782,525,2050986573,7.491636126837081,7.491659806601366,206,0,0,121.5631067961165,121,123,100.79931311235143,251,123,0.1610334043842496,0.7779086797406034
3,3,0.025258588468347283,7.974394284790262,251,0.996989938651048,-0.09433520752326037,0.09433520752326037,0.4860557768924303,2.76661750521378,0.11098115340523096,15.904745204142472,1941.5633515,0.4378644048480497,7.005830477568796,166095782,536,2050986562,7.491636126837081,7.491660302748809,206,0,0,120.5631067961165,120,122,100.43586999076453,251,122,0.16164522928051736,0.7779086067201462
3,3,0.053248881941814166,7.800237640880773,223,0.9119733588501123,-0.14461859438237576,0.1702308297318498,0.5246636771300448,3.3659555298209365,0.7103191780123876,28.96115733143173,1941.397626,0.4378270301739915,7.005232482783864,276325790,0,1940757090,12.463484901385373,12.463484901385373,203,3,0,115.40291262135922,113,117,96.98969292081593,223,117,1.034587431011049,0.7778422069847456
3,3,0.19774454301416472,6.97668892331177,126,0.931799109695205,-0.06985568548311187,0.06763278688652759,0.9841269841269841,2.729541051777969,0.07390469996941995,15.325851633233396,1941.563975,0.43786454546074527,7.005832727371924,121242322,83377,2095757181,5.468551631231756,5.472312293530497,206,0,0,124.0,124,124,106.21919420575009,126,124,0.10764298085679885,0.7779088565322453
3,3,0.1617117585816179,7.904391588062422,240,0.9825399511196321,-0.10217723867745727,0.10266704217314447,0.35,2.855723512889003,0.2000871610804542,17.387012385518243,1941.556418125,0.4378628412224716,7.005805459559546,180255342,242,2036827296,8.130293351956242,8.130304267199971,206,0,0,82.51941747572816,82,84,69.25710352754578,240,84,0.29142907634814125,0.7779058287875683
3,3,0.17327989260110205,6.8991778701884785,119,0.9317853448899887,-0.03212275755219076,0.10917964709153169,0.5126050420168067,3.3805876015801517,0.7249512497716029,29.38803449630473,1664.4155625,0.375361601840523,6.005785629448368,124444352,1055906,2091582622,5.612976994346734,5.6606029089900325,206,0,0,61.0,61,61,55.295409371988434,119,61,1.0558991990166593,0.666866311741723
3,3,0.19222205295984113,7.962166704846937,249,0.9067797164268223,-0.0174325445164342,0.0174325445164342,0.9919678714859438,2.6926513153806684,0.03701496357211953,14.7707860631446,2218.728112,0.5003710352948104,8.005936564716967,30834031,316146,2185932703,1.3907477829606443,1.4050073310746056,206,0,0,247.0,247,247,201.42781531079345,249,247,0.05391268778382731,0.8889577015157933
3,3,0.15928566308708794,7.467675485086395,177,0.9558384875945969,-0.1545106213990763,0.14481872381551783,0.5649717514124294,3.09050605375125,0.43486970194270125,21.988202373048654,1941.480419,0.4378457017808915,7.005531228494264,262885386,0,1954197494,11.857264713532045,11.857264713532045,204,2,0,99.04368932038835,98,100,80.90739815893029,177,100,0.6333923420403463,0.7778753789063451
3,3,0.04380097322167847,7.92046888693004,242,0.9446762334009885,-0.11167847195746446,0.1036546740815485,0.4793388429752066,2.801472297224931,0.145835945416382,16.4688760108476,1941.562239625,0.43786415409626006,7.005826465540161,189475035,6,2027607839,8.546141270099925,8.546141540725802,206,0,0,114.46116504854369,114,116,97.68921157243817,242,116,0.212411604230642,0.7779081612352583
3,3,0.1930871749131754,7.976845172029879,252,0.9954531244082225,-0.09433520752326037,0.09433520752326037,0.9642857142857143,2.7228029341481053,0.06716658233955641,15.22293137595133,2218.727278,0.5003708472098255,8.005933555357208,166095782,520,2050986578,7.491636126837081,7.4916595810798015,206,0,0,242.9902912621359,241,243,185.0905012748956,252,243,0.09782884092601804,0.8889573673645654
3,4,0.2152217952547056,7.962166704846937,249,0.9094027654368719,-0.0174325445164342,0.0174325445164342,0.9919678714859438,2.7033285803485043,0.04769222853995547,14.929342628617794,2218.728112,0.5003710352948104,8.005936564716967,30834031,322302,2185926547,1.3907477829606443,1.4052849932249714,206,0,0,247.0,247,247,201.03380230083522,249,247,0.06946423767187639,0.8889577015157933
3,4,0.04512239487395589,7.456968158804118,176,0.9171291304092789,-0.10153694498919781,0.10153694498919781,0.4943181818181818,2.8671696098711528,0.21153325806260392,17.587169137048676,1941.55723175,0.4378630247124546,7.005808395399273,178704387,3672,2038374821,8.060338592303776,8.060504215340835,206,0,0,87.0,87,87,77.83808323964021,176,87,0.30810043823506345,0.7779061547753295
3,4,0.19784374879928654,8.087649907864204,272,0.9825399511196321,-0.10217723867745727,0.10266704217314447,0.34191176470588236,2.827900165805714,0.17226381399716528,16.909915499169387,1941.558189625,0.4378632407339233,7.005811851742773,180255342,0,2036827538,8.130293351956242,8.130293351956242,206,0,0,92.24757281553399,91,93,76.86321850907484,272,93,0.25090407565538697,0.7779065385584321
3,4,inf,8.112140451062837,277,0.9134552208413147,-0.02913624835952279,0.025234600367064607,0.9855595667870036,2.6874248111428547,0.03178845933430585,14.693787878135542,2495.87590975,0.5628738402756509,9.005981444410414,48040888,50180,2168991812,2.166851245542972,2.1691145799655445,206,0,0,273.0,273,273,218.29233004738194,277,273,0.0463002288217891,1.0
3,4,0.1763626049030227,8.46920891766529,354,0.982462811546805,-0.1301337081967779,0.1301337081967779,0.519774011299435,2.8203255653847235,0.1646892135761746,16.782313523192748,2218.636202,0.5003503076078059,8.005604921724894,228856965,0,1988225915,10.322436164407168,10.322436164407168,204,2,0,181.0,180,184,138.82390002610023,354,184,0.23987158965041067,0.8889208767683607
3,4,0.014506383166604709,8.266347914640736,308,0.9387478379030174,-0.10649381269726918,0.06167032612793394,0.551948051948052,2.771991135262255,0.1163547834537062,15.990441464672154,2218.711793,0.5003673550083974,8.005877680134358,148100941,822,2068981117,6.679991187338923,6.680028263084147,206,0,0,168.52912621359224,167,170,133.9933883613074,308,170,0.16947197854922263,0.8889511631298359
3,4,0.24081667963886325,8.402384855490368,338,0.944792652639867,-0.11056250316923749,0.057480902898809944,0.257396449704142,2.8955990763833364,0.2399627245747875,18.094338085563972,1941.557164375,0.43786300951793916,7.005808152287027,147990718,671,2069091491,6.6750196546554,6.675049919649373,206,0,0,86.62621359223301,86,87,75.18481217876646,338,87,0.34950825831695587,0.7779061277807984
3,4,0.07363559672392699,6.2511623092485324,76,0.9918441895515554,-0.15111236627199592,0.14964508755944556,0.9733333333333334,3.315896955302825,0.660260603494276,27.547091416389744,1941.46997,0.4378433453060627,7.005493524897004,264127421,75550,1952879909,11.913285848835747,11.916693479677223,204,2,0,73.0,73,73,62.90529508311918,75,73,0.961676585275915,0.7778711924001334
3,4,0.02756789870146083,7.205143283862684,148,0.9559207160745413,-0.11510421146427707,0.08418343084009677,0.9864864864864865,2.79199176260944,0.13635541080089109,16.3134800440905,2218.70701,0.5003662763387537,8.00586042142006,175439629,15744,2041627507,7.913083925847643,7.913794048150334,206,0,0,145.54368932038835,145,146,119.84377509637007,148,146,0.19860310481788784,0.8889492467685371
3,4,0.28018379208305266,6.949704418100812,124,0.9314053359977261,-0.10934230970607436,0.1268985924432312,0.5564516129032258,3.228478307309358,0.5728419555008091,25.2412183550259,1941.5538935,0.43786227186509147,7.0057963498414635,207809295,15171,2009258414,9.373095470386746,9.37377974791813,206,0,0,68.67961165048544,68,69,60.069977463459686,124,69,0.8343503955155664,0.7779048172689307
3,4,0.2477262050648826,6.192585641195047,73,0.9992584830740685,-0.15232325203592617,0.14964508755944556,1.0,3.338878083706601,0.6832417318980522,28.187484960385916,1941.46508575,0.4378422438023607,7.005475900837771,265180023,86744,1951816113,11.96076273882914,11.9646752673495,204,2,0,73.0,73,73,61.95850817137809,73,73,0.9951488430059228,0.7778692354719139
3,4,0.17726323716019898,8.112140451062837,277,0.9009770716971996,-0.025063425469344022,0.025234600367064607,0.9711191335740073,2.697389890580394,0.04175353877184529,14.840944638226945,2495.87497475,0.5628736294129879,9.005978070607807,44443416,57438,2172582026,2.004589742716339,2.0071804442421204,206,0,0,269.0,269,269,219.93438805011243,277,269,0.06081447291689244,0.9999996253820166
3,4,0.018927250247505346,8.072506321299537,269,0.9449361502143789,-0.10891781430046006,0.11167847195746446,0.4944237918215613,2.8133461341429293,0.1577097823343805,16.665590324471754,2218.704286,0.5003656620180117,8.005850592288187,194094824,0,2022988056,8.754513678803022,8.754513678803022,206,0,0,132.44660194174756,131,133,111.0635678505461,269,133,0.22970597387952393,0.8889481553681237
3,4,inf,5.94674378525163,62,0.9134735603412293,-0.02498326342235216,0.12259172688033512,0.9838709677419355,3.437604802611052,0.7819684508025033,31.112348635483997,1664.4155625,0.375361601840523,6.005785629448368,129911947,29343004,2057827929,5.859589110173455,7.183085144746596,206,0,0,61.0,61,61,55.944639917282366,62,61,1.1389453582138014,0.666866311741723
3,4,0.04577386721342632,7.8069417640957335,224,0.9444363805873219,-0.10088114516836508,0.02824290432462738,0.9866071428571429,2.7702411247219874,0.11460477291343851,15.962482494946748,2218.722703,0.5003698154486674,8.005917047178679,113725937,56006,2103300937,5.1295302501275915,5.132056362277264,206,0,0,220.99514563106797,220,221,175.57497791519435,224,221,0.16692306960076364,0.8889555343407431
3,5,0.2579465781204966,7.793385866747175,222,0.9649233155245309,-0.17954315746732097,0.17954315746732097,0.509009009009009,3.47114642003017,0.815510068221621,32.17360577638972,1939.58433675,0.43741809434521456,6.998689509523433,314648407,0,1902434473,14.192000210655182,14.192000210655182,130,76,0,111.52912621359224,109,113,91.26128332797944,222,113,1.1877990804161254,0.7771156928007205
3,5,0.42014549818203567,8.604013102014445,389,0.9613486433686443,-0.1301337081967779,0.1301337081967779,0.4910025706940874,2.8262691246222795,0.17063277281373068,16.882357211042716,2218.637989,0.5003507106148418,8.00561136983747,228856965,0,1988225915,10.322436164407168,10.322436164407168,204,2,0,189.60679611650485,187,191,149.9035772365885,389,191,0.24852844683938818,0.8889215927494689
3,5,inf,7.862247463329641,233,0.9444086915704544,-0.11167847195746446,0.11167847195746446,0.9570815450643777,2.7769478768561604,0.12131152504761156,16.0698987128245,2218.723012,0.5003698851348308,8.005918162157293,196524786,0,2020558094,8.864115445246684,8.864115445246684,206,0,0,222.4757281553398,221,223,177.39318984902025,233,223,0.1766915253537645,0.8889556581449751
3,5,0.35726176404919907,6.192585641195047,73,0.989064193558237,-0.15186197402629334,0.14931767863387843,0.9726027397260274,3.376972327071629,0.7213359752630804,29.281980506989008,1941.46781875,0.43784286015279683,7.005485762444749,264495191,83755,1952503934,11.929873862000143,11.93365157372917,204,2,0,71.0,71,71,61.44743565290717,73,71,1.0506335132771327,0.7778703304782759
3,5,0.02916380962004193,7.456968158804118,176,0.9171291304092789,-0.11062703612703573,0.10149880994784839,0.9715909090909091,2.782152743355845,0.126516391547296,16.153758440313656,2218.712183,0.5003674429618076,8.005879087388921,186659363,2926,2030420591,8.419142319117993,8.419274294337612,206,0,0,170.4126213592233,170,171,140.87745066053645,176,171,0.18427246872028316,0.8889513193876044
3,5,0.01966434995411083,7.0140440988479735,129,0.992085155427657,-0.12230965921463088,0.12984940455119978,0.875968992248062,2.859909048299412,0.20427269649086321,17.45993885323078,1941.5618845,0.4378640740079144,7.00582518412663,221767287,11804,1995303789,10.002661109358257,10.003193520668024,206,0,0,112.52427184466019,111,113,95.36527264696434,129,113,0.29752535315116646,0.7779080189505402
3,5,0.3046233771748666,7.4506416035882745,175,0.9171291304092789,-0.10153694498919781,0.10153694498919781,0.49714285714285716,2.869169811999792,0.2135334601912433,17.62238223511012,1941.55723175,0.4378630247124546,7.005808395399273,178704387,3672,2038374821,8.060338592303776,8.060504215340835,206,0,0,87.0,87,87,77.80189427401221,175,87,0.311013753890657,0.7779061547753295
3,5,0.4082662350845949,7.883354382357186,236,0.943462413832644,-0.10258838081962654,0.11171660699881387,0.5,2.8357906649039326,0.18015431309538377,17.043870964902702,1941.562814125,0.4378642836583989,7.005828538534383,188567084,65,2028515731,8.505188764075433,8.505191695855773,206,0,0,117.62621359223301,116,118,99.06119624357532,236,118,0.2623966714406559,0.777908391414971
3,5,inf,7.6322564220861615,198,0.9413135517511052,-0.16857162603995332,0.07226911151389087,0.3333333333333333,3.6260081646671862,0.9703718128586374,37.56257333603582,1862.0854495,0.41994042403592957,6.719046784574873,211570324,5207,2005507349,9.54273409932244,9.54296895747984,72,134,0,65.3495145631068,65,66,58.79198622711211,198,66,1.4133568571246486,0.746064915417416
3,6,inf,7.793385866747175,222,0.9637826129725613,-0.17954315746732097,0.17954315746732097,0.509009009009009,3.474278918230423,0.8186425664218739,32.274547556010106,1939.58433675,0.43741809434521456,6.998689509523433,314648407,0,1902434473,14.192000210655182,14.192000210655182,130,76,0,111.52912621359224,109,113,91.20887206874397,222,113,1.192361597332415,0.7771156928007205
3,6,inf,7.9229197741696575,243,0.9435093318026463,-0.11167847195746446,0.1127640210678285,0.9835390946502057,2.780508409433966,0.1248720576254172,16.127218093920405,2218.726275,0.5003706210116963,8.00592993618714,197480080,0,2019602800,8.907203324757981,8.907203324757981,206,0,0,238.1601941747573,237,239,187.0606077336974,243,239,0.18187747888948455,0.8889569655016379
4,0,0.03387006452353323,7.205143283862684,148,0.9559207160745413,-0.08418343084009677,0.08418343084009677,0.49324324324324326,2.8912798569851175,0.23564350517656862,18.016353207643835,1941.55468025,0.43786244929418244,7.005799188706919,148332165,24595,2068726120,6.690420386990675,6.6915297275670635,206,0,0,73.0,73,73,64.14224998996146,148,73,0.3432172693650872,0.777905132488929
4,0,0.07530026604709139,8.402384855490368,338,0.9155212992441091,-0.057480902898809944,0.057480902898809944,0.257396449704142,2.7770465036456504,0.12141015183710158,16.071483713502456,1941.55723175,0.4378630247124546,7.005808395399273,101422208,1111,2115659561,4.574579007168194,4.574629118059853,206,0,0,87.0,87,87,77.1951857633312,338,87,0.17683517632071838,0.7779061547753295
4,0,0.1468605654660725,8.747138770306805,430,0.9359781606537837,-0.04977206036296009,0.05379907554448997,0.14651162790697675,2.940804668327745,0.2851683165191963,18.931073420239148,1664.4158755,0.3753616724287727,6.0057867588603635,91372034,299,2125710547,4.121272814122312,4.121286300311876,206,0,0,63.0,63,63,57.17913663467716,430,63,0.41535068336307224,0.6668664371485987
4,0,0.053449453570578113,7.667152209384268,203,0.9721633019852675,-0.027928063572039842,0.015215426325317326,0.5073891625615764,2.7254410274563385,0.0698046756477897,15.263143908230365,1941.56014775,0.43786368233333706,7.005818917333393,38138571,3193178,2175751131,1.72021404089323,1.864240140630196,206,0,0,103.0,103,103,87.97102749558304,203,103,0.10167125186326703,0.7779073231026444
4,0,0.013685997636077401,7.83414034345963,228,0.9977074372587773,-0.007446939539571762,0.007446939539571762,0.5154185022026432,2.718723563607518,0.06308721179896937,15.160957890503383,1941.56269925,0.4378642577516092,7.005828124025747,13183702,16633480,2187265698,0.5946418205168766,1.3448835074672536,206,0,0,117.0,117,117,95.51009501485706,227,117,0.0918871943840539,0.777908345389045
4,0,0.008366327170985212,8.4244472273238,344,0.9761056694680993,-0.0462422829622096,0.01575446235546893,0.5377906976744186,2.6818048153846044,0.026168463576055512,14.611440465383668,2218.715164,0.5003681152415916,8.005889843865466,54750876,67077,2162264927,2.4695006440174216,2.4725261060154864,206,0,0,184.74757281553397,184,185,143.45849060391905,344,185,0.03811464527878104,0.8889525137578808
4,0,inf,7.60481144142165,195,0.9375903364249083,-0.04912539127748876,0.047816687367020716,0.26153846153846155,3.205238677725072,0.5496023259165232,24.661385437442195,1664.4139975,0.37536124889927436,6.00577998238839,85536279,40914,2131505687,3.8580550944491527,3.8599004923081632,206,0,0,51.0,51,51,46.920079354722134,195,51,0.800501628069173,0.6668656847073444
4,0,0.08820625370760639,8.206147808706456,295,0.9474168729482618,-0.0026477499369405993,0.015192179047784837,0.26101694915254237,2.8068188852255207,0.15118253341697185,16.557164115453837,1941.55540925,0.43786261369940305,7.005801819190449,15787174,8684972,2192610734,0.7120696362961406,1.1037993311282976,206,0,0,77.0,77,77,67.84497595767748,295,77,0.22019896646923875,0.7779054245707577
4,0,0.014287477096452693,7.280536308112417,155,0.9691030851672301,-0.02130198166305834,0.02584340511761722,1.0,2.6861742594560063,0.030537907647457452,14.67542402178735,2218.708976,0.5003667197141498,8.005867515426397,41665627,3710981,2171706272,1.879299478420942,2.0466807267033698,206,0,0,155.0,155,155,127.72244042121747,155,155,0.04447878700085539,0.8889500344679545
4,0,0.006217078567733039,7.7667457269799,218,0.9474168729482618,-0.00764251354008437,0.002194336887904691,0.4954128440366973,2.71928336996536,0.06364701815681117,15.169447467159245,1941.561059,0.4378638878398628,7.005822205437805,8707484,20919830,2187455566,0.3927450831247229,1.3363196417808252,206,0,0,108.0,108,108,93.64670836010279,218,108,0.09270255829305582,0.7779076882049303
4,0,0.07815060289843483,7.229516825935045,150,0.9825399511196321,-0.10217723867745727,0.10219209608909824,0.5066666666666667,2.8723743142415445,0.2167379624329957,17.67894377587789,1941.555227,0.4378625725980979,7.005801161569567,179839807,13122,2037229951,8.111550931284986,8.112142790079186,206,0,0,76.0,76,76,65.04790897044651,150,76,0.3156811454585444,0.7779053515503006
4,0,0.07396781807751848,6.109925950099369,69,0.9290585152846244,-0.01648979617361255,0.05189833355747814,1.0,2.90897863599575,0.2533422841872013,18.338059165232583,1941.55395125,0.43786228488896184,7.005796558223389,60363025,34528697,2122191158,2.7226327686946914,4.280025923072393,206,0,0,69.0,69,69,62.89637081392547,69,69,0.3689957290708779,0.7779048404071003
4,0,0.012445837855496423,8.206147808706456,295,0.9492229241671014,-0.004617017312564919,0.015192179047784837,0.511864406779661,2.6972414770531667,0.0416051252446179,14.838742204725305,2218.708144,0.500366532080208,8.005864513283328,17529587,6966081,2192587212,0.790659977492587,1.1048602747769176,206,0,0,151.0,151,151,126.07499297301638,295,151,0.06059830703736329,0.8889497011180486
4,0,0.14593773224044052,7.781137172102181,220,0.943462413832644,-0.05674917149366571,0.06376796464952693,0.2590909090909091,3.0372483924824722,0.3816120406739234,20.84779927850671,1664.4149365,0.37536146066402354,6.005783370624377,106309688,12867,2110760325,4.795025434502476,4.795605791696881,206,0,0,57.0,57,57,51.61871335929971,220,57,0.55582199245764,0.6668660609279716
4,0,0.08923814685559725,5.9354020299039325,61,0.9474168729482618,-0.00505541517571205,0.002194336887904691,1.0,2.9498247594791445,0.2941884076705956,19.102605884296395,1664.4155625,0.375361601840523,6.005785629448368,6420185,99944883,2110717812,0.28957803327586923,4.797523311352258,206,0,0,61.0,61,61,55.45879301517829,61,61,0.42848854197745556,0.666866311741723
4,0,0.13645992065616305,7.720152330334154,211,0.9398317241909029,-0.06531716174435231,0.06797509139797236,0.26066350710900477,3.1075466921927,0.45191034038415134,22.36610609531185,1664.4146235,0.3753613900757738,6.005782241212381,117554715,10340,2099517825,5.302224651159635,5.302691029755279,206,0,0,55.0,55,55,49.95324420775779,211,55,0.6582122130133647,0.6668659355210959
4,0,0.17337162193760466,7.154365547476306,142,0.937402000106104,-0.005717230410883126,0.01807231074848787,0.9507042253521126,2.699622423985439,0.0439860721768901,14.874114555591348,2218.704816,0.500365781544441,8.005852504711056,21043563,24412937,2171626380,0.9491554506072412,2.0502842004715673,206,0,0,135.0,135,135,117.14803470326052,142,135,0.06406618154544841,0.8889483677184243
4,0,0.010369517719642195,7.6511038174441826,201,0.9720122934358837,-0.026648037599397146,0.01677218631005166,0.9701492537313433,2.6771377392029496,0.021501387394400773,14.543406642615318,2218.717296,0.5003685960535674,8.005897536857079,38379301,2157733,2176545846,1.7310720021436456,1.8283950665840691,206,0,0,195.0,195,195,157.08270257789914,201,195,0.03131699922532361,0.8889533679670149
4,0,inf,8.153387705892893,285,0.9977074372587773,-0.007446939539571762,0.021993097540835276,0.9473684210526315,2.6648625167451607,0.00922616493661188,14.365974329310522,2495.8752085,0.5628736821286536,9.005978914058458,26032115,5380418,2185670347,1.1741606610574702,1.4168407181963356,206,0,0,270.0,270,270,207.25574204946997,285,270,0.01343800727239697,0.9999997190365125
4,0,0.17802721238428537,7.936447480874116,245,0.9971786719931416,-0.024014785093855507,0.0064068007308358405,0.9224489795918367,2.6706035112717355,0.014967159463186608,14.448686507208413,2218.723744,0.5003700502166162,8.005920803465859,26894102,8206839,2181981939,1.2130399924426822,1.583203826823109,206,0,0,226.0,226,226,180.3627881063283,245,226,0.021799826807267896,0.8889559514287867
4,0,0.09039295164296778,7.640026026341788,199,0.9094734621179213,-0.05959560900022395,0.04848562836489236,0.2663316582914573,3.184727361741506,0.5290910099329573,24.160700376536834,1664.4143105,0.37536131948752405,6.005781111800385,95355429,25015,2121702436,4.300941108705868,4.302069393093685,206,0,0,53.0,53,53,48.78531059267588,199,53,0.7706266783747651,0.6668658101142202
4,0,0.19610528387787873,6.97668892331177,126,0.931799109695205,-0.0747885391526263,0.06763278688652759,0.5158730158730159,2.909973757640874,0.2543374058323251,18.356316847638276,1847.31570275,0.41660952763976056,6.665752442236169,125573732,76294,2091432854,5.663916903277879,5.667358091728172,0,206,0,65.0,65,65,58.4454756264054,126,65,0.3704451343217019,0.7401472547307196
4,0,0.1843336076489745,7.974394284790262,251,0.996750973243421,-0.023558395511626803,0.0071065612975109264,0.49800796812749004,2.704494209829982,0.04885785802143294,14.94675485665647,1941.56415725,0.4378645865620504,7.0058333849928065,27110572,7250672,2182721636,1.2228037230615394,1.5498403018654856,206,0,0,125.0,125,125,103.76807315089945,251,125,0.07116198939825802,0.7779089295527025
4,1,0.1804856312860303,8.747138770306805,430,0.9240970575005685,-0.04977206036296009,0.04977206036296009,0.1511627906976744,2.9250026920916805,0.26936634028313167,18.63427621501145,1875.68473025,0.42300735510843873,6.76811768173502,87824268,388,2129258224,3.961253266273925,3.9612707667473397,0,206,0,65.0,65,65,58.48455192940893,430,65,0.3923349370548927,0.7515136160907449
4,1,0.0055718524921354,7.979432385100146,252,0.9816568763423911,-0.04520189214397206,0.04520189214397206,0.5476190476190477,2.7003135886143403,0.0446772368057915,14.884398571022858,2218.70544,0.5003659222698973,8.005854756318357,79789656,21387,2137271837,3.598857612395618,3.599822258336143,206,0,0,138.0,138,138,107.79354847614842,252,138,0.06507287017213269,0.888948617730854
4,1,inf,8.209842455374522,296,0.9486415444894601,-0.024014785093855507,0.0064068007308358405,0.9425675675675675,2.6728748289852766,0.017238477176727773,14.481541362592612,2495.87731225,0.5628741565696452,9.005986505114324,26894102,5287518,2184901260,1.2130399924426822,1.4515298589108225,206,0,0,279.0,279,279,222.45542006304208,296,279,0.02510802519329185,1.000000561926975
4,1,0.006229051345558914,7.855395261488829,232,0.9977074372587773,-0.017739373509452795,0.007446939539571762,0.5844155844155844,2.70722628781198,0.05158993600343109,14.987646390496911,2218.704816,0.500365781544441,8.005852504711056,22279573,8608181,2186195126,1.00490483242557,1.3931709219639097,206,0,0,135.0,135,135,104.50720265820752,231,135,0.07514129001157754,0.8889483677184243
4,1,0.10271558077627307,6.96538015336342,125,0.9329861212332785,-0.10947580832347575,0.10947580832347575,0.504,3.038645766220503,0.383009414411954,20.876951809461072,1664.4158755,0.3753616724287727,6.0057867588603635,192652676,18420,2024411784,8.689466584126977,8.690297405571053,206,0,0,63.0,63,63,57.16045364198522,125,63,0.5578572821563311,0.6668664371485987
4,1,0.019069288548750476,7.83414034345963,228,0.9980204784898682,-0.007446939539571762,0.007446939539571762,0.5066079295154186,2.7198145316179403,0.06417817980939144,15.177507036222153,1941.56233475,0.43786417554899887,7.005826808783982,13183702,16644943,2187254235,0.5946418205168766,1.345400538206312,206,0,0,115.0,115,115,95.33575555131706,227,115,0.09347620088445018,0.7779081993481306
4,1,0.0018944747111549977,6.986047991877064,127,0.9830360297034553,-0.054277995669260434,0.04612680506631633,0.984251968503937,2.719122772514966,0.06348642070641697,15.167011488183373,1941.56415725,0.4378645865620504,7.0058333849928065,88591084,231054,2128260742,3.995839975093759,4.006261507012313,206,0,0,125.0,125,125,103.70918326373274,127,125,0.09246864639996125,0.7779089295527025
4,1,0.21200476463884657,6.949704418100812,124,0.9317853448899887,-0.10934230970607436,0.10917964709153169,0.5241935483870968,3.0364888782435995,0.38085252643505063,20.831971089733788,1797.3330245,0.40533735583669295,6.485397693387087,192273640,19957,2024789283,8.672370425773167,8.67327057254621,0,206,0,65.0,65,65,57.2075683123193,124,65,0.5547157518977124,0.7201211476415228
4,1,0.021896175629706416,7.205143283862684,148,0.9565548632768843,-0.08244191385185161,0.08418343084009677,0.49324324324324326,2.8937656810706454,0.2381293292620965,18.061194402951756,1941.55468025,0.43786244929418244,7.005799188706919,146805592,25550,2070251738,6.621565360695943,6.622717775891175,206,0,0,73.0,73,73,64.50231514013814,148,73,0.3468378985613706,0.777905132488929
4,1,0.0761386462513232,8.215784486911039,297,0.9116466877314122,-0.057480902898809944,0.05590773525052847,0.25925925925925924,2.818753915701951,0.16311756389340237,16.755958321465016,1941.55540925,0.43786261369940305,7.005801819190449,100034452,2680,2117045748,4.5119852262807605,4.5121061058394,206,0,0,77.0,77,77,69.77076348176999,297,77,0.2375824651862528,0.7779054245707577
4,1,0.06296331575896567,7.6868635784690245,206,0.9329998860384947,-0.07344491728965163,0.07003225351169215,0.33495145631067963,2.911074501861289,0.2554381500527403,18.376533582001898,1941.55395125,0.43786228488896184,7.005796558223389,126505218,8468,2090569194,5.705930939307059,5.706312882628907,206,0,0,69.0,69,69,62.2968348458079,206,69,0.3720483799758404,0.7779048404071003
4,1,0.17449125064526821,6.986047991877064,127,0.9845619055760386,-0.054681009436125694,0.004799420798371708,0.9921259842519685,2.717282032931672,0.061645681123123186,15.139118649378867,1941.5643395,0.43786462766335554,7.005834042613689,52492836,22270916,2142319128,2.367653301260438,3.372167665649017,206,0,0,126.0,126,126,104.59074094522968,127,126,0.08978758963619884,0.7779090025731596
4,1,0.16888852650649958,8.030061840685553,261,0.952711316408242,-0.02913624835952279,0.028024133461762607,0.9923371647509579,2.6745253480464934,0.0188889962379446,14.505463158907096,2495.87263725,0.5628731022563306,9.00596963610129,50502455,62695,2166517730,2.2778785337966254,2.2807063486954533,206,0,0,259.0,259,259,202.89833335006423,261,259,0.027512023745262956,0.9999986888370582
4,1,0.17417583916717366,7.855395261488829,232,0.9994261479572307,-0.017739373509452795,0.0032859751470129426,0.5627705627705628,2.708644432735024,0.05300808092647502,15.00891612335111,2218.703776,0.5003655470020137,8.00584875203222,18598083,12321928,2186162869,0.8388537554356109,1.3946258517859287,206,0,0,130.0,130,130,101.3557159492451,231,130,0.07720683316196647,0.8889479510310417
4,1,0.1708224024178552,7.640026026341788,199,0.937365772887371,-0.04912539127748876,0.04284032544495633,0.2663316582914573,3.2693331801838914,0.6136968283753426,26.293800269154424,1664.4143105,0.37536131948752405,6.005781111800385,81160731,45022,2135877127,3.660699008239151,3.6627296946156562,206,0,0,53.0,53,53,47.915609691214264,199,53,0.8938559520033141,0.6668658101142202
4,1,0.03455879306151414,6.901953250545311,120,0.9424731745618463,-0.09847693486644674,0.10486380910648571,0.5083333333333333,3.0741480839910538,0.4185117321825049,21.631445884608084,1664.4155625,0.375361601840523,6.005785629448368,178940749,31205,2038110926,8.070999537915334,8.072407018000158,206,0,0,61.0,61,61,54.73672151060071,120,61,0.6095667852559808,0.666866311741723
4,1,0.010561036905295113,6.7337358937855365,106,0.9124239921068543,-0.02935521485618156,0.023071516167841838,0.9811320754716981,2.7496888384798064,0.09405248667125754,15.637765256264196,1941.56033,0.4378637234346422,7.005819574954275,46328653,13893575,2156860652,2.089622062301974,2.7162822167478016,206,0,0,104.0,104,104,91.80825369418567,106,104,0.13698844628931067,0.7779073961231017
4,1,0.05607843853014315,7.229516825935045,150,0.9816406800029196,-0.10217723867745727,0.10219209608909824,0.5066666666666667,2.8817864880657336,0.22615013625718472,17.846126610462537,1941.555227,0.4378625725980979,7.005801161569567,179839807,13090,2037229983,8.111550931284986,8.112141346741174,206,0,0,76.0,76,76,65.09140097976228,150,76,0.3293900766523286,0.7779053515503006
4,1,0.04485812101863664,8.402384855490368,338,0.944792652639867,-0.059042799975288655,0.057480902898809944,0.257396449704142,2.779942559566973,0.12430620775842405,16.118095091075386,1941.55723175,0.4378630247124546,7.005808395399273,102801455,1275,2114280150,4.636788995456949,4.636846503455929,206,0,0,87.0,87,87,75.8203940632027,338,87,0.18105331254518212,0.7779061547753295
4,1,0.015570780217792736,7.533309349587151,185,0.9095095748229934,-0.007140110861464613,0.0174325445164342,0.9891891891891892,2.699781226832283,0.0441448750237341,14.876476794887258,2218.7148,0.5003680331517422,8.005888530427875,21737398,12200318,2183145164,0.9804504015655021,1.5307373624210205,206,0,0,183.0,183,183,154.27440872952135,185,183,0.06429747957940168,0.8889523679172969
4,1,0.17038257418130848,8.20564532503119,295,0.9368733162522903,-0.011426403413458963,0.002408652663287373,0.8610169491525423,2.675852245858197,0.020215894049647964,14.52472320145869,2218.729568,0.5003713636542085,8.005941818467337,12241635,9695821,2195145424,0.5521505357526373,0.9894738802006355,206,0,0,254.0,254,254,211.86853517507228,295,254,0.02944466450834316,0.8889582848781291
4,1,0.026541344417659197,6.925616768813337,122,0.9443691558330654,-0.10934230970607436,0.10918359145827634,0.5081967213114754,3.0669679534569214,0.41133160164837257,21.47668554411688,1664.415719,0.3753616371346479,6.005786194154366,192277088,22869,2024782923,8.672525945444132,8.673557435976413,206,0,0,62.0,62,62,55.28927958360103,122,62,0.5991088488330641,0.6668663744451608
4,1,0.0223349204910637,7.716330599353677,210,0.9380409712502455,-0.029274082071156463,0.007674233006460602,0.5142857142857142,2.7446279837902314,0.08899163198168258,15.558824720410088,1941.561059,0.4378638878398628,7.005822205437805,32656780,8500233,2175925867,1.4729616242402268,1.8563587934069474,206,0,0,108.0,108,108,93.68017562439769,210,108,0.12961725765456392,0.7779076882049303
4,1,0.14591906049202014,7.720152330334154,211,0.9387300226495406,-0.04912539127748876,0.04913599133086544,0.26066350710900477,3.1131940430760907,0.45755769126754187,22.492772672988483,1664.4146235,0.3753613900757738,6.005782241212381,86696677,28470,2130357733,3.9103940489586027,3.9116781687475752,206,0,0,55.0,55,55,49.943442820430455,211,55,0.6664376395868299,0.6668659355210959
4,1,0.017897933092171137,7.78584642866047,221,0.9470898901958138,-0.01953793473506057,0.027988662087155704,0.995475113122172,2.679499323797855,0.023862971989306203,14.577792714527659,2218.722496,0.5003697687657035,8.005916300251256,42003536,310975,2174768369,1.8945406316970883,1.908566945408915,206,0,0,220.0,220,220,176.85079455107612,221,220,0.034756672283279354,0.8889554514039276
4,1,inf,7.60481144142165,195,0.9375862644546887,-0.04912539127748876,0.06996370850152657,0.26153846153846155,3.3416911667011746,0.6860548148926258,28.26689032957054,1664.4139975,0.37536124889927436,6.00577998238839,105035581,25918,2112021381,4.737557713674646,4.738726727257034,206,0,0,51.0,51,51,46.73240493495021,195,51,0.9992461282808616,0.6668656847073444
4,1,0.022619224117099136,6.710341434734212,105,0.9134552208413147,-0.013333878607017204,0.026757604216176248,0.9809523809523809,2.7587540388456717,0.10311768703712287,15.780169216600239,1941.56014775,0.43786368233333706,7.005818917333393,35435661,24322160,2157325059,1.598301142445338,2.6953354580952786,206,0,0,103.0,103,103,91.4927634616929,105,103,0.15019200695391866,0.7779073231026444
4,2,inf,8.209842455374522,296,0.9369012230361036,-0.011638964246899532,0.002408652663287373,0.8682432432432432,2.676242371798144,0.020606019989595215,14.530390778212604,2473.86510975,0.5579099302210119,8.92655888353619,12428992,9578068,2195075820,0.5606011445093113,0.9926133207974616,0,206,0,257.0,257,257,212.62055417804368,296,257,0.030012887085565706,0.9911811320771132
4,2,0.3297784830777079,7.720152330334154,211,0.9387259506793212,-0.04912539127748876,0.04912539127748876,0.26066350710900477,3.116530850274888,0.460894498466339,22.567952078599827,1664.4146235,0.3753613900757738,6.005782241212381,86687613,28480,2130366787,3.909985223466251,3.911269794298353,206,0,0,55.0,55,55,50.01175263009958,211,55,0.6712977347305971,0.6668659355210959
4,2,0.057791497562750226,6.109925950099369,69,0.9293593757766684,-0.05189833355747814,0.05189833355747814,1.0,2.916848958383028,0.2612126065744791,18.482955043530037,1941.55395125,0.43786228488896184,7.005796558223389,91566856,6124628,2119391396,4.13006012657497,4.406307264435689,206,0,0,69.0,69,69,62.88234570751686,69,69,0.3804589372622531,0.7779048404071003
4,2,0.025854782174800202,7.667152209384268,203,0.9471096206143133,-0.01667037507206337,0.01667037507206337,0.5270935960591133,2.754524290590794,0.09888793878224522,15.713564034272979,1941.56087675,0.43786384673855766,7.005821547816923,29486570,3311815,2184284495,1.3299714803625202,1.47934862047196,206,0,0,107.0,107,107,90.96291885841632,203,107,0.14403133367309529,0.7779076151844732
4,2,0.1330581456734718,7.640026026341788,199,0.937365772887371,-0.04912539127748876,0.04912539127748876,0.2663316582914573,3.3422087542184924,0.6865724024099435,28.28152470611712,1664.4143105,0.37536131948752405,6.005781111800385,86687613,36147,2130359120,3.909985223466251,3.9116156090655485,206,0,0,53.0,53,53,47.80309639013813,199,53,1.0,0.6668658101142202
4,2,0.06478656121290928,6.736680755523931,107,0.9832678196057838,-0.148242493955227,0.148242493955227,0.9626168224299065,3.012899889850477,0.357263538041928,20.34631653492835,1941.49235475,0.43784839354990646,7.005574296798503,260414429,14944,1956653507,11.745813895780026,11.746487934632375,204,2,0,102.64563106796116,101,103,86.07038026019916,107,103,0.5203581396337724,0.7778801610952164
4,2,0.008329484347719752,6.561565964482307,94,0.931799109695205,-0.06985568548311187,0.06985568548311187,0.9574468085106383,2.8148200869502005,0.15918373514165163,16.69017273031788,1941.5577785,0.43786314801637005,7.005810368261921,123195849,237333,2093649698,5.556664124347034,5.567368866246444,206,0,0,90.0,90,90,80.13500215828782,94,90,0.23185280180633458,0.7779063738367011
4,2,0.0073923995332971296,7.449782096873457,175,0.9095095748229934,-0.0174325445164342,0.0174325445164342,0.92,2.7012217101901697,0.04558535838162081,14.897921553835328,2218.710224,0.5003670011650625,8.005872018641,30834031,5285177,2180963672,1.3907477829606443,1.6291320602322272,206,0,0,161.0,161,161,141.58456849301317,175,161,0.06639555889751941,0.8889505344928136
4,2,0.00984159942278911,6.577241699744916,95,0.9329998860384947,-0.06998918410053308,0.0701518467150756,0.9789473684210527,2.799806150390744,0.14416979858219525,16.44145929170192,1941.55832525,0.4378632713202855,7.005812341124568,123573332,218722,2093290826,5.573690235702871,5.583555541234435,206,0,0,93.0,93,93,82.1937866407003,95,93,0.20998484366127101,0.7779065928980726
4,2,0.16692910001968903,8.215821674880289,297,0.9387478379030174,-0.029274082071156463,0.022220387808936592,0.7912457912457912,2.6833893459601463,0.027752994151597488,14.634611091988988,2218.725616,0.5003704723929852,8.005927558287762,45505993,52990,2171523897,2.0525165482311603,2.054906625773052,206,0,0,235.0,235,235,193.60811892667846,297,235,0.040422530900137366,0.8889567014660754
4,2,0.024405941904568174,6.583568254960595,96,0.9329998860384947,-0.06998918410053308,0.0701518467150756,0.9791666666666666,2.7965600126012102,0.1409236607926614,16.3881745809269,1941.5585075,0.43786331242159066,7.0058129987454505,123573332,218722,2093290826,5.573690235702871,5.583555541234435,206,0,0,94.0,94,94,82.41861874598457,96,94,0.20525680947559802,0.7779066659185297
4,2,0.010727417684650251,7.154365547476306,142,0.9095095748229934,-0.007140110861464613,0.0174325445164342,0.9859154929577465,2.7145190255258744,0.058882673717325584,15.097346886852522,2218.705856,0.5003660160868681,8.00585625738989,21737398,22380102,2172965380,0.9804504015655021,1.9898895254651012,206,0,0,140.0,140,140,120.71534944185673,142,140,0.08576323998844261,0.8889487844058069
4,2,0.0037109732082639094,7.451915234371202,175,0.914513025466505,-0.09762639553859646,0.09372493608797652,0.52,2.8152607226872597,0.15962437087871084,16.697528637399298,1941.557770875,0.43786314629676815,7.00581034074829,168438629,4764,2048639487,7.5973086310602875,7.597523508007062,206,0,0,89.94660194174757,89,91,79.9043188343238,175,91,0.23249459243979512,0.7779063707816614
4,2,0.04876526261617542,6.499471252611073,90,0.9659568291238412,-0.05189833355747814,0.05189833355747814,0.9,2.8217038507279852,0.1660674989194364,16.805460287706655,1941.55613825,0.43786277810462365,7.005804449673978,91566856,989599,2124526425,4.13006012657497,4.174695309541157,206,0,0,81.0,81,81,70.42646387126565,90,81,0.24187907689927746,0.7779057166525865
4,2,0.1859970788715023,7.974394284790262,251,0.996750973243421,-0.0634172985533793,0.0698300524712134,0.4900398406374502,2.7278810136773615,0.07224466186881262,15.30043124084556,1941.56379275,0.4378645043594401,7.005832069751041,117514689,5700,2099562491,5.300419305930503,5.300676400514175,206,0,0,123.0,123,123,102.09364459524575,251,123,0.10522511772280102,0.777908783511788
4,2,0.2140203684888482,8.609691126354056,391,0.999484899574363,-0.1535483931877738,0.14798699275519997,0.24296675191815856,3.047855002622693,0.3922186508141441,21.07010060541515,1941.470695625,0.43784350895014806,7.005496143202369,264804424,0,1952278456,11.943821603998854,11.943821603998854,204,2,0,94.66019417475728,93,95,78.34380646683263,391,95,0.571270632838451,0.7778714831297313
4,2,0.01885221112891359,6.777434784444152,110,0.9832678196057838,-0.148242493955227,0.148242493955227,0.8909090909090909,3.0369875935385386,0.3813512417299898,20.84236290340279,1941.4914295,0.4378481848860788,7.005570958177261,260414429,13522,1956654929,11.745813895780026,11.746423796299396,204,2,0,97.56796116504854,96,98,83.70128794571153,110,98,0.55544213602441,0.7778797903836774
4,2,0.051279192086951794,8.215784486911039,297,0.9116466877314122,-0.09710380542337024,0.04954606107420075,0.25925925925925924,2.905740914020995,0.25010456221244626,18.27878164195189,1941.555264875,0.43786258113972715,7.005801298235634,129177704,2385,2087902791,5.826471584138523,5.82657915792485,206,0,0,76.19902912621359,76,77,68.90813724702859,297,77,0.36427995260886126,0.7779053667253338
4,2,0.014361023208208354,7.667152209384268,203,0.9477496143992886,-0.0520789302027762,0.04923449121125802,0.5714285714285714,2.7485915269278642,0.09295517511931539,15.62061516701832,1941.562517,0.437864216650304,7.005827466404864,89381405,31789,2127669686,4.031486860788894,4.032920681792464,206,0,0,116.0,116,116,97.17295916318663,203,116,0.1353902003532805,0.7779082723685878
4,2,0.14108191341069454,7.640026026341788,199,0.937026639594489,-0.04912539127748876,0.016561282828926077,0.2613065326633166,3.363417296975662,0.7077809451671131,28.88774038472518,1664.414154,0.3753612841933992,6.005780547094387,57995470,1853618,2157233792,2.6158458271077354,2.6994519934229975,206,0,0,52.0,52,52,47.59500607332156,199,52,1.0308904678992707,0.6668657474107823
4,2,0.004143171536187363,7.727942371614491,212,0.9153015013864126,-0.022703203904632964,0.01548915906917974,0.9952830188679245,2.7008194879141447,0.04518313610559588,14.891930482871773,2218.720624,0.5003693465893345,8.005909545429352,33768527,1662972,2181651381,1.5231062088215666,1.5981134182949444,206,0,0,211.0,211,211,173.95203581753935,212,211,0.06580971787825753,0.8889547013666391
4,2,inf,7.603211486623343,194,0.9366734395190328,-0.05462789070722252,0.10141649576626882,0.26288659793814434,3.603983336328936,0.9483469845203873,36.74430825793226,1664.4139975,0.37536124889927436,6.00577998238839,137444304,15788,2079622788,6.199330897363657,6.200043004256115,206,0,0,51.0,51,51,46.24657810994218,194,51,1.3812774606022418,0.6668656847073444
4,2,0.00939694598542389,7.92577436051419,243,0.9134552208413147,-0.025234600367064607,0.028923390777446198,0.9506172839506173,2.6935508180142147,0.03791446620566585,14.784078401458366,2218.724784,0.5003702847590433,8.005924556144693,47850520,82236,2169150124,2.1582648277000813,2.161974025977775,206,0,0,231.0,231,231,190.90684980324446,243,231,0.055222822928189315,0.8889563681161693
4,2,0.17839271085787062,7.124164152454597,140,0.944918574768145,-0.06985568548311187,0.06763278688652759,0.9714285714285714,2.721120279942947,0.06548392813439818,15.197337984908883,2218.705024,0.5003658284529264,8.005853255246823,121242322,57771,2095782787,5.468551631231756,5.471157352493742,206,0,0,136.0,136,136,113.92616898891744,140,136,0.09537803719541085,0.8889484510559008
4,3,0.12070890344119753,6.80575077033219,112,0.9825399511196321,-0.10217723867745727,0.10217723867745727,0.49107142857142855,3.2295992506033744,0.5739628987948255,25.269528193371187,1664.4146235,0.3753613900757738,6.005782241212381,179827011,49077,2037206792,8.110973776496799,8.113187360862215,206,0,0,55.0,55,55,49.43716872791519,112,55,0.8359830613350515,0.6668659355210959
4,3,0.12307216771915425,6.80575077033219,112,0.9792707667078632,-0.10641218797419032,0.10217723867745727,0.5,3.2017346872721992,0.5460983354636504,24.575123397257467,1664.41478,0.3753614253698987,6.005782805918379,183547501,45225,2033490154,8.27878392169083,8.280823764242859,206,0,0,56.0,56,56,49.71334800634436,112,56,0.7953980287392648,0.6668659982245337
4,3,0.0437857368438787,6.661816651671096,101,0.9832678196057838,-0.1453940804401815,0.148242493955227,0.9801980198019802,3.033383845118237,0.37774749330968804,20.767387448495075,1941.50308475,0.4378508133962949,7.005613014340718,257933575,21130,1959128175,11.63391668064299,11.634869734775092,204,2,0,99.0,99,99,83.56313744779955,101,99,0.5501932381548594,0.7778844601871537
4,3,0.022467733126547325,7.974394284790262,251,0.996750973243421,-0.09433520752326037,0.06215014033438322,0.4860557768924303,2.7580254913017,0.10238913949315132,15.768676799968315,1941.563481,0.43786443405309233,7.005830944849477,137866751,3947,2079212182,6.2183850790458495,6.218563105768964,206,0,0,121.28155339805825,121,122,100.91906044209766,251,122,0.14913086971418357,0.7779086586057385
4,3,0.19897512287960661,7.278790414735933,155,0.9047562380222255,-0.0174325445164342,0.0174325445164342,0.9870967741935484,2.7172375815521526,0.061601229743603714,15.138445709626854,2218.70856,0.500366625897179,8.005866014354863,30834031,9473229,2176775620,1.3907477829606443,1.8180312681860589,206,0,0,153.0,153,153,131.84463339222614,155,153,0.08972284572956431,0.8889498677930016
4,3,0.14429013276861413,7.974394284790262,251,0.996750973243421,-0.016761412386959385,0.09823139804186361,0.2589641434262948,3.1710245573177067,0.5153882055091579,23.831888988579635,1865.28761975,0.42066258248090393,6.730601319694463,101280310,407160,2115395410,4.5681787953727735,4.586543467423284,0,206,0,65.0,65,65,56.35081713780919,251,65,0.7506683981180854,0.747347899975058
4,3,inf,7.640026026341788,199,0.937365772887371,-0.05810998153416247,0.04912539127748876,0.2663316582914573,3.368385795738619,0.7127494439300701,29.03162623944007,1664.4143105,0.37536131948752405,6.005781111800385,94607691,28487,2122446702,4.267214899968016,4.268499786530308,206,0,0,53.0,53,53,47.80309639013813,199,53,1.0381271391454745,0.6668658101142202
4,3,0.1950341236824943,7.962166704846937,249,0.9188349045970129,-0.0174325445164342,0.0174325445164342,0.9919678714859438,2.6849452840099697,0.029308932201420834,14.657399364203869,2218.728112,0.5003710352948104,8.005936564716967,30834031,345208,2185903641,1.3907477829606443,1.4063181526168296,206,0,0,247.0,247,247,199.74055749076453,249,247,0.04268877120394485,0.8889577015157933
4,3,0.023811072459073566,6.577241699744916,95,0.9304111630293622,-0.06998918410053308,0.07996568663303338,0.9789473684210527,2.804894345297019,0.14925799348847013,16.52532983500859,1941.55832525,0.4378632713202855,7.005812341124568,132184400,184474,2084714006,5.962086541392625,5.970407114415137,206,0,0,93.0,93,93,82.33779212174751,95,93,0.21739585361217317,0.7779065928980726
4,3,0.026720447888510326,7.667152209384268,203,0.9474104811064065,-0.0520789302027762,0.01667037507206337,0.5517241379310345,2.7605583347456597,0.10492198293711086,15.808667012716036,1941.561788,0.4378640522450834,7.005824835921334,60689511,1668718,2154724651,2.7373586954042963,2.8126250742597407,206,0,0,112.0,112,112,93.90211913748796,203,112,0.15281998310567585,0.7779079802867591
4,3,0.032115512292836546,8.287651318810392,312,0.9474168729482618,-0.09159723997467256,0.015192179047784837,0.358974358974359,2.7949144338245326,0.1392780820159838,16.361228725492573,1941.561696125,0.4378640315252897,7.005824504404635,94092710,106155,2122884015,4.243987035793628,4.2487750841321725,206,0,0,111.49029126213593,111,112,92.27853833721491,312,112,0.20286000650055644,0.7779079434760348
4,3,0.015208150450970506,7.280923552233678,156,0.914513025466505,-0.09226052172623585,0.09226052172623585,0.5384615384615384,2.847572684462733,0.1919363326541843,17.245869826520906,1941.556656125,0.43786289489660396,7.005806318345663,162467266,11096,2054604518,7.327974405720006,7.328474883176221,206,0,0,83.83980582524272,82,84,72.2267682902345,156,84,0.2795573081301651,0.7779059241448733
4,3,0.04138835065050185,7.467675485086395,177,0.9554584787015835,-0.1545106213990763,0.14481872381551783,0.576271186440678,3.0745620597090206,0.4189257079004718,21.64040263175883,1941.4807835,0.43784578398350177,7.005532543736028,262885386,0,1954197494,11.857264713532045,11.857264713532045,204,2,0,101.04368932038835,100,102,81.42165540676197,177,102,0.6101697452883296,0.7778755249472594
4,3,0.005903945798564532,7.280923552233678,156,0.914513025466505,-0.09226052172623585,0.09372493608797652,0.5384615384615384,2.848780434016315,0.19314408220776613,17.266711101091687,1941.556645625,0.43786289252862753,7.0058062804580405,163748029,10735,2053324116,7.385742340854664,7.386226535653913,206,0,0,83.78155339805825,82,84,72.22514831954706,156,84,0.28131640818915743,0.7779059199379333
4,3,0.03091375024458257,7.974394284790262,251,0.996750973243421,-0.09433520752326037,0.09433520752326037,0.3466135458167331,2.827784234043675,0.17214788223512612,16.907955216501342,1941.55697275,0.43786296630236937,7.00580746083791,166095782,525,2050986573,7.491636126837081,7.491659806601366,206,0,0,85.5631067961165,85,87,71.5627860986187,251,87,0.2507352198120233,0.7779060510041449
4,3,0.19620555707841073,6.97668892331177,126,0.931799109695205,-0.06985568548311187,0.06763278688652759,0.9841269841269841,2.729541051777969,0.07390469996941995,15.325851633233396,1941.563975,0.43786454546074527,7.005832727371924,121242322,83377,2095757181,5.468551631231756,5.472312293530497,206,0,0,124.0,124,124,106.21919420575009,126,124,0.10764298085679885,0.7779088565322453
4,3,0.045846882343772696,7.904391588062422,240,0.9825399511196321,-0.10217723867745727,0.10266704217314447,0.35,2.855723512889003,0.2000871610804542,17.387012385518243,1941.556418125,0.4378628412224716,7.005805459559546,180255342,242,2036827296,8.130293351956242,8.130304267199971,206,0,0,82.51941747572816,82,84,69.25710352754578,240,84,0.29142907634814125,0.7779058287875683
4,3,0.11568865694862561,7.467675485086395,177,0.9558384875945969,-0.1545106213990763,0.14481872381551783,0.5649717514124294,3.09050605375125,0.43486970194270125,21.988202373048654,1941.480419,0.4378457017808915,7.005531228494264,262885386,0,1954197494,11.857264713532045,11.857264713532045,204,2,0,99.04368932038835,98,100,80.90739815893029,177,100,0.6333923420403463,0.7778753789063451
4,3,inf,8.023906039552566,260,0.9471177969796271,-0.02934880990983437,0.028024133461762607,0.9923076923076923,2.6780825392700254,0.02244618746147653,14.557153747296875,2495.8724035,0.5628730495406649,9.005968792650638,50690371,62458,2166330051,2.2863543558642245,2.289171481040889,206,0,0,258.0,258,258,202.49920695470607,260,258,0.03269311056297629,0.9999985951825624
4,3,0.08789714778581635,6.736680755523931,107,0.9856112910007471,-0.148242493955227,0.14101035706533746,0.9626168224299065,3.0141414983364565,0.35850514652790766,20.371594383544874,1941.517293875,0.4378540178603968,7.005664285766349,254121306,16912,1962944662,11.461966906713023,11.462729710853209,205,1,0,102.79126213592232,101,103,85.95322162102474,107,103,0.5221665555876055,0.7778901532286003
4,3,0.14303946972571183,6.96538015336342,125,0.9242544381980332,-0.11370513595362519,0.04921803167092528,0.52,3.2003750057993834,0.5447386539908345,24.541731763419342,1833.873236,0.4135779615058865,6.617247384094184,143466632,106683,2073509565,6.470963864012156,6.4757757274279255,0,206,0,65.0,65,65,58.83555352553807,125,65,0.7934176382253973,0.7347613833027822
4,3,0.11476873835783737,8.25490860534486,305,0.931673187566927,-0.11056250316923749,0.057480902898809944,0.25901639344262295,2.912076114268785,0.25643976246023614,18.3949489670439,1941.555653,0.43786266867028445,7.005802698724551,147990718,1185,2069090977,6.6750196546554,6.675073103266216,206,0,0,78.33009708737865,78,79,69.4006196293768,305,79,0.3735072390910336,0.7779055222318629
4,4,inf,6.80575077033219,112,0.9832321137303909,-0.1056593295213187,0.049886134230706085,0.49107142857142855,3.4049276660347076,0.7492913142261588,30.11211751627622,1664.4146235,0.3753613900757738,6.005782241212381,136977866,218541,2079886473,6.178292531851583,6.188149673502508,206,0,0,55.0,55,55,49.40411429890781,112,55,1.0913507615454177,0.6668659355210959
4,4,inf,8.019708909209232,260,0.9470898901958138,-0.02913624835952279,0.028024133461762607,0.9923076923076923,2.6780976676102317,0.02246131580168287,14.557373974537033,2495.8724035,0.5628730495406649,9.005968792650638,50502455,63096,2166517329,2.2778785337966254,2.2807244355249363,206,0,0,258.0,258,258,202.5050155095567,260,258,0.03271514515124875,0.9999985951825624
4,4,0.4315531502079033,6.80575077033219,112,0.9792707667078632,-0.10624038813179293,0.10217723867745727,0.5,3.2019776128592814,0.5463412610507326,24.581094048719006,1664.41478,0.3753614253698987,6.005782805918379,183395873,45297,2033641710,8.271944844930651,8.27398793499321,206,0,0,56.0,56,56,49.714178696193386,112,56,0.7957518524383088,0.6668659982245337
4,4,0.3731355086919539,6.736680755523931,107,0.9860461871596717,-0.148242493955227,0.14101035706533746,0.9626168224299065,3.01982914114441,0.3641927893358612,20.487790864627748,1941.51729475,0.43785401805772817,7.005664288923651,254121306,16947,1962944627,11.461966906713023,11.46273128950416,205,1,0,102.79611650485437,101,103,85.92345356167684,107,103,0.5304506677773605,0.7778901535791787
5,0,0.07046445954670426,8.402384855490368,338,0.9155212992441091,-0.057480902898809944,0.057480902898809944,0.257396449704142,2.7770465036456504,0.12141015183710158,16.071483713502456,1941.55723175,0.4378630247124546,7.005808395399273,101422208,1111,2115659561,4.574579007168194,4.574629118059853,206,0,0,87.0,87,87,77.1951857633312,338,87,0.17683517632071838,0.7779061547753295
5,0,0.053449236074784315,7.667152209384268,203,0.9721633019852675,-0.027928063572039842,0.015215426325317326,0.5073891625615764,2.7254410274563385,0.0698046756477897,15.263143908230365,1941.56014775,0.43786368233333706,7.005818917333393,38138571,3193178,2175751131,1.72021404089323,1.864240140630196,206,0,0,103.0,103,103,87.97102749558304,203,103,0.10167125186326703,0.7779073231026444
5,0,0.005743802991880191,7.83414034345963,228,0.9977074372587773,-0.007446939539571762,0.007446939539571762,0.5154185022026432,2.718723563607518,0.06308721179896937,15.160957890503383,1941.56269925,0.4378642577516092,7.005828124025747,13183702,16633480,2187265698,0.5946418205168766,1.3448835074672536,206,0,0,117.0,117,117,95.51009501485706,227,117,0.0918871943840539,0.777908345389045
5,0,0.008366293145733802,8.4244472273238,344,0.9761056694680993,-0.0462422829622096,0.01575446235546893,0.5377906976744186,2.6818048153846044,0.026168463576055512,14.611440465383668,2218.715164,0.5003681152415916,8.005889843865466,54750876,67077,2162264927,2.4695006440174216,2.4725261060154864,206,0,0,184.74757281553397,184,185,143.45849060391905,344,185,0.03811464527878104,0.8889525137578808
5,0,inf,7.60481144142165,195,0.9375903364249083,-0.04912539127748876,0.047816687367020716,0.26153846153846155,3.205238677725072,0.5496023259165232,24.661385437442195,1664.4139975,0.37536124889927436,6.00577998238839,85536279,40914,2131505687,3.8580550944491527,3.8599004923081632,206,0,0,51.0,51,51,46.920079354722134,195,51,0.800501628069173,0.6668656847073444
5,0,0.01172839634747637,7.280536308112417,155,0.9691030851672301,-0.02130198166305834,0.02584340511761722,1.0,2.6861742594560063,0.030537907647457452,14.67542402178735,2218.708976,0.5003667197141498,8.005867515426397,41665627,3710981,2171706272,1.879299478420942,2.0466807267033698,206,0,0,155.0,155,155,127.72244042121747,155,155,0.04447878700085539,0.8889500344679545
5,0,0.00621705327443541,7.7667457269799,218,0.9474168729482618,-0.00764251354008437,0.002194336887904691,0.4954128440366973,2.71928336996536,0.06364701815681117,15.169447467159245,1941.561059,0.4378638878398628,7.005822205437805,8707484,20919830,2187455566,0.3927450831247229,1.3363196417808252,206,0,0,108.0,108,108,93.64670836010279,218,108,0.09270255829305582,0.7779076882049303
5,0,0.0026404099888506748,8.206147808706456,295,0.9492229241671014,-0.004617017312564919,0.015192179047784837,0.511864406779661,2.6972414770531667,0.0416051252446179,14.838742204725305,2218.708144,0.500366532080208,8.005864513283328,17529587,6966081,2192587212,0.790659977492587,1.1048602747769176,206,0,0,151.0,151,151,126.07499297301638,295,151,0.06059830703736329,0.8889497011180486
5,0,0.14786059632418808,7.781137172102181,220,0.943462413832644,-0.05674917149366571,0.06376796464952693,0.2590909090909091,3.0372483924824722,0.3816120406739234,20.84779927850671,1664.4149365,0.37536146066402354,6.005783370624377,106309688,12867,2110760325,4.795025434502476,4.795605791696881,206,0,0,57.0,57,57,51.61871335929971,220,57,0.55582199245764,0.6668660609279716
5,0,0.17129414064666412,7.154365547476306,142,0.937402000106104,-0.005717230410883126,0.01807231074848787,0.9507042253521126,2.699622423985439,0.0439860721768901,14.874114555591348,2218.704816,0.500365781544441,8.005852504711056,21043563,24412937,2171626380,0.9491554506072412,2.0502842004715673,206,0,0,135.0,135,135,117.14803470326052,142,135,0.06406618154544841,0.8889483677184243
5,0,0.012292890633233107,7.6511038174441826,201,0.9720122934358837,-0.026648037599397146,0.01677218631005166,0.9701492537313433,2.6771377392029496,0.021501387394400773,14.543406642615318,2218.717296,0.5003685960535674,8.005897536857079,38379301,2157733,2176545846,1.7310720021436456,1.8283950665840691,206,0,0,195.0,195,195,157.08270257789914,201,195,0.03131699922532361,0.8889533679670149
5,0,0.09865907654824997,7.640026026341788,199,0.9094734621179213,-0.05959560900022395,0.04848562836489236,0.2663316582914573,3.184727361741506,0.5290910099329573,24.160700376536834,1664.4143105,0.37536131948752405,6.005781111800385,95355429,25015,2121702436,4.300941108705868,4.302069393093685,206,0,0,53.0,53,53,48.78531059267588,199,53,0.7706266783747651,0.6668658101142202
5,0,0.1630417503766331,6.97668892331177,126,0.931799109695205,-0.0747885391526263,0.06763278688652759,0.5158730158730159,2.909973757640874,0.2543374058323251,18.356316847638276,1847.31570275,0.41660952763976056,6.665752442236169,125573732,76294,2091432854,5.663916903277879,5.667358091728172,0,206,0,65.0,65,65,58.4454756264054,126,65,0.3704451343217019,0.7401472547307196
5,0,0.22775192248193116,8.206308474579226,295,0.9474168729482618,-0.0248068494698558,0.006390263078634133,0.20677966101694914,2.9388119017839083,0.28317554997535943,18.89338577430019,1664.4155625,0.375361601840523,6.005785629448368,27577166,5285035,2184220679,1.2438491248464287,1.4822269973055766,206,0,0,61.0,61,61,55.36884135078702,295,61,0.4124481977157581,0.666866311741723
5,0,inf,8.153387705892893,285,0.9977074372587773,-0.008512693177708645,0.021993097540835276,0.9473684210526315,2.6648603177501564,0.00922396594160757,14.365942738639474,2495.8752085,0.5628736821286536,9.005978914058458,26972937,4488512,2185621431,1.2165957909521181,1.4190470407673708,206,0,0,270.0,270,270,207.25569813082237,285,270,0.01343480441280548,0.9999997190365125
5,0,0.08619915190389807,6.97668892331177,126,0.9826566003311612,-0.07012350095584881,0.06763278688652759,0.5158730158730159,2.8834571353854583,0.2278207835769095,17.875966112753712,1850.36890925,0.41729809154676256,6.676769464748201,121477518,101566,2095503796,5.479159985214445,5.483741049860978,0,206,0,65.0,65,65,56.470755199967876,126,65,0.3318233922267103,0.7413705553315519
5,0,0.00980537723020979,7.292591718987703,157,0.9683708982407313,-0.017527500203078382,0.026071454247533286,0.9808917197452229,2.6944762017008266,0.038839849892277734,14.797765678447345,2218.708768,0.5003666728056644,8.00586676489063,38536228,6380575,2172166077,1.7381500866580144,2.0259415380989276,206,0,0,154.0,154,154,128.06059267587537,157,154,0.056570654101367385,0.888949951130478
5,0,0.1791086953929287,7.974394284790262,251,0.996750973243421,-0.020906747198162517,0.012404369836117233,0.49800796812749004,2.702248987478341,0.04661263566979201,14.913233713859077,1941.56415725,0.4378645865620504,7.0058333849928065,29456914,2844686,2184781280,1.328633866858419,1.4569414743755542,206,0,0,125.0,125,125,104.2180535757308,251,125,0.0678917991841452,0.7779089295527025
5,0,0.07075438075050186,8.179704469922415,290,0.9398317241909029,-0.03248789989691394,0.06797509139797236,0.25862068965517243,2.8462901262172444,0.19065377440869558,17.22376517225767,1941.55504475,0.4378625314967928,7.005800503948684,88640515,14779,2128427586,3.998069526385951,3.9987361230266685,206,0,0,75.0,75,75,66.46504452096049,290,75,0.27768924841645276,0.7779052785298434
5,0,0.015244433275133279,7.884492070476755,236,0.9994261479572307,-0.023513569406470026,0.003252131048370148,0.5234042553191489,2.713077492986473,0.057441141177924315,15.075599248786455,1941.56379275,0.4378645043594401,7.005832069751041,23660822,11642121,2181779937,1.067205119548801,1.5923149882425685,206,0,0,123.0,123,123,99.6505782203662,235,123,0.08366363252629976,0.777908783511788
5,0,0.17802920084518614,7.936248907966116,245,0.9966263255733345,-0.014100725807764303,0.006165305533374091,0.8857142857142857,2.6685235508488745,0.012887199040325648,14.418665043662426,2218.721872,0.5003696280402472,8.005914048643955,17931991,10052538,2189098351,0.808810133430826,1.2622229530724625,206,0,0,217.0,217,217,175.87180648690975,245,217,0.01877034234858579,0.8889552013914982
5,0,0.13645936535291958,7.73062060049933,212,0.9359431290107945,-0.05349134006979883,0.047816687367020716,0.25943396226415094,3.0986126246077292,0.4429762727991804,22.167175743623286,1664.4146235,0.3753613900757738,6.005782241212381,89381504,25926,2127675450,4.031491326115874,4.032660700532765,206,0,0,55.0,55,55,50.04980751084163,212,55,0.6451996486376174,0.6668659355210959
5,0,0.0892246719945561,8.049556655208969,265,0.9474168729482618,-0.007587768138871784,0.04446963832004228,0.26037735849056604,2.87806021089838,0.2224238590898313,17.779750740595624,1941.55395125,0.43786228488896184,7.005796558223389,45964417,5467019,2165651444,2.0731934477794534,2.3197795835219295,206,0,0,69.0,69,69,61.39925689648249,265,69,0.32396271436064056,0.7779048404071003
5,0,0.06407088908679913,6.269315195076749,77,0.9290585152846244,-0.01648979617361255,0.02102308204687168,1.0,2.801592886011136,0.14595653420258703,16.47086209236308,1941.55540925,0.43786261369940305,7.005801819190449,33168432,49253036,2134661412,1.4960393361568873,3.717563684403174,206,0,0,77.0,77,77,69.61098995141343,77,77,0.21258724307919133,0.7779054245707577
5,0,0.002559022625242912,8.206147808706456,295,0.9492562525797997,-0.016501342656914008,0.05232280360271065,0.5152542372881356,2.6967710467973567,0.04113469498880784,14.831763253117737,2218.708299,0.5003665670360505,8.005865072576809,60747851,101833,2156233196,2.739990081020336,2.744583188518419,206,0,0,151.74271844660194,151,152,126.02436732051076,295,152,0.05991312037072944,0.8889497632204949
5,1,0.14538395700297851,8.747138770306805,430,0.9359781606537837,-0.04977206036296009,0.05379907554448997,0.14651162790697675,2.940804668327745,0.2851683165191963,18.931073420239148,1664.4158755,0.3753616724287727,6.0057867588603635,91372034,299,2125710547,4.121272814122312,4.121286300311876,206,0,0,63.0,63,63,57.17913663467716,430,63,0.41535068336307224,0.6668664371485987
5,1,0.06821191277762965,8.206147808706456,295,0.9474168729482618,-0.0026477499369405993,0.015192179047784837,0.26101694915254237,2.8068188852255207,0.15118253341697185,16.557164115453837,1941.55540925,0.43786261369940305,7.005801819190449,15787174,8684972,2192610734,0.7120696362961406,1.1037993311282976,206,0,0,77.0,77,77,67.84497595767748,295,77,0.22019896646923875,0.7779054245707577
5,1,0.12317965782974682,5.9354020299039325,61,0.9474168729482618,-0.00505541517571205,0.002194336887904691,1.0,2.9498247594791445,0.2941884076705956,19.102605884296395,1664.4155625,0.375361601840523,6.005785629448368,6420185,99944883,2110717812,0.28957803327586923,4.797523311352258,206,0,0,61.0,61,61,55.45879301517829,61,61,0.42848854197745556,0.666866311741723
5,1,0.19284579833605084,7.720152330334154,211,0.9398317241909029,-0.06531716174435231,0.06797509139797236,0.26066350710900477,3.1075466921927,0.45191034038415134,22.36610609531185,1664.4146235,0.3753613900757738,6.005782241212381,117554715,10340,2099517825,5.302224651159635,5.302691029755279,206,0,0,55.0,55,55,49.95324420775779,211,55,0.6582122130133647,0.6668659355210959
5,1,inf,8.153387705892893,285,0.9977074372587773,-0.007446939539571762,0.021993097540835276,0.9473684210526315,2.6648625167451607,0.00922616493661188,14.365974329310522,2495.8752085,0.5628736821286536,9.005978914058458,26032115,5380418,2185670347,1.1741606610574702,1.4168407181963356,206,0,0,270.0,270,270,207.25574204946997,285,270,0.01343800727239697,0.9999997190365125
5,1,0.17275265474610668,7.936447480874116,245,0.9971786719931416,-0.024014785093855507,0.0064068007308358405,0.9224489795918367,2.6706035112717355,0.014967159463186608,14.448686507208413,2218.723744,0.5003700502166162,8.005920803465859,26894102,8206839,2181981939,1.2130399924426822,1.583203826823109,206,0,0,226.0,226,226,180.3627881063283,245,226,0.021799826807267896,0.8889559514287867
5,1,0.17938310649665118,7.974394284790262,251,0.996750973243421,-0.023558395511626803,0.0071065612975109264,0.49800796812749004,2.704494209829982,0.04885785802143294,14.94675485665647,1941.56415725,0.4378645865620504,7.0058333849928065,27110572,7250672,2182721636,1.2228037230615394,1.5498403018654856,206,0,0,125.0,125,125,103.76807315089945,251,125,0.07116198939825802,0.7779089295527025
5,1,0.2048039734098765,8.747138770306805,430,0.9240970575005685,-0.04977206036296009,0.04977206036296009,0.1511627906976744,2.9250026920916805,0.26936634028313167,18.63427621501145,1875.68473025,0.42300735510843873,6.76811768173502,87824268,388,2129258224,3.961253266273925,3.9612707667473397,0,206,0,65.0,65,65,58.48455192940893,430,65,0.3923349370548927,0.7515136160907449
5,1,0.00537780957372371,7.979432385100146,252,0.9816568763423911,-0.04520189214397206,0.04520189214397206,0.5476190476190477,2.7003135886143403,0.0446772368057915,14.884398571022858,2218.70544,0.5003659222698973,8.005854756318357,79789656,21387,2137271837,3.598857612395618,3.599822258336143,206,0,0,138.0,138,138,107.79354847614842,252,138,0.06507287017213269,0.888948617730854
5,1,0.014963735534345875,7.83414034345963,228,0.9980204784898682,-0.007446939539571762,0.007446939539571762,0.5066079295154186,2.7198145316179403,0.06417817980939144,15.177507036222153,1941.56233475,0.43786417554899887,7.005826808783982,13183702,16644943,2187254235,0.5946418205168766,1.345400538206312,206,0,0,115.0,115,115,95.33575555131706,227,115,0.09347620088445018,0.7779081993481306
5,1,0.010436021609699383,6.7337358937855365,106,0.9124239921068543,-0.02935521485618156,0.023071516167841838,0.9811320754716981,2.7496888384798064,0.09405248667125754,15.637765256264196,1941.56033,0.4378637234346422,7.005819574954275,46328653,13893575,2156860652,2.089622062301974,2.7162822167478016,206,0,0,104.0,104,104,91.80825369418567,106,104,0.13698844628931067,0.7779073961231017
5,1,0.03551024593265349,8.402384855490368,338,0.944792652639867,-0.059042799975288655,0.057480902898809944,0.257396449704142,2.779942559566973,0.12430620775842405,16.118095091075386,1941.55723175,0.4378630247124546,7.005808395399273,102801455,1275,2114280150,4.636788995456949,4.636846503455929,206,0,0,87.0,87,87,75.8203940632027,338,87,0.18105331254518212,0.7779061547753295
5,1,0.004565156372302586,7.716330599353677,210,0.9380409712502455,-0.029274082071156463,0.007674233006460602,0.5142857142857142,2.7446279837902314,0.08899163198168258,15.558824720410088,1941.561059,0.4378638878398628,7.005822205437805,32656780,8500233,2175925867,1.4729616242402268,1.8563587934069474,206,0,0,108.0,108,108,93.68017562439769,210,108,0.12961725765456392,0.7779076882049303
5,1,inf,7.60481144142165,195,0.9375862644546887,-0.04912539127748876,0.06996370850152657,0.26153846153846155,3.3416911667011746,0.6860548148926258,28.26689032957054,1664.4139975,0.37536124889927436,6.00577998238839,105035581,25918,2112021381,4.737557713674646,4.738726727257034,206,0,0,51.0,51,51,46.73240493495021,195,51,0.9992461282808616,0.6668656847073444
5,1,0.0223514793118372,6.710341434734212,105,0.9134552208413147,-0.013333878607017204,0.026757604216176248,0.9809523809523809,2.7587540388456717,0.10311768703712287,15.780169216600239,1941.56014775,0.43786368233333706,7.005818917333393,35435661,24322160,2157325059,1.598301142445338,2.6953354580952786,206,0,0,103.0,103,103,91.4927634616929,105,103,0.15019200695391866,0.7779073231026444
5,1,0.17297212825001196,7.640026026341788,199,0.9370203720983138,-0.05810998153416247,0.04912539127748876,0.2663316582914573,3.210870862997155,0.5552345111886061,24.800674812870948,1664.4143105,0.37536131948752405,6.005781111800385,94607691,28466,2122446723,4.267214899968016,4.2684988393397365,206,0,0,53.0,53,53,48.2575653007549,199,53,0.8087049657686106,0.6668658101142202
5,1,0.008808154150300267,7.3081085401642545,158,0.9470898901958138,-0.02913624835952279,0.028024133461762607,1.0,2.6953158506720487,0.03967949886349986,14.81019582492521,2218.7096,0.5003668604396061,8.005869767033698,50502455,569850,2166010575,2.2778785337966254,2.3035812265168905,206,0,0,158.0,158,158,131.45589940371025,158,158,0.0577936117505168,0.8889502844803842
5,1,0.012549648858051418,7.640026026341788,199,0.937365772887371,-0.04452762672064868,0.04912539127748876,0.9899497487437185,2.6884003561417766,0.03276400433322779,14.708129323640614,2218.717712,0.5003686898705384,8.005899037928614,82645844,42359,2134394677,3.7276840097200155,3.729594583311202,206,0,0,197.0,197,197,161.17722429127852,199,197,0.04772112047938802,0.888953534641968
5,1,0.014686528243637526,8.287651318810392,312,0.945583819078533,-0.052077815945646345,0.015192179047784837,0.3557692307692308,2.7435102197211956,0.08787386791264673,15.541443341131487,1941.56160575,0.43786401114377826,7.005824178300452,59384903,106962,2157591015,2.678515247927944,2.6833396954470192,206,0,0,111.0,111,111,93.7268084444266,312,111,0.12798922241004726,0.7779079072663019
5,1,0.07856221668314672,6.109925950099369,69,0.9964853028084696,-0.05189833355747814,0.05189833355747814,0.9710144927536232,2.8891667793247837,0.23353042751623487,17.97832344822815,1941.55358675,0.4378622026863515,7.005795242981624,91566856,10545972,2114970052,4.13006012657497,4.605728947760401,206,0,0,67.0,67,67,59.759673395840025,69,67,0.34013954929810425,0.7779046943661859
5,1,0.1709063990268478,8.209681789501753,296,0.9473049270197518,-0.0019083725372422491,0.015208716786920614,0.9087837837837838,2.6700990580906794,0.014462706282130533,14.441399659429067,2495.87497475,0.5628736294129879,9.005978070607807,15147178,9338239,2192597463,0.6832030564414443,1.1043979104651243,206,0,0,269.0,269,269,216.75289988556057,296,269,0.021065085388467214,0.9999996253820166
5,1,0.017505377119933194,8.402384855490368,338,0.980180163912365,-0.05944129691854593,0.058160814748287465,0.33727810650887574,2.72474834775715,0.06911199594860129,15.252575099121682,1941.5621525,0.43786413444769373,7.0058261511631,103752235,1576,2113329069,4.679673274099703,4.679744358496873,206,0,0,114.0,114,114,94.83109139094121,338,114,0.10066235652060976,0.7779081263276734
5,1,0.01315085809285976,8.7534618395691,432,0.997058134180223,-0.04977206036296009,0.04977206036296009,0.48842592592592593,2.678336676004519,0.022700324195970012,14.560853724943938,2218.720348,0.5003692843453827,8.005908549526124,87824268,805,2129257807,3.961253266273925,3.9612895752458295,206,0,0,209.6601941747573,209,211,164.83340527626083,432,211,0.03306326341736052,0.8889545907842182
5,1,0.06083473096311207,7.229516825935045,150,0.9825399511196321,-0.1021789952172038,0.10228056716916625,0.5066666666666667,2.872276481326522,0.21664012951797318,17.67721427787607,1941.555227,0.4378625725980979,7.005801161569567,179919430,13093,2037150357,8.115142271993008,8.115732822762133,206,0,0,76.0,76,76,65.047902696354,150,76,0.31553865077818866,0.7779053515503006
5,1,0.16974756695690854,7.990164439481688,254,0.9812425437079941,-0.052167464434950774,0.045240761361100695,0.5354330708661418,2.7025918368892548,0.046955485080705905,14.918347583846257,2218.705024,0.5003658284529264,8.005853255246823,85949430,16665,2131116785,3.876689986438396,3.87744164981329,206,0,0,136.0,136,136,108.08972956151622,254,136,0.06839116299444467,0.8889484510559008
5,2,0.02703001720248995,7.205143283862684,148,0.9559207160745413,-0.08418343084009677,0.08418343084009677,0.49324324324324326,2.8912798569851175,0.23564350517656862,18.016353207643835,1941.55468025,0.43786244929418244,7.005799188706919,148332165,24595,2068726120,6.690420386990675,6.6915297275670635,206,0,0,73.0,73,73,64.14224998996146,148,73,0.3432172693650872,0.777905132488929
5,2,0.053554819578318265,7.229516825935045,150,0.9825399511196321,-0.10217723867745727,0.10219209608909824,0.5066666666666667,2.8723743142415445,0.2167379624329957,17.67894377587789,1941.555227,0.4378625725980979,7.005801161569567,179839807,13122,2037229951,8.111550931284986,8.112142790079186,206,0,0,76.0,76,76,65.04790897044651,150,76,0.3156811454585444,0.7779053515503006
5,2,0.013129247953487275,6.109925950099369,69,0.9290585152846244,-0.01648979617361255,0.05189833355747814,1.0,2.90897863599575,0.2533422841872013,18.338059165232583,1941.55395125,0.43786228488896184,7.005796558223389,60363025,34528697,2122191158,2.7226327686946914,4.280025923072393,206,0,0,69.0,69,69,62.89637081392547,69,69,0.3689957290708779,0.7779048404071003
5,2,0.005484941327267485,7.855395261488829,232,0.9977074372587773,-0.017739373509452795,0.007446939539571762,0.5844155844155844,2.70722628781198,0.05158993600343109,14.987646390496911,2218.704816,0.500365781544441,8.005852504711056,22279573,8608181,2186195126,1.00490483242557,1.3931709219639097,206,0,0,135.0,135,135,104.50720265820752,231,135,0.07514129001157754,0.8889483677184243
5,2,0.0030946645867738595,6.986047991877064,127,0.9830360297034553,-0.054277995669260434,0.04612680506631633,0.984251968503937,2.719122772514966,0.06348642070641697,15.167011488183373,1941.56415725,0.4378645865620504,7.0058333849928065,88591084,231054,2128260742,3.995839975093759,4.006261507012313,206,0,0,125.0,125,125,103.70918326373274,127,125,0.09246864639996125,0.7779089295527025
5,2,0.06078139965406503,8.215784486911039,297,0.9116466877314122,-0.057480902898809944,0.05590773525052847,0.25925925925925924,2.818753915701951,0.16311756389340237,16.755958321465016,1941.55540925,0.43786261369940305,7.005801819190449,100034452,2680,2117045748,4.5119852262807605,4.5121061058394,206,0,0,77.0,77,77,69.77076348176999,297,77,0.2375824651862528,0.7779054245707577
5,2,0.005256525902687848,6.986047991877064,127,0.9845619055760386,-0.054681009436125694,0.004799420798371708,0.9921259842519685,2.717282032931672,0.061645681123123186,15.139118649378867,1941.5643395,0.43786462766335554,7.005834042613689,52492836,22270916,2142319128,2.367653301260438,3.372167665649017,206,0,0,126.0,126,126,104.59074094522968,127,126,0.08978758963619884,0.7779090025731596
5,2,0.17018674967468853,7.855395261488829,232,0.9994261479572307,-0.017739373509452795,0.0032859751470129426,0.5627705627705628,2.708644432735024,0.05300808092647502,15.00891612335111,2218.703776,0.5003655470020137,8.00584875203222,18598083,12321928,2186162869,0.8388537554356109,1.3946258517859287,206,0,0,130.0,130,130,101.3557159492451,231,130,0.07720683316196647,0.8889479510310417
5,2,0.17469012958307867,7.640026026341788,199,0.937365772887371,-0.04912539127748876,0.04284032544495633,0.2663316582914573,3.2693331801838914,0.6136968283753426,26.293800269154424,1664.4143105,0.37536131948752405,6.005781111800385,81160731,45022,2135877127,3.660699008239151,3.6627296946156562,206,0,0,53.0,53,53,47.915609691214264,199,53,0.8938559520033141,0.6668658101142202
5,2,0.0876737828585408,6.901953250545311,120,0.9424731745618463,-0.09847693486644674,0.10486380910648571,0.5083333333333333,3.0741480839910538,0.4185117321825049,21.631445884608084,1664.4155625,0.375361601840523,6.005785629448368,178940749,31205,2038110926,8.070999537915334,8.072407018000158,206,0,0,61.0,61,61,54.73672151060071,120,61,0.6095667852559808,0.666866311741723
5,2,0.008998745016834734,7.533309349587151,185,0.9095095748229934,-0.007140110861464613,0.0174325445164342,0.9891891891891892,2.699781226832283,0.0441448750237341,14.876476794887258,2218.7148,0.5003680331517422,8.005888530427875,21737398,12200318,2183145164,0.9804504015655021,1.5307373624210205,206,0,0,183.0,183,183,154.27440872952135,185,183,0.06429747957940168,0.8889523679172969
5,2,0.16991954706433862,8.20564532503119,295,0.9368733162522903,-0.011426403413458963,0.002408652663287373,0.8610169491525423,2.675852245858197,0.020215894049647964,14.52472320145869,2218.729568,0.5003713636542085,8.005941818467337,12241635,9695821,2195145424,0.5521505357526373,0.9894738802006355,206,0,0,254.0,254,254,211.86853517507228,295,254,0.02944466450834316,0.8889582848781291
5,2,0.1441287277907525,7.720152330334154,211,0.9387300226495406,-0.04912539127748876,0.04913599133086544,0.26066350710900477,3.1131940430760907,0.45755769126754187,22.492772672988483,1664.4146235,0.3753613900757738,6.005782241212381,86696677,28470,2130357733,3.9103940489586027,3.9116781687475752,206,0,0,55.0,55,55,49.943442820430455,211,55,0.6664376395868299,0.6668659355210959
5,2,0.007688438286913999,7.78584642866047,221,0.9470898901958138,-0.01953793473506057,0.027988662087155704,0.995475113122172,2.679499323797855,0.023862971989306203,14.577792714527659,2218.722496,0.5003697687657035,8.005916300251256,42003536,310975,2174768369,1.8945406316970883,1.908566945408915,206,0,0,220.0,220,220,176.85079455107612,221,220,0.034756672283279354,0.8889554514039276
5,2,0.02387411431017886,7.667152209384268,203,0.9471096206143133,-0.01667037507206337,0.01667037507206337,0.5270935960591133,2.754524290590794,0.09888793878224522,15.713564034272979,1941.56087675,0.43786384673855766,7.005821547816923,29486570,3311815,2184284495,1.3299714803625202,1.47934862047196,206,0,0,107.0,107,107,90.96291885841632,203,107,0.14403133367309529,0.7779076151844732
5,2,0.005503562781050177,7.449782096873457,175,0.9095095748229934,-0.0174325445164342,0.0174325445164342,0.92,2.7012217101901697,0.04558535838162081,14.897921553835328,2218.710224,0.5003670011650625,8.005872018641,30834031,5285177,2180963672,1.3907477829606443,1.6291320602322272,206,0,0,161.0,161,161,141.58456849301317,175,161,0.06639555889751941,0.8889505344928136
5,2,0.024407730426916185,7.667152209384268,203,0.9477496143992886,-0.0520789302027762,0.04923449121125802,0.5714285714285714,2.7485915269278642,0.09295517511931539,15.62061516701832,1941.562517,0.437864216650304,7.005827466404864,89381405,31789,2127669686,4.031486860788894,4.032920681792464,206,0,0,116.0,116,116,97.17295916318663,203,116,0.1353902003532805,0.7779082723685878
5,2,0.014981128088387877,7.950111293969684,247,0.9195671885922295,-0.021207025976414155,0.01720449538652023,0.8218623481781376,2.689042287508802,0.033405935700252964,14.717573964284936,2218.71896,0.500368971321451,8.005903541143216,33962787,276438,2182843655,1.5318681726503611,1.5443367187066999,206,0,0,203.0,203,203,168.31912418687762,247,203,0.0486561003369703,0.8889540346668271
5,2,0.027939254001688587,8.402384855490368,338,0.9118748674134513,-0.06147260643708071,0.057480902898809944,0.257396449704142,2.790062826554485,0.13442647474593628,16.282042714298775,1941.55723175,0.4378630247124546,7.005808395399273,104941699,838,2112140343,4.733323230568629,4.73336102798286,206,0,0,87.0,87,87,77.50085327658208,338,87,0.19579358895592772,0.7779061547753295
5,2,0.026244447706191304,7.459808313292356,176,0.9380522763278643,-0.029274082071156463,0.007674233006460602,0.5113636363636364,2.7809191518838543,0.12528280007530546,16.133843587582785,1941.5577785,0.43786314801637005,7.005810368261921,32656780,11542013,2172884087,1.4729616242402268,1.9935561903757066,206,0,0,90.0,90,90,79.02011599542242,176,90,0.18247572963251835,0.7779063738367011
5,2,0.06600684921236606,6.901953250545311,120,0.9424731745618463,-0.059690911660219295,0.09473477021105055,0.5166666666666667,2.994462844856087,0.338826493047538,19.974627533717538,1664.415719,0.3753616371346479,6.005786194154366,136060895,95206,2080926779,6.136933184924508,6.141227386140837,206,0,0,62.0,62,62,55.53506590306778,120,62,0.4935043876774252,0.6668663744451608
5,2,inf,7.5907657034710905,193,0.9238541119371709,-0.04912539127748876,0.04912539127748876,0.26424870466321243,3.3497673821088214,0.6941310303002726,28.496104169071344,1664.4139975,0.37536124889927436,6.00577998238839,86687613,38619,2130356648,3.909985223466251,3.9117271069270987,206,0,0,51.0,51,51,46.80910195149374,193,51,1.011009221844335,0.6668656847073444
5,2,0.22261440868317256,8.023906039552566,260,0.9471177969796271,-0.010536232078387914,0.04258689114691073,0.25769230769230766,2.9090592310262062,0.2534228792176574,18.339537181229083,1941.55358675,0.4378622026863515,7.005795242981624,46912294,3271133,2166899453,2.1159467886017866,2.2634889950528145,206,0,0,67.0,67,67,59.966688333199485,260,67,0.3691131165891836,0.7779046943661859
5,2,0.1730361251611882,7.01901012096668,130,0.9369012230361036,-0.011638964246899532,0.002408652663287373,0.9846153846153847,2.712004575370636,0.05636822356208704,15.05943304683537,1941.564704,0.4378647098659659,7.005835357855454,12428992,36965260,2167688628,0.5606011445093113,2.227893798900292,206,0,0,128.0,128,128,110.1990531139576,130,128,0.08210091661742952,0.777909148614074
5,2,0.16903165157969013,8.030061840685553,261,0.952711316408242,-0.02913624835952279,0.026639946304939377,0.9923371647509579,2.674224849788515,0.01858849797996598,14.501104947346958,2495.87263725,0.5628731022563306,9.00596963610129,49281117,67276,2167734487,2.222790922457531,2.225825360213868,206,0,0,259.0,259,259,202.90153564688404,261,259,0.027074344839259978,0.9999986888370582
5,2,0.2297205040936034,8.747138770306805,430,0.9359781606537837,-0.04977206036296009,0.004384038643213281,0.14651162790697675,2.9847586612673465,0.3291223094587976,19.781727563176926,1664.4158755,0.3753616724287727,6.0057867588603635,47798416,3529267,2165755197,2.1559147125794413,2.3150998757430306,206,0,0,63.0,63,63,57.48816580669772,430,63,0.4793701411585182,0.6668664371485987
5,2,0.02176121283344994,7.83414034345963,228,0.9977074372587773,-0.007446939539571762,0.032849738745181614,0.5154185022026432,2.721471642073504,0.06583529026495505,15.202678692168249,1941.56269925,0.4378642577516092,7.005828124025747,35606415,8360377,2173116088,1.6060028842945195,1.9830919446728126,206,0,0,117.0,117,117,95.5082253352875,227,117,0.09588979987233108,0.777908345389045
5,2,0.0026973167611496476,7.936447480874116,245,0.9995762634652964,-0.04850086767294432,0.005115073258201035,0.9224489795918367,2.678634127349928,0.022997775541379273,14.565185514691134,2218.723744,0.5003700502166162,8.005920803465859,47326623,9315855,2160440402,2.134634813471655,2.554820052554824,206,0,0,226.0,226,226,178.38949691816575,245,226,0.033496504462828085,0.8889559514287867
5,2,inf,8.153387705892893,285,0.9977074372587773,-0.007446939539571762,0.05286835020326269,0.9543859649122807,2.6726431238633803,0.017006772054831476,14.478186303993088,2495.875667,0.562873785530291,9.005980568484656,53228176,5329986,2158524718,2.400820306726648,2.6412256631560838,206,0,0,271.9611650485437,271,272,206.79911861548345,285,272,0.02477054422102587,0.9999999027395555
5,3,inf,7.646007469010156,200,0.9824391882781569,-0.10641218797419032,0.10163841407444811,0.255,3.40575433161763,0.7501179798090813,30.137020459240606,1664.4139975,0.37536124889927436,6.00577998238839,183074947,2172,2034005761,8.257469698200907,8.257567664768581,206,0,0,51.0,51,51,45.37739419370382,200,51,1.0925548087515402,0.6668656847073444
5,3,inf,8.209842455374522,296,0.9486415444894601,-0.024014785093855507,0.0064068007308358405,0.9425675675675675,2.6728748289852766,0.017238477176727773,14.481541362592612,2495.87731225,0.5628741565696452,9.005986505114324,26894102,5287518,2184901260,1.2130399924426822,1.4515298589108225,206,0,0,279.0,279,279,222.45542006304208,296,279,0.02510802519329185,1.000000561926975
5,3,0.18418466288196755,6.949704418100812,124,0.9317853448899887,-0.10934230970607436,0.10917964709153169,0.5241935483870968,3.0364888782435995,0.38085252643505063,20.831971089733788,1797.3330245,0.40533735583669295,6.485397693387087,192273640,19957,2024789283,8.672370425773167,8.67327057254621,0,206,0,65.0,65,65,57.2075683123193,124,65,0.5547157518977124,0.7201211476415228
5,3,0.17381320265822595,7.750290315785629,215,0.9369012230361036,-0.011638964246899532,0.002408652663287373,0.6186046511627907,2.719684026855111,0.06404767504656217,15.175526428508233,2218.7044,0.50036568772747,8.00585100363952,12428992,17315914,2187337974,0.5606011445093113,1.3416235481462921,206,0,0,133.0,133,133,110.09660220245743,215,133,0.0932861193105751,0.8889482010434714
5,3,0.17228992721038833,6.736680755523931,107,0.9832678196057838,-0.148242493955227,0.148242493955227,0.9626168224299065,3.012899889850477,0.357263538041928,20.34631653492835,1941.49235475,0.43784839354990646,7.005574296798503,260414429,14944,1956653507,11.745813895780026,11.746487934632375,204,2,0,102.64563106796116,101,103,86.07038026019916,107,103,0.5203581396337724,0.7778801610952164
5,3,0.17225066491471447,6.964676756471627,125,0.9328159606542451,-0.04912539127748876,0.0029395343605675764,0.992,2.7269342978756543,0.07129794606710549,15.285952935318603,1941.563975,0.43786454546074527,7.005832727371924,45951196,22876444,2148255240,2.072597123658273,3.1044234124436523,206,0,0,124.0,124,124,107.07032755782204,125,124,0.1038462160973001,0.7779088565322453
5,3,0.1706696811994667,8.209842455374522,296,0.9369012230361036,-0.011638964246899532,0.002408652663287373,0.8682432432432432,2.676242371798144,0.020606019989595215,14.530390778212604,2473.86510975,0.5579099302210119,8.92655888353619,12428992,9578068,2195075820,0.5606011445093113,0.9926133207974616,0,206,0,257.0,257,257,212.62055417804368,296,257,0.030012887085565706,0.9911811320771132
5,3,0.17019849538331963,7.78584642866047,221,0.947435290984871,-0.01953793473506057,0.027988662087155704,0.995475113122172,2.6803965901652953,0.024760238356746456,14.590878747592646,2218.722496,0.5003697687657035,8.005916300251256,42003536,311656,2174767688,1.8945406316970883,1.908597661446017,206,0,0,220.0,220,220,176.80492842515258,221,220,0.0360635502822941,0.8889554514039276
5,3,0.15601655642102624,7.720152330334154,211,0.9387259506793212,-0.04912539127748876,0.04912539127748876,0.26066350710900477,3.116530850274888,0.460894498466339,22.567952078599827,1664.4146235,0.3753613900757738,6.005782241212381,86687613,28480,2130366787,3.909985223466251,3.911269794298353,206,0,0,55.0,55,55,50.01175263009958,211,55,0.6712977347305971,0.6668659355210959
5,3,0.1539667701318266,7.678384081533849,205,0.931931473314056,-0.0013561265860487122,0.07141850231004107,0.2634146341463415,3.295649522446864,0.6400131706383152,26.99494219773657,1664.414467,0.37536135478164895,6.005781676506383,64168910,14229454,2138684516,2.8942945966909455,3.5361043426576817,206,0,0,54.0,54,54,49.20173089664311,205,54,0.9321859841610289,0.666865872817658
5,3,0.10072380369175332,6.96538015336342,125,0.9329861212332785,-0.10947580832347575,0.10947580832347575,0.504,3.038645766220503,0.383009414411954,20.876951809461072,1664.4158755,0.3753616724287727,6.0057867588603635,192652676,18420,2024411784,8.689466584126977,8.690297405571053,206,0,0,63.0,63,63,57.16045364198522,125,63,0.5578572821563311,0.6668664371485987
5,3,0.08131564883897137,7.6868635784690245,206,0.9329998860384947,-0.07344491728965163,0.07003225351169215,0.33495145631067963,2.911074501861289,0.2554381500527403,18.376533582001898,1941.55395125,0.43786228488896184,7.005796558223389,126505218,8468,2090569194,5.705930939307059,5.706312882628907,206,0,0,69.0,69,69,62.2968348458079,206,69,0.3720483799758404,0.7779048404071003
5,3,0.053137103254491044,6.925616768813337,122,0.9443691558330654,-0.10934230970607436,0.10918359145827634,0.5081967213114754,3.0669679534569214,0.41133160164837257,21.47668554411688,1664.415719,0.3753616371346479,6.005786194154366,192277088,22869,2024782923,8.672525945444132,8.673557435976413,206,0,0,62.0,62,62,55.28927958360103,122,62,0.5991088488330641,0.6668663744451608
5,3,0.046234101359111796,7.640026026341788,199,0.937365772887371,-0.04912539127748876,0.04912539127748876,0.2663316582914573,3.3422087542184924,0.6865724024099435,28.28152470611712,1664.4143105,0.37536131948752405,6.005781111800385,86687613,36147,2130359120,3.909985223466251,3.9116156090655485,206,0,0,53.0,53,53,47.80309639013813,199,53,1.0,0.6668658101142202
5,3,0.04335354792945875,7.640026026341788,199,0.937026639594489,-0.04912539127748876,0.016561282828926077,0.2613065326633166,3.363417296975662,0.7077809451671131,28.88774038472518,1664.414154,0.3753612841933992,6.005780547094387,57995470,1853618,2157233792,2.6158458271077354,2.6994519934229975,206,0,0,52.0,52,52,47.59500607332156,199,52,1.0308904678992707,0.6668657474107823
5,3,0.040991350097860195,7.290461736323239,157,0.9816406800029196,-0.10217723867745727,0.10219209608909824,0.5159235668789809,2.8507388552398756,0.19510250343132673,17.30055972868987,1941.556060375,0.43786276054213186,7.00580416867411,179839807,9766,2037233307,8.111550931284986,8.111991420005012,206,0,0,80.56796116504854,79,81,68.18846370061034,157,81,0.28416886951251724,0.7779056854511154
5,3,0.03309102078111609,7.667152209384268,203,0.947076292201615,-0.004786070161735889,0.01667037507206337,0.5270935960591133,2.7559597032152854,0.10032335140673654,15.736135678399425,1941.56087675,0.43786384673855766,7.005821547816923,18983049,13253371,2184846460,0.8562173823650652,1.454001575259108,206,0,0,107.0,107,107,90.94300112431738,203,107,0.14612202741413827,0.7779076151844732
5,3,0.029355468507740203,7.229516825935045,150,0.9816406800029196,-0.10217723867745727,0.10219209608909824,0.5066666666666667,2.8817864880657336,0.22615013625718472,17.846126610462537,1941.555227,0.4378625725980979,7.005801161569567,179839807,13090,2037229983,8.111550931284986,8.112141346741174,206,0,0,76.0,76,76,65.09140097976228,150,76,0.3293900766523286,0.7779053515503006
5,3,0.02420564370878245,6.499471252611073,90,0.9659568291238412,-0.05189833355747814,0.05189833355747814,0.9,2.8217038507279852,0.1660674989194364,16.805460287706655,1941.55613825,0.43786277810462365,7.005804449673978,91566856,989599,2124526425,4.13006012657497,4.174695309541157,206,0,0,81.0,81,81,70.42646387126565,90,81,0.24187907689927746,0.7779057166525865
5,3,0.023289710169996414,7.727942371614491,212,0.9153015013864126,-0.022703203904632964,0.01548915906917974,0.9952830188679245,2.7008194879141447,0.04518313610559588,14.891930482871773,2218.720624,0.5003693465893345,8.005909545429352,33768527,1662972,2181651381,1.5231062088215666,1.5981134182949444,206,0,0,211.0,211,211,173.95203581753935,212,211,0.06580971787825753,0.8889547013666391
5,3,0.022621553657974997,8.209842455374522,296,0.9436524127399311,-0.024014785093855507,0.0047172455082733974,0.3310810810810811,2.781798317540723,0.12616196573217398,16.14803414578996,1941.5592365,0.43786347682681126,7.00581562922898,25399281,6697159,2184986440,1.1456171182919423,1.447687873535878,206,0,0,98.0,98,98,85.57386614600064,296,98,0.18375624375423744,0.7779069580003586
6,0,0.029277372533242016,8.402384855490368,338,0.9155212992441091,-0.057480902898809944,0.057480902898809944,0.257396449704142,2.7770465036456504,0.12141015183710158,16.071483713502456,1941.55723175,0.4378630247124546,7.005808395399273,101422208,1111,2115659561,4.574579007168194,4.574629118059853,206,0,0,87.0,87,87,77.1951857633312,338,87,0.17683517632071838,0.7779061547753295
6,0,0.001679528823810371,8.4244472273238,344,0.9761056694680993,-0.0462422829622096,0.01575446235546893,0.5377906976744186,2.6818048153846044,0.026168463576055512,14.611440465383668,2218.715164,0.5003681152415916,8.005889843865466,54750876,67077,2162264927,2.4695006440174216,2.4725261060154864,206,0,0,184.74757281553397,184,185,143.45849060391905,344,185,0.03811464527878104,0.8889525137578808
6,0,inf,7.60481144142165,195,0.9375903364249083,-0.04912539127748876,0.047816687367020716,0.26153846153846155,3.205238677725072,0.5496023259165232,24.661385437442195,1664.4139975,0.37536124889927436,6.00577998238839,85536279,40914,2131505687,3.8580550944491527,3.8599004923081632,206,0,0,51.0,51,51,46.920079354722134,195,51,0.800501628069173,0.6668656847073444
6,0,0.0038829051351644134,7.280536308112417,155,0.9691030851672301,-0.02130198166305834,0.02584340511761722,1.0,2.6861742594560063,0.030537907647457452,14.67542402178735,2218.708976,0.5003667197141498,8.005867515426397,41665627,3710981,2171706272,1.879299478420942,2.0466807267033698,206,0,0,155.0,155,155,127.72244042121747,155,155,0.04447878700085539,0.8889500344679545
6,0,0.004492026707538436,7.7667457269799,218,0.9474168729482618,-0.00764251354008437,0.002194336887904691,0.4954128440366973,2.71928336996536,0.06364701815681117,15.169447467159245,1941.561059,0.4378638878398628,7.005822205437805,8707484,20919830,2187455566,0.3927450831247229,1.3363196417808252,206,0,0,108.0,108,108,93.64670836010279,218,108,0.09270255829305582,0.7779076882049303
6,0,0.17865186167578978,7.154365547476306,142,0.937402000106104,-0.005717230410883126,0.01807231074848787,0.9507042253521126,2.699622423985439,0.0439860721768901,14.874114555591348,2218.704816,0.500365781544441,8.005852504711056,21043563,24412937,2171626380,0.9491554506072412,2.0502842004715673,206,0,0,135.0,135,135,117.14803470326052,142,135,0.06406618154544841,0.8889483677184243
6,0,0.011879674170611348,7.6511038174441826,201,0.9720122934358837,-0.026648037599397146,0.01677218631005166,0.9701492537313433,2.6771377392029496,0.021501387394400773,14.543406642615318,2218.717296,0.5003685960535674,8.005897536857079,38379301,2157733,2176545846,1.7310720021436456,1.8283950665840691,206,0,0,195.0,195,195,157.08270257789914,201,195,0.03131699922532361,0.8889533679670149
6,0,0.1630417503766331,6.97668892331177,126,0.931799109695205,-0.0747885391526263,0.06763278688652759,0.5158730158730159,2.909973757640874,0.2543374058323251,18.356316847638276,1847.31570275,0.41660952763976056,6.665752442236169,125573732,76294,2091432854,5.663916903277879,5.667358091728172,0,206,0,65.0,65,65,58.4454756264054,126,65,0.3704451343217019,0.7401472547307196
6,0,0.16458850446498893,8.206308474579226,295,0.9474168729482618,-0.0248068494698558,0.006390263078634133,0.20677966101694914,2.9388119017839083,0.28317554997535943,18.89338577430019,1664.4155625,0.375361601840523,6.005785629448368,27577166,5285035,2184220679,1.2438491248464287,1.4822269973055766,206,0,0,61.0,61,61,55.36884135078702,295,61,0.4124481977157581,0.666866311741723
6,0,inf,8.153387705892893,285,0.9977074372587773,-0.008512693177708645,0.021993097540835276,0.9473684210526315,2.6648603177501564,0.00922396594160757,14.365942738639474,2495.8752085,0.5628736821286536,9.005978914058458,26972937,4488512,2185621431,1.2165957909521181,1.4190470407673708,206,0,0,270.0,270,270,207.25569813082237,285,270,0.01343480441280548,0.9999997190365125
6,0,0.0899652424976462,6.97668892331177,126,0.9826566003311612,-0.07012350095584881,0.06763278688652759,0.5158730158730159,2.8834571353854583,0.2278207835769095,17.875966112753712,1850.36890925,0.41729809154676256,6.676769464748201,121477518,101566,2095503796,5.479159985214445,5.483741049860978,0,206,0,65.0,65,65,56.470755199967876,126,65,0.3318233922267103,0.7413705553315519
6,0,0.011800073387937234,7.974394284790262,251,0.996750973243421,-0.020906747198162517,0.012404369836117233,0.49800796812749004,2.702248987478341,0.04661263566979201,14.913233713859077,1941.56415725,0.4378645865620504,7.0058333849928065,29456914,2844686,2184781280,1.328633866858419,1.4569414743755542,206,0,0,125.0,125,125,104.2180535757308,251,125,0.0678917991841452,0.7779089295527025
6,0,0.013101671210498367,7.884492070476755,236,0.9994261479572307,-0.023513569406470026,0.003252131048370148,0.5234042553191489,2.713077492986473,0.057441141177924315,15.075599248786455,1941.56379275,0.4378645043594401,7.005832069751041,23660822,11642121,2181779937,1.067205119548801,1.5923149882425685,206,0,0,123.0,123,123,99.6505782203662,235,123,0.08366363252629976,0.777908783511788
6,0,0.17802920084518614,7.936248907966116,245,0.9966263255733345,-0.014100725807764303,0.006165305533374091,0.8857142857142857,2.6685235508488745,0.012887199040325648,14.418665043662426,2218.721872,0.5003696280402472,8.005914048643955,17931991,10052538,2189098351,0.808810133430826,1.2622229530724625,206,0,0,217.0,217,217,175.87180648690975,245,217,0.01877034234858579,0.8889552013914982
6,0,0.14289568263787986,7.720152330334154,211,0.9785919559521951,-0.04912539127748876,0.04517828889928026,0.26066350710900477,3.0216093021424504,0.36597295033390154,20.52429491276232,1664.4146235,0.3753613900757738,6.005782241212381,83218270,38748,2133825862,3.753502891150375,3.75525059306759,206,0,0,55.0,55,55,49.00974868495021,211,55,0.5330434911879603,0.6668659355210959
6,0,0.039900159995884775,7.526663919332758,184,0.9997944815253567,-0.0036880781006687693,0.0032859751470129426,0.5300546448087432,2.749351736272785,0.093715384464236,15.632494619504978,1941.55905425,0.4378634357255061,7.005814971608098,6177423,30915079,2179990378,0.2786284200615901,1.6730318173761731,206,0,0,97.0,97,97,80.64740478437199,183,97,0.13649745334255328,0.7779068849799013
6,0,0.004319623197642907,7.953889485838784,248,0.9957338690417944,-0.024014785093855507,0.0064068007308358405,0.7540322580645161,2.681358533075628,0.025722181267079147,14.604921092843824,2218.715632,0.5003682207856839,8.005891532570942,26894102,8070246,2182118532,1.2130399924426822,1.5770428934077556,206,0,0,187.0,187,187,149.73029056577258,248,187,0.03746463035331962,0.8889527012672028
6,0,0.018039991653737483,8.446289627247516,349,0.9946752150732496,-0.020906747198162517,0.04622622223486578,0.2607449856733524,2.7643818335819663,0.10874548177341747,15.869227134642497,1941.55796075,0.4378631891176752,7.005811025882803,59273860,31194,2157777826,2.6735067297078223,2.674913713645202,206,0,0,91.0,91,91,76.64947021562801,349,91,0.15838894979132434,0.7779064468571583
6,0,0.05785012248000958,8.155244422516162,285,0.9977074372587773,-0.028844516405139596,0.038110378812870514,0.256140350877193,2.823088518747424,0.1674521669388751,16.828746389158432,1941.55468025,0.43786244929418244,7.005799188706919,59135995,37915,2157908970,2.6672884236064283,2.6689985536309764,206,0,0,73.0,73,73,62.967074817298425,285,73,0.24389586058382168,0.777905132488929
6,0,0.01171877409343959,8.432443974001446,345,0.9138866935007605,-0.057480902898809944,0.057480902898809944,0.2579710144927536,2.768847630905651,0.11321127909710205,15.940254365274212,1941.55759625,0.4378631069150649,7.005809710641039,101422208,883,2115659789,4.574579007168194,4.574618834276507,206,0,0,89.0,89,89,79.4394763391423,345,89,0.16489343104925014,0.7779063008162439
6,0,0.16908910245223205,7.974394284790262,251,0.997760131867897,-0.010481770019233186,0.012404369836117233,0.5059760956175299,2.7003249581639337,0.04468860635538485,14.88456780089261,1941.56452175,0.4378646687646607,7.005834700234571,20247854,7108011,2189727015,0.913265542874067,1.2338674952918314,206,0,0,127.0,127,127,104.3091709665114,251,127,0.0650894300419344,0.7779090755936169
6,0,0.012445787219060462,8.153387705892893,285,0.9977074372587773,-0.010705919249980192,0.021993097540835276,0.5157894736842106,2.687364763670802,0.03172841186225295,14.692905579808734,2218.707312,0.5003663444462663,8.00586151114026,28911335,2653277,2185518268,1.3040259009171546,1.4237001370016442,206,0,0,147.0,147,147,117.00693789150337,285,147,0.04621276904064711,0.8889493677681425
6,0,0.04869310603254274,7.782322123379092,220,0.9287897215229928,-0.0013561265860487122,0.02571748506872123,0.2636363636363636,2.9824431493448875,0.3268067975363387,19.735975727060456,1664.415093,0.3753614959581484,6.005783935330374,23925895,13258914,2179898071,1.079161055088748,1.6771952611893337,206,0,0,58.0,58,58,52.66758603035657,220,58,0.47599757343757393,0.6668661236314094
6,0,0.02782279181581344,6.7265058786902525,106,0.9966263255733345,-0.014100725807764303,0.007357643907962189,0.9809523809523809,2.721260888901465,0.06562453709291605,15.199475017014592,1941.56014775,0.43786368233333706,7.005818917333393,18985497,45657668,2152439715,0.8563277977231054,2.915685542617153,206,0,0,103.0,103,103,87.87772421097013,105,103,0.09558283563767901,0.7779073231026444
6,0,0.047098423985335765,8.049556655208969,265,0.9474168729482618,-0.048742072808292944,0.04446963832004228,0.26037735849056604,2.863008887696744,0.20737253588819504,17.514145832621942,1941.55395125,0.43786228488896184,7.005796558223389,82257829,13355,2134811696,3.710182859740453,3.7107852278395654,206,0,0,69.0,69,69,61.30764008793768,265,69,0.3020403021739513,0.7779048404071003
6,0,0.005743802991880191,7.825336142185762,227,0.9994261479572307,-0.017739373509452795,0.0032859751470129426,0.5154185022026432,2.7164077591069105,0.06077140729836161,15.125888698356395,1941.56269925,0.4378642577516092,7.005828124025747,18598083,12676392,2185808405,0.8388537554356109,1.410613706962547,206,0,0,117.0,117,117,96.27899132669451,227,117,0.0885142005199268,0.777908345389045
6,0,0.04260318026032974,8.179704469922415,290,0.9399236770698086,-0.011465217317871724,0.0009981958623687254,0.25862068965517243,2.800487689757615,0.14485133794906613,16.45266861282094,1941.55504475,0.4378625314967928,7.005800503948684,11027318,11381228,2194674334,0.49737960179458873,1.0107220709764355,206,0,0,75.0,75,75,66.84274363556055,290,75,0.21097751299152462,0.7779052785298434
6,0,0.169908527089583,7.6408448353578775,200,0.9239430719178727,-0.04912539127748876,0.04912539127748876,0.265,3.1368781100498158,0.4812417582412669,23.031851599312414,1664.4143105,0.37536131948752405,6.005781111800385,86687613,34031,2130361236,3.909985223466251,3.911520168339399,206,0,0,53.0,53,53,48.513283508673304,200,53,0.7009337348137737,0.6668658101142202
6,0,0.04037129900767302,5.911391291662541,60,0.9134552208413147,-0.013333878607017204,0.026356120711898443,1.0,2.968984409140329,0.31334805733178017,19.47213382947441,1664.415406,0.37536156654639813,6.00578506474237,35080988,71104194,2110897698,1.5823038604673183,4.789409676917446,206,0,0,60.0,60,60,55.2152540756505,60,60,0.4563947753097773,0.6668662490382852
6,0,0.004046669948090896,8.271048999627633,309,0.9980799566009686,-0.007446939539571762,0.021993097540835276,0.5339805825242718,2.6831707211314146,0.027534369322865793,14.631411952363866,2218.711056,0.5003671887990042,8.005875020784067,26032115,4469330,2186581435,1.1741606610574702,1.375746719942197,206,0,0,165.0,165,165,128.03975265017667,309,165,0.0401041015138639,0.8889508678427197
6,0,0.07375451867333703,7.5971368548126526,194,0.9458182832435982,-0.05825660660859802,0.04873467174964226,0.34536082474226804,2.8739897462875597,0.2183533944790108,17.707525988288353,1941.55358675,0.4378622026863515,7.005795242981624,94392285,33926,2122656669,4.257499160338111,4.259029369258402,206,0,0,67.0,67,67,60.04379567539351,194,67,0.3180340394000206,0.7779046943661859
6,1,0.012338671873013872,7.83414034345963,228,0.9977074372587773,-0.007446939539571762,0.007446939539571762,0.5154185022026432,2.718723563607518,0.06308721179896937,15.160957890503383,1941.56269925,0.4378642577516092,7.005828124025747,13183702,16633480,2187265698,0.5946418205168766,1.3448835074672536,206,0,0,117.0,117,117,95.51009501485706,227,117,0.0918871943840539,0.777908345389045
6,1,0.034377938955201935,7.781137172102181,220,0.943462413832644,-0.05674917149366571,0.06376796464952693,0.2590909090909091,3.0372483924824722,0.3816120406739234,20.84779927850671,1664.4149365,0.37536146066402354,6.005783370624377,106309688,12867,2110760325,4.795025434502476,4.795605791696881,206,0,0,57.0,57,57,51.61871335929971,220,57,0.55582199245764,0.6668660609279716
6,1,0.0037568937938806802,7.292591718987703,157,0.9683708982407313,-0.017527500203078382,0.026071454247533286,0.9808917197452229,2.6944762017008266,0.038839849892277734,14.797765678447345,2218.708768,0.5003666728056644,8.00586676489063,38536228,6380575,2172166077,1.7381500866580144,2.0259415380989276,206,0,0,154.0,154,154,128.06059267587537,157,154,0.056570654101367385,0.888949951130478
6,1,0.04132442567305444,6.269315195076749,77,0.9290585152846244,-0.01648979617361255,0.02102308204687168,1.0,2.801592886011136,0.14595653420258703,16.47086209236308,1941.55540925,0.43786261369940305,7.005801819190449,33168432,49253036,2134661412,1.4960393361568873,3.717563684403174,206,0,0,77.0,77,77,69.61098995141343,77,77,0.21258724307919133,0.7779054245707577
6,1,0.1470363240434425,8.747138770306805,430,0.9359781606537837,-0.04977206036296009,0.05379907554448997,0.14651162790697675,2.940804668327745,0.2851683165191963,18.931073420239148,1664.4158755,0.3753616724287727,6.0057867588603635,91372034,299,2125710547,4.121272814122312,4.121286300311876,206,0,0,63.0,63,63,57.17913663467716,430,63,0.41535068336307224,0.6668664371485987
6,1,0.04540239672547164,5.9354020299039325,61,0.9474168729482618,-0.00505541517571205,0.002194336887904691,1.0,2.9498247594791445,0.2941884076705956,19.102605884296395,1664.4155625,0.375361601840523,6.005785629448368,6420185,99944883,2110717812,0.28957803327586923,4.797523311352258,206,0,0,61.0,61,61,55.45879301517829,61,61,0.42848854197745556,0.666866311741723
6,1,inf,8.153387705892893,285,0.9977074372587773,-0.007446939539571762,0.021993097540835276,0.9473684210526315,2.6648625167451607,0.00922616493661188,14.365974329310522,2495.8752085,0.5628736821286536,9.005978914058458,26032115,5380418,2185670347,1.1741606610574702,1.4168407181963356,206,0,0,270.0,270,270,207.25574204946997,285,270,0.01343800727239697,0.9999997190365125
6,1,0.17239876354376826,7.936447480874116,245,0.9971786719931416,-0.024014785093855507,0.0064068007308358405,0.9224489795918367,2.6706035112717355,0.014967159463186608,14.448686507208413,2218.723744,0.5003700502166162,8.005920803465859,26894102,8206839,2181981939,1.2130399924426822,1.583203826823109,206,0,0,226.0,226,226,180.3627881063283,245,226,0.021799826807267896,0.8889559514287867
6,1,0.17853209162529243,7.974394284790262,251,0.996750973243421,-0.023558395511626803,0.0071065612975109264,0.49800796812749004,2.704494209829982,0.04885785802143294,14.94675485665647,1941.56415725,0.4378645865620504,7.0058333849928065,27110572,7250672,2182721636,1.2228037230615394,1.5498403018654856,206,0,0,125.0,125,125,103.76807315089945,251,125,0.07116198939825802,0.7779089295527025
6,1,0.20824142865869766,8.747138770306805,430,0.9240970575005685,-0.04977206036296009,0.04977206036296009,0.1511627906976744,2.9250026920916805,0.26936634028313167,18.63427621501145,1875.68473025,0.42300735510843873,6.76811768173502,87824268,388,2129258224,3.961253266273925,3.9612707667473397,0,206,0,65.0,65,65,58.48455192940893,430,65,0.3923349370548927,0.7515136160907449
6,1,0.005236308375670475,7.979432385100146,252,0.9816568763423911,-0.04520189214397206,0.04520189214397206,0.5476190476190477,2.7003135886143403,0.0446772368057915,14.884398571022858,2218.70544,0.5003659222698973,8.005854756318357,79789656,21387,2137271837,3.598857612395618,3.599822258336143,206,0,0,138.0,138,138,107.79354847614842,252,138,0.06507287017213269,0.888948617730854
6,1,0.0038945070342605477,7.83414034345963,228,0.9980204784898682,-0.007446939539571762,0.007446939539571762,0.5066079295154186,2.7198145316179403,0.06417817980939144,15.177507036222153,1941.56233475,0.43786417554899887,7.005826808783982,13183702,16644943,2187254235,0.5946418205168766,1.345400538206312,206,0,0,115.0,115,115,95.33575555131706,227,115,0.09347620088445018,0.7779081993481306
6,1,0.03028536762872335,8.402384855490368,338,0.944792652639867,-0.059042799975288655,0.057480902898809944,0.257396449704142,2.779942559566973,0.12430620775842405,16.118095091075386,1941.55723175,0.4378630247124546,7.005808395399273,102801455,1275,2114280150,4.636788995456949,4.636846503455929,206,0,0,87.0,87,87,75.8203940632027,338,87,0.18105331254518212,0.7779061547753295
6,1,0.010548885204345427,7.640026026341788,199,0.937365772887371,-0.04452762672064868,0.04912539127748876,0.9899497487437185,2.6884003561417766,0.03276400433322779,14.708129323640614,2218.717712,0.5003686898705384,8.005899037928614,82645844,42359,2134394677,3.7276840097200155,3.729594583311202,206,0,0,197.0,197,197,161.17722429127852,199,197,0.04772112047938802,0.888953534641968
6,1,0.08223729351060671,6.109925950099369,69,0.9964853028084696,-0.05189833355747814,0.05189833355747814,0.9710144927536232,2.8891667793247837,0.23353042751623487,17.97832344822815,1941.55358675,0.4378622026863515,7.005795242981624,91566856,10545972,2114970052,4.13006012657497,4.605728947760401,206,0,0,67.0,67,67,59.759673395840025,69,67,0.34013954929810425,0.7779046943661859
6,1,0.17128856824696628,8.209681789501753,296,0.9473049270197518,-0.0019083725372422491,0.015208716786920614,0.9087837837837838,2.6700990580906794,0.014462706282130533,14.441399659429067,2495.87497475,0.5628736294129879,9.005978070607807,15147178,9338239,2192597463,0.6832030564414443,1.1043979104651243,206,0,0,269.0,269,269,216.75289988556057,296,269,0.021065085388467214,0.9999996253820166
6,1,0.009008202931643536,8.7534618395691,432,0.997058134180223,-0.04977206036296009,0.04977206036296009,0.48842592592592593,2.678336676004519,0.022700324195970012,14.560853724943938,2218.720348,0.5003692843453827,8.005908549526124,87824268,805,2129257807,3.961253266273925,3.9612895752458295,206,0,0,209.6601941747573,209,211,164.83340527626083,432,211,0.03306326341736052,0.8889545907842182
6,1,0.0029536604296266033,7.990164439481688,254,0.9812425437079941,-0.052167464434950774,0.045240761361100695,0.5354330708661418,2.7025918368892548,0.046955485080705905,14.918347583846257,2218.705024,0.5003658284529264,8.005853255246823,85949430,16665,2131116785,3.876689986438396,3.87744164981329,206,0,0,136.0,136,136,108.08972956151622,254,136,0.06839116299444467,0.8889484510559008
6,1,0.01710094736515393,8.147342462684174,284,0.9474168729482618,-0.024746143664518563,0.006390263078634133,0.20774647887323944,3.004586768138682,0.34895041633013335,20.177876231604625,1664.4152495,0.3753615312522733,6.0057845000363725,27523642,5743029,2183816209,1.2414349616014355,1.5004703387543186,206,0,0,59.0,59,59,53.44955629617732,284,59,0.5082499895208132,0.6668661863348473
6,1,0.0882732139362731,7.679353518258709,205,0.9371266504555811,-0.013245595358698275,0.043940008000678196,0.2682926829268293,3.0611071416559485,0.4054707898473997,21.351182865067308,1664.4146235,0.3753613900757738,6.005782241212381,50498545,4051537,2162532798,2.277702175933089,2.4604439686079753,206,0,0,55.0,55,55,49.59029297502409,205,55,0.5905725141647892,0.6668659355210959
6,1,0.056756992460883476,7.81223862831391,225,0.943311205670274,-0.07344491728965163,0.06882108078947445,0.3333333333333333,2.8312559905841868,0.1756196387756379,16.966757535215734,1941.55504475,0.4378625314967928,7.005800503948684,125441364,5690,2091635826,5.657946535584633,5.6582031791251755,206,0,0,75.0,75,75,67.25301407404433,225,75,0.25579187010604265,0.7779052785298434
6,1,0.004702894995462436,8.200372604933772,294,0.9474168729482618,-0.006754445561656289,0.002090989678474708,0.5034013605442177,2.6960914567091083,0.04045510490055948,14.82168715801465,2218.70752,0.5003663913547517,8.005862261676027,7831345,14133151,2195118384,0.3532274355029975,0.9906935008221254,206,0,0,148.0,148,148,124.36875853276582,294,148,0.058923290185503636,0.888949451105619
6,1,inf,5.831735600968794,57,0.9474168729482618,-0.00505541517571205,0.002623038240494582,0.8947368421052632,3.2857430648617356,0.6301067130531868,26.72883819807178,1664.4139975,0.37536124889927436,6.00577998238839,6799443,107173686,2103109751,0.30668420478714803,5.140679675448127,206,0,0,51.0,51,51,47.50469302120141,57,51,0.9177571234169097,0.6668656847073444
6,1,0.004898304809568065,7.60481144142165,195,0.9375903364249083,-0.0515981630744215,0.047816687367020716,0.9692307692307692,2.6914326603027106,0.03579630849416171,14.752796533445563,2218.716048,0.5003683146026549,8.005893033642478,87712292,38114,2129332474,3.956202665729844,3.957921771512664,206,0,0,189.0,189,189,155.97859028670092,195,189,0.052137703712693356,0.8889528679421558
6,1,0.032559827802781154,8.198342481946371,294,0.912603947503158,-0.057480902898809944,0.05590773525052847,0.3401360544217687,2.757279614558963,0.10164326275041402,15.756919695899791,1941.559601,0.4378635590294216,7.005816944470745,100034452,2942,2117045486,4.5119852262807605,4.512117923169385,206,0,0,100.0,100,100,88.28277711411822,294,100,0.14804449231229677,0.7779071040412728
6,1,0.018252073025028646,7.60481144142165,195,0.9394951748030473,-0.04912539127748876,0.013994937915681037,0.5025641025641026,2.7639885526432546,0.10835220083470576,15.862987297183349,1941.5592365,0.43786347682681126,7.00581562922898,55728680,4236536,2157117664,2.513603821612659,2.7046898670743422,206,0,0,98.0,98,98,86.23809177240604,195,98,0.15781613192487462,0.7779069580003586
6,1,0.030172570584939846,7.667152209384268,203,0.9721633019852675,-0.027928063572039842,0.02968443634342143,0.5073891625615764,2.7235577056392786,0.06792135383072972,15.234425547756915,1941.56014775,0.43786368233333706,7.005818917333393,50904705,170535,2166007640,2.296021743670674,2.3037136076753253,206,0,0,103.0,103,103,87.97098985102795,203,103,0.09892817362352231,0.7779073231026444
6,1,0.046636891471942644,8.049556655208969,265,0.9473105945909945,-0.052461354994051385,0.04965502159685285,0.26037735849056604,2.87207042244975,0.21643407064120135,17.673572106221304,1941.55395125,0.43786228488896184,7.005796558223389,90088992,9582,2126984306,4.063402086258498,4.063834275784945,206,0,0,69.0,69,69,61.25685883793768,265,69,0.3152385238344773,0.7779048404071003
6,1,0.026302851789030357,8.605844845664361,390,0.9240970575005685,-0.04977206036296009,0.04977206036296009,0.14871794871794872,3.018418305084422,0.36278195327587337,20.45890633094841,1664.415093,0.3753614959581484,6.005783935330374,87824268,998,2129257614,3.961253266273925,3.961298280378224,206,0,0,58.0,58,58,53.02663226790877,390,58,0.5283957700636807,0.6668661236314094
6,1,0.18090145628079704,7.640241430323202,199,0.937016242115744,-0.04912539127748876,0.04284032544495633,0.2663316582914573,3.1468621679323734,0.49122581612382454,23.262954692431336,1664.4143105,0.37536131948752405,6.005781111800385,81160731,44973,2135877176,3.660699008239151,3.662727484504323,206,0,0,53.0,53,53,48.57578601831031,199,53,0.7154756212157213,0.6668658101142202
6,1,0.1681909230556212,7.019581425338301,130,0.9515063147607091,-0.024014785093855507,0.0064068007308358405,1.0,2.703980086661573,0.048343734853024234,14.939072358736446,2218.703776,0.5003655470020137,8.00584875203222,26894102,23776126,2166412652,1.2130399924426822,2.285445819688978,206,0,0,130.0,130,130,109.87839428405076,130,130,0.07041316354011971,0.8889479510310417
6,1,0.006229620710214263,7.7839516115372,220,0.9374920068871815,-0.013668159527218577,0.01564329658433449,1.0,2.67721789257085,0.02158154076230101,14.544572392357226,2218.722496,0.5003697687657035,8.005916300251256,25927846,4022910,2187132124,1.169457679453102,1.3509082709618867,206,0,0,220.0,220,220,177.85038924469964,220,220,0.03143374345742337,0.8889554514039276
6,1,0.04410046550296344,7.830819474308666,228,0.9474168729482618,-0.006404990296342821,0.05302717854191834,0.2631578947368421,2.9971832476654576,0.3415468958569088,20.029040545674327,1664.415406,0.37536156654639813,6.00578506474237,52447493,8495073,2156140314,2.3656081363994836,2.7487725673115118,206,0,0,60.0,60,60,53.594170364198526,228,60,0.49746668327774635,0.6668662490382852
6,2,0.04374126233547323,7.667152209384268,203,0.9721633019852675,-0.027928063572039842,0.015215426325317326,0.5073891625615764,2.7254410274563385,0.0698046756477897,15.263143908230365,1941.56014775,0.43786368233333706,7.005818917333393,38138571,3193178,2175751131,1.72021404089323,1.864240140630196,206,0,0,103.0,103,103,87.97102749558304,203,103,0.10167125186326703,0.7779073231026444
6,2,0.004316288593745809,8.206147808706456,295,0.9492229241671014,-0.004617017312564919,0.015192179047784837,0.511864406779661,2.6972414770531667,0.0416051252446179,14.838742204725305,2218.708144,0.500366532080208,8.005864513283328,17529587,6966081,2192587212,0.790659977492587,1.1048602747769176,206,0,0,151.0,151,151,126.07499297301638,295,151,0.06059830703736329,0.8889497011180486
6,2,0.16891911138141152,7.640026026341788,199,0.9094734621179213,-0.05959560900022395,0.04848562836489236,0.2663316582914573,3.184727361741506,0.5290910099329573,24.160700376536834,1664.4143105,0.37536131948752405,6.005781111800385,95355429,25015,2121702436,4.300941108705868,4.302069393093685,206,0,0,53.0,53,53,48.78531059267588,199,53,0.7706266783747651,0.6668658101142202
6,2,0.052807811529864655,8.179704469922415,290,0.9398317241909029,-0.03248789989691394,0.06797509139797236,0.25862068965517243,2.8462901262172444,0.19065377440869558,17.22376517225767,1941.55504475,0.4378625314967928,7.005800503948684,88640515,14779,2128427586,3.998069526385951,3.9987361230266685,206,0,0,75.0,75,75,66.46504452096049,290,75,0.27768924841645276,0.7779052785298434
6,2,0.0015003068950839348,8.206147808706456,295,0.9492562525797997,-0.016501342656914008,0.05232280360271065,0.5152542372881356,2.6967710467973567,0.04113469498880784,14.831763253117737,2218.708299,0.5003665670360505,8.005865072576809,60747851,101833,2156233196,2.739990081020336,2.744583188518419,206,0,0,151.74271844660194,151,152,126.02436732051076,295,152,0.05991312037072944,0.8889497632204949
6,2,0.04378393868075191,8.206147808706456,295,0.9474168729482618,-0.0026477499369405993,0.015192179047784837,0.26101694915254237,2.8068188852255207,0.15118253341697185,16.557164115453837,1941.55540925,0.43786261369940305,7.005801819190449,15787174,8684972,2192610734,0.7120696362961406,1.1037993311282976,206,0,0,77.0,77,77,67.84497595767748,295,77,0.22019896646923875,0.7779054245707577
6,2,0.003290421145900025,7.3081085401642545,158,0.9470898901958138,-0.02913624835952279,0.028024133461762607,1.0,2.6953158506720487,0.03967949886349986,14.81019582492521,2218.7096,0.5003668604396061,8.005869767033698,50502455,569850,2166010575,2.2778785337966254,2.3035812265168905,206,0,0,158.0,158,158,131.45589940371025,158,158,0.0577936117505168,0.8889502844803842
6,2,0.0030923835677006853,8.402384855490368,338,0.980180163912365,-0.05944129691854593,0.058160814748287465,0.33727810650887574,2.72474834775715,0.06911199594860129,15.252575099121682,1941.5621525,0.43786413444769373,7.0058261511631,103752235,1576,2113329069,4.679673274099703,4.679744358496873,206,0,0,114.0,114,114,94.83109139094121,338,114,0.10066235652060976,0.7779081263276734
6,2,0.004931904401065257,7.855395261488829,232,0.9977074372587773,-0.017739373509452795,0.007446939539571762,0.5844155844155844,2.70722628781198,0.05158993600343109,14.987646390496911,2218.704816,0.500365781544441,8.005852504711056,22279573,8608181,2186195126,1.00490483242557,1.3931709219639097,206,0,0,135.0,135,135,104.50720265820752,231,135,0.07514129001157754,0.8889483677184243
6,2,0.0032633176635250495,6.986047991877064,127,0.9830360297034553,-0.054277995669260434,0.04612680506631633,0.984251968503937,2.719122772514966,0.06348642070641697,15.167011488183373,1941.56415725,0.4378645865620504,7.0058333849928065,88591084,231054,2128260742,3.995839975093759,4.006261507012313,206,0,0,125.0,125,125,103.70918326373274,127,125,0.09246864639996125,0.7779089295527025
6,2,0.007758054796688767,6.986047991877064,127,0.9845619055760386,-0.054681009436125694,0.004799420798371708,0.9921259842519685,2.717282032931672,0.061645681123123186,15.139118649378867,1941.5643395,0.43786462766335554,7.005834042613689,52492836,22270916,2142319128,2.367653301260438,3.372167665649017,206,0,0,126.0,126,126,104.59074094522968,127,126,0.08978758963619884,0.7779090025731596
6,2,0.1681631759538583,7.855395261488829,232,0.9994261479572307,-0.017739373509452795,0.0032859751470129426,0.5627705627705628,2.708644432735024,0.05300808092647502,15.00891612335111,2218.703776,0.5003655470020137,8.00584875203222,18598083,12321928,2186162869,0.8388537554356109,1.3946258517859287,206,0,0,130.0,130,130,101.3557159492451,231,130,0.07720683316196647,0.8889479510310417
6,2,0.17009610403151265,8.20564532503119,295,0.9368733162522903,-0.011426403413458963,0.002408652663287373,0.8610169491525423,2.675852245858197,0.020215894049647964,14.52472320145869,2218.729568,0.5003713636542085,8.005941818467337,12241635,9695821,2195145424,0.5521505357526373,0.9894738802006355,206,0,0,254.0,254,254,211.86853517507228,295,254,0.02944466450834316,0.8889582848781291
6,2,0.008107419667902821,7.78584642866047,221,0.9470898901958138,-0.01953793473506057,0.027988662087155704,0.995475113122172,2.679499323797855,0.023862971989306203,14.577792714527659,2218.722496,0.5003697687657035,8.005916300251256,42003536,310975,2174768369,1.8945406316970883,1.908566945408915,206,0,0,220.0,220,220,176.85079455107612,221,220,0.034756672283279354,0.8889554514039276
6,2,0.01016712316528482,7.950111293969684,247,0.9195671885922295,-0.021207025976414155,0.01720449538652023,0.8218623481781376,2.689042287508802,0.033405935700252964,14.717573964284936,2218.71896,0.500368971321451,8.005903541143216,33962787,276438,2182843655,1.5318681726503611,1.5443367187066999,206,0,0,203.0,203,203,168.31912418687762,247,203,0.0486561003369703,0.8889540346668271
6,2,0.020168821741973007,8.402384855490368,338,0.9118748674134513,-0.06147260643708071,0.057480902898809944,0.257396449704142,2.790062826554485,0.13442647474593628,16.282042714298775,1941.55723175,0.4378630247124546,7.005808395399273,104941699,838,2112140343,4.733323230568629,4.73336102798286,206,0,0,87.0,87,87,77.50085327658208,338,87,0.19579358895592772,0.7779061547753295
6,2,0.05032093867518942,7.459808313292356,176,0.9380522763278643,-0.029274082071156463,0.007674233006460602,0.5113636363636364,2.7809191518838543,0.12528280007530546,16.133843587582785,1941.5577785,0.43786314801637005,7.005810368261921,32656780,11542013,2172884087,1.4729616242402268,1.9935561903757066,206,0,0,90.0,90,90,79.02011599542242,176,90,0.18247572963251835,0.7779063738367011
6,2,0.08217845946154845,8.023906039552566,260,0.9471177969796271,-0.010536232078387914,0.04258689114691073,0.25769230769230766,2.9090592310262062,0.2534228792176574,18.339537181229083,1941.55358675,0.4378622026863515,7.005795242981624,46912294,3271133,2166899453,2.1159467886017866,2.2634889950528145,206,0,0,67.0,67,67,59.966688333199485,260,67,0.3691131165891836,0.7779046943661859
6,2,0.16915989618906552,8.030061840685553,261,0.952711316408242,-0.02913624835952279,0.026639946304939377,0.9923371647509579,2.674224849788515,0.01858849797996598,14.501104947346958,2495.87263725,0.5628731022563306,9.00596963610129,49281117,67276,2167734487,2.222790922457531,2.225825360213868,206,0,0,259.0,259,259,202.90153564688404,261,259,0.027074344839259978,0.9999986888370582
6,2,0.0043816834409846125,7.83414034345963,228,0.9977074372587773,-0.007446939539571762,0.032849738745181614,0.5154185022026432,2.721471642073504,0.06583529026495505,15.202678692168249,1941.56269925,0.4378642577516092,7.005828124025747,35606415,8360377,2173116088,1.6060028842945195,1.9830919446728126,206,0,0,117.0,117,117,95.5082253352875,227,117,0.09588979987233108,0.777908345389045
6,2,0.0028441301785221505,7.936447480874116,245,0.9995762634652964,-0.04850086767294432,0.005115073258201035,0.9224489795918367,2.678634127349928,0.022997775541379273,14.565185514691134,2218.723744,0.5003700502166162,8.005920803465859,47326623,9315855,2160440402,2.134634813471655,2.554820052554824,206,0,0,226.0,226,226,178.38949691816575,245,226,0.033496504462828085,0.8889559514287867
6,2,0.005387212994851759,8.153387705892893,285,0.9977074372587773,-0.007446939539571762,0.05286835020326269,0.9543859649122807,2.6726431238633803,0.017006772054831476,14.478186303993088,2495.875667,0.562873785530291,9.005980568484656,53228176,5329986,2158524718,2.400820306726648,2.6412256631560838,206,0,0,271.9611650485437,271,272,206.79911861548345,285,272,0.02477054422102587,0.9999999027395555
6,2,0.20628163927564114,6.97668892331177,126,0.9330582703915683,-0.0031378042347282656,0.06751146542998751,0.5158730158730159,2.9513749559157407,0.2957386041071919,19.13224164055498,1877.83227725,0.42349167326798354,6.775866772287737,62312992,22648268,2132121620,2.8105846904559564,3.8321192575353793,0,206,0,65.0,65,65,58.478954184066815,126,65,0.43074641956058435,0.7523740543006777
6,2,0.03796766500202428,7.067434447763356,134,0.9826566003311612,-0.07012350095584881,0.05184548941784188,0.5149253731343284,2.874635546394948,0.21899919458639916,17.718965203798906,1941.55395125,0.43786228488896184,7.005796558223389,107570926,123422,2109388532,4.851912707927275,4.857479572437094,206,0,0,69.0,69,69,59.72921644113396,134,69,0.31897465411905324,0.7779048404071003
6,2,0.21107771149580146,5.9354020299039325,61,0.9466178970532814,-0.0027660670404158513,0.05810471126139137,1.0,2.9599477342122,0.3043113824036512,19.296963158163813,1664.4155625,0.375361601840523,6.005785629448368,53710800,55065045,2108307035,2.422588730647724,4.906259751552454,206,0,0,61.0,61,61,55.488970145358174,61,61,0.443232762248359,0.666866311741723
6,2,0.007776893784897441,8.016131444970402,259,0.9450278058016074,-0.01667037507206337,0.01457351891474819,0.5675675675675675,2.702313425486182,0.046677073677633185,14.914194723892521,2218.707312,0.5003663444462663,8.00586151114026,27636030,786915,2188659935,1.2465041451224412,1.2819974055277537,206,0,0,147.0,147,147,117.82429152947317,259,147,0.06798565382731901,0.8889493677681425
6,2,0.09840580227732043,7.73062060049933,212,0.9353451667331814,-0.059110541899965216,0.047816687367020716,0.25943396226415094,3.0703969879970354,0.4147606361884866,21.550456249518568,1664.4146235,0.3753613900757738,6.005782241212381,94340437,22878,2122719565,4.255160591921579,4.256192488392676,206,0,0,55.0,55,55,50.09393696795696,212,55,0.604103274079517,0.6668659355210959
6,2,inf,7.589946894455001,193,0.9372768129066757,-0.04912539127748876,0.04912539127748876,0.26424870466321243,3.309431239110875,0.6537948873023263,27.369554312144114,1664.4139975,0.37536124889927436,6.00577998238839,86687613,40771,2130354496,3.909985223466251,3.9118241714085134,206,0,0,51.0,51,51,46.58512437761002,193,51,0.9522592009341408,0.6668656847073444
6,2,0.004890676546750963,7.604510644171947,195,0.9362094106118001,-0.04797400181533479,0.04912539127748876,0.9794871794871794,2.692551669226545,0.03691531741799636,14.769314284449793,2218.716464,0.5003684084196257,8.005894534714011,85675964,40520,2131366396,3.86435549040007,3.866183117159788,206,0,0,191.0,191,191,157.63221144193705,195,191,0.05376755210145295,0.888953034617109
6,2,inf,8.20564532503119,295,0.980986522344106,-0.011426403413458963,0.03703433752699359,0.9898305084745763,2.6673123444006044,0.01167599259205554,14.401211635560024,2495.880351,0.5628748418732997,9.005997469972796,42808700,1478860,2172795320,1.9308570007089676,1.9975599649211129,206,0,0,292.0,292,292,221.93377569868295,295,292,0.01700620728574516,1.0000017794354208
6,2,0.026804978336797125,7.044134605649077,132,0.9821413983809532,-0.02353233278377611,0.06763278688652759,0.5151515151515151,2.895048651161809,0.23941229935326014,18.084381246014026,1941.553769,0.4378622437876567,7.005795900602507,80436543,5200497,2131445840,3.6280350060706796,3.8625998501237806,206,0,0,68.0,68,68,58.94397862793126,132,68,0.3487065581326849,0.7779047673866432
6,2,0.17338289365776796,7.990164439481688,254,0.9413805870557208,-0.052167464434950774,0.04919846379268587,0.5039370078740157,2.709160007612846,0.0535236558042973,15.016656338606463,1941.564704,0.4378647098659659,7.005835357855454,89427895,11815,2127643170,4.033583760296773,4.034116667753981,206,0,0,128.0,128,128,108.55876440531641,254,128,0.0779577734502923,0.777909148614074
6,2,0.07662455134305039,6.883465073214417,118,0.9424731745618463,-0.09847693486644674,0.10413387444664779,0.5084745762711864,3.0576328730431777,0.4019965212346288,21.277131831670538,1664.415406,0.37536156654639813,6.00578506474237,178299297,33969,2038749614,8.04206728618102,8.043599434586767,206,0,0,60.0,60,60,53.7122550594282,118,60,0.5855122050108298,0.6668662490382852
6,2,0.09710360504734881,7.646007469010156,200,0.9820980752109458,-0.05310896802217134,0.0703591361029787,0.26,3.287328931606276,0.6316925797977273,26.771260202622585,1664.414154,0.3753612841933992,6.005780547094387,108891126,24016,2108167738,4.911459421850752,4.912542647029957,206,0,0,52.0,52,52,46.23946454384838,200,52,0.9200669551826113,0.6668657474107823
6,2,0.00993952939441722,7.833149276473041,228,0.9371966220474902,-0.0064390110704282515,0.00883472466973453,0.25877192982456143,3.058351636922936,0.40271528511438737,21.292430562925084,1664.4152495,0.3753615312522733,6.0057845000363725,13517861,14556184,2189008835,0.6097138326195546,1.2662605107482494,206,0,0,59.0,59,59,53.792120492691936,228,59,0.5865590922396722,0.6668661863348473
6,3,inf,8.209842455374522,296,0.9486415444894601,-0.024014785093855507,0.0064068007308358405,0.9425675675675675,2.6728748289852766,0.017238477176727773,14.481541362592612,2495.87731225,0.5628741565696452,9.005986505114324,26894102,5287518,2184901260,1.2130399924426822,1.4515298589108225,206,0,0,279.0,279,279,222.45542006304208,296,279,0.02510802519329185,1.000000561926975
7,0,0.02145228599137913,8.402384855490368,338,0.9155212992441091,-0.057480902898809944,0.057480902898809944,0.257396449704142,2.7770465036456504,0.12141015183710158,16.071483713502456,1941.55723175,0.4378630247124546,7.005808395399273,101422208,1111,2115659561,4.574579007168194,4.574629118059853,206,0,0,87.0,87,87,77.1951857633312,338,87,0.17683517632071838,0.7779061547753295
7,0,0.0012420550897549556,8.4244472273238,344,0.9761056694680993,-0.0462422829622096,0.01575446235546893,0.5377906976744186,2.6818048153846044,0.026168463576055512,14.611440465383668,2218.715164,0.5003681152415916,8.005889843865466,54750876,67077,2162264927,2.4695006440174216,2.4725261060154864,206,0,0,184.74757281553397,184,185,143.45849060391905,344,185,0.03811464527878104,0.8889525137578808
7,0,0.17447358932302273,7.60481144142165,195,0.9375903364249083,-0.04912539127748876,0.047816687367020716,0.26153846153846155,3.205238677725072,0.5496023259165232,24.661385437442195,1664.4139975,0.37536124889927436,6.00577998238839,85536279,40914,2131505687,3.8580550944491527,3.8599004923081632,206,0,0,51.0,51,51,46.920079354722134,195,51,0.800501628069173,0.6668656847073444
7,0,0.0028704367505283527,7.280536308112417,155,0.9691030851672301,-0.02130198166305834,0.02584340511761722,1.0,2.6861742594560063,0.030537907647457452,14.67542402178735,2218.708976,0.5003667197141498,8.005867515426397,41665627,3710981,2171706272,1.879299478420942,2.0466807267033698,206,0,0,155.0,155,155,127.72244042121747,155,155,0.04447878700085539,0.8889500344679545
7,0,0.17551566152716352,7.154365547476306,142,0.937402000106104,-0.005717230410883126,0.01807231074848787,0.9507042253521126,2.699622423985439,0.0439860721768901,14.874114555591348,2218.704816,0.500365781544441,8.005852504711056,21043563,24412937,2171626380,0.9491554506072412,2.0502842004715673,206,0,0,135.0,135,135,117.14803470326052,142,135,0.06406618154544841,0.8889483677184243
7,0,0.005649704678208206,7.6511038174441826,201,0.9720122934358837,-0.026648037599397146,0.01677218631005166,0.9701492537313433,2.6771377392029496,0.021501387394400773,14.543406642615318,2218.717296,0.5003685960535674,8.005897536857079,38379301,2157733,2176545846,1.7310720021436456,1.8283950665840691,206,0,0,195.0,195,195,157.08270257789914,201,195,0.03131699922532361,0.8889533679670149
7,0,0.1494289636515269,6.97668892331177,126,0.931799109695205,-0.0747885391526263,0.06763278688652759,0.5158730158730159,2.909973757640874,0.2543374058323251,18.356316847638276,1847.31570275,0.41660952763976056,6.665752442236169,125573732,76294,2091432854,5.663916903277879,5.667358091728172,0,206,0,65.0,65,65,58.4454756264054,126,65,0.3704451343217019,0.7401472547307196
7,0,0.15033799372514206,8.206308474579226,295,0.9474168729482618,-0.0248068494698558,0.006390263078634133,0.20677966101694914,2.9388119017839083,0.28317554997535943,18.89338577430019,1664.4155625,0.375361601840523,6.005785629448368,27577166,5285035,2184220679,1.2438491248464287,1.4822269973055766,206,0,0,61.0,61,61,55.36884135078702,295,61,0.4124481977157581,0.666866311741723
7,0,0.06155073953059496,6.97668892331177,126,0.9826566003311612,-0.07012350095584881,0.06763278688652759,0.5158730158730159,2.8834571353854583,0.2278207835769095,17.875966112753712,1850.36890925,0.41729809154676256,6.676769464748201,121477518,101566,2095503796,5.479159985214445,5.483741049860978,0,206,0,65.0,65,65,56.470755199967876,126,65,0.3318233922267103,0.7413705553315519
7,0,0.004525561044919377,7.974394284790262,251,0.996750973243421,-0.020906747198162517,0.012404369836117233,0.49800796812749004,2.702248987478341,0.04661263566979201,14.913233713859077,1941.56415725,0.4378645865620504,7.0058333849928065,29456914,2844686,2184781280,1.328633866858419,1.4569414743755542,206,0,0,125.0,125,125,104.2180535757308,251,125,0.0678917991841452,0.7779089295527025
7,0,0.00359067681811222,7.936248907966116,245,0.9966263255733345,-0.014100725807764303,0.006165305533374091,0.8857142857142857,2.6685235508488745,0.012887199040325648,14.418665043662426,2218.721872,0.5003696280402472,8.005914048643955,17931991,10052538,2189098351,0.808810133430826,1.2622229530724625,206,0,0,217.0,217,217,175.87180648690975,245,217,0.01877034234858579,0.8889552013914982
7,0,0.10561411047637799,7.720152330334154,211,0.9785919559521951,-0.04912539127748876,0.04517828889928026,0.26066350710900477,3.0216093021424504,0.36597295033390154,20.52429491276232,1664.4146235,0.3753613900757738,6.005782241212381,83218270,38748,2133825862,3.753502891150375,3.75525059306759,206,0,0,55.0,55,55,49.00974868495021,211,55,0.5330434911879603,0.6668659355210959
7,0,0.030724603712972424,7.526663919332758,184,0.9997944815253567,-0.0036880781006687693,0.0032859751470129426,0.5300546448087432,2.749351736272785,0.093715384464236,15.632494619504978,1941.55905425,0.4378634357255061,7.005814971608098,6177423,30915079,2179990378,0.2786284200615901,1.6730318173761731,206,0,0,97.0,97,97,80.64740478437199,183,97,0.13649745334255328,0.7779068849799013
7,0,0.003192961556397932,7.953889485838784,248,0.9957338690417944,-0.024014785093855507,0.0064068007308358405,0.7540322580645161,2.681358533075628,0.025722181267079147,14.604921092843824,2218.715632,0.5003682207856839,8.005891532570942,26894102,8070246,2182118532,1.2130399924426822,1.5770428934077556,206,0,0,187.0,187,187,149.73029056577258,248,187,0.03746463035331962,0.8889527012672028
7,0,0.013333559865287545,8.446289627247516,349,0.9946752150732496,-0.020906747198162517,0.04622622223486578,0.2607449856733524,2.7643818335819663,0.10874548177341747,15.869227134642497,1941.55796075,0.4378631891176752,7.005811025882803,59273860,31194,2157777826,2.6735067297078223,2.674913713645202,206,0,0,91.0,91,91,76.64947021562801,349,91,0.15838894979132434,0.7779064468571583
7,0,0.03127510357995743,8.155244422516162,285,0.9977074372587773,-0.028844516405139596,0.038110378812870514,0.256140350877193,2.823088518747424,0.1674521669388751,16.828746389158432,1941.55468025,0.43786244929418244,7.005799188706919,59135995,37915,2157908970,2.6672884236064283,2.6689985536309764,206,0,0,73.0,73,73,62.967074817298425,285,73,0.24389586058382168,0.777905132488929
7,0,0.008661442958608524,8.432443974001446,345,0.9138866935007605,-0.057480902898809944,0.057480902898809944,0.2579710144927536,2.768847630905651,0.11321127909710205,15.940254365274212,1941.55759625,0.4378631069150649,7.005809710641039,101422208,883,2115659789,4.574579007168194,4.574618834276507,206,0,0,89.0,89,89,79.4394763391423,345,89,0.16489343104925014,0.7779063008162439
7,0,0.16844750596580885,7.974394284790262,251,0.997760131867897,-0.010481770019233186,0.012404369836117233,0.5059760956175299,2.7003249581639337,0.04468860635538485,14.88456780089261,1941.56452175,0.4378646687646607,7.005834700234571,20247854,7108011,2189727015,0.913265542874067,1.2338674952918314,206,0,0,127.0,127,127,104.3091709665114,251,127,0.0650894300419344,0.7779090755936169
7,0,0.009199315492585836,8.153387705892893,285,0.9977074372587773,-0.010705919249980192,0.021993097540835276,0.5157894736842106,2.687364763670802,0.03172841186225295,14.692905579808734,2218.707312,0.5003663444462663,8.00586151114026,28911335,2653277,2185518268,1.3040259009171546,1.4237001370016442,206,0,0,147.0,147,147,117.00693789150337,285,147,0.04621276904064711,0.8889493677681425
7,0,0.035989125410808155,7.782322123379092,220,0.9287897215229928,-0.0013561265860487122,0.02571748506872123,0.2636363636363636,2.9824431493448875,0.3268067975363387,19.735975727060456,1664.415093,0.3753614959581484,6.005783935330374,23925895,13258914,2179898071,1.079161055088748,1.6771952611893337,206,0,0,58.0,58,58,52.66758603035657,220,58,0.47599757343757393,0.6668661236314094
7,0,0.01513727734234426,8.049556655208969,265,0.9474168729482618,-0.048742072808292944,0.04446963832004228,0.26037735849056604,2.863008887696744,0.20737253588819504,17.514145832621942,1941.55395125,0.43786228488896184,7.005796558223389,82257829,13355,2134811696,3.710182859740453,3.7107852278395654,206,0,0,69.0,69,69,61.30764008793768,265,69,0.3020403021739513,0.7779048404071003
7,0,0.12557923931543447,7.6408448353578775,200,0.9239430719178727,-0.04912539127748876,0.04912539127748876,0.265,3.1368781100498158,0.4812417582412669,23.031851599312414,1664.4143105,0.37536131948752405,6.005781111800385,86687613,34031,2130361236,3.909985223466251,3.911520168339399,206,0,0,53.0,53,53,48.513283508673304,200,53,0.7009337348137737,0.6668658101142202
7,0,0.029838441045601745,5.911391291662541,60,0.9134552208413147,-0.013333878607017204,0.026356120711898443,1.0,2.968984409140329,0.31334805733178017,19.47213382947441,1664.415406,0.37536156654639813,6.00578506474237,35080988,71104194,2110897698,1.5823038604673183,4.789409676917446,206,0,0,60.0,60,60,55.2152540756505,60,60,0.4563947753097773,0.6668662490382852
7,0,0.002991858462571278,8.271048999627633,309,0.9980799566009686,-0.007446939539571762,0.021993097540835276,0.5339805825242718,2.6831707211314146,0.027534369322865793,14.631411952363866,2218.711056,0.5003671887990042,8.005875020784067,26032115,4469330,2186581435,1.1741606610574702,1.375746719942197,206,0,0,165.0,165,165,128.03975265017667,309,165,0.0401041015138639,0.8889508678427197
7,0,0.06881570618915843,7.5971368548126526,194,0.9458182832435982,-0.05825660660859802,0.04873467174964226,0.34536082474226804,2.8739897462875597,0.2183533944790108,17.707525988288353,1941.55358675,0.4378622026863515,7.005795242981624,94392285,33926,2122656669,4.257499160338111,4.259029369258402,206,0,0,67.0,67,67,60.04379567539351,194,67,0.3180340394000206,0.7779046943661859
7,0,0.004890560812823701,7.978031800232151,252,0.9994261479572307,-0.023513569406470026,0.001698229824039943,0.4820717131474104,2.706941558957158,0.05130520714860909,14.98337958257416,1941.56342825,0.4378644221568298,7.005830754509277,22284570,12074509,2182723801,1.0051302186772557,1.549742651028003,206,0,0,121.0,121,121,100.73175619378414,251,121,0.07472657940884639,0.7779086374708737
7,0,0.006879432859874096,7.7667457269799,218,0.9474168729482618,-0.005057386855938701,0.002194336887904691,0.4954128440366973,2.719279083788657,0.06364273198010828,15.169382448366257,1941.561059,0.4378638878398628,7.005822205437805,6421969,23202579,2187458332,0.2896584993701273,1.3361948832512747,206,0,0,108.0,108,108,93.64670836010279,218,108,0.09269631543114083,0.7779076882049303
7,0,0.008438704039248398,7.974394284790262,251,0.996750973243421,-0.023558395511626803,0.0071065612975109264,0.44621513944223107,2.709398192315784,0.05376184050723509,15.020233502431532,1941.561788,0.4378640522450834,7.005824835921334,27110572,7250672,2182721636,1.2228037230615394,1.5498403018654856,206,0,0,112.0,112,112,95.62798897767426,251,112,0.07830469200120076,0.7779079802867591
7,0,0.019969923119481685,6.97668892331177,126,0.9826566003311612,-0.07042138051417084,0.06763278688652759,0.5158730158730159,2.8836427342909166,0.2280063824823677,17.879284180403584,1850.17297325,0.41725390375347626,6.67606246005562,121739276,101056,2095242548,5.490966399957046,5.495524461403987,0,206,0,65.0,65,65,56.46834720326052,126,65,0.3320937190047846,0.7412920514286798
7,0,0.01564325486272874,8.162015273581547,286,0.9424066289042671,-0.048742072808292944,0.03689110370531178,0.25874125874125875,2.806123741906506,0.15048739009795709,16.54565851292183,1941.5548625,0.4378624903954876,7.005799846327801,75583365,14126,2141485389,3.4091357468783485,3.409772890402726,206,0,0,74.0,74,74,65.61617862592355,286,74,0.2191864828381246,0.7779052055093861
7,0,0.02056702995851698,6.7265058786902525,106,0.9913991383073201,-0.005414557515047974,0.00765546269665847,0.9809523809523809,2.7194562929691077,0.06381994116055889,15.172070840394712,1941.56014775,0.43786368233333706,7.005818917333393,11569455,52734086,2152779339,0.5218323186907654,2.90036703544434,206,0,0,103.0,103,103,88.23066701132348,105,103,0.0929544224855878,0.7779073231026444
7,0,0.16917371780975535,7.937801869299549,245,0.9974225703301599,-0.014100725807764303,0.006165305533374091,0.9020408163265307,2.6678528797352787,0.012216527926729892,14.408998103552122,2218.722704,0.5003698156741889,8.005917050787023,17931991,10074234,2189076655,0.808810133430826,1.2632015362456814,206,0,0,221.0,221,221,178.78657795936397,245,221,0.017793502744719355,0.8889555347414041
7,0,0.171454678293765,8.153387705892893,285,0.9977074372587773,-0.008512693177708645,0.021672794957813477,0.9473684210526315,2.664846221819469,0.009209870010919996,14.365740238733583,2495.8752085,0.5628736821286536,9.005978914058458,26690771,4490861,2185901248,1.2038688873913455,1.4064260872376588,206,0,0,270.0,270,270,207.25574204946997,285,270,0.013414273539968042,0.9999997190365125
7,0,0.005893747990763683,7.825336142185762,227,0.9994261479572307,-0.017739373509452795,0.0032859751470129426,0.8634361233480177,2.673098822716218,0.017462470907668948,14.484785500391899,2218.717504,0.5003686429620529,8.005898287392846,18598083,12676392,2185808405,0.8388537554356109,1.410613706962547,206,0,0,196.0,196,196,161.07678610865725,227,196,0.02543427444268628,0.8889534513044915
7,0,inf,8.777240412043028,439,0.9835205573271166,-0.028515771836868927,0.009848932341767244,0.979498861047836,2.660872339678207,0.005235987869657954,14.308765760061677,2495.9126085,0.5628821166351706,9.00611386616273,33909874,170763,2183002243,1.529481568140565,1.5371837159285628,206,0,0,430.0,430,430,309.2374932239801,439,430,0.007626271972597601,1.0000147037558462
7,0,0.019886513905391135,8.18118378501718,290,0.9397202934253515,-0.011465217317871724,0.015074371380362165,0.25862068965517243,2.800214280136399,0.1445779283278501,16.44817090981317,1941.55504475,0.4378625314967928,7.005800503948684,23479111,1407221,2192196548,1.0590091697429012,1.122480906081418,206,0,0,75.0,75,75,66.85262156681658,290,75,0.21057928897282488,0.7779052785298434
7,0,inf,7.588058204558909,192,0.9390676039910946,-0.04924767767377425,0.04912539127748876,0.2604166666666667,3.3920040419466275,0.7363676901380787,29.725463694883434,1664.413841,0.37536121360514946,6.005779417682391,86795387,42751,2130244742,3.9148462956874215,3.916774550169275,206,0,0,50.0,50,50,45.617673114760684,192,50,1.0725273657277052,0.6668656220039065
7,0,0.027300833646409423,7.952809278643662,248,0.9987021519109515,-0.028844516405139596,0.03844729073351379,0.291497975708502,2.8518558608419906,0.19621950903344176,17.31989534781356,1941.554498,0.4378624081928773,7.005798531086037,59432787,64911,2157585182,2.6806750228480407,2.6836027889043104,206,0,0,72.0,72,72,62.81446253613877,247,72,0.28579580004190386,0.7779050594684718
7,1,0.004571940821559676,7.7667457269799,218,0.9474168729482618,-0.00764251354008437,0.002194336887904691,0.4954128440366973,2.71928336996536,0.06364701815681117,15.169447467159245,1941.561059,0.4378638878398628,7.005822205437805,8707484,20919830,2187455566,0.3927450831247229,1.3363196417808252,206,0,0,108.0,108,108,93.64670836010279,218,108,0.09270255829305582,0.7779076882049303
7,1,inf,8.153387705892893,285,0.9977074372587773,-0.008512693177708645,0.021993097540835276,0.9473684210526315,2.6648603177501564,0.00922396594160757,14.365942738639474,2495.8752085,0.5628736821286536,9.005978914058458,26972937,4488512,2185621431,1.2165957909521181,1.4190470407673708,206,0,0,270.0,270,270,207.25569813082237,285,270,0.01343480441280548,0.9999997190365125
7,1,0.008932761306983568,7.884492070476755,236,0.9994261479572307,-0.023513569406470026,0.003252131048370148,0.5234042553191489,2.713077492986473,0.057441141177924315,15.075599248786455,1941.56379275,0.4378645043594401,7.005832069751041,23660822,11642121,2181779937,1.067205119548801,1.5923149882425685,206,0,0,123.0,123,123,99.6505782203662,235,123,0.08366363252629976,0.777908783511788
7,1,0.026387121939982307,6.7265058786902525,106,0.9966263255733345,-0.014100725807764303,0.007357643907962189,0.9809523809523809,2.721260888901465,0.06562453709291605,15.199475017014592,1941.56014775,0.43786368233333706,7.005818917333393,18985497,45657668,2152439715,0.8563277977231054,2.915685542617153,206,0,0,103.0,103,103,87.87772421097013,105,103,0.09558283563767901,0.7779073231026444
7,1,0.03574853358036242,8.179704469922415,290,0.9399236770698086,-0.011465217317871724,0.0009981958623687254,0.25862068965517243,2.800487689757615,0.14485133794906613,16.45266861282094,1941.55504475,0.4378625314967928,7.005800503948684,11027318,11381228,2194674334,0.49737960179458873,1.0107220709764355,206,0,0,75.0,75,75,66.84274363556055,290,75,0.21097751299152462,0.7779052785298434
7,1,0.03437781719904826,7.781137172102181,220,0.943462413832644,-0.05674917149366571,0.06376796464952693,0.2590909090909091,3.0372483924824722,0.3816120406739234,20.84779927850671,1664.4149365,0.37536146066402354,6.005783370624377,106309688,12867,2110760325,4.795025434502476,4.795605791696881,206,0,0,57.0,57,57,51.61871335929971,220,57,0.55582199245764,0.6668660609279716
7,1,0.005081666071972146,7.292591718987703,157,0.9683708982407313,-0.017527500203078382,0.026071454247533286,0.9808917197452229,2.6944762017008266,0.038839849892277734,14.797765678447345,2218.708768,0.5003666728056644,8.00586676489063,38536228,6380575,2172166077,1.7381500866580144,2.0259415380989276,206,0,0,154.0,154,154,128.06059267587537,157,154,0.056570654101367385,0.888949951130478
7,1,0.14909294614086724,8.747138770306805,430,0.9359781606537837,-0.04977206036296009,0.05379907554448997,0.14651162790697675,2.940804668327745,0.2851683165191963,18.931073420239148,1664.4158755,0.3753616724287727,6.0057867588603635,91372034,299,2125710547,4.121272814122312,4.121286300311876,206,0,0,63.0,63,63,57.17913663467716,430,63,0.41535068336307224,0.6668664371485987
7,1,0.0072640188970329,5.9354020299039325,61,0.9474168729482618,-0.00505541517571205,0.002194336887904691,1.0,2.9498247594791445,0.2941884076705956,19.102605884296395,1664.4155625,0.375361601840523,6.005785629448368,6420185,99944883,2110717812,0.28957803327586923,4.797523311352258,206,0,0,61.0,61,61,55.45879301517829,61,61,0.42848854197745556,0.666866311741723
7,1,0.00521901615113991,7.936447480874116,245,0.9971786719931416,-0.024014785093855507,0.0064068007308358405,0.9224489795918367,2.6706035112717355,0.014967159463186608,14.448686507208413,2218.723744,0.5003700502166162,8.005920803465859,26894102,8206839,2181981939,1.2130399924426822,1.583203826823109,206,0,0,226.0,226,226,180.3627881063283,245,226,0.021799826807267896,0.8889559514287867
7,1,0.17407676227617208,7.974394284790262,251,0.996750973243421,-0.023558395511626803,0.0071065612975109264,0.49800796812749004,2.704494209829982,0.04885785802143294,14.94675485665647,1941.56415725,0.4378645865620504,7.0058333849928065,27110572,7250672,2182721636,1.2228037230615394,1.5498403018654856,206,0,0,125.0,125,125,103.76807315089945,251,125,0.07116198939825802,0.7779089295527025
7,1,0.005236289835430175,7.979432385100146,252,0.9816568763423911,-0.04520189214397206,0.04520189214397206,0.5476190476190477,2.7003135886143403,0.0446772368057915,14.884398571022858,2218.70544,0.5003659222698973,8.005854756318357,79789656,21387,2137271837,3.598857612395618,3.599822258336143,206,0,0,138.0,138,138,107.79354847614842,252,138,0.06507287017213269,0.888948617730854
7,1,0.024353419552946117,8.402384855490368,338,0.944792652639867,-0.059042799975288655,0.057480902898809944,0.257396449704142,2.779942559566973,0.12430620775842405,16.118095091075386,1941.55723175,0.4378630247124546,7.005808395399273,102801455,1275,2114280150,4.636788995456949,4.636846503455929,206,0,0,87.0,87,87,75.8203940632027,338,87,0.18105331254518212,0.7779061547753295
7,1,0.054316361907842406,6.109925950099369,69,0.9964853028084696,-0.05189833355747814,0.05189833355747814,0.9710144927536232,2.8891667793247837,0.23353042751623487,17.97832344822815,1941.55358675,0.4378622026863515,7.005795242981624,91566856,10545972,2114970052,4.13006012657497,4.605728947760401,206,0,0,67.0,67,67,59.759673395840025,69,67,0.34013954929810425,0.7779046943661859
7,1,0.003915233802631611,8.7534618395691,432,0.997058134180223,-0.04977206036296009,0.04977206036296009,0.48842592592592593,2.678336676004519,0.022700324195970012,14.560853724943938,2218.720348,0.5003692843453827,8.005908549526124,87824268,805,2129257807,3.961253266273925,3.9612895752458295,206,0,0,209.6601941747573,209,211,164.83340527626083,432,211,0.03306326341736052,0.8889545907842182
7,1,0.0028614706156193056,7.990164439481688,254,0.9812425437079941,-0.052167464434950774,0.045240761361100695,0.5354330708661418,2.7025918368892548,0.046955485080705905,14.918347583846257,2218.705024,0.5003658284529264,8.005853255246823,85949430,16665,2131116785,3.876689986438396,3.87744164981329,206,0,0,136.0,136,136,108.08972956151622,254,136,0.06839116299444467,0.8889484510559008
7,1,0.017100886798993735,8.147342462684174,284,0.9474168729482618,-0.024746143664518563,0.006390263078634133,0.20774647887323944,3.004586768138682,0.34895041633013335,20.177876231604625,1664.4152495,0.3753615312522733,6.0057845000363725,27523642,5743029,2183816209,1.2414349616014355,1.5004703387543186,206,0,0,59.0,59,59,53.44955629617732,284,59,0.5082499895208132,0.6668661863348473
7,1,0.08827290129829185,7.679353518258709,205,0.9371266504555811,-0.013245595358698275,0.043940008000678196,0.2682926829268293,3.0611071416559485,0.4054707898473997,21.351182865067308,1664.4146235,0.3753613900757738,6.005782241212381,50498545,4051537,2162532798,2.277702175933089,2.4604439686079753,206,0,0,55.0,55,55,49.59029297502409,205,55,0.5905725141647892,0.6668659355210959
7,1,0.004702878346196839,8.200372604933772,294,0.9474168729482618,-0.006754445561656289,0.002090989678474708,0.5034013605442177,2.6960914567091083,0.04045510490055948,14.82168715801465,2218.70752,0.5003663913547517,8.005862261676027,7831345,14133151,2195118384,0.3532274355029975,0.9906935008221254,206,0,0,148.0,148,148,124.36875853276582,294,148,0.058923290185503636,0.888949451105619
7,1,inf,5.831735600968794,57,0.9474168729482618,-0.00505541517571205,0.002623038240494582,0.8947368421052632,3.2857430648617356,0.6301067130531868,26.72883819807178,1664.4139975,0.37536124889927436,6.00577998238839,6799443,107173686,2103109751,0.30668420478714803,5.140679675448127,206,0,0,51.0,51,51,47.50469302120141,57,51,0.9177571234169097,0.6668656847073444
7,1,0.011309587794399304,7.60481144142165,195,0.9394951748030473,-0.04912539127748876,0.013994937915681037,0.5025641025641026,2.7639885526432546,0.10835220083470576,15.862987297183349,1941.5592365,0.43786347682681126,7.00581562922898,55728680,4236536,2157117664,2.513603821612659,2.7046898670743422,206,0,0,98.0,98,98,86.23809177240604,195,98,0.15781613192487462,0.7779069580003586
7,1,0.026302758632269194,8.605844845664361,390,0.9240970575005685,-0.04977206036296009,0.04977206036296009,0.14871794871794872,3.018418305084422,0.36278195327587337,20.45890633094841,1664.415093,0.3753614959581484,6.005783935330374,87824268,998,2129257614,3.961253266273925,3.961298280378224,206,0,0,58.0,58,58,53.02663226790877,390,58,0.5283957700636807,0.6668661236314094
7,1,0.18090081557919488,7.640241430323202,199,0.937016242115744,-0.04912539127748876,0.04284032544495633,0.2663316582914573,3.1468621679323734,0.49122581612382454,23.262954692431336,1664.4143105,0.37536131948752405,6.005781111800385,81160731,44973,2135877176,3.660699008239151,3.662727484504323,206,0,0,53.0,53,53,48.57578601831031,199,53,0.7154756212157213,0.6668658101142202
7,1,0.0029938985507314505,7.7839516115372,220,0.9374920068871815,-0.013668159527218577,0.01564329658433449,1.0,2.67721789257085,0.02158154076230101,14.544572392357226,2218.722496,0.5003697687657035,8.005916300251256,25927846,4022910,2187132124,1.169457679453102,1.3509082709618867,206,0,0,220.0,220,220,177.85038924469964,220,220,0.03143374345742337,0.8889554514039276
7,1,0.04410030931197588,7.830819474308666,228,0.9474168729482618,-0.006404990296342821,0.05302717854191834,0.2631578947368421,2.9971832476654576,0.3415468958569088,20.029040545674327,1664.415406,0.37536156654639813,6.00578506474237,52447493,8495073,2156140314,2.3656081363994836,2.7487725673115118,206,0,0,60.0,60,60,53.594170364198526,228,60,0.49746668327774635,0.6668662490382852
7,1,inf,5.831735600968794,57,0.9474168729482618,-0.010996125414568347,0.002623038240494582,0.8947368421052632,3.2857430648617356,0.6301067130531868,26.72883819807178,1664.4139975,0.37536124889927436,6.00577998238839,12049373,101923756,2103109751,0.5434786903410666,5.140679675448127,206,0,0,51.0,51,51,47.50469302120141,57,51,0.9177571234169097,0.6668656847073444
7,1,0.051035834917345695,8.149212924550854,284,0.944792652639867,-0.03344849763667584,0.057480902898809944,0.2605633802816901,2.8243320858298016,0.1686957340212527,16.849687082085214,1941.5548625,0.4378624903954876,7.005799846327801,80255926,16411,2136810543,3.6198884003831195,3.6206286072625304,206,0,0,74.0,74,74,65.57748755220045,284,74,0.24570712925412147,0.7779052055093861
7,1,0.005327345024089286,7.837101632636312,229,0.9918159446282608,-0.024860166019320666,0.0021004646457115036,0.9781659388646288,2.674621181366906,0.01898482955835723,14.506853332217135,2218.723328,0.5003699563996453,8.005919302394325,23826170,12917147,2180339563,1.0746630274823104,1.6572820678674853,206,0,0,224.0,224,224,174.3705127690331,229,224,0.02765160599482068,0.8889557847538337
7,1,0.0050420399105940905,7.525577975873101,184,0.9466178970532814,-0.05225374995454288,0.06653059055623578,0.5,2.7660916658745314,0.11045531406598252,15.896384061934818,1941.558143,0.4378632302189804,7.005811683503686,104771147,31921,2112279812,4.725630599790659,4.727070374563534,206,0,0,92.0,92,92,80.55508151300995,184,92,0.1608793386950486,0.7779065198776154
7,1,0.0075614976346973515,8.20564532503119,295,0.980986522344106,-0.011426403413458963,0.03703433752699359,0.5389830508474577,2.689782927661741,0.03414657585319203,14.728478428160164,2218.709808,0.5003669073480915,8.005870517569464,42808700,1478860,2172795320,1.9308570007089676,1.9975599649211129,206,0,0,159.0,159,159,124.04442182982653,295,159,0.04973485059016915,0.8889503678178606
7,1,0.01115474235744092,7.457998349059317,176,0.9492544855280363,-0.007446939539571762,0.032849738745181614,0.5113636363636364,2.7702484950823614,0.11461214327381253,15.962600144628759,1941.5577785,0.43786314801637005,7.005810368261921,35606415,11918018,2169558447,1.6060028842945195,2.1435568976113335,206,0,0,90.0,90,90,78.39754155958882,176,90,0.16693380460896984,0.7779063738367011
7,1,0.16819091762971525,7.019581425338301,130,0.9515063147607091,-0.011919246883409522,0.0023528321321472155,1.0,2.703865621517388,0.04822926970883934,14.937362453529055,2218.703776,0.5003655470020137,8.00584875203222,12626809,37534108,2166921963,0.56952354437918,2.2624736969688746,206,0,0,130.0,130,130,109.87839930332477,130,130,0.07024644384124584,0.8889479510310417
7,1,0.1712903227343694,8.185001417685504,291,0.9987280889559659,-0.007446939539571762,0.030463728683442885,0.8487972508591065,2.668143959585841,0.012507607777292318,14.413192883045134,2218.728112,0.5003710352948104,8.005936564716967,33504502,5120265,2178458113,1.511197542601565,1.7421435774200738,206,0,0,247.0,247,247,195.20672507428526,291,247,0.018217463640235552,0.8889577015157933
7,1,0.06641244824584633,6.97668892331177,126,0.9424694074993553,-0.0029310220242063935,0.02305877316760658,0.5158730158730159,2.902340458961714,0.24670410715316526,18.21673102639624,1902.75964775,0.4291133328651205,6.865813325841928,22977658,28747108,2165358114,1.0363914767137619,2.333010031632196,0,206,0,65.0,65,65,58.164467806376486,126,65,0.3593271536799427,0.7623614781155488
7,1,0.03440935056139438,8.19366448246621,293,0.9120203169679102,-0.057480902898809944,0.05994329348059643,0.3378839590443686,2.7520487626471284,0.09641241083857954,15.674712775940193,1941.55941875,0.43786351792811645,7.005816286849863,103590823,2489,2113489568,4.672392896741867,4.672505161376737,206,0,0,99.0,99,99,87.88946680252168,293,99,0.14042570091684653,0.7779070310208157
7,1,0.0054427072529835046,7.609939898238207,195,0.9515914926384099,-0.02576892302253089,0.0064068007308358405,0.9846153846153847,2.682075345813209,0.0264389940046601,14.615393839365165,2218.716672,0.5003684553281111,8.005895285249778,28441242,11024307,2177617331,1.2828226791413408,1.7800664718497128,206,0,0,192.0,192,192,155.75442198040474,195,192,0.038508675722846365,0.8889531179545854
7,1,0.00621108211359417,8.337818499345671,324,0.9994246218482573,-0.018201432265910856,0.0051171823446857535,0.5603715170278638,2.685090788527704,0.029454436719155375,14.659532237197165,2218.714384,0.5003679393347713,8.005887029356341,20627121,6013477,2190442282,0.9303721203241622,1.2016058686989635,206,0,0,181.0,181,181,137.94035471209443,323,181,0.04290070008023496,0.8889522012423438
7,1,0.03813821702670412,5.9354020299039325,61,0.9474168729482618,-0.0033375239920981903,0.002194336887904691,1.0,2.9498247594791445,0.2941884076705956,19.102605884296395,1664.4155625,0.375361601840523,6.005785629448368,4899661,101465407,2110717812,0.22099584297002015,4.797523311352258,206,0,0,61.0,61,61,55.45879301517829,61,61,0.42848854197745556,0.666866311741723
7,1,0.17430367830855817,6.024355902578508,65,0.9394951748030473,-0.0008783627937471797,0.013994937915681037,1.0,2.916236961301385,0.26060060949283637,18.471646989584215,1867.36613675,0.42113133288684274,6.738101326189484,13161474,85754640,2118166766,0.5936392418491816,4.461543359172933,0,206,0,65.0,65,65,59.12135851670414,65,65,0.37956755700942824,0.7481806805599742
7,1,0.0049992678969590495,7.835950307692669,228,0.995492299624879,-0.029274082071156463,0.007674233006460602,0.5043859649122807,2.7155852436611694,0.059948891852620534,15.113452536440189,1941.56233475,0.43786417554899887,7.005826808783982,32656780,8142057,2176284043,1.4729616242402268,1.8402035110207517,206,0,0,115.0,115,115,95.54651863154513,228,115,0.08731619803271065,0.7779081993481306
7,1,0.0522124720377355,8.049556655208969,265,0.9474168729482618,-0.04798261656417886,0.04651948268952484,0.26037735849056604,2.8638614119700705,0.20822506016152165,17.529083433499785,1941.55395125,0.43786228488896184,7.005796558223389,83392565,12579,2133677736,3.761364347371624,3.7619317145239064,206,0,0,69.0,69,69,61.307641342756185,265,69,0.30328201283743583,0.7779048404071003
7,2,inf,8.153387705892893,285,0.9977074372587773,-0.007446939539571762,0.021993097540835276,0.9473684210526315,2.6648625167451607,0.00922616493661188,14.365974329310522,2495.8752085,0.5628736821286536,9.005978914058458,26032115,5380418,2185670347,1.1741606610574702,1.4168407181963356,206,0,0,270.0,270,270,207.25574204946997,285,270,0.01343800727239697,0.9999997190365125
7,2,inf,7.589946894455001,193,0.9372768129066757,-0.04912539127748876,0.04912539127748876,0.26424870466321243,3.309431239110875,0.6537948873023263,27.369554312144114,1664.4139975,0.37536124889927436,6.00577998238839,86687613,40771,2130354496,3.909985223466251,3.9118241714085134,206,0,0,51.0,51,51,46.58512437761002,193,51,0.9522592009341408,0.6668656847073444
7,2,0.19181463222191109,8.747138770306805,430,0.9240970575005685,-0.04977206036296009,0.04977206036296009,0.1511627906976744,2.9250026920916805,0.26936634028313167,18.63427621501145,1875.68473025,0.42300735510843873,6.76811768173502,87824268,388,2129258224,3.961253266273925,3.9612707667473397,0,206,0,65.0,65,65,58.48455192940893,430,65,0.3923349370548927,0.7515136160907449
7,2,0.17394902133346396,7.862826263024848,233,0.9982020347077118,-0.004420688975991795,0.003222936497088963,0.5364806866952789,2.705688644282458,0.05005229247390908,14.96461844192703,1941.56415725,0.4378645865620504,7.0058333849928065,6769691,22293597,2188019592,0.3053422612690059,1.310879636579035,206,0,0,125.0,125,125,100.99060893832316,233,125,0.07290169587099643,0.7779089295527025
7,2,0.1707715861104917,8.030061840685553,261,0.952711316408242,-0.02913624835952279,0.026639946304939377,0.9923371647509579,2.674224849788515,0.01858849797996598,14.501104947346958,2495.87263725,0.5628731022563306,9.00596963610129,49281117,67276,2167734487,2.222790922457531,2.225825360213868,206,0,0,259.0,259,259,202.90153564688404,261,259,0.027074344839259978,0.9999986888370582
7,2,0.16927850235214575,7.019581425338301,130,0.9515063147607091,-0.024014785093855507,0.0064068007308358405,1.0,2.703980086661573,0.048343734853024234,14.939072358736446,2218.703776,0.5003655470020137,8.00584875203222,26894102,23776126,2166412652,1.2130399924426822,2.285445819688978,206,0,0,130.0,130,130,109.87839428405076,130,130,0.07041316354011971,0.8889479510310417
7,2,0.16827709757676285,7.640026026341788,199,0.9094734621179213,-0.05959560900022395,0.04848562836489236,0.2663316582914573,3.184727361741506,0.5290910099329573,24.160700376536834,1664.4143105,0.37536131948752405,6.005781111800385,95355429,25015,2121702436,4.300941108705868,4.302069393093685,206,0,0,53.0,53,53,48.78531059267588,199,53,0.7706266783747651,0.6668658101142202
7,2,0.1679226430406401,8.20564532503119,295,0.9368733162522903,-0.005485693195993733,0.002408652663287373,0.864406779661017,2.6753974825100135,0.01976113070146468,14.518119391403355,2218.729776,0.500371410562694,8.005942569003103,6990515,14537332,2195555033,0.3153023760663381,0.9709987476877725,206,0,0,255.0,255,255,212.86843855404754,295,255,0.028782296859152755,0.8889583682156056
7,2,0.1481032409111084,7.522083582110148,184,0.9458182832435982,-0.03025874384218799,0.04873467174964226,0.3423913043478261,2.94149083862901,0.28585448682046133,18.94406781826634,1664.4158755,0.3753616724287727,6.0057867588603635,69729516,125705,2147227659,3.145101909767126,3.150771747423353,206,0,0,63.0,63,63,56.64510093760038,184,63,0.41635009769848175,0.6668664371485987
7,2,0.0980317911565091,7.73062060049933,212,0.9353451667331814,-0.059110541899965216,0.047816687367020716,0.25943396226415094,3.0703969879970354,0.4147606361884866,21.550456249518568,1664.4146235,0.3753613900757738,6.005782241212381,94340437,22878,2122719565,4.255160591921579,4.256192488392676,206,0,0,55.0,55,55,50.09393696795696,212,55,0.604103274079517,0.6668659355210959
7,2,0.09673454178539885,7.646007469010156,200,0.9820980752109458,-0.05310896802217134,0.0703591361029787,0.26,3.287328931606276,0.6316925797977273,26.771260202622585,1664.414154,0.3753612841933992,6.005780547094387,108891126,24016,2108167738,4.911459421850752,4.912542647029957,206,0,0,52.0,52,52,46.23946454384838,200,52,0.9200669551826113,0.6668657474107823
7,2,0.09009310749332282,5.931083250726314,61,0.9481575515660567,-0.004212396404417141,0.03221415878842501,1.0,2.952147187054536,0.2965108352459871,19.147021859442898,1664.4155625,0.375361601840523,6.005785629448368,32185545,74467043,2110430292,1.451706893339053,4.8104917034044306,206,0,0,61.0,61,61,55.43342560432059,61,61,0.4318711824203856,0.666866311741723
7,2,0.08238430506194169,6.883465073214417,118,0.9424731745618463,-0.09847693486644674,0.10413387444664779,0.5084745762711864,3.0576328730431777,0.4019965212346288,21.277131831670538,1664.415406,0.37536156654639813,6.00578506474237,178299297,33969,2038749614,8.04206728618102,8.043599434586767,206,0,0,60.0,60,60,53.7122550594282,118,60,0.5855122050108298,0.6668662490382852
7,2,0.06284613316508951,8.023906039552566,260,0.9471177969796271,-0.010536232078387914,0.04258689114691073,0.25769230769230766,2.9090592310262062,0.2534228792176574,18.339537181229083,1941.55358675,0.4378622026863515,7.005795242981624,46912294,3271133,2166899453,2.1159467886017866,2.2634889950528145,206,0,0,67.0,67,67,59.966688333199485,260,67,0.3691131165891836,0.7779046943661859
7,2,0.04948552990250513,8.049556655208969,265,0.9473105945909945,-0.052461354994051385,0.04965502159685285,0.26037735849056604,2.87207042244975,0.21643407064120135,17.673572106221304,1941.55395125,0.43786228488896184,7.005796558223389,90088992,9582,2126984306,4.063402086258498,4.063834275784945,206,0,0,69.0,69,69,61.25685883793768,265,69,0.3152385238344773,0.7779048404071003
7,2,0.04449741428160321,8.198342481946371,294,0.912603947503158,-0.057480902898809944,0.05590773525052847,0.3401360544217687,2.757279614558963,0.10164326275041402,15.756919695899791,1941.559601,0.4378635590294216,7.005816944470745,100034452,2942,2117045486,4.5119852262807605,4.512117923169385,206,0,0,100.0,100,100,88.28277711411822,294,100,0.14804449231229677,0.7779071040412728
7,2,0.0405589381997603,7.81223862831391,225,0.943311205670274,-0.07344491728965163,0.06882108078947445,0.3333333333333333,2.8312559905841868,0.1756196387756379,16.966757535215734,1941.55504475,0.4378625314967928,7.005800503948684,125441364,5690,2091635826,5.657946535584633,5.6582031791251755,206,0,0,75.0,75,75,67.25301407404433,225,75,0.25579187010604265,0.7779052785298434
7,2,0.028692899501748692,7.044134605649077,132,0.9821413983809532,-0.02353233278377611,0.06763278688652759,0.5151515151515151,2.895048651161809,0.23941229935326014,18.084381246014026,1941.553769,0.4378622437876567,7.005795900602507,80436543,5200497,2131445840,3.6280350060706796,3.8625998501237806,206,0,0,68.0,68,68,58.94397862793126,132,68,0.3487065581326849,0.7779047673866432
7,2,0.027332551939161388,7.667152209384268,203,0.9721633019852675,-0.027928063572039842,0.02968443634342143,0.5073891625615764,2.7235577056392786,0.06792135383072972,15.234425547756915,1941.56014775,0.43786368233333706,7.005818917333393,50904705,170535,2166007640,2.296021743670674,2.3037136076753253,206,0,0,103.0,103,103,87.97098985102795,203,103,0.09892817362352231,0.7779073231026444
7,2,0.025431771320488256,7.459808313292356,176,0.9380522763278643,-0.029274082071156463,0.007674233006460602,0.5113636363636364,2.7809191518838543,0.12528280007530546,16.133843587582785,1941.5577785,0.43786314801637005,7.005810368261921,32656780,11542013,2172884087,1.4729616242402268,1.9935561903757066,206,0,0,90.0,90,90,79.02011599542242,176,90,0.18247572963251835,0.7779063738367011
7,2,0.023057349848428974,6.269315195076749,77,0.9290585152846244,-0.01648979617361255,0.02102308204687168,1.0,2.801592886011136,0.14595653420258703,16.47086209236308,1941.55540925,0.43786261369940305,7.005801819190449,33168432,49253036,2134661412,1.4960393361568873,3.717563684403174,206,0,0,77.0,77,77,69.61098995141343,77,77,0.21258724307919133,0.7779054245707577
8,0,0.000986025100435319,8.4244472273238,344,0.9761056694680993,-0.0462422829622096,0.01575446235546893,0.5377906976744186,2.6818048153846044,0.026168463576055512,14.611440465383668,2218.715164,0.5003681152415916,8.005889843865466,54750876,67077,2162264927,2.4695006440174216,2.4725261060154864,206,0,0,184.74757281553397,184,185,143.45849060391905,344,185,0.03811464527878104,0.8889525137578808
8,0,0.09481574741463546,7.60481144142165,195,0.9375903364249083,-0.04912539127748876,0.047816687367020716,0.26153846153846155,3.205238677725072,0.5496023259165232,24.661385437442195,1664.4139975,0.37536124889927436,6.00577998238839,85536279,40914,2131505687,3.8580550944491527,3.8599004923081632,206,0,0,51.0,51,51,46.920079354722134,195,51,0.800501628069173,0.6668656847073444
8,0,0.002277893023219068,7.280536308112417,155,0.9691030851672301,-0.02130198166305834,0.02584340511761722,1.0,2.6861742594560063,0.030537907647457452,14.67542402178735,2218.708976,0.5003667197141498,8.005867515426397,41665627,3710981,2171706272,1.879299478420942,2.0466807267033698,206,0,0,155.0,155,155,127.72244042121747,155,155,0.04447878700085539,0.8889500344679545
8,0,0.004482754292205724,7.6511038174441826,201,0.9720122934358837,-0.026648037599397146,0.01677218631005166,0.9701492537313433,2.6771377392029496,0.021501387394400773,14.543406642615318,2218.717296,0.5003685960535674,8.005897536857079,38379301,2157733,2176545846,1.7310720021436456,1.8283950665840691,206,0,0,195.0,195,195,157.08270257789914,201,195,0.03131699922532361,0.8889533679670149
8,0,0.1322370539148502,6.97668892331177,126,0.931799109695205,-0.0747885391526263,0.06763278688652759,0.5158730158730159,2.909973757640874,0.2543374058323251,18.356316847638276,1847.31570275,0.41660952763976056,6.665752442236169,125573732,76294,2091432854,5.663916903277879,5.667358091728172,0,206,0,65.0,65,65,58.4454756264054,126,65,0.3704451343217019,0.7401472547307196
8,0,0.0015364572505196649,6.97668892331177,126,0.9826566003311612,-0.07012350095584881,0.06763278688652759,0.5158730158730159,2.8834571353854583,0.2278207835769095,17.875966112753712,1850.36890925,0.41729809154676256,6.676769464748201,121477518,101566,2095503796,5.479159985214445,5.483741049860978,0,206,0,65.0,65,65,56.470755199967876,126,65,0.3318233922267103,0.7413705553315519
8,0,0.0017929963472369053,7.974394284790262,251,0.996750973243421,-0.020906747198162517,0.012404369836117233,0.49800796812749004,2.702248987478341,0.04661263566979201,14.913233713859077,1941.56415725,0.4378645865620504,7.0058333849928065,29456914,2844686,2184781280,1.328633866858419,1.4569414743755542,206,0,0,125.0,125,125,104.2180535757308,251,125,0.0678917991841452,0.7779089295527025
8,0,0.0028495182394304647,7.936248907966116,245,0.9966263255733345,-0.014100725807764303,0.006165305533374091,0.8857142857142857,2.6685235508488745,0.012887199040325648,14.418665043662426,2218.721872,0.5003696280402472,8.005914048643955,17931991,10052538,2189098351,0.808810133430826,1.2622229530724625,206,0,0,217.0,217,217,175.87180648690975,245,217,0.01877034234858579,0.8889552013914982
8,0,0.06994776144689636,7.720152330334154,211,0.9785919559521951,-0.04912539127748876,0.04517828889928026,0.26066350710900477,3.0216093021424504,0.36597295033390154,20.52429491276232,1664.4146235,0.3753613900757738,6.005782241212381,83218270,38748,2133825862,3.753502891150375,3.75525059306759,206,0,0,55.0,55,55,49.00974868495021,211,55,0.5330434911879603,0.6668659355210959
8,0,0.024377422677460278,7.526663919332758,184,0.9997944815253567,-0.0036880781006687693,0.0032859751470129426,0.5300546448087432,2.749351736272785,0.093715384464236,15.632494619504978,1941.55905425,0.4378634357255061,7.005814971608098,6177423,30915079,2179990378,0.2786284200615901,1.6730318173761731,206,0,0,97.0,97,97,80.64740478437199,183,97,0.13649745334255328,0.7779068849799013
8,0,0.0025335865764406318,7.953889485838784,248,0.9957338690417944,-0.024014785093855507,0.0064068007308358405,0.7540322580645161,2.681358533075628,0.025722181267079147,14.604921092843824,2218.715632,0.5003682207856839,8.005891532570942,26894102,8070246,2182118532,1.2130399924426822,1.5770428934077556,206,0,0,187.0,187,187,149.73029056577258,248,187,0.03746463035331962,0.8889527012672028
8,0,0.010565661204861439,8.446289627247516,349,0.9946752150732496,-0.020906747198162517,0.04622622223486578,0.2607449856733524,2.7643818335819663,0.10874548177341747,15.869227134642497,1941.55796075,0.4378631891176752,7.005811025882803,59273860,31194,2157777826,2.6735067297078223,2.674913713645202,206,0,0,91.0,91,91,76.64947021562801,349,91,0.15838894979132434,0.7779064468571583
8,0,0.014256635552430525,8.155244422516162,285,0.9977074372587773,-0.028844516405139596,0.038110378812870514,0.256140350877193,2.823088518747424,0.1674521669388751,16.828746389158432,1941.55468025,0.43786244929418244,7.005799188706919,59135995,37915,2157908970,2.6672884236064283,2.6689985536309764,206,0,0,73.0,73,73,62.967074817298425,285,73,0.24389586058382168,0.777905132488929
8,0,0.14316454622202746,7.974394284790262,251,0.997760131867897,-0.010481770019233186,0.012404369836117233,0.5059760956175299,2.7003249581639337,0.04468860635538485,14.88456780089261,1941.56452175,0.4378646687646607,7.005834700234571,20247854,7108011,2189727015,0.913265542874067,1.2338674952918314,206,0,0,127.0,127,127,104.3091709665114,251,127,0.0650894300419344,0.7779090755936169
8,0,0.03221117027867115,8.153387705892893,285,0.9977074372587773,-0.010705919249980192,0.021993097540835276,0.5157894736842106,2.687364763670802,0.03172841186225295,14.692905579808734,2218.707312,0.5003663444462663,8.00586151114026,28911335,2653277,2185518268,1.3040259009171546,1.4237001370016442,206,0,0,147.0,147,147,117.00693789150337,285,147,0.04621276904064711,0.8889493677681425
8,0,0.09963566970405204,7.6408448353578775,200,0.9239430719178727,-0.04912539127748876,0.04912539127748876,0.265,3.1368781100498158,0.4812417582412669,23.031851599312414,1664.4143105,0.37536131948752405,6.005781111800385,86687613,34031,2130361236,3.909985223466251,3.911520168339399,206,0,0,53.0,53,53,48.513283508673304,200,53,0.7009337348137737,0.6668658101142202
8,0,0.018014096913211996,5.911391291662541,60,0.9134552208413147,-0.013333878607017204,0.026356120711898443,1.0,2.968984409140329,0.31334805733178017,19.47213382947441,1664.415406,0.37536156654639813,6.00578506474237,35080988,71104194,2110897698,1.5823038604673183,4.789409676917446,206,0,0,60.0,60,60,55.2152540756505,60,60,0.4563947753097773,0.6668662490382852
8,0,0.002374533613548154,8.271048999627633,309,0.9980799566009686,-0.007446939539571762,0.021993097540835276,0.5339805825242718,2.6831707211314146,0.027534369322865793,14.631411952363866,2218.711056,0.5003671887990042,8.005875020784067,26032115,4469330,2186581435,1.1741606610574702,1.375746719942197,206,0,0,165.0,165,165,128.03975265017667,309,165,0.0401041015138639,0.8889508678427197
8,0,0.005458401863807972,7.7667457269799,218,0.9474168729482618,-0.005057386855938701,0.002194336887904691,0.4954128440366973,2.719279083788657,0.06364273198010828,15.169382448366257,1941.561059,0.4378638878398628,7.005822205437805,6421969,23202579,2187458332,0.2896584993701273,1.3361948832512747,206,0,0,108.0,108,108,93.64670836010279,218,108,0.09269631543114083,0.7779076882049303
8,0,0.00849338740079753,7.974394284790262,251,0.996750973243421,-0.023558395511626803,0.0071065612975109264,0.44621513944223107,2.709398192315784,0.05376184050723509,15.020233502431532,1941.561788,0.4378640522450834,7.005824835921334,27110572,7250672,2182721636,1.2228037230615394,1.5498403018654856,206,0,0,112.0,112,112,95.62798897767426,251,112,0.07830469200120076,0.7779079802867591
8,0,0.016223594970123274,6.97668892331177,126,0.9826566003311612,-0.07042138051417084,0.06763278688652759,0.5158730158730159,2.8836427342909166,0.2280063824823677,17.879284180403584,1850.17297325,0.41725390375347626,6.67606246005562,121739276,101056,2095242548,5.490966399957046,5.495524461403987,0,206,0,65.0,65,65,56.46834720326052,126,65,0.3320937190047846,0.7412920514286798
8,0,0.012411531181070612,8.162015273581547,286,0.9424066289042671,-0.048742072808292944,0.03689110370531178,0.25874125874125875,2.806123741906506,0.15048739009795709,16.54565851292183,1941.5548625,0.4378624903954876,7.005799846327801,75583365,14126,2141485389,3.4091357468783485,3.409772890402726,206,0,0,74.0,74,74,65.61617862592355,286,74,0.2191864828381246,0.7779052055093861
8,0,0.01631829823634557,6.7265058786902525,106,0.9913991383073201,-0.005414557515047974,0.00765546269665847,0.9809523809523809,2.7194562929691077,0.06381994116055889,15.172070840394712,1941.56014775,0.43786368233333706,7.005818917333393,11569455,52734086,2152779339,0.5218323186907654,2.90036703544434,206,0,0,103.0,103,103,88.23066701132348,105,103,0.0929544224855878,0.7779073231026444
8,0,0.16716746921079081,7.937801869299549,245,0.9974225703301599,-0.014100725807764303,0.006165305533374091,0.9020408163265307,2.6678528797352787,0.012216527926729892,14.408998103552122,2218.722704,0.5003698156741889,8.005917050787023,17931991,10074234,2189076655,0.808810133430826,1.2632015362456814,206,0,0,221.0,221,221,178.78657795936397,245,221,0.017793502744719355,0.8889555347414041
8,0,0.003081263229229178,8.153387705892893,285,0.9977074372587773,-0.008512693177708645,0.021672794957813477,0.9473684210526315,2.664846221819469,0.009209870010919996,14.365740238733583,2495.8752085,0.5628736821286536,9.005978914058458,26690771,4490861,2185901248,1.2038688873913455,1.4064260872376588,206,0,0,270.0,270,270,207.25574204946997,285,270,0.013414273539968042,0.9999997190365125
8,0,0.004676716159146711,7.825336142185762,227,0.9994261479572307,-0.017739373509452795,0.0032859751470129426,0.8634361233480177,2.673098822716218,0.017462470907668948,14.484785500391899,2218.717504,0.5003686429620529,8.005898287392846,18598083,12676392,2185808405,0.8388537554356109,1.410613706962547,206,0,0,196.0,196,196,161.07678610865725,227,196,0.02543427444268628,0.8889534513044915
8,0,inf,8.777240412043028,439,0.9835205573271166,-0.028515771836868927,0.009848932341767244,0.979498861047836,2.660872339678207,0.005235987869657954,14.308765760061677,2495.9126085,0.5628821166351706,9.00611386616273,33909874,170763,2183002243,1.529481568140565,1.5371837159285628,206,0,0,430.0,430,430,309.2374932239801,439,430,0.007626271972597601,1.0000147037558462
8,0,0.017542536782049787,8.18118378501718,290,0.9397202934253515,-0.011465217317871724,0.015074371380362165,0.25862068965517243,2.800214280136399,0.1445779283278501,16.44817090981317,1941.55504475,0.4378625314967928,7.005800503948684,23479111,1407221,2192196548,1.0590091697429012,1.122480906081418,206,0,0,75.0,75,75,66.85262156681658,290,75,0.21057928897282488,0.7779052785298434
8,0,0.026088695594888675,7.782322123379092,220,0.946226972336868,-0.0005491885960029978,0.024423942209057067,0.2545454545454545,3.0079638318544957,0.35232748004594683,20.246133394812933,1664.41478,0.3753614253698987,6.005782805918379,22070242,14267790,2180744848,0.9954631014966838,1.6390019664037097,206,0,0,56.0,56,56,51.289267035415996,220,56,0.5131687187094022,0.6668659982245337
8,0,inf,7.557232597200803,188,0.9344631302756294,-0.05197464177374965,0.042836715109903056,0.26063829787234044,3.582380018061874,0.926743666253325,35.95902220545995,1664.4136845,0.3753611783110246,6.005778852976394,83664349,52868,2133365663,3.77362297795561,3.7760075527713246,206,0,0,49.0,49,49,45.09731744900417,188,49,1.3498119979777141,0.6668655593004688
8,0,0.002465467024302669,8.147342462684174,284,0.9508384204365997,-0.024468317796470487,0.006390263078634133,0.20774647887323944,2.971195465072982,0.3155591132644333,19.5152354389747,1664.4152495,0.3753615312522733,6.0057845000363725,27279142,5785132,2184018606,1.2304069570912928,1.4913413611312536,206,0,0,59.0,59,59,53.32739971490523,284,59,0.4596152017715635,0.6668661863348473
8,0,0.1682897460363642,8.176843346351252,289,0.9977074372587773,-0.01906066298617836,0.006283653553560871,0.8996539792387543,2.667583597888583,0.01194724608003428,14.405118544304646,2495.872871,0.5628731549719963,9.00597047955194,22417670,6226342,2188438868,1.0111336027275624,1.2919684806731266,206,0,0,260.0,260,260,205.8443698803405,289,260,0.017401290873472558,0.999998782491554
8,0,0.0019102055701958713,8.594204901494745,386,0.9990246491530526,-0.007446939539571762,0.021993097540835276,0.9714285714285714,2.661934314498566,0.006297962690017034,14.323969380511452,2495.8995185,0.5628791645578897,9.006066632926235,26032115,2345250,2188705515,1.1741606610574702,1.279941550944636,206,0,0,374.0,374,374,273.02123654834566,385,374,0.009173049583569777,1.0000094591040796
8,0,0.005108029749084434,6.403643994474433,85,0.9835205573271166,-0.026066373502059533,0.020958087738966482,1.0,2.7688219883876366,0.11318563657908776,15.939845622255122,1941.55686725,0.4378629425098443,7.005807080157509,41559679,37624394,2137898807,1.8745207666751726,3.5715432072616067,206,0,0,85.0,85,85,73.41172853758432,85,85,0.16485608244927105,0.7779060087344152
8,0,0.012975047293001526,8.11109695681499,276,0.9802311658218252,-0.052461354994051385,0.05399670495529491,0.25,2.8427345059706517,0.18709815416210285,17.162632750332403,1941.55395125,0.43786228488896184,7.005796558223389,93915161,8018,2123159701,4.235978810138121,4.236340456519153,206,0,0,69.0,69,69,60.87234982332156,276,69,0.27251044974334543,0.7779048404071003
8,0,0.12518650795536737,8.747138770306805,430,0.9481688787855518,-0.049653918755160606,0.049815577608965045,0.14651162790697675,2.9214925761332324,0.2658562243246836,18.568982406155172,1664.4158755,0.3753616724287727,6.0057867588603635,87758301,535,2129324044,3.9582778700632066,3.9583020008706216,206,0,0,63.0,63,63,56.84022897928044,430,63,0.38722241586102124,0.6668664371485987
8,0,0.06824291308605998,7.975795243044214,252,0.996750973243421,-0.023558395511626803,0.007362476738220224,0.2589641434262948,2.8815600158065253,0.22592366399797648,17.842085415477502,1915.7771075,0.43204905075537814,6.91278481208605,27336638,7031515,2182714727,1.233000274667224,1.5501519275634839,0,206,0,65.0,65,65,56.583570912303244,251,65,0.32906021740017505,0.7675770658373373
8,0,0.03656652428075459,7.589194968611183,193,0.9240048549305846,-0.04912539127748876,0.04912539127748876,0.3471502590673575,2.856310737732858,0.2006743859243092,17.39722546954629,1941.55358675,0.4378622026863515,7.005795242981624,86687613,38647,2130356620,3.909985223466251,3.9117283698478604,206,0,0,67.0,67,67,60.6939133773691,193,67,0.29228437557338505,0.7779046943661859
8,0,0.0005840872638952568,8.712553010987593,420,0.9987280889559659,-0.007446939539571762,0.031311795781376967,0.9570405727923628,2.661359618335569,0.005723266527020154,14.31573981524588,2495.905828625,0.5628805876271527,9.006089402034442,34251539,1633706,2181197635,1.5448921332160572,1.6185793198673746,206,0,0,400.99514563106794,400,401,290.24155130701894,419,401,0.008335998515132372,1.0000119873247235
8,0,0.025768832123681615,5.931083250726314,61,0.9446701463064288,-0.03613394859412042,0.03221415878842501,1.0,2.9379955547055094,0.2823592028969606,18.87796850779871,1664.4155625,0.375361601840523,6.005785629448368,60368766,46327186,2110386928,2.7228917125551932,4.812447606830107,206,0,0,61.0,61,61,55.55638903389014,61,61,0.41125917952112434,0.666866311741723
8,0,0.017034210494725605,7.337933469339298,162,0.937722592431386,-0.007446939539571762,0.043488849215542975,0.5123456790123457,2.773794395025614,0.11815804321706525,16.019302398423328,1941.55650275,0.437862860307234,7.005805764915744,44976829,13262105,2158843946,2.0286489695865586,2.626827103549688,206,0,0,83.0,83,83,73.31431572237392,162,83,0.17209844555696924,0.7779058626935008
8,0,0.019950396489812495,7.782322123379092,220,0.9290950807193046,-0.02829916542604846,0.00842892494095252,0.2636363636363636,2.9735279558458503,0.31789160403730143,19.560807673313143,1664.415093,0.3753614959581484,6.005783935330374,32462832,7027521,2177592527,1.4642137329570648,1.7811852392275025,206,0,0,58.0,58,58,52.65849863475747,220,58,0.4630124993685552,0.6668661236314094
8,0,0.20463295969502054,7.586146086791495,192,0.9372768129066757,-0.04912539127748876,0.04912539127748876,0.2604166666666667,3.3116244682755536,0.6559881164670047,27.429647892293275,1664.413841,0.37536121360514946,6.005779417682391,86687613,42576,2130352691,3.909985223466251,3.9119055846933426,206,0,0,50.0,50,50,45.64353994338259,192,50,0.9554536625189352,0.6668656220039065
8,0,0.010660136425047562,8.153387705892893,285,0.9977074372587773,-0.008512693177708645,0.021993097540835276,0.25263157894736843,2.832398536208786,0.17676218440023694,16.986153908311817,1941.554498,0.4378624081928773,7.005798531086037,26972937,4488512,2185621431,1.2165957909521181,1.4190470407673708,206,0,0,72.0,72,72,62.83549580388693,285,72,0.2574559999495793,0.7779050594684718
8,0,0.17368458484494037,7.052110849131344,133,0.9832094759520739,-0.024014785093855507,0.0064068007308358405,0.9699248120300752,2.696304818858271,0.04066846704972216,14.824849882431742,2174.28292075,0.49034768622407116,7.8455629795851385,26894102,23872352,2166316426,1.2130399924426822,2.289786027304491,0,206,0,129.0,129,129,109.73319421578863,133,129,0.05923405442306074,0.8711502491996036
8,0,0.003880505135040726,7.048955786475543,132,0.9452871179347714,-0.014100725807764303,0.0027751848784569873,0.9166666666666666,2.7036282660964646,0.047991914287915716,14.933817410310665,1941.56342825,0.4378644221568298,7.005830754509277,14930145,34190179,2167962556,0.6734139320944105,2.215538464669395,206,0,0,121.0,121,121,106.1520187520077,132,121,0.06990073314840342,0.7779086374708737
8,0,0.04036085539263139,6.982080608473328,126,0.9826573122725237,-0.06567015347696015,0.06878616223337142,0.5158730158730159,2.883432385510331,0.22779603370178236,17.875523690299616,1852.5382955,0.41778733492813763,6.684597358850202,118578198,108371,2098396311,5.34838814866497,5.3532761481609565,0,206,0,65.0,65,65,56.494900417603596,126,65,0.3317873437705821,0.7422397436760226
8,1,0.024256746925095114,8.402384855490368,338,0.9155212992441091,-0.057480902898809944,0.057480902898809944,0.257396449704142,2.7770465036456504,0.12141015183710158,16.071483713502456,1941.55723175,0.4378630247124546,7.005808395399273,101422208,1111,2115659561,4.574579007168194,4.574629118059853,206,0,0,87.0,87,87,77.1951857633312,338,87,0.17683517632071838,0.7779061547753295
8,1,0.1764188751495212,7.154365547476306,142,0.937402000106104,-0.005717230410883126,0.01807231074848787,0.9507042253521126,2.699622423985439,0.0439860721768901,14.874114555591348,2218.704816,0.500365781544441,8.005852504711056,21043563,24412937,2171626380,0.9491554506072412,2.0502842004715673,206,0,0,135.0,135,135,117.14803470326052,142,135,0.06406618154544841,0.8889483677184243
8,1,0.03315606893423138,8.206308474579226,295,0.9474168729482618,-0.0248068494698558,0.006390263078634133,0.20677966101694914,2.9388119017839083,0.28317554997535943,18.89338577430019,1664.4155625,0.375361601840523,6.005785629448368,27577166,5285035,2184220679,1.2438491248464287,1.4822269973055766,206,0,0,61.0,61,61,55.36884135078702,295,61,0.4124481977157581,0.666866311741723
8,1,0.00839850704041459,8.432443974001446,345,0.9138866935007605,-0.057480902898809944,0.057480902898809944,0.2579710144927536,2.768847630905651,0.11321127909710205,15.940254365274212,1941.55759625,0.4378631069150649,7.005809710641039,101422208,883,2115659789,4.574579007168194,4.574618834276507,206,0,0,89.0,89,89,79.4394763391423,345,89,0.16489343104925014,0.7779063008162439
8,1,0.02768915187993166,7.782322123379092,220,0.9287897215229928,-0.0013561265860487122,0.02571748506872123,0.2636363636363636,2.9824431493448875,0.3268067975363387,19.735975727060456,1664.415093,0.3753614959581484,6.005783935330374,23925895,13258914,2179898071,1.079161055088748,1.6771952611893337,206,0,0,58.0,58,58,52.66758603035657,220,58,0.47599757343757393,0.6668661236314094
8,1,0.007854155074750077,7.978031800232151,252,0.9994261479572307,-0.023513569406470026,0.001698229824039943,0.4820717131474104,2.706941558957158,0.05130520714860909,14.98337958257416,1941.56342825,0.4378644221568298,7.005830754509277,22284570,12074509,2182723801,1.0051302186772557,1.549742651028003,206,0,0,121.0,121,121,100.73175619378414,251,121,0.07472657940884639,0.7779086374708737
8,1,0.015116439566601804,7.952809278643662,248,0.9987021519109515,-0.028844516405139596,0.03844729073351379,0.291497975708502,2.8518558608419906,0.19621950903344176,17.31989534781356,1941.554498,0.4378624081928773,7.005798531086037,59432787,64911,2157585182,2.6806750228480407,2.6836027889043104,206,0,0,72.0,72,72,62.81446253613877,247,72,0.28579580004190386,0.7779050594684718
8,1,0.00435225460870738,7.7667457269799,218,0.9474168729482618,-0.00764251354008437,0.002194336887904691,0.4954128440366973,2.71928336996536,0.06364701815681117,15.169447467159245,1941.561059,0.4378638878398628,7.005822205437805,8707484,20919830,2187455566,0.3927450831247229,1.3363196417808252,206,0,0,108.0,108,108,93.64670836010279,218,108,0.09270255829305582,0.7779076882049303
8,1,0.17181759147896467,8.153387705892893,285,0.9977074372587773,-0.008512693177708645,0.021993097540835276,0.9473684210526315,2.6648603177501564,0.00922396594160757,14.365942738639474,2495.8752085,0.5628736821286536,9.005978914058458,26972937,4488512,2185621431,1.2165957909521181,1.4190470407673708,206,0,0,270.0,270,270,207.25569813082237,285,270,0.01343480441280548,0.9999997190365125
8,1,0.02511887787329174,6.7265058786902525,106,0.9966263255733345,-0.014100725807764303,0.007357643907962189,0.9809523809523809,2.721260888901465,0.06562453709291605,15.199475017014592,1941.56014775,0.43786368233333706,7.005818917333393,18985497,45657668,2152439715,0.8563277977231054,2.915685542617153,206,0,0,103.0,103,103,87.87772421097013,105,103,0.09558283563767901,0.7779073231026444
8,1,0.03625046759601581,8.179704469922415,290,0.9399236770698086,-0.011465217317871724,0.0009981958623687254,0.25862068965517243,2.800487689757615,0.14485133794906613,16.45266861282094,1941.55504475,0.4378625314967928,7.005800503948684,11027318,11381228,2194674334,0.49737960179458873,1.0107220709764355,206,0,0,75.0,75,75,66.84274363556055,290,75,0.21097751299152462,0.7779052785298434
8,1,0.002906708687868242,7.936447480874116,245,0.9971786719931416,-0.024014785093855507,0.0064068007308358405,0.9224489795918367,2.6706035112717355,0.014967159463186608,14.448686507208413,2218.723744,0.5003700502166162,8.005920803465859,26894102,8206839,2181981939,1.2130399924426822,1.583203826823109,206,0,0,226.0,226,226,180.3627881063283,245,226,0.021799826807267896,0.8889559514287867
8,1,0.004529941395715302,7.974394284790262,251,0.996750973243421,-0.023558395511626803,0.0071065612975109264,0.49800796812749004,2.704494209829982,0.04885785802143294,14.94675485665647,1941.56415725,0.4378645865620504,7.0058333849928065,27110572,7250672,2182721636,1.2228037230615394,1.5498403018654856,206,0,0,125.0,125,125,103.76807315089945,251,125,0.07116198939825802,0.7779089295527025
8,1,0.00372721710175172,8.7534618395691,432,0.997058134180223,-0.04977206036296009,0.04977206036296009,0.48842592592592593,2.678336676004519,0.022700324195970012,14.560853724943938,2218.720348,0.5003692843453827,8.005908549526124,87824268,805,2129257807,3.961253266273925,3.9612895752458295,206,0,0,209.6601941747573,209,211,164.83340527626083,432,211,0.03306326341736052,0.8889545907842182
8,1,0.10334407320307673,7.679353518258709,205,0.9371266504555811,-0.013245595358698275,0.043940008000678196,0.2682926829268293,3.0611071416559485,0.4054707898473997,21.351182865067308,1664.4146235,0.3753613900757738,6.005782241212381,50498545,4051537,2162532798,2.277702175933089,2.4604439686079753,206,0,0,55.0,55,55,49.59029297502409,205,55,0.5905725141647892,0.6668659355210959
8,1,0.10646594181914647,5.831735600968794,57,0.9474168729482618,-0.00505541517571205,0.002623038240494582,0.8947368421052632,3.2857430648617356,0.6301067130531868,26.72883819807178,1664.4139975,0.37536124889927436,6.00577998238839,6799443,107173686,2103109751,0.30668420478714803,5.140679675448127,206,0,0,51.0,51,51,47.50469302120141,57,51,0.9177571234169097,0.6668656847073444
8,1,0.010766031690526786,7.60481144142165,195,0.9394951748030473,-0.04912539127748876,0.013994937915681037,0.5025641025641026,2.7639885526432546,0.10835220083470576,15.862987297183349,1941.5592365,0.43786347682681126,7.00581562922898,55728680,4236536,2157117664,2.513603821612659,2.7046898670743422,206,0,0,98.0,98,98,86.23809177240604,195,98,0.15781613192487462,0.7779069580003586
8,1,0.17220587422932387,7.640241430323202,199,0.937016242115744,-0.04912539127748876,0.04284032544495633,0.2663316582914573,3.1468621679323734,0.49122581612382454,23.262954692431336,1664.4143105,0.37536131948752405,6.005781111800385,81160731,44973,2135877176,3.660699008239151,3.662727484504323,206,0,0,53.0,53,53,48.57578601831031,199,53,0.7154756212157213,0.6668658101142202
8,1,0.0049116782126296015,7.7839516115372,220,0.9374920068871815,-0.013668159527218577,0.01564329658433449,1.0,2.67721789257085,0.02158154076230101,14.544572392357226,2218.722496,0.5003697687657035,8.005916300251256,25927846,4022910,2187132124,1.169457679453102,1.3509082709618867,206,0,0,220.0,220,220,177.85038924469964,220,220,0.03143374345742337,0.8889554514039276
8,1,0.0,5.831735600968794,57,0.9474168729482618,-0.010996125414568347,0.002623038240494582,0.8947368421052632,3.2857430648617356,0.6301067130531868,26.72883819807178,1664.4139975,0.37536124889927436,6.00577998238839,12049373,101923756,2103109751,0.5434786903410666,5.140679675448127,206,0,0,51.0,51,51,47.50469302120141,57,51,0.9177571234169097,0.6668656847073444
8,1,0.028304541438444585,8.149212924550854,284,0.944792652639867,-0.03344849763667584,0.057480902898809944,0.2605633802816901,2.8243320858298016,0.1686957340212527,16.849687082085214,1941.5548625,0.4378624903954876,7.005799846327801,80255926,16411,2136810543,3.6198884003831195,3.6206286072625304,206,0,0,74.0,74,74,65.57748755220045,284,74,0.24570712925412147,0.7779052055093861
8,1,0.003725947046513145,7.525577975873101,184,0.9466178970532814,-0.05225374995454288,0.06653059055623578,0.5,2.7660916658745314,0.11045531406598252,15.896384061934818,1941.558143,0.4378632302189804,7.005811683503686,104771147,31921,2112279812,4.725630599790659,4.727070374563534,206,0,0,92.0,92,92,80.55508151300995,184,92,0.1608793386950486,0.7779065198776154
8,1,0.17106077529343014,8.185001417685504,291,0.9987280889559659,-0.007446939539571762,0.030463728683442885,0.8487972508591065,2.668143959585841,0.012507607777292318,14.413192883045134,2218.728112,0.5003710352948104,8.005936564716967,33504502,5120265,2178458113,1.511197542601565,1.7421435774200738,206,0,0,247.0,247,247,195.20672507428526,291,247,0.018217463640235552,0.8889577015157933
8,1,0.032755498721479814,8.19366448246621,293,0.9120203169679102,-0.057480902898809944,0.05994329348059643,0.3378839590443686,2.7520487626471284,0.09641241083857954,15.674712775940193,1941.55941875,0.43786351792811645,7.005816286849863,103590823,2489,2113489568,4.672392896741867,4.672505161376737,206,0,0,99.0,99,99,87.88946680252168,293,99,0.14042570091684653,0.7779070310208157
8,1,0.005181276906755262,7.609939898238207,195,0.9515914926384099,-0.02576892302253089,0.0064068007308358405,0.9846153846153847,2.682075345813209,0.0264389940046601,14.615393839365165,2218.716672,0.5003684553281111,8.005895285249778,28441242,11024307,2177617331,1.2828226791413408,1.7800664718497128,206,0,0,192.0,192,192,155.75442198040474,195,192,0.038508675722846365,0.8889531179545854
8,1,0.004772701367169253,8.337818499345671,324,0.9994246218482573,-0.018201432265910856,0.0051171823446857535,0.5603715170278638,2.685090788527704,0.029454436719155375,14.659532237197165,2218.714384,0.5003679393347713,8.005887029356341,20627121,6013477,2190442282,0.9303721203241622,1.2016058686989635,206,0,0,181.0,181,181,137.94035471209443,323,181,0.04290070008023496,0.8889522012423438
8,1,0.003485051743990494,7.835950307692669,228,0.995492299624879,-0.029274082071156463,0.007674233006460602,0.5043859649122807,2.7155852436611694,0.059948891852620534,15.113452536440189,1941.56233475,0.43786417554899887,7.005826808783982,32656780,8142057,2176284043,1.4729616242402268,1.8402035110207517,206,0,0,115.0,115,115,95.54651863154513,228,115,0.08731619803271065,0.7779081993481306
8,1,0.06792493161018473,8.023906039552566,260,0.9507783513725616,-0.010536232078387914,0.02070151701400788,0.25769230769230766,2.857438546363819,0.20180219455527038,17.416857278966777,1941.55358675,0.4378622026863515,7.005795242981624,27622784,3387671,2186072425,1.2459066933934377,1.3987052662641102,206,0,0,67.0,67,67,60.06918065371025,260,67,0.2939270408290849,0.7779046943661859
8,1,0.004280224714310845,8.04735965140083,265,0.9474168729482618,-0.008443328918041018,0.0060953030462362195,0.26037735849056604,2.857127951364373,0.20149159955582396,17.411448530198502,1941.55395125,0.43786228488896184,7.005796558223389,12869719,11467934,2192745227,0.5804798330317719,1.0977331167700866,206,0,0,69.0,69,69,61.491590206392544,265,69,0.29347465591184063,0.7779048404071003
8,1,0.021099895982882873,8.155244422516162,285,0.9988628502428583,-0.0037145476185158396,0.038110378812870514,0.256140350877193,2.837409667521497,0.18177331571294797,17.071487386105137,1941.55468025,0.43786244929418244,7.005799188706919,36940439,8600002,2171542439,1.6661731202398713,2.054070301602798,206,0,0,73.0,73,73,62.95664727553807,285,73,0.2647547659575362,0.777905132488929
8,1,0.0066268908155571885,6.914115312205805,121,0.9994909085745353,-0.005717230410883126,0.0005442564681618243,0.9834710743801653,2.7147388169400912,0.05910246513154238,15.100665518765746,1941.56306375,0.4378643399542195,7.005829439267512,5543269,50651332,2160888279,0.2500253396030012,2.5346188681949497,206,0,0,119.0,119,119,99.74578631946675,121,119,0.0860833685188719,0.7779084914299594
8,1,inf,8.777240412043028,439,0.9832147581801922,-0.0016688063719424075,0.02713751183527178,0.9658314350797267,2.6614383367660515,0.005801984957502615,14.31686677217089,2495.911206,0.5628818003411762,9.006108805458819,25456353,6110237,2185516290,1.1481913116391933,1.4237893533326098,206,0,0,424.0,424,424,307.2254821012689,439,424,0.00845065274563472,1.0000141418288715
8,1,0.1566464511527158,6.0000826485927075,64,0.9481575515660567,-0.018476869763425618,0.03221415878842501,1.0,2.9216767401012724,0.2660403882927236,18.572402458553096,1664.416032,0.37536170772289756,6.005787323566361,44794299,58484234,2113804347,2.020416079348373,4.658307270858543,206,0,0,64.0,64,64,57.35396547743334,64,64,0.3874906526374975,0.6668664998520366
8,1,inf,7.588058204558909,192,0.9356823586592578,-0.04924767767377425,0.04912539127748876,0.2604166666666667,3.313670484042482,0.6580341322339334,27.485826836266845,1664.413841,0.37536121360514946,6.005779417682391,86795387,42193,2130245300,3.9148462956874215,3.9167493819626626,206,0,0,50.0,50,50,45.77023520318021,192,50,0.9584337062255375,0.6668656220039065
8,1,0.06030395842838708,5.831735600968794,57,0.9452954105171818,-0.030199915446876408,0.002623038240494582,1.0,3.0120540054239293,0.35641765361538047,20.329113179684768,1664.4149365,0.37536146066402354,6.005783370624377,29004274,84745800,2103332806,1.3082178506560838,5.13061893292866,206,0,0,57.0,57,57,52.14242566455188,57,57,0.5191260999776802,0.6668660609279716
8,1,0.17038625795786966,6.996125761883233,128,0.9515063147607091,-0.008779665771666095,0.021010631526230242,1.0,2.701033412856944,0.04539706104839514,14.895116579029061,1941.564704,0.4378647098659659,7.005835357855454,26342966,24956675,2165783239,1.1881813818344942,2.31383506059999,206,0,0,128.0,128,128,108.34335598699005,128,128,0.06612130183072686,0.777909148614074
8,1,0.0050713233519422305,8.008164481047569,257,0.9566976696761601,-0.02913624835952279,0.028264358970235524,0.867704280155642,2.6719317415253268,0.016295389716777908,14.46789044055128,2218.72312,0.5003699094911599,8.005918551858558,50714161,66581,2166302138,2.2874273874687083,2.2904304777275626,206,0,0,223.0,223,223,181.37591601750722,257,223,0.02373440828611713,0.8889557014163573
8,1,0.02140929791384812,5.831735600968794,57,0.9474168729482618,-0.010996125414568347,0.006557679848801132,0.8947368421052632,3.2857430648617356,0.6301067130531868,26.72883819807178,1664.4139975,0.37536124889927436,6.00577998238839,15532496,98440633,2103109751,0.7005825600890482,5.140679675448127,206,0,0,51.0,51,51,47.50469302120141,57,51,0.9177571234169097,0.6668656847073444
8,1,0.21589457377934726,6.024355902578508,65,0.948070002463493,-0.000937950434553872,0.0032275427301611207,1.0,2.8870098056243463,0.23137345381579744,17.939586469713074,1866.68999375,0.42097884805957275,6.735661568953164,3691486,96126152,2117265242,0.16650193970195648,4.502205979778257,0,206,0,65.0,65,65,58.79784121024735,65,65,0.33699789418224724,0.7479097764668026
8,1,0.013136066685121114,7.522083582110148,184,0.9460102275633672,-0.031667983225585165,0.04873467174964226,0.3423913043478261,2.932684323935609,0.2770479721270602,18.777969055745277,1664.4158755,0.3753616724287727,6.0057867588603635,70972527,113132,2145997221,3.201167066880242,3.206269808010064,206,0,0,63.0,63,63,56.614177190411176,184,63,0.4035233154647519,0.6668664371485987
8,1,0.011145679281716434,8.153387705892893,285,0.9972702500313738,-0.008512693177708645,0.021672794957813477,0.5157894736842106,2.6882938222880473,0.03265747047949841,14.70656249340433,2218.707312,0.5003663444462663,8.00586151114026,26690771,4487271,2185904838,1.2038688873913455,1.4062641627542585,206,0,0,147.0,147,147,117.01771176317058,285,147,0.047565952789344786,0.8889493677681425
8,1,0.03344791882931922,8.146547652436572,283,0.9503508243839763,-0.025546319081215962,0.006390736423923361,0.20848056537102475,2.9759347409694206,0.3202983891608717,19.607943033815438,1664.4152495,0.3753615312522733,6.0057845000363725,28229587,5774748,2183078545,1.2732761257892171,1.5337421666437656,206,0,0,59.0,59,59,53.330591973177,283,59,0.46651800747683664,0.6668661863348473
8,2,inf,7.588058204558909,192,0.9390676039910946,-0.04924767767377425,0.04912539127748876,0.2604166666666667,3.3920040419466275,0.7363676901380787,29.725463694883434,1664.413841,0.37536121360514946,6.005779417682391,86795387,42751,2130244742,3.9148462956874215,3.916774550169275,206,0,0,50.0,50,50,45.617673114760684,192,50,1.0725273657277052,0.6668656220039065
8,2,inf,8.153387705892893,285,0.9977074372587773,-0.007446939539571762,0.021993097540835276,0.9473684210526315,2.6648625167451607,0.00922616493661188,14.365974329310522,2495.8752085,0.5628736821286536,9.005978914058458,26032115,5380418,2185670347,1.1741606610574702,1.4168407181963356,206,0,0,270.0,270,270,207.25574204946997,285,270,0.01343800727239697,0.9999997190365125
8,2,0.17337581137166924,8.030061840685553,261,0.952711316408242,-0.02913624835952279,0.026639946304939377,0.9923371647509579,2.674224849788515,0.01858849797996598,14.501104947346958,2495.87263725,0.5628731022563306,9.00596963610129,49281117,67276,2167734487,2.222790922457531,2.225825360213868,206,0,0,259.0,259,259,202.90153564688404,261,259,0.027074344839259978,0.9999986888370582
8,2,0.1710046797887088,7.862826263024848,233,0.9982020347077118,-0.004420688975991795,0.003222936497088963,0.5364806866952789,2.705688644282458,0.05005229247390908,14.96461844192703,1941.56415725,0.4378645865620504,7.0058333849928065,6769691,22293597,2188019592,0.3053422612690059,1.310879636579035,206,0,0,125.0,125,125,100.99060893832316,233,125,0.07290169587099643,0.7779089295527025
8,2,0.1708413879461567,7.837101632636312,229,0.9918159446282608,-0.024860166019320666,0.0021004646457115036,0.9781659388646288,2.674621181366906,0.01898482955835723,14.506853332217135,2218.723328,0.5003699563996453,8.005919302394325,23826170,12917147,2180339563,1.0746630274823104,1.6572820678674853,206,0,0,224.0,224,224,174.3705127690331,229,224,0.02765160599482068,0.8889557847538337
8,2,0.16878833500015195,7.019581425338301,130,0.9515063147607091,-0.011919246883409522,0.0023528321321472155,1.0,2.703865621517388,0.04822926970883934,14.937362453529055,2218.703776,0.5003655470020137,8.00584875203222,12626809,37534108,2166921963,0.56952354437918,2.2624736969688746,206,0,0,130.0,130,130,109.87839930332477,130,130,0.07024644384124584,0.8889479510310417
8,2,0.1430717257861807,8.746919152470966,430,0.9351892995463363,-0.04977206036296009,0.053350011682308504,0.14651162790697675,2.9346761736103426,0.27903982180179376,18.815409222514575,1664.4158755,0.3753616724287727,6.0057867588603635,90976775,313,2126105792,4.103444928499921,4.103459046149867,206,0,0,63.0,63,63,57.23649438845165,430,63,0.4064244656824739,0.6668664371485987
8,2,0.1368650795262361,6.024355902578508,65,0.9394951748030473,-0.0008783627937471797,0.013994937915681037,1.0,2.916236961301385,0.26060060949283637,18.471646989584215,1867.36613675,0.42113133288684274,6.738101326189484,13161474,85754640,2118166766,0.5936392418491816,4.461543359172933,0,206,0,65.0,65,65,59.12135851670414,65,65,0.37956755700942824,0.7481806805599742
8,2,0.10389386997548242,7.646007469010156,200,0.9820980752109458,-0.05310896802217134,0.0703591361029787,0.26,3.287328931606276,0.6316925797977273,26.771260202622585,1664.414154,0.3753612841933992,6.005780547094387,108891126,24016,2108167738,4.911459421850752,4.912542647029957,206,0,0,52.0,52,52,46.23946454384838,200,52,0.9200669551826113,0.6668657474107823
8,2,0.09482801025615428,7.678495588468674,205,0.9094734621179213,-0.05959560900022395,0.04874657983300975,0.25853658536585367,3.158340418694016,0.502704066885467,23.53151104993138,1664.4143105,0.37536131948752405,6.005781111800385,95584903,21882,2121476095,4.3112913758100015,4.312278348385425,206,0,0,53.0,53,53,49.40750481850305,205,53,0.7321938154241581,0.6668658101142202
8,2,0.08295641531744516,5.831735600968794,57,0.9981776335855199,-0.010996125414568347,0.007205497725231543,0.9649122807017544,3.0645691462126834,0.40893279440413455,21.425228857262688,1664.4146235,0.3753613900757738,6.005782241212381,16105089,103964667,2097013124,0.7264089739396662,5.415663847442636,206,0,0,55.0,55,55,49.88961236146804,57,55,0.5956149605908075,0.6668659355210959
9,0,0.0009905557274246788,8.4244472273238,344,0.9761056694680993,-0.0462422829622096,0.01575446235546893,0.5377906976744186,2.6818048153846044,0.026168463576055512,14.611440465383668,2218.715164,0.5003681152415916,8.005889843865466,54750876,67077,2162264927,2.4695006440174216,2.4725261060154864,206,0,0,184.74757281553397,184,185,143.45849060391905,344,185,0.03811464527878104,0.8889525137578808
9,0,0.002242467175387407,7.280536308112417,155,0.9691030851672301,-0.02130198166305834,0.02584340511761722,1.0,2.6861742594560063,0.030537907647457452,14.67542402178735,2218.708976,0.5003667197141498,8.005867515426397,41665627,3710981,2171706272,1.879299478420942,2.0466807267033698,206,0,0,155.0,155,155,127.72244042121747,155,155,0.04447878700085539,0.8889500344679545
9,0,0.0045034041738893525,7.6511038174441826,201,0.9720122934358837,-0.026648037599397146,0.01677218631005166,0.9701492537313433,2.6771377392029496,0.021501387394400773,14.543406642615318,2218.717296,0.5003685960535674,8.005897536857079,38379301,2157733,2176545846,1.7310720021436456,1.8283950665840691,206,0,0,195.0,195,195,157.08270257789914,201,195,0.03131699922532361,0.8889533679670149
9,0,0.018557930311112875,6.97668892331177,126,0.931799109695205,-0.0747885391526263,0.06763278688652759,0.5158730158730159,2.909973757640874,0.2543374058323251,18.356316847638276,1847.31570275,0.41660952763976056,6.665752442236169,125573732,76294,2091432854,5.663916903277879,5.667358091728172,0,206,0,65.0,65,65,58.4454756264054,126,65,0.3704451343217019,0.7401472547307196
9,0,0.00153699673238709,6.97668892331177,126,0.9826566003311612,-0.07012350095584881,0.06763278688652759,0.5158730158730159,2.8834571353854583,0.2278207835769095,17.875966112753712,1850.36890925,0.41729809154676256,6.676769464748201,121477518,101566,2095503796,5.479159985214445,5.483741049860978,0,206,0,65.0,65,65,56.470755199967876,126,65,0.3318233922267103,0.7413705553315519
9,0,0.0018012548613219376,7.974394284790262,251,0.996750973243421,-0.020906747198162517,0.012404369836117233,0.49800796812749004,2.702248987478341,0.04661263566979201,14.913233713859077,1941.56415725,0.4378645865620504,7.0058333849928065,29456914,2844686,2184781280,1.328633866858419,1.4569414743755542,206,0,0,125.0,125,125,104.2180535757308,251,125,0.0678917991841452,0.7779089295527025
9,0,0.002407255438353495,7.936248907966116,245,0.9966263255733345,-0.014100725807764303,0.006165305533374091,0.8857142857142857,2.6685235508488745,0.012887199040325648,14.418665043662426,2218.721872,0.5003696280402472,8.005914048643955,17931991,10052538,2189098351,0.808810133430826,1.2622229530724625,206,0,0,217.0,217,217,175.87180648690975,245,217,0.01877034234858579,0.8889552013914982
9,0,0.019560197006460323,7.526663919332758,184,0.9997944815253567,-0.0036880781006687693,0.0032859751470129426,0.5300546448087432,2.749351736272785,0.093715384464236,15.632494619504978,1941.55905425,0.4378634357255061,7.005814971608098,6177423,30915079,2179990378,0.2786284200615901,1.6730318173761731,206,0,0,97.0,97,97,80.64740478437199,183,97,0.13649745334255328,0.7779068849799013
9,0,0.0023009903594705273,7.953889485838784,248,0.9957338690417944,-0.024014785093855507,0.0064068007308358405,0.7540322580645161,2.681358533075628,0.025722181267079147,14.604921092843824,2218.715632,0.5003682207856839,8.005891532570942,26894102,8070246,2182118532,1.2130399924426822,1.5770428934077556,206,0,0,187.0,187,187,149.73029056577258,248,187,0.03746463035331962,0.8889527012672028
9,0,0.013784989579722485,8.155244422516162,285,0.9977074372587773,-0.028844516405139596,0.038110378812870514,0.256140350877193,2.823088518747424,0.1674521669388751,16.828746389158432,1941.55468025,0.43786244929418244,7.005799188706919,59135995,37915,2157908970,2.6672884236064283,2.6689985536309764,206,0,0,73.0,73,73,62.967074817298425,285,73,0.24389586058382168,0.777905132488929
9,0,0.1431807446300586,7.974394284790262,251,0.997760131867897,-0.010481770019233186,0.012404369836117233,0.5059760956175299,2.7003249581639337,0.04468860635538485,14.88456780089261,1941.56452175,0.4378646687646607,7.005834700234571,20247854,7108011,2189727015,0.913265542874067,1.2338674952918314,206,0,0,127.0,127,127,104.3091709665114,251,127,0.0650894300419344,0.7779090755936169
9,0,0.1115227090167985,7.6408448353578775,200,0.9239430719178727,-0.04912539127748876,0.04912539127748876,0.265,3.1368781100498158,0.4812417582412669,23.031851599312414,1664.4143105,0.37536131948752405,6.005781111800385,86687613,34031,2130361236,3.909985223466251,3.911520168339399,206,0,0,53.0,53,53,48.513283508673304,200,53,0.7009337348137737,0.6668658101142202
9,0,0.018097099082635886,5.911391291662541,60,0.9134552208413147,-0.013333878607017204,0.026356120711898443,1.0,2.968984409140329,0.31334805733178017,19.47213382947441,1664.415406,0.37536156654639813,6.00578506474237,35080988,71104194,2110897698,1.5823038604673183,4.789409676917446,206,0,0,60.0,60,60,55.2152540756505,60,60,0.4563947753097773,0.6668662490382852
9,0,0.002385457574065115,8.271048999627633,309,0.9980799566009686,-0.007446939539571762,0.021993097540835276,0.5339805825242718,2.6831707211314146,0.027534369322865793,14.631411952363866,2218.711056,0.5003671887990042,8.005875020784067,26032115,4469330,2186581435,1.1741606610574702,1.375746719942197,206,0,0,165.0,165,165,128.03975265017667,309,165,0.0401041015138639,0.8889508678427197
9,0,0.005483547849449601,7.7667457269799,218,0.9474168729482618,-0.005057386855938701,0.002194336887904691,0.4954128440366973,2.719279083788657,0.06364273198010828,15.169382448366257,1941.561059,0.4378638878398628,7.005822205437805,6421969,23202579,2187458332,0.2896584993701273,1.3361948832512747,206,0,0,108.0,108,108,93.64670836010279,218,108,0.09269631543114083,0.7779076882049303
9,0,0.008532515586123036,7.974394284790262,251,0.996750973243421,-0.023558395511626803,0.0071065612975109264,0.44621513944223107,2.709398192315784,0.05376184050723509,15.020233502431532,1941.561788,0.4378640522450834,7.005824835921334,27110572,7250672,2182721636,1.2228037230615394,1.5498403018654856,206,0,0,112.0,112,112,95.62798897767426,251,112,0.07830469200120076,0.7779079802867591
9,0,0.0008268389828193078,6.97668892331177,126,0.9826566003311612,-0.07042138051417084,0.06763278688652759,0.5158730158730159,2.8836427342909166,0.2280063824823677,17.879284180403584,1850.17297325,0.41725390375347626,6.67606246005562,121739276,101056,2095242548,5.490966399957046,5.495524461403987,0,206,0,65.0,65,65,56.46834720326052,126,65,0.3320937190047846,0.7412920514286798
9,0,0.012468718427542748,8.162015273581547,286,0.9424066289042671,-0.048742072808292944,0.03689110370531178,0.25874125874125875,2.806123741906506,0.15048739009795709,16.54565851292183,1941.5548625,0.4378624903954876,7.005799846327801,75583365,14126,2141485389,3.4091357468783485,3.409772890402726,206,0,0,74.0,74,74,65.61617862592355,286,74,0.2191864828381246,0.7779052055093861
9,0,0.01639348204549827,6.7265058786902525,106,0.9913991383073201,-0.005414557515047974,0.00765546269665847,0.9809523809523809,2.7194562929691077,0.06381994116055889,15.172070840394712,1941.56014775,0.43786368233333706,7.005818917333393,11569455,52734086,2152779339,0.5218323186907654,2.90036703544434,206,0,0,103.0,103,103,88.23066701132348,105,103,0.0929544224855878,0.7779073231026444
9,0,0.00031800798169523577,7.937801869299549,245,0.9974225703301599,-0.014100725807764303,0.006165305533374091,0.9020408163265307,2.6678528797352787,0.012216527926729892,14.408998103552122,2218.722704,0.5003698156741889,8.005917050787023,17931991,10074234,2189076655,0.808810133430826,1.2632015362456814,206,0,0,221.0,221,221,178.78657795936397,245,221,0.017793502744719355,0.8889555347414041
9,0,0.0016369219266479038,8.153387705892893,285,0.9977074372587773,-0.008512693177708645,0.021672794957813477,0.9473684210526315,2.664846221819469,0.009209870010919996,14.365740238733583,2495.8752085,0.5628736821286536,9.005978914058458,26690771,4490861,2185901248,1.2038688873913455,1.4064260872376588,206,0,0,270.0,270,270,207.25574204946997,285,270,0.013414273539968042,0.9999997190365125
9,0,0.002421652950192429,7.825336142185762,227,0.9994261479572307,-0.017739373509452795,0.0032859751470129426,0.8634361233480177,2.673098822716218,0.017462470907668948,14.484785500391899,2218.717504,0.5003686429620529,8.005898287392846,18598083,12676392,2185808405,0.8388537554356109,1.410613706962547,206,0,0,196.0,196,196,161.07678610865725,227,196,0.02543427444268628,0.8889534513044915
9,0,0.017623362487670644,8.18118378501718,290,0.9397202934253515,-0.011465217317871724,0.015074371380362165,0.25862068965517243,2.800214280136399,0.1445779283278501,16.44817090981317,1941.55504475,0.4378625314967928,7.005800503948684,23479111,1407221,2192196548,1.0590091697429012,1.122480906081418,206,0,0,75.0,75,75,66.85262156681658,290,75,0.21057928897282488,0.7779052785298434
9,0,0.0024768262201804586,8.147342462684174,284,0.9508384204365997,-0.024468317796470487,0.006390263078634133,0.20774647887323944,2.971195465072982,0.3155591132644333,19.5152354389747,1664.4152495,0.3753615312522733,6.0057845000363725,27279142,5785132,2184018606,1.2304069570912928,1.4913413611312536,206,0,0,59.0,59,59,53.32739971490523,284,59,0.4596152017715635,0.6668661863348473
9,0,0.0013880928442614984,8.594204901494745,386,0.9990246491530526,-0.007446939539571762,0.021993097540835276,0.9714285714285714,2.661934314498566,0.006297962690017034,14.323969380511452,2495.8995185,0.5628791645578897,9.006066632926235,26032115,2345250,2188705515,1.1741606610574702,1.279941550944636,206,0,0,374.0,374,374,273.02123654834566,385,374,0.009173049583569777,1.0000094591040796
9,0,0.01006110461066722,6.403643994474433,85,0.9835205573271166,-0.026066373502059533,0.020958087738966482,1.0,2.7688219883876366,0.11318563657908776,15.939845622255122,1941.55686725,0.4378629425098443,7.005807080157509,41559679,37624394,2137898807,1.8745207666751726,3.5715432072616067,206,0,0,85.0,85,85,73.41172853758432,85,85,0.16485608244927105,0.7779060087344152
9,0,0.013572164378055892,8.11109695681499,276,0.9802311658218252,-0.052461354994051385,0.05399670495529491,0.25,2.8427345059706517,0.18709815416210285,17.162632750332403,1941.55395125,0.43786228488896184,7.005796558223389,93915161,8018,2123159701,4.235978810138121,4.236340456519153,206,0,0,69.0,69,69,60.87234982332156,276,69,0.27251044974334543,0.7779048404071003
9,0,0.12216275238137284,8.747138770306805,430,0.9481688787855518,-0.049653918755160606,0.049815577608965045,0.14651162790697675,2.9214925761332324,0.2658562243246836,18.568982406155172,1664.4158755,0.3753616724287727,6.0057867588603635,87758301,535,2129324044,3.9582778700632066,3.9583020008706216,206,0,0,63.0,63,63,56.84022897928044,430,63,0.38722241586102124,0.6668664371485987
9,0,0.05795225719602856,7.975795243044214,252,0.996750973243421,-0.023558395511626803,0.007362476738220224,0.2589641434262948,2.8815600158065253,0.22592366399797648,17.842085415477502,1915.7771075,0.43204905075537814,6.91278481208605,27336638,7031515,2182714727,1.233000274667224,1.5501519275634839,0,206,0,65.0,65,65,56.583570912303244,251,65,0.32906021740017505,0.7675770658373373
9,0,0.017759449374678153,7.589194968611183,193,0.9240048549305846,-0.04912539127748876,0.04912539127748876,0.3471502590673575,2.856310737732858,0.2006743859243092,17.39722546954629,1941.55358675,0.4378622026863515,7.005795242981624,86687613,38647,2130356620,3.909985223466251,3.9117283698478604,206,0,0,67.0,67,67,60.6939133773691,193,67,0.29228437557338505,0.7779046943661859
9,0,0.02588756513018757,5.931083250726314,61,0.9446701463064288,-0.03613394859412042,0.03221415878842501,1.0,2.9379955547055094,0.2823592028969606,18.87796850779871,1664.4155625,0.375361601840523,6.005785629448368,60368766,46327186,2110386928,2.7228917125551932,4.812447606830107,206,0,0,61.0,61,61,55.55638903389014,61,61,0.41125917952112434,0.666866311741723
9,0,0.017112693496058606,7.337933469339298,162,0.937722592431386,-0.007446939539571762,0.043488849215542975,0.5123456790123457,2.773794395025614,0.11815804321706525,16.019302398423328,1941.55650275,0.437862860307234,7.005805764915744,44976829,13262105,2158843946,2.0286489695865586,2.626827103549688,206,0,0,83.0,83,83,73.31431572237392,162,83,0.17209844555696924,0.7779058626935008
9,0,0.009821536653331093,7.782322123379092,220,0.9290950807193046,-0.02829916542604846,0.00842892494095252,0.2636363636363636,2.9735279558458503,0.31789160403730143,19.560807673313143,1664.415093,0.3753614959581484,6.005783935330374,32462832,7027521,2177592527,1.4642137329570648,1.7811852392275025,206,0,0,58.0,58,58,52.65849863475747,220,58,0.4630124993685552,0.6668661236314094
9,0,0.2055616443606588,7.586146086791495,192,0.9372768129066757,-0.04912539127748876,0.04912539127748876,0.2604166666666667,3.3116244682755536,0.6559881164670047,27.429647892293275,1664.413841,0.37536121360514946,6.005779417682391,86687613,42576,2130352691,3.909985223466251,3.9119055846933426,206,0,0,50.0,50,50,45.64353994338259,192,50,0.9554536625189352,0.6668656220039065
9,0,0.16973074925771314,7.052110849131344,133,0.9832094759520739,-0.024014785093855507,0.0064068007308358405,0.9699248120300752,2.696304818858271,0.04066846704972216,14.824849882431742,2174.28292075,0.49034768622407116,7.8455629795851385,26894102,23872352,2166316426,1.2130399924426822,2.289786027304491,0,206,0,129.0,129,129,109.73319421578863,133,129,0.05923405442306074,0.8711502491996036
9,0,0.00389837867577709,7.048955786475543,132,0.9452871179347714,-0.014100725807764303,0.0027751848784569873,0.9166666666666666,2.7036282660964646,0.047991914287915716,14.933817410310665,1941.56342825,0.4378644221568298,7.005830754509277,14930145,34190179,2167962556,0.6734139320944105,2.215538464669395,206,0,0,121.0,121,121,106.1520187520077,132,121,0.06990073314840342,0.7779086374708737
9,0,0.04036597426388171,6.982080608473328,126,0.9826573122725237,-0.06567015347696015,0.06878616223337142,0.5158730158730159,2.883432385510331,0.22779603370178236,17.875523690299616,1852.5382955,0.41778733492813763,6.684597358850202,118578198,108371,2098396311,5.34838814866497,5.3532761481609565,0,206,0,65.0,65,65,56.494900417603596,126,65,0.3317873437705821,0.7422397436760226
9,0,0.0106143382503464,8.468083528910586,354,0.9509232426841772,-0.048742072808292944,0.03689110370531178,0.2570621468926554,2.755338280272006,0.09970192846345727,15.726359920405054,1941.55796075,0.4378631891176752,7.005811025882803,75583365,5559,2141493956,3.4091357468783485,3.409386481753898,206,0,0,91.0,91,91,79.00663422542563,354,91,0.1452169182936755,0.7779064468571583
9,0,0.004033741171671008,7.176695640449225,145,0.996750973243421,-0.010957355332329137,0.0071065612975109264,0.9862068965517241,2.692548728536616,0.03691237672806702,14.769270852539872,2218.70648,0.5003661568123244,8.005858508997191,15983985,30729036,2170369859,0.7209466612272069,2.106958716852299,206,0,0,143.0,143,143,117.63779914873113,145,143,0.053763268955321505,0.8889490344182364
9,0,0.012307259643612822,7.776814136571701,219,0.9371266504555811,-0.013245595358698275,0.043940008000678196,0.2602739726027397,2.989213340621374,0.33357698881282527,19.870045384277308,1664.4149365,0.37536146066402354,6.005783370624377,50498545,3076065,2163508270,2.277702175933089,2.4164459742704794,206,0,0,57.0,57,57,52.10077698361709,219,57,0.48585842897549314,0.6668660609279716
9,0,0.0034761548404172635,8.153387705892893,285,0.9976697192683712,-0.010705919249980192,0.021993097540835276,0.5157894736842106,2.6872805365714783,0.031644184762929406,14.691668091106886,2218.707312,0.5003663444462663,8.00586151114026,28911335,2652564,2185518981,1.3040259009171546,1.4236679776265289,206,0,0,147.0,147,147,117.0095366206232,285,147,0.04609009137543963,0.8889493677681425
9,0,0.016070915950713423,6.97668892331177,126,0.9826674785704445,-0.07179603679387024,0.06764376782848398,0.5158730158730159,2.8837524138256345,0.22811606201708567,17.881245279517834,1849.261553,0.4170483588326657,6.6727737413226516,122957032,98527,2094027321,5.545892447647244,5.550336440286797,0,206,0,65.0,65,65,56.457365031721814,126,65,0.33225346841261544,0.740926880930243
9,0,0.028760597906682173,7.054729388534986,133,0.9977074372587773,-0.007446939539571762,0.021993097540835276,0.9849624060150376,2.6946770146700247,0.039040662861475894,14.800737560096934,2218.703984,0.5003655939104992,8.005849502567987,26032115,25357073,2165693692,1.1741606610574702,2.3178740165094776,206,0,0,131.0,131,131,108.78184729360746,133,131,0.0568631403249518,0.8889480343685184
9,0,0.08049083983691813,7.720705319714608,211,0.9370375165341336,-0.04480419949933584,0.042788372823767434,0.26066350710900477,2.996105872425849,0.34046952061730007,20.007473373372164,1664.4146235,0.3753613900757738,6.005782241212381,77317015,40502,2139725363,3.487330838980634,3.489157653862719,206,0,0,55.0,55,55,50.3879522365885,211,55,0.49589747479248386,0.6668659355210959
9,0,0.16755913393238503,8.14289864945966,283,0.9847835022654416,-0.01906066298617836,0.03234685176278051,0.9151943462897526,2.666712583421671,0.0110762316131221,14.392576940407096,2495.87263725,0.5628731022563306,9.00596963610129,45425375,101735,2171555770,2.048880328731779,2.053469016007196,206,0,0,259.0,259,259,204.59461707958562,283,259,0.016132649046543858,0.9999986888370582
9,0,0.0002442642558919926,7.952567705599295,248,0.9957338690417944,-0.024014785093855507,0.0064401570020415685,0.7540322580645161,2.681358533075628,0.025722181267079147,14.604921092843824,2218.715632,0.5003682207856839,8.005891532570942,26923493,8040855,2182118532,1.2143656533038585,1.5770428934077556,206,0,0,187.0,187,187,149.73029056577258,248,187,0.03746463035331962,0.8889527012672028
9,0,0.001601867400130052,8.446289627247516,349,0.9998973018230674,-0.0216782305639003,0.00275344014994508,0.9799426934097422,2.6630673056762277,0.007430953867678891,14.340207508539537,2495.8920385,0.5628774776565862,9.00603964250538,21601103,7296811,2188184966,0.9743029092354003,1.3034205559333893,206,0,0,342.0,342,342,251.03306195791842,349,342,0.010823263273611694,1.0000064621602127
9,0,0.16727997621579865,8.185001417685504,291,0.9987280889559659,-0.02213327998112703,0.0020649062062757483,0.8213058419243986,2.667705496754015,0.012069144945466181,14.406874618941186,2218.726448,0.5003706600269269,8.00593056043083,21391642,9854397,2185836841,0.964855314745834,1.4093311207202142,206,0,0,239.0,239,239,188.9691226810954,291,239,0.01757883786633744,0.8889570348159813
9,0,0.1162618329400722,6.97668892331177,126,0.931799109695205,-0.0747885391526263,0.07104323923380294,0.5158730158730159,2.913176196927144,0.25753984511859507,18.41519606610333,1845.071927,0.4161035078219539,6.657656125151262,128571309,70418,2088441153,5.799120554302418,5.802296709809965,0,206,0,65.0,65,65,58.426813965628014,126,65,0.3751095211730071,0.7392482614188988
9,0,0.0024965576524815744,7.825407056183213,227,0.9983201201877566,-0.017816286353408095,0.0032859751470129426,0.8722466960352423,2.6726957543861825,0.01705940257763361,14.47894831855993,2218.71792,0.5003687367790238,8.005899788464381,18666130,12631034,2185785716,0.8419229686172129,1.4116370787185006,206,0,0,198.0,198,198,162.07187223939928,227,198,0.024847201136767597,0.8889536179794445
9,0,0.00036607585220371146,7.942534692721867,246,0.9938966832866705,-0.014100725807764303,0.006165305533374091,0.8943089430894309,2.668284542454588,0.012648190646038948,14.415219273482984,2218.722496,0.5003697687657035,8.005916300251256,17931991,9982074,2189168815,0.808810133430826,1.2590447227665211,206,0,0,220.0,220,220,177.6801492732091,246,220,0.018422224082474663,0.8889554514039276
9,0,0.010709252812583442,8.131569431114007,280,0.996378749528309,-0.023558395511626803,0.004043346222695976,0.25357142857142856,2.8314125608920353,0.17577620908348646,16.969414233640833,1941.55431575,0.43786236709157217,7.005797873465155,24401344,8573739,2184107797,1.1006058555645877,1.4873184623571674,206,0,0,71.0,71,71,61.984964764696436,280,71,0.25601991642322486,0.7779049864480145
9,0,0.0010188796245149663,8.150769160784415,284,0.9832094759520739,-0.024014785093855507,0.0064068007308358405,0.9401408450704225,2.66605100086624,0.010414649057691072,14.383058211635266,2495.87450725,0.5628735239816565,9.005976383706503,26894102,6156339,2184032439,1.2130399924426822,1.4907174331705633,206,0,0,267.0,267,267,209.77264069025057,284,267,0.015169047024224284,0.9999994380730249
9,0,0.09525262590154533,7.605380869049539,195,0.9375690620065187,-0.04912539127748876,0.047868639988209616,0.26153846153846155,3.200700539056417,0.5450641872478683,24.549722213801644,1664.4139975,0.37536124889927436,6.00577998238839,85582039,40861,2131459980,3.860119067808597,3.8619620751390222,206,0,0,51.0,51,51,46.92137683705429,195,51,0.7938917808735596,0.6668656847073444
9,0,0.029263263212277922,6.034024194512694,66,0.9481575515660567,-0.019923109775407954,0.0044797078153557615,1.0,2.875314719046857,0.21967836723830825,17.731003527972984,1941.5534045,0.43786216158504637,7.005794585360742,21583704,78241693,2117257483,0.9735181392948197,4.502555944142242,206,0,0,66.0,66,66,59.023772536540314,66,66,0.31996387630381495,0.7779046213457287
9,0,inf,7.588058204558909,192,0.997420724609035,-0.04784463870828549,0.04912539127748876,0.25654450261780104,3.577815836210861,0.9221794844023123,35.795272664536796,1664.4136845,0.3753611783110246,6.005778852976394,85562009,56171,2131464700,3.8592156284207113,3.8617491827820167,206,0,0,49.0,49,49,44.05330970928365,191,49,1.3431642186102477,0.6668655593004688
9,0,inf,8.720891134715178,422,0.9971786719931416,-0.024014785093855507,0.0064068007308358405,0.9383886255924171,2.660534687722434,0.004898335913884999,14.303935192889217,2495.904661,0.5628803243025358,9.006085188840572,26894102,2459981,2187728797,1.2130399924426822,1.3239957452560367,206,0,0,396.0,396,396,291.97990784612915,422,396,0.007134478310941874,1.000011519502988
9,1,inf,8.777240412043028,439,0.9835205573271166,-0.028515771836868927,0.009848932341767244,0.979498861047836,2.660872339678207,0.005235987869657954,14.308765760061677,2495.9126085,0.5628821166351706,9.00611386616273,33909874,170763,2183002243,1.529481568140565,1.5371837159285628,206,0,0,430.0,430,430,309.2374932239801,439,430,0.007626271972597601,1.0000147037558462
9,1,inf,7.557232597200803,188,0.9344631302756294,-0.05197464177374965,0.042836715109903056,0.26063829787234044,3.582380018061874,0.926743666253325,35.95902220545995,1664.4136845,0.3753611783110246,6.005778852976394,83664349,52868,2133365663,3.77362297795561,3.7760075527713246,206,0,0,49.0,49,49,45.09731744900417,188,49,1.3498119979777141,0.6668655593004688
9,1,0.20463295969502054,7.588058204558909,192,0.9356823586592578,-0.04924767767377425,0.04912539127748876,0.2604166666666667,3.313670484042482,0.6580341322339334,27.485826836266845,1664.413841,0.37536121360514946,6.005779417682391,86795387,42193,2130245300,3.9148462956874215,3.9167493819626626,206,0,0,50.0,50,50,45.77023520318021,192,50,0.9584337062255375,0.6668656220039065
9,1,0.17373048171101887,7.154365547476306,142,0.937402000106104,-0.005717230410883126,0.01807231074848787,0.9507042253521126,2.699622423985439,0.0439860721768901,14.874114555591348,2218.704816,0.500365781544441,8.005852504711056,21043563,24412937,2171626380,0.9491554506072412,2.0502842004715673,206,0,0,135.0,135,135,117.14803470326052,142,135,0.06406618154544841,0.8889483677184243
9,1,0.16929462094627737,7.971289192678062,251,0.9977514447975767,-0.003959023779764096,0.0015685997396372693,0.5059760956175299,2.7003676969363273,0.04473134512777843,14.885203962642318,1941.56452175,0.4378646687646607,7.005834700234571,4896131,22060170,2190126579,0.22083662474539517,1.2158454356022992,206,0,0,127.0,127,127,104.31025136524254,251,127,0.06515167951809098,0.7779090755936169
9,1,0.16829490733738706,8.185001417685504,291,0.9987280889559659,-0.007446939539571762,0.030463728683442885,0.8487972508591065,2.668143959585841,0.012507607777292318,14.413192883045134,2218.728112,0.5003710352948104,8.005936564716967,33504502,5120265,2178458113,1.511197542601565,1.7421435774200738,206,0,0,247.0,247,247,195.20672507428526,291,247,0.018217463640235552,0.8889577015157933
9,1,0.1676796818949498,8.176843346351252,289,0.9977074372587773,-0.01906066298617836,0.006283653553560871,0.8996539792387543,2.667583597888583,0.01194724608003428,14.405118544304646,2495.872871,0.5628731549719963,9.00597047955194,22417670,6226342,2188438868,1.0111336027275624,1.2919684806731266,206,0,0,260.0,260,260,205.8443698803405,289,260,0.017401290873472558,0.999998782491554
9,1,0.1624468658192263,6.024355902578508,65,0.948070002463493,-0.000937950434553872,0.0032275427301611207,1.0,2.8870098056243463,0.23137345381579744,17.939586469713074,1866.68999375,0.42097884805957275,6.735661568953164,3691486,96126152,2117265242,0.16650193970195648,4.502205979778257,0,206,0,65.0,65,65,58.79784121024735,65,65,0.33699789418224724,0.7479097764668026
9,1,0.14220284723462917,6.0000826485927075,64,0.9481575515660567,-0.018476869763425618,0.03221415878842501,1.0,2.9216767401012724,0.2660403882927236,18.572402458553096,1664.416032,0.37536170772289756,6.005787323566361,44794299,58484234,2113804347,2.020416079348373,4.658307270858543,206,0,0,64.0,64,64,57.35396547743334,64,64,0.3874906526374975,0.6668664998520366
9,1,0.09963566970405204,7.640241430323202,199,0.937016242115744,-0.04912539127748876,0.04284032544495633,0.2663316582914573,3.1468621679323734,0.49122581612382454,23.262954692431336,1664.4143105,0.37536131948752405,6.005781111800385,81160731,44973,2135877176,3.660699008239151,3.662727484504323,206,0,0,53.0,53,53,48.57578601831031,199,53,0.7154756212157213,0.6668658101142202
9,1,0.09050865247563702,7.60481144142165,195,0.9375903364249083,-0.04912539127748876,0.047816687367020716,0.26153846153846155,3.205238677725072,0.5496023259165232,24.661385437442195,1664.4139975,0.37536124889927436,6.00577998238839,85536279,40914,2131505687,3.8580550944491527,3.8599004923081632,206,0,0,51.0,51,51,46.920079354722134,195,51,0.800501628069173,0.6668656847073444
9,1,0.07536500219092888,7.720152330334154,211,0.9785919559521951,-0.04912539127748876,0.04517828889928026,0.26066350710900477,3.0216093021424504,0.36597295033390154,20.52429491276232,1664.4146235,0.3753613900757738,6.005782241212381,83218270,38748,2133825862,3.753502891150375,3.75525059306759,206,0,0,55.0,55,55,49.00974868495021,211,55,0.5330434911879603,0.6668659355210959
9,1,0.06106229412704654,7.977117023283702,252,0.9954545114227731,-0.0440625412642181,0.007329120467014496,0.25793650793650796,2.8858953419113718,0.2302589901028229,17.91960458817593,1902.27838925,0.42900479869521163,6.864076779123386,45383828,6982616,2164716436,2.0470063798426876,2.361952476941232,0,206,0,65.0,65,65,56.55537137608416,252,65,0.3353746659414053,0.7621686566302657
9,1,0.039665747303476766,8.023906039552566,260,0.9507783513725616,-0.010536232078387914,0.02070151701400788,0.25769230769230766,2.857438546363819,0.20180219455527038,17.416857278966777,1941.55358675,0.4378622026863515,7.005795242981624,27622784,3387671,2186072425,1.2459066933934377,1.3987052662641102,206,0,0,67.0,67,67,60.06918065371025,260,67,0.2939270408290849,0.7779046943661859
9,1,0.029373457591729015,8.179704469922415,290,0.9399236770698086,-0.011465217317871724,0.0009981958623687254,0.25862068965517243,2.800487689757615,0.14485133794906613,16.45266861282094,1941.55504475,0.4378625314967928,7.005800503948684,11027318,11381228,2194674334,0.49737960179458873,1.0107220709764355,206,0,0,75.0,75,75,66.84274363556055,290,75,0.21097751299152462,0.7779052785298434
9,1,0.02767944660429098,8.206308474579226,295,0.9474168729482618,-0.0248068494698558,0.006390263078634133,0.20677966101694914,2.9388119017839083,0.28317554997535943,18.89338577430019,1664.4155625,0.375361601840523,6.005785629448368,27577166,5285035,2184220679,1.2438491248464287,1.4822269973055766,206,0,0,61.0,61,61,55.36884135078702,295,61,0.4124481977157581,0.666866311741723
9,1,0.023441462319170357,8.146547652436572,283,0.9503508243839763,-0.025546319081215962,0.006390736423923361,0.20848056537102475,2.9759347409694206,0.3202983891608717,19.607943033815438,1664.4152495,0.3753615312522733,6.0057845000363725,28229587,5774748,2183078545,1.2732761257892171,1.5337421666437656,206,0,0,59.0,59,59,53.330591973177,283,59,0.46651800747683664,0.6668661863348473
9,1,0.0224954405467147,8.19366448246621,293,0.9120203169679102,-0.057480902898809944,0.05994329348059643,0.3378839590443686,2.7520487626471284,0.09641241083857954,15.674712775940193,1941.55941875,0.43786351792811645,7.005816286849863,103590823,2489,2113489568,4.672392896741867,4.672505161376737,206,0,0,99.0,99,99,87.88946680252168,293,99,0.14042570091684653,0.7779070310208157
9,1,0.021484067302778853,7.782322123379092,220,0.946226972336868,-0.0005491885960029978,0.024423942209057067,0.2545454545454545,3.0079638318544957,0.35232748004594683,20.246133394812933,1664.41478,0.3753614253698987,6.005782805918379,22070242,14267790,2180744848,0.9954631014966838,1.6390019664037097,206,0,0,56.0,56,56,51.289267035415996,220,56,0.5131687187094022,0.6668659982245337
9,1,0.017779130470363436,6.7265058786902525,106,0.9966263255733345,-0.014100725807764303,0.007357643907962189,0.9809523809523809,2.721260888901465,0.06562453709291605,15.199475017014592,1941.56014775,0.43786368233333706,7.005818917333393,18985497,45657668,2152439715,0.8563277977231054,2.915685542617153,206,0,0,103.0,103,103,87.87772421097013,105,103,0.09558283563767901,0.7779073231026444
9,1,0.01737891715892339,7.782251209381641,220,0.928835573149348,-0.0013078129577174542,0.02571748506872123,0.2636363636363636,2.982014356500414,0.3263780046918652,19.72751489599154,1664.415093,0.3753614959581484,6.005783935330374,23882743,13302066,2179898071,1.077214713777412,1.6771952611893337,206,0,0,58.0,58,58,52.666495593077414,220,58,0.47537303210301346,0.6668661236314094
9,1,0.017355676714357726,8.153387705892893,285,0.9977074372587773,-0.008512693177708645,0.021993097540835276,0.25263157894736843,2.832398536208786,0.17676218440023694,16.986153908311817,1941.554498,0.4378624081928773,7.005798531086037,26972937,4488512,2185621431,1.2165957909521181,1.4190470407673708,206,0,0,72.0,72,72,62.83549580388693,285,72,0.2574559999495793,0.7779050594684718
9,1,0.017314805473010838,8.149212924550854,284,0.944792652639867,-0.03344849763667584,0.057480902898809944,0.2605633802816901,2.8243320858298016,0.1686957340212527,16.849687082085214,1941.5548625,0.4378624903954876,7.005799846327801,80255926,16411,2136810543,3.6198884003831195,3.6206286072625304,206,0,0,74.0,74,74,65.57748755220045,284,74,0.24570712925412147,0.7779052055093861
9,1,0.016617274880471475,6.424801723195299,86,0.9835757835370856,-0.0035082163092782746,0.04959740380900601,0.9883720930232558,2.7701985741686577,0.11456222236010882,15.961803296934301,1941.55686725,0.4378629425098443,7.005807080157509,46862923,37484550,2132735407,2.1137199435683702,3.804434816618132,206,0,0,85.0,85,85,73.40890519595246,86,85,0.16686109426767373,0.7779060087344152
9,1,0.01358698393629644,7.981533328174176,253,0.9399281660723524,-0.011465217317871724,0.015074371380362165,0.2727272727272727,2.85631785464974,0.20068150284119124,17.397349284594522,1941.55395125,0.43786228488896184,7.005796558223389,23479111,3195430,2190408339,1.0590091697429012,1.203136844392574,206,0,0,69.0,69,69,61.62220928364921,253,69,0.29229474143845197,0.7779048404071003
9,1,0.009297633870777951,8.75040236624568,431,0.9481688787855518,-0.02311249816420773,0.01771639099660656,0.14617169373549885,2.924921789574635,0.26928543776608604,18.632768716143378,1664.4158755,0.3753616724287727,6.0057867588603635,36093994,25416,2180963470,1.6279948000861384,1.629141171303438,206,0,0,63.0,63,63,57.20668617491166,431,63,0.39221710167910184,0.6668664371485987
9,1,0.007890460124915793,8.153387705892893,285,0.9977074372587773,-0.010705919249980192,0.02156158556517508,0.5157894736842106,2.687322913814185,0.031686562005636354,14.692290696683413,2218.707312,0.5003663444462663,8.00586151114026,28531378,2656406,2185895096,1.2868882014911414,1.406703568970773,206,0,0,147.0,147,147,117.00699435833602,285,147,0.046151814279765814,0.8889493677681425
9,1,0.006692666296179197,8.19397909603751,293,0.9098820706231631,-0.05842918056758521,0.06025354998387803,0.3310580204778157,2.762719119416252,0.1070827676077033,15.84286306991262,1941.55905425,0.4378634357255061,7.005814971608098,104700112,2311,2112380457,4.722426614922036,4.722530850989206,206,0,0,97.0,97,97,87.37692363676518,293,97,0.15596718894006106,0.7779068849799013
9,1,0.005559269456189007,7.978031800232151,252,0.9994261479572307,-0.023513569406470026,0.001698229824039943,0.4820717131474104,2.706941558957158,0.05130520714860909,14.98337958257416,1941.56342825,0.4378644221568298,7.005830754509277,22284570,12074509,2182723801,1.0051302186772557,1.549742651028003,206,0,0,121.0,121,121,100.73175619378414,251,121,0.07472657940884639,0.7779086374708737
9,1,0.004690626446666815,6.914115312205805,121,0.9994909085745353,-0.005717230410883126,0.0005442564681618243,0.9834710743801653,2.7147388169400912,0.05910246513154238,15.100665518765746,1941.56306375,0.4378643399542195,7.005829439267512,5543269,50651332,2160888279,0.2500253396030012,2.5346188681949497,206,0,0,119.0,119,119,99.74578631946675,121,119,0.0860833685188719,0.7779084914299594
9,1,0.003567563268934386,7.974394284790262,251,0.996750973243421,-0.023558395511626803,0.0071065612975109264,0.49800796812749004,2.704494209829982,0.04885785802143294,14.94675485665647,1941.56415725,0.4378645865620504,7.0058333849928065,27110572,7250672,2182721636,1.2228037230615394,1.5498403018654856,206,0,0,125.0,125,125,103.76807315089945,251,125,0.07116198939825802,0.7779089295527025
9,1,0.003524700387858615,7.703530285690728,208,0.952711316408242,-0.008893181617437256,0.026639946304939377,0.9951923076923077,2.678236044029754,0.02259969222120528,14.559388511204247,2218.719792,0.5003691589553928,8.005906543286285,31406425,7868981,2177807474,1.4165652210529902,1.7714902024772299,206,0,0,207.0,207,207,166.34789090106008,208,207,0.03291669187674586,0.888954368016733
9,1,0.003422646877708568,7.7278866819354475,212,0.9825044456578689,-0.02576892302253089,0.015417289795066893,0.9858490566037735,2.6755831876381118,0.019946835829562914,14.520815730978976,2218.720208,0.5003692527723637,8.005908044357819,36408771,2614947,2178059162,1.6421926003957055,1.760137988165783,206,0,0,209.0,209,209,165.23822854762287,212,209,0.029052778351631028,0.8889545346916862
9,1,0.0033261401179479487,8.446289627247516,349,0.9946752150732496,-0.020906747198162517,0.04622622223486578,0.2607449856733524,2.7643818335819663,0.10874548177341747,15.869227134642497,1941.55796075,0.4378631891176752,7.005811025882803,59273860,31194,2157777826,2.6735067297078223,2.674913713645202,206,0,0,91.0,91,91,76.64947021562801,349,91,0.15838894979132434,0.7779064468571583
9,1,0.003080858203137208,7.7667457269799,218,0.9474168729482618,-0.00764251354008437,0.002194336887904691,0.4954128440366973,2.71928336996536,0.06364701815681117,15.169447467159245,1941.561059,0.4378638878398628,7.005822205437805,8707484,20919830,2187455566,0.3927450831247229,1.3363196417808252,206,0,0,108.0,108,108,93.64670836010279,218,108,0.09270255829305582,0.7779076882049303
9,1,0.0029751217300824358,8.432443974001446,345,0.9138866935007605,-0.057480902898809944,0.057480902898809944,0.2579710144927536,2.768847630905651,0.11321127909710205,15.940254365274212,1941.55759625,0.4378631069150649,7.005809710641039,101422208,883,2115659789,4.574579007168194,4.574618834276507,206,0,0,89.0,89,89,79.4394763391423,345,89,0.16489343104925014,0.7779063008162439
9,1,0.0027040442803727338,8.008164481047569,257,0.9566976696761601,-0.02913624835952279,0.028264358970235524,0.867704280155642,2.6719317415253268,0.016295389716777908,14.46789044055128,2218.72312,0.5003699094911599,8.005918551858558,50714161,66581,2166302138,2.2874273874687083,2.2904304777275626,206,0,0,223.0,223,223,181.37591601750722,257,223,0.02373440828611713,0.8889557014163573
9,1,0.00269835272987334,7.609939898238207,195,0.9515914926384099,-0.02576892302253089,0.0064068007308358405,0.9846153846153847,2.682075345813209,0.0264389940046601,14.615393839365165,2218.716672,0.5003684553281111,8.005895285249778,28441242,11024307,2177617331,1.2828226791413408,1.7800664718497128,206,0,0,192.0,192,192,155.75442198040474,195,192,0.038508675722846365,0.8889531179545854
9,1,0.0026749545003432705,8.153387705892893,285,0.9977074372587773,-0.008512693177708645,0.021993097540835276,0.9473684210526315,2.6648603177501564,0.00922396594160757,14.365942738639474,2495.8752085,0.5628736821286536,9.005978914058458,26972937,4488512,2185621431,1.2165957909521181,1.4190470407673708,206,0,0,270.0,270,270,207.25569813082237,285,270,0.01343480441280548,0.9999997190365125
9,1,0.0024670303317551345,7.835950307692669,228,0.995492299624879,-0.029274082071156463,0.007674233006460602,0.5043859649122807,2.7155852436611694,0.059948891852620534,15.113452536440189,1941.56233475,0.43786417554899887,7.005826808783982,32656780,8142057,2176284043,1.4729616242402268,1.8402035110207517,206,0,0,115.0,115,115,95.54651863154513,228,115,0.08731619803271065,0.7779081993481306
9,1,0.0022395880723793736,8.337818499345671,324,0.9994246218482573,-0.018201432265910856,0.0051171823446857535,0.5603715170278638,2.685090788527704,0.029454436719155375,14.659532237197165,2218.714384,0.5003679393347713,8.005887029356341,20627121,6013477,2190442282,0.9303721203241622,1.2016058686989635,206,0,0,181.0,181,181,137.94035471209443,323,181,0.04290070008023496,0.8889522012423438
9,1,0.002058210911552181,7.936447480874116,245,0.9971786719931416,-0.024014785093855507,0.0064068007308358405,0.9224489795918367,2.6706035112717355,0.014967159463186608,14.448686507208413,2218.723744,0.5003700502166162,8.005920803465859,26894102,8206839,2181981939,1.2130399924426822,1.583203826823109,206,0,0,226.0,226,226,180.3627881063283,245,226,0.021799826807267896,0.8889559514287867
9,1,0.001998515811519496,8.712553010987593,420,0.9987280889559659,-0.007446939539571762,0.031311795781376967,0.9570405727923628,2.661359618335569,0.005723266527020154,14.31573981524588,2495.905828625,0.5628805876271527,9.006089402034442,34251539,1633706,2181197635,1.5448921332160572,1.6185793198673746,206,0,0,400.99514563106794,400,401,290.24155130701894,419,401,0.008335998515132372,1.0000119873247235
10,0,0.0012008895257332416,8.4244472273238,344,0.9761056694680993,-0.0462422829622096,0.01575446235546893,0.5377906976744186,2.6818048153846044,0.026168463576055512,14.611440465383668,2218.715164,0.5003681152415916,8.005889843865466,54750876,67077,2162264927,2.4695006440174216,2.4725261060154864,206,0,0,184.74757281553397,184,185,143.45849060391905,344,185,0.03811464527878104,0.8889525137578808
10,0,0.0035398784239888403,7.6511038174441826,201,0.9720122934358837,-0.026648037599397146,0.01677218631005166,0.9701492537313433,2.6771377392029496,0.021501387394400773,14.543406642615318,2218.717296,0.5003685960535674,8.005897536857079,38379301,2157733,2176545846,1.7310720021436456,1.8283950665840691,206,0,0,195.0,195,195,157.08270257789914,201,195,0.03131699922532361,0.8889533679670149
10,0,0.0015614095189579848,6.97668892331177,126,0.9826566003311612,-0.07012350095584881,0.06763278688652759,0.5158730158730159,2.8834571353854583,0.2278207835769095,17.875966112753712,1850.36890925,0.41729809154676256,6.676769464748201,121477518,101566,2095503796,5.479159985214445,5.483741049860978,0,206,0,65.0,65,65,56.470755199967876,126,65,0.3318233922267103,0.7413705553315519
10,0,0.002919248090438142,7.936248907966116,245,0.9966263255733345,-0.014100725807764303,0.006165305533374091,0.8857142857142857,2.6685235508488745,0.012887199040325648,14.418665043662426,2218.721872,0.5003696280402472,8.005914048643955,17931991,10052538,2189098351,0.808810133430826,1.2622229530724625,206,0,0,217.0,217,217,175.87180648690975,245,217,0.01877034234858579,0.8889552013914982
10,0,0.0019218550746333684,7.953889485838784,248,0.9957338690417944,-0.024014785093855507,0.0064068007308358405,0.7540322580645161,2.681358533075628,0.025722181267079147,14.604921092843824,2218.715632,0.5003682207856839,8.005891532570942,26894102,8070246,2182118532,1.2130399924426822,1.5770428934077556,206,0,0,187.0,187,187,149.73029056577258,248,187,0.03746463035331962,0.8889527012672028
10,0,0.1352692367797224,7.6408448353578775,200,0.9239430719178727,-0.04912539127748876,0.04912539127748876,0.265,3.1368781100498158,0.4812417582412669,23.031851599312414,1664.4143105,0.37536131948752405,6.005781111800385,86687613,34031,2130361236,3.909985223466251,3.911520168339399,206,0,0,53.0,53,53,48.513283508673304,200,53,0.7009337348137737,0.6668658101142202
10,0,0.0027929243114617514,8.271048999627633,309,0.9980799566009686,-0.007446939539571762,0.021993097540835276,0.5339805825242718,2.6831707211314146,0.027534369322865793,14.631411952363866,2218.711056,0.5003671887990042,8.005875020784067,26032115,4469330,2186581435,1.1741606610574702,1.375746719942197,206,0,0,165.0,165,165,128.03975265017667,309,165,0.0401041015138639,0.8889508678427197
10,0,0.0066509534818508225,7.7667457269799,218,0.9474168729482618,-0.005057386855938701,0.002194336887904691,0.4954128440366973,2.719279083788657,0.06364273198010828,15.169382448366257,1941.561059,0.4378638878398628,7.005822205437805,6421969,23202579,2187458332,0.2896584993701273,1.3361948832512747,206,0,0,108.0,108,108,93.64670836010279,218,108,0.09269631543114083,0.7779076882049303
10,0,0.009902709140991712,7.974394284790262,251,0.996750973243421,-0.023558395511626803,0.0071065612975109264,0.44621513944223107,2.709398192315784,0.05376184050723509,15.020233502431532,1941.561788,0.4378640522450834,7.005824835921334,27110572,7250672,2182721636,1.2228037230615394,1.5498403018654856,206,0,0,112.0,112,112,95.62798897767426,251,112,0.07830469200120076,0.7779079802867591
10,0,0.0008611100838061205,6.97668892331177,126,0.9826566003311612,-0.07042138051417084,0.06763278688652759,0.5158730158730159,2.8836427342909166,0.2280063824823677,17.879284180403584,1850.17297325,0.41725390375347626,6.67606246005562,121739276,101056,2095242548,5.490966399957046,5.495524461403987,0,206,0,65.0,65,65,56.46834720326052,126,65,0.3320937190047846,0.7412920514286798
10,0,0.012666495709592922,8.162015273581547,286,0.9424066289042671,-0.048742072808292944,0.03689110370531178,0.25874125874125875,2.806123741906506,0.15048739009795709,16.54565851292183,1941.5548625,0.4378624903954876,7.005799846327801,75583365,14126,2141485389,3.4091357468783485,3.409772890402726,206,0,0,74.0,74,74,65.61617862592355,286,74,0.2191864828381246,0.7779052055093861
10,0,0.014213009087773051,6.7265058786902525,106,0.9913991383073201,-0.005414557515047974,0.00765546269665847,0.9809523809523809,2.7194562929691077,0.06381994116055889,15.172070840394712,1941.56014775,0.43786368233333706,7.005818917333393,11569455,52734086,2152779339,0.5218323186907654,2.90036703544434,206,0,0,103.0,103,103,88.23066701132348,105,103,0.0929544224855878,0.7779073231026444
10,0,0.0003852156195316177,7.937801869299549,245,0.9974225703301599,-0.014100725807764303,0.006165305533374091,0.9020408163265307,2.6678528797352787,0.012216527926729892,14.408998103552122,2218.722704,0.5003698156741889,8.005917050787023,17931991,10074234,2189076655,0.808810133430826,1.2632015362456814,206,0,0,221.0,221,221,178.78657795936397,245,221,0.017793502744719355,0.8889555347414041
10,0,0.0019960506032398683,8.153387705892893,285,0.9977074372587773,-0.008512693177708645,0.021672794957813477,0.9473684210526315,2.664846221819469,0.009209870010919996,14.365740238733583,2495.8752085,0.5628736821286536,9.005978914058458,26690771,4490861,2185901248,1.2038688873913455,1.4064260872376588,206,0,0,270.0,270,270,207.25574204946997,285,270,0.013414273539968042,0.9999997190365125
10,0,0.0029372172971353894,7.825336142185762,227,0.9994261479572307,-0.017739373509452795,0.0032859751470129426,0.8634361233480177,2.673098822716218,0.017462470907668948,14.484785500391899,2218.717504,0.5003686429620529,8.005898287392846,18598083,12676392,2185808405,0.8388537554356109,1.410613706962547,206,0,0,196.0,196,196,161.07678610865725,227,196,0.02543427444268628,0.8889534513044915
10,0,0.008232975509821156,8.18118378501718,290,0.9397202934253515,-0.011465217317871724,0.015074371380362165,0.25862068965517243,2.800214280136399,0.1445779283278501,16.44817090981317,1941.55504475,0.4378625314967928,7.005800503948684,23479111,1407221,2192196548,1.0590091697429012,1.122480906081418,206,0,0,75.0,75,75,66.85262156681658,290,75,0.21057928897282488,0.7779052785298434
10,0,0.0010773827498377288,8.594204901494745,386,0.9990246491530526,-0.007446939539571762,0.021993097540835276,0.9714285714285714,2.661934314498566,0.006297962690017034,14.323969380511452,2495.8995185,0.5628791645578897,9.006066632926235,26032115,2345250,2188705515,1.1741606610574702,1.279941550944636,206,0,0,374.0,374,374,273.02123654834566,385,374,0.009173049583569777,1.0000094591040796
10,0,0.024422854611119465,8.11109695681499,276,0.9802311658218252,-0.052461354994051385,0.05399670495529491,0.25,2.8427345059706517,0.18709815416210285,17.162632750332403,1941.55395125,0.43786228488896184,7.005796558223389,93915161,8018,2123159701,4.235978810138121,4.236340456519153,206,0,0,69.0,69,69,60.87234982332156,276,69,0.27251044974334543,0.7779048404071003
10,0,0.02154091126230024,7.589194968611183,193,0.9240048549305846,-0.04912539127748876,0.04912539127748876,0.3471502590673575,2.856310737732858,0.2006743859243092,17.39722546954629,1941.55358675,0.4378622026863515,7.005795242981624,86687613,38647,2130356620,3.909985223466251,3.9117283698478604,206,0,0,67.0,67,67,60.6939133773691,193,67,0.29228437557338505,0.7779046943661859
10,0,0.018568550102457903,7.337933469339298,162,0.937722592431386,-0.007446939539571762,0.043488849215542975,0.5123456790123457,2.773794395025614,0.11815804321706525,16.019302398423328,1941.55650275,0.437862860307234,7.005805764915744,44976829,13262105,2158843946,2.0286489695865586,2.626827103549688,206,0,0,83.0,83,83,73.31431572237392,162,83,0.17209844555696924,0.7779058626935008
10,0,0.14246792587087367,7.586146086791495,192,0.9372768129066757,-0.04912539127748876,0.04912539127748876,0.2604166666666667,3.3116244682755536,0.6559881164670047,27.429647892293275,1664.413841,0.37536121360514946,6.005779417682391,86687613,42576,2130352691,3.909985223466251,3.9119055846933426,206,0,0,50.0,50,50,45.64353994338259,192,50,0.9554536625189352,0.6668656220039065
10,0,0.16874701800570374,7.052110849131344,133,0.9832094759520739,-0.024014785093855507,0.0064068007308358405,0.9699248120300752,2.696304818858271,0.04066846704972216,14.824849882431742,2174.28292075,0.49034768622407116,7.8455629795851385,26894102,23872352,2166316426,1.2130399924426822,2.289786027304491,0,206,0,129.0,129,129,109.73319421578863,133,129,0.05923405442306074,0.8711502491996036
10,0,0.004433589717925294,7.048955786475543,132,0.9452871179347714,-0.014100725807764303,0.0027751848784569873,0.9166666666666666,2.7036282660964646,0.047991914287915716,14.933817410310665,1941.56342825,0.4378644221568298,7.005830754509277,14930145,34190179,2167962556,0.6734139320944105,2.215538464669395,206,0,0,121.0,121,121,106.1520187520077,132,121,0.06990073314840342,0.7779086374708737
10,0,0.040663032873268425,6.982080608473328,126,0.9826573122725237,-0.06567015347696015,0.06878616223337142,0.5158730158730159,2.883432385510331,0.22779603370178236,17.875523690299616,1852.5382955,0.41778733492813763,6.684597358850202,118578198,108371,2098396311,5.34838814866497,5.3532761481609565,0,206,0,65.0,65,65,56.494900417603596,126,65,0.3317873437705821,0.7422397436760226
10,0,0.016407002583681173,8.468083528910586,354,0.9509232426841772,-0.048742072808292944,0.03689110370531178,0.2570621468926554,2.755338280272006,0.09970192846345727,15.726359920405054,1941.55796075,0.4378631891176752,7.005811025882803,75583365,5559,2141493956,3.4091357468783485,3.409386481753898,206,0,0,91.0,91,91,79.00663422542563,354,91,0.1452169182936755,0.7779064468571583
10,0,0.0029865242695240727,8.153387705892893,285,0.9976697192683712,-0.010705919249980192,0.021993097540835276,0.5157894736842106,2.6872805365714783,0.031644184762929406,14.691668091106886,2218.707312,0.5003663444462663,8.00586151114026,28911335,2652564,2185518981,1.3040259009171546,1.4236679776265289,206,0,0,147.0,147,147,117.0095366206232,285,147,0.04609009137543963,0.8889493677681425
10,0,0.12827152721473656,6.97668892331177,126,0.9826674785704445,-0.07179603679387024,0.06764376782848398,0.5158730158730159,2.8837524138256345,0.22811606201708567,17.881245279517834,1849.261553,0.4170483588326657,6.6727737413226516,122957032,98527,2094027321,5.545892447647244,5.550336440286797,0,206,0,65.0,65,65,56.457365031721814,126,65,0.33225346841261544,0.740926880930243
10,0,0.09855231140540022,7.720705319714608,211,0.9370375165341336,-0.04480419949933584,0.042788372823767434,0.26066350710900477,2.996105872425849,0.34046952061730007,20.007473373372164,1664.4146235,0.3753613900757738,6.005782241212381,77317015,40502,2139725363,3.487330838980634,3.489157653862719,206,0,0,55.0,55,55,50.3879522365885,211,55,0.49589747479248386,0.6668659355210959
10,0,0.1683428165609319,8.14289864945966,283,0.9847835022654416,-0.01906066298617836,0.03234685176278051,0.9151943462897526,2.666712583421671,0.0110762316131221,14.392576940407096,2495.87263725,0.5628731022563306,9.00596963610129,45425375,101735,2171555770,2.048880328731779,2.053469016007196,206,0,0,259.0,259,259,204.59461707958562,283,259,0.016132649046543858,0.9999986888370582
10,0,0.00029568732229648463,7.952567705599295,248,0.9957338690417944,-0.024014785093855507,0.0064401570020415685,0.7540322580645161,2.681358533075628,0.025722181267079147,14.604921092843824,2218.715632,0.5003682207856839,8.005891532570942,26923493,8040855,2182118532,1.2143656533038585,1.5770428934077556,206,0,0,187.0,187,187,149.73029056577258,248,187,0.03746463035331962,0.8889527012672028
10,0,0.16741213868358049,8.185001417685504,291,0.9987280889559659,-0.02213327998112703,0.0020649062062757483,0.8213058419243986,2.667705496754015,0.012069144945466181,14.406874618941186,2218.726448,0.5003706600269269,8.00593056043083,21391642,9854397,2185836841,0.964855314745834,1.4093311207202142,206,0,0,239.0,239,239,188.9691226810954,291,239,0.01757883786633744,0.8889570348159813
10,0,0.0030275921198395306,7.825407056183213,227,0.9983201201877566,-0.017816286353408095,0.0032859751470129426,0.8722466960352423,2.6726957543861825,0.01705940257763361,14.47894831855993,2218.71792,0.5003687367790238,8.005899788464381,18666130,12631034,2185785716,0.8419229686172129,1.4116370787185006,206,0,0,198.0,198,198,162.07187223939928,227,198,0.024847201136767597,0.8889536179794445
10,0,0.0004439181066781733,7.942534692721867,246,0.9938966832866705,-0.014100725807764303,0.006165305533374091,0.8943089430894309,2.668284542454588,0.012648190646038948,14.415219273482984,2218.722496,0.5003697687657035,8.005916300251256,17931991,9982074,2189168815,0.808810133430826,1.2590447227665211,206,0,0,220.0,220,220,177.6801492732091,246,220,0.018422224082474663,0.8889554514039276
10,0,0.11553477360082637,7.605380869049539,195,0.9375690620065187,-0.04912539127748876,0.047868639988209616,0.26153846153846155,3.200700539056417,0.5450641872478683,24.549722213801644,1664.4139975,0.37536124889927436,6.00577998238839,85582039,40861,2131459980,3.860119067808597,3.8619620751390222,206,0,0,51.0,51,51,46.92137683705429,195,51,0.7938917808735596,0.6668656847073444
10,0,0.032116922465163456,6.034024194512694,66,0.9481575515660567,-0.019923109775407954,0.0044797078153557615,1.0,2.875314719046857,0.21967836723830825,17.731003527972984,1941.5534045,0.43786216158504637,7.005794585360742,21583704,78241693,2117257483,0.9735181392948197,4.502555944142242,206,0,0,66.0,66,66,59.023772536540314,66,66,0.31996387630381495,0.7779046213457287
10,0,0.0013277400892221358,8.720891134715178,422,0.9971786719931416,-0.024014785093855507,0.0064068007308358405,0.9383886255924171,2.660534687722434,0.004898335913884999,14.303935192889217,2495.904661,0.5628803243025358,9.006085188840572,26894102,2459981,2187728797,1.2130399924426822,1.3239957452560367,206,0,0,396.0,396,396,291.97990784612915,422,396,0.007134478310941874,1.000011519502988
10,0,inf,8.706580614878664,418,0.9901135914493987,-0.002097949320474083,0.0025619550144697356,0.9569377990430622,2.6599316301145493,0.004295278306000405,14.295311696442374,2495.905596,0.5628805351651986,9.006088562643178,4128805,11955660,2200998415,0.186226912725969,0.7254787425899026,206,0,0,400.0,400,400,292.81518154714104,418,400,0.006256118496641451,1.0000118941209712
10,0,0.14478286021784553,7.974394284790262,251,0.9529100830685556,-0.010481770019233186,0.012404369836117233,0.49800796812749004,2.697598195041047,0.041961843232498186,14.844036395197595,1941.56415725,0.4378645865620504,7.0058333849928065,20247854,5938509,2190896517,0.913265542874067,1.1811179111175132,206,0,0,125.0,125,125,106.69449686797302,251,125,0.061117870577389315,0.7779089295527025
10,0,0.027328639580486924,7.776814136571701,219,0.9371548065208085,-0.013245595358698275,0.04417200183184988,0.2602739726027397,2.9878179329339623,0.3321815811254134,19.842337906308657,1664.4149365,0.37536146066402354,6.005783370624377,50702869,3076481,2163303530,2.28691806956716,2.425680631298727,206,0,0,57.0,57,57,52.100079304529395,219,57,0.4838260028504205,0.6668660609279716
10,0,0.023724883317312977,6.564984680812389,95,0.9913991383073201,-0.005414557515047974,0.006419587783156364,1.0,2.740774159321974,0.08513780751342503,15.498979132269874,1941.55868975,0.4378633535228958,7.005813656366333,10477704,60642960,2145962216,0.4725896399506725,3.207848684484001,206,0,0,95.0,95,95,80.77027410255381,95,95,0.12400412136372231,0.777906738938987
10,0,0.0012355011424524172,8.176843346351252,289,0.999350178759866,-0.01908970643652566,0.004835106850855883,0.9238754325259516,2.6651558421796047,0.009519490371055817,14.370188853055163,2495.87450725,0.5628735239816565,9.005976383706503,21161545,7521117,2188400218,0.9544769476547489,1.2937117623676748,206,0,0,267.0,267,267,208.20764485624798,289,267,0.013865238884699375,0.9999994380730249
10,0,0.004728706745466706,7.152955585907638,142,0.9957763253679074,-0.00569295311436137,0.017937360306706056,1.0,2.6905379768226223,0.034901625014073456,14.739603352842403,2218.706064,0.5003660629953536,8.005857007925657,20903466,27333849,2168845565,0.9428364716793989,2.175710950417875,206,0,0,141.0,141,141,115.0040718860424,141,141,0.050834587716553956,0.8889488677432834
10,0,0.0038158039727570502,7.974394284790262,251,0.997760131867897,-0.009260009178313384,0.012404369836117233,0.46215139442231074,2.7043025245536056,0.0486661727450568,14.943890058399441,1941.562517,0.437864216650304,7.005827466404864,19166945,8131700,2189784235,0.8645118850947061,1.2312866265062676,206,0,0,116.0,116,116,98.76468765057822,251,116,0.07088279775626469,0.7779082723685878
10,0,0.0027916011009099136,7.591246993094895,193,0.9826933053413611,-0.01906066298617836,0.03234685176278051,0.9948186528497409,2.678452145604896,0.02281579379634735,14.562535157980042,2218.716672,0.5003684553281111,8.005895285249778,45425375,1400322,2170257183,2.048880328731779,2.1120408904154275,206,0,0,192.0,192,192,152.70712410656924,193,192,0.03323144611735258,0.8889531179545854
10,0,0.030525692159587753,7.041641360434822,132,0.9877439771168156,-0.010705919249980192,0.02156158556517508,0.9924242424242424,2.6944296966835997,0.03879334487505082,14.797077524100988,2218.703984,0.5003655939104992,8.005849502567987,28531378,23105025,2165446477,1.2868882014911414,2.3290244792292114,206,0,0,131.0,131,131,108.3120507749759,132,131,0.0565029190495889,0.8889480343685184
10,0,0.024205950833654018,8.088724999636105,272,0.9977074372587773,-0.028844516405139596,0.038110378812870514,0.26199261992619927,2.819371740120355,0.16373538831180623,16.766313760261855,1941.55431575,0.43786236709157217,7.005797873465155,59135995,45958,2157900927,2.6672884236064283,2.6693613276198316,206,0,0,71.0,71,71,61.74053992330549,271,71,0.23848233301699467,0.7779049864480145
10,0,0.0241415738394074,6.0000826485927075,64,0.9846050736083412,-0.019052512414120572,0.028121014617396994,0.9682539682539683,2.9314157088092903,0.2757793570007414,18.754162144256497,1664.4155625,0.375361601840523,6.005785629448368,41691848,65341411,2110049621,1.8804821586101463,4.827661607309872,206,0,0,61.0,61,61,55.34891859741407,63,61,0.4016755640522776,0.666866311741723
10,0,0.01746852537311925,8.266928147612475,308,0.9399236770698086,-0.011465217317871724,0.027630687925913812,0.2597402597402597,2.793672329632899,0.1380359778243503,16.3409189907269,1941.555956,0.4378627370033185,7.005803792053096,34555771,800467,2181726642,1.5586143085458313,1.594718822599902,206,0,0,80.0,80,80,70.80721344964664,308,80,0.20105086854617088,0.7779056436321292
10,0,inf,7.555889729046116,188,0.9346299016753937,-0.05197464177374965,0.059376816027511437,0.26063829787234044,3.4161835350405605,0.7605471832320116,30.4529702647965,1664.4136845,0.3753611783110246,6.005778852976394,98234568,31935,2118816377,4.430802695116206,4.432243101349464,206,0,0,49.0,49,49,44.91169214784774,188,49,1.107745054363398,0.6668655593004688
10,0,0.058894383794516905,7.975795243044214,252,0.996750973243421,-0.02368617374805085,0.007362476738220224,0.2589641434262948,2.881367914957364,0.22573156314881526,17.838658264908187,1915.69379675,0.4320302623846881,6.91248419815501,27448921,7030313,2182603646,1.2380647222353727,1.5551621597474967,0,206,0,65.0,65,65,56.583570912303244,251,65,0.3287804204720041,0.7675436864735338
10,0,0.0019398414334504397,8.349892876708513,326,0.9977074372587773,-0.003648790872931862,0.02044540545566969,0.9784615384615385,2.6621476505579573,0.006511298749408478,14.327025525675326,2495.8864285,0.5628762124806087,9.00601939968974,21307417,7208822,2188566641,0.9610564039897327,1.2862053672977711,206,0,0,318.0,318,318,236.47801683464505,325,318,0.009483775821097839,1.0000042144523127
10,0,0.13396665276653516,8.747138770306805,430,0.9481688787855518,-0.03319446562669101,0.049815577608965045,0.14883720930232558,2.9087057332615185,0.25306938145296964,18.333055341555525,1664.416032,0.37536170772289756,6.005787323566361,73269134,2640,2143811106,3.304753947673801,3.3048730230599226,206,0,0,64.0,64,64,57.17257895318021,430,64,0.36859824333845737,0.6668664998520366
10,0,0.01220323592042291,7.981533328174176,253,0.9944013219020523,-0.011465217317871724,0.015074371380362165,0.3359683794466403,2.7655881556523503,0.10995180384380143,15.888382084771624,1941.55686725,0.4378629425098443,7.005807080157509,23479111,4228079,2189375690,1.0590091697429012,1.2497137680301784,206,0,0,85.0,85,85,73.41725099381625,253,85,0.16014597070586975,0.7779060087344152
10,0,0.03729100919403798,7.782056862713848,220,0.928870658720631,-0.04480419949933584,0.042788372823767434,0.2636363636363636,2.9547716279581926,0.29913527614964375,19.1973380838926,1664.415093,0.3753614959581484,6.005783935330374,77317015,33637,2139732228,3.487330838980634,3.4888480127544894,206,0,0,58.0,58,58,52.664643480966916,220,58,0.4356937084852909,0.6668661236314094
10,0,0.002719477879229294,7.280536308112417,155,0.9691030851672301,-0.02130198166305834,0.025830397682028352,1.0,2.686023495985813,0.03038714417726407,14.67321167071032,2218.708976,0.5003667197141498,8.005867515426397,41654305,3713991,2171714584,1.878788807390006,2.046305819654338,206,0,0,155.0,155,155,127.7224479501285,155,155,0.0442591984044245,0.8889500344679545
10,0,0.01501510436915633,7.977117023283702,252,0.9904389654615816,-0.0440625412642181,0.007329120467014496,0.25,2.9182581172434365,0.2626217654348877,18.509018823086144,1664.4158755,0.3753616724287727,6.0057867588603635,45383828,6917086,2164781966,2.0470063798426876,2.358996791315262,206,0,0,63.0,63,63,56.03670971530678,252,63,0.38251139211692287,0.6668664371485987
10,1,inf,8.777240412043028,439,0.9835205573271166,-0.028515771836868927,0.009848932341767244,0.979498861047836,2.660872339678207,0.005235987869657954,14.308765760061677,2495.9126085,0.5628821166351706,9.00611386616273,33909874,170763,2183002243,1.529481568140565,1.5371837159285628,206,0,0,430.0,430,430,309.2374932239801,439,430,0.007626271972597601,1.0000147037558462
10,1,inf,7.557232597200803,188,0.9344631302756294,-0.04909928424213201,0.042836715109903056,0.26063829787234044,3.5578281233004376,0.9021917714918888,35.08690988978874,1664.4136845,0.3753611783110246,6.005778852976394,81134531,56455,2135891894,3.659517275240518,3.662063639226694,206,0,0,49.0,49,49,45.09731744900417,188,49,1.3140519023559611,0.6668655593004688
10,1,0.198962441027984,7.588058204558909,192,0.9356823586592578,-0.04924767767377425,0.04912539127748876,0.2604166666666667,3.313670484042482,0.6580341322339334,27.485826836266845,1664.413841,0.37536121360514946,6.005779417682391,86795387,42193,2130245300,3.9148462956874215,3.9167493819626626,206,0,0,50.0,50,50,45.77023520318021,192,50,0.9584337062255375,0.6668656220039065
10,1,0.17109048160035556,7.054729388534986,133,0.9977074372587773,-0.007446939539571762,0.021993097540835276,0.9849624060150376,2.6946770146700247,0.039040662861475894,14.800737560096934,2218.703984,0.5003655939104992,8.005849502567987,26032115,25357073,2165693692,1.1741606610574702,2.3178740165094776,206,0,0,131.0,131,131,108.78184729360746,133,131,0.0568631403249518,0.8889480343685184
10,1,0.17087167155753633,7.974394284790262,251,0.997760131867897,-0.010481770019233186,0.012404369836117233,0.5059760956175299,2.7003249581639337,0.04468860635538485,14.88456780089261,1941.56452175,0.4378646687646607,7.005834700234571,20247854,7108011,2189727015,0.913265542874067,1.2338674952918314,206,0,0,127.0,127,127,104.3091709665114,251,127,0.0650894300419344,0.7779090755936169
10,1,0.1678213938257236,8.176843346351252,289,0.9977074372587773,-0.01906066298617836,0.006283653553560871,0.8996539792387543,2.667583597888583,0.01194724608003428,14.405118544304646,2495.872871,0.5628731549719963,9.00597047955194,22417670,6226342,2188438868,1.0111336027275624,1.2919684806731266,206,0,0,260.0,260,260,205.8443698803405,289,260,0.017401290873472558,0.999998782491554
10,1,0.16769525781017228,8.187435407697738,292,0.9987280889559659,-0.007446939539571762,0.030463728683442885,0.8487972508591065,2.668143959585841,0.012507607777292318,14.413192883045134,2218.728112,0.5003710352948104,8.005936564716967,33504502,5120265,2178458113,1.511197542601565,1.7421435774200738,206,0,0,247.0,247,247,195.20672507428526,291,247,0.018217463640235552,0.8889577015157933
10,1,0.12246828104463005,8.747138770306805,430,0.9481688787855518,-0.049653918755160606,0.049815577608965045,0.14651162790697675,2.9214925761332324,0.2658562243246836,18.568982406155172,1664.4158755,0.3753616724287727,6.0057867588603635,87758301,535,2129324044,3.9582778700632066,3.9583020008706216,206,0,0,63.0,63,63,56.84022897928044,430,63,0.38722241586102124,0.6668664371485987
10,1,0.11640306136729012,6.97668892331177,126,0.931799109695205,-0.0747885391526263,0.07104323923380294,0.5158730158730159,2.913176196927144,0.25753984511859507,18.41519606610333,1845.071927,0.4161035078219539,6.657656125151262,128571309,70418,2088441153,5.799120554302418,5.802296709809965,0,206,0,65.0,65,65,58.426813965628014,126,65,0.3751095211730071,0.7392482614188988
10,1,0.10393518378938554,7.640241430323202,199,0.937016242115744,-0.04912539127748876,0.04284032544495633,0.2663316582914573,3.1468621679323734,0.49122581612382454,23.262954692431336,1664.4143105,0.37536131948752405,6.005781111800385,81160731,44973,2135877176,3.660699008239151,3.662727484504323,206,0,0,53.0,53,53,48.57578601831031,199,53,0.7154756212157213,0.6668658101142202
10,1,0.09298609007025327,7.605380869049539,195,0.9375409059412912,-0.04912539127748876,0.04763664615703793,0.26153846153846155,3.200907436532979,0.5452710847244302,24.554802014858865,1664.4139975,0.37536124889927436,6.00577998238839,85378326,41161,2131663393,3.850930732909723,3.8527872715340257,206,0,0,51.0,51,51,46.9216265459364,195,51,0.7941931292467765,0.6668656847073444
10,1,0.07742792068116669,7.720899666382401,211,0.9370024309628506,-0.015092040060779351,0.02571748506872123,0.26066350710900477,3.014457583369193,0.35882123156064427,20.378034557390155,1664.4146235,0.3753613900757738,6.005782241212381,36072897,2190290,2178819693,1.6270432343963614,1.7258347599526815,206,0,0,55.0,55,55,50.38918948763251,211,55,0.522626936796677,0.6668659355210959
10,1,0.059373560369888126,7.975795243044214,252,0.996750973243421,-0.023558395511626803,0.007362476738220224,0.2589641434262948,2.8815600158065253,0.22592366399797648,17.842085415477502,1915.7771075,0.43204905075537814,6.91278481208605,27336638,7031515,2182714727,1.233000274667224,1.5501519275634839,0,206,0,65.0,65,65,56.583570912303244,251,65,0.32906021740017505,0.7675770658373373
10,1,0.03255518101748182,6.029606184185588,65,0.9223463945096152,-0.006333113127572265,0.03221415878842501,1.0,2.8851383117914318,0.22950195998288292,17.906044041284108,1868.493812,0.42138564797361117,6.742170367577779,34062423,63350124,2119670333,1.5363621859729484,4.393726002701351,0,206,0,65.0,65,65,59.75555508151301,65,65,0.33427204352710094,0.7486324959910198
10,1,0.02957124431886947,8.023906039552566,260,0.9507783513725616,-0.010536232078387914,0.02070151701400788,0.25769230769230766,2.857438546363819,0.20180219455527038,17.416857278966777,1941.55358675,0.4378622026863515,7.005795242981624,27622784,3387671,2186072425,1.2459066933934377,1.3987052662641102,206,0,0,67.0,67,67,60.06918065371025,260,67,0.2939270408290849,0.7779046943661859
10,1,0.026474180965230694,5.931083250726314,61,0.9446701463064288,-0.03613394859412042,0.03221415878842501,1.0,2.9379955547055094,0.2823592028969606,18.87796850779871,1664.4155625,0.375361601840523,6.005785629448368,60368766,46327186,2110386928,2.7228917125551932,4.812447606830107,206,0,0,61.0,61,61,55.55638903389014,61,61,0.41125917952112434,0.666866311741723
10,1,0.024891045274371346,8.179704469922415,290,0.9399236770698086,-0.011465217317871724,0.0009981958623687254,0.25862068965517243,2.800487689757615,0.14485133794906613,16.45266861282094,1941.55504475,0.4378625314967928,7.005800503948684,11027318,11381228,2194674334,0.49737960179458873,1.0107220709764355,206,0,0,75.0,75,75,66.84274363556055,290,75,0.21097751299152462,0.7779052785298434
10,1,0.02445127032139726,6.97668892331177,126,0.931799109695205,-0.0747885391526263,0.06403782338047757,0.5158730158730159,2.908341287110687,0.252704935302138,18.326375147462763,1849.680101,0.4171427504324962,6.674284006919939,122414090,83405,2094585385,5.521403421779162,5.525165346998665,0,206,0,65.0,65,65,58.47458365122069,126,65,0.36806742364696904,0.7410945767673496
10,1,0.02424742169589502,6.024355902578508,65,0.948070002463493,-0.000937950434553872,0.0032275427301611207,1.0,2.8870098056243463,0.23137345381579744,17.939586469713074,1866.68999375,0.42097884805957275,6.735661568953164,3691486,96126152,2117265242,0.16650193970195648,4.502205979778257,0,206,0,65.0,65,65,58.79784121024735,65,65,0.33699789418224724,0.7479097764668026
10,1,0.021115301748375784,7.526663919332758,184,0.9997944815253567,-0.0036880781006687693,0.0032859751470129426,0.5300546448087432,2.749351736272785,0.093715384464236,15.632494619504978,1941.55905425,0.4378634357255061,7.005814971608098,6177423,30915079,2179990378,0.2786284200615901,1.6730318173761731,206,0,0,97.0,97,97,80.64740478437199,183,97,0.13649745334255328,0.7779068849799013
10,1,0.019196160099116306,7.776814136571701,219,0.9371266504555811,-0.013245595358698275,0.043940008000678196,0.2602739726027397,2.989213340621374,0.33357698881282527,19.870045384277308,1664.4149365,0.37536146066402354,6.005783370624377,50498545,3076065,2163508270,2.277702175933089,2.4164459742704794,206,0,0,57.0,57,57,52.10077698361709,219,57,0.48585842897549314,0.6668660609279716
10,1,0.018523835230823474,8.131569431114007,280,0.998746463083953,-0.023558395511626803,0.004043346222695976,0.25448028673835127,2.825491807841649,0.16985545603310026,16.86923937050527,1941.55431575,0.43786236709157217,7.005797873465155,24401344,8601566,2184079970,1.1006058555645877,1.488573580072929,206,0,0,71.0,71,71,61.8841300594282,279,71,0.24739627668821118,0.7779049864480145
10,1,0.018507182078270394,5.911391291662541,60,0.9134552208413147,-0.013333878607017204,0.026356120711898443,1.0,2.968984409140329,0.31334805733178017,19.47213382947441,1664.415406,0.37536156654639813,6.00578506474237,35080988,71104194,2110897698,1.5823038604673183,4.789409676917446,206,0,0,60.0,60,60,55.2152540756505,60,60,0.4563947753097773,0.6668662490382852
10,1,0.017808862763080035,7.981533328174176,253,0.9399281660723524,-0.011465217317871724,0.015074371380362165,0.2727272727272727,2.85631785464974,0.20068150284119124,17.397349284594522,1941.55395125,0.43786228488896184,7.005796558223389,23479111,3195430,2190408339,1.0590091697429012,1.203136844392574,206,0,0,69.0,69,69,61.62220928364921,253,69,0.29229474143845197,0.7779048404071003
10,1,0.017652858657125896,7.339276337493985,162,0.937303524719451,-0.0015353552141549875,0.04851147022442658,0.5123456790123457,2.7784381506788947,0.12280179887034581,16.093865116026258,1941.55650275,0.437862860307234,7.005805764915744,44160568,18439840,2154482472,1.9918320780141516,2.8235483916595845,206,0,0,83.0,83,83,73.57478718278188,162,83,0.17886212501303314,0.7779058626935008
10,1,0.01676254806728457,6.7265058786902525,106,0.9966263255733345,-0.014100725807764303,0.007357643907962189,0.9809523809523809,2.721260888901465,0.06562453709291605,15.199475017014592,1941.56014775,0.43786368233333706,7.005818917333393,18985497,45657668,2152439715,0.8563277977231054,2.915685542617153,206,0,0,103.0,103,103,87.87772421097013,105,103,0.09558283563767901,0.7779073231026444
10,1,0.014072366134765427,7.782322123379092,220,0.946226972336868,-0.0005491885960029978,0.024423942209057067,0.2545454545454545,3.0079638318544957,0.35232748004594683,20.246133394812933,1664.41478,0.3753614253698987,6.005782805918379,22070242,14267790,2180744848,0.9954631014966838,1.6390019664037097,206,0,0,56.0,56,56,51.289267035415996,220,56,0.5131687187094022,0.6668659982245337
10,1,0.013938760933701706,8.155244422516162,285,0.9977074372587773,-0.028844516405139596,0.038110378812870514,0.256140350877193,2.823088518747424,0.1674521669388751,16.828746389158432,1941.55468025,0.43786244929418244,7.005799188706919,59135995,37915,2157908970,2.6672884236064283,2.6689985536309764,206,0,0,73.0,73,73,62.967074817298425,285,73,0.24389586058382168,0.777905132488929
10,1,0.010044092204558765,7.782322123379092,220,0.9290950807193046,-0.02829916542604846,0.00842892494095252,0.2636363636363636,2.9735279558458503,0.31789160403730143,19.560807673313143,1664.415093,0.3753614959581484,6.005783935330374,32462832,7027521,2177592527,1.4642137329570648,1.7811852392275025,206,0,0,58.0,58,58,52.65849863475747,220,58,0.4630124993685552,0.6668661236314094
10,1,0.008379051211678739,8.179704469922415,290,0.9286348901209653,-0.011617212697291542,0.0009981958623687254,0.3275862068965517,2.7591383001777565,0.10350194836920767,15.78623409061759,1941.55868975,0.4378633535228958,7.005813656366333,11160893,11054085,2194867902,0.5034044103935348,1.0019913193321848,206,0,0,95.0,95,95,84.46558032846129,290,95,0.15075168766746905,0.777906738938987
10,1,0.007836445301759696,6.403643994474433,85,0.9835205573271166,-0.026066373502059533,0.020958087738966482,1.0,2.7688219883876366,0.11318563657908776,15.939845622255122,1941.55686725,0.4378629425098443,7.005807080157509,41559679,37624394,2137898807,1.8745207666751726,3.5715432072616067,206,0,0,85.0,85,85,73.41172853758432,85,85,0.16485608244927105,0.7779060087344152
10,1,0.0069630015613979905,7.978031800232151,252,0.9994261479572307,-0.023513569406470026,0.001698229824039943,0.4820717131474104,2.706941558957158,0.05130520714860909,14.98337958257416,1941.56342825,0.4378644221568298,7.005830754509277,22284570,12074509,2182723801,1.0051302186772557,1.549742651028003,206,0,0,121.0,121,121,100.73175619378414,251,121,0.07472657940884639,0.7779086374708737
10,1,0.005484698887686621,7.609939898238207,195,0.9515914926384099,-0.02576892302253089,0.0064068007308358405,0.9846153846153847,2.682075345813209,0.0264389940046601,14.615393839365165,2218.716672,0.5003684553281111,8.005895285249778,28441242,11024307,2177617331,1.2828226791413408,1.7800664718497128,206,0,0,192.0,192,192,155.75442198040474,195,192,0.038508675722846365,0.8889531179545854
10,1,0.005466181532960829,6.97668892331177,126,0.931799109695205,-0.0747885391526263,0.06763278688652759,0.5158730158730159,2.909973757640874,0.2543374058323251,18.356316847638276,1847.31570275,0.41660952763976056,6.665752442236169,125573732,76294,2091432854,5.663916903277879,5.667358091728172,0,206,0,65.0,65,65,58.4454756264054,126,65,0.3704451343217019,0.7401472547307196
10,1,0.0053991815185900115,8.446289627247516,349,0.9946752150732496,-0.020906747198162517,0.04622622223486578,0.2607449856733524,2.7643818335819663,0.10874548177341747,15.869227134642497,1941.55796075,0.4378631891176752,7.005811025882803,59273860,31194,2157777826,2.6735067297078223,2.674913713645202,206,0,0,91.0,91,91,76.64947021562801,349,91,0.15838894979132434,0.7779064468571583
10,1,0.004819002476957727,6.914115312205805,121,0.9994909085745353,-0.005717230410883126,0.0005442564681618243,0.9834710743801653,2.7147388169400912,0.05910246513154238,15.100665518765746,1941.56306375,0.4378643399542195,7.005829439267512,5543269,50651332,2160888279,0.2500253396030012,2.5346188681949497,206,0,0,119.0,119,119,99.74578631946675,121,119,0.0860833685188719,0.7779084914299594
10,1,0.004101479122720323,7.176695640449225,145,0.996750973243421,-0.003933980536139641,0.0071065612975109264,0.9862068965517241,2.6923627587836956,0.03672640697514673,14.766524470268545,2218.70648,0.5003661568123244,8.005858508997191,9775501,36937519,2170369860,0.4409172561018558,2.1069586717479862,206,0,0,143.0,143,143,117.63779914873113,145,143,0.053492402033977864,0.8889490344182364
10,1,0.0040864795809517004,8.185001417685504,291,0.996360374935396,-0.02213327998112703,0.0020649062062757483,0.711340206185567,2.6752575574762134,0.019621205667664565,14.51608808517541,2218.719792,0.5003691589553928,8.005906543286285,21391642,9827080,2185864158,0.964855314745834,1.4080990062040442,206,0,0,207.0,207,207,162.5606064788789,291,207,0.028578494560503754,0.888954368016733
10,1,0.0036890226341380994,7.974394284790262,251,0.996750973243421,-0.020906747198162517,0.012404369836117233,0.49800796812749004,2.702248987478341,0.04661263566979201,14.913233713859077,1941.56415725,0.4378645865620504,7.0058333849928065,29456914,2844686,2184781280,1.328633866858419,1.4569414743755542,206,0,0,125.0,125,125,104.2180535757308,251,125,0.0678917991841452,0.7779089295527025
10,1,0.0034512246476645398,8.153387705892893,285,0.9977074372587773,-0.010705919249980192,0.02156158556517508,0.5157894736842106,2.687322913814185,0.031686562005636354,14.692290696683413,2218.707312,0.5003663444462663,8.00586151114026,28531378,2656406,2185895096,1.2868882014911414,1.406703568970773,206,0,0,147.0,147,147,117.00699435833602,285,147,0.046151814279765814,0.8889493677681425
10,1,0.003165152902705611,7.7667457269799,218,0.9474168729482618,-0.00764251354008437,0.002194336887904691,0.4954128440366973,2.71928336996536,0.06364701815681117,15.169447467159245,1941.561059,0.4378638878398628,7.005822205437805,8707484,20919830,2187455566,0.3927450831247229,1.3363196417808252,206,0,0,108.0,108,108,93.64670836010279,218,108,0.09270255829305582,0.7779076882049303
10,1,0.0025345260464657605,7.835950307692669,228,0.995492299624879,-0.029274082071156463,0.007674233006460602,0.5043859649122807,2.7155852436611694,0.059948891852620534,15.113452536440189,1941.56233475,0.43786417554899887,7.005826808783982,32656780,8142057,2176284043,1.4729616242402268,1.8402035110207517,206,0,0,115.0,115,115,95.54651863154513,228,115,0.08731619803271065,0.7779081993481306
10,1,0.0025329477931494864,8.147342462684174,284,0.9508384204365997,-0.024468317796470487,0.006390263078634133,0.20774647887323944,2.971195465072982,0.3155591132644333,19.5152354389747,1664.4152495,0.3753615312522733,6.0057845000363725,27279142,5785132,2184018606,1.2304069570912928,1.4913413611312536,206,0,0,59.0,59,59,53.32739971490523,284,59,0.4596152017715635,0.6668661863348473
10,1,0.002312644807158262,8.008164481047569,257,0.9566976696761601,-0.02913624835952279,0.028264358970235524,0.867704280155642,2.6719317415253268,0.016295389716777908,14.46789044055128,2218.72312,0.5003699094911599,8.005918551858558,50714161,66581,2166302138,2.2874273874687083,2.2904304777275626,206,0,0,223.0,223,223,181.37591601750722,257,223,0.02373440828611713,0.8889557014163573
