=== 2026-09-30 21:27:33  python -m scripts.compress_search --include embeddings --auto-k-bounds --pop-size 100 --n-gen 50 --seq-len 2048 --calib-seqs 8 --calib-every 0 --k-space log2 --max-delta-loss 1.0 --calib-from compress_runs/local_50_log2_k256_calib_fixed_8x2048_maxdelta1 --out-dir compress_runs/local_50_log2_autok_calib_fixed_8x2048_maxdelta1_emb
Calibration batches copied from compress_runs/local_50_log2_k256_calib_fixed_8x2048_maxdelta1
Loading Qwen/Qwen2.5-0.5B-Instruct on cuda
Loading weights:   0%|                                                                                                          | 0/290 [00:00<?, ?it/s]Loading weights: 100%|██████████████████████████████████████████████████████████████████████████████████████████████| 290/290 [00:00<00:00, 8028.54it/s]
Compressing 169 matrices, 494.0M weights (100.0% of params), originals kept on GPU
Calibration: one fixed batch for the whole run
Baseline: calib loss 2.8854 on the first batch, size 988.1 MB, one forward pass over a batch takes 4.4s
K-bounds warm-up: bisecting log2(K) in [1.585, 13.000] (K_min: delta +0.4055 (ppl +50.00%) exceeded, K_max: delta +0.0050 (ppl +0.50%) reached)
    log2(K)=1.5850 -> K=3: delta +14.2600 (ppl +155961964.47%), size 66.5 MB
    log2(K)=13.0000 -> K=8192: delta -0.0004 (ppl -0.04%), size 805.8 MB
    log2(K)=7.2925 -> K=157: delta +0.0068 (ppl +0.68%), size 495.0 MB
    log2(K)=4.4387 -> K=22: delta +0.4098 (ppl +50.66%), size 308.0 MB
    log2(K)=5.8656 -> K=58: delta +0.0475 (ppl +4.86%), size 371.5 MB
    log2(K)=5.1522 -> K=36: delta +0.1095 (ppl +11.57%), size 371.5 MB
    log2(K)=4.7954 -> K=28: delta +0.2045 (ppl +22.70%), size 309.7 MB
    log2(K)=4.6171 -> K=25: delta +0.2324 (ppl +26.17%), size 309.5 MB
    log2(K)=4.5279 -> K=23: delta +0.2909 (ppl +33.76%), size 308.9 MB
    log2(K)=8.7194 -> K=421: delta +0.0007 (ppl +0.07%), size 556.8 MB
    log2(K)=6.5790 -> K=96: delta +0.0140 (ppl +1.41%), size 433.3 MB
    log2(K)=7.6492 -> K=201: delta +0.0043 (ppl +0.43%), size 495.1 MB
    log2(K)=7.1141 -> K=139: delta +0.0071 (ppl +0.71%), size 495.0 MB
    log2(K)=7.3817 -> K=167: delta +0.0053 (ppl +0.53%), size 495.0 MB
    log2(K)=7.5154 -> K=183: delta +0.0067 (ppl +0.67%), size 495.0 MB
    log2(K)=7.5823 -> K=192: delta +0.0045 (ppl +0.45%), size 495.0 MB
    log2(K)=4.0000 -> K=16: delta +0.9803 (ppl +166.51%), size 244.5 MB
    log2(K)=8.0000 -> K=256: delta +0.0016 (ppl +0.16%), size 495.1 MB
K-bounds warm-up result: K_min=16 (delta +0.9803 (ppl +166.51%)), K_max=256 (delta +0.0016 (ppl +0.16%)), 18 evaluations
gen 1 initial [1/100] k=136 (used 133.7) c=0.832 alpha=-0.302 beta=+0.302 | loss 3.2975 (delta +0.4121) size 433.8 MB sparsity 24.9%
gen 1 initial [2/100] k= 20 (used  18.9) c=0.993 alpha=-0.918 beta=+0.918 | loss 10.2785 (delta +7.3932) size 168.9 MB sparsity 65.6%
gen 1 initial [3/100] k= 22 (used  21.9) c=0.835 alpha=-0.781 beta=+0.781 | loss 8.7534 (delta +5.8681) size 192.0 MB sparsity 58.1%
gen 1 initial [4/100] k= 94 (used  94.0) c=0.947 alpha=-0.111 beta=+0.111 | loss 2.9147 (delta +0.0293) size 433.3 MB sparsity 9.4%
gen 1 initial [5/100] k= 74 (used  67.2) c=0.719 alpha=-0.997 beta=+0.997 | loss 12.3082 (delta +9.4228) size 194.3 MB sparsity 69.5%
gen 1 initial [6/100] k=130 (used 119.7) c=0.806 alpha=-0.879 beta=+0.879 | loss 10.3355 (delta +7.4501) size 220.3 MB sparsity 63.6%
gen 1 initial [7/100] k=138 (used 135.5) c=0.758 alpha=-0.284 beta=+0.284 | loss 3.4314 (delta +0.5460) size 440.9 MB sparsity 23.5%
gen 1 initial [8/100] k= 24 (used  23.8) c=0.905 alpha=-0.837 beta=+0.837 | loss 9.6001 (delta +6.7147) size 182.3 MB sparsity 61.3%
gen 1 initial [9/100] k= 39 (used  39.0) c=0.811 alpha=-0.106 beta=+0.106 | loss 3.0122 (delta +0.1268) size 371.5 MB sparsity 9.5%
gen 1 initial [10/100] k= 22 (used  21.6) c=0.843 alpha=-0.999 beta=+0.999 | loss 13.0809 (delta +10.1955) size 156.8 MB sparsity 69.6%
gen 1 initial [11/100] k= 53 (used  51.7) c=0.950 alpha=-0.666 beta=+0.666 | loss 7.2997 (delta +4.4143) size 244.1 MB sparsity 51.1%
gen 1 initial [12/100] k=160 (used 152.3) c=0.941 alpha=-0.650 beta=+0.650 | loss 6.7993 (delta +3.9140) size 309.5 MB sparsity 50.1%
gen 1 initial [13/100] k=105 (used 105.0) c=0.742 alpha=-0.090 beta=+0.090 | loss 3.0617 (delta +0.1763) size 433.3 MB sparsity 7.6%
gen 1 initial [14/100] k=141 (used 130.7) c=0.899 alpha=-0.897 beta=+0.897 | loss 10.3379 (delta +7.4526) size 230.8 MB sparsity 64.5%
gen 1 initial [15/100] k= 56 (used  56.0) c=0.871 alpha=-0.029 beta=+0.029 | loss 2.9468 (delta +0.0615) size 371.5 MB sparsity 5.8%
gen 1 initial [16/100] k=101 (used 100.2) c=0.841 alpha=-0.241 beta=+0.241 | loss 3.1344 (delta +0.2491) size 408.6 MB sparsity 20.0%
gen 1 initial [17/100] k= 92 (used  92.0) c=0.866 alpha=-0.143 beta=+0.143 | loss 2.9486 (delta +0.0633) size 433.2 MB sparsity 12.0%
gen 1 initial [18/100] k= 17 (used  17.0) c=0.831 alpha=-0.777 beta=+0.777 | loss 9.5280 (delta +6.6426) size 166.8 MB sparsity 57.9%
gen 1 initial [19/100] k=170 (used 168.2) c=0.770 alpha=-0.198 beta=+0.198 | loss 3.1426 (delta +0.2573) size 475.1 MB sparsity 16.5%
gen 1 initial [20/100] k= 35 (used  33.8) c=0.899 alpha=-0.911 beta=+0.911 | loss 11.0237 (delta +8.1384) size 183.9 MB sparsity 65.2%
gen 1 initial [21/100] k=100 (used  95.2) c=0.822 alpha=-0.656 beta=+0.656 | loss 6.9405 (delta +4.0551) size 276.9 MB sparsity 50.5%
gen 1 initial [22/100] k= 17 (used  17.0) c=0.727 alpha=-0.036 beta=+0.036 | loss 3.4697 (delta +0.5844) size 270.1 MB sparsity 16.1%
gen 1 initial [23/100] k= 24 (used  24.0) c=0.850 alpha=-0.005 beta=+0.005 | loss 3.1145 (delta +0.2292) size 309.7 MB sparsity 13.7%
gen 1 initial [24/100] k= 54 (used  54.0) c=0.814 alpha=-0.052 beta=+0.052 | loss 2.9694 (delta +0.0840) size 371.5 MB sparsity 5.7%
gen 1 initial [25/100] k= 43 (used  41.8) c=0.726 alpha=-0.606 beta=+0.606 | loss 5.9730 (delta +3.0876) size 258.5 MB sparsity 47.2%
gen 1 initial [26/100] k=198 (used 184.8) c=0.910 alpha=-0.801 beta=+0.801 | loss 9.0550 (delta +6.1696) size 264.0 MB sparsity 59.3%
gen 1 initial [27/100] k=138 (used 136.7) c=0.915 alpha=-0.239 beta=+0.239 | loss 3.0857 (delta +0.2003) size 458.9 MB sparsity 19.8%
gen 1 initial [28/100] k= 20 (used  19.0) c=0.971 alpha=-0.849 beta=+0.849 | loss 10.7844 (delta +7.8991) size 180.1 MB sparsity 62.0%
gen 1 initial [29/100] k= 37 (used  37.0) c=0.874 alpha=-0.057 beta=+0.057 | loss 2.9734 (delta +0.0880) size 371.5 MB sparsity 8.7%
gen 1 initial [30/100] k=130 (used 122.1) c=0.916 alpha=-0.801 beta=+0.801 | loss 9.1088 (delta +6.2234) size 239.6 MB sparsity 59.3%
gen 1 initial [31/100] k= 80 (used  74.9) c=0.895 alpha=-0.928 beta=+0.928 | loss 10.1713 (delta +7.2859) size 209.4 MB sparsity 66.1%
gen 1 initial [32/100] k= 17 (used  17.0) c=0.848 alpha=-0.772 beta=+0.772 | loss 9.3129 (delta +6.4275) size 167.4 MB sparsity 57.6%
gen 1 initial [33/100] k= 21 (used  21.0) c=0.876 alpha=-0.698 beta=+0.698 | loss 7.8912 (delta +5.0059) size 207.4 MB sparsity 53.1%
gen 1 initial [34/100] k= 79 (used  73.9) c=0.804 alpha=-0.838 beta=+0.838 | loss 10.0686 (delta +7.1832) size 229.9 MB sparsity 61.3%
gen 1 initial [35/100] k=228 (used 228.0) c=0.845 alpha=-0.040 beta=+0.040 | loss 2.9191 (delta +0.0337) size 495.1 MB sparsity 3.4%
gen 1 initial [36/100] k= 61 (used  61.0) c=0.847 alpha=-0.202 beta=+0.202 | loss 3.0583 (delta +0.1730) size 370.3 MB sparsity 16.9%
gen 1 initial [37/100] k= 59 (used  59.0) c=0.780 alpha=-0.125 beta=+0.125 | loss 3.0315 (delta +0.1461) size 371.5 MB sparsity 10.6%
gen 1 initial [38/100] k= 53 (used  51.7) c=0.706 alpha=-0.505 beta=+0.505 | loss 5.3072 (delta +2.4218) size 284.5 MB sparsity 40.2%
gen 1 initial [39/100] k= 23 (used  22.9) c=0.866 alpha=-0.745 beta=+0.745 | loss 8.2039 (delta +5.3186) size 198.6 MB sparsity 56.0%
gen 1 initial [40/100] k= 34 (used  33.8) c=0.898 alpha=-0.630 beta=+0.630 | loss 6.4226 (delta +3.5372) size 252.4 MB sparsity 48.8%
gen 1 initial [41/100] k= 21 (used  20.9) c=0.975 alpha=-0.851 beta=+0.851 | loss 10.2193 (delta +7.3339) size 179.9 MB sparsity 62.1%
gen 1 initial [42/100] k= 74 (used  74.0) c=0.811 alpha=-0.155 beta=+0.155 | loss 3.0032 (delta +0.1179) size 433.1 MB sparsity 13.0%
gen 1 initial [43/100] k= 38 (used  36.4) c=0.986 alpha=-0.735 beta=+0.735 | loss 7.8413 (delta +4.9560) size 228.2 MB sparsity 55.4%
gen 1 initial [44/100] k= 32 (used  31.0) c=0.981 alpha=-0.193 beta=+0.193 | loss 3.0804 (delta +0.1950) size 309.7 MB sparsity 16.7%
gen 1 initial [45/100] k= 53 (used  53.0) c=0.998 alpha=-0.271 beta=+0.271 | loss 3.2027 (delta +0.3173) size 350.1 MB sparsity 22.5%
gen 1 initial [46/100] k=189 (used 178.8) c=0.968 alpha=-0.710 beta=+0.710 | loss 7.7456 (delta +4.8603) size 290.8 MB sparsity 53.8%
gen 1 initial [47/100] k=135 (used 124.1) c=0.898 alpha=-0.980 beta=+0.980 | loss 10.8523 (delta +7.9669) size 202.5 MB sparsity 68.7%
gen 1 initial [48/100] k=126 (used 119.5) c=0.779 alpha=-0.612 beta=+0.612 | loss 5.7575 (delta +2.8721) size 289.6 MB sparsity 47.5%
gen 1 initial [49/100] k= 22 (used  22.0) c=0.949 alpha=-0.055 beta=+0.055 | loss 3.2339 (delta +0.3485) size 308.5 MB sparsity 16.8%
gen 1 initial [50/100] k= 83 (used  80.4) c=0.962 alpha=-0.616 beta=+0.616 | loss 5.8130 (delta +2.9276) size 288.2 MB sparsity 47.9%
gen 1 initial [51/100] k=137 (used 137.0) c=0.992 alpha=-0.042 beta=+0.042 | loss 2.8917 (delta +0.0063) size 495.0 MB sparsity 3.7%
gen 1 initial [52/100] k= 16 (used  16.0) c=0.769 alpha=-0.884 beta=+0.884 | loss 10.8093 (delta +7.9240) size 152.1 MB sparsity 63.8%
gen 1 initial [53/100] k= 22 (used  21.9) c=0.852 alpha=-0.710 beta=+0.710 | loss 7.9015 (delta +5.0161) size 205.3 MB sparsity 53.9%
gen 1 initial [54/100] k= 27 (used  27.0) c=0.941 alpha=-0.173 beta=+0.173 | loss 3.1106 (delta +0.2253) size 309.7 MB sparsity 15.5%
gen 1 initial [55/100] k= 22 (used  22.0) c=0.737 alpha=-0.092 beta=+0.092 | loss 3.2452 (delta +0.3599) size 309.8 MB sparsity 13.1%
gen 1 initial [56/100] k= 36 (used  36.0) c=0.847 alpha=-0.184 beta=+0.184 | loss 3.0542 (delta +0.1689) size 371.1 MB sparsity 15.6%
gen 1 initial [57/100] k= 35 (used  33.8) c=0.977 alpha=-0.980 beta=+0.980 | loss 11.1488 (delta +8.2635) size 172.1 MB sparsity 68.6%
gen 1 initial [58/100] k= 92 (used  89.0) c=0.732 alpha=-0.459 beta=+0.459 | loss 4.4727 (delta +1.5873) size 335.8 MB sparsity 36.8%
gen 1 initial [59/100] k=233 (used 216.8) c=0.879 alpha=-0.784 beta=+0.784 | loss 8.8949 (delta +6.0096) size 268.9 MB sparsity 58.3%
gen 1 initial [60/100] k= 58 (used  56.6) c=0.935 alpha=-0.636 beta=+0.636 | loss 6.5307 (delta +3.6454) size 251.1 MB sparsity 49.2%
gen 1 initial [61/100] k=159 (used 152.5) c=0.939 alpha=-0.572 beta=+0.572 | loss 5.2153 (delta +2.3300) size 335.0 MB sparsity 44.9%
gen 1 initial [62/100] k= 85 (used  85.0) c=0.960 alpha=-0.145 beta=+0.145 | loss 2.9394 (delta +0.0541) size 433.2 MB sparsity 12.2%
gen 1 initial [63/100] k= 44 (used  41.8) c=0.828 alpha=-0.946 beta=+0.946 | loss 10.6539 (delta +7.7685) size 185.1 MB sparsity 67.0%
gen 1 initial [64/100] k= 55 (used  54.8) c=0.774 alpha=-0.301 beta=+0.301 | loss 3.4408 (delta +0.5555) size 341.2 MB sparsity 24.8%
gen 1 initial [65/100] k=153 (used 144.4) c=0.732 alpha=-0.578 beta=+0.578 | loss 5.6941 (delta +2.8088) size 333.1 MB sparsity 45.3%
gen 1 initial [66/100] k= 23 (used  23.0) c=0.947 alpha=-0.700 beta=+0.700 | loss 7.8082 (delta +4.9229) size 207.1 MB sparsity 53.2%
gen 1 initial [67/100] k=205 (used 191.4) c=0.750 alpha=-0.649 beta=+0.649 | loss 6.5238 (delta +3.6385) size 309.8 MB sparsity 50.0%
gen 1 initial [68/100] k= 21 (used  20.4) c=0.706 alpha=-0.941 beta=+0.941 | loss 11.0521 (delta +8.1668) size 165.5 MB sparsity 66.7%
gen 1 initial [69/100] k= 18 (used  18.0) c=0.877 alpha=-0.148 beta=+0.148 | loss 3.3998 (delta +0.5145) size 306.6 MB sparsity 19.2%
gen 1 initial [70/100] k= 38 (used  37.8) c=0.851 alpha=-0.508 beta=+0.508 | loss 4.6183 (delta +1.7330) size 283.4 MB sparsity 40.4%
gen 1 initial [71/100] k= 18 (used  18.0) c=0.754 alpha=-0.404 beta=+0.404 | loss 4.2684 (delta +1.3830) size 269.5 MB sparsity 33.1%
gen 1 initial [72/100] k= 77 (used  75.2) c=0.825 alpha=-0.474 beta=+0.474 | loss 4.2747 (delta +1.3894) size 330.9 MB sparsity 38.0%
gen 1 initial [73/100] k= 67 (used  67.0) c=0.731 alpha=-0.119 beta=+0.119 | loss 3.1213 (delta +0.2360) size 433.3 MB sparsity 10.1%
gen 1 initial [74/100] k=208 (used 206.6) c=0.730 alpha=-0.134 beta=+0.134 | loss 3.1225 (delta +0.2372) size 494.9 MB sparsity 11.3%
gen 1 initial [75/100] k=242 (used 237.7) c=0.941 alpha=-0.278 beta=+0.278 | loss 3.1776 (delta +0.2922) size 443.2 MB sparsity 23.0%
gen 1 initial [76/100] k=138 (used 135.0) c=0.740 alpha=-0.305 beta=+0.305 | loss 3.5887 (delta +0.7033) size 432.8 MB sparsity 25.1%
gen 1 initial [77/100] k=172 (used 166.3) c=0.839 alpha=-0.428 beta=+0.428 | loss 3.7956 (delta +0.9103) size 386.1 MB sparsity 34.6%
gen 1 initial [78/100] k= 33 (used  32.4) c=0.742 alpha=-0.611 beta=+0.611 | loss 5.9382 (delta +3.0529) size 224.9 MB sparsity 47.5%
gen 1 initial [79/100] k= 30 (used  29.8) c=0.810 alpha=-0.635 beta=+0.635 | loss 6.4108 (delta +3.5254) size 220.0 MB sparsity 49.1%
gen 1 initial [80/100] k= 45 (used  44.8) c=0.906 alpha=-0.412 beta=+0.412 | loss 3.6978 (delta +0.8125) size 309.6 MB sparsity 33.4%
gen 1 initial [81/100] k=203 (used 196.4) c=0.844 alpha=-0.409 beta=+0.409 | loss 3.6953 (delta +0.8099) size 393.1 MB sparsity 33.1%
gen 1 initial [82/100] k=168 (used 166.4) c=0.896 alpha=-0.218 beta=+0.218 | loss 3.0450 (delta +0.1597) size 467.3 MB sparsity 18.1%
gen 1 initial [83/100] k= 92 (used  88.0) c=0.786 alpha=-0.588 beta=+0.588 | loss 5.4598 (delta +2.5745) size 296.3 MB sparsity 46.0%
gen 1 initial [84/100] k=109 (used 107.7) c=0.958 alpha=-0.317 beta=+0.317 | loss 3.3048 (delta +0.4195) size 382.3 MB sparsity 26.1%
gen 1 initial [85/100] k= 20 (used  20.0) c=0.918 alpha=-0.036 beta=+0.036 | loss 3.3059 (delta +0.4205) size 307.8 MB sparsity 17.9%
gen 1 initial [86/100] k= 23 (used  23.0) c=0.988 alpha=-0.418 beta=+0.418 | loss 4.0603 (delta +1.1749) size 266.3 MB sparsity 34.1%
gen 1 initial [87/100] k=139 (used 134.9) c=0.939 alpha=-0.474 beta=+0.474 | loss 4.1716 (delta +1.2863) size 369.2 MB sparsity 38.0%
gen 1 initial [88/100] k= 81 (used  80.6) c=0.729 alpha=-0.226 beta=+0.226 | loss 3.4279 (delta +0.5425) size 413.9 MB sparsity 18.8%
gen 1 initial [89/100] k= 76 (used  73.7) c=0.872 alpha=-0.572 beta=+0.572 | loss 5.1796 (delta +2.2942) size 300.9 MB sparsity 44.9%
gen 1 initial [90/100] k=132 (used 127.1) c=0.940 alpha=-0.566 beta=+0.566 | loss 5.0942 (delta +2.2088) size 321.5 MB sparsity 44.4%
gen 1 initial [91/100] k=211 (used 195.3) c=0.736 alpha=-0.702 beta=+0.702 | loss 7.5407 (delta +4.6553) size 293.2 MB sparsity 53.4%
gen 1 initial [92/100] k= 98 (used  93.4) c=0.826 alpha=-0.648 beta=+0.648 | loss 6.3775 (delta +3.4921) size 279.2 MB sparsity 49.9%
gen 1 initial [93/100] k= 40 (used  39.5) c=0.970 alpha=-0.652 beta=+0.652 | loss 7.2371 (delta +4.3517) size 247.2 MB sparsity 50.2%
gen 1 initial [94/100] k= 43 (used  42.9) c=0.794 alpha=-0.316 beta=+0.316 | loss 3.4553 (delta +0.5700) size 336.8 MB sparsity 26.0%
gen 1 initial [95/100] k=214 (used 198.2) c=0.831 alpha=-0.787 beta=+0.787 | loss 9.1064 (delta +6.2210) size 267.9 MB sparsity 58.5%
gen 1 initial [96/100] k= 73 (used  71.4) c=0.981 alpha=-0.549 beta=+0.549 | loss 5.0071 (delta +2.1217) size 307.9 MB sparsity 43.3%
gen 1 initial [97/100] k= 45 (used  44.9) c=0.996 alpha=-0.431 beta=+0.431 | loss 3.8749 (delta +0.9895) size 304.2 MB sparsity 34.8%
gen 1 initial [98/100] k= 22 (used  21.0) c=0.955 alpha=-0.626 beta=+0.626 | loss 6.6294 (delta +3.7441) size 221.6 MB sparsity 48.6%
gen 1 initial [99/100] k= 81 (used  80.0) c=0.906 alpha=-0.361 beta=+0.361 | loss 3.4842 (delta +0.5989) size 367.7 MB sparsity 29.5%
gen 1 initial [100/100] k=157 (used 150.0) c=0.789 alpha=-0.513 beta=+0.513 | loss 4.8357 (delta +1.9504) size 355.5 MB sparsity 40.7%
=== generation 1/50 done in 471s (0 reused), batch baseline 2.8854, HV 0.31511, front 14 points, 42/100 feasible, best delta loss +0.0063, smallest 270.1 MB
gen 2 offspring [1/100] k=215 (used 204.3) c=0.734 alpha=-0.821 beta=+0.165 | loss 20.3238 (delta +17.4385) size 373.5 MB sparsity 37.1%
gen 2 offspring [2/100] k=130 (used 126.2) c=0.999 alpha=-0.271 beta=+0.557 | loss 15.0105 (delta +12.1251) size 351.9 MB sparsity 33.1%
gen 2 offspring [3/100] k=137 (used 123.5) c=0.705 alpha=-0.896 beta=+0.918 | loss 10.7333 (delta +7.8480) size 221.3 MB sparsity 65.0%
gen 2 offspring [4/100] k= 40 (used  38.9) c=0.719 alpha=-0.616 beta=+0.628 | loss 6.0601 (delta +3.1747) size 254.6 MB sparsity 48.2%
gen 2 offspring [5/100] k=156 (used 155.4) c=0.849 alpha=-0.005 beta=+0.192 | loss 2.9562 (delta +0.0709) size 495.0 MB sparsity 9.0%
gen 2 offspring [6/100] k= 43 (used  42.8) c=0.839 alpha=-0.431 beta=+0.431 | loss 3.8909 (delta +1.0055) size 304.2 MB sparsity 34.8%
gen 2 offspring [7/100] k=100 (used  97.0) c=0.732 alpha=-0.684 beta=+0.076 | loss 19.4823 (delta +16.5970) size 368.2 MB sparsity 29.3%
gen 2 offspring [8/100] k= 92 (used  89.0) c=0.732 alpha=-0.459 beta=+0.458 | loss 4.4668 (delta +1.5815) size 335.9 MB sparsity 36.8%
gen 2 offspring [9/100] k=101 (used  98.3) c=0.841 alpha=-0.606 beta=+0.276 | loss 18.9242 (delta +16.0389) size 343.8 MB sparsity 35.0%
gen 2 offspring [10/100] k= 22 (used  22.0) c=0.764 alpha=-0.117 beta=+0.108 | loss 3.1953 (delta +0.3099) size 309.7 MB sparsity 13.6%
gen 2 offspring [11/100] k= 46 (used  46.0) c=0.816 alpha=-0.106 beta=+0.106 | loss 2.9836 (delta +0.0982) size 371.5 MB sparsity 9.3%
gen 2 offspring [12/100] k= 74 (used  74.0) c=0.731 alpha=-0.055 beta=+0.119 | loss 3.0648 (delta +0.1795) size 433.3 MB sparsity 7.5%
gen 2 offspring [13/100] k= 83 (used  80.4) c=0.759 alpha=-0.616 beta=+0.324 | loss 18.7095 (delta +15.8241) size 334.1 MB sparsity 37.2%
gen 2 offspring [14/100] k= 66 (used  66.0) c=0.814 alpha=-0.051 beta=+0.056 | loss 2.9517 (delta +0.0663) size 433.3 MB sparsity 5.1%
gen 2 offspring [15/100] k= 82 (used  81.1) c=0.756 alpha=-0.281 beta=+0.287 | loss 3.4269 (delta +0.5415) size 393.5 MB sparsity 23.5%
gen 2 offspring [16/100] k= 41 (used  41.0) c=0.990 alpha=-0.040 beta=+0.040 | loss 2.9621 (delta +0.0767) size 371.5 MB sparsity 8.9%
gen 2 offspring [17/100] k=137 (used 137.0) c=0.991 alpha=-0.042 beta=+0.042 | loss 2.8923 (delta +0.0069) size 495.0 MB sparsity 3.7%
gen 2 offspring [18/100] k= 95 (used  95.0) c=0.831 alpha=-0.111 beta=+0.116 | loss 2.9485 (delta +0.0631) size 433.3 MB sparsity 9.6%
gen 2 offspring [19/100] k=109 (used 107.3) c=0.958 alpha=-0.421 beta=+0.310 | loss 3.5114 (delta +0.6260) size 366.3 MB sparsity 29.8%
gen 2 offspring [20/100] k= 34 (used  34.0) c=0.749 alpha=-0.414 beta=+0.316 | loss 3.8357 (delta +0.9503) size 322.8 MB sparsity 29.8%
gen 2 offspring [21/100] k=137 (used 135.7) c=0.915 alpha=-0.239 beta=+0.239 | loss 3.0839 (delta +0.1986) size 458.7 MB sparsity 19.9%
gen 2 offspring [22/100] k= 55 (used  55.0) c=0.941 alpha=-0.030 beta=+0.173 | loss 2.9600 (delta +0.0747) size 371.5 MB sparsity 10.4%
gen 2 offspring [23/100] k= 77 (used  75.7) c=0.824 alpha=-0.474 beta=+0.316 | loss 3.7889 (delta +0.9035) size 356.8 MB sparsity 32.0%
gen 2 offspring [24/100] k= 27 (used  26.9) c=0.876 alpha=-0.648 beta=+0.652 | loss 6.7705 (delta +3.8851) size 216.9 MB sparsity 50.1%
gen 2 offspring [25/100] k= 62 (used  62.0) c=0.847 alpha=-0.202 beta=+0.257 | loss 3.1057 (delta +0.2203) size 362.6 MB sparsity 19.1%
gen 2 offspring [26/100] k=228 (used 219.5) c=0.845 alpha=-0.655 beta=+0.236 | loss 19.2864 (delta +16.4010) size 384.0 MB sparsity 35.0%
gen 2 offspring [27/100] k=245 (used 240.8) c=0.727 alpha=-0.012 beta=+0.354 | loss 3.4576 (delta +0.5722) size 482.4 MB sparsity 15.1%
gen 2 offspring [28/100] k= 95 (used  90.4) c=0.822 alpha=-0.669 beta=+0.656 | loss 7.1292 (delta +4.2439) size 275.1 MB sparsity 50.9%
gen 2 offspring [29/100] k=101 (used 100.8) c=0.871 alpha=-0.027 beta=+0.211 | loss 2.9614 (delta +0.0761) size 433.3 MB sparsity 10.4%
gen 2 offspring [30/100] k= 19 (used  19.0) c=0.918 alpha=-0.139 beta=+0.038 | loss 3.3044 (delta +0.4191) size 307.8 MB sparsity 17.9%
gen 2 offspring [31/100] k= 18 (used  18.0) c=0.877 alpha=-0.099 beta=+0.148 | loss 3.3995 (delta +0.5141) size 306.6 MB sparsity 19.2%
gen 2 offspring [32/100] k= 77 (used  75.5) c=0.825 alpha=-0.379 beta=+0.474 | loss 3.8757 (delta +0.9904) size 346.3 MB sparsity 34.4%
gen 2 offspring [33/100] k=149 (used 149.0) c=0.945 alpha=-0.055 beta=+0.053 | loss 2.8955 (delta +0.0102) size 495.0 MB sparsity 4.6%
gen 2 offspring [34/100] k= 53 (used  53.0) c=0.992 alpha=-0.271 beta=+0.271 | loss 3.2059 (delta +0.3205) size 350.1 MB sparsity 22.5%
gen 2 offspring [35/100] k=186 (used 184.4) c=0.980 alpha=-0.218 beta=+0.218 | loss 3.0397 (delta +0.1543) size 467.3 MB sparsity 18.1%
gen 2 offspring [36/100] k= 91 (used  89.2) c=0.940 alpha=-0.459 beta=+0.450 | loss 4.0323 (delta +1.1470) size 337.2 MB sparsity 36.5%
gen 2 offspring [37/100] k=104 (used  99.1) c=0.810 alpha=-0.618 beta=+0.635 | loss 5.9369 (delta +3.0516) size 285.4 MB sparsity 48.5%
gen 2 offspring [38/100] k= 81 (used  80.8) c=0.917 alpha=-0.239 beta=+0.239 | loss 3.0971 (delta +0.2117) size 409.3 MB sparsity 19.8%
gen 2 offspring [39/100] k= 27 (used  27.0) c=0.861 alpha=-0.318 beta=+0.054 | loss 3.1962 (delta +0.3108) size 308.7 MB sparsity 19.1%
gen 2 offspring [40/100] k= 24 (used  24.0) c=0.881 alpha=-0.322 beta=+0.001 | loss 3.3004 (delta +0.4151) size 307.0 MB sparsity 20.5%
gen 2 offspring [41/100] k= 45 (used  44.9) c=0.999 alpha=-0.431 beta=+0.431 | loss 3.8770 (delta +0.9916) size 304.2 MB sparsity 34.8%
gen 2 offspring [42/100] k= 58 (used  56.6) c=0.935 alpha=-0.615 beta=+0.636 | loss 6.2395 (delta +3.3541) size 253.7 MB sparsity 48.5%
gen 2 offspring [43/100] k= 55 (used  55.0) c=0.814 alpha=-0.041 beta=+0.052 | loss 2.9717 (delta +0.0864) size 371.5 MB sparsity 5.5%
gen 2 offspring [44/100] k= 55 (used  54.8) c=0.761 alpha=-0.301 beta=+0.301 | loss 3.5288 (delta +0.6435) size 341.2 MB sparsity 24.8%
gen 2 offspring [45/100] k=175 (used 166.4) c=0.941 alpha=-0.650 beta=+0.650 | loss 6.7874 (delta +3.9021) size 309.4 MB sparsity 50.1%
gen 2 offspring [46/100] k= 22 (used  22.0) c=0.737 alpha=-0.098 beta=+0.095 | loss 3.2456 (delta +0.3602) size 309.8 MB sparsity 13.1%
gen 2 offspring [47/100] k= 69 (used  69.0) c=0.992 alpha=-0.042 beta=+0.049 | loss 2.9137 (delta +0.0283) size 433.3 MB sparsity 5.3%
gen 2 offspring [48/100] k=207 (used 199.5) c=0.827 alpha=-0.101 beta=+0.756 | loss 16.5417 (delta +13.6563) size 395.9 MB sparsity 32.6%
gen 2 offspring [49/100] k= 54 (used  53.5) c=0.929 alpha=-0.566 beta=+0.280 | loss 18.6842 (delta +15.7988) size 308.0 MB sparsity 33.8%
gen 2 offspring [50/100] k= 53 (used  52.2) c=0.898 alpha=-0.506 beta=+0.513 | loss 4.5693 (delta +1.6840) size 283.2 MB sparsity 40.5%
gen 2 offspring [51/100] k= 17 (used  17.0) c=0.727 alpha=-0.029 beta=+0.007 | loss 3.4697 (delta +0.5844) size 270.1 MB sparsity 16.1%
gen 2 offspring [52/100] k= 22 (used  22.0) c=0.771 alpha=-0.198 beta=+0.027 | loss 3.2139 (delta +0.3285) size 309.6 MB sparsity 15.6%
gen 2 offspring [53/100] k=167 (used 163.2) c=0.996 alpha=-0.382 beta=+0.393 | loss 3.5788 (delta +0.6935) size 401.2 MB sparsity 31.5%
gen 2 offspring [54/100] k= 97 (used  94.6) c=0.828 alpha=-0.009 beta=+0.671 | loss 16.2412 (delta +13.3559) size 377.2 MB sparsity 27.3%
gen 2 offspring [55/100] k= 38 (used  37.8) c=0.851 alpha=-0.508 beta=+0.479 | loss 4.4389 (delta +1.5536) size 287.4 MB sparsity 39.4%
gen 2 offspring [56/100] k= 76 (used  74.8) c=0.872 alpha=-0.242 beta=+0.572 | loss 15.7929 (delta +12.9076) size 354.5 MB sparsity 32.5%
gen 2 offspring [57/100] k= 22 (used  22.0) c=0.852 alpha=-0.685 beta=+0.710 | loss 7.7957 (delta +4.9103) size 207.6 MB sparsity 53.1%
gen 2 offspring [58/100] k= 58 (used  56.6) c=0.928 alpha=-0.636 beta=+0.636 | loss 6.4540 (delta +3.5687) size 251.1 MB sparsity 49.2%
gen 2 offspring [59/100] k= 20 (used  20.0) c=0.940 alpha=-0.119 beta=+0.055 | loss 3.3076 (delta +0.4223) size 307.4 MB sparsity 18.4%
gen 2 offspring [60/100] k= 62 (used  60.3) c=0.985 alpha=-0.301 beta=+0.592 | loss 15.8408 (delta +12.9555) size 301.5 MB sparsity 35.6%
gen 2 offspring [61/100] k=168 (used 166.4) c=0.896 alpha=-0.218 beta=+0.213 | loss 3.0425 (delta +0.1571) size 468.0 MB sparsity 18.0%
gen 2 offspring [62/100] k=136 (used 134.4) c=0.746 alpha=-0.228 beta=+0.222 | loss 3.3316 (delta +0.4462) size 464.3 MB sparsity 18.7%
gen 2 offspring [63/100] k=198 (used 197.0) c=0.844 alpha=-0.193 beta=+0.022 | loss 2.9518 (delta +0.0665) size 495.0 MB sparsity 9.1%
gen 2 offspring [64/100] k= 37 (used  37.0) c=0.874 alpha=-0.057 beta=+0.057 | loss 2.9730 (delta +0.0876) size 371.5 MB sparsity 8.7%
gen 2 offspring [65/100] k=136 (used 134.3) c=0.947 alpha=-0.295 beta=+0.296 | loss 3.2302 (delta +0.3449) size 436.4 MB sparsity 24.4%
gen 2 offspring [66/100] k=203 (used 197.4) c=0.844 alpha=-0.305 beta=+0.412 | loss 3.4716 (delta +0.5862) size 412.4 MB sparsity 29.2%
gen 2 offspring [67/100] k= 45 (used  44.9) c=0.906 alpha=-0.314 beta=+0.412 | loss 3.4866 (delta +0.6012) size 323.5 MB sparsity 29.6%
gen 2 offspring [68/100] k= 23 (used  23.0) c=0.947 alpha=-0.509 beta=+0.584 | loss 5.1540 (delta +2.2687) size 238.2 MB sparsity 43.2%
gen 2 offspring [69/100] k= 28 (used  28.0) c=0.871 alpha=-0.182 beta=+0.029 | loss 3.0642 (delta +0.1788) size 309.8 MB sparsity 13.9%
gen 2 offspring [70/100] k=123 (used 119.8) c=0.742 alpha=-0.260 beta=+0.463 | loss 3.8521 (delta +0.9668) size 368.3 MB sparsity 29.3%
gen 2 offspring [71/100] k= 16 (used  16.0) c=0.744 alpha=-0.148 beta=+0.148 | loss 3.6026 (delta +0.7173) size 247.7 MB sparsity 18.7%
gen 2 offspring [72/100] k= 34 (used  34.0) c=0.856 alpha=-0.198 beta=+0.139 | loss 3.0528 (delta +0.1674) size 371.4 MB sparsity 14.6%
gen 2 offspring [73/100] k=182 (used 176.1) c=0.750 alpha=-0.037 beta=+0.649 | loss 16.0988 (delta +13.2134) size 425.5 MB sparsity 26.6%
gen 2 offspring [74/100] k= 16 (used  15.0) c=0.938 alpha=-0.278 beta=+0.030 | loss 3.7626 (delta +0.8772) size 245.4 MB sparsity 24.3%
gen 2 offspring [75/100] k=125 (used 118.5) c=0.779 alpha=-0.609 beta=+0.612 | loss 5.7500 (delta +2.8646) size 290.0 MB sparsity 47.4%
gen 2 offspring [76/100] k= 67 (used  66.9) c=0.841 alpha=-0.243 beta=+0.059 | loss 3.0089 (delta +0.1235) size 433.2 MB sparsity 12.8%
gen 2 offspring [77/100] k= 59 (used  59.0) c=0.780 alpha=-0.017 beta=+0.123 | loss 3.0084 (delta +0.1231) size 371.5 MB sparsity 7.7%
gen 2 offspring [78/100] k= 39 (used  39.0) c=0.811 alpha=-0.146 beta=+0.129 | loss 3.0322 (delta +0.1468) size 371.5 MB sparsity 11.9%
gen 2 offspring [79/100] k=138 (used 135.4) c=0.785 alpha=-0.305 beta=+0.296 | loss 3.3877 (delta +0.5023) size 434.6 MB sparsity 24.7%
gen 2 offspring [80/100] k= 79 (used  78.1) c=0.906 alpha=-0.361 beta=+0.361 | loss 3.4701 (delta +0.5848) size 367.7 MB sparsity 29.5%
gen 2 offspring [81/100] k= 24 (used  24.0) c=0.777 alpha=-0.198 beta=+0.200 | loss 3.2234 (delta +0.3380) size 309.6 MB sparsity 17.3%
gen 2 offspring [82/100] k= 67 (used  67.0) c=0.758 alpha=-0.119 beta=+0.089 | loss 3.0429 (delta +0.1576) size 433.3 MB sparsity 8.9%
gen 2 offspring [83/100] k= 29 (used  29.0) c=0.906 alpha=-0.193 beta=+0.193 | loss 3.0936 (delta +0.2083) size 309.7 MB sparsity 16.7%
gen 2 offspring [84/100] k= 45 (used  44.9) c=0.906 alpha=-0.378 beta=+0.412 | loss 3.6146 (delta +0.7293) size 314.3 MB sparsity 32.1%
gen 2 offspring [85/100] k=160 (used 150.9) c=0.730 alpha=-0.572 beta=+0.581 | loss 5.6316 (delta +2.7463) size 333.5 MB sparsity 45.2%
gen 2 offspring [86/100] k= 30 (used  30.0) c=0.742 alpha=-0.108 beta=+0.090 | loss 3.0991 (delta +0.2137) size 309.8 MB sparsity 9.9%
gen 2 offspring [87/100] k=139 (used 138.7) c=0.864 alpha=-0.143 beta=+0.143 | loss 2.9455 (delta +0.0602) size 494.7 MB sparsity 12.0%
gen 2 offspring [88/100] k= 90 (used  89.8) c=0.971 alpha=-0.060 beta=+0.278 | loss 3.0009 (delta +0.1155) size 432.5 MB sparsity 14.1%
gen 2 offspring [89/100] k= 43 (used  43.0) c=0.794 alpha=-0.013 beta=+0.340 | loss 3.2275 (delta +0.3421) size 368.8 MB sparsity 17.3%
gen 2 offspring [90/100] k=149 (used 144.5) c=0.836 alpha=-0.431 beta=+0.402 | loss 3.7688 (delta +0.8835) size 390.2 MB sparsity 33.7%
gen 2 offspring [91/100] k=130 (used 122.2) c=0.929 alpha=-0.815 beta=+0.801 | loss 9.0699 (delta +6.1846) size 237.9 MB sparsity 59.6%
gen 2 offspring [92/100] k= 34 (used  34.0) c=0.941 alpha=-0.173 beta=+0.216 | loss 3.0841 (delta +0.1987) size 370.0 MB sparsity 16.7%
gen 2 offspring [93/100] k= 31 (used  30.8) c=0.898 alpha=-0.659 beta=+0.630 | loss 6.9196 (delta +4.0342) size 218.0 MB sparsity 49.7%
gen 2 offspring [94/100] k= 92 (used  88.1) c=0.786 alpha=-0.582 beta=+0.585 | loss 5.4250 (delta +2.5397) size 297.6 MB sparsity 45.7%
gen 2 offspring [95/100] k=137 (used 136.2) c=0.839 alpha=-0.202 beta=+0.164 | loss 3.0101 (delta +0.1248) size 481.3 MB sparsity 15.3%
gen 2 offspring [96/100] k= 79 (used  78.5) c=0.906 alpha=-0.379 beta=+0.115 | loss 3.1571 (delta +0.2718) size 407.3 MB sparsity 20.3%
gen 2 offspring [97/100] k= 29 (used  28.6) c=0.733 alpha=-0.636 beta=+0.634 | loss 6.5061 (delta +3.6207) size 220.0 MB sparsity 49.1%
gen 2 offspring [98/100] k= 22 (used  22.0) c=0.832 alpha=-0.259 beta=+0.781 | loss 16.8209 (delta +13.9355) size 247.7 MB sparsity 40.1%
gen 2 offspring [99/100] k= 40 (used  40.0) c=0.811 alpha=-0.088 beta=+0.352 | loss 3.2252 (delta +0.3399) size 364.4 MB sparsity 18.6%
gen 2 offspring [100/100] k= 93 (used  90.4) c=0.809 alpha=-0.457 beta=+0.460 | loss 4.1476 (delta +1.2623) size 336.0 MB sparsity 36.8%
=== generation 2/50 done in 464s (0 reused), batch baseline 2.8854, HV 0.31911, front 21 points, 100/100 feasible, best delta loss +0.0063, smallest 245.4 MB
gen 3 offspring [1/100] k= 48 (used  47.8) c=0.906 alpha=-0.412 beta=+0.412 | loss 3.7222 (delta +0.8368) size 309.7 MB sparsity 33.4%
gen 3 offspring [2/100] k=186 (used 184.1) c=0.908 alpha=-0.218 beta=+0.218 | loss 3.0377 (delta +0.1524) size 467.3 MB sparsity 18.1%
gen 3 offspring [3/100] k= 30 (used  30.0) c=0.841 alpha=-0.203 beta=+0.202 | loss 3.1161 (delta +0.2308) size 309.7 MB sparsity 17.3%
gen 3 offspring [4/100] k= 27 (used  27.0) c=0.941 alpha=-0.254 beta=+0.173 | loss 3.1765 (delta +0.2911) size 309.2 MB sparsity 18.5%
gen 3 offspring [5/100] k= 45 (used  44.9) c=0.898 alpha=-0.063 beta=+0.391 | loss 3.3020 (delta +0.4167) size 360.8 MB sparsity 19.6%
gen 3 offspring [6/100] k= 34 (used  34.0) c=0.939 alpha=-0.174 beta=+0.210 | loss 3.0774 (delta +0.1920) size 370.2 MB sparsity 16.5%
gen 3 offspring [7/100] k= 29 (used  29.0) c=0.909 alpha=-0.193 beta=+0.183 | loss 3.0774 (delta +0.1920) size 309.8 MB sparsity 16.3%
gen 3 offspring [8/100] k= 70 (used  69.4) c=0.866 alpha=-0.445 beta=+0.154 | loss 3.3714 (delta +0.4860) size 389.5 MB sparsity 24.4%
gen 3 offspring [9/100] k= 67 (used  67.0) c=0.756 alpha=-0.119 beta=+0.089 | loss 3.0488 (delta +0.1635) size 433.3 MB sparsity 8.8%
gen 3 offspring [10/100] k= 88 (used  88.0) c=0.944 alpha=-0.131 beta=+0.111 | loss 2.9218 (delta +0.0365) size 433.3 MB sparsity 10.2%
gen 3 offspring [11/100] k= 34 (used  33.0) c=0.997 alpha=-0.414 beta=+0.316 | loss 3.5800 (delta +0.6947) size 279.3 MB sparsity 29.9%
gen 3 offspring [12/100] k= 62 (used  61.9) c=0.744 alpha=-0.209 beta=+0.259 | loss 3.3250 (delta +0.4397) size 361.1 MB sparsity 19.5%
gen 3 offspring [13/100] k= 45 (used  44.7) c=0.770 alpha=-0.367 beta=+0.431 | loss 3.8463 (delta +0.9610) size 313.2 MB sparsity 32.4%
gen 3 offspring [14/100] k= 22 (used  22.0) c=0.841 alpha=-0.107 beta=+0.059 | loss 3.1474 (delta +0.2620) size 309.4 MB sparsity 14.9%
gen 3 offspring [15/100] k= 37 (used  37.0) c=0.960 alpha=-0.200 beta=+0.187 | loss 3.0787 (delta +0.1934) size 370.4 MB sparsity 16.5%
gen 3 offspring [16/100] k= 55 (used  55.0) c=0.797 alpha=-0.041 beta=+0.052 | loss 2.9816 (delta +0.0963) size 371.5 MB sparsity 5.4%
gen 3 offspring [17/100] k= 70 (used  69.0) c=0.991 alpha=-0.042 beta=+0.049 | loss 2.9142 (delta +0.0289) size 433.3 MB sparsity 5.3%
gen 3 offspring [18/100] k= 37 (used  37.0) c=0.997 alpha=-0.016 beta=+0.058 | loss 2.9873 (delta +0.1019) size 371.5 MB sparsity 9.9%
gen 3 offspring [19/100] k= 92 (used  92.0) c=0.971 alpha=-0.060 beta=+0.044 | loss 2.9011 (delta +0.0157) size 433.3 MB sparsity 4.7%
gen 3 offspring [20/100] k=134 (used 133.9) c=0.917 alpha=-0.040 beta=+0.148 | loss 2.9164 (delta +0.0311) size 495.0 MB sparsity 8.0%
gen 3 offspring [21/100] k= 56 (used  56.0) c=0.872 alpha=-0.029 beta=+0.024 | loss 2.9467 (delta +0.0613) size 371.5 MB sparsity 5.8%
gen 3 offspring [22/100] k= 57 (used  57.0) c=0.814 alpha=-0.051 beta=+0.056 | loss 2.9611 (delta +0.0758) size 371.5 MB sparsity 5.4%
gen 3 offspring [23/100] k= 38 (used  38.0) c=0.742 alpha=-0.108 beta=+0.006 | loss 3.0791 (delta +0.1937) size 371.5 MB sparsity 8.5%
gen 3 offspring [24/100] k= 55 (used  55.0) c=0.865 alpha=-0.040 beta=+0.029 | loss 2.9556 (delta +0.0703) size 371.5 MB sparsity 5.8%
gen 3 offspring [25/100] k= 52 (used  52.0) c=0.967 alpha=-0.075 beta=+0.271 | loss 3.0269 (delta +0.1416) size 371.4 MB sparsity 14.9%
gen 3 offspring [26/100] k= 17 (used  17.0) c=0.859 alpha=-0.278 beta=+0.030 | loss 3.4792 (delta +0.5938) size 256.8 MB sparsity 21.5%
gen 3 offspring [27/100] k= 54 (used  54.0) c=0.941 alpha=-0.030 beta=+0.173 | loss 2.9539 (delta +0.0685) size 371.5 MB sparsity 10.6%
gen 3 offspring [28/100] k= 28 (used  28.0) c=0.750 alpha=-0.113 beta=+0.116 | loss 3.0944 (delta +0.2090) size 309.8 MB sparsity 11.0%
gen 3 offspring [29/100] k= 54 (used  53.5) c=0.852 alpha=-0.420 beta=+0.416 | loss 3.7627 (delta +0.8773) size 308.0 MB sparsity 33.8%
gen 3 offspring [30/100] k= 20 (used  20.0) c=0.896 alpha=-0.036 beta=+0.036 | loss 3.2939 (delta +0.4085) size 308.1 MB sparsity 17.5%
gen 3 offspring [31/100] k= 62 (used  62.0) c=0.845 alpha=-0.202 beta=+0.257 | loss 3.1077 (delta +0.2223) size 362.6 MB sparsity 19.1%
gen 3 offspring [32/100] k= 17 (used  17.0) c=0.996 alpha=-0.036 beta=+0.042 | loss 3.5558 (delta +0.6704) size 256.2 MB sparsity 21.7%
gen 3 offspring [33/100] k=187 (used 185.2) c=0.940 alpha=-0.218 beta=+0.218 | loss 3.0317 (delta +0.1464) size 467.3 MB sparsity 18.1%
gen 3 offspring [34/100] k= 20 (used  20.0) c=0.818 alpha=-0.119 beta=+0.055 | loss 3.2265 (delta +0.3412) size 308.9 MB sparsity 16.1%
gen 3 offspring [35/100] k=168 (used 165.0) c=0.908 alpha=-0.215 beta=+0.411 | loss 3.2737 (delta +0.3883) size 430.3 MB sparsity 25.6%
gen 3 offspring [36/100] k= 59 (used  59.0) c=0.940 alpha=-0.125 beta=+0.125 | loss 2.9489 (delta +0.0635) size 371.5 MB sparsity 10.7%
gen 3 offspring [37/100] k= 81 (used  80.1) c=0.906 alpha=-0.360 beta=+0.346 | loss 3.4448 (delta +0.5594) size 370.2 MB sparsity 28.9%
gen 3 offspring [38/100] k=132 (used 129.3) c=0.741 alpha=-0.294 beta=+0.315 | loss 3.6023 (delta +0.7170) size 417.1 MB sparsity 25.1%
gen 3 offspring [39/100] k= 77 (used  75.3) c=0.811 alpha=-0.382 beta=+0.491 | loss 4.0051 (delta +1.1197) size 343.1 MB sparsity 35.2%
gen 3 offspring [40/100] k= 68 (used  68.0) c=0.715 alpha=-0.056 beta=+0.119 | loss 3.1173 (delta +0.2319) size 433.3 MB sparsity 7.6%
gen 3 offspring [41/100] k= 88 (used  88.0) c=0.947 alpha=-0.107 beta=+0.111 | loss 2.9159 (delta +0.0305) size 433.3 MB sparsity 9.2%
gen 3 offspring [42/100] k=137 (used 136.5) c=0.836 alpha=-0.192 beta=+0.040 | loss 2.9595 (delta +0.0741) size 495.0 MB sparsity 9.8%
gen 3 offspring [43/100] k= 18 (used  18.0) c=0.892 alpha=-0.298 beta=+0.143 | loss 3.5812 (delta +0.6958) size 301.8 MB sparsity 22.6%
gen 3 offspring [44/100] k= 38 (used  38.0) c=0.810 alpha=-0.057 beta=+0.156 | loss 3.0156 (delta +0.1302) size 371.5 MB sparsity 10.7%
gen 3 offspring [45/100] k= 46 (used  46.0) c=0.816 alpha=-0.084 beta=+0.106 | loss 2.9814 (delta +0.0961) size 371.5 MB sparsity 8.5%
gen 3 offspring [46/100] k= 31 (used  31.0) c=0.981 alpha=-0.167 beta=+0.193 | loss 3.0594 (delta +0.1741) size 309.8 MB sparsity 15.7%
gen 3 offspring [47/100] k= 79 (used  78.6) c=0.977 alpha=-0.379 beta=+0.115 | loss 3.1684 (delta +0.2831) size 407.3 MB sparsity 20.3%
gen 3 offspring [48/100] k= 63 (used  63.0) c=0.734 alpha=-0.106 beta=+0.036 | loss 3.0870 (delta +0.2016) size 371.5 MB sparsity 6.7%
gen 3 offspring [49/100] k=150 (used 148.9) c=0.942 alpha=-0.306 beta=+0.074 | loss 3.0263 (delta +0.1410) size 479.1 MB sparsity 15.7%
gen 3 offspring [50/100] k= 35 (used  35.0) c=0.813 alpha=-0.201 beta=+0.113 | loss 3.0583 (delta +0.1729) size 371.5 MB sparsity 13.6%
gen 3 offspring [51/100] k= 77 (used  75.4) c=0.821 alpha=-0.379 beta=+0.484 | loss 3.9022 (delta +1.0169) size 344.7 MB sparsity 34.8%
gen 3 offspring [52/100] k= 92 (used  91.6) c=0.824 alpha=-0.172 beta=+0.252 | loss 3.0679 (delta +0.1825) size 418.7 MB sparsity 17.7%
gen 3 offspring [53/100] k= 40 (used  40.0) c=0.813 alpha=-0.089 beta=+0.352 | loss 3.2208 (delta +0.3354) size 364.3 MB sparsity 18.6%
gen 3 offspring [54/100] k= 53 (used  53.0) c=0.993 alpha=-0.230 beta=+0.319 | loss 3.2036 (delta +0.3182) size 349.1 MB sparsity 22.7%
gen 3 offspring [55/100] k= 45 (used  44.8) c=0.906 alpha=-0.401 beta=+0.412 | loss 3.6689 (delta +0.7835) size 311.1 MB sparsity 33.0%
gen 3 offspring [56/100] k= 45 (used  44.5) c=0.749 alpha=-0.431 beta=+0.431 | loss 4.1612 (delta +1.2759) size 304.2 MB sparsity 34.8%
gen 3 offspring [57/100] k= 16 (used  16.0) c=0.849 alpha=-0.141 beta=+0.257 | loss 3.5207 (delta +0.6354) size 246.7 MB sparsity 22.3%
gen 3 offspring [58/100] k= 55 (used  54.9) c=0.985 alpha=-0.301 beta=+0.301 | loss 3.2815 (delta +0.3962) size 341.2 MB sparsity 24.9%
gen 3 offspring [59/100] k= 69 (used  68.9) c=0.737 alpha=-0.233 beta=+0.095 | loss 3.2099 (delta +0.3245) size 433.0 MB sparsity 13.7%
gen 3 offspring [60/100] k= 86 (used  86.0) c=0.874 alpha=-0.060 beta=+0.070 | loss 2.9140 (delta +0.0286) size 433.3 MB sparsity 5.7%
gen 3 offspring [61/100] k=101 (used  99.5) c=0.841 alpha=-0.281 beta=+0.381 | loss 3.3800 (delta +0.4946) size 377.7 MB sparsity 27.1%
gen 3 offspring [62/100] k=110 (used 109.0) c=0.992 alpha=-0.042 beta=+0.092 | loss 2.8985 (delta +0.0131) size 433.3 MB sparsity 5.9%
gen 3 offspring [63/100] k= 54 (used  54.0) c=0.874 alpha=-0.271 beta=+0.270 | loss 3.1965 (delta +0.3112) size 350.2 MB sparsity 22.4%
gen 3 offspring [64/100] k=225 (used 222.8) c=0.845 alpha=-0.040 beta=+0.274 | loss 3.0225 (delta +0.1372) size 492.4 MB sparsity 13.0%
gen 3 offspring [65/100] k= 21 (used  21.0) c=0.865 alpha=-0.139 beta=+0.031 | loss 3.1464 (delta +0.2610) size 309.3 MB sparsity 15.3%
gen 3 offspring [66/100] k= 74 (used  74.0) c=0.739 alpha=-0.055 beta=+0.116 | loss 3.0497 (delta +0.1644) size 433.3 MB sparsity 7.3%
gen 3 offspring [67/100] k=109 (used 109.0) c=0.992 alpha=-0.042 beta=+0.042 | loss 2.8966 (delta +0.0112) size 433.3 MB sparsity 3.9%
gen 3 offspring [68/100] k= 30 (used  30.0) c=0.811 alpha=-0.146 beta=+0.129 | loss 3.0410 (delta +0.1556) size 309.8 MB sparsity 12.4%
gen 3 offspring [69/100] k= 29 (used  29.0) c=0.913 alpha=-0.182 beta=+0.193 | loss 3.0798 (delta +0.1945) size 309.8 MB sparsity 16.3%
gen 3 offspring [70/100] k= 92 (used  90.3) c=1.000 alpha=-0.325 beta=+0.278 | loss 3.2670 (delta +0.3817) size 387.6 MB sparsity 24.8%
gen 3 offspring [71/100] k= 42 (used  41.0) c=0.995 alpha=-0.271 beta=+0.271 | loss 3.2208 (delta +0.3355) size 349.8 MB sparsity 22.5%
gen 3 offspring [72/100] k=152 (used 151.5) c=0.928 alpha=-0.005 beta=+0.192 | loss 2.9342 (delta +0.0488) size 495.0 MB sparsity 9.2%
gen 3 offspring [73/100] k=124 (used 120.8) c=0.742 alpha=-0.260 beta=+0.463 | loss 3.8269 (delta +0.9415) size 368.3 MB sparsity 29.3%
gen 3 offspring [74/100] k= 95 (used  95.0) c=0.831 alpha=-0.089 beta=+0.092 | loss 2.9395 (delta +0.0541) size 433.3 MB sparsity 7.7%
gen 3 offspring [75/100] k= 45 (used  45.0) c=0.991 alpha=-0.063 beta=+0.137 | loss 2.9616 (delta +0.0762) size 371.5 MB sparsity 10.0%
gen 3 offspring [76/100] k= 67 (used  66.9) c=0.841 alpha=-0.243 beta=+0.094 | loss 3.0189 (delta +0.1335) size 432.5 MB sparsity 14.1%
gen 3 offspring [77/100] k= 17 (used  17.0) c=0.727 alpha=-0.020 beta=+0.004 | loss 3.4697 (delta +0.5844) size 270.1 MB sparsity 16.1%
gen 3 offspring [78/100] k=215 (used 209.3) c=0.875 alpha=-0.305 beta=+0.412 | loss 3.4498 (delta +0.5644) size 412.4 MB sparsity 29.2%
gen 3 offspring [79/100] k=137 (used 135.8) c=0.894 alpha=-0.259 beta=+0.204 | loss 3.0775 (delta +0.1922) size 461.8 MB sparsity 19.2%
gen 3 offspring [80/100] k=144 (used 144.0) c=0.715 alpha=-0.043 beta=+0.030 | loss 3.0889 (delta +0.2036) size 495.0 MB sparsity 3.1%
gen 3 offspring [81/100] k=247 (used 242.7) c=0.980 alpha=-0.281 beta=+0.285 | loss 3.1895 (delta +0.3041) size 441.3 MB sparsity 23.4%
gen 3 offspring [82/100] k= 43 (used  43.0) c=0.938 alpha=-0.106 beta=+0.106 | loss 2.9631 (delta +0.0778) size 371.5 MB sparsity 9.6%
gen 3 offspring [83/100] k= 45 (used  44.9) c=0.878 alpha=-0.381 beta=+0.169 | loss 3.2628 (delta +0.3775) size 349.3 MB sparsity 22.7%
gen 3 offspring [84/100] k= 34 (used  34.0) c=0.781 alpha=-0.173 beta=+0.216 | loss 3.1689 (delta +0.2835) size 370.5 MB sparsity 16.5%
gen 3 offspring [85/100] k=228 (used 228.0) c=0.845 alpha=-0.041 beta=+0.055 | loss 2.9193 (delta +0.0340) size 495.1 MB sparsity 4.0%
gen 3 offspring [86/100] k= 35 (used  35.0) c=0.835 alpha=-0.414 beta=+0.303 | loss 3.5846 (delta +0.6993) size 324.8 MB sparsity 29.3%
gen 3 offspring [87/100] k= 73 (used  72.9) c=0.743 alpha=-0.210 beta=+0.119 | loss 3.1671 (delta +0.2818) size 432.9 MB sparsity 13.8%
gen 3 offspring [88/100] k= 87 (used  87.0) c=0.992 alpha=-0.046 beta=+0.029 | loss 2.8996 (delta +0.0142) size 433.3 MB sparsity 4.3%
gen 3 offspring [89/100] k=208 (used 207.4) c=0.993 alpha=-0.036 beta=+0.166 | loss 2.9150 (delta +0.0297) size 495.0 MB sparsity 8.5%
gen 3 offspring [90/100] k=138 (used 137.0) c=0.947 alpha=-0.145 beta=+0.301 | loss 3.0431 (delta +0.1577) size 465.4 MB sparsity 18.5%
gen 3 offspring [91/100] k= 74 (used  74.0) c=0.879 alpha=-0.155 beta=+0.057 | loss 2.9384 (delta +0.0531) size 433.3 MB sparsity 9.1%
gen 3 offspring [92/100] k= 39 (used  39.0) c=0.819 alpha=-0.250 beta=+0.129 | loss 3.1073 (delta +0.2219) size 371.0 MB sparsity 16.0%
gen 3 offspring [93/100] k= 81 (used  80.9) c=0.957 alpha=-0.226 beta=+0.057 | loss 2.9634 (delta +0.0781) size 433.3 MB sparsity 12.0%
gen 3 offspring [94/100] k=138 (used 137.5) c=0.838 alpha=-0.198 beta=+0.023 | loss 2.9599 (delta +0.0745) size 495.0 MB sparsity 9.4%
gen 3 offspring [95/100] k=130 (used 130.0) c=0.874 alpha=-0.057 beta=+0.001 | loss 2.9111 (delta +0.0257) size 495.0 MB sparsity 3.7%
gen 3 offspring [96/100] k= 28 (used  28.0) c=0.943 alpha=-0.182 beta=+0.005 | loss 3.1019 (delta +0.2165) size 309.8 MB sparsity 14.5%
gen 3 offspring [97/100] k= 44 (used  44.0) c=0.941 alpha=-0.175 beta=+0.216 | loss 3.0523 (delta +0.1669) size 370.6 MB sparsity 16.5%
gen 3 offspring [98/100] k= 90 (used  89.7) c=0.733 alpha=-0.042 beta=+0.218 | loss 3.1285 (delta +0.2432) size 433.3 MB sparsity 11.0%
gen 3 offspring [99/100] k= 22 (used  22.0) c=0.772 alpha=-0.202 beta=+0.168 | loss 3.2391 (delta +0.3537) size 309.6 MB sparsity 16.6%
gen 3 offspring [100/100] k= 35 (used  34.8) c=0.742 alpha=-0.260 beta=+0.507 | loss 4.2835 (delta +1.3982) size 318.5 MB sparsity 31.0%
=== generation 3/50 done in 460s (0 reused), batch baseline 2.8854, HV 0.32781, front 34 points, 100/100 feasible, best delta loss +0.0063, smallest 245.4 MB
gen 4 offspring [1/100] k= 55 (used  55.0) c=0.814 alpha=-0.012 beta=+0.175 | loss 2.9964 (delta +0.1111) size 371.5 MB sparsity 10.1%
gen 4 offspring [2/100] k= 17 (used  17.0) c=0.953 alpha=-0.036 beta=+0.044 | loss 3.5044 (delta +0.6190) size 258.4 MB sparsity 20.8%
gen 4 offspring [3/100] k= 16 (used  16.0) c=0.872 alpha=-0.029 beta=+0.024 | loss 3.5770 (delta +0.6917) size 246.6 MB sparsity 21.7%
gen 4 offspring [4/100] k= 54 (used  54.0) c=0.941 alpha=-0.067 beta=+0.173 | loss 2.9547 (delta +0.0694) size 371.5 MB sparsity 10.7%
gen 4 offspring [5/100] k= 21 (used  21.0) c=0.881 alpha=-0.066 beta=+0.031 | loss 3.1732 (delta +0.2879) size 309.1 MB sparsity 15.6%
gen 4 offspring [6/100] k= 69 (used  69.0) c=0.984 alpha=-0.042 beta=+0.049 | loss 2.9141 (delta +0.0287) size 433.3 MB sparsity 5.3%
gen 4 offspring [7/100] k=152 (used 151.3) c=0.908 alpha=-0.039 beta=+0.219 | loss 2.9528 (delta +0.0674) size 495.0 MB sparsity 10.8%
gen 4 offspring [8/100] k= 18 (used  17.0) c=0.991 alpha=-0.191 beta=+0.041 | loss 3.5373 (delta +0.6519) size 256.5 MB sparsity 21.6%
gen 4 offspring [9/100] k= 31 (used  31.0) c=0.812 alpha=-0.146 beta=+0.129 | loss 3.0574 (delta +0.1720) size 309.8 MB sparsity 12.2%
gen 4 offspring [10/100] k= 45 (used  44.9) c=0.997 alpha=-0.431 beta=+0.431 | loss 3.8741 (delta +0.9887) size 304.2 MB sparsity 34.8%
gen 4 offspring [11/100] k= 17 (used  17.0) c=0.727 alpha=-0.035 beta=+0.003 | loss 3.4697 (delta +0.5844) size 270.1 MB sparsity 16.1%
gen 4 offspring [12/100] k= 90 (used  89.3) c=0.947 alpha=-0.107 beta=+0.410 | loss 3.2408 (delta +0.3554) size 403.6 MB sparsity 21.2%
gen 4 offspring [13/100] k= 22 (used  22.0) c=0.913 alpha=-0.182 beta=+0.193 | loss 3.2265 (delta +0.3412) size 308.8 MB sparsity 17.5%
gen 4 offspring [14/100] k= 34 (used  33.0) c=0.997 alpha=-0.414 beta=+0.162 | loss 3.3511 (delta +0.4658) size 297.6 MB sparsity 23.9%
gen 4 offspring [15/100] k= 72 (used  72.0) c=0.957 alpha=-0.226 beta=+0.092 | loss 2.9670 (delta +0.0816) size 433.1 MB sparsity 13.4%
gen 4 offspring [16/100] k= 28 (used  28.0) c=0.754 alpha=-0.182 beta=+0.037 | loss 3.1275 (delta +0.2422) size 309.8 MB sparsity 13.0%
gen 4 offspring [17/100] k= 40 (used  39.0) c=0.997 alpha=-0.039 beta=+0.040 | loss 2.9729 (delta +0.0875) size 371.5 MB sparsity 9.4%
gen 4 offspring [18/100] k= 60 (used  60.0) c=0.873 alpha=-0.058 beta=+0.049 | loss 2.9319 (delta +0.0465) size 371.5 MB sparsity 5.6%
gen 4 offspring [19/100] k=146 (used 146.0) c=0.726 alpha=-0.036 beta=+0.036 | loss 3.0645 (delta +0.1792) size 495.0 MB sparsity 3.1%
gen 4 offspring [20/100] k=138 (used 138.0) c=0.979 alpha=-0.106 beta=+0.043 | loss 2.8983 (delta +0.0130) size 495.0 MB sparsity 6.3%
gen 4 offspring [21/100] k= 17 (used  17.0) c=0.937 alpha=-0.153 beta=+0.029 | loss 3.4623 (delta +0.5770) size 259.2 MB sparsity 20.5%
gen 4 offspring [22/100] k= 68 (used  68.0) c=0.963 alpha=-0.160 beta=+0.202 | loss 2.9891 (delta +0.1038) size 429.5 MB sparsity 15.2%
gen 4 offspring [23/100] k= 55 (used  55.0) c=0.797 alpha=-0.029 beta=+0.063 | loss 2.9808 (delta +0.0955) size 371.5 MB sparsity 5.6%
gen 4 offspring [24/100] k= 17 (used  17.0) c=0.864 alpha=-0.146 beta=+0.028 | loss 3.3968 (delta +0.5115) size 263.0 MB sparsity 19.0%
gen 4 offspring [25/100] k= 31 (used  31.0) c=0.967 alpha=-0.180 beta=+0.216 | loss 3.0983 (delta +0.2129) size 309.7 MB sparsity 17.1%
gen 4 offspring [26/100] k= 20 (used  20.0) c=0.918 alpha=-0.148 beta=+0.036 | loss 3.3062 (delta +0.4208) size 307.8 MB sparsity 17.9%
gen 4 offspring [27/100] k= 28 (used  28.0) c=0.881 alpha=-0.182 beta=+0.029 | loss 3.0764 (delta +0.1910) size 309.8 MB sparsity 14.0%
gen 4 offspring [28/100] k= 44 (used  43.6) c=0.728 alpha=-0.027 beta=+0.486 | loss 15.7666 (delta +12.8813) size 349.8 MB sparsity 22.5%
gen 4 offspring [29/100] k=156 (used 155.2) c=0.928 alpha=-0.005 beta=+0.253 | loss 2.9774 (delta +0.0921) size 494.9 MB sparsity 11.6%
gen 4 offspring [30/100] k= 45 (used  45.0) c=0.967 alpha=-0.201 beta=+0.271 | loss 3.1238 (delta +0.2384) size 360.3 MB sparsity 19.7%
gen 4 offspring [31/100] k= 30 (used  29.0) c=0.992 alpha=-0.108 beta=+0.092 | loss 3.0760 (delta +0.1906) size 309.8 MB sparsity 12.6%
gen 4 offspring [32/100] k= 56 (used  56.0) c=0.841 alpha=-0.107 beta=+0.050 | loss 2.9535 (delta +0.0682) size 371.5 MB sparsity 7.4%
gen 4 offspring [33/100] k= 22 (used  22.0) c=0.737 alpha=-0.043 beta=+0.043 | loss 3.2452 (delta +0.3599) size 309.8 MB sparsity 13.1%
gen 4 offspring [34/100] k= 28 (used  28.0) c=0.957 alpha=-0.225 beta=+0.057 | loss 3.1579 (delta +0.2725) size 309.6 MB sparsity 16.2%
gen 4 offspring [35/100] k= 95 (used  95.0) c=0.831 alpha=-0.089 beta=+0.023 | loss 2.9379 (delta +0.0525) size 433.3 MB sparsity 5.4%
gen 4 offspring [36/100] k= 85 (used  85.0) c=0.909 alpha=-0.145 beta=+0.145 | loss 2.9404 (delta +0.0550) size 433.2 MB sparsity 12.2%
gen 4 offspring [37/100] k= 28 (used  28.0) c=0.759 alpha=-0.113 beta=+0.116 | loss 3.0811 (delta +0.1958) size 309.8 MB sparsity 11.1%
gen 4 offspring [38/100] k= 47 (used  47.0) c=0.941 alpha=-0.028 beta=+0.252 | loss 3.0194 (delta +0.1341) size 371.5 MB sparsity 14.2%
gen 4 offspring [39/100] k= 16 (used  15.0) c=0.996 alpha=-0.201 beta=+0.042 | loss 3.8519 (delta +0.9665) size 244.6 MB sparsity 24.6%
gen 4 offspring [40/100] k= 68 (used  68.0) c=0.744 alpha=-0.041 beta=+0.147 | loss 3.0569 (delta +0.1715) size 433.3 MB sparsity 8.3%
gen 4 offspring [41/100] k=103 (used 103.0) c=0.812 alpha=-0.111 beta=+0.016 | loss 2.9529 (delta +0.0675) size 433.3 MB sparsity 6.1%
gen 4 offspring [42/100] k=138 (used 138.0) c=0.919 alpha=-0.042 beta=+0.052 | loss 2.9010 (delta +0.0157) size 495.0 MB sparsity 4.1%
gen 4 offspring [43/100] k= 87 (used  87.0) c=0.914 alpha=-0.046 beta=+0.190 | loss 2.9395 (delta +0.0542) size 433.3 MB sparsity 10.1%
gen 4 offspring [44/100] k= 95 (used  95.0) c=0.981 alpha=-0.025 beta=+0.042 | loss 2.9018 (delta +0.0164) size 433.3 MB sparsity 3.9%
gen 4 offspring [45/100] k= 20 (used  20.0) c=0.944 alpha=-0.036 beta=+0.036 | loss 3.3216 (delta +0.4362) size 307.3 MB sparsity 18.4%
gen 4 offspring [46/100] k= 55 (used  55.0) c=0.941 alpha=-0.030 beta=+0.024 | loss 2.9372 (delta +0.0519) size 371.5 MB sparsity 6.3%
gen 4 offspring [47/100] k= 20 (used  20.0) c=0.922 alpha=-0.036 beta=+0.036 | loss 3.3066 (delta +0.4213) size 307.7 MB sparsity 18.0%
gen 4 offspring [48/100] k= 60 (used  60.0) c=0.838 alpha=-0.132 beta=+0.257 | loss 3.0420 (delta +0.1567) size 371.1 MB sparsity 16.2%
gen 4 offspring [49/100] k= 35 (used  35.0) c=0.874 alpha=-0.057 beta=+0.057 | loss 2.9794 (delta +0.0941) size 371.5 MB sparsity 9.2%
gen 4 offspring [50/100] k= 16 (used  16.0) c=0.744 alpha=-0.194 beta=+0.148 | loss 3.5999 (delta +0.7145) size 247.7 MB sparsity 18.9%
gen 4 offspring [51/100] k=126 (used 125.8) c=0.934 alpha=-0.180 beta=+0.053 | loss 2.9270 (delta +0.0416) size 433.3 MB sparsity 9.8%
gen 4 offspring [52/100] k=195 (used 194.5) c=0.997 alpha=-0.003 beta=+0.167 | loss 2.9177 (delta +0.0324) size 495.0 MB sparsity 7.9%
gen 4 offspring [53/100] k=135 (used 134.9) c=0.894 alpha=-0.042 beta=+0.137 | loss 2.9176 (delta +0.0322) size 495.0 MB sparsity 7.6%
gen 4 offspring [54/100] k= 90 (used  90.0) c=0.865 alpha=-0.143 beta=+0.143 | loss 2.9510 (delta +0.0657) size 433.2 MB sparsity 12.0%
gen 4 offspring [55/100] k= 57 (used  57.0) c=0.816 alpha=-0.051 beta=+0.106 | loss 2.9663 (delta +0.0810) size 371.5 MB sparsity 7.2%
gen 4 offspring [56/100] k=130 (used 130.0) c=0.874 alpha=-0.093 beta=+0.001 | loss 2.9149 (delta +0.0296) size 495.0 MB sparsity 5.1%
gen 4 offspring [57/100] k= 44 (used  43.8) c=0.899 alpha=-0.524 beta=+0.112 | loss 19.0976 (delta +16.2122) size 337.8 MB sparsity 25.8%
gen 4 offspring [58/100] k= 29 (used  29.0) c=0.772 alpha=-0.202 beta=+0.168 | loss 3.2515 (delta +0.3662) size 309.8 MB sparsity 15.8%
gen 4 offspring [59/100] k= 85 (used  84.8) c=0.978 alpha=-0.145 beta=+0.300 | loss 3.0544 (delta +0.1691) size 415.3 MB sparsity 18.5%
gen 4 offspring [60/100] k=136 (used 136.0) c=0.971 alpha=-0.042 beta=+0.057 | loss 2.8941 (delta +0.0087) size 495.0 MB sparsity 4.3%
gen 4 offspring [61/100] k= 28 (used  28.0) c=0.867 alpha=-0.113 beta=+0.108 | loss 3.0469 (delta +0.1616) size 309.8 MB sparsity 12.0%
gen 4 offspring [62/100] k=228 (used 228.0) c=0.845 alpha=-0.017 beta=+0.058 | loss 2.9195 (delta +0.0341) size 495.1 MB sparsity 3.2%
gen 4 offspring [63/100] k= 37 (used  37.0) c=0.991 alpha=-0.054 beta=+0.057 | loss 2.9904 (delta +0.1051) size 371.5 MB sparsity 9.9%
gen 4 offspring [64/100] k= 16 (used  15.0) c=0.991 alpha=-0.039 beta=+0.042 | loss 3.8871 (delta +1.0018) size 244.7 MB sparsity 24.4%
gen 4 offspring [65/100] k= 38 (used  38.0) c=0.780 alpha=-0.018 beta=+0.106 | loss 3.0228 (delta +0.1375) size 371.5 MB sparsity 8.7%
gen 4 offspring [66/100] k= 73 (used  72.9) c=0.880 alpha=-0.280 beta=+0.058 | loss 3.0227 (delta +0.1373) size 432.3 MB sparsity 14.2%
gen 4 offspring [67/100] k= 37 (used  37.0) c=0.844 alpha=-0.200 beta=+0.187 | loss 3.0927 (delta +0.2073) size 370.7 MB sparsity 16.4%
gen 4 offspring [68/100] k= 56 (used  56.0) c=0.871 alpha=-0.042 beta=+0.050 | loss 2.9472 (delta +0.0618) size 371.5 MB sparsity 5.8%
gen 4 offspring [69/100] k=144 (used 142.8) c=0.892 alpha=-0.295 beta=+0.143 | loss 3.0547 (delta +0.1693) size 467.0 MB sparsity 18.2%
gen 4 offspring [70/100] k= 74 (used  73.9) c=0.946 alpha=-0.068 beta=+0.271 | loss 3.0025 (delta +0.1171) size 432.2 MB sparsity 14.3%
gen 4 offspring [71/100] k= 18 (used  18.0) c=0.877 alpha=-0.027 beta=+0.148 | loss 3.3995 (delta +0.5141) size 306.6 MB sparsity 19.2%
gen 4 offspring [72/100] k= 24 (used  24.0) c=0.871 alpha=-0.322 beta=+0.001 | loss 3.2679 (delta +0.3825) size 307.2 MB sparsity 20.4%
gen 4 offspring [73/100] k= 17 (used  17.0) c=0.976 alpha=-0.437 beta=+0.065 | loss 3.8752 (delta +0.9899) size 239.3 MB sparsity 28.5%
gen 4 offspring [74/100] k= 16 (used  16.0) c=0.905 alpha=-0.230 beta=+0.032 | loss 3.6579 (delta +0.7726) size 246.1 MB sparsity 22.7%
gen 4 offspring [75/100] k= 36 (used  36.0) c=0.960 alpha=-0.073 beta=+0.187 | loss 3.0286 (delta +0.1433) size 371.5 MB sparsity 13.1%
gen 4 offspring [76/100] k=110 (used 110.0) c=0.739 alpha=-0.042 beta=+0.090 | loss 3.0474 (delta +0.1621) size 433.3 MB sparsity 5.6%
gen 4 offspring [77/100] k= 22 (used  22.0) c=0.871 alpha=-0.037 beta=+0.025 | loss 3.1557 (delta +0.2703) size 309.2 MB sparsity 15.4%
gen 4 offspring [78/100] k=137 (used 137.0) c=0.991 alpha=-0.091 beta=+0.091 | loss 2.9008 (delta +0.0154) size 495.0 MB sparsity 7.7%
gen 4 offspring [79/100] k= 81 (used  81.0) c=0.943 alpha=-0.183 beta=+0.005 | loss 2.9406 (delta +0.0553) size 433.3 MB sparsity 9.8%
gen 4 offspring [80/100] k=139 (used 138.4) c=0.902 alpha=-0.192 beta=+0.143 | loss 2.9567 (delta +0.0713) size 487.6 MB sparsity 14.0%
gen 4 offspring [81/100] k= 25 (used  25.0) c=0.960 alpha=-0.193 beta=+0.183 | loss 3.1651 (delta +0.2797) size 309.4 MB sparsity 16.9%
gen 4 offspring [82/100] k= 24 (used  24.0) c=0.941 alpha=-0.156 beta=+0.173 | loss 3.1545 (delta +0.2692) size 309.3 MB sparsity 15.9%
gen 4 offspring [83/100] k= 34 (used  33.0) c=1.000 alpha=-0.449 beta=+0.393 | loss 3.9103 (delta +1.0249) size 266.3 MB sparsity 34.1%
gen 4 offspring [84/100] k= 20 (used  20.0) c=0.940 alpha=-0.147 beta=+0.071 | loss 3.3081 (delta +0.4227) size 307.4 MB sparsity 18.4%
gen 4 offspring [85/100] k= 16 (used  16.0) c=0.815 alpha=-0.143 beta=+0.178 | loss 3.5788 (delta +0.6934) size 247.2 MB sparsity 20.4%
gen 4 offspring [86/100] k= 22 (used  22.0) c=0.772 alpha=-0.036 beta=+0.168 | loss 3.1962 (delta +0.3109) size 309.7 MB sparsity 14.6%
gen 4 offspring [87/100] k= 18 (used  17.0) c=0.994 alpha=-0.150 beta=+0.054 | loss 3.5319 (delta +0.6466) size 256.3 MB sparsity 21.6%
gen 4 offspring [88/100] k= 28 (used  28.0) c=0.831 alpha=-0.145 beta=+0.116 | loss 3.0446 (delta +0.1593) size 309.8 MB sparsity 12.5%
gen 4 offspring [89/100] k= 54 (used  54.0) c=0.801 alpha=-0.076 beta=+0.042 | loss 2.9743 (delta +0.0890) size 371.5 MB sparsity 6.2%
gen 4 offspring [90/100] k= 29 (used  29.0) c=0.991 alpha=-0.182 beta=+0.083 | loss 3.0932 (delta +0.2079) size 309.8 MB sparsity 14.3%
gen 4 offspring [91/100] k= 24 (used  24.0) c=0.774 alpha=-0.033 beta=+0.108 | loss 3.1371 (delta +0.2518) size 309.8 MB sparsity 12.5%
gen 4 offspring [92/100] k=149 (used 149.0) c=0.895 alpha=-0.055 beta=+0.068 | loss 2.9067 (delta +0.0214) size 495.0 MB sparsity 5.2%
gen 4 offspring [93/100] k= 19 (used  19.0) c=0.881 alpha=-0.284 beta=+0.045 | loss 3.4253 (delta +0.5399) size 306.1 MB sparsity 20.8%
gen 4 offspring [94/100] k=154 (used 153.5) c=0.894 alpha=-0.007 beta=+0.191 | loss 2.9430 (delta +0.0577) size 495.0 MB sparsity 9.0%
gen 4 offspring [95/100] k= 16 (used  16.0) c=0.727 alpha=-0.043 beta=+0.036 | loss 3.6278 (delta +0.7425) size 247.8 MB sparsity 18.3%
gen 4 offspring [96/100] k= 28 (used  28.0) c=0.940 alpha=-0.139 beta=+0.031 | loss 3.0710 (delta +0.1856) size 309.8 MB sparsity 13.2%
gen 4 offspring [97/100] k= 46 (used  46.0) c=0.859 alpha=-0.024 beta=+0.030 | loss 2.9561 (delta +0.0708) size 371.5 MB sparsity 7.0%
gen 4 offspring [98/100] k= 94 (used  94.0) c=0.939 alpha=-0.109 beta=+0.112 | loss 2.9161 (delta +0.0307) size 433.3 MB sparsity 9.4%
gen 4 offspring [99/100] k=136 (used 136.0) c=0.992 alpha=-0.036 beta=+0.042 | loss 2.8949 (delta +0.0095) size 495.0 MB sparsity 3.5%
gen 4 offspring [100/100] k= 21 (used  21.0) c=0.866 alpha=-0.136 beta=+0.173 | loss 3.1539 (delta +0.2686) size 309.2 MB sparsity 15.9%
=== generation 4/50 done in 460s (0 reused), batch baseline 2.8854, HV 0.34370, front 43 points, 100/100 feasible, best delta loss +0.0063, smallest 239.3 MB
gen 5 offspring [1/100] k= 20 (used  19.0) c=0.984 alpha=-0.176 beta=+0.031 | loss 3.3703 (delta +0.4850) size 306.6 MB sparsity 19.2%
gen 5 offspring [2/100] k= 28 (used  28.0) c=0.940 alpha=-0.139 beta=+0.024 | loss 3.0707 (delta +0.1853) size 309.8 MB sparsity 13.2%
gen 5 offspring [3/100] k= 16 (used  16.0) c=0.871 alpha=-0.230 beta=+0.049 | loss 3.5841 (delta +0.6988) size 246.6 MB sparsity 22.0%
gen 5 offspring [4/100] k= 34 (used  33.0) c=0.997 alpha=-0.132 beta=+0.152 | loss 3.0143 (delta +0.1290) size 331.5 MB sparsity 13.0%
gen 5 offspring [5/100] k= 19 (used  19.0) c=0.925 alpha=-0.139 beta=+0.092 | loss 3.2926 (delta +0.4072) size 307.6 MB sparsity 18.1%
gen 5 offspring [6/100] k= 30 (used  30.0) c=0.906 alpha=-0.193 beta=+0.186 | loss 3.0867 (delta +0.2013) size 309.7 MB sparsity 16.4%
gen 5 offspring [7/100] k= 16 (used  15.0) c=0.991 alpha=-0.143 beta=+0.178 | loss 3.8786 (delta +0.9933) size 244.7 MB sparsity 24.5%
gen 5 offspring [8/100] k= 33 (used  33.0) c=0.972 alpha=-0.091 beta=+0.092 | loss 2.9998 (delta +0.1144) size 338.0 MB sparsity 10.9%
gen 5 offspring [9/100] k= 18 (used  18.0) c=0.723 alpha=-0.281 beta=+0.003 | loss 3.6695 (delta +0.7842) size 307.3 MB sparsity 19.9%
gen 5 offspring [10/100] k= 18 (used  18.0) c=0.896 alpha=-0.025 beta=+0.021 | loss 3.4353 (delta +0.5499) size 306.2 MB sparsity 19.6%
gen 5 offspring [11/100] k= 44 (used  44.0) c=0.938 alpha=-0.175 beta=+0.055 | loss 2.9725 (delta +0.0871) size 371.5 MB sparsity 11.4%
gen 5 offspring [12/100] k= 63 (used  63.0) c=0.838 alpha=-0.132 beta=+0.049 | loss 2.9579 (delta +0.0725) size 371.5 MB sparsity 8.1%
gen 5 offspring [13/100] k= 16 (used  15.0) c=0.986 alpha=-0.050 beta=+0.059 | loss 3.8840 (delta +0.9986) size 244.8 MB sparsity 24.3%
gen 5 offspring [14/100] k= 22 (used  22.0) c=0.914 alpha=-0.182 beta=+0.012 | loss 3.2056 (delta +0.3202) size 308.8 MB sparsity 16.7%
gen 5 offspring [15/100] k= 37 (used  37.0) c=0.981 alpha=-0.041 beta=+0.191 | loss 3.0229 (delta +0.1376) size 371.5 MB sparsity 13.0%
gen 5 offspring [16/100] k= 53 (used  53.0) c=0.944 alpha=-0.055 beta=+0.057 | loss 2.9352 (delta +0.0499) size 371.5 MB sparsity 6.6%
gen 5 offspring [17/100] k= 24 (used  24.0) c=0.942 alpha=-0.156 beta=+0.131 | loss 3.1456 (delta +0.2603) size 309.3 MB sparsity 15.4%
gen 5 offspring [18/100] k= 17 (used  17.0) c=0.937 alpha=-0.148 beta=+0.024 | loss 3.4628 (delta +0.5775) size 259.2 MB sparsity 20.5%
gen 5 offspring [19/100] k=132 (used 132.0) c=0.949 alpha=-0.042 beta=+0.043 | loss 2.8939 (delta +0.0086) size 495.0 MB sparsity 3.8%
gen 5 offspring [20/100] k= 56 (used  56.0) c=0.819 alpha=-0.045 beta=+0.024 | loss 2.9577 (delta +0.0724) size 371.5 MB sparsity 5.5%
gen 5 offspring [21/100] k= 53 (used  53.0) c=0.869 alpha=-0.175 beta=+0.193 | loss 3.0231 (delta +0.1377) size 371.4 MB sparsity 15.5%
gen 5 offspring [22/100] k= 20 (used  20.0) c=0.940 alpha=-0.150 beta=+0.071 | loss 3.3081 (delta +0.4228) size 307.4 MB sparsity 18.4%
gen 5 offspring [23/100] k= 47 (used  47.0) c=0.940 alpha=-0.008 beta=+0.252 | loss 3.0198 (delta +0.1345) size 371.5 MB sparsity 14.2%
gen 5 offspring [24/100] k= 16 (used  16.0) c=0.874 alpha=-0.054 beta=+0.055 | loss 3.5682 (delta +0.6828) size 246.6 MB sparsity 21.7%
gen 5 offspring [25/100] k= 76 (used  76.0) c=0.938 alpha=-0.108 beta=+0.145 | loss 2.9358 (delta +0.0504) size 433.3 MB sparsity 10.7%
gen 5 offspring [26/100] k= 17 (used  17.0) c=0.786 alpha=-0.042 beta=+0.036 | loss 3.4177 (delta +0.5324) size 267.0 MB sparsity 17.3%
gen 5 offspring [27/100] k= 47 (used  47.0) c=0.941 alpha=-0.036 beta=+0.312 | loss 3.0937 (delta +0.2084) size 370.2 MB sparsity 16.5%
gen 5 offspring [28/100] k= 17 (used  17.0) c=0.906 alpha=-0.159 beta=+0.029 | loss 3.4460 (delta +0.5607) size 260.8 MB sparsity 19.8%
gen 5 offspring [29/100] k= 27 (used  27.0) c=0.940 alpha=-0.263 beta=+0.182 | loss 3.2042 (delta +0.3188) size 308.9 MB sparsity 19.2%
gen 5 offspring [30/100] k= 69 (used  69.0) c=0.992 alpha=-0.042 beta=+0.003 | loss 2.9139 (delta +0.0286) size 433.3 MB sparsity 5.3%
gen 5 offspring [31/100] k= 16 (used  15.0) c=0.995 alpha=-0.042 beta=+0.042 | loss 3.8559 (delta +0.9705) size 244.6 MB sparsity 24.5%
gen 5 offspring [32/100] k= 31 (used  31.0) c=0.981 alpha=-0.169 beta=+0.193 | loss 3.0612 (delta +0.1758) size 309.8 MB sparsity 15.8%
gen 5 offspring [33/100] k= 28 (used  28.0) c=0.940 alpha=-0.042 beta=+0.018 | loss 3.0688 (delta +0.1834) size 309.8 MB sparsity 12.9%
gen 5 offspring [34/100] k= 17 (used  17.0) c=0.908 alpha=-0.030 beta=+0.004 | loss 3.4443 (delta +0.5589) size 260.7 MB sparsity 19.9%
gen 5 offspring [35/100] k= 16 (used  15.0) c=0.996 alpha=-0.201 beta=+0.090 | loss 3.8519 (delta +0.9665) size 244.6 MB sparsity 24.6%
gen 5 offspring [36/100] k= 37 (used  37.0) c=0.972 alpha=-0.026 beta=+0.184 | loss 3.0120 (delta +0.1267) size 371.5 MB sparsity 12.7%
gen 5 offspring [37/100] k= 17 (used  17.0) c=0.998 alpha=-0.420 beta=+0.131 | loss 3.8758 (delta +0.9905) size 240.3 MB sparsity 28.1%
gen 5 offspring [38/100] k= 24 (used  24.0) c=0.941 alpha=-0.278 beta=+0.191 | loss 3.3045 (delta +0.4191) size 307.3 MB sparsity 20.4%
gen 5 offspring [39/100] k= 30 (used  30.0) c=0.811 alpha=-0.018 beta=+0.159 | loss 3.0455 (delta +0.1601) size 309.8 MB sparsity 12.1%
gen 5 offspring [40/100] k=136 (used 135.0) c=0.995 alpha=-0.119 beta=+0.055 | loss 2.9057 (delta +0.0203) size 495.0 MB sparsity 7.4%
gen 5 offspring [41/100] k= 31 (used  31.0) c=0.907 alpha=-0.194 beta=+0.193 | loss 3.0819 (delta +0.1966) size 309.8 MB sparsity 16.6%
gen 5 offspring [42/100] k= 17 (used  17.0) c=0.865 alpha=-0.139 beta=+0.031 | loss 3.4015 (delta +0.5161) size 262.9 MB sparsity 19.0%
gen 5 offspring [43/100] k= 16 (used  15.0) c=0.941 alpha=-0.180 beta=+0.030 | loss 3.7340 (delta +0.8487) size 245.6 MB sparsity 23.3%
gen 5 offspring [44/100] k= 87 (used  87.0) c=0.950 alpha=-0.132 beta=+0.111 | loss 2.9212 (delta +0.0359) size 433.3 MB sparsity 10.2%
gen 5 offspring [45/100] k= 37 (used  37.0) c=0.985 alpha=-0.054 beta=+0.057 | loss 2.9898 (delta +0.1045) size 371.5 MB sparsity 9.8%
gen 5 offspring [46/100] k= 72 (used  72.0) c=0.914 alpha=-0.102 beta=+0.036 | loss 2.9190 (delta +0.0337) size 433.3 MB sparsity 6.7%
gen 5 offspring [47/100] k= 17 (used  17.0) c=0.982 alpha=-0.405 beta=+0.065 | loss 3.8309 (delta +0.9455) size 242.0 MB sparsity 27.4%
gen 5 offspring [48/100] k=131 (used 131.0) c=0.971 alpha=-0.045 beta=+0.014 | loss 2.8982 (delta +0.0129) size 495.0 MB sparsity 3.3%
gen 5 offspring [49/100] k=110 (used 110.0) c=0.872 alpha=-0.048 beta=+0.057 | loss 2.9116 (delta +0.0262) size 433.3 MB sparsity 4.6%
gen 5 offspring [50/100] k= 17 (used  17.0) c=0.864 alpha=-0.146 beta=+0.027 | loss 3.3967 (delta +0.5113) size 263.0 MB sparsity 19.0%
gen 5 offspring [51/100] k= 63 (used  63.0) c=0.907 alpha=-0.058 beta=+0.032 | loss 2.9241 (delta +0.0387) size 371.5 MB sparsity 5.5%
gen 5 offspring [52/100] k= 40 (used  40.0) c=0.938 alpha=-0.106 beta=+0.052 | loss 2.9672 (delta +0.0819) size 371.5 MB sparsity 9.4%
gen 5 offspring [53/100] k= 88 (used  87.3) c=0.944 alpha=-0.413 beta=+0.111 | loss 3.2258 (delta +0.3405) size 402.4 MB sparsity 21.4%
gen 5 offspring [54/100] k= 19 (used  19.0) c=0.881 alpha=-0.284 beta=+0.052 | loss 3.4253 (delta +0.5399) size 306.1 MB sparsity 20.8%
gen 5 offspring [55/100] k= 18 (used  18.0) c=0.818 alpha=-0.191 beta=+0.018 | loss 3.3880 (delta +0.5027) size 307.7 MB sparsity 18.3%
gen 5 offspring [56/100] k=127 (used 127.0) c=0.994 alpha=-0.108 beta=+0.057 | loss 2.9029 (delta +0.0175) size 433.3 MB sparsity 7.0%
gen 5 offspring [57/100] k= 27 (used  27.0) c=0.861 alpha=-0.071 beta=+0.037 | loss 3.0469 (delta +0.1616) size 309.8 MB sparsity 11.8%
gen 5 offspring [58/100] k= 85 (used  85.0) c=0.960 alpha=-0.167 beta=+0.145 | loss 2.9479 (delta +0.0626) size 433.1 MB sparsity 13.1%
gen 5 offspring [59/100] k= 18 (used  17.0) c=0.985 alpha=-0.150 beta=+0.255 | loss 3.5421 (delta +0.6568) size 254.4 MB sparsity 22.4%
gen 5 offspring [60/100] k= 23 (used  23.0) c=0.976 alpha=-0.437 beta=+0.256 | loss 3.7375 (delta +0.8521) size 282.9 MB sparsity 28.7%
gen 5 offspring [61/100] k=143 (used 142.2) c=0.937 alpha=-0.271 beta=+0.030 | loss 2.9900 (delta +0.1047) size 493.8 MB sparsity 12.6%
gen 5 offspring [62/100] k=109 (used 108.9) c=0.992 alpha=-0.042 beta=+0.192 | loss 2.9338 (delta +0.0485) size 433.3 MB sparsity 10.0%
gen 5 offspring [63/100] k=137 (used 136.9) c=0.992 alpha=-0.162 beta=+0.045 | loss 2.9143 (delta +0.0289) size 495.0 MB sparsity 8.7%
gen 5 offspring [64/100] k=147 (used 145.8) c=0.967 alpha=-0.186 beta=+0.266 | loss 3.0484 (delta +0.1631) size 464.0 MB sparsity 18.8%
gen 5 offspring [65/100] k= 86 (used  86.0) c=0.864 alpha=-0.113 beta=+0.124 | loss 2.9327 (delta +0.0474) size 433.3 MB sparsity 10.0%
gen 5 offspring [66/100] k= 53 (used  53.0) c=0.941 alpha=-0.036 beta=+0.006 | loss 2.9330 (delta +0.0476) size 371.5 MB sparsity 6.5%
gen 5 offspring [67/100] k= 22 (used  21.0) c=0.991 alpha=-0.055 beta=+0.054 | loss 3.2728 (delta +0.3875) size 308.1 MB sparsity 17.5%
gen 5 offspring [68/100] k= 28 (used  28.0) c=0.871 alpha=-0.122 beta=+0.064 | loss 3.0472 (delta +0.1618) size 309.8 MB sparsity 12.1%
gen 5 offspring [69/100] k= 29 (used  29.0) c=0.915 alpha=-0.011 beta=+0.029 | loss 3.0298 (delta +0.1445) size 309.8 MB sparsity 11.7%
gen 5 offspring [70/100] k= 37 (used  37.0) c=0.991 alpha=-0.054 beta=+0.057 | loss 2.9902 (delta +0.1048) size 371.5 MB sparsity 9.9%
gen 5 offspring [71/100] k= 37 (used  37.0) c=0.849 alpha=-0.060 beta=+0.259 | loss 3.0614 (delta +0.1761) size 371.1 MB sparsity 15.0%
gen 5 offspring [72/100] k=149 (used 149.0) c=0.945 alpha=-0.024 beta=+0.056 | loss 2.8964 (delta +0.0111) size 495.0 MB sparsity 3.6%
gen 5 offspring [73/100] k= 32 (used  32.0) c=0.952 alpha=-0.138 beta=+0.193 | loss 3.0433 (delta +0.1579) size 309.8 MB sparsity 14.7%
gen 5 offspring [74/100] k= 20 (used  20.0) c=0.896 alpha=-0.028 beta=+0.036 | loss 3.2939 (delta +0.4085) size 308.1 MB sparsity 17.5%
gen 5 offspring [75/100] k= 16 (used  15.0) c=0.936 alpha=-0.224 beta=+0.032 | loss 3.7195 (delta +0.8341) size 245.7 MB sparsity 23.3%
gen 5 offspring [76/100] k= 16 (used  16.0) c=0.873 alpha=-0.149 beta=+0.016 | loss 3.5702 (delta +0.6848) size 246.6 MB sparsity 21.7%
gen 5 offspring [77/100] k= 17 (used  17.0) c=0.996 alpha=-0.036 beta=+0.049 | loss 3.5558 (delta +0.6704) size 256.2 MB sparsity 21.7%
gen 5 offspring [78/100] k=151 (used 150.2) c=0.809 alpha=-0.143 beta=+0.178 | loss 3.0054 (delta +0.1201) size 490.5 MB sparsity 13.4%
gen 5 offspring [79/100] k= 53 (used  53.0) c=0.949 alpha=-0.042 beta=+0.271 | loss 3.0223 (delta +0.1369) size 371.5 MB sparsity 14.5%
gen 5 offspring [80/100] k=110 (used 109.0) c=0.992 alpha=-0.143 beta=+0.092 | loss 2.9139 (delta +0.0286) size 433.3 MB sparsity 9.9%
gen 5 offspring [81/100] k= 56 (used  56.0) c=0.727 alpha=-0.011 beta=+0.023 | loss 3.0656 (delta +0.1802) size 371.5 MB sparsity 4.9%
gen 5 offspring [82/100] k= 33 (used  33.0) c=0.967 alpha=-0.167 beta=+0.191 | loss 3.0527 (delta +0.1674) size 323.7 MB sparsity 15.5%
gen 5 offspring [83/100] k= 47 (used  47.0) c=0.859 alpha=-0.073 beta=+0.033 | loss 2.9600 (delta +0.0746) size 371.5 MB sparsity 6.9%
gen 5 offspring [84/100] k= 33 (used  33.0) c=0.744 alpha=-0.188 beta=+0.148 | loss 3.2452 (delta +0.3598) size 327.1 MB sparsity 14.4%
gen 5 offspring [85/100] k= 56 (used  56.0) c=0.872 alpha=-0.031 beta=+0.023 | loss 2.9467 (delta +0.0613) size 371.5 MB sparsity 5.8%
gen 5 offspring [86/100] k= 50 (used  49.0) c=0.997 alpha=-0.216 beta=+0.061 | loss 2.9814 (delta +0.0960) size 371.5 MB sparsity 12.8%
gen 5 offspring [87/100] k= 20 (used  20.0) c=0.811 alpha=-0.042 beta=+0.027 | loss 3.2337 (delta +0.3484) size 309.0 MB sparsity 15.9%
gen 5 offspring [88/100] k= 29 (used  29.0) c=0.811 alpha=-0.144 beta=+0.129 | loss 3.0514 (delta +0.1661) size 309.8 MB sparsity 12.4%
gen 5 offspring [89/100] k= 20 (used  20.0) c=0.864 alpha=-0.146 beta=+0.028 | loss 3.2684 (delta +0.3831) size 308.4 MB sparsity 16.9%
gen 5 offspring [90/100] k= 44 (used  44.0) c=0.938 alpha=-0.273 beta=+0.216 | loss 3.1570 (delta +0.2716) size 357.7 MB sparsity 20.4%
gen 5 offspring [91/100] k=141 (used 141.0) c=0.996 alpha=-0.035 beta=+0.042 | loss 2.8940 (delta +0.0086) size 495.0 MB sparsity 3.4%
gen 5 offspring [92/100] k= 20 (used  20.0) c=0.883 alpha=-0.155 beta=+0.057 | loss 3.3026 (delta +0.4172) size 308.2 MB sparsity 17.3%
gen 5 offspring [93/100] k= 24 (used  24.0) c=0.943 alpha=-0.061 beta=+0.117 | loss 3.1480 (delta +0.2626) size 309.3 MB sparsity 15.2%
gen 5 offspring [94/100] k= 19 (used  19.0) c=0.991 alpha=-0.188 beta=+0.057 | loss 3.3940 (delta +0.5087) size 306.5 MB sparsity 19.4%
gen 5 offspring [95/100] k= 17 (used  17.0) c=0.974 alpha=-0.031 beta=+0.040 | loss 3.5070 (delta +0.6216) size 257.3 MB sparsity 21.2%
gen 5 offspring [96/100] k= 16 (used  16.0) c=0.754 alpha=-0.182 beta=+0.148 | loss 3.5963 (delta +0.7110) size 247.7 MB sparsity 19.0%
gen 5 offspring [97/100] k= 19 (used  19.0) c=0.948 alpha=-0.153 beta=+0.030 | loss 3.3179 (delta +0.4326) size 307.3 MB sparsity 18.5%
gen 5 offspring [98/100] k= 40 (used  40.0) c=0.727 alpha=-0.035 beta=+0.003 | loss 3.1067 (delta +0.2213) size 371.5 MB sparsity 6.9%
gen 5 offspring [99/100] k= 28 (used  28.0) c=0.954 alpha=-0.139 beta=+0.061 | loss 3.0967 (delta +0.2113) size 309.8 MB sparsity 13.3%
gen 5 offspring [100/100] k= 19 (used  19.0) c=0.991 alpha=-0.164 beta=+0.022 | loss 3.3903 (delta +0.5050) size 306.5 MB sparsity 19.3%
=== generation 5/50 done in 460s (0 reused), batch baseline 2.8854, HV 0.35173, front 54 points, 100/100 feasible, best delta loss +0.0063, smallest 239.3 MB
gen 6 offspring [1/100] k= 38 (used  37.0) c=0.993 alpha=-0.132 beta=+0.152 | loss 3.0121 (delta +0.1268) size 371.5 MB sparsity 12.6%
gen 6 offspring [2/100] k= 84 (used  84.0) c=0.944 alpha=-0.130 beta=+0.111 | loss 2.9242 (delta +0.0389) size 433.3 MB sparsity 10.2%
gen 6 offspring [3/100] k= 76 (used  76.0) c=0.938 alpha=-0.104 beta=+0.137 | loss 2.9301 (delta +0.0448) size 433.3 MB sparsity 10.2%
gen 6 offspring [4/100] k= 24 (used  24.0) c=0.881 alpha=-0.322 beta=+0.095 | loss 3.3004 (delta +0.4151) size 307.0 MB sparsity 20.5%
gen 6 offspring [5/100] k= 17 (used  17.0) c=0.937 alpha=-0.153 beta=+0.035 | loss 3.4623 (delta +0.5770) size 259.2 MB sparsity 20.5%
gen 6 offspring [6/100] k= 55 (used  55.0) c=0.933 alpha=-0.030 beta=+0.049 | loss 2.9385 (delta +0.0531) size 371.5 MB sparsity 6.2%
gen 6 offspring [7/100] k=125 (used 124.8) c=0.992 alpha=-0.042 beta=+0.202 | loss 2.9372 (delta +0.0519) size 433.3 MB sparsity 10.3%
gen 6 offspring [8/100] k= 16 (used  16.0) c=0.872 alpha=-0.149 beta=+0.016 | loss 3.5770 (delta +0.6917) size 246.6 MB sparsity 21.7%
gen 6 offspring [9/100] k= 73 (used  73.0) c=0.873 alpha=-0.058 beta=+0.049 | loss 2.9247 (delta +0.0394) size 433.3 MB sparsity 5.0%
gen 6 offspring [10/100] k= 16 (used  16.0) c=0.848 alpha=-0.047 beta=+0.214 | loss 3.5063 (delta +0.6210) size 246.8 MB sparsity 21.3%
gen 6 offspring [11/100] k= 24 (used  24.0) c=0.953 alpha=-0.278 beta=+0.191 | loss 3.3122 (delta +0.4268) size 307.2 MB sparsity 20.5%
gen 6 offspring [12/100] k= 18 (used  18.0) c=0.813 alpha=-0.031 beta=+0.041 | loss 3.3742 (delta +0.4888) size 307.8 MB sparsity 17.9%
gen 6 offspring [13/100] k= 33 (used  33.0) c=0.975 alpha=-0.091 beta=+0.092 | loss 2.9988 (delta +0.1135) size 337.9 MB sparsity 10.9%
gen 6 offspring [14/100] k=124 (used 124.0) c=0.949 alpha=-0.034 beta=+0.046 | loss 2.8967 (delta +0.0114) size 433.3 MB sparsity 3.6%
gen 6 offspring [15/100] k= 24 (used  24.0) c=0.867 alpha=-0.265 beta=+0.013 | loss 3.2083 (delta +0.3230) size 308.8 MB sparsity 18.2%
gen 6 offspring [16/100] k=132 (used 131.9) c=0.971 alpha=-0.150 beta=+0.014 | loss 2.9164 (delta +0.0310) size 495.0 MB sparsity 7.6%
gen 6 offspring [17/100] k= 29 (used  29.0) c=0.915 alpha=-0.018 beta=+0.031 | loss 3.0298 (delta +0.1445) size 309.8 MB sparsity 11.7%
gen 6 offspring [18/100] k= 17 (used  17.0) c=0.997 alpha=-0.126 beta=+0.131 | loss 3.5494 (delta +0.6640) size 256.2 MB sparsity 21.7%
gen 6 offspring [19/100] k= 37 (used  37.0) c=0.904 alpha=-0.022 beta=+0.058 | loss 2.9656 (delta +0.0802) size 371.5 MB sparsity 9.0%
gen 6 offspring [20/100] k= 28 (used  28.0) c=0.865 alpha=-0.053 beta=+0.092 | loss 3.0438 (delta +0.1585) size 309.8 MB sparsity 11.9%
gen 6 offspring [21/100] k= 19 (used  19.0) c=0.991 alpha=-0.035 beta=+0.057 | loss 3.3921 (delta +0.5068) size 306.5 MB sparsity 19.3%
gen 6 offspring [22/100] k= 17 (used  17.0) c=0.995 alpha=-0.235 beta=+0.049 | loss 3.5544 (delta +0.6691) size 255.2 MB sparsity 22.1%
gen 6 offspring [23/100] k= 89 (used  89.0) c=0.910 alpha=-0.050 beta=+0.115 | loss 2.9148 (delta +0.0295) size 433.3 MB sparsity 7.1%
gen 6 offspring [24/100] k= 22 (used  21.0) c=0.981 alpha=-0.169 beta=+0.219 | loss 3.2835 (delta +0.3982) size 307.9 MB sparsity 18.6%
gen 6 offspring [25/100] k= 20 (used  20.0) c=0.937 alpha=-0.176 beta=+0.031 | loss 3.3147 (delta +0.4294) size 307.4 MB sparsity 18.4%
gen 6 offspring [26/100] k= 16 (used  16.0) c=0.865 alpha=-0.205 beta=+0.031 | loss 3.5496 (delta +0.6642) size 246.6 MB sparsity 21.6%
gen 6 offspring [27/100] k= 57 (used  57.0) c=0.941 alpha=-0.274 beta=+0.024 | loss 3.0163 (delta +0.1310) size 371.5 MB sparsity 14.4%
gen 6 offspring [28/100] k= 19 (used  19.0) c=0.907 alpha=-0.184 beta=+0.056 | loss 3.3101 (delta +0.4248) size 307.9 MB sparsity 18.0%
gen 6 offspring [29/100] k= 16 (used  16.0) c=0.871 alpha=-0.224 beta=+0.048 | loss 3.5894 (delta +0.7041) size 246.6 MB sparsity 21.9%
gen 6 offspring [30/100] k= 17 (used  17.0) c=0.908 alpha=-0.009 beta=+0.004 | loss 3.4443 (delta +0.5589) size 260.7 MB sparsity 19.9%
gen 6 offspring [31/100] k= 30 (used  30.0) c=0.920 alpha=-0.193 beta=+0.186 | loss 3.0842 (delta +0.1989) size 309.7 MB sparsity 16.4%
gen 6 offspring [32/100] k= 17 (used  17.0) c=0.905 alpha=-0.148 beta=+0.212 | loss 3.4286 (delta +0.5432) size 259.9 MB sparsity 20.2%
gen 6 offspring [33/100] k= 16 (used  16.0) c=0.807 alpha=-0.141 beta=+0.257 | loss 3.5633 (delta +0.6780) size 247.1 MB sparsity 21.6%
gen 6 offspring [34/100] k= 89 (used  88.9) c=0.950 alpha=-0.234 beta=+0.030 | loss 2.9596 (delta +0.0742) size 433.3 MB sparsity 11.7%
gen 6 offspring [35/100] k= 30 (used  29.0) c=0.976 alpha=-0.146 beta=+0.129 | loss 3.0561 (delta +0.1708) size 309.8 MB sparsity 13.2%
gen 6 offspring [36/100] k= 34 (used  34.0) c=0.870 alpha=-0.414 beta=+0.003 | loss 3.3163 (delta +0.4310) size 353.0 MB sparsity 21.7%
gen 6 offspring [37/100] k= 23 (used  23.0) c=0.945 alpha=-0.190 beta=+0.038 | loss 3.1688 (delta +0.2834) size 309.2 MB sparsity 16.3%
gen 6 offspring [38/100] k= 38 (used  38.0) c=0.907 alpha=-0.015 beta=+0.058 | loss 2.9668 (delta +0.0814) size 371.5 MB sparsity 9.0%
gen 6 offspring [39/100] k= 48 (used  47.9) c=0.979 alpha=-0.453 beta=+0.065 | loss 3.3814 (delta +0.4961) size 351.6 MB sparsity 22.0%
gen 6 offspring [40/100] k= 24 (used  24.0) c=0.938 alpha=-0.278 beta=+0.172 | loss 3.2560 (delta +0.3707) size 307.8 MB sparsity 19.9%
gen 6 offspring [41/100] k= 32 (used  32.0) c=0.967 alpha=-0.193 beta=+0.216 | loss 3.1172 (delta +0.2318) size 309.6 MB sparsity 17.5%
gen 6 offspring [42/100] k= 36 (used  36.0) c=0.940 alpha=-0.045 beta=+0.002 | loss 2.9952 (delta +0.1099) size 371.5 MB sparsity 9.9%
gen 6 offspring [43/100] k= 17 (used  17.0) c=0.892 alpha=-0.158 beta=+0.054 | loss 3.4322 (delta +0.5469) size 261.5 MB sparsity 19.5%
gen 6 offspring [44/100] k= 53 (used  53.0) c=0.944 alpha=-0.058 beta=+0.032 | loss 2.9349 (delta +0.0496) size 371.5 MB sparsity 6.6%
gen 6 offspring [45/100] k= 16 (used  16.0) c=0.873 alpha=-0.149 beta=+0.013 | loss 3.5702 (delta +0.6848) size 246.6 MB sparsity 21.7%
gen 6 offspring [46/100] k= 50 (used  49.0) c=0.998 alpha=-0.216 beta=+0.061 | loss 2.9819 (delta +0.0966) size 371.5 MB sparsity 12.8%
gen 6 offspring [47/100] k= 18 (used  17.0) c=0.985 alpha=-0.145 beta=+0.289 | loss 3.5679 (delta +0.6826) size 251.9 MB sparsity 23.5%
gen 6 offspring [48/100] k= 18 (used  17.0) c=0.999 alpha=-0.469 beta=+0.083 | loss 4.0739 (delta +1.1885) size 236.0 MB sparsity 29.9%
gen 6 offspring [49/100] k= 17 (used  17.0) c=0.786 alpha=-0.008 beta=+0.116 | loss 3.4177 (delta +0.5324) size 267.0 MB sparsity 17.3%
gen 6 offspring [50/100] k= 18 (used  18.0) c=0.938 alpha=-0.270 beta=+0.036 | loss 3.5326 (delta +0.6473) size 302.9 MB sparsity 22.2%
gen 6 offspring [51/100] k= 17 (used  17.0) c=0.996 alpha=-0.201 beta=+0.000 | loss 3.5542 (delta +0.6689) size 256.1 MB sparsity 21.7%
gen 6 offspring [52/100] k= 16 (used  16.0) c=0.864 alpha=-0.146 beta=+0.036 | loss 3.5543 (delta +0.6689) size 246.7 MB sparsity 21.5%
gen 6 offspring [53/100] k= 17 (used  17.0) c=0.865 alpha=-0.185 beta=+0.031 | loss 3.4005 (delta +0.5152) size 262.7 MB sparsity 19.1%
gen 6 offspring [54/100] k= 17 (used  17.0) c=0.977 alpha=-0.434 beta=+0.065 | loss 3.8742 (delta +0.9889) size 239.6 MB sparsity 28.4%
gen 6 offspring [55/100] k= 27 (used  27.0) c=0.943 alpha=-0.156 beta=+0.131 | loss 3.0924 (delta +0.2071) size 309.8 MB sparsity 13.8%
gen 6 offspring [56/100] k= 27 (used  27.0) c=0.861 alpha=-0.318 beta=+0.054 | loss 3.1968 (delta +0.3114) size 308.7 MB sparsity 19.1%
gen 6 offspring [57/100] k= 19 (used  19.0) c=0.950 alpha=-0.149 beta=+0.055 | loss 3.3330 (delta +0.4477) size 307.2 MB sparsity 18.5%
gen 6 offspring [58/100] k= 24 (used  24.0) c=0.946 alpha=-0.156 beta=+0.324 | loss 3.3261 (delta +0.4408) size 305.6 MB sparsity 21.3%
gen 6 offspring [59/100] k= 30 (used  29.0) c=0.973 alpha=-0.146 beta=+0.128 | loss 3.0564 (delta +0.1711) size 309.8 MB sparsity 13.2%
gen 6 offspring [60/100] k= 18 (used  18.0) c=0.902 alpha=-0.230 beta=+0.032 | loss 3.4920 (delta +0.6067) size 305.7 MB sparsity 20.5%
gen 6 offspring [61/100] k= 29 (used  29.0) c=0.915 alpha=-0.272 beta=+0.179 | loss 3.1590 (delta +0.2736) size 309.0 MB sparsity 19.2%
gen 6 offspring [62/100] k= 51 (used  51.0) c=0.998 alpha=-0.216 beta=+0.061 | loss 2.9841 (delta +0.0988) size 371.5 MB sparsity 12.6%
gen 6 offspring [63/100] k= 17 (used  17.0) c=0.976 alpha=-0.437 beta=+0.143 | loss 3.8752 (delta +0.9899) size 239.3 MB sparsity 28.5%
gen 6 offspring [64/100] k= 34 (used  33.0) c=0.997 alpha=-0.392 beta=+0.160 | loss 3.2875 (delta +0.4021) size 300.4 MB sparsity 23.1%
gen 6 offspring [65/100] k= 59 (used  58.9) c=0.940 alpha=-0.353 beta=+0.125 | loss 3.1451 (delta +0.2598) size 360.0 MB sparsity 19.8%
gen 6 offspring [66/100] k= 17 (used  17.0) c=0.997 alpha=-0.153 beta=+0.029 | loss 3.5562 (delta +0.6708) size 256.2 MB sparsity 21.7%
gen 6 offspring [67/100] k=109 (used 109.0) c=0.996 alpha=-0.171 beta=+0.028 | loss 2.9191 (delta +0.0337) size 433.3 MB sparsity 8.8%
gen 6 offspring [68/100] k=137 (used 136.7) c=0.991 alpha=-0.192 beta=+0.042 | loss 2.9273 (delta +0.0419) size 495.0 MB sparsity 9.9%
gen 6 offspring [69/100] k=139 (used 139.0) c=0.867 alpha=-0.042 beta=+0.042 | loss 2.9114 (delta +0.0260) size 495.0 MB sparsity 3.7%
gen 6 offspring [70/100] k= 30 (used  29.0) c=0.970 alpha=-0.203 beta=+0.190 | loss 3.1113 (delta +0.2260) size 309.7 MB sparsity 17.0%
gen 6 offspring [71/100] k= 31 (used  31.0) c=0.888 alpha=-0.143 beta=+0.012 | loss 3.0136 (delta +0.1282) size 309.8 MB sparsity 11.7%
gen 6 offspring [72/100] k= 16 (used  15.0) c=0.984 alpha=-0.153 beta=+0.029 | loss 3.8523 (delta +0.9670) size 244.8 MB sparsity 24.3%
gen 6 offspring [73/100] k= 17 (used  17.0) c=0.996 alpha=-0.136 beta=+0.042 | loss 3.5558 (delta +0.6704) size 256.2 MB sparsity 21.7%
gen 6 offspring [74/100] k= 17 (used  17.0) c=0.859 alpha=-0.035 beta=+0.030 | loss 3.3914 (delta +0.5061) size 263.2 MB sparsity 18.9%
gen 6 offspring [75/100] k= 75 (used  75.0) c=0.991 alpha=-0.112 beta=+0.147 | loss 2.9346 (delta +0.0492) size 433.3 MB sparsity 10.9%
gen 6 offspring [76/100] k= 16 (used  15.0) c=0.937 alpha=-0.230 beta=+0.027 | loss 3.7227 (delta +0.8373) size 245.6 MB sparsity 23.3%
gen 6 offspring [77/100] k=102 (used 101.0) c=0.992 alpha=-0.042 beta=+0.092 | loss 2.9007 (delta +0.0153) size 433.3 MB sparsity 5.9%
gen 6 offspring [78/100] k= 28 (used  28.0) c=0.937 alpha=-0.180 beta=+0.008 | loss 3.1039 (delta +0.2186) size 309.8 MB sparsity 14.4%
gen 6 offspring [79/100] k= 16 (used  16.0) c=0.926 alpha=-0.178 beta=+0.110 | loss 3.7060 (delta +0.8207) size 245.8 MB sparsity 23.0%
gen 6 offspring [80/100] k= 17 (used  17.0) c=0.817 alpha=-0.405 beta=+0.065 | loss 3.7764 (delta +0.8910) size 246.6 MB sparsity 25.6%
gen 6 offspring [81/100] k= 24 (used  23.0) c=0.999 alpha=-0.322 beta=+0.163 | loss 3.3762 (delta +0.4908) size 304.6 MB sparsity 21.7%
gen 6 offspring [82/100] k=109 (used 108.9) c=0.999 alpha=-0.051 beta=+0.185 | loss 2.9295 (delta +0.0441) size 433.3 MB sparsity 10.0%
gen 6 offspring [83/100] k= 16 (used  15.0) c=0.995 alpha=-0.232 beta=+0.032 | loss 3.8453 (delta +0.9600) size 244.6 MB sparsity 24.6%
gen 6 offspring [84/100] k= 16 (used  16.0) c=0.855 alpha=-0.014 beta=+0.030 | loss 3.5257 (delta +0.6403) size 246.8 MB sparsity 21.3%
gen 6 offspring [85/100] k= 16 (used  15.0) c=0.941 alpha=-0.156 beta=+0.022 | loss 3.7369 (delta +0.8516) size 245.6 MB sparsity 23.3%
gen 6 offspring [86/100] k= 31 (used  31.0) c=0.981 alpha=-0.180 beta=+0.193 | loss 3.0723 (delta +0.1870) size 309.8 MB sparsity 16.2%
gen 6 offspring [87/100] k= 92 (used  92.0) c=0.936 alpha=-0.011 beta=+0.014 | loss 2.9043 (delta +0.0190) size 433.3 MB sparsity 3.8%
gen 6 offspring [88/100] k= 17 (used  17.0) c=0.867 alpha=-0.146 beta=+0.027 | loss 3.3977 (delta +0.5123) size 262.8 MB sparsity 19.0%
gen 6 offspring [89/100] k= 61 (used  61.0) c=0.907 alpha=-0.054 beta=+0.058 | loss 2.9306 (delta +0.0453) size 371.5 MB sparsity 5.6%
gen 6 offspring [90/100] k= 42 (used  41.0) c=0.979 alpha=-0.108 beta=+0.095 | loss 2.9658 (delta +0.0805) size 371.5 MB sparsity 9.6%
gen 6 offspring [91/100] k=137 (used 137.0) c=0.989 alpha=-0.048 beta=+0.021 | loss 2.8927 (delta +0.0074) size 495.0 MB sparsity 3.4%
gen 6 offspring [92/100] k= 20 (used  20.0) c=0.862 alpha=-0.138 beta=+0.059 | loss 3.2679 (delta +0.3826) size 308.5 MB sparsity 16.9%
gen 6 offspring [93/100] k= 17 (used  17.0) c=0.941 alpha=-0.180 beta=+0.030 | loss 3.4669 (delta +0.5816) size 259.0 MB sparsity 20.6%
gen 6 offspring [94/100] k= 63 (used  63.0) c=0.907 alpha=-0.061 beta=+0.087 | loss 2.9235 (delta +0.0382) size 371.5 MB sparsity 6.7%
gen 6 offspring [95/100] k= 16 (used  15.0) c=0.972 alpha=-0.146 beta=+0.027 | loss 3.8691 (delta +0.9838) size 245.0 MB sparsity 24.0%
gen 6 offspring [96/100] k= 19 (used  19.0) c=0.937 alpha=-0.145 beta=+0.024 | loss 3.3159 (delta +0.4305) size 307.4 MB sparsity 18.3%
gen 6 offspring [97/100] k= 27 (used  27.0) c=0.861 alpha=-0.312 beta=+0.054 | loss 3.1898 (delta +0.3045) size 308.8 MB sparsity 18.9%
gen 6 offspring [98/100] k= 33 (used  33.0) c=0.864 alpha=-0.091 beta=+0.048 | loss 3.0025 (delta +0.1171) size 341.5 MB sparsity 9.7%
gen 6 offspring [99/100] k= 24 (used  24.0) c=0.942 alpha=-0.156 beta=+0.003 | loss 3.1462 (delta +0.2609) size 309.3 MB sparsity 15.4%
gen 6 offspring [100/100] k= 24 (used  24.0) c=0.881 alpha=-0.322 beta=+0.131 | loss 3.2990 (delta +0.4136) size 307.0 MB sparsity 20.5%
=== generation 6/50 done in 461s (0 reused), batch baseline 2.8854, HV 0.35560, front 75 points, 100/100 feasible, best delta loss +0.0063, smallest 239.3 MB
gen 7 offspring [1/100] k= 16 (used  16.0) c=0.867 alpha=-0.416 beta=+0.094 | loss 3.8817 (delta +0.9963) size 240.8 MB sparsity 27.9%
gen 7 offspring [2/100] k= 17 (used  17.0) c=0.906 alpha=-0.148 beta=+0.212 | loss 3.4293 (delta +0.5440) size 259.9 MB sparsity 20.2%
gen 7 offspring [3/100] k= 30 (used  30.0) c=0.888 alpha=-0.143 beta=+0.013 | loss 3.0189 (delta +0.1335) size 309.8 MB sparsity 12.2%
gen 7 offspring [4/100] k= 16 (used  15.0) c=0.941 alpha=-0.149 beta=+0.012 | loss 3.7372 (delta +0.8518) size 245.6 MB sparsity 23.3%
gen 7 offspring [5/100] k=135 (used 135.0) c=0.949 alpha=-0.025 beta=+0.086 | loss 2.9002 (delta +0.0149) size 495.0 MB sparsity 4.9%
gen 7 offspring [6/100] k= 17 (used  17.0) c=0.976 alpha=-0.437 beta=+0.155 | loss 3.8752 (delta +0.9899) size 239.3 MB sparsity 28.5%
gen 7 offspring [7/100] k= 26 (used  26.0) c=0.861 alpha=-0.073 beta=+0.054 | loss 3.0939 (delta +0.2085) size 309.8 MB sparsity 12.8%
gen 7 offspring [8/100] k= 55 (used  55.0) c=0.937 alpha=-0.214 beta=+0.001 | loss 2.9734 (delta +0.0881) size 371.5 MB sparsity 12.1%
gen 7 offspring [9/100] k=124 (used 124.0) c=0.949 alpha=-0.034 beta=+0.002 | loss 2.8953 (delta +0.0099) size 433.3 MB sparsity 3.0%
gen 7 offspring [10/100] k= 33 (used  33.0) c=0.979 alpha=-0.091 beta=+0.092 | loss 2.9979 (delta +0.1126) size 337.7 MB sparsity 11.0%
gen 7 offspring [11/100] k= 26 (used  26.0) c=0.811 alpha=-0.146 beta=+0.157 | loss 3.0901 (delta +0.2047) size 309.8 MB sparsity 13.8%
gen 7 offspring [12/100] k= 16 (used  16.0) c=0.864 alpha=-0.146 beta=+0.037 | loss 3.5543 (delta +0.6689) size 246.7 MB sparsity 21.5%
gen 7 offspring [13/100] k=109 (used 109.0) c=0.997 alpha=-0.131 beta=+0.154 | loss 2.9283 (delta +0.0430) size 433.3 MB sparsity 12.0%
gen 7 offspring [14/100] k= 16 (used  16.0) c=0.854 alpha=-0.205 beta=+0.027 | loss 3.5310 (delta +0.6457) size 246.8 MB sparsity 21.3%
gen 7 offspring [15/100] k= 24 (used  24.0) c=0.945 alpha=-0.059 beta=+0.324 | loss 3.3136 (delta +0.4282) size 305.9 MB sparsity 21.1%
gen 7 offspring [16/100] k= 59 (used  59.0) c=0.947 alpha=-0.125 beta=+0.125 | loss 2.9533 (delta +0.0679) size 371.5 MB sparsity 10.7%
gen 7 offspring [17/100] k= 16 (used  16.0) c=0.870 alpha=-0.122 beta=+0.064 | loss 3.5688 (delta +0.6835) size 246.6 MB sparsity 21.7%
gen 7 offspring [18/100] k= 20 (used  20.0) c=0.881 alpha=-0.437 beta=+0.069 | loss 3.7453 (delta +0.8600) size 290.1 MB sparsity 26.4%
gen 7 offspring [19/100] k= 16 (used  15.0) c=0.938 alpha=-0.178 beta=+0.258 | loss 3.7167 (delta +0.8314) size 245.6 MB sparsity 23.8%
gen 7 offspring [20/100] k= 20 (used  19.0) c=0.973 alpha=-0.138 beta=+0.059 | loss 3.3581 (delta +0.4727) size 306.8 MB sparsity 19.0%
gen 7 offspring [21/100] k= 33 (used  33.0) c=0.973 alpha=-0.213 beta=+0.092 | loss 3.0364 (delta +0.1510) size 326.7 MB sparsity 14.5%
gen 7 offspring [22/100] k= 17 (used  17.0) c=0.953 alpha=-0.294 beta=+0.041 | loss 3.6092 (delta +0.7239) size 252.5 MB sparsity 23.2%
gen 7 offspring [23/100] k=136 (used 135.8) c=0.980 alpha=-0.180 beta=+0.044 | loss 2.9220 (delta +0.0367) size 495.0 MB sparsity 9.4%
gen 7 offspring [24/100] k= 63 (used  63.0) c=0.907 alpha=-0.043 beta=+0.087 | loss 2.9235 (delta +0.0382) size 371.5 MB sparsity 6.4%
gen 7 offspring [25/100] k= 16 (used  15.0) c=0.977 alpha=-0.434 beta=+0.065 | loss 4.2368 (delta +1.3514) size 235.8 MB sparsity 30.0%
gen 7 offspring [26/100] k= 17 (used  17.0) c=0.888 alpha=-0.278 beta=+0.030 | loss 3.5332 (delta +0.6479) size 255.8 MB sparsity 21.8%
gen 7 offspring [27/100] k= 87 (used  87.0) c=0.950 alpha=-0.191 beta=+0.111 | loss 2.9458 (delta +0.0605) size 433.2 MB sparsity 12.7%
gen 7 offspring [28/100] k= 21 (used  21.0) c=0.938 alpha=-0.278 beta=+0.144 | loss 3.3256 (delta +0.4403) size 307.0 MB sparsity 20.1%
gen 7 offspring [29/100] k=153 (used 152.5) c=0.994 alpha=-0.207 beta=+0.036 | loss 2.9340 (delta +0.0487) size 495.0 MB sparsity 10.2%
gen 7 offspring [30/100] k= 16 (used  16.0) c=0.890 alpha=-0.132 beta=+0.058 | loss 3.6185 (delta +0.7331) size 246.4 MB sparsity 22.1%
gen 7 offspring [31/100] k= 17 (used  17.0) c=0.981 alpha=-0.160 beta=+0.209 | loss 3.5287 (delta +0.6434) size 256.7 MB sparsity 21.5%
gen 7 offspring [32/100] k= 17 (used  17.0) c=0.953 alpha=-0.037 beta=+0.044 | loss 3.5044 (delta +0.6190) size 258.4 MB sparsity 20.8%
gen 7 offspring [33/100] k= 16 (used  15.0) c=0.957 alpha=-0.043 beta=+0.057 | loss 3.8015 (delta +0.9161) size 245.3 MB sparsity 23.7%
gen 7 offspring [34/100] k= 36 (used  36.0) c=0.915 alpha=-0.045 beta=+0.048 | loss 2.9856 (delta +0.1002) size 371.5 MB sparsity 9.6%
gen 7 offspring [35/100] k= 61 (used  61.0) c=0.909 alpha=-0.061 beta=+0.093 | loss 2.9288 (delta +0.0434) size 371.5 MB sparsity 7.0%
gen 7 offspring [36/100] k=115 (used 114.9) c=0.997 alpha=-0.140 beta=+0.152 | loss 2.9314 (delta +0.0461) size 433.2 MB sparsity 12.3%
gen 7 offspring [37/100] k= 16 (used  16.0) c=0.872 alpha=-0.272 beta=+0.179 | loss 3.6308 (delta +0.7455) size 246.3 MB sparsity 23.1%
gen 7 offspring [38/100] k= 33 (used  33.0) c=0.976 alpha=-0.093 beta=+0.245 | loss 3.0546 (delta +0.1692) size 322.9 MB sparsity 15.8%
gen 7 offspring [39/100] k= 33 (used  33.0) c=0.973 alpha=-0.086 beta=+0.032 | loss 3.0006 (delta +0.1153) size 337.9 MB sparsity 10.9%
gen 7 offspring [40/100] k= 62 (used  62.0) c=0.883 alpha=-0.058 beta=+0.030 | loss 2.9256 (delta +0.0403) size 371.5 MB sparsity 5.5%
gen 7 offspring [41/100] k= 50 (used  49.0) c=0.998 alpha=-0.110 beta=+0.061 | loss 2.9517 (delta +0.0663) size 371.5 MB sparsity 8.6%
gen 7 offspring [42/100] k=128 (used 128.0) c=0.947 alpha=-0.034 beta=+0.046 | loss 2.8974 (delta +0.0120) size 433.3 MB sparsity 3.6%
gen 7 offspring [43/100] k= 34 (used  34.0) c=0.937 alpha=-0.163 beta=+0.216 | loss 3.0730 (delta +0.1876) size 370.4 MB sparsity 16.3%
gen 7 offspring [44/100] k= 24 (used  23.0) c=0.997 alpha=-0.430 beta=+0.346 | loss 3.9411 (delta +1.0558) size 273.3 MB sparsity 31.8%
gen 7 offspring [45/100] k= 16 (used  15.0) c=0.975 alpha=-0.043 beta=+0.042 | loss 3.8669 (delta +0.9816) size 245.0 MB sparsity 24.1%
gen 7 offspring [46/100] k= 17 (used  17.0) c=0.998 alpha=-0.281 beta=+0.048 | loss 3.6070 (delta +0.7216) size 252.1 MB sparsity 23.3%
gen 7 offspring [47/100] k= 87 (used  87.0) c=0.950 alpha=-0.093 beta=+0.171 | loss 2.9303 (delta +0.0449) size 433.3 MB sparsity 11.1%
gen 7 offspring [48/100] k= 16 (used  16.0) c=0.895 alpha=-0.230 beta=+0.041 | loss 3.6531 (delta +0.7678) size 246.3 MB sparsity 22.5%
gen 7 offspring [49/100] k= 16 (used  16.0) c=0.872 alpha=-0.180 beta=+0.030 | loss 3.5805 (delta +0.6951) size 246.6 MB sparsity 21.7%
gen 7 offspring [50/100] k= 86 (used  86.0) c=0.944 alpha=-0.131 beta=+0.042 | loss 2.9187 (delta +0.0334) size 433.3 MB sparsity 7.6%
gen 7 offspring [51/100] k= 17 (used  17.0) c=0.937 alpha=-0.148 beta=+0.012 | loss 3.4628 (delta +0.5775) size 259.2 MB sparsity 20.5%
gen 7 offspring [52/100] k= 21 (used  21.0) c=0.881 alpha=-0.194 beta=+0.031 | loss 3.1983 (delta +0.3130) size 309.0 MB sparsity 16.6%
gen 7 offspring [53/100] k= 17 (used  17.0) c=0.998 alpha=-0.216 beta=+0.061 | loss 3.5490 (delta +0.6637) size 255.8 MB sparsity 21.9%
gen 7 offspring [54/100] k= 33 (used  33.0) c=0.940 alpha=-0.030 beta=+0.046 | loss 2.9999 (delta +0.1146) size 339.1 MB sparsity 10.5%
gen 7 offspring [55/100] k= 17 (used  17.0) c=0.982 alpha=-0.405 beta=+0.040 | loss 3.8309 (delta +0.9455) size 242.0 MB sparsity 27.4%
gen 7 offspring [56/100] k= 34 (used  33.0) c=0.992 alpha=-0.036 beta=+0.041 | loss 3.0046 (delta +0.1193) size 337.3 MB sparsity 11.1%
gen 7 offspring [57/100] k=142 (used 141.0) c=0.999 alpha=-0.032 beta=+0.042 | loss 2.8932 (delta +0.0078) size 495.0 MB sparsity 3.3%
gen 7 offspring [58/100] k= 63 (used  63.0) c=0.902 alpha=-0.155 beta=+0.032 | loss 2.9382 (delta +0.0529) size 371.5 MB sparsity 9.1%
gen 7 offspring [59/100] k= 17 (used  17.0) c=0.865 alpha=-0.095 beta=+0.031 | loss 3.4022 (delta +0.5168) size 262.9 MB sparsity 19.0%
gen 7 offspring [60/100] k= 16 (used  16.0) c=0.875 alpha=-0.014 beta=+0.030 | loss 3.5824 (delta +0.6970) size 246.5 MB sparsity 21.8%
gen 7 offspring [61/100] k= 30 (used  30.0) c=0.874 alpha=-0.054 beta=+0.055 | loss 3.0159 (delta +0.1305) size 309.8 MB sparsity 11.1%
gen 7 offspring [62/100] k= 29 (used  29.0) c=0.976 alpha=-0.322 beta=+0.127 | loss 3.2095 (delta +0.3242) size 308.3 MB sparsity 19.7%
gen 7 offspring [63/100] k= 16 (used  16.0) c=0.849 alpha=-0.141 beta=+0.110 | loss 3.5047 (delta +0.6193) size 246.8 MB sparsity 21.1%
gen 7 offspring [64/100] k= 19 (used  19.0) c=0.864 alpha=-0.031 beta=+0.040 | loss 3.2753 (delta +0.3900) size 308.4 MB sparsity 16.9%
gen 7 offspring [65/100] k= 52 (used  51.0) c=0.996 alpha=-0.094 beta=+0.061 | loss 2.9438 (delta +0.0585) size 371.5 MB sparsity 7.9%
gen 7 offspring [66/100] k= 25 (used  25.0) c=0.871 alpha=-0.036 beta=+0.005 | loss 3.0976 (delta +0.2123) size 309.8 MB sparsity 12.9%
gen 7 offspring [67/100] k= 32 (used  31.0) c=0.974 alpha=-0.042 beta=+0.192 | loss 3.0415 (delta +0.1562) size 309.8 MB sparsity 14.1%
gen 7 offspring [68/100] k= 17 (used  17.0) c=0.859 alpha=-0.061 beta=+0.030 | loss 3.3914 (delta +0.5061) size 263.2 MB sparsity 18.9%
gen 7 offspring [69/100] k= 17 (used  17.0) c=0.871 alpha=-0.230 beta=+0.023 | loss 3.4370 (delta +0.5517) size 260.2 MB sparsity 20.1%
gen 7 offspring [70/100] k= 31 (used  31.0) c=0.850 alpha=-0.143 beta=+0.012 | loss 3.0261 (delta +0.1408) size 309.8 MB sparsity 11.4%
gen 7 offspring [71/100] k= 24 (used  23.0) c=0.999 alpha=-0.385 beta=+0.163 | loss 3.4842 (delta +0.5989) size 297.4 MB sparsity 24.0%
gen 7 offspring [72/100] k= 17 (used  17.0) c=0.986 alpha=-0.420 beta=+0.131 | loss 3.8516 (delta +0.9663) size 240.6 MB sparsity 28.0%
gen 7 offspring [73/100] k= 17 (used  17.0) c=0.982 alpha=-0.366 beta=+0.065 | loss 3.7431 (delta +0.8577) size 245.4 MB sparsity 26.0%
gen 7 offspring [74/100] k= 21 (used  21.0) c=0.939 alpha=-0.042 beta=+0.003 | loss 3.2034 (delta +0.3180) size 308.6 MB sparsity 16.6%
gen 7 offspring [75/100] k= 37 (used  37.0) c=0.850 alpha=-0.157 beta=+0.296 | loss 3.1386 (delta +0.2533) size 362.9 MB sparsity 19.0%
gen 7 offspring [76/100] k= 31 (used  31.0) c=0.892 alpha=-0.178 beta=+0.038 | loss 3.0283 (delta +0.1429) size 309.8 MB sparsity 13.0%
gen 7 offspring [77/100] k= 24 (used  24.0) c=0.871 alpha=-0.322 beta=+0.080 | loss 3.2679 (delta +0.3825) size 307.2 MB sparsity 20.4%
gen 7 offspring [78/100] k= 16 (used  16.0) c=0.884 alpha=-0.145 beta=+0.036 | loss 3.6072 (delta +0.7218) size 246.4 MB sparsity 22.0%
gen 7 offspring [79/100] k= 25 (used  25.0) c=0.901 alpha=-0.054 beta=+0.027 | loss 3.0952 (delta +0.2098) size 309.8 MB sparsity 13.4%
gen 7 offspring [80/100] k= 29 (used  29.0) c=0.940 alpha=-0.011 beta=+0.011 | loss 3.0334 (delta +0.1480) size 309.8 MB sparsity 12.0%
gen 7 offspring [81/100] k= 30 (used  29.0) c=0.968 alpha=-0.203 beta=+0.300 | loss 3.2239 (delta +0.3385) size 306.0 MB sparsity 21.2%
gen 7 offspring [82/100] k= 44 (used  43.0) c=0.992 alpha=-0.042 beta=+0.030 | loss 2.9536 (delta +0.0683) size 371.5 MB sparsity 8.5%
gen 7 offspring [83/100] k= 29 (used  29.0) c=0.915 alpha=-0.035 beta=+0.089 | loss 3.0307 (delta +0.1453) size 309.8 MB sparsity 11.7%
gen 7 offspring [84/100] k= 18 (used  18.0) c=0.925 alpha=-0.177 beta=+0.148 | loss 3.4530 (delta +0.5676) size 305.5 MB sparsity 20.2%
gen 7 offspring [85/100] k= 22 (used  22.0) c=0.933 alpha=-0.194 beta=+0.193 | loss 3.2470 (delta +0.3616) size 308.5 MB sparsity 18.0%
gen 7 offspring [86/100] k= 17 (used  17.0) c=0.940 alpha=-0.180 beta=+0.032 | loss 3.4640 (delta +0.5787) size 259.1 MB sparsity 20.5%
gen 7 offspring [87/100] k= 16 (used  15.0) c=0.996 alpha=-0.187 beta=+0.098 | loss 3.8598 (delta +0.9744) size 244.6 MB sparsity 24.6%
gen 7 offspring [88/100] k= 21 (used  21.0) c=0.868 alpha=-0.139 beta=+0.031 | loss 3.1452 (delta +0.2599) size 309.2 MB sparsity 15.4%
gen 7 offspring [89/100] k= 21 (used  21.0) c=0.889 alpha=-0.011 beta=+0.014 | loss 3.1910 (delta +0.3057) size 309.1 MB sparsity 15.7%
gen 7 offspring [90/100] k= 22 (used  21.0) c=0.967 alpha=-0.369 beta=+0.030 | loss 3.5119 (delta +0.6265) size 298.1 MB sparsity 23.8%
gen 7 offspring [91/100] k= 34 (used  34.0) c=0.946 alpha=-0.139 beta=+0.161 | loss 3.0164 (delta +0.1311) size 371.5 MB sparsity 13.3%
gen 7 offspring [92/100] k=152 (used 152.0) c=0.990 alpha=-0.030 beta=+0.046 | loss 2.8921 (delta +0.0067) size 495.0 MB sparsity 3.4%
gen 7 offspring [93/100] k= 16 (used  15.0) c=0.991 alpha=-0.178 beta=+0.131 | loss 3.8836 (delta +0.9982) size 244.7 MB sparsity 24.5%
gen 7 offspring [94/100] k= 16 (used  16.0) c=0.868 alpha=-0.149 beta=+0.013 | loss 3.5593 (delta +0.6740) size 246.6 MB sparsity 21.6%
gen 7 offspring [95/100] k= 50 (used  50.0) c=0.865 alpha=-0.230 beta=+0.061 | loss 2.9984 (delta +0.1130) size 371.5 MB sparsity 12.9%
gen 7 offspring [96/100] k= 16 (used  15.0) c=0.995 alpha=-0.213 beta=+0.032 | loss 3.8482 (delta +0.9628) size 244.6 MB sparsity 24.5%
gen 7 offspring [97/100] k= 34 (used  34.0) c=0.933 alpha=-0.132 beta=+0.152 | loss 3.0119 (delta +0.1265) size 371.5 MB sparsity 12.8%
gen 7 offspring [98/100] k= 34 (used  33.0) c=0.990 alpha=-0.393 beta=+0.162 | loss 3.2986 (delta +0.4132) size 300.0 MB sparsity 23.2%
gen 7 offspring [99/100] k= 17 (used  17.0) c=0.997 alpha=-0.216 beta=+0.048 | loss 3.5538 (delta +0.6684) size 255.8 MB sparsity 21.9%
gen 7 offspring [100/100] k= 19 (used  19.0) c=0.976 alpha=-0.437 beta=+0.143 | loss 3.7849 (delta +0.8996) size 287.2 MB sparsity 27.3%
=== generation 7/50 done in 461s (0 reused), batch baseline 2.8854, HV 0.35654, front 89 points, 100/100 feasible, best delta loss +0.0063, smallest 239.3 MB
gen 8 offspring [1/100] k= 29 (used  29.0) c=0.940 alpha=-0.011 beta=+0.011 | loss 3.0334 (delta +0.1480) size 309.8 MB sparsity 12.0%
gen 8 offspring [2/100] k= 17 (used  17.0) c=0.986 alpha=-0.032 beta=+0.131 | loss 3.5271 (delta +0.6417) size 256.8 MB sparsity 21.5%
gen 8 offspring [3/100] k= 17 (used  17.0) c=0.967 alpha=-0.193 beta=+0.206 | loss 3.5022 (delta +0.6168) size 257.4 MB sparsity 21.2%
gen 8 offspring [4/100] k= 36 (used  35.0) c=0.981 alpha=-0.169 beta=+0.194 | loss 3.0508 (delta +0.1654) size 370.9 MB sparsity 15.6%
gen 8 offspring [5/100] k= 17 (used  17.0) c=0.997 alpha=-0.392 beta=+0.160 | loss 3.7923 (delta +0.9069) size 242.7 MB sparsity 27.1%
gen 8 offspring [6/100] k= 21 (used  21.0) c=0.855 alpha=-0.111 beta=+0.031 | loss 3.1609 (delta +0.2756) size 309.3 MB sparsity 15.2%
gen 8 offspring [7/100] k= 18 (used  17.0) c=0.982 alpha=-0.405 beta=+0.040 | loss 3.8309 (delta +0.9455) size 242.0 MB sparsity 27.4%
gen 8 offspring [8/100] k= 16 (used  16.0) c=0.865 alpha=-0.096 beta=+0.031 | loss 3.5512 (delta +0.6659) size 246.6 MB sparsity 21.5%
gen 8 offspring [9/100] k= 16 (used  16.0) c=0.857 alpha=-0.136 beta=+0.110 | loss 3.5399 (delta +0.6545) size 246.7 MB sparsity 21.3%
gen 8 offspring [10/100] k=137 (used 137.0) c=0.940 alpha=-0.047 beta=+0.032 | loss 2.8973 (delta +0.0120) size 495.0 MB sparsity 3.5%
gen 8 offspring [11/100] k= 34 (used  33.0) c=0.992 alpha=-0.036 beta=+0.060 | loss 3.0046 (delta +0.1193) size 337.3 MB sparsity 11.1%
gen 8 offspring [12/100] k= 16 (used  16.0) c=0.871 alpha=-0.230 beta=+0.031 | loss 3.5841 (delta +0.6988) size 246.6 MB sparsity 22.0%
gen 8 offspring [13/100] k= 17 (used  17.0) c=0.958 alpha=-0.437 beta=+0.157 | loss 3.9538 (delta +1.0685) size 239.8 MB sparsity 28.3%
gen 8 offspring [14/100] k= 33 (used  33.0) c=0.992 alpha=-0.268 beta=+0.024 | loss 3.0932 (delta +0.2079) size 319.8 MB sparsity 16.7%
gen 8 offspring [15/100] k= 31 (used  31.0) c=0.985 alpha=-0.193 beta=+0.191 | loss 3.0834 (delta +0.1980) size 309.7 MB sparsity 16.6%
gen 8 offspring [16/100] k= 31 (used  31.0) c=0.987 alpha=-0.203 beta=+0.087 | loss 3.0585 (delta +0.1732) size 309.8 MB sparsity 14.6%
gen 8 offspring [17/100] k= 88 (used  88.0) c=0.944 alpha=-0.131 beta=+0.094 | loss 2.9189 (delta +0.0336) size 433.3 MB sparsity 9.5%
gen 8 offspring [18/100] k= 87 (used  86.8) c=0.992 alpha=-0.289 beta=+0.029 | loss 3.0141 (delta +0.1288) size 432.4 MB sparsity 14.0%
gen 8 offspring [19/100] k=124 (used 123.8) c=0.941 alpha=-0.180 beta=+0.043 | loss 2.9283 (delta +0.0429) size 433.3 MB sparsity 9.4%
gen 8 offspring [20/100] k= 16 (used  16.0) c=0.872 alpha=-0.133 beta=+0.070 | loss 3.5806 (delta +0.6953) size 246.6 MB sparsity 21.7%
gen 8 offspring [21/100] k= 23 (used  23.0) c=0.999 alpha=-0.414 beta=+0.163 | loss 3.5567 (delta +0.6714) size 294.0 MB sparsity 25.1%
gen 8 offspring [22/100] k= 32 (used  32.0) c=0.864 alpha=-0.146 beta=+0.027 | loss 3.0121 (delta +0.1267) size 309.8 MB sparsity 11.6%
gen 8 offspring [23/100] k= 55 (used  55.0) c=0.918 alpha=-0.276 beta=+0.061 | loss 3.0248 (delta +0.1394) size 371.5 MB sparsity 14.6%
gen 8 offspring [24/100] k= 29 (used  29.0) c=0.915 alpha=-0.329 beta=+0.179 | loss 3.2308 (delta +0.3454) size 305.4 MB sparsity 21.4%
gen 8 offspring [25/100] k= 82 (used  81.0) c=0.992 alpha=-0.012 beta=+0.022 | loss 2.9059 (delta +0.0205) size 433.3 MB sparsity 4.5%
gen 8 offspring [26/100] k= 30 (used  30.0) c=0.936 alpha=-0.153 beta=+0.029 | loss 3.0416 (delta +0.1562) size 309.8 MB sparsity 12.9%
gen 8 offspring [27/100] k= 17 (used  17.0) c=0.976 alpha=-0.420 beta=+0.238 | loss 3.8600 (delta +0.9747) size 239.4 MB sparsity 28.5%
gen 8 offspring [28/100] k= 16 (used  16.0) c=0.859 alpha=-0.035 beta=+0.030 | loss 3.5599 (delta +0.6745) size 246.7 MB sparsity 21.4%
gen 8 offspring [29/100] k= 22 (used  22.0) c=0.905 alpha=-0.148 beta=+0.212 | loss 3.2275 (delta +0.3422) size 308.7 MB sparsity 17.5%
gen 8 offspring [30/100] k=132 (used 132.0) c=0.976 alpha=-0.042 beta=+0.043 | loss 2.8961 (delta +0.0107) size 495.0 MB sparsity 3.8%
gen 8 offspring [31/100] k= 17 (used  17.0) c=0.865 alpha=-0.185 beta=+0.032 | loss 3.4005 (delta +0.5152) size 262.7 MB sparsity 19.1%
gen 8 offspring [32/100] k= 17 (used  17.0) c=0.991 alpha=-0.269 beta=+0.230 | loss 3.6028 (delta +0.7174) size 252.3 MB sparsity 23.3%
gen 8 offspring [33/100] k= 17 (used  17.0) c=0.845 alpha=-0.025 beta=+0.015 | loss 3.3841 (delta +0.4988) size 263.9 MB sparsity 18.6%
gen 8 offspring [34/100] k= 16 (used  16.0) c=0.926 alpha=-0.175 beta=+0.110 | loss 3.7067 (delta +0.8213) size 245.8 MB sparsity 23.0%
gen 8 offspring [35/100] k= 16 (used  15.0) c=0.946 alpha=-0.179 beta=+0.114 | loss 3.7730 (delta +0.8877) size 245.5 MB sparsity 23.4%
gen 8 offspring [36/100] k= 16 (used  16.0) c=0.840 alpha=-0.141 beta=+0.128 | loss 3.5497 (delta +0.6643) size 246.9 MB sparsity 21.0%
gen 8 offspring [37/100] k= 35 (used  35.0) c=0.991 alpha=-0.093 beta=+0.054 | loss 2.9933 (delta +0.1080) size 371.5 MB sparsity 10.5%
gen 8 offspring [38/100] k= 16 (used  15.0) c=0.936 alpha=-0.224 beta=+0.074 | loss 3.7198 (delta +0.8344) size 245.7 MB sparsity 23.3%
gen 8 offspring [39/100] k= 17 (used  17.0) c=0.976 alpha=-0.367 beta=+0.012 | loss 3.7046 (delta +0.8193) size 245.5 MB sparsity 26.0%
gen 8 offspring [40/100] k= 17 (used  17.0) c=0.859 alpha=-0.061 beta=+0.003 | loss 3.3914 (delta +0.5061) size 263.2 MB sparsity 18.9%
gen 8 offspring [41/100] k=123 (used 123.0) c=0.949 alpha=-0.034 beta=+0.002 | loss 2.8961 (delta +0.0108) size 433.3 MB sparsity 3.0%
gen 8 offspring [42/100] k= 30 (used  30.0) c=0.890 alpha=-0.143 beta=+0.013 | loss 3.0197 (delta +0.1344) size 309.8 MB sparsity 12.2%
gen 8 offspring [43/100] k= 63 (used  63.0) c=0.910 alpha=-0.043 beta=+0.087 | loss 2.9238 (delta +0.0385) size 371.5 MB sparsity 6.5%
gen 8 offspring [44/100] k= 33 (used  33.0) c=0.976 alpha=-0.440 beta=+0.155 | loss 3.3970 (delta +0.5116) size 295.5 MB sparsity 24.6%
gen 8 offspring [45/100] k= 17 (used  17.0) c=0.863 alpha=-0.139 beta=+0.018 | loss 3.4012 (delta +0.5159) size 263.0 MB sparsity 18.9%
gen 8 offspring [46/100] k= 31 (used  31.0) c=0.981 alpha=-0.218 beta=+0.296 | loss 3.2179 (delta +0.3325) size 304.8 MB sparsity 21.6%
gen 8 offspring [47/100] k= 50 (used  48.9) c=0.990 alpha=-0.459 beta=+0.162 | loss 3.4401 (delta +0.5547) size 339.4 MB sparsity 25.3%
gen 8 offspring [48/100] k= 63 (used  63.0) c=0.900 alpha=-0.061 beta=+0.087 | loss 2.9225 (delta +0.0371) size 371.5 MB sparsity 6.7%
gen 8 offspring [49/100] k=152 (used 152.0) c=0.990 alpha=-0.030 beta=+0.046 | loss 2.8923 (delta +0.0069) size 495.0 MB sparsity 3.4%
gen 8 offspring [50/100] k=137 (used 135.3) c=0.992 alpha=-0.432 beta=+0.042 | loss 3.2551 (delta +0.3697) size 461.5 MB sparsity 19.3%
gen 8 offspring [51/100] k= 16 (used  15.0) c=0.976 alpha=-0.437 beta=+0.065 | loss 4.2460 (delta +1.3606) size 235.5 MB sparsity 30.1%
gen 8 offspring [52/100] k= 40 (used  39.0) c=0.983 alpha=-0.440 beta=+0.075 | loss 3.3440 (delta +0.4586) size 350.3 MB sparsity 22.4%
gen 8 offspring [53/100] k= 17 (used  17.0) c=0.865 alpha=-0.035 beta=+0.029 | loss 3.3995 (delta +0.5141) size 262.9 MB sparsity 19.0%
gen 8 offspring [54/100] k= 33 (used  33.0) c=0.868 alpha=-0.149 beta=+0.013 | loss 3.0150 (delta +0.1296) size 336.3 MB sparsity 11.4%
gen 8 offspring [55/100] k= 72 (used  71.0) c=0.992 alpha=-0.042 beta=+0.049 | loss 2.9146 (delta +0.0293) size 433.3 MB sparsity 5.1%
gen 8 offspring [56/100] k= 17 (used  17.0) c=0.878 alpha=-0.185 beta=+0.048 | loss 3.4110 (delta +0.5256) size 262.0 MB sparsity 19.3%
gen 8 offspring [57/100] k= 36 (used  35.0) c=0.979 alpha=-0.200 beta=+0.085 | loss 3.0218 (delta +0.1364) size 371.4 MB sparsity 13.7%
gen 8 offspring [58/100] k= 17 (used  17.0) c=0.988 alpha=-0.426 beta=+0.131 | loss 3.8625 (delta +0.9772) size 240.0 MB sparsity 28.3%
gen 8 offspring [59/100] k= 16 (used  15.0) c=0.988 alpha=-0.196 beta=+0.043 | loss 3.8938 (delta +1.0085) size 244.8 MB sparsity 24.4%
gen 8 offspring [60/100] k= 31 (used  31.0) c=0.890 alpha=-0.142 beta=+0.042 | loss 3.0177 (delta +0.1324) size 309.8 MB sparsity 11.7%
gen 8 offspring [61/100] k= 16 (used  16.0) c=0.865 alpha=-0.139 beta=+0.049 | loss 3.5512 (delta +0.6659) size 246.6 MB sparsity 21.5%
gen 8 offspring [62/100] k= 16 (used  16.0) c=0.875 alpha=-0.014 beta=+0.028 | loss 3.5824 (delta +0.6970) size 246.5 MB sparsity 21.8%
gen 8 offspring [63/100] k= 52 (used  52.0) c=0.944 alpha=-0.103 beta=+0.061 | loss 2.9330 (delta +0.0477) size 371.5 MB sparsity 7.9%
gen 8 offspring [64/100] k= 16 (used  16.0) c=0.872 alpha=-0.046 beta=+0.186 | loss 3.5782 (delta +0.6928) size 246.6 MB sparsity 21.7%
gen 8 offspring [65/100] k= 18 (used  17.0) c=0.949 alpha=-0.042 beta=+0.030 | loss 3.4993 (delta +0.6140) size 258.6 MB sparsity 20.7%
gen 8 offspring [66/100] k= 92 (used  92.0) c=0.950 alpha=-0.157 beta=+0.111 | loss 2.9286 (delta +0.0432) size 433.3 MB sparsity 11.3%
gen 8 offspring [67/100] k= 34 (used  33.0) c=0.997 alpha=-0.321 beta=+0.000 | loss 3.1497 (delta +0.2643) size 313.3 MB sparsity 18.9%
gen 8 offspring [68/100] k= 17 (used  17.0) c=0.967 alpha=-0.180 beta=+0.121 | loss 3.5016 (delta +0.6162) size 257.7 MB sparsity 21.1%
gen 8 offspring [69/100] k= 31 (used  31.0) c=0.995 alpha=-0.169 beta=+0.179 | loss 3.0473 (delta +0.1619) size 309.8 MB sparsity 15.3%
gen 8 offspring [70/100] k= 29 (used  29.0) c=0.915 alpha=-0.011 beta=+0.029 | loss 3.0297 (delta +0.1443) size 309.8 MB sparsity 11.7%
gen 8 offspring [71/100] k= 17 (used  17.0) c=0.875 alpha=-0.042 beta=+0.050 | loss 3.4047 (delta +0.5193) size 262.4 MB sparsity 19.2%
gen 8 offspring [72/100] k= 16 (used  15.0) c=0.969 alpha=-0.203 beta=+0.318 | loss 3.9643 (delta +1.0789) size 244.2 MB sparsity 25.9%
gen 8 offspring [73/100] k= 31 (used  31.0) c=0.968 alpha=-0.180 beta=+0.216 | loss 3.0974 (delta +0.2120) size 309.7 MB sparsity 17.1%
gen 8 offspring [74/100] k= 16 (used  16.0) c=0.879 alpha=-0.199 beta=+0.049 | loss 3.6085 (delta +0.7231) size 246.5 MB sparsity 21.9%
gen 8 offspring [75/100] k= 33 (used  33.0) c=0.953 alpha=-0.068 beta=+0.123 | loss 3.0021 (delta +0.1167) size 337.2 MB sparsity 11.1%
gen 8 offspring [76/100] k= 33 (used  33.0) c=0.872 alpha=-0.504 beta=+0.179 | loss 14.4410 (delta +11.5557) size 285.9 MB sparsity 27.7%
gen 8 offspring [77/100] k=137 (used 136.2) c=0.992 alpha=-0.296 beta=+0.008 | loss 3.0120 (delta +0.1266) size 489.9 MB sparsity 13.5%
gen 8 offspring [78/100] k= 27 (used  27.0) c=0.976 alpha=-0.325 beta=+0.127 | loss 3.2487 (delta +0.3634) size 307.5 MB sparsity 20.2%
gen 8 offspring [79/100] k= 92 (used  91.8) c=0.951 alpha=-0.131 beta=+0.254 | loss 2.9994 (delta +0.1141) size 425.7 MB sparsity 16.0%
gen 8 offspring [80/100] k= 63 (used  63.0) c=0.907 alpha=-0.061 beta=+0.087 | loss 2.9218 (delta +0.0365) size 371.5 MB sparsity 6.7%
gen 8 offspring [81/100] k=146 (used 146.0) c=0.966 alpha=-0.041 beta=+0.092 | loss 2.8983 (delta +0.0130) size 495.0 MB sparsity 5.7%
gen 8 offspring [82/100] k= 88 (used  88.0) c=0.945 alpha=-0.131 beta=+0.034 | loss 2.9140 (delta +0.0286) size 433.3 MB sparsity 7.5%
gen 8 offspring [83/100] k= 17 (used  17.0) c=0.982 alpha=-0.469 beta=+0.113 | loss 4.0691 (delta +1.1837) size 236.4 MB sparsity 29.7%
gen 8 offspring [84/100] k= 24 (used  23.0) c=0.999 alpha=-0.322 beta=+0.117 | loss 3.3772 (delta +0.4918) size 305.1 MB sparsity 21.5%
gen 8 offspring [85/100] k= 50 (used  49.0) c=0.992 alpha=-0.226 beta=+0.061 | loss 2.9855 (delta +0.1002) size 371.5 MB sparsity 13.2%
gen 8 offspring [86/100] k=124 (used 124.0) c=0.990 alpha=-0.030 beta=+0.046 | loss 2.8955 (delta +0.0101) size 433.3 MB sparsity 3.5%
gen 8 offspring [87/100] k= 17 (used  17.0) c=0.981 alpha=-0.405 beta=+0.040 | loss 3.8319 (delta +0.9465) size 242.1 MB sparsity 27.4%
gen 8 offspring [88/100] k= 18 (used  17.0) c=0.990 alpha=-0.390 beta=+0.160 | loss 3.7900 (delta +0.9046) size 243.1 MB sparsity 27.0%
gen 8 offspring [89/100] k= 20 (used  20.0) c=0.865 alpha=-0.139 beta=+0.000 | loss 3.2636 (delta +0.3783) size 308.4 MB sparsity 17.0%
gen 8 offspring [90/100] k= 26 (used  26.0) c=0.935 alpha=-0.033 beta=+0.050 | loss 3.0885 (delta +0.2031) size 309.7 MB sparsity 13.8%
gen 8 offspring [91/100] k= 34 (used  34.0) c=0.966 alpha=-0.216 beta=+0.052 | loss 3.0421 (delta +0.1567) size 371.0 MB sparsity 14.6%
gen 8 offspring [92/100] k= 17 (used  17.0) c=0.906 alpha=-0.311 beta=+0.212 | loss 3.6190 (delta +0.7337) size 251.6 MB sparsity 23.6%
gen 8 offspring [93/100] k= 19 (used  19.0) c=0.992 alpha=-0.274 beta=+0.067 | loss 3.5031 (delta +0.6177) size 304.5 MB sparsity 21.6%
gen 8 offspring [94/100] k= 32 (used  32.0) c=0.868 alpha=-0.181 beta=+0.031 | loss 3.0226 (delta +0.1373) size 309.8 MB sparsity 13.0%
gen 8 offspring [95/100] k= 63 (used  63.0) c=0.994 alpha=-0.215 beta=+0.088 | loss 2.9722 (delta +0.0868) size 371.5 MB sparsity 12.8%
gen 8 offspring [96/100] k= 34 (used  33.0) c=0.997 alpha=-0.444 beta=+0.151 | loss 3.4384 (delta +0.5530) size 295.4 MB sparsity 24.7%
gen 8 offspring [97/100] k= 17 (used  17.0) c=0.976 alpha=-0.422 beta=+0.065 | loss 3.8357 (delta +0.9503) size 240.7 MB sparsity 28.0%
gen 8 offspring [98/100] k= 78 (used  78.0) c=0.859 alpha=-0.050 beta=+0.030 | loss 2.9245 (delta +0.0392) size 433.3 MB sparsity 4.4%
gen 8 offspring [99/100] k= 20 (used  19.0) c=0.967 alpha=-0.138 beta=+0.216 | loss 3.3579 (delta +0.4725) size 306.8 MB sparsity 19.5%
gen 8 offspring [100/100] k= 50 (used  50.0) c=0.935 alpha=-0.112 beta=+0.060 | loss 2.9412 (delta +0.0559) size 371.5 MB sparsity 8.4%
=== generation 8/50 done in 461s (0 reused), batch baseline 2.8854, HV 0.35828, front 100 points, 100/100 feasible, best delta loss +0.0063, smallest 239.3 MB
gen 9 offspring [1/100] k= 16 (used  16.0) c=0.875 alpha=-0.015 beta=+0.050 | loss 3.5824 (delta +0.6970) size 246.5 MB sparsity 21.8%
gen 9 offspring [2/100] k= 17 (used  17.0) c=0.993 alpha=-0.437 beta=+0.065 | loss 3.8864 (delta +1.0011) size 238.9 MB sparsity 28.7%
gen 9 offspring [3/100] k= 85 (used  84.6) c=0.945 alpha=-0.323 beta=+0.029 | loss 3.0547 (delta +0.1693) size 428.9 MB sparsity 15.3%
gen 9 offspring [4/100] k=137 (used 137.0) c=0.992 alpha=-0.116 beta=+0.055 | loss 2.9013 (delta +0.0159) size 495.0 MB sparsity 7.2%
gen 9 offspring [5/100] k= 49 (used  49.0) c=0.931 alpha=-0.112 beta=+0.060 | loss 2.9447 (delta +0.0594) size 371.5 MB sparsity 8.4%
gen 9 offspring [6/100] k= 16 (used  16.0) c=0.872 alpha=-0.046 beta=+0.161 | loss 3.5773 (delta +0.6919) size 246.6 MB sparsity 21.7%
gen 9 offspring [7/100] k=124 (used 124.0) c=0.887 alpha=-0.118 beta=+0.002 | loss 2.9154 (delta +0.0300) size 433.3 MB sparsity 6.3%
gen 9 offspring [8/100] k= 33 (used  33.0) c=0.953 alpha=-0.068 beta=+0.125 | loss 3.0022 (delta +0.1169) size 337.0 MB sparsity 11.2%
gen 9 offspring [9/100] k= 36 (used  35.0) c=0.986 alpha=-0.414 beta=+0.162 | loss 3.3656 (delta +0.4803) size 344.8 MB sparsity 23.9%
gen 9 offspring [10/100] k= 17 (used  17.0) c=0.865 alpha=-0.020 beta=+0.059 | loss 3.4022 (delta +0.5168) size 262.9 MB sparsity 19.0%
gen 9 offspring [11/100] k= 33 (used  33.0) c=0.940 alpha=-0.003 beta=+0.011 | loss 3.0005 (delta +0.1151) size 339.1 MB sparsity 10.5%
gen 9 offspring [12/100] k= 16 (used  16.0) c=0.849 alpha=-0.145 beta=+0.061 | loss 3.5047 (delta +0.6193) size 246.8 MB sparsity 21.1%
gen 9 offspring [13/100] k= 29 (used  29.0) c=0.918 alpha=-0.392 beta=+0.180 | loss 3.3518 (delta +0.4664) size 297.9 MB sparsity 23.8%
gen 9 offspring [14/100] k= 27 (used  27.0) c=0.856 alpha=-0.369 beta=+0.054 | loss 3.2780 (delta +0.3926) size 306.5 MB sparsity 21.0%
gen 9 offspring [15/100] k= 17 (used  17.0) c=0.859 alpha=-0.194 beta=+0.030 | loss 3.3895 (delta +0.5041) size 262.7 MB sparsity 19.1%
gen 9 offspring [16/100] k= 32 (used  31.0) c=0.981 alpha=-0.189 beta=+0.190 | loss 3.0850 (delta +0.1997) size 309.7 MB sparsity 16.4%
gen 9 offspring [17/100] k= 31 (used  31.0) c=0.989 alpha=-0.197 beta=+0.193 | loss 3.0894 (delta +0.2040) size 309.7 MB sparsity 16.9%
gen 9 offspring [18/100] k= 30 (used  29.0) c=0.976 alpha=-0.143 beta=+0.128 | loss 3.0545 (delta +0.1691) size 309.8 MB sparsity 13.1%
gen 9 offspring [19/100] k= 31 (used  31.0) c=0.874 alpha=-0.135 beta=+0.192 | loss 3.0437 (delta +0.1584) size 309.8 MB sparsity 14.4%
gen 9 offspring [20/100] k= 17 (used  17.0) c=0.929 alpha=-0.054 beta=+0.065 | loss 3.4617 (delta +0.5763) size 259.6 MB sparsity 20.3%
gen 9 offspring [21/100] k= 81 (used  81.0) c=0.858 alpha=-0.146 beta=+0.027 | loss 2.9430 (delta +0.0576) size 433.3 MB sparsity 8.1%
gen 9 offspring [22/100] k= 67 (used  67.0) c=0.907 alpha=-0.061 beta=+0.087 | loss 2.9194 (delta +0.0341) size 433.3 MB sparsity 6.6%
gen 9 offspring [23/100] k= 17 (used  17.0) c=0.832 alpha=-0.017 beta=+0.015 | loss 3.3975 (delta +0.5121) size 264.6 MB sparsity 18.3%
gen 9 offspring [24/100] k= 17 (used  17.0) c=0.859 alpha=-0.061 beta=+0.003 | loss 3.3892 (delta +0.5038) size 263.2 MB sparsity 18.9%
gen 9 offspring [25/100] k= 53 (used  53.0) c=0.990 alpha=-0.003 beta=+0.028 | loss 2.9316 (delta +0.0463) size 371.5 MB sparsity 6.9%
gen 9 offspring [26/100] k= 28 (used  28.0) c=0.871 alpha=-0.276 beta=+0.062 | loss 3.1497 (delta +0.2644) size 309.4 MB sparsity 17.5%
gen 9 offspring [27/100] k= 17 (used  17.0) c=0.937 alpha=-0.153 beta=+0.034 | loss 3.4623 (delta +0.5770) size 259.2 MB sparsity 20.5%
gen 9 offspring [28/100] k= 17 (used  17.0) c=0.937 alpha=-0.153 beta=+0.028 | loss 3.4623 (delta +0.5770) size 259.2 MB sparsity 20.5%
gen 9 offspring [29/100] k= 17 (used  17.0) c=0.845 alpha=-0.026 beta=+0.133 | loss 3.3841 (delta +0.4988) size 263.9 MB sparsity 18.6%
gen 9 offspring [30/100] k= 35 (used  35.0) c=0.997 alpha=-0.388 beta=+0.162 | loss 3.2927 (delta +0.4074) size 348.4 MB sparsity 22.9%
gen 9 offspring [31/100] k= 63 (used  63.0) c=0.946 alpha=-0.228 beta=+0.094 | loss 2.9824 (delta +0.0971) size 371.5 MB sparsity 13.6%
gen 9 offspring [32/100] k= 32 (used  32.0) c=0.902 alpha=-0.146 beta=+0.027 | loss 3.0123 (delta +0.1270) size 309.8 MB sparsity 11.9%
gen 9 offspring [33/100] k= 34 (used  33.0) c=0.995 alpha=-0.169 beta=+0.179 | loss 3.0434 (delta +0.1580) size 324.7 MB sparsity 15.2%
gen 9 offspring [34/100] k= 18 (used  18.0) c=0.906 alpha=-0.419 beta=+0.009 | loss 3.8438 (delta +0.9585) size 287.8 MB sparsity 27.1%
gen 9 offspring [35/100] k= 20 (used  20.0) c=0.871 alpha=-0.140 beta=+0.031 | loss 3.2686 (delta +0.3833) size 308.4 MB sparsity 17.1%
gen 9 offspring [36/100] k= 17 (used  17.0) c=0.976 alpha=-0.276 beta=+0.065 | loss 3.5717 (delta +0.6864) size 253.2 MB sparsity 22.9%
gen 9 offspring [37/100] k= 52 (used  51.0) c=0.997 alpha=-0.212 beta=+0.061 | loss 2.9804 (delta +0.0950) size 371.5 MB sparsity 12.5%
gen 9 offspring [38/100] k= 16 (used  16.0) c=0.849 alpha=-0.154 beta=+0.042 | loss 3.5054 (delta +0.6200) size 246.8 MB sparsity 21.1%
gen 9 offspring [39/100] k= 29 (used  29.0) c=0.978 alpha=-0.303 beta=+0.003 | loss 3.1842 (delta +0.2989) size 308.8 MB sparsity 18.8%
gen 9 offspring [40/100] k=128 (used 128.0) c=0.992 alpha=-0.043 beta=+0.042 | loss 2.8931 (delta +0.0077) size 433.3 MB sparsity 3.8%
gen 9 offspring [41/100] k= 32 (used  31.0) c=0.968 alpha=-0.193 beta=+0.216 | loss 3.1082 (delta +0.2228) size 309.6 MB sparsity 17.5%
gen 9 offspring [42/100] k= 17 (used  17.0) c=0.859 alpha=-0.277 beta=+0.015 | loss 3.4833 (delta +0.5979) size 256.9 MB sparsity 21.4%
gen 9 offspring [43/100] k= 29 (used  29.0) c=0.941 alpha=-0.011 beta=+0.021 | loss 3.0362 (delta +0.1509) size 309.8 MB sparsity 12.0%
gen 9 offspring [44/100] k= 50 (used  50.0) c=0.929 alpha=-0.108 beta=+0.077 | loss 2.9417 (delta +0.0564) size 371.5 MB sparsity 8.5%
gen 9 offspring [45/100] k= 16 (used  15.0) c=0.941 alpha=-0.187 beta=+0.030 | loss 3.7344 (delta +0.8491) size 245.6 MB sparsity 23.3%
gen 9 offspring [46/100] k= 33 (used  33.0) c=0.887 alpha=-0.003 beta=+0.092 | loss 3.0034 (delta +0.1180) size 340.8 MB sparsity 10.0%
gen 9 offspring [47/100] k= 31 (used  31.0) c=0.981 alpha=-0.169 beta=+0.193 | loss 3.0602 (delta +0.1748) size 309.8 MB sparsity 15.8%
gen 9 offspring [48/100] k= 87 (used  87.0) c=0.948 alpha=-0.131 beta=+0.111 | loss 2.9220 (delta +0.0367) size 433.3 MB sparsity 10.2%
gen 9 offspring [49/100] k= 34 (used  33.0) c=0.989 alpha=-0.393 beta=+0.162 | loss 3.2865 (delta +0.4011) size 300.0 MB sparsity 23.2%
gen 9 offspring [50/100] k= 37 (used  37.0) c=0.949 alpha=-0.022 beta=+0.040 | loss 2.9758 (delta +0.0904) size 371.5 MB sparsity 9.5%
gen 9 offspring [51/100] k= 87 (used  87.0) c=0.950 alpha=-0.135 beta=+0.100 | loss 2.9204 (delta +0.0350) size 433.3 MB sparsity 9.9%
gen 9 offspring [52/100] k= 75 (used  75.0) c=0.975 alpha=-0.042 beta=+0.049 | loss 2.9094 (delta +0.0241) size 433.3 MB sparsity 4.8%
gen 9 offspring [53/100] k= 17 (used  17.0) c=0.937 alpha=-0.114 beta=+0.119 | loss 3.4632 (delta +0.5779) size 259.2 MB sparsity 20.5%
gen 9 offspring [54/100] k= 49 (used  49.0) c=0.997 alpha=-0.039 beta=+0.042 | loss 2.9477 (delta +0.0624) size 371.5 MB sparsity 7.5%
gen 9 offspring [55/100] k= 34 (used  33.0) c=0.999 alpha=-0.392 beta=+0.160 | loss 3.2893 (delta +0.4039) size 300.4 MB sparsity 23.1%
gen 9 offspring [56/100] k= 17 (used  17.0) c=0.976 alpha=-0.424 beta=+0.186 | loss 3.8430 (delta +0.9577) size 240.5 MB sparsity 28.1%
gen 9 offspring [57/100] k= 34 (used  33.0) c=0.977 alpha=-0.091 beta=+0.092 | loss 2.9991 (delta +0.1138) size 337.8 MB sparsity 10.9%
gen 9 offspring [58/100] k= 17 (used  17.0) c=0.905 alpha=-0.230 beta=+0.070 | loss 3.4884 (delta +0.6030) size 259.0 MB sparsity 20.6%
gen 9 offspring [59/100] k= 16 (used  15.0) c=0.986 alpha=-0.420 beta=+0.130 | loss 4.1952 (delta +1.3098) size 236.7 MB sparsity 29.6%
gen 9 offspring [60/100] k= 36 (used  36.0) c=0.904 alpha=-0.245 beta=+0.031 | loss 3.0500 (delta +0.1647) size 371.0 MB sparsity 15.0%
gen 9 offspring [61/100] k= 16 (used  16.0) c=0.895 alpha=-0.230 beta=+0.041 | loss 3.6531 (delta +0.7678) size 246.3 MB sparsity 22.5%
gen 9 offspring [62/100] k= 16 (used  16.0) c=0.884 alpha=-0.141 beta=+0.036 | loss 3.6072 (delta +0.7218) size 246.4 MB sparsity 22.0%
gen 9 offspring [63/100] k= 34 (used  33.0) c=0.987 alpha=-0.273 beta=+0.161 | loss 3.1197 (delta +0.2343) size 314.3 MB sparsity 18.5%
gen 9 offspring [64/100] k= 17 (used  17.0) c=0.976 alpha=-0.437 beta=+0.155 | loss 3.8735 (delta +0.9881) size 239.4 MB sparsity 28.5%
gen 9 offspring [65/100] k= 30 (used  30.0) c=0.964 alpha=-0.282 beta=+0.216 | loss 3.2440 (delta +0.3586) size 306.6 MB sparsity 21.0%
gen 9 offspring [66/100] k=157 (used 157.0) c=0.949 alpha=-0.046 beta=+0.046 | loss 2.8951 (delta +0.0097) size 495.0 MB sparsity 4.0%
gen 9 offspring [67/100] k= 31 (used  31.0) c=0.981 alpha=-0.170 beta=+0.193 | loss 3.0606 (delta +0.1753) size 309.8 MB sparsity 15.8%
gen 9 offspring [68/100] k= 29 (used  29.0) c=0.890 alpha=-0.322 beta=+0.012 | loss 3.1646 (delta +0.2792) size 308.8 MB sparsity 19.0%
gen 9 offspring [69/100] k= 17 (used  17.0) c=0.992 alpha=-0.216 beta=+0.233 | loss 3.5434 (delta +0.6580) size 255.0 MB sparsity 22.2%
gen 9 offspring [70/100] k= 16 (used  15.0) c=0.973 alpha=-0.403 beta=+0.030 | loss 4.1174 (delta +1.2321) size 238.5 MB sparsity 28.8%
gen 9 offspring [71/100] k= 32 (used  31.0) c=0.992 alpha=-0.012 beta=+0.033 | loss 3.0241 (delta +0.1387) size 309.8 MB sparsity 11.8%
gen 9 offspring [72/100] k= 18 (used  17.0) c=0.999 alpha=-0.390 beta=+0.120 | loss 3.7893 (delta +0.9039) size 242.9 MB sparsity 27.1%
gen 9 offspring [73/100] k= 33 (used  33.0) c=0.968 alpha=-0.249 beta=+0.296 | loss 3.2397 (delta +0.3544) size 301.4 MB sparsity 22.7%
gen 9 offspring [74/100] k= 16 (used  16.0) c=0.870 alpha=-0.244 beta=+0.061 | loss 3.5719 (delta +0.6866) size 246.5 MB sparsity 22.3%
gen 9 offspring [75/100] k= 16 (used  15.0) c=0.938 alpha=-0.124 beta=+0.031 | loss 3.7166 (delta +0.8313) size 245.6 MB sparsity 23.2%
gen 9 offspring [76/100] k= 17 (used  17.0) c=0.997 alpha=-0.392 beta=+0.160 | loss 3.7923 (delta +0.9069) size 242.7 MB sparsity 27.1%
gen 9 offspring [77/100] k= 50 (used  49.0) c=0.992 alpha=-0.042 beta=+0.030 | loss 2.9470 (delta +0.0616) size 371.5 MB sparsity 7.4%
gen 9 offspring [78/100] k= 17 (used  17.0) c=0.986 alpha=-0.390 beta=+0.014 | loss 3.7847 (delta +0.8994) size 243.2 MB sparsity 27.0%
gen 9 offspring [79/100] k= 34 (used  33.0) c=0.981 alpha=-0.218 beta=+0.299 | loss 3.1957 (delta +0.3103) size 304.6 MB sparsity 21.7%
gen 9 offspring [80/100] k= 88 (used  87.0) c=0.991 alpha=-0.086 beta=+0.061 | loss 2.9037 (delta +0.0183) size 433.3 MB sparsity 6.4%
gen 9 offspring [81/100] k= 20 (used  19.0) c=0.976 alpha=-0.437 beta=+0.143 | loss 3.7852 (delta +0.8999) size 287.2 MB sparsity 27.3%
gen 9 offspring [82/100] k= 70 (used  70.0) c=0.970 alpha=-0.047 beta=+0.087 | loss 2.9172 (delta +0.0319) size 433.3 MB sparsity 6.4%
gen 9 offspring [83/100] k=110 (used 110.0) c=0.949 alpha=-0.049 beta=+0.043 | loss 2.8986 (delta +0.0133) size 433.3 MB sparsity 4.1%
gen 9 offspring [84/100] k= 16 (used  16.0) c=0.905 alpha=-0.436 beta=+0.032 | loss 4.1016 (delta +1.2162) size 237.8 MB sparsity 29.1%
gen 9 offspring [85/100] k= 41 (used  41.0) c=0.990 alpha=-0.044 beta=+0.040 | loss 2.9621 (delta +0.0767) size 371.5 MB sparsity 8.9%
gen 9 offspring [86/100] k= 27 (used  27.0) c=0.861 alpha=-0.305 beta=+0.174 | loss 3.2207 (delta +0.3353) size 307.9 MB sparsity 20.3%
gen 9 offspring [87/100] k= 21 (used  21.0) c=0.938 alpha=-0.064 beta=+0.129 | loss 3.2056 (delta +0.3203) size 308.6 MB sparsity 16.6%
gen 9 offspring [88/100] k= 18 (used  18.0) c=0.889 alpha=-0.145 beta=+0.043 | loss 3.4085 (delta +0.5231) size 306.3 MB sparsity 19.5%
gen 9 offspring [89/100] k= 18 (used  17.0) c=0.989 alpha=-0.390 beta=+0.160 | loss 3.7923 (delta +0.9070) size 243.2 MB sparsity 27.0%
gen 9 offspring [90/100] k= 35 (used  35.0) c=0.967 alpha=-0.393 beta=+0.160 | loss 3.3000 (delta +0.4146) size 348.1 MB sparsity 23.0%
gen 9 offspring [91/100] k= 16 (used  16.0) c=0.875 alpha=-0.014 beta=+0.028 | loss 3.5655 (delta +0.6802) size 246.6 MB sparsity 21.7%
gen 9 offspring [92/100] k= 16 (used  16.0) c=0.865 alpha=-0.209 beta=+0.031 | loss 3.5481 (delta +0.6627) size 246.6 MB sparsity 21.6%
gen 9 offspring [93/100] k= 17 (used  17.0) c=0.982 alpha=-0.397 beta=+0.065 | loss 3.8167 (delta +0.9314) size 242.7 MB sparsity 27.2%
gen 9 offspring [94/100] k= 30 (used  29.0) c=0.982 alpha=-0.143 beta=+0.013 | loss 3.0626 (delta +0.1772) size 309.8 MB sparsity 13.0%
gen 9 offspring [95/100] k= 69 (used  69.0) c=0.992 alpha=-0.043 beta=+0.049 | loss 2.9144 (delta +0.0290) size 433.3 MB sparsity 5.3%
gen 9 offspring [96/100] k= 38 (used  38.0) c=0.970 alpha=-0.091 beta=+0.122 | loss 2.9896 (delta +0.1043) size 371.5 MB sparsity 10.5%
gen 9 offspring [97/100] k= 18 (used  18.0) c=0.879 alpha=-0.185 beta=+0.048 | loss 3.4001 (delta +0.5147) size 306.5 MB sparsity 19.3%
gen 9 offspring [98/100] k=124 (used 124.0) c=0.904 alpha=-0.034 beta=+0.005 | loss 2.9063 (delta +0.0210) size 433.3 MB sparsity 2.9%
gen 9 offspring [99/100] k= 17 (used  17.0) c=0.858 alpha=-0.437 beta=+0.069 | loss 3.8132 (delta +0.9278) size 242.5 MB sparsity 27.2%
gen 9 offspring [100/100] k= 21 (used  21.0) c=0.976 alpha=-0.164 beta=+0.169 | loss 3.2872 (delta +0.4019) size 308.3 MB sparsity 17.4%
=== generation 9/50 done in 461s (0 reused), batch baseline 2.8854, HV 0.35969, front 100 points, 100/100 feasible, best delta loss +0.0063, smallest 239.3 MB
gen 10 offspring [1/100] k= 17 (used  17.0) c=0.981 alpha=-0.170 beta=+0.193 | loss 3.5321 (delta +0.6467) size 256.9 MB sparsity 21.4%
gen 10 offspring [2/100] k= 32 (used  31.0) c=0.976 alpha=-0.437 beta=+0.155 | loss 3.4625 (delta +0.5771) size 295.5 MB sparsity 24.6%
gen 10 offspring [3/100] k= 50 (used  50.0) c=0.872 alpha=-0.103 beta=+0.024 | loss 2.9460 (delta +0.0607) size 371.5 MB sparsity 7.8%
gen 10 offspring [4/100] k= 16 (used  16.0) c=0.853 alpha=-0.014 beta=+0.000 | loss 3.5274 (delta +0.6421) size 246.8 MB sparsity 21.3%
gen 10 offspring [5/100] k= 32 (used  32.0) c=0.952 alpha=-0.068 beta=+0.053 | loss 3.0116 (delta +0.1263) size 309.8 MB sparsity 11.3%
gen 10 offspring [6/100] k= 17 (used  17.0) c=0.874 alpha=-0.152 beta=+0.155 | loss 3.3957 (delta +0.5104) size 262.5 MB sparsity 19.2%
gen 10 offspring [7/100] k= 17 (used  17.0) c=0.941 alpha=-0.195 beta=+0.043 | loss 3.4667 (delta +0.5813) size 258.9 MB sparsity 20.6%
gen 10 offspring [8/100] k= 34 (used  34.0) c=0.918 alpha=-0.021 beta=+0.167 | loss 3.0160 (delta +0.1307) size 371.5 MB sparsity 12.4%
gen 10 offspring [9/100] k= 17 (used  17.0) c=0.992 alpha=-0.036 beta=+0.211 | loss 3.5318 (delta +0.6464) size 256.2 MB sparsity 21.7%
gen 10 offspring [10/100] k= 22 (used  22.0) c=0.871 alpha=-0.003 beta=+0.023 | loss 3.1557 (delta +0.2703) size 309.2 MB sparsity 15.4%
gen 10 offspring [11/100] k= 21 (used  21.0) c=0.866 alpha=-0.196 beta=+0.173 | loss 3.1790 (delta +0.2937) size 309.1 MB sparsity 17.0%
gen 10 offspring [12/100] k= 21 (used  21.0) c=0.975 alpha=-0.135 beta=+0.334 | loss 3.3944 (delta +0.5090) size 301.9 MB sparsity 22.6%
gen 10 offspring [13/100] k= 16 (used  16.0) c=0.849 alpha=-0.141 beta=+0.125 | loss 3.5047 (delta +0.6193) size 246.8 MB sparsity 21.1%
gen 10 offspring [14/100] k= 32 (used  32.0) c=0.952 alpha=-0.072 beta=+0.122 | loss 3.0104 (delta +0.1250) size 309.8 MB sparsity 11.6%
gen 10 offspring [15/100] k=115 (used 115.0) c=0.875 alpha=-0.043 beta=+0.050 | loss 2.9156 (delta +0.0302) size 433.3 MB sparsity 4.1%
gen 10 offspring [16/100] k= 16 (used  15.0) c=0.984 alpha=-0.390 beta=+0.014 | loss 4.0644 (delta +1.1791) size 239.3 MB sparsity 28.5%
gen 10 offspring [17/100] k= 31 (used  31.0) c=0.979 alpha=-0.058 beta=+0.237 | loss 3.0709 (delta +0.1855) size 309.7 MB sparsity 15.8%
gen 10 offspring [18/100] k= 16 (used  15.0) c=0.981 alpha=-0.219 beta=+0.299 | loss 3.9163 (delta +1.0310) size 244.4 MB sparsity 25.6%
gen 10 offspring [19/100] k= 17 (used  17.0) c=0.835 alpha=-0.366 beta=+0.044 | loss 3.6407 (delta +0.7553) size 249.6 MB sparsity 24.4%
gen 10 offspring [20/100] k= 16 (used  15.0) c=0.998 alpha=-0.367 beta=+0.162 | loss 4.0582 (delta +1.1729) size 240.8 MB sparsity 27.9%
gen 10 offspring [21/100] k= 74 (used  73.0) c=0.993 alpha=-0.039 beta=+0.027 | loss 2.9123 (delta +0.0270) size 433.3 MB sparsity 5.0%
gen 10 offspring [22/100] k= 30 (used  29.0) c=0.981 alpha=-0.091 beta=+0.092 | loss 3.0542 (delta +0.1688) size 309.8 MB sparsity 12.5%
gen 10 offspring [23/100] k= 31 (used  31.0) c=0.971 alpha=-0.325 beta=+0.053 | loss 3.1839 (delta +0.2986) size 308.7 MB sparsity 19.2%
gen 10 offspring [24/100] k=137 (used 137.0) c=0.991 alpha=-0.042 beta=+0.042 | loss 2.8918 (delta +0.0064) size 495.0 MB sparsity 3.7%
gen 10 offspring [25/100] k= 17 (used  17.0) c=0.980 alpha=-0.322 beta=+0.065 | loss 3.6717 (delta +0.7864) size 249.3 MB sparsity 24.5%
gen 10 offspring [26/100] k= 16 (used  15.0) c=0.976 alpha=-0.422 beta=+0.036 | loss 4.1820 (delta +1.2967) size 236.8 MB sparsity 29.5%
gen 10 offspring [27/100] k= 29 (used  29.0) c=0.940 alpha=-0.089 beta=+0.021 | loss 3.0368 (delta +0.1515) size 309.8 MB sparsity 12.0%
gen 10 offspring [28/100] k= 33 (used  33.0) c=0.859 alpha=-0.278 beta=+0.145 | loss 3.1550 (delta +0.2696) size 316.2 MB sparsity 17.9%
gen 10 offspring [29/100] k= 17 (used  17.0) c=0.976 alpha=-0.367 beta=+0.012 | loss 3.7046 (delta +0.8193) size 245.5 MB sparsity 26.0%
gen 10 offspring [30/100] k= 29 (used  29.0) c=0.890 alpha=-0.435 beta=+0.012 | loss 3.3859 (delta +0.5006) size 299.8 MB sparsity 23.2%
gen 10 offspring [31/100] k= 16 (used  16.0) c=0.918 alpha=-0.390 beta=+0.014 | loss 3.9681 (delta +1.0827) size 241.4 MB sparsity 27.7%
gen 10 offspring [32/100] k= 19 (used  19.0) c=0.854 alpha=-0.092 beta=+0.086 | loss 3.2630 (delta +0.3776) size 308.5 MB sparsity 16.7%
gen 10 offspring [33/100] k= 16 (used  16.0) c=0.865 alpha=-0.205 beta=+0.031 | loss 3.5488 (delta +0.6635) size 246.6 MB sparsity 21.6%
gen 10 offspring [34/100] k= 18 (used  18.0) c=0.845 alpha=-0.258 beta=+0.034 | loss 3.4419 (delta +0.5566) size 306.1 MB sparsity 20.6%
gen 10 offspring [35/100] k= 16 (used  15.0) c=0.975 alpha=-0.393 beta=+0.162 | loss 4.0829 (delta +1.1975) size 239.3 MB sparsity 28.5%
gen 10 offspring [36/100] k= 69 (used  69.0) c=0.875 alpha=-0.042 beta=+0.049 | loss 2.9255 (delta +0.0401) size 433.3 MB sparsity 4.8%
gen 10 offspring [37/100] k= 18 (used  17.0) c=0.952 alpha=-0.083 beta=+0.110 | loss 3.5016 (delta +0.6162) size 258.5 MB sparsity 20.8%
gen 10 offspring [38/100] k= 51 (used  51.0) c=0.982 alpha=-0.226 beta=+0.061 | loss 2.9817 (delta +0.0963) size 371.5 MB sparsity 13.0%
gen 10 offspring [39/100] k= 22 (used  21.0) c=0.953 alpha=-0.068 beta=+0.125 | loss 3.2525 (delta +0.3672) size 308.5 MB sparsity 16.8%
gen 10 offspring [40/100] k= 16 (used  16.0) c=0.867 alpha=-0.133 beta=+0.061 | loss 3.5549 (delta +0.6696) size 246.6 MB sparsity 21.6%
gen 10 offspring [41/100] k= 41 (used  41.0) c=0.904 alpha=-0.022 beta=+0.058 | loss 2.9544 (delta +0.0690) size 371.5 MB sparsity 8.1%
gen 10 offspring [42/100] k= 17 (used  17.0) c=0.931 alpha=-0.042 beta=+0.026 | loss 3.4724 (delta +0.5870) size 259.5 MB sparsity 20.4%
gen 10 offspring [43/100] k= 16 (used  16.0) c=0.875 alpha=-0.143 beta=+0.025 | loss 3.5836 (delta +0.6982) size 246.5 MB sparsity 21.8%
gen 10 offspring [44/100] k= 18 (used  17.0) c=0.974 alpha=-0.424 beta=+0.186 | loss 3.8386 (delta +0.9533) size 240.5 MB sparsity 28.0%
gen 10 offspring [45/100] k=128 (used 128.0) c=0.992 alpha=-0.070 beta=+0.042 | loss 2.8951 (delta +0.0097) size 433.3 MB sparsity 4.9%
gen 10 offspring [46/100] k= 34 (used  33.0) c=0.999 alpha=-0.390 beta=+0.118 | loss 3.2572 (delta +0.3718) size 304.6 MB sparsity 21.7%
gen 10 offspring [47/100] k= 17 (used  17.0) c=0.875 alpha=-0.030 beta=+0.028 | loss 3.4047 (delta +0.5193) size 262.4 MB sparsity 19.2%
gen 10 offspring [48/100] k= 17 (used  17.0) c=0.981 alpha=-0.193 beta=+0.193 | loss 3.5290 (delta +0.6436) size 256.9 MB sparsity 21.4%
gen 10 offspring [49/100] k= 16 (used  16.0) c=0.849 alpha=-0.207 beta=+0.121 | loss 3.5035 (delta +0.6181) size 246.8 MB sparsity 21.3%
gen 10 offspring [50/100] k= 29 (used  29.0) c=0.937 alpha=-0.122 beta=+0.110 | loss 3.0388 (delta +0.1535) size 309.8 MB sparsity 12.1%
gen 10 offspring [51/100] k= 87 (used  87.0) c=0.953 alpha=-0.132 beta=+0.096 | loss 2.9204 (delta +0.0350) size 433.3 MB sparsity 9.6%
gen 10 offspring [52/100] k= 35 (used  35.0) c=0.865 alpha=-0.146 beta=+0.120 | loss 2.9968 (delta +0.1114) size 371.5 MB sparsity 11.8%
gen 10 offspring [53/100] k= 16 (used  15.0) c=0.973 alpha=-0.439 beta=+0.061 | loss 4.2349 (delta +1.3496) size 235.5 MB sparsity 30.1%
gen 10 offspring [54/100] k= 17 (used  17.0) c=0.855 alpha=-0.176 beta=+0.030 | loss 3.3844 (delta +0.4990) size 263.3 MB sparsity 18.8%
gen 10 offspring [55/100] k= 29 (used  29.0) c=0.989 alpha=-0.386 beta=+0.002 | loss 3.3019 (delta +0.4166) size 303.4 MB sparsity 22.1%
gen 10 offspring [56/100] k=124 (used 122.4) c=0.858 alpha=-0.405 beta=+0.060 | loss 3.1937 (delta +0.3083) size 413.0 MB sparsity 19.0%
gen 10 offspring [57/100] k= 63 (used  63.0) c=0.907 alpha=-0.061 beta=+0.087 | loss 2.9234 (delta +0.0380) size 371.5 MB sparsity 6.7%
gen 10 offspring [58/100] k= 23 (used  23.0) c=0.968 alpha=-0.133 beta=+0.166 | loss 3.1645 (delta +0.2791) size 309.1 MB sparsity 15.9%
gen 10 offspring [59/100] k= 33 (used  33.0) c=0.868 alpha=-0.139 beta=+0.031 | loss 3.0107 (delta +0.1254) size 337.5 MB sparsity 11.0%
gen 10 offspring [60/100] k= 16 (used  16.0) c=0.895 alpha=-0.239 beta=+0.040 | loss 3.6594 (delta +0.7741) size 246.3 MB sparsity 22.6%
gen 10 offspring [61/100] k= 19 (used  19.0) c=0.977 alpha=-0.433 beta=+0.068 | loss 3.7721 (delta +0.8868) size 287.6 MB sparsity 27.2%
gen 10 offspring [62/100] k= 19 (used  19.0) c=0.992 alpha=-0.042 beta=+0.034 | loss 3.3876 (delta +0.5022) size 306.5 MB sparsity 19.3%
gen 10 offspring [63/100] k= 17 (used  17.0) c=0.874 alpha=-0.272 beta=+0.211 | loss 3.5207 (delta +0.6353) size 255.6 MB sparsity 21.9%
gen 10 offspring [64/100] k= 17 (used  17.0) c=0.981 alpha=-0.415 beta=+0.194 | loss 3.8544 (delta +0.9690) size 241.1 MB sparsity 27.8%
gen 10 offspring [65/100] k= 41 (used  41.0) c=0.905 alpha=-0.229 beta=+0.032 | loss 3.0115 (delta +0.1261) size 371.5 MB sparsity 13.7%
gen 10 offspring [66/100] k= 16 (used  15.0) c=0.973 alpha=-0.154 beta=+0.063 | loss 3.8865 (delta +1.0012) size 245.0 MB sparsity 24.0%
gen 10 offspring [67/100] k= 34 (used  34.0) c=0.888 alpha=-0.128 beta=+0.058 | loss 3.0008 (delta +0.1155) size 371.5 MB sparsity 10.8%
gen 10 offspring [68/100] k= 38 (used  37.0) c=0.996 alpha=-0.076 beta=+0.022 | loss 2.9891 (delta +0.1038) size 371.5 MB sparsity 9.9%
gen 10 offspring [69/100] k= 16 (used  16.0) c=0.847 alpha=-0.216 beta=+0.156 | loss 3.5181 (delta +0.6328) size 246.8 MB sparsity 21.3%
gen 10 offspring [70/100] k= 17 (used  17.0) c=0.875 alpha=-0.185 beta=+0.218 | loss 3.4141 (delta +0.5287) size 260.6 MB sparsity 19.9%
gen 10 offspring [71/100] k= 28 (used  28.0) c=0.871 alpha=-0.122 beta=+0.064 | loss 3.0479 (delta +0.1626) size 309.8 MB sparsity 12.1%
gen 10 offspring [72/100] k= 16 (used  16.0) c=0.871 alpha=-0.193 beta=+0.013 | loss 3.5666 (delta +0.6812) size 246.6 MB sparsity 21.7%
gen 10 offspring [73/100] k= 17 (used  17.0) c=0.884 alpha=-0.145 beta=+0.065 | loss 3.4076 (delta +0.5222) size 261.9 MB sparsity 19.4%
gen 10 offspring [74/100] k= 31 (used  31.0) c=0.982 alpha=-0.103 beta=+0.123 | loss 3.0225 (delta +0.1372) size 309.8 MB sparsity 11.9%
gen 10 offspring [75/100] k= 16 (used  15.0) c=0.981 alpha=-0.170 beta=+0.193 | loss 3.8747 (delta +0.9893) size 244.9 MB sparsity 24.2%
gen 10 offspring [76/100] k= 41 (used  41.0) c=0.990 alpha=-0.040 beta=+0.040 | loss 2.9623 (delta +0.0770) size 371.5 MB sparsity 8.9%
gen 10 offspring [77/100] k= 17 (used  17.0) c=0.858 alpha=-0.324 beta=+0.069 | loss 3.5584 (delta +0.6731) size 252.7 MB sparsity 23.1%
gen 10 offspring [78/100] k= 17 (used  17.0) c=0.859 alpha=-0.190 beta=+0.131 | loss 3.3903 (delta +0.5049) size 262.8 MB sparsity 19.0%
gen 10 offspring [79/100] k= 32 (used  31.0) c=0.986 alpha=-0.061 beta=+0.010 | loss 3.0252 (delta +0.1399) size 309.8 MB sparsity 11.7%
gen 10 offspring [80/100] k= 17 (used  17.0) c=0.980 alpha=-0.487 beta=+0.155 | loss 13.3728 (delta +10.4874) size 234.9 MB sparsity 30.3%
gen 10 offspring [81/100] k= 33 (used  33.0) c=0.969 alpha=-0.017 beta=+0.283 | loss 3.0976 (delta +0.2123) size 318.4 MB sparsity 17.2%
gen 10 offspring [82/100] k= 44 (used  44.0) c=0.890 alpha=-0.015 beta=+0.050 | loss 2.9548 (delta +0.0695) size 371.5 MB sparsity 7.6%
gen 10 offspring [83/100] k= 16 (used  15.0) c=0.988 alpha=-0.181 beta=+0.179 | loss 3.8964 (delta +1.0111) size 244.7 MB sparsity 24.4%
gen 10 offspring [84/100] k= 75 (used  75.0) c=0.843 alpha=-0.132 beta=+0.134 | loss 2.9644 (delta +0.0790) size 433.3 MB sparsity 11.2%
gen 10 offspring [85/100] k= 63 (used  63.0) c=0.907 alpha=-0.061 beta=+0.087 | loss 2.9230 (delta +0.0377) size 371.5 MB sparsity 6.7%
gen 10 offspring [86/100] k= 16 (used  16.0) c=0.890 alpha=-0.145 beta=+0.058 | loss 3.6185 (delta +0.7331) size 246.4 MB sparsity 22.1%
gen 10 offspring [87/100] k= 16 (used  16.0) c=0.880 alpha=-0.012 beta=+0.052 | loss 3.6134 (delta +0.7280) size 246.5 MB sparsity 21.9%
gen 10 offspring [88/100] k= 17 (used  17.0) c=0.906 alpha=-0.083 beta=+0.215 | loss 3.4362 (delta +0.5509) size 259.8 MB sparsity 20.3%
gen 10 offspring [89/100] k= 30 (used  30.0) c=0.864 alpha=-0.129 beta=+0.070 | loss 3.0134 (delta +0.1281) size 309.8 MB sparsity 11.6%
gen 10 offspring [90/100] k= 33 (used  33.0) c=0.997 alpha=-0.414 beta=+0.163 | loss 3.3509 (delta +0.4655) size 297.5 MB sparsity 24.0%
gen 10 offspring [91/100] k= 32 (used  32.0) c=0.863 alpha=-0.140 beta=+0.023 | loss 3.0121 (delta +0.1267) size 309.8 MB sparsity 11.4%
gen 10 offspring [92/100] k= 18 (used  17.0) c=0.976 alpha=-0.493 beta=+0.186 | loss 17.5476 (delta +14.6622) size 234.5 MB sparsity 30.5%
gen 10 offspring [93/100] k= 21 (used  21.0) c=0.938 alpha=-0.008 beta=+0.032 | loss 3.2056 (delta +0.3203) size 308.6 MB sparsity 16.6%
gen 10 offspring [94/100] k= 17 (used  17.0) c=0.986 alpha=-0.390 beta=+0.065 | loss 3.7820 (delta +0.8967) size 243.3 MB sparsity 26.9%
gen 10 offspring [95/100] k= 55 (used  55.0) c=0.911 alpha=-0.067 beta=+0.084 | loss 2.9547 (delta +0.0694) size 371.5 MB sparsity 7.0%
gen 10 offspring [96/100] k= 24 (used  23.0) c=0.978 alpha=-0.303 beta=+0.003 | loss 3.3457 (delta +0.4603) size 306.6 MB sparsity 20.6%
gen 10 offspring [97/100] k= 30 (used  29.0) c=0.976 alpha=-0.160 beta=+0.088 | loss 3.0604 (delta +0.1751) size 309.8 MB sparsity 13.5%
gen 10 offspring [98/100] k= 28 (used  28.0) c=0.870 alpha=-0.144 beta=+0.021 | loss 3.0511 (delta +0.1658) size 309.8 MB sparsity 12.6%
gen 10 offspring [99/100] k= 17 (used  17.0) c=0.983 alpha=-0.467 beta=+0.014 | loss 4.0468 (delta +1.1615) size 236.6 MB sparsity 29.6%
gen 10 offspring [100/100] k= 29 (used  29.0) c=0.987 alpha=-0.244 beta=+0.002 | loss 3.1352 (delta +0.2498) size 309.6 MB sparsity 16.6%
=== generation 10/50 done in 461s (0 reused), batch baseline 2.8854, HV 0.35999, front 100 points, 100/100 feasible, best delta loss +0.0063, smallest 239.3 MB
gen 11 offspring [1/100] k= 23 (used  23.0) c=0.968 alpha=-0.196 beta=+0.265 | loss 3.2962 (delta +0.4109) size 307.5 MB sparsity 20.2%
gen 11 offspring [2/100] k= 17 (used  17.0) c=0.989 alpha=-0.423 beta=+0.043 | loss 3.8656 (delta +0.9803) size 240.2 MB sparsity 28.2%
gen 11 offspring [3/100] k= 16 (used  15.0) c=0.943 alpha=-0.248 beta=+0.092 | loss 3.8108 (delta +0.9254) size 245.5 MB sparsity 23.7%
gen 11 offspring [4/100] k= 32 (used  31.0) c=0.980 alpha=-0.439 beta=+0.193 | loss 3.5089 (delta +0.6235) size 291.0 MB sparsity 26.1%
gen 11 offspring [5/100] k= 87 (used  87.0) c=0.985 alpha=-0.024 beta=+0.136 | loss 2.9133 (delta +0.0279) size 433.3 MB sparsity 7.8%
gen 11 offspring [6/100] k= 20 (used  20.0) c=0.890 alpha=-0.129 beta=+0.058 | loss 3.2869 (delta +0.4015) size 308.1 MB sparsity 17.4%
gen 11 offspring [7/100] k= 17 (used  17.0) c=0.890 alpha=-0.146 beta=+0.237 | loss 3.4456 (delta +0.5602) size 259.0 MB sparsity 20.6%
gen 11 offspring [8/100] k= 17 (used  17.0) c=0.875 alpha=-0.185 beta=+0.235 | loss 3.4368 (delta +0.5514) size 259.4 MB sparsity 20.4%
gen 11 offspring [9/100] k= 31 (used  31.0) c=0.941 alpha=-0.011 beta=+0.021 | loss 3.0098 (delta +0.1245) size 309.8 MB sparsity 11.2%
gen 11 offspring [10/100] k= 29 (used  29.0) c=0.870 alpha=-0.122 beta=+0.061 | loss 3.0223 (delta +0.1369) size 309.8 MB sparsity 11.4%
gen 11 offspring [11/100] k= 18 (used  17.0) c=0.991 alpha=-0.226 beta=+0.214 | loss 3.5368 (delta +0.6515) size 255.4 MB sparsity 22.0%
gen 11 offspring [12/100] k= 17 (used  17.0) c=0.845 alpha=-0.082 beta=+0.015 | loss 3.3841 (delta +0.4988) size 263.9 MB sparsity 18.6%
gen 11 offspring [13/100] k= 17 (used  17.0) c=0.865 alpha=-0.123 beta=+0.033 | loss 3.4022 (delta +0.5168) size 262.9 MB sparsity 19.0%
gen 11 offspring [14/100] k= 16 (used  16.0) c=0.890 alpha=-0.158 beta=+0.058 | loss 3.6185 (delta +0.7331) size 246.4 MB sparsity 22.1%
gen 11 offspring [15/100] k= 20 (used  19.0) c=0.976 alpha=-0.420 beta=+0.053 | loss 3.7259 (delta +0.8405) size 289.1 MB sparsity 26.7%
gen 11 offspring [16/100] k= 34 (used  33.0) c=0.985 alpha=-0.393 beta=+0.162 | loss 3.2927 (delta +0.4074) size 300.0 MB sparsity 23.2%
gen 11 offspring [17/100] k= 17 (used  17.0) c=0.993 alpha=-0.437 beta=+0.082 | loss 3.8940 (delta +1.0086) size 238.9 MB sparsity 28.7%
gen 11 offspring [18/100] k= 29 (used  29.0) c=0.972 alpha=-0.325 beta=+0.002 | loss 3.2139 (delta +0.3285) size 308.2 MB sparsity 19.6%
gen 11 offspring [19/100] k= 17 (used  17.0) c=0.976 alpha=-0.362 beta=+0.012 | loss 3.6995 (delta +0.8141) size 246.0 MB sparsity 25.8%
gen 11 offspring [20/100] k= 89 (used  89.0) c=0.950 alpha=-0.131 beta=+0.113 | loss 2.9240 (delta +0.0386) size 433.3 MB sparsity 10.3%
gen 11 offspring [21/100] k=128 (used 128.0) c=0.992 alpha=-0.043 beta=+0.042 | loss 2.8934 (delta +0.0081) size 433.3 MB sparsity 3.8%
gen 11 offspring [22/100] k= 21 (used  21.0) c=0.884 alpha=-0.145 beta=+0.036 | loss 3.1745 (delta +0.2892) size 309.1 MB sparsity 15.7%
gen 11 offspring [23/100] k= 31 (used  31.0) c=0.981 alpha=-0.174 beta=+0.040 | loss 3.0373 (delta +0.1520) size 309.8 MB sparsity 13.5%
gen 11 offspring [24/100] k= 80 (used  79.9) c=0.950 alpha=-0.275 beta=+0.111 | loss 3.0241 (delta +0.1387) size 425.6 MB sparsity 16.1%
gen 11 offspring [25/100] k= 16 (used  15.0) c=0.971 alpha=-0.122 beta=+0.053 | loss 3.8772 (delta +0.9919) size 245.1 MB sparsity 24.0%
gen 11 offspring [26/100] k= 17 (used  17.0) c=0.975 alpha=-0.424 beta=+0.031 | loss 3.8437 (delta +0.9583) size 240.5 MB sparsity 28.0%
gen 11 offspring [27/100] k= 16 (used  16.0) c=0.865 alpha=-0.280 beta=+0.046 | loss 3.6071 (delta +0.7218) size 246.4 MB sparsity 23.2%
gen 11 offspring [28/100] k= 29 (used  29.0) c=0.987 alpha=-0.244 beta=+0.321 | loss 3.3322 (delta +0.4468) size 298.5 MB sparsity 23.6%
gen 11 offspring [29/100] k= 32 (used  31.0) c=0.968 alpha=-0.153 beta=+0.216 | loss 3.0748 (delta +0.1895) size 309.8 MB sparsity 16.1%
gen 11 offspring [30/100] k= 17 (used  17.0) c=0.976 alpha=-0.437 beta=+0.029 | loss 3.8795 (delta +0.9942) size 239.3 MB sparsity 28.5%
gen 11 offspring [31/100] k= 40 (used  39.0) c=0.991 alpha=-0.142 beta=+0.042 | loss 2.9817 (delta +0.0964) size 371.5 MB sparsity 10.9%
gen 11 offspring [32/100] k= 16 (used  15.0) c=0.997 alpha=-0.397 beta=+0.163 | loss 4.1209 (delta +1.2356) size 238.2 MB sparsity 29.0%
gen 11 offspring [33/100] k= 17 (used  17.0) c=0.976 alpha=-0.420 beta=+0.069 | loss 3.8312 (delta +0.9459) size 240.9 MB sparsity 27.9%
gen 11 offspring [34/100] k= 29 (used  29.0) c=0.951 alpha=-0.039 beta=+0.063 | loss 3.0476 (delta +0.1623) size 309.8 MB sparsity 12.1%
gen 11 offspring [35/100] k= 16 (used  16.0) c=0.895 alpha=-0.230 beta=+0.041 | loss 3.6530 (delta +0.7676) size 246.3 MB sparsity 22.5%
gen 11 offspring [36/100] k= 30 (used  30.0) c=0.951 alpha=-0.023 beta=+0.125 | loss 3.0467 (delta +0.1614) size 309.8 MB sparsity 12.3%
gen 11 offspring [37/100] k= 63 (used  63.0) c=0.907 alpha=-0.107 beta=+0.087 | loss 2.9279 (delta +0.0425) size 371.5 MB sparsity 8.4%
gen 11 offspring [38/100] k= 17 (used  17.0) c=0.871 alpha=-0.244 beta=+0.061 | loss 3.4533 (delta +0.5680) size 259.1 MB sparsity 20.5%
gen 11 offspring [39/100] k= 17 (used  17.0) c=0.992 alpha=-0.165 beta=+0.148 | loss 3.5359 (delta +0.6506) size 256.5 MB sparsity 21.6%
gen 11 offspring [40/100] k= 18 (used  17.0) c=0.975 alpha=-0.390 beta=+0.120 | loss 3.7615 (delta +0.8761) size 243.6 MB sparsity 26.8%
gen 11 offspring [41/100] k= 29 (used  29.0) c=0.941 alpha=-0.011 beta=+0.037 | loss 3.0361 (delta +0.1507) size 309.8 MB sparsity 12.0%
gen 11 offspring [42/100] k= 17 (used  17.0) c=0.952 alpha=-0.057 beta=+0.024 | loss 3.5010 (delta +0.6156) size 258.5 MB sparsity 20.8%
gen 11 offspring [43/100] k= 16 (used  16.0) c=0.868 alpha=-0.149 beta=+0.015 | loss 3.5593 (delta +0.6740) size 246.6 MB sparsity 21.6%
gen 11 offspring [44/100] k= 50 (used  50.0) c=0.926 alpha=-0.226 beta=+0.101 | loss 2.9974 (delta +0.1120) size 371.5 MB sparsity 13.9%
gen 11 offspring [45/100] k= 17 (used  17.0) c=0.981 alpha=-0.447 beta=+0.069 | loss 3.9534 (delta +1.0680) size 238.4 MB sparsity 28.9%
gen 11 offspring [46/100] k= 33 (used  33.0) c=0.968 alpha=-0.180 beta=+0.320 | loss 3.1805 (delta +0.2951) size 306.7 MB sparsity 21.0%
gen 11 offspring [47/100] k= 41 (used  41.0) c=0.973 alpha=-0.055 beta=+0.152 | loss 2.9739 (delta +0.0886) size 371.5 MB sparsity 10.9%
gen 11 offspring [48/100] k= 33 (used  33.0) c=0.994 alpha=-0.091 beta=+0.016 | loss 3.0059 (delta +0.1205) size 337.2 MB sparsity 11.1%
gen 11 offspring [49/100] k= 17 (used  17.0) c=0.859 alpha=-0.191 beta=+0.069 | loss 3.3911 (delta +0.5058) size 262.7 MB sparsity 19.0%
gen 11 offspring [50/100] k= 17 (used  17.0) c=0.845 alpha=-0.047 beta=+0.026 | loss 3.3841 (delta +0.4988) size 263.9 MB sparsity 18.6%
gen 11 offspring [51/100] k= 16 (used  16.0) c=0.859 alpha=-0.141 beta=+0.257 | loss 3.5769 (delta +0.6915) size 246.6 MB sparsity 22.4%
gen 11 offspring [52/100] k= 37 (used  37.0) c=0.980 alpha=-0.056 beta=+0.065 | loss 2.9895 (delta +0.1041) size 371.5 MB sparsity 9.8%
gen 11 offspring [53/100] k= 63 (used  63.0) c=0.907 alpha=-0.061 beta=+0.169 | loss 2.9463 (delta +0.0609) size 371.5 MB sparsity 10.0%
gen 11 offspring [54/100] k= 16 (used  16.0) c=0.871 alpha=-0.244 beta=+0.064 | loss 3.5887 (delta +0.7034) size 246.5 MB sparsity 22.3%
gen 11 offspring [55/100] k= 54 (used  54.0) c=0.894 alpha=-0.053 beta=+0.061 | loss 2.9399 (delta +0.0546) size 371.5 MB sparsity 6.3%
gen 11 offspring [56/100] k= 32 (used  31.0) c=0.968 alpha=-0.193 beta=+0.241 | loss 3.1327 (delta +0.2474) size 309.4 MB sparsity 18.5%
gen 11 offspring [57/100] k= 16 (used  16.0) c=0.874 alpha=-0.155 beta=+0.153 | loss 3.5696 (delta +0.6842) size 246.6 MB sparsity 21.7%
gen 11 offspring [58/100] k= 17 (used  17.0) c=0.986 alpha=-0.390 beta=+0.034 | loss 3.7820 (delta +0.8967) size 243.3 MB sparsity 26.9%
gen 11 offspring [59/100] k= 17 (used  17.0) c=0.859 alpha=-0.227 beta=+0.214 | loss 3.4280 (delta +0.5426) size 259.2 MB sparsity 20.5%
gen 11 offspring [60/100] k= 17 (used  17.0) c=0.932 alpha=-0.054 beta=+0.065 | loss 3.4723 (delta +0.5870) size 259.5 MB sparsity 20.4%
gen 11 offspring [61/100] k= 34 (used  33.0) c=0.976 alpha=-0.222 beta=+0.299 | loss 3.1955 (delta +0.3101) size 304.2 MB sparsity 21.8%
gen 11 offspring [62/100] k= 31 (used  31.0) c=0.987 alpha=-0.244 beta=+0.053 | loss 3.0979 (delta +0.2125) size 309.7 MB sparsity 16.2%
gen 11 offspring [63/100] k= 24 (used  23.0) c=0.976 alpha=-0.441 beta=+0.155 | loss 3.6028 (delta +0.7174) size 291.7 MB sparsity 25.8%
gen 11 offspring [64/100] k=133 (used 133.0) c=0.992 alpha=-0.033 beta=+0.050 | loss 2.8957 (delta +0.0104) size 495.0 MB sparsity 3.7%
gen 11 offspring [65/100] k= 26 (used  26.0) c=0.935 alpha=-0.033 beta=+0.003 | loss 3.0885 (delta +0.2031) size 309.7 MB sparsity 13.8%
gen 11 offspring [66/100] k= 16 (used  16.0) c=0.868 alpha=-0.139 beta=+0.031 | loss 3.5593 (delta +0.6740) size 246.6 MB sparsity 21.6%
gen 11 offspring [67/100] k= 32 (used  32.0) c=0.939 alpha=-0.203 beta=+0.105 | loss 3.0389 (delta +0.1535) size 309.8 MB sparsity 14.3%
gen 11 offspring [68/100] k= 17 (used  17.0) c=0.938 alpha=-0.135 beta=+0.030 | loss 3.4612 (delta +0.5758) size 259.2 MB sparsity 20.5%
gen 11 offspring [69/100] k= 32 (used  32.0) c=0.905 alpha=-0.350 beta=+0.212 | loss 3.2839 (delta +0.3986) size 299.3 MB sparsity 23.4%
gen 11 offspring [70/100] k= 87 (used  87.0) c=0.992 alpha=-0.046 beta=+0.184 | loss 2.9301 (delta +0.0448) size 433.3 MB sparsity 9.9%
gen 11 offspring [71/100] k= 17 (used  17.0) c=0.860 alpha=-0.207 beta=+0.031 | loss 3.3974 (delta +0.5121) size 262.0 MB sparsity 19.3%
gen 11 offspring [72/100] k= 35 (used  35.0) c=0.953 alpha=-0.238 beta=+0.000 | loss 3.0575 (delta +0.1722) size 370.9 MB sparsity 15.0%
gen 11 offspring [73/100] k= 21 (used  21.0) c=0.859 alpha=-0.194 beta=+0.030 | loss 3.1817 (delta +0.2963) size 309.2 MB sparsity 16.4%
gen 11 offspring [74/100] k=137 (used 137.0) c=0.996 alpha=-0.039 beta=+0.040 | loss 2.8936 (delta +0.0083) size 495.0 MB sparsity 3.5%
gen 11 offspring [75/100] k= 32 (used  32.0) c=0.890 alpha=-0.161 beta=+0.058 | loss 3.0166 (delta +0.1313) size 309.8 MB sparsity 12.4%
gen 11 offspring [76/100] k= 16 (used  15.0) c=0.976 alpha=-0.437 beta=+0.235 | loss 4.2522 (delta +1.3668) size 235.3 MB sparsity 30.2%
gen 11 offspring [77/100] k= 32 (used  32.0) c=0.892 alpha=-0.289 beta=+0.012 | loss 3.1218 (delta +0.2365) size 309.6 MB sparsity 17.3%
gen 11 offspring [78/100] k= 16 (used  16.0) c=0.849 alpha=-0.226 beta=+0.186 | loss 3.5084 (delta +0.6231) size 246.8 MB sparsity 21.5%
gen 11 offspring [79/100] k= 17 (used  17.0) c=0.845 alpha=-0.071 beta=+0.133 | loss 3.3841 (delta +0.4988) size 263.9 MB sparsity 18.6%
gen 11 offspring [80/100] k= 16 (used  16.0) c=0.905 alpha=-0.227 beta=+0.032 | loss 3.6595 (delta +0.7742) size 246.1 MB sparsity 22.7%
gen 11 offspring [81/100] k= 16 (used  15.0) c=0.940 alpha=-0.195 beta=+0.024 | loss 3.7306 (delta +0.8453) size 245.6 MB sparsity 23.3%
gen 11 offspring [82/100] k=140 (used 139.8) c=0.882 alpha=-0.034 beta=+0.155 | loss 2.9240 (delta +0.0387) size 495.0 MB sparsity 8.0%
gen 11 offspring [83/100] k= 16 (used  16.0) c=0.884 alpha=-0.145 beta=+0.033 | loss 3.6050 (delta +0.7196) size 246.4 MB sparsity 22.0%
gen 11 offspring [84/100] k= 52 (used  52.0) c=0.859 alpha=-0.107 beta=+0.003 | loss 2.9502 (delta +0.0648) size 371.5 MB sparsity 7.7%
gen 11 offspring [85/100] k= 18 (used  17.0) c=0.997 alpha=-0.392 beta=+0.160 | loss 3.7923 (delta +0.9069) size 242.7 MB sparsity 27.1%
gen 11 offspring [86/100] k= 17 (used  17.0) c=0.845 alpha=-0.025 beta=+0.012 | loss 3.3841 (delta +0.4988) size 263.9 MB sparsity 18.6%
gen 11 offspring [87/100] k= 17 (used  17.0) c=0.989 alpha=-0.151 beta=+0.215 | loss 3.5371 (delta +0.6518) size 256.2 MB sparsity 21.7%
gen 11 offspring [88/100] k= 33 (used  33.0) c=0.857 alpha=-0.082 beta=+0.196 | loss 3.0388 (delta +0.1534) size 331.0 MB sparsity 13.1%
gen 11 offspring [89/100] k= 35 (used  35.0) c=0.990 alpha=-0.434 beta=+0.154 | loss 3.4122 (delta +0.5268) size 343.0 MB sparsity 24.4%
gen 11 offspring [90/100] k= 16 (used  16.0) c=0.889 alpha=-0.145 beta=+0.059 | loss 3.6235 (delta +0.7381) size 246.4 MB sparsity 22.1%
gen 11 offspring [91/100] k= 28 (used  27.0) c=0.998 alpha=-0.011 beta=+0.039 | loss 3.0910 (delta +0.2056) size 309.7 MB sparsity 13.6%
gen 11 offspring [92/100] k= 32 (used  32.0) c=0.905 alpha=-0.126 beta=+0.216 | loss 3.0512 (delta +0.1658) size 309.8 MB sparsity 15.1%
gen 11 offspring [93/100] k=121 (used 121.0) c=0.940 alpha=-0.039 beta=+0.032 | loss 2.8970 (delta +0.0117) size 433.3 MB sparsity 3.3%
gen 11 offspring [94/100] k= 33 (used  33.0) c=0.969 alpha=-0.366 beta=+0.058 | loss 3.2019 (delta +0.3166) size 308.6 MB sparsity 20.4%
gen 11 offspring [95/100] k= 17 (used  17.0) c=0.972 alpha=-0.335 beta=+0.162 | loss 3.6677 (delta +0.7823) size 248.4 MB sparsity 24.8%
gen 11 offspring [96/100] k= 17 (used  17.0) c=0.884 alpha=-0.145 beta=+0.008 | loss 3.4075 (delta +0.5221) size 261.9 MB sparsity 19.4%
gen 11 offspring [97/100] k= 40 (used  40.0) c=0.939 alpha=-0.039 beta=+0.008 | loss 2.9638 (delta +0.0785) size 371.5 MB sparsity 8.9%
gen 11 offspring [98/100] k= 17 (used  17.0) c=0.968 alpha=-0.145 beta=+0.269 | loss 3.5327 (delta +0.6473) size 254.0 MB sparsity 22.6%
gen 11 offspring [99/100] k= 18 (used  17.0) c=0.992 alpha=-0.184 beta=+0.042 | loss 3.5357 (delta +0.6504) size 256.5 MB sparsity 21.6%
gen 11 offspring [100/100] k= 21 (used  21.0) c=0.981 alpha=-0.249 beta=+0.303 | loss 3.4526 (delta +0.5672) size 298.4 MB sparsity 23.7%
=== generation 11/50 done in 461s (0 reused), batch baseline 2.8854, HV 0.36055, front 100 points, 100/100 feasible, best delta loss +0.0063, smallest 239.3 MB
gen 12 offspring [1/100] k= 16 (used  16.0) c=0.890 alpha=-0.281 beta=+0.012 | loss 3.6839 (delta +0.7986) size 246.0 MB sparsity 23.6%
gen 12 offspring [2/100] k=137 (used 137.0) c=0.992 alpha=-0.109 beta=+0.042 | loss 2.8990 (delta +0.0137) size 495.0 MB sparsity 6.5%
gen 12 offspring [3/100] k= 16 (used  15.0) c=0.941 alpha=-0.195 beta=+0.035 | loss 3.7345 (delta +0.8491) size 245.6 MB sparsity 23.3%
gen 12 offspring [4/100] k= 31 (used  31.0) c=0.953 alpha=-0.171 beta=+0.125 | loss 3.0233 (delta +0.1380) size 309.8 MB sparsity 13.5%
gen 12 offspring [5/100] k= 17 (used  17.0) c=0.883 alpha=-0.203 beta=+0.031 | loss 3.4121 (delta +0.5268) size 261.2 MB sparsity 19.7%
gen 12 offspring [6/100] k= 87 (used  87.0) c=0.907 alpha=-0.046 beta=+0.012 | loss 2.9069 (delta +0.0216) size 433.3 MB sparsity 4.0%
gen 12 offspring [7/100] k= 32 (used  31.0) c=0.970 alpha=-0.084 beta=+0.065 | loss 3.0232 (delta +0.1379) size 309.8 MB sparsity 11.5%
gen 12 offspring [8/100] k= 39 (used  39.0) c=0.866 alpha=-0.067 beta=+0.162 | loss 2.9860 (delta +0.1007) size 371.5 MB sparsity 11.0%
gen 12 offspring [9/100] k= 17 (used  17.0) c=0.859 alpha=-0.224 beta=+0.214 | loss 3.4236 (delta +0.5383) size 259.4 MB sparsity 20.4%
gen 12 offspring [10/100] k= 17 (used  17.0) c=0.890 alpha=-0.239 beta=+0.232 | loss 3.5223 (delta +0.6369) size 256.6 MB sparsity 21.5%
gen 12 offspring [11/100] k= 16 (used  16.0) c=0.851 alpha=-0.280 beta=+0.027 | loss 3.5916 (delta +0.7062) size 246.5 MB sparsity 23.0%
gen 12 offspring [12/100] k= 16 (used  16.0) c=0.845 alpha=-0.139 beta=+0.257 | loss 3.5413 (delta +0.6559) size 246.8 MB sparsity 22.2%
gen 12 offspring [13/100] k= 63 (used  63.0) c=0.907 alpha=-0.061 beta=+0.084 | loss 2.9231 (delta +0.0378) size 371.5 MB sparsity 6.6%
gen 12 offspring [14/100] k= 18 (used  17.0) c=0.964 alpha=-0.446 beta=+0.302 | loss 4.0450 (delta +1.1596) size 232.5 MB sparsity 31.3%
gen 12 offspring [15/100] k= 30 (used  29.0) c=0.979 alpha=-0.068 beta=+0.150 | loss 3.0493 (delta +0.1640) size 309.8 MB sparsity 13.2%
gen 12 offspring [16/100] k= 17 (used  17.0) c=0.905 alpha=-0.229 beta=+0.044 | loss 3.4896 (delta +0.6043) size 259.0 MB sparsity 20.6%
gen 12 offspring [17/100] k= 50 (used  49.0) c=0.992 alpha=-0.226 beta=+0.101 | loss 2.9919 (delta +0.1066) size 371.5 MB sparsity 14.0%
gen 12 offspring [18/100] k= 32 (used  31.0) c=0.992 alpha=-0.012 beta=+0.032 | loss 3.0241 (delta +0.1387) size 309.8 MB sparsity 11.8%
gen 12 offspring [19/100] k= 28 (used  27.0) c=0.976 alpha=-0.362 beta=+0.012 | loss 3.3064 (delta +0.4210) size 304.9 MB sparsity 21.6%
gen 12 offspring [20/100] k= 29 (used  29.0) c=0.940 alpha=-0.011 beta=+0.006 | loss 3.0334 (delta +0.1480) size 309.8 MB sparsity 12.0%
gen 12 offspring [21/100] k= 16 (used  16.0) c=0.892 alpha=-0.222 beta=+0.031 | loss 3.6440 (delta +0.7587) size 246.3 MB sparsity 22.3%
gen 12 offspring [22/100] k= 17 (used  17.0) c=0.976 alpha=-0.425 beta=+0.219 | loss 3.8565 (delta +0.9711) size 239.8 MB sparsity 28.4%
gen 12 offspring [23/100] k= 18 (used  18.0) c=0.849 alpha=-0.207 beta=+0.121 | loss 3.3669 (delta +0.4815) size 307.1 MB sparsity 19.2%
gen 12 offspring [24/100] k= 16 (used  15.0) c=0.982 alpha=-0.390 beta=+0.065 | loss 4.0834 (delta +1.1980) size 239.4 MB sparsity 28.5%
gen 12 offspring [25/100] k= 63 (used  62.7) c=0.976 alpha=-0.433 beta=+0.029 | loss 3.2931 (delta +0.4078) size 358.0 MB sparsity 20.3%
gen 12 offspring [26/100] k= 37 (used  37.0) c=0.905 alpha=-0.350 beta=+0.212 | loss 3.2947 (delta +0.4094) size 347.0 MB sparsity 23.3%
gen 12 offspring [27/100] k= 20 (used  19.0) c=0.984 alpha=-0.145 beta=+0.044 | loss 3.3705 (delta +0.4852) size 306.6 MB sparsity 19.2%
gen 12 offspring [28/100] k= 17 (used  17.0) c=0.981 alpha=-0.168 beta=+0.216 | loss 3.5251 (delta +0.6397) size 256.5 MB sparsity 21.6%
gen 12 offspring [29/100] k= 17 (used  17.0) c=0.974 alpha=-0.278 beta=+0.029 | loss 3.5790 (delta +0.6936) size 253.1 MB sparsity 23.0%
gen 12 offspring [30/100] k= 16 (used  16.0) c=0.882 alpha=-0.133 beta=+0.061 | loss 3.6037 (delta +0.7183) size 246.4 MB sparsity 21.9%
gen 12 offspring [31/100] k= 44 (used  43.0) c=0.992 alpha=-0.388 beta=+0.030 | loss 3.2161 (delta +0.3307) size 359.0 MB sparsity 20.1%
gen 12 offspring [32/100] k= 16 (used  15.0) c=0.941 alpha=-0.108 beta=+0.124 | loss 3.7346 (delta +0.8492) size 245.6 MB sparsity 23.3%
gen 12 offspring [33/100] k= 16 (used  16.0) c=0.875 alpha=-0.008 beta=+0.027 | loss 3.5843 (delta +0.6989) size 246.5 MB sparsity 21.8%
gen 12 offspring [34/100] k= 31 (used  31.0) c=0.917 alpha=-0.056 beta=+0.103 | loss 3.0053 (delta +0.1200) size 309.8 MB sparsity 11.0%
gen 12 offspring [35/100] k= 33 (used  33.0) c=0.979 alpha=-0.217 beta=+0.094 | loss 3.0363 (delta +0.1510) size 326.2 MB sparsity 14.7%
gen 12 offspring [36/100] k= 16 (used  15.0) c=0.997 alpha=-0.392 beta=+0.014 | loss 4.0936 (delta +1.2082) size 238.7 MB sparsity 28.8%
gen 12 offspring [37/100] k= 32 (used  32.0) c=0.941 alpha=-0.005 beta=+0.311 | loss 3.1377 (delta +0.2523) size 309.1 MB sparsity 18.5%
gen 12 offspring [38/100] k= 33 (used  33.0) c=0.953 alpha=-0.249 beta=+0.268 | loss 3.2202 (delta +0.3349) size 304.7 MB sparsity 21.7%
gen 12 offspring [39/100] k=128 (used 128.0) c=0.983 alpha=-0.043 beta=+0.042 | loss 2.8930 (delta +0.0077) size 433.3 MB sparsity 3.8%
gen 12 offspring [40/100] k= 16 (used  16.0) c=0.865 alpha=-0.310 beta=+0.031 | loss 3.6567 (delta +0.7713) size 245.9 MB sparsity 24.2%
gen 12 offspring [41/100] k=137 (used 137.0) c=0.992 alpha=-0.042 beta=+0.046 | loss 2.8933 (delta +0.0080) size 495.0 MB sparsity 3.9%
gen 12 offspring [42/100] k= 19 (used  19.0) c=0.976 alpha=-0.390 beta=+0.012 | loss 3.6471 (delta +0.7618) size 292.5 MB sparsity 25.6%
gen 12 offspring [43/100] k= 16 (used  16.0) c=0.858 alpha=-0.437 beta=+0.069 | loss 3.9389 (delta +1.0535) size 239.2 MB sparsity 28.6%
gen 12 offspring [44/100] k= 32 (used  31.0) c=0.978 alpha=-0.216 beta=+0.267 | loss 3.1799 (delta +0.2945) size 307.9 MB sparsity 20.4%
gen 12 offspring [45/100] k= 16 (used  16.0) c=0.862 alpha=-0.019 beta=+0.049 | loss 3.5501 (delta +0.6648) size 246.7 MB sparsity 21.4%
gen 12 offspring [46/100] k= 28 (used  28.0) c=0.859 alpha=-0.352 beta=+0.030 | loss 3.2521 (delta +0.3667) size 307.5 MB sparsity 20.4%
gen 12 offspring [47/100] k= 18 (used  18.0) c=0.874 alpha=-0.152 beta=+0.155 | loss 3.3889 (delta +0.5036) size 306.6 MB sparsity 19.2%
gen 12 offspring [48/100] k= 52 (used  51.0) c=0.997 alpha=-0.039 beta=+0.042 | loss 2.9590 (delta +0.0737) size 371.5 MB sparsity 7.2%
gen 12 offspring [49/100] k= 31 (used  31.0) c=0.987 alpha=-0.066 beta=+0.193 | loss 3.0422 (delta +0.1568) size 309.8 MB sparsity 14.2%
gen 12 offspring [50/100] k= 16 (used  16.0) c=0.860 alpha=-0.154 beta=+0.033 | loss 3.5622 (delta +0.6769) size 246.7 MB sparsity 21.4%
gen 12 offspring [51/100] k= 30 (used  29.0) c=0.989 alpha=-0.143 beta=+0.030 | loss 3.0688 (delta +0.1834) size 309.8 MB sparsity 13.1%
gen 12 offspring [52/100] k= 17 (used  17.0) c=0.976 alpha=-0.429 beta=+0.092 | loss 3.8591 (delta +0.9737) size 240.0 MB sparsity 28.2%
gen 12 offspring [53/100] k= 20 (used  19.0) c=0.997 alpha=-0.399 beta=+0.175 | loss 3.7390 (delta +0.8537) size 290.7 MB sparsity 26.2%
gen 12 offspring [54/100] k= 33 (used  33.0) c=0.861 alpha=-0.183 beta=+0.350 | loss 3.2795 (delta +0.3941) size 303.1 MB sparsity 22.2%
gen 12 offspring [55/100] k= 16 (used  16.0) c=0.870 alpha=-0.152 beta=+0.065 | loss 3.5682 (delta +0.6828) size 246.6 MB sparsity 21.7%
gen 12 offspring [56/100] k= 18 (used  17.0) c=0.975 alpha=-0.390 beta=+0.121 | loss 3.7615 (delta +0.8761) size 243.6 MB sparsity 26.8%
gen 12 offspring [57/100] k= 17 (used  17.0) c=0.980 alpha=-0.440 beta=+0.014 | loss 3.9114 (delta +1.0261) size 239.0 MB sparsity 28.7%
gen 12 offspring [58/100] k= 21 (used  21.0) c=0.868 alpha=-0.139 beta=+0.034 | loss 3.1452 (delta +0.2599) size 309.2 MB sparsity 15.4%
gen 12 offspring [59/100] k= 35 (used  35.0) c=0.969 alpha=-0.249 beta=+0.058 | loss 3.0670 (delta +0.1816) size 370.6 MB sparsity 15.5%
gen 12 offspring [60/100] k= 88 (used  88.0) c=0.950 alpha=-0.104 beta=+0.111 | loss 2.9149 (delta +0.0296) size 433.3 MB sparsity 9.1%
gen 12 offspring [61/100] k= 16 (used  16.0) c=0.880 alpha=-0.185 beta=+0.218 | loss 3.6123 (delta +0.7269) size 246.5 MB sparsity 22.0%
gen 12 offspring [62/100] k=128 (used 128.0) c=0.928 alpha=-0.043 beta=+0.042 | loss 2.8994 (delta +0.0141) size 433.3 MB sparsity 3.7%
gen 12 offspring [63/100] k= 17 (used  17.0) c=0.855 alpha=-0.176 beta=+0.030 | loss 3.3844 (delta +0.4990) size 263.3 MB sparsity 18.8%
gen 12 offspring [64/100] k= 18 (used  17.0) c=0.987 alpha=-0.244 beta=+0.321 | loss 3.6438 (delta +0.7585) size 247.5 MB sparsity 25.2%
gen 12 offspring [65/100] k= 16 (used  16.0) c=0.862 alpha=-0.272 beta=+0.179 | loss 3.6138 (delta +0.7285) size 246.5 MB sparsity 22.9%
gen 12 offspring [66/100] k= 35 (used  35.0) c=0.977 alpha=-0.209 beta=+0.299 | loss 3.1856 (delta +0.3003) size 354.5 MB sparsity 21.3%
gen 12 offspring [67/100] k= 17 (used  17.0) c=0.845 alpha=-0.021 beta=+0.080 | loss 3.3841 (delta +0.4988) size 263.9 MB sparsity 18.6%
gen 12 offspring [68/100] k= 18 (used  17.0) c=0.999 alpha=-0.404 beta=+0.120 | loss 3.8311 (delta +0.9457) size 241.7 MB sparsity 27.6%
gen 12 offspring [69/100] k= 17 (used  17.0) c=0.907 alpha=-0.075 beta=+0.087 | loss 3.4457 (delta +0.5604) size 260.8 MB sparsity 19.8%
gen 12 offspring [70/100] k= 29 (used  29.0) c=0.987 alpha=-0.251 beta=+0.321 | loss 3.3455 (delta +0.4601) size 297.7 MB sparsity 23.9%
gen 12 offspring [71/100] k= 32 (used  32.0) c=0.904 alpha=-0.022 beta=+0.053 | loss 3.0059 (delta +0.1206) size 309.8 MB sparsity 10.8%
gen 12 offspring [72/100] k= 17 (used  17.0) c=0.876 alpha=-0.210 beta=+0.104 | loss 3.4173 (delta +0.5319) size 261.2 MB sparsity 19.7%
gen 12 offspring [73/100] k= 31 (used  31.0) c=0.968 alpha=-0.432 beta=+0.238 | loss 3.5628 (delta +0.6774) size 286.6 MB sparsity 27.5%
gen 12 offspring [74/100] k= 17 (used  17.0) c=0.850 alpha=-0.422 beta=+0.145 | loss 3.7423 (delta +0.8569) size 244.1 MB sparsity 26.6%
gen 12 offspring [75/100] k= 26 (used  25.0) c=0.986 alpha=-0.170 beta=+0.193 | loss 3.1478 (delta +0.2625) size 309.4 MB sparsity 16.6%
gen 12 offspring [76/100] k= 18 (used  17.0) c=0.975 alpha=-0.044 beta=+0.120 | loss 3.5068 (delta +0.6215) size 257.3 MB sparsity 21.2%
gen 12 offspring [77/100] k= 29 (used  29.0) c=0.953 alpha=-0.066 beta=+0.044 | loss 3.0503 (delta +0.1649) size 309.8 MB sparsity 12.1%
gen 12 offspring [78/100] k= 29 (used  29.0) c=0.888 alpha=-0.171 beta=+0.012 | loss 3.0329 (delta +0.1476) size 309.8 MB sparsity 13.2%
gen 12 offspring [79/100] k= 16 (used  16.0) c=0.874 alpha=-0.216 beta=+0.257 | loss 3.5757 (delta +0.6904) size 246.5 MB sparsity 22.8%
gen 12 offspring [80/100] k= 87 (used  86.9) c=0.980 alpha=-0.133 beta=+0.244 | loss 3.0006 (delta +0.1152) size 426.9 MB sparsity 15.8%
gen 12 offspring [81/100] k= 16 (used  16.0) c=0.849 alpha=-0.228 beta=+0.237 | loss 3.5251 (delta +0.6398) size 246.8 MB sparsity 22.2%
gen 12 offspring [82/100] k= 18 (used  18.0) c=0.845 alpha=-0.025 beta=+0.159 | loss 3.3667 (delta +0.4814) size 307.2 MB sparsity 18.6%
gen 12 offspring [83/100] k= 17 (used  17.0) c=0.976 alpha=-0.420 beta=+0.068 | loss 3.8312 (delta +0.9459) size 240.9 MB sparsity 27.9%
gen 12 offspring [84/100] k= 17 (used  17.0) c=0.870 alpha=-0.146 beta=+0.049 | loss 3.3960 (delta +0.5106) size 262.7 MB sparsity 19.1%
gen 12 offspring [85/100] k= 17 (used  17.0) c=0.859 alpha=-0.227 beta=+0.320 | loss 3.5530 (delta +0.6676) size 250.7 MB sparsity 23.9%
gen 12 offspring [86/100] k= 17 (used  17.0) c=0.991 alpha=-0.366 beta=+0.065 | loss 3.7293 (delta +0.8440) size 245.2 MB sparsity 26.1%
gen 12 offspring [87/100] k= 32 (used  31.0) c=0.968 alpha=-0.193 beta=+0.307 | loss 3.1980 (delta +0.3126) size 306.5 MB sparsity 21.1%
gen 12 offspring [88/100] k= 16 (used  16.0) c=0.864 alpha=-0.218 beta=+0.042 | loss 3.5564 (delta +0.6711) size 246.7 MB sparsity 21.7%
gen 12 offspring [89/100] k= 17 (used  17.0) c=0.986 alpha=-0.367 beta=+0.065 | loss 3.7196 (delta +0.8342) size 245.3 MB sparsity 26.1%
gen 12 offspring [90/100] k= 17 (used  17.0) c=0.849 alpha=-0.207 beta=+0.104 | loss 3.3847 (delta +0.4993) size 262.5 MB sparsity 19.2%
gen 12 offspring [91/100] k= 34 (used  34.0) c=0.952 alpha=-0.070 beta=+0.048 | loss 3.0021 (delta +0.1167) size 371.5 MB sparsity 10.6%
gen 12 offspring [92/100] k= 16 (used  16.0) c=0.919 alpha=-0.276 beta=+0.058 | loss 3.7744 (delta +0.8890) size 245.7 MB sparsity 23.9%
gen 12 offspring [93/100] k= 27 (used  27.0) c=0.896 alpha=-0.350 beta=+0.212 | loss 3.3291 (delta +0.4438) size 298.9 MB sparsity 23.5%
gen 12 offspring [94/100] k= 17 (used  17.0) c=0.987 alpha=-0.242 beta=+0.321 | loss 3.6421 (delta +0.7568) size 247.6 MB sparsity 25.2%
gen 12 offspring [95/100] k= 17 (used  17.0) c=0.881 alpha=-0.029 beta=+0.029 | loss 3.4204 (delta +0.5350) size 262.1 MB sparsity 19.3%
gen 12 offspring [96/100] k= 18 (used  17.0) c=0.999 alpha=-0.389 beta=+0.120 | loss 3.7905 (delta +0.9051) size 243.0 MB sparsity 27.1%
gen 12 offspring [97/100] k= 21 (used  21.0) c=0.868 alpha=-0.139 beta=+0.031 | loss 3.1466 (delta +0.2613) size 309.2 MB sparsity 15.4%
gen 12 offspring [98/100] k= 28 (used  28.0) c=0.877 alpha=-0.210 beta=+0.031 | loss 3.0918 (delta +0.2065) size 309.8 MB sparsity 15.0%
gen 12 offspring [99/100] k= 84 (used  83.0) c=0.994 alpha=-0.147 beta=+0.033 | loss 2.9203 (delta +0.0349) size 433.3 MB sparsity 8.4%
gen 12 offspring [100/100] k= 17 (used  17.0) c=0.906 alpha=-0.228 beta=+0.214 | loss 3.4681 (delta +0.5828) size 258.0 MB sparsity 20.9%
=== generation 12/50 done in 484s (0 reused), batch baseline 2.8854, HV 0.36106, front 100 points, 100/100 feasible, best delta loss +0.0063, smallest 239.3 MB
gen 13 offspring [1/100] k= 16 (used  16.0) c=0.895 alpha=-0.230 beta=+0.080 | loss 3.6530 (delta +0.7676) size 246.3 MB sparsity 22.5%
gen 13 offspring [2/100] k= 17 (used  17.0) c=0.904 alpha=-0.367 beta=+0.012 | loss 3.7305 (delta +0.8452) size 247.6 MB sparsity 25.2%
gen 13 offspring [3/100] k= 35 (used  35.0) c=0.976 alpha=-0.236 beta=+0.219 | loss 3.1524 (delta +0.2671) size 362.2 MB sparsity 19.2%
gen 13 offspring [4/100] k= 23 (used  23.0) c=0.968 alpha=-0.192 beta=+0.245 | loss 3.2724 (delta +0.3871) size 308.2 MB sparsity 19.4%
gen 13 offspring [5/100] k= 36 (used  36.0) c=0.950 alpha=-0.065 beta=+0.134 | loss 2.9999 (delta +0.1145) size 371.5 MB sparsity 11.0%
gen 13 offspring [6/100] k= 17 (used  17.0) c=0.970 alpha=-0.227 beta=+0.325 | loss 3.5931 (delta +0.7077) size 248.3 MB sparsity 24.9%
gen 13 offspring [7/100] k= 19 (used  19.0) c=0.876 alpha=-0.437 beta=+0.069 | loss 3.7271 (delta +0.8418) size 290.2 MB sparsity 26.3%
gen 13 offspring [8/100] k= 89 (used  89.0) c=0.992 alpha=-0.042 beta=+0.041 | loss 2.9046 (delta +0.0192) size 433.3 MB sparsity 4.2%
gen 13 offspring [9/100] k= 54 (used  54.0) c=0.981 alpha=-0.225 beta=+0.146 | loss 3.0122 (delta +0.1269) size 371.3 MB sparsity 15.6%
gen 13 offspring [10/100] k= 29 (used  29.0) c=0.987 alpha=-0.251 beta=+0.273 | loss 3.2905 (delta +0.4051) size 303.4 MB sparsity 22.1%
gen 13 offspring [11/100] k= 16 (used  15.0) c=0.966 alpha=-0.216 beta=+0.331 | loss 3.9653 (delta +1.0799) size 243.8 MB sparsity 26.3%
gen 13 offspring [12/100] k= 32 (used  31.0) c=0.968 alpha=-0.195 beta=+0.313 | loss 3.2043 (delta +0.3189) size 305.5 MB sparsity 21.4%
gen 13 offspring [13/100] k= 16 (used  15.0) c=0.986 alpha=-0.244 beta=+0.031 | loss 3.8871 (delta +1.0018) size 244.8 MB sparsity 24.5%
gen 13 offspring [14/100] k= 34 (used  34.0) c=0.928 alpha=-0.362 beta=+0.311 | loss 3.4814 (delta +0.5961) size 330.7 MB sparsity 27.7%
gen 13 offspring [15/100] k= 16 (used  16.0) c=0.851 alpha=-0.166 beta=+0.031 | loss 3.5256 (delta +0.6403) size 246.8 MB sparsity 21.2%
gen 13 offspring [16/100] k= 27 (used  27.0) c=0.884 alpha=-0.411 beta=+0.162 | loss 3.3871 (delta +0.5018) size 297.5 MB sparsity 24.0%
gen 13 offspring [17/100] k= 20 (used  20.0) c=0.890 alpha=-0.116 beta=+0.340 | loss 3.4199 (delta +0.5345) size 300.8 MB sparsity 22.9%
gen 13 offspring [18/100] k= 17 (used  17.0) c=0.982 alpha=-0.146 beta=+0.008 | loss 3.5349 (delta +0.6495) size 256.9 MB sparsity 21.4%
gen 13 offspring [19/100] k= 29 (used  29.0) c=0.916 alpha=-0.390 beta=+0.177 | loss 3.3428 (delta +0.4575) size 298.4 MB sparsity 23.7%
gen 13 offspring [20/100] k= 28 (used  28.0) c=0.852 alpha=-0.141 beta=+0.257 | loss 3.1230 (delta +0.2376) size 309.6 MB sparsity 17.3%
gen 13 offspring [21/100] k= 21 (used  21.0) c=0.901 alpha=-0.055 beta=+0.142 | loss 3.1886 (delta +0.3033) size 309.0 MB sparsity 16.0%
gen 13 offspring [22/100] k=133 (used 133.0) c=0.968 alpha=-0.090 beta=+0.042 | loss 2.9002 (delta +0.0149) size 495.0 MB sparsity 5.6%
gen 13 offspring [23/100] k= 17 (used  17.0) c=0.846 alpha=-0.025 beta=+0.012 | loss 3.3874 (delta +0.5020) size 263.9 MB sparsity 18.6%
gen 13 offspring [24/100] k= 31 (used  31.0) c=0.904 alpha=-0.115 beta=+0.212 | loss 3.0433 (delta +0.1580) size 309.8 MB sparsity 14.6%
gen 13 offspring [25/100] k= 16 (used  16.0) c=0.863 alpha=-0.267 beta=+0.031 | loss 3.6085 (delta +0.7231) size 246.5 MB sparsity 22.8%
gen 13 offspring [26/100] k= 17 (used  17.0) c=0.820 alpha=-0.422 beta=+0.172 | loss 3.8205 (delta +0.9352) size 244.8 MB sparsity 26.3%
gen 13 offspring [27/100] k= 16 (used  16.0) c=0.849 alpha=-0.207 beta=+0.179 | loss 3.5027 (delta +0.6174) size 246.8 MB sparsity 21.3%
gen 13 offspring [28/100] k= 17 (used  17.0) c=0.835 alpha=-0.022 beta=+0.065 | loss 3.3831 (delta +0.4978) size 264.5 MB sparsity 18.3%
gen 13 offspring [29/100] k= 32 (used  31.0) c=0.985 alpha=-0.206 beta=+0.267 | loss 3.1732 (delta +0.2879) size 308.4 MB sparsity 20.1%
gen 13 offspring [30/100] k= 34 (used  33.0) c=0.973 alpha=-0.064 beta=+0.087 | loss 3.0013 (delta +0.1160) size 338.0 MB sparsity 10.9%
gen 13 offspring [31/100] k= 31 (used  31.0) c=0.979 alpha=-0.091 beta=+0.098 | loss 3.0230 (delta +0.1376) size 309.8 MB sparsity 11.7%
gen 13 offspring [32/100] k= 17 (used  17.0) c=0.976 alpha=-0.466 beta=+0.143 | loss 4.0216 (delta +1.1362) size 236.8 MB sparsity 29.5%
gen 13 offspring [33/100] k= 30 (used  30.0) c=0.917 alpha=-0.189 beta=+0.237 | loss 3.1386 (delta +0.2533) size 309.4 MB sparsity 18.2%
gen 13 offspring [34/100] k= 25 (used  25.0) c=0.987 alpha=-0.251 beta=+0.321 | loss 3.3991 (delta +0.5138) size 297.1 MB sparsity 24.1%
gen 13 offspring [35/100] k= 17 (used  17.0) c=0.941 alpha=-0.002 beta=+0.031 | loss 3.4669 (delta +0.5815) size 259.0 MB sparsity 20.5%
gen 13 offspring [36/100] k= 17 (used  17.0) c=0.915 alpha=-0.268 beta=+0.259 | loss 3.5908 (delta +0.7054) size 252.0 MB sparsity 23.4%
gen 13 offspring [37/100] k= 23 (used  23.0) c=0.976 alpha=-0.424 beta=+0.043 | loss 3.5539 (delta +0.6686) size 294.0 MB sparsity 25.1%
gen 13 offspring [38/100] k= 29 (used  29.0) c=0.976 alpha=-0.475 beta=+0.029 | loss 15.8970 (delta +13.0116) size 293.5 MB sparsity 25.3%
gen 13 offspring [39/100] k= 87 (used  87.0) c=0.945 alpha=-0.132 beta=+0.111 | loss 2.9236 (delta +0.0382) size 433.3 MB sparsity 10.2%
gen 13 offspring [40/100] k= 33 (used  33.0) c=0.997 alpha=-0.414 beta=+0.182 | loss 3.3807 (delta +0.4953) size 295.3 MB sparsity 24.7%
gen 13 offspring [41/100] k= 36 (used  36.0) c=0.877 alpha=-0.251 beta=+0.257 | loss 3.2361 (delta +0.3507) size 354.7 MB sparsity 21.2%
gen 13 offspring [42/100] k= 32 (used  32.0) c=0.871 alpha=-0.017 beta=+0.016 | loss 3.0049 (delta +0.1195) size 309.8 MB sparsity 10.4%
gen 13 offspring [43/100] k= 17 (used  17.0) c=0.988 alpha=-0.198 beta=+0.065 | loss 3.5300 (delta +0.6447) size 256.6 MB sparsity 21.5%
gen 13 offspring [44/100] k= 17 (used  17.0) c=0.845 alpha=-0.021 beta=+0.040 | loss 3.3841 (delta +0.4988) size 263.9 MB sparsity 18.6%
gen 13 offspring [45/100] k= 59 (used  59.0) c=0.979 alpha=-0.061 beta=+0.143 | loss 2.9487 (delta +0.0633) size 371.5 MB sparsity 9.2%
gen 13 offspring [46/100] k= 17 (used  17.0) c=0.980 alpha=-0.411 beta=+0.299 | loss 3.9080 (delta +1.0227) size 235.7 MB sparsity 30.0%
gen 13 offspring [47/100] k= 32 (used  32.0) c=0.882 alpha=-0.133 beta=+0.058 | loss 3.0089 (delta +0.1235) size 309.8 MB sparsity 11.4%
gen 13 offspring [48/100] k= 52 (used  52.0) c=0.970 alpha=-0.114 beta=+0.122 | loss 2.9508 (delta +0.0654) size 371.5 MB sparsity 10.3%
gen 13 offspring [49/100] k= 31 (used  31.0) c=0.857 alpha=-0.180 beta=+0.216 | loss 3.1217 (delta +0.2364) size 309.8 MB sparsity 16.9%
gen 13 offspring [50/100] k= 17 (used  17.0) c=0.858 alpha=-0.185 beta=+0.218 | loss 3.4019 (delta +0.5165) size 261.2 MB sparsity 19.7%
gen 13 offspring [51/100] k=132 (used 132.0) c=0.992 alpha=-0.013 beta=+0.030 | loss 2.8949 (delta +0.0096) size 495.0 MB sparsity 2.8%
gen 13 offspring [52/100] k= 30 (used  29.0) c=0.992 alpha=-0.195 beta=+0.197 | loss 3.1253 (delta +0.2399) size 309.6 MB sparsity 17.1%
gen 13 offspring [53/100] k= 86 (used  86.0) c=0.950 alpha=-0.132 beta=+0.084 | loss 2.9214 (delta +0.0360) size 433.3 MB sparsity 9.1%
gen 13 offspring [54/100] k= 17 (used  17.0) c=0.884 alpha=-0.453 beta=+0.238 | loss 4.0302 (delta +1.1448) size 237.7 MB sparsity 29.2%
gen 13 offspring [55/100] k= 16 (used  16.0) c=0.865 alpha=-0.307 beta=+0.219 | loss 3.6483 (delta +0.7630) size 245.9 MB sparsity 24.3%
gen 13 offspring [56/100] k= 29 (used  29.0) c=0.894 alpha=-0.222 beta=+0.321 | loss 3.2440 (delta +0.3586) size 301.4 MB sparsity 22.7%
gen 13 offspring [57/100] k= 32 (used  32.0) c=0.905 alpha=-0.001 beta=+0.185 | loss 3.0264 (delta +0.1410) size 309.8 MB sparsity 13.4%
gen 13 offspring [58/100] k= 31 (used  31.0) c=0.988 alpha=-0.361 beta=+0.192 | loss 3.3278 (delta +0.4425) size 300.1 MB sparsity 23.1%
gen 13 offspring [59/100] k= 32 (used  31.0) c=1.000 alpha=-0.353 beta=+0.213 | loss 3.3486 (delta +0.4632) size 298.6 MB sparsity 23.6%
gen 13 offspring [60/100] k= 33 (used  33.0) c=0.979 alpha=-0.235 beta=+0.092 | loss 3.0497 (delta +0.1644) size 324.0 MB sparsity 15.4%
gen 13 offspring [61/100] k= 33 (used  33.0) c=0.880 alpha=-0.215 beta=+0.406 | loss 3.4007 (delta +0.5154) size 292.6 MB sparsity 25.6%
gen 13 offspring [62/100] k= 18 (used  17.0) c=0.996 alpha=-0.274 beta=+0.161 | loss 3.6096 (delta +0.7243) size 252.7 MB sparsity 23.1%
gen 13 offspring [63/100] k= 21 (used  21.0) c=0.886 alpha=-0.338 beta=+0.012 | loss 3.3821 (delta +0.4968) size 303.9 MB sparsity 21.9%
gen 13 offspring [64/100] k= 30 (used  30.0) c=0.851 alpha=-0.423 beta=+0.105 | loss 3.3202 (delta +0.4348) size 301.6 MB sparsity 22.6%
gen 13 offspring [65/100] k= 32 (used  31.0) c=0.983 alpha=-0.221 beta=+0.296 | loss 3.2361 (delta +0.3507) size 304.5 MB sparsity 21.7%
gen 13 offspring [66/100] k= 50 (used  50.0) c=0.935 alpha=-0.348 beta=+0.060 | loss 3.1116 (delta +0.2263) size 367.4 MB sparsity 17.8%
gen 13 offspring [67/100] k= 17 (used  17.0) c=0.858 alpha=-0.227 beta=+0.214 | loss 3.4304 (delta +0.5451) size 259.2 MB sparsity 20.5%
gen 13 offspring [68/100] k= 17 (used  17.0) c=0.991 alpha=-0.329 beta=+0.185 | loss 3.6825 (delta +0.7971) size 248.4 MB sparsity 24.8%
gen 13 offspring [69/100] k= 16 (used  16.0) c=0.872 alpha=-0.315 beta=+0.121 | loss 3.6895 (delta +0.8041) size 245.7 MB sparsity 24.4%
gen 13 offspring [70/100] k= 50 (used  49.0) c=0.992 alpha=-0.374 beta=+0.101 | loss 3.1698 (delta +0.2845) size 360.0 MB sparsity 19.8%
gen 13 offspring [71/100] k= 17 (used  17.0) c=0.983 alpha=-0.319 beta=+0.072 | loss 3.6657 (delta +0.7803) size 249.5 MB sparsity 24.4%
gen 13 offspring [72/100] k= 18 (used  17.0) c=0.975 alpha=-0.385 beta=+0.120 | loss 3.7460 (delta +0.8606) size 244.0 MB sparsity 26.7%
gen 13 offspring [73/100] k= 57 (used  56.9) c=0.910 alpha=-0.232 beta=+0.352 | loss 3.2316 (delta +0.3462) size 344.1 MB sparsity 24.1%
gen 13 offspring [74/100] k= 35 (used  35.0) c=0.968 alpha=-0.180 beta=+0.317 | loss 3.1914 (delta +0.3061) size 356.1 MB sparsity 20.8%
gen 13 offspring [75/100] k= 31 (used  31.0) c=0.978 alpha=-0.058 beta=+0.151 | loss 3.0259 (delta +0.1405) size 309.8 MB sparsity 12.7%
gen 13 offspring [76/100] k= 16 (used  16.0) c=0.891 alpha=-0.056 beta=+0.238 | loss 3.6373 (delta +0.7519) size 246.3 MB sparsity 22.6%
gen 13 offspring [77/100] k= 33 (used  33.0) c=0.953 alpha=-0.068 beta=+0.125 | loss 3.0015 (delta +0.1162) size 337.0 MB sparsity 11.2%
gen 13 offspring [78/100] k= 38 (used  38.0) c=0.904 alpha=-0.022 beta=+0.058 | loss 2.9649 (delta +0.0796) size 371.5 MB sparsity 9.0%
gen 13 offspring [79/100] k= 16 (used  16.0) c=0.865 alpha=-0.189 beta=+0.031 | loss 3.5503 (delta +0.6650) size 246.6 MB sparsity 21.5%
gen 13 offspring [80/100] k= 33 (used  33.0) c=0.845 alpha=-0.027 beta=+0.294 | loss 3.1245 (delta +0.2391) size 319.3 MB sparsity 16.9%
gen 13 offspring [81/100] k= 16 (used  16.0) c=0.851 alpha=-0.141 beta=+0.212 | loss 3.5233 (delta +0.6380) size 246.8 MB sparsity 21.4%
gen 13 offspring [82/100] k= 93 (used  93.0) c=0.992 alpha=-0.058 beta=+0.185 | loss 2.9315 (delta +0.0461) size 433.3 MB sparsity 10.3%
gen 13 offspring [83/100] k= 17 (used  17.0) c=0.922 alpha=-0.272 beta=+0.179 | loss 3.5521 (delta +0.6667) size 255.2 MB sparsity 22.1%
gen 13 offspring [84/100] k= 17 (used  17.0) c=0.941 alpha=-0.425 beta=+0.243 | loss 3.8516 (delta +0.9662) size 239.1 MB sparsity 28.6%
gen 13 offspring [85/100] k= 87 (used  87.0) c=0.992 alpha=-0.069 beta=+0.017 | loss 2.9007 (delta +0.0153) size 433.3 MB sparsity 5.1%
gen 13 offspring [86/100] k=137 (used 137.0) c=0.971 alpha=-0.043 beta=+0.042 | loss 2.8951 (delta +0.0097) size 495.0 MB sparsity 3.7%
gen 13 offspring [87/100] k= 22 (used  22.0) c=0.867 alpha=-0.133 beta=+0.234 | loss 3.2087 (delta +0.3233) size 308.7 MB sparsity 17.8%
gen 13 offspring [88/100] k= 16 (used  15.0) c=0.968 alpha=-0.215 beta=+0.296 | loss 3.9313 (delta +1.0460) size 244.7 MB sparsity 25.3%
gen 13 offspring [89/100] k= 16 (used  15.0) c=0.968 alpha=-0.194 beta=+0.243 | loss 3.8970 (delta +1.0116) size 245.1 MB sparsity 24.1%
gen 13 offspring [90/100] k= 16 (used  16.0) c=0.911 alpha=-0.363 beta=+0.043 | loss 3.9085 (delta +1.0232) size 243.6 MB sparsity 26.6%
gen 13 offspring [91/100] k=136 (used 134.5) c=0.983 alpha=-0.420 beta=+0.042 | loss 3.2159 (delta +0.3306) size 463.7 MB sparsity 18.8%
gen 13 offspring [92/100] k= 19 (used  19.0) c=0.988 alpha=-0.141 beta=+0.051 | loss 3.3792 (delta +0.4938) size 306.6 MB sparsity 19.3%
gen 13 offspring [93/100] k= 17 (used  17.0) c=0.848 alpha=-0.025 beta=+0.214 | loss 3.3788 (delta +0.4935) size 262.1 MB sparsity 19.3%
gen 13 offspring [94/100] k= 17 (used  17.0) c=0.838 alpha=-0.045 beta=+0.145 | loss 3.3983 (delta +0.5129) size 264.3 MB sparsity 18.4%
gen 13 offspring [95/100] k= 32 (used  32.0) c=0.857 alpha=-0.414 beta=+0.155 | loss 3.3762 (delta +0.4908) size 298.7 MB sparsity 23.6%
gen 13 offspring [96/100] k= 17 (used  17.0) c=0.986 alpha=-0.367 beta=+0.085 | loss 3.7196 (delta +0.8342) size 245.3 MB sparsity 26.1%
gen 13 offspring [97/100] k= 32 (used  32.0) c=0.903 alpha=-0.350 beta=+0.011 | loss 3.1811 (delta +0.2957) size 308.3 MB sparsity 19.8%
gen 13 offspring [98/100] k= 29 (used  29.0) c=0.915 alpha=-0.299 beta=+0.179 | loss 3.1910 (delta +0.3056) size 308.1 MB sparsity 20.2%
gen 13 offspring [99/100] k= 17 (used  17.0) c=0.983 alpha=-0.404 beta=+0.065 | loss 3.8153 (delta +0.9300) size 242.1 MB sparsity 27.4%
gen 13 offspring [100/100] k= 87 (used  87.0) c=0.992 alpha=-0.031 beta=+0.029 | loss 2.9006 (delta +0.0152) size 433.3 MB sparsity 4.2%
=== generation 13/50 done in 463s (0 reused), batch baseline 2.8854, HV 0.36181, front 100 points, 100/100 feasible, best delta loss +0.0063, smallest 239.1 MB
gen 14 offspring [1/100] k= 21 (used  21.0) c=0.918 alpha=-0.216 beta=+0.251 | loss 3.3198 (delta +0.4345) size 307.0 MB sparsity 20.5%
gen 14 offspring [2/100] k= 33 (used  33.0) c=0.858 alpha=-0.129 beta=+0.218 | loss 3.0796 (delta +0.1943) size 325.3 MB sparsity 15.0%
gen 14 offspring [3/100] k= 50 (used  50.0) c=0.959 alpha=-0.226 beta=+0.134 | loss 3.0292 (delta +0.1439) size 371.4 MB sparsity 15.2%
gen 14 offspring [4/100] k= 17 (used  17.0) c=0.849 alpha=-0.207 beta=+0.183 | loss 3.3829 (delta +0.4975) size 262.2 MB sparsity 19.3%
gen 14 offspring [5/100] k= 17 (used  17.0) c=0.848 alpha=-0.025 beta=+0.212 | loss 3.3762 (delta +0.4908) size 262.2 MB sparsity 19.3%
gen 14 offspring [6/100] k= 34 (used  33.0) c=0.976 alpha=-0.259 beta=+0.299 | loss 3.2464 (delta +0.3611) size 299.7 MB sparsity 23.3%
gen 14 offspring [7/100] k= 30 (used  30.0) c=0.938 alpha=-0.020 beta=+0.145 | loss 3.0372 (delta +0.1518) size 309.8 MB sparsity 12.7%
gen 14 offspring [8/100] k= 18 (used  17.0) c=0.987 alpha=-0.244 beta=+0.321 | loss 3.6435 (delta +0.7581) size 247.5 MB sparsity 25.2%
gen 14 offspring [9/100] k= 32 (used  31.0) c=0.987 alpha=-0.206 beta=+0.267 | loss 3.1718 (delta +0.2865) size 308.4 MB sparsity 20.1%
gen 14 offspring [10/100] k= 17 (used  17.0) c=0.875 alpha=-0.182 beta=+0.040 | loss 3.4036 (delta +0.5182) size 262.2 MB sparsity 19.3%
gen 14 offspring [11/100] k= 17 (used  17.0) c=0.818 alpha=-0.254 beta=+0.218 | loss 3.5255 (delta +0.6402) size 257.6 MB sparsity 21.1%
gen 14 offspring [12/100] k= 17 (used  17.0) c=0.859 alpha=-0.226 beta=+0.296 | loss 3.5121 (delta +0.6268) size 252.9 MB sparsity 23.0%
gen 14 offspring [13/100] k= 33 (used  33.0) c=0.953 alpha=-0.072 beta=+0.125 | loss 3.0015 (delta +0.1162) size 337.0 MB sparsity 11.2%
gen 14 offspring [14/100] k= 17 (used  17.0) c=0.904 alpha=-0.289 beta=+0.209 | loss 3.5783 (delta +0.6929) size 253.6 MB sparsity 22.8%
gen 14 offspring [15/100] k= 17 (used  17.0) c=0.849 alpha=-0.217 beta=+0.152 | loss 3.3890 (delta +0.5037) size 261.9 MB sparsity 19.4%
gen 14 offspring [16/100] k= 17 (used  17.0) c=0.944 alpha=-0.425 beta=+0.243 | loss 3.8644 (delta +0.9791) size 239.0 MB sparsity 28.6%
gen 14 offspring [17/100] k= 32 (used  31.0) c=0.981 alpha=-0.193 beta=+0.215 | loss 3.0997 (delta +0.2144) size 309.6 MB sparsity 17.5%
gen 14 offspring [18/100] k= 16 (used  16.0) c=0.871 alpha=-0.272 beta=+0.187 | loss 3.6287 (delta +0.7434) size 246.4 MB sparsity 23.1%
gen 14 offspring [19/100] k= 17 (used  17.0) c=0.975 alpha=-0.412 beta=+0.012 | loss 3.8157 (delta +0.9304) size 241.5 MB sparsity 27.6%
gen 14 offspring [20/100] k= 16 (used  16.0) c=0.865 alpha=-0.387 beta=+0.046 | loss 3.7941 (delta +0.9088) size 243.3 MB sparsity 26.9%
gen 14 offspring [21/100] k= 17 (used  17.0) c=0.983 alpha=-0.043 beta=+0.037 | loss 3.5357 (delta +0.6504) size 256.9 MB sparsity 21.4%
gen 14 offspring [22/100] k= 16 (used  15.0) c=0.991 alpha=-0.366 beta=+0.122 | loss 4.1115 (delta +1.2261) size 241.1 MB sparsity 27.8%
gen 14 offspring [23/100] k= 93 (used  92.0) c=0.950 alpha=-0.465 beta=+0.107 | loss 3.4039 (delta +0.5186) size 394.8 MB sparsity 23.2%
gen 14 offspring [24/100] k= 27 (used  27.0) c=0.900 alpha=-0.350 beta=+0.268 | loss 3.3992 (delta +0.5139) size 292.3 MB sparsity 25.7%
gen 14 offspring [25/100] k= 16 (used  16.0) c=0.865 alpha=-0.316 beta=+0.006 | loss 3.6805 (delta +0.7952) size 245.8 MB sparsity 24.4%
gen 14 offspring [26/100] k= 17 (used  17.0) c=0.862 alpha=-0.026 beta=+0.186 | loss 3.3926 (delta +0.5072) size 262.8 MB sparsity 19.0%
gen 14 offspring [27/100] k= 16 (used  15.0) c=0.978 alpha=-0.380 beta=+0.066 | loss 4.0901 (delta +1.2047) size 240.3 MB sparsity 28.1%
gen 14 offspring [28/100] k= 16 (used  16.0) c=0.880 alpha=-0.163 beta=+0.179 | loss 3.6158 (delta +0.7304) size 246.5 MB sparsity 21.9%
gen 14 offspring [29/100] k= 28 (used  27.0) c=0.998 alpha=-0.033 beta=+0.046 | loss 3.0904 (delta +0.2050) size 309.7 MB sparsity 13.7%
gen 14 offspring [30/100] k= 47 (used  47.0) c=0.989 alpha=-0.197 beta=+0.193 | loss 3.0375 (delta +0.1522) size 370.7 MB sparsity 16.4%
gen 14 offspring [31/100] k= 87 (used  87.0) c=0.950 alpha=-0.132 beta=+0.108 | loss 2.9204 (delta +0.0350) size 433.3 MB sparsity 10.1%
gen 14 offspring [32/100] k= 17 (used  17.0) c=0.848 alpha=-0.025 beta=+0.032 | loss 3.3766 (delta +0.4913) size 263.8 MB sparsity 18.6%
gen 14 offspring [33/100] k= 16 (used  16.0) c=0.865 alpha=-0.310 beta=+0.040 | loss 3.6567 (delta +0.7713) size 245.9 MB sparsity 24.2%
gen 14 offspring [34/100] k= 29 (used  29.0) c=0.968 alpha=-0.272 beta=+0.175 | loss 3.1757 (delta +0.2904) size 308.9 MB sparsity 19.2%
gen 14 offspring [35/100] k=149 (used 149.0) c=0.976 alpha=-0.071 beta=+0.043 | loss 2.8942 (delta +0.0089) size 495.0 MB sparsity 4.9%
gen 14 offspring [36/100] k= 31 (used  31.0) c=0.851 alpha=-0.058 beta=+0.237 | loss 3.0818 (delta +0.1965) size 309.8 MB sparsity 15.0%
gen 14 offspring [37/100] k= 32 (used  31.0) c=0.984 alpha=-0.171 beta=+0.092 | loss 3.0391 (delta +0.1538) size 309.8 MB sparsity 13.4%
gen 14 offspring [38/100] k= 17 (used  17.0) c=0.873 alpha=-0.243 beta=+0.083 | loss 3.4689 (delta +0.5835) size 259.2 MB sparsity 20.5%
gen 14 offspring [39/100] k= 17 (used  17.0) c=0.947 alpha=-0.425 beta=+0.036 | loss 3.8447 (delta +0.9594) size 241.2 MB sparsity 27.8%
gen 14 offspring [40/100] k= 16 (used  16.0) c=0.874 alpha=-0.280 beta=+0.046 | loss 3.6186 (delta +0.7333) size 246.3 MB sparsity 23.3%
gen 14 offspring [41/100] k= 17 (used  17.0) c=0.850 alpha=-0.477 beta=+0.145 | loss 9.1187 (delta +6.2333) size 239.3 MB sparsity 28.5%
gen 14 offspring [42/100] k= 44 (used  43.0) c=0.992 alpha=-0.042 beta=+0.030 | loss 2.9547 (delta +0.0694) size 371.5 MB sparsity 8.5%
gen 14 offspring [43/100] k= 29 (used  29.0) c=0.987 alpha=-0.243 beta=+0.321 | loss 3.3336 (delta +0.4483) size 298.6 MB sparsity 23.6%
gen 14 offspring [45/100] k= 18 (used  17.0) c=0.985 alpha=-0.390 beta=+0.120 | loss 3.7812 (delta +0.8958) size 243.3 MB sparsity 26.9%
gen 14 offspring [46/100] k= 17 (used  17.0) c=0.941 alpha=-0.195 beta=+0.311 | loss 3.5712 (delta +0.6858) size 251.3 MB sparsity 23.7%
gen 14 offspring [47/100] k= 33 (used  33.0) c=0.954 alpha=-0.182 beta=+0.098 | loss 3.0241 (delta +0.1387) size 330.7 MB sparsity 13.2%
gen 14 offspring [48/100] k= 17 (used  17.0) c=0.884 alpha=-0.146 beta=+0.233 | loss 3.4268 (delta +0.5415) size 259.5 MB sparsity 20.3%
gen 14 offspring [49/100] k= 30 (used  29.0) c=0.979 alpha=-0.097 beta=+0.094 | loss 3.0507 (delta +0.1654) size 309.8 MB sparsity 12.5%
gen 14 offspring [50/100] k= 17 (used  17.0) c=0.850 alpha=-0.427 beta=+0.133 | loss 3.7663 (delta +0.8809) size 243.7 MB sparsity 26.8%
gen 14 offspring [51/100] k= 16 (used  16.0) c=0.871 alpha=-0.014 beta=+0.028 | loss 3.5690 (delta +0.6837) size 246.6 MB sparsity 21.7%
gen 14 offspring [52/100] k= 63 (used  63.0) c=0.939 alpha=-0.061 beta=+0.003 | loss 2.9246 (delta +0.0392) size 371.5 MB sparsity 5.7%
gen 14 offspring [53/100] k=137 (used 136.2) c=0.992 alpha=-0.045 beta=+0.300 | loss 3.0267 (delta +0.1413) size 486.0 MB sparsity 14.3%
gen 14 offspring [54/100] k= 16 (used  16.0) c=0.870 alpha=-0.224 beta=+0.061 | loss 3.5598 (delta +0.6745) size 246.6 MB sparsity 21.9%
gen 14 offspring [55/100] k= 33 (used  33.0) c=0.970 alpha=-0.250 beta=+0.214 | loss 3.1594 (delta +0.2741) size 311.0 MB sparsity 19.6%
gen 14 offspring [56/100] k= 33 (used  33.0) c=0.999 alpha=-0.398 beta=+0.163 | loss 3.3054 (delta +0.4200) size 299.3 MB sparsity 23.4%
gen 14 offspring [57/100] k= 32 (used  32.0) c=0.892 alpha=-0.227 beta=+0.018 | loss 3.0592 (delta +0.1738) size 309.8 MB sparsity 14.9%
gen 14 offspring [58/100] k= 35 (used  35.0) c=0.968 alpha=-0.237 beta=+0.280 | loss 3.2266 (delta +0.3412) size 353.1 MB sparsity 21.6%
gen 14 offspring [59/100] k= 16 (used  16.0) c=0.866 alpha=-0.133 beta=+0.061 | loss 3.5568 (delta +0.6715) size 246.6 MB sparsity 21.6%
gen 14 offspring [60/100] k= 17 (used  17.0) c=0.856 alpha=-0.278 beta=+0.030 | loss 3.4726 (delta +0.5873) size 256.8 MB sparsity 21.4%
gen 14 offspring [61/100] k= 16 (used  16.0) c=0.877 alpha=-0.141 beta=+0.257 | loss 3.6077 (delta +0.7224) size 246.4 MB sparsity 22.7%
gen 14 offspring [62/100] k= 32 (used  32.0) c=0.872 alpha=-0.017 beta=+0.009 | loss 3.0048 (delta +0.1194) size 309.8 MB sparsity 10.4%
gen 14 offspring [63/100] k= 18 (used  17.0) c=0.976 alpha=-0.367 beta=+0.120 | loss 3.7068 (delta +0.8215) size 245.5 MB sparsity 26.0%
gen 14 offspring [64/100] k= 20 (used  19.0) c=0.986 alpha=-0.283 beta=+0.044 | loss 3.4926 (delta +0.6073) size 303.9 MB sparsity 21.9%
gen 14 offspring [65/100] k=120 (used 118.9) c=0.975 alpha=-0.390 beta=+0.126 | loss 3.1747 (delta +0.2894) size 403.6 MB sparsity 21.1%
gen 14 offspring [66/100] k= 32 (used  32.0) c=0.910 alpha=-0.350 beta=+0.212 | loss 3.2778 (delta +0.3925) size 299.3 MB sparsity 23.4%
gen 14 offspring [67/100] k= 26 (used  26.0) c=0.896 alpha=-0.122 beta=+0.215 | loss 3.1367 (delta +0.2514) size 309.6 MB sparsity 16.0%
gen 14 offspring [68/100] k= 32 (used  31.0) c=0.980 alpha=-0.206 beta=+0.211 | loss 3.1124 (delta +0.2270) size 309.5 MB sparsity 17.9%
gen 14 offspring [69/100] k= 33 (used  33.0) c=0.891 alpha=-0.307 beta=+0.221 | loss 3.2738 (delta +0.3885) size 303.4 MB sparsity 22.1%
gen 14 offspring [70/100] k= 31 (used  31.0) c=0.947 alpha=-0.204 beta=+0.224 | loss 3.1114 (delta +0.2260) size 309.5 MB sparsity 18.2%
gen 14 offspring [71/100] k= 40 (used  40.0) c=0.886 alpha=-0.021 beta=+0.015 | loss 2.9643 (delta +0.0790) size 371.5 MB sparsity 8.4%
gen 14 offspring [72/100] k= 34 (used  34.0) c=0.966 alpha=-0.206 beta=+0.299 | loss 3.1870 (delta +0.3016) size 354.7 MB sparsity 21.2%
gen 14 offspring [73/100] k= 48 (used  48.0) c=0.935 alpha=-0.226 beta=+0.104 | loss 3.0008 (delta +0.1155) size 371.5 MB sparsity 14.1%
gen 14 offspring [74/100] k= 33 (used  33.0) c=0.997 alpha=-0.414 beta=+0.206 | loss 3.4144 (delta +0.5291) size 292.6 MB sparsity 25.6%
gen 14 offspring [75/100] k=128 (used 127.7) c=0.983 alpha=-0.043 beta=+0.212 | loss 2.9446 (delta +0.0593) size 433.3 MB sparsity 10.7%
gen 14 offspring [76/100] k= 17 (used  17.0) c=0.875 alpha=-0.185 beta=+0.209 | loss 3.4080 (delta +0.5227) size 261.1 MB sparsity 19.7%
gen 14 offspring [77/100] k= 32 (used  32.0) c=0.886 alpha=-0.193 beta=+0.180 | loss 3.0717 (delta +0.1863) size 309.8 MB sparsity 16.0%
gen 14 offspring [78/100] k= 16 (used  15.0) c=0.991 alpha=-0.337 beta=+0.064 | loss 4.0346 (delta +1.1492) size 243.1 MB sparsity 26.9%
gen 14 offspring [79/100] k= 16 (used  15.0) c=0.980 alpha=-0.226 beta=+0.186 | loss 3.8700 (delta +0.9846) size 244.9 MB sparsity 24.2%
gen 14 offspring [80/100] k= 33 (used  33.0) c=0.905 alpha=-0.350 beta=+0.257 | loss 3.3525 (delta +0.4671) size 294.0 MB sparsity 25.1%
gen 14 offspring [81/100] k= 30 (used  30.0) c=0.953 alpha=-0.068 beta=+0.125 | loss 3.0517 (delta +0.1664) size 309.8 MB sparsity 12.3%
gen 14 offspring [82/100] k= 17 (used  17.0) c=0.824 alpha=-0.433 beta=+0.030 | loss 3.8114 (delta +0.9260) size 243.8 MB sparsity 26.7%
gen 14 offspring [83/100] k= 43 (used  43.0) c=0.991 alpha=-0.039 beta=+0.247 | loss 3.0251 (delta +0.1397) size 371.3 MB sparsity 14.6%
gen 14 offspring [84/100] k= 17 (used  17.0) c=0.976 alpha=-0.409 beta=+0.012 | loss 3.8055 (delta +0.9202) size 241.8 MB sparsity 27.5%
gen 14 offspring [85/100] k=122 (used 122.0) c=0.992 alpha=-0.042 beta=+0.049 | loss 2.8988 (delta +0.0134) size 433.3 MB sparsity 4.0%
gen 14 offspring [86/100] k= 16 (used  16.0) c=0.865 alpha=-0.216 beta=+0.257 | loss 3.5613 (delta +0.6759) size 246.5 MB sparsity 22.7%
gen 14 offspring [87/100] k= 16 (used  16.0) c=0.890 alpha=-0.146 beta=+0.237 | loss 3.6273 (delta +0.7420) size 246.3 MB sparsity 22.5%
gen 14 offspring [88/100] k= 63 (used  63.0) c=0.918 alpha=-0.055 beta=+0.087 | loss 2.9228 (delta +0.0375) size 371.5 MB sparsity 6.6%
gen 14 offspring [89/100] k= 16 (used  16.0) c=0.867 alpha=-0.083 beta=+0.061 | loss 3.5549 (delta +0.6696) size 246.6 MB sparsity 21.6%
gen 14 offspring [90/100] k= 18 (used  17.0) c=0.983 alpha=-0.404 beta=+0.182 | loss 3.8157 (delta +0.9303) size 242.1 MB sparsity 27.4%
gen 14 offspring [91/100] k= 17 (used  17.0) c=0.975 alpha=-0.364 beta=+0.121 | loss 3.6955 (delta +0.8101) size 245.8 MB sparsity 25.9%
gen 14 offspring [92/100] k= 17 (used  17.0) c=0.951 alpha=-0.023 beta=+0.125 | loss 3.5038 (delta +0.6185) size 258.5 MB sparsity 20.8%
gen 14 offspring [93/100] k= 32 (used  32.0) c=0.863 alpha=-0.289 beta=+0.013 | loss 3.1141 (delta +0.2287) size 309.7 MB sparsity 17.2%
gen 14 offspring [94/100] k= 28 (used  28.0) c=0.951 alpha=-0.223 beta=+0.339 | loss 3.3626 (delta +0.4772) size 298.8 MB sparsity 23.6%
gen 14 offspring [95/100] k= 29 (used  29.0) c=0.915 alpha=-0.272 beta=+0.009 | loss 3.1291 (delta +0.2437) size 309.5 MB sparsity 17.2%
gen 14 offspring [96/100] k= 31 (used  31.0) c=0.968 alpha=-0.193 beta=+0.216 | loss 3.1082 (delta +0.2228) size 309.6 MB sparsity 17.5%
gen 14 offspring [97/100] k= 30 (used  29.0) c=0.982 alpha=-0.508 beta=+0.065 | loss 18.7732 (delta +15.8878) size 289.8 MB sparsity 26.5%
gen 14 offspring [98/100] k= 17 (used  17.0) c=0.888 alpha=-0.182 beta=+0.123 | loss 3.4045 (delta +0.5192) size 261.6 MB sparsity 19.5%
gen 14 offspring [99/100] k= 83 (used  83.0) c=0.975 alpha=-0.131 beta=+0.070 | loss 2.9183 (delta +0.0330) size 433.3 MB sparsity 8.6%
gen 14 offspring [100/100] k= 32 (used  32.0) c=0.837 alpha=-0.027 beta=+0.216 | loss 3.0698 (delta +0.1844) size 309.8 MB sparsity 14.1%
=== generation 14/50 done in 457s (1 reused), batch baseline 2.8854, HV 0.36268, front 100 points, 100/100 feasible, best delta loss +0.0063, smallest 239.0 MB
gen 15 offspring [1/100] k= 32 (used  32.0) c=0.962 alpha=-0.005 beta=+0.269 | loss 3.1069 (delta +0.2215) size 309.6 MB sparsity 17.0%
gen 15 offspring [2/100] k= 18 (used  17.0) c=0.976 alpha=-0.260 beta=+0.120 | loss 3.5495 (delta +0.6642) size 254.4 MB sparsity 22.4%
gen 15 offspring [3/100] k= 33 (used  33.0) c=0.947 alpha=-0.106 beta=+0.325 | loss 3.1421 (delta +0.2567) size 313.4 MB sparsity 18.8%
gen 15 offspring [4/100] k= 17 (used  17.0) c=0.875 alpha=-0.221 beta=+0.218 | loss 3.4429 (delta +0.5575) size 259.0 MB sparsity 20.5%
gen 15 offspring [5/100] k= 18 (used  18.0) c=0.865 alpha=-0.033 beta=+0.031 | loss 3.3864 (delta +0.5010) size 306.8 MB sparsity 19.0%
gen 15 offspring [6/100] k= 31 (used  31.0) c=0.980 alpha=-0.206 beta=+0.237 | loss 3.1391 (delta +0.2537) size 309.2 MB sparsity 18.9%
gen 15 offspring [7/100] k= 17 (used  17.0) c=0.976 alpha=-0.368 beta=+0.263 | loss 3.7657 (delta +0.8804) size 242.3 MB sparsity 27.3%
gen 15 offspring [8/100] k= 16 (used  16.0) c=0.871 alpha=-0.307 beta=+0.238 | loss 3.6876 (delta +0.8023) size 245.8 MB sparsity 24.7%
gen 15 offspring [9/100] k= 16 (used  16.0) c=0.865 alpha=-0.280 beta=+0.046 | loss 3.6071 (delta +0.7218) size 246.4 MB sparsity 23.2%
gen 15 offspring [10/100] k=144 (used 142.2) c=0.993 alpha=-0.185 beta=+0.218 | loss 3.0035 (delta +0.1182) size 473.8 MB sparsity 16.8%
gen 15 offspring [11/100] k= 17 (used  17.0) c=0.865 alpha=-0.216 beta=+0.257 | loss 3.4469 (delta +0.5615) size 256.7 MB sparsity 21.5%
gen 15 offspring [12/100] k= 33 (used  33.0) c=0.965 alpha=-0.194 beta=+0.193 | loss 3.0713 (delta +0.1859) size 320.3 MB sparsity 16.6%
gen 15 offspring [13/100] k= 16 (used  16.0) c=0.849 alpha=-0.226 beta=+0.186 | loss 3.5082 (delta +0.6228) size 246.8 MB sparsity 21.5%
gen 15 offspring [14/100] k= 50 (used  49.0) c=0.993 alpha=-0.226 beta=+0.109 | loss 3.0020 (delta +0.1166) size 371.5 MB sparsity 14.3%
gen 15 offspring [15/100] k= 16 (used  15.0) c=0.968 alpha=-0.412 beta=+0.298 | loss 4.2087 (delta +1.3234) size 234.5 MB sparsity 30.5%
gen 15 offspring [16/100] k= 18 (used  18.0) c=0.909 alpha=-0.351 beta=+0.007 | loss 3.6866 (delta +0.8013) size 295.4 MB sparsity 24.7%
gen 15 offspring [17/100] k= 34 (used  34.0) c=0.872 alpha=-0.017 beta=+0.009 | loss 3.0014 (delta +0.1161) size 371.5 MB sparsity 9.8%
gen 15 offspring [18/100] k= 19 (used  19.0) c=0.975 alpha=-0.390 beta=+0.120 | loss 3.6505 (delta +0.7652) size 292.5 MB sparsity 25.6%
gen 15 offspring [19/100] k= 89 (used  89.0) c=0.981 alpha=-0.045 beta=+0.111 | loss 2.9110 (delta +0.0257) size 433.3 MB sparsity 6.8%
gen 15 offspring [20/100] k= 33 (used  33.0) c=0.979 alpha=-0.091 beta=+0.058 | loss 2.9978 (delta +0.1124) size 337.7 MB sparsity 10.9%
gen 15 offspring [21/100] k= 25 (used  25.0) c=0.976 alpha=-0.061 beta=+0.081 | loss 3.1162 (delta +0.2308) size 309.6 MB sparsity 14.4%
gen 15 offspring [22/100] k= 17 (used  17.0) c=0.948 alpha=-0.222 beta=+0.299 | loss 3.5917 (delta +0.7063) size 251.3 MB sparsity 23.7%
gen 15 offspring [23/100] k= 34 (used  34.0) c=0.849 alpha=-0.141 beta=+0.257 | loss 3.1063 (delta +0.2209) size 369.6 MB sparsity 17.0%
gen 15 offspring [24/100] k= 17 (used  17.0) c=0.976 alpha=-0.425 beta=+0.242 | loss 3.8780 (delta +0.9926) size 238.7 MB sparsity 28.8%
gen 15 offspring [25/100] k= 34 (used  33.0) c=0.970 alpha=-0.219 beta=+0.299 | loss 3.2025 (delta +0.3171) size 304.5 MB sparsity 21.7%
gen 15 offspring [26/100] k= 16 (used  16.0) c=0.874 alpha=-0.350 beta=+0.046 | loss 3.7290 (delta +0.8437) size 244.8 MB sparsity 25.7%
gen 15 offspring [27/100] k=123 (used 122.7) c=0.991 alpha=-0.216 beta=+0.042 | loss 2.9390 (delta +0.0536) size 433.3 MB sparsity 10.9%
gen 15 offspring [28/100] k= 50 (used  49.0) c=0.992 alpha=-0.225 beta=+0.058 | loss 2.9851 (delta +0.0998) size 371.5 MB sparsity 13.1%
gen 15 offspring [29/100] k= 16 (used  16.0) c=0.865 alpha=-0.310 beta=+0.040 | loss 3.6567 (delta +0.7713) size 245.9 MB sparsity 24.2%
gen 15 offspring [30/100] k= 16 (used  16.0) c=0.859 alpha=-0.207 beta=+0.179 | loss 3.5635 (delta +0.6781) size 246.7 MB sparsity 21.5%
gen 15 offspring [31/100] k= 34 (used  33.0) c=0.976 alpha=-0.221 beta=+0.257 | loss 3.1510 (delta +0.2656) size 309.3 MB sparsity 20.1%
gen 15 offspring [32/100] k= 32 (used  32.0) c=0.848 alpha=-0.025 beta=+0.212 | loss 3.0586 (delta +0.1732) size 309.8 MB sparsity 14.0%
gen 15 offspring [33/100] k= 62 (used  62.0) c=0.932 alpha=-0.091 beta=+0.093 | loss 2.9291 (delta +0.0437) size 371.5 MB sparsity 8.0%
gen 15 offspring [34/100] k= 17 (used  17.0) c=0.931 alpha=-0.391 beta=+0.043 | loss 3.7820 (delta +0.8966) size 244.6 MB sparsity 26.4%
gen 15 offspring [35/100] k= 57 (used  56.9) c=0.941 alpha=-0.024 beta=+0.311 | loss 3.0780 (delta +0.1927) size 371.0 MB sparsity 15.8%
gen 15 offspring [36/100] k= 26 (used  26.0) c=0.953 alpha=-0.272 beta=+0.144 | loss 3.1937 (delta +0.3083) size 308.6 MB sparsity 18.7%
gen 15 offspring [37/100] k= 17 (used  17.0) c=0.849 alpha=-0.432 beta=+0.217 | loss 3.8321 (delta +0.9468) size 241.3 MB sparsity 27.7%
gen 15 offspring [38/100] k= 16 (used  15.0) c=0.953 alpha=-0.068 beta=+0.125 | loss 3.7895 (delta +0.9041) size 245.4 MB sparsity 23.6%
gen 15 offspring [39/100] k= 41 (used  41.0) c=0.910 alpha=-0.350 beta=+0.212 | loss 3.2899 (delta +0.4046) size 347.1 MB sparsity 23.3%
gen 15 offspring [40/100] k= 17 (used  17.0) c=0.985 alpha=-0.362 beta=+0.120 | loss 3.7186 (delta +0.8332) size 245.7 MB sparsity 26.0%
gen 15 offspring [41/100] k= 34 (used  34.0) c=0.939 alpha=-0.250 beta=+0.111 | loss 3.0749 (delta +0.1896) size 370.4 MB sparsity 15.9%
gen 15 offspring [42/100] k= 18 (used  17.0) c=0.975 alpha=-0.216 beta=+0.120 | loss 3.5080 (delta +0.6226) size 256.8 MB sparsity 21.5%
gen 15 offspring [43/100] k= 17 (used  17.0) c=0.848 alpha=-0.025 beta=+0.211 | loss 3.3774 (delta +0.4920) size 262.2 MB sparsity 19.2%
gen 15 offspring [44/100] k= 17 (used  17.0) c=0.890 alpha=-0.201 beta=+0.237 | loss 3.4423 (delta +0.5570) size 258.4 MB sparsity 20.8%
gen 15 offspring [45/100] k= 32 (used  32.0) c=0.866 alpha=-0.190 beta=+0.215 | loss 3.1142 (delta +0.2288) size 309.7 MB sparsity 17.3%
gen 15 offspring [46/100] k= 17 (used  17.0) c=0.976 alpha=-0.377 beta=+0.008 | loss 3.7155 (delta +0.8301) size 244.6 MB sparsity 26.4%
gen 15 offspring [47/100] k= 34 (used  33.0) c=0.978 alpha=-0.216 beta=+0.310 | loss 3.2056 (delta +0.3202) size 303.6 MB sparsity 22.0%
gen 15 offspring [48/100] k= 52 (used  52.0) c=0.965 alpha=-0.177 beta=+0.054 | loss 2.9607 (delta +0.0754) size 371.5 MB sparsity 10.9%
gen 15 offspring [49/100] k= 17 (used  17.0) c=0.985 alpha=-0.390 beta=+0.120 | loss 3.7812 (delta +0.8958) size 243.3 MB sparsity 26.9%
gen 15 offspring [50/100] k= 16 (used  16.0) c=0.847 alpha=-0.201 beta=+0.212 | loss 3.5130 (delta +0.6276) size 246.8 MB sparsity 21.4%
gen 15 offspring [51/100] k= 29 (used  29.0) c=0.946 alpha=-0.055 beta=+0.224 | loss 3.0774 (delta +0.1921) size 309.7 MB sparsity 15.6%
gen 15 offspring [52/100] k= 16 (used  16.0) c=0.880 alpha=-0.225 beta=+0.008 | loss 3.6150 (delta +0.7296) size 246.5 MB sparsity 22.1%
gen 15 offspring [53/100] k= 17 (used  17.0) c=0.906 alpha=-0.228 beta=+0.214 | loss 3.4694 (delta +0.5841) size 258.0 MB sparsity 21.0%
gen 15 offspring [54/100] k= 37 (used  37.0) c=0.907 alpha=-0.022 beta=+0.036 | loss 2.9703 (delta +0.0849) size 371.5 MB sparsity 9.0%
gen 15 offspring [55/100] k= 17 (used  17.0) c=0.856 alpha=-0.042 beta=+0.042 | loss 3.3865 (delta +0.5011) size 263.4 MB sparsity 18.8%
gen 15 offspring [56/100] k= 17 (used  17.0) c=0.859 alpha=-0.337 beta=+0.214 | loss 3.6102 (delta +0.7248) size 250.0 MB sparsity 24.2%
gen 15 offspring [57/100] k= 16 (used  16.0) c=0.849 alpha=-0.206 beta=+0.179 | loss 3.5030 (delta +0.6177) size 246.8 MB sparsity 21.3%
gen 15 offspring [58/100] k= 17 (used  17.0) c=0.866 alpha=-0.217 beta=+0.152 | loss 3.4062 (delta +0.5209) size 261.2 MB sparsity 19.7%
gen 15 offspring [59/100] k= 17 (used  17.0) c=0.889 alpha=-0.146 beta=+0.228 | loss 3.4136 (delta +0.5283) size 259.7 MB sparsity 20.3%
gen 15 offspring [60/100] k= 33 (used  33.0) c=0.975 alpha=-0.193 beta=+0.007 | loss 3.0220 (delta +0.1366) size 329.1 MB sparsity 13.7%
gen 15 offspring [61/100] k= 33 (used  33.0) c=0.978 alpha=-0.409 beta=+0.218 | loss 3.3970 (delta +0.5116) size 291.6 MB sparsity 25.9%
gen 15 offspring [62/100] k= 16 (used  16.0) c=0.865 alpha=-0.316 beta=+0.006 | loss 3.6702 (delta +0.7848) size 245.8 MB sparsity 24.4%
gen 15 offspring [63/100] k=126 (used 126.0) c=0.956 alpha=-0.130 beta=+0.042 | loss 2.9093 (delta +0.0239) size 433.3 MB sparsity 7.3%
gen 15 offspring [64/100] k= 30 (used  30.0) c=0.951 alpha=-0.023 beta=+0.125 | loss 3.0488 (delta +0.1635) size 309.8 MB sparsity 12.3%
gen 15 offspring [65/100] k= 84 (used  83.3) c=0.914 alpha=-0.414 beta=+0.169 | loss 3.2885 (delta +0.4031) size 392.0 MB sparsity 23.8%
gen 15 offspring [66/100] k= 35 (used  35.0) c=0.976 alpha=-0.420 beta=+0.068 | loss 3.2931 (delta +0.4077) size 351.3 MB sparsity 22.1%
gen 15 offspring [67/100] k= 16 (used  16.0) c=0.905 alpha=-0.350 beta=+0.257 | loss 3.8561 (delta +0.9708) size 243.4 MB sparsity 26.9%
gen 15 offspring [68/100] k= 17 (used  17.0) c=0.944 alpha=-0.424 beta=+0.187 | loss 3.8363 (delta +0.9510) size 241.3 MB sparsity 27.7%
gen 15 offspring [69/100] k= 16 (used  15.0) c=0.976 alpha=-0.382 beta=+0.120 | loss 4.0892 (delta +1.2039) size 240.3 MB sparsity 28.2%
gen 15 offspring [70/100] k= 29 (used  29.0) c=0.985 alpha=-0.043 beta=+0.267 | loss 3.1240 (delta +0.2387) size 309.3 MB sparsity 17.5%
gen 15 offspring [71/100] k= 30 (used  29.0) c=0.981 alpha=-0.128 beta=+0.094 | loss 3.0552 (delta +0.1698) size 309.8 MB sparsity 12.7%
gen 15 offspring [72/100] k= 16 (used  16.0) c=0.865 alpha=-0.216 beta=+0.257 | loss 3.5613 (delta +0.6759) size 246.5 MB sparsity 22.7%
gen 15 offspring [73/100] k= 16 (used  16.0) c=0.861 alpha=-0.218 beta=+0.030 | loss 3.5467 (delta +0.6613) size 246.7 MB sparsity 21.6%
gen 15 offspring [74/100] k= 27 (used  27.0) c=0.896 alpha=-0.386 beta=+0.212 | loss 3.3854 (delta +0.5000) size 294.8 MB sparsity 24.8%
gen 15 offspring [75/100] k= 17 (used  17.0) c=0.991 alpha=-0.404 beta=+0.267 | loss 3.8545 (delta +0.9691) size 238.7 MB sparsity 28.8%
gen 15 offspring [76/100] k= 36 (used  36.0) c=0.907 alpha=-0.062 beta=+0.087 | loss 2.9826 (delta +0.0972) size 371.5 MB sparsity 9.6%
gen 15 offspring [77/100] k= 17 (used  17.0) c=0.998 alpha=-0.195 beta=+0.160 | loss 3.5476 (delta +0.6623) size 256.1 MB sparsity 21.7%
gen 15 offspring [78/100] k= 33 (used  33.0) c=0.914 alpha=-0.072 beta=+0.122 | loss 3.0127 (delta +0.1274) size 338.2 MB sparsity 10.8%
gen 15 offspring [79/100] k= 18 (used  17.0) c=0.976 alpha=-0.390 beta=+0.121 | loss 3.7608 (delta +0.8754) size 243.5 MB sparsity 26.8%
gen 15 offspring [80/100] k= 33 (used  33.0) c=0.905 alpha=-0.350 beta=+0.298 | loss 3.4010 (delta +0.5157) size 289.0 MB sparsity 26.7%
gen 15 offspring [81/100] k= 34 (used  34.0) c=0.872 alpha=-0.326 beta=+0.121 | loss 3.1803 (delta +0.2950) size 362.8 MB sparsity 19.0%
gen 15 offspring [82/100] k= 37 (used  37.0) c=0.949 alpha=-0.038 beta=+0.040 | loss 2.9758 (delta +0.0904) size 371.5 MB sparsity 9.5%
gen 15 offspring [83/100] k= 18 (used  18.0) c=0.858 alpha=-0.134 beta=+0.106 | loss 3.3815 (delta +0.4961) size 307.0 MB sparsity 18.8%
gen 15 offspring [84/100] k= 16 (used  16.0) c=0.882 alpha=-0.179 beta=+0.061 | loss 3.6042 (delta +0.7188) size 246.4 MB sparsity 21.9%
gen 15 offspring [85/100] k= 86 (used  85.8) c=0.967 alpha=-0.131 beta=+0.296 | loss 3.0382 (delta +0.1528) size 418.5 MB sparsity 17.7%
gen 15 offspring [86/100] k= 16 (used  16.0) c=0.874 alpha=-0.390 beta=+0.248 | loss 3.8332 (delta +0.9478) size 241.2 MB sparsity 27.8%
gen 15 offspring [87/100] k= 31 (used  31.0) c=0.948 alpha=-0.150 beta=+0.224 | loss 3.0620 (delta +0.1767) size 309.8 MB sparsity 16.2%
gen 15 offspring [88/100] k= 16 (used  15.0) c=0.980 alpha=-0.320 beta=+0.006 | loss 3.9907 (delta +1.1053) size 243.9 MB sparsity 26.2%
gen 15 offspring [89/100] k= 33 (used  33.0) c=0.872 alpha=-0.017 beta=+0.009 | loss 3.0070 (delta +0.1217) size 341.4 MB sparsity 9.8%
gen 15 offspring [90/100] k= 36 (used  36.0) c=0.858 alpha=-0.228 beta=+0.214 | loss 3.1536 (delta +0.2683) size 364.4 MB sparsity 18.6%
gen 15 offspring [91/100] k= 27 (used  27.0) c=0.984 alpha=-0.058 beta=+0.261 | loss 3.1630 (delta +0.2777) size 309.1 MB sparsity 17.8%
gen 15 offspring [92/100] k= 16 (used  15.0) c=0.968 alpha=-0.307 beta=+0.025 | loss 3.9972 (delta +1.1118) size 244.5 MB sparsity 25.6%
gen 15 offspring [93/100] k= 18 (used  17.0) c=0.992 alpha=-0.211 beta=+0.120 | loss 3.5311 (delta +0.6457) size 256.2 MB sparsity 21.7%
gen 15 offspring [94/100] k= 29 (used  29.0) c=0.903 alpha=-0.272 beta=+0.148 | loss 3.1378 (delta +0.2525) size 309.4 MB sparsity 18.1%
gen 15 offspring [95/100] k= 32 (used  31.0) c=0.978 alpha=-0.339 beta=+0.267 | loss 3.3827 (delta +0.4974) size 293.8 MB sparsity 25.2%
gen 15 offspring [96/100] k= 18 (used  18.0) c=0.918 alpha=-0.389 beta=+0.178 | loss 3.7791 (delta +0.8937) size 290.7 MB sparsity 26.2%
gen 15 offspring [97/100] k= 17 (used  17.0) c=0.941 alpha=-0.195 beta=+0.043 | loss 3.4663 (delta +0.5810) size 258.9 MB sparsity 20.6%
gen 15 offspring [98/100] k= 34 (used  34.0) c=0.865 alpha=-0.251 beta=+0.341 | loss 3.3621 (delta +0.4767) size 342.6 MB sparsity 24.5%
gen 15 offspring [99/100] k= 50 (used  48.9) c=0.987 alpha=-0.405 beta=+0.101 | loss 3.2286 (delta +0.3433) size 355.6 MB sparsity 21.0%
gen 15 offspring [100/100] k= 63 (used  63.0) c=0.919 alpha=-0.038 beta=+0.087 | loss 2.9224 (delta +0.0371) size 371.5 MB sparsity 6.5%
=== generation 15/50 done in 461s (0 reused), batch baseline 2.8854, HV 0.36299, front 100 points, 100/100 feasible, best delta loss +0.0063, smallest 238.7 MB
gen 16 offspring [1/100] k= 32 (used  32.0) c=0.914 alpha=-0.350 beta=+0.213 | loss 3.2692 (delta +0.3838) size 299.1 MB sparsity 23.4%
gen 16 offspring [2/100] k= 36 (used  36.0) c=0.890 alpha=-0.176 beta=+0.013 | loss 2.9987 (delta +0.1134) size 371.5 MB sparsity 12.2%
gen 16 offspring [3/100] k= 18 (used  18.0) c=0.849 alpha=-0.185 beta=+0.191 | loss 3.3575 (delta +0.4721) size 307.1 MB sparsity 19.0%
gen 16 offspring [4/100] k= 31 (used  31.0) c=0.915 alpha=-0.280 beta=+0.173 | loss 3.1309 (delta +0.2455) size 309.1 MB sparsity 19.2%
gen 16 offspring [5/100] k= 29 (used  29.0) c=0.829 alpha=-0.133 beta=+0.079 | loss 3.0359 (delta +0.1506) size 309.8 MB sparsity 11.4%
gen 16 offspring [6/100] k= 16 (used  15.0) c=0.976 alpha=-0.367 beta=+0.120 | loss 4.0703 (delta +1.1849) size 241.5 MB sparsity 27.7%
gen 16 offspring [7/100] k= 32 (used  32.0) c=0.933 alpha=-0.067 beta=+0.098 | loss 3.0080 (delta +0.1226) size 309.8 MB sparsity 11.1%
gen 16 offspring [8/100] k= 33 (used  33.0) c=0.976 alpha=-0.410 beta=+0.289 | loss 3.4919 (delta +0.6066) size 283.0 MB sparsity 28.7%
gen 16 offspring [9/100] k= 40 (used  39.0) c=0.976 alpha=-0.272 beta=+0.127 | loss 3.0893 (delta +0.2040) size 369.5 MB sparsity 17.0%
gen 16 offspring [10/100] k= 19 (used  19.0) c=0.862 alpha=-0.044 beta=+0.042 | loss 3.2767 (delta +0.3914) size 308.5 MB sparsity 16.9%
gen 16 offspring [11/100] k= 33 (used  33.0) c=0.942 alpha=-0.196 beta=+0.187 | loss 3.0755 (delta +0.1901) size 320.7 MB sparsity 16.5%
gen 16 offspring [12/100] k= 16 (used  16.0) c=0.861 alpha=-0.229 beta=+0.018 | loss 3.5531 (delta +0.6678) size 246.7 MB sparsity 21.8%
gen 16 offspring [13/100] k= 16 (used  16.0) c=0.864 alpha=-0.282 beta=+0.008 | loss 3.6158 (delta +0.7305) size 246.3 MB sparsity 23.3%
gen 16 offspring [14/100] k= 33 (used  33.0) c=0.991 alpha=-0.291 beta=+0.276 | loss 3.2904 (delta +0.4051) size 298.6 MB sparsity 23.6%
gen 16 offspring [15/100] k= 17 (used  17.0) c=0.979 alpha=-0.365 beta=+0.263 | loss 3.7504 (delta +0.8650) size 242.6 MB sparsity 27.2%
gen 16 offspring [16/100] k= 29 (used  29.0) c=0.987 alpha=-0.244 beta=+0.326 | loss 3.3346 (delta +0.4492) size 297.9 MB sparsity 23.9%
gen 16 offspring [17/100] k= 32 (used  32.0) c=0.872 alpha=-0.017 beta=+0.009 | loss 3.0042 (delta +0.1188) size 309.8 MB sparsity 10.4%
gen 16 offspring [18/100] k= 16 (used  15.0) c=0.978 alpha=-0.377 beta=+0.008 | loss 4.0766 (delta +1.1913) size 240.6 MB sparsity 28.0%
gen 16 offspring [19/100] k= 18 (used  17.0) c=0.976 alpha=-0.514 beta=+0.042 | loss 18.6629 (delta +15.7776) size 232.7 MB sparsity 31.2%
gen 16 offspring [20/100] k= 17 (used  17.0) c=1.000 alpha=-0.226 beta=+0.104 | loss 3.5497 (delta +0.6644) size 255.5 MB sparsity 22.0%
gen 16 offspring [21/100] k= 16 (used  16.0) c=0.874 alpha=-0.183 beta=+0.212 | loss 3.5639 (delta +0.6785) size 246.6 MB sparsity 21.8%
gen 16 offspring [22/100] k= 32 (used  32.0) c=0.859 alpha=-0.224 beta=+0.213 | loss 3.1659 (delta +0.2805) size 309.5 MB sparsity 18.5%
gen 16 offspring [23/100] k= 20 (used  20.0) c=0.865 alpha=-0.212 beta=+0.124 | loss 3.2883 (delta +0.4029) size 308.2 MB sparsity 18.1%
gen 16 offspring [24/100] k= 16 (used  16.0) c=0.863 alpha=-0.273 beta=+0.030 | loss 3.6121 (delta +0.7268) size 246.5 MB sparsity 22.9%
gen 16 offspring [25/100] k= 33 (used  33.0) c=0.951 alpha=-0.023 beta=+0.125 | loss 3.0028 (delta +0.1175) size 337.0 MB sparsity 11.2%
gen 16 offspring [26/100] k= 16 (used  16.0) c=0.849 alpha=-0.141 beta=+0.254 | loss 3.5214 (delta +0.6361) size 246.7 MB sparsity 22.2%
gen 16 offspring [27/100] k= 16 (used  16.0) c=0.865 alpha=-0.370 beta=+0.174 | loss 3.7604 (delta +0.8750) size 244.2 MB sparsity 26.3%
gen 16 offspring [28/100] k= 16 (used  15.0) c=0.979 alpha=-0.216 beta=+0.113 | loss 3.8769 (delta +0.9915) size 244.9 MB sparsity 24.2%
gen 16 offspring [29/100] k= 29 (used  29.0) c=0.907 alpha=-0.222 beta=+0.299 | loss 3.2323 (delta +0.3470) size 304.0 MB sparsity 21.9%
gen 16 offspring [30/100] k= 17 (used  17.0) c=0.855 alpha=-0.422 beta=+0.298 | loss 3.9388 (delta +1.0535) size 235.7 MB sparsity 30.0%
gen 16 offspring [31/100] k= 30 (used  29.0) c=0.985 alpha=-0.071 beta=+0.267 | loss 3.1240 (delta +0.2387) size 309.3 MB sparsity 17.5%
gen 16 offspring [32/100] k= 17 (used  17.0) c=0.966 alpha=-0.259 beta=+0.296 | loss 3.6173 (delta +0.7320) size 249.0 MB sparsity 24.6%
gen 16 offspring [33/100] k=129 (used 129.0) c=0.978 alpha=-0.043 beta=+0.036 | loss 2.8980 (delta +0.0127) size 479.7 MB sparsity 3.5%
gen 16 offspring [34/100] k= 29 (used  29.0) c=0.896 alpha=-0.325 beta=+0.281 | loss 3.3732 (delta +0.4878) size 293.9 MB sparsity 25.1%
gen 16 offspring [35/100] k= 17 (used  17.0) c=0.889 alpha=-0.146 beta=+0.227 | loss 3.4101 (delta +0.5247) size 259.7 MB sparsity 20.3%
gen 16 offspring [36/100] k= 16 (used  16.0) c=0.865 alpha=-0.209 beta=+0.032 | loss 3.5481 (delta +0.6627) size 246.6 MB sparsity 21.6%
gen 16 offspring [37/100] k= 79 (used  79.0) c=0.992 alpha=-0.006 beta=+0.059 | loss 2.9094 (delta +0.0241) size 433.3 MB sparsity 5.0%
gen 16 offspring [38/100] k= 63 (used  62.7) c=0.976 alpha=-0.427 beta=+0.248 | loss 3.4737 (delta +0.5883) size 331.1 MB sparsity 27.6%
gen 16 offspring [39/100] k= 29 (used  29.0) c=0.907 alpha=-0.249 beta=+0.151 | loss 3.1162 (delta +0.2309) size 309.7 MB sparsity 17.3%
gen 16 offspring [40/100] k= 32 (used  32.0) c=0.910 alpha=-0.357 beta=+0.212 | loss 3.2862 (delta +0.4008) size 298.5 MB sparsity 23.7%
gen 16 offspring [41/100] k= 31 (used  31.0) c=0.874 alpha=-0.280 beta=+0.046 | loss 3.1049 (delta +0.2196) size 309.7 MB sparsity 16.9%
gen 16 offspring [42/100] k= 37 (used  37.0) c=0.997 alpha=-0.414 beta=+0.163 | loss 3.3932 (delta +0.5078) size 344.8 MB sparsity 23.9%
gen 16 offspring [43/100] k= 38 (used  38.0) c=0.968 alpha=-0.180 beta=+0.320 | loss 3.2170 (delta +0.3317) size 355.9 MB sparsity 20.9%
gen 16 offspring [44/100] k= 20 (used  20.0) c=0.836 alpha=-0.169 beta=+0.300 | loss 3.3764 (delta +0.4911) size 305.9 MB sparsity 21.1%
gen 16 offspring [45/100] k= 29 (used  29.0) c=0.981 alpha=-0.091 beta=+0.092 | loss 3.0542 (delta +0.1688) size 309.8 MB sparsity 12.5%
gen 16 offspring [46/100] k= 16 (used  16.0) c=0.864 alpha=-0.209 beta=+0.031 | loss 3.5514 (delta +0.6660) size 246.7 MB sparsity 21.6%
gen 16 offspring [47/100] k= 17 (used  17.0) c=0.975 alpha=-0.412 beta=+0.004 | loss 3.8156 (delta +0.9302) size 241.5 MB sparsity 27.6%
gen 16 offspring [48/100] k= 29 (used  29.0) c=0.968 alpha=-0.320 beta=+0.313 | loss 3.4350 (delta +0.5496) size 290.5 MB sparsity 26.2%
gen 16 offspring [49/100] k= 16 (used  15.0) c=0.933 alpha=-0.054 beta=+0.260 | loss 3.7319 (delta +0.8465) size 245.6 MB sparsity 23.8%
gen 16 offspring [50/100] k= 34 (used  34.0) c=0.947 alpha=-0.155 beta=+0.224 | loss 3.0752 (delta +0.1898) size 370.4 MB sparsity 16.3%
gen 16 offspring [51/100] k= 17 (used  17.0) c=0.984 alpha=-0.222 beta=+0.242 | loss 3.5439 (delta +0.6585) size 254.6 MB sparsity 22.4%
gen 16 offspring [52/100] k= 40 (used  40.0) c=0.956 alpha=-0.030 beta=+0.288 | loss 3.0811 (delta +0.1957) size 370.0 MB sparsity 16.5%
gen 16 offspring [53/100] k= 34 (used  33.0) c=0.978 alpha=-0.160 beta=+0.382 | loss 3.2573 (delta +0.3719) size 301.7 MB sparsity 22.6%
gen 16 offspring [54/100] k=122 (used 119.9) c=0.994 alpha=-0.306 beta=+0.241 | loss 3.1770 (delta +0.2916) size 397.4 MB sparsity 22.6%
gen 16 offspring [55/100] k= 17 (used  17.0) c=0.978 alpha=-0.422 beta=+0.249 | loss 3.8604 (delta +0.9750) size 238.5 MB sparsity 28.9%
gen 16 offspring [56/100] k= 63 (used  63.0) c=0.898 alpha=-0.061 beta=+0.070 | loss 2.9218 (delta +0.0364) size 371.5 MB sparsity 6.1%
gen 16 offspring [57/100] k= 26 (used  26.0) c=0.877 alpha=-0.350 beta=+0.107 | loss 3.2810 (delta +0.3956) size 306.5 MB sparsity 20.9%
gen 16 offspring [58/100] k= 16 (used  16.0) c=0.865 alpha=-0.316 beta=+0.033 | loss 3.6804 (delta +0.7951) size 245.8 MB sparsity 24.4%
gen 16 offspring [59/100] k= 32 (used  31.0) c=0.978 alpha=-0.216 beta=+0.200 | loss 3.1087 (delta +0.2234) size 309.6 MB sparsity 17.8%
gen 16 offspring [60/100] k= 20 (used  20.0) c=0.863 alpha=-0.217 beta=+0.274 | loss 3.3716 (delta +0.4862) size 305.2 MB sparsity 21.5%
gen 16 offspring [61/100] k= 88 (used  88.0) c=0.966 alpha=-0.132 beta=+0.105 | loss 2.9230 (delta +0.0377) size 433.3 MB sparsity 10.0%
gen 16 offspring [62/100] k= 29 (used  29.0) c=0.985 alpha=-0.048 beta=+0.267 | loss 3.1241 (delta +0.2387) size 309.3 MB sparsity 17.5%
gen 16 offspring [63/100] k= 29 (used  29.0) c=0.938 alpha=-0.005 beta=+0.286 | loss 3.1302 (delta +0.2449) size 309.3 MB sparsity 17.9%
gen 16 offspring [64/100] k=151 (used 150.9) c=0.983 alpha=-0.034 beta=+0.123 | loss 2.9022 (delta +0.0168) size 495.0 MB sparsity 6.7%
gen 16 offspring [65/100] k= 50 (used  50.0) c=0.839 alpha=-0.227 beta=+0.210 | loss 3.1012 (delta +0.2158) size 365.6 MB sparsity 18.3%
gen 16 offspring [66/100] k= 17 (used  17.0) c=0.858 alpha=-0.281 beta=+0.076 | loss 3.4872 (delta +0.6018) size 256.5 MB sparsity 21.6%
gen 16 offspring [67/100] k= 16 (used  16.0) c=0.905 alpha=-0.351 beta=+0.258 | loss 3.8613 (delta +0.9760) size 243.4 MB sparsity 26.9%
gen 16 offspring [68/100] k= 18 (used  17.0) c=0.976 alpha=-0.371 beta=+0.252 | loss 3.7412 (delta +0.8559) size 242.8 MB sparsity 27.1%
gen 16 offspring [69/100] k= 17 (used  17.0) c=0.848 alpha=-0.025 beta=+0.198 | loss 3.3748 (delta +0.4895) size 263.0 MB sparsity 19.0%
gen 16 offspring [70/100] k= 16 (used  15.0) c=0.976 alpha=-0.392 beta=+0.066 | loss 4.0810 (delta +1.1956) size 239.5 MB sparsity 28.5%
gen 16 offspring [71/100] k= 17 (used  17.0) c=0.976 alpha=-0.377 beta=+0.071 | loss 3.7155 (delta +0.8301) size 244.6 MB sparsity 26.4%
gen 16 offspring [72/100] k= 17 (used  17.0) c=0.976 alpha=-0.424 beta=+0.019 | loss 3.8425 (delta +0.9572) size 240.5 MB sparsity 28.1%
gen 16 offspring [73/100] k= 35 (used  35.0) c=0.871 alpha=-0.315 beta=+0.318 | loss 3.4065 (delta +0.5211) size 336.6 MB sparsity 26.1%
gen 16 offspring [74/100] k= 28 (used  27.0) c=0.969 alpha=-0.350 beta=+0.065 | loss 3.2969 (delta +0.4115) size 306.2 MB sparsity 21.1%
gen 16 offspring [75/100] k=137 (used 137.0) c=1.000 alpha=-0.042 beta=+0.042 | loss 2.8944 (delta +0.0091) size 495.0 MB sparsity 3.7%
gen 16 offspring [76/100] k= 34 (used  33.0) c=0.972 alpha=-0.259 beta=+0.161 | loss 3.1026 (delta +0.2173) size 316.1 MB sparsity 18.0%
gen 16 offspring [77/100] k= 17 (used  17.0) c=0.976 alpha=-0.404 beta=+0.070 | loss 3.7945 (delta +0.9092) size 242.3 MB sparsity 27.3%
gen 16 offspring [78/100] k= 32 (used  31.0) c=0.975 alpha=-0.402 beta=+0.012 | loss 3.3211 (delta +0.4357) size 303.1 MB sparsity 22.2%
gen 16 offspring [79/100] k= 29 (used  29.0) c=0.946 alpha=-0.011 beta=+0.042 | loss 3.0430 (delta +0.1576) size 309.8 MB sparsity 12.1%
gen 16 offspring [80/100] k= 17 (used  17.0) c=0.976 alpha=-0.365 beta=+0.003 | loss 3.7048 (delta +0.8194) size 245.7 MB sparsity 26.0%
gen 16 offspring [81/100] k= 27 (used  27.0) c=0.941 alpha=-0.005 beta=+0.312 | loss 3.2017 (delta +0.3163) size 308.3 MB sparsity 19.4%
gen 16 offspring [82/100] k= 33 (used  33.0) c=0.953 alpha=-0.068 beta=+0.124 | loss 3.0013 (delta +0.1159) size 337.0 MB sparsity 11.2%
gen 16 offspring [83/100] k= 18 (used  18.0) c=0.865 alpha=-0.316 beta=+0.006 | loss 3.5348 (delta +0.6495) size 300.8 MB sparsity 22.9%
gen 16 offspring [84/100] k= 17 (used  17.0) c=0.907 alpha=-0.059 beta=+0.081 | loss 3.4457 (delta +0.5604) size 260.8 MB sparsity 19.8%
gen 16 offspring [85/100] k= 70 (used  69.0) c=0.998 alpha=-0.042 beta=+0.049 | loss 2.9152 (delta +0.0299) size 433.3 MB sparsity 5.3%
gen 16 offspring [86/100] k= 33 (used  33.0) c=0.979 alpha=-0.091 beta=+0.102 | loss 2.9983 (delta +0.1129) size 337.6 MB sparsity 11.0%
gen 16 offspring [87/100] k= 16 (used  16.0) c=0.912 alpha=-0.204 beta=+0.163 | loss 3.6980 (delta +0.8127) size 246.0 MB sparsity 22.6%
gen 16 offspring [88/100] k= 32 (used  32.0) c=0.873 alpha=-0.017 beta=+0.009 | loss 3.0044 (delta +0.1190) size 309.8 MB sparsity 10.4%
gen 16 offspring [89/100] k= 16 (used  16.0) c=0.892 alpha=-0.207 beta=+0.178 | loss 3.6377 (delta +0.7523) size 246.3 MB sparsity 22.2%
gen 16 offspring [90/100] k= 16 (used  16.0) c=0.855 alpha=-0.141 beta=+0.257 | loss 3.5417 (delta +0.6563) size 246.7 MB sparsity 22.4%
gen 16 offspring [91/100] k= 17 (used  17.0) c=0.859 alpha=-0.216 beta=+0.257 | loss 3.4491 (delta +0.5637) size 256.8 MB sparsity 21.5%
gen 16 offspring [92/100] k= 16 (used  15.0) c=0.987 alpha=-0.280 beta=+0.046 | loss 3.9508 (delta +1.0654) size 244.6 MB sparsity 25.2%
gen 16 offspring [93/100] k= 17 (used  17.0) c=0.976 alpha=-0.425 beta=+0.235 | loss 3.8664 (delta +0.9810) size 239.0 MB sparsity 28.6%
gen 16 offspring [94/100] k= 17 (used  17.0) c=0.979 alpha=-0.221 beta=+0.040 | loss 3.5103 (delta +0.6249) size 256.5 MB sparsity 21.6%
gen 16 offspring [95/100] k=137 (used 137.0) c=0.997 alpha=-0.042 beta=+0.042 | loss 2.8941 (delta +0.0087) size 495.0 MB sparsity 3.7%
gen 16 offspring [96/100] k= 32 (used  32.0) c=0.910 alpha=-0.348 beta=+0.203 | loss 3.2618 (delta +0.3765) size 300.7 MB sparsity 22.9%
gen 16 offspring [97/100] k= 50 (used  50.0) c=0.870 alpha=-0.226 beta=+0.101 | loss 3.0054 (delta +0.1201) size 371.5 MB sparsity 13.9%
gen 16 offspring [98/100] k= 16 (used  16.0) c=0.875 alpha=-0.216 beta=+0.258 | loss 3.5752 (delta +0.6898) size 246.5 MB sparsity 22.8%
gen 16 offspring [99/100] k= 17 (used  17.0) c=0.856 alpha=-0.393 beta=+0.214 | loss 3.7072 (delta +0.8218) size 245.0 MB sparsity 26.2%
gen 16 offspring [100/100] k= 29 (used  29.0) c=0.915 alpha=-0.272 beta=+0.229 | loss 3.2226 (delta +0.3373) size 306.3 MB sparsity 21.1%
=== generation 16/50 done in 461s (0 reused), batch baseline 2.8854, HV 0.36338, front 100 points, 100/100 feasible, best delta loss +0.0063, smallest 238.5 MB
gen 17 offspring [1/100] k=133 (used 133.0) c=0.992 alpha=-0.100 beta=+0.067 | loss 2.9015 (delta +0.0162) size 495.0 MB sparsity 7.1%
gen 17 offspring [2/100] k= 16 (used  15.0) c=0.976 alpha=-0.200 beta=+0.299 | loss 3.8941 (delta +1.0087) size 244.5 MB sparsity 25.5%
gen 17 offspring [3/100] k= 16 (used  16.0) c=0.872 alpha=-0.299 beta=+0.213 | loss 3.6592 (delta +0.7738) size 246.0 MB sparsity 24.0%
gen 17 offspring [4/100] k= 17 (used  17.0) c=0.976 alpha=-0.372 beta=+0.067 | loss 3.7072 (delta +0.8219) size 245.1 MB sparsity 26.2%
gen 17 offspring [5/100] k= 17 (used  17.0) c=0.875 alpha=-0.025 beta=+0.198 | loss 3.4036 (delta +0.5182) size 261.8 MB sparsity 19.4%
gen 17 offspring [6/100] k= 63 (used  62.9) c=0.987 alpha=-0.206 beta=+0.306 | loss 3.1448 (delta +0.2594) size 354.6 MB sparsity 21.2%
gen 17 offspring [7/100] k= 34 (used  33.0) c=0.976 alpha=-0.222 beta=+0.299 | loss 3.1956 (delta +0.3103) size 304.2 MB sparsity 21.8%
gen 17 offspring [8/100] k= 33 (used  33.0) c=0.962 alpha=-0.180 beta=+0.320 | loss 3.1736 (delta +0.2882) size 306.7 MB sparsity 21.0%
gen 17 offspring [9/100] k= 33 (used  33.0) c=0.844 alpha=-0.082 beta=+0.125 | loss 3.0052 (delta +0.1199) size 339.5 MB sparsity 10.4%
gen 17 offspring [10/100] k= 29 (used  29.0) c=0.910 alpha=-0.022 beta=+0.229 | loss 3.0701 (delta +0.1847) size 309.8 MB sparsity 15.5%
gen 17 offspring [11/100] k= 32 (used  32.0) c=0.873 alpha=-0.216 beta=+0.009 | loss 3.0467 (delta +0.1613) size 309.8 MB sparsity 14.4%
gen 17 offspring [12/100] k= 18 (used  17.0) c=0.985 alpha=-0.422 beta=+0.275 | loss 3.9093 (delta +1.0240) size 236.6 MB sparsity 29.6%
gen 17 offspring [13/100] k= 17 (used  17.0) c=0.890 alpha=-0.201 beta=+0.254 | loss 3.4541 (delta +0.5687) size 257.1 MB sparsity 21.3%
gen 17 offspring [14/100] k= 41 (used  41.0) c=0.990 alpha=-0.040 beta=+0.036 | loss 2.9621 (delta +0.0767) size 371.5 MB sparsity 8.9%
gen 17 offspring [15/100] k= 16 (used  16.0) c=0.865 alpha=-0.255 beta=+0.219 | loss 3.5807 (delta +0.6953) size 246.6 MB sparsity 22.7%
gen 17 offspring [16/100] k= 17 (used  17.0) c=0.978 alpha=-0.135 beta=+0.012 | loss 3.5063 (delta +0.6209) size 257.2 MB sparsity 21.3%
gen 17 offspring [17/100] k= 32 (used  32.0) c=0.875 alpha=-0.138 beta=+0.258 | loss 3.0979 (delta +0.2126) size 309.7 MB sparsity 17.0%
gen 17 offspring [18/100] k= 28 (used  27.0) c=0.968 alpha=-0.249 beta=+0.296 | loss 3.3618 (delta +0.4764) size 300.7 MB sparsity 22.9%
gen 17 offspring [19/100] k= 34 (used  33.0) c=0.978 alpha=-0.216 beta=+0.310 | loss 3.2055 (delta +0.3202) size 303.6 MB sparsity 22.0%
gen 17 offspring [20/100] k=126 (used 126.0) c=0.954 alpha=-0.133 beta=+0.042 | loss 2.9122 (delta +0.0269) size 433.3 MB sparsity 7.5%
gen 17 offspring [21/100] k= 50 (used  49.0) c=0.992 alpha=-0.024 beta=+0.101 | loss 2.9466 (delta +0.0613) size 371.5 MB sparsity 8.3%
gen 17 offspring [22/100] k= 17 (used  17.0) c=0.987 alpha=-0.244 beta=+0.326 | loss 3.6469 (delta +0.7616) size 247.0 MB sparsity 25.4%
gen 17 offspring [23/100] k= 16 (used  16.0) c=0.861 alpha=-0.141 beta=+0.257 | loss 3.5610 (delta +0.6756) size 246.6 MB sparsity 22.5%
gen 17 offspring [24/100] k= 17 (used  17.0) c=0.966 alpha=-0.281 beta=+0.105 | loss 3.5635 (delta +0.6782) size 253.1 MB sparsity 22.9%
gen 17 offspring [25/100] k= 32 (used  32.0) c=0.859 alpha=-0.027 beta=+0.003 | loss 3.0105 (delta +0.1252) size 309.8 MB sparsity 10.3%
gen 17 offspring [26/100] k= 28 (used  27.0) c=0.975 alpha=-0.378 beta=+0.308 | loss 3.5732 (delta +0.6879) size 284.2 MB sparsity 28.3%
gen 17 offspring [27/100] k= 16 (used  16.0) c=0.865 alpha=-0.316 beta=+0.012 | loss 3.6805 (delta +0.7952) size 245.8 MB sparsity 24.4%
gen 17 offspring [28/100] k= 16 (used  15.0) c=0.978 alpha=-0.132 beta=+0.226 | loss 3.8703 (delta +0.9849) size 244.9 MB sparsity 24.2%
gen 17 offspring [29/100] k= 17 (used  17.0) c=0.915 alpha=-0.421 beta=+0.179 | loss 3.8686 (delta +0.9832) size 242.4 MB sparsity 27.3%
gen 17 offspring [30/100] k= 16 (used  15.0) c=0.975 alpha=-0.304 beta=+0.219 | loss 3.9831 (delta +1.0978) size 244.4 MB sparsity 25.6%
gen 17 offspring [31/100] k= 17 (used  17.0) c=0.889 alpha=-0.206 beta=+0.228 | loss 3.4214 (delta +0.5360) size 258.8 MB sparsity 20.6%
gen 17 offspring [32/100] k= 18 (used  18.0) c=0.857 alpha=-0.226 beta=+0.257 | loss 3.4560 (delta +0.5706) size 304.6 MB sparsity 21.7%
gen 17 offspring [33/100] k= 17 (used  17.0) c=0.887 alpha=-0.063 beta=+0.209 | loss 3.4013 (delta +0.5160) size 260.8 MB sparsity 19.8%
gen 17 offspring [34/100] k= 33 (used  33.0) c=0.896 alpha=-0.329 beta=+0.319 | loss 3.4310 (delta +0.5457) size 289.1 MB sparsity 26.7%
gen 17 offspring [35/100] k= 17 (used  17.0) c=0.974 alpha=-0.408 beta=+0.178 | loss 3.8055 (delta +0.9202) size 241.9 MB sparsity 27.5%
gen 17 offspring [36/100] k= 16 (used  16.0) c=0.903 alpha=-0.316 beta=+0.002 | loss 3.7749 (delta +0.8895) size 245.3 MB sparsity 24.9%
gen 17 offspring [37/100] k= 17 (used  17.0) c=0.980 alpha=-0.367 beta=+0.012 | loss 3.7341 (delta +0.8488) size 245.4 MB sparsity 26.1%
gen 17 offspring [38/100] k= 16 (used  16.0) c=0.849 alpha=-0.207 beta=+0.273 | loss 3.5408 (delta +0.6555) size 246.6 MB sparsity 22.9%
gen 17 offspring [39/100] k=207 (used 207.0) c=0.991 alpha=-0.049 beta=+0.042 | loss 2.8896 (delta +0.0043) size 495.1 MB sparsity 3.9%
gen 17 offspring [40/100] k= 17 (used  17.0) c=0.903 alpha=-0.225 beta=+0.214 | loss 3.4696 (delta +0.5843) size 258.3 MB sparsity 20.9%
gen 17 offspring [41/100] k= 16 (used  16.0) c=0.840 alpha=-0.131 beta=+0.261 | loss 3.5776 (delta +0.6922) size 246.8 MB sparsity 22.2%
gen 17 offspring [42/100] k= 50 (used  50.0) c=0.926 alpha=-0.112 beta=+0.060 | loss 2.9442 (delta +0.0588) size 371.5 MB sparsity 8.4%
gen 17 offspring [43/100] k= 44 (used  43.0) c=0.988 alpha=-0.044 beta=+0.129 | loss 2.9600 (delta +0.0747) size 371.5 MB sparsity 9.9%
gen 17 offspring [44/100] k= 87 (used  87.0) c=0.834 alpha=-0.165 beta=+0.108 | loss 2.9649 (delta +0.0796) size 433.3 MB sparsity 11.5%
gen 17 offspring [45/100] k= 35 (used  35.0) c=0.969 alpha=-0.052 beta=+0.049 | loss 2.9992 (delta +0.1139) size 371.5 MB sparsity 10.2%
gen 17 offspring [46/100] k= 33 (used  33.0) c=0.974 alpha=-0.091 beta=+0.238 | loss 3.0506 (delta +0.1652) size 323.7 MB sparsity 15.5%
gen 17 offspring [47/100] k= 17 (used  17.0) c=0.883 alpha=-0.136 beta=+0.227 | loss 3.4173 (delta +0.5319) size 259.9 MB sparsity 20.2%
gen 17 offspring [48/100] k= 18 (used  17.0) c=0.976 alpha=-0.371 beta=+0.221 | loss 3.7169 (delta +0.8316) size 244.4 MB sparsity 26.5%
gen 17 offspring [49/100] k= 36 (used  36.0) c=0.865 alpha=-0.280 beta=+0.046 | loss 3.0797 (delta +0.1944) size 370.3 MB sparsity 16.2%
gen 17 offspring [50/100] k= 17 (used  17.0) c=0.848 alpha=-0.045 beta=+0.155 | loss 3.3786 (delta +0.4933) size 263.8 MB sparsity 18.6%
gen 17 offspring [51/100] k= 17 (used  17.0) c=0.976 alpha=-0.377 beta=+0.268 | loss 3.7836 (delta +0.8983) size 241.2 MB sparsity 27.8%
gen 17 offspring [52/100] k= 29 (used  29.0) c=0.979 alpha=-0.091 beta=+0.006 | loss 3.0509 (delta +0.1656) size 309.8 MB sparsity 12.5%
gen 17 offspring [53/100] k= 33 (used  33.0) c=0.898 alpha=-0.061 beta=+0.070 | loss 3.0051 (delta +0.1197) size 340.5 MB sparsity 10.1%
gen 17 offspring [54/100] k= 29 (used  29.0) c=0.896 alpha=-0.280 beta=+0.281 | loss 3.2986 (delta +0.4133) size 299.3 MB sparsity 23.4%
gen 17 offspring [55/100] k= 36 (used  36.0) c=0.947 alpha=-0.238 beta=+0.224 | loss 3.1961 (delta +0.3107) size 361.3 MB sparsity 19.4%
gen 17 offspring [56/100] k= 17 (used  17.0) c=0.953 alpha=-0.203 beta=+0.152 | loss 3.4980 (delta +0.6126) size 258.1 MB sparsity 20.9%
gen 17 offspring [57/100] k= 32 (used  31.0) c=0.985 alpha=-0.354 beta=+0.212 | loss 3.3365 (delta +0.4511) size 298.6 MB sparsity 23.6%
gen 17 offspring [58/100] k= 32 (used  31.0) c=0.973 alpha=-0.017 beta=+0.269 | loss 3.0985 (delta +0.2132) size 309.6 MB sparsity 17.1%
gen 17 offspring [59/100] k= 17 (used  17.0) c=0.875 alpha=-0.185 beta=+0.229 | loss 3.4246 (delta +0.5393) size 259.8 MB sparsity 20.2%
gen 17 offspring [60/100] k= 16 (used  15.0) c=0.976 alpha=-0.270 beta=+0.002 | loss 3.9113 (delta +1.0259) size 244.8 MB sparsity 24.7%
gen 17 offspring [61/100] k= 16 (used  16.0) c=0.865 alpha=-0.216 beta=+0.261 | loss 3.5634 (delta +0.6781) size 246.5 MB sparsity 22.8%
gen 17 offspring [62/100] k= 32 (used  32.0) c=0.941 alpha=-0.010 beta=+0.311 | loss 3.1377 (delta +0.2523) size 309.1 MB sparsity 18.5%
gen 17 offspring [63/100] k= 16 (used  16.0) c=0.849 alpha=-0.463 beta=+0.257 | loss 4.0344 (delta +1.1491) size 234.5 MB sparsity 30.5%
gen 17 offspring [64/100] k= 17 (used  17.0) c=0.908 alpha=-0.341 beta=+0.213 | loss 3.6641 (delta +0.7788) size 248.8 MB sparsity 24.7%
gen 17 offspring [65/100] k= 26 (used  26.0) c=0.915 alpha=-0.271 beta=+0.179 | loss 3.2409 (delta +0.3556) size 308.5 MB sparsity 19.5%
gen 17 offspring [66/100] k= 16 (used  15.0) c=0.975 alpha=-0.412 beta=+0.004 | loss 4.1244 (delta +1.2390) size 237.7 MB sparsity 29.2%
gen 17 offspring [67/100] k= 89 (used  89.0) c=0.979 alpha=-0.001 beta=+0.111 | loss 2.9114 (delta +0.0261) size 433.3 MB sparsity 6.7%
gen 17 offspring [68/100] k= 31 (used  31.0) c=0.979 alpha=-0.240 beta=+0.237 | loss 3.1961 (delta +0.3107) size 308.3 MB sparsity 20.2%
gen 17 offspring [69/100] k= 29 (used  29.0) c=0.975 alpha=-0.404 beta=+0.070 | loss 3.3371 (delta +0.4518) size 301.7 MB sparsity 22.6%
gen 17 offspring [70/100] k= 33 (used  33.0) c=0.990 alpha=-0.414 beta=+0.101 | loss 3.3086 (delta +0.4233) size 302.5 MB sparsity 22.3%
gen 17 offspring [71/100] k= 17 (used  17.0) c=0.868 alpha=-0.420 beta=+0.076 | loss 3.7491 (delta +0.8638) size 243.9 MB sparsity 26.7%
gen 17 offspring [72/100] k= 50 (used  49.0) c=0.992 alpha=-0.216 beta=+0.250 | loss 3.0890 (delta +0.2036) size 361.1 MB sparsity 19.5%
gen 17 offspring [73/100] k= 17 (used  17.0) c=0.988 alpha=-0.244 beta=+0.007 | loss 3.5530 (delta +0.6677) size 255.0 MB sparsity 22.2%
gen 17 offspring [74/100] k= 32 (used  32.0) c=0.953 alpha=-0.068 beta=+0.046 | loss 3.0124 (delta +0.1270) size 309.8 MB sparsity 11.4%
gen 17 offspring [75/100] k= 17 (used  17.0) c=0.842 alpha=-0.423 beta=+0.060 | loss 3.7797 (delta +0.8943) size 244.3 MB sparsity 26.5%
gen 17 offspring [76/100] k= 29 (used  29.0) c=0.976 alpha=-0.275 beta=+0.186 | loss 3.1906 (delta +0.3053) size 308.6 MB sparsity 19.7%
gen 17 offspring [77/100] k= 37 (used  37.0) c=0.866 alpha=-0.138 beta=+0.161 | loss 3.0041 (delta +0.1187) size 371.5 MB sparsity 13.0%
gen 17 offspring [78/100] k= 19 (used  19.0) c=0.941 alpha=-0.425 beta=+0.213 | loss 3.7214 (delta +0.8360) size 287.3 MB sparsity 27.3%
gen 17 offspring [79/100] k= 17 (used  17.0) c=0.849 alpha=-0.216 beta=+0.186 | loss 3.3827 (delta +0.4973) size 261.5 MB sparsity 19.6%
gen 17 offspring [80/100] k= 29 (used  29.0) c=0.982 alpha=-0.193 beta=+0.194 | loss 3.1167 (delta +0.2313) size 309.7 MB sparsity 16.9%
gen 17 offspring [81/100] k= 29 (used  29.0) c=0.968 alpha=-0.152 beta=+0.282 | loss 3.1442 (delta +0.2589) size 309.1 MB sparsity 18.8%
gen 17 offspring [82/100] k= 17 (used  17.0) c=0.850 alpha=-0.027 beta=+0.012 | loss 3.3776 (delta +0.4922) size 263.7 MB sparsity 18.7%
gen 17 offspring [83/100] k= 17 (used  17.0) c=0.979 alpha=-0.365 beta=+0.169 | loss 3.7004 (delta +0.8151) size 245.7 MB sparsity 26.0%
gen 17 offspring [84/100] k= 18 (used  17.0) c=0.976 alpha=-0.366 beta=+0.252 | loss 3.7404 (delta +0.8550) size 243.3 MB sparsity 26.9%
gen 17 offspring [85/100] k= 36 (used  36.0) c=0.861 alpha=-0.349 beta=+0.171 | loss 3.2419 (delta +0.3566) size 353.0 MB sparsity 21.7%
gen 17 offspring [86/100] k= 16 (used  15.0) c=0.976 alpha=-0.357 beta=+0.067 | loss 4.0366 (delta +1.1513) size 242.3 MB sparsity 27.3%
gen 17 offspring [87/100] k= 65 (used  65.0) c=0.896 alpha=-0.061 beta=+0.070 | loss 2.9236 (delta +0.0383) size 411.0 MB sparsity 6.0%
gen 17 offspring [88/100] k= 16 (used  16.0) c=0.858 alpha=-0.139 beta=+0.257 | loss 3.5657 (delta +0.6803) size 246.6 MB sparsity 22.4%
gen 17 offspring [89/100] k= 16 (used  16.0) c=0.874 alpha=-0.319 beta=+0.046 | loss 3.6857 (delta +0.8003) size 245.6 MB sparsity 24.6%
gen 17 offspring [90/100] k= 17 (used  17.0) c=0.965 alpha=-0.217 beta=+0.155 | loss 3.5032 (delta +0.6179) size 257.2 MB sparsity 21.3%
gen 17 offspring [91/100] k=130 (used 128.7) c=0.991 alpha=-0.239 beta=+0.323 | loss 3.1851 (delta +0.2997) size 423.4 MB sparsity 23.2%
gen 17 offspring [92/100] k= 33 (used  33.0) c=0.905 alpha=-0.350 beta=+0.061 | loss 3.1735 (delta +0.2881) size 311.5 MB sparsity 19.4%
gen 17 offspring [93/100] k= 17 (used  17.0) c=0.863 alpha=-0.201 beta=+0.253 | loss 3.4399 (delta +0.5545) size 257.9 MB sparsity 21.0%
gen 17 offspring [94/100] k= 31 (used  31.0) c=0.987 alpha=-0.227 beta=+0.171 | loss 3.1002 (delta +0.2148) size 309.7 MB sparsity 17.2%
gen 17 offspring [95/100] k= 31 (used  31.0) c=0.948 alpha=-0.015 beta=+0.224 | loss 3.0521 (delta +0.1667) size 309.8 MB sparsity 15.1%
gen 17 offspring [96/100] k= 17 (used  17.0) c=0.889 alpha=-0.310 beta=+0.252 | loss 3.6712 (delta +0.7858) size 249.3 MB sparsity 24.5%
gen 17 offspring [97/100] k= 37 (used  37.0) c=0.976 alpha=-0.477 beta=+0.300 | loss 3.8168 (delta +0.9314) size 316.5 MB sparsity 31.5%
gen 17 offspring [98/100] k= 29 (used  29.0) c=0.946 alpha=-0.204 beta=+0.321 | loss 3.2505 (delta +0.3651) size 303.4 MB sparsity 22.1%
gen 17 offspring [99/100] k= 32 (used  32.0) c=0.872 alpha=-0.152 beta=+0.009 | loss 3.0098 (delta +0.1245) size 309.8 MB sparsity 11.9%
gen 17 offspring [100/100] k= 16 (used  16.0) c=0.864 alpha=-0.146 beta=+0.017 | loss 3.5548 (delta +0.6694) size 246.7 MB sparsity 21.5%
=== generation 17/50 done in 461s (0 reused), batch baseline 2.8854, HV 0.36352, front 100 points, 100/100 feasible, best delta loss +0.0043, smallest 238.5 MB
gen 18 offspring [1/100] k= 29 (used  29.0) c=0.995 alpha=-0.148 beta=+0.272 | loss 3.1464 (delta +0.2610) size 309.2 MB sparsity 18.3%
gen 18 offspring [2/100] k= 17 (used  17.0) c=0.991 alpha=-0.179 beta=+0.040 | loss 3.5331 (delta +0.6478) size 256.5 MB sparsity 21.6%
gen 18 offspring [3/100] k= 36 (used  36.0) c=0.907 alpha=-0.062 beta=+0.127 | loss 2.9853 (delta +0.0999) size 371.5 MB sparsity 10.5%
gen 18 offspring [4/100] k=137 (used 137.0) c=0.991 alpha=-0.042 beta=+0.115 | loss 2.9016 (delta +0.0162) size 495.0 MB sparsity 6.7%
gen 18 offspring [5/100] k= 17 (used  17.0) c=0.889 alpha=-0.144 beta=+0.263 | loss 3.4525 (delta +0.5672) size 257.1 MB sparsity 21.3%
gen 18 offspring [6/100] k= 18 (used  17.0) c=0.976 alpha=-0.405 beta=+0.221 | loss 3.8052 (delta +0.9198) size 241.5 MB sparsity 27.6%
gen 18 offspring [7/100] k= 34 (used  34.0) c=0.968 alpha=-0.217 beta=+0.408 | loss 3.3647 (delta +0.4794) size 337.8 MB sparsity 25.8%
gen 18 offspring [8/100] k= 17 (used  17.0) c=0.941 alpha=-0.425 beta=+0.243 | loss 3.8510 (delta +0.9656) size 239.1 MB sparsity 28.6%
gen 18 offspring [9/100] k= 29 (used  29.0) c=0.985 alpha=-0.043 beta=+0.269 | loss 3.1271 (delta +0.2418) size 309.3 MB sparsity 17.6%
gen 18 offspring [10/100] k= 16 (used  15.0) c=0.969 alpha=-0.259 beta=+0.301 | loss 3.9618 (delta +1.0764) size 244.4 MB sparsity 25.9%
gen 18 offspring [11/100] k= 16 (used  16.0) c=0.865 alpha=-0.216 beta=+0.261 | loss 3.5637 (delta +0.6783) size 246.5 MB sparsity 22.8%
gen 18 offspring [12/100] k= 16 (used  16.0) c=0.867 alpha=-0.278 beta=+0.046 | loss 3.6185 (delta +0.7332) size 246.3 MB sparsity 23.2%
gen 18 offspring [13/100] k= 27 (used  27.0) c=0.973 alpha=-0.206 beta=+0.191 | loss 3.1757 (delta +0.2904) size 309.5 MB sparsity 17.4%
gen 18 offspring [14/100] k= 17 (used  17.0) c=0.869 alpha=-0.144 beta=+0.228 | loss 3.3980 (delta +0.5127) size 260.4 MB sparsity 20.0%
gen 18 offspring [15/100] k= 17 (used  17.0) c=0.887 alpha=-0.063 beta=+0.198 | loss 3.4024 (delta +0.5170) size 261.3 MB sparsity 19.6%
gen 18 offspring [16/100] k= 16 (used  16.0) c=0.868 alpha=-0.216 beta=+0.223 | loss 3.5515 (delta +0.6661) size 246.6 MB sparsity 22.0%
gen 18 offspring [17/100] k= 32 (used  32.0) c=0.955 alpha=-0.069 beta=+0.009 | loss 3.0122 (delta +0.1268) size 309.8 MB sparsity 11.4%
gen 18 offspring [18/100] k= 16 (used  15.0) c=0.981 alpha=-0.316 beta=+0.006 | loss 3.9903 (delta +1.1050) size 244.0 MB sparsity 26.1%
gen 18 offspring [19/100] k= 17 (used  17.0) c=0.976 alpha=-0.420 beta=+0.012 | loss 3.8310 (delta +0.9456) size 240.8 MB sparsity 27.9%
gen 18 offspring [20/100] k= 16 (used  16.0) c=0.868 alpha=-0.201 beta=+0.174 | loss 3.5570 (delta +0.6716) size 246.6 MB sparsity 21.6%
gen 18 offspring [21/100] k= 63 (used  63.0) c=0.858 alpha=-0.061 beta=+0.070 | loss 2.9336 (delta +0.0482) size 371.5 MB sparsity 6.0%
gen 18 offspring [22/100] k= 16 (used  16.0) c=0.834 alpha=-0.174 beta=+0.120 | loss 3.5686 (delta +0.6833) size 247.0 MB sparsity 20.8%
gen 18 offspring [23/100] k= 30 (used  30.0) c=0.910 alpha=-0.041 beta=+0.213 | loss 3.0559 (delta +0.1706) size 309.8 MB sparsity 14.9%
gen 18 offspring [24/100] k=128 (used 128.0) c=0.984 alpha=-0.044 beta=+0.023 | loss 2.8937 (delta +0.0083) size 433.3 MB sparsity 3.3%
gen 18 offspring [25/100] k= 17 (used  17.0) c=0.993 alpha=-0.230 beta=+0.186 | loss 3.5376 (delta +0.6522) size 255.5 MB sparsity 22.0%
gen 18 offspring [26/100] k= 32 (used  31.0) c=0.987 alpha=-0.072 beta=+0.321 | loss 3.1552 (delta +0.2698) size 308.7 MB sparsity 19.2%
gen 18 offspring [27/100] k= 17 (used  17.0) c=0.849 alpha=-0.206 beta=+0.437 | loss 3.7368 (delta +0.8515) size 241.6 MB sparsity 27.6%
gen 18 offspring [28/100] k= 16 (used  16.0) c=0.864 alpha=-0.282 beta=+0.152 | loss 3.6163 (delta +0.7309) size 246.3 MB sparsity 23.3%
gen 18 offspring [29/100] k= 16 (used  16.0) c=0.848 alpha=-0.025 beta=+0.198 | loss 3.5102 (delta +0.6249) size 246.8 MB sparsity 21.2%
gen 18 offspring [30/100] k= 16 (used  16.0) c=0.896 alpha=-0.325 beta=+0.205 | loss 3.7995 (delta +0.9142) size 245.2 MB sparsity 25.1%
gen 18 offspring [31/100] k= 50 (used  50.0) c=0.965 alpha=-0.207 beta=+0.300 | loss 3.1440 (delta +0.2587) size 355.2 MB sparsity 21.1%
gen 18 offspring [32/100] k= 17 (used  17.0) c=0.976 alpha=-0.420 beta=+0.065 | loss 3.8317 (delta +0.9463) size 240.9 MB sparsity 27.9%
gen 18 offspring [33/100] k= 26 (used  25.0) c=0.988 alpha=-0.387 beta=+0.268 | loss 3.5563 (delta +0.6710) size 287.5 MB sparsity 27.2%
gen 18 offspring [34/100] k= 32 (used  32.0) c=0.872 alpha=-0.017 beta=+0.073 | loss 3.0042 (delta +0.1188) size 309.8 MB sparsity 10.4%
gen 18 offspring [35/100] k= 17 (used  17.0) c=0.889 alpha=-0.230 beta=+0.228 | loss 3.4767 (delta +0.5914) size 257.5 MB sparsity 21.2%
gen 18 offspring [36/100] k= 17 (used  17.0) c=0.885 alpha=-0.063 beta=+0.184 | loss 3.4076 (delta +0.5223) size 261.7 MB sparsity 19.5%
gen 18 offspring [37/100] k= 16 (used  16.0) c=0.865 alpha=-0.201 beta=+0.253 | loss 3.5534 (delta +0.6681) size 246.6 MB sparsity 22.5%
gen 18 offspring [38/100] k= 37 (used  37.0) c=0.997 alpha=-0.244 beta=+0.327 | loss 3.3080 (delta +0.4226) size 345.5 MB sparsity 23.7%
gen 18 offspring [39/100] k= 34 (used  33.0) c=0.976 alpha=-0.222 beta=+0.262 | loss 3.1571 (delta +0.2718) size 308.5 MB sparsity 20.4%
gen 18 offspring [40/100] k= 33 (used  33.0) c=0.987 alpha=-0.323 beta=+0.267 | loss 3.3124 (delta +0.4271) size 295.8 MB sparsity 24.5%
gen 18 offspring [41/100] k= 34 (used  33.0) c=0.978 alpha=-0.216 beta=+0.305 | loss 3.1982 (delta +0.3128) size 304.2 MB sparsity 21.8%
gen 18 offspring [42/100] k= 32 (used  32.0) c=0.917 alpha=-0.349 beta=+0.268 | loss 3.3455 (delta +0.4601) size 292.6 MB sparsity 25.6%
gen 18 offspring [43/100] k= 17 (used  17.0) c=0.865 alpha=-0.216 beta=+0.283 | loss 3.4827 (delta +0.5974) size 254.5 MB sparsity 22.4%
gen 18 offspring [44/100] k= 60 (used  60.0) c=0.948 alpha=-0.174 beta=+0.070 | loss 2.9550 (delta +0.0697) size 371.5 MB sparsity 10.6%
gen 18 offspring [45/100] k= 32 (used  31.0) c=0.973 alpha=-0.039 beta=+0.194 | loss 3.0420 (delta +0.1567) size 309.8 MB sparsity 14.2%
gen 18 offspring [46/100] k=135 (used 132.9) c=0.983 alpha=-0.425 beta=+0.243 | loss 3.4123 (delta +0.5270) size 421.9 MB sparsity 27.3%
gen 18 offspring [47/100] k= 16 (used  16.0) c=0.848 alpha=-0.141 beta=+0.065 | loss 3.5120 (delta +0.6266) size 246.8 MB sparsity 21.1%
gen 18 offspring [48/100] k= 32 (used  31.0) c=0.991 alpha=-0.409 beta=+0.126 | loss 3.3450 (delta +0.4596) size 301.2 MB sparsity 22.8%
gen 18 offspring [49/100] k= 21 (used  21.0) c=0.878 alpha=-0.280 beta=+0.046 | loss 3.2826 (delta +0.3973) size 307.7 MB sparsity 19.6%
gen 18 offspring [50/100] k= 18 (used  17.0) c=0.976 alpha=-0.370 beta=+0.281 | loss 3.7872 (delta +0.9018) size 240.8 MB sparsity 27.9%
gen 18 offspring [51/100] k=209 (used 207.2) c=0.861 alpha=-0.051 beta=+0.259 | loss 2.9967 (delta +0.1114) size 493.1 MB sparsity 12.9%
gen 18 offspring [52/100] k= 38 (used  37.0) c=0.976 alpha=-0.222 beta=+0.299 | loss 3.2398 (delta +0.3545) size 352.7 MB sparsity 21.7%
gen 18 offspring [53/100] k= 87 (used  87.0) c=0.951 alpha=-0.132 beta=+0.111 | loss 2.9212 (delta +0.0358) size 433.3 MB sparsity 10.2%
gen 18 offspring [54/100] k= 17 (used  17.0) c=0.978 alpha=-0.371 beta=+0.227 | loss 3.7107 (delta +0.8254) size 244.2 MB sparsity 26.6%
gen 18 offspring [55/100] k= 32 (used  32.0) c=0.914 alpha=-0.479 beta=+0.213 | loss 3.6485 (delta +0.7632) size 284.3 MB sparsity 28.2%
gen 18 offspring [56/100] k= 17 (used  17.0) c=0.858 alpha=-0.280 beta=+0.076 | loss 3.4894 (delta +0.6040) size 256.6 MB sparsity 21.5%
gen 18 offspring [57/100] k= 32 (used  32.0) c=0.905 alpha=-0.433 beta=+0.338 | loss 3.6761 (delta +0.7908) size 274.5 MB sparsity 31.4%
gen 18 offspring [58/100] k= 18 (used  18.0) c=0.848 alpha=-0.025 beta=+0.196 | loss 3.3552 (delta +0.4698) size 307.1 MB sparsity 18.9%
gen 18 offspring [59/100] k= 34 (used  34.0) c=0.967 alpha=-0.463 beta=+0.246 | loss 3.6585 (delta +0.7732) size 326.0 MB sparsity 29.0%
gen 18 offspring [60/100] k= 32 (used  31.0) c=0.987 alpha=-0.207 beta=+0.267 | loss 3.1731 (delta +0.2878) size 308.3 MB sparsity 20.1%
gen 18 offspring [61/100] k= 50 (used  49.0) c=0.997 alpha=-0.228 beta=+0.071 | loss 2.9906 (delta +0.1053) size 371.5 MB sparsity 13.3%
gen 18 offspring [62/100] k= 32 (used  31.0) c=0.981 alpha=-0.100 beta=+0.168 | loss 3.0240 (delta +0.1387) size 309.8 MB sparsity 13.3%
gen 18 offspring [63/100] k= 16 (used  16.0) c=0.855 alpha=-0.141 beta=+0.257 | loss 3.5411 (delta +0.6558) size 246.6 MB sparsity 22.4%
gen 18 offspring [64/100] k= 16 (used  16.0) c=0.856 alpha=-0.307 beta=+0.219 | loss 3.6355 (delta +0.7502) size 246.0 MB sparsity 24.2%
gen 18 offspring [65/100] k= 31 (used  31.0) c=0.945 alpha=-0.217 beta=+0.257 | loss 3.1522 (delta +0.2668) size 308.5 MB sparsity 20.0%
gen 18 offspring [66/100] k= 32 (used  32.0) c=0.871 alpha=-0.015 beta=+0.046 | loss 3.0079 (delta +0.1226) size 309.8 MB sparsity 10.4%
gen 18 offspring [67/100] k= 17 (used  17.0) c=0.860 alpha=-0.424 beta=+0.165 | loss 3.7624 (delta +0.8771) size 243.7 MB sparsity 26.8%
gen 18 offspring [68/100] k= 17 (used  17.0) c=0.989 alpha=-0.366 beta=+0.045 | loss 3.7230 (delta +0.8377) size 245.2 MB sparsity 26.1%
gen 18 offspring [69/100] k= 32 (used  32.0) c=0.911 alpha=-0.272 beta=+0.258 | loss 3.2334 (delta +0.3480) size 303.1 MB sparsity 22.2%
gen 18 offspring [70/100] k= 26 (used  26.0) c=0.876 alpha=-0.322 beta=+0.012 | loss 3.2376 (delta +0.3522) size 307.9 MB sparsity 19.8%
gen 18 offspring [71/100] k= 33 (used  33.0) c=0.979 alpha=-0.093 beta=+0.058 | loss 2.9981 (delta +0.1127) size 337.7 MB sparsity 10.9%
gen 18 offspring [72/100] k= 29 (used  29.0) c=0.884 alpha=-0.339 beta=+0.228 | loss 3.2957 (delta +0.4103) size 298.5 MB sparsity 23.7%
gen 18 offspring [73/100] k= 87 (used  87.0) c=0.992 alpha=-0.011 beta=+0.042 | loss 2.9000 (delta +0.0147) size 433.3 MB sparsity 4.2%
gen 18 offspring [74/100] k= 50 (used  49.9) c=0.975 alpha=-0.420 beta=+0.101 | loss 3.2751 (delta +0.3897) size 353.5 MB sparsity 21.5%
gen 18 offspring [75/100] k= 33 (used  33.0) c=0.950 alpha=-0.211 beta=+0.071 | loss 3.0423 (delta +0.1570) size 327.4 MB sparsity 14.3%
gen 18 offspring [76/100] k= 17 (used  17.0) c=0.861 alpha=-0.142 beta=+0.257 | loss 3.4263 (delta +0.5409) size 258.4 MB sparsity 20.8%
gen 18 offspring [77/100] k= 16 (used  16.0) c=0.801 alpha=-0.207 beta=+0.008 | loss 3.5749 (delta +0.6896) size 247.3 MB sparsity 20.3%
gen 18 offspring [78/100] k= 33 (used  33.0) c=0.910 alpha=-0.062 beta=+0.087 | loss 3.0073 (delta +0.1219) size 340.1 MB sparsity 10.2%
gen 18 offspring [79/100] k= 28 (used  28.0) c=0.856 alpha=-0.393 beta=+0.215 | loss 3.4350 (delta +0.5497) size 293.7 MB sparsity 25.2%
gen 18 offspring [80/100] k= 33 (used  33.0) c=0.975 alpha=-0.288 beta=+0.318 | loss 3.3179 (delta +0.4326) size 293.9 MB sparsity 25.1%
gen 18 offspring [81/100] k= 17 (used  17.0) c=0.976 alpha=-0.366 beta=+0.015 | loss 3.7055 (delta +0.8202) size 245.6 MB sparsity 26.0%
gen 18 offspring [82/100] k= 17 (used  17.0) c=0.978 alpha=-0.398 beta=+0.249 | loss 3.7994 (delta +0.9141) size 240.6 MB sparsity 28.0%
gen 18 offspring [83/100] k= 17 (used  17.0) c=0.850 alpha=-0.216 beta=+0.212 | loss 3.3895 (delta +0.5042) size 260.3 MB sparsity 20.0%
gen 18 offspring [84/100] k= 16 (used  16.0) c=0.868 alpha=-0.216 beta=+0.258 | loss 3.5614 (delta +0.6760) size 246.5 MB sparsity 22.8%
gen 18 offspring [85/100] k= 17 (used  17.0) c=0.976 alpha=-0.382 beta=+0.300 | loss 3.8360 (delta +0.9507) size 238.3 MB sparsity 28.9%
gen 18 offspring [86/100] k= 16 (used  16.0) c=0.874 alpha=-0.196 beta=+0.046 | loss 3.5644 (delta +0.6790) size 246.6 MB sparsity 21.7%
gen 18 offspring [87/100] k= 17 (used  17.0) c=0.983 alpha=-0.377 beta=+0.076 | loss 3.7492 (delta +0.8639) size 244.4 MB sparsity 26.5%
gen 18 offspring [88/100] k= 50 (used  49.0) c=0.981 alpha=-0.203 beta=+0.071 | loss 2.9759 (delta +0.0906) size 371.5 MB sparsity 12.3%
gen 18 offspring [89/100] k= 24 (used  23.0) c=0.968 alpha=-0.238 beta=+0.246 | loss 3.3535 (delta +0.4682) size 306.4 MB sparsity 20.9%
gen 18 offspring [90/100] k= 87 (used  87.0) c=0.901 alpha=-0.062 beta=+0.111 | loss 2.9171 (delta +0.0317) size 433.3 MB sparsity 7.4%
gen 18 offspring [91/100] k= 31 (used  31.0) c=0.989 alpha=-0.197 beta=+0.269 | loss 3.1652 (delta +0.2799) size 308.7 MB sparsity 19.8%
gen 18 offspring [92/100] k= 17 (used  17.0) c=0.941 alpha=-0.043 beta=+0.042 | loss 3.4698 (delta +0.5845) size 259.0 MB sparsity 20.6%
gen 18 offspring [93/100] k= 32 (used  31.0) c=0.980 alpha=-0.091 beta=+0.252 | loss 3.0793 (delta +0.1939) size 309.7 MB sparsity 16.4%
gen 18 offspring [94/100] k=137 (used 137.0) c=0.911 alpha=-0.042 beta=+0.041 | loss 2.9012 (delta +0.0158) size 495.0 MB sparsity 3.6%
gen 18 offspring [95/100] k=103 (used 103.0) c=0.987 alpha=-0.073 beta=+0.042 | loss 2.8991 (delta +0.0137) size 433.3 MB sparsity 5.1%
gen 18 offspring [96/100] k= 60 (used  60.0) c=0.898 alpha=-0.061 beta=+0.070 | loss 2.9283 (delta +0.0430) size 371.5 MB sparsity 6.2%
gen 18 offspring [97/100] k=233 (used 233.0) c=0.991 alpha=-0.028 beta=+0.051 | loss 2.8902 (delta +0.0048) size 495.1 MB sparsity 3.4%
gen 18 offspring [98/100] k= 18 (used  17.0) c=0.978 alpha=-0.371 beta=+0.221 | loss 3.7120 (delta +0.8267) size 244.4 MB sparsity 26.5%
gen 18 offspring [99/100] k= 30 (used  30.0) c=0.896 alpha=-0.325 beta=+0.279 | loss 3.3776 (delta +0.4923) size 294.1 MB sparsity 25.1%
gen 18 offspring [100/100] k= 20 (used  19.0) c=0.987 alpha=-0.230 beta=+0.359 | loss 3.6249 (delta +0.7395) size 292.7 MB sparsity 25.5%
=== generation 18/50 done in 461s (0 reused), batch baseline 2.8854, HV 0.36434, front 99 points, 100/100 feasible, best delta loss +0.0043, smallest 238.3 MB
gen 19 offspring [1/100] k= 16 (used  15.0) c=0.987 alpha=-0.215 beta=+0.267 | loss 3.8964 (delta +1.0110) size 244.7 MB sparsity 24.9%
gen 19 offspring [2/100] k=128 (used 128.0) c=0.983 alpha=-0.043 beta=+0.066 | loss 2.8952 (delta +0.0098) size 433.3 MB sparsity 4.7%
gen 19 offspring [3/100] k= 44 (used  44.0) c=0.856 alpha=-0.044 beta=+0.129 | loss 2.9695 (delta +0.0841) size 371.5 MB sparsity 9.2%
gen 19 offspring [4/100] k= 16 (used  16.0) c=0.849 alpha=-0.207 beta=+0.262 | loss 3.5336 (delta +0.6483) size 246.7 MB sparsity 22.5%
gen 19 offspring [5/100] k= 50 (used  49.0) c=0.997 alpha=-0.345 beta=+0.074 | loss 3.1223 (delta +0.2370) size 366.7 MB sparsity 18.0%
gen 19 offspring [6/100] k= 16 (used  16.0) c=0.889 alpha=-0.144 beta=+0.035 | loss 3.6242 (delta +0.7388) size 246.4 MB sparsity 22.1%
gen 19 offspring [7/100] k= 70 (used  70.0) c=0.898 alpha=-0.179 beta=+0.070 | loss 2.9413 (delta +0.0560) size 433.3 MB sparsity 10.6%
gen 19 offspring [8/100] k= 17 (used  17.0) c=0.874 alpha=-0.398 beta=+0.255 | loss 3.8412 (delta +0.9559) size 241.3 MB sparsity 27.7%
gen 19 offspring [9/100] k= 33 (used  33.0) c=0.979 alpha=-0.091 beta=+0.110 | loss 2.9989 (delta +0.1135) size 337.4 MB sparsity 11.1%
gen 19 offspring [10/100] k= 16 (used  16.0) c=0.848 alpha=-0.207 beta=+0.274 | loss 3.5425 (delta +0.6571) size 246.6 MB sparsity 22.9%
gen 19 offspring [11/100] k= 16 (used  16.0) c=0.874 alpha=-0.014 beta=+0.073 | loss 3.5697 (delta +0.6844) size 246.6 MB sparsity 21.7%
gen 19 offspring [12/100] k=233 (used 228.8) c=0.991 alpha=-0.286 beta=+0.305 | loss 3.2248 (delta +0.3395) size 436.4 MB sparsity 24.4%
gen 19 offspring [13/100] k= 86 (used  86.0) c=0.920 alpha=-0.141 beta=+0.111 | loss 2.9276 (delta +0.0422) size 433.3 MB sparsity 10.6%
gen 19 offspring [14/100] k= 32 (used  31.0) c=0.976 alpha=-0.013 beta=+0.270 | loss 3.1027 (delta +0.2174) size 309.6 MB sparsity 17.1%
gen 19 offspring [15/100] k= 16 (used  15.0) c=0.965 alpha=-0.144 beta=+0.258 | loss 3.7947 (delta +0.9094) size 245.1 MB sparsity 24.3%
gen 19 offspring [16/100] k= 17 (used  17.0) c=0.818 alpha=-0.254 beta=+0.278 | loss 3.5975 (delta +0.7121) size 252.7 MB sparsity 23.1%
gen 19 offspring [17/100] k= 17 (used  17.0) c=0.859 alpha=-0.146 beta=+0.256 | loss 3.4315 (delta +0.5461) size 258.6 MB sparsity 20.7%
gen 19 offspring [18/100] k= 37 (used  37.0) c=0.911 alpha=-0.272 beta=+0.260 | loss 3.2281 (delta +0.3427) size 351.3 MB sparsity 22.1%
gen 19 offspring [19/100] k= 33 (used  33.0) c=0.955 alpha=-0.216 beta=+0.125 | loss 3.0481 (delta +0.1627) size 325.1 MB sparsity 15.0%
gen 19 offspring [20/100] k= 34 (used  33.0) c=0.978 alpha=-0.286 beta=+0.394 | loss 3.4575 (delta +0.5721) size 285.2 MB sparsity 27.9%
gen 19 offspring [21/100] k= 36 (used  36.0) c=0.948 alpha=-0.155 beta=+0.232 | loss 3.0968 (delta +0.2115) size 370.2 MB sparsity 16.5%
gen 19 offspring [22/100] k= 26 (used  25.0) c=0.976 alpha=-0.370 beta=+0.360 | loss 3.7262 (delta +0.8408) size 278.8 MB sparsity 30.0%
gen 19 offspring [23/100] k= 34 (used  34.0) c=0.906 alpha=-0.216 beta=+0.256 | loss 3.1723 (delta +0.2869) size 359.7 MB sparsity 19.8%
gen 19 offspring [24/100] k= 33 (used  33.0) c=0.955 alpha=-0.316 beta=+0.090 | loss 3.1470 (delta +0.2617) size 314.7 MB sparsity 18.4%
gen 19 offspring [25/100] k=246 (used 246.0) c=0.991 alpha=-0.054 beta=+0.051 | loss 2.8900 (delta +0.0046) size 495.1 MB sparsity 4.5%
gen 19 offspring [26/100] k= 35 (used  35.0) c=0.841 alpha=-0.261 beta=+0.273 | loss 3.2664 (delta +0.3810) size 350.9 MB sparsity 22.2%
gen 19 offspring [27/100] k= 30 (used  29.0) c=0.974 alpha=-0.249 beta=+0.457 | loss 3.5992 (delta +0.7139) size 282.3 MB sparsity 28.9%
gen 19 offspring [28/100] k= 17 (used  17.0) c=0.983 alpha=-0.377 beta=+0.268 | loss 3.8055 (delta +0.9201) size 241.1 MB sparsity 27.8%
gen 19 offspring [29/100] k= 17 (used  17.0) c=0.976 alpha=-0.391 beta=+0.249 | loss 3.7880 (delta +0.9027) size 241.3 MB sparsity 27.7%
gen 19 offspring [30/100] k= 35 (used  35.0) c=0.993 alpha=-0.066 beta=+0.057 | loss 2.9918 (delta +0.1065) size 371.5 MB sparsity 10.5%
gen 19 offspring [31/100] k= 63 (used  63.0) c=0.899 alpha=-0.061 beta=+0.077 | loss 2.9216 (delta +0.0362) size 371.5 MB sparsity 6.3%
gen 19 offspring [32/100] k= 32 (used  32.0) c=0.917 alpha=-0.340 beta=+0.268 | loss 3.3328 (delta +0.4474) size 293.7 MB sparsity 25.2%
gen 19 offspring [33/100] k= 29 (used  29.0) c=0.985 alpha=-0.043 beta=+0.037 | loss 3.0650 (delta +0.1797) size 309.8 MB sparsity 12.5%
gen 19 offspring [34/100] k= 16 (used  16.0) c=0.868 alpha=-0.468 beta=+0.258 | loss 4.0778 (delta +1.1924) size 233.8 MB sparsity 30.8%
gen 19 offspring [35/100] k= 29 (used  29.0) c=0.946 alpha=-0.001 beta=+0.043 | loss 3.0430 (delta +0.1576) size 309.8 MB sparsity 12.1%
gen 19 offspring [36/100] k= 17 (used  17.0) c=0.849 alpha=-0.207 beta=+0.048 | loss 3.3858 (delta +0.5005) size 262.5 MB sparsity 19.2%
gen 19 offspring [37/100] k= 37 (used  37.0) c=0.976 alpha=-0.042 beta=+0.281 | loss 3.0933 (delta +0.2079) size 369.8 MB sparsity 16.6%
gen 19 offspring [38/100] k= 16 (used  16.0) c=0.875 alpha=-0.323 beta=+0.040 | loss 3.7087 (delta +0.8233) size 245.5 MB sparsity 24.8%
gen 19 offspring [39/100] k= 16 (used  16.0) c=0.877 alpha=-0.131 beta=+0.103 | loss 3.5880 (delta +0.7026) size 246.5 MB sparsity 21.8%
gen 19 offspring [40/100] k= 54 (used  54.0) c=0.935 alpha=-0.112 beta=+0.059 | loss 2.9344 (delta +0.0490) size 371.5 MB sparsity 8.1%
gen 19 offspring [41/100] k= 50 (used  49.0) c=0.992 alpha=-0.226 beta=+0.101 | loss 2.9910 (delta +0.1056) size 371.5 MB sparsity 14.0%
gen 19 offspring [42/100] k= 39 (used  39.0) c=0.962 alpha=-0.376 beta=+0.208 | loss 3.3335 (delta +0.4481) size 343.9 MB sparsity 24.1%
gen 19 offspring [43/100] k= 17 (used  17.0) c=0.970 alpha=-0.216 beta=+0.283 | loss 3.5392 (delta +0.6539) size 252.3 MB sparsity 23.3%
gen 19 offspring [44/100] k= 33 (used  33.0) c=0.865 alpha=-0.207 beta=+0.284 | loss 3.2295 (delta +0.3442) size 308.0 MB sparsity 20.6%
gen 19 offspring [45/100] k= 38 (used  38.0) c=0.908 alpha=-0.062 beta=+0.087 | loss 2.9685 (delta +0.0832) size 371.5 MB sparsity 9.1%
gen 19 offspring [46/100] k= 17 (used  17.0) c=0.993 alpha=-0.122 beta=+0.257 | loss 3.5495 (delta +0.6642) size 254.0 MB sparsity 22.6%
gen 19 offspring [47/100] k= 17 (used  17.0) c=0.864 alpha=-0.216 beta=+0.264 | loss 3.4551 (delta +0.5698) size 256.1 MB sparsity 21.7%
gen 19 offspring [48/100] k= 33 (used  33.0) c=0.923 alpha=-0.233 beta=+0.210 | loss 3.1313 (delta +0.2459) size 313.7 MB sparsity 18.7%
gen 19 offspring [49/100] k= 17 (used  17.0) c=0.858 alpha=-0.282 beta=+0.200 | loss 3.5017 (delta +0.6164) size 255.6 MB sparsity 21.9%
gen 19 offspring [50/100] k= 37 (used  37.0) c=0.907 alpha=-0.060 beta=+0.036 | loss 2.9699 (delta +0.0846) size 371.5 MB sparsity 9.0%
gen 19 offspring [51/100] k= 16 (used  15.0) c=0.970 alpha=-0.316 beta=+0.061 | loss 3.9962 (delta +1.1109) size 244.2 MB sparsity 25.9%
gen 19 offspring [52/100] k= 32 (used  32.0) c=0.910 alpha=-0.357 beta=+0.177 | loss 3.2396 (delta +0.3542) size 302.6 MB sparsity 22.3%
gen 19 offspring [53/100] k= 50 (used  49.0) c=0.992 alpha=-0.235 beta=+0.100 | loss 2.9994 (delta +0.1141) size 371.5 MB sparsity 14.3%
gen 19 offspring [54/100] k= 33 (used  33.0) c=0.883 alpha=-0.325 beta=+0.046 | loss 3.1585 (delta +0.2732) size 315.0 MB sparsity 18.3%
gen 19 offspring [55/100] k= 38 (used  38.0) c=0.972 alpha=-0.031 beta=+0.064 | loss 2.9851 (delta +0.0998) size 371.5 MB sparsity 9.7%
gen 19 offspring [56/100] k= 33 (used  33.0) c=0.947 alpha=-0.338 beta=+0.268 | loss 3.3517 (delta +0.4664) size 294.0 MB sparsity 25.1%
gen 19 offspring [57/100] k= 34 (used  33.0) c=0.972 alpha=-0.228 beta=+0.298 | loss 3.2016 (delta +0.3162) size 303.6 MB sparsity 22.0%
gen 19 offspring [58/100] k= 28 (used  28.0) c=0.871 alpha=-0.224 beta=+0.281 | loss 3.2436 (delta +0.3583) size 305.8 MB sparsity 21.3%
gen 19 offspring [59/100] k= 39 (used  39.0) c=0.985 alpha=-0.043 beta=+0.428 | loss 3.3600 (delta +0.4747) size 352.0 MB sparsity 21.9%
gen 19 offspring [60/100] k= 33 (used  33.0) c=0.968 alpha=-0.249 beta=+0.265 | loss 3.2086 (delta +0.3232) size 305.1 MB sparsity 21.5%
gen 19 offspring [61/100] k= 17 (used  17.0) c=0.861 alpha=-0.068 beta=+0.104 | loss 3.3857 (delta +0.5003) size 263.1 MB sparsity 18.9%
gen 19 offspring [62/100] k= 29 (used  29.0) c=0.979 alpha=-0.103 beta=+0.006 | loss 3.0507 (delta +0.1653) size 309.8 MB sparsity 12.5%
gen 19 offspring [63/100] k= 18 (used  17.0) c=0.976 alpha=-0.367 beta=+0.006 | loss 3.7046 (delta +0.8193) size 245.5 MB sparsity 26.0%
gen 19 offspring [64/100] k= 36 (used  35.0) c=0.984 alpha=-0.210 beta=+0.311 | loss 3.2204 (delta +0.3351) size 352.5 MB sparsity 21.8%
gen 19 offspring [65/100] k= 16 (used  16.0) c=0.863 alpha=-0.036 beta=+0.033 | loss 3.5505 (delta +0.6651) size 246.7 MB sparsity 21.5%
gen 19 offspring [66/100] k=233 (used 233.0) c=0.992 alpha=-0.028 beta=+0.042 | loss 2.8889 (delta +0.0035) size 495.1 MB sparsity 3.0%
gen 19 offspring [67/100] k= 16 (used  15.0) c=0.984 alpha=-0.222 beta=+0.298 | loss 3.9118 (delta +1.0264) size 244.4 MB sparsity 25.6%
gen 19 offspring [68/100] k= 16 (used  16.0) c=0.844 alpha=-0.207 beta=+0.191 | loss 3.5242 (delta +0.6389) size 246.9 MB sparsity 21.2%
gen 19 offspring [69/100] k= 16 (used  16.0) c=0.842 alpha=-0.141 beta=+0.257 | loss 3.5569 (delta +0.6715) size 246.8 MB sparsity 22.2%
gen 19 offspring [70/100] k= 29 (used  29.0) c=0.892 alpha=-0.150 beta=+0.013 | loss 3.0274 (delta +0.1420) size 309.8 MB sparsity 12.5%
gen 19 offspring [71/100] k=125 (used 125.0) c=0.979 alpha=-0.091 beta=+0.043 | loss 2.8981 (delta +0.0127) size 433.3 MB sparsity 5.8%
gen 19 offspring [72/100] k= 28 (used  28.0) c=0.914 alpha=-0.350 beta=+0.206 | loss 3.3363 (delta +0.4510) size 299.5 MB sparsity 23.3%
gen 19 offspring [73/100] k= 16 (used  16.0) c=0.909 alpha=-0.357 beta=+0.262 | loss 3.8671 (delta +0.9817) size 242.5 MB sparsity 27.2%
gen 19 offspring [74/100] k=128 (used 127.4) c=0.983 alpha=-0.043 beta=+0.272 | loss 2.9936 (delta +0.1083) size 433.2 MB sparsity 13.2%
gen 19 offspring [75/100] k= 32 (used  32.0) c=0.872 alpha=-0.009 beta=+0.073 | loss 3.0042 (delta +0.1188) size 309.8 MB sparsity 10.4%
gen 19 offspring [76/100] k= 16 (used  16.0) c=0.874 alpha=-0.279 beta=+0.435 | loss 3.9095 (delta +1.0242) size 235.1 MB sparsity 30.3%
gen 19 offspring [77/100] k= 18 (used  17.0) c=0.949 alpha=-0.347 beta=+0.023 | loss 3.6727 (delta +0.7874) size 248.1 MB sparsity 25.0%
gen 19 offspring [78/100] k= 17 (used  17.0) c=0.880 alpha=-0.316 beta=+0.006 | loss 3.6122 (delta +0.7269) size 252.8 MB sparsity 23.1%
gen 19 offspring [79/100] k= 33 (used  33.0) c=0.976 alpha=-0.310 beta=+0.267 | loss 3.2815 (delta +0.3961) size 297.4 MB sparsity 24.0%
gen 19 offspring [80/100] k= 88 (used  87.8) c=0.939 alpha=-0.202 beta=+0.260 | loss 3.0608 (delta +0.1755) size 412.0 MB sparsity 19.2%
gen 19 offspring [81/100] k= 83 (used  83.0) c=0.992 alpha=-0.012 beta=+0.023 | loss 2.9051 (delta +0.0198) size 433.3 MB sparsity 4.4%
gen 19 offspring [82/100] k= 17 (used  17.0) c=0.889 alpha=-0.146 beta=+0.228 | loss 3.4202 (delta +0.5348) size 259.6 MB sparsity 20.3%
gen 19 offspring [83/100] k= 16 (used  16.0) c=0.865 alpha=-0.178 beta=+0.329 | loss 3.6381 (delta +0.7528) size 245.5 MB sparsity 24.8%
gen 19 offspring [84/100] k= 18 (used  18.0) c=0.889 alpha=-0.146 beta=+0.227 | loss 3.4078 (delta +0.5225) size 306.0 MB sparsity 20.3%
gen 19 offspring [85/100] k= 22 (used  22.0) c=0.867 alpha=-0.017 beta=+0.269 | loss 3.2424 (delta +0.3570) size 308.1 MB sparsity 19.1%
gen 19 offspring [86/100] k= 17 (used  17.0) c=0.848 alpha=-0.025 beta=+0.168 | loss 3.3774 (delta +0.4921) size 263.7 MB sparsity 18.6%
gen 19 offspring [87/100] k= 29 (used  29.0) c=0.979 alpha=-0.078 beta=+0.003 | loss 3.0502 (delta +0.1649) size 309.8 MB sparsity 12.5%
gen 19 offspring [88/100] k= 17 (used  17.0) c=0.847 alpha=-0.250 beta=+0.239 | loss 3.4918 (delta +0.6064) size 256.0 MB sparsity 21.8%
gen 19 offspring [89/100] k= 17 (used  17.0) c=0.847 alpha=-0.207 beta=+0.253 | loss 3.4123 (delta +0.5270) size 257.9 MB sparsity 21.0%
gen 19 offspring [90/100] k= 17 (used  17.0) c=0.975 alpha=-0.282 beta=+0.199 | loss 3.5782 (delta +0.6928) size 252.6 MB sparsity 23.1%
gen 19 offspring [91/100] k= 32 (used  31.0) c=0.987 alpha=-0.220 beta=+0.050 | loss 3.0727 (delta +0.1873) size 309.8 MB sparsity 15.2%
gen 19 offspring [92/100] k= 32 (used  32.0) c=0.910 alpha=-0.357 beta=+0.252 | loss 3.3429 (delta +0.4576) size 293.6 MB sparsity 25.2%
gen 19 offspring [93/100] k= 17 (used  17.0) c=0.843 alpha=-0.226 beta=+0.101 | loss 3.4271 (delta +0.5417) size 261.4 MB sparsity 19.6%
gen 19 offspring [94/100] k= 31 (used  31.0) c=0.948 alpha=-0.204 beta=+0.212 | loss 3.0952 (delta +0.2098) size 309.6 MB sparsity 17.8%
gen 19 offspring [95/100] k= 16 (used  16.0) c=0.865 alpha=-0.307 beta=+0.219 | loss 3.6469 (delta +0.7616) size 245.9 MB sparsity 24.3%
gen 19 offspring [96/100] k= 16 (used  16.0) c=0.865 alpha=-0.201 beta=+0.178 | loss 3.5494 (delta +0.6640) size 246.7 MB sparsity 21.6%
gen 19 offspring [97/100] k= 33 (used  33.0) c=0.848 alpha=-0.029 beta=+0.284 | loss 3.1086 (delta +0.2233) size 320.4 MB sparsity 16.6%
gen 19 offspring [98/100] k= 50 (used  49.0) c=0.992 alpha=-0.220 beta=+0.278 | loss 3.1203 (delta +0.2350) size 356.6 MB sparsity 20.7%
gen 19 offspring [99/100] k= 90 (used  90.0) c=0.951 alpha=-0.113 beta=+0.115 | loss 2.9176 (delta +0.0322) size 433.3 MB sparsity 9.7%
gen 19 offspring [100/100] k= 49 (used  49.0) c=0.991 alpha=-0.319 beta=+0.046 | loss 3.0842 (delta +0.1988) size 369.7 MB sparsity 16.9%
=== generation 19/50 done in 461s (0 reused), batch baseline 2.8854, HV 0.36465, front 100 points, 100/100 feasible, best delta loss +0.0035, smallest 238.3 MB
gen 20 offspring [1/100] k= 16 (used  15.0) c=0.984 alpha=-0.032 beta=+0.257 | loss 3.8391 (delta +0.9537) size 244.8 MB sparsity 24.6%
gen 20 offspring [2/100] k= 20 (used  20.0) c=0.845 alpha=-0.216 beta=+0.215 | loss 3.3132 (delta +0.4279) size 308.0 MB sparsity 19.3%
gen 20 offspring [3/100] k= 35 (used  35.0) c=0.976 alpha=-0.222 beta=+0.290 | loss 3.1972 (delta +0.3118) size 353.8 MB sparsity 21.4%
gen 20 offspring [4/100] k=144 (used 143.0) c=0.993 alpha=-0.043 beta=+0.042 | loss 2.8925 (delta +0.0072) size 495.0 MB sparsity 3.7%
gen 20 offspring [5/100] k= 31 (used  31.0) c=0.945 alpha=-0.163 beta=+0.257 | loss 3.0967 (delta +0.2114) size 309.5 MB sparsity 18.0%
gen 20 offspring [6/100] k= 40 (used  39.0) c=0.982 alpha=-0.069 beta=+0.009 | loss 2.9692 (delta +0.0838) size 371.5 MB sparsity 9.3%
gen 20 offspring [7/100] k= 18 (used  18.0) c=0.853 alpha=-0.216 beta=+0.298 | loss 3.4687 (delta +0.5834) size 301.0 MB sparsity 22.8%
gen 20 offspring [8/100] k=116 (used 115.7) c=0.842 alpha=-0.043 beta=+0.203 | loss 2.9675 (delta +0.0821) size 433.3 MB sparsity 10.3%
gen 20 offspring [9/100] k= 17 (used  17.0) c=0.849 alpha=-0.207 beta=+0.402 | loss 3.6498 (delta +0.7644) size 244.7 MB sparsity 26.3%
gen 20 offspring [10/100] k= 29 (used  29.0) c=0.912 alpha=-0.208 beta=+0.087 | loss 3.0699 (delta +0.1846) size 309.8 MB sparsity 14.7%
gen 20 offspring [11/100] k= 63 (used  63.0) c=0.850 alpha=-0.216 beta=+0.212 | loss 3.0751 (delta +0.1897) size 367.1 MB sparsity 17.9%
gen 20 offspring [12/100] k= 33 (used  33.0) c=0.987 alpha=-0.322 beta=+0.299 | loss 3.3521 (delta +0.4668) size 292.2 MB sparsity 25.7%
gen 20 offspring [13/100] k= 33 (used  33.0) c=0.967 alpha=-0.092 beta=+0.296 | loss 3.1085 (delta +0.2231) size 316.9 MB sparsity 17.7%
gen 20 offspring [14/100] k= 29 (used  29.0) c=0.846 alpha=-0.102 beta=+0.006 | loss 3.0305 (delta +0.1452) size 309.8 MB sparsity 10.9%
gen 20 offspring [15/100] k= 17 (used  17.0) c=0.864 alpha=-0.351 beta=+0.264 | loss 3.7659 (delta +0.8806) size 245.0 MB sparsity 26.2%
gen 20 offspring [16/100] k=215 (used 210.9) c=0.992 alpha=-0.398 beta=+0.249 | loss 3.3408 (delta +0.4555) size 425.9 MB sparsity 26.5%
gen 20 offspring [17/100] k= 29 (used  29.0) c=0.968 alpha=-0.152 beta=+0.282 | loss 3.1453 (delta +0.2599) size 309.1 MB sparsity 18.8%
gen 20 offspring [18/100] k= 33 (used  33.0) c=0.976 alpha=-0.310 beta=+0.268 | loss 3.2826 (delta +0.3973) size 297.3 MB sparsity 24.0%
gen 20 offspring [19/100] k= 29 (used  29.0) c=0.985 alpha=-0.043 beta=+0.060 | loss 3.0647 (delta +0.1793) size 309.8 MB sparsity 12.5%
gen 20 offspring [20/100] k= 16 (used  16.0) c=0.868 alpha=-0.216 beta=+0.247 | loss 3.5603 (delta +0.6750) size 246.6 MB sparsity 22.5%
gen 20 offspring [21/100] k= 33 (used  33.0) c=0.911 alpha=-0.147 beta=+0.250 | loss 3.0930 (delta +0.2076) size 319.1 MB sparsity 17.0%
gen 20 offspring [22/100] k= 34 (used  33.0) c=0.989 alpha=-0.259 beta=+0.227 | loss 3.1784 (delta +0.2931) size 308.2 MB sparsity 20.5%
gen 20 offspring [23/100] k= 21 (used  21.0) c=0.963 alpha=-0.209 beta=+0.469 | loss 3.7327 (delta +0.8473) size 283.8 MB sparsity 28.4%
gen 20 offspring [24/100] k= 31 (used  31.0) c=0.947 alpha=-0.086 beta=+0.087 | loss 3.0094 (delta +0.1241) size 309.8 MB sparsity 11.3%
gen 20 offspring [25/100] k= 32 (used  31.0) c=0.980 alpha=-0.177 beta=+0.247 | loss 3.1153 (delta +0.2300) size 309.4 MB sparsity 18.2%
gen 20 offspring [26/100] k= 31 (used  31.0) c=0.979 alpha=-0.059 beta=+0.238 | loss 3.0724 (delta +0.1870) size 309.7 MB sparsity 15.9%
gen 20 offspring [27/100] k= 16 (used  16.0) c=0.856 alpha=-0.201 beta=+0.253 | loss 3.5347 (delta +0.6494) size 246.7 MB sparsity 22.3%
gen 20 offspring [28/100] k= 17 (used  17.0) c=0.978 alpha=-0.353 beta=+0.227 | loss 3.6919 (delta +0.8066) size 245.8 MB sparsity 25.9%
gen 20 offspring [29/100] k= 33 (used  33.0) c=0.974 alpha=-0.228 beta=+0.298 | loss 3.1974 (delta +0.3121) size 303.6 MB sparsity 22.0%
gen 20 offspring [30/100] k= 17 (used  17.0) c=0.848 alpha=-0.391 beta=+0.283 | loss 3.8450 (delta +0.9597) size 239.8 MB sparsity 28.3%
gen 20 offspring [31/100] k= 17 (used  17.0) c=0.850 alpha=-0.216 beta=+0.281 | loss 3.4648 (delta +0.5794) size 254.9 MB sparsity 22.2%
gen 20 offspring [32/100] k=128 (used 126.9) c=0.915 alpha=-0.352 beta=+0.042 | loss 3.0891 (delta +0.2038) size 424.7 MB sparsity 16.3%
gen 20 offspring [33/100] k= 17 (used  17.0) c=0.831 alpha=-0.212 beta=+0.041 | loss 3.4077 (delta +0.5223) size 262.9 MB sparsity 19.0%
gen 20 offspring [34/100] k= 16 (used  16.0) c=0.862 alpha=-0.219 beta=+0.199 | loss 3.5471 (delta +0.6618) size 246.7 MB sparsity 21.7%
gen 20 offspring [35/100] k= 17 (used  17.0) c=0.849 alpha=-0.403 beta=+0.267 | loss 3.8350 (delta +0.9497) size 240.1 MB sparsity 28.2%
gen 20 offspring [36/100] k= 30 (used  29.0) c=0.972 alpha=-0.056 beta=+0.125 | loss 3.0497 (delta +0.1644) size 309.8 MB sparsity 12.5%
gen 20 offspring [37/100] k= 63 (used  63.0) c=0.910 alpha=-0.061 beta=+0.076 | loss 2.9229 (delta +0.0375) size 371.5 MB sparsity 6.3%
gen 20 offspring [38/100] k= 28 (used  28.0) c=0.947 alpha=-0.207 beta=+0.081 | loss 3.1122 (delta +0.2269) size 309.7 MB sparsity 15.4%
gen 20 offspring [39/100] k= 16 (used  16.0) c=0.849 alpha=-0.308 beta=+0.179 | loss 3.6047 (delta +0.7194) size 246.1 MB sparsity 23.9%
gen 20 offspring [40/100] k= 87 (used  86.7) c=0.951 alpha=-0.150 beta=+0.300 | loss 3.0489 (delta +0.1636) size 414.3 MB sparsity 18.7%
gen 20 offspring [41/100] k= 29 (used  29.0) c=0.890 alpha=-0.143 beta=+0.013 | loss 3.0249 (delta +0.1395) size 309.8 MB sparsity 12.2%
gen 20 offspring [42/100] k= 32 (used  32.0) c=0.917 alpha=-0.340 beta=+0.268 | loss 3.3312 (delta +0.4458) size 293.7 MB sparsity 25.2%
gen 20 offspring [43/100] k= 48 (used  48.0) c=0.945 alpha=-0.223 beta=+0.244 | loss 3.1106 (delta +0.2252) size 361.0 MB sparsity 19.5%
gen 20 offspring [44/100] k= 33 (used  33.0) c=0.975 alpha=-0.251 beta=+0.318 | loss 3.2581 (delta +0.3728) size 298.4 MB sparsity 23.7%
gen 20 offspring [45/100] k= 33 (used  33.0) c=0.868 alpha=-0.216 beta=+0.258 | loss 3.2178 (delta +0.3324) size 310.1 MB sparsity 19.9%
gen 20 offspring [46/100] k= 16 (used  16.0) c=0.875 alpha=-0.221 beta=+0.030 | loss 3.5676 (delta +0.6822) size 246.6 MB sparsity 21.9%
gen 20 offspring [47/100] k= 16 (used  15.0) c=0.956 alpha=-0.180 beta=+0.320 | loss 3.8691 (delta +0.9837) size 244.4 MB sparsity 25.8%
gen 20 offspring [48/100] k= 41 (used  41.0) c=0.854 alpha=-0.150 beta=+0.036 | loss 2.9842 (delta +0.0988) size 371.5 MB sparsity 10.3%
gen 20 offspring [49/100] k= 17 (used  17.0) c=0.857 alpha=-0.393 beta=+0.256 | loss 3.7855 (delta +0.9001) size 241.8 MB sparsity 27.5%
gen 20 offspring [50/100] k= 17 (used  17.0) c=0.849 alpha=-0.216 beta=+0.191 | loss 3.3821 (delta +0.4968) size 261.3 MB sparsity 19.6%
gen 20 offspring [51/100] k= 28 (used  27.0) c=1.000 alpha=-0.100 beta=+0.269 | loss 3.1634 (delta +0.2780) size 308.9 MB sparsity 18.2%
gen 20 offspring [52/100] k= 16 (used  16.0) c=0.865 alpha=-0.232 beta=+0.329 | loss 3.6500 (delta +0.7646) size 245.4 MB sparsity 25.2%
gen 20 offspring [53/100] k= 30 (used  30.0) c=0.953 alpha=-0.093 beta=+0.252 | loss 3.1132 (delta +0.2279) size 309.6 MB sparsity 16.7%
gen 20 offspring [54/100] k= 34 (used  33.0) c=0.993 alpha=-0.298 beta=+0.283 | loss 3.2977 (delta +0.4124) size 296.9 MB sparsity 24.2%
gen 20 offspring [55/100] k= 17 (used  17.0) c=0.990 alpha=-0.012 beta=+0.037 | loss 3.5413 (delta +0.6559) size 256.5 MB sparsity 21.6%
gen 20 offspring [56/100] k= 36 (used  36.0) c=0.969 alpha=-0.288 beta=+0.355 | loss 3.4016 (delta +0.5163) size 334.9 MB sparsity 26.5%
gen 20 offspring [57/100] k= 32 (used  31.0) c=0.983 alpha=-0.060 beta=+0.217 | loss 3.0565 (delta +0.1712) size 309.8 MB sparsity 15.1%
gen 20 offspring [58/100] k= 16 (used  16.0) c=0.893 alpha=-0.061 beta=+0.077 | loss 3.6456 (delta +0.7603) size 246.3 MB sparsity 22.2%
gen 20 offspring [59/100] k= 17 (used  17.0) c=0.976 alpha=-0.378 beta=+0.268 | loss 3.7948 (delta +0.9094) size 241.1 MB sparsity 27.8%
gen 20 offspring [60/100] k= 82 (used  81.0) c=0.992 alpha=-0.012 beta=+0.022 | loss 2.9061 (delta +0.0207) size 433.3 MB sparsity 4.5%
gen 20 offspring [61/100] k= 16 (used  15.0) c=0.977 alpha=-0.304 beta=+0.040 | loss 3.9936 (delta +1.1082) size 244.4 MB sparsity 25.6%
gen 20 offspring [62/100] k= 34 (used  34.0) c=0.914 alpha=-0.216 beta=+0.213 | loss 3.1408 (delta +0.2555) size 366.0 MB sparsity 18.2%
gen 20 offspring [63/100] k= 19 (used  19.0) c=0.979 alpha=-0.028 beta=+0.090 | loss 3.3559 (delta +0.4706) size 306.7 MB sparsity 19.1%
gen 20 offspring [64/100] k= 37 (used  37.0) c=0.950 alpha=-0.038 beta=+0.040 | loss 2.9759 (delta +0.0905) size 371.5 MB sparsity 9.5%
gen 20 offspring [65/100] k= 32 (used  32.0) c=0.912 alpha=-0.349 beta=+0.267 | loss 3.3458 (delta +0.4605) size 292.8 MB sparsity 25.5%
gen 20 offspring [66/100] k= 33 (used  33.0) c=0.979 alpha=-0.182 beta=+0.265 | loss 3.1204 (delta +0.2351) size 312.9 MB sparsity 19.0%
gen 20 offspring [67/100] k= 57 (used  57.0) c=0.992 alpha=-0.226 beta=+0.111 | loss 2.9915 (delta +0.1062) size 371.5 MB sparsity 14.3%
gen 20 offspring [68/100] k= 17 (used  17.0) c=0.863 alpha=-0.271 beta=+0.227 | loss 3.5138 (delta +0.6284) size 254.8 MB sparsity 22.2%
gen 20 offspring [69/100] k= 17 (used  17.0) c=0.976 alpha=-0.371 beta=+0.299 | loss 3.8116 (delta +0.9262) size 239.3 MB sparsity 28.5%
gen 20 offspring [70/100] k= 16 (used  16.0) c=0.847 alpha=-0.374 beta=+0.268 | loss 3.7873 (delta +0.9020) size 241.5 MB sparsity 27.7%
gen 20 offspring [71/100] k= 33 (used  33.0) c=0.979 alpha=-0.210 beta=+0.077 | loss 3.0331 (delta +0.1477) size 327.0 MB sparsity 14.4%
gen 20 offspring [72/100] k= 16 (used  16.0) c=0.865 alpha=-0.092 beta=+0.333 | loss 3.6465 (delta +0.7612) size 245.4 MB sparsity 25.0%
gen 20 offspring [73/100] k= 17 (used  17.0) c=0.865 alpha=-0.215 beta=+0.291 | loss 3.4854 (delta +0.6001) size 253.9 MB sparsity 22.6%
gen 20 offspring [74/100] k= 16 (used  16.0) c=0.865 alpha=-0.307 beta=+0.219 | loss 3.6475 (delta +0.7621) size 245.9 MB sparsity 24.3%
gen 20 offspring [75/100] k=232 (used 232.0) c=0.993 alpha=-0.047 beta=+0.054 | loss 2.8896 (delta +0.0043) size 495.1 MB sparsity 4.3%
gen 20 offspring [76/100] k= 17 (used  17.0) c=0.848 alpha=-0.207 beta=+0.253 | loss 3.4117 (delta +0.5263) size 257.9 MB sparsity 21.0%
gen 20 offspring [77/100] k= 17 (used  17.0) c=0.847 alpha=-0.184 beta=+0.243 | loss 3.3968 (delta +0.5114) size 259.7 MB sparsity 20.3%
gen 20 offspring [78/100] k= 18 (used  17.0) c=0.976 alpha=-0.370 beta=+0.264 | loss 3.7635 (delta +0.8782) size 242.1 MB sparsity 27.4%
gen 20 offspring [79/100] k= 32 (used  31.0) c=0.984 alpha=-0.040 beta=+0.300 | loss 3.1282 (delta +0.2429) size 309.1 MB sparsity 18.3%
gen 20 offspring [80/100] k=140 (used 139.5) c=0.964 alpha=-0.043 beta=+0.213 | loss 2.9420 (delta +0.0566) size 495.0 MB sparsity 10.8%
gen 20 offspring [81/100] k= 50 (used  49.0) c=0.992 alpha=-0.032 beta=+0.070 | loss 2.9466 (delta +0.0613) size 371.5 MB sparsity 7.5%
gen 20 offspring [82/100] k= 17 (used  17.0) c=0.976 alpha=-0.206 beta=+0.438 | loss 3.7798 (delta +0.8944) size 239.0 MB sparsity 28.6%
gen 20 offspring [83/100] k= 29 (used  29.0) c=0.987 alpha=-0.001 beta=+0.267 | loss 3.1248 (delta +0.2394) size 309.3 MB sparsity 17.5%
gen 20 offspring [84/100] k= 32 (used  32.0) c=0.899 alpha=-0.357 beta=+0.177 | loss 3.2635 (delta +0.3782) size 302.6 MB sparsity 22.3%
gen 20 offspring [85/100] k= 16 (used  16.0) c=0.850 alpha=-0.228 beta=+0.261 | loss 3.5444 (delta +0.6591) size 246.7 MB sparsity 22.8%
gen 20 offspring [86/100] k= 33 (used  33.0) c=0.987 alpha=-0.209 beta=+0.267 | loss 3.1544 (delta +0.2691) size 309.5 MB sparsity 20.1%
gen 20 offspring [87/100] k= 17 (used  17.0) c=0.976 alpha=-0.382 beta=+0.120 | loss 3.7289 (delta +0.8435) size 244.2 MB sparsity 26.5%
gen 20 offspring [88/100] k= 34 (used  33.0) c=0.976 alpha=-0.274 beta=+0.299 | loss 3.2694 (delta +0.3841) size 298.0 MB sparsity 23.8%
gen 20 offspring [89/100] k= 41 (used  41.0) c=0.990 alpha=-0.040 beta=+0.036 | loss 2.9621 (delta +0.0767) size 371.5 MB sparsity 8.9%
gen 20 offspring [90/100] k= 30 (used  29.0) c=0.997 alpha=-0.033 beta=+0.056 | loss 3.0726 (delta +0.1872) size 309.8 MB sparsity 12.7%
gen 20 offspring [91/100] k= 16 (used  15.0) c=0.953 alpha=-0.068 beta=+0.125 | loss 3.7895 (delta +0.9041) size 245.4 MB sparsity 23.6%
gen 20 offspring [92/100] k= 37 (used  37.0) c=0.949 alpha=-0.033 beta=+0.268 | loss 3.0703 (delta +0.1849) size 370.5 MB sparsity 15.9%
gen 20 offspring [93/100] k= 33 (used  33.0) c=0.854 alpha=-0.025 beta=+0.214 | loss 3.0572 (delta +0.1719) size 328.9 MB sparsity 13.8%
gen 20 offspring [94/100] k= 17 (used  17.0) c=0.978 alpha=-0.383 beta=+0.249 | loss 3.7628 (delta +0.8775) size 242.0 MB sparsity 27.5%
gen 20 offspring [95/100] k=132 (used 132.0) c=0.917 alpha=-0.006 beta=+0.047 | loss 2.8995 (delta +0.0141) size 495.0 MB sparsity 3.3%
gen 20 offspring [96/100] k= 32 (used  31.0) c=0.975 alpha=-0.288 beta=+0.318 | loss 3.3547 (delta +0.4694) size 293.8 MB sparsity 25.2%
gen 20 offspring [97/100] k=101 (used 100.8) c=0.951 alpha=-0.170 beta=+0.214 | loss 2.9921 (delta +0.1068) size 425.7 MB sparsity 16.0%
gen 20 offspring [98/100] k= 33 (used  33.0) c=0.992 alpha=-0.352 beta=+0.263 | loss 3.3666 (delta +0.4813) size 292.8 MB sparsity 25.5%
gen 20 offspring [99/100] k= 33 (used  33.0) c=0.909 alpha=-0.351 beta=+0.241 | loss 3.3237 (delta +0.4383) size 295.8 MB sparsity 24.5%
gen 20 offspring [100/100] k= 17 (used  17.0) c=0.851 alpha=-0.216 beta=+0.153 | loss 3.3906 (delta +0.5053) size 261.8 MB sparsity 19.4%
=== generation 20/50 done in 461s (0 reused), batch baseline 2.8854, HV 0.36490, front 100 points, 100/100 feasible, best delta loss +0.0035, smallest 238.3 MB
gen 21 offspring [1/100] k= 29 (used  29.0) c=0.969 alpha=-0.011 beta=+0.042 | loss 3.0485 (delta +0.1632) size 309.8 MB sparsity 12.3%
gen 21 offspring [2/100] k= 29 (used  29.0) c=0.979 alpha=-0.030 beta=+0.058 | loss 3.0509 (delta +0.1656) size 309.8 MB sparsity 12.5%
gen 21 offspring [3/100] k= 16 (used  16.0) c=0.869 alpha=-0.216 beta=+0.113 | loss 3.5544 (delta +0.6690) size 246.6 MB sparsity 21.8%
gen 21 offspring [4/100] k= 31 (used  31.0) c=0.958 alpha=-0.121 beta=+0.212 | loss 3.0505 (delta +0.1652) size 309.8 MB sparsity 15.0%
gen 21 offspring [5/100] k= 17 (used  17.0) c=0.849 alpha=-0.207 beta=+0.175 | loss 3.3827 (delta +0.4974) size 262.3 MB sparsity 19.2%
gen 21 offspring [6/100] k= 36 (used  35.0) c=0.976 alpha=-0.245 beta=+0.298 | loss 3.2343 (delta +0.3489) size 349.4 MB sparsity 22.6%
gen 21 offspring [7/100] k= 33 (used  33.0) c=0.910 alpha=-0.323 beta=+0.257 | loss 3.3186 (delta +0.4333) size 297.1 MB sparsity 24.1%
gen 21 offspring [8/100] k=137 (used 137.0) c=0.992 alpha=-0.042 beta=+0.038 | loss 2.8928 (delta +0.0074) size 495.0 MB sparsity 3.6%
gen 21 offspring [9/100] k= 32 (used  32.0) c=0.842 alpha=-0.219 beta=+0.077 | loss 3.0683 (delta +0.1829) size 309.8 MB sparsity 14.3%
gen 21 offspring [10/100] k= 16 (used  15.0) c=0.996 alpha=-0.002 beta=+0.266 | loss 3.8564 (delta +0.9710) size 244.5 MB sparsity 25.0%
gen 21 offspring [11/100] k= 18 (used  18.0) c=0.877 alpha=-0.382 beta=+0.300 | loss 3.9026 (delta +1.0172) size 283.1 MB sparsity 28.6%
gen 21 offspring [12/100] k= 63 (used  63.0) c=0.950 alpha=-0.038 beta=+0.077 | loss 2.9246 (delta +0.0393) size 371.5 MB sparsity 6.2%
gen 21 offspring [13/100] k= 34 (used  34.0) c=0.849 alpha=-0.207 beta=+0.044 | loss 3.0320 (delta +0.1466) size 371.5 MB sparsity 13.5%
gen 21 offspring [14/100] k= 36 (used  36.0) c=0.908 alpha=-0.324 beta=+0.087 | loss 3.1372 (delta +0.2519) size 366.1 MB sparsity 18.1%
gen 21 offspring [15/100] k= 30 (used  30.0) c=0.851 alpha=-0.322 beta=+0.378 | loss 3.5192 (delta +0.6339) size 282.8 MB sparsity 28.7%
gen 21 offspring [16/100] k= 20 (used  20.0) c=0.847 alpha=-0.184 beta=+0.123 | loss 3.2626 (delta +0.3773) size 308.6 MB sparsity 17.1%
gen 21 offspring [17/100] k= 29 (used  29.0) c=0.968 alpha=-0.150 beta=+0.082 | loss 3.0562 (delta +0.1709) size 309.8 MB sparsity 13.1%
gen 21 offspring [18/100] k= 33 (used  33.0) c=0.976 alpha=-0.310 beta=+0.191 | loss 3.1890 (delta +0.3036) size 306.5 MB sparsity 21.1%
gen 21 offspring [19/100] k= 17 (used  17.0) c=0.851 alpha=-0.216 beta=+0.318 | loss 3.5105 (delta +0.6251) size 251.6 MB sparsity 23.5%
gen 21 offspring [20/100] k=128 (used 128.0) c=0.983 alpha=-0.043 beta=+0.007 | loss 2.8937 (delta +0.0083) size 433.3 MB sparsity 3.3%
gen 21 offspring [21/100] k= 35 (used  35.0) c=0.975 alpha=-0.259 beta=+0.300 | loss 3.2547 (delta +0.3694) size 347.0 MB sparsity 23.3%
gen 21 offspring [22/100] k= 17 (used  17.0) c=0.945 alpha=-0.358 beta=+0.257 | loss 3.7225 (delta +0.8371) size 244.0 MB sparsity 26.6%
gen 21 offspring [23/100] k= 16 (used  15.0) c=0.951 alpha=-0.303 beta=+0.296 | loss 3.9712 (delta +1.0858) size 243.7 MB sparsity 26.7%
gen 21 offspring [24/100] k= 16 (used  16.0) c=0.849 alpha=-0.226 beta=+0.186 | loss 3.5082 (delta +0.6228) size 246.8 MB sparsity 21.5%
gen 21 offspring [25/100] k= 16 (used  16.0) c=0.851 alpha=-0.217 beta=+0.261 | loss 3.5453 (delta +0.6599) size 246.7 MB sparsity 22.6%
gen 21 offspring [26/100] k= 16 (used  15.0) c=0.992 alpha=-0.245 beta=+0.061 | loss 3.8893 (delta +1.0040) size 244.7 MB sparsity 24.6%
gen 21 offspring [27/100] k= 16 (used  16.0) c=0.849 alpha=-0.346 beta=+0.273 | loss 3.7245 (delta +0.8391) size 243.6 MB sparsity 26.8%
gen 21 offspring [28/100] k= 16 (used  16.0) c=0.847 alpha=-0.022 beta=+0.121 | loss 3.5202 (delta +0.6349) size 246.8 MB sparsity 21.1%
gen 21 offspring [29/100] k= 53 (used  53.0) c=0.865 alpha=-0.114 beta=+0.276 | loss 3.0580 (delta +0.1727) size 370.9 MB sparsity 16.3%
gen 21 offspring [30/100] k= 26 (used  25.0) c=0.974 alpha=-0.244 beta=+0.298 | loss 3.3576 (delta +0.4722) size 300.7 MB sparsity 22.9%
gen 21 offspring [31/100] k= 33 (used  33.0) c=0.979 alpha=-0.091 beta=+0.058 | loss 2.9984 (delta +0.1131) size 337.7 MB sparsity 10.9%
gen 21 offspring [32/100] k=137 (used 137.0) c=0.992 alpha=-0.042 beta=+0.039 | loss 2.8927 (delta +0.0073) size 495.0 MB sparsity 3.6%
gen 21 offspring [33/100] k= 16 (used  16.0) c=0.849 alpha=-0.133 beta=+0.057 | loss 3.5050 (delta +0.6196) size 246.8 MB sparsity 21.1%
gen 21 offspring [34/100] k= 32 (used  31.0) c=0.992 alpha=-0.032 beta=+0.032 | loss 3.0241 (delta +0.1387) size 309.8 MB sparsity 11.8%
gen 21 offspring [35/100] k= 37 (used  37.0) c=0.975 alpha=-0.288 beta=+0.318 | loss 3.3679 (delta +0.4826) size 340.3 MB sparsity 25.1%
gen 21 offspring [36/100] k= 39 (used  39.0) c=0.967 alpha=-0.249 beta=+0.296 | loss 3.2441 (delta +0.3588) size 349.4 MB sparsity 22.6%
gen 21 offspring [37/100] k= 16 (used  16.0) c=0.857 alpha=-0.207 beta=+0.393 | loss 3.7302 (delta +0.8449) size 242.9 MB sparsity 27.1%
gen 21 offspring [38/100] k= 17 (used  17.0) c=0.872 alpha=-0.217 beta=+0.257 | loss 3.4584 (delta +0.5730) size 256.5 MB sparsity 21.6%
gen 21 offspring [39/100] k= 87 (used  87.0) c=0.951 alpha=-0.102 beta=+0.103 | loss 2.9120 (delta +0.0267) size 433.3 MB sparsity 8.7%
gen 21 offspring [40/100] k= 17 (used  17.0) c=0.847 alpha=-0.013 beta=+0.395 | loss 3.6221 (delta +0.7368) size 246.6 MB sparsity 25.6%
gen 21 offspring [41/100] k= 56 (used  56.0) c=0.962 alpha=-0.225 beta=+0.334 | loss 3.1843 (delta +0.2990) size 347.6 MB sparsity 23.1%
gen 21 offspring [42/100] k= 34 (used  33.0) c=0.985 alpha=-0.010 beta=+0.030 | loss 3.0012 (delta +0.1158) size 337.6 MB sparsity 11.0%
gen 21 offspring [43/100] k= 32 (used  32.0) c=0.875 alpha=-0.009 beta=+0.043 | loss 3.0050 (delta +0.1196) size 309.8 MB sparsity 10.4%
gen 21 offspring [44/100] k= 17 (used  17.0) c=0.840 alpha=-0.028 beta=+0.039 | loss 3.3923 (delta +0.5070) size 264.2 MB sparsity 18.5%
gen 21 offspring [45/100] k= 44 (used  43.0) c=0.992 alpha=-0.042 beta=+0.304 | loss 3.0823 (delta +0.1969) size 369.6 MB sparsity 16.8%
gen 21 offspring [46/100] k= 34 (used  33.0) c=0.993 alpha=-0.269 beta=+0.283 | loss 3.2581 (delta +0.3727) size 300.4 MB sparsity 23.0%
gen 21 offspring [47/100] k= 16 (used  16.0) c=0.848 alpha=-0.207 beta=+0.199 | loss 3.5054 (delta +0.6201) size 246.8 MB sparsity 21.3%
gen 21 offspring [48/100] k= 33 (used  33.0) c=0.947 alpha=-0.180 beta=+0.320 | loss 3.1831 (delta +0.2978) size 306.8 MB sparsity 21.0%
gen 21 offspring [49/100] k=248 (used 247.9) c=0.992 alpha=-0.090 beta=+0.042 | loss 2.8932 (delta +0.0078) size 495.1 MB sparsity 5.6%
gen 21 offspring [50/100] k= 33 (used  33.0) c=0.973 alpha=-0.228 beta=+0.298 | loss 3.2011 (delta +0.3158) size 303.6 MB sparsity 22.0%
gen 21 offspring [51/100] k= 85 (used  85.0) c=0.948 alpha=-0.204 beta=+0.111 | loss 2.9569 (delta +0.0715) size 433.1 MB sparsity 13.2%
gen 21 offspring [52/100] k= 16 (used  16.0) c=0.849 alpha=-0.308 beta=+0.402 | loss 3.8863 (delta +1.0009) size 235.9 MB sparsity 29.9%
gen 21 offspring [53/100] k= 34 (used  34.0) c=0.911 alpha=-0.172 beta=+0.310 | loss 3.1866 (delta +0.3013) size 358.2 MB sparsity 20.3%
gen 21 offspring [54/100] k= 32 (used  31.0) c=0.977 alpha=-0.272 beta=+0.188 | loss 3.1734 (delta +0.2880) size 308.8 MB sparsity 19.6%
gen 21 offspring [55/100] k= 18 (used  17.0) c=0.977 alpha=-0.371 beta=+0.227 | loss 3.7105 (delta +0.8251) size 244.2 MB sparsity 26.6%
gen 21 offspring [56/100] k= 16 (used  16.0) c=0.865 alpha=-0.007 beta=+0.220 | loss 3.5470 (delta +0.6617) size 246.6 MB sparsity 21.8%
gen 21 offspring [57/100] k= 38 (used  38.0) c=0.848 alpha=-0.177 beta=+0.137 | loss 3.0264 (delta +0.1410) size 371.5 MB sparsity 13.5%
gen 21 offspring [58/100] k= 16 (used  15.0) c=0.977 alpha=-0.133 beta=+0.061 | loss 3.8636 (delta +0.9783) size 244.9 MB sparsity 24.1%
gen 21 offspring [59/100] k= 33 (used  33.0) c=0.901 alpha=-0.068 beta=+0.125 | loss 3.0071 (delta +0.1218) size 338.2 MB sparsity 10.8%
gen 21 offspring [60/100] k= 16 (used  15.0) c=0.992 alpha=-0.012 beta=+0.167 | loss 3.8825 (delta +0.9971) size 244.7 MB sparsity 24.5%
gen 21 offspring [61/100] k= 33 (used  33.0) c=0.975 alpha=-0.048 beta=+0.268 | loss 3.0707 (delta +0.1853) size 320.1 MB sparsity 16.7%
gen 21 offspring [62/100] k= 16 (used  15.0) c=0.991 alpha=-0.300 beta=+0.219 | loss 4.0045 (delta +1.1191) size 244.2 MB sparsity 25.7%
gen 21 offspring [63/100] k= 51 (used  51.0) c=0.992 alpha=-0.226 beta=+0.231 | loss 3.0948 (delta +0.2094) size 362.5 MB sparsity 19.1%
gen 21 offspring [64/100] k= 45 (used  45.0) c=0.935 alpha=-0.114 beta=+0.260 | loss 3.0384 (delta +0.1531) size 371.1 MB sparsity 15.8%
gen 21 offspring [65/100] k= 17 (used  17.0) c=0.848 alpha=-0.025 beta=+0.274 | loss 3.4287 (delta +0.5434) size 257.5 MB sparsity 21.2%
gen 21 offspring [66/100] k= 34 (used  33.0) c=0.976 alpha=-0.222 beta=+0.283 | loss 3.1829 (delta +0.2975) size 306.0 MB sparsity 21.2%
gen 21 offspring [67/100] k= 31 (used  31.0) c=0.980 alpha=-0.091 beta=+0.150 | loss 3.0235 (delta +0.1381) size 309.8 MB sparsity 12.6%
gen 21 offspring [68/100] k= 34 (used  33.0) c=0.976 alpha=-0.288 beta=+0.317 | loss 3.3181 (delta +0.4328) size 294.1 MB sparsity 25.1%
gen 21 offspring [69/100] k= 30 (used  30.0) c=0.873 alpha=-0.216 beta=+0.283 | loss 3.1867 (delta +0.3014) size 306.7 MB sparsity 21.0%
gen 21 offspring [70/100] k= 36 (used  36.0) c=0.872 alpha=-0.214 beta=+0.291 | loss 3.2167 (delta +0.3313) size 355.2 MB sparsity 21.1%
gen 21 offspring [71/100] k= 90 (used  89.9) c=0.951 alpha=-0.113 beta=+0.203 | loss 2.9532 (delta +0.0679) size 433.1 MB sparsity 13.3%
gen 21 offspring [72/100] k= 31 (used  31.0) c=0.942 alpha=-0.207 beta=+0.175 | loss 3.0685 (delta +0.1832) size 309.8 MB sparsity 16.5%
gen 21 offspring [73/100] k= 55 (used  54.8) c=0.943 alpha=-0.206 beta=+0.438 | loss 3.3412 (delta +0.4559) size 335.9 MB sparsity 26.3%
gen 21 offspring [74/100] k= 32 (used  32.0) c=0.917 alpha=-0.210 beta=+0.268 | loss 3.1561 (delta +0.2708) size 308.3 MB sparsity 20.2%
gen 21 offspring [75/100] k= 33 (used  33.0) c=0.963 alpha=-0.306 beta=+0.222 | loss 3.2428 (delta +0.3575) size 303.3 MB sparsity 22.1%
gen 21 offspring [76/100] k= 19 (used  19.0) c=0.935 alpha=-0.215 beta=+0.067 | loss 3.3236 (delta +0.4382) size 307.3 MB sparsity 19.1%
gen 21 offspring [77/100] k= 17 (used  17.0) c=0.867 alpha=-0.216 beta=+0.257 | loss 3.4524 (delta +0.5670) size 256.6 MB sparsity 21.5%
gen 21 offspring [78/100] k= 33 (used  33.0) c=0.918 alpha=-0.322 beta=+0.299 | loss 3.3450 (delta +0.4597) size 292.3 MB sparsity 25.7%
gen 21 offspring [79/100] k= 17 (used  17.0) c=0.978 alpha=-0.371 beta=+0.231 | loss 3.7172 (delta +0.8318) size 244.0 MB sparsity 26.6%
gen 21 offspring [80/100] k= 17 (used  17.0) c=0.895 alpha=-0.216 beta=+0.195 | loss 3.4382 (delta +0.5529) size 259.8 MB sparsity 20.3%
gen 21 offspring [81/100] k= 17 (used  17.0) c=0.976 alpha=-0.364 beta=+0.300 | loss 3.8048 (delta +0.9195) size 239.8 MB sparsity 28.3%
gen 21 offspring [82/100] k= 16 (used  16.0) c=0.849 alpha=-0.308 beta=+0.107 | loss 3.6046 (delta +0.7193) size 246.1 MB sparsity 23.9%
gen 21 offspring [83/100] k= 60 (used  60.0) c=0.899 alpha=-0.061 beta=+0.070 | loss 2.9283 (delta +0.0429) size 371.5 MB sparsity 6.2%
gen 21 offspring [84/100] k= 32 (used  32.0) c=0.948 alpha=-0.204 beta=+0.212 | loss 3.1030 (delta +0.2176) size 309.6 MB sparsity 17.8%
gen 21 offspring [85/100] k= 32 (used  32.0) c=0.911 alpha=-0.271 beta=+0.264 | loss 3.2390 (delta +0.3536) size 302.5 MB sparsity 22.4%
gen 21 offspring [86/100] k= 65 (used  65.0) c=0.899 alpha=-0.061 beta=+0.077 | loss 2.9239 (delta +0.0385) size 410.1 MB sparsity 6.3%
gen 21 offspring [87/100] k= 99 (used  98.8) c=0.993 alpha=-0.239 beta=+0.030 | loss 2.9652 (delta +0.0798) size 433.3 MB sparsity 11.8%
gen 21 offspring [88/100] k= 34 (used  33.0) c=0.992 alpha=-0.182 beta=+0.011 | loss 3.0252 (delta +0.1399) size 330.1 MB sparsity 13.4%
gen 21 offspring [89/100] k= 29 (used  29.0) c=0.946 alpha=-0.262 beta=+0.312 | loss 3.3380 (delta +0.4526) size 297.6 MB sparsity 23.9%
gen 21 offspring [90/100] k=114 (used 114.0) c=0.980 alpha=-0.010 beta=+0.072 | loss 2.8979 (delta +0.0125) size 433.3 MB sparsity 4.7%
gen 21 offspring [91/100] k=233 (used 231.9) c=0.997 alpha=-0.025 beta=+0.201 | loss 2.9343 (delta +0.0490) size 495.0 MB sparsity 9.5%
gen 21 offspring [92/100] k= 33 (used  33.0) c=0.963 alpha=-0.230 beta=+0.318 | loss 3.2451 (delta +0.3598) size 300.9 MB sparsity 22.9%
gen 21 offspring [93/100] k= 34 (used  33.0) c=0.976 alpha=-0.274 beta=+0.025 | loss 3.0875 (delta +0.2021) size 319.4 MB sparsity 16.9%
gen 21 offspring [94/100] k= 39 (used  39.0) c=0.987 alpha=-0.206 beta=+0.267 | loss 3.1682 (delta +0.2829) size 359.7 MB sparsity 19.9%
gen 21 offspring [95/100] k= 32 (used  32.0) c=0.917 alpha=-0.340 beta=+0.268 | loss 3.3295 (delta +0.4442) size 293.7 MB sparsity 25.2%
gen 21 offspring [96/100] k= 32 (used  32.0) c=0.910 alpha=-0.270 beta=+0.252 | loss 3.2232 (delta +0.3378) size 304.0 MB sparsity 21.9%
gen 21 offspring [97/100] k= 17 (used  17.0) c=0.848 alpha=-0.342 beta=+0.136 | loss 3.5702 (delta +0.6848) size 251.4 MB sparsity 23.6%
gen 21 offspring [98/100] k= 32 (used  32.0) c=0.911 alpha=-0.359 beta=+0.258 | loss 3.3579 (delta +0.4725) size 292.7 MB sparsity 25.5%
gen 21 offspring [99/100] k= 16 (used  15.0) c=0.938 alpha=-0.004 beta=+0.310 | loss 3.7817 (delta +0.8963) size 244.9 MB sparsity 25.3%
gen 21 offspring [100/100] k= 28 (used  27.0) c=0.979 alpha=-0.382 beta=+0.300 | loss 3.5770 (delta +0.6916) size 284.6 MB sparsity 28.2%
=== generation 21/50 done in 461s (0 reused), batch baseline 2.8854, HV 0.36498, front 100 points, 100/100 feasible, best delta loss +0.0035, smallest 238.3 MB
gen 22 offspring [1/100] k= 33 (used  33.0) c=1.000 alpha=-0.226 beta=+0.258 | loss 3.1760 (delta +0.2907) size 308.5 MB sparsity 20.4%
gen 22 offspring [2/100] k= 32 (used  32.0) c=0.911 alpha=-0.085 beta=+0.264 | loss 3.0781 (delta +0.1928) size 309.7 MB sparsity 16.5%
gen 22 offspring [3/100] k= 82 (used  81.0) c=0.992 alpha=-0.012 beta=+0.225 | loss 2.9618 (delta +0.0764) size 433.3 MB sparsity 11.6%
gen 22 offspring [4/100] k= 32 (used  31.0) c=0.990 alpha=-0.044 beta=+0.129 | loss 3.0219 (delta +0.1366) size 309.8 MB sparsity 12.1%
gen 22 offspring [5/100] k= 17 (used  17.0) c=0.977 alpha=-0.375 beta=+0.291 | loss 3.7882 (delta +0.9028) size 239.6 MB sparsity 28.4%
gen 22 offspring [6/100] k= 16 (used  16.0) c=0.848 alpha=-0.063 beta=+0.455 | loss 3.8854 (delta +1.0000) size 238.0 MB sparsity 29.0%
gen 22 offspring [7/100] k= 17 (used  17.0) c=0.947 alpha=-0.203 beta=+0.300 | loss 3.5743 (delta +0.6889) size 251.9 MB sparsity 23.4%
gen 22 offspring [8/100] k= 33 (used  33.0) c=0.993 alpha=-0.371 beta=+0.135 | loss 3.2354 (delta +0.3500) size 305.4 MB sparsity 21.4%
gen 22 offspring [9/100] k= 17 (used  17.0) c=0.848 alpha=-0.025 beta=+0.193 | loss 3.3714 (delta +0.4860) size 263.2 MB sparsity 18.9%
gen 22 offspring [10/100] k= 16 (used  16.0) c=0.865 alpha=-0.065 beta=+0.127 | loss 3.5500 (delta +0.6647) size 246.6 MB sparsity 21.5%
gen 22 offspring [11/100] k= 16 (used  16.0) c=0.867 alpha=-0.308 beta=+0.209 | loss 3.6497 (delta +0.7643) size 245.9 MB sparsity 24.2%
gen 22 offspring [12/100] k= 16 (used  16.0) c=0.849 alpha=-0.243 beta=+0.220 | loss 3.5315 (delta +0.6462) size 246.8 MB sparsity 22.2%
gen 22 offspring [13/100] k= 35 (used  35.0) c=0.996 alpha=-0.222 beta=+0.283 | loss 3.2043 (delta +0.3190) size 354.8 MB sparsity 21.2%
gen 22 offspring [14/100] k= 17 (used  17.0) c=0.812 alpha=-0.184 beta=+0.243 | loss 3.4532 (delta +0.5678) size 260.6 MB sparsity 19.9%
gen 22 offspring [15/100] k= 33 (used  33.0) c=0.975 alpha=-0.288 beta=+0.318 | loss 3.3170 (delta +0.4316) size 293.9 MB sparsity 25.1%
gen 22 offspring [16/100] k= 32 (used  32.0) c=0.945 alpha=-0.163 beta=+0.261 | loss 3.1059 (delta +0.2206) size 309.5 MB sparsity 18.2%
gen 22 offspring [17/100] k= 33 (used  33.0) c=0.975 alpha=-0.092 beta=+0.255 | loss 3.0600 (delta +0.1746) size 321.7 MB sparsity 16.1%
gen 22 offspring [18/100] k= 34 (used  33.0) c=0.993 alpha=-0.216 beta=+0.283 | loss 3.1802 (delta +0.2948) size 306.8 MB sparsity 21.0%
gen 22 offspring [19/100] k= 64 (used  64.0) c=0.899 alpha=-0.061 beta=+0.077 | loss 2.9186 (delta +0.0332) size 371.5 MB sparsity 6.3%
gen 22 offspring [20/100] k= 49 (used  49.0) c=0.997 alpha=-0.038 beta=+0.258 | loss 3.0169 (delta +0.1316) size 371.4 MB sparsity 14.4%
gen 22 offspring [21/100] k= 18 (used  17.0) c=0.962 alpha=-0.180 beta=+0.405 | loss 3.7441 (delta +0.8587) size 242.6 MB sparsity 27.2%
gen 22 offspring [22/100] k= 25 (used  25.0) c=0.915 alpha=-0.210 beta=+0.060 | loss 3.1456 (delta +0.2602) size 309.6 MB sparsity 15.9%
gen 22 offspring [23/100] k= 82 (used  82.0) c=0.925 alpha=-0.060 beta=+0.114 | loss 2.9119 (delta +0.0265) size 433.3 MB sparsity 7.5%
gen 22 offspring [24/100] k= 16 (used  16.0) c=0.864 alpha=-0.217 beta=+0.186 | loss 3.5544 (delta +0.6691) size 246.7 MB sparsity 21.7%
gen 22 offspring [25/100] k= 33 (used  33.0) c=0.852 alpha=-0.013 beta=+0.125 | loss 3.0055 (delta +0.1202) size 339.3 MB sparsity 10.4%
gen 22 offspring [26/100] k= 17 (used  17.0) c=0.843 alpha=-0.216 beta=+0.220 | loss 3.4087 (delta +0.5233) size 259.9 MB sparsity 20.2%
gen 22 offspring [27/100] k= 34 (used  33.0) c=0.992 alpha=-0.298 beta=+0.283 | loss 3.3061 (delta +0.4208) size 296.9 MB sparsity 24.2%
gen 22 offspring [28/100] k= 30 (used  30.0) c=0.846 alpha=-0.199 beta=+0.288 | loss 3.1961 (delta +0.3108) size 307.8 MB sparsity 20.5%
gen 22 offspring [29/100] k= 16 (used  16.0) c=0.864 alpha=-0.216 beta=+0.264 | loss 3.5693 (delta +0.6840) size 246.5 MB sparsity 22.9%
gen 22 offspring [30/100] k= 32 (used  31.0) c=0.990 alpha=-0.032 beta=+0.293 | loss 3.1255 (delta +0.2402) size 309.2 MB sparsity 18.1%
gen 22 offspring [31/100] k= 16 (used  16.0) c=0.853 alpha=-0.187 beta=+0.264 | loss 3.5487 (delta +0.6633) size 246.6 MB sparsity 22.5%
gen 22 offspring [32/100] k= 25 (used  25.0) c=0.874 alpha=-0.355 beta=+0.258 | loss 3.4535 (delta +0.5682) size 292.9 MB sparsity 25.5%
gen 22 offspring [33/100] k= 18 (used  17.0) c=0.976 alpha=-0.382 beta=+0.377 | loss 4.0297 (delta +1.1443) size 231.6 MB sparsity 31.6%
gen 22 offspring [34/100] k= 42 (used  42.0) c=0.934 alpha=-0.286 beta=+0.268 | loss 3.2438 (delta +0.3584) size 348.1 MB sparsity 23.0%
gen 22 offspring [35/100] k= 34 (used  34.0) c=0.962 alpha=-0.180 beta=+0.320 | loss 3.1810 (delta +0.2957) size 355.5 MB sparsity 21.0%
gen 22 offspring [36/100] k= 33 (used  33.0) c=0.974 alpha=-0.230 beta=+0.303 | loss 3.2128 (delta +0.3275) size 302.7 MB sparsity 22.3%
gen 22 offspring [37/100] k= 17 (used  17.0) c=0.848 alpha=-0.025 beta=+0.198 | loss 3.3724 (delta +0.4870) size 263.0 MB sparsity 19.0%
gen 22 offspring [38/100] k=111 (used 110.4) c=0.976 alpha=-0.032 beta=+0.307 | loss 3.0502 (delta +0.1649) size 432.2 MB sparsity 14.3%
gen 22 offspring [39/100] k= 87 (used  86.8) c=0.951 alpha=-0.131 beta=+0.273 | loss 3.0145 (delta +0.1291) size 422.4 MB sparsity 16.8%
gen 22 offspring [40/100] k= 31 (used  31.0) c=0.911 alpha=-0.272 beta=+0.274 | loss 3.2483 (delta +0.3630) size 301.1 MB sparsity 22.8%
gen 22 offspring [41/100] k= 18 (used  18.0) c=0.866 alpha=-0.221 beta=+0.258 | loss 3.4519 (delta +0.5666) size 304.7 MB sparsity 21.6%
gen 22 offspring [42/100] k= 57 (used  57.0) c=0.992 alpha=-0.226 beta=+0.101 | loss 2.9838 (delta +0.0984) size 371.5 MB sparsity 13.9%
gen 22 offspring [43/100] k= 45 (used  45.0) c=0.896 alpha=-0.061 beta=+0.079 | loss 2.9533 (delta +0.0680) size 371.5 MB sparsity 7.5%
gen 22 offspring [44/100] k=233 (used 233.0) c=0.992 alpha=-0.028 beta=+0.042 | loss 2.8898 (delta +0.0044) size 495.1 MB sparsity 3.0%
gen 22 offspring [45/100] k= 32 (used  31.0) c=0.980 alpha=-0.258 beta=+0.253 | loss 3.2301 (delta +0.3448) size 305.2 MB sparsity 21.5%
gen 22 offspring [46/100] k= 50 (used  50.0) c=0.935 alpha=-0.032 beta=+0.055 | loss 2.9393 (delta +0.0539) size 371.5 MB sparsity 7.0%
gen 22 offspring [47/100] k= 17 (used  17.0) c=0.856 alpha=-0.149 beta=+0.287 | loss 3.4663 (delta +0.5810) size 256.1 MB sparsity 21.7%
gen 22 offspring [48/100] k= 28 (used  27.0) c=0.994 alpha=-0.336 beta=+0.299 | loss 3.4708 (delta +0.5854) size 290.1 MB sparsity 26.4%
gen 22 offspring [49/100] k= 33 (used  33.0) c=0.976 alpha=-0.091 beta=+0.058 | loss 2.9982 (delta +0.1129) size 337.8 MB sparsity 10.9%
gen 22 offspring [50/100] k= 31 (used  31.0) c=0.911 alpha=-0.272 beta=+0.111 | loss 3.0884 (delta +0.2030) size 309.7 MB sparsity 16.9%
gen 22 offspring [51/100] k= 16 (used  16.0) c=0.865 alpha=-0.278 beta=+0.333 | loss 3.7333 (delta +0.8479) size 244.0 MB sparsity 26.6%
gen 22 offspring [52/100] k= 16 (used  16.0) c=0.856 alpha=-0.307 beta=+0.017 | loss 3.6332 (delta +0.7479) size 246.1 MB sparsity 24.0%
gen 22 offspring [53/100] k= 44 (used  43.0) c=0.980 alpha=-0.091 beta=+0.058 | loss 2.9556 (delta +0.0703) size 371.5 MB sparsity 8.6%
gen 22 offspring [54/100] k= 18 (used  18.0) c=0.865 alpha=-0.210 beta=+0.227 | loss 3.4054 (delta +0.5200) size 306.3 MB sparsity 20.5%
gen 22 offspring [55/100] k= 51 (used  51.0) c=0.935 alpha=-0.210 beta=+0.033 | loss 2.9743 (delta +0.0890) size 371.5 MB sparsity 12.2%
gen 22 offspring [56/100] k= 31 (used  31.0) c=0.977 alpha=-0.434 beta=+0.191 | loss 3.5007 (delta +0.6153) size 291.8 MB sparsity 25.8%
gen 22 offspring [57/100] k=233 (used 230.9) c=0.992 alpha=-0.028 beta=+0.298 | loss 3.0245 (delta +0.1391) size 490.0 MB sparsity 13.5%
gen 22 offspring [58/100] k= 31 (used  31.0) c=0.979 alpha=-0.059 beta=+0.311 | loss 3.1449 (delta +0.2595) size 308.9 MB sparsity 18.7%
gen 22 offspring [59/100] k= 36 (used  36.0) c=0.956 alpha=-0.220 beta=+0.256 | loss 3.1984 (delta +0.3130) size 359.2 MB sparsity 20.0%
gen 22 offspring [60/100] k= 17 (used  17.0) c=0.849 alpha=-0.206 beta=+0.437 | loss 3.7368 (delta +0.8515) size 241.6 MB sparsity 27.6%
gen 22 offspring [61/100] k=148 (used 148.0) c=0.983 alpha=-0.043 beta=+0.014 | loss 2.8924 (delta +0.0070) size 495.0 MB sparsity 3.1%
gen 22 offspring [62/100] k= 16 (used  16.0) c=0.854 alpha=-0.207 beta=+0.179 | loss 3.5251 (delta +0.6398) size 246.8 MB sparsity 21.4%
gen 22 offspring [63/100] k= 35 (used  35.0) c=0.976 alpha=-0.222 beta=+0.299 | loss 3.2053 (delta +0.3199) size 352.6 MB sparsity 21.8%
gen 22 offspring [64/100] k= 34 (used  33.0) c=0.976 alpha=-0.274 beta=+0.299 | loss 3.2699 (delta +0.3845) size 298.0 MB sparsity 23.8%
gen 22 offspring [65/100] k= 17 (used  17.0) c=0.849 alpha=-0.207 beta=+0.258 | loss 3.4215 (delta +0.5361) size 257.5 MB sparsity 21.2%
gen 22 offspring [66/100] k= 32 (used  31.0) c=0.980 alpha=-0.250 beta=+0.316 | loss 3.3000 (delta +0.4146) size 298.6 MB sparsity 23.6%
gen 22 offspring [67/100] k= 17 (used  17.0) c=0.865 alpha=-0.299 beta=+0.257 | loss 3.6082 (delta +0.7229) size 250.2 MB sparsity 24.1%
gen 22 offspring [68/100] k= 16 (used  16.0) c=0.874 alpha=-0.216 beta=+0.258 | loss 3.5791 (delta +0.6938) size 246.5 MB sparsity 22.8%
gen 22 offspring [69/100] k= 16 (used  16.0) c=0.849 alpha=-0.143 beta=+0.042 | loss 3.5047 (delta +0.6193) size 246.8 MB sparsity 21.1%
gen 22 offspring [70/100] k= 40 (used  40.0) c=0.861 alpha=-0.221 beta=+0.316 | loss 3.2382 (delta +0.3528) size 350.6 MB sparsity 22.3%
gen 22 offspring [71/100] k=163 (used 162.2) c=0.993 alpha=-0.042 beta=+0.251 | loss 2.9682 (delta +0.0829) size 494.5 MB sparsity 12.2%
gen 22 offspring [72/100] k= 30 (used  30.0) c=0.957 alpha=-0.340 beta=+0.265 | loss 3.4205 (delta +0.5352) size 293.8 MB sparsity 25.2%
gen 22 offspring [73/100] k= 17 (used  17.0) c=0.850 alpha=-0.225 beta=+0.283 | loss 3.4891 (delta +0.6038) size 254.1 MB sparsity 22.5%
gen 22 offspring [74/100] k= 23 (used  23.0) c=0.950 alpha=-0.206 beta=+0.437 | loss 3.5467 (delta +0.6614) size 288.5 MB sparsity 26.9%
gen 22 offspring [75/100] k= 17 (used  17.0) c=0.865 alpha=-0.178 beta=+0.329 | loss 3.5279 (delta +0.6425) size 252.0 MB sparsity 23.4%
gen 22 offspring [76/100] k= 31 (used  31.0) c=0.945 alpha=-0.163 beta=+0.257 | loss 3.0979 (delta +0.2126) size 309.5 MB sparsity 18.0%
gen 22 offspring [77/100] k= 16 (used  15.0) c=0.940 alpha=-0.019 beta=+0.011 | loss 3.7334 (delta +0.8480) size 245.6 MB sparsity 23.3%
gen 22 offspring [78/100] k= 35 (used  35.0) c=0.976 alpha=-0.274 beta=+0.299 | loss 3.2683 (delta +0.3829) size 345.1 MB sparsity 23.8%
gen 22 offspring [79/100] k= 33 (used  33.0) c=0.995 alpha=-0.203 beta=+0.028 | loss 3.0388 (delta +0.1535) size 327.5 MB sparsity 14.3%
gen 22 offspring [80/100] k= 16 (used  16.0) c=0.865 alpha=-0.308 beta=+0.179 | loss 3.6514 (delta +0.7661) size 245.9 MB sparsity 24.1%
gen 22 offspring [81/100] k= 30 (used  30.0) c=0.912 alpha=-0.207 beta=+0.253 | loss 3.1619 (delta +0.2765) size 308.9 MB sparsity 19.5%
gen 22 offspring [82/100] k= 17 (used  17.0) c=0.849 alpha=-0.207 beta=+0.444 | loss 3.7740 (delta +0.8886) size 241.0 MB sparsity 27.9%
gen 22 offspring [83/100] k= 30 (used  30.0) c=0.880 alpha=-0.008 beta=+0.070 | loss 3.0152 (delta +0.1298) size 309.8 MB sparsity 11.2%
gen 22 offspring [84/100] k= 36 (used  36.0) c=0.906 alpha=-0.062 beta=+0.087 | loss 2.9818 (delta +0.0964) size 371.5 MB sparsity 9.6%
gen 22 offspring [85/100] k= 40 (used  39.0) c=0.983 alpha=-0.298 beta=+0.054 | loss 3.0943 (delta +0.2089) size 369.3 MB sparsity 17.0%
gen 22 offspring [86/100] k= 33 (used  33.0) c=0.910 alpha=-0.263 beta=+0.062 | loss 3.0853 (delta +0.2000) size 321.9 MB sparsity 16.1%
gen 22 offspring [87/100] k= 18 (used  18.0) c=0.848 alpha=-0.025 beta=+0.257 | loss 3.3964 (delta +0.5110) size 306.0 MB sparsity 20.6%
gen 22 offspring [88/100] k= 29 (used  29.0) c=0.994 alpha=-0.038 beta=+0.257 | loss 3.1176 (delta +0.2323) size 309.4 MB sparsity 17.2%
gen 22 offspring [89/100] k= 16 (used  16.0) c=0.884 alpha=-0.133 beta=+0.061 | loss 3.6055 (delta +0.7201) size 246.4 MB sparsity 22.0%
gen 22 offspring [90/100] k= 61 (used  61.0) c=0.991 alpha=-0.044 beta=+0.127 | loss 2.9378 (delta +0.0524) size 371.5 MB sparsity 8.4%
gen 22 offspring [91/100] k=137 (used 137.0) c=0.992 alpha=-0.042 beta=+0.042 | loss 2.8920 (delta +0.0066) size 495.0 MB sparsity 3.7%
gen 22 offspring [92/100] k= 39 (used  39.0) c=0.975 alpha=-0.086 beta=+0.317 | loss 3.1264 (delta +0.2410) size 367.6 MB sparsity 17.7%
gen 22 offspring [93/100] k= 33 (used  33.0) c=0.987 alpha=-0.351 beta=+0.304 | loss 3.4114 (delta +0.5260) size 288.2 MB sparsity 27.0%
gen 22 offspring [94/100] k= 16 (used  16.0) c=0.847 alpha=-0.301 beta=+0.219 | loss 3.6065 (delta +0.7211) size 246.3 MB sparsity 23.9%
gen 22 offspring [95/100] k= 16 (used  16.0) c=0.850 alpha=-0.222 beta=+0.281 | loss 3.5636 (delta +0.6783) size 246.5 MB sparsity 23.3%
gen 22 offspring [96/100] k= 17 (used  17.0) c=0.979 alpha=-0.241 beta=+0.438 | loss 3.8109 (delta +0.9255) size 237.6 MB sparsity 29.2%
gen 22 offspring [97/100] k= 17 (used  17.0) c=0.865 alpha=-0.207 beta=+0.414 | loss 3.7084 (delta +0.8231) size 243.4 MB sparsity 26.9%
gen 22 offspring [98/100] k= 30 (used  29.0) c=0.991 alpha=-0.271 beta=+0.265 | loss 3.3000 (delta +0.4147) size 302.0 MB sparsity 22.5%
gen 22 offspring [99/100] k= 17 (used  17.0) c=0.850 alpha=-0.245 beta=+0.402 | loss 3.7311 (delta +0.8457) size 242.0 MB sparsity 27.4%
gen 22 offspring [100/100] k= 57 (used  57.0) c=0.912 alpha=-0.226 beta=+0.111 | loss 2.9952 (delta +0.1099) size 371.5 MB sparsity 14.2%
=== generation 22/50 done in 461s (0 reused), batch baseline 2.8854, HV 0.36608, front 100 points, 100/100 feasible, best delta loss +0.0035, smallest 237.6 MB
gen 23 offspring [1/100] k= 33 (used  33.0) c=0.993 alpha=-0.298 beta=+0.283 | loss 3.2981 (delta +0.4127) size 296.9 MB sparsity 24.2%
gen 23 offspring [2/100] k= 16 (used  16.0) c=0.872 alpha=-0.092 beta=+0.333 | loss 3.6591 (delta +0.7738) size 245.3 MB sparsity 25.1%
gen 23 offspring [3/100] k= 17 (used  17.0) c=0.978 alpha=-0.216 beta=+0.267 | loss 3.5382 (delta +0.6529) size 253.3 MB sparsity 22.9%
gen 23 offspring [4/100] k= 21 (used  21.0) c=0.876 alpha=-0.215 beta=+0.281 | loss 3.3401 (delta +0.4547) size 305.4 MB sparsity 21.4%
gen 23 offspring [5/100] k= 16 (used  16.0) c=0.849 alpha=-0.226 beta=+0.186 | loss 3.5078 (delta +0.6225) size 246.8 MB sparsity 21.5%
gen 23 offspring [6/100] k= 16 (used  15.0) c=0.993 alpha=-0.216 beta=+0.346 | loss 3.9476 (delta +1.0623) size 242.5 MB sparsity 27.2%
gen 23 offspring [7/100] k= 17 (used  17.0) c=0.807 alpha=-0.207 beta=+0.253 | loss 3.4725 (delta +0.5871) size 258.7 MB sparsity 20.7%
gen 23 offspring [8/100] k= 48 (used  47.0) c=0.989 alpha=-0.050 beta=+0.306 | loss 3.0760 (delta +0.1906) size 370.2 MB sparsity 16.5%
gen 23 offspring [9/100] k= 33 (used  33.0) c=0.890 alpha=-0.073 beta=+0.258 | loss 3.0831 (delta +0.1977) size 322.9 MB sparsity 15.8%
gen 23 offspring [10/100] k= 17 (used  17.0) c=0.865 alpha=-0.189 beta=+0.414 | loss 3.7050 (delta +0.8197) size 244.1 MB sparsity 26.6%
gen 23 offspring [11/100] k=219 (used 218.5) c=0.991 alpha=-0.113 beta=+0.117 | loss 2.9058 (delta +0.0204) size 495.0 MB sparsity 9.7%
gen 23 offspring [12/100] k= 17 (used  17.0) c=0.861 alpha=-0.026 beta=+0.430 | loss 3.7227 (delta +0.8374) size 243.1 MB sparsity 27.0%
gen 23 offspring [13/100] k= 61 (used  61.0) c=0.861 alpha=-0.061 beta=+0.077 | loss 2.9350 (delta +0.0496) size 371.5 MB sparsity 6.3%
gen 23 offspring [14/100] k= 17 (used  17.0) c=0.976 alpha=-0.271 beta=+0.438 | loss 3.8744 (delta +0.9890) size 235.6 MB sparsity 30.0%
gen 23 offspring [15/100] k= 33 (used  33.0) c=0.973 alpha=-0.212 beta=+0.268 | loss 3.1509 (delta +0.2656) size 309.0 MB sparsity 20.2%
gen 23 offspring [16/100] k= 17 (used  17.0) c=0.960 alpha=-0.015 beta=+0.218 | loss 3.5276 (delta +0.6423) size 257.4 MB sparsity 21.2%
gen 23 offspring [17/100] k= 32 (used  31.0) c=0.992 alpha=-0.091 beta=+0.013 | loss 3.0238 (delta +0.1384) size 309.8 MB sparsity 11.8%
gen 23 offspring [18/100] k= 47 (used  47.0) c=0.978 alpha=-0.280 beta=+0.084 | loss 3.0495 (delta +0.1641) size 371.0 MB sparsity 15.7%
gen 23 offspring [19/100] k= 31 (used  31.0) c=0.910 alpha=-0.362 beta=+0.252 | loss 3.3491 (delta +0.4637) size 293.1 MB sparsity 25.4%
gen 23 offspring [20/100] k= 17 (used  17.0) c=0.849 alpha=-0.163 beta=+0.472 | loss 8.9105 (delta +6.0252) size 239.7 MB sparsity 28.4%
gen 23 offspring [21/100] k= 33 (used  33.0) c=0.946 alpha=-0.011 beta=+0.338 | loss 3.1627 (delta +0.2773) size 312.3 MB sparsity 19.2%
gen 23 offspring [22/100] k= 17 (used  17.0) c=0.848 alpha=-0.180 beta=+0.274 | loss 3.4305 (delta +0.5452) size 257.2 MB sparsity 21.3%
gen 23 offspring [23/100] k= 41 (used  41.0) c=0.976 alpha=-0.316 beta=+0.268 | loss 3.3102 (delta +0.4249) size 343.7 MB sparsity 24.2%
gen 23 offspring [24/100] k= 16 (used  16.0) c=0.878 alpha=-0.275 beta=+0.061 | loss 3.6641 (delta +0.7788) size 246.3 MB sparsity 23.2%
gen 23 offspring [25/100] k= 64 (used  64.0) c=0.902 alpha=-0.071 beta=+0.077 | loss 2.9209 (delta +0.0355) size 371.5 MB sparsity 6.6%
gen 23 offspring [26/100] k= 34 (used  33.0) c=0.980 alpha=-0.236 beta=+0.247 | loss 3.1681 (delta +0.2827) size 308.7 MB sparsity 20.4%
gen 23 offspring [27/100] k= 28 (used  28.0) c=0.869 alpha=-0.043 beta=+0.043 | loss 3.0437 (delta +0.1583) size 309.8 MB sparsity 11.9%
gen 23 offspring [28/100] k= 42 (used  41.0) c=0.988 alpha=-0.208 beta=+0.128 | loss 3.0159 (delta +0.1305) size 371.4 MB sparsity 14.5%
gen 23 offspring [29/100] k= 90 (used  90.0) c=0.927 alpha=-0.005 beta=+0.031 | loss 2.9031 (delta +0.0177) size 433.3 MB sparsity 3.8%
gen 23 offspring [30/100] k= 17 (used  17.0) c=0.872 alpha=-0.268 beta=+0.243 | loss 3.5484 (delta +0.6630) size 253.8 MB sparsity 22.6%
gen 23 offspring [31/100] k= 33 (used  33.0) c=0.969 alpha=-0.070 beta=+0.318 | loss 3.1363 (delta +0.2510) size 314.2 MB sparsity 18.6%
gen 23 offspring [32/100] k= 32 (used  31.0) c=0.989 alpha=-0.031 beta=+0.032 | loss 3.0257 (delta +0.1403) size 309.8 MB sparsity 11.8%
gen 23 offspring [33/100] k= 17 (used  17.0) c=0.848 alpha=-0.025 beta=+0.230 | loss 3.3824 (delta +0.4970) size 261.0 MB sparsity 19.8%
gen 23 offspring [34/100] k= 17 (used  17.0) c=0.849 alpha=-0.223 beta=+0.444 | loss 3.7871 (delta +0.9018) size 239.9 MB sparsity 28.3%
gen 23 offspring [35/100] k= 16 (used  16.0) c=0.863 alpha=-0.308 beta=+0.179 | loss 3.6472 (delta +0.7619) size 246.0 MB sparsity 24.1%
gen 23 offspring [36/100] k= 16 (used  16.0) c=0.849 alpha=-0.207 beta=+0.260 | loss 3.5337 (delta +0.6483) size 246.7 MB sparsity 22.5%
gen 23 offspring [37/100] k= 16 (used  16.0) c=0.875 alpha=-0.250 beta=+0.258 | loss 3.6075 (delta +0.7222) size 246.4 MB sparsity 23.5%
gen 23 offspring [38/100] k= 35 (used  35.0) c=0.983 alpha=-0.051 beta=+0.217 | loss 3.0426 (delta +0.1572) size 371.1 MB sparsity 14.4%
gen 23 offspring [39/100] k=137 (used 135.2) c=0.992 alpha=-0.044 beta=+0.452 | loss 6.8329 (delta +3.9475) size 457.5 MB sparsity 20.1%
gen 23 offspring [40/100] k= 33 (used  33.0) c=0.975 alpha=-0.205 beta=+0.310 | loss 3.1912 (delta +0.3058) size 304.9 MB sparsity 21.6%
gen 23 offspring [41/100] k= 17 (used  17.0) c=0.849 alpha=-0.207 beta=+0.264 | loss 3.4248 (delta +0.5394) size 257.0 MB sparsity 21.4%
gen 23 offspring [42/100] k= 16 (used  15.0) c=0.953 alpha=-0.201 beta=+0.253 | loss 3.7894 (delta +0.9040) size 245.3 MB sparsity 24.0%
gen 23 offspring [43/100] k= 58 (used  58.0) c=0.981 alpha=-0.062 beta=+0.099 | loss 2.9308 (delta +0.0454) size 371.5 MB sparsity 7.6%
gen 23 offspring [44/100] k= 17 (used  17.0) c=0.979 alpha=-0.241 beta=+0.283 | loss 3.5755 (delta +0.6902) size 250.9 MB sparsity 23.8%
gen 23 offspring [45/100] k= 32 (used  31.0) c=0.975 alpha=-0.288 beta=+0.318 | loss 3.3570 (delta +0.4716) size 293.7 MB sparsity 25.2%
gen 23 offspring [46/100] k= 17 (used  17.0) c=0.972 alpha=-0.102 beta=+0.438 | loss 3.7821 (delta +0.8968) size 239.4 MB sparsity 28.5%
gen 23 offspring [47/100] k= 31 (used  31.0) c=0.859 alpha=-0.330 beta=+0.281 | loss 3.3695 (delta +0.4842) size 293.4 MB sparsity 25.3%
gen 23 offspring [48/100] k= 17 (used  17.0) c=0.852 alpha=-0.216 beta=+0.291 | loss 3.4761 (delta +0.5907) size 254.0 MB sparsity 22.6%
gen 23 offspring [49/100] k= 17 (used  17.0) c=0.848 alpha=-0.025 beta=+0.214 | loss 3.3779 (delta +0.4926) size 262.1 MB sparsity 19.3%
gen 23 offspring [50/100] k=165 (used 165.0) c=0.863 alpha=-0.001 beta=+0.081 | loss 2.9137 (delta +0.0283) size 495.0 MB sparsity 4.3%
gen 23 offspring [51/100] k= 16 (used  16.0) c=0.849 alpha=-0.207 beta=+0.321 | loss 3.6047 (delta +0.7194) size 245.9 MB sparsity 24.5%
gen 23 offspring [52/100] k= 33 (used  33.0) c=0.892 alpha=-0.334 beta=+0.114 | loss 3.1669 (delta +0.2816) size 312.4 MB sparsity 19.1%
gen 23 offspring [53/100] k= 16 (used  15.0) c=0.955 alpha=-0.216 beta=+0.146 | loss 3.8007 (delta +0.9154) size 245.3 MB sparsity 23.6%
gen 23 offspring [54/100] k= 16 (used  16.0) c=0.851 alpha=-0.141 beta=+0.257 | loss 3.5419 (delta +0.6566) size 246.7 MB sparsity 22.3%
gen 23 offspring [55/100] k= 16 (used  16.0) c=0.857 alpha=-0.207 beta=+0.393 | loss 3.7317 (delta +0.8464) size 242.9 MB sparsity 27.1%
gen 23 offspring [56/100] k= 95 (used  95.0) c=0.952 alpha=-0.028 beta=+0.041 | loss 2.8999 (delta +0.0146) size 433.3 MB sparsity 3.8%
gen 23 offspring [57/100] k= 17 (used  17.0) c=0.849 alpha=-0.207 beta=+0.463 | loss 3.8698 (delta +0.9845) size 239.3 MB sparsity 28.5%
gen 23 offspring [58/100] k= 17 (used  17.0) c=0.849 alpha=-0.181 beta=+0.238 | loss 3.3961 (delta +0.5107) size 260.1 MB sparsity 20.1%
gen 23 offspring [59/100] k= 34 (used  33.0) c=0.995 alpha=-0.060 beta=+0.217 | loss 3.0483 (delta +0.1630) size 325.8 MB sparsity 14.8%
gen 23 offspring [60/100] k= 32 (used  32.0) c=0.911 alpha=-0.206 beta=+0.264 | loss 3.1496 (delta +0.2642) size 308.7 MB sparsity 19.8%
gen 23 offspring [61/100] k= 32 (used  32.0) c=0.919 alpha=-0.248 beta=+0.318 | loss 3.2677 (delta +0.3824) size 298.7 MB sparsity 23.6%
gen 23 offspring [62/100] k= 33 (used  33.0) c=0.847 alpha=-0.180 beta=+0.288 | loss 3.1854 (delta +0.3001) size 310.8 MB sparsity 19.7%
gen 23 offspring [63/100] k= 29 (used  29.0) c=0.979 alpha=-0.070 beta=+0.054 | loss 3.0509 (delta +0.1656) size 309.8 MB sparsity 12.5%
gen 23 offspring [64/100] k= 34 (used  33.0) c=0.991 alpha=-0.221 beta=+0.283 | loss 3.1977 (delta +0.3123) size 306.1 MB sparsity 21.2%
gen 23 offspring [65/100] k= 17 (used  17.0) c=0.849 alpha=-0.202 beta=+0.179 | loss 3.3754 (delta +0.4901) size 262.5 MB sparsity 19.1%
gen 23 offspring [66/100] k= 32 (used  32.0) c=0.862 alpha=-0.009 beta=+0.097 | loss 3.0115 (delta +0.1262) size 309.8 MB sparsity 10.3%
gen 23 offspring [67/100] k= 29 (used  29.0) c=0.918 alpha=-0.322 beta=+0.040 | loss 3.1933 (delta +0.3080) size 308.7 MB sparsity 19.2%
gen 23 offspring [68/100] k= 17 (used  17.0) c=0.847 alpha=-0.029 beta=+0.243 | loss 3.3960 (delta +0.5106) size 260.0 MB sparsity 20.1%
gen 23 offspring [69/100] k= 33 (used  33.0) c=0.976 alpha=-0.259 beta=+0.352 | loss 3.3100 (delta +0.4247) size 293.4 MB sparsity 25.3%
gen 23 offspring [70/100] k= 35 (used  35.0) c=0.980 alpha=-0.138 beta=+0.299 | loss 3.1169 (delta +0.2316) size 364.4 MB sparsity 18.6%
gen 23 offspring [71/100] k= 31 (used  31.0) c=0.903 alpha=-0.272 beta=+0.111 | loss 3.0947 (delta +0.2093) size 309.7 MB sparsity 16.9%
gen 23 offspring [72/100] k= 40 (used  39.0) c=0.992 alpha=-0.298 beta=+0.283 | loss 3.3160 (delta +0.4307) size 344.0 MB sparsity 24.1%
gen 23 offspring [73/100] k=148 (used 148.0) c=0.982 alpha=-0.009 beta=+0.072 | loss 2.8949 (delta +0.0096) size 495.0 MB sparsity 4.3%
gen 23 offspring [74/100] k= 17 (used  17.0) c=0.849 alpha=-0.043 beta=+0.177 | loss 3.3766 (delta +0.4913) size 263.6 MB sparsity 18.7%
gen 23 offspring [75/100] k= 17 (used  17.0) c=0.865 alpha=-0.215 beta=+0.286 | loss 3.4808 (delta +0.5955) size 254.4 MB sparsity 22.4%
gen 23 offspring [76/100] k= 33 (used  33.0) c=0.979 alpha=-0.134 beta=+0.058 | loss 2.9998 (delta +0.1145) size 335.5 MB sparsity 11.7%
gen 23 offspring [77/100] k= 33 (used  33.0) c=0.976 alpha=-0.283 beta=+0.121 | loss 3.1011 (delta +0.2158) size 317.2 MB sparsity 17.6%
gen 23 offspring [78/100] k= 34 (used  34.0) c=0.913 alpha=-0.272 beta=+0.264 | loss 3.2615 (delta +0.3761) size 350.4 MB sparsity 22.4%
gen 23 offspring [79/100] k= 19 (used  19.0) c=0.848 alpha=-0.025 beta=+0.214 | loss 3.2683 (delta +0.3829) size 308.4 MB sparsity 18.0%
gen 23 offspring [80/100] k= 17 (used  17.0) c=0.865 alpha=-0.216 beta=+0.283 | loss 3.4837 (delta +0.5983) size 254.5 MB sparsity 22.4%
gen 23 offspring [81/100] k= 33 (used  33.0) c=0.992 alpha=-0.310 beta=+0.268 | loss 3.3033 (delta +0.4180) size 297.3 MB sparsity 24.1%
gen 23 offspring [82/100] k= 17 (used  17.0) c=0.884 alpha=-0.251 beta=+0.257 | loss 3.5628 (delta +0.6774) size 253.9 MB sparsity 22.6%
gen 23 offspring [83/100] k= 16 (used  16.0) c=0.849 alpha=-0.149 beta=+0.425 | loss 3.7635 (delta +0.8782) size 240.6 MB sparsity 28.0%
gen 23 offspring [84/100] k= 24 (used  24.0) c=0.946 alpha=-0.011 beta=+0.042 | loss 3.1554 (delta +0.2700) size 309.3 MB sparsity 15.2%
gen 23 offspring [85/100] k= 17 (used  17.0) c=0.975 alpha=-0.205 beta=+0.029 | loss 3.5099 (delta +0.6246) size 257.1 MB sparsity 21.3%
gen 23 offspring [86/100] k= 17 (used  17.0) c=0.865 alpha=-0.253 beta=+0.414 | loss 3.7846 (delta +0.8993) size 240.2 MB sparsity 28.2%
gen 23 offspring [87/100] k= 17 (used  17.0) c=0.865 alpha=-0.216 beta=+0.258 | loss 3.4492 (delta +0.5639) size 256.6 MB sparsity 21.5%
gen 23 offspring [88/100] k= 34 (used  34.0) c=0.859 alpha=-0.222 beta=+0.282 | loss 3.2731 (delta +0.3878) size 355.1 MB sparsity 21.1%
gen 23 offspring [89/100] k= 38 (used  38.0) c=0.942 alpha=-0.226 beta=+0.111 | loss 3.0349 (delta +0.1495) size 371.3 MB sparsity 14.7%
gen 23 offspring [90/100] k= 35 (used  35.0) c=0.931 alpha=-0.340 beta=+0.268 | loss 3.3941 (delta +0.5087) size 340.1 MB sparsity 25.2%
gen 23 offspring [91/100] k= 17 (used  17.0) c=0.850 alpha=-0.140 beta=+0.437 | loss 3.7400 (delta +0.8546) size 242.8 MB sparsity 27.1%
gen 23 offspring [92/100] k= 37 (used  37.0) c=0.953 alpha=-0.064 beta=+0.125 | loss 2.9785 (delta +0.0931) size 371.5 MB sparsity 10.4%
gen 23 offspring [93/100] k= 17 (used  17.0) c=0.974 alpha=-0.215 beta=+0.418 | loss 3.7717 (delta +0.8864) size 240.6 MB sparsity 28.0%
gen 23 offspring [94/100] k= 33 (used  33.0) c=0.931 alpha=-0.206 beta=+0.257 | loss 3.1565 (delta +0.2711) size 311.2 MB sparsity 19.6%
gen 23 offspring [95/100] k= 64 (used  64.0) c=0.899 alpha=-0.061 beta=+0.077 | loss 2.9190 (delta +0.0336) size 371.5 MB sparsity 6.3%
gen 23 offspring [96/100] k= 16 (used  16.0) c=0.850 alpha=-0.138 beta=+0.258 | loss 3.5401 (delta +0.6547) size 246.7 MB sparsity 22.3%
gen 23 offspring [97/100] k= 16 (used  16.0) c=0.878 alpha=-0.220 beta=+0.264 | loss 3.6342 (delta +0.7488) size 246.4 MB sparsity 23.1%
gen 23 offspring [98/100] k= 31 (used  31.0) c=0.912 alpha=-0.273 beta=+0.128 | loss 3.0958 (delta +0.2105) size 309.6 MB sparsity 17.4%
gen 23 offspring [99/100] k= 16 (used  16.0) c=0.852 alpha=-0.207 beta=+0.262 | loss 3.5555 (delta +0.6702) size 246.6 MB sparsity 22.6%
gen 23 offspring [100/100] k= 60 (used  59.0) c=0.988 alpha=-0.226 beta=+0.196 | loss 3.0537 (delta +0.1683) size 367.9 MB sparsity 17.7%
=== generation 23/50 done in 461s (0 reused), batch baseline 2.8854, HV 0.36625, front 100 points, 100/100 feasible, best delta loss +0.0035, smallest 235.6 MB
gen 24 offspring [1/100] k= 33 (used  33.0) c=0.975 alpha=-0.251 beta=+0.366 | loss 3.3283 (delta +0.4429) size 292.8 MB sparsity 25.5%
gen 24 offspring [2/100] k= 30 (used  29.0) c=0.979 alpha=-0.059 beta=+0.199 | loss 3.0648 (delta +0.1794) size 309.8 MB sparsity 14.9%
gen 24 offspring [3/100] k= 17 (used  17.0) c=0.987 alpha=-0.241 beta=+0.438 | loss 3.8288 (delta +0.9435) size 237.4 MB sparsity 29.3%
gen 24 offspring [4/100] k= 16 (used  16.0) c=0.849 alpha=-0.004 beta=+0.179 | loss 3.5049 (delta +0.6195) size 246.8 MB sparsity 21.1%
gen 24 offspring [5/100] k= 17 (used  17.0) c=0.976 alpha=-0.206 beta=+0.438 | loss 3.7820 (delta +0.8967) size 239.0 MB sparsity 28.6%
gen 24 offspring [6/100] k= 17 (used  17.0) c=0.860 alpha=-0.005 beta=+0.191 | loss 3.3895 (delta +0.5041) size 262.7 MB sparsity 19.1%
gen 24 offspring [7/100] k= 16 (used  16.0) c=0.850 alpha=-0.216 beta=+0.281 | loss 3.5598 (delta +0.6745) size 246.5 MB sparsity 23.2%
gen 24 offspring [8/100] k= 70 (used  70.0) c=0.899 alpha=-0.061 beta=+0.077 | loss 2.9158 (delta +0.0304) size 433.3 MB sparsity 6.2%
gen 24 offspring [9/100] k= 17 (used  17.0) c=0.849 alpha=-0.212 beta=+0.228 | loss 3.3965 (delta +0.5111) size 259.5 MB sparsity 20.4%
gen 24 offspring [10/100] k= 29 (used  29.0) c=0.994 alpha=-0.208 beta=+0.311 | loss 3.2683 (delta +0.3830) size 303.9 MB sparsity 21.9%
gen 24 offspring [11/100] k=104 (used 102.8) c=0.916 alpha=-0.322 beta=+0.299 | loss 3.2843 (delta +0.3990) size 384.6 MB sparsity 25.6%
gen 24 offspring [12/100] k= 31 (used  31.0) c=0.978 alpha=-0.031 beta=+0.224 | loss 3.0625 (delta +0.1771) size 309.8 MB sparsity 15.3%
gen 24 offspring [13/100] k= 33 (used  33.0) c=0.962 alpha=-0.180 beta=+0.320 | loss 3.1751 (delta +0.2898) size 306.7 MB sparsity 21.0%
gen 24 offspring [14/100] k= 16 (used  15.0) c=0.982 alpha=-0.291 beta=+0.264 | loss 3.9579 (delta +1.0725) size 244.4 MB sparsity 25.8%
gen 24 offspring [15/100] k= 17 (used  17.0) c=0.865 alpha=-0.189 beta=+0.409 | loss 3.6927 (delta +0.8074) size 244.5 MB sparsity 26.4%
gen 24 offspring [16/100] k=128 (used 128.0) c=0.984 alpha=-0.105 beta=+0.042 | loss 2.9001 (delta +0.0148) size 433.3 MB sparsity 6.3%
gen 24 offspring [17/100] k= 33 (used  33.0) c=0.975 alpha=-0.230 beta=+0.300 | loss 3.2085 (delta +0.3232) size 303.0 MB sparsity 22.2%
gen 24 offspring [18/100] k= 34 (used  33.0) c=0.972 alpha=-0.210 beta=+0.285 | loss 3.1695 (delta +0.2842) size 307.3 MB sparsity 20.8%
gen 24 offspring [19/100] k= 28 (used  27.0) c=0.984 alpha=-0.040 beta=+0.110 | loss 3.1002 (delta +0.2149) size 309.8 MB sparsity 13.5%
gen 24 offspring [20/100] k= 18 (used  18.0) c=0.848 alpha=-0.184 beta=+0.243 | loss 3.3815 (delta +0.4961) size 306.4 MB sparsity 20.3%
gen 24 offspring [21/100] k= 16 (used  16.0) c=0.850 alpha=-0.091 beta=+0.304 | loss 3.5884 (delta +0.7031) size 246.2 MB sparsity 23.8%
gen 24 offspring [22/100] k= 32 (used  32.0) c=0.959 alpha=-0.069 beta=+0.049 | loss 3.0156 (delta +0.1302) size 309.8 MB sparsity 11.4%
gen 24 offspring [23/100] k= 18 (used  17.0) c=0.990 alpha=-0.046 beta=+0.341 | loss 3.6305 (delta +0.7452) size 247.4 MB sparsity 25.3%
gen 24 offspring [24/100] k= 17 (used  17.0) c=0.976 alpha=-0.334 beta=+0.352 | loss 3.8556 (delta +0.9703) size 238.0 MB sparsity 29.1%
gen 24 offspring [25/100] k= 17 (used  17.0) c=0.852 alpha=-0.190 beta=+0.291 | loss 3.4639 (delta +0.5785) size 255.3 MB sparsity 22.0%
gen 24 offspring [26/100] k= 32 (used  32.0) c=0.915 alpha=-0.207 beta=+0.041 | loss 3.0364 (delta +0.1511) size 309.8 MB sparsity 14.3%
gen 24 offspring [27/100] k= 17 (used  17.0) c=0.864 alpha=-0.211 beta=+0.260 | loss 3.4502 (delta +0.5649) size 256.7 MB sparsity 21.5%
gen 24 offspring [28/100] k= 33 (used  33.0) c=0.962 alpha=-0.322 beta=+0.316 | loss 3.3830 (delta +0.4977) size 290.1 MB sparsity 26.4%
gen 24 offspring [29/100] k= 22 (used  21.0) c=0.979 alpha=-0.163 beta=+0.026 | loss 3.2885 (delta +0.4031) size 308.2 MB sparsity 17.3%
gen 24 offspring [30/100] k= 17 (used  17.0) c=0.976 alpha=-0.103 beta=+0.438 | loss 3.7775 (delta +0.8921) size 239.3 MB sparsity 28.6%
gen 24 offspring [31/100] k= 33 (used  33.0) c=0.975 alpha=-0.205 beta=+0.310 | loss 3.1915 (delta +0.3061) size 304.9 MB sparsity 21.6%
gen 24 offspring [32/100] k= 29 (used  29.0) c=0.849 alpha=-0.011 beta=+0.042 | loss 3.0289 (delta +0.1435) size 309.8 MB sparsity 10.8%
gen 24 offspring [33/100] k= 33 (used  33.0) c=0.965 alpha=-0.179 beta=+0.064 | loss 3.0165 (delta +0.1311) size 331.0 MB sparsity 13.1%
gen 24 offspring [34/100] k= 30 (used  30.0) c=0.850 alpha=-0.216 beta=+0.212 | loss 3.1336 (delta +0.2482) size 309.5 MB sparsity 18.2%
gen 24 offspring [35/100] k= 31 (used  31.0) c=0.942 alpha=-0.204 beta=+0.176 | loss 3.0656 (delta +0.1802) size 309.8 MB sparsity 16.4%
gen 24 offspring [36/100] k= 34 (used  33.0) c=0.979 alpha=-0.189 beta=+0.311 | loss 3.1781 (delta +0.2927) size 306.6 MB sparsity 21.0%
gen 24 offspring [37/100] k= 73 (used  73.0) c=0.881 alpha=-0.044 beta=+0.077 | loss 2.9225 (delta +0.0372) size 433.3 MB sparsity 5.6%
gen 24 offspring [38/100] k= 17 (used  17.0) c=0.863 alpha=-0.208 beta=+0.293 | loss 3.4971 (delta +0.6118) size 254.2 MB sparsity 22.5%
gen 24 offspring [39/100] k= 34 (used  33.0) c=0.976 alpha=-0.271 beta=+0.058 | loss 3.0848 (delta +0.1995) size 319.8 MB sparsity 16.8%
gen 24 offspring [40/100] k=136 (used 136.0) c=0.984 alpha=-0.043 beta=+0.042 | loss 2.8935 (delta +0.0081) size 495.0 MB sparsity 3.7%
gen 24 offspring [41/100] k= 32 (used  31.0) c=0.976 alpha=-0.258 beta=+0.409 | loss 3.4529 (delta +0.5675) size 286.8 MB sparsity 27.4%
gen 24 offspring [42/100] k= 34 (used  34.0) c=0.905 alpha=-0.298 beta=+0.283 | loss 3.3124 (delta +0.4271) size 343.9 MB sparsity 24.1%
gen 24 offspring [43/100] k= 57 (used  57.0) c=0.977 alpha=-0.226 beta=+0.051 | loss 2.9765 (delta +0.0911) size 371.5 MB sparsity 12.6%
gen 24 offspring [44/100] k= 26 (used  25.0) c=0.974 alpha=-0.277 beta=+0.303 | loss 3.4223 (delta +0.5369) size 296.3 MB sparsity 24.4%
gen 24 offspring [45/100] k= 16 (used  16.0) c=0.820 alpha=-0.026 beta=+0.075 | loss 3.5586 (delta +0.6732) size 247.1 MB sparsity 20.5%
gen 24 offspring [46/100] k= 16 (used  16.0) c=0.872 alpha=-0.009 beta=+0.076 | loss 3.5784 (delta +0.6931) size 246.6 MB sparsity 21.7%
gen 24 offspring [47/100] k= 16 (used  16.0) c=0.883 alpha=-0.037 beta=+0.258 | loss 3.6163 (delta +0.7310) size 246.3 MB sparsity 22.9%
gen 24 offspring [48/100] k= 32 (used  32.0) c=0.909 alpha=-0.271 beta=+0.225 | loss 3.2010 (delta +0.3157) size 307.1 MB sparsity 20.8%
gen 24 offspring [49/100] k= 82 (used  81.0) c=0.995 alpha=-0.218 beta=+0.032 | loss 2.9578 (delta +0.0724) size 433.3 MB sparsity 11.3%
gen 24 offspring [50/100] k= 34 (used  33.0) c=0.976 alpha=-0.259 beta=+0.299 | loss 3.2463 (delta +0.3609) size 299.7 MB sparsity 23.3%
gen 24 offspring [51/100] k= 16 (used  16.0) c=0.849 alpha=-0.291 beta=+0.259 | loss 3.6170 (delta +0.7316) size 246.1 MB sparsity 24.5%
gen 24 offspring [52/100] k= 17 (used  17.0) c=0.882 alpha=-0.133 beta=+0.122 | loss 3.4121 (delta +0.5267) size 262.1 MB sparsity 19.3%
gen 24 offspring [53/100] k= 17 (used  17.0) c=0.849 alpha=-0.206 beta=+0.442 | loss 3.7677 (delta +0.8823) size 241.2 MB sparsity 27.8%
gen 24 offspring [54/100] k= 33 (used  33.0) c=0.975 alpha=-0.034 beta=+0.256 | loss 3.0611 (delta +0.1757) size 321.5 MB sparsity 16.2%
gen 24 offspring [55/100] k= 33 (used  33.0) c=0.952 alpha=-0.106 beta=+0.115 | loss 3.0020 (delta +0.1167) size 337.4 MB sparsity 11.0%
gen 24 offspring [56/100] k= 33 (used  33.0) c=0.949 alpha=-0.103 beta=+0.175 | loss 3.0159 (delta +0.1306) size 331.4 MB sparsity 13.0%
gen 24 offspring [57/100] k= 17 (used  17.0) c=0.976 alpha=-0.271 beta=+0.467 | loss 3.9903 (delta +1.1050) size 233.0 MB sparsity 31.1%
gen 24 offspring [58/100] k= 33 (used  33.0) c=0.871 alpha=-0.134 beta=+0.005 | loss 3.0135 (delta +0.1281) size 337.9 MB sparsity 10.9%
gen 24 offspring [59/100] k= 17 (used  17.0) c=0.865 alpha=-0.215 beta=+0.295 | loss 3.4921 (delta +0.6068) size 253.5 MB sparsity 22.8%
gen 24 offspring [60/100] k= 32 (used  32.0) c=0.880 alpha=-0.009 beta=+0.073 | loss 3.0059 (delta +0.1205) size 309.8 MB sparsity 10.5%
gen 24 offspring [61/100] k= 16 (used  16.0) c=0.848 alpha=-0.226 beta=+0.189 | loss 3.5170 (delta +0.6316) size 246.8 MB sparsity 21.5%
gen 24 offspring [62/100] k= 29 (used  29.0) c=0.979 alpha=-0.142 beta=+0.036 | loss 3.0559 (delta +0.1706) size 309.8 MB sparsity 13.0%
gen 24 offspring [63/100] k= 32 (used  32.0) c=0.901 alpha=-0.137 beta=+0.266 | loss 3.0911 (delta +0.2058) size 309.7 MB sparsity 17.4%
gen 24 offspring [64/100] k= 61 (used  61.0) c=0.992 alpha=-0.185 beta=+0.301 | loss 3.1123 (delta +0.2269) size 358.5 MB sparsity 20.2%
gen 24 offspring [65/100] k= 17 (used  17.0) c=0.847 alpha=-0.207 beta=+0.253 | loss 3.4176 (delta +0.5322) size 257.9 MB sparsity 21.0%
gen 24 offspring [66/100] k= 31 (used  31.0) c=0.987 alpha=-0.216 beta=+0.251 | loss 3.1646 (delta +0.2792) size 308.6 MB sparsity 19.8%
gen 24 offspring [67/100] k= 17 (used  17.0) c=0.857 alpha=-0.207 beta=+0.275 | loss 3.4677 (delta +0.5824) size 255.9 MB sparsity 21.8%
gen 24 offspring [68/100] k=124 (used 124.0) c=0.884 alpha=-0.089 beta=+0.035 | loss 2.9099 (delta +0.0246) size 433.3 MB sparsity 5.3%
gen 24 offspring [69/100] k= 33 (used  33.0) c=0.849 alpha=-0.207 beta=+0.322 | loss 3.2558 (delta +0.3704) size 303.6 MB sparsity 22.0%
gen 24 offspring [70/100] k= 17 (used  17.0) c=0.847 alpha=-0.211 beta=+0.243 | loss 3.4093 (delta +0.5240) size 258.5 MB sparsity 20.8%
gen 24 offspring [71/100] k=123 (used 122.5) c=0.993 alpha=-0.045 beta=+0.269 | loss 2.9899 (delta +0.1045) size 433.2 MB sparsity 13.1%
gen 24 offspring [72/100] k= 17 (used  17.0) c=0.849 alpha=-0.216 beta=+0.434 | loss 3.7303 (delta +0.8449) size 241.3 MB sparsity 27.7%
gen 24 offspring [73/100] k= 33 (used  33.0) c=0.987 alpha=-0.180 beta=+0.344 | loss 3.2073 (delta +0.3219) size 303.8 MB sparsity 21.9%
gen 24 offspring [74/100] k= 35 (used  35.0) c=0.979 alpha=-0.233 beta=+0.438 | loss 3.4334 (delta +0.5480) size 331.4 MB sparsity 27.5%
gen 24 offspring [75/100] k= 37 (used  37.0) c=0.975 alpha=-0.286 beta=+0.282 | loss 3.3071 (delta +0.4218) size 345.8 MB sparsity 23.6%
gen 24 offspring [76/100] k= 16 (used  15.0) c=0.946 alpha=-0.149 beta=+0.425 | loss 3.9908 (delta +1.1054) size 237.5 MB sparsity 29.3%
gen 24 offspring [77/100] k= 49 (used  49.0) c=0.996 alpha=-0.045 beta=+0.290 | loss 3.0491 (delta +0.1638) size 370.9 MB sparsity 15.7%
gen 24 offspring [78/100] k= 17 (used  17.0) c=0.948 alpha=-0.134 beta=+0.224 | loss 3.4888 (delta +0.6035) size 257.6 MB sparsity 21.1%
gen 24 offspring [79/100] k=233 (used 233.0) c=0.992 alpha=-0.032 beta=+0.042 | loss 2.8886 (delta +0.0033) size 495.1 MB sparsity 3.1%
gen 24 offspring [80/100] k= 31 (used  31.0) c=0.976 alpha=-0.056 beta=+0.299 | loss 3.1299 (delta +0.2446) size 309.2 MB sparsity 18.2%
gen 24 offspring [81/100] k= 16 (used  16.0) c=0.850 alpha=-0.200 beta=+0.264 | loss 3.5390 (delta +0.6536) size 246.7 MB sparsity 22.5%
gen 24 offspring [82/100] k= 17 (used  17.0) c=0.952 alpha=-0.092 beta=+0.436 | loss 3.8213 (delta +0.9359) size 240.1 MB sparsity 28.2%
gen 24 offspring [83/100] k= 16 (used  16.0) c=0.882 alpha=-0.133 beta=+0.061 | loss 3.5987 (delta +0.7133) size 246.4 MB sparsity 21.9%
gen 24 offspring [84/100] k= 16 (used  16.0) c=0.854 alpha=-0.236 beta=+0.408 | loss 3.7654 (delta +0.8801) size 240.6 MB sparsity 28.0%
gen 24 offspring [85/100] k= 32 (used  31.0) c=0.996 alpha=-0.271 beta=+0.264 | loss 3.2756 (delta +0.3902) size 302.3 MB sparsity 22.4%
gen 24 offspring [86/100] k= 18 (used  17.0) c=0.995 alpha=-0.215 beta=+0.376 | loss 3.6966 (delta +0.8112) size 243.8 MB sparsity 26.7%
gen 24 offspring [87/100] k= 17 (used  17.0) c=0.857 alpha=-0.022 beta=+0.214 | loss 3.3932 (delta +0.5078) size 261.8 MB sparsity 19.4%
gen 24 offspring [88/100] k= 35 (used  35.0) c=0.974 alpha=-0.198 beta=+0.217 | loss 3.1060 (delta +0.2206) size 367.9 MB sparsity 17.6%
gen 24 offspring [89/100] k= 34 (used  34.0) c=0.850 alpha=-0.222 beta=+0.279 | loss 3.2375 (delta +0.3521) size 355.6 MB sparsity 21.0%
gen 24 offspring [90/100] k= 17 (used  17.0) c=0.874 alpha=-0.205 beta=+0.430 | loss 3.7536 (delta +0.8682) size 241.8 MB sparsity 27.5%
gen 24 offspring [91/100] k= 17 (used  17.0) c=0.847 alpha=-0.207 beta=+0.432 | loss 3.7201 (delta +0.8348) size 242.0 MB sparsity 27.4%
gen 24 offspring [92/100] k= 33 (used  33.0) c=0.911 alpha=-0.134 beta=+0.058 | loss 3.0070 (delta +0.1217) size 337.0 MB sparsity 11.2%
gen 24 offspring [93/100] k= 17 (used  17.0) c=0.849 alpha=-0.207 beta=+0.262 | loss 3.4229 (delta +0.5375) size 257.2 MB sparsity 21.3%
gen 24 offspring [94/100] k= 34 (used  33.0) c=0.980 alpha=-0.060 beta=+0.257 | loss 3.0664 (delta +0.1810) size 321.4 MB sparsity 16.2%
gen 24 offspring [95/100] k= 33 (used  33.0) c=0.978 alpha=-0.251 beta=+0.318 | loss 3.2606 (delta +0.3753) size 298.4 MB sparsity 23.7%
gen 24 offspring [96/100] k= 20 (used  20.0) c=0.849 alpha=-0.206 beta=+0.263 | loss 3.3440 (delta +0.4587) size 306.6 MB sparsity 20.7%
gen 24 offspring [97/100] k= 22 (used  21.0) c=0.985 alpha=-0.072 beta=+0.268 | loss 3.3203 (delta +0.4350) size 306.7 MB sparsity 20.2%
gen 24 offspring [98/100] k= 16 (used  16.0) c=0.849 alpha=-0.207 beta=+0.402 | loss 3.7197 (delta +0.8344) size 242.4 MB sparsity 27.3%
gen 24 offspring [99/100] k= 17 (used  17.0) c=0.865 alpha=-0.221 beta=+0.252 | loss 3.4534 (delta +0.5681) size 256.8 MB sparsity 21.5%
gen 24 offspring [100/100] k= 17 (used  17.0) c=0.847 alpha=-0.216 beta=+0.259 | loss 3.4322 (delta +0.5469) size 256.8 MB sparsity 21.5%
=== generation 24/50 done in 467s (0 reused), batch baseline 2.8854, HV 0.36634, front 100 points, 100/100 feasible, best delta loss +0.0033, smallest 235.6 MB
gen 25 offspring [1/100] k= 30 (used  30.0) c=0.876 alpha=-0.067 beta=+0.257 | loss 3.0849 (delta +0.1995) size 309.7 MB sparsity 16.4%
gen 25 offspring [2/100] k=137 (used 136.1) c=0.996 alpha=-0.321 beta=+0.042 | loss 3.0439 (delta +0.1585) size 482.5 MB sparsity 15.0%
gen 25 offspring [3/100] k= 34 (used  33.0) c=0.993 alpha=-0.210 beta=+0.265 | loss 3.1562 (delta +0.2708) size 309.7 MB sparsity 20.0%
gen 25 offspring [4/100] k= 33 (used  33.0) c=0.962 alpha=-0.177 beta=+0.102 | loss 3.0174 (delta +0.1320) size 331.1 MB sparsity 13.1%
gen 25 offspring [5/100] k= 16 (used  16.0) c=0.849 alpha=-0.226 beta=+0.249 | loss 3.5211 (delta +0.6357) size 246.7 MB sparsity 22.4%
gen 25 offspring [6/100] k= 16 (used  16.0) c=0.800 alpha=-0.222 beta=+0.282 | loss 3.6607 (delta +0.7754) size 246.9 MB sparsity 22.9%
gen 25 offspring [7/100] k= 32 (used  32.0) c=0.943 alpha=-0.005 beta=+0.311 | loss 3.1338 (delta +0.2484) size 309.1 MB sparsity 18.5%
gen 25 offspring [8/100] k= 77 (used  76.8) c=0.963 alpha=-0.060 beta=+0.300 | loss 3.0398 (delta +0.1545) size 429.8 MB sparsity 15.1%
gen 25 offspring [9/100] k= 16 (used  16.0) c=0.849 alpha=-0.207 beta=+0.299 | loss 3.5636 (delta +0.6783) size 246.3 MB sparsity 23.7%
gen 25 offspring [10/100] k= 20 (used  19.0) c=0.987 alpha=-0.246 beta=+0.435 | loss 3.8035 (delta +0.9182) size 282.6 MB sparsity 28.8%
gen 25 offspring [11/100] k= 16 (used  16.0) c=0.864 alpha=-0.178 beta=+0.381 | loss 3.7203 (delta +0.8349) size 243.7 MB sparsity 26.7%
gen 25 offspring [12/100] k= 17 (used  17.0) c=0.864 alpha=-0.193 beta=+0.409 | loss 3.6894 (delta +0.8040) size 244.4 MB sparsity 26.5%
gen 25 offspring [13/100] k= 32 (used  32.0) c=0.851 alpha=-0.009 beta=+0.073 | loss 3.0141 (delta +0.1288) size 309.8 MB sparsity 10.2%
gen 25 offspring [14/100] k= 17 (used  17.0) c=0.848 alpha=-0.023 beta=+0.193 | loss 3.3714 (delta +0.4860) size 263.2 MB sparsity 18.9%
gen 25 offspring [15/100] k= 34 (used  33.0) c=0.993 alpha=-0.275 beta=+0.356 | loss 3.3627 (delta +0.4773) size 291.0 MB sparsity 26.1%
gen 25 offspring [16/100] k= 33 (used  33.0) c=0.975 alpha=-0.251 beta=+0.315 | loss 3.2575 (delta +0.3722) size 298.9 MB sparsity 23.5%
gen 25 offspring [17/100] k= 17 (used  17.0) c=0.852 alpha=-0.002 beta=+0.290 | loss 3.4589 (delta +0.5736) size 255.9 MB sparsity 21.8%
gen 25 offspring [18/100] k=233 (used 233.0) c=0.991 alpha=-0.032 beta=+0.042 | loss 2.8896 (delta +0.0043) size 495.1 MB sparsity 3.1%
gen 25 offspring [19/100] k= 16 (used  16.0) c=0.849 alpha=-0.149 beta=+0.372 | loss 3.6540 (delta +0.7687) size 244.4 MB sparsity 26.1%
gen 25 offspring [20/100] k= 18 (used  18.0) c=0.850 alpha=-0.217 beta=+0.265 | loss 3.4244 (delta +0.5391) size 304.6 MB sparsity 21.7%
gen 25 offspring [21/100] k= 18 (used  18.0) c=0.819 alpha=-0.206 beta=+0.512 | loss 16.4276 (delta +13.5423) size 278.6 MB sparsity 30.1%
gen 25 offspring [22/100] k= 17 (used  17.0) c=0.983 alpha=-0.044 beta=+0.438 | loss 3.8061 (delta +0.9208) size 239.1 MB sparsity 28.6%
gen 25 offspring [23/100] k= 31 (used  31.0) c=0.981 alpha=-0.208 beta=+0.059 | loss 3.0603 (delta +0.1750) size 309.8 MB sparsity 14.8%
gen 25 offspring [24/100] k= 17 (used  17.0) c=0.985 alpha=-0.216 beta=+0.278 | loss 3.5605 (delta +0.6752) size 252.3 MB sparsity 23.3%
gen 25 offspring [25/100] k= 17 (used  17.0) c=0.847 alpha=-0.207 beta=+0.432 | loss 3.7199 (delta +0.8345) size 242.0 MB sparsity 27.4%
gen 25 offspring [26/100] k= 33 (used  33.0) c=0.975 alpha=-0.323 beta=+0.352 | loss 3.4198 (delta +0.5345) size 285.7 MB sparsity 27.8%
gen 25 offspring [27/100] k= 17 (used  17.0) c=0.849 alpha=-0.188 beta=+0.402 | loss 3.6420 (delta +0.7567) size 245.5 MB sparsity 26.0%
gen 25 offspring [28/100] k= 64 (used  64.0) c=0.884 alpha=-0.061 beta=+0.077 | loss 2.9253 (delta +0.0400) size 371.5 MB sparsity 6.3%
gen 25 offspring [29/100] k= 18 (used  17.0) c=0.995 alpha=-0.213 beta=+0.266 | loss 3.5712 (delta +0.6859) size 253.0 MB sparsity 23.0%
gen 25 offspring [30/100] k=137 (used 137.0) c=0.992 alpha=-0.030 beta=+0.042 | loss 2.8917 (delta +0.0063) size 495.0 MB sparsity 3.3%
gen 25 offspring [31/100] k= 16 (used  15.0) c=0.997 alpha=-0.178 beta=+0.316 | loss 3.9124 (delta +1.0271) size 243.7 MB sparsity 26.3%
gen 25 offspring [32/100] k= 17 (used  17.0) c=0.902 alpha=-0.212 beta=+0.228 | loss 3.4666 (delta +0.5813) size 258.2 MB sparsity 20.9%
gen 25 offspring [33/100] k= 17 (used  17.0) c=0.849 alpha=-0.216 beta=+0.428 | loss 3.7109 (delta +0.8256) size 241.8 MB sparsity 27.5%
gen 25 offspring [34/100] k= 31 (used  31.0) c=0.968 alpha=-0.142 beta=+0.261 | loss 3.1041 (delta +0.2187) size 309.6 MB sparsity 17.5%
gen 25 offspring [35/100] k= 16 (used  16.0) c=0.849 alpha=-0.207 beta=+0.262 | loss 3.5283 (delta +0.6429) size 246.7 MB sparsity 22.5%
gen 25 offspring [36/100] k= 17 (used  17.0) c=0.848 alpha=-0.282 beta=+0.316 | loss 3.6370 (delta +0.7517) size 246.6 MB sparsity 25.6%
gen 25 offspring [37/100] k= 16 (used  16.0) c=0.849 alpha=-0.226 beta=+0.186 | loss 3.5075 (delta +0.6222) size 246.8 MB sparsity 21.5%
gen 25 offspring [38/100] k= 52 (used  52.0) c=0.944 alpha=-0.107 beta=+0.061 | loss 2.9333 (delta +0.0479) size 371.5 MB sparsity 8.1%
gen 25 offspring [39/100] k= 57 (used  57.0) c=0.992 alpha=-0.226 beta=+0.111 | loss 2.9910 (delta +0.1057) size 371.5 MB sparsity 14.3%
gen 25 offspring [40/100] k= 16 (used  16.0) c=0.849 alpha=-0.216 beta=+0.284 | loss 3.5518 (delta +0.6665) size 246.5 MB sparsity 23.3%
gen 25 offspring [41/100] k= 32 (used  32.0) c=0.873 alpha=-0.009 beta=+0.070 | loss 3.0049 (delta +0.1196) size 309.8 MB sparsity 10.4%
gen 25 offspring [42/100] k=143 (used 142.6) c=0.992 alpha=-0.037 beta=+0.200 | loss 2.9346 (delta +0.0492) size 495.0 MB sparsity 10.0%
gen 25 offspring [43/100] k= 33 (used  33.0) c=0.975 alpha=-0.251 beta=+0.461 | loss 3.5445 (delta +0.6591) size 281.8 MB sparsity 29.1%
gen 25 offspring [44/100] k= 17 (used  17.0) c=0.853 alpha=-0.216 beta=+0.212 | loss 3.3941 (delta +0.5087) size 260.2 MB sparsity 20.1%
gen 25 offspring [45/100] k= 34 (used  33.0) c=0.971 alpha=-0.210 beta=+0.285 | loss 3.1699 (delta +0.2846) size 307.3 MB sparsity 20.8%
gen 25 offspring [46/100] k=114 (used 113.0) c=0.854 alpha=-0.216 beta=+0.263 | loss 3.1114 (delta +0.2260) size 409.1 MB sparsity 19.9%
gen 25 offspring [47/100] k= 34 (used  34.0) c=0.865 alpha=-0.221 beta=+0.299 | loss 3.2750 (delta +0.3896) size 352.9 MB sparsity 21.7%
gen 25 offspring [48/100] k= 59 (used  59.0) c=0.979 alpha=-0.137 beta=+0.300 | loss 3.0666 (delta +0.1812) size 365.9 MB sparsity 18.2%
gen 25 offspring [49/100] k= 17 (used  17.0) c=0.979 alpha=-0.247 beta=+0.084 | loss 3.5443 (delta +0.6590) size 255.1 MB sparsity 22.1%
gen 25 offspring [50/100] k= 33 (used  33.0) c=0.913 alpha=-0.044 beta=+0.299 | loss 3.1222 (delta +0.2368) size 317.5 MB sparsity 17.5%
gen 25 offspring [51/100] k= 17 (used  17.0) c=0.864 alpha=-0.216 beta=+0.285 | loss 3.4875 (delta +0.6022) size 254.4 MB sparsity 22.4%
gen 25 offspring [52/100] k= 90 (used  89.5) c=0.951 alpha=-0.116 beta=+0.333 | loss 3.0736 (delta +0.1882) size 414.7 MB sparsity 18.6%
gen 25 offspring [53/100] k= 17 (used  17.0) c=0.848 alpha=-0.207 beta=+0.190 | loss 3.3743 (delta +0.4889) size 262.0 MB sparsity 19.4%
gen 25 offspring [54/100] k= 16 (used  16.0) c=0.838 alpha=-0.207 beta=+0.321 | loss 3.6671 (delta +0.7818) size 246.0 MB sparsity 24.3%
gen 25 offspring [55/100] k= 41 (used  41.0) c=0.899 alpha=-0.232 beta=+0.080 | loss 3.0201 (delta +0.1348) size 371.5 MB sparsity 13.8%
gen 25 offspring [56/100] k= 33 (used  33.0) c=0.982 alpha=-0.228 beta=+0.401 | loss 3.3647 (delta +0.4793) size 291.5 MB sparsity 25.9%
gen 25 offspring [57/100] k= 33 (used  33.0) c=0.976 alpha=-0.305 beta=+0.271 | loss 3.2865 (delta +0.4011) size 297.5 MB sparsity 24.0%
gen 25 offspring [58/100] k= 16 (used  16.0) c=0.850 alpha=-0.207 beta=+0.329 | loss 3.6145 (delta +0.7291) size 245.7 MB sparsity 24.7%
gen 25 offspring [59/100] k= 37 (used  37.0) c=0.926 alpha=-0.102 beta=+0.027 | loss 2.9733 (delta +0.0879) size 371.5 MB sparsity 9.5%
gen 25 offspring [60/100] k= 17 (used  17.0) c=0.865 alpha=-0.159 beta=+0.295 | loss 3.4811 (delta +0.5957) size 255.1 MB sparsity 22.1%
gen 25 offspring [61/100] k= 20 (used  19.0) c=0.976 alpha=-0.273 beta=+0.438 | loss 3.8180 (delta +0.9326) size 279.8 MB sparsity 29.7%
gen 25 offspring [62/100] k= 18 (used  17.0) c=0.995 alpha=-0.215 beta=+0.376 | loss 3.6976 (delta +0.8123) size 243.8 MB sparsity 26.7%
gen 25 offspring [63/100] k= 30 (used  29.0) c=0.975 alpha=-0.205 beta=+0.361 | loss 3.3035 (delta +0.4181) size 298.5 MB sparsity 23.7%
gen 25 offspring [64/100] k= 82 (used  81.0) c=0.992 alpha=-0.224 beta=+0.011 | loss 2.9612 (delta +0.0758) size 433.3 MB sparsity 11.6%
gen 25 offspring [65/100] k= 17 (used  17.0) c=0.849 alpha=-0.142 beta=+0.281 | loss 3.4450 (delta +0.5596) size 256.8 MB sparsity 21.5%
gen 25 offspring [66/100] k= 33 (used  33.0) c=0.911 alpha=-0.257 beta=+0.273 | loss 3.2471 (delta +0.3617) size 303.2 MB sparsity 22.1%
gen 25 offspring [67/100] k= 16 (used  15.0) c=0.974 alpha=-0.207 beta=+0.308 | loss 3.9335 (delta +1.0481) size 244.4 MB sparsity 25.7%
gen 25 offspring [68/100] k=165 (used 164.2) c=0.979 alpha=-0.240 beta=+0.042 | loss 2.9561 (delta +0.0707) size 494.8 MB sparsity 11.8%
gen 25 offspring [69/100] k= 18 (used  18.0) c=0.847 alpha=-0.133 beta=+0.179 | loss 3.3624 (delta +0.4771) size 307.2 MB sparsity 18.7%
gen 25 offspring [70/100] k= 33 (used  33.0) c=0.987 alpha=-0.331 beta=+0.299 | loss 3.3615 (delta +0.4761) size 291.2 MB sparsity 26.0%
gen 25 offspring [71/100] k= 32 (used  32.0) c=0.915 alpha=-0.091 beta=+0.003 | loss 3.0027 (delta +0.1173) size 309.8 MB sparsity 10.9%
gen 25 offspring [72/100] k= 17 (used  17.0) c=0.848 alpha=-0.207 beta=+0.253 | loss 3.4140 (delta +0.5287) size 257.9 MB sparsity 21.0%
gen 25 offspring [73/100] k= 33 (used  33.0) c=0.919 alpha=-0.258 beta=+0.299 | loss 3.2536 (delta +0.3682) size 300.0 MB sparsity 23.2%
gen 25 offspring [74/100] k= 16 (used  16.0) c=0.865 alpha=-0.208 beta=+0.409 | loss 3.7685 (delta +0.8832) size 241.2 MB sparsity 27.8%
gen 25 offspring [75/100] k= 31 (used  31.0) c=0.911 alpha=-0.273 beta=+0.374 | loss 3.3969 (delta +0.5115) size 289.1 MB sparsity 26.7%
gen 25 offspring [76/100] k= 33 (used  33.0) c=0.960 alpha=-0.241 beta=+0.298 | loss 3.2335 (delta +0.3481) size 302.1 MB sparsity 22.5%
gen 25 offspring [77/100] k= 29 (used  29.0) c=0.859 alpha=-0.038 beta=+0.238 | loss 3.0756 (delta +0.1902) size 309.8 MB sparsity 15.5%
gen 25 offspring [78/100] k= 57 (used  57.0) c=0.977 alpha=-0.226 beta=+0.139 | loss 3.0055 (delta +0.1201) size 371.4 MB sparsity 15.4%
gen 25 offspring [79/100] k= 16 (used  15.0) c=0.974 alpha=-0.215 beta=+0.418 | loss 4.0211 (delta +1.1357) size 237.2 MB sparsity 29.4%
gen 25 offspring [80/100] k= 17 (used  17.0) c=0.865 alpha=-0.150 beta=+0.291 | loss 3.4754 (delta +0.5901) size 255.4 MB sparsity 22.0%
gen 25 offspring [81/100] k= 32 (used  32.0) c=0.944 alpha=-0.009 beta=+0.311 | loss 3.1339 (delta +0.2485) size 309.1 MB sparsity 18.5%
gen 25 offspring [82/100] k= 17 (used  17.0) c=0.865 alpha=-0.207 beta=+0.414 | loss 3.7100 (delta +0.8246) size 243.4 MB sparsity 26.9%
gen 25 offspring [83/100] k= 33 (used  33.0) c=0.963 alpha=-0.211 beta=+0.245 | loss 3.1403 (delta +0.2550) size 312.0 MB sparsity 19.3%
gen 25 offspring [84/100] k= 16 (used  16.0) c=0.829 alpha=-0.207 beta=+0.322 | loss 3.7289 (delta +0.8436) size 246.1 MB sparsity 24.2%
gen 25 offspring [85/100] k= 17 (used  17.0) c=0.976 alpha=-0.266 beta=+0.446 | loss 3.9082 (delta +1.0228) size 235.3 MB sparsity 30.2%
gen 25 offspring [86/100] k= 17 (used  17.0) c=0.987 alpha=-0.151 beta=+0.438 | loss 3.8030 (delta +0.9177) size 239.0 MB sparsity 28.7%
gen 25 offspring [87/100] k= 16 (used  16.0) c=0.864 alpha=-0.222 beta=+0.245 | loss 3.5698 (delta +0.6845) size 246.6 MB sparsity 22.5%
gen 25 offspring [88/100] k= 31 (used  31.0) c=0.987 alpha=-0.032 beta=+0.132 | loss 3.0250 (delta +0.1397) size 309.8 MB sparsity 12.2%
gen 25 offspring [89/100] k= 17 (used  17.0) c=0.845 alpha=-0.003 beta=+0.035 | loss 3.3846 (delta +0.4993) size 263.9 MB sparsity 18.6%
gen 25 offspring [90/100] k= 17 (used  17.0) c=0.974 alpha=-0.206 beta=+0.438 | loss 3.7862 (delta +0.9008) size 239.1 MB sparsity 28.6%
gen 25 offspring [91/100] k= 32 (used  32.0) c=0.918 alpha=-0.210 beta=+0.268 | loss 3.1546 (delta +0.2692) size 308.3 MB sparsity 20.2%
gen 25 offspring [92/100] k= 17 (used  17.0) c=0.983 alpha=-0.043 beta=+0.042 | loss 3.5219 (delta +0.6366) size 256.9 MB sparsity 21.4%
gen 25 offspring [93/100] k= 16 (used  15.0) c=0.987 alpha=-0.316 beta=+0.295 | loss 4.0611 (delta +1.1758) size 242.3 MB sparsity 27.3%
gen 25 offspring [94/100] k= 32 (used  31.0) c=0.984 alpha=-0.038 beta=+0.058 | loss 3.0263 (delta +0.1409) size 309.8 MB sparsity 11.7%
gen 25 offspring [95/100] k= 16 (used  16.0) c=0.865 alpha=-0.216 beta=+0.257 | loss 3.5620 (delta +0.6766) size 246.5 MB sparsity 22.7%
gen 25 offspring [96/100] k= 17 (used  17.0) c=0.861 alpha=-0.035 beta=+0.419 | loss 3.6873 (delta +0.8020) size 244.1 MB sparsity 26.6%
gen 25 offspring [97/100] k= 17 (used  17.0) c=0.965 alpha=-0.241 beta=+0.438 | loss 3.8192 (delta +0.9339) size 237.8 MB sparsity 29.2%
gen 25 offspring [98/100] k= 17 (used  17.0) c=0.864 alpha=-0.218 beta=+0.264 | loss 3.4637 (delta +0.5784) size 256.0 MB sparsity 21.8%
gen 25 offspring [99/100] k=137 (used 136.6) c=0.995 alpha=-0.214 beta=+0.042 | loss 2.9389 (delta +0.0535) size 495.0 MB sparsity 10.8%
gen 25 offspring [100/100] k= 33 (used  33.0) c=0.956 alpha=-0.091 beta=+0.058 | loss 3.0047 (delta +0.1193) size 338.5 MB sparsity 10.7%
=== generation 25/50 done in 467s (0 reused), batch baseline 2.8854, HV 0.36652, front 100 points, 100/100 feasible, best delta loss +0.0033, smallest 235.6 MB
gen 26 offspring [1/100] k= 33 (used  33.0) c=0.979 alpha=-0.134 beta=+0.042 | loss 2.9986 (delta +0.1133) size 335.5 MB sparsity 11.7%
gen 26 offspring [2/100] k= 33 (used  33.0) c=0.861 alpha=-0.330 beta=+0.414 | loss 3.6335 (delta +0.7482) size 277.9 MB sparsity 30.3%
gen 26 offspring [3/100] k= 34 (used  34.0) c=0.948 alpha=-0.336 beta=+0.298 | loss 3.3956 (delta +0.5103) size 336.1 MB sparsity 26.2%
gen 26 offspring [4/100] k= 35 (used  35.0) c=0.987 alpha=-0.243 beta=+0.356 | loss 3.3223 (delta +0.4370) size 341.4 MB sparsity 24.8%
gen 26 offspring [5/100] k= 17 (used  17.0) c=0.967 alpha=-0.023 beta=+0.366 | loss 3.6533 (delta +0.7679) size 245.9 MB sparsity 25.9%
gen 26 offspring [6/100] k= 32 (used  31.0) c=0.991 alpha=-0.310 beta=+0.284 | loss 3.3773 (delta +0.4919) size 295.2 MB sparsity 24.7%
gen 26 offspring [7/100] k= 17 (used  17.0) c=0.849 alpha=-0.207 beta=+0.256 | loss 3.4174 (delta +0.5320) size 257.7 MB sparsity 21.1%
gen 26 offspring [8/100] k= 17 (used  17.0) c=0.849 alpha=-0.206 beta=+0.299 | loss 3.4644 (delta +0.5791) size 254.0 MB sparsity 22.6%
gen 26 offspring [9/100] k= 32 (used  32.0) c=0.896 alpha=-0.062 beta=+0.043 | loss 3.0113 (delta +0.1260) size 309.8 MB sparsity 10.7%
gen 26 offspring [10/100] k= 20 (used  19.0) c=0.996 alpha=-0.215 beta=+0.397 | loss 3.6513 (delta +0.7659) size 289.4 MB sparsity 26.6%
gen 26 offspring [11/100] k= 36 (used  35.0) c=0.972 alpha=-0.210 beta=+0.285 | loss 3.1889 (delta +0.3035) size 356.3 MB sparsity 20.8%
gen 26 offspring [12/100] k= 27 (used  27.0) c=0.941 alpha=-0.009 beta=+0.011 | loss 3.0831 (delta +0.1977) size 309.8 MB sparsity 12.9%
gen 26 offspring [13/100] k= 17 (used  17.0) c=0.973 alpha=-0.216 beta=+0.414 | loss 3.7490 (delta +0.8636) size 240.9 MB sparsity 27.9%
gen 26 offspring [14/100] k= 16 (used  16.0) c=0.866 alpha=-0.207 beta=+0.274 | loss 3.5791 (delta +0.6938) size 246.4 MB sparsity 23.1%
gen 26 offspring [15/100] k= 16 (used  16.0) c=0.867 alpha=-0.092 beta=+0.300 | loss 3.5928 (delta +0.7074) size 246.0 MB sparsity 23.9%
gen 26 offspring [16/100] k= 33 (used  33.0) c=0.992 alpha=-0.091 beta=+0.172 | loss 3.0189 (delta +0.1336) size 331.3 MB sparsity 13.0%
gen 26 offspring [17/100] k= 16 (used  16.0) c=0.852 alpha=-0.216 beta=+0.291 | loss 3.5810 (delta +0.6957) size 246.3 MB sparsity 23.6%
gen 26 offspring [18/100] k=137 (used 137.0) c=0.846 alpha=-0.042 beta=+0.032 | loss 2.9226 (delta +0.0373) size 495.0 MB sparsity 3.3%
gen 26 offspring [19/100] k= 16 (used  16.0) c=0.847 alpha=-0.211 beta=+0.372 | loss 3.6745 (delta +0.7891) size 244.3 MB sparsity 26.3%
gen 26 offspring [20/100] k= 30 (used  29.0) c=0.988 alpha=-0.230 beta=+0.300 | loss 3.2847 (delta +0.3993) size 302.6 MB sparsity 22.3%
gen 26 offspring [21/100] k= 33 (used  33.0) c=0.971 alpha=-0.207 beta=+0.330 | loss 3.2127 (delta +0.3274) size 302.2 MB sparsity 22.5%
gen 26 offspring [22/100] k= 31 (used  31.0) c=0.979 alpha=-0.062 beta=+0.235 | loss 3.0701 (delta +0.1847) size 309.7 MB sparsity 15.8%
gen 26 offspring [23/100] k= 37 (used  37.0) c=0.987 alpha=-0.281 beta=+0.352 | loss 3.4054 (delta +0.5201) size 336.5 MB sparsity 26.1%
gen 26 offspring [24/100] k=141 (used 139.3) c=0.975 alpha=-0.252 beta=+0.315 | loss 3.1920 (delta +0.3066) size 441.2 MB sparsity 23.4%
gen 26 offspring [25/100] k= 36 (used  35.0) c=0.978 alpha=-0.134 beta=+0.043 | loss 2.9957 (delta +0.1104) size 371.5 MB sparsity 11.2%
gen 26 offspring [26/100] k=128 (used 128.0) c=0.982 alpha=-0.043 beta=+0.042 | loss 2.8931 (delta +0.0077) size 433.3 MB sparsity 3.8%
gen 26 offspring [27/100] k= 16 (used  16.0) c=0.849 alpha=-0.149 beta=+0.372 | loss 3.6540 (delta +0.7687) size 244.4 MB sparsity 26.1%
gen 26 offspring [28/100] k= 16 (used  16.0) c=0.848 alpha=-0.094 beta=+0.274 | loss 3.5442 (delta +0.6589) size 246.6 MB sparsity 22.8%
gen 26 offspring [29/100] k= 31 (used  31.0) c=0.854 alpha=-0.076 beta=+0.311 | loss 3.1625 (delta +0.2771) size 309.4 MB sparsity 18.0%
gen 26 offspring [30/100] k= 17 (used  17.0) c=0.976 alpha=-0.200 beta=+0.438 | loss 3.7824 (delta +0.8971) size 239.1 MB sparsity 28.6%
gen 26 offspring [31/100] k= 16 (used  15.0) c=0.968 alpha=-0.178 beta=+0.279 | loss 3.9100 (delta +1.0246) size 244.9 MB sparsity 24.8%
gen 26 offspring [32/100] k= 16 (used  16.0) c=0.869 alpha=-0.216 beta=+0.138 | loss 3.5561 (delta +0.6707) size 246.6 MB sparsity 21.8%
gen 26 offspring [33/100] k= 35 (used  35.0) c=0.962 alpha=-0.199 beta=+0.280 | loss 3.1693 (delta +0.2839) size 358.7 MB sparsity 20.1%
gen 26 offspring [34/100] k= 18 (used  18.0) c=0.858 alpha=-0.210 beta=+0.196 | loss 3.3929 (delta +0.5076) size 306.8 MB sparsity 19.6%
gen 26 offspring [35/100] k= 34 (used  33.0) c=0.993 alpha=-0.276 beta=+0.356 | loss 3.3642 (delta +0.4788) size 290.9 MB sparsity 26.1%
gen 26 offspring [36/100] k= 30 (used  29.0) c=0.975 alpha=-0.238 beta=+0.309 | loss 3.3017 (delta +0.4163) size 300.6 MB sparsity 23.0%
gen 26 offspring [37/100] k= 52 (used  52.0) c=0.977 alpha=-0.107 beta=+0.106 | loss 2.9436 (delta +0.0583) size 371.5 MB sparsity 9.4%
gen 26 offspring [38/100] k= 17 (used  17.0) c=0.849 alpha=-0.216 beta=+0.048 | loss 3.3830 (delta +0.4976) size 261.9 MB sparsity 19.4%
gen 26 offspring [39/100] k= 34 (used  34.0) c=0.850 alpha=-0.216 beta=+0.138 | loss 3.0644 (delta +0.1791) size 371.1 MB sparsity 15.3%
gen 26 offspring [40/100] k= 54 (used  54.0) c=0.960 alpha=-0.241 beta=+0.315 | loss 3.2280 (delta +0.3426) size 348.1 MB sparsity 23.0%
gen 26 offspring [41/100] k= 29 (used  29.0) c=0.940 alpha=-0.245 beta=+0.473 | loss 3.6173 (delta +0.7320) size 281.1 MB sparsity 29.3%
gen 26 offspring [42/100] k= 16 (used  16.0) c=0.848 alpha=-0.207 beta=+0.170 | loss 3.5061 (delta +0.6207) size 246.8 MB sparsity 21.2%
gen 26 offspring [43/100] k=235 (used 230.0) c=0.992 alpha=-0.384 beta=+0.291 | loss 3.3686 (delta +0.4832) size 420.3 MB sparsity 27.6%
gen 26 offspring [44/100] k= 17 (used  17.0) c=0.980 alpha=-0.090 beta=+0.422 | loss 3.7676 (delta +0.8822) size 240.5 MB sparsity 28.0%
gen 26 offspring [45/100] k= 18 (used  17.0) c=0.982 alpha=-0.025 beta=+0.230 | loss 3.5315 (delta +0.6461) size 256.0 MB sparsity 21.8%
gen 26 offspring [46/100] k= 44 (used  43.0) c=0.991 alpha=-0.044 beta=+0.042 | loss 2.9546 (delta +0.0692) size 371.5 MB sparsity 8.5%
gen 26 offspring [47/100] k= 17 (used  17.0) c=0.848 alpha=-0.023 beta=+0.228 | loss 3.3819 (delta +0.4965) size 261.2 MB sparsity 19.7%
gen 26 offspring [48/100] k= 17 (used  17.0) c=0.918 alpha=-0.077 beta=+0.304 | loss 3.5450 (delta +0.6596) size 252.7 MB sparsity 23.1%
gen 26 offspring [49/100] k= 29 (used  29.0) c=0.996 alpha=-0.000 beta=+0.027 | loss 3.0747 (delta +0.1894) size 309.8 MB sparsity 12.7%
gen 26 offspring [50/100] k= 17 (used  17.0) c=0.993 alpha=-0.273 beta=+0.438 | loss 3.8963 (delta +1.0110) size 235.2 MB sparsity 30.2%
gen 26 offspring [51/100] k= 18 (used  18.0) c=0.849 alpha=-0.141 beta=+0.257 | loss 3.3988 (delta +0.5134) size 306.0 MB sparsity 20.6%
gen 26 offspring [52/100] k=233 (used 232.3) c=0.992 alpha=-0.155 beta=+0.042 | loss 2.9087 (delta +0.0234) size 495.1 MB sparsity 8.3%
gen 26 offspring [53/100] k= 17 (used  17.0) c=0.849 alpha=-0.216 beta=+0.268 | loss 3.4396 (delta +0.5542) size 256.1 MB sparsity 21.7%
gen 26 offspring [54/100] k= 16 (used  16.0) c=0.854 alpha=-0.149 beta=+0.431 | loss 3.7777 (delta +0.8923) size 239.9 MB sparsity 28.3%
gen 26 offspring [55/100] k= 16 (used  15.0) c=0.976 alpha=-0.207 beta=+0.438 | loss 4.0541 (delta +1.1687) size 235.4 MB sparsity 30.1%
gen 26 offspring [56/100] k= 65 (used  64.9) c=0.987 alpha=-0.039 beta=+0.300 | loss 3.0561 (delta +0.1708) size 377.1 MB sparsity 15.2%
gen 26 offspring [57/100] k= 17 (used  17.0) c=0.981 alpha=-0.271 beta=+0.445 | loss 3.9455 (delta +1.0601) size 234.9 MB sparsity 30.3%
gen 26 offspring [58/100] k= 34 (used  33.0) c=0.971 alpha=-0.230 beta=+0.303 | loss 3.2175 (delta +0.3321) size 302.7 MB sparsity 22.3%
gen 26 offspring [59/100] k= 34 (used  33.0) c=0.978 alpha=-0.209 beta=+0.298 | loss 3.1809 (delta +0.2956) size 305.8 MB sparsity 21.3%
gen 26 offspring [60/100] k= 33 (used  33.0) c=0.852 alpha=-0.205 beta=+0.310 | loss 3.2565 (delta +0.3711) size 305.2 MB sparsity 21.5%
gen 26 offspring [61/100] k= 16 (used  16.0) c=0.847 alpha=-0.178 beta=+0.360 | loss 3.6452 (delta +0.7598) size 244.9 MB sparsity 25.7%
gen 26 offspring [62/100] k= 60 (used  60.0) c=0.899 alpha=-0.061 beta=+0.068 | loss 2.9293 (delta +0.0439) size 371.5 MB sparsity 6.1%
gen 26 offspring [63/100] k= 17 (used  17.0) c=0.865 alpha=-0.166 beta=+0.295 | loss 3.4811 (delta +0.5957) size 255.1 MB sparsity 22.2%
gen 26 offspring [64/100] k= 16 (used  15.0) c=0.995 alpha=-0.091 beta=+0.304 | loss 3.9111 (delta +1.0258) size 244.1 MB sparsity 25.9%
gen 26 offspring [65/100] k= 17 (used  17.0) c=0.841 alpha=-0.149 beta=+0.243 | loss 3.4048 (delta +0.5194) size 260.2 MB sparsity 20.1%
gen 26 offspring [66/100] k= 33 (used  33.0) c=0.991 alpha=-0.253 beta=+0.318 | loss 3.2816 (delta +0.3962) size 298.1 MB sparsity 23.8%
gen 26 offspring [67/100] k= 16 (used  16.0) c=0.815 alpha=-0.364 beta=+0.297 | loss 3.9616 (delta +1.0762) size 240.4 MB sparsity 28.1%
gen 26 offspring [68/100] k= 57 (used  57.0) c=0.992 alpha=-0.224 beta=+0.114 | loss 2.9918 (delta +0.1065) size 371.5 MB sparsity 14.3%
gen 26 offspring [69/100] k= 17 (used  17.0) c=0.849 alpha=-0.216 beta=+0.510 | loss 16.6138 (delta +13.7285) size 234.6 MB sparsity 30.4%
gen 26 offspring [70/100] k= 28 (used  27.0) c=0.972 alpha=-0.041 beta=+0.042 | loss 3.0922 (delta +0.2069) size 309.8 MB sparsity 13.3%
gen 26 offspring [71/100] k= 41 (used  41.0) c=0.997 alpha=-0.045 beta=+0.058 | loss 2.9603 (delta +0.0750) size 371.5 MB sparsity 8.9%
gen 26 offspring [72/100] k= 31 (used  31.0) c=0.911 alpha=-0.272 beta=+0.062 | loss 3.0905 (delta +0.2051) size 309.7 MB sparsity 16.8%
gen 26 offspring [73/100] k= 16 (used  16.0) c=0.849 alpha=-0.149 beta=+0.413 | loss 3.7358 (delta +0.8504) size 241.6 MB sparsity 27.6%
gen 26 offspring [74/100] k= 33 (used  33.0) c=0.979 alpha=-0.204 beta=+0.058 | loss 3.0301 (delta +0.1448) size 327.7 MB sparsity 14.2%
gen 26 offspring [75/100] k= 16 (used  15.0) c=0.975 alpha=-0.207 beta=+0.324 | loss 3.9390 (delta +1.0537) size 243.9 MB sparsity 26.2%
gen 26 offspring [76/100] k= 16 (used  15.0) c=0.987 alpha=-0.151 beta=+0.438 | loss 4.0961 (delta +1.2107) size 235.1 MB sparsity 30.2%
gen 26 offspring [77/100] k= 22 (used  22.0) c=0.869 alpha=-0.210 beta=+0.335 | loss 3.3960 (delta +0.5107) size 299.8 MB sparsity 23.2%
gen 26 offspring [78/100] k= 16 (used  16.0) c=0.849 alpha=-0.216 beta=+0.300 | loss 3.5610 (delta +0.6756) size 246.3 MB sparsity 23.8%
gen 26 offspring [79/100] k= 93 (used  92.8) c=0.951 alpha=-0.113 beta=+0.259 | loss 2.9969 (delta +0.1115) size 427.9 MB sparsity 15.5%
gen 26 offspring [80/100] k= 16 (used  16.0) c=0.856 alpha=-0.251 beta=+0.434 | loss 3.8384 (delta +0.9531) size 237.4 MB sparsity 29.3%
gen 26 offspring [81/100] k= 17 (used  17.0) c=0.848 alpha=-0.028 beta=+0.292 | loss 3.4497 (delta +0.5644) size 255.9 MB sparsity 21.8%
gen 26 offspring [82/100] k= 37 (used  37.0) c=0.974 alpha=-0.230 beta=+0.303 | loss 3.2677 (delta +0.3824) size 350.9 MB sparsity 22.2%
gen 26 offspring [83/100] k= 17 (used  17.0) c=0.987 alpha=-0.236 beta=+0.438 | loss 3.8204 (delta +0.9351) size 237.7 MB sparsity 29.2%
gen 26 offspring [84/100] k= 33 (used  33.0) c=0.975 alpha=-0.205 beta=+0.482 | loss 3.5438 (delta +0.6585) size 285.1 MB sparsity 28.0%
gen 26 offspring [85/100] k= 29 (used  29.0) c=0.946 alpha=-0.070 beta=+0.054 | loss 3.0435 (delta +0.1582) size 309.8 MB sparsity 12.1%
gen 26 offspring [86/100] k= 32 (used  32.0) c=0.915 alpha=-0.061 beta=+0.388 | loss 3.2548 (delta +0.3695) size 305.9 MB sparsity 21.3%
gen 26 offspring [87/100] k= 17 (used  17.0) c=0.976 alpha=-0.222 beta=+0.264 | loss 3.5363 (delta +0.6510) size 253.3 MB sparsity 22.9%
gen 26 offspring [88/100] k= 35 (used  35.0) c=0.992 alpha=-0.226 beta=+0.094 | loss 3.0426 (delta +0.1572) size 370.9 MB sparsity 14.8%
gen 26 offspring [89/100] k= 17 (used  17.0) c=0.956 alpha=-0.009 beta=+0.013 | loss 3.5241 (delta +0.6388) size 258.2 MB sparsity 20.9%
gen 26 offspring [90/100] k= 35 (used  35.0) c=0.992 alpha=-0.098 beta=+0.013 | loss 2.9914 (delta +0.1061) size 371.5 MB sparsity 10.5%
gen 26 offspring [91/100] k= 33 (used  33.0) c=0.918 alpha=-0.035 beta=+0.050 | loss 3.0052 (delta +0.1198) size 339.8 MB sparsity 10.3%
gen 26 offspring [92/100] k= 32 (used  31.0) c=0.974 alpha=-0.217 beta=+0.248 | loss 3.1615 (delta +0.2761) size 308.8 MB sparsity 19.7%
gen 26 offspring [93/100] k= 29 (used  29.0) c=0.845 alpha=-0.022 beta=+0.238 | loss 3.0811 (delta +0.1958) size 309.8 MB sparsity 15.4%
gen 26 offspring [94/100] k=137 (used 137.0) c=0.989 alpha=-0.042 beta=+0.129 | loss 2.9039 (delta +0.0186) size 495.0 MB sparsity 7.3%
gen 26 offspring [95/100] k= 17 (used  17.0) c=0.976 alpha=-0.431 beta=+0.438 | loss 4.2975 (delta +1.4122) size 221.9 MB sparsity 35.6%
gen 26 offspring [96/100] k= 33 (used  33.0) c=0.966 alpha=-0.091 beta=+0.058 | loss 3.0040 (delta +0.1186) size 338.2 MB sparsity 10.8%
gen 26 offspring [97/100] k= 33 (used  33.0) c=0.985 alpha=-0.197 beta=+0.293 | loss 3.1681 (delta +0.2828) size 307.7 MB sparsity 20.7%
gen 26 offspring [98/100] k= 17 (used  17.0) c=0.861 alpha=-0.035 beta=+0.422 | loss 3.7023 (delta +0.8169) size 243.9 MB sparsity 26.7%
gen 26 offspring [99/100] k= 34 (used  33.0) c=0.975 alpha=-0.251 beta=+0.366 | loss 3.3280 (delta +0.4427) size 292.8 MB sparsity 25.5%
gen 26 offspring [100/100] k= 17 (used  17.0) c=0.846 alpha=-0.091 beta=+0.302 | loss 3.4648 (delta +0.5795) size 255.1 MB sparsity 22.2%
=== generation 26/50 done in 461s (0 reused), batch baseline 2.8854, HV 0.36662, front 100 points, 100/100 feasible, best delta loss +0.0033, smallest 235.6 MB
gen 27 offspring [1/100] k= 87 (used  86.6) c=0.916 alpha=-0.206 beta=+0.291 | loss 3.0968 (delta +0.2114) size 405.9 MB sparsity 20.6%
gen 27 offspring [2/100] k= 34 (used  33.0) c=0.976 alpha=-0.453 beta=+0.299 | loss 3.6489 (delta +0.7635) size 277.0 MB sparsity 30.6%
gen 27 offspring [3/100] k= 17 (used  17.0) c=0.849 alpha=-0.140 beta=+0.357 | loss 3.5493 (delta +0.6640) size 250.0 MB sparsity 24.2%
gen 27 offspring [4/100] k= 57 (used  56.8) c=0.992 alpha=-0.016 beta=+0.419 | loss 3.3456 (delta +0.4603) size 358.6 MB sparsity 20.1%
gen 27 offspring [5/100] k= 31 (used  31.0) c=0.975 alpha=-0.205 beta=+0.310 | loss 3.2133 (delta +0.3279) size 304.7 MB sparsity 21.6%
gen 27 offspring [6/100] k= 45 (used  45.0) c=0.944 alpha=-0.108 beta=+0.061 | loss 2.9446 (delta +0.0592) size 371.5 MB sparsity 8.7%
gen 27 offspring [7/100] k=137 (used 136.4) c=0.865 alpha=-0.219 beta=+0.042 | loss 2.9597 (delta +0.0743) size 495.0 MB sparsity 11.0%
gen 27 offspring [8/100] k= 99 (used  99.0) c=0.990 alpha=-0.113 beta=+0.115 | loss 2.9167 (delta +0.0313) size 433.3 MB sparsity 9.7%
gen 27 offspring [9/100] k= 16 (used  16.0) c=0.871 alpha=-0.108 beta=+0.438 | loss 3.8346 (delta +0.9493) size 238.7 MB sparsity 28.8%
gen 27 offspring [10/100] k= 34 (used  33.0) c=0.978 alpha=-0.153 beta=+0.242 | loss 3.0718 (delta +0.1865) size 319.0 MB sparsity 17.0%
gen 27 offspring [11/100] k= 16 (used  16.0) c=0.847 alpha=-0.207 beta=+0.262 | loss 3.5382 (delta +0.6529) size 246.7 MB sparsity 22.5%
gen 27 offspring [12/100] k= 17 (used  17.0) c=0.990 alpha=-0.178 beta=+0.360 | loss 3.6545 (delta +0.7692) size 245.7 MB sparsity 25.9%
gen 27 offspring [13/100] k= 33 (used  33.0) c=0.850 alpha=-0.134 beta=+0.064 | loss 3.0092 (delta +0.1238) size 338.3 MB sparsity 10.8%
gen 27 offspring [14/100] k= 17 (used  17.0) c=0.980 alpha=-0.215 beta=+0.295 | loss 3.5677 (delta +0.6824) size 251.1 MB sparsity 23.8%
gen 27 offspring [15/100] k= 31 (used  31.0) c=0.990 alpha=-0.322 beta=+0.299 | loss 3.4146 (delta +0.5292) size 292.0 MB sparsity 25.8%
gen 27 offspring [16/100] k= 31 (used  31.0) c=0.988 alpha=-0.157 beta=+0.111 | loss 3.0317 (delta +0.1463) size 309.8 MB sparsity 13.0%
gen 27 offspring [17/100] k= 17 (used  17.0) c=0.864 alpha=-0.224 beta=+0.410 | loss 3.7054 (delta +0.8201) size 242.7 MB sparsity 27.2%
gen 27 offspring [18/100] k= 16 (used  16.0) c=0.848 alpha=-0.025 beta=+0.321 | loss 3.6060 (delta +0.7207) size 245.9 MB sparsity 24.3%
gen 27 offspring [19/100] k= 34 (used  33.0) c=0.978 alpha=-0.179 beta=+0.311 | loss 3.1628 (delta +0.2774) size 307.8 MB sparsity 20.6%
gen 27 offspring [20/100] k= 34 (used  33.0) c=0.974 alpha=-0.228 beta=+0.298 | loss 3.1985 (delta +0.3131) size 303.6 MB sparsity 22.0%
gen 27 offspring [21/100] k= 30 (used  30.0) c=0.829 alpha=-0.211 beta=+0.330 | loss 3.2851 (delta +0.3997) size 301.9 MB sparsity 22.6%
gen 27 offspring [22/100] k= 16 (used  16.0) c=0.856 alpha=-0.193 beta=+0.179 | loss 3.5201 (delta +0.6347) size 246.8 MB sparsity 21.3%
gen 27 offspring [23/100] k= 33 (used  33.0) c=0.960 alpha=-0.091 beta=+0.298 | loss 3.1066 (delta +0.2213) size 316.8 MB sparsity 17.7%
gen 27 offspring [24/100] k= 16 (used  15.0) c=0.987 alpha=-0.216 beta=+0.231 | loss 3.8936 (delta +1.0083) size 244.8 MB sparsity 24.4%
gen 27 offspring [25/100] k= 17 (used  17.0) c=0.976 alpha=-0.134 beta=+0.438 | loss 3.7775 (delta +0.8921) size 239.3 MB sparsity 28.6%
gen 27 offspring [26/100] k= 16 (used  15.0) c=0.988 alpha=-0.182 beta=+0.306 | loss 3.9535 (delta +1.0682) size 244.2 MB sparsity 25.9%
gen 27 offspring [27/100] k= 28 (used  28.0) c=0.856 alpha=-0.251 beta=+0.446 | loss 3.5556 (delta +0.6703) size 283.3 MB sparsity 28.6%
gen 27 offspring [28/100] k= 33 (used  33.0) c=0.975 alpha=-0.205 beta=+0.310 | loss 3.1911 (delta +0.3057) size 304.9 MB sparsity 21.6%
gen 27 offspring [29/100] k= 34 (used  33.0) c=0.975 alpha=-0.243 beta=+0.366 | loss 3.3166 (delta +0.4313) size 293.7 MB sparsity 25.2%
gen 27 offspring [30/100] k= 33 (used  33.0) c=0.918 alpha=-0.382 beta=+0.051 | loss 3.2195 (delta +0.3342) size 307.5 MB sparsity 20.7%
gen 27 offspring [31/100] k=229 (used 225.5) c=0.993 alpha=-0.033 beta=+0.441 | loss 4.5949 (delta +1.7095) size 462.1 MB sparsity 19.2%
gen 27 offspring [32/100] k= 64 (used  64.0) c=0.896 alpha=-0.235 beta=+0.035 | loss 2.9766 (delta +0.0912) size 371.5 MB sparsity 12.4%
gen 27 offspring [33/100] k= 17 (used  17.0) c=0.973 alpha=-0.215 beta=+0.415 | loss 3.7515 (delta +0.8661) size 240.9 MB sparsity 27.9%
gen 27 offspring [34/100] k= 16 (used  15.0) c=0.987 alpha=-0.211 beta=+0.373 | loss 3.9948 (delta +1.1095) size 240.6 MB sparsity 28.0%
gen 27 offspring [35/100] k= 17 (used  17.0) c=0.871 alpha=-0.242 beta=+0.414 | loss 3.7571 (delta +0.8717) size 241.0 MB sparsity 27.9%
gen 27 offspring [36/100] k= 19 (used  19.0) c=0.994 alpha=-0.215 beta=+0.376 | loss 3.6089 (delta +0.7235) size 291.8 MB sparsity 25.8%
gen 27 offspring [37/100] k= 16 (used  15.0) c=0.979 alpha=-0.096 beta=+0.200 | loss 3.8705 (delta +0.9851) size 244.9 MB sparsity 24.2%
gen 27 offspring [38/100] k= 17 (used  17.0) c=0.977 alpha=-0.030 beta=+0.419 | loss 3.7510 (delta +0.8656) size 240.9 MB sparsity 27.9%
gen 27 offspring [39/100] k= 28 (used  27.0) c=0.993 alpha=-0.205 beta=+0.355 | loss 3.3454 (delta +0.4600) size 298.7 MB sparsity 23.6%
gen 27 offspring [40/100] k= 16 (used  16.0) c=0.853 alpha=-0.196 beta=+0.372 | loss 3.6773 (delta +0.7920) size 244.3 MB sparsity 26.2%
gen 27 offspring [41/100] k= 17 (used  17.0) c=0.992 alpha=-0.042 beta=+0.042 | loss 3.5363 (delta +0.6509) size 256.5 MB sparsity 21.6%
gen 27 offspring [42/100] k= 74 (used  74.0) c=0.951 alpha=-0.013 beta=+0.115 | loss 2.9154 (delta +0.0301) size 433.3 MB sparsity 7.3%
gen 27 offspring [43/100] k= 17 (used  17.0) c=0.849 alpha=-0.207 beta=+0.327 | loss 3.5077 (delta +0.6224) size 251.4 MB sparsity 23.6%
gen 27 offspring [44/100] k= 17 (used  17.0) c=0.850 alpha=-0.081 beta=+0.081 | loss 3.3805 (delta +0.4952) size 263.7 MB sparsity 18.7%
gen 27 offspring [45/100] k= 16 (used  16.0) c=0.849 alpha=-0.141 beta=+0.339 | loss 3.6008 (delta +0.7154) size 245.5 MB sparsity 24.9%
gen 27 offspring [46/100] k= 34 (used  33.0) c=0.993 alpha=-0.276 beta=+0.468 | loss 3.6443 (delta +0.7589) size 277.9 MB sparsity 30.3%
gen 27 offspring [47/100] k=128 (used 128.0) c=0.973 alpha=-0.049 beta=+0.042 | loss 2.8966 (delta +0.0112) size 433.3 MB sparsity 4.0%
gen 27 offspring [48/100] k= 17 (used  17.0) c=0.861 alpha=-0.226 beta=+0.111 | loss 3.4082 (delta +0.5229) size 260.8 MB sparsity 19.8%
gen 27 offspring [49/100] k= 16 (used  16.0) c=0.861 alpha=-0.320 beta=+0.434 | loss 4.0295 (delta +1.1442) size 231.9 MB sparsity 31.5%
gen 27 offspring [50/100] k= 16 (used  16.0) c=0.849 alpha=-0.149 beta=+0.425 | loss 3.7635 (delta +0.8782) size 240.6 MB sparsity 28.0%
gen 27 offspring [51/100] k= 17 (used  17.0) c=0.996 alpha=-0.040 beta=+0.434 | loss 3.7965 (delta +0.9111) size 239.1 MB sparsity 28.6%
gen 27 offspring [52/100] k=234 (used 234.0) c=0.952 alpha=-0.032 beta=+0.042 | loss 2.8913 (delta +0.0060) size 495.1 MB sparsity 3.1%
gen 27 offspring [53/100] k= 32 (used  32.0) c=0.903 alpha=-0.128 beta=+0.003 | loss 3.0075 (delta +0.1222) size 309.8 MB sparsity 11.3%
gen 27 offspring [54/100] k= 17 (used  17.0) c=0.970 alpha=-0.268 beta=+0.340 | loss 3.6691 (delta +0.7837) size 244.6 MB sparsity 26.4%
gen 27 offspring [55/100] k= 16 (used  15.0) c=0.966 alpha=-0.215 beta=+0.419 | loss 4.0507 (delta +1.1654) size 237.3 MB sparsity 29.3%
gen 27 offspring [56/100] k= 17 (used  17.0) c=0.865 alpha=-0.245 beta=+0.291 | loss 3.5560 (delta +0.6707) size 251.8 MB sparsity 23.5%
gen 27 offspring [57/100] k= 30 (used  30.0) c=0.849 alpha=-0.027 beta=+0.013 | loss 3.0167 (delta +0.1313) size 309.8 MB sparsity 10.8%
gen 27 offspring [58/100] k= 17 (used  17.0) c=0.978 alpha=-0.216 beta=+0.421 | loss 3.7494 (delta +0.8641) size 240.2 MB sparsity 28.2%
gen 27 offspring [59/100] k= 33 (used  33.0) c=0.864 alpha=-0.091 beta=+0.058 | loss 3.0018 (delta +0.1165) size 341.5 MB sparsity 9.7%
gen 27 offspring [60/100] k= 17 (used  17.0) c=0.850 alpha=-0.150 beta=+0.329 | loss 3.4997 (delta +0.6144) size 252.5 MB sparsity 23.2%
gen 27 offspring [61/100] k= 17 (used  17.0) c=0.850 alpha=-0.216 beta=+0.233 | loss 3.4057 (delta +0.5203) size 258.8 MB sparsity 20.6%
gen 27 offspring [62/100] k= 17 (used  17.0) c=0.910 alpha=-0.275 beta=+0.438 | loss 3.9035 (delta +1.0181) size 235.8 MB sparsity 29.9%
gen 27 offspring [63/100] k= 17 (used  17.0) c=0.940 alpha=-0.273 beta=+0.450 | loss 3.9760 (delta +1.0906) size 234.8 MB sparsity 30.4%
gen 27 offspring [64/100] k= 35 (used  35.0) c=0.985 alpha=-0.211 beta=+0.300 | loss 3.2028 (delta +0.3174) size 354.0 MB sparsity 21.4%
gen 27 offspring [65/100] k= 34 (used  33.0) c=0.993 alpha=-0.364 beta=+0.283 | loss 3.4099 (delta +0.5245) size 289.1 MB sparsity 26.7%
gen 27 offspring [66/100] k= 33 (used  33.0) c=0.978 alpha=-0.194 beta=+0.298 | loss 3.1604 (delta +0.2750) size 307.7 MB sparsity 20.7%
gen 27 offspring [67/100] k= 17 (used  17.0) c=0.987 alpha=-0.207 beta=+0.243 | loss 3.5455 (delta +0.6602) size 254.8 MB sparsity 22.3%
gen 27 offspring [68/100] k= 31 (used  31.0) c=0.979 alpha=-0.062 beta=+0.225 | loss 3.0637 (delta +0.1784) size 309.8 MB sparsity 15.4%
gen 27 offspring [69/100] k= 16 (used  16.0) c=0.857 alpha=-0.207 beta=+0.329 | loss 3.6182 (delta +0.7329) size 245.6 MB sparsity 24.8%
gen 27 offspring [70/100] k= 16 (used  16.0) c=0.850 alpha=-0.241 beta=+0.305 | loss 3.6146 (delta +0.7293) size 246.1 MB sparsity 24.5%
gen 27 offspring [71/100] k= 31 (used  31.0) c=0.974 alpha=-0.088 beta=+0.438 | loss 3.4037 (delta +0.5184) size 299.0 MB sparsity 23.5%
gen 27 offspring [72/100] k= 57 (used  57.0) c=0.992 alpha=-0.213 beta=+0.147 | loss 2.9992 (delta +0.1139) size 371.4 MB sparsity 15.2%
gen 27 offspring [73/100] k= 34 (used  34.0) c=0.847 alpha=-0.213 beta=+0.223 | loss 3.1708 (delta +0.2854) size 365.1 MB sparsity 18.4%
gen 27 offspring [74/100] k= 23 (used  23.0) c=0.940 alpha=-0.011 beta=+0.011 | loss 3.1399 (delta +0.2545) size 309.3 MB sparsity 15.1%
gen 27 offspring [75/100] k= 16 (used  16.0) c=0.849 alpha=-0.191 beta=+0.179 | loss 3.5012 (delta +0.6159) size 246.8 MB sparsity 21.2%
gen 27 offspring [76/100] k= 31 (used  31.0) c=0.979 alpha=-0.134 beta=+0.058 | loss 3.0260 (delta +0.1407) size 309.8 MB sparsity 12.2%
gen 27 offspring [77/100] k= 34 (used  33.0) c=0.996 alpha=-0.298 beta=+0.283 | loss 3.3012 (delta +0.4158) size 296.9 MB sparsity 24.2%
gen 27 offspring [78/100] k= 32 (used  31.0) c=0.992 alpha=-0.091 beta=+0.262 | loss 3.0924 (delta +0.2071) size 309.6 MB sparsity 16.9%
gen 27 offspring [79/100] k= 16 (used  16.0) c=0.860 alpha=-0.149 beta=+0.028 | loss 3.5572 (delta +0.6719) size 246.7 MB sparsity 21.4%
gen 27 offspring [80/100] k= 17 (used  17.0) c=0.979 alpha=-0.066 beta=+0.434 | loss 3.7723 (delta +0.8870) size 239.5 MB sparsity 28.4%
gen 27 offspring [81/100] k= 17 (used  17.0) c=0.865 alpha=-0.216 beta=+0.294 | loss 3.4908 (delta +0.6055) size 253.5 MB sparsity 22.8%
gen 27 offspring [82/100] k= 17 (used  17.0) c=0.847 alpha=-0.151 beta=+0.437 | loss 3.7360 (delta +0.8507) size 242.9 MB sparsity 27.1%
gen 27 offspring [83/100] k= 17 (used  17.0) c=0.979 alpha=-0.206 beta=+0.423 | loss 3.7571 (delta +0.8717) size 240.3 MB sparsity 28.1%
gen 27 offspring [84/100] k= 18 (used  18.0) c=0.850 alpha=-0.216 beta=+0.212 | loss 3.3772 (delta +0.4919) size 306.7 MB sparsity 20.0%
gen 27 offspring [85/100] k= 29 (used  29.0) c=0.848 alpha=-0.070 beta=+0.019 | loss 3.0302 (delta +0.1449) size 309.8 MB sparsity 10.8%
gen 27 offspring [86/100] k= 18 (used  18.0) c=0.858 alpha=-0.276 beta=+0.438 | loss 3.8624 (delta +0.9771) size 279.5 MB sparsity 29.8%
gen 27 offspring [87/100] k= 60 (used  60.0) c=0.881 alpha=-0.061 beta=+0.076 | loss 2.9292 (delta +0.0438) size 371.5 MB sparsity 6.4%
gen 27 offspring [88/100] k= 16 (used  16.0) c=0.849 alpha=-0.275 beta=+0.470 | loss 4.0165 (delta +1.1311) size 232.6 MB sparsity 31.3%
gen 27 offspring [89/100] k= 17 (used  17.0) c=0.849 alpha=-0.216 beta=+0.325 | loss 3.5122 (delta +0.6269) size 251.0 MB sparsity 23.8%
gen 27 offspring [90/100] k= 34 (used  33.0) c=0.975 alpha=-0.189 beta=+0.311 | loss 3.1745 (delta +0.2892) size 306.6 MB sparsity 21.0%
gen 27 offspring [91/100] k=138 (used 135.7) c=0.849 alpha=-0.206 beta=+0.392 | loss 3.2699 (delta +0.3846) size 435.6 MB sparsity 24.5%
gen 27 offspring [92/100] k= 17 (used  17.0) c=0.865 alpha=-0.214 beta=+0.403 | loss 3.6810 (delta +0.7957) size 243.9 MB sparsity 26.7%
gen 27 offspring [93/100] k= 16 (used  16.0) c=0.849 alpha=-0.266 beta=+0.259 | loss 3.5867 (delta +0.7014) size 246.5 MB sparsity 23.7%
gen 27 offspring [94/100] k= 31 (used  31.0) c=0.870 alpha=-0.179 beta=+0.328 | loss 3.2083 (delta +0.3229) size 305.9 MB sparsity 21.3%
gen 27 offspring [95/100] k= 34 (used  33.0) c=0.993 alpha=-0.045 beta=+0.283 | loss 3.0975 (delta +0.2121) size 318.0 MB sparsity 17.3%
gen 27 offspring [96/100] k= 34 (used  33.0) c=0.982 alpha=-0.210 beta=+0.347 | loss 3.2434 (delta +0.3581) size 299.9 MB sparsity 23.2%
gen 27 offspring [97/100] k= 16 (used  16.0) c=0.847 alpha=-0.211 beta=+0.243 | loss 3.5342 (delta +0.6488) size 246.8 MB sparsity 22.0%
gen 27 offspring [98/100] k= 16 (used  15.0) c=0.979 alpha=-0.059 beta=+0.312 | loss 3.9433 (delta +1.0580) size 244.2 MB sparsity 25.9%
gen 27 offspring [99/100] k= 17 (used  17.0) c=0.848 alpha=-0.306 beta=+0.292 | loss 3.6700 (delta +0.7847) size 246.7 MB sparsity 25.5%
gen 27 offspring [100/100] k= 32 (used  31.0) c=0.976 alpha=-0.259 beta=+0.298 | loss 3.2924 (delta +0.4070) size 299.7 MB sparsity 23.3%
=== generation 27/50 done in 462s (0 reused), batch baseline 2.8854, HV 0.36665, front 100 points, 100/100 feasible, best delta loss +0.0033, smallest 235.6 MB
gen 28 offspring [1/100] k= 16 (used  16.0) c=0.856 alpha=-0.251 beta=+0.430 | loss 3.8353 (delta +0.9500) size 237.7 MB sparsity 29.2%
gen 28 offspring [2/100] k= 18 (used  17.0) c=0.984 alpha=-0.062 beta=+0.297 | loss 3.5733 (delta +0.6879) size 251.3 MB sparsity 23.7%
gen 28 offspring [3/100] k= 56 (used  56.0) c=0.902 alpha=-0.061 beta=+0.089 | loss 2.9395 (delta +0.0541) size 371.5 MB sparsity 7.0%
gen 28 offspring [4/100] k= 29 (used  29.0) c=0.915 alpha=-0.011 beta=+0.030 | loss 3.0295 (delta +0.1442) size 309.8 MB sparsity 11.7%
gen 28 offspring [5/100] k= 34 (used  33.0) c=0.978 alpha=-0.209 beta=+0.366 | loss 3.2722 (delta +0.3868) size 297.7 MB sparsity 23.9%
gen 28 offspring [6/100] k= 47 (used  47.0) c=0.960 alpha=-0.112 beta=+0.340 | loss 3.1343 (delta +0.2489) size 363.3 MB sparsity 18.9%
gen 28 offspring [7/100] k= 17 (used  17.0) c=0.849 alpha=-0.216 beta=+0.428 | loss 3.7102 (delta +0.8249) size 241.8 MB sparsity 27.5%
gen 28 offspring [8/100] k= 17 (used  17.0) c=0.987 alpha=-0.177 beta=+0.456 | loss 3.8743 (delta +0.9890) size 237.4 MB sparsity 29.3%
gen 28 offspring [9/100] k= 33 (used  33.0) c=0.977 alpha=-0.310 beta=+0.265 | loss 3.2790 (delta +0.3937) size 297.6 MB sparsity 23.9%
gen 28 offspring [10/100] k= 18 (used  17.0) c=0.995 alpha=-0.336 beta=+0.390 | loss 3.9800 (delta +1.0947) size 234.4 MB sparsity 30.5%
gen 28 offspring [11/100] k= 33 (used  33.0) c=0.969 alpha=-0.251 beta=+0.318 | loss 3.2714 (delta +0.3861) size 298.4 MB sparsity 23.7%
gen 28 offspring [12/100] k= 33 (used  33.0) c=0.979 alpha=-0.134 beta=+0.058 | loss 2.9986 (delta +0.1133) size 335.5 MB sparsity 11.7%
gen 28 offspring [13/100] k= 34 (used  34.0) c=0.826 alpha=-0.141 beta=+0.283 | loss 3.1420 (delta +0.2567) size 366.8 MB sparsity 17.9%
gen 28 offspring [14/100] k=233 (used 233.0) c=0.979 alpha=-0.032 beta=+0.042 | loss 2.8886 (delta +0.0032) size 495.1 MB sparsity 3.1%
gen 28 offspring [15/100] k= 16 (used  16.0) c=0.915 alpha=-0.206 beta=+0.316 | loss 3.7590 (delta +0.8736) size 245.1 MB sparsity 25.1%
gen 28 offspring [16/100] k= 70 (used  70.0) c=0.951 alpha=-0.013 beta=+0.115 | loss 2.9184 (delta +0.0330) size 433.3 MB sparsity 7.4%
gen 28 offspring [17/100] k= 32 (used  31.0) c=0.978 alpha=-0.194 beta=+0.308 | loss 3.1993 (delta +0.3140) size 306.3 MB sparsity 21.1%
gen 28 offspring [18/100] k= 31 (used  31.0) c=0.979 alpha=-0.019 beta=+0.225 | loss 3.0637 (delta +0.1784) size 309.8 MB sparsity 15.4%
gen 28 offspring [19/100] k= 28 (used  27.0) c=0.984 alpha=-0.098 beta=+0.300 | loss 3.2076 (delta +0.3222) size 308.3 MB sparsity 19.3%
gen 28 offspring [20/100] k= 16 (used  15.0) c=0.950 alpha=-0.270 beta=+0.438 | loss 4.0543 (delta +1.1690) size 234.3 MB sparsity 30.5%
gen 28 offspring [21/100] k= 33 (used  33.0) c=0.976 alpha=-0.277 beta=+0.352 | loss 3.3397 (delta +0.4544) size 291.2 MB sparsity 26.0%
gen 28 offspring [22/100] k= 16 (used  16.0) c=0.840 alpha=-0.198 beta=+0.358 | loss 3.6801 (delta +0.7948) size 245.1 MB sparsity 25.6%
gen 28 offspring [23/100] k= 33 (used  33.0) c=0.992 alpha=-0.015 beta=+0.050 | loss 3.0039 (delta +0.1186) size 337.3 MB sparsity 11.1%
gen 28 offspring [24/100] k= 85 (used  85.0) c=0.864 alpha=-0.013 beta=+0.150 | loss 2.9350 (delta +0.0497) size 433.3 MB sparsity 8.1%
gen 28 offspring [25/100] k= 32 (used  31.0) c=0.984 alpha=-0.047 beta=+0.299 | loss 3.1279 (delta +0.2426) size 309.1 MB sparsity 18.3%
gen 28 offspring [26/100] k=137 (used 137.0) c=0.979 alpha=-0.042 beta=+0.042 | loss 2.8942 (delta +0.0089) size 495.0 MB sparsity 3.7%
gen 28 offspring [27/100] k=131 (used 131.0) c=0.983 alpha=-0.116 beta=+0.042 | loss 2.9034 (delta +0.0180) size 495.0 MB sparsity 6.7%
gen 28 offspring [28/100] k= 17 (used  17.0) c=0.973 alpha=-0.216 beta=+0.414 | loss 3.7480 (delta +0.8627) size 240.9 MB sparsity 27.9%
gen 28 offspring [29/100] k= 17 (used  17.0) c=0.849 alpha=-0.173 beta=+0.474 | loss 9.6945 (delta +6.8092) size 239.5 MB sparsity 28.5%
gen 28 offspring [30/100] k= 16 (used  16.0) c=0.849 alpha=-0.146 beta=+0.339 | loss 3.6008 (delta +0.7154) size 245.5 MB sparsity 24.9%
gen 28 offspring [31/100] k= 17 (used  17.0) c=0.983 alpha=-0.020 beta=+0.451 | loss 3.8620 (delta +0.9767) size 237.9 MB sparsity 29.1%
gen 28 offspring [32/100] k= 16 (used  15.0) c=0.974 alpha=-0.350 beta=+0.308 | loss 4.1244 (delta +1.2391) size 238.9 MB sparsity 28.7%
gen 28 offspring [33/100] k= 17 (used  17.0) c=0.981 alpha=-0.238 beta=+0.062 | loss 3.5470 (delta +0.6616) size 255.6 MB sparsity 21.9%
gen 28 offspring [34/100] k= 17 (used  17.0) c=0.847 alpha=-0.216 beta=+0.022 | loss 3.3929 (delta +0.5075) size 262.0 MB sparsity 19.4%
gen 28 offspring [35/100] k= 33 (used  33.0) c=0.941 alpha=-0.375 beta=+0.186 | loss 3.2956 (delta +0.4103) size 299.4 MB sparsity 23.3%
gen 28 offspring [36/100] k= 40 (used  40.0) c=0.831 alpha=-0.201 beta=+0.042 | loss 3.0189 (delta +0.1335) size 371.5 MB sparsity 12.4%
gen 28 offspring [37/100] k= 17 (used  17.0) c=0.979 alpha=-0.066 beta=+0.434 | loss 3.7732 (delta +0.8878) size 239.5 MB sparsity 28.4%
gen 28 offspring [38/100] k= 16 (used  15.0) c=0.988 alpha=-0.205 beta=+0.044 | loss 3.8961 (delta +1.0108) size 244.8 MB sparsity 24.4%
gen 28 offspring [39/100] k= 36 (used  35.0) c=0.996 alpha=-0.293 beta=+0.283 | loss 3.3019 (delta +0.4165) size 344.7 MB sparsity 23.9%
gen 28 offspring [40/100] k= 16 (used  16.0) c=0.865 alpha=-0.216 beta=+0.285 | loss 3.5813 (delta +0.6959) size 246.3 MB sparsity 23.5%
gen 28 offspring [41/100] k= 35 (used  35.0) c=0.994 alpha=-0.208 beta=+0.434 | loss 3.3952 (delta +0.5099) size 335.6 MB sparsity 26.4%
gen 28 offspring [42/100] k= 32 (used  32.0) c=0.915 alpha=-0.094 beta=+0.005 | loss 3.0032 (delta +0.1178) size 309.8 MB sparsity 10.9%
gen 28 offspring [43/100] k= 17 (used  17.0) c=0.924 alpha=-0.102 beta=+0.433 | loss 3.7624 (delta +0.8770) size 241.1 MB sparsity 27.8%
gen 28 offspring [44/100] k= 33 (used  33.0) c=0.968 alpha=-0.160 beta=+0.296 | loss 3.1318 (delta +0.2464) size 311.9 MB sparsity 19.3%
gen 28 offspring [45/100] k= 17 (used  17.0) c=0.831 alpha=-0.206 beta=+0.299 | loss 3.4783 (delta +0.5929) size 254.3 MB sparsity 22.5%
gen 28 offspring [46/100] k= 34 (used  33.0) c=0.976 alpha=-0.259 beta=+0.297 | loss 3.2432 (delta +0.3579) size 300.0 MB sparsity 23.2%
gen 28 offspring [47/100] k= 17 (used  17.0) c=0.850 alpha=-0.216 beta=+0.216 | loss 3.3927 (delta +0.5074) size 260.0 MB sparsity 20.1%
gen 28 offspring [48/100] k= 30 (used  30.0) c=0.887 alpha=-0.203 beta=+0.314 | loss 3.2067 (delta +0.3214) size 304.5 MB sparsity 21.7%
gen 28 offspring [49/100] k= 20 (used  20.0) c=0.855 alpha=-0.150 beta=+0.329 | loss 3.3957 (delta +0.5104) size 303.1 MB sparsity 22.2%
gen 28 offspring [50/100] k= 22 (used  21.0) c=0.979 alpha=-0.259 beta=+0.281 | loss 3.4589 (delta +0.5736) size 299.8 MB sparsity 23.2%
gen 28 offspring [51/100] k= 16 (used  16.0) c=0.848 alpha=-0.241 beta=+0.297 | loss 3.5903 (delta +0.7049) size 246.2 MB sparsity 24.2%
gen 28 offspring [52/100] k= 16 (used  16.0) c=0.847 alpha=-0.210 beta=+0.372 | loss 3.6731 (delta +0.7878) size 244.3 MB sparsity 26.3%
gen 28 offspring [53/100] k= 33 (used  33.0) c=0.979 alpha=-0.091 beta=+0.041 | loss 2.9978 (delta +0.1124) size 337.7 MB sparsity 10.9%
gen 28 offspring [54/100] k= 16 (used  15.0) c=0.979 alpha=-0.241 beta=+0.438 | loss 4.0767 (delta +1.1913) size 235.0 MB sparsity 30.3%
gen 28 offspring [55/100] k= 30 (used  30.0) c=0.849 alpha=-0.027 beta=+0.092 | loss 3.0195 (delta +0.1342) size 309.8 MB sparsity 10.8%
gen 28 offspring [56/100] k= 95 (used  95.0) c=0.952 alpha=-0.011 beta=+0.041 | loss 2.9000 (delta +0.0146) size 433.3 MB sparsity 3.8%
gen 28 offspring [57/100] k= 57 (used  57.0) c=0.993 alpha=-0.226 beta=+0.091 | loss 2.9779 (delta +0.0926) size 371.5 MB sparsity 13.5%
gen 28 offspring [58/100] k= 17 (used  17.0) c=0.838 alpha=-0.207 beta=+0.145 | loss 3.3993 (delta +0.5139) size 262.9 MB sparsity 19.0%
gen 28 offspring [59/100] k= 16 (used  15.0) c=0.999 alpha=-0.226 beta=+0.186 | loss 3.8667 (delta +0.9813) size 244.5 MB sparsity 24.7%
gen 28 offspring [60/100] k= 29 (used  29.0) c=0.993 alpha=-0.070 beta=+0.121 | loss 3.0746 (delta +0.1892) size 309.8 MB sparsity 12.7%
gen 28 offspring [61/100] k= 33 (used  33.0) c=0.849 alpha=-0.101 beta=+0.001 | loss 3.0024 (delta +0.1171) size 341.5 MB sparsity 9.7%
gen 28 offspring [62/100] k= 35 (used  35.0) c=0.972 alpha=-0.210 beta=+0.285 | loss 3.1901 (delta +0.3048) size 356.3 MB sparsity 20.8%
gen 28 offspring [63/100] k= 16 (used  15.0) c=0.987 alpha=-0.241 beta=+0.433 | loss 4.0739 (delta +1.1886) size 235.3 MB sparsity 30.2%
gen 28 offspring [64/100] k= 53 (used  53.0) c=0.992 alpha=-0.226 beta=+0.111 | loss 3.0032 (delta +0.1179) size 371.5 MB sparsity 14.3%
gen 28 offspring [65/100] k= 17 (used  17.0) c=0.978 alpha=-0.066 beta=+0.434 | loss 3.7689 (delta +0.8836) size 239.6 MB sparsity 28.4%
gen 28 offspring [66/100] k= 17 (used  17.0) c=0.849 alpha=-0.150 beta=+0.372 | loss 3.5686 (delta +0.6833) size 248.7 MB sparsity 24.7%
gen 28 offspring [67/100] k= 34 (used  33.0) c=0.993 alpha=-0.259 beta=+0.356 | loss 3.3335 (delta +0.4481) size 293.0 MB sparsity 25.4%
gen 28 offspring [68/100] k=128 (used 128.0) c=0.989 alpha=-0.023 beta=+0.056 | loss 2.8941 (delta +0.0087) size 433.3 MB sparsity 3.8%
gen 28 offspring [69/100] k=140 (used 137.8) c=0.989 alpha=-0.319 beta=+0.358 | loss 3.3860 (delta +0.5006) size 419.6 MB sparsity 27.8%
gen 28 offspring [70/100] k= 17 (used  17.0) c=0.950 alpha=-0.224 beta=+0.351 | loss 3.6701 (delta +0.7847) size 246.7 MB sparsity 25.6%
gen 28 offspring [71/100] k= 18 (used  18.0) c=0.847 alpha=-0.209 beta=+0.261 | loss 3.4134 (delta +0.5281) size 305.3 MB sparsity 21.3%
gen 28 offspring [72/100] k= 33 (used  33.0) c=0.992 alpha=-0.091 beta=+0.058 | loss 3.0046 (delta +0.1192) size 337.3 MB sparsity 11.1%
gen 28 offspring [73/100] k= 17 (used  17.0) c=0.849 alpha=-0.216 beta=+0.268 | loss 3.4392 (delta +0.5539) size 256.1 MB sparsity 21.7%
gen 28 offspring [74/100] k= 27 (used  27.0) c=0.975 alpha=-0.230 beta=+0.369 | loss 3.4060 (delta +0.5206) size 294.3 MB sparsity 25.0%
gen 28 offspring [75/100] k= 34 (used  33.0) c=0.993 alpha=-0.294 beta=+0.283 | loss 3.2928 (delta +0.4074) size 297.4 MB sparsity 24.0%
gen 28 offspring [76/100] k=233 (used 231.0) c=1.000 alpha=-0.284 beta=+0.042 | loss 2.9936 (delta +0.1083) size 490.1 MB sparsity 13.5%
gen 28 offspring [77/100] k= 33 (used  33.0) c=0.845 alpha=-0.205 beta=+0.251 | loss 3.1798 (delta +0.2944) size 312.4 MB sparsity 19.2%
gen 28 offspring [78/100] k= 32 (used  31.0) c=0.981 alpha=-0.138 beta=+0.472 | loss 9.6878 (delta +6.8024) size 293.3 MB sparsity 25.4%
gen 28 offspring [79/100] k= 29 (used  29.0) c=0.981 alpha=-0.070 beta=+0.443 | loss 3.5320 (delta +0.6467) size 297.0 MB sparsity 24.1%
gen 28 offspring [80/100] k= 17 (used  17.0) c=0.848 alpha=-0.025 beta=+0.305 | loss 3.4667 (delta +0.5813) size 254.7 MB sparsity 22.3%
gen 28 offspring [81/100] k= 17 (used  17.0) c=0.999 alpha=-0.050 beta=+0.256 | loss 3.5589 (delta +0.6735) size 253.9 MB sparsity 22.6%
gen 28 offspring [82/100] k= 28 (used  27.0) c=0.979 alpha=-0.322 beta=+0.294 | loss 3.4611 (delta +0.5757) size 292.3 MB sparsity 25.7%
gen 28 offspring [83/100] k= 57 (used  56.6) c=0.856 alpha=-0.099 beta=+0.434 | loss 3.3963 (delta +0.5109) size 352.6 MB sparsity 21.8%
gen 28 offspring [84/100] k= 17 (used  17.0) c=0.849 alpha=-0.064 beta=+0.372 | loss 3.5689 (delta +0.6836) size 248.7 MB sparsity 24.7%
gen 28 offspring [85/100] k= 33 (used  33.0) c=0.976 alpha=-0.290 beta=+0.352 | loss 3.3656 (delta +0.4802) size 289.7 MB sparsity 26.5%
gen 28 offspring [86/100] k= 17 (used  17.0) c=0.849 alpha=-0.216 beta=+0.210 | loss 3.3897 (delta +0.5043) size 260.4 MB sparsity 20.0%
gen 28 offspring [87/100] k= 17 (used  17.0) c=0.975 alpha=-0.137 beta=+0.340 | loss 3.6032 (delta +0.7179) size 247.9 MB sparsity 25.1%
gen 28 offspring [88/100] k= 16 (used  16.0) c=0.847 alpha=-0.175 beta=+0.260 | loss 3.5374 (delta +0.6520) size 246.7 MB sparsity 22.3%
gen 28 offspring [89/100] k= 37 (used  37.0) c=0.987 alpha=-0.241 beta=+0.033 | loss 3.0655 (delta +0.1801) size 370.9 MB sparsity 15.0%
gen 28 offspring [90/100] k= 17 (used  17.0) c=0.987 alpha=-0.245 beta=+0.438 | loss 3.8349 (delta +0.9495) size 237.2 MB sparsity 29.4%
gen 28 offspring [91/100] k= 16 (used  16.0) c=0.849 alpha=-0.158 beta=+0.283 | loss 3.5562 (delta +0.6708) size 246.5 MB sparsity 23.1%
gen 28 offspring [92/100] k= 34 (used  34.0) c=0.895 alpha=-0.274 beta=+0.375 | loss 3.4440 (delta +0.5587) size 334.2 MB sparsity 26.7%
gen 28 offspring [93/100] k= 35 (used  35.0) c=0.847 alpha=-0.178 beta=+0.367 | loss 3.2541 (delta +0.3687) size 349.5 MB sparsity 22.6%
gen 28 offspring [94/100] k= 17 (used  17.0) c=0.854 alpha=-0.216 beta=+0.233 | loss 3.4171 (delta +0.5317) size 258.8 MB sparsity 20.7%
gen 28 offspring [95/100] k= 17 (used  17.0) c=0.984 alpha=-0.025 beta=+0.193 | loss 3.5232 (delta +0.6378) size 256.8 MB sparsity 21.5%
gen 28 offspring [96/100] k= 17 (used  17.0) c=0.918 alpha=-0.152 beta=+0.438 | loss 3.7760 (delta +0.8907) size 240.8 MB sparsity 27.9%
gen 28 offspring [97/100] k= 16 (used  15.0) c=0.972 alpha=-0.059 beta=+0.284 | loss 3.9062 (delta +1.0209) size 244.8 MB sparsity 25.0%
gen 28 offspring [98/100] k= 27 (used  27.0) c=0.940 alpha=-0.011 beta=+0.011 | loss 3.0731 (delta +0.1878) size 309.8 MB sparsity 12.9%
gen 28 offspring [99/100] k=137 (used 137.0) c=0.845 alpha=-0.042 beta=+0.093 | loss 2.9258 (delta +0.0405) size 495.0 MB sparsity 5.8%
gen 28 offspring [100/100] k= 33 (used  33.0) c=0.987 alpha=-0.440 beta=+0.299 | loss 3.6170 (delta +0.7316) size 278.5 MB sparsity 30.1%
=== generation 28/50 done in 461s (0 reused), batch baseline 2.8854, HV 0.36674, front 100 points, 100/100 feasible, best delta loss +0.0032, smallest 235.6 MB
gen 29 offspring [1/100] k= 29 (used  29.0) c=0.943 alpha=-0.207 beta=+0.421 | loss 3.3894 (delta +0.5041) size 291.4 MB sparsity 26.0%
gen 29 offspring [2/100] k= 30 (used  30.0) c=0.844 alpha=-0.011 beta=+0.011 | loss 3.0176 (delta +0.1322) size 309.8 MB sparsity 10.8%
gen 29 offspring [3/100] k= 66 (used  65.0) c=0.992 alpha=-0.061 beta=+0.044 | loss 2.9212 (delta +0.0358) size 411.9 MB sparsity 5.8%
gen 29 offspring [4/100] k= 17 (used  17.0) c=0.848 alpha=-0.207 beta=+0.202 | loss 3.3782 (delta +0.4928) size 261.5 MB sparsity 19.6%
gen 29 offspring [5/100] k= 33 (used  33.0) c=0.987 alpha=-0.209 beta=+0.298 | loss 3.1866 (delta +0.3013) size 305.8 MB sparsity 21.3%
gen 29 offspring [6/100] k= 32 (used  32.0) c=0.864 alpha=-0.224 beta=+0.410 | loss 3.4054 (delta +0.5200) size 290.9 MB sparsity 26.1%
gen 29 offspring [7/100] k= 33 (used  33.0) c=0.885 alpha=-0.204 beta=+0.373 | loss 3.3330 (delta +0.4476) size 297.6 MB sparsity 23.9%
gen 29 offspring [8/100] k= 17 (used  17.0) c=0.980 alpha=-0.205 beta=+0.306 | loss 3.5909 (delta +0.7056) size 250.5 MB sparsity 24.0%
gen 29 offspring [9/100] k= 32 (used  32.0) c=0.945 alpha=-0.185 beta=+0.261 | loss 3.1309 (delta +0.2455) size 309.2 MB sparsity 19.0%
gen 29 offspring [10/100] k= 16 (used  16.0) c=0.881 alpha=-0.021 beta=+0.292 | loss 3.6420 (delta +0.7566) size 246.0 MB sparsity 23.8%
gen 29 offspring [11/100] k= 17 (used  17.0) c=0.960 alpha=-0.241 beta=+0.503 | loss 12.6908 (delta +9.8054) size 232.3 MB sparsity 31.4%
gen 29 offspring [12/100] k= 33 (used  33.0) c=0.979 alpha=-0.059 beta=+0.045 | loss 2.9981 (delta +0.1127) size 337.7 MB sparsity 10.9%
gen 29 offspring [13/100] k= 34 (used  33.0) c=0.993 alpha=-0.318 beta=+0.283 | loss 3.3273 (delta +0.4419) size 294.5 MB sparsity 24.9%
gen 29 offspring [14/100] k=128 (used 128.0) c=0.857 alpha=-0.030 beta=+0.042 | loss 2.9160 (delta +0.0307) size 433.3 MB sparsity 3.3%
gen 29 offspring [15/100] k= 57 (used  57.0) c=0.843 alpha=-0.226 beta=+0.111 | loss 3.0295 (delta +0.1442) size 371.5 MB sparsity 14.2%
gen 29 offspring [16/100] k= 17 (used  17.0) c=0.848 alpha=-0.025 beta=+0.377 | loss 3.5802 (delta +0.6949) size 248.3 MB sparsity 24.9%
gen 29 offspring [17/100] k= 31 (used  31.0) c=0.915 alpha=-0.037 beta=+0.003 | loss 3.0067 (delta +0.1213) size 309.8 MB sparsity 10.9%
gen 29 offspring [18/100] k= 16 (used  16.0) c=0.849 alpha=-0.207 beta=+0.282 | loss 3.5558 (delta +0.6705) size 246.5 MB sparsity 23.1%
gen 29 offspring [19/100] k= 71 (used  71.0) c=0.951 alpha=-0.149 beta=+0.115 | loss 2.9363 (delta +0.0509) size 433.3 MB sparsity 11.2%
gen 29 offspring [20/100] k= 30 (used  29.0) c=0.974 alpha=-0.198 beta=+0.415 | loss 3.3862 (delta +0.5008) size 293.0 MB sparsity 25.4%
gen 29 offspring [21/100] k= 33 (used  33.0) c=0.977 alpha=-0.277 beta=+0.078 | loss 3.0891 (delta +0.2037) size 319.0 MB sparsity 17.0%
gen 29 offspring [22/100] k= 16 (used  16.0) c=0.851 alpha=-0.091 beta=+0.057 | loss 3.5239 (delta +0.6385) size 246.8 MB sparsity 21.2%
gen 29 offspring [23/100] k= 16 (used  16.0) c=0.842 alpha=-0.216 beta=+0.284 | loss 3.5856 (delta +0.7003) size 246.5 MB sparsity 23.2%
gen 29 offspring [24/100] k= 45 (used  45.0) c=0.979 alpha=-0.064 beta=+0.058 | loss 2.9549 (delta +0.0695) size 371.5 MB sparsity 8.0%
gen 29 offspring [25/100] k= 31 (used  31.0) c=0.915 alpha=-0.272 beta=+0.117 | loss 3.0918 (delta +0.2065) size 309.7 MB sparsity 17.1%
gen 29 offspring [26/100] k= 33 (used  33.0) c=0.963 alpha=-0.305 beta=+0.352 | loss 3.4089 (delta +0.5236) size 287.9 MB sparsity 27.1%
gen 29 offspring [27/100] k= 16 (used  16.0) c=0.899 alpha=-0.061 beta=+0.355 | loss 3.7670 (delta +0.8816) size 244.2 MB sparsity 26.2%
gen 29 offspring [28/100] k= 28 (used  27.0) c=0.979 alpha=-0.262 beta=+0.054 | loss 3.1799 (delta +0.2946) size 309.1 MB sparsity 17.8%
gen 29 offspring [29/100] k= 31 (used  31.0) c=0.945 alpha=-0.203 beta=+0.256 | loss 3.1356 (delta +0.2503) size 309.0 MB sparsity 19.5%
gen 29 offspring [30/100] k= 17 (used  17.0) c=0.936 alpha=-0.211 beta=+0.073 | loss 3.4673 (delta +0.5820) size 258.7 MB sparsity 20.7%
gen 29 offspring [31/100] k=244 (used 244.0) c=0.979 alpha=-0.032 beta=+0.042 | loss 2.8895 (delta +0.0041) size 495.1 MB sparsity 3.1%
gen 29 offspring [32/100] k= 17 (used  17.0) c=0.976 alpha=-0.258 beta=+0.430 | loss 3.8279 (delta +0.9426) size 237.2 MB sparsity 29.4%
gen 29 offspring [33/100] k= 33 (used  33.0) c=0.960 alpha=-0.230 beta=+0.365 | loss 3.3100 (delta +0.4246) size 295.4 MB sparsity 24.7%
gen 29 offspring [34/100] k= 17 (used  17.0) c=0.987 alpha=-0.245 beta=+0.442 | loss 3.8542 (delta +0.9688) size 236.9 MB sparsity 29.5%
gen 29 offspring [35/100] k= 32 (used  31.0) c=0.981 alpha=-0.224 beta=+0.410 | loss 3.3863 (delta +0.5010) size 290.7 MB sparsity 26.2%
gen 29 offspring [36/100] k= 17 (used  17.0) c=0.849 alpha=-0.216 beta=+0.291 | loss 3.4712 (delta +0.5859) size 254.1 MB sparsity 22.6%
gen 29 offspring [37/100] k= 16 (used  15.0) c=0.979 alpha=-0.242 beta=+0.289 | loss 3.8908 (delta +1.0055) size 244.6 MB sparsity 25.4%
gen 29 offspring [38/100] k= 34 (used  33.0) c=0.987 alpha=-0.331 beta=+0.299 | loss 3.3615 (delta +0.4761) size 291.2 MB sparsity 26.0%
gen 29 offspring [39/100] k= 18 (used  18.0) c=0.845 alpha=-0.207 beta=+0.329 | loss 3.4942 (delta +0.6089) size 298.5 MB sparsity 23.7%
gen 29 offspring [40/100] k= 16 (used  15.0) c=0.951 alpha=-0.013 beta=+0.122 | loss 3.8075 (delta +0.9221) size 245.4 MB sparsity 23.5%
gen 29 offspring [41/100] k=152 (used 150.8) c=0.863 alpha=-0.203 beta=+0.190 | loss 3.0181 (delta +0.1328) size 475.7 MB sparsity 16.4%
gen 29 offspring [42/100] k= 57 (used  57.0) c=0.944 alpha=-0.010 beta=+0.061 | loss 2.9623 (delta +0.0769) size 371.5 MB sparsity 6.2%
gen 29 offspring [43/100] k= 17 (used  17.0) c=0.978 alpha=-0.234 beta=+0.468 | loss 3.9175 (delta +1.0322) size 235.4 MB sparsity 30.1%
gen 29 offspring [44/100] k= 33 (used  33.0) c=0.974 alpha=-0.254 beta=+0.371 | loss 3.3478 (delta +0.4624) size 291.8 MB sparsity 25.8%
gen 29 offspring [45/100] k= 17 (used  17.0) c=0.994 alpha=-0.076 beta=+0.257 | loss 3.5425 (delta +0.6572) size 254.0 MB sparsity 22.6%
gen 29 offspring [46/100] k= 16 (used  15.0) c=0.943 alpha=-0.178 beta=+0.360 | loss 3.8850 (delta +0.9996) size 243.0 MB sparsity 27.0%
gen 29 offspring [47/100] k=134 (used 134.0) c=0.931 alpha=-0.042 beta=+0.076 | loss 2.8994 (delta +0.0141) size 495.0 MB sparsity 5.1%
gen 29 offspring [48/100] k= 17 (used  17.0) c=0.847 alpha=-0.231 beta=+0.259 | loss 3.4712 (delta +0.5858) size 255.8 MB sparsity 21.9%
gen 29 offspring [49/100] k= 16 (used  16.0) c=0.848 alpha=-0.184 beta=+0.119 | loss 3.5056 (delta +0.6203) size 246.8 MB sparsity 21.1%
gen 29 offspring [50/100] k= 17 (used  17.0) c=0.978 alpha=-0.245 beta=+0.438 | loss 3.8205 (delta +0.9351) size 237.4 MB sparsity 29.3%
gen 29 offspring [51/100] k= 17 (used  17.0) c=0.987 alpha=-0.331 beta=+0.299 | loss 3.7428 (delta +0.8574) size 242.7 MB sparsity 27.2%
gen 29 offspring [52/100] k= 17 (used  17.0) c=0.970 alpha=-0.297 beta=+0.228 | loss 3.5777 (delta +0.6923) size 250.7 MB sparsity 23.9%
gen 29 offspring [53/100] k= 33 (used  33.0) c=0.845 alpha=-0.216 beta=+0.212 | loss 3.1620 (delta +0.2767) size 315.7 MB sparsity 18.1%
gen 29 offspring [54/100] k= 16 (used  16.0) c=0.865 alpha=-0.166 beta=+0.294 | loss 3.5863 (delta +0.7010) size 246.2 MB sparsity 23.7%
gen 29 offspring [55/100] k= 16 (used  16.0) c=0.849 alpha=-0.216 beta=+0.434 | loss 3.7831 (delta +0.8977) size 239.3 MB sparsity 28.6%
gen 29 offspring [56/100] k= 33 (used  33.0) c=0.977 alpha=-0.277 beta=+0.298 | loss 3.2728 (delta +0.3875) size 297.6 MB sparsity 23.9%
gen 29 offspring [57/100] k= 27 (used  27.0) c=0.979 alpha=-0.071 beta=+0.325 | loss 3.2312 (delta +0.3458) size 307.5 MB sparsity 20.2%
gen 29 offspring [58/100] k= 16 (used  15.0) c=0.974 alpha=-0.161 beta=+0.372 | loss 3.9642 (delta +1.0789) size 241.2 MB sparsity 27.8%
gen 29 offspring [59/100] k= 17 (used  17.0) c=0.968 alpha=-0.216 beta=+0.428 | loss 3.7585 (delta +0.8732) size 239.8 MB sparsity 28.3%
gen 29 offspring [60/100] k= 16 (used  16.0) c=0.847 alpha=-0.210 beta=+0.188 | loss 3.5208 (delta +0.6355) size 246.8 MB sparsity 21.3%
gen 29 offspring [61/100] k= 32 (used  31.0) c=0.982 alpha=-0.187 beta=+0.068 | loss 3.0480 (delta +0.1626) size 309.8 MB sparsity 14.0%
gen 29 offspring [62/100] k= 17 (used  17.0) c=0.850 alpha=-0.150 beta=+0.467 | loss 6.0922 (delta +3.2068) size 240.2 MB sparsity 28.2%
gen 29 offspring [63/100] k= 16 (used  16.0) c=0.850 alpha=-0.099 beta=+0.431 | loss 3.7806 (delta +0.8952) size 240.0 MB sparsity 28.2%
gen 29 offspring [64/100] k= 16 (used  16.0) c=0.849 alpha=-0.010 beta=+0.354 | loss 3.6221 (delta +0.7368) size 245.1 MB sparsity 25.5%
gen 29 offspring [65/100] k= 17 (used  17.0) c=0.973 alpha=-0.216 beta=+0.330 | loss 3.6137 (delta +0.7283) size 248.3 MB sparsity 24.9%
gen 29 offspring [66/100] k=233 (used 233.0) c=0.979 alpha=-0.032 beta=+0.052 | loss 2.8893 (delta +0.0040) size 495.1 MB sparsity 3.6%
gen 29 offspring [67/100] k= 38 (used  38.0) c=0.908 alpha=-0.062 beta=+0.311 | loss 3.1093 (delta +0.2240) size 368.6 MB sparsity 17.4%
gen 29 offspring [68/100] k= 35 (used  35.0) c=0.977 alpha=-0.216 beta=+0.357 | loss 3.2675 (delta +0.3822) size 345.1 MB sparsity 23.8%
gen 29 offspring [69/100] k= 32 (used  31.0) c=0.979 alpha=-0.134 beta=+0.043 | loss 3.0260 (delta +0.1407) size 309.8 MB sparsity 12.2%
gen 29 offspring [70/100] k= 20 (used  19.0) c=0.987 alpha=-0.151 beta=+0.438 | loss 3.7386 (delta +0.8533) size 286.7 MB sparsity 27.5%
gen 29 offspring [71/100] k= 32 (used  32.0) c=0.911 alpha=-0.091 beta=+0.001 | loss 3.0026 (delta +0.1172) size 309.8 MB sparsity 10.9%
gen 29 offspring [72/100] k= 17 (used  17.0) c=0.861 alpha=-0.028 beta=+0.292 | loss 3.4639 (delta +0.5786) size 255.5 MB sparsity 22.0%
gen 29 offspring [73/100] k= 66 (used  66.0) c=0.847 alpha=-0.178 beta=+0.086 | loss 2.9602 (delta +0.0749) size 433.3 MB sparsity 11.2%
gen 29 offspring [74/100] k= 24 (used  23.0) c=0.976 alpha=-0.067 beta=+0.299 | loss 3.3007 (delta +0.4153) size 306.8 MB sparsity 20.4%
gen 29 offspring [75/100] k= 17 (used  17.0) c=0.849 alpha=-0.166 beta=+0.300 | loss 3.4582 (delta +0.5729) size 255.1 MB sparsity 22.1%
gen 29 offspring [76/100] k= 29 (used  29.0) c=0.851 alpha=-0.011 beta=+0.230 | loss 3.0651 (delta +0.1797) size 309.8 MB sparsity 15.2%
gen 29 offspring [77/100] k= 34 (used  33.0) c=0.976 alpha=-0.160 beta=+0.361 | loss 3.2018 (delta +0.3164) size 304.1 MB sparsity 21.8%
gen 29 offspring [78/100] k= 34 (used  33.0) c=0.976 alpha=-0.240 beta=+0.299 | loss 3.2189 (delta +0.3336) size 302.0 MB sparsity 22.5%
gen 29 offspring [79/100] k= 16 (used  16.0) c=0.849 alpha=-0.133 beta=+0.174 | loss 3.5047 (delta +0.6194) size 246.8 MB sparsity 21.1%
gen 29 offspring [80/100] k= 17 (used  17.0) c=0.859 alpha=-0.209 beta=+0.270 | loss 3.4593 (delta +0.5740) size 256.1 MB sparsity 21.7%
gen 29 offspring [81/100] k= 17 (used  17.0) c=0.849 alpha=-0.207 beta=+0.269 | loss 3.4378 (delta +0.5524) size 256.5 MB sparsity 21.6%
gen 29 offspring [82/100] k= 17 (used  17.0) c=0.849 alpha=-0.216 beta=+0.543 | loss 16.2117 (delta +13.3263) size 231.7 MB sparsity 31.6%
gen 29 offspring [83/100] k= 29 (used  29.0) c=0.994 alpha=-0.038 beta=+0.297 | loss 3.1619 (delta +0.2766) size 308.8 MB sparsity 18.7%
gen 29 offspring [84/100] k= 32 (used  31.0) c=0.976 alpha=-0.147 beta=+0.257 | loss 3.0994 (delta +0.2141) size 309.6 MB sparsity 17.5%
gen 29 offspring [85/100] k= 72 (used  71.7) c=0.849 alpha=-0.146 beta=+0.332 | loss 3.1154 (delta +0.2301) size 409.7 MB sparsity 19.7%
gen 29 offspring [86/100] k= 16 (used  15.0) c=0.991 alpha=-0.027 beta=+0.042 | loss 3.8806 (delta +0.9952) size 244.7 MB sparsity 24.5%
gen 29 offspring [87/100] k= 52 (used  51.0) c=0.992 alpha=-0.226 beta=+0.062 | loss 2.9872 (delta +0.1018) size 371.5 MB sparsity 13.0%
gen 29 offspring [88/100] k= 17 (used  17.0) c=0.987 alpha=-0.074 beta=+0.481 | loss 9.8901 (delta +7.0047) size 235.2 MB sparsity 30.2%
gen 29 offspring [89/100] k= 16 (used  16.0) c=0.849 alpha=-0.143 beta=+0.370 | loss 3.6511 (delta +0.7658) size 244.5 MB sparsity 26.1%
gen 29 offspring [90/100] k= 32 (used  32.0) c=0.846 alpha=-0.105 beta=+0.252 | loss 3.0914 (delta +0.2061) size 309.8 MB sparsity 15.8%
gen 29 offspring [91/100] k= 21 (used  21.0) c=0.979 alpha=-0.085 beta=+0.438 | loss 3.5887 (delta +0.7033) size 290.0 MB sparsity 26.4%
gen 29 offspring [92/100] k= 33 (used  33.0) c=0.987 alpha=-0.331 beta=+0.299 | loss 3.3618 (delta +0.4765) size 291.1 MB sparsity 26.0%
gen 29 offspring [93/100] k= 32 (used  32.0) c=0.945 alpha=-0.036 beta=+0.079 | loss 3.0080 (delta +0.1227) size 309.8 MB sparsity 11.3%
gen 29 offspring [94/100] k= 17 (used  17.0) c=0.850 alpha=-0.150 beta=+0.341 | loss 3.5165 (delta +0.6311) size 251.4 MB sparsity 23.6%
gen 29 offspring [95/100] k= 32 (used  32.0) c=0.916 alpha=-0.113 beta=+0.077 | loss 3.0022 (delta +0.1168) size 309.8 MB sparsity 11.1%
gen 29 offspring [96/100] k= 16 (used  15.0) c=0.997 alpha=-0.091 beta=+0.304 | loss 3.8978 (delta +1.0125) size 244.0 MB sparsity 26.0%
gen 29 offspring [97/100] k= 17 (used  17.0) c=0.987 alpha=-0.240 beta=+0.417 | loss 3.7990 (delta +0.9137) size 239.4 MB sparsity 28.5%
gen 29 offspring [98/100] k=137 (used 137.0) c=0.992 alpha=-0.042 beta=+0.042 | loss 2.8923 (delta +0.0069) size 495.0 MB sparsity 3.7%
gen 29 offspring [99/100] k=128 (used 126.5) c=0.975 alpha=-0.200 beta=+0.390 | loss 3.2327 (delta +0.3474) size 390.5 MB sparsity 24.2%
gen 29 offspring [100/100] k= 34 (used  33.0) c=0.981 alpha=-0.207 beta=+0.262 | loss 3.1424 (delta +0.2571) size 310.4 MB sparsity 19.8%
=== generation 29/50 done in 461s (0 reused), batch baseline 2.8854, HV 0.36677, front 100 points, 100/100 feasible, best delta loss +0.0032, smallest 235.6 MB
gen 30 offspring [1/100] k= 17 (used  17.0) c=0.848 alpha=-0.025 beta=+0.306 | loss 3.4673 (delta +0.5819) size 254.7 MB sparsity 22.3%
gen 30 offspring [2/100] k= 17 (used  17.0) c=1.000 alpha=-0.251 beta=+0.373 | loss 3.7180 (delta +0.8326) size 242.4 MB sparsity 27.3%
gen 30 offspring [3/100] k= 17 (used  17.0) c=0.908 alpha=-0.062 beta=+0.038 | loss 3.4493 (delta +0.5639) size 260.7 MB sparsity 19.9%
gen 30 offspring [4/100] k= 16 (used  16.0) c=0.867 alpha=-0.111 beta=+0.299 | loss 3.5900 (delta +0.7047) size 246.1 MB sparsity 23.8%
gen 30 offspring [5/100] k= 17 (used  17.0) c=0.984 alpha=-0.255 beta=+0.302 | loss 3.6254 (delta +0.7401) size 248.4 MB sparsity 24.8%
gen 30 offspring [6/100] k= 32 (used  32.0) c=0.945 alpha=-0.163 beta=+0.259 | loss 3.1055 (delta +0.2201) size 309.5 MB sparsity 18.1%
gen 30 offspring [7/100] k= 34 (used  34.0) c=0.969 alpha=-0.057 beta=+0.432 | loss 3.3760 (delta +0.4906) size 348.6 MB sparsity 22.9%
gen 30 offspring [8/100] k= 17 (used  17.0) c=0.982 alpha=-0.040 beta=+0.462 | loss 3.9979 (delta +1.1126) size 237.0 MB sparsity 29.5%
gen 30 offspring [9/100] k= 32 (used  31.0) c=0.981 alpha=-0.209 beta=+0.298 | loss 3.2045 (delta +0.3192) size 305.6 MB sparsity 21.4%
gen 30 offspring [10/100] k= 16 (used  15.0) c=0.979 alpha=-0.129 beta=+0.457 | loss 4.1817 (delta +1.2964) size 233.8 MB sparsity 30.8%
gen 30 offspring [11/100] k= 33 (used  33.0) c=0.978 alpha=-0.248 beta=+0.039 | loss 3.0610 (delta +0.1756) size 322.5 MB sparsity 15.9%
gen 30 offspring [12/100] k= 17 (used  17.0) c=0.884 alpha=-0.207 beta=+0.202 | loss 3.4107 (delta +0.5253) size 260.4 MB sparsity 20.0%
gen 30 offspring [13/100] k= 17 (used  17.0) c=0.848 alpha=-0.070 beta=+0.353 | loss 3.5340 (delta +0.6486) size 250.5 MB sparsity 24.0%
gen 30 offspring [14/100] k= 16 (used  15.0) c=0.991 alpha=-0.061 beta=+0.441 | loss 4.0980 (delta +1.2127) size 234.7 MB sparsity 30.4%
gen 30 offspring [15/100] k= 16 (used  16.0) c=0.850 alpha=-0.298 beta=+0.179 | loss 3.5950 (delta +0.7096) size 246.3 MB sparsity 23.6%
gen 30 offspring [16/100] k= 44 (used  43.0) c=0.992 alpha=-0.044 beta=+0.042 | loss 2.9555 (delta +0.0701) size 371.5 MB sparsity 8.5%
gen 30 offspring [17/100] k= 17 (used  17.0) c=0.855 alpha=-0.214 beta=+0.438 | loss 3.7676 (delta +0.8823) size 241.0 MB sparsity 27.9%
gen 30 offspring [18/100] k= 16 (used  15.0) c=0.976 alpha=-0.146 beta=+0.054 | loss 3.8622 (delta +0.9769) size 245.0 MB sparsity 24.1%
gen 30 offspring [19/100] k= 29 (used  29.0) c=0.909 alpha=-0.327 beta=+0.050 | loss 3.1870 (delta +0.3016) size 308.6 MB sparsity 19.3%
gen 30 offspring [20/100] k= 33 (used  33.0) c=0.976 alpha=-0.242 beta=+0.268 | loss 3.1902 (delta +0.3049) size 305.5 MB sparsity 21.4%
gen 30 offspring [21/100] k= 17 (used  17.0) c=0.850 alpha=-0.150 beta=+0.329 | loss 3.5009 (delta +0.6155) size 252.5 MB sparsity 23.2%
gen 30 offspring [22/100] k= 33 (used  33.0) c=0.849 alpha=-0.190 beta=+0.352 | loss 3.2787 (delta +0.3934) size 301.9 MB sparsity 22.5%
gen 30 offspring [23/100] k= 16 (used  16.0) c=0.849 alpha=-0.092 beta=+0.354 | loss 3.6221 (delta +0.7368) size 245.1 MB sparsity 25.5%
gen 30 offspring [24/100] k= 17 (used  17.0) c=0.864 alpha=-0.224 beta=+0.384 | loss 3.6485 (delta +0.7631) size 245.0 MB sparsity 26.2%
gen 30 offspring [25/100] k= 33 (used  33.0) c=0.979 alpha=-0.075 beta=+0.041 | loss 2.9981 (delta +0.1127) size 337.7 MB sparsity 10.9%
gen 30 offspring [26/100] k= 33 (used  33.0) c=0.899 alpha=-0.061 beta=+0.075 | loss 3.0055 (delta +0.1201) size 340.4 MB sparsity 10.1%
gen 30 offspring [27/100] k= 31 (used  31.0) c=0.986 alpha=-0.136 beta=+0.304 | loss 3.1413 (delta +0.2559) size 309.0 MB sparsity 19.0%
gen 30 offspring [28/100] k= 33 (used  33.0) c=0.964 alpha=-0.276 beta=+0.352 | loss 3.3527 (delta +0.4673) size 291.3 MB sparsity 26.0%
gen 30 offspring [29/100] k= 16 (used  15.0) c=0.997 alpha=-0.296 beta=+0.179 | loss 3.9570 (delta +1.0717) size 244.2 MB sparsity 25.7%
gen 30 offspring [30/100] k= 33 (used  33.0) c=0.867 alpha=-0.149 beta=+0.372 | loss 3.2642 (delta +0.3788) size 304.5 MB sparsity 21.7%
gen 30 offspring [31/100] k= 32 (used  31.0) c=0.979 alpha=-0.216 beta=+0.435 | loss 3.4068 (delta +0.5215) size 288.8 MB sparsity 26.8%
gen 30 offspring [32/100] k= 33 (used  33.0) c=0.979 alpha=-0.305 beta=+0.435 | loss 3.5418 (delta +0.6565) size 278.2 MB sparsity 30.2%
gen 30 offspring [33/100] k=137 (used 137.0) c=0.992 alpha=-0.047 beta=+0.033 | loss 2.8927 (delta +0.0073) size 495.0 MB sparsity 3.5%
gen 30 offspring [34/100] k= 29 (used  29.0) c=0.855 alpha=-0.148 beta=+0.070 | loss 3.0276 (delta +0.1422) size 309.8 MB sparsity 12.1%
gen 30 offspring [35/100] k= 47 (used  47.0) c=0.952 alpha=-0.249 beta=+0.298 | loss 3.1928 (delta +0.3075) size 349.3 MB sparsity 22.7%
gen 30 offspring [36/100] k= 16 (used  16.0) c=0.849 alpha=-0.005 beta=+0.339 | loss 3.6008 (delta +0.7154) size 245.5 MB sparsity 24.9%
gen 30 offspring [37/100] k= 29 (used  29.0) c=0.850 alpha=-0.228 beta=+0.156 | loss 3.0953 (delta +0.2100) size 309.8 MB sparsity 16.6%
gen 30 offspring [38/100] k=131 (used 131.0) c=0.983 alpha=-0.043 beta=+0.002 | loss 2.8952 (delta +0.0099) size 495.0 MB sparsity 3.3%
gen 30 offspring [39/100] k= 57 (used  57.0) c=0.992 alpha=-0.207 beta=+0.111 | loss 2.9769 (delta +0.0916) size 371.5 MB sparsity 13.5%
gen 30 offspring [40/100] k= 34 (used  33.0) c=0.992 alpha=-0.023 beta=+0.194 | loss 3.0379 (delta +0.1526) size 328.7 MB sparsity 13.9%
gen 30 offspring [41/100] k= 32 (used  31.0) c=0.974 alpha=-0.216 beta=+0.413 | loss 3.3782 (delta +0.4928) size 291.2 MB sparsity 26.0%
gen 30 offspring [42/100] k= 18 (used  17.0) c=0.987 alpha=-0.245 beta=+0.443 | loss 3.8586 (delta +0.9733) size 236.8 MB sparsity 29.5%
gen 30 offspring [43/100] k= 17 (used  17.0) c=0.802 alpha=-0.209 beta=+0.298 | loss 3.5641 (delta +0.6787) size 254.6 MB sparsity 22.3%
gen 30 offspring [44/100] k=233 (used 229.4) c=0.979 alpha=-0.032 beta=+0.436 | loss 4.0146 (delta +1.1293) size 463.2 MB sparsity 19.0%
gen 30 offspring [45/100] k= 31 (used  31.0) c=0.908 alpha=-0.062 beta=+0.087 | loss 3.0177 (delta +0.1323) size 309.8 MB sparsity 10.8%
gen 30 offspring [46/100] k= 16 (used  16.0) c=0.849 alpha=-0.216 beta=+0.428 | loss 3.7682 (delta +0.8829) size 239.8 MB sparsity 28.3%
gen 30 offspring [47/100] k= 17 (used  17.0) c=0.986 alpha=-0.206 beta=+0.438 | loss 3.8019 (delta +0.9166) size 238.8 MB sparsity 28.7%
gen 30 offspring [48/100] k= 17 (used  17.0) c=0.864 alpha=-0.224 beta=+0.300 | loss 3.5174 (delta +0.6320) size 252.5 MB sparsity 23.2%
gen 30 offspring [49/100] k=189 (used 189.0) c=0.992 alpha=-0.042 beta=+0.021 | loss 2.8904 (delta +0.0051) size 495.0 MB sparsity 2.8%
gen 30 offspring [50/100] k= 34 (used  33.0) c=0.976 alpha=-0.271 beta=+0.438 | loss 3.4858 (delta +0.6004) size 282.0 MB sparsity 29.0%
gen 30 offspring [51/100] k= 40 (used  40.0) c=0.973 alpha=-0.167 beta=+0.432 | loss 3.3532 (delta +0.4679) size 342.1 MB sparsity 24.6%
gen 30 offspring [52/100] k= 70 (used  70.0) c=0.958 alpha=-0.013 beta=+0.151 | loss 2.9297 (delta +0.0444) size 433.3 MB sparsity 8.9%
gen 30 offspring [53/100] k=233 (used 233.0) c=0.859 alpha=-0.032 beta=+0.042 | loss 2.9120 (delta +0.0266) size 495.1 MB sparsity 3.1%
gen 30 offspring [54/100] k= 72 (used  71.0) c=0.992 alpha=-0.262 beta=+0.113 | loss 3.0185 (delta +0.1332) size 427.2 MB sparsity 15.7%
gen 30 offspring [55/100] k= 18 (used  17.0) c=0.991 alpha=-0.219 beta=+0.288 | loss 3.5681 (delta +0.6827) size 251.3 MB sparsity 23.7%
gen 30 offspring [56/100] k=123 (used 122.7) c=0.976 alpha=-0.204 beta=+0.021 | loss 2.9333 (delta +0.0480) size 433.3 MB sparsity 10.0%
gen 30 offspring [57/100] k= 17 (used  17.0) c=0.853 alpha=-0.206 beta=+0.387 | loss 3.6200 (delta +0.7347) size 246.0 MB sparsity 25.8%
gen 30 offspring [58/100] k= 35 (used  35.0) c=0.987 alpha=-0.250 beta=+0.083 | loss 3.0688 (delta +0.1835) size 370.5 MB sparsity 15.7%
gen 30 offspring [59/100] k= 33 (used  33.0) c=0.979 alpha=-0.094 beta=+0.338 | loss 3.1530 (delta +0.2676) size 311.7 MB sparsity 19.4%
gen 30 offspring [60/100] k= 32 (used  32.0) c=0.916 alpha=-0.103 beta=+0.036 | loss 3.0009 (delta +0.1155) size 309.8 MB sparsity 11.0%
gen 30 offspring [61/100] k= 33 (used  33.0) c=0.960 alpha=-0.232 beta=+0.296 | loss 3.2192 (delta +0.3338) size 303.5 MB sparsity 22.0%
gen 30 offspring [62/100] k= 53 (used  53.0) c=0.853 alpha=-0.151 beta=+0.074 | loss 2.9707 (delta +0.0853) size 371.5 MB sparsity 9.8%
gen 30 offspring [63/100] k= 34 (used  33.0) c=0.997 alpha=-0.193 beta=+0.283 | loss 3.1481 (delta +0.2627) size 309.5 MB sparsity 20.1%
gen 30 offspring [64/100] k= 17 (used  17.0) c=0.978 alpha=-0.245 beta=+0.404 | loss 3.7642 (delta +0.8788) size 240.4 MB sparsity 28.1%
gen 30 offspring [65/100] k= 29 (used  29.0) c=0.850 alpha=-0.069 beta=+0.339 | loss 3.1884 (delta +0.3031) size 308.6 MB sparsity 19.4%
gen 30 offspring [66/100] k= 16 (used  16.0) c=0.837 alpha=-0.013 beta=+0.434 | loss 3.8392 (delta +0.9539) size 240.2 MB sparsity 28.2%
gen 30 offspring [67/100] k= 34 (used  33.0) c=0.976 alpha=-0.308 beta=+0.299 | loss 3.3187 (delta +0.4334) size 293.8 MB sparsity 25.2%
gen 30 offspring [68/100] k= 17 (used  17.0) c=0.962 alpha=-0.216 beta=+0.428 | loss 3.7802 (delta +0.8948) size 240.0 MB sparsity 28.3%
gen 30 offspring [69/100] k= 17 (used  17.0) c=0.975 alpha=-0.287 beta=+0.228 | loss 3.5965 (delta +0.7112) size 251.4 MB sparsity 23.6%
gen 30 offspring [70/100] k= 16 (used  16.0) c=0.849 alpha=-0.147 beta=+0.284 | loss 3.5490 (delta +0.6636) size 246.5 MB sparsity 23.1%
gen 30 offspring [71/100] k= 46 (used  45.0) c=0.992 alpha=-0.226 beta=+0.127 | loss 3.0317 (delta +0.1463) size 371.4 MB sparsity 15.1%
gen 30 offspring [72/100] k= 64 (used  64.0) c=0.979 alpha=-0.091 beta=+0.059 | loss 2.9294 (delta +0.0441) size 371.5 MB sparsity 7.0%
gen 30 offspring [73/100] k= 38 (used  38.0) c=0.960 alpha=-0.230 beta=+0.365 | loss 3.3421 (delta +0.4567) size 342.1 MB sparsity 24.6%
gen 30 offspring [74/100] k= 33 (used  33.0) c=0.942 alpha=-0.202 beta=+0.058 | loss 3.0341 (delta +0.1488) size 328.7 MB sparsity 13.9%
gen 30 offspring [75/100] k= 18 (used  17.0) c=0.995 alpha=-0.192 beta=+0.347 | loss 3.6393 (delta +0.7539) size 246.7 MB sparsity 25.5%
gen 30 offspring [76/100] k= 35 (used  35.0) c=0.840 alpha=-0.188 beta=+0.283 | loss 3.1786 (delta +0.2933) size 360.1 MB sparsity 19.7%
gen 30 offspring [77/100] k= 16 (used  15.0) c=0.980 alpha=-0.259 beta=+0.352 | loss 3.9489 (delta +1.0636) size 241.6 MB sparsity 27.6%
gen 30 offspring [78/100] k= 17 (used  17.0) c=0.847 alpha=-0.310 beta=+0.267 | loss 3.6413 (delta +0.7560) size 248.5 MB sparsity 24.8%
gen 30 offspring [79/100] k= 17 (used  17.0) c=0.975 alpha=-0.205 beta=+0.313 | loss 3.5916 (delta +0.7062) size 250.0 MB sparsity 24.2%
gen 30 offspring [80/100] k= 33 (used  33.0) c=0.960 alpha=-0.249 beta=+0.352 | loss 3.3112 (delta +0.4258) size 294.6 MB sparsity 24.9%
gen 30 offspring [81/100] k= 17 (used  17.0) c=0.966 alpha=-0.071 beta=+0.313 | loss 3.6039 (delta +0.7185) size 250.5 MB sparsity 24.0%
gen 30 offspring [82/100] k= 57 (used  57.0) c=0.987 alpha=-0.275 beta=+0.099 | loss 3.0295 (delta +0.1441) size 371.2 MB sparsity 15.7%
gen 30 offspring [83/100] k= 52 (used  52.0) c=0.942 alpha=-0.107 beta=+0.061 | loss 2.9319 (delta +0.0466) size 371.5 MB sparsity 8.1%
gen 30 offspring [84/100] k= 17 (used  17.0) c=0.994 alpha=-0.057 beta=+0.241 | loss 3.5479 (delta +0.6625) size 254.9 MB sparsity 22.2%
gen 30 offspring [85/100] k= 34 (used  33.0) c=0.972 alpha=-0.210 beta=+0.278 | loss 3.1580 (delta +0.2726) size 308.2 MB sparsity 20.5%
gen 30 offspring [86/100] k= 17 (used  17.0) c=0.849 alpha=-0.226 beta=+0.256 | loss 3.4465 (delta +0.5611) size 256.4 MB sparsity 21.6%
gen 30 offspring [87/100] k= 17 (used  17.0) c=0.848 alpha=-0.092 beta=+0.003 | loss 3.3766 (delta +0.4913) size 263.8 MB sparsity 18.6%
gen 30 offspring [88/100] k= 17 (used  17.0) c=0.984 alpha=-0.091 beta=+0.253 | loss 3.5351 (delta +0.6497) size 254.6 MB sparsity 22.3%
gen 30 offspring [89/100] k= 17 (used  17.0) c=0.976 alpha=-0.271 beta=+0.438 | loss 3.8733 (delta +0.9880) size 235.6 MB sparsity 30.0%
gen 30 offspring [90/100] k= 34 (used  33.0) c=0.978 alpha=-0.272 beta=+0.291 | loss 3.2623 (delta +0.3769) size 299.2 MB sparsity 23.4%
gen 30 offspring [91/100] k= 17 (used  17.0) c=0.976 alpha=-0.246 beta=+0.036 | loss 3.5348 (delta +0.6495) size 255.3 MB sparsity 22.1%
gen 30 offspring [92/100] k= 38 (used  38.0) c=0.916 alpha=-0.122 beta=+0.077 | loss 2.9712 (delta +0.0858) size 371.5 MB sparsity 10.1%
gen 30 offspring [93/100] k= 17 (used  17.0) c=0.849 alpha=-0.232 beta=+0.300 | loss 3.5190 (delta +0.6337) size 252.2 MB sparsity 23.3%
gen 30 offspring [94/100] k= 17 (used  17.0) c=0.977 alpha=-0.151 beta=+0.382 | loss 3.6804 (delta +0.7951) size 244.2 MB sparsity 26.6%
gen 30 offspring [95/100] k= 17 (used  17.0) c=0.849 alpha=-0.034 beta=+0.398 | loss 3.6345 (delta +0.7492) size 246.3 MB sparsity 25.7%
gen 30 offspring [96/100] k= 33 (used  33.0) c=0.973 alpha=-0.216 beta=+0.400 | loss 3.3428 (delta +0.4575) size 292.9 MB sparsity 25.5%
gen 30 offspring [97/100] k= 33 (used  33.0) c=0.981 alpha=-0.410 beta=+0.432 | loss 3.7931 (delta +0.9077) size 266.2 MB sparsity 34.1%
gen 30 offspring [98/100] k= 17 (used  17.0) c=0.975 alpha=-0.230 beta=+0.314 | loss 3.6095 (delta +0.7241) size 249.0 MB sparsity 24.6%
gen 30 offspring [99/100] k= 18 (used  18.0) c=0.909 alpha=-0.258 beta=+0.296 | loss 3.5928 (delta +0.7075) size 296.5 MB sparsity 24.3%
gen 30 offspring [100/100] k= 28 (used  28.0) c=0.849 alpha=-0.146 beta=+0.339 | loss 3.2138 (delta +0.3285) size 307.4 MB sparsity 20.6%
=== generation 30/50 done in 461s (0 reused), batch baseline 2.8854, HV 0.36688, front 100 points, 100/100 feasible, best delta loss +0.0032, smallest 235.6 MB
gen 31 offspring [1/100] k= 17 (used  17.0) c=0.952 alpha=-0.216 beta=+0.085 | loss 3.4992 (delta +0.6139) size 257.8 MB sparsity 21.1%
gen 31 offspring [2/100] k= 16 (used  15.0) c=0.973 alpha=-0.334 beta=+0.374 | loss 4.1585 (delta +1.2732) size 234.9 MB sparsity 30.3%
gen 31 offspring [3/100] k= 34 (used  33.0) c=0.995 alpha=-0.033 beta=+0.285 | loss 3.1031 (delta +0.2178) size 317.7 MB sparsity 17.4%
gen 31 offspring [4/100] k= 16 (used  16.0) c=0.852 alpha=-0.178 beta=+0.346 | loss 3.6305 (delta +0.7451) size 245.2 MB sparsity 25.3%
gen 31 offspring [5/100] k= 29 (used  29.0) c=0.983 alpha=-0.070 beta=+0.071 | loss 3.0615 (delta +0.1762) size 309.8 MB sparsity 12.5%
gen 31 offspring [6/100] k= 17 (used  17.0) c=0.850 alpha=-0.217 beta=+0.062 | loss 3.3894 (delta +0.5041) size 261.8 MB sparsity 19.4%
gen 31 offspring [7/100] k= 17 (used  17.0) c=0.987 alpha=-0.293 beta=+0.438 | loss 3.9416 (delta +1.0563) size 233.8 MB sparsity 30.8%
gen 31 offspring [8/100] k= 17 (used  17.0) c=0.976 alpha=-0.214 beta=+0.329 | loss 3.6060 (delta +0.7207) size 248.4 MB sparsity 24.9%
gen 31 offspring [9/100] k= 32 (used  32.0) c=0.849 alpha=-0.206 beta=+0.299 | loss 3.2335 (delta +0.3481) size 306.3 MB sparsity 21.1%
gen 31 offspring [10/100] k= 17 (used  17.0) c=0.978 alpha=-0.245 beta=+0.288 | loss 3.5807 (delta +0.6953) size 250.3 MB sparsity 24.1%
gen 31 offspring [11/100] k= 31 (used  31.0) c=0.980 alpha=-0.092 beta=+0.252 | loss 3.0797 (delta +0.1944) size 309.7 MB sparsity 16.4%
gen 31 offspring [12/100] k=123 (used 122.9) c=0.985 alpha=-0.043 beta=+0.184 | loss 2.9274 (delta +0.0421) size 433.3 MB sparsity 9.6%
gen 31 offspring [13/100] k= 17 (used  17.0) c=0.846 alpha=-0.207 beta=+0.122 | loss 3.3912 (delta +0.5058) size 262.6 MB sparsity 19.1%
gen 31 offspring [14/100] k= 17 (used  17.0) c=0.856 alpha=-0.193 beta=+0.179 | loss 3.3864 (delta +0.5011) size 262.6 MB sparsity 19.1%
gen 31 offspring [15/100] k= 33 (used  33.0) c=0.986 alpha=-0.251 beta=+0.321 | loss 3.2754 (delta +0.3901) size 298.0 MB sparsity 23.8%
gen 31 offspring [16/100] k= 17 (used  17.0) c=0.848 alpha=-0.090 beta=+0.202 | loss 3.3749 (delta +0.4896) size 262.7 MB sparsity 19.0%
gen 31 offspring [17/100] k= 34 (used  33.0) c=0.976 alpha=-0.251 beta=+0.302 | loss 3.2394 (delta +0.3541) size 300.3 MB sparsity 23.1%
gen 31 offspring [18/100] k= 16 (used  15.0) c=0.977 alpha=-0.216 beta=+0.300 | loss 3.9133 (delta +1.0280) size 244.5 MB sparsity 25.5%
gen 31 offspring [19/100] k= 17 (used  17.0) c=0.958 alpha=-0.294 beta=+0.438 | loss 3.9875 (delta +1.1021) size 234.0 MB sparsity 30.7%
gen 31 offspring [20/100] k= 29 (used  29.0) c=0.976 alpha=-0.058 beta=+0.042 | loss 3.0498 (delta +0.1644) size 309.8 MB sparsity 12.4%
gen 31 offspring [21/100] k= 18 (used  17.0) c=0.997 alpha=-0.237 beta=+0.377 | loss 3.7132 (delta +0.8279) size 242.9 MB sparsity 27.1%
gen 31 offspring [22/100] k= 17 (used  17.0) c=0.865 alpha=-0.019 beta=+0.193 | loss 3.3978 (delta +0.5124) size 262.4 MB sparsity 19.2%
gen 31 offspring [23/100] k= 33 (used  33.0) c=0.976 alpha=-0.032 beta=+0.022 | loss 2.9994 (delta +0.1141) size 337.8 MB sparsity 10.9%
gen 31 offspring [24/100] k= 16 (used  15.0) c=0.996 alpha=-0.210 beta=+0.363 | loss 3.9523 (delta +1.0669) size 241.2 MB sparsity 27.8%
gen 31 offspring [25/100] k= 17 (used  17.0) c=0.977 alpha=-0.277 beta=+0.248 | loss 3.5920 (delta +0.7066) size 251.0 MB sparsity 23.8%
gen 31 offspring [26/100] k= 36 (used  35.0) c=0.990 alpha=-0.230 beta=+0.042 | loss 3.0477 (delta +0.1623) size 370.9 MB sparsity 14.9%
gen 31 offspring [27/100] k= 34 (used  33.0) c=0.994 alpha=-0.259 beta=+0.299 | loss 3.2591 (delta +0.3738) size 299.7 MB sparsity 23.3%
gen 31 offspring [28/100] k= 17 (used  17.0) c=0.989 alpha=-0.100 beta=+0.372 | loss 3.6741 (delta +0.7887) size 244.7 MB sparsity 26.4%
gen 31 offspring [29/100] k= 16 (used  16.0) c=0.849 alpha=-0.226 beta=+0.393 | loss 3.7084 (delta +0.8230) size 242.5 MB sparsity 27.2%
gen 31 offspring [30/100] k= 33 (used  33.0) c=0.982 alpha=-0.229 beta=+0.300 | loss 3.2139 (delta +0.3285) size 303.2 MB sparsity 22.1%
gen 31 offspring [31/100] k= 34 (used  33.0) c=0.972 alpha=-0.205 beta=+0.285 | loss 3.1639 (delta +0.2785) size 307.9 MB sparsity 20.6%
gen 31 offspring [32/100] k= 16 (used  16.0) c=0.855 alpha=-0.193 beta=+0.174 | loss 3.5231 (delta +0.6377) size 246.8 MB sparsity 21.3%
gen 31 offspring [33/100] k= 17 (used  17.0) c=0.854 alpha=-0.216 beta=+0.372 | loss 3.6041 (delta +0.7188) size 246.7 MB sparsity 25.5%
gen 31 offspring [34/100] k= 17 (used  17.0) c=0.879 alpha=-0.096 beta=+0.077 | loss 3.4054 (delta +0.5200) size 262.2 MB sparsity 19.3%
gen 31 offspring [35/100] k= 16 (used  16.0) c=0.849 alpha=-0.037 beta=+0.354 | loss 3.6221 (delta +0.7368) size 245.1 MB sparsity 25.5%
gen 31 offspring [36/100] k= 66 (used  66.0) c=0.940 alpha=-0.011 beta=+0.011 | loss 2.9175 (delta +0.0321) size 433.3 MB sparsity 5.3%
gen 31 offspring [37/100] k= 34 (used  34.0) c=0.960 alpha=-0.230 beta=+0.392 | loss 3.3742 (delta +0.4889) size 338.1 MB sparsity 25.7%
gen 31 offspring [38/100] k= 34 (used  33.0) c=0.978 alpha=-0.332 beta=+0.298 | loss 3.3570 (delta +0.4717) size 291.1 MB sparsity 26.0%
gen 31 offspring [39/100] k= 40 (used  39.0) c=0.976 alpha=-0.205 beta=+0.428 | loss 3.3713 (delta +0.4860) size 337.2 MB sparsity 25.9%
gen 31 offspring [40/100] k=137 (used 136.5) c=0.992 alpha=-0.224 beta=+0.042 | loss 2.9475 (delta +0.0622) size 494.9 MB sparsity 11.2%
gen 31 offspring [41/100] k= 17 (used  17.0) c=0.981 alpha=-0.271 beta=+0.438 | loss 3.9069 (delta +1.0215) size 235.5 MB sparsity 30.1%
gen 31 offspring [42/100] k= 33 (used  33.0) c=0.979 alpha=-0.197 beta=+0.366 | loss 3.2487 (delta +0.3634) size 299.2 MB sparsity 23.4%
gen 31 offspring [43/100] k= 30 (used  29.0) c=0.987 alpha=-0.237 beta=+0.442 | loss 3.5106 (delta +0.6253) size 285.3 MB sparsity 27.9%
gen 31 offspring [44/100] k= 32 (used  31.0) c=0.979 alpha=-0.038 beta=+0.254 | loss 3.0851 (delta +0.1997) size 309.7 MB sparsity 16.5%
gen 31 offspring [45/100] k= 18 (used  17.0) c=0.983 alpha=-0.261 beta=+0.466 | loss 3.9747 (delta +1.0893) size 233.8 MB sparsity 30.7%
gen 31 offspring [46/100] k= 16 (used  16.0) c=0.865 alpha=-0.166 beta=+0.308 | loss 3.6117 (delta +0.7263) size 245.9 MB sparsity 24.1%
gen 31 offspring [47/100] k= 84 (used  82.9) c=0.992 alpha=-0.062 beta=+0.225 | loss 2.9575 (delta +0.0722) size 433.2 MB sparsity 12.1%
gen 31 offspring [48/100] k= 70 (used  69.8) c=0.863 alpha=-0.013 beta=+0.293 | loss 3.0506 (delta +0.1653) size 431.8 MB sparsity 14.4%
gen 31 offspring [49/100] k= 17 (used  17.0) c=0.847 alpha=-0.145 beta=+0.426 | loss 3.6994 (delta +0.8140) size 243.9 MB sparsity 26.7%
gen 31 offspring [50/100] k= 42 (used  42.0) c=0.971 alpha=-0.215 beta=+0.257 | loss 3.1540 (delta +0.2687) size 360.2 MB sparsity 19.7%
gen 31 offspring [51/100] k= 16 (used  16.0) c=0.847 alpha=-0.192 beta=+0.178 | loss 3.5154 (delta +0.6301) size 246.8 MB sparsity 21.1%
gen 31 offspring [52/100] k= 17 (used  17.0) c=0.844 alpha=-0.207 beta=+0.247 | loss 3.4174 (delta +0.5320) size 258.5 MB sparsity 20.8%
gen 31 offspring [53/100] k= 33 (used  33.0) c=0.979 alpha=-0.134 beta=+0.209 | loss 3.0391 (delta +0.1538) size 325.0 MB sparsity 15.1%
gen 31 offspring [54/100] k= 23 (used  23.0) c=0.976 alpha=-0.246 beta=+0.442 | loss 3.6599 (delta +0.7746) size 283.5 MB sparsity 28.5%
gen 31 offspring [55/100] k= 33 (used  33.0) c=0.849 alpha=-0.144 beta=+0.300 | loss 3.1500 (delta +0.2646) size 313.6 MB sparsity 18.8%
gen 31 offspring [56/100] k= 17 (used  17.0) c=0.994 alpha=-0.091 beta=+0.015 | loss 3.5340 (delta +0.6486) size 256.3 MB sparsity 21.6%
gen 31 offspring [57/100] k= 34 (used  33.0) c=0.980 alpha=-0.209 beta=+0.448 | loss 3.4335 (delta +0.5482) size 288.3 MB sparsity 27.0%
gen 31 offspring [58/100] k= 58 (used  57.0) c=0.992 alpha=-0.211 beta=+0.105 | loss 2.9744 (delta +0.0890) size 371.5 MB sparsity 13.4%
gen 31 offspring [59/100] k= 16 (used  16.0) c=0.844 alpha=-0.419 beta=+0.045 | loss 3.8580 (delta +0.9727) size 241.3 MB sparsity 27.7%
gen 31 offspring [60/100] k=155 (used 155.0) c=0.979 alpha=-0.032 beta=+0.042 | loss 2.8919 (delta +0.0066) size 495.0 MB sparsity 3.2%
gen 31 offspring [61/100] k= 16 (used  15.0) c=0.976 alpha=-0.143 beta=+0.438 | loss 4.0527 (delta +1.1674) size 235.5 MB sparsity 30.1%
gen 31 offspring [62/100] k= 17 (used  17.0) c=0.859 alpha=-0.194 beta=+0.431 | loss 3.7420 (delta +0.8566) size 242.5 MB sparsity 27.2%
gen 31 offspring [63/100] k= 17 (used  17.0) c=0.988 alpha=-0.195 beta=+0.457 | loss 3.8779 (delta +0.9925) size 237.2 MB sparsity 29.4%
gen 31 offspring [64/100] k= 17 (used  17.0) c=0.848 alpha=-0.166 beta=+0.363 | loss 3.5570 (delta +0.6717) size 249.4 MB sparsity 24.4%
gen 31 offspring [65/100] k= 33 (used  33.0) c=0.848 alpha=-0.259 beta=+0.352 | loss 3.3841 (delta +0.4988) size 293.6 MB sparsity 25.3%
gen 31 offspring [66/100] k= 33 (used  33.0) c=0.986 alpha=-0.202 beta=+0.352 | loss 3.2403 (delta +0.3549) size 300.1 MB sparsity 23.1%
gen 31 offspring [67/100] k= 31 (used  31.0) c=0.932 alpha=-0.062 beta=+0.219 | loss 3.0504 (delta +0.1650) size 309.8 MB sparsity 14.9%
gen 31 offspring [68/100] k= 32 (used  31.0) c=0.987 alpha=-0.331 beta=+0.298 | loss 3.4184 (delta +0.5331) size 291.1 MB sparsity 26.0%
gen 31 offspring [69/100] k= 16 (used  16.0) c=0.848 alpha=-0.166 beta=+0.294 | loss 3.5601 (delta +0.6747) size 246.4 MB sparsity 23.4%
gen 31 offspring [70/100] k= 34 (used  33.0) c=0.979 alpha=-0.240 beta=+0.299 | loss 3.2221 (delta +0.3367) size 302.0 MB sparsity 22.5%
gen 31 offspring [71/100] k=157 (used 157.0) c=0.843 alpha=-0.042 beta=+0.052 | loss 2.9238 (delta +0.0385) size 495.0 MB sparsity 4.0%
gen 31 offspring [72/100] k= 33 (used  33.0) c=0.847 alpha=-0.206 beta=+0.277 | loss 3.2117 (delta +0.3264) size 309.0 MB sparsity 20.2%
gen 31 offspring [73/100] k= 17 (used  17.0) c=0.851 alpha=-0.031 beta=+0.212 | loss 3.3797 (delta +0.4944) size 262.1 MB sparsity 19.3%
gen 31 offspring [74/100] k= 16 (used  16.0) c=0.843 alpha=-0.206 beta=+0.456 | loss 3.9059 (delta +1.0205) size 237.7 MB sparsity 29.2%
gen 31 offspring [75/100] k= 17 (used  17.0) c=0.849 alpha=-0.216 beta=+0.227 | loss 3.3921 (delta +0.5067) size 259.3 MB sparsity 20.4%
gen 31 offspring [76/100] k= 17 (used  17.0) c=0.979 alpha=-0.191 beta=+0.438 | loss 3.7773 (delta +0.8919) size 239.2 MB sparsity 28.6%
gen 31 offspring [77/100] k= 16 (used  16.0) c=0.864 alpha=-0.097 beta=+0.334 | loss 3.6457 (delta +0.7603) size 245.4 MB sparsity 25.0%
gen 31 offspring [78/100] k= 34 (used  33.0) c=0.972 alpha=-0.249 beta=+0.259 | loss 3.1947 (delta +0.3094) size 305.8 MB sparsity 21.3%
gen 31 offspring [79/100] k= 23 (used  23.0) c=0.873 alpha=-0.216 beta=+0.269 | loss 3.2645 (delta +0.3791) size 306.9 MB sparsity 20.8%
gen 31 offspring [80/100] k= 64 (used  62.8) c=1.000 alpha=-0.140 beta=+0.376 | loss 3.1755 (delta +0.2901) size 354.5 MB sparsity 21.3%
gen 31 offspring [81/100] k= 16 (used  16.0) c=0.849 alpha=-0.204 beta=+0.300 | loss 3.5568 (delta +0.6715) size 246.3 MB sparsity 23.7%
gen 31 offspring [82/100] k= 31 (used  31.0) c=0.945 alpha=-0.013 beta=+0.102 | loss 3.0099 (delta +0.1246) size 309.8 MB sparsity 11.3%
gen 31 offspring [83/100] k= 21 (used  21.0) c=0.847 alpha=-0.178 beta=+0.396 | loss 3.4629 (delta +0.5775) size 296.0 MB sparsity 24.5%
gen 31 offspring [84/100] k= 33 (used  33.0) c=0.987 alpha=-0.209 beta=+0.299 | loss 3.1858 (delta +0.3004) size 305.8 MB sparsity 21.3%
gen 31 offspring [85/100] k=233 (used 233.0) c=0.981 alpha=-0.032 beta=+0.042 | loss 2.8892 (delta +0.0039) size 495.1 MB sparsity 3.1%
gen 31 offspring [86/100] k= 17 (used  17.0) c=0.975 alpha=-0.153 beta=+0.312 | loss 3.5908 (delta +0.7055) size 250.3 MB sparsity 24.1%
gen 31 offspring [87/100] k= 57 (used  57.0) c=0.997 alpha=-0.131 beta=+0.111 | loss 2.9398 (delta +0.0545) size 371.5 MB sparsity 10.4%
gen 31 offspring [88/100] k= 17 (used  17.0) c=0.844 alpha=-0.098 beta=+0.300 | loss 3.4640 (delta +0.5786) size 255.3 MB sparsity 22.1%
gen 31 offspring [89/100] k= 17 (used  17.0) c=0.849 alpha=-0.251 beta=+0.195 | loss 3.4401 (delta +0.5548) size 258.7 MB sparsity 20.7%
gen 31 offspring [90/100] k= 16 (used  15.0) c=0.953 alpha=-0.078 beta=+0.054 | loss 3.7968 (delta +0.9114) size 245.4 MB sparsity 23.6%
gen 31 offspring [91/100] k= 29 (used  29.0) c=0.995 alpha=-0.091 beta=+0.041 | loss 3.0768 (delta +0.1914) size 309.8 MB sparsity 12.7%
gen 31 offspring [92/100] k=128 (used 128.0) c=0.987 alpha=-0.027 beta=+0.042 | loss 2.8934 (delta +0.0081) size 433.3 MB sparsity 3.3%
gen 31 offspring [93/100] k= 33 (used  33.0) c=0.979 alpha=-0.134 beta=+0.045 | loss 3.0001 (delta +0.1148) size 335.5 MB sparsity 11.7%
gen 31 offspring [94/100] k= 30 (used  29.0) c=0.979 alpha=-0.012 beta=+0.022 | loss 3.0512 (delta +0.1659) size 309.8 MB sparsity 12.5%
gen 31 offspring [95/100] k= 34 (used  34.0) c=0.854 alpha=-0.290 beta=+0.352 | loss 3.4389 (delta +0.5536) size 335.2 MB sparsity 26.5%
gen 31 offspring [96/100] k= 33 (used  33.0) c=0.984 alpha=-0.331 beta=+0.302 | loss 3.3694 (delta +0.4841) size 290.8 MB sparsity 26.2%
gen 31 offspring [97/100] k= 56 (used  55.0) c=0.992 alpha=-0.226 beta=+0.150 | loss 3.0318 (delta +0.1465) size 371.2 MB sparsity 15.8%
gen 31 offspring [98/100] k= 16 (used  15.0) c=0.972 alpha=-0.216 beta=+0.233 | loss 3.8847 (delta +0.9993) size 245.0 MB sparsity 24.1%
gen 31 offspring [99/100] k= 33 (used  33.0) c=0.971 alpha=-0.205 beta=+0.310 | loss 3.1958 (delta +0.3105) size 304.9 MB sparsity 21.6%
gen 31 offspring [100/100] k= 17 (used  17.0) c=0.849 alpha=-0.216 beta=+0.432 | loss 3.7250 (delta +0.8396) size 241.5 MB sparsity 27.7%
=== generation 31/50 done in 461s (0 reused), batch baseline 2.8854, HV 0.36690, front 100 points, 100/100 feasible, best delta loss +0.0032, smallest 235.6 MB
gen 32 offspring [1/100] k= 64 (used  64.0) c=0.899 alpha=-0.061 beta=+0.079 | loss 2.9198 (delta +0.0345) size 371.5 MB sparsity 6.4%
gen 32 offspring [2/100] k=154 (used 154.0) c=0.967 alpha=-0.026 beta=+0.042 | loss 2.8924 (delta +0.0071) size 495.0 MB sparsity 3.1%
gen 32 offspring [3/100] k= 33 (used  33.0) c=0.970 alpha=-0.205 beta=+0.310 | loss 3.2010 (delta +0.3156) size 304.9 MB sparsity 21.6%
gen 32 offspring [4/100] k= 17 (used  17.0) c=0.865 alpha=-0.177 beta=+0.353 | loss 3.5661 (delta +0.6807) size 249.8 MB sparsity 24.3%
gen 32 offspring [5/100] k= 37 (used  37.0) c=0.975 alpha=-0.216 beta=+0.300 | loss 3.2289 (delta +0.3436) size 353.4 MB sparsity 21.6%
gen 32 offspring [6/100] k= 34 (used  33.0) c=0.980 alpha=-0.386 beta=+0.283 | loss 3.4285 (delta +0.5431) size 286.5 MB sparsity 27.5%
gen 32 offspring [7/100] k= 17 (used  17.0) c=0.986 alpha=-0.197 beta=+0.438 | loss 3.8018 (delta +0.9164) size 238.9 MB sparsity 28.7%
gen 32 offspring [8/100] k= 58 (used  57.0) c=0.992 alpha=-0.226 beta=+0.101 | loss 2.9838 (delta +0.0984) size 371.5 MB sparsity 13.9%
gen 32 offspring [9/100] k= 17 (used  17.0) c=0.923 alpha=-0.310 beta=+0.267 | loss 3.6561 (delta +0.7707) size 247.7 MB sparsity 25.1%
gen 32 offspring [10/100] k= 34 (used  33.0) c=0.992 alpha=-0.210 beta=+0.285 | loss 3.1832 (delta +0.2979) size 307.2 MB sparsity 20.8%
gen 32 offspring [11/100] k= 70 (used  70.0) c=0.941 alpha=-0.013 beta=+0.115 | loss 2.9191 (delta +0.0338) size 433.3 MB sparsity 7.4%
gen 32 offspring [12/100] k= 32 (used  32.0) c=0.944 alpha=-0.103 beta=+0.061 | loss 3.0077 (delta +0.1223) size 309.8 MB sparsity 11.3%
gen 32 offspring [13/100] k= 17 (used  17.0) c=0.975 alpha=-0.043 beta=+0.058 | loss 3.5069 (delta +0.6215) size 257.3 MB sparsity 21.2%
gen 32 offspring [14/100] k= 17 (used  17.0) c=0.847 alpha=-0.216 beta=+0.260 | loss 3.4335 (delta +0.5481) size 256.8 MB sparsity 21.5%
gen 32 offspring [15/100] k= 16 (used  16.0) c=0.864 alpha=-0.205 beta=+0.179 | loss 3.5531 (delta +0.6677) size 246.7 MB sparsity 21.6%
gen 32 offspring [16/100] k= 16 (used  15.0) c=1.000 alpha=-0.092 beta=+0.354 | loss 3.9461 (delta +1.0607) size 241.7 MB sparsity 27.5%
gen 32 offspring [17/100] k= 33 (used  33.0) c=0.975 alpha=-0.230 beta=+0.365 | loss 3.2916 (delta +0.4062) size 295.4 MB sparsity 24.7%
gen 32 offspring [18/100] k= 45 (used  45.0) c=0.979 alpha=-0.134 beta=+0.045 | loss 2.9614 (delta +0.0760) size 371.5 MB sparsity 9.8%
gen 32 offspring [19/100] k= 57 (used  57.0) c=0.979 alpha=-0.226 beta=+0.111 | loss 2.9863 (delta +0.1010) size 371.5 MB sparsity 14.3%
gen 32 offspring [20/100] k= 16 (used  16.0) c=0.852 alpha=-0.154 beta=+0.268 | loss 3.5578 (delta +0.6724) size 246.6 MB sparsity 22.6%
gen 32 offspring [21/100] k= 32 (used  31.0) c=0.993 alpha=-0.298 beta=+0.451 | loss 3.6665 (delta +0.7812) size 277.2 MB sparsity 30.6%
gen 32 offspring [22/100] k= 37 (used  37.0) c=0.843 alpha=-0.290 beta=+0.352 | loss 3.3984 (delta +0.5130) size 335.4 MB sparsity 26.4%
gen 32 offspring [23/100] k= 17 (used  17.0) c=0.868 alpha=-0.224 beta=+0.371 | loss 3.6273 (delta +0.7420) size 246.1 MB sparsity 25.8%
gen 32 offspring [24/100] k= 31 (used  31.0) c=0.993 alpha=-0.300 beta=+0.374 | loss 3.4951 (delta +0.6098) size 285.7 MB sparsity 27.8%
gen 32 offspring [25/100] k= 34 (used  33.0) c=0.972 alpha=-0.210 beta=+0.285 | loss 3.1715 (delta +0.2861) size 307.3 MB sparsity 20.8%
gen 32 offspring [26/100] k= 17 (used  17.0) c=0.852 alpha=-0.166 beta=+0.321 | loss 3.4996 (delta +0.6143) size 253.1 MB sparsity 22.9%
gen 32 offspring [27/100] k= 18 (used  17.0) c=0.992 alpha=-0.206 beta=+0.046 | loss 3.5327 (delta +0.6473) size 256.3 MB sparsity 21.7%
gen 32 offspring [28/100] k= 17 (used  17.0) c=0.849 alpha=-0.206 beta=+0.274 | loss 3.4406 (delta +0.5553) size 256.2 MB sparsity 21.7%
gen 32 offspring [29/100] k= 30 (used  30.0) c=0.847 alpha=-0.212 beta=+0.310 | loss 3.2408 (delta +0.3554) size 304.0 MB sparsity 21.9%
gen 32 offspring [30/100] k= 33 (used  33.0) c=0.918 alpha=-0.251 beta=+0.302 | loss 3.2514 (delta +0.3660) size 300.4 MB sparsity 23.0%
gen 32 offspring [31/100] k= 33 (used  33.0) c=0.842 alpha=-0.277 beta=+0.372 | loss 3.4641 (delta +0.5788) size 289.1 MB sparsity 26.7%
gen 32 offspring [32/100] k= 33 (used  33.0) c=0.998 alpha=-0.316 beta=+0.436 | loss 3.5933 (delta +0.7080) size 276.8 MB sparsity 30.7%
gen 32 offspring [33/100] k= 63 (used  62.7) c=0.973 alpha=-0.216 beta=+0.414 | loss 3.3065 (delta +0.4212) size 337.7 MB sparsity 25.8%
gen 32 offspring [34/100] k= 59 (used  59.0) c=0.992 alpha=-0.226 beta=+0.111 | loss 2.9950 (delta +0.1096) size 371.5 MB sparsity 14.3%
gen 32 offspring [35/100] k= 16 (used  15.0) c=0.979 alpha=-0.091 beta=+0.058 | loss 3.8718 (delta +0.9865) size 244.9 MB sparsity 24.2%
gen 32 offspring [36/100] k= 33 (used  33.0) c=0.960 alpha=-0.230 beta=+0.365 | loss 3.3101 (delta +0.4248) size 295.4 MB sparsity 24.7%
gen 32 offspring [37/100] k= 19 (used  19.0) c=0.995 alpha=-0.243 beta=+0.114 | loss 3.4581 (delta +0.5728) size 305.8 MB sparsity 20.7%
gen 32 offspring [38/100] k= 17 (used  17.0) c=0.850 alpha=-0.038 beta=+0.212 | loss 3.3806 (delta +0.4952) size 262.1 MB sparsity 19.3%
gen 32 offspring [39/100] k= 17 (used  17.0) c=0.972 alpha=-0.171 beta=+0.294 | loss 3.5549 (delta +0.6695) size 251.9 MB sparsity 23.4%
gen 32 offspring [40/100] k= 70 (used  69.0) c=0.995 alpha=-0.014 beta=+0.115 | loss 2.9205 (delta +0.0352) size 433.3 MB sparsity 7.6%
gen 32 offspring [41/100] k=243 (used 243.0) c=0.973 alpha=-0.032 beta=+0.027 | loss 2.8898 (delta +0.0044) size 495.1 MB sparsity 2.5%
gen 32 offspring [42/100] k= 18 (used  18.0) c=0.848 alpha=-0.028 beta=+0.292 | loss 3.4340 (delta +0.5486) size 304.1 MB sparsity 21.8%
gen 32 offspring [43/100] k= 31 (used  31.0) c=0.973 alpha=-0.340 beta=+0.258 | loss 3.3670 (delta +0.4816) size 294.9 MB sparsity 24.8%
gen 32 offspring [44/100] k= 17 (used  17.0) c=0.849 alpha=-0.216 beta=+0.435 | loss 3.7339 (delta +0.8485) size 241.1 MB sparsity 27.8%
gen 32 offspring [45/100] k= 17 (used  17.0) c=0.848 alpha=-0.025 beta=+0.191 | loss 3.3706 (delta +0.4853) size 263.2 MB sparsity 18.9%
gen 32 offspring [46/100] k= 20 (used  19.0) c=0.974 alpha=-0.276 beta=+0.438 | loss 3.8316 (delta +0.9462) size 279.4 MB sparsity 29.8%
gen 32 offspring [47/100] k= 34 (used  33.0) c=0.978 alpha=-0.251 beta=+0.302 | loss 3.2423 (delta +0.3570) size 300.3 MB sparsity 23.1%
gen 32 offspring [48/100] k= 33 (used  33.0) c=0.976 alpha=-0.277 beta=+0.293 | loss 3.2636 (delta +0.3783) size 298.3 MB sparsity 23.7%
gen 32 offspring [49/100] k= 17 (used  17.0) c=0.844 alpha=-0.145 beta=+0.300 | loss 3.4620 (delta +0.5766) size 255.3 MB sparsity 22.1%
gen 32 offspring [50/100] k= 31 (used  31.0) c=0.945 alpha=-0.088 beta=+0.256 | loss 3.0742 (delta +0.1889) size 309.7 MB sparsity 16.4%
gen 32 offspring [51/100] k= 33 (used  33.0) c=0.976 alpha=-0.259 beta=+0.336 | loss 3.2887 (delta +0.4034) size 295.3 MB sparsity 24.7%
gen 32 offspring [52/100] k= 17 (used  17.0) c=0.849 alpha=-0.137 beta=+0.227 | loss 3.3812 (delta +0.4958) size 261.1 MB sparsity 19.7%
gen 32 offspring [53/100] k= 19 (used  19.0) c=0.848 alpha=-0.207 beta=+0.202 | loss 3.2996 (delta +0.4143) size 308.3 MB sparsity 18.7%
gen 32 offspring [54/100] k= 33 (used  33.0) c=0.987 alpha=-0.282 beta=+0.444 | loss 3.5396 (delta +0.6543) size 280.0 MB sparsity 29.6%
gen 32 offspring [55/100] k=138 (used 138.0) c=0.992 alpha=-0.056 beta=+0.042 | loss 2.8916 (delta +0.0063) size 495.0 MB sparsity 4.2%
gen 32 offspring [56/100] k= 52 (used  52.0) c=0.929 alpha=-0.107 beta=+0.107 | loss 2.9440 (delta +0.0586) size 371.5 MB sparsity 9.4%
gen 32 offspring [57/100] k=128 (used 127.2) c=0.856 alpha=-0.028 beta=+0.276 | loss 3.0256 (delta +0.1402) size 433.2 MB sparsity 12.7%
gen 32 offspring [58/100] k= 16 (used  16.0) c=0.849 alpha=-0.204 beta=+0.313 | loss 3.5890 (delta +0.7037) size 246.0 MB sparsity 24.1%
gen 32 offspring [59/100] k= 18 (used  17.0) c=0.995 alpha=-0.215 beta=+0.376 | loss 3.6979 (delta +0.8125) size 243.8 MB sparsity 26.7%
gen 32 offspring [60/100] k= 44 (used  44.0) c=0.856 alpha=-0.044 beta=+0.042 | loss 2.9622 (delta +0.0768) size 371.5 MB sparsity 7.3%
gen 32 offspring [61/100] k= 34 (used  34.0) c=0.960 alpha=-0.251 beta=+0.366 | loss 3.3513 (delta +0.4660) size 338.8 MB sparsity 25.5%
gen 32 offspring [62/100] k= 31 (used  31.0) c=0.982 alpha=-0.041 beta=+0.311 | loss 3.1476 (delta +0.2622) size 308.9 MB sparsity 18.7%
gen 32 offspring [63/100] k= 34 (used  33.0) c=0.979 alpha=-0.240 beta=+0.299 | loss 3.2247 (delta +0.3393) size 302.0 MB sparsity 22.5%
gen 32 offspring [64/100] k= 33 (used  33.0) c=0.992 alpha=-0.091 beta=+0.058 | loss 3.0047 (delta +0.1194) size 337.3 MB sparsity 11.1%
gen 32 offspring [65/100] k= 17 (used  17.0) c=0.983 alpha=-0.212 beta=+0.434 | loss 3.7898 (delta +0.9045) size 239.1 MB sparsity 28.6%
gen 32 offspring [66/100] k= 17 (used  17.0) c=0.976 alpha=-0.206 beta=+0.270 | loss 3.5408 (delta +0.6555) size 253.4 MB sparsity 22.8%
gen 32 offspring [67/100] k= 16 (used  15.0) c=0.981 alpha=-0.178 beta=+0.361 | loss 3.9634 (delta +1.0780) size 241.9 MB sparsity 27.5%
gen 32 offspring [68/100] k= 16 (used  16.0) c=0.851 alpha=-0.149 beta=+0.458 | loss 3.9058 (delta +1.0205) size 237.6 MB sparsity 29.2%
gen 32 offspring [69/100] k= 17 (used  17.0) c=0.976 alpha=-0.269 beta=+0.280 | loss 3.6177 (delta +0.7324) size 249.4 MB sparsity 24.5%
gen 32 offspring [70/100] k= 31 (used  31.0) c=0.946 alpha=-0.187 beta=+0.199 | loss 3.0693 (delta +0.1840) size 309.7 MB sparsity 16.6%
gen 32 offspring [71/100] k= 28 (used  27.0) c=0.976 alpha=-0.144 beta=+0.045 | loss 3.0874 (delta +0.2020) size 309.8 MB sparsity 13.7%
gen 32 offspring [72/100] k=133 (used 131.4) c=0.976 alpha=-0.042 beta=+0.434 | loss 3.4520 (delta +0.5667) size 460.8 MB sparsity 19.4%
gen 32 offspring [73/100] k= 17 (used  17.0) c=0.845 alpha=-0.220 beta=+0.299 | loss 3.5041 (delta +0.6188) size 253.2 MB sparsity 22.9%
gen 32 offspring [74/100] k= 17 (used  17.0) c=0.977 alpha=-0.001 beta=+0.339 | loss 3.6035 (delta +0.7181) size 248.0 MB sparsity 25.0%
gen 32 offspring [75/100] k= 38 (used  37.0) c=0.974 alpha=-0.103 beta=+0.036 | loss 2.9859 (delta +0.1006) size 371.5 MB sparsity 9.9%
gen 32 offspring [76/100] k= 16 (used  15.0) c=0.981 alpha=-0.212 beta=+0.352 | loss 3.9439 (delta +1.0586) size 242.5 MB sparsity 27.2%
gen 32 offspring [77/100] k= 18 (used  17.0) c=0.976 alpha=-0.207 beta=+0.368 | loss 3.6519 (delta +0.7665) size 245.2 MB sparsity 26.1%
gen 32 offspring [78/100] k= 17 (used  17.0) c=0.899 alpha=-0.061 beta=+0.104 | loss 3.4406 (delta +0.5552) size 261.2 MB sparsity 19.7%
gen 32 offspring [79/100] k= 32 (used  31.0) c=0.992 alpha=-0.091 beta=+0.013 | loss 3.0243 (delta +0.1389) size 309.8 MB sparsity 11.8%
gen 32 offspring [80/100] k= 32 (used  32.0) c=0.849 alpha=-0.191 beta=+0.190 | loss 3.1040 (delta +0.2186) size 309.8 MB sparsity 16.3%
gen 32 offspring [81/100] k= 34 (used  33.0) c=0.979 alpha=-0.240 beta=+0.271 | loss 3.1925 (delta +0.3072) size 305.4 MB sparsity 21.4%
gen 32 offspring [82/100] k= 34 (used  33.0) c=0.978 alpha=-0.332 beta=+0.298 | loss 3.3555 (delta +0.4701) size 291.1 MB sparsity 26.0%
gen 32 offspring [83/100] k= 60 (used  60.0) c=0.843 alpha=-0.010 beta=+0.180 | loss 2.9657 (delta +0.0803) size 371.5 MB sparsity 10.2%
gen 32 offspring [84/100] k= 16 (used  16.0) c=0.849 alpha=-0.215 beta=+0.354 | loss 3.6248 (delta +0.7394) size 245.0 MB sparsity 25.7%
gen 32 offspring [85/100] k= 33 (used  33.0) c=0.976 alpha=-0.265 beta=+0.387 | loss 3.3940 (delta +0.5086) size 288.7 MB sparsity 26.8%
gen 32 offspring [86/100] k= 30 (used  30.0) c=0.821 alpha=-0.285 beta=+0.352 | loss 3.4226 (delta +0.5373) size 290.3 MB sparsity 26.3%
gen 32 offspring [87/100] k= 37 (used  37.0) c=0.950 alpha=-0.036 beta=+0.257 | loss 3.0584 (delta +0.1730) size 370.8 MB sparsity 15.5%
gen 32 offspring [88/100] k= 16 (used  16.0) c=0.846 alpha=-0.216 beta=+0.298 | loss 3.5811 (delta +0.6957) size 246.3 MB sparsity 23.7%
gen 32 offspring [89/100] k= 33 (used  33.0) c=0.948 alpha=-0.164 beta=+0.268 | loss 3.1155 (delta +0.2301) size 314.8 MB sparsity 18.4%
gen 32 offspring [90/100] k= 63 (used  62.8) c=0.899 alpha=-0.104 beta=+0.341 | loss 3.1170 (delta +0.2317) size 364.9 MB sparsity 18.5%
gen 32 offspring [91/100] k= 17 (used  17.0) c=0.994 alpha=-0.242 beta=+0.207 | loss 3.5521 (delta +0.6667) size 254.6 MB sparsity 22.3%
gen 32 offspring [92/100] k= 33 (used  33.0) c=0.981 alpha=-0.084 beta=+0.121 | loss 3.0029 (delta +0.1175) size 336.6 MB sparsity 11.3%
gen 32 offspring [93/100] k= 17 (used  17.0) c=0.846 alpha=-0.047 beta=+0.193 | loss 3.3784 (delta +0.4930) size 263.2 MB sparsity 18.8%
gen 32 offspring [94/100] k= 19 (used  19.0) c=0.979 alpha=-0.022 beta=+0.271 | loss 3.4254 (delta +0.5400) size 304.9 MB sparsity 21.4%
gen 32 offspring [95/100] k= 16 (used  15.0) c=0.970 alpha=-0.170 beta=+0.274 | loss 3.8845 (delta +0.9991) size 244.9 MB sparsity 24.7%
gen 32 offspring [96/100] k= 17 (used  17.0) c=0.850 alpha=-0.167 beta=+0.005 | loss 3.3777 (delta +0.4923) size 263.7 MB sparsity 18.7%
gen 32 offspring [97/100] k= 29 (used  29.0) c=0.979 alpha=-0.037 beta=+0.438 | loss 3.4250 (delta +0.5397) size 297.6 MB sparsity 23.9%
gen 32 offspring [98/100] k= 33 (used  33.0) c=0.978 alpha=-0.290 beta=+0.352 | loss 3.3703 (delta +0.4850) size 289.7 MB sparsity 26.5%
gen 32 offspring [99/100] k= 31 (used  31.0) c=0.973 alpha=-0.203 beta=+0.405 | loss 3.3465 (delta +0.4611) size 293.8 MB sparsity 25.2%
gen 32 offspring [100/100] k= 34 (used  34.0) c=0.846 alpha=-0.210 beta=+0.285 | loss 3.2287 (delta +0.3434) size 356.5 MB sparsity 20.7%
=== generation 32/50 done in 461s (0 reused), batch baseline 2.8854, HV 0.36708, front 100 points, 100/100 feasible, best delta loss +0.0032, smallest 235.6 MB
gen 33 offspring [1/100] k=236 (used 235.7) c=0.915 alpha=-0.102 beta=+0.042 | loss 2.9015 (delta +0.0161) size 495.1 MB sparsity 6.1%
gen 33 offspring [2/100] k= 17 (used  17.0) c=0.977 alpha=-0.214 beta=+0.303 | loss 3.5764 (delta +0.6911) size 250.6 MB sparsity 24.0%
gen 33 offspring [3/100] k= 34 (used  33.0) c=0.972 alpha=-0.206 beta=+0.285 | loss 3.1653 (delta +0.2799) size 307.7 MB sparsity 20.7%
gen 33 offspring [4/100] k= 16 (used  16.0) c=0.831 alpha=-0.204 beta=+0.293 | loss 3.6441 (delta +0.7587) size 246.6 MB sparsity 23.2%
gen 33 offspring [5/100] k= 31 (used  31.0) c=0.941 alpha=-0.109 beta=+0.256 | loss 3.0782 (delta +0.1928) size 309.7 MB sparsity 16.4%
gen 33 offspring [6/100] k= 26 (used  25.0) c=0.976 alpha=-0.304 beta=+0.352 | loss 3.5539 (delta +0.6685) size 287.4 MB sparsity 27.3%
gen 33 offspring [7/100] k= 32 (used  31.0) c=0.979 alpha=-0.211 beta=+0.268 | loss 3.1747 (delta +0.2893) size 308.1 MB sparsity 20.3%
gen 33 offspring [8/100] k= 31 (used  31.0) c=0.945 alpha=-0.163 beta=+0.248 | loss 3.0902 (delta +0.2049) size 309.6 MB sparsity 17.7%
gen 33 offspring [9/100] k= 16 (used  15.0) c=0.978 alpha=-0.193 beta=+0.131 | loss 3.8652 (delta +0.9798) size 244.9 MB sparsity 24.2%
gen 33 offspring [10/100] k= 17 (used  17.0) c=0.847 alpha=-0.177 beta=+0.203 | loss 3.3790 (delta +0.4936) size 262.6 MB sparsity 19.1%
gen 33 offspring [11/100] k= 31 (used  31.0) c=0.994 alpha=-0.296 beta=+0.100 | loss 3.1481 (delta +0.2628) size 309.1 MB sparsity 18.2%
gen 33 offspring [12/100] k= 34 (used  33.0) c=0.980 alpha=-0.349 beta=+0.357 | loss 3.4828 (delta +0.5975) size 282.2 MB sparsity 28.9%
gen 33 offspring [13/100] k= 33 (used  33.0) c=0.979 alpha=-0.091 beta=+0.041 | loss 2.9984 (delta +0.1130) size 337.7 MB sparsity 10.9%
gen 33 offspring [14/100] k= 34 (used  33.0) c=0.975 alpha=-0.251 beta=+0.437 | loss 3.4459 (delta +0.5605) size 284.6 MB sparsity 28.2%
gen 33 offspring [15/100] k=205 (used 204.6) c=0.980 alpha=-0.135 beta=+0.042 | loss 2.9030 (delta +0.0176) size 495.0 MB sparsity 7.5%
gen 33 offspring [16/100] k= 44 (used  43.0) c=0.996 alpha=-0.072 beta=+0.042 | loss 2.9544 (delta +0.0690) size 371.5 MB sparsity 8.5%
gen 33 offspring [17/100] k= 58 (used  57.9) c=0.977 alpha=-0.334 beta=+0.298 | loss 3.3020 (delta +0.4166) size 337.0 MB sparsity 26.0%
gen 33 offspring [18/100] k= 52 (used  52.0) c=0.951 alpha=-0.194 beta=+0.061 | loss 2.9625 (delta +0.0772) size 371.5 MB sparsity 11.6%
gen 33 offspring [19/100] k= 16 (used  16.0) c=0.845 alpha=-0.005 beta=+0.232 | loss 3.5319 (delta +0.6465) size 246.9 MB sparsity 21.6%
gen 33 offspring [20/100] k= 29 (used  29.0) c=0.994 alpha=-0.038 beta=+0.122 | loss 3.0784 (delta +0.1930) size 309.8 MB sparsity 12.7%
gen 33 offspring [21/100] k= 32 (used  32.0) c=0.828 alpha=-0.215 beta=+0.223 | loss 3.2191 (delta +0.3338) size 309.6 MB sparsity 18.5%
gen 33 offspring [22/100] k= 17 (used  17.0) c=0.810 alpha=-0.091 beta=+0.032 | loss 3.4207 (delta +0.5354) size 265.7 MB sparsity 17.8%
gen 33 offspring [23/100] k= 16 (used  15.0) c=0.994 alpha=-0.043 beta=+0.201 | loss 3.8580 (delta +0.9726) size 244.6 MB sparsity 24.5%
gen 33 offspring [24/100] k= 16 (used  15.0) c=0.967 alpha=-0.044 beta=+0.374 | loss 4.0105 (delta +1.1252) size 241.2 MB sparsity 27.8%
gen 33 offspring [25/100] k= 29 (used  29.0) c=0.975 alpha=-0.063 beta=+0.044 | loss 3.0533 (delta +0.1679) size 309.8 MB sparsity 12.4%
gen 33 offspring [26/100] k= 33 (used  33.0) c=0.978 alpha=-0.333 beta=+0.298 | loss 3.3562 (delta +0.4708) size 291.0 MB sparsity 26.1%
gen 33 offspring [27/100] k= 17 (used  17.0) c=0.892 alpha=-0.269 beta=+0.410 | loss 3.8769 (delta +0.9916) size 239.0 MB sparsity 28.7%
gen 33 offspring [28/100] k= 17 (used  17.0) c=0.848 alpha=-0.251 beta=+0.292 | loss 3.5574 (delta +0.6720) size 251.4 MB sparsity 23.6%
gen 33 offspring [29/100] k= 33 (used  33.0) c=0.865 alpha=-0.166 beta=+0.351 | loss 3.2441 (delta +0.3587) size 304.9 MB sparsity 21.6%
gen 33 offspring [30/100] k= 36 (used  35.0) c=0.979 alpha=-0.240 beta=+0.299 | loss 3.2308 (delta +0.3455) size 350.0 MB sparsity 22.5%
gen 33 offspring [31/100] k= 34 (used  33.0) c=0.976 alpha=-0.206 beta=+0.337 | loss 3.2149 (delta +0.3295) size 301.6 MB sparsity 22.7%
gen 33 offspring [32/100] k= 33 (used  33.0) c=0.944 alpha=-0.251 beta=+0.489 | loss 3.6528 (delta +0.7674) size 278.7 MB sparsity 30.1%
gen 33 offspring [33/100] k= 36 (used  35.0) c=0.974 alpha=-0.277 beta=+0.352 | loss 3.3543 (delta +0.4689) size 337.0 MB sparsity 26.0%
gen 33 offspring [34/100] k= 34 (used  33.0) c=0.976 alpha=-0.251 beta=+0.130 | loss 3.0691 (delta +0.1837) size 320.3 MB sparsity 16.6%
gen 33 offspring [35/100] k= 16 (used  16.0) c=0.849 alpha=-0.005 beta=+0.423 | loss 3.7639 (delta +0.8785) size 240.7 MB sparsity 28.0%
gen 33 offspring [36/100] k= 31 (used  31.0) c=0.976 alpha=-0.193 beta=+0.352 | loss 3.2513 (delta +0.3660) size 301.1 MB sparsity 22.8%
gen 33 offspring [37/100] k=138 (used 137.6) c=0.977 alpha=-0.203 beta=+0.019 | loss 2.9347 (delta +0.0494) size 495.0 MB sparsity 9.7%
gen 33 offspring [38/100] k= 33 (used  33.0) c=0.859 alpha=-0.230 beta=+0.332 | loss 3.3455 (delta +0.4601) size 299.5 MB sparsity 23.3%
gen 33 offspring [39/100] k= 16 (used  16.0) c=0.833 alpha=-0.215 beta=+0.354 | loss 3.7418 (delta +0.8564) size 245.2 MB sparsity 25.5%
gen 33 offspring [40/100] k= 63 (used  63.0) c=0.992 alpha=-0.226 beta=+0.111 | loss 2.9943 (delta +0.1090) size 371.5 MB sparsity 14.2%
gen 33 offspring [41/100] k= 65 (used  64.9) c=0.971 alpha=-0.300 beta=+0.075 | loss 3.0387 (delta +0.1534) size 374.9 MB sparsity 15.7%
gen 33 offspring [42/100] k= 28 (used  27.0) c=0.979 alpha=-0.018 beta=+0.189 | loss 3.1083 (delta +0.2230) size 309.7 MB sparsity 15.1%
gen 33 offspring [43/100] k=232 (used 229.9) c=0.979 alpha=-0.089 beta=+0.280 | loss 2.9980 (delta +0.1126) size 481.0 MB sparsity 15.3%
gen 33 offspring [44/100] k= 28 (used  27.0) c=0.978 alpha=-0.209 beta=+0.298 | loss 3.2728 (delta +0.3875) size 305.1 MB sparsity 21.5%
gen 33 offspring [45/100] k=128 (used 128.0) c=0.849 alpha=-0.033 beta=+0.017 | loss 2.9161 (delta +0.0307) size 433.3 MB sparsity 2.7%
gen 33 offspring [46/100] k= 32 (used  31.0) c=0.980 alpha=-0.150 beta=+0.266 | loss 3.1070 (delta +0.2217) size 309.5 MB sparsity 18.0%
gen 33 offspring [47/100] k= 32 (used  31.0) c=0.980 alpha=-0.033 beta=+0.036 | loss 3.0226 (delta +0.1372) size 309.8 MB sparsity 11.7%
gen 33 offspring [48/100] k= 34 (used  34.0) c=0.849 alpha=-0.253 beta=+0.460 | loss 3.5816 (delta +0.6962) size 325.6 MB sparsity 29.0%
gen 33 offspring [49/100] k= 17 (used  17.0) c=0.976 alpha=-0.210 beta=+0.438 | loss 3.7853 (delta +0.8999) size 238.9 MB sparsity 28.7%
gen 33 offspring [50/100] k= 16 (used  16.0) c=0.849 alpha=-0.207 beta=+0.264 | loss 3.5373 (delta +0.6519) size 246.7 MB sparsity 22.6%
gen 33 offspring [51/100] k= 33 (used  33.0) c=0.975 alpha=-0.203 beta=+0.310 | loss 3.1865 (delta +0.3011) size 305.1 MB sparsity 21.5%
gen 33 offspring [52/100] k= 17 (used  17.0) c=0.987 alpha=-0.255 beta=+0.442 | loss 3.8731 (delta +0.9878) size 236.2 MB sparsity 29.8%
gen 33 offspring [53/100] k= 26 (used  25.0) c=0.976 alpha=-0.277 beta=+0.352 | loss 3.4882 (delta +0.6028) size 290.5 MB sparsity 26.2%
gen 33 offspring [54/100] k= 33 (used  33.0) c=0.919 alpha=-0.134 beta=+0.045 | loss 3.0036 (delta +0.1183) size 337.0 MB sparsity 11.2%
gen 33 offspring [55/100] k= 17 (used  17.0) c=0.850 alpha=-0.173 beta=+0.326 | loss 3.5009 (delta +0.6156) size 252.7 MB sparsity 23.1%
gen 33 offspring [56/100] k= 17 (used  17.0) c=0.854 alpha=-0.271 beta=+0.434 | loss 3.8474 (delta +0.9621) size 237.0 MB sparsity 29.5%
gen 33 offspring [57/100] k= 16 (used  16.0) c=0.848 alpha=-0.026 beta=+0.349 | loss 3.6163 (delta +0.7309) size 245.2 MB sparsity 25.3%
gen 33 offspring [58/100] k= 34 (used  33.0) c=0.979 alpha=-0.240 beta=+0.301 | loss 3.2245 (delta +0.3392) size 301.7 MB sparsity 22.6%
gen 33 offspring [59/100] k= 33 (used  33.0) c=0.945 alpha=-0.009 beta=+0.354 | loss 3.1930 (delta +0.3077) size 310.3 MB sparsity 19.8%
gen 33 offspring [60/100] k= 16 (used  16.0) c=0.843 alpha=-0.217 beta=+0.242 | loss 3.5454 (delta +0.6601) size 246.8 MB sparsity 22.0%
gen 33 offspring [61/100] k= 33 (used  33.0) c=0.922 alpha=-0.312 beta=+0.300 | loss 3.3295 (delta +0.4442) size 293.3 MB sparsity 25.3%
gen 33 offspring [62/100] k= 17 (used  17.0) c=0.976 alpha=-0.293 beta=+0.428 | loss 3.9028 (delta +1.0175) size 234.7 MB sparsity 30.4%
gen 33 offspring [63/100] k= 32 (used  31.0) c=0.991 alpha=-0.043 beta=+0.298 | loss 3.1315 (delta +0.2462) size 309.1 MB sparsity 18.3%
gen 33 offspring [64/100] k= 70 (used  70.0) c=0.934 alpha=-0.007 beta=+0.115 | loss 2.9193 (delta +0.0339) size 433.3 MB sparsity 7.4%
gen 33 offspring [65/100] k=128 (used 128.0) c=0.984 alpha=-0.087 beta=+0.042 | loss 2.8967 (delta +0.0113) size 433.3 MB sparsity 5.5%
gen 33 offspring [66/100] k= 35 (used  35.0) c=0.900 alpha=-0.059 beta=+0.077 | loss 2.9848 (delta +0.0995) size 371.5 MB sparsity 9.5%
gen 33 offspring [67/100] k= 23 (used  23.0) c=0.842 alpha=-0.104 beta=+0.432 | loss 3.4884 (delta +0.6031) size 296.6 MB sparsity 24.3%
gen 33 offspring [68/100] k= 17 (used  17.0) c=0.877 alpha=-0.224 beta=+0.410 | loss 3.7386 (delta +0.8532) size 242.5 MB sparsity 27.2%
gen 33 offspring [69/100] k= 17 (used  17.0) c=0.995 alpha=-0.215 beta=+0.376 | loss 3.6966 (delta +0.8112) size 243.8 MB sparsity 26.7%
gen 33 offspring [70/100] k= 16 (used  15.0) c=0.940 alpha=-0.014 beta=+0.011 | loss 3.7329 (delta +0.8475) size 245.6 MB sparsity 23.3%
gen 33 offspring [71/100] k= 31 (used  31.0) c=0.994 alpha=-0.206 beta=+0.281 | loss 3.1881 (delta +0.3028) size 307.5 MB sparsity 20.6%
gen 33 offspring [72/100] k= 29 (used  29.0) c=0.871 alpha=-0.205 beta=+0.372 | loss 3.2935 (delta +0.4082) size 297.5 MB sparsity 24.0%
gen 33 offspring [73/100] k= 16 (used  16.0) c=0.861 alpha=-0.065 beta=+0.432 | loss 3.8118 (delta +0.9264) size 239.6 MB sparsity 28.4%
gen 33 offspring [74/100] k= 57 (used  57.0) c=0.959 alpha=-0.013 beta=+0.114 | loss 2.9370 (delta +0.0517) size 371.5 MB sparsity 8.0%
gen 33 offspring [75/100] k= 17 (used  17.0) c=0.882 alpha=-0.215 beta=+0.428 | loss 3.7505 (delta +0.8651) size 241.4 MB sparsity 27.7%
gen 33 offspring [76/100] k= 19 (used  19.0) c=0.979 alpha=-0.241 beta=+0.438 | loss 3.7710 (delta +0.8856) size 282.8 MB sparsity 28.7%
gen 33 offspring [77/100] k= 37 (used  37.0) c=0.986 alpha=-0.028 beta=+0.366 | loss 3.2152 (delta +0.3298) size 359.7 MB sparsity 19.9%
gen 33 offspring [78/100] k= 17 (used  17.0) c=0.978 alpha=-0.290 beta=+0.296 | loss 3.6602 (delta +0.7748) size 246.5 MB sparsity 25.6%
gen 33 offspring [79/100] k= 26 (used  25.0) c=0.976 alpha=-0.290 beta=+0.352 | loss 3.5183 (delta +0.6329) size 289.0 MB sparsity 26.7%
gen 33 offspring [80/100] k= 17 (used  17.0) c=0.849 alpha=-0.301 beta=+0.298 | loss 3.6508 (delta +0.7655) size 246.6 MB sparsity 25.6%
gen 33 offspring [81/100] k= 31 (used  31.0) c=0.976 alpha=-0.163 beta=+0.252 | loss 3.1140 (delta +0.2286) size 309.5 MB sparsity 17.9%
gen 33 offspring [82/100] k= 16 (used  16.0) c=0.851 alpha=-0.207 beta=+0.264 | loss 3.5455 (delta +0.6601) size 246.6 MB sparsity 22.6%
gen 33 offspring [83/100] k= 33 (used  33.0) c=0.990 alpha=-0.134 beta=+0.292 | loss 3.1166 (delta +0.2312) size 314.9 MB sparsity 18.3%
gen 33 offspring [84/100] k= 81 (used  81.0) c=0.989 alpha=-0.228 beta=+0.028 | loss 2.9641 (delta +0.0788) size 433.3 MB sparsity 11.7%
gen 33 offspring [85/100] k= 28 (used  28.0) c=0.945 alpha=-0.043 beta=+0.256 | loss 3.1374 (delta +0.2520) size 309.3 MB sparsity 17.3%
gen 33 offspring [86/100] k= 16 (used  15.0) c=0.964 alpha=-0.196 beta=+0.358 | loss 3.9092 (delta +1.0238) size 242.6 MB sparsity 27.2%
gen 33 offspring [87/100] k= 17 (used  17.0) c=0.865 alpha=-0.215 beta=+0.291 | loss 3.4869 (delta +0.6015) size 253.9 MB sparsity 22.6%
gen 33 offspring [88/100] k= 16 (used  15.0) c=0.976 alpha=-0.235 beta=+0.450 | loss 4.1258 (delta +1.2405) size 234.2 MB sparsity 30.6%
gen 33 offspring [89/100] k= 17 (used  17.0) c=0.904 alpha=-0.032 beta=+0.492 | loss 15.8969 (delta +13.0116) size 236.5 MB sparsity 29.7%
gen 33 offspring [90/100] k= 17 (used  17.0) c=0.806 alpha=-0.098 beta=+0.025 | loss 3.4261 (delta +0.5408) size 266.0 MB sparsity 17.7%
gen 33 offspring [91/100] k= 34 (used  33.0) c=0.972 alpha=-0.193 beta=+0.036 | loss 3.0242 (delta +0.1388) size 329.1 MB sparsity 13.7%
gen 33 offspring [92/100] k= 17 (used  17.0) c=0.986 alpha=-0.197 beta=+0.463 | loss 4.0231 (delta +1.1378) size 236.7 MB sparsity 29.6%
gen 33 offspring [93/100] k= 16 (used  15.0) c=0.982 alpha=-0.207 beta=+0.277 | loss 3.8906 (delta +1.0052) size 244.7 MB sparsity 25.0%
gen 33 offspring [94/100] k= 17 (used  17.0) c=0.856 alpha=-0.304 beta=+0.331 | loss 3.7389 (delta +0.8535) size 243.4 MB sparsity 26.9%
gen 33 offspring [95/100] k= 32 (used  31.0) c=0.995 alpha=-0.091 beta=+0.003 | loss 3.0206 (delta +0.1352) size 309.8 MB sparsity 11.8%
gen 33 offspring [96/100] k= 20 (used  20.0) c=0.940 alpha=-0.011 beta=+0.017 | loss 3.3112 (delta +0.4258) size 307.4 MB sparsity 18.4%
gen 33 offspring [97/100] k= 16 (used  16.0) c=0.849 alpha=-0.103 beta=+0.382 | loss 3.6801 (delta +0.7947) size 243.9 MB sparsity 26.5%
gen 33 offspring [98/100] k= 16 (used  16.0) c=0.853 alpha=-0.193 beta=+0.194 | loss 3.5306 (delta +0.6453) size 246.8 MB sparsity 21.3%
gen 33 offspring [99/100] k= 29 (used  29.0) c=0.868 alpha=-0.210 beta=+0.368 | loss 3.2945 (delta +0.4092) size 297.4 MB sparsity 24.0%
gen 33 offspring [100/100] k= 32 (used  32.0) c=0.906 alpha=-0.149 beta=+0.036 | loss 3.0143 (delta +0.1290) size 309.8 MB sparsity 12.1%
=== generation 33/50 done in 461s (0 reused), batch baseline 2.8854, HV 0.36712, front 100 points, 100/100 feasible, best delta loss +0.0032, smallest 235.6 MB
gen 34 offspring [1/100] k= 32 (used  31.0) c=0.994 alpha=-0.088 beta=+0.366 | loss 3.2211 (delta +0.3358) size 306.7 MB sparsity 20.9%
gen 34 offspring [2/100] k= 33 (used  33.0) c=0.983 alpha=-0.046 beta=+0.040 | loss 3.0000 (delta +0.1147) size 337.6 MB sparsity 11.0%
gen 34 offspring [3/100] k= 33 (used  33.0) c=0.976 alpha=-0.161 beta=+0.045 | loss 3.0057 (delta +0.1204) size 332.8 MB sparsity 12.5%
gen 34 offspring [4/100] k= 70 (used  70.0) c=0.951 alpha=-0.127 beta=+0.115 | loss 2.9316 (delta +0.0462) size 433.3 MB sparsity 10.3%
gen 34 offspring [5/100] k= 33 (used  33.0) c=0.912 alpha=-0.067 beta=+0.036 | loss 3.0068 (delta +0.1215) size 340.0 MB sparsity 10.2%
gen 34 offspring [6/100] k= 18 (used  18.0) c=0.849 alpha=-0.025 beta=+0.296 | loss 3.4389 (delta +0.5535) size 303.6 MB sparsity 22.0%
gen 34 offspring [7/100] k= 35 (used  35.0) c=0.976 alpha=-0.259 beta=+0.350 | loss 3.3176 (delta +0.4323) size 339.9 MB sparsity 25.2%
gen 34 offspring [8/100] k= 17 (used  17.0) c=0.853 alpha=-0.210 beta=+0.294 | loss 3.4865 (delta +0.6011) size 254.1 MB sparsity 22.5%
gen 34 offspring [9/100] k=144 (used 143.0) c=0.996 alpha=-0.069 beta=+0.042 | loss 2.8941 (delta +0.0088) size 495.0 MB sparsity 4.8%
gen 34 offspring [10/100] k= 19 (used  19.0) c=0.822 alpha=-0.195 beta=+0.329 | loss 3.4760 (delta +0.5907) size 301.5 MB sparsity 22.7%
gen 34 offspring [11/100] k= 18 (used  17.0) c=0.973 alpha=-0.276 beta=+0.438 | loss 3.8911 (delta +1.0057) size 235.2 MB sparsity 30.2%
gen 34 offspring [12/100] k= 16 (used  16.0) c=0.840 alpha=-0.215 beta=+0.298 | loss 3.6106 (delta +0.7253) size 246.4 MB sparsity 23.7%
gen 34 offspring [13/100] k= 23 (used  23.0) c=0.975 alpha=-0.230 beta=+0.300 | loss 3.4076 (delta +0.5222) size 301.4 MB sparsity 22.7%
gen 34 offspring [14/100] k= 33 (used  33.0) c=0.976 alpha=-0.275 beta=+0.352 | loss 3.3380 (delta +0.4527) size 291.4 MB sparsity 25.9%
gen 34 offspring [15/100] k= 33 (used  33.0) c=0.988 alpha=-0.206 beta=+0.368 | loss 3.2721 (delta +0.3868) size 297.9 MB sparsity 23.9%
gen 34 offspring [16/100] k=233 (used 233.0) c=0.991 alpha=-0.019 beta=+0.048 | loss 2.8899 (delta +0.0045) size 495.1 MB sparsity 2.9%
gen 34 offspring [17/100] k= 16 (used  16.0) c=0.863 alpha=-0.179 beta=+0.371 | loss 3.6947 (delta +0.8093) size 244.2 MB sparsity 26.3%
gen 34 offspring [18/100] k= 32 (used  31.0) c=0.976 alpha=-0.058 beta=+0.042 | loss 3.0238 (delta +0.1384) size 309.8 MB sparsity 11.6%
gen 34 offspring [19/100] k= 16 (used  16.0) c=0.842 alpha=-0.316 beta=+0.300 | loss 3.7519 (delta +0.8665) size 244.1 MB sparsity 26.6%
gen 34 offspring [20/100] k= 17 (used  17.0) c=0.850 alpha=-0.256 beta=+0.233 | loss 3.4816 (delta +0.5963) size 255.9 MB sparsity 21.8%
gen 34 offspring [21/100] k=114 (used 114.0) c=0.973 alpha=-0.043 beta=+0.042 | loss 2.8957 (delta +0.0103) size 433.3 MB sparsity 3.8%
gen 34 offspring [22/100] k= 34 (used  33.0) c=0.976 alpha=-0.225 beta=+0.337 | loss 3.2410 (delta +0.3556) size 299.3 MB sparsity 23.4%
gen 34 offspring [23/100] k= 17 (used  17.0) c=0.849 alpha=-0.228 beta=+0.338 | loss 3.5528 (delta +0.6675) size 249.1 MB sparsity 24.6%
gen 34 offspring [24/100] k= 34 (used  33.0) c=0.972 alpha=-0.210 beta=+0.287 | loss 3.1714 (delta +0.2860) size 307.0 MB sparsity 20.9%
gen 34 offspring [25/100] k= 16 (used  15.0) c=0.980 alpha=-0.228 beta=+0.310 | loss 3.9356 (delta +1.0503) size 244.2 MB sparsity 25.9%
gen 34 offspring [26/100] k= 17 (used  17.0) c=0.849 alpha=-0.269 beta=+0.300 | loss 3.5890 (delta +0.7036) size 249.3 MB sparsity 24.5%
gen 34 offspring [27/100] k= 29 (used  29.0) c=0.976 alpha=-0.271 beta=+0.257 | loss 3.2789 (delta +0.3936) size 302.9 MB sparsity 22.2%
gen 34 offspring [28/100] k= 29 (used  29.0) c=0.851 alpha=-0.207 beta=+0.264 | loss 3.1716 (delta +0.2862) size 308.7 MB sparsity 19.9%
gen 34 offspring [29/100] k= 33 (used  33.0) c=0.978 alpha=-0.280 beta=+0.296 | loss 3.2779 (delta +0.3926) size 297.6 MB sparsity 23.9%
gen 34 offspring [30/100] k= 34 (used  33.0) c=0.976 alpha=-0.251 beta=+0.227 | loss 3.1564 (delta +0.2710) size 309.4 MB sparsity 20.1%
gen 34 offspring [31/100] k=137 (used 137.0) c=0.992 alpha=-0.043 beta=+0.042 | loss 2.8916 (delta +0.0063) size 495.0 MB sparsity 3.7%
gen 34 offspring [32/100] k= 35 (used  35.0) c=0.976 alpha=-0.270 beta=+0.352 | loss 3.3368 (delta +0.4515) size 338.0 MB sparsity 25.7%
gen 34 offspring [33/100] k= 16 (used  16.0) c=0.844 alpha=-0.216 beta=+0.418 | loss 3.7777 (delta +0.8924) size 240.7 MB sparsity 28.0%
gen 34 offspring [34/100] k= 31 (used  31.0) c=0.946 alpha=-0.187 beta=+0.199 | loss 3.0691 (delta +0.1837) size 309.7 MB sparsity 16.6%
gen 34 offspring [35/100] k= 16 (used  16.0) c=0.856 alpha=-0.237 beta=+0.245 | loss 3.5532 (delta +0.6678) size 246.7 MB sparsity 22.6%
gen 34 offspring [36/100] k= 29 (used  29.0) c=0.900 alpha=-0.061 beta=+0.042 | loss 3.0324 (delta +0.1471) size 309.8 MB sparsity 11.5%
gen 34 offspring [37/100] k= 17 (used  17.0) c=0.960 alpha=-0.263 beta=+0.438 | loss 3.8980 (delta +1.0127) size 236.3 MB sparsity 29.7%
gen 34 offspring [38/100] k= 17 (used  17.0) c=0.945 alpha=-0.013 beta=+0.191 | loss 3.4938 (delta +0.6084) size 258.7 MB sparsity 20.7%
gen 34 offspring [39/100] k= 33 (used  33.0) c=0.987 alpha=-0.259 beta=+0.343 | loss 3.3114 (delta +0.4260) size 294.4 MB sparsity 25.0%
gen 34 offspring [40/100] k= 17 (used  17.0) c=0.980 alpha=-0.269 beta=+0.436 | loss 3.8890 (delta +1.0036) size 235.9 MB sparsity 29.9%
gen 34 offspring [41/100] k= 24 (used  24.0) c=0.865 alpha=-0.215 beta=+0.268 | loss 3.2717 (delta +0.3864) size 307.1 MB sparsity 20.7%
gen 34 offspring [42/100] k= 33 (used  33.0) c=0.979 alpha=-0.091 beta=+0.058 | loss 2.9984 (delta +0.1131) size 337.7 MB sparsity 10.9%
gen 34 offspring [43/100] k= 32 (used  31.0) c=0.995 alpha=-0.072 beta=+0.001 | loss 3.0209 (delta +0.1355) size 309.8 MB sparsity 11.8%
gen 34 offspring [44/100] k= 34 (used  34.0) c=0.962 alpha=-0.253 beta=+0.003 | loss 3.0753 (delta +0.1899) size 370.2 MB sparsity 16.0%
gen 34 offspring [45/100] k=129 (used 127.5) c=0.976 alpha=-0.256 beta=+0.338 | loss 3.2283 (delta +0.3429) size 389.3 MB sparsity 24.5%
gen 34 offspring [46/100] k= 16 (used  15.0) c=0.976 alpha=-0.354 beta=+0.430 | loss 4.2658 (delta +1.3804) size 228.6 MB sparsity 32.9%
gen 34 offspring [47/100] k= 33 (used  33.0) c=0.982 alpha=-0.353 beta=+0.268 | loss 3.3581 (delta +0.4728) size 292.2 MB sparsity 25.7%
gen 34 offspring [48/100] k= 17 (used  17.0) c=0.849 alpha=-0.169 beta=+0.264 | loss 3.4130 (delta +0.5277) size 258.2 MB sparsity 20.9%
gen 34 offspring [49/100] k= 32 (used  31.0) c=0.982 alpha=-0.302 beta=+0.352 | loss 3.4483 (delta +0.5629) size 288.1 MB sparsity 27.0%
gen 34 offspring [50/100] k= 17 (used  17.0) c=0.864 alpha=-0.215 beta=+0.186 | loss 3.4039 (delta +0.5185) size 261.1 MB sparsity 19.7%
gen 34 offspring [51/100] k= 17 (used  17.0) c=0.849 alpha=-0.216 beta=+0.229 | loss 3.3946 (delta +0.5093) size 259.1 MB sparsity 20.5%
gen 34 offspring [52/100] k= 34 (used  33.0) c=0.996 alpha=-0.224 beta=+0.446 | loss 3.4658 (delta +0.5805) size 286.6 MB sparsity 27.5%
gen 34 offspring [53/100] k= 42 (used  41.0) c=0.992 alpha=-0.045 beta=+0.042 | loss 2.9615 (delta +0.0762) size 371.5 MB sparsity 8.9%
gen 34 offspring [54/100] k= 16 (used  16.0) c=0.848 alpha=-0.028 beta=+0.292 | loss 3.5560 (delta +0.6707) size 246.4 MB sparsity 23.3%
gen 34 offspring [55/100] k= 16 (used  16.0) c=0.856 alpha=-0.193 beta=+0.168 | loss 3.5201 (delta +0.6347) size 246.8 MB sparsity 21.3%
gen 34 offspring [56/100] k= 31 (used  31.0) c=0.976 alpha=-0.288 beta=+0.329 | loss 3.3762 (delta +0.4909) size 292.6 MB sparsity 25.6%
gen 34 offspring [57/100] k= 19 (used  19.0) c=0.849 alpha=-0.216 beta=+0.432 | loss 3.6413 (delta +0.7559) size 287.4 MB sparsity 27.2%
gen 34 offspring [58/100] k= 17 (used  17.0) c=0.997 alpha=-0.256 beta=+0.444 | loss 3.8881 (delta +1.0028) size 235.9 MB sparsity 29.9%
gen 34 offspring [59/100] k= 63 (used  63.0) c=0.899 alpha=-0.067 beta=+0.077 | loss 2.9216 (delta +0.0362) size 371.5 MB sparsity 6.5%
gen 34 offspring [60/100] k= 31 (used  31.0) c=0.945 alpha=-0.204 beta=+0.256 | loss 3.1388 (delta +0.2535) size 308.9 MB sparsity 19.5%
gen 34 offspring [61/100] k= 18 (used  18.0) c=0.840 alpha=-0.197 beta=+0.297 | loss 3.4530 (delta +0.5676) size 302.8 MB sparsity 22.3%
gen 34 offspring [62/100] k= 34 (used  33.0) c=0.994 alpha=-0.264 beta=+0.240 | loss 3.2040 (delta +0.3187) size 306.2 MB sparsity 21.2%
gen 34 offspring [63/100] k= 16 (used  16.0) c=0.870 alpha=-0.204 beta=+0.361 | loss 3.6569 (delta +0.7715) size 244.4 MB sparsity 26.1%
gen 34 offspring [64/100] k= 29 (used  29.0) c=0.979 alpha=-0.091 beta=+0.058 | loss 3.0509 (delta +0.1656) size 309.8 MB sparsity 12.5%
gen 34 offspring [65/100] k= 37 (used  37.0) c=0.978 alpha=-0.025 beta=+0.337 | loss 3.1629 (delta +0.2776) size 363.9 MB sparsity 18.7%
gen 34 offspring [66/100] k= 56 (used  55.0) c=0.992 alpha=-0.208 beta=+0.111 | loss 2.9872 (delta +0.1018) size 371.5 MB sparsity 13.5%
gen 34 offspring [67/100] k= 32 (used  31.0) c=0.975 alpha=-0.251 beta=+0.315 | loss 3.2917 (delta +0.4063) size 298.7 MB sparsity 23.6%
gen 34 offspring [68/100] k= 33 (used  33.0) c=0.976 alpha=-0.259 beta=+0.334 | loss 3.2848 (delta +0.3995) size 295.6 MB sparsity 24.6%
gen 34 offspring [69/100] k= 33 (used  33.0) c=0.848 alpha=-0.207 beta=+0.274 | loss 3.2044 (delta +0.3191) size 309.3 MB sparsity 20.1%
gen 34 offspring [70/100] k= 16 (used  16.0) c=0.864 alpha=-0.216 beta=+0.410 | loss 3.7791 (delta +0.8938) size 241.0 MB sparsity 27.9%
gen 34 offspring [71/100] k= 32 (used  31.0) c=0.994 alpha=-0.026 beta=+0.156 | loss 3.0246 (delta +0.1393) size 309.8 MB sparsity 12.9%
gen 34 offspring [72/100] k= 17 (used  17.0) c=0.938 alpha=-0.011 beta=+0.011 | loss 3.4600 (delta +0.5747) size 259.2 MB sparsity 20.5%
gen 34 offspring [73/100] k= 32 (used  32.0) c=0.916 alpha=-0.103 beta=+0.038 | loss 3.0009 (delta +0.1155) size 309.8 MB sparsity 11.0%
gen 34 offspring [74/100] k= 32 (used  31.0) c=0.991 alpha=-0.042 beta=+0.256 | loss 3.0891 (delta +0.2038) size 309.6 MB sparsity 16.7%
gen 34 offspring [75/100] k=217 (used 217.0) c=0.979 alpha=-0.039 beta=+0.042 | loss 2.8907 (delta +0.0053) size 495.1 MB sparsity 3.4%
gen 34 offspring [76/100] k= 16 (used  16.0) c=0.849 alpha=-0.215 beta=+0.439 | loss 3.7948 (delta +0.9095) size 238.9 MB sparsity 28.7%
gen 34 offspring [77/100] k= 32 (used  32.0) c=0.918 alpha=-0.210 beta=+0.261 | loss 3.1462 (delta +0.2609) size 308.7 MB sparsity 19.9%
gen 34 offspring [78/100] k= 16 (used  16.0) c=0.849 alpha=-0.226 beta=+0.182 | loss 3.5085 (delta +0.6231) size 246.8 MB sparsity 21.5%
gen 34 offspring [79/100] k= 76 (used  76.0) c=0.975 alpha=-0.058 beta=+0.077 | loss 2.9091 (delta +0.0237) size 433.3 MB sparsity 6.1%
gen 34 offspring [80/100] k= 17 (used  17.0) c=0.976 alpha=-0.382 beta=+0.405 | loss 4.1075 (delta +1.2221) size 229.1 MB sparsity 32.7%
gen 34 offspring [81/100] k= 73 (used  73.0) c=0.858 alpha=-0.025 beta=+0.115 | loss 2.9333 (delta +0.0479) size 433.3 MB sparsity 7.0%
gen 34 offspring [82/100] k= 17 (used  17.0) c=0.844 alpha=-0.216 beta=+0.233 | loss 3.4159 (delta +0.5305) size 259.0 MB sparsity 20.6%
gen 34 offspring [83/100] k= 17 (used  17.0) c=0.979 alpha=-0.193 beta=+0.441 | loss 3.7926 (delta +0.9072) size 238.8 MB sparsity 28.7%
gen 34 offspring [84/100] k= 17 (used  17.0) c=0.846 alpha=-0.152 beta=+0.331 | loss 3.4975 (delta +0.6122) size 252.4 MB sparsity 23.2%
gen 34 offspring [85/100] k= 17 (used  17.0) c=0.849 alpha=-0.244 beta=+0.361 | loss 3.6491 (delta +0.7638) size 245.8 MB sparsity 25.9%
gen 34 offspring [86/100] k= 17 (used  17.0) c=0.979 alpha=-0.096 beta=+0.434 | loss 3.7725 (delta +0.8872) size 239.5 MB sparsity 28.4%
gen 34 offspring [87/100] k= 56 (used  55.0) c=0.987 alpha=-0.245 beta=+0.102 | loss 3.0104 (delta +0.1251) size 371.5 MB sparsity 14.7%
gen 34 offspring [88/100] k=128 (used 128.0) c=0.922 alpha=-0.041 beta=+0.036 | loss 2.8991 (delta +0.0138) size 433.3 MB sparsity 3.4%
gen 34 offspring [89/100] k= 33 (used  33.0) c=0.976 alpha=-0.341 beta=+0.268 | loss 3.3282 (delta +0.4428) size 293.6 MB sparsity 25.2%
gen 34 offspring [90/100] k= 16 (used  16.0) c=0.862 alpha=-0.215 beta=+0.354 | loss 3.6634 (delta +0.7780) size 244.8 MB sparsity 25.8%
gen 34 offspring [91/100] k= 35 (used  35.0) c=0.979 alpha=-0.134 beta=+0.045 | loss 2.9927 (delta +0.1074) size 371.5 MB sparsity 11.2%
gen 34 offspring [92/100] k= 38 (used  37.0) c=0.978 alpha=-0.194 beta=+0.298 | loss 3.2032 (delta +0.3178) size 357.0 MB sparsity 20.6%
gen 34 offspring [93/100] k= 33 (used  33.0) c=0.976 alpha=-0.259 beta=+0.031 | loss 3.0721 (delta +0.1868) size 321.2 MB sparsity 16.3%
gen 34 offspring [94/100] k= 19 (used  19.0) c=0.992 alpha=-0.211 beta=+0.445 | loss 3.7847 (delta +0.8993) size 284.4 MB sparsity 28.2%
gen 34 offspring [95/100] k= 32 (used  31.0) c=0.984 alpha=-0.105 beta=+0.042 | loss 3.0271 (delta +0.1417) size 309.8 MB sparsity 11.7%
gen 34 offspring [96/100] k= 17 (used  17.0) c=0.960 alpha=-0.035 beta=+0.434 | loss 3.8013 (delta +0.9160) size 240.1 MB sparsity 28.2%
gen 34 offspring [97/100] k= 16 (used  16.0) c=0.849 alpha=-0.191 beta=+0.195 | loss 3.5039 (delta +0.6185) size 246.8 MB sparsity 21.2%
gen 34 offspring [98/100] k= 16 (used  16.0) c=0.847 alpha=-0.210 beta=+0.372 | loss 3.6730 (delta +0.7876) size 244.3 MB sparsity 26.3%
gen 34 offspring [99/100] k= 32 (used  31.0) c=0.973 alpha=-0.091 beta=+0.375 | loss 3.2424 (delta +0.3570) size 306.2 MB sparsity 21.1%
gen 34 offspring [100/100] k= 52 (used  52.0) c=0.946 alpha=-0.107 beta=+0.061 | loss 2.9336 (delta +0.0483) size 371.5 MB sparsity 8.1%
=== generation 34/50 done in 461s (0 reused), batch baseline 2.8854, HV 0.36718, front 100 points, 100/100 feasible, best delta loss +0.0032, smallest 235.6 MB
gen 35 offspring [1/100] k= 32 (used  31.0) c=0.976 alpha=-0.150 beta=+0.265 | loss 3.1076 (delta +0.2223) size 309.5 MB sparsity 17.9%
gen 35 offspring [2/100] k= 70 (used  70.0) c=0.952 alpha=-0.013 beta=+0.094 | loss 2.9140 (delta +0.0286) size 433.3 MB sparsity 6.6%
gen 35 offspring [3/100] k= 33 (used  33.0) c=0.976 alpha=-0.251 beta=+0.181 | loss 3.1087 (delta +0.2233) size 314.7 MB sparsity 18.4%
gen 35 offspring [4/100] k= 18 (used  17.0) c=0.995 alpha=-0.179 beta=+0.425 | loss 3.7990 (delta +0.9137) size 239.9 MB sparsity 28.3%
gen 35 offspring [5/100] k= 16 (used  16.0) c=0.849 alpha=-0.217 beta=+0.300 | loss 3.5606 (delta +0.6753) size 246.3 MB sparsity 23.8%
gen 35 offspring [6/100] k= 33 (used  33.0) c=0.991 alpha=-0.042 beta=+0.258 | loss 3.0793 (delta +0.1939) size 321.0 MB sparsity 16.4%
gen 35 offspring [7/100] k=233 (used 228.7) c=0.979 alpha=-0.301 beta=+0.298 | loss 3.2319 (delta +0.3466) size 435.0 MB sparsity 24.7%
gen 35 offspring [8/100] k= 17 (used  17.0) c=0.865 alpha=-0.214 beta=+0.291 | loss 3.4861 (delta +0.6008) size 253.9 MB sparsity 22.6%
gen 35 offspring [9/100] k= 41 (used  41.0) c=0.991 alpha=-0.134 beta=+0.039 | loss 2.9675 (delta +0.0822) size 371.5 MB sparsity 10.4%
gen 35 offspring [10/100] k= 17 (used  17.0) c=0.849 alpha=-0.167 beta=+0.300 | loss 3.4586 (delta +0.5732) size 255.1 MB sparsity 22.1%
gen 35 offspring [11/100] k=128 (used 128.0) c=0.987 alpha=-0.044 beta=+0.025 | loss 2.8933 (delta +0.0079) size 433.3 MB sparsity 3.4%
gen 35 offspring [12/100] k= 17 (used  17.0) c=0.976 alpha=-0.206 beta=+0.315 | loss 3.5888 (delta +0.7034) size 249.8 MB sparsity 24.3%
gen 35 offspring [13/100] k= 55 (used  55.0) c=0.992 alpha=-0.208 beta=+0.132 | loss 2.9980 (delta +0.1126) size 371.5 MB sparsity 14.3%
gen 35 offspring [14/100] k= 23 (used  23.0) c=0.849 alpha=-0.207 beta=+0.264 | loss 3.2626 (delta +0.3772) size 307.9 MB sparsity 20.2%
gen 35 offspring [15/100] k= 31 (used  31.0) c=0.916 alpha=-0.024 beta=+0.039 | loss 3.0051 (delta +0.1197) size 309.8 MB sparsity 10.9%
gen 35 offspring [16/100] k= 17 (used  17.0) c=0.976 alpha=-0.241 beta=+0.460 | loss 3.9066 (delta +1.0213) size 235.7 MB sparsity 30.0%
gen 35 offspring [17/100] k= 34 (used  33.0) c=0.976 alpha=-0.249 beta=+0.438 | loss 3.4487 (delta +0.5633) size 284.6 MB sparsity 28.2%
gen 35 offspring [18/100] k= 17 (used  17.0) c=0.967 alpha=-0.216 beta=+0.266 | loss 3.5406 (delta +0.6552) size 253.7 MB sparsity 22.7%
gen 35 offspring [19/100] k= 16 (used  15.0) c=0.980 alpha=-0.025 beta=+0.301 | loss 3.9217 (delta +1.0363) size 244.4 MB sparsity 25.6%
gen 35 offspring [20/100] k= 64 (used  63.7) c=0.872 alpha=-0.150 beta=+0.381 | loss 3.2063 (delta +0.3210) size 352.3 MB sparsity 21.8%
gen 35 offspring [21/100] k= 17 (used  17.0) c=0.981 alpha=-0.259 beta=+0.411 | loss 3.8225 (delta +0.9371) size 238.8 MB sparsity 28.7%
gen 35 offspring [22/100] k=131 (used 131.0) c=0.976 alpha=-0.037 beta=+0.045 | loss 2.8962 (delta +0.0108) size 495.0 MB sparsity 3.6%
gen 35 offspring [23/100] k= 31 (used  31.0) c=0.979 alpha=-0.200 beta=+0.266 | loss 3.1600 (delta +0.2746) size 308.7 MB sparsity 19.8%
gen 35 offspring [24/100] k= 32 (used  31.0) c=0.978 alpha=-0.226 beta=+0.126 | loss 3.0795 (delta +0.1941) size 309.8 MB sparsity 15.8%
gen 35 offspring [25/100] k= 17 (used  17.0) c=0.845 alpha=-0.166 beta=+0.300 | loss 3.4621 (delta +0.5767) size 255.2 MB sparsity 22.1%
gen 35 offspring [26/100] k= 35 (used  35.0) c=0.970 alpha=-0.299 beta=+0.376 | loss 3.4627 (delta +0.5774) size 330.5 MB sparsity 27.7%
gen 35 offspring [27/100] k= 58 (used  57.0) c=0.992 alpha=-0.144 beta=+0.094 | loss 2.9417 (delta +0.0564) size 371.5 MB sparsity 10.3%
gen 35 offspring [28/100] k= 32 (used  31.0) c=0.998 alpha=-0.149 beta=+0.370 | loss 3.2478 (delta +0.3625) size 303.8 MB sparsity 21.9%
gen 35 offspring [29/100] k= 29 (used  29.0) c=0.994 alpha=-0.111 beta=+0.257 | loss 3.1180 (delta +0.2327) size 309.4 MB sparsity 17.2%
gen 35 offspring [30/100] k= 30 (used  29.0) c=0.979 alpha=-0.091 beta=+0.058 | loss 3.0509 (delta +0.1656) size 309.8 MB sparsity 12.5%
gen 35 offspring [31/100] k=137 (used 137.0) c=0.977 alpha=-0.043 beta=+0.042 | loss 2.8938 (delta +0.0084) size 495.0 MB sparsity 3.7%
gen 35 offspring [32/100] k= 31 (used  31.0) c=0.996 alpha=-0.206 beta=+0.374 | loss 3.3126 (delta +0.4273) size 297.0 MB sparsity 24.2%
gen 35 offspring [33/100] k= 17 (used  17.0) c=0.979 alpha=-0.333 beta=+0.298 | loss 3.7484 (delta +0.8630) size 242.7 MB sparsity 27.2%
gen 35 offspring [34/100] k= 17 (used  17.0) c=0.983 alpha=-0.215 beta=+0.421 | loss 3.7790 (delta +0.8936) size 240.1 MB sparsity 28.2%
gen 35 offspring [35/100] k= 41 (used  41.0) c=0.978 alpha=-0.250 beta=+0.352 | loss 3.3066 (delta +0.4213) size 341.1 MB sparsity 24.9%
gen 35 offspring [36/100] k= 33 (used  33.0) c=0.975 alpha=-0.259 beta=+0.310 | loss 3.2671 (delta +0.3817) size 298.4 MB sparsity 23.7%
gen 35 offspring [37/100] k= 16 (used  16.0) c=0.839 alpha=-0.157 beta=+0.355 | loss 3.6961 (delta +0.8108) size 245.2 MB sparsity 25.4%
gen 35 offspring [38/100] k= 33 (used  33.0) c=0.988 alpha=-0.206 beta=+0.368 | loss 3.2715 (delta +0.3862) size 297.9 MB sparsity 23.8%
gen 35 offspring [39/100] k= 17 (used  17.0) c=0.848 alpha=-0.205 beta=+0.259 | loss 3.4197 (delta +0.5344) size 257.5 MB sparsity 21.2%
gen 35 offspring [40/100] k= 16 (used  16.0) c=0.846 alpha=-0.224 beta=+0.331 | loss 3.6399 (delta +0.7546) size 245.6 MB sparsity 25.0%
gen 35 offspring [41/100] k= 17 (used  17.0) c=0.850 alpha=-0.216 beta=+0.290 | loss 3.4747 (delta +0.5894) size 254.2 MB sparsity 22.5%
gen 35 offspring [42/100] k= 16 (used  16.0) c=0.879 alpha=-0.009 beta=+0.420 | loss 3.8580 (delta +0.9726) size 240.0 MB sparsity 28.2%
gen 35 offspring [43/100] k= 32 (used  31.0) c=0.972 alpha=-0.013 beta=+0.115 | loss 3.0242 (delta +0.1389) size 309.8 MB sparsity 11.7%
gen 35 offspring [44/100] k= 63 (used  63.0) c=0.899 alpha=-0.224 beta=+0.082 | loss 2.9744 (delta +0.0891) size 371.5 MB sparsity 12.9%
gen 35 offspring [45/100] k= 33 (used  33.0) c=0.982 alpha=-0.134 beta=+0.042 | loss 3.0040 (delta +0.1187) size 335.4 MB sparsity 11.7%
gen 35 offspring [46/100] k= 44 (used  43.0) c=0.987 alpha=-0.068 beta=+0.042 | loss 2.9534 (delta +0.0680) size 371.5 MB sparsity 8.4%
gen 35 offspring [47/100] k= 31 (used  31.0) c=0.943 alpha=-0.195 beta=+0.190 | loss 3.0722 (delta +0.1869) size 309.8 MB sparsity 16.6%
gen 35 offspring [48/100] k= 16 (used  16.0) c=0.869 alpha=-0.166 beta=+0.295 | loss 3.5924 (delta +0.7071) size 246.1 MB sparsity 23.7%
gen 35 offspring [49/100] k= 33 (used  33.0) c=0.974 alpha=-0.269 beta=+0.294 | loss 3.2553 (delta +0.3699) size 299.1 MB sparsity 23.5%
gen 35 offspring [50/100] k= 16 (used  16.0) c=0.849 alpha=-0.191 beta=+0.299 | loss 3.5552 (delta +0.6699) size 246.3 MB sparsity 23.6%
gen 35 offspring [51/100] k= 16 (used  16.0) c=0.847 alpha=-0.214 beta=+0.366 | loss 3.6636 (delta +0.7782) size 244.5 MB sparsity 26.1%
gen 35 offspring [52/100] k= 17 (used  17.0) c=0.849 alpha=-0.206 beta=+0.299 | loss 3.4649 (delta +0.5795) size 254.0 MB sparsity 22.6%
gen 35 offspring [53/100] k= 32 (used  31.0) c=0.975 alpha=-0.205 beta=+0.308 | loss 3.2120 (delta +0.3266) size 304.9 MB sparsity 21.6%
gen 35 offspring [54/100] k= 33 (used  33.0) c=0.978 alpha=-0.022 beta=+0.042 | loss 2.9987 (delta +0.1134) size 337.8 MB sparsity 10.9%
gen 35 offspring [55/100] k= 57 (used  57.0) c=0.992 alpha=-0.227 beta=+0.111 | loss 2.9913 (delta +0.1060) size 371.5 MB sparsity 14.3%
gen 35 offspring [56/100] k= 33 (used  33.0) c=0.980 alpha=-0.045 beta=+0.044 | loss 2.9992 (delta +0.1139) size 337.7 MB sparsity 11.0%
gen 35 offspring [57/100] k= 17 (used  17.0) c=0.850 alpha=-0.216 beta=+0.233 | loss 3.4061 (delta +0.5207) size 258.9 MB sparsity 20.6%
gen 35 offspring [58/100] k= 31 (used  31.0) c=0.945 alpha=-0.013 beta=+0.060 | loss 3.0094 (delta +0.1241) size 309.8 MB sparsity 11.3%
gen 35 offspring [59/100] k= 31 (used  31.0) c=0.945 alpha=-0.162 beta=+0.249 | loss 3.0881 (delta +0.2028) size 309.6 MB sparsity 17.6%
gen 35 offspring [60/100] k= 34 (used  34.0) c=0.838 alpha=-0.271 beta=+0.433 | loss 3.5288 (delta +0.6434) size 326.7 MB sparsity 28.8%
gen 35 offspring [61/100] k= 34 (used  33.0) c=0.978 alpha=-0.107 beta=+0.296 | loss 3.1035 (delta +0.2181) size 316.4 MB sparsity 17.9%
gen 35 offspring [62/100] k= 32 (used  31.0) c=0.979 alpha=-0.293 beta=+0.353 | loss 3.4213 (delta +0.5359) size 289.1 MB sparsity 26.7%
gen 35 offspring [63/100] k= 17 (used  17.0) c=0.975 alpha=-0.272 beta=+0.315 | loss 3.6791 (delta +0.7937) size 246.3 MB sparsity 25.7%
gen 35 offspring [64/100] k= 17 (used  17.0) c=0.850 alpha=-0.216 beta=+0.384 | loss 3.6139 (delta +0.7286) size 245.8 MB sparsity 25.9%
gen 35 offspring [65/100] k= 34 (used  34.0) c=0.846 alpha=-0.200 beta=+0.336 | loss 3.2580 (delta +0.3727) size 350.7 MB sparsity 22.3%
gen 35 offspring [66/100] k= 16 (used  16.0) c=0.849 alpha=-0.060 beta=+0.077 | loss 3.5047 (delta +0.6193) size 246.8 MB sparsity 21.1%
gen 35 offspring [67/100] k= 34 (used  34.0) c=0.848 alpha=-0.028 beta=+0.335 | loss 3.1718 (delta +0.2864) size 364.7 MB sparsity 18.5%
gen 35 offspring [68/100] k= 36 (used  35.0) c=0.991 alpha=-0.392 beta=+0.363 | loss 3.6142 (delta +0.7289) size 319.0 MB sparsity 30.9%
gen 35 offspring [69/100] k= 32 (used  32.0) c=0.946 alpha=-0.164 beta=+0.257 | loss 3.1036 (delta +0.2182) size 309.5 MB sparsity 18.0%
gen 35 offspring [70/100] k= 58 (used  56.9) c=0.993 alpha=-0.197 beta=+0.351 | loss 3.1712 (delta +0.2858) size 349.5 MB sparsity 22.6%
gen 35 offspring [71/100] k= 16 (used  16.0) c=0.863 alpha=-0.191 beta=+0.179 | loss 3.5505 (delta +0.6651) size 246.7 MB sparsity 21.5%
gen 35 offspring [72/100] k= 17 (used  17.0) c=0.864 alpha=-0.206 beta=+0.299 | loss 3.4913 (delta +0.6059) size 253.7 MB sparsity 22.7%
gen 35 offspring [73/100] k=233 (used 231.8) c=0.979 alpha=-0.213 beta=+0.041 | loss 2.9336 (delta +0.0482) size 495.0 MB sparsity 10.6%
gen 35 offspring [74/100] k= 16 (used  16.0) c=0.849 alpha=-0.091 beta=+0.063 | loss 3.5118 (delta +0.6264) size 246.8 MB sparsity 21.2%
gen 35 offspring [75/100] k= 17 (used  17.0) c=0.854 alpha=-0.271 beta=+0.603 | loss 16.7326 (delta +13.8473) size 222.5 MB sparsity 35.4%
gen 35 offspring [76/100] k= 17 (used  17.0) c=0.976 alpha=-0.279 beta=+0.518 | loss 9.3218 (delta +6.4365) size 228.0 MB sparsity 33.1%
gen 35 offspring [77/100] k= 18 (used  17.0) c=0.976 alpha=-0.307 beta=+0.430 | loss 3.9270 (delta +1.0416) size 233.5 MB sparsity 30.9%
gen 35 offspring [78/100] k= 33 (used  33.0) c=0.978 alpha=-0.296 beta=+0.352 | loss 3.3774 (delta +0.4920) size 289.0 MB sparsity 26.7%
gen 35 offspring [79/100] k= 30 (used  29.0) c=0.978 alpha=-0.242 beta=+0.438 | loss 3.4870 (delta +0.6016) size 285.2 MB sparsity 28.0%
gen 35 offspring [80/100] k= 17 (used  17.0) c=0.864 alpha=-0.216 beta=+0.290 | loss 3.4837 (delta +0.5983) size 253.9 MB sparsity 22.6%
gen 35 offspring [81/100] k= 33 (used  33.0) c=0.975 alpha=-0.259 beta=+0.406 | loss 3.4078 (delta +0.5224) size 287.1 MB sparsity 27.3%
gen 35 offspring [82/100] k= 33 (used  33.0) c=0.961 alpha=-0.205 beta=+0.255 | loss 3.1363 (delta +0.2509) size 311.6 MB sparsity 19.4%
gen 35 offspring [83/100] k= 17 (used  17.0) c=0.849 alpha=-0.207 beta=+0.267 | loss 3.4328 (delta +0.5475) size 256.7 MB sparsity 21.5%
gen 35 offspring [84/100] k= 17 (used  17.0) c=0.849 alpha=-0.216 beta=+0.268 | loss 3.4392 (delta +0.5539) size 256.1 MB sparsity 21.7%
gen 35 offspring [85/100] k= 16 (used  16.0) c=0.849 alpha=-0.207 beta=+0.274 | loss 3.5401 (delta +0.6548) size 246.6 MB sparsity 22.9%
gen 35 offspring [86/100] k= 17 (used  17.0) c=0.788 alpha=-0.178 beta=+0.297 | loss 3.5085 (delta +0.6232) size 256.6 MB sparsity 21.5%
gen 35 offspring [87/100] k= 34 (used  33.0) c=0.974 alpha=-0.216 beta=+0.262 | loss 3.1476 (delta +0.2622) size 309.3 MB sparsity 20.2%
gen 35 offspring [88/100] k= 17 (used  17.0) c=0.849 alpha=-0.221 beta=+0.339 | loss 3.5459 (delta +0.6606) size 249.5 MB sparsity 24.4%
gen 35 offspring [89/100] k= 69 (used  68.9) c=0.918 alpha=-0.155 beta=+0.268 | loss 3.0390 (delta +0.1537) size 418.9 MB sparsity 17.6%
gen 35 offspring [90/100] k= 16 (used  16.0) c=0.849 alpha=-0.002 beta=+0.349 | loss 3.6121 (delta +0.7267) size 245.2 MB sparsity 25.3%
gen 35 offspring [91/100] k=128 (used 128.0) c=0.983 alpha=-0.043 beta=+0.045 | loss 2.8940 (delta +0.0086) size 433.3 MB sparsity 3.9%
gen 35 offspring [92/100] k= 18 (used  17.0) c=0.996 alpha=-0.249 beta=+0.443 | loss 3.8761 (delta +0.9908) size 236.5 MB sparsity 29.7%
gen 35 offspring [93/100] k= 16 (used  16.0) c=0.854 alpha=-0.111 beta=+0.255 | loss 3.5375 (delta +0.6522) size 246.7 MB sparsity 22.3%
gen 35 offspring [94/100] k= 16 (used  16.0) c=0.856 alpha=-0.166 beta=+0.264 | loss 3.5466 (delta +0.6613) size 246.6 MB sparsity 22.6%
gen 35 offspring [95/100] k= 16 (used  16.0) c=0.849 alpha=-0.226 beta=+0.302 | loss 3.5775 (delta +0.6921) size 246.2 MB sparsity 24.1%
gen 35 offspring [96/100] k= 16 (used  16.0) c=0.857 alpha=-0.210 beta=+0.372 | loss 3.6806 (delta +0.7952) size 244.1 MB sparsity 26.4%
gen 35 offspring [97/100] k= 16 (used  16.0) c=0.849 alpha=-0.015 beta=+0.339 | loss 3.6008 (delta +0.7154) size 245.5 MB sparsity 24.9%
gen 35 offspring [98/100] k= 20 (used  20.0) c=0.849 alpha=-0.196 beta=+0.178 | loss 3.2724 (delta +0.3870) size 308.5 MB sparsity 17.8%
gen 35 offspring [99/100] k= 58 (used  57.0) c=0.992 alpha=-0.217 beta=+0.111 | loss 2.9828 (delta +0.0974) size 371.5 MB sparsity 13.9%
gen 35 offspring [100/100] k= 33 (used  33.0) c=0.986 alpha=-0.230 beta=+0.300 | loss 3.2165 (delta +0.3311) size 303.0 MB sparsity 22.2%
=== generation 35/50 done in 461s (0 reused), batch baseline 2.8854, HV 0.36717, front 100 points, 100/100 feasible, best delta loss +0.0032, smallest 235.6 MB
gen 36 offspring [1/100] k= 16 (used  16.0) c=0.863 alpha=-0.216 beta=+0.290 | loss 3.5823 (delta +0.6970) size 246.2 MB sparsity 23.7%
gen 36 offspring [2/100] k= 33 (used  33.0) c=0.875 alpha=-0.224 beta=+0.410 | loss 3.4357 (delta +0.5503) size 291.0 MB sparsity 26.1%
gen 36 offspring [3/100] k= 33 (used  33.0) c=0.976 alpha=-0.091 beta=+0.049 | loss 2.9988 (delta +0.1135) size 337.8 MB sparsity 10.9%
gen 36 offspring [4/100] k= 31 (used  31.0) c=0.945 alpha=-0.210 beta=+0.245 | loss 3.1363 (delta +0.2509) size 309.1 MB sparsity 19.3%
gen 36 offspring [5/100] k= 31 (used  31.0) c=0.845 alpha=-0.225 beta=+0.046 | loss 3.0714 (delta +0.1861) size 309.8 MB sparsity 14.6%
gen 36 offspring [6/100] k= 34 (used  33.0) c=0.978 alpha=-0.306 beta=+0.352 | loss 3.3987 (delta +0.5134) size 287.8 MB sparsity 27.1%
gen 36 offspring [7/100] k= 16 (used  15.0) c=0.992 alpha=-0.180 beta=+0.376 | loss 3.9870 (delta +1.1016) size 240.2 MB sparsity 28.2%
gen 36 offspring [8/100] k= 34 (used  33.0) c=0.970 alpha=-0.251 beta=+0.329 | loss 3.2831 (delta +0.3977) size 297.1 MB sparsity 24.1%
gen 36 offspring [9/100] k= 17 (used  17.0) c=0.849 alpha=-0.216 beta=+0.428 | loss 3.7101 (delta +0.8247) size 241.8 MB sparsity 27.5%
gen 36 offspring [10/100] k= 34 (used  34.0) c=0.915 alpha=-0.234 beta=+0.260 | loss 3.2029 (delta +0.3176) size 356.5 MB sparsity 20.7%
gen 36 offspring [11/100] k= 17 (used  17.0) c=0.973 alpha=-0.216 beta=+0.444 | loss 3.8137 (delta +0.9284) size 238.3 MB sparsity 28.9%
gen 36 offspring [12/100] k= 32 (used  31.0) c=0.997 alpha=-0.282 beta=+0.003 | loss 3.1370 (delta +0.2517) size 309.3 MB sparsity 17.7%
gen 36 offspring [13/100] k= 16 (used  15.0) c=0.986 alpha=-0.247 beta=+0.182 | loss 3.9075 (delta +1.0222) size 244.8 MB sparsity 24.5%
gen 36 offspring [14/100] k=119 (used 119.0) c=0.992 alpha=-0.043 beta=+0.042 | loss 2.8984 (delta +0.0131) size 433.3 MB sparsity 3.8%
gen 36 offspring [15/100] k= 17 (used  17.0) c=0.979 alpha=-0.151 beta=+0.438 | loss 3.7786 (delta +0.8932) size 239.2 MB sparsity 28.6%
gen 36 offspring [16/100] k= 56 (used  55.0) c=0.992 alpha=-0.184 beta=+0.096 | loss 2.9638 (delta +0.0784) size 371.5 MB sparsity 12.0%
gen 36 offspring [17/100] k= 17 (used  17.0) c=0.980 alpha=-0.197 beta=+0.085 | loss 3.5161 (delta +0.6308) size 257.0 MB sparsity 21.4%
gen 36 offspring [18/100] k= 31 (used  31.0) c=0.977 alpha=-0.259 beta=+0.190 | loss 3.1681 (delta +0.2828) size 309.1 MB sparsity 19.1%
gen 36 offspring [19/100] k= 36 (used  36.0) c=0.850 alpha=-0.216 beta=+0.263 | loss 3.1906 (delta +0.3052) size 359.0 MB sparsity 20.1%
gen 36 offspring [20/100] k= 17 (used  17.0) c=0.850 alpha=-0.318 beta=+0.233 | loss 3.5919 (delta +0.7066) size 250.5 MB sparsity 24.0%
gen 36 offspring [21/100] k= 29 (used  29.0) c=0.939 alpha=-0.223 beta=+0.065 | loss 3.0835 (delta +0.1981) size 309.7 MB sparsity 15.5%
gen 36 offspring [22/100] k= 18 (used  17.0) c=0.987 alpha=-0.153 beta=+0.443 | loss 3.8241 (delta +0.9388) size 238.6 MB sparsity 28.8%
gen 36 offspring [23/100] k= 16 (used  16.0) c=0.849 alpha=-0.216 beta=+0.274 | loss 3.5434 (delta +0.6580) size 246.6 MB sparsity 23.0%
gen 36 offspring [24/100] k= 33 (used  33.0) c=0.976 alpha=-0.255 beta=+0.336 | loss 3.2808 (delta +0.3955) size 295.8 MB sparsity 24.5%
gen 36 offspring [25/100] k= 33 (used  33.0) c=0.978 alpha=-0.332 beta=+0.108 | loss 3.1493 (delta +0.2639) size 312.1 MB sparsity 19.2%
gen 36 offspring [26/100] k= 32 (used  32.0) c=0.946 alpha=-0.259 beta=+0.199 | loss 3.1501 (delta +0.2648) size 309.0 MB sparsity 19.4%
gen 36 offspring [27/100] k= 17 (used  17.0) c=0.968 alpha=-0.215 beta=+0.428 | loss 3.7599 (delta +0.8746) size 239.9 MB sparsity 28.3%
gen 36 offspring [28/100] k= 70 (used  70.0) c=0.952 alpha=-0.027 beta=+0.096 | loss 2.9141 (delta +0.0287) size 433.3 MB sparsity 6.7%
gen 36 offspring [29/100] k= 33 (used  33.0) c=0.980 alpha=-0.194 beta=+0.298 | loss 3.1601 (delta +0.2748) size 307.7 MB sparsity 20.7%
gen 36 offspring [30/100] k= 16 (used  16.0) c=0.849 alpha=-0.226 beta=+0.186 | loss 3.5082 (delta +0.6229) size 246.8 MB sparsity 21.5%
gen 36 offspring [31/100] k= 17 (used  17.0) c=0.865 alpha=-0.170 beta=+0.264 | loss 3.4436 (delta +0.5583) size 257.7 MB sparsity 21.1%
gen 36 offspring [32/100] k= 43 (used  43.0) c=0.943 alpha=-0.148 beta=+0.061 | loss 2.9645 (delta +0.0792) size 371.5 MB sparsity 10.4%
gen 36 offspring [33/100] k= 16 (used  16.0) c=0.849 alpha=-0.154 beta=+0.329 | loss 3.6059 (delta +0.7205) size 245.7 MB sparsity 24.6%
gen 36 offspring [34/100] k= 17 (used  17.0) c=0.849 alpha=-0.207 beta=+0.410 | loss 3.6672 (delta +0.7818) size 243.9 MB sparsity 26.7%
gen 36 offspring [35/100] k=217 (used 217.0) c=0.976 alpha=-0.013 beta=+0.042 | loss 2.8902 (delta +0.0048) size 495.1 MB sparsity 2.6%
gen 36 offspring [36/100] k= 17 (used  17.0) c=0.849 alpha=-0.214 beta=+0.424 | loss 3.7060 (delta +0.8207) size 242.3 MB sparsity 27.3%
gen 36 offspring [37/100] k= 22 (used  22.0) c=0.918 alpha=-0.339 beta=+0.441 | loss 3.9503 (delta +1.0650) size 272.8 MB sparsity 32.0%
gen 36 offspring [38/100] k= 29 (used  29.0) c=0.940 alpha=-0.042 beta=+0.311 | loss 3.1535 (delta +0.2681) size 308.8 MB sparsity 18.9%
gen 36 offspring [39/100] k= 31 (used  31.0) c=0.987 alpha=-0.091 beta=+0.244 | loss 3.0741 (delta +0.1887) size 309.7 MB sparsity 16.2%
gen 36 offspring [40/100] k= 18 (used  18.0) c=0.846 alpha=-0.152 beta=+0.336 | loss 3.4863 (delta +0.6010) size 299.3 MB sparsity 23.4%
gen 36 offspring [41/100] k= 34 (used  33.0) c=0.976 alpha=-0.216 beta=+0.422 | loss 3.3661 (delta +0.4807) size 290.4 MB sparsity 26.3%
gen 36 offspring [42/100] k=128 (used 128.0) c=0.988 alpha=-0.043 beta=+0.042 | loss 2.8945 (delta +0.0092) size 433.3 MB sparsity 3.8%
gen 36 offspring [43/100] k= 18 (used  17.0) c=0.978 alpha=-0.289 beta=+0.352 | loss 3.7450 (delta +0.8596) size 241.7 MB sparsity 27.6%
gen 36 offspring [44/100] k= 31 (used  31.0) c=0.833 alpha=-0.103 beta=+0.034 | loss 3.0208 (delta +0.1354) size 309.8 MB sparsity 10.1%
gen 36 offspring [45/100] k= 17 (used  17.0) c=0.871 alpha=-0.191 beta=+0.179 | loss 3.3911 (delta +0.5057) size 262.1 MB sparsity 19.3%
gen 36 offspring [46/100] k= 17 (used  17.0) c=0.984 alpha=-0.213 beta=+0.310 | loss 3.6012 (delta +0.7158) size 249.8 MB sparsity 24.3%
gen 36 offspring [47/100] k= 17 (used  17.0) c=0.979 alpha=-0.259 beta=+0.431 | loss 3.8388 (delta +0.9535) size 237.1 MB sparsity 29.4%
gen 36 offspring [48/100] k= 35 (used  35.0) c=0.972 alpha=-0.162 beta=+0.294 | loss 3.1386 (delta +0.2532) size 361.9 MB sparsity 19.3%
gen 36 offspring [49/100] k= 17 (used  17.0) c=0.920 alpha=-0.095 beta=+0.291 | loss 3.5206 (delta +0.6353) size 253.7 MB sparsity 22.7%
gen 36 offspring [50/100] k= 16 (used  16.0) c=0.849 alpha=-0.199 beta=+0.354 | loss 3.6201 (delta +0.7348) size 245.0 MB sparsity 25.6%
gen 36 offspring [51/100] k= 34 (used  33.0) c=0.978 alpha=-0.288 beta=+0.298 | loss 3.2942 (delta +0.4088) size 296.4 MB sparsity 24.3%
gen 36 offspring [52/100] k= 18 (used  18.0) c=0.849 alpha=-0.213 beta=+0.360 | loss 3.5513 (delta +0.6660) size 294.4 MB sparsity 25.0%
gen 36 offspring [53/100] k= 17 (used  17.0) c=0.848 alpha=-0.205 beta=+0.259 | loss 3.4183 (delta +0.5329) size 257.5 MB sparsity 21.2%
gen 36 offspring [54/100] k= 32 (used  31.0) c=0.979 alpha=-0.210 beta=+0.302 | loss 3.2114 (delta +0.3261) size 305.0 MB sparsity 21.6%
gen 36 offspring [55/100] k= 57 (used  57.0) c=0.981 alpha=-0.227 beta=+0.082 | loss 2.9741 (delta +0.0888) size 371.5 MB sparsity 13.2%
gen 36 offspring [56/100] k= 38 (used  37.0) c=0.989 alpha=-0.338 beta=+0.298 | loss 3.4264 (delta +0.5410) size 336.0 MB sparsity 26.3%
gen 36 offspring [57/100] k= 17 (used  17.0) c=0.850 alpha=-0.079 beta=+0.434 | loss 3.7306 (delta +0.8452) size 243.1 MB sparsity 27.0%
gen 36 offspring [58/100] k= 18 (used  18.0) c=0.857 alpha=-0.259 beta=+0.439 | loss 3.8221 (delta +0.9367) size 281.2 MB sparsity 29.3%
gen 36 offspring [59/100] k= 17 (used  17.0) c=0.846 alpha=-0.243 beta=+0.331 | loss 3.5891 (delta +0.7037) size 248.6 MB sparsity 24.8%
gen 36 offspring [60/100] k= 33 (used  33.0) c=0.979 alpha=-0.144 beta=+0.043 | loss 3.0018 (delta +0.1164) size 334.5 MB sparsity 12.0%
gen 36 offspring [61/100] k= 64 (used  63.5) c=0.852 alpha=-0.061 beta=+0.435 | loss 3.4824 (delta +0.5971) size 357.8 MB sparsity 20.4%
gen 36 offspring [62/100] k= 33 (used  33.0) c=0.946 alpha=-0.187 beta=+0.336 | loss 3.2138 (delta +0.3284) size 304.0 MB sparsity 21.9%
gen 36 offspring [63/100] k= 16 (used  15.0) c=0.975 alpha=-0.210 beta=+0.481 | loss 7.3115 (delta +4.4262) size 231.8 MB sparsity 31.6%
gen 36 offspring [64/100] k= 33 (used  33.0) c=0.976 alpha=-0.218 beta=+0.352 | loss 3.2497 (delta +0.3644) size 298.3 MB sparsity 23.7%
gen 36 offspring [65/100] k=233 (used 233.0) c=0.972 alpha=-0.032 beta=+0.042 | loss 2.8905 (delta +0.0051) size 495.1 MB sparsity 3.1%
gen 36 offspring [66/100] k= 17 (used  17.0) c=0.970 alpha=-0.001 beta=+0.432 | loss 3.7488 (delta +0.8635) size 240.0 MB sparsity 28.3%
gen 36 offspring [67/100] k= 17 (used  17.0) c=0.976 alpha=-0.279 beta=+0.393 | loss 3.8150 (delta +0.9296) size 239.0 MB sparsity 28.7%
gen 36 offspring [68/100] k= 16 (used  16.0) c=0.849 alpha=-0.206 beta=+0.354 | loss 3.6225 (delta +0.7371) size 245.0 MB sparsity 25.6%
gen 36 offspring [69/100] k= 16 (used  16.0) c=0.856 alpha=-0.201 beta=+0.179 | loss 3.5246 (delta +0.6393) size 246.7 MB sparsity 21.4%
gen 36 offspring [70/100] k= 57 (used  57.0) c=0.992 alpha=-0.227 beta=+0.301 | loss 3.1501 (delta +0.2647) size 352.2 MB sparsity 21.9%
gen 36 offspring [71/100] k= 33 (used  33.0) c=0.976 alpha=-0.187 beta=+0.366 | loss 3.2414 (delta +0.3560) size 300.3 MB sparsity 23.1%
gen 36 offspring [72/100] k= 17 (used  17.0) c=0.976 alpha=-0.207 beta=+0.432 | loss 3.7645 (delta +0.8792) size 239.5 MB sparsity 28.4%
gen 36 offspring [73/100] k= 17 (used  17.0) c=0.864 alpha=-0.207 beta=+0.242 | loss 3.4300 (delta +0.5446) size 258.4 MB sparsity 20.8%
gen 36 offspring [74/100] k= 33 (used  33.0) c=0.983 alpha=-0.134 beta=+0.035 | loss 3.0031 (delta +0.1178) size 335.4 MB sparsity 11.7%
gen 36 offspring [75/100] k= 33 (used  33.0) c=0.977 alpha=-0.184 beta=+0.258 | loss 3.1102 (delta +0.2249) size 313.6 MB sparsity 18.8%
gen 36 offspring [76/100] k= 16 (used  16.0) c=0.866 alpha=-0.215 beta=+0.395 | loss 3.7685 (delta +0.8831) size 242.3 MB sparsity 27.3%
gen 36 offspring [77/100] k= 16 (used  16.0) c=0.849 alpha=-0.108 beta=+0.321 | loss 3.5958 (delta +0.7105) size 245.9 MB sparsity 24.3%
gen 36 offspring [78/100] k= 16 (used  16.0) c=0.857 alpha=-0.241 beta=+0.303 | loss 3.6236 (delta +0.7383) size 246.0 MB sparsity 24.5%
gen 36 offspring [79/100] k= 16 (used  16.0) c=0.864 alpha=-0.223 beta=+0.261 | loss 3.5722 (delta +0.6869) size 246.5 MB sparsity 22.9%
gen 36 offspring [80/100] k= 70 (used  70.0) c=0.949 alpha=-0.031 beta=+0.115 | loss 2.9173 (delta +0.0320) size 433.3 MB sparsity 7.4%
gen 36 offspring [81/100] k= 17 (used  17.0) c=0.848 alpha=-0.031 beta=+0.287 | loss 3.4467 (delta +0.5613) size 256.3 MB sparsity 21.7%
gen 36 offspring [82/100] k= 32 (used  31.0) c=0.978 alpha=-0.210 beta=+0.261 | loss 3.1659 (delta +0.2806) size 308.5 MB sparsity 19.9%
gen 36 offspring [83/100] k= 16 (used  16.0) c=0.860 alpha=-0.002 beta=+0.349 | loss 3.6541 (delta +0.7688) size 245.1 MB sparsity 25.5%
gen 36 offspring [84/100] k= 32 (used  31.0) c=0.991 alpha=-0.012 beta=+0.005 | loss 3.0246 (delta +0.1392) size 309.8 MB sparsity 11.8%
gen 36 offspring [85/100] k= 32 (used  32.0) c=0.945 alpha=-0.162 beta=+0.046 | loss 3.0159 (delta +0.1305) size 309.8 MB sparsity 12.8%
gen 36 offspring [87/100] k= 17 (used  17.0) c=0.978 alpha=-0.251 beta=+0.301 | loss 3.6057 (delta +0.7204) size 248.9 MB sparsity 24.7%
gen 36 offspring [88/100] k= 64 (used  64.0) c=0.894 alpha=-0.061 beta=+0.077 | loss 2.9206 (delta +0.0353) size 371.5 MB sparsity 6.3%
gen 36 offspring [89/100] k= 32 (used  32.0) c=0.854 alpha=-0.272 beta=+0.434 | loss 3.5274 (delta +0.6421) size 282.5 MB sparsity 28.9%
gen 36 offspring [90/100] k= 16 (used  16.0) c=0.917 alpha=-0.191 beta=+0.213 | loss 3.7013 (delta +0.8159) size 246.0 MB sparsity 22.8%
gen 36 offspring [91/100] k= 33 (used  33.0) c=0.862 alpha=-0.214 beta=+0.051 | loss 3.0419 (delta +0.1565) size 328.7 MB sparsity 13.9%
gen 36 offspring [92/100] k= 17 (used  17.0) c=0.991 alpha=-0.330 beta=+0.111 | loss 3.6945 (delta +0.8091) size 248.3 MB sparsity 24.9%
gen 36 offspring [93/100] k= 16 (used  16.0) c=0.849 alpha=-0.060 beta=+0.349 | loss 3.6121 (delta +0.7267) size 245.2 MB sparsity 25.3%
gen 36 offspring [94/100] k=128 (used 128.0) c=0.992 alpha=-0.043 beta=+0.042 | loss 2.8938 (delta +0.0085) size 433.3 MB sparsity 3.8%
gen 36 offspring [95/100] k= 17 (used  17.0) c=0.849 alpha=-0.216 beta=+0.296 | loss 3.4724 (delta +0.5870) size 253.6 MB sparsity 22.8%
gen 36 offspring [96/100] k= 16 (used  15.0) c=0.964 alpha=-0.081 beta=+0.274 | loss 3.8223 (delta +0.9369) size 245.0 MB sparsity 24.6%
gen 36 offspring [97/100] k= 55 (used  54.9) c=0.865 alpha=-0.264 beta=+0.290 | loss 3.2242 (delta +0.3388) size 348.4 MB sparsity 22.9%
gen 36 offspring [98/100] k= 29 (used  29.0) c=0.976 alpha=-0.001 beta=+0.153 | loss 3.0485 (delta +0.1632) size 309.8 MB sparsity 13.2%
gen 36 offspring [99/100] k= 34 (used  33.0) c=0.971 alpha=-0.251 beta=+0.302 | loss 3.2449 (delta +0.3596) size 300.3 MB sparsity 23.1%
gen 36 offspring [100/100] k= 34 (used  33.0) c=0.978 alpha=-0.265 beta=+0.429 | loss 3.4541 (delta +0.5688) size 283.8 MB sparsity 28.4%
=== generation 36/50 done in 457s (1 reused), batch baseline 2.8854, HV 0.36724, front 100 points, 100/100 feasible, best delta loss +0.0032, smallest 235.6 MB
gen 37 offspring [1/100] k= 22 (used  22.0) c=0.849 alpha=-0.229 beta=+0.319 | loss 3.4101 (delta +0.5247) size 299.6 MB sparsity 23.3%
gen 37 offspring [2/100] k= 18 (used  17.0) c=0.990 alpha=-0.137 beta=+0.272 | loss 3.5601 (delta +0.6747) size 253.0 MB sparsity 23.0%
gen 37 offspring [3/100] k= 24 (used  23.0) c=0.976 alpha=-0.141 beta=+0.372 | loss 3.4099 (delta +0.5245) size 299.9 MB sparsity 23.2%
gen 37 offspring [4/100] k= 33 (used  33.0) c=0.975 alpha=-0.230 beta=+0.365 | loss 3.2938 (delta +0.4085) size 295.3 MB sparsity 24.7%
gen 37 offspring [5/100] k= 17 (used  17.0) c=0.982 alpha=-0.271 beta=+0.439 | loss 3.9028 (delta +1.0174) size 235.4 MB sparsity 30.1%
gen 37 offspring [6/100] k= 30 (used  29.0) c=0.979 alpha=-0.012 beta=+0.186 | loss 3.0586 (delta +0.1732) size 309.8 MB sparsity 14.4%
gen 37 offspring [7/100] k= 16 (used  16.0) c=0.849 alpha=-0.219 beta=+0.460 | loss 3.8841 (delta +0.9987) size 236.8 MB sparsity 29.5%
gen 37 offspring [8/100] k= 37 (used  37.0) c=0.992 alpha=-0.255 beta=+0.302 | loss 3.3001 (delta +0.4148) size 347.3 MB sparsity 23.2%
gen 37 offspring [9/100] k= 17 (used  17.0) c=0.955 alpha=-0.250 beta=+0.299 | loss 3.5948 (delta +0.7095) size 249.5 MB sparsity 24.4%
gen 37 offspring [10/100] k= 34 (used  33.0) c=0.976 alpha=-0.230 beta=+0.426 | loss 3.3903 (delta +0.5049) size 288.2 MB sparsity 27.0%
gen 37 offspring [11/100] k= 33 (used  33.0) c=0.976 alpha=-0.259 beta=+0.306 | loss 3.2585 (delta +0.3731) size 298.9 MB sparsity 23.5%
gen 37 offspring [12/100] k= 17 (used  17.0) c=0.847 alpha=-0.216 beta=+0.296 | loss 3.4746 (delta +0.5893) size 253.6 MB sparsity 22.7%
gen 37 offspring [13/100] k=236 (used 236.0) c=0.978 alpha=-0.032 beta=+0.044 | loss 2.8885 (delta +0.0032) size 495.1 MB sparsity 3.2%
gen 37 offspring [14/100] k= 64 (used  63.9) c=0.976 alpha=-0.277 beta=+0.303 | loss 3.2476 (delta +0.3622) size 344.6 MB sparsity 23.9%
gen 37 offspring [15/100] k= 31 (used  31.0) c=0.875 alpha=-0.216 beta=+0.432 | loss 3.4129 (delta +0.5275) size 289.4 MB sparsity 26.6%
gen 37 offspring [16/100] k= 18 (used  17.0) c=0.975 alpha=-0.174 beta=+0.318 | loss 3.5946 (delta +0.7092) size 249.8 MB sparsity 24.3%
gen 37 offspring [17/100] k= 16 (used  16.0) c=0.842 alpha=-0.216 beta=+0.100 | loss 3.5347 (delta +0.6494) size 246.9 MB sparsity 21.2%
gen 37 offspring [18/100] k= 17 (used  17.0) c=0.962 alpha=-0.215 beta=+0.354 | loss 3.6492 (delta +0.7639) size 246.5 MB sparsity 25.6%
gen 37 offspring [19/100] k= 34 (used  33.0) c=0.971 alpha=-0.251 beta=+0.366 | loss 3.3381 (delta +0.4528) size 292.8 MB sparsity 25.5%
gen 37 offspring [20/100] k= 17 (used  17.0) c=0.849 alpha=-0.207 beta=+0.410 | loss 3.6665 (delta +0.7811) size 243.9 MB sparsity 26.7%
gen 37 offspring [21/100] k= 33 (used  33.0) c=0.856 alpha=-0.134 beta=+0.045 | loss 3.0086 (delta +0.1232) size 338.2 MB sparsity 10.8%
gen 37 offspring [22/100] k= 17 (used  17.0) c=0.978 alpha=-0.145 beta=+0.298 | loss 3.5563 (delta +0.6710) size 251.4 MB sparsity 23.6%
gen 37 offspring [23/100] k= 34 (used  33.0) c=0.978 alpha=-0.185 beta=+0.353 | loss 3.2163 (delta +0.3309) size 302.2 MB sparsity 22.5%
gen 37 offspring [24/100] k= 32 (used  31.0) c=0.995 alpha=-0.277 beta=+0.352 | loss 3.3872 (delta +0.5019) size 291.1 MB sparsity 26.1%
gen 37 offspring [25/100] k= 26 (used  25.0) c=0.984 alpha=-0.093 beta=+0.041 | loss 3.1179 (delta +0.2325) size 309.5 MB sparsity 14.5%
gen 37 offspring [26/100] k= 69 (used  68.8) c=0.994 alpha=-0.275 beta=+0.352 | loss 3.2941 (delta +0.4088) size 383.5 MB sparsity 25.8%
gen 37 offspring [27/100] k= 17 (used  17.0) c=0.839 alpha=-0.216 beta=+0.296 | loss 3.5027 (delta +0.6174) size 253.7 MB sparsity 22.7%
gen 37 offspring [28/100] k= 56 (used  55.0) c=0.992 alpha=-0.165 beta=+0.096 | loss 2.9545 (delta +0.0691) size 371.5 MB sparsity 11.2%
gen 37 offspring [29/100] k= 33 (used  33.0) c=0.986 alpha=-0.290 beta=+0.365 | loss 3.4099 (delta +0.5245) size 288.1 MB sparsity 27.0%
gen 37 offspring [30/100] k= 17 (used  17.0) c=0.953 alpha=-0.262 beta=+0.431 | loss 3.8760 (delta +0.9907) size 237.2 MB sparsity 29.4%
gen 37 offspring [31/100] k=124 (used 124.0) c=0.983 alpha=-0.043 beta=+0.042 | loss 2.8943 (delta +0.0089) size 433.3 MB sparsity 3.8%
gen 37 offspring [32/100] k=125 (used 123.5) c=0.979 alpha=-0.029 beta=+0.438 | loss 4.4245 (delta +1.5391) size 412.3 MB sparsity 19.1%
gen 37 offspring [33/100] k= 16 (used  16.0) c=0.849 alpha=-0.215 beta=+0.300 | loss 3.5623 (delta +0.6770) size 246.3 MB sparsity 23.8%
gen 37 offspring [34/100] k= 33 (used  33.0) c=0.976 alpha=-0.255 beta=+0.050 | loss 3.0687 (delta +0.1834) size 321.6 MB sparsity 16.2%
gen 37 offspring [35/100] k= 30 (used  30.0) c=0.851 alpha=-0.178 beta=+0.301 | loss 3.1757 (delta +0.2903) size 308.2 MB sparsity 20.2%
gen 37 offspring [36/100] k= 32 (used  31.0) c=0.976 alpha=-0.319 beta=+0.352 | loss 3.4800 (delta +0.5946) size 286.1 MB sparsity 27.7%
gen 37 offspring [37/100] k= 34 (used  33.0) c=0.976 alpha=-0.236 beta=+0.352 | loss 3.2778 (delta +0.3924) size 296.1 MB sparsity 24.4%
gen 37 offspring [38/100] k= 17 (used  17.0) c=0.976 alpha=-0.259 beta=+0.438 | loss 3.8445 (delta +0.9591) size 236.5 MB sparsity 29.7%
gen 37 offspring [39/100] k= 31 (used  31.0) c=0.849 alpha=-0.207 beta=+0.517 | loss 14.3753 (delta +11.4899) size 280.9 MB sparsity 29.3%
gen 37 offspring [40/100] k= 16 (used  16.0) c=0.846 alpha=-0.191 beta=+0.359 | loss 3.6565 (delta +0.7712) size 245.0 MB sparsity 25.6%
gen 37 offspring [41/100] k= 33 (used  33.0) c=0.975 alpha=-0.207 beta=+0.310 | loss 3.1941 (delta +0.3087) size 304.6 MB sparsity 21.7%
gen 37 offspring [42/100] k= 33 (used  33.0) c=0.980 alpha=-0.194 beta=+0.391 | loss 3.2967 (delta +0.4114) size 296.7 MB sparsity 24.2%
gen 37 offspring [43/100] k= 16 (used  16.0) c=0.868 alpha=-0.155 beta=+0.434 | loss 3.8168 (delta +0.9314) size 239.2 MB sparsity 28.6%
gen 37 offspring [44/100] k= 16 (used  15.0) c=0.944 alpha=-0.167 beta=+0.242 | loss 3.8051 (delta +0.9198) size 245.5 MB sparsity 23.6%
gen 37 offspring [45/100] k= 57 (used  56.9) c=0.975 alpha=-0.251 beta=+0.366 | loss 3.2791 (delta +0.3937) size 339.4 MB sparsity 25.3%
gen 37 offspring [46/100] k= 18 (used  17.0) c=0.995 alpha=-0.135 beta=+0.385 | loss 3.7098 (delta +0.8245) size 243.4 MB sparsity 26.9%
gen 37 offspring [47/100] k= 34 (used  34.0) c=0.945 alpha=-0.206 beta=+0.337 | loss 3.2451 (delta +0.3597) size 349.4 MB sparsity 22.6%
gen 37 offspring [48/100] k= 17 (used  17.0) c=0.979 alpha=-0.193 beta=+0.441 | loss 3.7912 (delta +0.9059) size 238.8 MB sparsity 28.7%
gen 37 offspring [49/100] k= 16 (used  16.0) c=0.849 alpha=-0.105 beta=+0.321 | loss 3.5962 (delta +0.7108) size 245.9 MB sparsity 24.3%
gen 37 offspring [50/100] k=129 (used 128.4) c=0.857 alpha=-0.041 beta=+0.237 | loss 2.9831 (delta +0.0978) size 440.2 MB sparsity 11.7%
gen 37 offspring [51/100] k= 18 (used  17.0) c=0.995 alpha=-0.206 beta=+0.341 | loss 3.6265 (delta +0.7412) size 247.1 MB sparsity 25.4%
gen 37 offspring [52/100] k= 29 (used  29.0) c=0.994 alpha=-0.111 beta=+0.270 | loss 3.1331 (delta +0.2478) size 309.2 MB sparsity 17.7%
gen 37 offspring [53/100] k=143 (used 143.0) c=0.996 alpha=-0.043 beta=+0.042 | loss 2.8925 (delta +0.0072) size 495.0 MB sparsity 3.7%
gen 37 offspring [54/100] k= 29 (used  29.0) c=0.976 alpha=-0.001 beta=+0.057 | loss 3.0498 (delta +0.1644) size 309.8 MB sparsity 12.4%
gen 37 offspring [55/100] k= 17 (used  17.0) c=0.831 alpha=-0.204 beta=+0.434 | loss 3.7459 (delta +0.8606) size 242.3 MB sparsity 27.3%
gen 37 offspring [56/100] k= 34 (used  33.0) c=0.998 alpha=-0.251 beta=+0.335 | loss 3.2895 (delta +0.4042) size 296.3 MB sparsity 24.4%
gen 37 offspring [57/100] k= 34 (used  34.0) c=0.867 alpha=-0.240 beta=+0.288 | loss 3.3009 (delta +0.4156) size 351.8 MB sparsity 22.0%
gen 37 offspring [58/100] k= 16 (used  16.0) c=0.849 alpha=-0.216 beta=+0.354 | loss 3.6327 (delta +0.7473) size 245.0 MB sparsity 25.7%
gen 37 offspring [59/100] k= 32 (used  32.0) c=0.918 alpha=-0.059 beta=+0.261 | loss 3.0717 (delta +0.1864) size 309.7 MB sparsity 16.4%
gen 37 offspring [60/100] k= 16 (used  16.0) c=0.849 alpha=-0.191 beta=+0.176 | loss 3.5090 (delta +0.6237) size 246.8 MB sparsity 21.2%
gen 37 offspring [61/100] k= 26 (used  26.0) c=0.928 alpha=-0.061 beta=+0.077 | loss 3.0949 (delta +0.2095) size 309.7 MB sparsity 13.7%
gen 37 offspring [62/100] k= 17 (used  17.0) c=0.945 alpha=-0.111 beta=+0.249 | loss 3.4925 (delta +0.6072) size 256.2 MB sparsity 21.7%
gen 37 offspring [63/100] k= 32 (used  31.0) c=0.987 alpha=-0.245 beta=+0.435 | loss 3.4586 (delta +0.5732) size 285.3 MB sparsity 27.9%
gen 37 offspring [64/100] k= 70 (used  70.0) c=0.976 alpha=-0.108 beta=+0.115 | loss 2.9312 (delta +0.0459) size 433.3 MB sparsity 9.6%
gen 37 offspring [65/100] k= 16 (used  16.0) c=0.855 alpha=-0.216 beta=+0.428 | loss 3.7766 (delta +0.8913) size 239.6 MB sparsity 28.4%
gen 37 offspring [66/100] k= 17 (used  17.0) c=0.859 alpha=-0.271 beta=+0.436 | loss 3.8714 (delta +0.9860) size 236.8 MB sparsity 29.5%
gen 37 offspring [67/100] k= 33 (used  33.0) c=0.976 alpha=-0.218 beta=+0.352 | loss 3.2496 (delta +0.3643) size 298.3 MB sparsity 23.7%
gen 37 offspring [68/100] k= 17 (used  17.0) c=0.974 alpha=-0.216 beta=+0.233 | loss 3.5174 (delta +0.6320) size 255.6 MB sparsity 21.9%
gen 37 offspring [69/100] k= 33 (used  33.0) c=0.849 alpha=-0.335 beta=+0.372 | loss 3.5651 (delta +0.6798) size 282.1 MB sparsity 29.0%
gen 37 offspring [70/100] k= 32 (used  31.0) c=0.980 alpha=-0.153 beta=+0.266 | loss 3.1097 (delta +0.2244) size 309.4 MB sparsity 18.1%
gen 37 offspring [71/100] k= 17 (used  17.0) c=0.849 alpha=-0.154 beta=+0.329 | loss 3.4925 (delta +0.6071) size 252.5 MB sparsity 23.2%
gen 37 offspring [72/100] k= 16 (used  16.0) c=0.847 alpha=-0.080 beta=+0.321 | loss 3.6024 (delta +0.7171) size 245.9 MB sparsity 24.3%
gen 37 offspring [73/100] k= 28 (used  28.0) c=0.930 alpha=-0.010 beta=+0.115 | loss 3.0733 (delta +0.1879) size 309.8 MB sparsity 12.8%
gen 37 offspring [74/100] k= 34 (used  33.0) c=0.972 alpha=-0.230 beta=+0.300 | loss 3.2143 (delta +0.3290) size 303.0 MB sparsity 22.2%
gen 37 offspring [75/100] k= 17 (used  17.0) c=0.850 alpha=-0.216 beta=+0.231 | loss 3.4047 (delta +0.5193) size 259.0 MB sparsity 20.6%
gen 37 offspring [76/100] k= 64 (used  64.0) c=0.899 alpha=-0.061 beta=+0.064 | loss 2.9195 (delta +0.0341) size 371.5 MB sparsity 5.9%
gen 37 offspring [77/100] k= 17 (used  17.0) c=0.869 alpha=-0.214 beta=+0.294 | loss 3.4887 (delta +0.6033) size 253.6 MB sparsity 22.7%
gen 37 offspring [78/100] k= 18 (used  18.0) c=0.846 alpha=-0.216 beta=+0.432 | loss 3.6994 (delta +0.8141) size 286.2 MB sparsity 27.6%
gen 37 offspring [79/100] k= 17 (used  17.0) c=0.992 alpha=-0.255 beta=+0.042 | loss 3.5658 (delta +0.6804) size 254.2 MB sparsity 22.5%
gen 37 offspring [80/100] k= 16 (used  16.0) c=0.849 alpha=-0.217 beta=+0.354 | loss 3.6234 (delta +0.7381) size 245.0 MB sparsity 25.7%
gen 37 offspring [81/100] k= 33 (used  33.0) c=0.969 alpha=-0.180 beta=+0.357 | loss 3.2241 (delta +0.3387) size 302.3 MB sparsity 22.4%
gen 37 offspring [82/100] k= 16 (used  15.0) c=0.973 alpha=-0.124 beta=+0.362 | loss 3.9595 (delta +1.0741) size 242.0 MB sparsity 27.4%
gen 37 offspring [83/100] k= 16 (used  15.0) c=0.987 alpha=-0.283 beta=+0.443 | loss 4.1901 (delta +1.3047) size 232.6 MB sparsity 31.3%
gen 37 offspring [84/100] k= 33 (used  33.0) c=0.978 alpha=-0.167 beta=+0.298 | loss 3.1334 (delta +0.2481) size 310.8 MB sparsity 19.7%
gen 37 offspring [85/100] k= 34 (used  33.0) c=0.978 alpha=-0.245 beta=+0.336 | loss 3.2698 (delta +0.3845) size 297.1 MB sparsity 24.1%
gen 37 offspring [86/100] k= 17 (used  17.0) c=0.922 alpha=-0.154 beta=+0.257 | loss 3.4778 (delta +0.5925) size 256.4 MB sparsity 21.6%
gen 37 offspring [87/100] k= 17 (used  17.0) c=0.885 alpha=-0.191 beta=+0.151 | loss 3.4113 (delta +0.5259) size 261.6 MB sparsity 19.5%
gen 37 offspring [88/100] k=233 (used 233.0) c=0.979 alpha=-0.029 beta=+0.042 | loss 2.8888 (delta +0.0035) size 495.1 MB sparsity 3.0%
gen 37 offspring [89/100] k= 16 (used  16.0) c=0.849 alpha=-0.216 beta=+0.241 | loss 3.5304 (delta +0.6450) size 246.8 MB sparsity 22.1%
gen 37 offspring [90/100] k= 17 (used  17.0) c=0.849 alpha=-0.216 beta=+0.301 | loss 3.4749 (delta +0.5895) size 253.2 MB sparsity 22.9%
gen 37 offspring [91/100] k= 30 (used  29.0) c=0.984 alpha=-0.163 beta=+0.445 | loss 3.4683 (delta +0.5830) size 293.3 MB sparsity 25.3%
gen 37 offspring [92/100] k= 34 (used  33.0) c=0.992 alpha=-0.152 beta=+0.111 | loss 3.0116 (delta +0.1263) size 333.0 MB sparsity 12.5%
gen 37 offspring [93/100] k= 17 (used  17.0) c=0.849 alpha=-0.217 beta=+0.219 | loss 3.3898 (delta +0.5044) size 259.8 MB sparsity 20.2%
gen 37 offspring [94/100] k= 31 (used  31.0) c=0.993 alpha=-0.210 beta=+0.245 | loss 3.1546 (delta +0.2693) size 309.0 MB sparsity 19.4%
gen 37 offspring [95/100] k= 17 (used  17.0) c=0.985 alpha=-0.271 beta=+0.438 | loss 3.8950 (delta +1.0096) size 235.5 MB sparsity 30.1%
gen 37 offspring [96/100] k= 81 (used  81.0) c=0.992 alpha=-0.101 beta=+0.094 | loss 2.9132 (delta +0.0278) size 433.3 MB sparsity 8.3%
gen 37 offspring [97/100] k= 33 (used  33.0) c=0.975 alpha=-0.230 beta=+0.410 | loss 3.3674 (delta +0.4821) size 290.1 MB sparsity 26.4%
gen 37 offspring [98/100] k= 17 (used  17.0) c=0.829 alpha=-0.216 beta=+0.185 | loss 3.4090 (delta +0.5237) size 262.2 MB sparsity 19.3%
gen 37 offspring [99/100] k= 34 (used  33.0) c=0.976 alpha=-0.220 beta=+0.262 | loss 3.1543 (delta +0.2690) size 308.8 MB sparsity 20.3%
gen 37 offspring [100/100] k= 16 (used  16.0) c=0.849 alpha=-0.207 beta=+0.301 | loss 3.5705 (delta +0.6852) size 246.2 MB sparsity 23.8%
=== generation 37/50 done in 462s (0 reused), batch baseline 2.8854, HV 0.36727, front 100 points, 100/100 feasible, best delta loss +0.0032, smallest 235.6 MB
gen 38 offspring [1/100] k= 28 (used  28.0) c=0.851 alpha=-0.251 beta=+0.329 | loss 3.3609 (delta +0.4755) size 297.0 MB sparsity 24.2%
gen 38 offspring [2/100] k= 17 (used  17.0) c=0.986 alpha=-0.206 beta=+0.438 | loss 3.8035 (delta +0.9182) size 238.8 MB sparsity 28.7%
gen 38 offspring [3/100] k= 17 (used  17.0) c=0.978 alpha=-0.328 beta=+0.438 | loss 4.0193 (delta +1.1339) size 231.0 MB sparsity 31.9%
gen 38 offspring [4/100] k=233 (used 230.7) c=0.978 alpha=-0.318 beta=+0.051 | loss 3.0348 (delta +0.1494) size 481.7 MB sparsity 15.2%
gen 38 offspring [5/100] k= 33 (used  33.0) c=0.994 alpha=-0.230 beta=+0.300 | loss 3.2232 (delta +0.3378) size 303.0 MB sparsity 22.2%
gen 38 offspring [6/100] k= 38 (used  38.0) c=0.856 alpha=-0.252 beta=+0.179 | loss 3.1161 (delta +0.2308) size 366.1 MB sparsity 18.1%
gen 38 offspring [7/100] k= 33 (used  33.0) c=0.976 alpha=-0.218 beta=+0.298 | loss 3.1889 (delta +0.3035) size 304.7 MB sparsity 21.6%
gen 38 offspring [8/100] k= 17 (used  17.0) c=0.849 alpha=-0.216 beta=+0.428 | loss 3.7102 (delta +0.8249) size 241.8 MB sparsity 27.5%
gen 38 offspring [9/100] k= 33 (used  33.0) c=0.976 alpha=-0.284 beta=+0.355 | loss 3.3603 (delta +0.4749) size 290.1 MB sparsity 26.4%
gen 38 offspring [10/100] k=137 (used 137.0) c=0.992 alpha=-0.043 beta=+0.034 | loss 2.8925 (delta +0.0071) size 495.0 MB sparsity 3.5%
gen 38 offspring [11/100] k= 32 (used  32.0) c=0.912 alpha=-0.017 beta=+0.365 | loss 3.2074 (delta +0.3220) size 307.6 MB sparsity 20.4%
gen 38 offspring [12/100] k= 17 (used  17.0) c=0.848 alpha=-0.028 beta=+0.292 | loss 3.4497 (delta +0.5644) size 255.9 MB sparsity 21.8%
gen 38 offspring [13/100] k= 17 (used  17.0) c=0.856 alpha=-0.193 beta=+0.441 | loss 3.7856 (delta +0.9003) size 241.7 MB sparsity 27.6%
gen 38 offspring [14/100] k= 16 (used  16.0) c=0.836 alpha=-0.154 beta=+0.332 | loss 3.6737 (delta +0.7883) size 245.8 MB sparsity 24.5%
gen 38 offspring [15/100] k= 29 (used  29.0) c=0.993 alpha=-0.206 beta=+0.419 | loss 3.4099 (delta +0.5246) size 291.6 MB sparsity 25.9%
gen 38 offspring [16/100] k= 25 (used  25.0) c=0.945 alpha=-0.011 beta=+0.011 | loss 3.1118 (delta +0.2264) size 309.7 MB sparsity 14.0%
gen 38 offspring [17/100] k= 16 (used  16.0) c=0.847 alpha=-0.182 beta=+0.373 | loss 3.6691 (delta +0.7838) size 244.4 MB sparsity 26.1%
gen 38 offspring [18/100] k= 18 (used  17.0) c=0.976 alpha=-0.215 beta=+0.376 | loss 3.6757 (delta +0.7904) size 244.2 MB sparsity 26.5%
gen 38 offspring [19/100] k= 34 (used  33.0) c=0.976 alpha=-0.206 beta=+0.337 | loss 3.2150 (delta +0.3297) size 301.6 MB sparsity 22.7%
gen 38 offspring [20/100] k= 17 (used  17.0) c=0.975 alpha=-0.287 beta=+0.116 | loss 3.5895 (delta +0.7042) size 252.3 MB sparsity 23.3%
gen 38 offspring [21/100] k= 16 (used  16.0) c=0.849 alpha=-0.191 beta=+0.325 | loss 3.5979 (delta +0.7125) size 245.8 MB sparsity 24.5%
gen 38 offspring [22/100] k= 67 (used  67.0) c=0.979 alpha=-0.019 beta=+0.045 | loss 2.9174 (delta +0.0321) size 433.3 MB sparsity 5.4%
gen 38 offspring [23/100] k= 31 (used  31.0) c=0.945 alpha=-0.162 beta=+0.249 | loss 3.0874 (delta +0.2021) size 309.6 MB sparsity 17.6%
gen 38 offspring [24/100] k= 70 (used  70.0) c=0.951 alpha=-0.021 beta=+0.115 | loss 2.9184 (delta +0.0330) size 433.3 MB sparsity 7.4%
gen 38 offspring [25/100] k= 34 (used  33.0) c=0.980 alpha=-0.119 beta=+0.315 | loss 3.1309 (delta +0.2456) size 313.5 MB sparsity 18.8%
gen 38 offspring [26/100] k= 25 (used  25.0) c=0.848 alpha=-0.083 beta=+0.349 | loss 3.2675 (delta +0.3821) size 307.0 MB sparsity 20.7%
gen 38 offspring [27/100] k= 17 (used  17.0) c=0.994 alpha=-0.169 beta=+0.264 | loss 3.5468 (delta +0.6614) size 253.5 MB sparsity 22.8%
gen 38 offspring [28/100] k= 29 (used  29.0) c=0.886 alpha=-0.103 beta=+0.038 | loss 3.0185 (delta +0.1332) size 309.8 MB sparsity 11.3%
gen 38 offspring [29/100] k= 17 (used  17.0) c=0.979 alpha=-0.217 beta=+0.352 | loss 3.6141 (delta +0.7287) size 246.3 MB sparsity 25.7%
gen 38 offspring [30/100] k= 16 (used  15.0) c=0.978 alpha=-0.001 beta=+0.414 | loss 4.0361 (delta +1.1507) size 237.4 MB sparsity 29.3%
gen 38 offspring [31/100] k= 33 (used  33.0) c=0.975 alpha=-0.231 beta=+0.341 | loss 3.2515 (delta +0.3662) size 298.0 MB sparsity 23.8%
gen 38 offspring [32/100] k= 33 (used  33.0) c=0.976 alpha=-0.405 beta=+0.352 | loss 3.5882 (delta +0.7029) size 276.0 MB sparsity 30.9%
gen 38 offspring [33/100] k= 16 (used  15.0) c=0.976 alpha=-0.191 beta=+0.179 | loss 3.8590 (delta +0.9736) size 245.0 MB sparsity 24.1%
gen 38 offspring [34/100] k= 33 (used  33.0) c=0.977 alpha=-0.109 beta=+0.425 | loss 3.3516 (delta +0.4663) size 301.3 MB sparsity 22.8%
gen 38 offspring [35/100] k= 18 (used  17.0) c=0.995 alpha=-0.215 beta=+0.283 | loss 3.5858 (delta +0.7004) size 251.7 MB sparsity 23.5%
gen 38 offspring [36/100] k=128 (used 128.0) c=0.983 alpha=-0.043 beta=+0.044 | loss 2.8938 (delta +0.0084) size 433.3 MB sparsity 3.8%
gen 38 offspring [37/100] k= 16 (used  16.0) c=0.856 alpha=-0.226 beta=+0.302 | loss 3.5878 (delta +0.7025) size 246.1 MB sparsity 24.1%
gen 38 offspring [38/100] k= 32 (used  31.0) c=0.976 alpha=-0.251 beta=+0.438 | loss 3.4785 (delta +0.5932) size 284.3 MB sparsity 28.2%
gen 38 offspring [39/100] k= 32 (used  31.0) c=0.995 alpha=-0.091 beta=+0.008 | loss 3.0206 (delta +0.1352) size 309.8 MB sparsity 11.8%
gen 38 offspring [40/100] k= 33 (used  33.0) c=0.975 alpha=-0.206 beta=+0.310 | loss 3.1921 (delta +0.3067) size 304.8 MB sparsity 21.6%
gen 38 offspring [41/100] k= 23 (used  23.0) c=0.864 alpha=-0.224 beta=+0.447 | loss 3.6136 (delta +0.7282) size 286.0 MB sparsity 27.7%
gen 38 offspring [42/100] k= 17 (used  17.0) c=0.838 alpha=-0.154 beta=+0.320 | loss 3.5058 (delta +0.6204) size 253.7 MB sparsity 22.7%
gen 38 offspring [43/100] k= 18 (used  18.0) c=0.849 alpha=-0.023 beta=+0.264 | loss 3.4018 (delta +0.5164) size 305.7 MB sparsity 20.9%
gen 38 offspring [44/100] k= 17 (used  17.0) c=0.849 alpha=-0.213 beta=+0.286 | loss 3.4633 (delta +0.5780) size 254.7 MB sparsity 22.3%
gen 38 offspring [45/100] k= 31 (used  31.0) c=0.983 alpha=-0.100 beta=+0.029 | loss 3.0265 (delta +0.1412) size 309.8 MB sparsity 11.7%
gen 38 offspring [46/100] k= 17 (used  17.0) c=0.971 alpha=-0.206 beta=+0.299 | loss 3.5485 (delta +0.6632) size 251.3 MB sparsity 23.7%
gen 38 offspring [47/100] k= 55 (used  54.9) c=0.976 alpha=-0.275 beta=+0.395 | loss 3.3902 (delta +0.5048) size 331.6 MB sparsity 27.4%
gen 38 offspring [48/100] k= 32 (used  31.0) c=0.978 alpha=-0.009 beta=+0.331 | loss 3.1637 (delta +0.2783) size 308.4 MB sparsity 19.5%
gen 38 offspring [49/100] k= 58 (used  58.0) c=0.974 alpha=-0.217 beta=+0.184 | loss 3.0290 (delta +0.1437) size 370.4 MB sparsity 16.8%
gen 38 offspring [50/100] k= 16 (used  15.0) c=0.976 alpha=-0.282 beta=+0.352 | loss 3.9989 (delta +1.1136) size 240.5 MB sparsity 28.1%
gen 38 offspring [51/100] k= 62 (used  61.0) c=0.994 alpha=-0.184 beta=+0.096 | loss 2.9591 (delta +0.0737) size 371.5 MB sparsity 11.9%
gen 38 offspring [52/100] k= 16 (used  16.0) c=0.849 alpha=-0.207 beta=+0.301 | loss 3.5705 (delta +0.6852) size 246.2 MB sparsity 23.8%
gen 38 offspring [53/100] k= 16 (used  16.0) c=0.843 alpha=-0.207 beta=+0.261 | loss 3.5576 (delta +0.6723) size 246.8 MB sparsity 22.4%
gen 38 offspring [54/100] k= 32 (used  31.0) c=0.985 alpha=-0.091 beta=+0.041 | loss 3.0294 (delta +0.1441) size 309.8 MB sparsity 11.7%
gen 38 offspring [55/100] k= 33 (used  33.0) c=0.980 alpha=-0.230 beta=+0.038 | loss 3.0470 (delta +0.1617) size 324.6 MB sparsity 15.2%
gen 38 offspring [56/100] k= 34 (used  33.0) c=0.972 alpha=-0.210 beta=+0.287 | loss 3.1728 (delta +0.2874) size 307.0 MB sparsity 20.9%
gen 38 offspring [57/100] k= 17 (used  17.0) c=0.987 alpha=-0.245 beta=+0.467 | loss 3.9430 (delta +1.0577) size 234.7 MB sparsity 30.4%
gen 38 offspring [58/100] k= 17 (used  17.0) c=0.907 alpha=-0.154 beta=+0.329 | loss 3.5703 (delta +0.6850) size 250.8 MB sparsity 23.9%
gen 38 offspring [59/100] k= 17 (used  17.0) c=0.977 alpha=-0.152 beta=+0.168 | loss 3.5077 (delta +0.6224) size 257.2 MB sparsity 21.3%
gen 38 offspring [60/100] k= 31 (used  31.0) c=0.962 alpha=-0.162 beta=+0.189 | loss 3.0542 (delta +0.1688) size 309.8 MB sparsity 15.4%
gen 38 offspring [61/100] k= 65 (used  65.0) c=0.992 alpha=-0.140 beta=+0.081 | loss 2.9346 (delta +0.0492) size 397.8 MB sparsity 9.6%
gen 38 offspring [62/100] k= 56 (used  56.0) c=0.946 alpha=-0.107 beta=+0.061 | loss 2.9321 (delta +0.0467) size 371.5 MB sparsity 7.9%
gen 38 offspring [63/100] k= 36 (used  35.0) c=0.995 alpha=-0.263 beta=+0.350 | loss 3.3367 (delta +0.4513) size 339.4 MB sparsity 25.3%
gen 38 offspring [64/100] k= 17 (used  17.0) c=0.987 alpha=-0.255 beta=+0.539 | loss 16.1245 (delta +13.2391) size 227.9 MB sparsity 33.1%
gen 38 offspring [65/100] k= 56 (used  55.9) c=0.976 alpha=-0.182 beta=+0.417 | loss 3.2798 (delta +0.3945) size 342.4 MB sparsity 24.5%
gen 38 offspring [66/100] k= 16 (used  16.0) c=0.849 alpha=-0.204 beta=+0.166 | loss 3.5031 (delta +0.6178) size 246.8 MB sparsity 21.2%
gen 38 offspring [67/100] k= 22 (used  22.0) c=0.937 alpha=-0.128 beta=+0.115 | loss 3.2100 (delta +0.3247) size 308.7 MB sparsity 16.5%
gen 38 offspring [68/100] k= 28 (used  28.0) c=0.940 alpha=-0.011 beta=+0.011 | loss 3.0696 (delta +0.1843) size 309.8 MB sparsity 12.9%
gen 38 offspring [69/100] k= 35 (used  35.0) c=0.978 alpha=-0.336 beta=+0.336 | loss 3.4156 (delta +0.5303) size 330.8 MB sparsity 27.7%
gen 38 offspring [70/100] k= 18 (used  17.0) c=0.978 alpha=-0.290 beta=+0.195 | loss 3.5909 (delta +0.7056) size 252.0 MB sparsity 23.4%
gen 38 offspring [71/100] k=137 (used 137.0) c=0.842 alpha=-0.043 beta=+0.034 | loss 2.9234 (delta +0.0380) size 495.0 MB sparsity 3.4%
gen 38 offspring [72/100] k= 71 (used  71.0) c=0.916 alpha=-0.061 beta=+0.055 | loss 2.9168 (delta +0.0314) size 433.3 MB sparsity 5.4%
gen 38 offspring [73/100] k= 33 (used  33.0) c=0.976 alpha=-0.194 beta=+0.442 | loss 3.3982 (delta +0.5129) size 290.7 MB sparsity 26.2%
gen 38 offspring [74/100] k=240 (used 237.9) c=0.878 alpha=-0.255 beta=+0.011 | loss 2.9803 (delta +0.0950) size 495.0 MB sparsity 11.2%
gen 38 offspring [75/100] k= 16 (used  16.0) c=0.847 alpha=-0.177 beta=+0.390 | loss 3.7110 (delta +0.8256) size 243.6 MB sparsity 26.7%
gen 38 offspring [76/100] k= 20 (used  20.0) c=0.849 alpha=-0.206 beta=+0.438 | loss 3.6444 (delta +0.7591) size 287.6 MB sparsity 27.2%
gen 38 offspring [77/100] k= 52 (used  51.0) c=0.982 alpha=-0.274 beta=+0.061 | loss 3.0280 (delta +0.1426) size 371.3 MB sparsity 14.9%
gen 38 offspring [78/100] k= 56 (used  55.0) c=0.992 alpha=-0.165 beta=+0.094 | loss 2.9550 (delta +0.0697) size 371.5 MB sparsity 11.2%
gen 38 offspring [79/100] k= 16 (used  15.0) c=0.977 alpha=-0.269 beta=+0.438 | loss 4.1141 (delta +1.2287) size 233.9 MB sparsity 30.7%
gen 38 offspring [80/100] k= 18 (used  17.0) c=0.975 alpha=-0.271 beta=+0.329 | loss 3.7006 (delta +0.8153) size 245.2 MB sparsity 26.1%
gen 38 offspring [81/100] k= 18 (used  18.0) c=0.849 alpha=-0.219 beta=+0.314 | loss 3.4930 (delta +0.6076) size 299.1 MB sparsity 23.5%
gen 38 offspring [82/100] k= 34 (used  34.0) c=0.940 alpha=-0.231 beta=+0.301 | loss 3.2360 (delta +0.3507) size 350.9 MB sparsity 22.2%
gen 38 offspring [83/100] k= 17 (used  17.0) c=0.987 alpha=-0.255 beta=+0.406 | loss 3.8019 (delta +0.9166) size 239.4 MB sparsity 28.5%
gen 38 offspring [84/100] k=119 (used 119.0) c=0.992 alpha=-0.043 beta=+0.051 | loss 2.8993 (delta +0.0140) size 433.3 MB sparsity 4.2%
gen 38 offspring [85/100] k= 30 (used  29.0) c=0.985 alpha=-0.196 beta=+0.186 | loss 3.1152 (delta +0.2299) size 309.7 MB sparsity 16.7%
gen 38 offspring [86/100] k= 17 (used  17.0) c=0.849 alpha=-0.217 beta=+0.445 | loss 3.7838 (delta +0.8985) size 240.3 MB sparsity 28.1%
gen 38 offspring [87/100] k= 29 (used  29.0) c=0.994 alpha=-0.135 beta=+0.273 | loss 3.1403 (delta +0.2549) size 309.2 MB sparsity 18.1%
gen 38 offspring [88/100] k= 32 (used  31.0) c=0.979 alpha=-0.134 beta=+0.045 | loss 3.0254 (delta +0.1401) size 309.8 MB sparsity 12.2%
gen 38 offspring [89/100] k= 16 (used  16.0) c=0.835 alpha=-0.143 beta=+0.299 | loss 3.6254 (delta +0.7400) size 246.4 MB sparsity 23.4%
gen 38 offspring [90/100] k= 17 (used  17.0) c=0.945 alpha=-0.241 beta=+0.249 | loss 3.5253 (delta +0.6399) size 254.2 MB sparsity 22.5%
gen 38 offspring [91/100] k= 17 (used  17.0) c=0.816 alpha=-0.182 beta=+0.264 | loss 3.4523 (delta +0.5669) size 258.8 MB sparsity 20.6%
gen 38 offspring [92/100] k= 16 (used  15.0) c=0.994 alpha=-0.111 beta=+0.261 | loss 3.8513 (delta +0.9660) size 244.6 MB sparsity 24.9%
gen 38 offspring [93/100] k= 17 (used  17.0) c=0.849 alpha=-0.216 beta=+0.264 | loss 3.4375 (delta +0.5522) size 256.3 MB sparsity 21.6%
gen 38 offspring [94/100] k= 25 (used  25.0) c=0.987 alpha=-0.121 beta=+0.244 | loss 3.1811 (delta +0.2957) size 308.9 MB sparsity 17.7%
gen 38 offspring [95/100] k= 31 (used  31.0) c=0.945 alpha=-0.163 beta=+0.257 | loss 3.0976 (delta +0.2123) size 309.5 MB sparsity 18.0%
gen 38 offspring [96/100] k= 86 (used  85.0) c=0.992 alpha=-0.157 beta=+0.111 | loss 2.9357 (delta +0.0504) size 433.3 MB sparsity 11.3%
gen 38 offspring [97/100] k= 30 (used  29.0) c=0.979 alpha=-0.163 beta=+0.438 | loss 3.4350 (delta +0.5497) size 294.2 MB sparsity 25.1%
gen 38 offspring [98/100] k= 31 (used  31.0) c=0.976 alpha=-0.259 beta=+0.432 | loss 3.4787 (delta +0.5934) size 284.0 MB sparsity 28.3%
gen 38 offspring [99/100] k= 16 (used  16.0) c=0.849 alpha=-0.202 beta=+0.299 | loss 3.5551 (delta +0.6698) size 246.3 MB sparsity 23.7%
gen 38 offspring [100/100] k= 17 (used  17.0) c=0.883 alpha=-0.142 beta=+0.432 | loss 3.7550 (delta +0.8697) size 242.4 MB sparsity 27.3%
=== generation 38/50 done in 461s (0 reused), batch baseline 2.8854, HV 0.36731, front 100 points, 100/100 feasible, best delta loss +0.0032, smallest 235.6 MB
gen 39 offspring [1/100] k= 17 (used  17.0) c=0.978 alpha=-0.231 beta=+0.412 | loss 3.7444 (delta +0.8590) size 240.4 MB sparsity 28.1%
gen 39 offspring [2/100] k= 32 (used  32.0) c=0.869 alpha=-0.224 beta=+0.314 | loss 3.2624 (delta +0.3770) size 302.3 MB sparsity 22.4%
gen 39 offspring [3/100] k= 28 (used  27.0) c=0.992 alpha=-0.045 beta=+0.042 | loss 3.0976 (delta +0.2123) size 309.7 MB sparsity 13.6%
gen 39 offspring [4/100] k= 33 (used  33.0) c=0.965 alpha=-0.290 beta=+0.373 | loss 3.4196 (delta +0.5343) size 287.3 MB sparsity 27.3%
gen 39 offspring [5/100] k= 24 (used  23.0) c=0.979 alpha=-0.205 beta=+0.438 | loss 3.5970 (delta +0.7117) size 288.3 MB sparsity 27.0%
gen 39 offspring [6/100] k= 32 (used  32.0) c=0.905 alpha=-0.103 beta=+0.038 | loss 3.0073 (delta +0.1219) size 309.8 MB sparsity 10.9%
gen 39 offspring [7/100] k= 29 (used  29.0) c=0.940 alpha=-0.011 beta=+0.267 | loss 3.0999 (delta +0.2145) size 309.5 MB sparsity 17.2%
gen 39 offspring [8/100] k= 17 (used  17.0) c=0.965 alpha=-0.132 beta=+0.505 | loss 15.9074 (delta +13.0221) size 233.7 MB sparsity 30.8%
gen 39 offspring [9/100] k= 17 (used  17.0) c=0.849 alpha=-0.207 beta=+0.299 | loss 3.4687 (delta +0.5833) size 253.9 MB sparsity 22.6%
gen 39 offspring [10/100] k= 33 (used  33.0) c=0.944 alpha=-0.091 beta=+0.041 | loss 2.9951 (delta +0.1098) size 338.9 MB sparsity 10.6%
gen 39 offspring [11/100] k= 32 (used  31.0) c=0.984 alpha=-0.142 beta=+0.230 | loss 3.0749 (delta +0.1896) size 309.7 MB sparsity 16.3%
gen 39 offspring [12/100] k= 33 (used  33.0) c=0.980 alpha=-0.250 beta=+0.352 | loss 3.3023 (delta +0.4170) size 294.4 MB sparsity 25.0%
gen 39 offspring [13/100] k= 17 (used  17.0) c=0.977 alpha=-0.246 beta=+0.246 | loss 3.5575 (delta +0.6722) size 253.3 MB sparsity 22.9%
gen 39 offspring [14/100] k= 32 (used  32.0) c=0.918 alpha=-0.197 beta=+0.268 | loss 3.1397 (delta +0.2544) size 308.9 MB sparsity 19.7%
gen 39 offspring [15/100] k= 16 (used  15.0) c=0.987 alpha=-0.012 beta=+0.186 | loss 3.8882 (delta +1.0029) size 244.8 MB sparsity 24.4%
gen 39 offspring [16/100] k= 34 (used  33.0) c=0.978 alpha=-0.245 beta=+0.339 | loss 3.2745 (delta +0.3891) size 296.6 MB sparsity 24.3%
gen 39 offspring [17/100] k= 16 (used  15.0) c=0.992 alpha=-0.178 beta=+0.360 | loss 3.9731 (delta +1.0877) size 241.5 MB sparsity 27.6%
gen 39 offspring [18/100] k= 33 (used  33.0) c=0.975 alpha=-0.150 beta=+0.423 | loss 3.3438 (delta +0.4585) size 298.0 MB sparsity 23.8%
gen 39 offspring [19/100] k= 20 (used  20.0) c=0.899 alpha=-0.065 beta=+0.082 | loss 3.3070 (delta +0.4216) size 308.0 MB sparsity 17.6%
gen 39 offspring [20/100] k= 17 (used  17.0) c=0.991 alpha=-0.206 beta=+0.438 | loss 3.8033 (delta +0.9179) size 238.7 MB sparsity 28.8%
gen 39 offspring [21/100] k= 18 (used  17.0) c=0.996 alpha=-0.214 beta=+0.376 | loss 3.6957 (delta +0.8104) size 243.8 MB sparsity 26.7%
gen 39 offspring [22/100] k=128 (used 127.6) c=0.983 alpha=-0.222 beta=+0.042 | loss 2.9468 (delta +0.0615) size 433.3 MB sparsity 11.1%
gen 39 offspring [23/100] k= 17 (used  17.0) c=0.987 alpha=-0.255 beta=+0.437 | loss 3.8496 (delta +0.9643) size 236.7 MB sparsity 29.6%
gen 39 offspring [24/100] k= 16 (used  16.0) c=0.849 alpha=-0.134 beta=+0.329 | loss 3.6036 (delta +0.7182) size 245.7 MB sparsity 24.6%
gen 39 offspring [25/100] k=236 (used 232.8) c=0.978 alpha=-0.032 beta=+0.396 | loss 3.2889 (delta +0.4035) size 470.6 MB sparsity 17.5%
gen 39 offspring [26/100] k= 80 (used  78.6) c=0.992 alpha=-0.101 beta=+0.358 | loss 3.1263 (delta +0.2409) size 413.2 MB sparsity 18.9%
gen 39 offspring [27/100] k= 33 (used  33.0) c=0.844 alpha=-0.251 beta=+0.352 | loss 3.3807 (delta +0.4953) size 294.5 MB sparsity 25.0%
gen 39 offspring [28/100] k= 34 (used  34.0) c=0.918 alpha=-0.208 beta=+0.268 | loss 3.1627 (delta +0.2773) size 359.1 MB sparsity 20.0%
gen 39 offspring [29/100] k= 17 (used  17.0) c=0.849 alpha=-0.212 beta=+0.228 | loss 3.3973 (delta +0.5120) size 259.5 MB sparsity 20.4%
gen 39 offspring [30/100] k= 17 (used  17.0) c=0.981 alpha=-0.273 beta=+0.256 | loss 3.6138 (delta +0.7284) size 250.7 MB sparsity 23.9%
gen 39 offspring [31/100] k= 17 (used  17.0) c=0.976 alpha=-0.002 beta=+0.159 | loss 3.5110 (delta +0.6256) size 257.3 MB sparsity 21.3%
gen 39 offspring [32/100] k= 62 (used  62.0) c=0.982 alpha=-0.217 beta=+0.172 | loss 3.0331 (delta +0.1477) size 371.0 MB sparsity 16.3%
gen 39 offspring [33/100] k= 18 (used  17.0) c=0.992 alpha=-0.022 beta=+0.094 | loss 3.5360 (delta +0.6506) size 256.4 MB sparsity 21.6%
gen 39 offspring [34/100] k= 32 (used  32.0) c=0.945 alpha=-0.163 beta=+0.257 | loss 3.1039 (delta +0.2185) size 309.5 MB sparsity 18.0%
gen 39 offspring [35/100] k= 34 (used  33.0) c=0.972 alpha=-0.236 beta=+0.354 | loss 3.2884 (delta +0.4031) size 296.0 MB sparsity 24.5%
gen 39 offspring [36/100] k= 33 (used  33.0) c=0.975 alpha=-0.298 beta=+0.438 | loss 3.5317 (delta +0.6463) size 278.8 MB sparsity 30.0%
gen 39 offspring [37/100] k= 17 (used  17.0) c=0.979 alpha=-0.245 beta=+0.336 | loss 3.6364 (delta +0.7510) size 246.4 MB sparsity 25.7%
gen 39 offspring [38/100] k= 33 (used  33.0) c=0.994 alpha=-0.105 beta=+0.261 | loss 3.0797 (delta +0.1943) size 320.4 MB sparsity 16.5%
gen 39 offspring [39/100] k= 17 (used  17.0) c=0.849 alpha=-0.176 beta=+0.274 | loss 3.4300 (delta +0.5446) size 257.3 MB sparsity 21.3%
gen 39 offspring [40/100] k= 33 (used  33.0) c=0.990 alpha=-0.094 beta=+0.241 | loss 3.0652 (delta +0.1799) size 323.1 MB sparsity 15.7%
gen 39 offspring [41/100] k= 32 (used  31.0) c=0.992 alpha=-0.036 beta=+0.042 | loss 3.0241 (delta +0.1387) size 309.8 MB sparsity 11.8%
gen 39 offspring [42/100] k= 17 (used  17.0) c=0.849 alpha=-0.137 beta=+0.228 | loss 3.3827 (delta +0.4974) size 261.1 MB sparsity 19.7%
gen 39 offspring [43/100] k=231 (used 231.0) c=0.978 alpha=-0.027 beta=+0.038 | loss 2.8892 (delta +0.0038) size 495.1 MB sparsity 2.8%
gen 39 offspring [44/100] k= 32 (used  32.0) c=0.916 alpha=-0.168 beta=+0.308 | loss 3.1543 (delta +0.2690) size 308.4 MB sparsity 20.1%
gen 39 offspring [45/100] k= 63 (used  62.9) c=0.975 alpha=-0.206 beta=+0.340 | loss 3.1790 (delta +0.2937) size 349.7 MB sparsity 22.6%
gen 39 offspring [46/100] k= 16 (used  16.0) c=0.849 alpha=-0.194 beta=+0.490 | loss 15.6358 (delta +12.7504) size 234.8 MB sparsity 30.4%
gen 39 offspring [47/100] k= 33 (used  33.0) c=0.979 alpha=-0.008 beta=+0.011 | loss 2.9981 (delta +0.1127) size 337.7 MB sparsity 10.9%
gen 39 offspring [48/100] k= 17 (used  17.0) c=0.972 alpha=-0.215 beta=+0.432 | loss 3.7732 (delta +0.8878) size 239.5 MB sparsity 28.5%
gen 39 offspring [49/100] k=119 (used 118.7) c=0.992 alpha=-0.227 beta=+0.111 | loss 2.9677 (delta +0.0823) size 432.6 MB sparsity 14.1%
gen 39 offspring [50/100] k= 27 (used  27.0) c=0.921 alpha=-0.017 beta=+0.011 | loss 3.0825 (delta +0.1972) size 309.8 MB sparsity 12.6%
gen 39 offspring [51/100] k= 18 (used  18.0) c=0.847 alpha=-0.215 beta=+0.436 | loss 3.7119 (delta +0.8265) size 285.8 MB sparsity 27.8%
gen 39 offspring [52/100] k= 17 (used  17.0) c=0.970 alpha=-0.230 beta=+0.365 | loss 3.6403 (delta +0.7549) size 244.7 MB sparsity 26.3%
gen 39 offspring [53/100] k=132 (used 131.5) c=0.987 alpha=-0.089 beta=+0.244 | loss 2.9702 (delta +0.0849) size 488.2 MB sparsity 13.9%
gen 39 offspring [54/100] k= 17 (used  17.0) c=0.972 alpha=-0.216 beta=+0.414 | loss 3.7465 (delta +0.8611) size 240.9 MB sparsity 27.9%
gen 39 offspring [55/100] k= 32 (used  31.0) c=0.976 alpha=-0.243 beta=+0.310 | loss 3.2811 (delta +0.3958) size 300.1 MB sparsity 23.1%
gen 39 offspring [56/100] k= 34 (used  33.0) c=0.973 alpha=-0.167 beta=+0.287 | loss 3.1195 (delta +0.2342) size 312.1 MB sparsity 19.3%
gen 39 offspring [57/100] k= 17 (used  17.0) c=0.849 alpha=-0.169 beta=+0.011 | loss 3.3789 (delta +0.4936) size 263.7 MB sparsity 18.7%
gen 39 offspring [58/100] k= 33 (used  33.0) c=0.850 alpha=-0.277 beta=+0.336 | loss 3.3843 (delta +0.4989) size 293.4 MB sparsity 25.3%
gen 39 offspring [59/100] k= 16 (used  16.0) c=0.869 alpha=-0.206 beta=+0.261 | loss 3.5643 (delta +0.6790) size 246.5 MB sparsity 22.8%
gen 39 offspring [60/100] k= 27 (used  27.0) c=0.980 alpha=-0.194 beta=+0.298 | loss 3.2587 (delta +0.3734) size 306.6 MB sparsity 21.0%
gen 39 offspring [61/100] k= 18 (used  18.0) c=0.846 alpha=-0.201 beta=+0.316 | loss 3.4788 (delta +0.5935) size 300.3 MB sparsity 23.1%
gen 39 offspring [62/100] k= 34 (used  33.0) c=0.997 alpha=-0.259 beta=+0.366 | loss 3.3546 (delta +0.4692) size 291.7 MB sparsity 25.8%
gen 39 offspring [63/100] k= 17 (used  17.0) c=0.845 alpha=-0.207 beta=+0.477 | loss 5.4104 (delta +2.5251) size 238.1 MB sparsity 29.0%
gen 39 offspring [64/100] k= 33 (used  33.0) c=0.979 alpha=-0.170 beta=+0.358 | loss 3.2107 (delta +0.3253) size 303.2 MB sparsity 22.1%
gen 39 offspring [65/100] k= 29 (used  29.0) c=0.849 alpha=-0.216 beta=+0.229 | loss 3.1509 (delta +0.2655) size 309.3 MB sparsity 18.9%
gen 39 offspring [66/100] k= 17 (used  17.0) c=0.848 alpha=-0.010 beta=+0.187 | loss 3.3715 (delta +0.4861) size 263.3 MB sparsity 18.8%
gen 39 offspring [67/100] k= 56 (used  56.0) c=0.846 alpha=-0.227 beta=+0.111 | loss 3.0211 (delta +0.1358) size 371.5 MB sparsity 14.2%
gen 39 offspring [68/100] k= 17 (used  17.0) c=0.849 alpha=-0.230 beta=+0.305 | loss 3.5333 (delta +0.6480) size 251.9 MB sparsity 23.4%
gen 39 offspring [69/100] k= 59 (used  58.9) c=0.849 alpha=-0.132 beta=+0.332 | loss 3.1252 (delta +0.2398) size 362.1 MB sparsity 19.2%
gen 39 offspring [70/100] k=137 (used 137.0) c=0.977 alpha=-0.018 beta=+0.042 | loss 2.8929 (delta +0.0076) size 495.0 MB sparsity 3.2%
gen 39 offspring [71/100] k= 17 (used  17.0) c=0.979 alpha=-0.194 beta=+0.442 | loss 3.7931 (delta +0.9077) size 238.8 MB sparsity 28.7%
gen 39 offspring [72/100] k= 17 (used  17.0) c=0.849 alpha=-0.006 beta=+0.299 | loss 3.4532 (delta +0.5679) size 255.2 MB sparsity 22.1%
gen 39 offspring [73/100] k= 17 (used  17.0) c=0.849 alpha=-0.216 beta=+0.306 | loss 3.4920 (delta +0.6067) size 252.7 MB sparsity 23.1%
gen 39 offspring [74/100] k= 30 (used  29.0) c=0.979 alpha=-0.154 beta=+0.045 | loss 3.0617 (delta +0.1763) size 309.8 MB sparsity 13.3%
gen 39 offspring [75/100] k= 17 (used  17.0) c=0.978 alpha=-0.245 beta=+0.040 | loss 3.5317 (delta +0.6463) size 255.3 MB sparsity 22.1%
gen 39 offspring [76/100] k= 17 (used  17.0) c=0.849 alpha=-0.149 beta=+0.108 | loss 3.3767 (delta +0.4913) size 263.8 MB sparsity 18.6%
gen 39 offspring [77/100] k= 16 (used  15.0) c=0.980 alpha=-0.161 beta=+0.329 | loss 3.9372 (delta +1.0518) size 243.6 MB sparsity 26.5%
gen 39 offspring [78/100] k= 33 (used  33.0) c=0.980 alpha=-0.194 beta=+0.298 | loss 3.1592 (delta +0.2738) size 307.7 MB sparsity 20.7%
gen 39 offspring [79/100] k= 16 (used  16.0) c=0.849 alpha=-0.154 beta=+0.228 | loss 3.5012 (delta +0.6159) size 246.8 MB sparsity 21.6%
gen 39 offspring [80/100] k= 16 (used  16.0) c=0.849 alpha=-0.207 beta=+0.503 | loss 15.8898 (delta +13.0044) size 233.5 MB sparsity 30.9%
gen 39 offspring [81/100] k= 29 (used  29.0) c=0.987 alpha=-0.264 beta=+0.436 | loss 3.5213 (delta +0.6359) size 282.8 MB sparsity 28.8%
gen 39 offspring [82/100] k= 16 (used  16.0) c=0.850 alpha=-0.339 beta=+0.301 | loss 3.7593 (delta +0.8740) size 242.0 MB sparsity 27.5%
gen 39 offspring [83/100] k= 49 (used  49.0) c=0.849 alpha=-0.181 beta=+0.300 | loss 3.1285 (delta +0.2431) size 359.3 MB sparsity 20.0%
gen 39 offspring [84/100] k= 70 (used  70.0) c=0.949 alpha=-0.006 beta=+0.081 | loss 2.9119 (delta +0.0265) size 433.3 MB sparsity 6.1%
gen 39 offspring [85/100] k= 56 (used  55.0) c=0.992 alpha=-0.184 beta=+0.094 | loss 2.9647 (delta +0.0793) size 371.5 MB sparsity 11.9%
gen 39 offspring [86/100] k= 17 (used  17.0) c=0.976 alpha=-0.229 beta=+0.365 | loss 3.6500 (delta +0.7646) size 244.7 MB sparsity 26.4%
gen 39 offspring [87/100] k= 34 (used  34.0) c=0.863 alpha=-0.224 beta=+0.410 | loss 3.4262 (delta +0.5408) size 336.7 MB sparsity 26.1%
gen 39 offspring [88/100] k= 29 (used  29.0) c=0.978 alpha=-0.296 beta=+0.348 | loss 3.4353 (delta +0.5499) size 289.2 MB sparsity 26.7%
gen 39 offspring [89/100] k= 17 (used  17.0) c=0.849 alpha=-0.174 beta=+0.286 | loss 3.4445 (delta +0.5592) size 256.3 MB sparsity 21.7%
gen 39 offspring [90/100] k= 31 (used  31.0) c=0.997 alpha=-0.256 beta=+0.338 | loss 3.3371 (delta +0.4517) size 295.2 MB sparsity 24.7%
gen 39 offspring [91/100] k=142 (used 141.9) c=0.979 alpha=-0.142 beta=+0.045 | loss 2.9098 (delta +0.0245) size 495.0 MB sparsity 7.9%
gen 39 offspring [92/100] k= 17 (used  17.0) c=0.850 alpha=-0.025 beta=+0.191 | loss 3.3728 (delta +0.4874) size 263.2 MB sparsity 18.9%
gen 39 offspring [93/100] k= 34 (used  33.0) c=0.978 alpha=-0.210 beta=+0.305 | loss 3.1899 (delta +0.3045) size 304.9 MB sparsity 21.6%
gen 39 offspring [94/100] k= 34 (used  33.0) c=0.976 alpha=-0.251 beta=+0.030 | loss 3.0636 (delta +0.1783) size 322.2 MB sparsity 16.0%
gen 39 offspring [95/100] k= 35 (used  35.0) c=0.901 alpha=-0.061 beta=+0.341 | loss 3.1647 (delta +0.2794) size 363.8 MB sparsity 18.8%
gen 39 offspring [96/100] k= 16 (used  16.0) c=0.858 alpha=-0.216 beta=+0.176 | loss 3.5473 (delta +0.6620) size 246.7 MB sparsity 21.6%
gen 39 offspring [97/100] k= 31 (used  31.0) c=0.965 alpha=-0.095 beta=+0.015 | loss 3.0248 (delta +0.1395) size 309.8 MB sparsity 11.5%
gen 39 offspring [98/100] k= 34 (used  34.0) c=0.853 alpha=-0.252 beta=+0.366 | loss 3.4053 (delta +0.5199) size 338.9 MB sparsity 25.5%
gen 39 offspring [99/100] k= 57 (used  57.0) c=0.992 alpha=-0.043 beta=+0.042 | loss 2.9314 (delta +0.0461) size 371.5 MB sparsity 6.4%
gen 39 offspring [100/100] k= 17 (used  17.0) c=0.849 alpha=-0.269 beta=+0.410 | loss 3.7886 (delta +0.9032) size 239.3 MB sparsity 28.5%
=== generation 39/50 done in 461s (0 reused), batch baseline 2.8854, HV 0.36762, front 100 points, 100/100 feasible, best delta loss +0.0032, smallest 235.6 MB
gen 40 offspring [1/100] k= 17 (used  17.0) c=0.978 alpha=-0.213 beta=+0.437 | loss 3.7799 (delta +0.8946) size 238.9 MB sparsity 28.7%
gen 40 offspring [2/100] k= 18 (used  18.0) c=0.938 alpha=-0.173 beta=+0.264 | loss 3.4983 (delta +0.6130) size 303.4 MB sparsity 22.0%
gen 40 offspring [3/100] k= 16 (used  16.0) c=0.800 alpha=-0.106 beta=+0.027 | loss 3.5777 (delta +0.6924) size 247.3 MB sparsity 20.0%
gen 40 offspring [4/100] k= 33 (used  33.0) c=0.975 alpha=-0.160 beta=+0.365 | loss 3.2088 (delta +0.3235) size 303.7 MB sparsity 22.0%
gen 40 offspring [5/100] k= 29 (used  29.0) c=0.856 alpha=-0.001 beta=+0.153 | loss 3.0239 (delta +0.1385) size 309.8 MB sparsity 12.3%
gen 40 offspring [6/100] k= 31 (used  31.0) c=0.945 alpha=-0.013 beta=+0.043 | loss 3.0094 (delta +0.1241) size 309.8 MB sparsity 11.3%
gen 40 offspring [7/100] k= 31 (used  31.0) c=0.967 alpha=-0.208 beta=+0.237 | loss 3.1483 (delta +0.2630) size 309.2 MB sparsity 18.9%
gen 40 offspring [8/100] k= 70 (used  69.5) c=0.951 alpha=-0.013 beta=+0.448 | loss 6.0278 (delta +3.1424) size 406.2 MB sparsity 20.6%
gen 40 offspring [9/100] k= 33 (used  33.0) c=0.848 alpha=-0.087 beta=+0.039 | loss 3.0020 (delta +0.1167) size 342.1 MB sparsity 9.5%
gen 40 offspring [10/100] k= 17 (used  17.0) c=0.979 alpha=-0.241 beta=+0.435 | loss 3.7945 (delta +0.9091) size 237.9 MB sparsity 29.1%
gen 40 offspring [11/100] k=137 (used 137.0) c=0.994 alpha=-0.034 beta=+0.044 | loss 2.8923 (delta +0.0069) size 495.0 MB sparsity 3.5%
gen 40 offspring [12/100] k= 29 (used  29.0) c=0.994 alpha=-0.111 beta=+0.094 | loss 3.0780 (delta +0.1926) size 309.8 MB sparsity 12.7%
gen 40 offspring [13/100] k= 24 (used  23.0) c=0.992 alpha=-0.336 beta=+0.111 | loss 3.4132 (delta +0.5278) size 303.7 MB sparsity 22.0%
gen 40 offspring [14/100] k= 34 (used  33.0) c=0.977 alpha=-0.284 beta=+0.353 | loss 3.3520 (delta +0.4667) size 290.4 MB sparsity 26.3%
gen 40 offspring [15/100] k= 16 (used  16.0) c=0.849 alpha=-0.191 beta=+0.366 | loss 3.6515 (delta +0.7661) size 244.6 MB sparsity 25.9%
gen 40 offspring [16/100] k= 64 (used  64.0) c=0.848 alpha=-0.025 beta=+0.078 | loss 2.9295 (delta +0.0442) size 371.5 MB sparsity 5.9%
gen 40 offspring [17/100] k= 33 (used  33.0) c=0.975 alpha=-0.218 beta=+0.298 | loss 3.1902 (delta +0.3048) size 304.7 MB sparsity 21.6%
gen 40 offspring [18/100] k= 36 (used  35.0) c=0.976 alpha=-0.174 beta=+0.307 | loss 3.1606 (delta +0.2752) size 358.3 MB sparsity 20.2%
gen 40 offspring [19/100] k= 34 (used  33.0) c=0.985 alpha=-0.232 beta=+0.228 | loss 3.1527 (delta +0.2674) size 311.5 MB sparsity 19.5%
gen 40 offspring [20/100] k= 17 (used  17.0) c=0.852 alpha=-0.117 beta=+0.276 | loss 3.4469 (delta +0.5616) size 257.2 MB sparsity 21.3%
gen 40 offspring [21/100] k= 56 (used  55.0) c=0.996 alpha=-0.214 beta=+0.299 | loss 3.1543 (delta +0.2690) size 354.3 MB sparsity 21.3%
gen 40 offspring [22/100] k= 16 (used  16.0) c=0.856 alpha=-0.192 beta=+0.122 | loss 3.5206 (delta +0.6352) size 246.8 MB sparsity 21.3%
gen 40 offspring [23/100] k= 52 (used  52.0) c=0.979 alpha=-0.096 beta=+0.329 | loss 3.1009 (delta +0.2155) size 367.3 MB sparsity 17.8%
gen 40 offspring [24/100] k= 17 (used  17.0) c=0.852 alpha=-0.209 beta=+0.435 | loss 3.7449 (delta +0.8595) size 241.6 MB sparsity 27.6%
gen 40 offspring [25/100] k= 16 (used  16.0) c=0.849 alpha=-0.166 beta=+0.228 | loss 3.5017 (delta +0.6163) size 246.8 MB sparsity 21.6%
gen 40 offspring [26/100] k= 17 (used  17.0) c=0.847 alpha=-0.207 beta=+0.439 | loss 3.7488 (delta +0.8635) size 241.4 MB sparsity 27.7%
gen 40 offspring [27/100] k=236 (used 236.0) c=0.992 alpha=-0.032 beta=+0.044 | loss 2.8895 (delta +0.0041) size 495.1 MB sparsity 3.2%
gen 40 offspring [28/100] k= 64 (used  64.0) c=0.899 alpha=-0.061 beta=+0.110 | loss 2.9247 (delta +0.0393) size 371.5 MB sparsity 7.6%
gen 40 offspring [29/100] k= 39 (used  39.0) c=0.921 alpha=-0.104 beta=+0.298 | loss 3.0946 (delta +0.2092) size 369.1 MB sparsity 17.2%
gen 40 offspring [30/100] k= 17 (used  17.0) c=0.944 alpha=-0.216 beta=+0.298 | loss 3.5640 (delta +0.6787) size 251.7 MB sparsity 23.5%
gen 40 offspring [31/100] k= 32 (used  31.0) c=0.991 alpha=-0.150 beta=+0.298 | loss 3.1437 (delta +0.2583) size 308.9 MB sparsity 19.2%
gen 40 offspring [32/100] k=128 (used 128.0) c=0.935 alpha=-0.043 beta=+0.040 | loss 2.9006 (delta +0.0152) size 433.3 MB sparsity 3.6%
gen 40 offspring [33/100] k= 34 (used  33.0) c=0.976 alpha=-0.259 beta=+0.352 | loss 3.3100 (delta +0.4247) size 293.4 MB sparsity 25.3%
gen 40 offspring [34/100] k= 18 (used  17.0) c=0.994 alpha=-0.215 beta=+0.297 | loss 3.5705 (delta +0.6852) size 250.6 MB sparsity 24.0%
gen 40 offspring [35/100] k= 17 (used  17.0) c=0.966 alpha=-0.281 beta=+0.410 | loss 3.8474 (delta +0.9620) size 237.3 MB sparsity 29.3%
gen 40 offspring [36/100] k= 17 (used  17.0) c=0.848 alpha=-0.207 beta=+0.415 | loss 3.6759 (delta +0.7905) size 243.5 MB sparsity 26.8%
gen 40 offspring [37/100] k= 18 (used  17.0) c=0.993 alpha=-0.093 beta=+0.006 | loss 3.5382 (delta +0.6528) size 256.4 MB sparsity 21.6%
gen 40 offspring [38/100] k= 29 (used  29.0) c=0.994 alpha=-0.059 beta=+0.056 | loss 3.0777 (delta +0.1923) size 309.8 MB sparsity 12.7%
gen 40 offspring [39/100] k= 35 (used  35.0) c=0.851 alpha=-0.242 beta=+0.399 | loss 3.4082 (delta +0.5229) size 335.6 MB sparsity 26.4%
gen 40 offspring [40/100] k= 23 (used  23.0) c=0.975 alpha=-0.231 beta=+0.341 | loss 3.4536 (delta +0.5683) size 296.6 MB sparsity 24.3%
gen 40 offspring [41/100] k= 16 (used  16.0) c=0.849 alpha=-0.183 beta=+0.273 | loss 3.5498 (delta +0.6645) size 246.6 MB sparsity 22.7%
gen 40 offspring [42/100] k= 17 (used  17.0) c=0.973 alpha=-0.228 beta=+0.115 | loss 3.5137 (delta +0.6284) size 256.4 MB sparsity 21.6%
gen 40 offspring [43/100] k= 28 (used  27.0) c=0.996 alpha=-0.210 beta=+0.298 | loss 3.2720 (delta +0.3866) size 304.8 MB sparsity 21.6%
gen 40 offspring [44/100] k= 17 (used  17.0) c=0.968 alpha=-0.207 beta=+0.416 | loss 3.7461 (delta +0.8608) size 241.2 MB sparsity 27.8%
gen 40 offspring [45/100] k= 16 (used  16.0) c=0.849 alpha=-0.032 beta=+0.246 | loss 3.5211 (delta +0.6357) size 246.8 MB sparsity 22.0%
gen 40 offspring [46/100] k= 16 (used  16.0) c=0.856 alpha=-0.184 beta=+0.293 | loss 3.5614 (delta +0.6760) size 246.3 MB sparsity 23.5%
gen 40 offspring [47/100] k= 18 (used  17.0) c=0.996 alpha=-0.246 beta=+0.377 | loss 3.7402 (delta +0.8549) size 242.3 MB sparsity 27.3%
gen 40 offspring [48/100] k= 28 (used  28.0) c=0.851 alpha=-0.008 beta=+0.011 | loss 3.0439 (delta +0.1586) size 309.8 MB sparsity 11.7%
gen 40 offspring [49/100] k= 32 (used  32.0) c=0.915 alpha=-0.150 beta=+0.366 | loss 3.2128 (delta +0.3274) size 304.6 MB sparsity 21.7%
gen 40 offspring [50/100] k= 19 (used  19.0) c=0.852 alpha=-0.258 beta=+0.237 | loss 3.4302 (delta +0.5448) size 304.9 MB sparsity 21.6%
gen 40 offspring [51/100] k= 16 (used  15.0) c=0.975 alpha=-0.154 beta=+0.329 | loss 3.9368 (delta +1.0514) size 243.7 MB sparsity 26.4%
gen 40 offspring [52/100] k=127 (used 127.0) c=0.998 alpha=-0.043 beta=+0.059 | loss 2.8951 (delta +0.0097) size 433.3 MB sparsity 4.4%
gen 40 offspring [53/100] k= 17 (used  17.0) c=0.968 alpha=-0.216 beta=+0.435 | loss 3.7765 (delta +0.8912) size 239.2 MB sparsity 28.6%
gen 40 offspring [54/100] k= 20 (used  19.0) c=0.976 alpha=-0.259 beta=+0.124 | loss 3.4181 (delta +0.5328) size 305.5 MB sparsity 20.9%
gen 40 offspring [55/100] k= 16 (used  15.0) c=0.945 alpha=-0.230 beta=+0.361 | loss 3.8821 (delta +0.9967) size 242.7 MB sparsity 27.2%
gen 40 offspring [56/100] k= 19 (used  19.0) c=0.849 alpha=-0.207 beta=+0.343 | loss 3.4524 (delta +0.5670) size 298.4 MB sparsity 23.7%
gen 40 offspring [57/100] k= 32 (used  31.0) c=0.991 alpha=-0.043 beta=+0.299 | loss 3.1316 (delta +0.2463) size 309.1 MB sparsity 18.3%
gen 40 offspring [58/100] k= 56 (used  55.0) c=0.992 alpha=-0.251 beta=+0.258 | loss 3.1696 (delta +0.2843) size 354.9 MB sparsity 21.2%
gen 40 offspring [59/100] k= 59 (used  58.8) c=0.979 alpha=-0.257 beta=+0.431 | loss 3.3955 (delta +0.5101) size 329.4 MB sparsity 28.1%
gen 40 offspring [60/100] k= 33 (used  33.0) c=0.980 alpha=-0.250 beta=+0.294 | loss 3.2321 (delta +0.3467) size 301.4 MB sparsity 22.7%
gen 40 offspring [61/100] k= 29 (used  29.0) c=0.975 alpha=-0.251 beta=+0.325 | loss 3.3329 (delta +0.4475) size 297.3 MB sparsity 24.0%
gen 40 offspring [62/100] k= 17 (used  17.0) c=0.899 alpha=-0.061 beta=+0.190 | loss 3.4383 (delta +0.5529) size 260.9 MB sparsity 19.8%
gen 40 offspring [63/100] k= 33 (used  33.0) c=0.976 alpha=-0.231 beta=+0.341 | loss 3.2556 (delta +0.3702) size 298.0 MB sparsity 23.8%
gen 40 offspring [64/100] k= 34 (used  33.0) c=0.978 alpha=-0.209 beta=+0.318 | loss 3.2045 (delta +0.3192) size 303.4 MB sparsity 22.1%
gen 40 offspring [65/100] k= 19 (used  19.0) c=0.849 alpha=-0.150 beta=+0.335 | loss 3.4006 (delta +0.5153) size 302.6 MB sparsity 22.3%
gen 40 offspring [66/100] k= 31 (used  31.0) c=0.942 alpha=-0.162 beta=+0.249 | loss 3.0942 (delta +0.2088) size 309.6 MB sparsity 17.6%
gen 40 offspring [67/100] k= 16 (used  16.0) c=0.849 alpha=-0.167 beta=+0.097 | loss 3.5127 (delta +0.6274) size 246.8 MB sparsity 21.2%
gen 40 offspring [68/100] k= 17 (used  17.0) c=0.976 alpha=-0.272 beta=+0.509 | loss 7.1675 (delta +4.2822) size 229.4 MB sparsity 32.5%
gen 40 offspring [69/100] k= 17 (used  17.0) c=0.846 alpha=-0.152 beta=+0.023 | loss 3.3834 (delta +0.4981) size 263.9 MB sparsity 18.6%
gen 40 offspring [70/100] k= 16 (used  15.0) c=0.987 alpha=-0.146 beta=+0.375 | loss 4.0109 (delta +1.1255) size 240.4 MB sparsity 28.1%
gen 40 offspring [71/100] k= 16 (used  16.0) c=0.849 alpha=-0.152 beta=+0.398 | loss 3.7116 (delta +0.8262) size 242.9 MB sparsity 27.1%
gen 40 offspring [72/100] k= 17 (used  17.0) c=0.977 alpha=-0.271 beta=+0.263 | loss 3.6063 (delta +0.7209) size 250.5 MB sparsity 24.0%
gen 40 offspring [73/100] k= 58 (used  58.0) c=0.948 alpha=-0.176 beta=+0.031 | loss 2.9559 (delta +0.0706) size 371.5 MB sparsity 10.5%
gen 40 offspring [74/100] k= 18 (used  17.0) c=0.997 alpha=-0.173 beta=+0.376 | loss 3.6940 (delta +0.8087) size 244.1 MB sparsity 26.6%
gen 40 offspring [75/100] k= 32 (used  31.0) c=0.976 alpha=-0.331 beta=+0.038 | loss 3.2044 (delta +0.3191) size 308.5 MB sparsity 19.5%
gen 40 offspring [76/100] k= 70 (used  70.0) c=0.854 alpha=-0.006 beta=+0.084 | loss 2.9297 (delta +0.0443) size 433.3 MB sparsity 5.9%
gen 40 offspring [77/100] k= 17 (used  17.0) c=0.846 alpha=-0.033 beta=+0.331 | loss 3.4978 (delta +0.6124) size 252.4 MB sparsity 23.2%
gen 40 offspring [78/100] k= 33 (used  33.0) c=0.975 alpha=-0.200 beta=+0.224 | loss 3.0982 (delta +0.2129) size 315.9 MB sparsity 18.0%
gen 40 offspring [79/100] k= 18 (used  17.0) c=0.996 alpha=-0.245 beta=+0.420 | loss 3.8163 (delta +0.9310) size 238.7 MB sparsity 28.8%
gen 40 offspring [80/100] k= 33 (used  33.0) c=0.980 alpha=-0.257 beta=+0.377 | loss 3.3664 (delta +0.4810) size 290.7 MB sparsity 26.2%
gen 40 offspring [81/100] k= 33 (used  33.0) c=0.968 alpha=-0.290 beta=+0.352 | loss 3.3762 (delta +0.4908) size 289.7 MB sparsity 26.5%
gen 40 offspring [82/100] k= 31 (used  31.0) c=0.946 alpha=-0.162 beta=+0.244 | loss 3.0808 (delta +0.1955) size 309.7 MB sparsity 17.5%
gen 40 offspring [83/100] k= 33 (used  32.9) c=0.949 alpha=-0.254 beta=+0.643 | loss 15.8441 (delta +12.9587) size 262.1 MB sparsity 35.4%
gen 40 offspring [84/100] k= 32 (used  31.0) c=0.979 alpha=-0.092 beta=+0.246 | loss 3.0758 (delta +0.1905) size 309.7 MB sparsity 16.2%
gen 40 offspring [85/100] k= 19 (used  19.0) c=0.972 alpha=-0.219 beta=+0.432 | loss 3.6946 (delta +0.8093) size 285.7 MB sparsity 27.8%
gen 40 offspring [86/100] k= 29 (used  29.0) c=0.976 alpha=-0.001 beta=+0.153 | loss 3.0483 (delta +0.1629) size 309.8 MB sparsity 13.2%
gen 40 offspring [87/100] k= 17 (used  17.0) c=0.849 alpha=-0.137 beta=+0.229 | loss 3.3847 (delta +0.4993) size 261.0 MB sparsity 19.7%
gen 40 offspring [88/100] k= 66 (used  65.9) c=0.852 alpha=-0.012 beta=+0.302 | loss 3.0735 (delta +0.1882) size 430.2 MB sparsity 14.9%
gen 40 offspring [89/100] k= 17 (used  17.0) c=0.849 alpha=-0.216 beta=+0.241 | loss 3.4091 (delta +0.5238) size 258.3 MB sparsity 20.9%
gen 40 offspring [90/100] k= 17 (used  17.0) c=0.978 alpha=-0.241 beta=+0.438 | loss 3.8183 (delta +0.9330) size 237.6 MB sparsity 29.2%
gen 40 offspring [91/100] k= 34 (used  34.0) c=0.857 alpha=-0.216 beta=+0.331 | loss 3.2945 (delta +0.4092) size 348.9 MB sparsity 22.8%
gen 40 offspring [92/100] k= 16 (used  16.0) c=0.819 alpha=-0.147 beta=+0.329 | loss 3.6843 (delta +0.7990) size 246.1 MB sparsity 24.2%
gen 40 offspring [93/100] k= 34 (used  33.0) c=0.976 alpha=-0.260 beta=+0.188 | loss 3.1249 (delta +0.2396) size 312.9 MB sparsity 19.0%
gen 40 offspring [94/100] k= 17 (used  17.0) c=0.849 alpha=-0.259 beta=+0.431 | loss 3.8040 (delta +0.9187) size 238.3 MB sparsity 28.9%
gen 40 offspring [95/100] k= 16 (used  16.0) c=0.846 alpha=-0.151 beta=+0.282 | loss 3.5702 (delta +0.6849) size 246.5 MB sparsity 23.0%
gen 40 offspring [96/100] k= 80 (used  79.8) c=0.854 alpha=-0.216 beta=+0.229 | loss 3.0777 (delta +0.1924) size 414.9 MB sparsity 18.5%
gen 40 offspring [97/100] k= 17 (used  17.0) c=0.977 alpha=-0.217 beta=+0.432 | loss 3.7696 (delta +0.8843) size 239.3 MB sparsity 28.5%
gen 40 offspring [98/100] k= 17 (used  17.0) c=0.844 alpha=-0.207 beta=+0.267 | loss 3.4447 (delta +0.5594) size 256.8 MB sparsity 21.5%
gen 40 offspring [99/100] k= 17 (used  17.0) c=0.856 alpha=-0.194 beta=+0.183 | loss 3.3865 (delta +0.5012) size 262.5 MB sparsity 19.1%
gen 40 offspring [100/100] k= 16 (used  15.0) c=0.945 alpha=-0.013 beta=+0.081 | loss 3.8035 (delta +0.9182) size 245.5 MB sparsity 23.4%
=== generation 40/50 done in 461s (0 reused), batch baseline 2.8854, HV 0.36767, front 100 points, 100/100 feasible, best delta loss +0.0032, smallest 235.6 MB
gen 41 offspring [1/100] k= 17 (used  17.0) c=0.849 alpha=-0.216 beta=+0.428 | loss 3.7099 (delta +0.8245) size 241.8 MB sparsity 27.5%
gen 41 offspring [2/100] k= 33 (used  33.0) c=0.950 alpha=-0.303 beta=+0.352 | loss 3.4182 (delta +0.5328) size 288.1 MB sparsity 27.0%
gen 41 offspring [3/100] k= 16 (used  15.0) c=0.945 alpha=-0.162 beta=+0.249 | loss 3.8005 (delta +0.9152) size 245.5 MB sparsity 23.8%
gen 41 offspring [4/100] k= 34 (used  33.0) c=0.978 alpha=-0.209 beta=+0.297 | loss 3.1798 (delta +0.2945) size 306.0 MB sparsity 21.2%
gen 41 offspring [5/100] k= 16 (used  15.0) c=0.989 alpha=-0.153 beta=+0.107 | loss 3.8777 (delta +0.9924) size 244.7 MB sparsity 24.4%
gen 41 offspring [6/100] k=236 (used 235.7) c=0.978 alpha=-0.015 beta=+0.111 | loss 2.8973 (delta +0.0120) size 495.1 MB sparsity 5.4%
gen 41 offspring [7/100] k= 17 (used  17.0) c=0.979 alpha=-0.188 beta=+0.241 | loss 3.5236 (delta +0.6382) size 255.5 MB sparsity 22.0%
gen 41 offspring [8/100] k= 16 (used  16.0) c=0.847 alpha=-0.267 beta=+0.343 | loss 3.7031 (delta +0.8177) size 244.2 MB sparsity 26.5%
gen 41 offspring [9/100] k= 33 (used  33.0) c=0.980 alpha=-0.203 beta=+0.373 | loss 3.2726 (delta +0.3873) size 297.7 MB sparsity 23.9%
gen 41 offspring [10/100] k= 16 (used  15.0) c=0.980 alpha=-0.149 beta=+0.229 | loss 3.8610 (delta +0.9757) size 244.9 MB sparsity 24.3%
gen 41 offspring [11/100] k= 33 (used  33.0) c=0.933 alpha=-0.007 beta=+0.273 | loss 3.0916 (delta +0.2063) size 320.2 MB sparsity 16.6%
gen 41 offspring [12/100] k=123 (used 121.0) c=0.979 alpha=-0.283 beta=+0.431 | loss 3.4187 (delta +0.5334) size 369.3 MB sparsity 29.1%
gen 41 offspring [13/100] k= 17 (used  17.0) c=0.987 alpha=-0.256 beta=+0.442 | loss 3.8774 (delta +0.9921) size 236.2 MB sparsity 29.8%
gen 41 offspring [14/100] k= 18 (used  18.0) c=0.849 alpha=-0.184 beta=+0.305 | loss 3.4613 (delta +0.5759) size 302.2 MB sparsity 22.4%
gen 41 offspring [15/100] k= 16 (used  16.0) c=0.849 alpha=-0.227 beta=+0.325 | loss 3.6106 (delta +0.7252) size 245.7 MB sparsity 24.9%
gen 41 offspring [16/100] k= 33 (used  33.0) c=0.975 alpha=-0.084 beta=+0.037 | loss 2.9992 (delta +0.1139) size 337.9 MB sparsity 10.9%
gen 41 offspring [17/100] k= 26 (used  25.0) c=0.982 alpha=-0.088 beta=+0.029 | loss 3.1203 (delta +0.2349) size 309.6 MB sparsity 14.5%
gen 41 offspring [18/100] k= 34 (used  33.0) c=0.975 alpha=-0.234 beta=+0.257 | loss 3.1692 (delta +0.2838) size 307.7 MB sparsity 20.7%
gen 41 offspring [19/100] k= 17 (used  17.0) c=0.825 alpha=-0.271 beta=+0.229 | loss 3.5072 (delta +0.6218) size 255.3 MB sparsity 22.1%
gen 41 offspring [20/100] k= 17 (used  17.0) c=0.970 alpha=-0.230 beta=+0.569 | loss 16.2351 (delta +13.3498) size 227.1 MB sparsity 33.5%
gen 41 offspring [21/100] k= 32 (used  32.0) c=0.949 alpha=-0.210 beta=+0.276 | loss 3.1750 (delta +0.2897) size 307.7 MB sparsity 20.5%
gen 41 offspring [22/100] k= 33 (used  33.0) c=0.979 alpha=-0.250 beta=+0.045 | loss 3.0626 (delta +0.1773) size 322.2 MB sparsity 16.0%
gen 41 offspring [23/100] k= 26 (used  25.0) c=0.977 alpha=-0.331 beta=+0.352 | loss 3.6126 (delta +0.7273) size 284.2 MB sparsity 28.3%
gen 41 offspring [24/100] k= 17 (used  17.0) c=0.843 alpha=-0.213 beta=+0.286 | loss 3.4749 (delta +0.5896) size 254.8 MB sparsity 22.3%
gen 41 offspring [25/100] k= 32 (used  32.0) c=0.854 alpha=-0.216 beta=+0.186 | loss 3.1385 (delta +0.2531) size 309.7 MB sparsity 17.1%
gen 41 offspring [26/100] k= 25 (used  25.0) c=0.975 alpha=-0.230 beta=+0.304 | loss 3.3501 (delta +0.4648) size 301.6 MB sparsity 22.7%
gen 41 offspring [27/100] k= 17 (used  17.0) c=0.864 alpha=-0.224 beta=+0.654 | loss 16.4653 (delta +13.5800) size 222.0 MB sparsity 35.6%
gen 41 offspring [28/100] k= 17 (used  17.0) c=0.897 alpha=-0.061 beta=+0.077 | loss 3.4305 (delta +0.5452) size 261.3 MB sparsity 19.6%
gen 41 offspring [29/100] k= 33 (used  33.0) c=0.979 alpha=-0.154 beta=+0.034 | loss 3.0027 (delta +0.1174) size 333.5 MB sparsity 12.3%
gen 41 offspring [30/100] k= 16 (used  15.0) c=0.992 alpha=-0.241 beta=+0.435 | loss 4.0735 (delta +1.1881) size 234.9 MB sparsity 30.3%
gen 41 offspring [31/100] k= 17 (used  17.0) c=0.849 alpha=-0.216 beta=+0.041 | loss 3.3834 (delta +0.4980) size 261.9 MB sparsity 19.4%
gen 41 offspring [32/100] k= 57 (used  57.0) c=0.992 alpha=-0.043 beta=+0.044 | loss 2.9324 (delta +0.0470) size 371.5 MB sparsity 6.4%
gen 41 offspring [33/100] k= 33 (used  33.0) c=0.978 alpha=-0.231 beta=+0.341 | loss 3.2595 (delta +0.3741) size 298.0 MB sparsity 23.8%
gen 41 offspring [34/100] k= 17 (used  17.0) c=0.849 alpha=-0.236 beta=+0.308 | loss 3.5566 (delta +0.6712) size 251.2 MB sparsity 23.7%
gen 41 offspring [35/100] k= 31 (used  31.0) c=0.952 alpha=-0.017 beta=+0.014 | loss 3.0100 (delta +0.1247) size 309.8 MB sparsity 11.3%
gen 41 offspring [36/100] k=128 (used 128.0) c=0.983 alpha=-0.043 beta=+0.013 | loss 2.8933 (delta +0.0079) size 433.3 MB sparsity 3.3%
gen 41 offspring [37/100] k= 34 (used  33.0) c=0.979 alpha=-0.241 beta=+0.438 | loss 3.4406 (delta +0.5553) size 285.5 MB sparsity 27.9%
gen 41 offspring [38/100] k= 58 (used  57.0) c=0.993 alpha=-0.144 beta=+0.079 | loss 2.9376 (delta +0.0523) size 371.5 MB sparsity 9.8%
gen 41 offspring [39/100] k= 17 (used  17.0) c=0.923 alpha=-0.210 beta=+0.272 | loss 3.4831 (delta +0.5977) size 254.6 MB sparsity 22.4%
gen 41 offspring [40/100] k= 16 (used  16.0) c=0.849 alpha=-0.227 beta=+0.302 | loss 3.5781 (delta +0.6927) size 246.2 MB sparsity 24.1%
gen 41 offspring [41/100] k= 19 (used  19.0) c=0.848 alpha=-0.025 beta=+0.191 | loss 3.2576 (delta +0.3722) size 308.6 MB sparsity 17.3%
gen 41 offspring [42/100] k= 31 (used  31.0) c=0.921 alpha=-0.162 beta=+0.249 | loss 3.0883 (delta +0.2030) size 309.7 MB sparsity 17.6%
gen 41 offspring [43/100] k= 16 (used  16.0) c=0.849 alpha=-0.207 beta=+0.262 | loss 3.5337 (delta +0.6484) size 246.7 MB sparsity 22.5%
gen 41 offspring [44/100] k= 70 (used  70.0) c=0.979 alpha=-0.006 beta=+0.115 | loss 2.9204 (delta +0.0351) size 433.3 MB sparsity 7.5%
gen 41 offspring [45/100] k= 33 (used  33.0) c=0.975 alpha=-0.231 beta=+0.366 | loss 3.2949 (delta +0.4096) size 295.2 MB sparsity 24.7%
gen 41 offspring [46/100] k= 57 (used  56.8) c=0.851 alpha=-0.114 beta=+0.386 | loss 3.2333 (delta +0.3480) size 357.0 MB sparsity 20.6%
gen 41 offspring [47/100] k= 57 (used  57.0) c=0.996 alpha=-0.208 beta=+0.011 | loss 2.9614 (delta +0.0761) size 371.5 MB sparsity 11.9%
gen 41 offspring [48/100] k= 17 (used  17.0) c=0.976 alpha=-0.246 beta=+0.438 | loss 3.8228 (delta +0.9374) size 237.3 MB sparsity 29.3%
gen 41 offspring [49/100] k= 17 (used  17.0) c=0.849 alpha=-0.006 beta=+0.299 | loss 3.4532 (delta +0.5679) size 255.2 MB sparsity 22.1%
gen 41 offspring [50/100] k= 33 (used  33.0) c=0.980 alpha=-0.249 beta=+0.298 | loss 3.2373 (delta +0.3519) size 301.0 MB sparsity 22.9%
gen 41 offspring [51/100] k= 32 (used  32.0) c=0.849 alpha=-0.255 beta=+0.292 | loss 3.2921 (delta +0.4068) size 301.1 MB sparsity 22.8%
gen 41 offspring [52/100] k=133 (used 133.0) c=0.998 alpha=-0.011 beta=+0.036 | loss 2.8941 (delta +0.0087) size 495.0 MB sparsity 3.0%
gen 41 offspring [53/100] k= 34 (used  33.0) c=0.981 alpha=-0.307 beta=+0.363 | loss 3.4256 (delta +0.5403) size 286.4 MB sparsity 27.6%
gen 41 offspring [54/100] k= 18 (used  17.0) c=0.961 alpha=-0.043 beta=+0.042 | loss 3.5218 (delta +0.6364) size 258.0 MB sparsity 21.0%
gen 41 offspring [55/100] k= 17 (used  17.0) c=0.979 alpha=-0.240 beta=+0.435 | loss 3.7947 (delta +0.9094) size 237.9 MB sparsity 29.1%
gen 41 offspring [56/100] k= 17 (used  17.0) c=0.848 alpha=-0.008 beta=+0.207 | loss 3.3772 (delta +0.4918) size 262.5 MB sparsity 19.1%
gen 41 offspring [57/100] k= 17 (used  17.0) c=0.849 alpha=-0.203 beta=+0.215 | loss 3.3784 (delta +0.4931) size 260.9 MB sparsity 19.8%
gen 41 offspring [58/100] k= 17 (used  17.0) c=0.849 alpha=-0.216 beta=+0.259 | loss 3.4250 (delta +0.5397) size 256.8 MB sparsity 21.5%
gen 41 offspring [59/100] k= 32 (used  32.0) c=0.917 alpha=-0.206 beta=+0.311 | loss 3.2023 (delta +0.3169) size 304.6 MB sparsity 21.7%
gen 41 offspring [60/100] k= 34 (used  33.0) c=0.986 alpha=-0.236 beta=+0.373 | loss 3.3334 (delta +0.4481) size 293.7 MB sparsity 25.2%
gen 41 offspring [61/100] k= 29 (used  29.0) c=0.997 alpha=-0.107 beta=+0.300 | loss 3.1628 (delta +0.2775) size 308.7 MB sparsity 18.9%
gen 41 offspring [62/100] k= 17 (used  17.0) c=1.000 alpha=-0.216 beta=+0.438 | loss 3.8115 (delta +0.9262) size 238.3 MB sparsity 28.9%
gen 41 offspring [63/100] k= 16 (used  16.0) c=0.849 alpha=-0.217 beta=+0.266 | loss 3.5379 (delta +0.6526) size 246.6 MB sparsity 22.8%
gen 41 offspring [64/100] k= 35 (used  35.0) c=0.975 alpha=-0.135 beta=+0.375 | loss 3.2341 (delta +0.3488) size 354.0 MB sparsity 21.4%
gen 41 offspring [65/100] k= 34 (used  33.0) c=0.978 alpha=-0.230 beta=+0.336 | loss 3.2505 (delta +0.3651) size 298.8 MB sparsity 23.6%
gen 41 offspring [66/100] k= 17 (used  17.0) c=0.983 alpha=-0.259 beta=+0.438 | loss 3.8698 (delta +0.9844) size 236.4 MB sparsity 29.7%
gen 41 offspring [67/100] k= 22 (used  22.0) c=0.936 alpha=-0.011 beta=+0.011 | loss 3.2077 (delta +0.3223) size 308.7 MB sparsity 16.5%
gen 41 offspring [68/100] k= 17 (used  17.0) c=0.849 alpha=-0.207 beta=+0.265 | loss 3.4305 (delta +0.5451) size 256.9 MB sparsity 21.4%
gen 41 offspring [69/100] k= 58 (used  57.0) c=0.992 alpha=-0.158 beta=+0.111 | loss 2.9525 (delta +0.0672) size 371.5 MB sparsity 11.5%
gen 41 offspring [70/100] k= 65 (used  64.5) c=0.850 alpha=-0.193 beta=+0.415 | loss 3.3062 (delta +0.4209) size 341.2 MB sparsity 24.9%
gen 41 offspring [71/100] k= 16 (used  16.0) c=0.849 alpha=-0.060 beta=+0.228 | loss 3.5012 (delta +0.6159) size 246.8 MB sparsity 21.6%
gen 41 offspring [72/100] k= 70 (used  69.0) c=0.989 alpha=-0.227 beta=+0.112 | loss 2.9825 (delta +0.0971) size 432.3 MB sparsity 14.2%
gen 41 offspring [73/100] k= 33 (used  33.0) c=0.944 alpha=-0.095 beta=+0.428 | loss 3.3731 (delta +0.4878) size 301.7 MB sparsity 22.6%
gen 41 offspring [74/100] k=216 (used 216.0) c=0.966 alpha=-0.032 beta=+0.024 | loss 2.8902 (delta +0.0048) size 495.1 MB sparsity 2.4%
gen 41 offspring [75/100] k= 33 (used  33.0) c=0.994 alpha=-0.290 beta=+0.353 | loss 3.3799 (delta +0.4945) size 289.6 MB sparsity 26.5%
gen 41 offspring [76/100] k= 27 (used  27.0) c=0.994 alpha=-0.111 beta=+0.257 | loss 3.1476 (delta +0.2623) size 309.1 MB sparsity 17.7%
gen 41 offspring [77/100] k= 17 (used  17.0) c=0.985 alpha=-0.255 beta=+0.433 | loss 3.8409 (delta +0.9555) size 237.0 MB sparsity 29.5%
gen 41 offspring [78/100] k= 73 (used  72.8) c=0.980 alpha=-0.250 beta=+0.294 | loss 3.1700 (delta +0.2847) size 397.7 MB sparsity 22.5%
gen 41 offspring [79/100] k=138 (used 138.0) c=0.992 alpha=-0.031 beta=+0.042 | loss 2.8921 (delta +0.0067) size 495.0 MB sparsity 3.3%
gen 41 offspring [80/100] k= 17 (used  17.0) c=0.980 alpha=-0.194 beta=+0.298 | loss 3.5642 (delta +0.6788) size 251.3 MB sparsity 23.7%
gen 41 offspring [81/100] k= 34 (used  33.0) c=0.984 alpha=-0.219 beta=+0.351 | loss 3.2643 (delta +0.3790) size 298.3 MB sparsity 23.7%
gen 41 offspring [82/100] k= 30 (used  30.0) c=0.844 alpha=-0.169 beta=+0.264 | loss 3.1292 (delta +0.2439) size 309.5 MB sparsity 18.4%
gen 41 offspring [83/100] k= 16 (used  16.0) c=0.849 alpha=-0.217 beta=+0.300 | loss 3.5616 (delta +0.6763) size 246.3 MB sparsity 23.8%
gen 41 offspring [84/100] k= 16 (used  16.0) c=0.853 alpha=-0.040 beta=+0.355 | loss 3.6443 (delta +0.7589) size 245.0 MB sparsity 25.6%
gen 41 offspring [85/100] k= 34 (used  33.0) c=0.987 alpha=-0.211 beta=+0.318 | loss 3.2094 (delta +0.3241) size 303.1 MB sparsity 22.2%
gen 41 offspring [86/100] k= 17 (used  17.0) c=0.849 alpha=-0.216 beta=+0.422 | loss 3.6994 (delta +0.8140) size 242.3 MB sparsity 27.3%
gen 41 offspring [87/100] k= 17 (used  17.0) c=0.826 alpha=-0.216 beta=+0.268 | loss 3.4530 (delta +0.5677) size 256.5 MB sparsity 21.6%
gen 41 offspring [88/100] k= 70 (used  69.9) c=0.939 alpha=-0.299 beta=+0.115 | loss 3.0556 (delta +0.1703) size 420.4 MB sparsity 17.3%
gen 41 offspring [89/100] k=128 (used 128.0) c=0.983 alpha=-0.044 beta=+0.042 | loss 2.8931 (delta +0.0078) size 433.3 MB sparsity 3.8%
gen 41 offspring [90/100] k= 36 (used  35.0) c=0.994 alpha=-0.111 beta=+0.027 | loss 2.9922 (delta +0.1068) size 371.5 MB sparsity 10.7%
gen 41 offspring [91/100] k= 34 (used  34.0) c=0.916 alpha=-0.206 beta=+0.337 | loss 3.2433 (delta +0.3580) size 349.5 MB sparsity 22.6%
gen 41 offspring [92/100] k= 17 (used  17.0) c=0.977 alpha=-0.253 beta=+0.442 | loss 3.8576 (delta +0.9723) size 236.5 MB sparsity 29.7%
gen 41 offspring [93/100] k= 17 (used  17.0) c=0.849 alpha=-0.216 beta=+0.310 | loss 3.5008 (delta +0.6154) size 252.3 MB sparsity 23.3%
gen 41 offspring [94/100] k= 33 (used  33.0) c=0.944 alpha=-0.091 beta=+0.008 | loss 2.9951 (delta +0.1098) size 338.9 MB sparsity 10.6%
gen 41 offspring [95/100] k= 18 (used  18.0) c=0.849 alpha=-0.010 beta=+0.262 | loss 3.4001 (delta +0.5148) size 305.8 MB sparsity 20.8%
gen 41 offspring [96/100] k= 17 (used  17.0) c=0.969 alpha=-0.258 beta=+0.438 | loss 3.8341 (delta +0.9488) size 236.6 MB sparsity 29.6%
gen 41 offspring [97/100] k= 33 (used  33.0) c=0.980 alpha=-0.134 beta=+0.260 | loss 3.0775 (delta +0.1922) size 318.8 MB sparsity 17.1%
gen 41 offspring [98/100] k= 33 (used  33.0) c=0.972 alpha=-0.091 beta=+0.041 | loss 3.0007 (delta +0.1154) size 338.0 MB sparsity 10.9%
gen 41 offspring [99/100] k= 16 (used  16.0) c=0.849 alpha=-0.148 beta=+0.300 | loss 3.5587 (delta +0.6733) size 246.3 MB sparsity 23.6%
gen 41 offspring [100/100] k= 17 (used  17.0) c=0.842 alpha=-0.193 beta=+0.415 | loss 3.6670 (delta +0.7817) size 244.3 MB sparsity 26.5%
=== generation 41/50 done in 466s (0 reused), batch baseline 2.8854, HV 0.36765, front 100 points, 100/100 feasible, best delta loss +0.0032, smallest 235.6 MB
gen 42 offspring [1/100] k= 16 (used  16.0) c=0.849 alpha=-0.253 beta=+0.372 | loss 3.7064 (delta +0.8211) size 242.8 MB sparsity 27.1%
gen 42 offspring [2/100] k= 17 (used  17.0) c=0.853 alpha=-0.271 beta=+0.438 | loss 3.8442 (delta +0.9588) size 236.6 MB sparsity 29.6%
gen 42 offspring [3/100] k= 16 (used  16.0) c=0.863 alpha=-0.215 beta=+0.215 | loss 3.5476 (delta +0.6622) size 246.7 MB sparsity 21.8%
gen 42 offspring [4/100] k= 32 (used  31.0) c=0.979 alpha=-0.241 beta=+0.388 | loss 3.3985 (delta +0.5132) size 291.2 MB sparsity 26.0%
gen 42 offspring [5/100] k= 32 (used  31.0) c=0.992 alpha=-0.092 beta=+0.032 | loss 3.0246 (delta +0.1392) size 309.8 MB sparsity 11.8%
gen 42 offspring [6/100] k= 31 (used  31.0) c=0.945 alpha=-0.162 beta=+0.244 | loss 3.0842 (delta +0.1988) size 309.7 MB sparsity 17.5%
gen 42 offspring [7/100] k= 17 (used  17.0) c=0.981 alpha=-0.260 beta=+0.332 | loss 3.6979 (delta +0.8126) size 245.6 MB sparsity 26.0%
gen 42 offspring [8/100] k= 29 (used  29.0) c=0.978 alpha=-0.213 beta=+0.435 | loss 3.4334 (delta +0.5481) size 289.0 MB sparsity 26.7%
gen 42 offspring [9/100] k= 29 (used  29.0) c=0.944 alpha=-0.162 beta=+0.230 | loss 3.0992 (delta +0.2138) size 309.7 MB sparsity 17.1%
gen 42 offspring [10/100] k= 64 (used  64.0) c=0.899 alpha=-0.061 beta=+0.075 | loss 2.9193 (delta +0.0340) size 371.5 MB sparsity 6.2%
gen 42 offspring [11/100] k= 34 (used  33.0) c=0.978 alpha=-0.245 beta=+0.389 | loss 3.3747 (delta +0.4893) size 290.7 MB sparsity 26.2%
gen 42 offspring [12/100] k= 17 (used  17.0) c=0.845 alpha=-0.216 beta=+0.162 | loss 3.3960 (delta +0.5107) size 262.1 MB sparsity 19.3%
gen 42 offspring [13/100] k= 28 (used  28.0) c=0.941 alpha=-0.011 beta=+0.011 | loss 3.0783 (delta +0.1930) size 309.8 MB sparsity 12.9%
gen 42 offspring [14/100] k= 29 (used  29.0) c=0.848 alpha=-0.285 beta=+0.415 | loss 3.5088 (delta +0.6235) size 282.9 MB sparsity 28.7%
gen 42 offspring [15/100] k= 34 (used  33.0) c=0.975 alpha=-0.135 beta=+0.013 | loss 3.0030 (delta +0.1177) size 335.5 MB sparsity 11.7%
gen 42 offspring [16/100] k= 32 (used  31.0) c=0.993 alpha=-0.222 beta=+0.114 | loss 3.0673 (delta +0.1820) size 309.8 MB sparsity 15.4%
gen 42 offspring [17/100] k= 16 (used  16.0) c=0.849 alpha=-0.188 beta=+0.302 | loss 3.5685 (delta +0.6831) size 246.2 MB sparsity 23.7%
gen 42 offspring [18/100] k= 33 (used  33.0) c=0.978 alpha=-0.071 beta=+0.283 | loss 3.0893 (delta +0.2040) size 318.3 MB sparsity 17.2%
gen 42 offspring [19/100] k= 34 (used  34.0) c=0.968 alpha=-0.207 beta=+0.312 | loss 3.2090 (delta +0.3236) size 352.8 MB sparsity 21.7%
gen 42 offspring [20/100] k=119 (used 119.0) c=0.992 alpha=-0.038 beta=+0.042 | loss 2.8991 (delta +0.0138) size 433.3 MB sparsity 3.7%
gen 42 offspring [21/100] k= 29 (used  29.0) c=0.943 alpha=-0.186 beta=+0.011 | loss 3.0567 (delta +0.1713) size 309.8 MB sparsity 14.1%
gen 42 offspring [22/100] k= 30 (used  29.0) c=0.976 alpha=-0.001 beta=+0.153 | loss 3.0483 (delta +0.1629) size 309.8 MB sparsity 13.2%
gen 42 offspring [23/100] k= 29 (used  29.0) c=0.994 alpha=-0.109 beta=+0.267 | loss 3.1293 (delta +0.2440) size 309.3 MB sparsity 17.6%
gen 42 offspring [24/100] k= 32 (used  31.0) c=0.991 alpha=-0.043 beta=+0.010 | loss 3.0246 (delta +0.1392) size 309.8 MB sparsity 11.8%
gen 42 offspring [25/100] k= 28 (used  28.0) c=0.944 alpha=-0.091 beta=+0.040 | loss 3.0763 (delta +0.1910) size 309.8 MB sparsity 12.9%
gen 42 offspring [26/100] k= 17 (used  17.0) c=0.849 alpha=-0.216 beta=+0.294 | loss 3.4663 (delta +0.5810) size 253.8 MB sparsity 22.7%
gen 42 offspring [27/100] k= 34 (used  33.0) c=0.975 alpha=-0.251 beta=+0.437 | loss 3.4489 (delta +0.5635) size 284.5 MB sparsity 28.2%
gen 42 offspring [28/100] k= 34 (used  33.0) c=0.972 alpha=-0.217 beta=+0.359 | loss 3.2700 (delta +0.3847) size 297.6 MB sparsity 23.9%
gen 42 offspring [29/100] k= 17 (used  17.0) c=0.911 alpha=-0.216 beta=+0.229 | loss 3.4521 (delta +0.5668) size 257.7 MB sparsity 21.1%
gen 42 offspring [30/100] k= 58 (used  58.0) c=0.852 alpha=-0.043 beta=+0.236 | loss 3.0024 (delta +0.1171) size 371.5 MB sparsity 12.6%
gen 42 offspring [31/100] k= 18 (used  17.0) c=0.951 alpha=-0.213 beta=+0.115 | loss 3.5137 (delta +0.6283) size 257.9 MB sparsity 21.0%
gen 42 offspring [32/100] k= 33 (used  33.0) c=0.973 alpha=-0.288 beta=+0.356 | loss 3.3779 (delta +0.4926) size 289.4 MB sparsity 26.6%
gen 42 offspring [33/100] k= 64 (used  64.0) c=0.898 alpha=-0.034 beta=+0.077 | loss 2.9200 (delta +0.0346) size 371.5 MB sparsity 6.0%
gen 42 offspring [34/100] k= 17 (used  17.0) c=0.856 alpha=-0.196 beta=+0.178 | loss 3.3842 (delta +0.4988) size 262.6 MB sparsity 19.1%
gen 42 offspring [35/100] k= 17 (used  17.0) c=0.849 alpha=-0.211 beta=+0.562 | loss 16.2685 (delta +13.3831) size 230.5 MB sparsity 32.1%
gen 42 offspring [36/100] k= 16 (used  16.0) c=0.912 alpha=-0.103 beta=+0.015 | loss 3.6915 (delta +0.8062) size 246.0 MB sparsity 22.6%
gen 42 offspring [37/100] k= 31 (used  31.0) c=0.968 alpha=-0.216 beta=+0.427 | loss 3.3949 (delta +0.5096) size 289.7 MB sparsity 26.5%
gen 42 offspring [38/100] k= 17 (used  17.0) c=0.818 alpha=-0.006 beta=+0.427 | loss 3.7354 (delta +0.8501) size 244.6 MB sparsity 26.4%
gen 42 offspring [39/100] k= 33 (used  33.0) c=0.992 alpha=-0.008 beta=+0.298 | loss 3.1169 (delta +0.2315) size 316.2 MB sparsity 17.9%
gen 42 offspring [40/100] k=137 (used 136.5) c=0.839 alpha=-0.200 beta=+0.042 | loss 2.9622 (delta +0.0769) size 495.0 MB sparsity 10.2%
gen 42 offspring [41/100] k= 33 (used  33.0) c=0.980 alpha=-0.251 beta=+0.215 | loss 3.1538 (delta +0.2684) size 310.7 MB sparsity 19.7%
gen 42 offspring [42/100] k= 17 (used  17.0) c=0.849 alpha=-0.216 beta=+0.268 | loss 3.4387 (delta +0.5534) size 256.1 MB sparsity 21.7%
gen 42 offspring [43/100] k= 21 (used  21.0) c=0.846 alpha=-0.207 beta=+0.415 | loss 3.5238 (delta +0.6385) size 291.0 MB sparsity 26.1%
gen 42 offspring [44/100] k= 17 (used  17.0) c=0.989 alpha=-0.259 beta=+0.438 | loss 3.8681 (delta +0.9827) size 236.3 MB sparsity 29.8%
gen 42 offspring [45/100] k= 30 (used  29.0) c=0.984 alpha=-0.200 beta=+0.186 | loss 3.1189 (delta +0.2336) size 309.7 MB sparsity 16.9%
gen 42 offspring [46/100] k= 17 (used  17.0) c=0.973 alpha=-0.216 beta=+0.229 | loss 3.5082 (delta +0.6229) size 255.8 MB sparsity 21.9%
gen 42 offspring [47/100] k=236 (used 236.0) c=0.978 alpha=-0.033 beta=+0.044 | loss 2.8884 (delta +0.0030) size 495.1 MB sparsity 3.3%
gen 42 offspring [48/100] k= 17 (used  17.0) c=0.944 alpha=-0.091 beta=+0.008 | loss 3.4907 (delta +0.6053) size 258.9 MB sparsity 20.6%
gen 42 offspring [49/100] k=144 (used 141.9) c=0.977 alpha=-0.284 beta=+0.353 | loss 3.2775 (delta +0.3921) size 427.6 MB sparsity 26.1%
gen 42 offspring [50/100] k= 33 (used  33.0) c=0.978 alpha=-0.277 beta=+0.352 | loss 3.3456 (delta +0.4603) size 291.2 MB sparsity 26.0%
gen 42 offspring [51/100] k= 19 (used  19.0) c=0.867 alpha=-0.215 beta=+0.438 | loss 3.6543 (delta +0.7690) size 286.6 MB sparsity 27.5%
gen 42 offspring [52/100] k= 17 (used  17.0) c=0.976 alpha=-0.231 beta=+0.344 | loss 3.6290 (delta +0.7437) size 246.5 MB sparsity 25.6%
gen 42 offspring [53/100] k= 29 (used  29.0) c=0.940 alpha=-0.011 beta=+0.250 | loss 3.0870 (delta +0.2016) size 309.6 MB sparsity 16.5%
gen 42 offspring [54/100] k= 57 (used  57.0) c=0.996 alpha=-0.200 beta=+0.010 | loss 2.9563 (delta +0.0709) size 371.5 MB sparsity 11.6%
gen 42 offspring [55/100] k= 17 (used  17.0) c=0.849 alpha=-0.025 beta=+0.275 | loss 3.4334 (delta +0.5481) size 257.3 MB sparsity 21.2%
gen 42 offspring [56/100] k= 16 (used  16.0) c=0.849 alpha=-0.189 beta=+0.262 | loss 3.5320 (delta +0.6467) size 246.7 MB sparsity 22.4%
gen 42 offspring [57/100] k= 17 (used  17.0) c=0.976 alpha=-0.205 beta=+0.355 | loss 3.6208 (delta +0.7354) size 246.4 MB sparsity 25.7%
gen 42 offspring [58/100] k= 31 (used  31.0) c=0.979 alpha=-0.235 beta=+0.377 | loss 3.3588 (delta +0.4735) size 293.3 MB sparsity 25.3%
gen 42 offspring [59/100] k= 57 (used  57.0) c=0.921 alpha=-0.108 beta=+0.035 | loss 2.9446 (delta +0.0593) size 371.5 MB sparsity 7.6%
gen 42 offspring [60/100] k= 70 (used  70.0) c=0.949 alpha=-0.214 beta=+0.081 | loss 2.9579 (delta +0.0726) size 433.2 MB sparsity 12.5%
gen 42 offspring [61/100] k= 26 (used  25.0) c=0.980 alpha=-0.290 beta=+0.382 | loss 3.5981 (delta +0.7128) size 285.6 MB sparsity 27.8%
gen 42 offspring [62/100] k= 17 (used  17.0) c=0.950 alpha=-0.216 beta=+0.336 | loss 3.6522 (delta +0.7668) size 248.3 MB sparsity 24.9%
gen 42 offspring [63/100] k=128 (used 128.0) c=0.983 alpha=-0.043 beta=+0.042 | loss 2.8930 (delta +0.0077) size 433.3 MB sparsity 3.8%
gen 42 offspring [64/100] k= 16 (used  16.0) c=0.868 alpha=-0.019 beta=+0.179 | loss 3.5539 (delta +0.6685) size 246.6 MB sparsity 21.6%
gen 42 offspring [65/100] k= 56 (used  55.0) c=0.993 alpha=-0.217 beta=+0.111 | loss 2.9958 (delta +0.1104) size 371.5 MB sparsity 13.9%
gen 42 offspring [66/100] k= 70 (used  70.0) c=0.951 alpha=-0.057 beta=+0.109 | loss 2.9161 (delta +0.0307) size 433.3 MB sparsity 7.4%
gen 42 offspring [67/100] k= 32 (used  31.0) c=0.979 alpha=-0.134 beta=+0.306 | loss 3.1441 (delta +0.2588) size 309.0 MB sparsity 19.0%
gen 42 offspring [68/100] k= 33 (used  33.0) c=0.940 alpha=-0.011 beta=+0.010 | loss 2.9995 (delta +0.1141) size 339.1 MB sparsity 10.5%
gen 42 offspring [69/100] k= 33 (used  33.0) c=0.976 alpha=-0.284 beta=+0.354 | loss 3.3579 (delta +0.4726) size 290.2 MB sparsity 26.3%
gen 42 offspring [70/100] k= 20 (used  19.0) c=0.976 alpha=-0.271 beta=+0.367 | loss 3.6796 (delta +0.7942) size 288.0 MB sparsity 27.1%
gen 42 offspring [71/100] k= 17 (used  17.0) c=0.849 alpha=-0.235 beta=+0.422 | loss 3.7399 (delta +0.8545) size 240.9 MB sparsity 27.9%
gen 42 offspring [72/100] k= 23 (used  23.0) c=0.991 alpha=-0.215 beta=+0.103 | loss 3.2237 (delta +0.3383) size 308.7 MB sparsity 17.5%
gen 42 offspring [73/100] k= 66 (used  64.6) c=0.989 alpha=-0.013 beta=+0.437 | loss 3.5538 (delta +0.6684) size 357.7 MB sparsity 20.4%
gen 42 offspring [74/100] k= 19 (used  19.0) c=0.849 alpha=-0.207 beta=+0.406 | loss 3.5797 (delta +0.6944) size 291.2 MB sparsity 26.0%
gen 42 offspring [75/100] k= 16 (used  16.0) c=0.849 alpha=-0.150 beta=+0.372 | loss 3.6540 (delta +0.7687) size 244.4 MB sparsity 26.1%
gen 42 offspring [76/100] k=236 (used 236.0) c=0.979 alpha=-0.059 beta=+0.044 | loss 2.8891 (delta +0.0037) size 495.1 MB sparsity 4.4%
gen 42 offspring [77/100] k= 16 (used  15.0) c=0.976 alpha=-0.259 beta=+0.439 | loss 4.0767 (delta +1.1914) size 234.3 MB sparsity 30.6%
gen 42 offspring [78/100] k= 17 (used  17.0) c=0.979 alpha=-0.323 beta=+0.285 | loss 3.7118 (delta +0.8264) size 244.6 MB sparsity 26.4%
gen 42 offspring [79/100] k= 32 (used  32.0) c=0.850 alpha=-0.217 beta=+0.368 | loss 3.3382 (delta +0.4528) size 296.7 MB sparsity 24.2%
gen 42 offspring [80/100] k= 17 (used  17.0) c=0.976 alpha=-0.231 beta=+0.342 | loss 3.6247 (delta +0.7394) size 246.6 MB sparsity 25.6%
gen 42 offspring [81/100] k= 16 (used  16.0) c=0.849 alpha=-0.216 beta=+0.299 | loss 3.5694 (delta +0.6841) size 246.3 MB sparsity 23.8%
gen 42 offspring [82/100] k= 32 (used  31.0) c=0.979 alpha=-0.193 beta=+0.042 | loss 3.0473 (delta +0.1620) size 309.8 MB sparsity 14.2%
gen 42 offspring [83/100] k= 17 (used  17.0) c=0.988 alpha=-0.046 beta=+0.215 | loss 3.5265 (delta +0.6412) size 256.2 MB sparsity 21.7%
gen 42 offspring [84/100] k= 17 (used  17.0) c=0.849 alpha=-0.216 beta=+0.124 | loss 3.3840 (delta +0.4987) size 261.9 MB sparsity 19.4%
gen 42 offspring [85/100] k= 17 (used  17.0) c=0.970 alpha=-0.230 beta=+0.365 | loss 3.6405 (delta +0.7552) size 244.7 MB sparsity 26.3%
gen 42 offspring [86/100] k= 17 (used  17.0) c=0.980 alpha=-0.197 beta=+0.366 | loss 3.6567 (delta +0.7713) size 245.4 MB sparsity 26.1%
gen 42 offspring [87/100] k= 16 (used  16.0) c=0.849 alpha=-0.218 beta=+0.274 | loss 3.5422 (delta +0.6568) size 246.6 MB sparsity 23.0%
gen 42 offspring [88/100] k= 17 (used  17.0) c=0.842 alpha=-0.216 beta=+0.435 | loss 3.7386 (delta +0.8532) size 241.2 MB sparsity 27.8%
gen 42 offspring [89/100] k= 57 (used  57.0) c=0.996 alpha=-0.020 beta=+0.011 | loss 2.9293 (delta +0.0440) size 371.5 MB sparsity 6.4%
gen 42 offspring [90/100] k= 57 (used  57.0) c=0.996 alpha=-0.251 beta=+0.018 | loss 2.9935 (delta +0.1082) size 371.5 MB sparsity 13.6%
gen 42 offspring [91/100] k= 16 (used  16.0) c=0.849 alpha=-0.060 beta=+0.194 | loss 3.5068 (delta +0.6214) size 246.8 MB sparsity 21.2%
gen 42 offspring [92/100] k=207 (used 207.0) c=0.978 alpha=-0.025 beta=+0.044 | loss 2.8907 (delta +0.0054) size 495.1 MB sparsity 3.0%
gen 42 offspring [93/100] k= 17 (used  17.0) c=0.981 alpha=-0.218 beta=+0.314 | loss 3.6122 (delta +0.7269) size 249.4 MB sparsity 24.4%
gen 42 offspring [94/100] k= 48 (used  48.0) c=0.978 alpha=-0.146 beta=+0.352 | loss 3.1605 (delta +0.2752) size 356.6 MB sparsity 20.7%
gen 42 offspring [95/100] k= 70 (used  70.0) c=0.949 alpha=-0.007 beta=+0.081 | loss 2.9114 (delta +0.0260) size 433.3 MB sparsity 6.1%
gen 42 offspring [96/100] k= 17 (used  17.0) c=0.972 alpha=-0.213 beta=+0.437 | loss 3.7755 (delta +0.8902) size 239.1 MB sparsity 28.6%
gen 42 offspring [97/100] k= 30 (used  29.0) c=0.976 alpha=-0.001 beta=+0.153 | loss 3.0483 (delta +0.1629) size 309.8 MB sparsity 13.2%
gen 42 offspring [98/100] k= 19 (used  19.0) c=0.848 alpha=-0.214 beta=+0.415 | loss 3.6048 (delta +0.7194) size 289.5 MB sparsity 26.6%
gen 42 offspring [99/100] k= 16 (used  16.0) c=0.851 alpha=-0.258 beta=+0.449 | loss 3.9202 (delta +1.0349) size 235.7 MB sparsity 30.0%
gen 42 offspring [100/100] k= 16 (used  15.0) c=0.976 alpha=-0.258 beta=+0.412 | loss 4.0365 (delta +1.1512) size 236.7 MB sparsity 29.6%
=== generation 42/50 done in 461s (0 reused), batch baseline 2.8854, HV 0.36765, front 100 points, 100/100 feasible, best delta loss +0.0030, smallest 235.6 MB
gen 43 offspring [1/100] k= 16 (used  16.0) c=0.849 alpha=-0.294 beta=+0.353 | loss 3.7531 (delta +0.8677) size 241.3 MB sparsity 27.7%
gen 43 offspring [2/100] k= 33 (used  33.0) c=0.980 alpha=-0.252 beta=+0.352 | loss 3.3037 (delta +0.4183) size 294.2 MB sparsity 25.1%
gen 43 offspring [3/100] k= 32 (used  32.0) c=0.867 alpha=-0.169 beta=+0.264 | loss 3.1287 (delta +0.2434) size 309.5 MB sparsity 18.4%
gen 43 offspring [4/100] k= 34 (used  33.0) c=0.979 alpha=-0.251 beta=+0.366 | loss 3.3325 (delta +0.4471) size 292.8 MB sparsity 25.5%
gen 43 offspring [5/100] k= 34 (used  33.0) c=0.976 alpha=-0.259 beta=+0.011 | loss 3.0718 (delta +0.1864) size 321.2 MB sparsity 16.3%
gen 43 offspring [6/100] k= 17 (used  17.0) c=0.989 alpha=-0.091 beta=+0.438 | loss 3.8032 (delta +0.9179) size 238.9 MB sparsity 28.7%
gen 43 offspring [7/100] k= 17 (used  17.0) c=0.949 alpha=-0.241 beta=+0.435 | loss 3.8474 (delta +0.9621) size 238.3 MB sparsity 29.0%
gen 43 offspring [8/100] k= 55 (used  55.0) c=0.992 alpha=-0.144 beta=+0.339 | loss 3.1306 (delta +0.2452) size 359.0 MB sparsity 20.0%
gen 43 offspring [9/100] k= 17 (used  17.0) c=0.888 alpha=-0.209 beta=+0.422 | loss 3.7161 (delta +0.8307) size 242.1 MB sparsity 27.4%
gen 43 offspring [10/100] k= 16 (used  16.0) c=0.849 alpha=-0.216 beta=+0.310 | loss 3.5995 (delta +0.7141) size 246.1 MB sparsity 24.2%
gen 43 offspring [11/100] k= 17 (used  17.0) c=0.983 alpha=-0.206 beta=+0.039 | loss 3.5346 (delta +0.6492) size 256.7 MB sparsity 21.5%
gen 43 offspring [12/100] k= 17 (used  17.0) c=0.849 alpha=-0.006 beta=+0.350 | loss 3.5304 (delta +0.6450) size 250.6 MB sparsity 24.0%
gen 43 offspring [13/100] k= 64 (used  64.0) c=0.899 alpha=-0.061 beta=+0.131 | loss 2.9288 (delta +0.0434) size 371.5 MB sparsity 8.4%
gen 43 offspring [14/100] k= 16 (used  16.0) c=0.856 alpha=-0.259 beta=+0.179 | loss 3.5701 (delta +0.6848) size 246.6 MB sparsity 22.4%
gen 43 offspring [15/100] k= 17 (used  17.0) c=0.849 alpha=-0.216 beta=+0.304 | loss 3.4886 (delta +0.6033) size 252.9 MB sparsity 23.0%
gen 43 offspring [16/100] k= 19 (used  19.0) c=0.849 alpha=-0.064 beta=+0.331 | loss 3.3969 (delta +0.5116) size 303.1 MB sparsity 22.2%
gen 43 offspring [17/100] k= 33 (used  33.0) c=0.952 alpha=-0.017 beta=+0.009 | loss 3.0030 (delta +0.1176) size 338.7 MB sparsity 10.6%
gen 43 offspring [18/100] k= 17 (used  17.0) c=0.843 alpha=-0.216 beta=+0.456 | loss 3.8291 (delta +0.9437) size 239.4 MB sparsity 28.5%
gen 43 offspring [19/100] k= 44 (used  43.0) c=0.992 alpha=-0.013 beta=+0.001 | loss 2.9547 (delta +0.0693) size 371.5 MB sparsity 8.5%
gen 43 offspring [20/100] k= 67 (used  67.0) c=0.951 alpha=-0.013 beta=+0.115 | loss 2.9227 (delta +0.0373) size 433.3 MB sparsity 7.5%
gen 43 offspring [21/100] k= 29 (used  29.0) c=0.941 alpha=-0.100 beta=+0.010 | loss 3.0356 (delta +0.1503) size 309.8 MB sparsity 12.0%
gen 43 offspring [22/100] k= 37 (used  37.0) c=0.979 alpha=-0.231 beta=+0.300 | loss 3.2757 (delta +0.3904) size 351.2 MB sparsity 22.2%
gen 43 offspring [23/100] k=228 (used 224.8) c=0.978 alpha=-0.215 beta=+0.289 | loss 3.0954 (delta +0.2101) size 453.6 MB sparsity 20.9%
gen 43 offspring [24/100] k= 16 (used  15.0) c=0.974 alpha=-0.230 beta=+0.353 | loss 3.9426 (delta +1.0572) size 242.5 MB sparsity 27.2%
gen 43 offspring [25/100] k= 20 (used  20.0) c=0.849 alpha=-0.060 beta=+0.228 | loss 3.2735 (delta +0.3882) size 308.2 MB sparsity 18.4%
gen 43 offspring [26/100] k=128 (used 128.0) c=0.899 alpha=-0.052 beta=+0.077 | loss 2.9050 (delta +0.0197) size 433.3 MB sparsity 5.5%
gen 43 offspring [27/100] k= 17 (used  17.0) c=0.979 alpha=-0.238 beta=+0.435 | loss 3.7872 (delta +0.9018) size 238.0 MB sparsity 29.1%
gen 43 offspring [28/100] k= 18 (used  18.0) c=0.849 alpha=-0.216 beta=+0.301 | loss 3.4602 (delta +0.5748) size 300.8 MB sparsity 22.9%
gen 43 offspring [29/100] k= 72 (used  71.8) c=0.965 alpha=-0.172 beta=+0.326 | loss 3.1099 (delta +0.2246) size 405.9 MB sparsity 20.6%
gen 43 offspring [30/100] k= 16 (used  15.0) c=0.985 alpha=-0.033 beta=+0.438 | loss 4.0820 (delta +1.1967) size 235.2 MB sparsity 30.2%
gen 43 offspring [31/100] k= 54 (used  53.9) c=0.877 alpha=-0.227 beta=+0.310 | loss 3.1941 (delta +0.3087) size 350.9 MB sparsity 22.2%
gen 43 offspring [32/100] k= 54 (used  53.0) c=1.000 alpha=-0.133 beta=+0.241 | loss 3.0233 (delta +0.1380) size 371.2 MB sparsity 15.8%
gen 43 offspring [33/100] k= 17 (used  17.0) c=0.993 alpha=-0.202 beta=+0.428 | loss 3.7725 (delta +0.8871) size 239.6 MB sparsity 28.4%
gen 43 offspring [34/100] k= 16 (used  16.0) c=0.916 alpha=-0.121 beta=+0.038 | loss 3.7067 (delta +0.8214) size 246.0 MB sparsity 22.7%
gen 43 offspring [35/100] k= 17 (used  17.0) c=0.856 alpha=-0.073 beta=+0.252 | loss 3.4206 (delta +0.5353) size 259.0 MB sparsity 20.5%
gen 43 offspring [36/100] k= 29 (used  29.0) c=0.990 alpha=-0.012 beta=+0.303 | loss 3.1668 (delta +0.2815) size 308.7 MB sparsity 18.9%
gen 43 offspring [37/100] k= 17 (used  17.0) c=0.849 alpha=-0.216 beta=+0.350 | loss 3.5467 (delta +0.6613) size 248.8 MB sparsity 24.7%
gen 43 offspring [38/100] k= 17 (used  17.0) c=0.977 alpha=-0.271 beta=+0.438 | loss 3.8817 (delta +0.9963) size 235.6 MB sparsity 30.0%
gen 43 offspring [39/100] k= 29 (used  29.0) c=0.994 alpha=-0.207 beta=+0.254 | loss 3.1932 (delta +0.3079) size 308.6 MB sparsity 19.7%
gen 43 offspring [40/100] k= 16 (used  16.0) c=0.851 alpha=-0.003 beta=+0.302 | loss 3.5852 (delta +0.6999) size 246.2 MB sparsity 23.7%
gen 43 offspring [41/100] k= 33 (used  33.0) c=0.978 alpha=-0.290 beta=+0.440 | loss 3.5356 (delta +0.6502) size 279.5 MB sparsity 29.8%
gen 43 offspring [42/100] k= 40 (used  39.0) c=0.979 alpha=-0.197 beta=+0.366 | loss 3.2665 (delta +0.3811) size 346.9 MB sparsity 23.3%
gen 43 offspring [43/100] k= 17 (used  17.0) c=0.856 alpha=-0.207 beta=+0.360 | loss 3.5811 (delta +0.6958) size 248.4 MB sparsity 24.9%
gen 43 offspring [44/100] k= 16 (used  15.0) c=0.979 alpha=-0.193 beta=+0.178 | loss 3.8623 (delta +0.9770) size 244.9 MB sparsity 24.2%
gen 43 offspring [45/100] k= 17 (used  17.0) c=0.849 alpha=-0.242 beta=+0.264 | loss 3.4966 (delta +0.6112) size 254.6 MB sparsity 22.3%
gen 43 offspring [46/100] k= 30 (used  29.0) c=0.979 alpha=-0.012 beta=+0.171 | loss 3.0483 (delta +0.1630) size 309.8 MB sparsity 13.8%
gen 43 offspring [47/100] k= 29 (used  29.0) c=0.976 alpha=-0.001 beta=+0.150 | loss 3.0499 (delta +0.1645) size 309.8 MB sparsity 13.1%
gen 43 offspring [48/100] k= 17 (used  17.0) c=0.978 alpha=-0.241 beta=+0.439 | loss 3.8139 (delta +0.9285) size 237.5 MB sparsity 29.3%
gen 43 offspring [49/100] k= 17 (used  17.0) c=0.838 alpha=-0.207 beta=+0.410 | loss 3.6773 (delta +0.7919) size 244.1 MB sparsity 26.6%
gen 43 offspring [50/100] k= 17 (used  17.0) c=0.978 alpha=-0.135 beta=+0.045 | loss 3.5080 (delta +0.6226) size 257.1 MB sparsity 21.3%
gen 43 offspring [51/100] k= 33 (used  33.0) c=0.963 alpha=-0.143 beta=+0.078 | loss 3.0062 (delta +0.1208) size 335.0 MB sparsity 11.8%
gen 43 offspring [52/100] k= 57 (used  57.0) c=0.992 alpha=-0.020 beta=+0.330 | loss 3.0932 (delta +0.2078) size 370.0 MB sparsity 16.7%
gen 43 offspring [53/100] k= 17 (used  17.0) c=0.845 alpha=-0.258 beta=+0.301 | loss 3.5903 (delta +0.7050) size 250.1 MB sparsity 24.2%
gen 43 offspring [54/100] k= 17 (used  17.0) c=0.979 alpha=-0.001 beta=+0.432 | loss 3.7588 (delta +0.8735) size 239.8 MB sparsity 28.4%
gen 43 offspring [55/100] k= 34 (used  33.0) c=0.978 alpha=-0.245 beta=+0.090 | loss 3.0593 (delta +0.1740) size 322.8 MB sparsity 15.8%
gen 43 offspring [56/100] k= 17 (used  17.0) c=0.849 alpha=-0.199 beta=+0.229 | loss 3.3869 (delta +0.5016) size 260.1 MB sparsity 20.1%
gen 43 offspring [57/100] k= 17 (used  17.0) c=0.843 alpha=-0.207 beta=+0.264 | loss 3.4349 (delta +0.5496) size 257.1 MB sparsity 21.3%
gen 43 offspring [58/100] k=123 (used 122.5) c=0.849 alpha=-0.039 beta=+0.215 | loss 2.9722 (delta +0.0868) size 433.3 MB sparsity 10.7%
gen 43 offspring [59/100] k= 33 (used  33.0) c=0.978 alpha=-0.290 beta=+0.270 | loss 3.2657 (delta +0.3804) size 299.4 MB sparsity 23.4%
gen 43 offspring [60/100] k= 31 (used  31.0) c=0.994 alpha=-0.111 beta=+0.257 | loss 3.0861 (delta +0.2007) size 309.6 MB sparsity 16.8%
gen 43 offspring [61/100] k= 17 (used  17.0) c=0.976 alpha=-0.193 beta=+0.441 | loss 3.7884 (delta +0.9031) size 239.0 MB sparsity 28.7%
gen 43 offspring [62/100] k= 16 (used  15.0) c=0.976 alpha=-0.254 beta=+0.413 | loss 4.0331 (delta +1.1478) size 236.8 MB sparsity 29.5%
gen 43 offspring [63/100] k= 16 (used  16.0) c=0.849 alpha=-0.187 beta=+0.222 | loss 3.5014 (delta +0.6161) size 246.8 MB sparsity 21.5%
gen 43 offspring [64/100] k= 32 (used  31.0) c=0.976 alpha=-0.206 beta=+0.337 | loss 3.2494 (delta +0.3641) size 301.4 MB sparsity 22.7%
gen 43 offspring [65/100] k=137 (used 136.4) c=0.992 alpha=-0.236 beta=+0.114 | loss 2.9771 (delta +0.0918) size 484.5 MB sparsity 14.6%
gen 43 offspring [66/100] k= 18 (used  17.0) c=0.970 alpha=-0.230 beta=+0.285 | loss 3.5481 (delta +0.6627) size 251.6 MB sparsity 23.6%
gen 43 offspring [67/100] k= 31 (used  31.0) c=0.915 alpha=-0.015 beta=+0.038 | loss 3.0074 (delta +0.1220) size 309.8 MB sparsity 10.9%
gen 43 offspring [68/100] k= 33 (used  33.0) c=0.975 alpha=-0.111 beta=+0.298 | loss 3.1019 (delta +0.2166) size 316.1 MB sparsity 18.0%
gen 43 offspring [69/100] k= 35 (used  35.0) c=0.973 alpha=-0.028 beta=+0.043 | loss 2.9984 (delta +0.1130) size 371.5 MB sparsity 10.2%
gen 43 offspring [70/100] k= 35 (used  35.0) c=0.850 alpha=-0.217 beta=+0.308 | loss 3.2511 (delta +0.3658) size 352.4 MB sparsity 21.8%
gen 43 offspring [71/100] k= 64 (used  64.0) c=0.983 alpha=-0.042 beta=+0.042 | loss 2.9287 (delta +0.0433) size 371.5 MB sparsity 5.7%
gen 43 offspring [72/100] k= 34 (used  33.0) c=0.976 alpha=-0.206 beta=+0.240 | loss 3.1170 (delta +0.2316) size 313.2 MB sparsity 18.9%
gen 43 offspring [73/100] k= 16 (used  16.0) c=0.850 alpha=-0.191 beta=+0.093 | loss 3.5106 (delta +0.6252) size 246.8 MB sparsity 21.2%
gen 43 offspring [74/100] k=152 (used 151.3) c=0.992 alpha=-0.255 beta=+0.042 | loss 2.9740 (delta +0.0887) size 494.3 MB sparsity 12.4%
gen 43 offspring [75/100] k= 18 (used  17.0) c=0.988 alpha=-0.216 beta=+0.111 | loss 3.5309 (delta +0.6455) size 256.2 MB sparsity 21.7%
gen 43 offspring [76/100] k= 18 (used  18.0) c=0.829 alpha=-0.262 beta=+0.041 | loss 3.4443 (delta +0.5590) size 306.2 MB sparsity 20.5%
gen 43 offspring [77/100] k= 17 (used  17.0) c=0.953 alpha=-0.259 beta=+0.438 | loss 3.8974 (delta +1.0120) size 236.7 MB sparsity 29.6%
gen 43 offspring [78/100] k= 33 (used  33.0) c=0.849 alpha=-0.228 beta=+0.306 | loss 3.2808 (delta +0.3954) size 302.9 MB sparsity 22.2%
gen 43 offspring [79/100] k= 34 (used  34.0) c=0.966 alpha=-0.236 beta=+0.234 | loss 3.1661 (delta +0.2807) size 359.7 MB sparsity 19.9%
gen 43 offspring [80/100] k= 34 (used  34.0) c=0.939 alpha=-0.368 beta=+0.303 | loss 3.4493 (delta +0.5639) size 330.9 MB sparsity 27.6%
gen 43 offspring [81/100] k=239 (used 239.0) c=0.978 alpha=-0.033 beta=+0.004 | loss 2.8896 (delta +0.0043) size 495.1 MB sparsity 2.2%
gen 43 offspring [82/100] k= 33 (used  33.0) c=0.980 alpha=-0.250 beta=+0.424 | loss 3.4230 (delta +0.5377) size 286.1 MB sparsity 27.7%
gen 43 offspring [83/100] k= 64 (used  63.0) c=0.992 alpha=-0.228 beta=+0.093 | loss 2.9855 (delta +0.1001) size 371.5 MB sparsity 13.6%
gen 43 offspring [84/100] k= 17 (used  17.0) c=0.971 alpha=-0.117 beta=+0.440 | loss 3.7741 (delta +0.8887) size 239.3 MB sparsity 28.5%
gen 43 offspring [85/100] k= 70 (used  70.0) c=0.949 alpha=-0.187 beta=+0.081 | loss 2.9444 (delta +0.0591) size 433.3 MB sparsity 11.4%
gen 43 offspring [86/100] k= 32 (used  31.0) c=0.976 alpha=-0.234 beta=+0.419 | loss 3.4270 (delta +0.5417) size 288.5 MB sparsity 26.9%
gen 43 offspring [87/100] k= 33 (used  33.0) c=0.856 alpha=-0.134 beta=+0.045 | loss 3.0082 (delta +0.1228) size 338.2 MB sparsity 10.8%
gen 43 offspring [88/100] k= 17 (used  17.0) c=0.983 alpha=-0.207 beta=+0.363 | loss 3.6555 (delta +0.7702) size 245.5 MB sparsity 26.0%
gen 43 offspring [89/100] k= 29 (used  29.0) c=0.940 alpha=-0.011 beta=+0.003 | loss 3.0334 (delta +0.1480) size 309.8 MB sparsity 12.0%
gen 43 offspring [90/100] k= 33 (used  33.0) c=0.942 alpha=-0.091 beta=+0.012 | loss 3.0024 (delta +0.1170) size 339.0 MB sparsity 10.5%
gen 43 offspring [91/100] k= 36 (used  35.0) c=0.975 alpha=-0.237 beta=+0.302 | loss 3.2373 (delta +0.3519) size 350.0 MB sparsity 22.5%
gen 43 offspring [92/100] k= 84 (used  84.0) c=0.951 alpha=-0.003 beta=+0.042 | loss 2.9028 (delta +0.0174) size 433.3 MB sparsity 4.3%
gen 43 offspring [93/100] k= 33 (used  33.0) c=0.994 alpha=-0.250 beta=+0.397 | loss 3.4035 (delta +0.5182) size 289.2 MB sparsity 26.7%
gen 43 offspring [94/100] k= 33 (used  33.0) c=0.853 alpha=-0.206 beta=+0.221 | loss 3.1710 (delta +0.2856) size 315.8 MB sparsity 18.0%
gen 43 offspring [95/100] k= 63 (used  62.7) c=0.968 alpha=-0.216 beta=+0.428 | loss 3.3282 (delta +0.4428) size 335.8 MB sparsity 26.3%
gen 43 offspring [96/100] k= 16 (used  16.0) c=0.847 alpha=-0.226 beta=+0.403 | loss 3.7360 (delta +0.8507) size 241.6 MB sparsity 27.6%
gen 43 offspring [97/100] k= 29 (used  29.0) c=0.977 alpha=-0.134 beta=+0.064 | loss 3.0523 (delta +0.1669) size 309.8 MB sparsity 12.8%
gen 43 offspring [98/100] k= 29 (used  29.0) c=0.979 alpha=-0.111 beta=+0.258 | loss 3.1123 (delta +0.2270) size 309.5 MB sparsity 17.1%
gen 43 offspring [99/100] k= 16 (used  16.0) c=0.917 alpha=-0.224 beta=+0.429 | loss 3.9461 (delta +1.0607) size 237.8 MB sparsity 29.2%
gen 43 offspring [100/100] k= 16 (used  15.0) c=0.997 alpha=-0.144 beta=+0.094 | loss 3.8544 (delta +0.9690) size 244.6 MB sparsity 24.6%
=== generation 43/50 done in 461s (0 reused), batch baseline 2.8854, HV 0.36767, front 100 points, 100/100 feasible, best delta loss +0.0030, smallest 235.6 MB
gen 44 offspring [1/100] k= 58 (used  57.0) c=0.992 alpha=-0.152 beta=+0.094 | loss 2.9429 (delta +0.0575) size 371.5 MB sparsity 10.6%
gen 44 offspring [2/100] k= 17 (used  17.0) c=0.980 alpha=-0.242 beta=+0.241 | loss 3.5619 (delta +0.6765) size 253.8 MB sparsity 22.7%
gen 44 offspring [3/100] k= 16 (used  16.0) c=0.837 alpha=-0.216 beta=+0.301 | loss 3.6227 (delta +0.7373) size 246.4 MB sparsity 23.7%
gen 44 offspring [4/100] k= 17 (used  17.0) c=0.978 alpha=-0.240 beta=+0.046 | loss 3.5285 (delta +0.6431) size 255.6 MB sparsity 21.9%
gen 44 offspring [5/100] k= 33 (used  33.0) c=0.978 alpha=-0.290 beta=+0.353 | loss 3.3717 (delta +0.4863) size 289.6 MB sparsity 26.5%
gen 44 offspring [6/100] k= 16 (used  16.0) c=0.848 alpha=-0.207 beta=+0.412 | loss 3.7468 (delta +0.8615) size 241.5 MB sparsity 27.7%
gen 44 offspring [7/100] k= 29 (used  29.0) c=0.993 alpha=-0.220 beta=+0.108 | loss 3.1212 (delta +0.2359) size 309.7 MB sparsity 15.8%
gen 44 offspring [8/100] k= 17 (used  17.0) c=0.993 alpha=-0.180 beta=+0.042 | loss 3.5294 (delta +0.6440) size 256.4 MB sparsity 21.6%
gen 44 offspring [9/100] k= 18 (used  18.0) c=0.837 alpha=-0.219 beta=+0.192 | loss 3.3996 (delta +0.5143) size 307.1 MB sparsity 19.6%
gen 44 offspring [10/100] k= 34 (used  33.0) c=0.976 alpha=-0.155 beta=+0.338 | loss 3.1635 (delta +0.2782) size 307.3 MB sparsity 20.8%
gen 44 offspring [11/100] k= 17 (used  17.0) c=0.964 alpha=-0.230 beta=+0.365 | loss 3.6732 (delta +0.7878) size 244.8 MB sparsity 26.3%
gen 44 offspring [12/100] k= 33 (used  33.0) c=0.988 alpha=-0.101 beta=+0.298 | loss 3.1132 (delta +0.2278) size 316.2 MB sparsity 17.9%
gen 44 offspring [13/100] k= 17 (used  17.0) c=0.849 alpha=-0.207 beta=+0.257 | loss 3.4220 (delta +0.5366) size 257.5 MB sparsity 21.2%
gen 44 offspring [14/100] k= 17 (used  17.0) c=0.849 alpha=-0.199 beta=+0.229 | loss 3.3866 (delta +0.5012) size 260.1 MB sparsity 20.1%
gen 44 offspring [15/100] k= 17 (used  17.0) c=1.000 alpha=-0.006 beta=+0.299 | loss 3.5909 (delta +0.7055) size 250.7 MB sparsity 23.9%
gen 44 offspring [16/100] k= 17 (used  17.0) c=0.848 alpha=-0.025 beta=+0.191 | loss 3.3706 (delta +0.4853) size 263.2 MB sparsity 18.9%
gen 44 offspring [17/100] k= 34 (used  33.0) c=0.972 alpha=-0.295 beta=+0.354 | loss 3.3836 (delta +0.4983) size 288.9 MB sparsity 26.8%
gen 44 offspring [18/100] k= 17 (used  17.0) c=0.849 alpha=-0.176 beta=+0.180 | loss 3.3739 (delta +0.4886) size 263.4 MB sparsity 18.8%
gen 44 offspring [19/100] k= 38 (used  37.0) c=0.976 alpha=-0.236 beta=+0.253 | loss 3.2174 (delta +0.3321) size 357.3 MB sparsity 20.5%
gen 44 offspring [20/100] k= 16 (used  16.0) c=0.856 alpha=-0.180 beta=+0.244 | loss 3.5375 (delta +0.6522) size 246.7 MB sparsity 22.1%
gen 44 offspring [21/100] k= 30 (used  29.0) c=0.994 alpha=-0.013 beta=+0.096 | loss 3.0776 (delta +0.1922) size 309.8 MB sparsity 12.7%
gen 44 offspring [22/100] k= 17 (used  17.0) c=0.977 alpha=-0.270 beta=+0.438 | loss 3.8834 (delta +0.9980) size 235.7 MB sparsity 30.0%
gen 44 offspring [23/100] k= 34 (used  33.0) c=0.976 alpha=-0.221 beta=+0.337 | loss 3.2367 (delta +0.3513) size 299.8 MB sparsity 23.2%
gen 44 offspring [24/100] k= 34 (used  34.0) c=0.955 alpha=-0.236 beta=+0.354 | loss 3.3107 (delta +0.4254) size 342.6 MB sparsity 24.5%
gen 44 offspring [25/100] k= 17 (used  17.0) c=0.849 alpha=-0.191 beta=+0.215 | loss 3.3758 (delta +0.4904) size 261.5 MB sparsity 19.6%
gen 44 offspring [26/100] k= 28 (used  28.0) c=0.942 alpha=-0.012 beta=+0.383 | loss 3.3177 (delta +0.4323) size 303.3 MB sparsity 22.1%
gen 44 offspring [27/100] k= 33 (used  33.0) c=0.979 alpha=-0.205 beta=+0.366 | loss 3.2581 (delta +0.3727) size 298.3 MB sparsity 23.7%
gen 44 offspring [28/100] k= 17 (used  17.0) c=0.977 alpha=-0.230 beta=+0.302 | loss 3.5830 (delta +0.6977) size 250.0 MB sparsity 24.2%
gen 44 offspring [29/100] k=243 (used 240.9) c=0.978 alpha=-0.284 beta=+0.044 | loss 2.9939 (delta +0.1085) size 489.6 MB sparsity 13.6%
gen 44 offspring [30/100] k= 16 (used  16.0) c=0.853 alpha=-0.227 beta=+0.267 | loss 3.5724 (delta +0.6870) size 246.6 MB sparsity 23.0%
gen 44 offspring [31/100] k= 17 (used  17.0) c=0.849 alpha=-0.227 beta=+0.428 | loss 3.7255 (delta +0.8401) size 241.1 MB sparsity 27.8%
gen 44 offspring [32/100] k= 17 (used  17.0) c=0.830 alpha=-0.149 beta=+0.007 | loss 3.3960 (delta +0.5106) size 264.7 MB sparsity 18.2%
gen 44 offspring [33/100] k= 16 (used  16.0) c=0.849 alpha=-0.216 beta=+0.166 | loss 3.5129 (delta +0.6275) size 246.8 MB sparsity 21.4%
gen 44 offspring [34/100] k= 17 (used  17.0) c=0.976 alpha=-0.271 beta=+0.430 | loss 3.8573 (delta +0.9719) size 236.3 MB sparsity 29.7%
gen 44 offspring [35/100] k= 34 (used  34.0) c=0.845 alpha=-0.191 beta=+0.325 | loss 3.2366 (delta +0.3512) size 353.5 MB sparsity 21.5%
gen 44 offspring [36/100] k= 17 (used  17.0) c=0.849 alpha=-0.216 beta=+0.437 | loss 3.7422 (delta +0.8568) size 241.0 MB sparsity 27.9%
gen 44 offspring [37/100] k= 67 (used  67.0) c=0.952 alpha=-0.216 beta=+0.112 | loss 2.9703 (delta +0.0850) size 432.8 MB sparsity 13.8%
gen 44 offspring [38/100] k= 35 (used  35.0) c=0.845 alpha=-0.171 beta=+0.314 | loss 3.1846 (delta +0.2992) size 358.1 MB sparsity 20.3%
gen 44 offspring [39/100] k= 17 (used  17.0) c=0.975 alpha=-0.216 beta=+0.300 | loss 3.5636 (delta +0.6782) size 250.8 MB sparsity 23.9%
gen 44 offspring [40/100] k= 34 (used  33.0) c=0.978 alpha=-0.245 beta=+0.336 | loss 3.2702 (delta +0.3849) size 297.0 MB sparsity 24.1%
gen 44 offspring [41/100] k= 58 (used  57.0) c=0.993 alpha=-0.050 beta=+0.090 | loss 2.9308 (delta +0.0454) size 371.5 MB sparsity 7.2%
gen 44 offspring [42/100] k= 17 (used  17.0) c=0.976 alpha=-0.259 beta=+0.405 | loss 3.7933 (delta +0.9080) size 239.4 MB sparsity 28.5%
gen 44 offspring [43/100] k= 17 (used  17.0) c=0.848 alpha=-0.208 beta=+0.194 | loss 3.3783 (delta +0.4930) size 261.8 MB sparsity 19.4%
gen 44 offspring [44/100] k= 17 (used  17.0) c=0.849 alpha=-0.018 beta=+0.329 | loss 3.4924 (delta +0.6071) size 252.5 MB sparsity 23.2%
gen 44 offspring [45/100] k= 17 (used  17.0) c=0.849 alpha=-0.067 beta=+0.422 | loss 3.6940 (delta +0.8086) size 244.2 MB sparsity 26.6%
gen 44 offspring [46/100] k= 33 (used  33.0) c=0.839 alpha=-0.274 beta=+0.304 | loss 3.3637 (delta +0.4784) size 297.4 MB sparsity 24.0%
gen 44 offspring [47/100] k= 32 (used  31.0) c=0.997 alpha=-0.103 beta=+0.038 | loss 3.0289 (delta +0.1436) size 309.8 MB sparsity 11.9%
gen 44 offspring [48/100] k= 21 (used  21.0) c=0.973 alpha=-0.007 beta=+0.436 | loss 3.5725 (delta +0.6872) size 290.4 MB sparsity 26.3%
gen 44 offspring [49/100] k= 18 (used  18.0) c=0.852 alpha=-0.230 beta=+0.420 | loss 3.7031 (delta +0.8177) size 286.2 MB sparsity 27.6%
gen 44 offspring [50/100] k= 16 (used  16.0) c=0.849 alpha=-0.216 beta=+0.268 | loss 3.5376 (delta +0.6523) size 246.6 MB sparsity 22.8%
gen 44 offspring [51/100] k= 17 (used  17.0) c=0.976 alpha=-0.251 beta=+0.438 | loss 3.8305 (delta +0.9452) size 237.0 MB sparsity 29.5%
gen 44 offspring [52/100] k= 17 (used  17.0) c=0.841 alpha=-0.216 beta=+0.438 | loss 3.7581 (delta +0.8727) size 241.0 MB sparsity 27.9%
gen 44 offspring [53/100] k= 16 (used  16.0) c=0.849 alpha=-0.189 beta=+0.261 | loss 3.5324 (delta +0.6470) size 246.7 MB sparsity 22.4%
gen 44 offspring [54/100] k=231 (used 227.4) c=0.980 alpha=-0.055 beta=+0.436 | loss 3.4199 (delta +0.5346) size 458.4 MB sparsity 19.9%
gen 44 offspring [55/100] k= 17 (used  17.0) c=0.970 alpha=-0.001 beta=+0.431 | loss 3.7494 (delta +0.8640) size 240.1 MB sparsity 28.2%
gen 44 offspring [56/100] k= 33 (used  33.0) c=0.976 alpha=-0.231 beta=+0.361 | loss 3.2909 (delta +0.4055) size 295.7 MB sparsity 24.6%
gen 44 offspring [57/100] k= 49 (used  49.0) c=0.940 alpha=-0.009 beta=+0.270 | loss 3.0219 (delta +0.1365) size 371.4 MB sparsity 14.7%
gen 44 offspring [58/100] k=157 (used 155.0) c=0.992 alpha=-0.043 beta=+0.429 | loss 3.3942 (delta +0.5088) size 462.1 MB sparsity 19.2%
gen 44 offspring [59/100] k= 59 (used  59.0) c=0.898 alpha=-0.058 beta=+0.080 | loss 2.9359 (delta +0.0506) size 371.5 MB sparsity 6.5%
gen 44 offspring [60/100] k= 28 (used  27.0) c=0.980 alpha=-0.134 beta=+0.045 | loss 3.0894 (delta +0.2040) size 309.8 MB sparsity 13.5%
gen 44 offspring [61/100] k= 43 (used  43.0) c=0.916 alpha=-0.195 beta=+0.066 | loss 2.9800 (delta +0.0946) size 371.5 MB sparsity 12.2%
gen 44 offspring [62/100] k= 61 (used  61.0) c=0.992 alpha=-0.226 beta=+0.100 | loss 2.9842 (delta +0.0988) size 371.5 MB sparsity 13.8%
gen 44 offspring [63/100] k= 16 (used  16.0) c=0.849 alpha=-0.227 beta=+0.302 | loss 3.5868 (delta +0.7014) size 246.2 MB sparsity 24.1%
gen 44 offspring [64/100] k= 17 (used  17.0) c=0.837 alpha=-0.259 beta=+0.416 | loss 3.7717 (delta +0.8863) size 239.7 MB sparsity 28.4%
gen 44 offspring [65/100] k= 17 (used  17.0) c=0.849 alpha=-0.217 beta=+0.304 | loss 3.4891 (delta +0.6037) size 252.9 MB sparsity 23.0%
gen 44 offspring [66/100] k= 33 (used  33.0) c=0.976 alpha=-0.202 beta=+0.288 | loss 3.1592 (delta +0.2738) size 307.9 MB sparsity 20.6%
gen 44 offspring [67/100] k= 16 (used  16.0) c=0.849 alpha=-0.065 beta=+0.264 | loss 3.5308 (delta +0.6455) size 246.7 MB sparsity 22.5%
gen 44 offspring [68/100] k= 33 (used  33.0) c=0.979 alpha=-0.191 beta=+0.366 | loss 3.2425 (delta +0.3572) size 299.9 MB sparsity 23.2%
gen 44 offspring [69/100] k= 16 (used  16.0) c=0.849 alpha=-0.193 beta=+0.179 | loss 3.5015 (delta +0.6161) size 246.8 MB sparsity 21.2%
gen 44 offspring [70/100] k= 70 (used  69.9) c=0.948 alpha=-0.043 beta=+0.298 | loss 3.0434 (delta +0.1581) size 430.8 MB sparsity 14.8%
gen 44 offspring [71/100] k= 17 (used  17.0) c=0.849 alpha=-0.217 beta=+0.428 | loss 3.7156 (delta +0.8302) size 241.7 MB sparsity 27.6%
gen 44 offspring [72/100] k=128 (used 128.0) c=0.988 alpha=-0.043 beta=+0.042 | loss 2.8941 (delta +0.0087) size 433.3 MB sparsity 3.8%
gen 44 offspring [73/100] k= 17 (used  17.0) c=0.849 alpha=-0.216 beta=+0.462 | loss 3.8587 (delta +0.9734) size 238.8 MB sparsity 28.7%
gen 44 offspring [74/100] k= 33 (used  33.0) c=0.974 alpha=-0.230 beta=+0.300 | loss 3.2086 (delta +0.3232) size 303.0 MB sparsity 22.2%
gen 44 offspring [75/100] k= 16 (used  16.0) c=0.847 alpha=-0.147 beta=+0.302 | loss 3.5834 (delta +0.6980) size 246.2 MB sparsity 23.7%
gen 44 offspring [76/100] k= 32 (used  31.0) c=0.991 alpha=-0.021 beta=+0.042 | loss 3.0244 (delta +0.1391) size 309.8 MB sparsity 11.8%
gen 44 offspring [77/100] k= 17 (used  17.0) c=0.970 alpha=-0.271 beta=+0.434 | loss 3.8428 (delta +0.9575) size 236.0 MB sparsity 29.9%
gen 44 offspring [78/100] k= 37 (used  37.0) c=0.973 alpha=-0.015 beta=+0.341 | loss 3.1674 (delta +0.2821) size 363.4 MB sparsity 18.9%
gen 44 offspring [79/100] k= 17 (used  17.0) c=0.849 alpha=-0.207 beta=+0.302 | loss 3.4768 (delta +0.5914) size 253.6 MB sparsity 22.7%
gen 44 offspring [80/100] k= 59 (used  59.0) c=0.992 alpha=-0.217 beta=+0.111 | loss 2.9856 (delta +0.1003) size 371.5 MB sparsity 13.9%
gen 44 offspring [81/100] k= 29 (used  29.0) c=0.945 alpha=-0.100 beta=+0.444 | loss 3.4812 (delta +0.5958) size 297.7 MB sparsity 23.9%
gen 44 offspring [82/100] k= 17 (used  17.0) c=0.849 alpha=-0.060 beta=+0.228 | loss 3.3853 (delta +0.5000) size 261.1 MB sparsity 19.7%
gen 44 offspring [83/100] k= 17 (used  17.0) c=0.976 alpha=-0.222 beta=+0.438 | loss 3.7861 (delta +0.9008) size 238.5 MB sparsity 28.8%
gen 44 offspring [84/100] k= 16 (used  15.0) c=0.968 alpha=-0.206 beta=+0.293 | loss 3.9146 (delta +1.0293) size 244.7 MB sparsity 25.2%
gen 44 offspring [85/100] k= 33 (used  33.0) c=0.979 alpha=-0.135 beta=+0.043 | loss 3.0000 (delta +0.1147) size 335.5 MB sparsity 11.7%
gen 44 offspring [86/100] k= 33 (used  33.0) c=0.917 alpha=-0.025 beta=+0.264 | loss 3.0834 (delta +0.1980) size 321.6 MB sparsity 16.2%
gen 44 offspring [87/100] k= 17 (used  17.0) c=0.983 alpha=-0.248 beta=+0.264 | loss 3.5950 (delta +0.7097) size 251.9 MB sparsity 23.4%
gen 44 offspring [88/100] k= 34 (used  34.0) c=0.848 alpha=-0.196 beta=+0.229 | loss 3.1427 (delta +0.2573) size 366.7 MB sparsity 18.0%
gen 44 offspring [89/100] k= 16 (used  16.0) c=0.849 alpha=-0.217 beta=+0.345 | loss 3.6120 (delta +0.7266) size 245.3 MB sparsity 25.4%
gen 44 offspring [90/100] k=128 (used 128.0) c=0.983 alpha=-0.137 beta=+0.047 | loss 2.9076 (delta +0.0222) size 433.3 MB sparsity 7.8%
gen 44 offspring [91/100] k= 33 (used  33.0) c=0.948 alpha=-0.032 beta=+0.008 | loss 2.9994 (delta +0.1141) size 338.8 MB sparsity 10.6%
gen 44 offspring [92/100] k= 17 (used  17.0) c=0.848 alpha=-0.024 beta=+0.412 | loss 3.6638 (delta +0.7784) size 245.1 MB sparsity 26.2%
gen 44 offspring [93/100] k= 69 (used  69.0) c=0.914 alpha=-0.210 beta=+0.035 | loss 2.9604 (delta +0.0751) size 433.3 MB sparsity 11.2%
gen 44 offspring [94/100] k= 17 (used  17.0) c=0.987 alpha=-0.006 beta=+0.299 | loss 3.5766 (delta +0.6912) size 251.0 MB sparsity 23.8%
gen 44 offspring [95/100] k= 58 (used  58.0) c=0.910 alpha=-0.217 beta=+0.111 | loss 2.9907 (delta +0.1054) size 371.5 MB sparsity 13.8%
gen 44 offspring [96/100] k= 16 (used  16.0) c=0.846 alpha=-0.144 beta=+0.296 | loss 3.5853 (delta +0.7000) size 246.4 MB sparsity 23.4%
gen 44 offspring [97/100] k= 17 (used  17.0) c=0.977 alpha=-0.193 beta=+0.108 | loss 3.5037 (delta +0.6183) size 257.1 MB sparsity 21.3%
gen 44 offspring [98/100] k= 17 (used  17.0) c=0.849 alpha=-0.218 beta=+0.274 | loss 3.4612 (delta +0.5758) size 255.5 MB sparsity 22.0%
gen 44 offspring [99/100] k= 17 (used  17.0) c=0.970 alpha=-0.205 beta=+0.352 | loss 3.6004 (delta +0.7151) size 246.8 MB sparsity 25.5%
gen 44 offspring [100/100] k= 33 (used  33.0) c=0.968 alpha=-0.275 beta=+0.365 | loss 3.3795 (delta +0.4941) size 289.9 MB sparsity 26.4%
=== generation 44/50 done in 462s (0 reused), batch baseline 2.8854, HV 0.36769, front 100 points, 100/100 feasible, best delta loss +0.0030, smallest 235.6 MB
gen 45 offspring [1/100] k= 34 (used  33.0) c=0.975 alpha=-0.241 beta=+0.365 | loss 3.3147 (delta +0.4293) size 294.0 MB sparsity 25.1%
gen 45 offspring [2/100] k= 31 (used  31.0) c=0.916 alpha=-0.103 beta=+0.038 | loss 3.0052 (delta +0.1199) size 309.8 MB sparsity 11.0%
gen 45 offspring [3/100] k= 42 (used  42.0) c=0.916 alpha=-0.195 beta=+0.065 | loss 2.9908 (delta +0.1054) size 371.5 MB sparsity 12.4%
gen 45 offspring [4/100] k= 64 (used  64.0) c=0.902 alpha=-0.061 beta=+0.077 | loss 2.9200 (delta +0.0346) size 371.5 MB sparsity 6.3%
gen 45 offspring [5/100] k= 29 (used  29.0) c=0.940 alpha=-0.001 beta=+0.163 | loss 3.0377 (delta +0.1524) size 309.8 MB sparsity 13.3%
gen 45 offspring [6/100] k=236 (used 236.0) c=0.982 alpha=-0.002 beta=+0.072 | loss 2.8905 (delta +0.0052) size 495.1 MB sparsity 3.8%
gen 45 offspring [7/100] k= 16 (used  16.0) c=0.849 alpha=-0.216 beta=+0.305 | loss 3.5765 (delta +0.6912) size 246.2 MB sparsity 24.0%
gen 45 offspring [8/100] k= 32 (used  32.0) c=0.848 alpha=-0.006 beta=+0.215 | loss 3.0600 (delta +0.1746) size 309.8 MB sparsity 14.2%
gen 45 offspring [9/100] k= 17 (used  17.0) c=0.848 alpha=-0.207 beta=+0.404 | loss 3.6521 (delta +0.7667) size 244.5 MB sparsity 26.4%
gen 45 offspring [10/100] k= 33 (used  33.0) c=0.966 alpha=-0.043 beta=+0.042 | loss 3.0055 (delta +0.1201) size 338.2 MB sparsity 10.8%
gen 45 offspring [11/100] k= 36 (used  36.0) c=0.854 alpha=-0.203 beta=+0.337 | loss 3.2429 (delta +0.3576) size 350.2 MB sparsity 22.4%
gen 45 offspring [12/100] k= 17 (used  17.0) c=0.980 alpha=-0.187 beta=+0.295 | loss 3.5654 (delta +0.6800) size 251.6 MB sparsity 23.6%
gen 45 offspring [13/100] k= 36 (used  36.0) c=0.945 alpha=-0.208 beta=+0.249 | loss 3.1709 (delta +0.2855) size 362.0 MB sparsity 19.2%
gen 45 offspring [14/100] k= 17 (used  17.0) c=0.862 alpha=-0.216 beta=+0.268 | loss 3.4480 (delta +0.5626) size 255.8 MB sparsity 21.8%
gen 45 offspring [15/100] k= 33 (used  33.0) c=0.976 alpha=-0.271 beta=+0.355 | loss 3.3393 (delta +0.4539) size 291.6 MB sparsity 25.9%
gen 45 offspring [16/100] k= 16 (used  16.0) c=0.849 alpha=-0.133 beta=+0.310 | loss 3.5973 (delta +0.7119) size 246.1 MB sparsity 24.0%
gen 45 offspring [17/100] k= 17 (used  17.0) c=0.834 alpha=-0.223 beta=+0.345 | loss 3.5783 (delta +0.6929) size 249.0 MB sparsity 24.6%
gen 45 offspring [18/100] k= 17 (used  17.0) c=0.849 alpha=-0.216 beta=+0.422 | loss 3.7015 (delta +0.8161) size 242.3 MB sparsity 27.3%
gen 45 offspring [19/100] k= 17 (used  17.0) c=0.851 alpha=-0.025 beta=+0.191 | loss 3.3772 (delta +0.4919) size 263.1 MB sparsity 18.9%
gen 45 offspring [20/100] k= 35 (used  35.0) c=0.970 alpha=-0.260 beta=+0.363 | loss 3.3653 (delta +0.4800) size 337.8 MB sparsity 25.8%
gen 45 offspring [21/100] k= 17 (used  17.0) c=0.979 alpha=-0.241 beta=+0.446 | loss 3.8457 (delta +0.9604) size 236.9 MB sparsity 29.5%
gen 45 offspring [22/100] k= 31 (used  31.0) c=0.952 alpha=-0.016 beta=+0.014 | loss 3.0100 (delta +0.1247) size 309.8 MB sparsity 11.3%
gen 45 offspring [23/100] k= 32 (used  31.0) c=0.999 alpha=-0.207 beta=+0.116 | loss 3.0661 (delta +0.1808) size 309.8 MB sparsity 14.9%
gen 45 offspring [24/100] k= 16 (used  16.0) c=0.849 alpha=-0.290 beta=+0.234 | loss 3.5963 (delta +0.7109) size 246.4 MB sparsity 23.8%
gen 45 offspring [25/100] k= 17 (used  17.0) c=0.849 alpha=-0.203 beta=+0.412 | loss 3.6638 (delta +0.7785) size 244.0 MB sparsity 26.6%
gen 45 offspring [26/100] k= 17 (used  17.0) c=0.856 alpha=-0.228 beta=+0.182 | loss 3.4169 (delta +0.5316) size 260.6 MB sparsity 19.9%
gen 45 offspring [27/100] k= 32 (used  31.0) c=0.992 alpha=-0.000 beta=+0.070 | loss 3.0241 (delta +0.1387) size 309.8 MB sparsity 11.8%
gen 45 offspring [28/100] k= 32 (used  32.0) c=0.840 alpha=-0.025 beta=+0.179 | loss 3.0399 (delta +0.1546) size 309.8 MB sparsity 12.7%
gen 45 offspring [29/100] k= 34 (used  33.0) c=0.978 alpha=-0.209 beta=+0.314 | loss 3.2013 (delta +0.3159) size 304.0 MB sparsity 21.9%
gen 45 offspring [30/100] k= 28 (used  27.0) c=0.975 alpha=-0.088 beta=+0.133 | loss 3.0850 (delta +0.1996) size 309.8 MB sparsity 13.5%
gen 45 offspring [31/100] k= 33 (used  33.0) c=0.911 alpha=-0.231 beta=+0.341 | loss 3.2907 (delta +0.4053) size 298.2 MB sparsity 23.7%
gen 45 offspring [32/100] k= 37 (used  37.0) c=0.996 alpha=-0.208 beta=+0.011 | loss 3.0302 (delta +0.1449) size 371.4 MB sparsity 13.8%
gen 45 offspring [33/100] k= 34 (used  33.0) c=0.991 alpha=-0.260 beta=+0.111 | loss 3.0859 (delta +0.2006) size 320.4 MB sparsity 16.6%
gen 45 offspring [34/100] k= 17 (used  17.0) c=0.946 alpha=-0.162 beta=+0.446 | loss 3.8545 (delta +0.9692) size 239.4 MB sparsity 28.5%
gen 45 offspring [35/100] k= 33 (used  33.0) c=0.854 alpha=-0.135 beta=+0.043 | loss 3.0098 (delta +0.1245) size 338.2 MB sparsity 10.8%
gen 45 offspring [36/100] k= 33 (used  33.0) c=0.980 alpha=-0.250 beta=+0.058 | loss 3.0636 (delta +0.1783) size 322.1 MB sparsity 16.0%
gen 45 offspring [37/100] k= 16 (used  16.0) c=0.849 alpha=-0.156 beta=+0.018 | loss 3.5047 (delta +0.6193) size 246.8 MB sparsity 21.1%
gen 45 offspring [38/100] k= 34 (used  33.0) c=0.998 alpha=-0.275 beta=+0.362 | loss 3.3758 (delta +0.4904) size 290.3 MB sparsity 26.3%
gen 45 offspring [39/100] k= 33 (used  33.0) c=0.916 alpha=-0.196 beta=+0.111 | loss 3.0274 (delta +0.1421) size 329.0 MB sparsity 13.8%
gen 45 offspring [40/100] k= 16 (used  16.0) c=0.849 alpha=-0.008 beta=+0.114 | loss 3.5059 (delta +0.6206) size 246.8 MB sparsity 21.1%
gen 45 offspring [41/100] k= 16 (used  16.0) c=0.849 alpha=-0.227 beta=+0.302 | loss 3.5778 (delta +0.6925) size 246.2 MB sparsity 24.1%
gen 45 offspring [42/100] k= 64 (used  64.0) c=0.899 alpha=-0.050 beta=+0.078 | loss 2.9194 (delta +0.0341) size 371.5 MB sparsity 6.1%
gen 45 offspring [43/100] k= 17 (used  17.0) c=0.970 alpha=-0.270 beta=+0.434 | loss 3.8418 (delta +0.9564) size 236.1 MB sparsity 29.8%
gen 45 offspring [44/100] k= 34 (used  33.0) c=0.972 alpha=-0.211 beta=+0.287 | loss 3.1734 (delta +0.2881) size 306.9 MB sparsity 20.9%
gen 45 offspring [45/100] k= 29 (used  29.0) c=0.937 alpha=-0.100 beta=+0.011 | loss 3.0366 (delta +0.1513) size 309.8 MB sparsity 11.9%
gen 45 offspring [46/100] k= 17 (used  17.0) c=0.852 alpha=-0.207 beta=+0.410 | loss 3.6795 (delta +0.7941) size 243.9 MB sparsity 26.7%
gen 45 offspring [47/100] k= 31 (used  31.0) c=0.946 alpha=-0.162 beta=+0.230 | loss 3.0702 (delta +0.1848) size 309.7 MB sparsity 16.9%
gen 45 offspring [48/100] k=137 (used 137.0) c=0.992 alpha=-0.021 beta=+0.042 | loss 2.8920 (delta +0.0067) size 495.0 MB sparsity 3.2%
gen 45 offspring [49/100] k= 17 (used  17.0) c=0.978 alpha=-0.017 beta=+0.404 | loss 3.7211 (delta +0.8358) size 242.2 MB sparsity 27.4%
gen 45 offspring [50/100] k= 17 (used  17.0) c=0.849 alpha=-0.227 beta=+0.226 | loss 3.4143 (delta +0.5289) size 258.7 MB sparsity 20.7%
gen 45 offspring [51/100] k= 17 (used  17.0) c=0.980 alpha=-0.287 beta=+0.355 | loss 3.7568 (delta +0.8714) size 241.7 MB sparsity 27.6%
gen 45 offspring [52/100] k= 17 (used  17.0) c=0.849 alpha=-0.207 beta=+0.219 | loss 3.3906 (delta +0.5052) size 260.4 MB sparsity 20.0%
gen 45 offspring [53/100] k=127 (used 124.8) c=0.983 alpha=-0.424 beta=+0.317 | loss 3.5394 (delta +0.6541) size 364.7 MB sparsity 30.2%
gen 45 offspring [54/100] k= 17 (used  17.0) c=0.970 alpha=-0.151 beta=+0.300 | loss 3.5497 (delta +0.6643) size 251.5 MB sparsity 23.6%
gen 45 offspring [55/100] k= 33 (used  33.0) c=0.978 alpha=-0.216 beta=+0.436 | loss 3.3935 (delta +0.5082) size 288.8 MB sparsity 26.8%
gen 45 offspring [56/100] k= 22 (used  22.0) c=0.849 alpha=-0.060 beta=+0.228 | loss 3.2101 (delta +0.3247) size 308.9 MB sparsity 17.4%
gen 45 offspring [57/100] k= 17 (used  17.0) c=0.849 alpha=-0.174 beta=+0.241 | loss 3.3959 (delta +0.5106) size 260.0 MB sparsity 20.2%
gen 45 offspring [58/100] k= 17 (used  17.0) c=0.977 alpha=-0.284 beta=+0.438 | loss 3.9039 (delta +1.0186) size 234.6 MB sparsity 30.4%
gen 45 offspring [59/100] k= 33 (used  33.0) c=0.979 alpha=-0.218 beta=+0.043 | loss 3.0375 (delta +0.1522) size 326.1 MB sparsity 14.7%
gen 45 offspring [60/100] k= 16 (used  16.0) c=0.849 alpha=-0.227 beta=+0.094 | loss 3.5205 (delta +0.6352) size 246.8 MB sparsity 21.6%
gen 45 offspring [61/100] k= 56 (used  55.0) c=0.992 alpha=-0.216 beta=+0.128 | loss 3.0044 (delta +0.1191) size 371.5 MB sparsity 14.6%
gen 45 offspring [62/100] k= 57 (used  57.0) c=0.983 alpha=-0.200 beta=+0.014 | loss 2.9583 (delta +0.0729) size 371.5 MB sparsity 11.6%
gen 45 offspring [63/100] k= 70 (used  70.0) c=0.948 alpha=-0.013 beta=+0.115 | loss 2.9182 (delta +0.0328) size 433.3 MB sparsity 7.4%
gen 45 offspring [64/100] k= 16 (used  15.0) c=0.976 alpha=-0.004 beta=+0.432 | loss 4.0419 (delta +1.1566) size 236.0 MB sparsity 29.9%
gen 45 offspring [65/100] k= 16 (used  16.0) c=0.849 alpha=-0.218 beta=+0.263 | loss 3.5299 (delta +0.6446) size 246.7 MB sparsity 22.7%
gen 45 offspring [66/100] k= 33 (used  33.0) c=0.944 alpha=-0.116 beta=+0.008 | loss 2.9957 (delta +0.1103) size 337.9 MB sparsity 10.9%
gen 45 offspring [67/100] k= 33 (used  33.0) c=0.980 alpha=-0.222 beta=+0.292 | loss 3.1921 (delta +0.3068) size 305.0 MB sparsity 21.6%
gen 45 offspring [68/100] k= 33 (used  33.0) c=0.978 alpha=-0.218 beta=+0.352 | loss 3.2552 (delta +0.3699) size 298.3 MB sparsity 23.7%
gen 45 offspring [69/100] k= 17 (used  17.0) c=0.849 alpha=-0.012 beta=+0.298 | loss 3.4522 (delta +0.5669) size 255.3 MB sparsity 22.1%
gen 45 offspring [70/100] k= 16 (used  15.0) c=0.979 alpha=-0.000 beta=+0.428 | loss 4.0536 (delta +1.1682) size 236.2 MB sparsity 29.8%
gen 45 offspring [71/100] k= 16 (used  16.0) c=0.848 alpha=-0.182 beta=+0.415 | loss 3.7519 (delta +0.8665) size 241.5 MB sparsity 27.7%
gen 45 offspring [72/100] k= 17 (used  17.0) c=0.983 alpha=-0.277 beta=+0.365 | loss 3.7669 (delta +0.8816) size 241.5 MB sparsity 27.6%
gen 45 offspring [73/100] k= 18 (used  18.0) c=0.849 alpha=-0.208 beta=+0.354 | loss 3.5357 (delta +0.6504) size 295.4 MB sparsity 24.7%
gen 45 offspring [74/100] k=143 (used 142.7) c=0.979 alpha=-0.012 beta=+0.186 | loss 2.9281 (delta +0.0428) size 495.0 MB sparsity 9.0%
gen 45 offspring [75/100] k= 32 (used  31.0) c=0.981 alpha=-0.206 beta=+0.312 | loss 3.2320 (delta +0.3466) size 304.3 MB sparsity 21.8%
gen 45 offspring [76/100] k= 34 (used  33.0) c=0.972 alpha=-0.210 beta=+0.287 | loss 3.1722 (delta +0.2869) size 307.0 MB sparsity 20.9%
gen 45 offspring [77/100] k= 47 (used  47.0) c=0.977 alpha=-0.226 beta=+0.352 | loss 3.2425 (delta +0.3571) size 344.8 MB sparsity 23.9%
gen 45 offspring [78/100] k= 31 (used  31.0) c=0.976 alpha=-0.255 beta=+0.236 | loss 3.2099 (delta +0.3246) size 307.3 MB sparsity 20.7%
gen 45 offspring [79/100] k=128 (used 128.0) c=0.977 alpha=-0.043 beta=+0.042 | loss 2.8952 (delta +0.0098) size 433.3 MB sparsity 3.8%
gen 45 offspring [80/100] k= 17 (used  17.0) c=0.975 alpha=-0.220 beta=+0.310 | loss 3.5889 (delta +0.7035) size 249.8 MB sparsity 24.3%
gen 45 offspring [81/100] k= 33 (used  33.0) c=0.979 alpha=-0.091 beta=+0.349 | loss 3.1700 (delta +0.2846) size 310.4 MB sparsity 19.8%
gen 45 offspring [82/100] k= 32 (used  32.0) c=0.916 alpha=-0.103 beta=+0.382 | loss 3.2469 (delta +0.3615) size 306.4 MB sparsity 21.1%
gen 45 offspring [83/100] k= 17 (used  17.0) c=0.975 alpha=-0.251 beta=+0.442 | loss 3.8473 (delta +0.9619) size 236.7 MB sparsity 29.6%
gen 45 offspring [84/100] k= 43 (used  43.0) c=0.964 alpha=-0.218 beta=+0.297 | loss 3.1803 (delta +0.2950) size 353.9 MB sparsity 21.4%
gen 45 offspring [85/100] k= 45 (used  45.0) c=0.951 alpha=-0.213 beta=+0.278 | loss 3.1359 (delta +0.2506) size 357.5 MB sparsity 20.5%
gen 45 offspring [86/100] k= 17 (used  17.0) c=0.849 alpha=-0.216 beta=+0.437 | loss 3.7432 (delta +0.8578) size 241.0 MB sparsity 27.9%
gen 45 offspring [87/100] k= 58 (used  57.0) c=0.993 alpha=-0.061 beta=+0.084 | loss 2.9291 (delta +0.0438) size 371.5 MB sparsity 7.1%
gen 45 offspring [88/100] k= 33 (used  33.0) c=0.975 alpha=-0.231 beta=+0.300 | loss 3.2086 (delta +0.3233) size 302.9 MB sparsity 22.2%
gen 45 offspring [89/100] k= 34 (used  33.0) c=0.975 alpha=-0.251 beta=+0.366 | loss 3.3254 (delta +0.4400) size 292.8 MB sparsity 25.5%
gen 45 offspring [90/100] k= 16 (used  16.0) c=0.856 alpha=-0.209 beta=+0.179 | loss 3.5224 (delta +0.6371) size 246.7 MB sparsity 21.4%
gen 45 offspring [91/100] k= 22 (used  21.0) c=0.992 alpha=-0.036 beta=+0.054 | loss 3.2719 (delta +0.3865) size 308.1 MB sparsity 17.5%
gen 45 offspring [92/100] k= 17 (used  17.0) c=0.977 alpha=-0.195 beta=+0.438 | loss 3.7807 (delta +0.8954) size 239.2 MB sparsity 28.6%
gen 45 offspring [93/100] k= 17 (used  17.0) c=0.832 alpha=-0.012 beta=+0.186 | loss 3.3933 (delta +0.5080) size 264.1 MB sparsity 18.5%
gen 45 offspring [94/100] k= 33 (used  33.0) c=0.976 alpha=-0.218 beta=+0.313 | loss 3.2102 (delta +0.3248) size 303.0 MB sparsity 22.2%
gen 45 offspring [95/100] k=124 (used 123.9) c=0.983 alpha=-0.137 beta=+0.149 | loss 2.9278 (delta +0.0425) size 433.3 MB sparsity 12.0%
gen 45 offspring [96/100] k= 32 (used  32.0) c=0.918 alpha=-0.244 beta=+0.261 | loss 3.1918 (delta +0.3065) size 306.0 MB sparsity 21.2%
gen 45 offspring [97/100] k= 16 (used  16.0) c=0.854 alpha=-0.217 beta=+0.307 | loss 3.5922 (delta +0.7069) size 246.1 MB sparsity 24.2%
gen 45 offspring [98/100] k= 31 (used  31.0) c=0.953 alpha=-0.147 beta=+0.014 | loss 3.0159 (delta +0.1305) size 309.8 MB sparsity 12.3%
gen 45 offspring [99/100] k= 29 (used  29.0) c=0.986 alpha=-0.149 beta=+0.372 | loss 3.2749 (delta +0.3896) size 303.1 MB sparsity 22.2%
gen 45 offspring [100/100] k= 43 (used  43.0) c=0.916 alpha=-0.195 beta=+0.051 | loss 2.9799 (delta +0.0945) size 371.5 MB sparsity 12.2%
=== generation 45/50 done in 461s (0 reused), batch baseline 2.8854, HV 0.36768, front 100 points, 100/100 feasible, best delta loss +0.0030, smallest 235.6 MB
gen 46 offspring [1/100] k= 34 (used  33.0) c=0.979 alpha=-0.221 beta=+0.291 | loss 3.1892 (delta +0.3039) size 305.2 MB sparsity 21.5%
gen 46 offspring [2/100] k= 17 (used  17.0) c=0.978 alpha=-0.037 beta=+0.432 | loss 3.7634 (delta +0.8781) size 239.8 MB sparsity 28.3%
gen 46 offspring [3/100] k= 17 (used  17.0) c=0.979 alpha=-0.271 beta=+0.407 | loss 3.8375 (delta +0.9521) size 238.3 MB sparsity 29.0%
gen 46 offspring [4/100] k= 17 (used  17.0) c=0.825 alpha=-0.207 beta=+0.415 | loss 3.6926 (delta +0.8072) size 243.8 MB sparsity 26.7%
gen 46 offspring [5/100] k= 17 (used  17.0) c=0.849 alpha=-0.178 beta=+0.299 | loss 3.4548 (delta +0.5694) size 255.0 MB sparsity 22.2%
gen 46 offspring [6/100] k= 32 (used  32.0) c=0.860 alpha=-0.231 beta=+0.354 | loss 3.3335 (delta +0.4482) size 296.6 MB sparsity 24.3%
gen 46 offspring [7/100] k= 17 (used  17.0) c=0.881 alpha=-0.167 beta=+0.252 | loss 3.4542 (delta +0.5688) size 258.2 MB sparsity 20.9%
gen 46 offspring [8/100] k= 17 (used  17.0) c=0.848 alpha=-0.207 beta=+0.404 | loss 3.6485 (delta +0.7632) size 244.5 MB sparsity 26.4%
gen 46 offspring [9/100] k= 17 (used  17.0) c=0.976 alpha=-0.006 beta=+0.251 | loss 3.5175 (delta +0.6321) size 255.0 MB sparsity 22.2%
gen 46 offspring [10/100] k= 16 (used  16.0) c=0.849 alpha=-0.060 beta=+0.306 | loss 3.5752 (delta +0.6899) size 246.2 MB sparsity 23.8%
gen 46 offspring [11/100] k=128 (used 128.0) c=0.983 alpha=-0.044 beta=+0.036 | loss 2.8935 (delta +0.0081) size 433.3 MB sparsity 3.6%
gen 46 offspring [12/100] k= 33 (used  33.0) c=0.976 alpha=-0.115 beta=+0.298 | loss 3.1038 (delta +0.2185) size 315.8 MB sparsity 18.1%
gen 46 offspring [13/100] k= 32 (used  32.0) c=0.916 alpha=-0.160 beta=+0.038 | loss 3.0087 (delta +0.1234) size 309.8 MB sparsity 12.5%
gen 46 offspring [14/100] k= 17 (used  17.0) c=0.979 alpha=-0.194 beta=+0.428 | loss 3.7589 (delta +0.8735) size 240.0 MB sparsity 28.2%
gen 46 offspring [15/100] k= 23 (used  23.0) c=0.992 alpha=-0.154 beta=+0.428 | loss 3.5450 (delta +0.6597) size 292.9 MB sparsity 25.5%
gen 46 offspring [16/100] k=248 (used 248.0) c=0.978 alpha=-0.033 beta=+0.044 | loss 2.8890 (delta +0.0036) size 495.1 MB sparsity 3.3%
gen 46 offspring [17/100] k= 33 (used  33.0) c=0.940 alpha=-0.091 beta=+0.008 | loss 3.0009 (delta +0.1155) size 339.0 MB sparsity 10.5%
gen 46 offspring [18/100] k= 16 (used  15.0) c=0.992 alpha=-0.227 beta=+0.296 | loss 3.9123 (delta +1.0270) size 244.3 MB sparsity 25.7%
gen 46 offspring [19/100] k= 33 (used  33.0) c=0.976 alpha=-0.284 beta=+0.355 | loss 3.3611 (delta +0.4757) size 290.1 MB sparsity 26.4%
gen 46 offspring [20/100] k= 67 (used  67.0) c=0.980 alpha=-0.135 beta=+0.037 | loss 2.9292 (delta +0.0438) size 433.3 MB sparsity 8.4%
gen 46 offspring [21/100] k= 29 (used  29.0) c=0.976 alpha=-0.001 beta=+0.165 | loss 3.0505 (delta +0.1651) size 309.8 MB sparsity 13.6%
gen 46 offspring [22/100] k= 39 (used  39.0) c=0.977 alpha=-0.244 beta=+0.336 | loss 3.2904 (delta +0.4050) size 344.3 MB sparsity 24.0%
gen 46 offspring [23/100] k=222 (used 218.0) c=0.980 alpha=-0.250 beta=+0.352 | loss 3.2294 (delta +0.3441) size 434.3 MB sparsity 24.8%
gen 46 offspring [24/100] k= 16 (used  16.0) c=0.840 alpha=-0.061 beta=+0.105 | loss 3.5491 (delta +0.6637) size 246.9 MB sparsity 21.0%
gen 46 offspring [25/100] k= 17 (used  17.0) c=0.970 alpha=-0.260 beta=+0.365 | loss 3.6876 (delta +0.8023) size 242.9 MB sparsity 27.1%
gen 46 offspring [26/100] k= 35 (used  35.0) c=0.992 alpha=-0.258 beta=+0.039 | loss 3.0734 (delta +0.1881) size 370.2 MB sparsity 16.0%
gen 46 offspring [27/100] k= 49 (used  49.0) c=0.917 alpha=-0.195 beta=+0.051 | loss 2.9729 (delta +0.0876) size 371.5 MB sparsity 11.7%
gen 46 offspring [28/100] k= 20 (used  19.0) c=0.975 alpha=-0.195 beta=+0.388 | loss 3.5977 (delta +0.7123) size 292.1 MB sparsity 25.7%
gen 46 offspring [29/100] k= 57 (used  57.0) c=0.992 alpha=-0.227 beta=+0.064 | loss 2.9746 (delta +0.0893) size 371.5 MB sparsity 12.7%
gen 46 offspring [30/100] k= 35 (used  35.0) c=0.946 alpha=-0.210 beta=+0.467 | loss 3.5258 (delta +0.6404) size 330.8 MB sparsity 27.6%
gen 46 offspring [31/100] k= 33 (used  33.0) c=0.979 alpha=-0.120 beta=+0.081 | loss 2.9993 (delta +0.1139) size 336.7 MB sparsity 11.3%
gen 46 offspring [32/100] k= 38 (used  37.0) c=0.976 alpha=-0.284 beta=+0.355 | loss 3.4052 (delta +0.5199) size 335.7 MB sparsity 26.3%
gen 46 offspring [33/100] k= 17 (used  17.0) c=0.849 alpha=-0.216 beta=+0.037 | loss 3.3823 (delta +0.4969) size 261.9 MB sparsity 19.4%
gen 46 offspring [34/100] k= 32 (used  31.0) c=0.976 alpha=-0.231 beta=+0.343 | loss 3.2904 (delta +0.4051) size 297.7 MB sparsity 23.9%
gen 46 offspring [35/100] k= 29 (used  29.0) c=0.941 alpha=-0.109 beta=+0.249 | loss 3.0886 (delta +0.2033) size 309.7 MB sparsity 16.5%
gen 46 offspring [36/100] k= 16 (used  16.0) c=0.849 alpha=-0.216 beta=+0.241 | loss 3.5302 (delta +0.6448) size 246.8 MB sparsity 22.1%
gen 46 offspring [37/100] k= 16 (used  16.0) c=0.852 alpha=-0.216 beta=+0.304 | loss 3.6005 (delta +0.7151) size 246.1 MB sparsity 24.0%
gen 46 offspring [38/100] k= 16 (used  16.0) c=0.849 alpha=-0.215 beta=+0.280 | loss 3.5520 (delta +0.6666) size 246.5 MB sparsity 23.2%
gen 46 offspring [39/100] k= 34 (used  33.0) c=0.976 alpha=-0.229 beta=+0.336 | loss 3.2428 (delta +0.3575) size 298.9 MB sparsity 23.5%
gen 46 offspring [40/100] k= 18 (used  18.0) c=0.851 alpha=-0.206 beta=+0.059 | loss 3.3699 (delta +0.4845) size 307.0 MB sparsity 19.2%
gen 46 offspring [41/100] k= 17 (used  17.0) c=0.976 alpha=-0.234 beta=+0.306 | loss 3.5869 (delta +0.7016) size 249.5 MB sparsity 24.4%
gen 46 offspring [42/100] k= 33 (used  33.0) c=0.976 alpha=-0.156 beta=+0.352 | loss 3.1861 (delta +0.3007) size 305.5 MB sparsity 21.4%
gen 46 offspring [43/100] k= 32 (used  31.0) c=0.991 alpha=-0.210 beta=+0.294 | loss 3.2138 (delta +0.3284) size 306.0 MB sparsity 21.2%
gen 46 offspring [44/100] k= 16 (used  16.0) c=0.849 alpha=-0.227 beta=+0.428 | loss 3.7744 (delta +0.8890) size 239.4 MB sparsity 28.5%
gen 46 offspring [45/100] k= 19 (used  19.0) c=0.854 alpha=-0.217 beta=+0.307 | loss 3.4275 (delta +0.5421) size 301.4 MB sparsity 22.7%
gen 46 offspring [46/100] k= 33 (used  33.0) c=0.980 alpha=-0.250 beta=+0.435 | loss 3.4410 (delta +0.5556) size 284.8 MB sparsity 28.1%
gen 46 offspring [47/100] k= 16 (used  15.0) c=0.965 alpha=-0.217 beta=+0.361 | loss 3.9035 (delta +1.0181) size 242.3 MB sparsity 27.3%
gen 46 offspring [48/100] k= 36 (used  35.0) c=0.975 alpha=-0.253 beta=+0.377 | loss 3.3655 (delta +0.4802) size 337.0 MB sparsity 26.0%
gen 46 offspring [49/100] k= 64 (used  64.0) c=0.899 alpha=-0.065 beta=+0.077 | loss 2.9198 (delta +0.0345) size 371.5 MB sparsity 6.4%
gen 46 offspring [50/100] k= 34 (used  33.0) c=0.976 alpha=-0.236 beta=+0.352 | loss 3.2787 (delta +0.3934) size 296.1 MB sparsity 24.4%
gen 46 offspring [51/100] k= 31 (used  31.0) c=0.945 alpha=-0.073 beta=+0.429 | loss 3.3675 (delta +0.4822) size 300.5 MB sparsity 23.0%
gen 46 offspring [52/100] k= 17 (used  17.0) c=0.849 alpha=-0.179 beta=+0.437 | loss 3.7388 (delta +0.8534) size 242.6 MB sparsity 27.2%
gen 46 offspring [53/100] k=137 (used 137.0) c=0.996 alpha=-0.037 beta=+0.016 | loss 2.8938 (delta +0.0085) size 495.0 MB sparsity 3.0%
gen 46 offspring [54/100] k= 17 (used  17.0) c=0.849 alpha=-0.215 beta=+0.304 | loss 3.4897 (delta +0.6043) size 253.0 MB sparsity 23.0%
gen 46 offspring [55/100] k= 34 (used  33.0) c=0.976 alpha=-0.218 beta=+0.337 | loss 3.2310 (delta +0.3457) size 300.1 MB sparsity 23.1%
gen 46 offspring [56/100] k= 32 (used  32.0) c=0.918 alpha=-0.188 beta=+0.220 | loss 3.0942 (delta +0.2088) size 309.7 MB sparsity 17.4%
gen 46 offspring [57/100] k= 17 (used  17.0) c=0.849 alpha=-0.241 beta=+0.493 | loss 5.1276 (delta +2.2423) size 234.2 MB sparsity 30.6%
gen 46 offspring [58/100] k= 61 (used  61.0) c=0.973 alpha=-0.281 beta=+0.137 | loss 3.0534 (delta +0.1681) size 368.7 MB sparsity 17.4%
gen 46 offspring [59/100] k= 17 (used  17.0) c=0.988 alpha=-0.271 beta=+0.366 | loss 3.7512 (delta +0.8658) size 241.8 MB sparsity 27.5%
gen 46 offspring [60/100] k= 58 (used  58.0) c=0.849 alpha=-0.148 beta=+0.115 | loss 2.9662 (delta +0.0808) size 371.5 MB sparsity 11.2%
gen 46 offspring [61/100] k= 30 (used  29.0) c=0.966 alpha=-0.012 beta=+0.186 | loss 3.0601 (delta +0.1747) size 309.8 MB sparsity 14.3%
gen 46 offspring [62/100] k= 34 (used  34.0) c=0.950 alpha=-0.013 beta=+0.122 | loss 3.0018 (delta +0.1165) size 371.5 MB sparsity 11.1%
gen 46 offspring [63/100] k= 17 (used  17.0) c=0.940 alpha=-0.271 beta=+0.437 | loss 3.8880 (delta +1.0027) size 236.1 MB sparsity 29.9%
gen 46 offspring [64/100] k= 16 (used  16.0) c=0.849 alpha=-0.218 beta=+0.274 | loss 3.5424 (delta +0.6570) size 246.6 MB sparsity 23.0%
gen 46 offspring [65/100] k= 34 (used  33.0) c=0.978 alpha=-0.033 beta=+0.044 | loss 2.9989 (delta +0.1136) size 337.8 MB sparsity 10.9%
gen 46 offspring [66/100] k= 17 (used  17.0) c=0.975 alpha=-0.271 beta=+0.438 | loss 3.8889 (delta +1.0036) size 235.6 MB sparsity 30.0%
gen 46 offspring [67/100] k= 30 (used  29.0) c=0.987 alpha=-0.011 beta=+0.227 | loss 3.0938 (delta +0.2084) size 309.7 MB sparsity 16.0%
gen 46 offspring [68/100] k= 17 (used  17.0) c=0.978 alpha=-0.213 beta=+0.436 | loss 3.7782 (delta +0.8928) size 239.0 MB sparsity 28.7%
gen 46 offspring [69/100] k=137 (used 136.2) c=0.961 alpha=-0.060 beta=+0.295 | loss 3.0181 (delta +0.1327) size 484.1 MB sparsity 14.7%
gen 46 offspring [70/100] k= 33 (used  33.0) c=0.977 alpha=-0.290 beta=+0.352 | loss 3.3646 (delta +0.4792) size 289.7 MB sparsity 26.5%
gen 46 offspring [71/100] k= 26 (used  26.0) c=0.848 alpha=-0.202 beta=+0.451 | loss 3.5378 (delta +0.6524) size 288.5 MB sparsity 26.9%
gen 46 offspring [72/100] k= 35 (used  35.0) c=0.978 alpha=-0.209 beta=+0.314 | loss 3.2094 (delta +0.3241) size 352.4 MB sparsity 21.8%
gen 46 offspring [73/100] k= 17 (used  17.0) c=0.911 alpha=-0.023 beta=+0.487 | loss 14.9598 (delta +12.0744) size 236.7 MB sparsity 29.6%
gen 46 offspring [74/100] k= 61 (used  61.0) c=0.899 alpha=-0.061 beta=+0.048 | loss 2.9308 (delta +0.0454) size 371.5 MB sparsity 5.6%
gen 46 offspring [75/100] k= 29 (used  29.0) c=0.991 alpha=-0.043 beta=+0.298 | loss 3.1601 (delta +0.2747) size 308.8 MB sparsity 18.7%
gen 46 offspring [76/100] k= 33 (used  33.0) c=0.991 alpha=-0.150 beta=+0.309 | loss 3.1474 (delta +0.2620) size 311.2 MB sparsity 19.5%
gen 46 offspring [77/100] k= 32 (used  32.0) c=0.916 alpha=-0.125 beta=+0.311 | loss 3.1321 (delta +0.2467) size 309.2 MB sparsity 18.8%
gen 46 offspring [78/100] k= 17 (used  17.0) c=0.979 alpha=-0.241 beta=+0.473 | loss 3.9390 (delta +1.0537) size 234.5 MB sparsity 30.5%
gen 46 offspring [79/100] k= 29 (used  29.0) c=0.979 alpha=-0.013 beta=+0.267 | loss 3.1185 (delta +0.2331) size 309.3 MB sparsity 17.5%
gen 46 offspring [80/100] k= 17 (used  17.0) c=0.844 alpha=-0.217 beta=+0.354 | loss 3.5585 (delta +0.6731) size 248.4 MB sparsity 24.8%
gen 46 offspring [81/100] k= 35 (used  35.0) c=0.977 alpha=-0.195 beta=+0.337 | loss 3.2127 (delta +0.3273) size 351.1 MB sparsity 22.2%
gen 46 offspring [82/100] k= 16 (used  16.0) c=0.849 alpha=-0.189 beta=+0.302 | loss 3.5679 (delta +0.6825) size 246.2 MB sparsity 23.7%
gen 46 offspring [83/100] k= 17 (used  17.0) c=0.848 alpha=-0.025 beta=+0.192 | loss 3.3697 (delta +0.4844) size 263.2 MB sparsity 18.9%
gen 46 offspring [84/100] k=133 (used 132.5) c=0.985 alpha=-0.045 beta=+0.240 | loss 2.9661 (delta +0.0808) size 494.8 MB sparsity 11.9%
gen 46 offspring [85/100] k= 37 (used  37.0) c=0.979 alpha=-0.191 beta=+0.438 | loss 3.4055 (delta +0.5201) size 337.6 MB sparsity 25.8%
gen 46 offspring [86/100] k= 33 (used  33.0) c=0.978 alpha=-0.250 beta=+0.294 | loss 3.2311 (delta +0.3458) size 301.4 MB sparsity 22.7%
gen 46 offspring [87/100] k= 17 (used  17.0) c=0.958 alpha=-0.242 beta=+0.435 | loss 3.8458 (delta +0.9605) size 238.2 MB sparsity 29.0%
gen 46 offspring [88/100] k= 17 (used  17.0) c=0.973 alpha=-0.213 beta=+0.437 | loss 3.7852 (delta +0.8999) size 239.0 MB sparsity 28.6%
gen 46 offspring [89/100] k= 50 (used  49.9) c=0.974 alpha=-0.271 beta=+0.445 | loss 3.4911 (delta +0.6057) size 325.3 MB sparsity 29.1%
gen 46 offspring [90/100] k= 57 (used  57.0) c=0.981 alpha=-0.200 beta=+0.014 | loss 2.9592 (delta +0.0738) size 371.5 MB sparsity 11.5%
gen 46 offspring [91/100] k= 16 (used  16.0) c=0.848 alpha=-0.026 beta=+0.299 | loss 3.5593 (delta +0.6739) size 246.3 MB sparsity 23.6%
gen 46 offspring [92/100] k= 31 (used  31.0) c=0.988 alpha=-0.046 beta=+0.259 | loss 3.0923 (delta +0.2069) size 309.6 MB sparsity 16.8%
gen 46 offspring [93/100] k= 42 (used  42.0) c=0.918 alpha=-0.195 beta=+0.051 | loss 2.9909 (delta +0.1055) size 371.5 MB sparsity 12.4%
gen 46 offspring [94/100] k= 16 (used  15.0) c=0.969 alpha=-0.258 beta=+0.438 | loss 4.1017 (delta +1.2164) size 234.6 MB sparsity 30.4%
gen 46 offspring [95/100] k= 36 (used  35.0) c=0.978 alpha=-0.284 beta=+0.355 | loss 3.3625 (delta +0.4771) size 335.7 MB sparsity 26.4%
gen 46 offspring [96/100] k= 18 (used  17.0) c=0.976 alpha=-0.218 beta=+0.298 | loss 3.5593 (delta +0.6740) size 250.8 MB sparsity 23.9%
gen 46 offspring [97/100] k= 70 (used  70.0) c=0.945 alpha=-0.013 beta=+0.115 | loss 2.9176 (delta +0.0323) size 433.3 MB sparsity 7.4%
gen 46 offspring [98/100] k= 17 (used  17.0) c=0.849 alpha=-0.216 beta=+0.197 | loss 3.3872 (delta +0.5019) size 261.1 MB sparsity 19.7%
gen 46 offspring [99/100] k=128 (used 127.9) c=0.935 alpha=-0.159 beta=+0.033 | loss 2.9208 (delta +0.0354) size 433.3 MB sparsity 8.2%
gen 46 offspring [100/100] k= 31 (used  31.0) c=0.916 alpha=-0.071 beta=+0.042 | loss 3.0051 (delta +0.1197) size 309.8 MB sparsity 10.9%
=== generation 46/50 done in 462s (0 reused), batch baseline 2.8854, HV 0.36784, front 100 points, 100/100 feasible, best delta loss +0.0030, smallest 235.6 MB
gen 47 offspring [1/100] k= 16 (used  16.0) c=0.849 alpha=-0.297 beta=+0.353 | loss 3.7523 (delta +0.8669) size 241.1 MB sparsity 27.8%
gen 47 offspring [2/100] k= 17 (used  17.0) c=0.840 alpha=-0.216 beta=+0.185 | loss 3.3997 (delta +0.5143) size 261.8 MB sparsity 19.4%
gen 47 offspring [3/100] k= 16 (used  16.0) c=0.849 alpha=-0.242 beta=+0.318 | loss 3.6337 (delta +0.7483) size 245.8 MB sparsity 24.9%
gen 47 offspring [4/100] k=116 (used 114.7) c=0.981 alpha=-0.207 beta=+0.404 | loss 3.2585 (delta +0.3731) size 386.9 MB sparsity 25.0%
gen 47 offspring [5/100] k= 16 (used  16.0) c=0.853 alpha=-0.227 beta=+0.427 | loss 3.7881 (delta +0.9027) size 239.3 MB sparsity 28.5%
gen 47 offspring [6/100] k= 17 (used  17.0) c=0.848 alpha=-0.240 beta=+0.437 | loss 3.7867 (delta +0.9014) size 239.3 MB sparsity 28.6%
gen 47 offspring [7/100] k= 23 (used  23.0) c=0.983 alpha=-0.230 beta=+0.013 | loss 3.2506 (delta +0.3652) size 308.6 MB sparsity 18.0%
gen 47 offspring [8/100] k= 33 (used  33.0) c=0.969 alpha=-0.047 beta=+0.413 | loss 3.3319 (delta +0.4465) size 303.0 MB sparsity 22.2%
gen 47 offspring [9/100] k=128 (used 128.0) c=0.983 alpha=-0.043 beta=+0.030 | loss 2.8931 (delta +0.0078) size 433.3 MB sparsity 3.4%
gen 47 offspring [10/100] k= 32 (used  32.0) c=0.920 alpha=-0.126 beta=+0.038 | loss 3.0053 (delta +0.1199) size 309.8 MB sparsity 11.4%
gen 47 offspring [11/100] k= 17 (used  17.0) c=0.845 alpha=-0.025 beta=+0.192 | loss 3.3748 (delta +0.4895) size 263.4 MB sparsity 18.8%
gen 47 offspring [12/100] k= 16 (used  16.0) c=0.848 alpha=-0.260 beta=+0.384 | loss 3.7557 (delta +0.8704) size 241.2 MB sparsity 27.8%
gen 47 offspring [13/100] k= 30 (used  29.0) c=0.981 alpha=-0.209 beta=+0.314 | loss 3.2566 (delta +0.3713) size 303.5 MB sparsity 22.0%
gen 47 offspring [14/100] k= 34 (used  33.0) c=0.978 alpha=-0.207 beta=+0.310 | loss 3.1976 (delta +0.3122) size 304.7 MB sparsity 21.7%
gen 47 offspring [15/100] k= 58 (used  57.0) c=0.993 alpha=-0.050 beta=+0.090 | loss 2.9303 (delta +0.0449) size 371.5 MB sparsity 7.2%
gen 47 offspring [16/100] k= 27 (used  27.0) c=0.899 alpha=-0.061 beta=+0.019 | loss 3.0610 (delta +0.1757) size 309.8 MB sparsity 12.3%
gen 47 offspring [17/100] k= 17 (used  17.0) c=0.811 alpha=-0.216 beta=+0.398 | loss 3.7186 (delta +0.8333) size 244.9 MB sparsity 26.3%
gen 47 offspring [18/100] k= 39 (used  39.0) c=0.991 alpha=-0.251 beta=+0.444 | loss 3.4927 (delta +0.6074) size 328.2 MB sparsity 28.4%
gen 47 offspring [19/100] k= 17 (used  17.0) c=0.993 alpha=-0.283 beta=+0.358 | loss 3.7439 (delta +0.8585) size 241.6 MB sparsity 27.6%
gen 47 offspring [20/100] k= 17 (used  17.0) c=0.978 alpha=-0.232 beta=+0.329 | loss 3.6170 (delta +0.7316) size 247.7 MB sparsity 25.1%
gen 47 offspring [21/100] k=137 (used 137.0) c=0.992 alpha=-0.045 beta=+0.041 | loss 2.8921 (delta +0.0067) size 495.0 MB sparsity 3.8%
gen 47 offspring [22/100] k=236 (used 236.0) c=0.978 alpha=-0.036 beta=+0.044 | loss 2.8886 (delta +0.0032) size 495.1 MB sparsity 3.4%
gen 47 offspring [23/100] k= 19 (used  19.0) c=0.866 alpha=-0.039 beta=+0.228 | loss 3.2939 (delta +0.4086) size 308.0 MB sparsity 18.6%
gen 47 offspring [24/100] k= 40 (used  40.0) c=0.849 alpha=-0.146 beta=+0.267 | loss 3.0871 (delta +0.2018) size 368.8 MB sparsity 17.4%
gen 47 offspring [25/100] k= 29 (used  29.0) c=0.846 alpha=-0.135 beta=+0.241 | loss 3.0954 (delta +0.2101) size 309.8 MB sparsity 16.3%
gen 47 offspring [26/100] k=142 (used 140.1) c=0.975 alpha=-0.285 beta=+0.328 | loss 3.2554 (delta +0.3701) size 432.1 MB sparsity 25.3%
gen 47 offspring [27/100] k= 16 (used  16.0) c=0.872 alpha=-0.202 beta=+0.386 | loss 3.7308 (delta +0.8454) size 243.1 MB sparsity 27.0%
gen 47 offspring [28/100] k= 16 (used  15.0) c=0.982 alpha=-0.131 beta=+0.399 | loss 4.0142 (delta +1.1289) size 238.6 MB sparsity 28.8%
gen 47 offspring [29/100] k= 34 (used  33.0) c=0.976 alpha=-0.236 beta=+0.352 | loss 3.2782 (delta +0.3928) size 296.1 MB sparsity 24.4%
gen 47 offspring [30/100] k= 17 (used  17.0) c=0.848 alpha=-0.231 beta=+0.311 | loss 3.5422 (delta +0.6569) size 251.3 MB sparsity 23.7%
gen 47 offspring [31/100] k= 70 (used  70.0) c=0.955 alpha=-0.034 beta=+0.113 | loss 2.9202 (delta +0.0349) size 433.3 MB sparsity 7.4%
gen 47 offspring [32/100] k= 34 (used  33.0) c=0.972 alpha=-0.210 beta=+0.287 | loss 3.1706 (delta +0.2852) size 307.1 MB sparsity 20.9%
gen 47 offspring [33/100] k= 16 (used  15.0) c=0.992 alpha=-0.227 beta=+0.111 | loss 3.8702 (delta +0.9849) size 244.7 MB sparsity 24.5%
gen 47 offspring [34/100] k= 31 (used  31.0) c=0.951 alpha=-0.227 beta=+0.428 | loss 3.3998 (delta +0.5145) size 288.4 MB sparsity 26.9%
gen 47 offspring [35/100] k= 31 (used  31.0) c=0.946 alpha=-0.167 beta=+0.230 | loss 3.0764 (delta +0.1910) size 309.7 MB sparsity 17.1%
gen 47 offspring [36/100] k= 20 (used  20.0) c=0.856 alpha=-0.203 beta=+0.337 | loss 3.4491 (delta +0.5637) size 299.4 MB sparsity 23.4%
gen 47 offspring [37/100] k= 29 (used  29.0) c=0.983 alpha=-0.112 beta=+0.258 | loss 3.1141 (delta +0.2287) size 309.4 MB sparsity 17.2%
gen 47 offspring [38/100] k= 17 (used  17.0) c=0.849 alpha=-0.216 beta=+0.330 | loss 3.5120 (delta +0.6266) size 250.6 MB sparsity 24.0%
gen 47 offspring [39/100] k= 28 (used  28.0) c=0.849 alpha=-0.216 beta=+0.304 | loss 3.2624 (delta +0.3770) size 304.1 MB sparsity 21.8%
gen 47 offspring [40/100] k= 17 (used  17.0) c=0.979 alpha=-0.200 beta=+0.343 | loss 3.6118 (delta +0.7264) size 247.4 MB sparsity 25.3%
gen 47 offspring [41/100] k= 58 (used  57.0) c=0.991 alpha=-0.147 beta=+0.090 | loss 2.9412 (delta +0.0559) size 371.5 MB sparsity 10.3%
gen 47 offspring [42/100] k= 17 (used  17.0) c=0.839 alpha=-0.212 beta=+0.438 | loss 3.7494 (delta +0.8641) size 241.3 MB sparsity 27.7%
gen 47 offspring [43/100] k= 65 (used  65.0) c=0.898 alpha=-0.050 beta=+0.042 | loss 2.9257 (delta +0.0403) size 414.3 MB sparsity 5.1%
gen 47 offspring [44/100] k= 32 (used  32.0) c=0.916 alpha=-0.062 beta=+0.038 | loss 3.0010 (delta +0.1156) size 309.8 MB sparsity 10.9%
gen 47 offspring [45/100] k= 16 (used  15.0) c=0.971 alpha=-0.184 beta=+0.345 | loss 3.9425 (delta +1.0572) size 243.2 MB sparsity 26.8%
gen 47 offspring [46/100] k= 33 (used  33.0) c=0.979 alpha=-0.202 beta=+0.306 | loss 3.1802 (delta +0.2948) size 305.8 MB sparsity 21.3%
gen 47 offspring [47/100] k= 16 (used  16.0) c=0.849 alpha=-0.221 beta=+0.242 | loss 3.5315 (delta +0.6462) size 246.8 MB sparsity 22.2%
gen 47 offspring [48/100] k= 23 (used  23.0) c=0.986 alpha=-0.202 beta=+0.354 | loss 3.4440 (delta +0.5586) size 298.2 MB sparsity 23.8%
gen 47 offspring [49/100] k= 17 (used  17.0) c=0.978 alpha=-0.060 beta=+0.228 | loss 3.5063 (delta +0.6209) size 256.2 MB sparsity 21.7%
gen 47 offspring [50/100] k= 16 (used  16.0) c=0.850 alpha=-0.136 beta=+0.047 | loss 3.5198 (delta +0.6345) size 246.8 MB sparsity 21.2%
gen 47 offspring [51/100] k= 16 (used  16.0) c=0.849 alpha=-0.060 beta=+0.306 | loss 3.5762 (delta +0.6909) size 246.2 MB sparsity 23.8%
gen 47 offspring [52/100] k= 34 (used  33.0) c=0.980 alpha=-0.245 beta=+0.336 | loss 3.2713 (delta +0.3859) size 297.0 MB sparsity 24.1%
gen 47 offspring [53/100] k= 51 (used  50.9) c=0.966 alpha=-0.200 beta=+0.368 | loss 3.2284 (delta +0.3430) size 346.5 MB sparsity 23.4%
gen 47 offspring [54/100] k= 17 (used  17.0) c=0.855 alpha=-0.218 beta=+0.335 | loss 3.5398 (delta +0.6544) size 249.9 MB sparsity 24.2%
gen 47 offspring [55/100] k= 34 (used  33.0) c=0.977 alpha=-0.284 beta=+0.358 | loss 3.3675 (delta +0.4821) size 289.8 MB sparsity 26.5%
gen 47 offspring [56/100] k= 34 (used  33.0) c=0.983 alpha=-0.082 beta=+0.043 | loss 3.0003 (delta +0.1150) size 337.6 MB sparsity 11.0%
gen 47 offspring [57/100] k= 18 (used  17.0) c=0.972 alpha=-0.191 beta=+0.074 | loss 3.5012 (delta +0.6158) size 257.4 MB sparsity 21.2%
gen 47 offspring [58/100] k= 57 (used  57.0) c=0.992 alpha=-0.233 beta=+0.111 | loss 2.9973 (delta +0.1119) size 371.5 MB sparsity 14.6%
gen 47 offspring [59/100] k= 31 (used  31.0) c=0.946 alpha=-0.164 beta=+0.275 | loss 3.1142 (delta +0.2288) size 309.3 MB sparsity 18.7%
gen 47 offspring [60/100] k= 34 (used  33.0) c=0.975 alpha=-0.206 beta=+0.337 | loss 3.2154 (delta +0.3301) size 301.6 MB sparsity 22.7%
gen 47 offspring [61/100] k= 66 (used  66.0) c=0.944 alpha=-0.091 beta=+0.007 | loss 2.9203 (delta +0.0350) size 433.3 MB sparsity 6.6%
gen 47 offspring [62/100] k= 19 (used  19.0) c=0.970 alpha=-0.271 beta=+0.434 | loss 3.7928 (delta +0.9075) size 280.5 MB sparsity 29.5%
gen 47 offspring [63/100] k= 34 (used  33.0) c=0.975 alpha=-0.065 beta=+0.410 | loss 3.3051 (delta +0.4197) size 303.4 MB sparsity 22.1%
gen 47 offspring [64/100] k= 34 (used  34.0) c=0.849 alpha=-0.207 beta=+0.257 | loss 3.1883 (delta +0.3030) size 360.9 MB sparsity 19.5%
gen 47 offspring [65/100] k= 41 (used  41.0) c=0.848 alpha=-0.291 beta=+0.352 | loss 3.3883 (delta +0.5029) size 335.3 MB sparsity 26.5%
gen 47 offspring [66/100] k= 29 (used  29.0) c=0.941 alpha=-0.069 beta=+0.012 | loss 3.0357 (delta +0.1503) size 309.8 MB sparsity 12.0%
gen 47 offspring [67/100] k= 16 (used  16.0) c=0.854 alpha=-0.215 beta=+0.307 | loss 3.5940 (delta +0.7086) size 246.1 MB sparsity 24.1%
gen 47 offspring [68/100] k= 34 (used  33.0) c=0.999 alpha=-0.209 beta=+0.311 | loss 3.2070 (delta +0.3216) size 304.2 MB sparsity 21.8%
gen 47 offspring [69/100] k= 17 (used  17.0) c=0.936 alpha=-0.207 beta=+0.014 | loss 3.4695 (delta +0.5841) size 258.8 MB sparsity 20.6%
gen 47 offspring [70/100] k=152 (used 151.5) c=0.993 alpha=-0.218 beta=+0.047 | loss 2.9411 (delta +0.0557) size 495.0 MB sparsity 11.1%
gen 47 offspring [71/100] k= 28 (used  27.0) c=0.993 alpha=-0.048 beta=+0.066 | loss 3.0968 (delta +0.2115) size 309.7 MB sparsity 13.6%
gen 47 offspring [72/100] k= 21 (used  21.0) c=0.849 alpha=-0.217 beta=+0.394 | loss 3.4943 (delta +0.6090) size 292.4 MB sparsity 25.6%
gen 47 offspring [73/100] k= 34 (used  34.0) c=0.840 alpha=-0.205 beta=+0.047 | loss 3.0357 (delta +0.1504) size 371.5 MB sparsity 13.4%
gen 47 offspring [74/100] k= 33 (used  33.0) c=0.976 alpha=-0.276 beta=+0.352 | loss 3.3388 (delta +0.4535) size 291.4 MB sparsity 26.0%
gen 47 offspring [75/100] k= 16 (used  15.0) c=0.981 alpha=-0.270 beta=+0.438 | loss 4.1069 (delta +1.2215) size 233.8 MB sparsity 30.7%
gen 47 offspring [76/100] k= 33 (used  33.0) c=0.984 alpha=-0.198 beta=+0.335 | loss 3.2154 (delta +0.3300) size 302.7 MB sparsity 22.3%
gen 47 offspring [77/100] k= 19 (used  19.0) c=0.849 alpha=-0.217 beta=+0.422 | loss 3.6229 (delta +0.7376) size 288.5 MB sparsity 26.9%
gen 47 offspring [78/100] k= 32 (used  31.0) c=0.984 alpha=-0.001 beta=+0.432 | loss 3.3698 (delta +0.4844) size 299.6 MB sparsity 23.3%
gen 47 offspring [79/100] k= 16 (used  16.0) c=0.855 alpha=-0.162 beta=+0.262 | loss 3.5486 (delta +0.6633) size 246.6 MB sparsity 22.5%
gen 47 offspring [80/100] k= 17 (used  17.0) c=0.977 alpha=-0.261 beta=+0.683 | loss 16.6642 (delta +13.7789) size 216.0 MB sparsity 38.0%
gen 47 offspring [81/100] k= 34 (used  34.0) c=0.969 alpha=-0.157 beta=+0.211 | loss 3.0645 (delta +0.1792) size 370.6 MB sparsity 15.9%
gen 47 offspring [82/100] k=236 (used 235.5) c=0.978 alpha=-0.129 beta=+0.044 | loss 2.9001 (delta +0.0147) size 495.1 MB sparsity 7.3%
gen 47 offspring [83/100] k= 16 (used  16.0) c=0.846 alpha=-0.154 beta=+0.313 | loss 3.6106 (delta +0.7252) size 246.1 MB sparsity 24.0%
gen 47 offspring [84/100] k= 17 (used  17.0) c=0.926 alpha=-0.031 beta=+0.192 | loss 3.4613 (delta +0.5759) size 259.7 MB sparsity 20.3%
gen 47 offspring [85/100] k= 33 (used  33.0) c=0.845 alpha=-0.207 beta=+0.256 | loss 3.1948 (delta +0.3094) size 311.5 MB sparsity 19.5%
gen 47 offspring [86/100] k= 30 (used  29.0) c=0.981 alpha=-0.004 beta=+0.186 | loss 3.0608 (delta +0.1755) size 309.8 MB sparsity 14.4%
gen 47 offspring [87/100] k= 16 (used  16.0) c=0.854 alpha=-0.222 beta=+0.337 | loss 3.6176 (delta +0.7322) size 245.4 MB sparsity 25.2%
gen 47 offspring [88/100] k= 17 (used  17.0) c=0.969 alpha=-0.258 beta=+0.428 | loss 3.8066 (delta +0.9213) size 237.5 MB sparsity 29.2%
gen 47 offspring [89/100] k=128 (used 128.0) c=0.984 alpha=-0.061 beta=+0.077 | loss 2.8950 (delta +0.0097) size 433.3 MB sparsity 5.9%
gen 47 offspring [90/100] k= 17 (used  17.0) c=0.878 alpha=-0.191 beta=+0.093 | loss 3.4119 (delta +0.5266) size 261.9 MB sparsity 19.4%
gen 47 offspring [91/100] k= 17 (used  17.0) c=0.848 alpha=-0.222 beta=+0.434 | loss 3.7447 (delta +0.8593) size 240.9 MB sparsity 27.9%
gen 47 offspring [92/100] k= 16 (used  16.0) c=0.846 alpha=-0.060 beta=+0.289 | loss 3.5682 (delta +0.6829) size 246.5 MB sparsity 23.2%
gen 47 offspring [93/100] k= 16 (used  16.0) c=0.853 alpha=-0.000 beta=+0.165 | loss 3.5279 (delta +0.6425) size 246.8 MB sparsity 21.3%
gen 47 offspring [94/100] k= 34 (used  33.0) c=0.983 alpha=-0.060 beta=+0.337 | loss 3.1624 (delta +0.2770) size 311.8 MB sparsity 19.4%
gen 47 offspring [95/100] k= 31 (used  31.0) c=0.898 alpha=-0.162 beta=+0.228 | loss 3.0799 (delta +0.1945) size 309.8 MB sparsity 16.7%
gen 47 offspring [96/100] k= 17 (used  17.0) c=0.978 alpha=-0.251 beta=+0.438 | loss 3.8316 (delta +0.9462) size 237.0 MB sparsity 29.5%
gen 47 offspring [97/100] k= 31 (used  31.0) c=0.972 alpha=-0.062 beta=+0.228 | loss 3.0665 (delta +0.1812) size 309.8 MB sparsity 15.5%
gen 47 offspring [98/100] k= 18 (used  18.0) c=0.849 alpha=-0.206 beta=+0.306 | loss 3.4683 (delta +0.5829) size 301.0 MB sparsity 22.9%
gen 47 offspring [99/100] k= 74 (used  74.0) c=0.957 alpha=-0.061 beta=+0.079 | loss 2.9118 (delta +0.0264) size 433.3 MB sparsity 6.3%
gen 47 offspring [100/100] k= 16 (used  16.0) c=0.884 alpha=-0.258 beta=+0.422 | loss 3.8807 (delta +0.9953) size 237.6 MB sparsity 29.2%
=== generation 47/50 done in 461s (0 reused), batch baseline 2.8854, HV 0.36774, front 100 points, 100/100 feasible, best delta loss +0.0030, smallest 235.6 MB
gen 48 offspring [1/100] k= 17 (used  17.0) c=0.940 alpha=-0.191 beta=+0.255 | loss 3.4881 (delta +0.6028) size 255.9 MB sparsity 21.8%
gen 48 offspring [2/100] k= 34 (used  34.0) c=0.853 alpha=-0.218 beta=+0.337 | loss 3.2988 (delta +0.4135) size 347.9 MB sparsity 23.0%
gen 48 offspring [3/100] k= 16 (used  15.0) c=0.976 alpha=-0.025 beta=+0.302 | loss 3.9119 (delta +1.0265) size 244.4 MB sparsity 25.6%
gen 48 offspring [4/100] k= 17 (used  17.0) c=0.849 alpha=-0.216 beta=+0.280 | loss 3.4579 (delta +0.5726) size 255.1 MB sparsity 22.2%
gen 48 offspring [5/100] k= 30 (used  29.0) c=0.975 alpha=-0.207 beta=+0.117 | loss 3.0862 (delta +0.2009) size 309.8 MB sparsity 15.2%
gen 48 offspring [6/100] k= 31 (used  31.0) c=0.953 alpha=-0.148 beta=+0.014 | loss 3.0146 (delta +0.1292) size 309.8 MB sparsity 12.4%
gen 48 offspring [7/100] k=232 (used 232.0) c=0.978 alpha=-0.065 beta=+0.032 | loss 2.8899 (delta +0.0045) size 495.1 MB sparsity 4.1%
gen 48 offspring [8/100] k= 17 (used  17.0) c=0.846 alpha=-0.295 beta=+0.292 | loss 3.6398 (delta +0.7545) size 247.7 MB sparsity 25.1%
gen 48 offspring [9/100] k= 65 (used  64.3) c=0.847 alpha=-0.227 beta=+0.476 | loss 3.5172 (delta +0.6318) size 327.8 MB sparsity 28.5%
gen 48 offspring [10/100] k= 17 (used  17.0) c=0.849 alpha=-0.207 beta=+0.180 | loss 3.3841 (delta +0.4987) size 262.2 MB sparsity 19.3%
gen 48 offspring [11/100] k=127 (used 126.3) c=0.984 alpha=-0.043 beta=+0.292 | loss 3.0188 (delta +0.1334) size 432.8 MB sparsity 13.9%
gen 48 offspring [12/100] k= 17 (used  17.0) c=0.849 alpha=-0.191 beta=+0.304 | loss 3.4738 (delta +0.5885) size 254.3 MB sparsity 22.5%
gen 48 offspring [13/100] k= 18 (used  18.0) c=0.879 alpha=-0.216 beta=+0.352 | loss 3.5876 (delta +0.7022) size 294.5 MB sparsity 24.9%
gen 48 offspring [14/100] k= 17 (used  17.0) c=0.970 alpha=-0.029 beta=+0.434 | loss 3.7547 (delta +0.8693) size 239.8 MB sparsity 28.3%
gen 48 offspring [15/100] k= 24 (used  23.0) c=0.976 alpha=-0.246 beta=+0.347 | loss 3.4935 (delta +0.6082) size 294.2 MB sparsity 25.0%
gen 48 offspring [16/100] k= 29 (used  29.0) c=0.940 alpha=-0.100 beta=+0.010 | loss 3.0361 (delta +0.1507) size 309.8 MB sparsity 12.0%
gen 48 offspring [17/100] k= 31 (used  31.0) c=0.946 alpha=-0.167 beta=+0.244 | loss 3.0868 (delta +0.2014) size 309.6 MB sparsity 17.7%
gen 48 offspring [18/100] k=133 (used 133.0) c=0.992 alpha=-0.051 beta=+0.042 | loss 2.8956 (delta +0.0102) size 495.0 MB sparsity 4.1%
gen 48 offspring [19/100] k= 17 (used  17.0) c=0.944 alpha=-0.273 beta=+0.428 | loss 3.8989 (delta +1.0135) size 236.6 MB sparsity 29.6%
gen 48 offspring [20/100] k= 20 (used  19.0) c=0.973 alpha=-0.209 beta=+0.437 | loss 3.7201 (delta +0.8348) size 285.8 MB sparsity 27.8%
gen 48 offspring [21/100] k= 36 (used  36.0) c=0.916 alpha=-0.195 beta=+0.252 | loss 3.1601 (delta +0.2747) size 363.5 MB sparsity 18.8%
gen 48 offspring [22/100] k= 38 (used  37.0) c=0.978 alpha=-0.246 beta=+0.336 | loss 3.3263 (delta +0.4410) size 344.0 MB sparsity 24.1%
gen 48 offspring [23/100] k= 31 (used  31.0) c=0.946 alpha=-0.227 beta=+0.111 | loss 3.0546 (delta +0.1692) size 309.8 MB sparsity 15.4%
gen 48 offspring [24/100] k= 17 (used  17.0) c=0.842 alpha=-0.217 beta=+0.339 | loss 3.5360 (delta +0.6507) size 249.8 MB sparsity 24.3%
gen 48 offspring [25/100] k= 17 (used  17.0) c=0.848 alpha=-0.207 beta=+0.415 | loss 3.6733 (delta +0.7880) size 243.5 MB sparsity 26.8%
gen 48 offspring [26/100] k= 17 (used  17.0) c=0.849 alpha=-0.204 beta=+0.275 | loss 3.4397 (delta +0.5544) size 256.2 MB sparsity 21.7%
gen 48 offspring [27/100] k= 35 (used  35.0) c=0.849 alpha=-0.227 beta=+0.429 | loss 3.4179 (delta +0.5326) size 333.8 MB sparsity 26.9%
gen 48 offspring [28/100] k= 17 (used  17.0) c=0.976 alpha=-0.279 beta=+0.435 | loss 3.8679 (delta +0.9826) size 235.3 MB sparsity 30.2%
gen 48 offspring [29/100] k= 34 (used  34.0) c=0.941 alpha=-0.100 beta=+0.010 | loss 2.9993 (delta +0.1140) size 371.5 MB sparsity 10.6%
gen 48 offspring [30/100] k=236 (used 234.1) c=0.978 alpha=-0.271 beta=+0.044 | loss 2.9854 (delta +0.1001) size 492.1 MB sparsity 13.1%
gen 48 offspring [31/100] k= 16 (used  16.0) c=0.849 alpha=-0.217 beta=+0.307 | loss 3.5904 (delta +0.7051) size 246.1 MB sparsity 24.1%
gen 48 offspring [32/100] k= 32 (used  32.0) c=0.916 alpha=-0.207 beta=+0.038 | loss 3.0367 (delta +0.1514) size 309.8 MB sparsity 14.3%
gen 48 offspring [33/100] k= 17 (used  17.0) c=0.977 alpha=-0.271 beta=+0.404 | loss 3.8326 (delta +0.9472) size 238.6 MB sparsity 28.8%
gen 48 offspring [34/100] k= 33 (used  33.0) c=0.920 alpha=-0.091 beta=+0.008 | loss 3.0029 (delta +0.1176) size 339.7 MB sparsity 10.3%
gen 48 offspring [35/100] k= 70 (used  70.0) c=0.901 alpha=-0.013 beta=+0.115 | loss 2.9205 (delta +0.0352) size 433.3 MB sparsity 7.3%
gen 48 offspring [36/100] k= 17 (used  17.0) c=0.979 alpha=-0.042 beta=+0.432 | loss 3.7588 (delta +0.8735) size 239.8 MB sparsity 28.4%
gen 48 offspring [37/100] k= 17 (used  17.0) c=0.842 alpha=-0.215 beta=+0.422 | loss 3.7046 (delta +0.8193) size 242.5 MB sparsity 27.2%
gen 48 offspring [38/100] k=124 (used 124.0) c=0.983 alpha=-0.137 beta=+0.047 | loss 2.9086 (delta +0.0232) size 433.3 MB sparsity 7.8%
gen 48 offspring [39/100] k= 34 (used  33.0) c=0.978 alpha=-0.209 beta=+0.314 | loss 3.2017 (delta +0.3164) size 304.0 MB sparsity 21.9%
gen 48 offspring [40/100] k= 34 (used  34.0) c=0.849 alpha=-0.217 beta=+0.354 | loss 3.3109 (delta +0.4255) size 345.6 MB sparsity 23.7%
gen 48 offspring [41/100] k= 58 (used  57.0) c=0.983 alpha=-0.026 beta=+0.014 | loss 2.9312 (delta +0.0458) size 371.5 MB sparsity 6.3%
gen 48 offspring [42/100] k= 34 (used  33.0) c=0.983 alpha=-0.251 beta=+0.366 | loss 3.3440 (delta +0.4586) size 292.8 MB sparsity 25.5%
gen 48 offspring [43/100] k= 16 (used  15.0) c=0.983 alpha=-0.043 beta=+0.042 | loss 3.8660 (delta +0.9807) size 244.8 MB sparsity 24.3%
gen 48 offspring [44/100] k= 18 (used  18.0) c=0.848 alpha=-0.030 beta=+0.192 | loss 3.3537 (delta +0.4683) size 307.1 MB sparsity 18.9%
gen 48 offspring [45/100] k= 28 (used  28.0) c=0.850 alpha=-0.011 beta=+0.094 | loss 3.0428 (delta +0.1575) size 309.8 MB sparsity 11.7%
gen 48 offspring [46/100] k= 17 (used  17.0) c=0.972 alpha=-0.216 beta=+0.413 | loss 3.7409 (delta +0.8556) size 241.0 MB sparsity 27.8%
gen 48 offspring [47/100] k= 32 (used  32.0) c=0.858 alpha=-0.043 beta=+0.188 | loss 3.0464 (delta +0.1610) size 309.8 MB sparsity 13.2%
gen 48 offspring [48/100] k= 32 (used  32.0) c=0.918 alpha=-0.210 beta=+0.270 | loss 3.1550 (delta +0.2697) size 308.2 MB sparsity 20.2%
gen 48 offspring [49/100] k= 16 (used  15.0) c=0.971 alpha=-0.241 beta=+0.435 | loss 4.0509 (delta +1.1656) size 235.5 MB sparsity 30.1%
gen 48 offspring [50/100] k= 71 (used  70.9) c=0.952 alpha=-0.010 beta=+0.296 | loss 3.0369 (delta +0.1515) size 431.1 MB sparsity 14.7%
gen 48 offspring [51/100] k= 34 (used  33.0) c=0.977 alpha=-0.205 beta=+0.337 | loss 3.2137 (delta +0.3283) size 301.7 MB sparsity 22.6%
gen 48 offspring [52/100] k= 32 (used  32.0) c=0.916 alpha=-0.201 beta=+0.038 | loss 3.0323 (delta +0.1469) size 309.8 MB sparsity 14.1%
gen 48 offspring [53/100] k= 38 (used  37.0) c=0.979 alpha=-0.265 beta=+0.378 | loss 3.4379 (delta +0.5525) size 335.2 MB sparsity 26.5%
gen 48 offspring [54/100] k= 33 (used  33.0) c=0.972 alpha=-0.211 beta=+0.304 | loss 3.1944 (delta +0.3090) size 304.8 MB sparsity 21.6%
gen 48 offspring [55/100] k= 17 (used  17.0) c=0.901 alpha=-0.061 beta=+0.066 | loss 3.4557 (delta +0.5704) size 261.1 MB sparsity 19.7%
gen 48 offspring [56/100] k= 17 (used  17.0) c=0.849 alpha=-0.178 beta=+0.353 | loss 3.5378 (delta +0.6524) size 250.2 MB sparsity 24.1%
gen 48 offspring [57/100] k= 16 (used  16.0) c=0.849 alpha=-0.060 beta=+0.057 | loss 3.5053 (delta +0.6200) size 246.8 MB sparsity 21.1%
gen 48 offspring [58/100] k= 16 (used  15.0) c=0.970 alpha=-0.230 beta=+0.364 | loss 3.9739 (delta +1.0885) size 241.8 MB sparsity 27.5%
gen 48 offspring [59/100] k= 32 (used  31.0) c=0.986 alpha=-0.150 beta=+0.190 | loss 3.0467 (delta +0.1613) size 309.8 MB sparsity 15.1%
gen 48 offspring [60/100] k= 18 (used  17.0) c=0.988 alpha=-0.300 beta=+0.400 | loss 3.8897 (delta +1.0044) size 236.6 MB sparsity 29.6%
gen 48 offspring [61/100] k= 17 (used  17.0) c=0.978 alpha=-0.220 beta=+0.434 | loss 3.7723 (delta +0.8869) size 238.9 MB sparsity 28.7%
gen 48 offspring [62/100] k= 33 (used  33.0) c=0.977 alpha=-0.119 beta=+0.355 | loss 3.1846 (delta +0.2993) size 308.8 MB sparsity 20.3%
gen 48 offspring [63/100] k= 16 (used  16.0) c=0.849 alpha=-0.221 beta=+0.428 | loss 3.7672 (delta +0.8818) size 239.6 MB sparsity 28.4%
gen 48 offspring [64/100] k= 17 (used  17.0) c=0.849 alpha=-0.209 beta=+0.268 | loss 3.4299 (delta +0.5446) size 256.6 MB sparsity 21.6%
gen 48 offspring [65/100] k= 33 (used  33.0) c=0.965 alpha=-0.110 beta=+0.008 | loss 3.0032 (delta +0.1178) size 337.7 MB sparsity 10.9%
gen 48 offspring [66/100] k= 17 (used  17.0) c=0.849 alpha=-0.207 beta=+0.057 | loss 3.3882 (delta +0.5028) size 262.4 MB sparsity 19.2%
gen 48 offspring [67/100] k= 40 (used  39.0) c=0.977 alpha=-0.272 beta=+0.352 | loss 3.3675 (delta +0.4822) size 337.9 MB sparsity 25.7%
gen 48 offspring [68/100] k= 58 (used  57.0) c=0.997 alpha=-0.147 beta=+0.014 | loss 2.9354 (delta +0.0500) size 371.5 MB sparsity 9.4%
gen 48 offspring [69/100] k= 32 (used  31.0) c=0.983 alpha=-0.077 beta=+0.337 | loss 3.1749 (delta +0.2896) size 308.2 MB sparsity 19.7%
gen 48 offspring [70/100] k= 17 (used  17.0) c=0.861 alpha=-0.216 beta=+0.268 | loss 3.4451 (delta +0.5598) size 255.8 MB sparsity 21.8%
gen 48 offspring [71/100] k= 17 (used  17.0) c=0.976 alpha=-0.274 beta=+0.430 | loss 3.8613 (delta +0.9759) size 236.1 MB sparsity 29.9%
gen 48 offspring [72/100] k= 16 (used  16.0) c=0.859 alpha=-0.221 beta=+0.383 | loss 3.7297 (delta +0.8444) size 243.3 MB sparsity 26.9%
gen 48 offspring [73/100] k= 16 (used  15.0) c=0.976 alpha=-0.229 beta=+0.335 | loss 3.9101 (delta +1.0248) size 243.4 MB sparsity 26.6%
gen 48 offspring [74/100] k= 33 (used  33.0) c=0.985 alpha=-0.176 beta=+0.288 | loss 3.1432 (delta +0.2579) size 310.9 MB sparsity 19.6%
gen 48 offspring [75/100] k= 29 (used  29.0) c=0.976 alpha=-0.326 beta=+0.312 | loss 3.4415 (delta +0.5561) size 289.8 MB sparsity 26.5%
gen 48 offspring [76/100] k= 17 (used  17.0) c=0.979 alpha=-0.033 beta=+0.434 | loss 3.7714 (delta +0.8861) size 239.5 MB sparsity 28.4%
gen 48 offspring [77/100] k= 24 (used  24.0) c=0.850 alpha=-0.136 beta=+0.042 | loss 3.1142 (delta +0.2288) size 309.7 MB sparsity 13.9%
gen 48 offspring [78/100] k= 18 (used  18.0) c=0.849 alpha=-0.113 beta=+0.229 | loss 3.3734 (delta +0.4881) size 306.7 MB sparsity 19.8%
gen 48 offspring [79/100] k= 17 (used  17.0) c=0.848 alpha=-0.207 beta=+0.438 | loss 3.7428 (delta +0.8574) size 241.4 MB sparsity 27.7%
gen 48 offspring [80/100] k= 57 (used  57.0) c=0.996 alpha=-0.208 beta=+0.011 | loss 2.9618 (delta +0.0765) size 371.5 MB sparsity 11.9%
gen 48 offspring [81/100] k= 40 (used  40.0) c=0.949 alpha=-0.061 beta=+0.077 | loss 2.9624 (delta +0.0770) size 371.5 MB sparsity 9.0%
gen 48 offspring [82/100] k= 32 (used  31.0) c=0.972 alpha=-0.002 beta=+0.214 | loss 3.0555 (delta +0.1702) size 309.8 MB sparsity 14.9%
gen 48 offspring [83/100] k= 17 (used  17.0) c=0.849 alpha=-0.179 beta=+0.228 | loss 3.3848 (delta +0.4994) size 260.9 MB sparsity 19.8%
gen 48 offspring [84/100] k= 25 (used  25.0) c=0.980 alpha=-0.250 beta=+0.352 | loss 3.4530 (delta +0.5677) size 293.6 MB sparsity 25.2%
gen 48 offspring [85/100] k= 17 (used  17.0) c=0.809 alpha=-0.197 beta=+0.304 | loss 3.5246 (delta +0.6393) size 254.8 MB sparsity 22.3%
gen 48 offspring [86/100] k= 16 (used  15.0) c=0.974 alpha=-0.206 beta=+0.337 | loss 3.9208 (delta +1.0354) size 243.4 MB sparsity 26.6%
gen 48 offspring [87/100] k=135 (used 134.7) c=0.992 alpha=-0.197 beta=+0.042 | loss 2.9312 (delta +0.0458) size 495.0 MB sparsity 10.1%
gen 48 offspring [88/100] k= 29 (used  29.0) c=0.936 alpha=-0.011 beta=+0.267 | loss 3.1063 (delta +0.2209) size 309.5 MB sparsity 17.2%
gen 48 offspring [89/100] k=130 (used 128.2) c=0.967 alpha=-0.283 beta=+0.365 | loss 3.3251 (delta +0.4397) size 403.4 MB sparsity 26.6%
gen 48 offspring [90/100] k= 33 (used  33.0) c=0.944 alpha=-0.047 beta=+0.045 | loss 2.9959 (delta +0.1106) size 338.9 MB sparsity 10.6%
gen 48 offspring [91/100] k= 70 (used  70.0) c=0.951 alpha=-0.013 beta=+0.151 | loss 2.9278 (delta +0.0425) size 433.3 MB sparsity 8.9%
gen 48 offspring [92/100] k= 17 (used  17.0) c=0.977 alpha=-0.034 beta=+0.328 | loss 3.6025 (delta +0.7172) size 248.9 MB sparsity 24.7%
gen 48 offspring [93/100] k= 33 (used  33.0) c=0.978 alpha=-0.238 beta=+0.353 | loss 3.2925 (delta +0.4071) size 295.8 MB sparsity 24.5%
gen 48 offspring [94/100] k= 29 (used  29.0) c=0.947 alpha=-0.162 beta=+0.244 | loss 3.1151 (delta +0.2297) size 309.6 MB sparsity 17.6%
gen 48 offspring [95/100] k=137 (used 137.0) c=0.992 alpha=-0.087 beta=+0.005 | loss 2.8966 (delta +0.0113) size 495.0 MB sparsity 5.0%
gen 48 offspring [96/100] k= 16 (used  16.0) c=0.865 alpha=-0.207 beta=+0.307 | loss 3.6055 (delta +0.7202) size 245.9 MB sparsity 24.2%
gen 48 offspring [97/100] k=229 (used 226.3) c=0.862 alpha=-0.233 beta=+0.172 | loss 3.0262 (delta +0.1408) size 473.5 MB sparsity 16.9%
gen 48 offspring [98/100] k= 17 (used  17.0) c=0.848 alpha=-0.278 beta=+0.404 | loss 3.7898 (delta +0.9045) size 239.2 MB sparsity 28.6%
gen 48 offspring [99/100] k= 31 (used  31.0) c=0.940 alpha=-0.009 beta=+0.267 | loss 3.0859 (delta +0.2005) size 309.7 MB sparsity 16.8%
gen 48 offspring [100/100] k= 17 (used  17.0) c=0.970 alpha=-0.230 beta=+0.365 | loss 3.6400 (delta +0.7547) size 244.7 MB sparsity 26.3%
=== generation 48/50 done in 461s (0 reused), batch baseline 2.8854, HV 0.36776, front 100 points, 100/100 feasible, best delta loss +0.0030, smallest 235.3 MB
gen 49 offspring [1/100] k= 51 (used  51.0) c=0.970 alpha=-0.152 beta=+0.168 | loss 2.9843 (delta +0.0990) size 371.5 MB sparsity 13.6%
gen 49 offspring [2/100] k= 33 (used  33.0) c=0.956 alpha=-0.218 beta=+0.298 | loss 3.2039 (delta +0.3186) size 304.8 MB sparsity 21.6%
gen 49 offspring [3/100] k= 16 (used  16.0) c=0.850 alpha=-0.191 beta=+0.118 | loss 3.5106 (delta +0.6252) size 246.8 MB sparsity 21.2%
gen 49 offspring [4/100] k= 17 (used  17.0) c=0.970 alpha=-0.230 beta=+0.368 | loss 3.6452 (delta +0.7598) size 244.5 MB sparsity 26.4%
gen 49 offspring [5/100] k= 29 (used  29.0) c=0.940 alpha=-0.011 beta=+0.267 | loss 3.0999 (delta +0.2145) size 309.5 MB sparsity 17.2%
gen 49 offspring [6/100] k= 16 (used  16.0) c=0.916 alpha=-0.103 beta=+0.038 | loss 3.7067 (delta +0.8214) size 246.0 MB sparsity 22.7%
gen 49 offspring [7/100] k= 70 (used  70.0) c=0.945 alpha=-0.009 beta=+0.114 | loss 2.9177 (delta +0.0324) size 433.3 MB sparsity 7.4%
gen 49 offspring [8/100] k=137 (used 137.0) c=0.990 alpha=-0.041 beta=+0.042 | loss 2.8920 (delta +0.0066) size 495.0 MB sparsity 3.7%
gen 49 offspring [9/100] k= 16 (used  16.0) c=0.857 alpha=-0.217 beta=+0.422 | loss 3.7857 (delta +0.9003) size 240.1 MB sparsity 28.2%
gen 49 offspring [10/100] k= 16 (used  16.0) c=0.864 alpha=-0.191 beta=+0.194 | loss 3.5545 (delta +0.6691) size 246.7 MB sparsity 21.5%
gen 49 offspring [11/100] k= 17 (used  17.0) c=0.978 alpha=-0.256 beta=+0.427 | loss 3.8175 (delta +0.9321) size 237.6 MB sparsity 29.2%
gen 49 offspring [12/100] k= 65 (used  65.0) c=0.995 alpha=-0.050 beta=+0.100 | loss 2.9265 (delta +0.0412) size 406.8 MB sparsity 7.1%
gen 49 offspring [13/100] k= 31 (used  31.0) c=0.948 alpha=-0.162 beta=+0.244 | loss 3.0849 (delta +0.1995) size 309.7 MB sparsity 17.5%
gen 49 offspring [14/100] k= 33 (used  33.0) c=0.975 alpha=-0.255 beta=+0.262 | loss 3.1995 (delta +0.3142) size 304.6 MB sparsity 21.7%
gen 49 offspring [15/100] k= 16 (used  16.0) c=0.849 alpha=-0.221 beta=+0.228 | loss 3.5144 (delta +0.6291) size 246.8 MB sparsity 21.9%
gen 49 offspring [16/100] k=128 (used 128.0) c=0.991 alpha=-0.028 beta=+0.047 | loss 2.8939 (delta +0.0085) size 433.3 MB sparsity 3.5%
gen 49 offspring [17/100] k= 17 (used  17.0) c=0.855 alpha=-0.227 beta=+0.268 | loss 3.4788 (delta +0.5935) size 255.2 MB sparsity 22.1%
gen 49 offspring [18/100] k= 31 (used  31.0) c=0.946 alpha=-0.224 beta=+0.448 | loss 3.4565 (delta +0.5711) size 286.4 MB sparsity 27.6%
gen 49 offspring [19/100] k= 16 (used  15.0) c=0.979 alpha=-0.242 beta=+0.365 | loss 3.9721 (delta +1.0867) size 241.2 MB sparsity 27.8%
gen 49 offspring [20/100] k= 19 (used  19.0) c=0.849 alpha=-0.203 beta=+0.450 | loss 3.7190 (delta +0.8337) size 286.6 MB sparsity 27.5%
gen 49 offspring [21/100] k= 34 (used  33.0) c=0.977 alpha=-0.264 beta=+0.494 | loss 3.6675 (delta +0.7822) size 276.5 MB sparsity 30.8%
gen 49 offspring [22/100] k= 31 (used  31.0) c=0.946 alpha=-0.163 beta=+0.271 | loss 3.1105 (delta +0.2251) size 309.3 MB sparsity 18.6%
gen 49 offspring [23/100] k= 16 (used  16.0) c=0.848 alpha=-0.025 beta=+0.167 | loss 3.5064 (delta +0.6210) size 246.8 MB sparsity 21.1%
gen 49 offspring [24/100] k= 16 (used  16.0) c=0.849 alpha=-0.215 beta=+0.074 | loss 3.5123 (delta +0.6269) size 246.8 MB sparsity 21.4%
gen 49 offspring [25/100] k= 34 (used  33.0) c=0.978 alpha=-0.218 beta=+0.314 | loss 3.2164 (delta +0.3310) size 302.8 MB sparsity 22.3%
gen 49 offspring [26/100] k= 17 (used  17.0) c=0.849 alpha=-0.216 beta=+0.352 | loss 3.5495 (delta +0.6641) size 248.6 MB sparsity 24.8%
gen 49 offspring [27/100] k= 34 (used  33.0) c=0.975 alpha=-0.287 beta=+0.366 | loss 3.3895 (delta +0.5042) size 288.4 MB sparsity 26.9%
gen 49 offspring [28/100] k= 34 (used  33.0) c=0.981 alpha=-0.218 beta=+0.337 | loss 3.2378 (delta +0.3525) size 300.1 MB sparsity 23.1%
gen 49 offspring [29/100] k=128 (used 128.0) c=0.984 alpha=-0.043 beta=+0.042 | loss 2.8932 (delta +0.0078) size 433.3 MB sparsity 3.8%
gen 49 offspring [30/100] k= 32 (used  31.0) c=0.983 alpha=-0.103 beta=+0.038 | loss 3.0261 (delta +0.1408) size 309.8 MB sparsity 11.7%
gen 49 offspring [31/100] k= 28 (used  27.0) c=0.982 alpha=-0.282 beta=+0.162 | loss 3.2169 (delta +0.3315) size 308.6 MB sparsity 19.3%
gen 49 offspring [32/100] k= 34 (used  34.0) c=0.848 alpha=-0.288 beta=+0.188 | loss 3.2087 (delta +0.3233) size 359.3 MB sparsity 20.0%
gen 49 offspring [33/100] k= 16 (used  15.0) c=0.972 alpha=-0.190 beta=+0.435 | loss 4.0469 (delta +1.1616) size 235.9 MB sparsity 29.9%
gen 49 offspring [34/100] k= 31 (used  31.0) c=0.850 alpha=-0.107 beta=+0.244 | loss 3.0910 (delta +0.2057) size 309.8 MB sparsity 15.5%
gen 49 offspring [35/100] k= 17 (used  17.0) c=0.849 alpha=-0.216 beta=+0.303 | loss 3.4847 (delta +0.5993) size 253.0 MB sparsity 23.0%
gen 49 offspring [36/100] k= 32 (used  31.0) c=0.976 alpha=-0.229 beta=+0.301 | loss 3.2474 (delta +0.3620) size 302.9 MB sparsity 22.2%
gen 49 offspring [37/100] k= 17 (used  17.0) c=0.850 alpha=-0.136 beta=+0.046 | loss 3.3775 (delta +0.4922) size 263.7 MB sparsity 18.7%
gen 49 offspring [38/100] k= 16 (used  16.0) c=0.860 alpha=-0.207 beta=+0.417 | loss 3.8019 (delta +0.9166) size 240.7 MB sparsity 28.0%
gen 49 offspring [39/100] k= 34 (used  34.0) c=0.969 alpha=-0.286 beta=+0.363 | loss 3.3999 (delta +0.5145) size 334.2 MB sparsity 26.8%
gen 49 offspring [40/100] k= 31 (used  31.0) c=0.977 alpha=-0.284 beta=+0.476 | loss 3.6865 (delta +0.8011) size 276.0 MB sparsity 30.9%
gen 49 offspring [41/100] k= 31 (used  31.0) c=0.946 alpha=-0.286 beta=+0.138 | loss 3.1200 (delta +0.2346) size 309.4 MB sparsity 18.3%
gen 49 offspring [42/100] k= 33 (used  33.0) c=0.973 alpha=-0.219 beta=+0.341 | loss 3.2395 (delta +0.3542) size 299.5 MB sparsity 23.3%
gen 49 offspring [43/100] k=236 (used 236.0) c=0.980 alpha=-0.046 beta=+0.047 | loss 2.8899 (delta +0.0045) size 495.1 MB sparsity 3.9%
gen 49 offspring [44/100] k= 17 (used  17.0) c=0.849 alpha=-0.209 beta=+0.268 | loss 3.4310 (delta +0.5457) size 256.5 MB sparsity 21.6%
gen 49 offspring [45/100] k= 44 (used  44.0) c=0.969 alpha=-0.252 beta=+0.047 | loss 3.0371 (delta +0.1518) size 371.3 MB sparsity 14.6%
gen 49 offspring [46/100] k= 33 (used  33.0) c=0.978 alpha=-0.217 beta=+0.354 | loss 3.2544 (delta +0.3691) size 298.2 MB sparsity 23.8%
gen 49 offspring [47/100] k= 17 (used  17.0) c=0.992 alpha=-0.260 beta=+0.356 | loss 3.7028 (delta +0.8174) size 243.4 MB sparsity 26.9%
gen 49 offspring [48/100] k= 57 (used  57.0) c=0.989 alpha=-0.093 beta=+0.014 | loss 2.9321 (delta +0.0468) size 371.5 MB sparsity 7.3%
gen 49 offspring [49/100] k= 33 (used  33.0) c=0.976 alpha=-0.136 beta=+0.341 | loss 3.1593 (delta +0.2740) size 308.9 MB sparsity 20.3%
gen 49 offspring [50/100] k= 50 (used  49.0) c=0.992 alpha=-0.227 beta=+0.111 | loss 2.9984 (delta +0.1130) size 371.5 MB sparsity 14.4%
gen 49 offspring [51/100] k=226 (used 226.0) c=0.978 alpha=-0.033 beta=+0.042 | loss 2.8907 (delta +0.0054) size 495.1 MB sparsity 3.2%
gen 49 offspring [52/100] k= 16 (used  16.0) c=0.849 alpha=-0.148 beta=+0.300 | loss 3.5571 (delta +0.6718) size 246.3 MB sparsity 23.6%
gen 49 offspring [53/100] k= 31 (used  31.0) c=0.848 alpha=-0.207 beta=+0.415 | loss 3.4051 (delta +0.5197) size 292.4 MB sparsity 25.6%
gen 49 offspring [54/100] k= 16 (used  16.0) c=0.860 alpha=-0.163 beta=+0.271 | loss 3.5906 (delta +0.7052) size 246.5 MB sparsity 22.9%
gen 49 offspring [55/100] k= 34 (used  33.0) c=0.983 alpha=-0.244 beta=+0.336 | loss 3.2784 (delta +0.3930) size 297.1 MB sparsity 24.1%
gen 49 offspring [56/100] k= 17 (used  17.0) c=0.849 alpha=-0.216 beta=+0.439 | loss 3.7520 (delta +0.8666) size 240.8 MB sparsity 27.9%
gen 49 offspring [57/100] k= 58 (used  58.0) c=0.899 alpha=-0.061 beta=+0.091 | loss 2.9389 (delta +0.0536) size 371.5 MB sparsity 7.0%
gen 49 offspring [58/100] k= 19 (used  19.0) c=0.849 alpha=-0.216 beta=+0.310 | loss 3.4318 (delta +0.5465) size 301.2 MB sparsity 22.8%
gen 49 offspring [59/100] k= 16 (used  16.0) c=0.850 alpha=-0.214 beta=+0.352 | loss 3.6328 (delta +0.7475) size 245.0 MB sparsity 25.6%
gen 49 offspring [60/100] k= 16 (used  16.0) c=0.881 alpha=-0.060 beta=+0.242 | loss 3.6292 (delta +0.7438) size 246.4 MB sparsity 22.4%
gen 49 offspring [61/100] k= 34 (used  33.0) c=0.997 alpha=-0.136 beta=+0.298 | loss 3.1149 (delta +0.2296) size 314.0 MB sparsity 18.6%
gen 49 offspring [62/100] k= 17 (used  17.0) c=0.849 alpha=-0.216 beta=+0.417 | loss 3.6835 (delta +0.7982) size 242.8 MB sparsity 27.1%
gen 49 offspring [63/100] k= 18 (used  17.0) c=0.976 alpha=-0.308 beta=+0.098 | loss 3.6104 (delta +0.7251) size 250.6 MB sparsity 24.0%
gen 49 offspring [64/100] k= 35 (used  35.0) c=0.983 alpha=-0.248 beta=+0.435 | loss 3.4523 (delta +0.5670) size 329.6 MB sparsity 28.0%
gen 49 offspring [65/100] k= 33 (used  33.0) c=0.944 alpha=-0.091 beta=+0.017 | loss 2.9951 (delta +0.1098) size 338.9 MB sparsity 10.6%
gen 49 offspring [66/100] k= 17 (used  17.0) c=0.849 alpha=-0.202 beta=+0.257 | loss 3.4143 (delta +0.5290) size 257.8 MB sparsity 21.1%
gen 49 offspring [67/100] k= 33 (used  33.0) c=0.977 alpha=-0.291 beta=+0.356 | loss 3.3786 (delta +0.4932) size 289.1 MB sparsity 26.7%
gen 49 offspring [68/100] k= 21 (used  21.0) c=0.970 alpha=-0.334 beta=+0.465 | loss 3.9878 (delta +1.1024) size 270.5 MB sparsity 32.7%
gen 49 offspring [69/100] k= 17 (used  17.0) c=0.879 alpha=-0.043 beta=+0.330 | loss 3.5459 (delta +0.6605) size 251.6 MB sparsity 23.6%
gen 49 offspring [70/100] k= 33 (used  33.0) c=0.976 alpha=-0.209 beta=+0.298 | loss 3.1756 (delta +0.2902) size 305.8 MB sparsity 21.3%
gen 49 offspring [71/100] k= 57 (used  57.0) c=0.995 alpha=-0.227 beta=+0.275 | loss 3.1180 (delta +0.2327) size 356.0 MB sparsity 20.9%
gen 49 offspring [72/100] k= 33 (used  33.0) c=0.977 alpha=-0.253 beta=+0.352 | loss 3.3001 (delta +0.4147) size 294.1 MB sparsity 25.1%
gen 49 offspring [73/100] k= 46 (used  46.0) c=0.976 alpha=-0.206 beta=+0.351 | loss 3.2088 (delta +0.3234) size 348.0 MB sparsity 23.0%
gen 49 offspring [74/100] k= 70 (used  70.0) c=0.950 alpha=-0.012 beta=+0.115 | loss 2.9185 (delta +0.0332) size 433.3 MB sparsity 7.4%
gen 49 offspring [75/100] k= 64 (used  64.0) c=0.899 alpha=-0.061 beta=+0.077 | loss 2.9191 (delta +0.0337) size 371.5 MB sparsity 6.3%
gen 49 offspring [76/100] k= 26 (used  25.0) c=0.979 alpha=-0.113 beta=+0.259 | loss 3.2009 (delta +0.3156) size 308.7 MB sparsity 18.3%
gen 49 offspring [77/100] k= 17 (used  17.0) c=0.978 alpha=-0.015 beta=+0.356 | loss 3.6209 (delta +0.7356) size 246.5 MB sparsity 25.6%
gen 49 offspring [78/100] k= 17 (used  17.0) c=0.883 alpha=-0.191 beta=+0.093 | loss 3.4094 (delta +0.5240) size 261.7 MB sparsity 19.5%
gen 49 offspring [79/100] k= 31 (used  31.0) c=0.946 alpha=-0.175 beta=+0.244 | loss 3.0932 (delta +0.2079) size 309.6 MB sparsity 17.9%
gen 49 offspring [80/100] k= 16 (used  15.0) c=0.941 alpha=-0.164 beta=+0.306 | loss 3.7917 (delta +0.9063) size 244.9 MB sparsity 25.2%
gen 49 offspring [81/100] k= 34 (used  33.0) c=0.977 alpha=-0.205 beta=+0.338 | loss 3.2133 (delta +0.3280) size 301.6 MB sparsity 22.6%
gen 49 offspring [82/100] k= 34 (used  33.0) c=0.972 alpha=-0.236 beta=+0.338 | loss 3.2666 (delta +0.3812) size 297.8 MB sparsity 23.9%
gen 49 offspring [83/100] k= 16 (used  16.0) c=0.912 alpha=-0.203 beta=+0.412 | loss 3.9076 (delta +1.0223) size 239.7 MB sparsity 28.4%
gen 49 offspring [84/100] k= 17 (used  17.0) c=0.961 alpha=-0.230 beta=+0.363 | loss 3.6946 (delta +0.8092) size 245.0 MB sparsity 26.2%
gen 49 offspring [85/100] k= 17 (used  17.0) c=0.976 alpha=-0.251 beta=+0.435 | loss 3.8126 (delta +0.9273) size 237.3 MB sparsity 29.3%
gen 49 offspring [86/100] k= 34 (used  33.0) c=0.972 alpha=-0.219 beta=+0.287 | loss 3.1872 (delta +0.3018) size 306.0 MB sparsity 21.2%
gen 49 offspring [87/100] k= 19 (used  19.0) c=0.855 alpha=-0.160 beta=+0.262 | loss 3.3089 (delta +0.4236) size 307.3 MB sparsity 19.8%
gen 49 offspring [88/100] k= 16 (used  16.0) c=0.852 alpha=-0.231 beta=+0.227 | loss 3.5470 (delta +0.6616) size 246.8 MB sparsity 22.1%
gen 49 offspring [89/100] k= 33 (used  33.0) c=0.942 alpha=-0.008 beta=+0.000 | loss 3.0026 (delta +0.1173) size 339.0 MB sparsity 10.5%
gen 49 offspring [90/100] k= 17 (used  17.0) c=0.848 alpha=-0.207 beta=+0.404 | loss 3.6496 (delta +0.7643) size 244.5 MB sparsity 26.4%
gen 49 offspring [91/100] k= 16 (used  15.0) c=0.958 alpha=-0.269 beta=+0.437 | loss 4.0487 (delta +1.1634) size 234.4 MB sparsity 30.5%
gen 49 offspring [92/100] k= 17 (used  17.0) c=0.846 alpha=-0.221 beta=+0.337 | loss 3.5454 (delta +0.6601) size 249.7 MB sparsity 24.3%
gen 49 offspring [93/100] k= 17 (used  17.0) c=0.964 alpha=-0.226 beta=+0.365 | loss 3.6660 (delta +0.7807) size 245.0 MB sparsity 26.2%
gen 49 offspring [94/100] k= 25 (used  25.0) c=0.849 alpha=-0.216 beta=+0.224 | loss 3.2179 (delta +0.3325) size 309.1 MB sparsity 18.9%
gen 49 offspring [95/100] k= 17 (used  17.0) c=0.848 alpha=-0.207 beta=+0.415 | loss 3.6747 (delta +0.7894) size 243.5 MB sparsity 26.8%
gen 49 offspring [96/100] k= 33 (used  33.0) c=0.916 alpha=-0.103 beta=+0.021 | loss 3.0034 (delta +0.1180) size 339.5 MB sparsity 10.4%
gen 49 offspring [97/100] k= 35 (used  35.0) c=0.946 alpha=-0.435 beta=+0.111 | loss 3.3739 (delta +0.4885) size 348.4 MB sparsity 22.9%
gen 49 offspring [98/100] k= 17 (used  17.0) c=0.977 alpha=-0.290 beta=+0.352 | loss 3.7509 (delta +0.8655) size 241.7 MB sparsity 27.6%
gen 49 offspring [99/100] k= 34 (used  33.0) c=0.983 alpha=-0.258 beta=+0.422 | loss 3.4444 (delta +0.5590) size 285.4 MB sparsity 27.9%
gen 49 offspring [100/100] k= 17 (used  17.0) c=0.829 alpha=-0.179 beta=+0.188 | loss 3.3950 (delta +0.5097) size 263.9 MB sparsity 18.6%
=== generation 49/50 done in 461s (0 reused), batch baseline 2.8854, HV 0.36784, front 100 points, 100/100 feasible, best delta loss +0.0030, smallest 235.3 MB
gen 50 offspring [1/100] k= 31 (used  31.0) c=0.940 alpha=-0.003 beta=+0.111 | loss 3.0100 (delta +0.1246) size 309.8 MB sparsity 11.3%
gen 50 offspring [2/100] k= 16 (used  16.0) c=0.838 alpha=-0.135 beta=+0.220 | loss 3.5521 (delta +0.6667) size 246.9 MB sparsity 21.2%
gen 50 offspring [3/100] k= 17 (used  17.0) c=0.855 alpha=-0.191 beta=+0.365 | loss 3.5838 (delta +0.6984) size 248.6 MB sparsity 24.8%
gen 50 offspring [4/100] k= 17 (used  17.0) c=0.974 alpha=-0.230 beta=+0.299 | loss 3.5852 (delta +0.6998) size 250.3 MB sparsity 24.1%
gen 50 offspring [5/100] k= 16 (used  16.0) c=0.849 alpha=-0.217 beta=+0.308 | loss 3.5865 (delta +0.7012) size 246.1 MB sparsity 24.1%
gen 50 offspring [6/100] k= 17 (used  17.0) c=0.849 alpha=-0.216 beta=+0.242 | loss 3.4101 (delta +0.5247) size 258.1 MB sparsity 20.9%
gen 50 offspring [7/100] k= 34 (used  33.0) c=0.979 alpha=-0.209 beta=+0.438 | loss 3.3952 (delta +0.5098) size 289.5 MB sparsity 26.6%
gen 50 offspring [8/100] k= 17 (used  17.0) c=0.927 alpha=-0.251 beta=+0.043 | loss 3.4951 (delta +0.6098) size 256.8 MB sparsity 21.5%
gen 50 offspring [9/100] k= 33 (used  33.0) c=0.976 alpha=-0.209 beta=+0.354 | loss 3.2416 (delta +0.3562) size 299.2 MB sparsity 23.4%
gen 50 offspring [10/100] k= 33 (used  33.0) c=0.993 alpha=-0.091 beta=+0.017 | loss 3.0054 (delta +0.1201) size 337.3 MB sparsity 11.1%
gen 50 offspring [11/100] k= 33 (used  33.0) c=0.977 alpha=-0.245 beta=+0.352 | loss 3.2889 (delta +0.4035) size 295.1 MB sparsity 24.8%
gen 50 offspring [12/100] k= 31 (used  31.0) c=0.946 alpha=-0.162 beta=+0.337 | loss 3.1740 (delta +0.2887) size 306.6 MB sparsity 21.0%
gen 50 offspring [13/100] k= 32 (used  31.0) c=0.984 alpha=-0.103 beta=+0.277 | loss 3.1076 (delta +0.2223) size 309.4 MB sparsity 17.5%
gen 50 offspring [14/100] k= 17 (used  17.0) c=0.970 alpha=-0.258 beta=+0.434 | loss 3.8165 (delta +0.9312) size 237.0 MB sparsity 29.5%
gen 50 offspring [15/100] k= 16 (used  16.0) c=0.899 alpha=-0.061 beta=+0.406 | loss 3.8760 (delta +0.9907) size 240.6 MB sparsity 28.0%
gen 50 offspring [16/100] k= 17 (used  17.0) c=0.849 alpha=-0.202 beta=+0.268 | loss 3.4240 (delta +0.5387) size 256.9 MB sparsity 21.4%
gen 50 offspring [17/100] k= 36 (used  35.0) c=0.976 alpha=-0.033 beta=+0.044 | loss 2.9947 (delta +0.1094) size 371.5 MB sparsity 10.3%
gen 50 offspring [18/100] k= 17 (used  17.0) c=0.848 alpha=-0.227 beta=+0.430 | loss 3.7354 (delta +0.8500) size 240.9 MB sparsity 27.9%
gen 50 offspring [19/100] k= 65 (used  65.0) c=0.951 alpha=-0.080 beta=+0.115 | loss 2.9270 (delta +0.0416) size 401.9 MB sparsity 8.5%
gen 50 offspring [20/100] k= 16 (used  16.0) c=0.849 alpha=-0.219 beta=+0.236 | loss 3.5132 (delta +0.6279) size 246.8 MB sparsity 22.0%
gen 50 offspring [21/100] k= 33 (used  33.0) c=0.850 alpha=-0.218 beta=+0.405 | loss 3.3948 (delta +0.5095) size 292.4 MB sparsity 25.6%
gen 50 offspring [22/100] k= 33 (used  33.0) c=0.991 alpha=-0.227 beta=+0.298 | loss 3.2182 (delta +0.3328) size 303.6 MB sparsity 22.0%
gen 50 offspring [23/100] k= 34 (used  33.0) c=0.972 alpha=-0.209 beta=+0.287 | loss 3.1697 (delta +0.2844) size 307.2 MB sparsity 20.9%
gen 50 offspring [24/100] k= 18 (used  18.0) c=0.848 alpha=-0.214 beta=+0.354 | loss 3.5366 (delta +0.6513) size 295.0 MB sparsity 24.8%
gen 50 offspring [25/100] k= 56 (used  55.0) c=0.997 alpha=-0.209 beta=+0.073 | loss 2.9725 (delta +0.0871) size 371.5 MB sparsity 12.3%
gen 50 offspring [26/100] k= 17 (used  17.0) c=0.969 alpha=-0.230 beta=+0.425 | loss 3.7671 (delta +0.8818) size 239.4 MB sparsity 28.5%
gen 50 offspring [27/100] k= 17 (used  17.0) c=0.849 alpha=-0.256 beta=+0.225 | loss 3.4666 (delta +0.5813) size 256.5 MB sparsity 21.6%
gen 50 offspring [28/100] k= 70 (used  70.0) c=0.951 alpha=-0.013 beta=+0.094 | loss 2.9135 (delta +0.0281) size 433.3 MB sparsity 6.6%
gen 50 offspring [29/100] k= 36 (used  35.0) c=0.972 alpha=-0.258 beta=+0.168 | loss 3.1225 (delta +0.2371) size 366.2 MB sparsity 18.1%
gen 50 offspring [30/100] k= 17 (used  17.0) c=0.849 alpha=-0.216 beta=+0.243 | loss 3.4081 (delta +0.5228) size 258.1 MB sparsity 20.9%
gen 50 offspring [31/100] k= 16 (used  16.0) c=0.849 alpha=-0.221 beta=+0.242 | loss 3.5322 (delta +0.6469) size 246.8 MB sparsity 22.2%
gen 50 offspring [32/100] k=236 (used 235.9) c=0.846 alpha=-0.068 beta=+0.023 | loss 2.9178 (delta +0.0325) size 495.1 MB sparsity 3.9%
gen 50 offspring [33/100] k= 17 (used  17.0) c=0.970 alpha=-0.275 beta=+0.421 | loss 3.8300 (delta +0.9446) size 236.8 MB sparsity 29.5%
gen 50 offspring [34/100] k= 32 (used  31.0) c=0.979 alpha=-0.045 beta=+0.042 | loss 3.0227 (delta +0.1373) size 309.8 MB sparsity 11.7%
gen 50 offspring [35/100] k= 17 (used  17.0) c=0.953 alpha=-0.203 beta=+0.398 | loss 3.7546 (delta +0.8693) size 243.2 MB sparsity 27.0%
gen 50 offspring [36/100] k= 34 (used  34.0) c=0.960 alpha=-0.018 beta=+0.432 | loss 3.3727 (delta +0.4874) size 348.8 MB sparsity 22.8%
gen 50 offspring [37/100] k= 60 (used  59.0) c=0.995 alpha=-0.050 beta=+0.090 | loss 2.9316 (delta +0.0463) size 371.5 MB sparsity 7.1%
gen 50 offspring [38/100] k= 19 (used  19.0) c=0.849 alpha=-0.207 beta=+0.257 | loss 3.3512 (delta +0.4659) size 306.9 MB sparsity 20.5%
gen 50 offspring [39/100] k= 17 (used  17.0) c=0.960 alpha=-0.241 beta=+0.103 | loss 3.5536 (delta +0.6683) size 256.2 MB sparsity 21.7%
gen 50 offspring [40/100] k= 17 (used  17.0) c=0.982 alpha=-0.216 beta=+0.413 | loss 3.7664 (delta +0.8810) size 240.8 MB sparsity 27.9%
gen 50 offspring [41/100] k= 17 (used  17.0) c=0.849 alpha=-0.200 beta=+0.268 | loss 3.4221 (delta +0.5367) size 257.0 MB sparsity 21.4%
gen 50 offspring [42/100] k= 17 (used  17.0) c=0.849 alpha=-0.216 beta=+0.403 | loss 3.6562 (delta +0.7708) size 244.0 MB sparsity 26.6%
gen 50 offspring [43/100] k= 34 (used  34.0) c=0.849 alpha=-0.216 beta=+0.312 | loss 3.2644 (delta +0.3791) size 351.7 MB sparsity 22.0%
gen 50 offspring [44/100] k= 18 (used  17.0) c=0.976 alpha=-0.202 beta=+0.299 | loss 3.5597 (delta +0.6744) size 251.2 MB sparsity 23.7%
gen 50 offspring [45/100] k= 16 (used  16.0) c=0.836 alpha=-0.221 beta=+0.228 | loss 3.5501 (delta +0.6648) size 246.9 MB sparsity 21.7%
gen 50 offspring [46/100] k= 31 (used  31.0) c=0.977 alpha=-0.040 beta=+0.251 | loss 3.0805 (delta +0.1952) size 309.7 MB sparsity 16.4%
gen 50 offspring [47/100] k= 29 (used  29.0) c=0.946 alpha=-0.165 beta=+0.163 | loss 3.0632 (delta +0.1778) size 309.8 MB sparsity 14.7%
gen 50 offspring [48/100] k= 33 (used  33.0) c=0.982 alpha=-0.221 beta=+0.031 | loss 3.0456 (delta +0.1603) size 325.6 MB sparsity 14.9%
gen 50 offspring [49/100] k= 33 (used  33.0) c=0.969 alpha=-0.231 beta=+0.210 | loss 3.1314 (delta +0.2460) size 313.7 MB sparsity 18.7%
gen 50 offspring [50/100] k= 18 (used  18.0) c=0.844 alpha=-0.099 beta=+0.368 | loss 3.5456 (delta +0.6603) size 295.7 MB sparsity 24.6%
gen 50 offspring [51/100] k= 16 (used  16.0) c=0.849 alpha=-0.060 beta=+0.344 | loss 3.6072 (delta +0.7218) size 245.4 MB sparsity 25.1%
gen 50 offspring [52/100] k= 17 (used  17.0) c=0.849 alpha=-0.178 beta=+0.298 | loss 3.4561 (delta +0.5708) size 255.1 MB sparsity 22.1%
gen 50 offspring [53/100] k= 17 (used  17.0) c=0.978 alpha=-0.241 beta=+0.311 | loss 3.6185 (delta +0.7331) size 248.7 MB sparsity 24.7%
gen 50 offspring [54/100] k= 32 (used  32.0) c=0.966 alpha=-0.046 beta=+0.429 | loss 3.3866 (delta +0.5012) size 300.2 MB sparsity 23.1%
gen 50 offspring [55/100] k= 16 (used  16.0) c=0.844 alpha=-0.194 beta=+0.225 | loss 3.5278 (delta +0.6425) size 246.9 MB sparsity 21.5%
gen 50 offspring [56/100] k=137 (used 137.0) c=0.942 alpha=-0.043 beta=+0.030 | loss 2.8979 (delta +0.0125) size 495.0 MB sparsity 3.3%
gen 50 offspring [57/100] k= 34 (used  33.0) c=0.978 alpha=-0.253 beta=+0.354 | loss 3.3083 (delta +0.4230) size 293.9 MB sparsity 25.1%
gen 50 offspring [58/100] k= 34 (used  33.0) c=0.987 alpha=-0.251 beta=+0.236 | loss 3.1787 (delta +0.2933) size 308.3 MB sparsity 20.5%
gen 50 offspring [59/100] k= 31 (used  31.0) c=0.946 alpha=-0.164 beta=+0.041 | loss 3.0189 (delta +0.1336) size 309.8 MB sparsity 12.9%
gen 50 offspring [60/100] k= 17 (used  17.0) c=0.989 alpha=-0.271 beta=+0.428 | loss 3.8701 (delta +0.9847) size 236.4 MB sparsity 29.7%
gen 50 offspring [61/100] k= 69 (used  69.0) c=0.848 alpha=-0.207 beta=+0.070 | loss 2.9805 (delta +0.0951) size 433.3 MB sparsity 11.7%
gen 50 offspring [62/100] k= 17 (used  17.0) c=0.849 alpha=-0.217 beta=+0.412 | loss 3.6816 (delta +0.7963) size 243.2 MB sparsity 27.0%
gen 50 offspring [63/100] k=218 (used 214.7) c=0.976 alpha=-0.205 beta=+0.337 | loss 3.1441 (delta +0.2588) size 446.4 MB sparsity 22.3%
gen 50 offspring [64/100] k= 17 (used  17.0) c=0.849 alpha=-0.221 beta=+0.422 | loss 3.7127 (delta +0.8274) size 242.1 MB sparsity 27.4%
gen 50 offspring [65/100] k= 17 (used  17.0) c=0.849 alpha=-0.004 beta=+0.190 | loss 3.3694 (delta +0.4840) size 263.2 MB sparsity 18.9%
gen 50 offspring [66/100] k= 18 (used  17.0) c=0.976 alpha=-0.279 beta=+0.435 | loss 3.8679 (delta +0.9826) size 235.3 MB sparsity 30.2%
gen 50 offspring [67/100] k= 34 (used  33.0) c=0.986 alpha=-0.077 beta=+0.354 | loss 3.1901 (delta +0.3047) size 309.7 MB sparsity 20.0%
gen 50 offspring [68/100] k= 17 (used  17.0) c=0.968 alpha=-0.207 beta=+0.297 | loss 3.5545 (delta +0.6692) size 251.5 MB sparsity 23.6%
gen 50 offspring [69/100] k= 17 (used  17.0) c=0.849 alpha=-0.013 beta=+0.310 | loss 3.4824 (delta +0.5971) size 254.2 MB sparsity 22.5%
gen 50 offspring [70/100] k= 33 (used  33.0) c=0.977 alpha=-0.291 beta=+0.352 | loss 3.3672 (delta +0.4818) size 289.6 MB sparsity 26.5%
gen 50 offspring [71/100] k= 16 (used  16.0) c=0.849 alpha=-0.027 beta=+0.192 | loss 3.5057 (delta +0.6203) size 246.8 MB sparsity 21.2%
gen 50 offspring [72/100] k= 33 (used  33.0) c=0.976 alpha=-0.227 beta=+0.298 | loss 3.2002 (delta +0.3149) size 303.7 MB sparsity 22.0%
gen 50 offspring [73/100] k= 17 (used  17.0) c=0.849 alpha=-0.227 beta=+0.364 | loss 3.6009 (delta +0.7156) size 246.8 MB sparsity 25.5%
gen 50 offspring [74/100] k= 17 (used  17.0) c=0.852 alpha=-0.231 beta=+0.302 | loss 3.5335 (delta +0.6482) size 252.0 MB sparsity 23.4%
gen 50 offspring [75/100] k= 58 (used  57.0) c=0.985 alpha=-0.152 beta=+0.051 | loss 2.9400 (delta +0.0547) size 371.5 MB sparsity 9.6%
gen 50 offspring [76/100] k= 29 (used  29.0) c=0.925 alpha=-0.001 beta=+0.363 | loss 3.2253 (delta +0.3400) size 306.9 MB sparsity 20.8%
gen 50 offspring [77/100] k= 33 (used  33.0) c=0.944 alpha=-0.091 beta=+0.003 | loss 2.9957 (delta +0.1103) size 338.9 MB sparsity 10.6%
gen 50 offspring [78/100] k= 57 (used  57.0) c=0.983 alpha=-0.200 beta=+0.014 | loss 2.9581 (delta +0.0728) size 371.5 MB sparsity 11.5%
gen 50 offspring [79/100] k= 17 (used  17.0) c=0.983 alpha=-0.191 beta=+0.215 | loss 3.5318 (delta +0.6465) size 256.5 MB sparsity 21.6%
gen 50 offspring [80/100] k= 16 (used  16.0) c=0.849 alpha=-0.057 beta=+0.240 | loss 3.5181 (delta +0.6327) size 246.8 MB sparsity 21.8%
gen 50 offspring [81/100] k=139 (used 139.0) c=0.992 alpha=-0.035 beta=+0.028 | loss 2.8920 (delta +0.0067) size 495.0 MB sparsity 3.0%
gen 50 offspring [82/100] k= 28 (used  28.0) c=0.849 alpha=-0.089 beta=+0.030 | loss 3.0442 (delta +0.1589) size 309.8 MB sparsity 11.7%
gen 50 offspring [83/100] k= 16 (used  15.0) c=0.979 alpha=-0.229 beta=+0.366 | loss 3.9643 (delta +1.0790) size 241.4 MB sparsity 27.7%
gen 50 offspring [84/100] k= 63 (used  63.0) c=0.899 alpha=-0.061 beta=+0.077 | loss 2.9211 (delta +0.0358) size 371.5 MB sparsity 6.3%
gen 50 offspring [85/100] k= 32 (used  32.0) c=0.924 alpha=-0.103 beta=+0.019 | loss 3.0022 (delta +0.1169) size 309.8 MB sparsity 11.1%
gen 50 offspring [86/100] k= 16 (used  15.0) c=0.976 alpha=-0.279 beta=+0.413 | loss 4.0702 (delta +1.1849) size 235.5 MB sparsity 30.1%
gen 50 offspring [87/100] k= 32 (used  31.0) c=0.983 alpha=-0.081 beta=+0.436 | loss 3.3865 (delta +0.5011) size 299.0 MB sparsity 23.5%
gen 50 offspring [88/100] k=128 (used 128.0) c=0.973 alpha=-0.043 beta=+0.042 | loss 2.8966 (delta +0.0112) size 433.3 MB sparsity 3.8%
gen 50 offspring [89/100] k= 16 (used  16.0) c=0.848 alpha=-0.207 beta=+0.417 | loss 3.7505 (delta +0.8651) size 241.0 MB sparsity 27.8%
gen 50 offspring [90/100] k= 16 (used  15.0) c=0.987 alpha=-0.218 beta=+0.335 | loss 3.9413 (delta +1.0560) size 243.2 MB sparsity 26.7%
gen 50 offspring [91/100] k= 32 (used  32.0) c=0.849 alpha=-0.342 beta=+0.288 | loss 3.4079 (delta +0.5226) size 291.2 MB sparsity 26.0%
gen 50 offspring [92/100] k= 17 (used  17.0) c=0.984 alpha=-0.228 beta=+0.434 | loss 3.7936 (delta +0.9083) size 238.5 MB sparsity 28.9%
gen 50 offspring [93/100] k= 34 (used  34.0) c=0.946 alpha=-0.209 beta=+0.307 | loss 3.2221 (delta +0.3367) size 353.3 MB sparsity 21.6%
gen 50 offspring [94/100] k= 16 (used  16.0) c=0.852 alpha=-0.012 beta=+0.321 | loss 3.6154 (delta +0.7301) size 245.8 MB sparsity 24.4%
gen 50 offspring [95/100] k= 16 (used  16.0) c=0.849 alpha=-0.227 beta=+0.428 | loss 3.7741 (delta +0.8887) size 239.4 MB sparsity 28.5%
gen 50 offspring [96/100] k= 33 (used  33.0) c=0.900 alpha=-0.061 beta=+0.061 | loss 3.0042 (delta +0.1188) size 340.4 MB sparsity 10.1%
gen 50 offspring [97/100] k= 34 (used  33.0) c=0.971 alpha=-0.242 beta=+0.352 | loss 3.2928 (delta +0.4074) size 295.5 MB sparsity 24.6%
gen 50 offspring [98/100] k= 27 (used  27.0) c=0.983 alpha=-0.103 beta=+0.038 | loss 3.0973 (delta +0.2119) size 309.8 MB sparsity 13.5%
gen 50 offspring [99/100] k= 17 (used  17.0) c=0.849 alpha=-0.217 beta=+0.354 | loss 3.5595 (delta +0.6742) size 248.4 MB sparsity 24.9%
gen 50 offspring [100/100] k= 65 (used  64.8) c=0.976 alpha=-0.205 beta=+0.354 | loss 3.1980 (delta +0.3127) size 348.0 MB sparsity 23.0%
=== generation 50/50 done in 461s (0 reused), batch baseline 2.8854, HV 0.36790, front 100 points, 100/100 feasible, best delta loss +0.0030, smallest 235.3 MB
Scoring 100 of 100 final solutions (delta_loss <= 1.0) with 2048-token windows
[transformers] Token indices sequence length is longer than the specified maximum sequence length for this model (299078 > 131072). Running this sequence through the model will result in indexing errors
Resolving data files:   0%|                                                                                                                 | 0/1024 [00:00<?, ?it/s]Resolving data files: 100%|███████████████████████████████████████████████████████████████████████████████████████████████████| 1024/1024 [00:00<00:00, 47316.51it/s]
Resolving data files:   0%|                                                                                                                 | 0/1024 [00:00<?, ?it/s]Resolving data files: 100%|███████████████████████████████████████████████████████████████████████████████████████████████████| 1024/1024 [00:00<00:00, 40638.56it/s]
Test set wikitext2: 146 windows, 299008 tokens
Test set c4: 256 windows, 524288 tokens
{"b": 4.18791307461016, "k_init": 18, "c": 0.9761887146200966, "alpha": -0.2786943075106747, "beta": 0.43468750207928586, "last_batch_loss": 3.8679288669394234, "last_batch_ppl": 47.843193775693464, "size_mb": 235.309305125, "size_ratio": 0.23815151581706417, "target_bits_per_weight": 3.8086585506340644, "n_pruned": 143510394, "n_rounded_zero": 5436571, "n_nonzero": 345014251, "pruned_pct": 29.052967996580524, "sparsity_pct": 30.153574850702448, "n_dense_matrices": 0, "n_bitmap_matrices": 169, "n_csr_matrices": 0, "k_used_mean": 17.0, "k_used_min": 17, "k_used_max": 17, "k_used_row_mean": 15.499315885489755, "last_batch_delta_loss": 0.9825774594872065, "huffman_size_mb": 191.459718625, "huffman_bits_per_weight": 3.0984880339269387, "wikitext2_loss": 3.831055350823499, "wikitext2_ppl": 46.11117603232829, "c4_loss": 4.13202539815749, "c4_ppl": 62.30398560576528}
{"b": 4.069134027088571, "k_init": 17, "c": 0.9761887146200966, "alpha": -0.2786943075106747, "beta": 0.43468750207928586, "last_batch_loss": 3.8679288669394234, "last_batch_ppl": 47.843193775693464, "size_mb": 235.309305125, "size_ratio": 0.23815151581706417, "target_bits_per_weight": 3.8086585506340644, "n_pruned": 143510394, "n_rounded_zero": 5436571, "n_nonzero": 345014251, "pruned_pct": 29.052967996580524, "sparsity_pct": 30.153574850702448, "n_dense_matrices": 0, "n_bitmap_matrices": 169, "n_csr_matrices": 0, "k_used_mean": 17.0, "k_used_min": 17, "k_used_max": 17, "k_used_row_mean": 15.499315885489755, "last_batch_delta_loss": 0.9825774594872065, "huffman_size_mb": 191.459718625, "huffman_bits_per_weight": 3.0984880339269387, "wikitext2_loss": 3.831055350823499, "wikitext2_ppl": 46.11117603232829, "c4_loss": 4.13202539815749, "c4_ppl": 62.30398560576528}
{"b": 4.057440396159578, "k_init": 17, "c": 0.9696008542330724, "alpha": -0.27095568881544024, "beta": 0.43381310673833384, "last_batch_loss": 3.8428169403299797, "last_batch_ppl": 46.656718691936646, "size_mb": 236.044175125, "size_ratio": 0.23889526202946118, "target_bits_per_weight": 3.820560213780023, "n_pruned": 141828369, "n_rounded_zero": 5648856, "n_nonzero": 346483991, "pruned_pct": 28.71245037181219, "sparsity_pct": 29.856033272053487, "n_dense_matrices": 0, "n_bitmap_matrices": 169, "n_csr_matrices": 0, "k_used_mean": 17.0, "k_used_min": 17, "k_used_max": 17, "k_used_row_mean": 15.556761770277856, "last_batch_delta_loss": 0.9574655328777628, "huffman_size_mb": 192.096295125, "huffman_bits_per_weight": 3.108797774520014, "wikitext2_loss": 3.8251076900798906, "wikitext2_ppl": 45.83773637004107, "c4_loss": 4.116988872049142, "c4_ppl": 61.374158304998886}
{"b": 4.055016038912486, "k_init": 17, "c": 0.968959976390937, "alpha": -0.25769419683291095, "beta": 0.4381239608068583, "last_batch_loss": 3.834108383409792, "last_batch_ppl": 46.25217007553427, "size_mb": 236.638961625, "size_ratio": 0.23949723272708098, "target_bits_per_weight": 3.830193140102724, "n_pruned": 140001140, "n_rounded_zero": 6286512, "n_nonzero": 347673564, "pruned_pct": 28.342536916906447, "sparsity_pct": 29.615210113985952, "n_dense_matrices": 0, "n_bitmap_matrices": 169, "n_csr_matrices": 0, "k_used_mean": 17.0, "k_used_min": 17, "k_used_max": 17, "k_used_row_mean": 15.56062964847039, "last_batch_delta_loss": 0.9487569759575751, "huffman_size_mb": 192.25653725, "huffman_bits_per_weight": 3.111392992440929, "wikitext2_loss": 3.791283862566586, "wikitext2_ppl": 44.31325590122442, "c4_loss": 4.095066408326001, "c4_ppl": 60.043326401849875}
{"b": 4.06121282777535, "k_init": 17, "c": 0.9696008542330724, "alpha": -0.2749883099877882, "beta": 0.4214787700501471, "last_batch_loss": 3.8299539376889196, "last_batch_ppl": 46.06041653611471, "size_mb": 236.821061125, "size_ratio": 0.23968153173697984, "target_bits_per_weight": 3.8331423514027465, "n_pruned": 140347389, "n_rounded_zero": 5576064, "n_nonzero": 348037763, "pruned_pct": 28.41263331087111, "sparsity_pct": 29.541479831485393, "n_dense_matrices": 0, "n_bitmap_matrices": 169, "n_csr_matrices": 0, "k_used_mean": 17.0, "k_used_min": 17, "k_used_max": 17, "k_used_row_mean": 15.556761770277856, "last_batch_delta_loss": 0.9446025302367027, "huffman_size_mb": 192.301249375, "huffman_bits_per_weight": 3.1121171322891876, "wikitext2_loss": 3.8110921465216387, "wikitext2_ppl": 45.199776698243674, "c4_loss": 4.0985910851721306, "c4_ppl": 60.255333132304074}
{"b": 4.057440396159578, "k_init": 17, "c": 0.9696008542330724, "alpha": -0.25765365090588166, "beta": 0.43381310673833384, "last_batch_loss": 3.81652536844124, "last_batch_ppl": 45.446025472109945, "size_mb": 237.015328125, "size_ratio": 0.23987814521343653, "target_bits_per_weight": 3.8362886227083868, "n_pruned": 139199187, "n_rounded_zero": 6335732, "n_nonzero": 348426297, "pruned_pct": 28.180185506709904, "sparsity_pct": 29.462823048844385, "n_dense_matrices": 0, "n_bitmap_matrices": 169, "n_csr_matrices": 0, "k_used_mean": 17.0, "k_used_min": 17, "k_used_max": 17, "k_used_row_mean": 15.556761770277856, "last_batch_delta_loss": 0.9311739609890233, "huffman_size_mb": 192.317464875, "huffman_bits_per_weight": 3.1123797520977843, "wikitext2_loss": 3.7802656655052123, "wikitext2_ppl": 43.82768369280281, "c4_loss": 4.082966022743035, "c4_ppl": 59.32115707596098}
{"b": 4.055016038912486, "k_init": 17, "c": 0.968959976390937, "alpha": -0.25769419683291095, "beta": 0.4278060597686688, "last_batch_loss": 3.8066204389712843, "last_batch_ppl": 44.99810775382892, "size_mb": 237.545428625, "size_ratio": 0.24041464859371434, "target_bits_per_weight": 3.844873920222919, "n_pruned": 138105421, "n_rounded_zero": 6369297, "n_nonzero": 349486498, "pruned_pct": 27.95875800095204, "sparsity_pct": 29.248190610981087, "n_dense_matrices": 0, "n_bitmap_matrices": 169, "n_csr_matrices": 0, "k_used_mean": 17.0, "k_used_min": 17, "k_used_max": 17, "k_used_row_mean": 15.56062964847039, "last_batch_delta_loss": 0.9212690315190675, "huffman_size_mb": 192.489333, "huffman_bits_per_weight": 3.11516326010502, "wikitext2_loss": 3.7732362989518364, "wikitext2_ppl": 43.52068311286977, "c4_loss": 4.07743089421528, "c4_ppl": 58.99371390316087}
{"b": 4.069134027088571, "k_init": 17, "c": 0.9787851229729845, "alpha": -0.24149355634473033, "beta": 0.43468750207928586, "last_batch_loss": 3.7944798993668325, "last_batch_ppl": 44.45510926135454, "size_mb": 237.853654125, "size_ratio": 0.2407265970311103, "target_bits_per_weight": 3.8498658182103105, "n_pruned": 136143187, "n_rounded_zero": 7715080, "n_nonzero": 350102949, "pruned_pct": 27.56151345291044, "sparsity_pct": 29.123393161296292, "n_dense_matrices": 0, "n_bitmap_matrices": 169, "n_csr_matrices": 0, "k_used_mean": 17.0, "k_used_min": 17, "k_used_max": 17, "k_used_row_mean": 15.47699664959304, "last_batch_delta_loss": 0.9091284919146156, "huffman_size_mb": 191.862943375, "huffman_bits_per_weight": 3.1050185021003753, "wikitext2_loss": 3.7176631607852246, "wikitext2_ppl": 41.16807843523531, "c4_loss": 4.055389192317484, "c4_ppl": 57.70761798780565}
{"b": 4.122759961461934, "k_init": 17, "c": 0.9839941159433413, "alpha": -0.22769681462862484, "beta": 0.43449291634412973, "last_batch_loss": 3.793632026527006, "last_batch_ppl": 44.417432956235324, "size_mb": 238.488276625, "size_ratio": 0.24136888489246933, "target_bits_per_weight": 3.860143912594142, "n_pruned": 133350952, "n_rounded_zero": 9238070, "n_nonzero": 351372194, "pruned_pct": 26.99623931608428, "sparsity_pct": 28.866440801700513, "n_dense_matrices": 0, "n_bitmap_matrices": 169, "n_csr_matrices": 0, "k_used_mean": 17.0, "k_used_min": 17, "k_used_max": 17, "k_used_row_mean": 15.430900049115914, "last_batch_delta_loss": 0.9082806190747892, "huffman_size_mb": 191.652222875, "huffman_bits_per_weight": 3.101605756432505, "wikitext2_loss": 3.746010801886615, "wikitext2_ppl": 42.351794864428776, "c4_loss": 4.054516386974131, "c4_ppl": 57.657272444599386}
{"b": 4.077170914834094, "k_init": 17, "c": 0.9778258191654828, "alpha": -0.21978895839839602, "beta": 0.43449291634412973, "last_batch_loss": 3.7722761026521283, "last_batch_ppl": 43.478914770097234, "size_mb": 238.917977625, "size_ratio": 0.24180377608575956, "target_bits_per_weight": 3.8671031796148143, "n_pruned": 131762996, "n_rounded_zero": 9966624, "n_nonzero": 352231596, "pruned_pct": 26.674765494139525, "sparsity_pct": 28.692459126183703, "n_dense_matrices": 0, "n_bitmap_matrices": 169, "n_csr_matrices": 0, "k_used_mean": 17.0, "k_used_min": 17, "k_used_max": 17, "k_used_row_mean": 15.484756525399943, "last_batch_delta_loss": 0.8869246951999115, "huffman_size_mb": 192.174093, "huffman_bits_per_weight": 3.1100577580568594, "wikitext2_loss": 3.717280004873173, "wikitext2_ppl": 41.15230766412008, "c4_loss": 4.038911023254096, "c4_ppl": 56.76449392170925}
{"b": 4.075595301260496, "k_init": 17, "c": 0.9685134977303456, "alpha": -0.2299404921662402, "beta": 0.42549959236122425, "last_batch_loss": 3.7671328098761143, "last_batch_ppl": 43.25586408105508, "size_mb": 239.440651125, "size_ratio": 0.24233276275815777, "target_bits_per_weight": 3.8755681923821323, "n_pruned": 132146210, "n_rounded_zero": 8538063, "n_nonzero": 353276943, "pruned_pct": 26.752345269147607, "sparsity_pct": 28.48083380700075, "n_dense_matrices": 0, "n_bitmap_matrices": 169, "n_csr_matrices": 0, "k_used_mean": 17.0, "k_used_min": 17, "k_used_max": 17, "k_used_row_mean": 15.563692815043503, "last_batch_delta_loss": 0.8817814024238975, "huffman_size_mb": 192.967436375, "huffman_bits_per_weight": 3.122906432799777, "wikitext2_loss": 3.7346042060434668, "wikitext2_ppl": 41.87144981624034, "c4_loss": 4.036028322034425, "c4_ppl": 56.60109447489308}
{"b": 4.0528298539888565, "k_init": 17, "c": 0.9700619377820856, "alpha": -0.0010935317116412963, "beta": 0.4317191541279794, "last_batch_loss": 3.7488454605348527, "last_batch_ppl": 42.47201806136974, "size_mb": 239.995284125, "size_ratio": 0.24289409495707784, "target_bits_per_weight": 3.884550808539592, "n_pruned": 86294573, "n_rounded_zero": 53280434, "n_nonzero": 354386209, "pruned_pct": 17.46990860918117, "sparsity_pct": 28.25626840306426, "n_dense_matrices": 0, "n_bitmap_matrices": 169, "n_csr_matrices": 0, "k_used_mean": 17.0, "k_used_min": 17, "k_used_max": 17, "k_used_row_mean": 15.55057842758911, "last_batch_delta_loss": 0.8634940530826358, "huffman_size_mb": 192.993582, "huffman_bits_per_weight": 3.1233298769756046, "wikitext2_loss": 3.6808253334340977, "wikitext2_ppl": 39.67912907392945, "c4_loss": 4.019466527800008, "c4_ppl": 55.671398759979866}
{"b": 4.07337233886965, "k_init": 17, "c": 0.8483141000264153, "alpha": -0.22663765889905627, "beta": 0.42962074217232216, "last_batch_loss": 3.735372702668921, "last_batch_ppl": 41.903640251663234, "size_mb": 240.945837125, "size_ratio": 0.24385612932156758, "target_bits_per_weight": 3.8999455880358025, "n_pruned": 132245022, "n_rounded_zero": 5428879, "n_nonzero": 356287315, "pruned_pct": 26.772349268813848, "sparsity_pct": 27.871398915658997, "n_dense_matrices": 0, "n_bitmap_matrices": 169, "n_csr_matrices": 0, "k_used_mean": 17.0, "k_used_min": 17, "k_used_max": 17, "k_used_row_mean": 16.36878595986528, "last_batch_delta_loss": 0.8500212952167043, "huffman_size_mb": 202.0158135, "huffman_bits_per_weight": 3.2694503610583063, "wikitext2_loss": 3.6646377452480157, "wikitext2_ppl": 39.0419904545099, "c4_loss": 3.9728812649591294, "c4_ppl": 53.137413453654396}
{"b": 4.07337233886965, "k_init": 17, "c": 0.8493482975582222, "alpha": -0.22663765889905627, "beta": 0.42764338767093935, "last_batch_loss": 3.7254897482405656, "last_batch_ppl": 41.491548182420466, "size_mb": 241.109248625, "size_ratio": 0.2440215146062943, "target_bits_per_weight": 3.902592135897568, "n_pruned": 131882028, "n_rounded_zero": 5465050, "n_nonzero": 356614138, "pruned_pct": 26.698862932591048, "sparsity_pct": 27.805235219114856, "n_dense_matrices": 0, "n_bitmap_matrices": 169, "n_csr_matrices": 0, "k_used_mean": 17.0, "k_used_min": 17, "k_used_max": 17, "k_used_row_mean": 16.363933570726914, "last_batch_delta_loss": 0.8401383407883487, "huffman_size_mb": 202.004958, "huffman_bits_per_weight": 3.269274549684484, "wikitext2_loss": 3.6522880014176695, "wikitext2_ppl": 38.56279692283204, "c4_loss": 3.9628704631975005, "c4_ppl": 52.608119092220036}
{"b": 4.110758370389898, "k_init": 17, "c": 0.8493482975582222, "alpha": -0.2174674076231891, "beta": 0.42764338767093935, "last_batch_loss": 3.715567167176814, "last_batch_ppl": 41.081880772396566, "size_mb": 241.735225125, "size_ratio": 0.24465505203594107, "target_bits_per_weight": 3.9127302030935156, "n_pruned": 130037922, "n_rounded_zero": 6057203, "n_nonzero": 357866091, "pruned_pct": 26.32553281268139, "sparsity_pct": 27.551783539216164, "n_dense_matrices": 0, "n_bitmap_matrices": 169, "n_csr_matrices": 0, "k_used_mean": 17.0, "k_used_min": 17, "k_used_max": 17, "k_used_row_mean": 16.363933570726914, "last_batch_delta_loss": 0.8302157597245969, "huffman_size_mb": 202.159023, "huffman_bits_per_weight": 3.271769725338112, "wikitext2_loss": 3.6455484124727717, "wikitext2_ppl": 38.303773359626, "c4_loss": 3.950720876498984, "c4_ppl": 51.97281931793434}
{"b": 4.07337233886965, "k_init": 17, "c": 0.8493482975582222, "alpha": -0.21644560285469563, "beta": 0.42764338767093935, "last_batch_loss": 3.7098685648013863, "last_batch_ppl": 40.84843725167888, "size_mb": 241.801115125, "size_ratio": 0.2447217378959365, "target_bits_per_weight": 3.9137973314083023, "n_pruned": 129833437, "n_rounded_zero": 6129908, "n_nonzero": 357997871, "pruned_pct": 26.284135837903516, "sparsity_pct": 27.5251053313465, "n_dense_matrices": 0, "n_bitmap_matrices": 169, "n_csr_matrices": 0, "k_used_mean": 17.0, "k_used_min": 17, "k_used_max": 17, "k_used_row_mean": 16.363933570726914, "last_batch_delta_loss": 0.8245171573491694, "huffman_size_mb": 202.175261, "huffman_bits_per_weight": 3.2720327095477875, "wikitext2_loss": 3.6397520858811925, "wikitext2_ppl": 38.08239439175575, "c4_loss": 3.9458173030635235, "c4_ppl": 51.718590605751984}
{"b": 4.1020112854058235, "k_init": 17, "c": 0.8493480703171351, "alpha": -0.21633281562095655, "beta": 0.4217021170469363, "last_batch_loss": 3.699354267726017, "last_batch_ppl": 40.42119466109137, "size_mb": 242.341199625, "size_ratio": 0.2452683458691145, "target_bits_per_weight": 3.9225443258282042, "n_pruned": 128709289, "n_rounded_zero": 6173887, "n_nonzero": 359078040, "pruned_pct": 26.056557646825453, "sparsity_pct": 27.30643047084895, "n_dense_matrices": 0, "n_bitmap_matrices": 169, "n_csr_matrices": 0, "k_used_mean": 17.0, "k_used_min": 17, "k_used_max": 17, "k_used_row_mean": 16.36406074586023, "last_batch_delta_loss": 0.8140028602738001, "huffman_size_mb": 202.40813725, "huffman_bits_per_weight": 3.275804280957961, "wikitext2_loss": 3.6277248054965585, "wikitext2_ppl": 37.6271101605063, "c4_loss": 3.9290066976691667, "c4_ppl": 50.85643675498639}
{"b": 4.0458171262574725, "k_init": 17, "c": 0.8486550009806284, "alpha": -0.21633281562095655, "beta": 0.4165535981662309, "last_batch_loss": 3.683544015441805, "last_batch_ppl": 39.7871507800242, "size_mb": 242.809894125, "size_ratio": 0.24574270154991015, "target_bits_per_weight": 3.930135116114055, "n_pruned": 127758305, "n_rounded_zero": 6187482, "n_nonzero": 360015429, "pruned_pct": 25.864035649308953, "sparsity_pct": 27.11666071370267, "n_dense_matrices": 0, "n_bitmap_matrices": 169, "n_csr_matrices": 0, "k_used_mean": 17.0, "k_used_min": 17, "k_used_max": 17, "k_used_row_mean": 16.367128297782767, "last_batch_delta_loss": 0.7981926079895882, "huffman_size_mb": 202.660118625, "huffman_bits_per_weight": 3.279885271397502, "wikitext2_loss": 3.6146572770208323, "wikitext2_ppl": 37.138615487322284, "c4_loss": 3.9128433156723967, "c4_ppl": 50.041032339535846}
{"b": 4.0583623305562515, "k_init": 17, "c": 0.8478413542812978, "alpha": -0.2071270223280726, "beta": 0.4150571359360703, "last_batch_loss": 3.6733374285826055, "last_batch_ppl": 39.383125138531256, "size_mb": 243.512462125, "size_ratio": 0.24645375559885938, "target_bits_per_weight": 3.941513628875673, "n_pruned": 125618468, "n_rounded_zero": 6922183, "n_nonzero": 361420565, "pruned_pct": 25.43083625415644, "sparsity_pct": 26.83219789466224, "n_dense_matrices": 0, "n_bitmap_matrices": 169, "n_csr_matrices": 0, "k_used_mean": 17.0, "k_used_min": 17, "k_used_max": 17, "k_used_row_mean": 16.37125052624193, "last_batch_delta_loss": 0.7879860211303886, "huffman_size_mb": 202.9228925, "huffman_bits_per_weight": 3.2841410528878447, "wikitext2_loss": 3.6026741991417652, "wikitext2_ppl": 36.696236390775034, "c4_loss": 3.895477163541241, "c4_ppl": 49.179514436119156}
{"b": 4.070022610103772, "k_init": 17, "c": 0.84866908379608, "alpha": -0.21617520059222312, "beta": 0.4033313990772142, "last_batch_loss": 3.656181719341567, "last_batch_ppl": 38.71324228222669, "size_mb": 244.005404625, "size_ratio": 0.2469526521619311, "target_bits_per_weight": 3.949497130155255, "n_pruned": 125268434, "n_rounded_zero": 6286332, "n_nonzero": 362406450, "pruned_pct": 25.35997360570106, "sparsity_pct": 26.632610362672683, "n_dense_matrices": 0, "n_bitmap_matrices": 169, "n_csr_matrices": 0, "k_used_mean": 17.0, "k_used_min": 17, "k_used_max": 17, "k_used_row_mean": 16.366972617878194, "last_batch_delta_loss": 0.77083031188935, "huffman_size_mb": 203.17066275, "huffman_bits_per_weight": 3.2881538416165856, "wikitext2_loss": 3.5803812278953164, "wikitext2_ppl": 35.88721944870402, "c4_loss": 3.8779841615446733, "c4_ppl": 48.326697998790365}
{"b": 4.070022610103772, "k_init": 17, "c": 0.8483955650341193, "alpha": -0.2071270223280726, "beta": 0.40371739914135063, "last_batch_loss": 3.648501725562561, "last_batch_ppl": 38.417063603313466, "size_mb": 244.519606125, "size_ratio": 0.2474730645042962, "target_bits_per_weight": 3.957824933769699, "n_pruned": 123513860, "n_rounded_zero": 7012503, "n_nonzero": 363434853, "pruned_pct": 25.00476879545134, "sparsity_pct": 26.42441527231158, "n_dense_matrices": 0, "n_bitmap_matrices": 169, "n_csr_matrices": 0, "k_used_mean": 17.0, "k_used_min": 17, "k_used_max": 17, "k_used_row_mean": 16.36875526241931, "last_batch_delta_loss": 0.7631503181103443, "huffman_size_mb": 203.319891875, "huffman_bits_per_weight": 3.290570697356126, "wikitext2_loss": 3.576162024809423, "wikitext2_ppl": 35.7361229591968, "c4_loss": 3.86828536269836, "c4_ppl": 47.860252711907016}
{"b": 4.057961608555538, "k_init": 17, "c": 0.9699861586711649, "alpha": -0.22999374028394984, "beta": 0.36498390855222285, "last_batch_loss": 3.640018643899609, "last_batch_ppl": 38.09254691239916, "size_mb": 244.745873125, "size_ratio": 0.24770206449645865, "target_bits_per_weight": 3.9614894643874226, "n_pruned": 120834008, "n_rounded_zero": 9239821, "n_nonzero": 363887387, "pruned_pct": 24.462246039980595, "sparsity_pct": 26.33280200686849, "n_dense_matrices": 0, "n_bitmap_matrices": 169, "n_csr_matrices": 0, "k_used_mean": 17.0, "k_used_min": 17, "k_used_max": 17, "k_used_row_mean": 15.550883209374122, "last_batch_delta_loss": 0.7546672364473923, "huffman_size_mb": 194.19090675, "huffman_bits_per_weight": 3.1427212738904586, "wikitext2_loss": 3.5550183775245765, "wikitext2_ppl": 34.988462963123226, "c4_loss": 3.9083550848725603, "c4_ppl": 49.81693990240351}
{"b": 4.038459014566631, "k_init": 16, "c": 0.8486291539567076, "alpha": -0.21687942707958166, "beta": 0.3543856588128764, "last_batch_loss": 3.623428203096376, "last_batch_ppl": 37.465788244921036, "size_mb": 244.958531, "size_ratio": 0.2479172909842288, "target_bits_per_weight": 3.964933587012629, "n_pruned": 116186074, "n_rounded_zero": 10911056, "n_nonzero": 366864086, "pruned_pct": 23.52129483785221, "sparsity_pct": 25.730184047486027, "n_dense_matrices": 43, "n_bitmap_matrices": 126, "n_csr_matrices": 0, "k_used_mean": 16.0, "k_used_min": 16, "k_used_max": 16, "k_used_row_mean": 14.999407977827673, "last_batch_delta_loss": 0.738076795644159, "huffman_size_mb": 194.37776975, "huffman_bits_per_weight": 3.145747632947766, "wikitext2_loss": 3.521345843318258, "wikitext2_ppl": 33.82992762165986, "c4_loss": 3.8974791453649895, "c4_ppl": 49.278069549977495}
{"b": 4.038459014566631, "k_init": 16, "c": 0.8486291539567076, "alpha": -0.21687942707958166, "beta": 0.345399201418182, "last_batch_loss": 3.6119696352035753, "last_batch_ppl": 37.03893420509807, "size_mb": 245.259375, "size_ratio": 0.2482217687633222, "target_bits_per_weight": 3.969805937152766, "n_pruned": 114468225, "n_rounded_zero": 11055301, "n_nonzero": 368437690, "pruned_pct": 23.173524821835404, "sparsity_pct": 25.41161571680964, "n_dense_matrices": 58, "n_bitmap_matrices": 111, "n_csr_matrices": 0, "k_used_mean": 16.0, "k_used_min": 16, "k_used_max": 16, "k_used_row_mean": 14.999407977827673, "last_batch_delta_loss": 0.7266182277513584, "huffman_size_mb": 194.57443325, "huffman_bits_per_weight": 3.1489327170172, "wikitext2_loss": 3.5146481009368453, "wikitext2_ppl": 33.604100591514914, "c4_loss": 3.888158918417077, "c4_ppl": 48.82092043421613}
{"b": 4.041703825833459, "k_init": 16, "c": 0.8486804916859841, "alpha": -0.19144845001826738, "beta": 0.32490233399294693, "last_batch_loss": 3.5978748971913928, "last_batch_ppl": 36.52054201431024, "size_mb": 245.7985625, "size_ratio": 0.24876746890198181, "target_bits_per_weight": 3.9785384041163265, "n_pruned": 105400381, "n_rounded_zero": 15527470, "n_nonzero": 373033365, "pruned_pct": 21.3377847462421, "sparsity_pct": 24.481244090224283, "n_dense_matrices": 85, "n_bitmap_matrices": 84, "n_csr_matrices": 0, "k_used_mean": 16.0, "k_used_min": 16, "k_used_max": 16, "k_used_row_mean": 14.999195288380578, "last_batch_delta_loss": 0.7125234897391759, "huffman_size_mb": 195.144328125, "huffman_bits_per_weight": 3.1581625084508658, "wikitext2_loss": 3.50282931652506, "wikitext2_ppl": 33.20927872437268, "c4_loss": 3.8779392787521503, "c4_ppl": 48.32452901030626}
{"b": 4.038459014566631, "k_init": 16, "c": 0.8486291539567076, "alpha": -0.21687942707958166, "beta": 0.3082829103263816, "last_batch_loss": 3.586526979745512, "last_batch_ppl": 36.10845251947071, "size_mb": 246.1077215, "size_ratio": 0.24908036211476564, "target_bits_per_weight": 3.983545420699588, "n_pruned": 107302147, "n_rounded_zero": 11852213, "n_nonzero": 374806856, "pruned_pct": 21.72278784737626, "sparsity_pct": 24.12220962708133, "n_dense_matrices": 97, "n_bitmap_matrices": 72, "n_csr_matrices": 0, "k_used_mean": 16.0, "k_used_min": 16, "k_used_max": 16, "k_used_row_mean": 14.999407977827673, "last_batch_delta_loss": 0.7011755722932951, "huffman_size_mb": 195.3670935, "huffman_bits_per_weight": 3.161770328138475, "wikitext2_loss": 3.4978028846847584, "wikitext2_ppl": 33.042773362887566, "c4_loss": 3.8650409584809466, "c4_ppl": 47.70522632627772}
{"b": 3.976132932443111, "k_init": 16, "c": 0.8485400803819092, "alpha": -0.0598116774875071, "beta": 0.3064367965391061, "last_batch_loss": 3.5762488025540424, "last_batch_ppl": 35.73922419390577, "size_mb": 246.1556075, "size_ratio": 0.2491288265113621, "target_bits_per_weight": 3.9843209633689134, "n_pruned": 74772631, "n_rounded_zero": 42918668, "n_nonzero": 376269917, "pruned_pct": 15.137348556531208, "sparsity_pct": 23.826020178879794, "n_dense_matrices": 101, "n_bitmap_matrices": 68, "n_csr_matrices": 0, "k_used_mean": 16.0, "k_used_min": 16, "k_used_max": 16, "k_used_row_mean": 14.999598740527645, "last_batch_delta_loss": 0.6908973951018256, "huffman_size_mb": 195.552203125, "huffman_bits_per_weight": 3.1647682902294902, "wikitext2_loss": 3.4893288861424754, "wikitext2_ppl": 32.7639519840367, "c4_loss": 3.855467989669524, "c4_ppl": 47.250724618788006}
{"b": 3.958147095448523, "k_init": 16, "c": 0.8486273803866876, "alpha": -0.18883440335817844, "beta": 0.30214585506083524, "last_batch_loss": 3.567886359993283, "last_batch_ppl": 35.44160313830502, "size_mb": 246.2264455, "size_ratio": 0.24920052013634852, "target_bits_per_weight": 3.985468227529831, "n_pruned": 100448622, "n_rounded_zero": 16600637, "n_nonzero": 376911957, "pruned_pct": 20.33532567868648, "sparsity_pct": 23.696042362969646, "n_dense_matrices": 105, "n_bitmap_matrices": 64, "n_csr_matrices": 0, "k_used_mean": 16.0, "k_used_min": 16, "k_used_max": 16, "k_used_row_mean": 14.999407977827673, "last_batch_delta_loss": 0.682534952541066, "huffman_size_mb": 195.62828975, "huffman_bits_per_weight": 3.166000559039842, "wikitext2_loss": 3.4731027042921356, "wikitext2_ppl": 32.236608100155244, "c4_loss": 3.8431579522755768, "c4_ppl": 46.67263190349637}
{"b": 4.038495632664347, "k_init": 16, "c": 0.8524550654980985, "alpha": -0.23092945659583203, "beta": 0.22650909616584797, "last_batch_loss": 3.5469957285528366, "last_batch_ppl": 34.708885781037054, "size_mb": 246.764947, "size_ratio": 0.2497455259890777, "target_bits_per_weight": 3.9941895843093884, "n_pruned": 93962634, "n_rounded_zero": 15046247, "n_nonzero": 384952335, "pruned_pct": 19.02226955405341, "sparsity_pct": 22.068307686731423, "n_dense_matrices": 129, "n_bitmap_matrices": 40, "n_csr_matrices": 0, "k_used_mean": 16.0, "k_used_min": 16, "k_used_max": 16, "k_used_row_mean": 14.97540038240247, "last_batch_delta_loss": 0.6616443211006198, "huffman_size_mb": 196.325046625, "huffman_bits_per_weight": 3.177284957125055, "wikitext2_loss": 3.435133812347442, "wikitext2_ppl": 31.035565229520575, "c4_loss": 3.819043264309837, "c4_ppl": 45.56059801222244}
{"b": 4.038495632664347, "k_init": 16, "c": 0.8493313017748569, "alpha": -0.22141596114338702, "beta": 0.24195001743235206, "last_batch_loss": 3.5322378332811737, "last_batch_ppl": 34.200416873612085, "size_mb": 246.7758505, "size_ratio": 0.24975656118826514, "target_bits_per_weight": 3.994366173072179, "n_pruned": 95153289, "n_rounded_zero": 14397652, "n_nonzero": 384410275, "pruned_pct": 19.263311757658318, "sparsity_pct": 22.17804504716419, "n_dense_matrices": 128, "n_bitmap_matrices": 41, "n_csr_matrices": 0, "k_used_mean": 16.0, "k_used_min": 16, "k_used_max": 16, "k_used_row_mean": 14.996116773084479, "last_batch_delta_loss": 0.6468864258289568, "huffman_size_mb": 196.504392875, "huffman_bits_per_weight": 3.1801895778797338, "wikitext2_loss": 3.38388343415502, "wikitext2_ppl": 29.48505232715119, "c4_loss": 3.79826914512884, "c4_ppl": 44.62388015097211}
{"b": 4.004521056223813, "k_init": 16, "c": 0.8486283274863097, "alpha": -0.05656260058979662, "beta": 0.24013365390825692, "last_batch_loss": 3.5181000396922326, "last_batch_ppl": 33.7203003304927, "size_mb": 246.7977165, "size_ratio": 0.24977869129927835, "target_bits_per_weight": 3.994720306138367, "n_pruned": 61026499, "n_rounded_zero": 46764745, "n_nonzero": 386169972, "pruned_pct": 12.354512261950541, "sparsity_pct": 21.821803110955173, "n_dense_matrices": 130, "n_bitmap_matrices": 39, "n_csr_matrices": 0, "k_used_mean": 16.0, "k_used_min": 16, "k_used_max": 16, "k_used_row_mean": 14.999407977827673, "last_batch_delta_loss": 0.6327486322400158, "huffman_size_mb": 196.773186, "huffman_bits_per_weight": 3.1845428447564594, "wikitext2_loss": 3.3593371186732925, "wikitext2_ppl": 28.770113385953415, "c4_loss": 3.7819988430565488, "c4_ppl": 43.90371071543922}
{"b": 3.9733348638279042, "k_init": 16, "c": 0.8486283274863097, "alpha": -0.2194470146386749, "beta": 0.2359007685443133, "last_batch_loss": 3.5132136193495818, "last_batch_ppl": 33.555930685641435, "size_mb": 246.8032425, "size_ratio": 0.2497842840457093, "target_bits_per_weight": 3.994809803043322, "n_pruned": 93547732, "n_rounded_zero": 15103448, "n_nonzero": 385310036, "pruned_pct": 18.938274700497942, "sparsity_pct": 21.99589289212536, "n_dense_matrices": 131, "n_bitmap_matrices": 38, "n_csr_matrices": 0, "k_used_mean": 16.0, "k_used_min": 16, "k_used_max": 16, "k_used_row_mean": 14.999407977827673, "last_batch_delta_loss": 0.6278622118973649, "huffman_size_mb": 196.66613725, "huffman_bits_per_weight": 3.1828091256460103, "wikitext2_loss": 3.356926870655917, "wikitext2_ppl": 28.70085377715178, "c4_loss": 3.7779564105072545, "c4_ppl": 43.726591164323935}
{"b": 4.0082934876754495, "k_init": 16, "c": 0.8486283274863097, "alpha": -0.0598116774875071, "beta": 0.2277993171979391, "last_batch_loss": 3.501223148109276, "last_batch_ppl": 33.15598184311612, "size_mb": 246.8217485, "size_ratio": 0.2498030135725734, "target_bits_per_weight": 3.9951095188817414, "n_pruned": 59229915, "n_rounded_zero": 47256106, "n_nonzero": 387475195, "pruned_pct": 11.990802735411519, "sparsity_pct": 21.557567183574186, "n_dense_matrices": 133, "n_bitmap_matrices": 36, "n_csr_matrices": 0, "k_used_mean": 16.0, "k_used_min": 16, "k_used_max": 16, "k_used_row_mean": 14.999407977827673, "last_batch_delta_loss": 0.6158717406570591, "huffman_size_mb": 196.93515675, "huffman_bits_per_weight": 3.187166058802479, "wikitext2_loss": 3.355715117496746, "wikitext2_ppl": 28.666096489795763, "c4_loss": 3.7661102734720875, "c4_ppl": 43.21165599138701}
{"b": 4.047994888906738, "k_init": 17, "c": 0.8493620698458658, "alpha": -0.21633281562095655, "beta": 0.31038583647079815, "last_batch_loss": 3.500787463838086, "last_batch_ppl": 33.1415394497215, "size_mb": 252.344995625, "size_ratio": 0.2553929738775951, "target_bits_per_weight": 4.084561839365137, "n_pruned": 107602060, "n_rounded_zero": 7273524, "n_nonzero": 379085632, "pruned_pct": 21.783503747792217, "sparsity_pct": 23.25599263242562, "n_dense_matrices": 0, "n_bitmap_matrices": 169, "n_csr_matrices": 0, "k_used_mean": 17.0, "k_used_min": 17, "k_used_max": 17, "k_used_row_mean": 16.36414626017401, "last_batch_delta_loss": 0.6154360563858692, "huffman_size_mb": 205.874224875, "huffman_bits_per_weight": 3.331939661837742, "wikitext2_loss": 3.4446418930131215, "wikitext2_ppl": 31.332061207376494, "c4_loss": 3.738119638309749, "c4_ppl": 42.01890509462452}
{"b": 4.047698340510278, "k_init": 17, "c": 0.8493617151421057, "alpha": -0.21633281562095655, "beta": 0.30374825399968786, "last_batch_loss": 3.488632105243573, "last_batch_ppl": 32.74113063978337, "size_mb": 252.935726125, "size_ratio": 0.2559908395843492, "target_bits_per_weight": 4.094129076320033, "n_pruned": 106312290, "n_rounded_zero": 7381833, "n_nonzero": 380267093, "pruned_pct": 21.522396203672802, "sparsity_pct": 23.01681170855325, "n_dense_matrices": 0, "n_bitmap_matrices": 169, "n_csr_matrices": 0, "k_used_mean": 17.0, "k_used_min": 17, "k_used_max": 17, "k_used_row_mean": 16.36414626017401, "last_batch_delta_loss": 0.6032806977913561, "huffman_size_mb": 206.02482275, "huffman_bits_per_weight": 3.334378685309577, "wikitext2_loss": 3.4383439811241265, "wikitext2_ppl": 31.135354716839615, "c4_loss": 3.729758537042764, "c4_ppl": 41.66904541825611}
{"b": 4.047698340510278, "k_init": 17, "c": 0.8493617151421057, "alpha": -0.21633281562095655, "beta": 0.3028544765875477, "last_batch_loss": 3.4846883456067568, "last_batch_ppl": 32.61226177125088, "size_mb": 253.014960125, "size_ratio": 0.2560710306213939, "target_bits_per_weight": 4.095412318767957, "n_pruned": 106138619, "n_rounded_zero": 7397036, "n_nonzero": 380425561, "pruned_pct": 21.48723737047404, "sparsity_pct": 22.984730647355114, "n_dense_matrices": 0, "n_bitmap_matrices": 169, "n_csr_matrices": 0, "k_used_mean": 17.0, "k_used_min": 17, "k_used_max": 17, "k_used_row_mean": 16.36414626017401, "last_batch_delta_loss": 0.5993369381545399, "huffman_size_mb": 206.044820625, "huffman_bits_per_weight": 3.3347025629639715, "wikitext2_loss": 3.438236173083752, "wikitext2_ppl": 31.131998256191203, "c4_loss": 3.7261774452593364, "c4_ppl": 41.52009160989978}
{"b": 4.046046945590824, "k_init": 17, "c": 0.8493617151421057, "alpha": -0.21633281562095655, "beta": 0.30056805449633806, "last_batch_loss": 3.4748710777681517, "last_batch_ppl": 32.29366489687052, "size_mb": 253.217276625, "size_ratio": 0.25627579082466856, "target_bits_per_weight": 4.098688956583993, "n_pruned": 105694296, "n_rounded_zero": 7436726, "n_nonzero": 380830194, "pruned_pct": 21.39728638128545, "sparsity_pct": 22.902814701954252, "n_dense_matrices": 0, "n_bitmap_matrices": 169, "n_csr_matrices": 0, "k_used_mean": 17.0, "k_used_min": 17, "k_used_max": 17, "k_used_row_mean": 16.36414626017401, "last_batch_delta_loss": 0.5895196703159349, "huffman_size_mb": 206.095868375, "huffman_bits_per_weight": 3.335529312082672, "wikitext2_loss": 3.430561358456202, "wikitext2_ppl": 30.893980480069192, "c4_loss": 3.7198355082599024, "c4_ppl": 41.25760701484553}
{"b": 4.047698340510278, "k_init": 17, "c": 0.8493617151421057, "alpha": -0.21633281562095655, "beta": 0.29371166418803235, "last_batch_loss": 3.466345149246611, "last_batch_ppl": 32.019501826406305, "size_mb": 253.822514125, "size_ratio": 0.2568883387559021, "target_bits_per_weight": 4.1084911431589, "n_pruned": 104358009, "n_rounded_zero": 7562538, "n_nonzero": 382040669, "pruned_pct": 21.1267617010644, "sparsity_pct": 22.657760037581575, "n_dense_matrices": 0, "n_bitmap_matrices": 169, "n_csr_matrices": 0, "k_used_mean": 17.0, "k_used_min": 17, "k_used_max": 17, "k_used_row_mean": 16.36414626017401, "last_batch_delta_loss": 0.5809937417943942, "huffman_size_mb": 206.24857475, "huffman_bits_per_weight": 3.3380024839844915, "wikitext2_loss": 3.422771584638144, "wikitext2_ppl": 30.65425826292096, "c4_loss": 3.7098864437489025, "c4_ppl": 40.8491675852734}
{"b": 4.110519502094592, "k_init": 17, "c": 0.8493400587908292, "alpha": -0.21346809621699953, "beta": 0.28578010018563166, "last_batch_loss": 3.463317811459987, "last_batch_ppl": 31.922714556417645, "size_mb": 254.699061125, "size_ratio": 0.2577754732303506, "target_bits_per_weight": 4.1226873508222965, "n_pruned": 102231970, "n_rounded_zero": 7935483, "n_nonzero": 383793763, "pruned_pct": 20.696355642626, "sparsity_pct": 22.302854845996656, "n_dense_matrices": 0, "n_bitmap_matrices": 169, "n_csr_matrices": 0, "k_used_mean": 17.0, "k_used_min": 17, "k_used_max": 17, "k_used_row_mean": 16.36414626017401, "last_batch_delta_loss": 0.5779664040077703, "huffman_size_mb": 206.46714425, "huffman_bits_per_weight": 3.341542348944254, "wikitext2_loss": 3.42104924066647, "wikitext2_ppl": 30.601506527353077, "c4_loss": 3.701726455949374, "c4_ppl": 40.5171951636528}
{"b": 4.1020112854058235, "k_init": 17, "c": 0.8493480703171351, "alpha": -0.17795531178968918, "beta": 0.2990162009292301, "last_batch_loss": 3.4547755731043144, "last_batch_ppl": 31.65118450803687, "size_mb": 255.021154625, "size_ratio": 0.2581014571739905, "target_bits_per_weight": 4.127903849439062, "n_pruned": 97627392, "n_rounded_zero": 11895874, "n_nonzero": 384437950, "pruned_pct": 19.76418164781585, "sparsity_pct": 22.172442380577507, "n_dense_matrices": 0, "n_bitmap_matrices": 169, "n_csr_matrices": 0, "k_used_mean": 17.0, "k_used_min": 17, "k_used_max": 17, "k_used_row_mean": 16.36414626017401, "last_batch_delta_loss": 0.5694241656520975, "huffman_size_mb": 206.54479575, "huffman_bits_per_weight": 3.3427999618496362, "wikitext2_loss": 3.4105364258577118, "wikitext2_ppl": 30.28148367424239, "c4_loss": 3.69430315290711, "c4_ppl": 40.2175373469846}
{"b": 4.054007089822546, "k_init": 17, "c": 0.8486283274863097, "alpha": -0.21648449080825646, "beta": 0.26758767561986335, "last_batch_loss": 3.4387132787215284, "last_batch_ppl": 31.146855051923154, "size_mb": 256.082678125, "size_ratio": 0.25917580240851557, "target_bits_per_weight": 4.145095863153758, "n_pruned": 99258009, "n_rounded_zero": 8142210, "n_nonzero": 386560997, "pruned_pct": 20.094291977773413, "sparsity_pct": 21.7426420377101, "n_dense_matrices": 0, "n_bitmap_matrices": 169, "n_csr_matrices": 0, "k_used_mean": 17.0, "k_used_min": 17, "k_used_max": 17, "k_used_row_mean": 16.36727959233792, "last_batch_delta_loss": 0.5533618712693116, "huffman_size_mb": 206.881898375, "huffman_bits_per_weight": 3.3482595423038233, "wikitext2_loss": 3.3579971806986797, "wikitext2_ppl": 28.731589034378462, "c4_loss": 3.6742325271695897, "c4_ppl": 39.418392699811214}
{"b": 4.054007089822546, "k_init": 17, "c": 0.8486283274863097, "alpha": -0.2087827684474804, "beta": 0.26758767561986335, "last_batch_loss": 3.429935129200125, "last_batch_ppl": 30.87463982213088, "size_mb": 256.552577625, "size_ratio": 0.2596513776440432, "target_bits_per_weight": 4.15270616914183, "n_pruned": 97709908, "n_rounded_zero": 8750512, "n_nonzero": 387500796, "pruned_pct": 19.780886603048607, "sparsity_pct": 21.55238438800831, "n_dense_matrices": 0, "n_bitmap_matrices": 169, "n_csr_matrices": 0, "k_used_mean": 17.0, "k_used_min": 17, "k_used_max": 17, "k_used_row_mean": 16.36727959233792, "last_batch_delta_loss": 0.5445837217479084, "huffman_size_mb": 206.998022, "huffman_bits_per_weight": 3.3501402344916085, "wikitext2_loss": 3.360584005104676, "wikitext2_ppl": 28.806008824080468, "c4_loss": 3.663807939772613, "c4_ppl": 39.0096066350537}
{"b": 4.1143748963950255, "k_init": 17, "c": 0.8485620887624945, "alpha": -0.20740957354454126, "beta": 0.25738071341019647, "last_batch_loss": 3.4219826389418966, "last_batch_ppl": 30.630083255430772, "size_mb": 257.487377625, "size_ratio": 0.2605974687340982, "target_bits_per_weight": 4.167845819296064, "n_pruned": 95400369, "n_rounded_zero": 9190451, "n_nonzero": 389370396, "pruned_pct": 19.31333187907611, "sparsity_pct": 21.17389313415246, "n_dense_matrices": 0, "n_bitmap_matrices": 169, "n_csr_matrices": 0, "k_used_mean": 17.0, "k_used_min": 17, "k_used_max": 17, "k_used_row_mean": 16.367533942604545, "last_batch_delta_loss": 0.5366312314896797, "huffman_size_mb": 207.23686275, "huffman_bits_per_weight": 3.354008404578873, "wikitext2_loss": 3.350860385146928, "wikitext2_ppl": 28.52726752522136, "c4_loss": 3.6461700808437034, "c4_ppl": 38.327593007204634}
{"b": 4.121239140155031, "k_init": 17, "c": 0.8493484250208951, "alpha": -0.21633281562095655, "beta": 0.24277744672093277, "last_batch_loss": 3.4081216056462202, "last_batch_ppl": 30.208447555471405, "size_mb": 258.113142625, "size_ratio": 0.26123079210911776, "target_bits_per_weight": 4.177980461121871, "n_pruned": 94296014, "n_rounded_zero": 9043276, "n_nonzero": 390621926, "pruned_pct": 19.089760682749635, "sparsity_pct": 20.92052708850729, "n_dense_matrices": 0, "n_bitmap_matrices": 169, "n_csr_matrices": 0, "k_used_mean": 17.0, "k_used_min": 17, "k_used_max": 17, "k_used_row_mean": 16.36414626017401, "last_batch_delta_loss": 0.5227701981940034, "huffman_size_mb": 207.3195935, "huffman_bits_per_weight": 3.355348279003346, "wikitext2_loss": 3.309993127315032, "wikitext2_ppl": 27.384937263209785, "c4_loss": 3.632971699318189, "c4_ppl": 37.82505445456478}
{"b": 4.069168951478184, "k_init": 17, "c": 0.8493484250208951, "alpha": -0.21633281562095655, "beta": 0.22923063410048228, "last_batch_loss": 3.3946445243324836, "last_batch_ppl": 29.804056974602897, "size_mb": 259.141762125, "size_ratio": 0.2622718359088683, "target_bits_per_weight": 4.194639574698917, "n_pruned": 91581726, "n_rounded_zero": 9700325, "n_nonzero": 392679165, "pruned_pct": 18.540266529751193, "sparsity_pct": 20.504049249081127, "n_dense_matrices": 0, "n_bitmap_matrices": 169, "n_csr_matrices": 0, "k_used_mean": 17.0, "k_used_min": 17, "k_used_max": 17, "k_used_row_mean": 16.36414626017401, "last_batch_delta_loss": 0.5092931168802668, "huffman_size_mb": 207.5730675, "huffman_bits_per_weight": 3.359453443405565, "wikitext2_loss": 3.3122586237675122, "wikitext2_ppl": 27.447048070772908, "c4_loss": 3.6176886980162055, "c4_ppl": 37.251369081510134}
{"b": 4.04717322023473, "k_init": 17, "c": 0.8485620887624945, "alpha": -0.2070648946972701, "beta": 0.2190811000508196, "last_batch_loss": 3.390566260743619, "last_batch_ppl": 29.682755691671552, "size_mb": 260.425038625, "size_ratio": 0.263570612612684, "target_bits_per_weight": 4.215423012077126, "n_pruned": 87678166, "n_rounded_zero": 11037332, "n_nonzero": 395245718, "pruned_pct": 17.750010154643395, "sparsity_pct": 19.9844633146259, "n_dense_matrices": 0, "n_bitmap_matrices": 169, "n_csr_matrices": 0, "k_used_mean": 17.0, "k_used_min": 17, "k_used_max": 17, "k_used_row_mean": 16.367533942604545, "last_batch_delta_loss": 0.505214853291402, "huffman_size_mb": 207.931754875, "huffman_bits_per_weight": 3.3652626019124545, "wikitext2_loss": 3.323271519142301, "wikitext2_ppl": 27.75099010852145, "c4_loss": 3.611358197188459, "c4_ppl": 37.01629411489694}
{"b": 4.1020112854058235, "k_init": 17, "c": 0.8493480703171351, "alpha": -0.1788679100796695, "beta": 0.2279435024532961, "last_batch_loss": 3.3847956505995818, "last_batch_ppl": 29.51196134831259, "size_mb": 260.884069625, "size_ratio": 0.26403518807177584, "target_bits_per_weight": 4.22285729614853, "n_pruned": 83746227, "n_rounded_zero": 14051209, "n_nonzero": 396163780, "pruned_pct": 16.954008591638093, "sparsity_pct": 19.798606212840806, "n_dense_matrices": 0, "n_bitmap_matrices": 169, "n_csr_matrices": 0, "k_used_mean": 17.0, "k_used_min": 17, "k_used_max": 17, "k_used_row_mean": 16.36414626017401, "last_batch_delta_loss": 0.4994442431473649, "huffman_size_mb": 207.942856125, "huffman_bits_per_weight": 3.365442393355838, "wikitext2_loss": 3.305735801099776, "wikitext2_ppl": 27.26859847370351, "c4_loss": 3.604029700181865, "c4_ppl": 36.746011905129826}
{"b": 4.054007089822546, "k_init": 17, "c": 0.8486811637207371, "alpha": -0.19069676573387903, "beta": 0.214595920672138, "last_batch_loss": 3.375771094370191, "last_batch_ppl": 29.246827152347795, "size_mb": 261.472826625, "size_ratio": 0.26463105644138163, "target_bits_per_weight": 4.232392571079912, "n_pruned": 83473536, "n_rounded_zero": 13146386, "n_nonzero": 397341294, "pruned_pct": 16.898803650203988, "sparsity_pct": 19.560224339556246, "n_dense_matrices": 0, "n_bitmap_matrices": 169, "n_csr_matrices": 0, "k_used_mean": 17.0, "k_used_min": 17, "k_used_max": 17, "k_used_row_mean": 16.366974810552904, "last_batch_delta_loss": 0.4904196869179742, "huffman_size_mb": 208.126826375, "huffman_bits_per_weight": 3.3684219025811126, "wikitext2_loss": 3.3127257489190245, "wikitext2_ppl": 27.459872272281878, "c4_loss": 3.5944187558448544, "c4_ppl": 36.39453972534076}
{"b": 4.099503508659121, "k_init": 17, "c": 0.8493984023868492, "alpha": -0.004466143563290129, "beta": 0.1895927774301917, "last_batch_loss": 3.369392726732337, "last_batch_ppl": 29.06087380636821, "size_mb": 263.224510625, "size_ratio": 0.2664038983594303, "target_bits_per_weight": 4.260762150605768, "n_pruned": 40046010, "n_rounded_zero": 53070544, "n_nonzero": 400844662, "pruned_pct": 8.107116247766303, "sparsity_pct": 18.850984851409873, "n_dense_matrices": 0, "n_bitmap_matrices": 169, "n_csr_matrices": 0, "k_used_mean": 17.0, "k_used_min": 17, "k_used_max": 17, "k_used_row_mean": 16.363944534100476, "last_batch_delta_loss": 0.48404131928012006, "huffman_size_mb": 208.371786375, "huffman_bits_per_weight": 3.3723891776151107, "wikitext2_loss": 3.2963119478142295, "wikitext2_ppl": 27.012830256336695, "c4_loss": 3.5887702313876466, "c4_ppl": 36.18954378493169}
{"b": 5.048674981317806, "k_init": 33, "c": 0.9765597537009822, "alpha": -0.29068952753861493, "beta": 0.35229091658556866, "last_batch_loss": 3.367176348486352, "last_batch_ppl": 28.996535243487735, "size_mb": 289.57507425, "size_ratio": 0.29307274031871505, "target_bits_per_weight": 4.6875254311464, "n_pruned": 130439138, "n_rounded_zero": 689266, "n_nonzero": 362832812, "pruned_pct": 26.406757003367648, "sparsity_pct": 26.54629548891547, "n_dense_matrices": 0, "n_bitmap_matrices": 169, "n_csr_matrices": 0, "k_used_mean": 33.0, "k_used_min": 33, "k_used_max": 33, "k_used_row_mean": 27.750574480774628, "last_batch_delta_loss": 0.4818249410341351, "huffman_size_mb": 240.681228625, "huffman_bits_per_weight": 3.895660093686384, "wikitext2_loss": 3.2041646550210676, "wikitext2_ppl": 24.634912768238795, "c4_loss": 3.5884165393473406, "c4_ppl": 36.17674609470665}
{"b": 5.037802896186504, "k_init": 33, "c": 0.9761981831397291, "alpha": -0.2837267866745823, "beta": 0.35496193889516914, "last_batch_loss": 3.3602583251118254, "last_batch_ppl": 28.796628810856816, "size_mb": 290.097396125, "size_ratio": 0.29360137111897, "target_bits_per_weight": 4.695984749134636, "n_pruned": 129580214, "n_rounded_zero": 712475, "n_nonzero": 363668527, "pruned_pct": 26.23287209658177, "sparsity_pct": 26.37710912915074, "n_dense_matrices": 0, "n_bitmap_matrices": 169, "n_csr_matrices": 0, "k_used_mean": 33.0, "k_used_min": 33, "k_used_max": 33, "k_used_row_mean": 27.786374280802693, "last_batch_delta_loss": 0.4749069176596086, "huffman_size_mb": 241.00468075, "huffman_bits_per_weight": 3.9008985960549585, "wikitext2_loss": 3.1901134896838883, "wikitext2_ppl": 24.291184085469492, "c4_loss": 3.5796236062434224, "c4_ppl": 35.860040811085604}
{"b": 5.078359384034895, "k_init": 34, "c": 0.977249209586771, "alpha": -0.28378164035944337, "beta": 0.35269010243624294, "last_batch_loss": 3.3520077853070043, "last_batch_ppl": 28.56001850219132, "size_mb": 290.35648925, "size_ratio": 0.2938635937302847, "target_bits_per_weight": 4.700180918657387, "n_pruned": 129159073, "n_rounded_zero": 719067, "n_nonzero": 364083076, "pruned_pct": 26.147614188398144, "sparsity_pct": 26.293185738695726, "n_dense_matrices": 0, "n_bitmap_matrices": 169, "n_csr_matrices": 0, "k_used_mean": 33.0, "k_used_min": 33, "k_used_max": 33, "k_used_row_mean": 27.78291204743194, "last_batch_delta_loss": 0.4666563778547874, "huffman_size_mb": 241.089788625, "huffman_bits_per_weight": 3.9022769694534074, "wikitext2_loss": 3.179248763787195, "wikitext2_ppl": 24.028695543759937, "c4_loss": 3.5697201708787585, "c4_ppl": 35.506655964999304}
{"b": 5.037409913473841, "k_init": 33, "c": 0.977538748624326, "alpha": -0.27682106545732127, "beta": 0.35229091658556866, "last_batch_loss": 3.3456277181069094, "last_batch_ppl": 28.378383702150312, "size_mb": 291.2360105, "size_ratio": 0.2947537383795562, "target_bits_per_weight": 4.714425296094501, "n_pruned": 127717842, "n_rounded_zero": 753064, "n_nonzero": 365490310, "pruned_pct": 25.85584411550238, "sparsity_pct": 26.00829818995344, "n_dense_matrices": 0, "n_bitmap_matrices": 169, "n_csr_matrices": 0, "k_used_mean": 33.0, "k_used_min": 33, "k_used_max": 33, "k_used_row_mean": 27.81494483230424, "last_batch_delta_loss": 0.46027631065469254, "huffman_size_mb": 241.57889, "huffman_bits_per_weight": 3.9101982613954855, "wikitext2_loss": 3.1813856244949594, "wikitext2_ppl": 24.08009641782152, "c4_loss": 3.565780596320782, "c4_ppl": 35.367050021093}
{"b": 5.087727440319147, "k_init": 34, "c": 0.9833293042847302, "alpha": -0.2505517887894798, "beta": 0.365643530777761, "last_batch_loss": 3.3439883859668873, "last_batch_ppl": 28.331900217011096, "size_mb": 292.809068, "size_ratio": 0.2963457962367387, "target_bits_per_weight": 4.739901911651298, "n_pruned": 125065388, "n_rounded_zero": 888626, "n_nonzero": 368007202, "pruned_pct": 25.31886794934119, "sparsity_pct": 25.498765878817498, "n_dense_matrices": 0, "n_bitmap_matrices": 169, "n_csr_matrices": 0, "k_used_mean": 33.0, "k_used_min": 33, "k_used_max": 33, "k_used_row_mean": 27.684228529329218, "last_batch_delta_loss": 0.45863697851467045, "huffman_size_mb": 242.048364, "huffman_bits_per_weight": 3.917801676154267, "wikitext2_loss": 3.158971840146435, "wikitext2_ppl": 23.546374042728576, "c4_loss": 3.5631804766745816, "c4_ppl": 35.27521090758746}
{"b": 5.090382713683833, "k_init": 34, "c": 0.9789609670000874, "alpha": -0.2505517887894798, "beta": 0.365643530777761, "last_batch_loss": 3.332488402425806, "last_batch_ppl": 28.007950111450985, "size_mb": 292.816648, "size_ratio": 0.2963534677926465, "target_bits_per_weight": 4.7400246743258485, "n_pruned": 125065388, "n_rounded_zero": 876498, "n_nonzero": 368019330, "pruned_pct": 25.31886794934119, "sparsity_pct": 25.496310625326505, "n_dense_matrices": 0, "n_bitmap_matrices": 169, "n_csr_matrices": 0, "k_used_mean": 33.0, "k_used_min": 33, "k_used_max": 33, "k_used_row_mean": 27.761447954673027, "last_batch_delta_loss": 0.4471369949735893, "huffman_size_mb": 242.31104625, "huffman_bits_per_weight": 3.922055973722439, "wikitext2_loss": 3.1582912751380654, "wikitext2_ppl": 23.53035465621638, "c4_loss": 3.5581991864694986, "c4_ppl": 35.09993176558484}
{"b": 5.090382713683833, "k_init": 34, "c": 0.9753783817639696, "alpha": -0.2505517887894798, "beta": 0.365643530777761, "last_batch_loss": 3.3253986636312285, "last_batch_ppl": 27.810083301791483, "size_mb": 292.823113625, "size_ratio": 0.2963600115134468, "target_bits_per_weight": 4.7401293890247445, "n_pruned": 125065388, "n_rounded_zero": 866153, "n_nonzero": 368029675, "pruned_pct": 25.31886794934119, "sparsity_pct": 25.49421633134857, "n_dense_matrices": 0, "n_bitmap_matrices": 169, "n_csr_matrices": 0, "k_used_mean": 33.0, "k_used_min": 33, "k_used_max": 33, "k_used_row_mean": 27.82583146225091, "last_batch_delta_loss": 0.44004725617901164, "huffman_size_mb": 242.53414025, "huffman_bits_per_weight": 3.925669115690249, "wikitext2_loss": 3.1549072894638663, "wikitext2_ppl": 23.45086284857748, "c4_loss": 3.551836791828195, "c4_ppl": 34.87732106730706}
{"b": 5.081116266027202, "k_init": 34, "c": 0.9761981831397291, "alpha": -0.2590545450808991, "beta": 0.35229091658556866, "last_batch_loss": 3.3100467564480796, "last_batch_ppl": 27.38640593303517, "size_mb": 293.370004875, "size_ratio": 0.29691350845274295, "target_bits_per_weight": 4.748986622868788, "n_pruned": 124212016, "n_rounded_zero": 844499, "n_nonzero": 368904701, "pruned_pct": 25.14610701743839, "sparsity_pct": 25.317071654467707, "n_dense_matrices": 0, "n_bitmap_matrices": 169, "n_csr_matrices": 0, "k_used_mean": 33.0, "k_used_min": 33, "k_used_max": 33, "k_used_row_mean": 27.875837601740105, "last_batch_delta_loss": 0.4246953489958627, "huffman_size_mb": 242.826970125, "huffman_bits_per_weight": 3.9304116722394657, "wikitext2_loss": 3.141934768192029, "wikitext2_ppl": 23.148610756010356, "c4_loss": 3.53295352089737, "c4_ppl": 34.22490244940382}
{"b": 5.05008636433607, "k_init": 33, "c": 0.9765597537009822, "alpha": -0.2531561593847056, "beta": 0.35229091658556866, "last_batch_loss": 3.3000908699277907, "last_batch_ppl": 27.115102756141404, "size_mb": 294.0790655, "size_ratio": 0.29763113354861515, "target_bits_per_weight": 4.760470287610596, "n_pruned": 123041395, "n_rounded_zero": 880623, "n_nonzero": 370039198, "pruned_pct": 24.90912059784062, "sparsity_pct": 25.08739835963154, "n_dense_matrices": 0, "n_bitmap_matrices": 169, "n_csr_matrices": 0, "k_used_mean": 33.0, "k_used_min": 33, "k_used_max": 33, "k_used_row_mean": 27.873467320376086, "last_batch_delta_loss": 0.4147394624755738, "huffman_size_mb": 243.179317, "huffman_bits_per_weight": 3.9361181425223473, "wikitext2_loss": 3.125690835085989, "wikitext2_ppl": 22.775623859977074, "c4_loss": 3.523093045602266, "c4_ppl": 33.88908701513222}
{"b": 5.054385578168769, "k_init": 33, "c": 0.9765597537009822, "alpha": -0.24466103253301397, "beta": 0.35229091658556866, "last_batch_loss": 3.2888588506999574, "last_batch_ppl": 26.812249411860286, "size_mb": 295.10207425, "size_ratio": 0.29866649882827206, "target_bits_per_weight": 4.777038531705291, "n_pruned": 121349585, "n_rounded_zero": 935619, "n_nonzero": 371676012, "pruned_pct": 24.56662204831887, "sparsity_pct": 24.756033477737653, "n_dense_matrices": 0, "n_bitmap_matrices": 169, "n_csr_matrices": 0, "k_used_mean": 33.0, "k_used_min": 33, "k_used_max": 33, "k_used_row_mean": 27.874958339180466, "last_batch_delta_loss": 0.40350744324774057, "huffman_size_mb": 243.6973955, "huffman_bits_per_weight": 3.944508736491571, "wikitext2_loss": 3.115598041291319, "wikitext2_ppl": 22.546910305663335, "c4_loss": 3.513917307068676, "c4_ppl": 33.57955189196938}
{"b": 5.072987576118615, "k_init": 34, "c": 0.9724384587625833, "alpha": -0.23624803069240805, "beta": 0.35366160352157994, "last_batch_loss": 3.288445857075522, "last_batch_ppl": 26.80117841008035, "size_mb": 295.96398925, "size_ratio": 0.2995388245684141, "target_bits_per_weight": 4.790997765298237, "n_pruned": 119925944, "n_rounded_zero": 980196, "n_nonzero": 373055076, "pruned_pct": 24.27841298374324, "sparsity_pct": 24.47684880587872, "n_dense_matrices": 0, "n_bitmap_matrices": 169, "n_csr_matrices": 0, "k_used_mean": 33.0, "k_used_min": 33, "k_used_max": 33, "k_used_row_mean": 27.939565499579007, "last_batch_delta_loss": 0.4030944496233051, "huffman_size_mb": 244.315981875, "huffman_bits_per_weight": 3.954527116153184, "wikitext2_loss": 3.1112794360749065, "wikitext2_ppl": 22.449749052757703, "c4_loss": 3.5133916224045003, "c4_ppl": 33.56190427545696}
{"b": 5.097217522354798, "k_init": 34, "c": 0.9778420065326642, "alpha": -0.24484683919843717, "beta": 0.3355692301142198, "last_batch_loss": 3.2698145998240564, "last_batch_ppl": 26.306461668497192, "size_mb": 297.053136125, "size_ratio": 0.30064112683007294, "target_bits_per_weight": 4.808637156241837, "n_pruned": 118184858, "n_rounded_zero": 978647, "n_nonzero": 374797711, "pruned_pct": 23.92593875224406, "sparsity_pct": 24.12406098700672, "n_dense_matrices": 0, "n_bitmap_matrices": 169, "n_csr_matrices": 0, "k_used_mean": 33.0, "k_used_min": 33, "k_used_max": 33, "k_used_row_mean": 27.966969548133594, "last_batch_delta_loss": 0.38446319237183957, "huffman_size_mb": 244.73063375, "huffman_bits_per_weight": 3.9612426535122953, "wikitext2_loss": 3.105752668795506, "wikitext2_ppl": 22.32601674903769, "c4_loss": 3.4935604443943786, "c4_ppl": 32.902888306673916}
{"b": 5.074196882202468, "k_init": 34, "c": 0.9724675844003424, "alpha": -0.23624803069240805, "beta": 0.3383954876455261, "last_batch_loss": 3.266577887896159, "last_batch_ppl": 26.221452878930393, "size_mb": 297.76749175, "size_ratio": 0.3013641108822158, "target_bits_per_weight": 4.820206576704192, "n_pruned": 117005049, "n_rounded_zero": 1015487, "n_nonzero": 375940680, "pruned_pct": 23.68709226758402, "sparsity_pct": 23.892672577759626, "n_dense_matrices": 0, "n_bitmap_matrices": 169, "n_csr_matrices": 0, "k_used_mean": 33.0, "k_used_min": 33, "k_used_max": 33, "k_used_row_mean": 28.037018927168116, "last_batch_delta_loss": 0.38122648044394225, "huffman_size_mb": 245.346424, "huffman_bits_per_weight": 3.9712157482420642, "wikitext2_loss": 3.1009232325977374, "wikitext2_ppl": 22.21845461688512, "c4_loss": 3.493982009440442, "c4_ppl": 32.91676193841218}
{"b": 5.023879169573951, "k_init": 33, "c": 0.9783254296435492, "alpha": -0.21687942707958166, "beta": 0.3543856588128764, "last_batch_loss": 3.2544466809755894, "last_batch_ppl": 25.90527668524004, "size_mb": 298.188783, "size_ratio": 0.3017904907473668, "target_bits_per_weight": 4.827029642748308, "n_pruned": 116186074, "n_rounded_zero": 1160396, "n_nonzero": 376614746, "pruned_pct": 23.52129483785221, "sparsity_pct": 23.7562112568773, "n_dense_matrices": 0, "n_bitmap_matrices": 169, "n_csr_matrices": 0, "k_used_mean": 33.0, "k_used_min": 33, "k_used_max": 33, "k_used_row_mean": 27.832666029329218, "last_batch_delta_loss": 0.36909527352337257, "huffman_size_mb": 244.851691125, "huffman_bits_per_weight": 3.9632032507588613, "wikitext2_loss": 3.0757321454357487, "wikitext2_ppl": 21.66573857772265, "c4_loss": 3.477966235449213, "c4_ppl": 32.393773728214605}
{"b": 5.074196489659334, "k_init": 34, "c": 0.9761398471144558, "alpha": -0.2290989403281524, "beta": 0.33630257593907614, "last_batch_loss": 3.2428180077743343, "last_batch_ppl": 25.605777452828494, "size_mb": 298.86324925, "size_ratio": 0.3024731036160743, "target_bits_per_weight": 4.837953030709197, "n_pruned": 115179265, "n_rounded_zero": 1088059, "n_nonzero": 377693892, "pruned_pct": 23.317471345766545, "sparsity_pct": 23.53774349765954, "n_dense_matrices": 0, "n_bitmap_matrices": 169, "n_csr_matrices": 0, "k_used_mean": 33.0, "k_used_min": 33, "k_used_max": 33, "k_used_row_mean": 27.988525733230425, "last_batch_delta_loss": 0.3574666003221174, "huffman_size_mb": 245.620078875, "huffman_bits_per_weight": 3.975647754094119, "wikitext2_loss": 3.0796431154889214, "wikitext2_ppl": 21.750638544877607, "c4_loss": 3.468143668591714, "c4_ppl": 32.07714133721219}
{"b": 5.037802896186504, "k_init": 33, "c": 0.9761981831397291, "alpha": -0.20885546161149765, "beta": 0.3542709275333819, "last_batch_loss": 3.241597781719437, "last_batch_ppl": 25.57455167115531, "size_mb": 299.164566125, "size_ratio": 0.30277805998184315, "target_bits_per_weight": 4.84283303934534, "n_pruned": 114552096, "n_rounded_zero": 1233121, "n_nonzero": 378175999, "pruned_pct": 23.19050409010249, "sparsity_pct": 23.44014332493667, "n_dense_matrices": 0, "n_bitmap_matrices": 169, "n_csr_matrices": 0, "k_used_mean": 33.0, "k_used_min": 33, "k_used_max": 33, "k_used_row_mean": 27.869345091916923, "last_batch_delta_loss": 0.35624637426721995, "huffman_size_mb": 245.366920875, "huffman_bits_per_weight": 3.971547707502607, "wikitext2_loss": 3.0612199310556587, "wikitext2_ppl": 21.353591187979855, "c4_loss": 3.464056452018317, "c4_ppl": 31.946302678620416}
{"b": 5.074196489659334, "k_init": 34, "c": 0.9761981831397291, "alpha": -0.21808761047311143, "beta": 0.3366615742568601, "last_batch_loss": 3.231032676678142, "last_batch_ppl": 25.305776167169448, "size_mb": 300.14186175, "size_ratio": 0.3037671599852259, "target_bits_per_weight": 4.858660931792669, "n_pruned": 113038397, "n_rounded_zero": 1183147, "n_nonzero": 379739672, "pruned_pct": 22.884063229773894, "sparsity_pct": 23.123585475990083, "n_dense_matrices": 0, "n_bitmap_matrices": 169, "n_csr_matrices": 0, "k_used_mean": 33.0, "k_used_min": 33, "k_used_max": 33, "k_used_row_mean": 27.98558097109178, "last_batch_delta_loss": 0.345681269225925, "huffman_size_mb": 246.133411, "huffman_bits_per_weight": 3.983961477655768, "wikitext2_loss": 3.0677581376004017, "wikitext2_ppl": 21.49366278717912, "c4_loss": 3.453331087761876, "c4_ppl": 31.60549784074873}
{"b": 5.074196489659334, "k_init": 34, "c": 0.9761981831397291, "alpha": -0.20621230796436665, "beta": 0.3366615742568601, "last_batch_loss": 3.2150476080182124, "last_batch_ppl": 24.90447753576259, "size_mb": 301.56359175, "size_ratio": 0.30520606251567506, "target_bits_per_weight": 4.881686707160426, "n_pruned": 110643750, "n_rounded_zero": 1303026, "n_nonzero": 382014440, "pruned_pct": 22.39927881301515, "sparsity_pct": 22.663069968634947, "n_dense_matrices": 0, "n_bitmap_matrices": 169, "n_csr_matrices": 0, "k_used_mean": 33.0, "k_used_min": 33, "k_used_max": 33, "k_used_row_mean": 27.98558097109178, "last_batch_delta_loss": 0.3296962005659956, "huffman_size_mb": 246.67704175, "huffman_bits_per_weight": 3.9927659057345912, "wikitext2_loss": 3.0445576826245264, "wikitext2_ppl": 21.000740155966458, "c4_loss": 3.4349160471600793, "c4_ppl": 31.028807499669313}
{"b": 5.070353589438723, "k_init": 34, "c": 0.9765494275444833, "alpha": -0.20495385408832215, "beta": 0.3375553516690003, "last_batch_loss": 3.2133146508705575, "last_batch_ppl": 24.861356517638203, "size_mb": 301.6062255, "size_ratio": 0.30524921122236165, "target_bits_per_weight": 4.882377186471255, "n_pruned": 110562720, "n_rounded_zero": 1315842, "n_nonzero": 382082654, "pruned_pct": 22.38287469111745, "sparsity_pct": 22.649260382418365, "n_dense_matrices": 0, "n_bitmap_matrices": 169, "n_csr_matrices": 0, "k_used_mean": 33.0, "k_used_min": 33, "k_used_max": 33, "k_used_row_mean": 27.9736440499579, "last_batch_delta_loss": 0.3279632434183406, "huffman_size_mb": 246.64826675, "huffman_bits_per_weight": 3.992299877243804, "wikitext2_loss": 3.040303248238317, "wikitext2_ppl": 20.911583674590357, "c4_loss": 3.4336706775540424, "c4_ppl": 30.990189217906067}
{"b": 5.044940273575291, "k_init": 33, "c": 0.9758126923791725, "alpha": -0.22703236372455676, "beta": 0.29779902797691665, "last_batch_loss": 3.2002410515960857, "last_batch_ppl": 24.538444515468687, "size_mb": 303.698878, "size_ratio": 0.3073671400679236, "target_bits_per_weight": 4.916268956629987, "n_pruned": 107305631, "n_rounded_zero": 1224687, "n_nonzero": 385430898, "pruned_pct": 21.7234931659088, "sparsity_pct": 21.971424979243714, "n_dense_matrices": 0, "n_bitmap_matrices": 169, "n_csr_matrices": 0, "k_used_mean": 33.0, "k_used_min": 33, "k_used_max": 33, "k_used_row_mean": 28.334819235896717, "last_batch_delta_loss": 0.3148896441438689, "huffman_size_mb": 248.48162425, "huffman_bits_per_weight": 4.021992208392328, "wikitext2_loss": 3.0347092581870982, "wikitext2_ppl": 20.794931064527542, "c4_loss": 3.419939681734757, "c4_ppl": 30.567571182575772}
{"b": 5.037802896186504, "k_init": 33, "c": 0.9761981831397291, "alpha": -0.21845440601972685, "beta": 0.2981046100821094, "last_batch_loss": 3.188890987334743, "last_batch_ppl": 24.261506200199882, "size_mb": 304.693167375, "size_ratio": 0.3083734390822837, "target_bits_per_weight": 4.9323720731143395, "n_pruned": 105639302, "n_rounded_zero": 1300153, "n_nonzero": 387021761, "pruned_pct": 21.38615311854767, "sparsity_pct": 21.649362649556682, "n_dense_matrices": 0, "n_bitmap_matrices": 169, "n_csr_matrices": 0, "k_used_mean": 33.0, "k_used_min": 33, "k_used_max": 33, "k_used_row_mean": 28.325353459163626, "last_batch_delta_loss": 0.3035395798825262, "huffman_size_mb": 248.85647925, "huffman_bits_per_weight": 4.028063211343297, "wikitext2_loss": 3.023836667168919, "wikitext2_ppl": 20.5700609593687, "c4_loss": 3.4091387265591604, "c4_ppl": 30.239188830374083}
{"b": 5.037802896186504, "k_init": 33, "c": 0.9761981831397291, "alpha": -0.20885546161149765, "beta": 0.2981046100821094, "last_batch_loss": 3.1755701464796044, "last_batch_ppl": 23.94046555014028, "size_mb": 305.839028625, "size_ratio": 0.30953314075008886, "target_bits_per_weight": 4.950929987588338, "n_pruned": 103710916, "n_rounded_zero": 1395161, "n_nonzero": 388855139, "pruned_pct": 20.995760930348023, "sparsity_pct": 21.278204360076725, "n_dense_matrices": 0, "n_bitmap_matrices": 169, "n_csr_matrices": 0, "k_used_mean": 33.0, "k_used_min": 33, "k_used_max": 33, "k_used_row_mean": 28.325353459163626, "last_batch_delta_loss": 0.2902187390273876, "huffman_size_mb": 249.2969465, "huffman_bits_per_weight": 4.035196844280179, "wikitext2_loss": 3.0050082574299553, "wikitext2_ppl": 20.18638278294109, "c4_loss": 3.3944051159726856, "c4_ppl": 29.796922488269193}
{"b": 5.104539532301541, "k_init": 34, "c": 0.9724768059059222, "alpha": -0.20888175144652157, "beta": 0.28715417677626154, "last_batch_loss": 3.169740528727253, "last_batch_ppl": 23.801307799516, "size_mb": 307.15513425, "size_ratio": 0.3108651431092927, "target_bits_per_weight": 4.972245112458384, "n_pruned": 101577472, "n_rounded_zero": 1422836, "n_nonzero": 390960908, "pruned_pct": 20.56385576636041, "sparsity_pct": 20.851901862675792, "n_dense_matrices": 0, "n_bitmap_matrices": 169, "n_csr_matrices": 0, "k_used_mean": 33.0, "k_used_min": 33, "k_used_max": 33, "k_used_row_mean": 28.475121912714005, "last_batch_delta_loss": 0.28438912127503624, "huffman_size_mb": 250.30806375, "huffman_bits_per_weight": 4.051572498355823, "wikitext2_loss": 2.994601172465783, "wikitext2_ppl": 19.977390767310187, "c4_loss": 3.3844201214207517, "c4_ppl": 29.500880826361662}
{"b": 5.037802896186504, "k_init": 33, "c": 0.9761981831397291, "alpha": -0.20165060820129754, "beta": 0.28816149679447545, "last_batch_loss": 3.1591876187904555, "last_batch_ppl": 23.55145539559512, "size_mb": 307.88789925, "size_ratio": 0.31160675889620343, "target_bits_per_weight": 4.984112683858969, "n_pruned": 100312998, "n_rounded_zero": 1514886, "n_nonzero": 392133332, "pruned_pct": 20.30786927206852, "sparsity_pct": 20.614550434664086, "n_dense_matrices": 0, "n_bitmap_matrices": 169, "n_csr_matrices": 0, "k_used_mean": 33.0, "k_used_min": 33, "k_used_max": 33, "k_used_row_mean": 28.402290029469548, "last_batch_delta_loss": 0.27383621133823866, "huffman_size_mb": 250.31413, "huffman_bits_per_weight": 4.05167074493557, "wikitext2_loss": 2.98424707332523, "wikitext2_ppl": 19.77161005809884, "c4_loss": 3.37364140334919, "c4_ppl": 29.184606725827674}
{"b": 5.00404660757485, "k_init": 32, "c": 0.9182153468651177, "alpha": -0.20991128093026074, "beta": 0.2697146317916079, "last_batch_loss": 3.1550387786432887, "last_batch_ppl": 23.453946586024795, "size_mb": 308.23045625, "size_ratio": 0.3119534535105979, "target_bits_per_weight": 4.98966060120801, "n_pruned": 98357049, "n_rounded_zero": 1526318, "n_nonzero": 394077849, "pruned_pct": 19.91189709112709, "sparsity_pct": 20.220892605463177, "n_dense_matrices": 37, "n_bitmap_matrices": 132, "n_csr_matrices": 0, "k_used_mean": 32.0, "k_used_min": 32, "k_used_max": 32, "k_used_row_mean": 28.164514190990737, "last_batch_delta_loss": 0.2696873711910719, "huffman_size_mb": 250.890650125, "huffman_bits_per_weight": 4.061007836291342, "wikitext2_loss": 2.962485035356515, "wikitext2_ppl": 19.345987533367325, "c4_loss": 3.3714310148022033, "c4_ppl": 29.12016864820303}
{"b": 5.014082877162168, "k_init": 32, "c": 0.9914119957134382, "alpha": -0.15016170982166077, "beta": 0.2980173780805656, "last_batch_loss": 3.143679143163013, "last_batch_ppl": 23.18902585251952, "size_mb": 308.916611625, "size_ratio": 0.3126478966927554, "target_bits_per_weight": 5.000773301602691, "n_pruned": 91767919, "n_rounded_zero": 3207603, "n_nonzero": 398985694, "pruned_pct": 18.5779603797882, "sparsity_pct": 19.227323709560228, "n_dense_matrices": 101, "n_bitmap_matrices": 68, "n_csr_matrices": 0, "k_used_mean": 31.0, "k_used_min": 31, "k_used_max": 31, "k_used_row_mean": 26.621408398821217, "last_batch_delta_loss": 0.25832773571079626, "huffman_size_mb": 246.129661875, "huffman_bits_per_weight": 3.983900758313786, "wikitext2_loss": 2.9699137046843527, "wikitext2_ppl": 19.490237607251927, "c4_loss": 3.3691495803139766, "c4_ppl": 29.053808617960208}
{"b": 5.014082877162168, "k_init": 32, "c": 0.9914119957134382, "alpha": -0.042860345209995945, "beta": 0.2980173780805656, "last_batch_loss": 3.131534101209468, "last_batch_ppl": 22.909097472464275, "size_mb": 309.122465, "size_ratio": 0.3128562364915843, "target_bits_per_weight": 5.0041072212438635, "n_pruned": 69616072, "n_rounded_zero": 20745578, "n_nonzero": 403599566, "pruned_pct": 14.093428744008923, "sparsity_pct": 18.29326819051316, "n_dense_matrices": 122, "n_bitmap_matrices": 47, "n_csr_matrices": 0, "k_used_mean": 31.0, "k_used_min": 31, "k_used_max": 31, "k_used_row_mean": 26.621408398821217, "last_batch_delta_loss": 0.24618269375725133, "huffman_size_mb": 246.595084, "huffman_bits_per_weight": 3.9914385505116257, "wikitext2_loss": 2.9640145972602947, "wikitext2_ppl": 19.375601060977644, "c4_loss": 3.3545271310214595, "c4_ppl": 28.632061775259704}
{"b": 4.94349550998035, "k_init": 31, "c": 0.945976066346271, "alpha": -0.1638737283286642, "beta": 0.2752591129832093, "last_batch_loss": 3.114159774593918, "last_batch_ppl": 22.51450514465949, "size_mb": 309.276257125, "size_ratio": 0.3130118862125761, "target_bits_per_weight": 5.006597977522187, "n_pruned": 90103271, "n_rounded_zero": 2429510, "n_nonzero": 401428435, "pruned_pct": 18.24096064254567, "sparsity_pct": 18.732802900865803, "n_dense_matrices": 119, "n_bitmap_matrices": 50, "n_csr_matrices": 0, "k_used_mean": 31.0, "k_used_min": 31, "k_used_max": 31, "k_used_row_mean": 27.45977538240247, "last_batch_delta_loss": 0.22880836714170094, "huffman_size_mb": 250.413374, "huffman_bits_per_weight": 4.053278061409582, "wikitext2_loss": 2.9313605358357284, "wikitext2_ppl": 18.75312744990818, "c4_loss": 3.322037032946879, "c4_ppl": 27.716753031270795}
{"b": 4.844406147623963, "k_init": 29, "c": 0.9403445928773772, "alpha": -0.011210513142416155, "beta": 0.26689562667636674, "last_batch_loss": 3.099851219725131, "last_batch_ppl": 22.194648909818426, "size_mb": 309.488564125, "size_ratio": 0.31322675758726193, "target_bits_per_weight": 5.010036417515014, "n_pruned": 56927195, "n_rounded_zero": 28004551, "n_nonzero": 409029470, "pruned_pct": 11.524628484192572, "sparsity_pct": 17.194011037498136, "n_dense_matrices": 139, "n_bitmap_matrices": 30, "n_csr_matrices": 0, "k_used_mean": 29.0, "k_used_min": 29, "k_used_max": 29, "k_used_row_mean": 25.946516278417064, "last_batch_delta_loss": 0.21449981227291426, "huffman_size_mb": 246.607475625, "huffman_bits_per_weight": 3.9916392403568786, "wikitext2_loss": 2.933210850594819, "wikitext2_ppl": 18.78785876042705, "c4_loss": 3.3118615190052205, "c4_ppl": 27.436150881079318}
{"b": 4.94349550998035, "k_init": 31, "c": 0.9462331182887206, "alpha": -0.17503252969628197, "beta": 0.24425985944356626, "last_batch_loss": 3.0932338101489987, "last_batch_ppl": 22.048262710490903, "size_mb": 309.561285375, "size_ratio": 0.31330035720930155, "target_bits_per_weight": 5.011214182046228, "n_pruned": 86229587, "n_rounded_zero": 2365927, "n_nonzero": 405365702, "pruned_pct": 17.456752515565917, "sparsity_pct": 17.93572271066723, "n_dense_matrices": 133, "n_bitmap_matrices": 36, "n_csr_matrices": 0, "k_used_mean": 31.0, "k_used_min": 31, "k_used_max": 31, "k_used_row_mean": 27.46898680886893, "last_batch_delta_loss": 0.20788240269678182, "huffman_size_mb": 251.688468375, "huffman_bits_per_weight": 4.073928984335483, "wikitext2_loss": 2.897203419306507, "wikitext2_ppl": 18.123390907934365, "c4_loss": 3.2974257592637772, "c4_ppl": 27.042934217917246}
{"b": 4.949435265004889, "k_init": 31, "c": 0.9773831649536665, "alpha": -0.04007847730789185, "beta": 0.2512343183290617, "last_batch_loss": 3.0805461009537587, "last_batch_ppl": 21.770287925551983, "size_mb": 309.692061, "size_ratio": 0.31343271242283266, "target_bits_per_weight": 5.013332172216533, "n_pruned": 59819375, "n_rounded_zero": 21166251, "n_nonzero": 412975590, "pruned_pct": 12.110135990919579, "sparsity_pct": 16.395138601326952, "n_dense_matrices": 157, "n_bitmap_matrices": 12, "n_csr_matrices": 0, "k_used_mean": 31.0, "k_used_min": 31, "k_used_max": 31, "k_used_row_mean": 26.915051396295258, "last_batch_delta_loss": 0.19519469350154184, "huffman_size_mb": 249.625929125, "huffman_bits_per_weight": 4.040524916433925, "wikitext2_loss": 2.8879088487511586, "wikitext2_ppl": 17.955722183891144, "c4_loss": 3.285876666154288, "c4_ppl": 26.732409443959693}
{"b": 4.935630516793397, "k_init": 31, "c": 0.9460244697149902, "alpha": -0.22679884339504525, "beta": 0.1114110189177023, "last_batch_loss": 3.0545737187805324, "last_batch_ppl": 21.21214126190419, "size_mb": 309.770145875, "size_ratio": 0.313511740455038, "target_bits_per_weight": 5.014596803891584, "n_pruned": 69738254, "n_rounded_zero": 6138087, "n_nonzero": 418084875, "pruned_pct": 14.11816388434836, "sparsity_pct": 15.360789175804442, "n_dense_matrices": 163, "n_bitmap_matrices": 6, "n_csr_matrices": 0, "k_used_mean": 31.0, "k_used_min": 31, "k_used_max": 31, "k_used_row_mean": 27.47319674431659, "last_batch_delta_loss": 0.16922231132831556, "huffman_size_mb": 252.9006385, "huffman_bits_per_weight": 4.093560811057684, "wikitext2_loss": 2.8439895970224134, "wikitext2_ppl": 17.184186940528196, "c4_loss": 3.2463596548519313, "c4_ppl": 25.69662485947981}
{"b": 4.844406147623963, "k_init": 29, "c": 0.9764202735080828, "alpha": -0.0006908379125151066, "beta": 0.16462420459696409, "last_batch_loss": 3.050468769082804, "last_batch_ppl": 21.12524496353112, "size_mb": 309.77102225, "size_ratio": 0.3135126274154349, "target_bits_per_weight": 5.014610997313603, "n_pruned": 34200607, "n_rounded_zero": 33095777, "n_nonzero": 426664832, "pruned_pct": 6.923743381504672, "sparsity_pct": 13.623819405287074, "n_dense_matrices": 165, "n_bitmap_matrices": 4, "n_csr_matrices": 0, "k_used_mean": 29.0, "k_used_min": 29, "k_used_max": 29, "k_used_row_mean": 25.352775049115913, "last_batch_delta_loss": 0.1651173616305872, "huffman_size_mb": 245.61259325, "huffman_bits_per_weight": 3.97552651987965, "wikitext2_loss": 2.8512948881794733, "wikitext2_ppl": 17.310182084698035, "c4_loss": 3.2466167979666705, "c4_ppl": 25.70323341927087}
{"b": 4.844406147623963, "k_init": 29, "c": 0.9403759479370409, "alpha": -0.0006908379125151066, "beta": 0.1633764272642667, "last_batch_loss": 3.0377227380675227, "last_batch_ppl": 20.857690685839717, "size_mb": 309.77280275, "size_ratio": 0.3135144294214104, "target_bits_per_weight": 5.0146398335856395, "n_pruned": 33946915, "n_rounded_zero": 31727940, "n_nonzero": 428286361, "pruned_pct": 6.8723846934573904, "sparsity_pct": 13.295548895887405, "n_dense_matrices": 167, "n_bitmap_matrices": 2, "n_csr_matrices": 0, "k_used_mean": 29.0, "k_used_min": 29, "k_used_max": 29, "k_used_row_mean": 25.946250964776873, "last_batch_delta_loss": 0.15237133061530583, "huffman_size_mb": 248.799931375, "huffman_bits_per_weight": 4.027147384380882, "wikitext2_loss": 2.8449555577830443, "wikitext2_ppl": 17.200794210510338, "c4_loss": 3.2335801392458796, "c4_ppl": 25.370323866219238}
{"b": 4.981968937858444, "k_init": 32, "c": 0.9834524167603489, "alpha": -0.10295958896073704, "beta": 0.03768687485198498, "last_batch_loss": 3.026111179756198, "last_batch_ppl": 20.616901070960004, "size_mb": 309.773999625, "size_ratio": 0.31351564075300364, "target_bits_per_weight": 5.014659217698582, "n_pruned": 29217576, "n_rounded_zero": 28655631, "n_nonzero": 436088009, "pruned_pct": 5.914953452539885, "sparsity_pct": 11.716143924951387, "n_dense_matrices": 167, "n_bitmap_matrices": 2, "n_csr_matrices": 0, "k_used_mean": 31.0, "k_used_min": 31, "k_used_max": 31, "k_used_row_mean": 26.80283468986809, "last_batch_delta_loss": 0.1407597723039813, "huffman_size_mb": 251.18241175, "huffman_bits_per_weight": 4.065733091887117, "wikitext2_loss": 2.8216983363663664, "wikitext2_ppl": 16.80536761657697, "c4_loss": 3.2182345837573045, "c4_ppl": 24.983974111006166}
{"b": 4.981968937858444, "k_init": 32, "c": 0.9163202498799072, "alpha": -0.10307804711240479, "beta": 0.037522150794130626, "last_batch_loss": 3.000893224316454, "last_batch_ppl": 20.10348582818231, "size_mb": 309.77652775, "size_ratio": 0.31351819941425424, "target_bits_per_weight": 5.014700162208687, "n_pruned": 29207809, "n_rounded_zero": 24984651, "n_nonzero": 439768756, "pruned_pct": 5.912976171797261, "sparsity_pct": 10.97099493738391, "n_dense_matrices": 167, "n_bitmap_matrices": 2, "n_csr_matrices": 0, "k_used_mean": 32.0, "k_used_min": 32, "k_used_max": 32, "k_used_row_mean": 28.218342162503507, "last_batch_delta_loss": 0.11554181686423703, "huffman_size_mb": 257.501431875, "huffman_bits_per_weight": 4.1680734363565906, "wikitext2_loss": 2.784968418351321, "wikitext2_ppl": 16.199306267884573, "c4_loss": 3.190237248881479, "c4_ppl": 24.294190528954122}
{"b": 5.0224075930282845, "k_init": 33, "c": 0.9794723684559323, "alpha": -0.13481231335502541, "beta": 0.04274310057341113, "last_batch_loss": 3.0000267010173043, "last_batch_ppl": 20.086073234616617, "size_mb": 335.47457925, "size_ratio": 0.3395266478052727, "target_bits_per_weight": 5.430895615092178, "n_pruned": 36818083, "n_rounded_zero": 20871113, "n_nonzero": 436272020, "pruned_pct": 7.453638424924438, "sparsity_pct": 11.678891809999918, "n_dense_matrices": 0, "n_bitmap_matrices": 169, "n_csr_matrices": 0, "k_used_mean": 33.0, "k_used_min": 33, "k_used_max": 33, "k_used_row_mean": 28.447092951866406, "last_batch_delta_loss": 0.11467529356508743, "huffman_size_mb": 257.200640125, "huffman_bits_per_weight": 4.163201932436736, "wikitext2_loss": 2.774748534388363, "wikitext2_ppl": 16.034594339566805, "c4_loss": 3.1897844504191926, "c4_ppl": 24.28319264694005}
{"b": 5.022933813378286, "k_init": 33, "c": 0.944297243541883, "alpha": -0.09145743350616477, "beta": 0.01736291731282491, "last_batch_loss": 2.9951058123597414, "last_batch_ppl": 19.987474699831893, "size_mb": 338.897551125, "size_ratio": 0.34299096444246385, "target_bits_per_weight": 5.486332710380242, "n_pruned": 22612676, "n_rounded_zero": 29599765, "n_nonzero": 441748775, "pruned_pct": 4.577824182860542, "sparsity_pct": 10.570149904238635, "n_dense_matrices": 0, "n_bitmap_matrices": 169, "n_csr_matrices": 0, "k_used_mean": 33.0, "k_used_min": 33, "k_used_max": 33, "k_used_row_mean": 29.126072217934325, "last_batch_delta_loss": 0.10975440490752453, "huffman_size_mb": 260.6361395, "huffman_bits_per_weight": 4.218841918147679, "wikitext2_loss": 2.7784708918356342, "wikitext2_ppl": 16.09439205641284, "c4_loss": 3.18058752862197, "c4_ppl": 24.06088585920273}
{"b": 5.022933813378286, "k_init": 33, "c": 0.944297243541883, "alpha": -0.09145743350616477, "beta": 0.008163356340411182, "last_batch_loss": 2.9951058123597414, "last_batch_ppl": 19.987474699831893, "size_mb": 338.897551125, "size_ratio": 0.34299096444246385, "target_bits_per_weight": 5.486332710380242, "n_pruned": 20690813, "n_rounded_zero": 31521628, "n_nonzero": 441748775, "pruned_pct": 4.1887525436814865, "sparsity_pct": 10.570149904238635, "n_dense_matrices": 0, "n_bitmap_matrices": 169, "n_csr_matrices": 0, "k_used_mean": 33.0, "k_used_min": 33, "k_used_max": 33, "k_used_row_mean": 29.126072217934325, "last_batch_delta_loss": 0.10975440490752453, "huffman_size_mb": 260.6361395, "huffman_bits_per_weight": 4.218841918147679, "wikitext2_loss": 2.7784708918356342, "wikitext2_ppl": 16.09439205641284, "c4_loss": 3.18058752862197, "c4_ppl": 24.06088585920273}
{"b": 5.825600395697184, "k_init": 57, "c": 0.9921947370393688, "alpha": -0.22679884339504525, "beta": 0.1114110189177023, "last_batch_loss": 2.9913367349226765, "last_batch_ppl": 19.912282152199285, "size_mb": 371.4959455, "size_ratio": 0.3759831022989957, "target_bits_per_weight": 6.01428338049925, "n_pruned": 69738254, "n_rounded_zero": 886857, "n_nonzero": 423336105, "pruned_pct": 14.11816388434836, "sparsity_pct": 14.297703688542219, "n_dense_matrices": 152, "n_bitmap_matrices": 17, "n_csr_matrices": 0, "k_used_mean": 57.0, "k_used_min": 57, "k_used_max": 57, "k_used_row_mean": 45.079273961549255, "last_batch_delta_loss": 0.10598532747045963, "huffman_size_mb": 298.134175125, "huffman_bits_per_weight": 4.826145235256688, "wikitext2_loss": 2.7676203195632514, "wikitext2_ppl": 15.920702710728882, "c4_loss": 3.1891555648695626, "c4_ppl": 24.267926098944383}
{"b": 5.428950703786973, "k_init": 43, "c": 0.9163202498799072, "alpha": -0.19534509256380764, "beta": 0.05109714282801869, "last_batch_loss": 2.979857444297295, "last_batch_ppl": 19.68501023426554, "size_mb": 371.52117875, "size_ratio": 0.37600864033172793, "target_bits_per_weight": 6.014692048211332, "n_pruned": 50894605, "n_rounded_zero": 9173828, "n_nonzero": 433892783, "pruned_pct": 10.303360537520419, "sparsity_pct": 12.160556548633972, "n_dense_matrices": 165, "n_bitmap_matrices": 4, "n_csr_matrices": 0, "k_used_mean": 43.0, "k_used_min": 43, "k_used_max": 43, "k_used_row_mean": 37.64136393137805, "last_batch_delta_loss": 0.09450603684507808, "huffman_size_mb": 283.6621355, "huffman_bits_per_weight": 4.591761819616218, "wikitext2_loss": 2.7898074645708135, "wikitext2_ppl": 16.27788543040175, "c4_loss": 3.1737704097671395, "c4_ppl": 23.897417764335945}
{"b": 5.336224792852997, "k_init": 40, "c": 0.9485635505339812, "alpha": -0.06112640384826313, "beta": 0.07693702737265544, "last_batch_loss": 2.962357931505137, "last_batch_ppl": 19.343528740107477, "size_mb": 371.5232365, "size_ratio": 0.3760107229364996, "target_bits_per_weight": 6.014725374714439, "n_pruned": 28711914, "n_rounded_zero": 15575434, "n_nonzero": 449673868, "pruned_pct": 5.812584686810715, "sparsity_pct": 8.96575410487288, "n_dense_matrices": 167, "n_bitmap_matrices": 2, "n_csr_matrices": 0, "k_used_mean": 40.0, "k_used_min": 40, "k_used_max": 40, "k_used_row_mean": 33.924773715969685, "last_batch_delta_loss": 0.07700652405292008, "huffman_size_mb": 274.952223375, "huffman_bits_per_weight": 4.450699536297198, "wikitext2_loss": 2.7333260347598243, "wikitext2_ppl": 15.383969639295909, "c4_loss": 3.1479613155519663, "c4_ppl": 23.28853817114041}
{"b": 5.825600395697184, "k_init": 57, "c": 0.9831356863557503, "alpha": -0.19998196718485928, "beta": 0.01378167158761881, "last_batch_loss": 2.958136889779632, "last_batch_ppl": 19.26205097966562, "size_mb": 371.525995, "size_ratio": 0.3760135147553613, "target_bits_per_weight": 6.014770050286701, "n_pruned": 44063897, "n_rounded_zero": 12973087, "n_nonzero": 436924232, "pruned_pct": 8.920517557394627, "sparsity_pct": 11.546854723104415, "n_dense_matrices": 167, "n_bitmap_matrices": 2, "n_csr_matrices": 0, "k_used_mean": 57.0, "k_used_min": 57, "k_used_max": 57, "k_used_row_mean": 45.572831883244454, "last_batch_delta_loss": 0.072785482327415, "huffman_size_mb": 301.794522375, "huffman_bits_per_weight": 4.885426767999535, "wikitext2_loss": 2.7335388758283505, "wikitext2_ppl": 15.387244328313905, "c4_loss": 3.1464768811791015, "c4_ppl": 23.253993510569565}
{"b": 5.8533629653672925, "k_init": 58, "c": 0.9924347049529586, "alpha": -0.1520427252981308, "beta": 0.09382922952877748, "last_batch_loss": 2.9428868817887075, "last_batch_ppl": 18.970533023547027, "size_mb": 371.52964925, "size_ratio": 0.3760172131436431, "target_bits_per_weight": 6.014829233070801, "n_pruned": 50965838, "n_rounded_zero": 1465601, "n_nonzero": 441529777, "pruned_pct": 10.317781305324182, "sparsity_pct": 10.614484963936926, "n_dense_matrices": 168, "n_bitmap_matrices": 1, "n_csr_matrices": 0, "k_used_mean": 57.0, "k_used_min": 57, "k_used_max": 57, "k_used_row_mean": 45.85288249017682, "last_batch_delta_loss": 0.057535474336490644, "huffman_size_mb": 303.326107125, "huffman_bits_per_weight": 4.910231707341169, "wikitext2_loss": 2.7153599913157556, "wikitext2_ppl": 15.110048579198123, "c4_loss": 3.130956924654649, "c4_ppl": 22.895878693662677}
{"b": 5.8533629653672925, "k_init": 58, "c": 0.992987701999245, "alpha": -0.05025712576748387, "beta": 0.08959461191606932, "last_batch_loss": 2.9302659027740674, "last_batch_ppl": 18.73261088769424, "size_mb": 371.5320815, "size_ratio": 0.37601967477185644, "target_bits_per_weight": 6.01486862482742, "n_pruned": 29085958, "n_rounded_zero": 6544095, "n_nonzero": 458331163, "pruned_pct": 5.888308040767314, "sparsity_pct": 7.213127639559459, "n_dense_matrices": 168, "n_bitmap_matrices": 1, "n_csr_matrices": 0, "k_used_mean": 57.0, "k_used_min": 57, "k_used_max": 57, "k_used_row_mean": 45.84166695902329, "last_batch_delta_loss": 0.044914495321850545, "huffman_size_mb": 305.357237375, "huffman_bits_per_weight": 4.9431270875323134, "wikitext2_loss": 2.7102187987918547, "wikitext2_ppl": 15.032564261974334, "c4_loss": 3.1127454036028723, "c4_ppl": 22.48268379060991}
{"b": 6.007352365804254, "k_init": 64, "c": 0.8993142797029813, "alpha": -0.06112640384826313, "beta": 0.07693702737265544, "last_batch_loss": 2.9185531608756716, "last_batch_ppl": 18.514480596919988, "size_mb": 371.534256, "size_ratio": 0.3760218755368065, "target_bits_per_weight": 6.014903842167236, "n_pruned": 28711914, "n_rounded_zero": 2428249, "n_nonzero": 462821053, "pruned_pct": 5.812584686810715, "sparsity_pct": 6.30417166193064, "n_dense_matrices": 169, "n_bitmap_matrices": 0, "n_csr_matrices": 0, "k_used_mean": 64.0, "k_used_min": 64, "k_used_max": 64, "k_used_row_mean": 53.778798589671624, "last_batch_delta_loss": 0.03320175342345477, "huffman_size_mb": 323.002094375, "huffman_bits_per_weight": 5.228896195364456, "wikitext2_loss": 2.696650920172814, "wikitext2_ppl": 14.82998167047202, "c4_loss": 3.1031597698381255, "c4_ppl": 22.268202628963444}
{"b": 6.134579344594063, "k_init": 70, "c": 0.9506189876265586, "alpha": -0.012657377540338341, "beta": 0.11544079670212268, "last_batch_loss": 2.9183792986401595, "last_batch_ppl": 18.51126190774642, "size_mb": 433.279541125, "size_ratio": 0.43851295823863246, "target_bits_per_weight": 7.014905998206952, "n_pruned": 26602660, "n_rounded_zero": 10165500, "n_nonzero": 457193056, "pruned_pct": 5.385576668432203, "sparsity_pct": 7.4435317610036815, "n_dense_matrices": 168, "n_bitmap_matrices": 1, "n_csr_matrices": 0, "k_used_mean": 70.0, "k_used_min": 70, "k_used_max": 70, "k_used_row_mean": 56.05388936640472, "last_batch_delta_loss": 0.03302789118794269, "huffman_size_mb": 325.463445875, "huffman_bits_per_weight": 5.268759268338995, "wikitext2_loss": 2.682386499598372, "wikitext2_ppl": 14.619942182060262, "c4_loss": 3.103387159432326, "c4_ppl": 22.27326676226661}
{"b": 7.004268331220103, "k_init": 128, "c": 0.9826049061187097, "alpha": -0.1366182530876691, "beta": 0.046585138492994595, "last_batch_loss": 2.9075842458094163, "last_batch_ppl": 18.312506574777064, "size_mb": 433.28976725, "size_ratio": 0.4385233078810675, "target_bits_per_weight": 7.01507161647282, "n_pruned": 37984911, "n_rounded_zero": 408113, "n_nonzero": 455568192, "pruned_pct": 7.689856970471139, "sparsity_pct": 7.772477424624365, "n_dense_matrices": 168, "n_bitmap_matrices": 1, "n_csr_matrices": 0, "k_used_mean": 127.9585798816568, "k_used_min": 127, "k_used_max": 128, "k_used_row_mean": 90.84783056763963, "last_batch_delta_loss": 0.02223283835719947, "huffman_size_mb": 373.315130125, "huffman_bits_per_weight": 6.0437461733837825, "wikitext2_loss": 2.6750489906882713, "wikitext2_ppl": 14.51306082701373, "c4_loss": 3.092124628449977, "c4_ppl": 22.023820738796932}
{"b": 7.004268331220103, "k_init": 128, "c": 0.9827255138214687, "alpha": -0.04281329992193127, "beta": 0.042350520763437184, "last_batch_loss": 2.8930204435273037, "last_batch_ppl": 18.047739536963434, "size_mb": 433.290224, "size_ratio": 0.4385237701479753, "target_bits_per_weight": 7.01507901381472, "n_pruned": 17717270, "n_rounded_zero": 916992, "n_nonzero": 475326954, "pruned_pct": 3.586773500857201, "sparsity_pct": 3.772413986445446, "n_dense_matrices": 169, "n_bitmap_matrices": 0, "n_csr_matrices": 0, "k_used_mean": 128.0, "k_used_min": 128, "k_used_max": 128, "k_used_row_mean": 92.21679632683133, "last_batch_delta_loss": 0.007669036075086844, "huffman_size_mb": 378.452342875, "huffman_bits_per_weight": 6.126946434191303, "wikitext2_loss": 2.658456279309096, "wikitext2_ppl": 14.274236647185038, "c4_loss": 3.074526933792107, "c4_ppl": 21.639642506124137}
{"b": 7.101775472019043, "k_init": 137, "c": 0.9915479278182902, "alpha": -0.04286221318545514, "beta": 0.042350551580167095, "last_batch_loss": 2.8916467052584576, "last_batch_ppl": 18.02296368815749, "size_mb": 495.039601, "size_ratio": 0.5010189941489873, "target_bits_per_weight": 8.015147440239518, "n_pruned": 17727429, "n_rounded_zero": 751001, "n_nonzero": 475482786, "pruned_pct": 3.588830140056988, "sparsity_pct": 3.740866570382724, "n_dense_matrices": 169, "n_bitmap_matrices": 0, "n_csr_matrices": 0, "k_used_mean": 137.0, "k_used_min": 137, "k_used_max": 137, "k_used_row_mean": 97.57514954041538, "last_batch_delta_loss": 0.006295297806240718, "huffman_size_mb": 384.35967725, "huffman_bits_per_weight": 6.222619279486104, "wikitext2_loss": 2.6675607014849243, "wikitext2_ppl": 14.404788722671581, "c4_loss": 3.0754925045783077, "c4_ppl": 21.660547203610307}
{"b": 7.882119599422412, "k_init": 236, "c": 0.9780470676011702, "alpha": -0.03344333773691009, "beta": 0.044373239304248274, "last_batch_loss": 2.8883887786194355, "last_batch_ppl": 17.96434173949932, "size_mb": 495.056329, "size_ratio": 0.5010359242000725, "target_bits_per_weight": 8.01541836029491, "n_pruned": 16193750, "n_rounded_zero": 172520, "n_nonzero": 477594946, "pruned_pct": 3.2783444277536153, "sparsity_pct": 3.3132702467069803, "n_dense_matrices": 169, "n_bitmap_matrices": 0, "n_csr_matrices": 0, "k_used_mean": 235.98224852071007, "k_used_min": 235, "k_used_max": 236, "k_used_row_mean": 153.17348442323885, "last_batch_delta_loss": 0.0030373711672186943, "huffman_size_mb": 432.599624625, "huffman_bits_per_weight": 7.003894340158074, "wikitext2_loss": 2.6599743408825605, "wikitext2_ppl": 14.295922273222898, "c4_loss": 3.069927876905284, "c4_ppl": 21.54034906234177}
Done. Pareto set (100 points) written to compress_runs/local_50_log2_autok_calib_fixed_8x2048_maxdelta1_emb\pareto.json
