gen,rank,crowding,b,k_init,c,alpha,beta,loss,delta_loss,ppl,size_mb,size_ratio,target_bits_per_weight,n_pruned,n_rounded_zero,n_nonzero,pruned_pct,sparsity_pct,n_dense_matrices,n_bitmap_matrices,n_csr_matrices,k_used_mean,k_used_min,k_used_max,k_used_row_mean,f1_norm,f2_norm
1,0,0.17462752887545763,7.568420714113126,190,0.982276161327083,-0.033176523298833145,0.033176523298833145,2.6733598322418763,0.0177234804333275,14.4885666608226,2503.666024,0.5646306790299152,8.00567521355969,51678105,149348,1880042755,2.6750298641180765,2.6827606112138978,204,0,0,190.0,190,190,148.3278621804114,0.018451073707344227,0.9120244781992933
1,0,0.03656090720795469,6.288742508359915,78,0.9370459706034869,-0.03192585956141486,0.03192585956141486,2.794246220740098,0.13860986893154914,16.350299590283008,2262.157411,0.5101652787558397,7.005572361929606,49733880,25601197,1856535131,2.5743903391671332,3.89959308280818,204,0,0,78.0,78,78,69.00496503748558,0.14430015130731166,0.8240487799070518
1,0,0.1774169788045349,6.824250727525302,113,0.9568741195952893,-0.008699850961340827,0.008699850961340827,2.717742903149879,0.06210655134133036,15.146097426325973,2262.1636585,0.5101666877018147,7.0055982332328615,13572708,38668250,1879629250,0.7025683166392097,2.704164999473919,204,0,0,113.0,113,113,95.95806751009228,0.0646561808680092,0.8240510557189504
1,0,0.2852279129571547,5.6266377841813,49,0.9501044775103363,-0.0016289502386101385,0.0016289502386101385,3.2362981292172996,0.5806617774087508,25.43937394826579,2020.667209,0.4557040305592906,6.005545751446259,2544194,118255955,1811070059,0.131695907388826,6.253015782310775,204,0,0,49.0,49,49,44.96491884131103,0.6044993980900001,0.7360797882931399
1,0,0.18760452276140482,7.210265656935533,148,0.9370922283862438,-0.04656389773232726,0.04656389773232726,2.7117707383417184,0.0561343865331696,15.055912005445489,2503.657456,0.5646287467611495,8.005639732915226,72495547,128830,1859245831,3.7526096059554743,3.7592782734190804,204,0,0,148.0,148,148,123.37602274365629,0.058438843732546056,0.9120213570858323
1,0,0.30835428651820446,6.007649788028051,64,0.9936043570048964,-0.057912447260671227,0.057912447260671227,2.884029487196154,0.2283931353876052,17.886200382848408,2020.669351,0.455704513626482,6.0055546216073745,90123384,9319018,1832427806,4.665084829549792,5.147468064272774,204,0,0,63.0,63,63,54.90888420319108,0.23776924578334502,0.7360805685715052
1,0,0.04011862644134334,6.728412738673232,106,0.9992375564055838,-0.08122762539534008,0.08122762539534008,2.7322826078011455,0.07664625599259667,15.367925962300934,2262.1622305,0.5101663656570204,7.005592319792117,126292605,126578,1805451025,6.537323494974669,6.543875591460024,204,0,0,105.0,105,105,86.82262681420607,0.07979277682119826,0.8240505355333736
1,0,inf,8.10573675877588,275,0.9971826426060968,-0.012705165474050128,0.012705165474050128,2.6626363976967293,0.007000045888180484,14.334029529862194,2745.1741525,0.6190959700387926,9.005776058843804,19816741,2641389,1909412078,1.0257801439215528,1.1625071864041086,204,0,0,275.0,275,275,202.61769812091504,0.007287415308944549,1.0
1,0,0.18471262120975182,5.781563590741548,55,0.9804124526182263,-0.05193835392675097,0.05193835392675097,3.072237259828002,0.41660090801945326,21.590151460886037,2020.668127,0.4557042375880869,6.005549552943879,80843676,29985130,1821041402,4.184736410615014,5.736866045195517,204,0,0,55.0,55,55,48.97106881968474,0.43370341899434234,0.7360801226981536
1,0,inf,5.505067348355028,45,0.9123753803650345,-0.027516301747259417,0.027516301747259417,3.6162026968594,0.960566345050851,37.196054612823424,2020.666597,0.455703892540093,6.005543217114512,42874161,83651429,1805344618,2.2193085654748086,6.549383570182371,204,0,0,45.0,45,45,42.484149726066896,1.0,0.7360795653564641
1,0,0.21373430992689496,6.188647703940861,73,0.9488584045351534,-0.05505996866409569,0.05505996866409569,2.8020015878682027,0.1463652360596539,16.477595140098558,2262.1565185,0.5101650774778433,7.005568666029141,85694605,2547684,1843627919,4.435836561127816,4.567713122474944,204,0,0,73.0,73,73,64.99760158352557,0.15237389568536833,0.8240484547910663
1,0,0.02014657133644109,7.416128676084227,171,0.9867738953776011,-0.04353907639951491,0.04353907639951491,2.6778063324526222,0.022169980644073384,14.553133517422893,2503.662148,0.5646298049083307,8.005659162791956,67794100,106855,1863969253,3.5092471388222783,3.514778307508327,204,0,0,171.0,171,171,135.31150278738946,0.023080113891456124,0.9120230662670133
2,0,0.1745774098050972,7.568420714113126,190,0.982276161327083,-0.033176523298833145,0.033176523298833145,2.6733598322418763,0.0177234804333275,14.4885666608226,2503.666024,0.5646306790299152,8.00567521355969,51678105,149348,1880042755,2.6750298641180765,2.6827606112138978,204,0,0,190.0,190,190,148.3278621804114,0.018451073707344227,0.9120244781992933
2,0,0.04311947831359775,6.288742508359915,78,0.9370459706034869,-0.03192585956141486,0.03192585956141486,2.794246220740098,0.13860986893154914,16.350299590283008,2262.157411,0.5101652787558397,7.005572361929606,49733880,25601197,1856535131,2.5743903391671332,3.89959308280818,204,0,0,78.0,78,78,69.00496503748558,0.14430015130731166,0.8240487799070518
2,0,0.17060784215829858,6.824250727525302,113,0.9568741195952893,-0.008699850961340827,0.008699850961340827,2.717742903149879,0.06210655134133036,15.146097426325973,2262.1636585,0.5101666877018147,7.0055982332328615,13572708,38668250,1879629250,0.7025683166392097,2.704164999473919,204,0,0,113.0,113,113,95.95806751009228,0.0646561808680092,0.8240510557189504
2,0,0.18745872396542299,7.210265656935533,148,0.9370922283862438,-0.04656389773232726,0.04656389773232726,2.7117707383417184,0.0561343865331696,15.055912005445489,2503.657456,0.5646287467611495,8.005639732915226,72495547,128830,1859245831,3.7526096059554743,3.7592782734190804,204,0,0,148.0,148,148,123.37602274365629,0.058438843732546056,0.9120213570858323
2,0,0.2950236323509555,6.007649788028051,64,0.9936043570048964,-0.057912447260671227,0.057912447260671227,2.884029487196154,0.2283931353876052,17.886200382848408,2020.669351,0.455704513626482,6.0055546216073745,90123384,9319018,1832427806,4.665084829549792,5.147468064272774,204,0,0,63.0,63,63,54.90888420319108,0.23776924578334502,0.7360805685715052
2,0,0.1736171024625951,8.10573675877588,275,0.9971826426060968,-0.012705165474050128,0.012705165474050128,2.6626363976967293,0.007000045888180484,14.334029529862194,2745.1741525,0.6190959700387926,9.005776058843804,19816741,2641389,1909412078,1.0257801439215528,1.1625071864041086,204,0,0,275.0,275,275,202.61769812091504,0.007287415308944549,1.0
2,0,inf,5.505067348355028,45,0.9123753803650345,-0.027516301747259417,0.027516301747259417,3.6162026968594,0.960566345050851,37.196054612823424,2020.666597,0.455703892540093,6.005543217114512,42874161,83651429,1805344618,2.2193085654748086,6.549383570182371,204,0,0,45.0,45,45,42.484149726066896,1.0,0.7360795653564641
2,0,0.015988693489285194,6.188647703940861,73,0.9488584045351534,-0.05505996866409569,0.05505996866409569,2.8020015878682027,0.1463652360596539,16.477595140098558,2262.1565185,0.5101650774778433,7.005568666029141,85694605,2547684,1843627919,4.435836561127816,4.567713122474944,204,0,0,73.0,73,73,64.99760158352557,0.15237389568536833,0.8240484547910663
2,0,0.00235185339844549,7.416128676084227,171,0.9867738953776011,-0.04353907639951491,0.04353907639951491,2.6778063324526222,0.022169980644073384,14.553133517422893,2503.662148,0.5646298049083307,8.005659162791956,67794100,106855,1863969253,3.5092471388222783,3.514778307508327,204,0,0,171.0,171,171,135.31150278738946,0.023080113891456124,0.9120230662670133
2,0,0.2844323894608453,5.6266377841813,49,0.9506714558173919,-0.07597006596408916,0.033216660224625924,3.214301658596827,0.5586653067882783,24.885906982362783,2020.667209,0.4557040305592906,6.005545751446259,84944521,38315444,1808610243,4.397009729133936,6.380344004973651,204,0,0,49.0,49,49,44.94948156958862,0.5815999172433044,0.7360797882931399
2,0,0.20943852810967922,6.0888490475805295,68,0.957263505158246,-0.013028519070059565,0.012432634178630851,2.8248925090243775,0.16925615721582865,16.85913268406736,2262.155626,0.5101648761998469,7.005564970128677,19856921,68740021,1843273266,1.0278599937910529,4.586071136306896,204,0,0,68.0,68,68,59.86531171905037,0.1762045465031033,0.8240481296750808
2,0,0.03991432740822413,6.6992910446864355,104,0.9788470407736577,-0.06332419083844198,0.06674309185862634,2.719353387457135,0.06371703564858633,15.170509631007102,2262.162052,0.5101663254014212,7.005591580612024,101179854,229073,1830461281,5.237404333945814,5.24926191107762,204,0,0,104.0,104,104,86.8334609885621,0.06633277959078739,0.8240504705101764
2,0,0.17229685168999206,5.781563590741548,55,0.9804189182511,-0.05193835392675097,0.05193835392675097,3.0709776438092042,0.4153412920006554,21.56297328088656,2020.668127,0.4557042375880869,6.005549552943879,80843676,29989413,1821037119,4.184736410615014,5.7370877474601025,204,0,0,55.0,55,55,48.97093215349865,0.4323920925822857,0.7360801226981536
2,0,0.017721684980290996,7.39741310772172,169,0.9835826804139742,-0.037874526593534255,0.04353907639951491,2.677862421733668,0.02222606992511933,14.553949815111412,2503.66174,0.5646297128955323,8.005657473237457,63392938,134223,1868343047,3.2814284177832302,3.2883762447875586,204,0,0,169.0,169,169,134.27141604190695,0.023138505778008193,0.9120229176425628
2,0,inf,8.840186890104919,458,0.9988832393152698,-0.012705165474050128,0.012705165474050128,2.6577551058576816,0.002118754049132754,14.264231439511741,2745.2159215,0.6191053898490254,9.005949026985565,19816741,81206,1911972261,1.0257801439215528,1.0299836354223648,204,0,0,457.0,457,457,309.8667429594387,0.0022057342109155303,1.000015215428122
2,0,0.002575281481712343,8.444648241685547,348,0.9971826426060968,-0.02267547139406055,0.012705165474050128,2.6600474370183975,0.004411085209848675,14.296967288092105,2745.1906765,0.6190996965571265,9.005844485800983,27580033,209493,1904080682,1.4276338485778854,1.4384779000639778,204,0,0,347.0,347,347,247.0665444180123,0.00459217130870347,1.000006019290246
3,0,0.025227177673734953,6.288742508359915,78,0.9370459706034869,-0.03192585956141486,0.03192585956141486,2.794246220740098,0.13860986893154914,16.350299590283008,2262.157411,0.5101652787558397,7.005572361929606,49733880,25601197,1856535131,2.5743903391671332,3.89959308280818,204,0,0,78.0,78,78,69.00496503748558,0.14430015130731166,0.8240487799070518
3,0,0.24836191661993445,6.007649788028051,64,0.9936043570048964,-0.057912447260671227,0.057912447260671227,2.884029487196154,0.2283931353876052,17.886200382848408,2020.669351,0.455704513626482,6.0055546216073745,90123384,9319018,1832427806,4.665084829549792,5.147468064272774,204,0,0,63.0,63,63,54.90888420319108,0.23776924578334502,0.7360805685715052
3,0,0.17363774973586885,8.10573675877588,275,0.9971826426060968,-0.012705165474050128,0.012705165474050128,2.6626363976967293,0.007000045888180484,14.334029529862194,2745.1741525,0.6190959700387926,9.005776058843804,19816741,2641389,1909412078,1.0257801439215528,1.1625071864041086,204,0,0,275.0,275,275,202.61769812091504,0.007287415308944549,1.0
3,0,0.017204798013282938,6.188647703940861,73,0.9488584045351534,-0.05505996866409569,0.05505996866409569,2.8020015878682027,0.1463652360596539,16.477595140098558,2262.1565185,0.5101650774778433,7.005568666029141,85694605,2547684,1843627919,4.435836561127816,4.567713122474944,204,0,0,73.0,73,73,64.99760158352557,0.15237389568536833,0.8240484547910663
3,0,0.003038139483829217,7.416128676084227,171,0.9867738953776011,-0.04353907639951491,0.04353907639951491,2.6778063324526222,0.022169980644073384,14.553133517422893,2503.662148,0.5646298049083307,8.005659162791956,67794100,106855,1863969253,3.5092471388222783,3.514778307508327,204,0,0,171.0,171,171,135.31150278738946,0.023080113891456124,0.9120230662670133
3,0,0.18887379209885954,5.6266377841813,49,0.9506714558173919,-0.07597006596408916,0.033216660224625924,3.214301658596827,0.5586653067882783,24.885906982362783,2020.667209,0.4557040305592906,6.005545751446259,84944521,38315444,1808610243,4.397009729133936,6.380344004973651,204,0,0,49.0,49,49,44.94948156958862,0.5815999172433044,0.7360797882931399
3,0,0.2126935552288336,6.0888490475805295,68,0.957263505158246,-0.013028519070059565,0.012432634178630851,2.8248925090243775,0.16925615721582865,16.85913268406736,2262.155626,0.5101648761998469,7.005564970128677,19856921,68740021,1843273266,1.0278599937910529,4.586071136306896,204,0,0,68.0,68,68,59.86531171905037,0.1762045465031033,0.8240481296750808
3,0,0.010413409579907346,6.6992910446864355,104,0.9788470407736577,-0.06332419083844198,0.06674309185862634,2.719353387457135,0.06371703564858633,15.170509631007102,2262.162052,0.5101663254014212,7.005591580612024,101179854,229073,1830461281,5.237404333945814,5.24926191107762,204,0,0,104.0,104,104,86.8334609885621,0.06633277959078739,0.8240504705101764
3,0,0.0029950534119020044,7.39741310772172,169,0.9835826804139742,-0.037874526593534255,0.04353907639951491,2.677862421733668,0.02222606992511933,14.553949815111412,2503.66174,0.5646297128955323,8.005657473237457,63392938,134223,1868343047,3.2814284177832302,3.2883762447875586,204,0,0,169.0,169,169,134.27141604190695,0.023138505778008193,0.9120229176425628
3,0,inf,8.840186890104919,458,0.9988832393152698,-0.012705165474050128,0.012705165474050128,2.6577551058576816,0.002118754049132754,14.264231439511741,2745.2159215,0.6191053898490254,9.005949026985565,19816741,81206,1911972261,1.0257801439215528,1.0299836354223648,204,0,0,457.0,457,457,309.8667429594387,0.0022057342109155303,1.000015215428122
3,0,0.0020364158241014106,8.444648241685547,348,0.9971826426060968,-0.02267547139406055,0.012705165474050128,2.6600474370183975,0.004411085209848675,14.296967288092105,2745.1906765,0.6190996965571265,9.005844485800983,27580033,209493,1904080682,1.4276338485778854,1.4384779000639778,204,0,0,347.0,347,347,247.0665444180123,0.00459217130870347,1.000006019290246
3,0,0.0013042416380665079,8.727154858124994,424,0.9991410918579327,-0.012702587324349125,0.013373591628841533,2.659050498407063,0.003414146598514023,14.282721191799263,2745.2081185,0.6191036301042566,9.005916714255784,20334423,104061,1911431724,1.0525770787185305,1.0579636207113143,204,0,0,423.0,423,423,290.73389141195696,0.003554305869766115,1.000012372985506
3,0,0.18415750161670494,6.7546400459106835,108,0.9972487294767167,-0.029297256127922323,0.018982831507830415,2.7078739850184483,0.05223763320989949,14.997356991620705,2262.1625875,0.510166446168219,7.0055937981523035,37621473,19899510,1874349225,1.9474120385627893,2.977476580041551,204,0,0,107.0,107,107,88.45324965157631,0.054382118922909076,0.8240506655797677
3,0,0.00714500030811294,6.689254148471688,103,0.9789758189998661,-0.07523461291423629,0.06565192099744932,2.726423467609087,0.0707871158005382,15.278146401982431,2262.1618735,0.5101662851458219,7.005590841431931,109573556,188998,1822107654,5.671890148015575,5.681673310425625,204,0,0,103.0,103,103,86.74903732939254,0.07369310424548638,0.8240504054869794
3,0,0.10413555442476378,5.855913191887773,58,0.9992000559874556,-0.057912447260671227,0.057912447260671227,2.9704596962530436,0.3148233444444948,19.500882018272172,2020.668433,0.4557043065976857,6.005550820109754,90123384,18893055,1822853769,4.665084829549792,5.643051927016414,204,0,0,57.0,57,57,49.883090337850824,0.3277476314536384,0.7360802341664915
3,0,0.01720296702725068,6.62881243683673,99,0.9574902034434855,-0.013028519070059565,0.012432634178630851,2.732080333804758,0.07644398199620905,15.364817744866729,2262.1611595,0.5101661241234248,7.005587884711559,19856921,39876448,1872136839,1.0278599937910529,3.0919970064572784,204,0,0,99.0,99,99,85.15468810073048,0.07958219897050653,0.8240501453941909
3,0,0.12696990412786516,5.748041610423717,54,0.9897281213016432,-0.04619277766318423,0.08204955146015336,3.069533807915714,0.41389745610716533,21.531862351036494,2020.667821,0.45570416857848817,6.005548285778006,99743431,23557353,1808569424,5.163050322270926,6.382456931599413,204,0,0,53.0,53,53,46.99732674932718,0.43088898360815897,0.7360800112298157
3,0,0.081267141537957,5.636674731226339,50,0.9505426773429856,-0.06405964388829487,0.0395177198952425,3.1966414999018427,0.5410051480932938,24.450275894891107,2020.667362,0.45570406506409,6.005546385029196,80604878,40290539,1810974791,4.172375435275619,6.2579471695026,204,0,0,50.0,50,50,45.15036734669358,0.5632147647903006,0.7360798440273089
3,0,0.03489995974012504,6.399396838815453,84,0.980342507017974,-0.04985632440777221,0.05193835392675097,2.7570645193035683,0.10142816749501948,15.753530821712015,2262.158482,0.5101655202894354,7.005576797010164,79228076,2030890,1850611242,4.101107604015601,4.206233196386659,204,0,0,84.0,84,84,71.4000054065744,0.10559204787634946,0.8240491700462343
3,0,0.18053870785583617,7.095067544672627,137,0.9935380536513516,-0.012705165474050128,0.03265904020849021,2.688166740875915,0.03253038906736627,14.704693681423207,2503.655212,0.5646282406907585,8.005630440365485,35341505,12859952,1883668751,1.8293933440066799,2.4950670495561575,204,0,0,137.0,137,137,110.60242454825067,0.033865843036218556,0.9120205396513545
3,0,0.17517938241966846,7.568420714113126,190,0.980187678068896,-0.033176523298833145,0.033176523298833145,2.67245557195219,0.01681922014364101,14.475471147105592,2503.666024,0.5646306790299152,8.00567521355969,51678105,148091,1880044012,2.6750298641180765,2.6826955447309224,204,0,0,190.0,190,190,148.59147473327567,0.017509691267343565,0.9120244781992933
3,0,0.1875780701726349,5.52990130964443,46,0.9123753803650345,-0.02085724836540439,0.02122535722057471,3.5330989336350167,0.8774625818264679,34.22987954802267,2020.66675,0.45570392704489243,6.005543850697448,32799336,93726254,1805344618,1.697802257324318,6.549383570182371,204,0,0,46.0,46,46,42.81467464436755,0.9134846190973058,0.7360796210906332
3,0,0.005788925971120854,7.286908283135321,156,0.9858096787372463,-0.02928042158439123,0.04353907639951491,2.6831379337431924,0.027501581934643582,14.630932234444337,2503.659088,0.564629114812343,8.005646491133218,56704474,399281,1874766453,2.93521137005908,2.955879476971571,204,0,0,156.0,156,156,124.21531382160707,0.02863059077214254,0.9120219515836344
3,0,inf,5.4894186783608205,45,0.9495343412676107,-0.07597006596408916,0.04253928821292327,3.5484509041790386,0.8928145523704898,34.759430072129355,2020.666597,0.455703892540093,6.005543217114512,92193276,40084367,1799592565,4.7722292946090095,6.8471288833085,204,0,0,45.0,45,45,41.55315713908112,0.9294668264930992,0.7360795653564641
4,0,0.024047657020987503,6.288742508359915,78,0.9370459706034869,-0.03192585956141486,0.03192585956141486,2.794246220740098,0.13860986893154914,16.350299590283008,2262.157411,0.5101652787558397,7.005572361929606,49733880,25601197,1856535131,2.5743903391671332,3.89959308280818,204,0,0,78.0,78,78,69.00496503748558,0.14430015130731166,0.8240487799070518
4,0,0.05317689309916337,6.007649788028051,64,0.9936043570048964,-0.057912447260671227,0.057912447260671227,2.884029487196154,0.2283931353876052,17.886200382848408,2020.669351,0.455704513626482,6.0055546216073745,90123384,9319018,1832427806,4.665084829549792,5.147468064272774,204,0,0,63.0,63,63,54.90888420319108,0.23776924578334502,0.7360805685715052
4,0,0.17363774973586885,8.10573675877588,275,0.9971826426060968,-0.012705165474050128,0.012705165474050128,2.6626363976967293,0.007000045888180484,14.334029529862194,2745.1741525,0.6190959700387926,9.005776058843804,19816741,2641389,1909412078,1.0257801439215528,1.1625071864041086,204,0,0,275.0,275,275,202.61769812091504,0.007287415308944549,1.0
4,0,0.0006186288321842312,7.416128676084227,171,0.9867738953776011,-0.04353907639951491,0.04353907639951491,2.6778063324526222,0.022169980644073384,14.553133517422893,2503.662148,0.5646298049083307,8.005659162791956,67794100,106855,1863969253,3.5092471388222783,3.514778307508327,204,0,0,171.0,171,171,135.31150278738946,0.023080113891456124,0.9120230662670133
4,0,0.05800301341597974,5.6266377841813,49,0.9506714558173919,-0.07597006596408916,0.033216660224625924,3.214301658596827,0.5586653067882783,24.885906982362783,2020.667209,0.4557040305592906,6.005545751446259,84944521,38315444,1808610243,4.397009729133936,6.380344004973651,204,0,0,49.0,49,49,44.94948156958862,0.5815999172433044,0.7360797882931399
4,0,0.07384211490788388,6.0888490475805295,68,0.957263505158246,-0.013028519070059565,0.012432634178630851,2.8248925090243775,0.16925615721582865,16.85913268406736,2262.155626,0.5101648761998469,7.005564970128677,19856921,68740021,1843273266,1.0278599937910529,4.586071136306896,204,0,0,68.0,68,68,59.86531171905037,0.1762045465031033,0.8240481296750808
4,0,0.010413409579907346,6.6992910446864355,104,0.9788470407736577,-0.06332419083844198,0.06674309185862634,2.719353387457135,0.06371703564858633,15.170509631007102,2262.162052,0.5101663254014212,7.005591580612024,101179854,229073,1830461281,5.237404333945814,5.24926191107762,204,0,0,104.0,104,104,86.8334609885621,0.06633277959078739,0.8240504705101764
4,0,0.0029950534119020044,7.39741310772172,169,0.9835826804139742,-0.037874526593534255,0.04353907639951491,2.677862421733668,0.02222606992511933,14.553949815111412,2503.66174,0.5646297128955323,8.005657473237457,63392938,134223,1868343047,3.2814284177832302,3.2883762447875586,204,0,0,169.0,169,169,134.27141604190695,0.023138505778008193,0.9120229176425628
4,0,inf,8.840186890104919,458,0.9988832393152698,-0.012705165474050128,0.012705165474050128,2.6577551058576816,0.002118754049132754,14.264231439511741,2745.2159215,0.6191053898490254,9.005949026985565,19816741,81206,1911972261,1.0257801439215528,1.0299836354223648,204,0,0,457.0,457,457,309.8667429594387,0.0022057342109155303,1.000015215428122
4,0,0.0020364158241014106,8.444648241685547,348,0.9971826426060968,-0.02267547139406055,0.012705165474050128,2.6600474370183975,0.004411085209848675,14.296967288092105,2745.1906765,0.6190996965571265,9.005844485800983,27580033,209493,1904080682,1.4276338485778854,1.4384779000639778,204,0,0,347.0,347,347,247.0665444180123,0.00459217130870347,1.000006019290246
4,0,0.0013042416380665079,8.727154858124994,424,0.9991410918579327,-0.012702587324349125,0.013373591628841533,2.659050498407063,0.003414146598514023,14.282721191799263,2745.2081185,0.6191036301042566,9.005916714255784,20334423,104061,1911431724,1.0525770787185305,1.0579636207113143,204,0,0,423.0,423,423,290.73389141195696,0.003554305869766115,1.000012372985506
4,0,0.18415750161670494,6.7546400459106835,108,0.9972487294767167,-0.029297256127922323,0.018982831507830415,2.7078739850184483,0.05223763320989949,14.997356991620705,2262.1625875,0.510166446168219,7.0055937981523035,37621473,19899510,1874349225,1.9474120385627893,2.977476580041551,204,0,0,107.0,107,107,88.45324965157631,0.054382118922909076,0.8240506655797677
4,0,0.00714500030811294,6.689254148471688,103,0.9789758189998661,-0.07523461291423629,0.06565192099744932,2.726423467609087,0.0707871158005382,15.278146401982431,2262.1618735,0.5101662851458219,7.005590841431931,109573556,188998,1822107654,5.671890148015575,5.681673310425625,204,0,0,103.0,103,103,86.74903732939254,0.07369310424548638,0.8240504054869794
4,0,0.09287124092975466,5.855913191887773,58,0.9992000559874556,-0.057912447260671227,0.057912447260671227,2.9704596962530436,0.3148233444444948,19.500882018272172,2020.668433,0.4557043065976857,6.005550820109754,90123384,18893055,1822853769,4.665084829549792,5.643051927016414,204,0,0,57.0,57,57,49.883090337850824,0.3277476314536384,0.7360802341664915
4,0,0.01720296702725068,6.62881243683673,99,0.9574902034434855,-0.013028519070059565,0.012432634178630851,2.732080333804758,0.07644398199620905,15.364817744866729,2262.1611595,0.5101661241234248,7.005587884711559,19856921,39876448,1872136839,1.0278599937910529,3.0919970064572784,204,0,0,99.0,99,99,85.15468810073048,0.07958219897050653,0.8240501453941909
4,0,0.03489995974012504,6.399396838815453,84,0.980342507017974,-0.04985632440777221,0.05193835392675097,2.7570645193035683,0.10142816749501948,15.753530821712015,2262.158482,0.5101655202894354,7.005576797010164,79228076,2030890,1850611242,4.101107604015601,4.206233196386659,204,0,0,84.0,84,84,71.4000054065744,0.10559204787634946,0.8240491700462343
4,0,0.18053870785583617,7.095067544672627,137,0.9935380536513516,-0.012705165474050128,0.03265904020849021,2.688166740875915,0.03253038906736627,14.704693681423207,2503.655212,0.5646282406907585,8.005630440365485,35341505,12859952,1883668751,1.8293933440066799,2.4950670495561575,204,0,0,137.0,137,137,110.60242454825067,0.033865843036218556,0.9120205396513545
4,0,0.17419219990313797,7.568420714113126,190,0.980187678068896,-0.033176523298833145,0.033176523298833145,2.67245557195219,0.01681922014364101,14.475471147105592,2503.666024,0.5646306790299152,8.00567521355969,51678105,148091,1880044012,2.6750298641180765,2.6826955447309224,204,0,0,190.0,190,190,148.59147473327567,0.017509691267343565,0.9120244781992933
4,0,0.005788925971120854,7.286908283135321,156,0.9858096787372463,-0.02928042158439123,0.04353907639951491,2.6831379337431924,0.027501581934643582,14.630932234444337,2503.659088,0.564629114812343,8.005646491133218,56704474,399281,1874766453,2.93521137005908,2.955879476971571,204,0,0,156.0,156,156,124.21531382160707,0.02863059077214254,0.9120219515836344
4,0,inf,5.4894186783608205,45,0.9495343412676107,-0.07597006596408916,0.04253928821292327,3.5484509041790386,0.8928145523704898,34.759430072129355,2020.666597,0.455703892540093,6.005543217114512,92193276,40084367,1799592565,4.7722292946090095,6.8471288833085,204,0,0,45.0,45,45,41.55315713908112,0.9294668264930992,0.7360795653564641
4,0,0.11817723416401892,6.007649788028051,64,0.9806135298643006,-0.057912447260671227,0.05774642918992542,2.875732142341737,0.22009579053318795,17.738406406846707,2020.669504,0.4557045481312814,6.005555255190312,89994951,8523886,1833351371,4.6584367121209835,5.099661281178575,204,0,0,64.0,64,64,55.568023716839676,0.22913127413550638,0.7360806243056741
4,0,0.14441860974021883,5.598581437364096,48,0.9479501061512919,-0.020578806750104834,0.002274631427865762,3.299126353447881,0.6434900016393321,27.088962401106784,2020.667056,0.4557039960544912,6.0055451178633215,17814638,107921745,1806133825,0.9221446620082667,6.508531602139599,204,0,0,48.0,48,48,43.52544844530949,0.6699068783273545,0.736079732558971
4,0,0.07090323764257579,5.7302907072613305,53,0.9896150582253356,-0.04619277766318423,0.05780210842247116,3.0632405376574092,0.4076041858488604,21.396782016446792,2020.667821,0.45570416857848817,6.005548285778006,80937624,35221668,1815710916,4.189599470235218,6.012789654241617,204,0,0,53.0,53,53,47.00015468810073,0.42433735883936513,0.7360800112298157
4,0,0.000987182516530502,7.483874820733011,179,0.9742376165708433,-0.03277545774144383,0.03560009685039461,2.676762909323166,0.02112655751461734,14.53795636077988,2503.66378,0.5646301729595242,8.005665921009948,53250119,165416,1878454673,2.756402515007882,2.764964994998256,204,0,0,179.0,179,179,142.33371029171474,0.0219938556284719,0.9120236607648154
4,0,0.0024195106516449855,7.530652512966185,185,0.9832793913064294,-0.027185533796577087,0.027516301747259417,2.676051284722951,0.02041493291440233,14.527614473603796,2503.665004,0.5646304489979193,8.005670989673442,42616488,304529,1888949191,2.205970557624542,2.221733987214114,204,0,0,185.0,185,185,145.41113844434832,0.021253017055601287,0.912024106638167
4,0,0.05208377198871006,5.781563590741548,55,0.9927931433043651,-0.05193835392675097,0.05210437199749677,3.0494680306826445,0.39383167887409565,21.104114694382663,2020.668127,0.4557042375880869,6.005549552943879,80972569,31255106,1819642533,4.191408339167266,5.809276137457781,204,0,0,55.0,55,55,48.51346687572088,0.40999945594934073,0.7360801226981536
4,0,0.021628217390390333,5.650439134471693,50,0.9505426773429856,-0.010858238273469645,0.0058507871529826574,3.1958006489375888,0.5401642971290399,24.429725497949967,2020.667362,0.45570406506409,6.005546385029196,13035652,107815322,1811019234,0.6747685194387552,6.255646652634751,204,0,0,50.0,50,50,45.15036734669358,0.5623393947873995,0.7360798440273089
4,0,0.07441411297961789,5.668988260805552,51,0.9767509310575884,-0.012514121850539323,0.05193835392675097,3.175773710056113,0.5201373582475641,23.945339452988662,2020.667515,0.45570409956888935,6.005547018612132,50178276,69089233,1812602699,2.597393747893026,6.173681260061131,204,0,0,51.0,51,51,45.80155168685121,0.541490299891809,0.7360798997614778
4,0,0.017204798013282938,6.188647703940861,73,0.989253560534479,-0.011357513803176778,0.05505996866409569,2.799900399689332,0.14426404788078306,16.443008960734385,2262.1565185,0.5101650774778433,7.005568666029141,51704386,34965626,1845200196,2.676390255716392,4.486326857834126,204,0,0,73.0,73,73,63.02280973663975,0.15018644846769635,0.8240484547910663
4,0,0.13537306713693525,6.0254006911904385,65,0.9937174200811855,-0.057912447260671227,0.08215989029835374,2.866261601972184,0.21062525016363498,17.571207096477888,2177.46627925,0.4910656022137522,6.654860884939947,108928501,3989914,1818951793,5.638499964900333,5.84503112747417,0,204,0,65.0,65,65,56.4958249231065,0.2192719443574559,0.7931978658865796
4,0,0.0816656831935141,6.019575074195444,65,0.9983788493602563,-0.012790874935943438,0.012691418011962672,2.8437048404695466,0.1880684886609978,17.179294327326087,2190.78536275,0.49406934276403774,6.7100160747445,19872688,75286949,1836710571,1.0286761459287435,4.925777964064965,0,204,0,65.0,65,65,56.29031652489427,0.1957891712841987,0.798049683206756
4,0,0.13996086848864656,5.519362565715423,46,0.9574716140281713,-0.022211715608637408,0.03773265188927162,3.4715671921335436,0.8159308403249947,32.187146380719874,2020.66675,0.45570392704489243,6.005543850697448,46689244,86065111,1799115853,2.4167898964773515,6.871805075219629,204,0,0,46.0,46,46,41.52426951172626,0.8494268454531378,0.7360796210906332
5,0,0.02870023971675701,6.007649788028051,64,0.9936043570048964,-0.057912447260671227,0.057912447260671227,2.884029487196154,0.2283931353876052,17.886200382848408,2020.669351,0.455704513626482,6.0055546216073745,90123384,9319018,1832427806,4.665084829549792,5.147468064272774,204,0,0,63.0,63,63,54.90888420319108,0.23776924578334502,0.7360805685715052
5,0,0.17374111982273668,8.10573675877588,275,0.9971826426060968,-0.012705165474050128,0.012705165474050128,2.6626363976967293,0.007000045888180484,14.334029529862194,2745.1741525,0.6190959700387926,9.005776058843804,19816741,2641389,1909412078,1.0257801439215528,1.1625071864041086,204,0,0,275.0,275,275,202.61769812091504,0.007287415308944549,1.0
5,0,0.0006277886852961048,7.416128676084227,171,0.9867738953776011,-0.04353907639951491,0.04353907639951491,2.6778063324526222,0.022169980644073384,14.553133517422893,2503.662148,0.5646298049083307,8.005659162791956,67794100,106855,1863969253,3.5092471388222783,3.514778307508327,204,0,0,171.0,171,171,135.31150278738946,0.023080113891456124,0.9120230662670133
5,0,0.05886380249571647,5.6266377841813,49,0.9506714558173919,-0.07597006596408916,0.033216660224625924,3.214301658596827,0.5586653067882783,24.885906982362783,2020.667209,0.4557040305592906,6.005545751446259,84944521,38315444,1808610243,4.397009729133936,6.380344004973651,204,0,0,49.0,49,49,44.94948156958862,0.5815999172433044,0.7360797882931399
5,0,0.07420704234241036,6.0888490475805295,68,0.957263505158246,-0.013028519070059565,0.012432634178630851,2.8248925090243775,0.16925615721582865,16.85913268406736,2262.155626,0.5101648761998469,7.005564970128677,19856921,68740021,1843273266,1.0278599937910529,4.586071136306896,204,0,0,68.0,68,68,59.86531171905037,0.1762045465031033,0.8240481296750808
5,0,0.007454393617155039,6.6992910446864355,104,0.9788470407736577,-0.06332419083844198,0.06674309185862634,2.719353387457135,0.06371703564858633,15.170509631007102,2262.162052,0.5101663254014212,7.005591580612024,101179854,229073,1830461281,5.237404333945814,5.24926191107762,204,0,0,104.0,104,104,86.8334609885621,0.06633277959078739,0.8240504705101764
5,0,0.00041834887065125365,7.39741310772172,169,0.9835826804139742,-0.037874526593534255,0.04353907639951491,2.677862421733668,0.02222606992511933,14.553949815111412,2503.66174,0.5646297128955323,8.005657473237457,63392938,134223,1868343047,3.2814284177832302,3.2883762447875586,204,0,0,169.0,169,169,134.27141604190695,0.023138505778008193,0.9120229176425628
5,0,inf,8.840186890104919,458,0.9988832393152698,-0.012705165474050128,0.012705165474050128,2.6577551058576816,0.002118754049132754,14.264231439511741,2745.2159215,0.6191053898490254,9.005949026985565,19816741,81206,1911972261,1.0257801439215528,1.0299836354223648,204,0,0,457.0,457,457,309.8667429594387,0.0022057342109155303,1.000015215428122
5,0,0.0020662893484505542,8.444648241685547,348,0.9971826426060968,-0.02267547139406055,0.012705165474050128,2.6600474370183975,0.004411085209848675,14.296967288092105,2745.1906765,0.6190996965571265,9.005844485800983,27580033,209493,1904080682,1.4276338485778854,1.4384779000639778,204,0,0,347.0,347,347,247.0665444180123,0.00459217130870347,1.000006019290246
5,0,0.0013233386637256743,8.727154858124994,424,0.9991410918579327,-0.012702587324349125,0.013373591628841533,2.659050498407063,0.003414146598514023,14.282721191799263,2745.2081185,0.6191036301042566,9.005916714255784,20334423,104061,1911431724,1.0525770787185305,1.0579636207113143,204,0,0,423.0,423,423,290.73389141195696,0.003554305869766115,1.000012372985506
5,0,0.013883725612117544,6.7546400459106835,108,0.9972487294767167,-0.029297256127922323,0.018982831507830415,2.7078739850184483,0.05223763320989949,14.997356991620705,2262.1625875,0.510166446168219,7.0055937981523035,37621473,19899510,1874349225,1.9474120385627893,2.977476580041551,204,0,0,107.0,107,107,88.45324965157631,0.054382118922909076,0.8240506655797677
5,0,0.020571781064351743,6.62881243683673,99,0.9574902034434855,-0.013028519070059565,0.012432634178630851,2.732080333804758,0.07644398199620905,15.364817744866729,2262.1611595,0.5101661241234248,7.005587884711559,19856921,39876448,1872136839,1.0278599937910529,3.0919970064572784,204,0,0,99.0,99,99,85.15468810073048,0.07958219897050653,0.8240501453941909
5,0,0.019518754567706718,6.399396838815453,84,0.980342507017974,-0.04985632440777221,0.05193835392675097,2.7570645193035683,0.10142816749501948,15.753530821712015,2262.158482,0.5101655202894354,7.005576797010164,79228076,2030890,1850611242,4.101107604015601,4.206233196386659,204,0,0,84.0,84,84,71.4000054065744,0.10559204787634946,0.8240491700462343
5,0,0.004923965670337928,7.095067544672627,137,0.9935380536513516,-0.012705165474050128,0.03265904020849021,2.688166740875915,0.03253038906736627,14.704693681423207,2503.655212,0.5646282406907585,8.005630440365485,35341505,12859952,1883668751,1.8293933440066799,2.4950670495561575,204,0,0,137.0,137,137,110.60242454825067,0.033865843036218556,0.9120205396513545
5,0,0.17335999303703375,7.568420714113126,190,0.980187678068896,-0.033176523298833145,0.033176523298833145,2.67245557195219,0.01681922014364101,14.475471147105592,2503.666024,0.5646306790299152,8.00567521355969,51678105,148091,1880044012,2.6750298641180765,2.6826955447309224,204,0,0,190.0,190,190,148.59147473327567,0.017509691267343565,0.9120244781992933
5,0,0.10944552210029773,5.598581437364096,48,0.9479501061512919,-0.020578806750104834,0.002274631427865762,3.299126353447881,0.6434900016393321,27.088962401106784,2020.667056,0.4557039960544912,6.0055451178633215,17814638,107921745,1806133825,0.9221446620082667,6.508531602139599,204,0,0,48.0,48,48,43.52544844530949,0.6699068783273545,0.736079732558971
5,0,0.04362423417775486,5.7302907072613305,53,0.9896150582253356,-0.04619277766318423,0.05780210842247116,3.0632405376574092,0.4076041858488604,21.396782016446792,2020.667821,0.45570416857848817,6.005548285778006,80937624,35221668,1815710916,4.189599470235218,6.012789654241617,204,0,0,53.0,53,53,47.00015468810073,0.42433735883936513,0.7360800112298157
5,0,0.0019457675596825106,7.483874820733011,179,0.9742376165708433,-0.03277545774144383,0.03560009685039461,2.676762909323166,0.02112655751461734,14.53795636077988,2503.66378,0.5646301729595242,8.005665921009948,53250119,165416,1878454673,2.756402515007882,2.764964994998256,204,0,0,179.0,179,179,142.33371029171474,0.0219938556284719,0.9120236607648154
5,0,0.04127279447396477,5.650439134471693,50,0.9505426773429856,-0.010858238273469645,0.0058507871529826574,3.1958006489375888,0.5401642971290399,24.429725497949967,2020.667362,0.45570406506409,6.005546385029196,13035652,107815322,1811019234,0.6747685194387552,6.255646652634751,204,0,0,50.0,50,50,45.15036734669358,0.5623393947873995,0.7360798440273089
5,0,0.02824162940412748,6.188647703940861,73,0.989253560534479,-0.011357513803176778,0.05505996866409569,2.799900399689332,0.14426404788078306,16.443008960734385,2262.1565185,0.5101650774778433,7.005568666029141,51704386,34965626,1845200196,2.676390255716392,4.486326857834126,204,0,0,73.0,73,73,63.02280973663975,0.15018644846769635,0.8240484547910663
5,0,0.18961244859666015,6.019575074195444,65,0.9983788493602563,-0.012790874935943438,0.012691418011962672,2.8437048404695466,0.1880684886609978,17.179294327326087,2190.78536275,0.49406934276403774,6.7100160747445,19872688,75286949,1836710571,1.0286761459287435,4.925777964064965,0,204,0,65.0,65,65,56.29031652489427,0.1957891712841987,0.798049683206756
5,0,0.031015703451239395,5.900940619080016,60,0.9992000559874556,-0.050443874248007343,0.05794562022191533,2.9542560773065865,0.2986197254980376,19.187443434549962,2020.668739,0.4557043756072845,6.005552087275627,84351989,20995144,1826523075,4.366338310446165,5.453116496323132,204,0,0,59.0,59,59,51.4864880694925,0.3108788133548746,0.7360803456348294
5,0,0.024736080003661825,5.781563590741548,55,0.9580197594303206,-0.05193835392675097,0.02373986054096857,3.0340439498744827,0.3784075980659338,20.781100625293295,2020.668127,0.4557042375880869,6.005549552943879,58923877,49388984,1823557347,3.0500950196339485,5.606632399602696,204,0,0,55.0,55,55,49.77391508073818,0.3939421779824083,0.7360801226981536
5,0,0.14036689882876446,5.996862679121341,64,0.9758223827420821,-0.012538454143705427,0.06100715667351951,2.865206919242885,0.20957056743433622,17.552684817101333,2020.669504,0.4557045481312814,6.005555255190312,57241248,41095060,1833533900,2.9629965700055974,5.090212975632781,204,0,0,64.0,64,64,55.77991788014225,0.21817396425984698,0.7360806243056741
5,0,0.04000778855609241,5.913928215212639,60,0.970870036009827,-0.0714499804969751,0.0053297416060965825,2.9155848996489,0.2599485478403514,18.45960626299873,2020.668892,0.45570441011208385,6.005552720858564,59733308,48306004,1823830896,3.0919938488952567,5.5924725974137495,204,0,0,60.0,60,60,52.73591287004998,0.2706200869723268,0.7360804013689983
5,0,0.005488655692496867,7.231172161000454,150,0.9896026630651601,-0.014537718855868045,0.039908892401253615,2.6807469627481004,0.02511061093955158,14.595991887164487,2503.657864,0.5646288387739479,8.005641422469724,42406215,9230165,1880233828,2.195086130755219,2.672870039931792,204,0,0,150.0,150,150,119.58046484525183,0.02614146442765727,0.9120215057102828
5,0,0.048527421799690024,5.666563544020339,51,0.9496671419883218,-0.07597006596408916,0.05192669233387372,3.1418541804370963,0.48621782862854745,23.146745336605704,2020.667515,0.45570409956888935,6.005547018612132,99487146,20147212,1812235850,5.149784161897485,6.192670579244214,204,0,0,51.0,51,51,46.682461373029604,0.5061782886041127,0.7360798997614778
5,0,0.007251026359291112,6.643823557282648,100,0.9560889123643449,-0.00680060636854284,0.012432634178630851,2.7209574779068837,0.06532112609833485,15.194864028730212,2262.161338,0.5101661643790241,7.0055886238916525,15004973,44648316,1872216919,0.7767070964634908,3.0878518004455917,204,0,0,100.0,100,100,85.36262795559401,0.06800272197218907,0.824050210417388
5,0,0.04478559504941348,5.713271016550379,52,0.9506985948713704,-0.06407840980352159,0.03192585956141486,3.1106188223894247,0.4549824705808758,22.434923338871737,2020.667668,0.45570413407368876,6.0055476521950695,74717741,41517645,1815634822,3.867637726933672,6.016728531692332,204,0,0,52.0,52,52,46.84160389033064,0.4736606408553588,0.7360799554956468
5,0,0.005117576415655047,6.316858384192603,80,0.9791655705518957,-0.03192585956141486,0.03192585956141486,2.7688394666708094,0.11320311486226053,15.940124225825386,2262.157768,0.5101653592670383,7.0055738402897925,49733880,26969235,1855167093,2.5743903391671332,3.9704072604032827,204,0,0,80.0,80,80,68.34227370482506,0.11785038633252107,0.8240489099534459
5,0,inf,5.5047810996619315,45,0.9505426773429856,-0.023773755141510856,0.005876165843168953,3.535425854241726,0.879789502433177,34.309622501888356,2020.666597,0.455703892540093,6.005543217114512,23111322,108682217,1800076669,1.1963185675877455,6.822070056996293,204,0,0,45.0,45,45,41.52317468041138,0.9159070656245011,0.7360795653564641
5,0,0.17053358671614222,7.024244421359714,130,0.982276161327083,-0.03534041603107774,0.03191958842727,2.6893852617779066,0.033748909969357754,14.722622579181344,2503.653784,0.5646279186459642,8.005624526924741,52384566,1142882,1878342760,2.711598625159812,2.7707579825155624,204,0,0,130.0,130,130,105.88353337658593,0.035134387273969225,0.9120200194657777
5,0,0.07349605227263752,5.519362565715423,46,0.9643956094518283,-0.0049247292181199,0.03264478632574076,3.4441021694226213,0.7884658176140724,31.315155117522032,2020.66675,0.45570392704489243,6.005543850697448,29268729,104441796,1798159683,1.5150463462191348,6.921299601096183,204,0,0,46.0,46,46,41.31154183487121,0.8208343147524413,0.7360796210906332
5,0,0.08259144269628925,5.553383309811856,47,0.968489642166758,-0.0773358568813281,0.043248828032817564,3.406415554506929,0.7507792026983799,30.15695433662523,2020.666903,0.45570396154969184,6.005544484280385,93801692,36027352,1802041164,4.8554862335762055,6.720381289714469,204,0,0,47.0,47,47,42.71767769607843,0.7816005698790486,0.736079676824802
5,0,0.0016459681194525369,7.286924025217073,156,0.9935380536513516,-0.02933873069582877,0.0032896610082907077,2.6785369709054025,0.022900619096853703,14.563770481793567,2503.659088,0.564629114812343,8.005646491133218,25422241,17503081,1888944886,1.315939388408437,2.2219568282715607,204,0,0,156.0,156,156,123.4193474264706,0.023840746883174817,0.9120219515836344
5,0,0.0024553943554072866,7.5033399738113,181,0.982276161327083,-0.033176523298833145,0.033176523298833145,2.6743933170320466,0.01875696522349779,14.503548114316628,2503.664188,0.5646302649723226,8.005667610564446,51678105,175884,1880016219,2.6750298641180765,2.6841342024567316,204,0,0,181.0,181,181,142.77698331170703,0.019526985637316727,0.9120238093892661
5,0,0.006708559149841919,6.356599770215489,82,0.980342507017974,-0.04946800393155154,0.04255094980580053,2.7663387378716853,0.11070238606313643,15.900312098526467,2262.158125,0.5101654397782369,7.005575318649979,71632532,6134069,1854103607,3.70793709139284,4.025456817852641,204,0,0,82.0,82,82,69.84325139369473,0.11524699635117447,0.8240490399998401
5,0,0.17718208099745505,6.889878283469513,119,0.9969015207498575,-0.008337511905834536,0.017604230730229972,2.694985951105443,0.03934959929689397,14.805310753576983,2262.1647295,0.5101669292354104,7.005602668313419,20231032,31424256,1880214920,1.0472252181446757,2.673848780631954,204,0,0,119.0,119,119,97.30679155853518,0.04096499892967919,0.824051445858133
5,0,0.017695956391798606,6.288742508359915,78,0.9972303699463836,-0.02399980670031849,0.008376218652069382,2.7753207510019666,0.11968439919341778,16.04377222645955,2262.1572325,0.5101652385002404,7.005571622749513,25234610,54931087,1851704511,1.306226986445665,4.149641972220941,204,0,0,77.0,77,77,65.73587232074202,0.12459774362288516,0.8240487148838547
5,0,0.03735187983519886,5.855913191887773,58,0.9992000559874556,-0.012820889824275011,0.057912447260671227,2.970027494966314,0.3143911431577653,19.49245553307156,2020.668433,0.4557043065976857,6.005550820109754,55057840,53912890,1822899478,2.849976140840203,5.640685877795782,204,0,0,57.0,57,57,49.883090337850824,0.3272976872213047,0.7360802341664915
5,0,0.03646972722631786,5.795351323045271,56,0.9474844743310507,-0.037970919545497576,0.03265846953345762,3.0198208259616064,0.36418447415305755,20.48762050560975,2020.66828,0.45570427209288633,6.005550186526817,55006804,52116161,1824747243,2.84733434845743,5.54503944190437,204,0,0,56.0,56,56,50.331532643694736,0.3791351592000427,0.7360801784323225
6,0,0.0017057842267408187,8.10573675877588,275,0.9971826426060968,-0.012705165474050128,0.012705165474050128,2.6626363976967293,0.007000045888180484,14.334029529862194,2745.1741525,0.6190959700387926,9.005776058843804,19816741,2641389,1909412078,1.0257801439215528,1.1625071864041086,204,0,0,275.0,275,275,202.61769812091504,0.007287415308944549,1.0
6,0,0.0006492081896737635,7.416128676084227,171,0.9867738953776011,-0.04353907639951491,0.04353907639951491,2.6778063324526222,0.022169980644073384,14.553133517422893,2503.662148,0.5646298049083307,8.005659162791956,67794100,106855,1863969253,3.5092471388222783,3.514778307508327,204,0,0,171.0,171,171,135.31150278738946,0.023080113891456124,0.9120230662670133
6,0,0.06200827791354928,5.6266377841813,49,0.9506714558173919,-0.07597006596408916,0.033216660224625924,3.214301658596827,0.5586653067882783,24.885906982362783,2020.667209,0.4557040305592906,6.005545751446259,84944521,38315444,1808610243,4.397009729133936,6.380344004973651,204,0,0,49.0,49,49,44.94948156958862,0.5815999172433044,0.7360797882931399
6,0,0.0718934108559818,6.0888490475805295,68,0.957263505158246,-0.013028519070059565,0.012432634178630851,2.8248925090243775,0.16925615721582865,16.85913268406736,2262.155626,0.5101648761998469,7.005564970128677,19856921,68740021,1843273266,1.0278599937910529,4.586071136306896,204,0,0,68.0,68,68,59.86531171905037,0.1762045465031033,0.8240481296750808
6,0,0.008238509792367288,6.6992910446864355,104,0.9788470407736577,-0.06332419083844198,0.06674309185862634,2.719353387457135,0.06371703564858633,15.170509631007102,2262.162052,0.5101663254014212,7.005591580612024,101179854,229073,1830461281,5.237404333945814,5.24926191107762,204,0,0,104.0,104,104,86.8334609885621,0.06633277959078739,0.8240504705101764
6,0,0.00043258236427819435,7.39741310772172,169,0.9835826804139742,-0.037874526593534255,0.04353907639951491,2.677862421733668,0.02222606992511933,14.553949815111412,2503.66174,0.5646297128955323,8.005657473237457,63392938,134223,1868343047,3.2814284177832302,3.2883762447875586,204,0,0,169.0,169,169,134.27141604190695,0.023138505778008193,0.9120229176425628
6,0,0.0006049905113303892,8.840186890104919,458,0.9988832393152698,-0.012705165474050128,0.012705165474050128,2.6577551058576816,0.002118754049132754,14.264231439511741,2745.2159215,0.6191053898490254,9.005949026985565,19816741,81206,1911972261,1.0257801439215528,1.0299836354223648,204,0,0,457.0,457,457,309.8667429594387,0.0022057342109155303,1.000015215428122
6,0,0.002136145781293574,8.444648241685547,348,0.9971826426060968,-0.02267547139406055,0.012705165474050128,2.6600474370183975,0.004411085209848675,14.296967288092105,2745.1906765,0.6190996965571265,9.005844485800983,27580033,209493,1904080682,1.4276338485778854,1.4384779000639778,204,0,0,347.0,347,347,247.0665444180123,0.00459217130870347,1.000006019290246
6,0,0.0008569733298097948,8.727154858124994,424,0.9991410918579327,-0.012702587324349125,0.013373591628841533,2.659050498407063,0.003414146598514023,14.282721191799263,2745.2081185,0.6191036301042566,9.005916714255784,20334423,104061,1911431724,1.0525770787185305,1.0579636207113143,204,0,0,423.0,423,423,290.73389141195696,0.003554305869766115,1.000012372985506
6,0,0.1734186143885254,7.568420714113126,190,0.980187678068896,-0.033176523298833145,0.033176523298833145,2.67245557195219,0.01681922014364101,14.475471147105592,2503.666024,0.5646306790299152,8.00567521355969,51678105,148091,1880044012,2.6750298641180765,2.6826955447309224,204,0,0,190.0,190,190,148.59147473327567,0.017509691267343565,0.9120244781992933
6,0,0.11318807800100666,5.598581437364096,48,0.9479501061512919,-0.020578806750104834,0.002274631427865762,3.299126353447881,0.6434900016393321,27.088962401106784,2020.667056,0.4557039960544912,6.0055451178633215,17814638,107921745,1806133825,0.9221446620082667,6.508531602139599,204,0,0,48.0,48,48,43.52544844530949,0.6699068783273545,0.736079732558971
6,0,0.05893350430177859,5.7302907072613305,53,0.9896150582253356,-0.04619277766318423,0.05780210842247116,3.0632405376574092,0.4076041858488604,21.396782016446792,2020.667821,0.45570416857848817,6.005548285778006,80937624,35221668,1815710916,4.189599470235218,6.012789654241617,204,0,0,53.0,53,53,47.00015468810073,0.42433735883936513,0.7360800112298157
6,0,0.0020122562367228996,7.483874820733011,179,0.9742376165708433,-0.03277545774144383,0.03560009685039461,2.676762909323166,0.02112655751461734,14.53795636077988,2503.66378,0.5646301729595242,8.005665921009948,53250119,165416,1878454673,2.756402515007882,2.764964994998256,204,0,0,179.0,179,179,142.33371029171474,0.0219938556284719,0.9120236607648154
6,0,0.01448210004247633,6.188647703940861,73,0.989253560534479,-0.011357513803176778,0.05505996866409569,2.799900399689332,0.14426404788078306,16.443008960734385,2262.1565185,0.5101650774778433,7.005568666029141,51704386,34965626,1845200196,2.676390255716392,4.486326857834126,204,0,0,73.0,73,73,63.02280973663975,0.15018644846769635,0.8240484547910663
6,0,0.02748004131765381,5.900940619080016,60,0.9992000559874556,-0.050443874248007343,0.05794562022191533,2.9542560773065865,0.2986197254980376,19.187443434549962,2020.668739,0.4557043756072845,6.005552087275627,84351989,20995144,1826523075,4.366338310446165,5.453116496323132,204,0,0,59.0,59,59,51.4864880694925,0.3108788133548746,0.7360803456348294
6,0,0.04139072369426242,5.913928215212639,60,0.970870036009827,-0.0714499804969751,0.0053297416060965825,2.9155848996489,0.2599485478403514,18.45960626299873,2020.668892,0.45570441011208385,6.005552720858564,59733308,48306004,1823830896,3.0919938488952567,5.5924725974137495,204,0,0,60.0,60,60,52.73591287004998,0.2706200869723268,0.7360804013689983
6,0,0.004622056732281742,7.231172161000454,150,0.9896026630651601,-0.014537718855868045,0.039908892401253615,2.6807469627481004,0.02511061093955158,14.595991887164487,2503.657864,0.5646288387739479,8.005641422469724,42406215,9230165,1880233828,2.195086130755219,2.672870039931792,204,0,0,150.0,150,150,119.58046484525183,0.02614146442765727,0.9120215057102828
6,0,0.04905524696692613,5.666563544020339,51,0.9496671419883218,-0.07597006596408916,0.05192669233387372,3.1418541804370963,0.48621782862854745,23.146745336605704,2020.667515,0.45570409956888935,6.005547018612132,99487146,20147212,1812235850,5.149784161897485,6.192670579244214,204,0,0,51.0,51,51,46.682461373029604,0.5061782886041127,0.7360798997614778
6,0,0.00513510527832633,6.643823557282648,100,0.9560889123643449,-0.00680060636854284,0.012432634178630851,2.7209574779068837,0.06532112609833485,15.194864028730212,2262.161338,0.5101661643790241,7.0055886238916525,15004973,44648316,1872216919,0.7767070964634908,3.0878518004455917,204,0,0,100.0,100,100,85.36262795559401,0.06800272197218907,0.824050210417388
6,0,0.046317061323990716,5.713271016550379,52,0.9506985948713704,-0.06407840980352159,0.03192585956141486,3.1106188223894247,0.4549824705808758,22.434923338871737,2020.667668,0.45570413407368876,6.0055476521950695,74717741,41517645,1815634822,3.867637726933672,6.016728531692332,204,0,0,52.0,52,52,46.84160389033064,0.4736606408553588,0.7360799554956468
6,0,0.005292554311568903,6.316858384192603,80,0.9791655705518957,-0.03192585956141486,0.03192585956141486,2.7688394666708094,0.11320311486226053,15.940124225825386,2262.157768,0.5101653592670383,7.0055738402897925,49733880,26969235,1855167093,2.5743903391671332,3.9704072604032827,204,0,0,80.0,80,80,68.34227370482506,0.11785038633252107,0.8240489099534459
6,0,0.022203952578115173,5.519362565715423,46,0.9643956094518283,-0.0049247292181199,0.03264478632574076,3.4441021694226213,0.7884658176140724,31.315155117522032,2020.66675,0.45570392704489243,6.005543850697448,29268729,104441796,1798159683,1.5150463462191348,6.921299601096183,204,0,0,46.0,46,46,41.31154183487121,0.8208343147524413,0.7360796210906332
6,0,0.08541570531864677,5.553383309811856,47,0.968489642166758,-0.0773358568813281,0.043248828032817564,3.406415554506929,0.7507792026983799,30.15695433662523,2020.666903,0.45570396154969184,6.005544484280385,93801692,36027352,1802041164,4.8554862335762055,6.720381289714469,204,0,0,47.0,47,47,42.71767769607843,0.7816005698790486,0.736079676824802
6,0,0.0017021616171505364,7.286924025217073,156,0.9935380536513516,-0.02933873069582877,0.0032896610082907077,2.6785369709054025,0.022900619096853703,14.563770481793567,2503.659088,0.564629114812343,8.005646491133218,25422241,17503081,1888944886,1.315939388408437,2.2219568282715607,204,0,0,156.0,156,156,123.4193474264706,0.023840746883174817,0.9120219515836344
6,0,0.0025393052478245317,7.5033399738113,181,0.982276161327083,-0.033176523298833145,0.033176523298833145,2.6743933170320466,0.01875696522349779,14.503548114316628,2503.664188,0.5646302649723226,8.005667610564446,51678105,175884,1880016219,2.6750298641180765,2.6841342024567316,204,0,0,181.0,181,181,142.77698331170703,0.019526985637316727,0.9120238093892661
6,0,0.007875313669154529,6.356599770215489,82,0.980342507017974,-0.04946800393155154,0.04255094980580053,2.7663387378716853,0.11070238606313643,15.900312098526467,2262.158125,0.5101654397782369,7.005575318649979,71632532,6134069,1854103607,3.70793709139284,4.025456817852641,204,0,0,82.0,82,82,69.84325139369473,0.11524699635117447,0.8240490399998401
6,0,0.17730583462705027,6.889878283469513,119,0.9969015207498575,-0.008337511905834536,0.017604230730229972,2.694985951105443,0.03934959929689397,14.805310753576983,2262.1647295,0.5101669292354104,7.005602668313419,20231032,31424256,1880214920,1.0472252181446757,2.673848780631954,204,0,0,119.0,119,119,97.30679155853518,0.04096499892967919,0.824051445858133
6,0,0.018301052011192004,6.288742508359915,78,0.9972303699463836,-0.02399980670031849,0.008376218652069382,2.7753207510019666,0.11968439919341778,16.04377222645955,2262.1572325,0.5101652385002404,7.005571622749513,25234610,54931087,1851704511,1.306226986445665,4.149641972220941,204,0,0,77.0,77,77,65.73587232074202,0.12459774362288516,0.8240487148838547
6,0,0.14129302286015522,5.996862679121341,64,0.9706925403260156,-0.0126977341047412,0.06841251502005001,2.8633778660135496,0.20774151420500075,17.520609365049882,2020.669504,0.4557045481312814,6.005555255190312,63110372,39024620,1829735216,3.2668018658114737,5.286845440084554,204,0,0,64.0,64,64,56.00509269271434,0.21626982381316223,0.7360806243056741
6,0,0.05951506437137584,5.781563590741548,55,0.9512315095056789,-0.05193835392675097,0.02404247719360325,3.0105914557102427,0.3549551039016938,20.299402572940053,2020.668127,0.4557042375880869,6.005549552943879,59159535,48383791,1824326882,3.062293458174184,5.566798719430327,204,0,0,55.0,55,55,50.00828707708574,0.3695269001777311,0.7360801226981536
6,0,0.030759273701465032,6.006281237607353,64,0.9915467711206483,-0.03977808790381155,0.05774802872141364,2.884004271432255,0.22836791962370606,17.885749374328785,2020.669351,0.455704513626482,6.0055546216073745,75910333,22542536,1833417339,3.9293702385207028,5.096246559023493,204,0,0,63.0,63,63,54.9977998245867,0.23774299484916533,0.7360805685715052
6,0,0.01614828226645784,6.443531910033154,87,0.9816082140419141,-0.01791545485537656,0.0026235885090504403,2.745528971677183,0.08989261986863406,15.572849350080363,2262.1590175,0.5101656410562333,7.0055790145504435,16013231,53741907,1862115070,0.8288978697268673,3.610756960335091,204,0,0,87.0,87,87,74.34728079344482,0.09358293712015829,0.8240493651158257
6,0,0.014358425734095794,6.7181489858363515,105,0.9972487294767167,-0.0056461055646010285,0.020072710157967185,2.70697529116781,0.05133893935926137,14.983885013615128,2262.1622305,0.5101663656570204,7.005592319792117,20054051,38568188,1873247969,1.0380640954529383,3.034481237778889,204,0,0,105.0,105,105,86.96620290272972,0.053446531438225184,0.8240505355333736
6,0,0.03319157322711126,5.840430550195589,57,0.9988832393152698,-0.01149344141083929,0.012705165474050128,2.962226267611043,0.30658991580249406,19.340982063444397,2020.668433,0.4557043065976857,6.005550820109754,18873950,90021715,1822974543,0.976978159394029,5.636800264792944,204,0,0,57.0,57,57,49.8959474721261,0.3191761999388638,0.7360802341664915
6,0,0.014478404015823093,6.523392993550434,92,0.9958773720877263,-0.01750403138145462,0.013488595996928707,2.7280664895881834,0.07243013777963458,15.303269365459663,2262.1597315,0.5101658020786305,7.005581971270815,24165511,43466377,1864238320,1.250886881526981,3.5008505084830213,204,0,0,91.0,91,91,76.54543625048059,0.07540357639304991,0.824049625208614
6,0,inf,5.505067348355028,45,0.9656713726246586,-0.07145052468874452,0.0011938742971826068,3.506253174007026,0.8506168221984773,33.32317743701592,2020.666597,0.455703892540093,6.005543217114512,56504482,77435519,1797930207,2.924859121798725,6.933178038842659,204,0,0,45.0,45,45,41.108538482795076,0.885536773780521,0.7360795653564641
6,0,0.036617652674886876,5.519362565715423,46,0.9643956094518283,-0.013555217895462672,0.0012075289904233052,3.4441021694226213,0.7884658176140724,31.315155117522032,2020.66675,0.45570392704489243,6.005543850697448,11510843,122199682,1798159683,0.5958393556840854,6.921299601096183,204,0,0,46.0,46,46,41.31154183487121,0.8208343147524413,0.7360796210906332
6,0,0.17143049943887717,7.024244421359714,130,0.982276161327083,-0.002342221720612419,0.03191958842727,2.6888859389640087,0.03324958715545989,14.715273072887934,2503.653784,0.5646279186459642,8.005624526924741,26690257,22405504,1882774447,1.3815760960272545,2.541359186382774,204,0,0,130.0,130,130,105.88353337658593,0.03461456600761888,0.9120200194657777
6,0,inf,8.914917544230004,483,0.9975907246719704,-0.005797908375803752,0.009008741550810287,2.6576026018270356,0.001966250018486715,14.26205625258975,2745.2218885,0.6191067355362015,9.005973736720101,11552336,1960907,1918356965,0.5979871707820239,0.6994902113009861,204,0,0,483.0,483,483,324.6301828022876,0.0020469695077466247,1.000017389060711
6,0,0.01226111914375816,6.399396838815453,84,0.9808716189144371,-0.04975847308856711,0.01313011909311311,2.755473524055425,0.09983717224687627,15.728486956651071,2262.158482,0.5101655202894354,7.005576797010164,48972436,27504657,1855393115,2.534975475950815,3.958707613135882,204,0,0,84.0,84,84,71.36501285563244,0.1039357382873861,0.8240491700462343
6,0,0.0014789115691830835,7.053535739892508,133,0.9894830652016622,-0.035765257859323385,0.0056202557240929,2.6868666018517238,0.031230250043174923,14.685587958068766,2503.654396,0.5646280566651617,8.005627061256488,32242361,18829850,1880797997,1.6689713867154372,2.643666784057576,204,0,0,133.0,133,133,108.09352022058823,0.0325123300478757,0.9120202424024535
6,0,0.18931881364076428,6.019575074195444,65,0.9983788493602563,-0.0455011859996457,0.011635222709061178,2.843439354684566,0.18780300287601737,17.174734074254157,2190.7853185,0.49406933278470855,6.710015891502375,44499470,50660226,1836710512,2.3034399420688203,4.925781018100363,0,204,0,65.0,65,65,56.29031652489427,0.1955127866426294,0.79804966708756
6,0,0.0036079048739598896,7.133242818757271,140,0.9936405881302085,-0.00676909958682067,0.018112571751642215,2.6863779311187104,0.030741579310161526,14.678413294203464,2503.65562,0.5646283327035568,8.005632129919983,19403696,24631968,1887834544,1.0043995667849752,2.2794318074602247,204,0,0,139.0,139,139,112.02670847750865,0.03200359815701653,0.9120206882758051
6,0,0.0030101908947851395,6.188647703940861,73,0.989253560534479,-0.012943134309118372,0.05505996866409569,2.799900399689332,0.14426404788078306,16.443008960734385,2262.1565185,0.5101650774778433,7.005568666029141,52938805,33731207,1845200196,2.7402878713475145,4.486326857834126,204,0,0,73.0,73,73,63.02280973663975,0.15018644846769635,0.8240484547910663
6,0,0.01472523292488671,6.104829070178258,69,0.9899042652213559,-0.013028519070059565,0.012432634178630851,2.8050087638523267,0.14937241204377782,16.527220747549972,2262.1558045,0.5101649164554461,7.00556570930877,19856921,69056556,1842956731,1.0278599937910529,4.60245603621835,204,0,0,69.0,69,69,59.84182916426374,0.1555045237774495,0.8240481946982778
6,0,0.04268413817393823,5.640976170690971,50,0.9511388764236434,-0.002195983115443963,0.0016289502386101385,3.193879990794336,0.538243638985787,24.382849377646206,2020.667362,0.45570406506409,6.005546385029196,2987217,117939621,1810943370,0.15462824508757061,6.259573624523744,204,0,0,50.0,50,50,45.131041846885815,0.5603398888155853,0.7360798440273089
6,0,0.17244472665007873,8.080691576910828,271,0.9971826426060968,-0.012705165474050128,0.012705165474050128,2.662922237230384,0.007285885421834948,14.338127347809683,2745.1732345,0.6190957630099962,9.005772257346184,19816741,2920782,1909132685,1.0257801439215528,1.176969493387415,204,0,0,271.0,271,271,200.08112865244138,0.00758498927156275,0.9999996655949862
6,0,0.0007685919384550914,8.814697390863252,450,0.9988832393152698,-0.012140653163400916,0.012705165474050128,2.6586203134869386,0.0029839616783897682,14.276578301908243,2745.2140855,0.6191049757914328,9.005941423990322,19377442,94148,1912398618,1.003040572796079,1.0079139850786498,204,0,0,449.0,449,449,305.4011978565936,0.0031064607809383553,1.0000145466180945
7,0,0.0017057842267408187,8.10573675877588,275,0.9971826426060968,-0.012705165474050128,0.012705165474050128,2.6626363976967293,0.007000045888180484,14.334029529862194,2745.1741525,0.6190959700387926,9.005776058843804,19816741,2641389,1909412078,1.0257801439215528,1.1625071864041086,204,0,0,275.0,275,275,202.61769812091504,0.007287415308944549,1.0
7,0,0.0006492081896737635,7.416128676084227,171,0.9867738953776011,-0.04353907639951491,0.04353907639951491,2.6778063324526222,0.022169980644073384,14.553133517422893,2503.662148,0.5646298049083307,8.005659162791956,67794100,106855,1863969253,3.5092471388222783,3.514778307508327,204,0,0,171.0,171,171,135.31150278738946,0.023080113891456124,0.9120230662670133
7,0,0.06200827791354928,5.6266377841813,49,0.9506714558173919,-0.07597006596408916,0.033216660224625924,3.214301658596827,0.5586653067882783,24.885906982362783,2020.667209,0.4557040305592906,6.005545751446259,84944521,38315444,1808610243,4.397009729133936,6.380344004973651,204,0,0,49.0,49,49,44.94948156958862,0.5815999172433044,0.7360797882931399
7,0,0.008238509792367288,6.6992910446864355,104,0.9788470407736577,-0.06332419083844198,0.06674309185862634,2.719353387457135,0.06371703564858633,15.170509631007102,2262.162052,0.5101663254014212,7.005591580612024,101179854,229073,1830461281,5.237404333945814,5.24926191107762,204,0,0,104.0,104,104,86.8334609885621,0.06633277959078739,0.8240504705101764
7,0,0.00043258236427819435,7.39741310772172,169,0.9835826804139742,-0.037874526593534255,0.04353907639951491,2.677862421733668,0.02222606992511933,14.553949815111412,2503.66174,0.5646297128955323,8.005657473237457,63392938,134223,1868343047,3.2814284177832302,3.2883762447875586,204,0,0,169.0,169,169,134.27141604190695,0.023138505778008193,0.9120229176425628
7,0,0.0005091024597609,8.840186890104919,458,0.9988832393152698,-0.012705165474050128,0.012705165474050128,2.6577551058576816,0.002118754049132754,14.264231439511741,2745.2159215,0.6191053898490254,9.005949026985565,19816741,81206,1911972261,1.0257801439215528,1.0299836354223648,204,0,0,457.0,457,457,309.8667429594387,0.0022057342109155303,1.000015215428122
7,0,0.002136145781293574,8.444648241685547,348,0.9971826426060968,-0.02267547139406055,0.012705165474050128,2.6600474370183975,0.004411085209848675,14.296967288092105,2745.1906765,0.6190996965571265,9.005844485800983,27580033,209493,1904080682,1.4276338485778854,1.4384779000639778,204,0,0,347.0,347,347,247.0665444180123,0.00459217130870347,1.000006019290246
7,0,0.000952861381379284,8.727154858124994,424,0.9991410918579327,-0.012702587324349125,0.013373591628841533,2.659050498407063,0.003414146598514023,14.282721191799263,2745.2081185,0.6191036301042566,9.005916714255784,20334423,104061,1911431724,1.0525770787185305,1.0579636207113143,204,0,0,423.0,423,423,290.73389141195696,0.003554305869766115,1.000012372985506
7,0,0.1734186143885254,7.568420714113126,190,0.980187678068896,-0.033176523298833145,0.033176523298833145,2.67245557195219,0.01681922014364101,14.475471147105592,2503.666024,0.5646306790299152,8.00567521355969,51678105,148091,1880044012,2.6750298641180765,2.6826955447309224,204,0,0,190.0,190,190,148.59147473327567,0.017509691267343565,0.9120244781992933
7,0,0.049976325260474914,5.598581437364096,48,0.9479501061512919,-0.020578806750104834,0.002274631427865762,3.299126353447881,0.6434900016393321,27.088962401106784,2020.667056,0.4557039960544912,6.0055451178633215,17814638,107921745,1806133825,0.9221446620082667,6.508531602139599,204,0,0,48.0,48,48,43.52544844530949,0.6699068783273545,0.736079732558971
7,0,0.05484418229241722,5.7302907072613305,53,0.9896150582253356,-0.04619277766318423,0.05780210842247116,3.0632405376574092,0.4076041858488604,21.396782016446792,2020.667821,0.45570416857848817,6.005548285778006,80937624,35221668,1815710916,4.189599470235218,6.012789654241617,204,0,0,53.0,53,53,47.00015468810073,0.42433735883936513,0.7360800112298157
7,0,0.0020122562367228996,7.483874820733011,179,0.9742376165708433,-0.03277545774144383,0.03560009685039461,2.676762909323166,0.02112655751461734,14.53795636077988,2503.66378,0.5646301729595242,8.005665921009948,53250119,165416,1878454673,2.756402515007882,2.764964994998256,204,0,0,179.0,179,179,142.33371029171474,0.0219938556284719,0.9120236607648154
7,0,0.01448210004247633,6.188647703940861,73,0.989253560534479,-0.011357513803176778,0.05505996866409569,2.799900399689332,0.14426404788078306,16.443008960734385,2262.1565185,0.5101650774778433,7.005568666029141,51704386,34965626,1845200196,2.676390255716392,4.486326857834126,204,0,0,73.0,73,73,63.02280973663975,0.15018644846769635,0.8240484547910663
7,0,0.030031742019081462,5.900940619080016,60,0.9992000559874556,-0.050443874248007343,0.05794562022191533,2.9542560773065865,0.2986197254980376,19.187443434549962,2020.668739,0.4557043756072845,6.005552087275627,84351989,20995144,1826523075,4.366338310446165,5.453116496323132,204,0,0,59.0,59,59,51.4864880694925,0.3108788133548746,0.7360803456348294
7,0,0.004622056732281742,7.231172161000454,150,0.9896026630651601,-0.014537718855868045,0.039908892401253615,2.6807469627481004,0.02511061093955158,14.595991887164487,2503.657864,0.5646288387739479,8.005641422469724,42406215,9230165,1880233828,2.195086130755219,2.672870039931792,204,0,0,150.0,150,150,119.58046484525183,0.02614146442765727,0.9120215057102828
7,0,0.053144568976287505,5.666563544020339,51,0.9496671419883218,-0.07597006596408916,0.05192669233387372,3.1418541804370963,0.48621782862854745,23.146745336605704,2020.667515,0.45570409956888935,6.005547018612132,99487146,20147212,1812235850,5.149784161897485,6.192670579244214,204,0,0,51.0,51,51,46.682461373029604,0.5061782886041127,0.7360798997614778
7,0,0.00513510527832633,6.643823557282648,100,0.9560889123643449,-0.00680060636854284,0.012432634178630851,2.7209574779068837,0.06532112609833485,15.194864028730212,2262.161338,0.5101661643790241,7.0055886238916525,15004973,44648316,1872216919,0.7767070964634908,3.0878518004455917,204,0,0,100.0,100,100,85.36262795559401,0.06800272197218907,0.824050210417388
7,0,0.005292554311568903,6.316858384192603,80,0.9791655705518957,-0.03192585956141486,0.03192585956141486,2.7688394666708094,0.11320311486226053,15.940124225825386,2262.157768,0.5101653592670383,7.0055738402897925,49733880,26969235,1855167093,2.5743903391671332,3.9704072604032827,204,0,0,80.0,80,80,68.34227370482506,0.11785038633252107,0.8240489099534459
7,0,0.045201478290711236,5.519362565715423,46,0.9643956094518283,-0.0049247292181199,0.03264478632574076,3.4441021694226213,0.7884658176140724,31.315155117522032,2020.66675,0.45570392704489243,6.005543850697448,29268729,104441796,1798159683,1.5150463462191348,6.921299601096183,204,0,0,46.0,46,46,41.31154183487121,0.8208343147524413,0.7360796210906332
7,0,0.0017021616171505364,7.286924025217073,156,0.9935380536513516,-0.02933873069582877,0.0032896610082907077,2.6785369709054025,0.022900619096853703,14.563770481793567,2503.659088,0.564629114812343,8.005646491133218,25422241,17503081,1888944886,1.315939388408437,2.2219568282715607,204,0,0,156.0,156,156,123.4193474264706,0.023840746883174817,0.9120219515836344
7,0,0.0025393052478245317,7.5033399738113,181,0.982276161327083,-0.033176523298833145,0.033176523298833145,2.6743933170320466,0.01875696522349779,14.503548114316628,2503.664188,0.5646302649723226,8.005667610564446,51678105,175884,1880016219,2.6750298641180765,2.6841342024567316,204,0,0,181.0,181,181,142.77698331170703,0.019526985637316727,0.9120238093892661
7,0,0.007875313669154529,6.356599770215489,82,0.980342507017974,-0.04946800393155154,0.04255094980580053,2.7663387378716853,0.11070238606313643,15.900312098526467,2262.158125,0.5101654397782369,7.005575318649979,71632532,6134069,1854103607,3.70793709139284,4.025456817852641,204,0,0,82.0,82,82,69.84325139369473,0.11524699635117447,0.8240490399998401
7,0,0.018301052011192004,6.288742508359915,78,0.9972303699463836,-0.02399980670031849,0.008376218652069382,2.7753207510019666,0.11968439919341778,16.04377222645955,2262.1572325,0.5101652385002404,7.005571622749513,25234610,54931087,1851704511,1.306226986445665,4.149641972220941,204,0,0,77.0,77,77,65.73587232074202,0.12459774362288516,0.8240487148838547
7,0,0.14129302286015522,5.996862679121341,64,0.9706925403260156,-0.0126977341047412,0.06841251502005001,2.8633778660135496,0.20774151420500075,17.520609365049882,2020.669504,0.4557045481312814,6.005555255190312,63110372,39024620,1829735216,3.2668018658114737,5.286845440084554,204,0,0,64.0,64,64,56.00509269271434,0.21626982381316223,0.7360806243056741
7,0,0.0604506665518363,5.781563590741548,55,0.9512315095056789,-0.05193835392675097,0.02404247719360325,3.0105914557102427,0.3549551039016938,20.299402572940053,2020.668127,0.4557042375880869,6.005549552943879,59159535,48383791,1824326882,3.062293458174184,5.566798719430327,204,0,0,55.0,55,55,50.00828707708574,0.3695269001777311,0.7360801226981536
7,0,0.014956414983884354,6.006281237607353,64,0.9915467711206483,-0.03977808790381155,0.05774802872141364,2.884004271432255,0.22836791962370606,17.885749374328785,2020.669351,0.455704513626482,6.0055546216073745,75910333,22542536,1833417339,3.9293702385207028,5.096246559023493,204,0,0,63.0,63,63,54.9977998245867,0.23774299484916533,0.7360805685715052
7,0,0.012277650797766692,6.443531910033154,87,0.9816082140419141,-0.01791545485537656,0.0026235885090504403,2.745528971677183,0.08989261986863406,15.572849350080363,2262.1590175,0.5101656410562333,7.0055790145504435,16013231,53741907,1862115070,0.8288978697268673,3.610756960335091,204,0,0,87.0,87,87,74.34728079344482,0.09358293712015829,0.8240493651158257
7,0,0.010410821983723484,6.7181489858363515,105,0.9972487294767167,-0.0056461055646010285,0.020072710157967185,2.70697529116781,0.05133893935926137,14.983885013615128,2262.1622305,0.5101663656570204,7.005592319792117,20054051,38568188,1873247969,1.0380640954529383,3.034481237778889,204,0,0,105.0,105,105,86.96620290272972,0.053446531438225184,0.8240505355333736
7,0,0.004935415949983948,6.523392993550434,92,0.9958773720877263,-0.01750403138145462,0.013488595996928707,2.7280664895881834,0.07243013777963458,15.303269365459663,2262.1597315,0.5101658020786305,7.005581971270815,24165511,43466377,1864238320,1.250886881526981,3.5008505084830213,204,0,0,91.0,91,91,76.54543625048059,0.07540357639304991,0.824049625208614
7,0,inf,5.505067348355028,45,0.9656713726246586,-0.07145052468874452,0.0011938742971826068,3.506253174007026,0.8506168221984773,33.32317743701592,2020.666597,0.455703892540093,6.005543217114512,56504482,77435519,1797930207,2.924859121798725,6.933178038842659,204,0,0,45.0,45,45,41.108538482795076,0.885536773780521,0.7360795653564641
7,0,0.036617652674886876,5.519362565715423,46,0.9643956094518283,-0.013555217895462672,0.0012075289904233052,3.4441021694226213,0.7884658176140724,31.315155117522032,2020.66675,0.45570392704489243,6.005543850697448,11510843,122199682,1798159683,0.5958393556840854,6.921299601096183,204,0,0,46.0,46,46,41.31154183487121,0.8208343147524413,0.7360796210906332
7,0,0.16958216374981464,7.024244421359714,130,0.982276161327083,-0.002342221720612419,0.03191958842727,2.6888859389640087,0.03324958715545989,14.715273072887934,2503.653784,0.5646279186459642,8.005624526924741,26690257,22405504,1882774447,1.3815760960272545,2.541359186382774,204,0,0,130.0,130,130,105.88353337658593,0.03461456600761888,0.9120200194657777
7,0,inf,8.914917544230004,483,0.9975907246719704,-0.005797908375803752,0.009008741550810287,2.6576026018270356,0.001966250018486715,14.26205625258975,2745.2218885,0.6191067355362015,9.005973736720101,11552336,1960907,1918356965,0.5979871707820239,0.6994902113009861,204,0,0,483.0,483,483,324.6301828022876,0.0020469695077466247,1.000017389060711
7,0,0.0031248682645344515,6.399396838815453,84,0.9808716189144371,-0.04975847308856711,0.01313011909311311,2.755473524055425,0.09983717224687627,15.728486956651071,2262.158482,0.5101655202894354,7.005576797010164,48972436,27504657,1855393115,2.534975475950815,3.958707613135882,204,0,0,84.0,84,84,71.36501285563244,0.1039357382873861,0.8240491700462343
7,0,0.0014789115691830835,7.053535739892508,133,0.9894830652016622,-0.035765257859323385,0.0056202557240929,2.6868666018517238,0.031230250043174923,14.685587958068766,2503.654396,0.5646280566651617,8.005627061256488,32242361,18829850,1880797997,1.6689713867154372,2.643666784057576,204,0,0,133.0,133,133,108.09352022058823,0.0325123300478757,0.9120202424024535
7,0,0.13001357442109351,6.019575074195444,65,0.9983788493602563,-0.0455011859996457,0.011635222709061178,2.843439354684566,0.18780300287601737,17.174734074254157,2190.7853185,0.49406933278470855,6.710015891502375,44499470,50660226,1836710512,2.3034399420688203,4.925781018100363,0,204,0,65.0,65,65,56.29031652489427,0.1955127866426294,0.79804966708756
7,0,0.0036079048739598896,7.133242818757271,140,0.9936405881302085,-0.00676909958682067,0.018112571751642215,2.6863779311187104,0.030741579310161526,14.678413294203464,2503.65562,0.5646283327035568,8.005632129919983,19403696,24631968,1887834544,1.0043995667849752,2.2794318074602247,204,0,0,139.0,139,139,112.02670847750865,0.03200359815701653,0.9120206882758051
7,0,0.0030101908947851395,6.188647703940861,73,0.989253560534479,-0.012943134309118372,0.05505996866409569,2.799900399689332,0.14426404788078306,16.443008960734385,2262.1565185,0.5101650774778433,7.005568666029141,52938805,33731207,1845200196,2.7402878713475145,4.486326857834126,204,0,0,73.0,73,73,63.02280973663975,0.15018644846769635,0.8240484547910663
7,0,0.012986003693778484,6.104829070178258,69,0.9899042652213559,-0.013028519070059565,0.012432634178630851,2.8050087638523267,0.14937241204377782,16.527220747549972,2262.1558045,0.5101649164554461,7.00556570930877,19856921,69056556,1842956731,1.0278599937910529,4.60245603621835,204,0,0,69.0,69,69,59.84182916426374,0.1555045237774495,0.8240481946982778
7,0,0.04268413817393823,5.640976170690971,50,0.9511388764236434,-0.002195983115443963,0.0016289502386101385,3.193879990794336,0.538243638985787,24.382849377646206,2020.667362,0.45570406506409,6.005546385029196,2987217,117939621,1810943370,0.15462824508757061,6.259573624523744,204,0,0,50.0,50,50,45.131041846885815,0.5603398888155853,0.7360798440273089
7,0,0.17244472665007873,8.080691576910828,271,0.9971826426060968,-0.012705165474050128,0.012705165474050128,2.662922237230384,0.007285885421834948,14.338127347809683,2745.1732345,0.6190957630099962,9.005772257346184,19816741,2920782,1909132685,1.0257801439215528,1.176969493387415,204,0,0,271.0,271,271,200.08112865244138,0.00758498927156275,0.9999996655949862
7,0,0.03319157322711126,5.821758798510462,57,0.9983788493602563,-0.0455011859996457,0.011306094428484192,2.9606382689594817,0.30500191715093283,19.310292983565667,2020.668433,0.4557043065976857,6.005550820109754,44242865,64597593,1823029750,2.290157217435593,5.6339425676365105,204,0,0,57.0,57,57,49.915409638119954,0.3175230099642794,0.7360802341664915
7,0,0.004686093912474616,6.887781501334055,118,0.9969015207498575,-0.009959779063462262,0.017604230730229972,2.699090975345375,0.043454623536826276,14.866211827771604,2262.1643725,0.5101668487242119,7.005601189953233,21493632,31064736,1879311840,1.1125815756665989,2.7205951922832283,204,0,0,117.0,117,117,95.84283238417916,0.045238544698883706,0.8240513158117387
7,0,0.0007685919384550913,8.779648794626626,439,0.9961571018979494,-0.012045389864119927,0.007463437482281543,2.6584548745204253,0.0028185227118764367,14.274216594913199,2745.2117905,0.6191044582194419,9.005931920246269,15216692,1208559,1915444957,0.7876663730817262,0.8502253894688147,204,0,0,439.0,439,439,300.45783923250673,0.0029342301303792065,1.0000137106055604
7,0,0.004646685540182177,6.774362403819144,109,0.9996013830524046,-0.0056461055646010285,0.033053606266373964,2.701684132749765,0.04604778094121631,14.90481228194418,2262.1629445,0.5101665266794176,7.005595276512489,30148422,26799301,1874922485,1.5605821692965411,2.9478027438994494,204,0,0,109.0,109,109,89.75946450884275,0.047938157711301665,0.8240507956261619
7,0,0.004267141802112756,6.889878283469513,119,0.9974963128387027,-0.008337511905834536,0.017604230730229972,2.693732510908208,0.03809615909965913,14.786764807491203,2262.1647295,0.5101669292354104,7.005602668313419,20231032,31455587,1880183589,1.0472252181446757,2.6754705769550333,204,0,0,119.0,119,119,97.25967025903499,0.03966010187213292,0.824051445858133
7,0,0.0058594078174571745,6.415442858938489,85,0.989253560534479,-0.011357513803176778,0.050554336865526454,2.7501700997177894,0.09453374790924052,15.64529291777127,2262.1586605,0.5101655605450347,7.005577536190257,48203164,28053045,1855613999,2.4951554095294584,3.947273925764686,204,0,0,85.0,85,85,72.35661914888504,0.09841459509414317,0.8240492350694315
7,0,0.04021422702793569,5.598581437364096,48,0.9479501061512919,-0.020346859865163998,0.003350606300167561,3.299126353447881,0.6434900016393321,27.088962401106784,2020.667056,0.4557039960544912,6.0055451178633215,18473670,107262713,1806133825,0.9562583409330158,6.508531602139599,204,0,0,48.0,48,48,43.52544844530949,0.6699068783273545,0.736079732558971
7,0,0.038586886755648926,5.913928215212639,60,0.970870036009827,-0.02288186069823455,0.005350422230414585,2.9096658964767417,0.25402954466819283,18.350666520367174,2020.668892,0.45570441011208385,6.005552720858564,22006368,80199359,1829664481,1.1391224891232445,5.29050691794715,204,0,0,60.0,60,60,52.73591287004998,0.2644580938912084,0.7360804013689983
7,0,0.06191759805698814,6.019575074195444,65,0.9987905053552086,-0.012790874935943438,0.010953550670434239,2.841957442633513,0.18632109082496395,17.14930147794566,2190.78536275,0.49406934276403774,6.7100160747445,18517404,76642233,1836710571,0.9585221576127748,4.925777964064965,0,204,0,65.0,65,65,56.27304852700884,0.19397003838928,0.798049683206756
7,0,0.16950185281171556,6.990405652461317,127,0.985046327585631,-0.01256711257172478,0.03191958842727,2.691850441400167,0.036214089591618315,14.75896126063544,2262.1661575,0.5101672512802047,7.005608581754163,34659842,15082373,1882127993,1.79410820957181,2.5748217863712717,204,0,0,127.0,127,127,104.12465157631681,0.037700768695681494,0.8240519660437098
7,0,0.07102028124977264,6.081950862016777,68,0.9868024815605893,-0.047044512143256334,0.011686639259533508,2.8219403041882463,0.16630395237969742,16.809434466778644,2262.1554475,0.5101648359442476,7.0055642309485835,45739455,45591703,1840539050,2.3676256722936118,4.72760321173709,204,0,0,67.0,67,67,58.39751688052672,0.17313114626235787,0.8240480646518835
7,0,0.006401588147296162,6.399396838815453,84,0.9808716189144371,-0.04975847308856711,0.019418458970258366,2.755473524055425,0.09983717224687627,15.728486956651071,2262.158482,0.5101655202894354,7.005576797010164,53870087,22607006,1855393115,2.788494111919138,3.958707613135882,204,0,0,84.0,84,84,71.36501285563244,0.1039357382873861,0.8240491700462343
7,0,0.046317061323990716,5.713271016550379,52,0.9509294319603274,-0.06358852879840496,0.03193059580182264,3.103678011463279,0.4480416596547303,22.279745929334148,2020.667668,0.45570413407368876,6.0055476521950695,74341150,41891163,1815637895,3.8481441295667,6.016569463035065,204,0,0,52.0,52,52,46.83194114042676,0.46643489225204077,0.7360799554956468
7,0,0.01511939277430607,5.964430770725527,62,0.9972487294767167,-0.029297256127922323,0.018982831507830415,2.8887628686678486,0.23312651685929975,17.971063278122326,2020.669045,0.45570444461688325,6.005553354441501,37621473,63873419,1830375316,1.9474120385627893,5.253711744179451,204,0,0,61.0,61,61,53.165501249519416,0.24269694442288456,0.7360804571031673
7,0,0.08541570531864676,5.565005716414894,47,0.9339851807491814,-0.02852289004056708,0.0023439679324117734,3.3673818277974914,0.7117454759889426,29.002494043759118,2020.666903,0.45570396154969184,6.005544484280385,24048760,99846342,1807975106,1.2448434631070204,6.41322079956212,204,0,0,47.0,47,47,43.70208273260285,0.7409644108978893,0.736079676824802
7,0,0.010288874449000663,6.47259853108055,89,0.9870592613871711,-0.03624174272271695,0.03176372075451925,2.7293320652561532,0.0736957134476044,15.322649071464484,2262.1593745,0.5101657215674319,7.005580492910629,52964371,15612986,1863292851,2.741611252177869,3.549791115159637,204,0,0,89.0,89,89,75.55672547818146,0.07672110711280755,0.8240494951622199
8,0,0.0017057842267408187,8.10573675877588,275,0.9971826426060968,-0.012705165474050128,0.012705165474050128,2.6626363976967293,0.007000045888180484,14.334029529862194,2745.1741525,0.6190959700387926,9.005776058843804,19816741,2641389,1909412078,1.0257801439215528,1.1625071864041086,204,0,0,275.0,275,275,202.61769812091504,0.007287415308944549,1.0
8,0,0.0006492081896737635,7.416128676084227,171,0.9867738953776011,-0.04353907639951491,0.04353907639951491,2.6778063324526222,0.022169980644073384,14.553133517422893,2503.662148,0.5646298049083307,8.005659162791956,67794100,106855,1863969253,3.5092471388222783,3.514778307508327,204,0,0,171.0,171,171,135.31150278738946,0.023080113891456124,0.9120230662670133
8,0,0.06200827791354928,5.6266377841813,49,0.9506714558173919,-0.07597006596408916,0.033216660224625924,3.214301658596827,0.5586653067882783,24.885906982362783,2020.667209,0.4557040305592906,6.005545751446259,84944521,38315444,1808610243,4.397009729133936,6.380344004973651,204,0,0,49.0,49,49,44.94948156958862,0.5815999172433044,0.7360797882931399
8,0,0.00043258236427819435,7.39741310772172,169,0.9835826804139742,-0.037874526593534255,0.04353907639951491,2.677862421733668,0.02222606992511933,14.553949815111412,2503.66174,0.5646297128955323,8.005657473237457,63392938,134223,1868343047,3.2814284177832302,3.2883762447875586,204,0,0,169.0,169,169,134.27141604190695,0.023138505778008193,0.9120229176425628
8,0,0.0005091024597609,8.840186890104919,458,0.9988832393152698,-0.012705165474050128,0.012705165474050128,2.6577551058576816,0.002118754049132754,14.264231439511741,2745.2159215,0.6191053898490254,9.005949026985565,19816741,81206,1911972261,1.0257801439215528,1.0299836354223648,204,0,0,457.0,457,457,309.8667429594387,0.0022057342109155303,1.000015215428122
8,0,0.002136145781293574,8.444648241685547,348,0.9971826426060968,-0.02267547139406055,0.012705165474050128,2.6600474370183975,0.004411085209848675,14.296967288092105,2745.1906765,0.6190996965571265,9.005844485800983,27580033,209493,1904080682,1.4276338485778854,1.4384779000639778,204,0,0,347.0,347,347,247.0665444180123,0.00459217130870347,1.000006019290246
8,0,0.000952861381379284,8.727154858124994,424,0.9991410918579327,-0.012702587324349125,0.013373591628841533,2.659050498407063,0.003414146598514023,14.282721191799263,2745.2081185,0.6191036301042566,9.005916714255784,20334423,104061,1911431724,1.0525770787185305,1.0579636207113143,204,0,0,423.0,423,423,290.73389141195696,0.003554305869766115,1.000012372985506
8,0,0.005846079169727609,7.568420714113126,190,0.980187678068896,-0.033176523298833145,0.033176523298833145,2.67245557195219,0.01681922014364101,14.475471147105592,2503.666024,0.5646306790299152,8.00567521355969,51678105,148091,1880044012,2.6750298641180765,2.6826955447309224,204,0,0,190.0,190,190,148.59147473327567,0.017509691267343565,0.9120244781992933
8,0,0.049976325260474914,5.598581437364096,48,0.9479501061512919,-0.020578806750104834,0.002274631427865762,3.299126353447881,0.6434900016393321,27.088962401106784,2020.667056,0.4557039960544912,6.0055451178633215,17814638,107921745,1806133825,0.9221446620082667,6.508531602139599,204,0,0,48.0,48,48,43.52544844530949,0.6699068783273545,0.736079732558971
8,0,0.05484418229241722,5.7302907072613305,53,0.9896150582253356,-0.04619277766318423,0.05780210842247116,3.0632405376574092,0.4076041858488604,21.396782016446792,2020.667821,0.45570416857848817,6.005548285778006,80937624,35221668,1815710916,4.189599470235218,6.012789654241617,204,0,0,53.0,53,53,47.00015468810073,0.42433735883936513,0.7360800112298157
8,0,0.0020122562367228996,7.483874820733011,179,0.9742376165708433,-0.03277545774144383,0.03560009685039461,2.676762909323166,0.02112655751461734,14.53795636077988,2503.66378,0.5646301729595242,8.005665921009948,53250119,165416,1878454673,2.756402515007882,2.764964994998256,204,0,0,179.0,179,179,142.33371029171474,0.0219938556284719,0.9120236607648154
8,0,0.01448210004247633,6.188647703940861,73,0.989253560534479,-0.011357513803176778,0.05505996866409569,2.799900399689332,0.14426404788078306,16.443008960734385,2262.1565185,0.5101650774778433,7.005568666029141,51704386,34965626,1845200196,2.676390255716392,4.486326857834126,204,0,0,73.0,73,73,63.02280973663975,0.15018644846769635,0.8240484547910663
8,0,0.004622056732281742,7.231172161000454,150,0.9896026630651601,-0.014537718855868045,0.039908892401253615,2.6807469627481004,0.02511061093955158,14.595991887164487,2503.657864,0.5646288387739479,8.005641422469724,42406215,9230165,1880233828,2.195086130755219,2.672870039931792,204,0,0,150.0,150,150,119.58046484525183,0.02614146442765727,0.9120215057102828
8,0,0.00856542267527653,6.643823557282648,100,0.9560889123643449,-0.00680060636854284,0.012432634178630851,2.7209574779068837,0.06532112609833485,15.194864028730212,2262.161338,0.5101661643790241,7.0055886238916525,15004973,44648316,1872216919,0.7767070964634908,3.0878518004455917,204,0,0,100.0,100,100,85.36262795559401,0.06800272197218907,0.824050210417388
8,0,0.005292554311568903,6.316858384192603,80,0.9791655705518957,-0.03192585956141486,0.03192585956141486,2.7688394666708094,0.11320311486226053,15.940124225825386,2262.157768,0.5101653592670383,7.0055738402897925,49733880,26969235,1855167093,2.5743903391671332,3.9704072604032827,204,0,0,80.0,80,80,68.34227370482506,0.11785038633252107,0.8240489099534459
8,0,0.045201478290711236,5.519362565715423,46,0.9643956094518283,-0.0049247292181199,0.03264478632574076,3.4441021694226213,0.7884658176140724,31.315155117522032,2020.66675,0.45570392704489243,6.005543850697448,29268729,104441796,1798159683,1.5150463462191348,6.921299601096183,204,0,0,46.0,46,46,41.31154183487121,0.8208343147524413,0.7360796210906332
8,0,0.0017021616171505364,7.286924025217073,156,0.9935380536513516,-0.02933873069582877,0.0032896610082907077,2.6785369709054025,0.022900619096853703,14.563770481793567,2503.659088,0.564629114812343,8.005646491133218,25422241,17503081,1888944886,1.315939388408437,2.2219568282715607,204,0,0,156.0,156,156,123.4193474264706,0.023840746883174817,0.9120219515836344
8,0,0.0025393052478245317,7.5033399738113,181,0.982276161327083,-0.033176523298833145,0.033176523298833145,2.6743933170320466,0.01875696522349779,14.503548114316628,2503.664188,0.5646302649723226,8.005667610564446,51678105,175884,1880016219,2.6750298641180765,2.6841342024567316,204,0,0,181.0,181,181,142.77698331170703,0.019526985637316727,0.9120238093892661
8,0,0.0101630590379724,6.356599770215489,82,0.980342507017974,-0.04946800393155154,0.04255094980580053,2.7663387378716853,0.11070238606313643,15.900312098526467,2262.158125,0.5101654397782369,7.005575318649979,71632532,6134069,1854103607,3.70793709139284,4.025456817852641,204,0,0,82.0,82,82,69.84325139369473,0.11524699635117447,0.8240490399998401
8,0,0.018301052011192004,6.288742508359915,78,0.9972303699463836,-0.02399980670031849,0.008376218652069382,2.7753207510019666,0.11968439919341778,16.04377222645955,2262.1572325,0.5101652385002404,7.005571622749513,25234610,54931087,1851704511,1.306226986445665,4.149641972220941,204,0,0,77.0,77,77,65.73587232074202,0.12459774362288516,0.8240487148838547
8,0,0.03139695944055021,5.781563590741548,55,0.9512315095056789,-0.05193835392675097,0.02404247719360325,3.0105914557102427,0.3549551039016938,20.299402572940053,2020.668127,0.4557042375880869,6.005549552943879,59159535,48383791,1824326882,3.062293458174184,5.566798719430327,204,0,0,55.0,55,55,50.00828707708574,0.3695269001777311,0.7360801226981536
8,0,0.01186483582198702,6.443531910033154,87,0.9816082140419141,-0.01791545485537656,0.0026235885090504403,2.745528971677183,0.08989261986863406,15.572849350080363,2262.1590175,0.5101656410562333,7.0055790145504435,16013231,53741907,1862115070,0.8288978697268673,3.610756960335091,204,0,0,87.0,87,87,74.34728079344482,0.09358293712015829,0.8240493651158257
8,0,0.005404543213786925,6.7181489858363515,105,0.9972487294767167,-0.0056461055646010285,0.020072710157967185,2.70697529116781,0.05133893935926137,14.983885013615128,2262.1622305,0.5101663656570204,7.005592319792117,20054051,38568188,1873247969,1.0380640954529383,3.034481237778889,204,0,0,105.0,105,105,86.96620290272972,0.053446531438225184,0.8240505355333736
8,0,inf,5.505067348355028,45,0.9656713726246586,-0.07145052468874452,0.0011938742971826068,3.506253174007026,0.8506168221984773,33.32317743701592,2020.666597,0.455703892540093,6.005543217114512,56504482,77435519,1797930207,2.924859121798725,6.933178038842659,204,0,0,45.0,45,45,41.108538482795076,0.885536773780521,0.7360795653564641
8,0,0.0,5.519362565715423,46,0.9643956094518283,-0.013555217895462672,0.0012075289904233052,3.4441021694226213,0.7884658176140724,31.315155117522032,2020.66675,0.45570392704489243,6.005543850697448,11510843,122199682,1798159683,0.5958393556840854,6.921299601096183,204,0,0,46.0,46,46,41.31154183487121,0.8208343147524413,0.7360796210906332
8,0,0.16958216374981464,7.024244421359714,130,0.982276161327083,-0.002342221720612419,0.03191958842727,2.6888859389640087,0.03324958715545989,14.715273072887934,2503.653784,0.5646279186459642,8.005624526924741,26690257,22405504,1882774447,1.3815760960272545,2.541359186382774,204,0,0,130.0,130,130,105.88353337658593,0.03461456600761888,0.9120200194657777
8,0,inf,8.914917544230004,483,0.9975907246719704,-0.005797908375803752,0.009008741550810287,2.6576026018270356,0.001966250018486715,14.26205625258975,2745.2218885,0.6191067355362015,9.005973736720101,11552336,1960907,1918356965,0.5979871707820239,0.6994902113009861,204,0,0,483.0,483,483,324.6301828022876,0.0020469695077466247,1.000017389060711
8,0,0.0014789115691830835,7.053535739892508,133,0.9894830652016622,-0.035765257859323385,0.0056202557240929,2.6868666018517238,0.031230250043174923,14.685587958068766,2503.654396,0.5646280566651617,8.005627061256488,32242361,18829850,1880797997,1.6689713867154372,2.643666784057576,204,0,0,133.0,133,133,108.09352022058823,0.0325123300478757,0.9120202424024535
8,0,0.0036079048739598896,7.133242818757271,140,0.9936405881302085,-0.00676909958682067,0.018112571751642215,2.6863779311187104,0.030741579310161526,14.678413294203464,2503.65562,0.5646283327035568,8.005632129919983,19403696,24631968,1887834544,1.0043995667849752,2.2794318074602247,204,0,0,139.0,139,139,112.02670847750865,0.03200359815701653,0.9120206882758051
8,0,0.0030101908947851395,6.188647703940861,73,0.989253560534479,-0.012943134309118372,0.05505996866409569,2.799900399689332,0.14426404788078306,16.443008960734385,2262.1565185,0.5101650774778433,7.005568666029141,52938805,33731207,1845200196,2.7402878713475145,4.486326857834126,204,0,0,73.0,73,73,63.02280973663975,0.15018644846769635,0.8240484547910663
8,0,0.012986003693778484,6.104829070178258,69,0.9899042652213559,-0.013028519070059565,0.012432634178630851,2.8050087638523267,0.14937241204377782,16.527220747549972,2262.1558045,0.5101649164554461,7.00556570930877,19856921,69056556,1842956731,1.0278599937910529,4.60245603621835,204,0,0,69.0,69,69,59.84182916426374,0.1555045237774495,0.8240481946982778
8,0,0.04481625763854032,5.640976170690971,50,0.9511388764236434,-0.002195983115443963,0.0016289502386101385,3.193879990794336,0.538243638985787,24.382849377646206,2020.667362,0.45570406506409,6.005546385029196,2987217,117939621,1810943370,0.15462824508757061,6.259573624523744,204,0,0,50.0,50,50,45.131041846885815,0.5603398888155853,0.7360798440273089
8,0,0.1677415769715532,8.080691576910828,271,0.9971826426060968,-0.012705165474050128,0.012705165474050128,2.662922237230384,0.007285885421834948,14.338127347809683,2745.1732345,0.6190957630099962,9.005772257346184,19816741,2920782,1909132685,1.0257801439215528,1.176969493387415,204,0,0,271.0,271,271,200.08112865244138,0.00758498927156275,0.9999996655949862
8,0,0.0031580353491836694,6.887781501334055,118,0.9969015207498575,-0.009959779063462262,0.017604230730229972,2.699090975345375,0.043454623536826276,14.866211827771604,2262.1643725,0.5101668487242119,7.005601189953233,21493632,31064736,1879311840,1.1125815756665989,2.7205951922832283,204,0,0,117.0,117,117,95.84283238417916,0.045238544698883706,0.8240513158117387
8,0,0.0007685919384550913,8.779648794626626,439,0.9961571018979494,-0.012045389864119927,0.007463437482281543,2.6584548745204253,0.0028185227118764367,14.274216594913199,2745.2117905,0.6191044582194419,9.005931920246269,15216692,1208559,1915444957,0.7876663730817262,0.8502253894688147,204,0,0,439.0,439,439,300.45783923250673,0.0029342301303792065,1.0000137106055604
8,0,0.004646685540182177,6.774362403819144,109,0.9996013830524046,-0.0056461055646010285,0.033053606266373964,2.701684132749765,0.04604778094121631,14.90481228194418,2262.1629445,0.5101665266794176,7.005595276512489,30148422,26799301,1874922485,1.5605821692965411,2.9478027438994494,204,0,0,109.0,109,109,89.75946450884275,0.047938157711301665,0.8240507956261619
8,0,0.004267141802112756,6.889878283469513,119,0.9974963128387027,-0.008337511905834536,0.017604230730229972,2.693732510908208,0.03809615909965913,14.786764807491203,2262.1647295,0.5101669292354104,7.005602668313419,20231032,31455587,1880183589,1.0472252181446757,2.6754705769550333,204,0,0,119.0,119,119,97.25967025903499,0.03966010187213292,0.824051445858133
8,0,0.003571662448639303,6.415442858938489,85,0.989253560534479,-0.011357513803176778,0.050554336865526454,2.7501700997177894,0.09453374790924052,15.64529291777127,2262.1586605,0.5101655605450347,7.005577536190257,48203164,28053045,1855613999,2.4951554095294584,3.947273925764686,204,0,0,85.0,85,85,72.35661914888504,0.09841459509414317,0.8240492350694315
8,0,0.0,5.598581437364096,48,0.9479501061512919,-0.020346859865163998,0.003350606300167561,3.299126353447881,0.6434900016393321,27.088962401106784,2020.667056,0.4557039960544912,6.0055451178633215,18473670,107262713,1806133825,0.9562583409330158,6.508531602139599,204,0,0,48.0,48,48,43.52544844530949,0.6699068783273545,0.736079732558971
8,0,0.028564920865581152,5.913928215212639,60,0.970870036009827,-0.02288186069823455,0.005350422230414585,2.9096658964767417,0.25402954466819283,18.350666520367174,2020.668892,0.45570441011208385,6.005552720858564,22006368,80199359,1829664481,1.1391224891232445,5.29050691794715,204,0,0,60.0,60,60,52.73591287004998,0.2644580938912084,0.7360804013689983
8,0,0.16950185281171556,6.990405652461317,127,0.985046327585631,-0.01256711257172478,0.03191958842727,2.691850441400167,0.036214089591618315,14.75896126063544,2262.1661575,0.5101672512802047,7.005608581754163,34659842,15082373,1882127993,1.79410820957181,2.5748217863712717,204,0,0,127.0,127,127,104.12465157631681,0.037700768695681494,0.8240519660437098
8,0,0.07088156929522922,6.081950862016777,68,0.9868024815605893,-0.047044512143256334,0.011686639259533508,2.8219403041882463,0.16630395237969742,16.809434466778644,2262.1554475,0.5101648359442476,7.0055642309485835,45739455,45591703,1840539050,2.3676256722936118,4.72760321173709,204,0,0,67.0,67,67,58.39751688052672,0.17313114626235787,0.8240480646518835
8,0,0.04418494185938862,5.713271016550379,52,0.9509294319603274,-0.06358852879840496,0.03193059580182264,3.103678011463279,0.4480416596547303,22.279745929334148,2020.667668,0.45570413407368876,6.0055476521950695,74341150,41891163,1815637895,3.8481441295667,6.016569463035065,204,0,0,52.0,52,52,46.83194114042676,0.46643489225204077,0.7360799554956468
8,0,0.08541570531864676,5.565005716414894,47,0.9339851807491814,-0.02852289004056708,0.0023439679324117734,3.3673818277974914,0.7117454759889426,29.002494043759118,2020.666903,0.45570396154969184,6.005544484280385,24048760,99846342,1807975106,1.2448434631070204,6.41322079956212,204,0,0,47.0,47,47,43.70208273260285,0.7409644108978893,0.736079676824802
8,0,0.036617652674886876,5.5113600110960075,46,0.9643956094518283,-0.0463373514408162,0.03330446459025878,3.4441021694226213,0.7884658176140724,31.315155117522032,2020.66675,0.45570392704489243,6.005543850697448,62011870,71698655,1798159683,3.209939764234927,6.921299601096183,204,0,0,46.0,46,46,41.31154183487121,0.8208343147524413,0.7360796210906332
8,0,0.0310195044238503,5.781563590741548,55,0.9512315095056789,-0.05193835392675097,0.024122353170870314,3.0105914557102427,0.3549551039016938,20.299402572940053,2020.668127,0.4557042375880869,6.005549552943879,59221765,48321561,1824326882,3.065514689069629,5.566798719430327,204,0,0,55.0,55,55,50.00828707708574,0.3695269001777311,0.7360801226981536
8,0,0.002734662731927546,6.443531910033154,87,0.9816082140419141,-0.01791545485537656,0.0015817808852894768,2.745528971677183,0.08989261986863406,15.572849350080363,2262.1590175,0.5101656410562333,7.0055790145504435,15200854,54554284,1862115070,0.7868465457488953,3.610756960335091,204,0,0,87.0,87,87,74.34728079344482,0.09358293712015829,0.8240493651158257
8,0,0.04021422702793569,5.598581437364096,48,0.9479501061512919,-0.02101841368805024,0.002274631427865762,3.299126353447881,0.6434900016393321,27.088962401106784,2020.667056,0.4557039960544912,6.0055451178633215,18156467,107579916,1806133825,0.9398388631292564,6.508531602139599,204,0,0,48.0,48,48,43.52544844530949,0.6699068783273545,0.736079732558971
8,0,0.06167357933574798,6.023306975559584,65,0.9988102657967899,-0.012790874935943438,0.001348693791084184,2.84172200667433,0.186085654865781,17.145264390959255,2190.78536275,0.49406934276403774,6.7100160747445,11025302,84134335,1836710571,0.5707061454927721,4.925777964064965,0,204,0,65.0,65,65,56.2699382449058,0.19372493719414027,0.798049683206756
8,0,0.008238509792367288,6.705777419651951,104,0.980342507017974,-0.04688850513898881,0.0279253947629573,2.7108562247719368,0.05521987296338793,15.042149463585888,2262.162052,0.5101663254014212,7.005591580612024,58257395,7957314,1865655499,3.015595704036034,3.4274926299810717,204,0,0,104.0,104,104,86.72815143214149,0.057486787089615,0.8240504705101764
8,0,0.14245669636712907,5.981936681554502,63,0.9704136259316535,-0.06421950672511317,0.01515177110956185,2.859202596928122,0.203566245119573,17.447608611356223,2020.669351,0.455704513626482,6.0055546216073745,61777863,37789398,1832302947,3.1978267869225303,5.1539311796250855,204,0,0,63.0,63,63,55.89267198913879,0.2119231494715719,0.7360805685715052
8,0,0.029731811193127844,5.919586311606504,61,0.985046327585631,-0.01256711257172478,0.03217509730907331,2.885564844143583,0.2299284923350342,17.913683177420296,2020.669045,0.45570444461688325,6.005553354441501,34858156,65390549,1831621503,1.8043735989949072,5.189204977894664,204,0,0,61.0,61,61,53.66909061418685,0.2393676329799605,0.7360804571031673
8,0,0.0015280585632909474,6.887781501334055,118,0.9969015207498575,-0.009959779063462262,0.01752435475296293,2.699090975345375,0.043454623536826276,14.866211827771604,2262.1643725,0.5101668487242119,7.005601189953233,21430978,31127390,1879311840,1.1093383971269357,2.7205951922832283,204,0,0,117.0,117,117,95.84283238417916,0.045238544698883706,0.8240513158117387
8,0,0.17227568489732334,7.916350507582627,242,0.9988832393152698,-0.012705165474050128,0.013756279447049533,2.664485096523805,0.008848744715256096,14.360553343158408,2503.676428,0.5646330253562736,8.005718297199394,20635324,4862291,1906372593,1.068152711012768,1.3198409962746318,204,0,0,241.0,241,241,180.60914522058823,0.009212007854374343,0.9120282681227817
8,0,0.053144568976287505,5.665798102822449,51,0.9506985948713704,-0.05516822935631712,0.009286027747899234,3.138235331629915,0.4825989798213661,23.0631321478487,2020.667515,0.45570409956888935,6.005547018612132,50174261,65879160,1815816787,2.5971859181960117,6.007309420654413,204,0,0,51.0,51,51,46.64886401864668,0.5024108769871778,0.7360798997614778
8,0,0.014478404015823093,6.473062725321611,89,0.9877680948979966,-0.012942731408031267,0.03176372075451925,2.725391190402614,0.06975483859406495,15.262383257061867,2262.1593745,0.5101657215674319,7.005580492910629,34830033,33772875,1863267300,1.8029178593761925,3.551113719540314,204,0,0,89.0,89,89,75.5140060313341,0.07261844947354701,0.8240494951622199
8,0,0.013700761829508475,5.869869402027395,58,0.9705093473310201,-0.07607274303240602,0.033248189956838925,2.9497654164309144,0.29412906462236554,19.101472311069262,2020.668586,0.4557043411024851,6.00555145369269,85048328,28155073,1818666807,4.402383123245514,5.859782946660566,204,0,0,58.0,58,58,51.112665501249516,0.3062037995999066,0.7360802899006604
8,0,0.023625670963774305,5.911829427081881,60,0.9899929252614629,-0.04626858463120163,0.03917687839005565,2.934047758608372,0.27841140679982335,18.80358905146633,2020.668739,0.4557043756072845,6.005552087275627,66522888,37700650,1827646670,3.443444995658839,5.394955497962728,204,0,0,59.0,59,59,51.85526299980776,0.2898408925466618,0.7360803456348294
8,0,0.127692446002086,6.016713882329763,65,0.9983648893228184,-0.0455011859996457,0.011685689216439305,2.84302518142976,0.18738882962121117,17.167622231611364,2190.7853185,0.49406933278470855,6.710015891502375,44538969,50620727,1836710512,2.3054845411229614,4.925781018100363,0,204,0,65.0,65,65,56.29107795078816,0.19508161053809467,0.79804966708756
8,0,0.009526456411830614,6.399396838815453,84,0.9859148752882716,-0.04985632440777221,0.05193835392675097,2.7515905312229263,0.09595417941437745,15.667531775386625,2262.158482,0.5101655202894354,7.005576797010164,79228076,2132640,1850509492,4.101107604015601,4.211500113365794,204,0,0,84.0,84,84,71.07622819348327,0.09989333887114041,0.8240491700462343
8,0,0.03583723318329332,5.841896009738373,57,0.9948368572770891,-0.003996373926035935,0.00542904837699387,2.9573017189312867,0.30166536712273784,19.245970592078223,2020.668433,0.4557043065976857,6.005550820109754,7358164,101098406,1823413638,0.38088293765954695,5.614071253383084,204,0,0,57.0,57,57,50.05247831362937,0.3140494861984448,0.7360802341664915
9,0,0.01203195265307436,5.6266377841813,49,0.9506714558173919,-0.07597006596408916,0.033216660224625924,3.214301658596827,0.5586653067882783,24.885906982362783,2020.667209,0.4557040305592906,6.005545751446259,84944521,38315444,1808610243,4.397009729133936,6.380344004973651,204,0,0,49.0,49,49,44.94948156958862,0.5815999172433044,0.7360797882931399
9,0,0.0005091024597609,8.840186890104919,458,0.9988832393152698,-0.012705165474050128,0.012705165474050128,2.6577551058576816,0.002118754049132754,14.264231439511741,2745.2159215,0.6191053898490254,9.005949026985565,19816741,81206,1911972261,1.0257801439215528,1.0299836354223648,204,0,0,457.0,457,457,309.8667429594387,0.0022057342109155303,1.000015215428122
9,0,0.0013054708435759673,8.444648241685547,348,0.9971826426060968,-0.02267547139406055,0.012705165474050128,2.6600474370183975,0.004411085209848675,14.296967288092105,2745.1906765,0.6190996965571265,9.005844485800983,27580033,209493,1904080682,1.4276338485778854,1.4384779000639778,204,0,0,347.0,347,347,247.0665444180123,0.00459217130870347,1.000006019290246
9,0,0.000952861381379284,8.727154858124994,424,0.9991410918579327,-0.012702587324349125,0.013373591628841533,2.659050498407063,0.003414146598514023,14.282721191799263,2745.2081185,0.6191036301042566,9.005916714255784,20334423,104061,1911431724,1.0525770787185305,1.0579636207113143,204,0,0,423.0,423,423,290.73389141195696,0.003554305869766115,1.000012372985506
9,0,0.006049866404903432,7.568420714113126,190,0.980187678068896,-0.033176523298833145,0.033176523298833145,2.67245557195219,0.01681922014364101,14.475471147105592,2503.666024,0.5646306790299152,8.00567521355969,51678105,148091,1880044012,2.6750298641180765,2.6826955447309224,204,0,0,190.0,190,190,148.59147473327567,0.017509691267343565,0.9120244781992933
9,0,0.05484418229241722,5.7302907072613305,53,0.9896150582253356,-0.04619277766318423,0.05780210842247116,3.0632405376574092,0.4076041858488604,21.396782016446792,2020.667821,0.45570416857848817,6.005548285778006,80937624,35221668,1815710916,4.189599470235218,6.012789654241617,204,0,0,53.0,53,53,47.00015468810073,0.42433735883936513,0.7360800112298157
9,0,0.0014274163273231362,7.483874820733011,179,0.9742376165708433,-0.03277545774144383,0.03560009685039461,2.676762909323166,0.02112655751461734,14.53795636077988,2503.66378,0.5646301729595242,8.005665921009948,53250119,165416,1878454673,2.756402515007882,2.764964994998256,204,0,0,179.0,179,179,142.33371029171474,0.0219938556284719,0.9120236607648154
9,0,0.01448210004247633,6.188647703940861,73,0.989253560534479,-0.011357513803176778,0.05505996866409569,2.799900399689332,0.14426404788078306,16.443008960734385,2262.1565185,0.5101650774778433,7.005568666029141,51704386,34965626,1845200196,2.676390255716392,4.486326857834126,204,0,0,73.0,73,73,63.02280973663975,0.15018644846769635,0.8240484547910663
9,0,0.004622056732281742,7.231172161000454,150,0.9896026630651601,-0.014537718855868045,0.039908892401253615,2.6807469627481004,0.02511061093955158,14.595991887164487,2503.657864,0.5646288387739479,8.005641422469724,42406215,9230165,1880233828,2.195086130755219,2.672870039931792,204,0,0,150.0,150,150,119.58046484525183,0.02614146442765727,0.9120215057102828
9,0,0.00856542267527653,6.643823557282648,100,0.9560889123643449,-0.00680060636854284,0.012432634178630851,2.7209574779068837,0.06532112609833485,15.194864028730212,2262.161338,0.5101661643790241,7.0055886238916525,15004973,44648316,1872216919,0.7767070964634908,3.0878518004455917,204,0,0,100.0,100,100,85.36262795559401,0.06800272197218907,0.824050210417388
9,0,0.005493508953337561,6.316858384192603,80,0.9791655705518957,-0.03192585956141486,0.03192585956141486,2.7688394666708094,0.11320311486226053,15.940124225825386,2262.157768,0.5101653592670383,7.0055738402897925,49733880,26969235,1855167093,2.5743903391671332,3.9704072604032827,204,0,0,80.0,80,80,68.34227370482506,0.11785038633252107,0.8240489099534459
9,0,0.07413442240857174,5.519362565715423,46,0.9643956094518283,-0.0049247292181199,0.03264478632574076,3.4441021694226213,0.7884658176140724,31.315155117522032,2020.66675,0.45570392704489243,6.005543850697448,29268729,104441796,1798159683,1.5150463462191348,6.921299601096183,204,0,0,46.0,46,46,41.31154183487121,0.8208343147524413,0.7360796210906332
9,0,0.0023203292361236067,7.286924025217073,156,0.9935380536513516,-0.02933873069582877,0.0032896610082907077,2.6785369709054025,0.022900619096853703,14.563770481793567,2503.659088,0.564629114812343,8.005646491133218,25422241,17503081,1888944886,1.315939388408437,2.2219568282715607,204,0,0,156.0,156,156,123.4193474264706,0.023840746883174817,0.9120219515836344
9,0,0.0025393052478245317,7.5033399738113,181,0.982276161327083,-0.033176523298833145,0.033176523298833145,2.6743933170320466,0.01875696522349779,14.503548114316628,2503.664188,0.5646302649723226,8.005667610564446,51678105,175884,1880016219,2.6750298641180765,2.6841342024567316,204,0,0,181.0,181,181,142.77698331170703,0.019526985637316727,0.9120238093892661
9,0,0.018301052011192004,6.288742508359915,78,0.9972303699463836,-0.02399980670031849,0.008376218652069382,2.7753207510019666,0.11968439919341778,16.04377222645955,2262.1572325,0.5101652385002404,7.005571622749513,25234610,54931087,1851704511,1.306226986445665,4.149641972220941,204,0,0,77.0,77,77,65.73587232074202,0.12459774362288516,0.8240487148838547
9,0,0.03139695944055021,5.781563590741548,55,0.9512315095056789,-0.05193835392675097,0.02404247719360325,3.0105914557102427,0.3549551039016938,20.299402572940053,2020.668127,0.4557042375880869,6.005549552943879,59159535,48383791,1824326882,3.062293458174184,5.566798719430327,204,0,0,55.0,55,55,50.00828707708574,0.3695269001777311,0.7360801226981536
9,0,inf,5.505067348355028,45,0.9656713726246586,-0.07145052468874452,0.0011938742971826068,3.506253174007026,0.8506168221984773,33.32317743701592,2020.666597,0.455703892540093,6.005543217114512,56504482,77435519,1797930207,2.924859121798725,6.933178038842659,204,0,0,45.0,45,45,41.108538482795076,0.885536773780521,0.7360795653564641
9,0,0.0,5.519362565715423,46,0.9643956094518283,-0.013555217895462672,0.0012075289904233052,3.4441021694226213,0.7884658176140724,31.315155117522032,2020.66675,0.45570392704489243,6.005543850697448,11510843,122199682,1798159683,0.5958393556840854,6.921299601096183,204,0,0,46.0,46,46,41.31154183487121,0.8208343147524413,0.7360796210906332
9,0,0.1687814173082883,7.024244421359714,130,0.982276161327083,-0.002342221720612419,0.03191958842727,2.6888859389640087,0.03324958715545989,14.715273072887934,2503.653784,0.5646279186459642,8.005624526924741,26690257,22405504,1882774447,1.3815760960272545,2.541359186382774,204,0,0,130.0,130,130,105.88353337658593,0.03461456600761888,0.9120200194657777
9,0,inf,8.914917544230004,483,0.9975907246719704,-0.005797908375803752,0.009008741550810287,2.6576026018270356,0.001966250018486715,14.26205625258975,2745.2218885,0.6191067355362015,9.005973736720101,11552336,1960907,1918356965,0.5979871707820239,0.6994902113009861,204,0,0,483.0,483,483,324.6301828022876,0.0020469695077466247,1.000017389060711
9,0,0.0014789115691830835,7.053535739892508,133,0.9894830652016622,-0.035765257859323385,0.0056202557240929,2.6868666018517238,0.031230250043174923,14.685587958068766,2503.654396,0.5646280566651617,8.005627061256488,32242361,18829850,1880797997,1.6689713867154372,2.643666784057576,204,0,0,133.0,133,133,108.09352022058823,0.0325123300478757,0.9120202424024535
9,0,0.0036079048739598896,7.133242818757271,140,0.9936405881302085,-0.00676909958682067,0.018112571751642215,2.6863779311187104,0.030741579310161526,14.678413294203464,2503.65562,0.5646283327035568,8.005632129919983,19403696,24631968,1887834544,1.0043995667849752,2.2794318074602247,204,0,0,139.0,139,139,112.02670847750865,0.03200359815701653,0.9120206882758051
9,0,0.0030101908947851395,6.188647703940861,73,0.989253560534479,-0.012943134309118372,0.05505996866409569,2.799900399689332,0.14426404788078306,16.443008960734385,2262.1565185,0.5101650774778433,7.005568666029141,52938805,33731207,1845200196,2.7402878713475145,4.486326857834126,204,0,0,73.0,73,73,63.02280973663975,0.15018644846769635,0.8240484547910663
9,0,0.01235481177480823,6.104829070178258,69,0.9899042652213559,-0.013028519070059565,0.012432634178630851,2.8050087638523267,0.14937241204377782,16.527220747549972,2262.1558045,0.5101649164554461,7.00556570930877,19856921,69056556,1842956731,1.0278599937910529,4.60245603621835,204,0,0,69.0,69,69,59.84182916426374,0.1555045237774495,0.8240481946982778
9,0,0.04481625763854032,5.640976170690971,50,0.9511388764236434,-0.002195983115443963,0.0016289502386101385,3.193879990794336,0.538243638985787,24.382849377646206,2020.667362,0.45570406506409,6.005546385029196,2987217,117939621,1810943370,0.15462824508757061,6.259573624523744,204,0,0,50.0,50,50,45.131041846885815,0.5603398888155853,0.7360798440273089
9,0,0.16755786798354752,8.080691576910828,271,0.9971826426060968,-0.012705165474050128,0.012705165474050128,2.662922237230384,0.007285885421834948,14.338127347809683,2745.1732345,0.6190957630099962,9.005772257346184,19816741,2920782,1909132685,1.0257801439215528,1.176969493387415,204,0,0,271.0,271,271,200.08112865244138,0.00758498927156275,0.9999996655949862
9,0,0.0031580353491836694,6.887781501334055,118,0.9969015207498575,-0.009959779063462262,0.017604230730229972,2.699090975345375,0.043454623536826276,14.866211827771604,2262.1643725,0.5101668487242119,7.005601189953233,21493632,31064736,1879311840,1.1125815756665989,2.7205951922832283,204,0,0,117.0,117,117,95.84283238417916,0.045238544698883706,0.8240513158117387
9,0,0.0007685919384550913,8.779648794626626,439,0.9961571018979494,-0.012045389864119927,0.007463437482281543,2.6584548745204253,0.0028185227118764367,14.274216594913199,2745.2117905,0.6191044582194419,9.005931920246269,15216692,1208559,1915444957,0.7876663730817262,0.8502253894688147,204,0,0,439.0,439,439,300.45783923250673,0.0029342301303792065,1.0000137106055604
9,0,0.0035535349416550756,6.774362403819144,109,0.9996013830524046,-0.0056461055646010285,0.033053606266373964,2.701684132749765,0.04604778094121631,14.90481228194418,2262.1629445,0.5101665266794176,7.005595276512489,30148422,26799301,1874922485,1.5605821692965411,2.9478027438994494,204,0,0,109.0,109,109,89.75946450884275,0.047938157711301665,0.8240507956261619
9,0,0.004267141802112756,6.889878283469513,119,0.9974963128387027,-0.008337511905834536,0.017604230730229972,2.693732510908208,0.03809615909965913,14.786764807491203,2262.1647295,0.5101669292354104,7.005602668313419,20231032,31455587,1880183589,1.0472252181446757,2.6754705769550333,204,0,0,119.0,119,119,97.25967025903499,0.03966010187213292,0.824051445858133
9,0,0.029711782175177403,5.913928215212639,60,0.970870036009827,-0.02288186069823455,0.005350422230414585,2.9096658964767417,0.25402954466819283,18.350666520367174,2020.668892,0.45570441011208385,6.005552720858564,22006368,80199359,1829664481,1.1391224891232445,5.29050691794715,204,0,0,60.0,60,60,52.73591287004998,0.2644580938912084,0.7360804013689983
9,0,0.0019105919684865437,6.990405652461317,127,0.985046327585631,-0.01256711257172478,0.03191958842727,2.691850441400167,0.036214089591618315,14.75896126063544,2262.1661575,0.5101672512802047,7.005608581754163,34659842,15082373,1882127993,1.79410820957181,2.5748217863712717,204,0,0,127.0,127,127,104.12465157631681,0.037700768695681494,0.8240519660437098
9,0,0.0654852223901522,6.081950862016777,68,0.9868024815605893,-0.047044512143256334,0.011686639259533508,2.8219403041882463,0.16630395237969742,16.809434466778644,2262.1554475,0.5101648359442476,7.0055642309485835,45739455,45591703,1840539050,2.3676256722936118,4.72760321173709,204,0,0,67.0,67,67,58.39751688052672,0.17313114626235787,0.8240480646518835
9,0,0.04418494185938862,5.713271016550379,52,0.9509294319603274,-0.06358852879840496,0.03193059580182264,3.103678011463279,0.4480416596547303,22.279745929334148,2020.667668,0.45570413407368876,6.0055476521950695,74341150,41891163,1815637895,3.8481441295667,6.016569463035065,204,0,0,52.0,52,52,46.83194114042676,0.46643489225204077,0.7360799554956468
9,0,0.036617652674886876,5.5113600110960075,46,0.9643956094518283,-0.0463373514408162,0.03330446459025878,3.4441021694226213,0.7884658176140724,31.315155117522032,2020.66675,0.45570392704489243,6.005543850697448,62011870,71698655,1798159683,3.209939764234927,6.921299601096183,204,0,0,46.0,46,46,41.31154183487121,0.8208343147524413,0.7360796210906332
9,0,0.0310195044238503,5.781563590741548,55,0.9512315095056789,-0.05193835392675097,0.024122353170870314,3.0105914557102427,0.3549551039016938,20.299402572940053,2020.668127,0.4557042375880869,6.005549552943879,59221765,48321561,1824326882,3.065514689069629,5.566798719430327,204,0,0,55.0,55,55,50.00828707708574,0.3695269001777311,0.7360801226981536
9,0,0.00933166039089439,6.705777419651951,104,0.980342507017974,-0.04688850513898881,0.0279253947629573,2.7108562247719368,0.05521987296338793,15.042149463585888,2262.162052,0.5101663254014212,7.005591580612024,58257395,7957314,1865655499,3.015595704036034,3.4274926299810717,204,0,0,104.0,104,104,86.72815143214149,0.057486787089615,0.8240504705101764
9,0,0.13812938392209884,5.981936681554502,63,0.9704136259316535,-0.06421950672511317,0.01515177110956185,2.859202596928122,0.203566245119573,17.447608611356223,2020.669351,0.455704513626482,6.0055546216073745,61777863,37789398,1832302947,3.1978267869225303,5.1539311796250855,204,0,0,63.0,63,63,55.89267198913879,0.2119231494715719,0.7360805685715052
9,0,0.0015280585632909474,6.887781501334055,118,0.9969015207498575,-0.009959779063462262,0.01752435475296293,2.699090975345375,0.043454623536826276,14.866211827771604,2262.1643725,0.5101668487242119,7.005601189953233,21430978,31127390,1879311840,1.1093383971269357,2.7205951922832283,204,0,0,117.0,117,117,95.84283238417916,0.045238544698883706,0.8240513158117387
9,0,0.053144568976287505,5.665798102822449,51,0.9506985948713704,-0.05516822935631712,0.009286027747899234,3.138235331629915,0.4825989798213661,23.0631321478487,2020.667515,0.45570409956888935,6.005547018612132,50174261,65879160,1815816787,2.5971859181960117,6.007309420654413,204,0,0,51.0,51,51,46.64886401864668,0.5024108769871778,0.7360798997614778
9,0,0.013359287687409533,6.473062725321611,89,0.9877680948979966,-0.012942731408031267,0.03176372075451925,2.725391190402614,0.06975483859406495,15.262383257061867,2262.1593745,0.5101657215674319,7.005580492910629,34830033,33772875,1863267300,1.8029178593761925,3.551113719540314,204,0,0,89.0,89,89,75.5140060313341,0.07261844947354701,0.8240494951622199
9,0,0.013700761829508475,5.869869402027395,58,0.9705093473310201,-0.07607274303240602,0.033248189956838925,2.9497654164309144,0.29412906462236554,19.101472311069262,2020.668586,0.4557043411024851,6.00555145369269,85048328,28155073,1818666807,4.402383123245514,5.859782946660566,204,0,0,58.0,58,58,51.112665501249516,0.3062037995999066,0.7360802899006604
9,0,0.023625670963774305,5.911829427081881,60,0.9899929252614629,-0.04626858463120163,0.03917687839005565,2.934047758608372,0.27841140679982335,18.80358905146633,2020.668739,0.4557043756072845,6.005552087275627,66522888,37700650,1827646670,3.443444995658839,5.394955497962728,204,0,0,59.0,59,59,51.85526299980776,0.2898408925466618,0.7360803456348294
9,0,0.03583723318329332,5.841896009738373,57,0.9948368572770891,-0.003996373926035935,0.00542904837699387,2.9573017189312867,0.30166536712273784,19.245970592078223,2020.668433,0.4557043065976857,6.005550820109754,7358164,101098406,1823413638,0.38088293765954695,5.614071253383084,204,0,0,57.0,57,57,50.05247831362937,0.3140494861984448,0.7360802341664915
9,0,0.0009352142622509782,8.10573675877588,275,0.9900164390489016,-0.011911231370221974,0.0024452370441395005,2.6626023188648307,0.00696596705628183,14.333541051202854,2745.1741525,0.6190959700387926,9.005776058843804,11196510,10942093,1909731605,0.5795684385852903,1.1459674106636464,204,0,0,275.0,275,275,203.82359549211841,0.00725193745561954,1.0
9,0,0.009975812798993658,6.081950862016777,68,0.9806031413061059,-0.049781222065515,0.011729384338479594,2.820869190493734,0.16523283868518535,16.79143929048462,2262.155626,0.5101648761998469,7.005564970128677,47898252,42968849,1841003107,2.479372154591454,4.703582084537223,204,0,0,68.0,68,68,58.777702686466746,0.17201606066724953,0.8240481296750808
9,0,0.16839200728475534,7.00267537505608,128,0.9844677065271576,-0.002342221720612419,0.03348957293056077,2.6904915426204887,0.034855190811939885,14.73891894701099,2262.166336,0.510167291535804,7.005609320934256,27910296,22759609,1881200303,1.4447293552342,2.622842093126786,204,0,0,128.0,128,128,104.22714971405229,0.03628608371667935,0.8240520310669068
9,0,0.18859820249832154,6.019575074195444,65,0.9987693762436602,-0.07047468414508745,0.010793369213569456,2.8413307756462154,0.18569442383766654,17.13855794351499,2184.7298545,0.4927036950689006,6.68493982179573,63235554,39998094,1828636560,3.273281700713509,5.343715513211124,0,204,0,65.0,65,65,56.27391207708574,0.1933176451521796,0.7958438092207702
9,0,0.043778933325856965,5.6266377841813,49,0.9506714558173919,-0.07597006596408916,0.03318593081798009,3.214301658596827,0.5586653067882783,24.885906982362783,2020.667209,0.4557040305592906,6.005545751446259,84920764,38339201,1808610243,4.39577998813469,6.380344004973651,204,0,0,49.0,49,49,44.94948156958862,0.5815999172433044,0.7360797882931399
9,0,0.005404543213786925,6.733727896007258,106,0.9965238712611386,-0.029333561671464288,0.0058507871529826574,2.7051198854059724,0.049483533597423524,14.956109602323366,2262.1622305,0.5101663656570204,7.005592319792117,27418368,31160872,1873290968,1.4192655327702015,3.032255467133328,204,0,0,105.0,105,105,87.0130553753364,0.05151495662155844,0.8240505355333736
9,0,0.0007705699644898408,8.371358006994447,331,0.9950445889419367,-0.012705165474050128,0.015744582029331725,2.6612415453487337,0.00560519354018485,14.314049612872722,2745.1870045,0.6190988684419412,9.0058292798105,22184466,354153,1909331589,1.1483414314343006,1.1666735636103354,204,0,0,331.0,331,331,237.81027429354094,0.00583530077757213,1.0000046816701913
9,0,0.014853837815025263,6.358758944495136,82,0.9896026630651601,-0.014537718855868045,0.039739203644933836,2.7659974482563805,0.11036109644783165,15.894886413044855,2262.1579465,0.5101653995226376,7.005574579469886,42273971,33342438,1856253799,2.1882407433450104,3.9141557588531333,204,0,0,81.0,81,81,69.24394613850443,0.1148916959421364,0.8240489749766431
9,0,0.1722756848973233,7.882057714691924,236,0.9971826426060968,-0.010615810021879302,0.012407871333634494,2.6641377745806794,0.008501422772130507,14.355566473941588,2503.675204,0.5646327493178784,8.0057132285359,17957955,8134220,1905778033,0.9295632245704158,1.350617390958803,204,0,0,235.0,235,235,176.9635086264898,0.008850427475345759,0.9120278222494301
9,0,0.02392500032397652,6.399396838815453,84,0.9894549901696796,-0.034352065435332965,0.01313011909311311,2.7436286579648286,0.08799230615627973,15.543284151393348,2262.1583035,0.5101654800338362,7.005576057830071,36997062,36737902,1858135244,1.915090457257054,3.816765934619144,204,0,0,83.0,83,83,70.7983497933487,0.0916046107690995,0.8240491050230372
9,0,0.029731811193127847,5.919586311606504,61,0.9876770277829957,-0.033979593301025166,0.03217509730907331,2.883618275130383,0.2279819233218343,17.878846873469694,2020.669045,0.45570444461688325,6.005553354441501,51525207,48998032,1831346969,2.6671153572652435,5.203415766945768,204,0,0,61.0,61,61,53.55796748846598,0.2373411524320741,0.7360804571031673
9,0,0.09161309725326472,5.565005716414894,47,0.9367259273527296,-0.02852289004056708,0.0023439679324117734,3.3182739086365434,0.6626375568279945,27.612647448114803,2020.666903,0.45570396154969184,6.005544484280385,24048760,100211432,1807610016,1.2448434631070204,6.432119067079687,204,0,0,47.0,47,47,43.62837910899654,0.689840488626442,0.736079676824802
9,0,0.0008105966905474469,8.334987014508165,323,0.9868776290983616,-0.011895071220702245,0.012705165474050128,2.6613488749404857,0.00571252313193682,14.315586016423296,2745.1851685,0.6190984543843485,9.005821676815257,19186077,852366,1911831765,0.9931348866269177,1.0372561736818295,204,0,0,323.0,323,323,234.51711631343713,0.005947036517955881,1.000004012860164
9,0,0.0010484628443786508,7.3189023405708316,160,0.9972303699463836,-0.022943705329720582,0.008546440932092196,2.6768108157338197,0.021174463925270892,14.53865283877011,2503.6597,0.5646292528315405,8.005649025464965,24544664,14411274,1892914270,1.270513096498872,2.0164883664896807,204,0,0,159.0,159,159,125.8076641195694,0.02204372871730161,0.9120221745203103
9,0,0.06125760817055009,5.598581437364096,48,0.9480176674336737,-0.020578806750104834,0.002274631427865762,3.2886075130252066,0.6329711612166578,26.805511330240623,2020.667056,0.4557039960544912,6.0055451178633215,17814638,107931693,1806123877,0.9221446620082667,6.509046543565726,204,0,0,48.0,48,48,43.52336841599385,0.65895621315272,0.736079732558971
10,0,0.010438568447887533,5.6266377841813,49,0.9506714558173919,-0.07597006596408916,0.033216660224625924,3.214301658596827,0.5586653067882783,24.885906982362783,2020.667209,0.4557040305592906,6.005545751446259,84944521,38315444,1808610243,4.397009729133936,6.380344004973651,204,0,0,49.0,49,49,44.94948156958862,0.5815999172433044,0.7360797882931399
10,0,0.0010701305759061154,8.444648241685547,348,0.9971826426060968,-0.02267547139406055,0.012705165474050128,2.6600474370183975,0.004411085209848675,14.296967288092105,2745.1906765,0.6190996965571265,9.005844485800983,27580033,209493,1904080682,1.4276338485778854,1.4384779000639778,204,0,0,347.0,347,347,247.0665444180123,0.00459217130870347,1.000006019290246
10,0,0.0008286029702945319,8.727154858124994,424,0.9991410918579327,-0.012702587324349125,0.013373591628841533,2.659050498407063,0.003414146598514023,14.282721191799263,2745.2081185,0.6191036301042566,9.005916714255784,20334423,104061,1911431724,1.0525770787185305,1.0579636207113143,204,0,0,423.0,423,423,290.73389141195696,0.003554305869766115,1.000012372985506
10,0,0.002330826141752532,6.188647703940861,73,0.989253560534479,-0.011357513803176778,0.05505996866409569,2.799900399689332,0.14426404788078306,16.443008960734385,2262.1565185,0.5101650774778433,7.005568666029141,51704386,34965626,1845200196,2.676390255716392,4.486326857834126,204,0,0,73.0,73,73,63.02280973663975,0.15018644846769635,0.8240484547910663
10,0,0.0037836978749133197,7.231172161000454,150,0.9896026630651601,-0.014537718855868045,0.039908892401253615,2.6807469627481004,0.02511061093955158,14.595991887164487,2503.657864,0.5646288387739479,8.005641422469724,42406215,9230165,1880233828,2.195086130755219,2.672870039931792,204,0,0,150.0,150,150,119.58046484525183,0.02614146442765727,0.9120215057102828
10,0,0.00743134367200959,6.643823557282648,100,0.9560889123643449,-0.00680060636854284,0.012432634178630851,2.7209574779068837,0.06532112609833485,15.194864028730212,2262.161338,0.5101661643790241,7.0055886238916525,15004973,44648316,1872216919,0.7767070964634908,3.0878518004455917,204,0,0,100.0,100,100,85.36262795559401,0.06800272197218907,0.824050210417388
10,0,0.06431677356424687,5.519362565715423,46,0.9643956094518283,-0.0049247292181199,0.03264478632574076,3.4441021694226213,0.7884658176140724,31.315155117522032,2020.66675,0.45570392704489243,6.005543850697448,29268729,104441796,1798159683,1.5150463462191348,6.921299601096183,204,0,0,46.0,46,46,41.31154183487121,0.8208343147524413,0.7360796210906332
10,0,0.00201321453090551,7.286924025217073,156,0.9935380536513516,-0.02933873069582877,0.0032896610082907077,2.6785369709054025,0.022900619096853703,14.563770481793567,2503.659088,0.564629114812343,8.005646491133218,25422241,17503081,1888944886,1.315939388408437,2.2219568282715607,204,0,0,156.0,156,156,123.4193474264706,0.023840746883174817,0.9120219515836344
10,0,0.002099907622571813,7.5033399738113,181,0.982276161327083,-0.033176523298833145,0.033176523298833145,2.6743933170320466,0.01875696522349779,14.503548114316628,2503.664188,0.5646302649723226,8.005667610564446,51678105,175884,1880016219,2.6750298641180765,2.6841342024567316,204,0,0,181.0,181,181,142.77698331170703,0.019526985637316727,0.9120238093892661
10,0,0.008512705460386365,6.288742508359915,78,0.9972303699463836,-0.02399980670031849,0.008376218652069382,2.7753207510019666,0.11968439919341778,16.04377222645955,2262.1572325,0.5101652385002404,7.005571622749513,25234610,54931087,1851704511,1.306226986445665,4.149641972220941,204,0,0,77.0,77,77,65.73587232074202,0.12459774362288516,0.8240487148838547
10,0,0.027239070589203995,5.781563590741548,55,0.9512315095056789,-0.05193835392675097,0.02404247719360325,3.0105914557102427,0.3549551039016938,20.299402572940053,2020.668127,0.4557042375880869,6.005549552943879,59159535,48383791,1824326882,3.062293458174184,5.566798719430327,204,0,0,55.0,55,55,50.00828707708574,0.3695269001777311,0.7360801226981536
10,0,0.0979837544377591,5.505067348355028,45,0.9656713726246586,-0.07145052468874452,0.0011938742971826068,3.506253174007026,0.8506168221984773,33.32317743701592,2020.666597,0.455703892540093,6.005543217114512,56504482,77435519,1797930207,2.924859121798725,6.933178038842659,204,0,0,45.0,45,45,41.108538482795076,0.885536773780521,0.7360795653564641
10,0,0.0,5.519362565715423,46,0.9643956094518283,-0.013555217895462672,0.0012075289904233052,3.4441021694226213,0.7884658176140724,31.315155117522032,2020.66675,0.45570392704489243,6.005543850697448,11510843,122199682,1798159683,0.5958393556840854,6.921299601096183,204,0,0,46.0,46,46,41.31154183487121,0.8208343147524413,0.7360796210906332
10,0,inf,8.914917544230004,483,0.9975907246719704,-0.005797908375803752,0.009008741550810287,2.6576026018270356,0.001966250018486715,14.26205625258975,2745.2218885,0.6191067355362015,9.005973736720101,11552336,1960907,1918356965,0.5979871707820239,0.6994902113009861,204,0,0,483.0,483,483,324.6301828022876,0.0020469695077466247,1.000017389060711
10,0,0.030120746458418286,7.053535739892508,133,0.9894830652016622,-0.035765257859323385,0.0056202557240929,2.6868666018517238,0.031230250043174923,14.685587958068766,2503.654396,0.5646280566651617,8.005627061256488,32242361,18829850,1880797997,1.6689713867154372,2.643666784057576,204,0,0,133.0,133,133,108.09352022058823,0.0325123300478757,0.9120202424024535
10,0,0.0026113685315565164,6.188647703940861,73,0.989253560534479,-0.012943134309118372,0.05505996866409569,2.799900399689332,0.14426404788078306,16.443008960734385,2262.1565185,0.5101650774778433,7.005568666029141,52938805,33731207,1845200196,2.7402878713475145,4.486326857834126,204,0,0,73.0,73,73,63.02280973663975,0.15018644846769635,0.8240484547910663
10,0,0.0026112453525773908,6.104829070178258,69,0.9899042652213559,-0.013028519070059565,0.012432634178630851,2.8050087638523267,0.14937241204377782,16.527220747549972,2262.1558045,0.5101649164554461,7.00556570930877,19856921,69056556,1842956731,1.0278599937910529,4.60245603621835,204,0,0,69.0,69,69,59.84182916426374,0.1555045237774495,0.8240481946982778
10,0,0.03888124365696515,5.640976170690971,50,0.9511388764236434,-0.002195983115443963,0.0016289502386101385,3.193879990794336,0.538243638985787,24.382849377646206,2020.667362,0.45570406506409,6.005546385029196,2987217,117939621,1810943370,0.15462824508757061,6.259573624523744,204,0,0,50.0,50,50,45.131041846885815,0.5603398888155853,0.7360798440273089
10,0,0.1668160790097905,8.080691576910828,271,0.9971826426060968,-0.012705165474050128,0.012705165474050128,2.662922237230384,0.007285885421834948,14.338127347809683,2745.1732345,0.6190957630099962,9.005772257346184,19816741,2920782,1909132685,1.0257801439215528,1.176969493387415,204,0,0,271.0,271,271,200.08112865244138,0.00758498927156275,0.9999996655949862
10,0,0.0020474333713024245,6.887781501334055,118,0.9969015207498575,-0.009959779063462262,0.017604230730229972,2.699090975345375,0.043454623536826276,14.866211827771604,2262.1643725,0.5101668487242119,7.005601189953233,21493632,31064736,1879311840,1.1125815756665989,2.7205951922832283,204,0,0,117.0,117,117,95.84283238417916,0.045238544698883706,0.8240513158117387
10,0,0.0007257149916386552,8.779648794626626,439,0.9961571018979494,-0.012045389864119927,0.007463437482281543,2.6584548745204253,0.0028185227118764367,14.274216594913199,2745.2117905,0.6191044582194419,9.005931920246269,15216692,1208559,1915444957,0.7876663730817262,0.8502253894688147,204,0,0,439.0,439,439,300.45783923250673,0.0029342301303792065,1.0000137106055604
10,0,0.003083134082910545,6.774362403819144,109,0.9996013830524046,-0.0056461055646010285,0.033053606266373964,2.701684132749765,0.04604778094121631,14.90481228194418,2262.1629445,0.5101665266794176,7.005595276512489,30148422,26799301,1874922485,1.5605821692965411,2.9478027438994494,204,0,0,109.0,109,109,89.75946450884275,0.047938157711301665,0.8240507956261619
10,0,0.001655633845883019,6.889878283469513,119,0.9974963128387027,-0.008337511905834536,0.017604230730229972,2.693732510908208,0.03809615909965913,14.786764807491203,2262.1647295,0.5101669292354104,7.005602668313419,20231032,31455587,1880183589,1.0472252181446757,2.6754705769550333,204,0,0,119.0,119,119,97.25967025903499,0.03966010187213292,0.824051445858133
10,0,0.025777062287140565,5.913928215212639,60,0.970870036009827,-0.02288186069823455,0.005350422230414585,2.9096658964767417,0.25402954466819283,18.350666520367174,2020.668892,0.45570441011208385,6.005552720858564,22006368,80199359,1829664481,1.1391224891232445,5.29050691794715,204,0,0,60.0,60,60,52.73591287004998,0.2644580938912084,0.7360804013689983
10,0,0.0016577180243103641,6.990405652461317,127,0.985046327585631,-0.01256711257172478,0.03191958842727,2.691850441400167,0.036214089591618315,14.75896126063544,2262.1661575,0.5101672512802047,7.005608581754163,34659842,15082373,1882127993,1.79410820957181,2.5748217863712717,204,0,0,127.0,127,127,104.12465157631681,0.037700768695681494,0.8240519660437098
10,0,0.06388871238339973,6.081950862016777,68,0.9868024815605893,-0.047044512143256334,0.011686639259533508,2.8219403041882463,0.16630395237969742,16.809434466778644,2262.1554475,0.5101648359442476,7.0055642309485835,45739455,45591703,1840539050,2.3676256722936118,4.72760321173709,204,0,0,67.0,67,67,58.39751688052672,0.17313114626235787,0.8240480646518835
10,0,0.03176837053015071,5.5113600110960075,46,0.9643956094518283,-0.0463373514408162,0.03330446459025878,3.4441021694226213,0.7884658176140724,31.315155117522032,2020.66675,0.45570392704489243,6.005543850697448,62011870,71698655,1798159683,3.209939764234927,6.921299601096183,204,0,0,46.0,46,46,41.31154183487121,0.8208343147524413,0.7360796210906332
10,0,0.02484419907333684,5.781563590741548,55,0.9512315095056789,-0.05193835392675097,0.024122353170870314,3.0105914557102427,0.3549551039016938,20.299402572940053,2020.668127,0.4557042375880869,6.005549552943879,59221765,48321561,1824326882,3.065514689069629,5.566798719430327,204,0,0,55.0,55,55,50.00828707708574,0.3695269001777311,0.7360801226981536
10,0,0.00809594497403888,6.705777419651951,104,0.980342507017974,-0.04688850513898881,0.0279253947629573,2.7108562247719368,0.05521987296338793,15.042149463585888,2262.162052,0.5101663254014212,7.005591580612024,58257395,7957314,1865655499,3.015595704036034,3.4274926299810717,204,0,0,104.0,104,104,86.72815143214149,0.057486787089615,0.8240504705101764
10,0,0.0013256063634559028,6.887781501334055,118,0.9969015207498575,-0.009959779063462262,0.01752435475296293,2.699090975345375,0.043454623536826276,14.866211827771604,2262.1643725,0.5101668487242119,7.005601189953233,21430978,31127390,1879311840,1.1093383971269357,2.7205951922832283,204,0,0,117.0,117,117,95.84283238417916,0.045238544698883706,0.8240513158117387
10,0,0.046325555600073044,5.665798102822449,51,0.9506985948713704,-0.05516822935631712,0.009286027747899234,3.138235331629915,0.4825989798213661,23.0631321478487,2020.667515,0.45570409956888935,6.005547018612132,50174261,65879160,1815816787,2.5971859181960117,6.007309420654413,204,0,0,51.0,51,51,46.64886401864668,0.5024108769871778,0.7360798997614778
10,0,0.002267015447205043,6.473062725321611,89,0.9877680948979966,-0.012942731408031267,0.03176372075451925,2.725391190402614,0.06975483859406495,15.262383257061867,2262.1593745,0.5101657215674319,7.005580492910629,34830033,33772875,1863267300,1.8029178593761925,3.551113719540314,204,0,0,89.0,89,89,75.5140060313341,0.07261844947354701,0.8240494951622199
10,0,0.01188639027840308,5.869869402027395,58,0.9705093473310201,-0.07607274303240602,0.033248189956838925,2.9497654164309144,0.29412906462236554,19.101472311069262,2020.668586,0.4557043411024851,6.00555145369269,85048328,28155073,1818666807,4.402383123245514,5.859782946660566,204,0,0,58.0,58,58,51.112665501249516,0.3062037995999066,0.7360802899006604
10,0,0.02049693817130499,5.911829427081881,60,0.9899929252614629,-0.04626858463120163,0.03917687839005565,2.934047758608372,0.27841140679982335,18.80358905146633,2020.668739,0.4557043756072845,6.005552087275627,66522888,37700650,1827646670,3.443444995658839,5.394955497962728,204,0,0,59.0,59,59,51.85526299980776,0.2898408925466618,0.7360803456348294
10,0,0.0038523653835511496,5.841896009738373,57,0.9948368572770891,-0.003996373926035935,0.00542904837699387,2.9573017189312867,0.30166536712273784,19.245970592078223,2020.668433,0.4557043065976857,6.005550820109754,7358164,101098406,1823413638,0.38088293765954695,5.614071253383084,204,0,0,57.0,57,57,50.05247831362937,0.3140494861984448,0.7360802341664915
10,0,0.0009329676454052275,8.10573675877588,275,0.9900164390489016,-0.011911231370221974,0.0024452370441395005,2.6626023188648307,0.00696596705628183,14.333541051202854,2745.1741525,0.6190959700387926,9.005776058843804,11196510,10942093,1909731605,0.5795684385852903,1.1459674106636464,204,0,0,275.0,275,275,203.82359549211841,0.00725193745561954,1.0
10,0,0.008654742982250697,6.081950862016777,68,0.9806031413061059,-0.049781222065515,0.011729384338479594,2.820869190493734,0.16523283868518535,16.79143929048462,2262.155626,0.5101648761998469,7.005564970128677,47898252,42968849,1841003107,2.479372154591454,4.703582084537223,204,0,0,68.0,68,68,58.777702686466746,0.17201606066724953,0.8240481296750808
10,0,0.139549723235266,7.00267537505608,128,0.9844677065271576,-0.002342221720612419,0.03348957293056077,2.6904915426204887,0.034855190811939885,14.73891894701099,2262.166336,0.510167291535804,7.005609320934256,27910296,22759609,1881200303,1.4447293552342,2.622842093126786,204,0,0,128.0,128,128,104.22714971405229,0.03628608371667935,0.8240520310669068
10,0,0.12312596627534751,6.019575074195444,65,0.9987693762436602,-0.07047468414508745,0.010793369213569456,2.8413307756462154,0.18569442383766654,17.13855794351499,2184.7298545,0.4927036950689006,6.68493982179573,63235554,39998094,1828636560,3.273281700713509,5.343715513211124,0,204,0,65.0,65,65,56.27391207708574,0.1933176451521796,0.7958438092207702
10,0,0.03798127879817699,5.6266377841813,49,0.9506714558173919,-0.07597006596408916,0.03318593081798009,3.214301658596827,0.5586653067882783,24.885906982362783,2020.667209,0.4557040305592906,6.005545751446259,84920764,38339201,1808610243,4.39577998813469,6.380344004973651,204,0,0,49.0,49,49,44.94948156958862,0.5815999172433044,0.7360797882931399
10,0,0.00468889811073041,6.733727896007258,106,0.9965238712611386,-0.029333561671464288,0.0058507871529826574,2.7051198854059724,0.049483533597423524,14.956109602323366,2262.1622305,0.5101663656570204,7.005592319792117,27418368,31160872,1873290968,1.4192655327702015,3.032255467133328,204,0,0,105.0,105,105,87.0130553753364,0.05151495662155844,0.8240505355333736
10,0,0.0170099668301627,6.399396838815453,84,0.9894549901696796,-0.034352065435332965,0.01313011909311311,2.7436286579648286,0.08799230615627973,15.543284151393348,2262.1583035,0.5101654800338362,7.005576057830071,36997062,36737902,1858135244,1.915090457257054,3.816765934619144,204,0,0,83.0,83,83,70.7983497933487,0.0916046107690995,0.8240491050230372
10,0,0.026220771149652933,5.919586311606504,61,0.9876770277829957,-0.033979593301025166,0.03217509730907331,2.883618275130383,0.2279819233218343,17.878846873469694,2020.669045,0.45570444461688325,6.005553354441501,51525207,48998032,1831346969,2.6671153572652435,5.203415766945768,204,0,0,61.0,61,61,53.55796748846598,0.2373411524320741,0.7360804571031673
10,0,0.0794807517519922,5.565005716414894,47,0.9367259273527296,-0.02852289004056708,0.0023439679324117734,3.3182739086365434,0.6626375568279945,27.612647448114803,2020.666903,0.45570396154969184,6.005544484280385,24048760,100211432,1807610016,1.2448434631070204,6.432119067079687,204,0,0,47.0,47,47,43.62837910899654,0.689840488626442,0.736079676824802
10,0,0.0018615658226625712,7.3189023405708316,160,0.9972303699463836,-0.022943705329720582,0.008546440932092196,2.6768108157338197,0.021174463925270892,14.53865283877011,2503.6597,0.5646292528315405,8.005649025464965,24544664,14411274,1892914270,1.270513096498872,2.0164883664896807,204,0,0,159.0,159,159,125.8076641195694,0.02204372871730161,0.9120221745203103
10,0,0.05314525698592249,5.598581437364096,48,0.9480176674336737,-0.020578806750104834,0.002274631427865762,3.2886075130252066,0.6329711612166578,26.805511330240623,2020.667056,0.4557039960544912,6.0055451178633215,17814638,107931693,1806123877,0.9221446620082667,6.509046543565726,204,0,0,48.0,48,48,43.52336841599385,0.65895621315272,0.736079732558971
10,0,0.009323371650146229,6.473062725321611,89,0.9877680948979966,-0.012942731408031267,0.029884632595971194,2.725391190402614,0.06975483859406495,15.262383257061867,2262.1593745,0.5101657215674319,7.005580492910629,33371795,35231113,1863267300,1.7274346310536406,3.551113719540314,204,0,0,89.0,89,89,75.5140060313341,0.07261844947354701,0.8240494951622199
10,0,0.040400936455008855,5.712013244487943,52,0.9509356044234223,-0.05111870042734469,0.03193762067670734,3.103249712460904,0.44761336065235513,22.27020557958642,2020.667668,0.45570413407368876,6.0055476521950695,64662831,51427448,1815779929,3.3471622851383604,6.009217312802,204,0,0,52.0,52,52,46.83186905276817,0.46598901050261043,0.7360799554956468
10,0,0.1348299118797433,5.981936681554502,63,0.9704136259316535,-0.06136893485325132,0.005718731621254434,2.858368553530605,0.20273220172205608,17.43306261543061,2020.669351,0.455704513626482,6.0055546216073745,52212250,45912998,1833744960,2.7026789783177816,5.0792878110370445,204,0,0,63.0,63,63,55.89267198913879,0.21105486650307712,0.7360805685715052
10,0,inf,5.456454789203393,44,0.9456130339215939,-0.03220390204415048,0.03192585956141486,3.635795850432321,0.980159498623772,37.93202910943915,2020.666444,0.4557038580352937,6.005542583531574,49949691,87376256,1794544261,2.5855614312573945,7.108445817494588,204,0,0,44.0,44,44,40.154464328623604,1.0203975016133673,0.7360795096222952
10,0,0.0031304249544132925,7.0739126148032945,135,0.9996013830524046,-0.02558436369270917,0.0064210656309246425,2.6859335626808094,0.03029721087226056,14.671892119626442,2503.654804,0.5646281486779601,8.005628750810986,24944776,20792308,1886133124,1.2912242187234972,2.367502941481253,204,0,0,135.0,135,135,108.62157883986929,0.03154098728147369,0.9120203910269039
10,0,0.005264036111104966,7.541360621409137,186,0.9985315934509604,-0.012705165474050128,0.011870636566465639,2.670794784702437,0.015158432893888296,14.451450421369024,2503.665004,0.5646304489979193,8.005670989673442,19165635,14042803,1898661770,0.992076741006402,1.7189787317223333,204,0,0,185.0,185,185,143.5872155541138,0.015780724540256332,0.912024106638167
10,0,0.001317321623228074,8.334987014508165,323,0.9868776290983616,-0.01222784628301632,0.012544088090253598,2.661113103541387,0.005476751732838014,14.312211208536507,2745.1851685,0.6190984543843485,9.005821676815257,19319680,781476,1911769052,1.000050620377909,1.0405024062568908,204,0,0,323.0,323,323,234.51711631343713,0.0057015861122513955,1.000004012860164
10,0,0.008107493384762576,6.104829070178258,69,0.9899042652213559,-0.013028519070059565,0.010841906423216663,2.8050087638523267,0.14937241204377782,16.527220747549972,2262.1558045,0.5101649164554461,7.00556570930877,18616042,70297435,1842956731,0.9636279871654815,4.60245603621835,204,0,0,69.0,69,69,59.84182916426374,0.1555045237774495,0.8240481946982778
10,0,0.0012387929348548349,7.479982926085743,179,0.980187678068896,-0.033176523298833145,0.033176523298833145,2.6749013631473124,0.01926501133876357,14.5109184576723,2503.66378,0.5646301729595242,8.005665921009948,51678105,182124,1880009979,2.6750298641180765,2.6844572055225773,204,0,0,179.0,179,179,141.63665116782008,0.020055888318410434,0.9120236607648154
10,0,0.0006076009262849122,8.089843136205946,272,0.9971826426060968,-0.012705165474050128,0.012705165474050128,2.662922237230384,0.007285885421834948,14.338127347809683,2745.1732345,0.6190957630099962,9.005772257346184,19816741,2920782,1909132685,1.0257801439215528,1.176969493387415,204,0,0,271.0,271,271,200.08112865244138,0.00758498927156275,0.9999996655949862
10,0,0.002739206397197573,6.88516416632553,118,0.982276161327083,-0.020793317561588934,0.026422613720927097,2.6950873322293534,0.03945098042080453,14.806811808709067,2262.164551,0.5101668889798112,7.005601929133326,36792785,14990852,1880086571,1.904516403205489,2.6804925499425685,204,0,0,118.0,118,118,97.05827836649365,0.04107054200271408,0.8240513808349358
10,0,0.01620003971427728,6.328659507011301,80,0.9868024815605893,-0.048155369671055714,0.01018368324076384,2.7586670909559197,0.10303073914737082,15.778797223833728,2262.157768,0.5101653592670383,7.0055738402897925,45428947,33255348,1853185913,2.351552749862583,4.072959698543061,204,0,0,80.0,80,80,67.91986555651673,0.1072604091099158,0.8240489099534459
10,0,0.0004426045668696751,8.824068915672326,453,0.9979249944704289,-0.005797908375803752,0.008447924506514451,2.6576400145589867,0.00200366275043784,14.262589845058914,2745.2150035,0.6191051828202291,9.005945225487944,11115082,2666767,1918088359,0.575353455629251,0.7133941474395364,204,0,0,453.0,453,453,307.8837211048635,0.002085918126073602,1.0000148810231084
10,0,0.17068361731484205,7.882057714691924,236,0.9971826426060968,-0.010569291192333399,0.013103942841554944,2.6641097001232747,0.008473348314725904,14.355163454859394,2503.675204,0.5646327493178784,8.0057132285359,18463607,7629286,1905777315,0.9557374467260277,1.3506545570167,204,0,0,235.0,235,235,176.9635086264898,0.008821200491130403,0.9120278222494301
10,0,0.010233836118109739,6.288742508359915,78,0.9972303699463836,-0.023667031643004537,0.008537296035866539,2.7753207510019666,0.11968439919341778,16.04377222645955,2262.1572325,0.5101652385002404,7.005571622749513,25100594,55065103,1851704511,1.2992898744468862,4.149641972220941,204,0,0,77.0,77,77,65.73587232074202,0.12459774362288516,0.8240487148838547
10,0,0.062138522296386854,6.019575074195444,65,0.9987693762436602,-0.07047468414508745,0.012384096968983646,2.8413307756462154,0.18569442383766654,17.13855794351499,2184.7298545,0.4927036950689006,6.68493982179573,64475916,38757732,1828636560,3.337486945706862,5.343715513211124,0,204,0,65.0,65,65,56.27391207708574,0.1933176451521796,0.7958438092207702
10,0,0.027238965007221887,5.832746178294878,57,0.9948368572770891,-0.003631748318838835,0.00542904837699387,2.9573017189312867,0.30166536712273784,19.245970592078223,2020.668433,0.4557043065976857,6.005550820109754,7073427,101383143,1823413638,0.3661440075377983,5.614071253383084,204,0,0,57.0,57,57,50.05247831362937,0.3140494861984448,0.7360802341664915
10,0,0.012564292722925205,6.236776974528423,75,0.989519534404089,-0.019086615268934133,0.03917687839005565,2.795341366841028,0.139705015032479,16.368215365533448,2262.1568755,0.5101651579890419,7.005570144389328,45380060,36320498,1850169650,2.349022196836942,4.229091460786169,204,0,0,75.0,75,75,64.57665621395617,0.14544025589932907,0.8240485848374604
10,0,0.047362255137350116,5.7302907072613305,53,0.9891357840709754,-0.04619128241072416,0.058174897964067204,3.0591958981930016,0.4035595463844528,21.310414527909263,2020.667821,0.45570416857848817,6.005548285778006,81226060,34892786,1815751362,4.204529872847441,6.0106960353311685,204,0,0,53.0,53,53,47.018440924163784,0.4201266767920012,0.7360800112298157
10,0,0.16849854903077283,7.0268617563682385,130,0.9969015207498575,-0.009959779063462262,0.017604230730229972,2.688581342748391,0.03294499093984227,14.710791538961939,2461.967733875,0.555226815398755,7.832999885984059,21493632,26147335,1884229241,1.1125815756665989,2.466054230906179,0,204,0,129.0,129,129,104.55886407871972,0.03429746535425224,0.8968348079603301
