gen,rank,crowding,b,k_init,c,alpha,beta,loss,delta_loss,ppl,size_mb,size_ratio,target_bits_per_weight,n_pruned,n_rounded_zero,n_nonzero,pruned_pct,sparsity_pct,n_dense_matrices,n_bitmap_matrices,n_csr_matrices,k_used_mean,k_used_min,k_used_max,k_used_row_mean,f1_norm,f2_norm
1,0,0.17462752887545763,7.568420714113126,190,0.982276161327083,-0.033176523298833145,0.033176523298833145,2.6733598322418763,0.0177234804333275,14.4885666608226,2503.666024,0.5646306790299152,8.00567521355969,51678105,149348,1880042755,2.6750298641180765,2.6827606112138978,204,0,0,190.0,190,190,148.3278621804114,0.018451073707344227,0.9120244781992933
1,0,0.03656090720795469,6.288742508359915,78,0.9370459706034869,-0.03192585956141486,0.03192585956141486,2.794246220740098,0.13860986893154914,16.350299590283008,2262.157411,0.5101652787558397,7.005572361929606,49733880,25601197,1856535131,2.5743903391671332,3.89959308280818,204,0,0,78.0,78,78,69.00496503748558,0.14430015130731166,0.8240487799070518
1,0,0.1774169788045349,6.824250727525302,113,0.9568741195952893,-0.008699850961340827,0.008699850961340827,2.717742903149879,0.06210655134133036,15.146097426325973,2262.1636585,0.5101666877018147,7.0055982332328615,13572708,38668250,1879629250,0.7025683166392097,2.704164999473919,204,0,0,113.0,113,113,95.95806751009228,0.0646561808680092,0.8240510557189504
1,0,0.2852279129571547,5.6266377841813,49,0.9501044775103363,-0.0016289502386101385,0.0016289502386101385,3.2362981292172996,0.5806617774087508,25.43937394826579,2020.667209,0.4557040305592906,6.005545751446259,2544194,118255955,1811070059,0.131695907388826,6.253015782310775,204,0,0,49.0,49,49,44.96491884131103,0.6044993980900001,0.7360797882931399
1,0,0.18760452276140482,7.210265656935533,148,0.9370922283862438,-0.04656389773232726,0.04656389773232726,2.7117707383417184,0.0561343865331696,15.055912005445489,2503.657456,0.5646287467611495,8.005639732915226,72495547,128830,1859245831,3.7526096059554743,3.7592782734190804,204,0,0,148.0,148,148,123.37602274365629,0.058438843732546056,0.9120213570858323
1,0,0.30835428651820446,6.007649788028051,64,0.9936043570048964,-0.057912447260671227,0.057912447260671227,2.884029487196154,0.2283931353876052,17.886200382848408,2020.669351,0.455704513626482,6.0055546216073745,90123384,9319018,1832427806,4.665084829549792,5.147468064272774,204,0,0,63.0,63,63,54.90888420319108,0.23776924578334502,0.7360805685715052
1,0,0.04011862644134334,6.728412738673232,106,0.9992375564055838,-0.08122762539534008,0.08122762539534008,2.7322826078011455,0.07664625599259667,15.367925962300934,2262.1622305,0.5101663656570204,7.005592319792117,126292605,126578,1805451025,6.537323494974669,6.543875591460024,204,0,0,105.0,105,105,86.82262681420607,0.07979277682119826,0.8240505355333736
1,0,inf,8.10573675877588,275,0.9971826426060968,-0.012705165474050128,0.012705165474050128,2.6626363976967293,0.007000045888180484,14.334029529862194,2745.1741525,0.6190959700387926,9.005776058843804,19816741,2641389,1909412078,1.0257801439215528,1.1625071864041086,204,0,0,275.0,275,275,202.61769812091504,0.007287415308944549,1.0
1,0,0.18471262120975182,5.781563590741548,55,0.9804124526182263,-0.05193835392675097,0.05193835392675097,3.072237259828002,0.41660090801945326,21.590151460886037,2020.668127,0.4557042375880869,6.005549552943879,80843676,29985130,1821041402,4.184736410615014,5.736866045195517,204,0,0,55.0,55,55,48.97106881968474,0.43370341899434234,0.7360801226981536
1,0,inf,5.505067348355028,45,0.9123753803650345,-0.027516301747259417,0.027516301747259417,3.6162026968594,0.960566345050851,37.196054612823424,2020.666597,0.455703892540093,6.005543217114512,42874161,83651429,1805344618,2.2193085654748086,6.549383570182371,204,0,0,45.0,45,45,42.484149726066896,1.0,0.7360795653564641
1,0,0.21373430992689496,6.188647703940861,73,0.9488584045351534,-0.05505996866409569,0.05505996866409569,2.8020015878682027,0.1463652360596539,16.477595140098558,2262.1565185,0.5101650774778433,7.005568666029141,85694605,2547684,1843627919,4.435836561127816,4.567713122474944,204,0,0,73.0,73,73,64.99760158352557,0.15237389568536833,0.8240484547910663
1,0,0.02014657133644109,7.416128676084227,171,0.9867738953776011,-0.04353907639951491,0.04353907639951491,2.6778063324526222,0.022169980644073384,14.553133517422893,2503.662148,0.5646298049083307,8.005659162791956,67794100,106855,1863969253,3.5092471388222783,3.514778307508327,204,0,0,171.0,171,171,135.31150278738946,0.023080113891456124,0.9120230662670133
1,1,0.5497022239404018,7.531617263364199,185,0.9553579400657995,-0.0429065625499905,0.0429065625499905,2.694408254618754,0.03877190281020537,14.796760247606736,2503.665004,0.5646304489979193,8.005670989673442,66811352,73855,1864985001,3.4583768476437937,3.462199827039312,204,0,0,185.0,185,185,148.80324875048058,0.04036358655492229,0.912024106638167
1,1,0.08987116675750904,6.772911065085275,109,0.9381021226096482,-0.015497375104319677,0.015497375104319677,2.74469585260299,0.08905950079444125,15.559880715205933,2262.1629445,0.5101665266794176,7.005595276512489,24168486,28942854,1878758868,1.2510408773796877,2.7492188543548366,204,0,0,109.0,109,109,94.2725078695694,0.09271561642077578,0.8240507956261619
1,1,0.2695721089408466,8.111152845622327,277,0.9716890189158995,-0.07156584618821654,0.07156584618821654,2.689402877964156,0.033766526155607046,14.722881937927227,2745.17432125,0.6190960080955566,9.005776757648514,111320206,1822,1820548180,5.762302536630867,5.762396849385029,204,0,0,275.7352941176471,275,277,204.57314944973086,0.035152726648797476,1.0000000614715099
1,1,0.322660997615787,6.2087978319319825,74,0.9579219568941896,-0.017169582045978116,0.017169582045978116,2.823916677037972,0.16828032522942316,16.84268902755906,2262.156697,0.5101651177334426,7.0055694052092345,26773006,54512524,1850584678,1.3858594583182267,4.2076082370022245,204,0,0,74.0,74,74,64.69635777104959,0.1751886541689264,0.8240485198142633
1,1,inf,8.834637145786576,457,0.94823034369429,-0.012045389864119927,0.012045389864119927,2.6774067359257163,0.021770384117167474,14.547319297562131,2745.2159215,0.6191053898490254,9.005949026985565,18788042,77381,1913004785,0.9725312768009723,0.9765367736340184,204,0,0,457.0,457,457,322.8534502955594,0.022664112926020722,1.000015215428122
1,1,0.30903224628978776,6.935876843619241,122,0.9490706994354521,-0.060534633215716616,0.060534633215716616,2.73181796574744,0.07618161393889133,15.360787036271681,2262.165265,0.5101670500022083,7.005604885853698,94195083,137285,1837537840,4.875849454581992,4.8829557808471575,204,0,0,122.0,122,122,102.76413368656286,0.07930906004713124,0.8240516409277243
1,1,0.32788205354328953,6.743760520675979,107,0.902161207988033,-0.15135929705789594,0.15135929705789594,3.0826748772021557,0.42703852539360687,21.816681360509826,2262.069759,0.5101455113396572,7.005209389304895,234545056,8473,1697316679,12.140828872909458,12.14126746345063,202,2,0,106.05392156862744,105,107,92.45112456747405,0.4445695267108281,0.8240168504209314
1,1,inf,6.257220244486992,76,0.950452623702223,-0.15250582153408263,0.15250582153408263,3.1027565878312298,0.4471202360226809,22.259226300006294,2262.055311,0.5101422530040916,7.005149559198545,236304661,60272,1695505275,12.231911855229562,12.235031733560437,202,2,0,76.0,76,76,65.16514832035756,0.4654756418714743,0.8240115873668601
1,1,0.014144550319800813,8.39204163665157,336,0.9652587340560103,-0.06528855800908859,0.06528855800908859,2.677707662801365,0.02207131099281634,14.551697635654174,2745.187826875,0.6190990539052379,9.005832685318785,101576020,692,1830293496,5.25791119814194,5.25794701835373,204,0,0,334.5833333333333,334,336,242.16558384996156,0.022977393603820166,1.0000049812413494
1,1,0.09313077700513352,6.4431162189336595,87,0.9314439980204263,-0.09486424554721293,0.09486424554721293,2.8082658407102286,0.1526294889016797,16.58113893594794,2262.1590175,0.5101656410562333,7.0055790145504435,147404765,129293,1784336150,7.6301588165492324,7.636851450426218,204,0,0,87.0,87,87,77.25138318194925,0.15889531180024813,0.8240493651158257
1,2,0.08409969474893869,7.667152209384268,203,0.9471096206143133,-0.07224841741234411,0.07224841741234411,2.709746067734771,0.05410971592622227,15.02545958141398,2503.668652,0.564631271700587,8.00568609627837,112379443,9297,1819481468,5.8171321517682415,5.817613395278364,204,0,0,202.88235294117646,201,203,160.45242665080738,0.05633105532482275,0.9120254355156069
1,2,0.35828396265165074,6.882889782092165,118,0.9266975663091894,-0.037477103791692924,0.037477103791692924,2.7499875887231124,0.0943512369145636,15.642437740357396,2262.164551,0.5101668889798112,7.005601929133326,58369018,692706,1872808484,3.0213736801929088,3.057230436880364,204,0,0,118.0,118,118,101.50232482698962,0.09822459156589415,0.8240513808349358
1,2,0.30362639210243664,6.804056496020592,112,0.9247839562951359,-0.09040278975441537,0.09040278975441537,2.772927769230934,0.11729141742238536,16.005425671585286,2262.16348,0.5101666474462154,7.005597494052768,140498809,55920,1791315479,7.272683662607628,7.2755782670053994,204,0,0,112.0,112,112,96.08430050941945,0.12210652395506956,0.8240509906957533
1,2,0.3667838891051624,7.085132313316423,136,0.9101671902903716,-0.035765257859323385,0.035765257859323385,2.7356099835476413,0.07997363173909244,15.419145993309723,2503.655008,0.5646281946843593,8.005629595588236,55704595,346458,1875819155,2.8834543215855626,2.901388135077033,204,0,0,136.0,136,136,116.83557405805459,0.08325674967808575,0.9120204653391293
1,2,inf,8.919179772369665,484,0.9802025880273594,-0.0834226637343772,0.0834226637343772,2.6823351757084968,0.026698823899947932,14.619191849012894,2745.2211685,0.619106573160675,9.00597075515334,129693140,0,1802177068,6.713346448582947,6.713346448582947,204,0,0,479.8627450980392,478,484,320.0614201869473,0.02779487750899136,1.0000171267822688
1,2,0.32958971879240095,7.773356917175135,219,0.9860719068325894,-0.09511227339517137,0.09511227339517137,2.7066436417229767,0.05100728991442782,14.978916440426724,2503.671674,0.5646319532267553,8.005698610576637,147789677,1852,1784078679,7.650083136433977,7.650179002087494,204,0,0,217.69607843137254,217,219,164.26556042147251,0.05310126695280748,0.9120265363565127
1,2,inf,6.492073707125963,90,0.9986631544924323,-0.12942545855396703,0.12942545855396703,2.854584817369216,0.19894846556066703,17.367225140374124,2262.1593745,0.5101657215674319,7.005580492910629,200794235,61436,1731014537,10.393774600824528,10.396954731650379,204,0,0,89.0,89,89,73.55837147971934,0.20711579849295572,0.8240494951622199
1,3,0.3443457398926497,8.091860063077709,273,0.9438878439752052,-0.09057821743274748,0.09057821743274748,2.721268428845352,0.06563207703680307,15.199589620635384,2745.173294125,0.6190957764567195,9.00577250425718,140770948,18,1791099242,7.286770478526889,7.2867714102665015,204,0,0,271.2598039215686,269,273,205.28387969771242,0.06832643822569966,0.9999996873149198
1,3,0.31834221348096703,7.723855556748825,211,0.913975248360931,-0.027132218095239823,0.027132218095239823,2.740298389980836,0.08466203817228735,15.491606947048721,2503.670308,0.5646316451642981,8.00569295388192,42276389,130805,1889463014,2.1883659070330257,2.1951368070375046,204,0,0,211.0,211,211,172.59236831987698,0.0881376269411203,0.9120260387560238
1,3,inf,8.411526463955344,341,0.9233939485865341,-0.05946126816386936,0.05946126816386936,2.7129959512700323,0.0573595994614835,15.074370008665191,2745.18898675,0.6190993154820627,9.005837488436491,92531073,859,1839338276,4.789714786056683,4.7897592507415485,204,0,0,339.6372549019608,339,341,254.68678212706652,0.059714354721065066,1.0000054037555273
1,3,inf,6.504565531815798,91,0.9685743345455946,-0.12354326897567107,0.12354326897567107,2.8576959256841663,0.20205957387561746,17.42134059478746,2262.1597315,0.5101658020786305,7.005581971270815,191721788,57150,1740091270,9.92415469766383,9.927112970935157,204,0,0,91.0,91,91,76.88808991733949,0.2103546255984231,0.824049625208614
1,3,0.6556542601073503,7.344677559305401,163,0.9686096365105449,-0.10819720033507628,0.10819720033507628,2.741047153370405,0.08541080156185599,15.503210838918823,2503.660307,0.5646293897231303,8.005651539091389,168032411,5716,1763832081,8.697914088853738,8.698209967944182,204,0,0,161.97549019607843,161,163,128.73626429738562,0.08891712894369046,0.912022395635608
1,4,0.41771519725193657,8.10967453174891,276,0.9194638707851968,-0.08517253135921168,0.08517253135921168,2.7441554383993965,0.08851908659084762,15.551474206364196,2745.174014125,0.6190959388322461,9.005775485823943,132405026,78,1799465104,6.853722649259883,6.853726686798206,204,0,0,274.3970588235294,272,276,211.2120488514033,0.09215301686023733,0.9999999495933619
1,4,0.2400586697222581,7.389439740000066,168,0.9874562040837465,-0.18489269097825983,0.18489269097825983,3.274169269630719,0.6185329178221703,26.42126741197436,2459.251668,0.5546142839730015,7.82175248079606,285893092,0,1645977116,14.798773272453715,14.798773272453715,0,204,0,165.2941176470588,164,168,126.09014111159169,0.6439252436950892,0.8958454113959896
1,4,0.14286236906879873,7.276173649801523,155,0.9416262425703192,-0.14225061884478543,0.14225061884478543,2.872038084178304,0.21640173236975535,17.673000582690204,2503.360631,0.5645618063227298,8.004410561312408,220541589,1034,1711327585,11.415963043827839,11.416016567092276,201,3,0,153.5686274509804,153,155,124.54982158304499,0.22528556562982574,0.9119132309767002
1,4,inf,8.698970616875195,416,0.9099113141579875,-0.0402283829618296,0.0402283829618296,2.7275126559243996,0.07187630411585078,15.294796246285019,2745.206265625,0.6191032122409876,9.005909041380072,62646007,1975,1869222226,3.2427647955115626,3.2428670280524354,204,0,0,414.9264705882353,414,416,304.59365238129567,0.07482700646986101,1.0000116980283276
1,4,0.13205651825418263,7.524371928151364,184,0.9288155614182462,-0.17649187452270246,0.17649187452270246,3.24091991355609,0.5852835617475414,25.55722137127846,2472.088931,0.5575093636102589,7.8749124206174415,273059044,0,1658811164,14.134440443733991,14.134440443733991,0,204,0,181.05392156862746,178,184,143.3366283400615,0.6093109182547483,0.9005217132576799
1,4,0.47851923464343055,7.351992119898539,163,0.9095049197564401,-0.0676778604612633,0.0676778604612633,2.7539238251880374,0.09828747337948851,15.704131414980585,2503.660516,0.5646294368571373,8.005652404573961,105285206,26199,1826558803,5.449910949711172,5.451267096717918,204,0,0,163.0,163,163,136.4749510404652,0.10232242039906708,0.9120224717692113
1,4,0.19936376395700658,7.250896967500839,152,0.957243051403385,-0.1717373799366347,0.1717373799366347,3.108420123690562,0.45278377188201313,22.385649890700783,2479.358244,0.5591487504517648,7.905015117868622,265783412,0,1666086796,13.75782963572675,13.75782963572675,0,204,0,150.07843137254903,148,152,118.93747296712803,0.47137168006655844,0.9031697467142751
1,4,inf,7.624744321294398,197,0.941860830079038,-0.194384544660363,0.194384544660363,3.568084273270764,0.9124479214622152,35.44861819630497,2444.779931,0.5513505952019259,7.761824077986921,300370474,0,1631499734,15.548170511463264,15.548170511463264,0,204,0,192.9656862745098,191,197,149.99205383746636,0.9499061945730688,0.8905737105143459
1,4,0.18055512044718955,7.202784079986476,147,0.9936139986838463,-0.16474331507990383,0.16474331507990383,2.9560722235533805,0.30043587174483166,19.222322300903304,2490.07057,0.5615646109720535,7.949375555565274,255069607,557,1676800044,13.20324760658041,13.203276438745103,0,204,0,145.55882352941177,145,147,113.2284863393887,0.31276951695504907,0.9070719858455317
1,5,inf,7.982552040051441,253,0.9262460515922865,-0.18346308179312087,0.18346308179312087,3.2984994125179856,0.6428630607094368,27.071984544441857,2461.45374,0.5551108986958575,7.830871403965458,283707826,0,1648162382,14.685656667054934,14.685656667054934,0,204,0,247.6764705882353,245,253,188.47821601066897,0.6692541999016263,0.8966475725259109
1,5,0.9422722605381819,7.528626859010362,185,0.9105897403750753,-0.13756819273754695,0.13756819273754695,2.8941750743066503,0.23853872249810149,18.068590047534634,2503.490631,0.564591124126131,8.004948899755485,213333650,0,1718536558,11.042856249688592,11.042856249688592,201,3,0,182.79901960784315,181,185,148.7240289191657,0.24833133466223364,0.9119605868065231
1,5,inf,8.112140451062837,277,0.9134552208413147,-0.09141138112824938,0.09141138112824938,2.7612119599208635,0.1055756081123147,15.819003333133589,2745.174112,0.6190959609051693,9.005775891130673,142060668,0,1789809540,7.353530657065757,7.353530657065757,204,0,0,274.8235294117647,273,277,213.00010362600923,0.10990975132147242,0.9999999852468376
1,5,0.055236827735289096,8.428301313357885,344,0.9462799365593516,-0.128370964104405,0.128370964104405,2.791210724309298,0.135574372500749,16.30074356585358,2744.823498625,0.6190168900282609,9.004323978373604,199168586,0,1732701622,10.309625624704493,10.309625624704493,201,3,0,339.3382352941176,336,344,244.52256043348712,0.14114004014326764,0.999872265344375
1,5,0.02853475214304442,8.664794405712263,406,0.9480910428300079,-0.12263493282860913,0.12263493282860913,2.7635756372881333,0.10793928547958442,15.85643857827659,2745.00883225,0.6190586867573484,9.005091456951543,190322112,0,1741548096,9.851702832408915,9.851702832408915,201,3,0,400.27450980392155,398,406,280.16761582083814,0.1123704635663352,0.9999397778644209
1,5,0.5211192434785601,8.12673721924165,280,0.9795114838983086,-0.1422398025270511,0.1422398025270511,2.8107328652520267,0.15509651344347786,16.622095512300866,2738.567083,0.6176059333875692,8.97841575493668,220525394,0,1711344814,11.415124736992682,11.415124736992682,0,204,0,275.97058823529414,274,280,199.25102574730872,0.16146361388006705,0.9975932057009996
1,6,inf,8.32645350311267,321,0.9804764357496802,-0.19503750466763908,0.19503750466763908,3.428011794991766,0.772375443183217,30.815314640553822,2647.634522125,0.597098679983718,8.60185811457992,301362025,0,1630508183,15.599496475075824,15.599496475075824,0,204,0,313.65686274509807,309,321,219.30031868752403,0.8040833901403537,0.9644686912536415
1,6,0.24494246791893431,8.315061821599972,318,0.9796817088325162,-0.1717239449875912,0.1717239449875912,2.998414401607392,0.3427780497988433,20.05371456353586,2687.68358725,0.6061306078124603,8.767703894318764,265762517,0,1666107691,13.756748041325974,13.756748041325974,0,204,0,311.9950980392157,308,318,219.21763714677047,0.35684994749706445,0.9790575890430688
1,6,0.7029230360134939,8.263318380652303,307,0.9105278079854126,-0.17340516474226264,0.17340516474226264,3.2154625211043886,0.5598261692958397,24.9148128733817,2684.785351,0.6054769930387086,8.755702109776518,268336380,0,1663533828,13.88997971441361,13.88997971441361,0,204,0,300.4901960784314,297,307,225.43884863994617,0.5828084360650834,0.9780018322535184
1,6,0.2970769639865061,8.051492234813141,265,0.9799244716512067,-0.16973157012957626,0.16973157012957626,2.9923099206608565,0.3366735688523077,19.93166993363045,2688.5419655,0.60632419061844,8.771258494400882,262713519,0,1669156689,13.59892180706997,13.59892180706997,0,204,0,260.4264705882353,257,265,188.69928633217992,0.35049486231425764,0.9793702753071509
1,6,inf,8.298850150000376,315,0.929535902534409,-0.15382177338202746,0.15382177338202746,2.9172632266791436,0.26162687487059477,18.49061353204807,2718.55135975,0.6130919561631363,8.895529345002457,238323956,0,1693546252,12.336437251999902,12.336437251999902,0,204,0,309.34313725490193,307,315,228.61522911860823,0.27236731353183585,0.990301965824006
1,,,6.858314182300337,116,0.9784763449252187,-0.19092250263233304,0.19092250263233304,3.6651876474742955,1.0095512956657466,39.06346563606314,2245.4399465,0.5063951300052436,6.936344255690287,295092469,2135,1636775604,15.274963492785536,15.275074007456302,0,204,0,114.62745098039215,114,116,91.92364264946174,1.0509959055585092,0.8179590152614188
1,,,8.683393502442101,411,0.9165531722735278,-0.19476994657359267,0.19476994657359267,3.668185119927075,1.0125487681185263,39.18073296320636,2648.112188125,0.597206403967406,8.60383616050877,300955092,0,1630915116,15.578432275301179,15.578432275301179,0,204,0,400.22058823529414,395,409,282.0109678368897,1.0541164317649745,0.9646426933290893
1,,,6.433542335650204,86,0.9087649919316101,-0.1817775532943183,0.1817775532943183,3.7343228279117495,1.0786864761032007,41.859669763321115,2257.63863125,0.5091461964764258,6.986859801504843,281133587,13682,1650722939,14.552405530962046,14.553113756594563,0,204,0,85.30882352941177,84,86,74.77207384179162,1.1229692583557012,0.8224026986389891
1,,,7.650697840633375,201,0.940638686144007,-0.19688071179824704,0.19688071179824704,3.7760465032133057,1.1204101514047569,43.64315712991729,2440.97695,0.5504929409765683,7.746075686674702,304174234,0,1627695974,15.745065726485906,15.745065726485906,0,204,0,196.7843137254902,195,201,152.6039729310842,1.166405795057752,0.889188377275456
1,,,6.736680755523931,107,0.9832678196057838,-0.19970542083196105,0.19970542083196105,3.888590456278195,1.2329541044696462,48.84199305628823,2233.728961375,0.5037540503165583,6.887848305697356,308473690,3072,1623393446,15.967619808131541,15.967778825025496,0,204,0,105.68137254901961,105,107,85.63173418877355,1.283569959349737,0.8136929889642037
1,,,5.5306181944331785,46,0.9958880245909081,-0.1255200132470581,0.1255200132470581,4.089232179672472,1.4335958278639236,59.69403980619278,2020.666597,0.455703892540093,6.005543217114512,194772936,928794,1736168478,10.082092223040275,10.130169676492056,204,0,0,45.0,45,45,40.224317269800075,1.4924485281524527,0.7360795653564641
1,,,5.471671845831264,44,0.9831112672124906,-0.016350094497388678,0.016350094497388678,4.109636121338964,1.453999769530415,60.9245443940558,2020.666291,0.45570382353049427,6.005541949948637,25495206,117298244,1789076758,1.319716298456423,7.391461880238282,204,0,0,43.0,43,43,38.927111868031524,1.51369010274188,0.7360794538881262
1,,,6.109321968480523,69,0.9659422634691902,-0.1890035533729196,0.1890035533729196,4.266504523459445,1.6108681716508961,71.27206984952367,2247.952569375,0.5069617806473252,6.946749190202326,292169079,44648,1639656481,15.12363914460241,15.125950272949186,0,204,0,69.0,69,69,59.07777357266436,1.6769983457682134,0.8188743025020159
1,,,6.049890896886481,66,0.9139768410953957,-0.18329626411098848,0.18329626411098848,4.30796419263876,1.6523278408302113,74.28909660009404,2255.572034375,0.5086801343157276,6.978301889626739,283454464,50691,1648365053,14.672541810841984,14.675165744882174,0,204,0,66.0,66,66,58.285626321607076,1.7201600382352968,0.821649887793412
1,,,8.561968102288697,378,0.9893446639697863,-0.21297140918439117,0.21297140918439117,4.310516077888612,1.654879726080063,74.47891594551598,2616.95827525,0.5901805247916577,8.474825783948319,328640915,0,1603229293,17.01154216463801,17.01154216463801,0,204,0,368.1421568627451,364,376,246.58230308054596,1.7228166847678346,0.9532940825873523
1,,,5.360369114360031,41,0.9725715628271427,-0.01081795028320911,0.01081795028320911,4.371417058172258,1.7157807063637094,79.1557205232644,2020.665985,0.4557037545208955,6.0055406827827635,16875421,131368713,1783626074,0.8735276795572386,7.673607335840234,204,0,0,41.0,41,41,37.51392793637063,1.7862178028659523,0.7360793424197885
1,,,6.320176811406849,80,0.9898366547361536,-0.19572991695630945,0.19572991695630945,4.413175365781575,1.7575390139730258,82.53111434218931,2239.003933875,0.50494367036811,6.909692309412124,302419719,23036,1629427453,15.654246219423039,15.655438639074452,0,204,0,78.88235294117646,77,79,65.68285785515187,1.8296903936187605,0.8156145328105917
1,,,8.724699260425378,423,0.9119733588501123,-0.2106006543331114,0.2106006543331114,4.613406853612947,1.957770501804398,100.82706822966823,2621.017453,0.5910959569089271,8.49163510264143,325041438,0,1606828770,16.8252213142468,16.8252213142468,0,204,0,410.69607843137254,405,421,287.6917952229912,2.03814188566096,0.954772742054659
1,,,5.9135160751802225,60,0.9367511810115128,-0.1903887352254789,0.1903887352254789,4.895894485272369,2.2402581334638203,133.7395812134435,2020.392262,0.45564202408166177,6.004407178062348,294281684,75020,1637513504,15.232994576000005,15.23687785965381,201,3,0,60.0,60,60,52.62190023068051,2.33222634230978,0.7359796318058914
1,,,5.192527645797656,37,0.9591143816110972,-0.044531696976017394,0.044531696976017394,5.378728131404666,2.7230917795961176,216.74642706696395,2020.665373,0.45570361650169794,6.005538148451016,69337852,93014734,1769517622,3.5891568549930244,8.403907536214772,204,0,0,37.0,37,37,34.38413110342176,2.834881519247857,0.7360791194831126
1,,,8.865509340835047,466,0.9596042553234373,-0.2352242845024224,0.2352242845024224,6.258233514365535,3.602597162556986,522.2954972310395,2579.082885625,0.5816388076626616,8.317981335628113,362324898,0,1569545310,18.75513668048656,18.75513668048656,0,204,0,451.328431372549,444,464,295.7568107819108,3.750492801583913,0.9394970017753728
1,,,8.74437981052535,429,0.9437904037198753,-0.23622966659578615,0.23622966659578615,6.275792124216651,3.6201557724081024,531.5472665016053,2577.364177,0.5812512018044179,8.310864051587465,363845297,0,1568024911,18.833837568036042,18.833837568036042,0,204,0,415.3382352941176,409,427,280.6353926374471,3.7687722363586,0.9388709181356755
1,,,6.253791279993681,76,0.9952899395069745,-0.22038632758054846,0.22038632758054846,6.444358210710415,3.788721858901866,629.1427702728039,2206.224956875,0.4975513041882764,6.773952436767429,339885303,18253,1591966652,17.593588927067298,17.59453376279821,0,204,0,74.5343137254902,73,75,62.12412293348712,3.944258383007679,0.803673950836895
1,,,5.1526659431759105,36,0.9181498409596525,-0.12121031722222979,0.12121031722222979,6.528279001210804,3.8726426494022554,684.2196564365169,2020.66522,0.45570358199689853,6.005537514868079,188127513,2998453,1740744242,9.738103120020783,9.893312977680123,204,0,0,36.0,36,36,33.74155222750865,4.03162433220294,0.7360790637489437
1,,,5.454453251704668,44,0.9850533679190783,-0.18780374428231714,0.18780374428231714,6.596322279996737,3.940685928188188,732.3966801821535,2020.43789575,0.4556523154763614,6.00459615038486,290336184,335077,1641198947,15.028762429157974,15.046107124397459,201,3,0,43.0,43,43,38.87320982314495,4.102460958050298,0.7359962550681928
1,,,8.633541453689249,397,0.969970713381075,-0.24044454325782458,0.24044454325782458,6.633043252845246,3.977406901036697,759.7908916418845,2570.2037455,0.5796363700891507,8.281212239699283,370203859,0,1561666349,19.162977795659447,19.162977795659447,0,204,0,384.62254901960785,379,395,257.94657853950406,4.1406894188304495,0.9362625475543486
1,,,8.029749035013173,261,0.9719462955950937,-0.24028915609250284,0.24028915609250284,6.707565948680138,4.051929596871589,818.5757572104158,2427.317595,0.5474124618652055,7.689511410489126,369970067,0,1561900141,19.150875947459095,19.150875947459095,0,204,0,253.59803921568627,249,261,182.43335345780469,4.2182714580293625,0.8842126073456827
1,,,5.069123105033969,34,0.9090047860775642,-0.010848813148408864,0.010848813148408864,6.76588244640833,4.110246094599781,867.7315966637013,2020.664914,0.4557035129872998,6.005536247702206,16923103,156089420,1758857685,0.8759958577921193,8.955701179279224,204,0,0,34.0,34,34,32.098916282199156,4.27898199408828,0.7360789522806057
1,,,5.565886682316867,47,0.9824664190456341,-0.20993278337671983,0.20993278337671983,7.238201952003886,4.582565600195337,1391.5895751822866,2018.7013335,0.4552606832406734,5.997404933323554,324023736,169409,1607677063,16.77254168826646,16.78131085916099,128,76,0,47.0,47,47,42.116810541618605,4.770691398679746,0.7353636677882861
1,,,5.467948255555593,44,0.9506329931620633,-0.2128734855301862,0.2128734855301862,7.468530599932351,4.812894248123802,1752.0303596829394,2015.6274115,0.4545674475416995,5.984675622680341,328493582,203496,1603173130,17.003915720615534,17.014449347520557,0,204,0,44.0,44,44,39.97056720972703,5.01047561464275,0.7342439129642796
1,,,5.393794393231394,42,0.9587644572177713,-0.20943623519359114,0.20943623519359114,7.666356156148384,5.0107198043398355,2135.28660132177,2018.87672375,0.45530023752427334,5.998131235739828,323273716,264823,1608331669,16.733718169124536,16.74742628465442,133,71,0,42.0,42,42,38.05774221453287,5.216422405549276,0.7354275581792984
1,,,7.315719968658191,159,0.9346869804534838,-0.2513940655966149,0.2513940655966149,7.676451622944782,5.020815271136233,2156.952495953588,2358.450733,0.5318814993961796,7.4043292622689485,386691870,0,1545178338,20.01645185057898,20.01645185057898,0,204,0,154.72058823529412,153,159,122.94688190840061,5.226932316549607,0.8591260889048459
1,,,5.542050001509818,47,0.955403614353905,-0.22355643849865334,0.22355643849865334,7.797992887063672,5.142356535255123,2435.70832652084,2003.5428955,0.45184212858564854,5.934632857074423,344686703,123675,1587059830,17.842125292508264,17.848527120099366,0,204,0,47.0,47,47,42.270641099577084,5.353463154055115,0.7298418184782176
1,,,5.493221267396053,45,0.9450385937895567,-0.23438821062945475,0.23438821062945475,8.323990091790673,5.668353739982124,4121.57269581221,1991.26165675,0.4490724444072204,5.883775449784254,361063579,121376,1570685253,18.689846631767097,18.69612945550429,0,204,0,45.0,45,45,40.72678477028066,5.901053861804881,0.7253680626916073
1,,,8.02801166755648,261,0.9354525968129869,-0.2637600072923236,0.2637600072923236,9.13372717010841,6.478090818299861,9262.480553439336,2387.115799625,0.5383460900715178,7.523033164865701,405249311,0,1526620897,20.97704645590766,20.97704645590766,0,204,0,252.24019607843138,249,261,186.0647512375048,6.744032675803273,0.8695680736506569
1,,,5.598543559728984,48,0.9683048953242455,-0.2510689738982815,0.2510689738982815,9.194691369634869,6.53905501782632,9844.728070694933,1972.431928,0.4448259345180637,5.8058003201010076,386203503,88369,1545578336,19.991172357268425,19.995746629371904,0,204,0,48.0,48,48,41.33651570309496,6.807499608452503,0.7185088516893282
1,,,8.144039978620654,283,0.9664850856592032,-0.26911001966898757,0.26911001966898757,9.201087493225604,6.545451141417055,9907.897974048132,2521.7427055,0.5687073605250157,8.080531925672721,413257684,0,1518612524,21.391586364791646,21.391586364791646,0,204,0,273.5686274509804,269,283,193.812384359381,6.814158308940699,0.9186093724521908
1,,,5.10173778876053,34,0.9436717389232363,-0.23303038220766556,0.23303038220766556,9.506487139621244,6.850850787812695,13446.674960319771,1992.57391075,0.44936838598248524,5.8892095788248735,359013246,419793,1572437169,18.583714605324044,18.60544448128888,0,204,0,34.0,34,34,31.421310313341024,7.132095375931603,0.7258460848232104
1,,,8.084039645939338,271,0.9661661263167761,-0.2940614354696045,0.2940614354696045,9.555268601201835,6.899632249393286,14118.885836942773,2446.68715075,0.5517807143840288,7.769721998839375,450450566,0,1481419642,23.31681311377208,23.31681311377208,0,204,0,260.9950980392157,257,269,185.09856785851596,7.1828794387211525,0.8912684641598525
1,,,7.327939082815147,161,0.964984660155482,-0.2783386290516841,0.2783386290516841,9.581920420651793,6.926284068843244,14500.23913949731,2318.099788,0.5227814911456986,7.237233378361617,427043150,0,1504827058,22.105167740130085,22.105167740130085,0,204,0,156.36274509803923,153,161,120.16427125384467,7.210625382129723,0.844427223638592
1,,,6.1302949742461434,70,0.9924808429312028,-0.2940081538662577,0.2940081538662577,9.585933877248909,6.93029752544036,14558.552160045312,2109.557765625,0.4757507679697116,6.373647319582248,450372418,6545,1481491245,23.312767914478858,23.313106705354816,0,204,0,67.75490196078431,67,69,56.123203815840064,7.214803601174971,0.768460450388493
1,,,6.4833205548899695,89,0.942588208637351,-0.28380733606742853,0.28380733606742853,9.817292571708407,7.161656219899858,18348.30670757264,2122.844113,0.4787471258178675,6.428666946967071,435198516,17,1496671675,22.527316493510522,22.52731737348682,0,204,0,87.20098039215686,85,89,72.99339496828144,7.455660149659657,0.7733003427366344
1,,,6.159054081101658,71,0.9661916514726895,-0.2731914681392656,0.2731914681392656,9.8201287534683,7.164492401659751,18400.419706417204,2136.695719125,0.4818709617037411,6.486027347547356,419357561,7008,1512505639,21.70733620009321,21.707698957382544,0,204,0,69.76470588235294,69,71,59.04402002835448,7.458612763786215,0.7783461450630134
1,,,7.209188598834089,148,0.9063817256104175,-0.29911039735127193,0.29911039735127193,10.139118516975108,7.483482165166559,25314.14266055538,2287.199538,0.5158128184184075,7.109273436241116,457940675,0,1473929533,23.704525961611598,23.704525961611598,0,204,0,143.0049019607843,140,148,115.42030108612072,7.7906978562427085,0.8331710160964003
1,,,5.411248865490893,43,0.9916011845137608,-0.2553393299285805,0.2553393299285805,10.165428828773816,7.509792476965267,25989.004631644762,1967.584777,0.443732797440572,5.785727953003352,392619688,134032,1539116488,20.323295342209658,20.330233282421425,0,204,0,43.0,43,43,37.8196952494233,7.818088272255374,0.7167431527825446
1,,,5.145178395092282,35,0.9493990819244519,-0.23163251973131416,0.23163251973131416,10.319506400611031,7.663870048802482,30318.288813404615,1994.21198875,0.44973780789602236,5.895992966210699,356900798,348341,1574621069,18.47436730076641,18.49239858457406,0,204,0,35.0,35,35,32.82719837322184,7.97849111442351,0.7264427966924768
1,,,5.35667379999116,41,0.9975622351636756,-0.27553256865466624,0.27553256865466624,10.431648123945674,7.776011772137125,33916.2023272402,1944.910357,0.4386192267652168,5.691831707153693,422856227,129645,1508884336,21.888438739255097,21.895149593817848,0,204,0,41.0,41,41,35.81297758073818,8.095236536447125,0.7084834145144457
1,,,5.500495500113225,45,0.9475704926225934,-0.2997314191422716,0.2997314191422716,10.530152694038723,7.874516342230174,37427.18885580891,1917.964198,0.43254228682691376,5.580245912669512,458864036,50864,1472955308,23.752322184990184,23.75495507408332,0,204,0,45.0,45,45,39.676430038927336,8.19778496592373,0.698667585899179
1,,,5.442428542478585,43,0.902114801633644,-0.2821783229086555,0.2821783229086555,10.61146285257866,7.955826500770111,40597.54405803114,1937.523988,0.43695344127144226,5.661244273404106,432771626,63146,1499035436,22.4016926296531,22.404961275742185,0,204,0,43.0,43,43,39.06255857122261,8.282433110176205,0.7057927404115757
1,,,5.365580591754085,41,0.9902602396543841,-0.25482265287692185,0.25482265287692185,10.938049018237436,8.282412666428886,56277.439712710744,1968.14581225,0.44385932298796155,5.788051236411013,391841499,163766,1539864943,20.283013702336675,20.29149077286252,0,204,0,41.0,41,41,36.59193279027297,8.622426456124098,0.7169475242427265
1,,,5.033812484503407,33,0.9229656029998855,-0.26524371341004516,0.26524371341004516,10.973922319510068,8.31828596770152,58332.945725518504,1765.8301435,0.3982327768233906,4.950248912374138,407473579,261809,1524134820,21.092181933994606,21.105734034902618,0,204,0,33.0,33,33,31.481799368031528,8.659772446286532,0.6432488597824942
2,0,0.1745774098050972,7.568420714113126,190,0.982276161327083,-0.033176523298833145,0.033176523298833145,2.6733598322418763,0.0177234804333275,14.4885666608226,2503.666024,0.5646306790299152,8.00567521355969,51678105,149348,1880042755,2.6750298641180765,2.6827606112138978,204,0,0,190.0,190,190,148.3278621804114,0.018451073707344227,0.9120244781992933
2,0,0.04311947831359775,6.288742508359915,78,0.9370459706034869,-0.03192585956141486,0.03192585956141486,2.794246220740098,0.13860986893154914,16.350299590283008,2262.157411,0.5101652787558397,7.005572361929606,49733880,25601197,1856535131,2.5743903391671332,3.89959308280818,204,0,0,78.0,78,78,69.00496503748558,0.14430015130731166,0.8240487799070518
2,0,0.17060784215829858,6.824250727525302,113,0.9568741195952893,-0.008699850961340827,0.008699850961340827,2.717742903149879,0.06210655134133036,15.146097426325973,2262.1636585,0.5101666877018147,7.0055982332328615,13572708,38668250,1879629250,0.7025683166392097,2.704164999473919,204,0,0,113.0,113,113,95.95806751009228,0.0646561808680092,0.8240510557189504
2,0,0.18745872396542299,7.210265656935533,148,0.9370922283862438,-0.04656389773232726,0.04656389773232726,2.7117707383417184,0.0561343865331696,15.055912005445489,2503.657456,0.5646287467611495,8.005639732915226,72495547,128830,1859245831,3.7526096059554743,3.7592782734190804,204,0,0,148.0,148,148,123.37602274365629,0.058438843732546056,0.9120213570858323
2,0,0.2950236323509555,6.007649788028051,64,0.9936043570048964,-0.057912447260671227,0.057912447260671227,2.884029487196154,0.2283931353876052,17.886200382848408,2020.669351,0.455704513626482,6.0055546216073745,90123384,9319018,1832427806,4.665084829549792,5.147468064272774,204,0,0,63.0,63,63,54.90888420319108,0.23776924578334502,0.7360805685715052
2,0,0.1736171024625951,8.10573675877588,275,0.9971826426060968,-0.012705165474050128,0.012705165474050128,2.6626363976967293,0.007000045888180484,14.334029529862194,2745.1741525,0.6190959700387926,9.005776058843804,19816741,2641389,1909412078,1.0257801439215528,1.1625071864041086,204,0,0,275.0,275,275,202.61769812091504,0.007287415308944549,1.0
2,0,inf,5.505067348355028,45,0.9123753803650345,-0.027516301747259417,0.027516301747259417,3.6162026968594,0.960566345050851,37.196054612823424,2020.666597,0.455703892540093,6.005543217114512,42874161,83651429,1805344618,2.2193085654748086,6.549383570182371,204,0,0,45.0,45,45,42.484149726066896,1.0,0.7360795653564641
2,0,0.015988693489285194,6.188647703940861,73,0.9488584045351534,-0.05505996866409569,0.05505996866409569,2.8020015878682027,0.1463652360596539,16.477595140098558,2262.1565185,0.5101650774778433,7.005568666029141,85694605,2547684,1843627919,4.435836561127816,4.567713122474944,204,0,0,73.0,73,73,64.99760158352557,0.15237389568536833,0.8240484547910663
2,0,0.00235185339844549,7.416128676084227,171,0.9867738953776011,-0.04353907639951491,0.04353907639951491,2.6778063324526222,0.022169980644073384,14.553133517422893,2503.662148,0.5646298049083307,8.005659162791956,67794100,106855,1863969253,3.5092471388222783,3.514778307508327,204,0,0,171.0,171,171,135.31150278738946,0.023080113891456124,0.9120230662670133
2,0,0.2844323894608453,5.6266377841813,49,0.9506714558173919,-0.07597006596408916,0.033216660224625924,3.214301658596827,0.5586653067882783,24.885906982362783,2020.667209,0.4557040305592906,6.005545751446259,84944521,38315444,1808610243,4.397009729133936,6.380344004973651,204,0,0,49.0,49,49,44.94948156958862,0.5815999172433044,0.7360797882931399
2,0,0.20943852810967922,6.0888490475805295,68,0.957263505158246,-0.013028519070059565,0.012432634178630851,2.8248925090243775,0.16925615721582865,16.85913268406736,2262.155626,0.5101648761998469,7.005564970128677,19856921,68740021,1843273266,1.0278599937910529,4.586071136306896,204,0,0,68.0,68,68,59.86531171905037,0.1762045465031033,0.8240481296750808
2,0,0.03991432740822413,6.6992910446864355,104,0.9788470407736577,-0.06332419083844198,0.06674309185862634,2.719353387457135,0.06371703564858633,15.170509631007102,2262.162052,0.5101663254014212,7.005591580612024,101179854,229073,1830461281,5.237404333945814,5.24926191107762,204,0,0,104.0,104,104,86.8334609885621,0.06633277959078739,0.8240504705101764
2,0,0.17229685168999206,5.781563590741548,55,0.9804189182511,-0.05193835392675097,0.05193835392675097,3.0709776438092042,0.4153412920006554,21.56297328088656,2020.668127,0.4557042375880869,6.005549552943879,80843676,29989413,1821037119,4.184736410615014,5.7370877474601025,204,0,0,55.0,55,55,48.97093215349865,0.4323920925822857,0.7360801226981536
2,0,0.017721684980290996,7.39741310772172,169,0.9835826804139742,-0.037874526593534255,0.04353907639951491,2.677862421733668,0.02222606992511933,14.553949815111412,2503.66174,0.5646297128955323,8.005657473237457,63392938,134223,1868343047,3.2814284177832302,3.2883762447875586,204,0,0,169.0,169,169,134.27141604190695,0.023138505778008193,0.9120229176425628
2,0,inf,8.840186890104919,458,0.9988832393152698,-0.012705165474050128,0.012705165474050128,2.6577551058576816,0.002118754049132754,14.264231439511741,2745.2159215,0.6191053898490254,9.005949026985565,19816741,81206,1911972261,1.0257801439215528,1.0299836354223648,204,0,0,457.0,457,457,309.8667429594387,0.0022057342109155303,1.000015215428122
2,0,0.002575281481712343,8.444648241685547,348,0.9971826426060968,-0.02267547139406055,0.012705165474050128,2.6600474370183975,0.004411085209848675,14.296967288092105,2745.1906765,0.6190996965571265,9.005844485800983,27580033,209493,1904080682,1.4276338485778854,1.4384779000639778,204,0,0,347.0,347,347,247.0665444180123,0.00459217130870347,1.000006019290246
2,1,0.28415821427516064,5.6266377841813,49,0.9501044775103363,-0.0016289502386101385,0.0016289502386101385,3.2362981292172996,0.5806617774087508,25.43937394826579,2020.667209,0.4557040305592906,6.005545751446259,2544194,118255955,1811070059,0.131695907388826,6.253015782310775,204,0,0,49.0,49,49,44.96491884131103,0.6044993980900001,0.7360797882931399
2,1,0.03336285611504863,6.728412738673232,106,0.9992375564055838,-0.08122762539534008,0.08122762539534008,2.7322826078011455,0.07664625599259667,15.367925962300934,2262.1622305,0.5101663656570204,7.005592319792117,126292605,126578,1805451025,6.537323494974669,6.543875591460024,204,0,0,105.0,105,105,86.82262681420607,0.07979277682119826,0.8240505355333736
2,1,0.1650464383714977,5.781563590741548,55,0.9804124526182263,-0.05193835392675097,0.05193835392675097,3.072237259828002,0.41660090801945326,21.590151460886037,2020.668127,0.4557042375880869,6.005549552943879,80843676,29985130,1821041402,4.184736410615014,5.736866045195517,204,0,0,55.0,55,55,48.97106881968474,0.43370341899434234,0.7360801226981536
2,1,0.017282043442123005,6.2087978319319825,74,0.9579219568941896,-0.017169582045978116,0.017169582045978116,2.823916677037972,0.16828032522942316,16.84268902755906,2262.156697,0.5101651177334426,7.0055694052092345,26773006,54512524,1850584678,1.3858594583182267,4.2076082370022245,204,0,0,74.0,74,74,64.69635777104959,0.1751886541689264,0.8240485198142633
2,1,0.17594754095846016,6.935876843619241,122,0.9490706994354521,-0.060534633215716616,0.060534633215716616,2.73181796574744,0.07618161393889133,15.360787036271681,2262.165265,0.5101670500022083,7.005604885853698,94195083,137285,1837537840,4.875849454581992,4.8829557808471575,204,0,0,122.0,122,122,102.76413368656286,0.07930906004713124,0.8240516409277243
2,1,0.17175637703289243,8.39204163665157,336,0.9652587340560103,-0.06528855800908859,0.06528855800908859,2.677707662801365,0.02207131099281634,14.551697635654174,2745.187826875,0.6190990539052379,9.005832685318785,101576020,692,1830293496,5.25791119814194,5.25794701835373,204,0,0,334.5833333333333,334,336,242.16558384996156,0.022977393603820166,1.0000049812413494
2,1,0.19449785420894208,7.210265656935533,148,0.9368697313878519,-0.04877721968045418,0.04828903449244319,2.7144452976959186,0.058808945887369735,15.09623383326048,2503.657456,0.5646287467611495,8.005639732915226,75554544,115385,1856200279,3.910953421566507,3.916926131302502,204,0,0,148.0,148,148,123.39872434880814,0.06122320044874825,0.9120213570858323
2,1,0.29343516576963924,6.006513070472662,64,0.9123753803650345,-0.027516301747259417,0.057703015133737864,2.9196377163930354,0.26400136458448653,18.534571471867796,2020.669504,0.4557045481312814,6.005555255190312,66336479,25865083,1839668646,3.433795848463128,4.772658205410868,204,0,0,64.0,64,64,58.451396398019995,0.27483928199723745,0.7360806243056741
2,1,inf,8.914917544230004,483,0.9897083084052155,-0.012045389864119927,0.009008741550810287,2.6581141812427487,0.0024778294341998297,14.269354293598928,2745.2218885,0.6191067355362015,9.005973736720101,16420093,175243,1915274872,0.8499583943063737,0.859029552362143,204,0,0,483.0,483,483,326.68401275951555,0.002579550540122928,1.000017389060711
2,1,0.04776391430128731,6.288742508359915,78,0.937322407915941,-0.032473859560713594,0.03192585956141486,2.795818625162681,0.14018227335413203,16.37602909696312,2262.157411,0.5101652787558397,7.005572361929606,50159538,25204226,1856506444,2.596423806955876,3.901078016934769,204,0,0,78.0,78,78,68.99437716262976,0.14593710687075026,0.8240487799070518
2,1,inf,5.505067348355028,45,0.9123753803650345,-0.07900862121809557,0.027516301747259417,3.6174304032244216,0.9617940514158727,37.24174848941746,2020.666597,0.455703892540093,6.005543217114512,82865435,45955079,1803049694,4.289389352185713,6.668176436830274,204,0,0,45.0,45,45,42.484149726066896,1.0012781067870504,0.7360795653564641
2,1,0.21653535360034623,6.188647703940861,73,0.9409702632171969,-0.0584002119503473,0.06463965704593529,2.828975332732543,0.17333898092399425,16.92810625834854,2262.1565185,0.5101650774778433,7.005568666029141,95723119,1191570,1834955519,4.954945658543951,5.016625268026288,204,0,0,73.0,73,73,65.37215253748558,0.1804549803530936,0.8240484547910663
2,1,0.010235717345295521,8.396972325642441,337,0.995932114552335,-0.057513991075212004,0.03607242153494252,2.668636480423667,0.013000128615118012,14.4202934293196,2745.188242,0.6190991475248774,9.005834404378371,72841953,7752,1859020503,3.7705407277547294,3.770941996948068,204,0,0,336.3921568627451,336,337,238.69643286236064,0.013533816463692368,1.0000051324612638
2,1,0.18582272969966412,7.416128676084227,171,0.9862068236353331,-0.0003621095616554472,0.04313562021453371,2.67839161733563,0.022755265527081292,14.561653739606436,2503.662148,0.5646298049083307,8.005659162791956,33864819,17517381,1880488008,1.7529551861074095,2.659712841329763,204,0,0,171.0,171,171,135.37668204536718,0.023689426185212286,0.9120230662670133
2,2,0.1776703802021409,6.772911065085275,109,0.9381021226096482,-0.015497375104319677,0.015497375104319677,2.74469585260299,0.08905950079444125,15.559880715205933,2262.1629445,0.5101665266794176,7.005595276512489,24168486,28942854,1878758868,1.2510408773796877,2.7492188543548366,204,0,0,109.0,109,109,94.2725078695694,0.09271561642077578,0.8240507956261619
2,2,inf,8.834637145786576,457,0.94823034369429,-0.012045389864119927,0.012045389864119927,2.6774067359257163,0.021770384117167474,14.547319297562131,2745.2159215,0.6191053898490254,9.005949026985565,18788042,77381,1913004785,0.9725312768009723,0.9765367736340184,204,0,0,457.0,457,457,322.8534502955594,0.022664112926020722,1.000015215428122
2,2,0.15063122505025972,6.4431162189336595,87,0.9314439980204263,-0.09486424554721293,0.09486424554721293,2.8082658407102286,0.1526294889016797,16.58113893594794,2262.1590175,0.5101656410562333,7.0055790145504435,147404765,129293,1784336150,7.6301588165492324,7.636851450426218,204,0,0,87.0,87,87,77.25138318194925,0.15889531180024813,0.8240493651158257
2,2,0.21625670472717862,7.085132313316423,136,0.9105262341829692,-0.035765257859323385,0.03180939883015073,2.7343701752558767,0.07873382344732782,15.400041053933636,2503.655008,0.5646281946843593,8.005629595588236,52628512,471826,1878769870,2.7242260780285297,2.748649354398036,204,0,0,136.0,136,136,116.80913590926566,0.08196604414988094,0.9120204653391293
2,2,0.1705326549532987,7.566680956909708,190,0.982276161327083,-0.058678737372842356,0.033176523298833145,2.679432677477234,0.02379632566868528,14.576821190655066,2503.666024,0.5646306790299152,8.00567521355969,71495810,89952,1860284446,3.7008599078722373,3.7055161212983516,204,0,0,190.0,190,190,147.70047427672048,0.024773224453773193,0.9120244781992933
2,2,0.08187240641825427,6.743760520675979,107,0.9391728826523518,-0.15202528606335328,0.15119596908042268,3.008736226986138,0.35309987517758934,20.261777450600174,2262.067754375,0.5101450592534907,7.0052010880225755,234931943,10463,1696927802,12.160855425335075,12.161397024866798,202,2,0,106.23039215686275,105,107,90.19112090301807,0.3675955096666402,0.8240161201849286
2,2,0.4034412565959404,6.494024533935202,90,0.9425452481812604,-0.15665168516946038,0.15382177338202746,3.04088353062468,0.38524717881613135,20.92372181970298,2262.0357635,0.5101378446213071,7.005068611731498,240496674,25757,1691347777,12.448904331361788,12.450237598984703,202,2,0,90.0,90,90,76.4143883962899,0.4010625406574461,0.824004466689295
2,2,inf,5.663576729975723,51,0.9099113141579875,-0.04030535663468278,0.0026235885090504403,3.3069625839583745,0.6513262321498257,27.30207165085094,2020.667515,0.45570409956888935,6.005547018612132,33433480,77656935,1820779793,1.7306276509441363,5.750407793441163,204,0,0,51.0,51,51,47.85165561322568,0.6780648057322323,0.7360798997614778
2,2,0.15927870807256478,6.035954599244356,66,0.9338114530643405,-0.0878098726060309,0.08204955146015336,2.9379008637443658,0.2822645119358169,18.876181019447095,2262.155269,0.5101647956886484,7.00556349176849,132025414,530651,1799314143,6.834072674927859,6.861540928116016,204,0,0,66.0,66,66,59.25910407054979,0.2938521773015837,0.8240479996286865
2,2,0.043639551350325274,7.522322142499131,184,0.9598594992436077,-0.0429065625499905,0.038436714903894234,2.682244047864682,0.026607696056133,14.617859694280494,2503.6648,0.5646304029915201,8.005670144896193,63337150,91815,1868441243,3.278540646142621,3.283293294618683,204,0,0,184.0,184,184,146.90778636822375,0.02770000863888733,0.9120240323259418
2,2,0.05049067565101755,6.728412738673232,106,0.9992375564055838,-0.038615459557680795,0.08122762539534008,2.748245375297334,0.09260902348878508,15.615209001338883,2262.1622305,0.5101663656570204,7.005592319792117,93216793,1333514,1837319901,4.825209924247664,4.894237025265002,204,0,0,105.0,105,105,86.82274095299884,0.09641085591426013,0.8240505355333736
2,3,0.17605765956840594,6.743760520675979,107,0.902161207988033,-0.15135929705789594,0.15135929705789594,3.0826748772021557,0.42703852539360687,21.816681360509826,2262.069759,0.5101455113396572,7.005209389304895,234545056,8473,1697316679,12.140828872909458,12.14126746345063,202,2,0,106.05392156862744,105,107,92.45112456747405,0.4445695267108281,0.8240168504209314
2,3,0.38889055660428296,6.257220244486992,76,0.950452623702223,-0.15250582153408263,0.15250582153408263,3.1027565878312298,0.4471202360226809,22.259226300006294,2262.055311,0.5101422530040916,7.005149559198545,236304661,60272,1695505275,12.231911855229562,12.235031733560437,202,2,0,76.0,76,76,65.16514832035756,0.4654756418714743,0.8240115873668601
2,3,0.0318192665380617,6.804056496020592,112,0.9247839562951359,-0.09040278975441537,0.09040278975441537,2.772927769230934,0.11729141742238536,16.005425671585286,2262.16348,0.5101666474462154,7.005597494052768,140498809,55920,1791315479,7.272683662607628,7.2755782670053994,204,0,0,112.0,112,112,96.08430050941945,0.12210652395506956,0.8240509906957533
2,3,0.20312403154137926,7.085132313316423,136,0.9101671902903716,-0.035765257859323385,0.035765257859323385,2.7356099835476413,0.07997363173909244,15.419145993309723,2503.655008,0.5646281946843593,8.005629595588236,55704595,346458,1875819155,2.8834543215855626,2.901388135077033,204,0,0,136.0,136,136,116.83557405805459,0.08325674967808575,0.9120204653391293
2,3,inf,8.659520224704561,404,0.9472606827895608,-0.00173381889326054,0.03940275321259301,2.6808357928284914,0.025199441019942537,14.59728850788582,2745.203666875,0.6191026261668215,9.00589827978754,32032125,5862801,1893975282,1.658088875088652,1.9615668714738004,204,0,0,403.6029411764706,403,404,290.12912251297575,0.026233941205392235,1.0000107513670755
2,3,0.03749582489750779,6.7415787246253105,107,0.9285069449073498,-0.027891159272654033,0.06429031322206699,2.7925275794226305,0.13689122761408168,16.322223423195354,2262.1625875,0.510166446168219,7.0055937981523035,71739866,5146183,1854984159,3.713493054705257,3.9798765300903693,204,0,0,107.0,107,107,93.39495776864668,0.1425109554580895,0.8240506655797677
2,3,0.17392579044230694,7.996610977356104,255,0.9732786246502027,-0.07156584618821654,0.006176557835734987,2.6911992612092392,0.0355629094006904,14.749353645907535,2503.679169,0.5646336435108822,8.005729647858413,60484035,6911172,1864475001,3.1308539646986473,3.4885991160747793,204,0,0,254.43627450980392,254,255,192.06114685457516,0.03702285592652921,0.9120292666022397
2,3,0.17383720797207972,8.1001437933004,274,0.9551778040057899,-0.003069547494697067,0.012045389864119927,2.683212844930629,0.027576493122080326,14.63202829600445,2745.173923,0.6190959182815935,9.005775108469399,11791948,9765998,1910312262,0.610390281457252,1.1159106813039068,204,0,0,274.0,274,274,208.54164263744713,0.02870857725149684,0.9999999163987464
2,3,0.014457053020192671,6.504565531815798,91,0.9534071338457794,-0.12353857472831534,0.12129358588741704,2.8473557946037884,0.19171944279523956,17.242129777850828,2262.1597315,0.5101658020786305,7.005581971270815,189984743,55163,1741830302,9.834239495658707,9.83709491522942,204,0,0,91.0,91,91,77.77602364475202,0.19959000623230266,0.824049625208614
2,3,0.03070773791132129,7.531617263364199,185,0.9553579400657995,-0.0429065625499905,0.03459495335637223,2.693720051178888,0.038083699370339286,14.786580569551965,2503.665004,0.5646304489979193,8.005670989673442,60349173,102345,1871418690,3.1238730609380565,3.1291707770877326,204,0,0,185.0,185,185,148.8037308366974,0.03964713063970942,0.912024106638167
2,3,inf,5.70240058323548,52,0.939406384922488,-0.09097667361823723,0.09057821743274748,3.4043480444956127,0.7487116926870638,30.094668941649374,2020.667668,0.45570413407368876,6.0055476521950695,141079188,1367251,1789423769,7.302726001766677,7.373499441635367,204,0,0,52.0,52,52,47.223850201845444,0.7794481834020826,0.7360799554956468
2,3,0.03789228656417028,6.639631321779677,100,0.9983021147117854,-0.127212143754047,0.12770032903104,2.8271828294091534,0.1715464776006046,16.897789750959294,2262.1611595,0.5101661241234248,7.005587884711559,197758358,40836,1734071014,10.236627552983103,10.238741359585168,204,0,0,99.0,99,99,80.67764651816609,0.17858889027756136,0.8240501453941909
2,3,0.16268482491315503,6.4431162189336595,87,0.9304113501359214,-0.0169081885044661,0.09486424554721293,2.8481004004019552,0.19246404859340638,17.254973148686954,2262.1590175,0.5101656410562333,7.0055790145504435,86885654,19950901,1825033653,4.4974892019246875,5.530213911761923,204,0,0,87.0,87,87,77.31383812716263,0.20036517996392805,0.8240493651158257
2,3,0.1924418645974081,6.882889782092165,118,0.925390206176061,-0.048734792291669396,0.03781706403441071,2.7464862817895663,0.09084992998101749,15.587764534331098,2262.164551,0.5101668889798112,7.005601929133326,67381999,452887,1864035322,3.4879154262520724,3.51135835725875,204,0,0,118.0,118,118,101.60753376105345,0.09457954721098209,0.8240513808349358
2,4,0.2694507155209396,7.531617263364199,185,0.9553579400657995,-0.0429065625499905,0.0429065625499905,2.694408254618754,0.03877190281020537,14.796760247606736,2503.665004,0.5646304489979193,8.005670989673442,66811352,73855,1864985001,3.4583768476437937,3.462199827039312,204,0,0,185.0,185,185,148.80324875048058,0.04036358655492229,0.912024106638167
2,4,0.24792150689113718,8.111152845622327,277,0.9716890189158995,-0.07156584618821654,0.07156584618821654,2.689402877964156,0.033766526155607046,14.722881937927227,2745.17432125,0.6190960080955566,9.005776757648514,111320206,1822,1820548180,5.762302536630867,5.762396849385029,204,0,0,275.7352941176471,275,277,204.57314944973086,0.035152726648797476,1.0000000614715099
2,4,0.27718344000456874,6.882889782092165,118,0.9266975663091894,-0.037477103791692924,0.037477103791692924,2.7499875887231124,0.0943512369145636,15.642437740357396,2262.164551,0.5101668889798112,7.005601929133326,58369018,692706,1872808484,3.0213736801929088,3.057230436880364,204,0,0,118.0,118,118,101.50232482698962,0.09822459156589415,0.8240513808349358
2,4,inf,8.919179772369665,484,0.9802025880273594,-0.0834226637343772,0.0834226637343772,2.6823351757084968,0.026698823899947932,14.619191849012894,2745.2211685,0.619106573160675,9.00597075515334,129693140,0,1802177068,6.713346448582947,6.713346448582947,204,0,0,479.8627450980392,478,484,320.0614201869473,0.02779487750899136,1.0000171267822688
2,4,0.13779550554467418,6.492073707125963,90,0.9986631544924323,-0.12942545855396703,0.12942545855396703,2.854584817369216,0.19894846556066703,17.367225140374124,2262.1593745,0.5101657215674319,7.005580492910629,200794235,61436,1731014537,10.393774600824528,10.396954731650379,204,0,0,89.0,89,89,73.55837147971934,0.20711579849295572,0.8240494951622199
2,4,0.2715822725002789,7.344677559305401,163,0.9686096365105449,-0.10819720033507628,0.10819720033507628,2.741047153370405,0.08541080156185599,15.503210838918823,2503.660307,0.5646293897231303,8.005651539091389,168032411,5716,1763832081,8.697914088853738,8.698209967944182,204,0,0,161.97549019607843,161,163,128.73626429738562,0.08891712894369046,0.912022395635608
2,4,inf,6.767030940940766,109,0.9882597726116427,-0.19970542083196105,0.18315228109312795,3.599552905553716,0.9439165537451673,36.581875233642904,2244.77363225,0.506244861773052,6.9335850051060985,295851026,3667,1636015515,15.314228915320589,15.314418731385086,0,204,0,107.70098039215686,107,109,86.86304095780469,0.982666693048878,0.8177162932288682
2,4,0.05556278863834676,6.772911065085275,109,0.9380973755323263,-0.0934595622577721,0.015497375104319677,2.806907132013169,0.15127078020462026,16.55862529647091,2262.1629445,0.5101665266794176,7.005595276512489,84701115,14497462,1832671631,4.384410228453609,5.134846874764787,204,0,0,109.0,109,109,93.82977851066897,0.15748082470723268,0.8240507956261619
2,4,0.02599395262570594,6.504565531815798,91,0.9635615429926987,-0.12354326897567107,0.12354326897567107,2.8519051052851974,0.19626875347664852,17.320748277417213,2262.1597315,0.5101658020786305,7.005581971270815,191721788,55908,1740092512,9.92415469766383,9.927048680901859,204,0,0,91.0,91,91,77.16623714436756,0.20432607751446707,0.824049625208614
2,4,0.42347229231680034,6.257220244486992,76,0.9512921910107424,-0.15250582153408263,0.15250582153408263,3.104490685474599,0.4488543336660502,22.29785945903024,2262.055311,0.5101422530040916,7.005149559198545,236304661,60467,1695505080,12.231911855229562,12.235041827406244,202,2,0,76.0,76,76,65.12645226595541,0.46728092856749887,0.8240115873668601
2,5,0.014029750837547946,7.667152209384268,203,0.9471096206143133,-0.07224841741234411,0.07224841741234411,2.709746067734771,0.05410971592622227,15.02545958141398,2503.668652,0.564631271700587,8.00568609627837,112379443,9297,1819481468,5.8171321517682415,5.817613395278364,204,0,0,202.88235294117646,201,203,160.45242665080738,0.05633105532482275,0.9120254355156069
2,5,0.44170194211927716,6.504565531815798,91,0.9685743345455946,-0.12354326897567107,0.12354326897567107,2.8576959256841663,0.20205957387561746,17.42134059478746,2262.1597315,0.5101658020786305,7.005581971270815,191721788,57150,1740091270,9.92415469766383,9.927112970935157,204,0,0,91.0,91,91,76.88808991733949,0.2103546255984231,0.824049625208614
2,5,0.014649191798680175,7.351992119898539,163,0.9095049197564401,-0.0676778604612633,0.0676778604612633,2.7539238251880374,0.09828747337948851,15.704131414980585,2503.660516,0.5646294368571373,8.005652404573961,105285206,26199,1826558803,5.449910949711172,5.451267096717918,204,0,0,163.0,163,163,136.4749510404652,0.10232242039906708,0.9120224717692113
2,5,inf,7.773356917175135,219,0.9916813250753,-0.09511227339517137,0.09511227339517137,2.7065110814588853,0.05087472965033646,14.976930962908199,2503.671674,0.5646319532267553,8.005698610576637,147789677,1936,1784078595,7.650083136433977,7.650183350205689,204,0,0,217.69607843137254,217,219,163.50685133121877,0.05296326475777498,0.9120265363565127
2,5,0.024048231867107278,7.667946015084623,203,0.9471096206143133,-0.07224841741234411,0.09651836088615548,2.7322901458814775,0.0766537940729286,15.368041807397997,2503.668533,0.5646312448635209,8.00568560349164,131178316,5767,1800686125,6.79022407699969,6.790522596019039,204,0,0,202.29901960784315,201,203,159.60741812043446,0.07980062435861279,0.9120253921668089
2,5,0.5231023696250844,6.882889782092165,118,0.9228549787814595,-0.03844824960064287,0.03809120087726901,2.763984819942413,0.108348468133864,15.862928085507821,2262.164551,0.5101668889798112,7.005601929133326,59601503,601782,1871666923,3.085171185578943,3.1163214149011815,204,0,0,118.0,118,118,101.80578533496733,0.11279644419368887,0.8240513808349358
2,5,0.474979788536758,7.047310403086823,132,0.9097137171266706,-0.03521725786002465,0.035765257859323385,2.7591678747970065,0.10353152298845769,15.786700969384059,2503.654192,0.5646280106587626,8.00562621647924,55278809,413941,1876177458,2.861414228092905,2.8828411851568863,204,0,0,132.0,132,132,113.78434075836216,0.10778175138228153,0.9120201680902282
2,5,0.4482186877386875,6.257220244486992,76,0.950452623702223,-0.03347936215456973,0.16262616716020556,3.5759197844489936,0.9202834326404448,35.72746727631101,2262.157054,0.5101651982446411,7.005570883569421,151976018,13186733,1766707457,7.86678201106148,8.549370983415466,204,0,0,76.0,76,76,65.80480013696655,0.9580633731152909,0.8240486498606575
2,5,inf,6.858314182300337,116,0.9778706606331382,-0.18995543434716505,0.19031250228961222,3.625639661556928,0.9700033097483791,37.54873396101517,2246.49112775,0.5066321940454477,6.940697265517333,293891052,2203,1637976953,15.212774169971567,15.21288820454754,0,204,0,114.63235294117646,114,116,91.98798539023453,1.0098243757405727,0.8183419349567113
2,6,inf,7.773356917175135,219,0.9860719068325894,-0.09511227339517137,0.09511227339517137,2.7066436417229767,0.05100728991442782,14.978916440426724,2503.671674,0.5646319532267553,8.005698610576637,147789677,1852,1784078679,7.650083136433977,7.650179002087494,204,0,0,217.69607843137254,217,219,164.26556042147251,0.05310126695280748,0.9120265363565127
2,6,0.06217314785913018,7.723855556748825,211,0.913975248360931,-0.027132218095239823,0.027132218095239823,2.740298389980836,0.08466203817228735,15.491606947048721,2503.670308,0.5646316451642981,8.00569295388192,42276389,130805,1889463014,2.1883659070330257,2.1951368070375046,204,0,0,211.0,211,211,172.59236831987698,0.0881376269411203,0.9120260387560238
2,6,0.04364631500261746,7.276173649801523,155,0.9416262425703192,-0.14225061884478543,0.14225061884478543,2.872038084178304,0.21640173236975535,17.673000582690204,2503.360631,0.5645618063227298,8.004410561312408,220541589,1034,1711327585,11.415963043827839,11.416016567092276,201,3,0,153.5686274509804,153,155,124.54982158304499,0.22528556562982574,0.9119132309767002
2,6,0.575851126722707,7.250896967500839,152,0.957243051403385,-0.1717373799366347,0.1717373799366347,3.108420123690562,0.45278377188201313,22.385649890700783,2479.358244,0.5591487504517648,7.905015117868622,265783412,0,1666086796,13.75782963572675,13.75782963572675,0,204,0,150.07843137254903,148,152,118.93747296712803,0.47137168006655844,0.9031697467142751
2,6,0.22780344657750135,7.202784079986476,147,0.9936139986838463,-0.16474331507990383,0.16474331507990383,2.9560722235533805,0.30043587174483166,19.222322300903304,2490.07057,0.5615646109720535,7.949375555565274,255069607,557,1676800044,13.20324760658041,13.203276438745103,0,204,0,145.55882352941177,145,147,113.2284863393887,0.31276951695504907,0.9070719858455317
2,6,0.04400397921530931,7.877965849827424,235,0.9491155700948213,-0.1394502454786081,0.1422398025270511,2.837328066171293,0.18169171436274434,17.07009438652054,2503.413939,0.5645738284262968,8.004631313202589,218374808,0,1713495400,11.303803283248312,11.303803283248312,201,3,0,232.0392156862745,229,235,176.7290450187428,0.1891506144254157,0.9119326497811325
2,6,0.12536175932354227,7.343333400980837,162,0.9406751080677032,-0.14563673872152022,0.1414738716034121,2.874659466988061,0.21902311517951212,17.719389057025317,2503.327667,0.5645543722298735,8.004274055247505,222548991,447,1709320770,11.519872819530534,11.519895957730924,201,3,0,160.52450980392157,159,162,128.76428386918494,0.2280145627712132,0.9119012229953596
2,6,0.19956778927572685,7.160189797038468,143,0.9796817088325162,-0.1578549700146895,0.1717239449875912,3.046607009596981,0.390970657788432,21.04382166818449,2490.000112,0.5615487211736532,7.949083784411256,255138956,846,1676730406,13.206837340492804,13.206881132254615,0,204,0,141.5392156862745,140,143,111.79212322183776,0.40702098278046017,0.9070463197143191
2,6,0.08704778432128646,7.054903059682311,133,0.9008008437849298,-0.03192585956141486,0.03192585956141486,2.7635287222887865,0.1078923704802377,15.855694690920922,2503.654396,0.5646280566651617,8.005627061256488,49733880,601817,1881534511,2.5743903391671332,2.6055423802052857,204,0,0,133.0,133,133,115.94909409842369,0.11232162258873023,0.9120202424024535
2,6,0.02708173301528666,7.353721072461187,164,0.9571320246011675,-0.1193448725295384,0.10874760032491171,2.7600199555442226,0.10438360373567379,15.80015824587102,2503.660484,0.5646294296404472,8.005652272059884,177069234,4196,1754796778,9.165689975793653,9.16590717465011,204,0,0,162.84313725490196,162,164,129.64525813389082,0.1086688121788692,0.9120224601123916
2,6,inf,6.743760520675979,107,0.9063417127079821,-0.15135929705789594,0.07965508376538556,3.1360590086369964,0.48042265682844754,23.01299390136543,2262.16250525,0.5101664276190704,7.005593457549711,179210231,47308,1752612669,9.276515071140846,9.278963889897101,204,0,0,106.53921568627452,106,107,93.5481170102845,0.5001452104831079,0.8240506356180984
2,6,0.08642784371487432,7.41138413734033,170,0.9429336027036359,-0.12555904949693156,0.14191094796780063,2.834582158746985,0.1789458069384362,17.023285783068257,2503.549627,0.5646044289963575,8.005193206023083,207420231,805,1724449172,10.736758097985017,10.736799767451044,202,2,0,168.51960784313727,167,170,134.4871623894656,0.18629198062208088,0.911982077610648
2,7,0.2594056317304912,7.389439740000066,168,0.9874562040837465,-0.18489269097825983,0.18489269097825983,3.274169269630719,0.6185329178221703,26.42126741197436,2459.251668,0.5546142839730015,7.82175248079606,285893092,0,1645977116,14.798773272453715,14.798773272453715,0,204,0,165.2941176470588,164,168,126.09014111159169,0.6439252436950892,0.8958454113959896
2,7,0.21893375784631564,7.624744321294398,197,0.941860830079038,-0.194384544660363,0.194384544660363,3.568084273270764,0.9124479214622152,35.44861819630497,2444.779931,0.5513505952019259,7.761824077986921,300370474,0,1631499734,15.548170511463264,15.548170511463264,0,204,0,192.9656862745098,191,197,149.99205383746636,0.9499061945730688,0.8905737105143459
2,7,0.07347223148472017,7.528626859010362,185,0.9105897403750753,-0.13756819273754695,0.13756819273754695,2.8941750743066503,0.23853872249810149,18.068590047534634,2503.490631,0.564591124126131,8.004948899755485,213333650,0,1718536558,11.042856249688592,11.042856249688592,201,3,0,182.79901960784315,181,185,148.7240289191657,0.24833133466223364,0.9119605868065231
2,7,0.20588178272001034,7.6927123891453855,207,0.9094119266796693,-0.16245057487112596,0.13756819273754695,3.020055395367673,0.36441904355912413,20.492426838270728,2503.159179,0.564516374552493,8.003576335496758,232456689,0,1699413519,12.032728080664102,12.032728080664102,200,4,0,203.99019607843138,202,207,163.17926098135334,0.37937935826788965,0.9118398469257043
2,7,inf,7.228662369868919,150,0.9804764357496802,-0.1981065809837079,0.19503750466763908,3.620797426105419,0.9651610742968701,37.36735364776694,2441.439779,0.5505973188968019,7.747992291622937,303701346,0,1628168862,15.720587477479233,15.720587477479233,0,204,0,147.47549019607843,146,150,114.51077410130719,1.0047833543926379,0.8893569745936181
2,7,inf,8.41326620869127,341,0.9233939485865341,-0.03395905409054173,0.007353752561780731,2.7067598269285083,0.051123475119959405,14.980656870016123,2745.1892995,0.619099386013932,9.005838783554552,32188592,2584283,1897097333,1.6661881252014215,1.7999591719983705,204,0,0,341.0,341,341,257.7329918180508,0.053222221852102264,1.0000055176827254
2,7,0.06649428641982529,7.344677559305401,163,0.9686096365105449,-0.12414607365914748,0.011411894998001708,2.8872508452936794,0.23161449348513052,17.943911142891665,2503.660383,0.5646294068627692,8.005651853812324,105227227,9392454,1817250527,5.446909764654334,5.933094289945176,204,0,0,162.34803921568627,162,163,129.81017367118417,0.24112284870116824,0.9120224233205546
2,7,0.09622252341902718,7.415626978070064,171,0.9095049197564401,-0.06094776098238611,0.06802313182362946,2.773134644344835,0.11749829253628619,16.00873713836235,2503.662148,0.5646298049083307,8.005659162791956,100327718,25417,1831517073,5.193294952452623,5.194610620549515,204,0,0,171.0,171,171,142.50578353277587,0.1223218918106755,0.9120230662670133
2,7,0.21128210029960273,7.987629204357989,254,0.9865368145512199,-0.18489269097825983,0.1810984937954561,3.1461981907086543,0.4905618389001054,23.247513747144424,2462.169015,0.5552722086329943,7.833833404195237,282992873,0,1648877335,14.6486483319691,14.6486483319691,0,204,0,249.2549019607843,246,254,179.6349255694925,0.5107006313802674,0.8969081297657306
2,7,0.4338847671873435,7.772563111474779,219,0.9860719068325894,-0.0981650987381609,0.07084232992136007,2.7113831263375854,0.055746774529036536,15.050077284096076,2503.671778,0.5646319766809981,8.005699041247393,131352599,4904,1800512705,6.799245542276099,6.799499389557334,204,0,0,218.2058823529412,217,219,165.08033719002307,0.05803531928456788,0.9120265742411764
2,8,inf,7.669413408995883,204,0.940638686144007,-0.19170924073146775,0.19688071179824704,3.6199543947817117,0.9643180429731628,37.33586507295019,2444.917585,0.5513816391473827,7.762394112141099,300234213,0,1631635995,15.541117190829416,15.541117190829416,0,204,0,199.7941176470588,198,204,154.11881247597077,1.0039057145210653,0.8906238545097186
2,8,inf,8.411526463955344,341,0.9233939485865341,-0.05946126816386936,0.05946126816386936,2.7129959512700323,0.0573595994614835,15.074370008665191,2745.18898675,0.6190993154820627,9.005837488436491,92531073,859,1839338276,4.789714786056683,4.7897592507415485,204,0,0,339.6372549019608,339,341,254.68678212706652,0.059714354721065066,1.0000054037555273
2,8,0.4926912836319891,7.568420714113126,190,0.982276161327083,-0.15220455332058466,0.031724583172072475,3.0775316235607986,0.4218952717522497,21.70476069955376,2503.665776,0.5646306231005672,8.005674186575582,142641037,84566,1789144605,7.383572478591688,7.387949894820263,204,0,0,188.7843137254902,188,190,145.40198931901193,0.439215129622218,0.912024387858941
2,8,0.35483062362402595,8.315061821599972,318,0.9796817088325162,-0.1717239449875912,0.1717239449875912,2.998414401607392,0.3427780497988433,20.05371456353586,2687.68358725,0.6061306078124603,8.767703894318764,265762517,0,1666107691,13.756748041325974,13.756748041325974,0,204,0,311.9950980392157,308,318,219.21763714677047,0.35684994749706445,0.9790575890430688
3,0,0.025227177673734953,6.288742508359915,78,0.9370459706034869,-0.03192585956141486,0.03192585956141486,2.794246220740098,0.13860986893154914,16.350299590283008,2262.157411,0.5101652787558397,7.005572361929606,49733880,25601197,1856535131,2.5743903391671332,3.89959308280818,204,0,0,78.0,78,78,69.00496503748558,0.14430015130731166,0.8240487799070518
3,0,0.24836191661993445,6.007649788028051,64,0.9936043570048964,-0.057912447260671227,0.057912447260671227,2.884029487196154,0.2283931353876052,17.886200382848408,2020.669351,0.455704513626482,6.0055546216073745,90123384,9319018,1832427806,4.665084829549792,5.147468064272774,204,0,0,63.0,63,63,54.90888420319108,0.23776924578334502,0.7360805685715052
3,0,0.17363774973586885,8.10573675877588,275,0.9971826426060968,-0.012705165474050128,0.012705165474050128,2.6626363976967293,0.007000045888180484,14.334029529862194,2745.1741525,0.6190959700387926,9.005776058843804,19816741,2641389,1909412078,1.0257801439215528,1.1625071864041086,204,0,0,275.0,275,275,202.61769812091504,0.007287415308944549,1.0
3,0,0.017204798013282938,6.188647703940861,73,0.9488584045351534,-0.05505996866409569,0.05505996866409569,2.8020015878682027,0.1463652360596539,16.477595140098558,2262.1565185,0.5101650774778433,7.005568666029141,85694605,2547684,1843627919,4.435836561127816,4.567713122474944,204,0,0,73.0,73,73,64.99760158352557,0.15237389568536833,0.8240484547910663
3,0,0.003038139483829217,7.416128676084227,171,0.9867738953776011,-0.04353907639951491,0.04353907639951491,2.6778063324526222,0.022169980644073384,14.553133517422893,2503.662148,0.5646298049083307,8.005659162791956,67794100,106855,1863969253,3.5092471388222783,3.514778307508327,204,0,0,171.0,171,171,135.31150278738946,0.023080113891456124,0.9120230662670133
3,0,0.18887379209885954,5.6266377841813,49,0.9506714558173919,-0.07597006596408916,0.033216660224625924,3.214301658596827,0.5586653067882783,24.885906982362783,2020.667209,0.4557040305592906,6.005545751446259,84944521,38315444,1808610243,4.397009729133936,6.380344004973651,204,0,0,49.0,49,49,44.94948156958862,0.5815999172433044,0.7360797882931399
3,0,0.2126935552288336,6.0888490475805295,68,0.957263505158246,-0.013028519070059565,0.012432634178630851,2.8248925090243775,0.16925615721582865,16.85913268406736,2262.155626,0.5101648761998469,7.005564970128677,19856921,68740021,1843273266,1.0278599937910529,4.586071136306896,204,0,0,68.0,68,68,59.86531171905037,0.1762045465031033,0.8240481296750808
3,0,0.010413409579907346,6.6992910446864355,104,0.9788470407736577,-0.06332419083844198,0.06674309185862634,2.719353387457135,0.06371703564858633,15.170509631007102,2262.162052,0.5101663254014212,7.005591580612024,101179854,229073,1830461281,5.237404333945814,5.24926191107762,204,0,0,104.0,104,104,86.8334609885621,0.06633277959078739,0.8240504705101764
3,0,0.0029950534119020044,7.39741310772172,169,0.9835826804139742,-0.037874526593534255,0.04353907639951491,2.677862421733668,0.02222606992511933,14.553949815111412,2503.66174,0.5646297128955323,8.005657473237457,63392938,134223,1868343047,3.2814284177832302,3.2883762447875586,204,0,0,169.0,169,169,134.27141604190695,0.023138505778008193,0.9120229176425628
3,0,inf,8.840186890104919,458,0.9988832393152698,-0.012705165474050128,0.012705165474050128,2.6577551058576816,0.002118754049132754,14.264231439511741,2745.2159215,0.6191053898490254,9.005949026985565,19816741,81206,1911972261,1.0257801439215528,1.0299836354223648,204,0,0,457.0,457,457,309.8667429594387,0.0022057342109155303,1.000015215428122
3,0,0.0020364158241014106,8.444648241685547,348,0.9971826426060968,-0.02267547139406055,0.012705165474050128,2.6600474370183975,0.004411085209848675,14.296967288092105,2745.1906765,0.6190996965571265,9.005844485800983,27580033,209493,1904080682,1.4276338485778854,1.4384779000639778,204,0,0,347.0,347,347,247.0665444180123,0.00459217130870347,1.000006019290246
3,0,0.0013042416380665079,8.727154858124994,424,0.9991410918579327,-0.012702587324349125,0.013373591628841533,2.659050498407063,0.003414146598514023,14.282721191799263,2745.2081185,0.6191036301042566,9.005916714255784,20334423,104061,1911431724,1.0525770787185305,1.0579636207113143,204,0,0,423.0,423,423,290.73389141195696,0.003554305869766115,1.000012372985506
3,0,0.18415750161670494,6.7546400459106835,108,0.9972487294767167,-0.029297256127922323,0.018982831507830415,2.7078739850184483,0.05223763320989949,14.997356991620705,2262.1625875,0.510166446168219,7.0055937981523035,37621473,19899510,1874349225,1.9474120385627893,2.977476580041551,204,0,0,107.0,107,107,88.45324965157631,0.054382118922909076,0.8240506655797677
3,0,0.00714500030811294,6.689254148471688,103,0.9789758189998661,-0.07523461291423629,0.06565192099744932,2.726423467609087,0.0707871158005382,15.278146401982431,2262.1618735,0.5101662851458219,7.005590841431931,109573556,188998,1822107654,5.671890148015575,5.681673310425625,204,0,0,103.0,103,103,86.74903732939254,0.07369310424548638,0.8240504054869794
3,0,0.10413555442476378,5.855913191887773,58,0.9992000559874556,-0.057912447260671227,0.057912447260671227,2.9704596962530436,0.3148233444444948,19.500882018272172,2020.668433,0.4557043065976857,6.005550820109754,90123384,18893055,1822853769,4.665084829549792,5.643051927016414,204,0,0,57.0,57,57,49.883090337850824,0.3277476314536384,0.7360802341664915
3,0,0.01720296702725068,6.62881243683673,99,0.9574902034434855,-0.013028519070059565,0.012432634178630851,2.732080333804758,0.07644398199620905,15.364817744866729,2262.1611595,0.5101661241234248,7.005587884711559,19856921,39876448,1872136839,1.0278599937910529,3.0919970064572784,204,0,0,99.0,99,99,85.15468810073048,0.07958219897050653,0.8240501453941909
3,0,0.12696990412786516,5.748041610423717,54,0.9897281213016432,-0.04619277766318423,0.08204955146015336,3.069533807915714,0.41389745610716533,21.531862351036494,2020.667821,0.45570416857848817,6.005548285778006,99743431,23557353,1808569424,5.163050322270926,6.382456931599413,204,0,0,53.0,53,53,46.99732674932718,0.43088898360815897,0.7360800112298157
3,0,0.081267141537957,5.636674731226339,50,0.9505426773429856,-0.06405964388829487,0.0395177198952425,3.1966414999018427,0.5410051480932938,24.450275894891107,2020.667362,0.45570406506409,6.005546385029196,80604878,40290539,1810974791,4.172375435275619,6.2579471695026,204,0,0,50.0,50,50,45.15036734669358,0.5632147647903006,0.7360798440273089
3,0,0.03489995974012504,6.399396838815453,84,0.980342507017974,-0.04985632440777221,0.05193835392675097,2.7570645193035683,0.10142816749501948,15.753530821712015,2262.158482,0.5101655202894354,7.005576797010164,79228076,2030890,1850611242,4.101107604015601,4.206233196386659,204,0,0,84.0,84,84,71.4000054065744,0.10559204787634946,0.8240491700462343
3,0,0.18053870785583617,7.095067544672627,137,0.9935380536513516,-0.012705165474050128,0.03265904020849021,2.688166740875915,0.03253038906736627,14.704693681423207,2503.655212,0.5646282406907585,8.005630440365485,35341505,12859952,1883668751,1.8293933440066799,2.4950670495561575,204,0,0,137.0,137,137,110.60242454825067,0.033865843036218556,0.9120205396513545
3,0,0.17517938241966846,7.568420714113126,190,0.980187678068896,-0.033176523298833145,0.033176523298833145,2.67245557195219,0.01681922014364101,14.475471147105592,2503.666024,0.5646306790299152,8.00567521355969,51678105,148091,1880044012,2.6750298641180765,2.6826955447309224,204,0,0,190.0,190,190,148.59147473327567,0.017509691267343565,0.9120244781992933
3,0,0.1875780701726349,5.52990130964443,46,0.9123753803650345,-0.02085724836540439,0.02122535722057471,3.5330989336350167,0.8774625818264679,34.22987954802267,2020.66675,0.45570392704489243,6.005543850697448,32799336,93726254,1805344618,1.697802257324318,6.549383570182371,204,0,0,46.0,46,46,42.81467464436755,0.9134846190973058,0.7360796210906332
3,0,0.005788925971120854,7.286908283135321,156,0.9858096787372463,-0.02928042158439123,0.04353907639951491,2.6831379337431924,0.027501581934643582,14.630932234444337,2503.659088,0.564629114812343,8.005646491133218,56704474,399281,1874766453,2.93521137005908,2.955879476971571,204,0,0,156.0,156,156,124.21531382160707,0.02863059077214254,0.9120219515836344
3,0,inf,5.4894186783608205,45,0.9495343412676107,-0.07597006596408916,0.04253928821292327,3.5484509041790386,0.8928145523704898,34.759430072129355,2020.666597,0.455703892540093,6.005543217114512,92193276,40084367,1799592565,4.7722292946090095,6.8471288833085,204,0,0,45.0,45,45,41.55315713908112,0.9294668264930992,0.7360795653564641
3,1,0.17198410013831467,7.568420714113126,190,0.982276161327083,-0.033176523298833145,0.033176523298833145,2.6733598322418763,0.0177234804333275,14.4885666608226,2503.666024,0.5646306790299152,8.00567521355969,51678105,149348,1880042755,2.6750298641180765,2.6827606112138978,204,0,0,190.0,190,190,148.3278621804114,0.018451073707344227,0.9120244781992933
3,1,0.1803836936026676,6.824250727525302,113,0.9568741195952893,-0.008699850961340827,0.008699850961340827,2.717742903149879,0.06210655134133036,15.146097426325973,2262.1636585,0.5101666877018147,7.0055982332328615,13572708,38668250,1879629250,0.7025683166392097,2.704164999473919,204,0,0,113.0,113,113,95.95806751009228,0.0646561808680092,0.8240510557189504
3,1,0.1063422856213909,5.781563590741548,55,0.9804189182511,-0.05193835392675097,0.05193835392675097,3.0709776438092042,0.4153412920006554,21.56297328088656,2020.668127,0.4557042375880869,6.005549552943879,80843676,29989413,1821037119,4.184736410615014,5.7370877474601025,204,0,0,55.0,55,55,48.97093215349865,0.4323920925822857,0.7360801226981536
3,1,0.27508002989531305,5.6266377841813,49,0.9501044775103363,-0.0016289502386101385,0.0016289502386101385,3.2362981292172996,0.5806617774087508,25.43937394826579,2020.667209,0.4557040305592906,6.005545751446259,2544194,118255955,1811070059,0.131695907388826,6.253015782310775,204,0,0,49.0,49,49,44.96491884131103,0.6044993980900001,0.7360797882931399
3,1,0.019303986297415206,6.728412738673232,106,0.9992375564055838,-0.08122762539534008,0.08122762539534008,2.7322826078011455,0.07664625599259667,15.367925962300934,2262.1622305,0.5101663656570204,7.005592319792117,126292605,126578,1805451025,6.537323494974669,6.543875591460024,204,0,0,105.0,105,105,86.82262681420607,0.07979277682119826,0.8240505355333736
3,1,0.018055691994711763,6.2087978319319825,74,0.9579219568941896,-0.017169582045978116,0.017169582045978116,2.823916677037972,0.16828032522942316,16.84268902755906,2262.156697,0.5101651177334426,7.0055694052092345,26773006,54512524,1850584678,1.3858594583182267,4.2076082370022245,204,0,0,74.0,74,74,64.69635777104959,0.1751886541689264,0.8240485198142633
3,1,0.21979945523412686,6.006513070472662,64,0.9123753803650345,-0.027516301747259417,0.057703015133737864,2.9196377163930354,0.26400136458448653,18.534571471867796,2020.669504,0.4557045481312814,6.005555255190312,66336479,25865083,1839668646,3.433795848463128,4.772658205410868,204,0,0,64.0,64,64,58.451396398019995,0.27483928199723745,0.7360806243056741
3,1,0.03381143322298265,6.288742508359915,78,0.937322407915941,-0.032473859560713594,0.03192585956141486,2.795818625162681,0.14018227335413203,16.37602909696312,2262.157411,0.5101652787558397,7.005572361929606,50159538,25204226,1856506444,2.596423806955876,3.901078016934769,204,0,0,78.0,78,78,68.99437716262976,0.14593710687075026,0.8240487799070518
3,1,0.027502518600800552,6.188647703940861,73,0.9409702632171969,-0.0584002119503473,0.06463965704593529,2.828975332732543,0.17333898092399425,16.92810625834854,2262.1565185,0.5101650774778433,7.005568666029141,95723119,1191570,1834955519,4.954945658543951,5.016625268026288,204,0,0,73.0,73,73,65.37215253748558,0.1804549803530936,0.8240484547910663
3,1,0.17429789431773257,8.396972325642441,337,0.995932114552335,-0.057513991075212004,0.03607242153494252,2.668636480423667,0.013000128615118012,14.4202934293196,2745.188242,0.6190991475248774,9.005834404378371,72841953,7752,1859020503,3.7705407277547294,3.770941996948068,204,0,0,336.3921568627451,336,337,238.69643286236064,0.013533816463692368,1.0000051324612638
3,1,0.015099538643972147,7.416128676084227,171,0.9862068236353331,-0.0003621095616554472,0.04313562021453371,2.67839161733563,0.022755265527081292,14.561653739606436,2503.662148,0.5646298049083307,8.005659162791956,33864819,17517381,1880488008,1.7529551861074095,2.659712841329763,204,0,0,171.0,171,171,135.37668204536718,0.023689426185212286,0.9120230662670133
3,1,0.21601417537753959,6.090059389720482,68,0.9472606827895608,-0.08123102097543786,0.03940275321259301,2.874421502184623,0.21878515037607427,17.71517296775165,2262.155626,0.5101648761998469,7.005564970128677,93827986,13438317,1824603905,4.856847298097575,5.552459091496068,204,0,0,68.0,68,68,60.324274317570165,0.22776682891642647,0.8240481296750808
3,1,0.053878194122971415,5.825282970884183,57,0.936135041193947,-0.09694627508257826,0.09486424554721293,3.04101055240305,0.3853742005945011,20.92637975686301,2020.668433,0.4557043065976857,6.005550820109754,149016997,626191,1782227020,7.713613284314388,7.746027004315189,204,0,0,57.0,57,57,52.2254661668589,0.4011947769980427,0.7360802341664915
3,1,inf,5.505067348355028,45,0.970870036009827,-0.0714499804969751,0.005355120296282878,3.5761382452848776,0.9205018934763287,35.735273181287425,2020.666597,0.455703892540093,6.005543217114512,59752883,74894339,1797222986,3.093007115724412,6.969786140001389,204,0,0,45.0,45,45,40.96028120194156,0.9582908023157928,0.7360795653564641
3,1,0.06609281971702978,5.921039105208197,61,0.9095018528720628,-0.04030535663468278,0.0026235885090504403,2.9720357998324767,0.31639944802392783,19.531641662048095,2020.669045,0.45570444461688325,6.005553354441501,33433480,59138305,1839298423,1.7306276509441363,4.791822174008079,204,0,0,61.0,61,61,56.56662701845444,0.3293884380335833,0.7360804571031673
3,1,0.018556203937478186,6.70357965496379,104,0.9992375564055838,-0.07964745222760514,0.10525491321633432,2.761831236048681,0.10619488424013213,15.828802698206918,2262.1618735,0.5101662851458219,7.005590841431931,143668088,104150,1788097970,7.436736039774366,7.442127188701902,204,0,0,103.0,103,103,84.90686574875048,0.11055445028579501,0.8240504054869794
3,1,0.007918402244536,6.811188723825177,112,0.9568741195952893,-0.008941415416082866,0.06095544361413123,2.726299095806053,0.07066274399750405,15.276246349526321,2262.16348,0.5101666474462154,7.005597494052768,54397997,19713767,1857758444,2.8158204818695562,3.836270350518289,204,0,0,112.0,112,112,94.53171106064976,0.07356362666835185,0.8240509906957533
3,1,0.005854010516762308,8.902727004457038,479,0.9897083084052155,-0.03275250884746983,0.0028822563254992913,2.659392106690288,0.0037557548817392927,14.287601121130063,2745.22092775,0.6191065188663583,9.005969758191954,27760114,4094532,1900015562,1.436955437536309,1.6489019742676212,204,0,0,478.8137254901961,478,479,323.39020599048445,0.003909938028841171,1.0000170390829148
3,1,inf,8.912375799613182,482,0.9988832393152698,-0.012705165474050128,0.012705165474050128,2.6579281145849634,0.0022917627764145188,14.266699489529683,2745.2214295,0.6191066320218034,9.005971835971291,19816741,66229,1911987238,1.0257801439215528,1.0292083763010231,204,0,0,481.0,481,481,323.18842512495195,0.002385845379887004,1.000017221858204
3,1,0.18808126865388128,7.093165845845223,137,0.9575215024431967,-0.035765257859323385,0.035765257859323385,2.701075229169569,0.04543887736102015,14.895739450903527,2503.655212,0.5646282406907585,8.005630440365485,55704595,413143,1875752470,2.8834543215855626,2.9048399715267,204,0,0,137.0,137,137,113.90380652873894,0.04730425711366629,0.9120205396513545
3,1,0.01609058737031121,6.702404291488064,104,0.925390206176061,-0.048734792291669396,0.03781706403441071,2.7617475176998973,0.1061111658913485,15.827477592450409,2262.162052,0.5101663254014212,7.005591580612024,67381999,1109839,1863378370,3.4879154262520724,3.5453643684948837,204,0,0,104.0,104,104,90.60603644031141,0.11046729508905616,0.8240504705101764
3,2,0.18789977756529627,7.210265656935533,148,0.9370922283862438,-0.04656389773232726,0.04656389773232726,2.7117707383417184,0.0561343865331696,15.055912005445489,2503.657456,0.5646287467611495,8.005639732915226,72495547,128830,1859245831,3.7526096059554743,3.7592782734190804,204,0,0,148.0,148,148,123.37602274365629,0.058438843732546056,0.9120213570858323
3,2,inf,5.505067348355028,45,0.9123753803650345,-0.027516301747259417,0.027516301747259417,3.6162026968594,0.960566345050851,37.196054612823424,2020.666597,0.455703892540093,6.005543217114512,42874161,83651429,1805344618,2.2193085654748086,6.549383570182371,204,0,0,45.0,45,45,42.484149726066896,1.0,0.7360795653564641
3,2,0.285873591031061,5.781563590741548,55,0.9804124526182263,-0.05193835392675097,0.05193835392675097,3.072237259828002,0.41660090801945326,21.590151460886037,2020.668127,0.4557042375880869,6.005549552943879,80843676,29985130,1821041402,4.184736410615014,5.736866045195517,204,0,0,55.0,55,55,48.97106881968474,0.43370341899434234,0.7360801226981536
3,2,0.18099010118595402,6.935876843619241,122,0.9490706994354521,-0.060534633215716616,0.060534633215716616,2.73181796574744,0.07618161393889133,15.360787036271681,2262.165265,0.5101670500022083,7.005604885853698,94195083,137285,1837537840,4.875849454581992,4.8829557808471575,204,0,0,122.0,122,122,102.76413368656286,0.07930906004713124,0.8240516409277243
3,2,inf,8.914917544230004,483,0.9897083084052155,-0.012045389864119927,0.009008741550810287,2.6581141812427487,0.0024778294341998297,14.269354293598928,2745.2218885,0.6191067355362015,9.005973736720101,16420093,175243,1915274872,0.8499583943063737,0.859029552362143,204,0,0,483.0,483,483,326.68401275951555,0.002579550540122928,1.000017389060711
3,2,0.0028421536120031145,6.772911065085275,109,0.9381021226096482,-0.015497375104319677,0.015497375104319677,2.74469585260299,0.08905950079444125,15.559880715205933,2262.1629445,0.5101665266794176,7.005595276512489,24168486,28942854,1878758868,1.2510408773796877,2.7492188543548366,204,0,0,109.0,109,109,94.2725078695694,0.09271561642077578,0.8240507956261619
3,2,0.025862960072486698,6.4431162189336595,87,0.9314439980204263,-0.09486424554721293,0.09486424554721293,2.8082658407102286,0.1526294889016797,16.58113893594794,2262.1590175,0.5101656410562333,7.0055790145504435,147404765,129293,1784336150,7.6301588165492324,7.636851450426218,204,0,0,87.0,87,87,77.25138318194925,0.15889531180024813,0.8240493651158257
3,2,0.09541085776309338,6.035954599244356,66,0.9338114530643405,-0.0878098726060309,0.08204955146015336,2.9379008637443658,0.2822645119358169,18.876181019447095,2262.155269,0.5101647956886484,7.00556349176849,132025414,530651,1799314143,6.834072674927859,6.861540928116016,204,0,0,66.0,66,66,59.25910407054979,0.2938521773015837,0.8240479996286865
3,2,0.007576062981394788,7.522322142499131,184,0.9598594992436077,-0.0429065625499905,0.038436714903894234,2.682244047864682,0.026607696056133,14.617859694280494,2503.6648,0.5646304029915201,8.005670144896193,63337150,91815,1868441243,3.278540646142621,3.283293294618683,204,0,0,184.0,184,184,146.90778636822375,0.02770000863888733,0.9120240323259418
3,2,0.029808832479282243,6.728412738673232,106,0.9992375564055838,-0.038615459557680795,0.08122762539534008,2.748245375297334,0.09260902348878508,15.615209001338883,2262.1622305,0.5101663656570204,7.005592319792117,93216793,1333514,1837319901,4.825209924247664,4.894237025265002,204,0,0,105.0,105,105,86.82274095299884,0.09641085591426013,0.8240505355333736
3,2,0.001853506712311367,6.772911065085275,109,0.9381021226096482,-0.015497375104319677,0.007199316774506092,2.74469585260299,0.08905950079444125,15.559880715205933,2262.1629445,0.5101665266794176,7.005595276512489,17700086,35411254,1878758868,0.9162150711110298,2.7492188543548366,204,0,0,109.0,109,109,94.2725078695694,0.09271561642077578,0.8240507956261619
3,2,0.06765553370561338,6.202858085159452,74,0.9471072218670543,-0.06309423084268412,0.09343720993733244,2.8513646016309595,0.19572824982241066,17.311388879301433,2262.156697,0.5101651177334426,7.0055694052092345,121687844,638346,1809544018,6.298965815409479,6.332008718465625,204,0,0,74.0,74,74,65.24023963139177,0.20376338483111137,0.8240485198142633
3,2,0.01541423420621691,7.416128676084227,171,0.9865245619090688,-0.06750083663364717,0.07642096747658872,2.69110307381336,0.03546672200481105,14.747935012217866,2503.662148,0.5646298049083307,8.005659162791956,111930597,25194,1819914417,5.7938983963046855,5.795202521183038,204,0,0,171.0,171,171,133.67987372645138,0.036922719797072935,0.9120230662670133
3,2,0.28388163061291055,5.605996861931103,49,0.9489322516548443,-0.0016343337368627574,0.002274631427865762,3.2626485372672853,0.6070121854587365,26.118621758641765,2020.667209,0.4557040305592906,6.005545751446259,3052606,117596921,1811220681,0.15801299628510032,6.245219088755677,204,0,0,49.0,49,49,44.99919051566705,0.63193155640551,0.7360797882931399
3,2,0.17928605630772715,7.568420714113126,190,0.9732702742145912,-0.033176523298833145,0.03560009685039461,2.676591121224467,0.02095476941591823,14.53545912740132,2503.666024,0.5646306790299152,8.00567521355969,53562219,132148,1878175841,2.772557844631351,2.7793982627636233,204,0,0,190.0,190,190,149.44192438004615,0.021815015197944407,0.9120244781992933
3,2,0.006722215678269271,6.882889782092165,118,0.9241707120590835,-0.047394468474305465,0.03781706403441071,2.7392507272635545,0.08361437545500561,15.475385466823262,2262.164551,0.5101668889798112,7.005601929133326,66340853,459761,1865069594,3.4340222611890914,3.4578210132013174,204,0,0,118.0,118,118,101.70436851211073,0.0870469550446088,0.8240513808349358
3,2,0.23675153916025116,6.019575074195444,65,0.9123753803650345,-0.027274745369158408,0.005536823047001968,2.9478231708655196,0.29218681905697075,19.064408566278903,2196.842692,0.4954354011339441,6.735099868572537,25570603,61512595,1844787010,1.32361909687879,4.507714733597672,0,204,0,65.0,65,65,59.89205774221453,0.30418181998818916,0.8002562205386349
3,2,0.03132524449701239,6.70371552611399,104,0.9037637742528579,-0.008699850961340827,0.008699850961340827,2.80181367256377,0.14617732075522127,16.474499038703016,2262.162052,0.5101663254014212,7.005591580612024,13572708,40600078,1877697422,0.7025683166392097,2.8041628146480533,204,0,0,104.0,104,104,92.08954188292964,0.15217826598690884,0.8240504705101764
3,3,0.16769177525015042,8.39204163665157,336,0.9652587340560103,-0.06528855800908859,0.06528855800908859,2.677707662801365,0.02207131099281634,14.551697635654174,2745.187826875,0.6190990539052379,9.005832685318785,101576020,692,1830293496,5.25791119814194,5.25794701835373,204,0,0,334.5833333333333,334,336,242.16558384996156,0.022977393603820166,1.0000049812413494
3,3,0.02200491820086246,7.210265656935533,148,0.9368697313878519,-0.04877721968045418,0.04828903449244319,2.7144452976959186,0.058808945887369735,15.09623383326048,2503.657456,0.5646287467611495,8.005639732915226,75554544,115385,1856200279,3.910953421566507,3.916926131302502,204,0,0,148.0,148,148,123.39872434880814,0.06122320044874825,0.9120213570858323
3,3,inf,5.505067348355028,45,0.9123753803650345,-0.07900862121809557,0.027516301747259417,3.6174304032244216,0.9617940514158727,37.24174848941746,2020.666597,0.455703892540093,6.005543217114512,82865435,45955079,1803049694,4.289389352185713,6.668176436830274,204,0,0,45.0,45,45,42.484149726066896,1.0012781067870504,0.7360795653564641
3,3,inf,8.834637145786576,457,0.94823034369429,-0.012045389864119927,0.012045389864119927,2.6774067359257163,0.021770384117167474,14.547319297562131,2745.2159215,0.6191053898490254,9.005949026985565,18788042,77381,1913004785,0.9725312768009723,0.9765367736340184,204,0,0,457.0,457,457,322.8534502955594,0.022664112926020722,1.000015215428122
3,3,0.17438395025988032,7.566680956909708,190,0.982276161327083,-0.058678737372842356,0.033176523298833145,2.679432677477234,0.02379632566868528,14.576821190655066,2503.666024,0.5646306790299152,8.00567521355969,71495810,89952,1860284446,3.7008599078722373,3.7055161212983516,204,0,0,190.0,190,190,147.70047427672048,0.024773224453773193,0.9120244781992933
3,3,0.030832506714681393,6.743760520675979,107,0.9391728826523518,-0.15202528606335328,0.15119596908042268,3.008736226986138,0.35309987517758934,20.261777450600174,2262.067754375,0.5101450592534907,7.0052010880225755,234931943,10463,1696927802,12.160855425335075,12.161397024866798,202,2,0,106.23039215686275,105,107,90.19112090301807,0.3675955096666402,0.8240161201849286
3,3,0.23542708198878676,6.494024533935202,90,0.9425452481812604,-0.15665168516946038,0.15382177338202746,3.04088353062468,0.38524717881613135,20.92372181970298,2262.0357635,0.5101378446213071,7.005068611731498,240496674,25757,1691347777,12.448904331361788,12.450237598984703,202,2,0,90.0,90,90,76.4143883962899,0.4010625406574461,0.824004466689295
3,3,0.2549253751737572,5.663576729975723,51,0.9099113141579875,-0.04030535663468278,0.0026235885090504403,3.3069625839583745,0.6513262321498257,27.30207165085094,2020.667515,0.45570409956888935,6.005547018612132,33433480,77656935,1820779793,1.7306276509441363,5.750407793441163,204,0,0,51.0,51,51,47.85165561322568,0.6780648057322323,0.7360798997614778
3,3,0.028898816339587966,6.7415787246253105,107,0.9285069449073498,-0.027891159272654033,0.06429031322206699,2.7925275794226305,0.13689122761408168,16.322223423195354,2262.1625875,0.510166446168219,7.0055937981523035,71739866,5146183,1854984159,3.713493054705257,3.9798765300903693,204,0,0,107.0,107,107,93.39495776864668,0.1425109554580895,0.8240506655797677
3,3,0.025695321785822685,6.639631321779677,100,0.9983021147117854,-0.127212143754047,0.12770032903104,2.8271828294091534,0.1715464776006046,16.897789750959294,2262.1611595,0.5101661241234248,7.005587884711559,197758358,40836,1734071014,10.236627552983103,10.238741359585168,204,0,0,99.0,99,99,80.67764651816609,0.17858889027756136,0.8240501453941909
3,3,0.1875474247713995,6.882889782092165,118,0.925390206176061,-0.048734792291669396,0.03781706403441071,2.7464862817895663,0.09084992998101749,15.587764534331098,2262.164551,0.5101668889798112,7.005601929133326,67381999,452887,1864035322,3.4879154262520724,3.51135835725875,204,0,0,118.0,118,118,101.60753376105345,0.09457954721098209,0.8240513808349358
3,3,0.01862917790366521,7.531617263364199,185,0.955267934180987,-0.0429065625499905,0.0431578472399583,2.692208242113554,0.036571890305005184,14.764242972347105,2503.665004,0.5646304489979193,8.005670989673442,67007037,73208,1864789963,3.468506151320079,3.4722956398528404,204,0,0,185.0,185,185,148.8158250432526,0.03807325802474281,0.912024106638167
3,3,0.023835794016923505,6.4112630608029875,85,0.9534071338457794,-0.12353857472831534,0.14918921854376507,2.9663669416598126,0.3107305898512638,19.42123279735846,2262.150937875,0.5101638189265617,7.005545556298573,211453324,54941,1720361943,10.945524348600545,10.94836827671603,203,1,0,85.0,85,85,73.00500558679354,0.32348685903087115,0.8240464219054678
3,3,0.0518248000432249,6.2495244926519895,76,0.9095049197564401,-0.029528897773346448,0.06802313182362946,2.8586480569769592,0.20301170516841038,17.43793589752998,2262.157054,0.5101651982446411,7.005570883569421,75909701,14811277,1841149230,3.929337524107624,4.696018274122068,204,0,0,76.0,76,76,68.73368415993849,0.21134584426613784,0.8240486498606575
3,3,0.0001794511122024326,8.39204163665157,336,0.9652587340560103,-0.06426724406392227,0.06528855800908859,2.677512386454334,0.021876034645785136,14.548856310727587,2745.187831375,0.6190990549200849,9.005832703953578,100783297,732,1831086179,5.216877230294759,5.216915121039022,204,0,0,334.6029411764706,334,336,242.20490766772394,0.022774100673521983,1.0000049828805897
3,3,0.024490790318248416,6.812277519281165,112,0.9099113141579875,-0.04030535663468278,0.0027880498120463177,2.7728546973723693,0.11721834556382049,16.00425616811376,2262.16348,0.5101666474462154,7.005597494052768,33562190,23402067,1874905951,1.7372901068103226,2.948658598497317,204,0,0,112.0,112,112,98.06813785563244,0.12203045231364536,0.8240509906957533
3,3,0.18369307204738733,7.070448199617991,134,0.9236523431972895,-0.03395905409054173,0.034081208960299855,2.7335650318706683,0.0779286800621195,15.38764680299126,2503.6546,0.5646281026715609,8.005627906033737,52990909,501885,1878377414,2.742984946947326,2.7689641767072586,204,0,0,134.0,134,134,114.08357512735486,0.08112784761160258,0.9120203167146786
3,3,0.30809224898995313,5.781563590741548,55,0.9062158882752804,-0.05193835392675097,0.05207590023195499,3.138160616115762,0.4825242643072132,23.061409038444605,2020.668127,0.4557042375880869,6.005549552943879,80950523,21521490,1829398195,4.190267165194568,5.304290763202245,204,0,0,55.0,55,55,51.462350718473665,0.5023330942139859,0.7360801226981536
3,3,0.016739234926070892,6.4431162189336595,87,0.9124986288643073,-0.015890724910593373,0.0790586870319495,2.8408313689723386,0.18519501716378972,17.130000970180017,2262.1590175,0.5101656410562333,7.0055790145504435,73853842,20141794,1837874572,3.822919453603376,4.8655254173265865,204,0,0,87.0,87,87,78.30258494329104,0.19279773658318808,0.8240493651158257
3,3,0.05730005713423261,6.204307691502374,74,0.9685743345455946,-0.10858328625889424,0.12419548556153719,2.938261435564169,0.2826250837556201,18.882988465601084,2262.156697,0.5101651177334426,7.0055694052092345,180677969,167402,1751024837,9.352490050925823,9.3611553328535,204,0,0,74.0,74,74,64.14726307189542,0.2942275514979221,0.8240485198142633
3,3,0.02259369009321991,6.743760520675979,107,0.9634169142109741,-0.14152908384588117,0.15818307929141417,2.982976796979955,0.32734044517140637,19.746510594536506,2262.081885625,0.5101482461551009,7.005259606446605,232218011,13244,1699638953,12.020373316922127,12.02105887022406,202,2,0,106.49509803921569,105,107,88.59928723327566,0.3407785905241948,0.8240212678546993
3,4,inf,8.659520224704561,404,0.9472606827895608,-0.00173381889326054,0.03940275321259301,2.6808357928284914,0.025199441019942537,14.59728850788582,2745.203666875,0.6191026261668215,9.00589827978754,32032125,5862801,1893975282,1.658088875088652,1.9615668714738004,204,0,0,403.6029411764706,403,404,290.12912251297575,0.026233941205392235,1.0000107513670755
3,4,inf,5.505067348355028,45,0.9808161745559227,-0.07900862121809557,0.01634250904949107,3.63094659683235,0.9753102450238011,37.74853235146413,2020.666597,0.455703892540093,6.005543217114512,74171363,62539914,1795158931,3.8393553921402983,7.07662846260943,204,0,0,45.0,45,45,40.67089881295656,1.0153491740043938,0.7360795653564641
3,4,0.37825799600725407,5.709371169521179,52,0.937178519745,-0.09820233314072689,0.09057821743274748,3.3476021733584496,0.6919658215499007,28.43447090349466,2020.667668,0.45570413407368876,6.0055476521950695,146671814,1153752,1784044642,7.592218845377007,7.651940869932397,204,0,0,52.0,52,52,47.297592872933485,0.7203727520906107,0.7360799554956468
3,4,0.29543167131515924,6.767030940940766,109,0.9882597726116427,-0.16373856719070878,0.18654558652824496,3.2279889172440805,0.5723525654355317,25.228868575703594,2261.50234275,0.5100175467391639,7.002859681761809,270978763,6674,1660884771,14.02675820962813,14.02710367797131,188,16,0,107.88235294117646,107,109,87.35385128316032,0.5958490721484023,0.8238101545180565
3,4,0.18009979542835855,6.882889782092165,118,0.9266975663091894,-0.037477103791692924,0.037477103791692924,2.7499875887231124,0.0943512369145636,15.642437740357396,2262.164551,0.5101668889798112,7.005601929133326,58369018,692706,1872808484,3.0213736801929088,3.057230436880364,204,0,0,118.0,118,118,101.50232482698962,0.09822459156589415,0.8240513808349358
3,4,0.174870286527231,7.990727979983223,254,0.9982360278411624,-0.1264479710100755,0.12148900475320784,2.7473608873271336,0.09172453551858473,15.60140364306171,2503.644601,0.5646258476814362,8.005586499525334,192381489,0,1739488719,9.958303006244195,9.958303006244195,203,1,0,250.2892156862745,249,253,181.93942083573626,0.09549005749699564,0.9120166743228141
3,4,0.17186956566518896,7.996610977356104,255,0.9732786246502027,-0.07156584618821654,0.006176557835734987,2.6911992612092392,0.0355629094006904,14.749353645907535,2503.679169,0.5646336435108822,8.005729647858413,60484035,6911172,1864475001,3.1308539646986473,3.4885991160747793,204,0,0,254.43627450980392,254,255,192.06114685457516,0.03702285592652921,0.9120292666022397
3,4,0.17164408475434867,8.1001437933004,274,0.9551778040057899,-0.003069547494697067,0.012045389864119927,2.683212844930629,0.027576493122080326,14.63202829600445,2745.173923,0.6190959182815935,9.005775108469399,11791948,9765998,1910312262,0.610390281457252,1.1159106813039068,204,0,0,274.0,274,274,208.54164263744713,0.02870857725149684,0.9999999163987464
3,4,0.08071451924633903,6.257220244486992,76,0.9237053682204632,-0.08793708666801725,0.04020926200787046,2.866520440456165,0.21088408864761599,17.575755789747497,2262.157054,0.5101651982446411,7.005570883569421,99647718,6982119,1825240371,5.158095900405334,5.519513503466171,204,0,0,76.0,76,76,68.03829056132257,0.21954140880966644,0.8240486498606575
3,4,0.07686372589557121,6.257220244486992,76,0.950452623702223,-0.15250582153408263,0.15250582153408263,3.1027565878312298,0.4471202360226809,22.259226300006294,2262.055311,0.5101422530040916,7.005149559198545,236304661,60272,1695505275,12.231911855229562,12.235031733560437,202,2,0,76.0,76,76,65.16514832035756,0.4654756418714743,0.8240115873668601
3,4,0.07139988593391498,6.0996679325235235,69,0.9978848312917286,-0.127212143754047,0.12770032903104,3.001471660634513,0.345835308825964,20.115117778351802,2262.1558045,0.5101649164554461,7.00556570930877,197758358,175991,1733935859,10.236627552983103,10.245737429996126,204,0,0,69.0,69,69,59.46670451268743,0.36003271466652936,0.8240481946982778
3,4,0.05299064069405638,6.743760520675979,107,0.902161207988033,-0.15135929705789594,0.15135929705789594,3.0826748772021557,0.42703852539360687,21.816681360509826,2262.069759,0.5101455113396572,7.005209389304895,234545056,8473,1697316679,12.140828872909458,12.14126746345063,202,2,0,106.05392156862744,105,107,92.45112456747405,0.4445695267108281,0.8240168504209314
3,4,0.042792930413477794,6.5020354830248985,91,0.950452623702223,-0.15250582153408263,0.12461018887773459,3.002177390809984,0.3465410390014352,20.12931863434804,2262.1428275,0.510161989862102,7.005511970708955,214846934,38489,1716984785,11.121188841274371,11.123181159383561,203,1,0,91.0,91,91,77.61629841887735,0.3607674168337532,0.8240434674936346
3,4,0.037823411439890285,6.772911065085275,109,0.9380973755323263,-0.0934595622577721,0.015497375104319677,2.806907132013169,0.15127078020462026,16.55862529647091,2262.1629445,0.5101665266794176,7.005595276512489,84701115,14497462,1832671631,4.384410228453609,5.134846874764787,204,0,0,109.0,109,109,93.82977851066897,0.15748082470723268,0.8240507956261619
3,4,0.02995526927481964,6.804056496020592,112,0.9247839562951359,-0.09040278975441537,0.09040278975441537,2.772927769230934,0.11729141742238536,16.005425671585286,2262.16348,0.5101666474462154,7.005597494052768,140498809,55920,1791315479,7.272683662607628,7.2755782670053994,204,0,0,112.0,112,112,96.08430050941945,0.12210652395506956,0.8240509906957533
3,4,0.021723397564035442,7.460096450455839,176,0.9860719068325894,-0.0981650987381609,0.06923251173779188,2.7209690244942104,0.06533267268566156,15.195039478567558,2503.663079,0.5646300148689074,8.005663018123421,130102197,15774,1801752237,6.73452059363193,6.7353371081128035,204,0,0,175.56372549019608,175,176,136.08161824778932,0.06801474257585294,0.91202340540761
4,0,0.024047657020987503,6.288742508359915,78,0.9370459706034869,-0.03192585956141486,0.03192585956141486,2.794246220740098,0.13860986893154914,16.350299590283008,2262.157411,0.5101652787558397,7.005572361929606,49733880,25601197,1856535131,2.5743903391671332,3.89959308280818,204,0,0,78.0,78,78,69.00496503748558,0.14430015130731166,0.8240487799070518
4,0,0.05317689309916337,6.007649788028051,64,0.9936043570048964,-0.057912447260671227,0.057912447260671227,2.884029487196154,0.2283931353876052,17.886200382848408,2020.669351,0.455704513626482,6.0055546216073745,90123384,9319018,1832427806,4.665084829549792,5.147468064272774,204,0,0,63.0,63,63,54.90888420319108,0.23776924578334502,0.7360805685715052
4,0,0.17363774973586885,8.10573675877588,275,0.9971826426060968,-0.012705165474050128,0.012705165474050128,2.6626363976967293,0.007000045888180484,14.334029529862194,2745.1741525,0.6190959700387926,9.005776058843804,19816741,2641389,1909412078,1.0257801439215528,1.1625071864041086,204,0,0,275.0,275,275,202.61769812091504,0.007287415308944549,1.0
4,0,0.0006186288321842312,7.416128676084227,171,0.9867738953776011,-0.04353907639951491,0.04353907639951491,2.6778063324526222,0.022169980644073384,14.553133517422893,2503.662148,0.5646298049083307,8.005659162791956,67794100,106855,1863969253,3.5092471388222783,3.514778307508327,204,0,0,171.0,171,171,135.31150278738946,0.023080113891456124,0.9120230662670133
4,0,0.05800301341597974,5.6266377841813,49,0.9506714558173919,-0.07597006596408916,0.033216660224625924,3.214301658596827,0.5586653067882783,24.885906982362783,2020.667209,0.4557040305592906,6.005545751446259,84944521,38315444,1808610243,4.397009729133936,6.380344004973651,204,0,0,49.0,49,49,44.94948156958862,0.5815999172433044,0.7360797882931399
4,0,0.07384211490788388,6.0888490475805295,68,0.957263505158246,-0.013028519070059565,0.012432634178630851,2.8248925090243775,0.16925615721582865,16.85913268406736,2262.155626,0.5101648761998469,7.005564970128677,19856921,68740021,1843273266,1.0278599937910529,4.586071136306896,204,0,0,68.0,68,68,59.86531171905037,0.1762045465031033,0.8240481296750808
4,0,0.010413409579907346,6.6992910446864355,104,0.9788470407736577,-0.06332419083844198,0.06674309185862634,2.719353387457135,0.06371703564858633,15.170509631007102,2262.162052,0.5101663254014212,7.005591580612024,101179854,229073,1830461281,5.237404333945814,5.24926191107762,204,0,0,104.0,104,104,86.8334609885621,0.06633277959078739,0.8240504705101764
4,0,0.0029950534119020044,7.39741310772172,169,0.9835826804139742,-0.037874526593534255,0.04353907639951491,2.677862421733668,0.02222606992511933,14.553949815111412,2503.66174,0.5646297128955323,8.005657473237457,63392938,134223,1868343047,3.2814284177832302,3.2883762447875586,204,0,0,169.0,169,169,134.27141604190695,0.023138505778008193,0.9120229176425628
4,0,inf,8.840186890104919,458,0.9988832393152698,-0.012705165474050128,0.012705165474050128,2.6577551058576816,0.002118754049132754,14.264231439511741,2745.2159215,0.6191053898490254,9.005949026985565,19816741,81206,1911972261,1.0257801439215528,1.0299836354223648,204,0,0,457.0,457,457,309.8667429594387,0.0022057342109155303,1.000015215428122
4,0,0.0020364158241014106,8.444648241685547,348,0.9971826426060968,-0.02267547139406055,0.012705165474050128,2.6600474370183975,0.004411085209848675,14.296967288092105,2745.1906765,0.6190996965571265,9.005844485800983,27580033,209493,1904080682,1.4276338485778854,1.4384779000639778,204,0,0,347.0,347,347,247.0665444180123,0.00459217130870347,1.000006019290246
4,0,0.0013042416380665079,8.727154858124994,424,0.9991410918579327,-0.012702587324349125,0.013373591628841533,2.659050498407063,0.003414146598514023,14.282721191799263,2745.2081185,0.6191036301042566,9.005916714255784,20334423,104061,1911431724,1.0525770787185305,1.0579636207113143,204,0,0,423.0,423,423,290.73389141195696,0.003554305869766115,1.000012372985506
4,0,0.18415750161670494,6.7546400459106835,108,0.9972487294767167,-0.029297256127922323,0.018982831507830415,2.7078739850184483,0.05223763320989949,14.997356991620705,2262.1625875,0.510166446168219,7.0055937981523035,37621473,19899510,1874349225,1.9474120385627893,2.977476580041551,204,0,0,107.0,107,107,88.45324965157631,0.054382118922909076,0.8240506655797677
4,0,0.00714500030811294,6.689254148471688,103,0.9789758189998661,-0.07523461291423629,0.06565192099744932,2.726423467609087,0.0707871158005382,15.278146401982431,2262.1618735,0.5101662851458219,7.005590841431931,109573556,188998,1822107654,5.671890148015575,5.681673310425625,204,0,0,103.0,103,103,86.74903732939254,0.07369310424548638,0.8240504054869794
4,0,0.09287124092975466,5.855913191887773,58,0.9992000559874556,-0.057912447260671227,0.057912447260671227,2.9704596962530436,0.3148233444444948,19.500882018272172,2020.668433,0.4557043065976857,6.005550820109754,90123384,18893055,1822853769,4.665084829549792,5.643051927016414,204,0,0,57.0,57,57,49.883090337850824,0.3277476314536384,0.7360802341664915
4,0,0.01720296702725068,6.62881243683673,99,0.9574902034434855,-0.013028519070059565,0.012432634178630851,2.732080333804758,0.07644398199620905,15.364817744866729,2262.1611595,0.5101661241234248,7.005587884711559,19856921,39876448,1872136839,1.0278599937910529,3.0919970064572784,204,0,0,99.0,99,99,85.15468810073048,0.07958219897050653,0.8240501453941909
4,0,0.03489995974012504,6.399396838815453,84,0.980342507017974,-0.04985632440777221,0.05193835392675097,2.7570645193035683,0.10142816749501948,15.753530821712015,2262.158482,0.5101655202894354,7.005576797010164,79228076,2030890,1850611242,4.101107604015601,4.206233196386659,204,0,0,84.0,84,84,71.4000054065744,0.10559204787634946,0.8240491700462343
4,0,0.18053870785583617,7.095067544672627,137,0.9935380536513516,-0.012705165474050128,0.03265904020849021,2.688166740875915,0.03253038906736627,14.704693681423207,2503.655212,0.5646282406907585,8.005630440365485,35341505,12859952,1883668751,1.8293933440066799,2.4950670495561575,204,0,0,137.0,137,137,110.60242454825067,0.033865843036218556,0.9120205396513545
4,0,0.17419219990313797,7.568420714113126,190,0.980187678068896,-0.033176523298833145,0.033176523298833145,2.67245557195219,0.01681922014364101,14.475471147105592,2503.666024,0.5646306790299152,8.00567521355969,51678105,148091,1880044012,2.6750298641180765,2.6826955447309224,204,0,0,190.0,190,190,148.59147473327567,0.017509691267343565,0.9120244781992933
4,0,0.005788925971120854,7.286908283135321,156,0.9858096787372463,-0.02928042158439123,0.04353907639951491,2.6831379337431924,0.027501581934643582,14.630932234444337,2503.659088,0.564629114812343,8.005646491133218,56704474,399281,1874766453,2.93521137005908,2.955879476971571,204,0,0,156.0,156,156,124.21531382160707,0.02863059077214254,0.9120219515836344
4,0,inf,5.4894186783608205,45,0.9495343412676107,-0.07597006596408916,0.04253928821292327,3.5484509041790386,0.8928145523704898,34.759430072129355,2020.666597,0.455703892540093,6.005543217114512,92193276,40084367,1799592565,4.7722292946090095,6.8471288833085,204,0,0,45.0,45,45,41.55315713908112,0.9294668264930992,0.7360795653564641
4,0,0.11817723416401892,6.007649788028051,64,0.9806135298643006,-0.057912447260671227,0.05774642918992542,2.875732142341737,0.22009579053318795,17.738406406846707,2020.669504,0.4557045481312814,6.005555255190312,89994951,8523886,1833351371,4.6584367121209835,5.099661281178575,204,0,0,64.0,64,64,55.568023716839676,0.22913127413550638,0.7360806243056741
4,0,0.14441860974021883,5.598581437364096,48,0.9479501061512919,-0.020578806750104834,0.002274631427865762,3.299126353447881,0.6434900016393321,27.088962401106784,2020.667056,0.4557039960544912,6.0055451178633215,17814638,107921745,1806133825,0.9221446620082667,6.508531602139599,204,0,0,48.0,48,48,43.52544844530949,0.6699068783273545,0.736079732558971
4,0,0.07090323764257579,5.7302907072613305,53,0.9896150582253356,-0.04619277766318423,0.05780210842247116,3.0632405376574092,0.4076041858488604,21.396782016446792,2020.667821,0.45570416857848817,6.005548285778006,80937624,35221668,1815710916,4.189599470235218,6.012789654241617,204,0,0,53.0,53,53,47.00015468810073,0.42433735883936513,0.7360800112298157
4,0,0.000987182516530502,7.483874820733011,179,0.9742376165708433,-0.03277545774144383,0.03560009685039461,2.676762909323166,0.02112655751461734,14.53795636077988,2503.66378,0.5646301729595242,8.005665921009948,53250119,165416,1878454673,2.756402515007882,2.764964994998256,204,0,0,179.0,179,179,142.33371029171474,0.0219938556284719,0.9120236607648154
4,0,0.0024195106516449855,7.530652512966185,185,0.9832793913064294,-0.027185533796577087,0.027516301747259417,2.676051284722951,0.02041493291440233,14.527614473603796,2503.665004,0.5646304489979193,8.005670989673442,42616488,304529,1888949191,2.205970557624542,2.221733987214114,204,0,0,185.0,185,185,145.41113844434832,0.021253017055601287,0.912024106638167
4,0,0.05208377198871006,5.781563590741548,55,0.9927931433043651,-0.05193835392675097,0.05210437199749677,3.0494680306826445,0.39383167887409565,21.104114694382663,2020.668127,0.4557042375880869,6.005549552943879,80972569,31255106,1819642533,4.191408339167266,5.809276137457781,204,0,0,55.0,55,55,48.51346687572088,0.40999945594934073,0.7360801226981536
4,0,0.021628217390390333,5.650439134471693,50,0.9505426773429856,-0.010858238273469645,0.0058507871529826574,3.1958006489375888,0.5401642971290399,24.429725497949967,2020.667362,0.45570406506409,6.005546385029196,13035652,107815322,1811019234,0.6747685194387552,6.255646652634751,204,0,0,50.0,50,50,45.15036734669358,0.5623393947873995,0.7360798440273089
4,0,0.07441411297961789,5.668988260805552,51,0.9767509310575884,-0.012514121850539323,0.05193835392675097,3.175773710056113,0.5201373582475641,23.945339452988662,2020.667515,0.45570409956888935,6.005547018612132,50178276,69089233,1812602699,2.597393747893026,6.173681260061131,204,0,0,51.0,51,51,45.80155168685121,0.541490299891809,0.7360798997614778
4,0,0.017204798013282938,6.188647703940861,73,0.989253560534479,-0.011357513803176778,0.05505996866409569,2.799900399689332,0.14426404788078306,16.443008960734385,2262.1565185,0.5101650774778433,7.005568666029141,51704386,34965626,1845200196,2.676390255716392,4.486326857834126,204,0,0,73.0,73,73,63.02280973663975,0.15018644846769635,0.8240484547910663
4,0,0.13537306713693525,6.0254006911904385,65,0.9937174200811855,-0.057912447260671227,0.08215989029835374,2.866261601972184,0.21062525016363498,17.571207096477888,2177.46627925,0.4910656022137522,6.654860884939947,108928501,3989914,1818951793,5.638499964900333,5.84503112747417,0,204,0,65.0,65,65,56.4958249231065,0.2192719443574559,0.7931978658865796
4,0,0.0816656831935141,6.019575074195444,65,0.9983788493602563,-0.012790874935943438,0.012691418011962672,2.8437048404695466,0.1880684886609978,17.179294327326087,2190.78536275,0.49406934276403774,6.7100160747445,19872688,75286949,1836710571,1.0286761459287435,4.925777964064965,0,204,0,65.0,65,65,56.29031652489427,0.1957891712841987,0.798049683206756
4,0,0.13996086848864656,5.519362565715423,46,0.9574716140281713,-0.022211715608637408,0.03773265188927162,3.4715671921335436,0.8159308403249947,32.187146380719874,2020.66675,0.45570392704489243,6.005543850697448,46689244,86065111,1799115853,2.4167898964773515,6.871805075219629,204,0,0,46.0,46,46,41.52426951172626,0.8494268454531378,0.7360796210906332
4,1,0.04310807531451589,6.188647703940861,73,0.9488584045351534,-0.05505996866409569,0.05505996866409569,2.8020015878682027,0.1463652360596539,16.477595140098558,2262.1565185,0.5101650774778433,7.005568666029141,85694605,2547684,1843627919,4.435836561127816,4.567713122474944,204,0,0,73.0,73,73,64.99760158352557,0.15237389568536833,0.8240484547910663
4,1,0.0847476517338933,5.748041610423717,54,0.9897281213016432,-0.04619277766318423,0.08204955146015336,3.069533807915714,0.41389745610716533,21.531862351036494,2020.667821,0.45570416857848817,6.005548285778006,99743431,23557353,1808569424,5.163050322270926,6.382456931599413,204,0,0,53.0,53,53,46.99732674932718,0.43088898360815897,0.7360800112298157
4,1,0.09080987635514723,5.636674731226339,50,0.9505426773429856,-0.06405964388829487,0.0395177198952425,3.1966414999018427,0.5410051480932938,24.450275894891107,2020.667362,0.45570406506409,6.005546385029196,80604878,40290539,1810974791,4.172375435275619,6.2579471695026,204,0,0,50.0,50,50,45.15036734669358,0.5632147647903006,0.7360798440273089
4,1,0.17166240470484662,7.568420714113126,190,0.982276161327083,-0.033176523298833145,0.033176523298833145,2.6733598322418763,0.0177234804333275,14.4885666608226,2503.666024,0.5646306790299152,8.00567521355969,51678105,149348,1880042755,2.6750298641180765,2.6827606112138978,204,0,0,190.0,190,190,148.3278621804114,0.018451073707344227,0.9120244781992933
4,1,0.07732825120700633,5.6266377841813,49,0.9501044775103363,-0.0016289502386101385,0.0016289502386101385,3.2362981292172996,0.5806617774087508,25.43937394826579,2020.667209,0.4557040305592906,6.005545751446259,2544194,118255955,1811070059,0.131695907388826,6.253015782310775,204,0,0,49.0,49,49,44.96491884131103,0.6044993980900001,0.7360797882931399
4,1,0.02377066183302241,6.728412738673232,106,0.9992375564055838,-0.08122762539534008,0.08122762539534008,2.7322826078011455,0.07664625599259667,15.367925962300934,2262.1622305,0.5101663656570204,7.005592319792117,126292605,126578,1805451025,6.537323494974669,6.543875591460024,204,0,0,105.0,105,105,86.82262681420607,0.07979277682119826,0.8240505355333736
4,1,0.1327013627432858,6.006513070472662,64,0.9123753803650345,-0.027516301747259417,0.057703015133737864,2.9196377163930354,0.26400136458448653,18.534571471867796,2020.669504,0.4557045481312814,6.005555255190312,66336479,25865083,1839668646,3.433795848463128,4.772658205410868,204,0,0,64.0,64,64,58.451396398019995,0.27483928199723745,0.7360806243056741
4,1,0.0053781608614097065,8.396972325642441,337,0.995932114552335,-0.057513991075212004,0.03607242153494252,2.668636480423667,0.013000128615118012,14.4202934293196,2745.188242,0.6190991475248774,9.005834404378371,72841953,7752,1859020503,3.7705407277547294,3.770941996948068,204,0,0,336.3921568627451,336,337,238.69643286236064,0.013533816463692368,1.0000051324612638
4,1,0.009594507805159793,7.416128676084227,171,0.9862068236353331,-0.0003621095616554472,0.04313562021453371,2.67839161733563,0.022755265527081292,14.561653739606436,2503.662148,0.5646298049083307,8.005659162791956,33864819,17517381,1880488008,1.7529551861074095,2.659712841329763,204,0,0,171.0,171,171,135.37668204536718,0.023689426185212286,0.9120230662670133
4,1,0.04494171297814189,6.090059389720482,68,0.9472606827895608,-0.08123102097543786,0.03940275321259301,2.874421502184623,0.21878515037607427,17.71517296775165,2262.155626,0.5101648761998469,7.005564970128677,93827986,13438317,1824603905,4.856847298097575,5.552459091496068,204,0,0,68.0,68,68,60.324274317570165,0.22776682891642647,0.8240481296750808
4,1,0.05309218226189564,5.825282970884183,57,0.936135041193947,-0.09694627508257826,0.09486424554721293,3.04101055240305,0.3853742005945011,20.92637975686301,2020.668433,0.4557043065976857,6.005550820109754,149016997,626191,1782227020,7.713613284314388,7.746027004315189,204,0,0,57.0,57,57,52.2254661668589,0.4011947769980427,0.7360802341664915
4,1,inf,5.505067348355028,45,0.970870036009827,-0.0714499804969751,0.005355120296282878,3.5761382452848776,0.9205018934763287,35.735273181287425,2020.666597,0.455703892540093,6.005543217114512,59752883,74894339,1797222986,3.093007115724412,6.969786140001389,204,0,0,45.0,45,45,40.96028120194156,0.9582908023157928,0.7360795653564641
4,1,0.05878958077294494,5.921039105208197,61,0.9095018528720628,-0.04030535663468278,0.0026235885090504403,2.9720357998324767,0.31639944802392783,19.531641662048095,2020.669045,0.45570444461688325,6.005553354441501,33433480,59138305,1839298423,1.7306276509441363,4.791822174008079,204,0,0,61.0,61,61,56.56662701845444,0.3293884380335833,0.7360804571031673
4,1,0.005854010516762308,8.902727004457038,479,0.9897083084052155,-0.03275250884746983,0.0028822563254992913,2.659392106690288,0.0037557548817392927,14.287601121130063,2745.22092775,0.6191065188663583,9.005969758191954,27760114,4094532,1900015562,1.436955437536309,1.6489019742676212,204,0,0,478.8137254901961,478,479,323.39020599048445,0.003909938028841171,1.0000170390829148
4,1,inf,8.912375799613182,482,0.9988832393152698,-0.012705165474050128,0.012705165474050128,2.6579281145849634,0.0022917627764145188,14.266699489529683,2745.2214295,0.6191066320218034,9.005971835971291,19816741,66229,1911987238,1.0257801439215528,1.0292083763010231,204,0,0,481.0,481,481,323.18842512495195,0.002385845379887004,1.000017221858204
4,1,0.020360500199247525,6.296874758975264,79,0.9506714558173919,-0.07597006596408916,0.033216660224625924,2.79454574249521,0.1389093906866612,16.355197594205645,2262.1575895,0.510165319011439,7.005573101109699,84944521,11548631,1835377056,4.397009729133936,4.994805116845614,204,0,0,79.0,79,79,69.76300281141869,0.14461196918085603,0.8240488449302489
4,1,0.010367006456141413,7.207644495307468,148,0.9954776742768866,-0.05033590468309955,0.03265904020849021,2.6909682642382764,0.03533191242972755,14.745946983371182,2503.657252,0.5646287007547504,8.005638888137975,64616403,329196,1866924609,3.34475901809652,3.3617992932991076,204,0,0,147.0,147,147,117.54922986351403,0.036782375951196926,0.9120212827736072
4,1,0.013935963680330994,6.703984965742813,104,0.9994389134389661,-0.012198661780875768,0.07989133579031805,2.751738333504085,0.09610198169553597,15.669847643464227,2262.1618735,0.5101662851458219,7.005590841431931,71622160,20512437,1839735611,3.7074002023224946,4.769191875233887,204,0,0,103.0,103,103,85.3227439566513,0.10004720880622614,0.8240504054869794
4,1,0.16924142888979096,8.396972325642441,337,0.9822894263024761,-0.057611842394417107,0.03656433604588277,2.6692272441586344,0.013590892350085593,14.428814932574943,2745.188238625,0.6190991467637421,9.005834390402278,73299132,6998,1858564078,3.794205826895799,3.7945680665520154,204,0,0,336.37745098039215,336,337,241.34350820597848,0.014148832530007191,1.0000051312318334
4,1,0.17597179430041604,7.095067544672627,137,0.9935380536513516,-0.02933873069582877,0.05588716186631161,2.6974210082232575,0.04178465641470863,14.841406460627327,2503.655212,0.5646282406907585,8.005630440365485,66344468,1035138,1864490602,3.4342093855613722,3.487791556646853,204,0,0,137.0,137,137,110.60242454825067,0.04350002124267284,0.9120205396513545
4,1,0.004060727700038359,6.288742508359915,78,0.9367532394478978,-0.03142772640715428,0.03192585956141486,2.795259221332738,0.13962286952418923,16.36687084538635,2262.157411,0.5101652787558397,7.005572361929606,49345330,25967181,1856557697,2.5542777043539355,3.8984249919133283,204,0,0,78.0,78,78,69.02134996155326,0.14535473811212674,0.8240487799070518
4,1,0.1857606824279544,6.019575074195444,65,0.9096555160616999,-0.04149458889551736,0.005536823047001968,2.9128573780590927,0.2572210262505439,18.409325889949777,2197.0348075,0.4954787273220927,6.7358954313353125,36632584,50194460,1845043164,1.8962238688863304,4.494455354218082,0,204,0,65.0,65,65,59.994706062572085,0.26778059378806046,0.8003262035303605
4,1,0.0658682847135481,6.07479960122165,67,0.9513314952634654,-0.06360261986813447,0.09343720993733244,2.884532102911893,0.22889575110334404,17.89519252786308,2262.1554475,0.5101648359442476,7.0055642309485835,122082562,1110342,1808677304,6.31939772633007,6.376872705518735,204,0,0,67.0,67,67,59.978638023836986,0.23829249513340656,0.8240480646518835
4,1,0.028533046721377815,5.985753995619055,63,0.9183356399774015,-0.020154955501806425,0.06429031322206699,2.933049338470742,0.2774129866621933,18.78482453849021,2020.669351,0.455704513626482,6.0055546216073745,65720388,30589030,1835560790,3.4019049379118536,4.98529443650906,204,0,0,63.0,63,63,57.96575235486351,0.28880148476106293,0.7360805685715052
4,1,0.1293225480817329,5.537316734211437,46,0.9133576639387073,-0.03962260638725461,0.016141762615888396,3.5280834844651663,0.8724471326566174,34.05863112990321,2020.66675,0.45570392704489243,6.005543850697448,43442835,83216931,1805210442,2.2487450150688386,6.556328964311043,204,0,0,46.0,46,46,42.78741499663591,0.9082632731739434,0.7360796210906332
4,1,0.023313202809051563,6.399396838815453,84,0.9808855984921876,-0.04975847308856711,0.05208849280133726,2.7578701434859894,0.10223379167744051,15.766227360733234,2262.158482,0.5101655202894354,7.005576797010164,79268471,2042247,1850559490,4.103198582997145,4.208912051300705,204,0,0,84.0,84,84,71.36467043925413,0.10643074494977064,0.8240491700462343
4,1,0.18563266444227586,6.782270206277894,110,0.9972487294767167,-0.0056461055646010285,0.020072710157967185,2.7080867657384236,0.052450413929874706,15.00054847957062,2262.1629445,0.5101665266794176,7.005595276512489,20054051,36405977,1875410180,1.0380640954529383,2.922558035534445,204,0,0,109.0,109,109,89.9341884731834,0.05460363482451392,0.8240507956261619
4,1,0.15888843259909088,5.577999077146019,48,0.9099113141579875,-0.04030535663468278,0.0026235885090504403,3.338648279410895,0.6830119276023461,28.1810080994906,2020.667056,0.4557039960544912,6.0055451178633215,33433480,87289268,1811147460,1.7306276509441363,6.2490092502114924,204,0,0,48.0,48,48,44.64949929113802,0.711051278364524,0.736079732558971
4,2,0.17577563401032537,6.824250727525302,113,0.9568741195952893,-0.008699850961340827,0.008699850961340827,2.717742903149879,0.06210655134133036,15.146097426325973,2262.1636585,0.5101666877018147,7.0055982332328615,13572708,38668250,1879629250,0.7025683166392097,2.704164999473919,204,0,0,113.0,113,113,95.95806751009228,0.0646561808680092,0.8240510557189504
4,2,0.11333023992946441,5.781563590741548,55,0.9804189182511,-0.05193835392675097,0.05193835392675097,3.0709776438092042,0.4153412920006554,21.56297328088656,2020.668127,0.4557042375880869,6.005549552943879,80843676,29989413,1821037119,4.184736410615014,5.7370877474601025,204,0,0,55.0,55,55,48.97093215349865,0.4323920925822857,0.7360801226981536
4,2,0.015116622285337835,6.288742508359915,78,0.937322407915941,-0.032473859560713594,0.03192585956141486,2.795818625162681,0.14018227335413203,16.37602909696312,2262.157411,0.5101652787558397,7.005572361929606,50159538,25204226,1856506444,2.596423806955876,3.901078016934769,204,0,0,78.0,78,78,68.99437716262976,0.14593710687075026,0.8240487799070518
4,2,0.032434953291379104,6.188647703940861,73,0.9409702632171969,-0.0584002119503473,0.06463965704593529,2.828975332732543,0.17333898092399425,16.92810625834854,2262.1565185,0.5101650774778433,7.005568666029141,95723119,1191570,1834955519,4.954945658543951,5.016625268026288,204,0,0,73.0,73,73,65.37215253748558,0.1804549803530936,0.8240484547910663
4,2,0.013565881858609014,6.70357965496379,104,0.9992375564055838,-0.07964745222760514,0.10525491321633432,2.761831236048681,0.10619488424013213,15.828802698206918,2262.1618735,0.5101662851458219,7.005590841431931,143668088,104150,1788097970,7.436736039774366,7.442127188701902,204,0,0,103.0,103,103,84.90686574875048,0.11055445028579501,0.8240504054869794
4,2,0.006256635726811504,6.811188723825177,112,0.9568741195952893,-0.008941415416082866,0.06095544361413123,2.726299095806053,0.07066274399750405,15.276246349526321,2262.16348,0.5101666474462154,7.005597494052768,54397997,19713767,1857758444,2.8158204818695562,3.836270350518289,204,0,0,112.0,112,112,94.53171106064976,0.07356362666835185,0.8240509906957533
4,2,0.010365074648963652,7.093165845845223,137,0.9575215024431967,-0.035765257859323385,0.035765257859323385,2.701075229169569,0.04543887736102015,14.895739450903527,2503.655212,0.5646282406907585,8.005630440365485,55704595,413143,1875752470,2.8834543215855626,2.9048399715267,204,0,0,137.0,137,137,113.90380652873894,0.04730425711366629,0.9120205396513545
4,2,0.007294659000889779,6.702404291488064,104,0.925390206176061,-0.048734792291669396,0.03781706403441071,2.7617475176998973,0.1061111658913485,15.827477592450409,2262.162052,0.5101663254014212,7.005591580612024,67381999,1109839,1863378370,3.4879154262520724,3.5453643684948837,204,0,0,104.0,104,104,90.60603644031141,0.11046729508905616,0.8240504705101764
4,2,inf,8.914917544230004,483,0.9897083084052155,-0.012045389864119927,0.009008741550810287,2.6581141812427487,0.0024778294341998297,14.269354293598928,2745.2218885,0.6191067355362015,9.005973736720101,16420093,175243,1915274872,0.8499583943063737,0.859029552362143,204,0,0,483.0,483,483,326.68401275951555,0.002579550540122928,1.000017389060711
4,2,0.008215590457595161,6.772911065085275,109,0.9381021226096482,-0.015497375104319677,0.015497375104319677,2.74469585260299,0.08905950079444125,15.559880715205933,2262.1629445,0.5101665266794176,7.005595276512489,24168486,28942854,1878758868,1.2510408773796877,2.7492188543548366,204,0,0,109.0,109,109,94.2725078695694,0.09271561642077578,0.8240507956261619
4,2,0.009155860729453635,6.728412738673232,106,0.9992375564055838,-0.038615459557680795,0.08122762539534008,2.748245375297334,0.09260902348878508,15.615209001338883,2262.1622305,0.5101663656570204,7.005592319792117,93216793,1333514,1837319901,4.825209924247664,4.894237025265002,204,0,0,105.0,105,105,86.82274095299884,0.09641085591426013,0.8240505355333736
4,2,0.0019059047626447452,6.772911065085275,109,0.9381021226096482,-0.015497375104319677,0.007199316774506092,2.74469585260299,0.08905950079444125,15.559880715205933,2262.1629445,0.5101665266794176,7.005595276512489,17700086,35411254,1878758868,0.9162150711110298,2.7492188543548366,204,0,0,109.0,109,109,94.2725078695694,0.09271561642077578,0.8240507956261619
4,2,0.1697399072573468,7.568420714113126,190,0.9732702742145912,-0.033176523298833145,0.03560009685039461,2.676591121224467,0.02095476941591823,14.53545912740132,2503.666024,0.5646306790299152,8.00567521355969,53562219,132148,1878175841,2.772557844631351,2.7793982627636233,204,0,0,190.0,190,190,149.44192438004615,0.021815015197944407,0.9120244781992933
4,2,0.00856782602687253,8.912375799613182,482,0.9818908411302147,-0.008713911042715638,0.032103295027008205,2.6607152643469294,0.005078912538380553,14.306518382448157,2745.221626375,0.6191066764213614,9.005972651243452,31800246,173186,1899896776,1.6460860501038381,1.6550507310271643,204,0,0,481.8578431372549,481,482,326.59400230680507,0.005287414622164055,1.0000172935749656
4,2,0.1829920110084298,5.508863029315804,46,0.9525081794807535,-0.07597006596408916,0.033216660224625924,3.530178567637568,0.874542215829019,34.13006159511342,2020.66675,0.45570392704489243,6.005543850697448,84944521,47707493,1799218194,4.397009729133936,6.8665075661232,204,0,0,46.0,46,46,41.67528865099962,0.9104443647593358,0.7360796210906332
4,2,0.009877810342836791,6.785816323766737,110,0.950739825723694,-0.060534633215716616,0.060330137437129915,2.7293952136838735,0.07375886187532465,15.323616703213748,2262.163123,0.5101665669350168,7.005596015692582,94036046,202620,1837631542,4.867617172757809,4.8781054550016645,204,0,0,110.0,110,110,93.46830545943868,0.07678684794169002,0.824050860649359
4,2,0.01825131897861794,6.641419870732094,100,0.9099113141579875,-0.04030535663468278,0.0027880498120463177,2.787013086972146,0.13137673516359705,16.23246236615529,2262.161338,0.5101661643790241,7.0055886238916525,33562190,26876261,1871431757,1.7372901068103226,3.1284943858919947,204,0,0,100.0,100,100,88.44656952854672,0.13677007927718116,0.824050210417388
4,2,0.17559719479635955,7.088336557985945,136,0.9575215024431967,-0.035765257859323385,0.035765257859323385,2.7092990455944244,0.053662693785875515,15.018744369348262,2503.655008,0.5646281946843593,8.005629595588236,55704595,447054,1875718559,2.8834543215855626,2.906595317194311,204,0,0,136.0,136,136,112.50588265330641,0.05586568180570046,0.9120204653391293
4,2,0.010994984183860933,7.416128676084227,171,0.9865245619090688,-0.06750083663364717,0.07505355984077666,2.690003246462048,0.03436689465349918,14.731723746346983,2503.662148,0.5646298049083307,8.005659162791956,110870578,25840,1820973790,5.739028302257457,5.740365866235254,204,0,0,171.0,171,171,133.69647641532103,0.0357777417776175,0.9120230662670133
4,2,0.15293864678748922,5.606076144340706,49,0.9512335066483362,-0.0014556484100165454,0.04168656769539386,3.248543094994676,0.592906743186127,25.75279319952045,2020.667209,0.4557040305592906,6.005545751446259,33591738,87351475,1810926995,1.738819609148401,6.26042124875503,204,0,0,49.0,49,49,44.92971152921953,0.6172470503895693,0.7360797882931399
4,2,0.0597206710577669,5.713271016550379,52,0.9370459706034869,-0.03240321274087328,0.03192585956141486,3.2453311571681214,0.5896948053595725,25.670209526712913,2020.667668,0.45570413407368876,6.0055476521950695,50104674,64282171,1817483363,2.5935838646154017,5.921041927470937,204,0,0,52.0,52,52,47.302762158785086,0.6139032544684406,0.7360799554956468
4,2,0.007203806692354596,7.441177602989192,174,0.9991665472291652,-0.05160322485662257,0.01377839445215684,2.6806064842384387,0.02497013242988988,14.593941607990597,2503.662556,0.5646298969211291,8.005660852346454,50910752,7059908,1873899548,2.6353091314921295,3.000753350817241,204,0,0,173.0,173,173,135.29688701460975,0.02599521892323637,0.912023214891464
4,2,0.0178028524496647,6.204307691502374,74,0.9685743345455946,-0.019086615268934133,0.04300650245250727,2.815161866680494,0.159525514871945,16.69587806798104,2262.156697,0.5101651177334426,7.0055694052092345,48358421,33840697,1849671090,2.5031920260349083,4.254898577534252,204,0,0,74.0,74,74,64.15819186130335,0.16607443691304835,0.8240485198142633
4,2,inf,5.505067348355028,45,0.9862117564291935,-0.06392046879868016,0.016547102081225097,3.5893653605004086,0.9337290086918597,36.211087646069295,2020.666597,0.455703892540093,6.005543217114512,62633296,74078656,1795158256,3.2421068320548376,7.076663402844918,204,0,0,45.0,45,45,40.512097210207614,0.9720609237485094,0.7360795653564641
4,2,0.16804516516256268,8.39204163665157,336,0.9717502763109316,-0.06528855800908859,0.06528855800908859,2.674891359583599,0.01925500777505018,14.51077329750103,2745.187828,0.6190990541589496,9.005832689977483,101576020,757,1830293431,5.25791119814194,5.257950382968999,204,0,0,334.5882352941176,334,336,240.8733720203768,0.02004547408334491,1.0000049816511596
4,2,0.27156168617884,6.006513070472662,64,0.9111841223680086,-0.027516301747259417,0.058766379343950736,2.926238314838717,0.27060196303016815,18.657315381505093,2020.669504,0.4557045481312814,6.005555255190312,67161975,25464304,1839243929,3.4765262553290537,4.794642963923175,204,0,0,64.0,64,64,58.50293156478278,0.281710851545442,0.7360806243056741
4,2,0.2188666563915907,6.090059389720482,68,0.9475534139451499,-0.07958211641477352,0.006957461041235284,2.875570667156896,0.2199343153483473,17.735542325638626,2262.155626,0.5101648761998469,7.005564970128677,67302066,38719390,1825848752,3.4837778294472255,5.488021688049138,204,0,0,68.0,68,68,60.30984777489427,0.2289631699897879,0.8240481296750808
4,2,0.0936128228251474,5.756198822459831,54,0.9113875728342709,-0.0590095053997297,0.07241467822640718,3.137314187531129,0.48167783572257994,23.041897461375733,2020.667974,0.4557042030832875,6.005548919360943,102231477,9598735,1820039996,5.291839823226882,5.788702136246205,204,0,0,54.0,54,54,49.86789335832372,0.5014519176154153,0.7360800669639846
4,2,0.007634640193810806,8.746780965337306,430,0.9501044775103363,-0.004805458496866284,0.012679142173356115,2.6740561440099317,0.0184197922013829,14.498658733497509,2745.209725,0.6191039924046502,9.005923366876623,13641838,3088694,1915139676,0.7061467143863114,0.8660277450688861,204,0,0,430.0,430,430,306.0414038470781,0.019175970817932188,1.0000129581942798
4,3,inf,5.514756991320509,46,0.982276161327083,-0.033176523298833145,0.033176523298833145,3.6126545140611643,0.9570181622526155,37.06431007674987,2020.666597,0.455703892540093,6.005543217114512,51678105,84529736,1795662367,2.6750298641180765,7.050568947952843,204,0,0,45.0,45,45,40.628045703575545,0.996306155408716,0.7360795653564641
4,3,inf,8.922587726536124,485,0.9894597753797567,-0.05629042762157814,0.005817402118582073,2.668531431823343,0.012895080014794225,14.418778677241278,2745.222096625,0.6191067824728772,9.005974598579243,48343344,1721032,1881805832,2.5024115905823834,2.591497906675105,204,0,0,483.90686274509807,483,485,325.1002574130142,0.013424455355149443,1.000017464875573
4,3,0.28473951864559766,5.781563590741548,55,0.9804124526182263,-0.05193835392675097,0.05193835392675097,3.072237259828002,0.41660090801945326,21.590151460886037,2020.668127,0.4557042375880869,6.005549552943879,80843676,29985130,1821041402,4.184736410615014,5.736866045195517,204,0,0,55.0,55,55,48.97106881968474,0.43370341899434234,0.7360801226981536
4,3,0.23778850349018038,6.019575074195444,65,0.9123753803650345,-0.027274745369158408,0.005536823047001968,2.9478231708655196,0.29218681905697075,19.064408566278903,2196.842692,0.4954354011339441,6.735099868572537,25570603,61512595,1844787010,1.32361909687879,4.507714733597672,0,204,0,65.0,65,65,59.89205774221453,0.30418181998818916,0.8002562205386349
4,3,0.18536077596117082,5.52990130964443,46,0.9123753803650345,-0.02085724836540439,0.02122535722057471,3.5330989336350167,0.8774625818264679,34.22987954802267,2020.66675,0.45570392704489243,6.005543850697448,32799336,93726254,1805344618,1.697802257324318,6.549383570182371,204,0,0,46.0,46,46,42.81467464436755,0.9134846190973058,0.7360796210906332
4,3,0.1827745710434863,7.031565848375669,131,0.9430199393240846,-0.035243776121757206,0.045523768564496477,2.720480756289096,0.06484440448054718,15.18762203491303,2503.653988,0.5646279646523634,8.00562537170199,62885946,367128,1868617134,3.2551848327897606,3.2741885939368447,204,0,0,131.0,131,131,110.73025699250289,0.06750642973767149,0.912020093778003
4,3,0.1765870368530672,6.935876843619241,122,0.9490706994354521,-0.060534633215716616,0.060534633215716616,2.73181796574744,0.07618161393889133,15.360787036271681,2262.165265,0.5101670500022083,7.005604885853698,94195083,137285,1837537840,4.875849454581992,4.8829557808471575,204,0,0,122.0,122,122,102.76413368656286,0.07930906004713124,0.8240516409277243
4,3,0.16758249991007562,7.716848565689839,210,0.980187678068896,-0.030311354032065738,0.05871800622898716,2.677914252791337,0.022277900982788257,14.55470418127322,2503.670104,0.5646315991578988,8.005692109104672,69299009,74810,1862496389,3.587146212671447,3.5910186260297667,204,0,0,210.0,210,210,161.31666306228374,0.02319246463044559,0.9120259644437985
4,3,0.16687895876500328,8.39204163665157,336,0.9652587340560103,-0.06528855800908859,0.06528855800908859,2.677707662801365,0.02207131099281634,14.551697635654174,2745.187826875,0.6190990539052379,9.005832685318785,101576020,692,1830293496,5.25791119814194,5.25794701835373,204,0,0,334.5833333333333,334,336,242.16558384996156,0.022977393603820166,1.0000049812413494
4,3,0.14679301155021007,5.605996861931103,49,0.9489322516548443,-0.0016343337368627574,0.002274631427865762,3.2626485372672853,0.6070121854587365,26.118621758641765,2020.667209,0.4557040305592906,6.005545751446259,3052606,117596921,1811220681,0.15801299628510032,6.245219088755677,204,0,0,49.0,49,49,44.99919051566705,0.63193155640551,0.7360797882931399
4,3,0.10084091640705423,5.636674731226339,50,0.9474844743310507,-0.07143797269741581,0.03285528977297085,3.255918390062534,0.6002820382539853,25.943429784582616,2020.667362,0.45570406506409,6.005546385029196,81151004,40312388,1810406816,4.20064472571441,6.287347436541658,204,0,0,50.0,50,50,45.25072988754325,0.6249251197971205,0.7360798440273089
5,0,0.02870023971675701,6.007649788028051,64,0.9936043570048964,-0.057912447260671227,0.057912447260671227,2.884029487196154,0.2283931353876052,17.886200382848408,2020.669351,0.455704513626482,6.0055546216073745,90123384,9319018,1832427806,4.665084829549792,5.147468064272774,204,0,0,63.0,63,63,54.90888420319108,0.23776924578334502,0.7360805685715052
5,0,0.17374111982273668,8.10573675877588,275,0.9971826426060968,-0.012705165474050128,0.012705165474050128,2.6626363976967293,0.007000045888180484,14.334029529862194,2745.1741525,0.6190959700387926,9.005776058843804,19816741,2641389,1909412078,1.0257801439215528,1.1625071864041086,204,0,0,275.0,275,275,202.61769812091504,0.007287415308944549,1.0
5,0,0.0006277886852961048,7.416128676084227,171,0.9867738953776011,-0.04353907639951491,0.04353907639951491,2.6778063324526222,0.022169980644073384,14.553133517422893,2503.662148,0.5646298049083307,8.005659162791956,67794100,106855,1863969253,3.5092471388222783,3.514778307508327,204,0,0,171.0,171,171,135.31150278738946,0.023080113891456124,0.9120230662670133
5,0,0.05886380249571647,5.6266377841813,49,0.9506714558173919,-0.07597006596408916,0.033216660224625924,3.214301658596827,0.5586653067882783,24.885906982362783,2020.667209,0.4557040305592906,6.005545751446259,84944521,38315444,1808610243,4.397009729133936,6.380344004973651,204,0,0,49.0,49,49,44.94948156958862,0.5815999172433044,0.7360797882931399
5,0,0.07420704234241036,6.0888490475805295,68,0.957263505158246,-0.013028519070059565,0.012432634178630851,2.8248925090243775,0.16925615721582865,16.85913268406736,2262.155626,0.5101648761998469,7.005564970128677,19856921,68740021,1843273266,1.0278599937910529,4.586071136306896,204,0,0,68.0,68,68,59.86531171905037,0.1762045465031033,0.8240481296750808
5,0,0.007454393617155039,6.6992910446864355,104,0.9788470407736577,-0.06332419083844198,0.06674309185862634,2.719353387457135,0.06371703564858633,15.170509631007102,2262.162052,0.5101663254014212,7.005591580612024,101179854,229073,1830461281,5.237404333945814,5.24926191107762,204,0,0,104.0,104,104,86.8334609885621,0.06633277959078739,0.8240504705101764
5,0,0.00041834887065125365,7.39741310772172,169,0.9835826804139742,-0.037874526593534255,0.04353907639951491,2.677862421733668,0.02222606992511933,14.553949815111412,2503.66174,0.5646297128955323,8.005657473237457,63392938,134223,1868343047,3.2814284177832302,3.2883762447875586,204,0,0,169.0,169,169,134.27141604190695,0.023138505778008193,0.9120229176425628
5,0,inf,8.840186890104919,458,0.9988832393152698,-0.012705165474050128,0.012705165474050128,2.6577551058576816,0.002118754049132754,14.264231439511741,2745.2159215,0.6191053898490254,9.005949026985565,19816741,81206,1911972261,1.0257801439215528,1.0299836354223648,204,0,0,457.0,457,457,309.8667429594387,0.0022057342109155303,1.000015215428122
5,0,0.0020662893484505542,8.444648241685547,348,0.9971826426060968,-0.02267547139406055,0.012705165474050128,2.6600474370183975,0.004411085209848675,14.296967288092105,2745.1906765,0.6190996965571265,9.005844485800983,27580033,209493,1904080682,1.4276338485778854,1.4384779000639778,204,0,0,347.0,347,347,247.0665444180123,0.00459217130870347,1.000006019290246
5,0,0.0013233386637256743,8.727154858124994,424,0.9991410918579327,-0.012702587324349125,0.013373591628841533,2.659050498407063,0.003414146598514023,14.282721191799263,2745.2081185,0.6191036301042566,9.005916714255784,20334423,104061,1911431724,1.0525770787185305,1.0579636207113143,204,0,0,423.0,423,423,290.73389141195696,0.003554305869766115,1.000012372985506
5,0,0.013883725612117544,6.7546400459106835,108,0.9972487294767167,-0.029297256127922323,0.018982831507830415,2.7078739850184483,0.05223763320989949,14.997356991620705,2262.1625875,0.510166446168219,7.0055937981523035,37621473,19899510,1874349225,1.9474120385627893,2.977476580041551,204,0,0,107.0,107,107,88.45324965157631,0.054382118922909076,0.8240506655797677
5,0,0.020571781064351743,6.62881243683673,99,0.9574902034434855,-0.013028519070059565,0.012432634178630851,2.732080333804758,0.07644398199620905,15.364817744866729,2262.1611595,0.5101661241234248,7.005587884711559,19856921,39876448,1872136839,1.0278599937910529,3.0919970064572784,204,0,0,99.0,99,99,85.15468810073048,0.07958219897050653,0.8240501453941909
5,0,0.019518754567706718,6.399396838815453,84,0.980342507017974,-0.04985632440777221,0.05193835392675097,2.7570645193035683,0.10142816749501948,15.753530821712015,2262.158482,0.5101655202894354,7.005576797010164,79228076,2030890,1850611242,4.101107604015601,4.206233196386659,204,0,0,84.0,84,84,71.4000054065744,0.10559204787634946,0.8240491700462343
5,0,0.004923965670337928,7.095067544672627,137,0.9935380536513516,-0.012705165474050128,0.03265904020849021,2.688166740875915,0.03253038906736627,14.704693681423207,2503.655212,0.5646282406907585,8.005630440365485,35341505,12859952,1883668751,1.8293933440066799,2.4950670495561575,204,0,0,137.0,137,137,110.60242454825067,0.033865843036218556,0.9120205396513545
5,0,0.17335999303703375,7.568420714113126,190,0.980187678068896,-0.033176523298833145,0.033176523298833145,2.67245557195219,0.01681922014364101,14.475471147105592,2503.666024,0.5646306790299152,8.00567521355969,51678105,148091,1880044012,2.6750298641180765,2.6826955447309224,204,0,0,190.0,190,190,148.59147473327567,0.017509691267343565,0.9120244781992933
5,0,0.10944552210029773,5.598581437364096,48,0.9479501061512919,-0.020578806750104834,0.002274631427865762,3.299126353447881,0.6434900016393321,27.088962401106784,2020.667056,0.4557039960544912,6.0055451178633215,17814638,107921745,1806133825,0.9221446620082667,6.508531602139599,204,0,0,48.0,48,48,43.52544844530949,0.6699068783273545,0.736079732558971
5,0,0.04362423417775486,5.7302907072613305,53,0.9896150582253356,-0.04619277766318423,0.05780210842247116,3.0632405376574092,0.4076041858488604,21.396782016446792,2020.667821,0.45570416857848817,6.005548285778006,80937624,35221668,1815710916,4.189599470235218,6.012789654241617,204,0,0,53.0,53,53,47.00015468810073,0.42433735883936513,0.7360800112298157
5,0,0.0019457675596825106,7.483874820733011,179,0.9742376165708433,-0.03277545774144383,0.03560009685039461,2.676762909323166,0.02112655751461734,14.53795636077988,2503.66378,0.5646301729595242,8.005665921009948,53250119,165416,1878454673,2.756402515007882,2.764964994998256,204,0,0,179.0,179,179,142.33371029171474,0.0219938556284719,0.9120236607648154
5,0,0.04127279447396477,5.650439134471693,50,0.9505426773429856,-0.010858238273469645,0.0058507871529826574,3.1958006489375888,0.5401642971290399,24.429725497949967,2020.667362,0.45570406506409,6.005546385029196,13035652,107815322,1811019234,0.6747685194387552,6.255646652634751,204,0,0,50.0,50,50,45.15036734669358,0.5623393947873995,0.7360798440273089
5,0,0.02824162940412748,6.188647703940861,73,0.989253560534479,-0.011357513803176778,0.05505996866409569,2.799900399689332,0.14426404788078306,16.443008960734385,2262.1565185,0.5101650774778433,7.005568666029141,51704386,34965626,1845200196,2.676390255716392,4.486326857834126,204,0,0,73.0,73,73,63.02280973663975,0.15018644846769635,0.8240484547910663
5,0,0.18961244859666015,6.019575074195444,65,0.9983788493602563,-0.012790874935943438,0.012691418011962672,2.8437048404695466,0.1880684886609978,17.179294327326087,2190.78536275,0.49406934276403774,6.7100160747445,19872688,75286949,1836710571,1.0286761459287435,4.925777964064965,0,204,0,65.0,65,65,56.29031652489427,0.1957891712841987,0.798049683206756
5,0,0.031015703451239395,5.900940619080016,60,0.9992000559874556,-0.050443874248007343,0.05794562022191533,2.9542560773065865,0.2986197254980376,19.187443434549962,2020.668739,0.4557043756072845,6.005552087275627,84351989,20995144,1826523075,4.366338310446165,5.453116496323132,204,0,0,59.0,59,59,51.4864880694925,0.3108788133548746,0.7360803456348294
5,0,0.024736080003661825,5.781563590741548,55,0.9580197594303206,-0.05193835392675097,0.02373986054096857,3.0340439498744827,0.3784075980659338,20.781100625293295,2020.668127,0.4557042375880869,6.005549552943879,58923877,49388984,1823557347,3.0500950196339485,5.606632399602696,204,0,0,55.0,55,55,49.77391508073818,0.3939421779824083,0.7360801226981536
5,0,0.14036689882876446,5.996862679121341,64,0.9758223827420821,-0.012538454143705427,0.06100715667351951,2.865206919242885,0.20957056743433622,17.552684817101333,2020.669504,0.4557045481312814,6.005555255190312,57241248,41095060,1833533900,2.9629965700055974,5.090212975632781,204,0,0,64.0,64,64,55.77991788014225,0.21817396425984698,0.7360806243056741
5,0,0.04000778855609241,5.913928215212639,60,0.970870036009827,-0.0714499804969751,0.0053297416060965825,2.9155848996489,0.2599485478403514,18.45960626299873,2020.668892,0.45570441011208385,6.005552720858564,59733308,48306004,1823830896,3.0919938488952567,5.5924725974137495,204,0,0,60.0,60,60,52.73591287004998,0.2706200869723268,0.7360804013689983
5,0,0.005488655692496867,7.231172161000454,150,0.9896026630651601,-0.014537718855868045,0.039908892401253615,2.6807469627481004,0.02511061093955158,14.595991887164487,2503.657864,0.5646288387739479,8.005641422469724,42406215,9230165,1880233828,2.195086130755219,2.672870039931792,204,0,0,150.0,150,150,119.58046484525183,0.02614146442765727,0.9120215057102828
5,0,0.048527421799690024,5.666563544020339,51,0.9496671419883218,-0.07597006596408916,0.05192669233387372,3.1418541804370963,0.48621782862854745,23.146745336605704,2020.667515,0.45570409956888935,6.005547018612132,99487146,20147212,1812235850,5.149784161897485,6.192670579244214,204,0,0,51.0,51,51,46.682461373029604,0.5061782886041127,0.7360798997614778
5,0,0.007251026359291112,6.643823557282648,100,0.9560889123643449,-0.00680060636854284,0.012432634178630851,2.7209574779068837,0.06532112609833485,15.194864028730212,2262.161338,0.5101661643790241,7.0055886238916525,15004973,44648316,1872216919,0.7767070964634908,3.0878518004455917,204,0,0,100.0,100,100,85.36262795559401,0.06800272197218907,0.824050210417388
5,0,0.04478559504941348,5.713271016550379,52,0.9506985948713704,-0.06407840980352159,0.03192585956141486,3.1106188223894247,0.4549824705808758,22.434923338871737,2020.667668,0.45570413407368876,6.0055476521950695,74717741,41517645,1815634822,3.867637726933672,6.016728531692332,204,0,0,52.0,52,52,46.84160389033064,0.4736606408553588,0.7360799554956468
5,0,0.005117576415655047,6.316858384192603,80,0.9791655705518957,-0.03192585956141486,0.03192585956141486,2.7688394666708094,0.11320311486226053,15.940124225825386,2262.157768,0.5101653592670383,7.0055738402897925,49733880,26969235,1855167093,2.5743903391671332,3.9704072604032827,204,0,0,80.0,80,80,68.34227370482506,0.11785038633252107,0.8240489099534459
5,0,inf,5.5047810996619315,45,0.9505426773429856,-0.023773755141510856,0.005876165843168953,3.535425854241726,0.879789502433177,34.309622501888356,2020.666597,0.455703892540093,6.005543217114512,23111322,108682217,1800076669,1.1963185675877455,6.822070056996293,204,0,0,45.0,45,45,41.52317468041138,0.9159070656245011,0.7360795653564641
5,0,0.17053358671614222,7.024244421359714,130,0.982276161327083,-0.03534041603107774,0.03191958842727,2.6893852617779066,0.033748909969357754,14.722622579181344,2503.653784,0.5646279186459642,8.005624526924741,52384566,1142882,1878342760,2.711598625159812,2.7707579825155624,204,0,0,130.0,130,130,105.88353337658593,0.035134387273969225,0.9120200194657777
5,0,0.07349605227263752,5.519362565715423,46,0.9643956094518283,-0.0049247292181199,0.03264478632574076,3.4441021694226213,0.7884658176140724,31.315155117522032,2020.66675,0.45570392704489243,6.005543850697448,29268729,104441796,1798159683,1.5150463462191348,6.921299601096183,204,0,0,46.0,46,46,41.31154183487121,0.8208343147524413,0.7360796210906332
5,0,0.08259144269628925,5.553383309811856,47,0.968489642166758,-0.0773358568813281,0.043248828032817564,3.406415554506929,0.7507792026983799,30.15695433662523,2020.666903,0.45570396154969184,6.005544484280385,93801692,36027352,1802041164,4.8554862335762055,6.720381289714469,204,0,0,47.0,47,47,42.71767769607843,0.7816005698790486,0.736079676824802
5,0,0.0016459681194525369,7.286924025217073,156,0.9935380536513516,-0.02933873069582877,0.0032896610082907077,2.6785369709054025,0.022900619096853703,14.563770481793567,2503.659088,0.564629114812343,8.005646491133218,25422241,17503081,1888944886,1.315939388408437,2.2219568282715607,204,0,0,156.0,156,156,123.4193474264706,0.023840746883174817,0.9120219515836344
5,0,0.0024553943554072866,7.5033399738113,181,0.982276161327083,-0.033176523298833145,0.033176523298833145,2.6743933170320466,0.01875696522349779,14.503548114316628,2503.664188,0.5646302649723226,8.005667610564446,51678105,175884,1880016219,2.6750298641180765,2.6841342024567316,204,0,0,181.0,181,181,142.77698331170703,0.019526985637316727,0.9120238093892661
5,0,0.006708559149841919,6.356599770215489,82,0.980342507017974,-0.04946800393155154,0.04255094980580053,2.7663387378716853,0.11070238606313643,15.900312098526467,2262.158125,0.5101654397782369,7.005575318649979,71632532,6134069,1854103607,3.70793709139284,4.025456817852641,204,0,0,82.0,82,82,69.84325139369473,0.11524699635117447,0.8240490399998401
5,0,0.17718208099745505,6.889878283469513,119,0.9969015207498575,-0.008337511905834536,0.017604230730229972,2.694985951105443,0.03934959929689397,14.805310753576983,2262.1647295,0.5101669292354104,7.005602668313419,20231032,31424256,1880214920,1.0472252181446757,2.673848780631954,204,0,0,119.0,119,119,97.30679155853518,0.04096499892967919,0.824051445858133
5,0,0.017695956391798606,6.288742508359915,78,0.9972303699463836,-0.02399980670031849,0.008376218652069382,2.7753207510019666,0.11968439919341778,16.04377222645955,2262.1572325,0.5101652385002404,7.005571622749513,25234610,54931087,1851704511,1.306226986445665,4.149641972220941,204,0,0,77.0,77,77,65.73587232074202,0.12459774362288516,0.8240487148838547
5,0,0.03735187983519886,5.855913191887773,58,0.9992000559874556,-0.012820889824275011,0.057912447260671227,2.970027494966314,0.3143911431577653,19.49245553307156,2020.668433,0.4557043065976857,6.005550820109754,55057840,53912890,1822899478,2.849976140840203,5.640685877795782,204,0,0,57.0,57,57,49.883090337850824,0.3272976872213047,0.7360802341664915
5,0,0.03646972722631786,5.795351323045271,56,0.9474844743310507,-0.037970919545497576,0.03265846953345762,3.0198208259616064,0.36418447415305755,20.48762050560975,2020.66828,0.45570427209288633,6.005550186526817,55006804,52116161,1824747243,2.84733434845743,5.54503944190437,204,0,0,56.0,56,56,50.331532643694736,0.3791351592000427,0.7360801784323225
5,1,0.023890230732057663,6.288742508359915,78,0.9370459706034869,-0.03192585956141486,0.03192585956141486,2.794246220740098,0.13860986893154914,16.350299590283008,2262.157411,0.5101652787558397,7.005572361929606,49733880,25601197,1856535131,2.5743903391671332,3.89959308280818,204,0,0,78.0,78,78,69.00496503748558,0.14430015130731166,0.8240487799070518
5,1,0.060556475024872033,5.855913191887773,58,0.9992000559874556,-0.057912447260671227,0.057912447260671227,2.9704596962530436,0.3148233444444948,19.500882018272172,2020.668433,0.4557043065976857,6.005550820109754,90123384,18893055,1822853769,4.665084829549792,5.643051927016414,204,0,0,57.0,57,57,49.883090337850824,0.3277476314536384,0.7360802341664915
5,1,0.005613624524229833,7.286908283135321,156,0.9858096787372463,-0.02928042158439123,0.04353907639951491,2.6831379337431924,0.027501581934643582,14.630932234444337,2503.659088,0.564629114812343,8.005646491133218,56704474,399281,1874766453,2.93521137005908,2.955879476971571,204,0,0,156.0,156,156,124.21531382160707,0.02863059077214254,0.9120219515836344
5,1,inf,5.4894186783608205,45,0.9495343412676107,-0.07597006596408916,0.04253928821292327,3.5484509041790386,0.8928145523704898,34.759430072129355,2020.666597,0.455703892540093,6.005543217114512,92193276,40084367,1799592565,4.7722292946090095,6.8471288833085,204,0,0,45.0,45,45,41.55315713908112,0.9294668264930992,0.7360795653564641
5,1,0.11825880873567861,6.007649788028051,64,0.9806135298643006,-0.057912447260671227,0.05774642918992542,2.875732142341737,0.22009579053318795,17.738406406846707,2020.669504,0.4557045481312814,6.005555255190312,89994951,8523886,1833351371,4.6584367121209835,5.099661281178575,204,0,0,64.0,64,64,55.568023716839676,0.22913127413550638,0.7360806243056741
5,1,0.002827860778411099,7.530652512966185,185,0.9832793913064294,-0.027185533796577087,0.027516301747259417,2.676051284722951,0.02041493291440233,14.527614473603796,2503.665004,0.5646304489979193,8.005670989673442,42616488,304529,1888949191,2.205970557624542,2.221733987214114,204,0,0,185.0,185,185,145.41113844434832,0.021253017055601287,0.912024106638167
5,1,0.055627360134015834,5.781563590741548,55,0.9927931433043651,-0.05193835392675097,0.05210437199749677,3.0494680306826445,0.39383167887409565,21.104114694382663,2020.668127,0.4557042375880869,6.005549552943879,80972569,31255106,1819642533,4.191408339167266,5.809276137457781,204,0,0,55.0,55,55,48.51346687572088,0.40999945594934073,0.7360801226981536
5,1,0.034595805376038034,5.668988260805552,51,0.9767509310575884,-0.012514121850539323,0.05193835392675097,3.175773710056113,0.5201373582475641,23.945339452988662,2020.667515,0.45570409956888935,6.005547018612132,50178276,69089233,1812602699,2.597393747893026,6.173681260061131,204,0,0,51.0,51,51,45.80155168685121,0.541490299891809,0.7360798997614778
5,1,0.19297328332523841,6.0254006911904385,65,0.9937174200811855,-0.057912447260671227,0.08215989029835374,2.866261601972184,0.21062525016363498,17.571207096477888,2177.46627925,0.4910656022137522,6.654860884939947,108928501,3989914,1818951793,5.638499964900333,5.84503112747417,0,204,0,65.0,65,65,56.4958249231065,0.2192719443574559,0.7931978658865796
5,1,0.07079403269103156,5.519362565715423,46,0.9574716140281713,-0.022211715608637408,0.03773265188927162,3.4715671921335436,0.8159308403249947,32.187146380719874,2020.66675,0.45570392704489243,6.005543850697448,46689244,86065111,1799115853,2.4167898964773515,6.871805075219629,204,0,0,46.0,46,46,41.52426951172626,0.8494268454531378,0.7360796210906332
5,1,0.04803790774807591,5.748041610423717,54,0.9897281213016432,-0.04619277766318423,0.08204955146015336,3.069533807915714,0.41389745610716533,21.531862351036494,2020.667821,0.45570416857848817,6.005548285778006,99743431,23557353,1808569424,5.163050322270926,6.382456931599413,204,0,0,53.0,53,53,46.99732674932718,0.43088898360815897,0.7360800112298157
5,1,0.03330630429531153,5.636674731226339,50,0.9505426773429856,-0.06405964388829487,0.0395177198952425,3.1966414999018427,0.5410051480932938,24.450275894891107,2020.667362,0.45570406506409,6.005546385029196,80604878,40290539,1810974791,4.172375435275619,6.2579471695026,204,0,0,50.0,50,50,45.15036734669358,0.5632147647903006,0.7360798440273089
5,1,0.0017159654478600872,7.568420714113126,190,0.982276161327083,-0.033176523298833145,0.033176523298833145,2.6733598322418763,0.0177234804333275,14.4885666608226,2503.666024,0.5646306790299152,8.00567521355969,51678105,149348,1880042755,2.6750298641180765,2.6827606112138978,204,0,0,190.0,190,190,148.3278621804114,0.018451073707344227,0.9120244781992933
5,1,0.001095273411236354,8.396972325642441,337,0.995932114552335,-0.057513991075212004,0.03607242153494252,2.668636480423667,0.013000128615118012,14.4202934293196,2745.188242,0.6190991475248774,9.005834404378371,72841953,7752,1859020503,3.7705407277547294,3.770941996948068,204,0,0,336.3921568627451,336,337,238.69643286236064,0.013533816463692368,1.0000051324612638
5,1,0.003983008763923794,7.416128676084227,171,0.9862068236353331,-0.0003621095616554472,0.04313562021453371,2.67839161733563,0.022755265527081292,14.561653739606436,2503.662148,0.5646298049083307,8.005659162791956,33864819,17517381,1880488008,1.7529551861074095,2.659712841329763,204,0,0,171.0,171,171,135.37668204536718,0.023689426185212286,0.9120230662670133
5,1,inf,8.912375799613182,482,0.9988832393152698,-0.012705165474050128,0.012705165474050128,2.6579281145849634,0.0022917627764145188,14.266699489529683,2745.2214295,0.6191066320218034,9.005971835971291,19816741,66229,1911987238,1.0257801439215528,1.0292083763010231,204,0,0,481.0,481,481,323.18842512495195,0.002385845379887004,1.000017221858204
5,1,0.16911729928226996,8.396972325642441,337,0.9822894263024761,-0.057611842394417107,0.03656433604588277,2.6692272441586344,0.013590892350085593,14.428814932574943,2745.188238625,0.6190991467637421,9.005834390402278,73299132,6998,1858564078,3.794205826895799,3.7945680665520154,204,0,0,336.37745098039215,336,337,241.34350820597848,0.014148832530007191,1.0000051312318334
5,1,0.03419995331319862,6.399396838815453,84,0.9808855984921876,-0.04975847308856711,0.05208849280133726,2.7578701434859894,0.10223379167744051,15.766227360733234,2262.158482,0.5101655202894354,7.005576797010164,79268471,2042247,1850559490,4.103198582997145,4.208912051300705,204,0,0,84.0,84,84,71.36467043925413,0.10643074494977064,0.8240491700462343
5,1,0.1787921068571386,6.782270206277894,110,0.9972487294767167,-0.0056461055646010285,0.020072710157967185,2.7080867657384236,0.052450413929874706,15.00054847957062,2262.1629445,0.5101665266794176,7.005595276512489,20054051,36405977,1875410180,1.0380640954529383,2.922558035534445,204,0,0,109.0,109,109,89.9341884731834,0.05460363482451392,0.8240507956261619
5,1,0.16898969932916322,7.625349820944956,197,0.9732702742145912,-0.033176523298833145,0.02473920546814557,2.6729980807917024,0.01736172898315358,14.483326348724505,2503.667452,0.5646310010747095,8.005681127000432,45119041,220590,1886530577,2.335510988945278,2.346929457902795,204,0,0,197.0,197,197,154.90109573241062,0.018074471453853064,0.9120249983848702
5,1,0.00230783367397013,8.49459954995191,361,0.989707492997366,-0.05193835392675097,0.05218302388635287,2.6672831257203757,0.011646773911826891,14.400790857309662,2745.1936195,0.6191003602670911,9.005856672955122,81033897,2038,1850834273,4.194582879555436,4.194688373184954,204,0,0,359.8235294117647,359,361,253.60464875288352,0.01212490315930268,1.000007091353378
5,1,0.004521799028746157,8.623845280313416,394,0.9717502763109316,-0.032317470330424765,0.011398193619597794,2.664542372889442,0.008906021080893112,14.361375887018378,2745.201463,0.6191021291454832,9.005889153398032,34063218,126033,1897680957,1.7632249754120128,1.7697488608924188,204,0,0,394.0,394,394,278.80506145472896,0.009271635558313923,1.0000099485491567
5,1,0.06254707913377723,5.613776481386351,49,0.982276161327083,-0.033176523298833145,0.033176523298833145,3.23509337998741,0.5794570281788611,25.40874433629816,2020.667209,0.4557040305592906,6.005545751446259,51678105,73188825,1807003278,2.6750298641180765,6.463525835375375,204,0,0,49.0,49,49,43.960763288158404,0.6032451908859929,0.7360797882931399
5,1,0.10514659456702628,5.59289088876535,48,0.951377959964136,-0.07597006596408916,0.03342416608609896,3.3080403225912254,0.6524039707826765,27.33151200988244,2020.667056,0.4557039960544912,6.0055451178633215,85105620,42428899,1804335689,4.405348746907121,6.601609076627988,204,0,0,48.0,48,48,43.4205609020569,0.6791867882359955,0.736079732558971
5,1,0.011968906741142054,7.095067544672627,137,0.9935380536513516,-0.012781011564094785,0.019061836966808715,2.6883812137039103,0.03274486189536141,14.707847776883659,2503.655212,0.5646282406907585,8.005630440365485,24826357,19851451,1887192400,1.2850944590993971,2.3126713075747167,204,0,0,137.0,137,137,110.60242454825067,0.03408912051111675,0.9120205396513545
5,1,0.03699160728666229,6.006281237607353,64,0.9915467711206483,-0.04619277766318423,0.05774802872141364,2.8841727889917745,0.2285364371832257,17.88876369113905,2020.669351,0.455704513626482,6.0055546216073745,80896254,17556634,1833417320,4.187458022024635,5.096247542526418,204,0,0,63.0,63,63,54.9977998245867,0.23791843047668643,0.7360805685715052
5,1,0.04844796592992846,5.942543532588963,62,0.9096555160616999,-0.04995147738549634,0.003587521267321608,2.9416155048737482,0.2859791530651994,18.946429651278674,2020.669198,0.45570447912168266,6.005553988024437,41681885,50980114,1839208209,2.157592411094317,4.7964919494218945,204,0,0,62.0,62,62,56.84864144800077,0.29771931375553246,0.7360805128373362
5,1,0.017853198514277642,6.62881243683673,99,0.9492048711521832,-0.0024100963149216196,0.012137897231258275,2.7333391522219777,0.07770280041342881,15.384171439258969,2262.1611595,0.5101661241234248,7.005587884711559,11349980,47861681,1872658547,0.5875125540524926,3.064991672566856,204,0,0,99.0,99,99,85.70157661716648,0.08089269503744204,0.8240501453941909
5,1,0.019424158188984113,6.206639241558089,74,0.9897769882300932,-0.019086615268934133,0.03917687839005565,2.800417320053928,0.14478096824537934,16.451510884140788,2262.1565185,0.5101650774778433,7.005568666029141,45380060,38600124,1847890024,2.349022196836942,4.3470924522896315,204,0,0,73.0,73,73,62.99698883842753,0.150724589708288,0.8240484547910663
5,1,0.01417963731769384,6.66642989706753,102,0.9967772420623814,-0.0056461055646010285,0.031789475280094744,2.726076512786314,0.07044016097776495,15.272846494872558,2262.1615165,0.5101662046346234,7.005589363071746,29164901,31783749,1870921558,1.5096718650780083,3.154903975826517,204,0,0,101.0,101,101,84.01501676038062,0.07333190605802034,0.8240502754405851
5,1,0.0037274724734012317,8.855651826872146,463,0.9988832393152698,-0.012705165474050128,0.012047504635346661,2.6592586985086313,0.003622346700082435,14.285695165382128,2745.2172985,0.6191057003922199,9.005954729231997,19303246,84064,1912482898,0.9991999421112249,1.0035513731572592,204,0,0,463.0,463,463,313.20425587514416,0.0037710531071028447,1.0000157170356425
5,1,0.17771275350608898,7.053535739892508,133,0.9575215024431967,-0.035765257859323385,0.0056202557240929,2.704449335423457,0.048812983614908045,14.946084144951813,2503.654396,0.5646280566651617,8.005627061256488,32242361,18034398,1881593449,1.6689713867154372,2.6024915541323987,204,0,0,133.0,133,133,110.94321895424837,0.05081687888234722,0.9120202424024535
5,1,0.09541240054248558,6.081950862016777,68,0.9562848738232428,-0.013028519070059565,0.012432634178630851,2.8288393379364236,0.17320298612787477,16.925804280521294,2262.155626,0.5101648761998469,7.005564970128677,19856921,68640252,1843373035,1.0278599937910529,4.580906762448505,204,0,0,68.0,68,68,59.90827145809304,0.18031340262988876,0.8240481296750808
5,1,0.09181530643916537,5.553730490009799,47,0.9860937332695056,-0.05679733962206143,0.005817402118582073,3.4223638813147383,0.7667275295061895,30.641762967310484,2020.666903,0.45570396154969184,6.005544484280385,48736638,82046056,1801087514,2.522769790546923,6.769745372045201,204,0,0,47.0,47,47,42.178018971068816,0.7982036154572957,0.736079676824802
5,1,0.059650510618481,5.687063675711838,52,0.9474844743310507,-0.06803136659586513,0.07153872265132316,3.1350251697713594,0.4793888179628105,22.989214468024727,2020.667668,0.45570413407368876,6.0055476521950695,108556733,9789291,1813524184,5.619256021986338,6.1259821446555485,204,0,0,52.0,52,52,46.95218035130719,0.4990689299419837,0.7360799554956468
5,2,inf,8.914917544230004,483,0.9897083084052155,-0.012045389864119927,0.009008741550810287,2.6581141812427487,0.0024778294341998297,14.269354293598928,2745.2218885,0.6191067355362015,9.005973736720101,16420093,175243,1915274872,0.8499583943063737,0.859029552362143,204,0,0,483.0,483,483,326.68401275951555,0.002579550540122928,1.000017389060711
5,2,inf,5.505067348355028,45,0.970870036009827,-0.07145052468874452,0.0011938742971826068,3.575726131258444,0.9200897794498952,35.7205492081573,2020.666597,0.455703892540093,6.005543217114512,56504482,78142751,1797222975,2.924859121798725,6.969786709397819,204,0,0,45.0,45,45,40.96028120194156,0.9578617699761144,0.7360795653564641
5,2,0.19538030790665228,6.007649788028051,64,0.979718007326952,-0.05459667843933873,0.05774642918992542,2.8780943475004865,0.2224579956919377,17.780357691231764,2020.669504,0.4557045481312814,6.005555255190312,87421363,10333381,1834115464,4.525219273944101,5.060109296949208,204,0,0,64.0,64,64,55.6088959174356,0.23159045373400114,0.7360806243056741
5,2,0.19033111079032455,6.084028505133317,68,0.949525918054996,-0.0830028165784424,0.004752575009785456,2.8611036001558587,0.2054672483473099,17.480808117829113,2262.155626,0.5101648761998469,7.005564970128677,68232132,40493049,1823145027,3.5319211258316585,5.627975448338194,204,0,0,68.0,68,68,60.22086156766628,0.21390219364434712,0.8240481296750808
5,2,0.17772137044988784,7.088336557985945,136,0.9575215024431967,-0.035765257859323385,0.035765257859323385,2.7092990455944244,0.053662693785875515,15.018744369348262,2503.655008,0.5646281946843593,8.005629595588236,55704595,447054,1875718559,2.8834543215855626,2.906595317194311,204,0,0,136.0,136,136,112.50588265330641,0.05586568180570046,0.9120204653391293
5,2,0.17591130410900557,6.824250727525302,113,0.9568741195952893,-0.008699850961340827,0.008699850961340827,2.717742903149879,0.06210655134133036,15.146097426325973,2262.1636585,0.5101666877018147,7.0055982332328615,13572708,38668250,1879629250,0.7025683166392097,2.704164999473919,204,0,0,113.0,113,113,95.95806751009228,0.0646561808680092,0.8240510557189504
5,2,0.1705584570340859,7.568420714113126,190,0.9732702742145912,-0.033176523298833145,0.03560009685039461,2.676591121224467,0.02095476941591823,14.53545912740132,2503.666024,0.5646306790299152,8.00567521355969,53562219,132148,1878175841,2.772557844631351,2.7793982627636233,204,0,0,190.0,190,190,149.44192438004615,0.021815015197944407,0.9120244781992933
5,2,0.16837973521906804,8.39204163665157,336,0.9728804958264543,-0.06528855800908859,0.06508105215550297,2.6734728419495375,0.017836490140988648,14.490204102027002,2745.187828,0.6190990541589496,9.005832689977483,101415356,774,1830454078,5.249594697409403,5.249634762212763,204,0,0,334.5882352941176,334,336,240.66086511197616,0.01856872274662549,1.0000049816511596
5,2,0.1124143792313937,5.577999077146019,48,0.9099113141579875,-0.04030535663468278,0.0026235885090504403,3.338648279410895,0.6830119276023461,28.1810080994906,2020.667056,0.4557039960544912,6.0055451178633215,33433480,87289268,1811147460,1.7306276509441363,6.2490092502114924,204,0,0,48.0,48,48,44.64949929113802,0.711051278364524,0.736079732558971
5,2,0.1004688054930041,5.57475442611721,48,0.9995197824794803,-0.0017416537928052443,0.0029755727686776234,3.44260329715671,0.7869669453481611,31.268252859041848,2020.666903,0.45570396154969184,6.005544484280385,3683327,128874277,1799312604,0.19066120408850987,6.861620591852929,204,0,0,47.0,47,47,41.75924524221453,0.8192739100249241,0.736079676824802
5,2,0.08697250436582733,5.632668668772188,50,0.9501044775103363,-0.000792933830408328,0.0013130942705816798,3.2036764744030424,0.5480401225944935,24.62288941632107,2020.667362,0.45570406506409,6.005546385029196,1645369,119154780,1811070059,0.08516974862940689,6.253015782310775,204,0,0,50.0,50,50,45.16429978854287,0.5705385426193347,0.7360798440273089
5,2,0.07354535462336759,5.6266377841813,49,0.9501044775103363,-0.0016289502386101385,0.0016289502386101385,3.2362981292172996,0.5806617774087508,25.43937394826579,2020.667209,0.4557040305592906,6.005545751446259,2544194,118255955,1811070059,0.131695907388826,6.253015782310775,204,0,0,49.0,49,49,44.96491884131103,0.6044993980900001,0.7360797882931399
5,2,0.072537863980898,5.508863029315804,46,0.9528961018240505,-0.049881338843833986,0.028045342640697933,3.5230306449260254,0.8673942931174765,33.88697237916333,2020.66675,0.45570392704489243,6.005543850697448,60674908,71435235,1799760065,3.140734183318386,6.838458528576264,204,0,0,46.0,46,46,41.66197345972703,0.9030030019129578,0.7360796210906332
5,2,0.07230714433517246,5.754939795987477,54,0.9907058884352695,-0.04619277766318423,0.08204955146015336,3.0766848856260207,0.42104853381747187,21.686390233886833,2020.667821,0.45570416857848817,6.005548285778006,99743431,23628116,1808498661,5.163050322270926,6.38611985883474,204,0,0,53.0,53,53,46.96041786812764,0.43833363097390443,0.7360800112298157
5,2,0.0672854354570881,5.921039105208197,61,0.9095018528720628,-0.04030535663468278,0.0026235885090504403,2.9720357998324767,0.31639944802392783,19.531641662048095,2020.669045,0.45570444461688325,6.005553354441501,33433480,59138305,1839298423,1.7306276509441363,4.791822174008079,204,0,0,61.0,61,61,56.56662701845444,0.3293884380335833,0.7360804571031673
5,2,0.053913316285137264,5.825282970884183,57,0.9371605460580833,-0.09394726335066726,0.03362566597716862,3.0373229607757732,0.3816866089672244,20.849353921280798,2020.668433,0.4557043065976857,6.005550820109754,99177969,25245739,1807446500,5.133780136434507,6.440583196777576,204,0,0,57.0,57,57,52.18663344627066,0.39735580049602764,0.7360802341664915
5,2,0.05118832292356097,5.985753995619055,63,0.9510595027394773,-0.020607663996016667,0.06429031322206699,2.9138402841006132,0.2582039322920644,18.427429423165922,2020.669351,0.455704513626482,6.0055546216073745,66072457,32233235,1833564516,3.420129195346026,5.088628190077664,204,0,0,63.0,63,63,56.68802413735102,0.26880385058503736,0.7360805685715052
5,2,0.037122282654590784,6.641419870732094,100,0.9099113141579875,-0.04030535663468278,0.0027880498120463177,2.787013086972146,0.13137673516359705,16.23246236615529,2262.161338,0.5101661643790241,7.0055886238916525,33562190,26876261,1871431757,1.7372901068103226,3.1284943858919947,204,0,0,100.0,100,100,88.44656952854672,0.13677007927718116,0.824050210417388
5,2,0.03308408521581815,6.689254148471688,103,0.9789758189998661,-0.07523461291423629,0.06565192099744932,2.726423467609087,0.0707871158005382,15.278146401982431,2262.1618735,0.5101662851458219,7.005590841431931,109573556,188998,1822107654,5.671890148015575,5.681673310425625,204,0,0,103.0,103,103,86.74903732939254,0.07369310424548638,0.8240504054869794
5,2,0.03220486753246626,6.124683077339156,70,0.9494897910253545,-0.04966987086880078,0.05435042884420139,2.834624329135077,0.17898797732652794,17.024003676773148,2262.155983,0.5101649567110454,7.005566448488863,80957248,6869019,1844043941,4.190615273466653,4.546178445959036,204,0,0,70.0,70,70,61.86122374807766,0.1863358822102523,0.824048259721475
5,2,0.021450743034732492,6.188647703940861,73,0.9488584045351534,-0.05505996866409569,0.05505996866409569,2.8020015878682027,0.1463652360596539,16.477595140098558,2262.1565185,0.5101650774778433,7.005568666029141,85694605,2547684,1843627919,4.435836561127816,4.567713122474944,204,0,0,73.0,73,73,64.99760158352557,0.15237389568536833,0.8240484547910663
5,2,0.021448445563533723,5.781563590741548,55,0.9804189182511,-0.05193835392675097,0.05193835392675097,3.0709776438092042,0.4153412920006554,21.56297328088656,2020.668127,0.4557042375880869,6.005549552943879,80843676,29989413,1821037119,4.184736410615014,5.7370877474601025,204,0,0,55.0,55,55,48.97093215349865,0.4323920925822857,0.7360801226981536
5,2,0.01137919521337526,7.095067544672627,137,0.9935380536513516,-0.02933873069582877,0.05588716186631161,2.6974210082232575,0.04178465641470863,14.841406460627327,2503.655212,0.5646282406907585,8.005630440365485,66344468,1035138,1864490602,3.4342093855613722,3.487791556646853,204,0,0,137.0,137,137,110.60242454825067,0.04350002124267284,0.9120205396513545
5,2,0.009167178338399341,7.207644495307468,148,0.9954776742768866,-0.050970723192784825,0.04453063107770219,2.6884185164861116,0.032782164677562786,14.708396430759025,2503.657252,0.5646287007547504,8.005638888137975,74339701,153146,1857377361,3.848069124527852,3.85599646868202,204,0,0,147.0,147,147,117.54922836168781,0.03412795466598129,0.9120212827736072
6,0,0.0017057842267408187,8.10573675877588,275,0.9971826426060968,-0.012705165474050128,0.012705165474050128,2.6626363976967293,0.007000045888180484,14.334029529862194,2745.1741525,0.6190959700387926,9.005776058843804,19816741,2641389,1909412078,1.0257801439215528,1.1625071864041086,204,0,0,275.0,275,275,202.61769812091504,0.007287415308944549,1.0
6,0,0.0006492081896737635,7.416128676084227,171,0.9867738953776011,-0.04353907639951491,0.04353907639951491,2.6778063324526222,0.022169980644073384,14.553133517422893,2503.662148,0.5646298049083307,8.005659162791956,67794100,106855,1863969253,3.5092471388222783,3.514778307508327,204,0,0,171.0,171,171,135.31150278738946,0.023080113891456124,0.9120230662670133
6,0,0.06200827791354928,5.6266377841813,49,0.9506714558173919,-0.07597006596408916,0.033216660224625924,3.214301658596827,0.5586653067882783,24.885906982362783,2020.667209,0.4557040305592906,6.005545751446259,84944521,38315444,1808610243,4.397009729133936,6.380344004973651,204,0,0,49.0,49,49,44.94948156958862,0.5815999172433044,0.7360797882931399
6,0,0.0718934108559818,6.0888490475805295,68,0.957263505158246,-0.013028519070059565,0.012432634178630851,2.8248925090243775,0.16925615721582865,16.85913268406736,2262.155626,0.5101648761998469,7.005564970128677,19856921,68740021,1843273266,1.0278599937910529,4.586071136306896,204,0,0,68.0,68,68,59.86531171905037,0.1762045465031033,0.8240481296750808
6,0,0.008238509792367288,6.6992910446864355,104,0.9788470407736577,-0.06332419083844198,0.06674309185862634,2.719353387457135,0.06371703564858633,15.170509631007102,2262.162052,0.5101663254014212,7.005591580612024,101179854,229073,1830461281,5.237404333945814,5.24926191107762,204,0,0,104.0,104,104,86.8334609885621,0.06633277959078739,0.8240504705101764
6,0,0.00043258236427819435,7.39741310772172,169,0.9835826804139742,-0.037874526593534255,0.04353907639951491,2.677862421733668,0.02222606992511933,14.553949815111412,2503.66174,0.5646297128955323,8.005657473237457,63392938,134223,1868343047,3.2814284177832302,3.2883762447875586,204,0,0,169.0,169,169,134.27141604190695,0.023138505778008193,0.9120229176425628
6,0,0.0006049905113303892,8.840186890104919,458,0.9988832393152698,-0.012705165474050128,0.012705165474050128,2.6577551058576816,0.002118754049132754,14.264231439511741,2745.2159215,0.6191053898490254,9.005949026985565,19816741,81206,1911972261,1.0257801439215528,1.0299836354223648,204,0,0,457.0,457,457,309.8667429594387,0.0022057342109155303,1.000015215428122
6,0,0.002136145781293574,8.444648241685547,348,0.9971826426060968,-0.02267547139406055,0.012705165474050128,2.6600474370183975,0.004411085209848675,14.296967288092105,2745.1906765,0.6190996965571265,9.005844485800983,27580033,209493,1904080682,1.4276338485778854,1.4384779000639778,204,0,0,347.0,347,347,247.0665444180123,0.00459217130870347,1.000006019290246
6,0,0.0008569733298097948,8.727154858124994,424,0.9991410918579327,-0.012702587324349125,0.013373591628841533,2.659050498407063,0.003414146598514023,14.282721191799263,2745.2081185,0.6191036301042566,9.005916714255784,20334423,104061,1911431724,1.0525770787185305,1.0579636207113143,204,0,0,423.0,423,423,290.73389141195696,0.003554305869766115,1.000012372985506
6,0,0.1734186143885254,7.568420714113126,190,0.980187678068896,-0.033176523298833145,0.033176523298833145,2.67245557195219,0.01681922014364101,14.475471147105592,2503.666024,0.5646306790299152,8.00567521355969,51678105,148091,1880044012,2.6750298641180765,2.6826955447309224,204,0,0,190.0,190,190,148.59147473327567,0.017509691267343565,0.9120244781992933
6,0,0.11318807800100666,5.598581437364096,48,0.9479501061512919,-0.020578806750104834,0.002274631427865762,3.299126353447881,0.6434900016393321,27.088962401106784,2020.667056,0.4557039960544912,6.0055451178633215,17814638,107921745,1806133825,0.9221446620082667,6.508531602139599,204,0,0,48.0,48,48,43.52544844530949,0.6699068783273545,0.736079732558971
6,0,0.05893350430177859,5.7302907072613305,53,0.9896150582253356,-0.04619277766318423,0.05780210842247116,3.0632405376574092,0.4076041858488604,21.396782016446792,2020.667821,0.45570416857848817,6.005548285778006,80937624,35221668,1815710916,4.189599470235218,6.012789654241617,204,0,0,53.0,53,53,47.00015468810073,0.42433735883936513,0.7360800112298157
6,0,0.0020122562367228996,7.483874820733011,179,0.9742376165708433,-0.03277545774144383,0.03560009685039461,2.676762909323166,0.02112655751461734,14.53795636077988,2503.66378,0.5646301729595242,8.005665921009948,53250119,165416,1878454673,2.756402515007882,2.764964994998256,204,0,0,179.0,179,179,142.33371029171474,0.0219938556284719,0.9120236607648154
6,0,0.01448210004247633,6.188647703940861,73,0.989253560534479,-0.011357513803176778,0.05505996866409569,2.799900399689332,0.14426404788078306,16.443008960734385,2262.1565185,0.5101650774778433,7.005568666029141,51704386,34965626,1845200196,2.676390255716392,4.486326857834126,204,0,0,73.0,73,73,63.02280973663975,0.15018644846769635,0.8240484547910663
6,0,0.02748004131765381,5.900940619080016,60,0.9992000559874556,-0.050443874248007343,0.05794562022191533,2.9542560773065865,0.2986197254980376,19.187443434549962,2020.668739,0.4557043756072845,6.005552087275627,84351989,20995144,1826523075,4.366338310446165,5.453116496323132,204,0,0,59.0,59,59,51.4864880694925,0.3108788133548746,0.7360803456348294
6,0,0.04139072369426242,5.913928215212639,60,0.970870036009827,-0.0714499804969751,0.0053297416060965825,2.9155848996489,0.2599485478403514,18.45960626299873,2020.668892,0.45570441011208385,6.005552720858564,59733308,48306004,1823830896,3.0919938488952567,5.5924725974137495,204,0,0,60.0,60,60,52.73591287004998,0.2706200869723268,0.7360804013689983
6,0,0.004622056732281742,7.231172161000454,150,0.9896026630651601,-0.014537718855868045,0.039908892401253615,2.6807469627481004,0.02511061093955158,14.595991887164487,2503.657864,0.5646288387739479,8.005641422469724,42406215,9230165,1880233828,2.195086130755219,2.672870039931792,204,0,0,150.0,150,150,119.58046484525183,0.02614146442765727,0.9120215057102828
6,0,0.04905524696692613,5.666563544020339,51,0.9496671419883218,-0.07597006596408916,0.05192669233387372,3.1418541804370963,0.48621782862854745,23.146745336605704,2020.667515,0.45570409956888935,6.005547018612132,99487146,20147212,1812235850,5.149784161897485,6.192670579244214,204,0,0,51.0,51,51,46.682461373029604,0.5061782886041127,0.7360798997614778
6,0,0.00513510527832633,6.643823557282648,100,0.9560889123643449,-0.00680060636854284,0.012432634178630851,2.7209574779068837,0.06532112609833485,15.194864028730212,2262.161338,0.5101661643790241,7.0055886238916525,15004973,44648316,1872216919,0.7767070964634908,3.0878518004455917,204,0,0,100.0,100,100,85.36262795559401,0.06800272197218907,0.824050210417388
6,0,0.046317061323990716,5.713271016550379,52,0.9506985948713704,-0.06407840980352159,0.03192585956141486,3.1106188223894247,0.4549824705808758,22.434923338871737,2020.667668,0.45570413407368876,6.0055476521950695,74717741,41517645,1815634822,3.867637726933672,6.016728531692332,204,0,0,52.0,52,52,46.84160389033064,0.4736606408553588,0.7360799554956468
6,0,0.005292554311568903,6.316858384192603,80,0.9791655705518957,-0.03192585956141486,0.03192585956141486,2.7688394666708094,0.11320311486226053,15.940124225825386,2262.157768,0.5101653592670383,7.0055738402897925,49733880,26969235,1855167093,2.5743903391671332,3.9704072604032827,204,0,0,80.0,80,80,68.34227370482506,0.11785038633252107,0.8240489099534459
6,0,0.022203952578115173,5.519362565715423,46,0.9643956094518283,-0.0049247292181199,0.03264478632574076,3.4441021694226213,0.7884658176140724,31.315155117522032,2020.66675,0.45570392704489243,6.005543850697448,29268729,104441796,1798159683,1.5150463462191348,6.921299601096183,204,0,0,46.0,46,46,41.31154183487121,0.8208343147524413,0.7360796210906332
6,0,0.08541570531864677,5.553383309811856,47,0.968489642166758,-0.0773358568813281,0.043248828032817564,3.406415554506929,0.7507792026983799,30.15695433662523,2020.666903,0.45570396154969184,6.005544484280385,93801692,36027352,1802041164,4.8554862335762055,6.720381289714469,204,0,0,47.0,47,47,42.71767769607843,0.7816005698790486,0.736079676824802
6,0,0.0017021616171505364,7.286924025217073,156,0.9935380536513516,-0.02933873069582877,0.0032896610082907077,2.6785369709054025,0.022900619096853703,14.563770481793567,2503.659088,0.564629114812343,8.005646491133218,25422241,17503081,1888944886,1.315939388408437,2.2219568282715607,204,0,0,156.0,156,156,123.4193474264706,0.023840746883174817,0.9120219515836344
6,0,0.0025393052478245317,7.5033399738113,181,0.982276161327083,-0.033176523298833145,0.033176523298833145,2.6743933170320466,0.01875696522349779,14.503548114316628,2503.664188,0.5646302649723226,8.005667610564446,51678105,175884,1880016219,2.6750298641180765,2.6841342024567316,204,0,0,181.0,181,181,142.77698331170703,0.019526985637316727,0.9120238093892661
6,0,0.007875313669154529,6.356599770215489,82,0.980342507017974,-0.04946800393155154,0.04255094980580053,2.7663387378716853,0.11070238606313643,15.900312098526467,2262.158125,0.5101654397782369,7.005575318649979,71632532,6134069,1854103607,3.70793709139284,4.025456817852641,204,0,0,82.0,82,82,69.84325139369473,0.11524699635117447,0.8240490399998401
6,0,0.17730583462705027,6.889878283469513,119,0.9969015207498575,-0.008337511905834536,0.017604230730229972,2.694985951105443,0.03934959929689397,14.805310753576983,2262.1647295,0.5101669292354104,7.005602668313419,20231032,31424256,1880214920,1.0472252181446757,2.673848780631954,204,0,0,119.0,119,119,97.30679155853518,0.04096499892967919,0.824051445858133
6,0,0.018301052011192004,6.288742508359915,78,0.9972303699463836,-0.02399980670031849,0.008376218652069382,2.7753207510019666,0.11968439919341778,16.04377222645955,2262.1572325,0.5101652385002404,7.005571622749513,25234610,54931087,1851704511,1.306226986445665,4.149641972220941,204,0,0,77.0,77,77,65.73587232074202,0.12459774362288516,0.8240487148838547
6,0,0.14129302286015522,5.996862679121341,64,0.9706925403260156,-0.0126977341047412,0.06841251502005001,2.8633778660135496,0.20774151420500075,17.520609365049882,2020.669504,0.4557045481312814,6.005555255190312,63110372,39024620,1829735216,3.2668018658114737,5.286845440084554,204,0,0,64.0,64,64,56.00509269271434,0.21626982381316223,0.7360806243056741
6,0,0.05951506437137584,5.781563590741548,55,0.9512315095056789,-0.05193835392675097,0.02404247719360325,3.0105914557102427,0.3549551039016938,20.299402572940053,2020.668127,0.4557042375880869,6.005549552943879,59159535,48383791,1824326882,3.062293458174184,5.566798719430327,204,0,0,55.0,55,55,50.00828707708574,0.3695269001777311,0.7360801226981536
6,0,0.030759273701465032,6.006281237607353,64,0.9915467711206483,-0.03977808790381155,0.05774802872141364,2.884004271432255,0.22836791962370606,17.885749374328785,2020.669351,0.455704513626482,6.0055546216073745,75910333,22542536,1833417339,3.9293702385207028,5.096246559023493,204,0,0,63.0,63,63,54.9977998245867,0.23774299484916533,0.7360805685715052
6,0,0.01614828226645784,6.443531910033154,87,0.9816082140419141,-0.01791545485537656,0.0026235885090504403,2.745528971677183,0.08989261986863406,15.572849350080363,2262.1590175,0.5101656410562333,7.0055790145504435,16013231,53741907,1862115070,0.8288978697268673,3.610756960335091,204,0,0,87.0,87,87,74.34728079344482,0.09358293712015829,0.8240493651158257
6,0,0.014358425734095794,6.7181489858363515,105,0.9972487294767167,-0.0056461055646010285,0.020072710157967185,2.70697529116781,0.05133893935926137,14.983885013615128,2262.1622305,0.5101663656570204,7.005592319792117,20054051,38568188,1873247969,1.0380640954529383,3.034481237778889,204,0,0,105.0,105,105,86.96620290272972,0.053446531438225184,0.8240505355333736
6,0,0.03319157322711126,5.840430550195589,57,0.9988832393152698,-0.01149344141083929,0.012705165474050128,2.962226267611043,0.30658991580249406,19.340982063444397,2020.668433,0.4557043065976857,6.005550820109754,18873950,90021715,1822974543,0.976978159394029,5.636800264792944,204,0,0,57.0,57,57,49.8959474721261,0.3191761999388638,0.7360802341664915
6,0,0.014478404015823093,6.523392993550434,92,0.9958773720877263,-0.01750403138145462,0.013488595996928707,2.7280664895881834,0.07243013777963458,15.303269365459663,2262.1597315,0.5101658020786305,7.005581971270815,24165511,43466377,1864238320,1.250886881526981,3.5008505084830213,204,0,0,91.0,91,91,76.54543625048059,0.07540357639304991,0.824049625208614
6,0,inf,5.505067348355028,45,0.9656713726246586,-0.07145052468874452,0.0011938742971826068,3.506253174007026,0.8506168221984773,33.32317743701592,2020.666597,0.455703892540093,6.005543217114512,56504482,77435519,1797930207,2.924859121798725,6.933178038842659,204,0,0,45.0,45,45,41.108538482795076,0.885536773780521,0.7360795653564641
6,0,0.036617652674886876,5.519362565715423,46,0.9643956094518283,-0.013555217895462672,0.0012075289904233052,3.4441021694226213,0.7884658176140724,31.315155117522032,2020.66675,0.45570392704489243,6.005543850697448,11510843,122199682,1798159683,0.5958393556840854,6.921299601096183,204,0,0,46.0,46,46,41.31154183487121,0.8208343147524413,0.7360796210906332
6,0,0.17143049943887717,7.024244421359714,130,0.982276161327083,-0.002342221720612419,0.03191958842727,2.6888859389640087,0.03324958715545989,14.715273072887934,2503.653784,0.5646279186459642,8.005624526924741,26690257,22405504,1882774447,1.3815760960272545,2.541359186382774,204,0,0,130.0,130,130,105.88353337658593,0.03461456600761888,0.9120200194657777
6,0,inf,8.914917544230004,483,0.9975907246719704,-0.005797908375803752,0.009008741550810287,2.6576026018270356,0.001966250018486715,14.26205625258975,2745.2218885,0.6191067355362015,9.005973736720101,11552336,1960907,1918356965,0.5979871707820239,0.6994902113009861,204,0,0,483.0,483,483,324.6301828022876,0.0020469695077466247,1.000017389060711
6,0,0.01226111914375816,6.399396838815453,84,0.9808716189144371,-0.04975847308856711,0.01313011909311311,2.755473524055425,0.09983717224687627,15.728486956651071,2262.158482,0.5101655202894354,7.005576797010164,48972436,27504657,1855393115,2.534975475950815,3.958707613135882,204,0,0,84.0,84,84,71.36501285563244,0.1039357382873861,0.8240491700462343
6,0,0.0014789115691830835,7.053535739892508,133,0.9894830652016622,-0.035765257859323385,0.0056202557240929,2.6868666018517238,0.031230250043174923,14.685587958068766,2503.654396,0.5646280566651617,8.005627061256488,32242361,18829850,1880797997,1.6689713867154372,2.643666784057576,204,0,0,133.0,133,133,108.09352022058823,0.0325123300478757,0.9120202424024535
6,0,0.18931881364076428,6.019575074195444,65,0.9983788493602563,-0.0455011859996457,0.011635222709061178,2.843439354684566,0.18780300287601737,17.174734074254157,2190.7853185,0.49406933278470855,6.710015891502375,44499470,50660226,1836710512,2.3034399420688203,4.925781018100363,0,204,0,65.0,65,65,56.29031652489427,0.1955127866426294,0.79804966708756
6,0,0.0036079048739598896,7.133242818757271,140,0.9936405881302085,-0.00676909958682067,0.018112571751642215,2.6863779311187104,0.030741579310161526,14.678413294203464,2503.65562,0.5646283327035568,8.005632129919983,19403696,24631968,1887834544,1.0043995667849752,2.2794318074602247,204,0,0,139.0,139,139,112.02670847750865,0.03200359815701653,0.9120206882758051
6,0,0.0030101908947851395,6.188647703940861,73,0.989253560534479,-0.012943134309118372,0.05505996866409569,2.799900399689332,0.14426404788078306,16.443008960734385,2262.1565185,0.5101650774778433,7.005568666029141,52938805,33731207,1845200196,2.7402878713475145,4.486326857834126,204,0,0,73.0,73,73,63.02280973663975,0.15018644846769635,0.8240484547910663
6,0,0.01472523292488671,6.104829070178258,69,0.9899042652213559,-0.013028519070059565,0.012432634178630851,2.8050087638523267,0.14937241204377782,16.527220747549972,2262.1558045,0.5101649164554461,7.00556570930877,19856921,69056556,1842956731,1.0278599937910529,4.60245603621835,204,0,0,69.0,69,69,59.84182916426374,0.1555045237774495,0.8240481946982778
6,0,0.04268413817393823,5.640976170690971,50,0.9511388764236434,-0.002195983115443963,0.0016289502386101385,3.193879990794336,0.538243638985787,24.382849377646206,2020.667362,0.45570406506409,6.005546385029196,2987217,117939621,1810943370,0.15462824508757061,6.259573624523744,204,0,0,50.0,50,50,45.131041846885815,0.5603398888155853,0.7360798440273089
6,0,0.17244472665007873,8.080691576910828,271,0.9971826426060968,-0.012705165474050128,0.012705165474050128,2.662922237230384,0.007285885421834948,14.338127347809683,2745.1732345,0.6190957630099962,9.005772257346184,19816741,2920782,1909132685,1.0257801439215528,1.176969493387415,204,0,0,271.0,271,271,200.08112865244138,0.00758498927156275,0.9999996655949862
6,0,0.0007685919384550914,8.814697390863252,450,0.9988832393152698,-0.012140653163400916,0.012705165474050128,2.6586203134869386,0.0029839616783897682,14.276578301908243,2745.2140855,0.6191049757914328,9.005941423990322,19377442,94148,1912398618,1.003040572796079,1.0079139850786498,204,0,0,449.0,449,449,305.4011978565936,0.0031064607809383553,1.0000145466180945
6,1,0.02878190915562138,6.007649788028051,64,0.9936043570048964,-0.057912447260671227,0.057912447260671227,2.884029487196154,0.2283931353876052,17.886200382848408,2020.669351,0.455704513626482,6.0055546216073745,90123384,9319018,1832427806,4.665084829549792,5.147468064272774,204,0,0,63.0,63,63,54.90888420319108,0.23776924578334502,0.7360805685715052
6,1,0.1370279778820283,6.7546400459106835,108,0.9972487294767167,-0.029297256127922323,0.018982831507830415,2.7078739850184483,0.05223763320989949,14.997356991620705,2262.1625875,0.510166446168219,7.0055937981523035,37621473,19899510,1874349225,1.9474120385627893,2.977476580041551,204,0,0,107.0,107,107,88.45324965157631,0.054382118922909076,0.8240506655797677
6,1,0.037399904531248,6.399396838815453,84,0.980342507017974,-0.04985632440777221,0.05193835392675097,2.7570645193035683,0.10142816749501948,15.753530821712015,2262.158482,0.5101655202894354,7.005576797010164,79228076,2030890,1850611242,4.101107604015601,4.206233196386659,204,0,0,84.0,84,84,71.4000054065744,0.10559204787634946,0.8240491700462343
6,1,0.011411496162581166,5.650439134471693,50,0.9505426773429856,-0.010858238273469645,0.0058507871529826574,3.1958006489375888,0.5401642971290399,24.429725497949967,2020.667362,0.45570406506409,6.005546385029196,13035652,107815322,1811019234,0.6747685194387552,6.255646652634751,204,0,0,50.0,50,50,45.15036734669358,0.5623393947873995,0.7360798440273089
6,1,0.1882980775113325,6.019575074195444,65,0.9983788493602563,-0.012790874935943438,0.012691418011962672,2.8437048404695466,0.1880684886609978,17.179294327326087,2190.78536275,0.49406934276403774,6.7100160747445,19872688,75286949,1836710571,1.0286761459287435,4.925777964064965,0,204,0,65.0,65,65,56.29031652489427,0.1957891712841987,0.798049683206756
6,1,0.02832687515624096,5.781563590741548,55,0.9580197594303206,-0.05193835392675097,0.02373986054096857,3.0340439498744827,0.3784075980659338,20.781100625293295,2020.668127,0.4557042375880869,6.005549552943879,58923877,49388984,1823557347,3.0500950196339485,5.606632399602696,204,0,0,55.0,55,55,49.77391508073818,0.3939421779824083,0.7360801226981536
6,1,0.012252033878632527,5.996862679121341,64,0.9758223827420821,-0.012538454143705427,0.06100715667351951,2.865206919242885,0.20957056743433622,17.552684817101333,2020.669504,0.4557045481312814,6.005555255190312,57241248,41095060,1833533900,2.9629965700055974,5.090212975632781,204,0,0,64.0,64,64,55.77991788014225,0.21817396425984698,0.7360806243056741
6,1,inf,5.5047810996619315,45,0.9505426773429856,-0.023773755141510856,0.005876165843168953,3.535425854241726,0.879789502433177,34.309622501888356,2020.666597,0.455703892540093,6.005543217114512,23111322,108682217,1800076669,1.1963185675877455,6.822070056996293,204,0,0,45.0,45,45,41.52317468041138,0.9159070656245011,0.7360795653564641
6,1,0.04899207005289985,7.024244421359714,130,0.982276161327083,-0.03534041603107774,0.03191958842727,2.6893852617779066,0.033748909969357754,14.722622579181344,2503.653784,0.5646279186459642,8.005624526924741,52384566,1142882,1878342760,2.711598625159812,2.7707579825155624,204,0,0,130.0,130,130,105.88353337658593,0.035134387273969225,0.9120200194657777
6,1,0.036602623482211064,5.795351323045271,56,0.9474844743310507,-0.037970919545497576,0.03265846953345762,3.0198208259616064,0.36418447415305755,20.48762050560975,2020.66828,0.45570427209288633,6.005550186526817,55006804,52116161,1824747243,2.84733434845743,5.54503944190437,204,0,0,56.0,56,56,50.331532643694736,0.3791351592000427,0.7360801784323225
6,1,0.024703869170873416,6.288742508359915,78,0.9370459706034869,-0.03192585956141486,0.03192585956141486,2.794246220740098,0.13860986893154914,16.350299590283008,2262.157411,0.5101652787558397,7.005572361929606,49733880,25601197,1856535131,2.5743903391671332,3.89959308280818,204,0,0,78.0,78,78,69.00496503748558,0.14430015130731166,0.8240487799070518
6,1,0.005547190826021593,7.286908283135321,156,0.9858096787372463,-0.02928042158439123,0.04353907639951491,2.6831379337431924,0.027501581934643582,14.630932234444337,2503.659088,0.564629114812343,8.005646491133218,56704474,399281,1874766453,2.93521137005908,2.955879476971571,204,0,0,156.0,156,156,124.21531382160707,0.02863059077214254,0.9120219515836344
6,1,0.003256027691959311,7.530652512966185,185,0.9832793913064294,-0.027185533796577087,0.027516301747259417,2.676051284722951,0.02041493291440233,14.527614473603796,2503.665004,0.5646304489979193,8.005670989673442,42616488,304529,1888949191,2.205970557624542,2.221733987214114,204,0,0,185.0,185,185,145.41113844434832,0.021253017055601287,0.912024106638167
6,1,0.0477665725982469,5.668988260805552,51,0.9767509310575884,-0.012514121850539323,0.05193835392675097,3.175773710056113,0.5201373582475641,23.945339452988662,2020.667515,0.45570409956888935,6.005547018612132,50178276,69089233,1812602699,2.597393747893026,6.173681260061131,204,0,0,51.0,51,51,45.80155168685121,0.541490299891809,0.7360798997614778
6,1,0.06874708198958943,5.519362565715423,46,0.9574716140281713,-0.022211715608637408,0.03773265188927162,3.4715671921335436,0.8159308403249947,32.187146380719874,2020.66675,0.45570392704489243,6.005543850697448,46689244,86065111,1799115853,2.4167898964773515,6.871805075219629,204,0,0,46.0,46,46,41.52426951172626,0.8494268454531378,0.7360796210906332
6,1,0.044403252025271615,5.748041610423717,54,0.9897281213016432,-0.04619277766318423,0.08204955146015336,3.069533807915714,0.41389745610716533,21.531862351036494,2020.667821,0.45570416857848817,6.005548285778006,99743431,23557353,1808569424,5.163050322270926,6.382456931599413,204,0,0,53.0,53,53,46.99732674932718,0.43088898360815897,0.7360800112298157
6,1,0.004042069557877229,7.416128676084227,171,0.9862068236353331,-0.0003621095616554472,0.04313562021453371,2.67839161733563,0.022755265527081292,14.561653739606436,2503.662148,0.5646298049083307,8.005659162791956,33864819,17517381,1880488008,1.7529551861074095,2.659712841329763,204,0,0,171.0,171,171,135.37668204536718,0.023689426185212286,0.9120230662670133
6,1,inf,8.912375799613182,482,0.9988832393152698,-0.012705165474050128,0.012705165474050128,2.6579281145849634,0.0022917627764145188,14.266699489529683,2745.2214295,0.6191066320218034,9.005971835971291,19816741,66229,1911987238,1.0257801439215528,1.0292083763010231,204,0,0,481.0,481,481,323.18842512495195,0.002385845379887004,1.000017221858204
6,1,0.11010550301990944,5.59289088876535,48,0.951377959964136,-0.07597006596408916,0.03342416608609896,3.3080403225912254,0.6524039707826765,27.33151200988244,2020.667056,0.4557039960544912,6.0055451178633215,85105620,42428899,1804335689,4.405348746907121,6.601609076627988,204,0,0,48.0,48,48,43.4205609020569,0.6791867882359955,0.736079732558971
6,1,0.018781181706879556,6.206639241558089,74,0.9897769882300932,-0.019086615268934133,0.03917687839005565,2.800417320053928,0.14478096824537934,16.451510884140788,2262.1565185,0.5101650774778433,7.005568666029141,45380060,38600124,1847890024,2.349022196836942,4.3470924522896315,204,0,0,73.0,73,73,62.99698883842753,0.150724589708288,0.8240484547910663
6,1,0.0037043684403134055,6.66642989706753,102,0.9967772420623814,-0.0056461055646010285,0.031789475280094744,2.726076512786314,0.07044016097776495,15.272846494872558,2262.1615165,0.5101662046346234,7.005589363071746,29164901,31783749,1870921558,1.5096718650780083,3.154903975826517,204,0,0,101.0,101,101,84.01501676038062,0.07333190605802034,0.8240502754405851
6,1,0.0004002518454095488,8.855651826872146,463,0.9988832393152698,-0.012705165474050128,0.012047504635346661,2.6592586985086313,0.003622346700082435,14.285695165382128,2745.2172985,0.6191057003922199,9.005954729231997,19303246,84064,1912482898,0.9991999421112249,1.0035513731572592,204,0,0,463.0,463,463,313.20425587514416,0.0037710531071028447,1.0000157170356425
6,1,0.003563400421881815,7.095921113739314,137,0.9936958180532076,-0.012781011564094785,0.01871095325458719,2.6881185120702313,0.03248216026168249,14.70398450871042,2503.655212,0.5646282406907585,8.005630440365485,24552305,20131816,1887186087,1.2709086199645976,2.3129980893623263,204,0,0,137.0,137,137,110.58706837514417,0.03381563431723494,0.9120205396513545
6,1,0.059318254582499834,5.855913191887773,58,0.9992000559874556,-0.012820889824275011,0.05795932705889443,2.969806881724303,0.3141705299157542,19.48815571357765,2020.668433,0.4557043065976857,6.005550820109754,55094016,53878236,1822897956,2.8518487304091185,5.6407646615563936,204,0,0,57.0,57,57,49.883090337850824,0.32706801725301177,0.7360802341664915
6,1,0.07391704580746677,6.085018820466031,68,0.9568741195952893,-0.011773274588346408,0.008699850961340827,2.827204947944496,0.171568596135947,16.89816350945259,2262.155626,0.5101648761998469,7.005564970128677,15967304,72585031,1843317873,0.8265205361042557,4.583762130255906,204,0,0,68.0,68,68,59.88377967608612,0.17861191683419264,0.8240481296750808
6,1,0.17425172202416506,7.568420714113126,190,0.9810752110118318,-0.0355401190643484,0.03176372075451925,2.6726819976225213,0.0170456458139725,14.478749136459903,2503.666024,0.5646306790299152,8.00567521355969,52417462,145676,1879307070,2.7133014310659114,2.7208421032806775,204,0,0,190.0,190,190,148.47796220203767,0.017745412278701193,0.9120244781992933
6,1,0.0020068688969748483,8.800253198090742,446,0.9987804034957857,-0.012705165474050128,0.03265904020849021,2.6597641132841123,0.004127761475563485,14.292917191702399,2745.213166375,0.6191047685089247,9.005937617834004,35341505,48367,1896480336,1.8293933440066799,1.831896980110167,204,0,0,444.9950980392157,444,445,302.18816380718954,0.004297216425321425,1.0000142118032709
6,1,0.17718289081416097,7.0108501069784745,129,0.980187678068896,-0.05557182889623565,0.033176523298833145,2.700215000959507,0.04457864915095833,14.88293122540641,2442.648468875,0.5508699045285578,7.752997554895779,69081486,638641,1862150081,3.5758865017913255,3.6089446750244623,0,204,0,129.0,129,129,106.00174061658977,0.04640871438047144,0.8897972708399964
6,1,0.17404722252461563,8.10573675877588,275,0.9900164390489016,-0.011911231370221974,0.012705165474050128,2.66272849086208,0.00709213905353101,14.335349656800227,2745.1741525,0.6190959700387926,9.005776058843804,19198534,3043225,1909628449,0.9937797022024369,1.1513071068592202,204,0,0,275.0,275,275,203.82359549211841,0.007383289129451608,1.0
6,1,0.12811850182749202,5.996862679121341,64,0.9758223827420821,-0.03730117528304554,0.06100715667351951,2.865206919242885,0.20957056743433622,17.552684817101333,2020.669504,0.4557045481312814,6.005555255190312,76514586,21821722,1833533900,3.9606483749864836,5.090212975632781,204,0,0,64.0,64,64,55.77991788014225,0.21817396425984698,0.7360806243056741
6,1,0.09317815462316649,5.580838015187407,48,0.9971887847844801,-0.07597006596408916,0.013565975542034142,3.414775406726116,0.7591390549175672,30.410118752402255,2020.666903,0.45570396154969184,6.005544484280385,69655956,63166811,1799047441,3.6056229715407464,6.875346306908834,204,0,0,47.0,47,47,41.83498984765475,0.7903036149755792,0.736079676824802
6,1,0.0007610201467597216,8.880253236997646,471,0.9897083084052155,-0.011599740941706904,0.009011628680251136,2.6590689010135593,0.00343254920501046,14.282984033515532,2745.2191345,0.6191061144498126,9.005962332227238,16075250,216832,1915578126,0.8321081785635156,0.8433321209951595,204,0,0,471.0,471,471,320.00396031574394,0.003573463949362858,1.0000163858456699
6,1,0.06395460590568329,5.616752329568814,49,0.9819888416152808,-0.020578806750104834,0.03680452300730841,3.221541117270749,0.5659047654622,25.06672118630144,2020.667209,0.4557040305592906,6.005545751446259,44697132,80129742,1807043334,2.313671581812602,6.461452404156542,204,0,0,49.0,49,49,43.97031189926951,0.5891365738326402,0.7360797882931399
6,1,0.04887676767010753,5.913928215212639,60,0.970870036009827,-0.07137699467661408,0.0053297416060965825,2.9157182985127816,0.2600819467042328,18.462068917755936,2020.668892,0.45570441011208385,6.005552720858564,59676698,48316849,1823876661,3.08906352781232,5.590103649447655,204,0,0,60.0,60,60,52.73591287004998,0.27075896219377166,0.7360804013689983
6,1,0.01466707688574035,5.650439134471693,50,0.9505426773429856,-0.010698958312433872,0.002014688150098705,3.1958006489375888,0.5401642971290399,24.429725497949967,2020.667362,0.45570406506409,6.005546385029196,9916087,110934887,1811019234,0.5132895035565453,6.255646652634751,204,0,0,50.0,50,50,45.15036734669358,0.5623393947873995,0.7360798440273089
6,1,inf,5.5047810996619315,45,0.9505426773429856,-0.023773755141510856,0.004551407238039287,3.535425854241726,0.879789502433177,34.309622501888356,2020.666597,0.455703892540093,6.005543217114512,22077630,109715909,1800076669,1.1428112462511768,6.822070056996293,204,0,0,45.0,45,45,41.52317468041138,0.9159070656245011,0.7360795653564641
6,1,0.06053592387261922,5.687063675711838,52,0.9515039000527745,-0.03415880576190826,0.07153872265132316,3.11197090055748,0.4563345487489312,22.465277624979738,2020.667668,0.45570413407368876,6.0055476521950695,82242655,35666502,1813961051,4.25715219684158,6.103368461904455,204,0,0,52.0,52,52,46.812624651576314,0.4750682252195433,0.7360799554956468
6,1,0.017659123297490222,6.62881243683673,99,0.9588629404688833,-0.013028519070059565,0.012432634178630851,2.7286140971144177,0.07297774530586887,15.31165184588539,2262.1611595,0.5101661241234248,7.005587884711559,19856921,39950741,1872062546,1.0278599937910529,3.0958426581833804,204,0,0,99.0,99,99,85.06334552816224,0.07597366458014468,0.8240501453941909
6,1,0.010372576485149228,6.714124648864851,105,0.9788470407736577,-0.06332419083844198,0.03925826224684322,2.722114244320361,0.06647789251181235,15.212451107205732,2262.1622305,0.5101663656570204,7.005592319792117,79831475,1038687,1851000046,4.132341534613075,4.186107413692255,204,0,0,105.0,105,105,88.27000582708574,0.06920697654496016,0.8240505355333736
6,2,inf,8.914917544230004,483,0.9897083084052155,-0.012045389864119927,0.009008741550810287,2.6581141812427487,0.0024778294341998297,14.269354293598928,2745.2218885,0.6191067355362015,9.005973736720101,16420093,175243,1915274872,0.8499583943063737,0.859029552362143,204,0,0,483.0,483,483,326.68401275951555,0.002579550540122928,1.000017389060711
6,2,inf,5.4894186783608205,45,0.9495343412676107,-0.07604305178445019,0.03009908001566794,3.547412978537093,0.8917766267285443,34.723371084869,2020.666597,0.455703892540093,6.005543217114512,82578751,49711916,1799579541,4.274549638895824,6.847803048681829,204,0,0,45.0,45,45,41.55315713908112,0.9283862914032606,0.7360795653564641
6,2,0.18420981282940954,6.782270206277894,110,0.9972487294767167,-0.0056461055646010285,0.020072710157967185,2.7080867657384236,0.052450413929874706,15.00054847957062,2262.1629445,0.5101665266794176,7.005595276512489,20054051,36405977,1875410180,1.0380640954529383,2.922558035534445,204,0,0,109.0,109,109,89.9341884731834,0.05460363482451392,0.8240507956261619
6,2,0.1778484613526977,7.043022774849008,132,0.992749775159378,-0.0510567809849303,0.019061836966808715,2.695188970523866,0.039552618715317234,14.808316824290788,2503.653988,0.5646279646523634,8.00562537170199,54601061,8580108,1868689039,2.8263317470238665,3.270466552999403,204,0,0,131.0,131,131,106.36164876489812,0.041176352803848626,0.912020093778003
6,2,0.17732529549225404,7.568420714113126,190,0.982276161327083,-0.02418777203710503,0.006388058738928516,2.6728208827925823,0.017184530984033497,14.480760159643408,2503.666024,0.5646306790299152,8.00567521355969,23832395,11251760,1896786053,1.2336436941420033,1.8160720557061356,204,0,0,190.0,190,190,148.3278621804114,0.017889999032939023,0.9120244781992933
6,2,0.16902192175792088,8.396972325642441,337,0.9822894263024761,-0.057611842394417107,0.03656433604588277,2.6692272441586344,0.013590892350085593,14.428814932574943,2745.188238625,0.6190991467637421,9.005834390402278,73299132,6998,1858564078,3.794205826895799,3.7945680665520154,204,0,0,336.37745098039215,336,337,241.34350820597848,0.014148832530007191,1.0000051312318334
6,2,0.12975518458318222,6.0254006911904385,65,0.9937174200811855,-0.057912447260671227,0.08215989029835374,2.866261601972184,0.21062525016363498,17.571207096477888,2177.46627925,0.4910656022137522,6.654860884939947,108928501,3989914,1818951793,5.638499964900333,5.84503112747417,0,204,0,65.0,65,65,56.4958249231065,0.2192719443574559,0.7931978658865796
6,2,0.11822833127460584,6.007649788028051,64,0.9806135298643006,-0.057912447260671227,0.05774642918992542,2.875732142341737,0.22009579053318795,17.738406406846707,2020.669504,0.4557045481312814,6.005555255190312,89994951,8523886,1833351371,4.6584367121209835,5.099661281178575,204,0,0,64.0,64,64,55.568023716839676,0.22913127413550638,0.7360806243056741
6,2,0.10529131348928535,5.577999077146019,48,0.9099113141579875,-0.04030535663468278,0.0026235885090504403,3.338648279410895,0.6830119276023461,28.1810080994906,2020.667056,0.4557039960544912,6.0055451178633215,33433480,87289268,1811147460,1.7306276509441363,6.2490092502114924,204,0,0,48.0,48,48,44.64949929113802,0.711051278364524,0.736079732558971
6,2,0.0798422057450777,5.613776481386351,49,0.982276161327083,-0.033176523298833145,0.033176523298833145,3.23509337998741,0.5794570281788611,25.40874433629816,2020.667209,0.4557040305592906,6.005545751446259,51678105,73188825,1807003278,2.6750298641180765,6.463525835375375,204,0,0,49.0,49,49,43.960763288158404,0.6032451908859929,0.7360797882931399
6,2,0.07948261485386908,6.03162794778344,65,0.9523033495313944,-0.017269569889420397,0.03254960938234353,2.857683244191791,0.20204689238324214,17.421119667590386,2193.99379375,0.49479291314314783,6.723302395892634,38813218,52068511,1840988479,2.0091007066246966,4.704339278262736,0,204,0,65.0,65,65,58.2911680603614,0.2103414234990151,0.799218436379329
6,2,0.07834412293628507,6.081950862016777,68,0.9562848738232428,-0.013028519070059565,0.012432634178630851,2.8288393379364236,0.17320298612787477,16.925804280521294,2262.155626,0.5101648761998469,7.005564970128677,19856921,68640252,1843373035,1.0278599937910529,4.580906762448505,204,0,0,68.0,68,68,59.90827145809304,0.18031340262988876,0.8240481296750808
6,2,0.07030790617203754,5.517786726003311,46,0.9487116046627252,-0.021250181635732945,0.0013953868478960307,3.4831456686149416,0.8275093168063927,32.561990371600984,2020.66675,0.45570392704489243,6.005543850697448,17649974,113896569,1800323665,0.9136211080283919,6.809284726026481,204,0,0,46.0,46,46,41.78884924067666,0.8614806474013885,0.7360796210906332
7,0,0.0017057842267408187,8.10573675877588,275,0.9971826426060968,-0.012705165474050128,0.012705165474050128,2.6626363976967293,0.007000045888180484,14.334029529862194,2745.1741525,0.6190959700387926,9.005776058843804,19816741,2641389,1909412078,1.0257801439215528,1.1625071864041086,204,0,0,275.0,275,275,202.61769812091504,0.007287415308944549,1.0
7,0,0.0006492081896737635,7.416128676084227,171,0.9867738953776011,-0.04353907639951491,0.04353907639951491,2.6778063324526222,0.022169980644073384,14.553133517422893,2503.662148,0.5646298049083307,8.005659162791956,67794100,106855,1863969253,3.5092471388222783,3.514778307508327,204,0,0,171.0,171,171,135.31150278738946,0.023080113891456124,0.9120230662670133
7,0,0.06200827791354928,5.6266377841813,49,0.9506714558173919,-0.07597006596408916,0.033216660224625924,3.214301658596827,0.5586653067882783,24.885906982362783,2020.667209,0.4557040305592906,6.005545751446259,84944521,38315444,1808610243,4.397009729133936,6.380344004973651,204,0,0,49.0,49,49,44.94948156958862,0.5815999172433044,0.7360797882931399
7,0,0.008238509792367288,6.6992910446864355,104,0.9788470407736577,-0.06332419083844198,0.06674309185862634,2.719353387457135,0.06371703564858633,15.170509631007102,2262.162052,0.5101663254014212,7.005591580612024,101179854,229073,1830461281,5.237404333945814,5.24926191107762,204,0,0,104.0,104,104,86.8334609885621,0.06633277959078739,0.8240504705101764
7,0,0.00043258236427819435,7.39741310772172,169,0.9835826804139742,-0.037874526593534255,0.04353907639951491,2.677862421733668,0.02222606992511933,14.553949815111412,2503.66174,0.5646297128955323,8.005657473237457,63392938,134223,1868343047,3.2814284177832302,3.2883762447875586,204,0,0,169.0,169,169,134.27141604190695,0.023138505778008193,0.9120229176425628
7,0,0.0005091024597609,8.840186890104919,458,0.9988832393152698,-0.012705165474050128,0.012705165474050128,2.6577551058576816,0.002118754049132754,14.264231439511741,2745.2159215,0.6191053898490254,9.005949026985565,19816741,81206,1911972261,1.0257801439215528,1.0299836354223648,204,0,0,457.0,457,457,309.8667429594387,0.0022057342109155303,1.000015215428122
7,0,0.002136145781293574,8.444648241685547,348,0.9971826426060968,-0.02267547139406055,0.012705165474050128,2.6600474370183975,0.004411085209848675,14.296967288092105,2745.1906765,0.6190996965571265,9.005844485800983,27580033,209493,1904080682,1.4276338485778854,1.4384779000639778,204,0,0,347.0,347,347,247.0665444180123,0.00459217130870347,1.000006019290246
7,0,0.000952861381379284,8.727154858124994,424,0.9991410918579327,-0.012702587324349125,0.013373591628841533,2.659050498407063,0.003414146598514023,14.282721191799263,2745.2081185,0.6191036301042566,9.005916714255784,20334423,104061,1911431724,1.0525770787185305,1.0579636207113143,204,0,0,423.0,423,423,290.73389141195696,0.003554305869766115,1.000012372985506
7,0,0.1734186143885254,7.568420714113126,190,0.980187678068896,-0.033176523298833145,0.033176523298833145,2.67245557195219,0.01681922014364101,14.475471147105592,2503.666024,0.5646306790299152,8.00567521355969,51678105,148091,1880044012,2.6750298641180765,2.6826955447309224,204,0,0,190.0,190,190,148.59147473327567,0.017509691267343565,0.9120244781992933
7,0,0.049976325260474914,5.598581437364096,48,0.9479501061512919,-0.020578806750104834,0.002274631427865762,3.299126353447881,0.6434900016393321,27.088962401106784,2020.667056,0.4557039960544912,6.0055451178633215,17814638,107921745,1806133825,0.9221446620082667,6.508531602139599,204,0,0,48.0,48,48,43.52544844530949,0.6699068783273545,0.736079732558971
7,0,0.05484418229241722,5.7302907072613305,53,0.9896150582253356,-0.04619277766318423,0.05780210842247116,3.0632405376574092,0.4076041858488604,21.396782016446792,2020.667821,0.45570416857848817,6.005548285778006,80937624,35221668,1815710916,4.189599470235218,6.012789654241617,204,0,0,53.0,53,53,47.00015468810073,0.42433735883936513,0.7360800112298157
7,0,0.0020122562367228996,7.483874820733011,179,0.9742376165708433,-0.03277545774144383,0.03560009685039461,2.676762909323166,0.02112655751461734,14.53795636077988,2503.66378,0.5646301729595242,8.005665921009948,53250119,165416,1878454673,2.756402515007882,2.764964994998256,204,0,0,179.0,179,179,142.33371029171474,0.0219938556284719,0.9120236607648154
7,0,0.01448210004247633,6.188647703940861,73,0.989253560534479,-0.011357513803176778,0.05505996866409569,2.799900399689332,0.14426404788078306,16.443008960734385,2262.1565185,0.5101650774778433,7.005568666029141,51704386,34965626,1845200196,2.676390255716392,4.486326857834126,204,0,0,73.0,73,73,63.02280973663975,0.15018644846769635,0.8240484547910663
7,0,0.030031742019081462,5.900940619080016,60,0.9992000559874556,-0.050443874248007343,0.05794562022191533,2.9542560773065865,0.2986197254980376,19.187443434549962,2020.668739,0.4557043756072845,6.005552087275627,84351989,20995144,1826523075,4.366338310446165,5.453116496323132,204,0,0,59.0,59,59,51.4864880694925,0.3108788133548746,0.7360803456348294
7,0,0.004622056732281742,7.231172161000454,150,0.9896026630651601,-0.014537718855868045,0.039908892401253615,2.6807469627481004,0.02511061093955158,14.595991887164487,2503.657864,0.5646288387739479,8.005641422469724,42406215,9230165,1880233828,2.195086130755219,2.672870039931792,204,0,0,150.0,150,150,119.58046484525183,0.02614146442765727,0.9120215057102828
7,0,0.053144568976287505,5.666563544020339,51,0.9496671419883218,-0.07597006596408916,0.05192669233387372,3.1418541804370963,0.48621782862854745,23.146745336605704,2020.667515,0.45570409956888935,6.005547018612132,99487146,20147212,1812235850,5.149784161897485,6.192670579244214,204,0,0,51.0,51,51,46.682461373029604,0.5061782886041127,0.7360798997614778
7,0,0.00513510527832633,6.643823557282648,100,0.9560889123643449,-0.00680060636854284,0.012432634178630851,2.7209574779068837,0.06532112609833485,15.194864028730212,2262.161338,0.5101661643790241,7.0055886238916525,15004973,44648316,1872216919,0.7767070964634908,3.0878518004455917,204,0,0,100.0,100,100,85.36262795559401,0.06800272197218907,0.824050210417388
7,0,0.005292554311568903,6.316858384192603,80,0.9791655705518957,-0.03192585956141486,0.03192585956141486,2.7688394666708094,0.11320311486226053,15.940124225825386,2262.157768,0.5101653592670383,7.0055738402897925,49733880,26969235,1855167093,2.5743903391671332,3.9704072604032827,204,0,0,80.0,80,80,68.34227370482506,0.11785038633252107,0.8240489099534459
7,0,0.045201478290711236,5.519362565715423,46,0.9643956094518283,-0.0049247292181199,0.03264478632574076,3.4441021694226213,0.7884658176140724,31.315155117522032,2020.66675,0.45570392704489243,6.005543850697448,29268729,104441796,1798159683,1.5150463462191348,6.921299601096183,204,0,0,46.0,46,46,41.31154183487121,0.8208343147524413,0.7360796210906332
7,0,0.0017021616171505364,7.286924025217073,156,0.9935380536513516,-0.02933873069582877,0.0032896610082907077,2.6785369709054025,0.022900619096853703,14.563770481793567,2503.659088,0.564629114812343,8.005646491133218,25422241,17503081,1888944886,1.315939388408437,2.2219568282715607,204,0,0,156.0,156,156,123.4193474264706,0.023840746883174817,0.9120219515836344
7,0,0.0025393052478245317,7.5033399738113,181,0.982276161327083,-0.033176523298833145,0.033176523298833145,2.6743933170320466,0.01875696522349779,14.503548114316628,2503.664188,0.5646302649723226,8.005667610564446,51678105,175884,1880016219,2.6750298641180765,2.6841342024567316,204,0,0,181.0,181,181,142.77698331170703,0.019526985637316727,0.9120238093892661
7,0,0.007875313669154529,6.356599770215489,82,0.980342507017974,-0.04946800393155154,0.04255094980580053,2.7663387378716853,0.11070238606313643,15.900312098526467,2262.158125,0.5101654397782369,7.005575318649979,71632532,6134069,1854103607,3.70793709139284,4.025456817852641,204,0,0,82.0,82,82,69.84325139369473,0.11524699635117447,0.8240490399998401
7,0,0.018301052011192004,6.288742508359915,78,0.9972303699463836,-0.02399980670031849,0.008376218652069382,2.7753207510019666,0.11968439919341778,16.04377222645955,2262.1572325,0.5101652385002404,7.005571622749513,25234610,54931087,1851704511,1.306226986445665,4.149641972220941,204,0,0,77.0,77,77,65.73587232074202,0.12459774362288516,0.8240487148838547
7,0,0.14129302286015522,5.996862679121341,64,0.9706925403260156,-0.0126977341047412,0.06841251502005001,2.8633778660135496,0.20774151420500075,17.520609365049882,2020.669504,0.4557045481312814,6.005555255190312,63110372,39024620,1829735216,3.2668018658114737,5.286845440084554,204,0,0,64.0,64,64,56.00509269271434,0.21626982381316223,0.7360806243056741
7,0,0.0604506665518363,5.781563590741548,55,0.9512315095056789,-0.05193835392675097,0.02404247719360325,3.0105914557102427,0.3549551039016938,20.299402572940053,2020.668127,0.4557042375880869,6.005549552943879,59159535,48383791,1824326882,3.062293458174184,5.566798719430327,204,0,0,55.0,55,55,50.00828707708574,0.3695269001777311,0.7360801226981536
7,0,0.014956414983884354,6.006281237607353,64,0.9915467711206483,-0.03977808790381155,0.05774802872141364,2.884004271432255,0.22836791962370606,17.885749374328785,2020.669351,0.455704513626482,6.0055546216073745,75910333,22542536,1833417339,3.9293702385207028,5.096246559023493,204,0,0,63.0,63,63,54.9977998245867,0.23774299484916533,0.7360805685715052
7,0,0.012277650797766692,6.443531910033154,87,0.9816082140419141,-0.01791545485537656,0.0026235885090504403,2.745528971677183,0.08989261986863406,15.572849350080363,2262.1590175,0.5101656410562333,7.0055790145504435,16013231,53741907,1862115070,0.8288978697268673,3.610756960335091,204,0,0,87.0,87,87,74.34728079344482,0.09358293712015829,0.8240493651158257
7,0,0.010410821983723484,6.7181489858363515,105,0.9972487294767167,-0.0056461055646010285,0.020072710157967185,2.70697529116781,0.05133893935926137,14.983885013615128,2262.1622305,0.5101663656570204,7.005592319792117,20054051,38568188,1873247969,1.0380640954529383,3.034481237778889,204,0,0,105.0,105,105,86.96620290272972,0.053446531438225184,0.8240505355333736
7,0,0.004935415949983948,6.523392993550434,92,0.9958773720877263,-0.01750403138145462,0.013488595996928707,2.7280664895881834,0.07243013777963458,15.303269365459663,2262.1597315,0.5101658020786305,7.005581971270815,24165511,43466377,1864238320,1.250886881526981,3.5008505084830213,204,0,0,91.0,91,91,76.54543625048059,0.07540357639304991,0.824049625208614
7,0,inf,5.505067348355028,45,0.9656713726246586,-0.07145052468874452,0.0011938742971826068,3.506253174007026,0.8506168221984773,33.32317743701592,2020.666597,0.455703892540093,6.005543217114512,56504482,77435519,1797930207,2.924859121798725,6.933178038842659,204,0,0,45.0,45,45,41.108538482795076,0.885536773780521,0.7360795653564641
7,0,0.036617652674886876,5.519362565715423,46,0.9643956094518283,-0.013555217895462672,0.0012075289904233052,3.4441021694226213,0.7884658176140724,31.315155117522032,2020.66675,0.45570392704489243,6.005543850697448,11510843,122199682,1798159683,0.5958393556840854,6.921299601096183,204,0,0,46.0,46,46,41.31154183487121,0.8208343147524413,0.7360796210906332
7,0,0.16958216374981464,7.024244421359714,130,0.982276161327083,-0.002342221720612419,0.03191958842727,2.6888859389640087,0.03324958715545989,14.715273072887934,2503.653784,0.5646279186459642,8.005624526924741,26690257,22405504,1882774447,1.3815760960272545,2.541359186382774,204,0,0,130.0,130,130,105.88353337658593,0.03461456600761888,0.9120200194657777
7,0,inf,8.914917544230004,483,0.9975907246719704,-0.005797908375803752,0.009008741550810287,2.6576026018270356,0.001966250018486715,14.26205625258975,2745.2218885,0.6191067355362015,9.005973736720101,11552336,1960907,1918356965,0.5979871707820239,0.6994902113009861,204,0,0,483.0,483,483,324.6301828022876,0.0020469695077466247,1.000017389060711
7,0,0.0031248682645344515,6.399396838815453,84,0.9808716189144371,-0.04975847308856711,0.01313011909311311,2.755473524055425,0.09983717224687627,15.728486956651071,2262.158482,0.5101655202894354,7.005576797010164,48972436,27504657,1855393115,2.534975475950815,3.958707613135882,204,0,0,84.0,84,84,71.36501285563244,0.1039357382873861,0.8240491700462343
7,0,0.0014789115691830835,7.053535739892508,133,0.9894830652016622,-0.035765257859323385,0.0056202557240929,2.6868666018517238,0.031230250043174923,14.685587958068766,2503.654396,0.5646280566651617,8.005627061256488,32242361,18829850,1880797997,1.6689713867154372,2.643666784057576,204,0,0,133.0,133,133,108.09352022058823,0.0325123300478757,0.9120202424024535
7,0,0.13001357442109351,6.019575074195444,65,0.9983788493602563,-0.0455011859996457,0.011635222709061178,2.843439354684566,0.18780300287601737,17.174734074254157,2190.7853185,0.49406933278470855,6.710015891502375,44499470,50660226,1836710512,2.3034399420688203,4.925781018100363,0,204,0,65.0,65,65,56.29031652489427,0.1955127866426294,0.79804966708756
7,0,0.0036079048739598896,7.133242818757271,140,0.9936405881302085,-0.00676909958682067,0.018112571751642215,2.6863779311187104,0.030741579310161526,14.678413294203464,2503.65562,0.5646283327035568,8.005632129919983,19403696,24631968,1887834544,1.0043995667849752,2.2794318074602247,204,0,0,139.0,139,139,112.02670847750865,0.03200359815701653,0.9120206882758051
7,0,0.0030101908947851395,6.188647703940861,73,0.989253560534479,-0.012943134309118372,0.05505996866409569,2.799900399689332,0.14426404788078306,16.443008960734385,2262.1565185,0.5101650774778433,7.005568666029141,52938805,33731207,1845200196,2.7402878713475145,4.486326857834126,204,0,0,73.0,73,73,63.02280973663975,0.15018644846769635,0.8240484547910663
7,0,0.012986003693778484,6.104829070178258,69,0.9899042652213559,-0.013028519070059565,0.012432634178630851,2.8050087638523267,0.14937241204377782,16.527220747549972,2262.1558045,0.5101649164554461,7.00556570930877,19856921,69056556,1842956731,1.0278599937910529,4.60245603621835,204,0,0,69.0,69,69,59.84182916426374,0.1555045237774495,0.8240481946982778
7,0,0.04268413817393823,5.640976170690971,50,0.9511388764236434,-0.002195983115443963,0.0016289502386101385,3.193879990794336,0.538243638985787,24.382849377646206,2020.667362,0.45570406506409,6.005546385029196,2987217,117939621,1810943370,0.15462824508757061,6.259573624523744,204,0,0,50.0,50,50,45.131041846885815,0.5603398888155853,0.7360798440273089
7,0,0.17244472665007873,8.080691576910828,271,0.9971826426060968,-0.012705165474050128,0.012705165474050128,2.662922237230384,0.007285885421834948,14.338127347809683,2745.1732345,0.6190957630099962,9.005772257346184,19816741,2920782,1909132685,1.0257801439215528,1.176969493387415,204,0,0,271.0,271,271,200.08112865244138,0.00758498927156275,0.9999996655949862
7,0,0.03319157322711126,5.821758798510462,57,0.9983788493602563,-0.0455011859996457,0.011306094428484192,2.9606382689594817,0.30500191715093283,19.310292983565667,2020.668433,0.4557043065976857,6.005550820109754,44242865,64597593,1823029750,2.290157217435593,5.6339425676365105,204,0,0,57.0,57,57,49.915409638119954,0.3175230099642794,0.7360802341664915
7,0,0.004686093912474616,6.887781501334055,118,0.9969015207498575,-0.009959779063462262,0.017604230730229972,2.699090975345375,0.043454623536826276,14.866211827771604,2262.1643725,0.5101668487242119,7.005601189953233,21493632,31064736,1879311840,1.1125815756665989,2.7205951922832283,204,0,0,117.0,117,117,95.84283238417916,0.045238544698883706,0.8240513158117387
7,0,0.0007685919384550913,8.779648794626626,439,0.9961571018979494,-0.012045389864119927,0.007463437482281543,2.6584548745204253,0.0028185227118764367,14.274216594913199,2745.2117905,0.6191044582194419,9.005931920246269,15216692,1208559,1915444957,0.7876663730817262,0.8502253894688147,204,0,0,439.0,439,439,300.45783923250673,0.0029342301303792065,1.0000137106055604
7,0,0.004646685540182177,6.774362403819144,109,0.9996013830524046,-0.0056461055646010285,0.033053606266373964,2.701684132749765,0.04604778094121631,14.90481228194418,2262.1629445,0.5101665266794176,7.005595276512489,30148422,26799301,1874922485,1.5605821692965411,2.9478027438994494,204,0,0,109.0,109,109,89.75946450884275,0.047938157711301665,0.8240507956261619
7,0,0.004267141802112756,6.889878283469513,119,0.9974963128387027,-0.008337511905834536,0.017604230730229972,2.693732510908208,0.03809615909965913,14.786764807491203,2262.1647295,0.5101669292354104,7.005602668313419,20231032,31455587,1880183589,1.0472252181446757,2.6754705769550333,204,0,0,119.0,119,119,97.25967025903499,0.03966010187213292,0.824051445858133
7,0,0.0058594078174571745,6.415442858938489,85,0.989253560534479,-0.011357513803176778,0.050554336865526454,2.7501700997177894,0.09453374790924052,15.64529291777127,2262.1586605,0.5101655605450347,7.005577536190257,48203164,28053045,1855613999,2.4951554095294584,3.947273925764686,204,0,0,85.0,85,85,72.35661914888504,0.09841459509414317,0.8240492350694315
7,0,0.04021422702793569,5.598581437364096,48,0.9479501061512919,-0.020346859865163998,0.003350606300167561,3.299126353447881,0.6434900016393321,27.088962401106784,2020.667056,0.4557039960544912,6.0055451178633215,18473670,107262713,1806133825,0.9562583409330158,6.508531602139599,204,0,0,48.0,48,48,43.52544844530949,0.6699068783273545,0.736079732558971
7,0,0.038586886755648926,5.913928215212639,60,0.970870036009827,-0.02288186069823455,0.005350422230414585,2.9096658964767417,0.25402954466819283,18.350666520367174,2020.668892,0.45570441011208385,6.005552720858564,22006368,80199359,1829664481,1.1391224891232445,5.29050691794715,204,0,0,60.0,60,60,52.73591287004998,0.2644580938912084,0.7360804013689983
7,0,0.06191759805698814,6.019575074195444,65,0.9987905053552086,-0.012790874935943438,0.010953550670434239,2.841957442633513,0.18632109082496395,17.14930147794566,2190.78536275,0.49406934276403774,6.7100160747445,18517404,76642233,1836710571,0.9585221576127748,4.925777964064965,0,204,0,65.0,65,65,56.27304852700884,0.19397003838928,0.798049683206756
7,0,0.16950185281171556,6.990405652461317,127,0.985046327585631,-0.01256711257172478,0.03191958842727,2.691850441400167,0.036214089591618315,14.75896126063544,2262.1661575,0.5101672512802047,7.005608581754163,34659842,15082373,1882127993,1.79410820957181,2.5748217863712717,204,0,0,127.0,127,127,104.12465157631681,0.037700768695681494,0.8240519660437098
7,0,0.07102028124977264,6.081950862016777,68,0.9868024815605893,-0.047044512143256334,0.011686639259533508,2.8219403041882463,0.16630395237969742,16.809434466778644,2262.1554475,0.5101648359442476,7.0055642309485835,45739455,45591703,1840539050,2.3676256722936118,4.72760321173709,204,0,0,67.0,67,67,58.39751688052672,0.17313114626235787,0.8240480646518835
7,0,0.006401588147296162,6.399396838815453,84,0.9808716189144371,-0.04975847308856711,0.019418458970258366,2.755473524055425,0.09983717224687627,15.728486956651071,2262.158482,0.5101655202894354,7.005576797010164,53870087,22607006,1855393115,2.788494111919138,3.958707613135882,204,0,0,84.0,84,84,71.36501285563244,0.1039357382873861,0.8240491700462343
7,0,0.046317061323990716,5.713271016550379,52,0.9509294319603274,-0.06358852879840496,0.03193059580182264,3.103678011463279,0.4480416596547303,22.279745929334148,2020.667668,0.45570413407368876,6.0055476521950695,74341150,41891163,1815637895,3.8481441295667,6.016569463035065,204,0,0,52.0,52,52,46.83194114042676,0.46643489225204077,0.7360799554956468
7,0,0.01511939277430607,5.964430770725527,62,0.9972487294767167,-0.029297256127922323,0.018982831507830415,2.8887628686678486,0.23312651685929975,17.971063278122326,2020.669045,0.45570444461688325,6.005553354441501,37621473,63873419,1830375316,1.9474120385627893,5.253711744179451,204,0,0,61.0,61,61,53.165501249519416,0.24269694442288456,0.7360804571031673
7,0,0.08541570531864676,5.565005716414894,47,0.9339851807491814,-0.02852289004056708,0.0023439679324117734,3.3673818277974914,0.7117454759889426,29.002494043759118,2020.666903,0.45570396154969184,6.005544484280385,24048760,99846342,1807975106,1.2448434631070204,6.41322079956212,204,0,0,47.0,47,47,43.70208273260285,0.7409644108978893,0.736079676824802
7,0,0.010288874449000663,6.47259853108055,89,0.9870592613871711,-0.03624174272271695,0.03176372075451925,2.7293320652561532,0.0736957134476044,15.322649071464484,2262.1593745,0.5101657215674319,7.005580492910629,52964371,15612986,1863292851,2.741611252177869,3.549791115159637,204,0,0,89.0,89,89,75.55672547818146,0.07672110711280755,0.8240494951622199
7,1,0.06572228913400163,6.0888490475805295,68,0.957263505158246,-0.013028519070059565,0.012432634178630851,2.8248925090243775,0.16925615721582865,16.85913268406736,2262.155626,0.5101648761998469,7.005564970128677,19856921,68740021,1843273266,1.0278599937910529,4.586071136306896,204,0,0,68.0,68,68,59.86531171905037,0.1762045465031033,0.8240481296750808
7,1,0.03876697453358162,5.913928215212639,60,0.970870036009827,-0.0714499804969751,0.0053297416060965825,2.9155848996489,0.2599485478403514,18.45960626299873,2020.668892,0.45570441011208385,6.005552720858564,59733308,48306004,1823830896,3.0919938488952567,5.5924725974137495,204,0,0,60.0,60,60,52.73591287004998,0.2706200869723268,0.7360804013689983
7,1,0.06053592387261921,5.713271016550379,52,0.9506985948713704,-0.06407840980352159,0.03192585956141486,3.1106188223894247,0.4549824705808758,22.434923338871737,2020.667668,0.45570413407368876,6.0055476521950695,74717741,41517645,1815634822,3.867637726933672,6.016728531692332,204,0,0,52.0,52,52,46.84160389033064,0.4736606408553588,0.7360799554956468
7,1,0.08155527494895538,5.553383309811856,47,0.968489642166758,-0.0773358568813281,0.043248828032817564,3.406415554506929,0.7507792026983799,30.15695433662523,2020.666903,0.45570396154969184,6.005544484280385,93801692,36027352,1802041164,4.8554862335762055,6.720381289714469,204,0,0,47.0,47,47,42.71767769607843,0.7816005698790486,0.736079676824802
7,1,0.007469131112324248,6.889878283469513,119,0.9969015207498575,-0.008337511905834536,0.017604230730229972,2.694985951105443,0.03934959929689397,14.805310753576983,2262.1647295,0.5101669292354104,7.005602668313419,20231032,31424256,1880214920,1.0472252181446757,2.673848780631954,204,0,0,119.0,119,119,97.30679155853518,0.04096499892967919,0.824051445858133
7,1,0.0010518580079000182,8.814697390863252,450,0.9988832393152698,-0.012140653163400916,0.012705165474050128,2.6586203134869386,0.0029839616783897682,14.276578301908243,2745.2140855,0.6191049757914328,9.005941423990322,19377442,94148,1912398618,1.003040572796079,1.0079139850786498,204,0,0,449.0,449,449,305.4011978565936,0.0031064607809383553,1.0000145466180945
7,1,0.01577234402250387,6.007649788028051,64,0.9936043570048964,-0.057912447260671227,0.057912447260671227,2.884029487196154,0.2283931353876052,17.886200382848408,2020.669351,0.455704513626482,6.0055546216073745,90123384,9319018,1832427806,4.665084829549792,5.147468064272774,204,0,0,63.0,63,63,54.90888420319108,0.23776924578334502,0.7360805685715052
7,1,0.009748082162328222,6.7546400459106835,108,0.9972487294767167,-0.029297256127922323,0.018982831507830415,2.7078739850184483,0.05223763320989949,14.997356991620705,2262.1625875,0.510166446168219,7.0055937981523035,37621473,19899510,1874349225,1.9474120385627893,2.977476580041551,204,0,0,107.0,107,107,88.45324965157631,0.054382118922909076,0.8240506655797677
7,1,0.009018401331298895,6.399396838815453,84,0.980342507017974,-0.04985632440777221,0.05193835392675097,2.7570645193035683,0.10142816749501948,15.753530821712015,2262.158482,0.5101655202894354,7.005576797010164,79228076,2030890,1850611242,4.101107604015601,4.206233196386659,204,0,0,84.0,84,84,71.4000054065744,0.10559204787634946,0.8240491700462343
7,1,0.011411496162581166,5.650439134471693,50,0.9505426773429856,-0.010858238273469645,0.0058507871529826574,3.1958006489375888,0.5401642971290399,24.429725497949967,2020.667362,0.45570406506409,6.005546385029196,13035652,107815322,1811019234,0.6747685194387552,6.255646652634751,204,0,0,50.0,50,50,45.15036734669358,0.5623393947873995,0.7360798440273089
7,1,0.01275808223905018,5.996862679121341,64,0.9758223827420821,-0.012538454143705427,0.06100715667351951,2.865206919242885,0.20957056743433622,17.552684817101333,2020.669504,0.4557045481312814,6.005555255190312,57241248,41095060,1833533900,2.9629965700055974,5.090212975632781,204,0,0,64.0,64,64,55.77991788014225,0.21817396425984698,0.7360806243056741
7,1,inf,5.5047810996619315,45,0.9505426773429856,-0.023773755141510856,0.005876165843168953,3.535425854241726,0.879789502433177,34.309622501888356,2020.666597,0.455703892540093,6.005543217114512,23111322,108682217,1800076669,1.1963185675877455,6.822070056996293,204,0,0,45.0,45,45,41.52317468041138,0.9159070656245011,0.7360795653564641
7,1,0.16880283466027568,7.024244421359714,130,0.982276161327083,-0.03534041603107774,0.03191958842727,2.6893852617779066,0.033748909969357754,14.722622579181344,2503.653784,0.5646279186459642,8.005624526924741,52384566,1142882,1878342760,2.711598625159812,2.7707579825155624,204,0,0,130.0,130,130,105.88353337658593,0.035134387273969225,0.9120200194657777
7,1,0.01937372472709152,6.288742508359915,78,0.9370459706034869,-0.03192585956141486,0.03192585956141486,2.794246220740098,0.13860986893154914,16.350299590283008,2262.157411,0.5101652787558397,7.005572361929606,49733880,25601197,1856535131,2.5743903391671332,3.89959308280818,204,0,0,78.0,78,78,69.00496503748558,0.14430015130731166,0.8240487799070518
7,1,0.005547190826021593,7.286908283135321,156,0.9858096787372463,-0.02928042158439123,0.04353907639951491,2.6831379337431924,0.027501581934643582,14.630932234444337,2503.659088,0.564629114812343,8.005646491133218,56704474,399281,1874766453,2.93521137005908,2.955879476971571,204,0,0,156.0,156,156,124.21531382160707,0.02863059077214254,0.9120219515836344
7,1,0.0033204006783550755,7.530652512966185,185,0.9832793913064294,-0.027185533796577087,0.027516301747259417,2.676051284722951,0.02041493291440233,14.527614473603796,2503.665004,0.5646304489979193,8.005670989673442,42616488,304529,1888949191,2.205970557624542,2.221733987214114,204,0,0,185.0,185,185,145.41113844434832,0.021253017055601287,0.912024106638167
7,1,0.04853698949332873,5.668988260805552,51,0.9767509310575884,-0.012514121850539323,0.05193835392675097,3.175773710056113,0.5201373582475641,23.945339452988662,2020.667515,0.45570409956888935,6.005547018612132,50178276,69089233,1812602699,2.597393747893026,6.173681260061131,204,0,0,51.0,51,51,45.80155168685121,0.541490299891809,0.7360798997614778
7,1,0.05697498843586007,5.748041610423717,54,0.9897281213016432,-0.04619277766318423,0.08204955146015336,3.069533807915714,0.41389745610716533,21.531862351036494,2020.667821,0.45570416857848817,6.005548285778006,99743431,23557353,1808569424,5.163050322270926,6.382456931599413,204,0,0,53.0,53,53,46.99732674932718,0.43088898360815897,0.7360800112298157
7,1,0.004042069557877229,7.416128676084227,171,0.9862068236353331,-0.0003621095616554472,0.04313562021453371,2.67839161733563,0.022755265527081292,14.561653739606436,2503.662148,0.5646298049083307,8.005659162791956,33864819,17517381,1880488008,1.7529551861074095,2.659712841329763,204,0,0,171.0,171,171,135.37668204536718,0.023689426185212286,0.9120230662670133
7,1,inf,8.912375799613182,482,0.9988832393152698,-0.012705165474050128,0.012705165474050128,2.6579281145849634,0.0022917627764145188,14.266699489529683,2745.2214295,0.6191066320218034,9.005971835971291,19816741,66229,1911987238,1.0257801439215528,1.0292083763010231,204,0,0,481.0,481,481,323.18842512495195,0.002385845379887004,1.000017221858204
7,1,0.10534204219181818,5.59289088876535,48,0.951377959964136,-0.07597006596408916,0.03342416608609896,3.3080403225912254,0.6524039707826765,27.33151200988244,2020.667056,0.4557039960544912,6.0055451178633215,85105620,42428899,1804335689,4.405348746907121,6.601609076627988,204,0,0,48.0,48,48,43.4205609020569,0.6791867882359955,0.736079732558971
7,1,0.011205629171393856,6.206639241558089,74,0.9897769882300932,-0.019086615268934133,0.03917687839005565,2.800417320053928,0.14478096824537934,16.451510884140788,2262.1565185,0.5101650774778433,7.005568666029141,45380060,38600124,1847890024,2.349022196836942,4.3470924522896315,204,0,0,73.0,73,73,62.99698883842753,0.150724589708288,0.8240484547910663
7,1,0.0037043684403134055,6.66642989706753,102,0.9967772420623814,-0.0056461055646010285,0.031789475280094744,2.726076512786314,0.07044016097776495,15.272846494872558,2262.1615165,0.5101662046346234,7.005589363071746,29164901,31783749,1870921558,1.5096718650780083,3.154903975826517,204,0,0,101.0,101,101,84.01501676038062,0.07333190605802034,0.8240502754405851
7,1,0.003563400421881815,7.095921113739314,137,0.9936958180532076,-0.012781011564094785,0.01871095325458719,2.6881185120702313,0.03248216026168249,14.70398450871042,2503.655212,0.5646282406907585,8.005630440365485,24552305,20131816,1887186087,1.2709086199645976,2.3129980893623263,204,0,0,137.0,137,137,110.58706837514417,0.03381563431723494,0.9120205396513545
7,1,0.002368404759577319,8.800253198090742,446,0.9987804034957857,-0.012705165474050128,0.03265904020849021,2.6597641132841123,0.004127761475563485,14.292917191702399,2745.213166375,0.6191047685089247,9.005937617834004,35341505,48367,1896480336,1.8293933440066799,1.831896980110167,204,0,0,444.9950980392157,444,445,302.18816380718954,0.004297216425321425,1.0000142118032709
7,1,0.17398284953821988,8.10573675877588,275,0.9900164390489016,-0.011911231370221974,0.012705165474050128,2.66272849086208,0.00709213905353101,14.335349656800227,2745.1741525,0.6190959700387926,9.005776058843804,19198534,3043225,1909628449,0.9937797022024369,1.1513071068592202,204,0,0,275.0,275,275,203.82359549211841,0.007383289129451608,1.0
7,1,0.12811850182749202,5.996862679121341,64,0.9758223827420821,-0.03730117528304554,0.06100715667351951,2.865206919242885,0.20957056743433622,17.552684817101333,2020.669504,0.4557045481312814,6.005555255190312,76514586,21821722,1833533900,3.9606483749864836,5.090212975632781,204,0,0,64.0,64,64,55.77991788014225,0.21817396425984698,0.7360806243056741
7,1,0.06395460590568329,5.616752329568814,49,0.9819888416152808,-0.020578806750104834,0.03680452300730841,3.221541117270749,0.5659047654622,25.06672118630144,2020.667209,0.4557040305592906,6.005545751446259,44697132,80129742,1807043334,2.313671581812602,6.461452404156542,204,0,0,49.0,49,49,43.97031189926951,0.5891365738326402,0.7360797882931399
7,1,0.01466707688574035,5.650439134471693,50,0.9505426773429856,-0.010698958312433872,0.002014688150098705,3.1958006489375888,0.5401642971290399,24.429725497949967,2020.667362,0.45570406506409,6.005546385029196,9916087,110934887,1811019234,0.5132895035565453,6.255646652634751,204,0,0,50.0,50,50,45.15036734669358,0.5623393947873995,0.7360798440273089
7,1,inf,5.5047810996619315,45,0.9505426773429856,-0.023773755141510856,0.004551407238039287,3.535425854241726,0.879789502433177,34.309622501888356,2020.666597,0.455703892540093,6.005543217114512,22077630,109715909,1800076669,1.1428112462511768,6.822070056996293,204,0,0,45.0,45,45,41.52317468041138,0.9159070656245011,0.7360795653564641
7,1,0.01397086640997322,6.62881243683673,99,0.9588629404688833,-0.013028519070059565,0.012432634178630851,2.7286140971144177,0.07297774530586887,15.31165184588539,2262.1611595,0.5101661241234248,7.005587884711559,19856921,39950741,1872062546,1.0278599937910529,3.0958426581833804,204,0,0,99.0,99,99,85.06334552816224,0.07597366458014468,0.8240501453941909
7,1,0.010372576485149228,6.714124648864851,105,0.9788470407736577,-0.06332419083844198,0.03925826224684322,2.722114244320361,0.06647789251181235,15.212451107205732,2262.1622305,0.5101663656570204,7.005592319792117,79831475,1038687,1851000046,4.132341534613075,4.186107413692255,204,0,0,105.0,105,105,88.27000582708574,0.06920697654496016,0.8240505355333736
7,1,0.06188772033827667,5.781563590741548,55,0.9512370790777155,-0.04003176369645094,0.026251994512512446,3.0106285311387233,0.35499217933017446,20.30015519594017,2020.668127,0.4557042375880869,6.005549552943879,51627582,55921212,1824321414,2.6724146263142745,5.567081761219437,204,0,0,55.0,55,55,50.007765943387156,0.36956549764543506,0.7360801226981536
7,1,0.02118694831252706,6.353003741515945,82,0.980342507017974,-0.04985632440777221,0.042044036693460574,2.7664184663490254,0.1107821145404766,15.90157985673686,2262.158125,0.5101654397782369,7.005575318649979,71539945,6365449,1853964814,3.703144481640042,4.032641203192052,204,0,0,82.0,82,82,69.84325139369473,0.11532999788225137,0.8240490399998401
7,1,0.054156582789198715,5.855913191887773,58,0.996134339806683,-0.012820889824275011,0.05795932705889443,2.9609218796812504,0.3052855278727016,19.315770366381834,2020.668433,0.4557043065976857,6.005550820109754,55094016,53556160,1823220032,2.8518487304091185,5.624092941134066,204,0,0,57.0,57,57,50.00321841359093,0.3178182636167002,0.7360802341664915
7,1,0.17425172202416506,7.568420714113126,190,0.9810752110118318,-0.0355401190643484,0.03277985336936002,2.672569023322407,0.016932671513858022,14.47711350230373,2503.666024,0.5646306790299152,8.00567521355969,53208217,138511,1878523480,2.754233528715403,2.761403316800877,204,0,0,190.0,190,190,148.47796220203767,0.017627800100535097,0.9120244781992933
7,1,0.0735105428176807,5.519362565715423,46,0.9647309495845159,-0.013955446966001699,0.0012512790822319098,3.451169090848698,0.7955327390401492,31.537240664467273,2020.66675,0.45570392704489243,6.005543850697448,11857322,121899676,1798113210,0.6137742562051043,6.923705197487056,204,0,0,46.0,46,46,41.30157871972318,0.8281913510076546,0.7360796210906332
7,1,0.0073451061326138675,6.782270206277894,110,0.9981990899934562,-0.047211528261202104,0.020032791421608333,2.705007268908435,0.04937091709988595,14.954425392479852,2262.1629445,0.5101665266794176,7.005595276512489,52370251,12898658,1866601299,2.710857633350905,3.378534889648239,204,0,0,109.0,109,109,89.86277062908496,0.051397716934661414,0.8240507956261619
7,1,0.01621295621872094,6.539571301140018,93,0.9942613812523852,-0.01750403138145462,0.0030458173248159547,2.7505935907480366,0.09495723893948771,15.651919962135414,2262.1600885,0.510165882589829,7.005583449631001,16023505,50033374,1865813329,0.8294296859926523,3.4193228264742723,204,0,0,93.0,93,93,78.16359543204537,0.09885547149214437,0.8240497552550082
7,1,0.017980655057449578,5.94164046146459,61,0.9937174200811855,-0.057912447260671227,0.012430253669211591,2.8928867558123836,0.2372504040038348,18.045326937176334,2020.669045,0.45570444461688325,6.005553354441501,54758026,46788734,1830323448,2.834456775265929,5.25639660363767,204,0,0,61.0,61,61,53.30674049644367,0.24699012746618257,0.7360804571031673
7,1,0.18961570991972074,6.019575074195444,65,0.9974284888435121,-0.004014099991853693,0.01167514144550256,2.8428167278846996,0.1871803760761508,17.16404395286233,2190.78536275,0.49406934276403774,6.7100160747445,12240249,82919388,1836710571,0.6335958259158578,4.925777964064965,0,204,0,65.0,65,65,56.3299256896386,0.19486459945277568,0.798049683206756
7,1,0.01394662844014497,6.149798862852517,71,0.9973092478048142,-0.03167891127234526,0.006345004675219382,2.8139105360276186,0.1582741842190698,16.67499906996743,2262.1561615,0.5101649969666447,7.005567187668955,29628017,57402834,1844839357,1.5336442830014385,4.505005079513085,204,0,0,71.0,71,71,61.05951436947328,0.16477173600194267,0.824048324744672
7,1,0.1698377846815471,6.9974454100250485,128,0.982276161327083,-0.03534041603107774,0.02405324344231596,2.691903084967855,0.036266733159306064,14.759738245463012,2262.166336,0.510167291535804,7.005609320934256,46268573,5492207,1880109428,2.3950145723247265,2.679309395923973,204,0,0,128.0,128,128,104.42023650759323,0.037755573413709546,0.8240520310669068
8,0,0.0017057842267408187,8.10573675877588,275,0.9971826426060968,-0.012705165474050128,0.012705165474050128,2.6626363976967293,0.007000045888180484,14.334029529862194,2745.1741525,0.6190959700387926,9.005776058843804,19816741,2641389,1909412078,1.0257801439215528,1.1625071864041086,204,0,0,275.0,275,275,202.61769812091504,0.007287415308944549,1.0
8,0,0.0006492081896737635,7.416128676084227,171,0.9867738953776011,-0.04353907639951491,0.04353907639951491,2.6778063324526222,0.022169980644073384,14.553133517422893,2503.662148,0.5646298049083307,8.005659162791956,67794100,106855,1863969253,3.5092471388222783,3.514778307508327,204,0,0,171.0,171,171,135.31150278738946,0.023080113891456124,0.9120230662670133
8,0,0.06200827791354928,5.6266377841813,49,0.9506714558173919,-0.07597006596408916,0.033216660224625924,3.214301658596827,0.5586653067882783,24.885906982362783,2020.667209,0.4557040305592906,6.005545751446259,84944521,38315444,1808610243,4.397009729133936,6.380344004973651,204,0,0,49.0,49,49,44.94948156958862,0.5815999172433044,0.7360797882931399
8,0,0.00043258236427819435,7.39741310772172,169,0.9835826804139742,-0.037874526593534255,0.04353907639951491,2.677862421733668,0.02222606992511933,14.553949815111412,2503.66174,0.5646297128955323,8.005657473237457,63392938,134223,1868343047,3.2814284177832302,3.2883762447875586,204,0,0,169.0,169,169,134.27141604190695,0.023138505778008193,0.9120229176425628
8,0,0.0005091024597609,8.840186890104919,458,0.9988832393152698,-0.012705165474050128,0.012705165474050128,2.6577551058576816,0.002118754049132754,14.264231439511741,2745.2159215,0.6191053898490254,9.005949026985565,19816741,81206,1911972261,1.0257801439215528,1.0299836354223648,204,0,0,457.0,457,457,309.8667429594387,0.0022057342109155303,1.000015215428122
8,0,0.002136145781293574,8.444648241685547,348,0.9971826426060968,-0.02267547139406055,0.012705165474050128,2.6600474370183975,0.004411085209848675,14.296967288092105,2745.1906765,0.6190996965571265,9.005844485800983,27580033,209493,1904080682,1.4276338485778854,1.4384779000639778,204,0,0,347.0,347,347,247.0665444180123,0.00459217130870347,1.000006019290246
8,0,0.000952861381379284,8.727154858124994,424,0.9991410918579327,-0.012702587324349125,0.013373591628841533,2.659050498407063,0.003414146598514023,14.282721191799263,2745.2081185,0.6191036301042566,9.005916714255784,20334423,104061,1911431724,1.0525770787185305,1.0579636207113143,204,0,0,423.0,423,423,290.73389141195696,0.003554305869766115,1.000012372985506
8,0,0.005846079169727609,7.568420714113126,190,0.980187678068896,-0.033176523298833145,0.033176523298833145,2.67245557195219,0.01681922014364101,14.475471147105592,2503.666024,0.5646306790299152,8.00567521355969,51678105,148091,1880044012,2.6750298641180765,2.6826955447309224,204,0,0,190.0,190,190,148.59147473327567,0.017509691267343565,0.9120244781992933
8,0,0.049976325260474914,5.598581437364096,48,0.9479501061512919,-0.020578806750104834,0.002274631427865762,3.299126353447881,0.6434900016393321,27.088962401106784,2020.667056,0.4557039960544912,6.0055451178633215,17814638,107921745,1806133825,0.9221446620082667,6.508531602139599,204,0,0,48.0,48,48,43.52544844530949,0.6699068783273545,0.736079732558971
8,0,0.05484418229241722,5.7302907072613305,53,0.9896150582253356,-0.04619277766318423,0.05780210842247116,3.0632405376574092,0.4076041858488604,21.396782016446792,2020.667821,0.45570416857848817,6.005548285778006,80937624,35221668,1815710916,4.189599470235218,6.012789654241617,204,0,0,53.0,53,53,47.00015468810073,0.42433735883936513,0.7360800112298157
8,0,0.0020122562367228996,7.483874820733011,179,0.9742376165708433,-0.03277545774144383,0.03560009685039461,2.676762909323166,0.02112655751461734,14.53795636077988,2503.66378,0.5646301729595242,8.005665921009948,53250119,165416,1878454673,2.756402515007882,2.764964994998256,204,0,0,179.0,179,179,142.33371029171474,0.0219938556284719,0.9120236607648154
8,0,0.01448210004247633,6.188647703940861,73,0.989253560534479,-0.011357513803176778,0.05505996866409569,2.799900399689332,0.14426404788078306,16.443008960734385,2262.1565185,0.5101650774778433,7.005568666029141,51704386,34965626,1845200196,2.676390255716392,4.486326857834126,204,0,0,73.0,73,73,63.02280973663975,0.15018644846769635,0.8240484547910663
8,0,0.004622056732281742,7.231172161000454,150,0.9896026630651601,-0.014537718855868045,0.039908892401253615,2.6807469627481004,0.02511061093955158,14.595991887164487,2503.657864,0.5646288387739479,8.005641422469724,42406215,9230165,1880233828,2.195086130755219,2.672870039931792,204,0,0,150.0,150,150,119.58046484525183,0.02614146442765727,0.9120215057102828
8,0,0.00856542267527653,6.643823557282648,100,0.9560889123643449,-0.00680060636854284,0.012432634178630851,2.7209574779068837,0.06532112609833485,15.194864028730212,2262.161338,0.5101661643790241,7.0055886238916525,15004973,44648316,1872216919,0.7767070964634908,3.0878518004455917,204,0,0,100.0,100,100,85.36262795559401,0.06800272197218907,0.824050210417388
8,0,0.005292554311568903,6.316858384192603,80,0.9791655705518957,-0.03192585956141486,0.03192585956141486,2.7688394666708094,0.11320311486226053,15.940124225825386,2262.157768,0.5101653592670383,7.0055738402897925,49733880,26969235,1855167093,2.5743903391671332,3.9704072604032827,204,0,0,80.0,80,80,68.34227370482506,0.11785038633252107,0.8240489099534459
8,0,0.045201478290711236,5.519362565715423,46,0.9643956094518283,-0.0049247292181199,0.03264478632574076,3.4441021694226213,0.7884658176140724,31.315155117522032,2020.66675,0.45570392704489243,6.005543850697448,29268729,104441796,1798159683,1.5150463462191348,6.921299601096183,204,0,0,46.0,46,46,41.31154183487121,0.8208343147524413,0.7360796210906332
8,0,0.0017021616171505364,7.286924025217073,156,0.9935380536513516,-0.02933873069582877,0.0032896610082907077,2.6785369709054025,0.022900619096853703,14.563770481793567,2503.659088,0.564629114812343,8.005646491133218,25422241,17503081,1888944886,1.315939388408437,2.2219568282715607,204,0,0,156.0,156,156,123.4193474264706,0.023840746883174817,0.9120219515836344
8,0,0.0025393052478245317,7.5033399738113,181,0.982276161327083,-0.033176523298833145,0.033176523298833145,2.6743933170320466,0.01875696522349779,14.503548114316628,2503.664188,0.5646302649723226,8.005667610564446,51678105,175884,1880016219,2.6750298641180765,2.6841342024567316,204,0,0,181.0,181,181,142.77698331170703,0.019526985637316727,0.9120238093892661
8,0,0.0101630590379724,6.356599770215489,82,0.980342507017974,-0.04946800393155154,0.04255094980580053,2.7663387378716853,0.11070238606313643,15.900312098526467,2262.158125,0.5101654397782369,7.005575318649979,71632532,6134069,1854103607,3.70793709139284,4.025456817852641,204,0,0,82.0,82,82,69.84325139369473,0.11524699635117447,0.8240490399998401
8,0,0.018301052011192004,6.288742508359915,78,0.9972303699463836,-0.02399980670031849,0.008376218652069382,2.7753207510019666,0.11968439919341778,16.04377222645955,2262.1572325,0.5101652385002404,7.005571622749513,25234610,54931087,1851704511,1.306226986445665,4.149641972220941,204,0,0,77.0,77,77,65.73587232074202,0.12459774362288516,0.8240487148838547
8,0,0.03139695944055021,5.781563590741548,55,0.9512315095056789,-0.05193835392675097,0.02404247719360325,3.0105914557102427,0.3549551039016938,20.299402572940053,2020.668127,0.4557042375880869,6.005549552943879,59159535,48383791,1824326882,3.062293458174184,5.566798719430327,204,0,0,55.0,55,55,50.00828707708574,0.3695269001777311,0.7360801226981536
8,0,0.01186483582198702,6.443531910033154,87,0.9816082140419141,-0.01791545485537656,0.0026235885090504403,2.745528971677183,0.08989261986863406,15.572849350080363,2262.1590175,0.5101656410562333,7.0055790145504435,16013231,53741907,1862115070,0.8288978697268673,3.610756960335091,204,0,0,87.0,87,87,74.34728079344482,0.09358293712015829,0.8240493651158257
8,0,0.005404543213786925,6.7181489858363515,105,0.9972487294767167,-0.0056461055646010285,0.020072710157967185,2.70697529116781,0.05133893935926137,14.983885013615128,2262.1622305,0.5101663656570204,7.005592319792117,20054051,38568188,1873247969,1.0380640954529383,3.034481237778889,204,0,0,105.0,105,105,86.96620290272972,0.053446531438225184,0.8240505355333736
8,0,inf,5.505067348355028,45,0.9656713726246586,-0.07145052468874452,0.0011938742971826068,3.506253174007026,0.8506168221984773,33.32317743701592,2020.666597,0.455703892540093,6.005543217114512,56504482,77435519,1797930207,2.924859121798725,6.933178038842659,204,0,0,45.0,45,45,41.108538482795076,0.885536773780521,0.7360795653564641
8,0,0.0,5.519362565715423,46,0.9643956094518283,-0.013555217895462672,0.0012075289904233052,3.4441021694226213,0.7884658176140724,31.315155117522032,2020.66675,0.45570392704489243,6.005543850697448,11510843,122199682,1798159683,0.5958393556840854,6.921299601096183,204,0,0,46.0,46,46,41.31154183487121,0.8208343147524413,0.7360796210906332
8,0,0.16958216374981464,7.024244421359714,130,0.982276161327083,-0.002342221720612419,0.03191958842727,2.6888859389640087,0.03324958715545989,14.715273072887934,2503.653784,0.5646279186459642,8.005624526924741,26690257,22405504,1882774447,1.3815760960272545,2.541359186382774,204,0,0,130.0,130,130,105.88353337658593,0.03461456600761888,0.9120200194657777
8,0,inf,8.914917544230004,483,0.9975907246719704,-0.005797908375803752,0.009008741550810287,2.6576026018270356,0.001966250018486715,14.26205625258975,2745.2218885,0.6191067355362015,9.005973736720101,11552336,1960907,1918356965,0.5979871707820239,0.6994902113009861,204,0,0,483.0,483,483,324.6301828022876,0.0020469695077466247,1.000017389060711
8,0,0.0014789115691830835,7.053535739892508,133,0.9894830652016622,-0.035765257859323385,0.0056202557240929,2.6868666018517238,0.031230250043174923,14.685587958068766,2503.654396,0.5646280566651617,8.005627061256488,32242361,18829850,1880797997,1.6689713867154372,2.643666784057576,204,0,0,133.0,133,133,108.09352022058823,0.0325123300478757,0.9120202424024535
8,0,0.0036079048739598896,7.133242818757271,140,0.9936405881302085,-0.00676909958682067,0.018112571751642215,2.6863779311187104,0.030741579310161526,14.678413294203464,2503.65562,0.5646283327035568,8.005632129919983,19403696,24631968,1887834544,1.0043995667849752,2.2794318074602247,204,0,0,139.0,139,139,112.02670847750865,0.03200359815701653,0.9120206882758051
8,0,0.0030101908947851395,6.188647703940861,73,0.989253560534479,-0.012943134309118372,0.05505996866409569,2.799900399689332,0.14426404788078306,16.443008960734385,2262.1565185,0.5101650774778433,7.005568666029141,52938805,33731207,1845200196,2.7402878713475145,4.486326857834126,204,0,0,73.0,73,73,63.02280973663975,0.15018644846769635,0.8240484547910663
8,0,0.012986003693778484,6.104829070178258,69,0.9899042652213559,-0.013028519070059565,0.012432634178630851,2.8050087638523267,0.14937241204377782,16.527220747549972,2262.1558045,0.5101649164554461,7.00556570930877,19856921,69056556,1842956731,1.0278599937910529,4.60245603621835,204,0,0,69.0,69,69,59.84182916426374,0.1555045237774495,0.8240481946982778
8,0,0.04481625763854032,5.640976170690971,50,0.9511388764236434,-0.002195983115443963,0.0016289502386101385,3.193879990794336,0.538243638985787,24.382849377646206,2020.667362,0.45570406506409,6.005546385029196,2987217,117939621,1810943370,0.15462824508757061,6.259573624523744,204,0,0,50.0,50,50,45.131041846885815,0.5603398888155853,0.7360798440273089
8,0,0.1677415769715532,8.080691576910828,271,0.9971826426060968,-0.012705165474050128,0.012705165474050128,2.662922237230384,0.007285885421834948,14.338127347809683,2745.1732345,0.6190957630099962,9.005772257346184,19816741,2920782,1909132685,1.0257801439215528,1.176969493387415,204,0,0,271.0,271,271,200.08112865244138,0.00758498927156275,0.9999996655949862
8,0,0.0031580353491836694,6.887781501334055,118,0.9969015207498575,-0.009959779063462262,0.017604230730229972,2.699090975345375,0.043454623536826276,14.866211827771604,2262.1643725,0.5101668487242119,7.005601189953233,21493632,31064736,1879311840,1.1125815756665989,2.7205951922832283,204,0,0,117.0,117,117,95.84283238417916,0.045238544698883706,0.8240513158117387
8,0,0.0007685919384550913,8.779648794626626,439,0.9961571018979494,-0.012045389864119927,0.007463437482281543,2.6584548745204253,0.0028185227118764367,14.274216594913199,2745.2117905,0.6191044582194419,9.005931920246269,15216692,1208559,1915444957,0.7876663730817262,0.8502253894688147,204,0,0,439.0,439,439,300.45783923250673,0.0029342301303792065,1.0000137106055604
8,0,0.004646685540182177,6.774362403819144,109,0.9996013830524046,-0.0056461055646010285,0.033053606266373964,2.701684132749765,0.04604778094121631,14.90481228194418,2262.1629445,0.5101665266794176,7.005595276512489,30148422,26799301,1874922485,1.5605821692965411,2.9478027438994494,204,0,0,109.0,109,109,89.75946450884275,0.047938157711301665,0.8240507956261619
8,0,0.004267141802112756,6.889878283469513,119,0.9974963128387027,-0.008337511905834536,0.017604230730229972,2.693732510908208,0.03809615909965913,14.786764807491203,2262.1647295,0.5101669292354104,7.005602668313419,20231032,31455587,1880183589,1.0472252181446757,2.6754705769550333,204,0,0,119.0,119,119,97.25967025903499,0.03966010187213292,0.824051445858133
8,0,0.003571662448639303,6.415442858938489,85,0.989253560534479,-0.011357513803176778,0.050554336865526454,2.7501700997177894,0.09453374790924052,15.64529291777127,2262.1586605,0.5101655605450347,7.005577536190257,48203164,28053045,1855613999,2.4951554095294584,3.947273925764686,204,0,0,85.0,85,85,72.35661914888504,0.09841459509414317,0.8240492350694315
8,0,0.0,5.598581437364096,48,0.9479501061512919,-0.020346859865163998,0.003350606300167561,3.299126353447881,0.6434900016393321,27.088962401106784,2020.667056,0.4557039960544912,6.0055451178633215,18473670,107262713,1806133825,0.9562583409330158,6.508531602139599,204,0,0,48.0,48,48,43.52544844530949,0.6699068783273545,0.736079732558971
8,0,0.028564920865581152,5.913928215212639,60,0.970870036009827,-0.02288186069823455,0.005350422230414585,2.9096658964767417,0.25402954466819283,18.350666520367174,2020.668892,0.45570441011208385,6.005552720858564,22006368,80199359,1829664481,1.1391224891232445,5.29050691794715,204,0,0,60.0,60,60,52.73591287004998,0.2644580938912084,0.7360804013689983
8,0,0.16950185281171556,6.990405652461317,127,0.985046327585631,-0.01256711257172478,0.03191958842727,2.691850441400167,0.036214089591618315,14.75896126063544,2262.1661575,0.5101672512802047,7.005608581754163,34659842,15082373,1882127993,1.79410820957181,2.5748217863712717,204,0,0,127.0,127,127,104.12465157631681,0.037700768695681494,0.8240519660437098
8,0,0.07088156929522922,6.081950862016777,68,0.9868024815605893,-0.047044512143256334,0.011686639259533508,2.8219403041882463,0.16630395237969742,16.809434466778644,2262.1554475,0.5101648359442476,7.0055642309485835,45739455,45591703,1840539050,2.3676256722936118,4.72760321173709,204,0,0,67.0,67,67,58.39751688052672,0.17313114626235787,0.8240480646518835
8,0,0.04418494185938862,5.713271016550379,52,0.9509294319603274,-0.06358852879840496,0.03193059580182264,3.103678011463279,0.4480416596547303,22.279745929334148,2020.667668,0.45570413407368876,6.0055476521950695,74341150,41891163,1815637895,3.8481441295667,6.016569463035065,204,0,0,52.0,52,52,46.83194114042676,0.46643489225204077,0.7360799554956468
8,0,0.08541570531864676,5.565005716414894,47,0.9339851807491814,-0.02852289004056708,0.0023439679324117734,3.3673818277974914,0.7117454759889426,29.002494043759118,2020.666903,0.45570396154969184,6.005544484280385,24048760,99846342,1807975106,1.2448434631070204,6.41322079956212,204,0,0,47.0,47,47,43.70208273260285,0.7409644108978893,0.736079676824802
8,0,0.036617652674886876,5.5113600110960075,46,0.9643956094518283,-0.0463373514408162,0.03330446459025878,3.4441021694226213,0.7884658176140724,31.315155117522032,2020.66675,0.45570392704489243,6.005543850697448,62011870,71698655,1798159683,3.209939764234927,6.921299601096183,204,0,0,46.0,46,46,41.31154183487121,0.8208343147524413,0.7360796210906332
8,0,0.0310195044238503,5.781563590741548,55,0.9512315095056789,-0.05193835392675097,0.024122353170870314,3.0105914557102427,0.3549551039016938,20.299402572940053,2020.668127,0.4557042375880869,6.005549552943879,59221765,48321561,1824326882,3.065514689069629,5.566798719430327,204,0,0,55.0,55,55,50.00828707708574,0.3695269001777311,0.7360801226981536
8,0,0.002734662731927546,6.443531910033154,87,0.9816082140419141,-0.01791545485537656,0.0015817808852894768,2.745528971677183,0.08989261986863406,15.572849350080363,2262.1590175,0.5101656410562333,7.0055790145504435,15200854,54554284,1862115070,0.7868465457488953,3.610756960335091,204,0,0,87.0,87,87,74.34728079344482,0.09358293712015829,0.8240493651158257
8,0,0.04021422702793569,5.598581437364096,48,0.9479501061512919,-0.02101841368805024,0.002274631427865762,3.299126353447881,0.6434900016393321,27.088962401106784,2020.667056,0.4557039960544912,6.0055451178633215,18156467,107579916,1806133825,0.9398388631292564,6.508531602139599,204,0,0,48.0,48,48,43.52544844530949,0.6699068783273545,0.736079732558971
8,0,0.06167357933574798,6.023306975559584,65,0.9988102657967899,-0.012790874935943438,0.001348693791084184,2.84172200667433,0.186085654865781,17.145264390959255,2190.78536275,0.49406934276403774,6.7100160747445,11025302,84134335,1836710571,0.5707061454927721,4.925777964064965,0,204,0,65.0,65,65,56.2699382449058,0.19372493719414027,0.798049683206756
8,0,0.008238509792367288,6.705777419651951,104,0.980342507017974,-0.04688850513898881,0.0279253947629573,2.7108562247719368,0.05521987296338793,15.042149463585888,2262.162052,0.5101663254014212,7.005591580612024,58257395,7957314,1865655499,3.015595704036034,3.4274926299810717,204,0,0,104.0,104,104,86.72815143214149,0.057486787089615,0.8240504705101764
8,0,0.14245669636712907,5.981936681554502,63,0.9704136259316535,-0.06421950672511317,0.01515177110956185,2.859202596928122,0.203566245119573,17.447608611356223,2020.669351,0.455704513626482,6.0055546216073745,61777863,37789398,1832302947,3.1978267869225303,5.1539311796250855,204,0,0,63.0,63,63,55.89267198913879,0.2119231494715719,0.7360805685715052
8,0,0.029731811193127844,5.919586311606504,61,0.985046327585631,-0.01256711257172478,0.03217509730907331,2.885564844143583,0.2299284923350342,17.913683177420296,2020.669045,0.45570444461688325,6.005553354441501,34858156,65390549,1831621503,1.8043735989949072,5.189204977894664,204,0,0,61.0,61,61,53.66909061418685,0.2393676329799605,0.7360804571031673
8,0,0.0015280585632909474,6.887781501334055,118,0.9969015207498575,-0.009959779063462262,0.01752435475296293,2.699090975345375,0.043454623536826276,14.866211827771604,2262.1643725,0.5101668487242119,7.005601189953233,21430978,31127390,1879311840,1.1093383971269357,2.7205951922832283,204,0,0,117.0,117,117,95.84283238417916,0.045238544698883706,0.8240513158117387
8,0,0.17227568489732334,7.916350507582627,242,0.9988832393152698,-0.012705165474050128,0.013756279447049533,2.664485096523805,0.008848744715256096,14.360553343158408,2503.676428,0.5646330253562736,8.005718297199394,20635324,4862291,1906372593,1.068152711012768,1.3198409962746318,204,0,0,241.0,241,241,180.60914522058823,0.009212007854374343,0.9120282681227817
8,0,0.053144568976287505,5.665798102822449,51,0.9506985948713704,-0.05516822935631712,0.009286027747899234,3.138235331629915,0.4825989798213661,23.0631321478487,2020.667515,0.45570409956888935,6.005547018612132,50174261,65879160,1815816787,2.5971859181960117,6.007309420654413,204,0,0,51.0,51,51,46.64886401864668,0.5024108769871778,0.7360798997614778
8,0,0.014478404015823093,6.473062725321611,89,0.9877680948979966,-0.012942731408031267,0.03176372075451925,2.725391190402614,0.06975483859406495,15.262383257061867,2262.1593745,0.5101657215674319,7.005580492910629,34830033,33772875,1863267300,1.8029178593761925,3.551113719540314,204,0,0,89.0,89,89,75.5140060313341,0.07261844947354701,0.8240494951622199
8,0,0.013700761829508475,5.869869402027395,58,0.9705093473310201,-0.07607274303240602,0.033248189956838925,2.9497654164309144,0.29412906462236554,19.101472311069262,2020.668586,0.4557043411024851,6.00555145369269,85048328,28155073,1818666807,4.402383123245514,5.859782946660566,204,0,0,58.0,58,58,51.112665501249516,0.3062037995999066,0.7360802899006604
8,0,0.023625670963774305,5.911829427081881,60,0.9899929252614629,-0.04626858463120163,0.03917687839005565,2.934047758608372,0.27841140679982335,18.80358905146633,2020.668739,0.4557043756072845,6.005552087275627,66522888,37700650,1827646670,3.443444995658839,5.394955497962728,204,0,0,59.0,59,59,51.85526299980776,0.2898408925466618,0.7360803456348294
8,0,0.127692446002086,6.016713882329763,65,0.9983648893228184,-0.0455011859996457,0.011685689216439305,2.84302518142976,0.18738882962121117,17.167622231611364,2190.7853185,0.49406933278470855,6.710015891502375,44538969,50620727,1836710512,2.3054845411229614,4.925781018100363,0,204,0,65.0,65,65,56.29107795078816,0.19508161053809467,0.79804966708756
8,0,0.009526456411830614,6.399396838815453,84,0.9859148752882716,-0.04985632440777221,0.05193835392675097,2.7515905312229263,0.09595417941437745,15.667531775386625,2262.158482,0.5101655202894354,7.005576797010164,79228076,2132640,1850509492,4.101107604015601,4.211500113365794,204,0,0,84.0,84,84,71.07622819348327,0.09989333887114041,0.8240491700462343
8,0,0.03583723318329332,5.841896009738373,57,0.9948368572770891,-0.003996373926035935,0.00542904837699387,2.9573017189312867,0.30166536712273784,19.245970592078223,2020.668433,0.4557043065976857,6.005550820109754,7358164,101098406,1823413638,0.38088293765954695,5.614071253383084,204,0,0,57.0,57,57,50.05247831362937,0.3140494861984448,0.7360802341664915
8,1,inf,5.5047810996619315,45,0.9505426773429856,-0.023773755141510856,0.005876165843168953,3.535425854241726,0.879789502433177,34.309622501888356,2020.666597,0.455703892540093,6.005543217114512,23111322,108682217,1800076669,1.1963185675877455,6.822070056996293,204,0,0,45.0,45,45,41.52317468041138,0.9159070656245011,0.7360795653564641
8,1,inf,8.914917544230004,483,0.9977246154274816,-0.00581557000621492,0.009008741550810287,2.6576724441446324,0.0020360923360835947,14.263052382437731,2745.2218885,0.6191067355362015,9.005973736720101,11566003,1948615,1918355590,0.5986946199648626,0.6995613858547582,204,0,0,483.0,483,483,324.59955455834296,0.002119679027455211,1.000017389060711
8,1,inf,5.5047810996619315,45,0.9505426773429856,-0.024160391928205606,0.005431016291094737,3.535425854241726,0.879789502433177,34.309622501888356,2020.666597,0.455703892540093,6.005543217114512,23064986,108728553,1800076669,1.1939200627705937,6.822070056996293,204,0,0,45.0,45,45,41.52317468041138,0.9159070656245011,0.7360795653564641
8,1,0.1742494052498454,7.568420714113126,190,0.9810752110118318,-0.0355401190643484,0.03277985336936002,2.672569023322407,0.016932671513858022,14.47711350230373,2503.666024,0.5646306790299152,8.00567521355969,53208217,138511,1878523480,2.754233528715403,2.761403316800877,204,0,0,190.0,190,190,148.47796220203767,0.017627800100535097,0.9120244781992933
8,1,0.17398061870094345,8.10573675877588,275,0.9900164390489016,-0.011911231370221974,0.012705165474050128,2.66272849086208,0.00709213905353101,14.335349656800227,2745.1741525,0.6190959700387926,9.005776058843804,19198534,3043225,1909628449,0.9937797022024369,1.1513071068592202,204,0,0,275.0,275,275,203.82359549211841,0.007383289129451608,1.0
8,1,0.16983674956077757,6.9974454100250485,128,0.982276161327083,-0.03534041603107774,0.02405324344231596,2.691903084967855,0.036266733159306064,14.759738245463012,2262.166336,0.510167291535804,7.005609320934256,46268573,5492207,1880109428,2.3950145723247265,2.679309395923973,204,0,0,128.0,128,128,104.42023650759323,0.037755573413709546,0.8240520310669068
8,1,0.16880210096209236,7.024244421359714,130,0.982276161327083,-0.03534041603107774,0.03191958842727,2.6893852617779066,0.033748909969357754,14.722622579181344,2503.653784,0.5646279186459642,8.005624526924741,52384566,1142882,1878342760,2.711598625159812,2.7707579825155624,204,0,0,130.0,130,130,105.88353337658593,0.035134387273969225,0.9120200194657777
8,1,0.13607289023591568,5.996862679121341,64,0.9604435597396077,-0.07131296974360785,0.06099212003493584,2.8607591182706877,0.2051227664621389,17.474787333179535,2020.669504,0.4557045481312814,6.005555255190312,102919174,3160187,1825790847,5.32743729748536,5.4910190426209,204,0,0,64.0,64,64,56.45430693723568,0.2135435699147673,0.7360806243056741
8,1,0.12810340244411703,6.019575074195444,65,0.9983788493602563,-0.0455011859996457,0.011635222709061178,2.843439354684566,0.18780300287601737,17.174734074254157,2190.7853185,0.49406933278470855,6.710015891502375,44499470,50660226,1836710512,2.3034399420688203,4.925781018100363,0,204,0,65.0,65,65,56.29031652489427,0.1955127866426294,0.79804966708756
8,1,0.1053113584119186,5.59289088876535,48,0.951377959964136,-0.07597006596408916,0.03342416608609896,3.3080403225912254,0.6524039707826765,27.33151200988244,2020.667056,0.4557039960544912,6.0055451178633215,85105620,42428899,1804335689,4.405348746907121,6.601609076627988,204,0,0,48.0,48,48,43.4205609020569,0.6791867882359955,0.736079732558971
8,1,0.08153151973599167,5.553383309811856,47,0.968489642166758,-0.0773358568813281,0.043248828032817564,3.406415554506929,0.7507792026983799,30.15695433662523,2020.666903,0.45570396154969184,6.005544484280385,93801692,36027352,1802041164,4.8554862335762055,6.720381289714469,204,0,0,47.0,47,47,42.71767769607843,0.7816005698790486,0.736079676824802
8,1,0.07348913085987575,5.519362565715423,46,0.9647309495845159,-0.013955446966001699,0.0012512790822319098,3.451169090848698,0.7955327390401492,31.537240664467273,2020.66675,0.45570392704489243,6.005543850697448,11857322,121899676,1798113210,0.6137742562051043,6.923705197487056,204,0,0,46.0,46,46,41.30157871972318,0.8281913510076546,0.7360796210906332
8,1,0.06669123654781585,6.081950862016777,68,0.9891865125621173,-0.03437481441228044,0.011729384338479594,2.8241891548816436,0.16855280307309473,16.84727891243949,2262.1554475,0.5101648359442476,7.0055642309485835,35922871,55626558,1840320779,1.85948677355451,4.738901641574463,204,0,0,67.0,67,67,58.28913158400615,0.17547231791071316,0.8240480646518835
8,1,0.06393597738405753,5.616752329568814,49,0.9819888416152808,-0.020578806750104834,0.03680452300730841,3.221541117270749,0.5659047654622,25.06672118630144,2020.667209,0.4557040305592906,6.005545751446259,44697132,80129742,1807043334,2.313671581812602,6.461452404156542,204,0,0,49.0,49,49,43.97031189926951,0.5891365738326402,0.7360797882931399
8,1,0.06021659683322468,6.019575074195444,65,0.9987905053552086,-0.012790874935943438,0.010953550670434239,2.841957442633513,0.18632109082496395,17.14930147794566,2190.78536275,0.49406934276403774,6.7100160747445,18517404,76642233,1836710571,0.9585221576127748,4.925777964064965,0,204,0,65.0,65,65,56.27304852700884,0.19397003838928,0.798049683206756
8,1,0.0586428230815845,5.781563590741548,55,0.9512370790777155,-0.04003176369645094,0.026251994512512446,3.0106285311387233,0.35499217933017446,20.30015519594017,2020.668127,0.4557042375880869,6.005549552943879,51627582,55921212,1824321414,2.6724146263142745,5.567081761219437,204,0,0,55.0,55,55,50.007765943387156,0.36956549764543506,0.7360801226981536
8,1,0.05695839295539008,5.726558805897192,53,0.9896150582253356,-0.05288720920417352,0.05790111630077045,3.0633336129162916,0.40769726110774274,21.3987736201553,2020.667821,0.45570416857848817,6.005548285778006,86213115,29946357,1815710736,4.462676355946994,6.012798971637747,204,0,0,53.0,53,53,47.00015468810073,0.4244342550708039,0.7360800112298157
8,1,0.04852285178738269,5.666563544020339,51,0.9496671419883218,-0.07597006596408916,0.05192669233387372,3.1418541804370963,0.48621782862854745,23.146745336605704,2020.667515,0.45570409956888935,6.005547018612132,99487146,20147212,1812235850,5.149784161897485,6.192670579244214,204,0,0,51.0,51,51,46.682461373029604,0.5061782886041127,0.7360798997614778
8,1,0.04472835839622469,5.713271016550379,52,0.9506985948713704,-0.06407840980352159,0.03192585956141486,3.1106188223894247,0.4549824705808758,22.434923338871737,2020.667668,0.45570413407368876,6.0055476521950695,74717741,41517645,1815634822,3.867637726933672,6.016728531692332,204,0,0,52.0,52,52,46.84160389033064,0.4736606408553588,0.7360799554956468
8,1,0.037588090157094724,5.913928215212639,60,0.970870036009827,-0.0714499804969751,0.0053297416060965825,2.9155848996489,0.2599485478403514,18.45960626299873,2020.668892,0.45570441011208385,6.005552720858564,59733308,48306004,1823830896,3.0919938488952567,5.5924725974137495,204,0,0,60.0,60,60,52.73591287004998,0.2706200869723268,0.7360804013689983
8,1,0.032112205195315977,5.821929661040571,57,0.9974284888435121,-0.05069353625567664,0.01167514144550256,2.9603864784408445,0.3047501266322956,19.305431446950394,2020.668433,0.4557043065976857,6.005550820109754,48565280,60177428,1823127500,2.5138997329576296,5.628882703904713,204,0,0,57.0,57,57,49.952127787389465,0.31726088281404713,0.7360802341664915
8,1,0.030729959707279243,5.650439134471693,50,0.9505426773429856,-0.010858238273469645,0.0058507871529826574,3.1958006489375888,0.5401642971290399,24.429725497949967,2020.667362,0.45570406506409,6.005546385029196,13035652,107815322,1811019234,0.6747685194387552,6.255646652634751,204,0,0,50.0,50,50,45.15036734669358,0.5623393947873995,0.7360798440273089
8,1,0.025520911867932747,5.900940619080016,60,0.9992000559874556,-0.050443874248007343,0.05794562022191533,2.9542560773065865,0.2986197254980376,19.187443434549962,2020.668739,0.4557043756072845,6.005552087275627,84351989,20995144,1826523075,4.366338310446165,5.453116496323132,204,0,0,59.0,59,59,51.4864880694925,0.3108788133548746,0.7360803456348294
8,1,0.022417495902669133,5.964430770725527,62,0.9972362390521016,-0.029297256127922323,0.016170042068546758,2.8882702993775906,0.23263394756904177,17.962213463990505,2020.669045,0.45570444461688325,6.005553354441501,35431535,66059239,1830379434,1.8340535949711172,5.253498582861318,204,0,0,61.0,61,61,53.16595480103806,0.24218415392923895,0.7360804571031673
8,1,0.015852185270535574,6.356599770215489,82,0.9984447711456147,-0.011616051753095841,0.04255094980580053,2.7767867166121296,0.12115036480358077,16.0673090927039,2262.1579465,0.5101653995226376,7.005574579469886,42184657,34222174,1855463377,2.183617554911846,3.955070619319784,204,0,0,81.0,81,81,68.75492899365629,0.12612389079399533,0.8240489749766431
8,1,0.015671677740133245,6.001538081105223,64,0.9963993856580492,-0.057912447260671227,0.012430253669211591,2.876231388749876,0.2205950369413272,17.747264453521446,2020.669351,0.455704513626482,6.0055546216073745,54758026,44130118,1832982064,2.834456775265929,5.118777834582146,204,0,0,63.0,63,63,54.79171322327951,0.2296510158594503,0.7360805685715052
8,1,0.01561289756498683,6.47259853108055,89,0.9870592613871711,-0.03624174272271695,0.03176372075451925,2.7293320652561532,0.0736957134476044,15.322649071464484,2262.1593745,0.5101657215674319,7.005580492910629,52964371,15612986,1863292851,2.741611252177869,3.549791115159637,204,0,0,89.0,89,89,75.55672547818146,0.07672110711280755,0.8240494951622199
8,1,0.014891364124434113,6.399396838815453,84,0.9808716189144371,-0.04975847308856711,0.01313011909311311,2.755473524055425,0.09983717224687627,15.728486956651071,2262.158482,0.5101655202894354,7.005576797010164,48972436,27504657,1855393115,2.534975475950815,3.958707613135882,204,0,0,84.0,84,84,71.36501285563244,0.1039357382873861,0.8240491700462343
8,1,0.014662804716555813,5.650439134471693,50,0.9505426773429856,-0.010698958312433872,0.002014688150098705,3.1958006489375888,0.5401642971290399,24.429725497949967,2020.667362,0.45570406506409,6.005546385029196,9916087,110934887,1811019234,0.5132895035565453,6.255646652634751,204,0,0,50.0,50,50,45.15036734669358,0.5623393947873995,0.7360798440273089
8,1,0.013542033561902079,6.153319258414609,71,0.9995951364294793,-0.012833115334877864,0.060177106727489604,2.8113417800135534,0.15570542820500455,16.632220033798284,2262.1561615,0.5101649969666447,7.005567187668955,56824517,34897572,1840148119,2.941425193301599,4.747839094995765,204,0,0,71.0,71,71,60.94497308727413,0.16209752611805459,0.824048324744672
8,1,0.013461829428753794,6.288742508359915,78,0.9370459706034869,-0.03192585956141486,0.03192585956141486,2.794246220740098,0.13860986893154914,16.350299590283008,2262.157411,0.5101652787558397,7.005572361929606,49733880,25601197,1856535131,2.5743903391671332,3.89959308280818,204,0,0,78.0,78,78,69.00496503748558,0.14430015130731166,0.8240487799070518
8,1,0.012141132712374035,6.353003741515945,82,0.980342507017974,-0.04985632440777221,0.042044036693460574,2.7664184663490254,0.1107821145404766,15.90157985673686,2262.158125,0.5101654397782369,7.005575318649979,71539945,6365449,1853964814,3.703144481640042,4.032641203192052,204,0,0,82.0,82,82,69.84325139369473,0.11532999788225137,0.8240490399998401
8,1,0.01038405606391775,6.6992910446864355,104,0.9788470407736577,-0.06332419083844198,0.06674309185862634,2.719353387457135,0.06371703564858633,15.170509631007102,2262.162052,0.5101663254014212,7.005591580612024,101179854,229073,1830461281,5.237404333945814,5.24926191107762,204,0,0,104.0,104,104,86.8334609885621,0.06633277959078739,0.8240504705101764
8,1,0.009739109394431239,6.206639241558089,74,0.9897769882300932,-0.019086615268934133,0.03917687839005565,2.800417320053928,0.14478096824537934,16.451510884140788,2262.1565185,0.5101650774778433,7.005568666029141,45380060,38600124,1847890024,2.349022196836942,4.3470924522896315,204,0,0,73.0,73,73,62.99698883842753,0.150724589708288,0.8240484547910663
8,1,0.008172682436535033,6.709775767488491,105,0.9992780456111386,-0.0056461055646010285,0.033053606266373964,2.7078480965111624,0.05221174470261358,14.99696873746064,2262.1622305,0.5101663656570204,7.005592319792117,30148422,28749011,1872972775,1.5605821692965411,3.0487261906158034,204,0,0,105.0,105,105,86.82141934592464,0.054355167627541195,0.8240505355333736
8,1,0.007466956197424416,6.889878283469513,119,0.9969015207498575,-0.008337511905834536,0.017604230730229972,2.694985951105443,0.03934959929689397,14.805310753576983,2262.1647295,0.5101669292354104,7.005602668313419,20231032,31424256,1880214920,1.0472252181446757,2.673848780631954,204,0,0,119.0,119,119,97.30679155853518,0.04096499892967919,0.824051445858133
8,1,0.00732846642342739,6.782270206277894,110,0.9981990899934562,-0.047211528261202104,0.020032791421608333,2.705007268908435,0.04937091709988595,14.954425392479852,2262.1629445,0.5101665266794176,7.005595276512489,52370251,12898658,1866601299,2.710857633350905,3.378534889648239,204,0,0,109.0,109,109,89.86277062908496,0.051397716934661414,0.8240507956261619
8,1,0.00623524977266006,6.399396838815453,84,0.9808716189144371,-0.04975847308856711,0.019418458970258366,2.755473524055425,0.09983717224687627,15.728486956651071,2262.158482,0.5101655202894354,7.005576797010164,53870087,22607006,1855393115,2.788494111919138,3.958707613135882,204,0,0,84.0,84,84,71.36501285563244,0.1039357382873861,0.8240491700462343
8,1,0.00554557644135669,7.231172161000454,150,0.9866323244447184,-0.014537718855868045,0.03967480585763616,2.6829920900584314,0.027355738249882577,14.62879856097096,2503.657864,0.5646288387739479,8.005641422469724,42224029,9167944,1880478235,2.1856555800253843,2.660218724176319,204,0,0,150.0,150,150,119.88480241974241,0.02847875983874326,0.9120215057102828
9,0,0.01203195265307436,5.6266377841813,49,0.9506714558173919,-0.07597006596408916,0.033216660224625924,3.214301658596827,0.5586653067882783,24.885906982362783,2020.667209,0.4557040305592906,6.005545751446259,84944521,38315444,1808610243,4.397009729133936,6.380344004973651,204,0,0,49.0,49,49,44.94948156958862,0.5815999172433044,0.7360797882931399
9,0,0.0005091024597609,8.840186890104919,458,0.9988832393152698,-0.012705165474050128,0.012705165474050128,2.6577551058576816,0.002118754049132754,14.264231439511741,2745.2159215,0.6191053898490254,9.005949026985565,19816741,81206,1911972261,1.0257801439215528,1.0299836354223648,204,0,0,457.0,457,457,309.8667429594387,0.0022057342109155303,1.000015215428122
9,0,0.0013054708435759673,8.444648241685547,348,0.9971826426060968,-0.02267547139406055,0.012705165474050128,2.6600474370183975,0.004411085209848675,14.296967288092105,2745.1906765,0.6190996965571265,9.005844485800983,27580033,209493,1904080682,1.4276338485778854,1.4384779000639778,204,0,0,347.0,347,347,247.0665444180123,0.00459217130870347,1.000006019290246
9,0,0.000952861381379284,8.727154858124994,424,0.9991410918579327,-0.012702587324349125,0.013373591628841533,2.659050498407063,0.003414146598514023,14.282721191799263,2745.2081185,0.6191036301042566,9.005916714255784,20334423,104061,1911431724,1.0525770787185305,1.0579636207113143,204,0,0,423.0,423,423,290.73389141195696,0.003554305869766115,1.000012372985506
9,0,0.006049866404903432,7.568420714113126,190,0.980187678068896,-0.033176523298833145,0.033176523298833145,2.67245557195219,0.01681922014364101,14.475471147105592,2503.666024,0.5646306790299152,8.00567521355969,51678105,148091,1880044012,2.6750298641180765,2.6826955447309224,204,0,0,190.0,190,190,148.59147473327567,0.017509691267343565,0.9120244781992933
9,0,0.05484418229241722,5.7302907072613305,53,0.9896150582253356,-0.04619277766318423,0.05780210842247116,3.0632405376574092,0.4076041858488604,21.396782016446792,2020.667821,0.45570416857848817,6.005548285778006,80937624,35221668,1815710916,4.189599470235218,6.012789654241617,204,0,0,53.0,53,53,47.00015468810073,0.42433735883936513,0.7360800112298157
9,0,0.0014274163273231362,7.483874820733011,179,0.9742376165708433,-0.03277545774144383,0.03560009685039461,2.676762909323166,0.02112655751461734,14.53795636077988,2503.66378,0.5646301729595242,8.005665921009948,53250119,165416,1878454673,2.756402515007882,2.764964994998256,204,0,0,179.0,179,179,142.33371029171474,0.0219938556284719,0.9120236607648154
9,0,0.01448210004247633,6.188647703940861,73,0.989253560534479,-0.011357513803176778,0.05505996866409569,2.799900399689332,0.14426404788078306,16.443008960734385,2262.1565185,0.5101650774778433,7.005568666029141,51704386,34965626,1845200196,2.676390255716392,4.486326857834126,204,0,0,73.0,73,73,63.02280973663975,0.15018644846769635,0.8240484547910663
9,0,0.004622056732281742,7.231172161000454,150,0.9896026630651601,-0.014537718855868045,0.039908892401253615,2.6807469627481004,0.02511061093955158,14.595991887164487,2503.657864,0.5646288387739479,8.005641422469724,42406215,9230165,1880233828,2.195086130755219,2.672870039931792,204,0,0,150.0,150,150,119.58046484525183,0.02614146442765727,0.9120215057102828
9,0,0.00856542267527653,6.643823557282648,100,0.9560889123643449,-0.00680060636854284,0.012432634178630851,2.7209574779068837,0.06532112609833485,15.194864028730212,2262.161338,0.5101661643790241,7.0055886238916525,15004973,44648316,1872216919,0.7767070964634908,3.0878518004455917,204,0,0,100.0,100,100,85.36262795559401,0.06800272197218907,0.824050210417388
9,0,0.005493508953337561,6.316858384192603,80,0.9791655705518957,-0.03192585956141486,0.03192585956141486,2.7688394666708094,0.11320311486226053,15.940124225825386,2262.157768,0.5101653592670383,7.0055738402897925,49733880,26969235,1855167093,2.5743903391671332,3.9704072604032827,204,0,0,80.0,80,80,68.34227370482506,0.11785038633252107,0.8240489099534459
9,0,0.07413442240857174,5.519362565715423,46,0.9643956094518283,-0.0049247292181199,0.03264478632574076,3.4441021694226213,0.7884658176140724,31.315155117522032,2020.66675,0.45570392704489243,6.005543850697448,29268729,104441796,1798159683,1.5150463462191348,6.921299601096183,204,0,0,46.0,46,46,41.31154183487121,0.8208343147524413,0.7360796210906332
9,0,0.0023203292361236067,7.286924025217073,156,0.9935380536513516,-0.02933873069582877,0.0032896610082907077,2.6785369709054025,0.022900619096853703,14.563770481793567,2503.659088,0.564629114812343,8.005646491133218,25422241,17503081,1888944886,1.315939388408437,2.2219568282715607,204,0,0,156.0,156,156,123.4193474264706,0.023840746883174817,0.9120219515836344
9,0,0.0025393052478245317,7.5033399738113,181,0.982276161327083,-0.033176523298833145,0.033176523298833145,2.6743933170320466,0.01875696522349779,14.503548114316628,2503.664188,0.5646302649723226,8.005667610564446,51678105,175884,1880016219,2.6750298641180765,2.6841342024567316,204,0,0,181.0,181,181,142.77698331170703,0.019526985637316727,0.9120238093892661
9,0,0.018301052011192004,6.288742508359915,78,0.9972303699463836,-0.02399980670031849,0.008376218652069382,2.7753207510019666,0.11968439919341778,16.04377222645955,2262.1572325,0.5101652385002404,7.005571622749513,25234610,54931087,1851704511,1.306226986445665,4.149641972220941,204,0,0,77.0,77,77,65.73587232074202,0.12459774362288516,0.8240487148838547
9,0,0.03139695944055021,5.781563590741548,55,0.9512315095056789,-0.05193835392675097,0.02404247719360325,3.0105914557102427,0.3549551039016938,20.299402572940053,2020.668127,0.4557042375880869,6.005549552943879,59159535,48383791,1824326882,3.062293458174184,5.566798719430327,204,0,0,55.0,55,55,50.00828707708574,0.3695269001777311,0.7360801226981536
9,0,inf,5.505067348355028,45,0.9656713726246586,-0.07145052468874452,0.0011938742971826068,3.506253174007026,0.8506168221984773,33.32317743701592,2020.666597,0.455703892540093,6.005543217114512,56504482,77435519,1797930207,2.924859121798725,6.933178038842659,204,0,0,45.0,45,45,41.108538482795076,0.885536773780521,0.7360795653564641
9,0,0.0,5.519362565715423,46,0.9643956094518283,-0.013555217895462672,0.0012075289904233052,3.4441021694226213,0.7884658176140724,31.315155117522032,2020.66675,0.45570392704489243,6.005543850697448,11510843,122199682,1798159683,0.5958393556840854,6.921299601096183,204,0,0,46.0,46,46,41.31154183487121,0.8208343147524413,0.7360796210906332
9,0,0.1687814173082883,7.024244421359714,130,0.982276161327083,-0.002342221720612419,0.03191958842727,2.6888859389640087,0.03324958715545989,14.715273072887934,2503.653784,0.5646279186459642,8.005624526924741,26690257,22405504,1882774447,1.3815760960272545,2.541359186382774,204,0,0,130.0,130,130,105.88353337658593,0.03461456600761888,0.9120200194657777
9,0,inf,8.914917544230004,483,0.9975907246719704,-0.005797908375803752,0.009008741550810287,2.6576026018270356,0.001966250018486715,14.26205625258975,2745.2218885,0.6191067355362015,9.005973736720101,11552336,1960907,1918356965,0.5979871707820239,0.6994902113009861,204,0,0,483.0,483,483,324.6301828022876,0.0020469695077466247,1.000017389060711
9,0,0.0014789115691830835,7.053535739892508,133,0.9894830652016622,-0.035765257859323385,0.0056202557240929,2.6868666018517238,0.031230250043174923,14.685587958068766,2503.654396,0.5646280566651617,8.005627061256488,32242361,18829850,1880797997,1.6689713867154372,2.643666784057576,204,0,0,133.0,133,133,108.09352022058823,0.0325123300478757,0.9120202424024535
9,0,0.0036079048739598896,7.133242818757271,140,0.9936405881302085,-0.00676909958682067,0.018112571751642215,2.6863779311187104,0.030741579310161526,14.678413294203464,2503.65562,0.5646283327035568,8.005632129919983,19403696,24631968,1887834544,1.0043995667849752,2.2794318074602247,204,0,0,139.0,139,139,112.02670847750865,0.03200359815701653,0.9120206882758051
9,0,0.0030101908947851395,6.188647703940861,73,0.989253560534479,-0.012943134309118372,0.05505996866409569,2.799900399689332,0.14426404788078306,16.443008960734385,2262.1565185,0.5101650774778433,7.005568666029141,52938805,33731207,1845200196,2.7402878713475145,4.486326857834126,204,0,0,73.0,73,73,63.02280973663975,0.15018644846769635,0.8240484547910663
9,0,0.01235481177480823,6.104829070178258,69,0.9899042652213559,-0.013028519070059565,0.012432634178630851,2.8050087638523267,0.14937241204377782,16.527220747549972,2262.1558045,0.5101649164554461,7.00556570930877,19856921,69056556,1842956731,1.0278599937910529,4.60245603621835,204,0,0,69.0,69,69,59.84182916426374,0.1555045237774495,0.8240481946982778
9,0,0.04481625763854032,5.640976170690971,50,0.9511388764236434,-0.002195983115443963,0.0016289502386101385,3.193879990794336,0.538243638985787,24.382849377646206,2020.667362,0.45570406506409,6.005546385029196,2987217,117939621,1810943370,0.15462824508757061,6.259573624523744,204,0,0,50.0,50,50,45.131041846885815,0.5603398888155853,0.7360798440273089
9,0,0.16755786798354752,8.080691576910828,271,0.9971826426060968,-0.012705165474050128,0.012705165474050128,2.662922237230384,0.007285885421834948,14.338127347809683,2745.1732345,0.6190957630099962,9.005772257346184,19816741,2920782,1909132685,1.0257801439215528,1.176969493387415,204,0,0,271.0,271,271,200.08112865244138,0.00758498927156275,0.9999996655949862
9,0,0.0031580353491836694,6.887781501334055,118,0.9969015207498575,-0.009959779063462262,0.017604230730229972,2.699090975345375,0.043454623536826276,14.866211827771604,2262.1643725,0.5101668487242119,7.005601189953233,21493632,31064736,1879311840,1.1125815756665989,2.7205951922832283,204,0,0,117.0,117,117,95.84283238417916,0.045238544698883706,0.8240513158117387
9,0,0.0007685919384550913,8.779648794626626,439,0.9961571018979494,-0.012045389864119927,0.007463437482281543,2.6584548745204253,0.0028185227118764367,14.274216594913199,2745.2117905,0.6191044582194419,9.005931920246269,15216692,1208559,1915444957,0.7876663730817262,0.8502253894688147,204,0,0,439.0,439,439,300.45783923250673,0.0029342301303792065,1.0000137106055604
9,0,0.0035535349416550756,6.774362403819144,109,0.9996013830524046,-0.0056461055646010285,0.033053606266373964,2.701684132749765,0.04604778094121631,14.90481228194418,2262.1629445,0.5101665266794176,7.005595276512489,30148422,26799301,1874922485,1.5605821692965411,2.9478027438994494,204,0,0,109.0,109,109,89.75946450884275,0.047938157711301665,0.8240507956261619
9,0,0.004267141802112756,6.889878283469513,119,0.9974963128387027,-0.008337511905834536,0.017604230730229972,2.693732510908208,0.03809615909965913,14.786764807491203,2262.1647295,0.5101669292354104,7.005602668313419,20231032,31455587,1880183589,1.0472252181446757,2.6754705769550333,204,0,0,119.0,119,119,97.25967025903499,0.03966010187213292,0.824051445858133
9,0,0.029711782175177403,5.913928215212639,60,0.970870036009827,-0.02288186069823455,0.005350422230414585,2.9096658964767417,0.25402954466819283,18.350666520367174,2020.668892,0.45570441011208385,6.005552720858564,22006368,80199359,1829664481,1.1391224891232445,5.29050691794715,204,0,0,60.0,60,60,52.73591287004998,0.2644580938912084,0.7360804013689983
9,0,0.0019105919684865437,6.990405652461317,127,0.985046327585631,-0.01256711257172478,0.03191958842727,2.691850441400167,0.036214089591618315,14.75896126063544,2262.1661575,0.5101672512802047,7.005608581754163,34659842,15082373,1882127993,1.79410820957181,2.5748217863712717,204,0,0,127.0,127,127,104.12465157631681,0.037700768695681494,0.8240519660437098
9,0,0.0654852223901522,6.081950862016777,68,0.9868024815605893,-0.047044512143256334,0.011686639259533508,2.8219403041882463,0.16630395237969742,16.809434466778644,2262.1554475,0.5101648359442476,7.0055642309485835,45739455,45591703,1840539050,2.3676256722936118,4.72760321173709,204,0,0,67.0,67,67,58.39751688052672,0.17313114626235787,0.8240480646518835
9,0,0.04418494185938862,5.713271016550379,52,0.9509294319603274,-0.06358852879840496,0.03193059580182264,3.103678011463279,0.4480416596547303,22.279745929334148,2020.667668,0.45570413407368876,6.0055476521950695,74341150,41891163,1815637895,3.8481441295667,6.016569463035065,204,0,0,52.0,52,52,46.83194114042676,0.46643489225204077,0.7360799554956468
9,0,0.036617652674886876,5.5113600110960075,46,0.9643956094518283,-0.0463373514408162,0.03330446459025878,3.4441021694226213,0.7884658176140724,31.315155117522032,2020.66675,0.45570392704489243,6.005543850697448,62011870,71698655,1798159683,3.209939764234927,6.921299601096183,204,0,0,46.0,46,46,41.31154183487121,0.8208343147524413,0.7360796210906332
9,0,0.0310195044238503,5.781563590741548,55,0.9512315095056789,-0.05193835392675097,0.024122353170870314,3.0105914557102427,0.3549551039016938,20.299402572940053,2020.668127,0.4557042375880869,6.005549552943879,59221765,48321561,1824326882,3.065514689069629,5.566798719430327,204,0,0,55.0,55,55,50.00828707708574,0.3695269001777311,0.7360801226981536
9,0,0.00933166039089439,6.705777419651951,104,0.980342507017974,-0.04688850513898881,0.0279253947629573,2.7108562247719368,0.05521987296338793,15.042149463585888,2262.162052,0.5101663254014212,7.005591580612024,58257395,7957314,1865655499,3.015595704036034,3.4274926299810717,204,0,0,104.0,104,104,86.72815143214149,0.057486787089615,0.8240504705101764
9,0,0.13812938392209884,5.981936681554502,63,0.9704136259316535,-0.06421950672511317,0.01515177110956185,2.859202596928122,0.203566245119573,17.447608611356223,2020.669351,0.455704513626482,6.0055546216073745,61777863,37789398,1832302947,3.1978267869225303,5.1539311796250855,204,0,0,63.0,63,63,55.89267198913879,0.2119231494715719,0.7360805685715052
9,0,0.0015280585632909474,6.887781501334055,118,0.9969015207498575,-0.009959779063462262,0.01752435475296293,2.699090975345375,0.043454623536826276,14.866211827771604,2262.1643725,0.5101668487242119,7.005601189953233,21430978,31127390,1879311840,1.1093383971269357,2.7205951922832283,204,0,0,117.0,117,117,95.84283238417916,0.045238544698883706,0.8240513158117387
9,0,0.053144568976287505,5.665798102822449,51,0.9506985948713704,-0.05516822935631712,0.009286027747899234,3.138235331629915,0.4825989798213661,23.0631321478487,2020.667515,0.45570409956888935,6.005547018612132,50174261,65879160,1815816787,2.5971859181960117,6.007309420654413,204,0,0,51.0,51,51,46.64886401864668,0.5024108769871778,0.7360798997614778
9,0,0.013359287687409533,6.473062725321611,89,0.9877680948979966,-0.012942731408031267,0.03176372075451925,2.725391190402614,0.06975483859406495,15.262383257061867,2262.1593745,0.5101657215674319,7.005580492910629,34830033,33772875,1863267300,1.8029178593761925,3.551113719540314,204,0,0,89.0,89,89,75.5140060313341,0.07261844947354701,0.8240494951622199
9,0,0.013700761829508475,5.869869402027395,58,0.9705093473310201,-0.07607274303240602,0.033248189956838925,2.9497654164309144,0.29412906462236554,19.101472311069262,2020.668586,0.4557043411024851,6.00555145369269,85048328,28155073,1818666807,4.402383123245514,5.859782946660566,204,0,0,58.0,58,58,51.112665501249516,0.3062037995999066,0.7360802899006604
9,0,0.023625670963774305,5.911829427081881,60,0.9899929252614629,-0.04626858463120163,0.03917687839005565,2.934047758608372,0.27841140679982335,18.80358905146633,2020.668739,0.4557043756072845,6.005552087275627,66522888,37700650,1827646670,3.443444995658839,5.394955497962728,204,0,0,59.0,59,59,51.85526299980776,0.2898408925466618,0.7360803456348294
9,0,0.03583723318329332,5.841896009738373,57,0.9948368572770891,-0.003996373926035935,0.00542904837699387,2.9573017189312867,0.30166536712273784,19.245970592078223,2020.668433,0.4557043065976857,6.005550820109754,7358164,101098406,1823413638,0.38088293765954695,5.614071253383084,204,0,0,57.0,57,57,50.05247831362937,0.3140494861984448,0.7360802341664915
9,0,0.0009352142622509782,8.10573675877588,275,0.9900164390489016,-0.011911231370221974,0.0024452370441395005,2.6626023188648307,0.00696596705628183,14.333541051202854,2745.1741525,0.6190959700387926,9.005776058843804,11196510,10942093,1909731605,0.5795684385852903,1.1459674106636464,204,0,0,275.0,275,275,203.82359549211841,0.00725193745561954,1.0
9,0,0.009975812798993658,6.081950862016777,68,0.9806031413061059,-0.049781222065515,0.011729384338479594,2.820869190493734,0.16523283868518535,16.79143929048462,2262.155626,0.5101648761998469,7.005564970128677,47898252,42968849,1841003107,2.479372154591454,4.703582084537223,204,0,0,68.0,68,68,58.777702686466746,0.17201606066724953,0.8240481296750808
9,0,0.16839200728475534,7.00267537505608,128,0.9844677065271576,-0.002342221720612419,0.03348957293056077,2.6904915426204887,0.034855190811939885,14.73891894701099,2262.166336,0.510167291535804,7.005609320934256,27910296,22759609,1881200303,1.4447293552342,2.622842093126786,204,0,0,128.0,128,128,104.22714971405229,0.03628608371667935,0.8240520310669068
9,0,0.18859820249832154,6.019575074195444,65,0.9987693762436602,-0.07047468414508745,0.010793369213569456,2.8413307756462154,0.18569442383766654,17.13855794351499,2184.7298545,0.4927036950689006,6.68493982179573,63235554,39998094,1828636560,3.273281700713509,5.343715513211124,0,204,0,65.0,65,65,56.27391207708574,0.1933176451521796,0.7958438092207702
9,0,0.043778933325856965,5.6266377841813,49,0.9506714558173919,-0.07597006596408916,0.03318593081798009,3.214301658596827,0.5586653067882783,24.885906982362783,2020.667209,0.4557040305592906,6.005545751446259,84920764,38339201,1808610243,4.39577998813469,6.380344004973651,204,0,0,49.0,49,49,44.94948156958862,0.5815999172433044,0.7360797882931399
9,0,0.005404543213786925,6.733727896007258,106,0.9965238712611386,-0.029333561671464288,0.0058507871529826574,2.7051198854059724,0.049483533597423524,14.956109602323366,2262.1622305,0.5101663656570204,7.005592319792117,27418368,31160872,1873290968,1.4192655327702015,3.032255467133328,204,0,0,105.0,105,105,87.0130553753364,0.05151495662155844,0.8240505355333736
9,0,0.0007705699644898408,8.371358006994447,331,0.9950445889419367,-0.012705165474050128,0.015744582029331725,2.6612415453487337,0.00560519354018485,14.314049612872722,2745.1870045,0.6190988684419412,9.0058292798105,22184466,354153,1909331589,1.1483414314343006,1.1666735636103354,204,0,0,331.0,331,331,237.81027429354094,0.00583530077757213,1.0000046816701913
9,0,0.014853837815025263,6.358758944495136,82,0.9896026630651601,-0.014537718855868045,0.039739203644933836,2.7659974482563805,0.11036109644783165,15.894886413044855,2262.1579465,0.5101653995226376,7.005574579469886,42273971,33342438,1856253799,2.1882407433450104,3.9141557588531333,204,0,0,81.0,81,81,69.24394613850443,0.1148916959421364,0.8240489749766431
9,0,0.1722756848973233,7.882057714691924,236,0.9971826426060968,-0.010615810021879302,0.012407871333634494,2.6641377745806794,0.008501422772130507,14.355566473941588,2503.675204,0.5646327493178784,8.0057132285359,17957955,8134220,1905778033,0.9295632245704158,1.350617390958803,204,0,0,235.0,235,235,176.9635086264898,0.008850427475345759,0.9120278222494301
9,0,0.02392500032397652,6.399396838815453,84,0.9894549901696796,-0.034352065435332965,0.01313011909311311,2.7436286579648286,0.08799230615627973,15.543284151393348,2262.1583035,0.5101654800338362,7.005576057830071,36997062,36737902,1858135244,1.915090457257054,3.816765934619144,204,0,0,83.0,83,83,70.7983497933487,0.0916046107690995,0.8240491050230372
9,0,0.029731811193127847,5.919586311606504,61,0.9876770277829957,-0.033979593301025166,0.03217509730907331,2.883618275130383,0.2279819233218343,17.878846873469694,2020.669045,0.45570444461688325,6.005553354441501,51525207,48998032,1831346969,2.6671153572652435,5.203415766945768,204,0,0,61.0,61,61,53.55796748846598,0.2373411524320741,0.7360804571031673
9,0,0.09161309725326472,5.565005716414894,47,0.9367259273527296,-0.02852289004056708,0.0023439679324117734,3.3182739086365434,0.6626375568279945,27.612647448114803,2020.666903,0.45570396154969184,6.005544484280385,24048760,100211432,1807610016,1.2448434631070204,6.432119067079687,204,0,0,47.0,47,47,43.62837910899654,0.689840488626442,0.736079676824802
9,0,0.0008105966905474469,8.334987014508165,323,0.9868776290983616,-0.011895071220702245,0.012705165474050128,2.6613488749404857,0.00571252313193682,14.315586016423296,2745.1851685,0.6190984543843485,9.005821676815257,19186077,852366,1911831765,0.9931348866269177,1.0372561736818295,204,0,0,323.0,323,323,234.51711631343713,0.005947036517955881,1.000004012860164
9,0,0.0010484628443786508,7.3189023405708316,160,0.9972303699463836,-0.022943705329720582,0.008546440932092196,2.6768108157338197,0.021174463925270892,14.53865283877011,2503.6597,0.5646292528315405,8.005649025464965,24544664,14411274,1892914270,1.270513096498872,2.0164883664896807,204,0,0,159.0,159,159,125.8076641195694,0.02204372871730161,0.9120221745203103
9,0,0.06125760817055009,5.598581437364096,48,0.9480176674336737,-0.020578806750104834,0.002274631427865762,3.2886075130252066,0.6329711612166578,26.805511330240623,2020.667056,0.4557039960544912,6.0055451178633215,17814638,107931693,1806123877,0.9221446620082667,6.509046543565726,204,0,0,48.0,48,48,43.52336841599385,0.65895621315272,0.736079732558971
9,1,inf,5.5047810996619315,45,0.9505426773429856,-0.023773755141510856,0.005876165843168953,3.535425854241726,0.879789502433177,34.309622501888356,2020.666597,0.455703892540093,6.005543217114512,23111322,108682217,1800076669,1.1963185675877455,6.822070056996293,204,0,0,45.0,45,45,41.52317468041138,0.9159070656245011,0.7360795653564641
9,1,inf,5.507410687104014,45,0.9505426773429856,-0.018121058484637756,0.005411694806789314,3.535425854241726,0.879789502433177,34.309622501888356,2020.666597,0.455703892540093,6.005543217114512,18350884,113442655,1800076669,0.9499025309261356,6.822070056996293,204,0,0,45.0,45,45,41.52317468041138,0.9159070656245011,0.7360795653564641
9,1,inf,8.914917544230004,483,0.9975907246719704,-0.009976218594371403,0.0034690829550744233,2.6576076278351084,0.001971276026559554,14.262127933979746,2745.2218885,0.6191067355362015,9.005973736720101,10487658,3709826,1917672724,0.5428759114649591,0.7349087915537647,204,0,0,483.0,483,483,324.63017379133026,0.0020522018460423963,1.000017389060711
9,1,0.1698782580454321,8.10573675877588,275,0.9971826426060968,-0.012705165474050128,0.012705165474050128,2.6626363976967293,0.007000045888180484,14.334029529862194,2745.1741525,0.6190959700387926,9.005776058843804,19816741,2641389,1909412078,1.0257801439215528,1.1625071864041086,204,0,0,275.0,275,275,202.61769812091504,0.007287415308944549,1.0
9,1,0.16983651399149052,6.9974454100250485,128,0.9833734154977928,-0.03735312464544831,0.02383606092574125,2.691341096387005,0.03570474457845618,14.751445771468825,2262.166336,0.510167291535804,7.005609320934256,47666238,5544283,1878659687,2.4673623415595425,2.754352791385869,204,0,0,128.0,128,128,104.32431937235678,0.03717051379367869,0.8240520310669068
9,1,0.16898011904053223,7.024244421359714,130,0.982276161327083,-0.03534041603107774,0.03191958842727,2.6893852617779066,0.033748909969357754,14.722622579181344,2503.653784,0.5646279186459642,8.005624526924741,52384566,1142882,1878342760,2.711598625159812,2.7707579825155624,204,0,0,130.0,130,130,105.88353337658593,0.035134387273969225,0.9120200194657777
9,1,0.16770538567261792,7.916350507582627,242,0.9918121739579367,-0.012705165474050128,0.01383606660318942,2.6643864641436497,0.008750112335100813,14.359136997451747,2503.676632,0.5646330713626727,8.005719141976643,20696963,4632265,1906540980,1.0713433497909193,1.311124727484798,204,0,0,242.0,242,242,181.69473429690504,0.009109326367912248,0.912028342435007
9,1,0.13331236053628132,5.996862679121341,64,0.9604435597396077,-0.07131296974360785,0.06099212003493584,2.8607591182706877,0.2051227664621389,17.474787333179535,2020.669504,0.4557045481312814,6.005555255190312,102919174,3160187,1825790847,5.32743729748536,5.4910190426209,204,0,0,64.0,64,64,56.45430693723568,0.2135435699147673,0.7360806243056741
9,1,0.12823671454234042,6.015169091604567,65,0.9604435597396077,-0.07091337184972704,0.010713308971321667,2.8424294923186944,0.1867931405101455,17.157398711307277,2185.95345925,0.4929796443266027,6.69000684853462,63512916,38089259,1830268033,3.28763887641048,5.259265067562965,0,204,0,65.0,65,65,57.94654399750096,0.1944614668966535,0.7962895385923972
9,1,0.09571708134801567,5.519362565715423,46,0.9647309495845159,-0.013955446966001699,0.0012512790822319098,3.451169090848698,0.7955327390401492,31.537240664467273,2020.66675,0.45570392704489243,6.005543850697448,11857322,121899676,1798113210,0.6137742562051043,6.923705197487056,204,0,0,46.0,46,46,41.30157871972318,0.8281913510076546,0.7360796210906332
9,1,0.09162554725692851,5.565005716414894,47,0.9339851807491814,-0.02852289004056708,0.0023439679324117734,3.3673818277974914,0.7117454759889426,29.002494043759118,2020.666903,0.45570396154969184,6.005544484280385,24048760,99846342,1807975106,1.2448434631070204,6.41322079956212,204,0,0,47.0,47,47,43.70208273260285,0.7409644108978893,0.736079676824802
9,1,0.08307020569109164,5.598581437364096,48,0.9485076041861613,-0.004314263112769213,0.002274631427865762,3.290308310802704,0.6346719589941552,26.85114087665191,2020.667056,0.4557039960544912,6.0055451178633215,5143132,120661784,1806065292,0.2662255455207061,6.5120790971895355,204,0,0,48.0,48,48,43.50960267685505,0.6607268329399533,0.736079732558971
9,1,0.06417935660495638,6.023306975559584,65,0.9988102657967899,-0.012790874935943438,0.001348693791084184,2.84172200667433,0.186085654865781,17.145264390959255,2190.78536275,0.49406934276403774,6.7100160747445,11025302,84134335,1836710571,0.5707061454927721,4.925777964064965,0,204,0,65.0,65,65,56.2699382449058,0.19372493719414027,0.798049683206756
9,1,0.06384935150268518,6.063871749367607,67,0.9868024815605893,-0.048155369671055714,0.01018368324076384,2.8220746329661166,0.16643828115756776,16.81169260923062,2262.1554475,0.5101648359442476,7.0055642309485835,45428947,45920553,1840520708,2.351552749862583,4.728552654402754,204,0,0,67.0,67,67,58.39751688052672,0.1732709895730906,0.8240480646518835
9,1,0.058638493046180656,5.781563590741548,55,0.9512370790777155,-0.04003176369645094,0.026251994512512446,3.0106285311387233,0.35499217933017446,20.30015519594017,2020.668127,0.4557042375880869,6.005549552943879,51627582,55921212,1824321414,2.6724146263142745,5.567081761219437,204,0,0,55.0,55,55,50.007765943387156,0.36956549764543506,0.7360801226981536
9,1,0.0543298969396281,5.616752329568814,49,0.9819888416152808,-0.020578806750104834,0.03680452300730841,3.221541117270749,0.5659047654622,25.06672118630144,2020.667209,0.4557040305592906,6.005545751446259,44697132,80129742,1807043334,2.313671581812602,6.461452404156542,204,0,0,49.0,49,49,43.97031189926951,0.5891365738326402,0.7360797882931399
9,1,0.0534746022163915,5.726558805897192,53,0.9896150582253356,-0.05288720920417352,0.05790111630077045,3.0633336129162916,0.40769726110774274,21.3987736201553,2020.667821,0.45570416857848817,6.005548285778006,86213115,29946357,1815710736,4.462676355946994,6.012798971637747,204,0,0,53.0,53,53,47.00015468810073,0.4244342550708039,0.7360800112298157
9,1,0.05150016597617757,5.664778018107652,51,0.9512207997109524,-0.05193835392675097,0.02404247719360325,3.1401733003363823,0.48453694852783347,23.10787111357987,2020.667515,0.45570409956888935,6.005547018612132,59159535,56956995,1815753678,3.062293458174184,6.010576151500961,204,0,0,51.0,51,51,46.6322027585544,0.5044284041641942,0.7360798997614778
9,1,0.04634683196012119,5.634860304655035,50,0.9511428717643223,-0.005930817814029511,0.020072710157967185,3.194925133985138,0.5392887821765893,24.40834626827552,2020.667362,0.45570406506409,6.005546385029196,20276142,100650696,1810943370,1.0495602611415187,6.259573624523744,204,0,0,50.0,50,50,45.13105386149558,0.5614279377527432,0.7360798440273089
9,1,0.043767636531010436,5.713271016550379,52,0.9509294319603274,-0.00787102473871417,0.04858224330534908,3.1045099359986605,0.4488735841901117,22.298288708641902,2020.667668,0.45570413407368876,6.0055476521950695,43953526,72136753,1815779929,2.275180072552783,6.009217312802,204,0,0,52.0,52,52,46.83194114042676,0.467300969373801,0.7360799554956468
9,1,0.039126325829110874,5.913928215212639,60,0.970870036009827,-0.0714499804969751,0.0053297416060965825,2.9155848996489,0.2599485478403514,18.45960626299873,2020.668892,0.45570441011208385,6.005552720858564,59733308,48306004,1823830896,3.0919938488952567,5.5924725974137495,204,0,0,60.0,60,60,52.73591287004998,0.2706200869723268,0.7360804013689983
9,1,0.032109834126688004,5.821929661040571,57,0.9974284888435121,-0.05069353625567664,0.01167514144550256,2.9603864784408445,0.3047501266322956,19.305431446950394,2020.668433,0.4557043065976857,6.005550820109754,48565280,60177428,1823127500,2.5138997329576296,5.628882703904713,204,0,0,57.0,57,57,49.952127787389465,0.31726088281404713,0.7360802341664915
9,1,0.025519027479180154,5.900940619080016,60,0.9992000559874556,-0.050443874248007343,0.05794562022191533,2.9542560773065865,0.2986197254980376,19.187443434549962,2020.668739,0.4557043756072845,6.005552087275627,84351989,20995144,1826523075,4.366338310446165,5.453116496323132,204,0,0,59.0,59,59,51.4864880694925,0.3108788133548746,0.7360803456348294
9,1,0.017099454835563348,5.931749431904543,61,0.985046327585631,-0.001984224197732503,0.030988892741725636,2.885564844143583,0.2299284923350342,17.913683177420296,2020.669045,0.45570444461688325,6.005553354441501,25688260,74560445,1831621503,1.3297094128592721,5.189204977894664,204,0,0,61.0,61,61,53.66909061418685,0.2393676329799605,0.7360804571031673
9,1,0.014911549914834028,6.47259853108055,89,0.9870592613871711,-0.03624174272271695,0.03176372075451925,2.7293320652561532,0.0736957134476044,15.322649071464484,2262.1593745,0.5101657215674319,7.005580492910629,52964371,15612986,1863292851,2.741611252177869,3.549791115159637,204,0,0,89.0,89,89,75.55672547818146,0.07672110711280755,0.8240494951622199
9,1,0.014129509514337526,6.001538081105223,64,0.9963993856580492,-0.057912447260671227,0.012430253669211591,2.876231388749876,0.2205950369413272,17.747264453521446,2020.669351,0.455704513626482,6.0055546216073745,54758026,44130118,1832982064,2.834456775265929,5.118777834582146,204,0,0,63.0,63,63,54.79171322327951,0.2296510158594503,0.7360805685715052
9,1,0.01334968350249581,6.356599770215489,82,0.980342507017974,-0.04946800393155154,0.04255094980580053,2.7663387378716853,0.11070238606313643,15.900312098526467,2262.158125,0.5101654397782369,7.005575318649979,71632532,6134069,1854103607,3.70793709139284,4.025456817852641,204,0,0,82.0,82,82,69.84325139369473,0.11524699635117447,0.8240490399998401
9,1,0.012736255375274464,6.6992910446864355,104,0.9788470407736577,-0.06332419083844198,0.06674309185862634,2.719353387457135,0.06371703564858633,15.170509631007102,2262.162052,0.5101663254014212,7.005591580612024,101179854,229073,1830461281,5.237404333945814,5.24926191107762,204,0,0,104.0,104,104,86.8334609885621,0.06633277959078739,0.8240504705101764
9,1,0.011321761453642528,6.288742508359915,78,0.9370459706034869,-0.03192585956141486,0.03192585956141486,2.794246220740098,0.13860986893154914,16.350299590283008,2262.157411,0.5101652787558397,7.005572361929606,49733880,25601197,1856535131,2.5743903391671332,3.89959308280818,204,0,0,78.0,78,78,69.00496503748558,0.14430015130731166,0.8240487799070518
9,1,0.010947480636542143,6.295302552632422,79,0.9725374744036883,-0.012514954073162351,0.008376218652069382,2.780541720481168,0.12490536867261914,16.127755317391255,2262.1575895,0.510165319011439,7.005573101109699,16292773,59899849,1855677586,0.8433678894436369,3.9439824520550815,204,0,0,79.0,79,79,68.60793324682814,0.13003304697918272,0.8240488449302489
9,1,0.009939757436456018,6.7181489858363515,105,0.9972487294767167,-0.0056461055646010285,0.020072710157967185,2.70697529116781,0.05133893935926137,14.983885013615128,2262.1622305,0.5101663656570204,7.005592319792117,20054051,38568188,1873247969,1.0380640954529383,3.034481237778889,204,0,0,105.0,105,105,86.96620290272972,0.053446531438225184,0.8240505355333736
9,1,0.009738390342101324,6.206639241558089,74,0.9897769882300932,-0.019086615268934133,0.03917687839005565,2.800417320053928,0.14478096824537934,16.451510884140788,2262.1565185,0.5101650774778433,7.005568666029141,45380060,38600124,1847890024,2.349022196836942,4.3470924522896315,204,0,0,73.0,73,73,62.99698883842753,0.150724589708288,0.8240484547910663
9,1,0.009225907168980401,6.443531910033154,87,0.9816082140419141,-0.01791545485537656,0.0026235885090504403,2.745528971677183,0.08989261986863406,15.572849350080363,2262.1590175,0.5101656410562333,7.0055790145504435,16013231,53741907,1862115070,0.8288978697268673,3.610756960335091,204,0,0,87.0,87,87,74.34728079344482,0.09358293712015829,0.8240493651158257
9,1,0.00920992891247028,6.399396838815453,84,0.9859148752882716,-0.04985632440777221,0.05193835392675097,2.7515905312229263,0.09595417941437745,15.667531775386625,2262.158482,0.5101655202894354,7.005576797010164,79228076,2132640,1850509492,4.101107604015601,4.211500113365794,204,0,0,84.0,84,84,71.07622819348327,0.09989333887114041,0.8240491700462343
9,1,0.008929247684094576,6.153319258414609,71,0.9995951364294793,-0.012833115334877864,0.060177106727489604,2.8113417800135534,0.15570542820500455,16.632220033798284,2262.1561615,0.5101649969666447,7.005567187668955,56824517,34897572,1840148119,2.941425193301599,4.747839094995765,204,0,0,71.0,71,71,60.94497308727413,0.16209752611805459,0.824048324744672
9,1,0.008090303296777481,6.316858384192603,80,0.9791655705518957,-0.03192585956141486,0.061218723544140694,2.775026857183221,0.119390505374672,16.03905775378395,2262.157768,0.5101653592670383,7.0055738402897925,72496058,13923225,1845450925,3.7526360570078214,4.473348294421236,204,0,0,80.0,80,80,68.34227370482506,0.12429178472659443,0.8240489099534459
9,1,0.006830780739870329,6.762193601854054,109,0.9993475761554191,-0.0038196501683112165,0.03917687839005565,2.7019038682573298,0.04626751644878091,14.908087758292158,2262.1629445,0.5101665266794176,7.005595276512489,33484124,26114440,1872271644,1.73324915210867,3.0850190532054627,204,0,0,109.0,109,109,89.77726114955786,0.04816691391195011,0.8240507956261619
9,1,0.006278686706456199,7.568420714113126,190,0.9810752110118318,-0.0355401190643484,0.03277985336936002,2.672569023322407,0.016932671513858022,14.47711350230373,2503.666024,0.5646306790299152,8.00567521355969,53208217,138511,1878523480,2.754233528715403,2.761403316800877,204,0,0,190.0,190,190,148.47796220203767,0.017627800100535097,0.9120244781992933
9,1,0.006113861423628218,6.104829070178258,69,0.983766329459332,-0.048680091376658054,0.012432634178630851,2.816092967754116,0.16045661594556737,16.711430857461075,2262.1558045,0.5101649164554461,7.00556570930877,47591272,40899925,1843379011,2.463481853124576,4.580597424896983,204,0,0,69.0,69,69,60.12689530469051,0.16704376201840906,0.8240481946982778
9,1,0.006018831943751562,6.889878283469513,119,0.9969015207498575,-0.008337511905834536,0.017604230730229972,2.694985951105443,0.03934959929689397,14.805310753576983,2262.1647295,0.5101669292354104,7.005602668313419,20231032,31424256,1880214920,1.0472252181446757,2.673848780631954,204,0,0,119.0,119,119,97.30679155853518,0.04096499892967919,0.824051445858133
9,1,0.005348029824008465,7.231172161000454,150,0.9866323244447184,-0.014537718855868045,0.03967480585763616,2.6829920900584314,0.027355738249882577,14.62879856097096,2503.657864,0.5646288387739479,8.005641422469724,42224029,9167944,1880478235,2.1856555800253843,2.660218724176319,204,0,0,150.0,150,150,119.88480241974241,0.02847875983874326,0.9120215057102828
10,0,0.010438568447887533,5.6266377841813,49,0.9506714558173919,-0.07597006596408916,0.033216660224625924,3.214301658596827,0.5586653067882783,24.885906982362783,2020.667209,0.4557040305592906,6.005545751446259,84944521,38315444,1808610243,4.397009729133936,6.380344004973651,204,0,0,49.0,49,49,44.94948156958862,0.5815999172433044,0.7360797882931399
10,0,0.0010701305759061154,8.444648241685547,348,0.9971826426060968,-0.02267547139406055,0.012705165474050128,2.6600474370183975,0.004411085209848675,14.296967288092105,2745.1906765,0.6190996965571265,9.005844485800983,27580033,209493,1904080682,1.4276338485778854,1.4384779000639778,204,0,0,347.0,347,347,247.0665444180123,0.00459217130870347,1.000006019290246
10,0,0.0008286029702945319,8.727154858124994,424,0.9991410918579327,-0.012702587324349125,0.013373591628841533,2.659050498407063,0.003414146598514023,14.282721191799263,2745.2081185,0.6191036301042566,9.005916714255784,20334423,104061,1911431724,1.0525770787185305,1.0579636207113143,204,0,0,423.0,423,423,290.73389141195696,0.003554305869766115,1.000012372985506
10,0,0.002330826141752532,6.188647703940861,73,0.989253560534479,-0.011357513803176778,0.05505996866409569,2.799900399689332,0.14426404788078306,16.443008960734385,2262.1565185,0.5101650774778433,7.005568666029141,51704386,34965626,1845200196,2.676390255716392,4.486326857834126,204,0,0,73.0,73,73,63.02280973663975,0.15018644846769635,0.8240484547910663
10,0,0.0037836978749133197,7.231172161000454,150,0.9896026630651601,-0.014537718855868045,0.039908892401253615,2.6807469627481004,0.02511061093955158,14.595991887164487,2503.657864,0.5646288387739479,8.005641422469724,42406215,9230165,1880233828,2.195086130755219,2.672870039931792,204,0,0,150.0,150,150,119.58046484525183,0.02614146442765727,0.9120215057102828
10,0,0.00743134367200959,6.643823557282648,100,0.9560889123643449,-0.00680060636854284,0.012432634178630851,2.7209574779068837,0.06532112609833485,15.194864028730212,2262.161338,0.5101661643790241,7.0055886238916525,15004973,44648316,1872216919,0.7767070964634908,3.0878518004455917,204,0,0,100.0,100,100,85.36262795559401,0.06800272197218907,0.824050210417388
10,0,0.06431677356424687,5.519362565715423,46,0.9643956094518283,-0.0049247292181199,0.03264478632574076,3.4441021694226213,0.7884658176140724,31.315155117522032,2020.66675,0.45570392704489243,6.005543850697448,29268729,104441796,1798159683,1.5150463462191348,6.921299601096183,204,0,0,46.0,46,46,41.31154183487121,0.8208343147524413,0.7360796210906332
10,0,0.00201321453090551,7.286924025217073,156,0.9935380536513516,-0.02933873069582877,0.0032896610082907077,2.6785369709054025,0.022900619096853703,14.563770481793567,2503.659088,0.564629114812343,8.005646491133218,25422241,17503081,1888944886,1.315939388408437,2.2219568282715607,204,0,0,156.0,156,156,123.4193474264706,0.023840746883174817,0.9120219515836344
10,0,0.002099907622571813,7.5033399738113,181,0.982276161327083,-0.033176523298833145,0.033176523298833145,2.6743933170320466,0.01875696522349779,14.503548114316628,2503.664188,0.5646302649723226,8.005667610564446,51678105,175884,1880016219,2.6750298641180765,2.6841342024567316,204,0,0,181.0,181,181,142.77698331170703,0.019526985637316727,0.9120238093892661
10,0,0.008512705460386365,6.288742508359915,78,0.9972303699463836,-0.02399980670031849,0.008376218652069382,2.7753207510019666,0.11968439919341778,16.04377222645955,2262.1572325,0.5101652385002404,7.005571622749513,25234610,54931087,1851704511,1.306226986445665,4.149641972220941,204,0,0,77.0,77,77,65.73587232074202,0.12459774362288516,0.8240487148838547
10,0,0.027239070589203995,5.781563590741548,55,0.9512315095056789,-0.05193835392675097,0.02404247719360325,3.0105914557102427,0.3549551039016938,20.299402572940053,2020.668127,0.4557042375880869,6.005549552943879,59159535,48383791,1824326882,3.062293458174184,5.566798719430327,204,0,0,55.0,55,55,50.00828707708574,0.3695269001777311,0.7360801226981536
10,0,0.0979837544377591,5.505067348355028,45,0.9656713726246586,-0.07145052468874452,0.0011938742971826068,3.506253174007026,0.8506168221984773,33.32317743701592,2020.666597,0.455703892540093,6.005543217114512,56504482,77435519,1797930207,2.924859121798725,6.933178038842659,204,0,0,45.0,45,45,41.108538482795076,0.885536773780521,0.7360795653564641
10,0,0.0,5.519362565715423,46,0.9643956094518283,-0.013555217895462672,0.0012075289904233052,3.4441021694226213,0.7884658176140724,31.315155117522032,2020.66675,0.45570392704489243,6.005543850697448,11510843,122199682,1798159683,0.5958393556840854,6.921299601096183,204,0,0,46.0,46,46,41.31154183487121,0.8208343147524413,0.7360796210906332
10,0,inf,8.914917544230004,483,0.9975907246719704,-0.005797908375803752,0.009008741550810287,2.6576026018270356,0.001966250018486715,14.26205625258975,2745.2218885,0.6191067355362015,9.005973736720101,11552336,1960907,1918356965,0.5979871707820239,0.6994902113009861,204,0,0,483.0,483,483,324.6301828022876,0.0020469695077466247,1.000017389060711
10,0,0.030120746458418286,7.053535739892508,133,0.9894830652016622,-0.035765257859323385,0.0056202557240929,2.6868666018517238,0.031230250043174923,14.685587958068766,2503.654396,0.5646280566651617,8.005627061256488,32242361,18829850,1880797997,1.6689713867154372,2.643666784057576,204,0,0,133.0,133,133,108.09352022058823,0.0325123300478757,0.9120202424024535
10,0,0.0026113685315565164,6.188647703940861,73,0.989253560534479,-0.012943134309118372,0.05505996866409569,2.799900399689332,0.14426404788078306,16.443008960734385,2262.1565185,0.5101650774778433,7.005568666029141,52938805,33731207,1845200196,2.7402878713475145,4.486326857834126,204,0,0,73.0,73,73,63.02280973663975,0.15018644846769635,0.8240484547910663
10,0,0.0026112453525773908,6.104829070178258,69,0.9899042652213559,-0.013028519070059565,0.012432634178630851,2.8050087638523267,0.14937241204377782,16.527220747549972,2262.1558045,0.5101649164554461,7.00556570930877,19856921,69056556,1842956731,1.0278599937910529,4.60245603621835,204,0,0,69.0,69,69,59.84182916426374,0.1555045237774495,0.8240481946982778
10,0,0.03888124365696515,5.640976170690971,50,0.9511388764236434,-0.002195983115443963,0.0016289502386101385,3.193879990794336,0.538243638985787,24.382849377646206,2020.667362,0.45570406506409,6.005546385029196,2987217,117939621,1810943370,0.15462824508757061,6.259573624523744,204,0,0,50.0,50,50,45.131041846885815,0.5603398888155853,0.7360798440273089
10,0,0.1668160790097905,8.080691576910828,271,0.9971826426060968,-0.012705165474050128,0.012705165474050128,2.662922237230384,0.007285885421834948,14.338127347809683,2745.1732345,0.6190957630099962,9.005772257346184,19816741,2920782,1909132685,1.0257801439215528,1.176969493387415,204,0,0,271.0,271,271,200.08112865244138,0.00758498927156275,0.9999996655949862
10,0,0.0020474333713024245,6.887781501334055,118,0.9969015207498575,-0.009959779063462262,0.017604230730229972,2.699090975345375,0.043454623536826276,14.866211827771604,2262.1643725,0.5101668487242119,7.005601189953233,21493632,31064736,1879311840,1.1125815756665989,2.7205951922832283,204,0,0,117.0,117,117,95.84283238417916,0.045238544698883706,0.8240513158117387
10,0,0.0007257149916386552,8.779648794626626,439,0.9961571018979494,-0.012045389864119927,0.007463437482281543,2.6584548745204253,0.0028185227118764367,14.274216594913199,2745.2117905,0.6191044582194419,9.005931920246269,15216692,1208559,1915444957,0.7876663730817262,0.8502253894688147,204,0,0,439.0,439,439,300.45783923250673,0.0029342301303792065,1.0000137106055604
10,0,0.003083134082910545,6.774362403819144,109,0.9996013830524046,-0.0056461055646010285,0.033053606266373964,2.701684132749765,0.04604778094121631,14.90481228194418,2262.1629445,0.5101665266794176,7.005595276512489,30148422,26799301,1874922485,1.5605821692965411,2.9478027438994494,204,0,0,109.0,109,109,89.75946450884275,0.047938157711301665,0.8240507956261619
10,0,0.001655633845883019,6.889878283469513,119,0.9974963128387027,-0.008337511905834536,0.017604230730229972,2.693732510908208,0.03809615909965913,14.786764807491203,2262.1647295,0.5101669292354104,7.005602668313419,20231032,31455587,1880183589,1.0472252181446757,2.6754705769550333,204,0,0,119.0,119,119,97.25967025903499,0.03966010187213292,0.824051445858133
10,0,0.025777062287140565,5.913928215212639,60,0.970870036009827,-0.02288186069823455,0.005350422230414585,2.9096658964767417,0.25402954466819283,18.350666520367174,2020.668892,0.45570441011208385,6.005552720858564,22006368,80199359,1829664481,1.1391224891232445,5.29050691794715,204,0,0,60.0,60,60,52.73591287004998,0.2644580938912084,0.7360804013689983
10,0,0.0016577180243103641,6.990405652461317,127,0.985046327585631,-0.01256711257172478,0.03191958842727,2.691850441400167,0.036214089591618315,14.75896126063544,2262.1661575,0.5101672512802047,7.005608581754163,34659842,15082373,1882127993,1.79410820957181,2.5748217863712717,204,0,0,127.0,127,127,104.12465157631681,0.037700768695681494,0.8240519660437098
10,0,0.06388871238339973,6.081950862016777,68,0.9868024815605893,-0.047044512143256334,0.011686639259533508,2.8219403041882463,0.16630395237969742,16.809434466778644,2262.1554475,0.5101648359442476,7.0055642309485835,45739455,45591703,1840539050,2.3676256722936118,4.72760321173709,204,0,0,67.0,67,67,58.39751688052672,0.17313114626235787,0.8240480646518835
10,0,0.03176837053015071,5.5113600110960075,46,0.9643956094518283,-0.0463373514408162,0.03330446459025878,3.4441021694226213,0.7884658176140724,31.315155117522032,2020.66675,0.45570392704489243,6.005543850697448,62011870,71698655,1798159683,3.209939764234927,6.921299601096183,204,0,0,46.0,46,46,41.31154183487121,0.8208343147524413,0.7360796210906332
10,0,0.02484419907333684,5.781563590741548,55,0.9512315095056789,-0.05193835392675097,0.024122353170870314,3.0105914557102427,0.3549551039016938,20.299402572940053,2020.668127,0.4557042375880869,6.005549552943879,59221765,48321561,1824326882,3.065514689069629,5.566798719430327,204,0,0,55.0,55,55,50.00828707708574,0.3695269001777311,0.7360801226981536
10,0,0.00809594497403888,6.705777419651951,104,0.980342507017974,-0.04688850513898881,0.0279253947629573,2.7108562247719368,0.05521987296338793,15.042149463585888,2262.162052,0.5101663254014212,7.005591580612024,58257395,7957314,1865655499,3.015595704036034,3.4274926299810717,204,0,0,104.0,104,104,86.72815143214149,0.057486787089615,0.8240504705101764
10,0,0.0013256063634559028,6.887781501334055,118,0.9969015207498575,-0.009959779063462262,0.01752435475296293,2.699090975345375,0.043454623536826276,14.866211827771604,2262.1643725,0.5101668487242119,7.005601189953233,21430978,31127390,1879311840,1.1093383971269357,2.7205951922832283,204,0,0,117.0,117,117,95.84283238417916,0.045238544698883706,0.8240513158117387
10,0,0.046325555600073044,5.665798102822449,51,0.9506985948713704,-0.05516822935631712,0.009286027747899234,3.138235331629915,0.4825989798213661,23.0631321478487,2020.667515,0.45570409956888935,6.005547018612132,50174261,65879160,1815816787,2.5971859181960117,6.007309420654413,204,0,0,51.0,51,51,46.64886401864668,0.5024108769871778,0.7360798997614778
10,0,0.002267015447205043,6.473062725321611,89,0.9877680948979966,-0.012942731408031267,0.03176372075451925,2.725391190402614,0.06975483859406495,15.262383257061867,2262.1593745,0.5101657215674319,7.005580492910629,34830033,33772875,1863267300,1.8029178593761925,3.551113719540314,204,0,0,89.0,89,89,75.5140060313341,0.07261844947354701,0.8240494951622199
10,0,0.01188639027840308,5.869869402027395,58,0.9705093473310201,-0.07607274303240602,0.033248189956838925,2.9497654164309144,0.29412906462236554,19.101472311069262,2020.668586,0.4557043411024851,6.00555145369269,85048328,28155073,1818666807,4.402383123245514,5.859782946660566,204,0,0,58.0,58,58,51.112665501249516,0.3062037995999066,0.7360802899006604
10,0,0.02049693817130499,5.911829427081881,60,0.9899929252614629,-0.04626858463120163,0.03917687839005565,2.934047758608372,0.27841140679982335,18.80358905146633,2020.668739,0.4557043756072845,6.005552087275627,66522888,37700650,1827646670,3.443444995658839,5.394955497962728,204,0,0,59.0,59,59,51.85526299980776,0.2898408925466618,0.7360803456348294
10,0,0.0038523653835511496,5.841896009738373,57,0.9948368572770891,-0.003996373926035935,0.00542904837699387,2.9573017189312867,0.30166536712273784,19.245970592078223,2020.668433,0.4557043065976857,6.005550820109754,7358164,101098406,1823413638,0.38088293765954695,5.614071253383084,204,0,0,57.0,57,57,50.05247831362937,0.3140494861984448,0.7360802341664915
10,0,0.0009329676454052275,8.10573675877588,275,0.9900164390489016,-0.011911231370221974,0.0024452370441395005,2.6626023188648307,0.00696596705628183,14.333541051202854,2745.1741525,0.6190959700387926,9.005776058843804,11196510,10942093,1909731605,0.5795684385852903,1.1459674106636464,204,0,0,275.0,275,275,203.82359549211841,0.00725193745561954,1.0
10,0,0.008654742982250697,6.081950862016777,68,0.9806031413061059,-0.049781222065515,0.011729384338479594,2.820869190493734,0.16523283868518535,16.79143929048462,2262.155626,0.5101648761998469,7.005564970128677,47898252,42968849,1841003107,2.479372154591454,4.703582084537223,204,0,0,68.0,68,68,58.777702686466746,0.17201606066724953,0.8240481296750808
10,0,0.139549723235266,7.00267537505608,128,0.9844677065271576,-0.002342221720612419,0.03348957293056077,2.6904915426204887,0.034855190811939885,14.73891894701099,2262.166336,0.510167291535804,7.005609320934256,27910296,22759609,1881200303,1.4447293552342,2.622842093126786,204,0,0,128.0,128,128,104.22714971405229,0.03628608371667935,0.8240520310669068
10,0,0.12312596627534751,6.019575074195444,65,0.9987693762436602,-0.07047468414508745,0.010793369213569456,2.8413307756462154,0.18569442383766654,17.13855794351499,2184.7298545,0.4927036950689006,6.68493982179573,63235554,39998094,1828636560,3.273281700713509,5.343715513211124,0,204,0,65.0,65,65,56.27391207708574,0.1933176451521796,0.7958438092207702
10,0,0.03798127879817699,5.6266377841813,49,0.9506714558173919,-0.07597006596408916,0.03318593081798009,3.214301658596827,0.5586653067882783,24.885906982362783,2020.667209,0.4557040305592906,6.005545751446259,84920764,38339201,1808610243,4.39577998813469,6.380344004973651,204,0,0,49.0,49,49,44.94948156958862,0.5815999172433044,0.7360797882931399
10,0,0.00468889811073041,6.733727896007258,106,0.9965238712611386,-0.029333561671464288,0.0058507871529826574,2.7051198854059724,0.049483533597423524,14.956109602323366,2262.1622305,0.5101663656570204,7.005592319792117,27418368,31160872,1873290968,1.4192655327702015,3.032255467133328,204,0,0,105.0,105,105,87.0130553753364,0.05151495662155844,0.8240505355333736
10,0,0.0170099668301627,6.399396838815453,84,0.9894549901696796,-0.034352065435332965,0.01313011909311311,2.7436286579648286,0.08799230615627973,15.543284151393348,2262.1583035,0.5101654800338362,7.005576057830071,36997062,36737902,1858135244,1.915090457257054,3.816765934619144,204,0,0,83.0,83,83,70.7983497933487,0.0916046107690995,0.8240491050230372
10,0,0.026220771149652933,5.919586311606504,61,0.9876770277829957,-0.033979593301025166,0.03217509730907331,2.883618275130383,0.2279819233218343,17.878846873469694,2020.669045,0.45570444461688325,6.005553354441501,51525207,48998032,1831346969,2.6671153572652435,5.203415766945768,204,0,0,61.0,61,61,53.55796748846598,0.2373411524320741,0.7360804571031673
10,0,0.0794807517519922,5.565005716414894,47,0.9367259273527296,-0.02852289004056708,0.0023439679324117734,3.3182739086365434,0.6626375568279945,27.612647448114803,2020.666903,0.45570396154969184,6.005544484280385,24048760,100211432,1807610016,1.2448434631070204,6.432119067079687,204,0,0,47.0,47,47,43.62837910899654,0.689840488626442,0.736079676824802
10,0,0.0018615658226625712,7.3189023405708316,160,0.9972303699463836,-0.022943705329720582,0.008546440932092196,2.6768108157338197,0.021174463925270892,14.53865283877011,2503.6597,0.5646292528315405,8.005649025464965,24544664,14411274,1892914270,1.270513096498872,2.0164883664896807,204,0,0,159.0,159,159,125.8076641195694,0.02204372871730161,0.9120221745203103
10,0,0.05314525698592249,5.598581437364096,48,0.9480176674336737,-0.020578806750104834,0.002274631427865762,3.2886075130252066,0.6329711612166578,26.805511330240623,2020.667056,0.4557039960544912,6.0055451178633215,17814638,107931693,1806123877,0.9221446620082667,6.509046543565726,204,0,0,48.0,48,48,43.52336841599385,0.65895621315272,0.736079732558971
10,0,0.009323371650146229,6.473062725321611,89,0.9877680948979966,-0.012942731408031267,0.029884632595971194,2.725391190402614,0.06975483859406495,15.262383257061867,2262.1593745,0.5101657215674319,7.005580492910629,33371795,35231113,1863267300,1.7274346310536406,3.551113719540314,204,0,0,89.0,89,89,75.5140060313341,0.07261844947354701,0.8240494951622199
10,0,0.040400936455008855,5.712013244487943,52,0.9509356044234223,-0.05111870042734469,0.03193762067670734,3.103249712460904,0.44761336065235513,22.27020557958642,2020.667668,0.45570413407368876,6.0055476521950695,64662831,51427448,1815779929,3.3471622851383604,6.009217312802,204,0,0,52.0,52,52,46.83186905276817,0.46598901050261043,0.7360799554956468
10,0,0.1348299118797433,5.981936681554502,63,0.9704136259316535,-0.06136893485325132,0.005718731621254434,2.858368553530605,0.20273220172205608,17.43306261543061,2020.669351,0.455704513626482,6.0055546216073745,52212250,45912998,1833744960,2.7026789783177816,5.0792878110370445,204,0,0,63.0,63,63,55.89267198913879,0.21105486650307712,0.7360805685715052
10,0,inf,5.456454789203393,44,0.9456130339215939,-0.03220390204415048,0.03192585956141486,3.635795850432321,0.980159498623772,37.93202910943915,2020.666444,0.4557038580352937,6.005542583531574,49949691,87376256,1794544261,2.5855614312573945,7.108445817494588,204,0,0,44.0,44,44,40.154464328623604,1.0203975016133673,0.7360795096222952
10,0,0.0031304249544132925,7.0739126148032945,135,0.9996013830524046,-0.02558436369270917,0.0064210656309246425,2.6859335626808094,0.03029721087226056,14.671892119626442,2503.654804,0.5646281486779601,8.005628750810986,24944776,20792308,1886133124,1.2912242187234972,2.367502941481253,204,0,0,135.0,135,135,108.62157883986929,0.03154098728147369,0.9120203910269039
10,0,0.005264036111104966,7.541360621409137,186,0.9985315934509604,-0.012705165474050128,0.011870636566465639,2.670794784702437,0.015158432893888296,14.451450421369024,2503.665004,0.5646304489979193,8.005670989673442,19165635,14042803,1898661770,0.992076741006402,1.7189787317223333,204,0,0,185.0,185,185,143.5872155541138,0.015780724540256332,0.912024106638167
10,0,0.001317321623228074,8.334987014508165,323,0.9868776290983616,-0.01222784628301632,0.012544088090253598,2.661113103541387,0.005476751732838014,14.312211208536507,2745.1851685,0.6190984543843485,9.005821676815257,19319680,781476,1911769052,1.000050620377909,1.0405024062568908,204,0,0,323.0,323,323,234.51711631343713,0.0057015861122513955,1.000004012860164
10,0,0.008107493384762576,6.104829070178258,69,0.9899042652213559,-0.013028519070059565,0.010841906423216663,2.8050087638523267,0.14937241204377782,16.527220747549972,2262.1558045,0.5101649164554461,7.00556570930877,18616042,70297435,1842956731,0.9636279871654815,4.60245603621835,204,0,0,69.0,69,69,59.84182916426374,0.1555045237774495,0.8240481946982778
10,0,0.0012387929348548349,7.479982926085743,179,0.980187678068896,-0.033176523298833145,0.033176523298833145,2.6749013631473124,0.01926501133876357,14.5109184576723,2503.66378,0.5646301729595242,8.005665921009948,51678105,182124,1880009979,2.6750298641180765,2.6844572055225773,204,0,0,179.0,179,179,141.63665116782008,0.020055888318410434,0.9120236607648154
10,0,0.0006076009262849122,8.089843136205946,272,0.9971826426060968,-0.012705165474050128,0.012705165474050128,2.662922237230384,0.007285885421834948,14.338127347809683,2745.1732345,0.6190957630099962,9.005772257346184,19816741,2920782,1909132685,1.0257801439215528,1.176969493387415,204,0,0,271.0,271,271,200.08112865244138,0.00758498927156275,0.9999996655949862
10,0,0.002739206397197573,6.88516416632553,118,0.982276161327083,-0.020793317561588934,0.026422613720927097,2.6950873322293534,0.03945098042080453,14.806811808709067,2262.164551,0.5101668889798112,7.005601929133326,36792785,14990852,1880086571,1.904516403205489,2.6804925499425685,204,0,0,118.0,118,118,97.05827836649365,0.04107054200271408,0.8240513808349358
10,0,0.01620003971427728,6.328659507011301,80,0.9868024815605893,-0.048155369671055714,0.01018368324076384,2.7586670909559197,0.10303073914737082,15.778797223833728,2262.157768,0.5101653592670383,7.0055738402897925,45428947,33255348,1853185913,2.351552749862583,4.072959698543061,204,0,0,80.0,80,80,67.91986555651673,0.1072604091099158,0.8240489099534459
10,0,0.0004426045668696751,8.824068915672326,453,0.9979249944704289,-0.005797908375803752,0.008447924506514451,2.6576400145589867,0.00200366275043784,14.262589845058914,2745.2150035,0.6191051828202291,9.005945225487944,11115082,2666767,1918088359,0.575353455629251,0.7133941474395364,204,0,0,453.0,453,453,307.8837211048635,0.002085918126073602,1.0000148810231084
10,0,0.17068361731484205,7.882057714691924,236,0.9971826426060968,-0.010569291192333399,0.013103942841554944,2.6641097001232747,0.008473348314725904,14.355163454859394,2503.675204,0.5646327493178784,8.0057132285359,18463607,7629286,1905777315,0.9557374467260277,1.3506545570167,204,0,0,235.0,235,235,176.9635086264898,0.008821200491130403,0.9120278222494301
10,0,0.010233836118109739,6.288742508359915,78,0.9972303699463836,-0.023667031643004537,0.008537296035866539,2.7753207510019666,0.11968439919341778,16.04377222645955,2262.1572325,0.5101652385002404,7.005571622749513,25100594,55065103,1851704511,1.2992898744468862,4.149641972220941,204,0,0,77.0,77,77,65.73587232074202,0.12459774362288516,0.8240487148838547
10,0,0.062138522296386854,6.019575074195444,65,0.9987693762436602,-0.07047468414508745,0.012384096968983646,2.8413307756462154,0.18569442383766654,17.13855794351499,2184.7298545,0.4927036950689006,6.68493982179573,64475916,38757732,1828636560,3.337486945706862,5.343715513211124,0,204,0,65.0,65,65,56.27391207708574,0.1933176451521796,0.7958438092207702
10,0,0.027238965007221887,5.832746178294878,57,0.9948368572770891,-0.003631748318838835,0.00542904837699387,2.9573017189312867,0.30166536712273784,19.245970592078223,2020.668433,0.4557043065976857,6.005550820109754,7073427,101383143,1823413638,0.3661440075377983,5.614071253383084,204,0,0,57.0,57,57,50.05247831362937,0.3140494861984448,0.7360802341664915
10,0,0.012564292722925205,6.236776974528423,75,0.989519534404089,-0.019086615268934133,0.03917687839005565,2.795341366841028,0.139705015032479,16.368215365533448,2262.1568755,0.5101651579890419,7.005570144389328,45380060,36320498,1850169650,2.349022196836942,4.229091460786169,204,0,0,75.0,75,75,64.57665621395617,0.14544025589932907,0.8240485848374604
10,0,0.047362255137350116,5.7302907072613305,53,0.9891357840709754,-0.04619128241072416,0.058174897964067204,3.0591958981930016,0.4035595463844528,21.310414527909263,2020.667821,0.45570416857848817,6.005548285778006,81226060,34892786,1815751362,4.204529872847441,6.0106960353311685,204,0,0,53.0,53,53,47.018440924163784,0.4201266767920012,0.7360800112298157
10,0,0.16849854903077283,7.0268617563682385,130,0.9969015207498575,-0.009959779063462262,0.017604230730229972,2.688581342748391,0.03294499093984227,14.710791538961939,2461.967733875,0.555226815398755,7.832999885984059,21493632,26147335,1884229241,1.1125815756665989,2.466054230906179,0,204,0,129.0,129,129,104.55886407871972,0.03429746535425224,0.8968348079603301
10,1,inf,5.5047810996619315,45,0.9505426773429856,-0.023773755141510856,0.005876165843168953,3.535425854241726,0.879789502433177,34.309622501888356,2020.666597,0.455703892540093,6.005543217114512,23111322,108682217,1800076669,1.1963185675877455,6.822070056996293,204,0,0,45.0,45,45,41.52317468041138,0.9159070656245011,0.7360795653564641
10,1,inf,5.507410687104014,45,0.9505426773429856,-0.05071017379503582,0.01821035895221178,3.535425854241726,0.879789502433177,34.309622501888356,2020.666597,0.455703892540093,6.005543217114512,53669480,78124059,1800076669,2.7781100292220047,6.822070056996293,204,0,0,45.0,45,45,41.52317468041138,0.9159070656245011,0.7360795653564641
10,1,inf,8.914917544230004,483,0.9975907246719704,-0.009976218594371403,0.0034690829550744233,2.6576076278351084,0.001971276026559554,14.262127933979746,2745.2218885,0.6191067355362015,9.005973736720101,10487658,3709826,1917672724,0.5428759114649591,0.7349087915537647,204,0,0,483.0,483,483,324.63017379133026,0.0020522018460423963,1.000017389060711
10,1,0.17155785999629533,7.882057714691924,236,0.9971826426060968,-0.010615810021879302,0.012407871333634494,2.6641377745806794,0.008501422772130507,14.355566473941588,2503.675204,0.5646327493178784,8.0057132285359,17957955,8134220,1905778033,0.9295632245704158,1.350617390958803,204,0,0,235.0,235,235,176.9635086264898,0.008850427475345759,0.9120278222494301
10,1,0.16824936498043383,8.10573675877588,275,0.9971826426060968,-0.012705165474050128,0.012705165474050128,2.6626363976967293,0.007000045888180484,14.334029529862194,2745.1741525,0.6190959700387926,9.005776058843804,19816741,2641389,1909412078,1.0257801439215528,1.1625071864041086,204,0,0,275.0,275,275,202.61769812091504,0.007287415308944549,1.0
10,1,0.16804372926236183,7.008273500163327,129,0.9849269399205505,-0.002342221720612419,0.002391613963679755,2.689821292670343,0.03418494086179402,14.729043497201124,2462.47925275,0.55534217393578,7.835118118866917,3696450,43359924,1884813834,0.1913404940297107,2.43579376115106,0,204,0,129.0,129,129,105.59081843521723,0.03558831832691819,0.8970211418126048
10,1,0.14117449627797007,6.9974454100250485,128,0.9833734154977928,-0.03735312464544831,0.02383606092574125,2.691341096387005,0.03570474457845618,14.751445771468825,2262.166336,0.510167291535804,7.005609320934256,47666238,5544283,1878659687,2.4673623415595425,2.754352791385869,204,0,0,128.0,128,128,104.32431937235678,0.03717051379367869,0.8240520310669068
10,1,0.1382079812388358,5.981936681554502,63,0.9706695845818295,-0.06624088883209744,0.012401977572859872,2.859078763692508,0.20344241188395928,17.445448151299296,2020.669351,0.455704513626482,6.0055546216073745,61204282,39547047,1831118879,3.1681363347573295,5.215222460742042,204,0,0,63.0,63,63,55.88321799307958,0.21179423257139968,0.7360805685715052
10,1,0.12354232811875972,6.015169091604567,65,0.9604435597396077,-0.07083502287852153,0.05251749574307103,2.8428705007667707,0.18723414895822188,17.164966937789227,2185.7075815,0.49292419359171635,6.688988652802911,95966035,5963977,1829940196,4.96751979520148,5.27623499642477,0,204,0,65.0,65,65,57.94654399750096,0.19492057984637173,0.7961999713240414
10,1,0.09571708134801568,5.5113600110960075,46,0.9648748582554615,-0.04633884669327627,0.03293167504931992,3.445446649876582,0.789810298068033,31.35728604724963,2020.66675,0.45570392704489243,6.005543850697448,61723332,72051273,1798095603,3.1950040817648966,6.924616594118522,204,0,0,46.0,46,46,41.29775957564398,0.8222339894973331,0.7360796210906332
10,1,0.08836607918029653,5.565005716414894,47,0.9339851807491814,-0.02852289004056708,0.0023439679324117734,3.3673818277974914,0.7117454759889426,29.002494043759118,2020.666903,0.45570396154969184,6.005544484280385,24048760,99846342,1807975106,1.2448434631070204,6.41322079956212,204,0,0,47.0,47,47,43.70208273260285,0.7409644108978893,0.736079676824802
10,1,0.08537408451172845,5.598581437364096,48,0.9485076041861613,-0.004314263112769213,0.002274631427865762,3.290308310802704,0.6346719589941552,26.85114087665191,2020.667056,0.4557039960544912,6.0055451178633215,5143132,120661784,1806065292,0.2662255455207061,6.5120790971895355,204,0,0,48.0,48,48,43.50960267685505,0.6607268329399533,0.736079732558971
10,1,0.06876741392023925,6.063871749367607,67,0.9868024815605893,-0.048155369671055714,0.01018368324076384,2.8220746329661166,0.16643828115756776,16.81169260923062,2262.1554475,0.5101648359442476,7.0055642309485835,45428947,45920553,1840520708,2.351552749862583,4.728552654402754,204,0,0,67.0,67,67,58.39751688052672,0.1732709895730906,0.8240480646518835
10,1,0.06417935660495638,6.023306975559584,65,0.9988102657967899,-0.012790874935943438,0.001348693791084184,2.84172200667433,0.186085654865781,17.145264390959255,2190.78536275,0.49406934276403774,6.7100160747445,11025302,84134335,1836710571,0.5707061454927721,4.925777964064965,0,204,0,65.0,65,65,56.2699382449058,0.19372493719414027,0.798049683206756
10,1,0.05688596711902154,5.781563590741548,55,0.9512370790777155,-0.04003176369645094,0.026251994512512446,3.0106285311387233,0.35499217933017446,20.30015519594017,2020.668127,0.4557042375880869,6.005549552943879,51627582,55921212,1824321414,2.6724146263142745,5.567081761219437,204,0,0,55.0,55,55,50.007765943387156,0.36956549764543506,0.7360801226981536
10,1,0.0543298969396281,5.627895556243735,49,0.950665283354297,-0.07314853198288913,0.03317890594309539,3.2174963436303745,0.5618599918218257,24.965536745226228,2020.667209,0.4557040305592906,6.005545751446259,82730460,39541750,1809597998,4.282402599170886,6.329214534892812,204,0,0,49.0,49,49,44.949663290561325,0.5849257521010499,0.7360797882931399
10,1,0.052856833157035904,5.726558805897192,53,0.9892021928834058,-0.05288720920417352,0.05865380089475769,3.0602568145140707,0.4046204627055219,21.33303509163159,2020.667821,0.45570416857848817,6.005548285778006,86797881,29322561,1815749766,4.49294578075506,6.0107786495768565,204,0,0,53.0,53,53,47.017090782391385,0.42123114638593945,0.7360800112298157
10,1,0.05211793503553316,5.664778018107652,51,0.9512207997109524,-0.05193835392675097,0.02404247719360325,3.1401733003363823,0.48453694852783347,23.10787111357987,2020.667515,0.45570409956888935,6.005547018612132,59159535,56956995,1815753678,3.062293458174184,6.010576151500961,204,0,0,51.0,51,51,46.6322027585544,0.5044284041641942,0.7360798997614778
10,1,0.04552016245816955,5.713271016550379,52,0.9509517640904261,-0.005686077277494848,0.03192908675037722,3.1034253581186357,0.4477890063100869,22.27411758804686,2020.667668,0.45570413407368876,6.0055476521950695,29305721,86784558,1815779929,1.5169611746505074,6.009217312802,204,0,0,52.0,52,52,46.83081927623991,0.46617186685463313,0.7360799554956468
10,1,0.04404295313948437,5.634860304655035,50,0.9511428717643223,-0.005930817814029511,0.020072710157967185,3.194925133985138,0.5392887821765893,24.40834626827552,2020.667362,0.45570406506409,6.005546385029196,20276142,100650696,1810943370,1.0495602611415187,6.259573624523744,204,0,0,50.0,50,50,45.13105386149558,0.5614279377527432,0.7360798440273089
10,1,0.043423713875962125,5.821929661040571,57,0.9974284888435121,-0.05069353625567664,0.01167514144550256,2.9603864784408445,0.3047501266322956,19.305431446950394,2020.668433,0.4557043065976857,6.005550820109754,48565280,60177428,1823127500,2.5138997329576296,5.628882703904713,204,0,0,57.0,57,57,49.952127787389465,0.31726088281404713,0.7360802341664915
10,1,0.030376242214704925,7.024244421359714,130,0.982276161327083,-0.002342221720612419,0.03191958842727,2.6888859389640087,0.03324958715545989,14.715273072887934,2503.653784,0.5646279186459642,8.005624526924741,26690257,22405504,1882774447,1.3815760960272545,2.541359186382774,204,0,0,130.0,130,130,105.88353337658593,0.03461456600761888,0.9120200194657777
10,1,0.03027261302706684,5.931749431904543,61,0.985046327585631,-0.001984224197732503,0.030988892741725636,2.885564844143583,0.2299284923350342,17.913683177420296,2020.669045,0.45570444461688325,6.005553354441501,25688260,74560445,1831621503,1.3297094128592721,5.189204977894664,204,0,0,61.0,61,61,53.66909061418685,0.2393676329799605,0.7360804571031673
10,1,0.027812446079836746,5.913928215212639,60,0.9766382098163171,-0.046682402056028416,0.024123469506676314,2.912225910553888,0.2565895587453393,18.39770466845559,2020.668892,0.45570441011208385,6.005552720858564,55142272,47673931,1829054005,2.8543466207849923,5.322107177502476,204,0,0,60.0,60,60,52.499349709246445,0.2671232029597662,0.7360804013689983
10,1,0.027432287533463967,5.913928215212639,60,0.9916281189949946,-0.021509607999139604,0.013719085593248564,2.9343930175960153,0.2787566657874665,18.810082280444625,2020.668739,0.4557043756072845,6.005552087275627,27463170,76929295,1827477743,1.4215846326669996,5.403699718940953,204,0,0,59.0,59,59,51.78869605440215,0.2902003252807171,0.7360803456348294
10,1,0.01798741825813539,6.267329591969825,77,0.9725169455888591,-0.07145052468874452,0.008708278590500128,2.7782530344342042,0.1226166826256554,16.09088615588889,2262.1572325,0.5101652385002404,7.005571622749513,62366482,32560459,1836943267,3.228295655771094,4.913732848454382,204,0,0,77.0,77,77,67.0274158376586,0.12765040463619848,0.8240487148838547
10,1,0.016636322215829523,6.206639241558089,74,0.9897769882300932,-0.019086615268934133,0.03917687839005565,2.800417320053928,0.14478096824537934,16.451510884140788,2262.1565185,0.5101650774778433,7.005568666029141,45380060,38600124,1847890024,2.349022196836942,4.3470924522896315,204,0,0,73.0,73,73,62.99698883842753,0.150724589708288,0.8240484547910663
10,1,0.014911549914834028,6.47259853108055,89,0.9870592613871711,-0.03624174272271695,0.03176372075451925,2.7293320652561532,0.0736957134476044,15.322649071464484,2262.1593745,0.5101657215674319,7.005580492910629,52964371,15612986,1863292851,2.741611252177869,3.549791115159637,204,0,0,89.0,89,89,75.55672547818146,0.07672110711280755,0.8240494951622199
10,1,0.012736255375274464,6.6992910446864355,104,0.9788470407736577,-0.06332419083844198,0.06674309185862634,2.719353387457135,0.06371703564858633,15.170509631007102,2262.162052,0.5101663254014212,7.005591580612024,101179854,229073,1830461281,5.237404333945814,5.24926191107762,204,0,0,104.0,104,104,86.8334609885621,0.06633277959078739,0.8240504705101764
10,1,0.012557846180796736,6.443531910033154,87,0.9816082140419141,-0.01791545485537656,0.0026235885090504403,2.745528971677183,0.08989261986863406,15.572849350080363,2262.1590175,0.5101656410562333,7.0055790145504435,16013231,53741907,1862115070,0.8288978697268673,3.610756960335091,204,0,0,87.0,87,87,74.34728079344482,0.09358293712015829,0.8240493651158257
10,1,0.012336614691950042,6.1214737213728405,70,0.9868824086962025,-0.048155369671055714,0.01018368324076384,2.8074586380966475,0.15182228628809868,16.567759997746084,2262.1558045,0.5101649164554461,7.00556570930877,45428947,43293442,1843147819,2.351552749862583,4.592564688486568,204,0,0,69.0,69,69,59.98213277345252,0.15805497149711342,0.8240481946982778
10,1,0.01139932831134425,6.399396838815453,84,0.9859148752882716,-0.04985632440777221,0.05210577824055879,2.7513779964922227,0.09574164468367385,15.664202234574017,2262.158482,0.5101655202894354,7.005576797010164,79358033,2111551,1850400624,4.107834608731644,4.217135481598565,204,0,0,84.0,84,84,71.07622819348327,0.09967207905728305,0.8240491700462343
10,1,0.00832752163090795,6.354643825759636,82,0.982512035161767,-0.04946800393155154,0.04255094980580053,2.765540966710406,0.10990461490185721,15.887632346521654,2262.158125,0.5101654397782369,7.005575318649979,71632532,6230268,1854007408,3.70793709139284,4.030436396687784,204,0,0,82.0,82,82,69.71967662677817,0.11441647468508696,0.8240490399998401
10,1,0.007050982166436249,6.7181489858363515,105,0.9972487294767167,-0.004224269865775062,0.020072710157967185,2.70697529116781,0.05133893935926137,14.983885013615128,2262.1622305,0.5101663656570204,7.005592319792117,18945215,39677024,1873247969,0.9806670718118968,3.034481237778889,204,0,0,105.0,105,105,86.96620290272972,0.053446531438225184,0.8240505355333736
