Loading Qwen/Qwen2.5-0.5B-Instruct (bfloat16) on cuda
Loading weights:   0%|          | 0/290 [00:00<?, ?it/s]Loading weights: 100%|##########| 290/290 [00:00<00:00, 9189.21it/s]
Compressing 168 matrices, 357.8M weights (72.4% of params), originals kept on GPU
Baseline: calib loss 3.0558, size 988.1 MB, one forward pass over the calibration set takes 1.7s
Loaded 998 previous evaluations from compress_runs/local_50\evals.csv
Resumed NSGA-II from compress_runs/local_50\checkpoint.pkl after generation 10
gen 11 [1/100] k=  5 c=0.858 alpha=-0.940 beta=+0.960 | loss 12.5929 size 344.7 MB zeros 69.9%
gen 11 [2/100] k= 29 c=0.970 alpha=-0.051 beta=+0.510 | loss 15.4517 size 481.2 MB zeros 26.9%
gen 11 [3/100] k= 58 c=0.979 alpha=-0.710 beta=+0.773 | loss 8.3729 size 435.5 MB zeros 56.1%
gen 11 [4/100] k=  5 c=0.956 alpha=-0.909 beta=+0.903 | loss 15.1711 size 344.6 MB zeros 70.0%
gen 11 [5/100] k=102 c=0.940 alpha=-0.058 beta=+0.022 | loss 3.0715 size 586.1 MB zeros 4.4%
gen 11 [6/100] k=  3 c=0.971 alpha=-0.867 beta=+0.091 | loss 15.5721 size 320.7 MB zeros 93.4%
gen 11 [7/100] k= 17 c=0.892 alpha=-0.699 beta=+0.523 | loss 7.6075 size 410.9 MB zeros 47.9%
gen 11 [8/100] k=  3 c=0.834 alpha=-0.838 beta=+0.828 | loss 16.7247 size 322.5 MB zeros 89.3%
gen 11 [9/100] k=  5 c=0.850 alpha=-0.953 beta=+0.953 | loss 11.9741 size 344.7 MB zeros 69.9%
gen 11 [10/100] k= 17 c=0.933 alpha=-0.624 beta=+0.004 | loss 17.5934 size 434.0 MB zeros 35.0%
gen 11 [11/100] k=  3 c=0.703 alpha=-0.512 beta=+0.446 | loss 16.5558 size 325.1 MB zeros 83.5%
gen 11 [12/100] k= 18 c=0.971 alpha=-0.991 beta=+0.830 | loss 18.1350 size 395.2 MB zeros 65.4%
gen 11 [13/100] k=  3 c=0.997 alpha=-0.920 beta=+0.512 | loss 16.0311 size 320.4 MB zeros 94.0%
gen 11 [14/100] k=  5 c=0.759 alpha=-0.098 beta=+0.920 | loss 14.9104 size 351.0 MB zeros 62.8%
gen 11 [15/100] k=  5 c=0.752 alpha=-0.148 beta=+0.067 | loss 13.2058 size 355.8 MB zeros 57.5%
gen 11 [16/100] k=  5 c=0.714 alpha=-0.945 beta=+0.956 | loss 11.3331 size 345.6 MB zeros 68.8%
gen 11 [17/100] k=215 c=0.986 alpha=-0.061 beta=+0.081 | loss 3.0534 size 630.8 MB zeros 6.1%
gen 11 [18/100] k= 13 c=0.964 alpha=-0.327 beta=+0.916 | loss 15.5298 size 410.5 MB zeros 48.2%
gen 11 [19/100] k= 17 c=0.997 alpha=-0.913 beta=+0.422 | loss 17.6485 size 406.4 MB zeros 50.5%
gen 11 [20/100] k= 30 c=0.994 alpha=-0.036 beta=+0.436 | loss 3.5595 size 486.8 MB zeros 24.4%
gen 11 [21/100] k= 15 c=0.845 alpha=-0.115 beta=+0.029 | loss 3.7020 size 450.8 MB zeros 21.8%
gen 11 [22/100] k= 34 c=0.963 alpha=-0.078 beta=+0.149 | loss 3.1476 size 541.4 MB zeros 12.4%
gen 11 [23/100] k= 22 c=0.846 alpha=-0.089 beta=+0.775 | loss 15.3509 size 458.9 MB zeros 36.9%
gen 11 [24/100] k=  5 c=0.716 alpha=-0.980 beta=+0.927 | loss 10.7891 size 345.5 MB zeros 68.9%
gen 11 [25/100] k= 13 c=0.846 alpha=-0.738 beta=+0.411 | loss 17.4354 size 415.2 MB zeros 45.5%
gen 11 [26/100] k= 31 c=0.976 alpha=-0.138 beta=+0.442 | loss 3.5302 size 486.3 MB zeros 24.6%
gen 11 [27/100] k=  4 c=0.961 alpha=-0.925 beta=+0.935 | loss 15.9085 size 323.9 MB zeros 93.1%
gen 11 [28/100] k=  8 c=0.858 alpha=-0.927 beta=+0.981 | loss 12.7086 size 360.3 MB zeros 68.3%
gen 11 [29/100] k= 58 c=0.721 alpha=-0.042 beta=+0.032 | loss 3.3000 size 541.4 MB zeros 4.9%
gen 11 [30/100] k=  9 c=0.745 alpha=-0.404 beta=+0.321 | loss 5.7672 size 405.8 MB zeros 34.4%
gen 11 [31/100] k= 81 c=0.997 alpha=-0.018 beta=+0.112 | loss 3.0802 size 586.1 MB zeros 7.2%
gen 11 [32/100] k= 24 c=0.984 alpha=-0.307 beta=+0.097 | loss 3.4376 size 493.2 MB zeros 21.3%
gen 11 [33/100] k= 27 c=0.971 alpha=-0.115 beta=+0.833 | loss 15.3827 size 457.3 MB zeros 37.6%
gen 11 [34/100] k= 33 c=0.951 alpha=-0.001 beta=+0.030 | loss 3.1498 size 516.6 MB zeros 11.1%
gen 11 [35/100] k=  4 c=0.997 alpha=-0.912 beta=+0.079 | loss 16.0311 size 323.1 MB zeros 94.0%
gen 11 [36/100] k=  7 c=0.711 alpha=-0.945 beta=+0.985 | loss 12.7249 size 359.9 MB zeros 68.6%
gen 11 [37/100] k=209 c=0.964 alpha=-0.733 beta=+0.079 | loss 17.8868 size 564.0 MB zeros 31.2%
gen 11 [38/100] k= 67 c=0.969 alpha=-0.050 beta=+0.029 | loss 3.0870 size 586.1 MB zeros 5.5%
gen 11 [39/100] k= 17 c=0.836 alpha=-0.842 beta=+0.828 | loss 9.7366 size 386.6 MB zeros 61.5%
gen 11 [40/100] k= 17 c=0.865 alpha=-0.105 beta=+0.086 | loss 3.5760 size 461.5 MB zeros 19.7%
gen 11 [41/100] k= 29 c=0.960 alpha=-0.201 beta=+0.098 | loss 3.2468 size 496.6 MB zeros 15.3%
gen 11 [42/100] k= 39 c=0.835 alpha=-0.854 beta=+0.835 | loss 9.4960 size 419.7 MB zeros 62.0%
gen 11 [43/100] k=  5 c=0.857 alpha=-0.947 beta=+0.861 | loss 12.9430 size 346.2 MB zeros 68.2%
gen 11 [44/100] k= 30 c=0.872 alpha=-0.001 beta=+0.101 | loss 3.1717 size 496.7 MB zeros 11.6%
gen 11 [45/100] k= 10 c=0.707 alpha=-0.404 beta=+0.517 | loss 5.8507 size 426.6 MB zeros 39.1%
gen 11 [46/100] k=  3 c=0.997 alpha=-0.913 beta=+0.391 | loss 16.0288 size 320.4 MB zeros 94.0%
gen 11 [47/100] k=102 c=0.950 alpha=-0.058 beta=+0.023 | loss 3.0645 size 586.1 MB zeros 4.4%
gen 11 [48/100] k=  9 c=0.986 alpha=-0.133 beta=+0.077 | loss 8.1525 size 396.6 MB zeros 41.2%
gen 11 [49/100] k=  5 c=0.716 alpha=-0.976 beta=+0.927 | loss 10.6413 size 345.6 MB zeros 68.9%
gen 11 [50/100] k= 18 c=0.837 alpha=-0.866 beta=+0.828 | loss 10.0493 size 402.3 MB zeros 62.2%
gen 11 [51/100] k= 13 c=0.972 alpha=-0.152 beta=+0.016 | loss 4.3054 size 445.2 MB zeros 28.6%
gen 11 [53/100] k= 14 c=0.889 alpha=-0.441 beta=+0.426 | loss 4.8622 size 431.2 MB zeros 36.6%
gen 11 [54/100] k=  9 c=0.979 alpha=-0.167 beta=+0.411 | loss 8.1136 size 396.8 MB zeros 41.1%
gen 11 [55/100] k= 98 c=0.940 alpha=-0.058 beta=+0.028 | loss 3.0744 size 586.1 MB zeros 4.4%
gen 11 [56/100] k= 17 c=0.938 alpha=-0.431 beta=+0.824 | loss 15.5749 size 410.1 MB zeros 48.4%
gen 11 [57/100] k= 21 c=0.906 alpha=-0.589 beta=+0.441 | loss 5.1199 size 449.0 MB zeros 41.3%
gen 11 [58/100] k=  5 c=0.971 alpha=-0.958 beta=+0.788 | loss 15.1194 size 344.5 MB zeros 70.1%
gen 11 [59/100] k= 28 c=0.856 alpha=-0.036 beta=+0.463 | loss 4.9855 size 485.7 MB zeros 24.9%
gen 11 [60/100] k= 10 c=0.998 alpha=-0.914 beta=+0.096 | loss 17.9269 size 400.2 MB zeros 53.9%
gen 11 [61/100] k=  5 c=0.956 alpha=-0.858 beta=+0.910 | loss 15.9882 size 345.0 MB zeros 69.5%
gen 11 [62/100] k=  9 c=0.728 alpha=-0.404 beta=+0.052 | loss 5.6980 size 406.6 MB zeros 33.8%
gen 11 [63/100] k=  9 c=0.782 alpha=-0.971 beta=+0.205 | loss 17.5967 size 383.2 MB zeros 51.2%
gen 11 [64/100] k=217 c=0.992 alpha=-0.112 beta=+0.439 | loss 3.4578 size 594.5 MB zeros 22.6%
gen 11 [65/100] k= 22 c=0.801 alpha=-0.428 beta=+0.429 | loss 4.5028 size 462.8 MB zeros 35.1%
gen 11 [66/100] k=  9 c=0.962 alpha=-0.435 beta=+0.440 | loss 7.6712 size 396.5 MB zeros 41.3%
gen 11 [67/100] k= 21 c=0.977 alpha=-0.726 beta=+0.097 | loss 17.7291 size 459.7 MB zeros 36.5%
gen 11 [68/100] k=  3 c=0.971 alpha=-0.854 beta=+0.828 | loss 15.5865 size 320.7 MB zeros 93.4%
gen 11 [69/100] k= 65 c=0.995 alpha=-0.205 beta=+0.270 | loss 3.2533 size 532.4 MB zeros 20.0%
gen 11 [70/100] k=214 c=0.987 alpha=-0.729 beta=+0.835 | loss 8.7213 size 466.5 MB zeros 58.4%
gen 11 [71/100] k=215 c=0.982 alpha=-0.040 beta=+0.027 | loss 3.0532 size 630.8 MB zeros 2.9%
gen 11 [72/100] k= 17 c=0.782 alpha=-0.752 beta=+0.086 | loss 17.7801 size 429.9 MB zeros 37.3%
gen 11 [73/100] k= 33 c=0.958 alpha=-0.123 beta=+0.148 | loss 3.1536 size 512.7 MB zeros 12.8%
gen 11 [74/100] k=  9 c=0.985 alpha=-0.139 beta=+0.775 | loss 15.0108 size 384.7 MB zeros 50.1%
gen 11 [75/100] k= 33 c=0.957 alpha=-0.042 beta=+0.087 | loss 3.1475 size 516.5 MB zeros 11.1%
gen 11 [76/100] k= 15 c=0.981 alpha=-0.900 beta=+0.886 | loss 10.6762 size 381.0 MB zeros 64.7%
gen 11 [77/100] k= 20 c=0.964 alpha=-0.975 beta=+0.968 | loss 10.5934 size 388.1 MB zeros 68.5%
gen 11 [78/100] k=  9 c=0.821 alpha=-0.388 beta=+0.577 | loss 14.2970 size 395.9 MB zeros 41.8%
gen 11 [79/100] k=  9 c=0.992 alpha=-0.914 beta=+0.096 | loss 17.9143 size 379.8 MB zeros 53.8%
gen 11 [80/100] k=207 c=0.986 alpha=-0.854 beta=+0.086 | loss 17.8594 size 550.6 MB zeros 34.9%
gen 11 [81/100] k=102 c=0.882 alpha=-0.015 beta=+0.084 | loss 3.0871 size 586.1 MB zeros 5.3%
gen 11 [82/100] k= 17 c=0.866 alpha=-0.140 beta=+0.125 | loss 3.5844 size 461.4 MB zeros 19.7%
gen 11 [83/100] k=  5 c=0.989 alpha=-0.431 beta=+0.484 | loss 15.6147 size 345.3 MB zeros 69.2%
gen 11 [84/100] k= 20 c=0.986 alpha=-0.016 beta=+0.775 | loss 15.5291 size 454.1 MB zeros 39.0%
gen 11 [85/100] k= 19 c=0.982 alpha=-0.042 beta=+0.029 | loss 3.5195 size 493.5 MB zeros 19.8%
gen 11 [86/100] k=215 c=0.984 alpha=-0.040 beta=+0.079 | loss 3.0545 size 630.8 MB zeros 5.1%
gen 11 [87/100] k= 17 c=0.798 alpha=-0.406 beta=+0.148 | loss 3.9498 size 450.2 MB zeros 26.0%
gen 11 [88/100] k= 25 c=0.888 alpha=-0.362 beta=+0.471 | loss 4.2647 size 465.0 MB zeros 34.2%
gen 11 [89/100] k=  5 c=0.864 alpha=-0.941 beta=+0.925 | loss 13.2347 size 345.2 MB zeros 69.3%
gen 11 [90/100] k= 30 c=0.858 alpha=-0.891 beta=+0.964 | loss 11.2451 size 393.0 MB zeros 66.3%
gen 11 [91/100] k= 17 c=0.943 alpha=-0.431 beta=+0.066 | loss 3.9100 size 445.5 MB zeros 28.6%
gen 11 [93/100] k= 14 c=0.831 alpha=-0.411 beta=+0.428 | loss 4.5280 size 433.3 MB zeros 35.4%
gen 11 [94/100] k= 33 c=0.963 alpha=-0.030 beta=+0.148 | loss 3.1518 size 513.7 MB zeros 12.4%
gen 11 [95/100] k=218 c=0.986 alpha=-0.114 beta=+0.079 | loss 3.0608 size 630.8 MB zeros 8.2%
gen 11 [96/100] k=  3 c=0.757 alpha=-0.112 beta=+0.426 | loss 17.4559 size 324.0 MB zeros 86.1%
gen 11 [97/100] k= 17 c=0.980 alpha=-0.945 beta=+0.967 | loss 11.0465 size 375.4 MB zeros 67.8%
gen 11 [98/100] k=  9 c=0.979 alpha=-0.148 beta=+0.411 | loss 8.1074 size 396.8 MB zeros 41.1%
gen 11 [99/100] k= 78 c=0.995 alpha=-0.147 beta=+0.207 | loss 3.1429 size 583.7 MB zeros 15.0%
gen 11 [100/100] k=  6 c=0.706 alpha=-0.854 beta=+0.828 | loss 11.3744 size 366.2 MB zeros 63.9%
=== generation 11/50 done in 159s (2 from cache), Pareto front has 100 points, best loss 3.0523, smallest 320.4 MB
gen 12 [1/100] k= 17 c=0.969 alpha=-0.987 beta=+0.985 | loss 11.0913 size 372.8 MB zeros 69.2%
gen 12 [2/100] k=  5 c=0.803 alpha=-0.865 beta=+0.959 | loss 14.2356 size 346.5 MB zeros 67.8%
gen 12 [3/100] k= 17 c=0.870 alpha=-0.842 beta=+0.817 | loss 9.5515 size 387.1 MB zeros 61.2%
gen 12 [4/100] k=217 c=0.991 alpha=-0.145 beta=+0.079 | loss 3.0678 size 630.8 MB zeros 9.5%
gen 12 [5/100] k=  9 c=0.758 alpha=-0.093 beta=+0.194 | loss 5.6746 size 407.8 MB zeros 32.9%
gen 12 [6/100] k= 11 c=0.885 alpha=-0.042 beta=+0.001 | loss 4.5369 size 441.3 MB zeros 30.9%
gen 12 [7/100] k= 17 c=0.974 alpha=-0.866 beta=+0.820 | loss 9.8586 size 385.8 MB zeros 62.0%
gen 12 [8/100] k=  4 c=0.783 alpha=-0.971 beta=+0.932 | loss 16.9362 size 329.2 MB zeros 87.2%
gen 12 [9/100] k=221 c=0.990 alpha=-0.422 beta=+0.498 | loss 4.3098 size 542.2 MB zeros 37.3%
gen 12 [10/100] k=  3 c=0.996 alpha=-0.918 beta=+0.391 | loss 15.9853 size 320.4 MB zeros 94.0%
gen 12 [11/100] k=  6 c=0.966 alpha=-0.992 beta=+0.970 | loss 14.7546 size 355.0 MB zeros 72.2%
gen 12 [12/100] k= 17 c=0.902 alpha=-0.582 beta=+0.505 | loss 6.0549 size 418.7 MB zeros 43.6%
gen 12 [13/100] k= 17 c=0.757 alpha=-0.231 beta=+0.394 | loss 4.0812 size 448.6 MB zeros 26.9%
gen 12 [14/100] k=  6 c=0.995 alpha=-0.002 beta=+0.036 | loss 15.2934 size 358.8 MB zeros 69.4%
gen 12 [15/100] k=  5 c=0.976 alpha=-0.975 beta=+0.994 | loss 14.6175 size 342.3 MB zeros 72.5%
gen 12 [16/100] k= 17 c=0.959 alpha=-0.855 beta=+0.838 | loss 10.1775 size 385.4 MB zeros 62.2%
gen 12 [17/100] k=102 c=0.842 alpha=-0.058 beta=+0.023 | loss 3.1115 size 586.1 MB zeros 4.1%
gen 12 [18/100] k= 11 c=0.862 alpha=-0.900 beta=+0.924 | loss 11.1152 size 379.1 MB zeros 65.7%
gen 12 [19/100] k= 30 c=0.880 alpha=-0.083 beta=+0.101 | loss 3.1629 size 496.7 MB zeros 11.7%
gen 12 [20/100] k= 17 c=0.856 alpha=-0.105 beta=+0.045 | loss 3.5671 size 461.8 MB zeros 19.5%
gen 12 [21/100] k=  3 c=0.997 alpha=-0.886 beta=+0.096 | loss 16.0288 size 320.4 MB zeros 94.0%
gen 12 [22/100] k= 16 c=0.963 alpha=-0.029 beta=+0.149 | loss 3.8548 size 449.1 MB zeros 24.6%
gen 12 [23/100] k= 13 c=0.957 alpha=-0.041 beta=+0.017 | loss 4.2889 size 445.7 MB zeros 28.2%
gen 12 [24/100] k= 17 c=0.781 alpha=-0.399 beta=+0.148 | loss 3.9217 size 451.0 MB zeros 25.5%
gen 12 [25/100] k=  9 c=0.717 alpha=-0.404 beta=+0.438 | loss 5.9269 size 402.7 MB zeros 36.7%
gen 12 [26/100] k=  5 c=0.958 alpha=-0.992 beta=+0.956 | loss 14.8831 size 342.9 MB zeros 71.9%
gen 12 [27/100] k= 13 c=0.863 alpha=-0.415 beta=+0.467 | loss 4.9683 size 430.5 MB zeros 37.0%
gen 12 [28/100] k= 14 c=0.920 alpha=-0.036 beta=+0.015 | loss 4.2352 size 446.9 MB zeros 27.2%
gen 12 [29/100] k= 30 c=0.882 alpha=-0.002 beta=+0.101 | loss 3.1596 size 496.7 MB zeros 11.7%
gen 12 [30/100] k= 17 c=0.971 alpha=-0.043 beta=+0.939 | loss 15.4791 size 417.1 MB zeros 44.5%
gen 12 [31/100] k= 17 c=0.961 alpha=-0.431 beta=+0.066 | loss 3.9604 size 445.2 MB zeros 28.8%
gen 12 [32/100] k=  9 c=0.757 alpha=-0.083 beta=+0.194 | loss 5.6661 size 407.9 MB zeros 32.8%
gen 12 [33/100] k= 16 c=0.902 alpha=-0.582 beta=+0.441 | loss 5.9166 size 422.4 MB zeros 41.5%
gen 12 [34/100] k=  5 c=0.716 alpha=-0.961 beta=+0.927 | loss 11.1439 size 345.9 MB zeros 68.5%
gen 12 [35/100] k= 15 c=0.874 alpha=-0.056 beta=+0.005 | loss 3.8008 size 450.5 MB zeros 22.5%
gen 12 [36/100] k=  3 c=0.985 alpha=-0.889 beta=+0.427 | loss 16.3617 size 320.6 MB zeros 93.7%
gen 12 [37/100] k=215 c=0.986 alpha=-0.136 beta=+0.079 | loss 3.0668 size 630.8 MB zeros 9.1%
gen 12 [38/100] k=  9 c=0.992 alpha=-0.404 beta=+0.392 | loss 7.3490 size 396.2 MB zeros 41.5%
gen 12 [39/100] k= 29 c=0.938 alpha=-0.201 beta=+0.039 | loss 3.2435 size 496.6 MB zeros 15.1%
gen 12 [40/100] k=  5 c=0.951 alpha=-0.023 beta=+0.947 | loss 16.0532 size 345.3 MB zeros 69.2%
gen 12 [41/100] k=  4 c=0.958 alpha=-0.088 beta=+0.164 | loss 16.2230 size 324.0 MB zeros 93.0%
gen 12 [42/100] k=  4 c=0.713 alpha=-0.844 beta=+0.994 | loss 16.8102 size 332.1 MB zeros 84.0%
gen 12 [43/100] k= 16 c=0.867 alpha=-0.103 beta=+0.149 | loss 3.7097 size 450.5 MB zeros 22.3%
gen 12 [44/100] k= 32 c=0.963 alpha=-0.039 beta=+0.151 | loss 3.1552 size 496.7 MB zeros 13.0%
gen 12 [45/100] k= 29 c=0.958 alpha=-0.201 beta=+0.438 | loss 3.5435 size 481.4 MB zeros 26.8%
gen 12 [46/100] k= 17 c=0.978 alpha=-0.870 beta=+0.370 | loss 17.6463 size 411.7 MB zeros 47.5%
gen 12 [47/100] k= 26 c=0.874 alpha=-0.300 beta=+0.077 | loss 3.3477 size 495.5 MB zeros 19.4%
gen 12 [48/100] k=  3 c=0.971 alpha=-0.867 beta=+0.856 | loss 15.5721 size 320.7 MB zeros 93.4%
gen 12 [49/100] k=  5 c=0.717 alpha=-0.886 beta=+0.994 | loss 12.9857 size 346.1 MB zeros 68.4%
gen 12 [50/100] k=  4 c=0.877 alpha=-0.091 beta=+0.108 | loss 17.2593 size 326.0 MB zeros 90.7%
gen 12 [51/100] k=  5 c=0.976 alpha=-0.978 beta=+0.787 | loss 15.1570 size 344.1 MB zeros 70.5%
gen 12 [52/100] k= 18 c=0.839 alpha=-0.327 beta=+0.156 | loss 3.6867 size 488.6 MB zeros 23.6%
gen 12 [53/100] k= 25 c=0.803 alpha=-0.305 beta=+0.148 | loss 3.4271 size 495.6 MB zeros 19.9%
gen 12 [54/100] k=  9 c=0.757 alpha=-0.404 beta=+0.321 | loss 5.7155 size 405.5 MB zeros 34.6%
gen 12 [55/100] k= 58 c=0.969 alpha=-0.028 beta=+0.096 | loss 3.0822 size 541.4 MB zeros 7.6%
gen 12 [56/100] k=  3 c=0.971 alpha=-0.855 beta=+0.099 | loss 15.5721 size 320.7 MB zeros 93.4%
gen 12 [57/100] k=  5 c=0.714 alpha=-0.990 beta=+0.995 | loss 11.7050 size 344.0 MB zeros 70.6%
gen 12 [58/100] k=  9 c=0.757 alpha=-0.044 beta=+0.065 | loss 5.6618 size 407.9 MB zeros 32.8%
gen 12 [59/100] k= 13 c=0.980 alpha=-0.771 beta=+0.772 | loss 9.2429 size 392.6 MB zeros 58.2%
gen 12 [60/100] k= 17 c=0.860 alpha=-0.898 beta=+0.865 | loss 10.1602 size 382.1 MB zeros 64.0%
gen 12 [61/100] k= 28 c=0.962 alpha=-0.000 beta=+0.032 | loss 3.2752 size 496.6 MB zeros 13.7%
gen 12 [62/100] k=  9 c=0.943 alpha=-0.431 beta=+0.494 | loss 7.3016 size 395.6 MB zeros 42.0%
gen 12 [63/100] k= 67 c=0.971 alpha=-0.990 beta=+0.998 | loss 10.3587 size 413.0 MB zeros 69.6%
gen 12 [64/100] k=  9 c=0.716 alpha=-0.431 beta=+0.484 | loss 6.1068 size 399.7 MB zeros 39.0%
gen 12 [65/100] k= 17 c=0.854 alpha=-0.899 beta=+0.867 | loss 10.3383 size 382.0 MB zeros 64.1%
gen 12 [66/100] k= 15 c=0.953 alpha=-0.102 beta=+0.029 | loss 3.8476 size 449.3 MB zeros 24.4%
gen 12 [67/100] k= 10 c=0.710 alpha=-0.404 beta=+0.404 | loss 5.2333 size 433.0 MB zeros 35.6%
gen 12 [68/100] k= 17 c=0.967 alpha=-0.431 beta=+0.066 | loss 3.9457 size 445.0 MB zeros 28.8%
gen 12 [69/100] k= 16 c=0.874 alpha=-0.054 beta=+0.086 | loss 3.7104 size 450.5 MB zeros 22.5%
gen 12 [70/100] k= 46 c=0.958 alpha=-0.138 beta=+0.148 | loss 3.1423 size 541.4 MB zeros 12.6%
gen 12 [71/100] k= 18 c=0.790 alpha=-0.055 beta=+0.150 | loss 3.4810 size 495.0 MB zeros 18.1%
gen 12 [72/100] k= 33 c=0.890 alpha=-0.443 beta=+0.443 | loss 4.3888 size 460.7 MB zeros 36.1%
gen 12 [73/100] k= 17 c=0.872 alpha=-0.136 beta=+0.087 | loss 3.5801 size 461.2 MB zeros 19.8%
gen 12 [74/100] k=  5 c=0.706 alpha=-0.975 beta=+0.935 | loss 11.1688 size 345.5 MB zeros 69.0%
gen 12 [75/100] k=  5 c=0.969 alpha=-0.999 beta=+0.794 | loss 14.9773 size 344.0 MB zeros 70.7%
gen 12 [76/100] k= 14 c=0.968 alpha=-0.742 beta=+0.737 | loss 9.3003 size 395.9 MB zeros 56.3%
gen 12 [77/100] k= 11 c=0.849 alpha=-0.900 beta=+0.886 | loss 10.5720 size 380.8 MB zeros 64.7%
gen 12 [78/100] k=102 c=0.948 alpha=-0.058 beta=+0.023 | loss 3.0673 size 586.1 MB zeros 4.4%
gen 12 [79/100] k= 38 c=0.983 alpha=-0.856 beta=+0.029 | loss 17.8826 size 488.4 MB zeros 36.4%
gen 12 [80/100] k= 58 c=0.946 alpha=-0.042 beta=+0.004 | loss 3.1250 size 541.4 MB zeros 6.3%
gen 12 [81/100] k=  4 c=0.976 alpha=-0.332 beta=+0.484 | loss 15.5372 size 323.6 MB zeros 93.5%
gen 12 [82/100] k=  5 c=0.716 alpha=-0.989 beta=+0.898 | loss 11.4750 size 345.9 MB zeros 68.5%
gen 12 [83/100] k= 16 c=0.885 alpha=-0.054 beta=+0.045 | loss 3.7388 size 450.3 MB zeros 22.7%
gen 12 [84/100] k= 14 c=0.821 alpha=-0.396 beta=+0.445 | loss 4.6650 size 433.2 MB zeros 35.5%
gen 12 [85/100] k= 30 c=0.976 alpha=-0.063 beta=+0.442 | loss 3.5600 size 486.6 MB zeros 24.5%
gen 12 [86/100] k=  3 c=0.759 alpha=-0.913 beta=+0.483 | loss 17.5237 size 323.9 MB zeros 86.2%
gen 12 [87/100] k=  4 c=0.956 alpha=-0.896 beta=+0.995 | loss 16.4437 size 324.0 MB zeros 93.0%
gen 12 [88/100] k=104 c=0.976 alpha=-0.992 beta=+0.095 | loss 17.9052 size 509.3 MB zeros 38.8%
gen 12 [89/100] k= 35 c=0.765 alpha=-0.975 beta=+0.929 | loss 10.9471 size 404.8 MB zeros 67.5%
gen 12 [90/100] k= 18 c=0.836 alpha=-0.829 beta=+0.828 | loss 9.5918 size 404.6 MB zeros 61.2%
gen 12 [91/100] k= 24 c=0.989 alpha=-0.307 beta=+0.097 | loss 3.4492 size 493.1 MB zeros 21.4%
gen 12 [92/100] k= 68 c=0.995 alpha=-0.032 beta=+0.162 | loss 3.0843 size 586.1 MB zeros 9.8%
gen 12 [93/100] k= 42 c=0.979 alpha=-0.772 beta=+0.772 | loss 8.6696 size 430.6 MB zeros 57.9%
gen 12 [94/100] k= 17 c=0.940 alpha=-0.431 beta=+0.849 | loss 15.5477 size 408.9 MB zeros 49.1%
gen 12 [95/100] k=208 c=0.983 alpha=-0.102 beta=+0.147 | loss 3.0768 size 630.8 MB zeros 10.6%
gen 12 [96/100] k= 17 c=0.854 alpha=-0.938 beta=+0.100 | loss 17.8293 size 419.5 MB zeros 43.1%
gen 12 [97/100] k=  3 c=0.993 alpha=-0.976 beta=+0.096 | loss 15.9345 size 320.5 MB zeros 93.9%
gen 12 [98/100] k= 36 c=0.957 alpha=-0.042 beta=+0.087 | loss 3.1148 size 541.4 MB zeros 10.5%
gen 12 [99/100] k= 23 c=0.857 alpha=-0.898 beta=+0.865 | loss 10.2632 size 398.3 MB zeros 64.0%
gen 12 [100/100] k= 32 c=0.957 alpha=-0.042 beta=+0.026 | loss 3.1474 size 496.7 MB zeros 11.9%
=== generation 12/50 done in 162s (0 from cache), Pareto front has 100 points, best loss 3.0523, smallest 320.4 MB
gen 13 [1/100] k= 13 c=0.863 alpha=-0.477 beta=+0.450 | loss 5.2103 size 427.8 MB zeros 38.5%
gen 13 [2/100] k= 17 c=0.967 alpha=-0.739 beta=+0.066 | loss 17.5943 size 427.0 MB zeros 39.0%
gen 13 [3/100] k=  9 c=0.757 alpha=-0.988 beta=+0.065 | loss 17.5766 size 383.3 MB zeros 51.1%
gen 13 [4/100] k= 18 c=0.991 alpha=-0.137 beta=+0.096 | loss 3.6938 size 490.6 MB zeros 22.3%
gen 13 [5/100] k= 26 c=0.890 alpha=-0.984 beta=+0.212 | loss 17.9128 size 443.1 MB zeros 43.9%
gen 13 [6/100] k= 43 c=0.958 alpha=-0.949 beta=+0.822 | loss 10.3062 size 414.1 MB zeros 64.1%
gen 13 [7/100] k= 17 c=0.850 alpha=-0.061 beta=+0.005 | loss 3.5777 size 462.1 MB zeros 19.3%
gen 13 [8/100] k=  3 c=0.860 alpha=-0.894 beta=+0.869 | loss 16.6291 size 322.1 MB zeros 90.2%
gen 13 [9/100] k=  5 c=0.706 alpha=-0.939 beta=+0.935 | loss 11.3103 size 346.2 MB zeros 68.2%
gen 13 [10/100] k= 17 c=0.757 alpha=-0.056 beta=+0.830 | loss 15.4095 size 426.3 MB zeros 39.3%
gen 13 [11/100] k=212 c=0.776 alpha=-0.061 beta=+0.326 | loss 3.4135 size 617.7 MB zeros 16.2%
gen 13 [12/100] k= 12 c=0.728 alpha=-0.404 beta=+0.052 | loss 4.4807 size 442.6 MB zeros 30.2%
gen 13 [13/100] k=  9 c=0.935 alpha=-0.425 beta=+0.494 | loss 7.2658 size 395.9 MB zeros 41.7%
gen 13 [14/100] k= 58 c=0.971 alpha=-0.034 beta=+0.093 | loss 3.0846 size 541.4 MB zeros 7.5%
gen 13 [15/100] k= 14 c=0.822 alpha=-0.396 beta=+0.445 | loss 4.4952 size 433.3 MB zeros 35.4%
gen 13 [16/100] k= 40 c=0.971 alpha=-0.050 beta=+0.023 | loss 3.1075 size 541.4 MB zeros 9.5%
gen 13 [17/100] k= 31 c=0.928 alpha=-0.001 beta=+0.484 | loss 14.4869 size 484.8 MB zeros 25.3%
gen 13 [18/100] k=  6 c=0.718 alpha=-0.859 beta=+0.097 | loss 17.9808 size 371.2 MB zeros 60.1%
gen 13 [19/100] k= 13 c=0.979 alpha=-0.590 beta=+0.772 | loss 13.6441 size 402.4 MB zeros 52.7%
gen 13 [20/100] k= 27 c=0.952 alpha=-0.431 beta=+0.066 | loss 3.6437 size 486.8 MB zeros 24.4%
gen 13 [21/100] k= 13 c=0.963 alpha=-0.672 beta=+0.775 | loss 8.2419 size 397.7 MB zeros 55.3%
gen 13 [22/100] k= 17 c=0.939 alpha=-0.401 beta=+0.867 | loss 15.5205 size 410.0 MB zeros 48.5%
gen 13 [23/100] k= 36 c=0.831 alpha=-0.411 beta=+0.429 | loss 4.2088 size 494.0 MB zeros 34.3%
gen 13 [24/100] k= 13 c=0.979 alpha=-0.733 beta=+0.772 | loss 8.9335 size 394.5 MB zeros 57.1%
gen 13 [25/100] k=  3 c=0.976 alpha=-0.855 beta=+0.099 | loss 15.6506 size 320.7 MB zeros 93.5%
gen 13 [26/100] k=  7 c=0.886 alpha=-0.067 beta=+0.467 | loss 11.3496 size 387.8 MB zeros 47.8%
gen 13 [27/100] k= 17 c=0.872 alpha=-0.424 beta=+0.054 | loss 3.9104 size 447.4 MB zeros 27.5%
gen 13 [28/100] k= 24 c=0.962 alpha=-0.084 beta=+0.190 | loss 3.3289 size 496.0 MB zeros 17.0%
gen 13 [29/100] k=  5 c=0.785 alpha=-0.971 beta=+0.993 | loss 11.4126 size 344.1 MB zeros 70.6%
gen 13 [30/100] k= 13 c=0.716 alpha=-0.426 beta=+0.739 | loss 15.6204 size 414.7 MB zeros 45.8%
gen 13 [31/100] k=  4 c=0.976 alpha=-0.330 beta=+0.484 | loss 15.5372 size 323.6 MB zeros 93.5%
gen 13 [32/100] k= 17 c=0.863 alpha=-0.910 beta=+0.066 | loss 17.8516 size 420.5 MB zeros 42.6%
gen 13 [33/100] k= 17 c=0.952 alpha=-0.839 beta=+0.023 | loss 17.7343 size 422.2 MB zeros 41.6%
gen 13 [34/100] k= 11 c=0.728 alpha=-0.404 beta=+0.052 | loss 4.6936 size 442.6 MB zeros 30.2%
gen 13 [35/100] k=  5 c=0.716 alpha=-0.980 beta=+0.097 | loss 17.9477 size 351.1 MB zeros 62.7%
gen 13 [36/100] k= 24 c=0.996 alpha=-0.307 beta=+0.016 | loss 3.4369 size 493.0 MB zeros 21.4%
gen 13 [37/100] k= 17 c=0.870 alpha=-0.834 beta=+0.817 | loss 9.5149 size 387.5 MB zeros 61.0%
gen 13 [38/100] k= 14 c=0.832 alpha=-0.582 beta=+0.503 | loss 5.8699 size 418.4 MB zeros 43.7%
gen 13 [39/100] k=222 c=0.716 alpha=-0.938 beta=+0.927 | loss 10.8046 size 437.2 MB zeros 66.6%
gen 13 [40/100] k=  3 c=0.963 alpha=-0.032 beta=+0.478 | loss 15.8900 size 320.8 MB zeros 93.2%
gen 13 [41/100] k= 29 c=0.958 alpha=-0.196 beta=+0.152 | loss 3.2385 size 496.6 MB zeros 15.9%
gen 13 [42/100] k= 72 c=0.969 alpha=-0.013 beta=+0.096 | loss 3.0613 size 586.1 MB zeros 6.8%
gen 13 [43/100] k=  7 c=0.857 alpha=-0.898 beta=+0.787 | loss 12.5962 size 367.5 MB zeros 63.0%
gen 13 [44/100] k= 23 c=0.717 alpha=-0.369 beta=+0.437 | loss 4.3951 size 467.3 MB zeros 33.1%
gen 13 [45/100] k= 17 c=0.941 alpha=-0.464 beta=+0.391 | loss 4.5950 size 433.0 MB zeros 35.6%
gen 13 [46/100] k= 30 c=0.970 alpha=-0.975 beta=+0.428 | loss 18.0294 size 425.4 MB zeros 51.9%
gen 13 [47/100] k= 12 c=0.757 alpha=-0.437 beta=+0.306 | loss 4.8700 size 437.9 MB zeros 32.8%
gen 13 [48/100] k= 34 c=0.963 alpha=-0.111 beta=+0.103 | loss 3.1475 size 541.4 MB zeros 11.4%
gen 13 [49/100] k=  5 c=0.976 alpha=-0.397 beta=+0.994 | loss 14.7127 size 344.0 MB zeros 70.7%
gen 13 [50/100] k= 11 c=0.857 alpha=-0.022 beta=+0.886 | loss 15.5480 size 412.2 MB zeros 47.2%
gen 13 [51/100] k= 24 c=0.897 alpha=-0.277 beta=+0.096 | loss 3.3637 size 495.3 MB zeros 19.5%
gen 13 [52/100] k= 37 c=0.970 alpha=-0.138 beta=+0.442 | loss 3.4869 size 520.9 MB zeros 24.3%
gen 13 [53/100] k=  5 c=0.784 alpha=-0.245 beta=+0.932 | loss 14.9345 size 350.1 MB zeros 63.8%
gen 13 [54/100] k= 17 c=0.782 alpha=-0.025 beta=+0.086 | loss 3.5491 size 464.7 MB zeros 17.9%
gen 13 [55/100] k=  3 c=0.886 alpha=-0.889 beta=+0.391 | loss 17.2727 size 321.8 MB zeros 91.0%
gen 13 [56/100] k= 17 c=0.872 alpha=-0.838 beta=+0.783 | loss 9.4565 size 389.0 MB zeros 60.2%
gen 13 [57/100] k= 22 c=0.976 alpha=-0.857 beta=+0.442 | loss 18.0142 size 430.7 MB zeros 49.5%
gen 13 [58/100] k= 17 c=0.870 alpha=-0.408 beta=+0.148 | loss 3.8744 size 448.5 MB zeros 26.9%
gen 13 [59/100] k=  7 c=0.838 alpha=-0.842 beta=+0.148 | loss 18.0075 size 379.1 MB zeros 54.3%
gen 13 [60/100] k= 23 c=0.967 alpha=-0.510 beta=+0.078 | loss 16.8980 size 477.4 MB zeros 28.6%
gen 13 [61/100] k=  9 c=0.717 alpha=-0.398 beta=+0.438 | loss 5.9099 size 402.9 MB zeros 36.5%
gen 13 [62/100] k= 34 c=0.963 alpha=-0.041 beta=+0.149 | loss 3.1469 size 541.4 MB zeros 12.4%
gen 13 [63/100] k=  5 c=0.719 alpha=-0.975 beta=+0.929 | loss 10.7648 size 345.6 MB zeros 68.9%
gen 13 [64/100] k=  9 c=0.968 alpha=-0.431 beta=+0.484 | loss 8.0032 size 395.3 MB zeros 42.2%
gen 13 [65/100] k=  5 c=0.917 alpha=-0.976 beta=+0.788 | loss 16.6353 size 345.5 MB zeros 69.0%
gen 13 [66/100] k=  4 c=0.976 alpha=-0.332 beta=+0.034 | loss 15.5372 size 323.6 MB zeros 93.5%
gen 13 [67/100] k= 81 c=0.998 alpha=-0.053 beta=+0.940 | loss 15.4398 size 517.9 MB zeros 36.1%
gen 13 [68/100] k= 17 c=0.902 alpha=-0.676 beta=+0.441 | loss 16.7475 size 417.4 MB zeros 44.3%
gen 13 [69/100] k=  9 c=0.757 alpha=-0.406 beta=+0.343 | loss 5.7521 size 405.1 MB zeros 34.9%
gen 13 [70/100] k= 28 c=0.922 alpha=-0.036 beta=+0.005 | loss 3.2204 size 496.6 MB zeros 13.1%
gen 13 [71/100] k= 17 c=0.849 alpha=-0.962 beta=+0.391 | loss 17.9018 size 406.5 MB zeros 50.4%
gen 13 [72/100] k= 10 c=0.882 alpha=-0.695 beta=+0.822 | loss 11.5973 size 393.2 MB zeros 57.8%
gen 13 [73/100] k=  9 c=0.971 alpha=-0.431 beta=+0.484 | loss 7.9244 size 395.2 MB zeros 42.3%
gen 13 [74/100] k= 16 c=0.847 alpha=-0.403 beta=+0.045 | loss 3.8895 size 446.8 MB zeros 27.9%
gen 13 [75/100] k=217 c=0.981 alpha=-0.099 beta=+0.079 | loss 3.0535 size 630.8 MB zeros 7.6%
gen 13 [76/100] k= 59 c=0.860 alpha=-0.063 beta=+0.144 | loss 3.1295 size 541.4 MB zeros 9.3%
gen 13 [77/100] k=  5 c=0.729 alpha=-0.990 beta=+0.995 | loss 11.8142 size 344.0 MB zeros 70.7%
gen 13 [78/100] k=  9 c=0.964 alpha=-0.746 beta=+0.512 | loss 18.1249 size 383.6 MB zeros 50.9%
gen 13 [79/100] k= 11 c=0.857 alpha=-0.901 beta=+0.886 | loss 10.6344 size 380.7 MB zeros 64.8%
gen 13 [80/100] k= 34 c=0.934 alpha=-0.420 beta=+0.867 | loss 15.3232 size 455.1 MB zeros 48.8%
gen 13 [81/100] k= 32 c=0.971 alpha=-0.159 beta=+0.852 | loss 15.3924 size 455.2 MB zeros 38.5%
gen 13 [82/100] k=  6 c=0.761 alpha=-0.404 beta=+0.484 | loss 13.0249 size 374.2 MB zeros 57.9%
gen 13 [83/100] k=  3 c=0.993 alpha=-0.952 beta=+0.925 | loss 15.9345 size 320.5 MB zeros 93.9%
gen 13 [84/100] k=  3 c=0.989 alpha=-0.918 beta=+0.387 | loss 16.1003 size 320.5 MB zeros 93.8%
gen 13 [85/100] k= 17 c=0.871 alpha=-0.295 beta=+0.145 | loss 3.6709 size 455.8 MB zeros 22.9%
gen 13 [86/100] k= 17 c=0.901 alpha=-0.368 beta=+0.431 | loss 4.4160 size 436.7 MB zeros 33.5%
gen 13 [87/100] k=  5 c=0.986 alpha=-0.094 beta=+0.079 | loss 15.9034 size 345.5 MB zeros 69.0%
gen 13 [88/100] k= 29 c=0.943 alpha=-0.431 beta=+0.140 | loss 3.5209 size 486.8 MB zeros 24.4%
gen 13 [89/100] k= 16 c=0.790 alpha=-0.056 beta=+0.437 | loss 3.9789 size 446.0 MB zeros 28.3%
gen 13 [90/100] k= 31 c=0.976 alpha=-0.138 beta=+0.425 | loss 3.4918 size 487.7 MB zeros 24.0%
gen 13 [91/100] k= 14 c=0.967 alpha=-0.431 beta=+0.005 | loss 4.5577 size 438.3 MB zeros 32.6%
gen 13 [92/100] k=  5 c=0.994 alpha=-0.998 beta=+0.865 | loss 15.4776 size 343.1 MB zeros 71.7%
gen 13 [93/100] k= 14 c=0.831 alpha=-0.506 beta=+0.429 | loss 5.1168 size 427.4 MB zeros 38.7%
gen 13 [94/100] k= 17 c=0.846 alpha=-0.105 beta=+0.130 | loss 3.5854 size 462.2 MB zeros 19.3%
gen 13 [95/100] k=  4 c=0.976 alpha=-0.138 beta=+0.985 | loss 15.6279 size 323.6 MB zeros 93.5%
gen 13 [96/100] k=  7 c=0.706 alpha=-0.975 beta=+0.949 | loss 12.3655 size 360.1 MB zeros 68.4%
gen 13 [97/100] k=  9 c=0.971 alpha=-0.017 beta=+0.097 | loss 7.8172 size 397.4 MB zeros 40.7%
gen 13 [98/100] k=206 c=0.986 alpha=-0.115 beta=+0.079 | loss 3.0672 size 630.8 MB zeros 8.3%
gen 13 [99/100] k=  5 c=0.874 alpha=-0.998 beta=+0.770 | loss 17.7402 size 346.1 MB zeros 68.3%
gen 13 [100/100] k=  4 c=0.978 alpha=-0.408 beta=+0.481 | loss 15.9765 size 323.5 MB zeros 93.5%
=== generation 13/50 done in 162s (0 from cache), Pareto front has 100 points, best loss 3.0523, smallest 320.4 MB
gen 14 [1/100] k=  5 c=0.716 alpha=-0.975 beta=+0.930 | loss 10.4733 size 345.6 MB zeros 68.9%
gen 14 [2/100] k=  6 c=0.953 alpha=-1.000 beta=+0.022 | loss 16.3957 size 357.9 MB zeros 70.1%
gen 14 [3/100] k= 15 c=0.971 alpha=-0.854 beta=+0.860 | loss 10.3751 size 384.3 MB zeros 62.8%
gen 14 [4/100] k= 14 c=0.831 alpha=-0.645 beta=+0.429 | loss 9.6721 size 419.3 MB zeros 43.3%
gen 14 [5/100] k=217 c=0.787 alpha=-0.950 beta=+0.967 | loss 11.1312 size 432.7 MB zeros 67.9%
gen 14 [6/100] k= 35 c=0.863 alpha=-0.416 beta=+0.467 | loss 4.4065 size 489.7 MB zeros 35.9%
gen 14 [7/100] k=  3 c=0.996 alpha=-0.918 beta=+0.111 | loss 15.9853 size 320.4 MB zeros 94.0%
gen 14 [8/100] k=  9 c=0.757 alpha=-0.044 beta=+0.142 | loss 5.6618 size 407.9 MB zeros 32.8%
gen 14 [9/100] k= 10 c=0.865 alpha=-0.402 beta=+0.343 | loss 6.2755 size 429.6 MB zeros 37.5%
gen 14 [10/100] k= 14 c=0.885 alpha=-0.772 beta=+0.438 | loss 17.3909 size 411.7 MB zeros 47.5%
gen 14 [11/100] k= 12 c=0.986 alpha=-0.882 beta=+0.079 | loss 17.6923 size 408.7 MB zeros 49.2%
gen 14 [12/100] k= 18 c=0.967 alpha=-0.436 beta=+0.066 | loss 3.9444 size 476.5 MB zeros 29.0%
gen 14 [13/100] k= 22 c=0.957 alpha=-0.042 beta=+0.026 | loss 3.3473 size 495.3 MB zeros 17.5%
gen 14 [14/100] k= 16 c=0.789 alpha=-0.062 beta=+0.140 | loss 3.7096 size 451.3 MB zeros 20.5%
gen 14 [15/100] k= 16 c=0.940 alpha=-0.431 beta=+0.391 | loss 4.3092 size 434.5 MB zeros 34.7%
gen 14 [16/100] k= 14 c=0.890 alpha=-0.351 beta=+0.426 | loss 4.6108 size 436.5 MB zeros 33.6%
gen 14 [17/100] k=  9 c=0.859 alpha=-0.383 beta=+0.516 | loss 6.6276 size 397.6 MB zeros 40.5%
gen 14 [18/100] k= 16 c=0.885 alpha=-0.054 beta=+0.036 | loss 3.7388 size 450.3 MB zeros 22.7%
gen 14 [19/100] k= 72 c=0.969 alpha=-0.013 beta=+0.095 | loss 3.0614 size 586.1 MB zeros 6.8%
gen 14 [20/100] k= 13 c=0.862 alpha=-0.711 beta=+0.811 | loss 9.3836 size 394.0 MB zeros 57.4%
gen 14 [21/100] k= 11 c=0.930 alpha=-0.432 beta=+0.969 | loss 15.5362 size 401.7 MB zeros 53.1%
gen 14 [22/100] k=  9 c=0.717 alpha=-0.398 beta=+0.408 | loss 5.8187 size 404.1 MB zeros 35.6%
gen 14 [23/100] k= 31 c=0.976 alpha=-0.006 beta=+0.425 | loss 3.5006 size 489.0 MB zeros 23.4%
gen 14 [24/100] k= 33 c=0.935 alpha=-0.433 beta=+0.155 | loss 3.4751 size 486.1 MB zeros 24.7%
gen 14 [25/100] k=  5 c=0.880 alpha=-0.976 beta=+0.826 | loss 16.9563 size 345.8 MB zeros 68.6%
gen 14 [26/100] k= 30 c=0.989 alpha=-0.965 beta=+0.087 | loss 17.9315 size 450.5 MB zeros 40.6%
gen 14 [27/100] k=  5 c=0.702 alpha=-0.975 beta=+0.914 | loss 11.8027 size 345.9 MB zeros 68.5%
gen 14 [28/100] k=  9 c=0.932 alpha=-0.094 beta=+0.104 | loss 7.3092 size 399.2 MB zeros 39.3%
gen 14 [29/100] k= 83 c=0.993 alpha=-0.019 beta=+0.162 | loss 3.0783 size 586.1 MB zeros 9.2%
gen 14 [30/100] k=  9 c=0.757 alpha=-0.137 beta=+0.426 | loss 5.8663 size 404.8 MB zeros 35.1%
gen 14 [31/100] k= 17 c=0.758 alpha=-0.093 beta=+0.820 | loss 15.4185 size 426.8 MB zeros 39.0%
gen 14 [32/100] k= 17 c=0.959 alpha=-0.862 beta=+0.789 | loss 10.6443 size 387.5 MB zeros 61.0%
gen 14 [33/100] k= 13 c=0.914 alpha=-0.512 beta=+0.441 | loss 5.3928 size 425.9 MB zeros 39.6%
gen 14 [34/100] k= 11 c=0.857 alpha=-0.909 beta=+0.886 | loss 10.6708 size 380.4 MB zeros 65.0%
gen 14 [35/100] k= 16 c=0.968 alpha=-0.383 beta=+0.390 | loss 4.3099 size 437.4 MB zeros 33.1%
gen 14 [36/100] k=197 c=0.860 alpha=-0.979 beta=+0.865 | loss 10.0832 size 439.4 MB zeros 66.0%
gen 14 [37/100] k= 17 c=0.885 alpha=-0.865 beta=+0.838 | loss 10.0451 size 385.0 MB zeros 62.4%
gen 14 [38/100] k=  3 c=0.964 alpha=-0.310 beta=+0.775 | loss 15.8749 size 320.8 MB zeros 93.2%
gen 14 [39/100] k= 18 c=0.953 alpha=-0.295 beta=+0.143 | loss 3.6733 size 487.9 MB zeros 23.9%
gen 14 [40/100] k= 22 c=0.854 alpha=-0.862 beta=+0.865 | loss 10.5515 size 400.4 MB zeros 63.0%
gen 14 [41/100] k= 17 c=0.970 alpha=-0.138 beta=+0.384 | loss 3.7669 size 447.9 MB zeros 27.2%
gen 14 [42/100] k= 17 c=0.967 alpha=-0.597 beta=+0.088 | loss 17.6490 size 434.9 MB zeros 34.5%
gen 14 [43/100] k= 17 c=0.775 alpha=-0.335 beta=+0.096 | loss 3.7566 size 455.3 MB zeros 23.1%
gen 14 [44/100] k= 17 c=0.717 alpha=-0.990 beta=+0.077 | loss 17.9226 size 419.9 MB zeros 42.9%
gen 14 [45/100] k= 17 c=0.856 alpha=-0.840 beta=+0.045 | loss 17.7825 size 424.0 MB zeros 40.6%
gen 14 [46/100] k=  5 c=0.716 alpha=-0.508 beta=+0.937 | loss 14.9740 size 351.9 MB zeros 61.8%
gen 14 [47/100] k= 17 c=0.873 alpha=-0.838 beta=+0.409 | loss 17.8002 size 410.9 MB zeros 47.9%
gen 14 [48/100] k=  4 c=0.976 alpha=-0.950 beta=+0.994 | loss 15.6358 size 323.6 MB zeros 93.5%
gen 14 [49/100] k= 17 c=0.933 alpha=-0.044 beta=+0.822 | loss 15.5211 size 423.3 MB zeros 41.0%
gen 14 [50/100] k=  5 c=0.714 alpha=-0.996 beta=+0.990 | loss 11.6672 size 344.0 MB zeros 70.6%
gen 14 [51/100] k= 46 c=0.971 alpha=-0.102 beta=+0.804 | loss 15.4408 size 493.0 MB zeros 34.7%
gen 14 [52/100] k=  5 c=0.739 alpha=-0.990 beta=+0.995 | loss 12.7730 size 343.9 MB zeros 70.7%
gen 14 [53/100] k=  6 c=0.976 alpha=-0.975 beta=+0.994 | loss 14.6175 size 354.6 MB zeros 72.5%
gen 14 [54/100] k= 10 c=0.982 alpha=-0.130 beta=+0.092 | loss 7.9731 size 423.2 MB zeros 41.1%
gen 14 [55/100] k= 17 c=0.871 alpha=-0.294 beta=+0.145 | loss 3.6751 size 455.8 MB zeros 22.8%
gen 14 [56/100] k=  3 c=0.971 alpha=-0.867 beta=+0.369 | loss 15.5865 size 320.7 MB zeros 93.4%
gen 14 [57/100] k= 16 c=0.728 alpha=-0.109 beta=+0.045 | loss 3.7508 size 451.7 MB zeros 19.0%
gen 14 [58/100] k= 17 c=0.983 alpha=-0.571 beta=+0.730 | loss 7.7280 size 406.2 MB zeros 50.5%
gen 14 [59/100] k=221 c=0.836 alpha=-0.066 beta=+0.828 | loss 15.4439 size 556.2 MB zeros 33.4%
gen 14 [60/100] k= 66 c=0.997 alpha=-0.005 beta=+0.112 | loss 3.0857 size 586.1 MB zeros 7.8%
gen 14 [61/100] k= 16 c=0.847 alpha=-0.403 beta=+0.015 | loss 3.8895 size 446.8 MB zeros 27.9%
gen 14 [62/100] k= 29 c=0.944 alpha=-0.424 beta=+0.150 | loss 3.5063 size 486.7 MB zeros 24.5%
gen 14 [63/100] k=  6 c=0.723 alpha=-0.980 beta=+0.927 | loss 10.5735 size 359.4 MB zeros 69.0%
gen 14 [64/100] k=  9 c=0.714 alpha=-0.431 beta=+0.492 | loss 6.1222 size 399.3 MB zeros 39.2%
gen 14 [65/100] k= 17 c=0.974 alpha=-0.946 beta=+0.731 | loss 18.2273 size 386.7 MB zeros 61.5%
gen 14 [66/100] k=  3 c=0.857 alpha=-0.853 beta=+0.886 | loss 16.7018 size 322.2 MB zeros 90.1%
gen 14 [67/100] k= 23 c=0.928 alpha=-0.001 beta=+0.034 | loss 3.2872 size 496.3 MB zeros 15.5%
gen 14 [68/100] k= 17 c=0.962 alpha=-0.900 beta=+0.865 | loss 10.6694 size 382.0 MB zeros 64.1%
gen 14 [69/100] k=  9 c=0.703 alpha=-0.973 beta=+0.494 | loss 17.4976 size 378.2 MB zeros 54.9%
gen 14 [70/100] k= 17 c=0.938 alpha=-0.430 beta=+0.330 | loss 4.1460 size 439.1 MB zeros 32.2%
gen 14 [71/100] k= 11 c=0.963 alpha=-0.026 beta=+0.487 | loss 5.5044 size 430.0 MB zeros 37.3%
gen 14 [72/100] k= 17 c=0.972 alpha=-0.710 beta=+0.822 | loss 9.1333 size 393.6 MB zeros 57.6%
gen 14 [73/100] k=  3 c=0.976 alpha=-0.133 beta=+0.433 | loss 15.6401 size 320.7 MB zeros 93.5%
gen 14 [74/100] k=  9 c=0.773 alpha=-0.376 beta=+0.455 | loss 6.0455 size 402.1 MB zeros 37.2%
gen 14 [75/100] k= 34 c=0.964 alpha=-0.031 beta=+0.149 | loss 3.1449 size 541.4 MB zeros 12.4%
gen 14 [76/100] k=  9 c=0.716 alpha=-0.419 beta=+0.475 | loss 6.0656 size 400.5 MB zeros 38.3%
gen 14 [77/100] k=  9 c=0.875 alpha=-0.899 beta=+0.239 | loss 17.7866 size 383.2 MB zeros 51.3%
gen 14 [78/100] k=  5 c=0.974 alpha=-0.998 beta=+0.819 | loss 14.5516 size 343.8 MB zeros 70.9%
gen 14 [80/100] k= 17 c=0.846 alpha=-0.729 beta=+0.775 | loss 8.5119 size 395.0 MB zeros 56.8%
gen 14 [81/100] k= 73 c=0.940 alpha=-0.002 beta=+0.110 | loss 3.0859 size 586.1 MB zeros 7.2%
gen 14 [82/100] k= 35 c=0.987 alpha=-0.226 beta=+0.079 | loss 3.1872 size 540.8 MB zeros 15.1%
gen 14 [83/100] k= 17 c=0.971 alpha=-0.001 beta=+0.198 | loss 3.6049 size 457.4 MB zeros 22.0%
gen 14 [84/100] k= 13 c=0.967 alpha=-0.762 beta=+0.034 | loss 17.5641 size 419.7 MB zeros 43.0%
gen 14 [85/100] k= 41 c=0.875 alpha=-0.042 beta=+0.112 | loss 3.1716 size 541.4 MB zeros 9.2%
gen 14 [86/100] k=218 c=0.988 alpha=-0.258 beta=+0.079 | loss 3.1211 size 624.8 MB zeros 14.2%
gen 14 [87/100] k= 29 c=0.940 alpha=-0.464 beta=+0.441 | loss 4.4843 size 459.0 MB zeros 36.8%
gen 14 [88/100] k=  9 c=0.982 alpha=-0.040 beta=+0.398 | loss 7.8659 size 396.7 MB zeros 41.1%
gen 14 [89/100] k=  5 c=0.956 alpha=-0.411 beta=+0.969 | loss 14.9688 size 344.8 MB zeros 69.7%
gen 14 [90/100] k= 17 c=0.870 alpha=-0.108 beta=+0.817 | loss 15.5023 size 424.8 MB zeros 40.2%
gen 14 [91/100] k= 14 c=0.831 alpha=-0.976 beta=+0.419 | loss 17.6445 size 403.5 MB zeros 52.1%
gen 14 [92/100] k=  3 c=0.995 alpha=-0.918 beta=+0.774 | loss 16.0935 size 320.5 MB zeros 93.9%
gen 14 [93/100] k= 32 c=0.944 alpha=-0.222 beta=+0.438 | loss 3.5053 size 479.9 MB zeros 27.5%
gen 14 [94/100] k= 28 c=0.881 alpha=-0.694 beta=+0.005 | loss 18.0098 size 467.8 MB zeros 32.9%
gen 14 [95/100] k= 16 c=0.822 alpha=-0.406 beta=+0.046 | loss 3.9264 size 447.2 MB zeros 27.6%
gen 14 [96/100] k= 13 c=0.863 alpha=-0.415 beta=+0.467 | loss 4.9709 size 430.5 MB zeros 37.0%
gen 14 [97/100] k= 23 c=0.782 alpha=-0.025 beta=+0.139 | loss 3.3255 size 496.6 MB zeros 13.5%
gen 14 [98/100] k= 14 c=0.847 alpha=-0.403 beta=+0.458 | loss 4.8263 size 431.9 MB zeros 36.2%
gen 14 [99/100] k= 17 c=0.947 alpha=-0.431 beta=+0.429 | loss 4.6354 size 432.7 MB zeros 35.7%
gen 14 [100/100] k= 17 c=0.735 alpha=-0.431 beta=+0.019 | loss 4.2635 size 449.9 MB zeros 26.2%
=== generation 14/50 done in 161s (1 from cache), Pareto front has 100 points, best loss 3.0523, smallest 320.4 MB
gen 15 [1/100] k=  6 c=0.717 alpha=-0.439 beta=+0.330 | loss 12.4425 size 377.5 MB zeros 55.4%
gen 15 [2/100] k=  9 c=0.822 alpha=-0.404 beta=+0.469 | loss 6.3526 size 399.8 MB zeros 38.9%
gen 15 [3/100] k=  4 c=0.971 alpha=-0.035 beta=+0.149 | loss 15.5721 size 323.7 MB zeros 93.4%
gen 15 [4/100] k=  5 c=0.793 alpha=-0.971 beta=+0.956 | loss 12.1514 size 344.7 MB zeros 69.8%
gen 15 [5/100] k= 17 c=0.905 alpha=-0.103 beta=+0.198 | loss 3.5583 size 459.7 MB zeros 20.7%
gen 15 [6/100] k= 13 c=0.863 alpha=-0.385 beta=+0.467 | loss 4.8572 size 432.3 MB zeros 36.0%
gen 15 [7/100] k= 17 c=0.830 alpha=-0.400 beta=+0.429 | loss 4.5492 size 435.1 MB zeros 34.4%
gen 15 [8/100] k= 76 c=0.963 alpha=-0.349 beta=+0.162 | loss 3.2685 size 564.0 MB zeros 21.4%
gen 15 [9/100] k= 17 c=0.883 alpha=-0.854 beta=+0.937 | loss 11.0484 size 380.9 MB zeros 64.7%
gen 15 [10/100] k= 10 c=0.883 alpha=-0.865 beta=+0.838 | loss 10.4502 size 384.2 MB zeros 62.9%
gen 15 [11/100] k=215 c=0.934 alpha=-0.061 beta=+0.080 | loss 3.0689 size 630.8 MB zeros 6.1%
gen 15 [12/100] k= 29 c=0.782 alpha=-0.103 beta=+0.079 | loss 3.2423 size 496.7 MB zeros 10.6%
gen 15 [13/100] k= 33 c=0.957 alpha=-0.042 beta=+0.026 | loss 3.1484 size 516.5 MB zeros 11.1%
gen 15 [14/100] k= 17 c=0.904 alpha=-0.562 beta=+0.074 | loss 17.6543 size 438.2 MB zeros 32.7%
gen 15 [15/100] k= 16 c=0.882 alpha=-0.700 beta=+0.822 | loss 9.5376 size 394.1 MB zeros 57.3%
gen 15 [16/100] k=  5 c=0.740 alpha=-0.975 beta=+0.974 | loss 13.2014 size 344.6 MB zeros 70.0%
gen 15 [17/100] k=  6 c=0.973 alpha=-0.918 beta=+0.111 | loss 15.7175 size 358.6 MB zeros 69.5%
gen 15 [18/100] k=  9 c=0.714 alpha=-0.444 beta=+0.108 | loss 5.6667 size 405.5 MB zeros 34.6%
gen 15 [19/100] k= 30 c=0.993 alpha=-0.918 beta=+0.313 | loss 17.9784 size 438.3 MB zeros 46.1%
gen 15 [20/100] k= 51 c=0.734 alpha=-0.464 beta=+0.350 | loss 4.4194 size 496.8 MB zeros 33.3%
gen 15 [21/100] k=  8 c=0.855 alpha=-0.899 beta=+0.849 | loss 13.1017 size 365.3 MB zeros 64.5%
gen 15 [22/100] k= 17 c=0.947 alpha=-0.431 beta=+0.437 | loss 4.6506 size 432.2 MB zeros 36.0%
gen 15 [23/100] k=  5 c=0.974 alpha=-0.956 beta=+0.826 | loss 15.1638 size 344.3 MB zeros 70.3%
gen 15 [24/100] k=  5 c=0.740 alpha=-0.975 beta=+0.990 | loss 13.7084 size 344.3 MB zeros 70.3%
gen 15 [25/100] k=228 c=0.833 alpha=-0.109 beta=+0.055 | loss 3.1279 size 630.8 MB zeros 7.0%
gen 15 [26/100] k= 17 c=0.854 alpha=-0.899 beta=+0.306 | loss 17.8082 size 414.7 MB zeros 45.8%
gen 15 [27/100] k= 23 c=0.890 alpha=-0.441 beta=+0.525 | loss 4.7900 size 453.9 MB zeros 39.1%
gen 15 [28/100] k= 32 c=0.863 alpha=-0.006 beta=+0.115 | loss 3.1527 size 496.7 MB zeros 11.1%
gen 15 [29/100] k=  3 c=0.999 alpha=-0.893 beta=+0.113 | loss 16.0309 size 320.4 MB zeros 94.0%
gen 15 [30/100] k=  4 c=0.976 alpha=-0.320 beta=+0.034 | loss 15.5372 size 323.6 MB zeros 93.5%
gen 15 [31/100] k= 13 c=0.847 alpha=-0.404 beta=+0.458 | loss 4.7195 size 431.8 MB zeros 36.3%
gen 15 [32/100] k= 88 c=0.914 alpha=-0.512 beta=+0.441 | loss 4.5089 size 510.4 MB zeros 38.5%
gen 15 [33/100] k= 17 c=0.970 alpha=-0.842 beta=+0.811 | loss 9.4560 size 387.4 MB zeros 61.1%
gen 15 [34/100] k=  5 c=0.841 alpha=-0.979 beta=+0.869 | loss 14.2428 size 345.7 MB zeros 68.8%
gen 15 [35/100] k=  9 c=0.757 alpha=-0.328 beta=+0.113 | loss 5.6393 size 407.6 MB zeros 33.0%
gen 15 [36/100] k=  9 c=0.728 alpha=-0.404 beta=+0.179 | loss 5.6980 size 406.6 MB zeros 33.8%
gen 15 [37/100] k=  3 c=0.997 alpha=-0.918 beta=+0.391 | loss 16.0298 size 320.4 MB zeros 94.0%
gen 15 [38/100] k= 78 c=0.993 alpha=-0.114 beta=+0.079 | loss 3.0960 size 586.1 MB zeros 8.5%
gen 15 [39/100] k= 17 c=0.876 alpha=-0.582 beta=+0.441 | loss 5.6920 size 422.9 MB zeros 41.2%
gen 15 [40/100] k=  5 c=0.702 alpha=-0.975 beta=+0.935 | loss 10.9823 size 345.5 MB zeros 69.0%
gen 15 [41/100] k= 52 c=0.951 alpha=-0.464 beta=+0.391 | loss 4.0459 size 492.6 MB zeros 34.9%
gen 15 [42/100] k= 13 c=0.707 alpha=-0.980 beta=+0.926 | loss 11.5508 size 375.7 MB zeros 67.6%
gen 15 [43/100] k=  9 c=0.860 alpha=-0.383 beta=+0.131 | loss 6.5483 size 402.3 MB zeros 37.0%
gen 15 [44/100] k= 36 c=0.963 alpha=-0.072 beta=+0.096 | loss 3.1230 size 541.4 MB zeros 10.6%
gen 15 [45/100] k= 17 c=0.787 alpha=-0.464 beta=+0.391 | loss 4.7358 size 433.5 MB zeros 35.3%
gen 15 [46/100] k= 21 c=0.947 alpha=-0.976 beta=+0.927 | loss 10.9690 size 390.3 MB zeros 67.5%
gen 15 [47/100] k= 14 c=0.722 alpha=-0.396 beta=+0.090 | loss 4.3249 size 447.3 MB zeros 27.6%
gen 15 [48/100] k= 34 c=0.976 alpha=-0.428 beta=+0.457 | loss 4.3151 size 489.3 MB zeros 36.1%
gen 15 [49/100] k=  3 c=0.976 alpha=-0.218 beta=+0.034 | loss 15.5372 size 320.7 MB zeros 93.5%
gen 15 [50/100] k= 48 c=0.974 alpha=-0.295 beta=+0.234 | loss 3.3236 size 526.5 MB zeros 22.2%
gen 15 [51/100] k= 25 c=0.890 alpha=-0.373 beta=+0.146 | loss 3.4647 size 490.6 MB zeros 22.7%
gen 15 [52/100] k= 14 c=0.860 alpha=-0.881 beta=+0.865 | loss 9.9886 size 382.8 MB zeros 63.6%
gen 15 [53/100] k= 17 c=0.980 alpha=-0.053 beta=+0.391 | loss 3.8455 size 447.3 MB zeros 27.6%
gen 15 [54/100] k= 17 c=0.969 alpha=-0.838 beta=+0.783 | loss 9.7345 size 388.9 MB zeros 60.2%
gen 15 [55/100] k= 17 c=0.719 alpha=-0.398 beta=+0.408 | loss 4.8087 size 436.9 MB zeros 33.4%
gen 15 [56/100] k= 33 c=0.987 alpha=-0.433 beta=+0.154 | loss 3.4863 size 486.1 MB zeros 24.7%
gen 15 [57/100] k=159 c=0.983 alpha=-0.114 beta=+0.087 | loss 3.0643 size 630.8 MB zeros 8.6%
gen 15 [59/100] k= 17 c=0.780 alpha=-0.000 beta=+0.453 | loss 3.9547 size 447.5 MB zeros 27.5%
gen 15 [60/100] k= 73 c=0.969 alpha=-0.013 beta=+0.096 | loss 3.0663 size 586.1 MB zeros 6.8%
gen 15 [61/100] k=  5 c=0.974 alpha=-0.990 beta=+0.995 | loss 14.5230 size 342.2 MB zeros 72.7%
gen 15 [62/100] k=  3 c=0.989 alpha=-0.721 beta=+0.822 | loss 16.1260 size 320.5 MB zeros 93.8%
gen 15 [63/100] k=  3 c=0.986 alpha=-0.976 beta=+0.523 | loss 16.0989 size 320.6 MB zeros 93.7%
gen 15 [64/100] k=  3 c=0.716 alpha=-0.978 beta=+0.989 | loss 16.9615 size 324.8 MB zeros 84.2%
gen 15 [65/100] k=  5 c=0.935 alpha=-0.989 beta=+0.995 | loss 15.9156 size 342.6 MB zeros 72.2%
gen 15 [66/100] k= 18 c=0.934 alpha=-0.425 beta=+0.516 | loss 4.9249 size 455.2 MB zeros 38.5%
gen 15 [67/100] k= 17 c=0.847 alpha=-0.729 beta=+0.768 | loss 8.5510 size 395.4 MB zeros 56.6%
gen 15 [68/100] k= 58 c=0.969 alpha=-0.059 beta=+0.096 | loss 3.0815 size 541.4 MB zeros 7.6%
gen 15 [69/100] k=  4 c=0.976 alpha=-0.332 beta=+0.524 | loss 15.5372 size 323.6 MB zeros 93.5%
gen 15 [70/100] k=  5 c=0.718 alpha=-0.998 beta=+0.934 | loss 11.9881 size 345.0 MB zeros 69.5%
gen 15 [71/100] k=  6 c=0.986 alpha=-0.464 beta=+0.454 | loss 15.9612 size 359.3 MB zeros 69.0%
gen 15 [72/100] k= 17 c=0.938 alpha=-0.432 beta=+0.912 | loss 15.4949 size 405.9 MB zeros 50.7%
gen 15 [73/100] k= 13 c=0.986 alpha=-0.126 beta=+0.076 | loss 4.4690 size 444.6 MB zeros 29.0%
gen 15 [74/100] k= 17 c=0.999 alpha=-0.338 beta=+0.026 | loss 3.8329 size 450.2 MB zeros 26.0%
gen 15 [75/100] k= 33 c=0.935 alpha=-0.533 beta=+0.153 | loss 17.9444 size 478.2 MB zeros 28.2%
gen 15 [76/100] k=  5 c=0.785 alpha=-0.977 beta=+0.994 | loss 10.8714 size 344.0 MB zeros 70.7%
gen 15 [77/100] k= 14 c=0.979 alpha=-0.771 beta=+0.773 | loss 9.1546 size 392.5 MB zeros 58.2%
gen 15 [78/100] k= 16 c=0.969 alpha=-0.013 beta=+0.096 | loss 3.9370 size 449.0 MB zeros 24.8%
gen 15 [79/100] k=  3 c=0.876 alpha=-0.950 beta=+0.105 | loss 17.2960 size 321.9 MB zeros 90.7%
gen 15 [80/100] k= 14 c=0.702 alpha=-0.387 beta=+0.466 | loss 5.2477 size 433.2 MB zeros 35.5%
gen 15 [81/100] k=  4 c=0.983 alpha=-0.036 beta=+0.484 | loss 16.1388 size 323.4 MB zeros 93.6%
gen 15 [82/100] k= 32 c=0.938 alpha=-0.222 beta=+0.438 | loss 3.5148 size 480.0 MB zeros 27.5%
gen 15 [83/100] k=  5 c=0.975 alpha=-0.809 beta=+0.994 | loss 14.8383 size 343.8 MB zeros 70.8%
gen 15 [84/100] k=223 c=0.986 alpha=-0.019 beta=+0.162 | loss 3.0755 size 630.8 MB zeros 7.8%
gen 15 [85/100] k= 29 c=0.782 alpha=-0.028 beta=+0.086 | loss 3.2415 size 496.7 MB zeros 10.4%
gen 15 [86/100] k=  9 c=0.976 alpha=-0.427 beta=+0.484 | loss 7.3707 size 395.1 MB zeros 42.3%
gen 15 [87/100] k=  5 c=0.974 alpha=-0.957 beta=+0.968 | loss 15.8437 size 343.0 MB zeros 71.8%
gen 15 [88/100] k= 17 c=0.885 alpha=-0.028 beta=+0.493 | loss 14.6613 size 442.9 MB zeros 30.1%
gen 15 [89/100] k= 60 c=0.996 alpha=-0.307 beta=+0.016 | loss 3.1827 size 540.9 MB zeros 16.0%
gen 15 [90/100] k= 17 c=0.936 alpha=-0.103 beta=+0.086 | loss 3.5472 size 458.8 MB zeros 21.2%
gen 15 [91/100] k= 17 c=0.836 alpha=-0.842 beta=+0.850 | loss 10.2957 size 385.5 MB zeros 62.1%
gen 15 [92/100] k= 13 c=0.863 alpha=-0.411 beta=+0.514 | loss 5.1620 size 427.9 MB zeros 38.4%
gen 15 [93/100] k= 17 c=0.782 alpha=-0.118 beta=+0.086 | loss 3.5491 size 464.7 MB zeros 17.9%
gen 15 [94/100] k= 17 c=0.994 alpha=-0.865 beta=+0.830 | loss 9.6222 size 385.3 MB zeros 62.2%
gen 15 [95/100] k= 16 c=0.847 alpha=-0.403 beta=+0.045 | loss 3.8954 size 446.8 MB zeros 27.9%
gen 15 [96/100] k=215 c=0.965 alpha=-0.112 beta=+0.059 | loss 3.0692 size 630.8 MB zeros 7.3%
gen 15 [97/100] k=  4 c=0.975 alpha=-0.336 beta=+0.034 | loss 15.5268 size 323.6 MB zeros 93.5%
gen 15 [98/100] k=  5 c=0.883 alpha=-0.995 beta=+0.998 | loss 12.8769 size 343.0 MB zeros 71.8%
gen 15 [99/100] k= 24 c=0.996 alpha=-0.306 beta=+0.016 | loss 3.4356 size 493.0 MB zeros 21.4%
gen 15 [100/100] k= 17 c=0.970 alpha=-0.859 beta=+0.391 | loss 17.6436 size 410.9 MB zeros 47.9%
=== generation 15/50 done in 161s (1 from cache), Pareto front has 95 points, best loss 3.0523, smallest 320.4 MB
gen 16 [1/100] k= 32 c=0.876 alpha=-0.240 beta=+0.424 | loss 3.5436 size 479.6 MB zeros 27.6%
gen 16 [2/100] k= 28 c=0.922 alpha=-0.977 beta=+0.006 | loss 17.9184 size 449.8 MB zeros 40.9%
gen 16 [3/100] k=  5 c=0.945 alpha=-0.774 beta=+0.776 | loss 15.3966 size 346.9 MB zeros 67.5%
gen 16 [4/100] k=  9 c=0.860 alpha=-0.881 beta=+0.436 | loss 17.7928 size 382.4 MB zeros 51.8%
gen 16 [5/100] k=  3 c=0.967 alpha=-0.001 beta=+0.096 | loss 15.7478 size 320.8 MB zeros 93.3%
gen 16 [6/100] k=  3 c=0.931 alpha=-0.127 beta=+0.197 | loss 17.0974 size 321.2 MB zeros 92.3%
gen 16 [7/100] k= 13 c=0.993 alpha=-0.410 beta=+0.141 | loss 4.6288 size 438.9 MB zeros 32.3%
gen 16 [8/100] k= 16 c=0.938 alpha=-0.898 beta=+0.330 | loss 17.6335 size 412.5 MB zeros 47.1%
gen 16 [9/100] k=164 c=0.997 alpha=-0.138 beta=+0.384 | loss 3.3048 size 598.0 MB zeros 21.7%
gen 16 [10/100] k= 34 c=0.958 alpha=-0.035 beta=+0.149 | loss 3.1462 size 541.4 MB zeros 12.4%
gen 16 [11/100] k=  9 c=0.757 alpha=-0.145 beta=+0.453 | loss 5.8965 size 403.7 MB zeros 35.9%
gen 16 [12/100] k= 17 c=0.971 alpha=-0.697 beta=+0.086 | loss 17.5805 size 429.1 MB zeros 37.7%
gen 16 [13/100] k=214 c=0.994 alpha=-0.887 beta=+0.875 | loss 9.9325 size 446.7 MB zeros 64.0%
gen 16 [14/100] k= 31 c=0.959 alpha=-0.376 beta=+0.021 | loss 3.3350 size 493.3 MB zeros 21.5%
gen 16 [15/100] k= 17 c=0.854 alpha=-0.861 beta=+0.851 | loss 10.1665 size 384.5 MB zeros 62.7%
gen 16 [16/100] k=223 c=0.863 alpha=-0.415 beta=+0.141 | loss 3.3936 size 593.5 MB zeros 22.9%
gen 16 [17/100] k=  9 c=0.846 alpha=-0.445 beta=+0.778 | loss 15.1172 size 385.9 MB zeros 49.2%
gen 16 [18/100] k= 16 c=0.790 alpha=-0.064 beta=+0.045 | loss 3.6996 size 451.3 MB zeros 20.5%
gen 16 [19/100] k= 14 c=0.985 alpha=-0.506 beta=+0.444 | loss 5.6147 size 425.6 MB zeros 39.7%
gen 16 [20/100] k=  9 c=0.757 alpha=-0.433 beta=+0.113 | loss 5.7773 size 404.6 MB zeros 35.3%
gen 16 [21/100] k= 17 c=0.870 alpha=-0.277 beta=+0.250 | loss 3.6739 size 454.1 MB zeros 23.8%
gen 16 [22/100] k= 13 c=0.914 alpha=-0.542 beta=+0.995 | loss 15.6373 size 395.0 MB zeros 56.8%
gen 16 [23/100] k= 17 c=0.903 alpha=-0.849 beta=+0.115 | loss 17.7704 size 422.6 MB zeros 41.4%
gen 16 [24/100] k= 72 c=0.969 alpha=-0.033 beta=+0.118 | loss 3.0687 size 586.1 MB zeros 7.7%
gen 16 [25/100] k= 58 c=0.934 alpha=-0.059 beta=+0.081 | loss 3.1103 size 541.4 MB zeros 6.9%
gen 16 [26/100] k= 16 c=0.885 alpha=-0.079 beta=+0.023 | loss 3.7388 size 450.3 MB zeros 22.7%
gen 16 [27/100] k= 73 c=0.969 alpha=-0.057 beta=+0.102 | loss 3.0678 size 586.1 MB zeros 7.2%
gen 16 [28/100] k=  3 c=0.997 alpha=-0.991 beta=+0.446 | loss 16.0298 size 320.4 MB zeros 94.0%
gen 16 [29/100] k= 17 c=0.845 alpha=-0.731 beta=+0.817 | loss 9.0797 size 392.8 MB zeros 58.1%
gen 16 [30/100] k=159 c=0.983 alpha=-0.114 beta=+0.028 | loss 3.0657 size 630.8 MB zeros 6.2%
gen 16 [31/100] k=  9 c=0.916 alpha=-0.446 beta=+0.451 | loss 6.3308 size 397.2 MB zeros 40.8%
gen 16 [32/100] k= 11 c=0.976 alpha=-0.218 beta=+0.034 | loss 5.3558 size 436.3 MB zeros 33.7%
gen 16 [33/100] k= 37 c=0.860 alpha=-0.881 beta=+0.865 | loss 10.4308 size 415.6 MB zeros 63.5%
gen 16 [34/100] k=  3 c=0.996 alpha=-0.918 beta=+0.037 | loss 15.9853 size 320.4 MB zeros 94.0%
gen 16 [35/100] k= 13 c=0.964 alpha=-0.757 beta=+0.837 | loss 9.2592 size 390.2 MB zeros 59.5%
gen 16 [36/100] k= 32 c=0.902 alpha=-0.582 beta=+0.441 | loss 5.0214 size 449.8 MB zeros 41.0%
gen 16 [37/100] k= 57 c=0.970 alpha=-0.059 beta=+0.096 | loss 3.0935 size 541.4 MB zeros 7.6%
gen 16 [38/100] k= 34 c=0.957 alpha=-0.053 beta=+0.149 | loss 3.1413 size 541.4 MB zeros 12.4%
gen 16 [39/100] k=  8 c=0.949 alpha=-0.443 beta=+0.925 | loss 14.9348 size 373.0 MB zeros 58.8%
gen 16 [40/100] k=  3 c=0.986 alpha=-0.832 beta=+0.388 | loss 16.1032 size 320.6 MB zeros 93.7%
gen 16 [42/100] k=  6 c=0.862 alpha=-0.431 beta=+0.484 | loss 12.9335 size 367.1 MB zeros 63.2%
gen 16 [43/100] k= 25 c=0.872 alpha=-0.318 beta=+0.484 | loss 3.9640 size 467.7 MB zeros 33.0%
gen 16 [44/100] k= 16 c=0.970 alpha=-0.105 beta=+0.396 | loss 4.0602 size 444.3 MB zeros 29.3%
gen 16 [45/100] k= 68 c=0.969 alpha=-0.109 beta=+0.096 | loss 3.0830 size 586.1 MB zeros 9.0%
gen 16 [46/100] k= 17 c=0.976 alpha=-0.805 beta=+0.811 | loss 9.6868 size 389.2 MB zeros 60.1%
gen 16 [47/100] k=  7 c=0.859 alpha=-0.383 beta=+0.516 | loss 10.6497 size 388.7 MB zeros 47.1%
gen 16 [48/100] k= 13 c=0.840 alpha=-0.757 beta=+0.776 | loss 9.5699 size 393.3 MB zeros 57.8%
gen 16 [49/100] k=  5 c=0.951 alpha=-0.995 beta=+0.995 | loss 15.4800 size 342.4 MB zeros 72.5%
gen 16 [50/100] k=  4 c=0.974 alpha=-0.025 beta=+0.995 | loss 15.4397 size 323.6 MB zeros 93.5%
gen 16 [51/100] k= 16 c=0.981 alpha=-0.361 beta=+0.498 | loss 4.8059 size 432.0 MB zeros 36.1%
gen 16 [52/100] k=  7 c=0.810 alpha=-0.404 beta=+0.863 | loss 15.0351 size 379.3 MB zeros 54.2%
gen 16 [53/100] k= 73 c=0.995 alpha=-0.999 beta=+0.096 | loss 17.9096 size 508.4 MB zeros 39.1%
gen 16 [54/100] k= 17 c=0.997 alpha=-0.904 beta=+0.392 | loss 17.6520 size 408.7 MB zeros 49.2%
gen 16 [55/100] k= 79 c=0.717 alpha=-0.012 beta=+0.429 | loss 4.2388 size 570.6 MB zeros 19.2%
gen 16 [56/100] k=  6 c=0.716 alpha=-0.419 beta=+0.930 | loss 14.9770 size 369.2 MB zeros 61.7%
gen 16 [57/100] k= 12 c=0.970 alpha=-0.114 beta=+0.087 | loss 5.3059 size 436.6 MB zeros 33.6%
gen 16 [58/100] k=  5 c=0.724 alpha=-0.934 beta=+0.929 | loss 11.7122 size 346.3 MB zeros 68.0%
gen 16 [59/100] k=  3 c=0.997 alpha=-0.918 beta=+0.444 | loss 16.0298 size 320.4 MB zeros 94.0%
gen 16 [60/100] k= 17 c=0.937 alpha=-0.115 beta=+0.822 | loss 15.5425 size 423.3 MB zeros 41.0%
gen 16 [61/100] k= 18 c=0.989 alpha=-0.061 beta=+0.260 | loss 3.6867 size 489.2 MB zeros 23.3%
gen 16 [62/100] k= 26 c=0.888 alpha=-0.035 beta=+0.151 | loss 3.2629 size 496.6 MB zeros 14.2%
gen 16 [63/100] k= 21 c=0.986 alpha=-0.114 beta=+0.495 | loss 12.0397 size 476.4 MB zeros 29.1%
gen 16 [64/100] k= 16 c=0.976 alpha=-0.715 beta=+0.482 | loss 16.5728 size 412.2 MB zeros 47.2%
gen 16 [65/100] k= 16 c=0.885 alpha=-0.054 beta=+0.090 | loss 3.7388 size 450.3 MB zeros 22.7%
gen 16 [66/100] k=  4 c=0.821 alpha=-0.336 beta=+0.022 | loss 17.8588 size 327.8 MB zeros 88.8%
gen 16 [67/100] k=  9 c=0.716 alpha=-0.326 beta=+0.484 | loss 5.7558 size 403.2 MB zeros 36.3%
gen 16 [68/100] k= 17 c=0.871 alpha=-0.859 beta=+0.783 | loss 9.7724 size 388.0 MB zeros 60.7%
gen 16 [69/100] k=  5 c=0.785 alpha=-0.952 beta=+0.403 | loss 17.9202 size 349.7 MB zeros 64.3%
gen 16 [70/100] k=  3 c=0.995 alpha=-0.632 beta=+0.426 | loss 16.1008 size 320.5 MB zeros 93.9%
gen 16 [71/100] k= 11 c=0.860 alpha=-0.898 beta=+0.885 | loss 10.6030 size 380.9 MB zeros 64.7%
gen 16 [72/100] k=  9 c=0.970 alpha=-0.425 beta=+0.509 | loss 8.2273 size 394.6 MB zeros 42.8%
gen 16 [73/100] k= 17 c=0.854 alpha=-0.899 beta=+0.901 | loss 10.5022 size 380.4 MB zeros 65.0%
gen 16 [74/100] k= 13 c=0.979 alpha=-0.736 beta=+0.766 | loss 8.9185 size 394.7 MB zeros 57.0%
gen 16 [75/100] k= 32 c=0.963 alpha=-0.039 beta=+0.199 | loss 3.1798 size 496.7 MB zeros 14.7%
gen 16 [76/100] k= 17 c=0.868 alpha=-0.839 beta=+0.768 | loss 9.4486 size 389.7 MB zeros 59.8%
gen 16 [77/100] k= 33 c=0.987 alpha=-0.433 beta=+0.193 | loss 3.5390 size 482.8 MB zeros 26.2%
gen 16 [78/100] k= 15 c=0.973 alpha=-0.539 beta=+0.574 | loss 6.2150 size 416.7 MB zeros 44.7%
gen 16 [79/100] k= 40 c=0.882 alpha=-0.700 beta=+0.822 | loss 8.4851 size 432.7 MB zeros 57.2%
gen 16 [80/100] k= 14 c=0.890 alpha=-0.510 beta=+0.426 | loss 5.2134 size 427.0 MB zeros 38.9%
gen 16 [81/100] k=  4 c=0.975 alpha=-0.336 beta=+0.107 | loss 15.5268 size 323.6 MB zeros 93.5%
gen 16 [82/100] k= 96 c=0.993 alpha=-0.017 beta=+0.069 | loss 3.0826 size 586.1 MB zeros 5.1%
gen 16 [83/100] k= 40 c=0.957 alpha=-0.042 beta=+0.026 | loss 3.1127 size 541.4 MB zeros 9.4%
gen 16 [84/100] k= 10 c=0.737 alpha=-0.996 beta=+0.995 | loss 12.1451 size 371.8 MB zeros 69.8%
gen 16 [85/100] k= 28 c=0.981 alpha=-0.031 beta=+0.295 | loss 3.3740 size 495.4 MB zeros 19.5%
gen 16 [86/100] k= 17 c=0.959 alpha=-0.431 beta=+0.477 | loss 4.9110 size 429.7 MB zeros 37.4%
gen 16 [87/100] k=  5 c=0.706 alpha=-0.955 beta=+0.523 | loss 18.0031 size 351.8 MB zeros 61.9%
gen 16 [88/100] k=  5 c=0.785 alpha=-0.998 beta=+0.966 | loss 11.3819 size 344.1 MB zeros 70.6%
gen 16 [89/100] k= 19 c=0.820 alpha=-0.506 beta=+0.429 | loss 4.9445 size 456.2 MB zeros 38.1%
gen 16 [90/100] k= 24 c=0.996 alpha=-0.312 beta=+0.107 | loss 3.4421 size 492.7 MB zeros 21.6%
gen 16 [91/100] k= 22 c=0.978 alpha=-0.416 beta=+0.474 | loss 4.5847 size 459.7 MB zeros 36.5%
gen 16 [92/100] k= 26 c=0.734 alpha=-0.431 beta=+0.075 | loss 3.6512 size 489.3 MB zeros 23.3%
gen 16 [93/100] k= 17 c=0.936 alpha=-0.429 beta=+0.082 | loss 3.8976 size 445.8 MB zeros 28.4%
gen 16 [94/100] k=222 c=0.986 alpha=-0.018 beta=+0.079 | loss 3.0592 size 630.8 MB zeros 4.3%
gen 16 [95/100] k=215 c=0.985 alpha=-0.061 beta=+0.079 | loss 3.0557 size 630.8 MB zeros 6.0%
gen 16 [96/100] k= 17 c=0.846 alpha=-0.376 beta=+0.412 | loss 4.4699 size 437.7 MB zeros 33.0%
gen 16 [97/100] k=  3 c=0.872 alpha=-0.918 beta=+0.998 | loss 17.1855 size 322.0 MB zeros 90.6%
gen 16 [98/100] k= 17 c=0.936 alpha=-0.431 beta=+0.064 | loss 3.9095 size 445.7 MB zeros 28.5%
gen 16 [99/100] k=  5 c=0.999 alpha=-0.995 beta=+0.055 | loss 15.6794 size 343.4 MB zeros 71.3%
gen 16 [100/100] k= 17 c=0.968 alpha=-0.103 beta=+0.088 | loss 3.6016 size 457.6 MB zeros 21.8%
=== generation 16/50 done in 161s (1 from cache), Pareto front has 100 points, best loss 3.0523, smallest 320.4 MB
gen 17 [1/100] k=  9 c=0.938 alpha=-0.430 beta=+0.509 | loss 7.4485 size 395.2 MB zeros 42.2%
gen 17 [2/100] k= 17 c=0.995 alpha=-0.865 beta=+0.830 | loss 9.7649 size 385.3 MB zeros 62.2%
gen 17 [3/100] k=215 c=0.720 alpha=-0.061 beta=+0.984 | loss 15.4834 size 542.5 MB zeros 37.2%
gen 17 [4/100] k=  9 c=0.976 alpha=-0.431 beta=+0.430 | loss 7.4944 size 396.2 MB zeros 41.5%
gen 17 [5/100] k=  9 c=0.757 alpha=-0.395 beta=+0.343 | loss 5.6750 size 405.4 MB zeros 34.7%
gen 17 [6/100] k=218 c=0.954 alpha=-0.107 beta=+0.070 | loss 3.0642 size 630.8 MB zeros 7.5%
gen 17 [7/100] k= 31 c=0.964 alpha=-0.016 beta=+0.460 | loss 4.9594 size 486.3 MB zeros 24.6%
gen 17 [8/100] k=  9 c=0.757 alpha=-0.443 beta=+0.462 | loss 6.1137 size 399.6 MB zeros 39.0%
gen 17 [9/100] k=  5 c=0.883 alpha=-0.913 beta=+0.998 | loss 14.6845 size 344.3 MB zeros 70.4%
gen 17 [10/100] k= 16 c=0.979 alpha=-0.435 beta=+0.494 | loss 5.0108 size 427.8 MB zeros 38.5%
gen 17 [11/100] k=  5 c=0.983 alpha=-0.936 beta=+0.047 | loss 15.2612 size 344.5 MB zeros 70.1%
gen 17 [12/100] k=  3 c=0.996 alpha=-0.918 beta=+0.112 | loss 15.9853 size 320.4 MB zeros 94.0%
gen 17 [13/100] k= 13 c=0.964 alpha=-0.746 beta=+0.754 | loss 8.9755 size 394.8 MB zeros 56.9%
gen 17 [14/100] k= 32 c=0.992 alpha=-0.886 beta=+0.055 | loss 17.8761 size 455.8 MB zeros 38.3%
gen 17 [15/100] k=  3 c=0.974 alpha=-0.851 beta=+0.867 | loss 15.4397 size 320.7 MB zeros 93.5%
gen 17 [16/100] k=  9 c=0.909 alpha=-0.431 beta=+0.135 | loss 6.5625 size 399.3 MB zeros 39.2%
gen 17 [17/100] k=  8 c=0.976 alpha=-0.365 beta=+0.494 | loss 11.8354 size 382.8 MB zeros 51.5%
gen 17 [18/100] k= 14 c=0.941 alpha=-0.506 beta=+0.430 | loss 5.4021 size 426.7 MB zeros 39.1%
gen 17 [19/100] k= 16 c=0.789 alpha=-0.066 beta=+0.426 | loss 3.9897 size 446.7 MB zeros 27.9%
gen 17 [20/100] k= 16 c=0.861 alpha=-0.117 beta=+0.417 | loss 3.8977 size 445.6 MB zeros 28.6%
gen 17 [21/100] k= 30 c=0.876 alpha=-0.133 beta=+0.424 | loss 3.4948 size 488.3 MB zeros 23.7%
gen 17 [22/100] k=  6 c=0.748 alpha=-0.153 beta=+0.037 | loss 13.2003 size 375.2 MB zeros 57.2%
gen 17 [23/100] k=  5 c=0.972 alpha=-0.984 beta=+0.995 | loss 14.4313 size 342.3 MB zeros 72.6%
gen 17 [24/100] k= 39 c=0.879 alpha=-0.061 beta=+0.825 | loss 15.4432 size 492.7 MB zeros 34.8%
gen 17 [25/100] k=  9 c=0.899 alpha=-0.446 beta=+0.451 | loss 6.7465 size 397.6 MB zeros 40.5%
gen 17 [27/100] k= 17 c=0.970 alpha=-0.842 beta=+0.444 | loss 17.6514 size 408.3 MB zeros 49.4%
gen 17 [28/100] k= 17 c=0.988 alpha=-0.098 beta=+0.325 | loss 3.7701 size 451.2 MB zeros 25.4%
gen 17 [29/100] k= 14 c=0.757 alpha=-0.328 beta=+0.110 | loss 4.1541 size 449.2 MB zeros 25.8%
gen 17 [30/100] k=  9 c=0.995 alpha=-0.449 beta=+0.467 | loss 7.6338 size 394.6 MB zeros 42.7%
gen 17 [31/100] k=  9 c=0.712 alpha=-0.431 beta=+0.504 | loss 6.2351 size 398.8 MB zeros 39.6%
gen 17 [32/100] k= 67 c=0.969 alpha=-0.013 beta=+0.096 | loss 3.0749 size 586.1 MB zeros 7.0%
gen 17 [33/100] k= 14 c=0.836 alpha=-0.218 beta=+0.038 | loss 3.9717 size 448.9 MB zeros 24.9%
gen 17 [34/100] k=  6 c=0.785 alpha=-0.977 beta=+0.989 | loss 11.1240 size 357.2 MB zeros 70.6%
gen 17 [35/100] k=214 c=0.986 alpha=-0.107 beta=+0.084 | loss 3.0619 size 630.8 MB zeros 8.1%
gen 17 [36/100] k= 34 c=0.713 alpha=-0.264 beta=+0.817 | loss 15.4139 size 475.1 MB zeros 41.4%
gen 17 [37/100] k= 29 c=0.950 alpha=-0.376 beta=+0.152 | loss 3.4069 size 490.6 MB zeros 22.7%
gen 17 [38/100] k= 14 c=0.890 alpha=-0.406 beta=+0.426 | loss 4.7623 size 433.3 MB zeros 35.4%
gen 17 [39/100] k= 28 c=0.987 alpha=-0.431 beta=+0.101 | loss 3.5574 size 486.2 MB zeros 24.7%
gen 17 [40/100] k= 17 c=0.938 alpha=-0.430 beta=+0.325 | loss 4.1452 size 439.3 MB zeros 32.0%
gen 17 [41/100] k=  9 c=0.755 alpha=-0.328 beta=+0.442 | loss 5.8489 size 404.0 MB zeros 35.8%
gen 17 [42/100] k= 21 c=0.996 alpha=-0.880 beta=+0.865 | loss 10.0593 size 399.3 MB zeros 63.5%
gen 17 [43/100] k= 11 c=0.972 alpha=-0.970 beta=+0.093 | loss 17.5771 size 405.2 MB zeros 51.1%
gen 17 [44/100] k=  9 c=0.715 alpha=-0.359 beta=+0.484 | loss 5.7529 size 402.4 MB zeros 36.9%
gen 17 [45/100] k= 17 c=0.980 alpha=-0.053 beta=+0.402 | loss 3.8565 size 446.6 MB zeros 28.0%
gen 17 [46/100] k=  5 c=0.974 alpha=-0.992 beta=+0.995 | loss 14.5574 size 342.1 MB zeros 72.7%
gen 17 [47/100] k= 17 c=0.969 alpha=-0.425 beta=+0.306 | loss 4.1023 size 440.7 MB zeros 31.3%
gen 17 [48/100] k= 33 c=0.919 alpha=-0.433 beta=+0.155 | loss 3.4811 size 486.2 MB zeros 24.7%
gen 17 [49/100] k=  5 c=0.982 alpha=-0.975 beta=+0.175 | loss 14.8180 size 344.1 MB zeros 70.6%
gen 17 [50/100] k= 54 c=0.969 alpha=-0.013 beta=+0.096 | loss 3.0984 size 541.4 MB zeros 7.9%
gen 17 [51/100] k=  5 c=0.714 alpha=-0.990 beta=+0.995 | loss 11.5402 size 344.0 MB zeros 70.6%
gen 17 [52/100] k= 17 c=0.970 alpha=-0.849 beta=+0.821 | loss 9.8640 size 386.5 MB zeros 61.6%
gen 17 [53/100] k= 34 c=0.944 alpha=-0.243 beta=+0.126 | loss 3.2056 size 540.3 MB zeros 16.5%
gen 17 [54/100] k=  9 c=0.716 alpha=-0.398 beta=+0.431 | loss 5.8503 size 403.2 MB zeros 36.3%
gen 17 [55/100] k=  8 c=0.992 alpha=-0.992 beta=+0.200 | loss 17.9969 size 369.7 MB zeros 61.3%
gen 17 [56/100] k= 11 c=0.959 alpha=-0.768 beta=+0.782 | loss 10.4875 size 391.9 MB zeros 58.5%
gen 17 [57/100] k= 83 c=0.824 alpha=-0.061 beta=+1.000 | loss 15.4550 size 513.0 MB zeros 37.6%
gen 17 [58/100] k= 17 c=0.967 alpha=-0.394 beta=+0.096 | loss 3.8473 size 447.4 MB zeros 27.5%
gen 17 [59/100] k= 14 c=0.861 alpha=-0.064 beta=+0.865 | loss 15.5690 size 417.2 MB zeros 44.4%
gen 17 [60/100] k= 17 c=0.847 alpha=-0.078 beta=+0.993 | loss 15.4090 size 417.2 MB zeros 44.4%
gen 17 [61/100] k= 25 c=0.940 alpha=-0.373 beta=+0.505 | loss 4.4102 size 461.3 MB zeros 35.8%
gen 17 [62/100] k=  9 c=0.951 alpha=-0.425 beta=+0.484 | loss 7.2048 size 395.8 MB zeros 41.8%
gen 17 [63/100] k= 17 c=0.855 alpha=-0.103 beta=+0.086 | loss 3.5683 size 461.9 MB zeros 19.5%
gen 17 [64/100] k= 16 c=0.891 alpha=-0.483 beta=+0.042 | loss 4.3747 size 440.8 MB zeros 31.2%
gen 17 [65/100] k= 17 c=0.943 alpha=-0.886 beta=+0.844 | loss 10.3140 size 383.7 MB zeros 63.1%
gen 17 [66/100] k=  5 c=0.976 alpha=-0.240 beta=+0.433 | loss 15.9982 size 345.9 MB zeros 68.6%
gen 17 [67/100] k=  3 c=0.975 alpha=-0.336 beta=+0.110 | loss 15.5268 size 320.7 MB zeros 93.5%
gen 17 [68/100] k=  3 c=0.873 alpha=-0.847 beta=+0.801 | loss 17.0872 size 322.0 MB zeros 90.6%
gen 17 [69/100] k= 58 c=0.931 alpha=-0.698 beta=+0.088 | loss 17.9009 size 503.6 MB zeros 30.7%
gen 17 [70/100] k= 20 c=0.854 alpha=-0.890 beta=+0.871 | loss 10.2105 size 398.4 MB zeros 64.0%
gen 17 [71/100] k=  6 c=0.757 alpha=-0.402 beta=+0.484 | loss 13.8537 size 374.5 MB zeros 57.7%
gen 17 [72/100] k= 13 c=0.914 alpha=-0.512 beta=+0.807 | loss 15.6669 size 405.3 MB zeros 51.0%
gen 17 [73/100] k= 32 c=0.969 alpha=-0.440 beta=+0.154 | loss 3.5059 size 485.3 MB zeros 25.1%
gen 17 [74/100] k=114 c=0.991 alpha=-0.019 beta=+0.165 | loss 3.0804 size 586.1 MB zeros 8.7%
gen 17 [75/100] k=  3 c=0.971 alpha=-0.894 beta=+0.391 | loss 15.5781 size 320.7 MB zeros 93.3%
gen 17 [76/100] k=  5 c=0.741 alpha=-0.990 beta=+0.976 | loss 12.3449 size 344.3 MB zeros 70.3%
gen 17 [77/100] k= 16 c=0.868 alpha=-0.776 beta=+0.768 | loss 9.5307 size 392.9 MB zeros 58.0%
gen 17 [78/100] k=  3 c=0.977 alpha=-0.396 beta=+0.441 | loss 15.7544 size 320.7 MB zeros 93.5%
gen 17 [79/100] k= 16 c=0.936 alpha=-0.091 beta=+0.073 | loss 3.7997 size 449.6 MB zeros 24.0%
gen 17 [80/100] k= 35 c=0.964 alpha=-0.061 beta=+0.144 | loss 3.1286 size 541.4 MB zeros 11.9%
gen 17 [81/100] k=  9 c=0.849 alpha=-0.737 beta=+0.438 | loss 18.0002 size 387.7 MB zeros 47.9%
gen 17 [82/100] k= 31 c=0.959 alpha=-0.196 beta=+0.021 | loss 3.1799 size 496.7 MB zeros 14.6%
gen 17 [83/100] k= 13 c=0.848 alpha=-0.509 beta=+0.458 | loss 5.3379 size 425.4 MB zeros 39.8%
gen 17 [84/100] k=206 c=0.939 alpha=-0.053 beta=+0.363 | loss 3.3309 size 613.8 MB zeros 17.3%
gen 17 [85/100] k= 17 c=0.912 alpha=-0.582 beta=+0.507 | loss 5.9792 size 418.6 MB zeros 43.6%
gen 17 [86/100] k= 19 c=0.719 alpha=-0.404 beta=+0.343 | loss 4.5927 size 472.0 MB zeros 31.0%
gen 17 [87/100] k=  3 c=0.766 alpha=-0.851 beta=+0.037 | loss 17.2890 size 323.8 MB zeros 86.5%
gen 17 [88/100] k= 10 c=0.976 alpha=-0.319 beta=+0.486 | loss 7.4970 size 421.4 MB zeros 42.1%
gen 17 [89/100] k= 33 c=0.936 alpha=-0.458 beta=+0.195 | loss 3.6414 size 480.7 MB zeros 27.1%
gen 17 [90/100] k= 58 c=0.969 alpha=-0.059 beta=+0.085 | loss 3.0816 size 541.4 MB zeros 7.2%
gen 17 [91/100] k=  3 c=0.974 alpha=-0.015 beta=+0.995 | loss 15.4397 size 320.7 MB zeros 93.5%
gen 17 [92/100] k= 17 c=0.970 alpha=-0.138 beta=+0.367 | loss 3.7370 size 449.1 MB zeros 26.6%
gen 17 [93/100] k=  5 c=0.785 alpha=-0.410 beta=+0.976 | loss 15.0228 size 349.3 MB zeros 64.8%
gen 17 [94/100] k=  4 c=0.861 alpha=-0.952 beta=+0.985 | loss 16.6320 size 326.5 MB zeros 90.2%
gen 17 [95/100] k=  6 c=0.750 alpha=-0.431 beta=+0.415 | loss 13.2737 size 375.0 MB zeros 57.4%
gen 17 [96/100] k= 16 c=0.790 alpha=-0.036 beta=+0.002 | loss 3.6996 size 451.3 MB zeros 20.5%
gen 17 [97/100] k= 17 c=0.882 alpha=-0.700 beta=+0.840 | loss 9.7159 size 393.3 MB zeros 57.7%
gen 17 [98/100] k=  9 c=0.711 alpha=-0.986 beta=+0.492 | loss 17.4924 size 377.8 MB zeros 55.2%
gen 17 [99/100] k=  4 c=0.882 alpha=-0.851 beta=+0.864 | loss 17.1299 size 325.9 MB zeros 90.9%
gen 17 [100/100] k=  9 c=0.959 alpha=-0.431 beta=+0.453 | loss 7.7373 size 396.3 MB zeros 41.4%
=== generation 17/50 done in 161s (1 from cache), Pareto front has 100 points, best loss 3.0523, smallest 320.4 MB
gen 18 [1/100] k=  9 c=0.950 alpha=-0.376 beta=+0.006 | loss 7.4352 size 398.3 MB zeros 40.0%
gen 18 [2/100] k=209 c=0.988 alpha=-0.754 beta=+0.801 | loss 8.4398 size 467.2 MB zeros 58.2%
gen 18 [3/100] k=  3 c=0.976 alpha=-0.227 beta=+0.433 | loss 15.6401 size 320.7 MB zeros 93.5%
gen 18 [4/100] k=  3 c=0.935 alpha=-0.896 beta=+0.037 | loss 17.2947 size 321.1 MB zeros 92.4%
gen 18 [5/100] k=  9 c=0.712 alpha=-0.153 beta=+0.488 | loss 5.8522 size 403.7 MB zeros 36.0%
gen 18 [6/100] k=  9 c=0.970 alpha=-0.453 beta=+0.509 | loss 8.3078 size 394.0 MB zeros 43.1%
gen 18 [7/100] k=  5 c=0.878 alpha=-0.975 beta=+0.914 | loss 13.7059 size 344.7 MB zeros 69.9%
gen 18 [8/100] k= 17 c=0.986 alpha=-0.061 beta=+0.113 | loss 3.6749 size 456.9 MB zeros 22.2%
gen 18 [9/100] k= 14 c=0.848 alpha=-0.992 beta=+0.972 | loss 10.6884 size 373.1 MB zeros 69.1%
gen 18 [10/100] k=  3 c=0.730 alpha=-0.907 beta=+0.112 | loss 16.9434 size 324.5 MB zeros 84.9%
gen 18 [11/100] k= 17 c=0.996 alpha=-0.847 beta=+0.066 | loss 17.6566 size 420.9 MB zeros 42.3%
gen 18 [12/100] k= 20 c=0.952 alpha=-0.980 beta=+0.085 | loss 17.8936 size 442.8 MB zeros 44.1%
gen 18 [13/100] k= 17 c=0.830 alpha=-0.506 beta=+0.430 | loss 5.0519 size 428.3 MB zeros 38.2%
gen 18 [14/100] k=  5 c=0.739 alpha=-0.990 beta=+0.135 | loss 17.8901 size 350.3 MB zeros 63.7%
gen 18 [15/100] k= 72 c=0.951 alpha=-0.560 beta=+0.454 | loss 4.8715 size 503.5 MB zeros 40.7%
gen 18 [16/100] k= 34 c=0.950 alpha=-0.031 beta=+0.471 | loss 4.9336 size 520.1 MB zeros 24.6%
gen 18 [17/100] k=  9 c=0.757 alpha=-0.416 beta=+0.504 | loss 6.1235 size 398.9 MB zeros 39.5%
gen 18 [18/100] k= 17 c=0.979 alpha=-0.160 beta=+0.370 | loss 3.7750 size 448.6 MB zeros 26.8%
gen 18 [19/100] k=  3 c=0.822 alpha=-0.396 beta=+0.061 | loss 17.8669 size 322.7 MB zeros 88.8%
gen 18 [20/100] k=  5 c=0.974 alpha=-0.030 beta=+0.871 | loss 15.6994 size 345.4 MB zeros 69.1%
gen 18 [21/100] k= 17 c=0.924 alpha=-0.510 beta=+0.441 | loss 5.0621 size 427.1 MB zeros 38.9%
gen 18 [22/100] k= 17 c=0.984 alpha=-0.037 beta=+0.445 | loss 3.9332 size 443.8 MB zeros 29.5%
gen 18 [23/100] k=  9 c=0.890 alpha=-0.373 beta=+0.146 | loss 6.8221 size 401.1 MB zeros 37.9%
gen 18 [24/100] k=  9 c=0.755 alpha=-0.404 beta=+0.461 | loss 6.0617 size 401.2 MB zeros 37.8%
gen 18 [25/100] k=  5 c=0.719 alpha=-0.945 beta=+0.929 | loss 11.1741 size 346.1 MB zeros 68.3%
gen 18 [26/100] k=  6 c=0.996 alpha=-0.114 beta=+0.075 | loss 15.3967 size 358.7 MB zeros 69.5%
gen 18 [27/100] k= 17 c=0.936 alpha=-0.105 beta=+0.077 | loss 3.5472 size 458.8 MB zeros 21.2%
gen 18 [29/100] k= 56 c=0.969 alpha=-0.016 beta=+0.077 | loss 3.0990 size 541.4 MB zeros 7.1%
gen 18 [30/100] k= 18 c=0.845 alpha=-0.735 beta=+0.774 | loss 8.4558 size 414.0 MB zeros 57.0%
gen 18 [31/100] k=  3 c=0.864 alpha=-0.295 beta=+0.145 | loss 16.7572 size 322.1 MB zeros 90.3%
gen 18 [32/100] k=  3 c=0.719 alpha=-0.362 beta=+0.519 | loss 17.1331 size 324.8 MB zeros 84.3%
gen 18 [33/100] k= 13 c=0.944 alpha=-0.222 beta=+0.438 | loss 4.4869 size 438.6 MB zeros 32.5%
gen 18 [34/100] k=  5 c=0.714 alpha=-0.975 beta=+0.930 | loss 10.4151 size 345.6 MB zeros 68.9%
gen 18 [35/100] k=  4 c=0.969 alpha=-0.392 beta=+0.494 | loss 15.5095 size 323.7 MB zeros 93.3%
gen 18 [36/100] k=  8 c=0.752 alpha=-0.061 beta=+0.079 | loss 8.3057 size 395.9 MB zeros 41.8%
gen 18 [37/100] k= 98 c=0.957 alpha=-0.042 beta=+0.027 | loss 3.0770 size 586.1 MB zeros 3.9%
gen 18 [38/100] k= 25 c=0.890 alpha=-0.373 beta=+0.162 | loss 3.4792 size 489.6 MB zeros 23.2%
gen 18 [39/100] k= 17 c=0.972 alpha=-0.935 beta=+0.998 | loss 11.3387 size 374.5 MB zeros 68.3%
gen 18 [40/100] k= 32 c=0.876 alpha=-0.759 beta=+0.444 | loss 18.0794 size 437.0 MB zeros 46.7%
gen 18 [41/100] k= 14 c=0.891 alpha=-0.441 beta=+0.426 | loss 4.8551 size 431.2 MB zeros 36.6%
gen 18 [42/100] k=  4 c=0.943 alpha=-0.540 beta=+0.998 | loss 17.1268 size 324.3 MB zeros 92.7%
gen 18 [43/100] k= 16 c=0.790 alpha=-0.023 beta=+0.002 | loss 3.6996 size 451.3 MB zeros 20.5%
gen 18 [44/100] k=  3 c=0.974 alpha=-0.992 beta=+0.990 | loss 15.4397 size 320.7 MB zeros 93.5%
gen 18 [45/100] k= 17 c=0.930 alpha=-0.990 beta=+0.824 | loss 18.2399 size 380.1 MB zeros 65.2%
gen 18 [46/100] k= 76 c=0.993 alpha=-0.061 beta=+0.096 | loss 3.0689 size 586.1 MB zeros 7.1%
gen 18 [47/100] k= 34 c=0.964 alpha=-0.011 beta=+0.149 | loss 3.1449 size 541.4 MB zeros 12.4%
gen 18 [48/100] k= 29 c=0.913 alpha=-0.446 beta=+0.473 | loss 4.4332 size 457.9 MB zeros 37.3%
gen 18 [49/100] k= 26 c=0.844 alpha=-0.144 beta=+0.094 | loss 3.2563 size 496.6 MB zeros 13.5%
gen 18 [50/100] k=110 c=0.993 alpha=-0.019 beta=+0.334 | loss 3.2774 size 582.1 MB zeros 15.6%
gen 18 [51/100] k= 46 c=0.996 alpha=-0.460 beta=+0.155 | loss 3.5670 size 517.8 MB zeros 25.4%
gen 18 [52/100] k= 16 c=0.941 alpha=-0.380 beta=+0.083 | loss 3.9373 size 446.0 MB zeros 28.3%
gen 18 [53/100] k= 13 c=0.964 alpha=-0.810 beta=+0.837 | loss 9.7342 size 387.4 MB zeros 61.0%
gen 18 [54/100] k= 17 c=0.723 alpha=-0.220 beta=+0.265 | loss 4.0762 size 458.0 MB zeros 21.6%
gen 18 [55/100] k=218 c=0.865 alpha=-0.930 beta=+0.865 | loss 10.0223 size 443.7 MB zeros 64.8%
gen 18 [56/100] k=  3 c=0.987 alpha=-0.490 beta=+0.473 | loss 16.0876 size 320.6 MB zeros 93.7%
gen 18 [57/100] k=  5 c=0.982 alpha=-0.990 beta=+0.929 | loss 15.2960 size 342.9 MB zeros 71.9%
gen 18 [58/100] k= 17 c=0.967 alpha=-0.449 beta=+0.830 | loss 15.5615 size 408.6 MB zeros 49.2%
gen 18 [59/100] k=  3 c=0.883 alpha=-0.045 beta=+0.929 | loss 17.2243 size 321.8 MB zeros 90.9%
gen 18 [60/100] k= 17 c=0.854 alpha=-0.899 beta=+0.866 | loss 10.4049 size 382.0 MB zeros 64.1%
gen 18 [61/100] k=  9 c=0.761 alpha=-0.328 beta=+0.972 | loss 15.5233 size 383.5 MB zeros 51.0%
gen 18 [62/100] k=  5 c=0.969 alpha=-0.012 beta=+0.126 | loss 16.3620 size 346.2 MB zeros 68.2%
gen 18 [63/100] k= 17 c=0.959 alpha=-0.431 beta=+0.154 | loss 3.9611 size 445.2 MB zeros 28.7%
gen 18 [64/100] k= 27 c=0.938 alpha=-0.341 beta=+0.330 | loss 3.7347 size 478.5 MB zeros 28.1%
gen 18 [65/100] k= 16 c=0.970 alpha=-0.413 beta=+0.508 | loss 4.9476 size 428.3 MB zeros 38.2%
gen 18 [66/100] k= 24 c=0.975 alpha=-0.218 beta=+0.445 | loss 3.6712 size 478.5 MB zeros 28.1%
gen 18 [67/100] k=  3 c=0.974 alpha=-0.958 beta=+0.995 | loss 15.4397 size 320.7 MB zeros 93.5%
gen 18 [68/100] k= 27 c=0.959 alpha=-0.400 beta=+0.046 | loss 3.5169 size 489.3 MB zeros 23.3%
gen 18 [69/100] k=  5 c=0.783 alpha=-0.997 beta=+0.933 | loss 12.0613 size 344.7 MB zeros 69.8%
gen 18 [70/100] k= 31 c=0.969 alpha=-0.388 beta=+0.280 | loss 3.5868 size 479.1 MB zeros 27.9%
gen 18 [71/100] k= 25 c=0.995 alpha=-0.449 beta=+0.467 | loss 4.5153 size 457.9 MB zeros 37.3%
gen 18 [72/100] k= 43 c=0.876 alpha=-0.240 beta=+0.424 | loss 3.5359 size 512.4 MB zeros 27.5%
gen 18 [73/100] k=  9 c=0.717 alpha=-0.430 beta=+0.492 | loss 6.1931 size 399.3 MB zeros 39.2%
gen 18 [74/100] k=  4 c=0.969 alpha=-0.433 beta=+0.306 | loss 15.5691 size 323.7 MB zeros 93.3%
gen 18 [75/100] k=225 c=0.995 alpha=-0.449 beta=+0.470 | loss 4.3204 size 542.2 MB zeros 37.3%
gen 18 [76/100] k=  9 c=0.976 alpha=-0.428 beta=+0.494 | loss 7.4966 size 394.8 MB zeros 42.6%
gen 18 [77/100] k=  5 c=0.979 alpha=-0.771 beta=+0.773 | loss 15.6579 size 345.6 MB zeros 68.8%
gen 18 [78/100] k= 23 c=0.986 alpha=-0.128 beta=+0.096 | loss 3.3201 size 495.9 MB zeros 16.5%
gen 18 [79/100] k= 18 c=0.963 alpha=-0.732 beta=+0.874 | loss 10.7726 size 408.0 MB zeros 59.7%
gen 18 [80/100] k= 18 c=0.999 alpha=-0.918 beta=+0.037 | loss 17.7164 size 442.6 MB zeros 44.2%
gen 18 [81/100] k= 10 c=0.962 alpha=-0.847 beta=+0.873 | loss 10.6640 size 383.1 MB zeros 63.5%
gen 18 [82/100] k=  3 c=0.964 alpha=-0.757 beta=+0.837 | loss 15.8749 size 320.8 MB zeros 93.2%
gen 18 [83/100] k= 17 c=0.904 alpha=-0.644 beta=+0.441 | loss 6.1601 size 419.2 MB zeros 43.3%
gen 18 [84/100] k=  9 c=0.777 alpha=-0.975 beta=+0.980 | loss 11.9543 size 359.4 MB zeros 69.0%
gen 18 [85/100] k=215 c=0.977 alpha=-0.990 beta=+0.995 | loss 10.4209 size 427.0 MB zeros 69.5%
gen 18 [86/100] k= 17 c=0.834 alpha=-0.899 beta=+0.867 | loss 10.4331 size 382.0 MB zeros 64.1%
gen 18 [87/100] k=  5 c=0.883 alpha=-0.850 beta=+0.927 | loss 14.1941 size 346.3 MB zeros 68.1%
gen 18 [88/100] k=  6 c=0.870 alpha=-0.850 beta=+0.807 | loss 13.6327 size 363.4 MB zeros 66.0%
gen 18 [89/100] k= 17 c=0.882 alpha=-0.177 beta=+0.802 | loss 15.5251 size 425.3 MB zeros 39.9%
gen 18 [90/100] k=  9 c=0.951 alpha=-0.408 beta=+0.484 | loss 7.3209 size 396.1 MB zeros 41.6%
gen 18 [91/100] k=  7 c=0.996 alpha=-0.015 beta=+0.510 | loss 12.5570 size 381.7 MB zeros 52.4%
gen 18 [92/100] k=  3 c=0.845 alpha=-0.115 beta=+0.000 | loss 16.7893 size 322.4 MB zeros 89.7%
gen 18 [93/100] k=  5 c=1.000 alpha=-0.939 beta=+0.097 | loss 15.6968 size 344.1 MB zeros 70.6%
gen 18 [94/100] k=  5 c=0.998 alpha=-0.865 beta=+0.997 | loss 14.7665 size 343.0 MB zeros 71.7%
gen 18 [95/100] k=  3 c=0.969 alpha=-0.985 beta=+0.096 | loss 15.4505 size 320.7 MB zeros 93.3%
gen 18 [96/100] k=  9 c=0.757 alpha=-0.353 beta=+0.113 | loss 5.6446 size 407.2 MB zeros 33.4%
gen 18 [97/100] k= 33 c=0.999 alpha=-0.455 beta=+0.165 | loss 3.5769 size 483.3 MB zeros 26.0%
gen 18 [98/100] k= 33 c=0.944 alpha=-0.231 beta=+0.384 | loss 3.4681 size 483.8 MB zeros 25.7%
gen 18 [99/100] k= 13 c=0.847 alpha=-0.406 beta=+0.485 | loss 5.0012 size 430.0 MB zeros 37.3%
gen 18 [100/100] k= 16 c=0.995 alpha=-0.865 beta=+0.830 | loss 9.5859 size 385.2 MB zeros 62.3%
=== generation 18/50 done in 161s (1 from cache), Pareto front has 100 points, best loss 3.0523, smallest 320.4 MB
gen 19 [1/100] k= 17 c=0.958 alpha=-0.105 beta=+0.994 | loss 15.4852 size 415.0 MB zeros 45.6%
gen 19 [2/100] k=  5 c=0.715 alpha=-0.886 beta=+0.930 | loss 11.5694 size 347.3 MB zeros 66.9%
gen 19 [3/100] k= 22 c=0.883 alpha=-0.995 beta=+0.998 | loss 12.3786 size 385.6 MB zeros 69.7%
gen 19 [4/100] k=  3 c=0.712 alpha=-0.976 beta=+0.504 | loss 16.8066 size 324.9 MB zeros 84.0%
gen 19 [5/100] k= 71 c=0.969 alpha=-0.009 beta=+0.133 | loss 3.0731 size 586.1 MB zeros 8.3%
gen 19 [6/100] k= 14 c=0.932 alpha=-0.445 beta=+0.426 | loss 4.9590 size 430.7 MB zeros 36.9%
gen 19 [7/100] k= 83 c=0.993 alpha=-0.052 beta=+0.162 | loss 3.0782 size 586.1 MB zeros 9.4%
gen 19 [8/100] k= 17 c=0.940 alpha=-0.431 beta=+0.827 | loss 15.5693 size 409.9 MB zeros 48.5%
gen 19 [9/100] k=  9 c=0.992 alpha=-0.449 beta=+0.465 | loss 7.4699 size 394.8 MB zeros 42.6%
gen 19 [10/100] k= 14 c=0.860 alpha=-0.895 beta=+0.865 | loss 10.0809 size 382.2 MB zeros 64.0%
gen 19 [11/100] k= 54 c=0.964 alpha=-0.772 beta=+0.832 | loss 9.0564 size 426.1 MB zeros 59.6%
gen 19 [12/100] k=215 c=0.996 alpha=-0.043 beta=+0.199 | loss 3.0928 size 630.8 MB zeros 10.2%
gen 19 [13/100] k= 17 c=0.845 alpha=-0.751 beta=+0.817 | loss 8.8652 size 391.8 MB zeros 58.6%
gen 19 [14/100] k= 14 c=0.822 alpha=-0.292 beta=+0.451 | loss 4.4371 size 438.9 MB zeros 32.3%
gen 19 [15/100] k=  9 c=0.970 alpha=-0.453 beta=+0.565 | loss 7.7641 size 392.1 MB zeros 44.6%
gen 19 [16/100] k=  9 c=0.714 alpha=-0.582 beta=+0.440 | loss 6.5121 size 395.1 MB zeros 42.4%
gen 19 [17/100] k=  9 c=0.983 alpha=-0.425 beta=+0.509 | loss 7.9380 size 394.2 MB zeros 43.0%
gen 19 [19/100] k=  9 c=0.891 alpha=-0.328 beta=+0.441 | loss 6.5840 size 399.7 MB zeros 38.9%
gen 19 [20/100] k= 17 c=0.944 alpha=-0.426 beta=+0.494 | loss 4.8426 size 429.0 MB zeros 37.8%
gen 19 [21/100] k= 25 c=0.890 alpha=-0.500 beta=+0.464 | loss 4.7526 size 454.2 MB zeros 39.0%
gen 19 [22/100] k=  6 c=0.974 alpha=-0.423 beta=+0.048 | loss 16.2595 size 360.0 MB zeros 68.5%
gen 19 [23/100] k= 17 c=0.984 alpha=-0.037 beta=+0.480 | loss 5.4021 size 441.7 MB zeros 30.7%
gen 19 [24/100] k=  5 c=0.960 alpha=-0.979 beta=+0.994 | loss 14.3277 size 342.5 MB zeros 72.3%
gen 19 [25/100] k=  9 c=0.757 alpha=-0.940 beta=+0.477 | loss 17.5820 size 379.7 MB zeros 53.8%
gen 19 [26/100] k= 17 c=0.970 alpha=-0.099 beta=+0.367 | loss 3.7370 size 449.1 MB zeros 26.6%
gen 19 [27/100] k=  9 c=0.989 alpha=-0.412 beta=+0.484 | loss 7.3715 size 394.9 MB zeros 42.5%
gen 19 [28/100] k= 13 c=0.916 alpha=-0.756 beta=+0.771 | loss 9.4918 size 393.5 MB zeros 57.6%
gen 19 [29/100] k= 13 c=0.964 alpha=-0.360 beta=+0.040 | loss 4.3976 size 442.4 MB zeros 30.3%
gen 19 [30/100] k= 17 c=0.868 alpha=-0.777 beta=+0.815 | loss 8.9704 size 390.5 MB zeros 59.3%
gen 19 [31/100] k= 17 c=0.845 alpha=-0.899 beta=+0.811 | loss 10.2166 size 384.7 MB zeros 62.6%
gen 19 [32/100] k=  5 c=0.972 alpha=-0.976 beta=+0.995 | loss 14.3695 size 342.4 MB zeros 72.5%
gen 19 [33/100] k= 21 c=0.994 alpha=-0.425 beta=+0.484 | loss 4.7046 size 458.2 MB zeros 37.2%
gen 19 [34/100] k=215 c=0.864 alpha=-0.061 beta=+0.889 | loss 15.4756 size 551.0 MB zeros 34.8%
gen 19 [35/100] k= 58 c=0.970 alpha=-0.059 beta=+0.096 | loss 3.0820 size 541.4 MB zeros 7.6%
gen 19 [36/100] k=  3 c=0.952 alpha=-0.366 beta=+0.129 | loss 16.8454 size 320.9 MB zeros 92.9%
gen 19 [37/100] k=  5 c=0.989 alpha=-0.992 beta=+0.153 | loss 15.5301 size 343.7 MB zeros 71.0%
gen 19 [38/100] k= 72 c=0.969 alpha=-0.449 beta=+0.096 | loss 3.3943 size 560.5 MB zeros 22.5%
gen 19 [39/100] k= 16 c=0.940 alpha=-0.431 beta=+0.499 | loss 4.7909 size 427.9 MB zeros 38.4%
gen 19 [40/100] k= 52 c=0.955 alpha=-0.042 beta=+0.011 | loss 3.1017 size 541.4 MB zeros 7.2%
gen 19 [41/100] k=  3 c=0.712 alpha=-0.138 beta=+0.995 | loss 16.8311 size 324.9 MB zeros 84.0%
gen 19 [42/100] k= 17 c=0.918 alpha=-0.342 beta=+0.330 | loss 4.0093 size 444.8 MB zeros 29.0%
gen 19 [43/100] k=  3 c=0.974 alpha=-0.958 beta=+0.978 | loss 15.4397 size 320.7 MB zeros 93.5%
gen 19 [44/100] k= 93 c=0.876 alpha=-0.270 beta=+0.424 | loss 3.5392 size 541.3 MB zeros 28.6%
gen 19 [45/100] k=  9 c=0.757 alpha=-0.328 beta=+0.113 | loss 5.6135 size 407.6 MB zeros 33.0%
gen 19 [46/100] k= 17 c=0.941 alpha=-0.105 beta=+0.077 | loss 3.5418 size 458.6 MB zeros 21.3%
gen 19 [47/100] k= 26 c=0.844 alpha=-0.123 beta=+0.094 | loss 3.2594 size 496.6 MB zeros 13.1%
gen 19 [48/100] k=  3 c=0.974 alpha=-0.013 beta=+0.048 | loss 15.4397 size 320.7 MB zeros 93.5%
gen 19 [49/100] k= 14 c=0.860 alpha=-0.970 beta=+0.865 | loss 9.8730 size 378.8 MB zeros 65.9%
gen 19 [50/100] k=  9 c=0.716 alpha=-0.982 beta=+0.930 | loss 12.2289 size 360.9 MB zeros 67.9%
gen 19 [51/100] k=  7 c=0.951 alpha=-0.420 beta=+0.484 | loss 11.8894 size 384.2 MB zeros 50.5%
gen 19 [52/100] k=  5 c=0.986 alpha=-0.128 beta=+0.096 | loss 15.9034 size 345.5 MB zeros 69.0%
gen 19 [53/100] k= 13 c=0.993 alpha=-0.439 beta=+0.096 | loss 4.6830 size 437.2 MB zeros 33.2%
gen 19 [54/100] k=  3 c=0.996 alpha=-0.918 beta=+0.096 | loss 15.9853 size 320.4 MB zeros 94.0%
gen 19 [55/100] k= 34 c=0.847 alpha=-0.412 beta=+0.458 | loss 4.3516 size 490.9 MB zeros 35.5%
gen 19 [56/100] k=233 c=0.986 alpha=-0.114 beta=+0.079 | loss 3.0691 size 630.8 MB zeros 8.2%
gen 19 [57/100] k= 16 c=0.969 alpha=-0.842 beta=+0.375 | loss 17.5269 size 412.3 MB zeros 47.2%
gen 19 [58/100] k=  5 c=0.717 alpha=-0.985 beta=+0.929 | loss 11.0931 size 345.4 MB zeros 69.1%
gen 19 [59/100] k=  3 c=0.977 alpha=-0.035 beta=+0.026 | loss 15.8115 size 320.7 MB zeros 93.5%
gen 19 [60/100] k= 22 c=0.987 alpha=-0.981 beta=+0.018 | loss 17.9285 size 444.1 MB zeros 43.5%
gen 19 [61/100] k= 58 c=0.974 alpha=-0.021 beta=+0.096 | loss 3.0824 size 541.4 MB zeros 7.6%
gen 19 [62/100] k=  9 c=0.916 alpha=-0.446 beta=+0.365 | loss 6.4399 size 398.6 MB zeros 39.7%
gen 19 [63/100] k=  5 c=0.785 alpha=-0.977 beta=+0.994 | loss 10.7735 size 344.0 MB zeros 70.7%
gen 19 [64/100] k= 17 c=0.903 alpha=-0.359 beta=+0.485 | loss 4.6337 size 434.0 MB zeros 35.0%
gen 19 [65/100] k= 34 c=0.964 alpha=-0.031 beta=+0.134 | loss 3.1411 size 541.4 MB zeros 12.0%
gen 19 [66/100] k=  6 c=0.757 alpha=-0.285 beta=+0.505 | loss 13.8820 size 374.5 MB zeros 57.7%
gen 19 [67/100] k= 14 c=0.756 alpha=-0.512 beta=+0.098 | loss 17.3029 size 439.1 MB zeros 32.1%
gen 19 [68/100] k= 32 c=0.969 alpha=-0.431 beta=+0.306 | loss 3.7597 size 473.2 MB zeros 30.5%
gen 19 [69/100] k= 13 c=0.848 alpha=-0.381 beta=+0.140 | loss 4.1213 size 444.7 MB zeros 29.1%
gen 19 [70/100] k= 18 c=0.943 alpha=-0.991 beta=+0.999 | loss 12.3121 size 385.7 MB zeros 69.6%
gen 19 [71/100] k= 18 c=0.947 alpha=-0.431 beta=+0.437 | loss 4.6481 size 460.8 MB zeros 36.0%
gen 19 [72/100] k= 13 c=0.789 alpha=-0.743 beta=+0.772 | loss 9.3139 size 394.3 MB zeros 57.2%
gen 19 [73/100] k=  5 c=0.714 alpha=-0.324 beta=+0.930 | loss 14.9645 size 352.1 MB zeros 61.6%
gen 19 [74/100] k= 16 c=0.986 alpha=-0.128 beta=+0.015 | loss 3.9248 size 448.7 MB zeros 25.2%
gen 19 [76/100] k=  5 c=0.845 alpha=-0.436 beta=+0.508 | loss 13.2280 size 351.4 MB zeros 62.4%
gen 19 [77/100] k= 31 c=0.959 alpha=-0.772 beta=+0.824 | loss 8.6235 size 408.5 MB zeros 59.4%
gen 19 [78/100] k=  9 c=0.996 alpha=-0.481 beta=+0.457 | loss 7.6366 size 394.1 MB zeros 43.1%
gen 19 [79/100] k= 27 c=0.856 alpha=-0.731 beta=+0.870 | loss 9.5124 size 408.4 MB zeros 59.5%
gen 19 [80/100] k=  9 c=0.952 alpha=-0.909 beta=+0.830 | loss 10.2497 size 366.2 MB zeros 63.9%
gen 19 [81/100] k= 64 c=0.989 alpha=-0.881 beta=+0.058 | loss 17.8739 size 492.1 MB zeros 35.0%
gen 19 [82/100] k= 21 c=0.990 alpha=-0.401 beta=+0.494 | loss 4.6537 size 459.4 MB zeros 36.7%
gen 19 [83/100] k= 33 c=0.944 alpha=-0.230 beta=+0.384 | loss 3.4683 size 483.9 MB zeros 25.7%
gen 19 [84/100] k= 29 c=0.943 alpha=-0.927 beta=+0.036 | loss 17.9104 size 453.3 MB zeros 39.4%
gen 19 [85/100] k= 34 c=0.964 alpha=-0.031 beta=+0.977 | loss 15.4353 size 478.8 MB zeros 40.0%
gen 19 [86/100] k=  9 c=0.970 alpha=-0.004 beta=+0.509 | loss 8.2892 size 395.0 MB zeros 42.5%
gen 19 [87/100] k=  9 c=0.943 alpha=-0.431 beta=+0.386 | loss 7.3893 size 397.9 MB zeros 40.3%
gen 19 [88/100] k=  5 c=0.721 alpha=-0.975 beta=+0.929 | loss 10.7105 size 345.6 MB zeros 68.9%
gen 19 [89/100] k=  9 c=0.991 alpha=-0.325 beta=+0.410 | loss 7.3704 size 396.3 MB zeros 41.5%
gen 19 [90/100] k= 47 c=0.860 alpha=-0.268 beta=+0.236 | loss 3.3242 size 529.3 MB zeros 21.2%
gen 19 [91/100] k=  9 c=0.716 alpha=-0.431 beta=+0.493 | loss 6.1488 size 399.3 MB zeros 39.3%
gen 19 [92/100] k= 22 c=0.993 alpha=-0.019 beta=+0.162 | loss 3.3639 size 495.0 MB zeros 18.2%
gen 19 [93/100] k= 13 c=0.860 alpha=-0.881 beta=+0.865 | loss 10.0786 size 382.8 MB zeros 63.6%
gen 19 [94/100] k=  5 c=0.734 alpha=-0.990 beta=+0.995 | loss 12.7915 size 344.0 MB zeros 70.7%
gen 19 [95/100] k=  3 c=0.996 alpha=-0.919 beta=+0.112 | loss 15.9853 size 320.4 MB zeros 94.0%
gen 19 [96/100] k=  9 c=0.938 alpha=-0.430 beta=+0.496 | loss 7.3646 size 395.7 MB zeros 41.9%
gen 19 [97/100] k=  3 c=0.970 alpha=-0.023 beta=+0.969 | loss 15.4687 size 320.7 MB zeros 93.3%
gen 19 [98/100] k= 17 c=0.977 alpha=-0.739 beta=+0.250 | loss 17.6025 size 425.2 MB zeros 39.9%
gen 19 [99/100] k= 17 c=0.976 alpha=-0.388 beta=+0.328 | loss 4.0504 size 441.6 MB zeros 30.8%
gen 19 [100/100] k=  9 c=0.975 alpha=-0.419 beta=+0.528 | loss 7.5534 size 393.9 MB zeros 43.3%
=== generation 19/50 done in 159s (2 from cache), Pareto front has 100 points, best loss 3.0523, smallest 320.4 MB
gen 20 [1/100] k=  6 c=0.714 alpha=-0.616 beta=+0.399 | loss 12.0482 size 377.3 MB zeros 55.6%
gen 20 [2/100] k= 32 c=0.760 alpha=-0.278 beta=+0.022 | loss 3.3488 size 496.6 MB zeros 16.4%
gen 20 [3/100] k=  4 c=0.986 alpha=-0.128 beta=+0.116 | loss 16.0587 size 323.4 MB zeros 93.7%
gen 20 [4/100] k= 83 c=0.993 alpha=-0.050 beta=+0.162 | loss 3.0775 size 586.1 MB zeros 9.4%
gen 20 [5/100] k= 19 c=0.846 alpha=-0.709 beta=+0.857 | loss 10.5674 size 410.7 MB zeros 58.5%
gen 20 [6/100] k= 29 c=0.992 alpha=-0.449 beta=+0.465 | loss 4.4209 size 458.3 MB zeros 37.2%
gen 20 [7/100] k= 44 c=0.883 alpha=-0.510 beta=+0.438 | loss 4.4998 size 483.3 MB zeros 38.3%
gen 20 [8/100] k= 48 c=0.958 alpha=-0.980 beta=+0.000 | loss 17.8720 size 483.2 MB zeros 38.3%
gen 20 [9/100] k= 22 c=0.986 alpha=-0.096 beta=+0.079 | loss 3.3669 size 495.0 MB zeros 18.0%
gen 20 [10/100] k=  9 c=0.710 alpha=-0.431 beta=+0.504 | loss 6.3008 size 398.8 MB zeros 39.6%
gen 20 [11/100] k= 18 c=0.966 alpha=-0.457 beta=+0.561 | loss 5.2923 size 449.2 MB zeros 41.2%
gen 20 [12/100] k= 35 c=0.711 alpha=-0.671 beta=+0.440 | loss 17.8554 size 468.6 MB zeros 43.8%
gen 20 [13/100] k=  9 c=0.952 alpha=-0.875 beta=+0.035 | loss 17.8879 size 382.0 MB zeros 52.1%
gen 20 [14/100] k=  9 c=0.986 alpha=-0.061 beta=+0.052 | loss 8.1525 size 396.6 MB zeros 41.2%
gen 20 [15/100] k=  9 c=0.762 alpha=-0.429 beta=+0.319 | loss 5.7089 size 404.4 MB zeros 35.4%
gen 20 [16/100] k= 17 c=0.976 alpha=-0.331 beta=+0.129 | loss 3.7568 size 451.1 MB zeros 25.5%
gen 20 [17/100] k= 16 c=0.979 alpha=-0.435 beta=+0.402 | loss 4.4926 size 433.4 MB zeros 35.4%
gen 20 [18/100] k=  5 c=0.961 alpha=-0.447 beta=+0.994 | loss 14.3514 size 344.4 MB zeros 70.2%
gen 20 [19/100] k= 17 c=0.906 alpha=-0.965 beta=+0.441 | loss 17.8923 size 403.1 MB zeros 52.3%
gen 20 [20/100] k=  6 c=0.715 alpha=-0.348 beta=+0.484 | loss 12.3475 size 377.7 MB zeros 55.3%
gen 20 [21/100] k=  3 c=0.995 alpha=-0.891 beta=+0.105 | loss 15.9628 size 320.5 MB zeros 93.9%
gen 20 [22/100] k=  5 c=0.739 alpha=-0.990 beta=+0.199 | loss 17.8933 size 350.3 MB zeros 63.7%
gen 20 [23/100] k= 13 c=0.883 alpha=-0.660 beta=+0.837 | loss 13.5014 size 395.5 MB zeros 56.6%
gen 20 [24/100] k= 16 c=0.936 alpha=-0.431 beta=+0.392 | loss 4.3157 size 434.4 MB zeros 34.8%
gen 20 [25/100] k= 16 c=0.979 alpha=-0.542 beta=+0.434 | loss 5.3642 size 425.0 MB zeros 40.1%
gen 20 [26/100] k=  9 c=0.941 alpha=-0.431 beta=+0.324 | loss 6.9977 size 398.1 MB zeros 40.1%
gen 20 [27/100] k= 15 c=0.941 alpha=-0.105 beta=+0.077 | loss 3.8101 size 449.5 MB zeros 24.1%
gen 20 [28/100] k=203 c=0.986 alpha=-0.120 beta=+0.079 | loss 3.0708 size 630.8 MB zeros 8.5%
gen 20 [29/100] k= 16 c=0.714 alpha=-0.975 beta=+0.925 | loss 10.5258 size 376.0 MB zeros 67.5%
gen 20 [30/100] k= 13 c=0.845 alpha=-0.751 beta=+0.817 | loss 9.4261 size 391.6 MB zeros 58.7%
gen 20 [31/100] k= 10 c=0.955 alpha=-0.043 beta=+0.512 | loss 7.7426 size 421.2 MB zeros 42.2%
gen 20 [32/100] k=  9 c=0.868 alpha=-0.777 beta=+0.562 | loss 17.9785 size 381.3 MB zeros 52.6%
gen 20 [33/100] k= 16 c=0.995 alpha=-0.865 beta=+0.446 | loss 17.4819 size 406.8 MB zeros 50.2%
gen 20 [34/100] k=  5 c=0.938 alpha=-0.913 beta=+0.930 | loss 17.4464 size 344.6 MB zeros 70.0%
gen 20 [35/100] k= 47 c=0.950 alpha=-0.377 beta=+0.144 | loss 3.3287 size 527.4 MB zeros 21.9%
gen 20 [36/100] k=  3 c=0.996 alpha=-0.864 beta=+0.021 | loss 15.9853 size 320.4 MB zeros 94.0%
gen 20 [37/100] k=  4 c=0.883 alpha=-0.995 beta=+1.000 | loss 17.1783 size 325.9 MB zeros 90.9%
gen 20 [38/100] k= 25 c=0.757 alpha=-0.328 beta=+0.113 | loss 3.4710 size 495.6 MB zeros 19.7%
gen 20 [39/100] k= 72 c=0.994 alpha=-0.013 beta=+0.082 | loss 3.0811 size 586.1 MB zeros 6.4%
gen 20 [40/100] k=  6 c=0.968 alpha=-0.192 beta=+0.487 | loss 16.4950 size 360.4 MB zeros 68.2%
gen 20 [41/100] k=  5 c=0.980 alpha=-0.986 beta=+0.916 | loss 15.3384 size 343.1 MB zeros 71.7%
gen 20 [42/100] k= 16 c=0.845 alpha=-0.989 beta=+0.984 | loss 11.4923 size 372.8 MB zeros 69.2%
gen 20 [43/100] k=  5 c=0.944 alpha=-0.992 beta=+0.995 | loss 15.6761 size 342.5 MB zeros 72.3%
gen 20 [44/100] k= 17 c=0.902 alpha=-0.592 beta=+0.441 | loss 5.6896 size 422.2 MB zeros 41.6%
gen 20 [45/100] k= 26 c=0.844 alpha=-0.974 beta=+0.975 | loss 11.1903 size 387.9 MB zeros 68.7%
gen 20 [46/100] k= 10 c=0.986 alpha=-0.621 beta=+0.453 | loss 8.8744 size 413.6 MB zeros 46.4%
gen 20 [47/100] k= 34 c=0.870 alpha=-0.812 beta=+0.832 | loss 9.0687 size 423.0 MB zeros 60.8%
gen 20 [48/100] k=  5 c=0.721 alpha=-0.975 beta=+0.933 | loss 11.2941 size 345.5 MB zeros 69.0%
gen 20 [49/100] k= 17 c=0.941 alpha=-0.464 beta=+0.921 | loss 15.4527 size 403.4 MB zeros 52.1%
gen 20 [50/100] k=  9 c=0.953 alpha=-0.406 beta=+0.343 | loss 7.3351 size 398.0 MB zeros 40.2%
gen 20 [51/100] k= 22 c=0.976 alpha=-0.133 beta=+0.428 | loss 3.6038 size 482.0 MB zeros 26.6%
gen 20 [52/100] k= 17 c=0.970 alpha=-0.139 beta=+0.378 | loss 3.7592 size 448.3 MB zeros 27.0%
gen 20 [53/100] k= 71 c=0.968 alpha=-0.062 beta=+0.086 | loss 3.0707 size 586.1 MB zeros 6.8%
gen 20 [54/100] k= 14 c=0.944 alpha=-0.222 beta=+0.432 | loss 4.4943 size 438.9 MB zeros 32.3%
gen 20 [55/100] k=  5 c=0.974 alpha=-0.044 beta=+1.000 | loss 14.4377 size 343.9 MB zeros 70.7%
gen 20 [56/100] k=203 c=0.947 alpha=-0.431 beta=+0.437 | loss 4.1478 size 549.1 MB zeros 35.4%
gen 20 [57/100] k= 14 c=0.827 alpha=-0.449 beta=+0.471 | loss 4.9666 size 428.4 MB zeros 38.2%
gen 20 [58/100] k=  9 c=0.869 alpha=-0.836 beta=+0.772 | loss 11.3293 size 371.0 MB zeros 60.3%
gen 20 [59/100] k=  8 c=0.950 alpha=-0.235 beta=+0.384 | loss 12.2596 size 384.3 MB zeros 50.4%
gen 20 [60/100] k= 17 c=0.868 alpha=-0.782 beta=+0.815 | loss 8.9191 size 390.3 MB zeros 59.5%
gen 20 [61/100] k=  3 c=0.996 alpha=-0.909 beta=+0.837 | loss 15.9853 size 320.4 MB zeros 94.0%
gen 20 [62/100] k=213 c=0.974 alpha=-0.958 beta=+0.995 | loss 10.7619 size 429.7 MB zeros 68.7%
gen 20 [63/100] k= 17 c=0.934 alpha=-0.417 beta=+0.515 | loss 4.9209 size 428.2 MB zeros 38.2%
gen 20 [64/100] k=  9 c=0.757 alpha=-0.325 beta=+0.325 | loss 5.5778 size 407.4 MB zeros 33.2%
gen 20 [65/100] k= 17 c=0.980 alpha=-0.053 beta=+0.494 | loss 13.7876 size 440.8 MB zeros 31.2%
gen 20 [66/100] k= 16 c=0.940 alpha=-0.961 beta=+0.499 | loss 17.6533 size 399.3 MB zeros 54.4%
gen 20 [67/100] k=  4 c=0.717 alpha=-0.592 beta=+0.929 | loss 16.9544 size 331.9 MB zeros 84.2%
gen 20 [68/100] k=  3 c=0.990 alpha=-0.025 beta=+0.048 | loss 16.0833 size 320.5 MB zeros 93.8%
gen 20 [69/100] k= 16 c=0.996 alpha=-0.918 beta=+0.837 | loss 9.6781 size 382.4 MB zeros 63.9%
gen 20 [70/100] k= 25 c=0.886 alpha=-0.373 beta=+0.990 | loss 15.3680 size 429.2 MB zeros 50.2%
gen 20 [71/100] k=  5 c=0.963 alpha=-0.995 beta=+0.998 | loss 14.1003 size 342.2 MB zeros 72.7%
gen 20 [72/100] k=  9 c=0.916 alpha=-0.445 beta=+0.450 | loss 6.3283 size 397.3 MB zeros 40.7%
gen 20 [73/100] k=  3 c=0.976 alpha=-0.227 beta=+0.493 | loss 15.6401 size 320.7 MB zeros 93.5%
gen 20 [74/100] k= 17 c=0.713 alpha=-0.455 beta=+0.510 | loss 5.7894 size 426.7 MB zeros 39.1%
gen 20 [75/100] k= 17 c=0.938 alpha=-0.438 beta=+0.328 | loss 4.1759 size 438.7 MB zeros 32.4%
gen 20 [76/100] k= 21 c=0.999 alpha=-0.912 beta=+0.112 | loss 17.8655 size 447.6 MB zeros 41.9%
gen 20 [77/100] k=  5 c=0.790 alpha=-0.014 beta=+0.023 | loss 12.4867 size 354.0 MB zeros 59.5%
gen 20 [78/100] k= 17 c=0.964 alpha=-0.757 beta=+0.837 | loss 9.9213 size 390.4 MB zeros 59.4%
gen 20 [79/100] k= 31 c=0.989 alpha=-0.411 beta=+0.019 | loss 3.4497 size 490.0 MB zeros 23.0%
gen 20 [80/100] k= 17 c=0.983 alpha=-0.551 beta=+0.827 | loss 15.4012 size 402.5 MB zeros 52.6%
gen 20 [81/100] k= 14 c=0.821 alpha=-0.396 beta=+0.719 | loss 15.4976 size 417.3 MB zeros 44.4%
gen 20 [82/100] k= 13 c=0.940 alpha=-0.396 beta=+0.499 | loss 5.0662 size 429.1 MB zeros 37.7%
gen 20 [83/100] k= 19 c=0.723 alpha=-0.971 beta=+0.830 | loss 15.7597 size 396.3 MB zeros 64.9%
gen 20 [84/100] k= 58 c=0.985 alpha=-0.057 beta=+0.096 | loss 3.0969 size 541.4 MB zeros 7.7%
gen 20 [85/100] k= 17 c=0.868 alpha=-0.910 beta=+0.795 | loss 10.1602 size 385.0 MB zeros 62.4%
gen 20 [86/100] k=  7 c=0.970 alpha=-0.842 beta=+0.728 | loss 13.0795 size 370.5 MB zeros 60.7%
gen 20 [87/100] k= 10 c=0.890 alpha=-0.373 beta=+0.146 | loss 6.8135 size 428.8 MB zeros 37.9%
gen 20 [88/100] k= 83 c=0.968 alpha=-0.052 beta=+0.162 | loss 3.0866 size 586.1 MB zeros 9.4%
gen 20 [89/100] k= 13 c=0.849 alpha=-0.404 beta=+0.382 | loss 4.4345 size 436.4 MB zeros 33.7%
gen 20 [90/100] k=  9 c=0.711 alpha=-0.444 beta=+0.036 | loss 5.5935 size 405.6 MB zeros 34.6%
gen 20 [91/100] k=  3 c=0.730 alpha=-0.971 beta=+0.851 | loss 17.0056 size 324.5 MB zeros 84.8%
gen 20 [92/100] k= 33 c=0.975 alpha=-0.231 beta=+0.384 | loss 3.4611 size 483.8 MB zeros 25.8%
gen 20 [93/100] k=  5 c=0.960 alpha=-0.982 beta=+0.994 | loss 14.5645 size 342.5 MB zeros 72.4%
gen 20 [94/100] k=  5 c=0.785 alpha=-0.125 beta=+0.100 | loss 12.8840 size 354.2 MB zeros 59.2%
gen 20 [95/100] k=216 c=0.715 alpha=-0.028 beta=+0.066 | loss 3.3057 size 630.8 MB zeros 4.0%
gen 20 [96/100] k= 18 c=0.949 alpha=-0.031 beta=+0.149 | loss 3.5650 size 491.8 MB zeros 21.4%
gen 20 [97/100] k=  3 c=0.961 alpha=-0.958 beta=+0.990 | loss 15.9458 size 320.8 MB zeros 93.1%
gen 20 [98/100] k= 17 c=0.984 alpha=-0.444 beta=+0.445 | loss 4.5901 size 430.8 MB zeros 36.8%
gen 20 [99/100] k=  3 c=0.956 alpha=-0.051 beta=+0.112 | loss 16.3756 size 320.9 MB zeros 93.0%
gen 20 [100/100] k= 11 c=0.940 alpha=-0.026 beta=+0.394 | loss 5.2112 size 435.6 MB zeros 34.1%
=== generation 20/50 done in 162s (0 from cache), Pareto front has 100 points, best loss 3.0523, smallest 320.4 MB
gen 21 [1/100] k= 17 c=0.984 alpha=-0.782 beta=+0.815 | loss 9.7107 size 390.2 MB zeros 59.5%
gen 21 [2/100] k=  9 c=0.987 alpha=-0.435 beta=+0.494 | loss 7.8602 size 394.4 MB zeros 42.9%
gen 21 [3/100] k=  4 c=0.984 alpha=-0.066 beta=+0.445 | loss 16.1094 size 323.4 MB zeros 93.7%
gen 21 [4/100] k= 17 c=0.941 alpha=-0.105 beta=+0.421 | loss 3.8169 size 446.2 MB zeros 28.2%
gen 21 [5/100] k= 32 c=0.975 alpha=-0.228 beta=+0.389 | loss 3.4730 size 483.4 MB zeros 25.9%
gen 21 [6/100] k= 16 c=0.995 alpha=-0.866 beta=+0.976 | loss 10.1611 size 378.5 MB zeros 66.0%
gen 21 [7/100] k=  5 c=0.976 alpha=-0.227 beta=+0.493 | loss 15.9982 size 345.9 MB zeros 68.6%
gen 21 [8/100] k= 21 c=0.741 alpha=-0.027 beta=+0.938 | loss 15.3982 size 451.3 MB zeros 40.3%
gen 21 [9/100] k= 17 c=0.992 alpha=-0.001 beta=+0.196 | loss 3.6871 size 456.6 MB zeros 22.4%
gen 21 [10/100] k=  5 c=0.714 alpha=-0.956 beta=+0.930 | loss 11.3319 size 345.9 MB zeros 68.5%
gen 21 [11/100] k= 29 c=0.950 alpha=-0.285 beta=+0.159 | loss 3.3049 size 495.9 MB zeros 19.5%
gen 21 [12/100] k=  5 c=0.739 alpha=-0.977 beta=+0.466 | loss 17.8862 size 350.5 MB zeros 63.4%
gen 21 [13/100] k= 17 c=0.965 alpha=-0.482 beta=+0.559 | loss 5.4552 size 421.4 MB zeros 42.1%
gen 21 [14/100] k= 17 c=0.873 alpha=-0.842 beta=+0.817 | loss 9.5793 size 387.1 MB zeros 61.2%
gen 21 [15/100] k=  3 c=0.977 alpha=-0.396 beta=+0.425 | loss 15.7544 size 320.7 MB zeros 93.5%
gen 21 [16/100] k= 13 c=0.890 alpha=-0.919 beta=+0.849 | loss 9.8745 size 381.8 MB zeros 64.2%
gen 21 [17/100] k= 14 c=0.851 alpha=-0.411 beta=+0.484 | loss 4.9505 size 429.8 MB zeros 37.4%
gen 21 [18/100] k= 11 c=0.952 alpha=-0.889 beta=+0.814 | loss 11.2454 size 384.5 MB zeros 62.7%
gen 21 [19/100] k= 16 c=0.951 alpha=-0.935 beta=+0.989 | loss 10.9178 size 374.8 MB zeros 68.1%
gen 21 [20/100] k= 32 c=0.835 alpha=-0.222 beta=+0.438 | loss 3.6035 size 480.2 MB zeros 27.4%
gen 21 [21/100] k= 13 c=0.976 alpha=-0.990 beta=+0.995 | loss 11.6666 size 372.2 MB zeros 69.6%
gen 21 [22/100] k= 17 c=0.984 alpha=-0.522 beta=+0.484 | loss 5.3104 size 423.5 MB zeros 40.9%
gen 21 [23/100] k= 23 c=0.957 alpha=-0.124 beta=+0.026 | loss 3.2960 size 496.1 MB zeros 16.0%
gen 21 [24/100] k=  5 c=0.785 alpha=-0.006 beta=+0.033 | loss 12.8840 size 354.2 MB zeros 59.2%
gen 21 [25/100] k= 33 c=0.727 alpha=-0.359 beta=+0.475 | loss 4.4041 size 465.2 MB zeros 34.1%
gen 21 [26/100] k=  5 c=0.846 alpha=-0.995 beta=+0.813 | loss 17.7083 size 346.2 MB zeros 68.2%
gen 21 [27/100] k= 23 c=0.991 alpha=-0.128 beta=+0.074 | loss 3.3322 size 495.9 MB zeros 16.5%
gen 21 [28/100] k= 17 c=0.868 alpha=-0.843 beta=+0.768 | loss 9.4585 size 389.6 MB zeros 59.8%
gen 21 [29/100] k= 17 c=0.870 alpha=-0.801 beta=+0.446 | loss 17.8443 size 410.4 MB zeros 48.2%
gen 21 [30/100] k= 29 c=0.979 alpha=-0.435 beta=+0.494 | loss 4.4362 size 457.1 MB zeros 37.7%
gen 21 [31/100] k=  5 c=0.716 alpha=-0.998 beta=+0.930 | loss 11.1803 size 345.1 MB zeros 69.4%
gen 21 [32/100] k= 16 c=0.868 alpha=-0.417 beta=+0.815 | loss 15.5992 size 411.3 MB zeros 47.7%
gen 21 [33/100] k= 30 c=0.944 alpha=-0.992 beta=+0.995 | loss 10.4466 size 385.9 MB zeros 69.5%
gen 21 [34/100] k= 16 c=0.941 alpha=-0.430 beta=+0.824 | loss 15.6395 size 409.8 MB zeros 48.5%
gen 21 [35/100] k=  5 c=0.721 alpha=-0.975 beta=+0.873 | loss 11.8280 size 346.7 MB zeros 67.7%
gen 21 [36/100] k= 14 c=0.752 alpha=-0.510 beta=+0.426 | loss 5.4323 size 427.8 MB zeros 38.5%
gen 21 [37/100] k=  9 c=0.739 alpha=-0.601 beta=+0.995 | loss 15.7106 size 372.8 MB zeros 58.9%
gen 21 [38/100] k= 29 c=0.979 alpha=-0.435 beta=+0.402 | loss 3.9901 size 464.6 MB zeros 34.3%
gen 21 [39/100] k= 34 c=0.974 alpha=-0.019 beta=+0.048 | loss 3.1555 size 541.4 MB zeros 11.3%
gen 21 [40/100] k= 16 c=0.986 alpha=-0.918 beta=+0.837 | loss 9.8467 size 382.4 MB zeros 63.8%
gen 21 [41/100] k= 16 c=0.971 alpha=-0.453 beta=+0.502 | loss 5.0610 size 426.2 MB zeros 39.4%
gen 21 [42/100] k= 27 c=0.847 alpha=-0.996 beta=+0.112 | loss 17.8878 size 449.9 MB zeros 40.9%
gen 21 [43/100] k= 17 c=0.939 alpha=-0.023 beta=+0.334 | loss 3.6495 size 451.8 MB zeros 25.1%
gen 21 [44/100] k=  5 c=0.963 alpha=-0.995 beta=+0.995 | loss 14.1119 size 342.2 MB zeros 72.6%
gen 21 [45/100] k=  5 c=0.757 alpha=-0.443 beta=+0.325 | loss 13.2689 size 355.6 MB zeros 57.7%
gen 21 [46/100] k=  9 c=0.944 alpha=-0.521 beta=+0.475 | loss 7.2700 size 393.6 MB zeros 43.5%
gen 21 [47/100] k= 11 c=0.976 alpha=-0.005 beta=+0.024 | loss 5.3641 size 436.3 MB zeros 33.7%
gen 21 [48/100] k=  5 c=0.859 alpha=-0.964 beta=+0.995 | loss 13.6301 size 343.7 MB zeros 71.0%
gen 21 [49/100] k= 16 c=0.975 alpha=-0.419 beta=+0.529 | loss 5.1001 size 426.7 MB zeros 39.1%
gen 21 [50/100] k= 17 c=0.973 alpha=-0.954 beta=+0.978 | loss 11.3936 size 374.5 MB zeros 68.3%
gen 21 [51/100] k= 29 c=0.924 alpha=-0.550 beta=+0.097 | loss 17.9739 size 478.8 MB zeros 28.0%
gen 21 [52/100] k= 10 c=0.757 alpha=-0.406 beta=+0.478 | loss 5.6734 size 427.9 MB zeros 38.4%
gen 21 [53/100] k= 32 c=0.716 alpha=-0.975 beta=+0.890 | loss 10.6207 size 392.6 MB zeros 66.5%
gen 21 [54/100] k=  3 c=0.963 alpha=-0.995 beta=+0.964 | loss 15.8149 size 320.8 MB zeros 93.2%
gen 21 [55/100] k= 61 c=0.962 alpha=-0.978 beta=+0.189 | loss 17.9143 size 472.2 MB zeros 42.5%
gen 21 [56/100] k= 83 c=0.971 alpha=-0.050 beta=+0.164 | loss 3.0885 size 586.1 MB zeros 9.4%
gen 21 [57/100] k=  9 c=0.710 alpha=-0.601 beta=+0.440 | loss 12.5321 size 394.3 MB zeros 42.9%
gen 21 [58/100] k=215 c=0.986 alpha=-0.109 beta=+0.072 | loss 3.0585 size 630.8 MB zeros 7.7%
gen 21 [59/100] k=  8 c=0.717 alpha=-0.364 beta=+0.996 | loss 15.3209 size 378.0 MB zeros 55.1%
gen 21 [60/100] k=  9 c=0.871 alpha=-0.293 beta=+0.145 | loss 6.4436 size 402.2 MB zeros 37.1%
gen 21 [61/100] k= 10 c=0.763 alpha=-0.325 beta=+0.325 | loss 5.4252 size 437.0 MB zeros 33.4%
gen 21 [62/100] k=  4 c=0.996 alpha=-0.919 beta=+0.156 | loss 15.9853 size 323.1 MB zeros 94.0%
gen 21 [63/100] k=  3 c=0.996 alpha=-0.500 beta=+0.414 | loss 15.9853 size 320.4 MB zeros 94.0%
gen 21 [64/100] k=  9 c=0.707 alpha=-0.970 beta=+0.865 | loss 12.2280 size 363.4 MB zeros 66.0%
gen 21 [65/100] k=218 c=0.986 alpha=-0.107 beta=+0.095 | loss 3.0576 size 630.8 MB zeros 8.6%
gen 21 [66/100] k=  5 c=0.785 alpha=-0.451 beta=+0.386 | loss 12.8840 size 354.2 MB zeros 59.2%
gen 21 [67/100] k= 17 c=0.944 alpha=-0.751 beta=+0.811 | loss 8.8138 size 392.0 MB zeros 58.5%
gen 21 [68/100] k=  3 c=0.847 alpha=-0.509 beta=+0.458 | loss 16.6590 size 322.3 MB zeros 89.7%
gen 21 [69/100] k=  4 c=0.989 alpha=-0.412 beta=+0.445 | loss 16.1341 size 323.3 MB zeros 93.8%
gen 21 [70/100] k= 32 c=0.986 alpha=-0.045 beta=+0.096 | loss 3.1858 size 496.7 MB zeros 12.2%
gen 21 [71/100] k= 54 c=0.987 alpha=-0.974 beta=+0.998 | loss 10.7309 size 400.4 MB zeros 69.2%
gen 21 [72/100] k=  9 c=0.963 alpha=-0.230 beta=+0.365 | loss 7.6616 size 397.7 MB zeros 40.4%
gen 21 [73/100] k= 17 c=0.852 alpha=-0.751 beta=+0.998 | loss 14.9447 size 383.5 MB zeros 63.2%
gen 21 [74/100] k=  9 c=0.977 alpha=-0.396 beta=+0.441 | loss 7.7555 size 396.4 MB zeros 41.4%
gen 21 [75/100] k= 17 c=0.970 alpha=-0.161 beta=+0.367 | loss 3.7359 size 449.1 MB zeros 26.6%
gen 21 [76/100] k= 17 c=0.970 alpha=-0.140 beta=+0.813 | loss 15.5445 size 423.1 MB zeros 41.1%
gen 21 [77/100] k= 17 c=0.924 alpha=-0.510 beta=+0.425 | loss 5.0389 size 428.1 MB zeros 38.3%
gen 21 [78/100] k= 17 c=0.940 alpha=-0.795 beta=+0.391 | loss 17.6017 size 414.1 MB zeros 46.2%
gen 21 [79/100] k=  6 c=0.975 alpha=-0.222 beta=+0.438 | loss 16.2570 size 360.0 MB zeros 68.5%
gen 21 [80/100] k=  4 c=0.978 alpha=-0.909 beta=+0.338 | loss 15.9711 size 323.5 MB zeros 93.5%
gen 21 [81/100] k=  5 c=0.714 alpha=-0.960 beta=+0.930 | loss 11.6310 size 345.9 MB zeros 68.6%
gen 21 [82/100] k=  9 c=0.900 alpha=-0.429 beta=+0.319 | loss 6.7098 size 399.7 MB zeros 38.9%
gen 21 [83/100] k=  5 c=0.710 alpha=-0.970 beta=+0.484 | loss 17.9908 size 351.4 MB zeros 62.3%
gen 21 [84/100] k= 11 c=0.950 alpha=-0.303 beta=+0.152 | loss 5.0935 size 437.7 MB zeros 33.0%
gen 21 [85/100] k= 17 c=0.984 alpha=-0.440 beta=+0.445 | loss 4.5867 size 431.0 MB zeros 36.7%
gen 21 [86/100] k=218 c=0.996 alpha=-0.114 beta=+0.079 | loss 3.0614 size 630.8 MB zeros 8.2%
gen 21 [87/100] k=  8 c=0.941 alpha=-0.402 beta=+0.631 | loss 12.8237 size 382.6 MB zeros 51.7%
gen 21 [88/100] k=  8 c=0.996 alpha=-0.144 beta=+0.094 | loss 12.4571 size 381.7 MB zeros 52.3%
gen 21 [89/100] k= 24 c=0.789 alpha=-0.451 beta=+0.098 | loss 3.6615 size 485.5 MB zeros 25.0%
gen 21 [90/100] k= 83 c=0.995 alpha=-0.050 beta=+0.162 | loss 3.0814 size 586.1 MB zeros 9.4%
gen 21 [91/100] k= 72 c=0.942 alpha=-0.013 beta=+0.065 | loss 3.0730 size 586.1 MB zeros 5.6%
gen 21 [92/100] k=  9 c=0.916 alpha=-0.318 beta=+0.451 | loss 6.2926 size 398.5 MB zeros 39.8%
gen 21 [93/100] k=  7 c=0.768 alpha=-0.116 beta=+0.074 | loss 8.2838 size 394.9 MB zeros 42.5%
gen 21 [94/100] k=194 c=0.952 alpha=-0.909 beta=+0.830 | loss 9.5481 size 449.1 MB zeros 63.3%
gen 21 [95/100] k= 22 c=0.996 alpha=-0.909 beta=+0.074 | loss 17.8620 size 447.9 MB zeros 41.8%
gen 21 [96/100] k=  9 c=0.993 alpha=-0.008 beta=+0.167 | loss 7.3859 size 396.4 MB zeros 41.4%
gen 21 [97/100] k= 20 c=0.957 alpha=-0.042 beta=+0.026 | loss 3.5015 size 494.0 MB zeros 19.4%
gen 21 [98/100] k=214 c=0.986 alpha=-0.061 beta=+0.842 | loss 15.4555 size 555.4 MB zeros 33.6%
gen 21 [99/100] k= 87 c=0.890 alpha=-0.510 beta=+0.421 | loss 4.4624 size 513.0 MB zeros 37.7%
gen 21 [100/100] k= 30 c=0.938 alpha=-0.255 beta=+0.393 | loss 3.6029 size 480.7 MB zeros 27.1%
=== generation 21/50 done in 162s (0 from cache), Pareto front has 100 points, best loss 3.0523, smallest 320.4 MB
gen 22 [1/100] k= 16 c=0.999 alpha=-0.865 beta=+0.830 | loss 9.6133 size 385.2 MB zeros 62.3%
gen 22 [2/100] k= 16 c=0.767 alpha=-0.766 beta=+0.997 | loss 14.9460 size 382.7 MB zeros 63.7%
gen 22 [3/100] k=  5 c=0.977 alpha=-0.391 beta=+0.998 | loss 14.6902 size 343.9 MB zeros 70.7%
gen 22 [4/100] k= 34 c=0.964 alpha=-0.550 beta=+0.484 | loss 5.0221 size 475.0 MB zeros 41.4%
gen 22 [5/100] k=215 c=0.986 alpha=-0.060 beta=+0.099 | loss 3.0556 size 630.8 MB zeros 6.8%
gen 22 [6/100] k=  3 c=0.975 alpha=-0.291 beta=+0.110 | loss 15.5268 size 320.7 MB zeros 93.5%
gen 22 [7/100] k= 60 c=0.939 alpha=-0.023 beta=+0.334 | loss 3.2767 size 540.1 MB zeros 16.9%
gen 22 [8/100] k= 16 c=0.940 alpha=-0.431 beta=+0.457 | loss 4.7185 size 430.5 MB zeros 37.0%
gen 22 [9/100] k=  8 c=0.961 alpha=-0.464 beta=+0.472 | loss 12.7376 size 383.6 MB zeros 50.9%
gen 22 [10/100] k= 29 c=0.950 alpha=-0.285 beta=+0.163 | loss 3.3122 size 495.8 MB zeros 19.6%
gen 22 [11/100] k=  5 c=0.807 alpha=-0.371 beta=+0.021 | loss 13.3813 size 353.2 MB zeros 60.4%
gen 22 [12/100] k=  9 c=0.752 alpha=-0.429 beta=+0.470 | loss 6.5418 size 399.9 MB zeros 38.8%
gen 22 [13/100] k= 17 c=0.717 alpha=-0.487 beta=+0.867 | loss 15.1498 size 404.8 MB zeros 51.3%
gen 22 [14/100] k= 11 c=0.984 alpha=-0.037 beta=+0.460 | loss 5.6688 size 430.8 MB zeros 36.8%
gen 22 [15/100] k= 13 c=0.954 alpha=-0.757 beta=+0.873 | loss 10.1151 size 388.4 MB zeros 60.5%
gen 22 [16/100] k= 32 c=0.993 alpha=-0.532 beta=+0.026 | loss 17.9029 size 480.1 MB zeros 27.4%
gen 22 [17/100] k= 18 c=0.785 alpha=-0.977 beta=+0.994 | loss 11.6258 size 386.7 MB zeros 69.2%
gen 22 [18/100] k= 32 c=0.975 alpha=-0.211 beta=+0.837 | loss 15.3901 size 451.9 MB zeros 40.0%
gen 22 [19/100] k= 16 c=0.935 alpha=-0.430 beta=+0.415 | loss 4.4007 size 433.1 MB zeros 35.5%
gen 22 [20/100] k= 17 c=0.970 alpha=-0.449 beta=+0.816 | loss 15.5925 size 409.3 MB zeros 48.8%
gen 22 [21/100] k=  3 c=0.729 alpha=-0.996 beta=+0.990 | loss 16.8776 size 324.5 MB zeros 84.8%
gen 22 [22/100] k= 16 c=0.984 alpha=-0.453 beta=+0.095 | loss 4.2536 size 440.4 MB zeros 31.4%
gen 22 [23/100] k= 43 c=0.974 alpha=-0.952 beta=+0.995 | loss 10.6776 size 402.1 MB zeros 68.6%
gen 22 [24/100] k= 71 c=0.969 alpha=-0.132 beta=+0.815 | loss 15.4468 size 518.5 MB zeros 35.9%
gen 22 [25/100] k= 17 c=0.871 alpha=-0.286 beta=+0.475 | loss 4.1142 size 439.3 MB zeros 32.1%
gen 22 [26/100] k= 31 c=0.989 alpha=-0.482 beta=+0.019 | loss 12.6057 size 484.1 MB zeros 25.6%
gen 22 [27/100] k=  5 c=0.987 alpha=-0.051 beta=+0.278 | loss 15.7614 size 345.5 MB zeros 69.0%
gen 22 [28/100] k= 17 c=0.941 alpha=-0.994 beta=+0.920 | loss 10.6089 size 375.4 MB zeros 67.8%
gen 22 [29/100] k= 17 c=0.995 alpha=-0.846 beta=+0.830 | loss 10.1725 size 386.2 MB zeros 61.7%
gen 22 [30/100] k=  9 c=0.711 alpha=-0.582 beta=+0.440 | loss 6.5692 size 395.1 MB zeros 42.3%
gen 22 [31/100] k=  9 c=0.757 alpha=-0.489 beta=+0.452 | loss 6.7715 size 398.1 MB zeros 40.1%
gen 22 [32/100] k= 16 c=0.943 alpha=-0.027 beta=+0.005 | loss 3.8582 size 449.4 MB zeros 24.2%
gen 22 [33/100] k= 34 c=0.964 alpha=-0.063 beta=+0.149 | loss 3.1449 size 541.4 MB zeros 12.4%
gen 22 [34/100] k= 17 c=0.938 alpha=-0.448 beta=+0.852 | loss 15.5188 size 407.7 MB zeros 49.8%
gen 22 [35/100] k= 16 c=0.994 alpha=-0.730 beta=+0.979 | loss 15.2683 size 385.2 MB zeros 62.3%
gen 22 [36/100] k=  5 c=0.975 alpha=-0.992 beta=+0.995 | loss 14.4516 size 342.1 MB zeros 72.7%
gen 22 [37/100] k= 12 c=0.962 alpha=-0.998 beta=+0.553 | loss 17.4342 size 393.6 MB zeros 57.6%
gen 22 [38/100] k=215 c=0.986 alpha=-0.061 beta=+0.928 | loss 15.4753 size 547.4 MB zeros 35.8%
gen 22 [39/100] k= 16 c=0.940 alpha=-0.313 beta=+0.391 | loss 4.0631 size 441.7 MB zeros 30.7%
gen 22 [40/100] k=  3 c=0.976 alpha=-0.907 beta=+0.022 | loss 15.5372 size 320.7 MB zeros 93.5%
gen 22 [41/100] k= 58 c=0.951 alpha=-0.059 beta=+0.124 | loss 3.1076 size 541.4 MB zeros 8.6%
gen 22 [42/100] k= 16 c=0.916 alpha=-0.443 beta=+0.459 | loss 4.9153 size 429.7 MB zeros 37.4%
gen 22 [43/100] k=  9 c=0.764 alpha=-0.429 beta=+0.311 | loss 5.7586 size 404.4 MB zeros 35.4%
gen 22 [44/100] k= 16 c=0.979 alpha=-0.435 beta=+0.482 | loss 4.9484 size 428.5 MB zeros 38.1%
gen 22 [45/100] k=  3 c=0.998 alpha=-0.502 beta=+0.414 | loss 16.0238 size 320.4 MB zeros 94.0%
gen 22 [46/100] k=  3 c=0.981 alpha=-0.958 beta=+0.860 | loss 16.1848 size 320.6 MB zeros 93.6%
gen 22 [47/100] k= 17 c=0.868 alpha=-0.847 beta=+0.799 | loss 9.5152 size 387.8 MB zeros 60.9%
gen 22 [48/100] k=  5 c=0.936 alpha=-0.431 beta=+0.392 | loss 15.4851 size 347.5 MB zeros 66.8%
gen 22 [49/100] k=  3 c=0.883 alpha=-0.990 beta=+0.425 | loss 17.1894 size 321.8 MB zeros 90.9%
gen 22 [50/100] k= 17 c=0.983 alpha=-0.013 beta=+0.149 | loss 3.6602 size 457.0 MB zeros 22.2%
gen 22 [51/100] k= 16 c=0.971 alpha=-0.455 beta=+0.446 | loss 4.9151 size 429.5 MB zeros 37.6%
gen 22 [52/100] k=  3 c=0.996 alpha=-0.952 beta=+0.835 | loss 15.9853 size 320.4 MB zeros 94.0%
gen 22 [53/100] k= 20 c=0.995 alpha=-0.091 beta=+0.162 | loss 3.5277 size 493.3 MB zeros 20.1%
gen 22 [54/100] k=  5 c=0.716 alpha=-0.975 beta=+0.969 | loss 12.4017 size 344.8 MB zeros 69.8%
gen 22 [55/100] k=  3 c=0.974 alpha=-0.994 beta=+0.978 | loss 15.4397 size 320.7 MB zeros 93.5%
gen 22 [56/100] k=  9 c=0.715 alpha=-0.359 beta=+0.501 | loss 5.7765 size 401.6 MB zeros 37.5%
gen 22 [57/100] k=  9 c=0.931 alpha=-0.330 beta=+0.317 | loss 7.1797 size 399.3 MB zeros 39.2%
gen 22 [58/100] k= 58 c=0.974 alpha=-0.035 beta=+0.110 | loss 3.0894 size 541.4 MB zeros 8.1%
gen 22 [59/100] k=  6 c=0.961 alpha=-0.945 beta=+0.559 | loss 15.6410 size 358.7 MB zeros 69.5%
gen 22 [60/100] k= 17 c=0.974 alpha=-0.453 beta=+0.606 | loss 5.4834 size 420.4 MB zeros 42.6%
gen 22 [61/100] k=  9 c=0.723 alpha=-0.431 beta=+0.504 | loss 6.3196 size 398.7 MB zeros 39.7%
gen 22 [62/100] k=  3 c=0.960 alpha=-0.016 beta=+0.414 | loss 15.9493 size 320.8 MB zeros 93.1%
gen 22 [63/100] k=  4 c=0.868 alpha=-0.782 beta=+0.800 | loss 17.0196 size 326.3 MB zeros 90.5%
gen 22 [64/100] k= 10 c=0.996 alpha=-0.937 beta=+0.384 | loss 17.8785 size 399.2 MB zeros 54.5%
gen 22 [65/100] k=  3 c=0.974 alpha=-0.019 beta=+0.111 | loss 15.4397 size 320.7 MB zeros 93.5%
gen 22 [66/100] k= 72 c=0.949 alpha=-0.013 beta=+0.096 | loss 3.0624 size 586.1 MB zeros 6.8%
gen 22 [67/100] k=  5 c=0.726 alpha=-0.974 beta=+0.929 | loss 11.8299 size 345.5 MB zeros 68.9%
gen 22 [68/100] k=  6 c=0.716 alpha=-0.805 beta=+0.484 | loss 14.5946 size 372.9 MB zeros 58.9%
gen 22 [69/100] k=  9 c=0.963 alpha=-0.422 beta=+0.029 | loss 7.5391 size 397.3 MB zeros 40.7%
gen 22 [70/100] k=221 c=0.986 alpha=-0.094 beta=+0.445 | loss 3.5253 size 596.5 MB zeros 22.1%
gen 22 [71/100] k= 51 c=0.951 alpha=-0.411 beta=+0.019 | loss 3.3092 size 531.4 MB zeros 20.4%
gen 22 [72/100] k= 43 c=0.844 alpha=-0.144 beta=+0.123 | loss 3.1885 size 541.4 MB zeros 11.8%
gen 22 [73/100] k= 19 c=0.868 alpha=-0.782 beta=+0.095 | loss 17.8020 size 456.2 MB zeros 38.1%
gen 22 [74/100] k= 17 c=0.984 alpha=-0.444 beta=+0.149 | loss 4.0285 size 443.9 MB zeros 29.5%
gen 22 [75/100] k= 17 c=0.965 alpha=-0.374 beta=+0.559 | loss 5.2394 size 428.2 MB zeros 38.2%
gen 22 [76/100] k= 80 c=0.714 alpha=-0.971 beta=+0.930 | loss 10.6773 size 419.6 MB zeros 67.5%
gen 22 [77/100] k= 13 c=0.979 alpha=-0.590 beta=+0.442 | loss 5.6891 size 420.9 MB zeros 42.4%
gen 22 [78/100] k=  5 c=0.725 alpha=-0.105 beta=+0.139 | loss 12.1983 size 357.2 MB zeros 55.9%
gen 22 [79/100] k= 30 c=0.944 alpha=-0.241 beta=+0.438 | loss 3.5937 size 478.2 MB zeros 28.3%
gen 22 [80/100] k=  7 c=0.714 alpha=-0.444 beta=+0.036 | loss 8.8553 size 397.4 MB zeros 40.7%
gen 22 [81/100] k= 25 c=0.908 alpha=-0.334 beta=+0.483 | loss 4.1722 size 466.3 MB zeros 33.6%
gen 22 [82/100] k=  9 c=0.943 alpha=-0.487 beta=+0.514 | loss 7.6351 size 393.5 MB zeros 43.6%
gen 22 [83/100] k= 23 c=0.733 alpha=-0.942 beta=+0.932 | loss 10.9610 size 392.0 MB zeros 66.8%
gen 22 [84/100] k=  3 c=0.996 alpha=-0.998 beta=+0.259 | loss 15.9950 size 320.4 MB zeros 94.0%
gen 22 [85/100] k=  9 c=0.965 alpha=-0.884 beta=+0.834 | loss 10.5769 size 366.9 MB zeros 63.4%
gen 22 [86/100] k=  9 c=0.756 alpha=-0.340 beta=+0.325 | loss 5.5736 size 407.2 MB zeros 33.3%
gen 22 [87/100] k=  9 c=0.891 alpha=-0.431 beta=+0.997 | loss 15.4065 size 378.4 MB zeros 54.8%
gen 22 [88/100] k=  5 c=0.785 alpha=-0.977 beta=+0.116 | loss 17.8579 size 349.3 MB zeros 64.8%
gen 22 [89/100] k= 39 c=0.959 alpha=-0.429 beta=+0.021 | loss 3.3935 size 526.5 MB zeros 22.2%
gen 22 [90/100] k= 16 c=0.996 alpha=-0.228 beta=+0.856 | loss 15.5728 size 417.7 MB zeros 44.1%
gen 22 [91/100] k=  9 c=0.952 alpha=-0.909 beta=+0.838 | loss 10.3450 size 365.9 MB zeros 64.1%
gen 22 [92/100] k= 10 c=0.939 alpha=-0.023 beta=+0.326 | loss 7.2716 size 425.9 MB zeros 39.5%
gen 22 [93/100] k=254 c=0.986 alpha=-0.107 beta=+0.102 | loss 3.0609 size 630.8 MB zeros 8.9%
gen 22 [94/100] k= 17 c=0.975 alpha=-0.386 beta=+0.328 | loss 4.0653 size 441.8 MB zeros 30.7%
gen 22 [95/100] k= 12 c=0.940 alpha=-0.431 beta=+0.499 | loss 5.9955 size 425.6 MB zeros 39.7%
gen 22 [96/100] k= 16 c=0.978 alpha=-0.584 beta=+0.483 | loss 5.8176 size 419.4 MB zeros 43.2%
gen 22 [97/100] k=  9 c=0.741 alpha=-0.326 beta=+0.280 | loss 5.7656 size 408.4 MB zeros 32.5%
gen 22 [98/100] k= 14 c=0.860 alpha=-0.970 beta=+0.873 | loss 9.8306 size 378.5 MB zeros 66.1%
gen 22 [99/100] k=  9 c=0.899 alpha=-0.521 beta=+0.318 | loss 6.9213 size 396.7 MB zeros 41.2%
gen 22 [100/100] k=  5 c=0.757 alpha=-0.430 beta=+0.509 | loss 13.2406 size 355.6 MB zeros 57.7%
=== generation 22/50 done in 162s (0 from cache), Pareto front has 100 points, best loss 3.0523, smallest 320.4 MB
gen 23 [1/100] k=  3 c=0.977 alpha=-0.396 beta=+0.321 | loss 15.7277 size 320.7 MB zeros 93.5%
gen 23 [2/100] k= 39 c=0.973 alpha=-0.790 beta=+0.846 | loss 9.6707 size 423.7 MB zeros 60.5%
gen 23 [3/100] k=  3 c=0.978 alpha=-0.091 beta=+0.070 | loss 15.9732 size 320.6 MB zeros 93.5%
gen 23 [4/100] k= 13 c=0.964 alpha=-0.639 beta=+0.837 | loss 16.0350 size 396.4 MB zeros 56.0%
gen 23 [5/100] k= 14 c=0.763 alpha=-0.114 beta=+0.325 | loss 4.0595 size 449.1 MB zeros 25.8%
gen 23 [6/100] k=  5 c=0.716 alpha=-0.919 beta=+0.930 | loss 11.1495 size 346.7 MB zeros 67.7%
gen 23 [7/100] k=  9 c=0.944 alpha=-0.523 beta=+0.475 | loss 7.1812 size 393.5 MB zeros 43.5%
gen 23 [8/100] k=  9 c=0.712 alpha=-0.431 beta=+0.188 | loss 5.6265 size 406.1 MB zeros 34.2%
gen 23 [9/100] k= 34 c=0.963 alpha=-0.031 beta=+0.149 | loss 3.1498 size 541.4 MB zeros 12.4%
gen 23 [10/100] k= 13 c=0.988 alpha=-0.992 beta=+0.094 | loss 17.5820 size 408.5 MB zeros 49.3%
gen 23 [11/100] k= 17 c=0.730 alpha=-0.438 beta=+0.328 | loss 4.7696 size 439.6 MB zeros 31.9%
gen 23 [12/100] k= 71 c=0.940 alpha=-0.015 beta=+0.056 | loss 3.0871 size 586.1 MB zeros 5.3%
gen 23 [14/100] k=  8 c=0.975 alpha=-0.231 beta=+0.384 | loss 11.7336 size 382.9 MB zeros 51.5%
gen 23 [15/100] k= 17 c=0.990 alpha=-0.103 beta=+0.436 | loss 3.9347 size 444.2 MB zeros 29.3%
gen 23 [16/100] k=  9 c=0.757 alpha=-0.379 beta=+0.503 | loss 5.8696 size 400.3 MB zeros 38.5%
gen 23 [17/100] k=  9 c=0.938 alpha=-0.426 beta=+0.514 | loss 7.5231 size 395.1 MB zeros 42.3%
gen 23 [18/100] k= 83 c=0.744 alpha=-0.993 beta=+0.995 | loss 11.0524 size 413.1 MB zeros 69.5%
gen 23 [19/100] k= 31 c=0.959 alpha=-0.376 beta=+0.094 | loss 3.3350 size 493.3 MB zeros 21.5%
gen 23 [20/100] k= 10 c=0.703 alpha=-0.411 beta=+0.018 | loss 5.1193 size 437.0 MB zeros 33.3%
gen 23 [21/100] k= 21 c=0.860 alpha=-0.991 beta=+0.938 | loss 10.8023 size 389.0 MB zeros 68.1%
gen 23 [22/100] k=  5 c=0.974 alpha=-0.974 beta=+0.607 | loss 15.2702 size 344.3 MB zeros 70.3%
gen 23 [23/100] k=  4 c=0.952 alpha=-0.843 beta=+0.838 | loss 16.9145 size 324.1 MB zeros 92.9%
gen 23 [24/100] k=  3 c=0.975 alpha=-0.962 beta=+0.163 | loss 15.5290 size 320.7 MB zeros 93.5%
gen 23 [25/100] k= 32 c=0.944 alpha=-0.224 beta=+0.438 | loss 3.5074 size 479.8 MB zeros 27.6%
gen 23 [26/100] k= 32 c=0.985 alpha=-0.118 beta=+0.096 | loss 3.1864 size 496.7 MB zeros 12.3%
gen 23 [27/100] k= 16 c=0.943 alpha=-0.440 beta=+0.499 | loss 4.8481 size 427.3 MB zeros 38.8%
gen 23 [28/100] k= 33 c=0.713 alpha=-0.031 beta=+0.489 | loss 15.2611 size 488.0 MB zeros 23.9%
gen 23 [29/100] k= 17 c=0.984 alpha=-0.473 beta=+0.410 | loss 4.6363 size 431.1 MB zeros 36.6%
gen 23 [30/100] k= 17 c=0.870 alpha=-0.582 beta=+0.815 | loss 15.1676 size 401.3 MB zeros 53.3%
gen 23 [31/100] k= 58 c=0.969 alpha=-0.059 beta=+0.051 | loss 3.0889 size 541.4 MB zeros 6.5%
gen 23 [32/100] k=  3 c=0.993 alpha=-0.976 beta=+0.194 | loss 15.8968 size 320.5 MB zeros 93.9%
gen 23 [33/100] k= 15 c=0.756 alpha=-0.342 beta=+0.064 | loss 4.1766 size 450.4 MB zeros 24.5%
gen 23 [34/100] k=  9 c=0.950 alpha=-0.372 beta=+0.678 | loss 14.8979 size 389.2 MB zeros 46.8%
gen 23 [35/100] k=  5 c=0.896 alpha=-0.995 beta=+0.998 | loss 14.7156 size 342.9 MB zeros 71.9%
gen 23 [36/100] k= 17 c=0.859 alpha=-0.838 beta=+0.048 | loss 17.7975 size 424.0 MB zeros 40.6%
gen 23 [37/100] k=  3 c=0.950 alpha=-0.500 beta=+0.406 | loss 17.0826 size 321.0 MB zeros 92.8%
gen 23 [38/100] k= 17 c=0.876 alpha=-0.981 beta=+0.929 | loss 10.8357 size 375.5 MB zeros 67.7%
gen 23 [39/100] k=  3 c=0.988 alpha=-0.746 beta=+0.100 | loss 16.1682 size 320.5 MB zeros 93.8%
gen 23 [40/100] k= 17 c=0.871 alpha=-0.285 beta=+0.455 | loss 4.0800 size 440.6 MB zeros 31.3%
gen 23 [41/100] k=  3 c=0.970 alpha=-0.952 beta=+0.817 | loss 15.4687 size 320.7 MB zeros 93.3%
gen 23 [42/100] k= 17 c=0.984 alpha=-0.037 beta=+0.445 | loss 3.9353 size 443.8 MB zeros 29.5%
gen 23 [43/100] k=  9 c=0.767 alpha=-0.377 beta=+0.546 | loss 6.1680 size 398.3 MB zeros 39.9%
gen 23 [44/100] k=254 c=0.718 alpha=-0.993 beta=+0.930 | loss 10.8516 size 432.3 MB zeros 68.0%
gen 23 [45/100] k= 17 c=0.971 alpha=-0.139 beta=+0.384 | loss 3.7795 size 447.9 MB zeros 27.2%
gen 23 [46/100] k= 14 c=0.974 alpha=-0.545 beta=+0.481 | loss 5.4447 size 421.2 MB zeros 42.2%
gen 23 [47/100] k=  6 c=0.951 alpha=-0.429 beta=+0.995 | loss 13.8074 size 358.0 MB zeros 70.0%
gen 23 [48/100] k= 50 c=0.984 alpha=-0.522 beta=+0.479 | loss 4.6561 size 478.1 MB zeros 40.3%
gen 23 [49/100] k= 17 c=0.976 alpha=-0.388 beta=+0.328 | loss 4.0510 size 441.6 MB zeros 30.8%
gen 23 [50/100] k= 19 c=0.846 alpha=-0.144 beta=+0.062 | loss 3.4285 size 495.5 MB zeros 17.2%
gen 23 [51/100] k=  8 c=0.940 alpha=-0.410 beta=+0.448 | loss 11.8910 size 384.8 MB zeros 50.0%
gen 23 [52/100] k=247 c=0.970 alpha=-0.333 beta=+0.102 | loss 3.1807 size 610.5 MB zeros 18.2%
gen 23 [53/100] k=  9 c=0.993 alpha=-0.975 beta=+0.837 | loss 16.2974 size 363.7 MB zeros 65.7%
gen 23 [54/100] k=  3 c=0.996 alpha=-0.847 beta=+0.835 | loss 15.9853 size 320.4 MB zeros 94.0%
gen 23 [55/100] k=  7 c=0.936 alpha=-0.285 beta=+0.499 | loss 11.8526 size 384.9 MB zeros 49.9%
gen 23 [56/100] k=  3 c=0.997 alpha=-0.500 beta=+0.414 | loss 16.0095 size 320.4 MB zeros 94.0%
gen 23 [57/100] k=215 c=0.972 alpha=-0.061 beta=+0.966 | loss 15.4541 size 544.1 MB zeros 36.7%
gen 23 [58/100] k=  9 c=0.939 alpha=-0.582 beta=+0.463 | loss 7.3854 size 391.7 MB zeros 44.9%
gen 23 [59/100] k= 18 c=0.969 alpha=-0.432 beta=+0.536 | loss 5.0740 size 453.0 MB zeros 39.5%
gen 23 [60/100] k=  8 c=0.762 alpha=-0.429 beta=+0.319 | loss 7.4513 size 395.0 MB zeros 42.4%
gen 23 [61/100] k= 33 c=0.970 alpha=-0.453 beta=+0.565 | loss 4.8179 size 450.1 MB zeros 40.8%
gen 23 [62/100] k= 17 c=0.979 alpha=-0.037 beta=+0.107 | loss 3.6466 size 457.1 MB zeros 22.1%
gen 23 [63/100] k=  7 c=0.963 alpha=-0.998 beta=+0.990 | loss 12.8532 size 357.5 MB zeros 70.4%
gen 23 [64/100] k= 17 c=0.943 alpha=-0.491 beta=+0.330 | loss 4.4376 size 435.2 MB zeros 34.3%
gen 23 [65/100] k=  5 c=0.992 alpha=-0.039 beta=+0.162 | loss 15.5243 size 345.3 MB zeros 69.2%
gen 23 [66/100] k= 58 c=0.969 alpha=-0.059 beta=+0.023 | loss 3.0893 size 541.4 MB zeros 6.5%
gen 23 [67/100] k= 30 c=0.983 alpha=-0.444 beta=+0.020 | loss 3.5216 size 486.3 MB zeros 24.6%
gen 23 [68/100] k=  3 c=0.785 alpha=-0.970 beta=+0.994 | loss 16.8488 size 323.4 MB zeros 87.3%
gen 23 [69/100] k=  3 c=0.974 alpha=-0.051 beta=+0.048 | loss 15.4397 size 320.7 MB zeros 93.5%
gen 23 [70/100] k= 17 c=0.721 alpha=-0.453 beta=+0.928 | loss 15.2376 size 404.1 MB zeros 51.7%
gen 23 [71/100] k= 17 c=0.868 alpha=-0.905 beta=+0.768 | loss 12.5966 size 386.7 MB zeros 61.5%
gen 23 [72/100] k= 83 c=0.995 alpha=-0.070 beta=+0.980 | loss 15.4530 size 513.0 MB zeros 37.6%
gen 23 [73/100] k= 17 c=0.992 alpha=-0.159 beta=+0.367 | loss 3.8043 size 448.6 MB zeros 26.9%
gen 23 [74/100] k=  3 c=0.939 alpha=-0.751 beta=+0.811 | loss 17.1452 size 321.1 MB zeros 92.5%
gen 23 [75/100] k= 10 c=0.940 alpha=-0.478 beta=+0.514 | loss 7.6742 size 419.2 MB zeros 43.3%
gen 23 [76/100] k=  9 c=0.967 alpha=-0.359 beta=+0.093 | loss 7.8399 size 397.5 MB zeros 40.5%
gen 23 [77/100] k= 17 c=0.873 alpha=-0.840 beta=+0.852 | loss 10.2537 size 385.5 MB zeros 62.1%
gen 23 [78/100] k= 11 c=0.714 alpha=-0.728 beta=+0.439 | loss 17.3920 size 414.0 MB zeros 46.2%
gen 23 [79/100] k= 31 c=0.989 alpha=-0.411 beta=+0.019 | loss 3.4468 size 490.0 MB zeros 23.0%
gen 23 [80/100] k= 16 c=0.993 alpha=-0.866 beta=+0.739 | loss 9.4442 size 389.8 MB zeros 59.7%
gen 23 [81/100] k=208 c=0.996 alpha=-0.027 beta=+0.292 | loss 3.1899 size 627.6 MB zeros 13.4%
gen 23 [82/100] k= 29 c=0.951 alpha=-0.912 beta=+0.244 | loss 17.9129 size 444.5 MB zeros 43.3%
gen 23 [83/100] k= 22 c=0.785 alpha=-0.977 beta=+0.994 | loss 11.3352 size 386.7 MB zeros 69.2%
gen 23 [84/100] k=  3 c=0.985 alpha=-0.944 beta=+0.746 | loss 16.3267 size 320.6 MB zeros 93.7%
gen 23 [85/100] k= 32 c=1.000 alpha=-0.042 beta=+0.035 | loss 3.2058 size 496.7 MB zeros 12.4%
gen 23 [86/100] k=  4 c=0.718 alpha=-0.837 beta=+0.805 | loss 17.0514 size 331.8 MB zeros 84.3%
gen 23 [87/100] k= 57 c=0.856 alpha=-0.027 beta=+0.828 | loss 15.4573 size 496.4 MB zeros 33.4%
gen 23 [88/100] k= 40 c=0.940 alpha=-0.432 beta=+0.147 | loss 3.4714 size 521.2 MB zeros 24.2%
gen 23 [89/100] k= 76 c=0.991 alpha=-0.062 beta=+0.164 | loss 3.0853 size 586.1 MB zeros 9.9%
gen 23 [90/100] k=  3 c=0.977 alpha=-0.558 beta=+0.441 | loss 15.7544 size 320.7 MB zeros 93.5%
gen 23 [91/100] k=  9 c=0.981 alpha=-0.590 beta=+0.565 | loss 7.9587 size 387.5 MB zeros 48.0%
gen 23 [92/100] k=  5 c=0.974 alpha=-0.107 beta=+0.088 | loss 16.2800 size 345.9 MB zeros 68.5%
gen 23 [93/100] k= 17 c=0.976 alpha=-0.388 beta=+0.328 | loss 4.0507 size 441.6 MB zeros 30.8%
gen 23 [94/100] k=  3 c=0.944 alpha=-0.005 beta=+0.042 | loss 17.2802 size 321.0 MB zeros 92.7%
gen 23 [95/100] k=  5 c=0.728 alpha=-0.978 beta=+0.457 | loss 17.9456 size 350.8 MB zeros 63.1%
gen 23 [96/100] k= 17 c=0.974 alpha=-0.523 beta=+0.393 | loss 4.8486 size 429.2 MB zeros 37.7%
gen 23 [97/100] k= 83 c=0.997 alpha=-0.050 beta=+0.481 | loss 13.4884 size 562.3 MB zeros 21.9%
gen 23 [98/100] k= 17 c=0.764 alpha=-0.388 beta=+0.319 | loss 4.3195 size 443.3 MB zeros 29.8%
gen 23 [99/100] k=  9 c=0.715 alpha=-0.253 beta=+0.165 | loss 5.4020 size 410.1 MB zeros 31.2%
gen 23 [100/100] k= 18 c=0.958 alpha=-0.470 beta=+0.328 | loss 4.4567 size 466.3 MB zeros 33.6%
=== generation 23/50 done in 161s (1 from cache), Pareto front has 100 points, best loss 3.0523, smallest 320.4 MB
gen 24 [1/100] k= 14 c=0.807 alpha=-0.970 beta=+0.873 | loss 10.8333 size 378.5 MB zeros 66.0%
gen 24 [3/100] k=  9 c=0.756 alpha=-0.352 beta=+0.325 | loss 5.5811 size 407.0 MB zeros 33.5%
gen 24 [4/100] k=  9 c=0.966 alpha=-0.444 beta=+0.036 | loss 7.7891 size 396.8 MB zeros 41.1%
gen 24 [5/100] k=  8 c=0.871 alpha=-0.286 beta=+0.487 | loss 10.7741 size 388.5 MB zeros 47.3%
gen 24 [6/100] k=  5 c=0.975 alpha=-0.992 beta=+0.969 | loss 14.7392 size 342.5 MB zeros 72.4%
gen 24 [8/100] k= 17 c=0.983 alpha=-0.582 beta=+0.484 | loss 5.8677 size 419.9 MB zeros 42.9%
gen 24 [10/100] k= 17 c=0.762 alpha=-0.840 beta=+0.811 | loss 10.3449 size 387.5 MB zeros 61.0%
gen 24 [11/100] k=  5 c=0.785 alpha=-0.970 beta=+0.994 | loss 11.4392 size 344.1 MB zeros 70.6%
gen 24 [12/100] k=  6 c=0.766 alpha=-0.429 beta=+0.413 | loss 12.7512 size 373.8 MB zeros 58.2%
gen 24 [13/100] k= 16 c=0.743 alpha=-0.990 beta=+0.822 | loss 18.0233 size 380.2 MB zeros 65.1%
gen 24 [14/100] k= 19 c=0.997 alpha=-0.035 beta=+0.424 | loss 3.7832 size 479.5 MB zeros 27.7%
gen 24 [15/100] k=  9 c=0.736 alpha=-0.292 beta=+0.108 | loss 5.6881 size 408.9 MB zeros 32.1%
gen 24 [16/100] k=  9 c=0.717 alpha=-0.062 beta=+0.108 | loss 5.4854 size 410.0 MB zeros 31.3%
gen 24 [17/100] k=246 c=0.952 alpha=-0.102 beta=+0.090 | loss 3.0602 size 630.8 MB zeros 8.2%
gen 24 [18/100] k= 16 c=0.969 alpha=-0.431 beta=+0.084 | loss 4.1897 size 442.1 MB zeros 30.5%
gen 24 [19/100] k=  9 c=0.715 alpha=-0.582 beta=+0.426 | loss 6.5965 size 395.7 MB zeros 41.9%
gen 24 [20/100] k= 17 c=0.996 alpha=-0.501 beta=+0.499 | loss 5.5119 size 423.8 MB zeros 40.7%
gen 24 [21/100] k= 31 c=0.959 alpha=-0.982 beta=+0.075 | loss 17.8881 size 451.0 MB zeros 40.4%
gen 24 [22/100] k=  5 c=0.713 alpha=-0.952 beta=+0.840 | loss 13.8542 size 347.8 MB zeros 66.4%
gen 24 [23/100] k=  9 c=0.946 alpha=-0.556 beta=+0.475 | loss 7.4715 size 392.3 MB zeros 44.5%
gen 24 [24/100] k= 33 c=0.721 alpha=-0.254 beta=+0.408 | loss 4.0217 size 480.1 MB zeros 27.4%
gen 24 [25/100] k= 16 c=0.990 alpha=-0.455 beta=+0.450 | loss 4.9815 size 429.2 MB zeros 37.7%
gen 24 [26/100] k= 32 c=0.957 alpha=-0.025 beta=+0.026 | loss 3.1489 size 496.7 MB zeros 11.9%
gen 24 [27/100] k=  5 c=0.787 alpha=-0.977 beta=+0.994 | loss 10.5761 size 344.0 MB zeros 70.7%
gen 24 [28/100] k=  5 c=0.934 alpha=-0.995 beta=+0.998 | loss 16.5020 size 342.5 MB zeros 72.3%
gen 24 [29/100] k= 32 c=0.996 alpha=-0.952 beta=+0.835 | loss 9.4726 size 397.1 MB zeros 64.5%
gen 24 [30/100] k= 31 c=0.989 alpha=-0.996 beta=+0.019 | loss 17.8797 size 449.8 MB zeros 40.9%
gen 24 [31/100] k=  9 c=0.948 alpha=-0.909 beta=+0.838 | loss 10.2101 size 365.9 MB zeros 64.1%
gen 24 [32/100] k= 14 c=0.962 alpha=-0.842 beta=+0.811 | loss 10.4001 size 387.1 MB zeros 61.2%
gen 24 [33/100] k= 58 c=0.716 alpha=-0.059 beta=+0.166 | loss 3.3413 size 541.4 MB zeros 9.8%
gen 24 [34/100] k= 31 c=0.959 alpha=-0.376 beta=+0.185 | loss 3.4036 size 488.2 MB zeros 23.8%
gen 24 [35/100] k= 16 c=0.763 alpha=-0.918 beta=+0.813 | loss 10.4938 size 383.7 MB zeros 63.1%
gen 24 [36/100] k= 15 c=0.940 alpha=-0.417 beta=+0.487 | loss 4.7919 size 429.4 MB zeros 37.6%
gen 24 [37/100] k=215 c=0.974 alpha=-0.037 beta=+0.079 | loss 3.0555 size 630.8 MB zeros 5.0%
gen 24 [38/100] k= 15 c=0.923 alpha=-0.440 beta=+0.353 | loss 4.2850 size 436.4 MB zeros 33.7%
gen 24 [39/100] k= 30 c=0.943 alpha=-0.171 beta=+0.830 | loss 15.4021 size 455.5 MB zeros 38.4%
gen 24 [40/100] k= 33 c=0.971 alpha=-0.224 beta=+0.420 | loss 3.4971 size 481.2 MB zeros 26.9%
gen 24 [41/100] k= 17 c=0.970 alpha=-0.578 beta=+0.367 | loss 5.1800 size 427.6 MB zeros 38.6%
gen 24 [42/100] k= 18 c=0.991 alpha=-0.029 beta=+0.147 | loss 3.6829 size 490.6 MB zeros 22.3%
gen 24 [43/100] k= 23 c=0.916 alpha=-0.124 beta=+0.026 | loss 3.2867 size 496.4 MB zeros 15.3%
gen 24 [44/100] k= 14 c=0.860 alpha=-0.358 beta=+0.896 | loss 15.5536 size 410.6 MB zeros 48.1%
gen 24 [45/100] k= 17 c=0.730 alpha=-0.960 beta=+0.861 | loss 11.4420 size 379.6 MB zeros 65.4%
gen 24 [46/100] k= 17 c=0.990 alpha=-0.446 beta=+0.484 | loss 4.9379 size 428.2 MB zeros 38.3%
gen 24 [47/100] k= 16 c=0.971 alpha=-0.398 beta=+0.523 | loss 4.9807 size 428.3 MB zeros 38.2%
gen 24 [48/100] k=254 c=0.941 alpha=-0.107 beta=+0.102 | loss 3.0697 size 630.8 MB zeros 8.9%
gen 24 [49/100] k= 26 c=0.714 alpha=-0.582 beta=+0.440 | loss 5.5621 size 449.9 MB zeros 40.9%
gen 24 [50/100] k=  9 c=0.757 alpha=-0.392 beta=+0.484 | loss 5.8035 size 400.6 MB zeros 38.2%
gen 24 [51/100] k= 17 c=0.721 alpha=-0.388 beta=+0.328 | loss 4.5906 size 442.9 MB zeros 30.1%
gen 24 [52/100] k= 12 c=0.739 alpha=-0.431 beta=+0.084 | loss 4.5931 size 440.6 MB zeros 31.3%
gen 24 [53/100] k=  9 c=0.715 alpha=-0.359 beta=+0.503 | loss 5.7841 size 401.6 MB zeros 37.5%
gen 24 [55/100] k=  9 c=0.940 alpha=-0.501 beta=+0.463 | loss 7.1062 size 394.7 MB zeros 42.7%
gen 24 [56/100] k= 16 c=0.940 alpha=-0.387 beta=+0.457 | loss 4.4011 size 433.2 MB zeros 35.5%
gen 24 [57/100] k= 20 c=0.949 alpha=-0.380 beta=+0.503 | loss 4.7323 size 460.1 MB zeros 36.3%
gen 24 [58/100] k=  9 c=0.715 alpha=-0.255 beta=+0.177 | loss 5.4010 size 410.1 MB zeros 31.2%
gen 24 [59/100] k=  4 c=0.882 alpha=-0.995 beta=+0.951 | loss 17.2028 size 325.9 MB zeros 90.9%
gen 24 [60/100] k=  4 c=0.991 alpha=-0.865 beta=+0.998 | loss 16.0315 size 323.3 MB zeros 93.8%
gen 24 [61/100] k= 81 c=0.939 alpha=-0.050 beta=+0.159 | loss 3.0939 size 586.1 MB zeros 9.2%
gen 24 [62/100] k= 55 c=0.969 alpha=-0.013 beta=+0.489 | loss 15.0563 size 524.1 MB zeros 23.1%
gen 24 [63/100] k=215 c=0.984 alpha=-0.283 beta=+0.225 | loss 3.2549 size 599.5 MB zeros 21.3%
gen 24 [64/100] k= 11 c=0.986 alpha=-0.913 beta=+0.852 | loss 10.5373 size 381.6 MB zeros 64.3%
gen 24 [65/100] k= 58 c=0.940 alpha=-0.059 beta=+0.411 | loss 3.5401 size 532.4 MB zeros 20.0%
gen 24 [66/100] k= 32 c=0.957 alpha=-0.023 beta=+0.026 | loss 3.1474 size 496.7 MB zeros 11.9%
gen 24 [67/100] k= 16 c=0.944 alpha=-0.086 beta=+0.445 | loss 4.0718 size 441.9 MB zeros 30.6%
gen 24 [68/100] k=  4 c=0.963 alpha=-0.380 beta=+0.992 | loss 15.8189 size 323.9 MB zeros 93.2%
gen 24 [69/100] k=  3 c=0.997 alpha=-0.975 beta=+0.954 | loss 16.0363 size 320.4 MB zeros 94.0%
gen 24 [70/100] k= 13 c=0.975 alpha=-0.948 beta=+0.905 | loss 13.0084 size 377.9 MB zeros 66.4%
gen 24 [71/100] k=  3 c=0.974 alpha=-0.049 beta=+0.051 | loss 15.4397 size 320.7 MB zeros 93.5%
gen 24 [72/100] k= 10 c=0.939 alpha=-0.582 beta=+0.463 | loss 7.2363 size 416.3 MB zeros 44.9%
gen 24 [73/100] k= 54 c=0.967 alpha=-0.013 beta=+0.096 | loss 3.0956 size 541.4 MB zeros 7.9%
gen 24 [74/100] k= 16 c=0.884 alpha=-0.430 beta=+0.399 | loss 4.6703 size 434.4 MB zeros 34.8%
gen 24 [75/100] k=  3 c=0.944 alpha=-0.222 beta=+0.438 | loss 17.2344 size 321.0 MB zeros 92.7%
gen 24 [76/100] k=  5 c=0.739 alpha=-0.401 beta=+0.987 | loss 14.9753 size 350.3 MB zeros 63.6%
gen 24 [77/100] k=  9 c=0.915 alpha=-0.445 beta=+0.450 | loss 6.3089 size 397.3 MB zeros 40.7%
gen 24 [78/100] k=  7 c=0.996 alpha=-0.999 beta=+0.834 | loss 18.0239 size 362.1 MB zeros 66.9%
gen 24 [79/100] k=  9 c=0.968 alpha=-0.253 beta=+0.081 | loss 7.8262 size 397.5 MB zeros 40.6%
gen 24 [80/100] k= 17 c=0.881 alpha=-0.842 beta=+0.726 | loss 9.7437 size 391.8 MB zeros 58.6%
gen 24 [81/100] k=  9 c=0.987 alpha=-0.367 beta=+0.350 | loss 8.1416 size 396.6 MB zeros 41.3%
gen 24 [82/100] k= 80 c=0.995 alpha=-0.064 beta=+0.162 | loss 3.0911 size 586.1 MB zeros 9.9%
gen 24 [83/100] k=  3 c=0.987 alpha=-0.013 beta=+0.048 | loss 16.0399 size 320.6 MB zeros 93.7%
gen 24 [84/100] k= 40 c=0.965 alpha=-0.999 beta=+0.968 | loss 10.6206 size 400.8 MB zeros 69.1%
gen 24 [85/100] k= 16 c=0.944 alpha=-0.957 beta=+0.438 | loss 17.6515 size 403.2 MB zeros 52.2%
gen 24 [86/100] k= 31 c=0.975 alpha=-0.974 beta=+1.000 | loss 11.0236 size 386.6 MB zeros 69.2%
gen 24 [87/100] k=  9 c=0.981 alpha=-0.173 beta=+0.630 | loss 14.9498 size 390.2 MB zeros 46.0%
gen 24 [88/100] k= 29 c=0.950 alpha=-0.355 beta=+0.203 | loss 3.4360 size 488.4 MB zeros 23.7%
gen 24 [89/100] k=  9 c=0.958 alpha=-0.446 beta=+0.451 | loss 7.5147 size 396.1 MB zeros 41.6%
gen 24 [90/100] k=  6 c=0.715 alpha=-0.969 beta=+0.474 | loss 17.9554 size 368.1 MB zeros 62.5%
gen 24 [91/100] k=  5 c=0.871 alpha=-0.845 beta=+0.817 | loss 13.6688 size 348.1 MB zeros 66.1%
gen 24 [92/100] k= 34 c=0.949 alpha=-0.051 beta=+0.124 | loss 3.1446 size 541.4 MB zeros 11.5%
gen 24 [93/100] k= 17 c=0.978 alpha=-0.105 beta=+0.421 | loss 3.8664 size 445.5 MB zeros 28.6%
gen 24 [94/100] k=  9 c=0.941 alpha=-0.105 beta=+0.077 | loss 7.1533 size 398.8 MB zeros 39.6%
gen 24 [95/100] k= 15 c=0.845 alpha=-0.118 beta=+0.027 | loss 3.7020 size 450.8 MB zeros 21.8%
gen 24 [96/100] k= 17 c=0.870 alpha=-0.872 beta=+0.563 | loss 18.1086 size 399.7 MB zeros 54.2%
gen 24 [97/100] k= 83 c=0.995 alpha=-0.078 beta=+0.162 | loss 3.0835 size 586.1 MB zeros 10.4%
gen 24 [98/100] k= 32 c=0.955 alpha=-0.115 beta=+0.113 | loss 3.1517 size 496.7 MB zeros 12.1%
gen 24 [99/100] k=  9 c=0.978 alpha=-0.590 beta=+0.819 | loss 14.8803 size 378.1 MB zeros 55.0%
gen 24 [100/100] k=256 c=0.984 alpha=-0.115 beta=+0.450 | loss 3.4865 size 592.7 MB zeros 23.2%
=== generation 24/50 done in 156s (4 from cache), Pareto front has 100 points, best loss 3.0523, smallest 320.4 MB
gen 25 [1/100] k=  6 c=0.757 alpha=-0.379 beta=+0.503 | loss 13.8442 size 374.5 MB zeros 57.7%
gen 25 [2/100] k= 16 c=0.971 alpha=-0.578 beta=+0.502 | loss 5.9253 size 418.7 MB zeros 43.6%
gen 25 [3/100] k=  9 c=0.948 alpha=-0.980 beta=+0.839 | loss 15.9203 size 363.6 MB zeros 65.8%
gen 25 [4/100] k=  3 c=0.976 alpha=-0.832 beta=+0.022 | loss 15.5372 size 320.7 MB zeros 93.5%
gen 25 [5/100] k=  3 c=0.973 alpha=-0.049 beta=+0.051 | loss 15.5345 size 320.7 MB zeros 93.4%
gen 25 [6/100] k= 31 c=0.931 alpha=-0.376 beta=+0.184 | loss 3.4030 size 488.4 MB zeros 23.7%
gen 25 [7/100] k= 17 c=0.937 alpha=-0.438 beta=+0.097 | loss 3.9304 size 445.2 MB zeros 28.8%
gen 25 [8/100] k=  3 c=0.993 alpha=-0.495 beta=+0.463 | loss 15.8946 size 320.5 MB zeros 93.9%
gen 25 [9/100] k=  9 c=0.712 alpha=-0.582 beta=+0.357 | loss 17.7162 size 398.3 MB zeros 40.0%
gen 25 [10/100] k=  8 c=0.882 alpha=-0.073 beta=+0.998 | loss 15.0483 size 372.8 MB zeros 59.0%
gen 25 [11/100] k= 26 c=0.957 alpha=-0.913 beta=+0.026 | loss 17.9288 size 451.6 MB zeros 40.2%
gen 25 [12/100] k=  3 c=0.985 alpha=-0.017 beta=+0.450 | loss 16.2357 size 320.6 MB zeros 93.7%
gen 25 [13/100] k=  9 c=0.916 alpha=-0.517 beta=+0.466 | loss 6.7381 size 394.5 MB zeros 42.8%
gen 25 [14/100] k=  9 c=0.761 alpha=-0.396 beta=+0.484 | loss 5.9220 size 400.4 MB zeros 38.4%
gen 25 [15/100] k= 16 c=0.940 alpha=-0.989 beta=+0.994 | loss 10.8935 size 372.3 MB zeros 69.5%
gen 25 [16/100] k=  9 c=0.959 alpha=-0.909 beta=+0.839 | loss 10.6402 size 365.9 MB zeros 64.1%
gen 25 [17/100] k= 13 c=0.986 alpha=-0.107 beta=+0.102 | loss 4.4690 size 444.6 MB zeros 29.0%
gen 25 [18/100] k= 21 c=0.971 alpha=-0.002 beta=+0.162 | loss 3.3612 size 495.2 MB zeros 17.8%
gen 25 [19/100] k=  6 c=0.970 alpha=-0.344 beta=+0.367 | loss 16.3740 size 360.3 MB zeros 68.3%
gen 25 [20/100] k= 14 c=0.860 alpha=-0.992 beta=+0.952 | loss 11.1048 size 374.0 MB zeros 68.6%
gen 25 [21/100] k=  9 c=0.944 alpha=-0.516 beta=+0.340 | loss 7.1917 size 395.5 MB zeros 42.1%
gen 25 [22/100] k= 10 c=0.934 alpha=-0.105 beta=+0.421 | loss 7.0151 size 425.5 MB zeros 39.8%
gen 25 [23/100] k= 22 c=0.953 alpha=-0.105 beta=+0.077 | loss 3.3589 size 495.4 MB zeros 17.5%
gen 25 [24/100] k=  9 c=0.943 alpha=-0.834 beta=+0.463 | loss 17.9417 size 382.2 MB zeros 52.0%
gen 25 [25/100] k=220 c=0.986 alpha=-0.430 beta=+0.415 | loss 3.9344 size 552.0 MB zeros 34.5%
gen 25 [26/100] k= 62 c=0.995 alpha=-0.499 beta=+0.455 | loss 4.5764 size 482.7 MB zeros 38.5%
gen 25 [27/100] k=  5 c=0.975 alpha=-0.908 beta=+0.998 | loss 14.7659 size 343.1 MB zeros 71.7%
gen 25 [28/100] k=  4 c=0.716 alpha=-0.032 beta=+0.483 | loss 17.0142 size 331.9 MB zeros 84.1%
gen 25 [29/100] k=  3 c=0.977 alpha=-0.509 beta=+0.440 | loss 15.7544 size 320.7 MB zeros 93.5%
gen 25 [30/100] k=  3 c=0.984 alpha=-0.469 beta=+0.037 | loss 16.1729 size 320.6 MB zeros 93.7%
gen 25 [31/100] k=  3 c=0.939 alpha=-0.847 beta=+0.564 | loss 17.0956 size 321.1 MB zeros 92.6%
gen 25 [32/100] k=  5 c=0.787 alpha=-0.536 beta=+0.476 | loss 12.9433 size 354.1 MB zeros 59.3%
gen 25 [33/100] k=  9 c=0.996 alpha=-0.952 beta=+0.894 | loss 11.4746 size 362.5 MB zeros 66.6%
gen 25 [34/100] k= 18 c=0.976 alpha=-0.380 beta=+0.565 | loss 4.8351 size 454.8 MB zeros 38.7%
gen 25 [35/100] k= 23 c=0.991 alpha=-0.940 beta=+0.002 | loss 17.9402 size 448.0 MB zeros 41.8%
gen 25 [36/100] k=  5 c=0.739 alpha=-0.975 beta=+0.930 | loss 12.6149 size 345.5 MB zeros 69.0%
gen 25 [38/100] k=  9 c=0.756 alpha=-0.161 beta=+0.391 | loss 5.7775 size 406.1 MB zeros 34.1%
gen 25 [39/100] k= 16 c=0.975 alpha=-0.229 beta=+0.322 | loss 4.0105 size 447.8 MB zeros 27.0%
gen 25 [40/100] k= 11 c=0.709 alpha=-0.249 beta=+0.176 | loss 4.8095 size 448.5 MB zeros 25.5%
gen 25 [41/100] k=214 c=0.969 alpha=-0.006 beta=+0.096 | loss 3.0542 size 630.8 MB zeros 5.0%
gen 25 [42/100] k= 17 c=0.865 alpha=-0.297 beta=+0.092 | loss 3.6630 size 455.8 MB zeros 22.9%
gen 25 [43/100] k= 30 c=0.959 alpha=-0.376 beta=+0.972 | loss 15.3723 size 430.0 MB zeros 49.8%
gen 25 [44/100] k=  4 c=0.975 alpha=-0.152 beta=+0.434 | loss 15.6101 size 323.6 MB zeros 93.5%
gen 25 [45/100] k= 16 c=0.982 alpha=-0.117 beta=+0.837 | loss 15.5360 size 419.0 MB zeros 43.4%
gen 25 [46/100] k= 14 c=0.860 alpha=-0.443 beta=+0.872 | loss 15.6086 size 406.6 MB zeros 50.3%
gen 25 [47/100] k= 17 c=0.939 alpha=-0.022 beta=+0.373 | loss 3.7139 size 449.3 MB zeros 26.5%
gen 25 [48/100] k= 17 c=0.871 alpha=-0.285 beta=+0.450 | loss 4.0595 size 440.9 MB zeros 31.1%
gen 25 [49/100] k= 17 c=0.970 alpha=-0.842 beta=+0.949 | loss 10.4160 size 380.9 MB zeros 64.7%
gen 25 [50/100] k=  5 c=0.777 alpha=-0.905 beta=+0.992 | loss 12.2506 size 345.4 MB zeros 69.1%
gen 25 [51/100] k= 17 c=0.976 alpha=-0.409 beta=+0.317 | loss 4.0729 size 441.0 MB zeros 31.1%
gen 25 [52/100] k= 16 c=0.968 alpha=-0.440 beta=+0.500 | loss 4.9395 size 427.1 MB zeros 38.9%
gen 25 [53/100] k= 72 c=0.970 alpha=-0.003 beta=+0.326 | loss 3.2522 size 580.3 MB zeros 16.2%
gen 25 [54/100] k= 10 c=0.943 alpha=-0.853 beta=+0.835 | loss 10.5160 size 384.7 MB zeros 62.6%
gen 25 [55/100] k= 17 c=0.984 alpha=-0.522 beta=+0.419 | loss 5.0550 size 427.6 MB zeros 38.6%
gen 25 [56/100] k= 31 c=0.964 alpha=-0.944 beta=+0.149 | loss 17.9072 size 450.8 MB zeros 40.5%
gen 25 [57/100] k=  3 c=0.993 alpha=-0.105 beta=+0.087 | loss 15.8946 size 320.5 MB zeros 93.9%
gen 25 [58/100] k= 17 c=0.997 alpha=-0.977 beta=+0.788 | loss 18.2227 size 382.4 MB zeros 63.9%
gen 25 [59/100] k=  5 c=0.915 alpha=-0.442 beta=+0.450 | loss 15.0240 size 348.4 MB zeros 65.8%
gen 25 [60/100] k= 17 c=0.935 alpha=-0.080 beta=+0.334 | loss 3.6665 size 451.9 MB zeros 25.0%
gen 25 [61/100] k=  5 c=0.975 alpha=-0.361 beta=+0.401 | loss 16.1505 size 345.9 MB zeros 68.5%
gen 25 [62/100] k= 31 c=0.951 alpha=-0.376 beta=+0.255 | loss 3.5042 size 482.3 MB zeros 26.4%
gen 25 [63/100] k=246 c=0.963 alpha=-0.995 beta=+0.998 | loss 10.4641 size 426.3 MB zeros 69.7%
gen 25 [64/100] k= 80 c=0.995 alpha=-0.050 beta=+0.198 | loss 3.1087 size 586.1 MB zeros 10.9%
gen 25 [65/100] k=  9 c=0.756 alpha=-0.157 beta=+0.325 | loss 5.6183 size 407.7 MB zeros 33.0%
gen 25 [66/100] k=  5 c=0.784 alpha=-0.990 beta=+0.999 | loss 10.6138 size 343.6 MB zeros 71.1%
gen 25 [67/100] k= 15 c=0.923 alpha=-0.502 beta=+0.488 | loss 5.2995 size 424.3 MB zeros 40.5%
gen 25 [68/100] k= 16 c=0.992 alpha=-0.558 beta=+0.837 | loss 15.5407 size 401.3 MB zeros 53.3%
gen 25 [69/100] k= 13 c=0.935 alpha=-0.061 beta=+0.042 | loss 4.2631 size 446.5 MB zeros 27.6%
gen 25 [70/100] k= 15 c=0.916 alpha=-0.812 beta=+0.826 | loss 10.1798 size 388.1 MB zeros 60.7%
gen 25 [71/100] k=  9 c=0.952 alpha=-0.992 beta=+0.887 | loss 12.0348 size 361.6 MB zeros 67.3%
gen 25 [72/100] k= 60 c=0.966 alpha=-0.440 beta=+0.097 | loss 3.4127 size 526.3 MB zeros 22.3%
gen 25 [73/100] k= 17 c=0.941 alpha=-0.048 beta=+0.422 | loss 3.8232 size 446.2 MB zeros 28.2%
gen 25 [74/100] k= 17 c=0.974 alpha=-0.030 beta=+0.460 | loss 3.9777 size 443.1 MB zeros 29.9%
gen 25 [75/100] k= 16 c=0.997 alpha=-0.431 beta=+0.821 | loss 15.6112 size 409.8 MB zeros 48.6%
gen 25 [76/100] k= 17 c=0.984 alpha=-0.961 beta=+0.930 | loss 10.8837 size 376.3 MB zeros 67.3%
gen 25 [77/100] k=  3 c=0.717 alpha=-0.062 beta=+0.108 | loss 16.8502 size 324.8 MB zeros 84.2%
gen 25 [78/100] k= 17 c=0.981 alpha=-0.598 beta=+0.328 | loss 17.0537 size 428.7 MB zeros 38.0%
gen 25 [79/100] k= 18 c=0.975 alpha=-0.036 beta=+0.445 | loss 3.9125 size 475.6 MB zeros 29.4%
gen 25 [80/100] k=  3 c=0.958 alpha=-0.060 beta=+0.194 | loss 16.2080 size 320.9 MB zeros 93.1%
gen 25 [81/100] k= 32 c=0.714 alpha=-0.991 beta=+0.995 | loss 11.3374 size 385.9 MB zeros 69.5%
gen 25 [82/100] k=  9 c=0.709 alpha=-0.639 beta=+0.440 | loss 17.6631 size 392.7 MB zeros 44.1%
gen 25 [83/100] k= 17 c=0.970 alpha=-0.340 beta=+0.400 | loss 4.1551 size 440.1 MB zeros 31.6%
gen 25 [84/100] k= 33 c=0.978 alpha=-0.105 beta=+0.421 | loss 3.4728 size 490.0 MB zeros 23.0%
gen 25 [85/100] k=  9 c=0.944 alpha=-0.446 beta=+0.499 | loss 7.3360 size 395.1 MB zeros 42.4%
gen 25 [86/100] k= 63 c=0.973 alpha=-0.058 beta=+0.079 | loss 3.0971 size 541.4 MB zeros 6.7%
gen 25 [87/100] k= 31 c=0.965 alpha=-0.380 beta=+0.147 | loss 3.3808 size 490.9 MB zeros 22.6%
gen 25 [88/100] k=  6 c=0.960 alpha=-0.995 beta=+0.205 | loss 16.6724 size 357.7 MB zeros 70.2%
gen 25 [89/100] k=254 c=0.978 alpha=-0.107 beta=+0.102 | loss 3.0631 size 630.8 MB zeros 8.9%
gen 25 [90/100] k=  6 c=0.939 alpha=-0.906 beta=+0.077 | loss 15.1228 size 360.3 MB zeros 68.3%
gen 25 [91/100] k= 16 c=0.935 alpha=-0.906 beta=+0.416 | loss 17.5690 size 406.9 MB zeros 50.2%
gen 25 [92/100] k= 17 c=0.966 alpha=-0.852 beta=+0.772 | loss 10.2294 size 388.9 MB zeros 60.2%
gen 25 [93/100] k=  3 c=1.000 alpha=-0.013 beta=+0.053 | loss 16.0309 size 320.4 MB zeros 94.0%
gen 25 [94/100] k=  3 c=0.980 alpha=-0.615 beta=+0.565 | loss 16.1958 size 320.6 MB zeros 93.6%
gen 25 [95/100] k=  9 c=0.944 alpha=-0.523 beta=+0.481 | loss 7.2905 size 393.3 MB zeros 43.7%
gen 25 [96/100] k=  9 c=0.952 alpha=-0.893 beta=+0.838 | loss 10.5099 size 366.4 MB zeros 63.7%
gen 25 [97/100] k= 31 c=0.710 alpha=-0.376 beta=+0.965 | loss 15.4321 size 430.5 MB zeros 49.6%
gen 25 [98/100] k=  3 c=0.976 alpha=-0.033 beta=+0.088 | loss 15.6279 size 320.7 MB zeros 93.5%
gen 25 [99/100] k= 58 c=0.969 alpha=-0.059 beta=+0.090 | loss 3.0816 size 541.4 MB zeros 7.4%
gen 25 [100/100] k=  5 c=0.968 alpha=-0.975 beta=+0.055 | loss 14.6966 size 344.5 MB zeros 70.1%
=== generation 25/50 done in 161s (1 from cache), Pareto front has 100 points, best loss 3.0523, smallest 320.4 MB
gen 26 [1/100] k=  9 c=0.944 alpha=-0.508 beta=+0.474 | loss 7.3686 size 394.1 MB zeros 43.1%
gen 26 [2/100] k=  7 c=0.920 alpha=-0.501 beta=+0.488 | loss 11.8279 size 385.7 MB zeros 49.4%
gen 26 [4/100] k= 86 c=0.995 alpha=-0.050 beta=+0.162 | loss 3.0846 size 586.1 MB zeros 9.3%
gen 26 [5/100] k=  5 c=0.971 alpha=-0.125 beta=+0.998 | loss 14.4513 size 344.1 MB zeros 70.6%
gen 26 [6/100] k=  9 c=0.884 alpha=-0.968 beta=+0.953 | loss 12.8391 size 360.3 MB zeros 68.3%
gen 26 [7/100] k=  9 c=0.978 alpha=-0.517 beta=+0.466 | loss 7.8784 size 393.3 MB zeros 43.7%
gen 26 [8/100] k=  9 c=0.757 alpha=-0.404 beta=+0.479 | loss 5.9234 size 400.4 MB zeros 38.4%
gen 26 [9/100] k=  3 c=0.976 alpha=-0.495 beta=+0.447 | loss 15.6279 size 320.7 MB zeros 93.5%
gen 26 [10/100] k= 16 c=0.874 alpha=-0.277 beta=+0.149 | loss 3.7621 size 450.2 MB zeros 23.9%
gen 26 [11/100] k=  3 c=0.974 alpha=-0.048 beta=+0.051 | loss 15.4397 size 320.7 MB zeros 93.5%
gen 26 [12/100] k=  8 c=0.790 alpha=-0.952 beta=+0.881 | loss 11.7392 size 362.9 MB zeros 66.4%
gen 26 [13/100] k=  3 c=0.964 alpha=-0.997 beta=+0.395 | loss 15.8870 size 320.8 MB zeros 93.2%
gen 26 [14/100] k= 32 c=0.972 alpha=-0.227 beta=+0.375 | loss 3.4442 size 484.7 MB zeros 25.4%
gen 26 [15/100] k=  5 c=0.980 alpha=-0.992 beta=+0.824 | loss 14.8761 size 343.7 MB zeros 71.0%
gen 26 [16/100] k= 18 c=0.975 alpha=-0.410 beta=+0.048 | loss 3.9146 size 478.3 MB zeros 28.2%
gen 26 [17/100] k=215 c=0.986 alpha=-0.053 beta=+0.079 | loss 3.0541 size 630.8 MB zeros 5.6%
gen 26 [18/100] k=  4 c=0.761 alpha=-0.428 beta=+0.503 | loss 17.5204 size 330.0 MB zeros 86.3%
gen 26 [19/100] k= 18 c=0.977 alpha=-0.487 beta=+0.458 | loss 5.0046 size 454.7 MB zeros 38.8%
gen 26 [20/100] k=  9 c=0.871 alpha=-0.280 beta=+0.565 | loss 6.5837 size 395.8 MB zeros 41.8%
gen 26 [21/100] k= 17 c=0.716 alpha=-0.420 beta=+0.942 | loss 15.2817 size 405.7 MB zeros 50.9%
gen 26 [22/100] k= 19 c=0.951 alpha=-0.008 beta=+0.787 | loss 15.4886 size 454.1 MB zeros 39.0%
gen 26 [23/100] k= 15 c=0.923 alpha=-0.449 beta=+0.838 | loss 15.6306 size 408.0 MB zeros 49.6%
gen 26 [24/100] k= 32 c=0.957 alpha=-0.906 beta=+0.026 | loss 17.9103 size 455.2 MB zeros 38.6%
gen 26 [25/100] k=  9 c=0.957 alpha=-0.062 beta=+0.108 | loss 7.5968 size 398.0 MB zeros 40.2%
gen 26 [26/100] k=  9 c=0.757 alpha=-0.377 beta=+0.484 | loss 5.7641 size 401.1 MB zeros 37.9%
gen 26 [27/100] k= 80 c=0.968 alpha=-0.007 beta=+0.096 | loss 3.0712 size 586.1 MB zeros 6.5%
gen 26 [28/100] k= 65 c=0.969 alpha=-0.050 beta=+0.162 | loss 3.0842 size 559.9 MB zeros 9.8%
gen 26 [29/100] k= 17 c=0.975 alpha=-0.390 beta=+0.471 | loss 4.4793 size 432.5 MB zeros 35.8%
gen 26 [30/100] k= 40 c=0.964 alpha=-0.020 beta=+0.143 | loss 3.1194 size 541.4 MB zeros 11.2%
gen 26 [31/100] k=  9 c=0.920 alpha=-0.475 beta=+0.429 | loss 6.8349 size 396.8 MB zeros 41.1%
gen 26 [32/100] k=  9 c=0.981 alpha=-0.590 beta=+0.537 | loss 8.2099 size 388.5 MB zeros 47.3%
gen 26 [33/100] k=  9 c=0.948 alpha=-0.855 beta=+0.838 | loss 10.8243 size 367.7 MB zeros 62.8%
gen 26 [34/100] k= 56 c=0.762 alpha=-0.429 beta=+0.068 | loss 3.5501 size 530.6 MB zeros 20.7%
gen 26 [35/100] k=  9 c=0.915 alpha=-0.445 beta=+0.505 | loss 6.7754 size 395.5 MB zeros 42.0%
gen 26 [36/100] k=  9 c=0.757 alpha=-0.380 beta=+0.507 | loss 5.9196 size 400.1 MB zeros 38.7%
gen 26 [37/100] k= 17 c=0.720 alpha=-0.543 beta=+0.440 | loss 5.5559 size 425.6 MB zeros 39.7%
gen 26 [38/100] k= 29 c=0.921 alpha=-0.234 beta=+0.353 | loss 3.4692 size 485.9 MB zeros 24.8%
gen 26 [39/100] k= 17 c=0.941 alpha=-0.104 beta=+0.437 | loss 3.8419 size 445.2 MB zeros 28.8%
gen 26 [40/100] k= 17 c=0.936 alpha=-0.411 beta=+0.392 | loss 4.5071 size 436.3 MB zeros 33.7%
gen 26 [42/100] k= 32 c=0.944 alpha=-0.224 beta=+0.398 | loss 3.4662 size 483.1 MB zeros 26.1%
gen 26 [43/100] k=  3 c=0.979 alpha=-0.013 beta=+0.117 | loss 16.0457 size 320.6 MB zeros 93.5%
gen 26 [44/100] k=  9 c=0.716 alpha=-0.431 beta=+0.484 | loss 6.1123 size 399.6 MB zeros 39.0%
gen 26 [46/100] k= 17 c=0.970 alpha=-0.842 beta=+0.516 | loss 17.7697 size 403.9 MB zeros 51.9%
gen 26 [47/100] k= 48 c=0.939 alpha=-0.582 beta=+0.486 | loss 5.1378 size 471.8 MB zeros 42.6%
gen 26 [48/100] k= 37 c=0.983 alpha=-0.619 beta=+0.565 | loss 6.2973 size 461.0 MB zeros 46.6%
gen 26 [49/100] k= 32 c=0.959 alpha=-0.376 beta=+0.316 | loss 3.6185 size 477.0 MB zeros 28.8%
gen 26 [51/100] k= 17 c=0.784 alpha=-0.988 beta=+0.354 | loss 17.9146 size 407.9 MB zeros 49.6%
gen 26 [52/100] k=  5 c=0.702 alpha=-0.272 beta=+0.207 | loss 13.1392 size 358.4 MB zeros 54.6%
gen 26 [53/100] k= 17 c=0.917 alpha=-0.387 beta=+0.328 | loss 4.1032 size 442.0 MB zeros 30.5%
gen 26 [54/100] k= 17 c=0.938 alpha=-0.438 beta=+0.379 | loss 4.3149 size 435.5 MB zeros 34.2%
gen 26 [55/100] k=  3 c=0.992 alpha=-0.336 beta=+0.126 | loss 15.9504 size 320.5 MB zeros 93.8%
gen 26 [56/100] k= 35 c=0.964 alpha=-0.031 beta=+0.145 | loss 3.1278 size 541.4 MB zeros 11.9%
gen 26 [57/100] k=  3 c=1.000 alpha=-0.971 beta=+0.834 | loss 16.0309 size 320.4 MB zeros 94.0%
gen 26 [58/100] k= 35 c=0.974 alpha=-0.193 beta=+1.000 | loss 15.4399 size 469.8 MB zeros 43.4%
gen 26 [59/100] k= 18 c=0.979 alpha=-0.118 beta=+0.422 | loss 3.8647 size 477.3 MB zeros 28.7%
gen 26 [60/100] k= 17 c=0.865 alpha=-0.842 beta=+0.986 | loss 11.2989 size 379.3 MB zeros 65.6%
gen 26 [61/100] k= 18 c=0.936 alpha=-0.043 beta=+0.097 | loss 3.5349 size 492.1 MB zeros 21.2%
gen 26 [62/100] k= 17 c=0.984 alpha=-0.531 beta=+0.484 | loss 5.4152 size 423.0 MB zeros 41.2%
gen 26 [63/100] k=  9 c=0.758 alpha=-0.487 beta=+0.318 | loss 6.1054 size 402.2 MB zeros 37.1%
gen 26 [64/100] k=  3 c=0.931 alpha=-0.074 beta=+0.334 | loss 17.0762 size 321.2 MB zeros 92.3%
gen 26 [65/100] k= 17 c=0.981 alpha=-0.597 beta=+0.475 | loss 5.9568 size 419.6 MB zeros 43.1%
gen 26 [66/100] k=  4 c=0.989 alpha=-0.921 beta=+0.508 | loss 16.1003 size 323.3 MB zeros 93.8%
gen 26 [67/100] k= 71 c=0.969 alpha=-0.846 beta=+0.107 | loss 17.8963 size 519.1 MB zeros 35.7%
gen 26 [68/100] k=  9 c=0.951 alpha=-0.899 beta=+0.353 | loss 17.8779 size 381.2 MB zeros 52.7%
gen 26 [69/100] k=  3 c=0.996 alpha=-0.026 beta=+0.835 | loss 15.9853 size 320.4 MB zeros 94.0%
gen 26 [70/100] k=  9 c=0.712 alpha=-0.909 beta=+0.838 | loss 11.3949 size 366.4 MB zeros 63.8%
gen 26 [71/100] k=  9 c=0.767 alpha=-0.407 beta=+0.546 | loss 6.1868 size 397.4 MB zeros 40.7%
gen 26 [72/100] k=207 c=0.987 alpha=-0.060 beta=+0.079 | loss 3.0599 size 630.8 MB zeros 6.0%
gen 26 [73/100] k= 32 c=0.959 alpha=-0.023 beta=+0.026 | loss 3.1469 size 496.7 MB zeros 11.9%
gen 26 [74/100] k=  9 c=0.981 alpha=-0.232 beta=+0.565 | loss 8.2361 size 392.7 MB zeros 44.2%
gen 26 [75/100] k=  9 c=0.944 alpha=-0.539 beta=+0.481 | loss 7.4276 size 392.8 MB zeros 44.1%
gen 26 [76/100] k= 27 c=0.835 alpha=-0.144 beta=+0.094 | loss 3.2340 size 496.7 MB zeros 12.8%
gen 26 [79/100] k= 11 c=0.950 alpha=-0.059 beta=+0.321 | loss 5.1048 size 437.5 MB zeros 33.1%
gen 26 [80/100] k=254 c=0.986 alpha=-0.107 beta=+0.102 | loss 3.0598 size 630.8 MB zeros 8.9%
gen 26 [81/100] k=  9 c=0.715 alpha=-0.255 beta=+0.173 | loss 5.4029 size 410.1 MB zeros 31.2%
gen 26 [82/100] k= 10 c=0.979 alpha=-0.440 beta=+0.445 | loss 7.9736 size 421.7 MB zeros 41.9%
gen 26 [83/100] k= 35 c=0.952 alpha=-0.423 beta=+0.109 | loss 3.4136 size 525.0 MB zeros 22.8%
gen 26 [84/100] k=  3 c=0.996 alpha=-0.783 beta=+0.825 | loss 15.9853 size 320.4 MB zeros 94.0%
gen 26 [85/100] k=  5 c=0.975 alpha=-0.980 beta=+0.970 | loss 14.7740 size 342.6 MB zeros 72.2%
gen 26 [86/100] k= 16 c=0.871 alpha=-0.286 beta=+0.175 | loss 3.7804 size 450.1 MB zeros 24.2%
gen 26 [88/100] k=  5 c=0.714 alpha=-0.975 beta=+0.952 | loss 10.9580 size 345.1 MB zeros 69.4%
gen 26 [89/100] k= 40 c=0.941 alpha=-0.105 beta=+0.077 | loss 3.1156 size 541.4 MB zeros 9.7%
gen 26 [90/100] k=  5 c=0.864 alpha=-0.970 beta=+0.865 | loss 12.4507 size 345.7 MB zeros 68.8%
gen 26 [91/100] k= 16 c=0.971 alpha=-0.453 beta=+0.502 | loss 5.0615 size 426.2 MB zeros 39.4%
gen 26 [92/100] k= 17 c=0.972 alpha=-0.522 beta=+0.484 | loss 5.2764 size 423.6 MB zeros 40.9%
gen 26 [93/100] k= 16 c=0.954 alpha=-0.388 beta=+0.682 | loss 15.4918 size 419.8 MB zeros 43.0%
gen 26 [94/100] k=  9 c=0.711 alpha=-0.255 beta=+0.204 | loss 5.3818 size 410.3 MB zeros 31.0%
gen 26 [95/100] k=  3 c=0.974 alpha=-0.031 beta=+0.057 | loss 15.4397 size 320.7 MB zeros 93.5%
gen 26 [96/100] k=  9 c=0.950 alpha=-0.535 beta=+0.475 | loss 7.3246 size 393.0 MB zeros 43.9%
gen 26 [97/100] k= 24 c=0.957 alpha=-0.023 beta=+0.026 | loss 3.2966 size 496.1 MB zeros 16.0%
gen 26 [98/100] k=  3 c=0.963 alpha=-0.944 beta=+0.998 | loss 15.8149 size 320.8 MB zeros 93.2%
gen 26 [99/100] k= 17 c=0.974 alpha=-0.049 beta=+0.453 | loss 3.9502 size 443.5 MB zeros 29.7%
gen 26 [100/100] k=  6 c=0.991 alpha=-0.233 beta=+0.177 | loss 15.7057 size 359.1 MB zeros 69.2%
=== generation 26/50 done in 151s (7 from cache), Pareto front has 100 points, best loss 3.0523, smallest 320.4 MB
gen 27 [1/100] k=  9 c=0.890 alpha=-0.590 beta=+0.589 | loss 7.3430 size 387.3 MB zeros 48.2%
gen 27 [2/100] k= 16 c=0.972 alpha=-0.453 beta=+0.056 | loss 4.2717 size 440.7 MB zeros 31.3%
gen 27 [3/100] k=  9 c=0.702 alpha=-0.345 beta=+0.204 | loss 5.4755 size 409.6 MB zeros 31.6%
gen 27 [4/100] k= 17 c=0.712 alpha=-0.415 beta=+0.484 | loss 5.1089 size 430.9 MB zeros 36.7%
gen 27 [5/100] k=  9 c=0.939 alpha=-0.542 beta=+0.514 | loss 7.4909 size 391.6 MB zeros 45.0%
gen 27 [6/100] k= 32 c=0.959 alpha=-0.376 beta=+0.106 | loss 3.3370 size 493.2 MB zeros 21.5%
gen 27 [7/100] k= 17 c=0.872 alpha=-0.288 beta=+0.075 | loss 3.6460 size 456.2 MB zeros 22.6%
gen 27 [8/100] k=  3 c=0.963 alpha=-0.849 beta=+0.811 | loss 15.8923 size 320.8 MB zeros 93.2%
gen 27 [9/100] k=  3 c=0.959 alpha=-0.050 beta=+0.026 | loss 16.1754 size 320.8 MB zeros 93.1%
gen 27 [10/100] k= 72 c=0.969 alpha=-0.061 beta=+0.096 | loss 3.0621 size 586.1 MB zeros 7.1%
gen 27 [11/100] k=  9 c=0.716 alpha=-0.431 beta=+0.484 | loss 6.1132 size 399.7 MB zeros 38.9%
gen 27 [12/100] k=  3 c=0.997 alpha=-0.933 beta=+0.835 | loss 16.0116 size 320.4 MB zeros 94.0%
gen 27 [13/100] k= 35 c=0.717 alpha=-0.067 beta=+0.108 | loss 3.4025 size 541.4 MB zeros 8.9%
gen 27 [14/100] k= 16 c=0.932 alpha=-0.085 beta=+0.475 | loss 4.1519 size 440.3 MB zeros 31.5%
gen 27 [15/100] k= 32 c=0.915 alpha=-0.366 beta=+0.323 | loss 3.6126 size 477.3 MB zeros 28.7%
gen 27 [16/100] k= 16 c=0.944 alpha=-0.431 beta=+0.990 | loss 15.5559 size 402.2 MB zeros 52.8%
gen 27 [17/100] k=  3 c=0.972 alpha=-0.493 beta=+0.417 | loss 15.6739 size 320.7 MB zeros 93.4%
gen 27 [18/100] k= 16 c=0.778 alpha=-0.918 beta=+0.998 | loss 12.7483 size 375.3 MB zeros 67.8%
gen 27 [19/100] k=  9 c=0.952 alpha=-0.015 beta=+0.838 | loss 15.1155 size 383.3 MB zeros 51.2%
gen 27 [20/100] k= 83 c=0.995 alpha=-0.374 beta=+0.155 | loss 3.3041 size 561.9 MB zeros 22.0%
gen 27 [21/100] k= 14 c=0.761 alpha=-0.029 beta=+0.319 | loss 4.0906 size 449.3 MB zeros 25.5%
gen 27 [22/100] k= 32 c=0.856 alpha=-0.306 beta=+0.375 | loss 3.6300 size 478.0 MB zeros 28.3%
gen 27 [23/100] k= 17 c=0.703 alpha=-0.453 beta=+0.832 | loss 15.1508 size 408.7 MB zeros 49.2%
gen 27 [24/100] k=  9 c=0.981 alpha=-0.528 beta=+0.473 | loss 7.4618 size 392.7 MB zeros 44.1%
gen 27 [25/100] k=  9 c=0.711 alpha=-0.444 beta=+0.041 | loss 5.5935 size 405.6 MB zeros 34.6%
gen 27 [26/100] k= 17 c=0.970 alpha=-0.049 beta=+0.617 | loss 15.4650 size 433.7 MB zeros 35.2%
gen 27 [27/100] k=  5 c=0.981 alpha=-0.286 beta=+0.145 | loss 15.3460 size 345.7 MB zeros 68.8%
gen 27 [28/100] k= 16 c=0.991 alpha=-0.440 beta=+0.499 | loss 5.1072 size 427.1 MB zeros 38.9%
gen 27 [29/100] k=  3 c=0.974 alpha=-0.051 beta=+0.091 | loss 15.4397 size 320.7 MB zeros 93.5%
gen 27 [30/100] k= 20 c=0.973 alpha=-0.105 beta=+0.062 | loss 3.5028 size 493.7 MB zeros 19.7%
gen 27 [31/100] k=  9 c=0.861 alpha=-0.353 beta=+0.492 | loss 6.6585 size 398.9 MB zeros 39.6%
gen 27 [32/100] k=  3 c=0.995 alpha=-0.803 beta=+0.849 | loss 16.1258 size 320.5 MB zeros 93.9%
gen 27 [33/100] k= 16 c=0.940 alpha=-0.011 beta=+0.499 | loss 14.0165 size 438.7 MB zeros 32.4%
gen 27 [34/100] k=254 c=0.986 alpha=-0.359 beta=+0.012 | loss 3.2106 size 619.8 MB zeros 15.6%
gen 27 [35/100] k= 24 c=0.986 alpha=-0.262 beta=+0.079 | loss 3.3989 size 494.8 MB zeros 19.7%
gen 27 [36/100] k= 15 c=0.996 alpha=-0.374 beta=+0.418 | loss 4.3915 size 436.0 MB zeros 33.9%
gen 27 [37/100] k=  5 c=0.784 alpha=-0.987 beta=+0.999 | loss 10.4145 size 343.7 MB zeros 71.0%
gen 27 [38/100] k=  9 c=0.785 alpha=-0.448 beta=+0.546 | loss 6.4765 size 395.6 MB zeros 42.0%
gen 27 [39/100] k=  5 c=0.883 alpha=-0.903 beta=+0.994 | loss 14.3974 size 344.5 MB zeros 70.1%
gen 27 [41/100] k=  3 c=0.975 alpha=-0.578 beta=+0.048 | loss 15.5923 size 320.7 MB zeros 93.5%
gen 27 [42/100] k= 75 c=0.969 alpha=-0.023 beta=+0.015 | loss 3.0860 size 586.1 MB zeros 4.9%
gen 27 [43/100] k= 58 c=0.986 alpha=-0.376 beta=+0.096 | loss 3.2814 size 532.9 MB zeros 19.8%
gen 27 [44/100] k=  4 c=0.948 alpha=-0.909 beta=+0.832 | loss 17.3121 size 324.2 MB zeros 92.8%
gen 27 [45/100] k= 17 c=0.982 alpha=-0.513 beta=+0.811 | loss 15.4878 size 405.6 MB zeros 50.9%
gen 27 [46/100] k=  9 c=0.972 alpha=-0.386 beta=+0.421 | loss 7.5774 size 396.9 MB zeros 41.0%
gen 27 [47/100] k=  9 c=0.981 alpha=-0.590 beta=+0.439 | loss 8.0091 size 391.2 MB zeros 45.3%
gen 27 [48/100] k=  9 c=0.973 alpha=-0.995 beta=+0.998 | loss 12.4376 size 358.0 MB zeros 70.0%
gen 27 [49/100] k=  3 c=0.974 alpha=-0.031 beta=+0.504 | loss 15.4397 size 320.7 MB zeros 93.5%
gen 27 [50/100] k=  9 c=0.987 alpha=-0.488 beta=+0.484 | loss 7.6344 size 393.6 MB zeros 43.5%
gen 27 [51/100] k= 17 c=0.978 alpha=-0.385 beta=+0.471 | loss 4.4606 size 432.9 MB zeros 35.7%
gen 27 [52/100] k=  3 c=0.767 alpha=-0.407 beta=+0.546 | loss 17.3047 size 323.8 MB zeros 86.6%
gen 27 [53/100] k= 17 c=0.945 alpha=-0.104 beta=+0.147 | loss 3.5786 size 458.4 MB zeros 21.4%
gen 27 [54/100] k=  5 c=0.975 alpha=-0.926 beta=+0.995 | loss 15.4607 size 342.9 MB zeros 71.8%
gen 27 [55/100] k= 33 c=0.996 alpha=-0.847 beta=+0.835 | loss 9.6978 size 403.2 MB zeros 61.8%
gen 27 [56/100] k= 58 c=0.969 alpha=-0.011 beta=+0.096 | loss 3.0822 size 541.4 MB zeros 7.6%
gen 27 [57/100] k= 17 c=0.986 alpha=-0.522 beta=+0.484 | loss 5.3250 size 423.5 MB zeros 40.9%
gen 27 [58/100] k=  8 c=0.964 alpha=-0.026 beta=+0.149 | loss 12.3561 size 383.5 MB zeros 51.0%
gen 27 [59/100] k= 17 c=0.968 alpha=-0.494 beta=+0.483 | loss 5.1213 size 425.3 MB zeros 39.9%
gen 27 [60/100] k=  8 c=0.946 alpha=-0.447 beta=+0.445 | loss 12.3172 size 384.4 MB zeros 50.3%
gen 27 [61/100] k=254 c=0.992 alpha=-0.107 beta=+0.116 | loss 3.0641 size 630.8 MB zeros 9.5%
gen 27 [62/100] k=  5 c=0.883 alpha=-0.997 beta=+0.455 | loss 17.5659 size 346.3 MB zeros 68.0%
gen 27 [63/100] k=  5 c=0.979 alpha=-0.995 beta=+0.997 | loss 14.7573 size 342.0 MB zeros 72.9%
gen 27 [64/100] k=  5 c=0.996 alpha=-0.918 beta=+0.835 | loss 15.3273 size 344.1 MB zeros 70.6%
gen 27 [65/100] k= 17 c=0.974 alpha=-0.940 beta=+0.460 | loss 17.7616 size 402.8 MB zeros 52.4%
gen 27 [66/100] k=  9 c=0.757 alpha=-0.056 beta=+0.513 | loss 6.0729 size 401.2 MB zeros 37.8%
gen 27 [67/100] k= 12 c=0.939 alpha=-0.423 beta=+0.367 | loss 5.2709 size 432.7 MB zeros 35.7%
gen 27 [68/100] k= 10 c=0.971 alpha=-0.895 beta=+0.873 | loss 11.0858 size 381.0 MB zeros 64.7%
gen 27 [69/100] k=  4 c=0.883 alpha=-0.850 beta=+0.028 | loss 17.1428 size 325.9 MB zeros 90.9%
gen 27 [70/100] k=  9 c=0.928 alpha=-0.585 beta=+0.571 | loss 6.8857 size 388.0 MB zeros 47.7%
gen 27 [71/100] k= 10 c=0.939 alpha=-0.582 beta=+0.459 | loss 7.4122 size 416.5 MB zeros 44.8%
gen 27 [72/100] k= 17 c=0.971 alpha=-0.139 beta=+0.383 | loss 3.7818 size 448.0 MB zeros 27.2%
gen 27 [73/100] k= 17 c=0.853 alpha=-0.995 beta=+0.998 | loss 11.3963 size 372.0 MB zeros 69.7%
gen 27 [74/100] k=  3 c=0.945 alpha=-0.495 beta=+0.463 | loss 17.2510 size 321.0 MB zeros 92.7%
gen 27 [75/100] k=  5 c=0.975 alpha=-0.963 beta=+0.977 | loss 14.7536 size 342.7 MB zeros 72.1%
gen 27 [76/100] k= 16 c=0.939 alpha=-0.453 beta=+0.502 | loss 4.8794 size 426.3 MB zeros 39.3%
gen 27 [77/100] k= 14 c=0.753 alpha=-0.985 beta=+0.783 | loss 18.3011 size 382.3 MB zeros 63.9%
gen 27 [78/100] k= 83 c=0.996 alpha=-0.082 beta=+0.186 | loss 3.0986 size 586.1 MB zeros 11.5%
gen 27 [79/100] k= 17 c=0.939 alpha=-0.450 beta=+0.347 | loss 4.2663 size 436.7 MB zeros 33.5%
gen 27 [80/100] k= 31 c=0.959 alpha=-0.111 beta=+0.101 | loss 3.1541 size 496.7 MB zeros 12.0%
gen 27 [81/100] k=218 c=0.728 alpha=-0.054 beta=+0.173 | loss 3.3006 size 630.8 MB zeros 9.7%
gen 27 [82/100] k=  4 c=0.934 alpha=-0.824 beta=+0.832 | loss 17.2960 size 324.5 MB zeros 92.4%
gen 27 [83/100] k=  9 c=0.916 alpha=-0.515 beta=+0.466 | loss 6.8125 size 394.5 MB zeros 42.8%
gen 27 [84/100] k=  9 c=0.916 alpha=-0.405 beta=+0.451 | loss 6.2154 size 398.1 MB zeros 40.1%
gen 27 [85/100] k=  9 c=0.952 alpha=-0.998 beta=+0.802 | loss 17.3991 size 364.4 MB zeros 65.3%
gen 27 [86/100] k=  3 c=0.973 alpha=-0.509 beta=+0.440 | loss 15.4881 size 320.7 MB zeros 93.4%
gen 27 [87/100] k= 15 c=0.949 alpha=-0.002 beta=+0.475 | loss 4.1988 size 439.9 MB zeros 31.7%
gen 27 [88/100] k= 34 c=0.959 alpha=-0.013 beta=+0.026 | loss 3.1423 size 541.4 MB zeros 11.2%
gen 27 [89/100] k= 45 c=0.969 alpha=-0.059 beta=+0.094 | loss 3.1188 size 541.4 MB zeros 8.7%
gen 27 [90/100] k=  9 c=0.937 alpha=-0.523 beta=+0.487 | loss 7.1632 size 393.2 MB zeros 43.7%
gen 27 [91/100] k= 15 c=0.987 alpha=-0.850 beta=+0.484 | loss 17.4073 size 405.2 MB zeros 51.1%
gen 27 [92/100] k= 33 c=0.976 alpha=-0.227 beta=+0.327 | loss 3.3818 size 489.0 MB zeros 23.4%
gen 27 [93/100] k=  9 c=0.714 alpha=-0.582 beta=+0.566 | loss 7.3996 size 389.7 MB zeros 46.4%
gen 27 [94/100] k=  5 c=0.975 alpha=-0.991 beta=+0.995 | loss 14.5166 size 342.1 MB zeros 72.7%
gen 27 [95/100] k=  9 c=0.704 alpha=-0.444 beta=+0.282 | loss 5.7339 size 405.7 MB zeros 34.4%
gen 27 [96/100] k= 17 c=0.976 alpha=-0.440 beta=+0.436 | loss 4.4855 size 431.6 MB zeros 36.4%
gen 27 [97/100] k=  9 c=0.717 alpha=-0.020 beta=+0.108 | loss 5.4854 size 410.0 MB zeros 31.3%
gen 27 [98/100] k=  9 c=0.995 alpha=-0.354 beta=+0.036 | loss 7.4199 size 396.2 MB zeros 41.5%
gen 27 [99/100] k= 18 c=0.970 alpha=-0.120 beta=+0.378 | loss 3.7592 size 480.9 MB zeros 27.0%
gen 27 [100/100] k= 17 c=0.982 alpha=-0.522 beta=+0.427 | loss 5.0649 size 427.1 MB zeros 38.9%
=== generation 27/50 done in 161s (1 from cache), Pareto front has 100 points, best loss 3.0523, smallest 320.4 MB
gen 28 [1/100] k= 17 c=0.970 alpha=-0.528 beta=+0.384 | loss 4.7985 size 429.4 MB zeros 37.6%
gen 28 [2/100] k= 34 c=0.976 alpha=-0.449 beta=+0.328 | loss 3.8376 size 500.3 MB zeros 32.0%
gen 28 [3/100] k=  5 c=0.815 alpha=-0.982 beta=+0.999 | loss 11.8978 size 343.6 MB zeros 71.1%
gen 28 [4/100] k=  5 c=0.858 alpha=-0.990 beta=+0.871 | loss 14.4829 size 345.3 MB zeros 69.2%
gen 28 [5/100] k=  5 c=0.974 alpha=-0.995 beta=+0.388 | loss 15.3264 size 344.0 MB zeros 70.6%
gen 28 [6/100] k= 32 c=0.944 alpha=-0.224 beta=+0.440 | loss 3.5136 size 479.6 MB zeros 27.6%
gen 28 [7/100] k= 16 c=0.938 alpha=-0.438 beta=+0.329 | loss 4.1841 size 437.8 MB zeros 32.9%
gen 28 [8/100] k=  3 c=0.958 alpha=-0.012 beta=+0.504 | loss 16.1890 size 320.9 MB zeros 93.1%
gen 28 [9/100] k=  9 c=0.763 alpha=-0.407 beta=+0.546 | loss 6.2005 size 397.4 MB zeros 40.6%
gen 28 [10/100] k= 35 c=0.994 alpha=-0.495 beta=+0.460 | loss 4.5886 size 482.4 MB zeros 38.6%
gen 28 [11/100] k= 16 c=0.940 alpha=-0.425 beta=+0.441 | loss 4.5756 size 431.8 MB zeros 36.3%
gen 28 [12/100] k=  3 c=0.971 alpha=-0.847 beta=+0.909 | loss 15.6866 size 320.7 MB zeros 93.4%
gen 28 [13/100] k=  9 c=0.757 alpha=-0.317 beta=+0.489 | loss 5.7964 size 402.1 MB zeros 37.1%
gen 28 [14/100] k=  3 c=0.974 alpha=-0.538 beta=+0.091 | loss 15.5121 size 320.7 MB zeros 93.4%
gen 28 [15/100] k= 72 c=0.931 alpha=-0.013 beta=+0.096 | loss 3.0746 size 586.1 MB zeros 6.7%
gen 28 [16/100] k=254 c=0.962 alpha=-0.056 beta=+0.179 | loss 3.0861 size 630.8 MB zeros 10.0%
gen 28 [17/100] k= 17 c=0.972 alpha=-0.987 beta=+0.993 | loss 10.5123 size 372.5 MB zeros 69.4%
gen 28 [18/100] k= 32 c=0.946 alpha=-0.224 beta=+0.398 | loss 3.4643 size 483.1 MB zeros 26.1%
gen 28 [19/100] k=  9 c=0.883 alpha=-0.340 beta=+0.326 | loss 6.3573 size 401.6 MB zeros 37.5%
gen 28 [20/100] k= 37 c=0.939 alpha=-0.098 beta=+0.754 | loss 15.3854 size 496.2 MB zeros 33.5%
gen 28 [21/100] k= 11 c=0.707 alpha=-0.443 beta=+0.440 | loss 5.5498 size 430.5 MB zeros 37.0%
gen 28 [22/100] k= 17 c=0.716 alpha=-0.023 beta=+0.334 | loss 3.9543 size 456.7 MB zeros 22.3%
gen 28 [23/100] k=  9 c=0.943 alpha=-0.624 beta=+0.589 | loss 7.5859 size 385.6 MB zeros 49.4%
gen 28 [24/100] k=  3 c=0.994 alpha=-0.372 beta=+0.835 | loss 15.9356 size 320.5 MB zeros 93.9%
gen 28 [25/100] k=  3 c=0.974 alpha=-0.051 beta=+0.048 | loss 15.4397 size 320.7 MB zeros 93.5%
gen 28 [26/100] k= 33 c=0.976 alpha=-0.221 beta=+0.327 | loss 3.3742 size 489.4 MB zeros 23.2%
gen 28 [27/100] k= 17 c=0.715 alpha=-0.046 beta=+0.042 | loss 3.7170 size 467.3 MB zeros 16.4%
gen 28 [28/100] k= 32 c=0.959 alpha=-0.088 beta=+0.026 | loss 3.1473 size 496.7 MB zeros 11.9%
gen 28 [29/100] k= 16 c=0.945 alpha=-0.453 beta=+0.154 | loss 4.2118 size 441.3 MB zeros 30.9%
gen 28 [30/100] k=  6 c=0.760 alpha=-0.429 beta=+0.319 | loss 13.3524 size 374.3 MB zeros 57.8%
gen 28 [31/100] k= 17 c=0.934 alpha=-0.430 beta=+0.410 | loss 4.6302 size 434.0 MB zeros 35.0%
gen 28 [32/100] k= 16 c=0.885 alpha=-0.862 beta=+0.444 | loss 17.5781 size 407.3 MB zeros 49.9%
gen 28 [33/100] k= 41 c=0.976 alpha=-0.122 beta=+0.096 | loss 3.1218 size 541.4 MB zeros 10.4%
gen 28 [34/100] k=  3 c=0.785 alpha=-0.483 beta=+0.552 | loss 16.8316 size 323.4 MB zeros 87.3%
gen 28 [35/100] k= 17 c=0.723 alpha=-0.243 beta=+0.347 | loss 4.2900 size 451.1 MB zeros 25.5%
gen 28 [36/100] k= 17 c=0.974 alpha=-0.031 beta=+0.485 | loss 7.9565 size 441.5 MB zeros 30.8%
gen 28 [37/100] k= 17 c=0.938 alpha=-0.438 beta=+0.333 | loss 4.1747 size 438.4 MB zeros 32.6%
gen 28 [38/100] k= 16 c=0.940 alpha=-0.428 beta=+0.502 | loss 4.8775 size 427.9 MB zeros 38.4%
gen 28 [39/100] k= 17 c=0.860 alpha=-0.969 beta=+0.763 | loss 18.4130 size 384.1 MB zeros 62.9%
gen 28 [40/100] k=  5 c=0.784 alpha=-0.851 beta=+0.999 | loss 14.7611 size 346.2 MB zeros 68.2%
gen 28 [41/100] k=  9 c=0.883 alpha=-0.995 beta=+0.998 | loss 12.8261 size 358.1 MB zeros 69.9%
gen 28 [42/100] k=  3 c=0.974 alpha=-0.008 beta=+0.504 | loss 15.4397 size 320.7 MB zeros 93.5%
gen 28 [43/100] k=  8 c=0.969 alpha=-0.018 beta=+0.830 | loss 14.8717 size 375.4 MB zeros 57.1%
gen 28 [44/100] k=  4 c=0.963 alpha=-0.999 beta=+0.999 | loss 15.8149 size 323.9 MB zeros 93.2%
gen 28 [45/100] k=  5 c=0.979 alpha=-0.620 beta=+0.945 | loss 15.8976 size 344.5 MB zeros 70.1%
gen 28 [46/100] k= 32 c=0.972 alpha=-0.224 beta=+0.400 | loss 3.4839 size 482.9 MB zeros 26.2%
gen 28 [47/100] k=  3 c=0.975 alpha=-0.217 beta=+0.136 | loss 15.5402 size 320.7 MB zeros 93.5%
gen 28 [48/100] k= 17 c=0.987 alpha=-0.133 beta=+0.484 | loss 5.4089 size 441.3 MB zeros 30.9%
gen 28 [49/100] k=  5 c=0.958 alpha=-0.992 beta=+0.995 | loss 14.8956 size 342.3 MB zeros 72.5%
gen 28 [50/100] k= 14 c=0.775 alpha=-0.970 beta=+0.998 | loss 11.4243 size 373.0 MB zeros 69.1%
gen 28 [51/100] k=  9 c=0.916 alpha=-0.446 beta=+1.000 | loss 15.3768 size 377.6 MB zeros 55.4%
gen 28 [52/100] k= 17 c=0.936 alpha=-0.432 beta=+0.406 | loss 4.5782 size 434.1 MB zeros 34.9%
gen 28 [53/100] k= 17 c=0.957 alpha=-0.049 beta=+0.457 | loss 3.9732 size 443.6 MB zeros 29.7%
gen 28 [54/100] k=  9 c=0.781 alpha=-0.448 beta=+0.546 | loss 6.3924 size 395.7 MB zeros 41.9%
gen 28 [55/100] k= 20 c=0.962 alpha=-0.031 beta=+0.149 | loss 3.4988 size 493.9 MB zeros 19.5%
gen 28 [56/100] k= 10 c=0.928 alpha=-0.591 beta=+0.586 | loss 7.3409 size 410.3 MB zeros 48.3%
gen 28 [57/100] k= 32 c=0.997 alpha=-0.227 beta=+0.375 | loss 3.5072 size 484.6 MB zeros 25.4%
gen 28 [58/100] k=  9 c=0.702 alpha=-0.343 beta=+0.200 | loss 5.4858 size 409.6 MB zeros 31.5%
gen 28 [59/100] k=  9 c=0.949 alpha=-0.826 beta=+0.766 | loss 10.3234 size 371.3 MB zeros 60.1%
gen 28 [60/100] k= 16 c=0.940 alpha=-0.431 beta=+0.423 | loss 4.5556 size 432.5 MB zeros 35.8%
gen 28 [61/100] k=  5 c=0.988 alpha=-0.997 beta=+0.998 | loss 14.8973 size 341.9 MB zeros 73.1%
gen 28 [62/100] k=  5 c=0.883 alpha=-0.523 beta=+0.477 | loss 13.1139 size 349.7 MB zeros 64.2%
gen 28 [63/100] k= 32 c=0.944 alpha=-0.023 beta=+0.010 | loss 3.1427 size 496.7 MB zeros 11.7%
gen 28 [64/100] k=  5 c=0.757 alpha=-0.995 beta=+0.978 | loss 10.9420 size 344.1 MB zeros 70.6%
gen 28 [65/100] k= 17 c=0.855 alpha=-0.842 beta=+0.374 | loss 17.8020 size 413.0 MB zeros 46.7%
gen 28 [66/100] k= 17 c=0.977 alpha=-0.582 beta=+0.418 | loss 5.4811 size 424.0 MB zeros 40.6%
gen 28 [67/100] k=  9 c=0.918 alpha=-0.255 beta=+0.204 | loss 6.4385 size 399.9 MB zeros 38.8%
gen 28 [68/100] k=  9 c=0.951 alpha=-0.894 beta=+0.839 | loss 10.5952 size 366.4 MB zeros 63.8%
gen 28 [69/100] k= 16 c=0.937 alpha=-0.905 beta=+0.415 | loss 17.5730 size 407.0 MB zeros 50.1%
gen 28 [70/100] k= 83 c=0.995 alpha=-0.012 beta=+0.162 | loss 3.0817 size 586.1 MB zeros 9.2%
gen 28 [71/100] k= 83 c=0.995 alpha=-0.056 beta=+0.162 | loss 3.0820 size 586.1 MB zeros 9.5%
gen 28 [72/100] k=  9 c=0.971 alpha=-0.448 beta=+0.452 | loss 7.9317 size 395.7 MB zeros 41.9%
gen 28 [73/100] k=  9 c=0.952 alpha=-0.989 beta=+0.838 | loss 16.1672 size 363.4 MB zeros 66.0%
gen 28 [74/100] k= 17 c=0.885 alpha=-0.288 beta=+0.486 | loss 4.2546 size 438.5 MB zeros 32.5%
gen 28 [75/100] k=  5 c=0.786 alpha=-0.990 beta=+0.999 | loss 10.8725 size 343.6 MB zeros 71.1%
gen 28 [76/100] k=  5 c=0.883 alpha=-0.995 beta=+0.991 | loss 13.1224 size 343.1 MB zeros 71.7%
gen 28 [77/100] k=  3 c=0.999 alpha=-0.415 beta=+0.848 | loss 16.0309 size 320.4 MB zeros 94.0%
gen 28 [78/100] k= 11 c=0.711 alpha=-0.431 beta=+0.484 | loss 5.6723 size 428.6 MB zeros 38.1%
gen 28 [79/100] k=249 c=0.986 alpha=-0.029 beta=+0.073 | loss 3.0586 size 630.8 MB zeros 4.4%
gen 28 [80/100] k= 42 c=0.927 alpha=-0.462 beta=+0.204 | loss 3.6481 size 512.4 MB zeros 27.5%
gen 28 [81/100] k= 17 c=0.939 alpha=-0.021 beta=+0.373 | loss 3.7134 size 449.3 MB zeros 26.5%
gen 28 [82/100] k= 17 c=0.941 alpha=-0.105 beta=+0.071 | loss 3.5418 size 458.6 MB zeros 21.3%
gen 28 [83/100] k=251 c=0.986 alpha=-0.110 beta=+0.099 | loss 3.0633 size 630.8 MB zeros 8.9%
gen 28 [84/100] k= 16 c=0.936 alpha=-0.431 beta=+0.340 | loss 4.1613 size 437.7 MB zeros 33.0%
gen 28 [85/100] k= 17 c=0.870 alpha=-0.970 beta=+0.758 | loss 18.4359 size 384.3 MB zeros 62.8%
gen 28 [86/100] k=  5 c=0.757 alpha=-0.380 beta=+0.507 | loss 13.3504 size 355.6 MB zeros 57.7%
gen 28 [87/100] k=  9 c=0.920 alpha=-0.585 beta=+0.648 | loss 8.1932 size 385.0 MB zeros 49.9%
gen 28 [88/100] k= 17 c=0.968 alpha=-0.423 beta=+0.483 | loss 4.8044 size 429.7 MB zeros 37.4%
gen 28 [89/100] k= 69 c=0.995 alpha=-0.852 beta=+0.101 | loss 17.8639 size 519.3 MB zeros 35.6%
gen 28 [90/100] k= 17 c=0.968 alpha=-0.105 beta=+0.088 | loss 3.6016 size 457.6 MB zeros 21.8%
gen 28 [91/100] k=  9 c=0.890 alpha=-0.961 beta=+0.589 | loss 17.6804 size 373.8 MB zeros 58.2%
gen 28 [92/100] k=  9 c=0.950 alpha=-0.927 beta=+0.838 | loss 11.1268 size 365.3 MB zeros 64.5%
gen 28 [93/100] k= 32 c=0.919 alpha=-0.011 beta=+0.398 | loss 3.4251 size 492.0 MB zeros 22.1%
gen 28 [94/100] k=  9 c=0.975 alpha=-0.992 beta=+0.989 | loss 13.3462 size 358.3 MB zeros 69.8%
gen 28 [95/100] k=  9 c=0.979 alpha=-0.949 beta=+0.988 | loss 12.3184 size 359.7 MB zeros 68.7%
gen 28 [96/100] k=  4 c=0.708 alpha=-0.450 beta=+0.129 | loss 16.8213 size 332.3 MB zeros 83.7%
gen 28 [97/100] k=  4 c=0.757 alpha=-0.325 beta=+0.325 | loss 17.4893 size 330.2 MB zeros 86.1%
gen 28 [98/100] k=  5 c=0.757 alpha=-0.380 beta=+0.508 | loss 13.3531 size 355.6 MB zeros 57.7%
gen 28 [99/100] k=  8 c=0.973 alpha=-0.684 beta=+0.048 | loss 12.7124 size 379.9 MB zeros 53.7%
gen 28 [100/100] k=  9 c=0.714 alpha=-0.582 beta=+0.440 | loss 6.5658 size 395.1 MB zeros 42.4%
=== generation 28/50 done in 162s (0 from cache), Pareto front has 100 points, best loss 3.0523, smallest 320.4 MB
gen 29 [1/100] k= 16 c=0.972 alpha=-0.050 beta=+0.165 | loss 3.9249 size 448.9 MB zeros 24.8%
gen 29 [2/100] k= 17 c=0.711 alpha=-0.253 beta=+0.293 | loss 4.2860 size 454.1 MB zeros 23.8%
gen 29 [3/100] k=  5 c=0.797 alpha=-0.987 beta=+0.999 | loss 11.4624 size 343.6 MB zeros 71.1%
gen 29 [4/100] k=  9 c=0.906 alpha=-0.585 beta=+0.600 | loss 6.9654 size 387.0 MB zeros 48.4%
gen 29 [5/100] k= 29 c=0.950 alpha=-0.285 beta=+0.142 | loss 3.2984 size 496.0 MB zeros 18.9%
gen 29 [6/100] k= 32 c=0.972 alpha=-0.376 beta=+0.101 | loss 3.3584 size 493.1 MB zeros 21.6%
gen 29 [7/100] k= 16 c=0.937 alpha=-0.430 beta=+0.342 | loss 4.1776 size 437.6 MB zeros 33.0%
gen 29 [8/100] k= 17 c=0.978 alpha=-0.409 beta=+0.311 | loss 4.0847 size 441.3 MB zeros 30.9%
gen 29 [9/100] k= 17 c=0.882 alpha=-0.453 beta=+0.984 | loss 15.3558 size 401.5 MB zeros 53.2%
gen 29 [10/100] k= 16 c=0.938 alpha=-0.408 beta=+0.499 | loss 4.7944 size 429.3 MB zeros 37.6%
gen 29 [11/100] k=  5 c=0.882 alpha=-0.614 beta=+0.596 | loss 13.1586 size 349.8 MB zeros 64.2%
gen 29 [12/100] k=  6 c=0.977 alpha=-0.509 beta=+0.440 | loss 16.0897 size 359.9 MB zeros 68.6%
gen 29 [13/100] k=  3 c=0.987 alpha=-0.345 beta=+0.181 | loss 16.3551 size 320.5 MB zeros 93.8%
gen 29 [14/100] k=  5 c=0.988 alpha=-0.997 beta=+0.987 | loss 14.9691 size 342.0 MB zeros 72.9%
gen 29 [15/100] k= 58 c=0.971 alpha=-0.059 beta=+0.096 | loss 3.0823 size 541.4 MB zeros 7.6%
gen 29 [16/100] k= 16 c=0.979 alpha=-0.922 beta=+0.997 | loss 10.9889 size 375.1 MB zeros 68.0%
gen 29 [17/100] k=215 c=0.986 alpha=-0.062 beta=+0.079 | loss 3.0529 size 630.8 MB zeros 6.0%
gen 29 [18/100] k=  5 c=0.786 alpha=-0.991 beta=+0.902 | loss 12.9759 size 345.4 MB zeros 69.1%
gen 29 [19/100] k= 17 c=0.916 alpha=-0.499 beta=+0.466 | loss 5.2123 size 426.2 MB zeros 39.4%
gen 29 [20/100] k= 14 c=0.780 alpha=-0.407 beta=+0.838 | loss 15.6193 size 410.7 MB zeros 48.1%
gen 29 [21/100] k=  3 c=0.975 alpha=-0.221 beta=+0.136 | loss 15.5402 size 320.7 MB zeros 93.5%
gen 29 [22/100] k=  9 c=0.757 alpha=-0.370 beta=+0.522 | loss 5.9782 size 399.7 MB zeros 38.9%
gen 29 [23/100] k=  3 c=0.974 alpha=-0.008 beta=+0.577 | loss 15.4397 size 320.7 MB zeros 93.5%
gen 29 [24/100] k= 72 c=0.815 alpha=-0.982 beta=+0.995 | loss 10.8148 size 413.8 MB zeros 69.3%
gen 29 [25/100] k= 15 c=0.904 alpha=-0.440 beta=+0.357 | loss 4.3873 size 436.3 MB zeros 33.8%
gen 29 [26/100] k=  5 c=0.988 alpha=-0.979 beta=+0.314 | loss 15.4902 size 343.9 MB zeros 70.8%
gen 29 [27/100] k=  3 c=0.998 alpha=-0.489 beta=+0.655 | loss 16.0309 size 320.4 MB zeros 94.0%
gen 29 [28/100] k=  5 c=0.963 alpha=-0.997 beta=+0.998 | loss 14.4483 size 342.2 MB zeros 72.7%
gen 29 [29/100] k=  9 c=0.757 alpha=-0.379 beta=+0.505 | loss 5.9197 size 400.2 MB zeros 38.6%
gen 29 [30/100] k= 22 c=0.883 alpha=-0.505 beta=+0.998 | loss 15.2444 size 417.9 MB zeros 55.2%
gen 29 [31/100] k=  5 c=0.787 alpha=-0.105 beta=+0.064 | loss 12.7588 size 354.1 MB zeros 59.3%
gen 29 [32/100] k= 41 c=0.974 alpha=-0.049 beta=+0.453 | loss 4.8963 size 524.5 MB zeros 23.0%
gen 29 [33/100] k=  3 c=0.989 alpha=-0.217 beta=+0.154 | loss 16.1276 size 320.5 MB zeros 93.8%
gen 29 [34/100] k=  9 c=0.914 alpha=-0.994 beta=+0.450 | loss 17.7332 size 377.7 MB zeros 55.3%
gen 29 [35/100] k= 41 c=0.953 alpha=-0.121 beta=+0.096 | loss 3.1309 size 541.4 MB zeros 10.3%
gen 29 [36/100] k=  3 c=0.977 alpha=-0.059 beta=+0.321 | loss 15.7277 size 320.7 MB zeros 93.5%
gen 29 [37/100] k= 16 c=0.943 alpha=-0.843 beta=+0.497 | loss 17.4580 size 404.8 MB zeros 51.3%
gen 29 [38/100] k=215 c=0.986 alpha=-0.078 beta=+0.079 | loss 3.0538 size 630.8 MB zeros 6.7%
gen 29 [39/100] k= 10 c=0.928 alpha=-0.585 beta=+0.995 | loss 15.3431 size 391.1 MB zeros 59.0%
gen 29 [40/100] k=  3 c=0.923 alpha=-0.586 beta=+0.589 | loss 16.9443 size 321.3 MB zeros 92.1%
gen 29 [41/100] k= 16 c=0.714 alpha=-0.430 beta=+0.415 | loss 5.0548 size 434.1 MB zeros 35.0%
gen 29 [42/100] k= 28 c=0.993 alpha=-0.050 beta=+0.162 | loss 3.2494 size 496.6 MB zeros 14.8%
gen 29 [43/100] k=  5 c=0.975 alpha=-0.906 beta=+0.995 | loss 14.9110 size 343.2 MB zeros 71.6%
gen 29 [44/100] k= 17 c=0.932 alpha=-0.099 beta=+0.405 | loss 3.7982 size 447.4 MB zeros 27.5%
gen 29 [45/100] k=  3 c=0.977 alpha=-0.500 beta=+0.589 | loss 15.7544 size 320.7 MB zeros 93.5%
gen 29 [46/100] k= 84 c=0.995 alpha=-0.522 beta=+0.502 | loss 4.8941 size 502.4 MB zeros 41.0%
gen 29 [47/100] k= 10 c=0.941 alpha=-0.106 beta=+0.438 | loss 7.0677 size 424.7 MB zeros 40.2%
gen 29 [48/100] k=  5 c=0.977 alpha=-0.992 beta=+0.932 | loss 14.9812 size 342.9 MB zeros 71.9%
gen 29 [49/100] k= 21 c=0.723 alpha=-0.582 beta=+0.440 | loss 5.4107 size 449.8 MB zeros 41.0%
gen 29 [50/100] k= 16 c=0.931 alpha=-0.425 beta=+0.437 | loss 4.6108 size 432.1 MB zeros 36.1%
gen 29 [51/100] k= 32 c=0.958 alpha=-0.090 beta=+0.445 | loss 3.5217 size 487.5 MB zeros 24.1%
gen 29 [52/100] k=  3 c=0.973 alpha=-0.013 beta=+0.501 | loss 15.4194 size 320.7 MB zeros 93.4%
gen 29 [53/100] k= 13 c=0.941 alpha=-0.217 beta=+0.088 | loss 4.2244 size 446.2 MB zeros 27.7%
gen 29 [54/100] k=  5 c=0.939 alpha=-0.995 beta=+0.507 | loss 16.6409 size 344.9 MB zeros 69.6%
gen 29 [55/100] k=256 c=0.989 alpha=-0.109 beta=+0.213 | loss 3.1190 size 626.9 MB zeros 13.6%
gen 29 [56/100] k=  9 c=0.944 alpha=-0.996 beta=+0.984 | loss 13.0654 size 358.4 MB zeros 69.7%
gen 29 [57/100] k= 71 c=0.969 alpha=-0.013 beta=+0.096 | loss 3.0647 size 586.1 MB zeros 6.8%
gen 29 [58/100] k= 32 c=0.701 alpha=-0.227 beta=+0.423 | loss 3.9709 size 481.2 MB zeros 26.9%
gen 29 [59/100] k= 16 c=0.971 alpha=-0.453 beta=+0.504 | loss 5.1097 size 426.0 MB zeros 39.5%
gen 29 [60/100] k= 17 c=0.939 alpha=-0.105 beta=+0.421 | loss 3.8286 size 446.3 MB zeros 28.2%
gen 29 [61/100] k=  6 c=0.954 alpha=-0.502 beta=+0.483 | loss 15.7557 size 361.2 MB zeros 67.6%
gen 29 [62/100] k= 17 c=0.974 alpha=-0.030 beta=+0.460 | loss 3.9777 size 443.1 MB zeros 29.9%
gen 29 [63/100] k=  3 c=0.996 alpha=-0.823 beta=+0.835 | loss 15.9853 size 320.4 MB zeros 94.0%
gen 29 [64/100] k= 20 c=0.961 alpha=-0.847 beta=+0.835 | loss 9.8850 size 403.1 MB zeros 61.8%
gen 29 [65/100] k= 18 c=0.952 alpha=-0.909 beta=+0.549 | loss 17.9199 size 419.0 MB zeros 54.7%
gen 29 [66/100] k= 41 c=0.956 alpha=-0.203 beta=+0.180 | loss 3.2028 size 540.7 MB zeros 16.5%
gen 29 [67/100] k=  5 c=0.840 alpha=-0.954 beta=+1.000 | loss 12.9538 size 343.9 MB zeros 70.7%
gen 29 [68/100] k=  5 c=0.969 alpha=-0.013 beta=+0.067 | loss 16.3620 size 346.2 MB zeros 68.2%
gen 29 [69/100] k= 29 c=0.905 alpha=-0.285 beta=+0.159 | loss 3.2770 size 496.0 MB zeros 19.4%
gen 29 [70/100] k= 32 c=0.972 alpha=-0.231 beta=+0.950 | loss 15.4233 size 443.6 MB zeros 43.7%
gen 29 [71/100] k=  9 c=0.741 alpha=-0.386 beta=+0.526 | loss 6.3076 size 399.3 MB zeros 39.2%
gen 29 [72/100] k=  3 c=0.997 alpha=-0.771 beta=+0.835 | loss 16.0058 size 320.4 MB zeros 94.0%
gen 29 [73/100] k=  9 c=0.702 alpha=-0.345 beta=+0.182 | loss 5.4851 size 409.6 MB zeros 31.5%
gen 29 [74/100] k= 23 c=0.968 alpha=-0.977 beta=+0.483 | loss 18.1341 size 420.7 MB zeros 54.0%
gen 29 [75/100] k=  3 c=0.722 alpha=-0.444 beta=+0.041 | loss 16.8990 size 324.7 MB zeros 84.5%
gen 29 [76/100] k= 17 c=0.930 alpha=-0.990 beta=+0.987 | loss 11.1085 size 372.6 MB zeros 69.3%
gen 29 [77/100] k= 17 c=0.959 alpha=-0.376 beta=+0.185 | loss 3.8217 size 448.7 MB zeros 26.8%
gen 29 [78/100] k=  9 c=0.781 alpha=-0.493 beta=+0.576 | loss 6.5733 size 392.6 MB zeros 44.2%
gen 29 [79/100] k=  9 c=0.952 alpha=-0.799 beta=+0.824 | loss 10.6116 size 370.2 MB zeros 60.9%
gen 29 [80/100] k= 32 c=0.975 alpha=-0.460 beta=+0.997 | loss 15.3793 size 421.6 MB zeros 53.5%
gen 29 [81/100] k= 31 c=0.959 alpha=-0.325 beta=+0.094 | loss 3.2708 size 495.6 MB zeros 19.5%
gen 29 [82/100] k= 58 c=0.969 alpha=-0.396 beta=+0.096 | loss 3.3022 size 530.9 MB zeros 20.6%
gen 29 [83/100] k=  3 c=0.996 alpha=-0.421 beta=+0.835 | loss 15.9853 size 320.4 MB zeros 94.0%
gen 29 [84/100] k=242 c=0.996 alpha=-0.107 beta=+0.102 | loss 3.0635 size 630.8 MB zeros 8.9%
gen 29 [85/100] k=  5 c=0.784 alpha=-0.987 beta=+0.563 | loss 17.8762 size 349.1 MB zeros 65.0%
gen 29 [86/100] k= 11 c=0.932 alpha=-0.462 beta=+0.392 | loss 5.3646 size 429.7 MB zeros 37.4%
gen 29 [87/100] k=  9 c=0.939 alpha=-0.255 beta=+0.204 | loss 7.3683 size 398.9 MB zeros 39.5%
gen 29 [88/100] k= 81 c=0.941 alpha=-0.092 beta=+0.334 | loss 3.2483 size 574.9 MB zeros 17.9%
gen 29 [89/100] k=  9 c=0.948 alpha=-0.994 beta=+0.893 | loss 11.6457 size 361.4 MB zeros 67.5%
gen 29 [90/100] k=  8 c=0.996 alpha=-0.924 beta=+0.853 | loss 13.2586 size 363.7 MB zeros 65.7%
gen 29 [91/100] k=  9 c=0.943 alpha=-0.624 beta=+0.439 | loss 11.4500 size 390.6 MB zeros 45.7%
gen 29 [92/100] k= 26 c=0.920 alpha=-0.585 beta=+0.648 | loss 7.4401 size 433.4 MB zeros 48.3%
gen 29 [93/100] k= 41 c=0.976 alpha=-0.146 beta=+0.099 | loss 3.1302 size 541.4 MB zeros 11.4%
gen 29 [94/100] k=  5 c=0.785 alpha=-0.997 beta=+0.041 | loss 17.8469 size 348.9 MB zeros 65.2%
gen 29 [95/100] k=  9 c=0.934 alpha=-0.830 beta=+0.821 | loss 10.0535 size 369.2 MB zeros 61.6%
gen 29 [96/100] k= 14 c=0.971 alpha=-0.139 beta=+0.384 | loss 4.4220 size 440.9 MB zeros 31.2%
gen 29 [97/100] k= 10 c=0.844 alpha=-0.144 beta=+0.094 | loss 6.4426 size 432.1 MB zeros 36.1%
gen 29 [98/100] k=  5 c=0.988 alpha=-0.997 beta=+0.989 | loss 15.1411 size 342.0 MB zeros 72.9%
gen 29 [99/100] k=  6 c=0.710 alpha=-0.428 beta=+0.999 | loss 15.0169 size 367.5 MB zeros 63.0%
gen 29 [100/100] k=  3 c=0.990 alpha=-0.602 beta=+0.570 | loss 15.9936 size 320.5 MB zeros 93.8%
=== generation 29/50 done in 162s (0 from cache), Pareto front has 100 points, best loss 3.0523, smallest 320.4 MB
gen 30 [1/100] k= 17 c=0.871 alpha=-0.237 beta=+0.507 | loss 8.8767 size 440.2 MB zeros 31.6%
gen 30 [2/100] k=  9 c=0.995 alpha=-0.909 beta=+0.838 | loss 11.1964 size 365.8 MB zeros 64.2%
gen 30 [3/100] k= 17 c=0.970 alpha=-0.519 beta=+0.484 | loss 5.2384 size 423.7 MB zeros 40.8%
gen 30 [4/100] k= 17 c=0.943 alpha=-0.450 beta=+0.349 | loss 4.2768 size 436.6 MB zeros 33.6%
gen 30 [5/100] k=  5 c=0.977 alpha=-0.996 beta=+0.978 | loss 15.3460 size 342.3 MB zeros 72.6%
gen 30 [6/100] k= 20 c=0.906 alpha=-0.585 beta=+0.600 | loss 6.3013 size 436.7 MB zeros 46.8%
gen 30 [7/100] k= 17 c=0.921 alpha=-0.085 beta=+0.865 | loss 15.5013 size 421.5 MB zeros 42.0%
gen 30 [8/100] k= 17 c=0.976 alpha=-0.426 beta=+0.327 | loss 4.1399 size 439.3 MB zeros 32.1%
gen 30 [9/100] k=  5 c=0.784 alpha=-0.949 beta=+0.978 | loss 11.0157 size 344.8 MB zeros 69.8%
gen 30 [10/100] k= 35 c=0.957 alpha=-0.422 beta=+0.094 | loss 3.3945 size 525.7 MB zeros 22.5%
gen 30 [11/100] k= 31 c=0.972 alpha=-0.014 beta=+0.410 | loss 3.4725 size 490.3 MB zeros 22.9%
gen 30 [12/100] k=  3 c=0.971 alpha=-0.992 beta=+0.995 | loss 15.5683 size 320.7 MB zeros 93.4%
gen 30 [13/100] k= 29 c=0.818 alpha=-0.282 beta=+0.165 | loss 3.3342 size 496.2 MB zeros 19.3%
gen 30 [14/100] k= 35 c=0.976 alpha=-0.348 beta=+0.101 | loss 3.2624 size 532.8 MB zeros 19.9%
gen 30 [15/100] k= 17 c=0.988 alpha=-0.997 beta=+0.998 | loss 10.9419 size 371.9 MB zeros 69.8%
gen 30 [16/100] k= 15 c=0.946 alpha=-0.847 beta=+0.835 | loss 10.4660 size 385.9 MB zeros 61.9%
gen 30 [17/100] k=  9 c=0.781 alpha=-0.449 beta=+0.619 | loss 15.1052 size 392.6 MB zeros 44.2%
gen 30 [18/100] k= 20 c=0.998 alpha=-0.008 beta=+0.334 | loss 3.6348 size 486.7 MB zeros 24.4%
gen 30 [19/100] k=  5 c=0.769 alpha=-0.992 beta=+0.593 | loss 17.8914 size 349.4 MB zeros 64.6%
gen 30 [20/100] k= 10 c=0.975 alpha=-0.585 beta=+0.571 | loss 7.5562 size 410.8 MB zeros 48.0%
gen 30 [21/100] k= 33 c=0.940 alpha=-0.376 beta=+0.185 | loss 3.4043 size 488.4 MB zeros 23.7%
gen 30 [22/100] k= 16 c=0.941 alpha=-0.434 beta=+0.457 | loss 4.7156 size 430.3 MB zeros 37.1%
gen 30 [23/100] k= 31 c=0.881 alpha=-0.224 beta=+0.989 | loss 15.4506 size 442.3 MB zeros 44.3%
gen 30 [24/100] k=  9 c=0.953 alpha=-0.889 beta=+0.168 | loss 17.8750 size 381.5 MB zeros 52.5%
gen 30 [25/100] k= 16 c=0.970 alpha=-0.829 beta=+0.502 | loss 17.4175 size 405.1 MB zeros 51.2%
gen 30 [26/100] k=  9 c=0.756 alpha=-0.488 beta=+0.325 | loss 6.1217 size 402.1 MB zeros 37.1%
gen 30 [27/100] k= 16 c=0.870 alpha=-0.430 beta=+0.415 | loss 4.6019 size 433.4 MB zeros 35.3%
gen 30 [28/100] k= 55 c=0.802 alpha=-0.059 beta=+0.096 | loss 3.1641 size 541.4 MB zeros 7.2%
gen 30 [29/100] k=  3 c=0.973 alpha=-0.013 beta=+0.905 | loss 15.4158 size 320.7 MB zeros 93.4%
gen 30 [30/100] k= 42 c=0.943 alpha=-0.624 beta=+0.568 | loss 6.2154 size 460.4 MB zeros 46.8%
gen 30 [31/100] k=  9 c=0.711 alpha=-0.441 beta=+0.204 | loss 5.5687 size 405.7 MB zeros 34.5%
gen 30 [32/100] k=194 c=0.914 alpha=-0.106 beta=+0.451 | loss 3.5571 size 593.8 MB zeros 22.9%
gen 30 [33/100] k= 10 c=0.996 alpha=-0.839 beta=+0.836 | loss 11.1218 size 385.1 MB zeros 62.4%
gen 30 [34/100] k=  9 c=0.781 alpha=-0.998 beta=+0.529 | loss 17.5334 size 375.6 MB zeros 56.9%
gen 30 [35/100] k=  9 c=0.946 alpha=-0.424 beta=+0.484 | loss 7.3020 size 396.0 MB zeros 41.7%
gen 30 [36/100] k= 21 c=0.722 alpha=-0.311 beta=+0.467 | loss 4.5365 size 469.6 MB zeros 32.1%
gen 30 [37/100] k= 29 c=0.974 alpha=-0.049 beta=+0.453 | loss 4.8498 size 485.7 MB zeros 24.9%
gen 30 [38/100] k= 17 c=0.939 alpha=-0.975 beta=+0.334 | loss 17.7997 size 409.4 MB zeros 48.8%
gen 30 [39/100] k= 17 c=0.988 alpha=-0.289 beta=+0.128 | loss 3.7394 size 453.4 MB zeros 24.2%
gen 30 [40/100] k= 32 c=0.959 alpha=-0.373 beta=+0.010 | loss 3.3305 size 493.5 MB zeros 21.4%
gen 30 [41/100] k=  9 c=0.990 alpha=-0.377 beta=+0.204 | loss 7.6009 size 396.4 MB zeros 41.4%
gen 30 [42/100] k= 29 c=0.976 alpha=-0.989 beta=+0.327 | loss 17.9619 size 433.2 MB zeros 48.4%
gen 30 [43/100] k= 32 c=0.986 alpha=-0.085 beta=+0.079 | loss 3.1854 size 496.7 MB zeros 12.2%
gen 30 [44/100] k= 17 c=0.777 alpha=-0.493 beta=+0.576 | loss 5.6993 size 420.1 MB zeros 42.8%
gen 30 [45/100] k= 11 c=0.968 alpha=-0.493 beta=+0.483 | loss 6.0029 size 422.8 MB zeros 41.3%
gen 30 [46/100] k=  9 c=0.963 alpha=-0.274 beta=+0.512 | loss 8.1978 size 395.1 MB zeros 42.4%
gen 30 [47/100] k= 13 c=0.823 alpha=-0.982 beta=+0.999 | loss 10.8114 size 372.4 MB zeros 69.4%
gen 30 [48/100] k= 26 c=0.952 alpha=-0.909 beta=+0.877 | loss 9.9713 size 396.9 MB zeros 64.6%
gen 30 [49/100] k=  3 c=0.946 alpha=-0.495 beta=+0.463 | loss 17.3135 size 321.0 MB zeros 92.7%
gen 30 [50/100] k=  4 c=0.757 alpha=-0.402 beta=+0.622 | loss 17.4559 size 330.2 MB zeros 86.1%
gen 30 [51/100] k=204 c=0.986 alpha=-0.061 beta=+0.077 | loss 3.0599 size 630.8 MB zeros 5.9%
gen 30 [52/100] k=  9 c=0.783 alpha=-0.448 beta=+0.562 | loss 6.3441 size 395.0 MB zeros 42.4%
gen 30 [54/100] k=  4 c=0.786 alpha=-0.992 beta=+0.016 | loss 16.8092 size 329.0 MB zeros 87.4%
gen 30 [55/100] k= 17 c=0.716 alpha=-0.518 beta=+0.484 | loss 5.8855 size 424.3 MB zeros 40.4%
gen 30 [56/100] k=  9 c=0.757 alpha=-0.435 beta=+0.507 | loss 6.7790 size 398.1 MB zeros 40.1%
gen 30 [57/100] k=  3 c=0.996 alpha=-0.376 beta=+0.835 | loss 15.9853 size 320.4 MB zeros 94.0%
gen 30 [58/100] k= 33 c=0.943 alpha=-0.023 beta=+0.023 | loss 3.1459 size 516.8 MB zeros 11.0%
gen 30 [59/100] k=  5 c=0.845 alpha=-0.981 beta=+0.963 | loss 12.3279 size 344.1 MB zeros 70.6%
gen 30 [60/100] k=  9 c=0.756 alpha=-0.139 beta=+0.323 | loss 5.6120 size 407.7 MB zeros 33.0%
gen 30 [61/100] k=  5 c=0.978 alpha=-0.385 beta=+0.471 | loss 15.8456 size 345.8 MB zeros 68.7%
gen 30 [62/100] k=  3 c=0.998 alpha=-0.440 beta=+0.566 | loss 16.0309 size 320.4 MB zeros 94.0%
gen 30 [63/100] k=  5 c=0.784 alpha=-0.998 beta=+0.994 | loss 10.8921 size 343.6 MB zeros 71.1%
gen 30 [64/100] k= 79 c=0.940 alpha=-0.050 beta=+0.151 | loss 3.0819 size 586.1 MB zeros 8.9%
gen 30 [65/100] k= 26 c=0.943 alpha=-0.624 beta=+0.987 | loss 15.2605 size 409.4 MB zeros 59.0%
gen 30 [66/100] k= 17 c=0.927 alpha=-0.049 beta=+0.453 | loss 3.9179 size 444.5 MB zeros 29.2%
gen 30 [67/100] k=  7 c=0.757 alpha=-0.392 beta=+0.484 | loss 8.0092 size 394.3 MB zeros 43.0%
gen 30 [68/100] k= 16 c=0.995 alpha=-0.915 beta=+0.837 | loss 9.5942 size 382.6 MB zeros 63.8%
gen 30 [69/100] k=  6 c=0.946 alpha=-0.995 beta=+0.439 | loss 16.4072 size 358.2 MB zeros 69.8%
gen 30 [70/100] k=  8 c=0.705 alpha=-0.364 beta=+0.875 | loss 15.2019 size 382.3 MB zeros 51.9%
gen 30 [71/100] k=  9 c=0.935 alpha=-0.457 beta=+0.821 | loss 15.1412 size 383.0 MB zeros 51.4%
gen 30 [72/100] k=  9 c=0.766 alpha=-0.461 beta=+0.309 | loss 5.8994 size 403.1 MB zeros 36.4%
gen 30 [73/100] k= 17 c=0.935 alpha=-0.257 beta=+0.455 | loss 4.0306 size 441.8 MB zeros 30.7%
gen 30 [74/100] k=  6 c=0.941 alpha=-0.987 beta=+0.999 | loss 15.3697 size 354.9 MB zeros 72.3%
gen 30 [75/100] k=  3 c=0.996 alpha=-0.847 beta=+0.511 | loss 15.9955 size 320.4 MB zeros 94.0%
gen 30 [76/100] k= 15 c=0.936 alpha=-0.431 beta=+0.340 | loss 4.1613 size 437.7 MB zeros 33.0%
gen 30 [77/100] k=  8 c=0.711 alpha=-0.258 beta=+0.014 | loss 8.2612 size 398.5 MB zeros 39.9%
gen 30 [78/100] k= 13 c=0.988 alpha=-0.446 beta=+0.102 | loss 4.6942 size 436.9 MB zeros 33.4%
gen 30 [79/100] k= 16 c=0.920 alpha=-0.579 beta=+0.518 | loss 6.0504 size 417.8 MB zeros 44.1%
gen 30 [80/100] k= 15 c=0.988 alpha=-0.420 beta=+0.997 | loss 15.5675 size 402.5 MB zeros 52.6%
gen 30 [81/100] k= 16 c=0.753 alpha=-0.391 beta=+0.367 | loss 4.4886 size 439.6 MB zeros 31.9%
gen 30 [82/100] k= 16 c=0.864 alpha=-0.417 beta=+0.483 | loss 4.8334 size 430.0 MB zeros 37.3%
gen 30 [83/100] k= 74 c=0.969 alpha=-0.004 beta=+0.096 | loss 3.0634 size 586.1 MB zeros 6.8%
gen 30 [84/100] k=  5 c=0.786 alpha=-0.033 beta=+0.999 | loss 15.0270 size 348.8 MB zeros 65.3%
gen 30 [85/100] k= 32 c=0.873 alpha=-0.225 beta=+0.382 | loss 3.4831 size 484.5 MB zeros 25.4%
gen 30 [86/100] k= 31 c=0.944 alpha=-0.027 beta=+0.094 | loss 3.1536 size 496.7 MB zeros 11.7%
gen 30 [87/100] k= 31 c=0.701 alpha=-0.371 beta=+0.185 | loss 4.0239 size 489.3 MB zeros 23.3%
gen 30 [88/100] k=  5 c=0.963 alpha=-0.222 beta=+0.998 | loss 14.1309 size 344.3 MB zeros 70.4%
gen 30 [89/100] k=217 c=0.906 alpha=-0.585 beta=+0.600 | loss 6.1910 size 508.6 MB zeros 46.7%
gen 30 [90/100] k=  9 c=0.989 alpha=-0.522 beta=+0.484 | loss 7.2085 size 392.5 MB zeros 44.3%
gen 30 [91/100] k= 17 c=0.940 alpha=-0.432 beta=+0.473 | loss 4.7438 size 429.9 MB zeros 37.3%
gen 30 [92/100] k= 31 c=0.720 alpha=-0.325 beta=+0.102 | loss 3.6209 size 496.5 MB zeros 18.5%
gen 30 [93/100] k=  9 c=0.757 alpha=-0.380 beta=+0.468 | loss 5.8126 size 401.7 MB zeros 37.4%
gen 30 [94/100] k= 14 c=0.854 alpha=-0.970 beta=+0.873 | loss 9.7060 size 378.5 MB zeros 66.1%
gen 30 [95/100] k=  3 c=0.987 alpha=-0.495 beta=+0.465 | loss 16.1177 size 320.5 MB zeros 93.7%
gen 30 [96/100] k=  9 c=0.701 alpha=-0.362 beta=+0.232 | loss 5.4960 size 409.1 MB zeros 31.9%
gen 30 [97/100] k=  9 c=0.882 alpha=-0.995 beta=+0.830 | loss 16.1783 size 363.6 MB zeros 65.8%
gen 30 [98/100] k= 41 c=0.973 alpha=-0.146 beta=+0.099 | loss 3.1285 size 541.4 MB zeros 11.4%
gen 30 [99/100] k= 31 c=0.959 alpha=-0.400 beta=+0.184 | loss 3.4401 size 486.3 MB zeros 24.7%
gen 30 [100/100] k=  5 c=0.883 alpha=-0.971 beta=+0.998 | loss 13.1365 size 343.4 MB zeros 71.4%
=== generation 30/50 done in 161s (1 from cache), Pareto front has 100 points, best loss 3.0523, smallest 320.4 MB
gen 31 [1/100] k= 17 c=0.939 alpha=-0.005 beta=+0.330 | loss 3.6551 size 452.1 MB zeros 24.9%
gen 31 [2/100] k=  9 c=0.767 alpha=-0.390 beta=+0.546 | loss 6.1142 size 397.9 MB zeros 40.2%
gen 31 [3/100] k= 16 c=0.791 alpha=-0.453 beta=+0.502 | loss 5.2716 size 426.8 MB zeros 39.0%
gen 31 [4/100] k= 28 c=0.970 alpha=-0.464 beta=+0.484 | loss 4.6456 size 455.5 MB zeros 38.4%
gen 31 [5/100] k=  9 c=0.921 alpha=-0.620 beta=+0.910 | loss 15.2166 size 374.1 MB zeros 58.0%
gen 31 [6/100] k=  9 c=0.906 alpha=-0.210 beta=+0.472 | loss 6.5188 size 398.2 MB zeros 40.0%
gen 31 [7/100] k= 32 c=0.972 alpha=-0.222 beta=+0.375 | loss 3.4380 size 485.1 MB zeros 25.2%
gen 31 [8/100] k= 26 c=0.714 alpha=-0.142 beta=+0.453 | loss 3.9042 size 485.5 MB zeros 25.0%
gen 31 [9/100] k= 58 c=0.995 alpha=-0.054 beta=+0.824 | loss 15.4380 size 495.4 MB zeros 33.8%
gen 31 [10/100] k=  9 c=0.920 alpha=-0.005 beta=+0.571 | loss 6.6086 size 394.2 MB zeros 43.0%
gen 31 [11/100] k=  9 c=0.948 alpha=-0.901 beta=+0.840 | loss 10.4530 size 366.1 MB zeros 64.0%
gen 31 [12/100] k=  8 c=0.940 alpha=-0.426 beta=+0.472 | loss 11.7465 size 384.8 MB zeros 50.0%
gen 31 [13/100] k= 43 c=0.951 alpha=-0.992 beta=+0.447 | loss 17.8888 size 444.1 MB zeros 52.9%
gen 31 [14/100] k=  9 c=0.938 alpha=-0.479 beta=+0.373 | loss 7.2815 size 396.9 MB zeros 41.0%
gen 31 [15/100] k= 16 c=0.937 alpha=-0.399 beta=+0.499 | loss 4.7746 size 429.9 MB zeros 37.3%
gen 31 [16/100] k=  5 c=0.996 alpha=-0.959 beta=+0.998 | loss 15.2731 size 342.2 MB zeros 72.7%
gen 31 [17/100] k=  4 c=0.723 alpha=-0.248 beta=+0.997 | loss 16.7950 size 331.6 MB zeros 84.5%
gen 31 [18/100] k= 16 c=0.998 alpha=-0.919 beta=+0.837 | loss 9.6218 size 382.4 MB zeros 63.9%
gen 31 [19/100] k=  9 c=0.952 alpha=-0.630 beta=+0.589 | loss 7.6646 size 385.3 MB zeros 49.6%
gen 31 [20/100] k=  3 c=0.785 alpha=-0.990 beta=+0.998 | loss 16.8308 size 323.4 MB zeros 87.4%
gen 31 [21/100] k= 31 c=0.959 alpha=-0.302 beta=+0.994 | loss 15.3961 size 435.2 MB zeros 47.5%
gen 31 [23/100] k= 12 c=0.973 alpha=-0.072 beta=+0.115 | loss 5.3383 size 436.5 MB zeros 33.7%
gen 31 [24/100] k=215 c=0.985 alpha=-0.061 beta=+0.854 | loss 15.4320 size 554.2 MB zeros 33.9%
gen 31 [25/100] k= 83 c=0.995 alpha=-0.050 beta=+0.965 | loss 15.4488 size 516.3 MB zeros 36.6%
gen 31 [26/100] k= 14 c=0.885 alpha=-0.961 beta=+0.866 | loss 10.1772 size 379.2 MB zeros 65.7%
gen 31 [27/100] k=  4 c=0.883 alpha=-0.995 beta=+0.994 | loss 17.2046 size 325.9 MB zeros 90.9%
gen 31 [28/100] k= 39 c=0.996 alpha=-0.421 beta=+0.453 | loss 4.2714 size 490.4 MB zeros 35.7%
gen 31 [29/100] k=  5 c=0.988 alpha=-0.410 beta=+0.998 | loss 15.3340 size 343.6 MB zeros 71.1%
gen 31 [30/100] k=  5 c=1.000 alpha=-0.987 beta=+0.112 | loss 15.5745 size 343.5 MB zeros 71.2%
gen 31 [31/100] k=  5 c=0.986 alpha=-0.060 beta=+0.244 | loss 15.9034 size 345.5 MB zeros 69.0%
gen 31 [32/100] k= 17 c=0.709 alpha=-0.756 beta=+0.221 | loss 17.8893 size 427.8 MB zeros 38.5%
gen 31 [33/100] k= 32 c=0.939 alpha=-0.220 beta=+0.440 | loss 3.5181 size 479.9 MB zeros 27.5%
gen 31 [34/100] k=  5 c=0.958 alpha=-0.995 beta=+0.998 | loss 15.0418 size 342.2 MB zeros 72.6%
gen 31 [35/100] k=  9 c=0.943 alpha=-0.513 beta=+0.589 | loss 7.2962 size 389.8 MB zeros 46.3%
gen 31 [36/100] k=  5 c=0.785 alpha=-0.966 beta=+0.999 | loss 11.4782 size 344.1 MB zeros 70.6%
gen 31 [37/100] k=  9 c=0.710 alpha=-0.441 beta=+0.241 | loss 5.5864 size 405.7 MB zeros 34.5%
gen 31 [38/100] k= 17 c=0.985 alpha=-0.994 beta=+0.435 | loss 17.7683 size 402.0 MB zeros 52.9%
gen 31 [39/100] k= 40 c=0.976 alpha=-0.146 beta=+0.718 | loss 15.3655 size 495.1 MB zeros 33.9%
gen 31 [40/100] k=  9 c=0.969 alpha=-0.484 beta=+0.576 | loss 8.0399 size 390.9 MB zeros 45.5%
gen 31 [41/100] k=  9 c=0.920 alpha=-0.585 beta=+0.647 | loss 8.1853 size 385.0 MB zeros 49.9%
gen 31 [42/100] k=  6 c=0.786 alpha=-0.448 beta=+0.609 | loss 12.9211 size 372.3 MB zeros 59.3%
gen 31 [43/100] k=  9 c=0.700 alpha=-0.362 beta=+0.232 | loss 5.5108 size 409.1 MB zeros 31.9%
gen 31 [44/100] k= 32 c=0.782 alpha=-0.980 beta=+0.384 | loss 17.9057 size 429.0 MB zeros 50.3%
gen 31 [45/100] k= 16 c=0.991 alpha=-0.918 beta=+0.854 | loss 9.9426 size 381.6 MB zeros 64.3%
gen 31 [46/100] k= 25 c=0.976 alpha=-0.219 beta=+0.465 | loss 3.6935 size 477.2 MB zeros 28.7%
gen 31 [47/100] k= 81 c=0.968 alpha=-0.018 beta=+0.421 | loss 3.5947 size 569.9 MB zeros 19.5%
gen 31 [48/100] k= 17 c=0.938 alpha=-0.460 beta=+0.483 | loss 4.9625 size 427.5 MB zeros 38.7%
gen 31 [49/100] k= 15 c=0.923 alpha=-0.888 beta=+0.707 | loss 17.8197 size 390.6 MB zeros 59.3%
gen 31 [50/100] k= 11 c=0.860 alpha=-0.981 beta=+0.873 | loss 10.9675 size 377.9 MB zeros 66.4%
gen 31 [51/100] k=  9 c=0.931 alpha=-0.440 beta=+0.562 | loss 6.6619 size 393.2 MB zeros 43.8%
gen 31 [53/100] k=  3 c=0.973 alpha=-0.013 beta=+0.643 | loss 15.5125 size 320.7 MB zeros 93.4%
gen 31 [54/100] k=  6 c=0.972 alpha=-0.458 beta=+0.136 | loss 16.2555 size 360.2 MB zeros 68.4%
gen 31 [55/100] k= 17 c=0.968 alpha=-0.498 beta=+0.483 | loss 5.1407 size 425.0 MB zeros 40.0%
gen 31 [56/100] k= 40 c=0.978 alpha=-0.300 beta=+0.130 | loss 3.2506 size 536.4 MB zeros 18.5%
gen 31 [57/100] k=  3 c=0.970 alpha=-0.465 beta=+0.107 | loss 15.4056 size 320.7 MB zeros 93.3%
gen 31 [58/100] k= 72 c=0.966 alpha=-0.611 beta=+0.056 | loss 17.9254 size 547.2 MB zeros 26.7%
gen 31 [59/100] k=  5 c=0.784 alpha=-1.000 beta=+0.992 | loss 10.8923 size 343.6 MB zeros 71.1%
gen 31 [60/100] k= 18 c=0.906 alpha=-0.591 beta=+0.601 | loss 6.2706 size 436.1 MB zeros 47.1%
gen 31 [61/100] k=  5 c=0.991 alpha=-0.209 beta=+0.981 | loss 15.2307 size 343.8 MB zeros 70.9%
gen 31 [62/100] k= 17 c=0.782 alpha=-0.037 beta=+0.595 | loss 15.5176 size 438.6 MB zeros 32.4%
gen 31 [63/100] k=  3 c=0.980 alpha=-0.428 beta=+0.321 | loss 16.1436 size 320.6 MB zeros 93.6%
gen 31 [64/100] k=  3 c=0.964 alpha=-0.450 beta=+0.835 | loss 15.8396 size 320.8 MB zeros 93.2%
gen 31 [65/100] k= 10 c=0.967 alpha=-0.989 beta=+0.204 | loss 17.7577 size 398.1 MB zeros 55.1%
gen 31 [66/100] k= 10 c=0.996 alpha=-0.900 beta=+0.850 | loss 11.7524 size 381.7 MB zeros 64.3%
gen 31 [67/100] k=  9 c=0.943 alpha=-0.902 beta=+0.838 | loss 10.4031 size 366.2 MB zeros 63.9%
gen 31 [68/100] k=  5 c=0.884 alpha=-0.995 beta=+0.999 | loss 12.6981 size 342.9 MB zeros 71.9%
gen 31 [69/100] k=  5 c=0.975 alpha=-0.992 beta=+0.160 | loss 15.3025 size 344.1 MB zeros 70.6%
gen 31 [70/100] k= 32 c=0.995 alpha=-0.221 beta=+0.327 | loss 3.4177 size 489.2 MB zeros 23.3%
gen 31 [71/100] k=246 c=0.896 alpha=-0.995 beta=+0.991 | loss 10.8106 size 426.8 MB zeros 69.5%
gen 31 [72/100] k= 24 c=0.855 alpha=-0.970 beta=+0.098 | loss 17.9427 size 448.8 MB zeros 41.4%
gen 31 [73/100] k=  5 c=0.784 alpha=-0.947 beta=+0.180 | loss 17.9077 size 349.8 MB zeros 64.1%
gen 31 [74/100] k=  9 c=0.859 alpha=-0.585 beta=+0.578 | loss 6.6565 size 388.2 MB zeros 47.5%
gen 31 [75/100] k=  3 c=0.711 alpha=-0.255 beta=+0.204 | loss 16.8785 size 325.0 MB zeros 83.9%
gen 31 [76/100] k=  5 c=0.784 alpha=-0.998 beta=+0.998 | loss 10.6595 size 343.5 MB zeros 71.2%
gen 31 [77/100] k=  3 c=0.971 alpha=-0.224 beta=+0.802 | loss 15.5967 size 320.7 MB zeros 93.4%
gen 31 [78/100] k= 20 c=0.958 alpha=-0.997 beta=+0.518 | loss 18.0918 size 416.7 MB zeros 55.7%
gen 31 [79/100] k= 79 c=0.746 alpha=-0.050 beta=+0.990 | loss 15.4702 size 515.0 MB zeros 37.0%
gen 31 [80/100] k=219 c=0.977 alpha=-0.398 beta=+0.160 | loss 3.3388 size 592.9 MB zeros 23.1%
gen 31 [81/100] k=  9 c=1.000 alpha=-0.408 beta=+0.821 | loss 15.0567 size 382.6 MB zeros 51.6%
gen 31 [82/100] k= 17 c=0.944 alpha=-0.128 beta=+0.334 | loss 3.6927 size 451.7 MB zeros 25.1%
gen 31 [83/100] k= 31 c=0.889 alpha=-0.400 beta=+0.184 | loss 3.4714 size 486.5 MB zeros 24.6%
gen 31 [84/100] k= 17 c=0.970 alpha=-0.724 beta=+0.484 | loss 17.2113 size 411.9 MB zeros 47.4%
gen 31 [85/100] k= 58 c=0.970 alpha=-0.173 beta=+0.093 | loss 3.1025 size 541.4 MB zeros 11.6%
gen 31 [86/100] k= 17 c=0.871 alpha=-0.286 beta=+0.201 | loss 3.6455 size 455.8 MB zeros 22.9%
gen 31 [87/100] k= 17 c=0.984 alpha=-0.428 beta=+0.994 | loss 15.4706 size 402.5 MB zeros 52.6%
gen 31 [88/100] k=  9 c=0.934 alpha=-0.830 beta=+0.202 | loss 17.9694 size 384.0 MB zeros 50.6%
gen 31 [89/100] k= 37 c=0.756 alpha=-0.034 beta=+0.010 | loss 3.2871 size 541.4 MB zeros 7.9%
gen 31 [90/100] k=254 c=0.983 alpha=-0.107 beta=+0.102 | loss 3.0598 size 630.8 MB zeros 8.9%
gen 31 [91/100] k=  5 c=0.974 alpha=-0.349 beta=+0.979 | loss 15.0707 size 344.2 MB zeros 70.4%
gen 31 [92/100] k= 12 c=0.767 alpha=-0.429 beta=+0.299 | loss 5.0001 size 438.5 MB zeros 32.5%
gen 31 [93/100] k=  3 c=0.757 alpha=-0.372 beta=+0.138 | loss 17.4559 size 324.0 MB zeros 86.1%
gen 31 [94/100] k=  8 c=0.942 alpha=-0.100 beta=+0.078 | loss 12.2296 size 384.7 MB zeros 50.1%
gen 31 [95/100] k= 14 c=0.972 alpha=-0.139 beta=+0.160 | loss 4.3058 size 445.2 MB zeros 28.6%
gen 31 [96/100] k= 31 c=0.966 alpha=-0.325 beta=+0.094 | loss 3.2927 size 495.6 MB zeros 19.6%
gen 31 [97/100] k= 32 c=0.938 alpha=-0.371 beta=+0.010 | loss 3.3280 size 493.8 MB zeros 21.2%
gen 31 [98/100] k= 39 c=0.881 alpha=-0.170 beta=+0.099 | loss 3.1568 size 541.4 MB zeros 12.2%
gen 31 [99/100] k=  9 c=0.711 alpha=-0.264 beta=+0.219 | loss 5.3819 size 410.3 MB zeros 31.0%
gen 31 [100/100] k= 17 c=0.970 alpha=-0.509 beta=+0.484 | loss 5.2327 size 424.4 MB zeros 40.4%
=== generation 31/50 done in 159s (2 from cache), Pareto front has 100 points, best loss 3.0523, smallest 320.4 MB
gen 32 [1/100] k= 14 c=0.854 alpha=-0.970 beta=+0.927 | loss 10.8806 size 376.0 MB zeros 67.4%
gen 32 [2/100] k= 20 c=0.712 alpha=-0.936 beta=+0.837 | loss 10.3959 size 397.8 MB zeros 64.2%
gen 32 [3/100] k=  9 c=0.783 alpha=-0.448 beta=+0.577 | loss 6.4578 size 394.4 MB zeros 42.9%
gen 32 [4/100] k= 16 c=0.944 alpha=-0.010 beta=+0.021 | loss 3.8648 size 449.4 MB zeros 24.2%
gen 32 [5/100] k= 58 c=0.959 alpha=-0.072 beta=+0.396 | loss 3.4808 size 533.0 MB zeros 19.8%
gen 32 [6/100] k=  5 c=0.927 alpha=-0.998 beta=+0.998 | loss 15.3841 size 342.5 MB zeros 72.3%
gen 32 [7/100] k=  3 c=0.857 alpha=-0.585 beta=+0.648 | loss 16.7294 size 322.2 MB zeros 90.1%
gen 32 [8/100] k=  3 c=0.907 alpha=-0.376 beta=+0.835 | loss 17.0119 size 321.5 MB zeros 91.7%
gen 32 [9/100] k= 17 c=0.996 alpha=-0.286 beta=+0.201 | loss 3.7748 size 453.2 MB zeros 24.3%
gen 32 [10/100] k=  9 c=0.753 alpha=-0.407 beta=+0.544 | loss 6.2807 size 397.6 MB zeros 40.5%
gen 32 [11/100] k= 17 c=0.974 alpha=-0.505 beta=+0.109 | loss 16.7499 size 440.3 MB zeros 31.5%
gen 32 [12/100] k=  9 c=0.966 alpha=-0.621 beta=+0.600 | loss 8.2125 size 385.2 MB zeros 49.8%
gen 32 [13/100] k= 31 c=0.959 alpha=-0.390 beta=+0.185 | loss 3.4330 size 487.0 MB zeros 24.3%
gen 32 [14/100] k=  5 c=0.919 alpha=-0.948 beta=+0.995 | loss 15.8700 size 343.4 MB zeros 71.3%
gen 32 [15/100] k= 17 c=0.943 alpha=-0.624 beta=+0.589 | loss 6.8234 size 411.2 MB zeros 47.8%
gen 32 [16/100] k= 74 c=0.995 alpha=-0.011 beta=+0.094 | loss 3.0652 size 586.1 MB zeros 6.7%
gen 32 [17/100] k=  5 c=0.988 alpha=-0.997 beta=+0.982 | loss 15.0480 size 342.1 MB zeros 72.8%
gen 32 [18/100] k=215 c=0.975 alpha=-0.086 beta=+0.079 | loss 3.0546 size 630.8 MB zeros 7.0%
gen 32 [19/100] k=  9 c=0.984 alpha=-0.370 beta=+0.510 | loss 7.9468 size 394.5 MB zeros 42.8%
gen 32 [20/100] k= 32 c=0.946 alpha=-0.224 beta=+0.316 | loss 3.3690 size 490.1 MB zeros 22.9%
gen 32 [21/100] k= 32 c=1.000 alpha=-0.042 beta=+0.034 | loss 3.2058 size 496.7 MB zeros 12.4%
gen 32 [22/100] k=  5 c=0.975 alpha=-0.995 beta=+0.328 | loss 15.3265 size 344.0 MB zeros 70.7%
gen 32 [23/100] k=  9 c=0.701 alpha=-0.363 beta=+0.232 | loss 5.4971 size 409.1 MB zeros 31.9%
gen 32 [24/100] k=  3 c=0.942 alpha=-0.261 beta=+0.427 | loss 17.1014 size 321.0 MB zeros 92.6%
gen 32 [25/100] k=  9 c=0.944 alpha=-0.227 beta=+0.440 | loss 7.2776 size 397.7 MB zeros 40.4%
gen 32 [26/100] k=  9 c=0.787 alpha=-0.487 beta=+0.581 | loss 6.5760 size 392.6 MB zeros 44.2%
gen 32 [27/100] k= 17 c=0.939 alpha=-0.453 beta=+0.502 | loss 5.0060 size 426.8 MB zeros 39.1%
gen 32 [28/100] k=  9 c=0.932 alpha=-0.858 beta=+0.168 | loss 17.9265 size 383.1 MB zeros 51.3%
gen 32 [29/100] k= 20 c=0.929 alpha=-0.421 beta=+0.571 | loss 5.2350 size 451.7 MB zeros 40.1%
gen 32 [30/100] k=  3 c=0.993 alpha=-0.497 beta=+0.463 | loss 15.8382 size 320.5 MB zeros 93.9%
gen 32 [31/100] k=  3 c=0.982 alpha=-0.396 beta=+0.332 | loss 16.2497 size 320.6 MB zeros 93.6%
gen 32 [32/100] k=  5 c=0.884 alpha=-0.999 beta=+0.992 | loss 12.8079 size 343.0 MB zeros 71.8%
gen 32 [33/100] k=  9 c=0.711 alpha=-0.256 beta=+0.385 | loss 5.5189 size 407.9 MB zeros 32.8%
gen 32 [34/100] k=  5 c=0.963 alpha=-0.995 beta=+0.998 | loss 14.1195 size 342.2 MB zeros 72.7%
gen 32 [35/100] k= 42 c=0.856 alpha=-0.158 beta=+0.100 | loss 3.1659 size 541.4 MB zeros 11.6%
gen 32 [36/100] k=215 c=0.867 alpha=-0.061 beta=+0.079 | loss 3.1013 size 630.8 MB zeros 6.0%
gen 32 [38/100] k= 17 c=0.935 alpha=-0.573 beta=+0.579 | loss 6.2586 size 414.8 MB zeros 45.8%
gen 32 [39/100] k= 17 c=0.871 alpha=-0.065 beta=+0.465 | loss 5.3467 size 444.9 MB zeros 28.9%
gen 32 [40/100] k=  8 c=0.701 alpha=-0.362 beta=+0.232 | loss 7.9035 size 399.1 MB zeros 39.4%
gen 32 [41/100] k= 32 c=0.781 alpha=-0.448 beta=+0.011 | loss 3.5619 size 489.8 MB zeros 23.1%
gen 32 [42/100] k= 72 c=0.749 alpha=-0.013 beta=+0.114 | loss 3.2237 size 586.1 MB zeros 6.9%
gen 32 [43/100] k= 24 c=0.939 alpha=-0.115 beta=+0.386 | loss 3.5393 size 488.0 MB zeros 23.9%
gen 32 [44/100] k=229 c=0.981 alpha=-0.996 beta=+0.102 | loss 17.8817 size 535.4 MB zeros 39.2%
gen 32 [45/100] k= 86 c=0.995 alpha=-0.376 beta=+0.230 | loss 3.4113 size 552.0 MB zeros 25.2%
gen 32 [46/100] k=  5 c=0.780 alpha=-0.987 beta=+0.995 | loss 10.7434 size 343.8 MB zeros 70.9%
gen 32 [47/100] k=  5 c=0.784 alpha=-0.998 beta=+0.988 | loss 11.0980 size 343.7 MB zeros 71.0%
gen 32 [48/100] k= 28 c=0.936 alpha=-0.376 beta=+0.205 | loss 3.5104 size 486.2 MB zeros 24.7%
gen 32 [49/100] k= 13 c=0.972 alpha=-0.585 beta=+0.996 | loss 15.6631 size 392.3 MB zeros 58.3%
gen 32 [50/100] k=  9 c=0.761 alpha=-0.429 beta=+0.212 | loss 5.7385 size 404.6 MB zeros 35.3%
gen 32 [51/100] k= 16 c=0.992 alpha=-0.223 beta=+0.204 | loss 3.9090 size 448.6 MB zeros 25.3%
gen 32 [52/100] k= 17 c=0.978 alpha=-0.385 beta=+0.474 | loss 4.5675 size 432.7 MB zeros 35.8%
gen 32 [53/100] k= 16 c=0.937 alpha=-0.452 beta=+0.342 | loss 4.2566 size 436.2 MB zeros 33.8%
gen 32 [54/100] k=255 c=0.983 alpha=-0.107 beta=+0.127 | loss 3.0700 size 630.8 MB zeros 9.9%
gen 32 [55/100] k= 17 c=0.939 alpha=-0.058 beta=+0.073 | loss 3.5430 size 458.7 MB zeros 21.2%
gen 32 [56/100] k=  9 c=0.805 alpha=-0.909 beta=+0.913 | loss 11.4344 size 363.7 MB zeros 65.8%
gen 32 [57/100] k=  9 c=0.922 alpha=-0.585 beta=+0.623 | loss 7.2820 size 386.0 MB zeros 49.2%
gen 32 [58/100] k= 23 c=0.994 alpha=-0.585 beta=+0.600 | loss 6.3807 size 436.8 MB zeros 46.8%
gen 32 [59/100] k=  3 c=0.865 alpha=-0.495 beta=+0.463 | loss 16.7977 size 322.1 MB zeros 90.3%
gen 32 [60/100] k= 16 c=0.936 alpha=-0.431 beta=+0.395 | loss 4.3124 size 434.3 MB zeros 34.9%
gen 32 [61/100] k=  3 c=0.970 alpha=-0.464 beta=+0.482 | loss 15.4836 size 320.7 MB zeros 93.3%
gen 32 [62/100] k= 16 c=0.935 alpha=-0.440 beta=+0.405 | loss 4.4819 size 433.2 MB zeros 35.5%
gen 32 [63/100] k= 17 c=0.941 alpha=-0.092 beta=+0.182 | loss 3.5393 size 458.6 MB zeros 21.3%
gen 32 [64/100] k=  9 c=0.976 alpha=-0.585 beta=+0.638 | loss 9.2425 size 385.0 MB zeros 49.9%
gen 32 [65/100] k=  9 c=0.871 alpha=-0.286 beta=+0.145 | loss 6.4402 size 402.2 MB zeros 37.1%
gen 32 [66/100] k= 81 c=0.969 alpha=-0.028 beta=+0.164 | loss 3.0850 size 586.1 MB zeros 9.3%
gen 32 [67/100] k=  5 c=0.963 alpha=-0.998 beta=+0.998 | loss 14.2287 size 342.1 MB zeros 72.7%
gen 32 [68/100] k= 50 c=0.989 alpha=-0.146 beta=+0.099 | loss 3.1260 size 541.4 MB zeros 11.0%
gen 32 [69/100] k= 33 c=0.747 alpha=-0.221 beta=+0.147 | loss 3.4449 size 505.8 MB zeros 15.9%
gen 32 [70/100] k= 17 c=0.981 alpha=-0.049 beta=+0.453 | loss 3.9616 size 443.4 MB zeros 29.8%
gen 32 [71/100] k= 33 c=0.885 alpha=-0.252 beta=+0.985 | loss 15.4283 size 440.1 MB zeros 45.3%
gen 32 [72/100] k=  9 c=0.767 alpha=-0.441 beta=+0.546 | loss 6.6302 size 396.1 MB zeros 41.6%
gen 32 [73/100] k= 17 c=0.996 alpha=-0.417 beta=+0.835 | loss 15.5766 size 410.3 MB zeros 48.3%
gen 32 [74/100] k= 31 c=0.943 alpha=-0.620 beta=+0.589 | loss 6.4267 size 435.2 MB zeros 47.5%
gen 32 [75/100] k= 17 c=0.965 alpha=-0.145 beta=+0.373 | loss 3.7525 size 448.8 MB zeros 26.8%
gen 32 [76/100] k= 16 c=0.941 alpha=-0.106 beta=+0.421 | loss 3.9950 size 443.4 MB zeros 29.8%
gen 32 [77/100] k= 17 c=0.941 alpha=-0.105 beta=+0.725 | loss 15.5551 size 428.2 MB zeros 38.3%
gen 32 [78/100] k= 13 c=0.914 alpha=-0.585 beta=+0.411 | loss 6.3649 size 423.4 MB zeros 40.9%
gen 32 [79/100] k= 17 c=0.976 alpha=-0.425 beta=+0.327 | loss 4.1322 size 439.4 MB zeros 32.0%
gen 32 [80/100] k= 17 c=0.871 alpha=-0.286 beta=+0.112 | loss 3.6451 size 456.3 MB zeros 22.6%
gen 32 [81/100] k= 17 c=0.995 alpha=-0.915 beta=+0.841 | loss 10.1814 size 382.4 MB zeros 63.8%
gen 32 [82/100] k= 43 c=0.972 alpha=-0.237 beta=+0.206 | loss 3.2680 size 535.5 MB zeros 18.8%
gen 32 [83/100] k=  5 c=0.963 alpha=-1.000 beta=+0.998 | loss 14.5049 size 342.1 MB zeros 72.7%
gen 32 [84/100] k= 13 c=0.974 alpha=-0.970 beta=+0.871 | loss 12.1280 size 378.5 MB zeros 66.1%
gen 32 [85/100] k= 15 c=0.987 alpha=-0.970 beta=+0.873 | loss 9.5887 size 378.5 MB zeros 66.1%
gen 32 [86/100] k=  3 c=0.976 alpha=-0.420 beta=+0.436 | loss 15.5610 size 320.7 MB zeros 93.5%
gen 32 [87/100] k=  9 c=0.859 alpha=-0.269 beta=+0.508 | loss 6.5900 size 398.4 MB zeros 39.9%
gen 32 [88/100] k= 58 c=0.969 alpha=-0.277 beta=+0.087 | loss 3.1555 size 541.2 MB zeros 15.6%
gen 32 [89/100] k=  5 c=0.920 alpha=-0.585 beta=+0.701 | loss 15.6732 size 348.1 MB zeros 66.0%
gen 32 [90/100] k=  9 c=0.943 alpha=-0.023 beta=+0.568 | loss 7.1741 size 393.6 MB zeros 43.5%
gen 32 [91/100] k=  9 c=0.977 alpha=-0.370 beta=+0.524 | loss 8.2395 size 394.2 MB zeros 43.0%
gen 32 [92/100] k=  7 c=0.929 alpha=-0.431 beta=+0.499 | loss 11.0918 size 385.3 MB zeros 49.6%
gen 32 [93/100] k=  5 c=0.774 alpha=-0.096 beta=+0.999 | loss 15.0448 size 349.1 MB zeros 64.9%
gen 32 [94/100] k=  3 c=0.984 alpha=-0.050 beta=+0.812 | loss 16.1094 size 320.6 MB zeros 93.7%
gen 32 [95/100] k=  3 c=0.975 alpha=-0.221 beta=+0.127 | loss 15.5402 size 320.7 MB zeros 93.5%
gen 32 [96/100] k=  9 c=0.734 alpha=-0.441 beta=+0.185 | loss 5.8105 size 405.0 MB zeros 35.0%
gen 32 [97/100] k=  4 c=0.922 alpha=-0.992 beta=+0.730 | loss 17.0065 size 324.8 MB zeros 92.1%
gen 32 [98/100] k= 17 c=0.869 alpha=-0.286 beta=+0.414 | loss 3.9931 size 443.2 MB zeros 29.9%
gen 32 [99/100] k=  8 c=0.970 alpha=-0.132 beta=+0.378 | loss 12.0010 size 383.1 MB zeros 51.3%
gen 32 [100/100] k= 17 c=0.950 alpha=-0.105 beta=+0.208 | loss 3.5577 size 458.0 MB zeros 21.6%
=== generation 32/50 done in 161s (1 from cache), Pareto front has 100 points, best loss 3.0523, smallest 320.4 MB
gen 33 [1/100] k=  9 c=0.943 alpha=-0.618 beta=+0.814 | loss 14.9698 size 377.4 MB zeros 55.6%
gen 33 [2/100] k=215 c=0.985 alpha=-0.255 beta=+0.079 | loss 3.1191 size 625.3 MB zeros 14.0%
gen 33 [3/100] k= 41 c=0.933 alpha=-0.007 beta=+0.373 | loss 3.3838 size 533.1 MB zeros 19.8%
gen 33 [4/100] k=  5 c=0.979 alpha=-0.995 beta=+0.075 | loss 15.0152 size 343.9 MB zeros 70.8%
gen 33 [5/100] k= 17 c=0.939 alpha=-0.092 beta=+0.651 | loss 15.5162 size 432.3 MB zeros 36.0%
gen 33 [6/100] k= 12 c=0.968 alpha=-0.998 beta=+0.984 | loss 11.1721 size 372.2 MB zeros 69.6%
gen 33 [7/100] k=  5 c=0.757 alpha=-0.256 beta=+0.522 | loss 13.3575 size 355.6 MB zeros 57.7%
gen 33 [8/100] k=  3 c=0.996 alpha=-0.376 beta=+0.074 | loss 15.9932 size 320.4 MB zeros 94.0%
gen 33 [9/100] k=  5 c=0.786 alpha=-0.987 beta=+0.999 | loss 10.6923 size 343.7 MB zeros 71.0%
gen 33 [10/100] k=  5 c=0.885 alpha=-0.990 beta=+0.647 | loss 17.5013 size 346.4 MB zeros 68.0%
gen 33 [11/100] k=  5 c=0.794 alpha=-0.981 beta=+0.978 | loss 12.0982 size 344.1 MB zeros 70.5%
gen 33 [12/100] k=  5 c=0.963 alpha=-0.946 beta=+0.979 | loss 14.5269 size 343.1 MB zeros 71.7%
gen 33 [13/100] k= 16 c=0.936 alpha=-0.400 beta=+0.395 | loss 4.2283 size 436.2 MB zeros 33.8%
gen 33 [14/100] k=  3 c=0.996 alpha=-0.388 beta=+0.026 | loss 15.9853 size 320.4 MB zeros 94.0%
gen 33 [15/100] k= 17 c=0.857 alpha=-0.417 beta=+0.112 | loss 3.8474 size 448.2 MB zeros 27.1%
gen 33 [16/100] k=  9 c=0.996 alpha=-0.975 beta=+0.830 | loss 16.7892 size 364.0 MB zeros 65.5%
gen 33 [17/100] k=  9 c=0.940 alpha=-0.128 beta=+0.319 | loss 7.0750 size 398.8 MB zeros 39.6%
gen 33 [18/100] k= 32 c=0.941 alpha=-0.073 beta=+0.440 | loss 3.5103 size 488.2 MB zeros 23.8%
gen 33 [19/100] k=  8 c=0.970 alpha=-0.128 beta=+0.374 | loss 11.9390 size 383.1 MB zeros 51.3%
gen 33 [20/100] k= 83 c=0.995 alpha=-0.879 beta=+0.162 | loss 17.8894 size 509.3 MB zeros 38.8%
gen 33 [21/100] k= 16 c=0.774 alpha=-0.451 beta=+0.546 | loss 5.6656 size 424.3 MB zeros 40.4%
gen 33 [22/100] k= 16 c=0.861 alpha=-0.461 beta=+0.504 | loss 5.0799 size 426.1 MB zeros 39.5%
gen 33 [23/100] k= 13 c=0.959 alpha=-0.327 beta=+0.444 | loss 4.6168 size 435.9 MB zeros 34.0%
gen 33 [24/100] k= 17 c=0.971 alpha=-0.430 beta=+0.490 | loss 4.9048 size 428.9 MB zeros 37.9%
gen 33 [25/100] k=  9 c=0.952 alpha=-0.909 beta=+0.839 | loss 10.3676 size 365.9 MB zeros 64.1%
gen 33 [26/100] k= 41 c=0.975 alpha=-0.106 beta=+0.204 | loss 3.1590 size 541.4 MB zeros 13.8%
gen 33 [27/100] k= 72 c=0.780 alpha=-0.497 beta=+0.096 | loss 17.9570 size 555.2 MB zeros 24.2%
gen 33 [28/100] k=254 c=0.991 alpha=-0.999 beta=+0.102 | loss 17.8644 size 535.2 MB zeros 39.2%
gen 33 [29/100] k=  3 c=0.993 alpha=-0.465 beta=+0.463 | loss 15.8382 size 320.5 MB zeros 93.9%
gen 33 [30/100] k=  5 c=0.883 alpha=-0.969 beta=+0.870 | loss 13.3075 size 345.4 MB zeros 69.1%
gen 33 [31/100] k= 11 c=0.986 alpha=-0.002 beta=+0.026 | loss 5.4661 size 435.8 MB zeros 34.0%
gen 33 [32/100] k= 22 c=0.997 alpha=-0.509 beta=+0.484 | loss 5.1656 size 451.5 MB zeros 40.2%
gen 33 [33/100] k= 16 c=0.941 alpha=-0.436 beta=+0.458 | loss 4.7401 size 430.1 MB zeros 37.2%
gen 33 [34/100] k=  9 c=0.753 alpha=-0.429 beta=+0.319 | loss 5.8013 size 404.7 MB zeros 35.2%
gen 33 [35/100] k= 10 c=0.928 alpha=-0.990 beta=+0.954 | loss 12.9055 size 373.4 MB zeros 68.9%
gen 33 [36/100] k=  3 c=0.963 alpha=-1.000 beta=+0.998 | loss 15.9348 size 320.8 MB zeros 93.2%
gen 33 [37/100] k=  5 c=0.972 alpha=-0.941 beta=+0.505 | loss 15.6478 size 344.8 MB zeros 69.8%
gen 33 [38/100] k=  3 c=0.935 alpha=-0.422 beta=+0.490 | loss 17.1382 size 321.1 MB zeros 92.4%
gen 33 [39/100] k= 33 c=0.975 alpha=-0.376 beta=+0.835 | loss 15.2880 size 437.9 MB zeros 46.3%
gen 33 [40/100] k=  5 c=0.784 alpha=-0.909 beta=+0.998 | loss 12.0985 size 345.1 MB zeros 69.4%
gen 33 [41/100] k= 32 c=0.948 alpha=-0.458 beta=+0.008 | loss 3.5176 size 486.7 MB zeros 24.5%
gen 33 [42/100] k= 17 c=0.983 alpha=-0.522 beta=+0.580 | loss 6.1963 size 417.7 MB zeros 44.1%
gen 33 [43/100] k=  9 c=0.943 alpha=-0.452 beta=+0.589 | loss 7.5672 size 391.7 MB zeros 44.9%
gen 33 [44/100] k= 42 c=0.941 alpha=-0.092 beta=+0.229 | loss 3.1697 size 541.3 MB zeros 14.4%
gen 33 [45/100] k= 34 c=0.981 alpha=-0.431 beta=+0.484 | loss 4.3743 size 486.4 MB zeros 37.1%
gen 33 [46/100] k=  5 c=0.784 alpha=-0.990 beta=+0.645 | loss 17.8611 size 348.9 MB zeros 65.2%
gen 33 [47/100] k=  3 c=0.969 alpha=-0.053 beta=+0.051 | loss 15.4560 size 320.7 MB zeros 93.3%
gen 33 [48/100] k=  9 c=0.934 alpha=-0.734 beta=+0.596 | loss 13.4015 size 381.2 MB zeros 52.7%
gen 33 [49/100] k= 17 c=0.872 alpha=-0.064 beta=+0.201 | loss 3.5767 size 460.7 MB zeros 20.1%
gen 33 [50/100] k= 18 c=0.976 alpha=-0.150 beta=+0.099 | loss 3.6362 size 491.1 MB zeros 22.0%
gen 33 [51/100] k=  3 c=0.970 alpha=-0.465 beta=+0.958 | loss 15.4056 size 320.7 MB zeros 93.3%
gen 33 [52/100] k=  9 c=0.978 alpha=-0.585 beta=+0.170 | loss 7.6756 size 392.0 MB zeros 44.7%
gen 33 [53/100] k= 33 c=0.788 alpha=-0.224 beta=+0.578 | loss 15.1580 size 468.9 MB zeros 32.4%
gen 33 [54/100] k=  7 c=0.711 alpha=-0.370 beta=+0.385 | loss 9.1628 size 398.3 MB zeros 39.9%
gen 33 [55/100] k=254 c=0.983 alpha=-0.107 beta=+0.864 | loss 15.4433 size 546.5 MB zeros 36.1%
gen 33 [57/100] k=  5 c=0.920 alpha=-0.593 beta=+0.999 | loss 14.5235 size 345.4 MB zeros 69.1%
gen 33 [58/100] k=  9 c=0.711 alpha=-0.244 beta=+0.199 | loss 5.3800 size 410.3 MB zeros 31.0%
gen 33 [59/100] k=  9 c=0.787 alpha=-0.531 beta=+0.584 | loss 6.7474 size 390.7 MB zeros 45.7%
gen 33 [60/100] k= 16 c=0.937 alpha=-0.430 beta=+0.342 | loss 4.1770 size 437.6 MB zeros 33.0%
gen 33 [61/100] k= 32 c=0.944 alpha=-0.118 beta=+0.914 | loss 15.4149 size 454.4 MB zeros 38.9%
gen 33 [62/100] k= 32 c=0.974 alpha=-0.376 beta=+0.444 | loss 3.8704 size 466.1 MB zeros 33.6%
gen 33 [63/100] k= 15 c=0.860 alpha=-0.970 beta=+0.873 | loss 11.3903 size 378.5 MB zeros 66.0%
gen 33 [64/100] k= 16 c=0.721 alpha=-0.451 beta=+0.484 | loss 5.3262 size 428.4 MB zeros 38.2%
gen 33 [65/100] k= 58 c=0.968 alpha=-0.215 beta=+0.096 | loss 3.1206 size 541.4 MB zeros 13.4%
gen 33 [66/100] k= 19 c=0.784 alpha=-0.459 beta=+0.581 | loss 5.1656 size 448.1 MB zeros 41.7%
gen 33 [67/100] k=  9 c=0.952 alpha=-0.081 beta=+0.838 | loss 15.1155 size 383.3 MB zeros 51.2%
gen 33 [68/100] k=  9 c=0.762 alpha=-0.429 beta=+0.302 | loss 5.7148 size 404.5 MB zeros 35.3%
gen 33 [69/100] k= 10 c=0.930 alpha=-0.385 beta=+0.342 | loss 7.2928 size 426.3 MB zeros 39.3%
gen 33 [70/100] k=  9 c=0.937 alpha=-0.583 beta=+0.576 | loss 6.8331 size 387.8 MB zeros 47.8%
gen 33 [71/100] k= 21 c=0.976 alpha=-0.486 beta=+0.042 | loss 8.9525 size 477.3 MB zeros 28.7%
gen 33 [72/100] k= 16 c=0.988 alpha=-0.992 beta=+0.996 | loss 10.2267 size 372.1 MB zeros 69.6%
gen 33 [73/100] k= 14 c=0.862 alpha=-0.970 beta=+0.872 | loss 9.6771 size 378.5 MB zeros 66.0%
gen 33 [74/100] k= 17 c=0.950 alpha=-0.146 beta=+0.104 | loss 3.5731 size 458.2 MB zeros 21.5%
gen 33 [75/100] k=  9 c=0.970 alpha=-0.013 beta=+0.607 | loss 9.8834 size 391.4 MB zeros 45.1%
gen 33 [76/100] k=  5 c=0.983 alpha=-0.043 beta=+0.998 | loss 15.1759 size 343.8 MB zeros 70.9%
gen 33 [77/100] k=  3 c=0.972 alpha=-0.497 beta=+0.107 | loss 15.6865 size 320.7 MB zeros 93.4%
gen 33 [78/100] k= 14 c=0.856 alpha=-0.965 beta=+0.999 | loss 11.9141 size 373.2 MB zeros 69.0%
gen 33 [79/100] k=  3 c=0.922 alpha=-0.585 beta=+0.623 | loss 16.9801 size 321.3 MB zeros 92.1%
gen 33 [80/100] k=213 c=0.971 alpha=-0.450 beta=+0.502 | loss 4.4526 size 537.9 MB zeros 38.5%
gen 33 [81/100] k= 83 c=0.969 alpha=-0.050 beta=+0.162 | loss 3.0842 size 586.1 MB zeros 9.3%
gen 33 [82/100] k= 21 c=0.933 alpha=-0.103 beta=+0.427 | loss 3.6469 size 482.9 MB zeros 26.1%
gen 33 [83/100] k=  9 c=0.915 alpha=-0.558 beta=+0.648 | loss 8.0027 size 386.1 MB zeros 49.1%
gen 33 [84/100] k=  5 c=0.986 alpha=-0.584 beta=+0.608 | loss 16.0064 size 345.5 MB zeros 69.0%
gen 33 [85/100] k=  5 c=0.784 alpha=-0.992 beta=+0.999 | loss 10.5758 size 343.6 MB zeros 71.1%
gen 33 [86/100] k= 16 c=0.938 alpha=-0.494 beta=+0.986 | loss 15.5431 size 398.5 MB zeros 54.9%
gen 33 [87/100] k= 17 c=0.998 alpha=-0.398 beta=+0.843 | loss 15.5718 size 411.1 MB zeros 47.8%
gen 33 [88/100] k= 32 c=0.999 alpha=-0.331 beta=+0.094 | loss 3.3285 size 495.2 MB zeros 20.0%
gen 33 [89/100] k=  5 c=0.977 alpha=-0.992 beta=+0.995 | loss 14.5642 size 342.1 MB zeros 72.8%
gen 33 [90/100] k= 14 c=0.807 alpha=-0.017 beta=+0.576 | loss 15.2517 size 434.0 MB zeros 35.0%
gen 33 [91/100] k=  9 c=0.757 alpha=-0.370 beta=+0.537 | loss 6.0634 size 399.1 MB zeros 39.4%
gen 33 [92/100] k= 13 c=0.877 alpha=-0.585 beta=+0.659 | loss 7.9577 size 409.0 MB zeros 49.0%
gen 33 [93/100] k=  9 c=0.711 alpha=-0.616 beta=+0.041 | loss 17.9445 size 398.2 MB zeros 40.0%
gen 33 [94/100] k=  9 c=0.952 alpha=-0.694 beta=+0.609 | loss 9.5058 size 382.1 MB zeros 52.1%
gen 33 [95/100] k=  7 c=0.703 alpha=-0.390 beta=+0.185 | loss 8.8668 size 398.8 MB zeros 39.6%
gen 33 [96/100] k=  7 c=0.903 alpha=-0.569 beta=+0.948 | loss 14.9727 size 372.4 MB zeros 59.2%
gen 33 [97/100] k= 44 c=0.934 alpha=-0.830 beta=+0.821 | loss 9.4389 size 422.5 MB zeros 61.0%
gen 33 [98/100] k=  5 c=0.949 alpha=-1.000 beta=+0.998 | loss 15.9779 size 342.3 MB zeros 72.6%
gen 33 [99/100] k=  5 c=0.784 alpha=-0.995 beta=+0.997 | loss 10.5271 size 343.6 MB zeros 71.1%
gen 33 [100/100] k=  5 c=0.979 alpha=-0.987 beta=+0.999 | loss 14.4966 size 342.1 MB zeros 72.8%
=== generation 33/50 done in 161s (1 from cache), Pareto front has 100 points, best loss 3.0523, smallest 320.4 MB
gen 34 [1/100] k= 17 c=0.879 alpha=-0.970 beta=+0.386 | loss 17.8623 size 406.4 MB zeros 50.4%
gen 34 [2/100] k= 17 c=0.935 alpha=-0.248 beta=+0.547 | loss 15.6710 size 436.6 MB zeros 33.5%
gen 34 [3/100] k=  6 c=0.950 alpha=-0.916 beta=+0.124 | loss 15.2483 size 359.7 MB zeros 68.8%
gen 34 [4/100] k= 41 c=0.945 alpha=-0.214 beta=+0.310 | loss 3.3532 size 526.8 MB zeros 22.1%
gen 34 [5/100] k=  5 c=0.981 alpha=-0.991 beta=+0.313 | loss 15.3404 size 343.9 MB zeros 70.8%
gen 34 [6/100] k= 21 c=0.932 alpha=-0.583 beta=+0.576 | loss 5.9030 size 438.8 MB zeros 45.9%
gen 34 [7/100] k= 16 c=0.711 alpha=-0.249 beta=+0.065 | loss 4.0043 size 451.7 MB zeros 20.5%
gen 34 [8/100] k= 19 c=0.938 alpha=-0.909 beta=+0.838 | loss 10.0088 size 399.2 MB zeros 63.6%
gen 34 [9/100] k= 58 c=0.967 alpha=-0.539 beta=+0.614 | loss 6.4435 size 464.0 MB zeros 45.5%
gen 34 [10/100] k=  9 c=0.951 alpha=-0.584 beta=+0.609 | loss 7.8519 size 386.3 MB zeros 48.9%
gen 34 [11/100] k= 32 c=0.960 alpha=-0.230 beta=+0.603 | loss 15.2168 size 466.2 MB zeros 33.6%
gen 34 [12/100] k=208 c=0.988 alpha=-0.978 beta=+0.095 | loss 17.9075 size 538.0 MB zeros 38.5%
gen 34 [13/100] k=  3 c=0.959 alpha=-0.909 beta=+0.887 | loss 16.0693 size 320.8 MB zeros 93.1%
gen 34 [14/100] k=  9 c=0.972 alpha=-0.237 beta=+0.379 | loss 7.5159 size 397.3 MB zeros 40.7%
gen 34 [15/100] k=  9 c=0.767 alpha=-0.429 beta=+0.319 | loss 5.7393 size 404.3 MB zeros 35.5%
gen 34 [16/100] k= 31 c=0.972 alpha=-0.375 beta=+0.094 | loss 3.3544 size 493.2 MB zeros 21.5%
gen 34 [17/100] k= 17 c=0.870 alpha=-0.048 beta=+0.151 | loss 3.5796 size 461.3 MB zeros 19.8%
gen 34 [18/100] k=  5 c=0.886 alpha=-0.995 beta=+0.991 | loss 13.3825 size 343.0 MB zeros 71.7%
gen 34 [19/100] k=254 c=0.759 alpha=-0.107 beta=+0.518 | loss 15.3141 size 585.1 MB zeros 25.3%
gen 34 [20/100] k= 17 c=0.986 alpha=-0.529 beta=+0.484 | loss 5.3817 size 423.1 MB zeros 41.1%
gen 34 [21/100] k= 17 c=0.726 alpha=-0.350 beta=+0.421 | loss 4.6121 size 439.3 MB zeros 32.1%
gen 34 [22/100] k= 17 c=0.934 alpha=-0.347 beta=+0.455 | loss 4.5217 size 436.4 MB zeros 33.7%
gen 34 [23/100] k= 17 c=0.944 alpha=-0.963 beta=+0.948 | loss 11.0787 size 375.4 MB zeros 67.8%
gen 34 [24/100] k=  5 c=0.964 alpha=-0.998 beta=+0.484 | loss 16.1443 size 344.2 MB zeros 70.4%
gen 34 [25/100] k= 31 c=0.959 alpha=-0.328 beta=+0.094 | loss 3.2718 size 495.5 MB zeros 19.7%
gen 34 [26/100] k=  6 c=0.884 alpha=-0.995 beta=+0.999 | loss 12.6981 size 355.5 MB zeros 71.9%
gen 34 [27/100] k= 41 c=0.944 alpha=-0.023 beta=+0.010 | loss 3.1120 size 541.4 MB zeros 8.8%
gen 34 [28/100] k=  5 c=0.979 alpha=-0.594 beta=+0.635 | loss 15.7489 size 345.8 MB zeros 68.7%
gen 34 [29/100] k= 31 c=0.986 alpha=-0.422 beta=+0.432 | loss 4.0500 size 463.2 MB zeros 35.0%
gen 34 [30/100] k= 17 c=0.946 alpha=-0.101 beta=+0.589 | loss 15.4496 size 435.8 MB zeros 34.0%
gen 34 [31/100] k= 85 c=0.968 alpha=-0.200 beta=+0.096 | loss 3.1169 size 586.1 MB zeros 12.6%
gen 34 [32/100] k= 31 c=0.708 alpha=-0.244 beta=+0.201 | loss 3.8088 size 496.5 MB zeros 19.0%
gen 34 [33/100] k= 72 c=0.951 alpha=-0.013 beta=+0.650 | loss 15.3944 size 543.9 MB zeros 27.8%
gen 34 [34/100] k= 17 c=0.869 alpha=-0.288 beta=+0.414 | loss 4.0064 size 443.1 MB zeros 29.9%
gen 34 [35/100] k=216 c=0.887 alpha=-0.044 beta=+0.079 | loss 3.0858 size 630.8 MB zeros 5.3%
gen 34 [36/100] k=254 c=0.977 alpha=-0.105 beta=+0.102 | loss 3.0627 size 630.8 MB zeros 8.8%
gen 34 [37/100] k=  9 c=0.778 alpha=-0.567 beta=+0.615 | loss 7.2798 size 388.0 MB zeros 47.7%
gen 34 [38/100] k= 15 c=0.975 alpha=-0.992 beta=+0.997 | loss 10.8389 size 372.1 MB zeros 69.6%
gen 34 [39/100] k=  9 c=0.785 alpha=-0.407 beta=+0.414 | loss 6.1845 size 402.4 MB zeros 36.9%
gen 34 [40/100] k= 33 c=0.946 alpha=-0.217 beta=+0.398 | loss 3.4774 size 483.8 MB zeros 25.8%
gen 34 [41/100] k= 10 c=0.952 alpha=-0.906 beta=+0.838 | loss 10.2954 size 382.1 MB zeros 64.0%
gen 34 [42/100] k= 16 c=0.904 alpha=-0.430 beta=+0.425 | loss 4.7543 size 432.7 MB zeros 35.8%
gen 34 [43/100] k= 16 c=0.939 alpha=-0.496 beta=+0.502 | loss 5.1622 size 423.7 MB zeros 40.8%
gen 34 [44/100] k=  3 c=0.930 alpha=-0.021 beta=+0.859 | loss 17.0231 size 321.2 MB zeros 92.3%
gen 34 [45/100] k=  9 c=0.783 alpha=-0.458 beta=+0.484 | loss 6.3114 size 397.9 MB zeros 40.3%
gen 34 [46/100] k= 72 c=0.969 alpha=-0.091 beta=+0.953 | loss 15.4647 size 512.4 MB zeros 37.8%
gen 34 [47/100] k= 58 c=0.969 alpha=-0.224 beta=+0.130 | loss 3.1464 size 541.3 MB zeros 15.1%
gen 34 [48/100] k=  3 c=0.977 alpha=-0.343 beta=+0.997 | loss 15.7635 size 320.7 MB zeros 93.5%
gen 34 [49/100] k= 20 c=0.937 alpha=-0.585 beta=+0.648 | loss 7.6382 size 433.2 MB zeros 48.4%
gen 34 [50/100] k= 17 c=0.933 alpha=-0.027 beta=+0.453 | loss 3.9437 size 444.3 MB zeros 29.2%
gen 34 [51/100] k= 12 c=0.969 alpha=-0.033 beta=+0.120 | loss 5.2867 size 436.7 MB zeros 33.5%
gen 34 [52/100] k=  9 c=0.860 alpha=-0.695 beta=+0.578 | loss 9.2986 size 383.8 MB zeros 50.8%
gen 34 [53/100] k=  4 c=0.920 alpha=-0.446 beta=+0.647 | loss 17.0162 size 324.9 MB zeros 92.0%
gen 34 [54/100] k=  4 c=0.986 alpha=-0.065 beta=+0.966 | loss 16.1027 size 323.4 MB zeros 93.7%
gen 34 [55/100] k=  9 c=0.963 alpha=-0.995 beta=+0.992 | loss 13.5315 size 358.2 MB zeros 69.9%
gen 34 [56/100] k= 32 c=0.906 alpha=-0.571 beta=+0.597 | loss 6.1832 size 438.3 MB zeros 46.1%
gen 34 [57/100] k=  9 c=0.762 alpha=-0.354 beta=+0.566 | loss 15.2205 size 398.2 MB zeros 40.1%
gen 34 [58/100] k=  3 c=0.996 alpha=-0.380 beta=+0.026 | loss 15.9853 size 320.4 MB zeros 94.0%
gen 34 [59/100] k= 15 c=0.959 alpha=-0.326 beta=+0.101 | loss 3.9226 size 448.0 MB zeros 26.8%
gen 34 [60/100] k= 83 c=0.988 alpha=-0.289 beta=+0.406 | loss 3.5356 size 541.0 MB zeros 28.7%
gen 34 [61/100] k= 10 c=0.932 alpha=-0.829 beta=+0.826 | loss 10.1589 size 386.2 MB zeros 61.7%
gen 34 [62/100] k=  9 c=0.980 alpha=-0.351 beta=+0.068 | loss 7.9247 size 396.9 MB zeros 41.0%
gen 34 [64/100] k=  9 c=0.936 alpha=-0.101 beta=+0.204 | loss 7.1778 size 399.0 MB zeros 39.4%
gen 34 [65/100] k=  9 c=0.872 alpha=-0.768 beta=+0.821 | loss 9.9030 size 371.7 MB zeros 59.8%
gen 34 [66/100] k=  7 c=0.779 alpha=-0.047 beta=+0.317 | loss 8.3625 size 394.2 MB zeros 43.0%
gen 34 [67/100] k=  8 c=0.757 alpha=-0.370 beta=+1.000 | loss 15.2779 size 376.6 MB zeros 56.1%
gen 34 [68/100] k= 33 c=0.971 alpha=-0.222 beta=+0.420 | loss 3.4962 size 481.5 MB zeros 26.8%
gen 34 [69/100] k=  9 c=0.906 alpha=-0.585 beta=+0.590 | loss 6.9375 size 387.4 MB zeros 48.1%
gen 34 [70/100] k=  9 c=0.976 alpha=-0.981 beta=+0.994 | loss 12.2295 size 358.5 MB zeros 69.6%
gen 34 [71/100] k= 31 c=0.948 alpha=-0.398 beta=+0.395 | loss 3.8117 size 468.4 MB zeros 32.6%
gen 34 [72/100] k=  9 c=0.859 alpha=-0.530 beta=+0.170 | loss 6.3352 size 397.6 MB zeros 40.5%
gen 34 [73/100] k= 56 c=0.995 alpha=-0.050 beta=+0.151 | loss 3.1178 size 541.4 MB zeros 10.0%
gen 34 [74/100] k=  9 c=0.759 alpha=-0.370 beta=+0.527 | loss 6.0174 size 399.5 MB zeros 39.1%
gen 34 [75/100] k=  9 c=0.920 alpha=-0.585 beta=+0.094 | loss 7.1494 size 393.6 MB zeros 43.5%
gen 34 [76/100] k= 16 c=0.937 alpha=-0.473 beta=+0.342 | loss 4.3695 size 434.9 MB zeros 34.5%
gen 34 [77/100] k= 17 c=0.988 alpha=-0.304 beta=+0.201 | loss 3.7560 size 452.4 MB zeros 24.7%
gen 34 [78/100] k= 58 c=0.970 alpha=-0.060 beta=+0.096 | loss 3.0820 size 541.4 MB zeros 7.6%
gen 34 [79/100] k=  9 c=0.911 alpha=-0.447 beta=+0.319 | loss 6.6915 size 398.8 MB zeros 39.6%
gen 34 [80/100] k=  5 c=0.987 alpha=-0.970 beta=+0.868 | loss 15.4702 size 343.6 MB zeros 71.1%
gen 34 [81/100] k=  5 c=0.766 alpha=-1.000 beta=+0.998 | loss 11.0893 size 343.6 MB zeros 71.1%
gen 34 [82/100] k=  9 c=0.781 alpha=-0.445 beta=+0.577 | loss 6.3693 size 394.5 MB zeros 42.8%
gen 34 [83/100] k=  3 c=0.996 alpha=-0.395 beta=+0.026 | loss 15.9853 size 320.4 MB zeros 94.0%
gen 34 [84/100] k= 13 c=0.952 alpha=-0.697 beta=+0.610 | loss 7.8987 size 405.3 MB zeros 51.1%
gen 34 [85/100] k=  9 c=0.732 alpha=-0.359 beta=+0.484 | loss 6.0405 size 402.1 MB zeros 37.1%
gen 34 [86/100] k=  5 c=0.988 alpha=-0.960 beta=+0.962 | loss 15.4610 size 342.8 MB zeros 72.0%
gen 34 [87/100] k=  3 c=0.997 alpha=-0.509 beta=+0.567 | loss 16.0041 size 320.4 MB zeros 94.0%
gen 34 [88/100] k=  9 c=0.976 alpha=-0.585 beta=+0.639 | loss 9.3726 size 384.9 MB zeros 49.9%
gen 34 [89/100] k=  9 c=0.790 alpha=-0.585 beta=+0.997 | loss 15.5930 size 373.2 MB zeros 58.6%
gen 34 [90/100] k= 25 c=0.906 alpha=-0.389 beta=+0.415 | loss 4.0787 size 467.2 MB zeros 33.2%
gen 34 [91/100] k=  5 c=0.964 alpha=-0.998 beta=+0.995 | loss 14.1674 size 342.2 MB zeros 72.7%
gen 34 [92/100] k=  4 c=0.700 alpha=-0.250 beta=+0.385 | loss 16.5716 size 332.6 MB zeros 83.3%
gen 34 [93/100] k= 17 c=0.929 alpha=-0.049 beta=+0.453 | loss 3.9121 size 444.4 MB zeros 29.2%
gen 34 [94/100] k= 17 c=0.969 alpha=-0.421 beta=+0.835 | loss 15.5859 size 410.1 MB zeros 48.4%
gen 34 [95/100] k= 17 c=0.869 alpha=-0.286 beta=+0.413 | loss 3.9918 size 443.2 MB zeros 29.9%
gen 34 [96/100] k=  5 c=0.917 alpha=-0.998 beta=+0.611 | loss 17.0732 size 345.5 MB zeros 69.0%
gen 34 [97/100] k= 60 c=0.962 alpha=-0.209 beta=+0.096 | loss 3.1362 size 541.4 MB zeros 13.2%
gen 34 [98/100] k=  9 c=0.950 alpha=-0.909 beta=+0.840 | loss 10.5081 size 365.9 MB zeros 64.1%
gen 34 [99/100] k=  9 c=0.715 alpha=-0.360 beta=+0.484 | loss 5.7895 size 402.3 MB zeros 37.0%
gen 34 [100/100] k= 53 c=0.976 alpha=-0.376 beta=+0.101 | loss 3.2769 size 532.2 MB zeros 20.1%
=== generation 34/50 done in 161s (1 from cache), Pareto front has 100 points, best loss 3.0523, smallest 320.4 MB
gen 35 [1/100] k=  9 c=0.859 alpha=-0.585 beta=+0.578 | loss 6.8137 size 388.2 MB zeros 47.5%
gen 35 [2/100] k= 16 c=0.915 alpha=-0.442 beta=+0.450 | loss 4.8956 size 430.3 MB zeros 37.1%
gen 35 [3/100] k=  8 c=0.858 alpha=-0.601 beta=+0.587 | loss 10.0796 size 384.3 MB zeros 50.4%
gen 35 [4/100] k=  9 c=0.948 alpha=-0.915 beta=+0.838 | loss 10.2314 size 365.7 MB zeros 64.2%
gen 35 [5/100] k=  3 c=0.970 alpha=-0.464 beta=+0.379 | loss 15.5644 size 320.7 MB zeros 93.3%
gen 35 [6/100] k= 10 c=0.944 alpha=-0.310 beta=+0.452 | loss 7.3129 size 424.0 MB zeros 40.6%
gen 35 [7/100] k= 17 c=0.940 alpha=-0.085 beta=+0.483 | loss 7.7861 size 442.3 MB zeros 30.4%
gen 35 [9/100] k= 16 c=0.937 alpha=-0.430 beta=+0.352 | loss 4.2030 size 437.0 MB zeros 33.4%
gen 35 [10/100] k= 16 c=0.971 alpha=-0.460 beta=+0.503 | loss 5.0638 size 425.7 MB zeros 39.6%
gen 35 [11/100] k=  9 c=0.750 alpha=-0.995 beta=+0.518 | loss 17.4710 size 376.3 MB zeros 56.4%
gen 35 [12/100] k=  3 c=0.976 alpha=-0.420 beta=+0.537 | loss 15.5610 size 320.7 MB zeros 93.5%
gen 35 [13/100] k= 25 c=0.712 alpha=-0.244 beta=+0.392 | loss 4.1508 size 482.0 MB zeros 26.6%
gen 35 [14/100] k= 16 c=0.938 alpha=-0.981 beta=+0.502 | loss 17.7015 size 398.3 MB zeros 55.0%
gen 35 [15/100] k=  9 c=0.954 alpha=-0.646 beta=+0.567 | loss 7.7994 size 385.6 MB zeros 49.5%
gen 35 [16/100] k= 58 c=0.968 alpha=-0.023 beta=+0.332 | loss 3.2588 size 539.9 MB zeros 17.0%
gen 35 [17/100] k=  7 c=0.920 alpha=-0.584 beta=+0.093 | loss 11.8626 size 384.6 MB zeros 50.2%
gen 35 [18/100] k=  3 c=0.780 alpha=-0.388 beta=+0.026 | loss 17.0552 size 323.5 MB zeros 87.1%
gen 35 [19/100] k=254 c=0.983 alpha=-0.105 beta=+0.012 | loss 3.0595 size 630.8 MB zeros 5.2%
gen 35 [20/100] k= 16 c=0.969 alpha=-0.222 beta=+0.378 | loss 4.0475 size 445.3 MB zeros 28.7%
gen 35 [21/100] k=  3 c=0.970 alpha=-0.926 beta=+0.962 | loss 15.4056 size 320.7 MB zeros 93.3%
gen 35 [22/100] k= 17 c=0.889 alpha=-0.285 beta=+0.455 | loss 4.1298 size 440.5 MB zeros 31.4%
gen 35 [23/100] k=  9 c=0.921 alpha=-0.556 beta=+0.589 | loss 7.1830 size 388.4 MB zeros 47.3%
gen 35 [24/100] k= 73 c=0.758 alpha=-0.050 beta=+0.404 | loss 3.8000 size 571.6 MB zeros 18.9%
gen 35 [25/100] k=215 c=0.986 alpha=-0.038 beta=+0.079 | loss 3.0545 size 630.8 MB zeros 5.0%
gen 35 [26/100] k= 38 c=0.862 alpha=-0.004 beta=+0.821 | loss 15.4584 size 492.6 MB zeros 34.8%
gen 35 [27/100] k=  3 c=0.976 alpha=-0.987 beta=+0.999 | loss 15.6547 size 320.7 MB zeros 93.5%
gen 35 [28/100] k=  9 c=0.859 alpha=-0.589 beta=+0.537 | loss 7.0567 size 389.7 MB zeros 46.4%
gen 35 [29/100] k= 72 c=0.964 alpha=-0.013 beta=+0.096 | loss 3.0595 size 586.1 MB zeros 6.8%
gen 35 [30/100] k=  3 c=0.996 alpha=-0.996 beta=+0.026 | loss 15.9853 size 320.4 MB zeros 94.0%
gen 35 [31/100] k=  5 c=0.784 alpha=-0.930 beta=+0.998 | loss 12.9106 size 344.8 MB zeros 69.8%
gen 35 [32/100] k=  9 c=0.760 alpha=-0.394 beta=+0.522 | loss 6.0316 size 399.0 MB zeros 39.5%
gen 35 [33/100] k=  5 c=0.964 alpha=-0.954 beta=+0.931 | loss 14.8645 size 343.6 MB zeros 71.1%
gen 35 [34/100] k=  9 c=0.937 alpha=-0.596 beta=+0.576 | loss 6.9457 size 387.3 MB zeros 48.2%
gen 35 [35/100] k=  5 c=0.965 alpha=-0.430 beta=+0.342 | loss 16.1899 size 346.3 MB zeros 68.1%
gen 35 [36/100] k= 83 c=0.995 alpha=-0.040 beta=+0.179 | loss 3.0916 size 586.1 MB zeros 9.9%
gen 35 [37/100] k=  4 c=0.993 alpha=-1.000 beta=+0.999 | loss 15.9345 size 323.2 MB zeros 93.9%
gen 35 [38/100] k=  9 c=0.972 alpha=-0.930 beta=+0.412 | loss 17.8486 size 379.5 MB zeros 54.0%
gen 35 [39/100] k= 17 c=0.765 alpha=-0.392 beta=+0.392 | loss 4.5103 size 438.2 MB zeros 32.7%
gen 35 [40/100] k= 60 c=0.733 alpha=-0.345 beta=+0.204 | loss 3.7117 size 524.6 MB zeros 22.9%
gen 35 [41/100] k= 33 c=0.978 alpha=-0.105 beta=+0.208 | loss 3.1809 size 508.2 MB zeros 14.8%
gen 35 [42/100] k= 17 c=0.963 alpha=-0.442 beta=+0.456 | loss 4.7823 size 430.3 MB zeros 37.1%
gen 35 [43/100] k=  9 c=0.932 alpha=-0.830 beta=+0.821 | loss 10.1448 size 369.2 MB zeros 61.6%
gen 35 [44/100] k=  9 c=0.717 alpha=-0.244 beta=+0.230 | loss 5.5171 size 409.9 MB zeros 31.3%
gen 35 [45/100] k=  3 c=0.979 alpha=-0.620 beta=+0.365 | loss 16.0607 size 320.6 MB zeros 93.6%
gen 35 [46/100] k=  9 c=0.922 alpha=-0.585 beta=+0.621 | loss 7.3165 size 386.1 MB zeros 49.1%
gen 35 [47/100] k=  9 c=0.976 alpha=-0.695 beta=+0.058 | loss 18.0170 size 387.9 MB zeros 47.7%
gen 35 [48/100] k=  8 c=0.871 alpha=-0.768 beta=+0.821 | loss 12.2768 size 370.6 MB zeros 60.6%
gen 35 [49/100] k=  9 c=0.936 alpha=-0.381 beta=+0.395 | loss 7.1146 size 398.7 MB zeros 39.7%
gen 35 [50/100] k= 17 c=0.985 alpha=-0.445 beta=+0.441 | loss 4.5812 size 430.9 MB zeros 36.8%
gen 35 [51/100] k=  9 c=0.936 alpha=-0.767 beta=+0.821 | loss 9.1725 size 371.5 MB zeros 59.9%
gen 35 [52/100] k= 17 c=0.980 alpha=-0.140 beta=+0.106 | loss 3.6526 size 457.1 MB zeros 22.1%
gen 35 [53/100] k= 31 c=0.884 alpha=-0.995 beta=+0.976 | loss 10.8627 size 386.7 MB zeros 69.2%
gen 35 [54/100] k= 17 c=0.986 alpha=-0.460 beta=+0.183 | loss 4.1106 size 442.9 MB zeros 30.1%
gen 35 [56/100] k=  3 c=0.999 alpha=-0.395 beta=+0.018 | loss 16.0309 size 320.4 MB zeros 94.0%
gen 35 [57/100] k=  5 c=0.952 alpha=-0.887 beta=+0.755 | loss 14.8982 size 345.9 MB zeros 68.5%
gen 35 [58/100] k=  5 c=0.784 alpha=-0.370 beta=+0.992 | loss 15.0383 size 349.0 MB zeros 65.1%
gen 35 [59/100] k=  8 c=0.757 alpha=-0.370 beta=+0.436 | loss 8.2730 size 395.2 MB zeros 42.3%
gen 35 [60/100] k=  9 c=0.956 alpha=-0.021 beta=+0.180 | loss 7.5130 size 398.1 MB zeros 40.1%
gen 35 [61/100] k=  5 c=0.784 alpha=-0.455 beta=+0.999 | loss 15.0235 size 348.9 MB zeros 65.2%
gen 35 [62/100] k=  5 c=0.980 alpha=-0.972 beta=+0.998 | loss 14.6917 size 342.3 MB zeros 72.6%
gen 35 [63/100] k= 17 c=0.925 alpha=-0.014 beta=+0.097 | loss 3.5637 size 459.2 MB zeros 20.9%
gen 35 [64/100] k= 51 c=0.968 alpha=-0.215 beta=+0.651 | loss 15.3163 size 493.8 MB zeros 34.4%
gen 35 [65/100] k=  5 c=0.976 alpha=-0.429 beta=+0.319 | loss 16.2000 size 345.9 MB zeros 68.5%
gen 35 [66/100] k= 32 c=0.944 alpha=-0.025 beta=+0.100 | loss 3.1420 size 496.7 MB zeros 11.7%
gen 35 [67/100] k= 72 c=0.972 alpha=-0.013 beta=+0.095 | loss 3.0635 size 586.1 MB zeros 6.8%
gen 35 [68/100] k=  5 c=0.964 alpha=-0.465 beta=+0.958 | loss 15.4755 size 344.8 MB zeros 69.8%
gen 35 [69/100] k= 12 c=0.860 alpha=-0.998 beta=+0.873 | loss 10.8143 size 377.2 MB zeros 66.8%
gen 35 [70/100] k=  9 c=0.943 alpha=-0.585 beta=+0.647 | loss 8.8265 size 384.9 MB zeros 50.0%
gen 35 [71/100] k=  9 c=0.992 alpha=-0.436 beta=+0.158 | loss 7.3366 size 396.0 MB zeros 41.7%
gen 35 [72/100] k= 32 c=0.946 alpha=-0.234 beta=+0.316 | loss 3.3845 size 489.2 MB zeros 23.3%
gen 35 [73/100] k= 17 c=0.939 alpha=-0.777 beta=+0.334 | loss 17.6180 size 418.7 MB zeros 43.6%
gen 35 [74/100] k= 37 c=0.947 alpha=-0.023 beta=+0.010 | loss 3.1247 size 541.4 MB zeros 9.8%
gen 35 [75/100] k= 17 c=0.976 alpha=-0.437 beta=+0.436 | loss 4.4648 size 431.8 MB zeros 36.2%
gen 35 [76/100] k=  5 c=0.962 alpha=-0.998 beta=+0.998 | loss 14.0757 size 342.2 MB zeros 72.7%
gen 35 [77/100] k=  5 c=0.884 alpha=-0.371 beta=+0.999 | loss 14.8709 size 346.3 MB zeros 68.1%
gen 35 [78/100] k=  3 c=0.970 alpha=-0.575 beta=+0.958 | loss 15.4056 size 320.7 MB zeros 93.3%
gen 35 [79/100] k= 32 c=0.942 alpha=-0.224 beta=+0.440 | loss 3.5278 size 479.6 MB zeros 27.6%
gen 35 [80/100] k= 58 c=0.788 alpha=-0.215 beta=+0.087 | loss 3.2190 size 541.4 MB zeros 13.0%
gen 35 [81/100] k= 16 c=0.971 alpha=-0.453 beta=+0.441 | loss 4.8506 size 429.9 MB zeros 37.3%
gen 35 [82/100] k= 16 c=0.963 alpha=-0.995 beta=+0.986 | loss 10.3964 size 372.4 MB zeros 69.5%
gen 35 [83/100] k=  3 c=0.996 alpha=-0.312 beta=+0.010 | loss 15.9950 size 320.4 MB zeros 94.0%
gen 35 [84/100] k=  9 c=0.947 alpha=-0.893 beta=+0.839 | loss 10.5412 size 366.4 MB zeros 63.7%
gen 35 [85/100] k= 17 c=0.938 alpha=-0.015 beta=+0.838 | loss 15.5439 size 422.4 MB zeros 41.5%
gen 35 [86/100] k=  9 c=0.911 alpha=-0.400 beta=+0.486 | loss 6.5788 size 397.2 MB zeros 40.8%
gen 35 [87/100] k=  3 c=0.975 alpha=-0.992 beta=+0.995 | loss 15.6033 size 320.7 MB zeros 93.5%
gen 35 [88/100] k=  8 c=0.969 alpha=-0.059 beta=+0.096 | loss 11.9346 size 383.2 MB zeros 51.2%
gen 35 [89/100] k= 16 c=0.946 alpha=-0.293 beta=+0.241 | loss 3.8866 size 448.9 MB zeros 25.8%
gen 35 [90/100] k=  9 c=0.925 alpha=-0.093 beta=+0.132 | loss 6.7081 size 399.6 MB zeros 39.0%
gen 35 [91/100] k= 16 c=0.941 alpha=-0.490 beta=+0.443 | loss 4.9851 size 427.7 MB zeros 38.6%
gen 35 [92/100] k=  7 c=0.952 alpha=-0.630 beta=+0.589 | loss 11.9457 size 381.2 MB zeros 52.7%
gen 35 [93/100] k= 16 c=0.986 alpha=-0.522 beta=+0.484 | loss 5.3960 size 423.1 MB zeros 41.1%
gen 35 [94/100] k= 10 c=0.939 alpha=-0.395 beta=+0.647 | loss 15.0701 size 414.7 MB zeros 45.8%
gen 35 [95/100] k= 28 c=0.972 alpha=-0.222 beta=+0.378 | loss 3.5424 size 484.4 MB zeros 25.5%
gen 35 [96/100] k=215 c=0.870 alpha=-0.061 beta=+0.594 | loss 15.3491 size 582.6 MB zeros 26.0%
gen 35 [97/100] k= 17 c=0.984 alpha=-0.444 beta=+0.309 | loss 4.1955 size 439.3 MB zeros 32.1%
gen 35 [98/100] k=  3 c=0.968 alpha=-0.464 beta=+0.147 | loss 15.5529 size 320.7 MB zeros 93.3%
gen 35 [99/100] k= 32 c=0.946 alpha=-0.231 beta=+0.452 | loss 3.5601 size 477.9 MB zeros 28.4%
gen 35 [100/100] k=  5 c=0.787 alpha=-0.988 beta=+0.991 | loss 11.1519 size 343.8 MB zeros 70.9%
=== generation 35/50 done in 159s (2 from cache), Pareto front has 100 points, best loss 3.0523, smallest 320.4 MB
gen 36 [1/100] k=  9 c=0.915 alpha=-0.580 beta=+0.597 | loss 7.1831 size 387.2 MB zeros 48.2%
gen 36 [2/100] k= 54 c=0.757 alpha=-0.392 beta=+0.484 | loss 4.5499 size 490.5 MB zeros 35.6%
gen 36 [3/100] k= 83 c=0.941 alpha=-0.104 beta=+0.437 | loss 3.4766 size 561.0 MB zeros 22.3%
gen 36 [4/100] k= 17 c=0.920 alpha=-0.082 beta=+0.182 | loss 3.5835 size 459.3 MB zeros 20.9%
gen 36 [5/100] k=  9 c=0.948 alpha=-0.436 beta=+0.826 | loss 15.1096 size 383.1 MB zeros 51.3%
gen 36 [6/100] k=  9 c=0.758 alpha=-0.498 beta=+0.662 | loss 13.4199 size 389.0 MB zeros 46.9%
gen 36 [7/100] k=  4 c=0.974 alpha=-0.388 beta=+0.082 | loss 15.6087 size 323.6 MB zeros 93.4%
gen 36 [8/100] k=  5 c=0.979 alpha=-0.993 beta=+0.999 | loss 14.8560 size 342.0 MB zeros 72.9%
gen 36 [9/100] k=  9 c=0.791 alpha=-0.582 beta=+0.577 | loss 6.9718 size 388.8 MB zeros 47.0%
gen 36 [10/100] k=  9 c=0.787 alpha=-0.991 beta=+0.581 | loss 17.4491 size 373.6 MB zeros 58.4%
gen 36 [11/100] k=  9 c=0.943 alpha=-0.619 beta=+0.589 | loss 7.5614 size 385.8 MB zeros 49.3%
gen 36 [12/100] k= 41 c=0.968 alpha=-0.501 beta=+0.483 | loss 4.6248 size 479.7 MB zeros 39.6%
gen 36 [13/100] k=  3 c=0.941 alpha=-0.444 beta=+0.997 | loss 17.1726 size 321.1 MB zeros 92.6%
gen 36 [14/100] k= 16 c=0.888 alpha=-0.995 beta=+0.518 | loss 17.7995 size 396.8 MB zeros 55.8%
gen 36 [15/100] k=  9 c=0.711 alpha=-0.919 beta=+0.986 | loss 11.7263 size 361.1 MB zeros 67.7%
gen 36 [16/100] k=  9 c=0.702 alpha=-0.356 beta=+0.097 | loss 5.4735 size 409.3 MB zeros 31.8%
gen 36 [17/100] k=  9 c=0.933 alpha=-0.282 beta=+0.821 | loss 15.1404 size 384.4 MB zeros 50.4%
gen 36 [18/100] k=  5 c=0.701 alpha=-0.248 beta=+0.998 | loss 15.0210 size 351.2 MB zeros 62.6%
gen 36 [19/100] k= 31 c=0.946 alpha=-0.202 beta=+0.398 | loss 3.4346 size 484.9 MB zeros 25.2%
gen 36 [20/100] k=  9 c=0.951 alpha=-0.630 beta=+0.589 | loss 7.6608 size 385.3 MB zeros 49.6%
gen 36 [21/100] k= 30 c=0.902 alpha=-0.450 beta=+0.646 | loss 7.5290 size 444.2 MB zeros 43.4%
gen 36 [22/100] k= 33 c=0.969 alpha=-0.059 beta=+0.096 | loss 3.1601 size 516.2 MB zeros 11.3%
gen 36 [23/100] k=  9 c=0.927 alpha=-0.390 beta=+0.546 | loss 6.8495 size 394.7 MB zeros 42.6%
gen 36 [24/100] k= 16 c=0.937 alpha=-0.399 beta=+0.499 | loss 4.7750 size 429.9 MB zeros 37.3%
gen 36 [25/100] k=  3 c=0.944 alpha=-0.440 beta=+0.541 | loss 17.2180 size 321.0 MB zeros 92.7%
gen 36 [26/100] k= 25 c=0.944 alpha=-0.025 beta=+0.100 | loss 3.2525 size 496.6 MB zeros 14.5%
gen 36 [27/100] k=  3 c=0.705 alpha=-0.741 beta=+0.232 | loss 16.9241 size 325.1 MB zeros 83.6%
gen 36 [28/100] k= 17 c=0.867 alpha=-0.285 beta=+0.455 | loss 4.0548 size 440.6 MB zeros 31.3%
gen 36 [29/100] k=  9 c=0.711 alpha=-0.441 beta=+0.202 | loss 5.5687 size 405.7 MB zeros 34.5%
gen 36 [30/100] k=  3 c=0.971 alpha=-0.997 beta=+0.954 | loss 15.5781 size 320.7 MB zeros 93.3%
gen 36 [31/100] k= 21 c=0.999 alpha=-0.390 beta=+0.042 | loss 3.7127 size 484.6 MB zeros 25.4%
gen 36 [32/100] k= 31 c=0.761 alpha=-0.412 beta=+0.398 | loss 4.3200 size 467.0 MB zeros 33.2%
gen 36 [33/100] k=  5 c=0.915 alpha=-0.406 beta=+0.450 | loss 15.0240 size 348.4 MB zeros 65.8%
gen 36 [34/100] k=  5 c=0.765 alpha=-0.976 beta=+0.988 | loss 11.6012 size 344.2 MB zeros 70.4%
gen 36 [35/100] k=  9 c=0.953 alpha=-0.585 beta=+0.623 | loss 8.8084 size 385.7 MB zeros 49.3%
gen 36 [36/100] k=  5 c=0.988 alpha=-0.999 beta=+0.998 | loss 14.9811 size 341.8 MB zeros 73.1%
gen 36 [37/100] k=  5 c=0.968 alpha=-0.498 beta=+0.475 | loss 16.5870 size 346.2 MB zeros 68.2%
gen 36 [38/100] k= 17 c=0.941 alpha=-0.092 beta=+0.177 | loss 3.5386 size 458.6 MB zeros 21.3%
gen 36 [39/100] k= 16 c=0.939 alpha=-0.408 beta=+0.453 | loss 4.5724 size 432.1 MB zeros 36.1%
gen 36 [40/100] k= 16 c=0.971 alpha=-0.454 beta=+0.502 | loss 5.0487 size 426.1 MB zeros 39.4%
gen 36 [41/100] k=  9 c=0.943 alpha=-0.585 beta=+0.585 | loss 7.4497 size 387.3 MB zeros 48.2%
gen 36 [42/100] k= 17 c=0.948 alpha=-0.902 beta=+0.843 | loss 10.2938 size 383.0 MB zeros 63.5%
gen 36 [43/100] k=  3 c=0.988 alpha=-0.585 beta=+0.605 | loss 16.3356 size 320.5 MB zeros 93.8%
gen 36 [44/100] k=  4 c=0.979 alpha=-0.987 beta=+0.999 | loss 15.9777 size 323.5 MB zeros 93.5%
gen 36 [45/100] k= 58 c=0.970 alpha=-0.215 beta=+0.096 | loss 3.1177 size 541.4 MB zeros 13.4%
gen 36 [46/100] k=  9 c=0.906 alpha=-0.451 beta=+0.453 | loss 6.6416 size 397.3 MB zeros 40.7%
gen 36 [47/100] k= 28 c=0.968 alpha=-0.215 beta=+0.096 | loss 3.3401 size 496.5 MB zeros 16.4%
gen 36 [48/100] k= 17 c=0.995 alpha=-0.050 beta=+0.162 | loss 3.7195 size 456.5 MB zeros 22.4%
gen 36 [49/100] k=  9 c=0.941 alpha=-0.585 beta=+0.648 | loss 8.7224 size 384.9 MB zeros 50.0%
gen 36 [50/100] k= 13 c=0.766 alpha=-0.938 beta=+0.331 | loss 17.6918 size 410.8 MB zeros 48.0%
gen 36 [51/100] k=  9 c=0.780 alpha=-0.365 beta=+0.522 | loss 6.0511 size 399.4 MB zeros 39.1%
gen 36 [52/100] k=222 c=0.998 alpha=-0.061 beta=+0.023 | loss 3.0532 size 630.8 MB zeros 3.7%
gen 36 [53/100] k=  3 c=0.784 alpha=-0.998 beta=+0.958 | loss 16.9027 size 323.4 MB zeros 87.3%
gen 36 [54/100] k=  9 c=0.934 alpha=-0.452 beta=+0.638 | loss 15.3229 size 389.9 MB zeros 46.2%
gen 36 [55/100] k=  5 c=0.784 alpha=-0.440 beta=+0.999 | loss 15.0339 size 348.9 MB zeros 65.2%
gen 36 [56/100] k=  3 c=0.970 alpha=-0.470 beta=+0.107 | loss 15.4056 size 320.7 MB zeros 93.3%
gen 36 [57/100] k=  3 c=0.996 alpha=-0.986 beta=+0.026 | loss 15.9853 size 320.4 MB zeros 94.0%
gen 36 [58/100] k= 16 c=0.949 alpha=-0.575 beta=+0.468 | loss 5.5174 size 421.1 MB zeros 42.3%
gen 36 [59/100] k=  4 c=0.967 alpha=-0.460 beta=+0.975 | loss 15.7533 size 323.8 MB zeros 93.3%
gen 36 [60/100] k=  5 c=0.975 alpha=-0.320 beta=+0.310 | loss 16.1505 size 345.9 MB zeros 68.5%
gen 36 [61/100] k= 32 c=0.944 alpha=-0.017 beta=+0.208 | loss 3.1845 size 496.7 MB zeros 14.9%
gen 36 [62/100] k= 17 c=0.935 alpha=-0.762 beta=+0.455 | loss 17.6406 size 411.7 MB zeros 47.5%
gen 36 [63/100] k=  4 c=0.991 alpha=-0.980 beta=+0.199 | loss 16.0688 size 323.3 MB zeros 93.8%
gen 36 [64/100] k=  5 c=0.988 alpha=-0.997 beta=+0.998 | loss 14.8940 size 341.9 MB zeros 73.1%
gen 36 [65/100] k=  9 c=0.920 alpha=-0.585 beta=+0.647 | loss 8.2155 size 385.0 MB zeros 49.9%
gen 36 [66/100] k=  9 c=0.718 alpha=-0.576 beta=+0.204 | loss 17.7993 size 399.7 MB zeros 38.9%
gen 36 [67/100] k= 58 c=0.946 alpha=-0.224 beta=+0.316 | loss 3.3294 size 525.5 MB zeros 22.6%
gen 36 [68/100] k=  8 c=0.774 alpha=-0.931 beta=+0.821 | loss 11.6903 size 365.6 MB zeros 64.3%
gen 36 [69/100] k= 17 c=0.986 alpha=-0.522 beta=+0.484 | loss 5.3236 size 423.5 MB zeros 40.9%
gen 36 [70/100] k= 16 c=0.937 alpha=-0.399 beta=+0.499 | loss 4.7746 size 429.9 MB zeros 37.3%
gen 36 [71/100] k=  9 c=0.937 alpha=-0.371 beta=+0.793 | loss 15.1000 size 385.2 MB zeros 49.7%
gen 36 [72/100] k=  4 c=0.711 alpha=-0.444 beta=+0.041 | loss 16.8471 size 332.2 MB zeros 83.9%
gen 36 [73/100] k= 83 c=0.995 alpha=-0.050 beta=+0.164 | loss 3.0836 size 586.1 MB zeros 9.5%
gen 36 [74/100] k=  5 c=0.783 alpha=-0.561 beta=+1.000 | loss 15.0464 size 348.9 MB zeros 65.2%
gen 36 [75/100] k=  9 c=0.734 alpha=-0.445 beta=+0.303 | loss 5.8082 size 404.7 MB zeros 35.2%
gen 36 [76/100] k=  9 c=0.948 alpha=-0.218 beta=+0.522 | loss 7.8168 size 395.2 MB zeros 42.3%
gen 36 [77/100] k=  6 c=0.963 alpha=-0.989 beta=+0.995 | loss 14.3756 size 354.6 MB zeros 72.5%
gen 36 [78/100] k=  9 c=0.883 alpha=-0.401 beta=+0.548 | loss 6.4931 size 395.5 MB zeros 42.0%
gen 36 [79/100] k= 10 c=0.963 alpha=-0.998 beta=+0.998 | loss 13.1942 size 371.3 MB zeros 70.1%
gen 36 [80/100] k= 17 c=0.962 alpha=-0.979 beta=+0.789 | loss 18.3499 size 382.3 MB zeros 63.9%
gen 36 [81/100] k=  9 c=0.946 alpha=-0.630 beta=+0.589 | loss 7.7610 size 385.4 MB zeros 49.6%
gen 36 [82/100] k=  9 c=0.761 alpha=-0.466 beta=+0.502 | loss 6.8034 size 397.0 MB zeros 40.9%
gen 36 [83/100] k=  9 c=0.935 alpha=-0.434 beta=+0.420 | loss 6.7561 size 397.7 MB zeros 40.4%
gen 36 [84/100] k=  3 c=0.987 alpha=-0.489 beta=+0.107 | loss 16.1163 size 320.5 MB zeros 93.7%
gen 36 [85/100] k=  9 c=0.943 alpha=-0.624 beta=+0.651 | loss 9.5916 size 383.2 MB zeros 51.2%
gen 36 [86/100] k=  9 c=0.936 alpha=-0.438 beta=+0.390 | loss 6.7367 size 397.9 MB zeros 40.2%
gen 36 [87/100] k=  9 c=0.861 alpha=-0.994 beta=+0.065 | loss 17.6542 size 380.5 MB zeros 53.3%
gen 36 [88/100] k=  6 c=0.949 alpha=-0.139 beta=+0.378 | loss 15.5245 size 361.6 MB zeros 67.3%
gen 36 [89/100] k=  9 c=0.703 alpha=-0.336 beta=+0.204 | loss 5.4844 size 409.8 MB zeros 31.4%
gen 36 [90/100] k= 32 c=0.946 alpha=-0.224 beta=+0.318 | loss 3.3673 size 489.9 MB zeros 23.0%
gen 36 [91/100] k=  9 c=0.878 alpha=-0.165 beta=+0.199 | loss 6.3200 size 401.8 MB zeros 37.4%
gen 36 [92/100] k= 18 c=0.939 alpha=-0.453 beta=+0.502 | loss 4.9868 size 454.0 MB zeros 39.1%
gen 36 [93/100] k=  3 c=0.977 alpha=-0.536 beta=+0.484 | loss 15.7635 size 320.7 MB zeros 93.5%
gen 36 [94/100] k=  9 c=0.934 alpha=-0.839 beta=+0.821 | loss 10.2733 size 368.9 MB zeros 61.9%
gen 36 [96/100] k=  5 c=0.712 alpha=-0.956 beta=+0.999 | loss 12.9429 size 344.6 MB zeros 70.0%
gen 36 [97/100] k= 56 c=0.969 alpha=-0.059 beta=+0.096 | loss 3.0949 size 541.4 MB zeros 7.8%
gen 36 [98/100] k=  3 c=0.978 alpha=-0.420 beta=+0.656 | loss 16.0058 size 320.6 MB zeros 93.5%
gen 36 [99/100] k=  3 c=0.996 alpha=-0.486 beta=+0.026 | loss 15.9853 size 320.4 MB zeros 94.0%
gen 36 [100/100] k= 17 c=0.986 alpha=-0.999 beta=+0.484 | loss 17.8289 size 398.8 MB zeros 54.7%
=== generation 36/50 done in 161s (1 from cache), Pareto front has 100 points, best loss 3.0523, smallest 320.4 MB
gen 37 [1/100] k= 32 c=0.978 alpha=-0.376 beta=+0.101 | loss 3.3723 size 493.0 MB zeros 21.6%
gen 37 [2/100] k=  3 c=0.968 alpha=-0.017 beta=+0.091 | loss 15.5158 size 320.7 MB zeros 93.3%
gen 37 [3/100] k= 10 c=0.773 alpha=-0.991 beta=+0.025 | loss 17.5748 size 404.5 MB zeros 51.5%
gen 37 [4/100] k=  7 c=0.941 alpha=-0.434 beta=+0.457 | loss 12.2539 size 384.7 MB zeros 50.1%
gen 37 [5/100] k=  5 c=0.988 alpha=-0.959 beta=+0.980 | loss 15.1718 size 342.5 MB zeros 72.3%
gen 37 [6/100] k=  9 c=0.771 alpha=-0.429 beta=+0.319 | loss 5.8334 size 404.1 MB zeros 35.6%
gen 37 [7/100] k=  9 c=0.934 alpha=-0.875 beta=+0.821 | loss 10.3763 size 367.7 MB zeros 62.8%
gen 37 [8/100] k=  5 c=0.782 alpha=-0.971 beta=+0.999 | loss 11.1099 size 344.0 MB zeros 70.7%
gen 37 [9/100] k= 18 c=0.941 alpha=-0.054 beta=+0.177 | loss 3.5311 size 492.0 MB zeros 21.3%
gen 37 [10/100] k= 22 c=0.757 alpha=-0.357 beta=+0.522 | loss 4.6372 size 461.3 MB zeros 35.8%
gen 37 [11/100] k= 72 c=0.964 alpha=-0.013 beta=+0.096 | loss 3.0606 size 586.1 MB zeros 6.8%
gen 37 [12/100] k=  9 c=0.971 alpha=-0.258 beta=+0.958 | loss 15.2493 size 378.8 MB zeros 54.5%
gen 37 [13/100] k=  5 c=0.969 alpha=-0.998 beta=+0.998 | loss 14.4087 size 342.1 MB zeros 72.8%
gen 37 [14/100] k=215 c=0.988 alpha=-0.061 beta=+0.594 | loss 15.3496 size 582.5 MB zeros 26.0%
gen 37 [15/100] k=  5 c=0.914 alpha=-0.449 beta=+0.450 | loss 14.8692 size 348.4 MB zeros 65.7%
gen 37 [16/100] k=  9 c=0.916 alpha=-0.585 beta=+0.437 | loss 6.6654 size 392.7 MB zeros 44.2%
gen 37 [17/100] k=  9 c=0.710 alpha=-0.259 beta=+0.577 | loss 15.0069 size 399.9 MB zeros 38.8%
gen 37 [18/100] k= 10 c=0.941 alpha=-0.104 beta=+0.437 | loss 7.1368 size 424.7 MB zeros 40.2%
gen 37 [19/100] k=  9 c=0.920 alpha=-0.585 beta=+0.159 | loss 7.1494 size 393.6 MB zeros 43.5%
gen 37 [20/100] k= 17 c=0.939 alpha=-0.172 beta=+0.128 | loss 3.5417 size 458.7 MB zeros 21.2%
gen 37 [21/100] k=  4 c=0.884 alpha=-0.995 beta=+0.999 | loss 17.2093 size 325.8 MB zeros 91.0%
gen 37 [22/100] k= 45 c=0.907 alpha=-0.585 beta=+0.768 | loss 12.9404 size 446.7 MB zeros 51.9%
gen 37 [23/100] k= 32 c=0.976 alpha=-0.468 beta=+0.442 | loss 4.4400 size 458.7 MB zeros 37.0%
gen 37 [24/100] k=  9 c=0.952 alpha=-0.630 beta=+0.817 | loss 15.0354 size 376.8 MB zeros 56.0%
gen 37 [25/100] k= 10 c=0.949 alpha=-0.585 beta=+0.648 | loss 9.1493 size 407.2 MB zeros 50.0%
gen 37 [26/100] k=  5 c=0.979 alpha=-0.989 beta=+0.537 | loss 15.0048 size 344.0 MB zeros 70.7%
gen 37 [27/100] k= 17 c=0.936 alpha=-0.400 beta=+0.395 | loss 4.4672 size 436.9 MB zeros 33.4%
gen 37 [28/100] k= 17 c=0.941 alpha=-0.080 beta=+0.437 | loss 3.8419 size 445.2 MB zeros 28.8%
gen 37 [29/100] k=  5 c=0.884 alpha=-0.580 beta=+0.999 | loss 14.8606 size 346.3 MB zeros 68.1%
gen 37 [30/100] k=  9 c=0.934 alpha=-0.929 beta=+0.797 | loss 15.8276 size 366.8 MB zeros 63.5%
gen 37 [31/100] k= 16 c=0.996 alpha=-0.453 beta=+0.017 | loss 4.2478 size 440.1 MB zeros 31.6%
gen 37 [32/100] k= 21 c=0.938 alpha=-0.433 beta=+0.994 | loss 15.3336 size 423.7 MB zeros 52.6%
gen 37 [33/100] k=  3 c=0.966 alpha=-0.591 beta=+0.958 | loss 15.7114 size 320.8 MB zeros 93.3%
gen 37 [34/100] k= 13 c=0.881 alpha=-0.443 beta=+0.394 | loss 4.7759 size 433.0 MB zeros 35.6%
gen 37 [35/100] k= 32 c=0.946 alpha=-0.226 beta=+0.814 | loss 15.3839 size 452.1 MB zeros 39.9%
gen 37 [36/100] k=  7 c=0.962 alpha=-0.963 beta=+0.999 | loss 12.9023 size 358.2 MB zeros 69.8%
gen 37 [37/100] k= 16 c=0.938 alpha=-0.429 beta=+0.499 | loss 4.8093 size 428.0 MB zeros 38.4%
gen 37 [38/100] k=  5 c=0.988 alpha=-0.999 beta=+0.997 | loss 14.7456 size 341.8 MB zeros 73.1%
gen 37 [39/100] k=  3 c=0.994 alpha=-0.010 beta=+0.463 | loss 15.7148 size 320.5 MB zeros 93.9%
gen 37 [40/100] k=  5 c=0.922 alpha=-0.992 beta=+0.995 | loss 15.6355 size 342.7 MB zeros 72.1%
gen 37 [41/100] k= 10 c=0.992 alpha=-0.547 beta=+0.165 | loss 7.9185 size 418.1 MB zeros 43.9%
gen 37 [42/100] k=  9 c=0.930 alpha=-0.560 beta=+0.598 | loss 8.1373 size 387.9 MB zeros 47.7%
gen 37 [43/100] k= 16 c=0.760 alpha=-0.440 beta=+0.444 | loss 5.0136 size 431.5 MB zeros 36.4%
gen 37 [44/100] k=  5 c=0.783 alpha=-0.987 beta=+0.577 | loss 17.8948 size 349.1 MB zeros 64.9%
gen 37 [45/100] k= 58 c=0.964 alpha=-0.948 beta=+0.096 | loss 17.8900 size 484.1 MB zeros 38.0%
gen 37 [46/100] k= 62 c=0.956 alpha=-0.059 beta=+0.437 | loss 3.6314 size 530.1 MB zeros 20.9%
gen 37 [47/100] k=  9 c=0.915 alpha=-0.463 beta=+0.450 | loss 6.3174 size 396.8 MB zeros 41.1%
gen 37 [48/100] k= 16 c=0.934 alpha=-0.431 beta=+0.395 | loss 4.3194 size 434.3 MB zeros 34.9%
gen 37 [49/100] k= 62 c=0.997 alpha=-0.474 beta=+0.468 | loss 4.5327 size 483.8 MB zeros 38.1%
gen 37 [50/100] k=  3 c=0.988 alpha=-0.338 beta=+0.546 | loss 16.1588 size 320.5 MB zeros 93.8%
gen 37 [51/100] k=  3 c=0.996 alpha=-0.453 beta=+0.026 | loss 15.9853 size 320.4 MB zeros 94.0%
gen 37 [52/100] k= 16 c=0.975 alpha=-0.992 beta=+0.995 | loss 10.7609 size 372.2 MB zeros 69.6%
gen 37 [53/100] k= 32 c=0.934 alpha=-0.026 beta=+0.100 | loss 3.1517 size 496.7 MB zeros 11.6%
gen 37 [54/100] k= 17 c=0.902 alpha=-0.285 beta=+0.455 | loss 4.1339 size 440.4 MB zeros 31.4%
gen 37 [55/100] k=  9 c=0.920 alpha=-0.585 beta=+0.676 | loss 10.3773 size 383.9 MB zeros 50.7%
gen 37 [56/100] k= 24 c=0.943 alpha=-0.619 beta=+0.589 | loss 7.0023 size 435.2 MB zeros 47.5%
gen 37 [57/100] k=  4 c=0.936 alpha=-0.767 beta=+0.821 | loss 17.1975 size 324.5 MB zeros 92.5%
gen 37 [58/100] k= 17 c=0.986 alpha=-0.473 beta=+0.484 | loss 5.1156 size 426.5 MB zeros 39.2%
gen 37 [59/100] k=  3 c=0.703 alpha=-0.561 beta=+0.199 | loss 16.5752 size 325.1 MB zeros 83.5%
gen 37 [60/100] k=  3 c=0.946 alpha=-0.480 beta=+0.107 | loss 17.2182 size 321.0 MB zeros 92.7%
gen 37 [61/100] k= 11 c=0.867 alpha=-0.585 beta=+0.069 | loss 17.9202 size 427.4 MB zeros 38.7%
gen 37 [62/100] k=  9 c=0.785 alpha=-0.985 beta=+0.998 | loss 11.8659 size 358.5 MB zeros 69.6%
gen 37 [63/100] k= 32 c=0.947 alpha=-0.224 beta=+0.627 | loss 15.2458 size 465.0 MB zeros 34.2%
gen 37 [64/100] k=  9 c=0.784 alpha=-0.445 beta=+0.385 | loss 6.0557 size 402.0 MB zeros 37.2%
gen 37 [65/100] k= 17 c=0.787 alpha=-0.599 beta=+0.581 | loss 6.7385 size 413.2 MB zeros 46.6%
gen 37 [66/100] k= 17 c=0.870 alpha=-0.286 beta=+0.651 | loss 15.5351 size 428.7 MB zeros 38.0%
gen 37 [67/100] k= 74 c=0.970 alpha=-0.453 beta=+0.502 | loss 4.5016 size 510.0 MB zeros 38.6%
gen 37 [68/100] k= 12 c=0.940 alpha=-0.409 beta=+0.588 | loss 10.9958 size 421.7 MB zeros 41.9%
gen 37 [69/100] k= 17 c=0.959 alpha=-0.402 beta=+0.430 | loss 4.4169 size 434.4 MB zeros 34.8%
gen 37 [70/100] k=  9 c=0.936 alpha=-0.767 beta=+0.593 | loss 17.7632 size 380.1 MB zeros 53.5%
gen 37 [71/100] k=  9 c=0.909 alpha=-0.913 beta=+0.838 | loss 10.3949 size 365.9 MB zeros 64.1%
gen 37 [72/100] k= 21 c=0.971 alpha=-0.462 beta=+0.879 | loss 15.2546 size 427.7 MB zeros 50.8%
gen 37 [73/100] k= 16 c=0.915 alpha=-0.021 beta=+0.373 | loss 3.9104 size 446.9 MB zeros 27.8%
gen 37 [74/100] k=  9 c=0.945 alpha=-0.993 beta=+0.618 | loss 17.6883 size 371.5 MB zeros 60.0%
gen 37 [75/100] k= 32 c=0.946 alpha=-0.224 beta=+0.342 | loss 3.3828 size 487.8 MB zeros 23.9%
gen 37 [76/100] k=  3 c=0.939 alpha=-0.499 beta=+0.516 | loss 17.1452 size 321.1 MB zeros 92.5%
gen 37 [77/100] k=  5 c=0.991 alpha=-0.949 beta=+0.432 | loss 15.3074 size 344.1 MB zeros 70.5%
gen 37 [78/100] k= 32 c=0.972 alpha=-0.376 beta=+0.095 | loss 3.3581 size 493.1 MB zeros 21.6%
gen 37 [79/100] k=  9 c=0.787 alpha=-0.351 beta=+0.562 | loss 15.2356 size 397.9 MB zeros 40.3%
gen 37 [80/100] k= 17 c=0.936 alpha=-0.283 beta=+0.456 | loss 4.1085 size 440.3 MB zeros 31.5%
gen 37 [81/100] k=  6 c=0.948 alpha=-0.967 beta=+0.423 | loss 15.7176 size 358.8 MB zeros 69.4%
gen 37 [82/100] k= 16 c=0.939 alpha=-0.321 beta=+0.502 | loss 5.7726 size 434.4 MB zeros 34.8%
gen 37 [83/100] k=  8 c=0.937 alpha=-0.400 beta=+0.342 | loss 11.6258 size 385.0 MB zeros 49.9%
gen 37 [84/100] k= 17 c=0.941 alpha=-0.092 beta=+0.137 | loss 3.5401 size 458.6 MB zeros 21.3%
gen 37 [85/100] k= 85 c=0.964 alpha=-0.435 beta=+0.076 | loss 3.3688 size 564.8 MB zeros 21.1%
gen 37 [86/100] k=  9 c=0.972 alpha=-0.585 beta=+0.647 | loss 8.9494 size 384.7 MB zeros 50.1%
gen 37 [87/100] k= 82 c=0.909 alpha=-0.089 beta=+0.735 | loss 15.4145 size 531.4 MB zeros 31.7%
gen 37 [88/100] k=  5 c=0.776 alpha=-0.996 beta=+0.923 | loss 12.2258 size 345.0 MB zeros 69.6%
gen 37 [89/100] k= 10 c=0.976 alpha=-0.394 beta=+0.514 | loss 8.3087 size 420.1 MB zeros 42.8%
gen 37 [90/100] k= 12 c=0.784 alpha=-0.448 beta=+1.000 | loss 15.5927 size 400.3 MB zeros 53.8%
gen 37 [91/100] k=  6 c=0.970 alpha=-0.314 beta=+0.999 | loss 14.1442 size 357.2 MB zeros 70.6%
gen 37 [92/100] k= 17 c=0.969 alpha=-0.444 beta=+0.104 | loss 3.9756 size 444.2 MB zeros 29.3%
gen 37 [93/100] k=  3 c=0.996 alpha=-0.971 beta=+0.016 | loss 15.9853 size 320.4 MB zeros 94.0%
gen 37 [94/100] k= 17 c=0.862 alpha=-0.570 beta=+0.309 | loss 11.4470 size 432.1 MB zeros 36.1%
gen 37 [95/100] k= 29 c=0.783 alpha=-0.224 beta=+0.440 | loss 3.7582 size 479.8 MB zeros 27.6%
gen 37 [96/100] k=  9 c=0.947 alpha=-0.909 beta=+0.795 | loss 11.9368 size 367.5 MB zeros 63.0%
gen 37 [97/100] k= 17 c=0.941 alpha=-0.571 beta=+0.421 | loss 5.4003 size 424.6 MB zeros 40.3%
gen 37 [98/100] k=  9 c=0.937 alpha=-0.041 beta=+0.580 | loss 6.9033 size 393.4 MB zeros 43.7%
gen 37 [99/100] k=  9 c=0.945 alpha=-0.987 beta=+0.999 | loss 12.0029 size 358.2 MB zeros 69.8%
gen 37 [100/100] k= 58 c=0.971 alpha=-0.440 beta=+0.139 | loss 3.4371 size 521.9 MB zeros 23.9%
=== generation 37/50 done in 162s (0 from cache), Pareto front has 100 points, best loss 3.0523, smallest 320.4 MB
gen 38 [1/100] k= 32 c=0.929 alpha=-0.261 beta=+0.654 | loss 15.2219 size 459.9 MB zeros 36.4%
gen 38 [2/100] k= 32 c=0.960 alpha=-0.361 beta=+0.209 | loss 3.4261 size 487.5 MB zeros 24.1%
gen 38 [3/100] k= 44 c=0.998 alpha=-0.059 beta=+0.102 | loss 3.1116 size 541.4 MB zeros 9.4%
gen 38 [4/100] k=220 c=0.988 alpha=-0.042 beta=+0.042 | loss 3.0543 size 630.8 MB zeros 3.7%
gen 38 [5/100] k=  9 c=0.863 alpha=-0.244 beta=+0.199 | loss 6.3041 size 402.6 MB zeros 36.8%
gen 38 [6/100] k=  5 c=0.971 alpha=-0.977 beta=+0.335 | loss 14.6880 size 344.3 MB zeros 70.3%
gen 38 [7/100] k= 17 c=0.787 alpha=-0.283 beta=+0.608 | loss 15.5672 size 431.8 MB zeros 36.3%
gen 38 [8/100] k= 30 c=0.944 alpha=-0.167 beta=+0.440 | loss 3.5187 size 484.1 MB zeros 25.6%
gen 38 [9/100] k= 17 c=0.969 alpha=-0.444 beta=+0.970 | loss 15.4745 size 402.5 MB zeros 52.6%
gen 38 [10/100] k=  9 c=0.711 alpha=-0.286 beta=+0.204 | loss 5.3780 size 410.2 MB zeros 31.1%
gen 38 [11/100] k= 17 c=0.945 alpha=-0.585 beta=+0.455 | loss 5.6087 size 421.6 MB zeros 42.0%
gen 38 [12/100] k=  9 c=0.777 alpha=-0.448 beta=+0.635 | loss 15.1252 size 392.0 MB zeros 44.6%
gen 38 [13/100] k= 16 c=0.971 alpha=-0.455 beta=+0.814 | loss 15.6380 size 408.7 MB zeros 49.1%
gen 38 [14/100] k=  3 c=0.995 alpha=-0.486 beta=+0.026 | loss 15.9570 size 320.5 MB zeros 93.9%
gen 38 [15/100] k=  5 c=0.784 alpha=-0.999 beta=+0.999 | loss 10.6982 size 343.5 MB zeros 71.2%
gen 38 [16/100] k=  9 c=0.934 alpha=-0.828 beta=+0.821 | loss 10.0436 size 369.3 MB zeros 61.6%
gen 38 [17/100] k=  6 c=0.944 alpha=-0.074 beta=+0.144 | loss 15.7939 size 361.9 MB zeros 67.1%
gen 38 [18/100] k=  3 c=0.970 alpha=-0.575 beta=+0.544 | loss 15.4056 size 320.7 MB zeros 93.3%
gen 38 [19/100] k=  5 c=0.994 alpha=-0.027 beta=+0.465 | loss 15.3681 size 345.2 MB zeros 69.4%
gen 38 [20/100] k= 32 c=0.970 alpha=-0.470 beta=+0.107 | loss 5.2536 size 485.3 MB zeros 25.1%
gen 38 [21/100] k=  9 c=0.939 alpha=-0.585 beta=+0.724 | loss 13.8045 size 382.0 MB zeros 52.1%
gen 38 [22/100] k= 42 c=0.944 alpha=-0.025 beta=+0.094 | loss 3.1017 size 541.4 MB zeros 9.1%
gen 38 [23/100] k=  5 c=0.988 alpha=-0.969 beta=+1.000 | loss 14.3652 size 342.2 MB zeros 72.7%
gen 38 [24/100] k=  9 c=0.724 alpha=-0.441 beta=+0.074 | loss 5.8369 size 405.3 MB zeros 34.8%
gen 38 [25/100] k= 16 c=0.936 alpha=-0.440 beta=+0.395 | loss 4.3487 size 433.7 MB zeros 35.2%
gen 38 [26/100] k= 82 c=0.991 alpha=-0.392 beta=+0.484 | loss 4.1695 size 519.3 MB zeros 35.6%
gen 38 [28/100] k=  9 c=0.781 alpha=-0.522 beta=+0.579 | loss 6.7046 size 391.3 MB zeros 45.2%
gen 38 [29/100] k= 31 c=0.947 alpha=-0.216 beta=+0.398 | loss 3.4543 size 483.8 MB zeros 25.8%
gen 38 [30/100] k= 17 c=0.996 alpha=-0.971 beta=+0.403 | loss 17.7192 size 405.0 MB zeros 51.2%
gen 38 [31/100] k=  9 c=0.906 alpha=-0.585 beta=+0.600 | loss 6.9399 size 387.0 MB zeros 48.4%
gen 38 [32/100] k= 16 c=0.946 alpha=-0.998 beta=+0.502 | loss 17.7156 size 397.5 MB zeros 55.4%
gen 38 [33/100] k= 32 c=0.944 alpha=-0.224 beta=+0.471 | loss 3.5844 size 477.0 MB zeros 28.8%
gen 38 [34/100] k=  5 c=0.996 alpha=-1.000 beta=+0.039 | loss 15.4831 size 343.4 MB zeros 71.4%
gen 38 [35/100] k= 10 c=0.971 alpha=-0.447 beta=+0.821 | loss 15.0600 size 404.3 MB zeros 51.6%
gen 38 [36/100] k=208 c=0.711 alpha=-0.049 beta=+0.079 | loss 3.3107 size 630.8 MB zeros 5.5%
gen 38 [37/100] k= 58 c=0.992 alpha=-0.215 beta=+0.096 | loss 3.1378 size 541.4 MB zeros 13.5%
gen 38 [38/100] k= 32 c=0.946 alpha=-0.228 beta=+0.398 | loss 3.4707 size 482.7 MB zeros 26.2%
gen 38 [39/100] k= 18 c=0.970 alpha=-0.575 beta=+0.958 | loss 15.3283 size 414.3 MB zeros 56.8%
gen 38 [40/100] k= 10 c=0.962 alpha=-0.993 beta=+0.992 | loss 12.9689 size 371.7 MB zeros 69.8%
gen 38 [41/100] k=  9 c=0.914 alpha=-0.233 beta=+0.647 | loss 14.9735 size 391.4 MB zeros 45.1%
gen 38 [42/100] k=  3 c=0.782 alpha=-0.365 beta=+0.107 | loss 16.8548 size 323.5 MB zeros 87.2%
gen 38 [43/100] k= 10 c=0.968 alpha=-0.105 beta=+0.190 | loss 7.9616 size 424.1 MB zeros 40.6%
gen 38 [44/100] k= 31 c=0.944 alpha=-0.025 beta=+0.100 | loss 3.1527 size 496.7 MB zeros 11.7%
gen 38 [45/100] k=  9 c=0.946 alpha=-0.915 beta=+0.345 | loss 17.8669 size 380.8 MB zeros 53.0%
gen 38 [46/100] k=  9 c=0.764 alpha=-0.909 beta=+0.548 | loss 17.5122 size 377.8 MB zeros 55.3%
gen 38 [47/100] k=  6 c=0.934 alpha=-0.992 beta=+0.842 | loss 16.9493 size 357.9 MB zeros 70.1%
gen 38 [48/100] k=  4 c=0.988 alpha=-0.494 beta=+0.997 | loss 16.2770 size 323.3 MB zeros 93.8%
gen 38 [49/100] k=  9 c=0.972 alpha=-0.585 beta=+0.312 | loss 7.4348 size 392.2 MB zeros 44.6%
gen 38 [50/100] k= 17 c=0.947 alpha=-0.172 beta=+0.185 | loss 3.5741 size 458.3 MB zeros 21.4%
gen 38 [51/100] k= 82 c=0.966 alpha=-0.050 beta=+0.156 | loss 3.0761 size 586.1 MB zeros 9.1%
gen 38 [52/100] k= 18 c=0.936 alpha=-0.504 beta=+0.535 | loss 5.5035 size 447.5 MB zeros 42.0%
gen 38 [53/100] k=  5 c=0.708 alpha=-0.995 beta=+0.999 | loss 12.1417 size 343.9 MB zeros 70.8%
gen 38 [54/100] k= 21 c=0.974 alpha=-0.141 beta=+0.998 | loss 15.3942 size 443.4 MB zeros 43.8%
gen 38 [55/100] k=  8 c=0.936 alpha=-0.487 beta=+0.451 | loss 11.7803 size 384.9 MB zeros 49.9%
gen 38 [56/100] k= 58 c=0.971 alpha=-0.215 beta=+0.096 | loss 3.1176 size 541.4 MB zeros 13.4%
gen 38 [57/100] k=  4 c=0.784 alpha=-0.995 beta=+0.116 | loss 16.8837 size 329.1 MB zeros 87.3%
gen 38 [58/100] k= 20 c=0.871 alpha=-0.256 beta=+0.405 | loss 3.7217 size 478.3 MB zeros 28.2%
gen 38 [59/100] k=  9 c=0.921 alpha=-0.258 beta=+0.647 | loss 14.9680 size 391.2 MB zeros 45.3%
gen 38 [60/100] k= 16 c=0.941 alpha=-0.364 beta=+0.455 | loss 4.3581 size 434.6 MB zeros 34.7%
gen 38 [61/100] k=  7 c=0.919 alpha=-0.767 beta=+0.821 | loss 11.3230 size 370.3 MB zeros 60.8%
gen 38 [62/100] k=  9 c=0.948 alpha=-0.915 beta=+0.527 | loss 17.8401 size 377.4 MB zeros 55.6%
gen 38 [63/100] k=  5 c=0.926 alpha=-0.974 beta=+0.998 | loss 15.2230 size 342.9 MB zeros 71.9%
gen 38 [64/100] k=  9 c=0.767 alpha=-0.378 beta=+0.546 | loss 6.1580 size 398.3 MB zeros 40.0%
gen 38 [65/100] k=  3 c=0.996 alpha=-0.973 beta=+0.016 | loss 15.9941 size 320.4 MB zeros 94.0%
gen 38 [66/100] k=  6 c=0.936 alpha=-0.400 beta=+0.482 | loss 15.4851 size 362.3 MB zeros 66.8%
gen 38 [67/100] k= 12 c=0.840 alpha=-0.595 beta=+0.986 | loss 15.6804 size 392.1 MB zeros 58.4%
gen 38 [68/100] k= 65 c=0.980 alpha=-0.013 beta=+0.094 | loss 3.0698 size 567.1 MB zeros 7.1%
gen 38 [69/100] k=  3 c=0.944 alpha=-0.224 beta=+0.440 | loss 17.2344 size 321.0 MB zeros 92.7%
gen 38 [70/100] k= 17 c=0.922 alpha=-0.453 beta=+0.505 | loss 5.1265 size 426.6 MB zeros 39.1%
gen 38 [71/100] k=  9 c=0.776 alpha=-0.392 beta=+0.490 | loss 5.8511 size 400.1 MB zeros 38.6%
gen 38 [72/100] k= 32 c=0.946 alpha=-0.239 beta=+0.398 | loss 3.4905 size 481.8 MB zeros 26.7%
gen 38 [73/100] k=  9 c=0.935 alpha=-0.911 beta=+0.807 | loss 10.8242 size 367.0 MB zeros 63.3%
gen 38 [74/100] k= 32 c=0.944 alpha=-0.215 beta=+0.440 | loss 3.5048 size 480.3 MB zeros 27.3%
gen 38 [75/100] k=  3 c=0.994 alpha=-0.001 beta=+0.463 | loss 15.7148 size 320.5 MB zeros 93.9%
gen 38 [76/100] k=  7 c=0.759 alpha=-0.050 beta=+0.180 | loss 8.5630 size 395.5 MB zeros 42.1%
gen 38 [77/100] k=  9 c=0.921 alpha=-0.591 beta=+0.648 | loss 8.2855 size 384.8 MB zeros 50.1%
gen 38 [78/100] k= 10 c=0.941 alpha=-0.105 beta=+0.418 | loss 7.1130 size 425.2 MB zeros 40.0%
gen 38 [79/100] k=  9 c=0.859 alpha=-0.572 beta=+0.543 | loss 7.0508 size 390.1 MB zeros 46.0%
gen 38 [80/100] k=  3 c=0.950 alpha=-0.283 beta=+0.027 | loss 16.8774 size 320.9 MB zeros 92.9%
gen 38 [81/100] k= 17 c=0.939 alpha=-0.021 beta=+0.373 | loss 3.7184 size 449.3 MB zeros 26.5%
gen 38 [82/100] k=  5 c=0.784 alpha=-0.422 beta=+0.998 | loss 15.0355 size 348.9 MB zeros 65.2%
gen 38 [83/100] k= 72 c=0.970 alpha=-0.013 beta=+0.096 | loss 3.0618 size 586.1 MB zeros 6.8%
gen 38 [84/100] k=  3 c=0.969 alpha=-0.486 beta=+0.993 | loss 15.4775 size 320.7 MB zeros 93.3%
gen 38 [85/100] k= 17 c=0.960 alpha=-0.764 beta=+0.104 | loss 17.6109 size 425.8 MB zeros 39.6%
gen 38 [86/100] k= 17 c=0.986 alpha=-0.457 beta=+0.041 | loss 4.1031 size 443.0 MB zeros 30.0%
gen 38 [87/100] k= 64 c=0.970 alpha=-0.059 beta=+0.096 | loss 3.0834 size 541.4 MB zeros 7.3%
gen 38 [88/100] k= 17 c=0.940 alpha=-0.087 beta=+0.177 | loss 3.5429 size 458.6 MB zeros 21.3%
gen 38 [89/100] k=  3 c=0.937 alpha=-0.399 beta=+0.403 | loss 17.1325 size 321.1 MB zeros 92.5%
gen 38 [90/100] k=  5 c=0.922 alpha=-0.583 beta=+0.622 | loss 15.4121 size 348.1 MB zeros 66.1%
gen 38 [91/100] k=  9 c=0.718 alpha=-0.597 beta=+0.199 | loss 17.9670 size 398.8 MB zeros 39.6%
gen 38 [92/100] k=  9 c=0.944 alpha=-0.542 beta=+0.522 | loss 7.7608 size 391.3 MB zeros 45.2%
gen 38 [93/100] k= 24 c=0.950 alpha=-0.498 beta=+0.483 | loss 4.9366 size 452.6 MB zeros 39.7%
gen 38 [94/100] k=  4 c=0.784 alpha=-0.993 beta=+0.999 | loss 16.8837 size 329.1 MB zeros 87.3%
gen 38 [95/100] k=  9 c=0.763 alpha=-0.429 beta=+0.812 | loss 15.2791 size 386.0 MB zeros 49.1%
gen 38 [96/100] k=  9 c=0.951 alpha=-0.390 beta=+0.837 | loss 15.1209 size 383.2 MB zeros 51.2%
gen 38 [97/100] k=  9 c=0.884 alpha=-0.817 beta=+0.931 | loss 11.8216 size 366.1 MB zeros 64.0%
gen 38 [98/100] k= 17 c=0.986 alpha=-0.999 beta=+0.463 | loss 17.8035 size 400.1 MB zeros 54.0%
gen 38 [99/100] k= 17 c=0.997 alpha=-0.430 beta=+0.470 | loss 4.8404 size 430.0 MB zeros 37.2%
gen 38 [100/100] k= 16 c=0.941 alpha=-0.522 beta=+0.339 | loss 4.5312 size 432.1 MB zeros 36.1%
=== generation 38/50 done in 161s (1 from cache), Pareto front has 100 points, best loss 3.0523, smallest 320.4 MB
gen 39 [1/100] k=  9 c=0.775 alpha=-0.833 beta=+0.312 | loss 17.7439 size 388.0 MB zeros 47.7%
gen 39 [2/100] k=  9 c=0.935 alpha=-0.767 beta=+0.821 | loss 9.1601 size 371.5 MB zeros 59.9%
gen 39 [3/100] k= 58 c=0.992 alpha=-0.972 beta=+0.073 | loss 17.9026 size 484.6 MB zeros 37.8%
gen 39 [4/100] k= 18 c=0.970 alpha=-0.012 beta=+0.986 | loss 15.4934 size 439.5 MB zeros 45.6%
gen 39 [5/100] k= 33 c=0.854 alpha=-0.585 beta=+0.578 | loss 5.9061 size 438.7 MB zeros 45.9%
gen 39 [6/100] k= 17 c=0.944 alpha=-0.215 beta=+0.341 | loss 3.7088 size 450.7 MB zeros 25.7%
gen 39 [7/100] k=  9 c=0.954 alpha=-0.392 beta=+0.097 | loss 7.6655 size 398.0 MB zeros 40.2%
gen 39 [8/100] k=  9 c=0.948 alpha=-0.391 beta=+0.489 | loss 7.6301 size 396.2 MB zeros 41.6%
gen 39 [9/100] k= 17 c=0.941 alpha=-0.135 beta=+0.430 | loss 3.8384 size 445.6 MB zeros 28.5%
gen 39 [10/100] k= 17 c=0.931 alpha=-0.253 beta=+0.452 | loss 4.0048 size 442.3 MB zeros 30.4%
gen 39 [11/100] k=  5 c=0.711 alpha=-0.289 beta=+0.203 | loss 12.2221 size 357.9 MB zeros 55.1%
gen 39 [12/100] k=  6 c=0.951 alpha=-0.830 beta=+0.596 | loss 15.3140 size 360.9 MB zeros 67.9%
gen 39 [13/100] k=  3 c=0.970 alpha=-0.619 beta=+0.958 | loss 15.4056 size 320.7 MB zeros 93.3%
gen 39 [14/100] k=  9 c=0.915 alpha=-0.224 beta=+0.438 | loss 6.2520 size 398.9 MB zeros 39.5%
gen 39 [15/100] k=  5 c=0.787 alpha=-0.448 beta=+0.975 | loss 15.0285 size 349.2 MB zeros 64.8%
gen 39 [16/100] k= 16 c=0.758 alpha=-0.915 beta=+0.993 | loss 12.0077 size 375.7 MB zeros 67.6%
gen 39 [17/100] k=  5 c=0.963 alpha=-0.004 beta=+0.998 | loss 14.2861 size 344.3 MB zeros 70.4%
gen 39 [18/100] k=  5 c=0.784 alpha=-0.972 beta=+0.983 | loss 11.4228 size 344.3 MB zeros 70.4%
gen 39 [19/100] k=  9 c=0.981 alpha=-0.593 beta=+0.647 | loss 9.5922 size 384.3 MB zeros 50.4%
gen 39 [20/100] k= 16 c=0.996 alpha=-0.995 beta=+0.039 | loss 17.7128 size 411.6 MB zeros 47.5%
gen 39 [21/100] k= 16 c=0.892 alpha=-0.999 beta=+0.495 | loss 17.7989 size 398.0 MB zeros 55.1%
gen 39 [22/100] k= 16 c=0.940 alpha=-0.996 beta=+0.499 | loss 17.7204 size 397.9 MB zeros 55.2%
gen 39 [23/100] k=  9 c=0.934 alpha=-0.491 beta=+0.793 | loss 15.0228 size 382.9 MB zeros 51.4%
gen 39 [24/100] k= 16 c=0.920 alpha=-0.400 beta=+0.333 | loss 4.1296 size 440.1 MB zeros 31.6%
gen 39 [25/100] k=  9 c=0.920 alpha=-0.430 beta=+0.342 | loss 6.6709 size 398.9 MB zeros 39.5%
gen 39 [26/100] k= 32 c=0.998 alpha=-0.331 beta=+0.094 | loss 3.3267 size 495.2 MB zeros 20.0%
gen 39 [27/100] k= 72 c=0.979 alpha=-0.013 beta=+0.096 | loss 3.0633 size 586.1 MB zeros 6.9%
gen 39 [28/100] k= 17 c=0.939 alpha=-0.088 beta=+0.333 | loss 3.6529 size 451.8 MB zeros 25.0%
gen 39 [29/100] k=  4 c=0.970 alpha=-0.605 beta=+0.386 | loss 15.4056 size 323.7 MB zeros 93.3%
gen 39 [30/100] k=  5 c=0.949 alpha=-0.444 beta=+0.119 | loss 15.5600 size 347.0 MB zeros 67.3%
gen 39 [31/100] k=  3 c=0.942 alpha=-0.020 beta=+0.099 | loss 17.0953 size 321.0 MB zeros 92.6%
gen 39 [32/100] k= 17 c=0.943 alpha=-0.619 beta=+0.589 | loss 6.8444 size 411.5 MB zeros 47.6%
gen 39 [33/100] k=  3 c=0.996 alpha=-0.486 beta=+0.853 | loss 15.9853 size 320.4 MB zeros 94.0%
gen 39 [34/100] k= 13 c=0.876 alpha=-0.585 beta=+0.578 | loss 7.1215 size 413.6 MB zeros 46.4%
gen 39 [35/100] k= 12 c=0.968 alpha=-0.999 beta=+0.999 | loss 11.3080 size 371.5 MB zeros 70.0%
gen 39 [36/100] k= 17 c=0.934 alpha=-0.518 beta=+0.488 | loss 5.3698 size 423.6 MB zeros 40.8%
gen 39 [37/100] k=  5 c=0.921 alpha=-0.591 beta=+0.648 | loss 15.3608 size 348.1 MB zeros 66.1%
gen 39 [38/100] k=  9 c=0.964 alpha=-0.630 beta=+0.639 | loss 9.0349 size 383.3 MB zeros 51.1%
gen 39 [39/100] k= 21 c=0.980 alpha=-0.013 beta=+0.531 | loss 15.7170 size 473.7 MB zeros 30.3%
gen 39 [40/100] k= 23 c=0.861 alpha=-0.075 beta=+0.578 | loss 15.4044 size 474.1 MB zeros 30.1%
gen 39 [41/100] k= 17 c=0.972 alpha=-0.376 beta=+0.460 | loss 4.4280 size 434.1 MB zeros 34.9%
gen 39 [42/100] k=  3 c=0.994 alpha=-0.014 beta=+0.463 | loss 15.7148 size 320.5 MB zeros 93.9%
gen 39 [43/100] k=  7 c=0.784 alpha=-0.993 beta=+0.999 | loss 14.0247 size 357.9 MB zeros 70.1%
gen 39 [44/100] k=  4 c=1.000 alpha=-0.971 beta=+0.063 | loss 16.0309 size 323.1 MB zeros 94.0%
gen 39 [45/100] k= 15 c=0.884 alpha=-0.421 beta=+0.999 | loss 15.5013 size 402.6 MB zeros 52.6%
gen 39 [46/100] k= 17 c=0.968 alpha=-0.469 beta=+0.501 | loss 5.1127 size 425.7 MB zeros 39.7%
gen 39 [47/100] k= 16 c=0.921 alpha=-0.323 beta=+0.828 | loss 15.5679 size 416.3 MB zeros 44.9%
gen 39 [48/100] k=  3 c=0.997 alpha=-0.486 beta=+0.015 | loss 16.0058 size 320.4 MB zeros 94.0%
gen 39 [49/100] k=  4 c=0.889 alpha=-0.226 beta=+0.993 | loss 17.4983 size 325.7 MB zeros 91.1%
gen 39 [50/100] k= 75 c=0.969 alpha=-0.998 beta=+0.046 | loss 17.8889 size 513.8 MB zeros 37.4%
gen 39 [51/100] k=  3 c=0.996 alpha=-0.486 beta=+0.026 | loss 15.9900 size 320.4 MB zeros 94.0%
gen 39 [52/100] k=  9 c=0.940 alpha=-0.025 beta=+0.100 | loss 7.0734 size 398.8 MB zeros 39.6%
gen 39 [53/100] k= 17 c=0.986 alpha=-0.519 beta=+0.477 | loss 5.2641 size 424.1 MB zeros 40.6%
gen 39 [54/100] k= 59 c=0.788 alpha=-0.380 beta=+0.542 | loss 4.5617 size 486.2 MB zeros 37.2%
gen 39 [55/100] k= 22 c=0.756 alpha=-0.203 beta=+0.589 | loss 15.3621 size 469.1 MB zeros 32.3%
gen 39 [56/100] k=  9 c=0.922 alpha=-0.598 beta=+0.623 | loss 7.6518 size 385.5 MB zeros 49.5%
gen 39 [57/100] k= 16 c=0.915 alpha=-0.444 beta=+0.398 | loss 4.5492 size 433.4 MB zeros 35.4%
gen 39 [58/100] k= 62 c=0.969 alpha=-0.057 beta=+0.089 | loss 3.0876 size 541.4 MB zeros 7.1%
gen 39 [59/100] k=  9 c=0.911 alpha=-0.630 beta=+0.814 | loss 15.2914 size 377.1 MB zeros 55.8%
gen 39 [60/100] k=  9 c=0.919 alpha=-0.574 beta=+0.589 | loss 6.8979 size 387.8 MB zeros 47.8%
gen 39 [61/100] k= 32 c=0.944 alpha=-0.691 beta=+0.598 | loss 7.2709 size 429.5 MB zeros 50.0%
gen 39 [62/100] k=  9 c=0.787 alpha=-0.997 beta=+0.598 | loss 17.4298 size 372.7 MB zeros 59.0%
gen 39 [63/100] k=  5 c=0.946 alpha=-0.995 beta=+0.841 | loss 15.7821 size 344.3 MB zeros 70.4%
gen 39 [64/100] k=  3 c=0.973 alpha=-0.998 beta=+0.905 | loss 15.4158 size 320.7 MB zeros 93.4%
gen 39 [65/100] k= 16 c=0.941 alpha=-0.451 beta=+0.462 | loss 4.8344 size 428.9 MB zeros 37.9%
gen 39 [66/100] k= 65 c=0.972 alpha=-0.013 beta=+0.094 | loss 3.0699 size 567.2 MB zeros 7.0%
gen 39 [67/100] k= 11 c=0.936 alpha=-0.224 beta=+0.460 | loss 5.3457 size 432.3 MB zeros 36.0%
gen 39 [68/100] k=  6 c=0.988 alpha=-0.080 beta=+0.976 | loss 15.2523 size 357.0 MB zeros 70.8%
gen 39 [69/100] k=  5 c=0.962 alpha=-0.413 beta=+0.998 | loss 14.2279 size 344.3 MB zeros 70.3%
gen 39 [70/100] k=  3 c=0.995 alpha=-0.823 beta=+0.085 | loss 16.0815 size 320.5 MB zeros 93.9%
gen 39 [71/100] k= 16 c=0.939 alpha=-0.496 beta=+0.565 | loss 5.6269 size 419.9 MB zeros 42.9%
gen 39 [72/100] k= 16 c=0.922 alpha=-0.697 beta=+0.647 | loss 8.5250 size 403.5 MB zeros 52.1%
gen 39 [73/100] k= 24 c=0.970 alpha=-0.139 beta=+0.379 | loss 3.5217 size 487.9 MB zeros 23.9%
gen 39 [74/100] k= 58 c=0.992 alpha=-0.215 beta=+0.006 | loss 3.1390 size 541.4 MB zeros 12.4%
gen 39 [75/100] k=  9 c=0.932 alpha=-0.784 beta=+0.861 | loss 10.1682 size 369.5 MB zeros 61.4%
gen 39 [76/100] k= 31 c=0.916 alpha=-0.228 beta=+0.909 | loss 15.4238 size 446.3 MB zeros 42.5%
gen 39 [77/100] k= 17 c=0.801 alpha=-0.999 beta=+0.999 | loss 11.4612 size 371.8 MB zeros 69.8%
gen 39 [78/100] k= 29 c=0.972 alpha=-0.584 beta=+0.546 | loss 5.7594 size 441.2 MB zeros 44.8%
gen 39 [79/100] k=  9 c=0.968 alpha=-0.498 beta=+0.484 | loss 7.8624 size 393.6 MB zeros 43.4%
gen 39 [80/100] k= 11 c=0.948 alpha=-0.915 beta=+0.021 | loss 17.5965 size 408.3 MB zeros 49.4%
gen 39 [81/100] k=  9 c=0.787 alpha=-0.487 beta=+0.544 | loss 6.5982 size 394.1 MB zeros 43.1%
gen 39 [82/100] k= 15 c=0.989 alpha=-0.998 beta=+0.998 | loss 10.6094 size 371.8 MB zeros 69.8%
gen 39 [83/100] k=  9 c=0.986 alpha=-0.834 beta=+0.814 | loss 10.1742 size 369.2 MB zeros 61.6%
gen 39 [84/100] k=215 c=0.986 alpha=-0.061 beta=+0.079 | loss 3.0551 size 630.8 MB zeros 6.0%
gen 39 [85/100] k=  5 c=0.951 alpha=-0.998 beta=+0.989 | loss 15.4632 size 342.4 MB zeros 72.4%
gen 39 [86/100] k=  9 c=0.776 alpha=-0.392 beta=+0.080 | loss 5.7713 size 405.4 MB zeros 34.7%
gen 39 [87/100] k= 57 c=0.967 alpha=-0.538 beta=+0.096 | loss 17.9502 size 516.9 MB zeros 25.8%
gen 39 [88/100] k= 31 c=0.935 alpha=-0.257 beta=+0.078 | loss 3.2202 size 496.6 MB zeros 16.8%
gen 39 [89/100] k= 17 c=0.978 alpha=-0.102 beta=+0.208 | loss 3.6377 size 457.0 MB zeros 22.2%
gen 39 [90/100] k= 19 c=0.711 alpha=-0.284 beta=+0.204 | loss 3.9091 size 493.6 MB zeros 21.4%
gen 39 [91/100] k=  8 c=0.942 alpha=-0.909 beta=+0.838 | loss 11.2809 size 365.0 MB zeros 64.8%
gen 39 [92/100] k=  6 c=0.941 alpha=-0.994 beta=+0.472 | loss 16.3796 size 358.5 MB zeros 69.7%
gen 39 [93/100] k= 65 c=0.983 alpha=-0.013 beta=+0.094 | loss 3.0743 size 567.1 MB zeros 7.1%
gen 39 [94/100] k=  3 c=0.936 alpha=-0.767 beta=+0.821 | loss 17.1775 size 321.1 MB zeros 92.5%
gen 39 [95/100] k=  6 c=0.970 alpha=-0.017 beta=+0.065 | loss 16.4326 size 360.3 MB zeros 68.3%
gen 39 [96/100] k= 74 c=0.970 alpha=-0.014 beta=+0.162 | loss 3.0832 size 586.1 MB zeros 9.4%
gen 39 [97/100] k=  5 c=0.881 alpha=-0.998 beta=+0.941 | loss 13.8821 size 343.9 MB zeros 70.8%
gen 39 [98/100] k= 10 c=0.996 alpha=-0.486 beta=+0.026 | loss 7.7822 size 420.4 MB zeros 42.6%
gen 39 [99/100] k= 73 c=0.964 alpha=-0.552 beta=+0.546 | loss 5.4004 size 494.1 MB zeros 43.7%
gen 39 [100/100] k=  9 c=0.963 alpha=-0.992 beta=+0.837 | loss 16.4074 size 363.3 MB zeros 66.0%
=== generation 39/50 done in 162s (0 from cache), Pareto front has 100 points, best loss 3.0523, smallest 320.4 MB
gen 40 [1/100] k= 10 c=0.988 alpha=-1.000 beta=+0.998 | loss 14.0698 size 371.2 MB zeros 70.1%
gen 40 [2/100] k=  3 c=0.995 alpha=-0.925 beta=+0.996 | loss 15.9570 size 320.5 MB zeros 93.9%
gen 40 [3/100] k= 32 c=0.998 alpha=-0.012 beta=+0.536 | loss 15.2638 size 479.7 MB zeros 27.6%
gen 40 [4/100] k= 34 c=0.940 alpha=-0.615 beta=+0.499 | loss 5.5571 size 467.6 MB zeros 44.2%
gen 40 [6/100] k=  9 c=0.992 alpha=-0.834 beta=+0.814 | loss 10.4080 size 369.2 MB zeros 61.7%
gen 40 [7/100] k= 32 c=0.946 alpha=-0.395 beta=+0.487 | loss 4.2494 size 461.0 MB zeros 35.9%
gen 40 [8/100] k=  9 c=0.783 alpha=-0.564 beta=+0.575 | loss 6.8317 size 389.7 MB zeros 46.4%
gen 40 [9/100] k= 32 c=0.956 alpha=-0.224 beta=+0.342 | loss 3.3858 size 487.8 MB zeros 24.0%
gen 40 [10/100] k=  9 c=0.921 alpha=-0.591 beta=+0.650 | loss 8.7699 size 384.7 MB zeros 50.1%
gen 40 [11/100] k=  9 c=0.925 alpha=-0.843 beta=+0.821 | loss 10.5632 size 368.8 MB zeros 61.9%
gen 40 [12/100] k= 16 c=0.984 alpha=-0.444 beta=+0.437 | loss 4.8278 size 430.6 MB zeros 36.9%
gen 40 [13/100] k= 16 c=0.940 alpha=-0.430 beta=+0.104 | loss 4.0531 size 442.9 MB zeros 30.0%
gen 40 [14/100] k= 16 c=0.935 alpha=-0.453 beta=+0.484 | loss 4.7785 size 427.4 MB zeros 38.7%
gen 40 [15/100] k= 17 c=0.948 alpha=-0.915 beta=+0.227 | loss 17.7736 size 417.9 MB zeros 44.0%
gen 40 [16/100] k=  9 c=0.987 alpha=-0.392 beta=+0.488 | loss 7.6427 size 395.0 MB zeros 42.5%
gen 40 [17/100] k=  9 c=0.939 alpha=-0.408 beta=+0.534 | loss 7.4512 size 394.7 MB zeros 42.7%
gen 40 [18/100] k=  9 c=0.960 alpha=-0.998 beta=+0.969 | loss 12.5968 size 358.8 MB zeros 69.4%
gen 40 [19/100] k=  5 c=0.946 alpha=-0.202 beta=+0.398 | loss 15.4139 size 347.1 MB zeros 67.2%
gen 40 [20/100] k= 74 c=0.884 alpha=-0.995 beta=+0.999 | loss 10.7948 size 412.6 MB zeros 69.7%
gen 40 [21/100] k= 17 c=0.936 alpha=-0.233 beta=+0.821 | loss 15.5371 size 422.2 MB zeros 41.6%
gen 40 [22/100] k= 17 c=0.922 alpha=-0.588 beta=+0.624 | loss 7.0259 size 411.3 MB zeros 47.7%
gen 40 [23/100] k=  5 c=0.940 alpha=-0.108 beta=+0.421 | loss 15.6144 size 347.3 MB zeros 66.9%
gen 40 [24/100] k=  3 c=0.969 alpha=-0.444 beta=+0.104 | loss 15.4080 size 320.7 MB zeros 93.3%
gen 40 [25/100] k=  3 c=0.787 alpha=-0.487 beta=+0.581 | loss 16.8019 size 323.4 MB zeros 87.4%
gen 40 [26/100] k= 31 c=0.996 alpha=-0.152 beta=+0.405 | loss 3.4826 size 488.3 MB zeros 23.8%
gen 40 [27/100] k= 16 c=0.787 alpha=-0.375 beta=+1.000 | loss 15.4316 size 405.8 MB zeros 50.8%
gen 40 [28/100] k=  5 c=0.884 alpha=-0.985 beta=+0.999 | loss 12.2275 size 343.1 MB zeros 71.7%
gen 40 [29/100] k=  5 c=0.969 alpha=-0.996 beta=+0.554 | loss 15.2619 size 344.1 MB zeros 70.5%
gen 40 [30/100] k= 25 c=0.988 alpha=-0.987 beta=+0.998 | loss 10.5367 size 386.0 MB zeros 69.5%
gen 40 [31/100] k= 17 c=0.970 alpha=-0.139 beta=+0.378 | loss 3.7673 size 448.3 MB zeros 27.0%
gen 40 [32/100] k=  9 c=0.860 alpha=-0.006 beta=+0.578 | loss 13.8689 size 395.6 MB zeros 42.0%
gen 40 [33/100] k=  3 c=0.970 alpha=-0.575 beta=+0.544 | loss 15.4335 size 320.7 MB zeros 93.3%
gen 40 [34/100] k=  9 c=0.938 alpha=-0.837 beta=+0.801 | loss 10.4298 size 369.7 MB zeros 61.3%
gen 40 [35/100] k=  5 c=0.994 alpha=-0.014 beta=+0.466 | loss 15.3681 size 345.2 MB zeros 69.4%
gen 40 [36/100] k=  9 c=0.920 alpha=-0.585 beta=+0.647 | loss 8.2175 size 385.0 MB zeros 49.9%
gen 40 [37/100] k=  9 c=0.948 alpha=-0.448 beta=+0.562 | loss 7.4330 size 392.7 MB zeros 44.1%
gen 40 [38/100] k= 31 c=0.988 alpha=-0.224 beta=+0.554 | loss 15.2732 size 470.4 MB zeros 31.7%
gen 40 [39/100] k=  9 c=0.977 alpha=-0.579 beta=+0.104 | loss 7.6134 size 392.3 MB zeros 44.5%
gen 40 [40/100] k=  7 c=0.935 alpha=-0.801 beta=+0.765 | loss 12.0901 size 370.9 MB zeros 60.4%
gen 40 [41/100] k= 16 c=0.978 alpha=-0.436 beta=+0.507 | loss 5.0859 size 427.0 MB zeros 39.0%
gen 40 [42/100] k= 13 c=0.859 alpha=-0.585 beta=+0.321 | loss 17.5608 size 429.0 MB zeros 37.8%
gen 40 [43/100] k=  5 c=0.784 alpha=-0.999 beta=+0.243 | loss 17.8600 size 348.9 MB zeros 65.2%
gen 40 [44/100] k= 59 c=0.983 alpha=-0.013 beta=+0.008 | loss 3.1441 size 541.4 MB zeros 6.4%
gen 40 [45/100] k=  3 c=0.985 alpha=-0.369 beta=+0.980 | loss 16.1797 size 320.6 MB zeros 93.7%
gen 40 [46/100] k= 32 c=0.967 alpha=-0.025 beta=+0.100 | loss 3.1663 size 496.7 MB zeros 12.0%
gen 40 [47/100] k=  9 c=0.934 alpha=-0.619 beta=+0.593 | loss 7.3801 size 385.8 MB zeros 49.3%
gen 40 [48/100] k= 72 c=0.964 alpha=-0.017 beta=+0.096 | loss 3.0595 size 586.1 MB zeros 6.8%
gen 40 [49/100] k=  5 c=0.784 alpha=-0.999 beta=+0.999 | loss 10.7100 size 343.5 MB zeros 71.2%
gen 40 [50/100] k=  5 c=0.963 alpha=-0.553 beta=+0.010 | loss 16.0884 size 346.4 MB zeros 68.0%
gen 40 [51/100] k= 17 c=0.946 alpha=-0.522 beta=+0.049 | loss 17.5141 size 439.9 MB zeros 31.8%
gen 40 [52/100] k=  9 c=0.943 alpha=-0.435 beta=+0.589 | loss 7.3114 size 392.1 MB zeros 44.6%
gen 40 [54/100] k= 72 c=0.964 alpha=-0.013 beta=+0.208 | loss 3.1114 size 586.1 MB zeros 11.4%
gen 40 [55/100] k=  9 c=0.776 alpha=-0.221 beta=+0.373 | loss 5.8096 size 405.9 MB zeros 34.3%
gen 40 [56/100] k=  9 c=0.972 alpha=-0.449 beta=+0.649 | loss 15.2393 size 388.9 MB zeros 47.0%
gen 40 [57/100] k= 58 c=0.994 alpha=-0.215 beta=+0.096 | loss 3.1349 size 541.4 MB zeros 13.5%
gen 40 [58/100] k=  4 c=0.770 alpha=-0.995 beta=+0.993 | loss 17.2632 size 329.6 MB zeros 86.7%
gen 40 [59/100] k= 65 c=0.995 alpha=-0.026 beta=+0.499 | loss 15.3132 size 524.4 MB zeros 23.0%
gen 40 [60/100] k=  9 c=0.754 alpha=-0.427 beta=+0.501 | loss 6.7139 size 398.7 MB zeros 39.7%
gen 40 [61/100] k=  9 c=0.941 alpha=-0.049 beta=+0.789 | loss 15.0914 size 385.3 MB zeros 49.6%
gen 40 [62/100] k=215 c=0.755 alpha=-0.061 beta=+0.014 | loss 3.2255 size 630.8 MB zeros 3.3%
gen 40 [63/100] k= 16 c=0.765 alpha=-0.403 beta=+0.342 | loss 4.4544 size 440.3 MB zeros 31.5%
gen 40 [64/100] k=  9 c=0.906 alpha=-0.585 beta=+0.485 | loss 6.6841 size 391.4 MB zeros 45.1%
gen 40 [65/100] k= 28 c=0.970 alpha=-0.619 beta=+0.958 | loss 15.2591 size 411.3 MB zeros 58.2%
gen 40 [66/100] k=  3 c=0.979 alpha=-0.013 beta=+0.096 | loss 15.9870 size 320.6 MB zeros 93.5%
gen 40 [67/100] k= 10 c=0.935 alpha=-0.816 beta=+0.455 | loss 18.0028 size 405.0 MB zeros 51.2%
gen 40 [68/100] k=  9 c=0.936 alpha=-0.317 beta=+0.405 | loss 7.1821 size 398.7 MB zeros 39.7%
gen 40 [69/100] k= 17 c=0.989 alpha=-0.999 beta=+0.997 | loss 11.3018 size 371.8 MB zeros 69.8%
gen 40 [70/100] k= 17 c=0.970 alpha=-0.575 beta=+0.544 | loss 6.4008 size 416.7 MB zeros 44.7%
gen 40 [71/100] k= 17 c=0.999 alpha=-0.486 beta=+0.805 | loss 15.5414 size 407.5 MB zeros 49.8%
gen 40 [72/100] k=  5 c=0.944 alpha=-0.971 beta=+0.013 | loss 16.1740 size 345.1 MB zeros 69.4%
gen 40 [73/100] k=  5 c=0.933 alpha=-0.996 beta=+0.319 | loss 16.7532 size 345.1 MB zeros 69.5%
gen 40 [74/100] k= 17 c=0.941 alpha=-0.087 beta=+0.177 | loss 3.5386 size 458.6 MB zeros 21.3%
gen 40 [75/100] k=  8 c=0.767 alpha=-0.289 beta=+0.983 | loss 15.2420 size 376.8 MB zeros 56.0%
gen 40 [76/100] k=  3 c=0.824 alpha=-1.000 beta=+0.999 | loss 17.4139 size 322.7 MB zeros 88.9%
gen 40 [77/100] k=  7 c=0.986 alpha=-0.998 beta=+0.998 | loss 11.2351 size 357.2 MB zeros 70.6%
gen 40 [78/100] k= 72 c=0.978 alpha=-0.612 beta=+0.096 | loss 17.9390 size 542.6 MB zeros 28.2%
gen 40 [79/100] k= 16 c=0.919 alpha=-0.400 beta=+0.333 | loss 4.1341 size 440.1 MB zeros 31.6%
gen 40 [80/100] k= 13 c=0.711 alpha=-0.444 beta=+0.077 | loss 4.8807 size 444.6 MB zeros 29.1%
gen 40 [81/100] k= 17 c=0.986 alpha=-0.525 beta=+0.515 | loss 5.6985 size 421.4 MB zeros 42.1%
gen 40 [82/100] k=  3 c=0.962 alpha=-0.991 beta=+0.986 | loss 16.1346 size 320.8 MB zeros 93.1%
gen 40 [83/100] k=  7 c=0.964 alpha=-0.639 beta=+0.639 | loss 12.7991 size 379.5 MB zeros 54.0%
gen 40 [84/100] k=  9 c=0.783 alpha=-0.915 beta=+0.838 | loss 10.8230 size 366.1 MB zeros 64.0%
gen 40 [85/100] k=215 c=0.943 alpha=-0.061 beta=+0.083 | loss 3.0653 size 630.8 MB zeros 6.2%
gen 40 [86/100] k= 17 c=0.906 alpha=-0.450 beta=+0.566 | loss 5.2877 size 423.2 MB zeros 41.1%
gen 40 [87/100] k= 65 c=0.980 alpha=-0.014 beta=+0.094 | loss 3.0686 size 567.1 MB zeros 7.1%
gen 40 [88/100] k= 17 c=0.944 alpha=-0.094 beta=+0.201 | loss 3.5654 size 458.3 MB zeros 21.4%
gen 40 [89/100] k= 19 c=0.946 alpha=-0.195 beta=+0.593 | loss 15.4837 size 466.9 MB zeros 33.3%
gen 40 [90/100] k=  7 c=0.711 alpha=-0.286 beta=+0.996 | loss 15.3170 size 378.2 MB zeros 54.9%
gen 40 [91/100] k=  9 c=0.935 alpha=-0.706 beta=+0.881 | loss 15.5956 size 371.7 MB zeros 59.8%
gen 40 [92/100] k= 32 c=0.944 alpha=-0.387 beta=+0.116 | loss 3.3542 size 492.2 MB zeros 22.0%
gen 40 [93/100] k=  9 c=0.943 alpha=-0.828 beta=+0.816 | loss 10.2887 size 369.5 MB zeros 61.5%
gen 40 [94/100] k= 58 c=0.992 alpha=-0.152 beta=+0.096 | loss 3.1118 size 541.4 MB zeros 10.9%
gen 40 [95/100] k= 61 c=0.983 alpha=-0.013 beta=+0.094 | loss 3.1044 size 541.4 MB zeros 7.3%
gen 40 [96/100] k=  4 c=0.944 alpha=-0.984 beta=+0.980 | loss 17.2344 size 324.3 MB zeros 92.7%
gen 40 [97/100] k=  5 c=0.774 alpha=-0.987 beta=+0.932 | loss 11.5749 size 345.0 MB zeros 69.5%
gen 40 [98/100] k=  6 c=0.943 alpha=-0.619 beta=+0.589 | loss 15.8544 size 361.9 MB zeros 67.1%
gen 40 [99/100] k= 33 c=0.784 alpha=-0.223 beta=+0.448 | loss 3.7088 size 479.4 MB zeros 27.7%
gen 40 [100/100] k= 18 c=0.966 alpha=-0.928 beta=+0.957 | loss 12.0248 size 391.3 MB zeros 67.1%
=== generation 40/50 done in 159s (2 from cache), Pareto front has 100 points, best loss 3.0523, smallest 320.4 MB
gen 41 [2/100] k=  3 c=0.976 alpha=-0.447 beta=+0.436 | loss 15.5610 size 320.7 MB zeros 93.5%
gen 41 [3/100] k= 14 c=0.711 alpha=-0.286 beta=+0.270 | loss 4.4388 size 450.1 MB zeros 25.2%
gen 41 [4/100] k= 72 c=0.784 alpha=-0.999 beta=+0.091 | loss 17.9015 size 509.2 MB zeros 38.8%
gen 41 [5/100] k=  5 c=0.988 alpha=-1.000 beta=+0.997 | loss 14.7332 size 341.8 MB zeros 73.1%
gen 41 [6/100] k= 58 c=0.969 alpha=-0.060 beta=+0.094 | loss 3.0815 size 541.4 MB zeros 7.6%
gen 41 [7/100] k= 72 c=0.964 alpha=-0.140 beta=+0.096 | loss 3.0840 size 586.1 MB zeros 10.2%
gen 41 [8/100] k=  7 c=0.939 alpha=-0.021 beta=+0.434 | loss 11.6400 size 384.8 MB zeros 50.0%
gen 41 [9/100] k=  5 c=0.995 alpha=-0.486 beta=+0.030 | loss 15.1718 size 345.1 MB zeros 69.4%
gen 41 [11/100] k=  9 c=0.964 alpha=-0.625 beta=+0.639 | loss 8.9646 size 383.5 MB zeros 51.0%
gen 41 [12/100] k=  4 c=0.921 alpha=-0.591 beta=+0.989 | loss 16.9238 size 324.9 MB zeros 92.1%
gen 41 [13/100] k= 36 c=0.905 alpha=-0.496 beta=+0.546 | loss 5.0557 size 474.1 MB zeros 41.7%
gen 41 [14/100] k= 20 c=0.775 alpha=-0.394 beta=+0.522 | loss 4.8073 size 458.1 MB zeros 37.3%
gen 41 [15/100] k=  5 c=0.970 alpha=-0.998 beta=+0.998 | loss 14.5505 size 342.1 MB zeros 72.8%
gen 41 [16/100] k=  9 c=0.765 alpha=-0.400 beta=+0.582 | loss 15.1264 size 396.1 MB zeros 41.6%
gen 41 [17/100] k=  9 c=0.708 alpha=-0.256 beta=+0.385 | loss 5.5627 size 408.0 MB zeros 32.7%
gen 41 [18/100] k=  9 c=0.966 alpha=-0.487 beta=+0.581 | loss 7.8541 size 390.7 MB zeros 45.7%
gen 41 [19/100] k= 20 c=0.964 alpha=-0.131 beta=+0.177 | loss 3.5055 size 493.8 MB zeros 19.6%
gen 41 [20/100] k= 62 c=0.985 alpha=-0.585 beta=+0.647 | loss 7.0265 size 456.8 MB zeros 48.2%
gen 41 [21/100] k=  5 c=0.965 alpha=-0.988 beta=+0.997 | loss 14.2835 size 342.3 MB zeros 72.6%
gen 41 [22/100] k=  9 c=0.934 alpha=-0.828 beta=+0.821 | loss 10.0488 size 369.3 MB zeros 61.6%
gen 41 [23/100] k=  7 c=0.940 alpha=-0.417 beta=+0.837 | loss 14.9331 size 376.1 MB zeros 56.6%
gen 41 [24/100] k=  9 c=0.880 alpha=-0.985 beta=+0.469 | loss 17.6845 size 377.7 MB zeros 55.3%
gen 41 [25/100] k= 31 c=0.963 alpha=-0.325 beta=+0.314 | loss 3.5311 size 481.5 MB zeros 26.8%
gen 41 [26/100] k= 59 c=0.929 alpha=-0.085 beta=+0.395 | loss 3.4683 size 532.2 MB zeros 20.1%
gen 41 [27/100] k=  5 c=0.980 alpha=-0.971 beta=+0.009 | loss 14.7256 size 344.2 MB zeros 70.5%
gen 41 [28/100] k=  9 c=0.920 alpha=-0.585 beta=+0.250 | loss 7.1494 size 393.6 MB zeros 43.5%
gen 41 [29/100] k= 10 c=0.997 alpha=-0.320 beta=+0.096 | loss 7.5057 size 422.3 MB zeros 41.6%
gen 41 [30/100] k= 32 c=0.958 alpha=-0.025 beta=+0.100 | loss 3.1438 size 496.7 MB zeros 11.9%
gen 41 [31/100] k=  9 c=0.777 alpha=-0.449 beta=+0.577 | loss 6.2838 size 394.4 MB zeros 42.9%
gen 41 [32/100] k=  7 c=0.936 alpha=-0.998 beta=+0.820 | loss 18.0140 size 362.9 MB zeros 66.4%
gen 41 [33/100] k= 13 c=0.978 alpha=-0.102 beta=+0.208 | loss 4.3980 size 444.9 MB zeros 28.7%
gen 41 [34/100] k=  9 c=0.796 alpha=-0.915 beta=+0.838 | loss 11.0065 size 366.0 MB zeros 64.0%
gen 41 [35/100] k=  3 c=0.936 alpha=-0.028 beta=+0.384 | loss 17.1594 size 321.1 MB zeros 92.5%
gen 41 [36/100] k=  5 c=0.988 alpha=-0.999 beta=+0.998 | loss 14.8224 size 341.8 MB zeros 73.1%
gen 41 [37/100] k=216 c=0.941 alpha=-0.063 beta=+0.421 | loss 3.5601 size 604.4 MB zeros 19.9%
gen 41 [38/100] k= 16 c=0.936 alpha=-0.621 beta=+0.334 | loss 17.4228 size 426.6 MB zeros 39.1%
gen 41 [39/100] k= 65 c=0.983 alpha=-0.957 beta=+0.019 | loss 17.8966 size 487.4 MB zeros 36.8%
gen 41 [40/100] k=  9 c=0.996 alpha=-0.988 beta=+0.853 | loss 16.2050 size 362.8 MB zeros 66.4%
gen 41 [41/100] k= 31 c=0.952 alpha=-0.630 beta=+0.589 | loss 6.6952 size 434.5 MB zeros 47.8%
gen 41 [42/100] k=  5 c=0.769 alpha=-0.998 beta=+0.999 | loss 10.9044 size 343.6 MB zeros 71.1%
gen 41 [43/100] k= 14 c=0.941 alpha=-0.689 beta=+0.437 | loss 17.5582 size 415.9 MB zeros 45.1%
gen 41 [44/100] k=  9 c=0.711 alpha=-0.008 beta=+0.041 | loss 5.3776 size 410.3 MB zeros 31.0%
gen 41 [45/100] k=  9 c=0.922 alpha=-0.996 beta=+0.623 | loss 17.6507 size 371.3 MB zeros 60.1%
gen 41 [46/100] k=  3 c=0.993 alpha=-0.001 beta=+0.953 | loss 16.1057 size 320.5 MB zeros 93.9%
gen 41 [47/100] k=  9 c=0.858 alpha=-0.585 beta=+0.577 | loss 6.6236 size 388.2 MB zeros 47.5%
gen 41 [48/100] k=  5 c=0.774 alpha=-0.157 beta=+0.982 | loss 15.0244 size 349.5 MB zeros 64.6%
gen 41 [50/100] k=  9 c=0.769 alpha=-0.421 beta=+0.571 | loss 6.4392 size 395.8 MB zeros 41.8%
gen 41 [51/100] k= 16 c=0.920 alpha=-0.415 beta=+0.333 | loss 4.1684 size 439.2 MB zeros 32.1%
gen 41 [52/100] k=  6 c=0.979 alpha=-0.013 beta=+0.986 | loss 15.4719 size 357.2 MB zeros 70.6%
gen 41 [53/100] k=  9 c=0.711 alpha=-0.444 beta=+0.112 | loss 5.5935 size 405.6 MB zeros 34.6%
gen 41 [54/100] k= 70 c=0.983 alpha=-0.012 beta=+0.083 | loss 3.0686 size 586.1 MB zeros 6.5%
gen 41 [55/100] k=  3 c=0.970 alpha=-0.575 beta=+0.543 | loss 15.4862 size 320.7 MB zeros 93.3%
gen 41 [56/100] k= 18 c=0.935 alpha=-0.619 beta=+0.744 | loss 7.5634 size 424.0 MB zeros 52.5%
gen 41 [57/100] k= 57 c=0.994 alpha=-0.215 beta=+0.092 | loss 3.1358 size 541.4 MB zeros 13.3%
gen 41 [58/100] k= 70 c=0.944 alpha=-0.279 beta=+0.440 | loss 3.5551 size 538.2 MB zeros 29.6%
gen 41 [59/100] k=  3 c=1.000 alpha=-0.971 beta=+0.016 | loss 16.0309 size 320.4 MB zeros 94.0%
gen 41 [60/100] k=  5 c=0.884 alpha=-0.994 beta=+0.999 | loss 12.7618 size 342.9 MB zeros 71.8%
gen 41 [61/100] k=  9 c=0.963 alpha=-0.998 beta=+0.651 | loss 17.7049 size 370.0 MB zeros 61.1%
gen 41 [62/100] k=  9 c=0.932 alpha=-0.909 beta=+0.838 | loss 10.5425 size 366.0 MB zeros 64.1%
gen 41 [63/100] k=215 c=0.995 alpha=-0.061 beta=+0.048 | loss 3.0580 size 630.8 MB zeros 4.7%
gen 41 [64/100] k=  9 c=0.937 alpha=-0.758 beta=+0.777 | loss 9.4141 size 373.4 MB zeros 58.5%
gen 41 [65/100] k=  5 c=0.762 alpha=-0.405 beta=+0.319 | loss 13.5286 size 355.4 MB zeros 58.0%
gen 41 [66/100] k= 65 c=0.783 alpha=-0.014 beta=+0.094 | loss 3.1971 size 568.9 MB zeros 6.4%
gen 41 [67/100] k=  8 c=0.760 alpha=-0.979 beta=+0.999 | loss 13.1087 size 358.4 MB zeros 69.7%
gen 41 [68/100] k=  5 c=0.945 alpha=-0.999 beta=+0.998 | loss 15.8708 size 342.3 MB zeros 72.5%
gen 41 [69/100] k=  5 c=0.782 alpha=-0.998 beta=+0.998 | loss 10.8281 size 343.5 MB zeros 71.2%
gen 41 [70/100] k=  9 c=0.805 alpha=-0.392 beta=+0.490 | loss 6.2536 size 399.6 MB zeros 39.0%
gen 41 [71/100] k=  9 c=0.948 alpha=-0.898 beta=+0.396 | loss 17.8595 size 381.2 MB zeros 52.7%
gen 41 [72/100] k=  5 c=0.915 alpha=-0.445 beta=+0.970 | loss 14.1334 size 345.9 MB zeros 68.5%
gen 41 [73/100] k=  9 c=0.758 alpha=-0.429 beta=+0.099 | loss 5.7423 size 404.7 MB zeros 35.2%
gen 41 [74/100] k= 16 c=0.969 alpha=-0.406 beta=+0.096 | loss 4.1148 size 443.7 MB zeros 29.6%
gen 41 [75/100] k= 65 c=0.996 alpha=-0.014 beta=+0.094 | loss 3.0799 size 567.0 MB zeros 7.1%
gen 41 [76/100] k=  9 c=0.711 alpha=-0.286 beta=+0.601 | loss 14.9151 size 398.8 MB zeros 39.6%
gen 41 [77/100] k= 58 c=0.969 alpha=-0.585 beta=+0.647 | loss 7.1393 size 456.8 MB zeros 48.2%
gen 41 [78/100] k=  9 c=0.787 alpha=-0.616 beta=+0.581 | loss 7.0640 size 387.2 MB zeros 48.2%
gen 41 [79/100] k=  9 c=0.783 alpha=-0.391 beta=+0.490 | loss 5.9890 size 400.0 MB zeros 38.7%
gen 41 [80/100] k=  5 c=0.962 alpha=-0.678 beta=+0.999 | loss 13.9141 size 344.3 MB zeros 70.4%
gen 41 [81/100] k= 16 c=0.952 alpha=-0.399 beta=+0.499 | loss 4.6545 size 429.8 MB zeros 37.4%
gen 41 [82/100] k=  5 c=0.940 alpha=-0.995 beta=+0.969 | loss 15.4811 size 342.9 MB zeros 71.9%
gen 41 [83/100] k= 16 c=0.992 alpha=-0.456 beta=+0.447 | loss 5.0042 size 429.3 MB zeros 37.7%
gen 41 [84/100] k= 16 c=0.939 alpha=-0.420 beta=+0.502 | loss 4.8283 size 428.4 MB zeros 38.2%
gen 41 [85/100] k= 12 c=0.986 alpha=-0.104 beta=+0.079 | loss 5.4559 size 435.8 MB zeros 34.0%
gen 41 [86/100] k= 13 c=0.939 alpha=-0.003 beta=+0.531 | loss 15.3239 size 433.2 MB zeros 35.5%
gen 41 [87/100] k=  6 c=0.988 alpha=-0.047 beta=+0.997 | loss 15.3572 size 356.6 MB zeros 71.1%
gen 41 [88/100] k=  5 c=0.884 alpha=-0.475 beta=+0.999 | loss 14.8851 size 346.3 MB zeros 68.1%
gen 41 [89/100] k= 10 c=0.967 alpha=-0.224 beta=+0.440 | loss 7.7581 size 423.2 MB zeros 41.0%
gen 41 [90/100] k=  9 c=0.934 alpha=-0.827 beta=+0.821 | loss 9.9512 size 369.4 MB zeros 61.5%
gen 41 [91/100] k= 17 c=0.951 alpha=-0.100 beta=+0.603 | loss 15.4392 size 434.8 MB zeros 34.6%
gen 41 [92/100] k= 72 c=0.979 alpha=-0.457 beta=+0.017 | loss 3.4290 size 564.6 MB zeros 21.2%
gen 41 [93/100] k=  9 c=0.884 alpha=-0.573 beta=+0.999 | loss 15.4202 size 373.3 MB zeros 58.6%
gen 41 [94/100] k=  5 c=0.964 alpha=-0.998 beta=+0.500 | loss 16.1831 size 344.3 MB zeros 70.4%
gen 41 [95/100] k=  9 c=0.934 alpha=-0.619 beta=+0.593 | loss 7.3748 size 385.8 MB zeros 49.3%
gen 41 [96/100] k= 31 c=0.956 alpha=-0.977 beta=+0.403 | loss 17.9875 size 427.4 MB zeros 51.0%
gen 41 [97/100] k=215 c=0.984 alpha=-0.011 beta=+0.291 | loss 3.1886 size 629.0 MB zeros 13.0%
gen 41 [98/100] k=  9 c=0.979 alpha=-0.585 beta=+0.597 | loss 8.5340 size 386.5 MB zeros 48.8%
gen 41 [99/100] k= 65 c=0.969 alpha=-0.048 beta=+0.094 | loss 3.0668 size 567.2 MB zeros 7.0%
gen 41 [100/100] k= 72 c=0.914 alpha=-0.013 beta=+0.100 | loss 3.0849 size 586.1 MB zeros 6.8%
=== generation 41/50 done in 157s (3 from cache), Pareto front has 100 points, best loss 3.0523, smallest 320.4 MB
gen 42 [1/100] k= 21 c=0.970 alpha=-0.966 beta=+0.437 | loss 18.0462 size 424.9 MB zeros 52.1%
gen 42 [2/100] k=  8 c=0.767 alpha=-0.390 beta=+0.546 | loss 8.3294 size 392.1 MB zeros 44.6%
gen 42 [3/100] k=  9 c=0.948 alpha=-0.908 beta=+0.838 | loss 10.2445 size 365.9 MB zeros 64.1%
gen 42 [4/100] k= 15 c=0.995 alpha=-0.455 beta=+0.026 | loss 4.2782 size 440.1 MB zeros 31.6%
gen 42 [5/100] k= 10 c=0.934 alpha=-0.428 beta=+0.566 | loss 6.6200 size 418.4 MB zeros 43.7%
gen 42 [6/100] k=  3 c=0.996 alpha=-0.486 beta=+0.651 | loss 15.9853 size 320.4 MB zeros 94.0%
gen 42 [7/100] k=  9 c=0.761 alpha=-0.429 beta=+0.325 | loss 5.7027 size 404.4 MB zeros 35.5%
gen 42 [8/100] k=  4 c=0.884 alpha=-0.179 beta=+0.999 | loss 17.2093 size 325.8 MB zeros 91.0%
gen 42 [9/100] k=  5 c=0.988 alpha=-0.996 beta=+0.988 | loss 15.0011 size 342.0 MB zeros 72.9%
gen 42 [10/100] k= 16 c=0.757 alpha=-0.394 beta=+0.477 | loss 4.9589 size 432.4 MB zeros 35.9%
gen 42 [11/100] k= 50 c=0.972 alpha=-0.585 beta=+0.647 | loss 6.9906 size 456.8 MB zeros 48.2%
gen 42 [12/100] k= 79 c=0.964 alpha=-0.017 beta=+0.096 | loss 3.0758 size 586.1 MB zeros 6.5%
gen 42 [13/100] k=  9 c=0.702 alpha=-0.429 beta=+0.034 | loss 5.6714 size 406.5 MB zeros 33.9%
gen 42 [14/100] k=  3 c=0.970 alpha=-0.619 beta=+0.990 | loss 15.4056 size 320.7 MB zeros 93.3%
gen 42 [15/100] k= 17 c=0.942 alpha=-0.023 beta=+0.334 | loss 3.6568 size 451.7 MB zeros 25.1%
gen 42 [16/100] k= 11 c=0.964 alpha=-0.128 beta=+0.376 | loss 5.3757 size 435.5 MB zeros 34.2%
gen 42 [17/100] k=  9 c=0.776 alpha=-0.448 beta=+0.565 | loss 6.2100 size 394.9 MB zeros 42.5%
gen 42 [18/100] k=  3 c=0.919 alpha=-0.575 beta=+0.544 | loss 17.0384 size 321.3 MB zeros 92.0%
gen 42 [19/100] k= 58 c=0.994 alpha=-0.258 beta=+0.096 | loss 3.1551 size 541.3 MB zeros 15.2%
gen 42 [20/100] k= 32 c=0.949 alpha=-0.996 beta=+0.983 | loss 10.5528 size 386.3 MB zeros 69.4%
gen 42 [21/100] k=  3 c=0.996 alpha=-0.971 beta=+0.989 | loss 15.9853 size 320.4 MB zeros 94.0%
gen 42 [22/100] k=  5 c=0.963 alpha=-0.996 beta=+0.093 | loss 15.9919 size 344.3 MB zeros 70.3%
gen 42 [23/100] k= 16 c=0.847 alpha=-0.585 beta=+0.578 | loss 6.7104 size 414.1 MB zeros 46.2%
gen 42 [24/100] k= 17 c=0.976 alpha=-0.448 beta=+0.431 | loss 4.5522 size 431.4 MB zeros 36.5%
gen 42 [25/100] k= 27 c=0.884 alpha=-0.987 beta=+0.069 | loss 17.8991 size 449.9 MB zeros 40.9%
gen 42 [26/100] k= 16 c=0.971 alpha=-0.454 beta=+0.484 | loss 4.9961 size 427.3 MB zeros 38.8%
gen 42 [27/100] k=  3 c=0.970 alpha=-0.575 beta=+0.536 | loss 15.4056 size 320.7 MB zeros 93.3%
gen 42 [28/100] k= 72 c=0.979 alpha=-0.007 beta=+0.096 | loss 3.0633 size 586.1 MB zeros 6.9%
gen 42 [29/100] k=  6 c=0.937 alpha=-0.482 beta=+0.589 | loss 15.5367 size 362.3 MB zeros 66.8%
gen 42 [30/100] k= 11 c=0.965 alpha=-0.059 beta=+0.096 | loss 5.3207 size 436.9 MB zeros 33.4%
gen 42 [31/100] k= 16 c=0.742 alpha=-0.399 beta=+0.499 | loss 5.1359 size 430.7 MB zeros 36.9%
gen 42 [32/100] k= 17 c=0.871 alpha=-0.956 beta=+0.981 | loss 11.5374 size 374.4 MB zeros 68.4%
gen 42 [33/100] k= 17 c=0.906 alpha=-0.452 beta=+0.627 | loss 6.2961 size 419.5 MB zeros 43.1%
gen 42 [34/100] k= 32 c=0.938 alpha=-0.915 beta=+0.838 | loss 9.6362 size 398.9 MB zeros 63.7%
gen 42 [35/100] k=  5 c=0.996 alpha=-0.971 beta=+0.091 | loss 15.5222 size 343.7 MB zeros 71.0%
gen 42 [36/100] k= 31 c=0.959 alpha=-0.325 beta=+0.655 | loss 15.1151 size 454.2 MB zeros 39.0%
gen 42 [37/100] k= 29 c=0.954 alpha=-0.998 beta=+0.998 | loss 11.1024 size 385.4 MB zeros 69.7%
gen 42 [38/100] k= 39 c=0.944 alpha=-0.224 beta=+0.469 | loss 3.5604 size 509.5 MB zeros 28.5%
gen 42 [39/100] k=  9 c=0.767 alpha=-0.408 beta=+0.490 | loss 5.9619 size 399.7 MB zeros 38.9%
gen 42 [40/100] k=  9 c=0.711 alpha=-0.105 beta=+0.430 | loss 5.6425 size 406.2 MB zeros 34.1%
gen 42 [41/100] k=215 c=0.969 alpha=-0.061 beta=+0.079 | loss 3.0581 size 630.8 MB zeros 6.0%
gen 42 [42/100] k=  5 c=0.782 alpha=-0.997 beta=+0.978 | loss 10.8925 size 343.9 MB zeros 70.8%
gen 42 [43/100] k= 16 c=0.939 alpha=-0.453 beta=+0.391 | loss 4.4036 size 433.1 MB zeros 35.5%
gen 42 [44/100] k= 10 c=0.906 alpha=-0.601 beta=+0.600 | loss 7.0929 size 409.2 MB zeros 48.9%
gen 42 [45/100] k=  7 c=0.962 alpha=-0.630 beta=+0.639 | loss 12.7498 size 379.8 MB zeros 53.8%
gen 42 [46/100] k=  3 c=0.944 alpha=-0.224 beta=+0.991 | loss 17.2344 size 321.0 MB zeros 92.7%
gen 42 [47/100] k=  5 c=0.962 alpha=-0.998 beta=+1.000 | loss 14.2238 size 342.1 MB zeros 72.7%
gen 42 [48/100] k=  9 c=0.948 alpha=-0.915 beta=+0.838 | loss 10.3001 size 365.7 MB zeros 64.3%
gen 42 [49/100] k=  5 c=0.971 alpha=-0.485 beta=+0.502 | loss 16.2485 size 346.1 MB zeros 68.3%
gen 42 [50/100] k= 16 c=0.906 alpha=-0.619 beta=+0.578 | loss 7.3054 size 411.9 MB zeros 47.4%
gen 42 [51/100] k=  9 c=0.921 alpha=-0.591 beta=+0.853 | loss 15.0775 size 377.2 MB zeros 55.7%
gen 42 [52/100] k=  5 c=0.785 alpha=-0.995 beta=+0.933 | loss 12.3178 size 344.8 MB zeros 69.8%
gen 42 [53/100] k= 32 c=0.944 alpha=-0.926 beta=+0.197 | loss 17.8870 size 448.0 MB zeros 41.8%
gen 42 [54/100] k=  9 c=0.952 alpha=-0.631 beta=+0.579 | loss 7.2467 size 385.7 MB zeros 49.4%
gen 42 [55/100] k=  9 c=0.936 alpha=-0.430 beta=+0.402 | loss 6.7698 size 398.0 MB zeros 40.2%
gen 42 [56/100] k=  5 c=0.784 alpha=-1.000 beta=+0.999 | loss 10.7030 size 343.5 MB zeros 71.2%
gen 42 [57/100] k=  9 c=0.773 alpha=-0.032 beta=+0.580 | loss 15.1279 size 398.0 MB zeros 40.2%
gen 42 [58/100] k=215 c=0.988 alpha=-0.061 beta=+0.079 | loss 3.0526 size 630.8 MB zeros 6.0%
gen 42 [59/100] k=  9 c=0.773 alpha=-0.392 beta=+0.490 | loss 5.9301 size 400.1 MB zeros 38.6%
gen 42 [60/100] k= 16 c=0.970 alpha=-0.643 beta=+0.641 | loss 7.3976 size 406.8 MB zeros 50.3%
gen 42 [61/100] k=  9 c=0.963 alpha=-0.787 beta=+0.821 | loss 10.1990 size 370.7 MB zeros 60.5%
gen 42 [62/100] k=  8 c=0.948 alpha=-0.002 beta=+0.189 | loss 11.9908 size 384.4 MB zeros 50.4%
gen 42 [63/100] k=  9 c=0.970 alpha=-0.585 beta=+0.623 | loss 8.3302 size 385.6 MB zeros 49.4%
gen 42 [64/100] k= 56 c=0.969 alpha=-0.048 beta=+0.094 | loss 3.0967 size 541.4 MB zeros 7.7%
gen 42 [65/100] k=  5 c=0.821 alpha=-0.173 beta=+0.346 | loss 12.9593 size 352.5 MB zeros 61.1%
gen 42 [66/100] k= 58 c=0.969 alpha=-0.059 beta=+0.150 | loss 3.0960 size 541.4 MB zeros 9.8%
gen 42 [67/100] k=  5 c=0.895 alpha=-0.999 beta=+0.001 | loss 17.3650 size 346.0 MB zeros 68.4%
gen 42 [68/100] k= 65 c=0.996 alpha=-0.057 beta=+0.983 | loss 15.4734 size 485.4 MB zeros 37.5%
gen 42 [69/100] k=  9 c=0.922 alpha=-0.591 beta=+0.648 | loss 8.2178 size 384.7 MB zeros 50.1%
gen 42 [70/100] k= 63 c=0.996 alpha=-0.014 beta=+0.099 | loss 3.0974 size 541.4 MB zeros 7.4%
gen 42 [71/100] k= 15 c=0.988 alpha=-1.000 beta=+0.874 | loss 10.8795 size 377.2 MB zeros 66.8%
gen 42 [72/100] k=  9 c=0.702 alpha=-0.012 beta=+0.957 | loss 15.5809 size 385.8 MB zeros 49.3%
gen 42 [73/100] k=  9 c=0.936 alpha=-0.892 beta=+0.821 | loss 10.1319 size 367.1 MB zeros 63.2%
gen 42 [74/100] k= 17 c=0.969 alpha=-0.410 beta=+0.104 | loss 3.8896 size 446.3 MB zeros 28.1%
gen 42 [75/100] k= 10 c=0.849 alpha=-0.609 beta=+0.576 | loss 7.1440 size 410.6 MB zeros 48.1%
gen 42 [76/100] k= 27 c=0.953 alpha=-0.645 beta=+0.502 | loss 6.1766 size 440.1 MB zeros 45.3%
gen 42 [77/100] k= 56 c=0.782 alpha=-0.382 beta=+0.577 | loss 4.4575 size 482.8 MB zeros 38.5%
gen 42 [78/100] k=  9 c=0.965 alpha=-0.392 beta=+0.484 | loss 7.8119 size 395.8 MB zeros 41.8%
gen 42 [79/100] k=  5 c=0.962 alpha=-0.317 beta=+0.205 | loss 15.9205 size 346.4 MB zeros 67.9%
gen 42 [80/100] k= 17 c=0.968 alpha=-0.497 beta=+0.434 | loss 4.9131 size 428.2 MB zeros 38.3%
gen 42 [81/100] k=  9 c=0.948 alpha=-0.163 beta=+0.100 | loss 7.6106 size 398.4 MB zeros 39.9%
gen 42 [82/100] k= 58 c=0.994 alpha=-0.215 beta=+0.081 | loss 3.1332 size 541.4 MB zeros 12.9%
gen 42 [83/100] k=  9 c=0.922 alpha=-0.585 beta=+0.063 | loss 7.0115 size 393.6 MB zeros 43.5%
gen 42 [84/100] k= 14 c=0.783 alpha=-0.448 beta=+0.577 | loss 5.6981 size 422.2 MB zeros 41.6%
gen 42 [85/100] k=  5 c=0.989 alpha=-1.000 beta=+0.977 | loss 14.9188 size 342.1 MB zeros 72.8%
gen 42 [86/100] k=  9 c=0.767 alpha=-0.390 beta=+0.546 | loss 6.1071 size 397.9 MB zeros 40.2%
gen 42 [87/100] k=  5 c=0.932 alpha=-0.843 beta=+0.981 | loss 15.8773 size 344.7 MB zeros 69.9%
gen 42 [88/100] k= 65 c=0.986 alpha=-0.048 beta=+0.094 | loss 3.0744 size 567.1 MB zeros 7.1%
gen 42 [89/100] k=  3 c=0.996 alpha=-0.583 beta=+0.853 | loss 15.9853 size 320.4 MB zeros 94.0%
gen 42 [90/100] k=  9 c=0.952 alpha=-0.622 beta=+0.591 | loss 7.7309 size 385.6 MB zeros 49.5%
gen 42 [91/100] k= 16 c=0.936 alpha=-0.431 beta=+0.506 | loss 4.9195 size 427.4 MB zeros 38.7%
gen 42 [93/100] k=  9 c=0.920 alpha=-0.585 beta=+0.647 | loss 8.2125 size 385.0 MB zeros 49.9%
gen 42 [94/100] k= 16 c=0.935 alpha=-0.455 beta=+0.397 | loss 4.5709 size 432.7 MB zeros 35.7%
gen 42 [95/100] k= 10 c=0.996 alpha=-0.820 beta=+0.997 | loss 15.6803 size 379.0 MB zeros 65.8%
gen 42 [96/100] k=  9 c=0.929 alpha=-0.619 beta=+0.635 | loss 8.2593 size 384.1 MB zeros 50.5%
gen 42 [97/100] k= 32 c=0.943 alpha=-0.432 beta=+0.440 | loss 4.2599 size 461.7 MB zeros 35.6%
gen 42 [98/100] k= 31 c=0.946 alpha=-0.245 beta=+0.485 | loss 3.6300 size 474.1 MB zeros 30.1%
gen 42 [99/100] k=  3 c=0.923 alpha=-0.999 beta=+0.831 | loss 17.0153 size 321.3 MB zeros 92.1%
gen 42 [100/100] k= 23 c=0.948 alpha=-0.900 beta=+0.838 | loss 9.8557 size 399.8 MB zeros 63.3%
=== generation 42/50 done in 161s (1 from cache), Pareto front has 100 points, best loss 3.0523, smallest 320.4 MB
gen 43 [1/100] k= 17 c=0.964 alpha=-0.644 beta=+0.593 | loss 6.9753 size 409.7 MB zeros 48.6%
gen 43 [2/100] k= 58 c=0.995 alpha=-0.607 beta=+0.986 | loss 15.3640 size 429.4 MB zeros 58.4%
gen 43 [3/100] k=  9 c=0.780 alpha=-0.430 beta=+0.565 | loss 6.2741 size 395.6 MB zeros 42.0%
gen 43 [4/100] k=  5 c=0.784 alpha=-0.987 beta=+0.978 | loss 11.0273 size 344.1 MB zeros 70.6%
gen 43 [5/100] k=  9 c=0.935 alpha=-0.828 beta=+0.879 | loss 10.3332 size 367.3 MB zeros 63.1%
gen 43 [6/100] k= 72 c=0.995 alpha=-0.017 beta=+0.549 | loss 15.2995 size 554.1 MB zeros 24.5%
gen 43 [7/100] k=  9 c=0.857 alpha=-0.585 beta=+0.577 | loss 6.7747 size 388.2 MB zeros 47.5%
gen 43 [8/100] k=  6 c=0.997 alpha=-0.486 beta=+0.853 | loss 15.4342 size 358.3 MB zeros 69.8%
gen 43 [9/100] k=  5 c=0.884 alpha=-0.995 beta=+0.996 | loss 12.8107 size 343.0 MB zeros 71.8%
gen 43 [10/100] k=  5 c=0.884 alpha=-1.000 beta=+0.915 | loss 13.7768 size 344.2 MB zeros 70.4%
gen 43 [11/100] k= 26 c=0.936 alpha=-0.767 beta=+0.813 | loss 8.5908 size 409.5 MB zeros 59.0%
gen 43 [12/100] k= 17 c=0.711 alpha=-0.443 beta=+0.093 | loss 4.2644 size 449.6 MB zeros 26.3%
gen 43 [13/100] k= 31 c=0.944 alpha=-0.987 beta=+0.116 | loss 17.8945 size 450.5 MB zeros 40.6%
gen 43 [14/100] k=  5 c=0.920 alpha=-0.627 beta=+0.647 | loss 15.6694 size 348.2 MB zeros 66.0%
gen 43 [15/100] k= 17 c=0.946 alpha=-0.080 beta=+0.437 | loss 3.8810 size 445.1 MB zeros 28.8%
gen 43 [16/100] k=  5 c=0.934 alpha=-0.630 beta=+0.589 | loss 15.4064 size 347.6 MB zeros 66.7%
gen 43 [17/100] k= 13 c=0.959 alpha=-0.401 beta=+0.546 | loss 5.1723 size 425.9 MB zeros 39.5%
gen 43 [18/100] k= 17 c=0.939 alpha=-0.039 beta=+0.373 | loss 3.7134 size 449.3 MB zeros 26.5%
gen 43 [19/100] k=  7 c=0.941 alpha=-0.059 beta=+0.097 | loss 12.1778 size 384.7 MB zeros 50.1%
gen 43 [20/100] k=  3 c=0.996 alpha=-0.583 beta=+0.870 | loss 15.9853 size 320.4 MB zeros 94.0%
gen 43 [21/100] k=  9 c=0.939 alpha=-0.453 beta=+0.502 | loss 7.3914 size 394.9 MB zeros 42.5%
gen 43 [22/100] k= 13 c=0.971 alpha=-0.454 beta=+0.447 | loss 4.9109 size 428.6 MB zeros 38.1%
gen 43 [23/100] k=  9 c=0.787 alpha=-0.987 beta=+0.581 | loss 17.4527 size 373.7 MB zeros 58.3%
gen 43 [24/100] k=  3 c=0.710 alpha=-0.571 beta=+0.066 | loss 16.8667 size 325.0 MB zeros 83.9%
gen 43 [25/100] k= 32 c=0.942 alpha=-0.387 beta=+0.116 | loss 3.3610 size 492.3 MB zeros 22.0%
gen 43 [26/100] k=  9 c=0.929 alpha=-0.619 beta=+0.659 | loss 9.7316 size 383.2 MB zeros 51.2%
gen 43 [27/100] k= 33 c=0.936 alpha=-0.025 beta=+0.100 | loss 3.1424 size 516.9 MB zeros 11.0%
gen 43 [28/100] k= 27 c=0.946 alpha=-0.280 beta=+0.440 | loss 3.7567 size 474.4 MB zeros 29.9%
gen 43 [29/100] k=  3 c=0.930 alpha=-0.767 beta=+0.820 | loss 17.0350 size 321.2 MB zeros 92.3%
gen 43 [30/100] k=  3 c=0.996 alpha=-0.486 beta=+0.853 | loss 15.9941 size 320.4 MB zeros 94.0%
gen 43 [31/100] k=  9 c=0.939 alpha=-0.392 beta=+0.344 | loss 7.3104 size 398.7 MB zeros 39.7%
gen 43 [32/100] k= 75 c=0.956 alpha=-0.259 beta=+0.342 | loss 3.3771 size 552.4 MB zeros 25.1%
gen 43 [33/100] k=  3 c=0.859 alpha=-0.065 beta=+0.085 | loss 16.6642 size 322.2 MB zeros 90.2%
gen 43 [34/100] k= 17 c=0.936 alpha=-0.450 beta=+0.456 | loss 4.8509 size 429.8 MB zeros 37.3%
gen 43 [35/100] k= 10 c=0.981 alpha=-0.630 beta=+0.589 | loss 8.4768 size 407.5 MB zeros 49.8%
gen 43 [36/100] k=  5 c=0.942 alpha=-0.995 beta=+0.988 | loss 15.6668 size 342.6 MB zeros 72.3%
gen 43 [37/100] k= 17 c=0.936 alpha=-0.105 beta=+0.208 | loss 3.5377 size 458.4 MB zeros 21.4%
gen 43 [38/100] k=  6 c=0.787 alpha=-0.554 beta=+0.577 | loss 13.1618 size 372.3 MB zeros 59.3%
gen 43 [39/100] k= 13 c=0.936 alpha=-0.400 beta=+0.395 | loss 4.6746 size 435.1 MB zeros 34.4%
gen 43 [40/100] k= 72 c=0.964 alpha=-0.035 beta=+0.207 | loss 3.1100 size 586.1 MB zeros 11.3%
gen 43 [41/100] k=  3 c=0.951 alpha=-0.546 beta=+0.853 | loss 16.8366 size 320.9 MB zeros 92.9%
gen 43 [42/100] k= 15 c=0.960 alpha=-0.399 beta=+0.499 | loss 4.7094 size 429.8 MB zeros 37.4%
gen 43 [43/100] k=  9 c=0.860 alpha=-0.472 beta=+0.469 | loss 6.6629 size 396.9 MB zeros 41.0%
gen 43 [44/100] k= 17 c=0.939 alpha=-0.056 beta=+0.375 | loss 3.7209 size 449.2 MB zeros 26.5%
gen 43 [45/100] k=  9 c=0.936 alpha=-0.333 beta=+0.456 | loss 7.0931 size 397.7 MB zeros 40.4%
gen 43 [46/100] k=  3 c=0.969 alpha=-0.227 beta=+0.036 | loss 15.5095 size 320.7 MB zeros 93.3%
gen 43 [47/100] k= 16 c=0.920 alpha=-0.450 beta=+0.395 | loss 4.5046 size 433.2 MB zeros 35.5%
gen 43 [48/100] k= 24 c=0.970 alpha=-0.139 beta=+0.378 | loss 3.5158 size 488.0 MB zeros 23.9%
gen 43 [49/100] k=  9 c=0.905 alpha=-0.584 beta=+0.600 | loss 6.9606 size 387.0 MB zeros 48.4%
gen 43 [50/100] k=  9 c=0.966 alpha=-0.678 beta=+0.580 | loss 8.2626 size 383.7 MB zeros 50.8%
gen 43 [51/100] k=  3 c=0.970 alpha=-0.575 beta=+0.083 | loss 15.4056 size 320.7 MB zeros 93.3%
gen 43 [52/100] k=  5 c=0.962 alpha=-0.998 beta=+0.982 | loss 14.1802 size 342.4 MB zeros 72.5%
gen 43 [53/100] k=  3 c=0.766 alpha=-0.998 beta=+0.998 | loss 17.2705 size 323.8 MB zeros 86.5%
gen 43 [54/100] k=  9 c=0.785 alpha=-0.374 beta=+0.573 | loss 15.2509 size 397.0 MB zeros 40.9%
gen 43 [55/100] k=  5 c=0.991 alpha=-0.957 beta=+0.998 | loss 15.3579 size 342.3 MB zeros 72.5%
gen 43 [56/100] k=  5 c=0.969 alpha=-0.998 beta=+0.999 | loss 14.2494 size 342.1 MB zeros 72.8%
gen 43 [57/100] k=  3 c=0.951 alpha=-0.257 beta=+0.396 | loss 16.8228 size 320.9 MB zeros 92.9%
gen 43 [58/100] k=  3 c=0.988 alpha=-0.393 beta=+0.998 | loss 16.2281 size 320.5 MB zeros 93.8%
gen 43 [59/100] k=  9 c=0.711 alpha=-0.008 beta=+0.009 | loss 5.3776 size 410.3 MB zeros 31.0%
gen 43 [60/100] k= 22 c=0.763 alpha=-0.949 beta=+0.997 | loss 11.7684 size 388.1 MB zeros 68.6%
gen 43 [61/100] k= 36 c=0.948 alpha=-0.202 beta=+0.398 | loss 3.4668 size 518.7 MB zeros 25.1%
gen 43 [62/100] k= 19 c=0.952 alpha=-0.257 beta=+0.455 | loss 3.9110 size 473.6 MB zeros 30.3%
gen 43 [63/100] k= 32 c=0.758 alpha=-0.230 beta=+0.318 | loss 3.6526 size 489.8 MB zeros 23.1%
gen 43 [64/100] k= 32 c=0.929 alpha=-0.025 beta=+0.112 | loss 3.1477 size 496.7 MB zeros 11.7%
gen 43 [65/100] k= 80 c=0.969 alpha=-0.087 beta=+0.220 | loss 3.1336 size 586.0 MB zeros 13.1%
gen 43 [66/100] k=  5 c=0.766 alpha=-1.000 beta=+0.999 | loss 11.1016 size 343.6 MB zeros 71.2%
gen 43 [67/100] k= 16 c=0.757 alpha=-0.392 beta=+0.484 | loss 5.0074 size 432.0 MB zeros 36.1%
gen 43 [68/100] k=  5 c=0.896 alpha=-0.478 beta=+0.999 | loss 14.7427 size 346.0 MB zeros 68.5%
gen 43 [69/100] k=  9 c=0.959 alpha=-0.018 beta=+0.512 | loss 7.9998 size 395.2 MB zeros 42.3%
gen 43 [70/100] k=  9 c=0.713 alpha=-0.417 beta=+0.112 | loss 5.5934 size 406.6 MB zeros 33.8%
gen 43 [71/100] k= 15 c=0.944 alpha=-0.431 beta=+0.395 | loss 4.3392 size 434.2 MB zeros 34.9%
gen 43 [72/100] k= 17 c=0.941 alpha=-0.080 beta=+0.315 | loss 3.6553 size 452.9 MB zeros 24.5%
gen 43 [73/100] k=  3 c=0.988 alpha=-1.000 beta=+0.996 | loss 16.2770 size 320.5 MB zeros 93.8%
gen 43 [74/100] k= 17 c=0.941 alpha=-0.091 beta=+0.177 | loss 3.5417 size 458.6 MB zeros 21.3%
gen 43 [75/100] k= 16 c=0.755 alpha=-0.430 beta=+0.461 | loss 5.0749 size 431.1 MB zeros 36.7%
gen 43 [76/100] k=234 c=0.986 alpha=-0.582 beta=+0.572 | loss 5.9731 size 512.4 MB zeros 45.6%
gen 43 [77/100] k=  9 c=0.776 alpha=-0.281 beta=+0.564 | loss 15.1554 size 398.5 MB zeros 39.8%
gen 43 [78/100] k=  3 c=0.937 alpha=-0.619 beta=+0.958 | loss 17.2019 size 321.1 MB zeros 92.5%
gen 43 [79/100] k= 10 c=0.888 alpha=-0.827 beta=+0.941 | loss 12.5580 size 381.3 MB zeros 64.5%
gen 43 [80/100] k= 10 c=0.950 alpha=-0.892 beta=+0.808 | loss 10.3795 size 384.1 MB zeros 62.9%
gen 43 [81/100] k=  4 c=0.944 alpha=-0.764 beta=+0.838 | loss 17.2344 size 324.3 MB zeros 92.7%
gen 43 [82/100] k=  5 c=0.778 alpha=-0.987 beta=+0.999 | loss 10.5246 size 343.7 MB zeros 71.0%
gen 43 [83/100] k=  5 c=0.962 alpha=-0.972 beta=+0.964 | loss 14.6095 size 343.0 MB zeros 71.8%
gen 43 [84/100] k=  9 c=0.996 alpha=-0.632 beta=+0.589 | loss 8.1161 size 384.9 MB zeros 50.0%
gen 43 [85/100] k= 65 c=0.996 alpha=-0.049 beta=+0.094 | loss 3.0803 size 567.0 MB zeros 7.1%
gen 43 [86/100] k= 16 c=0.961 alpha=-0.630 beta=+0.654 | loss 7.5249 size 406.8 MB zeros 50.2%
gen 43 [87/100] k= 58 c=0.969 alpha=-0.024 beta=+0.094 | loss 3.0821 size 541.4 MB zeros 7.5%
gen 43 [88/100] k=  9 c=0.760 alpha=-0.394 beta=+0.522 | loss 6.0272 size 399.0 MB zeros 39.5%
gen 43 [89/100] k= 10 c=0.859 alpha=-0.585 beta=+0.997 | loss 15.4782 size 391.4 MB zeros 58.8%
gen 43 [90/100] k= 10 c=0.936 alpha=-0.630 beta=+0.589 | loss 7.3298 size 408.0 MB zeros 49.6%
gen 43 [91/100] k=  3 c=0.996 alpha=-0.988 beta=+0.856 | loss 15.9853 size 320.4 MB zeros 94.0%
gen 43 [92/100] k= 65 c=0.704 alpha=-0.347 beta=+0.097 | loss 3.6820 size 536.3 MB zeros 18.6%
gen 43 [93/100] k=  3 c=0.958 alpha=-0.998 beta=+0.903 | loss 16.2734 size 320.9 MB zeros 93.0%
gen 43 [94/100] k= 31 c=0.939 alpha=-0.940 beta=+0.817 | loss 9.9462 size 398.9 MB zeros 63.7%
gen 43 [95/100] k=  9 c=0.770 alpha=-0.429 beta=+0.325 | loss 5.8156 size 404.1 MB zeros 35.6%
gen 43 [96/100] k=  5 c=0.970 alpha=-0.926 beta=+0.566 | loss 15.9334 size 345.0 MB zeros 69.5%
gen 43 [97/100] k= 16 c=0.952 alpha=-0.431 beta=+0.454 | loss 4.7759 size 430.5 MB zeros 37.0%
gen 43 [98/100] k=  5 c=0.884 alpha=-0.575 beta=+0.994 | loss 14.8382 size 346.4 MB zeros 68.0%
gen 43 [99/100] k=  9 c=0.996 alpha=-0.080 beta=+0.094 | loss 7.7510 size 396.2 MB zeros 41.6%
gen 43 [100/100] k=  5 c=0.962 alpha=-0.998 beta=+0.999 | loss 14.1071 size 342.1 MB zeros 72.7%
=== generation 43/50 done in 162s (0 from cache), Pareto front has 100 points, best loss 3.0523, smallest 320.4 MB
gen 44 [1/100] k= 10 c=0.936 alpha=-0.754 beta=+0.813 | loss 9.4058 size 390.4 MB zeros 59.4%
gen 44 [2/100] k=  9 c=0.996 alpha=-0.631 beta=+0.576 | loss 7.3952 size 385.4 MB zeros 49.6%
gen 44 [3/100] k= 10 c=0.884 alpha=-0.907 beta=+0.838 | loss 10.6986 size 382.3 MB zeros 63.9%
gen 44 [4/100] k=  9 c=0.935 alpha=-0.827 beta=+0.821 | loss 10.0147 size 369.4 MB zeros 61.5%
gen 44 [5/100] k= 31 c=0.969 alpha=-0.632 beta=+0.130 | loss 17.9645 size 472.0 MB zeros 31.0%
gen 44 [6/100] k=207 c=0.986 alpha=-0.017 beta=+0.096 | loss 3.0607 size 630.8 MB zeros 5.0%
gen 44 [7/100] k=  3 c=0.969 alpha=-0.442 beta=+0.121 | loss 15.4560 size 320.7 MB zeros 93.3%
gen 44 [8/100] k=  9 c=0.988 alpha=-0.305 beta=+0.998 | loss 15.2966 size 377.2 MB zeros 55.7%
gen 44 [9/100] k= 12 c=0.979 alpha=-0.002 beta=+0.096 | loss 5.4316 size 436.2 MB zeros 33.8%
gen 44 [10/100] k=  9 c=0.969 alpha=-0.907 beta=+0.856 | loss 11.2874 size 365.3 MB zeros 64.5%
gen 44 [11/100] k=  9 c=0.939 alpha=-0.446 beta=+0.502 | loss 7.3672 size 395.1 MB zeros 42.3%
gen 44 [12/100] k=  9 c=0.991 alpha=-0.649 beta=+0.991 | loss 15.2696 size 370.1 MB zeros 61.0%
gen 44 [13/100] k= 17 c=0.784 alpha=-0.985 beta=+0.996 | loss 11.1767 size 372.5 MB zeros 69.4%
gen 44 [14/100] k= 63 c=0.991 alpha=-0.215 beta=+0.096 | loss 3.1384 size 541.4 MB zeros 13.4%
gen 44 [15/100] k= 17 c=0.946 alpha=-0.080 beta=+0.438 | loss 3.8831 size 445.1 MB zeros 28.8%
gen 44 [16/100] k= 15 c=0.944 alpha=-0.025 beta=+0.497 | loss 13.8694 size 438.7 MB zeros 32.4%
gen 44 [17/100] k= 65 c=0.998 alpha=-0.035 beta=+0.099 | loss 3.0798 size 566.5 MB zeros 7.3%
gen 44 [18/100] k= 18 c=0.970 alpha=-0.483 beta=+0.566 | loss 5.5658 size 446.7 MB zeros 42.3%
gen 44 [19/100] k=  6 c=0.784 alpha=-1.000 beta=+0.995 | loss 10.8296 size 356.4 MB zeros 71.2%
gen 44 [20/100] k=  9 c=0.804 alpha=-0.487 beta=+0.581 | loss 6.7535 size 392.5 MB zeros 44.3%
gen 44 [21/100] k= 31 c=0.982 alpha=-0.311 beta=+0.094 | loss 3.2979 size 495.8 MB zeros 19.1%
gen 44 [22/100] k=  5 c=0.778 alpha=-0.990 beta=+0.109 | loss 17.8680 size 349.2 MB zeros 64.8%
gen 44 [23/100] k= 15 c=0.709 alpha=-0.437 beta=+0.161 | loss 4.6865 size 447.9 MB zeros 27.3%
gen 44 [24/100] k= 17 c=0.969 alpha=-0.105 beta=+0.421 | loss 3.8454 size 445.7 MB zeros 28.5%
gen 44 [25/100] k=  9 c=0.935 alpha=-0.781 beta=+0.821 | loss 9.3363 size 371.0 MB zeros 60.3%
gen 44 [26/100] k= 76 c=0.963 alpha=-0.394 beta=+0.522 | loss 4.3412 size 514.9 MB zeros 37.0%
gen 44 [27/100] k= 15 c=0.766 alpha=-0.409 beta=+0.543 | loss 5.7016 size 427.2 MB zeros 38.8%
gen 44 [28/100] k=  5 c=0.919 alpha=-0.630 beta=+0.998 | loss 14.5060 size 345.4 MB zeros 69.1%
gen 44 [29/100] k= 17 c=0.933 alpha=-0.105 beta=+0.208 | loss 3.5510 size 458.5 MB zeros 21.3%
gen 44 [30/100] k= 16 c=0.996 alpha=-0.453 beta=+0.536 | loss 5.4739 size 424.1 MB zeros 40.6%
gen 44 [31/100] k=  3 c=0.996 alpha=-0.993 beta=+0.856 | loss 15.9853 size 320.4 MB zeros 94.0%
gen 44 [32/100] k= 15 c=0.946 alpha=-0.400 beta=+0.391 | loss 4.2481 size 436.4 MB zeros 33.7%
gen 44 [33/100] k= 58 c=0.970 alpha=-0.059 beta=+0.096 | loss 3.0822 size 541.4 MB zeros 7.6%
gen 44 [34/100] k=  9 c=0.964 alpha=-0.630 beta=+0.651 | loss 10.2267 size 382.9 MB zeros 51.5%
gen 44 [35/100] k=  6 c=0.952 alpha=-0.631 beta=+0.705 | loss 15.6912 size 361.4 MB zeros 67.5%
gen 44 [36/100] k=  4 c=0.998 alpha=-1.000 beta=+0.997 | loss 16.0309 size 323.1 MB zeros 94.0%
gen 44 [37/100] k=  4 c=0.934 alpha=-0.856 beta=+0.821 | loss 17.1586 size 324.5 MB zeros 92.4%
gen 44 [38/100] k=  5 c=0.888 alpha=-0.995 beta=+0.912 | loss 13.2356 size 344.3 MB zeros 70.3%
gen 44 [39/100] k= 17 c=0.893 alpha=-0.011 beta=+0.557 | loss 15.5285 size 438.7 MB zeros 32.4%
gen 44 [40/100] k= 16 c=0.939 alpha=-0.501 beta=+0.502 | loss 5.2244 size 423.4 MB zeros 41.0%
gen 44 [41/100] k= 65 c=0.996 alpha=-0.447 beta=+0.094 | loss 3.4232 size 526.1 MB zeros 22.4%
gen 44 [42/100] k=  3 c=0.884 alpha=-0.986 beta=+0.964 | loss 17.2093 size 321.8 MB zeros 91.0%
gen 44 [43/100] k=  9 c=0.776 alpha=-0.102 beta=+0.501 | loss 5.9460 size 401.2 MB zeros 37.8%
gen 44 [44/100] k=  9 c=0.969 alpha=-0.682 beta=+0.087 | loss 18.0083 size 388.6 MB zeros 47.2%
gen 44 [45/100] k=  9 c=0.754 alpha=-0.425 beta=+0.092 | loss 5.7732 size 405.0 MB zeros 35.0%
gen 44 [46/100] k=  5 c=0.784 alpha=-1.000 beta=+0.998 | loss 10.5742 size 343.5 MB zeros 71.2%
gen 44 [47/100] k= 16 c=0.922 alpha=-0.431 beta=+0.583 | loss 5.3982 size 422.9 MB zeros 41.3%
gen 44 [48/100] k= 16 c=0.776 alpha=-0.028 beta=+0.565 | loss 15.4711 size 438.4 MB zeros 32.6%
gen 44 [49/100] k=  5 c=0.884 alpha=-0.999 beta=+0.999 | loss 12.3544 size 342.9 MB zeros 71.9%
gen 44 [50/100] k=  9 c=0.808 alpha=-0.489 beta=+0.590 | loss 6.7251 size 392.0 MB zeros 44.7%
gen 44 [51/100] k=  5 c=0.948 alpha=-0.985 beta=+0.999 | loss 15.4660 size 342.5 MB zeros 72.3%
gen 44 [52/100] k=  9 c=0.943 alpha=-0.767 beta=+0.863 | loss 10.3640 size 370.0 MB zeros 61.0%
gen 44 [53/100] k=  4 c=0.949 alpha=-0.224 beta=+0.440 | loss 17.2283 size 324.2 MB zeros 92.8%
gen 44 [54/100] k= 79 c=0.964 alpha=-0.061 beta=+0.079 | loss 3.0795 size 586.1 MB zeros 6.4%
gen 44 [55/100] k= 14 c=0.996 alpha=-0.487 beta=+0.836 | loss 15.5882 size 405.1 MB zeros 51.2%
gen 44 [56/100] k=  5 c=0.711 alpha=-0.937 beta=+0.351 | loss 17.9655 size 352.1 MB zeros 61.6%
gen 44 [57/100] k= 15 c=0.956 alpha=-0.998 beta=+0.999 | loss 10.8844 size 371.7 MB zeros 69.8%
gen 44 [58/100] k= 71 c=0.970 alpha=-0.621 beta=+0.536 | loss 6.1689 size 487.9 MB zeros 45.7%
gen 44 [59/100] k=  3 c=0.995 alpha=-0.643 beta=+0.589 | loss 15.9499 size 320.5 MB zeros 93.9%
gen 44 [60/100] k= 16 c=0.963 alpha=-0.853 beta=+0.838 | loss 10.1589 size 385.4 MB zeros 62.2%
gen 44 [61/100] k=  5 c=0.964 alpha=-0.928 beta=+0.639 | loss 15.7382 size 345.1 MB zeros 69.4%
gen 44 [62/100] k=  5 c=0.871 alpha=-0.280 beta=+0.172 | loss 13.1210 size 350.3 MB zeros 63.6%
gen 44 [63/100] k=  5 c=0.967 alpha=-0.678 beta=+0.580 | loss 16.1727 size 346.2 MB zeros 68.2%
gen 44 [64/100] k=  3 c=0.994 alpha=-0.014 beta=+0.463 | loss 15.7148 size 320.5 MB zeros 93.9%
gen 44 [65/100] k= 56 c=0.935 alpha=-0.453 beta=+0.103 | loss 3.4279 size 524.3 MB zeros 23.0%
gen 44 [66/100] k= 17 c=0.934 alpha=-0.415 beta=+0.390 | loss 4.4117 size 436.2 MB zeros 33.8%
gen 44 [67/100] k= 65 c=0.905 alpha=-0.048 beta=+0.094 | loss 3.1073 size 567.8 MB zeros 6.8%
gen 44 [68/100] k=  9 c=0.713 alpha=-0.443 beta=+0.080 | loss 5.6537 size 405.5 MB zeros 34.6%
gen 44 [69/100] k= 17 c=0.919 alpha=-0.283 beta=+0.456 | loss 4.1032 size 440.4 MB zeros 31.4%
gen 44 [70/100] k= 22 c=0.956 alpha=-0.224 beta=+0.330 | loss 3.5374 size 487.0 MB zeros 24.3%
gen 44 [71/100] k= 32 c=0.953 alpha=-0.419 beta=+0.987 | loss 15.3765 size 425.6 MB zeros 51.8%
gen 44 [72/100] k=  9 c=0.955 alpha=-0.637 beta=+0.540 | loss 8.6388 size 386.9 MB zeros 48.5%
gen 44 [73/100] k= 58 c=0.941 alpha=-0.059 beta=+0.096 | loss 3.1081 size 541.4 MB zeros 7.5%
gen 44 [74/100] k= 32 c=0.944 alpha=-0.211 beta=+0.434 | loss 3.4892 size 481.2 MB zeros 26.9%
gen 44 [75/100] k= 17 c=0.766 alpha=-0.015 beta=+0.096 | loss 3.5807 size 465.3 MB zeros 17.5%
gen 44 [76/100] k=  9 c=0.860 alpha=-0.583 beta=+0.581 | loss 6.7485 size 388.2 MB zeros 47.5%
gen 44 [77/100] k=  9 c=0.784 alpha=-0.987 beta=+0.571 | loss 17.4557 size 374.2 MB zeros 57.9%
gen 44 [78/100] k= 20 c=0.948 alpha=-0.909 beta=+0.838 | loss 10.1310 size 399.2 MB zeros 63.6%
gen 44 [79/100] k= 20 c=0.996 alpha=-0.633 beta=+0.589 | loss 7.2026 size 433.9 MB zeros 48.1%
gen 44 [80/100] k= 15 c=0.960 alpha=-0.378 beta=+0.541 | loss 5.1695 size 428.5 MB zeros 38.1%
gen 44 [81/100] k= 33 c=0.936 alpha=-0.202 beta=+0.374 | loss 3.4051 size 487.2 MB zeros 24.2%
gen 44 [82/100] k=  3 c=0.969 alpha=-0.575 beta=+0.536 | loss 15.4560 size 320.7 MB zeros 93.3%
gen 44 [83/100] k= 58 c=0.991 alpha=-0.215 beta=+0.105 | loss 3.1421 size 541.4 MB zeros 13.8%
gen 44 [84/100] k= 29 c=0.936 alpha=-0.767 beta=+0.821 | loss 8.6614 size 409.0 MB zeros 59.2%
gen 44 [85/100] k=222 c=0.987 alpha=-0.061 beta=+0.091 | loss 3.0573 size 630.8 MB zeros 6.5%
gen 44 [86/100] k= 40 c=0.956 alpha=-0.183 beta=+0.313 | loss 3.3196 size 529.6 MB zeros 21.0%
gen 44 [87/100] k= 17 c=0.961 alpha=-0.450 beta=+0.104 | loss 4.0229 size 444.0 MB zeros 29.5%
gen 44 [88/100] k=  3 c=0.992 alpha=-0.486 beta=+0.853 | loss 16.0381 size 320.5 MB zeros 93.8%
gen 44 [89/100] k= 32 c=0.967 alpha=-0.471 beta=+0.103 | loss 5.2844 size 485.2 MB zeros 25.1%
gen 44 [90/100] k= 13 c=0.987 alpha=-0.985 beta=+0.998 | loss 11.9537 size 372.3 MB zeros 69.5%
gen 44 [91/100] k= 16 c=0.957 alpha=-0.056 beta=+0.502 | loss 14.2991 size 438.1 MB zeros 32.7%
gen 44 [92/100] k=  9 c=0.859 alpha=-0.727 beta=+0.577 | loss 13.3192 size 382.6 MB zeros 51.6%
gen 44 [93/100] k= 17 c=0.941 alpha=-0.395 beta=+0.422 | loss 4.4827 size 435.5 MB zeros 34.2%
gen 44 [94/100] k= 83 c=0.966 alpha=-0.048 beta=+0.587 | loss 15.3482 size 551.0 MB zeros 25.5%
gen 44 [95/100] k= 31 c=0.959 alpha=-0.404 beta=+0.328 | loss 3.6916 size 473.6 MB zeros 30.3%
gen 44 [96/100] k=  5 c=0.962 alpha=-0.998 beta=+0.999 | loss 14.1800 size 342.1 MB zeros 72.7%
gen 44 [97/100] k=  9 c=0.952 alpha=-0.630 beta=+0.400 | loss 17.2725 size 390.8 MB zeros 45.6%
gen 44 [98/100] k= 32 c=0.945 alpha=-0.448 beta=+0.100 | loss 3.4844 size 487.4 MB zeros 24.1%
gen 44 [99/100] k= 17 c=0.934 alpha=-0.827 beta=+0.821 | loss 10.3560 size 387.7 MB zeros 60.9%
gen 44 [100/100] k=  9 c=0.906 alpha=-0.450 beta=+0.566 | loss 6.7519 size 393.2 MB zeros 43.7%
=== generation 44/50 done in 162s (0 from cache), Pareto front has 100 points, best loss 3.0523, smallest 320.4 MB
gen 45 [1/100] k= 17 c=0.964 alpha=-0.498 beta=+0.483 | loss 5.1390 size 425.1 MB zeros 40.0%
gen 45 [2/100] k= 17 c=0.713 alpha=-0.039 beta=+0.121 | loss 3.7281 size 467.4 MB zeros 16.4%
gen 45 [3/100] k=  5 c=0.898 alpha=-0.984 beta=+0.914 | loss 13.7129 size 344.3 MB zeros 70.3%
gen 45 [4/100] k= 33 c=0.757 alpha=-0.392 beta=+0.098 | loss 3.5440 size 494.6 MB zeros 20.9%
gen 45 [6/100] k= 40 c=0.989 alpha=-0.001 beta=+0.500 | loss 15.2672 size 519.1 MB zeros 25.0%
gen 45 [7/100] k=  5 c=0.969 alpha=-0.998 beta=+0.999 | loss 14.2494 size 342.1 MB zeros 72.8%
gen 45 [8/100] k=  3 c=0.935 alpha=-0.385 beta=+0.589 | loss 17.2725 size 321.1 MB zeros 92.4%
gen 45 [9/100] k= 85 c=0.985 alpha=-0.059 beta=+0.096 | loss 3.0753 size 586.1 MB zeros 6.9%
gen 45 [10/100] k= 12 c=0.709 alpha=-0.008 beta=+0.009 | loss 4.4201 size 448.6 MB zeros 25.3%
gen 45 [11/100] k= 65 c=0.996 alpha=-0.042 beta=+0.874 | loss 15.4678 size 492.9 MB zeros 34.7%
gen 45 [12/100] k= 32 c=0.902 alpha=-0.224 beta=+0.423 | loss 3.5230 size 481.0 MB zeros 27.0%
gen 45 [13/100] k=  9 c=0.906 alpha=-0.585 beta=+0.601 | loss 6.9842 size 387.0 MB zeros 48.4%
gen 45 [14/100] k= 72 c=0.964 alpha=-0.017 beta=+0.091 | loss 3.0613 size 586.1 MB zeros 6.6%
gen 45 [15/100] k=  6 c=0.935 alpha=-0.670 beta=+0.821 | loss 15.1302 size 361.8 MB zeros 67.2%
gen 45 [16/100] k= 21 c=0.996 alpha=-0.658 beta=+0.575 | loss 7.2679 size 433.3 MB zeros 48.3%
gen 45 [17/100] k=  9 c=0.936 alpha=-0.899 beta=+0.821 | loss 10.2488 size 366.9 MB zeros 63.4%
gen 45 [18/100] k= 25 c=0.761 alpha=-0.422 beta=+0.325 | loss 4.0452 size 472.3 MB zeros 30.9%
gen 45 [19/100] k=  3 c=0.996 alpha=-0.988 beta=+0.848 | loss 15.9853 size 320.4 MB zeros 94.0%
gen 45 [20/100] k=  5 c=0.883 alpha=-0.592 beta=+0.986 | loss 14.8255 size 346.5 MB zeros 67.8%
gen 45 [21/100] k= 95 c=0.937 alpha=-0.013 beta=+0.216 | loss 3.1391 size 586.1 MB zeros 11.0%
gen 45 [22/100] k=  9 c=0.994 alpha=-0.678 beta=+0.580 | loss 9.0135 size 383.5 MB zeros 51.0%
gen 45 [23/100] k=  5 c=0.784 alpha=-1.000 beta=+0.397 | loss 17.8679 size 348.9 MB zeros 65.2%
gen 45 [24/100] k= 58 c=0.969 alpha=-0.059 beta=+0.418 | loss 3.5434 size 531.4 MB zeros 20.4%
gen 45 [25/100] k=  9 c=0.900 alpha=-0.585 beta=+0.679 | loss 8.6854 size 383.9 MB zeros 50.7%
gen 45 [26/100] k=  5 c=0.934 alpha=-0.825 beta=+0.997 | loss 14.0460 size 344.6 MB zeros 70.0%
gen 45 [27/100] k=  9 c=0.935 alpha=-0.700 beta=+0.797 | loss 9.7627 size 374.9 MB zeros 57.4%
gen 45 [28/100] k= 52 c=0.777 alpha=-0.088 beta=+0.579 | loss 15.3345 size 514.1 MB zeros 26.8%
gen 45 [29/100] k=  9 c=0.884 alpha=-0.984 beta=+1.000 | loss 13.0407 size 358.4 MB zeros 69.7%
gen 45 [30/100] k= 58 c=0.986 alpha=-0.429 beta=+0.325 | loss 3.7439 size 502.9 MB zeros 31.0%
gen 45 [31/100] k= 16 c=0.968 alpha=-0.499 beta=+0.483 | loss 5.1641 size 424.6 MB zeros 40.3%
gen 45 [32/100] k=  5 c=0.996 alpha=-0.632 beta=+0.991 | loss 14.7447 size 343.5 MB zeros 71.2%
gen 45 [33/100] k= 82 c=0.943 alpha=-0.007 beta=+0.096 | loss 3.0757 size 586.1 MB zeros 6.4%
gen 45 [34/100] k= 17 c=0.884 alpha=-0.478 beta=+0.999 | loss 15.3546 size 399.3 MB zeros 54.4%
gen 45 [35/100] k= 33 c=0.938 alpha=-0.692 beta=+0.374 | loss 18.1703 size 447.5 MB zeros 42.0%
gen 45 [36/100] k=  5 c=0.962 alpha=-0.998 beta=+1.000 | loss 14.1928 size 342.1 MB zeros 72.7%
gen 45 [37/100] k=  5 c=0.969 alpha=-0.998 beta=+0.999 | loss 14.2723 size 342.1 MB zeros 72.8%
gen 45 [38/100] k=  9 c=0.935 alpha=-0.995 beta=+0.820 | loss 16.9597 size 363.9 MB zeros 65.6%
gen 45 [39/100] k= 31 c=0.944 alpha=-0.423 beta=+0.107 | loss 3.4131 size 489.4 MB zeros 23.2%
gen 45 [40/100] k=  9 c=0.935 alpha=-0.360 beta=+0.484 | loss 7.3136 size 396.9 MB zeros 41.0%
gen 45 [41/100] k= 66 c=0.969 alpha=-0.057 beta=+0.134 | loss 3.0751 size 586.1 MB zeros 8.7%
gen 45 [42/100] k= 72 c=0.964 alpha=-0.438 beta=+0.123 | loss 3.3855 size 558.4 MB zeros 23.1%
gen 45 [43/100] k=  9 c=0.990 alpha=-0.630 beta=+0.578 | loss 7.4747 size 385.4 MB zeros 49.6%
gen 45 [44/100] k=222 c=0.986 alpha=-0.061 beta=+0.080 | loss 3.0584 size 630.8 MB zeros 6.0%
gen 45 [45/100] k= 31 c=0.946 alpha=-0.202 beta=+0.921 | loss 15.4288 size 447.7 MB zeros 41.9%
gen 45 [46/100] k= 10 c=0.968 alpha=-0.630 beta=+0.639 | loss 9.0292 size 405.1 MB zeros 51.2%
gen 45 [47/100] k= 17 c=0.984 alpha=-0.559 beta=+0.445 | loss 5.4282 size 423.7 MB zeros 40.8%
gen 45 [48/100] k=  9 c=0.942 alpha=-0.403 beta=+0.325 | loss 7.1294 size 398.4 MB zeros 39.9%
gen 45 [49/100] k= 21 c=0.906 alpha=-0.541 beta=+0.566 | loss 5.6498 size 442.8 MB zeros 44.1%
gen 45 [50/100] k=  9 c=0.920 alpha=-0.827 beta=+0.821 | loss 10.1808 size 369.4 MB zeros 61.5%
gen 45 [51/100] k=  9 c=0.785 alpha=-0.444 beta=+0.593 | loss 6.5782 size 393.9 MB zeros 43.3%
gen 45 [52/100] k=  9 c=0.944 alpha=-0.025 beta=+0.486 | loss 7.4152 size 396.5 MB zeros 41.3%
gen 45 [54/100] k= 40 c=0.939 alpha=-0.497 beta=+0.098 | loss 17.7090 size 519.4 MB zeros 24.9%
gen 45 [55/100] k= 65 c=0.969 alpha=-0.069 beta=+0.094 | loss 3.0680 size 566.1 MB zeros 7.4%
gen 45 [56/100] k= 16 c=0.996 alpha=-0.515 beta=+0.415 | loss 5.1655 size 427.6 MB zeros 38.6%
gen 45 [57/100] k=217 c=0.986 alpha=-0.216 beta=+0.111 | loss 3.1111 size 626.0 MB zeros 13.8%
gen 45 [58/100] k=  9 c=0.938 alpha=-0.827 beta=+0.823 | loss 10.0658 size 369.3 MB zeros 61.6%
gen 45 [59/100] k=  4 c=0.998 alpha=-0.977 beta=+0.082 | loss 16.0324 size 323.1 MB zeros 94.0%
gen 45 [60/100] k= 10 c=0.952 alpha=-0.630 beta=+0.589 | loss 7.6646 size 407.8 MB zeros 49.6%
gen 45 [61/100] k=  9 c=0.951 alpha=-0.631 beta=+0.589 | loss 7.7281 size 385.3 MB zeros 49.7%
gen 45 [62/100] k=  9 c=0.858 alpha=-0.585 beta=+0.606 | loss 7.0489 size 387.1 MB zeros 48.3%
gen 45 [63/100] k= 10 c=0.941 alpha=-0.127 beta=+0.421 | loss 7.1026 size 425.1 MB zeros 40.0%
gen 45 [64/100] k=  5 c=0.988 alpha=-0.966 beta=+0.982 | loss 15.0664 size 342.5 MB zeros 72.4%
gen 45 [66/100] k=  5 c=0.784 alpha=-1.000 beta=+0.999 | loss 10.7621 size 343.5 MB zeros 71.2%
gen 45 [67/100] k=  9 c=0.724 alpha=-0.356 beta=+0.097 | loss 5.6173 size 408.4 MB zeros 32.4%
gen 45 [68/100] k=  9 c=0.888 alpha=-0.983 beta=+0.586 | loss 17.6451 size 373.3 MB zeros 58.6%
gen 45 [69/100] k= 18 c=0.978 alpha=-0.105 beta=+0.089 | loss 3.6374 size 491.0 MB zeros 22.1%
gen 45 [70/100] k= 20 c=0.968 alpha=-0.593 beta=+0.589 | loss 7.0060 size 436.9 MB zeros 46.7%
gen 45 [71/100] k= 16 c=0.935 alpha=-0.430 beta=+0.996 | loss 15.5546 size 402.1 MB zeros 52.9%
gen 45 [72/100] k= 32 c=0.944 alpha=-0.211 beta=+0.199 | loss 3.2276 size 496.5 MB zeros 17.9%
gen 45 [73/100] k=  9 c=0.936 alpha=-0.767 beta=+0.816 | loss 9.2708 size 371.7 MB zeros 59.8%
gen 45 [74/100] k=  9 c=0.702 alpha=-0.321 beta=+0.097 | loss 5.4954 size 410.2 MB zeros 31.1%
gen 45 [75/100] k=  9 c=0.989 alpha=-0.997 beta=+0.738 | loss 17.6663 size 366.6 MB zeros 63.6%
gen 45 [76/100] k=  3 c=0.970 alpha=-0.575 beta=+0.536 | loss 15.4056 size 320.7 MB zeros 93.3%
gen 45 [77/100] k=  9 c=0.973 alpha=-0.557 beta=+0.328 | loss 7.9170 size 393.2 MB zeros 43.8%
gen 45 [78/100] k=  5 c=0.767 alpha=-0.387 beta=+0.490 | loss 13.1763 size 355.1 MB zeros 58.2%
gen 45 [79/100] k=  9 c=0.767 alpha=-0.215 beta=+0.181 | loss 5.8179 size 407.4 MB zeros 33.2%
gen 45 [80/100] k=  3 c=0.767 alpha=-0.389 beta=+0.546 | loss 17.3047 size 323.8 MB zeros 86.6%
gen 45 [81/100] k=  9 c=0.988 alpha=-0.999 beta=+0.591 | loss 17.7700 size 372.1 MB zeros 59.5%
gen 45 [82/100] k= 40 c=0.979 alpha=-0.392 beta=+0.116 | loss 3.3702 size 528.0 MB zeros 21.6%
gen 45 [83/100] k=  5 c=0.906 alpha=-0.953 beta=+0.614 | loss 16.6252 size 346.4 MB zeros 68.0%
gen 45 [84/100] k= 13 c=0.964 alpha=-0.188 beta=+0.580 | loss 15.0267 size 429.7 MB zeros 37.4%
gen 45 [85/100] k=  9 c=0.936 alpha=-0.883 beta=+0.815 | loss 10.5760 size 367.7 MB zeros 62.8%
gen 45 [86/100] k=  3 c=0.995 alpha=-0.830 beta=+0.840 | loss 16.0597 size 320.5 MB zeros 93.9%
gen 45 [87/100] k= 16 c=0.936 alpha=-0.034 beta=+0.395 | loss 3.9751 size 445.1 MB zeros 28.8%
gen 45 [88/100] k= 14 c=0.947 alpha=-0.990 beta=+0.838 | loss 15.8437 size 379.2 MB zeros 65.7%
gen 45 [89/100] k=  9 c=0.935 alpha=-0.782 beta=+0.821 | loss 9.3831 size 371.0 MB zeros 60.3%
gen 45 [90/100] k=  9 c=0.760 alpha=-0.001 beta=+0.267 | loss 5.7461 size 407.7 MB zeros 32.9%
gen 45 [91/100] k=  3 c=0.994 alpha=-0.060 beta=+0.710 | loss 15.7148 size 320.5 MB zeros 93.9%
gen 45 [92/100] k= 58 c=0.998 alpha=-0.035 beta=+0.172 | loss 3.1264 size 541.4 MB zeros 10.7%
gen 45 [93/100] k=  3 c=0.996 alpha=-0.995 beta=+0.333 | loss 15.9853 size 320.4 MB zeros 94.0%
gen 45 [94/100] k= 17 c=0.969 alpha=-0.586 beta=+0.108 | loss 17.6597 size 435.5 MB zeros 34.2%
gen 45 [95/100] k= 18 c=0.935 alpha=-0.105 beta=+0.218 | loss 3.5335 size 492.1 MB zeros 21.5%
gen 45 [96/100] k=  5 c=0.988 alpha=-0.993 beta=+0.570 | loss 15.6405 size 343.7 MB zeros 71.0%
gen 45 [97/100] k=  9 c=0.906 alpha=-0.443 beta=+0.596 | loss 7.0255 size 392.2 MB zeros 44.5%
gen 45 [98/100] k=  3 c=0.995 alpha=-0.014 beta=+0.453 | loss 16.1008 size 320.5 MB zeros 93.9%
gen 45 [99/100] k=  9 c=0.984 alpha=-0.629 beta=+0.998 | loss 15.2773 size 370.7 MB zeros 60.5%
gen 45 [100/100] k= 58 c=0.996 alpha=-0.205 beta=+0.096 | loss 3.1302 size 541.4 MB zeros 13.1%
=== generation 45/50 done in 157s (3 from cache), Pareto front has 100 points, best loss 3.0523, smallest 320.4 MB
gen 46 [1/100] k= 27 c=0.909 alpha=-0.782 beta=+0.101 | loss 17.9663 size 461.5 MB zeros 35.7%
gen 46 [2/100] k= 65 c=0.963 alpha=-0.038 beta=+0.085 | loss 3.0696 size 568.2 MB zeros 6.7%
gen 46 [3/100] k=  9 c=0.712 alpha=-0.251 beta=+0.097 | loss 5.4852 size 410.2 MB zeros 31.1%
gen 46 [4/100] k=  9 c=0.777 alpha=-0.371 beta=+0.468 | loss 5.9535 size 401.6 MB zeros 37.5%
gen 46 [5/100] k=  9 c=0.776 alpha=-0.587 beta=+0.577 | loss 6.8803 size 388.7 MB zeros 47.1%
gen 46 [6/100] k= 17 c=0.903 alpha=-0.985 beta=+0.964 | loss 10.5183 size 373.8 MB zeros 68.7%
gen 46 [7/100] k=  5 c=0.784 alpha=-0.994 beta=+0.486 | loss 17.8757 size 349.0 MB zeros 65.1%
gen 46 [8/100] k= 11 c=1.000 alpha=-0.995 beta=+0.333 | loss 17.6020 size 403.2 MB zeros 52.2%
gen 46 [9/100] k=  9 c=0.964 alpha=-0.672 beta=+0.589 | loss 8.3502 size 383.6 MB zeros 50.9%
gen 46 [10/100] k=  5 c=0.941 alpha=-0.091 beta=+0.403 | loss 15.8572 size 347.3 MB zeros 67.0%
gen 46 [11/100] k= 21 c=0.946 alpha=-0.790 beta=+0.398 | loss 17.9346 size 438.4 MB zeros 46.0%
gen 46 [12/100] k= 26 c=0.872 alpha=-0.631 beta=+0.999 | loss 15.3159 size 408.3 MB zeros 59.5%
gen 46 [13/100] k= 18 c=0.928 alpha=-0.070 beta=+0.440 | loss 3.8152 size 477.2 MB zeros 28.7%
gen 46 [14/100] k= 59 c=0.996 alpha=-0.202 beta=+0.083 | loss 3.1108 size 541.4 MB zeros 12.4%
gen 46 [15/100] k=  9 c=0.966 alpha=-0.598 beta=+0.593 | loss 8.2059 size 386.3 MB zeros 48.9%
gen 46 [16/100] k= 31 c=0.944 alpha=-0.211 beta=+0.369 | loss 3.4000 size 486.7 MB zeros 24.4%
gen 46 [17/100] k=  3 c=0.989 alpha=-0.993 beta=+0.856 | loss 16.1396 size 320.5 MB zeros 93.8%
gen 46 [18/100] k=  5 c=0.947 alpha=-1.000 beta=+0.999 | loss 16.1573 size 342.3 MB zeros 72.6%
gen 46 [19/100] k=  3 c=0.970 alpha=-0.510 beta=+0.531 | loss 15.4056 size 320.7 MB zeros 93.3%
gen 46 [20/100] k= 27 c=0.959 alpha=-0.325 beta=+0.094 | loss 3.4085 size 494.6 MB zeros 20.5%
gen 46 [21/100] k=  9 c=0.906 alpha=-0.585 beta=+0.495 | loss 6.7293 size 391.0 MB zeros 45.4%
gen 46 [22/100] k=  5 c=0.969 alpha=-0.186 beta=+0.998 | loss 14.4438 size 344.1 MB zeros 70.5%
gen 46 [23/100] k=  9 c=0.964 alpha=-0.630 beta=+0.554 | loss 8.0355 size 386.5 MB zeros 48.7%
gen 46 [24/100] k=  3 c=0.776 alpha=-0.449 beta=+0.577 | loss 17.2679 size 323.6 MB zeros 87.0%
gen 46 [25/100] k= 19 c=0.908 alpha=-0.496 beta=+1.000 | loss 15.2466 size 418.3 MB zeros 55.0%
gen 46 [26/100] k= 25 c=0.784 alpha=-0.998 beta=+0.997 | loss 12.1914 size 385.5 MB zeros 69.7%
gen 46 [27/100] k=  3 c=0.936 alpha=-0.575 beta=+0.817 | loss 17.1924 size 321.1 MB zeros 92.5%
gen 46 [28/100] k= 72 c=0.964 alpha=-0.017 beta=+0.098 | loss 3.0619 size 586.1 MB zeros 6.9%
gen 46 [29/100] k=  9 c=0.996 alpha=-0.632 beta=+0.613 | loss 8.1841 size 384.0 MB zeros 50.6%
gen 46 [30/100] k=  9 c=0.925 alpha=-0.827 beta=+0.823 | loss 10.0826 size 369.3 MB zeros 61.6%
gen 46 [31/100] k=  9 c=0.976 alpha=-0.440 beta=+0.294 | loss 7.6474 size 396.5 MB zeros 41.3%
gen 46 [32/100] k=  3 c=0.930 alpha=-0.575 beta=+0.536 | loss 17.0219 size 321.2 MB zeros 92.3%
gen 46 [33/100] k=  4 c=0.996 alpha=-0.988 beta=+0.333 | loss 15.9853 size 323.1 MB zeros 94.0%
gen 46 [34/100] k=  9 c=0.951 alpha=-0.993 beta=+0.999 | loss 12.5150 size 358.0 MB zeros 70.0%
gen 46 [35/100] k= 18 c=0.936 alpha=-0.084 beta=+0.093 | loss 3.5344 size 492.2 MB zeros 21.2%
gen 46 [36/100] k=  9 c=0.983 alpha=-0.631 beta=+0.615 | loss 8.4751 size 384.0 MB zeros 50.6%
gen 46 [37/100] k= 17 c=0.941 alpha=-0.086 beta=+0.421 | loss 3.8181 size 446.2 MB zeros 28.2%
gen 46 [38/100] k= 33 c=0.948 alpha=-0.998 beta=+0.998 | loss 10.4957 size 385.4 MB zeros 69.7%
gen 46 [39/100] k= 32 c=0.944 alpha=-0.025 beta=+0.583 | loss 15.2712 size 476.8 MB zeros 28.9%
gen 46 [40/100] k= 17 c=0.979 alpha=-0.138 beta=+0.336 | loss 3.7338 size 450.8 MB zeros 25.6%
gen 46 [41/100] k= 31 c=0.963 alpha=-0.325 beta=+0.094 | loss 3.2831 size 495.6 MB zeros 19.6%
gen 46 [42/100] k= 16 c=0.952 alpha=-0.403 beta=+0.658 | loss 15.7489 size 420.2 MB zeros 42.7%
gen 46 [43/100] k=  9 c=0.939 alpha=-0.781 beta=+0.821 | loss 9.4823 size 371.0 MB zeros 60.3%
gen 46 [45/100] k=215 c=0.983 alpha=-0.061 beta=+0.089 | loss 3.0521 size 630.8 MB zeros 6.4%
gen 46 [46/100] k= 66 c=0.936 alpha=-0.069 beta=+0.094 | loss 3.0731 size 586.1 MB zeros 7.4%
gen 46 [47/100] k= 32 c=0.944 alpha=-0.218 beta=+0.440 | loss 3.5080 size 480.1 MB zeros 27.4%
gen 46 [48/100] k= 32 c=0.944 alpha=-0.025 beta=+0.820 | loss 15.3935 size 460.5 MB zeros 36.2%
gen 46 [49/100] k=  6 c=0.989 alpha=-0.990 beta=+0.988 | loss 14.8129 size 354.2 MB zeros 72.8%
gen 46 [50/100] k=  9 c=0.711 alpha=-0.352 beta=+0.364 | loss 5.4823 size 407.4 MB zeros 33.2%
gen 46 [51/100] k= 17 c=0.945 alpha=-0.486 beta=+0.599 | loss 5.6078 size 418.9 MB zeros 43.5%
gen 46 [52/100] k=  9 c=0.858 alpha=-0.390 beta=+0.494 | loss 6.5827 size 398.4 MB zeros 39.9%
gen 46 [53/100] k= 14 c=0.884 alpha=-0.415 beta=+0.405 | loss 4.6738 size 434.1 MB zeros 35.0%
gen 46 [54/100] k=  9 c=0.754 alpha=-0.392 beta=+0.987 | loss 15.5265 size 381.6 MB zeros 52.5%
gen 46 [55/100] k=  3 c=0.907 alpha=-0.450 beta=+0.566 | loss 17.0057 size 321.5 MB zeros 91.7%
gen 46 [56/100] k=  8 c=0.961 alpha=-0.990 beta=+0.996 | loss 11.8923 size 357.5 MB zeros 70.3%
gen 46 [57/100] k= 20 c=0.935 alpha=-0.131 beta=+0.821 | loss 15.4933 size 452.3 MB zeros 39.8%
gen 46 [58/100] k=  7 c=0.952 alpha=-0.992 beta=+0.579 | loss 18.0051 size 370.0 MB zeros 61.0%
gen 46 [59/100] k= 65 c=0.969 alpha=-0.242 beta=+0.094 | loss 3.1247 size 547.5 MB zeros 14.4%
gen 46 [60/100] k=  9 c=0.994 alpha=-0.643 beta=+0.617 | loss 9.3288 size 383.4 MB zeros 51.0%
gen 46 [61/100] k=  8 c=0.984 alpha=-0.444 beta=+0.445 | loss 12.1374 size 382.4 MB zeros 51.8%
gen 46 [62/100] k= 17 c=0.976 alpha=-0.440 beta=+0.434 | loss 4.4889 size 431.7 MB zeros 36.3%
gen 46 [63/100] k=  9 c=0.948 alpha=-0.915 beta=+0.839 | loss 10.3300 size 365.7 MB zeros 64.3%
gen 46 [64/100] k=  3 c=0.812 alpha=-0.575 beta=+0.536 | loss 17.3736 size 322.9 MB zeros 88.5%
gen 46 [65/100] k= 17 c=0.936 alpha=-0.235 beta=+0.214 | loss 3.5583 size 457.1 MB zeros 22.1%
gen 46 [66/100] k=216 c=0.986 alpha=-0.061 beta=+0.079 | loss 3.0534 size 630.8 MB zeros 6.0%
gen 46 [67/100] k= 16 c=0.939 alpha=-0.431 beta=+0.608 | loss 6.8761 size 421.4 MB zeros 42.1%
gen 46 [68/100] k= 56 c=0.988 alpha=-0.824 beta=+0.096 | loss 17.8945 size 492.6 MB zeros 34.8%
gen 46 [69/100] k=  5 c=0.988 alpha=-1.000 beta=+0.892 | loss 15.6467 size 343.0 MB zeros 71.8%
gen 46 [70/100] k= 36 c=0.934 alpha=-0.508 beta=+0.502 | loss 4.9936 size 477.2 MB zeros 40.6%
gen 46 [71/100] k=  3 c=0.995 alpha=-0.643 beta=+0.539 | loss 15.9499 size 320.5 MB zeros 93.9%
gen 46 [72/100] k=  5 c=0.967 alpha=-0.994 beta=+0.566 | loss 14.9976 size 344.2 MB zeros 70.4%
gen 46 [73/100] k=  9 c=0.934 alpha=-0.823 beta=+0.825 | loss 9.9100 size 369.3 MB zeros 61.6%
gen 46 [74/100] k=  9 c=0.969 alpha=-0.767 beta=+0.540 | loss 18.1103 size 381.8 MB zeros 52.2%
gen 46 [75/100] k= 12 c=0.988 alpha=-1.000 beta=+0.998 | loss 11.5986 size 371.5 MB zeros 70.0%
gen 46 [76/100] k= 17 c=0.990 alpha=-0.630 beta=+0.578 | loss 7.3036 size 411.4 MB zeros 47.7%
gen 46 [77/100] k=  8 c=0.777 alpha=-0.506 beta=+0.577 | loss 7.7844 size 389.2 MB zeros 46.8%
gen 46 [78/100] k= 10 c=0.856 alpha=-0.577 beta=+0.529 | loss 6.9443 size 414.7 MB zeros 45.8%
gen 46 [79/100] k=  5 c=0.884 alpha=-0.633 beta=+0.563 | loss 13.4470 size 349.7 MB zeros 64.3%
gen 46 [80/100] k= 65 c=0.969 alpha=-0.042 beta=+0.209 | loss 3.1185 size 554.7 MB zeros 11.7%
gen 46 [81/100] k= 18 c=0.906 alpha=-0.605 beta=+0.600 | loss 6.5476 size 435.1 MB zeros 47.5%
gen 46 [82/100] k=  9 c=0.994 alpha=-0.697 beta=+0.579 | loss 8.6903 size 382.8 MB zeros 51.5%
gen 46 [83/100] k=  9 c=0.944 alpha=-0.771 beta=+0.838 | loss 10.1875 size 370.7 MB zeros 60.5%
gen 46 [84/100] k=  3 c=0.995 alpha=-0.643 beta=+0.106 | loss 15.9499 size 320.5 MB zeros 93.9%
gen 46 [85/100] k= 72 c=0.970 alpha=-0.011 beta=+0.052 | loss 3.0681 size 586.1 MB zeros 5.3%
gen 46 [86/100] k=  9 c=0.906 alpha=-0.585 beta=+0.600 | loss 6.9387 size 387.0 MB zeros 48.4%
gen 46 [87/100] k= 58 c=0.969 alpha=-0.055 beta=+0.122 | loss 3.0925 size 541.4 MB zeros 8.6%
gen 46 [88/100] k= 16 c=0.935 alpha=-0.496 beta=+0.502 | loss 5.1704 size 423.7 MB zeros 40.8%
gen 46 [90/100] k= 32 c=0.944 alpha=-0.211 beta=+0.440 | loss 3.4973 size 480.7 MB zeros 27.1%
gen 46 [91/100] k=  9 c=0.970 alpha=-0.882 beta=+0.821 | loss 10.8481 size 367.4 MB zeros 63.0%
gen 46 [92/100] k= 16 c=0.928 alpha=-0.430 beta=+0.415 | loss 4.4120 size 433.1 MB zeros 35.5%
gen 46 [93/100] k= 18 c=0.936 alpha=-0.149 beta=+0.395 | loss 3.7725 size 480.5 MB zeros 27.2%
gen 46 [94/100] k= 17 c=0.938 alpha=-0.269 beta=+0.208 | loss 3.5915 size 455.4 MB zeros 23.1%
gen 46 [95/100] k= 72 c=0.863 alpha=-0.084 beta=+0.553 | loss 15.3111 size 550.5 MB zeros 25.7%
gen 46 [96/100] k= 12 c=0.976 alpha=-0.102 beta=+0.208 | loss 5.3643 size 436.3 MB zeros 33.7%
gen 46 [97/100] k=  9 c=0.976 alpha=-0.516 beta=+0.110 | loss 7.5640 size 394.5 MB zeros 42.8%
gen 46 [98/100] k=  7 c=0.780 alpha=-0.449 beta=+0.577 | loss 8.2236 size 390.2 MB zeros 46.0%
gen 46 [99/100] k= 31 c=0.954 alpha=-0.325 beta=+0.077 | loss 3.2728 size 495.6 MB zeros 19.5%
gen 46 [100/100] k= 17 c=0.935 alpha=-0.293 beta=+0.454 | loss 4.1462 size 439.9 MB zeros 31.7%
=== generation 46/50 done in 159s (2 from cache), Pareto front has 100 points, best loss 3.0521, smallest 320.4 MB
gen 47 [1/100] k= 43 c=0.763 alpha=-0.874 beta=+0.825 | loss 10.0766 size 419.0 MB zeros 62.3%
gen 47 [2/100] k=215 c=0.983 alpha=-0.061 beta=+0.153 | loss 3.0674 size 630.8 MB zeros 9.1%
gen 47 [3/100] k=  4 c=0.948 alpha=-0.775 beta=+0.216 | loss 17.1468 size 324.2 MB zeros 92.8%
gen 47 [4/100] k= 16 c=0.951 alpha=-0.637 beta=+0.483 | loss 6.0155 size 416.5 MB zeros 44.8%
gen 47 [5/100] k= 52 c=0.898 alpha=-0.006 beta=+0.096 | loss 3.1197 size 541.4 MB zeros 7.8%
gen 47 [6/100] k=  9 c=0.935 alpha=-0.767 beta=+0.814 | loss 9.2724 size 371.7 MB zeros 59.8%
gen 47 [7/100] k= 31 c=0.946 alpha=-0.196 beta=+0.359 | loss 3.3541 size 488.8 MB zeros 23.5%
gen 47 [8/100] k= 16 c=0.944 alpha=-0.431 beta=+0.395 | loss 4.3392 size 434.2 MB zeros 34.9%
gen 47 [9/100] k=  5 c=0.964 alpha=-1.000 beta=+0.595 | loss 16.6670 size 344.2 MB zeros 70.4%
gen 47 [10/100] k= 65 c=0.973 alpha=-0.048 beta=+0.211 | loss 3.1260 size 554.5 MB zeros 11.8%
gen 47 [11/100] k=  3 c=0.933 alpha=-0.168 beta=+0.336 | loss 17.1195 size 321.2 MB zeros 92.4%
gen 47 [12/100] k=  9 c=0.764 alpha=-0.487 beta=+0.581 | loss 7.0010 size 392.8 MB zeros 44.1%
gen 47 [13/100] k= 72 c=0.964 alpha=-0.300 beta=+0.096 | loss 3.1685 size 578.4 MB zeros 16.7%
gen 47 [14/100] k=  9 c=0.938 alpha=-0.827 beta=+0.816 | loss 10.0931 size 369.5 MB zeros 61.4%
gen 47 [15/100] k= 14 c=0.948 alpha=-0.005 beta=+0.002 | loss 4.2587 size 446.0 MB zeros 27.9%
gen 47 [16/100] k= 16 c=0.729 alpha=-0.356 beta=+0.121 | loss 4.0639 size 450.5 MB zeros 24.6%
gen 47 [17/100] k=  5 c=0.962 alpha=-0.984 beta=+0.998 | loss 14.1246 size 342.4 MB zeros 72.5%
gen 47 [18/100] k=  9 c=0.948 alpha=-0.998 beta=+0.835 | loss 16.5552 size 363.2 MB zeros 66.1%
gen 47 [19/100] k=  9 c=0.947 alpha=-0.697 beta=+0.108 | loss 18.0299 size 388.5 MB zeros 47.2%
gen 47 [20/100] k= 17 c=0.976 alpha=-0.465 beta=+0.858 | loss 15.5187 size 406.2 MB zeros 50.5%
gen 47 [21/100] k=  9 c=0.770 alpha=-0.047 beta=+0.040 | loss 5.8990 size 407.2 MB zeros 33.3%
gen 47 [22/100] k= 16 c=0.971 alpha=-0.454 beta=+0.406 | loss 4.7699 size 432.0 MB zeros 36.1%
gen 47 [23/100] k=  5 c=0.884 alpha=-0.379 beta=+1.000 | loss 14.8559 size 346.3 MB zeros 68.1%
gen 47 [24/100] k=  5 c=0.885 alpha=-0.454 beta=+0.888 | loss 13.6091 size 348.0 MB zeros 66.2%
gen 47 [25/100] k=  9 c=0.858 alpha=-0.404 beta=+0.563 | loss 6.6633 size 395.3 MB zeros 42.2%
gen 47 [26/100] k= 65 c=0.944 alpha=-0.024 beta=+0.002 | loss 3.0850 size 571.2 MB zeros 5.6%
gen 47 [27/100] k=  8 c=0.711 alpha=-0.352 beta=+0.366 | loss 8.2026 size 398.4 MB zeros 39.9%
gen 47 [28/100] k= 62 c=0.884 alpha=-0.985 beta=+0.113 | loss 17.9039 size 480.2 MB zeros 39.5%
gen 47 [29/100] k= 16 c=0.935 alpha=-0.635 beta=+0.484 | loss 6.0156 size 416.6 MB zeros 44.8%
gen 47 [30/100] k= 16 c=0.948 alpha=-0.834 beta=+0.838 | loss 10.2971 size 386.3 MB zeros 61.7%
gen 47 [31/100] k= 16 c=0.994 alpha=-0.719 beta=+0.395 | loss 17.4367 size 417.2 MB zeros 44.4%
gen 47 [32/100] k= 17 c=0.935 alpha=-0.257 beta=+0.455 | loss 4.0388 size 441.8 MB zeros 30.7%
gen 47 [34/100] k= 66 c=0.934 alpha=-0.845 beta=+0.073 | loss 17.8771 size 523.1 MB zeros 34.4%
gen 47 [35/100] k=  5 c=0.889 alpha=-1.000 beta=+0.991 | loss 13.1064 size 342.9 MB zeros 71.8%
gen 47 [36/100] k= 17 c=0.971 alpha=-0.454 beta=+0.502 | loss 5.0262 size 426.6 MB zeros 39.1%
gen 47 [37/100] k=  3 c=0.787 alpha=-0.980 beta=+0.522 | loss 16.8019 size 323.4 MB zeros 87.4%
gen 47 [38/100] k=  9 c=0.784 alpha=-0.630 beta=+0.610 | loss 7.7707 size 385.5 MB zeros 49.5%
gen 47 [39/100] k=  5 c=0.988 alpha=-0.999 beta=+0.958 | loss 14.6467 size 342.3 MB zeros 72.5%
gen 47 [40/100] k= 58 c=0.969 alpha=-0.059 beta=+0.096 | loss 3.0828 size 541.4 MB zeros 7.6%
gen 47 [41/100] k=  3 c=0.997 alpha=-0.585 beta=+0.579 | loss 16.0178 size 320.4 MB zeros 94.0%
gen 47 [42/100] k=  4 c=0.783 alpha=-0.448 beta=+0.577 | loss 16.9469 size 329.1 MB zeros 87.3%
gen 47 [43/100] k= 65 c=0.955 alpha=-0.587 beta=+0.578 | loss 6.1114 size 462.8 MB zeros 46.0%
gen 47 [44/100] k=  9 c=0.979 alpha=-0.138 beta=+0.336 | loss 8.1465 size 397.0 MB zeros 41.0%
gen 47 [45/100] k=  9 c=0.793 alpha=-0.992 beta=+0.979 | loss 11.8693 size 358.9 MB zeros 69.3%
gen 47 [46/100] k= 32 c=0.944 alpha=-0.598 beta=+0.452 | loss 5.3066 size 447.6 MB zeros 41.9%
gen 47 [47/100] k=  9 c=0.951 alpha=-0.321 beta=+0.369 | loss 7.3233 size 398.3 MB zeros 40.0%
gen 47 [48/100] k=  3 c=0.976 alpha=-0.503 beta=+0.379 | loss 15.5610 size 320.7 MB zeros 93.5%
gen 47 [49/100] k=  3 c=0.970 alpha=-0.261 beta=+0.189 | loss 15.4056 size 320.7 MB zeros 93.3%
gen 47 [50/100] k= 10 c=0.944 alpha=-0.563 beta=+0.116 | loss 7.3354 size 419.1 MB zeros 43.3%
gen 47 [51/100] k=  9 c=0.932 alpha=-0.429 beta=+0.325 | loss 6.9304 size 398.5 MB zeros 39.8%
gen 47 [52/100] k=  8 c=0.784 alpha=-0.987 beta=+1.000 | loss 12.7677 size 358.0 MB zeros 70.0%
gen 47 [53/100] k= 38 c=0.933 alpha=-0.252 beta=+0.821 | loss 15.3856 size 476.0 MB zeros 41.0%
gen 47 [54/100] k= 22 c=0.960 alpha=-0.452 beta=+0.577 | loss 5.3598 size 448.8 MB zeros 41.4%
gen 47 [55/100] k= 17 c=0.971 alpha=-0.453 beta=+0.566 | loss 5.2843 size 422.8 MB zeros 41.3%
gen 47 [56/100] k= 17 c=0.929 alpha=-0.132 beta=+0.215 | loss 3.5379 size 458.5 MB zeros 21.4%
gen 47 [57/100] k=  3 c=0.996 alpha=-0.986 beta=+0.856 | loss 15.9853 size 320.4 MB zeros 94.0%
gen 47 [58/100] k= 31 c=0.936 alpha=-0.211 beta=+0.369 | loss 3.4089 size 486.7 MB zeros 24.4%
gen 47 [59/100] k=  9 c=0.969 alpha=-0.626 beta=+0.812 | loss 14.9583 size 377.0 MB zeros 55.8%
gen 47 [60/100] k=  3 c=0.985 alpha=-0.954 beta=+0.406 | loss 16.3598 size 320.6 MB zeros 93.7%
gen 47 [61/100] k= 16 c=0.970 alpha=-0.535 beta=+0.531 | loss 5.7914 size 419.5 MB zeros 43.1%
gen 47 [62/100] k= 58 c=0.994 alpha=-0.014 beta=+0.018 | loss 3.1169 size 541.4 MB zeros 6.7%
gen 47 [63/100] k=  9 c=0.998 alpha=-0.631 beta=+0.607 | loss 8.1565 size 384.3 MB zeros 50.4%
gen 47 [64/100] k= 30 c=0.708 alpha=-0.391 beta=+0.116 | loss 3.7289 size 493.2 MB zeros 21.5%
gen 47 [65/100] k=  9 c=0.913 alpha=-0.430 beta=+0.418 | loss 6.4131 size 398.5 MB zeros 39.8%
gen 47 [66/100] k=  3 c=0.995 alpha=-0.661 beta=+0.589 | loss 15.9499 size 320.5 MB zeros 93.9%
gen 47 [67/100] k= 17 c=0.988 alpha=-0.915 beta=+0.998 | loss 10.4847 size 375.4 MB zeros 67.8%
gen 47 [68/100] k= 40 c=0.968 alpha=-0.025 beta=+0.570 | loss 15.2464 size 512.8 MB zeros 27.3%
gen 47 [69/100] k=  5 c=0.920 alpha=-0.885 beta=+0.382 | loss 14.6552 size 347.0 MB zeros 67.3%
gen 47 [70/100] k= 58 c=0.954 alpha=-0.369 beta=+0.515 | loss 4.2707 size 489.9 MB zeros 35.8%
gen 47 [71/100] k=  9 c=0.757 alpha=-0.997 beta=+0.546 | loss 17.4154 size 375.0 MB zeros 57.3%
gen 47 [72/100] k=  9 c=0.783 alpha=-0.975 beta=+0.600 | loss 17.4448 size 373.4 MB zeros 58.5%
gen 47 [73/100] k=  5 c=0.786 alpha=-0.989 beta=+0.999 | loss 10.7719 size 343.7 MB zeros 71.0%
gen 47 [74/100] k= 32 c=0.969 alpha=-0.069 beta=+0.062 | loss 3.1737 size 496.7 MB zeros 12.0%
gen 47 [75/100] k= 51 c=0.962 alpha=-0.048 beta=+0.092 | loss 3.0963 size 541.4 MB zeros 7.9%
gen 47 [76/100] k=  8 c=0.994 alpha=-0.215 beta=+0.965 | loss 14.9861 size 370.4 MB zeros 60.7%
gen 47 [77/100] k= 32 c=0.959 alpha=-0.522 beta=+0.436 | loss 4.5841 size 454.8 MB zeros 38.7%
gen 47 [78/100] k=  9 c=0.955 alpha=-0.453 beta=+0.502 | loss 7.4793 size 394.6 MB zeros 42.7%
gen 47 [79/100] k=  8 c=0.927 alpha=-0.197 beta=+0.579 | loss 11.2839 size 384.4 MB zeros 50.3%
gen 47 [80/100] k=  9 c=0.923 alpha=-0.973 beta=+0.821 | loss 16.0549 size 364.5 MB zeros 65.1%
gen 47 [81/100] k=  9 c=0.709 alpha=-0.446 beta=+0.130 | loss 5.6573 size 405.5 MB zeros 34.6%
gen 47 [82/100] k= 10 c=0.964 alpha=-0.012 beta=+0.833 | loss 15.0854 size 405.0 MB zeros 51.3%
gen 47 [83/100] k=  5 c=0.957 alpha=-0.999 beta=+0.999 | loss 15.0650 size 342.2 MB zeros 72.7%
gen 47 [84/100] k=  9 c=0.948 alpha=-0.915 beta=+0.839 | loss 10.3022 size 365.7 MB zeros 64.3%
gen 47 [85/100] k=  8 c=0.960 alpha=-0.495 beta=+0.338 | loss 12.1477 size 383.6 MB zeros 50.9%
gen 47 [86/100] k= 51 c=0.951 alpha=-1.000 beta=+0.999 | loss 10.7256 size 398.8 MB zeros 69.8%
gen 47 [87/100] k=  9 c=0.964 alpha=-0.532 beta=+0.725 | loss 14.8033 size 383.7 MB zeros 50.8%
gen 47 [88/100] k=  9 c=0.935 alpha=-0.767 beta=+0.821 | loss 9.1562 size 371.5 MB zeros 59.9%
gen 47 [89/100] k=  9 c=0.910 alpha=-0.993 beta=+0.856 | loss 15.8463 size 362.7 MB zeros 66.5%
gen 47 [90/100] k=  8 c=0.977 alpha=-0.005 beta=+0.080 | loss 11.8735 size 382.7 MB zeros 51.6%
gen 47 [91/100] k= 18 c=0.935 alpha=-0.788 beta=+0.844 | loss 10.0561 size 406.1 MB zeros 60.5%
gen 47 [92/100] k=  3 c=0.969 alpha=-0.330 beta=+0.344 | loss 15.5413 size 320.7 MB zeros 93.3%
gen 47 [93/100] k=  3 c=0.970 alpha=-0.120 beta=+0.404 | loss 15.4056 size 320.7 MB zeros 93.3%
gen 47 [94/100] k= 32 c=0.947 alpha=-0.607 beta=+0.570 | loss 6.3908 size 437.6 MB zeros 46.4%
gen 47 [95/100] k=  8 c=0.970 alpha=-0.211 beta=+0.435 | loss 11.8715 size 383.1 MB zeros 51.3%
gen 47 [96/100] k= 17 c=0.939 alpha=-0.518 beta=+0.550 | loss 5.6523 size 419.8 MB zeros 43.0%
gen 47 [97/100] k= 21 c=0.712 alpha=-0.008 beta=+0.009 | loss 3.4970 size 496.6 MB zeros 13.2%
gen 47 [98/100] k= 31 c=0.952 alpha=-0.327 beta=+0.494 | loss 3.8692 size 466.3 MB zeros 33.6%
gen 47 [99/100] k=  4 c=0.989 alpha=-0.998 beta=+0.952 | loss 16.1501 size 323.3 MB zeros 93.8%
gen 47 [100/100] k=  9 c=0.807 alpha=-0.390 beta=+0.084 | loss 6.1588 size 404.2 MB zeros 35.5%
=== generation 47/50 done in 161s (1 from cache), Pareto front has 100 points, best loss 3.0521, smallest 320.4 MB
gen 48 [1/100] k=  3 c=0.767 alpha=-0.408 beta=+0.546 | loss 17.3047 size 323.8 MB zeros 86.6%
gen 48 [2/100] k=  5 c=0.884 alpha=-0.999 beta=+0.991 | loss 12.7746 size 343.0 MB zeros 71.8%
gen 48 [3/100] k= 65 c=0.936 alpha=-0.069 beta=+0.210 | loss 3.1333 size 553.6 MB zeros 12.1%
gen 48 [4/100] k= 31 c=0.948 alpha=-0.955 beta=+0.396 | loss 17.9909 size 429.3 MB zeros 50.1%
gen 48 [5/100] k=  9 c=0.790 alpha=-0.445 beta=+0.333 | loss 6.1348 size 402.8 MB zeros 36.6%
gen 48 [6/100] k= 16 c=0.951 alpha=-0.418 beta=+0.323 | loss 4.2303 size 439.4 MB zeros 32.0%
gen 48 [7/100] k= 17 c=0.939 alpha=-0.023 beta=+0.455 | loss 3.9299 size 444.1 MB zeros 29.4%
gen 48 [9/100] k=  9 c=0.768 alpha=-0.384 beta=+0.546 | loss 6.1626 size 398.1 MB zeros 40.1%
gen 48 [10/100] k= 17 c=0.940 alpha=-0.171 beta=+0.459 | loss 3.9448 size 443.8 MB zeros 29.5%
gen 48 [11/100] k= 17 c=0.931 alpha=-0.251 beta=+0.559 | loss 15.6252 size 435.8 MB zeros 34.0%
gen 48 [12/100] k= 58 c=0.992 alpha=-0.211 beta=+0.091 | loss 3.1366 size 541.4 MB zeros 13.1%
gen 48 [13/100] k=  5 c=0.938 alpha=-0.986 beta=+1.000 | loss 15.6356 size 342.6 MB zeros 72.3%
gen 48 [14/100] k=  3 c=0.995 alpha=-0.681 beta=+0.589 | loss 15.9499 size 320.5 MB zeros 93.9%
gen 48 [15/100] k=  5 c=0.785 alpha=-0.987 beta=+0.999 | loss 10.6879 size 343.7 MB zeros 71.0%
gen 48 [16/100] k= 32 c=0.996 alpha=-0.632 beta=+0.556 | loss 6.6801 size 436.8 MB zeros 46.8%
gen 48 [17/100] k= 58 c=0.966 alpha=-0.186 beta=+0.273 | loss 3.2293 size 534.1 MB zeros 19.4%
gen 48 [18/100] k=  5 c=0.983 alpha=-0.971 beta=+0.601 | loss 15.0212 size 344.1 MB zeros 70.5%
gen 48 [19/100] k= 65 c=0.969 alpha=-0.048 beta=+0.094 | loss 3.0679 size 567.2 MB zeros 7.0%
gen 48 [20/100] k=  5 c=0.992 alpha=-0.402 beta=+0.500 | loss 15.2763 size 345.3 MB zeros 69.2%
gen 48 [21/100] k= 72 c=0.965 alpha=-0.747 beta=+0.096 | loss 17.8810 size 529.2 MB zeros 32.5%
gen 48 [22/100] k=  9 c=0.986 alpha=-0.359 beta=+0.445 | loss 7.9903 size 396.0 MB zeros 41.7%
gen 48 [23/100] k=  5 c=0.997 alpha=-0.998 beta=+0.963 | loss 15.4667 size 342.1 MB zeros 72.7%
gen 48 [24/100] k=  7 c=0.994 alpha=-0.281 beta=+0.992 | loss 15.0042 size 369.7 MB zeros 61.3%
gen 48 [25/100] k= 17 c=0.939 alpha=-0.508 beta=+0.502 | loss 5.3502 size 423.3 MB zeros 41.0%
gen 48 [26/100] k=  3 c=0.936 alpha=-0.643 beta=+0.534 | loss 17.2581 size 321.1 MB zeros 92.5%
gen 48 [27/100] k=  9 c=0.952 alpha=-0.630 beta=+0.435 | loss 15.1009 size 390.3 MB zeros 45.9%
gen 48 [28/100] k=  9 c=0.907 alpha=-0.585 beta=+0.600 | loss 6.9097 size 387.0 MB zeros 48.4%
gen 48 [29/100] k=  5 c=0.884 alpha=-0.985 beta=+0.999 | loss 12.4311 size 343.1 MB zeros 71.7%
gen 48 [30/100] k=  3 c=1.000 alpha=-0.989 beta=+0.314 | loss 16.0309 size 320.4 MB zeros 94.0%
gen 48 [31/100] k= 17 c=0.992 alpha=-0.440 beta=+0.548 | loss 5.2548 size 424.6 MB zeros 40.3%
gen 48 [32/100] k= 58 c=0.969 alpha=-0.031 beta=+0.099 | loss 3.0829 size 541.4 MB zeros 7.7%
gen 48 [33/100] k=  9 c=0.911 alpha=-0.429 beta=+0.415 | loss 6.3432 size 398.6 MB zeros 39.7%
gen 48 [34/100] k= 31 c=0.963 alpha=-0.325 beta=+0.139 | loss 3.2925 size 495.3 MB zeros 20.2%
gen 48 [35/100] k=  5 c=0.962 alpha=-0.998 beta=+0.999 | loss 14.1759 size 342.1 MB zeros 72.7%
gen 48 [36/100] k= 17 c=0.944 alpha=-0.025 beta=+0.100 | loss 3.5755 size 458.5 MB zeros 21.4%
gen 48 [37/100] k=  3 c=0.967 alpha=-0.120 beta=+0.404 | loss 15.7611 size 320.8 MB zeros 93.3%
gen 48 [38/100] k=  3 c=0.972 alpha=-0.513 beta=+0.531 | loss 15.5994 size 320.7 MB zeros 93.4%
gen 48 [39/100] k= 16 c=0.928 alpha=-0.034 beta=+0.395 | loss 3.9477 size 445.4 MB zeros 28.7%
gen 48 [40/100] k=  9 c=0.775 alpha=-0.972 beta=+0.577 | loss 17.4831 size 374.5 MB zeros 57.7%
gen 48 [41/100] k=  9 c=0.946 alpha=-0.807 beta=+0.825 | loss 10.3564 size 369.9 MB zeros 61.1%
gen 48 [42/100] k= 16 c=0.931 alpha=-0.453 beta=+0.565 | loss 5.4257 size 422.6 MB zeros 41.4%
gen 48 [43/100] k=  9 c=0.994 alpha=-0.697 beta=+0.548 | loss 10.0977 size 383.9 MB zeros 50.7%
gen 48 [44/100] k=  9 c=0.929 alpha=-0.781 beta=+0.763 | loss 9.5181 size 373.1 MB zeros 58.7%
gen 48 [45/100] k= 72 c=0.964 alpha=-0.008 beta=+0.009 | loss 3.0682 size 586.1 MB zeros 5.2%
gen 48 [46/100] k=215 c=0.784 alpha=-0.061 beta=+0.580 | loss 15.3265 size 584.2 MB zeros 25.5%
gen 48 [47/100] k= 24 c=0.973 alpha=-0.509 beta=+0.531 | loss 5.2864 size 448.0 MB zeros 41.8%
gen 48 [48/100] k= 17 c=0.935 alpha=-0.214 beta=+0.451 | loss 3.9346 size 444.0 MB zeros 29.4%
gen 48 [49/100] k= 17 c=0.969 alpha=-0.105 beta=+0.107 | loss 3.6022 size 457.5 MB zeros 21.9%
gen 48 [50/100] k=  5 c=0.946 alpha=-0.167 beta=+0.812 | loss 15.6178 size 346.8 MB zeros 67.6%
gen 48 [51/100] k=  3 c=0.980 alpha=-0.990 beta=+0.565 | loss 16.0726 size 320.6 MB zeros 93.6%
gen 48 [52/100] k=  9 c=0.938 alpha=-0.634 beta=+0.599 | loss 7.6252 size 384.9 MB zeros 49.9%
gen 48 [53/100] k= 16 c=0.935 alpha=-0.430 beta=+0.414 | loss 4.3916 size 433.2 MB zeros 35.5%
gen 48 [54/100] k= 29 c=0.970 alpha=-0.120 beta=+0.404 | loss 3.4640 size 489.6 MB zeros 23.1%
gen 48 [55/100] k=  9 c=0.963 alpha=-0.729 beta=+0.589 | loss 12.0220 size 381.5 MB zeros 52.5%
gen 48 [56/100] k= 16 c=0.978 alpha=-0.491 beta=+0.334 | loss 4.5894 size 434.0 MB zeros 35.0%
gen 48 [57/100] k= 17 c=0.972 alpha=-0.455 beta=+0.459 | loss 4.8876 size 429.2 MB zeros 37.7%
gen 48 [58/100] k=  7 c=0.860 alpha=-0.573 beta=+0.582 | loss 9.7111 size 385.3 MB zeros 49.7%
gen 48 [59/100] k= 16 c=0.988 alpha=-0.456 beta=+0.502 | loss 5.2397 size 425.9 MB zeros 39.5%
gen 48 [60/100] k=  5 c=0.884 alpha=-0.946 beta=+0.999 | loss 13.7323 size 343.7 MB zeros 71.0%
gen 48 [61/100] k=215 c=0.984 alpha=-0.061 beta=+0.089 | loss 3.0556 size 630.8 MB zeros 6.4%
gen 48 [62/100] k=  9 c=0.944 alpha=-0.211 beta=+0.435 | loss 7.2552 size 397.9 MB zeros 40.3%
gen 48 [63/100] k= 16 c=0.935 alpha=-0.498 beta=+0.099 | loss 15.9808 size 438.8 MB zeros 32.3%
gen 48 [64/100] k=  9 c=0.906 alpha=-0.575 beta=+0.991 | loss 15.3764 size 373.4 MB zeros 58.5%
gen 48 [65/100] k= 31 c=0.946 alpha=-0.196 beta=+0.306 | loss 3.3246 size 493.3 MB zeros 21.5%
gen 48 [66/100] k= 31 c=0.963 alpha=-0.325 beta=+0.094 | loss 3.2833 size 495.6 MB zeros 19.6%
gen 48 [67/100] k= 32 c=0.927 alpha=-0.994 beta=+0.930 | loss 10.3267 size 389.3 MB zeros 68.0%
gen 48 [68/100] k=  9 c=0.935 alpha=-0.005 beta=+0.821 | loss 15.1385 size 384.3 MB zeros 50.4%
gen 48 [69/100] k= 17 c=0.753 alpha=-0.443 beta=+0.484 | loss 5.3038 size 429.0 MB zeros 37.8%
gen 48 [70/100] k=  3 c=0.968 alpha=-0.986 beta=+0.856 | loss 15.5074 size 320.7 MB zeros 93.3%
gen 48 [71/100] k= 57 c=0.781 alpha=-0.920 beta=+0.078 | loss 17.8783 size 488.2 MB zeros 36.5%
gen 48 [72/100] k=  9 c=0.938 alpha=-0.854 beta=+0.823 | loss 10.3908 size 368.3 MB zeros 62.3%
gen 48 [73/100] k= 34 c=1.000 alpha=-0.105 beta=+0.208 | loss 3.1844 size 540.8 MB zeros 14.9%
gen 48 [74/100] k= 32 c=0.944 alpha=-0.211 beta=+0.588 | loss 15.2253 size 469.0 MB zeros 32.4%
gen 48 [75/100] k=  9 c=0.951 alpha=-0.631 beta=+0.589 | loss 7.6434 size 385.3 MB zeros 49.7%
gen 48 [76/100] k=  5 c=0.884 alpha=-0.998 beta=+1.000 | loss 12.0878 size 342.9 MB zeros 71.9%
gen 48 [77/100] k=  9 c=0.734 alpha=-0.426 beta=+0.333 | loss 5.7594 size 405.0 MB zeros 34.9%
gen 48 [78/100] k=  9 c=0.748 alpha=-0.390 beta=+0.434 | loss 6.0721 size 402.9 MB zeros 36.5%
gen 48 [79/100] k= 17 c=0.939 alpha=-0.023 beta=+0.332 | loss 3.6542 size 451.9 MB zeros 25.0%
gen 48 [80/100] k= 16 c=0.952 alpha=-0.631 beta=+0.579 | loss 6.8975 size 411.1 MB zeros 47.8%
gen 48 [81/100] k=  6 c=0.784 alpha=-0.987 beta=+0.982 | loss 11.7467 size 357.1 MB zeros 70.7%
gen 48 [82/100] k=  5 c=0.969 alpha=-0.998 beta=+0.998 | loss 14.4516 size 342.1 MB zeros 72.8%
gen 48 [83/100] k= 32 c=0.979 alpha=-0.138 beta=+0.338 | loss 3.3158 size 494.6 MB zeros 20.8%
gen 48 [84/100] k=  9 c=0.932 alpha=-0.767 beta=+0.821 | loss 9.1058 size 371.5 MB zeros 59.9%
gen 48 [85/100] k=  3 c=0.980 alpha=-0.980 beta=+0.797 | loss 16.1223 size 320.6 MB zeros 93.6%
gen 48 [86/100] k=  5 c=0.984 alpha=-0.466 beta=+0.957 | loss 15.2952 size 344.3 MB zeros 70.4%
gen 48 [87/100] k=  9 c=0.947 alpha=-0.887 beta=+0.839 | loss 10.6753 size 366.6 MB zeros 63.6%
gen 48 [88/100] k= 17 c=0.971 alpha=-0.441 beta=+0.522 | loss 5.0546 size 426.2 MB zeros 39.4%
gen 48 [89/100] k=  9 c=0.767 alpha=-0.362 beta=+0.577 | loss 15.1777 size 397.4 MB zeros 40.6%
gen 48 [90/100] k=  9 c=0.787 alpha=-0.553 beta=+0.576 | loss 6.8015 size 390.1 MB zeros 46.1%
gen 48 [91/100] k=  9 c=0.711 alpha=-0.017 beta=+0.096 | loss 5.3776 size 410.3 MB zeros 31.0%
gen 48 [92/100] k=  9 c=0.975 alpha=-0.449 beta=+0.085 | loss 7.6414 size 396.4 MB zeros 41.4%
gen 48 [93/100] k=  5 c=0.742 alpha=-0.429 beta=+0.325 | loss 12.6341 size 356.3 MB zeros 56.8%
gen 48 [94/100] k=  3 c=0.969 alpha=-0.120 beta=+0.336 | loss 15.5405 size 320.7 MB zeros 93.3%
gen 48 [95/100] k=  8 c=0.992 alpha=-0.937 beta=+0.041 | loss 17.9719 size 371.3 MB zeros 60.1%
gen 48 [96/100] k=  5 c=0.749 alpha=-0.984 beta=+0.556 | loss 17.8910 size 350.1 MB zeros 63.9%
gen 48 [97/100] k=  9 c=0.998 alpha=-0.999 beta=+0.998 | loss 13.5072 size 357.8 MB zeros 70.2%
gen 48 [98/100] k= 16 c=0.979 alpha=-0.138 beta=+0.432 | loss 4.0971 size 441.8 MB zeros 30.7%
gen 48 [99/100] k= 60 c=0.938 alpha=-0.167 beta=+0.804 | loss 15.4329 size 486.8 MB zeros 37.0%
gen 48 [100/100] k=  3 c=0.963 alpha=-0.515 beta=+0.966 | loss 15.8923 size 320.8 MB zeros 93.2%
=== generation 48/50 done in 161s (1 from cache), Pareto front has 100 points, best loss 3.0521, smallest 320.4 MB
gen 49 [1/100] k=  9 c=0.935 alpha=-0.636 beta=+0.636 | loss 8.9236 size 383.4 MB zeros 51.1%
gen 49 [2/100] k=  8 c=0.966 alpha=-0.993 beta=+0.990 | loss 12.9185 size 357.6 MB zeros 70.3%
gen 49 [3/100] k=  9 c=0.932 alpha=-0.767 beta=+0.825 | loss 9.1896 size 371.4 MB zeros 60.0%
gen 49 [4/100] k= 31 c=0.940 alpha=-0.196 beta=+0.372 | loss 3.3845 size 487.6 MB zeros 24.0%
gen 49 [5/100] k=  3 c=0.975 alpha=-0.474 beta=+0.463 | loss 15.5402 size 320.7 MB zeros 93.5%
gen 49 [6/100] k= 17 c=0.976 alpha=-0.490 beta=+0.439 | loss 4.8692 size 428.3 MB zeros 38.2%
gen 49 [7/100] k=  9 c=0.935 alpha=-0.777 beta=+0.839 | loss 9.7007 size 370.5 MB zeros 60.7%
gen 49 [8/100] k= 17 c=0.930 alpha=-0.999 beta=+0.336 | loss 17.8428 size 408.3 MB zeros 49.4%
gen 49 [9/100] k=  7 c=0.970 alpha=-0.139 beta=+0.378 | loss 11.9034 size 383.1 MB zeros 51.3%
gen 49 [10/100] k=  5 c=0.884 alpha=-0.997 beta=+0.996 | loss 12.5109 size 342.9 MB zeros 71.8%
gen 49 [11/100] k= 14 c=0.982 alpha=-0.023 beta=+0.109 | loss 4.4260 size 444.8 MB zeros 28.8%
gen 49 [12/100] k=  9 c=0.938 alpha=-0.784 beta=+0.823 | loss 9.5772 size 370.8 MB zeros 60.4%
gen 49 [13/100] k=  9 c=0.971 alpha=-0.454 beta=+0.502 | loss 8.1975 size 394.2 MB zeros 43.0%
gen 49 [14/100] k= 73 c=0.981 alpha=-0.026 beta=+0.105 | loss 3.0656 size 586.1 MB zeros 7.2%
gen 49 [15/100] k=  3 c=0.995 alpha=-0.072 beta=+0.835 | loss 16.0151 size 320.5 MB zeros 93.9%
gen 49 [16/100] k=  9 c=0.888 alpha=-0.392 beta=+0.595 | loss 14.0821 size 393.7 MB zeros 43.4%
gen 49 [17/100] k=  5 c=0.766 alpha=-0.316 beta=+0.546 | loss 13.0575 size 355.1 MB zeros 58.2%
gen 49 [18/100] k= 66 c=0.970 alpha=-0.269 beta=+0.210 | loss 3.2561 size 567.8 MB zeros 20.1%
gen 49 [19/100] k= 32 c=0.946 alpha=-0.195 beta=+0.100 | loss 3.1755 size 496.7 MB zeros 14.5%
gen 49 [20/100] k= 10 c=0.936 alpha=-0.431 beta=+0.585 | loss 6.7357 size 417.3 MB zeros 44.3%
gen 49 [21/100] k= 32 c=0.936 alpha=-0.224 beta=+0.440 | loss 3.5244 size 479.6 MB zeros 27.6%
gen 49 [22/100] k=  9 c=0.989 alpha=-0.697 beta=+0.579 | loss 8.8026 size 382.9 MB zeros 51.5%
gen 49 [23/100] k=  9 c=0.996 alpha=-0.630 beta=+0.576 | loss 7.3947 size 385.4 MB zeros 49.6%
gen 49 [24/100] k= 46 c=0.918 alpha=-0.509 beta=+0.502 | loss 4.7812 size 477.2 MB zeros 40.6%
gen 49 [25/100] k= 31 c=0.944 alpha=-0.223 beta=+0.460 | loss 3.5680 size 478.0 MB zeros 28.3%
gen 49 [26/100] k=  7 c=0.997 alpha=-0.080 beta=+0.999 | loss 14.9998 size 369.4 MB zeros 61.5%
gen 49 [27/100] k= 65 c=0.969 alpha=-0.034 beta=+0.094 | loss 3.0674 size 567.2 MB zeros 7.0%
gen 49 [28/100] k=  3 c=0.995 alpha=-0.984 beta=+0.844 | loss 16.1018 size 320.5 MB zeros 93.9%
gen 49 [29/100] k=  5 c=0.784 alpha=-0.987 beta=+0.310 | loss 17.8725 size 349.1 MB zeros 65.0%
gen 49 [30/100] k= 13 c=0.948 alpha=-0.138 beta=+0.894 | loss 15.5696 size 413.7 MB zeros 46.4%
gen 49 [32/100] k=  5 c=0.945 alpha=-0.069 beta=+0.601 | loss 15.3830 size 347.1 MB zeros 67.2%
gen 49 [33/100] k=  9 c=0.938 alpha=-0.109 beta=+0.400 | loss 7.3382 size 398.7 MB zeros 39.7%
gen 49 [34/100] k=  5 c=0.785 alpha=-1.000 beta=+0.114 | loss 17.8561 size 348.8 MB zeros 65.2%
gen 49 [35/100] k= 36 c=0.946 alpha=-0.196 beta=+0.306 | loss 3.3548 size 528.8 MB zeros 21.3%
gen 49 [36/100] k= 17 c=0.971 alpha=-0.454 beta=+0.477 | loss 4.9347 size 428.2 MB zeros 38.3%
gen 49 [37/100] k= 32 c=0.944 alpha=-0.219 beta=+0.440 | loss 3.5111 size 480.0 MB zeros 27.5%
gen 49 [38/100] k=  4 c=0.925 alpha=-0.730 beta=+0.096 | loss 16.7013 size 324.7 MB zeros 92.2%
gen 49 [39/100] k=  9 c=0.966 alpha=-0.678 beta=+0.583 | loss 8.3796 size 383.6 MB zeros 50.9%
gen 49 [40/100] k= 12 c=0.935 alpha=-0.781 beta=+0.821 | loss 11.1353 size 389.4 MB zeros 59.9%
gen 49 [41/100] k=  9 c=0.757 alpha=-0.391 beta=+0.446 | loss 5.8550 size 402.2 MB zeros 37.0%
gen 49 [42/100] k=  9 c=0.778 alpha=-0.448 beta=+0.577 | loss 6.3870 size 394.4 MB zeros 42.9%
gen 49 [43/100] k=  9 c=0.940 alpha=-0.621 beta=+0.825 | loss 14.9526 size 376.9 MB zeros 55.9%
gen 49 [44/100] k=  5 c=0.898 alpha=-0.761 beta=+0.821 | loss 14.1800 size 348.2 MB zeros 66.0%
gen 49 [45/100] k=  3 c=0.944 alpha=-0.502 beta=+0.527 | loss 17.2344 size 321.0 MB zeros 92.7%
gen 49 [46/100] k= 11 c=0.938 alpha=-0.889 beta=+0.820 | loss 11.0809 size 384.3 MB zeros 62.8%
gen 49 [47/100] k= 15 c=0.884 alpha=-0.445 beta=+0.566 | loss 5.6146 size 423.2 MB zeros 41.1%
gen 49 [48/100] k= 36 c=0.934 alpha=-0.823 beta=+0.821 | loss 9.6333 size 423.0 MB zeros 60.8%
gen 49 [49/100] k=  9 c=0.754 alpha=-0.429 beta=+0.361 | loss 5.8372 size 403.9 MB zeros 35.8%
gen 49 [50/100] k= 16 c=0.935 alpha=-0.006 beta=+0.484 | loss 6.3255 size 439.7 MB zeros 31.9%
gen 49 [51/100] k=  5 c=0.988 alpha=-0.940 beta=+0.985 | loss 14.9258 size 342.7 MB zeros 72.1%
gen 49 [52/100] k= 32 c=0.955 alpha=-0.211 beta=+0.387 | loss 3.4363 size 485.1 MB zeros 25.2%
gen 49 [53/100] k=  5 c=0.962 alpha=-0.437 beta=+0.991 | loss 14.3515 size 344.4 MB zeros 70.2%
gen 49 [54/100] k= 70 c=0.969 alpha=-0.069 beta=+0.094 | loss 3.0788 size 586.1 MB zeros 7.4%
gen 49 [55/100] k=  9 c=0.906 alpha=-0.568 beta=+0.574 | loss 7.0028 size 388.7 MB zeros 47.1%
gen 49 [56/100] k=218 c=0.940 alpha=-0.061 beta=+0.314 | loss 3.2273 size 619.4 MB zeros 15.7%
gen 49 [57/100] k= 16 c=0.960 alpha=-0.658 beta=+0.610 | loss 7.4134 size 407.7 MB zeros 49.7%
gen 49 [58/100] k=  8 c=0.996 alpha=-0.977 beta=+0.336 | loss 17.9792 size 370.0 MB zeros 61.0%
gen 49 [59/100] k= 17 c=0.937 alpha=-0.992 beta=+0.230 | loss 17.8529 size 414.5 MB zeros 45.9%
gen 49 [60/100] k=  9 c=0.776 alpha=-0.585 beta=+0.489 | loss 6.5746 size 392.4 MB zeros 44.3%
gen 49 [61/100] k=  9 c=0.711 alpha=-0.017 beta=+0.096 | loss 5.3857 size 410.3 MB zeros 31.1%
gen 49 [62/100] k= 21 c=0.938 alpha=-0.048 beta=+0.114 | loss 3.3507 size 495.5 MB zeros 17.2%
gen 49 [63/100] k= 38 c=0.944 alpha=-0.026 beta=+0.306 | loss 3.2613 size 538.4 MB zeros 17.7%
gen 49 [64/100] k= 16 c=0.970 alpha=-0.482 beta=+0.397 | loss 4.7285 size 430.9 MB zeros 36.8%
gen 49 [65/100] k= 17 c=0.950 alpha=-0.157 beta=+0.214 | loss 3.5616 size 457.8 MB zeros 21.7%
gen 49 [66/100] k=  5 c=0.788 alpha=-1.000 beta=+0.999 | loss 10.9593 size 343.4 MB zeros 71.3%
gen 49 [67/100] k=  5 c=0.987 alpha=-0.998 beta=+0.999 | loss 14.7709 size 341.9 MB zeros 73.1%
gen 49 [68/100] k=  3 c=0.990 alpha=-0.631 beta=+0.578 | loss 15.9660 size 320.5 MB zeros 93.8%
gen 49 [69/100] k= 32 c=0.944 alpha=-0.002 beta=+0.100 | loss 3.1437 size 496.7 MB zeros 11.7%
gen 49 [70/100] k= 17 c=0.939 alpha=-0.023 beta=+0.366 | loss 3.7015 size 449.8 MB zeros 26.2%
gen 49 [71/100] k= 58 c=0.969 alpha=-0.964 beta=+0.240 | loss 17.9030 size 467.5 MB zeros 44.2%
gen 49 [72/100] k= 17 c=0.981 alpha=-0.469 beta=+0.566 | loss 5.4740 size 421.8 MB zeros 41.8%
gen 49 [73/100] k=  9 c=0.939 alpha=-0.894 beta=+0.821 | loss 10.5525 size 367.0 MB zeros 63.3%
gen 49 [74/100] k=  9 c=0.761 alpha=-0.429 beta=+0.976 | loss 15.5215 size 380.5 MB zeros 53.2%
gen 49 [75/100] k=  9 c=0.979 alpha=-0.915 beta=+0.294 | loss 17.8743 size 380.0 MB zeros 53.6%
gen 49 [77/100] k=  9 c=0.936 alpha=-0.680 beta=+0.180 | loss 18.1213 size 389.5 MB zeros 46.5%
gen 49 [78/100] k=  3 c=0.970 alpha=-0.645 beta=+0.706 | loss 15.4335 size 320.7 MB zeros 93.3%
gen 49 [79/100] k=  3 c=0.997 alpha=-0.995 beta=+0.333 | loss 16.0197 size 320.4 MB zeros 94.0%
gen 49 [80/100] k= 45 c=0.992 alpha=-0.215 beta=+0.964 | loss 15.4566 size 470.1 MB zeros 43.2%
gen 49 [81/100] k=224 c=0.983 alpha=-0.061 beta=+0.089 | loss 3.0546 size 630.8 MB zeros 6.4%
gen 49 [82/100] k=  9 c=0.713 alpha=-0.417 beta=+0.137 | loss 5.5934 size 406.6 MB zeros 33.8%
gen 49 [83/100] k= 77 c=0.964 alpha=-0.022 beta=+0.111 | loss 3.0806 size 586.1 MB zeros 7.2%
gen 49 [84/100] k=  9 c=0.722 alpha=-0.075 beta=+0.821 | loss 15.4177 size 389.9 MB zeros 46.2%
gen 49 [85/100] k= 65 c=0.960 alpha=-0.069 beta=+0.091 | loss 3.0729 size 566.4 MB zeros 7.3%
gen 49 [86/100] k= 17 c=0.935 alpha=-0.281 beta=+0.538 | loss 6.6880 size 435.4 MB zeros 34.3%
gen 49 [87/100] k=  9 c=0.996 alpha=-0.632 beta=+0.538 | loss 8.0779 size 386.7 MB zeros 48.6%
gen 49 [88/100] k= 11 c=0.853 alpha=-0.809 beta=+0.577 | loss 17.2321 size 401.1 MB zeros 53.4%
gen 49 [89/100] k=  9 c=0.962 alpha=-0.998 beta=+0.998 | loss 13.0907 size 357.9 MB zeros 70.1%
gen 49 [90/100] k=  5 c=0.884 alpha=-0.999 beta=+0.993 | loss 12.6714 size 343.0 MB zeros 71.8%
gen 49 [91/100] k= 24 c=0.976 alpha=-0.440 beta=+0.563 | loss 4.9313 size 451.0 MB zeros 40.4%
gen 49 [92/100] k=  9 c=0.935 alpha=-0.779 beta=+0.551 | loss 18.0939 size 381.3 MB zeros 52.7%
gen 49 [93/100] k=214 c=0.858 alpha=-0.058 beta=+0.089 | loss 3.1032 size 630.8 MB zeros 6.3%
gen 49 [94/100] k= 17 c=0.964 alpha=-0.460 beta=+0.439 | loss 4.6201 size 430.2 MB zeros 37.1%
gen 49 [95/100] k=  5 c=0.884 alpha=-1.000 beta=+0.999 | loss 12.4246 size 342.8 MB zeros 71.9%
gen 49 [96/100] k=  3 c=0.971 alpha=-0.646 beta=+0.833 | loss 15.5721 size 320.7 MB zeros 93.4%
gen 49 [97/100] k= 17 c=0.982 alpha=-0.097 beta=+0.477 | loss 4.0612 size 441.9 MB zeros 30.6%
gen 49 [98/100] k= 11 c=0.989 alpha=-0.583 beta=+0.581 | loss 6.4477 size 412.2 MB zeros 47.2%
gen 49 [99/100] k= 32 c=0.944 alpha=-0.011 beta=+0.100 | loss 3.1420 size 496.7 MB zeros 11.7%
gen 49 [100/100] k= 16 c=0.971 alpha=-0.454 beta=+0.506 | loss 5.1274 size 425.9 MB zeros 39.5%
=== generation 49/50 done in 159s (2 from cache), Pareto front has 100 points, best loss 3.0521, smallest 320.4 MB
gen 50 [1/100] k= 64 c=0.969 alpha=-0.059 beta=+0.096 | loss 3.0828 size 541.4 MB zeros 7.3%
gen 50 [2/100] k=  9 c=0.966 alpha=-0.794 beta=+0.446 | loss 18.0156 size 383.7 MB zeros 50.9%
gen 50 [3/100] k=  9 c=0.784 alpha=-0.987 beta=+0.999 | loss 11.8590 size 358.4 MB zeros 69.7%
gen 50 [4/100] k=  9 c=0.761 alpha=-0.394 beta=+0.522 | loss 6.0800 size 398.9 MB zeros 39.5%
gen 50 [5/100] k= 17 c=0.935 alpha=-0.453 beta=+0.484 | loss 4.9677 size 427.9 MB zeros 38.5%
gen 50 [6/100] k=  5 c=0.995 alpha=-0.995 beta=+0.335 | loss 15.5485 size 343.4 MB zeros 71.3%
gen 50 [7/100] k= 16 c=0.944 alpha=-0.196 beta=+0.440 | loss 4.0439 size 442.2 MB zeros 30.5%
gen 50 [8/100] k=  5 c=0.706 alpha=-1.000 beta=+0.983 | loss 11.6717 size 344.1 MB zeros 70.5%
gen 50 [9/100] k= 17 c=0.938 alpha=-0.023 beta=+0.363 | loss 3.6894 size 449.9 MB zeros 26.1%
gen 50 [10/100] k=  3 c=0.969 alpha=-0.129 beta=+0.404 | loss 15.5405 size 320.7 MB zeros 93.3%
gen 50 [11/100] k= 15 c=0.971 alpha=-0.399 beta=+0.499 | loss 4.8336 size 429.7 MB zeros 37.4%
gen 50 [12/100] k= 32 c=0.944 alpha=-0.129 beta=+0.009 | loss 3.1443 size 496.7 MB zeros 12.2%
gen 50 [13/100] k= 17 c=0.939 alpha=-0.023 beta=+0.996 | loss 15.4456 size 415.3 MB zeros 45.5%
gen 50 [14/100] k=  4 c=0.788 alpha=-0.994 beta=+0.999 | loss 16.8111 size 329.0 MB zeros 87.5%
gen 50 [15/100] k=  9 c=0.982 alpha=-0.062 beta=+0.839 | loss 15.0966 size 382.5 MB zeros 51.8%
gen 50 [16/100] k= 17 c=0.885 alpha=-0.234 beta=+0.466 | loss 4.0366 size 442.8 MB zeros 30.1%
gen 50 [17/100] k=  5 c=0.784 alpha=-0.585 beta=+0.971 | loss 15.0166 size 349.4 MB zeros 64.6%
gen 50 [18/100] k=  5 c=0.965 alpha=-0.999 beta=+0.998 | loss 14.2866 size 342.1 MB zeros 72.8%
gen 50 [19/100] k= 73 c=0.981 alpha=-0.026 beta=+0.105 | loss 3.0656 size 586.1 MB zeros 7.2%
gen 50 [20/100] k=  9 c=0.952 alpha=-0.631 beta=+0.599 | loss 8.0992 size 384.9 MB zeros 50.0%
gen 50 [21/100] k= 31 c=0.944 alpha=-0.211 beta=+0.411 | loss 3.4541 size 483.1 MB zeros 26.1%
gen 50 [22/100] k= 15 c=0.936 alpha=-0.892 beta=+0.845 | loss 10.8698 size 383.3 MB zeros 63.4%
gen 50 [23/100] k=  3 c=0.932 alpha=-0.767 beta=+0.807 | loss 17.1606 size 321.2 MB zeros 92.4%
gen 50 [24/100] k=  9 c=0.705 alpha=-0.417 beta=+0.112 | loss 5.6884 size 406.8 MB zeros 33.6%
gen 50 [25/100] k= 17 c=0.932 alpha=-0.023 beta=+0.335 | loss 3.6599 size 451.9 MB zeros 25.0%
gen 50 [26/100] k= 32 c=0.944 alpha=-0.996 beta=+0.438 | loss 17.9673 size 423.6 MB zeros 52.7%
gen 50 [27/100] k= 61 c=0.950 alpha=-0.164 beta=+0.096 | loss 3.1214 size 541.4 MB zeros 11.3%
gen 50 [28/100] k=  9 c=0.907 alpha=-0.007 beta=+0.600 | loss 14.7764 size 393.4 MB zeros 43.6%
gen 50 [29/100] k=  6 c=0.784 alpha=-1.000 beta=+0.515 | loss 17.8486 size 364.4 MB zeros 65.2%
gen 50 [30/100] k=  9 c=0.702 alpha=-0.345 beta=+0.097 | loss 5.4762 size 409.6 MB zeros 31.6%
gen 50 [31/100] k=  5 c=0.938 alpha=-0.841 beta=+0.627 | loss 15.3887 size 346.8 MB zeros 67.5%
gen 50 [32/100] k=  9 c=0.951 alpha=-0.688 beta=+0.579 | loss 9.1314 size 383.5 MB zeros 51.0%
gen 50 [33/100] k= 65 c=0.988 alpha=-0.073 beta=+0.094 | loss 3.0778 size 565.6 MB zeros 7.6%
gen 50 [34/100] k= 30 c=0.946 alpha=-0.205 beta=+0.271 | loss 3.3687 size 495.0 MB zeros 20.6%
gen 50 [35/100] k=  3 c=0.970 alpha=-0.627 beta=+0.531 | loss 15.4056 size 320.7 MB zeros 93.3%
gen 50 [36/100] k=  3 c=0.944 alpha=-0.961 beta=+0.985 | loss 17.1253 size 321.0 MB zeros 92.7%
gen 50 [37/100] k= 31 c=0.938 alpha=-0.104 beta=+0.100 | loss 3.1559 size 496.7 MB zeros 11.7%
gen 50 [38/100] k=  9 c=0.996 alpha=-0.971 beta=+0.869 | loss 11.6608 size 362.8 MB zeros 66.4%
gen 50 [39/100] k= 70 c=0.964 alpha=-0.057 beta=+0.084 | loss 3.0784 size 586.1 MB zeros 6.6%
gen 50 [40/100] k=  5 c=0.788 alpha=-1.000 beta=+0.999 | loss 10.9430 size 343.4 MB zeros 71.3%
gen 50 [41/100] k= 17 c=0.980 alpha=-0.440 beta=+0.486 | loss 4.9185 size 428.4 MB zeros 38.1%
gen 50 [42/100] k= 65 c=0.969 alpha=-0.048 beta=+0.025 | loss 3.0769 size 570.8 MB zeros 5.7%
gen 50 [43/100] k= 58 c=0.996 alpha=-0.215 beta=+0.096 | loss 3.1371 size 541.4 MB zeros 13.5%
gen 50 [44/100] k= 17 c=0.961 alpha=-0.139 beta=+0.856 | loss 15.5302 size 421.1 MB zeros 42.2%
gen 50 [45/100] k= 72 c=0.981 alpha=-0.038 beta=+0.105 | loss 3.0640 size 586.1 MB zeros 7.2%
gen 50 [46/100] k= 32 c=0.944 alpha=-0.891 beta=+0.440 | loss 18.0005 size 429.1 MB zeros 50.2%
gen 50 [47/100] k=  9 c=0.746 alpha=-0.798 beta=+0.325 | loss 17.7012 size 389.8 MB zeros 46.3%
gen 50 [48/100] k=  5 c=0.956 alpha=-0.998 beta=+0.999 | loss 15.5426 size 342.2 MB zeros 72.6%
gen 50 [49/100] k=  9 c=0.984 alpha=-0.615 beta=+0.579 | loss 7.6945 size 386.0 MB zeros 49.1%
gen 50 [50/100] k= 21 c=0.976 alpha=-0.379 beta=+0.574 | loss 4.5634 size 455.0 MB zeros 38.6%
gen 50 [51/100] k= 17 c=0.776 alpha=-0.448 beta=+0.565 | loss 5.4243 size 423.6 MB zeros 40.8%
gen 50 [52/100] k=  9 c=0.760 alpha=-0.429 beta=+0.325 | loss 5.6861 size 404.4 MB zeros 35.4%
gen 50 [53/100] k=  9 c=0.938 alpha=-0.800 beta=+0.823 | loss 9.9491 size 370.2 MB zeros 60.9%
gen 50 [54/100] k=  3 c=0.963 alpha=-0.998 beta=+0.983 | loss 15.7996 size 320.8 MB zeros 93.2%
gen 50 [55/100] k= 31 c=0.946 alpha=-0.219 beta=+0.306 | loss 3.3588 size 491.4 MB zeros 22.4%
gen 50 [56/100] k=  9 c=0.999 alpha=-0.017 beta=+0.094 | loss 7.3002 size 396.1 MB zeros 41.6%
gen 50 [57/100] k= 65 c=0.970 alpha=-0.048 beta=+0.097 | loss 3.0648 size 566.9 MB zeros 7.1%
gen 50 [58/100] k=  3 c=0.998 alpha=-0.061 beta=+0.710 | loss 16.0330 size 320.4 MB zeros 94.0%
gen 50 [59/100] k=  4 c=0.884 alpha=-0.968 beta=+0.966 | loss 17.2093 size 325.8 MB zeros 91.0%
gen 50 [60/100] k=  5 c=0.969 alpha=-0.998 beta=+0.311 | loss 15.3057 size 344.1 MB zeros 70.5%
gen 50 [61/100] k= 10 c=0.891 alpha=-0.582 beta=+0.542 | loss 7.3039 size 413.5 MB zeros 46.5%
gen 50 [62/100] k=215 c=0.949 alpha=-0.913 beta=+0.082 | loss 17.8885 size 545.7 MB zeros 36.3%
gen 50 [63/100] k=  5 c=0.926 alpha=-0.998 beta=+0.977 | loss 16.1888 size 342.9 MB zeros 71.9%
gen 50 [64/100] k= 13 c=0.776 alpha=-1.000 beta=+0.508 | loss 17.7755 size 397.2 MB zeros 55.6%
gen 50 [65/100] k= 72 c=0.989 alpha=-0.017 beta=+0.096 | loss 3.0767 size 586.1 MB zeros 6.9%
gen 50 [66/100] k= 78 c=0.988 alpha=-0.069 beta=+0.126 | loss 3.0786 size 586.1 MB zeros 8.6%
gen 50 [67/100] k=  3 c=0.996 alpha=-0.983 beta=+0.856 | loss 15.9853 size 320.4 MB zeros 94.0%
gen 50 [68/100] k=  9 c=0.938 alpha=-0.634 beta=+0.532 | loss 8.0028 size 387.5 MB zeros 48.1%
gen 50 [69/100] k=  5 c=0.996 alpha=-0.629 beta=+0.589 | loss 15.4005 size 345.1 MB zeros 69.5%
gen 50 [70/100] k= 19 c=0.946 alpha=-0.196 beta=+0.370 | loss 3.6099 size 484.4 MB zeros 25.5%
gen 50 [71/100] k= 16 c=0.970 alpha=-0.454 beta=+0.502 | loss 5.0612 size 426.1 MB zeros 39.4%
gen 50 [72/100] k=  9 c=0.938 alpha=-0.269 beta=+0.173 | loss 7.3221 size 398.9 MB zeros 39.5%
gen 50 [73/100] k=  4 c=0.760 alpha=-0.394 beta=+0.574 | loss 17.4678 size 330.0 MB zeros 86.3%
gen 50 [74/100] k=  9 c=0.764 alpha=-0.392 beta=+0.482 | loss 5.9054 size 400.6 MB zeros 38.3%
gen 50 [75/100] k=  5 c=0.884 alpha=-0.182 beta=+0.985 | loss 14.7911 size 346.5 MB zeros 67.9%
gen 50 [76/100] k= 29 c=0.969 alpha=-0.305 beta=+0.104 | loss 3.3165 size 495.7 MB zeros 19.3%
gen 50 [77/100] k=  9 c=0.708 alpha=-0.614 beta=+0.096 | loss 17.9539 size 398.4 MB zeros 39.9%
gen 50 [78/100] k= 14 c=0.939 alpha=-0.453 beta=+0.977 | loss 15.6131 size 401.0 MB zeros 53.5%
gen 50 [79/100] k=  9 c=0.932 alpha=-0.778 beta=+0.821 | loss 9.2858 size 371.1 MB zeros 60.2%
gen 50 [80/100] k=  9 c=0.962 alpha=-0.634 beta=+0.964 | loss 15.2672 size 371.7 MB zeros 59.8%
gen 50 [81/100] k= 17 c=0.972 alpha=-0.453 beta=+0.566 | loss 5.2919 size 422.8 MB zeros 41.3%
gen 50 [82/100] k=  5 c=0.983 alpha=-0.985 beta=+0.998 | loss 14.8966 size 342.1 MB zeros 72.8%
gen 50 [83/100] k=  4 c=0.938 alpha=-0.817 beta=+0.807 | loss 17.1974 size 324.4 MB zeros 92.5%
gen 50 [84/100] k=  6 c=0.860 alpha=-0.583 beta=+0.581 | loss 12.7272 size 367.3 MB zeros 63.1%
gen 50 [85/100] k= 33 c=0.784 alpha=-0.214 beta=+0.360 | loss 3.5611 size 487.6 MB zeros 24.1%
gen 50 [86/100] k= 10 c=0.993 alpha=-0.697 beta=+0.579 | loss 8.8466 size 404.5 MB zeros 51.5%
gen 50 [87/100] k= 18 c=0.996 alpha=-0.646 beta=+0.576 | loss 7.5132 size 433.8 MB zeros 48.1%
gen 50 [88/100] k= 11 c=0.792 alpha=-0.444 beta=+0.568 | loss 5.8616 size 422.2 MB zeros 41.6%
gen 50 [89/100] k=215 c=0.983 alpha=-0.068 beta=+0.048 | loss 3.0521 size 630.8 MB zeros 5.0%
gen 50 [90/100] k= 17 c=0.936 alpha=-0.257 beta=+0.455 | loss 4.0272 size 441.8 MB zeros 30.7%
gen 50 [91/100] k=  5 c=0.884 alpha=-0.989 beta=+1.000 | loss 12.6609 size 343.0 MB zeros 71.8%
gen 50 [92/100] k= 13 c=0.936 alpha=-0.269 beta=+0.164 | loss 4.2744 size 446.3 MB zeros 27.8%
gen 50 [93/100] k=  9 c=0.935 alpha=-0.777 beta=+0.333 | loss 18.0344 size 385.9 MB zeros 49.2%
gen 50 [94/100] k= 10 c=0.776 alpha=-0.438 beta=+0.565 | loss 5.9365 size 421.2 MB zeros 42.2%
gen 50 [95/100] k=  9 c=0.936 alpha=-0.224 beta=+0.821 | loss 15.1407 size 384.3 MB zeros 50.4%
gen 50 [96/100] k=  9 c=0.935 alpha=-0.432 beta=+0.823 | loss 15.1321 size 383.5 MB zeros 51.0%
gen 50 [97/100] k=  3 c=0.995 alpha=-0.995 beta=+0.333 | loss 16.1038 size 320.5 MB zeros 93.9%
gen 50 [98/100] k=  9 c=0.937 alpha=-0.767 beta=+0.739 | loss 9.4264 size 374.5 MB zeros 57.7%
gen 50 [99/100] k=  9 c=0.767 alpha=-0.408 beta=+0.498 | loss 6.0186 size 399.4 MB zeros 39.2%
gen 50 [100/100] k=  9 c=0.711 alpha=-0.017 beta=+0.124 | loss 5.3776 size 410.3 MB zeros 31.0%
=== generation 50/50 done in 162s (0 from cache), Pareto front has 100 points, best loss 3.0521, smallest 320.4 MB
{"k": 3, "c": 0.9962175074798973, "alpha": -0.9827455881734077, "beta": 0.856347515597369, "calib_loss": 15.985318270596592, "size_mb": 320.448198875, "eval_loss": 16.10423557732695, "size_ratio": 0.3243187695547758, "target_bits_per_weight": 1.0739456092918311, "zero_frac": 0.9396532918070699}
{"k": 3, "c": 0.9962175074798973, "alpha": -0.995459166850908, "beta": 0.3329376050664252, "calib_loss": 15.985318270596592, "size_mb": 320.448198875, "eval_loss": 16.10423557732695, "size_ratio": 0.3243187695547758, "target_bits_per_weight": 1.0739456092918311, "zero_frac": 0.9396532918070699}
{"k": 3, "c": 0.9952797986940629, "alpha": -0.643171849565774, "beta": 0.5888065563015631, "calib_loss": 15.949873968070321, "size_mb": 320.459323125, "eval_loss": 16.174911961410984, "size_ratio": 0.32433002817031764, "target_bits_per_weight": 1.0741943163749499, "zero_frac": 0.9394045847239512}
{"k": 3, "c": 0.9936853685904585, "alpha": -0.014063743132593107, "beta": 0.46303049883463665, "calib_loss": 15.71483754505743, "size_mb": 320.475680625, "eval_loss": 15.913929750026728, "size_ratio": 0.3243465832462757, "target_bits_per_weight": 1.0745600242754478, "zero_frac": 0.9390388768234532}
{"k": 3, "c": 0.9759306525173995, "alpha": -0.503327451361512, "beta": 0.37905618836275196, "calib_loss": 15.561012126366997, "size_mb": 320.665273, "eval_loss": 15.678745422661596, "size_ratio": 0.32453846563473293, "target_bits_per_weight": 1.0787987789391598, "zero_frac": 0.9348001221597413}
{"k": 3, "c": 0.9697084011838464, "alpha": -0.1199988474408151, "beta": 0.40440659275248936, "calib_loss": 15.40561459001558, "size_mb": 320.732222375, "eval_loss": 15.395152669032182, "size_ratio": 0.324606223665512, "target_bits_per_weight": 1.0802955795120408, "zero_frac": 0.9333033215868604}
{"k": 3, "c": 0.9697084011838464, "alpha": -0.6268741481812888, "beta": 0.5308560452182054, "calib_loss": 15.40561459001558, "size_mb": 320.732222375, "eval_loss": 15.395152669032182, "size_ratio": 0.324606223665512, "target_bits_per_weight": 1.0802955795120408, "zero_frac": 0.9333033215868604}
{"k": 5, "c": 0.9880084828281211, "alpha": -0.999479173149046, "beta": 0.9976626756726561, "calib_loss": 14.981065498419172, "size_mb": 341.82573675, "eval_loss": 14.638065341863697, "size_ratio": 0.34595451849663544, "target_bits_per_weight": 1.5518875010284312, "zero_frac": 0.7308557000352349}
{"k": 5, "c": 0.9880084828281211, "alpha": -0.9997939409246033, "beta": 0.996788402879587, "calib_loss": 14.733206680909396, "size_mb": 341.83289575, "eval_loss": 14.609010220972324, "size_ratio": 0.345961763967446, "target_bits_per_weight": 1.5520475562238867, "zero_frac": 0.7307756724375072}
{"k": 5, "c": 0.9880084828281211, "alpha": -0.9997939409246033, "beta": 0.996788402879587, "calib_loss": 14.733206680909396, "size_mb": 341.83289575, "eval_loss": 14.609010220972324, "size_ratio": 0.345961763967446, "target_bits_per_weight": 1.5520475562238867, "zero_frac": 0.7307756724375072}
{"k": 5, "c": 0.9692850724863998, "alpha": -0.9980492730351199, "beta": 0.998768277620001, "calib_loss": 14.249385710685484, "size_mb": 342.0640665, "eval_loss": 14.00803733967383, "size_ratio": 0.3461957269401207, "target_bits_per_weight": 1.5572158869369563, "zero_frac": 0.7281915070809725}
{"k": 5, "c": 0.9621206169733126, "alpha": -0.9980492730351199, "beta": 0.9976626756726561, "calib_loss": 14.075738722278226, "size_mb": 342.16329675, "eval_loss": 14.183737895588955, "size_ratio": 0.3462961557541867, "target_bits_per_weight": 1.5594343974913434, "zero_frac": 0.727082251803779}
{"k": 5, "c": 0.883914230230459, "alpha": -0.9998607560744145, "beta": 0.9993881082813005, "calib_loss": 12.424635364163306, "size_mb": 342.8417215, "eval_loss": 12.499470730331288, "size_ratio": 0.3469827749360949, "target_bits_per_weight": 1.57460207537417, "zero_frac": 0.7194984128623655}
{"k": 5, "c": 0.883914230230459, "alpha": -0.9992234702333076, "beta": 0.9993881082813005, "calib_loss": 12.35439076055413, "size_mb": 342.85230575, "eval_loss": 12.449901025199704, "size_ratio": 0.34699348702918426, "target_bits_per_weight": 1.5748387095692393, "zero_frac": 0.7193800957648309}
{"k": 5, "c": 0.883914230230459, "alpha": -0.9984545144854037, "beta": 0.9996733761326675, "calib_loss": 12.087789675357405, "size_mb": 342.86025225, "eval_loss": 12.070254298831943, "size_ratio": 0.34700152951190477, "target_bits_per_weight": 1.575016371059767, "zero_frac": 0.719291265019567}
{"k": 5, "c": 0.7880196104881868, "alpha": -0.999635557431245, "beta": 0.9988072727243079, "calib_loss": 10.942978606312622, "size_mb": 343.447762, "eval_loss": 11.192692791145452, "size_ratio": 0.347596135566457, "target_bits_per_weight": 1.5881514440962683, "zero_frac": 0.7127237285013164}
{"k": 5, "c": 0.7841886847988244, "alpha": -0.999581662444239, "beta": 0.9988072727243079, "calib_loss": 10.702989684521627, "size_mb": 343.46827325, "eval_loss": 10.909789293276134, "size_ratio": 0.34761689456396544, "target_bits_per_weight": 1.5886100182166467, "zero_frac": 0.7124944414411273}
{"k": 5, "c": 0.7841886847988244, "alpha": -0.9995666414417039, "beta": 0.9976165954618937, "calib_loss": 10.574218630674181, "size_mb": 343.49045775, "eval_loss": 10.82520247204912, "size_ratio": 0.34763934702201776, "target_bits_per_weight": 1.5891060015220781, "zero_frac": 0.7122464497884115}
{"k": 5, "c": 0.7840052276267472, "alpha": -0.9951438313744467, "beta": 0.9970131281274448, "calib_loss": 10.527089943983688, "size_mb": 343.582931, "eval_loss": 10.650214828237644, "size_ratio": 0.34773293722087684, "target_bits_per_weight": 1.5911734444754464, "zero_frac": 0.7112127283117273}
{"k": 5, "c": 0.7840052276267472, "alpha": -0.9873495951047784, "beta": 0.9986836440952591, "calib_loss": 10.414465940592926, "size_mb": 343.69371575, "eval_loss": 10.501515855537482, "size_ratio": 0.3478450600973092, "target_bits_per_weight": 1.5936502812982916, "zero_frac": 0.7099743099003047}
{"k": 9, "c": 0.9478999227504863, "alpha": -0.9152023235130449, "beta": 0.8390028226783964, "calib_loss": 10.330010228609176, "size_mb": 365.690320625, "eval_loss": 10.42157832618333, "size_ratio": 0.3701073535116197, "target_bits_per_weight": 2.0854327778239825, "zero_frac": 0.6427220410916394}
{"k": 9, "c": 0.9478999227504863, "alpha": -0.9085363282209384, "beta": 0.8383071821313803, "calib_loss": 10.210144341283296, "size_mb": 365.93272025, "eval_loss": 10.143174276790079, "size_ratio": 0.37035268098856144, "target_bits_per_weight": 2.0908521547422305, "zero_frac": 0.6409155821188902}
{"k": 9, "c": 0.9355809440653744, "alpha": -0.8917368348162418, "beta": 0.8208261614321214, "calib_loss": 10.13187722423326, "size_mb": 367.133451125, "eval_loss": 10.03221492823268, "size_ratio": 0.3715679150304864, "target_bits_per_weight": 2.1176971351707374, "zero_frac": 0.6319672553093879}
{"k": 9, "c": 0.9379606541324393, "alpha": -0.8265232290471615, "beta": 0.8229252243208918, "calib_loss": 10.065840168316226, "size_mb": 369.290115875, "eval_loss": 10.04850051596484, "size_ratio": 0.3737506293054229, "target_bits_per_weight": 2.165914120516934, "zero_frac": 0.6158949268606556}
{"k": 9, "c": 0.93434030421034, "alpha": -0.8233677261446988, "beta": 0.825202398534124, "calib_loss": 9.910023798341276, "size_mb": 369.33218825, "eval_loss": 9.954638469021107, "size_ratio": 0.37379320985647657, "target_bits_per_weight": 2.166854741023137, "zero_frac": 0.6155813866919213}
{"k": 9, "c": 0.9349597674604458, "alpha": -0.7773001630739517, "beta": 0.8392129939658464, "calib_loss": 9.700654000946969, "size_mb": 370.4901305, "eval_loss": 9.58724889074719, "size_ratio": 0.3749651384460393, "target_bits_per_weight": 2.1927430876008756, "zero_frac": 0.6069519378326751}
{"k": 9, "c": 0.9379606541324393, "alpha": -0.7836998010455927, "beta": 0.8229252243208918, "calib_loss": 9.5771771950223, "size_mb": 370.820082875, "eval_loss": 9.4934324859291, "size_ratio": 0.375299076189011, "target_bits_per_weight": 2.200119898869441, "zero_frac": 0.6044930007431534}
{"k": 9, "c": 0.934849565249755, "alpha": -0.7818709457476294, "beta": 0.8208261614321214, "calib_loss": 9.383127639487109, "size_mb": 370.970901125, "eval_loss": 9.4151346126493, "size_ratio": 0.37545171611470923, "target_bits_per_weight": 2.203491772662152, "zero_frac": 0.6033690428122496}
{"k": 9, "c": 0.9318237294785927, "alpha": -0.7783947865331451, "beta": 0.8208261614321214, "calib_loss": 9.285830440875488, "size_mb": 371.106408875, "eval_loss": 9.211381034068, "size_ratio": 0.37558886061076013, "target_bits_per_weight": 2.2065213465428615, "zero_frac": 0.6023591848520132}
{"k": 9, "c": 0.9318237294785927, "alpha": -0.7674434521041049, "beta": 0.8250291867816802, "calib_loss": 9.189566842505194, "size_mb": 371.35847075, "eval_loss": 9.178945830374053, "size_ratio": 0.37584396704430745, "target_bits_per_weight": 2.212156744317694, "zero_frac": 0.600480718927069}
{"k": 9, "c": 0.9318237294785927, "alpha": -0.7674434521041049, "beta": 0.8208261614321214, "calib_loss": 9.105777684544538, "size_mb": 371.507355125, "eval_loss": 9.108981075641113, "size_ratio": 0.37599464973647256, "target_bits_per_weight": 2.215485382080078, "zero_frac": 0.5993711730062743}
{"k": 9, "c": 0.9941461218794619, "alpha": -0.6974011452244309, "beta": 0.5792000326983177, "calib_loss": 8.690346457741477, "size_mb": 382.81269425, "eval_loss": 8.816177338332608, "size_ratio": 0.3874365417093143, "target_bits_per_weight": 2.4682411110008156, "zero_frac": 0.5151192633660285}
{"k": 9, "c": 0.9658377220426733, "alpha": -0.6777882725291712, "beta": 0.5830169367171854, "calib_loss": 8.37963598704408, "size_mb": 383.61992, "eval_loss": 8.010226401648797, "size_ratio": 0.3882535176290169, "target_bits_per_weight": 2.4862884186126375, "zero_frac": 0.5091034941620879}
{"k": 9, "c": 0.9658377220426733, "alpha": -0.6777882725291712, "beta": 0.5802329516938775, "calib_loss": 8.262632964759744, "size_mb": 383.725149125, "eval_loss": 8.024384305623968, "size_ratio": 0.3883600177761893, "target_bits_per_weight": 2.4886410472157237, "zero_frac": 0.5083192846277258}
{"k": 9, "c": 0.9962019322077724, "alpha": -0.63239602381786, "beta": 0.5888065563015631, "calib_loss": 8.116063391125214, "size_mb": 384.878327375, "eval_loss": 7.866416729790025, "size_ratio": 0.3895271248232263, "target_bits_per_weight": 2.5144228840922263, "zero_frac": 0.499725339002225}
{"k": 9, "c": 0.951768349613355, "alpha": -0.6312021545459829, "beta": 0.5991712085818993, "calib_loss": 8.09917311980694, "size_mb": 384.889086875, "eval_loss": 7.630017128624641, "size_ratio": 0.38953801428309304, "target_bits_per_weight": 2.5146634363866114, "zero_frac": 0.49964515490409656}
{"k": 9, "c": 0.938133253096913, "alpha": -0.6336565646374199, "beta": 0.5986014289804742, "calib_loss": 7.625175468616355, "size_mb": 384.914400125, "eval_loss": 7.617512976086151, "size_ratio": 0.3895636332821146, "target_bits_per_weight": 2.5152293697818293, "zero_frac": 0.4994565104390239}
{"k": 9, "c": 0.9897864057236279, "alpha": -0.6303664201448335, "beta": 0.5780099793105624, "calib_loss": 7.474681865434842, "size_mb": 385.41938525, "eval_loss": 8.019983092128124, "size_ratio": 0.39007471792842696, "target_bits_per_weight": 2.5265194232647237, "zero_frac": 0.4956931592780592}
{"k": 9, "c": 0.9957920252981785, "alpha": -0.6303695310064638, "beta": 0.5758810145549638, "calib_loss": 7.394747528046341, "size_mb": 385.434418625, "eval_loss": 7.805283666705805, "size_ratio": 0.39008993288578786, "target_bits_per_weight": 2.5268555274376503, "zero_frac": 0.4955811245537503}
{"k": 9, "c": 0.9518968275372608, "alpha": -0.6310701821186598, "beta": 0.5787793251530505, "calib_loss": 7.246654521684842, "size_mb": 385.675723625, "eval_loss": 7.54269719426816, "size_ratio": 0.3903341525161748, "target_bits_per_weight": 2.532250431605748, "zero_frac": 0.49378282316438443}
{"k": 9, "c": 0.906796039248646, "alpha": -0.5851473478339696, "beta": 0.6004828211826923, "calib_loss": 6.909657885718322, "size_mb": 386.9635985, "eval_loss": 6.793511786885042, "size_ratio": 0.3916375831369955, "target_bits_per_weight": 2.561043707879035, "zero_frac": 0.484185064406622}
{"k": 9, "c": 0.8598430145987782, "alpha": -0.5829218196020746, "beta": 0.581284583952317, "calib_loss": 6.748529130296157, "size_mb": 388.153262375, "eval_loss": 6.7507548998760925, "size_ratio": 0.3928416165048793, "target_bits_per_weight": 2.5876412611741286, "zero_frac": 0.4753192133082575}
{"k": 9, "c": 0.858353961535847, "alpha": -0.5851473478339696, "beta": 0.5774982276928773, "calib_loss": 6.6236429074642595, "size_mb": 388.226823875, "eval_loss": 6.570157719497457, "size_ratio": 0.3929160665259759, "target_bits_per_weight": 2.589285890348665, "zero_frac": 0.474771003583412}
{"k": 9, "c": 0.775641007574015, "alpha": -0.5851473478339696, "beta": 0.48917145074684326, "calib_loss": 6.574585259252046, "size_mb": 392.438268125, "eval_loss": 6.348391923503558, "size_ratio": 0.3971783791930579, "target_bits_per_weight": 2.683441992120428, "zero_frac": 0.4433856363261576}
{"k": 9, "c": 0.7813318070562586, "alpha": -0.49270321707692244, "beta": 0.5759042840684526, "calib_loss": 6.573269811427022, "size_mb": 392.6305385, "eval_loss": 6.372729468322336, "size_ratio": 0.3973729719280483, "target_bits_per_weight": 2.6877406193659854, "zero_frac": 0.4419527605776385}
{"k": 9, "c": 0.7830353401289329, "alpha": -0.44827974511144464, "beta": 0.5767097915857394, "calib_loss": 6.457777931310331, "size_mb": 394.3740785, "eval_loss": 6.274352684282022, "size_ratio": 0.39913757147784984, "target_bits_per_weight": 2.7267212920136505, "zero_frac": 0.4289592030284169}
{"k": 9, "c": 0.7765111896168707, "alpha": -0.4488949048903173, "beta": 0.5767097915857394, "calib_loss": 6.283769147020864, "size_mb": 394.413100625, "eval_loss": 6.076910233334479, "size_ratio": 0.3991770649361056, "target_bits_per_weight": 2.727593717470274, "zero_frac": 0.42866839454287575}
{"k": 9, "c": 0.7761603455234746, "alpha": -0.44827974511144464, "beta": 0.5647820301079282, "calib_loss": 6.2099743616546, "size_mb": 394.937366, "eval_loss": 5.961274252376016, "size_ratio": 0.3997076627111504, "target_bits_per_weight": 2.7393148233602336, "zero_frac": 0.42476135924622255}
{"k": 9, "c": 0.7666804562429475, "alpha": -0.40719012003044086, "beta": 0.5462363505767208, "calib_loss": 6.186761015204973, "size_mb": 397.366353875, "eval_loss": 5.991083974828935, "size_ratio": 0.4021659893974887, "target_bits_per_weight": 2.7936201913016183, "zero_frac": 0.4066595699324276}
{"k": 9, "c": 0.7666804562429475, "alpha": -0.3899723426287835, "beta": 0.5462363505767208, "calib_loss": 6.107118966409304, "size_mb": 397.9461335, "eval_loss": 5.951519978244517, "size_ratio": 0.40275277195783094, "target_bits_per_weight": 2.806582440386762, "zero_frac": 0.4023388202373798}
{"k": 9, "c": 0.7666804562429475, "alpha": -0.407515006336088, "beta": 0.49041874289821974, "calib_loss": 5.961920148116752, "size_mb": 399.692570375, "eval_loss": 5.760498747914185, "size_ratio": 0.40452030337287265, "target_bits_per_weight": 2.845627879048442, "zero_frac": 0.3893236740168198}
{"k": 9, "c": 0.77647366853165, "alpha": -0.3919655696502705, "beta": 0.4901551964805909, "calib_loss": 5.851130242221866, "size_mb": 400.0775495, "eval_loss": 5.611571206608359, "size_ratio": 0.40490993251281665, "target_bits_per_weight": 2.8542349343771463, "zero_frac": 0.3864546555739183}
{"k": 9, "c": 0.7571793104770927, "alpha": -0.3919655696502705, "beta": 0.48385031424367986, "calib_loss": 5.80346226249389, "size_mb": 400.640268125, "eval_loss": 5.644300100973508, "size_ratio": 0.4054794479998946, "target_bits_per_weight": 2.866815747271527, "zero_frac": 0.38226105127579124}
{"k": 9, "c": 0.7609987463053244, "alpha": -0.428901762893458, "beta": 0.325245845177978, "calib_loss": 5.702655512566441, "size_mb": 404.359509875, "eval_loss": 5.4770699330438966, "size_ratio": 0.4092436130420806, "target_bits_per_weight": 2.949967579265217, "zero_frac": 0.3545437739445613}
{"k": 9, "c": 0.759746001377802, "alpha": -0.428901762893458, "beta": 0.32535864362987243, "calib_loss": 5.6861350319602275, "size_mb": 404.392034375, "eval_loss": 5.461436222259134, "size_ratio": 0.4092765303930204, "target_bits_per_weight": 2.9506947360195954, "zero_frac": 0.3543013883597685}
{"k": 9, "c": 0.713151439713877, "alpha": -0.4174363386118166, "beta": 0.11195560950062108, "calib_loss": 5.593392082206898, "size_mb": 406.594335125, "eval_loss": 5.262446234769253, "size_ratio": 0.4115054318876678, "target_bits_per_weight": 2.9999320145491715, "zero_frac": 0.3378889621832432}
{"k": 9, "c": 0.7107413647998424, "alpha": -0.35212662428933206, "beta": 0.3644559717770893, "calib_loss": 5.482259233909152, "size_mb": 407.443733375, "eval_loss": 5.228271290470545, "size_ratio": 0.41236508969279545, "target_bits_per_weight": 3.018922181181855, "zero_frac": 0.33155890663901527}
{"k": 9, "c": 0.7023818967271156, "alpha": -0.35581542732825006, "beta": 0.09690956045314857, "calib_loss": 5.473473273880438, "size_mb": 409.26298325, "eval_loss": 5.169399503855178, "size_ratio": 0.4142063135880898, "target_bits_per_weight": 3.0595955146538034, "zero_frac": 0.3180011288150326}
{"k": 9, "c": 0.7108864683418855, "alpha": -0.017055720325628847, "beta": 0.12423679550970718, "calib_loss": 5.3775522002726355, "size_mb": 410.273946875, "eval_loss": 5.120214863140445, "size_ratio": 0.4152294882543095, "target_bits_per_weight": 3.0821978307032323, "zero_frac": 0.3104670234652229}
{"k": 17, "c": 0.9718854020642634, "alpha": -0.4529712314506521, "beta": 0.5656418777348268, "calib_loss": 5.291905079652371, "size_mb": 422.8215165, "eval_loss": 5.078979827791365, "size_ratio": 0.4279286151521026, "target_bits_per_weight": 3.362726355472327, "zero_frac": 0.4127181364066435}
{"k": 17, "c": 0.9710155005742771, "alpha": -0.4529712314506521, "beta": 0.5656418777348268, "calib_loss": 5.284307246800159, "size_mb": 422.8238585, "eval_loss": 4.946286347837625, "size_ratio": 0.42793098544022085, "target_bits_per_weight": 3.3627787160349416, "zero_frac": 0.41270504626598986}
{"k": 16, "c": 0.9385479353537406, "alpha": -0.49642419906869983, "beta": 0.5021442421559005, "calib_loss": 5.162198451723637, "size_mb": 423.676945, "eval_loss": 5.018650782073348, "size_ratio": 0.4287943760443032, "target_bits_per_weight": 3.3818513416108633, "zero_frac": 0.4079368898720095}
{"k": 16, "c": 0.9707358365302202, "alpha": -0.45392367092843117, "beta": 0.505657463215561, "calib_loss": 5.1274036992913, "size_mb": 425.934219, "eval_loss": 4.894622303057509, "size_ratio": 0.43107891478971694, "target_bits_per_weight": 3.432317668090373, "zero_frac": 0.395320308252132}
{"k": 16, "c": 0.9707358365302202, "alpha": -0.45392367092843117, "beta": 0.5021442421559005, "calib_loss": 5.048698238846377, "size_mb": 426.146913, "eval_loss": 4.862464740712156, "size_ratio": 0.43129417783882706, "target_bits_per_weight": 3.4370729104066506, "zero_frac": 0.3941314976730626}
{"k": 16, "c": 0.9385479353537406, "alpha": -0.45344069944778453, "beta": 0.5021442421559005, "calib_loss": 4.87943396843307, "size_mb": 426.311872, "eval_loss": 4.7435531243317755, "size_ratio": 0.43146112931521174, "target_bits_per_weight": 3.440760931776557, "zero_frac": 0.3932094923305861}
{"k": 16, "c": 0.9345494364887288, "alpha": -0.45344069944778453, "beta": 0.4843673085076604, "calib_loss": 4.778482953590848, "size_mb": 427.4142555, "eval_loss": 4.650189695237086, "size_ratio": 0.43257682808197856, "target_bits_per_weight": 3.4654071402637077, "zero_frac": 0.38704794020879835}
{"k": 15, "c": 0.9598933232982817, "alpha": -0.39924747839525565, "beta": 0.4987030042534414, "calib_loss": 4.709371348629949, "size_mb": 429.757731, "eval_loss": 4.501591030803244, "size_ratio": 0.43494860952219266, "target_bits_per_weight": 3.5178006909269115, "zero_frac": 0.3739495525429974}
{"k": 17, "c": 0.9835030134011785, "alpha": -0.4438739068117419, "beta": 0.4449923321322591, "calib_loss": 4.590142303198314, "size_mb": 430.758188, "eval_loss": 4.293591817220052, "size_ratio": 0.43596115065792557, "target_bits_per_weight": 3.5401681082589285, "zero_frac": 0.36835769820999315}
{"k": 17, "c": 0.9759306525173995, "alpha": -0.4401807715852584, "beta": 0.43560442666614807, "calib_loss": 4.485544452685881, "size_mb": 431.6056875, "eval_loss": 4.225040402230629, "size_ratio": 0.43681888677878145, "target_bits_per_weight": 3.5591158241579386, "zero_frac": 0.36362076923524067}
{"k": 16, "c": 0.9345753399330965, "alpha": -0.4301595647561828, "beta": 0.4154115837508208, "calib_loss": 4.4007175777431575, "size_mb": 433.099862, "eval_loss": 4.233168384779467, "size_ratio": 0.43833110883851334, "target_bits_per_weight": 3.5925213824261677, "zero_frac": 0.3552693796681834}
{"k": 16, "c": 0.9361107652559871, "alpha": -0.43149833801923815, "beta": 0.3947949237912457, "calib_loss": 4.312376975080951, "size_mb": 434.280904, "eval_loss": 4.11097153470663, "size_ratio": 0.43952641619108146, "target_bits_per_weight": 3.6189261747367216, "zero_frac": 0.34866818159054486}
{"k": 16, "c": 0.9361107652559871, "alpha": -0.40037900557719736, "beta": 0.3947949237912457, "calib_loss": 4.2283232121173935, "size_mb": 436.203504, "eval_loss": 4.0260873311659, "size_ratio": 0.44147223853782913, "target_bits_per_weight": 3.6619101276327837, "zero_frac": 0.3379221933665293}
{"k": 16, "c": 0.9372002119692012, "alpha": -0.4298664590784102, "beta": 0.3423949742070875, "calib_loss": 4.177009231999939, "size_mb": 437.571779, "eval_loss": 3.899989324813947, "size_ratio": 0.44285704040587043, "target_bits_per_weight": 3.692500925588084, "zero_frac": 0.3302744938777043}
{"k": 17, "c": 0.9349891089615021, "alpha": -0.2927575100545761, "beta": 0.4540003328740103, "calib_loss": 4.146173173264907, "size_mb": 439.8677525, "eval_loss": 3.876171384272571, "size_ratio": 0.4451807460876765, "target_bits_per_weight": 3.7438324645325376, "zero_frac": 0.3174416091415908}
{"k": 17, "c": 0.9355108483573146, "alpha": -0.25741989291359085, "beta": 0.45530586108972193, "calib_loss": 4.027199097276316, "size_mb": 441.8172455, "eval_loss": 3.7719853047867793, "size_ratio": 0.44715378626463903, "target_bits_per_weight": 3.787417669610663, "zero_frac": 0.3065453078720596}
{"k": 17, "c": 0.9311873734145469, "alpha": -0.2533674252869033, "beta": 0.4523250202833614, "calib_loss": 4.0048439719460225, "size_mb": 442.256636, "eval_loss": 3.7403668490323154, "size_ratio": 0.44759848399367713, "target_bits_per_weight": 3.7972412109375, "zero_frac": 0.30408942254035026}
{"k": 17, "c": 0.9387735539483862, "alpha": -0.02262173241967458, "beta": 0.4548363403241147, "calib_loss": 3.929902196979243, "size_mb": 444.1344085, "eval_loss": 3.6798296692550823, "size_ratio": 0.4494989373862748, "target_bits_per_weight": 3.839222946446457, "zero_frac": 0.293593988663111}
{"k": 17, "c": 0.9409696846430471, "alpha": -0.08608910228157018, "beta": 0.4211723282509737, "calib_loss": 3.8181201863964747, "size_mb": 446.2140575, "eval_loss": 3.572037518781884, "size_ratio": 0.45160370566755603, "target_bits_per_weight": 3.8857180752597014, "zero_frac": 0.2819702064598}
{"k": 17, "c": 0.9704599960397811, "alpha": -0.13917195098248267, "beta": 0.3784313972629445, "calib_loss": 3.7673057638188845, "size_mb": 448.295747, "eval_loss": 3.5266699171019673, "size_ratio": 0.4537105390952529, "target_bits_per_weight": 3.932258823939732, "zero_frac": 0.27033501928979226}
{"k": 17, "c": 0.938880944424529, "alpha": -0.02262173241967458, "beta": 0.3336644492541775, "calib_loss": 3.649504451807643, "size_mb": 451.7991625, "eval_loss": 3.38596017339712, "size_ratio": 0.4572562710050844, "target_bits_per_weight": 4.010585385277158, "zero_frac": 0.2507533789554358}
{"k": 17, "c": 0.9377196917097153, "alpha": -0.26878276330254874, "beta": 0.2084729620594748, "calib_loss": 3.5914807212434323, "size_mb": 455.409197, "eval_loss": 3.3281520571293837, "size_ratio": 0.4609099097248545, "target_bits_per_weight": 4.091295648931147, "zero_frac": 0.23057581304193853}
{"k": 17, "c": 0.9357513177081889, "alpha": -0.23459821075043516, "beta": 0.21373755303772124, "calib_loss": 3.558266767425388, "size_mb": 457.05689, "eval_loss": 3.3007663342726663, "size_ratio": 0.46257750457556696, "target_bits_per_weight": 4.128133451021634, "zero_frac": 0.22136636251931663}
{"k": 17, "c": 0.9357513177081889, "alpha": -0.10540240765049577, "beta": 0.2084729620594748, "calib_loss": 3.537680378873793, "size_mb": 458.424781, "eval_loss": 3.2888237141211127, "size_ratio": 0.46396191780541973, "target_bits_per_weight": 4.1587156638120995, "zero_frac": 0.21372080932170043}
{"k": 32, "c": 0.9443058109164242, "alpha": -0.22385145470363887, "beta": 0.4401904771429258, "calib_loss": 3.5135986686102454, "size_mb": 479.569737625, "eval_loss": 3.2648036281850445, "size_ratio": 0.4853622762377171, "target_bits_per_weight": 4.6314576900049005, "zero_frac": 0.2764282422188001}
{"k": 32, "c": 0.9443058109164242, "alpha": -0.21057659879894775, "beta": 0.43441593683853064, "calib_loss": 3.489171032798372, "size_mb": 481.183632625, "eval_loss": 3.23846592162012, "size_ratio": 0.4869956648553725, "target_bits_per_weight": 4.667539863446693, "zero_frac": 0.26921180753044155}
{"k": 31, "c": 0.9443058109164242, "alpha": -0.21057659879894775, "beta": 0.41107834709233076, "calib_loss": 3.454085244694297, "size_mb": 483.127668875, "eval_loss": 3.2072288684714456, "size_ratio": 0.4889631823723482, "target_bits_per_weight": 4.711003070873218, "zero_frac": 0.26051916604513653}
{"k": 31, "c": 0.9459723063035029, "alpha": -0.20212686356937692, "beta": 0.39813074635133505, "calib_loss": 3.4346213242874817, "size_mb": 484.928855125, "eval_loss": 3.181772875296405, "size_ratio": 0.4907861244590561, "target_bits_per_weight": 4.751272552266663, "zero_frac": 0.25246526976644773}
{"k": 31, "c": 0.9443058109164242, "alpha": -0.21057659879894775, "beta": 0.3686613680869497, "calib_loss": 3.3999553244134897, "size_mb": 486.710237, "eval_loss": 3.1397141860260875, "size_ratio": 0.4925890229613271, "target_bits_per_weight": 4.791099263285543, "zero_frac": 0.2444999275626717}
{"k": 31, "c": 0.9459723063035029, "alpha": -0.19602850323314353, "beta": 0.3585574195317933, "calib_loss": 3.3541402956607405, "size_mb": 488.80104075, "eval_loss": 3.1055037348384613, "size_ratio": 0.49470508072654806, "target_bits_per_weight": 4.837843781076508, "zero_frac": 0.2351510240044786}
{"k": 31, "c": 0.9459723063035029, "alpha": -0.19602850323314353, "beta": 0.3060216971482549, "calib_loss": 3.3245945070029936, "size_mb": 493.318596625, "eval_loss": 3.0761248830010346, "size_ratio": 0.4992772024233421, "target_bits_per_weight": 4.938843681698754, "zero_frac": 0.21495008084363554}
{"k": 31, "c": 0.9590170045261738, "alpha": -0.3250725593624131, "beta": 0.0942736891717692, "calib_loss": 3.270787303398781, "size_mb": 495.615502875, "eval_loss": 3.0045873170257895, "size_ratio": 0.5016018521214771, "target_bits_per_weight": 4.990196074321593, "zero_frac": 0.19548125773559122}
{"k": 32, "c": 0.9440598977498723, "alpha": -0.12916667486759026, "beta": 0.0086830694806381, "calib_loss": 3.1443066489778073, "size_mb": 496.653405875, "eval_loss": 2.882252936489072, "size_ratio": 0.5026522915530575, "target_bits_per_weight": 5.013400679368239, "zero_frac": 0.12160772246755523}
{"k": 32, "c": 0.9440598977498723, "alpha": -0.011129488747007157, "beta": 0.10017531025846235, "calib_loss": 3.1420037203403743, "size_mb": 496.65342775, "eval_loss": 2.8813950808050577, "size_ratio": 0.5026523136922771, "target_bits_per_weight": 5.013401168431991, "zero_frac": 0.11717999636471926}
{"k": 58, "c": 0.9958244281210737, "alpha": -0.21452577205112966, "beta": 0.09600433172862863, "calib_loss": 3.137093283913352, "size_mb": 541.37828225, "eval_loss": 2.835756989867806, "size_ratio": 0.5479173825267396, "target_bits_per_weight": 6.013323689555074, "zero_frac": 0.1346020736973801}
{"k": 58, "c": 0.9688028791392683, "alpha": -0.0586091094356177, "beta": 0.09600433172862863, "calib_loss": 3.081480054212106, "size_mb": 541.3896175, "eval_loss": 2.7847708425214215, "size_ratio": 0.5479288546908694, "target_bits_per_weight": 6.013577114007412, "zero_frac": 0.07627002869770204}
{"k": 65, "c": 0.9880986858759098, "alpha": -0.07328588793957702, "beta": 0.09393278972610222, "calib_loss": 3.077788113382438, "size_mb": 565.62031175, "eval_loss": 2.793020761141213, "size_ratio": 0.5724522221874158, "target_bits_per_weight": 6.55530759371244, "zero_frac": 0.0763818845644102}
{"k": 65, "c": 0.9699290378657371, "alpha": -0.04789834271153638, "beta": 0.09657861617716462, "calib_loss": 3.064795619931039, "size_mb": 566.9401415, "eval_loss": 2.7815712474774523, "size_ratio": 0.5737879936538947, "target_bits_per_weight": 6.5848152915200036, "zero_frac": 0.07146393492981627}
{"k": 72, "c": 0.9813354670969436, "alpha": -0.03784679629576779, "beta": 0.10523812282981856, "calib_loss": 3.0639871576780915, "size_mb": 586.117526875, "eval_loss": 2.775648577588511, "size_ratio": 0.5931970152989933, "target_bits_per_weight": 7.013567933582125, "zero_frac": 0.07238030625786973}
{"k": 72, "c": 0.9642865337083479, "alpha": -0.017004327542851902, "beta": 0.09600433172862863, "calib_loss": 3.059513513410313, "size_mb": 586.118279375, "eval_loss": 2.777097193027172, "size_ratio": 0.5931977768881517, "target_bits_per_weight": 7.0135847573751935, "zero_frac": 0.06819105322981056}
{"k": 215, "c": 0.9829834295008493, "alpha": -0.06824899005212581, "beta": 0.04824142634770995, "calib_loss": 3.0521120311927237, "size_mb": 630.847232, "eval_loss": 2.769337151640205, "size_ratio": 0.6384669933472915, "target_bits_per_weight": 8.0135989010989, "zero_frac": 0.04998267596457904}
Done. Pareto set (100 points) written to compress_runs/local_50\pareto.json
