Loading Qwen/Qwen2.5-0.5B-Instruct (bfloat16) on cuda
Loading weights:   0%|          | 0/290 [00:00<?, ?it/s]Loading weights: 100%|##########| 290/290 [00:00<00:00, 8184.72it/s]
Compressing 168 matrices, 357.8M weights (72.4% of params), originals kept on GPU
Baseline: calib loss 3.0558, size 988.1 MB, one forward pass over the calibration set takes 1.6s
gen 1 [1/100] k=199 c=0.832 alpha=-0.302 beta=+0.302 | loss 3.4920 size 585.5 MB zeros 25.2%
gen 1 [2/100] k= 26 c=0.993 alpha=-0.918 beta=+0.918 | loss 10.1361 size 394.0 MB zeros 65.9%
gen 1 [3/100] k= 35 c=0.835 alpha=-0.781 beta=+0.781 | loss 9.0241 size 429.2 MB zeros 58.5%
gen 1 [4/100] k=166 c=0.947 alpha=-0.111 beta=+0.111 | loss 3.0744 size 630.8 MB zeros 9.4%
gen 1 [5/100] k=143 c=0.719 alpha=-0.997 beta=+0.997 | loss 11.7193 size 426.2 MB zeros 69.7%
gen 1 [6/100] k=195 c=0.806 alpha=-0.879 beta=+0.879 | loss 10.7234 size 447.0 MB zeros 63.9%
gen 1 [7/100] k=200 c=0.758 alpha=-0.284 beta=+0.284 | loss 3.6303 size 590.7 MB zeros 23.7%
gen 1 [8/100] k= 42 c=0.905 alpha=-0.837 beta=+0.837 | loss 9.6980 size 420.8 MB zeros 61.6%
gen 1 [9/100] k= 85 c=0.811 alpha=-0.106 beta=+0.106 | loss 3.1480 size 586.1 MB zeros 9.1%
gen 1 [10/100] k= 36 c=0.843 alpha=-0.999 beta=+0.999 | loss 11.4160 size 398.8 MB zeros 69.8%
gen 1 [11/100] k=114 c=0.950 alpha=-0.666 beta=+0.666 | loss 7.7187 size 469.8 MB zeros 51.4%
gen 1 [12/100] k=214 c=0.941 alpha=-0.650 beta=+0.650 | loss 7.4933 size 495.1 MB zeros 50.4%
gen 1 [13/100] k=176 c=0.742 alpha=-0.090 beta=+0.090 | loss 3.2449 size 630.8 MB zeros 7.7%
gen 1 [14/100] k=202 c=0.899 alpha=-0.897 beta=+0.897 | loss 10.1239 size 443.7 MB zeros 64.8%
gen 1 [15/100] k=119 c=0.871 alpha=-0.029 beta=+0.029 | loss 3.1012 size 586.1 MB zeros 2.9%
gen 1 [16/100] k=172 c=0.841 alpha=-0.241 beta=+0.241 | loss 3.3010 size 603.1 MB zeros 20.2%
gen 1 [17/100] k=164 c=0.866 alpha=-0.143 beta=+0.143 | loss 3.1273 size 630.6 MB zeros 12.1%
gen 1 [18/100] k= 10 c=0.831 alpha=-0.777 beta=+0.777 | loss 12.4084 size 391.5 MB zeros 58.8%
gen 1 [19/100] k=219 c=0.770 alpha=-0.198 beta=+0.198 | loss 3.3343 size 615.7 MB zeros 16.7%
gen 1 [20/100] k= 77 c=0.899 alpha=-0.911 beta=+0.911 | loss 10.1936 size 425.8 MB zeros 65.5%
gen 1 [21/100] k=171 c=0.822 alpha=-0.656 beta=+0.656 | loss 7.8009 size 493.7 MB zeros 50.8%
gen 1 [22/100] k=  8 c=0.727 alpha=-0.036 beta=+0.036 | loss 8.7006 size 397.4 MB zeros 40.6%
gen 1 [23/100] k= 43 c=0.850 alpha=-0.005 beta=+0.005 | loss 3.1688 size 541.4 MB zeros 7.6%
gen 1 [24/100] k=116 c=0.814 alpha=-0.052 beta=+0.052 | loss 3.1391 size 586.1 MB zeros 4.5%
gen 1 [25/100] k= 94 c=0.726 alpha=-0.606 beta=+0.606 | loss 6.6833 size 482.0 MB zeros 47.5%
gen 1 [26/100] k=233 c=0.910 alpha=-0.801 beta=+0.801 | loss 9.0423 size 462.2 MB zeros 59.6%
gen 1 [27/100] k=200 c=0.915 alpha=-0.239 beta=+0.239 | loss 3.2357 size 603.8 MB zeros 20.1%
gen 1 [28/100] k= 27 c=0.971 alpha=-0.849 beta=+0.849 | loss 9.9348 size 402.1 MB zeros 62.3%
gen 1 [29/100] k= 80 c=0.874 alpha=-0.057 beta=+0.057 | loss 3.1147 size 586.1 MB zeros 5.3%
gen 1 [30/100] k=195 c=0.916 alpha=-0.801 beta=+0.801 | loss 8.9578 size 462.3 MB zeros 59.6%
gen 1 [31/100] k=151 c=0.895 alpha=-0.928 beta=+0.928 | loss 10.5264 size 438.1 MB zeros 66.4%
gen 1 [32/100] k= 13 c=0.848 alpha=-0.772 beta=+0.772 | loss 9.6729 size 392.7 MB zeros 58.1%
gen 1 [33/100] k= 29 c=0.876 alpha=-0.698 beta=+0.698 | loss 8.1722 size 421.8 MB zeros 53.5%
gen 1 [34/100] k=150 c=0.804 alpha=-0.838 beta=+0.838 | loss 9.6763 size 455.0 MB zeros 61.7%
gen 1 [35/100] k=246 c=0.845 alpha=-0.040 beta=+0.040 | loss 3.1140 size 630.8 MB zeros 3.5%
gen 1 [36/100] k=126 c=0.847 alpha=-0.202 beta=+0.202 | loss 3.2178 size 577.5 MB zeros 17.0%
gen 1 [37/100] k=123 c=0.780 alpha=-0.125 beta=+0.125 | loss 3.2071 size 586.1 MB zeros 10.6%
gen 1 [38/100] k=114 c=0.706 alpha=-0.505 beta=+0.505 | loss 5.6078 size 504.0 MB zeros 40.5%
gen 1 [39/100] k= 38 c=0.866 alpha=-0.745 beta=+0.745 | loss 8.0240 size 434.9 MB zeros 56.3%
gen 1 [40/100] k= 74 c=0.898 alpha=-0.630 beta=+0.630 | loss 7.2560 size 477.0 MB zeros 49.1%
gen 1 [41/100] k= 30 c=0.975 alpha=-0.851 beta=+0.851 | loss 9.9300 size 401.9 MB zeros 62.4%
gen 1 [42/100] k=143 c=0.811 alpha=-0.155 beta=+0.155 | loss 3.1938 size 628.5 MB zeros 13.2%
gen 1 [43/100] k= 83 c=0.986 alpha=-0.735 beta=+0.735 | loss 8.1503 size 456.4 MB zeros 55.7%
gen 1 [44/100] k= 68 c=0.981 alpha=-0.193 beta=+0.193 | loss 3.1660 size 579.6 MB zeros 16.4%
gen 1 [45/100] k=113 c=0.998 alpha=-0.271 beta=+0.271 | loss 3.3189 size 559.9 MB zeros 22.7%
gen 1 [46/100] k=229 c=0.968 alpha=-0.710 beta=+0.710 | loss 8.2169 size 481.6 MB zeros 54.2%
gen 1 [47/100] k=199 c=0.898 alpha=-0.980 beta=+0.980 | loss 10.7104 size 429.0 MB zeros 68.9%
gen 1 [48/100] k=192 c=0.779 alpha=-0.612 beta=+0.612 | loss 6.9801 size 504.1 MB zeros 47.9%
gen 1 [49/100] k= 34 c=0.949 alpha=-0.055 beta=+0.055 | loss 3.1406 size 541.4 MB zeros 11.0%
gen 1 [50/100] k=155 c=0.962 alpha=-0.616 beta=+0.616 | loss 6.8503 size 503.0 MB zeros 48.2%
gen 1 [51/100] k=200 c=0.992 alpha=-0.042 beta=+0.042 | loss 3.0575 size 630.8 MB zeros 3.7%
gen 1 [52/100] k=  6 c=0.769 alpha=-0.884 beta=+0.884 | loss 11.8947 size 362.9 MB zeros 66.4%
gen 1 [53/100] k= 33 c=0.852 alpha=-0.710 beta=+0.710 | loss 8.2772 size 420.2 MB zeros 54.2%
gen 1 [54/100] k= 53 c=0.941 alpha=-0.173 beta=+0.173 | loss 3.1580 size 541.3 MB zeros 14.8%
gen 1 [55/100] k= 36 c=0.737 alpha=-0.092 beta=+0.092 | loss 3.3026 size 541.4 MB zeros 8.9%
gen 1 [56/100] k= 79 c=0.847 alpha=-0.184 beta=+0.184 | loss 3.1981 size 582.2 MB zeros 15.6%
gen 1 [57/100] k= 75 c=0.977 alpha=-0.980 beta=+0.980 | loss 10.5664 size 415.1 MB zeros 68.9%
gen 1 [58/100] k=164 c=0.732 alpha=-0.459 beta=+0.459 | loss 4.9195 size 542.5 MB zeros 37.2%
gen 1 [59/100] k=248 c=0.879 alpha=-0.784 beta=+0.784 | loss 8.9524 size 465.8 MB zeros 58.6%
gen 1 [60/100] k=121 c=0.935 alpha=-0.636 beta=+0.636 | loss 7.1358 size 475.7 MB zeros 49.6%
gen 1 [61/100] k=213 c=0.939 alpha=-0.572 beta=+0.572 | loss 5.6910 size 513.6 MB zeros 45.3%
gen 1 [62/100] k=156 c=0.960 alpha=-0.145 beta=+0.145 | loss 3.0912 size 630.4 MB zeros 12.3%
gen 1 [63/100] k= 98 c=0.828 alpha=-0.946 beta=+0.946 | loss 10.8520 size 420.2 MB zeros 67.3%
gen 1 [64/100] k=118 c=0.774 alpha=-0.301 beta=+0.301 | loss 3.6468 size 552.2 MB zeros 25.1%
gen 1 [65/100] k=210 c=0.732 alpha=-0.578 beta=+0.578 | loss 6.2162 size 512.2 MB zeros 45.7%
gen 1 [66/100] k= 40 c=0.947 alpha=-0.700 beta=+0.700 | loss 7.9154 size 442.3 MB zeros 53.6%
gen 1 [67/100] k=236 c=0.750 alpha=-0.649 beta=+0.649 | loss 7.6590 size 495.3 MB zeros 50.4%
gen 1 [68/100] k= 32 c=0.706 alpha=-0.941 beta=+0.941 | loss 11.2101 size 391.6 MB zeros 67.0%
gen 1 [69/100] k= 16 c=0.877 alpha=-0.148 beta=+0.148 | loss 3.7326 size 450.4 MB zeros 22.6%
gen 1 [70/100] k= 83 c=0.851 alpha=-0.508 beta=+0.508 | loss 4.9449 size 503.1 MB zeros 40.8%
gen 1 [71/100] k= 14 c=0.754 alpha=-0.404 beta=+0.404 | loss 4.8827 size 435.7 MB zeros 34.1%
gen 1 [72/100] k=148 c=0.825 alpha=-0.474 beta=+0.474 | loss 4.6267 size 538.4 MB zeros 38.3%
gen 1 [73/100] k=136 c=0.731 alpha=-0.119 beta=+0.119 | loss 3.3071 size 630.8 MB zeros 10.1%
gen 1 [74/100] k=237 c=0.730 alpha=-0.134 beta=+0.134 | loss 3.3284 size 630.7 MB zeros 11.4%
gen 1 [75/100] k=251 c=0.941 alpha=-0.278 beta=+0.278 | loss 3.3266 size 592.3 MB zeros 23.3%
gen 1 [76/100] k=200 c=0.740 alpha=-0.305 beta=+0.305 | loss 3.8398 size 584.7 MB zeros 25.4%
gen 1 [77/100] k=220 c=0.839 alpha=-0.428 beta=+0.428 | loss 4.1976 size 550.6 MB zeros 34.9%
gen 1 [78/100] k= 70 c=0.742 alpha=-0.611 beta=+0.611 | loss 7.0165 size 480.9 MB zeros 47.9%
gen 1 [79/100] k= 62 c=0.810 alpha=-0.635 beta=+0.635 | loss 7.2635 size 453.4 MB zeros 49.4%
gen 1 [80/100] k= 99 c=0.906 alpha=-0.412 beta=+0.412 | loss 3.8965 size 525.3 MB zeros 33.7%
gen 1 [81/100] k=235 c=0.844 alpha=-0.409 beta=+0.409 | loss 3.9234 size 555.8 MB zeros 33.5%
gen 1 [82/100] k=218 c=0.896 alpha=-0.218 beta=+0.218 | loss 3.2165 size 609.9 MB zeros 18.3%
gen 1 [83/100] k=163 c=0.786 alpha=-0.588 beta=+0.588 | loss 6.0671 size 509.7 MB zeros 46.4%
gen 1 [84/100] k=179 c=0.958 alpha=-0.317 beta=+0.317 | loss 3.4456 size 581.2 MB zeros 26.4%
gen 1 [85/100] k= 27 c=0.918 alpha=-0.036 beta=+0.036 | loss 3.2419 size 496.6 MB zeros 13.1%
gen 1 [86/100] k= 37 c=0.988 alpha=-0.418 beta=+0.418 | loss 4.1962 size 494.2 MB zeros 34.3%
gen 1 [87/100] k=201 c=0.939 alpha=-0.474 beta=+0.474 | loss 4.4903 size 538.4 MB zeros 38.3%
gen 1 [88/100] k=152 c=0.729 alpha=-0.226 beta=+0.226 | loss 3.5954 size 607.6 MB zeros 19.0%
gen 1 [89/100] k=146 c=0.872 alpha=-0.572 beta=+0.572 | loss 5.6902 size 513.6 MB zeros 45.3%
gen 1 [90/100] k=197 c=0.940 alpha=-0.566 beta=+0.566 | loss 5.5457 size 515.2 MB zeros 44.8%
gen 1 [91/100] k=239 c=0.736 alpha=-0.702 beta=+0.702 | loss 8.5598 size 483.4 MB zeros 53.7%
gen 1 [92/100] k=170 c=0.826 alpha=-0.648 beta=+0.648 | loss 7.4345 size 495.6 MB zeros 50.3%
gen 1 [93/100] k= 87 c=0.970 alpha=-0.652 beta=+0.652 | loss 7.5292 size 472.4 MB zeros 50.6%
gen 1 [94/100] k= 95 c=0.794 alpha=-0.316 beta=+0.316 | loss 3.6225 size 548.5 MB zeros 26.3%
gen 1 [95/100] k=240 c=0.831 alpha=-0.787 beta=+0.787 | loss 9.1021 size 465.1 MB zeros 58.8%
gen 1 [96/100] k=143 c=0.981 alpha=-0.549 beta=+0.549 | loss 5.4078 size 519.3 MB zeros 43.7%
gen 1 [97/100] k= 98 c=0.996 alpha=-0.431 beta=+0.431 | loss 4.1606 size 520.7 MB zeros 35.2%
gen 1 [98/100] k= 33 c=0.955 alpha=-0.626 beta=+0.626 | loss 7.1461 size 432.1 MB zeros 48.9%
gen 1 [99/100] k=152 c=0.906 alpha=-0.361 beta=+0.361 | loss 3.6072 size 569.0 MB zeros 29.8%
gen 1 [100/100] k=212 c=0.789 alpha=-0.513 beta=+0.513 | loss 5.1747 size 528.5 MB zeros 41.1%
=== generation 1/10 done in 162s (0 from cache), Pareto front has 16 points, best loss 3.0575, smallest 362.9 MB
gen 2 [1/100] k= 94 c=0.830 alpha=-0.929 beta=+0.968 | loss 10.8075 size 419.9 MB zeros 67.4%
gen 2 [2/100] k= 94 c=0.757 alpha=-0.606 beta=+0.604 | loss 6.4861 size 482.2 MB zeros 47.5%
gen 2 [3/100] k=141 c=0.715 alpha=-0.997 beta=+0.999 | loss 11.7775 size 426.0 MB zeros 69.7%
gen 2 [4/100] k=119 c=0.765 alpha=-0.102 beta=+0.620 | loss 15.3553 size 541.3 MB zeros 28.6%
gen 2 [5/100] k=  6 c=0.848 alpha=-0.417 beta=+0.766 | loss 12.6302 size 367.2 MB zeros 63.2%
gen 2 [6/100] k=  8 c=0.836 alpha=-0.849 beta=+0.855 | loss 11.1414 size 366.9 MB zeros 63.4%
gen 2 [7/100] k= 70 c=0.769 alpha=-0.612 beta=+0.611 | loss 6.9898 size 480.9 MB zeros 47.9%
gen 2 [8/100] k=151 c=0.895 alpha=-0.929 beta=+0.928 | loss 10.4556 size 438.0 MB zeros 66.4%
gen 2 [9/100] k=246 c=0.866 alpha=-0.780 beta=+0.780 | loss 8.7053 size 466.6 MB zeros 58.4%
gen 2 [10/100] k= 84 c=0.901 alpha=-0.057 beta=+0.249 | loss 3.1576 size 586.0 MB zeros 13.1%
gen 2 [11/100] k= 42 c=0.918 alpha=-0.232 beta=+0.036 | loss 3.1615 size 541.3 MB zeros 14.1%
gen 2 [12/100] k=146 c=0.981 alpha=-0.193 beta=+0.603 | loss 15.3099 size 561.7 MB zeros 31.8%
gen 2 [13/100] k=239 c=0.707 alpha=-0.702 beta=+0.714 | loss 9.0601 size 482.0 MB zeros 54.1%
gen 2 [14/100] k= 31 c=0.873 alpha=-0.692 beta=+0.428 | loss 18.1687 size 442.9 MB zeros 44.0%
gen 2 [15/100] k=170 c=0.728 alpha=-0.095 beta=+0.088 | loss 3.2761 size 630.8 MB zeros 7.8%
gen 2 [16/100] k= 46 c=0.997 alpha=-0.918 beta=+0.918 | loss 10.0789 size 409.3 MB zeros 65.9%
gen 2 [17/100] k=170 c=0.826 alpha=-0.650 beta=+0.647 | loss 7.4455 size 495.5 MB zeros 50.3%
gen 2 [18/100] k=237 c=0.735 alpha=-0.134 beta=+0.134 | loss 3.3198 size 630.7 MB zeros 11.4%
gen 2 [19/100] k=109 c=0.704 alpha=-0.505 beta=+0.501 | loss 5.6265 size 504.4 MB zeros 40.4%
gen 2 [20/100] k= 17 c=0.902 alpha=-0.700 beta=+0.700 | loss 8.3893 size 400.6 MB zeros 53.7%
gen 2 [21/100] k= 61 c=0.810 alpha=-0.625 beta=+0.635 | loss 7.2448 size 454.3 MB zeros 49.1%
gen 2 [22/100] k=124 c=0.905 alpha=-0.846 beta=+0.827 | loss 9.7050 size 438.0 MB zeros 61.6%
gen 2 [23/100] k=236 c=0.810 alpha=-0.649 beta=+0.059 | loss 17.9286 size 576.4 MB zeros 27.7%
gen 2 [24/100] k=201 c=0.770 alpha=-0.184 beta=+0.239 | loss 3.3625 size 611.7 MB zeros 17.9%
gen 2 [25/100] k=200 c=0.992 alpha=-0.042 beta=+0.097 | loss 3.0562 size 630.8 MB zeros 6.0%
gen 2 [26/100] k= 76 c=0.993 alpha=-0.981 beta=+0.998 | loss 10.6350 size 413.7 MB zeros 69.4%
gen 2 [27/100] k=176 c=0.742 alpha=-0.046 beta=+0.160 | loss 3.2584 size 630.8 MB zeros 8.8%
gen 2 [28/100] k=212 c=0.839 alpha=-0.437 beta=+0.428 | loss 4.2242 size 549.4 MB zeros 35.3%
gen 2 [29/100] k=152 c=0.891 alpha=-0.928 beta=+0.928 | loss 10.4669 size 438.1 MB zeros 66.4%
gen 2 [30/100] k= 10 c=0.754 alpha=-0.404 beta=+0.404 | loss 5.6126 size 432.0 MB zeros 36.1%
gen 2 [31/100] k= 17 c=0.877 alpha=-0.138 beta=+0.148 | loss 3.5908 size 461.0 MB zeros 19.9%
gen 2 [32/100] k= 77 c=0.899 alpha=-0.056 beta=+0.911 | loss 15.4361 size 520.0 MB zeros 35.4%
gen 2 [33/100] k=113 c=0.998 alpha=-0.589 beta=+0.687 | loss 7.1369 size 475.6 MB zeros 49.6%
gen 2 [34/100] k= 29 c=0.952 alpha=-0.710 beta=+0.666 | loss 7.8996 size 423.2 MB zeros 52.8%
gen 2 [35/100] k=195 c=0.806 alpha=-0.879 beta=+0.879 | loss 10.7243 size 447.0 MB zeros 63.9%
gen 2 [36/100] k=195 c=0.732 alpha=-0.804 beta=+0.576 | loss 17.9902 size 487.2 MB zeros 52.6%
gen 2 [37/100] k=155 c=0.975 alpha=-0.613 beta=+0.316 | loss 17.8666 size 542.6 MB zeros 37.1%
gen 2 [38/100] k= 72 c=0.851 alpha=-0.517 beta=+0.509 | loss 4.9605 size 502.1 MB zeros 41.1%
gen 2 [39/100] k=216 c=0.960 alpha=-0.136 beta=+0.083 | loss 3.0740 size 630.8 MB zeros 9.3%
gen 2 [40/100] k= 13 c=0.935 alpha=-0.636 beta=+0.636 | loss 7.4172 size 407.2 MB zeros 50.0%
gen 2 [41/100] k= 13 c=0.732 alpha=-0.946 beta=+0.769 | loss 18.3573 size 384.7 MB zeros 62.6%
gen 2 [42/100] k= 10 c=0.846 alpha=-0.777 beta=+0.777 | loss 13.2005 size 391.4 MB zeros 58.8%
gen 2 [43/100] k=164 c=0.732 alpha=-0.439 beta=+0.458 | loss 4.7977 size 545.2 MB zeros 36.4%
gen 2 [44/100] k=121 c=0.780 alpha=-0.125 beta=+0.125 | loss 3.2052 size 586.1 MB zeros 10.6%
gen 2 [45/100] k= 30 c=0.961 alpha=-0.618 beta=+0.850 | loss 15.1221 size 417.6 MB zeros 55.3%
gen 2 [46/100] k=146 c=0.719 alpha=-0.997 beta=+0.997 | loss 11.8473 size 426.2 MB zeros 69.7%
gen 2 [47/100] k= 81 c=0.873 alpha=-0.503 beta=+0.057 | loss 17.9615 size 559.4 MB zeros 22.8%
gen 2 [48/100] k= 47 c=0.835 alpha=-0.781 beta=+0.781 | loss 8.9259 size 429.2 MB zeros 58.5%
gen 2 [49/100] k=167 c=0.864 alpha=-0.159 beta=+0.113 | loss 3.1289 size 630.7 MB zeros 11.5%
gen 2 [50/100] k=200 c=0.720 alpha=-0.284 beta=+0.286 | loss 3.8887 size 590.4 MB zeros 23.8%
gen 2 [51/100] k=198 c=0.895 alpha=-0.980 beta=+0.980 | loss 10.7796 size 429.0 MB zeros 68.9%
gen 2 [52/100] k= 31 c=0.962 alpha=-0.649 beta=+0.078 | loss 18.0069 size 471.8 MB zeros 31.1%
gen 2 [53/100] k=235 c=0.844 alpha=-0.764 beta=+0.429 | loss 17.9392 size 510.1 MB zeros 46.3%
gen 2 [54/100] k= 27 c=0.966 alpha=-0.731 beta=+0.736 | loss 8.6041 size 416.9 MB zeros 55.7%
gen 2 [55/100] k=191 c=0.982 alpha=-0.862 beta=+0.979 | loss 10.3001 size 439.7 MB zeros 65.9%
gen 2 [56/100] k=210 c=0.731 alpha=-0.577 beta=+0.548 | loss 6.1604 size 516.0 MB zeros 44.6%
gen 2 [57/100] k= 39 c=0.879 alpha=-0.784 beta=+0.784 | loss 8.7149 size 428.8 MB zeros 58.6%
gen 2 [58/100] k=169 c=0.841 alpha=-0.241 beta=+0.065 | loss 3.1683 size 629.4 MB zeros 12.9%
gen 2 [59/100] k=218 c=0.894 alpha=-0.022 beta=+0.218 | loss 3.1386 size 630.8 MB zeros 10.2%
gen 2 [60/100] k= 68 c=0.862 alpha=-0.572 beta=+0.163 | loss 18.0207 size 538.3 MB zeros 29.6%
gen 2 [61/100] k= 41 c=0.746 alpha=-0.941 beta=+0.927 | loss 10.8690 size 407.2 MB zeros 66.7%
gen 2 [62/100] k= 29 c=0.758 alpha=-0.410 beta=+0.674 | loss 15.1353 size 445.6 MB zeros 42.8%
gen 2 [63/100] k= 43 c=0.998 alpha=-0.414 beta=+0.421 | loss 4.1114 size 494.5 MB zeros 34.2%
gen 2 [64/100] k=  4 c=0.769 alpha=-0.884 beta=+0.682 | loss 17.3626 size 329.7 MB zeros 86.7%
gen 2 [65/100] k=195 c=0.806 alpha=-0.878 beta=+0.880 | loss 10.6220 size 447.1 MB zeros 63.8%
gen 2 [66/100] k=202 c=0.894 alpha=-0.890 beta=+0.897 | loss 10.1397 size 444.4 MB zeros 64.6%
gen 2 [67/100] k=155 c=0.807 alpha=-0.838 beta=+0.838 | loss 9.5454 size 455.0 MB zeros 61.7%
gen 2 [68/100] k=244 c=0.831 alpha=-0.787 beta=+0.787 | loss 9.0549 size 465.1 MB zeros 58.8%
gen 2 [69/100] k=152 c=0.906 alpha=-0.180 beta=+0.246 | loss 3.2053 size 611.3 MB zeros 18.0%
gen 2 [70/100] k= 37 c=0.871 alpha=-0.029 beta=+0.043 | loss 3.1636 size 541.4 MB zeros 9.0%
gen 2 [71/100] k=105 c=0.755 alpha=-0.026 beta=+0.642 | loss 15.3725 size 548.3 MB zeros 26.4%
gen 2 [72/100] k=  6 c=0.877 alpha=-0.200 beta=+0.148 | loss 13.0553 size 366.1 MB zeros 64.0%
gen 2 [73/100] k= 92 c=0.804 alpha=-0.330 beta=+0.271 | loss 3.5102 size 552.4 MB zeros 25.0%
gen 2 [74/100] k= 17 c=0.977 alpha=-0.917 beta=+0.980 | loss 11.2072 size 376.1 MB zeros 67.4%
gen 2 [75/100] k=200 c=0.738 alpha=-0.299 beta=+0.305 | loss 3.8618 size 585.5 MB zeros 25.2%
gen 2 [76/100] k=220 c=0.896 alpha=-0.218 beta=+0.218 | loss 3.2150 size 609.8 MB zeros 18.4%
gen 2 [77/100] k= 52 c=0.870 alpha=-0.745 beta=+0.745 | loss 8.1387 size 434.9 MB zeros 56.3%
gen 2 [78/100] k= 43 c=0.850 alpha=-0.004 beta=+0.005 | loss 3.1688 size 541.4 MB zeros 7.6%
gen 2 [79/100] k= 34 c=0.843 alpha=-0.999 beta=+0.999 | loss 11.0731 size 398.8 MB zeros 69.8%
gen 2 [80/100] k=116 c=0.859 alpha=-0.908 beta=+0.046 | loss 17.8925 size 522.2 MB zeros 34.7%
gen 2 [81/100] k=236 c=0.736 alpha=-0.288 beta=+0.286 | loss 3.7850 size 589.7 MB zeros 24.0%
gen 2 [82/100] k=114 c=0.851 alpha=-0.666 beta=+0.709 | loss 7.7897 size 465.5 MB zeros 52.8%
gen 2 [83/100] k=164 c=0.892 alpha=-0.143 beta=+0.112 | loss 3.1068 size 630.8 MB zeros 10.8%
gen 2 [84/100] k=  6 c=0.778 alpha=-0.884 beta=+0.884 | loss 11.9610 size 362.8 MB zeros 66.4%
gen 2 [85/100] k=210 c=0.915 alpha=-0.542 beta=+0.803 | loss 15.2080 size 491.6 MB zeros 51.4%
gen 2 [86/100] k= 95 c=0.781 alpha=-0.320 beta=+0.616 | loss 15.2768 size 513.7 MB zeros 37.4%
gen 2 [87/100] k= 33 c=0.955 alpha=-0.617 beta=+0.626 | loss 7.1306 size 432.7 MB zeros 48.6%
gen 2 [88/100] k=154 c=0.939 alpha=-0.582 beta=+0.635 | loss 6.9199 size 504.9 MB zeros 47.7%
gen 2 [89/100] k=102 c=0.950 alpha=-0.058 beta=+0.029 | loss 3.0657 size 586.1 MB zeros 4.4%
gen 2 [90/100] k= 32 c=0.859 alpha=-0.774 beta=+0.944 | loss 14.8096 size 401.4 MB zeros 62.6%
gen 2 [91/100] k= 17 c=0.971 alpha=-0.853 beta=+0.824 | loss 10.0304 size 386.2 MB zeros 61.7%
gen 2 [92/100] k=170 c=0.826 alpha=-0.647 beta=+0.649 | loss 7.4390 size 495.6 MB zeros 50.3%
gen 2 [93/100] k=242 c=0.844 alpha=-0.788 beta=+0.787 | loss 9.0569 size 465.1 MB zeros 58.8%
gen 2 [94/100] k= 94 c=0.898 alpha=-0.863 beta=+0.675 | loss 17.8996 size 450.8 MB zeros 57.5%
gen 2 [95/100] k=143 c=0.872 alpha=-0.602 beta=+0.572 | loss 6.0053 size 510.0 MB zeros 46.3%
gen 2 [96/100] k=114 c=0.708 alpha=-0.059 beta=+0.505 | loss 15.2934 size 559.4 MB zeros 22.8%
gen 2 [97/100] k=200 c=0.983 alpha=-0.042 beta=+0.026 | loss 3.0598 size 630.8 MB zeros 3.0%
gen 2 [98/100] k= 98 c=0.954 alpha=-0.431 beta=+0.630 | loss 7.1895 size 498.9 MB zeros 42.2%
gen 2 [99/100] k= 87 c=0.965 alpha=-0.948 beta=+0.995 | loss 10.5918 size 416.4 MB zeros 68.5%
gen 2 [100/100] k= 33 c=0.997 alpha=-0.626 beta=+0.428 | loss 6.5241 size 447.6 MB zeros 41.9%
=== generation 2/10 done in 162s (0 from cache), Pareto front has 18 points, best loss 3.0562, smallest 329.7 MB
gen 3 [1/100] k=167 c=0.864 alpha=-0.159 beta=+0.110 | loss 3.1296 size 630.7 MB zeros 11.4%
gen 3 [2/100] k=201 c=0.938 alpha=-0.474 beta=+0.474 | loss 4.4834 size 538.4 MB zeros 38.3%
gen 3 [3/100] k= 37 c=0.905 alpha=-0.886 beta=+0.837 | loss 9.7335 size 417.3 MB zeros 62.9%
gen 3 [4/100] k= 42 c=0.921 alpha=-0.232 beta=+0.038 | loss 3.1663 size 541.3 MB zeros 14.2%
gen 3 [5/100] k= 46 c=0.997 alpha=-0.930 beta=+0.918 | loss 10.0030 size 408.5 MB zeros 66.2%
gen 3 [6/100] k= 39 c=0.869 alpha=-0.784 beta=+0.784 | loss 8.6462 size 428.8 MB zeros 58.6%
gen 3 [7/100] k=  6 c=0.835 alpha=-0.996 beta=+0.983 | loss 12.3932 size 356.4 MB zeros 71.2%
gen 3 [8/100] k= 43 c=0.972 alpha=-0.405 beta=+0.428 | loss 3.9139 size 494.6 MB zeros 34.1%
gen 3 [9/100] k=148 c=0.960 alpha=-0.063 beta=+0.191 | loss 3.0954 size 630.8 MB zeros 10.8%
gen 3 [10/100] k= 92 c=0.718 alpha=-0.606 beta=+0.552 | loss 6.5889 size 487.7 MB zeros 45.7%
gen 3 [11/100] k= 46 c=0.859 alpha=-0.727 beta=+0.067 | loss 17.9123 size 502.1 MB zeros 31.3%
gen 3 [12/100] k=200 c=0.980 alpha=-0.042 beta=+0.037 | loss 3.0589 size 630.8 MB zeros 3.5%
gen 3 [13/100] k= 62 c=0.989 alpha=-0.193 beta=+0.193 | loss 3.1766 size 541.0 MB zeros 16.4%
gen 3 [14/100] k=127 c=0.906 alpha=-0.412 beta=+0.412 | loss 3.9053 size 525.3 MB zeros 33.7%
gen 3 [15/100] k= 27 c=0.971 alpha=-0.785 beta=+0.404 | loss 18.1919 size 438.5 MB zeros 46.0%
gen 3 [16/100] k=114 c=0.702 alpha=-0.625 beta=+0.505 | loss 6.4420 size 491.0 MB zeros 44.7%
gen 3 [17/100] k=246 c=0.710 alpha=-0.040 beta=+0.517 | loss 15.2968 size 595.3 MB zeros 22.4%
gen 3 [18/100] k= 34 c=0.963 alpha=-0.111 beta=+0.055 | loss 3.1465 size 541.4 MB zeros 11.4%
gen 3 [19/100] k= 57 c=0.865 alpha=-0.029 beta=+0.043 | loss 3.1261 size 541.4 MB zeros 5.8%
gen 3 [20/100] k= 30 c=0.975 alpha=-0.777 beta=+0.851 | loss 9.4634 size 406.5 MB zeros 60.3%
gen 3 [21/100] k= 27 c=0.874 alpha=-0.057 beta=+0.045 | loss 3.2347 size 496.7 MB zeros 12.5%
gen 3 [22/100] k= 11 c=0.983 alpha=-0.736 beta=+0.776 | loss 10.1297 size 393.8 MB zeros 57.5%
gen 3 [23/100] k= 51 c=0.870 alpha=-0.791 beta=+0.582 | loss 17.8629 size 445.3 MB zeros 52.5%
gen 3 [24/100] k= 13 c=0.758 alpha=-0.404 beta=+0.714 | loss 15.5763 size 417.3 MB zeros 44.3%
gen 3 [25/100] k=  6 c=0.848 alpha=-0.449 beta=+0.766 | loss 12.6302 size 367.2 MB zeros 63.2%
gen 3 [26/100] k= 29 c=0.840 alpha=-0.946 beta=+0.876 | loss 9.9947 size 394.9 MB zeros 65.5%
gen 3 [27/100] k=  6 c=0.784 alpha=-0.895 beta=+0.943 | loss 11.5677 size 360.8 MB zeros 68.0%
gen 3 [28/100] k= 22 c=0.809 alpha=-0.183 beta=+0.639 | loss 15.3573 size 466.6 MB zeros 33.4%
gen 3 [29/100] k= 10 c=0.777 alpha=-0.404 beta=+0.446 | loss 5.7361 size 429.4 MB zeros 37.6%
gen 3 [30/100] k= 58 c=0.918 alpha=-0.036 beta=+0.034 | loss 3.1203 size 541.4 MB zeros 6.2%
gen 3 [31/100] k=166 c=0.977 alpha=-0.917 beta=+0.160 | loss 17.8777 size 533.5 MB zeros 39.7%
gen 3 [32/100] k= 92 c=0.726 alpha=-0.613 beta=+0.606 | loss 6.5971 size 481.3 MB zeros 47.8%
gen 3 [33/100] k= 68 c=0.981 alpha=-0.193 beta=+0.162 | loss 3.1375 size 583.5 MB zeros 15.1%
gen 3 [34/100] k=167 c=0.754 alpha=-0.149 beta=+0.629 | loss 15.3528 size 565.2 MB zeros 30.8%
gen 3 [35/100] k=119 c=0.851 alpha=-0.506 beta=+0.029 | loss 17.9610 size 562.7 MB zeros 21.8%
gen 3 [36/100] k= 47 c=0.835 alpha=-0.780 beta=+0.781 | loss 8.9599 size 429.3 MB zeros 58.4%
gen 3 [37/100] k= 10 c=0.732 alpha=-0.445 beta=+0.792 | loss 15.3349 size 409.2 MB zeros 48.9%
gen 3 [38/100] k= 81 c=0.836 alpha=-0.010 beta=+0.850 | loss 15.4504 size 527.1 MB zeros 33.1%
gen 3 [39/100] k=114 c=0.851 alpha=-0.666 beta=+0.147 | loss 17.9334 size 530.8 MB zeros 32.0%
gen 3 [40/100] k=157 c=0.981 alpha=-0.626 beta=+0.616 | loss 6.8038 size 501.9 MB zeros 48.5%
gen 3 [41/100] k=113 c=0.712 alpha=-0.567 beta=+0.505 | loss 6.1259 size 497.1 MB zeros 42.7%
gen 3 [42/100] k= 33 c=0.831 alpha=-0.777 beta=+0.777 | loss 9.4162 size 411.2 MB zeros 58.2%
gen 3 [43/100] k=  5 c=0.774 alpha=-0.884 beta=+0.480 | loss 17.8911 size 351.3 MB zeros 62.5%
gen 3 [44/100] k= 14 c=0.767 alpha=-0.752 beta=+0.396 | loss 17.4336 size 415.8 MB zeros 45.2%
gen 3 [45/100] k= 37 c=0.877 alpha=-0.617 beta=+0.646 | loss 7.4157 size 454.0 MB zeros 49.2%
gen 3 [46/100] k= 44 c=0.877 alpha=-0.201 beta=+0.148 | loss 3.2003 size 541.3 MB zeros 15.1%
gen 3 [47/100] k= 53 c=0.949 alpha=-0.173 beta=+0.173 | loss 3.1620 size 541.3 MB zeros 14.8%
gen 3 [48/100] k=164 c=0.867 alpha=-0.143 beta=+0.143 | loss 3.1274 size 630.6 MB zeros 12.1%
gen 3 [49/100] k=  4 c=0.769 alpha=-0.835 beta=+0.654 | loss 17.3626 size 329.7 MB zeros 86.7%
gen 3 [50/100] k= 98 c=0.993 alpha=-0.431 beta=+0.430 | loss 4.1401 size 520.9 MB zeros 35.1%
gen 3 [51/100] k=116 c=0.814 alpha=-0.077 beta=+0.052 | loss 3.1425 size 586.1 MB zeros 5.6%
gen 3 [52/100] k= 35 c=0.843 alpha=-0.780 beta=+0.698 | loss 8.4865 size 436.0 MB zeros 56.0%
gen 3 [53/100] k= 18 c=0.997 alpha=-0.861 beta=+0.817 | loss 9.8889 size 403.2 MB zeros 61.8%
gen 3 [54/100] k=101 c=0.950 alpha=-0.140 beta=+0.011 | loss 3.0855 size 586.1 MB zeros 7.7%
gen 3 [55/100] k=145 c=0.988 alpha=-0.537 beta=+0.603 | loss 5.6503 size 514.2 MB zeros 45.1%
gen 3 [56/100] k=185 c=0.992 alpha=-0.091 beta=+0.968 | loss 15.4517 size 539.4 MB zeros 38.1%
gen 3 [57/100] k= 48 c=0.996 alpha=-0.441 beta=+0.420 | loss 4.2792 size 491.9 MB zeros 35.1%
gen 3 [58/100] k= 10 c=0.755 alpha=-0.404 beta=+0.849 | loss 15.3801 size 408.3 MB zeros 49.4%
gen 3 [59/100] k= 70 c=0.742 alpha=-0.490 beta=+0.611 | loss 5.7005 size 494.1 MB zeros 43.7%
gen 3 [60/100] k=109 c=0.840 alpha=-0.505 beta=+0.026 | loss 17.9771 size 562.8 MB zeros 21.7%
gen 3 [61/100] k= 76 c=0.992 alpha=-0.991 beta=+0.998 | loss 10.7594 size 413.0 MB zeros 69.6%
gen 3 [62/100] k= 26 c=1.000 alpha=-0.970 beta=+0.956 | loss 10.6825 size 389.1 MB zeros 68.1%
gen 3 [63/100] k=  6 c=0.848 alpha=-0.407 beta=+0.732 | loss 12.7872 size 367.6 MB zeros 62.9%
gen 3 [64/100] k= 10 c=0.846 alpha=-0.850 beta=+0.777 | loss 12.4394 size 387.9 MB zeros 60.8%
gen 3 [65/100] k= 80 c=0.966 alpha=-0.731 beta=+0.736 | loss 8.1886 size 456.6 MB zeros 55.6%
gen 3 [66/100] k= 82 c=0.833 alpha=-0.776 beta=+0.735 | loss 8.4809 size 452.6 MB zeros 56.9%
gen 3 [67/100] k=  7 c=0.977 alpha=-0.925 beta=+0.990 | loss 11.3287 size 359.6 MB zeros 68.8%
gen 3 [68/100] k=114 c=0.847 alpha=-0.666 beta=+0.399 | loss 17.9071 size 499.1 MB zeros 42.1%
gen 3 [69/100] k= 38 c=0.730 alpha=-0.076 beta=+0.148 | loss 3.3315 size 541.4 MB zeros 10.4%
gen 3 [70/100] k= 21 c=0.947 alpha=-0.407 beta=+0.391 | loss 4.1465 size 467.2 MB zeros 33.2%
gen 3 [71/100] k=128 c=0.938 alpha=-0.609 beta=+0.152 | loss 17.9277 size 535.9 MB zeros 30.3%
gen 3 [72/100] k= 27 c=0.943 alpha=-0.731 beta=+0.736 | loss 8.2679 size 416.9 MB zeros 55.7%
gen 3 [73/100] k=201 c=0.939 alpha=-0.474 beta=+0.477 | loss 4.5082 size 538.0 MB zeros 38.4%
gen 3 [74/100] k= 22 c=0.866 alpha=-0.110 beta=+0.956 | loss 15.3823 size 447.8 MB zeros 41.9%
gen 3 [75/100] k= 13 c=0.846 alpha=-0.746 beta=+0.777 | loss 8.7928 size 393.8 MB zeros 57.5%
gen 3 [76/100] k=155 c=0.799 alpha=-0.813 beta=+0.932 | loss 11.0529 size 448.7 MB zeros 63.4%
gen 3 [77/100] k= 19 c=0.871 alpha=-0.029 beta=+0.043 | loss 3.3975 size 495.2 MB zeros 17.7%
gen 3 [78/100] k= 48 c=0.931 alpha=-0.184 beta=+0.173 | loss 3.1981 size 541.3 MB zeros 15.4%
gen 3 [79/100] k= 94 c=0.867 alpha=-0.585 beta=+0.086 | loss 17.9558 size 547.0 MB zeros 26.8%
gen 3 [80/100] k= 72 c=0.873 alpha=-0.063 beta=+0.450 | loss 5.0394 size 564.5 MB zeros 21.2%
gen 3 [81/100] k= 33 c=0.852 alpha=-0.711 beta=+0.710 | loss 8.2973 size 420.1 MB zeros 54.2%
gen 3 [82/100] k= 91 c=0.906 alpha=-0.880 beta=+0.388 | loss 17.8962 size 480.8 MB zeros 47.9%
gen 3 [83/100] k=  7 c=0.874 alpha=-0.927 beta=+0.063 | loss 17.9799 size 375.2 MB zeros 57.2%
gen 3 [84/100] k= 17 c=0.877 alpha=-0.138 beta=+0.711 | loss 15.5451 size 430.2 MB zeros 37.1%
gen 3 [85/100] k= 33 c=0.964 alpha=-0.617 beta=+0.428 | loss 5.3003 size 448.3 MB zeros 41.6%
gen 3 [86/100] k= 40 c=0.975 alpha=-0.851 beta=+0.851 | loss 9.7902 size 418.7 MB zeros 62.4%
gen 3 [87/100] k=176 c=0.982 alpha=-0.042 beta=+0.024 | loss 3.0548 size 630.8 MB zeros 3.0%
gen 3 [88/100] k=112 c=0.708 alpha=-0.350 beta=+0.926 | loss 15.4272 size 481.8 MB zeros 47.6%
gen 3 [89/100] k= 32 c=0.865 alpha=-0.426 beta=+0.951 | loss 15.3796 size 426.9 MB zeros 51.2%
gen 3 [90/100] k= 39 c=0.957 alpha=-0.784 beta=+0.790 | loss 9.1187 size 428.4 MB zeros 58.8%
gen 3 [91/100] k=  3 c=0.850 alpha=-0.005 beta=+0.005 | loss 16.3486 size 322.3 MB zeros 89.9%
gen 3 [92/100] k=212 c=0.797 alpha=-0.607 beta=+0.513 | loss 5.8603 size 516.8 MB zeros 44.4%
gen 3 [93/100] k=164 c=0.749 alpha=-0.459 beta=+0.477 | loss 4.8654 size 540.1 MB zeros 37.9%
gen 3 [94/100] k=200 c=0.989 alpha=-0.042 beta=+0.077 | loss 3.0583 size 630.8 MB zeros 5.1%
gen 3 [95/100] k= 33 c=0.848 alpha=-0.417 beta=+0.617 | loss 6.0637 size 449.3 MB zeros 41.2%
gen 3 [96/100] k= 43 c=0.998 alpha=-0.853 beta=+0.735 | loss 9.5531 size 427.5 MB zeros 59.1%
gen 3 [97/100] k= 53 c=0.952 alpha=-0.721 beta=+0.666 | loss 8.3519 size 443.4 MB zeros 53.2%
gen 3 [98/100] k= 30 c=0.732 alpha=-0.884 beta=+0.865 | loss 11.1547 size 399.1 MB zeros 63.6%
gen 3 [99/100] k=155 c=0.809 alpha=-0.838 beta=+0.860 | loss 10.3635 size 452.8 MB zeros 62.2%
gen 3 [100/100] k=  5 c=0.707 alpha=-0.941 beta=+0.960 | loss 12.1978 size 345.7 MB zeros 68.8%
=== generation 3/10 done in 162s (0 from cache), Pareto front has 27 points, best loss 3.0548, smallest 322.3 MB
gen 4 [1/100] k=102 c=0.910 alpha=-0.058 beta=+0.029 | loss 3.0828 size 586.1 MB zeros 4.3%
gen 4 [2/100] k= 38 c=0.988 alpha=-0.439 beta=+0.381 | loss 4.0054 size 495.9 MB zeros 33.6%
gen 4 [3/100] k=  6 c=0.783 alpha=-0.910 beta=+0.884 | loss 12.1254 size 362.0 MB zeros 67.0%
gen 4 [4/100] k= 49 c=0.963 alpha=-0.612 beta=+0.481 | loss 5.3729 size 469.7 MB zeros 43.4%
gen 4 [5/100] k=220 c=0.859 alpha=-0.042 beta=+0.097 | loss 3.0963 size 630.8 MB zeros 6.0%
gen 4 [6/100] k=187 c=0.939 alpha=-0.976 beta=+0.497 | loss 17.9120 size 481.1 MB zeros 54.3%
gen 4 [7/100] k= 40 c=0.831 alpha=-0.700 beta=+0.777 | loss 8.2869 size 436.1 MB zeros 55.9%
gen 4 [8/100] k=  4 c=0.769 alpha=-0.842 beta=+0.454 | loss 17.3856 size 329.7 MB zeros 86.7%
gen 4 [9/100] k= 13 c=0.814 alpha=-0.036 beta=+0.052 | loss 4.0788 size 449.3 MB zeros 24.3%
gen 4 [10/100] k= 29 c=0.840 alpha=-0.946 beta=+0.863 | loss 9.9090 size 395.7 MB zeros 65.1%
gen 4 [11/100] k= 22 c=0.975 alpha=-0.953 beta=+0.980 | loss 10.8751 size 388.7 MB zeros 68.3%
gen 4 [12/100] k=117 c=0.839 alpha=-0.849 beta=+0.855 | loss 10.3137 size 435.4 MB zeros 62.4%
gen 4 [13/100] k= 99 c=0.906 alpha=-0.412 beta=+0.445 | loss 4.1804 size 521.4 MB zeros 35.0%
gen 4 [14/100] k=124 c=0.906 alpha=-0.672 beta=+0.412 | loss 17.9090 size 496.9 MB zeros 42.8%
gen 4 [15/100] k=  7 c=0.931 alpha=-0.184 beta=+0.118 | loss 11.1446 size 385.3 MB zeros 49.7%
gen 4 [16/100] k=  4 c=0.997 alpha=-0.850 beta=+0.459 | loss 16.0197 size 323.1 MB zeros 94.0%
gen 4 [17/100] k=164 c=0.867 alpha=-0.394 beta=+0.405 | loss 3.8309 size 558.3 MB zeros 32.8%
gen 4 [18/100] k= 83 c=0.851 alpha=-0.014 beta=+0.016 | loss 3.1247 size 586.1 MB zeros 3.9%
gen 4 [19/100] k= 40 c=0.866 alpha=-0.025 beta=+0.724 | loss 15.3883 size 500.8 MB zeros 31.8%
gen 4 [20/100] k= 33 c=0.871 alpha=-0.026 beta=+0.085 | loss 3.1616 size 518.7 MB zeros 10.2%
gen 4 [21/100] k= 10 c=0.841 alpha=-0.777 beta=+0.928 | loss 13.5671 size 384.4 MB zeros 62.7%
gen 4 [22/100] k=  6 c=0.835 alpha=-0.999 beta=+0.977 | loss 11.8972 size 356.5 MB zeros 71.1%
gen 4 [23/100] k= 52 c=0.849 alpha=-0.773 beta=+0.011 | loss 17.9050 size 499.7 MB zeros 32.2%
gen 4 [24/100] k= 17 c=0.877 alpha=-0.148 beta=+0.086 | loss 3.5905 size 461.0 MB zeros 19.9%
gen 4 [25/100] k= 98 c=0.995 alpha=-0.432 beta=+0.431 | loss 4.1430 size 520.6 MB zeros 35.2%
gen 4 [26/100] k= 67 c=0.996 alpha=-0.445 beta=+0.403 | loss 4.1648 size 522.5 MB zeros 34.6%
gen 4 [27/100] k= 47 c=0.999 alpha=-0.940 beta=+0.964 | loss 10.6753 size 404.8 MB zeros 67.6%
gen 4 [28/100] k= 53 c=0.979 alpha=-0.797 beta=+0.728 | loss 8.6615 size 432.2 MB zeros 57.3%
gen 4 [29/100] k= 11 c=0.983 alpha=-0.735 beta=+0.772 | loss 9.6512 size 394.0 MB zeros 57.4%
gen 4 [30/100] k= 32 c=0.838 alpha=-0.942 beta=+0.941 | loss 10.4813 size 391.5 MB zeros 67.0%
gen 4 [31/100] k=  6 c=0.784 alpha=-0.971 beta=+0.935 | loss 11.4082 size 358.9 MB zeros 69.3%
gen 4 [32/100] k= 38 c=0.982 alpha=-0.042 beta=+0.029 | loss 3.1227 size 541.4 MB zeros 10.2%
gen 4 [33/100] k= 29 c=0.876 alpha=-0.667 beta=+0.698 | loss 7.9749 size 423.9 MB zeros 52.5%
gen 4 [34/100] k=  3 c=0.768 alpha=-0.884 beta=+0.681 | loss 17.4075 size 323.7 MB zeros 86.6%
gen 4 [35/100] k= 80 c=0.874 alpha=-0.047 beta=+0.808 | loss 15.4463 size 529.7 MB zeros 32.3%
gen 4 [36/100] k= 33 c=0.964 alpha=-0.617 beta=+0.488 | loss 5.5773 size 443.4 MB zeros 43.8%
gen 4 [37/100] k= 27 c=0.874 alpha=-0.057 beta=+0.767 | loss 15.3560 size 463.0 MB zeros 35.1%
gen 4 [38/100] k=215 c=0.987 alpha=-0.042 beta=+0.077 | loss 3.0541 size 630.8 MB zeros 5.1%
gen 4 [39/100] k=  3 c=0.874 alpha=-0.420 beta=+0.150 | loss 17.2974 size 321.9 MB zeros 90.6%
gen 4 [40/100] k=163 c=0.892 alpha=-0.404 beta=+0.112 | loss 3.3264 size 599.3 MB zeros 21.3%
gen 4 [41/100] k=102 c=0.945 alpha=-0.025 beta=+0.458 | loss 5.1070 size 567.1 MB zeros 20.4%
gen 4 [42/100] k= 13 c=0.935 alpha=-0.241 beta=+0.636 | loss 15.2339 size 427.2 MB zeros 38.8%
gen 4 [43/100] k=200 c=0.992 alpha=-0.017 beta=+0.042 | loss 3.0570 size 630.8 MB zeros 2.8%
gen 4 [44/100] k=164 c=0.892 alpha=-0.131 beta=+0.112 | loss 3.1010 size 630.8 MB zeros 10.3%
gen 4 [45/100] k= 68 c=0.981 alpha=-0.193 beta=+0.127 | loss 3.1230 size 585.9 MB zeros 13.7%
gen 4 [46/100] k= 20 c=0.868 alpha=-0.111 beta=+0.105 | loss 3.3849 size 495.3 MB zeros 17.7%
gen 4 [47/100] k= 32 c=0.996 alpha=-0.445 beta=+0.420 | loss 4.1765 size 462.3 MB zeros 35.3%
gen 4 [48/100] k= 80 c=0.979 alpha=-0.057 beta=+0.035 | loss 3.0737 size 586.1 MB zeros 5.1%
gen 4 [49/100] k=  3 c=0.705 alpha=-0.434 beta=+0.981 | loss 16.8836 size 325.1 MB zeros 83.6%
gen 4 [50/100] k= 29 c=0.952 alpha=-0.778 beta=+0.716 | loss 8.2943 size 415.2 MB zeros 56.4%
gen 4 [51/100] k=  9 c=0.777 alpha=-0.446 beta=+0.673 | loss 14.9804 size 390.6 MB zeros 45.7%
gen 4 [52/100] k=116 c=0.846 alpha=-0.747 beta=+0.777 | loss 8.3770 size 451.4 MB zeros 57.3%
gen 4 [53/100] k= 26 c=0.935 alpha=-0.671 beta=+0.634 | loss 7.6007 size 428.2 MB zeros 50.6%
gen 4 [54/100] k= 17 c=0.940 alpha=-0.431 beta=+0.391 | loss 4.3479 size 435.1 MB zeros 34.4%
gen 4 [55/100] k= 11 c=0.867 alpha=-0.029 beta=+0.029 | loss 4.5237 size 442.3 MB zeros 30.4%
gen 4 [56/100] k= 23 c=0.877 alpha=-0.200 beta=+0.148 | loss 3.3144 size 496.4 MB zeros 16.7%
gen 4 [57/100] k=121 c=0.949 alpha=-0.140 beta=+0.003 | loss 3.0827 size 586.1 MB zeros 7.4%
gen 4 [58/100] k= 31 c=0.876 alpha=-0.438 beta=+0.698 | loss 15.1106 size 441.6 MB zeros 44.6%
gen 4 [59/100] k= 47 c=0.774 alpha=-0.884 beta=+0.484 | loss 17.9213 size 447.6 MB zeros 51.6%
gen 4 [60/100] k= 33 c=0.769 alpha=-0.612 beta=+0.661 | loss 7.9715 size 430.6 MB zeros 49.5%
gen 4 [61/100] k= 12 c=0.754 alpha=-0.153 beta=+0.142 | loss 4.4292 size 447.3 MB zeros 26.8%
gen 4 [62/100] k= 45 c=0.808 alpha=-0.506 beta=+0.504 | loss 5.1100 size 477.2 MB zeros 40.6%
gen 4 [63/100] k= 71 c=0.982 alpha=-0.710 beta=+0.025 | loss 17.8742 size 537.8 MB zeros 29.7%
gen 4 [64/100] k=205 c=0.938 alpha=-0.478 beta=+0.475 | loss 4.5113 size 537.7 MB zeros 38.5%
gen 4 [65/100] k= 32 c=0.706 alpha=-0.941 beta=+0.790 | loss 16.7110 size 400.6 MB zeros 63.0%
gen 4 [66/100] k= 33 c=0.956 alpha=-0.625 beta=+0.630 | loss 7.1403 size 431.9 MB zeros 49.0%
gen 4 [67/100] k=  3 c=0.872 alpha=-0.005 beta=+0.769 | loss 17.1020 size 322.0 MB zeros 90.6%
gen 4 [68/100] k=204 c=0.989 alpha=-0.042 beta=+0.149 | loss 3.0706 size 630.8 MB zeros 8.2%
gen 4 [69/100] k= 37 c=0.905 alpha=-0.885 beta=+0.837 | loss 9.7399 size 417.4 MB zeros 62.9%
gen 4 [70/100] k= 43 c=0.981 alpha=-0.245 beta=+0.210 | loss 3.2720 size 534.2 MB zeros 19.4%
gen 4 [71/100] k= 28 c=0.919 alpha=-0.036 beta=+0.005 | loss 3.2218 size 496.6 MB zeros 13.1%
gen 4 [72/100] k= 29 c=0.867 alpha=-0.917 beta=+0.982 | loss 11.0805 size 390.6 MB zeros 67.4%
gen 4 [73/100] k= 17 c=0.971 alpha=-0.854 beta=+0.828 | loss 9.8729 size 386.0 MB zeros 61.9%
gen 4 [74/100] k=  8 c=0.705 alpha=-0.848 beta=+0.855 | loss 11.5249 size 367.4 MB zeros 63.0%
gen 4 [75/100] k=  5 c=0.771 alpha=-0.902 beta=+0.488 | loss 17.9623 size 351.0 MB zeros 62.8%
gen 4 [76/100] k=176 c=0.988 alpha=-0.418 beta=+0.415 | loss 3.8697 size 553.7 MB zeros 34.1%
gen 4 [77/100] k=200 c=0.992 alpha=-0.042 beta=+0.222 | loss 3.1149 size 630.8 MB zeros 11.2%
gen 4 [78/100] k=  4 c=0.961 alpha=-0.925 beta=+0.939 | loss 15.9085 size 323.9 MB zeros 93.1%
gen 4 [79/100] k=  6 c=0.835 alpha=-0.996 beta=+0.988 | loss 12.4872 size 356.3 MB zeros 71.3%
gen 4 [80/100] k= 21 c=0.992 alpha=-0.407 beta=+0.391 | loss 4.1456 size 467.1 MB zeros 33.2%
gen 4 [81/100] k= 53 c=0.834 alpha=-0.662 beta=+0.635 | loss 7.5536 size 451.0 MB zeros 50.3%
gen 4 [82/100] k=  6 c=0.783 alpha=-0.977 beta=+0.103 | loss 17.9072 size 365.1 MB zeros 64.7%
gen 4 [83/100] k= 33 c=0.852 alpha=-0.711 beta=+0.686 | loss 8.5190 size 421.7 MB zeros 53.5%
gen 4 [84/100] k= 13 c=0.848 alpha=-0.772 beta=+0.072 | loss 17.5361 size 422.1 MB zeros 41.7%
gen 4 [85/100] k=  4 c=0.852 alpha=-0.040 beta=+0.005 | loss 16.6206 size 326.8 MB zeros 89.9%
gen 4 [86/100] k=  5 c=0.711 alpha=-0.945 beta=+0.956 | loss 11.9577 size 345.7 MB zeros 68.8%
gen 4 [87/100] k= 99 c=0.921 alpha=-0.150 beta=+0.412 | loss 3.3732 size 558.1 MB zeros 23.2%
gen 4 [88/100] k= 84 c=0.856 alpha=-0.491 beta=+0.033 | loss 17.9429 size 562.8 MB zeros 21.7%
gen 4 [89/100] k= 53 c=0.948 alpha=-0.568 beta=+0.173 | loss 18.0267 size 505.8 MB zeros 29.9%
gen 4 [90/100] k= 25 c=0.848 alpha=-0.386 beta=+0.617 | loss 12.2902 size 451.7 MB zeros 40.1%
gen 4 [91/100] k= 68 c=0.995 alpha=-0.039 beta=+0.162 | loss 3.0843 size 586.1 MB zeros 9.8%
gen 4 [92/100] k= 13 c=0.938 alpha=-0.636 beta=+0.778 | loss 8.4246 size 399.6 MB zeros 54.3%
gen 4 [93/100] k= 48 c=0.931 alpha=-0.158 beta=+0.173 | loss 3.1751 size 541.4 MB zeros 14.3%
gen 4 [94/100] k= 32 c=0.866 alpha=-0.957 beta=+0.230 | loss 17.9228 size 443.5 MB zeros 43.8%
gen 4 [95/100] k=176 c=0.981 alpha=-0.196 beta=+0.004 | loss 3.0882 size 630.8 MB zeros 9.3%
gen 4 [96/100] k= 36 c=0.847 alpha=-0.772 beta=+0.631 | loss 8.3937 size 442.3 MB zeros 53.6%
gen 4 [97/100] k= 16 c=0.877 alpha=-0.103 beta=+0.149 | loss 3.7256 size 450.4 MB zeros 22.6%
gen 4 [98/100] k=164 c=0.892 alpha=-0.143 beta=+0.106 | loss 3.1048 size 630.8 MB zeros 10.6%
gen 4 [99/100] k=156 c=0.707 alpha=-0.123 beta=+0.991 | loss 15.4678 size 532.7 MB zeros 39.9%
gen 4 [100/100] k= 86 c=0.777 alpha=-0.486 beta=+0.446 | loss 4.7666 size 512.8 MB zeros 37.7%
=== generation 4/10 done in 162s (0 from cache), Pareto front has 37 points, best loss 3.0541, smallest 321.9 MB
gen 5 [1/100] k= 37 c=0.877 alpha=-0.029 beta=+0.043 | loss 3.1511 size 541.4 MB zeros 9.1%
gen 5 [2/100] k= 27 c=0.720 alpha=-0.622 beta=+0.628 | loss 7.6376 size 432.3 MB zeros 48.8%
gen 5 [3/100] k= 14 c=0.754 alpha=-0.421 beta=+0.404 | loss 4.8977 size 434.7 MB zeros 34.6%
gen 5 [4/100] k= 11 c=0.707 alpha=-0.945 beta=+0.414 | loss 17.6105 size 405.1 MB zeros 51.2%
gen 5 [5/100] k= 99 c=0.916 alpha=-0.412 beta=+0.039 | loss 3.3183 size 572.1 MB zeros 18.8%
gen 5 [6/100] k= 57 c=0.989 alpha=-0.191 beta=+0.183 | loss 3.1771 size 541.2 MB zeros 15.9%
gen 5 [7/100] k= 27 c=0.877 alpha=-0.743 beta=+0.745 | loss 8.0273 size 415.5 MB zeros 56.3%
gen 5 [8/100] k= 19 c=0.871 alpha=-0.053 beta=+0.016 | loss 3.3975 size 495.2 MB zeros 17.7%
gen 5 [9/100] k= 80 c=0.979 alpha=-0.044 beta=+0.023 | loss 3.0735 size 586.1 MB zeros 4.8%
gen 5 [10/100] k= 21 c=0.972 alpha=-0.953 beta=+0.980 | loss 10.6157 size 388.7 MB zeros 68.3%
gen 5 [11/100] k=  6 c=0.988 alpha=-0.998 beta=+0.986 | loss 14.9276 size 354.1 MB zeros 72.9%
gen 5 [12/100] k=  6 c=0.969 alpha=-0.996 beta=+0.983 | loss 14.3873 size 354.6 MB zeros 72.6%
gen 5 [13/100] k= 28 c=0.960 alpha=-0.917 beta=+0.980 | loss 10.9977 size 390.7 MB zeros 67.4%
gen 5 [14/100] k= 31 c=0.964 alpha=-0.617 beta=+0.488 | loss 5.5174 size 443.4 MB zeros 43.8%
gen 5 [15/100] k= 68 c=0.963 alpha=-0.039 beta=+0.162 | loss 3.0869 size 586.1 MB zeros 9.7%
gen 5 [16/100] k=210 c=0.992 alpha=-0.042 beta=+0.097 | loss 3.0607 size 630.8 MB zeros 6.0%
gen 5 [17/100] k=106 c=0.949 alpha=-0.001 beta=+0.029 | loss 3.0780 size 586.1 MB zeros 3.4%
gen 5 [18/100] k= 10 c=0.777 alpha=-0.280 beta=+0.446 | loss 5.7261 size 431.9 MB zeros 36.2%
gen 5 [19/100] k= 58 c=0.843 alpha=-0.035 beta=+0.068 | loss 3.1145 size 541.4 MB zeros 6.1%
gen 5 [20/100] k=  3 c=0.875 alpha=-0.049 beta=+0.059 | loss 17.4008 size 321.9 MB zeros 90.7%
gen 5 [21/100] k=  4 c=0.769 alpha=-0.124 beta=+0.167 | loss 17.3626 size 329.7 MB zeros 86.7%
gen 5 [22/100] k= 33 c=0.989 alpha=-0.413 beta=+0.418 | loss 3.9268 size 465.1 MB zeros 34.1%
gen 5 [23/100] k= 34 c=0.964 alpha=-0.203 beta=+0.438 | loss 3.4986 size 514.4 MB zeros 26.7%
gen 5 [24/100] k= 13 c=0.936 alpha=-0.636 beta=+0.819 | loss 12.7714 size 397.6 MB zeros 55.4%
gen 5 [25/100] k= 32 c=0.969 alpha=-0.617 beta=+0.626 | loss 6.9584 size 432.7 MB zeros 48.6%
gen 5 [26/100] k=183 c=0.982 alpha=-0.193 beta=+0.146 | loss 3.1165 size 624.2 MB zeros 14.4%
gen 5 [27/100] k= 33 c=0.867 alpha=-0.947 beta=+0.817 | loss 12.7521 size 398.5 MB zeros 63.9%
gen 5 [28/100] k= 29 c=0.710 alpha=-0.790 beta=+0.959 | loss 15.4076 size 399.5 MB zeros 63.4%
gen 5 [29/100] k= 32 c=0.835 alpha=-0.996 beta=+0.629 | loss 17.8490 size 408.7 MB zeros 59.4%
gen 5 [30/100] k=  4 c=0.769 alpha=-0.896 beta=+0.682 | loss 17.3626 size 329.7 MB zeros 86.7%
gen 5 [31/100] k= 18 c=0.983 alpha=-0.735 beta=+0.772 | loss 8.9253 size 414.0 MB zeros 56.9%
gen 5 [32/100] k=129 c=0.918 alpha=-0.037 beta=+0.033 | loss 3.0866 size 620.6 MB zeros 3.3%
gen 5 [33/100] k=  3 c=0.841 alpha=-0.999 beta=+0.977 | loss 16.7058 size 322.4 MB zeros 89.5%
gen 5 [34/100] k= 27 c=0.975 alpha=-0.401 beta=+0.428 | loss 4.1556 size 465.2 MB zeros 34.1%
gen 5 [35/100] k=102 c=0.904 alpha=-0.017 beta=+0.029 | loss 3.0843 size 586.1 MB zeros 3.4%
gen 5 [36/100] k= 13 c=0.937 alpha=-0.416 beta=+0.623 | loss 11.8183 size 420.8 MB zeros 42.4%
gen 5 [37/100] k= 28 c=0.935 alpha=-0.670 beta=+0.634 | loss 7.6124 size 428.3 MB zeros 50.6%
gen 5 [38/100] k= 32 c=0.968 alpha=-0.399 beta=+0.763 | loss 15.2042 size 440.5 MB zeros 45.1%
gen 5 [39/100] k= 19 c=0.872 alpha=-0.029 beta=+0.043 | loss 3.3963 size 495.2 MB zeros 17.7%
gen 5 [40/100] k= 32 c=0.974 alpha=-0.925 beta=+0.693 | loss 17.9187 size 407.9 MB zeros 59.7%
gen 5 [41/100] k=  9 c=0.757 alpha=-0.404 beta=+0.453 | loss 5.9877 size 401.5 MB zeros 37.6%
gen 5 [42/100] k=  3 c=0.864 alpha=-0.888 beta=+0.459 | loss 16.7572 size 322.1 MB zeros 90.3%
gen 5 [43/100] k=  4 c=0.947 alpha=-0.111 beta=+0.059 | loss 17.2350 size 324.2 MB zeros 92.8%
gen 5 [44/100] k= 32 c=0.964 alpha=-0.614 beta=+0.493 | loss 5.5619 size 443.1 MB zeros 43.9%
gen 5 [45/100] k=  3 c=0.872 alpha=-0.412 beta=+0.422 | loss 17.1020 size 322.0 MB zeros 90.6%
gen 5 [46/100] k=203 c=0.992 alpha=-0.053 beta=+0.435 | loss 3.5973 size 604.1 MB zeros 20.0%
gen 5 [47/100] k= 21 c=0.784 alpha=-0.895 beta=+0.920 | loss 10.5497 size 395.2 MB zeros 65.3%
gen 5 [48/100] k= 31 c=0.875 alpha=-0.626 beta=+0.626 | loss 7.1465 size 432.1 MB zeros 48.9%
gen 5 [49/100] k= 54 c=1.000 alpha=-0.356 beta=+0.421 | loss 3.7184 size 500.4 MB zeros 31.9%
gen 5 [50/100] k= 25 c=0.884 alpha=-0.318 beta=+0.148 | loss 3.4092 size 494.6 MB zeros 20.7%
gen 5 [51/100] k=  5 c=0.960 alpha=-0.888 beta=+0.626 | loss 15.6714 size 345.7 MB zeros 68.8%
gen 5 [52/100] k=  4 c=0.769 alpha=-0.848 beta=+0.454 | loss 17.3856 size 329.7 MB zeros 86.7%
gen 5 [53/100] k= 10 c=0.754 alpha=-0.390 beta=+0.945 | loss 15.5094 size 404.7 MB zeros 51.4%
gen 5 [54/100] k=  3 c=0.824 alpha=-0.040 beta=+0.383 | loss 17.4008 size 322.7 MB zeros 88.9%
gen 5 [55/100] k=181 c=0.966 alpha=-0.045 beta=+0.034 | loss 3.0606 size 630.8 MB zeros 3.5%
gen 5 [56/100] k= 16 c=0.966 alpha=-0.091 beta=+0.078 | loss 3.9568 size 449.0 MB zeros 24.7%
gen 5 [57/100] k= 30 c=0.975 alpha=-0.757 beta=+0.897 | loss 10.8641 size 405.1 MB zeros 60.9%
gen 5 [58/100] k= 29 c=0.952 alpha=-0.763 beta=+0.819 | loss 8.6165 size 409.4 MB zeros 59.0%
gen 5 [59/100] k= 43 c=0.975 alpha=-0.405 beta=+0.428 | loss 3.9138 size 494.6 MB zeros 34.1%
gen 5 [60/100] k= 68 c=0.827 alpha=-0.142 beta=+0.122 | loss 3.1633 size 586.1 MB zeros 11.3%
gen 5 [61/100] k= 17 c=0.837 alpha=-0.854 beta=+0.828 | loss 9.9106 size 386.0 MB zeros 61.8%
gen 5 [62/100] k=  4 c=0.978 alpha=-0.785 beta=+0.939 | loss 16.0091 size 323.5 MB zeros 93.5%
gen 5 [63/100] k= 43 c=0.993 alpha=-0.245 beta=+0.210 | loss 3.2784 size 534.2 MB zeros 19.4%
gen 5 [64/100] k=  8 c=0.836 alpha=-0.849 beta=+0.793 | loss 11.9371 size 369.0 MB zeros 61.8%
gen 5 [65/100] k=  4 c=0.707 alpha=-0.941 beta=+0.960 | loss 16.8941 size 332.3 MB zeros 83.7%
gen 5 [66/100] k= 30 c=0.974 alpha=-0.625 beta=+0.683 | loss 7.3884 size 428.1 MB zeros 50.7%
gen 5 [67/100] k= 33 c=0.850 alpha=-0.777 beta=+0.777 | loss 9.2039 size 411.2 MB zeros 58.2%
gen 5 [68/100] k= 57 c=0.928 alpha=-0.030 beta=+0.043 | loss 3.1813 size 541.4 MB zeros 6.2%
gen 5 [69/100] k= 27 c=0.750 alpha=-0.895 beta=+0.668 | loss 17.9136 size 411.3 MB zeros 58.2%
gen 5 [70/100] k= 17 c=0.857 alpha=-0.898 beta=+0.865 | loss 10.2198 size 382.1 MB zeros 64.0%
gen 5 [71/100] k= 21 c=0.874 alpha=-0.022 beta=+0.076 | loss 3.3330 size 496.1 MB zeros 16.1%
gen 5 [72/100] k= 67 c=0.995 alpha=-0.656 beta=+0.155 | loss 17.9338 size 530.5 MB zeros 32.1%
gen 5 [73/100] k=  3 c=0.876 alpha=-0.435 beta=+0.109 | loss 17.2982 size 321.9 MB zeros 90.7%
gen 5 [74/100] k=215 c=0.986 alpha=-0.042 beta=+0.077 | loss 3.0538 size 630.8 MB zeros 5.1%
gen 5 [75/100] k= 56 c=0.981 alpha=-0.042 beta=+0.024 | loss 3.1125 size 541.4 MB zeros 6.8%
gen 5 [76/100] k= 18 c=0.995 alpha=-0.044 beta=+0.085 | loss 3.7156 size 490.5 MB zeros 22.4%
gen 5 [77/100] k=  5 c=0.956 alpha=-0.994 beta=+0.901 | loss 14.7056 size 343.5 MB zeros 71.2%
gen 5 [78/100] k=  7 c=0.955 alpha=-0.553 beta=+0.996 | loss 14.9866 size 370.2 MB zeros 60.9%
gen 5 [79/100] k=  3 c=0.768 alpha=-0.884 beta=+0.643 | loss 17.4075 size 323.7 MB zeros 86.6%
gen 5 [80/100] k= 11 c=0.971 alpha=-0.854 beta=+0.820 | loss 11.8093 size 385.8 MB zeros 61.9%
gen 5 [81/100] k= 58 c=0.949 alpha=-0.057 beta=+0.027 | loss 3.1226 size 541.4 MB zeros 6.4%
gen 5 [82/100] k= 10 c=0.707 alpha=-0.404 beta=+0.442 | loss 5.3869 size 430.9 MB zeros 36.7%
gen 5 [83/100] k= 42 c=0.871 alpha=-0.062 beta=+0.045 | loss 3.1479 size 541.4 MB zeros 8.2%
gen 5 [84/100] k= 59 c=0.714 alpha=-0.938 beta=+0.960 | loss 11.2422 size 405.2 MB zeros 67.4%
gen 5 [85/100] k=  3 c=0.870 alpha=-0.641 beta=+0.139 | loss 17.1699 size 322.0 MB zeros 90.5%
gen 5 [86/100] k=  5 c=0.814 alpha=-0.039 beta=+0.052 | loss 13.4267 size 352.8 MB zeros 60.8%
gen 5 [87/100] k= 27 c=0.994 alpha=-0.731 beta=+0.393 | loss 18.1901 size 443.1 MB zeros 44.0%
gen 5 [88/100] k= 21 c=0.990 alpha=-0.407 beta=+0.391 | loss 4.1448 size 467.1 MB zeros 33.2%
gen 5 [89/100] k=  4 c=0.902 alpha=-0.700 beta=+0.945 | loss 16.9258 size 325.3 MB zeros 91.5%
gen 5 [90/100] k= 33 c=0.964 alpha=-0.617 beta=+0.421 | loss 6.4343 size 448.9 MB zeros 41.3%
gen 5 [91/100] k= 17 c=0.782 alpha=-0.103 beta=+0.086 | loss 3.5491 size 464.7 MB zeros 17.9%
gen 5 [92/100] k=  6 c=0.769 alpha=-0.884 beta=+0.932 | loss 13.0791 size 361.5 MB zeros 67.4%
gen 5 [93/100] k=171 c=0.702 alpha=-0.434 beta=+0.866 | loss 15.3629 size 499.3 MB zeros 49.3%
gen 5 [94/100] k=217 c=0.986 alpha=-0.161 beta=+0.072 | loss 3.0755 size 630.8 MB zeros 9.9%
gen 5 [95/100] k= 13 c=0.754 alpha=-0.005 beta=+0.751 | loss 15.5374 size 425.6 MB zeros 39.7%
gen 5 [96/100] k= 80 c=0.906 alpha=-0.395 beta=+0.074 | loss 3.2848 size 569.8 MB zeros 19.5%
gen 5 [97/100] k= 18 c=0.940 alpha=-0.431 beta=+0.413 | loss 4.5705 size 462.7 MB zeros 35.2%
gen 5 [98/100] k= 33 c=0.958 alpha=-0.138 beta=+0.148 | loss 3.1560 size 511.7 MB zeros 13.3%
gen 5 [99/100] k=  5 c=0.765 alpha=-0.971 beta=+0.946 | loss 11.9012 size 345.1 MB zeros 69.4%
gen 5 [100/100] k= 54 c=0.941 alpha=-0.432 beta=+0.393 | loss 3.9132 size 495.5 MB zeros 33.8%
=== generation 5/10 done in 162s (0 from cache), Pareto front has 46 points, best loss 3.0538, smallest 321.9 MB
gen 6 [1/100] k= 13 c=0.848 alpha=-0.008 beta=+0.023 | loss 3.9866 size 448.6 MB zeros 25.2%
gen 6 [2/100] k= 31 c=0.871 alpha=-0.839 beta=+0.098 | loss 17.8831 size 460.2 MB zeros 36.3%
gen 6 [3/100] k=  3 c=0.875 alpha=-0.983 beta=+0.925 | loss 17.4008 size 321.9 MB zeros 90.7%
gen 6 [4/100] k= 17 c=0.992 alpha=-0.103 beta=+0.072 | loss 3.6846 size 456.7 MB zeros 22.4%
gen 6 [5/100] k= 11 c=0.983 alpha=-0.755 beta=+0.772 | loss 9.8475 size 393.0 MB zeros 57.9%
gen 6 [6/100] k=  5 c=0.924 alpha=-0.945 beta=+0.985 | loss 16.7551 size 343.5 MB zeros 71.2%
gen 6 [7/100] k=  3 c=0.872 alpha=-0.105 beta=+0.769 | loss 17.1020 size 322.0 MB zeros 90.6%
gen 6 [8/100] k=  3 c=0.913 alpha=-0.443 beta=+0.110 | loss 17.1087 size 321.4 MB zeros 91.8%
gen 6 [9/100] k=  7 c=0.986 alpha=-0.930 beta=+0.077 | loss 17.9734 size 371.7 MB zeros 59.8%
gen 6 [10/100] k= 16 c=0.966 alpha=-0.718 beta=+0.740 | loss 8.8313 size 397.2 MB zeros 55.6%
gen 6 [11/100] k= 17 c=0.828 alpha=-0.854 beta=+0.828 | loss 9.9474 size 386.0 MB zeros 61.8%
gen 6 [12/100] k= 25 c=0.872 alpha=-0.318 beta=+0.148 | loss 3.3724 size 494.7 MB zeros 20.6%
gen 6 [13/100] k= 34 c=0.978 alpha=-0.930 beta=+0.980 | loss 10.3998 size 404.5 MB zeros 67.7%
gen 6 [14/100] k= 19 c=0.753 alpha=-0.383 beta=+0.397 | loss 4.3405 size 469.0 MB zeros 32.4%
gen 6 [15/100] k= 34 c=0.949 alpha=-0.688 beta=+0.713 | loss 7.8837 size 442.2 MB zeros 53.6%
gen 6 [16/100] k= 17 c=0.943 alpha=-0.431 beta=+0.391 | loss 4.3717 size 435.1 MB zeros 34.4%
gen 6 [17/100] k= 10 c=0.776 alpha=-0.404 beta=+0.453 | loss 5.7350 size 429.0 MB zeros 37.8%
gen 6 [18/100] k=  4 c=0.995 alpha=-0.014 beta=+0.162 | loss 16.1000 size 323.2 MB zeros 93.9%
gen 6 [19/100] k= 30 c=0.975 alpha=-0.776 beta=+0.990 | loss 15.2881 size 398.8 MB zeros 63.8%
gen 6 [20/100] k= 16 c=0.972 alpha=-0.035 beta=+0.797 | loss 15.5468 size 421.2 MB zeros 42.2%
gen 6 [21/100] k=  6 c=0.931 alpha=-0.121 beta=+0.042 | loss 15.5429 size 362.6 MB zeros 66.5%
gen 6 [22/100] k= 17 c=0.857 alpha=-0.049 beta=+0.943 | loss 15.4158 size 419.1 MB zeros 43.3%
gen 6 [23/100] k=  6 c=0.778 alpha=-0.895 beta=+0.943 | loss 11.8173 size 360.8 MB zeros 67.9%
gen 6 [24/100] k= 33 c=0.962 alpha=-0.617 beta=+0.431 | loss 5.2938 size 448.0 MB zeros 41.7%
gen 6 [25/100] k= 13 c=0.835 alpha=-0.878 beta=+0.792 | loss 11.2662 size 386.5 MB zeros 61.6%
gen 6 [26/100] k= 12 c=0.951 alpha=-0.042 beta=+0.024 | loss 5.1313 size 437.7 MB zeros 33.0%
gen 6 [27/100] k=  5 c=0.713 alpha=-0.975 beta=+0.994 | loss 12.1845 size 344.3 MB zeros 70.3%
gen 6 [28/100] k=  7 c=0.975 alpha=-0.787 beta=+0.019 | loss 17.9564 size 376.6 MB zeros 56.1%
gen 6 [29/100] k= 53 c=0.941 alpha=-0.159 beta=+0.173 | loss 3.1517 size 541.4 MB zeros 14.3%
gen 6 [30/100] k= 19 c=0.871 alpha=-0.029 beta=+0.036 | loss 3.3975 size 495.2 MB zeros 17.7%
gen 6 [31/100] k=  3 c=0.843 alpha=-0.024 beta=+0.068 | loss 16.7653 size 322.4 MB zeros 89.6%
gen 6 [32/100] k= 10 c=0.953 alpha=-0.473 beta=+0.815 | loss 15.0673 size 404.0 MB zeros 51.8%
gen 6 [33/100] k= 38 c=0.964 alpha=-0.138 beta=+0.148 | loss 3.1392 size 541.4 MB zeros 13.0%
gen 6 [34/100] k=103 c=0.951 alpha=-0.103 beta=+0.087 | loss 3.0764 size 586.1 MB zeros 8.2%
gen 6 [35/100] k=  9 c=0.757 alpha=-0.145 beta=+0.453 | loss 5.9023 size 403.7 MB zeros 35.9%
gen 6 [36/100] k= 19 c=0.885 alpha=-0.044 beta=+0.096 | loss 3.4131 size 495.1 MB zeros 18.0%
gen 6 [37/100] k= 21 c=0.974 alpha=-0.625 beta=+0.683 | loss 7.7350 size 427.9 MB zeros 50.7%
gen 6 [38/100] k= 39 c=0.918 alpha=-0.046 beta=+0.036 | loss 3.1370 size 541.4 MB zeros 9.0%
gen 6 [39/100] k= 80 c=0.965 alpha=-0.028 beta=+0.024 | loss 3.0780 size 586.1 MB zeros 4.7%
gen 6 [40/100] k=  3 c=0.971 alpha=-0.854 beta=+0.348 | loss 15.5865 size 320.7 MB zeros 93.4%
gen 6 [41/100] k= 58 c=0.964 alpha=-0.056 beta=+0.006 | loss 3.0937 size 541.4 MB zeros 6.5%
gen 6 [42/100] k= 19 c=0.953 alpha=-0.763 beta=+0.819 | loss 8.8412 size 409.3 MB zeros 59.0%
gen 6 [43/100] k=215 c=0.986 alpha=-0.040 beta=+0.079 | loss 3.0533 size 630.8 MB zeros 5.1%
gen 6 [44/100] k=  5 c=0.858 alpha=-0.941 beta=+0.960 | loss 12.6047 size 344.7 MB zeros 69.9%
gen 6 [45/100] k= 33 c=0.871 alpha=-0.026 beta=+0.065 | loss 3.1619 size 518.7 MB zeros 10.2%
gen 6 [46/100] k=215 c=0.987 alpha=-0.018 beta=+0.077 | loss 3.0547 size 630.8 MB zeros 4.2%
gen 6 [47/100] k=  4 c=0.852 alpha=-0.772 beta=+0.766 | loss 16.6216 size 326.8 MB zeros 89.9%
gen 6 [48/100] k= 13 c=0.971 alpha=-0.047 beta=+0.837 | loss 15.5343 size 415.9 MB zeros 45.2%
gen 6 [49/100] k=  5 c=0.957 alpha=-0.048 beta=+0.040 | loss 15.7211 size 346.6 MB zeros 67.7%
gen 6 [50/100] k=216 c=0.788 alpha=-0.040 beta=+0.077 | loss 3.1646 size 630.8 MB zeros 5.0%
gen 6 [51/100] k= 44 c=0.843 alpha=-0.023 beta=+0.068 | loss 3.1667 size 541.4 MB zeros 7.6%
gen 6 [52/100] k=  5 c=0.723 alpha=-0.636 beta=+0.603 | loss 12.5151 size 356.8 MB zeros 56.4%
gen 6 [53/100] k=  6 c=0.784 alpha=-0.807 beta=+0.943 | loss 15.1366 size 363.1 MB zeros 66.2%
gen 6 [54/100] k= 12 c=0.754 alpha=-0.145 beta=+0.141 | loss 4.4292 size 447.3 MB zeros 26.8%
gen 6 [55/100] k=216 c=0.707 alpha=-0.055 beta=+0.995 | loss 15.4693 size 542.6 MB zeros 37.2%
gen 6 [56/100] k= 51 c=0.861 alpha=-0.079 beta=+0.065 | loss 3.1395 size 541.4 MB zeros 7.1%
gen 6 [57/100] k= 42 c=0.871 alpha=-0.062 beta=+0.045 | loss 3.1506 size 541.4 MB zeros 8.2%
gen 6 [58/100] k= 14 c=0.844 alpha=-0.067 beta=+0.050 | loss 3.9454 size 448.7 MB zeros 25.1%
gen 6 [59/100] k= 17 c=0.882 alpha=-0.700 beta=+0.822 | loss 8.6298 size 394.2 MB zeros 57.3%
gen 6 [60/100] k= 16 c=0.874 alpha=-0.148 beta=+0.148 | loss 3.7130 size 450.5 MB zeros 22.5%
gen 6 [61/100] k= 34 c=0.975 alpha=-0.203 beta=+0.438 | loss 3.4970 size 514.4 MB zeros 26.7%
gen 6 [62/100] k=  9 c=0.758 alpha=-0.404 beta=+0.452 | loss 5.9566 size 401.5 MB zeros 37.5%
gen 6 [63/100] k= 68 c=0.961 alpha=-0.964 beta=+0.939 | loss 10.8195 size 419.4 MB zeros 67.5%
gen 6 [64/100] k=  4 c=0.942 alpha=-0.926 beta=+0.851 | loss 17.1805 size 324.3 MB zeros 92.6%
gen 6 [65/100] k= 59 c=0.865 alpha=-0.851 beta=+0.043 | loss 17.8679 size 494.9 MB zeros 34.0%
gen 6 [66/100] k= 19 c=0.996 alpha=-0.861 beta=+0.809 | loss 9.7094 size 403.8 MB zeros 61.5%
gen 6 [67/100] k= 13 c=0.948 alpha=-0.929 beta=+0.021 | loss 17.5282 size 412.2 MB zeros 47.2%
gen 6 [68/100] k= 11 c=0.874 alpha=-0.020 beta=+0.132 | loss 4.5159 size 441.9 MB zeros 30.6%
gen 6 [69/100] k=  8 c=0.708 alpha=-0.848 beta=+0.855 | loss 11.3152 size 367.4 MB zeros 63.0%
gen 6 [70/100] k=  6 c=0.973 alpha=-0.103 beta=+0.149 | loss 16.2587 size 360.1 MB zeros 68.4%
gen 6 [71/100] k=175 c=0.706 alpha=-0.404 beta=+0.442 | loss 4.7555 size 552.0 MB zeros 34.5%
gen 6 [72/100] k=  3 c=0.863 alpha=-0.888 beta=+0.454 | loss 16.7455 size 322.1 MB zeros 90.3%
gen 6 [73/100] k= 28 c=0.850 alpha=-0.011 beta=+0.851 | loss 15.3985 size 458.0 MB zeros 37.3%
gen 6 [74/100] k= 14 c=0.961 alpha=-0.937 beta=+0.939 | loss 12.1956 size 376.8 MB zeros 67.0%
gen 6 [75/100] k= 61 c=0.876 alpha=-0.435 beta=+0.109 | loss 3.3984 size 525.7 MB zeros 22.5%
gen 6 [76/100] k= 26 c=0.996 alpha=-0.854 beta=+0.425 | loss 18.1654 size 432.4 MB zeros 48.7%
gen 6 [77/100] k= 29 c=0.958 alpha=-0.201 beta=+0.438 | loss 3.5453 size 481.4 MB zeros 26.8%
gen 6 [78/100] k= 16 c=0.780 alpha=-0.058 beta=+0.029 | loss 3.7088 size 451.4 MB zeros 20.2%
gen 6 [79/100] k= 17 c=0.879 alpha=-0.554 beta=+0.148 | loss 17.6143 size 439.2 MB zeros 32.1%
gen 6 [80/100] k= 80 c=0.975 alpha=-0.053 beta=+0.016 | loss 3.0767 size 586.1 MB zeros 4.9%
gen 6 [81/100] k= 30 c=0.874 alpha=-0.002 beta=+0.084 | loss 3.1698 size 496.7 MB zeros 11.6%
gen 6 [82/100] k= 20 c=0.971 alpha=-0.846 beta=+0.824 | loss 9.6513 size 403.8 MB zeros 61.5%
gen 6 [83/100] k= 11 c=0.857 alpha=-0.900 beta=+0.886 | loss 10.5188 size 380.8 MB zeros 64.7%
gen 6 [84/100] k= 17 c=0.824 alpha=-0.025 beta=+0.862 | loss 15.4405 size 423.5 MB zeros 40.9%
gen 6 [85/100] k= 67 c=0.949 alpha=-0.116 beta=+0.162 | loss 3.1167 size 586.1 MB zeros 12.0%
gen 6 [86/100] k= 11 c=0.983 alpha=-0.735 beta=+0.772 | loss 9.6541 size 394.0 MB zeros 57.4%
gen 6 [87/100] k=  3 c=0.705 alpha=-0.434 beta=+0.984 | loss 16.8777 size 325.1 MB zeros 83.6%
gen 6 [88/100] k= 25 c=0.890 alpha=-0.321 beta=+0.146 | loss 3.3996 size 494.5 MB zeros 20.7%
gen 6 [89/100] k= 57 c=0.714 alpha=-0.029 beta=+0.043 | loss 3.3583 size 541.4 MB zeros 4.8%
gen 6 [90/100] k= 18 c=0.765 alpha=-0.971 beta=+0.946 | loss 12.0157 size 389.6 MB zeros 67.9%
gen 6 [91/100] k=  5 c=0.944 alpha=-0.930 beta=+0.901 | loss 16.1533 size 344.6 MB zeros 70.0%
gen 6 [92/100] k= 17 c=0.854 alpha=-0.900 beta=+0.865 | loss 10.2682 size 382.0 MB zeros 64.1%
gen 6 [93/100] k=  6 c=0.784 alpha=-0.905 beta=+0.920 | loss 11.3981 size 361.1 MB zeros 67.7%
gen 6 [94/100] k= 14 c=0.930 alpha=-0.636 beta=+0.443 | loss 15.8222 size 418.5 MB zeros 43.7%
gen 6 [95/100] k= 17 c=0.902 alpha=-0.582 beta=+0.441 | loss 5.5681 size 422.8 MB zeros 41.3%
gen 6 [96/100] k= 25 c=0.750 alpha=-0.945 beta=+0.956 | loss 11.3217 size 390.5 MB zeros 67.5%
gen 6 [97/100] k= 14 c=0.819 alpha=-0.411 beta=+0.429 | loss 4.6851 size 433.3 MB zeros 35.4%
gen 6 [98/100] k= 34 c=0.963 alpha=-0.111 beta=+0.074 | loss 3.1465 size 541.4 MB zeros 11.4%
gen 6 [99/100] k= 31 c=0.996 alpha=-0.445 beta=+0.755 | loss 15.0879 size 437.2 MB zeros 46.6%
gen 6 [100/100] k=  4 c=0.997 alpha=-0.854 beta=+0.718 | loss 16.0197 size 323.1 MB zeros 94.0%
=== generation 6/10 done in 162s (0 from cache), Pareto front has 53 points, best loss 3.0533, smallest 320.7 MB
gen 7 [1/100] k= 27 c=0.838 alpha=-0.010 beta=+0.022 | loss 3.2340 size 496.7 MB zeros 12.0%
gen 7 [2/100] k= 25 c=0.887 alpha=-0.318 beta=+0.932 | loss 15.3630 size 437.0 MB zeros 46.7%
gen 7 [3/100] k=  5 c=0.855 alpha=-0.941 beta=+0.979 | loss 13.2067 size 344.4 MB zeros 70.2%
gen 7 [4/100] k= 18 c=0.842 alpha=-0.993 beta=+0.977 | loss 11.3900 size 386.7 MB zeros 69.2%
gen 7 [5/100] k= 39 c=0.918 alpha=-0.106 beta=+0.036 | loss 3.1382 size 541.4 MB zeros 9.6%
gen 7 [6/100] k=  3 c=0.960 alpha=-0.854 beta=+0.348 | loss 15.9860 size 320.8 MB zeros 93.1%
gen 7 [7/100] k= 12 c=0.877 alpha=-0.405 beta=+0.148 | loss 4.6002 size 437.4 MB zeros 33.1%
gen 7 [8/100] k=  8 c=0.877 alpha=-0.698 beta=+0.821 | loss 14.7211 size 373.0 MB zeros 58.8%
gen 7 [9/100] k= 68 c=0.708 alpha=-0.896 beta=+0.855 | loss 10.1513 size 431.5 MB zeros 63.7%
gen 7 [10/100] k= 79 c=0.978 alpha=-0.443 beta=+0.110 | loss 3.3954 size 559.5 MB zeros 22.8%
gen 7 [11/100] k=204 c=0.989 alpha=-0.087 beta=+0.142 | loss 3.0703 size 630.8 MB zeros 9.7%
gen 7 [12/100] k=  5 c=0.716 alpha=-0.975 beta=+0.994 | loss 12.3885 size 344.3 MB zeros 70.3%
gen 7 [13/100] k= 17 c=0.956 alpha=-0.920 beta=+0.903 | loss 10.7621 size 379.3 MB zeros 65.6%
gen 7 [15/100] k=  3 c=0.991 alpha=-0.914 beta=+0.096 | loss 16.0161 size 320.5 MB zeros 93.8%
gen 7 [16/100] k= 27 c=0.966 alpha=-0.055 beta=+0.097 | loss 3.3338 size 496.6 MB zeros 13.7%
gen 7 [17/100] k= 10 c=0.874 alpha=-0.020 beta=+0.132 | loss 6.3297 size 430.1 MB zeros 37.2%
gen 7 [18/100] k= 68 c=0.786 alpha=-0.039 beta=+0.035 | loss 3.1626 size 586.1 MB zeros 4.5%
gen 7 [19/100] k=  6 c=0.784 alpha=-0.902 beta=+0.969 | loss 11.9916 size 359.8 MB zeros 68.6%
gen 7 [20/100] k=237 c=0.986 alpha=-0.042 beta=+0.077 | loss 3.0554 size 630.8 MB zeros 5.1%
gen 7 [21/100] k=102 c=0.950 alpha=-0.058 beta=+0.181 | loss 3.0896 size 586.1 MB zeros 10.3%
gen 7 [22/100] k= 17 c=0.902 alpha=-0.700 beta=+0.012 | loss 17.6336 size 430.3 MB zeros 37.1%
gen 7 [23/100] k= 33 c=0.960 alpha=-0.138 beta=+0.731 | loss 15.3174 size 464.9 MB zeros 34.2%
gen 7 [24/100] k=  6 c=0.902 alpha=-0.700 beta=+0.627 | loss 13.9084 size 364.5 MB zeros 65.2%
gen 7 [25/100] k= 45 c=0.754 alpha=-0.405 beta=+0.436 | loss 4.5066 size 494.0 MB zeros 34.3%
gen 7 [26/100] k=  8 c=0.872 alpha=-0.847 beta=+0.854 | loss 12.2087 size 366.8 MB zeros 63.5%
gen 7 [27/100] k= 17 c=0.902 alpha=-0.592 beta=+0.441 | loss 5.6914 size 422.2 MB zeros 41.6%
gen 7 [28/100] k= 32 c=0.963 alpha=-0.648 beta=+0.162 | loss 18.0007 size 468.6 MB zeros 32.6%
gen 7 [29/100] k= 58 c=0.961 alpha=-0.918 beta=+0.046 | loss 17.9030 size 489.1 MB zeros 36.2%
gen 7 [30/100] k= 10 c=0.783 alpha=-0.404 beta=+0.405 | loss 5.7719 size 431.2 MB zeros 36.6%
gen 7 [31/100] k= 19 c=0.950 alpha=-0.865 beta=+0.025 | loss 17.8172 size 449.3 MB zeros 41.2%
gen 7 [32/100] k= 13 c=0.935 alpha=-0.636 beta=+0.989 | loss 15.6157 size 389.8 MB zeros 59.7%
gen 7 [33/100] k= 27 c=0.971 alpha=-0.887 beta=+0.348 | loss 18.0226 size 437.0 MB zeros 46.7%
gen 7 [34/100] k= 11 c=0.784 alpha=-0.905 beta=+0.797 | loss 11.6093 size 384.9 MB zeros 62.4%
gen 7 [35/100] k= 32 c=0.913 alpha=-0.475 beta=+0.110 | loss 9.6622 size 485.4 MB zeros 25.0%
gen 7 [36/100] k= 27 c=0.877 alpha=-0.057 beta=+0.065 | loss 3.2414 size 496.7 MB zeros 12.5%
gen 7 [37/100] k= 27 c=0.918 alpha=-0.036 beta=+0.150 | loss 3.2268 size 496.6 MB zeros 13.7%
gen 7 [38/100] k= 17 c=0.759 alpha=-0.854 beta=+0.963 | loss 11.4705 size 379.8 MB zeros 65.3%
gen 7 [39/100] k=  5 c=0.700 alpha=-0.067 beta=+0.002 | loss 12.7061 size 358.5 MB zeros 54.5%
gen 7 [40/100] k= 12 c=0.977 alpha=-0.925 beta=+0.990 | loss 11.0427 size 375.0 MB zeros 68.0%
gen 7 [41/100] k= 13 c=0.755 alpha=-0.746 beta=+0.732 | loss 9.3388 size 396.3 MB zeros 56.1%
gen 7 [42/100] k=216 c=0.989 alpha=-0.042 beta=+0.217 | loss 3.1119 size 630.8 MB zeros 11.0%
gen 7 [43/100] k= 20 c=0.858 alpha=-0.954 beta=+0.446 | loss 18.0938 size 424.8 MB zeros 52.1%
gen 7 [44/100] k= 13 c=0.958 alpha=-0.994 beta=+0.901 | loss 11.5877 size 376.1 MB zeros 67.4%
gen 7 [45/100] k= 30 c=0.874 alpha=-0.866 beta=+0.904 | loss 11.1411 size 397.9 MB zeros 64.2%
gen 7 [46/100] k=  4 c=0.959 alpha=-0.925 beta=+0.164 | loss 16.0074 size 323.9 MB zeros 93.1%
gen 7 [47/100] k=  9 c=0.750 alpha=-0.395 beta=+0.453 | loss 6.0653 size 401.9 MB zeros 37.3%
gen 7 [48/100] k=  8 c=0.727 alpha=-0.036 beta=+0.036 | loss 8.7006 size 397.4 MB zeros 40.6%
gen 7 [49/100] k= 10 c=0.776 alpha=-0.137 beta=+0.453 | loss 5.7219 size 431.6 MB zeros 36.4%
gen 7 [50/100] k=  8 c=0.982 alpha=-0.927 beta=+0.981 | loss 10.8955 size 359.8 MB zeros 68.7%
gen 7 [51/100] k=  8 c=0.963 alpha=-0.039 beta=+0.116 | loss 12.3711 size 383.5 MB zeros 51.0%
gen 7 [52/100] k=  5 c=0.914 alpha=-0.071 beta=+0.023 | loss 14.8156 size 348.4 MB zeros 65.7%
gen 7 [53/100] k= 58 c=0.843 alpha=-0.035 beta=+0.028 | loss 3.1166 size 541.4 MB zeros 5.7%
gen 7 [54/100] k= 17 c=0.902 alpha=-0.622 beta=+0.447 | loss 5.7553 size 420.0 MB zeros 42.8%
gen 7 [55/100] k= 14 c=0.831 alpha=-0.411 beta=+0.429 | loss 4.5368 size 433.3 MB zeros 35.4%
gen 7 [56/100] k=  5 c=0.971 alpha=-0.990 beta=+0.826 | loss 14.5683 size 343.9 MB zeros 70.7%
gen 7 [57/100] k= 13 c=0.806 alpha=-0.706 beta=+0.777 | loss 8.7785 size 396.0 MB zeros 56.2%
gen 7 [58/100] k=215 c=0.882 alpha=-0.013 beta=+0.438 | loss 3.8296 size 609.0 MB zeros 18.6%
gen 7 [59/100] k= 16 c=0.874 alpha=-0.054 beta=+0.045 | loss 3.7104 size 450.5 MB zeros 22.5%
gen 7 [60/100] k= 33 c=0.871 alpha=-0.001 beta=+0.085 | loss 3.1618 size 518.7 MB zeros 10.2%
gen 7 [61/100] k= 16 c=0.989 alpha=-0.058 beta=+0.150 | loss 3.8996 size 448.6 MB zeros 25.2%
gen 7 [62/100] k= 34 c=0.877 alpha=-0.057 beta=+0.148 | loss 3.1568 size 541.4 MB zeros 11.8%
gen 7 [63/100] k= 58 c=0.964 alpha=-0.056 beta=+0.004 | loss 3.0937 size 541.4 MB zeros 6.5%
gen 7 [64/100] k=  3 c=0.850 alpha=-0.001 beta=+0.704 | loss 16.3486 size 322.3 MB zeros 89.9%
gen 7 [65/100] k= 16 c=0.966 alpha=-0.718 beta=+0.199 | loss 17.5421 size 425.4 MB zeros 39.8%
gen 7 [66/100] k= 12 c=0.766 alpha=-0.131 beta=+0.215 | loss 4.5426 size 446.9 MB zeros 27.2%
gen 7 [67/100] k=  9 c=0.701 alpha=-0.900 beta=+0.886 | loss 11.6504 size 365.0 MB zeros 64.8%
gen 7 [68/100] k=  6 c=0.835 alpha=-0.982 beta=+0.977 | loss 12.0777 size 356.9 MB zeros 70.8%
gen 7 [69/100] k= 65 c=0.974 alpha=-0.023 beta=+0.683 | loss 15.3946 size 508.0 MB zeros 29.1%
gen 7 [70/100] k=  4 c=0.843 alpha=-0.036 beta=+0.959 | loss 16.7848 size 327.1 MB zeros 89.6%
gen 7 [71/100] k=  9 c=0.766 alpha=-0.338 beta=+0.453 | loss 5.9918 size 403.1 MB zeros 36.4%
gen 7 [72/100] k=117 c=0.857 alpha=-0.092 beta=+0.878 | loss 15.4479 size 518.6 MB zeros 35.8%
gen 7 [73/100] k= 24 c=0.996 alpha=-0.917 beta=+0.648 | loss 18.2696 size 411.4 MB zeros 58.1%
gen 7 [74/100] k=  3 c=0.890 alpha=-0.321 beta=+0.146 | loss 17.3629 size 321.7 MB zeros 91.1%
gen 7 [75/100] k= 32 c=0.756 alpha=-0.971 beta=+0.935 | loss 10.7590 size 390.2 MB zeros 67.6%
gen 7 [76/100] k=  6 c=0.836 alpha=-0.849 beta=+0.924 | loss 13.3673 size 361.7 MB zeros 67.3%
gen 7 [77/100] k= 11 c=0.874 alpha=-0.031 beta=+0.132 | loss 4.5159 size 441.9 MB zeros 30.6%
gen 7 [78/100] k= 53 c=0.938 alpha=-0.242 beta=+0.198 | loss 3.2121 size 536.1 MB zeros 18.6%
gen 7 [79/100] k= 40 c=0.958 alpha=-0.138 beta=+0.015 | loss 3.1232 size 541.4 MB zeros 10.9%
gen 7 [80/100] k=  3 c=0.815 alpha=-0.971 beta=+0.828 | loss 17.6456 size 322.9 MB zeros 88.6%
gen 7 [81/100] k= 58 c=0.995 alpha=-0.934 beta=+0.989 | loss 10.5017 size 403.6 MB zeros 68.0%
gen 7 [82/100] k= 19 c=0.846 alpha=-0.394 beta=+0.429 | loss 4.2881 size 465.3 MB zeros 34.0%
gen 7 [83/100] k= 10 c=0.707 alpha=-0.404 beta=+0.956 | loss 15.5455 size 404.1 MB zeros 51.7%
gen 7 [84/100] k= 41 c=0.958 alpha=-0.192 beta=+0.438 | loss 3.4524 size 516.0 MB zeros 26.1%
gen 7 [85/100] k=  5 c=0.969 alpha=-0.978 beta=+0.956 | loss 14.7919 size 342.9 MB zeros 71.9%
gen 7 [86/100] k= 11 c=0.940 alpha=-0.017 beta=+0.726 | loss 15.1999 size 417.6 MB zeros 44.2%
gen 7 [87/100] k= 17 c=0.936 alpha=-0.637 beta=+0.828 | loss 15.1958 size 397.4 MB zeros 55.5%
gen 7 [88/100] k= 11 c=0.857 alpha=-0.448 beta=+0.886 | loss 15.5367 size 404.9 MB zeros 51.3%
gen 7 [89/100] k= 33 c=0.871 alpha=-0.042 beta=+0.085 | loss 3.1616 size 518.7 MB zeros 10.2%
gen 7 [90/100] k= 23 c=0.986 alpha=-0.126 beta=+0.077 | loss 3.3204 size 495.9 MB zeros 16.5%
gen 7 [91/100] k=  5 c=0.956 alpha=-0.974 beta=+0.901 | loss 15.0764 size 343.8 MB zeros 70.9%
gen 7 [92/100] k= 16 c=0.710 alpha=-0.714 beta=+0.607 | loss 8.6176 size 405.2 MB zeros 51.1%
gen 7 [93/100] k= 13 c=0.872 alpha=-0.698 beta=+0.184 | loss 17.6141 size 425.4 MB zeros 39.8%
gen 7 [94/100] k= 32 c=0.970 alpha=-0.630 beta=+0.636 | loss 7.1104 size 431.0 MB zeros 49.4%
gen 7 [95/100] k= 58 c=0.843 alpha=-0.035 beta=+0.068 | loss 3.1157 size 541.4 MB zeros 6.1%
gen 7 [96/100] k=  3 c=0.913 alpha=-0.895 beta=+0.110 | loss 17.1087 size 321.4 MB zeros 91.8%
gen 7 [97/100] k=204 c=0.989 alpha=-0.014 beta=+0.149 | loss 3.0715 size 630.8 MB zeros 7.3%
gen 7 [98/100] k=210 c=0.940 alpha=-0.398 beta=+0.391 | loss 3.7596 size 559.7 MB zeros 32.4%
gen 7 [99/100] k=  8 c=0.836 alpha=-0.849 beta=+0.737 | loss 11.3050 size 370.9 MB zeros 60.4%
gen 7 [100/100] k= 17 c=0.902 alpha=-0.522 beta=+0.693 | loss 10.2337 size 411.4 MB zeros 47.7%
=== generation 7/10 done in 161s (1 from cache), Pareto front has 62 points, best loss 3.0533, smallest 320.5 MB
gen 8 [1/100] k=  4 c=0.960 alpha=-0.854 beta=+0.348 | loss 15.9860 size 323.9 MB zeros 93.1%
gen 8 [2/100] k=  6 c=0.767 alpha=-0.962 beta=+0.946 | loss 12.3425 size 359.0 MB zeros 69.3%
gen 8 [3/100] k= 10 c=0.776 alpha=-0.373 beta=+0.453 | loss 5.6884 size 430.3 MB zeros 37.1%
gen 8 [4/100] k= 33 c=0.763 alpha=-0.408 beta=+0.453 | loss 4.5801 size 462.8 MB zeros 35.1%
gen 8 [5/100] k=203 c=0.986 alpha=-0.925 beta=+0.963 | loss 10.8477 size 435.3 MB zeros 67.2%
gen 8 [6/100] k=  5 c=0.877 alpha=-0.138 beta=+0.169 | loss 13.0553 size 350.0 MB zeros 64.0%
gen 8 [7/100] k= 59 c=0.843 alpha=-0.024 beta=+0.084 | loss 3.1233 size 541.4 MB zeros 6.5%
gen 8 [8/100] k= 13 c=0.845 alpha=-0.772 beta=+0.772 | loss 9.8261 size 392.7 MB zeros 58.1%
gen 8 [9/100] k=  9 c=0.749 alpha=-0.062 beta=+0.466 | loss 6.0003 size 403.4 MB zeros 36.1%
gen 8 [10/100] k= 17 c=0.837 alpha=-0.854 beta=+0.899 | loss 10.6437 size 382.6 MB zeros 63.7%
gen 8 [11/100] k= 13 c=0.835 alpha=-0.708 beta=+0.023 | loss 17.5658 size 425.8 MB zeros 39.6%
gen 8 [12/100] k=  3 c=0.976 alpha=-0.854 beta=+0.445 | loss 15.6279 size 320.7 MB zeros 93.5%
gen 8 [13/100] k=  5 c=0.971 alpha=-0.998 beta=+0.788 | loss 14.3165 size 344.0 MB zeros 70.7%
gen 8 [14/100] k= 33 c=0.883 alpha=-0.001 beta=+0.085 | loss 3.1631 size 518.4 MB zeros 10.3%
gen 8 [15/100] k=  3 c=0.991 alpha=-0.914 beta=+0.096 | loss 16.0161 size 320.5 MB zeros 93.8%
gen 8 [16/100] k= 12 c=0.999 alpha=-0.925 beta=+0.955 | loss 11.7403 size 376.5 MB zeros 67.2%
gen 8 [17/100] k=  5 c=0.728 alpha=-0.927 beta=+0.981 | loss 12.2714 size 345.5 MB zeros 69.0%
gen 8 [18/100] k=  3 c=0.713 alpha=-0.898 beta=+0.925 | loss 16.8111 size 324.9 MB zeros 84.0%
gen 8 [19/100] k=  8 c=0.892 alpha=-0.592 beta=+0.469 | loss 11.3837 size 385.5 MB zeros 49.5%
gen 8 [20/100] k= 11 c=0.971 alpha=-0.735 beta=+0.778 | loss 10.4678 size 393.8 MB zeros 57.5%
gen 8 [21/100] k= 53 c=0.941 alpha=-0.152 beta=+0.005 | loss 3.1261 size 541.4 MB zeros 10.0%
gen 8 [22/100] k= 10 c=0.836 alpha=-0.976 beta=+0.855 | loss 11.5005 size 378.7 MB zeros 65.9%
gen 8 [23/100] k=  6 c=0.784 alpha=-0.914 beta=+0.404 | loss 17.9157 size 366.8 MB zeros 63.5%
gen 8 [24/100] k=215 c=0.991 alpha=-0.067 beta=+0.079 | loss 3.0553 size 630.8 MB zeros 6.2%
gen 8 [25/100] k= 10 c=0.707 alpha=-0.923 beta=+0.288 | loss 17.5684 size 409.7 MB zeros 48.6%
gen 8 [26/100] k= 15 c=0.757 alpha=-0.404 beta=+0.453 | loss 5.2553 size 433.2 MB zeros 35.5%
gen 8 [27/100] k= 17 c=0.971 alpha=-0.854 beta=+0.840 | loss 9.9611 size 385.4 MB zeros 62.2%
gen 8 [28/100] k=  5 c=0.856 alpha=-0.941 beta=+0.979 | loss 13.2253 size 344.4 MB zeros 70.2%
gen 8 [29/100] k=  3 c=0.996 alpha=-0.914 beta=+0.096 | loss 16.0908 size 320.5 MB zeros 94.0%
gen 8 [30/100] k= 17 c=0.985 alpha=-0.811 beta=+0.180 | loss 17.6086 size 422.9 MB zeros 41.2%
gen 8 [31/100] k=  5 c=0.964 alpha=-0.898 beta=+0.867 | loss 14.8338 size 344.9 MB zeros 69.7%
gen 8 [32/100] k= 18 c=0.762 alpha=-0.338 beta=+0.829 | loss 15.3949 size 440.9 MB zeros 44.9%
gen 8 [33/100] k= 13 c=0.938 alpha=-0.636 beta=+0.755 | loss 8.2311 size 400.8 MB zeros 53.6%
gen 8 [34/100] k= 52 c=0.941 alpha=-0.044 beta=+0.173 | loss 3.1236 size 541.4 MB zeros 11.0%
gen 8 [35/100] k= 31 c=0.890 alpha=-0.691 beta=+0.709 | loss 8.0073 size 421.5 MB zeros 53.6%
gen 8 [36/100] k= 37 c=0.831 alpha=-0.403 beta=+0.436 | loss 3.9858 size 494.1 MB zeros 34.3%
gen 8 [37/100] k= 17 c=0.845 alpha=-0.431 beta=+0.391 | loss 4.4671 size 435.5 MB zeros 34.2%
gen 8 [38/100] k=  5 c=0.956 alpha=-0.975 beta=+0.955 | loss 14.6209 size 343.1 MB zeros 71.6%
gen 8 [39/100] k= 10 c=0.994 alpha=-0.404 beta=+0.404 | loss 7.3830 size 422.1 MB zeros 41.7%
gen 8 [40/100] k=  5 c=0.849 alpha=-0.756 beta=+0.772 | loss 12.3843 size 350.1 MB zeros 63.8%
gen 8 [41/100] k= 32 c=0.952 alpha=-0.404 beta=+0.453 | loss 4.0118 size 463.1 MB zeros 35.0%
gen 8 [42/100] k=  5 c=0.808 alpha=-0.978 beta=+0.958 | loss 12.1657 size 344.5 MB zeros 70.1%
gen 8 [43/100] k= 71 c=0.964 alpha=-0.059 beta=+0.007 | loss 3.0765 size 586.1 MB zeros 5.5%
gen 8 [44/100] k=  3 c=0.716 alpha=-0.975 beta=+0.977 | loss 16.9071 size 324.8 MB zeros 84.2%
gen 8 [45/100] k= 58 c=0.843 alpha=-0.035 beta=+0.076 | loss 3.1115 size 541.4 MB zeros 6.4%
gen 8 [46/100] k= 11 c=0.983 alpha=-0.735 beta=+0.719 | loss 10.1767 size 396.7 MB zeros 55.9%
gen 8 [47/100] k=  3 c=0.971 alpha=-0.866 beta=+0.384 | loss 15.5865 size 320.7 MB zeros 93.4%
gen 8 [48/100] k=  3 c=0.874 alpha=-0.834 beta=+0.365 | loss 17.3146 size 321.9 MB zeros 90.6%
gen 8 [49/100] k= 10 c=0.878 alpha=-0.318 beta=+0.145 | loss 6.2603 size 429.9 MB zeros 37.3%
gen 8 [50/100] k= 97 c=0.950 alpha=-0.058 beta=+0.029 | loss 3.0746 size 586.1 MB zeros 4.5%
gen 8 [51/100] k= 33 c=0.871 alpha=-0.048 beta=+0.085 | loss 3.1616 size 518.7 MB zeros 10.2%
gen 8 [53/100] k=  3 c=0.958 alpha=-0.133 beta=+0.148 | loss 16.2230 size 320.9 MB zeros 93.0%
gen 8 [54/100] k= 18 c=0.961 alpha=-0.040 beta=+0.063 | loss 3.6171 size 491.5 MB zeros 21.7%
gen 8 [55/100] k= 17 c=0.856 alpha=-0.956 beta=+0.979 | loss 11.5962 size 374.4 MB zeros 68.3%
gen 8 [56/100] k= 39 c=0.727 alpha=-0.036 beta=+0.068 | loss 3.3540 size 541.4 MB zeros 7.2%
gen 8 [57/100] k= 12 c=0.758 alpha=-0.156 beta=+0.068 | loss 4.4303 size 447.2 MB zeros 26.9%
gen 8 [58/100] k=  3 c=0.854 alpha=-0.400 beta=+0.038 | loss 16.8413 size 322.2 MB zeros 90.0%
gen 8 [59/100] k=  5 c=0.956 alpha=-0.994 beta=+0.830 | loss 15.0525 size 344.1 MB zeros 70.5%
gen 8 [60/100] k= 17 c=0.902 alpha=-0.011 beta=+0.700 | loss 15.5590 size 430.3 MB zeros 37.1%
gen 8 [61/100] k= 20 c=0.902 alpha=-0.622 beta=+0.351 | loss 16.2005 size 453.7 MB zeros 39.2%
gen 8 [62/100] k=204 c=0.989 alpha=-0.087 beta=+0.142 | loss 3.0703 size 630.8 MB zeros 9.7%
gen 8 [63/100] k= 13 c=0.846 alpha=-0.746 beta=+0.775 | loss 8.7276 size 393.9 MB zeros 57.4%
gen 8 [64/100] k= 17 c=0.956 alpha=-0.968 beta=+0.903 | loss 10.9288 size 377.2 MB zeros 66.8%
gen 8 [65/100] k= 15 c=0.858 alpha=-0.941 beta=+0.960 | loss 11.3312 size 375.9 MB zeros 67.5%
gen 8 [66/100] k=  8 c=0.970 alpha=-0.975 beta=+0.994 | loss 12.5703 size 358.0 MB zeros 70.0%
gen 8 [67/100] k= 68 c=0.995 alpha=-0.115 beta=+0.220 | loss 3.1484 size 585.4 MB zeros 14.3%
gen 8 [68/100] k=  7 c=0.977 alpha=-0.925 beta=+0.784 | loss 17.4025 size 366.0 MB zeros 64.0%
gen 8 [69/100] k= 21 c=0.983 alpha=-0.854 beta=+0.823 | loss 9.5838 size 403.4 MB zeros 61.7%
gen 8 [70/100] k=  9 c=0.757 alpha=-0.145 beta=+0.426 | loss 5.8726 size 404.8 MB zeros 35.1%
gen 8 [71/100] k= 58 c=0.964 alpha=-0.063 beta=+0.174 | loss 3.1077 size 541.4 MB zeros 10.8%
gen 8 [72/100] k=  5 c=0.949 alpha=-0.640 beta=+0.901 | loss 16.3808 size 345.9 MB zeros 68.5%
gen 8 [73/100] k= 17 c=0.940 alpha=-0.458 beta=+0.907 | loss 15.4655 size 404.5 MB zeros 51.5%
gen 8 [74/100] k= 38 c=0.852 alpha=-0.910 beta=+0.865 | loss 10.1817 size 413.6 MB zeros 64.3%
gen 8 [75/100] k= 11 c=0.977 alpha=-0.406 beta=+0.990 | loss 15.5162 size 401.7 MB zeros 53.1%
gen 8 [76/100] k=  5 c=0.858 alpha=-0.858 beta=+0.952 | loss 14.0369 size 346.1 MB zeros 68.3%
gen 8 [77/100] k= 11 c=0.874 alpha=-0.031 beta=+0.132 | loss 4.5134 size 441.9 MB zeros 30.6%
gen 8 [78/100] k=215 c=0.957 alpha=-0.119 beta=+0.801 | loss 15.4653 size 550.9 MB zeros 34.8%
gen 8 [79/100] k= 17 c=0.857 alpha=-0.976 beta=+0.824 | loss 18.0409 size 380.7 MB zeros 64.8%
gen 8 [80/100] k=  9 c=0.841 alpha=-0.854 beta=+0.452 | loss 17.7918 size 383.0 MB zeros 51.4%
gen 8 [81/100] k= 18 c=0.867 alpha=-0.622 beta=+0.470 | loss 5.8398 size 443.9 MB zeros 43.6%
gen 8 [82/100] k= 82 c=0.990 alpha=-0.159 beta=+0.023 | loss 3.1040 size 586.1 MB zeros 9.1%
gen 8 [83/100] k= 17 c=0.902 alpha=-0.411 beta=+0.137 | loss 3.9165 size 447.7 MB zeros 27.4%
gen 8 [84/100] k=  4 c=0.941 alpha=-0.746 beta=+0.777 | loss 17.1464 size 324.4 MB zeros 92.6%
gen 8 [85/100] k= 18 c=0.867 alpha=-0.903 beta=+0.837 | loss 9.8757 size 399.6 MB zeros 63.4%
gen 8 [86/100] k=204 c=0.745 alpha=-0.035 beta=+0.142 | loss 3.2487 size 630.8 MB zeros 7.6%
gen 8 [87/100] k= 14 c=0.783 alpha=-0.905 beta=+0.920 | loss 10.8683 size 379.2 MB zeros 65.7%
gen 8 [88/100] k= 10 c=0.782 alpha=-0.138 beta=+0.148 | loss 5.6295 size 436.2 MB zeros 33.8%
gen 8 [89/100] k=  6 c=0.953 alpha=-0.999 beta=+0.977 | loss 15.3505 size 354.9 MB zeros 72.3%
gen 8 [90/100] k= 10 c=0.873 alpha=-0.033 beta=+0.150 | loss 6.3706 size 430.2 MB zeros 37.2%
gen 8 [91/100] k= 13 c=0.806 alpha=-0.706 beta=+0.793 | loss 8.8822 size 395.2 MB zeros 56.7%
gen 8 [92/100] k= 53 c=0.941 alpha=-0.173 beta=+0.186 | loss 3.1693 size 541.3 MB zeros 15.3%
gen 8 [93/100] k=102 c=0.950 alpha=-0.040 beta=+0.033 | loss 3.0692 size 586.1 MB zeros 3.8%
gen 8 [94/100] k= 33 c=0.957 alpha=-0.042 beta=+0.085 | loss 3.1478 size 516.5 MB zeros 11.1%
gen 8 [95/100] k= 24 c=0.757 alpha=-0.395 beta=+0.457 | loss 4.2739 size 463.4 MB zeros 34.9%
gen 8 [96/100] k= 12 c=0.754 alpha=-0.153 beta=+0.447 | loss 4.5593 size 439.1 MB zeros 32.2%
gen 8 [97/100] k=215 c=0.986 alpha=-0.115 beta=+0.079 | loss 3.0632 size 630.8 MB zeros 8.3%
gen 8 [98/100] k= 10 c=0.754 alpha=-0.411 beta=+0.404 | loss 5.6319 size 431.6 MB zeros 36.3%
gen 8 [99/100] k=  9 c=0.757 alpha=-0.098 beta=+0.194 | loss 5.6661 size 407.9 MB zeros 32.8%
gen 8 [100/100] k= 47 c=0.871 alpha=-0.042 beta=+0.085 | loss 3.1402 size 541.4 MB zeros 7.6%
=== generation 8/10 done in 161s (1 from cache), Pareto front has 75 points, best loss 3.0533, smallest 320.5 MB
gen 9 [1/100] k= 11 c=0.972 alpha=-0.398 beta=+0.759 | loss 15.2207 size 412.7 MB zeros 46.9%
gen 9 [2/100] k= 60 c=0.740 alpha=-0.074 beta=+0.194 | loss 3.3047 size 541.4 MB zeros 11.6%
gen 9 [3/100] k=  8 c=0.986 alpha=-0.050 beta=+0.982 | loss 14.9829 size 370.2 MB zeros 60.9%
gen 9 [4/100] k=  7 c=0.971 alpha=-0.866 beta=+0.384 | loss 17.9530 size 374.2 MB zeros 58.0%
gen 9 [5/100] k= 58 c=0.830 alpha=-0.035 beta=+0.009 | loss 3.1326 size 541.4 MB zeros 5.6%
gen 9 [6/100] k= 17 c=0.992 alpha=-0.407 beta=+0.072 | loss 3.9629 size 446.1 MB zeros 28.3%
gen 9 [7/100] k=  5 c=0.968 alpha=-0.978 beta=+0.956 | loss 14.8217 size 342.9 MB zeros 71.8%
gen 9 [8/100] k=  4 c=0.889 alpha=-0.244 beta=+0.939 | loss 17.5270 size 325.7 MB zeros 91.1%
gen 9 [9/100] k= 17 c=0.872 alpha=-0.408 beta=+0.148 | loss 3.8822 size 448.5 MB zeros 26.9%
gen 9 [10/100] k= 13 c=0.979 alpha=-0.772 beta=+0.772 | loss 9.2133 size 392.5 MB zeros 58.2%
gen 9 [11/100] k= 32 c=0.923 alpha=-0.983 beta=+0.901 | loss 10.1121 size 391.5 MB zeros 67.0%
gen 9 [12/100] k= 34 c=0.963 alpha=-0.875 beta=+0.931 | loss 10.3331 size 411.4 MB zeros 65.1%
gen 9 [13/100] k=  3 c=0.959 alpha=-0.854 beta=+0.348 | loss 16.0924 size 320.8 MB zeros 93.1%
gen 9 [14/100] k=  7 c=0.852 alpha=-0.954 beta=+0.966 | loss 14.0076 size 359.9 MB zeros 68.6%
gen 9 [15/100] k= 17 c=0.996 alpha=-0.800 beta=+0.173 | loss 17.5777 size 423.2 MB zeros 41.0%
gen 9 [16/100] k=217 c=0.986 alpha=-0.115 beta=+0.079 | loss 3.0616 size 630.8 MB zeros 8.3%
gen 9 [17/100] k=  5 c=0.856 alpha=-0.918 beta=+0.979 | loss 13.7010 size 344.8 MB zeros 69.8%
gen 9 [18/100] k= 10 c=0.956 alpha=-0.909 beta=+0.903 | loss 10.8629 size 379.0 MB zeros 65.8%
gen 9 [19/100] k=  7 c=0.711 alpha=-0.919 beta=+0.956 | loss 12.3544 size 361.7 MB zeros 67.2%
gen 9 [20/100] k= 20 c=0.778 alpha=-0.307 beta=+0.028 | loss 3.5531 size 493.7 MB zeros 21.0%
gen 9 [21/100] k=  9 c=0.858 alpha=-0.901 beta=+0.067 | loss 17.7746 size 383.5 MB zeros 51.0%
gen 9 [22/100] k= 31 c=0.918 alpha=-0.085 beta=+0.169 | loss 3.1650 size 496.7 MB zeros 13.3%
gen 9 [23/100] k= 17 c=0.780 alpha=-0.906 beta=+0.924 | loss 10.6302 size 379.1 MB zeros 65.7%
gen 9 [24/100] k= 17 c=0.838 alpha=-0.842 beta=+0.828 | loss 9.7428 size 386.6 MB zeros 61.5%
gen 9 [25/100] k= 25 c=0.884 alpha=-0.317 beta=+0.131 | loss 3.4208 size 494.9 MB zeros 20.3%
gen 9 [26/100] k=  9 c=0.894 alpha=-0.587 beta=+0.860 | loss 15.1623 size 377.2 MB zeros 55.7%
gen 9 [27/100] k= 33 c=0.957 alpha=-0.042 beta=+0.787 | loss 15.3654 size 463.2 MB zeros 35.0%
gen 9 [28/100] k= 11 c=0.857 alpha=-0.900 beta=+0.886 | loss 10.5323 size 380.8 MB zeros 64.7%
gen 9 [29/100] k=  9 c=0.757 alpha=-0.404 beta=+0.484 | loss 5.9303 size 400.2 MB zeros 38.5%
gen 9 [30/100] k= 13 c=0.843 alpha=-0.754 beta=+0.907 | loss 13.5034 size 387.1 MB zeros 61.2%
gen 9 [31/100] k= 34 c=0.881 alpha=-0.001 beta=+0.738 | loss 15.3667 size 497.3 MB zeros 33.1%
gen 9 [32/100] k=  5 c=0.956 alpha=-0.928 beta=+0.901 | loss 15.1925 size 344.4 MB zeros 70.2%
gen 9 [33/100] k=  8 c=0.727 alpha=-1.000 beta=+0.036 | loss 17.7745 size 377.6 MB zeros 55.4%
gen 9 [34/100] k=  6 c=0.972 alpha=-0.575 beta=+0.788 | loss 16.2896 size 360.0 MB zeros 68.5%
gen 9 [35/100] k= 58 c=0.969 alpha=-0.042 beta=+0.004 | loss 3.0901 size 541.4 MB zeros 6.5%
gen 9 [36/100] k= 46 c=0.766 alpha=-0.055 beta=+0.165 | loss 3.2372 size 541.4 MB zeros 10.4%
gen 9 [37/100] k=  3 c=0.959 alpha=-0.854 beta=+0.348 | loss 16.1603 size 320.8 MB zeros 93.1%
gen 9 [38/100] k= 32 c=0.750 alpha=-0.164 beta=+0.453 | loss 3.7189 size 484.1 MB zeros 25.6%
gen 9 [39/100] k=  3 c=0.719 alpha=-0.914 beta=+0.097 | loss 17.1716 size 324.8 MB zeros 84.3%
gen 9 [40/100] k=213 c=0.986 alpha=-0.039 beta=+0.045 | loss 3.0591 size 630.8 MB zeros 3.7%
gen 9 [41/100] k= 68 c=0.963 alpha=-0.039 beta=+0.164 | loss 3.0882 size 586.1 MB zeros 9.7%
gen 9 [42/100] k= 68 c=0.992 alpha=-0.059 beta=+0.162 | loss 3.0894 size 586.1 MB zeros 9.9%
gen 9 [43/100] k= 14 c=0.757 alpha=-0.338 beta=+0.453 | loss 4.7631 size 436.7 MB zeros 33.5%
gen 9 [44/100] k= 15 c=0.902 alpha=-0.411 beta=+0.920 | loss 15.5498 size 406.6 MB zeros 50.3%
gen 9 [45/100] k=  6 c=0.858 alpha=-0.103 beta=+0.966 | loss 14.8865 size 362.4 MB zeros 66.8%
gen 9 [46/100] k= 15 c=0.757 alpha=-0.381 beta=+0.044 | loss 4.2567 size 449.5 MB zeros 25.9%
gen 9 [47/100] k= 17 c=0.877 alpha=-0.148 beta=+0.089 | loss 3.5905 size 461.0 MB zeros 19.9%
gen 9 [48/100] k=  9 c=0.758 alpha=-0.740 beta=+0.452 | loss 17.8878 size 387.9 MB zeros 47.7%
gen 9 [49/100] k=  7 c=0.980 alpha=-0.101 beta=+0.004 | loss 12.1627 size 382.6 MB zeros 51.7%
gen 9 [50/100] k=203 c=0.982 alpha=-0.921 beta=+0.065 | loss 17.9015 size 547.6 MB zeros 35.8%
gen 9 [51/100] k= 14 c=0.821 alpha=-0.444 beta=+0.350 | loss 4.4245 size 436.1 MB zeros 33.9%
gen 9 [52/100] k=  5 c=0.757 alpha=-0.141 beta=+0.453 | loss 13.3558 size 355.6 MB zeros 57.7%
gen 9 [53/100] k=  3 c=0.997 alpha=-0.914 beta=+0.096 | loss 16.0288 size 320.4 MB zeros 94.0%
gen 9 [54/100] k= 29 c=0.958 alpha=-0.873 beta=+0.438 | loss 18.0536 size 430.3 MB zeros 49.7%
gen 9 [55/100] k=  8 c=0.750 alpha=-0.139 beta=+0.424 | loss 8.2525 size 395.6 MB zeros 42.0%
gen 9 [56/100] k= 32 c=0.840 alpha=-0.854 beta=+0.830 | loss 9.9396 size 403.0 MB zeros 61.9%
gen 9 [57/100] k= 39 c=0.907 alpha=-0.411 beta=+0.021 | loss 3.3728 size 528.9 MB zeros 21.3%
gen 9 [58/100] k=  6 c=0.784 alpha=-0.060 beta=+0.066 | loss 13.0648 size 372.5 MB zeros 59.2%
gen 9 [59/100] k= 23 c=0.729 alpha=-0.029 beta=+0.036 | loss 3.4256 size 496.7 MB zeros 12.3%
gen 9 [60/100] k= 13 c=0.964 alpha=-0.746 beta=+0.775 | loss 8.7233 size 393.8 MB zeros 57.5%
gen 9 [61/100] k= 68 c=0.902 alpha=-0.039 beta=+0.450 | loss 5.0173 size 565.5 MB zeros 20.9%
gen 9 [62/100] k=  6 c=0.716 alpha=-0.975 beta=+0.990 | loss 11.5879 size 357.7 MB zeros 70.2%
gen 9 [63/100] k= 13 c=0.806 alpha=-0.728 beta=+0.793 | loss 8.7443 size 394.0 MB zeros 57.4%
gen 9 [64/100] k= 17 c=0.902 alpha=-0.593 beta=+0.441 | loss 5.6865 size 422.1 MB zeros 41.7%
gen 9 [65/100] k= 75 c=0.963 alpha=-0.039 beta=+0.162 | loss 3.0927 size 586.1 MB zeros 9.4%
gen 9 [66/100] k= 25 c=0.887 alpha=-0.069 beta=+0.150 | loss 3.2755 size 496.6 MB zeros 14.2%
gen 9 [67/100] k= 99 c=0.950 alpha=-0.097 beta=+0.925 | loss 15.4377 size 514.0 MB zeros 37.3%
gen 9 [68/100] k=215 c=0.972 alpha=-0.040 beta=+0.079 | loss 3.0572 size 630.8 MB zeros 5.1%
gen 9 [69/100] k= 14 c=0.702 alpha=-0.404 beta=+0.438 | loss 5.1809 size 433.9 MB zeros 35.1%
gen 9 [70/100] k= 13 c=0.937 alpha=-0.648 beta=+0.755 | loss 8.2352 size 400.1 MB zeros 54.0%
gen 9 [71/100] k= 13 c=0.846 alpha=-0.747 beta=+0.775 | loss 8.6534 size 393.9 MB zeros 57.4%
gen 9 [72/100] k= 17 c=0.836 alpha=-0.928 beta=+0.443 | loss 17.9326 size 404.7 MB zeros 51.4%
gen 9 [73/100] k= 17 c=0.837 alpha=-0.854 beta=+0.126 | loss 17.7983 size 423.7 MB zeros 40.8%
gen 9 [74/100] k= 17 c=0.877 alpha=-0.138 beta=+0.148 | loss 3.5919 size 461.0 MB zeros 19.9%
gen 9 [75/100] k=215 c=0.982 alpha=-0.040 beta=+0.079 | loss 3.0531 size 630.8 MB zeros 5.1%
gen 9 [76/100] k= 17 c=0.869 alpha=-0.852 beta=+0.740 | loss 9.7602 size 390.6 MB zeros 59.3%
gen 9 [77/100] k= 11 c=0.985 alpha=-0.735 beta=+0.076 | loss 17.8684 size 415.9 MB zeros 45.2%
gen 9 [78/100] k=219 c=0.986 alpha=-0.169 beta=+0.079 | loss 3.0776 size 630.8 MB zeros 10.5%
gen 9 [79/100] k=  6 c=0.829 alpha=-0.001 beta=+0.939 | loss 14.7528 size 364.3 MB zeros 65.3%
gen 9 [80/100] k= 13 c=0.937 alpha=-0.992 beta=+0.777 | loss 17.7501 size 382.2 MB zeros 64.0%
gen 9 [81/100] k=  5 c=0.964 alpha=-0.970 beta=+0.958 | loss 14.8473 size 343.1 MB zeros 71.7%
gen 9 [82/100] k=  9 c=0.979 alpha=-0.148 beta=+0.411 | loss 8.1136 size 396.8 MB zeros 41.1%
gen 9 [83/100] k= 17 c=0.956 alpha=-0.920 beta=+0.976 | loss 11.7047 size 376.1 MB zeros 67.4%
gen 9 [84/100] k= 10 c=0.754 alpha=-0.404 beta=+0.604 | loss 15.1532 size 421.0 MB zeros 42.3%
gen 9 [85/100] k= 18 c=0.986 alpha=-0.945 beta=+0.952 | loss 10.9351 size 390.6 MB zeros 67.4%
gen 9 [86/100] k=116 c=0.949 alpha=-0.042 beta=+0.077 | loss 3.0716 size 586.1 MB zeros 5.3%
gen 9 [87/100] k=  5 c=0.784 alpha=-0.971 beta=+0.932 | loss 11.5223 size 345.2 MB zeros 69.3%
gen 9 [88/100] k= 16 c=0.885 alpha=-0.681 beta=+0.822 | loss 9.3148 size 395.1 MB zeros 56.7%
gen 9 [89/100] k=  5 c=0.856 alpha=-0.932 beta=+0.979 | loss 13.0762 size 344.5 MB zeros 70.1%
gen 9 [90/100] k=  9 c=0.821 alpha=-0.428 beta=+0.429 | loss 6.2659 size 400.5 MB zeros 38.3%
gen 9 [91/100] k= 17 c=0.808 alpha=-0.978 beta=+0.187 | loss 17.9228 size 418.1 MB zeros 43.9%
gen 9 [92/100] k= 16 c=0.877 alpha=-0.941 beta=+0.138 | loss 17.7338 size 416.5 MB zeros 44.8%
gen 9 [93/100] k=102 c=0.961 alpha=-0.089 beta=+0.425 | loss 3.4676 size 564.5 MB zeros 21.2%
gen 9 [94/100] k=  6 c=0.757 alpha=-0.098 beta=+0.082 | loss 13.8879 size 374.5 MB zeros 57.7%
gen 9 [95/100] k=212 c=0.986 alpha=-0.127 beta=+0.079 | loss 3.0743 size 630.8 MB zeros 8.8%
gen 9 [96/100] k=  5 c=0.716 alpha=-0.975 beta=+0.927 | loss 10.5840 size 345.6 MB zeros 68.9%
gen 9 [97/100] k= 17 c=0.754 alpha=-0.138 beta=+0.149 | loss 3.6209 size 465.7 MB zeros 17.3%
gen 9 [98/100] k=  8 c=0.856 alpha=-0.941 beta=+0.979 | loss 13.5020 size 359.9 MB zeros 68.6%
gen 9 [99/100] k= 33 c=0.840 alpha=-0.854 beta=+0.899 | loss 11.6243 size 398.9 MB zeros 63.7%
gen 9 [100/100] k=  5 c=0.881 alpha=-0.098 beta=+0.193 | loss 13.1214 size 349.8 MB zeros 64.1%
=== generation 9/10 done in 162s (0 from cache), Pareto front has 73 points, best loss 3.0531, smallest 320.4 MB
gen 10 [1/100] k= 68 c=0.939 alpha=-0.075 beta=+0.181 | loss 3.1100 size 586.1 MB zeros 11.1%
gen 10 [2/100] k= 14 c=0.890 alpha=-0.441 beta=+0.426 | loss 4.8405 size 431.2 MB zeros 36.6%
gen 10 [3/100] k= 56 c=0.971 alpha=-0.861 beta=+0.100 | loss 17.8738 size 489.6 MB zeros 36.0%
gen 10 [4/100] k=215 c=0.986 alpha=-0.040 beta=+0.405 | loss 3.5176 size 610.0 MB zeros 18.3%
gen 10 [5/100] k=  4 c=0.859 alpha=-0.941 beta=+0.950 | loss 16.5380 size 326.6 MB zeros 90.1%
gen 10 [6/100] k= 13 c=0.979 alpha=-0.818 beta=+0.772 | loss 9.8393 size 390.2 MB zeros 59.5%
gen 10 [7/100] k= 83 c=0.884 alpha=-0.040 beta=+0.085 | loss 3.1049 size 586.1 MB zeros 5.8%
gen 10 [8/100] k= 17 c=0.871 alpha=-0.286 beta=+0.145 | loss 3.6444 size 456.3 MB zeros 22.6%
gen 10 [9/100] k= 13 c=0.750 alpha=-0.925 beta=+0.939 | loss 11.5482 size 377.5 MB zeros 66.6%
gen 10 [10/100] k=  9 c=0.745 alpha=-0.868 beta=+0.623 | loss 17.3316 size 376.1 MB zeros 56.5%
gen 10 [11/100] k= 18 c=0.757 alpha=-0.451 beta=+0.437 | loss 4.9083 size 460.0 MB zeros 36.4%
gen 10 [12/100] k=  5 c=0.959 alpha=-0.854 beta=+0.826 | loss 15.4614 size 345.7 MB zeros 68.7%
gen 10 [13/100] k= 34 c=0.963 alpha=-0.032 beta=+0.149 | loss 3.1469 size 541.4 MB zeros 12.4%
gen 10 [14/100] k=215 c=0.986 alpha=-0.061 beta=+0.079 | loss 3.0523 size 630.8 MB zeros 6.0%
gen 10 [15/100] k= 16 c=0.790 alpha=-0.056 beta=+0.150 | loss 3.6998 size 451.3 MB zeros 20.5%
gen 10 [16/100] k=  5 c=0.725 alpha=-0.027 beta=+0.637 | loss 12.5433 size 356.8 MB zeros 56.3%
gen 10 [17/100] k=  3 c=0.997 alpha=-0.912 beta=+0.079 | loss 16.0311 size 320.4 MB zeros 94.0%
gen 10 [18/100] k= 69 c=0.983 alpha=-0.040 beta=+0.165 | loss 3.0910 size 586.1 MB zeros 9.8%
gen 10 [19/100] k=222 c=0.988 alpha=-0.631 beta=+0.441 | loss 5.6210 size 523.3 MB zeros 42.6%
gen 10 [20/100] k=  8 c=0.968 alpha=-0.783 beta=+0.840 | loss 12.2383 size 368.8 MB zeros 62.0%
gen 10 [21/100] k= 10 c=0.707 alpha=-0.404 beta=+0.446 | loss 5.4211 size 430.7 MB zeros 36.9%
gen 10 [22/100] k= 16 c=0.989 alpha=-0.345 beta=+0.150 | loss 4.0147 size 446.7 MB zeros 27.9%
gen 10 [23/100] k=  3 c=0.997 alpha=-0.913 beta=+0.390 | loss 16.0288 size 320.4 MB zeros 94.0%
gen 10 [24/100] k= 27 c=0.891 alpha=-0.713 beta=+0.875 | loss 12.7901 size 409.4 MB zeros 59.0%
gen 10 [25/100] k=102 c=0.950 alpha=-0.058 beta=+0.022 | loss 3.0645 size 586.1 MB zeros 4.4%
gen 10 [26/100] k= 18 c=0.711 alpha=-0.876 beta=+0.992 | loss 11.8042 size 392.4 MB zeros 66.6%
gen 10 [27/100] k= 17 c=0.902 alpha=-0.412 beta=+0.137 | loss 3.9175 size 447.6 MB zeros 27.4%
gen 10 [28/100] k= 17 c=0.961 alpha=-0.418 beta=+0.072 | loss 3.9260 size 446.0 MB zeros 28.3%
gen 10 [29/100] k= 58 c=0.964 alpha=-0.409 beta=+0.196 | loss 3.4267 size 518.8 MB zeros 25.1%
gen 10 [30/100] k= 16 c=0.992 alpha=-0.103 beta=+0.072 | loss 3.9056 size 448.6 MB zeros 25.3%
gen 10 [31/100] k=  4 c=0.784 alpha=-0.974 beta=+0.929 | loss 16.8682 size 329.1 MB zeros 87.3%
gen 10 [32/100] k= 14 c=0.992 alpha=-0.059 beta=+0.754 | loss 15.4045 size 419.4 MB zeros 43.2%
gen 10 [33/100] k= 54 c=0.876 alpha=-0.002 beta=+0.865 | loss 15.4642 size 492.9 MB zeros 34.7%
gen 10 [34/100] k= 13 c=0.712 alpha=-0.658 beta=+0.755 | loss 8.5718 size 399.9 MB zeros 54.1%
gen 10 [35/100] k=  5 c=0.958 alpha=-0.968 beta=+0.055 | loss 15.1520 size 344.8 MB zeros 69.7%
gen 10 [36/100] k= 23 c=0.940 alpha=-0.431 beta=+0.391 | loss 4.1443 size 465.5 MB zeros 33.9%
gen 10 [37/100] k= 13 c=0.846 alpha=-0.729 beta=+0.775 | loss 8.9522 size 394.8 MB zeros 56.9%
gen 10 [38/100] k= 33 c=0.883 alpha=-0.001 beta=+0.516 | loss 15.2535 size 483.6 MB zeros 25.8%
gen 10 [39/100] k=  3 c=0.830 alpha=-0.854 beta=+0.430 | loss 17.0196 size 322.6 MB zeros 89.1%
gen 10 [40/100] k= 58 c=0.974 alpha=-0.032 beta=+0.021 | loss 3.0902 size 541.4 MB zeros 6.5%
gen 10 [41/100] k= 20 c=0.977 alpha=-0.307 beta=+0.097 | loss 3.5903 size 489.4 MB zeros 23.3%
gen 10 [42/100] k=214 c=0.982 alpha=-0.079 beta=+0.079 | loss 3.0543 size 630.8 MB zeros 6.8%
gen 10 [43/100] k=212 c=0.986 alpha=-0.039 beta=+0.078 | loss 3.0595 size 630.8 MB zeros 5.1%
gen 10 [44/100] k= 33 c=0.960 alpha=-0.058 beta=+0.085 | loss 3.1504 size 516.4 MB zeros 11.2%
gen 10 [45/100] k= 21 c=0.966 alpha=-0.622 beta=+0.930 | loss 15.0042 size 412.5 MB zeros 57.6%
gen 10 [46/100] k= 16 c=0.741 alpha=-0.404 beta=+0.452 | loss 5.0172 size 433.3 MB zeros 35.4%
gen 10 [47/100] k= 21 c=0.993 alpha=-0.652 beta=+0.741 | loss 7.9059 size 421.9 MB zeros 53.4%
gen 10 [48/100] k= 30 c=0.880 alpha=-0.002 beta=+0.101 | loss 3.1632 size 496.7 MB zeros 11.7%
gen 10 [49/100] k= 11 c=0.819 alpha=-0.869 beta=+0.914 | loss 10.9724 size 381.0 MB zeros 64.6%
gen 10 [50/100] k=  3 c=0.957 alpha=-0.130 beta=+0.348 | loss 16.3939 size 320.9 MB zeros 93.0%
gen 10 [51/100] k= 17 c=0.943 alpha=-0.431 beta=+0.065 | loss 3.9100 size 445.5 MB zeros 28.6%
gen 10 [52/100] k=  5 c=0.713 alpha=-0.975 beta=+0.995 | loss 12.2134 size 344.3 MB zeros 70.3%
gen 10 [53/100] k= 24 c=0.928 alpha=-0.001 beta=+0.032 | loss 3.2722 size 496.3 MB zeros 15.5%
gen 10 [54/100] k= 29 c=0.970 alpha=-0.138 beta=+0.442 | loss 3.5368 size 485.8 MB zeros 24.8%
gen 10 [55/100] k= 10 c=0.955 alpha=-0.472 beta=+0.342 | loss 7.7212 size 422.9 MB zeros 41.2%
gen 10 [56/100] k= 17 c=0.843 alpha=-0.400 beta=+0.828 | loss 15.4464 size 412.1 MB zeros 47.3%
gen 10 [57/100] k=144 c=0.950 alpha=-0.111 beta=+0.020 | loss 3.0708 size 630.8 MB zeros 6.0%
gen 10 [58/100] k= 38 c=0.834 alpha=-0.975 beta=+0.957 | loss 10.6279 size 403.0 MB zeros 68.2%
gen 10 [59/100] k= 56 c=0.918 alpha=-0.115 beta=+0.056 | loss 3.1390 size 541.4 MB zeros 8.3%
gen 10 [60/100] k=  4 c=0.716 alpha=-0.975 beta=+0.994 | loss 16.9026 size 331.9 MB zeros 84.2%
gen 10 [61/100] k=  5 c=0.983 alpha=-0.928 beta=+0.973 | loss 15.1212 size 343.1 MB zeros 71.7%
gen 10 [62/100] k=  6 c=0.848 alpha=-0.737 beta=+0.772 | loss 12.5937 size 366.6 MB zeros 63.6%
gen 10 [63/100] k= 59 c=0.907 alpha=-0.979 beta=+0.007 | loss 17.8729 size 485.8 MB zeros 37.4%
gen 10 [64/100] k=215 c=0.982 alpha=-0.045 beta=+0.095 | loss 3.0533 size 630.8 MB zeros 6.0%
gen 10 [65/100] k= 58 c=0.969 alpha=-0.062 beta=+0.002 | loss 3.0911 size 541.4 MB zeros 6.6%
gen 10 [66/100] k= 13 c=0.900 alpha=-0.093 beta=+0.077 | loss 4.0861 size 447.4 MB zeros 26.6%
gen 10 [67/100] k= 18 c=0.710 alpha=-0.139 beta=+0.420 | loss 3.9134 size 484.4 MB zeros 25.5%
gen 10 [68/100] k=  9 c=0.996 alpha=-0.914 beta=+0.095 | loss 17.9243 size 379.6 MB zeros 53.9%
gen 10 [69/100] k=  9 c=0.821 alpha=-0.065 beta=+0.429 | loss 6.1780 size 402.6 MB zeros 36.8%
gen 10 [70/100] k=  3 c=0.971 alpha=-0.867 beta=+0.090 | loss 15.5865 size 320.7 MB zeros 93.4%
gen 10 [71/100] k= 17 c=0.885 alpha=-0.028 beta=+0.097 | loss 3.5849 size 460.7 MB zeros 20.1%
gen 10 [72/100] k= 18 c=0.902 alpha=-0.582 beta=+0.441 | loss 5.5347 size 449.0 MB zeros 41.3%
gen 10 [73/100] k=205 c=0.988 alpha=-0.138 beta=+0.047 | loss 3.0740 size 630.8 MB zeros 7.9%
gen 10 [74/100] k=  5 c=0.971 alpha=-0.999 beta=+0.750 | loss 15.2639 size 344.0 MB zeros 70.6%
gen 10 [75/100] k=  4 c=0.993 alpha=-0.925 beta=+0.939 | loss 15.9140 size 323.2 MB zeros 93.9%
gen 10 [76/100] k= 17 c=0.872 alpha=-0.056 beta=+0.005 | loss 3.5801 size 461.2 MB zeros 19.8%
gen 10 [77/100] k=  3 c=0.983 alpha=-0.913 beta=+0.110 | loss 16.0583 size 320.6 MB zeros 93.6%
gen 10 [78/100] k= 16 c=0.857 alpha=-0.894 beta=+0.868 | loss 10.8833 size 382.1 MB zeros 64.0%
gen 10 [79/100] k= 67 c=0.848 alpha=-0.780 beta=+0.180 | loss 17.8985 size 515.6 MB zeros 36.8%
gen 10 [80/100] k= 11 c=0.857 alpha=-0.900 beta=+0.116 | loss 17.5484 size 411.5 MB zeros 47.6%
gen 10 [81/100] k=  5 c=0.942 alpha=-0.960 beta=+0.994 | loss 16.8244 size 343.0 MB zeros 71.8%
gen 10 [82/100] k= 34 c=0.721 alpha=-0.113 beta=+0.927 | loss 15.4390 size 483.2 MB zeros 38.4%
gen 10 [83/100] k=214 c=0.986 alpha=-0.055 beta=+0.050 | loss 3.0549 size 630.8 MB zeros 4.5%
gen 10 [84/100] k=  5 c=0.969 alpha=-0.992 beta=+0.963 | loss 14.7040 size 342.6 MB zeros 72.2%
gen 10 [85/100] k= 36 c=0.757 alpha=-0.404 beta=+0.056 | loss 3.5123 size 530.5 MB zeros 20.7%
gen 10 [86/100] k= 13 c=0.996 alpha=-0.411 beta=+0.324 | loss 4.7196 size 437.3 MB zeros 33.2%
gen 10 [87/100] k=  9 c=0.979 alpha=-0.148 beta=+0.400 | loss 8.1646 size 396.8 MB zeros 41.1%
gen 10 [88/100] k=  3 c=0.791 alpha=-0.914 beta=+0.027 | loss 16.8663 size 323.3 MB zeros 87.6%
gen 10 [89/100] k= 11 c=0.984 alpha=-0.944 beta=+0.773 | loss 16.1781 size 384.1 MB zeros 62.9%
gen 10 [90/100] k= 70 c=1.000 alpha=-0.040 beta=+0.163 | loss 3.0897 size 586.1 MB zeros 9.7%
gen 10 [91/100] k= 94 c=0.950 alpha=-0.040 beta=+0.163 | loss 3.0892 size 586.1 MB zeros 8.9%
gen 10 [92/100] k=  5 c=0.909 alpha=-0.978 beta=+0.473 | loss 16.8268 size 346.0 MB zeros 68.5%
gen 10 [93/100] k= 29 c=0.794 alpha=-0.404 beta=+0.405 | loss 4.1428 size 467.1 MB zeros 33.2%
gen 10 [94/100] k=216 c=0.988 alpha=-0.900 beta=+0.063 | loss 17.8880 size 549.8 MB zeros 35.1%
gen 10 [95/100] k= 17 c=0.743 alpha=-0.404 beta=+0.401 | loss 4.7708 size 436.9 MB zeros 33.4%
gen 10 [96/100] k= 11 c=0.825 alpha=-0.039 beta=+0.162 | loss 4.6460 size 444.5 MB zeros 29.0%
gen 10 [97/100] k=  8 c=0.856 alpha=-0.113 beta=+0.979 | loss 15.1032 size 374.1 MB zeros 58.0%
gen 10 [98/100] k= 12 c=0.856 alpha=-0.115 beta=+0.903 | loss 15.5529 size 411.4 MB zeros 47.7%
gen 10 [99/100] k=  9 c=0.976 alpha=-0.431 beta=+0.484 | loss 7.4225 size 395.1 MB zeros 42.4%
gen 10 [100/100] k= 66 c=0.991 alpha=-0.428 beta=+0.436 | loss 4.0641 size 520.6 MB zeros 35.2%
=== generation 10/10 done in 162s (0 from cache), Pareto front has 77 points, best loss 3.0523, smallest 320.4 MB
{"k": 3, "c": 0.9970356353174877, "alpha": -0.9138635425699773, "beta": 0.09551373722460468, "calib_loss": 16.028816349928213, "size_mb": 320.448198875, "eval_loss": 16.139148879960135, "size_ratio": 0.3243187695547758, "target_bits_per_weight": 1.0739456092918311, "zero_frac": 0.9396532918070699}
{"k": 3, "c": 0.9970356353174877, "alpha": -0.9130263728661203, "beta": 0.38972780100741533, "calib_loss": 16.028816349928213, "size_mb": 320.448198875, "eval_loss": 16.139148879960135, "size_ratio": 0.3243187695547758, "target_bits_per_weight": 1.0739456092918311, "zero_frac": 0.9396532918070699}
{"k": 3, "c": 0.990782450150535, "alpha": -0.9138635425699773, "beta": 0.09551373722460468, "calib_loss": 16.016063283731977, "size_mb": 320.51694575, "eval_loss": 16.317285054823053, "size_ratio": 0.32438834679686673, "target_bits_per_weight": 1.0754825969318766, "zero_frac": 0.9381163041670244}
{"k": 3, "c": 0.990782450150535, "alpha": -0.9135397136673795, "beta": 0.09551373722460468, "calib_loss": 16.016063283731977, "size_mb": 320.51694575, "eval_loss": 16.317285054823053, "size_ratio": 0.32438834679686673, "target_bits_per_weight": 1.0754825969318766, "zero_frac": 0.9381163041670244}
{"k": 3, "c": 0.9761886723267549, "alpha": -0.8537587952410195, "beta": 0.44487679848748085, "calib_loss": 15.627876229533236, "size_mb": 320.66376575, "eval_loss": 15.70740557509317, "size_ratio": 0.3245369401792393, "target_bits_per_weight": 1.0787650810493217, "zero_frac": 0.9348338200495794}
{"k": 3, "c": 0.9707807189631525, "alpha": -0.8537587952410195, "beta": 0.3482909620075133, "calib_loss": 15.58645191360429, "size_mb": 320.720564125, "eval_loss": 15.470087761753115, "size_ratio": 0.3245944245999893, "target_bits_per_weight": 1.080034933684073, "zero_frac": 0.933563967414828}
{"k": 3, "c": 0.9707807189631525, "alpha": -0.8663204298443739, "beta": 0.3838258060737043, "calib_loss": 15.58645191360429, "size_mb": 320.720564125, "eval_loss": 15.470087761753115, "size_ratio": 0.3245944245999893, "target_bits_per_weight": 1.080034933684073, "zero_frac": 0.933563967414828}
{"k": 3, "c": 0.9707807189631525, "alpha": -0.8671575995482144, "beta": 0.08961559511483913, "calib_loss": 15.58645191360429, "size_mb": 320.720564125, "eval_loss": 15.470087761753115, "size_ratio": 0.3245944245999893, "target_bits_per_weight": 1.080034933684073, "zero_frac": 0.933563967414828}
{"k": 5, "c": 0.9689911141171857, "alpha": -0.9917233543634486, "beta": 0.9631801018296626, "calib_loss": 14.70397137803183, "size_mb": 342.6302145, "eval_loss": 14.562944190360001, "size_ratio": 0.34676871322430175, "target_bits_per_weight": 1.5698733710544013, "zero_frac": 0.7218627650222499}
{"k": 5, "c": 0.9561406618205441, "alpha": -0.9751690583458212, "beta": 0.9554487043969161, "calib_loss": 14.620860826001955, "size_mb": 343.133639, "eval_loss": 14.212542462092573, "size_ratio": 0.34727821839542433, "target_bits_per_weight": 1.5811285333319025, "zero_frac": 0.7162351838834993}
{"k": 5, "c": 0.970693170960988, "alpha": -0.9896675374854152, "beta": 0.8255439251074327, "calib_loss": 14.568276443556025, "size_mb": 343.930872, "eval_loss": 14.179900407091964, "size_ratio": 0.3480850808665388, "target_bits_per_weight": 1.5989524310325092, "zero_frac": 0.7073232350331959}
{"k": 5, "c": 0.970693170960988, "alpha": -0.9982593989797867, "beta": 0.7877064502091726, "calib_loss": 14.316489300769796, "size_mb": 343.96887425, "eval_loss": 14.550550175552145, "size_ratio": 0.3481235421311163, "target_bits_per_weight": 1.5998020549396892, "zero_frac": 0.7068984230796059}
{"k": 5, "c": 0.7159194924310187, "alpha": -0.9754805025431288, "beta": 0.9942781909809957, "calib_loss": 12.388545866935484, "size_mb": 344.315111, "eval_loss": 12.372912335139448, "size_ratio": 0.3484739609417973, "target_bits_per_weight": 1.607542939238496, "zero_frac": 0.7030279809302026}
{"k": 5, "c": 0.7129053994405057, "alpha": -0.9754805025431288, "beta": 0.9946790971549058, "calib_loss": 12.21343737590115, "size_mb": 344.32053625, "eval_loss": 12.234232495141052, "size_ratio": 0.3484794517213077, "target_bits_per_weight": 1.6076642326382926, "zero_frac": 0.7029673342303042}
{"k": 5, "c": 0.7129053994405057, "alpha": -0.9754805025431288, "beta": 0.9942781909809957, "calib_loss": 12.18450933700666, "size_mb": 344.3280685, "eval_loss": 12.165687419335747, "size_ratio": 0.3484870749504616, "target_bits_per_weight": 1.6078326326586825, "zero_frac": 0.7028831342201093}
{"k": 5, "c": 0.80790170613842, "alpha": -0.9781523829650589, "beta": 0.9581509319164364, "calib_loss": 12.16570788371365, "size_mb": 344.4582985, "eval_loss": 11.714909558188998, "size_ratio": 0.3486188779485979, "target_bits_per_weight": 1.6107442108266083, "zero_frac": 0.7014273451361464}
{"k": 5, "c": 0.7654555546578701, "alpha": -0.9707354556749113, "beta": 0.9455800638062811, "calib_loss": 11.901196432253482, "size_mb": 345.08275525, "eval_loss": 11.784692997340466, "size_ratio": 0.34925087727176835, "target_bits_per_weight": 1.624705315334893, "zero_frac": 0.6944467928820041}
{"k": 5, "c": 0.7838935787727874, "alpha": -0.9707354556749113, "beta": 0.9318451085991172, "calib_loss": 11.522321326292156, "size_mb": 345.228926, "eval_loss": 11.188971734816029, "size_ratio": 0.34939881356209956, "target_bits_per_weight": 1.6279732840401786, "zero_frac": 0.6928128085293612}
{"k": 5, "c": 0.7159194924310187, "alpha": -0.9754805025431288, "beta": 0.9269684742235396, "calib_loss": 10.583966834104656, "size_mb": 345.61348475, "eval_loss": 10.306561929622587, "size_ratio": 0.3497880172494955, "target_bits_per_weight": 1.6365709409608946, "zero_frac": 0.6885139800690032}
{"k": 11, "c": 0.857271624981096, "alpha": -0.8995643300919871, "beta": 0.8857150495531765, "calib_loss": 10.518829972163672, "size_mb": 380.822945, "eval_loss": 10.44078292175472, "size_ratio": 0.3854227590425743, "target_bits_per_weight": 2.4237558888865043, "zero_frac": 0.6474607530530992}
{"k": 17, "c": 0.8541561460497589, "alpha": -0.9004572031359901, "beta": 0.8652496027352049, "calib_loss": 10.268184777462121, "size_mb": 382.0065735, "eval_loss": 10.40377049898239, "size_ratio": 0.3866206841364822, "target_bits_per_weight": 2.450218508095095, "zero_frac": 0.6408450982509515}
{"k": 17, "c": 0.857271624981096, "alpha": -0.8976470307877029, "beta": 0.8652496027352049, "calib_loss": 10.219814982931634, "size_mb": 382.134173, "eval_loss": 10.252171879057078, "size_ratio": 0.3867498248618197, "target_bits_per_weight": 2.45307127564818, "zero_frac": 0.6401319063626802}
{"k": 17, "c": 0.9707807189631525, "alpha": -0.8537587952410195, "beta": 0.8397428568116188, "calib_loss": 9.961057541773583, "size_mb": 385.3828565, "eval_loss": 9.788646321375932, "size_ratio": 0.3900377479616899, "target_bits_per_weight": 2.5257027426918786, "zero_frac": 0.6219740396017557}
{"k": 17, "c": 0.9707807189631525, "alpha": -0.8537587952410195, "beta": 0.8277219709440384, "calib_loss": 9.872925162664956, "size_mb": 385.9712345, "eval_loss": 9.780067361811156, "size_ratio": 0.39063323275350026, "target_bits_per_weight": 2.5388572273673593, "zero_frac": 0.6186854184328855}
{"k": 17, "c": 0.8379936299394228, "alpha": -0.8419702117395248, "beta": 0.8277219709440384, "calib_loss": 9.742817182345124, "size_mb": 386.592056, "eval_loss": 10.123617192750336, "size_ratio": 0.39126155291788256, "target_bits_per_weight": 2.552737057864011, "zero_frac": 0.6152154608087226}
{"k": 13, "c": 0.9794025411800685, "alpha": -0.7721083991043806, "beta": 0.7721083991043806, "calib_loss": 9.213334517045455, "size_mb": 392.526787, "eval_loss": 9.410772895999434, "size_ratio": 0.3972679672535406, "target_bits_per_weight": 2.6854210263206846, "zero_frac": 0.5820444686945542}
{"k": 13, "c": 0.9636768195840988, "alpha": -0.7458840692726292, "beta": 0.7745729167846918, "calib_loss": 8.723263320102486, "size_mb": 393.776713, "eval_loss": 9.014220669355794, "size_ratio": 0.3985329906294799, "target_bits_per_weight": 2.713365872002347, "zero_frac": 0.5750582572741386}
{"k": 13, "c": 0.8463704255458716, "alpha": -0.746524659092933, "beta": 0.7753864018042126, "calib_loss": 8.653393578552663, "size_mb": 393.878365, "eval_loss": 8.766994114611972, "size_ratio": 0.3986358704449337, "target_bits_per_weight": 2.7156385261060554, "zero_frac": 0.5744900937482115}
{"k": 17, "c": 0.8820827906534017, "alpha": -0.6997759445890661, "beta": 0.8219987013684485, "calib_loss": 8.629828101612139, "size_mb": 394.224331, "eval_loss": 8.602820253791696, "size_ratio": 0.3989860152353295, "target_bits_per_weight": 2.723373357192937, "zero_frac": 0.572556385976491}
{"k": 9, "c": 0.9755931561910768, "alpha": -0.43078232710393166, "beta": 0.48385031424367986, "calib_loss": 7.422482786057398, "size_mb": 395.077136375, "eval_loss": 7.192207343883645, "size_ratio": 0.399849121318811, "target_bits_per_weight": 2.742439697600983, "zero_frac": 0.42371973449930606}
{"k": 9, "c": 0.7571793104770927, "alpha": -0.40403439074076597, "beta": 0.48385031424367986, "calib_loss": 5.930301908640335, "size_mb": 400.222100375, "eval_loss": 5.75614390741462, "size_ratio": 0.4050562293623001, "target_bits_per_weight": 2.8574666872129337, "zero_frac": 0.38537740462865583}
{"k": 9, "c": 0.7571793104770927, "alpha": -0.14537217467692828, "beta": 0.45317458138446187, "calib_loss": 5.90229434911107, "size_mb": 403.733225, "eval_loss": 5.693207831210288, "size_ratio": 0.40860976351269074, "target_bits_per_weight": 2.9359656030005152, "zero_frac": 0.35921109936612866}
{"k": 9, "c": 0.7571793104770927, "alpha": -0.14537217467692828, "beta": 0.4264111719089728, "calib_loss": 5.872636334520864, "size_mb": 404.7985265, "eval_loss": 5.662706570890991, "size_ratio": 0.40968793238022627, "target_bits_per_weight": 2.9597827617938703, "zero_frac": 0.3512720464350103}
{"k": 9, "c": 0.7571460865949862, "alpha": -0.0981811572371469, "beta": 0.19399178709190854, "calib_loss": 5.666143840592161, "size_mb": 407.88134675, "eval_loss": 5.385748720588572, "size_ratio": 0.4128079888316234, "target_bits_per_weight": 3.02870599096948, "zero_frac": 0.3282976367098071}
{"k": 17, "c": 0.9018976550271612, "alpha": -0.5824149547417852, "beta": 0.4406444149801838, "calib_loss": 5.568116845273552, "size_mb": 422.7803405, "eval_loss": 5.330284051531571, "size_ratio": 0.42788694180301823, "target_bits_per_weight": 3.3618057754013564, "zero_frac": 0.41294828142438617}
{"k": 10, "c": 0.7065627918313181, "alpha": -0.40403439074076597, "beta": 0.4462624240513634, "calib_loss": 5.421148484753024, "size_mb": 430.6887365, "eval_loss": 5.065131551942051, "size_ratio": 0.43589086027993995, "target_bits_per_weight": 3.5386153671767686, "zero_frac": 0.36874588348053317}
{"k": 10, "c": 0.7065627918313181, "alpha": -0.40403439074076597, "beta": 0.4422191666631725, "calib_loss": 5.3869076427709555, "size_mb": 430.9163235, "eval_loss": 5.049437238557132, "size_ratio": 0.4361211962158753, "target_bits_per_weight": 3.54370357527401, "zero_frac": 0.3674738314562228}
{"k": 10, "c": 0.7065627918313181, "alpha": -0.40403439074076597, "beta": 0.4422191666631725, "calib_loss": 5.3869076427709555, "size_mb": 430.9163235, "eval_loss": 5.049437238557132, "size_ratio": 0.4361211962158753, "target_bits_per_weight": 3.54370357527401, "zero_frac": 0.3674738314562228}
{"k": 14, "c": 0.8904423727612066, "alpha": -0.4412961635005805, "beta": 0.4261218875063102, "calib_loss": 4.840490615263013, "size_mb": 431.1697745, "eval_loss": 4.4052814994506235, "size_ratio": 0.4363777085531298, "target_bits_per_weight": 3.5493700299944195, "zero_frac": 0.3660572177761204}
{"k": 14, "c": 0.8305713460450714, "alpha": -0.4108854538794505, "beta": 0.4288635866848295, "calib_loss": 4.536768043495693, "size_mb": 433.26556, "eval_loss": 4.290437118515357, "size_ratio": 0.4384988082409951, "target_bits_per_weight": 3.5962259257669413, "zero_frac": 0.35434324383298993}
{"k": 17, "c": 0.9432870807694919, "alpha": -0.43108073461276486, "beta": 0.3910929704484238, "calib_loss": 4.371707323359604, "size_mb": 435.1204295, "eval_loss": 4.095245808799945, "size_ratio": 0.4403760819970549, "target_bits_per_weight": 3.6376956143222015, "zero_frac": 0.34397582169417495}
{"k": 17, "c": 0.9397572149798952, "alpha": -0.43108073461276486, "beta": 0.3910929704484238, "calib_loss": 4.347883446358749, "size_mb": 435.135594, "eval_loss": 4.0525819511823755, "size_ratio": 0.4403914296632243, "target_bits_per_weight": 3.63803465008299, "zero_frac": 0.3438910627539778}
{"k": 17, "c": 0.9432870807694919, "alpha": -0.43108073461276486, "beta": 0.06516278843789874, "calib_loss": 3.9100327179462213, "size_mb": 445.5429215, "eval_loss": 3.6460270886313997, "size_ratio": 0.4509244632736588, "target_bits_per_weight": 3.870713353419042, "zero_frac": 0.2857213869199648}
{"k": 17, "c": 0.8721096085426431, "alpha": -0.40848187468541564, "beta": 0.148438989920058, "calib_loss": 3.8822498489335135, "size_mb": 448.470258, "eval_loss": 3.5855984133126566, "size_ratio": 0.45388715794657575, "target_bits_per_weight": 3.936160401284913, "zero_frac": 0.269359624953497}
{"k": 16, "c": 0.8766495511940113, "alpha": -0.1027612172098551, "beta": 0.1491414240414951, "calib_loss": 3.725596348677679, "size_mb": 450.399727, "eval_loss": 3.440219040140728, "size_ratio": 0.45583993226133535, "target_bits_per_weight": 3.9792979257884045, "zero_frac": 0.22587369981702868}
{"k": 16, "c": 0.8739917248315894, "alpha": -0.054306082449622, "beta": 0.04468067377688331, "calib_loss": 3.71044429655998, "size_mb": 450.4593705, "eval_loss": 3.423391966759168, "size_ratio": 0.45590029617225714, "target_bits_per_weight": 3.9806313874520662, "zero_frac": 0.22464965429061498}
{"k": 16, "c": 0.7897460435425296, "alpha": -0.055505607720728545, "beta": 0.15030699807965175, "calib_loss": 3.699814752632805, "size_mb": 451.3043165, "eval_loss": 3.427349131594422, "size_ratio": 0.45675544795036754, "target_bits_per_weight": 3.9995220142406422, "zero_frac": 0.20467608385470323}
{"k": 17, "c": 0.8707016129360889, "alpha": -0.2864836353804207, "beta": 0.1452168491637431, "calib_loss": 3.6443980227234545, "size_mb": 456.2893905, "eval_loss": 3.349692224407476, "size_ratio": 0.46180073474397554, "target_bits_per_weight": 4.110974311129951, "zero_frac": 0.22565614749223759}
{"k": 17, "c": 0.8852473239586398, "alpha": -0.028040475847591506, "beta": 0.09719443510138503, "calib_loss": 3.584889699986254, "size_mb": 460.69994, "eval_loss": 3.3148882465977825, "size_ratio": 0.4662645575768772, "target_bits_per_weight": 4.209581848815247, "zero_frac": 0.20100426307091346}
{"k": 17, "c": 0.8721096085426431, "alpha": -0.0560194426883161, "beta": 0.0049990918242525245, "calib_loss": 3.580143097908266, "size_mb": 461.2041105, "eval_loss": 3.294795755067529, "size_ratio": 0.46677481775864715, "target_bits_per_weight": 4.2208536895640165, "zero_frac": 0.1981863028837211}
{"k": 17, "c": 0.7820479716765418, "alpha": -0.10275851998822405, "beta": 0.08642805364043182, "calib_loss": 3.5490765315230175, "size_mb": 464.6764285, "eval_loss": 3.2465410428312866, "size_ratio": 0.47028907655372365, "target_bits_per_weight": 4.298484997871594, "zero_frac": 0.17877847580682663}
{"k": 29, "c": 0.9575953356628031, "alpha": -0.2011699553104029, "beta": 0.43834477876775024, "calib_loss": 3.5452864452074935, "size_mb": 481.437303875, "eval_loss": 3.289094046763311, "size_ratio": 0.4872524001029422, "target_bits_per_weight": 4.6732112423404235, "zero_frac": 0.2680775317516956}
{"k": 29, "c": 0.9695893961179438, "alpha": -0.1378888206789196, "beta": 0.44156702708447204, "calib_loss": 3.536777708887005, "size_mb": 485.848651375, "eval_loss": 3.3040340867326874, "size_ratio": 0.4917170305745792, "target_bits_per_weight": 4.771836621071393, "zero_frac": 0.24835245600550165}
{"k": 25, "c": 0.8898584337253002, "alpha": -0.3205801226075272, "beta": 0.14633878385680738, "calib_loss": 3.3996356207138168, "size_mb": 494.482717, "eval_loss": 3.1245987818504477, "size_ratio": 0.5004553837611031, "target_bits_per_weight": 4.964870153853308, "zero_frac": 0.20749280880659055}
{"k": 25, "c": 0.8724338146954529, "alpha": -0.31786327295574923, "beta": 0.148438989920058, "calib_loss": 3.3724404910209707, "size_mb": 494.70710175, "eval_loss": 3.1029308389941503, "size_ratio": 0.500682478768291, "target_bits_per_weight": 4.969886768606556, "zero_frac": 0.20620938814603365}
{"k": 23, "c": 0.9864201576421887, "alpha": -0.12569396277357972, "beta": 0.07682457626787081, "calib_loss": 3.3203559047665414, "size_mb": 495.908483625, "eval_loss": 3.042208092653157, "size_ratio": 0.5018983716733948, "target_bits_per_weight": 4.996746303572323, "zero_frac": 0.16469815432370363}
{"k": 24, "c": 0.9280379089892289, "alpha": -0.0005375548943522754, "beta": 0.03241094356652781, "calib_loss": 3.272248477879857, "size_mb": 496.2886225, "eval_loss": 2.9859442836727914, "size_ratio": 0.5022831020998186, "target_bits_per_weight": 5.005245144463284, "zero_frac": 0.1553399417863224}
{"k": 28, "c": 0.9190915834771335, "alpha": -0.0360598342773637, "beta": 0.004572517087992889, "calib_loss": 3.2218177773036567, "size_mb": 496.64863725, "eval_loss": 2.953300386579855, "size_ratio": 0.5026474653296682, "target_bits_per_weight": 5.013294066264953, "zero_frac": 0.13101389678843292}
{"k": 30, "c": 0.879663270033843, "alpha": -0.00220606074501703, "beta": 0.10131779354045906, "calib_loss": 3.163243745895192, "size_mb": 496.653514625, "eval_loss": 2.902371955640388, "size_ratio": 0.502652401616607, "target_bits_per_weight": 5.0134031107137496, "zero_frac": 0.11690176100957961}
{"k": 33, "c": 0.9577069189555859, "alpha": -0.1375550778356397, "beta": 0.148438989920058, "calib_loss": 3.1560006090389785, "size_mb": 511.714302625, "eval_loss": 2.8747099338505393, "size_ratio": 0.517895103088587, "target_bits_per_weight": 5.350120161566542, "zero_frac": 0.1326957479064718}
{"k": 33, "c": 0.9595886586098787, "alpha": -0.0578880312494299, "beta": 0.08452649807509169, "calib_loss": 3.150416220388105, "size_mb": 516.42140575, "eval_loss": 2.8661742970158044, "size_ratio": 0.5226590615037908, "target_bits_per_weight": 5.455357807983845, "zero_frac": 0.11164821862301111}
{"k": 33, "c": 0.9572507100165702, "alpha": -0.04166191893485319, "beta": 0.08452649807509169, "calib_loss": 3.147814828046722, "size_mb": 516.48224325, "eval_loss": 2.8657653152301745, "size_ratio": 0.5227206338365799, "target_bits_per_weight": 5.456717964144417, "zero_frac": 0.11137618739089686}
{"k": 34, "c": 0.963057217604356, "alpha": -0.031967697330421554, "beta": 0.1485313472560456, "calib_loss": 3.14686227986773, "size_mb": 541.3625465, "eval_loss": 2.864222999192403, "size_ratio": 0.5479014567106609, "target_bits_per_weight": 6.012971882243733, "zero_frac": 0.12432658436534169}
{"k": 34, "c": 0.963057217604356, "alpha": -0.11083933949758984, "beta": 0.07406402464077222, "calib_loss": 3.1464511725909547, "size_mb": 541.3741585, "eval_loss": 2.8608351527537534, "size_ratio": 0.5479132089675477, "target_bits_per_weight": 6.013231494051197, "zero_frac": 0.11359700073689331}
{"k": 34, "c": 0.963057217604356, "alpha": -0.11083933949758984, "beta": 0.054500314991295595, "calib_loss": 3.1464511725909547, "size_mb": 541.3741585, "eval_loss": 2.8608351527537534, "size_ratio": 0.5479132089675477, "target_bits_per_weight": 6.013231494051197, "zero_frac": 0.11359700073689331}
{"k": 34, "c": 0.9493338016374718, "alpha": -0.054500314991295595, "beta": 0.054500314991295595, "calib_loss": 3.1405587145077285, "size_mb": 541.3750645, "eval_loss": 2.8599992903096934, "size_ratio": 0.5479141259107736, "target_bits_per_weight": 6.013251749674479, "zero_frac": 0.11047178554884243}
{"k": 38, "c": 0.9640858858362409, "alpha": -0.1375550778356397, "beta": 0.148438989920058, "calib_loss": 3.139181963043362, "size_mb": 541.3792445, "eval_loss": 2.8518782137426113, "size_ratio": 0.5479183563993877, "target_bits_per_weight": 6.013345202770862, "zero_frac": 0.12967553330865098}
{"k": 38, "c": 0.9821228332112564, "alpha": -0.042350551580167095, "beta": 0.028782545582954205, "calib_loss": 3.12272016090848, "size_mb": 541.3795365, "eval_loss": 2.8304499517088413, "size_ratio": 0.5479186519263435, "target_bits_per_weight": 6.013351731073289, "zero_frac": 0.10178731003087083}
{"k": 58, "c": 0.9636586984852523, "alpha": -0.0633064752807857, "beta": 0.17441506563622738, "calib_loss": 3.107732509937454, "size_mb": 541.38592, "eval_loss": 2.8135043132107045, "size_ratio": 0.5479251125301875, "target_bits_per_weight": 6.013494448260073, "zero_frac": 0.1077701414897765}
{"k": 58, "c": 0.9740523160529737, "alpha": -0.032049916464400585, "beta": 0.02092932909530662, "calib_loss": 3.0901821878532045, "size_mb": 541.38966025, "eval_loss": 2.796447194566475, "size_ratio": 0.5479288979572302, "target_bits_per_weight": 6.013578069777716, "zero_frac": 0.0653427990364941}
{"k": 58, "c": 0.9689701236339409, "alpha": -0.0416357909036581, "beta": 0.004326120524709395, "calib_loss": 3.090143645613774, "size_mb": 541.3897345, "eval_loss": 2.7956699136415186, "size_ratio": 0.5479289731040674, "target_bits_per_weight": 6.013579729799822, "zero_frac": 0.06501526326050251}
{"k": 68, "c": 0.9954263062216832, "alpha": -0.03942291921606854, "beta": 0.16210089857806806, "calib_loss": 3.0842916986459863, "size_mb": 586.112331125, "eval_loss": 2.799705587407594, "size_ratio": 0.5931917567915252, "target_bits_per_weight": 7.013451771159748, "zero_frac": 0.09762871990273723}
{"k": 103, "c": 0.9511176356569455, "alpha": -0.10275851998822405, "beta": 0.08663878477391959, "calib_loss": 3.0764459664054864, "size_mb": 586.118109625, "eval_loss": 2.7905394404048676, "size_ratio": 0.5931976050878066, "target_bits_per_weight": 7.013580962240478, "zero_frac": 0.08151377863063043}
{"k": 102, "c": 0.9495034116094607, "alpha": -0.05762140889083989, "beta": 0.02227768658842122, "calib_loss": 3.0645170836388074, "size_mb": 586.118912, "eval_loss": 2.7877754218883646, "size_ratio": 0.593198417154386, "target_bits_per_weight": 7.013598901098901, "zero_frac": 0.043755312629671764}
{"k": 217, "c": 0.9864201576421887, "alpha": -0.11481566867205928, "beta": 0.07892478234259032, "calib_loss": 3.061565141873625, "size_mb": 630.843952, "eval_loss": 2.776154332613083, "size_ratio": 0.6384636737294317, "target_bits_per_weight": 8.013525569482601, "zero_frac": 0.08256900214450263}
{"k": 214, "c": 0.9820535047027079, "alpha": -0.0793114378989922, "beta": 0.07892478234259032, "calib_loss": 3.054292829854747, "size_mb": 630.84705, "eval_loss": 2.7669442364197674, "size_ratio": 0.6384668091489835, "target_bits_per_weight": 8.013594832088485, "zero_frac": 0.06757229256542611}
{"k": 215, "c": 0.986422873092507, "alpha": -0.06143065662705016, "beta": 0.07892478234259032, "calib_loss": 3.052339525866019, "size_mb": 630.847232, "eval_loss": 2.7646839294731906, "size_ratio": 0.6384669933472915, "target_bits_per_weight": 8.0135989010989, "zero_frac": 0.06003143254653875}
Done. Pareto set (77 points) written to compress_runs/local_full\pareto.json
