Experiment configs/compress/qwen_emb_ecsq.yaml -> compress_runs/local_50_log2_autok_calib_fixed_8x2048_maxdelta1_emb_ecsq

### search: C:\Users\NICI Lab\AppData\Local\Programs\Python\Python313\python.exe -u -m scripts.compress_search --model Qwen/Qwen2.5-0.5B-Instruct --include embeddings --method ubq-ecsq --pop-size 100 --n-gen 50 --seed 42 --k-space log2 --auto-k-bounds --c-min 0.7 --alpha-min -1.0 --beta-max 1.0 --rho-min 0.0 --max-delta-loss 1.0 --calib-seqs 8 --seq-len 2048 --calib-every 0 --eval-batch-size 1 --wikitext-seqs 0 --c4-test-seqs 0 --out-dir compress_runs/local_50_log2_autok_calib_fixed_8x2048_maxdelta1_emb_ecsq
=== 2026-10-04 01:28:06  python -m scripts.compress_search --model Qwen/Qwen2.5-0.5B-Instruct --include embeddings --method ubq-ecsq --pop-size 100 --n-gen 50 --seed 42 --k-space log2 --auto-k-bounds --c-min 0.7 --alpha-min -1.0 --beta-max 1.0 --rho-min 0.0 --max-delta-loss 1.0 --calib-seqs 8 --seq-len 2048 --calib-every 0 --eval-batch-size 1 --wikitext-seqs 0 --c4-test-seqs 0 --out-dir compress_runs/local_50_log2_autok_calib_fixed_8x2048_maxdelta1_emb_ecsq
Loading Qwen/Qwen2.5-0.5B-Instruct on cuda

Loading weights:   0%|          | 0/290 [00:00<?, ?it/s]
Loading weights: 100%|██████████| 290/290 [00:00<00:00, 6991.11it/s]
Compressing 169 matrices, 494.0M weights (100.0% of params), originals kept on GPU
Calibration: one fixed batch for the whole run
Baseline: calib loss 2.8854 on the first batch, size 988.1 MB, one forward pass over a batch takes 4.3s
K-bounds warm-up (from warmup.json): K_min=16, K_max=256
Loaded 266 previous evaluations
Resumed NSGA-II from compress_runs/local_50_log2_autok_calib_fixed_8x2048_maxdelta1_emb_ecsq\checkpoint.pkl after generation 2
gen 3 offspring [67/100] k= 27 (used  15.0) c=0.702 alpha=-0.044 beta=+0.072 | loss 3.3832 (delta +0.4979) size 248.0 MB sparsity 9.7%
gen 3 offspring [68/100] k= 90 (used  86.0) c=0.794 alpha=-0.234 beta=+0.233 | loss 3.0860 (delta +0.2006) size 411.2 MB sparsity 19.4%
gen 3 offspring [69/100] k= 34 (used  32.0) c=0.788 alpha=-0.173 beta=+0.126 | loss 3.1034 (delta +0.2180) size 309.8 MB sparsity 13.0%
gen 3 offspring [70/100] k= 30 (used  29.0) c=0.976 alpha=-0.499 beta=+0.230 | loss 3.8487 (delta +0.9633) size 279.9 MB sparsity 29.7%
gen 3 offspring [71/100] k= 85 (used  45.0) c=0.834 alpha=-0.025 beta=+0.166 | loss 2.9850 (delta +0.0996) size 371.5 MB sparsity 8.7%
gen 3 offspring [72/100] k= 30 (used  17.0) c=0.789 alpha=-0.569 beta=+0.584 | loss 5.7161 (delta +2.8308) size 198.2 MB sparsity 45.2%
gen 3 offspring [73/100] k= 54 (used  51.9) c=0.734 alpha=-0.478 beta=+0.000 | loss 18.5782 (delta +15.6928) size 352.9 MB sparsity 21.7%
gen 3 offspring [74/100] k= 87 (used  43.0) c=0.818 alpha=-0.349 beta=+0.338 | loss 3.4415 (delta +0.5562) size 328.9 MB sparsity 28.2%
gen 3 offspring [75/100] k=125 (used  64.2) c=0.945 alpha=-0.151 beta=+0.396 | loss 3.2196 (delta +0.3343) size 350.3 MB sparsity 22.4%
gen 3 offspring [76/100] k= 78 (used  73.9) c=0.745 alpha=-0.323 beta=+0.305 | loss 3.3651 (delta +0.4797) size 383.3 MB sparsity 25.9%
gen 3 offspring [77/100] k=150 (used  19.0) c=0.905 alpha=-0.076 beta=+0.051 | loss 3.4372 (delta +0.5518) size 309.8 MB sparsity 5.4%
gen 3 offspring [78/100] k= 43 (used  40.0) c=0.779 alpha=-0.335 beta=+0.410 | loss 3.6161 (delta +0.7308) size 320.9 MB sparsity 30.3%
gen 3 offspring [79/100] k=174 (used 169.8) c=0.947 alpha=-0.181 beta=+0.181 | loss 2.9721 (delta +0.0867) size 482.1 MB sparsity 15.1%
gen 3 offspring [80/100] k=215 (used  37.9) c=0.771 alpha=-0.166 beta=+0.235 | loss 3.0768 (delta +0.1915) size 370.6 MB sparsity 16.7%
gen 3 offspring [81/100] k=148 (used 144.0) c=0.816 alpha=-0.116 beta=+0.117 | loss 2.9275 (delta +0.0422) size 495.0 MB sparsity 9.8%
gen 3 offspring [82/100] k= 63 (used  34.0) c=0.761 alpha=-0.298 beta=+0.166 | loss 3.1720 (delta +0.2866) size 362.0 MB sparsity 19.3%
gen 3 offspring [83/100] k= 73 (used  37.0) c=0.848 alpha=-0.300 beta=+0.339 | loss 3.3763 (delta +0.4910) size 336.1 MB sparsity 26.2%
gen 3 offspring [84/100] k= 65 (used  24.8) c=0.956 alpha=-0.293 beta=+0.309 | loss 3.7966 (delta +0.9112) size 294.9 MB sparsity 24.8%
gen 3 offspring [85/100] k= 47 (used   7.0) c=0.785 alpha=-0.080 beta=+0.127 | loss 10.2163 (delta +7.3309) size 186.3 MB sparsity 9.1%
gen 3 offspring [86/100] k= 47 (used  46.0) c=0.794 alpha=-0.028 beta=+0.166 | loss 2.9973 (delta +0.1119) size 371.5 MB sparsity 10.1%
gen 3 offspring [87/100] k= 74 (used  37.0) c=0.885 alpha=-0.278 beta=+0.281 | loss 3.3094 (delta +0.4241) size 347.8 MB sparsity 23.1%
gen 3 offspring [88/100] k= 74 (used  39.0) c=0.770 alpha=-0.072 beta=+0.073 | loss 2.9807 (delta +0.0953) size 371.5 MB sparsity 6.3%
gen 3 offspring [89/100] k=103 (used 100.4) c=0.729 alpha=-0.364 beta=+0.058 | loss 3.1728 (delta +0.2874) size 420.0 MB sparsity 17.4%
gen 3 offspring [90/100] k=175 (used  84.3) c=0.881 alpha=-0.441 beta=+0.602 | loss 4.6129 (delta +1.7275) size 316.9 MB sparsity 41.2%
gen 3 offspring [91/100] k=125 (used  62.9) c=0.987 alpha=-0.314 beta=+0.314 | loss 3.3053 (delta +0.4200) size 337.4 MB sparsity 25.9%
gen 3 offspring [92/100] k=206 (used 109.7) c=0.773 alpha=-0.023 beta=+0.428 | loss 3.5477 (delta +0.6624) size 415.9 MB sparsity 18.3%
gen 3 offspring [93/100] k=110 (used  57.0) c=0.711 alpha=-0.025 beta=+0.025 | loss 2.9715 (delta +0.0861) size 371.5 MB sparsity 2.5%
gen 3 offspring [94/100] k= 87 (used  45.0) c=0.787 alpha=-0.056 beta=+0.019 | loss 2.9624 (delta +0.0771) size 371.5 MB sparsity 4.1%
gen 3 offspring [95/100] k= 39 (used  11.0) c=0.934 alpha=-0.306 beta=+0.265 | loss 8.1076 (delta +5.2222) size 247.9 MB sparsity 23.7%
gen 3 offspring [96/100] k=102 (used  27.0) c=0.772 alpha=-0.192 beta=+0.173 | loss 3.2171 (delta +0.3317) size 309.8 MB sparsity 15.2%
gen 3 offspring [97/100] k=102 (used  50.0) c=0.751 alpha=-0.059 beta=+0.021 | loss 2.9672 (delta +0.0818) size 371.5 MB sparsity 3.9%
gen 3 offspring [98/100] k=161 (used  84.2) c=0.747 alpha=-0.178 beta=+0.192 | loss 3.0250 (delta +0.1396) size 428.3 MB sparsity 15.4%
gen 3 offspring [99/100] k=164 (used  44.0) c=0.783 alpha=-0.173 beta=+0.198 | loss 3.0273 (delta +0.1419) size 371.4 MB sparsity 15.5%
gen 3 offspring [100/100] k= 84 (used  43.8) c=0.839 alpha=-0.335 beta=+0.342 | loss 3.4172 (delta +0.5318) size 330.5 MB sparsity 27.7%
=== generation 3/50 done in 343s (66 reused), batch baseline 2.8854, HV 0.13385, front 18 points, 100/100 feasible, best delta loss +0.0350, smallest 245.5 MB
gen 4 offspring [1/100] k=200 (used 114.4) c=0.766 alpha=-0.042 beta=+0.165 | loss 2.9463 (delta +0.0609) size 433.3 MB sparsity 8.7%
gen 4 offspring [2/100] k=205 (used 200.1) c=0.976 alpha=-0.506 beta=+0.232 | loss 3.6997 (delta +0.8144) size 409.7 MB sparsity 29.8%
gen 4 offspring [3/100] k=115 (used  59.6) c=0.937 alpha=-0.151 beta=+0.401 | loss 3.2434 (delta +0.3581) size 349.6 MB sparsity 22.6%
gen 4 offspring [4/100] k=102 (used  27.0) c=0.797 alpha=-0.199 beta=+0.229 | loss 3.2238 (delta +0.3384) size 309.7 MB sparsity 17.8%
gen 4 offspring [5/100] k= 47 (used  22.0) c=0.729 alpha=-0.355 beta=+0.014 | loss 3.3245 (delta +0.4392) size 309.7 MB sparsity 17.4%
gen 4 offspring [6/100] k=129 (used  72.0) c=0.816 alpha=-0.116 beta=+0.035 | loss 2.9366 (delta +0.0513) size 433.3 MB sparsity 6.4%
gen 4 offspring [7/100] k= 47 (used  45.0) c=0.703 alpha=-0.233 beta=+0.177 | loss 3.2157 (delta +0.3303) size 369.7 MB sparsity 17.1%
gen 4 offspring [8/100] k= 73 (used  37.0) c=0.848 alpha=-0.300 beta=+0.332 | loss 3.3974 (delta +0.5121) size 337.0 MB sparsity 26.0%
gen 4 offspring [9/100] k=148 (used  17.0) c=0.840 alpha=-0.080 beta=+0.037 | loss 3.5251 (delta +0.6398) size 297.5 MB sparsity 5.0%
gen 4 offspring [10/100] k= 34 (used  33.0) c=0.795 alpha=-0.231 beta=+0.126 | loss 3.0867 (delta +0.2014) size 324.2 MB sparsity 15.3%
gen 4 offspring [11/100] k=101 (used  53.0) c=0.844 alpha=-0.056 beta=+0.073 | loss 2.9448 (delta +0.0594) size 371.5 MB sparsity 5.5%
gen 4 offspring [12/100] k= 66 (used  66.0) c=0.754 alpha=-0.029 beta=+0.000 | loss 2.9403 (delta +0.0549) size 433.3 MB sparsity 4.3%
gen 4 offspring [13/100] k= 37 (used  21.0) c=0.921 alpha=-0.329 beta=+0.356 | loss 3.7313 (delta +0.8459) size 284.6 MB sparsity 28.1%
gen 4 offspring [14/100] k= 24 (used  22.0) c=0.762 alpha=-0.181 beta=+0.163 | loss 3.4503 (delta +0.5650) size 309.8 MB sparsity 15.3%
gen 4 offspring [15/100] k=194 (used  29.0) c=0.710 alpha=-0.166 beta=+0.165 | loss 3.1725 (delta +0.2872) size 309.8 MB sparsity 13.8%
gen 4 offspring [16/100] k=148 (used  77.9) c=0.761 alpha=-0.313 beta=+0.165 | loss 3.1223 (delta +0.2369) size 409.4 MB sparsity 19.8%
gen 4 offspring [17/100] k= 37 (used  21.0) c=0.925 alpha=-0.293 beta=+0.265 | loss 3.7729 (delta +0.8875) size 299.9 MB sparsity 23.2%
gen 4 offspring [18/100] k=161 (used  83.7) c=0.747 alpha=-0.206 beta=+0.192 | loss 3.0487 (delta +0.1633) size 423.3 MB sparsity 16.6%
gen 4 offspring [19/100] k= 17 (used   9.0) c=0.994 alpha=-0.025 beta=+0.016 | loss 6.1396 (delta +3.2542) size 207.9 MB sparsity 21.7%
gen 4 offspring [20/100] k= 74 (used  39.0) c=0.770 alpha=-0.072 beta=+0.069 | loss 2.9804 (delta +0.0950) size 371.5 MB sparsity 6.1%
gen 4 offspring [21/100] k= 36 (used  34.0) c=0.950 alpha=-0.157 beta=+0.142 | loss 3.0763 (delta +0.1910) size 371.5 MB sparsity 13.1%
gen 4 offspring [22/100] k=140 (used  21.0) c=0.956 alpha=-0.166 beta=+0.182 | loss 3.4571 (delta +0.5718) size 309.8 MB sparsity 14.5%
gen 4 offspring [23/100] k=148 (used  16.0) c=0.806 alpha=-0.117 beta=+0.114 | loss 3.8538 (delta +0.9684) size 248.0 MB sparsity 9.7%
gen 4 offspring [24/100] k= 29 (used  17.0) c=0.756 alpha=-0.085 beta=+0.100 | loss 3.2982 (delta +0.4128) size 285.5 MB sparsity 9.8%
gen 4 offspring [25/100] k= 22 (used  21.0) c=0.948 alpha=-0.052 beta=+0.164 | loss 3.2355 (delta +0.3502) size 308.6 MB sparsity 16.8%
gen 4 offspring [26/100] k=159 (used  78.9) c=0.796 alpha=-0.120 beta=+0.233 | loss 2.9850 (delta +0.0997) size 431.3 MB sparsity 14.7%
gen 4 offspring [27/100] k=199 (used  27.0) c=0.796 alpha=-0.216 beta=+0.165 | loss 3.2296 (delta +0.3443) size 309.8 MB sparsity 15.9%
gen 4 offspring [28/100] k= 24 (used  14.0) c=0.762 alpha=-0.181 beta=+0.166 | loss 3.7268 (delta +0.8415) size 248.0 MB sparsity 15.4%
gen 4 offspring [29/100] k= 46 (used  46.0) c=0.742 alpha=-0.183 beta=+0.133 | loss 3.0277 (delta +0.1423) size 371.5 MB sparsity 13.4%
gen 4 offspring [30/100] k=164 (used 162.9) c=0.976 alpha=-0.173 beta=+0.230 | loss 3.0033 (delta +0.1180) size 474.0 MB sparsity 16.8%
gen 4 offspring [31/100] k= 34 (used  32.0) c=0.785 alpha=-0.156 beta=+0.144 | loss 3.1165 (delta +0.2312) size 309.8 MB sparsity 13.0%
gen 4 offspring [32/100] k=111 (used  30.8) c=0.812 alpha=-0.173 beta=+0.164 | loss 3.0798 (delta +0.1944) size 309.8 MB sparsity 14.1%
gen 4 offspring [33/100] k=156 (used 151.3) c=0.779 alpha=-0.335 beta=+0.411 | loss 3.4955 (delta +0.6101) size 406.8 MB sparsity 30.4%
gen 4 offspring [34/100] k=125 (used  65.0) c=0.945 alpha=-0.151 beta=+0.153 | loss 2.9559 (delta +0.0706) size 386.1 MB sparsity 12.7%
gen 4 offspring [35/100] k= 25 (used   3.0) c=0.827 alpha=-0.086 beta=+0.104 | loss 13.4613 (delta +10.5760) size 117.0 MB sparsity 12.3%
gen 4 offspring [36/100] k=144 (used  23.0) c=0.772 alpha=-0.166 beta=+0.166 | loss 3.3063 (delta +0.4209) size 309.8 MB sparsity 13.9%
gen 4 offspring [37/100] k= 30 (used  30.0) c=0.764 alpha=-0.029 beta=+0.000 | loss 3.0218 (delta +0.1364) size 309.8 MB sparsity 9.8%
gen 4 offspring [38/100] k= 35 (used  20.0) c=0.916 alpha=-0.272 beta=+0.356 | loss 3.9285 (delta +1.0432) size 291.5 MB sparsity 25.9%
gen 4 offspring [39/100] k= 67 (used  37.9) c=0.941 alpha=-0.272 beta=+0.313 | loss 3.3149 (delta +0.4296) size 343.8 MB sparsity 24.2%
gen 4 offspring [40/100] k=107 (used  29.0) c=0.861 alpha=-0.181 beta=+0.074 | loss 3.0677 (delta +0.1823) size 309.8 MB sparsity 10.7%
gen 4 offspring [41/100] k= 16 (used  15.0) c=0.949 alpha=-0.116 beta=+0.232 | loss 3.8047 (delta +0.9194) size 245.4 MB sparsity 23.6%
gen 4 offspring [42/100] k= 80 (used  42.6) c=0.702 alpha=-0.072 beta=+0.284 | loss 3.1244 (delta +0.2390) size 371.5 MB sparsity 14.8%
gen 4 offspring [43/100] k=213 (used 108.0) c=0.754 alpha=-0.105 beta=+0.214 | loss 2.9927 (delta +0.1074) size 433.1 MB sparsity 13.3%
gen 4 offspring [44/100] k=150 (used  19.0) c=0.905 alpha=-0.076 beta=+0.003 | loss 3.4539 (delta +0.5685) size 309.8 MB sparsity 4.3%
gen 4 offspring [45/100] k=148 (used 144.9) c=0.998 alpha=-0.119 beta=+0.116 | loss 2.9136 (delta +0.0283) size 495.0 MB sparsity 9.9%
gen 4 offspring [46/100] k=148 (used 144.9) c=0.816 alpha=-0.110 beta=+0.117 | loss 2.9261 (delta +0.0408) size 495.0 MB sparsity 9.5%
gen 4 offspring [47/100] k= 45 (used  12.0) c=0.739 alpha=-0.309 beta=+0.192 | loss 5.8856 (delta +3.0002) size 248.0 MB sparsity 20.8%
gen 4 offspring [48/100] k= 59 (used  29.0) c=0.795 alpha=-0.196 beta=+0.224 | loss 3.1791 (delta +0.2937) size 309.7 MB sparsity 17.5%
gen 4 offspring [49/100] k= 32 (used   5.0) c=0.737 alpha=-0.211 beta=+0.078 | loss 13.7449 (delta +10.8595) size 169.9 MB sparsity 13.3%
gen 4 offspring [50/100] k= 30 (used   3.0) c=0.986 alpha=-0.159 beta=+0.163 | loss 15.4344 (delta +12.5490) size 115.5 MB sparsity 14.6%
gen 4 offspring [51/100] k= 43 (used  41.0) c=0.801 alpha=-0.335 beta=+0.410 | loss 3.5569 (delta +0.6716) size 320.9 MB sparsity 30.3%
gen 4 offspring [52/100] k= 59 (used  29.0) c=0.770 alpha=-0.192 beta=+0.173 | loss 3.1633 (delta +0.2779) size 309.8 MB sparsity 15.3%
gen 4 offspring [53/100] k=103 (used  99.9) c=0.799 alpha=-0.225 beta=+0.154 | loss 2.9999 (delta +0.1145) size 426.8 MB sparsity 15.8%
gen 4 offspring [54/100] k= 67 (used  25.0) c=0.941 alpha=-0.272 beta=+0.287 | loss 3.8595 (delta +0.9741) size 300.2 MB sparsity 23.1%
gen 4 offspring [55/100] k= 27 (used  15.0) c=0.795 alpha=-0.095 beta=+0.050 | loss 3.3923 (delta +0.5070) size 248.0 MB sparsity 11.0%
gen 4 offspring [56/100] k= 28 (used  27.0) c=0.947 alpha=-0.165 beta=+0.187 | loss 3.1389 (delta +0.2535) size 309.7 MB sparsity 15.8%
gen 4 offspring [57/100] k= 35 (used  20.0) c=0.708 alpha=-0.283 beta=+0.080 | loss 3.4267 (delta +0.5413) size 309.8 MB sparsity 15.6%
gen 4 offspring [58/100] k= 47 (used  45.0) c=0.788 alpha=-0.174 beta=+0.233 | loss 3.1075 (delta +0.2221) size 369.8 MB sparsity 17.0%
gen 4 offspring [59/100] k= 35 (used  19.0) c=0.702 alpha=-0.072 beta=+0.054 | loss 3.2966 (delta +0.4113) size 309.8 MB sparsity 7.5%
gen 4 offspring [60/100] k= 30 (used  15.0) c=0.956 alpha=-0.293 beta=+0.309 | loss 6.1125 (delta +3.2271) size 247.0 MB sparsity 25.0%
gen 4 offspring [61/100] k= 45 (used  43.0) c=0.869 alpha=-0.173 beta=+0.173 | loss 3.0641 (delta +0.1787) size 371.5 MB sparsity 14.6%
gen 4 offspring [62/100] k= 27 (used  27.0) c=0.947 alpha=-0.151 beta=+0.153 | loss 3.1007 (delta +0.2154) size 309.8 MB sparsity 14.2%
gen 4 offspring [63/100] k=101 (used  27.0) c=0.809 alpha=-0.164 beta=+0.164 | loss 3.1285 (delta +0.2432) size 309.8 MB sparsity 13.7%
gen 4 offspring [64/100] k= 63 (used  33.0) c=0.753 alpha=-0.090 beta=+0.117 | loss 3.0178 (delta +0.1325) size 344.3 MB sparsity 8.8%
gen 4 offspring [65/100] k=106 (used 103.0) c=0.947 alpha=-0.115 beta=+0.035 | loss 2.9135 (delta +0.0281) size 433.3 MB sparsity 6.6%
gen 4 offspring [66/100] k=215 (used  37.9) c=0.771 alpha=-0.166 beta=+0.236 | loss 3.0762 (delta +0.1908) size 370.5 MB sparsity 16.8%
gen 4 offspring [67/100] k= 87 (used  46.3) c=0.990 alpha=-0.467 beta=+0.369 | loss 3.8716 (delta +0.9862) size 308.2 MB sparsity 33.8%
gen 4 offspring [68/100] k= 65 (used  24.9) c=0.816 alpha=-0.272 beta=+0.309 | loss 3.4303 (delta +0.5450) size 297.5 MB sparsity 24.0%
gen 4 offspring [69/100] k=148 (used 144.0) c=0.839 alpha=-0.102 beta=+0.048 | loss 2.9239 (delta +0.0385) size 495.0 MB sparsity 6.3%
gen 4 offspring [70/100] k=126 (used  65.0) c=0.945 alpha=-0.155 beta=+0.151 | loss 2.9568 (delta +0.0714) size 385.9 MB sparsity 12.8%
gen 4 offspring [71/100] k= 99 (used  27.0) c=0.815 alpha=-0.162 beta=+0.181 | loss 3.1646 (delta +0.2793) size 309.8 MB sparsity 14.3%
gen 4 offspring [72/100] k=220 (used 113.0) c=0.770 alpha=-0.045 beta=+0.027 | loss 2.9245 (delta +0.0392) size 433.3 MB sparsity 3.0%
gen 4 offspring [73/100] k= 44 (used   6.0) c=0.816 alpha=-0.223 beta=+0.116 | loss 14.0847 (delta +11.1994) size 186.3 MB sparsity 14.4%
gen 4 offspring [74/100] k= 46 (used  23.0) c=0.768 alpha=-0.211 beta=+0.163 | loss 3.3242 (delta +0.4389) size 309.8 MB sparsity 15.7%
gen 4 offspring [75/100] k= 64 (used  59.0) c=0.761 alpha=-0.365 beta=+0.153 | loss 3.2402 (delta +0.3548) size 354.2 MB sparsity 21.4%
gen 4 offspring [76/100] k=137 (used 130.7) c=0.794 alpha=-0.236 beta=+0.174 | loss 3.0173 (delta +0.1320) size 472.3 MB sparsity 17.1%
gen 4 offspring [77/100] k= 32 (used  30.0) c=0.914 alpha=-0.513 beta=+0.181 | loss 17.9980 (delta +15.1126) size 284.4 MB sparsity 28.2%
gen 4 offspring [78/100] k= 36 (used  34.0) c=0.938 alpha=-0.173 beta=+0.170 | loss 3.2135 (delta +0.3282) size 371.3 MB sparsity 14.8%
gen 4 offspring [79/100] k= 65 (used  24.9) c=0.956 alpha=-0.158 beta=+0.309 | loss 3.4574 (delta +0.5720) size 309.5 MB sparsity 19.4%
gen 4 offspring [80/100] k= 43 (used  23.0) c=0.747 alpha=-0.178 beta=+0.190 | loss 3.1743 (delta +0.2890) size 309.8 MB sparsity 15.5%
gen 4 offspring [81/100] k=126 (used  64.2) c=0.945 alpha=-0.151 beta=+0.394 | loss 3.2180 (delta +0.3327) size 350.6 MB sparsity 22.3%
gen 4 offspring [82/100] k=160 (used  82.0) c=0.702 alpha=-0.044 beta=+0.037 | loss 2.9697 (delta +0.0844) size 433.3 MB sparsity 3.4%
gen 4 offspring [83/100] k=188 (used  27.0) c=0.816 alpha=-0.166 beta=+0.182 | loss 3.1734 (delta +0.2881) size 309.8 MB sparsity 14.5%
gen 4 offspring [84/100] k= 45 (used  43.0) c=0.832 alpha=-0.151 beta=+0.209 | loss 3.0491 (delta +0.1638) size 371.4 MB sparsity 15.2%
gen 4 offspring [85/100] k=112 (used 111.0) c=0.816 alpha=-0.116 beta=+0.007 | loss 2.9343 (delta +0.0490) size 433.3 MB sparsity 6.2%
gen 4 offspring [86/100] k= 29 (used  17.0) c=0.773 alpha=-0.072 beta=+0.180 | loss 3.3510 (delta +0.4657) size 278.5 MB sparsity 12.7%
gen 4 offspring [87/100] k=157 (used  27.0) c=0.769 alpha=-0.166 beta=+0.118 | loss 3.0981 (delta +0.2127) size 309.8 MB sparsity 11.9%
gen 4 offspring [88/100] k= 27 (used  26.0) c=0.982 alpha=-0.281 beta=+0.074 | loss 3.4011 (delta +0.5158) size 308.8 MB sparsity 18.5%
gen 4 offspring [89/100] k=150 (used  31.0) c=0.986 alpha=-0.166 beta=+0.118 | loss 3.1093 (delta +0.2239) size 309.8 MB sparsity 11.9%
gen 4 offspring [90/100] k=194 (used  35.0) c=0.788 alpha=-0.165 beta=+0.064 | loss 3.0163 (delta +0.1310) size 371.5 MB sparsity 9.6%
gen 4 offspring [91/100] k=114 (used  59.0) c=0.809 alpha=-0.022 beta=+0.018 | loss 2.9338 (delta +0.0484) size 371.5 MB sparsity 2.6%
gen 4 offspring [92/100] k=138 (used 137.0) c=0.740 alpha=-0.025 beta=+0.084 | loss 2.9412 (delta +0.0559) size 495.0 MB sparsity 4.7%
gen 4 offspring [93/100] k=170 (used 165.7) c=0.843 alpha=-0.192 beta=+0.173 | loss 2.9791 (delta +0.0937) size 481.4 MB sparsity 15.3%
gen 4 offspring [94/100] k= 33 (used  19.0) c=0.735 alpha=-0.041 beta=+0.079 | loss 3.2236 (delta +0.3382) size 309.8 MB sparsity 8.3%
gen 4 offspring [95/100] k=128 (used  67.7) c=0.708 alpha=-0.150 beta=+0.151 | loss 3.0191 (delta +0.1338) size 433.2 MB sparsity 12.6%
gen 4 offspring [96/100] k=194 (used 182.2) c=0.941 alpha=-0.326 beta=+0.153 | loss 3.1034 (delta +0.2180) size 459.0 MB sparsity 19.8%
gen 4 offspring [97/100] k= 85 (used  83.0) c=0.987 alpha=-0.084 beta=+0.084 | loss 2.9306 (delta +0.0452) size 433.3 MB sparsity 7.2%
gen 4 offspring [98/100] k=195 (used  21.0) c=0.942 alpha=-0.166 beta=+0.165 | loss 3.4426 (delta +0.5572) size 309.8 MB sparsity 13.9%
gen 4 offspring [99/100] k= 66 (used  32.9) c=0.968 alpha=-0.270 beta=+0.313 | loss 3.4958 (delta +0.6105) size 297.2 MB sparsity 24.1%
gen 4 offspring [100/100] k=137 (used 133.8) c=0.743 alpha=-0.281 beta=+0.281 | loss 3.2369 (delta +0.3516) size 442.2 MB sparsity 23.2%
=== generation 4/50 done in 565s (0 reused), batch baseline 2.8854, HV 0.13702, front 26 points, 100/100 feasible, best delta loss +0.0281, smallest 245.4 MB
gen 5 offspring [1/100] k= 36 (used  20.0) c=0.795 alpha=-0.238 beta=+0.126 | loss 3.3021 (delta +0.4168) size 309.8 MB sparsity 15.5%
gen 5 offspring [2/100] k= 39 (used  34.0) c=0.965 alpha=-0.183 beta=+0.116 | loss 3.1021 (delta +0.2168) size 371.5 MB sparsity 13.1%
gen 5 offspring [3/100] k=188 (used  93.9) c=0.973 alpha=-0.271 beta=+0.182 | loss 3.0717 (delta +0.1864) size 413.6 MB sparsity 18.8%
gen 5 offspring [4/100] k= 27 (used  26.0) c=0.937 alpha=-0.060 beta=+0.181 | loss 3.2668 (delta +0.3815) size 309.8 MB sparsity 14.4%
gen 5 offspring [5/100] k= 47 (used  22.0) c=0.729 alpha=-0.355 beta=+0.009 | loss 3.3245 (delta +0.4392) size 309.7 MB sparsity 17.4%
gen 5 offspring [6/100] k=143 (used  74.9) c=0.731 alpha=-0.194 beta=+0.001 | loss 2.9860 (delta +0.1007) size 433.3 MB sparsity 9.0%
gen 5 offspring [7/100] k=157 (used  85.9) c=0.773 alpha=-0.164 beta=+0.029 | loss 2.9468 (delta +0.0614) size 433.3 MB sparsity 8.1%
gen 5 offspring [8/100] k=111 (used  39.5) c=0.812 alpha=-0.275 beta=+0.157 | loss 3.1046 (delta +0.2193) size 366.7 MB sparsity 18.0%
gen 5 offspring [9/100] k= 45 (used  44.0) c=0.998 alpha=-0.243 beta=+0.032 | loss 3.0579 (delta +0.1726) size 371.4 MB sparsity 14.2%
gen 5 offspring [10/100] k=110 (used 109.0) c=0.947 alpha=-0.116 beta=+0.035 | loss 2.9091 (delta +0.0238) size 433.3 MB sparsity 6.6%
gen 5 offspring [11/100] k= 31 (used  17.0) c=0.756 alpha=-0.029 beta=+0.100 | loss 3.2358 (delta +0.3505) size 286.7 MB sparsity 9.3%
gen 5 offspring [12/100] k= 43 (used  41.0) c=0.815 alpha=-0.165 beta=+0.173 | loss 3.0495 (delta +0.1641) size 371.5 MB sparsity 14.3%
gen 5 offspring [13/100] k=249 (used 139.0) c=0.740 alpha=-0.091 beta=+0.234 | loss 3.0045 (delta +0.1191) size 489.8 MB sparsity 13.6%
gen 5 offspring [14/100] k= 23 (used  22.0) c=0.947 alpha=-0.181 beta=+0.205 | loss 3.5424 (delta +0.6571) size 309.0 MB sparsity 17.5%
gen 5 offspring [15/100] k=134 (used 126.9) c=0.715 alpha=-0.072 beta=+0.180 | loss 2.9867 (delta +0.1014) size 433.3 MB sparsity 10.6%
gen 5 offspring [16/100] k= 28 (used  14.0) c=0.795 alpha=-0.200 beta=+0.224 | loss 4.7700 (delta +1.8847) size 248.0 MB sparsity 18.0%
gen 5 offspring [17/100] k=104 (used 102.0) c=0.829 alpha=-0.116 beta=+0.117 | loss 2.9353 (delta +0.0499) size 433.3 MB sparsity 9.8%
gen 5 offspring [18/100] k= 16 (used  15.0) c=0.949 alpha=-0.181 beta=+0.115 | loss 3.8023 (delta +0.9169) size 245.4 MB sparsity 23.5%
gen 5 offspring [19/100] k=148 (used  17.0) c=0.841 alpha=-0.060 beta=+0.046 | loss 3.5323 (delta +0.6469) size 298.6 MB sparsity 4.5%
gen 5 offspring [20/100] k=167 (used  45.0) c=0.747 alpha=-0.099 beta=+0.059 | loss 2.9768 (delta +0.0914) size 371.5 MB sparsity 6.7%
gen 5 offspring [21/100] k= 94 (used  91.7) c=0.797 alpha=-0.368 beta=+0.127 | loss 3.1355 (delta +0.2501) size 407.0 MB sparsity 20.4%
gen 5 offspring [22/100] k= 30 (used  17.0) c=0.764 alpha=-0.179 beta=+0.000 | loss 3.3302 (delta +0.4449) size 278.7 MB sparsity 12.6%
gen 5 offspring [23/100] k=200 (used 108.4) c=0.766 alpha=-0.020 beta=+0.166 | loss 2.9451 (delta +0.0598) size 433.3 MB sparsity 7.8%
gen 5 offspring [24/100] k= 77 (used  41.0) c=0.865 alpha=-0.149 beta=+0.032 | loss 2.9747 (delta +0.0893) size 371.5 MB sparsity 8.3%
gen 5 offspring [25/100] k=148 (used 141.9) c=0.820 alpha=-0.184 beta=+0.117 | loss 2.9467 (delta +0.0613) size 494.0 MB sparsity 12.6%
gen 5 offspring [26/100] k=148 (used  75.8) c=0.747 alpha=-0.192 beta=+0.189 | loss 3.0362 (delta +0.1508) size 426.3 MB sparsity 15.9%
gen 5 offspring [27/100] k= 27 (used  26.0) c=0.982 alpha=-0.281 beta=+0.008 | loss 3.4011 (delta +0.5158) size 308.8 MB sparsity 18.5%
gen 5 offspring [28/100] k= 63 (used  33.0) c=0.816 alpha=-0.072 beta=+0.158 | loss 3.0036 (delta +0.1182) size 341.1 MB sparsity 9.9%
gen 5 offspring [29/100] k=165 (used  29.0) c=0.819 alpha=-0.166 beta=+0.118 | loss 3.0945 (delta +0.2092) size 309.8 MB sparsity 11.9%
gen 5 offspring [30/100] k=108 (used  28.0) c=0.798 alpha=-0.022 beta=+0.229 | loss 3.1444 (delta +0.2591) size 309.8 MB sparsity 10.9%
gen 5 offspring [31/100] k=111 (used  30.8) c=0.813 alpha=-0.174 beta=+0.235 | loss 3.0854 (delta +0.2000) size 309.8 MB sparsity 17.0%
gen 5 offspring [32/100] k= 21 (used  21.0) c=0.947 alpha=-0.056 beta=+0.181 | loss 3.2408 (delta +0.3555) size 308.5 MB sparsity 17.1%
gen 5 offspring [33/100] k=214 (used 210.9) c=0.930 alpha=-0.060 beta=+0.150 | loss 2.9079 (delta +0.0226) size 495.0 MB sparsity 8.8%
gen 5 offspring [34/100] k=221 (used 115.0) c=0.776 alpha=-0.045 beta=+0.027 | loss 2.9210 (delta +0.0356) size 433.3 MB sparsity 3.0%
gen 5 offspring [35/100] k=126 (used  65.0) c=0.863 alpha=-0.151 beta=+0.151 | loss 2.9534 (delta +0.0681) size 386.5 MB sparsity 12.6%
gen 5 offspring [36/100] k=239 (used 236.2) c=0.795 alpha=-0.123 beta=+0.230 | loss 2.9766 (delta +0.0913) size 484.2 MB sparsity 14.7%
gen 5 offspring [37/100] k=126 (used  64.9) c=0.795 alpha=-0.207 beta=+0.148 | loss 2.9887 (delta +0.1034) size 378.2 MB sparsity 14.9%
gen 5 offspring [38/100] k= 26 (used  11.0) c=0.702 alpha=-0.044 beta=+0.312 | loss 5.1782 (delta +2.2928) size 248.0 MB sparsity 18.1%
gen 5 offspring [39/100] k= 28 (used  16.0) c=0.795 alpha=-0.095 beta=+0.050 | loss 3.3821 (delta +0.4967) size 248.0 MB sparsity 11.0%
gen 5 offspring [40/100] k= 82 (used  43.0) c=0.787 alpha=-0.099 beta=+0.004 | loss 2.9661 (delta +0.0807) size 371.5 MB sparsity 6.0%
gen 5 offspring [41/100] k= 99 (used  27.0) c=0.815 alpha=-0.162 beta=+0.181 | loss 3.1633 (delta +0.2780) size 309.8 MB sparsity 14.3%
gen 5 offspring [42/100] k= 16 (used  16.0) c=0.788 alpha=-0.111 beta=+0.170 | loss 3.4916 (delta +0.6062) size 247.4 MB sparsity 19.7%
gen 5 offspring [43/100] k= 74 (used   9.0) c=0.752 alpha=-0.117 beta=+0.118 | loss 8.3790 (delta +5.4936) size 229.7 MB sparsity 9.9%
gen 5 offspring [44/100] k=128 (used 125.0) c=0.816 alpha=-0.116 beta=+0.007 | loss 2.9226 (delta +0.0373) size 433.3 MB sparsity 6.0%
gen 5 offspring [45/100] k=215 (used  57.0) c=0.861 alpha=-0.181 beta=+0.182 | loss 3.0002 (delta +0.1148) size 371.4 MB sparsity 15.2%
gen 5 offspring [46/100] k=149 (used  41.0) c=0.783 alpha=-0.173 beta=+0.198 | loss 3.0294 (delta +0.1440) size 371.4 MB sparsity 15.5%
gen 5 offspring [47/100] k= 82 (used  80.0) c=0.942 alpha=-0.054 beta=+0.151 | loss 2.9375 (delta +0.0522) size 433.3 MB sparsity 8.8%
gen 5 offspring [48/100] k=141 (used 138.0) c=0.999 alpha=-0.329 beta=+0.383 | loss 3.4587 (delta +0.5734) size 413.1 MB sparsity 29.1%
gen 5 offspring [49/100] k= 66 (used   9.0) c=0.808 alpha=-0.165 beta=+0.313 | loss 9.5447 (delta +6.6594) size 211.4 MB sparsity 19.8%
gen 5 offspring [50/100] k= 23 (used  23.0) c=0.947 alpha=-0.161 beta=+0.187 | loss 3.1717 (delta +0.2864) size 309.2 MB sparsity 16.5%
gen 5 offspring [51/100] k= 27 (used  15.0) c=0.715 alpha=-0.044 beta=+0.077 | loss 3.3923 (delta +0.5070) size 248.0 MB sparsity 9.9%
gen 5 offspring [52/100] k=215 (used  38.0) c=0.771 alpha=-0.194 beta=+0.235 | loss 3.1103 (delta +0.2249) size 367.0 MB sparsity 17.9%
gen 5 offspring [53/100] k=240 (used  37.0) c=0.769 alpha=-0.047 beta=+0.116 | loss 3.0103 (delta +0.1250) size 371.5 MB sparsity 6.8%
gen 5 offspring [54/100] k= 65 (used  18.0) c=0.816 alpha=-0.192 beta=+0.315 | loss 3.9422 (delta +1.0569) size 306.8 MB sparsity 21.0%
gen 5 offspring [55/100] k=148 (used  17.0) c=0.838 alpha=-0.171 beta=+0.080 | loss 3.6389 (delta +0.7535) size 283.7 MB sparsity 10.5%
gen 5 offspring [56/100] k=148 (used  16.0) c=0.806 alpha=-0.096 beta=+0.114 | loss 3.8418 (delta +0.9564) size 248.0 MB sparsity 8.8%
gen 5 offspring [57/100] k= 29 (used  28.0) c=0.754 alpha=-0.144 beta=+0.002 | loss 3.1023 (delta +0.2170) size 309.8 MB sparsity 11.2%
gen 5 offspring [58/100] k= 37 (used  21.0) c=0.919 alpha=-0.202 beta=+0.239 | loss 3.4472 (delta +0.5618) size 309.6 MB sparsity 18.5%
gen 5 offspring [59/100] k=154 (used 150.0) c=0.843 alpha=-0.110 beta=+0.117 | loss 2.9227 (delta +0.0373) size 495.0 MB sparsity 9.5%
gen 5 offspring [60/100] k= 52 (used   9.0) c=0.771 alpha=-0.165 beta=+0.119 | loss 8.8825 (delta +5.9971) size 225.8 MB sparsity 12.0%
gen 5 offspring [61/100] k= 30 (used  30.0) c=0.773 alpha=-0.007 beta=+0.084 | loss 3.0218 (delta +0.1365) size 309.8 MB sparsity 9.9%
gen 5 offspring [62/100] k= 58 (used  31.0) c=0.795 alpha=-0.095 beta=+0.050 | loss 3.0002 (delta +0.1148) size 309.8 MB sparsity 6.7%
gen 5 offspring [63/100] k=148 (used  78.0) c=0.787 alpha=-0.056 beta=+0.004 | loss 2.9301 (delta +0.0447) size 433.3 MB sparsity 3.3%
gen 5 offspring [64/100] k=148 (used 146.0) c=0.815 alpha=-0.116 beta=+0.007 | loss 2.9210 (delta +0.0357) size 495.0 MB sparsity 5.9%
gen 5 offspring [65/100] k=101 (used  27.0) c=0.808 alpha=-0.164 beta=+0.164 | loss 3.1291 (delta +0.2437) size 309.8 MB sparsity 13.7%
gen 5 offspring [66/100] k=168 (used 161.7) c=0.839 alpha=-0.194 beta=+0.181 | loss 2.9939 (delta +0.1086) size 479.4 MB sparsity 15.7%
gen 5 offspring [67/100] k= 49 (used  13.0) c=0.798 alpha=-0.151 beta=+0.229 | loss 5.0937 (delta +2.2084) size 248.0 MB sparsity 15.9%
gen 5 offspring [68/100] k= 24 (used  23.0) c=0.762 alpha=-0.030 beta=+0.166 | loss 3.2294 (delta +0.3440) size 309.8 MB sparsity 13.6%
gen 5 offspring [69/100] k= 59 (used  29.0) c=0.770 alpha=-0.192 beta=+0.173 | loss 3.1638 (delta +0.2784) size 309.8 MB sparsity 15.3%
gen 5 offspring [70/100] k=109 (used  54.9) c=0.732 alpha=-0.281 beta=+0.281 | loss 3.2567 (delta +0.3714) size 347.4 MB sparsity 23.2%
gen 5 offspring [71/100] k=142 (used 139.0) c=0.998 alpha=-0.040 beta=+0.116 | loss 2.9046 (delta +0.0192) size 495.0 MB sparsity 6.6%
gen 5 offspring [72/100] k=169 (used  57.0) c=0.839 alpha=-0.048 beta=+0.050 | loss 2.9476 (delta +0.0622) size 371.5 MB sparsity 4.2%
gen 5 offspring [73/100] k=148 (used  15.0) c=0.840 alpha=-0.080 beta=+0.044 | loss 3.9620 (delta +1.0766) size 248.0 MB sparsity 5.3%
gen 5 offspring [74/100] k= 30 (used  13.0) c=0.744 alpha=-0.272 beta=+0.309 | loss 5.4071 (delta +2.5218) size 247.7 MB sparsity 24.1%
gen 5 offspring [75/100] k=110 (used  57.6) c=0.711 alpha=-0.202 beta=+0.025 | loss 3.0176 (delta +0.1322) size 371.5 MB sparsity 9.7%
gen 5 offspring [76/100] k= 47 (used  23.0) c=0.794 alpha=-0.211 beta=+0.162 | loss 3.2769 (delta +0.3915) size 309.8 MB sparsity 15.6%
gen 5 offspring [77/100] k= 80 (used  78.0) c=0.987 alpha=-0.102 beta=+0.037 | loss 2.9233 (delta +0.0379) size 433.3 MB sparsity 6.6%
gen 5 offspring [78/100] k= 87 (used  15.0) c=0.783 alpha=-0.166 beta=+0.235 | loss 4.1601 (delta +1.2748) size 248.0 MB sparsity 16.7%
gen 5 offspring [79/100] k=138 (used 136.9) c=0.740 alpha=-0.025 beta=+0.112 | loss 2.9485 (delta +0.0632) size 495.0 MB sparsity 5.8%
gen 5 offspring [80/100] k=107 (used  29.0) c=0.943 alpha=-0.181 beta=+0.074 | loss 3.0862 (delta +0.2008) size 309.8 MB sparsity 10.7%
gen 5 offspring [81/100] k= 31 (used   6.0) c=0.958 alpha=-0.503 beta=+0.064 | loss 17.7359 (delta +14.8505) size 186.3 MB sparsity 25.8%
gen 5 offspring [82/100] k= 59 (used  32.0) c=0.945 alpha=-0.155 beta=+0.227 | loss 3.1196 (delta +0.2343) size 309.8 MB sparsity 16.0%
gen 5 offspring [83/100] k= 65 (used  35.0) c=0.956 alpha=-0.293 beta=+0.069 | loss 3.1257 (delta +0.2403) size 371.4 MB sparsity 15.3%
gen 5 offspring [84/100] k= 45 (used  43.0) c=0.795 alpha=-0.233 beta=+0.127 | loss 3.0662 (delta +0.1808) size 371.4 MB sparsity 15.2%
gen 5 offspring [85/100] k=101 (used  49.0) c=0.941 alpha=-0.289 beta=+0.313 | loss 3.3151 (delta +0.4297) size 341.4 MB sparsity 24.8%
gen 5 offspring [86/100] k=102 (used  27.0) c=0.772 alpha=-0.192 beta=+0.173 | loss 3.2181 (delta +0.3328) size 309.8 MB sparsity 15.2%
gen 5 offspring [87/100] k= 29 (used  27.0) c=0.949 alpha=-0.178 beta=+0.232 | loss 3.5110 (delta +0.6257) size 309.5 MB sparsity 17.7%
gen 5 offspring [88/100] k=147 (used  76.0) c=0.806 alpha=-0.090 beta=+0.113 | loss 2.9374 (delta +0.0520) size 433.3 MB sparsity 8.6%
gen 5 offspring [89/100] k=149 (used 144.0) c=0.816 alpha=-0.116 beta=+0.035 | loss 2.9278 (delta +0.0424) size 495.0 MB sparsity 6.4%
gen 5 offspring [90/100] k= 30 (used  30.0) c=0.754 alpha=-0.079 beta=+0.003 | loss 3.0118 (delta +0.1265) size 309.8 MB sparsity 9.7%
gen 5 offspring [91/100] k=113 (used  62.0) c=0.770 alpha=-0.098 beta=+0.027 | loss 2.9426 (delta +0.0572) size 371.5 MB sparsity 5.5%
gen 5 offspring [92/100] k= 32 (used  31.0) c=0.813 alpha=-0.231 beta=+0.126 | loss 3.1122 (delta +0.2268) size 309.8 MB sparsity 15.5%
gen 5 offspring [93/100] k= 66 (used  65.0) c=0.994 alpha=-0.029 beta=+0.025 | loss 2.9232 (delta +0.0379) size 412.5 MB sparsity 5.6%
gen 5 offspring [94/100] k= 22 (used  21.0) c=0.947 alpha=-0.071 beta=+0.181 | loss 3.2408 (delta +0.3555) size 308.5 MB sparsity 17.1%
gen 5 offspring [95/100] k=200 (used 115.4) c=0.766 alpha=-0.042 beta=+0.167 | loss 2.9463 (delta +0.0610) size 433.3 MB sparsity 8.8%
gen 5 offspring [96/100] k=114 (used  59.0) c=0.751 alpha=-0.025 beta=+0.000 | loss 2.9442 (delta +0.0588) size 371.5 MB sparsity 2.5%
gen 5 offspring [97/100] k= 36 (used  34.0) c=0.947 alpha=-0.151 beta=+0.159 | loss 3.1734 (delta +0.2880) size 371.5 MB sparsity 13.6%
gen 5 offspring [98/100] k=148 (used 144.0) c=0.777 alpha=-0.110 beta=+0.116 | loss 2.9339 (delta +0.0486) size 495.0 MB sparsity 9.5%
gen 5 offspring [99/100] k= 37 (used   9.0) c=0.921 alpha=-0.321 beta=+0.355 | loss 10.6899 (delta +7.8045) size 196.6 MB sparsity 27.8%
gen 5 offspring [100/100] k=100 (used  95.9) c=0.797 alpha=-0.207 beta=+0.275 | loss 3.0809 (delta +0.1955) size 408.6 MB sparsity 20.0%
=== generation 5/50 done in 565s (0 reused), batch baseline 2.8854, HV 0.14905, front 33 points, 100/100 feasible, best delta loss +0.0192, smallest 245.4 MB
gen 6 offspring [1/100] k=127 (used 116.0) c=0.947 alpha=-0.072 beta=+0.185 | loss 2.9374 (delta +0.0520) size 433.3 MB sparsity 10.8%
gen 6 offspring [2/100] k= 30 (used  30.0) c=0.785 alpha=-0.029 beta=+0.000 | loss 3.0209 (delta +0.1356) size 309.8 MB sparsity 10.0%
gen 6 offspring [3/100] k= 83 (used  44.0) c=0.828 alpha=-0.022 beta=+0.166 | loss 2.9905 (delta +0.1051) size 371.5 MB sparsity 8.8%
gen 6 offspring [4/100] k= 83 (used  82.0) c=0.989 alpha=-0.098 beta=+0.037 | loss 2.9161 (delta +0.0308) size 433.3 MB sparsity 6.4%
gen 6 offspring [5/100] k= 72 (used  27.0) c=0.860 alpha=-0.182 beta=+0.015 | loss 3.1457 (delta +0.2603) size 309.8 MB sparsity 9.8%
gen 6 offspring [6/100] k=155 (used  76.9) c=0.999 alpha=-0.119 beta=+0.159 | loss 2.9422 (delta +0.0568) size 433.3 MB sparsity 11.7%
gen 6 offspring [7/100] k= 29 (used  17.0) c=0.758 alpha=-0.095 beta=+0.053 | loss 3.3024 (delta +0.4171) size 285.6 MB sparsity 9.8%
gen 6 offspring [8/100] k=215 (used  37.9) c=0.771 alpha=-0.171 beta=+0.063 | loss 3.0088 (delta +0.1234) size 371.5 MB sparsity 9.8%
gen 6 offspring [9/100] k= 63 (used  34.0) c=0.816 alpha=-0.165 beta=+0.161 | loss 3.0298 (delta +0.1444) size 371.5 MB sparsity 13.7%
gen 6 offspring [10/100] k= 67 (used  34.9) c=0.776 alpha=-0.196 beta=+0.224 | loss 3.1405 (delta +0.2552) size 368.4 MB sparsity 17.5%
gen 6 offspring [11/100] k= 51 (used  27.0) c=0.753 alpha=-0.090 beta=+0.185 | loss 3.0926 (delta +0.2072) size 309.8 MB sparsity 11.7%
gen 6 offspring [12/100] k=148 (used 145.0) c=0.815 alpha=-0.116 beta=+0.078 | loss 2.9230 (delta +0.0376) size 495.0 MB sparsity 8.2%
gen 6 offspring [13/100] k= 23 (used  23.0) c=0.921 alpha=-0.052 beta=+0.169 | loss 3.1349 (delta +0.2495) size 309.4 MB sparsity 15.4%
gen 6 offspring [14/100] k= 51 (used  27.0) c=0.795 alpha=-0.095 beta=+0.050 | loss 3.0371 (delta +0.1518) size 309.8 MB sparsity 7.0%
gen 6 offspring [15/100] k= 47 (used  46.0) c=0.951 alpha=-0.112 beta=+0.084 | loss 3.0052 (delta +0.1198) size 371.5 MB sparsity 8.9%
gen 6 offspring [16/100] k= 16 (used  15.0) c=0.945 alpha=-0.116 beta=+0.232 | loss 3.8206 (delta +0.9353) size 245.5 MB sparsity 23.5%
gen 6 offspring [17/100] k=130 (used  68.0) c=0.860 alpha=-0.116 beta=+0.006 | loss 2.9313 (delta +0.0460) size 433.3 MB sparsity 6.1%
gen 6 offspring [18/100] k=194 (used 103.0) c=0.787 alpha=-0.067 beta=+0.023 | loss 2.9201 (delta +0.0348) size 433.3 MB sparsity 3.8%
gen 6 offspring [19/100] k= 87 (used  46.0) c=0.942 alpha=-0.060 beta=+0.151 | loss 2.9541 (delta +0.0687) size 371.5 MB sparsity 9.0%
gen 6 offspring [20/100] k= 82 (used  80.0) c=0.949 alpha=-0.054 beta=+0.153 | loss 2.9401 (delta +0.0547) size 433.3 MB sparsity 8.9%
gen 6 offspring [21/100] k=199 (used  27.0) c=0.756 alpha=-0.028 beta=+0.004 | loss 3.0603 (delta +0.1750) size 309.8 MB sparsity 1.9%
gen 6 offspring [22/100] k=214 (used 133.0) c=0.824 alpha=-0.060 beta=+0.089 | loss 2.9203 (delta +0.0349) size 495.0 MB sparsity 6.3%
gen 6 offspring [23/100] k=133 (used 131.0) c=0.947 alpha=-0.048 beta=+0.114 | loss 2.9050 (delta +0.0196) size 495.0 MB sparsity 6.9%
gen 6 offspring [24/100] k= 27 (used  15.0) c=0.942 alpha=-0.060 beta=+0.183 | loss 3.8139 (delta +0.9285) size 248.0 MB sparsity 14.6%
gen 6 offspring [25/100] k= 22 (used  22.0) c=0.702 alpha=-0.072 beta=+0.072 | loss 3.1896 (delta +0.3042) size 309.8 MB sparsity 12.5%
gen 6 offspring [26/100] k=111 (used  31.0) c=0.812 alpha=-0.119 beta=+0.164 | loss 3.0807 (delta +0.1953) size 309.8 MB sparsity 11.9%
gen 6 offspring [27/100] k= 27 (used  15.0) c=0.702 alpha=-0.044 beta=+0.074 | loss 3.3832 (delta +0.4978) size 248.0 MB sparsity 9.7%
gen 6 offspring [28/100] k=113 (used  38.0) c=0.813 alpha=-0.147 beta=+0.235 | loss 3.0640 (delta +0.1786) size 371.3 MB sparsity 15.9%
gen 6 offspring [29/100] k=148 (used  23.0) c=0.835 alpha=-0.171 beta=+0.080 | loss 3.2128 (delta +0.3274) size 309.8 MB sparsity 10.5%
gen 6 offspring [30/100] k=241 (used 212.4) c=0.789 alpha=-0.111 beta=+0.174 | loss 2.9455 (delta +0.0601) size 494.8 MB sparsity 11.9%
gen 6 offspring [31/100] k= 66 (used  35.0) c=0.753 alpha=-0.098 beta=+0.117 | loss 3.0012 (delta +0.1158) size 371.5 MB sparsity 9.1%
gen 6 offspring [32/100] k=146 (used  17.0) c=0.755 alpha=-0.079 beta=+0.079 | loss 3.3744 (delta +0.4890) size 293.2 MB sparsity 6.7%
gen 6 offspring [33/100] k= 87 (used  86.0) c=0.947 alpha=-0.115 beta=+0.035 | loss 2.9176 (delta +0.0322) size 433.3 MB sparsity 6.9%
gen 6 offspring [34/100] k= 27 (used  27.0) c=0.754 alpha=-0.029 beta=+0.000 | loss 3.0481 (delta +0.1627) size 309.8 MB sparsity 10.4%
gen 6 offspring [35/100] k=107 (used  29.0) c=0.842 alpha=-0.174 beta=+0.076 | loss 3.0593 (delta +0.1739) size 309.8 MB sparsity 10.5%
gen 6 offspring [36/100] k=140 (used  73.0) c=0.794 alpha=-0.116 beta=+0.004 | loss 2.9338 (delta +0.0484) size 433.3 MB sparsity 5.9%
gen 6 offspring [37/100] k= 27 (used  15.0) c=0.795 alpha=-0.028 beta=+0.050 | loss 3.3925 (delta +0.5071) size 248.0 MB sparsity 10.9%
gen 6 offspring [38/100] k=169 (used  93.0) c=0.770 alpha=-0.099 beta=+0.027 | loss 2.9323 (delta +0.0469) size 433.3 MB sparsity 5.3%
gen 6 offspring [39/100] k=148 (used  76.6) c=0.816 alpha=-0.116 beta=+0.158 | loss 2.9494 (delta +0.0641) size 433.3 MB sparsity 11.5%
gen 6 offspring [40/100] k= 16 (used  15.0) c=0.949 alpha=-0.181 beta=+0.071 | loss 3.8023 (delta +0.9169) size 245.4 MB sparsity 23.5%
gen 6 offspring [41/100] k= 17 (used  17.0) c=0.804 alpha=-0.116 beta=+0.115 | loss 3.3534 (delta +0.4681) size 266.1 MB sparsity 17.7%
gen 6 offspring [42/100] k= 24 (used  14.0) c=0.808 alpha=-0.183 beta=+0.166 | loss 3.9418 (delta +1.0564) size 248.0 MB sparsity 15.7%
gen 6 offspring [43/100] k= 60 (used  10.0) c=0.795 alpha=-0.166 beta=+0.236 | loss 7.9020 (delta +5.0167) size 248.0 MB sparsity 16.8%
gen 6 offspring [44/100] k= 57 (used  31.0) c=0.795 alpha=-0.091 beta=+0.050 | loss 3.0042 (delta +0.1188) size 309.8 MB sparsity 6.6%
gen 6 offspring [45/100] k=107 (used  55.0) c=0.844 alpha=-0.062 beta=+0.073 | loss 2.9349 (delta +0.0496) size 371.5 MB sparsity 5.8%
gen 6 offspring [46/100] k= 21 (used  21.0) c=0.947 alpha=-0.094 beta=+0.032 | loss 3.2310 (delta +0.3457) size 308.6 MB sparsity 16.7%
gen 6 offspring [47/100] k=101 (used  53.0) c=0.765 alpha=-0.056 beta=+0.008 | loss 2.9474 (delta +0.0621) size 371.5 MB sparsity 3.8%
gen 6 offspring [48/100] k= 27 (used  27.0) c=0.953 alpha=-0.154 beta=+0.187 | loss 3.1389 (delta +0.2535) size 309.7 MB sparsity 15.4%
gen 6 offspring [49/100] k=113 (used  61.0) c=0.768 alpha=-0.011 beta=+0.027 | loss 2.9415 (delta +0.0561) size 371.5 MB sparsity 2.5%
gen 6 offspring [50/100] k=150 (used  17.0) c=0.807 alpha=-0.095 beta=+0.114 | loss 3.5415 (delta +0.6562) size 288.1 MB sparsity 8.8%
gen 6 offspring [51/100] k= 45 (used  43.0) c=0.742 alpha=-0.355 beta=+0.016 | loss 3.1939 (delta +0.3086) size 368.1 MB sparsity 17.6%
gen 6 offspring [52/100] k= 27 (used  15.0) c=0.794 alpha=-0.085 beta=+0.096 | loss 3.3890 (delta +0.5036) size 248.0 MB sparsity 10.9%
gen 6 offspring [53/100] k= 27 (used  15.0) c=0.702 alpha=-0.065 beta=+0.245 | loss 3.5300 (delta +0.6447) size 248.0 MB sparsity 15.1%
gen 6 offspring [54/100] k=148 (used  17.0) c=0.838 alpha=-0.079 beta=+0.077 | loss 3.5103 (delta +0.6250) size 293.5 MB sparsity 6.6%
gen 6 offspring [55/100] k= 74 (used  39.0) c=0.795 alpha=-0.072 beta=+0.073 | loss 2.9709 (delta +0.0855) size 371.5 MB sparsity 6.3%
gen 6 offspring [56/100] k=219 (used  58.1) c=0.861 alpha=-0.231 beta=+0.114 | loss 3.0061 (delta +0.1208) size 371.5 MB sparsity 14.4%
gen 6 offspring [57/100] k=148 (used 146.0) c=0.816 alpha=-0.116 beta=+0.007 | loss 2.9199 (delta +0.0346) size 495.0 MB sparsity 5.9%
gen 6 offspring [58/100] k= 30 (used  17.0) c=0.783 alpha=-0.029 beta=+0.095 | loss 3.3074 (delta +0.4221) size 284.9 MB sparsity 10.1%
gen 6 offspring [59/100] k=105 (used  52.9) c=0.726 alpha=-0.359 beta=+0.035 | loss 3.1769 (delta +0.2915) size 371.1 MB sparsity 16.3%
gen 6 offspring [60/100] k=101 (used  99.0) c=0.859 alpha=-0.056 beta=+0.074 | loss 2.9277 (delta +0.0424) size 433.3 MB sparsity 5.6%
gen 6 offspring [61/100] k= 89 (used  13.0) c=0.768 alpha=-0.204 beta=+0.161 | loss 4.9482 (delta +2.0628) size 248.0 MB sparsity 15.3%
gen 6 offspring [62/100] k=248 (used 245.0) c=0.776 alpha=-0.045 beta=+0.027 | loss 2.9162 (delta +0.0308) size 495.1 MB sparsity 3.0%
gen 6 offspring [63/100] k= 27 (used  15.0) c=0.702 alpha=-0.044 beta=+0.119 | loss 3.3896 (delta +0.5043) size 248.0 MB sparsity 10.3%
gen 6 offspring [64/100] k= 30 (used  28.0) c=0.795 alpha=-0.216 beta=+0.164 | loss 3.2719 (delta +0.3865) size 309.8 MB sparsity 16.3%
gen 6 offspring [65/100] k=154 (used 151.9) c=0.943 alpha=-0.110 beta=+0.116 | loss 2.9115 (delta +0.0261) size 495.0 MB sparsity 9.5%
gen 6 offspring [66/100] k= 29 (used  29.0) c=0.998 alpha=-0.165 beta=+0.145 | loss 3.0819 (delta +0.1965) size 309.8 MB sparsity 14.3%
gen 6 offspring [67/100] k= 86 (used  84.9) c=0.834 alpha=-0.025 beta=+0.190 | loss 2.9469 (delta +0.0616) size 433.3 MB sparsity 9.7%
gen 6 offspring [68/100] k= 28 (used  15.0) c=0.947 alpha=-0.161 beta=+0.187 | loss 3.8748 (delta +0.9894) size 248.0 MB sparsity 15.6%
gen 6 offspring [69/100] k=148 (used 143.9) c=0.998 alpha=-0.173 beta=+0.137 | loss 2.9439 (delta +0.0585) size 492.6 MB sparsity 13.0%
gen 6 offspring [70/100] k=126 (used  65.0) c=0.863 alpha=-0.151 beta=+0.171 | loss 2.9647 (delta +0.0794) size 383.4 MB sparsity 13.5%
gen 6 offspring [71/100] k= 74 (used  39.0) c=0.770 alpha=-0.072 beta=+0.073 | loss 2.9810 (delta +0.0956) size 371.5 MB sparsity 6.3%
gen 6 offspring [72/100] k= 23 (used  22.0) c=0.762 alpha=-0.109 beta=+0.166 | loss 3.2545 (delta +0.3691) size 309.8 MB sparsity 13.6%
gen 6 offspring [73/100] k=198 (used  21.0) c=0.768 alpha=-0.216 beta=+0.165 | loss 3.3823 (delta +0.4970) size 309.8 MB sparsity 15.9%
gen 6 offspring [74/100] k= 16 (used   7.0) c=0.746 alpha=-0.100 beta=+0.054 | loss 10.4704 (delta +7.5851) size 186.3 MB sparsity 18.7%
gen 6 offspring [75/100] k= 16 (used  15.0) c=0.949 alpha=-0.116 beta=+0.232 | loss 3.7991 (delta +0.9137) size 245.4 MB sparsity 23.6%
gen 6 offspring [76/100] k= 31 (used  31.0) c=0.839 alpha=-0.080 beta=+0.004 | loss 3.0171 (delta +0.1317) size 309.8 MB sparsity 10.0%
gen 6 offspring [77/100] k=105 (used 103.0) c=0.942 alpha=-0.060 beta=+0.151 | loss 2.9214 (delta +0.0360) size 433.3 MB sparsity 8.9%
gen 6 offspring [78/100] k= 67 (used  35.0) c=0.715 alpha=-0.043 beta=+0.077 | loss 3.0307 (delta +0.1453) size 371.5 MB sparsity 5.4%
gen 6 offspring [79/100] k=154 (used 150.9) c=0.862 alpha=-0.187 beta=+0.090 | loss 2.9411 (delta +0.0558) size 494.9 MB sparsity 11.6%
gen 6 offspring [80/100] k= 30 (used  17.0) c=0.795 alpha=-0.095 beta=+0.050 | loss 3.3283 (delta +0.4429) size 284.5 MB sparsity 10.2%
gen 6 offspring [81/100] k= 30 (used  30.0) c=0.770 alpha=-0.096 beta=+0.001 | loss 3.0221 (delta +0.1367) size 309.8 MB sparsity 9.9%
gen 6 offspring [82/100] k=113 (used  39.0) c=0.839 alpha=-0.047 beta=+0.171 | loss 3.0345 (delta +0.1492) size 371.5 MB sparsity 9.2%
gen 6 offspring [83/100] k= 63 (used  62.0) c=0.816 alpha=-0.072 beta=+0.008 | loss 2.9434 (delta +0.0580) size 371.5 MB sparsity 5.6%
gen 6 offspring [84/100] k= 23 (used  23.0) c=0.947 alpha=-0.165 beta=+0.181 | loss 3.1671 (delta +0.2818) size 309.2 MB sparsity 16.4%
gen 6 offspring [85/100] k= 98 (used  49.0) c=0.934 alpha=-0.059 beta=+0.026 | loss 2.9430 (delta +0.0577) size 371.5 MB sparsity 4.3%
gen 6 offspring [86/100] k=166 (used  19.0) c=0.760 alpha=-0.094 beta=+0.114 | loss 3.2909 (delta +0.4056) size 309.8 MB sparsity 8.7%
gen 6 offspring [87/100] k=214 (used 106.7) c=0.771 alpha=-0.196 beta=+0.189 | loss 3.0153 (delta +0.1300) size 425.6 MB sparsity 16.1%
gen 6 offspring [88/100] k=252 (used 128.0) c=0.770 alpha=-0.043 beta=+0.027 | loss 2.9182 (delta +0.0328) size 433.3 MB sparsity 2.9%
gen 6 offspring [89/100] k=113 (used 112.0) c=0.947 alpha=-0.116 beta=+0.001 | loss 2.9112 (delta +0.0259) size 433.3 MB sparsity 6.4%
gen 6 offspring [90/100] k= 16 (used  15.0) c=0.947 alpha=-0.166 beta=+0.181 | loss 3.7925 (delta +0.9071) size 245.5 MB sparsity 23.4%
gen 6 offspring [91/100] k=156 (used 154.0) c=0.814 alpha=-0.116 beta=+0.002 | loss 2.9230 (delta +0.0376) size 495.0 MB sparsity 5.8%
gen 6 offspring [92/100] k= 30 (used  17.0) c=0.773 alpha=-0.052 beta=+0.187 | loss 3.3519 (delta +0.4666) size 277.8 MB sparsity 12.9%
gen 6 offspring [93/100] k= 27 (used  26.0) c=0.700 alpha=-0.044 beta=+0.189 | loss 3.2075 (delta +0.3222) size 309.8 MB sparsity 12.9%
gen 6 offspring [94/100] k= 17 (used   9.0) c=0.993 alpha=-0.025 beta=+0.232 | loss 6.1964 (delta +3.3111) size 207.3 MB sparsity 22.0%
gen 6 offspring [95/100] k= 32 (used  18.0) c=0.807 alpha=-0.224 beta=+0.079 | loss 3.3465 (delta +0.4612) size 309.8 MB sparsity 14.3%
gen 6 offspring [96/100] k=154 (used 150.0) c=0.840 alpha=-0.109 beta=+0.117 | loss 2.9227 (delta +0.0373) size 495.0 MB sparsity 9.5%
gen 6 offspring [97/100] k= 31 (used  20.0) c=0.707 alpha=-0.078 beta=+0.077 | loss 3.2334 (delta +0.3480) size 309.8 MB sparsity 8.5%
gen 6 offspring [98/100] k= 86 (used  84.0) c=0.942 alpha=-0.059 beta=+0.151 | loss 2.9360 (delta +0.0507) size 433.3 MB sparsity 9.0%
gen 6 offspring [99/100] k= 16 (used  10.0) c=0.798 alpha=-0.111 beta=+0.076 | loss 5.9802 (delta +3.0949) size 247.3 MB sparsity 19.9%
gen 6 offspring [100/100] k=108 (used 107.0) c=0.950 alpha=-0.116 beta=+0.025 | loss 2.9073 (delta +0.0219) size 433.3 MB sparsity 6.5%
=== generation 6/50 done in 559s (0 reused), batch baseline 2.8854, HV 0.15111, front 46 points, 100/100 feasible, best delta loss +0.0192, smallest 245.4 MB
gen 7 offspring [1/100] k= 28 (used  15.0) c=0.947 alpha=-0.165 beta=+0.018 | loss 3.7717 (delta +0.8863) size 248.0 MB sparsity 14.0%
gen 7 offspring [2/100] k=178 (used 175.7) c=0.928 alpha=-0.061 beta=+0.232 | loss 2.9560 (delta +0.0706) size 494.6 MB sparsity 12.2%
gen 7 offspring [3/100] k=139 (used  13.0) c=0.838 alpha=-0.094 beta=+0.177 | loss 5.0227 (delta +2.1373) size 248.0 MB sparsity 11.4%
gen 7 offspring [4/100] k= 33 (used  32.0) c=0.759 alpha=-0.109 beta=+0.000 | loss 3.0462 (delta +0.1608) size 309.8 MB sparsity 9.2%
gen 7 offspring [5/100] k= 94 (used  49.0) c=0.787 alpha=-0.056 beta=+0.023 | loss 2.9548 (delta +0.0695) size 371.5 MB sparsity 4.0%
gen 7 offspring [6/100] k=101 (used  53.0) c=0.844 alpha=-0.056 beta=+0.115 | loss 2.9421 (delta +0.0568) size 371.5 MB sparsity 7.3%
gen 7 offspring [7/100] k= 24 (used  14.0) c=0.762 alpha=-0.162 beta=+0.166 | loss 3.6822 (delta +0.7969) size 248.0 MB sparsity 14.7%
gen 7 offspring [8/100] k=113 (used 112.0) c=0.952 alpha=-0.116 beta=+0.001 | loss 2.9093 (delta +0.0239) size 433.3 MB sparsity 6.4%
gen 7 offspring [9/100] k= 31 (used  30.0) c=0.954 alpha=-0.056 beta=+0.174 | loss 3.1314 (delta +0.2460) size 309.8 MB sparsity 13.3%
gen 7 offspring [10/100] k=129 (used 129.0) c=0.819 alpha=-0.031 beta=+0.028 | loss 2.9139 (delta +0.0286) size 483.4 MB sparsity 2.7%
gen 7 offspring [11/100] k= 61 (used  33.0) c=0.794 alpha=-0.085 beta=+0.001 | loss 2.9960 (delta +0.1106) size 352.7 MB sparsity 6.1%
gen 7 offspring [12/100] k=114 (used  60.0) c=0.809 alpha=-0.117 beta=+0.018 | loss 2.9447 (delta +0.0594) size 371.5 MB sparsity 6.2%
gen 7 offspring [13/100] k= 29 (used  17.0) c=0.765 alpha=-0.095 beta=+0.053 | loss 3.3088 (delta +0.4235) size 285.4 MB sparsity 9.9%
gen 7 offspring [14/100] k= 30 (used  17.0) c=0.773 alpha=-0.053 beta=+0.187 | loss 3.3519 (delta +0.4666) size 277.8 MB sparsity 12.9%
gen 7 offspring [15/100] k= 21 (used  21.0) c=0.948 alpha=-0.094 beta=+0.032 | loss 3.2326 (delta +0.3473) size 308.6 MB sparsity 16.7%
gen 7 offspring [16/100] k= 16 (used  15.0) c=0.995 alpha=-0.037 beta=+0.115 | loss 3.8594 (delta +0.9740) size 244.6 MB sparsity 24.6%
gen 7 offspring [17/100] k= 31 (used  17.0) c=0.702 alpha=-0.029 beta=+0.100 | loss 3.2837 (delta +0.3983) size 287.9 MB sparsity 8.9%
gen 7 offspring [18/100] k=110 (used 109.0) c=0.947 alpha=-0.116 beta=+0.025 | loss 2.9088 (delta +0.0235) size 433.3 MB sparsity 6.5%
gen 7 offspring [19/100] k= 59 (used  31.0) c=0.752 alpha=-0.212 beta=+0.224 | loss 3.2580 (delta +0.3727) size 309.7 MB sparsity 18.2%
gen 7 offspring [20/100] k= 27 (used  15.0) c=0.702 alpha=-0.077 beta=+0.102 | loss 3.3873 (delta +0.5020) size 248.0 MB sparsity 9.9%
gen 7 offspring [21/100] k= 22 (used  21.0) c=0.947 alpha=-0.181 beta=+0.079 | loss 3.2427 (delta +0.3573) size 308.5 MB sparsity 17.1%
gen 7 offspring [22/100] k= 58 (used  31.0) c=0.795 alpha=-0.027 beta=+0.050 | loss 2.9976 (delta +0.1123) size 309.8 MB sparsity 5.2%
gen 7 offspring [23/100] k= 29 (used   8.0) c=0.797 alpha=-0.072 beta=+0.072 | loss 10.1727 (delta +7.2874) size 186.3 MB sparsity 10.2%
gen 7 offspring [24/100] k= 81 (used  81.0) c=0.778 alpha=-0.029 beta=+0.000 | loss 2.9270 (delta +0.0417) size 433.3 MB sparsity 3.5%
gen 7 offspring [25/100] k=215 (used  38.0) c=0.930 alpha=-0.050 beta=+0.170 | loss 3.0138 (delta +0.1284) size 371.5 MB sparsity 9.2%
gen 7 offspring [26/100] k= 29 (used  29.0) c=0.773 alpha=-0.007 beta=+0.084 | loss 3.0378 (delta +0.1525) size 309.8 MB sparsity 9.9%
gen 7 offspring [27/100] k= 27 (used  26.0) c=0.947 alpha=-0.240 beta=+0.163 | loss 3.3389 (delta +0.4536) size 309.4 MB sparsity 17.7%
gen 7 offspring [28/100] k= 21 (used  21.0) c=0.947 alpha=-0.182 beta=+0.041 | loss 3.2481 (delta +0.3627) size 308.5 MB sparsity 17.1%
gen 7 offspring [29/100] k=113 (used  59.0) c=0.813 alpha=-0.040 beta=+0.027 | loss 2.9355 (delta +0.0501) size 371.5 MB sparsity 3.1%
gen 7 offspring [30/100] k= 26 (used  26.0) c=0.851 alpha=-0.116 beta=+0.162 | loss 3.0902 (delta +0.2049) size 309.8 MB sparsity 13.7%
gen 7 offspring [31/100] k= 58 (used  31.0) c=0.795 alpha=-0.091 beta=+0.050 | loss 3.0007 (delta +0.1154) size 309.8 MB sparsity 6.6%
gen 7 offspring [32/100] k= 19 (used  19.0) c=0.756 alpha=-0.052 beta=+0.142 | loss 3.1896 (delta +0.3043) size 309.4 MB sparsity 15.0%
gen 7 offspring [33/100] k= 28 (used  22.0) c=0.795 alpha=-0.074 beta=+0.191 | loss 3.1733 (delta +0.2879) size 309.8 MB sparsity 13.7%
gen 7 offspring [34/100] k= 29 (used  17.0) c=0.795 alpha=-0.163 beta=+0.048 | loss 3.3411 (delta +0.4557) size 279.7 MB sparsity 12.2%
gen 7 offspring [35/100] k= 27 (used  21.0) c=0.805 alpha=-0.095 beta=+0.038 | loss 3.0691 (delta +0.1837) size 309.8 MB sparsity 11.1%
gen 7 offspring [36/100] k= 22 (used  21.0) c=0.933 alpha=-0.071 beta=+0.181 | loss 3.2167 (delta +0.3313) size 308.7 MB sparsity 16.9%
gen 7 offspring [37/100] k= 22 (used  21.0) c=0.994 alpha=-0.056 beta=+0.181 | loss 3.2831 (delta +0.3978) size 308.1 MB sparsity 17.8%
gen 7 offspring [38/100] k=110 (used  57.3) c=0.805 alpha=-0.199 beta=+0.231 | loss 3.0587 (delta +0.1734) size 367.0 MB sparsity 17.9%
gen 7 offspring [39/100] k= 16 (used  15.0) c=0.950 alpha=-0.116 beta=+0.025 | loss 3.8162 (delta +0.9308) size 245.4 MB sparsity 23.5%
gen 7 offspring [40/100] k= 26 (used  15.0) c=0.702 alpha=-0.072 beta=+0.072 | loss 3.4851 (delta +0.5997) size 248.0 MB sparsity 10.5%
gen 7 offspring [41/100] k=146 (used  17.0) c=0.737 alpha=-0.079 beta=+0.079 | loss 3.3802 (delta +0.4949) size 293.2 MB sparsity 6.7%
gen 7 offspring [42/100] k=155 (used  79.0) c=0.944 alpha=-0.049 beta=+0.018 | loss 2.9038 (delta +0.0184) size 433.3 MB sparsity 3.2%
gen 7 offspring [43/100] k= 62 (used  36.0) c=0.754 alpha=-0.095 beta=+0.095 | loss 3.0010 (delta +0.1156) size 371.5 MB sparsity 8.1%
gen 7 offspring [44/100] k= 16 (used   9.0) c=0.753 alpha=-0.090 beta=+0.235 | loss 6.0348 (delta +3.1495) size 210.8 MB sparsity 20.1%
gen 7 offspring [45/100] k= 24 (used  14.0) c=0.770 alpha=-0.181 beta=+0.166 | loss 3.7442 (delta +0.8589) size 248.0 MB sparsity 15.4%
gen 7 offspring [46/100] k= 30 (used  30.0) c=0.764 alpha=-0.012 beta=+0.000 | loss 3.0205 (delta +0.1351) size 309.8 MB sparsity 9.8%
gen 7 offspring [47/100] k= 16 (used  16.0) c=0.794 alpha=-0.028 beta=+0.166 | loss 3.4790 (delta +0.5937) size 247.4 MB sparsity 19.8%
gen 7 offspring [48/100] k=101 (used  98.0) c=0.787 alpha=-0.056 beta=+0.175 | loss 2.9512 (delta +0.0658) size 433.3 MB sparsity 9.7%
gen 7 offspring [49/100] k= 20 (used  19.0) c=0.930 alpha=-0.115 beta=+0.170 | loss 3.2999 (delta +0.4146) size 307.5 MB sparsity 18.2%
gen 7 offspring [50/100] k= 57 (used  33.0) c=0.757 alpha=-0.098 beta=+0.179 | loss 3.0485 (delta +0.1632) size 335.4 MB sparsity 11.7%
gen 7 offspring [51/100] k= 33 (used  32.0) c=0.795 alpha=-0.198 beta=+0.050 | loss 3.0431 (delta +0.1577) size 309.8 MB sparsity 12.8%
gen 7 offspring [52/100] k= 16 (used  15.0) c=0.943 alpha=-0.033 beta=+0.232 | loss 3.8198 (delta +0.9345) size 245.5 MB sparsity 23.5%
gen 7 offspring [53/100] k= 16 (used  16.0) c=0.804 alpha=-0.116 beta=+0.115 | loss 3.4905 (delta +0.6051) size 247.3 MB sparsity 20.1%
gen 7 offspring [54/100] k=186 (used  61.8) c=0.861 alpha=-0.267 beta=+0.206 | loss 3.1090 (delta +0.2236) size 360.6 MB sparsity 19.6%
gen 7 offspring [55/100] k= 63 (used  33.0) c=0.816 alpha=-0.078 beta=+0.158 | loss 3.0043 (delta +0.1190) size 340.4 MB sparsity 10.1%
gen 7 offspring [56/100] k= 16 (used  16.0) c=0.788 alpha=-0.037 beta=+0.170 | loss 3.4916 (delta +0.6062) size 247.4 MB sparsity 19.7%
gen 7 offspring [57/100] k= 22 (used  22.0) c=0.768 alpha=-0.096 beta=+0.001 | loss 3.1276 (delta +0.2422) size 309.7 MB sparsity 13.7%
gen 7 offspring [58/100] k= 32 (used  30.0) c=0.813 alpha=-0.188 beta=+0.143 | loss 3.1665 (delta +0.2811) size 309.8 MB sparsity 14.3%
gen 7 offspring [59/100] k= 31 (used  31.0) c=0.948 alpha=-0.046 beta=+0.114 | loss 3.0075 (delta +0.1222) size 309.8 MB sparsity 11.4%
gen 7 offspring [60/100] k= 26 (used  15.0) c=0.795 alpha=-0.095 beta=+0.050 | loss 3.5078 (delta +0.6225) size 248.0 MB sparsity 11.8%
gen 7 offspring [61/100] k= 16 (used  15.0) c=0.941 alpha=-0.021 beta=+0.020 | loss 3.7481 (delta +0.8627) size 245.6 MB sparsity 23.3%
gen 7 offspring [62/100] k=109 (used 106.0) c=0.966 alpha=-0.069 beta=+0.153 | loss 2.9194 (delta +0.0341) size 433.3 MB sparsity 9.4%
gen 7 offspring [63/100] k= 27 (used  15.0) c=0.702 alpha=-0.057 beta=+0.119 | loss 3.3896 (delta +0.5043) size 248.0 MB sparsity 10.3%
gen 7 offspring [64/100] k= 87 (used  84.9) c=0.936 alpha=-0.060 beta=+0.210 | loss 2.9586 (delta +0.0732) size 433.3 MB sparsity 11.4%
gen 7 offspring [65/100] k= 88 (used  86.0) c=0.951 alpha=-0.190 beta=+0.116 | loss 2.9615 (delta +0.0762) size 433.2 MB sparsity 12.8%
gen 7 offspring [66/100] k= 27 (used  15.0) c=0.757 alpha=-0.044 beta=+0.074 | loss 3.4129 (delta +0.5275) size 248.0 MB sparsity 10.4%
gen 7 offspring [67/100] k= 87 (used  87.0) c=0.994 alpha=-0.029 beta=+0.040 | loss 2.8997 (delta +0.0143) size 433.3 MB sparsity 4.2%
gen 7 offspring [68/100] k= 63 (used  33.0) c=0.795 alpha=-0.090 beta=+0.117 | loss 2.9942 (delta +0.1088) size 344.2 MB sparsity 8.8%
gen 7 offspring [69/100] k= 26 (used  25.0) c=0.947 alpha=-0.146 beta=+0.153 | loss 3.1111 (delta +0.2257) size 309.7 MB sparsity 14.6%
gen 7 offspring [70/100] k= 16 (used  15.0) c=0.949 alpha=-0.166 beta=+0.173 | loss 3.8033 (delta +0.9179) size 245.4 MB sparsity 23.5%
gen 7 offspring [71/100] k= 27 (used  15.0) c=0.795 alpha=-0.092 beta=+0.050 | loss 3.3924 (delta +0.5071) size 248.0 MB sparsity 10.9%
gen 7 offspring [72/100] k=102 (used  52.9) c=0.773 alpha=-0.200 beta=+0.230 | loss 3.0634 (delta +0.1781) size 367.0 MB sparsity 17.9%
gen 7 offspring [73/100] k= 33 (used  19.0) c=0.918 alpha=-0.147 beta=+0.151 | loss 3.3892 (delta +0.5039) size 309.8 MB sparsity 13.2%
gen 7 offspring [74/100] k= 23 (used  22.0) c=0.776 alpha=-0.167 beta=+0.003 | loss 3.2395 (delta +0.3541) size 309.8 MB sparsity 13.8%
gen 7 offspring [75/100] k=104 (used 103.0) c=0.947 alpha=-0.116 beta=+0.035 | loss 2.9108 (delta +0.0254) size 433.3 MB sparsity 6.7%
gen 7 offspring [76/100] k=173 (used  38.8) c=0.842 alpha=-0.181 beta=+0.182 | loss 3.0448 (delta +0.1594) size 371.4 MB sparsity 15.2%
gen 7 offspring [77/100] k= 23 (used  23.0) c=0.947 alpha=-0.117 beta=+0.179 | loss 3.1632 (delta +0.2778) size 309.2 MB sparsity 16.0%
gen 7 offspring [78/100] k= 30 (used  30.0) c=0.766 alpha=-0.011 beta=+0.000 | loss 3.0238 (delta +0.1385) size 309.8 MB sparsity 9.8%
gen 7 offspring [79/100] k=187 (used  49.0) c=0.943 alpha=-0.231 beta=+0.114 | loss 3.0442 (delta +0.1588) size 371.5 MB sparsity 14.4%
gen 7 offspring [80/100] k= 29 (used  17.0) c=0.773 alpha=-0.239 beta=+0.073 | loss 3.4479 (delta +0.5626) size 272.8 MB sparsity 15.0%
gen 7 offspring [81/100] k= 31 (used  17.0) c=0.949 alpha=-0.082 beta=+0.115 | loss 3.4156 (delta +0.5302) size 281.5 MB sparsity 11.5%
gen 7 offspring [82/100] k= 27 (used  27.0) c=0.947 alpha=-0.170 beta=+0.046 | loss 3.1023 (delta +0.2170) size 309.8 MB sparsity 14.1%
gen 7 offspring [83/100] k= 16 (used  15.0) c=0.947 alpha=-0.099 beta=+0.183 | loss 3.7929 (delta +0.9076) size 245.5 MB sparsity 23.4%
gen 7 offspring [84/100] k= 83 (used  82.0) c=0.996 alpha=-0.169 beta=+0.050 | loss 2.9343 (delta +0.0490) size 433.3 MB sparsity 9.5%
gen 7 offspring [85/100] k= 22 (used  21.0) c=0.948 alpha=-0.052 beta=+0.219 | loss 3.2618 (delta +0.3765) size 308.3 MB sparsity 18.2%
gen 7 offspring [86/100] k=214 (used 210.9) c=0.930 alpha=-0.056 beta=+0.150 | loss 2.9095 (delta +0.0241) size 495.0 MB sparsity 8.7%
gen 7 offspring [87/100] k=101 (used  53.0) c=0.956 alpha=-0.025 beta=+0.046 | loss 2.9422 (delta +0.0568) size 371.5 MB sparsity 3.8%
gen 7 offspring [88/100] k= 27 (used   7.0) c=0.702 alpha=-0.044 beta=+0.074 | loss 8.9950 (delta +6.1097) size 186.3 MB sparsity 9.7%
gen 7 offspring [89/100] k=108 (used 105.0) c=0.949 alpha=-0.181 beta=+0.071 | loss 2.9337 (delta +0.0483) size 433.3 MB sparsity 10.6%
gen 7 offspring [90/100] k= 83 (used  80.0) c=0.957 alpha=-0.054 beta=+0.153 | loss 2.9320 (delta +0.0467) size 433.3 MB sparsity 8.9%
gen 7 offspring [91/100] k= 81 (used  80.0) c=0.812 alpha=-0.008 beta=+0.114 | loss 2.9370 (delta +0.0517) size 433.3 MB sparsity 6.7%
gen 7 offspring [92/100] k= 25 (used  25.0) c=0.796 alpha=-0.029 beta=+0.000 | loss 3.0481 (delta +0.1627) size 309.8 MB sparsity 11.8%
gen 7 offspring [93/100] k= 67 (used  66.0) c=0.949 alpha=-0.047 beta=+0.114 | loss 2.9536 (delta +0.0683) size 433.3 MB sparsity 7.5%
gen 7 offspring [94/100] k= 27 (used  15.0) c=0.702 alpha=-0.241 beta=+0.245 | loss 4.0600 (delta +1.1747) size 248.0 MB sparsity 20.4%
gen 7 offspring [95/100] k=142 (used 138.9) c=0.995 alpha=-0.139 beta=+0.116 | loss 2.9221 (delta +0.0367) size 495.0 MB sparsity 10.7%
gen 7 offspring [96/100] k= 47 (used  45.0) c=0.788 alpha=-0.111 beta=+0.170 | loss 3.0262 (delta +0.1408) size 371.5 MB sparsity 11.9%
gen 7 offspring [97/100] k=147 (used 144.0) c=0.830 alpha=-0.040 beta=+0.167 | loss 2.9365 (delta +0.0512) size 495.0 MB sparsity 8.7%
gen 7 offspring [98/100] k= 74 (used  39.0) c=0.792 alpha=-0.075 beta=+0.073 | loss 2.9733 (delta +0.0879) size 371.5 MB sparsity 6.4%
gen 7 offspring [99/100] k= 81 (used  43.0) c=0.993 alpha=-0.022 beta=+0.115 | loss 2.9715 (delta +0.0862) size 371.5 MB sparsity 7.1%
gen 7 offspring [100/100] k= 22 (used  21.0) c=0.924 alpha=-0.050 beta=+0.169 | loss 3.2096 (delta +0.3243) size 308.8 MB sparsity 16.6%
=== generation 7/50 done in 552s (0 reused), batch baseline 2.8854, HV 0.15255, front 49 points, 100/100 feasible, best delta loss +0.0143, smallest 244.6 MB
gen 8 offspring [1/100] k= 16 (used  15.0) c=0.994 alpha=-0.010 beta=+0.118 | loss 3.8572 (delta +0.9719) size 244.6 MB sparsity 24.5%
gen 8 offspring [2/100] k= 23 (used  23.0) c=0.947 alpha=-0.161 beta=+0.187 | loss 3.1710 (delta +0.2856) size 309.2 MB sparsity 16.5%
gen 8 offspring [3/100] k= 16 (used  15.0) c=0.947 alpha=-0.116 beta=+0.103 | loss 3.7928 (delta +0.9074) size 245.5 MB sparsity 23.4%
gen 8 offspring [4/100] k= 16 (used  15.0) c=0.947 alpha=-0.166 beta=+0.187 | loss 3.7928 (delta +0.9074) size 245.5 MB sparsity 23.4%
gen 8 offspring [5/100] k= 19 (used  19.0) c=0.756 alpha=-0.052 beta=+0.137 | loss 3.1876 (delta +0.3022) size 309.4 MB sparsity 14.9%
gen 8 offspring [6/100] k= 22 (used  21.0) c=0.994 alpha=-0.185 beta=+0.181 | loss 3.2947 (delta +0.4094) size 308.0 MB sparsity 18.1%
gen 8 offspring [7/100] k= 58 (used  31.0) c=0.772 alpha=-0.027 beta=+0.049 | loss 3.0013 (delta +0.1160) size 309.8 MB sparsity 5.0%
gen 8 offspring [8/100] k= 16 (used  16.0) c=0.810 alpha=-0.028 beta=+0.166 | loss 3.4975 (delta +0.6122) size 247.2 MB sparsity 20.2%
gen 8 offspring [9/100] k= 73 (used  73.0) c=0.994 alpha=-0.029 beta=+0.040 | loss 2.9113 (delta +0.0259) size 433.3 MB sparsity 5.0%
gen 8 offspring [10/100] k= 16 (used  15.0) c=0.957 alpha=-0.147 beta=+0.094 | loss 3.8155 (delta +0.9301) size 245.3 MB sparsity 23.7%
gen 8 offspring [11/100] k=101 (used  53.0) c=0.900 alpha=-0.231 beta=+0.115 | loss 2.9889 (delta +0.1035) size 371.5 MB sparsity 14.4%
gen 8 offspring [12/100] k= 66 (used  25.0) c=0.769 alpha=-0.090 beta=+0.026 | loss 3.1022 (delta +0.2168) size 309.8 MB sparsity 6.0%
gen 8 offspring [13/100] k=130 (used 128.0) c=0.947 alpha=-0.048 beta=+0.045 | loss 2.9015 (delta +0.0161) size 433.3 MB sparsity 4.1%
gen 8 offspring [14/100] k= 23 (used  23.0) c=0.782 alpha=-0.038 beta=+0.134 | loss 3.1295 (delta +0.2441) size 309.8 MB sparsity 12.9%
gen 8 offspring [15/100] k=114 (used  61.0) c=0.914 alpha=-0.025 beta=+0.083 | loss 2.9216 (delta +0.0362) size 371.5 MB sparsity 5.0%
gen 8 offspring [16/100] k= 29 (used  17.0) c=0.792 alpha=-0.095 beta=+0.144 | loss 3.3340 (delta +0.4486) size 281.4 MB sparsity 11.5%
gen 8 offspring [17/100] k= 17 (used  17.0) c=0.950 alpha=-0.134 beta=+0.025 | loss 3.5026 (delta +0.6172) size 258.6 MB sparsity 20.7%
gen 8 offspring [18/100] k=113 (used 108.0) c=0.812 alpha=-0.181 beta=+0.109 | loss 2.9500 (delta +0.0647) size 433.2 MB sparsity 12.1%
gen 8 offspring [19/100] k= 23 (used  13.0) c=0.807 alpha=-0.046 beta=+0.017 | loss 3.9436 (delta +1.0582) size 248.0 MB sparsity 13.1%
gen 8 offspring [20/100] k= 27 (used  27.0) c=0.953 alpha=-0.106 beta=+0.130 | loss 3.1161 (delta +0.2307) size 309.8 MB sparsity 13.2%
gen 8 offspring [21/100] k=142 (used 139.0) c=0.998 alpha=-0.081 beta=+0.116 | loss 2.9067 (delta +0.0214) size 495.0 MB sparsity 8.3%
gen 8 offspring [22/100] k= 27 (used  15.0) c=0.805 alpha=-0.096 beta=+0.038 | loss 3.4129 (delta +0.5276) size 248.0 MB sparsity 11.1%
gen 8 offspring [23/100] k= 28 (used  26.0) c=0.948 alpha=-0.029 beta=+0.219 | loss 3.3484 (delta +0.4631) size 309.7 MB sparsity 15.9%
gen 8 offspring [24/100] k= 24 (used  23.0) c=0.948 alpha=-0.051 beta=+0.164 | loss 3.1530 (delta +0.2676) size 309.3 MB sparsity 15.6%
gen 8 offspring [25/100] k= 22 (used  22.0) c=0.851 alpha=-0.116 beta=+0.162 | loss 3.1623 (delta +0.2770) size 309.4 MB sparsity 15.4%
gen 8 offspring [26/100] k= 17 (used  17.0) c=0.949 alpha=-0.182 beta=+0.072 | loss 3.4964 (delta +0.6110) size 258.6 MB sparsity 20.7%
gen 8 offspring [27/100] k= 29 (used  17.0) c=0.773 alpha=-0.072 beta=+0.149 | loss 3.3402 (delta +0.4549) size 281.4 MB sparsity 11.5%
gen 8 offspring [28/100] k= 17 (used  17.0) c=0.947 alpha=-0.094 beta=+0.029 | loss 3.4859 (delta +0.6006) size 258.7 MB sparsity 20.7%
gen 8 offspring [29/100] k=155 (used  81.0) c=0.955 alpha=-0.049 beta=+0.074 | loss 2.9063 (delta +0.0210) size 433.3 MB sparsity 5.3%
gen 8 offspring [30/100] k= 64 (used  62.0) c=0.948 alpha=-0.090 beta=+0.117 | loss 2.9623 (delta +0.0769) size 371.5 MB sparsity 9.0%
gen 8 offspring [31/100] k= 62 (used  60.0) c=0.793 alpha=-0.016 beta=+0.308 | loss 3.0752 (delta +0.1898) size 371.4 MB sparsity 15.1%
gen 8 offspring [32/100] k= 30 (used  17.0) c=0.955 alpha=-0.255 beta=+0.187 | loss 3.9359 (delta +1.0505) size 263.1 MB sparsity 18.9%
gen 8 offspring [33/100] k= 16 (used  15.0) c=0.941 alpha=-0.028 beta=+0.020 | loss 3.7481 (delta +0.8627) size 245.6 MB sparsity 23.3%
gen 8 offspring [34/100] k= 16 (used  16.0) c=0.804 alpha=-0.116 beta=+0.107 | loss 3.4905 (delta +0.6051) size 247.3 MB sparsity 20.1%
gen 8 offspring [35/100] k= 16 (used  16.0) c=0.827 alpha=-0.037 beta=+0.170 | loss 3.5281 (delta +0.6428) size 247.1 MB sparsity 20.7%
gen 8 offspring [36/100] k= 29 (used  29.0) c=0.971 alpha=-0.095 beta=+0.053 | loss 3.0535 (delta +0.1681) size 309.8 MB sparsity 12.4%
gen 8 offspring [37/100] k= 22 (used  21.0) c=0.918 alpha=-0.053 beta=+0.169 | loss 3.1984 (delta +0.3131) size 308.8 MB sparsity 16.5%
gen 8 offspring [38/100] k= 77 (used  41.0) c=0.860 alpha=-0.149 beta=+0.032 | loss 2.9717 (delta +0.0864) size 371.5 MB sparsity 8.3%
gen 8 offspring [39/100] k= 16 (used  16.0) c=0.811 alpha=-0.120 beta=+0.050 | loss 3.4762 (delta +0.5908) size 247.2 MB sparsity 20.3%
gen 8 offspring [40/100] k= 30 (used  17.0) c=0.755 alpha=-0.085 beta=+0.100 | loss 3.2770 (delta +0.3917) size 285.5 MB sparsity 9.8%
gen 8 offspring [41/100] k= 19 (used  19.0) c=0.756 alpha=-0.167 beta=+0.142 | loss 3.1928 (delta +0.3075) size 309.4 MB sparsity 15.5%
gen 8 offspring [42/100] k= 25 (used  25.0) c=0.947 alpha=-0.146 beta=+0.033 | loss 3.1099 (delta +0.2245) size 309.7 MB sparsity 14.3%
gen 8 offspring [43/100] k= 31 (used  17.0) c=0.756 alpha=-0.069 beta=+0.110 | loss 3.2409 (delta +0.3556) size 286.0 MB sparsity 9.6%
gen 8 offspring [44/100] k= 27 (used  15.0) c=0.702 alpha=-0.095 beta=+0.072 | loss 3.3861 (delta +0.5008) size 248.0 MB sparsity 9.8%
gen 8 offspring [45/100] k= 22 (used  21.0) c=0.954 alpha=-0.052 beta=+0.216 | loss 3.2716 (delta +0.3862) size 308.2 MB sparsity 18.1%
gen 8 offspring [46/100] k= 74 (used  39.0) c=0.942 alpha=-0.060 beta=+0.342 | loss 3.1837 (delta +0.2984) size 370.3 MB sparsity 16.8%
gen 8 offspring [47/100] k= 17 (used  17.0) c=0.786 alpha=-0.111 beta=+0.146 | loss 3.3403 (delta +0.4549) size 267.0 MB sparsity 17.3%
gen 8 offspring [48/100] k= 29 (used  27.0) c=0.947 alpha=-0.178 beta=+0.181 | loss 3.4182 (delta +0.5328) size 309.8 MB sparsity 15.7%
gen 8 offspring [49/100] k= 30 (used  30.0) c=0.785 alpha=-0.029 beta=+0.008 | loss 3.0209 (delta +0.1356) size 309.8 MB sparsity 10.0%
gen 8 offspring [50/100] k= 16 (used  15.0) c=0.949 alpha=-0.052 beta=+0.089 | loss 3.8023 (delta +0.9169) size 245.4 MB sparsity 23.5%
gen 8 offspring [51/100] k= 71 (used  71.0) c=0.994 alpha=-0.008 beta=+0.024 | loss 2.9156 (delta +0.0302) size 433.3 MB sparsity 5.1%
gen 8 offspring [52/100] k= 29 (used  17.0) c=0.753 alpha=-0.084 beta=+0.238 | loss 3.4395 (delta +0.5541) size 273.2 MB sparsity 14.8%
gen 8 offspring [53/100] k= 30 (used  17.0) c=0.764 alpha=-0.049 beta=+0.000 | loss 3.2863 (delta +0.4010) size 285.6 MB sparsity 9.8%
gen 8 offspring [54/100] k= 29 (used  17.0) c=0.796 alpha=-0.073 beta=+0.115 | loss 3.3353 (delta +0.4499) size 283.7 MB sparsity 10.6%
gen 8 offspring [55/100] k= 30 (used  28.0) c=0.889 alpha=-0.146 beta=+0.153 | loss 3.2698 (delta +0.3844) size 309.8 MB sparsity 13.5%
gen 8 offspring [56/100] k= 16 (used  15.0) c=0.954 alpha=-0.220 beta=+0.157 | loss 3.8077 (delta +0.9224) size 245.4 MB sparsity 23.6%
gen 8 offspring [57/100] k= 23 (used  18.0) c=0.998 alpha=-0.052 beta=+0.169 | loss 3.6306 (delta +0.7453) size 308.9 MB sparsity 16.3%
gen 8 offspring [58/100] k= 81 (used  79.0) c=0.956 alpha=-0.064 beta=+0.059 | loss 2.9326 (delta +0.0473) size 433.3 MB sparsity 5.5%
gen 8 offspring [59/100] k= 82 (used  77.0) c=0.846 alpha=-0.022 beta=+0.282 | loss 3.0183 (delta +0.1329) size 432.9 MB sparsity 13.6%
gen 8 offspring [60/100] k=105 (used 102.0) c=0.949 alpha=-0.116 beta=+0.232 | loss 2.9818 (delta +0.0965) size 431.8 MB sparsity 14.5%
gen 8 offspring [61/100] k= 16 (used   9.0) c=0.961 alpha=-0.022 beta=+0.011 | loss 7.0411 (delta +4.1557) size 204.0 MB sparsity 23.8%
gen 8 offspring [62/100] k= 85 (used  84.0) c=0.834 alpha=-0.025 beta=+0.152 | loss 2.9354 (delta +0.0500) size 433.3 MB sparsity 8.2%
gen 8 offspring [63/100] k= 22 (used  21.0) c=0.939 alpha=-0.052 beta=+0.174 | loss 3.2085 (delta +0.3231) size 308.6 MB sparsity 16.9%
gen 8 offspring [64/100] k= 78 (used  41.0) c=0.792 alpha=-0.117 beta=+0.073 | loss 2.9768 (delta +0.0915) size 371.5 MB sparsity 8.1%
gen 8 offspring [65/100] k= 94 (used  49.0) c=0.787 alpha=-0.055 beta=+0.023 | loss 2.9540 (delta +0.0687) size 371.5 MB sparsity 3.9%
gen 8 offspring [66/100] k= 22 (used  22.0) c=0.754 alpha=-0.052 beta=+0.000 | loss 3.1294 (delta +0.2440) size 309.8 MB sparsity 13.4%
gen 8 offspring [67/100] k= 28 (used  28.0) c=0.783 alpha=-0.059 beta=+0.000 | loss 3.0236 (delta +0.1382) size 309.8 MB sparsity 10.8%
gen 8 offspring [68/100] k= 92 (used  49.0) c=0.834 alpha=-0.025 beta=+0.166 | loss 2.9594 (delta +0.0740) size 371.5 MB sparsity 8.6%
gen 8 offspring [69/100] k=107 (used  61.0) c=0.809 alpha=-0.022 beta=+0.021 | loss 2.9435 (delta +0.0581) size 371.5 MB sparsity 2.8%
gen 8 offspring [70/100] k= 33 (used  32.0) c=0.994 alpha=-0.165 beta=+0.069 | loss 3.0849 (delta +0.1996) size 309.8 MB sparsity 12.8%
gen 8 offspring [71/100] k= 21 (used  21.0) c=0.804 alpha=-0.116 beta=+0.117 | loss 3.1475 (delta +0.2622) size 309.6 MB sparsity 14.3%
gen 8 offspring [72/100] k= 27 (used  15.0) c=0.795 alpha=-0.095 beta=+0.019 | loss 3.3923 (delta +0.5070) size 248.0 MB sparsity 10.9%
gen 8 offspring [73/100] k= 27 (used  15.0) c=0.795 alpha=-0.046 beta=+0.114 | loss 3.3945 (delta +0.5092) size 248.0 MB sparsity 11.1%
gen 8 offspring [74/100] k= 21 (used  15.0) c=0.994 alpha=-0.095 beta=+0.050 | loss 3.5454 (delta +0.6601) size 248.0 MB sparsity 17.5%
gen 8 offspring [75/100] k= 27 (used  27.0) c=0.773 alpha=-0.053 beta=+0.046 | loss 3.0464 (delta +0.1611) size 309.8 MB sparsity 10.6%
gen 8 offspring [76/100] k=101 (used  53.0) c=0.784 alpha=-0.058 beta=+0.004 | loss 2.9404 (delta +0.0550) size 371.5 MB sparsity 3.9%
gen 8 offspring [77/100] k=100 (used  56.0) c=0.942 alpha=-0.060 beta=+0.114 | loss 2.9483 (delta +0.0629) size 371.5 MB sparsity 7.4%
gen 8 offspring [78/100] k= 31 (used  31.0) c=0.839 alpha=-0.066 beta=+0.004 | loss 3.0172 (delta +0.1318) size 309.8 MB sparsity 10.0%
gen 8 offspring [79/100] k= 97 (used  51.0) c=0.788 alpha=-0.022 beta=+0.166 | loss 2.9656 (delta +0.0802) size 371.5 MB sparsity 8.4%
gen 8 offspring [80/100] k= 83 (used  43.0) c=0.750 alpha=-0.054 beta=+0.082 | loss 2.9712 (delta +0.0859) size 371.5 MB sparsity 5.9%
gen 8 offspring [81/100] k= 29 (used  17.0) c=0.799 alpha=-0.094 beta=+0.050 | loss 3.3409 (delta +0.4555) size 284.5 MB sparsity 10.2%
gen 8 offspring [82/100] k= 58 (used  31.0) c=0.947 alpha=-0.031 beta=+0.115 | loss 3.0478 (delta +0.1624) size 309.8 MB sparsity 8.0%
gen 8 offspring [83/100] k= 23 (used  23.0) c=0.949 alpha=-0.181 beta=+0.181 | loss 3.1736 (delta +0.2883) size 309.2 MB sparsity 16.8%
gen 8 offspring [84/100] k= 16 (used  15.0) c=0.947 alpha=-0.051 beta=+0.159 | loss 3.7928 (delta +0.9074) size 245.5 MB sparsity 23.4%
gen 8 offspring [85/100] k= 92 (used  90.0) c=0.994 alpha=-0.029 beta=+0.160 | loss 2.9264 (delta +0.0411) size 433.3 MB sparsity 8.7%
gen 8 offspring [86/100] k= 16 (used  16.0) c=0.788 alpha=-0.111 beta=+0.170 | loss 3.4917 (delta +0.6064) size 247.4 MB sparsity 19.7%
gen 8 offspring [87/100] k= 29 (used  17.0) c=0.766 alpha=-0.072 beta=+0.053 | loss 3.3115 (delta +0.4261) size 285.6 MB sparsity 9.8%
gen 8 offspring [88/100] k=142 (used 139.0) c=0.998 alpha=-0.038 beta=+0.115 | loss 2.9043 (delta +0.0189) size 495.0 MB sparsity 6.6%
gen 8 offspring [89/100] k= 17 (used  17.0) c=0.933 alpha=-0.117 beta=+0.179 | loss 3.4731 (delta +0.5878) size 259.4 MB sparsity 20.4%
gen 8 offspring [90/100] k= 64 (used  34.0) c=0.794 alpha=-0.057 beta=+0.001 | loss 2.9864 (delta +0.1011) size 371.5 MB sparsity 4.9%
gen 8 offspring [91/100] k= 28 (used  26.0) c=0.804 alpha=-0.165 beta=+0.187 | loss 3.2736 (delta +0.3882) size 309.8 MB sparsity 15.4%
gen 8 offspring [92/100] k= 55 (used  31.0) c=0.799 alpha=-0.063 beta=+0.227 | loss 3.0606 (delta +0.1753) size 309.8 MB sparsity 12.4%
gen 8 offspring [93/100] k= 87 (used  46.0) c=0.942 alpha=-0.042 beta=+0.151 | loss 2.9558 (delta +0.0704) size 371.5 MB sparsity 8.4%
gen 8 offspring [94/100] k=166 (used  89.0) c=0.810 alpha=-0.022 beta=+0.026 | loss 2.9231 (delta +0.0378) size 433.3 MB sparsity 2.2%
gen 8 offspring [95/100] k= 66 (used  65.0) c=0.994 alpha=-0.013 beta=+0.025 | loss 2.9232 (delta +0.0379) size 412.5 MB sparsity 5.6%
gen 8 offspring [96/100] k= 16 (used  15.0) c=0.917 alpha=-0.116 beta=+0.115 | loss 3.7370 (delta +0.8516) size 246.0 MB sparsity 22.7%
gen 8 offspring [97/100] k= 16 (used  15.0) c=0.945 alpha=-0.096 beta=+0.056 | loss 3.8152 (delta +0.9298) size 245.5 MB sparsity 23.4%
gen 8 offspring [98/100] k= 27 (used  15.0) c=0.999 alpha=-0.037 beta=+0.115 | loss 4.0546 (delta +1.1693) size 248.0 MB sparsity 13.7%
gen 8 offspring [99/100] k= 25 (used  25.0) c=0.794 alpha=-0.029 beta=+0.069 | loss 3.0529 (delta +0.1676) size 309.8 MB sparsity 11.8%
gen 8 offspring [100/100] k= 16 (used  16.0) c=0.795 alpha=-0.092 beta=+0.050 | loss 3.4797 (delta +0.5944) size 247.4 MB sparsity 19.9%
=== generation 8/50 done in 549s (0 reused), batch baseline 2.8854, HV 0.15369, front 64 points, 100/100 feasible, best delta loss +0.0143, smallest 244.6 MB
gen 9 offspring [1/100] k= 22 (used  17.0) c=0.907 alpha=-0.064 beta=+0.169 | loss 3.6364 (delta +0.7511) size 269.5 MB sparsity 16.3%
gen 9 offspring [2/100] k= 29 (used  17.0) c=0.792 alpha=-0.095 beta=+0.012 | loss 3.3242 (delta +0.4388) size 284.7 MB sparsity 10.2%
gen 9 offspring [3/100] k= 61 (used  33.0) c=0.899 alpha=-0.085 beta=+0.001 | loss 3.0110 (delta +0.1256) size 351.6 MB sparsity 6.5%
gen 9 offspring [4/100] k= 33 (used  19.0) c=0.785 alpha=-0.029 beta=+0.115 | loss 3.2249 (delta +0.3395) size 309.8 MB sparsity 9.6%
gen 9 offspring [5/100] k= 59 (used  32.0) c=0.795 alpha=-0.195 beta=+0.050 | loss 3.0329 (delta +0.1475) size 309.8 MB sparsity 10.7%
gen 9 offspring [6/100] k= 16 (used  16.0) c=0.793 alpha=-0.074 beta=+0.169 | loss 3.4805 (delta +0.5952) size 247.4 MB sparsity 19.8%
gen 9 offspring [7/100] k= 87 (used  46.0) c=0.808 alpha=-0.120 beta=+0.050 | loss 2.9721 (delta +0.0867) size 371.5 MB sparsity 7.3%
gen 9 offspring [8/100] k= 30 (used  28.0) c=0.703 alpha=-0.166 beta=+0.181 | loss 3.2316 (delta +0.3462) size 309.8 MB sparsity 14.9%
gen 9 offspring [9/100] k= 63 (used  33.0) c=0.795 alpha=-0.092 beta=+0.114 | loss 2.9946 (delta +0.1092) size 344.4 MB sparsity 8.8%
gen 9 offspring [10/100] k=130 (used 128.0) c=0.947 alpha=-0.114 beta=+0.045 | loss 2.9101 (delta +0.0248) size 433.3 MB sparsity 6.8%
gen 9 offspring [11/100] k= 16 (used  15.0) c=0.942 alpha=-0.116 beta=+0.034 | loss 3.8137 (delta +0.9284) size 245.6 MB sparsity 23.3%
gen 9 offspring [12/100] k=155 (used  81.8) c=0.955 alpha=-0.115 beta=+0.230 | loss 2.9834 (delta +0.0981) size 432.1 MB sparsity 14.4%
gen 9 offspring [13/100] k= 24 (used  14.0) c=0.761 alpha=-0.072 beta=+0.073 | loss 3.6127 (delta +0.7274) size 248.0 MB sparsity 12.3%
gen 9 offspring [14/100] k= 30 (used  15.0) c=0.996 alpha=-0.049 beta=+0.009 | loss 3.6637 (delta +0.7784) size 248.0 MB sparsity 12.7%
gen 9 offspring [15/100] k= 60 (used  60.0) c=0.795 alpha=-0.027 beta=+0.049 | loss 2.9332 (delta +0.0478) size 371.5 MB sparsity 5.0%
gen 9 offspring [16/100] k= 16 (used  15.0) c=0.917 alpha=-0.116 beta=+0.035 | loss 3.7370 (delta +0.8516) size 246.0 MB sparsity 22.7%
gen 9 offspring [17/100] k= 30 (used  17.0) c=0.919 alpha=-0.025 beta=+0.187 | loss 3.5360 (delta +0.6507) size 275.2 MB sparsity 14.0%
gen 9 offspring [18/100] k= 25 (used  15.0) c=0.753 alpha=-0.085 beta=+0.109 | loss 3.4982 (delta +0.6129) size 248.0 MB sparsity 11.3%
gen 9 offspring [19/100] k= 68 (used  36.0) c=0.991 alpha=-0.026 beta=+0.025 | loss 2.9976 (delta +0.1123) size 371.5 MB sparsity 5.4%
gen 9 offspring [20/100] k= 16 (used  15.0) c=0.954 alpha=-0.214 beta=+0.157 | loss 3.8074 (delta +0.9220) size 245.4 MB sparsity 23.6%
gen 9 offspring [21/100] k= 31 (used  17.0) c=0.996 alpha=-0.029 beta=+0.094 | loss 3.4900 (delta +0.6046) size 280.5 MB sparsity 11.8%
gen 9 offspring [22/100] k= 29 (used  17.0) c=0.758 alpha=-0.024 beta=+0.053 | loss 3.3011 (delta +0.4158) size 285.8 MB sparsity 9.7%
gen 9 offspring [23/100] k= 23 (used  23.0) c=0.990 alpha=-0.181 beta=+0.181 | loss 3.2140 (delta +0.3287) size 308.9 MB sparsity 17.1%
gen 9 offspring [24/100] k= 31 (used  17.0) c=0.756 alpha=-0.069 beta=+0.110 | loss 3.2414 (delta +0.3560) size 286.0 MB sparsity 9.6%
gen 9 offspring [25/100] k= 21 (used  21.0) c=0.801 alpha=-0.116 beta=+0.072 | loss 3.1572 (delta +0.2718) size 309.7 MB sparsity 14.2%
gen 9 offspring [26/100] k= 26 (used  25.0) c=0.947 alpha=-0.026 beta=+0.039 | loss 3.1081 (delta +0.2227) size 309.7 MB sparsity 14.0%
gen 9 offspring [27/100] k= 29 (used  17.0) c=0.795 alpha=-0.193 beta=+0.020 | loss 3.3716 (delta +0.4863) size 276.9 MB sparsity 13.3%
gen 9 offspring [28/100] k= 16 (used   9.0) c=0.911 alpha=-0.020 beta=+0.114 | loss 6.8575 (delta +3.9722) size 206.1 MB sparsity 22.6%
gen 9 offspring [29/100] k= 30 (used  22.0) c=0.790 alpha=-0.097 beta=+0.050 | loss 3.1340 (delta +0.2487) size 309.8 MB sparsity 10.2%
gen 9 offspring [30/100] k=108 (used 106.0) c=0.914 alpha=-0.081 beta=+0.085 | loss 2.9107 (delta +0.0254) size 433.3 MB sparsity 7.0%
gen 9 offspring [31/100] k= 16 (used   5.0) c=0.812 alpha=-0.110 beta=+0.146 | loss 12.0655 (delta +9.1802) size 161.2 MB sparsity 20.3%
gen 9 offspring [32/100] k= 16 (used  15.0) c=0.998 alpha=-0.037 beta=+0.151 | loss 3.8673 (delta +0.9820) size 244.6 MB sparsity 24.6%
gen 9 offspring [33/100] k= 27 (used  15.0) c=0.788 alpha=-0.072 beta=+0.073 | loss 3.4134 (delta +0.5280) size 248.0 MB sparsity 10.8%
gen 9 offspring [34/100] k=126 (used 124.0) c=0.847 alpha=-0.112 beta=+0.045 | loss 2.9230 (delta +0.0376) size 433.3 MB sparsity 6.6%
gen 9 offspring [35/100] k= 28 (used  28.0) c=0.785 alpha=-0.103 beta=+0.056 | loss 3.0312 (delta +0.1459) size 309.8 MB sparsity 10.9%
gen 9 offspring [36/100] k= 16 (used  16.0) c=0.810 alpha=-0.058 beta=+0.112 | loss 3.4960 (delta +0.6107) size 247.2 MB sparsity 20.2%
gen 9 offspring [37/100] k=114 (used  59.0) c=0.971 alpha=-0.025 beta=+0.050 | loss 2.9255 (delta +0.0402) size 371.5 MB sparsity 3.8%
gen 9 offspring [38/100] k= 17 (used  17.0) c=0.804 alpha=-0.116 beta=+0.115 | loss 3.3534 (delta +0.4681) size 266.1 MB sparsity 17.7%
gen 9 offspring [39/100] k= 25 (used  25.0) c=0.794 alpha=-0.048 beta=+0.069 | loss 3.0529 (delta +0.1676) size 309.8 MB sparsity 11.8%
gen 9 offspring [40/100] k=178 (used 177.0) c=0.781 alpha=-0.049 beta=+0.002 | loss 2.9212 (delta +0.0359) size 495.0 MB sparsity 2.9%
gen 9 offspring [41/100] k= 61 (used  33.0) c=0.795 alpha=-0.131 beta=+0.050 | loss 2.9994 (delta +0.1141) size 346.7 MB sparsity 8.0%
gen 9 offspring [42/100] k= 66 (used  65.0) c=0.994 alpha=-0.009 beta=+0.024 | loss 2.9232 (delta +0.0379) size 412.5 MB sparsity 5.6%
gen 9 offspring [43/100] k= 88 (used  46.9) c=0.773 alpha=-0.096 beta=+0.166 | loss 2.9677 (delta +0.0823) size 371.5 MB sparsity 11.0%
gen 9 offspring [44/100] k= 22 (used  20.0) c=0.924 alpha=-0.048 beta=+0.208 | loss 3.6863 (delta +0.8009) size 308.6 MB sparsity 17.6%
gen 9 offspring [45/100] k= 16 (used  16.0) c=0.827 alpha=-0.037 beta=+0.202 | loss 3.5100 (delta +0.6246) size 247.1 MB sparsity 20.8%
gen 9 offspring [46/100] k= 30 (used  17.0) c=0.795 alpha=-0.072 beta=+0.095 | loss 3.3300 (delta +0.4447) size 284.6 MB sparsity 10.2%
gen 9 offspring [47/100] k= 22 (used  21.0) c=0.918 alpha=-0.095 beta=+0.169 | loss 3.1984 (delta +0.3131) size 308.8 MB sparsity 16.5%
gen 9 offspring [48/100] k= 23 (used  23.0) c=0.946 alpha=-0.170 beta=+0.181 | loss 3.1700 (delta +0.2847) size 309.2 MB sparsity 16.5%
gen 9 offspring [49/100] k= 71 (used  70.0) c=0.998 alpha=-0.008 beta=+0.156 | loss 2.9509 (delta +0.0655) size 433.3 MB sparsity 9.1%
gen 9 offspring [50/100] k= 22 (used  22.0) c=0.800 alpha=-0.050 beta=+0.169 | loss 3.1602 (delta +0.2748) size 309.6 MB sparsity 14.9%
gen 9 offspring [51/100] k= 17 (used  15.0) c=0.805 alpha=-0.116 beta=+0.095 | loss 3.4115 (delta +0.5261) size 248.0 MB sparsity 17.7%
gen 9 offspring [52/100] k= 82 (used  43.0) c=0.809 alpha=-0.102 beta=+0.069 | loss 2.9591 (delta +0.0738) size 371.5 MB sparsity 7.3%
gen 9 offspring [53/100] k= 16 (used  16.0) c=0.833 alpha=-0.022 beta=+0.166 | loss 3.5199 (delta +0.6345) size 247.0 MB sparsity 20.8%
gen 9 offspring [54/100] k= 16 (used  11.0) c=0.952 alpha=-0.029 beta=+0.100 | loss 4.5345 (delta +1.6491) size 245.4 MB sparsity 23.6%
gen 9 offspring [55/100] k= 27 (used  15.0) c=0.784 alpha=-0.044 beta=+0.117 | loss 3.4174 (delta +0.5321) size 248.0 MB sparsity 11.1%
gen 9 offspring [56/100] k= 26 (used  26.0) c=0.851 alpha=-0.124 beta=+0.162 | loss 3.0893 (delta +0.2040) size 309.8 MB sparsity 13.8%
gen 9 offspring [57/100] k= 24 (used  23.0) c=0.932 alpha=-0.071 beta=+0.172 | loss 3.1307 (delta +0.2454) size 309.4 MB sparsity 15.6%
gen 9 offspring [58/100] k= 16 (used  15.0) c=0.949 alpha=-0.050 beta=+0.076 | loss 3.7987 (delta +0.9134) size 245.4 MB sparsity 23.5%
gen 9 offspring [59/100] k= 66 (used  65.0) c=0.763 alpha=-0.100 beta=+0.001 | loss 2.9479 (delta +0.0625) size 409.5 MB sparsity 6.4%
gen 9 offspring [60/100] k= 25 (used  25.0) c=0.796 alpha=-0.029 beta=+0.002 | loss 3.0479 (delta +0.1625) size 309.8 MB sparsity 11.8%
gen 9 offspring [61/100] k= 30 (used  17.0) c=0.756 alpha=-0.069 beta=+0.110 | loss 3.2790 (delta +0.3936) size 284.9 MB sparsity 10.1%
gen 9 offspring [62/100] k=113 (used  61.0) c=0.768 alpha=-0.052 beta=+0.082 | loss 2.9409 (delta +0.0556) size 371.5 MB sparsity 5.7%
gen 9 offspring [63/100] k= 16 (used  15.0) c=0.995 alpha=-0.037 beta=+0.115 | loss 3.8594 (delta +0.9740) size 244.6 MB sparsity 24.6%
gen 9 offspring [64/100] k=111 (used 110.0) c=0.811 alpha=-0.013 beta=+0.057 | loss 2.9244 (delta +0.0390) size 433.3 MB sparsity 3.8%
gen 9 offspring [65/100] k= 87 (used  45.0) c=0.942 alpha=-0.066 beta=+0.111 | loss 2.9526 (delta +0.0673) size 371.5 MB sparsity 7.6%
gen 9 offspring [66/100] k=138 (used  71.0) c=0.756 alpha=-0.025 beta=+0.031 | loss 2.9394 (delta +0.0541) size 433.3 MB sparsity 2.5%
gen 9 offspring [67/100] k= 30 (used  17.0) c=0.755 alpha=-0.060 beta=+0.100 | loss 3.2764 (delta +0.3911) size 285.5 MB sparsity 9.8%
gen 9 offspring [68/100] k= 86 (used  86.0) c=0.953 alpha=-0.029 beta=+0.040 | loss 2.9044 (delta +0.0191) size 433.3 MB sparsity 4.1%
gen 9 offspring [69/100] k= 31 (used  17.0) c=0.702 alpha=-0.029 beta=+0.100 | loss 3.2837 (delta +0.3983) size 287.9 MB sparsity 8.9%
gen 9 offspring [70/100] k= 31 (used  31.0) c=0.952 alpha=-0.077 beta=+0.114 | loss 3.0087 (delta +0.1234) size 309.8 MB sparsity 11.5%
gen 9 offspring [71/100] k=107 (used 106.0) c=0.973 alpha=-0.034 beta=+0.105 | loss 2.9097 (delta +0.0244) size 433.3 MB sparsity 6.1%
gen 9 offspring [72/100] k= 16 (used  16.0) c=0.811 alpha=-0.120 beta=+0.050 | loss 3.4762 (delta +0.5908) size 247.2 MB sparsity 20.3%
gen 9 offspring [73/100] k= 30 (used  29.0) c=0.775 alpha=-0.116 beta=+0.188 | loss 3.1310 (delta +0.2456) size 309.8 MB sparsity 13.5%
gen 9 offspring [74/100] k= 16 (used  15.0) c=0.996 alpha=-0.008 beta=+0.161 | loss 3.8604 (delta +0.9751) size 244.6 MB sparsity 24.6%
gen 9 offspring [75/100] k=163 (used  85.0) c=0.837 alpha=-0.082 beta=+0.073 | loss 2.9236 (delta +0.0383) size 433.3 MB sparsity 6.6%
gen 9 offspring [76/100] k=111 (used 106.9) c=0.786 alpha=-0.175 beta=+0.235 | loss 3.0293 (delta +0.1439) size 421.3 MB sparsity 17.1%
gen 9 offspring [77/100] k= 16 (used  15.0) c=0.946 alpha=-0.220 beta=+0.073 | loss 3.7976 (delta +0.9122) size 245.5 MB sparsity 23.5%
gen 9 offspring [78/100] k= 29 (used  17.0) c=0.702 alpha=-0.072 beta=+0.072 | loss 3.2992 (delta +0.4139) size 287.5 MB sparsity 9.0%
gen 9 offspring [79/100] k= 26 (used  25.0) c=0.952 alpha=-0.053 beta=+0.162 | loss 3.1058 (delta +0.2204) size 309.7 MB sparsity 14.7%
gen 9 offspring [80/100] k= 22 (used  13.0) c=0.958 alpha=-0.055 beta=+0.175 | loss 4.6415 (delta +1.7561) size 248.0 MB sparsity 17.1%
gen 9 offspring [81/100] k= 63 (used  31.0) c=0.795 alpha=-0.090 beta=+0.164 | loss 3.0658 (delta +0.1804) size 309.8 MB sparsity 10.8%
gen 9 offspring [82/100] k= 32 (used  30.0) c=0.948 alpha=-0.012 beta=+0.164 | loss 3.1341 (delta +0.2488) size 309.8 MB sparsity 12.9%
gen 9 offspring [83/100] k= 16 (used  15.0) c=0.947 alpha=-0.116 beta=+0.115 | loss 3.7928 (delta +0.9074) size 245.5 MB sparsity 23.4%
gen 9 offspring [84/100] k= 25 (used  25.0) c=0.764 alpha=-0.029 beta=+0.000 | loss 3.0593 (delta +0.1739) size 309.8 MB sparsity 11.4%
gen 9 offspring [85/100] k= 32 (used  17.0) c=0.950 alpha=-0.059 beta=+0.074 | loss 3.4132 (delta +0.5279) size 281.8 MB sparsity 11.3%
gen 9 offspring [86/100] k= 16 (used  15.0) c=0.950 alpha=-0.115 beta=+0.025 | loss 3.8162 (delta +0.9308) size 245.4 MB sparsity 23.5%
gen 9 offspring [87/100] k= 71 (used  71.0) c=0.994 alpha=-0.028 beta=+0.025 | loss 2.9156 (delta +0.0302) size 433.3 MB sparsity 5.1%
gen 9 offspring [88/100] k= 29 (used  17.0) c=0.828 alpha=-0.021 beta=+0.144 | loss 3.3804 (delta +0.4950) size 280.8 MB sparsity 11.7%
gen 9 offspring [89/100] k= 30 (used  17.0) c=0.755 alpha=-0.087 beta=+0.100 | loss 3.2774 (delta +0.3920) size 285.5 MB sparsity 9.8%
gen 9 offspring [90/100] k= 21 (used  13.0) c=0.756 alpha=-0.120 beta=+0.100 | loss 4.1642 (delta +1.2788) size 248.0 MB sparsity 13.5%
gen 9 offspring [91/100] k= 76 (used  42.0) c=0.784 alpha=-0.030 beta=+0.073 | loss 2.9706 (delta +0.0852) size 371.5 MB sparsity 5.1%
gen 9 offspring [92/100] k= 55 (used  29.0) c=0.795 alpha=-0.027 beta=+0.050 | loss 3.0147 (delta +0.1293) size 309.8 MB sparsity 5.3%
gen 9 offspring [93/100] k= 23 (used  21.0) c=0.827 alpha=-0.211 beta=+0.169 | loss 3.7127 (delta +0.8273) size 309.6 MB sparsity 16.9%
gen 9 offspring [94/100] k= 30 (used  17.0) c=0.771 alpha=-0.120 beta=+0.007 | loss 3.3073 (delta +0.4220) size 283.9 MB sparsity 10.5%
gen 9 offspring [95/100] k= 16 (used  15.0) c=0.948 alpha=-0.070 beta=+0.113 | loss 3.7986 (delta +0.9133) size 245.5 MB sparsity 23.5%
gen 9 offspring [96/100] k= 87 (used  87.0) c=0.997 alpha=-0.029 beta=+0.040 | loss 2.8997 (delta +0.0144) size 433.3 MB sparsity 4.2%
gen 9 offspring [97/100] k= 16 (used  15.0) c=0.921 alpha=-0.052 beta=+0.170 | loss 3.7502 (delta +0.8648) size 245.9 MB sparsity 22.8%
gen 9 offspring [98/100] k= 16 (used  16.0) c=0.813 alpha=-0.052 beta=+0.186 | loss 3.4882 (delta +0.6029) size 247.2 MB sparsity 20.3%
gen 9 offspring [99/100] k= 34 (used  19.0) c=0.756 alpha=-0.069 beta=+0.022 | loss 3.1983 (delta +0.3130) size 309.8 MB sparsity 8.5%
gen 9 offspring [100/100] k= 66 (used  66.0) c=0.921 alpha=-0.013 beta=+0.025 | loss 2.9146 (delta +0.0293) size 433.3 MB sparsity 5.2%
=== generation 9/50 done in 549s (0 reused), batch baseline 2.8854, HV 0.15392, front 76 points, 100/100 feasible, best delta loss +0.0143, smallest 244.6 MB
gen 10 offspring [1/100] k= 16 (used  15.0) c=0.956 alpha=-0.115 beta=+0.045 | loss 3.8185 (delta +0.9332) size 245.3 MB sparsity 23.7%
gen 10 offspring [2/100] k= 65 (used  35.0) c=0.789 alpha=-0.056 beta=+0.083 | loss 2.9955 (delta +0.1102) size 371.5 MB sparsity 6.2%
gen 10 offspring [3/100] k= 16 (used  10.0) c=0.787 alpha=-0.061 beta=+0.008 | loss 5.9919 (delta +3.1066) size 247.4 MB sparsity 19.7%
gen 10 offspring [4/100] k=104 (used  54.0) c=0.950 alpha=-0.032 beta=+0.025 | loss 2.9449 (delta +0.0596) size 371.5 MB sparsity 3.4%
gen 10 offspring [5/100] k= 17 (used  17.0) c=0.921 alpha=-0.052 beta=+0.170 | loss 3.4799 (delta +0.5945) size 260.1 MB sparsity 20.1%
gen 10 offspring [6/100] k= 25 (used  25.0) c=0.799 alpha=-0.124 beta=+0.000 | loss 3.0562 (delta +0.1709) size 309.8 MB sparsity 12.1%
gen 10 offspring [7/100] k= 16 (used   9.0) c=0.833 alpha=-0.022 beta=+0.171 | loss 6.1845 (delta +3.2992) size 209.5 MB sparsity 20.8%
gen 10 offspring [8/100] k= 23 (used  23.0) c=0.921 alpha=-0.053 beta=+0.003 | loss 3.1283 (delta +0.2430) size 309.5 MB sparsity 14.8%
gen 10 offspring [9/100] k= 30 (used  29.0) c=0.755 alpha=-0.051 beta=+0.163 | loss 3.0913 (delta +0.2059) size 309.8 MB sparsity 11.9%
gen 10 offspring [10/100] k= 58 (used  58.0) c=0.795 alpha=-0.027 beta=+0.039 | loss 2.9344 (delta +0.0490) size 371.5 MB sparsity 5.1%
gen 10 offspring [11/100] k= 16 (used  15.0) c=0.954 alpha=-0.116 beta=+0.232 | loss 3.8086 (delta +0.9233) size 245.4 MB sparsity 23.7%
gen 10 offspring [12/100] k= 31 (used  17.0) c=0.756 alpha=-0.069 beta=+0.021 | loss 3.2351 (delta +0.3497) size 287.4 MB sparsity 9.1%
gen 10 offspring [13/100] k= 64 (used  62.0) c=0.998 alpha=-0.039 beta=+0.151 | loss 2.9618 (delta +0.0765) size 371.5 MB sparsity 9.3%
gen 10 offspring [14/100] k= 60 (used  32.0) c=0.795 alpha=-0.086 beta=+0.050 | loss 2.9915 (delta +0.1061) size 309.8 MB sparsity 6.3%
gen 10 offspring [15/100] k= 25 (used  25.0) c=0.796 alpha=-0.093 beta=+0.003 | loss 3.0476 (delta +0.1623) size 309.8 MB sparsity 11.8%
gen 10 offspring [16/100] k= 16 (used  16.0) c=0.804 alpha=-0.116 beta=+0.095 | loss 3.4905 (delta +0.6051) size 247.3 MB sparsity 20.1%
gen 10 offspring [17/100] k= 30 (used  17.0) c=0.940 alpha=-0.181 beta=+0.000 | loss 3.5414 (delta +0.6561) size 275.4 MB sparsity 13.9%
gen 10 offspring [18/100] k= 56 (used  30.0) c=0.781 alpha=-0.062 beta=+0.114 | loss 3.0139 (delta +0.1285) size 309.8 MB sparsity 7.8%
gen 10 offspring [19/100] k= 66 (used  66.0) c=0.927 alpha=-0.003 beta=+0.025 | loss 2.9136 (delta +0.0282) size 433.3 MB sparsity 5.2%
gen 10 offspring [20/100] k= 16 (used  15.0) c=0.994 alpha=-0.010 beta=+0.090 | loss 3.8572 (delta +0.9719) size 244.6 MB sparsity 24.5%
gen 10 offspring [21/100] k= 22 (used  21.0) c=0.947 alpha=-0.055 beta=+0.117 | loss 3.2303 (delta +0.3449) size 308.6 MB sparsity 16.7%
gen 10 offspring [22/100] k= 16 (used  10.0) c=0.817 alpha=-0.060 beta=+0.151 | loss 5.8951 (delta +3.0098) size 247.2 MB sparsity 20.4%
gen 10 offspring [23/100] k= 66 (used  64.0) c=0.794 alpha=-0.168 beta=+0.089 | loss 2.9656 (delta +0.0803) size 371.5 MB sparsity 10.8%
gen 10 offspring [24/100] k= 29 (used  17.0) c=0.770 alpha=-0.044 beta=+0.020 | loss 3.3152 (delta +0.4299) size 285.4 MB sparsity 9.9%
gen 10 offspring [25/100] k= 23 (used  23.0) c=0.997 alpha=-0.152 beta=+0.181 | loss 3.1929 (delta +0.3076) size 308.9 MB sparsity 16.6%
gen 10 offspring [26/100] k=114 (used  59.0) c=0.994 alpha=-0.027 beta=+0.025 | loss 2.9301 (delta +0.0448) size 371.5 MB sparsity 3.2%
gen 10 offspring [27/100] k= 21 (used  21.0) c=0.946 alpha=-0.024 beta=+0.040 | loss 3.2274 (delta +0.3420) size 308.6 MB sparsity 16.7%
gen 10 offspring [28/100] k=140 (used  72.0) c=0.906 alpha=-0.021 beta=+0.126 | loss 2.9200 (delta +0.0346) size 433.3 MB sparsity 6.5%
gen 10 offspring [29/100] k= 24 (used  23.0) c=0.948 alpha=-0.022 beta=+0.164 | loss 3.1530 (delta +0.2676) size 309.3 MB sparsity 15.6%
gen 10 offspring [30/100] k= 26 (used  26.0) c=0.851 alpha=-0.029 beta=+0.000 | loss 3.1021 (delta +0.2167) size 309.8 MB sparsity 12.6%
gen 10 offspring [31/100] k= 23 (used  22.0) c=0.979 alpha=-0.165 beta=+0.251 | loss 3.6850 (delta +0.7997) size 308.2 MB sparsity 19.0%
gen 10 offspring [32/100] k= 23 (used  23.0) c=0.998 alpha=-0.008 beta=+0.177 | loss 3.1939 (delta +0.3085) size 308.9 MB sparsity 16.5%
gen 10 offspring [33/100] k= 16 (used  16.0) c=0.810 alpha=-0.058 beta=+0.072 | loss 3.4960 (delta +0.6107) size 247.2 MB sparsity 20.2%
gen 10 offspring [34/100] k= 26 (used  15.0) c=0.807 alpha=-0.095 beta=+0.048 | loss 3.5229 (delta +0.6375) size 248.0 MB sparsity 12.0%
gen 10 offspring [35/100] k= 16 (used  16.0) c=0.816 alpha=-0.116 beta=+0.115 | loss 3.4979 (delta +0.6126) size 247.2 MB sparsity 20.4%
gen 10 offspring [36/100] k= 19 (used  19.0) c=0.982 alpha=-0.116 beta=+0.024 | loss 3.3806 (delta +0.4953) size 306.7 MB sparsity 19.1%
gen 10 offspring [37/100] k= 16 (used   9.0) c=0.917 alpha=-0.150 beta=+0.115 | loss 6.7569 (delta +3.8716) size 205.9 MB sparsity 22.7%
gen 10 offspring [38/100] k= 99 (used  51.0) c=0.900 alpha=-0.231 beta=+0.051 | loss 2.9786 (delta +0.0932) size 371.5 MB sparsity 11.8%
gen 10 offspring [39/100] k= 73 (used  39.0) c=0.773 alpha=-0.243 beta=+0.025 | loss 3.0395 (delta +0.1542) size 371.5 MB sparsity 12.0%
gen 10 offspring [40/100] k= 21 (used  13.0) c=0.948 alpha=-0.094 beta=+0.032 | loss 4.4776 (delta +1.5923) size 248.0 MB sparsity 16.7%
gen 10 offspring [41/100] k= 31 (used  15.0) c=0.764 alpha=-0.069 beta=+0.070 | loss 3.2737 (delta +0.3884) size 248.0 MB sparsity 9.1%
gen 10 offspring [42/100] k= 59 (used  59.0) c=0.994 alpha=-0.009 beta=+0.024 | loss 2.9321 (delta +0.0468) size 371.5 MB sparsity 6.2%
gen 10 offspring [43/100] k= 16 (used  15.0) c=0.932 alpha=-0.166 beta=+0.181 | loss 3.7288 (delta +0.8435) size 245.7 MB sparsity 23.1%
gen 10 offspring [44/100] k= 31 (used  31.0) c=0.952 alpha=-0.077 beta=+0.114 | loss 3.0088 (delta +0.1234) size 309.8 MB sparsity 11.5%
gen 10 offspring [45/100] k= 30 (used  17.0) c=0.923 alpha=-0.060 beta=+0.101 | loss 3.4723 (delta +0.5869) size 280.7 MB sparsity 11.8%
gen 10 offspring [46/100] k= 28 (used  16.0) c=0.754 alpha=-0.029 beta=+0.100 | loss 3.3888 (delta +0.5035) size 248.0 MB sparsity 10.4%
gen 10 offspring [47/100] k=111 (used  60.0) c=0.911 alpha=-0.025 beta=+0.001 | loss 2.9279 (delta +0.0425) size 371.5 MB sparsity 3.0%
gen 10 offspring [48/100] k=115 (used 112.0) c=0.811 alpha=-0.169 beta=+0.046 | loss 2.9411 (delta +0.0558) size 433.3 MB sparsity 9.1%
gen 10 offspring [49/100] k= 18 (used  17.0) c=0.994 alpha=-0.109 beta=+0.001 | loss 3.5385 (delta +0.6532) size 256.3 MB sparsity 21.7%
gen 10 offspring [50/100] k=104 (used  53.0) c=0.934 alpha=-0.059 beta=+0.026 | loss 2.9343 (delta +0.0490) size 371.5 MB sparsity 4.2%
gen 10 offspring [51/100] k= 26 (used  25.0) c=0.847 alpha=-0.029 beta=+0.162 | loss 3.2360 (delta +0.3507) size 309.8 MB sparsity 13.6%
gen 10 offspring [52/100] k= 23 (used  23.0) c=0.805 alpha=-0.096 beta=+0.033 | loss 3.1131 (delta +0.2277) size 309.8 MB sparsity 13.0%
gen 10 offspring [53/100] k= 19 (used  19.0) c=0.952 alpha=-0.052 beta=+0.162 | loss 3.3375 (delta +0.4522) size 307.2 MB sparsity 18.6%
gen 10 offspring [54/100] k= 22 (used  13.0) c=0.948 alpha=-0.060 beta=+0.082 | loss 4.4729 (delta +1.5876) size 248.0 MB sparsity 16.7%
gen 10 offspring [55/100] k= 87 (used  47.0) c=0.994 alpha=-0.029 beta=+0.083 | loss 2.9580 (delta +0.0727) size 371.5 MB sparsity 5.6%
gen 10 offspring [56/100] k= 17 (used  17.0) c=0.778 alpha=-0.116 beta=+0.095 | loss 3.3380 (delta +0.4527) size 267.4 MB sparsity 17.1%
gen 10 offspring [57/100] k= 30 (used  17.0) c=0.764 alpha=-0.049 beta=+0.115 | loss 3.2899 (delta +0.4046) size 284.4 MB sparsity 10.3%
gen 10 offspring [58/100] k= 16 (used  15.0) c=0.994 alpha=-0.027 beta=+0.025 | loss 3.8594 (delta +0.9741) size 244.6 MB sparsity 24.5%
gen 10 offspring [59/100] k= 92 (used  90.0) c=0.997 alpha=-0.029 beta=+0.053 | loss 2.9136 (delta +0.0283) size 433.3 MB sparsity 4.4%
gen 10 offspring [60/100] k=119 (used  62.6) c=0.900 alpha=-0.239 beta=+0.115 | loss 2.9887 (delta +0.1033) size 371.5 MB sparsity 14.8%
gen 10 offspring [61/100] k= 63 (used  33.0) c=0.795 alpha=-0.026 beta=+0.118 | loss 2.9922 (delta +0.1068) size 348.9 MB sparsity 7.3%
gen 10 offspring [62/100] k= 16 (used  16.0) c=0.775 alpha=-0.027 beta=+0.020 | loss 3.4485 (delta +0.5631) size 247.5 MB sparsity 19.4%
gen 10 offspring [63/100] k= 29 (used  29.0) c=0.963 alpha=-0.017 beta=+0.114 | loss 3.0502 (delta +0.1649) size 309.8 MB sparsity 12.3%
gen 10 offspring [64/100] k= 29 (used  17.0) c=0.836 alpha=-0.193 beta=+0.020 | loss 3.3957 (delta +0.5103) size 276.2 MB sparsity 13.6%
gen 10 offspring [65/100] k= 16 (used  16.0) c=0.824 alpha=-0.058 beta=+0.057 | loss 3.4823 (delta +0.5969) size 247.1 MB sparsity 20.6%
gen 10 offspring [66/100] k= 36 (used  20.0) c=0.795 alpha=-0.047 beta=+0.177 | loss 3.2015 (delta +0.3161) size 309.8 MB sparsity 11.8%
gen 10 offspring [67/100] k= 30 (used  17.0) c=0.756 alpha=-0.038 beta=+0.110 | loss 3.2790 (delta +0.3936) size 284.9 MB sparsity 10.1%
gen 10 offspring [68/100] k= 91 (used  90.0) c=0.953 alpha=-0.037 beta=+0.170 | loss 2.9265 (delta +0.0412) size 433.3 MB sparsity 9.1%
gen 10 offspring [69/100] k= 25 (used  15.0) c=0.936 alpha=-0.056 beta=+0.156 | loss 4.0868 (delta +1.2014) size 248.0 MB sparsity 14.4%
gen 10 offspring [70/100] k= 23 (used  23.0) c=0.948 alpha=-0.119 beta=+0.181 | loss 3.1611 (delta +0.2758) size 309.2 MB sparsity 16.0%
gen 10 offspring [71/100] k= 87 (used  87.0) c=0.946 alpha=-0.029 beta=+0.040 | loss 2.9091 (delta +0.0238) size 433.3 MB sparsity 4.0%
gen 10 offspring [72/100] k= 58 (used  31.0) c=0.824 alpha=-0.025 beta=+0.050 | loss 3.0059 (delta +0.1206) size 309.8 MB sparsity 5.3%
gen 10 offspring [73/100] k= 97 (used  94.9) c=0.998 alpha=-0.185 beta=+0.181 | loss 2.9868 (delta +0.1014) size 428.8 MB sparsity 15.3%
gen 10 offspring [74/100] k= 16 (used  16.0) c=0.827 alpha=-0.091 beta=+0.170 | loss 3.5281 (delta +0.6428) size 247.1 MB sparsity 20.7%
gen 10 offspring [75/100] k= 16 (used  16.0) c=0.833 alpha=-0.051 beta=+0.166 | loss 3.5199 (delta +0.6345) size 247.0 MB sparsity 20.8%
gen 10 offspring [76/100] k= 25 (used  25.0) c=0.795 alpha=-0.124 beta=+0.162 | loss 3.0525 (delta +0.1672) size 309.8 MB sparsity 13.4%
gen 10 offspring [77/100] k= 32 (used  30.0) c=0.975 alpha=-0.165 beta=+0.145 | loss 3.1188 (delta +0.2335) size 309.8 MB sparsity 13.9%
gen 10 offspring [78/100] k= 69 (used  68.0) c=0.947 alpha=-0.166 beta=+0.035 | loss 2.9403 (delta +0.0549) size 433.3 MB sparsity 9.5%
gen 10 offspring [79/100] k= 28 (used  16.0) c=0.702 alpha=-0.072 beta=+0.112 | loss 3.3700 (delta +0.4847) size 248.0 MB sparsity 10.1%
gen 10 offspring [80/100] k=107 (used  57.0) c=0.931 alpha=-0.066 beta=+0.073 | loss 2.9623 (delta +0.0770) size 371.5 MB sparsity 6.0%
gen 10 offspring [81/100] k= 16 (used  15.0) c=0.948 alpha=-0.116 beta=+0.007 | loss 3.7986 (delta +0.9133) size 245.5 MB sparsity 23.5%
gen 10 offspring [82/100] k= 27 (used  15.0) c=0.761 alpha=-0.128 beta=+0.035 | loss 3.4063 (delta +0.5210) size 248.0 MB sparsity 11.2%
gen 10 offspring [83/100] k= 31 (used  30.0) c=0.756 alpha=-0.069 beta=+0.252 | loss 3.1673 (delta +0.2819) size 309.8 MB sparsity 15.1%
gen 10 offspring [84/100] k= 60 (used  33.0) c=0.783 alpha=-0.095 beta=+0.114 | loss 2.9990 (delta +0.1137) size 343.9 MB sparsity 8.9%
gen 10 offspring [85/100] k= 26 (used  25.0) c=0.999 alpha=-0.014 beta=+0.020 | loss 3.1185 (delta +0.2332) size 309.5 MB sparsity 14.8%
gen 10 offspring [86/100] k= 20 (used  19.0) c=0.918 alpha=-0.053 beta=+0.169 | loss 3.3030 (delta +0.4177) size 307.8 MB sparsity 18.0%
gen 10 offspring [87/100] k= 95 (used  49.0) c=0.934 alpha=-0.059 beta=+0.026 | loss 2.9377 (delta +0.0523) size 371.5 MB sparsity 4.4%
gen 10 offspring [88/100] k= 16 (used  15.0) c=0.954 alpha=-0.194 beta=+0.147 | loss 3.8085 (delta +0.9232) size 245.4 MB sparsity 23.6%
gen 10 offspring [89/100] k= 23 (used  23.0) c=0.921 alpha=-0.052 beta=+0.169 | loss 3.1206 (delta +0.2352) size 309.4 MB sparsity 15.4%
gen 10 offspring [90/100] k= 35 (used  19.0) c=0.761 alpha=-0.029 beta=+0.078 | loss 3.1993 (delta +0.3139) size 309.8 MB sparsity 8.1%
gen 10 offspring [91/100] k= 16 (used  16.0) c=0.753 alpha=-0.051 beta=+0.169 | loss 3.4595 (delta +0.5741) size 247.7 MB sparsity 18.9%
gen 10 offspring [92/100] k= 23 (used  23.0) c=0.794 alpha=-0.029 beta=+0.011 | loss 3.1074 (delta +0.2221) size 309.8 MB sparsity 12.9%
gen 10 offspring [93/100] k= 30 (used  17.0) c=0.765 alpha=-0.179 beta=+0.001 | loss 3.3275 (delta +0.4422) size 278.7 MB sparsity 12.6%
gen 10 offspring [94/100] k= 27 (used  15.0) c=0.800 alpha=-0.095 beta=+0.060 | loss 3.4110 (delta +0.5256) size 248.0 MB sparsity 11.0%
gen 10 offspring [95/100] k= 23 (used  23.0) c=0.949 alpha=-0.054 beta=+0.168 | loss 3.1498 (delta +0.2645) size 309.3 MB sparsity 15.7%
gen 10 offspring [96/100] k= 17 (used   9.0) c=0.804 alpha=-0.077 beta=+0.115 | loss 5.3340 (delta +2.4486) size 215.2 MB sparsity 17.7%
gen 10 offspring [97/100] k= 25 (used  25.0) c=0.949 alpha=-0.116 beta=+0.171 | loss 3.1171 (delta +0.2318) size 309.7 MB sparsity 14.9%
gen 10 offspring [98/100] k= 25 (used  15.0) c=0.702 alpha=-0.072 beta=+0.045 | loss 3.5256 (delta +0.6402) size 248.0 MB sparsity 10.5%
gen 10 offspring [99/100] k= 66 (used  66.0) c=0.928 alpha=-0.014 beta=+0.025 | loss 2.9153 (delta +0.0299) size 433.3 MB sparsity 5.2%
gen 10 offspring [100/100] k= 23 (used  21.0) c=0.921 alpha=-0.179 beta=+0.182 | loss 3.8299 (delta +0.9445) size 309.3 MB sparsity 16.6%
=== generation 10/50 done in 548s (0 reused), batch baseline 2.8854, HV 0.17257, front 83 points, 100/100 feasible, best delta loss +0.0143, smallest 244.6 MB
gen 11 offspring [1/100] k= 28 (used  15.0) c=0.983 alpha=-0.010 beta=+0.070 | loss 3.9886 (delta +1.1032) size 248.0 MB sparsity 13.5%
gen 11 offspring [2/100] k= 22 (used  21.0) c=0.948 alpha=-0.094 beta=+0.032 | loss 3.2326 (delta +0.3473) size 308.6 MB sparsity 16.7%
gen 11 offspring [3/100] k= 31 (used  17.0) c=0.757 alpha=-0.069 beta=+0.117 | loss 3.2391 (delta +0.3537) size 285.5 MB sparsity 9.8%
gen 11 offspring [4/100] k= 66 (used  35.0) c=0.928 alpha=-0.014 beta=+0.025 | loss 2.9897 (delta +0.1043) size 371.5 MB sparsity 5.2%
gen 11 offspring [5/100] k= 31 (used  17.0) c=0.751 alpha=-0.025 beta=+0.070 | loss 3.2365 (delta +0.3511) size 287.6 MB sparsity 9.0%
gen 11 offspring [6/100] k= 16 (used  15.0) c=0.990 alpha=-0.003 beta=+0.066 | loss 3.9001 (delta +1.0147) size 244.7 MB sparsity 24.4%
gen 11 offspring [7/100] k= 66 (used  63.0) c=0.994 alpha=-0.096 beta=+0.110 | loss 2.9606 (delta +0.0752) size 371.5 MB sparsity 8.9%
gen 11 offspring [8/100] k= 30 (used  17.0) c=0.929 alpha=-0.184 beta=+0.211 | loss 3.6850 (delta +0.7997) size 267.6 MB sparsity 17.1%
gen 11 offspring [9/100] k= 27 (used  15.0) c=0.948 alpha=-0.100 beta=+0.019 | loss 3.7842 (delta +0.8989) size 248.0 MB sparsity 13.0%
gen 11 offspring [10/100] k= 22 (used  21.0) c=0.952 alpha=-0.051 beta=+0.175 | loss 3.2471 (delta +0.3617) size 308.5 MB sparsity 17.1%
gen 11 offspring [11/100] k= 16 (used  15.0) c=0.941 alpha=-0.181 beta=+0.020 | loss 3.7480 (delta +0.8626) size 245.6 MB sparsity 23.3%
gen 11 offspring [12/100] k=111 (used  60.0) c=0.911 alpha=-0.025 beta=+0.000 | loss 2.9279 (delta +0.0425) size 371.5 MB sparsity 3.0%
gen 11 offspring [13/100] k= 63 (used  33.0) c=0.800 alpha=-0.097 beta=+0.118 | loss 2.9928 (delta +0.1074) size 343.2 MB sparsity 9.2%
gen 11 offspring [14/100] k= 16 (used  15.0) c=0.994 alpha=-0.114 beta=+0.025 | loss 3.8594 (delta +0.9741) size 244.6 MB sparsity 24.5%
gen 11 offspring [15/100] k= 30 (used  15.0) c=0.934 alpha=-0.059 beta=+0.026 | loss 3.5191 (delta +0.6337) size 248.0 MB sparsity 11.9%
gen 11 offspring [16/100] k= 25 (used  15.0) c=0.806 alpha=-0.074 beta=+0.127 | loss 3.5088 (delta +0.6234) size 248.0 MB sparsity 12.2%
gen 11 offspring [17/100] k= 58 (used  31.0) c=0.796 alpha=-0.095 beta=+0.115 | loss 3.0066 (delta +0.1212) size 309.8 MB sparsity 9.0%
gen 11 offspring [18/100] k= 87 (used  46.0) c=0.940 alpha=-0.089 beta=+0.150 | loss 2.9595 (delta +0.0741) size 371.5 MB sparsity 10.1%
gen 11 offspring [19/100] k= 59 (used  33.0) c=0.798 alpha=-0.095 beta=+0.053 | loss 2.9931 (delta +0.1078) size 350.8 MB sparsity 6.7%
gen 11 offspring [20/100] k=101 (used  98.0) c=0.825 alpha=-0.231 beta=+0.115 | loss 2.9831 (delta +0.0977) size 432.1 MB sparsity 14.4%
gen 11 offspring [21/100] k= 16 (used  16.0) c=0.827 alpha=-0.116 beta=+0.202 | loss 3.5100 (delta +0.6246) size 247.1 MB sparsity 20.8%
gen 11 offspring [22/100] k= 16 (used  15.0) c=0.981 alpha=-0.029 beta=+0.062 | loss 3.8938 (delta +1.0085) size 244.9 MB sparsity 24.2%
gen 11 offspring [23/100] k= 16 (used  16.0) c=0.846 alpha=-0.120 beta=+0.085 | loss 3.4934 (delta +0.6080) size 246.9 MB sparsity 21.1%
gen 11 offspring [24/100] k= 16 (used  15.0) c=0.994 alpha=-0.037 beta=+0.148 | loss 3.8609 (delta +0.9755) size 244.6 MB sparsity 24.5%
gen 11 offspring [25/100] k= 22 (used  22.0) c=0.801 alpha=-0.029 beta=+0.116 | loss 3.1479 (delta +0.2626) size 309.7 MB sparsity 14.2%
gen 11 offspring [26/100] k= 59 (used  58.0) c=0.796 alpha=-0.021 beta=+0.166 | loss 2.9669 (delta +0.0815) size 371.5 MB sparsity 9.4%
gen 11 offspring [27/100] k= 67 (used  65.0) c=0.835 alpha=-0.051 beta=+0.166 | loss 2.9776 (delta +0.0923) size 398.4 MB sparsity 9.4%
gen 11 offspring [28/100] k= 49 (used  48.0) c=0.795 alpha=-0.027 beta=+0.115 | loss 3.0036 (delta +0.1182) size 371.5 MB sparsity 7.9%
gen 11 offspring [29/100] k= 64 (used  61.0) c=0.998 alpha=-0.112 beta=+0.182 | loss 2.9984 (delta +0.1131) size 371.5 MB sparsity 12.5%
gen 11 offspring [30/100] k= 21 (used  21.0) c=0.942 alpha=-0.094 beta=+0.010 | loss 3.2052 (delta +0.3199) size 308.6 MB sparsity 16.6%
gen 11 offspring [31/100] k= 16 (used  16.0) c=0.775 alpha=-0.028 beta=+0.024 | loss 3.4485 (delta +0.5631) size 247.5 MB sparsity 19.4%
gen 11 offspring [32/100] k= 25 (used  25.0) c=0.795 alpha=-0.093 beta=+0.050 | loss 3.0479 (delta +0.1625) size 309.8 MB sparsity 11.8%
gen 11 offspring [33/100] k=104 (used  53.0) c=0.934 alpha=-0.026 beta=+0.026 | loss 2.9393 (delta +0.0539) size 371.5 MB sparsity 3.3%
gen 11 offspring [34/100] k= 25 (used  25.0) c=0.952 alpha=-0.077 beta=+0.114 | loss 3.1019 (delta +0.2166) size 309.7 MB sparsity 14.1%
gen 11 offspring [35/100] k= 16 (used  15.0) c=0.933 alpha=-0.025 beta=+0.189 | loss 3.7274 (delta +0.8420) size 245.7 MB sparsity 23.1%
gen 11 offspring [36/100] k= 27 (used  15.0) c=0.710 alpha=-0.032 beta=+0.072 | loss 3.4018 (delta +0.5164) size 248.0 MB sparsity 9.8%
gen 11 offspring [37/100] k= 16 (used  15.0) c=0.946 alpha=-0.005 beta=+0.144 | loss 3.7953 (delta +0.9100) size 245.5 MB sparsity 23.4%
gen 11 offspring [38/100] k=132 (used  69.0) c=0.955 alpha=-0.059 beta=+0.121 | loss 2.9187 (delta +0.0334) size 433.3 MB sparsity 7.6%
gen 11 offspring [39/100] k= 16 (used  16.0) c=0.827 alpha=-0.015 beta=+0.202 | loss 3.5100 (delta +0.6246) size 247.1 MB sparsity 20.8%
gen 11 offspring [40/100] k= 31 (used  31.0) c=0.756 alpha=-0.029 beta=+0.103 | loss 3.0107 (delta +0.1254) size 309.8 MB sparsity 9.4%
gen 11 offspring [41/100] k= 58 (used  57.0) c=0.795 alpha=-0.086 beta=+0.050 | loss 2.9483 (delta +0.0630) size 371.5 MB sparsity 6.4%
gen 11 offspring [42/100] k= 60 (used  31.0) c=0.998 alpha=-0.032 beta=+0.102 | loss 3.0375 (delta +0.1521) size 309.8 MB sparsity 7.6%
gen 11 offspring [43/100] k= 24 (used  14.0) c=0.720 alpha=-0.035 beta=+0.256 | loss 3.7549 (delta +0.8696) size 248.0 MB sparsity 16.6%
gen 11 offspring [44/100] k= 66 (used  65.0) c=0.948 alpha=-0.054 beta=+0.219 | loss 2.9754 (delta +0.0901) size 389.3 MB sparsity 11.9%
gen 11 offspring [45/100] k= 20 (used  12.0) c=0.728 alpha=-0.069 beta=+0.110 | loss 4.2745 (delta +1.3892) size 248.0 MB sparsity 14.4%
gen 11 offspring [46/100] k= 63 (used  62.0) c=0.715 alpha=-0.071 beta=+0.026 | loss 2.9860 (delta +0.1007) size 371.5 MB sparsity 5.2%
gen 11 offspring [47/100] k= 89 (used  48.0) c=0.934 alpha=-0.059 beta=+0.026 | loss 2.9601 (delta +0.0748) size 371.5 MB sparsity 4.5%
gen 11 offspring [48/100] k= 26 (used  25.0) c=0.948 alpha=-0.047 beta=+0.018 | loss 3.1073 (delta +0.2219) size 309.7 MB sparsity 14.0%
gen 11 offspring [49/100] k= 86 (used  45.0) c=0.900 alpha=-0.231 beta=+0.051 | loss 3.0017 (delta +0.1164) size 371.5 MB sparsity 11.9%
gen 11 offspring [50/100] k= 87 (used  86.0) c=0.998 alpha=-0.075 beta=+0.040 | loss 2.9110 (delta +0.0256) size 433.3 MB sparsity 5.4%
gen 11 offspring [51/100] k= 16 (used  16.0) c=0.836 alpha=-0.051 beta=+0.166 | loss 3.5051 (delta +0.6197) size 247.0 MB sparsity 20.9%
gen 11 offspring [52/100] k= 60 (used  32.0) c=0.783 alpha=-0.028 beta=+0.029 | loss 2.9930 (delta +0.1077) size 309.8 MB sparsity 4.9%
gen 11 offspring [53/100] k= 25 (used  25.0) c=0.947 alpha=-0.056 beta=+0.133 | loss 3.1078 (delta +0.2225) size 309.7 MB sparsity 14.1%
gen 11 offspring [54/100] k= 24 (used  24.0) c=0.768 alpha=-0.071 beta=+0.000 | loss 3.0803 (delta +0.1949) size 309.8 MB sparsity 12.5%
gen 11 offspring [55/100] k= 24 (used  23.0) c=0.790 alpha=-0.111 beta=+0.181 | loss 3.2767 (delta +0.3913) size 309.8 MB sparsity 14.4%
gen 11 offspring [56/100] k= 32 (used  31.0) c=0.939 alpha=-0.077 beta=+0.113 | loss 3.0090 (delta +0.1236) size 309.8 MB sparsity 11.3%
gen 11 offspring [57/100] k= 30 (used  29.0) c=0.998 alpha=-0.026 beta=+0.143 | loss 3.0743 (delta +0.1890) size 309.8 MB sparsity 13.1%
gen 11 offspring [58/100] k= 16 (used  15.0) c=0.932 alpha=-0.166 beta=+0.193 | loss 3.7294 (delta +0.8440) size 245.7 MB sparsity 23.1%
gen 11 offspring [59/100] k= 27 (used  15.0) c=0.795 alpha=-0.024 beta=+0.052 | loss 3.3920 (delta +0.5067) size 248.0 MB sparsity 10.9%
gen 11 offspring [60/100] k= 16 (used  16.0) c=0.811 alpha=-0.194 beta=+0.050 | loss 3.4726 (delta +0.5872) size 247.2 MB sparsity 20.3%
gen 11 offspring [61/100] k= 94 (used  49.0) c=0.795 alpha=-0.047 beta=+0.114 | loss 2.9483 (delta +0.0629) size 371.5 MB sparsity 6.9%
gen 11 offspring [62/100] k= 28 (used  28.0) c=0.702 alpha=-0.091 beta=+0.000 | loss 3.0830 (delta +0.1976) size 309.8 MB sparsity 9.7%
gen 11 offspring [63/100] k= 16 (used  15.0) c=0.916 alpha=-0.116 beta=+0.050 | loss 3.7387 (delta +0.8533) size 246.0 MB sparsity 22.7%
gen 11 offspring [64/100] k= 19 (used  19.0) c=0.957 alpha=-0.147 beta=+0.095 | loss 3.3377 (delta +0.4523) size 307.1 MB sparsity 18.7%
gen 11 offspring [65/100] k= 30 (used  29.0) c=0.969 alpha=-0.087 beta=+0.050 | loss 3.0470 (delta +0.1616) size 309.8 MB sparsity 12.3%
gen 11 offspring [66/100] k= 17 (used   9.0) c=0.806 alpha=-0.116 beta=+0.035 | loss 5.3003 (delta +2.4149) size 215.2 MB sparsity 17.7%
gen 11 offspring [67/100] k= 17 (used  17.0) c=0.847 alpha=-0.037 beta=+0.115 | loss 3.3346 (delta +0.4492) size 263.8 MB sparsity 18.6%
gen 11 offspring [68/100] k= 85 (used  84.0) c=0.998 alpha=-0.037 beta=+0.052 | loss 2.9241 (delta +0.0388) size 433.3 MB sparsity 4.6%
gen 11 offspring [69/100] k= 17 (used  15.0) c=0.805 alpha=-0.052 beta=+0.163 | loss 3.4122 (delta +0.5269) size 248.0 MB sparsity 17.8%
gen 11 offspring [70/100] k= 16 (used  15.0) c=0.998 alpha=-0.011 beta=+0.029 | loss 3.8659 (delta +0.9806) size 244.6 MB sparsity 24.6%
gen 11 offspring [71/100] k= 68 (used  64.0) c=0.995 alpha=-0.116 beta=+0.039 | loss 2.9408 (delta +0.0554) size 371.5 MB sparsity 7.7%
gen 11 offspring [72/100] k= 16 (used  10.0) c=0.833 alpha=-0.096 beta=+0.050 | loss 6.1385 (delta +3.2531) size 247.0 MB sparsity 20.8%
gen 11 offspring [73/100] k= 16 (used  15.0) c=0.919 alpha=-0.013 beta=+0.025 | loss 3.7456 (delta +0.8603) size 245.9 MB sparsity 22.8%
gen 11 offspring [74/100] k=119 (used  60.9) c=0.900 alpha=-0.294 beta=+0.050 | loss 3.0321 (delta +0.1467) size 371.5 MB sparsity 14.3%
gen 11 offspring [75/100] k= 23 (used  23.0) c=0.997 alpha=-0.152 beta=+0.150 | loss 3.1835 (delta +0.2981) size 309.0 MB sparsity 16.1%
gen 11 offspring [76/100] k= 16 (used  15.0) c=0.949 alpha=-0.212 beta=+0.257 | loss 3.7925 (delta +0.9072) size 245.4 MB sparsity 24.0%
gen 11 offspring [77/100] k= 16 (used  16.0) c=0.827 alpha=-0.090 beta=+0.178 | loss 3.5271 (delta +0.6418) size 247.1 MB sparsity 20.7%
gen 11 offspring [78/100] k= 28 (used  16.0) c=0.796 alpha=-0.096 beta=+0.003 | loss 3.3818 (delta +0.4964) size 248.0 MB sparsity 11.0%
gen 11 offspring [79/100] k=101 (used  52.9) c=0.900 alpha=-0.300 beta=+0.115 | loss 3.0559 (delta +0.1705) size 369.5 MB sparsity 17.2%
gen 11 offspring [80/100] k=112 (used  58.0) c=0.910 alpha=-0.166 beta=+0.001 | loss 2.9421 (delta +0.0567) size 371.5 MB sparsity 8.5%
gen 11 offspring [81/100] k= 65 (used  65.0) c=0.922 alpha=-0.004 beta=+0.053 | loss 2.9173 (delta +0.0319) size 413.7 MB sparsity 5.3%
gen 11 offspring [82/100] k= 23 (used  23.0) c=0.994 alpha=-0.175 beta=+0.118 | loss 3.1908 (delta +0.3054) size 309.0 MB sparsity 16.4%
gen 11 offspring [83/100] k= 17 (used  17.0) c=0.933 alpha=-0.219 beta=+0.136 | loss 3.4855 (delta +0.6001) size 258.4 MB sparsity 20.8%
gen 11 offspring [84/100] k=114 (used  62.0) c=0.914 alpha=-0.018 beta=+0.104 | loss 2.9245 (delta +0.0391) size 371.5 MB sparsity 5.9%
gen 11 offspring [85/100] k= 22 (used  13.0) c=0.939 alpha=-0.052 beta=+0.143 | loss 4.5002 (delta +1.6149) size 248.0 MB sparsity 16.6%
gen 11 offspring [86/100] k= 30 (used  15.0) c=0.998 alpha=-0.165 beta=+0.145 | loss 3.7002 (delta +0.8149) size 248.0 MB sparsity 14.3%
gen 11 offspring [87/100] k= 58 (used  58.0) c=0.776 alpha=-0.023 beta=+0.040 | loss 2.9374 (delta +0.0520) size 371.5 MB sparsity 5.0%
gen 11 offspring [88/100] k= 16 (used  15.0) c=0.937 alpha=-0.119 beta=+0.115 | loss 3.7366 (delta +0.8512) size 245.6 MB sparsity 23.2%
gen 11 offspring [89/100] k= 23 (used  23.0) c=0.928 alpha=-0.013 beta=+0.014 | loss 3.1223 (delta +0.2369) size 309.4 MB sparsity 15.0%
gen 11 offspring [90/100] k= 32 (used  31.0) c=0.974 alpha=-0.024 beta=+0.040 | loss 3.0245 (delta +0.1391) size 309.8 MB sparsity 11.6%
gen 11 offspring [91/100] k= 96 (used  49.9) c=0.773 alpha=-0.094 beta=+0.300 | loss 3.0670 (delta +0.1816) size 371.1 MB sparsity 16.3%
gen 11 offspring [92/100] k= 94 (used  91.0) c=0.994 alpha=-0.202 beta=+0.120 | loss 2.9666 (delta +0.0813) size 433.1 MB sparsity 13.5%
gen 11 offspring [93/100] k= 16 (used  16.0) c=0.830 alpha=-0.022 beta=+0.182 | loss 3.5230 (delta +0.6377) size 247.0 MB sparsity 20.7%
gen 11 offspring [94/100] k= 31 (used  17.0) c=0.763 alpha=-0.069 beta=+0.021 | loss 3.2341 (delta +0.3488) size 287.2 MB sparsity 9.1%
gen 11 offspring [95/100] k= 18 (used  16.0) c=0.805 alpha=-0.026 beta=+0.043 | loss 3.4109 (delta +0.5255) size 248.0 MB sparsity 17.7%
gen 11 offspring [96/100] k= 16 (used  16.0) c=0.824 alpha=-0.060 beta=+0.057 | loss 3.4823 (delta +0.5969) size 247.1 MB sparsity 20.6%
gen 11 offspring [97/100] k= 17 (used  15.0) c=0.994 alpha=-0.029 beta=+0.038 | loss 3.5859 (delta +0.7006) size 246.6 MB sparsity 21.7%
gen 11 offspring [98/100] k= 16 (used  15.0) c=0.935 alpha=-0.166 beta=+0.168 | loss 3.7372 (delta +0.8519) size 245.7 MB sparsity 23.2%
gen 11 offspring [99/100] k= 73 (used  73.0) c=0.986 alpha=-0.023 beta=+0.040 | loss 2.9076 (delta +0.0223) size 433.3 MB sparsity 4.9%
gen 11 offspring [100/100] k= 85 (used  82.0) c=0.997 alpha=-0.163 beta=+0.283 | loss 3.0705 (delta +0.1851) size 414.9 MB sparsity 18.5%
=== generation 11/50 done in 553s (0 reused), batch baseline 2.8854, HV 0.17281, front 85 points, 100/100 feasible, best delta loss +0.0143, smallest 244.6 MB
gen 12 offspring [1/100] k= 16 (used   9.0) c=0.800 alpha=-0.129 beta=+0.118 | loss 6.0062 (delta +3.1208) size 211.0 MB sparsity 20.0%
gen 12 offspring [2/100] k= 21 (used  13.0) c=0.945 alpha=-0.094 beta=+0.010 | loss 4.4787 (delta +1.5933) size 248.0 MB sparsity 16.7%
gen 12 offspring [3/100] k= 65 (used  65.0) c=0.921 alpha=-0.054 beta=+0.014 | loss 2.9162 (delta +0.0309) size 413.6 MB sparsity 5.3%
gen 12 offspring [4/100] k= 16 (used  15.0) c=0.974 alpha=-0.024 beta=+0.040 | loss 3.8889 (delta +1.0035) size 245.0 MB sparsity 24.1%
gen 12 offspring [5/100] k= 30 (used  17.0) c=0.911 alpha=-0.226 beta=+0.004 | loss 3.5813 (delta +0.6960) size 271.7 MB sparsity 15.4%
gen 12 offspring [6/100] k= 17 (used  15.0) c=0.805 alpha=-0.026 beta=+0.029 | loss 3.4115 (delta +0.5261) size 248.0 MB sparsity 17.7%
gen 12 offspring [7/100] k= 16 (used  16.0) c=0.809 alpha=-0.037 beta=+0.050 | loss 3.4789 (delta +0.5936) size 247.2 MB sparsity 20.2%
gen 12 offspring [8/100] k= 16 (used  15.0) c=0.941 alpha=-0.181 beta=+0.007 | loss 3.7480 (delta +0.8626) size 245.6 MB sparsity 23.3%
gen 12 offspring [9/100] k= 24 (used  23.0) c=0.932 alpha=-0.020 beta=+0.173 | loss 3.1317 (delta +0.2464) size 309.4 MB sparsity 15.6%
gen 12 offspring [10/100] k= 17 (used  15.0) c=0.805 alpha=-0.119 beta=+0.028 | loss 3.4115 (delta +0.5261) size 248.0 MB sparsity 17.7%
gen 12 offspring [11/100] k=142 (used  73.0) c=0.944 alpha=-0.049 beta=+0.018 | loss 2.9107 (delta +0.0254) size 433.3 MB sparsity 3.3%
gen 12 offspring [12/100] k=102 (used  96.0) c=0.999 alpha=-0.231 beta=+0.071 | loss 2.9699 (delta +0.0846) size 433.2 MB sparsity 12.6%
gen 12 offspring [13/100] k= 16 (used   7.0) c=0.764 alpha=-0.069 beta=+0.036 | loss 10.2192 (delta +7.3338) size 186.3 MB sparsity 19.2%
gen 12 offspring [14/100] k= 30 (used  17.0) c=0.995 alpha=-0.071 beta=+0.114 | loss 3.6466 (delta +0.7613) size 278.5 MB sparsity 12.7%
gen 12 offspring [15/100] k= 27 (used  27.0) c=0.783 alpha=-0.093 beta=+0.004 | loss 3.0306 (delta +0.1453) size 309.8 MB sparsity 10.8%
gen 12 offspring [16/100] k= 16 (used  15.0) c=0.954 alpha=-0.226 beta=+0.221 | loss 3.8033 (delta +0.9179) size 245.3 MB sparsity 23.7%
gen 12 offspring [17/100] k= 87 (used  86.0) c=0.789 alpha=-0.029 beta=+0.040 | loss 2.9309 (delta +0.0455) size 433.3 MB sparsity 3.5%
gen 12 offspring [18/100] k= 16 (used  15.0) c=0.957 alpha=-0.127 beta=+0.150 | loss 3.8155 (delta +0.9301) size 245.3 MB sparsity 23.7%
gen 12 offspring [19/100] k= 31 (used  17.0) c=0.933 alpha=-0.012 beta=+0.147 | loss 3.4205 (delta +0.5351) size 279.7 MB sparsity 12.2%
gen 12 offspring [20/100] k= 16 (used  10.0) c=0.844 alpha=-0.120 beta=+0.145 | loss 6.0658 (delta +3.1805) size 246.9 MB sparsity 21.0%
gen 12 offspring [21/100] k= 22 (used  13.0) c=0.921 alpha=-0.114 beta=+0.104 | loss 4.4533 (delta +1.5680) size 248.0 MB sparsity 16.3%
gen 12 offspring [22/100] k= 16 (used  11.0) c=0.952 alpha=-0.166 beta=+0.191 | loss 4.5362 (delta +1.6508) size 245.4 MB sparsity 23.6%
gen 12 offspring [23/100] k= 17 (used  17.0) c=0.844 alpha=-0.197 beta=+0.113 | loss 3.3363 (delta +0.4510) size 263.1 MB sparsity 18.9%
gen 12 offspring [24/100] k= 30 (used  29.0) c=0.969 alpha=-0.087 beta=+0.050 | loss 3.0470 (delta +0.1616) size 309.8 MB sparsity 12.3%
gen 12 offspring [25/100] k= 87 (used  47.0) c=0.994 alpha=-0.029 beta=+0.040 | loss 2.9621 (delta +0.0767) size 371.5 MB sparsity 4.2%
gen 12 offspring [26/100] k= 16 (used  15.0) c=0.933 alpha=-0.014 beta=+0.234 | loss 3.7325 (delta +0.8472) size 245.7 MB sparsity 23.3%
gen 12 offspring [27/100] k= 79 (used  41.0) c=0.914 alpha=-0.007 beta=+0.104 | loss 2.9677 (delta +0.0823) size 371.5 MB sparsity 6.6%
gen 12 offspring [28/100] k= 30 (used  28.0) c=0.972 alpha=-0.089 beta=+0.166 | loss 3.2035 (delta +0.3181) size 309.8 MB sparsity 13.6%
gen 12 offspring [29/100] k= 28 (used  16.0) c=0.750 alpha=-0.097 beta=+0.012 | loss 3.3713 (delta +0.4859) size 248.0 MB sparsity 10.4%
gen 12 offspring [30/100] k=114 (used  59.0) c=0.951 alpha=-0.025 beta=+0.083 | loss 2.9284 (delta +0.0430) size 371.5 MB sparsity 5.1%
gen 12 offspring [31/100] k= 31 (used  31.0) c=0.994 alpha=-0.029 beta=+0.018 | loss 3.0195 (delta +0.1342) size 309.8 MB sparsity 11.8%
gen 12 offspring [32/100] k= 60 (used  60.0) c=0.797 alpha=-0.051 beta=+0.050 | loss 2.9361 (delta +0.0508) size 371.5 MB sparsity 5.1%
gen 12 offspring [33/100] k= 21 (used  21.0) c=0.948 alpha=-0.170 beta=+0.032 | loss 3.2359 (delta +0.3505) size 308.6 MB sparsity 16.9%
gen 12 offspring [34/100] k= 31 (used  17.0) c=0.939 alpha=-0.068 beta=+0.070 | loss 3.4186 (delta +0.5333) size 282.1 MB sparsity 11.2%
gen 12 offspring [35/100] k= 30 (used  17.0) c=0.765 alpha=-0.178 beta=+0.001 | loss 3.3255 (delta +0.4402) size 278.8 MB sparsity 12.5%
gen 12 offspring [36/100] k= 35 (used  19.0) c=0.756 alpha=-0.066 beta=+0.100 | loss 3.2181 (delta +0.3328) size 309.8 MB sparsity 8.6%
gen 12 offspring [37/100] k= 31 (used  29.0) c=0.763 alpha=-0.166 beta=+0.174 | loss 3.1794 (delta +0.2941) size 309.8 MB sparsity 14.6%
gen 12 offspring [38/100] k= 25 (used  25.0) c=0.709 alpha=-0.070 beta=+0.112 | loss 3.1054 (delta +0.2200) size 309.8 MB sparsity 10.8%
gen 12 offspring [39/100] k= 27 (used  15.0) c=0.795 alpha=-0.027 beta=+0.042 | loss 3.3919 (delta +0.5066) size 248.0 MB sparsity 10.9%
gen 12 offspring [40/100] k= 29 (used  29.0) c=0.999 alpha=-0.165 beta=+0.044 | loss 3.0898 (delta +0.2045) size 309.8 MB sparsity 13.8%
gen 12 offspring [41/100] k= 73 (used  72.0) c=0.986 alpha=-0.023 beta=+0.118 | loss 2.9285 (delta +0.0431) size 433.3 MB sparsity 7.5%
gen 12 offspring [42/100] k= 24 (used  23.0) c=0.946 alpha=-0.043 beta=+0.181 | loss 3.1686 (delta +0.2833) size 309.2 MB sparsity 16.0%
gen 12 offspring [43/100] k= 16 (used  10.0) c=0.831 alpha=-0.194 beta=+0.091 | loss 6.0634 (delta +3.1780) size 247.0 MB sparsity 20.8%
gen 12 offspring [44/100] k= 23 (used  23.0) c=0.961 alpha=-0.119 beta=+0.054 | loss 3.1543 (delta +0.2689) size 309.2 MB sparsity 15.5%
gen 12 offspring [45/100] k= 16 (used  15.0) c=0.957 alpha=-0.148 beta=+0.093 | loss 3.8155 (delta +0.9301) size 245.3 MB sparsity 23.7%
gen 12 offspring [46/100] k= 16 (used  16.0) c=0.775 alpha=-0.001 beta=+0.053 | loss 3.4485 (delta +0.5631) size 247.5 MB sparsity 19.4%
gen 12 offspring [47/100] k= 16 (used  15.0) c=0.937 alpha=-0.066 beta=+0.115 | loss 3.7366 (delta +0.8512) size 245.6 MB sparsity 23.2%
gen 12 offspring [48/100] k= 87 (used  84.9) c=0.997 alpha=-0.223 beta=+0.040 | loss 2.9575 (delta +0.0721) size 433.3 MB sparsity 11.4%
gen 12 offspring [49/100] k= 65 (used  65.0) c=0.775 alpha=-0.032 beta=+0.025 | loss 2.9358 (delta +0.0504) size 417.1 MB sparsity 4.4%
gen 12 offspring [50/100] k= 27 (used  27.0) c=0.820 alpha=-0.058 beta=+0.057 | loss 3.0359 (delta +0.1505) size 309.8 MB sparsity 11.3%
gen 12 offspring [51/100] k= 23 (used  23.0) c=0.922 alpha=-0.049 beta=+0.081 | loss 3.1171 (delta +0.2317) size 309.4 MB sparsity 14.9%
gen 12 offspring [52/100] k= 34 (used  34.0) c=0.930 alpha=-0.119 beta=+0.115 | loss 2.9972 (delta +0.1118) size 371.5 MB sparsity 11.2%
gen 12 offspring [53/100] k=115 (used  59.0) c=0.765 alpha=-0.025 beta=+0.081 | loss 2.9428 (delta +0.0574) size 371.5 MB sparsity 4.7%
gen 12 offspring [54/100] k= 58 (used  31.0) c=0.783 alpha=-0.028 beta=+0.042 | loss 3.0035 (delta +0.1181) size 309.8 MB sparsity 5.0%
gen 12 offspring [55/100] k= 90 (used  88.0) c=0.999 alpha=-0.185 beta=+0.040 | loss 2.9414 (delta +0.0561) size 433.3 MB sparsity 9.8%
gen 12 offspring [56/100] k= 66 (used  65.0) c=0.928 alpha=-0.072 beta=+0.011 | loss 2.9313 (delta +0.0460) size 411.6 MB sparsity 5.8%
gen 12 offspring [57/100] k= 16 (used  16.0) c=0.836 alpha=-0.051 beta=+0.166 | loss 3.5043 (delta +0.6190) size 247.0 MB sparsity 20.9%
gen 12 offspring [58/100] k= 16 (used  16.0) c=0.775 alpha=-0.017 beta=+0.086 | loss 3.4485 (delta +0.5631) size 247.5 MB sparsity 19.4%
gen 12 offspring [59/100] k= 16 (used   9.0) c=0.895 alpha=-0.037 beta=+0.151 | loss 6.5555 (delta +3.6702) size 206.9 MB sparsity 22.2%
gen 12 offspring [60/100] k=137 (used  70.8) c=0.900 alpha=-0.239 beta=+0.115 | loss 2.9873 (delta +0.1019) size 431.2 MB sparsity 14.8%
gen 12 offspring [61/100] k= 29 (used  29.0) c=0.994 alpha=-0.029 beta=+0.072 | loss 3.0774 (delta +0.1921) size 309.8 MB sparsity 12.7%
gen 12 offspring [62/100] k= 33 (used  32.0) c=0.709 alpha=-0.028 beta=+0.141 | loss 3.1443 (delta +0.2590) size 309.8 MB sparsity 10.1%
gen 12 offspring [63/100] k= 16 (used   9.0) c=0.999 alpha=-0.013 beta=+0.044 | loss 7.2113 (delta +4.3259) size 202.4 MB sparsity 24.7%
gen 12 offspring [64/100] k= 23 (used  22.0) c=0.948 alpha=-0.235 beta=+0.157 | loss 3.4949 (delta +0.6095) size 308.7 MB sparsity 18.1%
gen 12 offspring [65/100] k= 31 (used  17.0) c=0.960 alpha=-0.029 beta=+0.100 | loss 3.4285 (delta +0.5432) size 281.5 MB sparsity 11.4%
gen 12 offspring [66/100] k= 23 (used  23.0) c=0.997 alpha=-0.147 beta=+0.097 | loss 3.1828 (delta +0.2975) size 309.0 MB sparsity 16.1%
gen 12 offspring [67/100] k= 23 (used  23.0) c=0.754 alpha=-0.070 beta=+0.121 | loss 3.1111 (delta +0.2258) size 309.8 MB sparsity 12.3%
gen 12 offspring [68/100] k= 59 (used  57.0) c=0.797 alpha=-0.083 beta=+0.085 | loss 2.9615 (delta +0.0761) size 371.5 MB sparsity 7.3%
gen 12 offspring [69/100] k=130 (used 128.0) c=0.949 alpha=-0.036 beta=+0.171 | loss 2.9262 (delta +0.0409) size 433.3 MB sparsity 8.8%
gen 12 offspring [70/100] k= 28 (used  28.0) c=0.795 alpha=-0.095 beta=+0.040 | loss 3.0162 (delta +0.1309) size 309.8 MB sparsity 11.0%
gen 12 offspring [71/100] k= 17 (used  17.0) c=0.930 alpha=-0.037 beta=+0.191 | loss 3.4658 (delta +0.5804) size 259.5 MB sparsity 20.4%
gen 12 offspring [72/100] k= 31 (used  17.0) c=0.763 alpha=-0.069 beta=+0.021 | loss 3.2341 (delta +0.3487) size 287.2 MB sparsity 9.1%
gen 12 offspring [73/100] k= 63 (used  61.0) c=0.800 alpha=-0.097 beta=+0.118 | loss 2.9560 (delta +0.0707) size 371.5 MB sparsity 9.2%
gen 12 offspring [74/100] k= 75 (used  75.0) c=0.928 alpha=-0.025 beta=+0.025 | loss 2.9127 (delta +0.0273) size 433.3 MB sparsity 4.5%
gen 12 offspring [75/100] k= 21 (used  21.0) c=0.990 alpha=-0.011 beta=+0.029 | loss 3.2758 (delta +0.3905) size 308.1 MB sparsity 17.5%
gen 12 offspring [76/100] k= 16 (used  16.0) c=0.833 alpha=-0.049 beta=+0.050 | loss 3.5241 (delta +0.6387) size 247.0 MB sparsity 20.8%
gen 12 offspring [77/100] k= 24 (used  23.0) c=0.951 alpha=-0.070 beta=+0.172 | loss 3.1436 (delta +0.2582) size 309.2 MB sparsity 15.8%
gen 12 offspring [78/100] k= 23 (used  22.0) c=0.909 alpha=-0.054 beta=+0.173 | loss 3.4112 (delta +0.5259) size 309.5 MB sparsity 15.4%
gen 12 offspring [79/100] k= 66 (used  35.0) c=0.756 alpha=-0.069 beta=+0.021 | loss 2.9919 (delta +0.1065) size 371.5 MB sparsity 5.2%
gen 12 offspring [80/100] k= 29 (used  17.0) c=0.938 alpha=-0.087 beta=+0.174 | loss 3.4632 (delta +0.5779) size 276.0 MB sparsity 13.7%
gen 12 offspring [81/100] k= 24 (used  23.0) c=0.947 alpha=-0.089 beta=+0.181 | loss 3.1640 (delta +0.2787) size 309.2 MB sparsity 16.0%
gen 12 offspring [82/100] k= 86 (used  43.0) c=0.766 alpha=-0.090 beta=+0.168 | loss 3.0017 (delta +0.1164) size 371.5 MB sparsity 10.9%
gen 12 offspring [83/100] k=110 (used  57.6) c=0.900 alpha=-0.241 beta=+0.131 | loss 3.0028 (delta +0.1174) size 371.4 MB sparsity 15.5%
gen 12 offspring [84/100] k= 25 (used  17.0) c=0.983 alpha=-0.077 beta=+0.114 | loss 3.2489 (delta +0.3635) size 273.9 MB sparsity 14.5%
gen 12 offspring [85/100] k= 17 (used  11.0) c=0.947 alpha=-0.059 beta=+0.029 | loss 5.8945 (delta +3.0091) size 247.0 MB sparsity 20.7%
gen 12 offspring [86/100] k= 28 (used  15.0) c=0.991 alpha=-0.154 beta=+0.150 | loss 4.0596 (delta +1.1743) size 248.0 MB sparsity 14.5%
gen 12 offspring [87/100] k= 32 (used  31.0) c=0.974 alpha=-0.044 beta=+0.066 | loss 3.0245 (delta +0.1391) size 309.8 MB sparsity 11.6%
gen 12 offspring [88/100] k= 17 (used  17.0) c=0.994 alpha=-0.029 beta=+0.034 | loss 3.5400 (delta +0.6546) size 256.3 MB sparsity 21.7%
gen 12 offspring [89/100] k= 63 (used  33.0) c=0.795 alpha=-0.026 beta=+0.040 | loss 2.9941 (delta +0.1088) size 357.2 MB sparsity 4.6%
gen 12 offspring [90/100] k=148 (used  75.7) c=0.944 alpha=-0.176 beta=+0.018 | loss 2.9370 (delta +0.0516) size 433.3 MB sparsity 8.5%
gen 12 offspring [91/100] k= 62 (used  62.0) c=0.783 alpha=-0.028 beta=+0.028 | loss 2.9341 (delta +0.0487) size 371.5 MB sparsity 4.7%
gen 12 offspring [92/100] k= 29 (used  28.0) c=0.971 alpha=-0.095 beta=+0.180 | loss 3.2059 (delta +0.3206) size 309.8 MB sparsity 14.1%
gen 12 offspring [93/100] k= 17 (used  17.0) c=0.847 alpha=-0.036 beta=+0.116 | loss 3.3346 (delta +0.4492) size 263.8 MB sparsity 18.6%
gen 12 offspring [94/100] k= 65 (used  65.0) c=0.922 alpha=-0.027 beta=+0.020 | loss 2.9171 (delta +0.0318) size 414.0 MB sparsity 5.2%
gen 12 offspring [95/100] k= 31 (used  17.0) c=0.757 alpha=-0.123 beta=+0.137 | loss 3.2496 (delta +0.3643) size 281.3 MB sparsity 11.5%
gen 12 offspring [96/100] k= 16 (used  15.0) c=0.975 alpha=-0.019 beta=+0.156 | loss 3.9045 (delta +1.0191) size 245.0 MB sparsity 24.1%
gen 12 offspring [97/100] k= 62 (used  33.0) c=0.795 alpha=-0.026 beta=+0.159 | loss 3.0002 (delta +0.1149) size 343.5 MB sparsity 9.1%
gen 12 offspring [98/100] k= 32 (used  31.0) c=0.976 alpha=-0.024 beta=+0.040 | loss 3.0256 (delta +0.1403) size 309.8 MB sparsity 11.6%
gen 12 offspring [99/100] k= 17 (used  17.0) c=0.994 alpha=-0.010 beta=+0.118 | loss 3.5530 (delta +0.6677) size 256.3 MB sparsity 21.7%
gen 12 offspring [100/100] k= 17 (used  17.0) c=0.843 alpha=-0.037 beta=+0.115 | loss 3.3390 (delta +0.4536) size 264.1 MB sparsity 18.5%
=== generation 12/50 done in 548s (0 reused), batch baseline 2.8854, HV 0.17438, front 91 points, 100/100 feasible, best delta loss +0.0143, smallest 244.6 MB
gen 13 offspring [1/100] k= 36 (used  36.0) c=0.925 alpha=-0.077 beta=+0.114 | loss 2.9912 (delta +0.1059) size 371.5 MB sparsity 10.2%
gen 13 offspring [2/100] k= 21 (used  21.0) c=0.951 alpha=-0.094 beta=+0.010 | loss 3.2395 (delta +0.3541) size 308.5 MB sparsity 16.8%
gen 13 offspring [3/100] k= 17 (used  15.0) c=0.804 alpha=-0.119 beta=+0.028 | loss 3.4106 (delta +0.5252) size 248.0 MB sparsity 17.7%
gen 13 offspring [4/100] k= 16 (used  15.0) c=0.933 alpha=-0.037 beta=+0.151 | loss 3.7293 (delta +0.8440) size 245.7 MB sparsity 23.1%
gen 13 offspring [5/100] k= 24 (used  23.0) c=0.965 alpha=-0.074 beta=+0.100 | loss 3.1613 (delta +0.2759) size 309.2 MB sparsity 15.5%
gen 13 offspring [6/100] k= 87 (used  87.0) c=0.941 alpha=-0.031 beta=+0.037 | loss 2.9006 (delta +0.0152) size 433.3 MB sparsity 4.0%
gen 13 offspring [7/100] k= 22 (used  13.0) c=0.783 alpha=-0.195 beta=+0.029 | loss 4.0676 (delta +1.1822) size 248.0 MB sparsity 15.6%
gen 13 offspring [8/100] k= 27 (used  15.0) c=0.942 alpha=-0.033 beta=+0.151 | loss 3.7514 (delta +0.8660) size 248.0 MB sparsity 13.5%
gen 13 offspring [9/100] k=101 (used  99.0) c=0.997 alpha=-0.029 beta=+0.039 | loss 2.9063 (delta +0.0209) size 433.3 MB sparsity 3.7%
gen 13 offspring [10/100] k= 30 (used  17.0) c=0.769 alpha=-0.069 beta=+0.080 | loss 3.2909 (delta +0.4056) size 285.5 MB sparsity 9.8%
gen 13 offspring [11/100] k= 28 (used  27.0) c=0.929 alpha=-0.184 beta=+0.173 | loss 3.2096 (delta +0.3242) size 309.7 MB sparsity 15.8%
gen 13 offspring [12/100] k= 65 (used  65.0) c=0.778 alpha=-0.025 beta=+0.010 | loss 2.9367 (delta +0.0513) size 417.0 MB sparsity 4.4%
gen 13 offspring [13/100] k= 87 (used  46.0) c=0.958 alpha=-0.089 beta=+0.150 | loss 2.9671 (delta +0.0817) size 371.5 MB sparsity 10.1%
gen 13 offspring [14/100] k= 23 (used  23.0) c=0.952 alpha=-0.077 beta=+0.108 | loss 3.1344 (delta +0.2491) size 309.3 MB sparsity 15.3%
gen 13 offspring [15/100] k=106 (used 104.0) c=0.813 alpha=-0.175 beta=+0.009 | loss 2.9352 (delta +0.0499) size 433.3 MB sparsity 8.7%
gen 13 offspring [16/100] k= 21 (used  21.0) c=0.961 alpha=-0.119 beta=+0.053 | loss 3.2464 (delta +0.3611) size 308.4 MB sparsity 16.9%
gen 13 offspring [17/100] k= 31 (used  16.0) c=0.764 alpha=-0.237 beta=+0.072 | loss 3.6210 (delta +0.7356) size 248.0 MB sparsity 14.5%
gen 13 offspring [18/100] k= 31 (used  17.0) c=0.762 alpha=-0.069 beta=+0.003 | loss 3.2323 (delta +0.3470) size 287.3 MB sparsity 9.1%
gen 13 offspring [19/100] k= 29 (used  29.0) c=0.998 alpha=-0.159 beta=+0.094 | loss 3.0803 (delta +0.1950) size 309.8 MB sparsity 13.6%
gen 13 offspring [20/100] k=115 (used  61.0) c=0.913 alpha=-0.106 beta=+0.118 | loss 2.9295 (delta +0.0442) size 371.5 MB sparsity 9.4%
gen 13 offspring [21/100] k= 31 (used  17.0) c=0.757 alpha=-0.046 beta=+0.151 | loss 3.2564 (delta +0.3711) size 282.4 MB sparsity 11.1%
gen 13 offspring [22/100] k= 16 (used  16.0) c=0.839 alpha=-0.046 beta=+0.181 | loss 3.5195 (delta +0.6341) size 246.9 MB sparsity 20.9%
gen 13 offspring [23/100] k= 16 (used  15.0) c=0.998 alpha=-0.011 beta=+0.029 | loss 3.8659 (delta +0.9806) size 244.6 MB sparsity 24.6%
gen 13 offspring [24/100] k= 31 (used  15.0) c=0.764 alpha=-0.028 beta=+0.010 | loss 3.2733 (delta +0.3879) size 248.0 MB sparsity 9.1%
gen 13 offspring [25/100] k= 16 (used  15.0) c=0.927 alpha=-0.175 beta=+0.007 | loss 3.7316 (delta +0.8463) size 245.8 MB sparsity 23.0%
gen 13 offspring [26/100] k= 16 (used  16.0) c=0.804 alpha=-0.046 beta=+0.114 | loss 3.4921 (delta +0.6068) size 247.3 MB sparsity 20.1%
gen 13 offspring [27/100] k= 60 (used  33.0) c=0.818 alpha=-0.028 beta=+0.183 | loss 3.0201 (delta +0.1348) size 340.0 MB sparsity 10.2%
gen 13 offspring [28/100] k= 28 (used  16.0) c=0.794 alpha=-0.081 beta=+0.023 | loss 3.3823 (delta +0.4969) size 248.0 MB sparsity 10.9%
gen 13 offspring [29/100] k= 19 (used  19.0) c=0.942 alpha=-0.090 beta=+0.010 | loss 3.3125 (delta +0.4271) size 307.4 MB sparsity 18.4%
gen 13 offspring [30/100] k= 26 (used  25.0) c=0.757 alpha=-0.096 beta=+0.162 | loss 3.1612 (delta +0.2758) size 309.8 MB sparsity 12.8%
gen 13 offspring [31/100] k= 65 (used  65.0) c=0.927 alpha=-0.053 beta=+0.058 | loss 2.9179 (delta +0.0325) size 413.0 MB sparsity 5.5%
gen 13 offspring [32/100] k= 23 (used  23.0) c=0.951 alpha=-0.070 beta=+0.172 | loss 3.1436 (delta +0.2582) size 309.2 MB sparsity 15.8%
gen 13 offspring [33/100] k= 33 (used  32.0) c=0.994 alpha=-0.088 beta=+0.018 | loss 3.0045 (delta +0.1191) size 309.8 MB sparsity 11.1%
gen 13 offspring [34/100] k= 16 (used  15.0) c=0.940 alpha=-0.066 beta=+0.147 | loss 3.7466 (delta +0.8612) size 245.6 MB sparsity 23.3%
gen 13 offspring [35/100] k= 86 (used  85.0) c=0.914 alpha=-0.025 beta=+0.083 | loss 2.9131 (delta +0.0277) size 433.3 MB sparsity 5.5%
gen 13 offspring [36/100] k=136 (used 132.9) c=0.999 alpha=-0.147 beta=+0.097 | loss 2.9246 (delta +0.0393) size 495.0 MB sparsity 10.2%
gen 13 offspring [37/100] k= 23 (used  23.0) c=0.961 alpha=-0.119 beta=+0.054 | loss 3.1538 (delta +0.2684) size 309.2 MB sparsity 15.5%
gen 13 offspring [38/100] k=157 (used  81.0) c=0.944 alpha=-0.049 beta=+0.018 | loss 2.9073 (delta +0.0219) size 433.3 MB sparsity 3.2%
gen 13 offspring [39/100] k= 28 (used  16.0) c=0.702 alpha=-0.072 beta=+0.114 | loss 3.3711 (delta +0.4857) size 248.0 MB sparsity 10.2%
gen 13 offspring [40/100] k= 17 (used   9.0) c=0.998 alpha=-0.037 beta=+0.151 | loss 6.2637 (delta +3.3784) size 207.8 MB sparsity 21.7%
gen 13 offspring [41/100] k= 16 (used  15.0) c=0.928 alpha=-0.024 beta=+0.182 | loss 3.7316 (delta +0.8462) size 245.8 MB sparsity 23.0%
gen 13 offspring [42/100] k= 16 (used  15.0) c=0.997 alpha=-0.294 beta=+0.154 | loss 3.9662 (delta +1.0808) size 244.2 MB sparsity 25.7%
gen 13 offspring [43/100] k= 28 (used  16.0) c=0.757 alpha=-0.086 beta=+0.123 | loss 3.3965 (delta +0.5111) size 248.0 MB sparsity 11.0%
gen 13 offspring [44/100] k= 26 (used  26.0) c=0.794 alpha=-0.119 beta=+0.026 | loss 3.0488 (delta +0.1634) size 309.8 MB sparsity 11.9%
gen 13 offspring [45/100] k= 16 (used  15.0) c=0.997 alpha=-0.011 beta=+0.029 | loss 3.8656 (delta +0.9803) size 244.6 MB sparsity 24.6%
gen 13 offspring [46/100] k= 17 (used  17.0) c=0.804 alpha=-0.122 beta=+0.085 | loss 3.3550 (delta +0.4697) size 266.1 MB sparsity 17.7%
gen 13 offspring [47/100] k= 31 (used  31.0) c=0.969 alpha=-0.069 beta=+0.025 | loss 3.0230 (delta +0.1376) size 309.8 MB sparsity 11.5%
gen 13 offspring [48/100] k= 25 (used  25.0) c=0.997 alpha=-0.074 beta=+0.114 | loss 3.1206 (delta +0.2352) size 309.5 MB sparsity 14.7%
gen 13 offspring [49/100] k= 16 (used  15.0) c=0.997 alpha=-0.166 beta=+0.206 | loss 3.8620 (delta +0.9767) size 244.6 MB sparsity 24.6%
gen 13 offspring [50/100] k=108 (used  56.0) c=0.914 alpha=-0.108 beta=+0.185 | loss 2.9705 (delta +0.0851) size 371.5 MB sparsity 12.3%
gen 13 offspring [51/100] k= 16 (used  15.0) c=0.995 alpha=-0.181 beta=+0.009 | loss 3.8544 (delta +0.9691) size 244.6 MB sparsity 24.5%
gen 13 offspring [52/100] k= 62 (used  61.0) c=0.949 alpha=-0.024 beta=+0.181 | loss 2.9721 (delta +0.0867) size 371.5 MB sparsity 10.4%
gen 13 offspring [53/100] k= 82 (used  45.0) c=0.702 alpha=-0.060 beta=+0.112 | loss 2.9978 (delta +0.1124) size 371.5 MB sparsity 7.3%
gen 13 offspring [54/100] k= 16 (used  15.0) c=0.941 alpha=-0.181 beta=+0.021 | loss 3.7480 (delta +0.8626) size 245.6 MB sparsity 23.3%
gen 13 offspring [55/100] k= 24 (used  23.0) c=0.935 alpha=-0.049 beta=+0.022 | loss 3.1244 (delta +0.2391) size 309.4 MB sparsity 15.1%
gen 13 offspring [56/100] k= 16 (used  16.0) c=0.849 alpha=-0.020 beta=+0.085 | loss 3.4733 (delta +0.5880) size 246.8 MB sparsity 21.2%
gen 13 offspring [57/100] k= 22 (used  21.0) c=0.947 alpha=-0.055 beta=+0.157 | loss 3.2303 (delta +0.3449) size 308.6 MB sparsity 16.8%
gen 13 offspring [58/100] k= 22 (used  21.0) c=0.918 alpha=-0.057 beta=+0.027 | loss 3.1995 (delta +0.3141) size 308.8 MB sparsity 16.2%
gen 13 offspring [59/100] k= 99 (used  49.0) c=0.900 alpha=-0.231 beta=+0.051 | loss 3.0070 (delta +0.1216) size 371.5 MB sparsity 11.8%
gen 13 offspring [60/100] k= 25 (used  25.0) c=0.928 alpha=-0.013 beta=+0.021 | loss 3.0994 (delta +0.2141) size 309.7 MB sparsity 13.7%
gen 13 offspring [61/100] k= 32 (used   9.0) c=0.996 alpha=-0.028 beta=+0.246 | loss 7.6498 (delta +4.7644) size 217.9 MB sparsity 16.3%
gen 13 offspring [62/100] k= 32 (used  31.0) c=0.948 alpha=-0.046 beta=+0.115 | loss 3.0072 (delta +0.1218) size 309.8 MB sparsity 11.4%
gen 13 offspring [63/100] k=119 (used  62.0) c=0.900 alpha=-0.072 beta=+0.113 | loss 2.9218 (delta +0.0364) size 371.5 MB sparsity 7.8%
gen 13 offspring [64/100] k= 28 (used  16.0) c=0.797 alpha=-0.096 beta=+0.044 | loss 3.3851 (delta +0.4997) size 248.0 MB sparsity 11.0%
gen 13 offspring [65/100] k= 16 (used  15.0) c=0.957 alpha=-0.015 beta=+0.142 | loss 3.8155 (delta +0.9301) size 245.3 MB sparsity 23.7%
gen 13 offspring [66/100] k= 62 (used  33.0) c=0.763 alpha=-0.025 beta=+0.083 | loss 2.9962 (delta +0.1109) size 353.4 MB sparsity 5.9%
gen 13 offspring [67/100] k= 27 (used  15.0) c=0.795 alpha=-0.069 beta=+0.114 | loss 3.3938 (delta +0.5085) size 248.0 MB sparsity 11.1%
gen 13 offspring [68/100] k= 16 (used  15.0) c=0.955 alpha=-0.171 beta=+0.165 | loss 3.8093 (delta +0.9239) size 245.4 MB sparsity 23.6%
gen 13 offspring [69/100] k= 66 (used  65.0) c=0.991 alpha=-0.028 beta=+0.025 | loss 2.9241 (delta +0.0388) size 412.6 MB sparsity 5.6%
gen 13 offspring [70/100] k= 31 (used  31.0) c=0.948 alpha=-0.068 beta=+0.114 | loss 3.0075 (delta +0.1222) size 309.8 MB sparsity 11.4%
gen 13 offspring [71/100] k= 32 (used  31.0) c=0.948 alpha=-0.094 beta=+0.032 | loss 3.0068 (delta +0.1214) size 309.8 MB sparsity 11.3%
gen 13 offspring [72/100] k= 28 (used  15.0) c=0.945 alpha=-0.166 beta=+0.181 | loss 3.8190 (delta +0.9336) size 248.0 MB sparsity 15.6%
gen 13 offspring [73/100] k= 16 (used  15.0) c=0.932 alpha=-0.166 beta=+0.027 | loss 3.7284 (delta +0.8431) size 245.7 MB sparsity 23.1%
gen 13 offspring [74/100] k= 41 (used  23.0) c=0.764 alpha=-0.069 beta=+0.000 | loss 3.1272 (delta +0.2418) size 309.8 MB sparsity 7.0%
gen 13 offspring [75/100] k=101 (used  53.0) c=0.942 alpha=-0.067 beta=+0.111 | loss 2.9499 (delta +0.0646) size 371.5 MB sparsity 7.5%
gen 13 offspring [76/100] k=104 (used  55.0) c=0.968 alpha=-0.053 beta=+0.166 | loss 2.9557 (delta +0.0704) size 371.5 MB sparsity 9.3%
gen 13 offspring [77/100] k=105 (used 105.0) c=0.997 alpha=-0.013 beta=+0.040 | loss 2.8994 (delta +0.0140) size 433.3 MB sparsity 3.6%
gen 13 offspring [78/100] k= 63 (used  33.0) c=0.800 alpha=-0.097 beta=+0.156 | loss 3.0038 (delta +0.1184) size 338.4 MB sparsity 10.7%
gen 13 offspring [79/100] k= 62 (used  59.0) c=0.994 alpha=-0.029 beta=+0.025 | loss 2.9344 (delta +0.0491) size 371.5 MB sparsity 6.0%
gen 13 offspring [80/100] k= 87 (used  46.0) c=0.934 alpha=-0.089 beta=+0.150 | loss 2.9592 (delta +0.0739) size 371.5 MB sparsity 10.1%
gen 13 offspring [81/100] k=115 (used  59.0) c=0.974 alpha=-0.028 beta=+0.040 | loss 2.9246 (delta +0.0393) size 371.5 MB sparsity 3.4%
gen 13 offspring [82/100] k= 22 (used  13.0) c=0.914 alpha=-0.018 beta=+0.104 | loss 4.3898 (delta +1.5044) size 248.0 MB sparsity 16.2%
gen 13 offspring [83/100] k= 59 (used  59.0) c=0.994 alpha=-0.009 beta=+0.024 | loss 2.9321 (delta +0.0468) size 371.5 MB sparsity 6.2%
gen 13 offspring [84/100] k= 16 (used  15.0) c=0.937 alpha=-0.030 beta=+0.187 | loss 3.7385 (delta +0.8532) size 245.7 MB sparsity 23.2%
gen 13 offspring [85/100] k=169 (used 166.9) c=0.900 alpha=-0.171 beta=+0.051 | loss 2.9181 (delta +0.0328) size 495.0 MB sparsity 9.3%
gen 13 offspring [86/100] k= 23 (used  21.0) c=0.837 alpha=-0.181 beta=+0.165 | loss 3.6923 (delta +0.8070) size 309.7 MB sparsity 15.7%
gen 13 offspring [87/100] k= 29 (used  27.0) c=0.956 alpha=-0.166 beta=+0.212 | loss 3.4626 (delta +0.5773) size 309.7 MB sparsity 16.5%
gen 13 offspring [88/100] k= 64 (used  34.0) c=0.795 alpha=-0.070 beta=+0.044 | loss 2.9860 (delta +0.1006) size 371.5 MB sparsity 5.4%
gen 13 offspring [89/100] k= 18 (used  11.0) c=0.790 alpha=-0.085 beta=+0.098 | loss 4.8720 (delta +1.9867) size 248.0 MB sparsity 17.4%
gen 13 offspring [90/100] k= 16 (used  16.0) c=0.851 alpha=-0.026 beta=+0.043 | loss 3.5005 (delta +0.6151) size 246.8 MB sparsity 21.2%
gen 13 offspring [91/100] k= 65 (used  35.0) c=0.927 alpha=-0.014 beta=+0.079 | loss 2.9888 (delta +0.1034) size 371.5 MB sparsity 6.1%
gen 13 offspring [92/100] k= 23 (used  23.0) c=0.983 alpha=-0.155 beta=+0.139 | loss 3.1861 (delta +0.3007) size 309.1 MB sparsity 15.9%
gen 13 offspring [93/100] k= 60 (used  32.0) c=0.800 alpha=-0.027 beta=+0.118 | loss 2.9936 (delta +0.1082) size 309.8 MB sparsity 7.5%
gen 13 offspring [94/100] k= 16 (used  16.0) c=0.846 alpha=-0.075 beta=+0.027 | loss 3.4934 (delta +0.6080) size 246.9 MB sparsity 21.1%
gen 13 offspring [95/100] k= 27 (used  15.0) c=0.795 alpha=-0.046 beta=+0.114 | loss 3.3941 (delta +0.5088) size 248.0 MB sparsity 11.1%
gen 13 offspring [96/100] k=107 (used  56.0) c=0.773 alpha=-0.096 beta=+0.166 | loss 2.9714 (delta +0.0860) size 371.5 MB sparsity 11.0%
gen 13 offspring [97/100] k= 66 (used  64.0) c=0.994 alpha=-0.029 beta=+0.113 | loss 2.9427 (delta +0.0574) size 371.5 MB sparsity 7.7%
gen 13 offspring [98/100] k= 28 (used  28.0) c=0.702 alpha=-0.072 beta=+0.083 | loss 3.0833 (delta +0.1979) size 309.8 MB sparsity 9.7%
gen 13 offspring [99/100] k= 31 (used  13.0) c=0.763 alpha=-0.069 beta=+0.117 | loss 4.0841 (delta +1.1987) size 248.0 MB sparsity 9.9%
gen 13 offspring [100/100] k= 23 (used  13.0) c=0.922 alpha=-0.049 beta=+0.110 | loss 4.2771 (delta +1.3918) size 248.0 MB sparsity 14.9%
=== generation 13/50 done in 549s (0 reused), batch baseline 2.8854, HV 0.17465, front 100 points, 100/100 feasible, best delta loss +0.0140, smallest 244.6 MB
gen 14 offspring [1/100] k=105 (used  59.0) c=0.934 alpha=-0.066 beta=+0.022 | loss 2.9368 (delta +0.0515) size 371.5 MB sparsity 4.4%
gen 14 offspring [2/100] k= 21 (used  21.0) c=0.997 alpha=-0.052 beta=+0.061 | loss 3.2783 (delta +0.3929) size 308.0 MB sparsity 17.6%
gen 14 offspring [3/100] k= 18 (used  17.0) c=0.954 alpha=-0.185 beta=+0.009 | loss 3.4916 (delta +0.6063) size 258.4 MB sparsity 20.8%
gen 14 offspring [4/100] k= 66 (used  35.0) c=0.928 alpha=-0.030 beta=+0.009 | loss 2.9897 (delta +0.1043) size 371.5 MB sparsity 5.2%
gen 14 offspring [5/100] k=119 (used  65.0) c=0.937 alpha=-0.123 beta=+0.115 | loss 2.9420 (delta +0.0566) size 396.3 MB sparsity 10.0%
gen 14 offspring [6/100] k=114 (used  61.0) c=0.918 alpha=-0.026 beta=+0.093 | loss 2.9263 (delta +0.0409) size 371.5 MB sparsity 5.4%
gen 14 offspring [7/100] k= 25 (used  25.0) c=0.998 alpha=-0.073 beta=+0.025 | loss 3.1200 (delta +0.2346) size 309.5 MB sparsity 14.7%
gen 14 offspring [8/100] k= 16 (used  16.0) c=0.775 alpha=-0.017 beta=+0.080 | loss 3.4485 (delta +0.5631) size 247.5 MB sparsity 19.4%
gen 14 offspring [9/100] k= 23 (used  23.0) c=0.922 alpha=-0.049 beta=+0.045 | loss 3.1177 (delta +0.2323) size 309.4 MB sparsity 14.9%
gen 14 offspring [10/100] k= 74 (used  72.0) c=0.849 alpha=-0.004 beta=+0.014 | loss 2.9209 (delta +0.0356) size 433.3 MB sparsity 4.3%
gen 14 offspring [11/100] k= 23 (used  23.0) c=0.997 alpha=-0.152 beta=+0.181 | loss 3.1929 (delta +0.3075) size 308.9 MB sparsity 16.6%
gen 14 offspring [12/100] k= 23 (used  23.0) c=0.952 alpha=-0.070 beta=+0.159 | loss 3.1379 (delta +0.2525) size 309.3 MB sparsity 15.6%
gen 14 offspring [13/100] k= 31 (used  31.0) c=0.971 alpha=-0.062 beta=+0.053 | loss 3.0245 (delta +0.1391) size 309.8 MB sparsity 11.6%
gen 14 offspring [14/100] k= 16 (used  15.0) c=0.957 alpha=-0.014 beta=+0.142 | loss 3.8155 (delta +0.9301) size 245.3 MB sparsity 23.7%
gen 14 offspring [15/100] k= 17 (used  11.0) c=0.795 alpha=-0.166 beta=+0.160 | loss 5.0449 (delta +2.1596) size 248.0 MB sparsity 17.6%
gen 14 offspring [16/100] k= 16 (used  15.0) c=0.948 alpha=-0.212 beta=+0.257 | loss 3.7815 (delta +0.8961) size 245.4 MB sparsity 24.0%
gen 14 offspring [17/100] k= 21 (used  21.0) c=0.807 alpha=-0.094 beta=+0.010 | loss 3.1485 (delta +0.2631) size 309.6 MB sparsity 14.3%
gen 14 offspring [18/100] k= 16 (used  16.0) c=0.849 alpha=-0.021 beta=+0.100 | loss 3.4733 (delta +0.5880) size 246.8 MB sparsity 21.2%
gen 14 offspring [19/100] k= 16 (used  15.0) c=0.957 alpha=-0.147 beta=+0.094 | loss 3.8155 (delta +0.9301) size 245.3 MB sparsity 23.7%
gen 14 offspring [20/100] k= 17 (used  17.0) c=0.986 alpha=-0.023 beta=+0.189 | loss 3.5335 (delta +0.6481) size 256.7 MB sparsity 21.5%
gen 14 offspring [21/100] k= 24 (used  23.0) c=0.928 alpha=-0.009 beta=+0.014 | loss 3.1212 (delta +0.2359) size 309.4 MB sparsity 15.0%
gen 14 offspring [22/100] k= 31 (used  17.0) c=0.953 alpha=-0.028 beta=+0.111 | loss 3.4305 (delta +0.5452) size 281.5 MB sparsity 11.4%
gen 14 offspring [23/100] k= 16 (used  15.0) c=0.998 alpha=-0.011 beta=+0.039 | loss 3.8659 (delta +0.9806) size 244.6 MB sparsity 24.6%
gen 14 offspring [24/100] k= 16 (used  16.0) c=0.775 alpha=-0.027 beta=+0.020 | loss 3.4490 (delta +0.5636) size 247.5 MB sparsity 19.4%
gen 14 offspring [25/100] k= 33 (used  32.0) c=0.933 alpha=-0.025 beta=+0.188 | loss 3.1223 (delta +0.2370) size 309.8 MB sparsity 13.3%
gen 14 offspring [26/100] k= 16 (used  15.0) c=0.942 alpha=-0.013 beta=+0.040 | loss 3.7524 (delta +0.8670) size 245.6 MB sparsity 23.3%
gen 14 offspring [27/100] k= 58 (used  57.0) c=0.986 alpha=-0.027 beta=+0.050 | loss 2.9282 (delta +0.0429) size 371.5 MB sparsity 6.4%
gen 14 offspring [28/100] k= 21 (used  21.0) c=0.935 alpha=-0.094 beta=+0.015 | loss 3.2072 (delta +0.3218) size 308.7 MB sparsity 16.5%
gen 14 offspring [29/100] k= 28 (used  27.0) c=0.702 alpha=-0.220 beta=+0.112 | loss 3.2376 (delta +0.3522) size 309.8 MB sparsity 14.6%
gen 14 offspring [30/100] k=114 (used  77.0) c=0.927 alpha=-0.022 beta=+0.083 | loss 2.9255 (delta +0.0401) size 433.3 MB sparsity 5.0%
gen 14 offspring [31/100] k= 27 (used  27.0) c=0.994 alpha=-0.029 beta=+0.018 | loss 3.0898 (delta +0.2044) size 309.7 MB sparsity 13.6%
gen 14 offspring [32/100] k= 26 (used  25.0) c=0.937 alpha=-0.015 beta=+0.014 | loss 3.0927 (delta +0.2073) size 309.7 MB sparsity 13.9%
gen 14 offspring [33/100] k= 16 (used  15.0) c=0.957 alpha=-0.147 beta=+0.094 | loss 3.8186 (delta +0.9332) size 245.3 MB sparsity 23.7%
gen 14 offspring [34/100] k= 29 (used  28.0) c=0.753 alpha=-0.016 beta=+0.142 | loss 3.1055 (delta +0.2202) size 309.8 MB sparsity 11.1%
gen 14 offspring [35/100] k= 30 (used  17.0) c=0.757 alpha=-0.070 beta=+0.084 | loss 3.2739 (delta +0.3885) size 285.8 MB sparsity 9.7%
gen 14 offspring [36/100] k= 95 (used  53.0) c=0.919 alpha=-0.011 beta=+0.029 | loss 2.9608 (delta +0.0754) size 371.5 MB sparsity 3.5%
gen 14 offspring [37/100] k= 16 (used  15.0) c=0.994 alpha=-0.049 beta=+0.081 | loss 3.8592 (delta +0.9738) size 244.6 MB sparsity 24.5%
gen 14 offspring [38/100] k= 16 (used  15.0) c=0.947 alpha=-0.223 beta=+0.181 | loss 3.7958 (delta +0.9104) size 245.5 MB sparsity 23.5%
gen 14 offspring [39/100] k= 30 (used  28.0) c=0.998 alpha=-0.072 beta=+0.189 | loss 3.2415 (delta +0.3561) size 309.8 MB sparsity 14.6%
gen 14 offspring [40/100] k= 21 (used  21.0) c=0.853 alpha=-0.026 beta=+0.017 | loss 3.1486 (delta +0.2632) size 309.3 MB sparsity 15.1%
gen 14 offspring [41/100] k= 87 (used  86.0) c=0.958 alpha=-0.014 beta=+0.150 | loss 2.9278 (delta +0.0425) size 433.3 MB sparsity 8.3%
gen 14 offspring [42/100] k= 25 (used  15.0) c=0.952 alpha=-0.185 beta=+0.117 | loss 4.0803 (delta +1.1949) size 248.0 MB sparsity 15.4%
gen 14 offspring [43/100] k= 16 (used   9.0) c=0.943 alpha=-0.065 beta=+0.027 | loss 6.7262 (delta +3.8408) size 204.8 MB sparsity 23.3%
gen 14 offspring [44/100] k= 22 (used  21.0) c=0.947 alpha=-0.066 beta=+0.157 | loss 3.2303 (delta +0.3449) size 308.6 MB sparsity 16.8%
gen 14 offspring [45/100] k= 24 (used  24.0) c=0.796 alpha=-0.074 beta=+0.039 | loss 3.0977 (delta +0.2124) size 309.8 MB sparsity 12.9%
gen 14 offspring [46/100] k= 24 (used  24.0) c=0.849 alpha=-0.049 beta=+0.085 | loss 3.1188 (delta +0.2335) size 309.7 MB sparsity 13.7%
gen 14 offspring [47/100] k=126 (used 116.9) c=0.918 alpha=-0.236 beta=+0.169 | loss 3.0101 (delta +0.1247) size 422.0 MB sparsity 16.9%
gen 14 offspring [48/100] k= 25 (used  25.0) c=0.936 alpha=-0.118 beta=+0.114 | loss 3.0915 (delta +0.2061) size 309.7 MB sparsity 13.9%
gen 14 offspring [49/100] k= 46 (used  46.0) c=0.909 alpha=-0.012 beta=+0.024 | loss 2.9503 (delta +0.0650) size 371.5 MB sparsity 7.4%
gen 14 offspring [50/100] k= 16 (used  15.0) c=0.940 alpha=-0.057 beta=+0.151 | loss 3.7466 (delta +0.8612) size 245.6 MB sparsity 23.3%
gen 14 offspring [51/100] k= 65 (used  64.0) c=0.927 alpha=-0.148 beta=+0.014 | loss 2.9403 (delta +0.0549) size 371.5 MB sparsity 8.8%
gen 14 offspring [52/100] k= 21 (used  21.0) c=0.987 alpha=-0.020 beta=+0.040 | loss 3.2702 (delta +0.3849) size 308.1 MB sparsity 17.4%
gen 14 offspring [53/100] k= 30 (used  17.0) c=0.756 alpha=-0.013 beta=+0.030 | loss 3.2743 (delta +0.3889) size 285.9 MB sparsity 9.7%
gen 14 offspring [54/100] k= 16 (used  15.0) c=0.900 alpha=-0.303 beta=+0.115 | loss 3.7967 (delta +0.9114) size 245.6 MB sparsity 24.4%
gen 14 offspring [55/100] k=115 (used  59.0) c=0.975 alpha=-0.025 beta=+0.040 | loss 2.9241 (delta +0.0388) size 371.5 MB sparsity 3.4%
gen 14 offspring [56/100] k= 17 (used  13.0) c=0.983 alpha=-0.012 beta=+0.114 | loss 3.8092 (delta +0.9238) size 246.7 MB sparsity 21.4%
gen 14 offspring [57/100] k= 31 (used  17.0) c=0.762 alpha=-0.069 beta=+0.010 | loss 3.2323 (delta +0.3470) size 287.3 MB sparsity 9.1%
gen 14 offspring [58/100] k= 16 (used  15.0) c=0.955 alpha=-0.226 beta=+0.085 | loss 3.8203 (delta +0.9350) size 245.3 MB sparsity 23.7%
gen 14 offspring [59/100] k= 16 (used  15.0) c=0.923 alpha=-0.026 beta=+0.043 | loss 3.7453 (delta +0.8599) size 245.9 MB sparsity 22.9%
gen 14 offspring [60/100] k= 22 (used  21.0) c=0.982 alpha=-0.055 beta=+0.157 | loss 3.2837 (delta +0.3984) size 308.2 MB sparsity 17.3%
gen 14 offspring [61/100] k= 25 (used  25.0) c=0.951 alpha=-0.053 beta=+0.162 | loss 3.1058 (delta +0.2204) size 309.7 MB sparsity 14.7%
gen 14 offspring [62/100] k=101 (used  99.0) c=0.997 alpha=-0.013 beta=+0.040 | loss 2.9067 (delta +0.0214) size 433.3 MB sparsity 3.7%
gen 14 offspring [63/100] k= 31 (used  31.0) c=0.994 alpha=-0.030 beta=+0.018 | loss 3.0195 (delta +0.1342) size 309.8 MB sparsity 11.8%
gen 14 offspring [64/100] k= 26 (used  24.0) c=0.994 alpha=-0.069 beta=+0.116 | loss 3.1167 (delta +0.2313) size 309.5 MB sparsity 14.7%
gen 14 offspring [65/100] k= 16 (used  15.0) c=0.949 alpha=-0.166 beta=+0.181 | loss 3.7946 (delta +0.9093) size 245.4 MB sparsity 23.5%
gen 14 offspring [66/100] k= 17 (used  17.0) c=0.940 alpha=-0.119 beta=+0.028 | loss 3.4636 (delta +0.5783) size 259.1 MB sparsity 20.5%
gen 14 offspring [67/100] k= 24 (used  23.0) c=0.965 alpha=-0.072 beta=+0.070 | loss 3.1613 (delta +0.2759) size 309.2 MB sparsity 15.5%
gen 14 offspring [68/100] k= 30 (used  17.0) c=0.757 alpha=-0.069 beta=+0.117 | loss 3.2778 (delta +0.3925) size 284.4 MB sparsity 10.3%
gen 14 offspring [69/100] k= 73 (used  73.0) c=0.933 alpha=-0.025 beta=+0.040 | loss 2.9111 (delta +0.0257) size 433.3 MB sparsity 4.7%
gen 14 offspring [70/100] k= 28 (used  16.0) c=0.702 alpha=-0.072 beta=+0.120 | loss 3.3673 (delta +0.4820) size 248.0 MB sparsity 10.4%
gen 14 offspring [71/100] k= 31 (used  31.0) c=0.763 alpha=-0.077 beta=+0.001 | loss 3.0107 (delta +0.1254) size 309.8 MB sparsity 9.1%
gen 14 offspring [72/100] k= 28 (used  16.0) c=0.756 alpha=-0.097 beta=+0.012 | loss 3.3888 (delta +0.5034) size 248.0 MB sparsity 10.4%
gen 14 offspring [73/100] k= 29 (used  17.0) c=0.799 alpha=-0.027 beta=+0.042 | loss 3.3398 (delta +0.4545) size 284.5 MB sparsity 10.2%
gen 14 offspring [74/100] k= 16 (used  15.0) c=0.951 alpha=-0.070 beta=+0.173 | loss 3.8245 (delta +0.9391) size 245.4 MB sparsity 23.5%
gen 14 offspring [75/100] k=112 (used 109.9) c=0.996 alpha=-0.181 beta=+0.021 | loss 2.9259 (delta +0.0405) size 433.3 MB sparsity 9.2%
gen 14 offspring [76/100] k= 23 (used  16.0) c=0.803 alpha=-0.152 beta=+0.247 | loss 3.8441 (delta +0.9587) size 248.0 MB sparsity 17.6%
gen 14 offspring [77/100] k= 23 (used  23.0) c=1.000 alpha=-0.154 beta=+0.160 | loss 3.1854 (delta +0.3001) size 308.9 MB sparsity 16.3%
gen 14 offspring [78/100] k= 16 (used   9.0) c=0.933 alpha=-0.014 beta=+0.235 | loss 6.7613 (delta +3.8759) size 204.8 MB sparsity 23.3%
gen 14 offspring [79/100] k= 66 (used  64.0) c=0.914 alpha=-0.003 beta=+0.025 | loss 2.9206 (delta +0.0352) size 371.5 MB sparsity 5.2%
gen 14 offspring [80/100] k= 16 (used  15.0) c=0.928 alpha=-0.118 beta=+0.121 | loss 3.7377 (delta +0.8523) size 245.8 MB sparsity 23.0%
gen 14 offspring [81/100] k= 21 (used  21.0) c=0.996 alpha=-0.147 beta=+0.097 | loss 3.2861 (delta +0.4007) size 308.0 MB sparsity 17.6%
gen 14 offspring [82/100] k= 18 (used  11.0) c=0.954 alpha=-0.096 beta=+0.012 | loss 6.0664 (delta +3.1810) size 247.0 MB sparsity 20.8%
gen 14 offspring [83/100] k= 18 (used  16.0) c=0.805 alpha=-0.115 beta=+0.095 | loss 3.4109 (delta +0.5255) size 248.0 MB sparsity 17.7%
gen 14 offspring [84/100] k= 16 (used  15.0) c=0.998 alpha=-0.059 beta=+0.002 | loss 3.8659 (delta +0.9806) size 244.6 MB sparsity 24.6%
gen 14 offspring [85/100] k= 23 (used  22.0) c=0.922 alpha=-0.181 beta=+0.009 | loss 3.3377 (delta +0.4524) size 309.4 MB sparsity 15.7%
gen 14 offspring [86/100] k= 16 (used  15.0) c=0.954 alpha=-0.264 beta=+0.221 | loss 3.8430 (delta +0.9576) size 245.3 MB sparsity 24.3%
gen 14 offspring [87/100] k= 21 (used  21.0) c=0.994 alpha=-0.026 beta=+0.038 | loss 3.2832 (delta +0.3978) size 308.1 MB sparsity 17.5%
gen 14 offspring [88/100] k= 16 (used  15.0) c=0.944 alpha=-0.024 beta=+0.043 | loss 3.8143 (delta +0.9290) size 245.5 MB sparsity 23.4%
gen 14 offspring [89/100] k= 16 (used  10.0) c=0.775 alpha=-0.093 beta=+0.196 | loss 5.6395 (delta +2.7542) size 247.5 MB sparsity 19.6%
gen 14 offspring [90/100] k= 26 (used  25.0) c=0.986 alpha=-0.077 beta=+0.159 | loss 3.1208 (delta +0.2354) size 309.5 MB sparsity 15.0%
gen 14 offspring [91/100] k= 89 (used  88.0) c=0.997 alpha=-0.013 beta=+0.072 | loss 2.9121 (delta +0.0268) size 433.3 MB sparsity 5.2%
gen 14 offspring [92/100] k= 28 (used  17.0) c=0.965 alpha=-0.064 beta=+0.105 | loss 3.3983 (delta +0.5130) size 277.1 MB sparsity 13.2%
gen 14 offspring [93/100] k= 16 (used  15.0) c=0.935 alpha=-0.020 beta=+0.060 | loss 3.7344 (delta +0.8490) size 245.7 MB sparsity 23.2%
gen 14 offspring [94/100] k= 21 (used  11.0) c=0.900 alpha=-0.056 beta=+0.115 | loss 4.5067 (delta +1.6214) size 248.0 MB sparsity 15.9%
gen 14 offspring [95/100] k= 17 (used  15.0) c=0.804 alpha=-0.077 beta=+0.028 | loss 3.4106 (delta +0.5252) size 248.0 MB sparsity 17.7%
gen 14 offspring [96/100] k= 65 (used  65.0) c=0.928 alpha=-0.055 beta=+0.059 | loss 2.9181 (delta +0.0328) size 412.7 MB sparsity 5.5%
gen 14 offspring [97/100] k= 16 (used  16.0) c=0.705 alpha=-0.015 beta=+0.072 | loss 3.4865 (delta +0.6011) size 248.0 MB sparsity 17.7%
gen 14 offspring [98/100] k= 23 (used  23.0) c=0.941 alpha=-0.153 beta=+0.021 | loss 3.1403 (delta +0.2549) size 309.3 MB sparsity 15.3%
gen 14 offspring [99/100] k= 28 (used  27.0) c=0.955 alpha=-0.092 beta=+0.113 | loss 3.1141 (delta +0.2288) size 309.8 MB sparsity 13.1%
gen 14 offspring [100/100] k= 16 (used  15.0) c=0.997 alpha=-0.158 beta=+0.181 | loss 3.8586 (delta +0.9733) size 244.6 MB sparsity 24.6%
=== generation 14/50 done in 549s (0 reused), batch baseline 2.8854, HV 0.17466, front 100 points, 100/100 feasible, best delta loss +0.0140, smallest 244.6 MB
gen 15 offspring [1/100] k= 16 (used   9.0) c=0.907 alpha=-0.025 beta=+0.083 | loss 6.7678 (delta +3.8825) size 206.3 MB sparsity 22.5%
gen 15 offspring [2/100] k= 30 (used  30.0) c=0.771 alpha=-0.087 beta=+0.020 | loss 3.0213 (delta +0.1359) size 309.8 MB sparsity 9.9%
gen 15 offspring [3/100] k= 64 (used  64.0) c=0.928 alpha=-0.053 beta=+0.059 | loss 2.9219 (delta +0.0365) size 371.5 MB sparsity 5.6%
gen 15 offspring [4/100] k= 58 (used  31.0) c=0.762 alpha=-0.066 beta=+0.002 | loss 3.0019 (delta +0.1165) size 309.8 MB sparsity 5.4%
gen 15 offspring [5/100] k= 63 (used  62.0) c=0.914 alpha=-0.159 beta=+0.019 | loss 2.9469 (delta +0.0615) size 371.5 MB sparsity 9.4%
gen 15 offspring [6/100] k= 16 (used  15.0) c=0.942 alpha=-0.013 beta=+0.040 | loss 3.7559 (delta +0.8706) size 245.6 MB sparsity 23.3%
gen 15 offspring [7/100] k= 41 (used  41.0) c=0.998 alpha=-0.092 beta=+0.001 | loss 2.9593 (delta +0.0739) size 371.5 MB sparsity 9.1%
gen 15 offspring [8/100] k= 17 (used  15.0) c=0.994 alpha=-0.072 beta=+0.018 | loss 3.5859 (delta +0.7006) size 246.6 MB sparsity 21.7%
gen 15 offspring [9/100] k= 32 (used  32.0) c=0.756 alpha=-0.029 beta=+0.064 | loss 2.9968 (delta +0.1115) size 309.8 MB sparsity 9.1%
gen 15 offspring [10/100] k= 29 (used  29.0) c=0.996 alpha=-0.097 beta=+0.006 | loss 3.0741 (delta +0.1888) size 309.8 MB sparsity 12.7%
gen 15 offspring [11/100] k= 16 (used  15.0) c=0.997 alpha=-0.161 beta=+0.114 | loss 3.8654 (delta +0.9800) size 244.6 MB sparsity 24.6%
gen 15 offspring [12/100] k=108 (used 104.0) c=0.965 alpha=-0.073 beta=+0.070 | loss 2.9389 (delta +0.0535) size 433.3 MB sparsity 6.1%
gen 15 offspring [13/100] k= 16 (used  15.0) c=0.955 alpha=-0.226 beta=+0.057 | loss 3.8205 (delta +0.9352) size 245.3 MB sparsity 23.7%
gen 15 offspring [14/100] k= 67 (used  66.0) c=0.922 alpha=-0.054 beta=+0.014 | loss 2.9264 (delta +0.0410) size 433.3 MB sparsity 5.2%
gen 15 offspring [15/100] k= 31 (used  17.0) c=0.721 alpha=-0.069 beta=+0.117 | loss 3.2728 (delta +0.3875) size 286.1 MB sparsity 9.6%
gen 15 offspring [16/100] k= 27 (used  26.0) c=0.978 alpha=-0.193 beta=+0.116 | loss 3.2742 (delta +0.3888) size 309.7 MB sparsity 15.2%
gen 15 offspring [17/100] k= 17 (used  15.0) c=0.805 alpha=-0.113 beta=+0.095 | loss 3.4115 (delta +0.5261) size 248.0 MB sparsity 17.7%
gen 15 offspring [18/100] k= 22 (used  21.0) c=0.961 alpha=-0.119 beta=+0.054 | loss 3.2464 (delta +0.3611) size 308.4 MB sparsity 16.9%
gen 15 offspring [19/100] k= 16 (used  15.0) c=0.995 alpha=-0.215 beta=+0.257 | loss 3.8500 (delta +0.9646) size 244.6 MB sparsity 24.8%
gen 15 offspring [20/100] k= 33 (used  17.0) c=0.996 alpha=-0.088 beta=+0.019 | loss 3.4046 (delta +0.5192) size 282.3 MB sparsity 11.1%
gen 15 offspring [21/100] k= 70 (used  69.0) c=0.965 alpha=-0.117 beta=+0.026 | loss 2.9338 (delta +0.0485) size 433.3 MB sparsity 7.5%
gen 15 offspring [22/100] k= 29 (used  29.0) c=0.983 alpha=-0.077 beta=+0.114 | loss 3.0635 (delta +0.1781) size 309.8 MB sparsity 12.5%
gen 15 offspring [23/100] k= 27 (used  15.0) c=0.795 alpha=-0.067 beta=+0.114 | loss 3.3938 (delta +0.5085) size 248.0 MB sparsity 11.1%
gen 15 offspring [24/100] k= 21 (used  21.0) c=0.954 alpha=-0.024 beta=+0.040 | loss 3.2543 (delta +0.3690) size 308.5 MB sparsity 16.8%
gen 15 offspring [25/100] k= 27 (used  27.0) c=0.948 alpha=-0.029 beta=+0.024 | loss 3.1034 (delta +0.2181) size 309.8 MB sparsity 13.0%
gen 15 offspring [26/100] k= 30 (used  17.0) c=0.757 alpha=-0.069 beta=+0.173 | loss 3.3070 (delta +0.4216) size 279.4 MB sparsity 12.3%
gen 15 offspring [27/100] k=108 (used  29.0) c=0.934 alpha=-0.167 beta=+0.235 | loss 3.3204 (delta +0.4351) size 309.8 MB sparsity 16.8%
gen 15 offspring [28/100] k= 16 (used  15.0) c=0.996 alpha=-0.166 beta=+0.206 | loss 3.8599 (delta +0.9745) size 244.6 MB sparsity 24.6%
gen 15 offspring [29/100] k= 16 (used  11.0) c=0.951 alpha=-0.224 beta=+0.201 | loss 4.5659 (delta +1.6806) size 245.4 MB sparsity 23.6%
gen 15 offspring [30/100] k= 23 (used  23.0) c=0.998 alpha=-0.059 beta=+0.002 | loss 3.1859 (delta +0.3006) size 308.9 MB sparsity 16.0%
gen 15 offspring [31/100] k= 23 (used  23.0) c=0.929 alpha=-0.154 beta=+0.027 | loss 3.1204 (delta +0.2351) size 309.4 MB sparsity 15.2%
gen 15 offspring [32/100] k= 16 (used  15.0) c=0.960 alpha=-0.015 beta=+0.142 | loss 3.8351 (delta +0.9497) size 245.3 MB sparsity 23.7%
gen 15 offspring [33/100] k= 65 (used  63.0) c=0.947 alpha=-0.210 beta=+0.257 | loss 3.1006 (delta +0.2152) size 361.4 MB sparsity 19.4%
gen 15 offspring [34/100] k= 16 (used  15.0) c=0.942 alpha=-0.018 beta=+0.046 | loss 3.8124 (delta +0.9270) size 245.6 MB sparsity 23.3%
gen 15 offspring [35/100] k= 69 (used  69.0) c=0.961 alpha=-0.020 beta=+0.025 | loss 2.9163 (delta +0.0310) size 433.3 MB sparsity 5.1%
gen 15 offspring [36/100] k= 31 (used  15.0) c=0.764 alpha=-0.052 beta=+0.010 | loss 3.2733 (delta +0.3879) size 248.0 MB sparsity 9.1%
gen 15 offspring [37/100] k= 23 (used  23.0) c=0.943 alpha=-0.070 beta=+0.159 | loss 3.1451 (delta +0.2598) size 309.3 MB sparsity 15.4%
gen 15 offspring [38/100] k=105 (used 105.0) c=0.998 alpha=-0.013 beta=+0.040 | loss 2.9004 (delta +0.0150) size 433.3 MB sparsity 3.6%
gen 15 offspring [39/100] k= 16 (used  15.0) c=0.999 alpha=-0.011 beta=+0.221 | loss 3.8756 (delta +0.9902) size 244.5 MB sparsity 24.7%
gen 15 offspring [40/100] k= 16 (used  15.0) c=0.949 alpha=-0.212 beta=+0.148 | loss 3.8087 (delta +0.9233) size 245.4 MB sparsity 23.5%
gen 15 offspring [41/100] k= 30 (used  29.0) c=0.984 alpha=-0.084 beta=+0.151 | loss 3.0663 (delta +0.1810) size 309.8 MB sparsity 13.3%
gen 15 offspring [42/100] k= 79 (used  76.0) c=0.775 alpha=-0.027 beta=+0.020 | loss 2.9280 (delta +0.0427) size 433.3 MB sparsity 3.6%
gen 15 offspring [43/100] k=131 (used  67.0) c=0.795 alpha=-0.027 beta=+0.051 | loss 2.9281 (delta +0.0427) size 433.3 MB sparsity 3.4%
gen 15 offspring [44/100] k= 29 (used  29.0) c=0.972 alpha=-0.094 beta=+0.115 | loss 3.0525 (delta +0.1672) size 309.8 MB sparsity 12.4%
gen 15 offspring [45/100] k= 21 (used  13.0) c=0.795 alpha=-0.103 beta=+0.050 | loss 4.1305 (delta +1.2451) size 248.0 MB sparsity 14.1%
gen 15 offspring [46/100] k= 31 (used  31.0) c=0.955 alpha=-0.077 beta=+0.114 | loss 3.0107 (delta +0.1254) size 309.8 MB sparsity 11.5%
gen 15 offspring [47/100] k= 65 (used  35.0) c=0.921 alpha=-0.054 beta=+0.014 | loss 2.9887 (delta +0.1033) size 371.5 MB sparsity 5.3%
gen 15 offspring [48/100] k= 66 (used  64.0) c=0.914 alpha=-0.003 beta=+0.012 | loss 2.9206 (delta +0.0352) size 371.5 MB sparsity 5.2%
gen 15 offspring [49/100] k=113 (used 111.0) c=1.000 alpha=-0.011 beta=+0.011 | loss 2.8951 (delta +0.0097) size 433.3 MB sparsity 3.2%
gen 15 offspring [50/100] k= 16 (used  15.0) c=0.972 alpha=-0.027 beta=+0.050 | loss 3.8940 (delta +1.0086) size 245.0 MB sparsity 24.0%
gen 15 offspring [51/100] k= 16 (used  16.0) c=0.849 alpha=-0.023 beta=+0.092 | loss 3.4733 (delta +0.5880) size 246.8 MB sparsity 21.2%
gen 15 offspring [52/100] k= 31 (used  17.0) c=0.795 alpha=-0.009 beta=+0.051 | loss 3.2582 (delta +0.3728) size 286.3 MB sparsity 9.5%
gen 15 offspring [53/100] k= 20 (used  19.0) c=0.998 alpha=-0.088 beta=+0.100 | loss 3.3899 (delta +0.5046) size 306.4 MB sparsity 19.4%
gen 15 offspring [54/100] k= 26 (used  25.0) c=0.937 alpha=-0.065 beta=+0.012 | loss 3.0927 (delta +0.2073) size 309.7 MB sparsity 13.9%
gen 15 offspring [55/100] k= 16 (used  11.0) c=0.851 alpha=-0.085 beta=+0.050 | loss 4.3034 (delta +1.4180) size 246.8 MB sparsity 21.2%
gen 15 offspring [56/100] k= 28 (used  28.0) c=0.702 alpha=-0.030 beta=+0.120 | loss 3.0877 (delta +0.2023) size 309.8 MB sparsity 10.4%
gen 15 offspring [57/100] k= 16 (used  10.0) c=0.954 alpha=-0.264 beta=+0.221 | loss 5.7435 (delta +2.8582) size 245.3 MB sparsity 24.3%
gen 15 offspring [58/100] k= 21 (used  13.0) c=0.738 alpha=-0.147 beta=+0.097 | loss 4.1751 (delta +1.2898) size 248.0 MB sparsity 13.6%
gen 15 offspring [59/100] k= 25 (used  25.0) c=0.951 alpha=-0.074 beta=+0.181 | loss 3.1167 (delta +0.2314) size 309.6 MB sparsity 15.2%
gen 15 offspring [60/100] k= 24 (used  13.0) c=0.915 alpha=-0.108 beta=+0.185 | loss 4.2729 (delta +1.3876) size 248.0 MB sparsity 15.8%
gen 15 offspring [61/100] k= 57 (used  56.0) c=0.977 alpha=-0.027 beta=+0.213 | loss 2.9976 (delta +0.1123) size 371.5 MB sparsity 12.0%
gen 15 offspring [62/100] k=106 (used 105.0) c=0.995 alpha=-0.008 beta=+0.040 | loss 2.8991 (delta +0.0138) size 433.3 MB sparsity 3.6%
gen 15 offspring [63/100] k= 16 (used  16.0) c=0.826 alpha=-0.070 beta=+0.107 | loss 3.5170 (delta +0.6316) size 247.1 MB sparsity 20.6%
gen 15 offspring [64/100] k= 17 (used  17.0) c=0.911 alpha=-0.001 beta=+0.038 | loss 3.4496 (delta +0.5643) size 260.6 MB sparsity 19.9%
gen 15 offspring [65/100] k= 31 (used  30.0) c=0.794 alpha=-0.166 beta=+0.009 | loss 3.0573 (delta +0.1719) size 309.8 MB sparsity 11.9%
gen 15 offspring [66/100] k= 23 (used  23.0) c=0.928 alpha=-0.012 beta=+0.090 | loss 3.1205 (delta +0.2352) size 309.4 MB sparsity 14.9%
gen 15 offspring [67/100] k= 23 (used  13.0) c=0.971 alpha=-0.012 beta=+0.053 | loss 4.2953 (delta +1.4100) size 248.0 MB sparsity 15.6%
gen 15 offspring [68/100] k=119 (used  61.9) c=0.886 alpha=-0.269 beta=+0.115 | loss 3.0399 (delta +0.1545) size 371.3 MB sparsity 16.0%
gen 15 offspring [69/100] k= 16 (used  16.0) c=0.844 alpha=-0.026 beta=+0.043 | loss 3.4881 (delta +0.6027) size 246.9 MB sparsity 21.0%
gen 15 offspring [70/100] k= 16 (used  15.0) c=0.994 alpha=-0.212 beta=+0.251 | loss 3.8616 (delta +0.9762) size 244.6 MB sparsity 24.8%
gen 15 offspring [71/100] k= 28 (used  16.0) c=0.702 alpha=-0.066 beta=+0.179 | loss 3.3936 (delta +0.5083) size 248.0 MB sparsity 12.5%
gen 15 offspring [72/100] k= 17 (used  17.0) c=0.812 alpha=-0.032 beta=+0.189 | loss 3.3533 (delta +0.4680) size 264.9 MB sparsity 18.2%
gen 15 offspring [73/100] k= 31 (used  17.0) c=0.760 alpha=-0.069 beta=+0.010 | loss 3.2352 (delta +0.3498) size 287.3 MB sparsity 9.1%
gen 15 offspring [74/100] k= 27 (used  27.0) c=0.796 alpha=-0.087 beta=+0.215 | loss 3.0624 (delta +0.1770) size 309.8 MB sparsity 14.6%
gen 15 offspring [75/100] k= 17 (used  17.0) c=0.947 alpha=-0.147 beta=+0.157 | loss 3.4851 (delta +0.5998) size 258.7 MB sparsity 20.7%
gen 15 offspring [76/100] k= 24 (used  23.0) c=0.998 alpha=-0.049 beta=+0.156 | loss 3.1854 (delta +0.3000) size 308.9 MB sparsity 16.1%
gen 15 offspring [77/100] k= 16 (used  15.0) c=0.994 alpha=-0.181 beta=+0.009 | loss 3.8583 (delta +0.9730) size 244.6 MB sparsity 24.5%
gen 15 offspring [78/100] k= 16 (used  15.0) c=0.928 alpha=-0.057 beta=+0.057 | loss 3.7356 (delta +0.8502) size 245.8 MB sparsity 23.0%
gen 15 offspring [79/100] k= 27 (used  27.0) c=1.000 alpha=-0.069 beta=+0.116 | loss 3.0916 (delta +0.2062) size 309.7 MB sparsity 13.7%
gen 15 offspring [80/100] k= 16 (used  15.0) c=0.957 alpha=-0.142 beta=+0.072 | loss 3.8169 (delta +0.9315) size 245.3 MB sparsity 23.7%
gen 15 offspring [81/100] k= 21 (used  21.0) c=0.927 alpha=-0.113 beta=+0.054 | loss 3.2000 (delta +0.3147) size 308.8 MB sparsity 16.4%
gen 15 offspring [82/100] k= 26 (used  25.0) c=0.952 alpha=-0.029 beta=+0.162 | loss 3.1058 (delta +0.2204) size 309.7 MB sparsity 14.7%
gen 15 offspring [83/100] k= 24 (used  23.0) c=0.916 alpha=-0.070 beta=+0.176 | loss 3.4079 (delta +0.5226) size 309.4 MB sparsity 15.5%
gen 15 offspring [84/100] k= 16 (used  15.0) c=0.954 alpha=-0.264 beta=+0.029 | loss 3.8489 (delta +0.9635) size 245.3 MB sparsity 24.2%
gen 15 offspring [85/100] k= 30 (used  28.0) c=0.997 alpha=-0.026 beta=+0.251 | loss 3.3036 (delta +0.4183) size 309.5 MB sparsity 17.0%
gen 15 offspring [86/100] k=108 (used  56.0) c=0.915 alpha=-0.092 beta=+0.210 | loss 2.9770 (delta +0.0916) size 371.5 MB sparsity 12.6%
gen 15 offspring [87/100] k= 16 (used  15.0) c=0.927 alpha=-0.053 beta=+0.058 | loss 3.7323 (delta +0.8469) size 245.8 MB sparsity 23.0%
gen 15 offspring [88/100] k= 57 (used  42.0) c=0.900 alpha=-0.228 beta=+0.114 | loss 3.0196 (delta +0.1342) size 371.5 MB sparsity 14.4%
gen 15 offspring [89/100] k= 25 (used  17.0) c=0.983 alpha=-0.078 beta=+0.037 | loss 3.2502 (delta +0.3649) size 273.9 MB sparsity 14.5%
gen 15 offspring [90/100] k= 55 (used  52.0) c=0.811 alpha=-0.177 beta=+0.050 | loss 2.9672 (delta +0.0819) size 371.5 MB sparsity 10.2%
gen 15 offspring [91/100] k= 23 (used  23.0) c=0.951 alpha=-0.070 beta=+0.172 | loss 3.1417 (delta +0.2564) size 309.2 MB sparsity 15.8%
gen 15 offspring [92/100] k= 27 (used  27.0) c=0.803 alpha=-0.008 beta=+0.114 | loss 3.0291 (delta +0.1438) size 309.8 MB sparsity 11.2%
gen 15 offspring [93/100] k= 32 (used  18.0) c=0.756 alpha=-0.029 beta=+0.100 | loss 3.2210 (delta +0.3356) size 309.8 MB sparsity 9.3%
gen 15 offspring [94/100] k= 16 (used  16.0) c=0.849 alpha=-0.021 beta=+0.101 | loss 3.4733 (delta +0.5880) size 246.8 MB sparsity 21.2%
gen 15 offspring [95/100] k=105 (used 104.0) c=0.997 alpha=-0.013 beta=+0.055 | loss 2.9127 (delta +0.0274) size 433.3 MB sparsity 4.1%
gen 15 offspring [96/100] k= 16 (used  15.0) c=0.784 alpha=-0.059 beta=+0.002 | loss 3.5064 (delta +0.6211) size 247.4 MB sparsity 19.6%
gen 15 offspring [97/100] k= 16 (used  15.0) c=0.948 alpha=-0.212 beta=+0.257 | loss 3.7943 (delta +0.9089) size 245.4 MB sparsity 24.0%
gen 15 offspring [98/100] k= 16 (used  15.0) c=0.998 alpha=-0.011 beta=+0.028 | loss 3.8659 (delta +0.9806) size 244.6 MB sparsity 24.6%
gen 15 offspring [99/100] k= 16 (used  15.0) c=0.985 alpha=-0.027 beta=+0.020 | loss 3.8832 (delta +0.9979) size 244.8 MB sparsity 24.3%
gen 15 offspring [100/100] k= 16 (used  15.0) c=0.938 alpha=-0.120 beta=+0.115 | loss 3.7339 (delta +0.8486) size 245.6 MB sparsity 23.2%
=== generation 15/50 done in 547s (0 reused), batch baseline 2.8854, HV 0.17466, front 100 points, 100/100 feasible, best delta loss +0.0097, smallest 244.5 MB
gen 16 offspring [1/100] k= 67 (used  67.0) c=0.933 alpha=-0.027 beta=+0.017 | loss 2.9163 (delta +0.0310) size 433.3 MB sparsity 5.1%
gen 16 offspring [2/100] k= 97 (used  95.0) c=1.000 alpha=-0.011 beta=+0.023 | loss 2.9018 (delta +0.0165) size 433.3 MB sparsity 3.8%
gen 16 offspring [3/100] k= 31 (used  31.0) c=0.994 alpha=-0.139 beta=+0.010 | loss 3.0220 (delta +0.1366) size 309.8 MB sparsity 12.4%
gen 16 offspring [4/100] k= 16 (used  16.0) c=0.924 alpha=-0.226 beta=+0.151 | loss 3.7407 (delta +0.8553) size 245.8 MB sparsity 23.0%
gen 16 offspring [5/100] k= 23 (used  23.0) c=0.951 alpha=-0.086 beta=+0.172 | loss 3.1437 (delta +0.2583) size 309.2 MB sparsity 15.8%
gen 16 offspring [6/100] k= 66 (used  65.0) c=0.928 alpha=-0.119 beta=+0.025 | loss 2.9324 (delta +0.0470) size 404.9 MB sparsity 7.7%
gen 16 offspring [7/100] k= 21 (used  21.0) c=0.961 alpha=-0.015 beta=+0.043 | loss 3.2466 (delta +0.3612) size 308.4 MB sparsity 16.9%
gen 16 offspring [8/100] k= 60 (used  32.0) c=0.753 alpha=-0.056 beta=+0.050 | loss 3.0072 (delta +0.1218) size 309.8 MB sparsity 5.1%
gen 16 offspring [9/100] k= 16 (used  15.0) c=0.995 alpha=-0.002 beta=+0.189 | loss 3.8613 (delta +0.9759) size 244.6 MB sparsity 24.6%
gen 16 offspring [10/100] k= 23 (used  23.0) c=0.961 alpha=-0.119 beta=+0.114 | loss 3.1539 (delta +0.2686) size 309.2 MB sparsity 15.5%
gen 16 offspring [11/100] k=111 (used  31.8) c=0.813 alpha=-0.174 beta=+0.262 | loss 3.1071 (delta +0.2217) size 309.7 MB sparsity 18.2%
gen 16 offspring [12/100] k= 31 (used  17.0) c=0.762 alpha=-0.010 beta=+0.010 | loss 3.2327 (delta +0.3473) size 287.3 MB sparsity 9.1%
gen 16 offspring [13/100] k= 22 (used  22.0) c=0.951 alpha=-0.055 beta=+0.157 | loss 3.2382 (delta +0.3528) size 308.5 MB sparsity 16.8%
gen 16 offspring [14/100] k= 16 (used  15.0) c=0.945 alpha=-0.053 beta=+0.251 | loss 3.8075 (delta +0.9222) size 245.5 MB sparsity 23.8%
gen 16 offspring [15/100] k= 17 (used  15.0) c=0.805 alpha=-0.121 beta=+0.000 | loss 3.4115 (delta +0.5261) size 248.0 MB sparsity 17.7%
gen 16 offspring [16/100] k= 16 (used  16.0) c=0.796 alpha=-0.096 beta=+0.003 | loss 3.4795 (delta +0.5942) size 247.4 MB sparsity 19.9%
gen 16 offspring [17/100] k= 65 (used  64.0) c=0.928 alpha=-0.055 beta=+0.247 | loss 2.9929 (delta +0.1075) size 371.5 MB sparsity 13.0%
gen 16 offspring [18/100] k= 17 (used  17.0) c=0.948 alpha=-0.047 beta=+0.018 | loss 3.4851 (delta +0.5998) size 258.7 MB sparsity 20.7%
gen 16 offspring [19/100] k= 36 (used  35.0) c=0.994 alpha=-0.030 beta=+0.018 | loss 2.9946 (delta +0.1092) size 371.5 MB sparsity 10.5%
gen 16 offspring [20/100] k= 16 (used  15.0) c=0.922 alpha=-0.052 beta=+0.014 | loss 3.7395 (delta +0.8542) size 245.9 MB sparsity 22.9%
gen 16 offspring [21/100] k= 34 (used  17.0) c=0.996 alpha=-0.094 beta=+0.006 | loss 3.4058 (delta +0.5205) size 282.3 MB sparsity 11.1%
gen 16 offspring [22/100] k= 30 (used  17.0) c=0.984 alpha=-0.072 beta=+0.149 | loss 3.6924 (delta +0.8070) size 277.2 MB sparsity 13.2%
gen 16 offspring [23/100] k= 23 (used  23.0) c=0.942 alpha=-0.070 beta=+0.036 | loss 3.1405 (delta +0.2551) size 309.3 MB sparsity 15.2%
gen 16 offspring [24/100] k=121 (used  63.8) c=0.780 alpha=-0.239 beta=+0.118 | loss 3.0134 (delta +0.1280) size 371.4 MB sparsity 14.9%
gen 16 offspring [25/100] k= 28 (used  16.0) c=0.797 alpha=-0.028 beta=+0.084 | loss 3.3909 (delta +0.5056) size 248.0 MB sparsity 11.0%
gen 16 offspring [26/100] k= 17 (used   9.0) c=0.804 alpha=-0.067 beta=+0.114 | loss 5.3334 (delta +2.4481) size 215.2 MB sparsity 17.7%
gen 16 offspring [27/100] k= 20 (used  19.0) c=0.995 alpha=-0.215 beta=+0.257 | loss 3.4558 (delta +0.5704) size 304.7 MB sparsity 21.6%
gen 16 offspring [28/100] k= 30 (used  29.0) c=0.997 alpha=-0.139 beta=+0.094 | loss 3.0752 (delta +0.1898) size 309.8 MB sparsity 13.0%
gen 16 offspring [29/100] k= 16 (used  15.0) c=0.954 alpha=-0.180 beta=+0.214 | loss 3.8039 (delta +0.9186) size 245.4 MB sparsity 23.6%
gen 16 offspring [30/100] k= 17 (used  17.0) c=0.798 alpha=-0.014 beta=+0.025 | loss 3.3289 (delta +0.4435) size 266.4 MB sparsity 17.6%
gen 16 offspring [31/100] k= 16 (used  15.0) c=0.994 alpha=-0.043 beta=+0.022 | loss 3.8605 (delta +0.9751) size 244.6 MB sparsity 24.5%
gen 16 offspring [32/100] k= 31 (used  17.0) c=0.757 alpha=-0.069 beta=+0.010 | loss 3.2352 (delta +0.3498) size 287.4 MB sparsity 9.1%
gen 16 offspring [33/100] k= 46 (used  45.0) c=0.965 alpha=-0.011 beta=+0.024 | loss 2.9410 (delta +0.0556) size 371.5 MB sparsity 7.9%
gen 16 offspring [34/100] k= 20 (used  19.0) c=0.947 alpha=-0.055 beta=+0.157 | loss 3.3109 (delta +0.4255) size 307.3 MB sparsity 18.5%
gen 16 offspring [35/100] k= 25 (used  20.0) c=0.987 alpha=-0.077 beta=+0.114 | loss 3.1656 (delta +0.2803) size 309.5 MB sparsity 14.6%
gen 16 offspring [36/100] k= 63 (used  62.0) c=0.914 alpha=-0.144 beta=+0.019 | loss 2.9436 (delta +0.0582) size 371.5 MB sparsity 8.8%
gen 16 offspring [37/100] k= 17 (used  17.0) c=0.851 alpha=-0.076 beta=+0.043 | loss 3.3358 (delta +0.4504) size 263.6 MB sparsity 18.7%
gen 16 offspring [38/100] k= 31 (used  15.0) c=0.765 alpha=-0.036 beta=+0.001 | loss 3.2716 (delta +0.3863) size 248.0 MB sparsity 9.1%
gen 16 offspring [39/100] k= 16 (used  16.0) c=0.811 alpha=-0.194 beta=+0.050 | loss 3.4726 (delta +0.5872) size 247.2 MB sparsity 20.3%
gen 16 offspring [40/100] k= 30 (used  29.0) c=0.986 alpha=-0.023 beta=+0.018 | loss 3.0652 (delta +0.1798) size 309.8 MB sparsity 12.6%
gen 16 offspring [41/100] k= 29 (used  29.0) c=0.972 alpha=-0.094 beta=+0.041 | loss 3.0527 (delta +0.1673) size 309.8 MB sparsity 12.4%
gen 16 offspring [42/100] k= 18 (used  17.0) c=0.950 alpha=-0.204 beta=+0.257 | loss 3.5281 (delta +0.6428) size 255.2 MB sparsity 22.1%
gen 16 offspring [43/100] k= 23 (used  23.0) c=0.955 alpha=-0.151 beta=+0.184 | loss 3.1601 (delta +0.2748) size 309.2 MB sparsity 16.3%
gen 16 offspring [44/100] k= 27 (used  15.0) c=0.806 alpha=-0.065 beta=+0.010 | loss 3.4141 (delta +0.5287) size 248.0 MB sparsity 11.1%
gen 16 offspring [45/100] k= 31 (used  18.0) c=0.998 alpha=-0.010 beta=+0.216 | loss 3.5234 (delta +0.6381) size 309.8 MB sparsity 15.2%
gen 16 offspring [46/100] k= 16 (used  15.0) c=0.954 alpha=-0.212 beta=+0.257 | loss 3.8003 (delta +0.9149) size 245.3 MB sparsity 24.1%
gen 16 offspring [47/100] k= 30 (used  10.0) c=0.758 alpha=-0.004 beta=+0.010 | loss 6.1596 (delta +3.2742) size 248.0 MB sparsity 9.7%
gen 16 offspring [48/100] k= 25 (used  19.0) c=0.986 alpha=-0.084 beta=+0.012 | loss 3.1701 (delta +0.2848) size 309.5 MB sparsity 14.6%
gen 16 offspring [49/100] k= 27 (used  15.0) c=0.764 alpha=-0.053 beta=+0.018 | loss 3.4015 (delta +0.5161) size 248.0 MB sparsity 10.5%
gen 16 offspring [50/100] k= 16 (used  15.0) c=0.942 alpha=-0.013 beta=+0.041 | loss 3.7559 (delta +0.8706) size 245.6 MB sparsity 23.3%
gen 16 offspring [51/100] k= 30 (used  29.0) c=0.969 alpha=-0.110 beta=+0.050 | loss 3.0480 (delta +0.1626) size 309.8 MB sparsity 12.4%
gen 16 offspring [52/100] k= 17 (used  15.0) c=0.804 alpha=-0.105 beta=+0.028 | loss 3.4106 (delta +0.5252) size 248.0 MB sparsity 17.7%
gen 16 offspring [53/100] k= 16 (used  16.0) c=0.850 alpha=-0.012 beta=+0.216 | loss 3.4793 (delta +0.5940) size 246.8 MB sparsity 21.4%
gen 16 offspring [54/100] k= 17 (used   9.0) c=0.994 alpha=-0.056 beta=+0.018 | loss 6.1622 (delta +3.2768) size 207.9 MB sparsity 21.7%
gen 16 offspring [55/100] k= 31 (used  17.0) c=0.796 alpha=-0.029 beta=+0.100 | loss 3.2589 (delta +0.3736) size 285.8 MB sparsity 9.7%
gen 16 offspring [56/100] k= 23 (used  23.0) c=0.950 alpha=-0.130 beta=+0.097 | loss 3.1338 (delta +0.2484) size 309.3 MB sparsity 15.3%
gen 16 offspring [57/100] k= 29 (used  29.0) c=0.975 alpha=-0.065 beta=+0.054 | loss 3.0515 (delta +0.1662) size 309.8 MB sparsity 12.4%
gen 16 offspring [58/100] k= 18 (used  17.0) c=0.954 alpha=-0.024 beta=+0.040 | loss 3.4918 (delta +0.6064) size 258.4 MB sparsity 20.8%
gen 16 offspring [59/100] k= 20 (used  19.0) c=0.999 alpha=-0.069 beta=+0.221 | loss 3.3998 (delta +0.5145) size 306.1 MB sparsity 20.1%
gen 16 offspring [60/100] k= 98 (used  97.0) c=0.986 alpha=-0.023 beta=+0.040 | loss 2.8964 (delta +0.0110) size 433.3 MB sparsity 3.8%
gen 16 offspring [61/100] k= 25 (used  25.0) c=0.949 alpha=-0.212 beta=+0.167 | loss 3.1515 (delta +0.2662) size 309.4 MB sparsity 17.0%
gen 16 offspring [62/100] k= 41 (used  41.0) c=0.998 alpha=-0.093 beta=+0.105 | loss 2.9622 (delta +0.0769) size 371.5 MB sparsity 9.6%
gen 16 offspring [63/100] k= 29 (used  17.0) c=0.811 alpha=-0.194 beta=+0.050 | loss 3.3886 (delta +0.5032) size 276.5 MB sparsity 13.5%
gen 16 offspring [64/100] k= 16 (used  15.0) c=0.999 alpha=-0.215 beta=+0.068 | loss 3.8784 (delta +0.9930) size 244.6 MB sparsity 24.6%
gen 16 offspring [65/100] k= 28 (used  16.0) c=0.750 alpha=-0.225 beta=+0.252 | loss 3.8451 (delta +0.9598) size 248.0 MB sparsity 20.0%
gen 16 offspring [66/100] k= 30 (used  29.0) c=0.965 alpha=-0.074 beta=+0.100 | loss 3.0545 (delta +0.1692) size 309.8 MB sparsity 12.3%
gen 16 offspring [67/100] k= 68 (used  67.0) c=0.848 alpha=-0.024 beta=+0.101 | loss 2.9350 (delta +0.0496) size 433.3 MB sparsity 6.6%
gen 16 offspring [68/100] k= 29 (used  29.0) c=0.795 alpha=-0.070 beta=+0.099 | loss 3.0280 (delta +0.1426) size 309.8 MB sparsity 10.3%
gen 16 offspring [69/100] k= 28 (used  27.0) c=0.702 alpha=-0.084 beta=+0.163 | loss 3.1575 (delta +0.2721) size 309.8 MB sparsity 11.9%
gen 16 offspring [70/100] k= 16 (used  15.0) c=0.950 alpha=-0.013 beta=+0.176 | loss 3.8211 (delta +0.9358) size 245.4 MB sparsity 23.5%
gen 16 offspring [71/100] k= 16 (used  16.0) c=0.895 alpha=-0.017 beta=+0.080 | loss 3.6626 (delta +0.7773) size 246.3 MB sparsity 22.2%
gen 16 offspring [72/100] k= 28 (used  16.0) c=0.702 alpha=-0.072 beta=+0.004 | loss 3.3632 (delta +0.4778) size 248.0 MB sparsity 9.7%
gen 16 offspring [73/100] k= 27 (used  27.0) c=0.796 alpha=-0.113 beta=+0.095 | loss 3.0270 (delta +0.1417) size 309.8 MB sparsity 11.1%
gen 16 offspring [74/100] k= 16 (used   9.0) c=0.942 alpha=-0.094 beta=+0.010 | loss 6.7650 (delta +3.8796) size 204.8 MB sparsity 23.3%
gen 16 offspring [75/100] k= 16 (used  15.0) c=0.934 alpha=-0.025 beta=+0.149 | loss 3.7340 (delta +0.8487) size 245.7 MB sparsity 23.1%
gen 16 offspring [76/100] k= 23 (used  23.0) c=0.967 alpha=-0.147 beta=+0.103 | loss 3.1650 (delta +0.2797) size 309.2 MB sparsity 15.6%
gen 16 offspring [77/100] k= 67 (used  66.0) c=0.918 alpha=-0.119 beta=+0.028 | loss 2.9306 (delta +0.0453) size 433.3 MB sparsity 7.6%
gen 16 offspring [78/100] k=116 (used 112.0) c=1.000 alpha=-0.010 beta=+0.122 | loss 2.9058 (delta +0.0205) size 433.3 MB sparsity 6.7%
gen 16 offspring [79/100] k= 31 (used  15.0) c=0.764 alpha=-0.029 beta=+0.010 | loss 3.2733 (delta +0.3879) size 248.0 MB sparsity 9.1%
gen 16 offspring [80/100] k= 19 (used  18.0) c=0.911 alpha=-0.015 beta=+0.142 | loss 3.3326 (delta +0.4472) size 307.8 MB sparsity 17.8%
gen 16 offspring [81/100] k= 16 (used  13.0) c=0.775 alpha=-0.027 beta=+0.020 | loss 3.5413 (delta +0.6559) size 247.5 MB sparsity 19.4%
gen 16 offspring [82/100] k= 60 (used  32.0) c=0.790 alpha=-0.056 beta=+0.039 | loss 2.9915 (delta +0.1062) size 309.8 MB sparsity 5.1%
gen 16 offspring [83/100] k= 68 (used  64.0) c=0.998 alpha=-0.092 beta=+0.001 | loss 2.9392 (delta +0.0538) size 371.5 MB sparsity 6.7%
gen 16 offspring [84/100] k= 26 (used  20.0) c=0.988 alpha=-0.072 beta=+0.131 | loss 3.1658 (delta +0.2804) size 309.5 MB sparsity 14.6%
gen 16 offspring [85/100] k= 28 (used  27.0) c=0.983 alpha=-0.027 beta=+0.114 | loss 3.1062 (delta +0.2209) size 309.8 MB sparsity 13.5%
gen 16 offspring [86/100] k= 16 (used  15.0) c=0.959 alpha=-0.015 beta=+0.168 | loss 3.8353 (delta +0.9499) size 245.3 MB sparsity 23.7%
gen 16 offspring [87/100] k= 65 (used  65.0) c=0.921 alpha=-0.059 beta=+0.005 | loss 2.9168 (delta +0.0314) size 413.2 MB sparsity 5.4%
gen 16 offspring [88/100] k= 74 (used  73.0) c=0.994 alpha=-0.037 beta=+0.040 | loss 2.9115 (delta +0.0262) size 433.3 MB sparsity 5.0%
gen 16 offspring [89/100] k= 21 (used  21.0) c=0.946 alpha=-0.024 beta=+0.113 | loss 3.2274 (delta +0.3420) size 308.6 MB sparsity 16.7%
gen 16 offspring [90/100] k= 16 (used  15.0) c=0.996 alpha=-0.024 beta=+0.221 | loss 3.8610 (delta +0.9757) size 244.6 MB sparsity 24.6%
gen 16 offspring [91/100] k= 16 (used  15.0) c=0.996 alpha=-0.265 beta=+0.217 | loss 3.8968 (delta +1.0114) size 244.5 MB sparsity 25.0%
gen 16 offspring [92/100] k= 28 (used  16.0) c=0.750 alpha=-0.097 beta=+0.098 | loss 3.3710 (delta +0.4857) size 248.0 MB sparsity 10.4%
gen 16 offspring [93/100] k= 22 (used  22.0) c=0.747 alpha=-0.016 beta=+0.038 | loss 3.1488 (delta +0.2635) size 309.8 MB sparsity 13.3%
gen 16 offspring [94/100] k= 31 (used  17.0) c=0.753 alpha=-0.029 beta=+0.100 | loss 3.2317 (delta +0.3464) size 286.8 MB sparsity 9.3%
gen 16 offspring [95/100] k= 31 (used  17.0) c=0.932 alpha=-0.028 beta=+0.022 | loss 3.4024 (delta +0.5170) size 282.3 MB sparsity 11.1%
gen 16 offspring [96/100] k= 65 (used  65.0) c=0.960 alpha=-0.017 beta=+0.014 | loss 2.9224 (delta +0.0370) size 413.2 MB sparsity 5.4%
gen 16 offspring [97/100] k= 66 (used  66.0) c=0.927 alpha=-0.222 beta=+0.030 | loss 2.9620 (delta +0.0766) size 433.2 MB sparsity 11.8%
gen 16 offspring [98/100] k= 44 (used  44.0) c=0.767 alpha=-0.049 beta=+0.010 | loss 2.9683 (delta +0.0829) size 371.5 MB sparsity 6.6%
gen 16 offspring [99/100] k= 16 (used  15.0) c=0.915 alpha=-0.050 beta=+0.040 | loss 3.7213 (delta +0.8359) size 246.0 MB sparsity 22.7%
gen 16 offspring [100/100] k= 16 (used  15.0) c=0.954 alpha=-0.010 beta=+0.216 | loss 3.8033 (delta +0.9180) size 245.4 MB sparsity 23.6%
=== generation 16/50 done in 546s (0 reused), batch baseline 2.8854, HV 0.17497, front 100 points, 100/100 feasible, best delta loss +0.0097, smallest 244.5 MB
gen 17 offspring [1/100] k= 16 (used  16.0) c=0.849 alpha=-0.021 beta=+0.027 | loss 3.4733 (delta +0.5880) size 246.8 MB sparsity 21.2%
gen 17 offspring [2/100] k= 32 (used  31.0) c=0.994 alpha=-0.117 beta=+0.011 | loss 3.0212 (delta +0.1358) size 309.8 MB sparsity 11.9%
gen 17 offspring [3/100] k= 16 (used  15.0) c=0.942 alpha=-0.070 beta=+0.040 | loss 3.7524 (delta +0.8670) size 245.6 MB sparsity 23.3%
gen 17 offspring [4/100] k= 16 (used  15.0) c=0.927 alpha=-0.055 beta=+0.041 | loss 3.7291 (delta +0.8438) size 245.8 MB sparsity 23.0%
gen 17 offspring [5/100] k= 31 (used  31.0) c=0.977 alpha=-0.038 beta=+0.001 | loss 3.0220 (delta +0.1366) size 309.8 MB sparsity 11.6%
gen 17 offspring [6/100] k= 17 (used   7.0) c=0.991 alpha=-0.121 beta=+0.018 | loss 8.0140 (delta +5.1286) size 186.3 MB sparsity 21.6%
gen 17 offspring [7/100] k= 66 (used  64.0) c=0.914 alpha=-0.003 beta=+0.013 | loss 2.9206 (delta +0.0352) size 371.5 MB sparsity 5.2%
gen 17 offspring [8/100] k= 16 (used  15.0) c=0.933 alpha=-0.087 beta=+0.185 | loss 3.7274 (delta +0.8421) size 245.7 MB sparsity 23.1%
gen 17 offspring [9/100] k= 29 (used  29.0) c=0.973 alpha=-0.065 beta=+0.054 | loss 3.0521 (delta +0.1668) size 309.8 MB sparsity 12.4%
gen 17 offspring [10/100] k= 16 (used  16.0) c=0.901 alpha=-0.007 beta=+0.080 | loss 3.6658 (delta +0.7805) size 246.2 MB sparsity 22.4%
gen 17 offspring [11/100] k= 26 (used  26.0) c=0.796 alpha=-0.025 beta=+0.162 | loss 3.0472 (delta +0.1618) size 309.8 MB sparsity 13.2%
gen 17 offspring [12/100] k= 31 (used  31.0) c=0.957 alpha=-0.077 beta=+0.114 | loss 3.0109 (delta +0.1256) size 309.8 MB sparsity 11.5%
gen 17 offspring [13/100] k= 30 (used  29.0) c=0.986 alpha=-0.023 beta=+0.104 | loss 3.0663 (delta +0.1809) size 309.8 MB sparsity 12.6%
gen 17 offspring [14/100] k= 17 (used  17.0) c=0.931 alpha=-0.002 beta=+0.111 | loss 3.4761 (delta +0.5907) size 259.5 MB sparsity 20.4%
gen 17 offspring [15/100] k= 22 (used  21.0) c=0.947 alpha=-0.042 beta=+0.157 | loss 3.2303 (delta +0.3449) size 308.6 MB sparsity 16.8%
gen 17 offspring [16/100] k= 16 (used  15.0) c=0.994 alpha=-0.015 beta=+0.142 | loss 3.8637 (delta +0.9783) size 244.6 MB sparsity 24.5%
gen 17 offspring [17/100] k= 64 (used  64.0) c=0.915 alpha=-0.050 beta=+0.014 | loss 2.9167 (delta +0.0314) size 371.5 MB sparsity 5.4%
gen 17 offspring [18/100] k= 16 (used  16.0) c=0.803 alpha=-0.120 beta=+0.028 | loss 3.4898 (delta +0.6045) size 247.3 MB sparsity 20.1%
gen 17 offspring [19/100] k= 21 (used  20.0) c=0.937 alpha=-0.212 beta=+0.015 | loss 3.5367 (delta +0.6513) size 308.4 MB sparsity 17.8%
gen 17 offspring [20/100] k= 65 (used  65.0) c=0.961 alpha=-0.018 beta=+0.054 | loss 2.9222 (delta +0.0368) size 413.0 MB sparsity 5.5%
gen 17 offspring [21/100] k= 16 (used  15.0) c=0.954 alpha=-0.264 beta=+0.270 | loss 3.8561 (delta +0.9708) size 245.1 MB sparsity 25.0%
gen 17 offspring [22/100] k= 16 (used  16.0) c=0.775 alpha=-0.027 beta=+0.020 | loss 3.4485 (delta +0.5631) size 247.5 MB sparsity 19.4%
gen 17 offspring [23/100] k= 26 (used  15.0) c=0.720 alpha=-0.077 beta=+0.114 | loss 3.5095 (delta +0.6241) size 248.0 MB sparsity 11.0%
gen 17 offspring [24/100] k= 66 (used  65.0) c=0.917 alpha=-0.215 beta=+0.012 | loss 2.9633 (delta +0.0779) size 390.4 MB sparsity 11.6%
gen 17 offspring [25/100] k= 16 (used  15.0) c=0.932 alpha=-0.219 beta=+0.189 | loss 3.7284 (delta +0.8431) size 245.7 MB sparsity 23.2%
gen 17 offspring [26/100] k= 39 (used  39.0) c=0.743 alpha=-0.077 beta=+0.064 | loss 2.9933 (delta +0.1079) size 371.5 MB sparsity 7.3%
gen 17 offspring [27/100] k= 16 (used  15.0) c=0.916 alpha=-0.050 beta=+0.018 | loss 3.7396 (delta +0.8542) size 246.0 MB sparsity 22.7%
gen 17 offspring [28/100] k=132 (used  67.0) c=0.998 alpha=-0.171 beta=+0.096 | loss 2.9480 (delta +0.0627) size 433.3 MB sparsity 11.2%
gen 17 offspring [29/100] k= 25 (used  25.0) c=0.944 alpha=-0.077 beta=+0.111 | loss 3.1071 (delta +0.2218) size 309.7 MB sparsity 14.0%
gen 17 offspring [30/100] k= 22 (used  21.0) c=0.947 alpha=-0.053 beta=+0.087 | loss 3.2303 (delta +0.3449) size 308.6 MB sparsity 16.7%
gen 17 offspring [31/100] k= 45 (used  45.0) c=0.965 alpha=-0.008 beta=+0.024 | loss 2.9415 (delta +0.0562) size 371.5 MB sparsity 7.9%
gen 17 offspring [32/100] k= 18 (used  17.0) c=0.921 alpha=-0.057 beta=+0.014 | loss 3.4709 (delta +0.5855) size 260.0 MB sparsity 20.1%
gen 17 offspring [33/100] k= 17 (used  12.0) c=0.795 alpha=-0.121 beta=+0.053 | loss 3.7102 (delta +0.8249) size 248.0 MB sparsity 17.5%
gen 17 offspring [34/100] k= 16 (used  15.0) c=0.948 alpha=-0.212 beta=+0.107 | loss 3.7895 (delta +0.9041) size 245.5 MB sparsity 23.5%
gen 17 offspring [35/100] k= 23 (used  13.0) c=0.952 alpha=-0.147 beta=+0.103 | loss 4.2625 (delta +1.3772) size 248.0 MB sparsity 15.4%
gen 17 offspring [36/100] k= 20 (used  19.0) c=0.952 alpha=-0.017 beta=+0.079 | loss 3.3373 (delta +0.4519) size 307.2 MB sparsity 18.6%
gen 17 offspring [37/100] k= 67 (used  35.0) c=0.975 alpha=-0.025 beta=+0.058 | loss 2.9947 (delta +0.1093) size 371.5 MB sparsity 5.5%
gen 17 offspring [38/100] k= 23 (used  18.0) c=0.998 alpha=-0.092 beta=+0.000 | loss 3.2434 (delta +0.3580) size 308.9 MB sparsity 16.0%
gen 17 offspring [39/100] k= 21 (used  21.0) c=0.999 alpha=-0.011 beta=+0.221 | loss 3.3128 (delta +0.4275) size 307.7 MB sparsity 18.8%
gen 17 offspring [40/100] k= 23 (used  23.0) c=0.946 alpha=-0.070 beta=+0.159 | loss 3.1538 (delta +0.2685) size 309.3 MB sparsity 15.5%
gen 17 offspring [41/100] k= 31 (used  31.0) c=0.994 alpha=-0.029 beta=+0.021 | loss 3.0195 (delta +0.1342) size 309.8 MB sparsity 11.8%
gen 17 offspring [42/100] k= 21 (used  21.0) c=0.946 alpha=-0.029 beta=+0.040 | loss 3.2280 (delta +0.3426) size 308.6 MB sparsity 16.7%
gen 17 offspring [43/100] k= 31 (used  31.0) c=0.994 alpha=-0.140 beta=+0.010 | loss 3.0229 (delta +0.1376) size 309.8 MB sparsity 12.4%
gen 17 offspring [44/100] k= 27 (used  15.0) c=0.777 alpha=-0.052 beta=+0.043 | loss 3.4105 (delta +0.5252) size 248.0 MB sparsity 10.7%
gen 17 offspring [45/100] k= 16 (used  15.0) c=0.998 alpha=-0.012 beta=+0.101 | loss 3.8659 (delta +0.9806) size 244.6 MB sparsity 24.6%
gen 17 offspring [46/100] k=113 (used 111.0) c=1.000 alpha=-0.017 beta=+0.001 | loss 2.8951 (delta +0.0097) size 433.3 MB sparsity 3.2%
gen 17 offspring [47/100] k= 21 (used  21.0) c=0.951 alpha=-0.013 beta=+0.172 | loss 3.2415 (delta +0.3561) size 308.5 MB sparsity 17.0%
gen 17 offspring [48/100] k= 65 (used  65.0) c=0.942 alpha=-0.013 beta=+0.059 | loss 2.9162 (delta +0.0309) size 412.9 MB sparsity 5.5%
gen 17 offspring [49/100] k= 58 (used  30.0) c=0.773 alpha=-0.036 beta=+0.051 | loss 2.9981 (delta +0.1128) size 309.8 MB sparsity 5.1%
gen 17 offspring [50/100] k= 46 (used  45.0) c=0.965 alpha=-0.011 beta=+0.024 | loss 2.9415 (delta +0.0561) size 371.5 MB sparsity 7.9%
gen 17 offspring [51/100] k= 31 (used  17.0) c=0.756 alpha=-0.018 beta=+0.100 | loss 3.2351 (delta +0.3497) size 286.7 MB sparsity 9.3%
gen 17 offspring [52/100] k= 62 (used  33.0) c=0.775 alpha=-0.025 beta=+0.054 | loss 2.9975 (delta +0.1121) size 356.5 MB sparsity 4.9%
gen 17 offspring [53/100] k= 31 (used  17.0) c=0.752 alpha=-0.029 beta=+0.100 | loss 3.2365 (delta +0.3511) size 286.8 MB sparsity 9.3%
gen 17 offspring [54/100] k= 16 (used  16.0) c=0.811 alpha=-0.206 beta=+0.049 | loss 3.4768 (delta +0.5914) size 247.2 MB sparsity 20.5%
gen 17 offspring [55/100] k= 28 (used  15.0) c=0.960 alpha=-0.096 beta=+0.003 | loss 3.9222 (delta +1.0368) size 248.0 MB sparsity 13.1%
gen 17 offspring [56/100] k= 27 (used  15.0) c=0.793 alpha=-0.067 beta=+0.114 | loss 3.3941 (delta +0.5088) size 248.0 MB sparsity 11.1%
gen 17 offspring [57/100] k= 94 (used  49.0) c=0.750 alpha=-0.097 beta=+0.033 | loss 2.9549 (delta +0.0695) size 371.5 MB sparsity 5.7%
gen 17 offspring [58/100] k= 63 (used  62.0) c=0.999 alpha=-0.167 beta=+0.028 | loss 2.9597 (delta +0.0743) size 371.5 MB sparsity 9.9%
gen 17 offspring [59/100] k= 41 (used  40.0) c=0.998 alpha=-0.093 beta=+0.147 | loss 3.0218 (delta +0.1364) size 371.5 MB sparsity 11.0%
gen 17 offspring [60/100] k= 19 (used  19.0) c=0.960 alpha=-0.029 beta=+0.037 | loss 3.3402 (delta +0.4549) size 307.1 MB sparsity 18.7%
gen 17 offspring [61/100] k= 16 (used  15.0) c=0.921 alpha=-0.054 beta=+0.059 | loss 3.7439 (delta +0.8586) size 245.9 MB sparsity 22.8%
gen 17 offspring [62/100] k= 22 (used  21.0) c=0.939 alpha=-0.119 beta=+0.115 | loss 3.2031 (delta +0.3178) size 308.6 MB sparsity 16.6%
gen 17 offspring [63/100] k= 16 (used  10.0) c=0.942 alpha=-0.054 beta=+0.253 | loss 5.9347 (delta +3.0493) size 245.5 MB sparsity 23.8%
gen 17 offspring [64/100] k= 29 (used  29.0) c=0.928 alpha=-0.087 beta=+0.025 | loss 3.0232 (delta +0.1378) size 309.8 MB sparsity 11.8%
gen 17 offspring [65/100] k= 16 (used  15.0) c=0.999 alpha=-0.011 beta=+0.221 | loss 3.8747 (delta +0.9893) size 244.6 MB sparsity 24.6%
gen 17 offspring [66/100] k= 21 (used  21.0) c=0.946 alpha=-0.024 beta=+0.040 | loss 3.2274 (delta +0.3420) size 308.6 MB sparsity 16.7%
gen 17 offspring [67/100] k= 34 (used  19.0) c=0.982 alpha=-0.070 beta=+0.117 | loss 3.3042 (delta +0.4189) size 309.8 MB sparsity 11.2%
gen 17 offspring [68/100] k= 16 (used  15.0) c=0.992 alpha=-0.005 beta=+0.258 | loss 3.8809 (delta +0.9955) size 244.6 MB sparsity 24.8%
gen 17 offspring [69/100] k= 16 (used  14.0) c=0.955 alpha=-0.019 beta=+0.458 | loss 5.9443 (delta +3.0589) size 234.4 MB sparsity 30.5%
gen 17 offspring [70/100] k= 31 (used  31.0) c=0.953 alpha=-0.029 beta=+0.114 | loss 3.0103 (delta +0.1250) size 309.8 MB sparsity 11.5%
gen 17 offspring [71/100] k= 17 (used  15.0) c=0.993 alpha=-0.072 beta=+0.040 | loss 3.5871 (delta +0.7018) size 246.6 MB sparsity 21.6%
gen 17 offspring [72/100] k= 23 (used  23.0) c=0.896 alpha=-0.154 beta=+0.116 | loss 3.1317 (delta +0.2463) size 309.6 MB sparsity 14.8%
gen 17 offspring [73/100] k= 16 (used   9.0) c=0.981 alpha=-0.075 beta=+0.042 | loss 7.2812 (delta +4.3958) size 203.2 MB sparsity 24.2%
gen 17 offspring [74/100] k= 28 (used  16.0) c=0.750 alpha=-0.097 beta=+0.156 | loss 3.4164 (delta +0.5311) size 248.0 MB sparsity 12.1%
gen 17 offspring [75/100] k= 16 (used  15.0) c=0.967 alpha=-0.030 beta=+0.141 | loss 3.9228 (delta +1.0375) size 245.1 MB sparsity 23.9%
gen 17 offspring [76/100] k= 63 (used  62.0) c=0.804 alpha=-0.116 beta=+0.028 | loss 2.9455 (delta +0.0601) size 371.5 MB sparsity 7.3%
gen 17 offspring [77/100] k= 60 (used  32.0) c=0.805 alpha=-0.086 beta=+0.000 | loss 2.9953 (delta +0.1099) size 309.8 MB sparsity 6.2%
gen 17 offspring [78/100] k= 16 (used  15.0) c=0.940 alpha=-0.066 beta=+0.254 | loss 3.7388 (delta +0.8534) size 245.5 MB sparsity 23.8%
gen 17 offspring [79/100] k= 31 (used  31.0) c=0.768 alpha=-0.029 beta=+0.100 | loss 3.0059 (delta +0.1205) size 309.8 MB sparsity 9.4%
gen 17 offspring [80/100] k= 16 (used  16.0) c=0.893 alpha=-0.265 beta=+0.221 | loss 3.7202 (delta +0.8348) size 246.2 MB sparsity 23.4%
gen 17 offspring [81/100] k=112 (used 108.0) c=0.928 alpha=-0.055 beta=+0.081 | loss 2.9164 (delta +0.0310) size 433.3 MB sparsity 5.8%
gen 17 offspring [82/100] k= 42 (used  39.0) c=0.993 alpha=-0.152 beta=+0.181 | loss 3.1122 (delta +0.2268) size 371.5 MB sparsity 14.3%
gen 17 offspring [83/100] k= 33 (used  19.0) c=0.803 alpha=-0.069 beta=+0.117 | loss 3.2096 (delta +0.3243) size 309.8 MB sparsity 9.8%
gen 17 offspring [84/100] k=113 (used 111.0) c=1.000 alpha=-0.011 beta=+0.011 | loss 2.8952 (delta +0.0099) size 433.3 MB sparsity 3.2%
gen 17 offspring [85/100] k= 17 (used  15.0) c=0.994 alpha=-0.025 beta=+0.038 | loss 3.5819 (delta +0.6965) size 246.6 MB sparsity 21.7%
gen 17 offspring [86/100] k= 34 (used  32.0) c=0.994 alpha=-0.087 beta=+0.018 | loss 3.0046 (delta +0.1193) size 309.8 MB sparsity 11.1%
gen 17 offspring [87/100] k= 30 (used  29.0) c=0.997 alpha=-0.023 beta=+0.017 | loss 3.0726 (delta +0.1872) size 309.8 MB sparsity 12.7%
gen 17 offspring [88/100] k= 18 (used  18.0) c=0.914 alpha=-0.001 beta=+0.078 | loss 3.4471 (delta +0.5617) size 305.8 MB sparsity 20.0%
gen 17 offspring [89/100] k= 65 (used  64.0) c=0.921 alpha=-0.060 beta=+0.176 | loss 2.9539 (delta +0.0686) size 371.5 MB sparsity 10.2%
gen 17 offspring [90/100] k= 17 (used  17.0) c=0.954 alpha=-0.208 beta=+0.253 | loss 3.5124 (delta +0.6270) size 255.3 MB sparsity 22.1%
gen 17 offspring [91/100] k= 23 (used  18.0) c=0.997 alpha=-0.152 beta=+0.181 | loss 3.6781 (delta +0.7927) size 308.9 MB sparsity 16.6%
gen 17 offspring [92/100] k= 16 (used  15.0) c=0.949 alpha=-0.068 beta=+0.173 | loss 3.7997 (delta +0.9143) size 245.4 MB sparsity 23.5%
gen 17 offspring [93/100] k= 16 (used  15.0) c=0.999 alpha=-0.017 beta=+0.221 | loss 3.8756 (delta +0.9902) size 244.5 MB sparsity 24.7%
gen 17 offspring [94/100] k= 46 (used  44.0) c=0.965 alpha=-0.146 beta=+0.024 | loss 2.9839 (delta +0.0986) size 371.5 MB sparsity 10.2%
gen 17 offspring [95/100] k= 61 (used  61.0) c=0.895 alpha=-0.017 beta=+0.014 | loss 2.9257 (delta +0.0403) size 371.5 MB sparsity 5.4%
gen 17 offspring [96/100] k= 24 (used  23.0) c=0.932 alpha=-0.070 beta=+0.004 | loss 3.1236 (delta +0.2382) size 309.4 MB sparsity 15.0%
gen 17 offspring [97/100] k= 76 (used  76.0) c=0.921 alpha=-0.058 beta=+0.019 | loss 2.9078 (delta +0.0225) size 433.3 MB sparsity 4.9%
gen 17 offspring [98/100] k= 16 (used  15.0) c=0.942 alpha=-0.005 beta=+0.040 | loss 3.7524 (delta +0.8670) size 245.6 MB sparsity 23.3%
gen 17 offspring [99/100] k= 23 (used  22.0) c=0.951 alpha=-0.215 beta=+0.256 | loss 3.7142 (delta +0.8288) size 307.3 MB sparsity 20.4%
gen 17 offspring [100/100] k= 16 (used  16.0) c=0.775 alpha=-0.012 beta=+0.080 | loss 3.4485 (delta +0.5631) size 247.5 MB sparsity 19.4%
=== generation 17/50 done in 548s (0 reused), batch baseline 2.8854, HV 0.17497, front 100 points, 100/100 feasible, best delta loss +0.0097, smallest 244.5 MB
gen 18 offspring [1/100] k= 16 (used  15.0) c=0.977 alpha=-0.011 beta=+0.027 | loss 3.8835 (delta +0.9982) size 245.0 MB sparsity 24.1%
gen 18 offspring [2/100] k= 26 (used  25.0) c=0.975 alpha=-0.069 beta=+0.024 | loss 3.1130 (delta +0.2276) size 309.6 MB sparsity 14.4%
gen 18 offspring [3/100] k= 16 (used  16.0) c=0.851 alpha=-0.025 beta=+0.023 | loss 3.4993 (delta +0.6139) size 246.8 MB sparsity 21.2%
gen 18 offspring [4/100] k= 16 (used  15.0) c=0.997 alpha=-0.007 beta=+0.107 | loss 3.8612 (delta +0.9759) size 244.6 MB sparsity 24.6%
gen 18 offspring [5/100] k= 16 (used  15.0) c=0.957 alpha=-0.147 beta=+0.094 | loss 3.8182 (delta +0.9329) size 245.3 MB sparsity 23.7%
gen 18 offspring [6/100] k= 16 (used  15.0) c=0.960 alpha=-0.006 beta=+0.106 | loss 3.8359 (delta +0.9505) size 245.3 MB sparsity 23.7%
gen 18 offspring [7/100] k= 27 (used  15.0) c=0.931 alpha=-0.012 beta=+0.025 | loss 3.6838 (delta +0.7984) size 248.0 MB sparsity 12.8%
gen 18 offspring [8/100] k= 26 (used  25.0) c=1.000 alpha=-0.036 beta=+0.001 | loss 3.1185 (delta +0.2332) size 309.5 MB sparsity 14.8%
gen 18 offspring [9/100] k= 69 (used  37.0) c=0.702 alpha=-0.054 beta=+0.013 | loss 3.0256 (delta +0.1403) size 371.5 MB sparsity 4.3%
gen 18 offspring [10/100] k= 16 (used  15.0) c=0.946 alpha=-0.049 beta=+0.040 | loss 3.8192 (delta +0.9339) size 245.5 MB sparsity 23.4%
gen 18 offspring [11/100] k= 16 (used  14.0) c=1.000 alpha=-0.005 beta=+0.101 | loss 3.8969 (delta +1.0116) size 244.5 MB sparsity 24.7%
gen 18 offspring [12/100] k= 16 (used  15.0) c=0.995 alpha=-0.198 beta=+0.257 | loss 3.8495 (delta +0.9641) size 244.6 MB sparsity 24.8%
gen 18 offspring [13/100] k= 29 (used  17.0) c=0.949 alpha=-0.218 beta=+0.025 | loss 3.6564 (delta +0.7710) size 271.8 MB sparsity 15.4%
gen 18 offspring [14/100] k= 16 (used  15.0) c=0.942 alpha=-0.066 beta=+0.254 | loss 3.7984 (delta +0.9131) size 245.5 MB sparsity 23.8%
gen 18 offspring [15/100] k= 16 (used  15.0) c=0.983 alpha=-0.078 beta=+0.232 | loss 3.8910 (delta +1.0056) size 244.8 MB sparsity 24.3%
gen 18 offspring [16/100] k= 60 (used  33.0) c=0.797 alpha=-0.086 beta=+0.180 | loss 3.0267 (delta +0.1413) size 336.6 MB sparsity 11.3%
gen 18 offspring [17/100] k= 31 (used  17.0) c=0.753 alpha=-0.024 beta=+0.100 | loss 3.2317 (delta +0.3464) size 286.8 MB sparsity 9.3%
gen 18 offspring [18/100] k= 17 (used  15.0) c=0.995 alpha=-0.025 beta=+0.027 | loss 3.5988 (delta +0.7135) size 246.6 MB sparsity 21.7%
gen 18 offspring [19/100] k= 19 (used  19.0) c=0.948 alpha=-0.034 beta=+0.159 | loss 3.3088 (delta +0.4234) size 307.3 MB sparsity 18.5%
gen 18 offspring [20/100] k= 58 (used  57.0) c=0.986 alpha=-0.027 beta=+0.054 | loss 2.9280 (delta +0.0426) size 371.5 MB sparsity 6.4%
gen 18 offspring [21/100] k=107 (used  54.9) c=0.900 alpha=-0.311 beta=+0.041 | loss 3.0517 (delta +0.1664) size 371.5 MB sparsity 14.7%
gen 18 offspring [22/100] k= 16 (used  16.0) c=0.811 alpha=-0.194 beta=+0.050 | loss 3.4726 (delta +0.5872) size 247.2 MB sparsity 20.3%
gen 18 offspring [23/100] k= 17 (used  17.0) c=0.994 alpha=-0.029 beta=+0.038 | loss 3.5400 (delta +0.6546) size 256.3 MB sparsity 21.7%
gen 18 offspring [24/100] k= 16 (used  15.0) c=0.915 alpha=-0.026 beta=+0.040 | loss 3.7213 (delta +0.8359) size 246.0 MB sparsity 22.7%
gen 18 offspring [25/100] k= 30 (used  29.0) c=1.000 alpha=-0.154 beta=+0.044 | loss 3.0884 (delta +0.2031) size 309.8 MB sparsity 13.5%
gen 18 offspring [26/100] k= 24 (used  22.0) c=0.933 alpha=-0.034 beta=+0.190 | loss 3.4345 (delta +0.5492) size 309.3 MB sparsity 16.1%
gen 18 offspring [27/100] k= 39 (used  39.0) c=0.796 alpha=-0.087 beta=+0.001 | loss 2.9770 (delta +0.0917) size 371.5 MB sparsity 7.9%
gen 18 offspring [28/100] k= 16 (used  16.0) c=0.850 alpha=-0.004 beta=+0.214 | loss 3.4825 (delta +0.5971) size 246.8 MB sparsity 21.4%
gen 18 offspring [29/100] k= 16 (used   9.0) c=0.899 alpha=-0.014 beta=+0.098 | loss 6.5097 (delta +3.6244) size 206.7 MB sparsity 22.3%
gen 18 offspring [30/100] k= 24 (used  23.0) c=0.936 alpha=-0.011 beta=+0.022 | loss 3.1314 (delta +0.2460) size 309.4 MB sparsity 15.1%
gen 18 offspring [31/100] k= 22 (used  21.0) c=0.957 alpha=-0.077 beta=+0.188 | loss 3.2524 (delta +0.3671) size 308.4 MB sparsity 17.4%
gen 18 offspring [32/100] k=113 (used 113.0) c=0.775 alpha=-0.011 beta=+0.009 | loss 2.9205 (delta +0.0351) size 433.3 MB sparsity 2.5%
gen 18 offspring [33/100] k=103 (used 100.0) c=0.813 alpha=-0.174 beta=+0.070 | loss 2.9403 (delta +0.0549) size 433.3 MB sparsity 10.3%
gen 18 offspring [34/100] k= 16 (used  15.0) c=0.930 alpha=-0.209 beta=+0.001 | loss 3.7402 (delta +0.8549) size 245.8 MB sparsity 23.1%
gen 18 offspring [35/100] k= 20 (used  15.0) c=0.994 alpha=-0.094 beta=+0.000 | loss 3.6168 (delta +0.7315) size 247.5 MB sparsity 19.4%
gen 18 offspring [36/100] k= 16 (used  15.0) c=0.999 alpha=-0.017 beta=+0.235 | loss 3.8756 (delta +0.9902) size 244.5 MB sparsity 24.7%
gen 18 offspring [37/100] k= 17 (used  17.0) c=0.954 alpha=-0.219 beta=+0.257 | loss 3.5214 (delta +0.6361) size 254.6 MB sparsity 22.3%
gen 18 offspring [38/100] k= 16 (used  16.0) c=0.812 alpha=-0.010 beta=+0.183 | loss 3.4850 (delta +0.5996) size 247.2 MB sparsity 20.3%
gen 18 offspring [39/100] k= 35 (used  35.0) c=0.809 alpha=-0.118 beta=+0.064 | loss 2.9797 (delta +0.0943) size 371.5 MB sparsity 9.6%
gen 18 offspring [40/100] k= 16 (used  16.0) c=0.895 alpha=-0.022 beta=+0.062 | loss 3.6626 (delta +0.7773) size 246.3 MB sparsity 22.2%
gen 18 offspring [41/100] k= 58 (used  56.0) c=0.986 alpha=-0.027 beta=+0.105 | loss 2.9538 (delta +0.0684) size 371.5 MB sparsity 7.8%
gen 18 offspring [43/100] k=113 (used 113.0) c=0.928 alpha=-0.014 beta=+0.025 | loss 2.9063 (delta +0.0210) size 433.3 MB sparsity 3.0%
gen 18 offspring [44/100] k= 29 (used  17.0) c=0.752 alpha=-0.076 beta=+0.114 | loss 3.3154 (delta +0.4301) size 284.7 MB sparsity 10.2%
gen 18 offspring [45/100] k= 16 (used   9.0) c=0.895 alpha=-0.280 beta=+0.011 | loss 6.7283 (delta +3.8430) size 204.2 MB sparsity 23.7%
gen 18 offspring [46/100] k= 23 (used  23.0) c=0.847 alpha=-0.156 beta=+0.020 | loss 3.1265 (delta +0.2411) size 309.7 MB sparsity 14.2%
gen 18 offspring [47/100] k=131 (used 104.0) c=0.995 alpha=-0.025 beta=+0.039 | loss 2.9037 (delta +0.0184) size 433.3 MB sparsity 3.1%
gen 18 offspring [48/100] k= 27 (used  15.0) c=0.795 alpha=-0.067 beta=+0.114 | loss 3.3950 (delta +0.5097) size 248.0 MB sparsity 11.1%
gen 18 offspring [49/100] k= 48 (used  47.0) c=0.901 alpha=-0.093 beta=+0.105 | loss 2.9728 (delta +0.0875) size 371.5 MB sparsity 8.9%
gen 18 offspring [50/100] k= 16 (used  15.0) c=0.893 alpha=-0.316 beta=+0.221 | loss 3.8251 (delta +0.9397) size 245.4 MB sparsity 24.9%
gen 18 offspring [51/100] k= 70 (used  70.0) c=0.942 alpha=-0.012 beta=+0.059 | loss 2.9115 (delta +0.0262) size 433.3 MB sparsity 5.3%
gen 18 offspring [52/100] k= 67 (used  66.0) c=0.703 alpha=-0.074 beta=+0.002 | loss 2.9868 (delta +0.1015) size 433.3 MB sparsity 5.1%
gen 18 offspring [53/100] k= 16 (used  15.0) c=0.954 alpha=-0.217 beta=+0.257 | loss 3.7998 (delta +0.9144) size 245.3 MB sparsity 24.1%
gen 18 offspring [54/100] k=100 (used  94.0) c=0.961 alpha=-0.119 beta=+0.054 | loss 2.9281 (delta +0.0427) size 433.3 MB sparsity 7.4%
gen 18 offspring [55/100] k= 26 (used  26.0) c=0.921 alpha=-0.009 beta=+0.121 | loss 3.0988 (delta +0.2134) size 309.7 MB sparsity 13.7%
gen 18 offspring [56/100] k= 21 (used  21.0) c=0.911 alpha=-0.064 beta=+0.040 | loss 3.1928 (delta +0.3074) size 308.9 MB sparsity 16.1%
gen 18 offspring [57/100] k=113 (used 113.0) c=0.998 alpha=-0.011 beta=+0.011 | loss 2.8967 (delta +0.0114) size 433.3 MB sparsity 3.2%
gen 18 offspring [58/100] k= 23 (used  23.0) c=0.949 alpha=-0.085 beta=+0.103 | loss 3.1427 (delta +0.2574) size 309.3 MB sparsity 15.3%
gen 18 offspring [59/100] k= 16 (used  15.0) c=0.926 alpha=-0.081 beta=+0.257 | loss 3.7515 (delta +0.8661) size 245.8 MB sparsity 23.6%
gen 18 offspring [60/100] k= 17 (used  17.0) c=0.804 alpha=-0.119 beta=+0.028 | loss 3.3444 (delta +0.4591) size 266.0 MB sparsity 17.7%
gen 18 offspring [61/100] k= 31 (used  17.0) c=0.758 alpha=-0.069 beta=+0.117 | loss 3.2400 (delta +0.3547) size 285.4 MB sparsity 9.9%
gen 18 offspring [62/100] k= 25 (used  25.0) c=0.999 alpha=-0.009 beta=+0.114 | loss 3.1199 (delta +0.2345) size 309.5 MB sparsity 14.8%
gen 18 offspring [63/100] k= 23 (used  23.0) c=0.949 alpha=-0.070 beta=+0.042 | loss 3.1408 (delta +0.2555) size 309.3 MB sparsity 15.3%
gen 18 offspring [64/100] k= 64 (used  64.0) c=0.915 alpha=-0.050 beta=+0.009 | loss 2.9167 (delta +0.0314) size 371.5 MB sparsity 5.4%
gen 18 offspring [65/100] k= 23 (used  23.0) c=0.928 alpha=-0.158 beta=+0.038 | loss 3.1214 (delta +0.2360) size 309.4 MB sparsity 15.2%
gen 18 offspring [66/100] k= 23 (used  23.0) c=0.809 alpha=-0.121 beta=+0.000 | loss 3.1226 (delta +0.2373) size 309.8 MB sparsity 13.1%
gen 18 offspring [67/100] k= 29 (used  17.0) c=0.965 alpha=-0.065 beta=+0.050 | loss 3.5872 (delta +0.7019) size 279.4 MB sparsity 12.3%
gen 18 offspring [68/100] k= 16 (used  15.0) c=0.999 alpha=-0.012 beta=+0.225 | loss 3.8727 (delta +0.9873) size 244.5 MB sparsity 24.7%
gen 18 offspring [69/100] k= 32 (used  32.0) c=0.739 alpha=-0.029 beta=+0.064 | loss 2.9994 (delta +0.1141) size 309.8 MB sparsity 8.8%
gen 18 offspring [70/100] k= 16 (used  13.0) c=0.775 alpha=-0.119 beta=+0.007 | loss 3.5413 (delta +0.6559) size 247.5 MB sparsity 19.4%
gen 18 offspring [71/100] k= 17 (used  17.0) c=0.851 alpha=-0.050 beta=+0.043 | loss 3.3358 (delta +0.4504) size 263.6 MB sparsity 18.7%
gen 18 offspring [72/100] k= 65 (used  65.0) c=0.934 alpha=-0.013 beta=+0.059 | loss 2.9144 (delta +0.0290) size 413.0 MB sparsity 5.5%
gen 18 offspring [73/100] k= 23 (used  23.0) c=0.969 alpha=-0.087 beta=+0.166 | loss 3.1721 (delta +0.2868) size 309.1 MB sparsity 15.9%
gen 18 offspring [74/100] k= 17 (used  17.0) c=0.932 alpha=-0.071 beta=+0.172 | loss 3.4739 (delta +0.5885) size 259.5 MB sparsity 20.4%
gen 18 offspring [75/100] k= 66 (used  35.0) c=0.995 alpha=-0.010 beta=+0.051 | loss 3.0062 (delta +0.1209) size 371.5 MB sparsity 5.6%
gen 18 offspring [76/100] k= 29 (used  17.0) c=0.796 alpha=-0.090 beta=+0.007 | loss 3.3319 (delta +0.4466) size 284.6 MB sparsity 10.2%
gen 18 offspring [77/100] k= 30 (used  30.0) c=0.751 alpha=-0.090 beta=+0.069 | loss 3.0110 (delta +0.1256) size 309.8 MB sparsity 9.7%
gen 18 offspring [78/100] k= 46 (used  45.0) c=0.987 alpha=-0.050 beta=+0.024 | loss 2.9511 (delta +0.0658) size 371.5 MB sparsity 8.1%
gen 18 offspring [79/100] k= 31 (used  30.0) c=0.918 alpha=-0.053 beta=+0.169 | loss 3.1175 (delta +0.2321) size 309.8 MB sparsity 12.9%
gen 18 offspring [80/100] k= 16 (used  15.0) c=0.996 alpha=-0.012 beta=+0.081 | loss 3.8542 (delta +0.9688) size 244.6 MB sparsity 24.6%
gen 18 offspring [81/100] k= 17 (used   5.0) c=0.960 alpha=-0.147 beta=+0.234 | loss 11.9230 (delta +9.0376) size 159.7 MB sparsity 21.5%
gen 18 offspring [82/100] k= 28 (used  27.0) c=0.722 alpha=-0.076 beta=+0.285 | loss 3.3224 (delta +0.4371) size 309.7 MB sparsity 16.8%
gen 18 offspring [83/100] k= 31 (used  17.0) c=0.757 alpha=-0.069 beta=+0.205 | loss 3.2825 (delta +0.3971) size 277.2 MB sparsity 13.2%
gen 18 offspring [84/100] k= 33 (used  33.0) c=0.942 alpha=-0.088 beta=+0.010 | loss 2.9993 (delta +0.1140) size 339.0 MB sparsity 10.5%
gen 18 offspring [85/100] k= 23 (used  22.0) c=0.997 alpha=-0.147 beta=+0.237 | loss 3.6786 (delta +0.7933) size 308.4 MB sparsity 18.4%
gen 18 offspring [86/100] k= 16 (used  15.0) c=0.999 alpha=-0.196 beta=+0.050 | loss 3.8701 (delta +0.9847) size 244.6 MB sparsity 24.6%
gen 18 offspring [87/100] k= 17 (used  17.0) c=0.752 alpha=-0.032 beta=+0.001 | loss 3.3020 (delta +0.4167) size 268.8 MB sparsity 16.6%
gen 18 offspring [88/100] k= 26 (used  24.0) c=0.994 alpha=-0.093 beta=+0.116 | loss 3.1167 (delta +0.2313) size 309.5 MB sparsity 14.7%
gen 18 offspring [89/100] k= 41 (used  41.0) c=0.998 alpha=-0.093 beta=+0.050 | loss 2.9597 (delta +0.0744) size 371.5 MB sparsity 9.1%
gen 18 offspring [90/100] k= 64 (used  64.0) c=0.915 alpha=-0.036 beta=+0.014 | loss 2.9168 (delta +0.0314) size 371.5 MB sparsity 5.3%
gen 18 offspring [91/100] k= 55 (used  55.0) c=0.998 alpha=-0.067 beta=+0.001 | loss 2.9320 (delta +0.0466) size 371.5 MB sparsity 6.7%
gen 18 offspring [92/100] k= 31 (used  30.0) c=0.989 alpha=-0.030 beta=+0.240 | loss 3.2232 (delta +0.3379) size 309.7 MB sparsity 16.0%
gen 18 offspring [93/100] k= 31 (used  30.0) c=0.762 alpha=-0.022 beta=+0.215 | loss 3.1187 (delta +0.2333) size 309.8 MB sparsity 13.6%
gen 18 offspring [94/100] k= 29 (used  17.0) c=0.762 alpha=-0.048 beta=+0.067 | loss 3.3007 (delta +0.4154) size 285.7 MB sparsity 9.7%
gen 18 offspring [95/100] k= 23 (used  23.0) c=1.000 alpha=-0.147 beta=+0.166 | loss 3.1847 (delta +0.2993) size 308.9 MB sparsity 16.3%
gen 18 offspring [96/100] k= 25 (used  24.0) c=0.849 alpha=-0.070 beta=+0.216 | loss 3.2627 (delta +0.3773) size 309.7 MB sparsity 15.6%
gen 18 offspring [97/100] k=119 (used  62.0) c=0.900 alpha=-0.164 beta=+0.116 | loss 2.9417 (delta +0.0563) size 371.5 MB sparsity 11.8%
gen 18 offspring [98/100] k= 16 (used  15.0) c=0.910 alpha=-0.051 beta=+0.066 | loss 3.7091 (delta +0.8238) size 246.1 MB sparsity 22.6%
gen 18 offspring [99/100] k= 20 (used  19.0) c=0.967 alpha=-0.154 beta=+0.089 | loss 3.3504 (delta +0.4651) size 306.9 MB sparsity 18.9%
gen 18 offspring [100/100] k= 16 (used  16.0) c=0.933 alpha=-0.290 beta=+0.140 | loss 3.8050 (delta +0.9196) size 245.3 MB sparsity 24.5%
=== generation 18/50 done in 542s (1 reused), batch baseline 2.8854, HV 0.17497, front 100 points, 100/100 feasible, best delta loss +0.0097, smallest 244.5 MB
gen 19 offspring [1/100] k= 21 (used  21.0) c=0.994 alpha=-0.152 beta=+0.037 | loss 3.2844 (delta +0.3991) size 308.1 MB sparsity 17.5%
gen 19 offspring [2/100] k= 16 (used  16.0) c=0.900 alpha=-0.061 beta=+0.254 | loss 3.6812 (delta +0.7959) size 246.2 MB sparsity 23.0%
gen 19 offspring [3/100] k= 16 (used  15.0) c=0.911 alpha=-0.051 beta=+0.066 | loss 3.7162 (delta +0.8309) size 246.1 MB sparsity 22.6%
gen 19 offspring [4/100] k= 16 (used   9.0) c=0.900 alpha=-0.239 beta=+0.159 | loss 6.5708 (delta +3.6854) size 205.9 MB sparsity 22.7%
gen 19 offspring [5/100] k= 16 (used  16.0) c=0.775 alpha=-0.009 beta=+0.090 | loss 3.4485 (delta +0.5631) size 247.5 MB sparsity 19.4%
gen 19 offspring [6/100] k= 25 (used  25.0) c=0.775 alpha=-0.077 beta=+0.113 | loss 3.0672 (delta +0.1819) size 309.8 MB sparsity 11.6%
gen 19 offspring [7/100] k= 16 (used  15.0) c=0.900 alpha=-0.150 beta=+0.079 | loss 3.6746 (delta +0.7892) size 246.2 MB sparsity 22.3%
gen 19 offspring [8/100] k= 32 (used  32.0) c=0.756 alpha=-0.225 beta=+0.064 | loss 3.0468 (delta +0.1615) size 309.8 MB sparsity 14.0%
gen 19 offspring [9/100] k= 28 (used  16.0) c=0.702 alpha=-0.072 beta=+0.001 | loss 3.3632 (delta +0.4778) size 248.0 MB sparsity 9.7%
gen 19 offspring [10/100] k= 23 (used  23.0) c=0.987 alpha=-0.013 beta=+0.038 | loss 3.1875 (delta +0.3022) size 309.0 MB sparsity 15.9%
gen 19 offspring [11/100] k= 79 (used  43.0) c=0.795 alpha=-0.014 beta=+0.148 | loss 2.9787 (delta +0.0933) size 371.5 MB sparsity 8.0%
gen 19 offspring [12/100] k= 46 (used  45.0) c=0.987 alpha=-0.050 beta=+0.024 | loss 2.9519 (delta +0.0666) size 371.5 MB sparsity 8.1%
gen 19 offspring [13/100] k= 17 (used  17.0) c=0.926 alpha=-0.017 beta=+0.023 | loss 3.4656 (delta +0.5802) size 259.8 MB sparsity 20.2%
gen 19 offspring [14/100] k= 21 (used  21.0) c=0.947 alpha=-0.094 beta=+0.011 | loss 3.2283 (delta +0.3429) size 308.6 MB sparsity 16.7%
gen 19 offspring [15/100] k= 64 (used  63.0) c=0.995 alpha=-0.050 beta=+0.001 | loss 2.9283 (delta +0.0430) size 371.5 MB sparsity 5.8%
gen 19 offspring [16/100] k= 36 (used  35.0) c=0.957 alpha=-0.030 beta=+0.094 | loss 2.9961 (delta +0.1107) size 371.5 MB sparsity 10.1%
gen 19 offspring [17/100] k= 28 (used  28.0) c=0.702 alpha=-0.072 beta=+0.120 | loss 3.0873 (delta +0.2019) size 309.8 MB sparsity 10.4%
gen 19 offspring [18/100] k= 17 (used  15.0) c=0.804 alpha=-0.119 beta=+0.112 | loss 3.4106 (delta +0.5252) size 248.0 MB sparsity 17.7%
gen 19 offspring [19/100] k= 95 (used  95.0) c=1.000 alpha=-0.025 beta=+0.008 | loss 2.8991 (delta +0.0137) size 433.3 MB sparsity 3.8%
gen 19 offspring [20/100] k= 16 (used  16.0) c=0.850 alpha=-0.215 beta=+0.256 | loss 3.5070 (delta +0.6216) size 246.7 MB sparsity 22.5%
gen 19 offspring [21/100] k= 24 (used  24.0) c=0.795 alpha=-0.099 beta=+0.115 | loss 3.0871 (delta +0.2018) size 309.8 MB sparsity 12.9%
gen 19 offspring [22/100] k= 31 (used  17.0) c=0.753 alpha=-0.072 beta=+0.113 | loss 3.2397 (delta +0.3544) size 285.9 MB sparsity 9.7%
gen 19 offspring [23/100] k= 64 (used  64.0) c=0.934 alpha=-0.011 beta=+0.059 | loss 2.9219 (delta +0.0365) size 371.5 MB sparsity 5.6%
gen 19 offspring [24/100] k= 29 (used  29.0) c=0.928 alpha=-0.007 beta=+0.022 | loss 3.0229 (delta +0.1375) size 309.8 MB sparsity 11.8%
gen 19 offspring [25/100] k= 22 (used  21.0) c=0.966 alpha=-0.054 beta=+0.157 | loss 3.2558 (delta +0.3704) size 308.4 MB sparsity 17.1%
gen 19 offspring [26/100] k= 41 (used  39.0) c=0.980 alpha=-0.127 beta=+0.139 | loss 3.0876 (delta +0.2023) size 371.5 MB sparsity 11.7%
gen 19 offspring [27/100] k=113 (used 113.0) c=0.997 alpha=-0.011 beta=+0.007 | loss 2.8970 (delta +0.0116) size 433.3 MB sparsity 3.2%
gen 19 offspring [28/100] k= 16 (used  15.0) c=0.985 alpha=-0.025 beta=+0.038 | loss 3.8723 (delta +0.9869) size 244.8 MB sparsity 24.3%
gen 19 offspring [29/100] k= 16 (used  15.0) c=0.996 alpha=-0.011 beta=+0.026 | loss 3.8556 (delta +0.9702) size 244.6 MB sparsity 24.6%
gen 19 offspring [30/100] k= 23 (used  23.0) c=0.997 alpha=-0.147 beta=+0.174 | loss 3.1877 (delta +0.3023) size 308.9 MB sparsity 16.4%
gen 19 offspring [31/100] k= 64 (used  64.0) c=0.848 alpha=-0.022 beta=+0.027 | loss 2.9340 (delta +0.0487) size 371.5 MB sparsity 4.9%
gen 19 offspring [32/100] k= 16 (used  15.0) c=0.910 alpha=-0.051 beta=+0.070 | loss 3.7091 (delta +0.8238) size 246.1 MB sparsity 22.6%
gen 19 offspring [33/100] k= 16 (used  16.0) c=0.761 alpha=-0.115 beta=+0.259 | loss 3.5204 (delta +0.6350) size 247.4 MB sparsity 21.0%
gen 19 offspring [34/100] k= 31 (used  17.0) c=0.988 alpha=-0.029 beta=+0.112 | loss 3.4887 (delta +0.6033) size 280.6 MB sparsity 11.8%
gen 19 offspring [35/100] k= 17 (used  15.0) c=0.806 alpha=-0.156 beta=+0.067 | loss 3.4154 (delta +0.5301) size 247.9 MB sparsity 17.7%
gen 19 offspring [36/100] k= 16 (used  11.0) c=0.958 alpha=-0.075 beta=+0.115 | loss 4.5705 (delta +1.6852) size 245.3 MB sparsity 23.7%
gen 19 offspring [37/100] k= 16 (used  16.0) c=0.891 alpha=-0.017 beta=+0.080 | loss 3.6380 (delta +0.7527) size 246.3 MB sparsity 22.1%
gen 19 offspring [38/100] k=113 (used 111.0) c=0.969 alpha=-0.087 beta=+0.050 | loss 2.9069 (delta +0.0215) size 433.3 MB sparsity 5.9%
gen 19 offspring [39/100] k= 24 (used  24.0) c=0.851 alpha=-0.088 beta=+0.023 | loss 3.1120 (delta +0.2267) size 309.7 MB sparsity 13.8%
gen 19 offspring [40/100] k= 31 (used  17.0) c=0.758 alpha=-0.069 beta=+0.016 | loss 3.2363 (delta +0.3509) size 287.4 MB sparsity 9.1%
gen 19 offspring [41/100] k= 26 (used  25.0) c=0.935 alpha=-0.034 beta=+0.013 | loss 3.0860 (delta +0.2006) size 309.7 MB sparsity 13.8%
gen 19 offspring [42/100] k= 16 (used  15.0) c=0.999 alpha=-0.061 beta=+0.035 | loss 3.8716 (delta +0.9863) size 244.6 MB sparsity 24.6%
gen 19 offspring [43/100] k= 31 (used  31.0) c=0.751 alpha=-0.024 beta=+0.102 | loss 3.0055 (delta +0.1201) size 309.8 MB sparsity 9.3%
gen 19 offspring [44/100] k= 17 (used  11.0) c=0.911 alpha=-0.072 beta=+0.020 | loss 5.7962 (delta +2.9108) size 247.4 MB sparsity 19.9%
gen 19 offspring [45/100] k= 16 (used  15.0) c=0.936 alpha=-0.059 beta=+0.080 | loss 3.7346 (delta +0.8492) size 245.7 MB sparsity 23.2%
gen 19 offspring [46/100] k= 17 (used  15.0) c=0.805 alpha=-0.134 beta=+0.000 | loss 3.4112 (delta +0.5258) size 248.0 MB sparsity 17.7%
gen 19 offspring [47/100] k=125 (used 120.9) c=0.949 alpha=-0.212 beta=+0.257 | loss 3.0691 (delta +0.1838) size 410.8 MB sparsity 19.5%
gen 19 offspring [48/100] k= 30 (used  29.0) c=0.994 alpha=-0.029 beta=+0.018 | loss 3.0774 (delta +0.1921) size 309.8 MB sparsity 12.7%
gen 19 offspring [49/100] k= 16 (used   9.0) c=0.983 alpha=-0.027 beta=+0.021 | loss 7.2522 (delta +4.3669) size 203.1 MB sparsity 24.3%
gen 19 offspring [50/100] k= 23 (used  23.0) c=0.968 alpha=-0.007 beta=+0.105 | loss 3.1640 (delta +0.2786) size 309.2 MB sparsity 15.6%
gen 19 offspring [51/100] k= 16 (used  15.0) c=0.954 alpha=-0.022 beta=+0.254 | loss 3.7978 (delta +0.9124) size 245.3 MB sparsity 24.0%
gen 19 offspring [52/100] k= 31 (used  15.0) c=0.765 alpha=-0.036 beta=+0.004 | loss 3.2716 (delta +0.3863) size 248.0 MB sparsity 9.1%
gen 19 offspring [53/100] k= 73 (used  72.0) c=0.941 alpha=-0.025 beta=+0.059 | loss 2.9220 (delta +0.0367) size 433.3 MB sparsity 5.1%
gen 19 offspring [54/100] k= 16 (used  15.0) c=0.960 alpha=-0.087 beta=+0.118 | loss 3.8351 (delta +0.9497) size 245.3 MB sparsity 23.7%
gen 19 offspring [55/100] k= 65 (used  64.0) c=0.998 alpha=-0.007 beta=+0.238 | loss 2.9971 (delta +0.1117) size 371.5 MB sparsity 12.7%
gen 19 offspring [56/100] k= 22 (used  21.0) c=0.937 alpha=-0.055 beta=+0.156 | loss 3.2073 (delta +0.3220) size 308.7 MB sparsity 16.6%
gen 19 offspring [57/100] k=113 (used 112.0) c=0.919 alpha=-0.017 beta=+0.047 | loss 2.9057 (delta +0.0204) size 433.3 MB sparsity 3.5%
gen 19 offspring [58/100] k= 17 (used  17.0) c=0.975 alpha=-0.065 beta=+0.044 | loss 3.5071 (delta +0.6218) size 257.3 MB sparsity 21.2%
gen 19 offspring [59/100] k= 16 (used  10.0) c=0.948 alpha=-0.212 beta=+0.257 | loss 5.7067 (delta +2.8213) size 245.4 MB sparsity 24.0%
gen 19 offspring [60/100] k= 41 (used  41.0) c=0.998 alpha=-0.092 beta=+0.002 | loss 2.9597 (delta +0.0743) size 371.5 MB sparsity 9.1%
gen 19 offspring [61/100] k= 19 (used  19.0) c=0.839 alpha=-0.012 beta=+0.023 | loss 3.2358 (delta +0.3504) size 308.7 MB sparsity 16.5%
gen 19 offspring [62/100] k= 16 (used  15.0) c=0.993 alpha=-0.021 beta=+0.028 | loss 3.8816 (delta +0.9963) size 244.7 MB sparsity 24.5%
gen 19 offspring [63/100] k= 27 (used  15.0) c=0.964 alpha=-0.177 beta=+0.050 | loss 3.9260 (delta +1.0406) size 248.0 MB sparsity 14.5%
gen 19 offspring [64/100] k= 27 (used  15.0) c=0.758 alpha=-0.021 beta=+0.117 | loss 3.4204 (delta +0.5351) size 248.0 MB sparsity 10.8%
gen 19 offspring [65/100] k= 31 (used  17.0) c=0.744 alpha=-0.008 beta=+0.117 | loss 3.2468 (delta +0.3614) size 285.7 MB sparsity 9.8%
gen 19 offspring [66/100] k= 65 (used  64.0) c=0.949 alpha=-0.092 beta=+0.062 | loss 2.9323 (delta +0.0470) size 371.5 MB sparsity 6.9%
gen 19 offspring [67/100] k= 25 (used  25.0) c=0.937 alpha=-0.065 beta=+0.012 | loss 3.0927 (delta +0.2073) size 309.7 MB sparsity 13.9%
gen 19 offspring [68/100] k= 84 (used  84.0) c=0.927 alpha=-0.001 beta=+0.025 | loss 2.9047 (delta +0.0193) size 433.3 MB sparsity 4.1%
gen 19 offspring [69/100] k= 16 (used  16.0) c=0.811 alpha=-0.194 beta=+0.050 | loss 3.4738 (delta +0.5884) size 247.2 MB sparsity 20.3%
gen 19 offspring [70/100] k= 18 (used  16.0) c=1.000 alpha=-0.007 beta=+0.111 | loss 3.5650 (delta +0.6796) size 246.6 MB sparsity 21.7%
gen 19 offspring [71/100] k= 73 (used  73.0) c=0.995 alpha=-0.023 beta=+0.040 | loss 2.9117 (delta +0.0263) size 433.3 MB sparsity 5.0%
gen 19 offspring [72/100] k= 17 (used  17.0) c=0.960 alpha=-0.025 beta=+0.142 | loss 3.5342 (delta +0.6489) size 258.1 MB sparsity 20.9%
gen 19 offspring [73/100] k= 23 (used  23.0) c=0.950 alpha=-0.070 beta=+0.095 | loss 3.1349 (delta +0.2495) size 309.3 MB sparsity 15.3%
gen 19 offspring [74/100] k= 16 (used  15.0) c=0.917 alpha=-0.049 beta=+0.009 | loss 3.7336 (delta +0.8482) size 246.0 MB sparsity 22.7%
gen 19 offspring [75/100] k= 16 (used  15.0) c=0.948 alpha=-0.212 beta=+0.253 | loss 3.7898 (delta +0.9045) size 245.4 MB sparsity 23.9%
gen 19 offspring [76/100] k= 31 (used  17.0) c=0.936 alpha=-0.066 beta=+0.065 | loss 3.4177 (delta +0.5324) size 282.3 MB sparsity 11.1%
gen 19 offspring [77/100] k= 31 (used  31.0) c=0.761 alpha=-0.029 beta=+0.100 | loss 3.0098 (delta +0.1244) size 309.8 MB sparsity 9.4%
gen 19 offspring [78/100] k= 66 (used  66.0) c=0.934 alpha=-0.014 beta=+0.060 | loss 2.9143 (delta +0.0290) size 433.3 MB sparsity 5.5%
gen 19 offspring [79/100] k= 25 (used  25.0) c=0.982 alpha=-0.132 beta=+0.093 | loss 3.1190 (delta +0.2336) size 309.6 MB sparsity 14.5%
gen 19 offspring [80/100] k= 47 (used  47.0) c=0.756 alpha=-0.029 beta=+0.064 | loss 2.9876 (delta +0.1023) size 371.5 MB sparsity 6.1%
gen 19 offspring [81/100] k= 30 (used  29.0) c=1.000 alpha=-0.017 beta=+0.001 | loss 3.0825 (delta +0.1971) size 309.8 MB sparsity 12.7%
gen 19 offspring [82/100] k= 46 (used  45.0) c=0.987 alpha=-0.050 beta=+0.052 | loss 2.9511 (delta +0.0658) size 371.5 MB sparsity 8.1%
gen 19 offspring [83/100] k= 16 (used  13.0) c=0.969 alpha=-0.024 beta=+0.166 | loss 4.1382 (delta +1.2528) size 245.1 MB sparsity 23.9%
gen 19 offspring [84/100] k= 28 (used  16.0) c=0.840 alpha=-0.011 beta=+0.003 | loss 3.4589 (delta +0.5735) size 248.0 MB sparsity 11.5%
gen 19 offspring [85/100] k= 44 (used  23.0) c=0.765 alpha=-0.036 beta=+0.013 | loss 3.0833 (delta +0.1979) size 309.8 MB sparsity 6.6%
gen 19 offspring [86/100] k= 29 (used  17.0) c=0.983 alpha=-0.196 beta=+0.164 | loss 3.8035 (delta +0.9181) size 270.4 MB sparsity 15.9%
gen 19 offspring [87/100] k= 16 (used  10.0) c=0.851 alpha=-0.013 beta=+0.214 | loss 5.3835 (delta +2.4982) size 246.8 MB sparsity 21.4%
gen 19 offspring [88/100] k= 18 (used  16.0) c=0.805 alpha=-0.118 beta=+0.001 | loss 3.4134 (delta +0.5280) size 248.0 MB sparsity 17.7%
gen 19 offspring [89/100] k= 25 (used  22.0) c=0.983 alpha=-0.203 beta=+0.105 | loss 3.3759 (delta +0.4906) size 309.4 MB sparsity 16.3%
gen 19 offspring [90/100] k= 29 (used  17.0) c=0.790 alpha=-0.077 beta=+0.114 | loss 3.3250 (delta +0.4396) size 283.9 MB sparsity 10.5%
gen 19 offspring [91/100] k= 31 (used  17.0) c=0.803 alpha=-0.022 beta=+0.028 | loss 3.2507 (delta +0.3653) size 286.1 MB sparsity 9.6%
gen 19 offspring [92/100] k= 72 (used  72.0) c=0.939 alpha=-0.024 beta=+0.038 | loss 2.9128 (delta +0.0275) size 433.3 MB sparsity 4.8%
gen 19 offspring [93/100] k= 24 (used   9.0) c=0.901 alpha=-0.250 beta=+0.094 | loss 7.3939 (delta +4.5085) size 214.8 MB sparsity 17.9%
gen 19 offspring [94/100] k= 71 (used  70.0) c=0.915 alpha=-0.226 beta=+0.009 | loss 2.9665 (delta +0.0812) size 433.3 MB sparsity 11.8%
gen 19 offspring [95/100] k= 30 (used  13.0) c=0.764 alpha=-0.091 beta=+0.000 | loss 4.4449 (delta +1.5595) size 248.0 MB sparsity 9.8%
gen 19 offspring [96/100] k= 40 (used  39.0) c=0.997 alpha=-0.093 beta=+0.081 | loss 2.9717 (delta +0.0864) size 371.5 MB sparsity 9.5%
gen 19 offspring [97/100] k= 31 (used  31.0) c=0.970 alpha=-0.069 beta=+0.117 | loss 3.0240 (delta +0.1386) size 309.8 MB sparsity 11.7%
gen 19 offspring [98/100] k= 17 (used  17.0) c=0.754 alpha=-0.122 beta=+0.101 | loss 3.3029 (delta +0.4175) size 268.7 MB sparsity 16.6%
gen 19 offspring [99/100] k= 17 (used  17.0) c=0.989 alpha=-0.013 beta=+0.059 | loss 3.5323 (delta +0.6470) size 256.6 MB sparsity 21.5%
gen 19 offspring [100/100] k=125 (used 123.0) c=0.951 alpha=-0.066 beta=+0.114 | loss 2.9107 (delta +0.0254) size 433.3 MB sparsity 7.6%
=== generation 19/50 done in 547s (0 reused), batch baseline 2.8854, HV 0.17497, front 100 points, 100/100 feasible, best delta loss +0.0097, smallest 244.5 MB
gen 20 offspring [1/100] k= 21 (used  21.0) c=0.998 alpha=-0.013 beta=+0.112 | loss 3.2903 (delta +0.4049) size 308.0 MB sparsity 17.6%
gen 20 offspring [2/100] k= 16 (used  15.0) c=0.914 alpha=-0.051 beta=+0.024 | loss 3.7267 (delta +0.8414) size 246.0 MB sparsity 22.7%
gen 20 offspring [3/100] k= 66 (used  64.0) c=0.994 alpha=-0.014 beta=+0.257 | loss 3.0060 (delta +0.1207) size 371.5 MB sparsity 13.5%
gen 20 offspring [4/100] k= 30 (used  30.0) c=0.752 alpha=-0.069 beta=+0.117 | loss 3.0170 (delta +0.1316) size 309.8 MB sparsity 10.2%
gen 20 offspring [5/100] k= 16 (used  16.0) c=0.850 alpha=-0.030 beta=+0.216 | loss 3.4802 (delta +0.5948) size 246.8 MB sparsity 21.4%
gen 20 offspring [6/100] k=113 (used 111.0) c=1.000 alpha=-0.017 beta=+0.002 | loss 2.8954 (delta +0.0101) size 433.3 MB sparsity 3.2%
gen 20 offspring [7/100] k= 16 (used  15.0) c=0.997 alpha=-0.146 beta=+0.262 | loss 3.8556 (delta +0.9702) size 244.5 MB sparsity 25.0%
gen 20 offspring [8/100] k= 16 (used  16.0) c=0.900 alpha=-0.061 beta=+0.015 | loss 3.6697 (delta +0.7844) size 246.2 MB sparsity 22.3%
gen 20 offspring [9/100] k= 16 (used  15.0) c=0.997 alpha=-0.007 beta=+0.107 | loss 3.8612 (delta +0.9759) size 244.6 MB sparsity 24.6%
gen 20 offspring [10/100] k= 21 (used  13.0) c=0.796 alpha=-0.055 beta=+0.003 | loss 4.1267 (delta +1.2413) size 248.0 MB sparsity 14.1%
gen 20 offspring [11/100] k= 59 (used  33.0) c=0.952 alpha=-0.086 beta=+0.050 | loss 3.0290 (delta +0.1436) size 350.5 MB sparsity 6.8%
gen 20 offspring [12/100] k= 41 (used  23.0) c=0.992 alpha=-0.092 beta=+0.001 | loss 3.1819 (delta +0.2965) size 309.8 MB sparsity 9.1%
gen 20 offspring [13/100] k= 16 (used  16.0) c=0.805 alpha=-0.026 beta=+0.031 | loss 3.5087 (delta +0.6233) size 247.3 MB sparsity 20.1%
gen 20 offspring [14/100] k= 17 (used  15.0) c=0.803 alpha=-0.017 beta=+0.067 | loss 3.3965 (delta +0.5112) size 248.0 MB sparsity 17.7%
gen 20 offspring [15/100] k= 22 (used  21.0) c=0.971 alpha=-0.096 beta=+0.010 | loss 3.2761 (delta +0.3908) size 308.3 MB sparsity 17.1%
gen 20 offspring [16/100] k= 31 (used  11.0) c=0.770 alpha=-0.036 beta=+0.004 | loss 5.5922 (delta +2.7069) size 248.0 MB sparsity 9.2%
gen 20 offspring [17/100] k= 65 (used  64.0) c=0.997 alpha=-0.089 beta=+0.059 | loss 2.9431 (delta +0.0578) size 371.5 MB sparsity 6.8%
gen 20 offspring [18/100] k= 23 (used  18.0) c=0.995 alpha=-0.151 beta=+0.028 | loss 3.2453 (delta +0.3600) size 309.0 MB sparsity 16.1%
gen 20 offspring [19/100] k= 16 (used  15.0) c=0.943 alpha=-0.212 beta=+0.256 | loss 3.8054 (delta +0.9200) size 245.5 MB sparsity 23.9%
gen 20 offspring [20/100] k= 16 (used   9.0) c=0.986 alpha=-0.077 beta=+0.114 | loss 7.3390 (delta +4.4537) size 203.0 MB sparsity 24.3%
gen 20 offspring [21/100] k= 27 (used  27.0) c=0.997 alpha=-0.067 beta=+0.115 | loss 3.0904 (delta +0.2050) size 309.7 MB sparsity 13.6%
gen 20 offspring [22/100] k= 16 (used  16.0) c=0.775 alpha=-0.009 beta=+0.088 | loss 3.4485 (delta +0.5631) size 247.5 MB sparsity 19.4%
gen 20 offspring [23/100] k= 31 (used  17.0) c=0.896 alpha=-0.036 beta=+0.001 | loss 3.4170 (delta +0.5316) size 283.4 MB sparsity 10.7%
gen 20 offspring [24/100] k= 30 (used  30.0) c=0.852 alpha=-0.084 beta=+0.024 | loss 3.0228 (delta +0.1375) size 309.8 MB sparsity 10.9%
gen 20 offspring [25/100] k= 22 (used  21.0) c=0.941 alpha=-0.055 beta=+0.193 | loss 3.2168 (delta +0.3314) size 308.6 MB sparsity 17.3%
gen 20 offspring [26/100] k= 28 (used  15.0) c=0.795 alpha=-0.067 beta=+0.114 | loss 3.3929 (delta +0.5076) size 248.0 MB sparsity 11.1%
gen 20 offspring [27/100] k= 28 (used  16.0) c=0.702 alpha=-0.146 beta=+0.109 | loss 3.4103 (delta +0.5250) size 248.0 MB sparsity 11.6%
gen 20 offspring [28/100] k= 22 (used  20.0) c=0.918 alpha=-0.035 beta=+0.219 | loss 3.7031 (delta +0.8178) size 308.5 MB sparsity 17.9%
gen 20 offspring [29/100] k= 28 (used  16.0) c=0.750 alpha=-0.076 beta=+0.098 | loss 3.3711 (delta +0.4858) size 248.0 MB sparsity 10.4%
gen 20 offspring [30/100] k= 24 (used  23.0) c=0.934 alpha=-0.049 beta=+0.022 | loss 3.1267 (delta +0.2413) size 309.4 MB sparsity 15.0%
gen 20 offspring [31/100] k= 16 (used  16.0) c=0.772 alpha=-0.027 beta=+0.022 | loss 3.4565 (delta +0.5712) size 247.5 MB sparsity 19.3%
gen 20 offspring [32/100] k= 16 (used  16.0) c=0.761 alpha=-0.030 beta=+0.064 | loss 3.4563 (delta +0.5709) size 247.6 MB sparsity 19.1%
gen 20 offspring [33/100] k= 30 (used  29.0) c=0.965 alpha=-0.011 beta=+0.114 | loss 3.0550 (delta +0.1696) size 309.8 MB sparsity 12.3%
gen 20 offspring [34/100] k= 17 (used  15.0) c=0.898 alpha=-0.006 beta=+0.050 | loss 3.5222 (delta +0.6369) size 247.4 MB sparsity 19.7%
gen 20 offspring [35/100] k= 16 (used  15.0) c=0.999 alpha=-0.007 beta=+0.104 | loss 3.8821 (delta +0.9968) size 244.5 MB sparsity 24.7%
gen 20 offspring [36/100] k= 29 (used  17.0) c=0.928 alpha=-0.007 beta=+0.022 | loss 3.4780 (delta +0.5927) size 280.6 MB sparsity 11.8%
gen 20 offspring [37/100] k= 25 (used  25.0) c=0.984 alpha=-0.065 beta=+0.012 | loss 3.1192 (delta +0.2338) size 309.5 MB sparsity 14.6%
gen 20 offspring [38/100] k= 65 (used  64.0) c=0.934 alpha=-0.017 beta=+0.113 | loss 2.9324 (delta +0.0470) size 371.5 MB sparsity 7.5%
gen 20 offspring [39/100] k= 16 (used  15.0) c=0.933 alpha=-0.014 beta=+0.060 | loss 3.7280 (delta +0.8427) size 245.7 MB sparsity 23.1%
gen 20 offspring [40/100] k=113 (used 111.0) c=1.000 alpha=-0.017 beta=+0.001 | loss 2.8952 (delta +0.0099) size 433.3 MB sparsity 3.2%
gen 20 offspring [41/100] k= 21 (used  21.0) c=0.911 alpha=-0.061 beta=+0.040 | loss 3.1928 (delta +0.3074) size 308.9 MB sparsity 16.1%
gen 20 offspring [42/100] k= 16 (used  11.0) c=0.950 alpha=-0.287 beta=+0.257 | loss 6.3896 (delta +3.5043) size 245.0 MB sparsity 25.2%
gen 20 offspring [43/100] k=108 (used 103.0) c=1.000 alpha=-0.011 beta=+0.001 | loss 2.8978 (delta +0.0125) size 433.3 MB sparsity 3.4%
gen 20 offspring [44/100] k= 16 (used  16.0) c=0.851 alpha=-0.008 beta=+0.046 | loss 3.4993 (delta +0.6139) size 246.8 MB sparsity 21.2%
gen 20 offspring [45/100] k= 18 (used  17.0) c=0.947 alpha=-0.007 beta=+0.039 | loss 3.4835 (delta +0.5981) size 258.7 MB sparsity 20.7%
gen 20 offspring [46/100] k= 18 (used  17.0) c=0.935 alpha=-0.198 beta=+0.060 | loss 3.4744 (delta +0.5891) size 259.1 MB sparsity 20.5%
gen 20 offspring [47/100] k= 23 (used  13.0) c=0.974 alpha=-0.087 beta=+0.166 | loss 4.2930 (delta +1.4076) size 248.0 MB sparsity 16.0%
gen 20 offspring [48/100] k= 31 (used  17.0) c=0.756 alpha=-0.012 beta=+0.100 | loss 3.2346 (delta +0.3493) size 286.7 MB sparsity 9.3%
gen 20 offspring [49/100] k= 17 (used  16.0) c=0.999 alpha=-0.017 beta=+0.242 | loss 3.5940 (delta +0.7086) size 246.5 MB sparsity 22.3%
gen 20 offspring [50/100] k= 23 (used  22.0) c=0.850 alpha=-0.214 beta=+0.090 | loss 3.3287 (delta +0.4434) size 309.5 MB sparsity 16.2%
gen 20 offspring [51/100] k= 64 (used  62.9) c=0.915 alpha=-0.050 beta=+0.281 | loss 3.0314 (delta +0.1460) size 371.5 MB sparsity 14.3%
gen 20 offspring [52/100] k= 31 (used  17.0) c=0.753 alpha=-0.024 beta=+0.100 | loss 3.2318 (delta +0.3464) size 286.8 MB sparsity 9.3%
gen 20 offspring [53/100] k= 22 (used  21.0) c=0.947 alpha=-0.097 beta=+0.157 | loss 3.2303 (delta +0.3449) size 308.6 MB sparsity 16.8%
gen 20 offspring [54/100] k= 16 (used  15.0) c=0.797 alpha=-0.217 beta=+0.257 | loss 4.3373 (delta +1.4519) size 247.2 MB sparsity 21.9%
gen 20 offspring [55/100] k= 28 (used  28.0) c=0.708 alpha=-0.072 beta=+0.004 | loss 3.0976 (delta +0.2122) size 309.8 MB sparsity 9.8%
gen 20 offspring [56/100] k= 17 (used  17.0) c=0.775 alpha=-0.119 beta=+0.028 | loss 3.3270 (delta +0.4416) size 267.6 MB sparsity 17.1%
gen 20 offspring [57/100] k= 16 (used  16.0) c=0.894 alpha=-0.157 beta=+0.080 | loss 3.6673 (delta +0.7819) size 246.3 MB sparsity 22.2%
gen 20 offspring [58/100] k= 16 (used  16.0) c=0.901 alpha=-0.006 beta=+0.080 | loss 3.6693 (delta +0.7839) size 246.2 MB sparsity 22.4%
gen 20 offspring [59/100] k= 23 (used  23.0) c=0.946 alpha=-0.077 beta=+0.035 | loss 3.1497 (delta +0.2644) size 309.3 MB sparsity 15.2%
gen 20 offspring [60/100] k= 40 (used  40.0) c=0.934 alpha=-0.016 beta=+0.081 | loss 2.9640 (delta +0.0786) size 371.5 MB sparsity 8.8%
gen 20 offspring [61/100] k= 33 (used  32.0) c=0.954 alpha=-0.029 beta=+0.174 | loss 3.1113 (delta +0.2260) size 309.8 MB sparsity 12.9%
gen 20 offspring [62/100] k= 16 (used  15.0) c=0.954 alpha=-0.264 beta=+0.221 | loss 3.8440 (delta +0.9586) size 245.3 MB sparsity 24.3%
gen 20 offspring [63/100] k= 16 (used  15.0) c=0.957 alpha=-0.078 beta=+0.094 | loss 3.8182 (delta +0.9329) size 245.3 MB sparsity 23.7%
gen 20 offspring [64/100] k= 16 (used  16.0) c=0.917 alpha=-0.066 beta=+0.254 | loss 3.7275 (delta +0.8421) size 245.9 MB sparsity 23.3%
gen 20 offspring [65/100] k=113 (used  59.0) c=0.763 alpha=-0.011 beta=+0.010 | loss 2.9439 (delta +0.0586) size 371.5 MB sparsity 2.5%
gen 20 offspring [66/100] k= 16 (used  15.0) c=0.910 alpha=-0.051 beta=+0.042 | loss 3.7091 (delta +0.8238) size 246.1 MB sparsity 22.6%
gen 20 offspring [67/100] k=119 (used  59.9) c=0.768 alpha=-0.239 beta=+0.115 | loss 3.0228 (delta +0.1374) size 371.5 MB sparsity 14.8%
gen 20 offspring [68/100] k= 16 (used  15.0) c=0.946 alpha=-0.124 beta=+0.050 | loss 3.7958 (delta +0.9105) size 245.5 MB sparsity 23.4%
gen 20 offspring [69/100] k= 29 (used  15.0) c=0.771 alpha=-0.036 beta=+0.004 | loss 3.3110 (delta +0.4257) size 248.0 MB sparsity 9.9%
gen 20 offspring [70/100] k= 16 (used  15.0) c=0.940 alpha=-0.073 beta=+0.004 | loss 3.7432 (delta +0.8578) size 245.6 MB sparsity 23.3%
gen 20 offspring [71/100] k= 16 (used  15.0) c=0.940 alpha=-0.066 beta=+0.166 | loss 3.7453 (delta +0.8600) size 245.6 MB sparsity 23.3%
gen 20 offspring [72/100] k= 25 (used  15.0) c=0.983 alpha=-0.097 beta=+0.114 | loss 4.2158 (delta +1.3305) size 248.0 MB sparsity 14.5%
gen 20 offspring [73/100] k= 16 (used  16.0) c=0.830 alpha=-0.005 beta=+0.216 | loss 3.5168 (delta +0.6315) size 247.0 MB sparsity 21.0%
gen 20 offspring [74/100] k= 60 (used  33.0) c=0.798 alpha=-0.086 beta=+0.048 | loss 2.9987 (delta +0.1134) size 352.1 MB sparsity 6.3%
gen 20 offspring [75/100] k= 32 (used  32.0) c=0.885 alpha=-0.016 beta=+0.080 | loss 3.0121 (delta +0.1268) size 309.8 MB sparsity 10.6%
gen 20 offspring [76/100] k= 45 (used  45.0) c=0.983 alpha=-0.077 beta=+0.024 | loss 2.9534 (delta +0.0681) size 371.5 MB sparsity 8.1%
gen 20 offspring [77/100] k= 29 (used  29.0) c=0.971 alpha=-0.088 beta=+0.080 | loss 3.0537 (delta +0.1683) size 309.8 MB sparsity 12.4%
gen 20 offspring [78/100] k= 34 (used  19.0) c=0.767 alpha=-0.096 beta=+0.070 | loss 3.2164 (delta +0.3310) size 309.8 MB sparsity 8.9%
gen 20 offspring [79/100] k= 31 (used  31.0) c=0.753 alpha=-0.024 beta=+0.100 | loss 3.0039 (delta +0.1186) size 309.8 MB sparsity 9.3%
gen 20 offspring [80/100] k= 58 (used  58.0) c=0.939 alpha=-0.027 beta=+0.054 | loss 2.9445 (delta +0.0592) size 371.5 MB sparsity 6.1%
gen 20 offspring [81/100] k=119 (used  61.6) c=0.900 alpha=-0.236 beta=+0.061 | loss 2.9773 (delta +0.0919) size 371.5 MB sparsity 12.4%
gen 20 offspring [82/100] k= 79 (used  75.9) c=0.851 alpha=-0.215 beta=+0.256 | loss 3.0830 (delta +0.1977) size 410.4 MB sparsity 19.6%
gen 20 offspring [83/100] k= 31 (used  17.0) c=0.758 alpha=-0.029 beta=+0.117 | loss 3.2405 (delta +0.3552) size 285.4 MB sparsity 9.9%
gen 20 offspring [84/100] k= 16 (used  15.0) c=0.900 alpha=-0.064 beta=+0.254 | loss 3.6831 (delta +0.7977) size 246.2 MB sparsity 23.0%
gen 20 offspring [85/100] k= 16 (used  15.0) c=0.999 alpha=-0.215 beta=+0.050 | loss 3.8704 (delta +0.9851) size 244.6 MB sparsity 24.6%
gen 20 offspring [86/100] k= 17 (used  17.0) c=0.775 alpha=-0.044 beta=+0.090 | loss 3.3270 (delta +0.4416) size 267.6 MB sparsity 17.1%
gen 20 offspring [87/100] k= 16 (used  15.0) c=0.949 alpha=-0.276 beta=+0.257 | loss 3.8584 (delta +0.9730) size 245.2 MB sparsity 24.9%
gen 20 offspring [88/100] k= 28 (used  24.0) c=0.975 alpha=-0.069 beta=+0.024 | loss 3.0947 (delta +0.2093) size 309.8 MB sparsity 13.4%
gen 20 offspring [89/100] k= 31 (used  15.0) c=0.765 alpha=-0.025 beta=+0.001 | loss 3.2716 (delta +0.3863) size 248.0 MB sparsity 9.1%
gen 20 offspring [90/100] k= 47 (used  46.0) c=0.998 alpha=-0.048 beta=+0.107 | loss 2.9989 (delta +0.1136) size 371.5 MB sparsity 8.7%
gen 20 offspring [91/100] k= 55 (used  54.0) c=0.999 alpha=-0.067 beta=+0.044 | loss 2.9319 (delta +0.0465) size 371.5 MB sparsity 6.8%
gen 20 offspring [92/100] k= 28 (used  20.0) c=0.969 alpha=-0.087 beta=+0.050 | loss 3.2046 (delta +0.3193) size 309.8 MB sparsity 13.3%
gen 20 offspring [93/100] k= 16 (used  15.0) c=0.999 alpha=-0.022 beta=+0.229 | loss 3.8765 (delta +0.9911) size 244.5 MB sparsity 24.7%
gen 20 offspring [94/100] k= 18 (used   9.0) c=0.793 alpha=-0.066 beta=+0.127 | loss 6.9946 (delta +4.1092) size 215.7 MB sparsity 17.5%
gen 20 offspring [95/100] k= 16 (used  15.0) c=0.959 alpha=-0.213 beta=+0.095 | loss 3.8298 (delta +0.9444) size 245.3 MB sparsity 23.7%
gen 20 offspring [96/100] k= 46 (used  45.0) c=0.987 alpha=-0.095 beta=+0.022 | loss 2.9523 (delta +0.0669) size 371.5 MB sparsity 8.5%
gen 20 offspring [97/100] k= 31 (used  17.0) c=0.761 alpha=-0.036 beta=+0.001 | loss 3.2387 (delta +0.3533) size 287.3 MB sparsity 9.1%
gen 20 offspring [98/100] k= 41 (used  41.0) c=0.998 alpha=-0.087 beta=+0.011 | loss 2.9593 (delta +0.0739) size 371.5 MB sparsity 9.0%
gen 20 offspring [99/100] k= 27 (used  15.0) c=0.763 alpha=-0.037 beta=+0.000 | loss 3.3971 (delta +0.5117) size 248.0 MB sparsity 10.5%
gen 20 offspring [100/100] k= 16 (used  16.0) c=0.764 alpha=-0.002 beta=+0.252 | loss 3.5252 (delta +0.6399) size 247.5 MB sparsity 20.8%
=== generation 20/50 done in 547s (0 reused), batch baseline 2.8854, HV 0.17497, front 100 points, 100/100 feasible, best delta loss +0.0097, smallest 244.5 MB
gen 21 offspring [1/100] k= 22 (used  13.0) c=0.941 alpha=-0.055 beta=+0.189 | loss 4.5034 (delta +1.6180) size 248.0 MB sparsity 17.2%
gen 21 offspring [2/100] k= 48 (used  26.0) c=0.915 alpha=-0.050 beta=+0.098 | loss 3.1339 (delta +0.2486) size 309.8 MB sparsity 8.0%
gen 21 offspring [3/100] k= 17 (used  17.0) c=0.912 alpha=-0.017 beta=+0.242 | loss 3.4702 (delta +0.5848) size 257.9 MB sparsity 21.0%
gen 21 offspring [4/100] k=113 (used 111.0) c=1.000 alpha=-0.011 beta=+0.007 | loss 2.8951 (delta +0.0097) size 433.3 MB sparsity 3.2%
gen 21 offspring [5/100] k= 16 (used  15.0) c=0.981 alpha=-0.224 beta=+0.257 | loss 3.8805 (delta +0.9952) size 244.8 MB sparsity 24.6%
gen 21 offspring [6/100] k= 16 (used  16.0) c=0.848 alpha=-0.215 beta=+0.256 | loss 3.5030 (delta +0.6177) size 246.7 MB sparsity 22.4%
gen 21 offspring [7/100] k= 18 (used  16.0) c=1.000 alpha=-0.146 beta=+0.055 | loss 3.5650 (delta +0.6796) size 246.6 MB sparsity 21.7%
gen 21 offspring [8/100] k= 32 (used  32.0) c=0.761 alpha=-0.025 beta=+0.001 | loss 3.0009 (delta +0.1155) size 309.8 MB sparsity 9.1%
gen 21 offspring [9/100] k= 31 (used  26.0) c=0.775 alpha=-0.008 beta=+0.092 | loss 3.0690 (delta +0.1837) size 309.8 MB sparsity 9.4%
gen 21 offspring [10/100] k= 21 (used  21.0) c=0.934 alpha=-0.092 beta=+0.057 | loss 3.2118 (delta +0.3265) size 308.7 MB sparsity 16.5%
gen 21 offspring [11/100] k= 78 (used  75.0) c=0.999 alpha=-0.017 beta=+0.004 | loss 2.9104 (delta +0.0251) size 433.3 MB sparsity 4.7%
gen 21 offspring [12/100] k= 26 (used  26.0) c=0.790 alpha=-0.025 beta=+0.028 | loss 3.0518 (delta +0.1665) size 309.8 MB sparsity 11.8%
gen 21 offspring [13/100] k= 16 (used  16.0) c=0.884 alpha=-0.017 beta=+0.080 | loss 3.6042 (delta +0.7189) size 246.4 MB sparsity 22.0%
gen 21 offspring [14/100] k= 16 (used   9.0) c=0.914 alpha=-0.082 beta=+0.038 | loss 6.7670 (delta +3.8816) size 206.0 MB sparsity 22.7%
gen 21 offspring [15/100] k= 24 (used  23.0) c=0.934 alpha=-0.060 beta=+0.022 | loss 3.1266 (delta +0.2412) size 309.4 MB sparsity 15.1%
gen 21 offspring [16/100] k= 23 (used  13.0) c=0.897 alpha=-0.007 beta=+0.115 | loss 4.2056 (delta +1.3202) size 248.0 MB sparsity 14.5%
gen 21 offspring [17/100] k= 16 (used  15.0) c=0.970 alpha=-0.264 beta=+0.221 | loss 3.9395 (delta +1.0541) size 245.0 MB sparsity 24.6%
gen 21 offspring [18/100] k=108 (used 103.0) c=1.000 alpha=-0.011 beta=+0.003 | loss 2.8978 (delta +0.0125) size 433.3 MB sparsity 3.4%
gen 21 offspring [19/100] k= 28 (used  16.0) c=0.750 alpha=-0.068 beta=+0.043 | loss 3.3719 (delta +0.4866) size 248.0 MB sparsity 10.3%
gen 21 offspring [20/100] k= 16 (used  15.0) c=0.952 alpha=-0.053 beta=+0.181 | loss 3.8252 (delta +0.9398) size 245.4 MB sparsity 23.6%
gen 21 offspring [21/100] k= 23 (used  23.0) c=0.965 alpha=-0.156 beta=+0.054 | loss 3.1606 (delta +0.2753) size 309.2 MB sparsity 15.7%
gen 21 offspring [22/100] k= 42 (used  41.0) c=0.974 alpha=-0.093 beta=+0.081 | loss 2.9597 (delta +0.0744) size 371.5 MB sparsity 9.0%
gen 21 offspring [23/100] k= 65 (used  65.0) c=0.934 alpha=-0.040 beta=+0.054 | loss 2.9142 (delta +0.0289) size 413.4 MB sparsity 5.4%
gen 21 offspring [24/100] k= 16 (used  16.0) c=0.779 alpha=-0.027 beta=+0.344 | loss 3.6471 (delta +0.7617) size 246.3 MB sparsity 24.2%
gen 21 offspring [25/100] k= 16 (used  16.0) c=0.850 alpha=-0.017 beta=+0.002 | loss 3.4838 (delta +0.5985) size 246.8 MB sparsity 21.2%
gen 21 offspring [26/100] k= 16 (used  15.0) c=0.954 alpha=-0.301 beta=+0.221 | loss 3.9124 (delta +1.0270) size 244.8 MB sparsity 25.2%
gen 21 offspring [27/100] k= 32 (used  32.0) c=0.756 alpha=-0.042 beta=+0.064 | loss 2.9968 (delta +0.1115) size 309.8 MB sparsity 9.1%
gen 21 offspring [28/100] k= 16 (used  16.0) c=0.769 alpha=-0.152 beta=+0.262 | loss 3.5311 (delta +0.6457) size 247.4 MB sparsity 21.2%
gen 21 offspring [29/100] k= 16 (used  16.0) c=0.740 alpha=-0.024 beta=+0.088 | loss 3.4625 (delta +0.5771) size 247.8 MB sparsity 18.6%
gen 21 offspring [30/100] k= 29 (used  29.0) c=0.998 alpha=-0.159 beta=+0.094 | loss 3.0902 (delta +0.2048) size 309.8 MB sparsity 13.6%
gen 21 offspring [31/100] k= 29 (used  29.0) c=0.771 alpha=-0.036 beta=+0.002 | loss 3.0358 (delta +0.1505) size 309.8 MB sparsity 9.9%
gen 21 offspring [32/100] k= 29 (used  23.0) c=0.952 alpha=-0.069 beta=+0.114 | loss 3.0860 (delta +0.2007) size 309.8 MB sparsity 12.2%
gen 21 offspring [33/100] k= 31 (used  31.0) c=0.959 alpha=-0.077 beta=+0.115 | loss 3.0146 (delta +0.1292) size 309.8 MB sparsity 11.6%
gen 21 offspring [34/100] k= 66 (used  65.0) c=0.998 alpha=-0.012 beta=+0.061 | loss 2.9236 (delta +0.0382) size 411.9 MB sparsity 5.8%
gen 21 offspring [35/100] k= 37 (used  21.0) c=0.969 alpha=-0.080 beta=+0.050 | loss 3.2601 (delta +0.3748) size 309.8 MB sparsity 9.6%
gen 21 offspring [36/100] k= 25 (used  25.0) c=0.935 alpha=-0.034 beta=+0.013 | loss 3.0860 (delta +0.2006) size 309.7 MB sparsity 13.8%
gen 21 offspring [37/100] k= 23 (used  23.0) c=0.760 alpha=-0.027 beta=+0.056 | loss 3.1116 (delta +0.2263) size 309.8 MB sparsity 12.3%
gen 21 offspring [38/100] k= 33 (used  17.0) c=0.765 alpha=-0.036 beta=+0.004 | loss 3.2204 (delta +0.3350) size 288.6 MB sparsity 8.6%
gen 21 offspring [39/100] k= 16 (used  15.0) c=0.951 alpha=-0.212 beta=+0.044 | loss 3.8266 (delta +0.9413) size 245.4 MB sparsity 23.6%
gen 21 offspring [40/100] k= 17 (used  11.0) c=0.753 alpha=-0.163 beta=+0.029 | loss 4.6680 (delta +1.7826) size 248.0 MB sparsity 16.7%
gen 21 offspring [41/100] k= 17 (used  17.0) c=0.889 alpha=-0.069 beta=+0.080 | loss 3.3833 (delta +0.4979) size 261.7 MB sparsity 19.5%
gen 21 offspring [42/100] k= 17 (used  16.0) c=0.999 alpha=-0.017 beta=+0.232 | loss 3.5749 (delta +0.6896) size 246.5 MB sparsity 22.1%
gen 21 offspring [43/100] k= 16 (used  15.0) c=0.960 alpha=-0.212 beta=+0.105 | loss 3.8336 (delta +0.9483) size 245.2 MB sparsity 23.8%
gen 21 offspring [44/100] k= 29 (used  29.0) c=0.967 alpha=-0.025 beta=+0.112 | loss 3.0499 (delta +0.1645) size 309.8 MB sparsity 12.3%
gen 21 offspring [45/100] k= 16 (used  16.0) c=0.900 alpha=-0.060 beta=+0.080 | loss 3.6697 (delta +0.7844) size 246.2 MB sparsity 22.3%
gen 21 offspring [46/100] k= 16 (used  15.0) c=0.940 alpha=-0.066 beta=+0.267 | loss 3.7493 (delta +0.8639) size 245.5 MB sparsity 24.0%
gen 21 offspring [47/100] k=145 (used  80.8) c=0.900 alpha=-0.239 beta=+0.115 | loss 2.9780 (delta +0.0927) size 431.2 MB sparsity 14.8%
gen 21 offspring [48/100] k= 31 (used  17.0) c=0.758 alpha=-0.069 beta=+0.121 | loss 3.2392 (delta +0.3538) size 285.1 MB sparsity 10.0%
gen 21 offspring [49/100] k= 28 (used  28.0) c=0.753 alpha=-0.024 beta=+0.010 | loss 3.0309 (delta +0.1455) size 309.8 MB sparsity 10.4%
gen 21 offspring [50/100] k= 18 (used  15.0) c=0.996 alpha=-0.050 beta=+0.060 | loss 3.6642 (delta +0.7788) size 246.6 MB sparsity 21.7%
gen 21 offspring [51/100] k= 25 (used  15.0) c=0.950 alpha=-0.065 beta=+0.114 | loss 4.0720 (delta +1.1866) size 248.0 MB sparsity 14.1%
gen 21 offspring [52/100] k= 26 (used  25.0) c=0.980 alpha=-0.069 beta=+0.024 | loss 3.1210 (delta +0.2357) size 309.6 MB sparsity 14.5%
gen 21 offspring [53/100] k= 16 (used  15.0) c=0.974 alpha=-0.008 beta=+0.262 | loss 3.8795 (delta +0.9941) size 244.9 MB sparsity 24.6%
gen 21 offspring [54/100] k= 16 (used   9.0) c=0.903 alpha=-0.064 beta=+0.254 | loss 6.5589 (delta +3.6735) size 205.2 MB sparsity 23.1%
gen 21 offspring [55/100] k=155 (used  80.0) c=0.944 alpha=-0.107 beta=+0.018 | loss 2.9135 (delta +0.0282) size 433.3 MB sparsity 5.6%
gen 21 offspring [56/100] k= 16 (used   9.0) c=0.765 alpha=-0.036 beta=+0.099 | loss 5.7647 (delta +2.8794) size 212.6 MB sparsity 19.2%
gen 21 offspring [57/100] k= 66 (used  65.0) c=0.942 alpha=-0.094 beta=+0.005 | loss 2.9334 (delta +0.0481) size 408.4 MB sparsity 6.7%
gen 21 offspring [58/100] k= 30 (used  28.0) c=0.969 alpha=-0.184 beta=+0.048 | loss 3.1535 (delta +0.2681) size 309.8 MB sparsity 14.3%
gen 21 offspring [59/100] k= 17 (used   9.0) c=0.771 alpha=-0.033 beta=+0.004 | loss 5.1291 (delta +2.2438) size 216.6 MB sparsity 17.0%
gen 21 offspring [60/100] k= 29 (used  29.0) c=0.934 alpha=-0.007 beta=+0.022 | loss 3.0359 (delta +0.1506) size 309.8 MB sparsity 11.9%
gen 21 offspring [61/100] k= 60 (used  60.0) c=0.795 alpha=-0.055 beta=+0.043 | loss 2.9338 (delta +0.0484) size 371.5 MB sparsity 5.1%
gen 21 offspring [62/100] k= 16 (used  15.0) c=0.957 alpha=-0.147 beta=+0.104 | loss 3.8268 (delta +0.9414) size 245.3 MB sparsity 23.7%
gen 21 offspring [63/100] k=123 (used 121.0) c=0.984 alpha=-0.236 beta=+0.106 | loss 2.9742 (delta +0.0889) size 432.4 MB sparsity 14.3%
gen 21 offspring [64/100] k= 16 (used  16.0) c=0.895 alpha=-0.006 beta=+0.080 | loss 3.6676 (delta +0.7822) size 246.3 MB sparsity 22.2%
gen 21 offspring [65/100] k= 17 (used  15.0) c=0.803 alpha=-0.012 beta=+0.066 | loss 3.3965 (delta +0.5112) size 248.0 MB sparsity 17.7%
gen 21 offspring [66/100] k= 55 (used  51.0) c=1.000 alpha=-0.096 beta=+0.100 | loss 2.9858 (delta +0.1004) size 371.5 MB sparsity 8.7%
gen 21 offspring [67/100] k= 26 (used  25.0) c=0.811 alpha=-0.194 beta=+0.050 | loss 3.1700 (delta +0.2846) size 309.8 MB sparsity 14.4%
gen 21 offspring [68/100] k= 17 (used  15.0) c=0.802 alpha=-0.119 beta=+0.067 | loss 3.3903 (delta +0.5049) size 248.0 MB sparsity 17.7%
gen 21 offspring [69/100] k= 65 (used  65.0) c=0.942 alpha=-0.013 beta=+0.059 | loss 2.9160 (delta +0.0306) size 412.9 MB sparsity 5.5%
gen 21 offspring [70/100] k= 25 (used  25.0) c=0.952 alpha=-0.040 beta=+0.114 | loss 3.1019 (delta +0.2166) size 309.7 MB sparsity 14.1%
gen 21 offspring [71/100] k= 16 (used  15.0) c=0.926 alpha=-0.261 beta=+0.018 | loss 3.7925 (delta +0.9071) size 245.7 MB sparsity 23.7%
gen 21 offspring [72/100] k=113 (used 107.0) c=1.000 alpha=-0.210 beta=+0.277 | loss 3.0994 (delta +0.2140) size 407.6 MB sparsity 20.2%
gen 21 offspring [73/100] k= 16 (used  15.0) c=0.959 alpha=-0.266 beta=+0.030 | loss 3.8744 (delta +0.9891) size 245.2 MB sparsity 24.4%
gen 21 offspring [74/100] k= 66 (used  33.0) c=1.000 alpha=-0.028 beta=+0.050 | loss 3.0093 (delta +0.1240) size 354.1 MB sparsity 5.6%
gen 21 offspring [75/100] k= 16 (used  15.0) c=0.919 alpha=-0.034 beta=+0.047 | loss 3.7417 (delta +0.8564) size 245.9 MB sparsity 22.8%
gen 21 offspring [76/100] k= 28 (used  16.0) c=0.742 alpha=-0.097 beta=+0.098 | loss 3.3619 (delta +0.4765) size 248.0 MB sparsity 10.3%
gen 21 offspring [77/100] k= 40 (used  19.0) c=0.997 alpha=-0.093 beta=+0.081 | loss 3.2333 (delta +0.3480) size 309.8 MB sparsity 9.5%
gen 21 offspring [78/100] k= 25 (used  15.0) c=0.756 alpha=-0.077 beta=+0.117 | loss 3.4855 (delta +0.6001) size 248.0 MB sparsity 11.5%
gen 21 offspring [79/100] k= 16 (used  15.0) c=0.954 alpha=-0.217 beta=+0.114 | loss 3.8074 (delta +0.9221) size 245.4 MB sparsity 23.6%
gen 21 offspring [80/100] k=110 (used 110.0) c=0.943 alpha=-0.018 beta=+0.000 | loss 2.8973 (delta +0.0119) size 433.3 MB sparsity 3.2%
gen 21 offspring [81/100] k= 25 (used  25.0) c=0.983 alpha=-0.109 beta=+0.114 | loss 3.1195 (delta +0.2341) size 309.6 MB sparsity 14.5%
gen 21 offspring [82/100] k= 67 (used  66.0) c=0.934 alpha=-0.013 beta=+0.059 | loss 2.9414 (delta +0.0561) size 433.3 MB sparsity 5.4%
gen 21 offspring [83/100] k= 16 (used  15.0) c=0.975 alpha=-0.119 beta=+0.018 | loss 3.8976 (delta +1.0122) size 245.0 MB sparsity 24.1%
gen 21 offspring [84/100] k= 16 (used  16.0) c=0.808 alpha=-0.194 beta=+0.225 | loss 3.4640 (delta +0.5787) size 247.2 MB sparsity 20.8%
gen 21 offspring [85/100] k= 31 (used  31.0) c=0.804 alpha=-0.119 beta=+0.100 | loss 2.9983 (delta +0.1130) size 309.8 MB sparsity 10.4%
gen 21 offspring [86/100] k= 16 (used  16.0) c=0.805 alpha=-0.017 beta=+0.067 | loss 3.5071 (delta +0.6217) size 247.3 MB sparsity 20.1%
gen 21 offspring [87/100] k= 20 (used  17.0) c=0.910 alpha=-0.051 beta=+0.076 | loss 3.3398 (delta +0.4544) size 265.8 MB sparsity 17.8%
gen 21 offspring [88/100] k= 64 (used  63.0) c=0.893 alpha=-0.147 beta=+0.001 | loss 2.9540 (delta +0.0686) size 371.5 MB sparsity 8.8%
gen 21 offspring [89/100] k= 31 (used  17.0) c=0.780 alpha=-0.077 beta=+0.005 | loss 3.2400 (delta +0.3547) size 286.7 MB sparsity 9.3%
gen 21 offspring [90/100] k= 16 (used  15.0) c=0.911 alpha=-0.051 beta=+0.240 | loss 3.7285 (delta +0.8431) size 246.0 MB sparsity 23.0%
gen 21 offspring [91/100] k= 16 (used  16.0) c=0.895 alpha=-0.017 beta=+0.132 | loss 3.6626 (delta +0.7773) size 246.3 MB sparsity 22.2%
gen 21 offspring [92/100] k= 17 (used  17.0) c=0.806 alpha=-0.156 beta=+0.001 | loss 3.3520 (delta +0.4666) size 266.0 MB sparsity 17.7%
gen 21 offspring [93/100] k= 23 (used  23.0) c=0.951 alpha=-0.070 beta=+0.089 | loss 3.1332 (delta +0.2479) size 309.3 MB sparsity 15.3%
gen 21 offspring [94/100] k= 31 (used  16.0) c=0.764 alpha=-0.093 beta=+0.115 | loss 3.4838 (delta +0.5985) size 248.0 MB sparsity 9.9%
gen 21 offspring [95/100] k= 18 (used  17.0) c=0.901 alpha=-0.006 beta=+0.040 | loss 3.4529 (delta +0.5676) size 261.1 MB sparsity 19.7%
gen 21 offspring [96/100] k= 18 (used  15.0) c=0.998 alpha=-0.090 beta=+0.111 | loss 3.6692 (delta +0.7839) size 246.6 MB sparsity 21.7%
gen 21 offspring [97/100] k= 40 (used  39.0) c=0.988 alpha=-0.069 beta=+0.083 | loss 2.9693 (delta +0.0839) size 371.5 MB sparsity 9.3%
gen 21 offspring [98/100] k= 68 (used  67.0) c=0.986 alpha=-0.023 beta=+0.048 | loss 2.9206 (delta +0.0352) size 433.3 MB sparsity 5.4%
gen 21 offspring [99/100] k= 29 (used  29.0) c=0.928 alpha=-0.054 beta=+0.022 | loss 3.0229 (delta +0.1375) size 309.8 MB sparsity 11.8%
gen 21 offspring [100/100] k= 16 (used  15.0) c=0.933 alpha=-0.027 beta=+0.230 | loss 3.7315 (delta +0.8462) size 245.7 MB sparsity 23.3%
=== generation 21/50 done in 548s (0 reused), batch baseline 2.8854, HV 0.17622, front 100 points, 100/100 feasible, best delta loss +0.0097, smallest 244.5 MB
gen 22 offspring [1/100] k= 17 (used  16.0) c=0.999 alpha=-0.017 beta=+0.244 | loss 3.5919 (delta +0.7065) size 246.5 MB sparsity 22.3%
gen 22 offspring [2/100] k= 16 (used  16.0) c=0.780 alpha=-0.028 beta=+0.078 | loss 3.4659 (delta +0.5805) size 247.5 MB sparsity 19.5%
gen 22 offspring [3/100] k= 23 (used  23.0) c=0.968 alpha=-0.078 beta=+0.164 | loss 3.1670 (delta +0.2817) size 309.2 MB sparsity 15.9%
gen 22 offspring [4/100] k= 16 (used  16.0) c=0.852 alpha=-0.030 beta=+0.078 | loss 3.5072 (delta +0.6219) size 246.8 MB sparsity 21.2%
gen 22 offspring [5/100] k= 16 (used  15.0) c=0.900 alpha=-0.064 beta=+0.254 | loss 3.6831 (delta +0.7977) size 246.2 MB sparsity 23.0%
gen 22 offspring [6/100] k= 28 (used  27.0) c=0.998 alpha=-0.113 beta=+0.052 | loss 3.0929 (delta +0.2075) size 309.7 MB sparsity 13.7%
gen 22 offspring [7/100] k= 16 (used  16.0) c=0.851 alpha=-0.021 beta=+0.027 | loss 3.4994 (delta +0.6141) size 246.8 MB sparsity 21.2%
gen 22 offspring [8/100] k= 23 (used  23.0) c=1.000 alpha=-0.147 beta=+0.001 | loss 3.1836 (delta +0.2982) size 308.9 MB sparsity 16.1%
gen 22 offspring [9/100] k= 16 (used  16.0) c=0.884 alpha=-0.017 beta=+0.080 | loss 3.6095 (delta +0.7241) size 246.4 MB sparsity 22.0%
gen 22 offspring [10/100] k= 23 (used  23.0) c=0.997 alpha=-0.137 beta=+0.097 | loss 3.1827 (delta +0.2973) size 309.0 MB sparsity 16.0%
gen 22 offspring [11/100] k= 60 (used  60.0) c=0.954 alpha=-0.086 beta=+0.039 | loss 2.9371 (delta +0.0517) size 371.5 MB sparsity 6.8%
gen 22 offspring [12/100] k= 29 (used  29.0) c=0.933 alpha=-0.037 beta=+0.004 | loss 3.0334 (delta +0.1481) size 309.8 MB sparsity 11.9%
gen 22 offspring [13/100] k= 16 (used  15.0) c=0.946 alpha=-0.194 beta=+0.257 | loss 3.8036 (delta +0.9183) size 245.4 MB sparsity 23.9%
gen 22 offspring [14/100] k= 22 (used  21.0) c=0.927 alpha=-0.001 beta=+0.193 | loss 3.2127 (delta +0.3273) size 308.7 MB sparsity 17.2%
gen 22 offspring [15/100] k= 17 (used  16.0) c=0.763 alpha=-0.017 beta=+0.232 | loss 3.9854 (delta +1.1001) size 248.0 MB sparsity 18.7%
gen 22 offspring [16/100] k= 16 (used  16.0) c=0.902 alpha=-0.006 beta=+0.080 | loss 3.6596 (delta +0.7742) size 246.2 MB sparsity 22.4%
gen 22 offspring [17/100] k= 23 (used  23.0) c=0.946 alpha=-0.070 beta=+0.173 | loss 3.1585 (delta +0.2732) size 309.3 MB sparsity 15.8%
gen 22 offspring [18/100] k= 16 (used  16.0) c=0.803 alpha=-0.012 beta=+0.100 | loss 3.4963 (delta +0.6109) size 247.3 MB sparsity 20.1%
gen 22 offspring [19/100] k= 29 (used  17.0) c=0.740 alpha=-0.092 beta=+0.099 | loss 3.2974 (delta +0.4121) size 285.8 MB sparsity 9.7%
gen 22 offspring [20/100] k= 31 (used  17.0) c=0.758 alpha=-0.006 beta=+0.100 | loss 3.2361 (delta +0.3507) size 286.7 MB sparsity 9.4%
gen 22 offspring [21/100] k=155 (used  78.9) c=0.961 alpha=-0.213 beta=+0.015 | loss 2.9478 (delta +0.0624) size 433.3 MB sparsity 10.0%
gen 22 offspring [22/100] k= 16 (used  13.0) c=0.862 alpha=-0.025 beta=+0.023 | loss 3.6645 (delta +0.7792) size 246.7 MB sparsity 21.5%
gen 22 offspring [23/100] k= 17 (used  17.0) c=0.929 alpha=-0.037 beta=+0.028 | loss 3.4588 (delta +0.5734) size 259.7 MB sparsity 20.3%
gen 22 offspring [24/100] k= 65 (used  65.0) c=0.987 alpha=-0.023 beta=+0.041 | loss 2.9227 (delta +0.0374) size 412.7 MB sparsity 5.6%
gen 22 offspring [25/100] k= 22 (used  13.0) c=0.850 alpha=-0.124 beta=+0.023 | loss 4.2424 (delta +1.3570) size 248.0 MB sparsity 15.1%
gen 22 offspring [26/100] k= 22 (used  21.0) c=0.941 alpha=-0.018 beta=+0.200 | loss 3.2181 (delta +0.3327) size 308.5 MB sparsity 17.5%
gen 22 offspring [27/100] k= 23 (used  22.0) c=0.900 alpha=-0.239 beta=+0.115 | loss 3.4340 (delta +0.5487) size 309.0 MB sparsity 17.5%
gen 22 offspring [28/100] k= 17 (used  17.0) c=0.904 alpha=-0.006 beta=+0.080 | loss 3.4449 (delta +0.5596) size 260.9 MB sparsity 19.8%
gen 22 offspring [29/100] k= 35 (used  35.0) c=0.934 alpha=-0.009 beta=+0.090 | loss 2.9936 (delta +0.1082) size 371.5 MB sparsity 9.9%
gen 22 offspring [30/100] k= 16 (used  15.0) c=0.931 alpha=-0.186 beta=+0.049 | loss 3.7265 (delta +0.8412) size 245.7 MB sparsity 23.1%
gen 22 offspring [31/100] k= 58 (used  57.0) c=0.987 alpha=-0.023 beta=+0.039 | loss 2.9300 (delta +0.0447) size 371.5 MB sparsity 6.4%
gen 22 offspring [32/100] k= 29 (used  29.0) c=0.974 alpha=-0.025 beta=+0.054 | loss 3.0526 (delta +0.1673) size 309.8 MB sparsity 12.4%
gen 22 offspring [33/100] k= 24 (used  23.0) c=0.932 alpha=-0.071 beta=+0.152 | loss 3.1246 (delta +0.2392) size 309.4 MB sparsity 15.2%
gen 22 offspring [34/100] k= 31 (used  17.0) c=0.770 alpha=-0.036 beta=+0.004 | loss 3.2343 (delta +0.3489) size 287.0 MB sparsity 9.2%
gen 22 offspring [35/100] k= 16 (used  15.0) c=0.947 alpha=-0.179 beta=+0.248 | loss 3.7891 (delta +0.9038) size 245.5 MB sparsity 23.8%
gen 22 offspring [36/100] k= 18 (used  15.0) c=0.993 alpha=-0.007 beta=+0.111 | loss 3.5859 (delta +0.7005) size 246.6 MB sparsity 21.6%
gen 22 offspring [37/100] k= 46 (used  45.0) c=0.966 alpha=-0.011 beta=+0.010 | loss 2.9435 (delta +0.0581) size 371.5 MB sparsity 7.9%
gen 22 offspring [38/100] k= 28 (used  27.0) c=0.957 alpha=-0.145 beta=+0.094 | loss 3.1196 (delta +0.2342) size 309.8 MB sparsity 13.5%
gen 22 offspring [39/100] k= 17 (used  11.0) c=0.758 alpha=-0.057 beta=+0.119 | loss 4.6742 (delta +1.7888) size 248.0 MB sparsity 16.7%
gen 22 offspring [40/100] k= 25 (used  25.0) c=0.963 alpha=-0.198 beta=+0.257 | loss 3.2570 (delta +0.3716) size 308.3 MB sparsity 19.7%
gen 22 offspring [41/100] k= 19 (used  19.0) c=0.775 alpha=-0.027 beta=+0.020 | loss 3.1762 (delta +0.2908) size 309.3 MB sparsity 15.2%
gen 22 offspring [42/100] k= 22 (used  21.0) c=0.919 alpha=-0.049 beta=+0.151 | loss 3.1967 (delta +0.3114) size 308.8 MB sparsity 16.3%
gen 22 offspring [43/100] k= 16 (used  16.0) c=0.770 alpha=-0.061 beta=+0.007 | loss 3.4687 (delta +0.5833) size 247.6 MB sparsity 19.3%
gen 22 offspring [44/100] k= 16 (used  15.0) c=0.960 alpha=-0.212 beta=+0.115 | loss 3.8336 (delta +0.9483) size 245.2 MB sparsity 23.8%
gen 22 offspring [45/100] k= 60 (used  32.0) c=0.903 alpha=-0.094 beta=+0.050 | loss 3.0162 (delta +0.1309) size 309.8 MB sparsity 6.9%
gen 22 offspring [46/100] k=113 (used 107.0) c=1.000 alpha=-0.203 beta=+0.251 | loss 3.0625 (delta +0.1772) size 413.5 MB sparsity 18.9%
gen 22 offspring [47/100] k= 31 (used  17.0) c=0.757 alpha=-0.029 beta=+0.100 | loss 3.2360 (delta +0.3506) size 286.7 MB sparsity 9.3%
gen 22 offspring [48/100] k= 17 (used  16.0) c=0.804 alpha=-0.155 beta=+0.332 | loss 4.4354 (delta +1.5500) size 247.2 MB sparsity 22.8%
gen 22 offspring [49/100] k= 54 (used  29.0) c=0.999 alpha=-0.087 beta=+0.126 | loss 3.0784 (delta +0.1930) size 309.8 MB sparsity 9.4%
gen 22 offspring [50/100] k= 28 (used  16.0) c=0.754 alpha=-0.097 beta=+0.218 | loss 3.5183 (delta +0.6330) size 248.0 MB sparsity 14.5%
gen 22 offspring [51/100] k= 16 (used  15.0) c=0.910 alpha=-0.051 beta=+0.066 | loss 3.7091 (delta +0.8238) size 246.1 MB sparsity 22.6%
gen 22 offspring [52/100] k= 29 (used  28.0) c=0.973 alpha=-0.063 beta=+0.264 | loss 3.3284 (delta +0.4430) size 309.4 MB sparsity 17.3%
gen 22 offspring [53/100] k= 23 (used  19.0) c=0.996 alpha=-0.119 beta=+0.050 | loss 3.2329 (delta +0.3475) size 309.0 MB sparsity 16.0%
gen 22 offspring [54/100] k=113 (used 110.9) c=1.000 alpha=-0.011 beta=+0.180 | loss 2.9271 (delta +0.0417) size 433.3 MB sparsity 9.2%
gen 22 offspring [55/100] k= 16 (used  15.0) c=0.958 alpha=-0.147 beta=+0.094 | loss 3.8275 (delta +0.9421) size 245.3 MB sparsity 23.7%
gen 22 offspring [56/100] k= 31 (used  17.0) c=0.799 alpha=-0.077 beta=+0.114 | loss 3.2559 (delta +0.3705) size 284.9 MB sparsity 10.1%
gen 22 offspring [57/100] k= 35 (used  19.0) c=0.750 alpha=-0.006 beta=+0.022 | loss 3.2205 (delta +0.3352) size 309.8 MB sparsity 7.9%
gen 22 offspring [58/100] k= 16 (used  16.0) c=0.810 alpha=-0.260 beta=+0.225 | loss 3.5746 (delta +0.6892) size 247.0 MB sparsity 22.3%
gen 22 offspring [59/100] k=118 (used 114.0) c=0.999 alpha=-0.056 beta=+0.001 | loss 2.8996 (delta +0.0142) size 433.3 MB sparsity 4.0%
gen 22 offspring [60/100] k= 28 (used   9.0) c=0.771 alpha=-0.036 beta=+0.004 | loss 7.0182 (delta +4.1329) size 228.4 MB sparsity 10.6%
gen 22 offspring [61/100] k= 31 (used  15.0) c=0.995 alpha=-0.006 beta=+0.004 | loss 3.5173 (delta +0.6320) size 248.0 MB sparsity 11.8%
gen 22 offspring [62/100] k= 25 (used  17.0) c=0.982 alpha=-0.077 beta=+0.114 | loss 3.2528 (delta +0.3675) size 273.9 MB sparsity 14.5%
gen 22 offspring [63/100] k= 64 (used  64.0) c=0.915 alpha=-0.050 beta=+0.009 | loss 2.9167 (delta +0.0314) size 371.5 MB sparsity 5.4%
gen 22 offspring [64/100] k= 17 (used  17.0) c=0.775 alpha=-0.027 beta=+0.020 | loss 3.3280 (delta +0.4427) size 267.6 MB sparsity 17.1%
gen 22 offspring [65/100] k=102 (used  53.7) c=0.902 alpha=-0.245 beta=+0.114 | loss 3.0071 (delta +0.1217) size 371.4 MB sparsity 15.0%
gen 22 offspring [66/100] k= 31 (used  17.0) c=0.753 alpha=-0.087 beta=+0.121 | loss 3.2346 (delta +0.3493) size 285.0 MB sparsity 10.0%
gen 22 offspring [67/100] k= 16 (used  15.0) c=0.944 alpha=-0.001 beta=+0.108 | loss 3.8229 (delta +0.9376) size 245.5 MB sparsity 23.4%
gen 22 offspring [68/100] k= 25 (used  25.0) c=0.943 alpha=-0.065 beta=+0.012 | loss 3.1030 (delta +0.2176) size 309.7 MB sparsity 14.0%
gen 22 offspring [69/100] k= 23 (used  23.0) c=0.804 alpha=-0.131 beta=+0.014 | loss 3.1108 (delta +0.2255) size 309.8 MB sparsity 13.2%
gen 22 offspring [70/100] k= 79 (used  78.0) c=0.941 alpha=-0.013 beta=+0.058 | loss 2.9403 (delta +0.0549) size 433.3 MB sparsity 4.8%
gen 22 offspring [71/100] k= 17 (used  15.0) c=0.800 alpha=-0.024 beta=+0.222 | loss 4.0068 (delta +1.1214) size 247.9 MB sparsity 18.8%
gen 22 offspring [72/100] k= 16 (used  15.0) c=0.891 alpha=-0.054 beta=+0.080 | loss 3.6517 (delta +0.7664) size 246.3 MB sparsity 22.1%
gen 22 offspring [73/100] k=120 (used  65.0) c=0.961 alpha=-0.119 beta=+0.054 | loss 2.9240 (delta +0.0387) size 406.0 MB sparsity 7.4%
gen 22 offspring [74/100] k= 17 (used  17.0) c=1.000 alpha=-0.017 beta=+0.262 | loss 3.5699 (delta +0.6846) size 253.5 MB sparsity 22.8%
gen 22 offspring [75/100] k= 16 (used  16.0) c=0.797 alpha=-0.012 beta=+0.066 | loss 3.4847 (delta +0.5993) size 247.4 MB sparsity 19.9%
gen 22 offspring [76/100] k= 23 (used  23.0) c=0.952 alpha=-0.112 beta=+0.004 | loss 3.1332 (delta +0.2479) size 309.3 MB sparsity 15.3%
gen 22 offspring [77/100] k= 64 (used  63.0) c=0.810 alpha=-0.020 beta=+0.060 | loss 2.9404 (delta +0.0551) size 371.5 MB sparsity 5.1%
gen 22 offspring [78/100] k= 21 (used  21.0) c=0.941 alpha=-0.094 beta=+0.010 | loss 3.2054 (delta +0.3200) size 308.6 MB sparsity 16.6%
gen 22 offspring [79/100] k=113 (used 110.0) c=0.999 alpha=-0.068 beta=+0.065 | loss 2.9057 (delta +0.0204) size 433.3 MB sparsity 5.7%
gen 22 offspring [80/100] k= 16 (used  15.0) c=0.900 alpha=-0.051 beta=+0.066 | loss 3.6693 (delta +0.7840) size 246.2 MB sparsity 22.4%
gen 22 offspring [81/100] k= 28 (used  15.0) c=0.765 alpha=-0.025 beta=+0.001 | loss 3.3878 (delta +0.5025) size 248.0 MB sparsity 10.5%
gen 22 offspring [82/100] k= 23 (used  23.0) c=0.812 alpha=-0.050 beta=+0.172 | loss 3.1516 (delta +0.2662) size 309.8 MB sparsity 14.3%
gen 22 offspring [83/100] k= 29 (used  17.0) c=0.743 alpha=-0.097 beta=+0.098 | loss 3.3012 (delta +0.4158) size 285.6 MB sparsity 9.8%
gen 22 offspring [84/100] k= 63 (used  63.0) c=0.914 alpha=-0.050 beta=+0.022 | loss 2.9165 (delta +0.0312) size 371.5 MB sparsity 5.3%
gen 22 offspring [85/100] k= 16 (used  10.0) c=0.740 alpha=-0.071 beta=+0.130 | loss 5.8013 (delta +2.9160) size 247.8 MB sparsity 18.6%
gen 22 offspring [86/100] k= 34 (used  34.0) c=0.779 alpha=-0.009 beta=+0.090 | loss 2.9796 (delta +0.0943) size 371.5 MB sparsity 8.9%
gen 22 offspring [87/100] k= 16 (used  15.0) c=0.983 alpha=-0.069 beta=+0.114 | loss 3.8879 (delta +1.0025) size 244.8 MB sparsity 24.3%
gen 22 offspring [88/100] k= 31 (used  17.0) c=0.751 alpha=-0.028 beta=+0.100 | loss 3.2355 (delta +0.3501) size 286.8 MB sparsity 9.3%
gen 22 offspring [89/100] k= 33 (used  17.0) c=0.894 alpha=-0.007 beta=+0.254 | loss 3.9944 (delta +1.1090) size 271.2 MB sparsity 15.6%
gen 22 offspring [90/100] k= 25 (used  17.0) c=0.983 alpha=-0.077 beta=+0.129 | loss 3.2496 (delta +0.3643) size 273.9 MB sparsity 14.5%
gen 22 offspring [91/100] k= 16 (used  15.0) c=0.790 alpha=-0.064 beta=+0.457 | loss 6.4010 (delta +3.5157) size 239.6 MB sparsity 28.4%
gen 22 offspring [92/100] k= 65 (used  64.0) c=0.932 alpha=-0.108 beta=+0.054 | loss 2.9317 (delta +0.0463) size 371.5 MB sparsity 7.3%
gen 22 offspring [93/100] k= 16 (used  15.0) c=0.948 alpha=-0.044 beta=+0.004 | loss 3.7916 (delta +0.9062) size 245.5 MB sparsity 23.5%
gen 22 offspring [94/100] k= 16 (used  15.0) c=0.995 alpha=-0.032 beta=+0.257 | loss 3.8495 (delta +0.9642) size 244.6 MB sparsity 24.8%
gen 22 offspring [95/100] k= 28 (used  28.0) c=0.887 alpha=-0.133 beta=+0.080 | loss 3.0820 (delta +0.1966) size 309.8 MB sparsity 12.5%
gen 22 offspring [96/100] k= 31 (used  17.0) c=0.758 alpha=-0.069 beta=+0.176 | loss 3.2697 (delta +0.3843) size 280.0 MB sparsity 12.0%
gen 22 offspring [97/100] k= 17 (used  15.0) c=0.803 alpha=-0.178 beta=+0.066 | loss 3.3946 (delta +0.5093) size 248.0 MB sparsity 17.9%
gen 22 offspring [98/100] k= 16 (used  15.0) c=0.955 alpha=-0.017 beta=+0.172 | loss 3.8211 (delta +0.9357) size 245.3 MB sparsity 23.6%
gen 22 offspring [99/100] k= 16 (used  16.0) c=0.900 alpha=-0.061 beta=+0.140 | loss 3.6697 (delta +0.7844) size 246.2 MB sparsity 22.3%
gen 22 offspring [100/100] k= 22 (used  21.0) c=0.909 alpha=-0.051 beta=+0.247 | loss 3.7125 (delta +0.8271) size 308.2 MB sparsity 18.7%
=== generation 22/50 done in 548s (0 reused), batch baseline 2.8854, HV 0.17627, front 100 points, 100/100 feasible, best delta loss +0.0097, smallest 244.5 MB
gen 23 offspring [1/100] k= 16 (used  15.0) c=0.911 alpha=-0.051 beta=+0.004 | loss 3.7162 (delta +0.8309) size 246.1 MB sparsity 22.6%
gen 23 offspring [2/100] k= 29 (used  29.0) c=0.998 alpha=-0.003 beta=+0.111 | loss 3.0844 (delta +0.1990) size 309.8 MB sparsity 12.7%
gen 23 offspring [3/100] k= 16 (used  16.0) c=0.817 alpha=-0.120 beta=+0.011 | loss 3.4994 (delta +0.6141) size 247.2 MB sparsity 20.4%
gen 23 offspring [4/100] k= 16 (used  16.0) c=0.902 alpha=-0.005 beta=+0.101 | loss 3.6596 (delta +0.7742) size 246.2 MB sparsity 22.4%
gen 23 offspring [5/100] k= 17 (used  16.0) c=0.998 alpha=-0.127 beta=+0.247 | loss 3.5951 (delta +0.7098) size 246.5 MB sparsity 22.4%
gen 23 offspring [6/100] k= 23 (used  23.0) c=0.950 alpha=-0.070 beta=+0.017 | loss 3.1346 (delta +0.2493) size 309.3 MB sparsity 15.3%
gen 23 offspring [7/100] k= 18 (used  17.0) c=0.832 alpha=-0.022 beta=+0.344 | loss 4.3837 (delta +1.4984) size 251.7 MB sparsity 23.5%
gen 23 offspring [8/100] k= 16 (used  16.0) c=0.763 alpha=-0.015 beta=+0.194 | loss 3.4740 (delta +0.5886) size 247.6 MB sparsity 19.3%
gen 23 offspring [9/100] k= 24 (used  13.0) c=0.941 alpha=-0.086 beta=+0.052 | loss 4.2772 (delta +1.3919) size 248.0 MB sparsity 15.2%
gen 23 offspring [10/100] k= 16 (used  10.0) c=0.954 alpha=-0.219 beta=+0.257 | loss 5.7383 (delta +2.8530) size 245.3 MB sparsity 24.1%
gen 23 offspring [11/100] k= 26 (used  26.0) c=0.757 alpha=-0.025 beta=+0.030 | loss 3.0442 (delta +0.1588) size 309.8 MB sparsity 11.3%
gen 23 offspring [12/100] k=113 (used 113.0) c=0.933 alpha=-0.001 beta=+0.007 | loss 2.9014 (delta +0.0160) size 433.3 MB sparsity 3.0%
gen 23 offspring [13/100] k= 21 (used  17.0) c=0.911 alpha=-0.077 beta=+0.040 | loss 3.2435 (delta +0.3581) size 270.0 MB sparsity 16.1%
gen 23 offspring [14/100] k= 42 (used  40.0) c=0.997 alpha=-0.177 beta=+0.081 | loss 3.0174 (delta +0.1320) size 371.5 MB sparsity 12.1%
gen 23 offspring [15/100] k= 67 (used  66.0) c=0.957 alpha=-0.117 beta=+0.054 | loss 2.9315 (delta +0.0461) size 433.3 MB sparsity 7.7%
gen 23 offspring [16/100] k= 33 (used  17.0) c=0.901 alpha=-0.039 beta=+0.115 | loss 3.3557 (delta +0.4704) size 283.9 MB sparsity 10.5%
gen 23 offspring [17/100] k= 17 (used  17.0) c=0.941 alpha=-0.119 beta=+0.028 | loss 3.4589 (delta +0.5736) size 259.0 MB sparsity 20.5%
gen 23 offspring [18/100] k= 29 (used  29.0) c=0.983 alpha=-0.077 beta=+0.045 | loss 3.0637 (delta +0.1783) size 309.8 MB sparsity 12.5%
gen 23 offspring [19/100] k= 16 (used  16.0) c=0.891 alpha=-0.017 beta=+0.207 | loss 3.6382 (delta +0.7529) size 246.3 MB sparsity 22.2%
gen 23 offspring [20/100] k= 31 (used  17.0) c=0.996 alpha=-0.090 beta=+0.121 | loss 3.4812 (delta +0.5958) size 280.1 MB sparsity 12.0%
gen 23 offspring [21/100] k= 16 (used  15.0) c=0.997 alpha=-0.146 beta=+0.291 | loss 3.8896 (delta +1.0042) size 244.3 MB sparsity 25.6%
gen 23 offspring [22/100] k= 16 (used  15.0) c=0.961 alpha=-0.186 beta=+0.049 | loss 3.8308 (delta +0.9454) size 245.2 MB sparsity 23.8%
gen 23 offspring [23/100] k=113 (used 103.0) c=1.000 alpha=-0.032 beta=+0.225 | loss 2.9641 (delta +0.0788) size 433.3 MB sparsity 11.0%
gen 23 offspring [24/100] k= 16 (used  16.0) c=0.732 alpha=-0.093 beta=+0.099 | loss 3.4566 (delta +0.5712) size 247.8 MB sparsity 18.4%
gen 23 offspring [25/100] k= 16 (used  15.0) c=0.931 alpha=-0.186 beta=+0.048 | loss 3.7334 (delta +0.8481) size 245.7 MB sparsity 23.1%
gen 23 offspring [26/100] k= 21 (used  13.0) c=0.985 alpha=-0.076 beta=+0.040 | loss 4.7625 (delta +1.8771) size 248.0 MB sparsity 17.4%
gen 23 offspring [27/100] k= 16 (used  15.0) c=0.919 alpha=-0.050 beta=+0.022 | loss 3.7451 (delta +0.8598) size 245.9 MB sparsity 22.8%
gen 23 offspring [28/100] k= 20 (used  19.0) c=0.957 alpha=-0.147 beta=+0.061 | loss 3.3394 (delta +0.4541) size 307.1 MB sparsity 18.7%
gen 23 offspring [29/100] k= 65 (used  65.0) c=0.945 alpha=-0.040 beta=+0.004 | loss 2.9162 (delta +0.0309) size 413.5 MB sparsity 5.3%
gen 23 offspring [30/100] k= 22 (used  22.0) c=0.884 alpha=-0.008 beta=+0.055 | loss 3.1827 (delta +0.2973) size 309.1 MB sparsity 15.7%
gen 23 offspring [31/100] k= 16 (used  13.0) c=0.775 alpha=-0.027 beta=+0.020 | loss 3.5413 (delta +0.6559) size 247.5 MB sparsity 19.4%
gen 23 offspring [32/100] k= 20 (used  20.0) c=0.804 alpha=-0.120 beta=+0.028 | loss 3.2073 (delta +0.3219) size 309.1 MB sparsity 15.8%
gen 23 offspring [33/100] k=110 (used 107.0) c=0.990 alpha=-0.011 beta=+0.226 | loss 2.9593 (delta +0.0739) size 433.3 MB sparsity 11.0%
gen 23 offspring [34/100] k= 17 (used  17.0) c=0.999 alpha=-0.016 beta=+0.265 | loss 3.5851 (delta +0.6998) size 253.3 MB sparsity 22.9%
gen 23 offspring [35/100] k= 16 (used  16.0) c=0.851 alpha=-0.159 beta=+0.081 | loss 3.4987 (delta +0.6134) size 246.8 MB sparsity 21.2%
gen 23 offspring [36/100] k= 28 (used  27.0) c=0.997 alpha=-0.076 beta=+0.120 | loss 3.0900 (delta +0.2047) size 309.7 MB sparsity 13.6%
gen 23 offspring [37/100] k= 24 (used  23.0) c=0.971 alpha=-0.060 beta=+0.024 | loss 3.1635 (delta +0.2781) size 309.1 MB sparsity 15.6%
gen 23 offspring [38/100] k=113 (used  58.0) c=1.000 alpha=-0.017 beta=+0.001 | loss 2.9297 (delta +0.0443) size 371.5 MB sparsity 3.2%
gen 23 offspring [39/100] k=113 (used  58.6) c=0.900 alpha=-0.239 beta=+0.115 | loss 2.9863 (delta +0.1010) size 371.5 MB sparsity 14.8%
gen 23 offspring [40/100] k= 16 (used  16.0) c=0.757 alpha=-0.217 beta=+0.258 | loss 3.5426 (delta +0.6572) size 247.4 MB sparsity 21.6%
gen 23 offspring [41/100] k= 65 (used  64.0) c=0.942 alpha=-0.095 beta=+0.003 | loss 2.9332 (delta +0.0479) size 371.5 MB sparsity 6.8%
gen 23 offspring [42/100] k= 17 (used  16.0) c=0.999 alpha=-0.007 beta=+0.192 | loss 3.5642 (delta +0.6789) size 246.6 MB sparsity 21.7%
gen 23 offspring [43/100] k= 30 (used  29.0) c=0.898 alpha=-0.051 beta=+0.151 | loss 3.1457 (delta +0.2603) size 309.8 MB sparsity 12.6%
gen 23 offspring [44/100] k= 68 (used  65.0) c=0.850 alpha=-0.215 beta=+0.267 | loss 3.1238 (delta +0.2385) size 359.1 MB sparsity 20.0%
gen 23 offspring [45/100] k= 25 (used  13.0) c=0.998 alpha=-0.046 beta=+0.146 | loss 4.2685 (delta +1.3832) size 248.0 MB sparsity 14.9%
gen 23 offspring [46/100] k= 16 (used  16.0) c=0.801 alpha=-0.250 beta=+0.218 | loss 3.5470 (delta +0.6616) size 247.2 MB sparsity 21.7%
gen 23 offspring [47/100] k= 30 (used  29.0) c=0.997 alpha=-0.099 beta=+0.017 | loss 3.0725 (delta +0.1872) size 309.8 MB sparsity 12.7%
gen 23 offspring [48/100] k= 16 (used  15.0) c=0.948 alpha=-0.212 beta=+0.353 | loss 3.9089 (delta +1.0236) size 243.3 MB sparsity 26.8%
gen 23 offspring [49/100] k= 18 (used  17.0) c=0.934 alpha=-0.007 beta=+0.022 | loss 3.4750 (delta +0.5897) size 259.4 MB sparsity 20.4%
gen 23 offspring [50/100] k= 16 (used  16.0) c=0.884 alpha=-0.007 beta=+0.080 | loss 3.6042 (delta +0.7189) size 246.4 MB sparsity 22.0%
gen 23 offspring [51/100] k= 73 (used  71.9) c=0.977 alpha=-0.023 beta=+0.257 | loss 2.9916 (delta +0.1063) size 433.0 MB sparsity 13.1%
gen 23 offspring [52/100] k= 65 (used  64.0) c=0.942 alpha=-0.013 beta=+0.123 | loss 2.9388 (delta +0.0534) size 371.5 MB sparsity 7.9%
gen 23 offspring [53/100] k= 29 (used  29.0) c=0.896 alpha=-0.064 beta=+0.025 | loss 3.0341 (delta +0.1488) size 309.8 MB sparsity 11.4%
gen 23 offspring [54/100] k= 63 (used  62.0) c=0.915 alpha=-0.050 beta=+0.178 | loss 2.9585 (delta +0.0731) size 371.5 MB sparsity 10.1%
gen 23 offspring [55/100] k= 16 (used  16.0) c=0.760 alpha=-0.220 beta=+0.256 | loss 3.5536 (delta +0.6682) size 247.4 MB sparsity 21.6%
gen 23 offspring [56/100] k= 31 (used  17.0) c=0.851 alpha=-0.064 beta=+0.001 | loss 3.3360 (delta +0.4506) size 284.7 MB sparsity 10.2%
gen 23 offspring [57/100] k= 62 (used  61.0) c=0.792 alpha=-0.065 beta=+0.010 | loss 2.9425 (delta +0.0572) size 371.5 MB sparsity 5.3%
gen 23 offspring [58/100] k= 25 (used  25.0) c=0.966 alpha=-0.074 beta=+0.129 | loss 3.1165 (delta +0.2311) size 309.6 MB sparsity 14.3%
gen 23 offspring [59/100] k= 16 (used  15.0) c=0.969 alpha=-0.055 beta=+0.146 | loss 3.9119 (delta +1.0266) size 245.1 MB sparsity 24.0%
gen 23 offspring [60/100] k= 29 (used  15.0) c=0.771 alpha=-0.036 beta=+0.001 | loss 3.3110 (delta +0.4257) size 248.0 MB sparsity 9.9%
gen 23 offspring [61/100] k= 16 (used  15.0) c=0.998 alpha=-0.136 beta=+0.115 | loss 3.8664 (delta +0.9811) size 244.6 MB sparsity 24.6%
gen 23 offspring [62/100] k= 24 (used  23.0) c=0.983 alpha=-0.009 beta=+0.114 | loss 3.1868 (delta +0.3014) size 309.1 MB sparsity 15.8%
gen 23 offspring [63/100] k= 29 (used  29.0) c=0.934 alpha=-0.037 beta=+0.004 | loss 3.0355 (delta +0.1501) size 309.8 MB sparsity 11.9%
gen 23 offspring [64/100] k=119 (used  60.9) c=0.772 alpha=-0.236 beta=+0.004 | loss 2.9951 (delta +0.1097) size 371.5 MB sparsity 11.0%
gen 23 offspring [65/100] k= 16 (used  15.0) c=0.804 alpha=-0.066 beta=+0.267 | loss 4.3348 (delta +1.4495) size 247.1 MB sparsity 21.9%
gen 23 offspring [66/100] k= 18 (used  17.0) c=0.803 alpha=-0.292 beta=+0.112 | loss 4.0311 (delta +1.1458) size 257.2 MB sparsity 21.3%
gen 23 offspring [67/100] k= 18 (used  17.0) c=0.941 alpha=-0.018 beta=+0.073 | loss 3.4598 (delta +0.5745) size 259.0 MB sparsity 20.6%
gen 23 offspring [68/100] k= 29 (used  28.0) c=0.750 alpha=-0.157 beta=+0.094 | loss 3.1057 (delta +0.2204) size 309.8 MB sparsity 11.7%
gen 23 offspring [69/100] k= 23 (used  23.0) c=0.929 alpha=-0.119 beta=+0.054 | loss 3.1208 (delta +0.2354) size 309.4 MB sparsity 15.0%
gen 23 offspring [70/100] k= 17 (used  16.0) c=0.999 alpha=-0.017 beta=+0.012 | loss 3.5627 (delta +0.6773) size 246.6 MB sparsity 21.7%
gen 23 offspring [71/100] k= 36 (used  20.0) c=0.901 alpha=-0.021 beta=+0.078 | loss 3.2708 (delta +0.3855) size 309.8 MB sparsity 9.5%
gen 23 offspring [72/100] k= 46 (used  45.0) c=0.966 alpha=-0.011 beta=+0.011 | loss 2.9446 (delta +0.0592) size 371.5 MB sparsity 7.9%
gen 23 offspring [73/100] k= 25 (used  25.0) c=0.885 alpha=-0.073 beta=+0.114 | loss 3.1330 (delta +0.2476) size 309.8 MB sparsity 13.1%
gen 23 offspring [74/100] k= 64 (used  62.0) c=0.990 alpha=-0.198 beta=+0.298 | loss 3.1462 (delta +0.2609) size 357.0 MB sparsity 20.6%
gen 23 offspring [75/100] k= 16 (used  16.0) c=0.902 alpha=-0.006 beta=+0.171 | loss 3.6600 (delta +0.7746) size 246.2 MB sparsity 22.4%
gen 23 offspring [76/100] k= 33 (used  17.0) c=0.765 alpha=-0.036 beta=+0.054 | loss 3.2204 (delta +0.3350) size 288.6 MB sparsity 8.6%
gen 23 offspring [77/100] k= 16 (used  13.0) c=0.961 alpha=-0.129 beta=+0.079 | loss 4.0139 (delta +1.1286) size 245.2 MB sparsity 23.8%
gen 23 offspring [78/100] k= 16 (used  16.0) c=0.910 alpha=-0.010 beta=+0.066 | loss 3.6982 (delta +0.8128) size 246.1 MB sparsity 22.6%
gen 23 offspring [79/100] k= 40 (used  39.0) c=0.988 alpha=-0.068 beta=+0.083 | loss 2.9700 (delta +0.0847) size 371.5 MB sparsity 9.3%
gen 23 offspring [80/100] k= 16 (used  16.0) c=0.814 alpha=-0.194 beta=+0.021 | loss 3.4969 (delta +0.6116) size 247.2 MB sparsity 20.4%
gen 23 offspring [81/100] k= 16 (used  15.0) c=0.940 alpha=-0.067 beta=+0.246 | loss 3.7464 (delta +0.8611) size 245.6 MB sparsity 23.6%
gen 23 offspring [82/100] k= 21 (used  21.0) c=0.806 alpha=-0.022 beta=+0.067 | loss 3.1449 (delta +0.2596) size 309.6 MB sparsity 14.3%
gen 23 offspring [83/100] k= 17 (used  17.0) c=0.983 alpha=-0.147 beta=+0.256 | loss 3.5564 (delta +0.6710) size 254.4 MB sparsity 22.4%
gen 23 offspring [84/100] k= 23 (used  23.0) c=0.932 alpha=-0.007 beta=+0.103 | loss 3.1236 (delta +0.2383) size 309.4 MB sparsity 15.0%
gen 23 offspring [85/100] k= 31 (used  31.0) c=0.793 alpha=-0.025 beta=+0.001 | loss 2.9956 (delta +0.1103) size 309.8 MB sparsity 9.5%
gen 23 offspring [86/100] k= 16 (used  15.0) c=0.957 alpha=-0.050 beta=+0.254 | loss 3.8137 (delta +0.9284) size 245.3 MB sparsity 24.1%
gen 23 offspring [87/100] k= 31 (used  17.0) c=0.949 alpha=-0.087 beta=+0.120 | loss 3.4138 (delta +0.5285) size 281.3 MB sparsity 11.5%
gen 23 offspring [88/100] k= 28 (used  16.0) c=0.796 alpha=-0.014 beta=+0.038 | loss 3.3811 (delta +0.4958) size 248.0 MB sparsity 10.9%
gen 23 offspring [89/100] k= 29 (used  29.0) c=0.934 alpha=-0.017 beta=+0.022 | loss 3.0359 (delta +0.1506) size 309.8 MB sparsity 11.9%
gen 23 offspring [90/100] k= 16 (used   9.0) c=0.766 alpha=-0.038 beta=+0.224 | loss 5.8197 (delta +2.9343) size 211.0 MB sparsity 20.0%
gen 23 offspring [91/100] k= 16 (used  10.0) c=0.793 alpha=-0.086 beta=+0.050 | loss 5.8801 (delta +2.9947) size 247.4 MB sparsity 19.8%
gen 23 offspring [92/100] k= 18 (used  17.0) c=0.984 alpha=-0.072 beta=+0.111 | loss 3.5281 (delta +0.6428) size 256.9 MB sparsity 21.4%
gen 23 offspring [93/100] k= 17 (used  17.0) c=0.852 alpha=-0.035 beta=+0.064 | loss 3.3319 (delta +0.4465) size 263.6 MB sparsity 18.7%
gen 23 offspring [94/100] k= 25 (used  13.0) c=0.771 alpha=-0.036 beta=+0.004 | loss 3.4980 (delta +0.6127) size 248.0 MB sparsity 11.5%
gen 23 offspring [95/100] k=104 (used  97.0) c=1.000 alpha=-0.162 beta=+0.129 | loss 2.9371 (delta +0.0517) size 433.2 MB sparsity 12.2%
gen 23 offspring [96/100] k= 65 (used  65.0) c=0.942 alpha=-0.014 beta=+0.059 | loss 2.9162 (delta +0.0309) size 412.9 MB sparsity 5.5%
gen 23 offspring [97/100] k= 27 (used  27.0) c=0.983 alpha=-0.018 beta=+0.000 | loss 3.1075 (delta +0.2221) size 309.8 MB sparsity 13.4%
gen 23 offspring [98/100] k= 28 (used  16.0) c=0.750 alpha=-0.096 beta=+0.098 | loss 3.3706 (delta +0.4853) size 248.0 MB sparsity 10.4%
gen 23 offspring [99/100] k= 23 (used  22.0) c=0.850 alpha=-0.030 beta=+0.216 | loss 3.3818 (delta +0.4965) size 309.5 MB sparsity 16.3%
gen 23 offspring [100/100] k= 50 (used  19.0) c=0.765 alpha=-0.036 beta=+0.004 | loss 3.2563 (delta +0.3710) size 309.8 MB sparsity 5.7%
=== generation 23/50 done in 548s (0 reused), batch baseline 2.8854, HV 0.17718, front 100 points, 100/100 feasible, best delta loss +0.0097, smallest 244.5 MB
gen 24 offspring [1/100] k= 29 (used  17.0) c=0.855 alpha=-0.014 beta=+0.038 | loss 3.3876 (delta +0.5022) size 282.8 MB sparsity 10.9%
gen 24 offspring [2/100] k= 16 (used  16.0) c=0.919 alpha=-0.005 beta=+0.146 | loss 3.7338 (delta +0.8485) size 245.9 MB sparsity 22.8%
gen 24 offspring [3/100] k= 16 (used  15.0) c=0.957 alpha=-0.006 beta=+0.246 | loss 3.8332 (delta +0.9479) size 245.3 MB sparsity 24.0%
gen 24 offspring [4/100] k= 99 (used  95.0) c=1.000 alpha=-0.016 beta=+0.001 | loss 2.8977 (delta +0.0123) size 433.3 MB sparsity 3.7%
gen 24 offspring [5/100] k= 28 (used  16.0) c=0.750 alpha=-0.147 beta=+0.098 | loss 3.3888 (delta +0.5035) size 248.0 MB sparsity 11.7%
gen 24 offspring [6/100] k= 17 (used  17.0) c=0.910 alpha=-0.010 beta=+0.070 | loss 3.4448 (delta +0.5594) size 260.6 MB sparsity 19.9%
gen 24 offspring [7/100] k= 33 (used  17.0) c=0.765 alpha=-0.036 beta=+0.015 | loss 3.2204 (delta +0.3350) size 288.6 MB sparsity 8.6%
gen 24 offspring [8/100] k= 30 (used  29.0) c=0.999 alpha=-0.085 beta=+0.020 | loss 3.0845 (delta +0.1991) size 309.8 MB sparsity 12.7%
gen 24 offspring [9/100] k= 16 (used  16.0) c=0.900 alpha=-0.061 beta=+0.090 | loss 3.6697 (delta +0.7844) size 246.2 MB sparsity 22.3%
gen 24 offspring [10/100] k= 16 (used  16.0) c=0.904 alpha=-0.006 beta=+0.080 | loss 3.6716 (delta +0.7863) size 246.2 MB sparsity 22.4%
gen 24 offspring [11/100] k= 19 (used  19.0) c=0.884 alpha=-0.085 beta=+0.084 | loss 3.2959 (delta +0.4105) size 308.2 MB sparsity 17.3%
gen 24 offspring [12/100] k= 16 (used  15.0) c=0.961 alpha=-0.155 beta=+0.050 | loss 3.8304 (delta +0.9450) size 245.2 MB sparsity 23.8%
gen 24 offspring [13/100] k= 30 (used  17.0) c=0.918 alpha=-0.087 beta=+0.018 | loss 3.4948 (delta +0.6095) size 280.9 MB sparsity 11.7%
gen 24 offspring [14/100] k= 16 (used  15.0) c=0.886 alpha=-0.194 beta=+0.225 | loss 3.6219 (delta +0.7365) size 246.4 MB sparsity 22.3%
gen 24 offspring [15/100] k= 22 (used  21.0) c=0.951 alpha=-0.071 beta=+0.040 | loss 3.2381 (delta +0.3528) size 308.5 MB sparsity 16.8%
gen 24 offspring [16/100] k= 22 (used  21.0) c=0.941 alpha=-0.017 beta=+0.213 | loss 3.2246 (delta +0.3393) size 308.4 MB sparsity 17.9%
gen 24 offspring [17/100] k= 17 (used  16.0) c=0.806 alpha=-0.239 beta=+0.067 | loss 3.9243 (delta +1.0389) size 247.9 MB sparsity 19.5%
gen 24 offspring [18/100] k=113 (used 112.0) c=0.997 alpha=-0.073 beta=+0.022 | loss 2.9000 (delta +0.0146) size 433.3 MB sparsity 4.7%
gen 24 offspring [19/100] k= 21 (used  13.0) c=0.911 alpha=-0.137 beta=+0.040 | loss 4.4345 (delta +1.5492) size 248.0 MB sparsity 16.1%
gen 24 offspring [20/100] k= 29 (used  13.0) c=0.771 alpha=-0.036 beta=+0.000 | loss 4.5901 (delta +1.7048) size 248.0 MB sparsity 9.9%
gen 24 offspring [21/100] k= 16 (used  15.0) c=0.940 alpha=-0.058 beta=+0.267 | loss 3.7493 (delta +0.8639) size 245.5 MB sparsity 24.0%
gen 24 offspring [22/100] k= 17 (used  17.0) c=0.851 alpha=-0.159 beta=+0.055 | loss 3.3332 (delta +0.4479) size 263.6 MB sparsity 18.7%
gen 24 offspring [23/100] k= 60 (used  59.0) c=0.795 alpha=-0.086 beta=+0.050 | loss 2.9450 (delta +0.0597) size 371.5 MB sparsity 6.3%
gen 24 offspring [24/100] k= 31 (used  31.0) c=0.899 alpha=-0.118 beta=+0.140 | loss 3.0291 (delta +0.1437) size 309.8 MB sparsity 12.0%
gen 24 offspring [25/100] k=111 (used 105.0) c=1.000 alpha=-0.012 beta=+0.257 | loss 2.9845 (delta +0.0991) size 433.2 MB sparsity 12.3%
gen 24 offspring [26/100] k= 16 (used  16.0) c=0.857 alpha=-0.215 beta=+0.256 | loss 3.5271 (delta +0.6417) size 246.6 MB sparsity 22.6%
gen 24 offspring [27/100] k= 27 (used  27.0) c=0.975 alpha=-0.049 beta=+0.142 | loss 3.0879 (delta +0.2025) size 309.8 MB sparsity 13.6%
gen 24 offspring [28/100] k= 21 (used  17.0) c=0.911 alpha=-0.079 beta=+0.028 | loss 3.2435 (delta +0.3581) size 270.0 MB sparsity 16.1%
gen 24 offspring [29/100] k= 31 (used  17.0) c=0.753 alpha=-0.088 beta=+0.045 | loss 3.2324 (delta +0.3471) size 287.4 MB sparsity 9.1%
gen 24 offspring [30/100] k= 17 (used  16.0) c=0.999 alpha=-0.020 beta=+0.232 | loss 3.5738 (delta +0.6884) size 246.5 MB sparsity 22.1%
gen 24 offspring [31/100] k=121 (used 118.9) c=0.900 alpha=-0.239 beta=+0.254 | loss 3.0941 (delta +0.2088) size 406.6 MB sparsity 20.5%
gen 24 offspring [32/100] k= 16 (used  15.0) c=0.999 alpha=-0.017 beta=+0.080 | loss 3.8694 (delta +0.9841) size 244.5 MB sparsity 24.6%
gen 24 offspring [33/100] k= 34 (used  18.0) c=0.760 alpha=-0.049 beta=+0.003 | loss 3.2014 (delta +0.3160) size 309.8 MB sparsity 8.5%
gen 24 offspring [34/100] k= 16 (used  16.0) c=0.894 alpha=-0.011 beta=+0.195 | loss 3.6735 (delta +0.7882) size 246.3 MB sparsity 22.2%
gen 24 offspring [35/100] k= 23 (used  22.0) c=0.941 alpha=-0.030 beta=+0.288 | loss 3.7604 (delta +0.8751) size 307.7 MB sparsity 19.7%
gen 24 offspring [36/100] k= 21 (used  17.0) c=0.911 alpha=-0.064 beta=+0.040 | loss 3.2448 (delta +0.3594) size 270.0 MB sparsity 16.1%
gen 24 offspring [37/100] k= 16 (used  15.0) c=0.998 alpha=-0.098 beta=+0.028 | loss 3.8642 (delta +0.9788) size 244.6 MB sparsity 24.6%
gen 24 offspring [38/100] k= 29 (used  29.0) c=0.975 alpha=-0.065 beta=+0.121 | loss 3.0521 (delta +0.1667) size 309.8 MB sparsity 12.5%
gen 24 offspring [39/100] k= 16 (used  16.0) c=0.803 alpha=-0.027 beta=+0.070 | loss 3.4903 (delta +0.6050) size 247.3 MB sparsity 20.1%
gen 24 offspring [40/100] k= 28 (used  24.0) c=0.735 alpha=-0.076 beta=+0.097 | loss 3.0531 (delta +0.1678) size 309.8 MB sparsity 10.2%
gen 24 offspring [41/100] k= 28 (used  16.0) c=0.771 alpha=-0.099 beta=+0.096 | loss 3.3931 (delta +0.5078) size 248.0 MB sparsity 10.7%
gen 24 offspring [42/100] k= 17 (used  16.0) c=0.999 alpha=-0.017 beta=+0.246 | loss 3.5941 (delta +0.7087) size 246.5 MB sparsity 22.4%
gen 24 offspring [43/100] k= 65 (used  65.0) c=0.950 alpha=-0.013 beta=+0.069 | loss 2.9167 (delta +0.0314) size 411.7 MB sparsity 5.8%
gen 24 offspring [44/100] k= 63 (used  63.0) c=0.934 alpha=-0.050 beta=+0.022 | loss 2.9224 (delta +0.0370) size 371.5 MB sparsity 5.5%
gen 24 offspring [45/100] k= 58 (used  31.0) c=0.795 alpha=-0.159 beta=+0.081 | loss 3.0185 (delta +0.1332) size 309.8 MB sparsity 10.3%
gen 24 offspring [46/100] k= 16 (used  15.0) c=0.998 alpha=-0.146 beta=+0.032 | loss 3.8690 (delta +0.9836) size 244.6 MB sparsity 24.6%
gen 24 offspring [47/100] k= 16 (used  15.0) c=0.951 alpha=-0.070 beta=+0.183 | loss 3.8205 (delta +0.9351) size 245.4 MB sparsity 23.5%
gen 24 offspring [48/100] k= 19 (used  18.0) c=0.790 alpha=-0.215 beta=+0.256 | loss 3.7859 (delta +0.9005) size 307.2 MB sparsity 20.5%
gen 24 offspring [49/100] k= 22 (used  22.0) c=0.902 alpha=-0.049 beta=+0.216 | loss 3.2437 (delta +0.3583) size 308.7 MB sparsity 17.6%
gen 24 offspring [50/100] k= 16 (used  16.0) c=0.775 alpha=-0.026 beta=+0.029 | loss 3.4485 (delta +0.5631) size 247.5 MB sparsity 19.4%
gen 24 offspring [51/100] k= 33 (used  17.0) c=0.771 alpha=-0.044 beta=+0.004 | loss 3.2161 (delta +0.3307) size 288.4 MB sparsity 8.7%
gen 24 offspring [52/100] k= 16 (used  15.0) c=0.962 alpha=-0.122 beta=+0.262 | loss 3.8093 (delta +0.9240) size 245.1 MB sparsity 24.3%
gen 24 offspring [53/100] k= 21 (used  21.0) c=0.975 alpha=-0.069 beta=+0.021 | loss 3.2790 (delta +0.3936) size 308.3 MB sparsity 17.2%
gen 24 offspring [54/100] k= 31 (used  17.0) c=0.753 alpha=-0.024 beta=+0.113 | loss 3.2353 (delta +0.3499) size 285.9 MB sparsity 9.7%
gen 24 offspring [55/100] k= 30 (used  29.0) c=0.967 alpha=-0.101 beta=+0.047 | loss 3.0502 (delta +0.1648) size 309.8 MB sparsity 12.3%
gen 24 offspring [56/100] k= 16 (used  16.0) c=0.775 alpha=-0.009 beta=+0.252 | loss 3.4993 (delta +0.6140) size 247.4 MB sparsity 21.0%
gen 24 offspring [57/100] k= 16 (used  15.0) c=0.908 alpha=-0.124 beta=+0.014 | loss 3.6848 (delta +0.7995) size 246.1 MB sparsity 22.5%
gen 24 offspring [58/100] k= 41 (used  41.0) c=0.998 alpha=-0.011 beta=+0.001 | loss 2.9588 (delta +0.0734) size 371.5 MB sparsity 9.0%
gen 24 offspring [59/100] k= 29 (used  17.0) c=0.742 alpha=-0.097 beta=+0.097 | loss 3.2997 (delta +0.4143) size 285.6 MB sparsity 9.8%
gen 24 offspring [60/100] k= 69 (used  67.0) c=0.749 alpha=-0.050 beta=+0.126 | loss 2.9686 (delta +0.0832) size 433.3 MB sparsity 7.6%
gen 24 offspring [61/100] k= 22 (used  22.0) c=0.806 alpha=-0.008 beta=+0.055 | loss 3.1391 (delta +0.2538) size 309.6 MB sparsity 14.3%
gen 24 offspring [62/100] k= 16 (used  16.0) c=0.801 alpha=-0.247 beta=+0.066 | loss 3.5587 (delta +0.6733) size 247.2 MB sparsity 21.2%
gen 24 offspring [63/100] k= 75 (used  74.0) c=0.985 alpha=-0.022 beta=+0.172 | loss 2.9472 (delta +0.0619) size 433.3 MB sparsity 9.6%
gen 24 offspring [64/100] k= 16 (used  16.0) c=0.850 alpha=-0.028 beta=+0.216 | loss 3.4802 (delta +0.5948) size 246.8 MB sparsity 21.4%
gen 24 offspring [65/100] k=113 (used  59.0) c=0.900 alpha=-0.156 beta=+0.115 | loss 2.9451 (delta +0.0598) size 371.5 MB sparsity 11.4%
gen 24 offspring [66/100] k= 31 (used  31.0) c=0.957 alpha=-0.013 beta=+0.114 | loss 3.0109 (delta +0.1256) size 309.8 MB sparsity 11.5%
gen 24 offspring [67/100] k= 26 (used  14.0) c=0.765 alpha=-0.076 beta=+0.004 | loss 3.4699 (delta +0.5845) size 248.0 MB sparsity 11.4%
gen 24 offspring [68/100] k= 70 (used  69.0) c=0.934 alpha=-0.040 beta=+0.081 | loss 2.9282 (delta +0.0428) size 433.3 MB sparsity 6.0%
gen 24 offspring [69/100] k= 65 (used  35.0) c=0.942 alpha=-0.013 beta=+0.086 | loss 2.9970 (delta +0.1116) size 371.5 MB sparsity 6.4%
gen 24 offspring [70/100] k= 16 (used   9.0) c=0.812 alpha=-0.036 beta=+0.007 | loss 6.0212 (delta +3.1358) size 210.5 MB sparsity 20.3%
gen 24 offspring [71/100] k= 17 (used  17.0) c=0.949 alpha=-0.211 beta=+0.005 | loss 3.4966 (delta +0.6112) size 258.1 MB sparsity 20.9%
gen 24 offspring [72/100] k=117 (used 115.0) c=1.000 alpha=-0.011 beta=+0.007 | loss 2.8956 (delta +0.0102) size 433.3 MB sparsity 3.1%
gen 24 offspring [73/100] k= 16 (used  15.0) c=0.945 alpha=-0.070 beta=+0.019 | loss 3.8140 (delta +0.9286) size 245.5 MB sparsity 23.4%
gen 24 offspring [74/100] k= 17 (used  17.0) c=0.804 alpha=-0.116 beta=+0.040 | loss 3.3444 (delta +0.4591) size 266.0 MB sparsity 17.7%
gen 24 offspring [75/100] k= 30 (used  29.0) c=0.969 alpha=-0.023 beta=+0.105 | loss 3.0469 (delta +0.1616) size 309.8 MB sparsity 12.3%
gen 24 offspring [76/100] k= 17 (used  15.0) c=0.806 alpha=-0.153 beta=+0.067 | loss 3.4142 (delta +0.5288) size 247.9 MB sparsity 17.7%
gen 24 offspring [77/100] k= 16 (used   9.0) c=0.899 alpha=-0.061 beta=+0.204 | loss 6.5189 (delta +3.6336) size 206.6 MB sparsity 22.4%
gen 24 offspring [78/100] k= 28 (used  26.0) c=0.887 alpha=-0.107 beta=+0.120 | loss 3.0830 (delta +0.1977) size 309.8 MB sparsity 12.3%
gen 24 offspring [79/100] k=154 (used  82.0) c=0.893 alpha=-0.036 beta=+0.057 | loss 2.9135 (delta +0.0281) size 433.3 MB sparsity 4.0%
gen 24 offspring [80/100] k= 16 (used  16.0) c=0.808 alpha=-0.190 beta=+0.225 | loss 3.4647 (delta +0.5794) size 247.2 MB sparsity 20.8%
gen 24 offspring [81/100] k= 16 (used  16.0) c=0.851 alpha=-0.018 beta=+0.200 | loss 3.4998 (delta +0.6144) size 246.8 MB sparsity 21.3%
gen 24 offspring [82/100] k= 73 (used  73.0) c=0.986 alpha=-0.022 beta=+0.051 | loss 2.9074 (delta +0.0221) size 433.3 MB sparsity 5.0%
gen 24 offspring [83/100] k= 33 (used  32.0) c=0.939 alpha=-0.067 beta=+0.256 | loss 3.1992 (delta +0.3139) size 309.8 MB sparsity 16.0%
gen 24 offspring [84/100] k= 28 (used  16.0) c=0.752 alpha=-0.088 beta=+0.171 | loss 3.4478 (delta +0.5625) size 248.0 MB sparsity 12.6%
gen 24 offspring [85/100] k= 27 (used  15.0) c=0.779 alpha=-0.085 beta=+0.096 | loss 3.4173 (delta +0.5319) size 248.0 MB sparsity 10.7%
gen 24 offspring [86/100] k= 16 (used  16.0) c=0.775 alpha=-0.178 beta=+0.020 | loss 3.4474 (delta +0.5621) size 247.5 MB sparsity 19.4%
gen 24 offspring [87/100] k= 25 (used  15.0) c=0.958 alpha=-0.097 beta=+0.157 | loss 4.0551 (delta +1.1698) size 248.0 MB sparsity 14.6%
gen 24 offspring [88/100] k= 29 (used  15.0) c=0.749 alpha=-0.033 beta=+0.004 | loss 3.3021 (delta +0.4167) size 248.0 MB sparsity 9.6%
gen 24 offspring [89/100] k= 55 (used  54.0) c=0.999 alpha=-0.067 beta=+0.068 | loss 2.9316 (delta +0.0462) size 371.5 MB sparsity 6.9%
gen 24 offspring [90/100] k= 16 (used  15.0) c=0.996 alpha=-0.248 beta=+0.247 | loss 3.8858 (delta +1.0004) size 244.6 MB sparsity 24.9%
gen 24 offspring [91/100] k= 65 (used  63.0) c=0.914 alpha=-0.040 beta=+0.005 | loss 2.9245 (delta +0.0391) size 371.5 MB sparsity 5.2%
gen 24 offspring [92/100] k= 17 (used  17.0) c=0.856 alpha=-0.086 beta=+0.050 | loss 3.3496 (delta +0.4643) size 263.4 MB sparsity 18.8%
gen 24 offspring [93/100] k= 24 (used  22.0) c=0.971 alpha=-0.060 beta=+0.255 | loss 3.6311 (delta +0.7457) size 308.3 MB sparsity 18.8%
gen 24 offspring [94/100] k= 23 (used  22.0) c=0.948 alpha=-0.212 beta=+0.246 | loss 3.7226 (delta +0.8372) size 307.8 MB sparsity 20.0%
gen 24 offspring [95/100] k= 29 (used  15.0) c=0.769 alpha=-0.036 beta=+0.001 | loss 3.3129 (delta +0.4276) size 248.0 MB sparsity 9.8%
gen 24 offspring [96/100] k= 20 (used  20.0) c=0.890 alpha=-0.094 beta=+0.010 | loss 3.2807 (delta +0.3954) size 308.1 MB sparsity 17.4%
gen 24 offspring [97/100] k= 16 (used  15.0) c=0.910 alpha=-0.105 beta=+0.066 | loss 3.7091 (delta +0.8238) size 246.1 MB sparsity 22.6%
gen 24 offspring [98/100] k=100 (used  53.0) c=0.900 alpha=-0.239 beta=+0.115 | loss 2.9955 (delta +0.1101) size 371.5 MB sparsity 14.8%
gen 24 offspring [99/100] k= 16 (used  15.0) c=0.944 alpha=-0.017 beta=+0.080 | loss 3.8147 (delta +0.9294) size 245.5 MB sparsity 23.4%
gen 24 offspring [100/100] k= 17 (used  17.0) c=0.803 alpha=-0.178 beta=+0.066 | loss 3.3548 (delta +0.4694) size 265.7 MB sparsity 17.9%
=== generation 24/50 done in 548s (0 reused), batch baseline 2.8854, HV 0.17765, front 100 points, 100/100 feasible, best delta loss +0.0097, smallest 244.5 MB
gen 25 offspring [1/100] k= 46 (used  45.0) c=0.974 alpha=-0.011 beta=+0.024 | loss 2.9515 (delta +0.0661) size 371.5 MB sparsity 8.0%
gen 25 offspring [2/100] k= 24 (used  23.0) c=0.997 alpha=-0.062 beta=+0.080 | loss 3.1848 (delta +0.2995) size 308.9 MB sparsity 16.0%
gen 25 offspring [3/100] k= 32 (used  30.0) c=0.999 alpha=-0.015 beta=+0.244 | loss 3.2451 (delta +0.3598) size 309.7 MB sparsity 16.3%
gen 25 offspring [4/100] k= 16 (used  15.0) c=0.940 alpha=-0.056 beta=+0.201 | loss 3.7445 (delta +0.8591) size 245.6 MB sparsity 23.3%
gen 25 offspring [5/100] k= 28 (used  28.0) c=0.813 alpha=-0.054 beta=+0.022 | loss 3.0300 (delta +0.1446) size 309.8 MB sparsity 11.2%
gen 25 offspring [6/100] k= 31 (used  30.0) c=0.804 alpha=-0.119 beta=+0.147 | loss 3.0657 (delta +0.1803) size 309.8 MB sparsity 11.9%
gen 25 offspring [7/100] k= 16 (used  16.0) c=0.804 alpha=-0.112 beta=+0.027 | loss 3.4949 (delta +0.6096) size 247.3 MB sparsity 20.1%
gen 25 offspring [8/100] k= 18 (used  17.0) c=0.929 alpha=-0.022 beta=+0.051 | loss 3.4589 (delta +0.5735) size 259.7 MB sparsity 20.3%
gen 25 offspring [9/100] k= 16 (used  15.0) c=0.925 alpha=-0.010 beta=+0.007 | loss 3.7526 (delta +0.8673) size 245.8 MB sparsity 22.9%
gen 25 offspring [10/100] k= 21 (used  21.0) c=0.923 alpha=-0.045 beta=+0.028 | loss 3.2032 (delta +0.3179) size 308.8 MB sparsity 16.3%
gen 25 offspring [11/100] k= 17 (used   9.0) c=0.809 alpha=-0.065 beta=+0.244 | loss 7.4686 (delta +4.5833) size 211.6 MB sparsity 19.7%
gen 25 offspring [12/100] k= 16 (used  16.0) c=0.775 alpha=-0.178 beta=+0.019 | loss 3.4474 (delta +0.5621) size 247.5 MB sparsity 19.4%
gen 25 offspring [13/100] k= 17 (used  16.0) c=0.999 alpha=-0.120 beta=+0.220 | loss 3.5647 (delta +0.6793) size 246.6 MB sparsity 21.9%
gen 25 offspring [14/100] k= 28 (used  15.0) c=0.962 alpha=-0.122 beta=+0.376 | loss 4.5323 (delta +1.6469) size 247.8 MB sparsity 22.0%
gen 25 offspring [15/100] k= 16 (used  15.0) c=0.998 alpha=-0.194 beta=+0.225 | loss 3.8685 (delta +0.9831) size 244.6 MB sparsity 24.6%
gen 25 offspring [16/100] k= 17 (used  17.0) c=0.880 alpha=-0.111 beta=+0.225 | loss 3.4122 (delta +0.5269) size 260.2 MB sparsity 20.1%
gen 25 offspring [17/100] k= 29 (used  11.0) c=0.962 alpha=-0.036 beta=+0.004 | loss 5.4562 (delta +2.5709) size 248.0 MB sparsity 12.3%
gen 25 offspring [18/100] k= 62 (used  60.0) c=0.918 alpha=-0.126 beta=+0.121 | loss 2.9758 (delta +0.0904) size 371.5 MB sparsity 10.6%
gen 25 offspring [19/100] k= 21 (used  21.0) c=0.942 alpha=-0.089 beta=+0.008 | loss 3.2052 (delta +0.3199) size 308.6 MB sparsity 16.6%
gen 25 offspring [20/100] k= 17 (used  15.0) c=0.806 alpha=-0.152 beta=+0.067 | loss 3.4156 (delta +0.5302) size 247.9 MB sparsity 17.7%
gen 25 offspring [21/100] k= 97 (used  94.0) c=0.950 alpha=-0.250 beta=+0.115 | loss 3.0076 (delta +0.1223) size 429.2 MB sparsity 15.2%
gen 25 offspring [22/100] k= 25 (used  25.0) c=0.952 alpha=-0.053 beta=+0.162 | loss 3.1058 (delta +0.2204) size 309.7 MB sparsity 14.7%
gen 25 offspring [23/100] k= 17 (used  15.0) c=0.803 alpha=-0.022 beta=+0.065 | loss 3.3965 (delta +0.5112) size 248.0 MB sparsity 17.7%
gen 25 offspring [24/100] k= 73 (used  73.0) c=0.968 alpha=-0.022 beta=+0.051 | loss 2.9114 (delta +0.0261) size 433.3 MB sparsity 5.0%
gen 25 offspring [25/100] k=103 (used  96.0) c=1.000 alpha=-0.017 beta=+0.122 | loss 2.9131 (delta +0.0277) size 433.3 MB sparsity 6.9%
gen 25 offspring [26/100] k= 16 (used  15.0) c=0.990 alpha=-0.062 beta=+0.021 | loss 3.8996 (delta +1.0143) size 244.7 MB sparsity 24.4%
gen 25 offspring [27/100] k= 20 (used  11.0) c=0.767 alpha=-0.044 beta=+0.002 | loss 4.3913 (delta +1.5059) size 248.0 MB sparsity 15.1%
gen 25 offspring [28/100] k= 75 (used  74.0) c=0.917 alpha=-0.112 beta=+0.004 | loss 2.9254 (delta +0.0400) size 433.3 MB sparsity 7.0%
gen 25 offspring [29/100] k= 16 (used  15.0) c=0.998 alpha=-0.146 beta=+0.262 | loss 3.8632 (delta +0.9778) size 244.5 MB sparsity 25.0%
gen 25 offspring [30/100] k= 16 (used  11.0) c=0.946 alpha=-0.095 beta=+0.010 | loss 4.7381 (delta +1.8527) size 245.5 MB sparsity 23.4%
gen 25 offspring [31/100] k= 24 (used  23.0) c=0.971 alpha=-0.060 beta=+0.023 | loss 3.1636 (delta +0.2783) size 309.1 MB sparsity 15.6%
gen 25 offspring [32/100] k= 45 (used  23.0) c=0.801 alpha=-0.036 beta=+0.004 | loss 3.0846 (delta +0.1992) size 309.8 MB sparsity 6.6%
gen 25 offspring [33/100] k= 17 (used  16.0) c=1.000 alpha=-0.017 beta=+0.244 | loss 3.5870 (delta +0.7017) size 246.5 MB sparsity 22.3%
gen 25 offspring [34/100] k= 16 (used  15.0) c=0.951 alpha=-0.024 beta=+0.080 | loss 3.8260 (delta +0.9406) size 245.4 MB sparsity 23.5%
gen 25 offspring [35/100] k=117 (used  61.0) c=0.999 alpha=-0.239 beta=+0.095 | loss 2.9938 (delta +0.1084) size 371.5 MB sparsity 14.0%
gen 25 offspring [36/100] k= 29 (used  27.0) c=0.932 alpha=-0.200 beta=+0.265 | loss 3.6095 (delta +0.7242) size 308.7 MB sparsity 19.7%
gen 25 offspring [37/100] k= 93 (used  89.0) c=1.000 alpha=-0.011 beta=+0.007 | loss 2.9040 (delta +0.0186) size 433.3 MB sparsity 3.9%
gen 25 offspring [38/100] k= 27 (used  27.0) c=0.996 alpha=-0.096 beta=+0.081 | loss 3.0918 (delta +0.2064) size 309.7 MB sparsity 13.6%
gen 25 offspring [39/100] k= 16 (used  16.0) c=0.910 alpha=-0.010 beta=+0.006 | loss 3.6982 (delta +0.8128) size 246.1 MB sparsity 22.6%
gen 25 offspring [40/100] k= 16 (used  16.0) c=0.851 alpha=-0.159 beta=+0.256 | loss 3.5128 (delta +0.6275) size 246.7 MB sparsity 22.3%
gen 25 offspring [41/100] k= 22 (used  13.0) c=0.919 alpha=-0.079 beta=+0.028 | loss 4.4191 (delta +1.5338) size 248.0 MB sparsity 16.2%
gen 25 offspring [42/100] k= 28 (used  27.0) c=0.942 alpha=-0.015 beta=+0.044 | loss 3.0923 (delta +0.2069) size 309.8 MB sparsity 12.9%
gen 25 offspring [43/100] k= 16 (used  16.0) c=0.857 alpha=-0.215 beta=+0.269 | loss 3.5483 (delta +0.6630) size 246.5 MB sparsity 22.9%
gen 25 offspring [44/100] k= 65 (used  65.0) c=0.942 alpha=-0.013 beta=+0.049 | loss 2.9162 (delta +0.0308) size 413.5 MB sparsity 5.3%
gen 25 offspring [45/100] k= 17 (used  16.0) c=0.999 alpha=-0.011 beta=+0.012 | loss 3.5627 (delta +0.6773) size 246.6 MB sparsity 21.7%
gen 25 offspring [46/100] k= 42 (used  41.0) c=0.971 alpha=-0.091 beta=+0.025 | loss 2.9610 (delta +0.0756) size 371.5 MB sparsity 8.9%
gen 25 offspring [47/100] k= 17 (used   9.0) c=0.771 alpha=-0.044 beta=+0.004 | loss 5.1291 (delta +2.2438) size 216.6 MB sparsity 17.0%
gen 25 offspring [48/100] k= 16 (used  15.0) c=0.996 alpha=-0.166 beta=+0.267 | loss 3.8673 (delta +0.9820) size 244.5 MB sparsity 25.0%
gen 25 offspring [49/100] k= 27 (used  15.0) c=0.931 alpha=-0.085 beta=+0.096 | loss 3.6846 (delta +0.7992) size 248.0 MB sparsity 12.8%
gen 25 offspring [50/100] k= 21 (used  13.0) c=0.907 alpha=-0.077 beta=+0.040 | loss 4.4540 (delta +1.5686) size 248.0 MB sparsity 16.0%
gen 25 offspring [51/100] k= 23 (used  23.0) c=0.952 alpha=-0.119 beta=+0.006 | loss 3.1339 (delta +0.2485) size 309.3 MB sparsity 15.3%
gen 25 offspring [52/100] k= 91 (used  89.0) c=0.989 alpha=-0.186 beta=+0.049 | loss 2.9432 (delta +0.0578) size 433.3 MB sparsity 10.1%
gen 25 offspring [53/100] k=113 (used 112.0) c=0.998 alpha=-0.011 beta=+0.067 | loss 2.9038 (delta +0.0184) size 433.3 MB sparsity 4.5%
gen 25 offspring [54/100] k= 16 (used  11.0) c=0.852 alpha=-0.159 beta=+0.081 | loss 4.3115 (delta +1.4261) size 246.8 MB sparsity 21.2%
gen 25 offspring [55/100] k= 29 (used  29.0) c=0.940 alpha=-0.026 beta=+0.016 | loss 3.0325 (delta +0.1471) size 309.8 MB sparsity 12.0%
gen 25 offspring [56/100] k=108 (used 103.0) c=1.000 alpha=-0.017 beta=+0.002 | loss 2.8978 (delta +0.0125) size 433.3 MB sparsity 3.4%
gen 25 offspring [57/100] k= 23 (used  23.0) c=0.951 alpha=-0.070 beta=+0.170 | loss 3.1425 (delta +0.2571) size 309.3 MB sparsity 15.8%
gen 25 offspring [58/100] k= 16 (used  16.0) c=0.742 alpha=-0.113 beta=+0.107 | loss 3.4521 (delta +0.5667) size 247.8 MB sparsity 18.6%
gen 25 offspring [59/100] k= 17 (used  16.0) c=0.803 alpha=-0.127 beta=+0.247 | loss 4.0275 (delta +1.1422) size 247.9 MB sparsity 19.7%
gen 25 offspring [60/100] k= 25 (used  22.0) c=0.985 alpha=-0.191 beta=+0.114 | loss 3.3552 (delta +0.4698) size 309.4 MB sparsity 15.9%
gen 25 offspring [61/100] k= 16 (used  15.0) c=0.995 alpha=-0.179 beta=+0.257 | loss 3.8495 (delta +0.9642) size 244.6 MB sparsity 24.8%
gen 25 offspring [62/100] k= 31 (used  31.0) c=0.768 alpha=-0.076 beta=+0.043 | loss 3.0065 (delta +0.1212) size 309.8 MB sparsity 9.2%
gen 25 offspring [63/100] k= 31 (used  17.0) c=0.749 alpha=-0.051 beta=+0.022 | loss 3.2334 (delta +0.3481) size 287.6 MB sparsity 9.0%
gen 25 offspring [64/100] k= 88 (used  87.0) c=0.942 alpha=-0.018 beta=+0.061 | loss 2.9195 (delta +0.0342) size 433.3 MB sparsity 4.7%
gen 25 offspring [65/100] k= 65 (used  65.0) c=0.934 alpha=-0.042 beta=+0.054 | loss 2.9147 (delta +0.0294) size 413.4 MB sparsity 5.4%
gen 25 offspring [66/100] k= 19 (used  11.0) c=0.900 alpha=-0.114 beta=+0.014 | loss 4.9714 (delta +2.0861) size 248.0 MB sparsity 17.6%
gen 25 offspring [67/100] k= 16 (used  15.0) c=0.962 alpha=-0.011 beta=+0.262 | loss 3.8093 (delta +0.9240) size 245.1 MB sparsity 24.3%
gen 25 offspring [68/100] k= 31 (used  17.0) c=0.753 alpha=-0.181 beta=+0.108 | loss 3.2639 (delta +0.3785) size 278.3 MB sparsity 12.7%
gen 25 offspring [69/100] k= 30 (used  29.0) c=0.986 alpha=-0.023 beta=+0.053 | loss 3.0658 (delta +0.1804) size 309.8 MB sparsity 12.6%
gen 25 offspring [70/100] k= 17 (used  17.0) c=0.940 alpha=-0.003 beta=+0.246 | loss 3.4755 (delta +0.5902) size 256.6 MB sparsity 21.5%
gen 25 offspring [71/100] k= 36 (used  36.0) c=0.886 alpha=-0.077 beta=+0.041 | loss 2.9857 (delta +0.1003) size 371.5 MB sparsity 9.3%
gen 25 offspring [72/100] k= 24 (used  23.0) c=0.950 alpha=-0.050 beta=+0.022 | loss 3.1342 (delta +0.2489) size 309.3 MB sparsity 15.3%
gen 25 offspring [73/100] k= 16 (used  15.0) c=0.946 alpha=-0.161 beta=+0.257 | loss 3.8027 (delta +0.9173) size 245.4 MB sparsity 23.9%
gen 25 offspring [74/100] k= 20 (used  19.0) c=0.775 alpha=-0.026 beta=+0.344 | loss 3.9659 (delta +1.0805) size 304.0 MB sparsity 21.9%
gen 25 offspring [75/100] k= 22 (used  21.0) c=0.960 alpha=-0.106 beta=+0.082 | loss 3.2520 (delta +0.3666) size 308.4 MB sparsity 16.9%
gen 25 offspring [76/100] k= 29 (used  29.0) c=0.961 alpha=-0.011 beta=+0.024 | loss 3.0529 (delta +0.1676) size 309.8 MB sparsity 12.3%
gen 25 offspring [77/100] k= 16 (used  15.0) c=0.882 alpha=-0.206 beta=+0.257 | loss 3.6320 (delta +0.7467) size 246.4 MB sparsity 22.9%
gen 25 offspring [78/100] k= 28 (used  16.0) c=0.742 alpha=-0.097 beta=+0.059 | loss 3.3637 (delta +0.4783) size 248.0 MB sparsity 10.3%
gen 25 offspring [79/100] k= 29 (used  28.0) c=0.894 alpha=-0.159 beta=+0.113 | loss 3.1110 (delta +0.2256) size 309.8 MB sparsity 12.9%
gen 25 offspring [80/100] k= 16 (used  15.0) c=0.995 alpha=-0.035 beta=+0.003 | loss 3.8571 (delta +0.9717) size 244.6 MB sparsity 24.5%
gen 25 offspring [81/100] k= 16 (used  16.0) c=0.808 alpha=-0.136 beta=+0.225 | loss 3.4653 (delta +0.5799) size 247.2 MB sparsity 20.8%
gen 25 offspring [82/100] k= 40 (used  22.0) c=0.747 alpha=-0.093 beta=+0.098 | loss 3.1348 (delta +0.2495) size 309.8 MB sparsity 8.6%
gen 25 offspring [83/100] k= 31 (used  15.0) c=0.765 alpha=-0.025 beta=+0.062 | loss 3.2716 (delta +0.3863) size 248.0 MB sparsity 9.1%
gen 25 offspring [84/100] k= 16 (used  15.0) c=0.940 alpha=-0.058 beta=+0.143 | loss 3.7466 (delta +0.8612) size 245.6 MB sparsity 23.3%
gen 25 offspring [85/100] k= 23 (used  23.0) c=0.924 alpha=-0.066 beta=+0.151 | loss 3.1206 (delta +0.2352) size 309.4 MB sparsity 15.1%
gen 25 offspring [86/100] k= 65 (used  35.0) c=0.793 alpha=-0.039 beta=+0.038 | loss 2.9926 (delta +0.1072) size 371.5 MB sparsity 4.5%
gen 25 offspring [87/100] k= 16 (used  10.0) c=0.849 alpha=-0.021 beta=+0.001 | loss 5.3833 (delta +2.4979) size 246.8 MB sparsity 21.2%
gen 25 offspring [88/100] k= 16 (used  16.0) c=0.766 alpha=-0.178 beta=+0.023 | loss 3.4738 (delta +0.5885) size 247.6 MB sparsity 19.2%
gen 25 offspring [89/100] k= 16 (used  15.0) c=0.913 alpha=-0.186 beta=+0.059 | loss 3.7211 (delta +0.8358) size 246.0 MB sparsity 22.6%
gen 25 offspring [90/100] k= 16 (used  15.0) c=0.996 alpha=-0.144 beta=+0.262 | loss 3.8573 (delta +0.9719) size 244.5 MB sparsity 24.9%
gen 25 offspring [91/100] k= 24 (used  23.0) c=0.931 alpha=-0.039 beta=+0.065 | loss 3.1231 (delta +0.2377) size 309.4 MB sparsity 15.0%
gen 25 offspring [92/100] k= 29 (used  15.0) c=0.742 alpha=-0.035 beta=+0.004 | loss 3.3085 (delta +0.4232) size 248.0 MB sparsity 9.5%
gen 25 offspring [93/100] k= 16 (used  15.0) c=0.976 alpha=-0.194 beta=+0.227 | loss 3.8859 (delta +1.0006) size 245.0 MB sparsity 24.2%
gen 25 offspring [94/100] k= 20 (used  19.0) c=0.914 alpha=-0.077 beta=+0.004 | loss 3.3141 (delta +0.4287) size 307.8 MB sparsity 17.9%
gen 25 offspring [95/100] k= 28 (used  15.0) c=0.991 alpha=-0.148 beta=+0.166 | loss 4.0496 (delta +1.1642) size 248.0 MB sparsity 14.8%
gen 25 offspring [96/100] k= 16 (used  15.0) c=0.836 alpha=-0.218 beta=+0.326 | loss 4.6695 (delta +1.7842) size 245.9 MB sparsity 24.6%
gen 25 offspring [97/100] k= 16 (used  15.0) c=0.911 alpha=-0.068 beta=+0.141 | loss 3.7155 (delta +0.8301) size 246.1 MB sparsity 22.6%
gen 25 offspring [98/100] k= 28 (used  16.0) c=0.749 alpha=-0.094 beta=+0.098 | loss 3.3715 (delta +0.4861) size 248.0 MB sparsity 10.4%
gen 25 offspring [99/100] k= 16 (used  16.0) c=0.808 alpha=-0.121 beta=+0.260 | loss 3.5026 (delta +0.6172) size 247.1 MB sparsity 21.7%
gen 25 offspring [100/100] k=119 (used 119.0) c=0.997 alpha=-0.017 beta=+0.001 | loss 2.8993 (delta +0.0139) size 433.3 MB sparsity 3.1%
=== generation 25/50 done in 550s (0 reused), batch baseline 2.8854, HV 0.17766, front 100 points, 100/100 feasible, best delta loss +0.0097, smallest 244.5 MB
gen 26 offspring [1/100] k= 23 (used  23.0) c=0.980 alpha=-0.079 beta=+0.028 | loss 3.1873 (delta +0.3020) size 309.1 MB sparsity 15.8%
gen 26 offspring [2/100] k= 40 (used  38.0) c=0.997 alpha=-0.092 beta=+0.171 | loss 3.0522 (delta +0.1668) size 371.5 MB sparsity 12.1%
gen 26 offspring [3/100] k= 16 (used  15.0) c=0.894 alpha=-0.194 beta=+0.043 | loss 3.6751 (delta +0.7898) size 246.3 MB sparsity 22.2%
gen 26 offspring [4/100] k= 30 (used  28.0) c=0.808 alpha=-0.194 beta=+0.231 | loss 3.3318 (delta +0.4464) size 309.6 MB sparsity 18.0%
gen 26 offspring [5/100] k=148 (used 143.0) c=1.000 alpha=-0.006 beta=+0.008 | loss 2.8926 (delta +0.0073) size 495.0 MB sparsity 2.5%
gen 26 offspring [6/100] k= 16 (used  15.0) c=0.904 alpha=-0.012 beta=+0.080 | loss 3.6770 (delta +0.7916) size 246.2 MB sparsity 22.4%
gen 26 offspring [7/100] k= 32 (used  30.0) c=0.769 alpha=-0.212 beta=+0.249 | loss 3.3669 (delta +0.4815) size 309.3 MB sparsity 19.4%
gen 26 offspring [8/100] k= 46 (used  45.0) c=0.989 alpha=-0.050 beta=+0.004 | loss 2.9523 (delta +0.0669) size 371.5 MB sparsity 8.1%
gen 26 offspring [9/100] k=113 (used  57.0) c=0.927 alpha=-0.239 beta=+0.115 | loss 3.0248 (delta +0.1394) size 371.5 MB sparsity 14.8%
gen 26 offspring [10/100] k= 16 (used  15.0) c=0.857 alpha=-0.215 beta=+0.446 | loss 5.4587 (delta +2.5734) size 238.1 MB sparsity 29.0%
gen 26 offspring [11/100] k= 17 (used  17.0) c=0.910 alpha=-0.124 beta=+0.014 | loss 3.4443 (delta +0.5590) size 260.6 MB sparsity 19.9%
gen 26 offspring [12/100] k= 16 (used  16.0) c=0.773 alpha=-0.177 beta=+0.017 | loss 3.4535 (delta +0.5681) size 247.5 MB sparsity 19.4%
gen 26 offspring [13/100] k= 16 (used  16.0) c=0.851 alpha=-0.010 beta=+0.258 | loss 3.5180 (delta +0.6326) size 246.7 MB sparsity 22.3%
gen 26 offspring [14/100] k= 46 (used  44.0) c=0.965 alpha=-0.011 beta=+0.240 | loss 3.0515 (delta +0.1661) size 371.5 MB sparsity 14.0%
gen 26 offspring [15/100] k=113 (used 111.0) c=1.000 alpha=-0.017 beta=+0.001 | loss 2.8950 (delta +0.0096) size 433.3 MB sparsity 3.2%
gen 26 offspring [16/100] k= 16 (used  15.0) c=0.954 alpha=-0.217 beta=+0.257 | loss 3.7996 (delta +0.9142) size 245.3 MB sparsity 24.1%
gen 26 offspring [17/100] k= 16 (used  16.0) c=0.864 alpha=-0.198 beta=+0.343 | loss 3.6661 (delta +0.7808) size 245.2 MB sparsity 25.3%
gen 26 offspring [18/100] k= 16 (used  15.0) c=0.937 alpha=-0.206 beta=+0.257 | loss 3.7267 (delta +0.8414) size 245.6 MB sparsity 23.8%
gen 26 offspring [19/100] k= 21 (used  17.0) c=0.911 alpha=-0.058 beta=+0.040 | loss 3.2435 (delta +0.3581) size 270.0 MB sparsity 16.1%
gen 26 offspring [20/100] k= 31 (used  30.0) c=0.764 alpha=-0.087 beta=+0.251 | loss 3.1686 (delta +0.2833) size 309.8 MB sparsity 15.1%
gen 26 offspring [21/100] k= 29 (used  29.0) c=0.934 alpha=-0.025 beta=+0.054 | loss 3.0350 (delta +0.1496) size 309.8 MB sparsity 11.9%
gen 26 offspring [22/100] k= 28 (used  16.0) c=0.742 alpha=-0.024 beta=+0.094 | loss 3.3614 (delta +0.4760) size 248.0 MB sparsity 10.3%
gen 26 offspring [23/100] k= 61 (used  60.0) c=0.978 alpha=-0.050 beta=+0.146 | loss 2.9649 (delta +0.0796) size 371.5 MB sparsity 9.1%
gen 26 offspring [24/100] k= 17 (used  16.0) c=0.998 alpha=-0.079 beta=+0.250 | loss 3.5865 (delta +0.7011) size 246.5 MB sparsity 22.5%
gen 26 offspring [25/100] k= 16 (used  15.0) c=0.995 alpha=-0.185 beta=+0.257 | loss 3.8491 (delta +0.9637) size 244.6 MB sparsity 24.8%
gen 26 offspring [26/100] k= 16 (used  16.0) c=0.772 alpha=-0.194 beta=+0.301 | loss 3.5868 (delta +0.7014) size 247.0 MB sparsity 22.7%
gen 26 offspring [27/100] k= 16 (used  15.0) c=0.962 alpha=-0.082 beta=+0.262 | loss 3.8093 (delta +0.9240) size 245.1 MB sparsity 24.3%
gen 26 offspring [28/100] k= 29 (used  15.0) c=0.771 alpha=-0.071 beta=+0.001 | loss 3.3108 (delta +0.4255) size 248.0 MB sparsity 9.9%
gen 26 offspring [29/100] k= 16 (used  16.0) c=0.771 alpha=-0.156 beta=+0.252 | loss 3.5102 (delta +0.6249) size 247.4 MB sparsity 20.9%
gen 26 offspring [30/100] k=112 (used 112.0) c=0.942 alpha=-0.008 beta=+0.001 | loss 2.8965 (delta +0.0111) size 433.3 MB sparsity 3.1%
gen 26 offspring [31/100] k= 31 (used  15.0) c=0.765 alpha=-0.085 beta=+0.004 | loss 3.2710 (delta +0.3856) size 248.0 MB sparsity 9.2%
gen 26 offspring [32/100] k= 40 (used  21.0) c=1.000 alpha=-0.077 beta=+0.040 | loss 3.2411 (delta +0.3557) size 309.8 MB sparsity 9.4%
gen 26 offspring [33/100] k= 16 (used  16.0) c=0.806 alpha=-0.007 beta=+0.080 | loss 3.5138 (delta +0.6284) size 247.3 MB sparsity 20.1%
gen 26 offspring [34/100] k= 16 (used  15.0) c=0.997 alpha=-0.146 beta=+0.240 | loss 3.8612 (delta +0.9758) size 244.6 MB sparsity 24.7%
gen 26 offspring [35/100] k= 23 (used  23.0) c=0.961 alpha=-0.119 beta=+0.068 | loss 3.1538 (delta +0.2684) size 309.2 MB sparsity 15.5%
gen 26 offspring [36/100] k= 23 (used  22.0) c=0.951 alpha=-0.068 beta=+0.258 | loss 3.6245 (delta +0.7392) size 308.4 MB sparsity 18.7%
gen 26 offspring [37/100] k=100 (used  52.0) c=0.901 alpha=-0.239 beta=+0.015 | loss 2.9871 (delta +0.1017) size 371.5 MB sparsity 11.6%
gen 26 offspring [38/100] k= 18 (used  17.0) c=0.783 alpha=-0.350 beta=+0.248 | loss 4.2684 (delta +1.3831) size 247.1 MB sparsity 25.4%
gen 26 offspring [39/100] k= 24 (used  13.0) c=0.977 alpha=-0.044 beta=+0.004 | loss 4.3225 (delta +1.4371) size 248.0 MB sparsity 15.7%
gen 26 offspring [40/100] k= 16 (used  15.0) c=0.997 alpha=-0.059 beta=+0.068 | loss 3.8624 (delta +0.9770) size 244.6 MB sparsity 24.6%
gen 26 offspring [41/100] k= 17 (used  17.0) c=0.908 alpha=-0.125 beta=+0.099 | loss 3.4430 (delta +0.5577) size 260.7 MB sparsity 19.9%
gen 26 offspring [42/100] k= 24 (used  24.0) c=0.882 alpha=-0.190 beta=+0.050 | loss 3.1524 (delta +0.2671) size 309.5 MB sparsity 15.6%
gen 26 offspring [43/100] k= 29 (used  15.0) c=0.749 alpha=-0.056 beta=+0.001 | loss 3.3021 (delta +0.4167) size 248.0 MB sparsity 9.6%
gen 26 offspring [44/100] k= 16 (used  15.0) c=0.986 alpha=-0.028 beta=+0.051 | loss 3.8932 (delta +1.0078) size 244.8 MB sparsity 24.3%
gen 26 offspring [45/100] k= 63 (used  63.0) c=0.927 alpha=-0.050 beta=+0.022 | loss 2.9215 (delta +0.0361) size 371.5 MB sparsity 5.4%
gen 26 offspring [46/100] k= 16 (used  15.0) c=0.882 alpha=-0.218 beta=+0.257 | loss 3.6352 (delta +0.7499) size 246.3 MB sparsity 23.0%
gen 26 offspring [47/100] k= 28 (used  16.0) c=0.765 alpha=-0.026 beta=+0.136 | loss 3.4012 (delta +0.5158) size 248.0 MB sparsity 11.5%
gen 26 offspring [48/100] k= 30 (used  29.0) c=0.969 alpha=-0.030 beta=+0.112 | loss 3.0466 (delta +0.1612) size 309.8 MB sparsity 12.4%
gen 26 offspring [49/100] k= 17 (used  17.0) c=0.940 alpha=-0.066 beta=+0.254 | loss 3.4850 (delta +0.5996) size 256.0 MB sparsity 21.8%
gen 26 offspring [50/100] k= 20 (used  17.0) c=0.906 alpha=-0.069 beta=+0.025 | loss 3.3546 (delta +0.4692) size 266.0 MB sparsity 17.7%
gen 26 offspring [51/100] k= 23 (used  23.0) c=0.951 alpha=-0.071 beta=+0.082 | loss 3.1325 (delta +0.2471) size 309.3 MB sparsity 15.3%
gen 26 offspring [52/100] k= 60 (used  33.0) c=0.788 alpha=-0.086 beta=+0.233 | loss 3.0466 (delta +0.1612) size 330.0 MB sparsity 13.4%
gen 26 offspring [53/100] k= 16 (used  16.0) c=0.804 alpha=-0.020 beta=+0.100 | loss 3.4949 (delta +0.6096) size 247.3 MB sparsity 20.1%
gen 26 offspring [54/100] k= 16 (used  16.0) c=0.850 alpha=-0.215 beta=+0.257 | loss 3.5102 (delta +0.6249) size 246.7 MB sparsity 22.5%
gen 26 offspring [55/100] k= 16 (used  15.0) c=0.962 alpha=-0.005 beta=+0.262 | loss 3.8093 (delta +0.9240) size 245.1 MB sparsity 24.3%
gen 26 offspring [56/100] k= 16 (used   7.0) c=0.948 alpha=-0.025 beta=+0.070 | loss 11.2028 (delta +8.3175) size 186.3 MB sparsity 23.5%
gen 26 offspring [57/100] k= 33 (used  33.0) c=0.939 alpha=-0.026 beta=+0.056 | loss 2.9984 (delta +0.1131) size 339.1 MB sparsity 10.5%
gen 26 offspring [58/100] k= 33 (used  19.0) c=0.771 alpha=-0.044 beta=+0.004 | loss 3.2157 (delta +0.3303) size 309.8 MB sparsity 8.7%
gen 26 offspring [59/100] k= 16 (used  16.0) c=0.857 alpha=-0.215 beta=+0.269 | loss 3.5489 (delta +0.6635) size 246.5 MB sparsity 22.9%
gen 26 offspring [60/100] k= 65 (used  65.0) c=0.939 alpha=-0.009 beta=+0.015 | loss 2.9166 (delta +0.0313) size 413.7 MB sparsity 5.3%
gen 26 offspring [61/100] k= 16 (used  15.0) c=0.997 alpha=-0.107 beta=+0.265 | loss 3.8635 (delta +0.9781) size 244.5 MB sparsity 25.0%
gen 26 offspring [62/100] k= 16 (used  16.0) c=0.911 alpha=-0.159 beta=+0.025 | loss 3.6956 (delta +0.8102) size 246.1 MB sparsity 22.6%
gen 26 offspring [63/100] k= 18 (used  16.0) c=1.000 alpha=-0.017 beta=+0.028 | loss 3.5647 (delta +0.6794) size 246.6 MB sparsity 21.7%
gen 26 offspring [64/100] k= 16 (used  15.0) c=0.917 alpha=-0.212 beta=+0.296 | loss 3.7856 (delta +0.9003) size 245.4 MB sparsity 24.6%
gen 26 offspring [65/100] k= 16 (used  14.0) c=0.981 alpha=-0.160 beta=+0.081 | loss 3.9054 (delta +1.0201) size 244.9 MB sparsity 24.2%
gen 26 offspring [66/100] k= 16 (used  15.0) c=0.876 alpha=-0.066 beta=+0.246 | loss 3.6022 (delta +0.7169) size 246.5 MB sparsity 22.5%
gen 26 offspring [67/100] k= 16 (used   9.0) c=0.997 alpha=-0.146 beta=+0.132 | loss 7.1571 (delta +4.2717) size 202.5 MB sparsity 24.6%
gen 26 offspring [68/100] k= 67 (used  25.0) c=0.765 alpha=-0.000 beta=+0.001 | loss 3.1009 (delta +0.2156) size 309.8 MB sparsity 4.2%
gen 26 offspring [69/100] k=115 (used  59.0) c=0.979 alpha=-0.102 beta=+0.043 | loss 2.9293 (delta +0.0440) size 371.5 MB sparsity 6.3%
gen 26 offspring [70/100] k= 28 (used  28.0) c=0.912 alpha=-0.049 beta=+0.142 | loss 3.0762 (delta +0.1909) size 309.8 MB sparsity 13.0%
gen 26 offspring [71/100] k= 29 (used  29.0) c=0.983 alpha=-0.125 beta=+0.112 | loss 3.0631 (delta +0.1777) size 309.8 MB sparsity 12.7%
gen 26 offspring [72/100] k= 18 (used  18.0) c=0.939 alpha=-0.224 beta=+0.257 | loss 3.4933 (delta +0.6079) size 302.7 MB sparsity 22.3%
gen 26 offspring [73/100] k= 16 (used  15.0) c=0.881 alpha=-0.177 beta=+0.019 | loss 3.6293 (delta +0.7439) size 246.5 MB sparsity 21.9%
gen 26 offspring [74/100] k= 26 (used  25.0) c=0.986 alpha=-0.033 beta=+0.024 | loss 3.1155 (delta +0.2302) size 309.5 MB sparsity 14.6%
gen 26 offspring [75/100] k= 36 (used  17.0) c=0.988 alpha=-0.016 beta=+0.072 | loss 3.3785 (delta +0.4931) size 284.1 MB sparsity 10.4%
gen 26 offspring [76/100] k= 66 (used  63.0) c=1.000 alpha=-0.017 beta=+0.060 | loss 2.9250 (delta +0.0397) size 371.5 MB sparsity 5.8%
gen 26 offspring [77/100] k= 31 (used  17.0) c=0.752 alpha=-0.027 beta=+0.120 | loss 3.2384 (delta +0.3531) size 285.3 MB sparsity 9.9%
gen 26 offspring [78/100] k= 21 (used  15.0) c=0.902 alpha=-0.093 beta=+0.081 | loss 3.3992 (delta +0.5139) size 248.0 MB sparsity 16.0%
gen 26 offspring [79/100] k= 30 (used  30.0) c=0.883 alpha=-0.119 beta=+0.100 | loss 3.0250 (delta +0.1397) size 309.8 MB sparsity 11.5%
gen 26 offspring [80/100] k= 60 (used  32.0) c=0.795 alpha=-0.086 beta=+0.054 | loss 2.9908 (delta +0.1055) size 309.8 MB sparsity 6.4%
gen 26 offspring [81/100] k= 16 (used  15.0) c=0.949 alpha=-0.215 beta=+0.171 | loss 3.7962 (delta +0.9109) size 245.4 MB sparsity 23.5%
gen 26 offspring [82/100] k= 29 (used  29.0) c=0.939 alpha=-0.026 beta=+0.060 | loss 3.0348 (delta +0.1494) size 309.8 MB sparsity 12.0%
gen 26 offspring [83/100] k= 33 (used  33.0) c=0.768 alpha=-0.060 beta=+0.001 | loss 2.9854 (delta +0.1000) size 344.9 MB sparsity 8.6%
gen 26 offspring [84/100] k= 54 (used  51.9) c=0.808 alpha=-0.194 beta=+0.309 | loss 3.1799 (delta +0.2945) size 356.1 MB sparsity 20.8%
gen 26 offspring [85/100] k= 21 (used  21.0) c=0.902 alpha=-0.006 beta=+0.016 | loss 3.1975 (delta +0.3121) size 309.0 MB sparsity 16.0%
gen 26 offspring [86/100] k= 29 (used  29.0) c=0.992 alpha=-0.026 beta=+0.094 | loss 3.0773 (delta +0.1920) size 309.8 MB sparsity 12.6%
gen 26 offspring [87/100] k= 17 (used  17.0) c=1.000 alpha=-0.017 beta=+0.259 | loss 3.5669 (delta +0.6816) size 253.7 MB sparsity 22.7%
gen 26 offspring [88/100] k= 40 (used  40.0) c=0.881 alpha=-0.203 beta=+0.269 | loss 3.1362 (delta +0.2508) size 360.1 MB sparsity 19.7%
gen 26 offspring [89/100] k= 16 (used  16.0) c=0.762 alpha=-0.170 beta=+0.066 | loss 3.4548 (delta +0.5695) size 247.6 MB sparsity 19.1%
gen 26 offspring [90/100] k= 16 (used  15.0) c=0.954 alpha=-0.205 beta=+0.257 | loss 3.8011 (delta +0.9158) size 245.3 MB sparsity 24.1%
gen 26 offspring [91/100] k= 30 (used  17.0) c=0.750 alpha=-0.094 beta=+0.098 | loss 3.2696 (delta +0.3842) size 285.5 MB sparsity 9.8%
gen 26 offspring [92/100] k= 17 (used  15.0) c=0.804 alpha=-0.127 beta=+0.085 | loss 3.4106 (delta +0.5252) size 248.0 MB sparsity 17.7%
gen 26 offspring [93/100] k=112 (used 111.0) c=1.000 alpha=-0.011 beta=+0.007 | loss 2.9013 (delta +0.0160) size 433.3 MB sparsity 3.3%
gen 26 offspring [94/100] k= 31 (used  30.0) c=0.957 alpha=-0.117 beta=+0.148 | loss 3.1266 (delta +0.2413) size 309.8 MB sparsity 12.6%
gen 26 offspring [95/100] k= 16 (used  15.0) c=0.989 alpha=-0.022 beta=+0.051 | loss 3.9018 (delta +1.0164) size 244.7 MB sparsity 24.4%
gen 26 offspring [96/100] k= 21 (used  13.0) c=0.742 alpha=-0.098 beta=+0.058 | loss 4.1265 (delta +1.2411) size 248.0 MB sparsity 13.2%
gen 26 offspring [97/100] k=113 (used 113.0) c=1.000 alpha=-0.017 beta=+0.000 | loss 2.8954 (delta +0.0101) size 433.3 MB sparsity 3.2%
gen 26 offspring [98/100] k= 23 (used  23.0) c=0.961 alpha=-0.079 beta=+0.054 | loss 3.1555 (delta +0.2702) size 309.2 MB sparsity 15.5%
gen 26 offspring [99/100] k= 74 (used  69.0) c=0.908 alpha=-0.069 beta=+0.141 | loss 2.9429 (delta +0.0575) size 433.3 MB sparsity 9.0%
gen 26 offspring [100/100] k= 29 (used  17.0) c=0.911 alpha=-0.077 beta=+0.095 | loss 3.4928 (delta +0.6074) size 281.1 MB sparsity 11.6%
=== generation 26/50 done in 549s (0 reused), batch baseline 2.8854, HV 0.17874, front 97 points, 100/100 feasible, best delta loss +0.0073, smallest 244.5 MB
gen 27 offspring [1/100] k= 29 (used  29.0) c=0.788 alpha=-0.022 beta=+0.048 | loss 3.0227 (delta +0.1374) size 309.8 MB sparsity 10.1%
gen 27 offspring [2/100] k= 32 (used  31.0) c=0.868 alpha=-0.198 beta=+0.011 | loss 3.0903 (delta +0.2050) size 309.8 MB sparsity 13.6%
gen 27 offspring [3/100] k= 28 (used  16.0) c=0.774 alpha=-0.027 beta=+0.094 | loss 3.3862 (delta +0.5008) size 248.0 MB sparsity 10.7%
gen 27 offspring [4/100] k= 16 (used  16.0) c=0.886 alpha=-0.178 beta=+0.226 | loss 3.6108 (delta +0.7254) size 246.4 MB sparsity 22.3%
gen 27 offspring [5/100] k=183 (used 181.0) c=1.000 alpha=-0.017 beta=+0.001 | loss 2.8921 (delta +0.0068) size 495.0 MB sparsity 2.0%
gen 27 offspring [6/100] k= 25 (used  25.0) c=0.957 alpha=-0.033 beta=+0.094 | loss 3.1102 (delta +0.2249) size 309.7 MB sparsity 14.2%
gen 27 offspring [7/100] k= 16 (used  15.0) c=0.882 alpha=-0.219 beta=+0.257 | loss 3.6392 (delta +0.7538) size 246.3 MB sparsity 23.0%
gen 27 offspring [8/100] k= 17 (used  17.0) c=0.998 alpha=-0.031 beta=+0.113 | loss 3.5530 (delta +0.6677) size 256.2 MB sparsity 21.7%
gen 27 offspring [9/100] k= 31 (used  15.0) c=0.764 alpha=-0.088 beta=+0.004 | loss 3.2728 (delta +0.3875) size 248.0 MB sparsity 9.2%
gen 27 offspring [10/100] k= 16 (used  16.0) c=0.850 alpha=-0.007 beta=+0.250 | loss 3.4907 (delta +0.6054) size 246.7 MB sparsity 22.1%
gen 27 offspring [11/100] k= 29 (used  28.0) c=0.930 alpha=-0.194 beta=+0.146 | loss 3.1434 (delta +0.2580) size 309.8 MB sparsity 15.1%
gen 27 offspring [12/100] k= 16 (used  16.0) c=0.869 alpha=-0.153 beta=+0.270 | loss 3.5704 (delta +0.6850) size 246.4 MB sparsity 23.0%
gen 27 offspring [13/100] k= 63 (used  63.0) c=0.853 alpha=-0.048 beta=+0.013 | loss 2.9260 (delta +0.0407) size 371.5 MB sparsity 5.0%
gen 27 offspring [14/100] k= 21 (used  17.0) c=0.911 alpha=-0.039 beta=+0.065 | loss 3.2435 (delta +0.3581) size 270.0 MB sparsity 16.1%
gen 27 offspring [15/100] k= 42 (used  41.0) c=0.971 alpha=-0.095 beta=+0.025 | loss 2.9620 (delta +0.0766) size 371.5 MB sparsity 9.0%
gen 27 offspring [16/100] k=162 (used 159.0) c=1.000 alpha=-0.006 beta=+0.009 | loss 2.8917 (delta +0.0063) size 495.0 MB sparsity 2.3%
gen 27 offspring [17/100] k= 29 (used  28.0) c=0.940 alpha=-0.220 beta=+0.008 | loss 3.1677 (delta +0.2824) size 309.8 MB sparsity 15.4%
gen 27 offspring [18/100] k= 16 (used  15.0) c=0.902 alpha=-0.005 beta=+0.260 | loss 3.6742 (delta +0.7889) size 246.1 MB sparsity 23.2%
gen 27 offspring [19/100] k=113 (used 111.0) c=1.000 alpha=-0.017 beta=+0.001 | loss 2.8950 (delta +0.0096) size 433.3 MB sparsity 3.2%
gen 27 offspring [20/100] k= 16 (used  15.0) c=0.996 alpha=-0.185 beta=+0.257 | loss 3.8564 (delta +0.9711) size 244.6 MB sparsity 24.9%
gen 27 offspring [21/100] k= 40 (used  38.0) c=0.991 alpha=-0.008 beta=+0.124 | loss 3.0399 (delta +0.1545) size 371.5 MB sparsity 10.3%
gen 27 offspring [22/100] k= 22 (used  20.0) c=0.919 alpha=-0.049 beta=+0.257 | loss 3.7562 (delta +0.8709) size 307.8 MB sparsity 19.2%
gen 27 offspring [23/100] k=130 (used 126.0) c=1.000 alpha=-0.097 beta=+0.007 | loss 2.8990 (delta +0.0136) size 433.3 MB sparsity 5.5%
gen 27 offspring [24/100] k= 60 (used  59.0) c=0.915 alpha=-0.086 beta=+0.040 | loss 2.9505 (delta +0.0651) size 371.5 MB sparsity 6.7%
gen 27 offspring [25/100] k= 23 (used  13.0) c=0.750 alpha=-0.061 beta=+0.063 | loss 3.6627 (delta +0.7773) size 248.0 MB sparsity 12.2%
gen 27 offspring [26/100] k= 16 (used  15.0) c=0.967 alpha=-0.092 beta=+0.337 | loss 4.0127 (delta +1.1273) size 243.6 MB sparsity 26.5%
gen 27 offspring [27/100] k= 16 (used  16.0) c=0.814 alpha=-0.199 beta=+0.023 | loss 3.4997 (delta +0.6143) size 247.2 MB sparsity 20.5%
gen 27 offspring [28/100] k=113 (used 113.0) c=0.983 alpha=-0.002 beta=+0.001 | loss 2.8974 (delta +0.0120) size 433.3 MB sparsity 3.2%
gen 27 offspring [29/100] k= 16 (used  16.0) c=0.797 alpha=-0.194 beta=+0.196 | loss 3.4875 (delta +0.6022) size 247.3 MB sparsity 20.2%
gen 27 offspring [30/100] k= 27 (used  24.0) c=0.975 alpha=-0.069 beta=+0.024 | loss 3.0947 (delta +0.2093) size 309.8 MB sparsity 13.4%
gen 27 offspring [31/100] k= 22 (used  19.0) c=0.998 alpha=-0.149 beta=+0.262 | loss 3.9390 (delta +1.0536) size 306.7 MB sparsity 20.2%
gen 27 offspring [32/100] k= 29 (used  15.0) c=0.941 alpha=-0.071 beta=+0.008 | loss 3.5320 (delta +0.6467) size 248.0 MB sparsity 12.0%
gen 27 offspring [33/100] k= 20 (used  20.0) c=0.916 alpha=-0.080 beta=+0.040 | loss 3.3074 (delta +0.4220) size 307.8 MB sparsity 17.9%
gen 27 offspring [34/100] k= 21 (used  21.0) c=0.884 alpha=-0.010 beta=+0.051 | loss 3.1779 (delta +0.2926) size 309.1 MB sparsity 15.7%
gen 27 offspring [35/100] k= 17 (used  15.0) c=0.802 alpha=-0.153 beta=+0.067 | loss 3.3947 (delta +0.5094) size 248.0 MB sparsity 17.7%
gen 27 offspring [36/100] k= 23 (used  23.0) c=0.771 alpha=-0.063 beta=+0.054 | loss 3.1093 (delta +0.2240) size 309.8 MB sparsity 12.5%
gen 27 offspring [37/100] k= 16 (used  15.0) c=0.944 alpha=-0.001 beta=+0.246 | loss 3.8216 (delta +0.9363) size 245.5 MB sparsity 23.7%
gen 27 offspring [38/100] k= 16 (used  15.0) c=0.962 alpha=-0.211 beta=+0.262 | loss 3.8089 (delta +0.9236) size 245.1 MB sparsity 24.3%
gen 27 offspring [39/100] k= 33 (used  17.0) c=0.748 alpha=-0.011 beta=+0.004 | loss 3.2295 (delta +0.3442) size 289.0 MB sparsity 8.4%
gen 27 offspring [40/100] k= 36 (used  35.0) c=0.951 alpha=-0.070 beta=+0.008 | loss 2.9930 (delta +0.1076) size 371.5 MB sparsity 10.0%
gen 27 offspring [41/100] k= 48 (used  26.0) c=0.795 alpha=-0.086 beta=+0.054 | loss 3.0682 (delta +0.1828) size 309.8 MB sparsity 7.0%
gen 27 offspring [42/100] k= 21 (used  21.0) c=0.725 alpha=-0.178 beta=+0.020 | loss 3.1835 (delta +0.2982) size 309.8 MB sparsity 14.4%
gen 27 offspring [43/100] k= 28 (used  27.0) c=0.975 alpha=-0.014 beta=+0.054 | loss 3.0890 (delta +0.2037) size 309.8 MB sparsity 13.3%
gen 27 offspring [44/100] k= 65 (used  63.0) c=1.000 alpha=-0.006 beta=+0.008 | loss 2.9253 (delta +0.0399) size 371.5 MB sparsity 5.6%
gen 27 offspring [45/100] k= 57 (used  57.0) c=0.902 alpha=-0.057 beta=+0.022 | loss 2.9380 (delta +0.0526) size 371.5 MB sparsity 5.9%
gen 27 offspring [46/100] k= 31 (used  17.0) c=0.743 alpha=-0.087 beta=+0.121 | loss 3.2459 (delta +0.3605) size 285.2 MB sparsity 10.0%
gen 27 offspring [47/100] k=100 (used  51.0) c=0.992 alpha=-0.014 beta=+0.039 | loss 2.9366 (delta +0.0512) size 371.5 MB sparsity 3.7%
gen 27 offspring [48/100] k= 16 (used  14.0) c=0.761 alpha=-0.060 beta=+0.339 | loss 4.6311 (delta +1.7458) size 246.6 MB sparsity 23.8%
gen 27 offspring [49/100] k= 29 (used  29.0) c=0.996 alpha=-0.156 beta=+0.043 | loss 3.0801 (delta +0.1947) size 309.8 MB sparsity 13.5%
gen 27 offspring [50/100] k= 16 (used  16.0) c=0.775 alpha=-0.194 beta=+0.020 | loss 3.4480 (delta +0.5627) size 247.5 MB sparsity 19.6%
gen 27 offspring [51/100] k= 16 (used  16.0) c=0.779 alpha=-0.027 beta=+0.353 | loss 3.6686 (delta +0.7832) size 246.1 MB sparsity 24.5%
gen 27 offspring [52/100] k= 24 (used  14.0) c=0.760 alpha=-0.060 beta=+0.023 | loss 3.6330 (delta +0.7476) size 248.0 MB sparsity 12.3%
gen 27 offspring [53/100] k= 16 (used  15.0) c=0.997 alpha=-0.013 beta=+0.150 | loss 3.8586 (delta +0.9733) size 244.6 MB sparsity 24.6%
gen 27 offspring [54/100] k= 30 (used  27.0) c=0.969 alpha=-0.196 beta=+0.267 | loss 3.6434 (delta +0.7580) size 308.6 MB sparsity 19.8%
gen 27 offspring [55/100] k= 87 (used  85.0) c=0.927 alpha=-0.052 beta=+0.054 | loss 2.9277 (delta +0.0424) size 433.3 MB sparsity 4.8%
gen 27 offspring [56/100] k= 16 (used  16.0) c=0.885 alpha=-0.010 beta=+0.060 | loss 3.6135 (delta +0.7281) size 246.4 MB sparsity 22.0%
gen 27 offspring [57/100] k= 16 (used  16.0) c=0.806 alpha=-0.054 beta=+0.014 | loss 3.5098 (delta +0.6245) size 247.3 MB sparsity 20.1%
gen 27 offspring [58/100] k= 57 (used  57.0) c=0.942 alpha=-0.013 beta=+0.059 | loss 2.9487 (delta +0.0634) size 371.5 MB sparsity 6.1%
gen 27 offspring [59/100] k= 16 (used  15.0) c=0.997 alpha=-0.020 beta=+0.023 | loss 3.8629 (delta +0.9776) size 244.6 MB sparsity 24.6%
gen 27 offspring [60/100] k= 16 (used  15.0) c=0.912 alpha=-0.161 beta=+0.081 | loss 3.7226 (delta +0.8372) size 246.0 MB sparsity 22.6%
gen 27 offspring [61/100] k= 28 (used  16.0) c=0.714 alpha=-0.087 beta=+0.098 | loss 3.3879 (delta +0.5025) size 248.0 MB sparsity 9.9%
gen 27 offspring [62/100] k= 29 (used  15.0) c=0.771 alpha=-0.068 beta=+0.001 | loss 3.3108 (delta +0.4255) size 248.0 MB sparsity 9.9%
gen 27 offspring [63/100] k= 16 (used  15.0) c=0.962 alpha=-0.011 beta=+0.263 | loss 3.8139 (delta +0.9285) size 245.1 MB sparsity 24.4%
gen 27 offspring [64/100] k= 16 (used  15.0) c=0.882 alpha=-0.206 beta=+0.098 | loss 3.6251 (delta +0.7397) size 246.4 MB sparsity 22.0%
gen 27 offspring [65/100] k= 26 (used  25.0) c=0.975 alpha=-0.069 beta=+0.005 | loss 3.1130 (delta +0.2276) size 309.6 MB sparsity 14.4%
gen 27 offspring [66/100] k= 18 (used  17.0) c=0.905 alpha=-0.093 beta=+0.110 | loss 3.4400 (delta +0.5547) size 260.8 MB sparsity 19.8%
gen 27 offspring [67/100] k= 16 (used  16.0) c=0.857 alpha=-0.215 beta=+0.150 | loss 3.5130 (delta +0.6276) size 246.7 MB sparsity 21.5%
gen 27 offspring [68/100] k= 26 (used  25.0) c=0.997 alpha=-0.076 beta=+0.017 | loss 3.1229 (delta +0.2376) size 309.5 MB sparsity 14.7%
gen 27 offspring [69/100] k= 20 (used  12.0) c=0.792 alpha=-0.077 beta=+0.054 | loss 4.3008 (delta +1.4155) size 248.0 MB sparsity 15.6%
gen 27 offspring [70/100] k= 29 (used  23.0) c=0.952 alpha=-0.112 beta=+0.004 | loss 3.0866 (delta +0.2012) size 309.8 MB sparsity 12.2%
gen 27 offspring [71/100] k= 42 (used  42.0) c=0.783 alpha=-0.101 beta=+0.032 | loss 2.9601 (delta +0.0747) size 371.5 MB sparsity 8.0%
gen 27 offspring [72/100] k= 23 (used  23.0) c=0.968 alpha=-0.055 beta=+0.050 | loss 3.1639 (delta +0.2786) size 309.2 MB sparsity 15.6%
gen 27 offspring [73/100] k= 29 (used  29.0) c=1.000 alpha=-0.125 beta=+0.112 | loss 3.0838 (delta +0.1984) size 309.8 MB sparsity 12.8%
gen 27 offspring [74/100] k= 16 (used  15.0) c=0.998 alpha=-0.094 beta=+0.249 | loss 3.8678 (delta +0.9825) size 244.5 MB sparsity 24.8%
gen 27 offspring [75/100] k= 20 (used  18.0) c=0.911 alpha=-0.058 beta=+0.040 | loss 3.3344 (delta +0.4490) size 307.9 MB sparsity 17.8%
gen 27 offspring [76/100] k=117 (used 115.0) c=1.000 alpha=-0.017 beta=+0.001 | loss 2.8956 (delta +0.0102) size 433.3 MB sparsity 3.1%
gen 27 offspring [77/100] k= 24 (used  23.0) c=0.762 alpha=-0.071 beta=+0.172 | loss 3.2272 (delta +0.3419) size 309.8 MB sparsity 13.8%
gen 27 offspring [78/100] k= 20 (used  12.0) c=0.864 alpha=-0.195 beta=+0.374 | loss 5.0985 (delta +2.2131) size 246.7 MB sparsity 24.6%
gen 27 offspring [79/100] k= 31 (used  16.0) c=0.765 alpha=-0.203 beta=+0.009 | loss 3.5478 (delta +0.6624) size 248.0 MB sparsity 13.2%
gen 27 offspring [80/100] k= 25 (used  25.0) c=0.959 alpha=-0.077 beta=+0.114 | loss 3.1111 (delta +0.2258) size 309.7 MB sparsity 14.2%
gen 27 offspring [81/100] k= 26 (used  25.0) c=0.958 alpha=-0.116 beta=+0.001 | loss 3.1087 (delta +0.2234) size 309.7 MB sparsity 14.2%
gen 27 offspring [82/100] k= 65 (used  64.0) c=0.846 alpha=-0.012 beta=+0.059 | loss 2.9441 (delta +0.0588) size 371.5 MB sparsity 5.1%
gen 27 offspring [83/100] k= 16 (used  16.0) c=0.857 alpha=-0.011 beta=+0.256 | loss 3.5249 (delta +0.6395) size 246.6 MB sparsity 22.4%
gen 27 offspring [84/100] k= 16 (used  15.0) c=0.964 alpha=-0.003 beta=+0.262 | loss 3.8019 (delta +0.9166) size 245.1 MB sparsity 24.4%
gen 27 offspring [85/100] k= 21 (used  11.0) c=0.749 alpha=-0.033 beta=+0.170 | loss 4.1957 (delta +1.3103) size 248.0 MB sparsity 14.4%
gen 27 offspring [86/100] k= 31 (used  17.0) c=0.753 alpha=-0.024 beta=+0.125 | loss 3.2356 (delta +0.3502) size 284.9 MB sparsity 10.1%
gen 27 offspring [87/100] k= 16 (used  13.0) c=0.961 alpha=-0.089 beta=+0.008 | loss 4.0224 (delta +1.1371) size 245.2 MB sparsity 23.8%
gen 27 offspring [88/100] k= 16 (used  10.0) c=0.802 alpha=-0.107 beta=+0.265 | loss 5.9319 (delta +3.0465) size 247.1 MB sparsity 21.8%
gen 27 offspring [89/100] k=147 (used 146.0) c=0.934 alpha=-0.005 beta=+0.054 | loss 2.8958 (delta +0.0105) size 495.0 MB sparsity 3.5%
gen 27 offspring [90/100] k= 16 (used  16.0) c=0.787 alpha=-0.171 beta=+0.019 | loss 3.4732 (delta +0.5879) size 247.4 MB sparsity 19.7%
gen 27 offspring [91/100] k= 23 (used  11.0) c=0.767 alpha=-0.079 beta=+0.054 | loss 5.7333 (delta +2.8480) size 248.0 MB sparsity 12.4%
gen 27 offspring [92/100] k= 30 (used  29.0) c=0.999 alpha=-0.099 beta=+0.055 | loss 3.0826 (delta +0.1972) size 309.8 MB sparsity 12.7%
gen 27 offspring [93/100] k= 16 (used  15.0) c=0.998 alpha=-0.198 beta=+0.256 | loss 3.8588 (delta +0.9735) size 244.5 MB sparsity 24.9%
gen 27 offspring [94/100] k= 25 (used  25.0) c=0.948 alpha=-0.070 beta=+0.114 | loss 3.1088 (delta +0.2234) size 309.7 MB sparsity 14.0%
gen 27 offspring [95/100] k= 39 (used  21.0) c=0.942 alpha=-0.094 beta=+0.010 | loss 3.1835 (delta +0.2982) size 309.8 MB sparsity 9.1%
gen 27 offspring [96/100] k= 29 (used  29.0) c=0.965 alpha=-0.071 beta=+0.001 | loss 3.0558 (delta +0.1705) size 309.8 MB sparsity 12.3%
gen 27 offspring [97/100] k= 16 (used  15.0) c=0.995 alpha=-0.146 beta=+0.262 | loss 3.8486 (delta +0.9632) size 244.6 MB sparsity 24.9%
gen 27 offspring [98/100] k= 23 (used  23.0) c=0.952 alpha=-0.077 beta=+0.172 | loss 3.1414 (delta +0.2561) size 309.2 MB sparsity 15.8%
gen 27 offspring [99/100] k=148 (used 143.0) c=1.000 alpha=-0.006 beta=+0.008 | loss 2.8926 (delta +0.0073) size 495.0 MB sparsity 2.5%
gen 27 offspring [100/100] k= 16 (used   9.0) c=0.741 alpha=-0.011 beta=+0.262 | loss 6.0476 (delta +3.1622) size 209.6 MB sparsity 20.8%
=== generation 27/50 done in 549s (0 reused), batch baseline 2.8854, HV 0.17875, front 100 points, 100/100 feasible, best delta loss +0.0063, smallest 244.5 MB
gen 28 offspring [1/100] k= 45 (used  44.0) c=0.964 alpha=-0.009 beta=+0.310 | loss 3.1512 (delta +0.2659) size 369.9 MB sparsity 16.7%
gen 28 offspring [2/100] k= 16 (used  15.0) c=0.872 alpha=-0.011 beta=+0.269 | loss 4.6456 (delta +1.7603) size 246.4 MB sparsity 23.0%
gen 28 offspring [3/100] k= 16 (used  16.0) c=0.775 alpha=-0.194 beta=+0.121 | loss 3.4480 (delta +0.5627) size 247.5 MB sparsity 19.6%
gen 28 offspring [4/100] k= 34 (used  19.0) c=0.796 alpha=-0.032 beta=+0.038 | loss 3.2039 (delta +0.3186) size 309.8 MB sparsity 8.9%
gen 28 offspring [5/100] k= 65 (used  65.0) c=0.997 alpha=-0.041 beta=+0.054 | loss 2.9240 (delta +0.0386) size 412.3 MB sparsity 5.7%
gen 28 offspring [6/100] k= 23 (used  23.0) c=0.952 alpha=-0.077 beta=+0.172 | loss 3.1426 (delta +0.2572) size 309.2 MB sparsity 15.8%
gen 28 offspring [7/100] k= 31 (used  31.0) c=0.764 alpha=-0.006 beta=+0.009 | loss 3.0134 (delta +0.1280) size 309.8 MB sparsity 9.1%
gen 28 offspring [8/100] k= 66 (used  65.0) c=0.997 alpha=-0.005 beta=+0.051 | loss 2.9244 (delta +0.0390) size 412.4 MB sparsity 5.6%
gen 28 offspring [9/100] k= 29 (used  15.0) c=0.749 alpha=-0.021 beta=+0.004 | loss 3.3021 (delta +0.4167) size 248.0 MB sparsity 9.6%
gen 28 offspring [10/100] k= 43 (used  41.0) c=0.975 alpha=-0.178 beta=+0.246 | loss 3.1859 (delta +0.3005) size 367.2 MB sparsity 17.8%
gen 28 offspring [11/100] k= 16 (used  16.0) c=0.810 alpha=-0.194 beta=+0.005 | loss 3.4931 (delta +0.6078) size 247.2 MB sparsity 20.3%
gen 28 offspring [12/100] k= 16 (used  16.0) c=0.843 alpha=-0.215 beta=+0.027 | loss 3.4885 (delta +0.6032) size 246.9 MB sparsity 21.2%
gen 28 offspring [13/100] k=147 (used 143.0) c=1.000 alpha=-0.006 beta=+0.072 | loss 2.8975 (delta +0.0121) size 495.0 MB sparsity 4.3%
gen 28 offspring [14/100] k= 27 (used  27.0) c=0.765 alpha=-0.085 beta=+0.004 | loss 3.0494 (delta +0.1641) size 309.8 MB sparsity 10.5%
gen 28 offspring [15/100] k= 31 (used  31.0) c=0.806 alpha=-0.120 beta=+0.053 | loss 2.9982 (delta +0.1129) size 309.8 MB sparsity 10.3%
gen 28 offspring [16/100] k= 16 (used  15.0) c=0.998 alpha=-0.146 beta=+0.033 | loss 3.8688 (delta +0.9834) size 244.6 MB sparsity 24.6%
gen 28 offspring [17/100] k= 34 (used  17.0) c=0.916 alpha=-0.049 beta=+0.004 | loss 3.3563 (delta +0.4710) size 284.5 MB sparsity 10.3%
gen 28 offspring [18/100] k= 21 (used  20.0) c=0.836 alpha=-0.007 beta=+0.250 | loss 3.4913 (delta +0.6059) size 308.7 MB sparsity 18.1%
gen 28 offspring [19/100] k= 17 (used  17.0) c=0.997 alpha=-0.198 beta=+0.067 | loss 3.5476 (delta +0.6623) size 256.1 MB sparsity 21.7%
gen 28 offspring [20/100] k= 23 (used  22.0) c=0.961 alpha=-0.119 beta=+0.257 | loss 3.6578 (delta +0.7725) size 308.3 MB sparsity 18.7%
gen 28 offspring [21/100] k= 63 (used  63.0) c=0.941 alpha=-0.013 beta=+0.059 | loss 2.9199 (delta +0.0345) size 371.5 MB sparsity 5.6%
gen 28 offspring [22/100] k= 35 (used  19.0) c=0.753 alpha=-0.024 beta=+0.100 | loss 3.2173 (delta +0.3319) size 309.8 MB sparsity 8.6%
gen 28 offspring [23/100] k= 27 (used  27.0) c=0.987 alpha=-0.049 beta=+0.090 | loss 3.0981 (delta +0.2127) size 309.8 MB sparsity 13.5%
gen 28 offspring [24/100] k= 46 (used  46.0) c=0.942 alpha=-0.094 beta=+0.010 | loss 2.9430 (delta +0.0576) size 371.5 MB sparsity 8.2%
gen 28 offspring [25/100] k= 16 (used  15.0) c=0.953 alpha=-0.028 beta=+0.262 | loss 3.8022 (delta +0.9168) size 245.3 MB sparsity 24.2%
gen 28 offspring [26/100] k= 30 (used  17.0) c=0.723 alpha=-0.013 beta=+0.127 | loss 3.2808 (delta +0.3954) size 284.3 MB sparsity 10.3%
gen 28 offspring [27/100] k= 29 (used  29.0) c=0.725 alpha=-0.018 beta=+0.008 | loss 3.0345 (delta +0.1491) size 309.8 MB sparsity 9.3%
gen 28 offspring [28/100] k= 17 (used  15.0) c=0.804 alpha=-0.091 beta=+0.028 | loss 3.4106 (delta +0.5252) size 248.0 MB sparsity 17.7%
gen 28 offspring [29/100] k= 16 (used  15.0) c=0.994 alpha=-0.146 beta=+0.169 | loss 3.8593 (delta +0.9739) size 244.6 MB sparsity 24.5%
gen 28 offspring [30/100] k= 39 (used  39.0) c=0.971 alpha=-0.095 beta=+0.025 | loss 2.9673 (delta +0.0820) size 371.5 MB sparsity 9.3%
gen 28 offspring [31/100] k= 16 (used  16.0) c=0.864 alpha=-0.197 beta=+0.343 | loss 3.6664 (delta +0.7810) size 245.2 MB sparsity 25.3%
gen 28 offspring [32/100] k= 17 (used  16.0) c=0.807 alpha=-0.178 beta=+0.066 | loss 3.3561 (delta +0.4707) size 247.9 MB sparsity 17.9%
gen 28 offspring [33/100] k= 40 (used  36.0) c=0.983 alpha=-0.089 beta=+0.112 | loss 3.0379 (delta +0.1526) size 371.5 MB sparsity 9.9%
gen 28 offspring [34/100] k= 16 (used  10.0) c=0.782 alpha=-0.039 beta=+0.082 | loss 5.9196 (delta +3.0342) size 247.5 MB sparsity 19.6%
gen 28 offspring [35/100] k=164 (used 159.0) c=1.000 alpha=-0.006 beta=+0.010 | loss 2.8897 (delta +0.0044) size 495.0 MB sparsity 2.2%
gen 28 offspring [36/100] k= 16 (used  15.0) c=0.886 alpha=-0.196 beta=+0.225 | loss 3.6220 (delta +0.7366) size 246.4 MB sparsity 22.3%
gen 28 offspring [37/100] k= 29 (used  29.0) c=0.975 alpha=-0.055 beta=+0.117 | loss 3.0521 (delta +0.1668) size 309.8 MB sparsity 12.5%
gen 28 offspring [38/100] k= 30 (used  30.0) c=0.760 alpha=-0.123 beta=+0.005 | loss 3.0211 (delta +0.1358) size 309.8 MB sparsity 10.5%
gen 28 offspring [39/100] k= 16 (used  16.0) c=0.869 alpha=-0.155 beta=+0.270 | loss 3.5704 (delta +0.6850) size 246.4 MB sparsity 23.0%
gen 28 offspring [40/100] k= 16 (used  15.0) c=0.933 alpha=-0.206 beta=+0.257 | loss 3.7361 (delta +0.8507) size 245.6 MB sparsity 23.7%
gen 28 offspring [41/100] k= 27 (used  27.0) c=0.759 alpha=-0.060 beta=+0.001 | loss 3.0414 (delta +0.1560) size 309.8 MB sparsity 10.5%
gen 28 offspring [42/100] k= 16 (used  15.0) c=0.949 alpha=-0.082 beta=+0.114 | loss 3.8062 (delta +0.9208) size 245.4 MB sparsity 23.5%
gen 28 offspring [43/100] k= 21 (used  21.0) c=0.911 alpha=-0.042 beta=+0.040 | loss 3.1928 (delta +0.3074) size 308.9 MB sparsity 16.1%
gen 28 offspring [44/100] k= 21 (used  17.0) c=0.911 alpha=-0.058 beta=+0.040 | loss 3.2435 (delta +0.3581) size 270.0 MB sparsity 16.1%
gen 28 offspring [45/100] k= 16 (used  16.0) c=0.804 alpha=-0.153 beta=+0.067 | loss 3.4938 (delta +0.6084) size 247.3 MB sparsity 20.1%
gen 28 offspring [46/100] k= 16 (used  16.0) c=0.814 alpha=-0.113 beta=+0.225 | loss 3.4856 (delta +0.6002) size 247.2 MB sparsity 20.9%
gen 28 offspring [47/100] k= 16 (used  10.0) c=0.750 alpha=-0.091 beta=+0.098 | loss 5.7749 (delta +2.8896) size 247.7 MB sparsity 18.8%
gen 28 offspring [48/100] k= 16 (used  16.0) c=0.857 alpha=-0.215 beta=+0.258 | loss 3.5298 (delta +0.6445) size 246.6 MB sparsity 22.6%
gen 28 offspring [49/100] k= 29 (used  29.0) c=0.978 alpha=-0.065 beta=+0.020 | loss 3.0499 (delta +0.1646) size 309.8 MB sparsity 12.5%
gen 28 offspring [50/100] k= 27 (used  15.0) c=0.742 alpha=-0.024 beta=+0.094 | loss 3.3878 (delta +0.5025) size 248.0 MB sparsity 10.3%
gen 28 offspring [51/100] k= 40 (used  40.0) c=0.934 alpha=-0.092 beta=+0.082 | loss 2.9647 (delta +0.0793) size 371.5 MB sparsity 9.0%
gen 28 offspring [52/100] k= 16 (used  16.0) c=0.850 alpha=-0.028 beta=+0.216 | loss 3.4792 (delta +0.5938) size 246.8 MB sparsity 21.4%
gen 28 offspring [53/100] k=170 (used 124.0) c=0.998 alpha=-0.060 beta=+0.001 | loss 2.8952 (delta +0.0098) size 433.3 MB sparsity 3.6%
gen 28 offspring [54/100] k= 20 (used  19.0) c=0.986 alpha=-0.146 beta=+0.262 | loss 3.4491 (delta +0.5637) size 305.2 MB sparsity 21.2%
gen 28 offspring [55/100] k= 29 (used  29.0) c=0.991 alpha=-0.136 beta=+0.112 | loss 3.0785 (delta +0.1931) size 309.8 MB sparsity 12.9%
gen 28 offspring [56/100] k= 17 (used  17.0) c=0.813 alpha=-0.091 beta=+0.064 | loss 3.3406 (delta +0.4552) size 265.6 MB sparsity 17.9%
gen 28 offspring [57/100] k= 29 (used  15.0) c=0.775 alpha=-0.068 beta=+0.225 | loss 3.8707 (delta +0.9854) size 248.0 MB sparsity 14.5%
gen 28 offspring [58/100] k= 42 (used  40.0) c=0.993 alpha=-0.066 beta=+0.353 | loss 3.2822 (delta +0.3969) size 363.1 MB sparsity 18.9%
gen 28 offspring [59/100] k= 17 (used  16.0) c=0.806 alpha=-0.342 beta=+0.067 | loss 4.3241 (delta +1.4387) size 247.0 MB sparsity 23.2%
gen 28 offspring [60/100] k=114 (used 111.0) c=1.000 alpha=-0.017 beta=+0.001 | loss 2.8950 (delta +0.0096) size 433.3 MB sparsity 3.2%
gen 28 offspring [61/100] k= 30 (used  15.0) c=0.958 alpha=-0.116 beta=+0.001 | loss 3.6455 (delta +0.7601) size 248.0 MB sparsity 12.3%
gen 28 offspring [62/100] k= 60 (used  35.0) c=0.794 alpha=-0.085 beta=+0.101 | loss 2.9859 (delta +0.1006) size 371.5 MB sparsity 8.0%
gen 28 offspring [63/100] k= 46 (used  45.0) c=0.948 alpha=-0.010 beta=+0.259 | loss 3.0669 (delta +0.1815) size 371.3 MB sparsity 14.7%
gen 28 offspring [64/100] k= 61 (used  59.0) c=0.769 alpha=-0.044 beta=+0.022 | loss 2.9437 (delta +0.0583) size 371.5 MB sparsity 4.7%
gen 28 offspring [65/100] k= 16 (used  15.0) c=0.911 alpha=-0.039 beta=+0.065 | loss 3.7190 (delta +0.8336) size 246.1 MB sparsity 22.6%
gen 28 offspring [66/100] k= 50 (used  48.9) c=0.863 alpha=-0.067 beta=+0.344 | loss 3.1477 (delta +0.2624) size 368.7 MB sparsity 17.4%
gen 28 offspring [67/100] k= 16 (used  15.0) c=0.882 alpha=-0.206 beta=+0.047 | loss 3.6251 (delta +0.7397) size 246.4 MB sparsity 22.0%
gen 28 offspring [68/100] k= 21 (used  21.0) c=0.886 alpha=-0.010 beta=+0.051 | loss 3.1872 (delta +0.3019) size 309.1 MB sparsity 15.7%
gen 28 offspring [69/100] k= 31 (used  31.0) c=0.940 alpha=-0.026 beta=+0.016 | loss 3.0082 (delta +0.1228) size 309.8 MB sparsity 11.2%
gen 28 offspring [70/100] k= 21 (used  21.0) c=0.989 alpha=-0.050 beta=+0.004 | loss 3.2708 (delta +0.3855) size 308.1 MB sparsity 17.4%
gen 28 offspring [71/100] k= 63 (used  63.0) c=0.913 alpha=-0.049 beta=+0.022 | loss 2.9170 (delta +0.0316) size 371.5 MB sparsity 5.3%
gen 28 offspring [72/100] k= 28 (used  16.0) c=0.795 alpha=-0.025 beta=+0.036 | loss 3.3847 (delta +0.4993) size 248.0 MB sparsity 10.9%
gen 28 offspring [73/100] k=113 (used  57.0) c=1.000 alpha=-0.027 beta=+0.001 | loss 2.9291 (delta +0.0437) size 371.5 MB sparsity 3.2%
gen 28 offspring [74/100] k= 23 (used  22.0) c=1.000 alpha=-0.147 beta=+0.259 | loss 3.7334 (delta +0.8480) size 307.9 MB sparsity 19.2%
gen 28 offspring [75/100] k= 21 (used  21.0) c=0.876 alpha=-0.010 beta=+0.031 | loss 3.1663 (delta +0.2810) size 309.2 MB sparsity 15.5%
gen 28 offspring [76/100] k= 16 (used  16.0) c=0.857 alpha=-0.216 beta=+0.256 | loss 3.5249 (delta +0.6395) size 246.6 MB sparsity 22.6%
gen 28 offspring [77/100] k= 61 (used  33.0) c=0.795 alpha=-0.086 beta=+0.054 | loss 2.9920 (delta +0.1066) size 352.0 MB sparsity 6.3%
gen 28 offspring [78/100] k= 37 (used  37.0) c=0.997 alpha=-0.125 beta=+0.081 | loss 2.9907 (delta +0.1053) size 371.5 MB sparsity 10.7%
gen 28 offspring [79/100] k= 29 (used  15.0) c=0.751 alpha=-0.068 beta=+0.001 | loss 3.3048 (delta +0.4195) size 248.0 MB sparsity 9.6%
gen 28 offspring [80/100] k= 20 (used  19.0) c=0.907 alpha=-0.027 beta=+0.327 | loss 4.2324 (delta +1.3471) size 301.7 MB sparsity 22.6%
gen 28 offspring [81/100] k= 64 (used  63.0) c=0.942 alpha=-0.013 beta=+0.058 | loss 2.9388 (delta +0.0535) size 371.5 MB sparsity 5.6%
gen 28 offspring [82/100] k= 23 (used  23.0) c=0.961 alpha=-0.118 beta=+0.054 | loss 3.1546 (delta +0.2692) size 309.2 MB sparsity 15.5%
gen 28 offspring [83/100] k= 16 (used  16.0) c=0.857 alpha=-0.010 beta=+0.260 | loss 3.5306 (delta +0.6453) size 246.6 MB sparsity 22.5%
gen 28 offspring [84/100] k= 31 (used  15.0) c=0.997 alpha=-0.105 beta=+0.017 | loss 3.5159 (delta +0.6306) size 248.0 MB sparsity 11.9%
gen 28 offspring [85/100] k= 33 (used  19.0) c=0.753 alpha=-0.043 beta=+0.100 | loss 3.2226 (delta +0.3372) size 309.8 MB sparsity 8.9%
gen 28 offspring [86/100] k= 28 (used  16.0) c=0.750 alpha=-0.096 beta=+0.088 | loss 3.3714 (delta +0.4861) size 248.0 MB sparsity 10.4%
gen 28 offspring [87/100] k= 37 (used  21.0) c=0.742 alpha=-0.041 beta=+0.094 | loss 3.2026 (delta +0.3172) size 309.8 MB sparsity 8.0%
gen 28 offspring [88/100] k= 65 (used  65.0) c=0.882 alpha=-0.040 beta=+0.054 | loss 2.9285 (delta +0.0432) size 414.3 MB sparsity 5.1%
gen 28 offspring [89/100] k= 21 (used  21.0) c=0.969 alpha=-0.094 beta=+0.010 | loss 3.2584 (delta +0.3731) size 308.3 MB sparsity 17.1%
gen 28 offspring [90/100] k= 32 (used  31.0) c=0.858 alpha=-0.002 beta=+0.250 | loss 3.1920 (delta +0.3066) size 309.8 MB sparsity 15.6%
gen 28 offspring [91/100] k= 46 (used  45.0) c=0.989 alpha=-0.050 beta=+0.004 | loss 2.9523 (delta +0.0669) size 371.5 MB sparsity 8.1%
gen 28 offspring [92/100] k= 17 (used  17.0) c=0.903 alpha=-0.005 beta=+0.060 | loss 3.4511 (delta +0.5658) size 261.0 MB sparsity 19.8%
gen 28 offspring [93/100] k= 23 (used  23.0) c=0.952 alpha=-0.121 beta=+0.004 | loss 3.1340 (delta +0.2486) size 309.3 MB sparsity 15.3%
gen 28 offspring [94/100] k= 17 (used  16.0) c=0.997 alpha=-0.143 beta=+0.262 | loss 4.6071 (delta +1.7218) size 246.4 MB sparsity 22.8%
gen 28 offspring [95/100] k= 31 (used  31.0) c=0.807 alpha=-0.067 beta=+0.006 | loss 2.9961 (delta +0.1108) size 309.8 MB sparsity 9.6%
gen 28 offspring [96/100] k= 41 (used  21.0) c=0.999 alpha=-0.033 beta=+0.004 | loss 3.1808 (delta +0.2955) size 309.8 MB sparsity 9.0%
gen 28 offspring [97/100] k= 16 (used  15.0) c=0.995 alpha=-0.146 beta=+0.222 | loss 3.8509 (delta +0.9655) size 244.6 MB sparsity 24.6%
gen 28 offspring [98/100] k= 64 (used  56.0) c=0.939 alpha=-0.016 beta=+0.059 | loss 2.9407 (delta +0.0553) size 371.5 MB sparsity 5.6%
gen 28 offspring [99/100] k= 55 (used  53.0) c=0.991 alpha=-0.119 beta=+0.102 | loss 2.9903 (delta +0.1050) size 371.5 MB sparsity 9.7%
gen 28 offspring [100/100] k= 28 (used  28.0) c=0.733 alpha=-0.093 beta=+0.081 | loss 3.0374 (delta +0.1520) size 309.8 MB sparsity 10.1%
=== generation 28/50 done in 548s (0 reused), batch baseline 2.8854, HV 0.17876, front 100 points, 100/100 feasible, best delta loss +0.0044, smallest 244.5 MB
gen 29 offspring [1/100] k= 16 (used  16.0) c=0.882 alpha=-0.218 beta=+0.257 | loss 3.6228 (delta +0.7374) size 246.3 MB sparsity 23.0%
gen 29 offspring [2/100] k= 60 (used  59.0) c=0.795 alpha=-0.086 beta=+0.054 | loss 2.9441 (delta +0.0587) size 371.5 MB sparsity 6.4%
gen 29 offspring [3/100] k= 24 (used  23.0) c=0.965 alpha=-0.077 beta=+0.114 | loss 3.1605 (delta +0.2751) size 309.2 MB sparsity 15.5%
gen 29 offspring [4/100] k= 21 (used  21.0) c=0.948 alpha=-0.094 beta=+0.010 | loss 3.2322 (delta +0.3469) size 308.6 MB sparsity 16.7%
gen 29 offspring [5/100] k= 16 (used  16.0) c=0.785 alpha=-0.178 beta=+0.275 | loss 3.5573 (delta +0.6719) size 247.2 MB sparsity 21.9%
gen 29 offspring [6/100] k= 16 (used  16.0) c=0.870 alpha=-0.154 beta=+0.006 | loss 3.5464 (delta +0.6611) size 246.6 MB sparsity 21.7%
gen 29 offspring [7/100] k= 31 (used  31.0) c=0.986 alpha=-0.034 beta=+0.004 | loss 3.0267 (delta +0.1413) size 309.8 MB sparsity 11.7%
gen 29 offspring [8/100] k= 16 (used  13.0) c=0.775 alpha=-0.194 beta=+0.121 | loss 3.5392 (delta +0.6539) size 247.5 MB sparsity 19.6%
gen 29 offspring [9/100] k=154 (used 150.0) c=1.000 alpha=-0.006 beta=+0.010 | loss 2.8907 (delta +0.0053) size 495.0 MB sparsity 2.4%
gen 29 offspring [10/100] k= 31 (used  17.0) c=0.911 alpha=-0.149 beta=+0.004 | loss 3.4057 (delta +0.5203) size 279.9 MB sparsity 12.1%
gen 29 offspring [11/100] k= 31 (used  30.0) c=0.753 alpha=-0.024 beta=+0.125 | loss 3.0602 (delta +0.1748) size 309.8 MB sparsity 10.1%
gen 29 offspring [12/100] k= 31 (used  17.0) c=0.754 alpha=-0.095 beta=+0.121 | loss 3.2346 (delta +0.3492) size 284.7 MB sparsity 10.2%
gen 29 offspring [13/100] k= 33 (used  33.0) c=0.959 alpha=-0.093 beta=+0.115 | loss 3.0039 (delta +0.1185) size 337.6 MB sparsity 11.0%
gen 29 offspring [14/100] k= 19 (used  19.0) c=0.985 alpha=-0.243 beta=+0.051 | loss 3.4521 (delta +0.5668) size 306.0 MB sparsity 20.5%
gen 29 offspring [15/100] k= 16 (used  16.0) c=0.810 alpha=-0.125 beta=+0.112 | loss 3.4993 (delta +0.6140) size 247.2 MB sparsity 20.2%
gen 29 offspring [16/100] k= 16 (used  16.0) c=0.865 alpha=-0.237 beta=+0.328 | loss 3.6713 (delta +0.7859) size 245.4 MB sparsity 25.3%
gen 29 offspring [17/100] k= 21 (used  21.0) c=0.867 alpha=-0.116 beta=+0.003 | loss 3.1388 (delta +0.2534) size 309.2 MB sparsity 15.4%
gen 29 offspring [18/100] k= 16 (used  15.0) c=0.924 alpha=-0.151 beta=+0.270 | loss 3.7645 (delta +0.8791) size 245.7 MB sparsity 23.8%
gen 29 offspring [19/100] k= 29 (used  29.0) c=0.997 alpha=-0.100 beta=+0.004 | loss 3.0725 (delta +0.1872) size 309.8 MB sparsity 12.7%
gen 29 offspring [20/100] k= 34 (used  33.0) c=0.798 alpha=-0.198 beta=+0.256 | loss 3.1963 (delta +0.3109) size 312.6 MB sparsity 19.1%
gen 29 offspring [21/100] k= 16 (used  16.0) c=0.841 alpha=-0.027 beta=+0.035 | loss 3.5047 (delta +0.6194) size 246.9 MB sparsity 21.0%
gen 29 offspring [22/100] k=116 (used 115.0) c=0.998 alpha=-0.040 beta=+0.001 | loss 2.8967 (delta +0.0113) size 433.3 MB sparsity 3.4%
gen 29 offspring [23/100] k= 23 (used  23.0) c=0.939 alpha=-0.082 beta=+0.172 | loss 3.1404 (delta +0.2551) size 309.3 MB sparsity 15.7%
gen 29 offspring [24/100] k= 16 (used  15.0) c=0.995 alpha=-0.146 beta=+0.253 | loss 3.8476 (delta +0.9623) size 244.6 MB sparsity 24.8%
gen 29 offspring [25/100] k= 16 (used  15.0) c=0.957 alpha=-0.026 beta=+0.344 | loss 3.9101 (delta +1.0248) size 243.5 MB sparsity 26.6%
gen 29 offspring [26/100] k= 21 (used  21.0) c=0.888 alpha=-0.002 beta=+0.051 | loss 3.1914 (delta +0.3061) size 309.1 MB sparsity 15.7%
gen 29 offspring [27/100] k= 65 (used  65.0) c=0.942 alpha=-0.040 beta=+0.016 | loss 2.9159 (delta +0.0305) size 413.6 MB sparsity 5.3%
gen 29 offspring [28/100] k= 17 (used  16.0) c=0.764 alpha=-0.465 beta=+0.020 | loss 5.7453 (delta +2.8599) size 242.7 MB sparsity 27.2%
gen 29 offspring [29/100] k= 29 (used  29.0) c=0.975 alpha=-0.087 beta=+0.112 | loss 3.0489 (delta +0.1635) size 309.8 MB sparsity 12.4%
gen 29 offspring [30/100] k= 34 (used  32.0) c=0.999 alpha=-0.092 beta=+0.107 | loss 3.0089 (delta +0.1235) size 309.8 MB sparsity 11.2%
gen 29 offspring [31/100] k= 46 (used  45.0) c=0.850 alpha=-0.023 beta=+0.216 | loss 3.0210 (delta +0.1357) size 371.5 MB sparsity 12.5%
gen 29 offspring [32/100] k= 63 (used  62.0) c=0.805 alpha=-0.182 beta=+0.023 | loss 2.9628 (delta +0.0775) size 371.5 MB sparsity 10.0%
gen 29 offspring [33/100] k= 33 (used  33.0) c=0.768 alpha=-0.005 beta=+0.001 | loss 2.9854 (delta +0.1000) size 344.9 MB sparsity 8.6%
gen 29 offspring [34/100] k= 22 (used  21.0) c=0.971 alpha=-0.060 beta=+0.023 | loss 3.2794 (delta +0.3940) size 308.3 MB sparsity 17.1%
gen 29 offspring [35/100] k= 24 (used  11.0) c=0.749 alpha=-0.033 beta=+0.004 | loss 5.3165 (delta +2.4312) size 248.0 MB sparsity 12.2%
gen 29 offspring [36/100] k= 55 (used  53.0) c=1.000 alpha=-0.024 beta=+0.040 | loss 2.9309 (delta +0.0455) size 371.5 MB sparsity 6.7%
gen 29 offspring [37/100] k= 16 (used  15.0) c=0.886 alpha=-0.215 beta=+0.256 | loss 3.6360 (delta +0.7506) size 246.3 MB sparsity 23.0%
gen 29 offspring [38/100] k= 16 (used  15.0) c=0.889 alpha=-0.216 beta=+0.202 | loss 3.6541 (delta +0.7687) size 246.4 MB sparsity 22.2%
gen 29 offspring [39/100] k=114 (used 111.0) c=1.000 alpha=-0.017 beta=+0.000 | loss 2.8950 (delta +0.0096) size 433.3 MB sparsity 3.2%
gen 29 offspring [40/100] k= 27 (used  26.0) c=0.752 alpha=-0.020 beta=+0.125 | loss 3.1320 (delta +0.2467) size 309.8 MB sparsity 11.0%
gen 29 offspring [41/100] k= 31 (used  17.0) c=0.757 alpha=-0.020 beta=+0.044 | loss 3.2351 (delta +0.3498) size 287.4 MB sparsity 9.1%
gen 29 offspring [42/100] k= 25 (used  25.0) c=0.952 alpha=-0.039 beta=+0.114 | loss 3.1019 (delta +0.2166) size 309.7 MB sparsity 14.1%
gen 29 offspring [43/100] k= 65 (used  65.0) c=0.942 alpha=-0.013 beta=+0.054 | loss 2.9163 (delta +0.0309) size 413.3 MB sparsity 5.4%
gen 29 offspring [44/100] k= 29 (used  15.0) c=1.000 alpha=-0.005 beta=+0.008 | loss 3.7153 (delta +0.8300) size 248.0 MB sparsity 12.7%
gen 29 offspring [45/100] k= 23 (used  23.0) c=0.959 alpha=-0.102 beta=+0.059 | loss 3.1508 (delta +0.2655) size 309.2 MB sparsity 15.4%
gen 29 offspring [46/100] k= 16 (used  15.0) c=0.886 alpha=-0.178 beta=+0.226 | loss 3.6229 (delta +0.7376) size 246.4 MB sparsity 22.3%
gen 29 offspring [47/100] k= 65 (used  35.0) c=0.942 alpha=-0.013 beta=+0.059 | loss 2.9969 (delta +0.1115) size 371.5 MB sparsity 5.5%
gen 29 offspring [48/100] k= 16 (used  15.0) c=0.951 alpha=-0.003 beta=+0.262 | loss 3.8224 (delta +0.9371) size 245.3 MB sparsity 24.1%
gen 29 offspring [49/100] k= 29 (used  29.0) c=0.928 alpha=-0.035 beta=+0.022 | loss 3.0229 (delta +0.1375) size 309.8 MB sparsity 11.8%
gen 29 offspring [50/100] k= 16 (used  16.0) c=0.857 alpha=-0.227 beta=+0.016 | loss 3.5173 (delta +0.6319) size 246.7 MB sparsity 21.7%
gen 29 offspring [51/100] k=148 (used 143.8) c=1.000 alpha=-0.008 beta=+0.275 | loss 2.9963 (delta +0.1110) size 493.7 MB sparsity 12.6%
gen 29 offspring [52/100] k= 26 (used  26.0) c=0.807 alpha=-0.065 beta=+0.025 | loss 3.0526 (delta +0.1673) size 309.8 MB sparsity 12.0%
gen 29 offspring [53/100] k= 16 (used  15.0) c=0.874 alpha=-0.206 beta=+0.257 | loss 3.5699 (delta +0.6846) size 246.5 MB sparsity 22.7%
gen 29 offspring [54/100] k= 21 (used  11.0) c=0.765 alpha=-0.085 beta=+0.041 | loss 4.1654 (delta +1.2800) size 248.0 MB sparsity 13.6%
gen 29 offspring [55/100] k= 16 (used  10.0) c=0.779 alpha=-0.066 beta=+0.344 | loss 5.8444 (delta +2.9590) size 246.3 MB sparsity 24.2%
gen 29 offspring [56/100] k= 20 (used  20.0) c=0.806 alpha=-0.171 beta=+0.066 | loss 3.2101 (delta +0.3247) size 309.0 MB sparsity 16.2%
gen 29 offspring [57/100] k= 31 (used  17.0) c=0.766 alpha=-0.024 beta=+0.100 | loss 3.2384 (delta +0.3530) size 286.5 MB sparsity 9.4%
gen 29 offspring [58/100] k= 73 (used  73.0) c=0.915 alpha=-0.022 beta=+0.040 | loss 2.9123 (delta +0.0269) size 433.3 MB sparsity 4.6%
gen 29 offspring [59/100] k= 34 (used  31.0) c=0.978 alpha=-0.194 beta=+0.225 | loss 3.3842 (delta +0.4988) size 309.6 MB sparsity 17.8%
gen 29 offspring [60/100] k= 21 (used  17.0) c=0.910 alpha=-0.061 beta=+0.040 | loss 3.2419 (delta +0.3566) size 270.0 MB sparsity 16.1%
gen 29 offspring [61/100] k= 26 (used  25.0) c=0.959 alpha=-0.010 beta=+0.049 | loss 3.1119 (delta +0.2265) size 309.7 MB sparsity 14.2%
gen 29 offspring [62/100] k= 20 (used  20.0) c=0.868 alpha=-0.037 beta=+0.012 | loss 3.2718 (delta +0.3865) size 308.4 MB sparsity 17.0%
gen 29 offspring [63/100] k= 16 (used  16.0) c=0.847 alpha=-0.007 beta=+0.271 | loss 3.5283 (delta +0.6429) size 246.6 MB sparsity 22.6%
gen 29 offspring [64/100] k= 16 (used  15.0) c=0.991 alpha=-0.060 beta=+0.006 | loss 3.8879 (delta +1.0026) size 244.7 MB sparsity 24.5%
gen 29 offspring [65/100] k= 28 (used  26.0) c=0.989 alpha=-0.066 beta=+0.201 | loss 3.3675 (delta +0.4821) size 309.7 MB sparsity 15.6%
gen 29 offspring [66/100] k= 29 (used  15.0) c=0.748 alpha=-0.018 beta=+0.004 | loss 3.3009 (delta +0.4155) size 248.0 MB sparsity 9.6%
gen 29 offspring [67/100] k= 16 (used  15.0) c=0.995 alpha=-0.163 beta=+0.292 | loss 3.8938 (delta +1.0084) size 244.3 MB sparsity 25.6%
gen 29 offspring [68/100] k= 16 (used  16.0) c=0.857 alpha=-0.010 beta=+0.260 | loss 3.5301 (delta +0.6448) size 246.6 MB sparsity 22.5%
gen 29 offspring [69/100] k= 16 (used  15.0) c=0.786 alpha=-0.004 beta=+0.262 | loss 4.3678 (delta +1.4825) size 247.2 MB sparsity 21.4%
gen 29 offspring [70/100] k= 24 (used  23.0) c=0.966 alpha=-0.060 beta=+0.024 | loss 3.1659 (delta +0.2806) size 309.2 MB sparsity 15.5%
gen 29 offspring [71/100] k= 26 (used  25.0) c=0.934 alpha=-0.141 beta=+0.008 | loss 3.0888 (delta +0.2035) size 309.7 MB sparsity 14.0%
gen 29 offspring [72/100] k= 25 (used  25.0) c=0.948 alpha=-0.037 beta=+0.012 | loss 3.1083 (delta +0.2229) size 309.7 MB sparsity 14.0%
gen 29 offspring [73/100] k= 60 (used  32.0) c=0.791 alpha=-0.124 beta=+0.054 | loss 2.9964 (delta +0.1111) size 309.8 MB sparsity 7.9%
gen 29 offspring [74/100] k= 41 (used  39.0) c=0.791 alpha=-0.068 beta=+0.009 | loss 2.9699 (delta +0.0846) size 371.5 MB sparsity 7.2%
gen 29 offspring [75/100] k= 16 (used  15.0) c=0.989 alpha=-0.008 beta=+0.004 | loss 3.8882 (delta +1.0028) size 244.7 MB sparsity 24.4%
gen 29 offspring [76/100] k= 17 (used  17.0) c=0.917 alpha=-0.046 beta=+0.065 | loss 3.4590 (delta +0.5736) size 260.3 MB sparsity 20.1%
gen 29 offspring [77/100] k= 16 (used  15.0) c=0.902 alpha=-0.060 beta=+0.101 | loss 3.6621 (delta +0.7767) size 246.2 MB sparsity 22.4%
gen 29 offspring [78/100] k= 31 (used  16.0) c=0.764 alpha=-0.170 beta=+0.004 | loss 3.4862 (delta +0.6008) size 248.0 MB sparsity 11.9%
gen 29 offspring [79/100] k= 16 (used  15.0) c=0.984 alpha=-0.146 beta=+0.211 | loss 3.8765 (delta +0.9911) size 244.8 MB sparsity 24.3%
gen 29 offspring [80/100] k= 31 (used  30.0) c=0.936 alpha=-0.070 beta=+0.172 | loss 3.1323 (delta +0.2469) size 309.8 MB sparsity 13.1%
gen 29 offspring [81/100] k=115 (used  59.0) c=0.975 alpha=-0.068 beta=+0.041 | loss 2.9243 (delta +0.0389) size 371.5 MB sparsity 4.8%
gen 29 offspring [82/100] k= 16 (used  16.0) c=0.864 alpha=-0.198 beta=+0.320 | loss 3.6421 (delta +0.7568) size 245.7 MB sparsity 24.5%
gen 29 offspring [83/100] k= 16 (used  16.0) c=0.850 alpha=-0.194 beta=+0.261 | loss 3.5081 (delta +0.6227) size 246.7 MB sparsity 22.4%
gen 29 offspring [84/100] k= 16 (used  16.0) c=0.864 alpha=-0.229 beta=+0.276 | loss 3.5843 (delta +0.6990) size 246.4 MB sparsity 23.4%
gen 29 offspring [85/100] k= 20 (used  18.0) c=0.911 alpha=-0.077 beta=+0.042 | loss 3.3344 (delta +0.4490) size 307.9 MB sparsity 17.8%
gen 29 offspring [86/100] k= 16 (used  10.0) c=0.809 alpha=-0.194 beta=+0.225 | loss 5.9054 (delta +3.0200) size 247.2 MB sparsity 20.9%
gen 29 offspring [87/100] k= 29 (used  28.0) c=0.997 alpha=-0.230 beta=+0.086 | loss 3.2375 (delta +0.3522) size 309.7 MB sparsity 16.2%
gen 29 offspring [88/100] k= 75 (used  75.0) c=0.980 alpha=-0.022 beta=+0.051 | loss 2.9086 (delta +0.0232) size 433.3 MB sparsity 4.9%
gen 29 offspring [89/100] k= 16 (used  16.0) c=0.869 alpha=-0.155 beta=+0.274 | loss 3.5766 (delta +0.6912) size 246.4 MB sparsity 23.1%
gen 29 offspring [90/100] k=155 (used 154.0) c=0.769 alpha=-0.073 beta=+0.001 | loss 2.9211 (delta +0.0358) size 495.0 MB sparsity 4.0%
gen 29 offspring [91/100] k= 19 (used  11.0) c=0.914 alpha=-0.058 beta=+0.218 | loss 5.3361 (delta +2.4508) size 247.9 MB sparsity 18.9%
gen 29 offspring [92/100] k= 31 (used  17.0) c=0.753 alpha=-0.026 beta=+0.102 | loss 3.2341 (delta +0.3487) size 286.6 MB sparsity 9.4%
gen 29 offspring [93/100] k= 32 (used  13.0) c=0.771 alpha=-0.026 beta=+0.001 | loss 4.0742 (delta +1.1889) size 248.0 MB sparsity 9.2%
gen 29 offspring [94/100] k= 16 (used  15.0) c=0.863 alpha=-0.240 beta=+0.348 | loss 4.8295 (delta +1.9441) size 244.7 MB sparsity 26.0%
gen 29 offspring [95/100] k= 33 (used  33.0) c=0.768 alpha=-0.059 beta=+0.001 | loss 2.9854 (delta +0.1000) size 344.9 MB sparsity 8.6%
gen 29 offspring [96/100] k= 31 (used  31.0) c=0.807 alpha=-0.065 beta=+0.004 | loss 2.9961 (delta +0.1108) size 309.8 MB sparsity 9.6%
gen 29 offspring [97/100] k= 29 (used  29.0) c=0.940 alpha=-0.071 beta=+0.016 | loss 3.0325 (delta +0.1471) size 309.8 MB sparsity 12.0%
gen 29 offspring [98/100] k= 16 (used  16.0) c=0.851 alpha=-0.217 beta=+0.251 | loss 3.5151 (delta +0.6298) size 246.7 MB sparsity 22.4%
gen 29 offspring [99/100] k= 33 (used  17.0) c=0.771 alpha=-0.045 beta=+0.004 | loss 3.2161 (delta +0.3307) size 288.4 MB sparsity 8.7%
gen 29 offspring [100/100] k= 40 (used  39.0) c=0.990 alpha=-0.093 beta=+0.081 | loss 2.9725 (delta +0.0872) size 371.5 MB sparsity 9.4%
=== generation 29/50 done in 546s (0 reused), batch baseline 2.8854, HV 0.17890, front 100 points, 100/100 feasible, best delta loss +0.0044, smallest 244.5 MB
gen 30 offspring [1/100] k=114 (used 114.0) c=0.859 alpha=-0.005 beta=+0.000 | loss 2.9162 (delta +0.0308) size 433.3 MB sparsity 2.8%
gen 30 offspring [2/100] k= 17 (used  11.0) c=0.754 alpha=-0.057 beta=+0.121 | loss 4.6546 (delta +1.7693) size 248.0 MB sparsity 16.7%
gen 30 offspring [3/100] k= 16 (used  16.0) c=0.850 alpha=-0.028 beta=+0.227 | loss 3.4825 (delta +0.5972) size 246.8 MB sparsity 21.6%
gen 30 offspring [4/100] k= 46 (used  46.0) c=0.765 alpha=-0.013 beta=+0.024 | loss 2.9648 (delta +0.0794) size 371.5 MB sparsity 6.3%
gen 30 offspring [5/100] k= 16 (used  16.0) c=0.881 alpha=-0.125 beta=+0.275 | loss 3.6562 (delta +0.7709) size 246.2 MB sparsity 23.3%
gen 30 offspring [6/100] k= 16 (used  15.0) c=0.988 alpha=-0.042 beta=+0.228 | loss 3.9057 (delta +1.0203) size 244.7 MB sparsity 24.4%
gen 30 offspring [7/100] k= 37 (used  36.0) c=0.854 alpha=-0.054 beta=+0.263 | loss 3.1110 (delta +0.2257) size 371.0 MB sparsity 15.2%
gen 30 offspring [8/100] k= 16 (used  16.0) c=0.864 alpha=-0.088 beta=+0.343 | loss 3.6684 (delta +0.7830) size 245.2 MB sparsity 25.3%
gen 30 offspring [9/100] k= 25 (used  25.0) c=0.928 alpha=-0.035 beta=+0.022 | loss 3.1001 (delta +0.2148) size 309.7 MB sparsity 13.7%
gen 30 offspring [10/100] k= 37 (used  37.0) c=0.940 alpha=-0.026 beta=+0.007 | loss 2.9723 (delta +0.0869) size 371.5 MB sparsity 9.4%
gen 30 offspring [11/100] k= 45 (used  44.0) c=0.871 alpha=-0.043 beta=+0.167 | loss 3.0198 (delta +0.1345) size 371.5 MB sparsity 10.6%
gen 30 offspring [12/100] k= 16 (used  16.0) c=0.779 alpha=-0.178 beta=+0.041 | loss 3.4568 (delta +0.5714) size 247.5 MB sparsity 19.5%
gen 30 offspring [13/100] k= 40 (used  39.0) c=0.989 alpha=-0.059 beta=+0.001 | loss 2.9693 (delta +0.0839) size 371.5 MB sparsity 9.3%
gen 30 offspring [14/100] k= 65 (used  64.0) c=0.952 alpha=-0.040 beta=+0.115 | loss 2.9385 (delta +0.0531) size 371.5 MB sparsity 7.6%
gen 30 offspring [15/100] k= 23 (used  23.0) c=1.000 alpha=-0.147 beta=+0.166 | loss 3.1848 (delta +0.2995) size 308.9 MB sparsity 16.3%
gen 30 offspring [16/100] k= 21 (used  13.0) c=0.942 alpha=-0.098 beta=+0.009 | loss 4.4468 (delta +1.5614) size 248.0 MB sparsity 16.6%
gen 30 offspring [17/100] k=159 (used 157.0) c=1.000 alpha=-0.006 beta=+0.001 | loss 2.8906 (delta +0.0053) size 495.0 MB sparsity 2.3%
gen 30 offspring [18/100] k= 63 (used  63.0) c=0.928 alpha=-0.031 beta=+0.023 | loss 2.9208 (delta +0.0355) size 371.5 MB sparsity 5.4%
gen 30 offspring [19/100] k= 23 (used  23.0) c=0.952 alpha=-0.041 beta=+0.004 | loss 3.1339 (delta +0.2486) size 309.3 MB sparsity 15.3%
gen 30 offspring [20/100] k=170 (used 167.0) c=1.000 alpha=-0.007 beta=+0.010 | loss 2.8900 (delta +0.0046) size 495.0 MB sparsity 2.2%
gen 30 offspring [21/100] k= 29 (used   9.0) c=0.750 alpha=-0.133 beta=+0.001 | loss 6.4779 (delta +3.5926) size 228.1 MB sparsity 10.8%
gen 30 offspring [22/100] k= 32 (used  18.0) c=0.790 alpha=-0.028 beta=+0.001 | loss 3.2426 (delta +0.3573) size 309.8 MB sparsity 9.4%
gen 30 offspring [23/100] k= 17 (used  17.0) c=0.841 alpha=-0.178 beta=+0.066 | loss 3.3367 (delta +0.4513) size 263.9 MB sparsity 18.6%
gen 30 offspring [24/100] k= 24 (used  23.0) c=0.969 alpha=-0.060 beta=+0.023 | loss 3.1642 (delta +0.2788) size 309.1 MB sparsity 15.6%
gen 30 offspring [25/100] k= 24 (used  23.0) c=0.971 alpha=-0.132 beta=+0.023 | loss 3.1638 (delta +0.2784) size 309.1 MB sparsity 15.6%
gen 30 offspring [26/100] k= 21 (used  21.0) c=0.926 alpha=-0.040 beta=+0.003 | loss 3.1965 (delta +0.3111) size 308.8 MB sparsity 16.4%
gen 30 offspring [27/100] k= 96 (used  50.0) c=0.975 alpha=-0.025 beta=+0.040 | loss 2.9512 (delta +0.0658) size 371.5 MB sparsity 3.8%
gen 30 offspring [28/100] k= 33 (used  33.0) c=0.770 alpha=-0.063 beta=+0.060 | loss 2.9871 (delta +0.1018) size 344.9 MB sparsity 8.6%
gen 30 offspring [29/100] k= 27 (used  25.0) c=0.976 alpha=-0.049 beta=+0.142 | loss 3.3023 (delta +0.4170) size 309.8 MB sparsity 13.6%
gen 30 offspring [30/100] k= 29 (used  28.0) c=0.979 alpha=-0.065 beta=+0.234 | loss 3.2735 (delta +0.3881) size 309.7 MB sparsity 16.2%
gen 30 offspring [31/100] k= 16 (used  16.0) c=0.754 alpha=-0.181 beta=+0.274 | loss 3.5450 (delta +0.6596) size 247.4 MB sparsity 21.4%
gen 30 offspring [32/100] k= 16 (used  13.0) c=0.865 alpha=-0.132 beta=+0.029 | loss 3.6746 (delta +0.7892) size 246.7 MB sparsity 21.5%
gen 30 offspring [33/100] k= 16 (used  14.0) c=0.998 alpha=-0.148 beta=+0.434 | loss 5.6236 (delta +2.7382) size 235.1 MB sparsity 30.2%
gen 30 offspring [34/100] k= 67 (used  35.0) c=0.795 alpha=-0.068 beta=+0.054 | loss 2.9899 (delta +0.1046) size 371.5 MB sparsity 5.5%
gen 30 offspring [35/100] k= 26 (used  25.0) c=0.986 alpha=-0.011 beta=+0.024 | loss 3.1155 (delta +0.2302) size 309.5 MB sparsity 14.6%
gen 30 offspring [36/100] k= 43 (used  43.0) c=0.971 alpha=-0.094 beta=+0.025 | loss 2.9565 (delta +0.0711) size 371.5 MB sparsity 8.6%
gen 30 offspring [37/100] k= 40 (used  39.0) c=0.996 alpha=-0.093 beta=+0.080 | loss 2.9733 (delta +0.0880) size 371.5 MB sparsity 9.5%
gen 30 offspring [38/100] k= 30 (used  29.0) c=0.998 alpha=-0.100 beta=+0.017 | loss 3.0845 (delta +0.1991) size 309.8 MB sparsity 12.7%
gen 30 offspring [39/100] k= 55 (used  51.0) c=0.969 alpha=-0.030 beta=+0.112 | loss 2.9687 (delta +0.0834) size 371.5 MB sparsity 8.1%
gen 30 offspring [40/100] k= 21 (used  11.0) c=0.765 alpha=-0.085 beta=+0.004 | loss 4.1654 (delta +1.2800) size 248.0 MB sparsity 13.6%
gen 30 offspring [41/100] k= 16 (used  16.0) c=0.863 alpha=-0.010 beta=+0.260 | loss 3.5552 (delta +0.6698) size 246.5 MB sparsity 22.6%
gen 30 offspring [42/100] k= 16 (used  16.0) c=0.768 alpha=-0.024 beta=+0.255 | loss 3.5359 (delta +0.6505) size 247.4 MB sparsity 21.0%
gen 30 offspring [43/100] k=161 (used 160.0) c=0.770 alpha=-0.059 beta=+0.001 | loss 2.9190 (delta +0.0336) size 495.0 MB sparsity 3.4%
gen 30 offspring [44/100] k= 16 (used   9.0) c=0.788 alpha=-0.065 beta=+0.001 | loss 6.0814 (delta +3.1961) size 211.5 MB sparsity 19.7%
gen 30 offspring [45/100] k= 17 (used  16.0) c=0.807 alpha=-0.154 beta=+0.066 | loss 3.3586 (delta +0.4732) size 247.9 MB sparsity 17.8%
gen 30 offspring [46/100] k= 29 (used  17.0) c=0.962 alpha=-0.151 beta=+0.068 | loss 3.6205 (delta +0.7351) size 277.6 MB sparsity 13.0%
gen 30 offspring [47/100] k= 65 (used  61.0) c=0.820 alpha=-0.194 beta=+0.054 | loss 2.9781 (delta +0.0927) size 371.5 MB sparsity 10.6%
gen 30 offspring [48/100] k= 17 (used  17.0) c=1.000 alpha=-0.218 beta=+0.261 | loss 3.5690 (delta +0.6836) size 253.1 MB sparsity 22.9%
gen 30 offspring [49/100] k= 29 (used  28.0) c=0.857 alpha=-0.216 beta=+0.209 | loss 3.2016 (delta +0.3163) size 309.6 MB sparsity 18.1%
gen 30 offspring [50/100] k= 22 (used  17.0) c=0.911 alpha=-0.077 beta=+0.029 | loss 3.2437 (delta +0.3584) size 270.0 MB sparsity 16.1%
gen 30 offspring [51/100] k= 33 (used  17.0) c=0.970 alpha=-0.042 beta=+0.003 | loss 3.3984 (delta +0.5131) size 283.0 MB sparsity 10.8%
gen 30 offspring [52/100] k= 29 (used  28.0) c=0.971 alpha=-0.155 beta=+0.111 | loss 3.1569 (delta +0.2715) size 309.8 MB sparsity 13.3%
gen 30 offspring [53/100] k= 46 (used  45.0) c=0.810 alpha=-0.202 beta=+0.004 | loss 2.9929 (delta +0.1075) size 371.5 MB sparsity 11.8%
gen 30 offspring [54/100] k= 16 (used   9.0) c=0.774 alpha=-0.210 beta=+0.013 | loss 5.8569 (delta +2.9716) size 211.4 MB sparsity 19.8%
gen 30 offspring [55/100] k= 16 (used  16.0) c=0.864 alpha=-0.198 beta=+0.250 | loss 3.5450 (delta +0.6596) size 246.6 MB sparsity 22.4%
gen 30 offspring [56/100] k= 60 (used  32.0) c=0.795 alpha=-0.197 beta=+0.054 | loss 3.0261 (delta +0.1408) size 309.8 MB sparsity 10.8%
gen 30 offspring [57/100] k= 21 (used  13.0) c=0.989 alpha=-0.053 beta=+0.041 | loss 4.8150 (delta +1.9296) size 248.0 MB sparsity 17.4%
gen 30 offspring [58/100] k= 73 (used  73.0) c=0.997 alpha=-0.024 beta=+0.020 | loss 2.9113 (delta +0.0259) size 433.3 MB sparsity 5.0%
gen 30 offspring [59/100] k= 33 (used  33.0) c=0.774 alpha=-0.093 beta=+0.081 | loss 2.9923 (delta +0.1069) size 343.9 MB sparsity 8.9%
gen 30 offspring [60/100] k= 25 (used  25.0) c=0.933 alpha=-0.119 beta=+0.057 | loss 3.0875 (delta +0.2021) size 309.7 MB sparsity 13.8%
gen 30 offspring [61/100] k= 16 (used  16.0) c=0.775 alpha=-0.189 beta=+0.040 | loss 3.4501 (delta +0.5648) size 247.5 MB sparsity 19.5%
gen 30 offspring [62/100] k= 16 (used  14.0) c=0.867 alpha=-0.206 beta=+0.270 | loss 4.7163 (delta +1.8309) size 246.4 MB sparsity 23.0%
gen 30 offspring [63/100] k= 16 (used  16.0) c=0.870 alpha=-0.152 beta=+0.005 | loss 3.5534 (delta +0.6680) size 246.6 MB sparsity 21.7%
gen 30 offspring [64/100] k= 26 (used  25.0) c=0.986 alpha=-0.025 beta=+0.024 | loss 3.1155 (delta +0.2302) size 309.5 MB sparsity 14.6%
gen 30 offspring [65/100] k= 70 (used  70.0) c=0.942 alpha=-0.012 beta=+0.059 | loss 2.9113 (delta +0.0260) size 433.3 MB sparsity 5.3%
gen 30 offspring [66/100] k= 16 (used  15.0) c=0.995 alpha=-0.059 beta=+0.262 | loss 3.8477 (delta +0.9624) size 244.6 MB sparsity 24.9%
gen 30 offspring [67/100] k= 27 (used  22.0) c=0.973 alpha=-0.076 beta=+0.017 | loss 3.1349 (delta +0.2496) size 309.8 MB sparsity 13.3%
gen 30 offspring [68/100] k= 16 (used  12.0) c=0.853 alpha=-0.194 beta=+0.261 | loss 4.7299 (delta +1.8446) size 246.6 MB sparsity 22.5%
gen 30 offspring [69/100] k= 16 (used  14.0) c=0.870 alpha=-0.154 beta=+0.003 | loss 3.5932 (delta +0.7079) size 246.6 MB sparsity 21.7%
gen 30 offspring [70/100] k= 29 (used  26.0) c=0.868 alpha=-0.131 beta=+0.022 | loss 3.1017 (delta +0.2164) size 309.8 MB sparsity 11.6%
gen 30 offspring [71/100] k= 33 (used  17.0) c=0.771 alpha=-0.045 beta=+0.047 | loss 3.2161 (delta +0.3307) size 288.4 MB sparsity 8.7%
gen 30 offspring [72/100] k= 25 (used  25.0) c=0.932 alpha=-0.071 beta=+0.172 | loss 3.0958 (delta +0.2104) size 309.7 MB sparsity 14.8%
gen 30 offspring [73/100] k= 65 (used  65.0) c=0.940 alpha=-0.026 beta=+0.001 | loss 2.9154 (delta +0.0300) size 413.6 MB sparsity 5.3%
gen 30 offspring [74/100] k=114 (used 111.0) c=1.000 alpha=-0.017 beta=+0.000 | loss 2.8959 (delta +0.0106) size 433.3 MB sparsity 3.2%
gen 30 offspring [75/100] k= 16 (used  15.0) c=0.880 alpha=-0.206 beta=+0.043 | loss 3.6331 (delta +0.7477) size 246.5 MB sparsity 21.9%
gen 30 offspring [76/100] k= 31 (used  17.0) c=0.870 alpha=-0.095 beta=+0.121 | loss 3.3960 (delta +0.5107) size 282.8 MB sparsity 10.9%
gen 30 offspring [77/100] k= 21 (used  21.0) c=0.910 alpha=-0.101 beta=+0.354 | loss 3.4109 (delta +0.5255) size 301.4 MB sparsity 22.7%
gen 30 offspring [78/100] k= 73 (used  73.0) c=0.986 alpha=-0.021 beta=+0.051 | loss 2.9074 (delta +0.0221) size 433.3 MB sparsity 5.0%
gen 30 offspring [79/100] k= 24 (used  23.0) c=0.931 alpha=-0.039 beta=+0.054 | loss 3.1231 (delta +0.2377) size 309.4 MB sparsity 15.0%
gen 30 offspring [80/100] k= 16 (used  13.0) c=0.775 alpha=-0.178 beta=+0.020 | loss 3.5372 (delta +0.6519) size 247.5 MB sparsity 19.4%
gen 30 offspring [81/100] k= 20 (used  19.0) c=0.942 alpha=-0.091 beta=+0.010 | loss 3.3125 (delta +0.4271) size 307.4 MB sparsity 18.4%
gen 30 offspring [82/100] k= 16 (used  16.0) c=0.882 alpha=-0.218 beta=+0.258 | loss 3.6252 (delta +0.7399) size 246.3 MB sparsity 23.0%
gen 30 offspring [83/100] k= 23 (used  23.0) c=0.957 alpha=-0.101 beta=+0.059 | loss 3.1415 (delta +0.2561) size 309.2 MB sparsity 15.4%
gen 30 offspring [84/100] k= 30 (used  29.0) c=0.999 alpha=-0.024 beta=+0.040 | loss 3.0829 (delta +0.1975) size 309.8 MB sparsity 12.7%
gen 30 offspring [85/100] k= 31 (used  17.0) c=0.911 alpha=-0.078 beta=+0.040 | loss 3.3917 (delta +0.5063) size 283.0 MB sparsity 10.9%
gen 30 offspring [86/100] k= 16 (used  16.0) c=0.858 alpha=-0.347 beta=+0.320 | loss 3.8896 (delta +1.0042) size 239.6 MB sparsity 28.4%
gen 30 offspring [87/100] k= 31 (used  17.0) c=0.841 alpha=-0.218 beta=+0.116 | loss 3.3775 (delta +0.4921) size 273.5 MB sparsity 14.7%
gen 30 offspring [88/100] k= 33 (used  30.0) c=0.993 alpha=-0.006 beta=+0.010 | loss 3.0090 (delta +0.1236) size 309.8 MB sparsity 11.1%
gen 30 offspring [89/100] k= 29 (used  28.0) c=0.961 alpha=-0.006 beta=+0.262 | loss 3.3242 (delta +0.4388) size 309.5 MB sparsity 17.1%
gen 30 offspring [90/100] k=178 (used 174.0) c=1.000 alpha=-0.049 beta=+0.008 | loss 2.8932 (delta +0.0078) size 495.0 MB sparsity 3.1%
gen 30 offspring [91/100] k= 17 (used  16.0) c=0.765 alpha=-0.014 beta=+0.253 | loss 4.0126 (delta +1.1272) size 247.9 MB sparsity 19.4%
gen 30 offspring [92/100] k= 16 (used  15.0) c=0.922 alpha=-0.041 beta=+0.225 | loss 3.7422 (delta +0.8569) size 245.9 MB sparsity 23.0%
gen 30 offspring [93/100] k= 73 (used  71.0) c=0.985 alpha=-0.140 beta=+0.160 | loss 2.9732 (delta +0.0879) size 433.2 MB sparsity 12.7%
gen 30 offspring [94/100] k= 16 (used  16.0) c=0.808 alpha=-0.065 beta=+0.025 | loss 3.4783 (delta +0.5929) size 247.2 MB sparsity 20.2%
gen 30 offspring [95/100] k= 46 (used  44.0) c=0.982 alpha=-0.113 beta=+0.024 | loss 2.9934 (delta +0.1080) size 371.5 MB sparsity 9.1%
gen 30 offspring [96/100] k= 32 (used  32.0) c=0.783 alpha=-0.064 beta=+0.012 | loss 2.9988 (delta +0.1134) size 309.8 MB sparsity 9.4%
gen 30 offspring [97/100] k= 23 (used  23.0) c=1.000 alpha=-0.029 beta=+0.058 | loss 3.1827 (delta +0.2973) size 308.9 MB sparsity 16.1%
gen 30 offspring [98/100] k= 21 (used  13.0) c=0.913 alpha=-0.187 beta=+0.038 | loss 4.4687 (delta +1.5833) size 248.0 MB sparsity 16.8%
gen 30 offspring [99/100] k= 29 (used  29.0) c=0.966 alpha=-0.125 beta=+0.112 | loss 3.0547 (delta +0.1694) size 309.8 MB sparsity 12.5%
gen 30 offspring [100/100] k= 25 (used  25.0) c=0.922 alpha=-0.016 beta=+0.001 | loss 3.1015 (delta +0.2161) size 309.7 MB sparsity 13.7%
=== generation 30/50 done in 547s (0 reused), batch baseline 2.8854, HV 0.17891, front 100 points, 100/100 feasible, best delta loss +0.0044, smallest 244.5 MB
gen 31 offspring [1/100] k= 23 (used  23.0) c=1.000 alpha=-0.147 beta=+0.169 | loss 3.1881 (delta +0.3027) size 308.9 MB sparsity 16.4%
gen 31 offspring [2/100] k= 16 (used  16.0) c=0.861 alpha=-0.198 beta=+0.343 | loss 3.6626 (delta +0.7773) size 245.2 MB sparsity 25.3%
gen 31 offspring [3/100] k= 16 (used  11.0) c=0.850 alpha=-0.194 beta=+0.261 | loss 5.0637 (delta +2.1783) size 246.7 MB sparsity 22.4%
gen 31 offspring [4/100] k= 23 (used  23.0) c=0.914 alpha=-0.050 beta=+0.003 | loss 3.1388 (delta +0.2535) size 309.5 MB sparsity 14.7%
gen 31 offspring [5/100] k= 34 (used  14.0) c=0.765 alpha=-0.085 beta=+0.004 | loss 3.7812 (delta +0.8958) size 248.0 MB sparsity 8.7%
gen 31 offspring [6/100] k= 21 (used  13.0) c=0.894 alpha=-0.061 beta=+0.040 | loss 4.3879 (delta +1.5026) size 248.0 MB sparsity 15.8%
gen 31 offspring [7/100] k= 36 (used  35.0) c=0.985 alpha=-0.058 beta=+0.010 | loss 2.9932 (delta +0.1078) size 371.5 MB sparsity 10.4%
gen 31 offspring [8/100] k= 25 (used  25.0) c=0.777 alpha=-0.119 beta=+0.002 | loss 3.0704 (delta +0.1850) size 309.8 MB sparsity 11.7%
gen 31 offspring [9/100] k= 16 (used  15.0) c=0.995 alpha=-0.147 beta=+0.253 | loss 3.8476 (delta +0.9623) size 244.6 MB sparsity 24.8%
gen 31 offspring [10/100] k= 23 (used  23.0) c=1.000 alpha=-0.004 beta=+0.058 | loss 3.1827 (delta +0.2973) size 308.9 MB sparsity 16.1%
gen 31 offspring [11/100] k= 24 (used  23.0) c=0.945 alpha=-0.022 beta=+0.172 | loss 3.1559 (delta +0.2705) size 309.3 MB sparsity 15.8%
gen 31 offspring [12/100] k= 16 (used  16.0) c=0.871 alpha=-0.182 beta=+0.066 | loss 3.5574 (delta +0.6721) size 246.6 MB sparsity 21.7%
gen 31 offspring [13/100] k= 71 (used  71.0) c=0.886 alpha=-0.013 beta=+0.032 | loss 2.9317 (delta +0.0463) size 433.3 MB sparsity 4.6%
gen 31 offspring [14/100] k= 22 (used  20.0) c=0.814 alpha=-0.193 beta=+0.225 | loss 3.8958 (delta +1.0104) size 308.9 MB sparsity 18.4%
gen 31 offspring [15/100] k= 33 (used  17.0) c=0.770 alpha=-0.063 beta=+0.002 | loss 3.2184 (delta +0.3331) size 288.4 MB sparsity 8.6%
gen 31 offspring [16/100] k= 16 (used  16.0) c=0.850 alpha=-0.007 beta=+0.295 | loss 3.5484 (delta +0.6630) size 246.3 MB sparsity 23.5%
gen 31 offspring [17/100] k= 65 (used  65.0) c=0.951 alpha=-0.017 beta=+0.059 | loss 2.9175 (delta +0.0321) size 412.7 MB sparsity 5.5%
gen 31 offspring [18/100] k= 16 (used  16.0) c=0.814 alpha=-0.194 beta=+0.055 | loss 3.4909 (delta +0.6055) size 247.2 MB sparsity 20.4%
gen 31 offspring [19/100] k= 16 (used  16.0) c=0.860 alpha=-0.211 beta=+0.055 | loss 3.5338 (delta +0.6485) size 246.7 MB sparsity 21.5%
gen 31 offspring [20/100] k=130 (used  67.0) c=0.989 alpha=-0.007 beta=+0.009 | loss 2.9189 (delta +0.0336) size 433.3 MB sparsity 2.8%
gen 31 offspring [21/100] k=116 (used 114.9) c=0.857 alpha=-0.010 beta=+0.260 | loss 2.9975 (delta +0.1121) size 433.3 MB sparsity 12.1%
gen 31 offspring [22/100] k= 16 (used  15.0) c=0.874 alpha=-0.094 beta=+0.255 | loss 3.5706 (delta +0.6852) size 246.5 MB sparsity 22.6%
gen 31 offspring [23/100] k= 30 (used  29.0) c=0.997 alpha=-0.099 beta=+0.017 | loss 3.0718 (delta +0.1865) size 309.8 MB sparsity 12.7%
gen 31 offspring [24/100] k= 23 (used  23.0) c=0.884 alpha=-0.010 beta=+0.051 | loss 3.1383 (delta +0.2530) size 309.6 MB sparsity 14.3%
gen 31 offspring [25/100] k= 16 (used  15.0) c=0.999 alpha=-0.146 beta=+0.262 | loss 3.8693 (delta +0.9839) size 244.5 MB sparsity 25.0%
gen 31 offspring [26/100] k= 30 (used  29.0) c=0.940 alpha=-0.026 beta=+0.001 | loss 3.0325 (delta +0.1471) size 309.8 MB sparsity 12.0%
gen 31 offspring [27/100] k= 31 (used  31.0) c=0.810 alpha=-0.065 beta=+0.004 | loss 2.9998 (delta +0.1144) size 309.8 MB sparsity 9.7%
gen 31 offspring [28/100] k= 16 (used  15.0) c=0.932 alpha=-0.196 beta=+0.177 | loss 3.7278 (delta +0.8424) size 245.7 MB sparsity 23.1%
gen 31 offspring [29/100] k= 16 (used  15.0) c=0.728 alpha=-0.174 beta=+0.256 | loss 4.2247 (delta +1.3393) size 247.7 MB sparsity 20.4%
gen 31 offspring [30/100] k= 60 (used  32.0) c=0.861 alpha=-0.084 beta=+0.317 | loss 3.1880 (delta +0.3026) size 309.8 MB sparsity 16.7%
gen 31 offspring [31/100] k= 21 (used  21.0) c=0.942 alpha=-0.094 beta=+0.010 | loss 3.2040 (delta +0.3186) size 308.6 MB sparsity 16.6%
gen 31 offspring [32/100] k= 30 (used  17.0) c=0.753 alpha=-0.026 beta=+0.265 | loss 3.4704 (delta +0.5851) size 270.6 MB sparsity 15.9%
gen 31 offspring [33/100] k= 55 (used  53.0) c=1.000 alpha=-0.024 beta=+0.007 | loss 2.9310 (delta +0.0457) size 371.5 MB sparsity 6.7%
gen 31 offspring [34/100] k= 33 (used  33.0) c=0.768 alpha=-0.031 beta=+0.004 | loss 2.9851 (delta +0.0997) size 344.9 MB sparsity 8.6%
gen 31 offspring [35/100] k= 70 (used  70.0) c=0.948 alpha=-0.033 beta=+0.001 | loss 2.9131 (delta +0.0277) size 433.3 MB sparsity 5.0%
gen 31 offspring [36/100] k= 31 (used  30.0) c=0.961 alpha=-0.030 beta=+0.264 | loss 3.2403 (delta +0.3549) size 309.6 MB sparsity 16.8%
gen 31 offspring [37/100] k= 33 (used  19.0) c=0.770 alpha=-0.075 beta=+0.065 | loss 3.2179 (delta +0.3326) size 309.8 MB sparsity 8.6%
gen 31 offspring [38/100] k= 17 (used  17.0) c=0.940 alpha=-0.032 beta=+0.002 | loss 3.4598 (delta +0.5745) size 259.1 MB sparsity 20.5%
gen 31 offspring [39/100] k= 16 (used  16.0) c=0.863 alpha=-0.198 beta=+0.343 | loss 3.6626 (delta +0.7772) size 245.2 MB sparsity 25.3%
gen 31 offspring [40/100] k= 16 (used  14.0) c=0.996 alpha=-0.071 beta=+0.367 | loss 5.1935 (delta +2.3082) size 240.8 MB sparsity 27.9%
gen 31 offspring [41/100] k= 77 (used  75.0) c=0.964 alpha=-0.040 beta=+0.277 | loss 3.0192 (delta +0.1339) size 432.6 MB sparsity 13.7%
gen 31 offspring [42/100] k= 16 (used  15.0) c=0.998 alpha=-0.085 beta=+0.104 | loss 3.8688 (delta +0.9834) size 244.6 MB sparsity 24.6%
gen 31 offspring [43/100] k= 16 (used  16.0) c=0.783 alpha=-0.215 beta=+0.020 | loss 3.4973 (delta +0.6119) size 247.5 MB sparsity 20.1%
gen 31 offspring [44/100] k= 29 (used  13.0) c=0.771 alpha=-0.068 beta=+0.050 | loss 4.5901 (delta +1.7048) size 248.0 MB sparsity 9.9%
gen 31 offspring [45/100] k= 16 (used  15.0) c=0.995 alpha=-0.063 beta=+0.064 | loss 3.8603 (delta +0.9750) size 244.6 MB sparsity 24.6%
gen 31 offspring [46/100] k= 36 (used  34.0) c=0.983 alpha=-0.126 beta=+0.112 | loss 3.0684 (delta +0.1830) size 371.5 MB sparsity 11.3%
gen 31 offspring [47/100] k= 16 (used  15.0) c=0.882 alpha=-0.218 beta=+0.258 | loss 3.6376 (delta +0.7523) size 246.3 MB sparsity 23.0%
gen 31 offspring [48/100] k= 16 (used  16.0) c=0.775 alpha=-0.178 beta=+0.020 | loss 3.4500 (delta +0.5646) size 247.5 MB sparsity 19.4%
gen 31 offspring [49/100] k= 61 (used  33.0) c=0.911 alpha=-0.077 beta=+0.029 | loss 3.0016 (delta +0.1162) size 352.5 MB sparsity 6.2%
gen 31 offspring [50/100] k= 45 (used  45.0) c=0.965 alpha=-0.011 beta=+0.024 | loss 2.9410 (delta +0.0556) size 371.5 MB sparsity 7.9%
gen 31 offspring [51/100] k=147 (used  77.0) c=0.779 alpha=-0.007 beta=+0.001 | loss 2.9313 (delta +0.0460) size 433.3 MB sparsity 1.9%
gen 31 offspring [52/100] k= 29 (used  29.0) c=0.982 alpha=-0.060 beta=+0.055 | loss 3.0627 (delta +0.1774) size 309.8 MB sparsity 12.5%
gen 31 offspring [53/100] k= 29 (used  29.0) c=0.983 alpha=-0.125 beta=+0.112 | loss 3.0636 (delta +0.1783) size 309.8 MB sparsity 12.7%
gen 31 offspring [54/100] k= 16 (used  15.0) c=0.964 alpha=-0.028 beta=+0.262 | loss 3.8019 (delta +0.9166) size 245.1 MB sparsity 24.4%
gen 31 offspring [55/100] k= 33 (used  17.0) c=0.757 alpha=-0.070 beta=+0.004 | loss 3.2154 (delta +0.3300) size 288.8 MB sparsity 8.5%
gen 31 offspring [56/100] k= 29 (used  29.0) c=0.803 alpha=-0.044 beta=+0.003 | loss 3.0228 (delta +0.1374) size 309.8 MB sparsity 10.3%
gen 31 offspring [57/100] k= 21 (used  21.0) c=0.940 alpha=-0.010 beta=+0.051 | loss 3.2030 (delta +0.3176) size 308.6 MB sparsity 16.6%
gen 31 offspring [58/100] k= 42 (used  41.0) c=0.974 alpha=-0.051 beta=+0.084 | loss 2.9611 (delta +0.0757) size 371.5 MB sparsity 8.8%
gen 31 offspring [59/100] k= 28 (used  28.0) c=0.771 alpha=-0.068 beta=+0.060 | loss 3.0316 (delta +0.1463) size 309.8 MB sparsity 10.6%
gen 31 offspring [60/100] k= 16 (used  16.0) c=0.746 alpha=-0.178 beta=+0.041 | loss 3.4438 (delta +0.5584) size 247.7 MB sparsity 18.8%
gen 31 offspring [61/100] k= 56 (used  56.0) c=0.931 alpha=-0.040 beta=+0.049 | loss 2.9340 (delta +0.0487) size 371.5 MB sparsity 6.2%
gen 31 offspring [62/100] k= 60 (used  32.0) c=0.795 alpha=-0.086 beta=+0.268 | loss 3.0764 (delta +0.1910) size 309.8 MB sparsity 14.9%
gen 31 offspring [63/100] k=148 (used 142.0) c=1.000 alpha=-0.024 beta=+0.038 | loss 2.8959 (delta +0.0105) size 495.0 MB sparsity 3.0%
gen 31 offspring [64/100] k= 21 (used  21.0) c=1.000 alpha=-0.017 beta=+0.000 | loss 3.2954 (delta +0.4100) size 308.0 MB sparsity 17.6%
gen 31 offspring [65/100] k= 21 (used  21.0) c=0.955 alpha=-0.206 beta=+0.012 | loss 3.2756 (delta +0.3903) size 308.3 MB sparsity 17.9%
gen 31 offspring [66/100] k= 29 (used  29.0) c=0.940 alpha=-0.026 beta=+0.016 | loss 3.0322 (delta +0.1468) size 309.8 MB sparsity 12.0%
gen 31 offspring [67/100] k= 16 (used  16.0) c=0.882 alpha=-0.221 beta=+0.257 | loss 3.6249 (delta +0.7396) size 246.3 MB sparsity 23.0%
gen 31 offspring [68/100] k= 29 (used  29.0) c=0.945 alpha=-0.071 beta=+0.016 | loss 3.0413 (delta +0.1560) size 309.8 MB sparsity 12.0%
gen 31 offspring [69/100] k= 33 (used  33.0) c=0.768 alpha=-0.059 beta=+0.001 | loss 2.9854 (delta +0.1000) size 344.9 MB sparsity 8.6%
gen 31 offspring [70/100] k= 66 (used  65.0) c=0.984 alpha=-0.050 beta=+0.024 | loss 2.9229 (delta +0.0376) size 412.7 MB sparsity 5.6%
gen 31 offspring [71/100] k= 24 (used  24.0) c=0.807 alpha=-0.053 beta=+0.061 | loss 3.1230 (delta +0.2376) size 309.8 MB sparsity 13.1%
gen 31 offspring [72/100] k= 29 (used  15.0) c=0.869 alpha=-0.088 beta=+0.020 | loss 3.4456 (delta +0.5603) size 248.0 MB sparsity 11.1%
gen 31 offspring [73/100] k= 16 (used  16.0) c=0.798 alpha=-0.201 beta=+0.057 | loss 3.4908 (delta +0.6055) size 247.3 MB sparsity 20.1%
gen 31 offspring [74/100] k= 16 (used  16.0) c=0.882 alpha=-0.218 beta=+0.258 | loss 3.6239 (delta +0.7385) size 246.3 MB sparsity 23.0%
gen 31 offspring [75/100] k= 16 (used  16.0) c=0.857 alpha=-0.216 beta=+0.093 | loss 3.5108 (delta +0.6254) size 246.7 MB sparsity 21.5%
gen 31 offspring [76/100] k=145 (used 142.0) c=1.000 alpha=-0.006 beta=+0.037 | loss 2.8962 (delta +0.0109) size 495.0 MB sparsity 2.9%
gen 31 offspring [77/100] k= 33 (used  17.0) c=0.771 alpha=-0.060 beta=+0.001 | loss 3.2165 (delta +0.3312) size 288.4 MB sparsity 8.7%
gen 31 offspring [78/100] k=114 (used 110.0) c=1.000 alpha=-0.017 beta=+0.061 | loss 2.9034 (delta +0.0181) size 433.3 MB sparsity 4.2%
gen 31 offspring [79/100] k= 16 (used  12.0) c=0.857 alpha=-0.194 beta=+0.110 | loss 3.8143 (delta +0.9290) size 246.7 MB sparsity 21.4%
gen 31 offspring [80/100] k= 22 (used  17.0) c=0.911 alpha=-0.076 beta=+0.029 | loss 3.2437 (delta +0.3584) size 270.0 MB sparsity 16.1%
gen 31 offspring [81/100] k= 30 (used  29.0) c=0.779 alpha=-0.162 beta=+0.019 | loss 3.0769 (delta +0.1915) size 309.8 MB sparsity 12.0%
gen 31 offspring [82/100] k=148 (used 147.0) c=0.998 alpha=-0.006 beta=+0.008 | loss 2.8932 (delta +0.0078) size 495.0 MB sparsity 2.5%
gen 31 offspring [83/100] k= 24 (used  23.0) c=0.931 alpha=-0.059 beta=+0.169 | loss 3.1306 (delta +0.2453) size 309.4 MB sparsity 15.5%
gen 31 offspring [84/100] k= 16 (used  15.0) c=0.900 alpha=-0.003 beta=+0.040 | loss 3.6735 (delta +0.7881) size 246.2 MB sparsity 22.3%
gen 31 offspring [85/100] k= 32 (used  30.0) c=0.959 alpha=-0.077 beta=+0.273 | loss 3.2582 (delta +0.3729) size 309.6 MB sparsity 17.1%
gen 31 offspring [86/100] k= 16 (used  15.0) c=0.886 alpha=-0.178 beta=+0.256 | loss 3.6332 (delta +0.7479) size 246.3 MB sparsity 22.9%
gen 31 offspring [87/100] k= 32 (used  17.0) c=0.751 alpha=-0.045 beta=+0.000 | loss 3.2223 (delta +0.3369) size 287.6 MB sparsity 9.0%
gen 31 offspring [88/100] k= 21 (used  13.0) c=0.909 alpha=-0.221 beta=+0.229 | loss 4.7632 (delta +1.8779) size 248.0 MB sparsity 19.8%
gen 31 offspring [89/100] k= 63 (used  63.0) c=0.895 alpha=-0.048 beta=+0.022 | loss 2.9198 (delta +0.0345) size 371.5 MB sparsity 5.2%
gen 31 offspring [90/100] k= 21 (used  21.0) c=0.864 alpha=-0.116 beta=+0.003 | loss 3.1435 (delta +0.2582) size 309.3 MB sparsity 15.3%
gen 31 offspring [91/100] k= 16 (used  15.0) c=0.997 alpha=-0.165 beta=+0.278 | loss 3.8741 (delta +0.9887) size 244.4 MB sparsity 25.3%
gen 31 offspring [92/100] k= 16 (used  15.0) c=0.997 alpha=-0.218 beta=+0.247 | loss 3.8693 (delta +0.9840) size 244.6 MB sparsity 24.8%
gen 31 offspring [93/100] k= 22 (used  17.0) c=0.911 alpha=-0.048 beta=+0.029 | loss 3.2437 (delta +0.3584) size 270.0 MB sparsity 16.1%
gen 31 offspring [94/100] k= 23 (used  23.0) c=0.962 alpha=-0.048 beta=+0.059 | loss 3.1579 (delta +0.2726) size 309.2 MB sparsity 15.5%
gen 31 offspring [95/100] k= 16 (used  16.0) c=0.780 alpha=-0.178 beta=+0.034 | loss 3.4567 (delta +0.5714) size 247.5 MB sparsity 19.5%
gen 31 offspring [96/100] k= 16 (used  15.0) c=1.000 alpha=-0.227 beta=+0.256 | loss 3.8783 (delta +0.9929) size 244.5 MB sparsity 25.0%
gen 31 offspring [97/100] k=151 (used 150.0) c=0.882 alpha=-0.004 beta=+0.019 | loss 2.9131 (delta +0.0278) size 495.0 MB sparsity 2.1%
gen 31 offspring [98/100] k= 31 (used  13.0) c=0.771 alpha=-0.074 beta=+0.004 | loss 4.1878 (delta +1.3024) size 248.0 MB sparsity 9.2%
gen 31 offspring [99/100] k= 19 (used  19.0) c=0.885 alpha=-0.215 beta=+0.025 | loss 3.3249 (delta +0.4395) size 308.0 MB sparsity 18.4%
gen 31 offspring [100/100] k= 54 (used  53.0) c=0.914 alpha=-0.053 beta=+0.254 | loss 3.0189 (delta +0.1336) size 371.5 MB sparsity 13.7%
=== generation 31/50 done in 547s (0 reused), batch baseline 2.8854, HV 0.17906, front 100 points, 100/100 feasible, best delta loss +0.0044, smallest 244.4 MB
gen 32 offspring [1/100] k= 65 (used  65.0) c=0.934 alpha=-0.040 beta=+0.025 | loss 2.9142 (delta +0.0288) size 413.8 MB sparsity 5.3%
gen 32 offspring [2/100] k= 71 (used  71.0) c=0.965 alpha=-0.033 beta=+0.024 | loss 2.9125 (delta +0.0271) size 433.3 MB sparsity 5.0%
gen 32 offspring [3/100] k= 17 (used  17.0) c=0.864 alpha=-0.198 beta=+0.320 | loss 3.5005 (delta +0.6151) size 252.2 MB sparsity 23.3%
gen 32 offspring [4/100] k= 29 (used  17.0) c=0.910 alpha=-0.065 beta=+0.020 | loss 3.4944 (delta +0.6091) size 281.1 MB sparsity 11.6%
gen 32 offspring [5/100] k= 23 (used  23.0) c=0.958 alpha=-0.089 beta=+0.008 | loss 3.1444 (delta +0.2591) size 309.2 MB sparsity 15.4%
gen 32 offspring [6/100] k= 68 (used  66.0) c=0.914 alpha=-0.109 beta=+0.059 | loss 2.9429 (delta +0.0576) size 433.3 MB sparsity 7.4%
gen 32 offspring [7/100] k= 31 (used  31.0) c=0.959 alpha=-0.077 beta=+0.115 | loss 3.0145 (delta +0.1292) size 309.8 MB sparsity 11.6%
gen 32 offspring [8/100] k=109 (used 107.0) c=0.995 alpha=-0.018 beta=+0.260 | loss 2.9848 (delta +0.0994) size 433.2 MB sparsity 12.4%
gen 32 offspring [9/100] k= 16 (used  13.0) c=0.864 alpha=-0.198 beta=+0.261 | loss 4.7155 (delta +1.8302) size 246.5 MB sparsity 22.7%
gen 32 offspring [10/100] k= 66 (used  65.8) c=0.863 alpha=-0.198 beta=+0.343 | loss 3.1630 (delta +0.2777) size 397.5 MB sparsity 22.3%
gen 32 offspring [11/100] k=148 (used 146.0) c=0.885 alpha=-0.141 beta=+0.008 | loss 2.9269 (delta +0.0415) size 495.0 MB sparsity 7.0%
gen 32 offspring [12/100] k= 22 (used  13.0) c=0.944 alpha=-0.077 beta=+0.027 | loss 4.4648 (delta +1.5795) size 248.0 MB sparsity 16.7%
gen 32 offspring [13/100] k= 29 (used  15.0) c=0.768 alpha=-0.103 beta=+0.001 | loss 3.3117 (delta +0.4263) size 248.0 MB sparsity 10.0%
gen 32 offspring [14/100] k=156 (used 147.7) c=1.000 alpha=-0.165 beta=+0.278 | loss 3.0361 (delta +0.1508) size 465.9 MB sparsity 18.4%
gen 32 offspring [15/100] k= 16 (used  15.0) c=0.995 alpha=-0.019 beta=+0.261 | loss 3.8477 (delta +0.9624) size 244.6 MB sparsity 24.9%
gen 32 offspring [16/100] k= 33 (used  33.0) c=0.811 alpha=-0.190 beta=+0.116 | loss 3.0187 (delta +0.1333) size 330.3 MB sparsity 13.4%
gen 32 offspring [17/100] k= 30 (used  30.0) c=0.933 alpha=-0.014 beta=+0.016 | loss 3.0325 (delta +0.1472) size 309.8 MB sparsity 11.9%
gen 32 offspring [18/100] k= 16 (used  15.0) c=0.964 alpha=-0.007 beta=+0.262 | loss 3.8014 (delta +0.9160) size 245.1 MB sparsity 24.4%
gen 32 offspring [19/100] k= 29 (used  13.0) c=0.769 alpha=-0.070 beta=+0.003 | loss 4.5722 (delta +1.6868) size 248.0 MB sparsity 9.8%
gen 32 offspring [20/100] k= 27 (used  14.0) c=0.746 alpha=-0.178 beta=+0.041 | loss 3.7874 (delta +0.9021) size 248.0 MB sparsity 12.8%
gen 32 offspring [21/100] k= 32 (used  17.0) c=0.748 alpha=-0.024 beta=+0.000 | loss 3.2207 (delta +0.3354) size 287.7 MB sparsity 8.9%
gen 32 offspring [22/100] k= 28 (used  15.0) c=0.975 alpha=-0.022 beta=+0.040 | loss 3.9435 (delta +1.0581) size 248.0 MB sparsity 13.3%
gen 32 offspring [23/100] k= 25 (used  25.0) c=0.775 alpha=-0.032 beta=+0.057 | loss 3.0684 (delta +0.1831) size 309.8 MB sparsity 11.5%
gen 32 offspring [24/100] k= 24 (used  23.0) c=0.971 alpha=-0.088 beta=+0.023 | loss 3.1636 (delta +0.2783) size 309.1 MB sparsity 15.6%
gen 32 offspring [25/100] k=164 (used 159.0) c=1.000 alpha=-0.006 beta=+0.010 | loss 2.8906 (delta +0.0052) size 495.0 MB sparsity 2.2%
gen 32 offspring [26/100] k= 16 (used   9.0) c=0.964 alpha=-0.025 beta=+0.027 | loss 7.0327 (delta +4.1473) size 203.9 MB sparsity 23.8%
gen 32 offspring [27/100] k= 16 (used  16.0) c=0.814 alpha=-0.248 beta=+0.225 | loss 3.5323 (delta +0.6469) size 247.1 MB sparsity 22.0%
gen 32 offspring [28/100] k= 16 (used  16.0) c=0.777 alpha=-0.148 beta=+0.161 | loss 3.4478 (delta +0.5624) size 247.5 MB sparsity 19.5%
gen 32 offspring [29/100] k= 62 (used  33.0) c=0.782 alpha=-0.086 beta=+0.054 | loss 2.9961 (delta +0.1108) size 352.1 MB sparsity 6.3%
gen 32 offspring [30/100] k= 23 (used  23.0) c=0.864 alpha=-0.198 beta=+0.247 | loss 3.2344 (delta +0.3490) size 308.6 MB sparsity 19.3%
gen 32 offspring [31/100] k= 24 (used  22.0) c=1.000 alpha=-0.215 beta=+0.169 | loss 3.5138 (delta +0.6285) size 308.6 MB sparsity 17.9%
gen 32 offspring [32/100] k= 16 (used  16.0) c=0.847 alpha=-0.007 beta=+0.295 | loss 3.5511 (delta +0.6657) size 246.4 MB sparsity 23.4%
gen 32 offspring [33/100] k= 75 (used  38.0) c=0.945 alpha=-0.085 beta=+0.004 | loss 3.0013 (delta +0.1160) size 371.5 MB sparsity 6.0%
gen 32 offspring [34/100] k= 20 (used  19.0) c=0.744 alpha=-0.018 beta=+0.005 | loss 3.1828 (delta +0.2974) size 309.5 MB sparsity 14.7%
gen 32 offspring [35/100] k= 17 (used  17.0) c=0.951 alpha=-0.178 beta=+0.066 | loss 3.5095 (delta +0.6242) size 258.5 MB sparsity 20.8%
gen 32 offspring [36/100] k= 16 (used  13.0) c=0.864 alpha=-0.165 beta=+0.248 | loss 4.6790 (delta +1.7936) size 246.6 MB sparsity 22.3%
gen 32 offspring [37/100] k= 32 (used  20.0) c=0.754 alpha=-0.258 beta=+0.120 | loss 3.3073 (delta +0.4219) size 309.8 MB sparsity 16.2%
gen 32 offspring [38/100] k= 16 (used  15.0) c=0.956 alpha=-0.175 beta=+0.034 | loss 3.8214 (delta +0.9360) size 245.3 MB sparsity 23.6%
gen 32 offspring [39/100] k= 19 (used  11.0) c=0.911 alpha=-0.028 beta=+0.278 | loss 5.2653 (delta +2.3799) size 247.6 MB sparsity 20.9%
gen 32 offspring [40/100] k= 34 (used  18.0) c=0.771 alpha=-0.045 beta=+0.000 | loss 3.2059 (delta +0.3206) size 309.8 MB sparsity 8.7%
gen 32 offspring [41/100] k= 16 (used  15.0) c=0.999 alpha=-0.147 beta=+0.038 | loss 3.8740 (delta +0.9886) size 244.5 MB sparsity 24.6%
gen 32 offspring [42/100] k= 33 (used  33.0) c=0.770 alpha=-0.063 beta=+0.063 | loss 2.9871 (delta +0.1017) size 344.8 MB sparsity 8.6%
gen 32 offspring [43/100] k=140 (used 135.0) c=1.000 alpha=-0.000 beta=+0.006 | loss 2.8913 (delta +0.0060) size 495.0 MB sparsity 2.6%
gen 32 offspring [44/100] k= 37 (used  37.0) c=0.997 alpha=-0.015 beta=+0.007 | loss 2.9893 (delta +0.1039) size 371.5 MB sparsity 9.9%
gen 32 offspring [45/100] k= 16 (used  15.0) c=0.967 alpha=-0.011 beta=+0.262 | loss 3.9121 (delta +1.0268) size 245.1 MB sparsity 24.4%
gen 32 offspring [46/100] k= 62 (used  60.9) c=0.923 alpha=-0.198 beta=+0.343 | loss 3.2047 (delta +0.3194) size 350.6 MB sparsity 22.3%
gen 32 offspring [47/100] k= 25 (used  25.0) c=0.925 alpha=-0.026 beta=+0.086 | loss 3.1006 (delta +0.2152) size 309.7 MB sparsity 13.7%
gen 32 offspring [48/100] k= 29 (used  29.0) c=0.969 alpha=-0.065 beta=+0.041 | loss 3.0478 (delta +0.1624) size 309.8 MB sparsity 12.3%
gen 32 offspring [49/100] k= 43 (used  43.0) c=0.940 alpha=-0.026 beta=+0.003 | loss 2.9549 (delta +0.0696) size 371.5 MB sparsity 8.0%
gen 32 offspring [50/100] k= 48 (used  48.0) c=0.948 alpha=-0.011 beta=+0.001 | loss 2.9448 (delta +0.0595) size 371.5 MB sparsity 7.4%
gen 32 offspring [51/100] k= 21 (used  21.0) c=0.979 alpha=-0.048 beta=+0.018 | loss 3.2918 (delta +0.4065) size 308.2 MB sparsity 17.3%
gen 32 offspring [52/100] k= 21 (used  21.0) c=0.943 alpha=-0.101 beta=+0.059 | loss 3.2037 (delta +0.3183) size 308.6 MB sparsity 16.7%
gen 32 offspring [53/100] k= 65 (used  65.0) c=0.942 alpha=-0.013 beta=+0.023 | loss 2.9158 (delta +0.0305) size 413.6 MB sparsity 5.3%
gen 32 offspring [54/100] k= 21 (used  21.0) c=0.920 alpha=-0.094 beta=+0.010 | loss 3.1959 (delta +0.3105) size 308.8 MB sparsity 16.3%
gen 32 offspring [55/100] k= 17 (used  17.0) c=0.858 alpha=-0.010 beta=+0.061 | loss 3.3501 (delta +0.4648) size 263.3 MB sparsity 18.8%
gen 32 offspring [56/100] k= 16 (used  15.0) c=0.964 alpha=-0.028 beta=+0.251 | loss 3.8033 (delta +0.9180) size 245.1 MB sparsity 24.2%
gen 32 offspring [57/100] k= 16 (used  16.0) c=0.795 alpha=-0.031 beta=+0.054 | loss 3.4797 (delta +0.5944) size 247.4 MB sparsity 19.9%
gen 32 offspring [58/100] k= 21 (used  21.0) c=0.997 alpha=-0.006 beta=+0.051 | loss 3.2801 (delta +0.3948) size 308.0 MB sparsity 17.6%
gen 32 offspring [59/100] k= 29 (used  29.0) c=0.912 alpha=-0.071 beta=+0.016 | loss 3.0294 (delta +0.1441) size 309.8 MB sparsity 11.6%
gen 32 offspring [60/100] k= 23 (used  23.0) c=0.960 alpha=-0.124 beta=+0.059 | loss 3.1534 (delta +0.2680) size 309.2 MB sparsity 15.5%
gen 32 offspring [61/100] k= 18 (used  17.0) c=0.996 alpha=-0.006 beta=+0.010 | loss 3.5580 (delta +0.6727) size 256.2 MB sparsity 21.7%
gen 32 offspring [62/100] k= 31 (used  17.0) c=0.753 alpha=-0.151 beta=+0.101 | loss 3.2421 (delta +0.3567) size 281.7 MB sparsity 11.4%
gen 32 offspring [63/100] k= 16 (used  10.0) c=0.738 alpha=-0.099 beta=+0.055 | loss 5.7664 (delta +2.8810) size 247.8 MB sparsity 18.5%
gen 32 offspring [64/100] k=111 (used 109.0) c=1.000 alpha=-0.011 beta=+0.000 | loss 2.9020 (delta +0.0167) size 433.3 MB sparsity 3.3%
gen 32 offspring [65/100] k= 16 (used  16.0) c=0.850 alpha=-0.003 beta=+0.295 | loss 3.5468 (delta +0.6614) size 246.3 MB sparsity 23.5%
gen 32 offspring [66/100] k= 33 (used  33.0) c=0.977 alpha=-0.060 beta=+0.056 | loss 2.9976 (delta +0.1123) size 337.8 MB sparsity 10.9%
gen 32 offspring [67/100] k= 16 (used  16.0) c=0.765 alpha=-0.116 beta=+0.004 | loss 3.4705 (delta +0.5852) size 247.6 MB sparsity 19.2%
gen 32 offspring [68/100] k= 55 (used  53.0) c=1.000 alpha=-0.045 beta=+0.040 | loss 2.9309 (delta +0.0455) size 371.5 MB sparsity 6.7%
gen 32 offspring [69/100] k= 97 (used  51.0) c=0.961 alpha=-0.204 beta=+0.015 | loss 2.9756 (delta +0.0902) size 371.5 MB sparsity 10.3%
gen 32 offspring [70/100] k= 33 (used  33.0) c=0.926 alpha=-0.119 beta=+0.004 | loss 2.9951 (delta +0.1098) size 338.2 MB sparsity 10.8%
gen 32 offspring [71/100] k= 16 (used  16.0) c=0.839 alpha=-0.007 beta=+0.250 | loss 3.5392 (delta +0.6538) size 246.9 MB sparsity 21.9%
gen 32 offspring [72/100] k= 30 (used  16.0) c=0.771 alpha=-0.068 beta=+0.000 | loss 3.2969 (delta +0.4116) size 248.0 MB sparsity 9.9%
gen 32 offspring [73/100] k=119 (used 117.0) c=0.990 alpha=-0.001 beta=+0.262 | loss 2.9913 (delta +0.1059) size 433.2 MB sparsity 12.4%
gen 32 offspring [74/100] k= 16 (used  15.0) c=0.993 alpha=-0.192 beta=+0.262 | loss 3.8771 (delta +0.9917) size 244.6 MB sparsity 24.9%
gen 32 offspring [75/100] k= 16 (used  16.0) c=0.746 alpha=-0.178 beta=+0.026 | loss 3.4438 (delta +0.5584) size 247.7 MB sparsity 18.8%
gen 32 offspring [76/100] k= 16 (used  15.0) c=0.971 alpha=-0.132 beta=+0.027 | loss 3.8929 (delta +1.0075) size 245.1 MB sparsity 24.0%
gen 32 offspring [77/100] k= 16 (used  16.0) c=0.857 alpha=-0.148 beta=+0.256 | loss 3.5238 (delta +0.6385) size 246.6 MB sparsity 22.4%
gen 32 offspring [78/100] k=114 (used 112.0) c=0.999 alpha=-0.087 beta=+0.000 | loss 2.9014 (delta +0.0161) size 433.3 MB sparsity 5.3%
gen 32 offspring [79/100] k= 31 (used  31.0) c=0.768 alpha=-0.033 beta=+0.001 | loss 3.0054 (delta +0.1201) size 309.8 MB sparsity 9.2%
gen 32 offspring [80/100] k= 38 (used  19.0) c=0.946 alpha=-0.094 beta=+0.010 | loss 3.2343 (delta +0.3489) size 309.8 MB sparsity 9.5%
gen 32 offspring [81/100] k= 70 (used  69.0) c=0.806 alpha=-0.012 beta=+0.059 | loss 2.9375 (delta +0.0522) size 433.3 MB sparsity 4.8%
gen 32 offspring [82/100] k= 16 (used  15.0) c=0.995 alpha=-0.198 beta=+0.320 | loss 3.9482 (delta +1.0628) size 243.6 MB sparsity 26.4%
gen 32 offspring [83/100] k= 63 (used  63.0) c=0.914 alpha=-0.050 beta=+0.015 | loss 2.9165 (delta +0.0312) size 371.5 MB sparsity 5.3%
gen 32 offspring [84/100] k= 16 (used  15.0) c=0.886 alpha=-0.178 beta=+0.258 | loss 3.6350 (delta +0.7496) size 246.3 MB sparsity 22.9%
gen 32 offspring [85/100] k= 24 (used  24.0) c=0.781 alpha=-0.105 beta=+0.059 | loss 3.1097 (delta +0.2243) size 309.8 MB sparsity 12.7%
gen 32 offspring [86/100] k= 16 (used  15.0) c=0.964 alpha=-0.077 beta=+0.000 | loss 3.8123 (delta +0.9270) size 245.2 MB sparsity 23.8%
gen 32 offspring [87/100] k= 32 (used  17.0) c=0.751 alpha=-0.060 beta=+0.001 | loss 3.2223 (delta +0.3369) size 287.6 MB sparsity 9.0%
gen 32 offspring [88/100] k= 21 (used  13.0) c=0.910 alpha=-0.060 beta=+0.223 | loss 4.5630 (delta +1.6776) size 248.0 MB sparsity 17.9%
gen 32 offspring [89/100] k= 31 (used  31.0) c=0.959 alpha=-0.077 beta=+0.112 | loss 3.0124 (delta +0.1270) size 309.8 MB sparsity 11.5%
gen 32 offspring [90/100] k= 17 (used  16.0) c=0.850 alpha=-0.194 beta=+0.293 | loss 4.1785 (delta +1.2931) size 247.3 MB sparsity 22.2%
gen 32 offspring [91/100] k= 16 (used  15.0) c=0.937 alpha=-0.146 beta=+0.253 | loss 3.7267 (delta +0.8414) size 245.6 MB sparsity 23.7%
gen 32 offspring [92/100] k= 45 (used  45.0) c=0.855 alpha=-0.005 beta=+0.024 | loss 2.9530 (delta +0.0676) size 371.5 MB sparsity 7.0%
gen 32 offspring [93/100] k= 17 (used  17.0) c=0.868 alpha=-0.040 beta=+0.054 | loss 3.3449 (delta +0.4595) size 262.8 MB sparsity 19.0%
gen 32 offspring [94/100] k= 22 (used  17.0) c=0.911 alpha=-0.076 beta=+0.065 | loss 3.2437 (delta +0.3584) size 270.0 MB sparsity 16.1%
gen 32 offspring [95/100] k= 16 (used  15.0) c=0.996 alpha=-0.059 beta=+0.276 | loss 3.8773 (delta +0.9920) size 244.4 MB sparsity 25.2%
gen 32 offspring [96/100] k= 29 (used  29.0) c=0.928 alpha=-0.010 beta=+0.022 | loss 3.0229 (delta +0.1375) size 309.8 MB sparsity 11.8%
gen 32 offspring [97/100] k= 55 (used  55.0) c=0.757 alpha=-0.021 beta=+0.004 | loss 2.9587 (delta +0.0733) size 371.5 MB sparsity 5.1%
gen 32 offspring [98/100] k= 65 (used  65.0) c=0.942 alpha=-0.032 beta=+0.059 | loss 2.9162 (delta +0.0309) size 412.9 MB sparsity 5.5%
gen 32 offspring [99/100] k= 70 (used  70.0) c=0.948 alpha=-0.002 beta=+0.001 | loss 2.9131 (delta +0.0277) size 433.3 MB sparsity 5.0%
gen 32 offspring [100/100] k= 33 (used  17.0) c=1.000 alpha=-0.073 beta=+0.040 | loss 3.4211 (delta +0.5357) size 282.3 MB sparsity 11.1%
=== generation 32/50 done in 549s (0 reused), batch baseline 2.8854, HV 0.17907, front 100 points, 100/100 feasible, best delta loss +0.0044, smallest 244.4 MB
gen 33 offspring [1/100] k= 29 (used  15.0) c=0.765 alpha=-0.085 beta=+0.005 | loss 3.3068 (delta +0.4215) size 248.0 MB sparsity 9.8%
gen 33 offspring [2/100] k= 16 (used  15.0) c=0.864 alpha=-0.147 beta=+0.334 | loss 4.8062 (delta +1.9208) size 245.4 MB sparsity 25.0%
gen 33 offspring [3/100] k= 22 (used  22.0) c=0.864 alpha=-0.147 beta=+0.169 | loss 3.1513 (delta +0.2660) size 309.3 MB sparsity 15.8%
gen 33 offspring [4/100] k= 17 (used  16.0) c=0.807 alpha=-0.057 beta=+0.065 | loss 3.3584 (delta +0.4731) size 247.9 MB sparsity 17.8%
gen 33 offspring [5/100] k=114 (used  59.0) c=0.774 alpha=-0.025 beta=+0.040 | loss 2.9350 (delta +0.0497) size 371.5 MB sparsity 3.0%
gen 33 offspring [6/100] k= 43 (used  43.0) c=0.935 alpha=-0.026 beta=+0.023 | loss 2.9584 (delta +0.0730) size 371.5 MB sparsity 8.0%
gen 33 offspring [7/100] k= 37 (used  37.0) c=0.940 alpha=-0.026 beta=+0.007 | loss 2.9724 (delta +0.0870) size 371.5 MB sparsity 9.4%
gen 33 offspring [8/100] k= 16 (used  16.0) c=0.864 alpha=-0.253 beta=+0.351 | loss 3.7396 (delta +0.8542) size 244.1 MB sparsity 26.5%
gen 33 offspring [9/100] k= 16 (used  15.0) c=0.999 alpha=-0.146 beta=+0.260 | loss 3.8674 (delta +0.9821) size 244.5 MB sparsity 25.0%
gen 33 offspring [10/100] k= 65 (used  64.0) c=0.934 alpha=-0.255 beta=+0.025 | loss 3.0003 (delta +0.1149) size 371.5 MB sparsity 13.2%
gen 33 offspring [11/100] k= 16 (used  16.0) c=0.746 alpha=-0.173 beta=+0.124 | loss 3.4447 (delta +0.5594) size 247.7 MB sparsity 18.8%
gen 33 offspring [12/100] k= 16 (used  16.0) c=0.910 alpha=-0.071 beta=+0.040 | loss 3.6978 (delta +0.8125) size 246.1 MB sparsity 22.6%
gen 33 offspring [13/100] k= 29 (used  15.0) c=0.771 alpha=-0.102 beta=+0.090 | loss 3.3152 (delta +0.4298) size 248.0 MB sparsity 10.1%
gen 33 offspring [14/100] k= 21 (used  21.0) c=0.942 alpha=-0.209 beta=+0.059 | loss 3.2280 (delta +0.3427) size 308.4 MB sparsity 17.8%
gen 33 offspring [15/100] k= 24 (used  23.0) c=0.971 alpha=-0.132 beta=+0.039 | loss 3.1638 (delta +0.2784) size 309.1 MB sparsity 15.6%
gen 33 offspring [16/100] k= 32 (used  31.0) c=0.731 alpha=-0.035 beta=+0.219 | loss 3.1243 (delta +0.2390) size 309.8 MB sparsity 13.6%
gen 33 offspring [17/100] k= 29 (used  28.0) c=0.963 alpha=-0.053 beta=+0.273 | loss 3.3491 (delta +0.4638) size 309.3 MB sparsity 17.6%
gen 33 offspring [18/100] k= 32 (used  32.0) c=0.885 alpha=-0.024 beta=+0.000 | loss 3.0110 (delta +0.1256) size 309.8 MB sparsity 10.6%
gen 33 offspring [19/100] k=114 (used 111.0) c=1.000 alpha=-0.017 beta=+0.023 | loss 2.8950 (delta +0.0096) size 433.3 MB sparsity 3.2%
gen 33 offspring [20/100] k= 29 (used  29.0) c=0.768 alpha=-0.068 beta=+0.000 | loss 3.0410 (delta +0.1557) size 309.8 MB sparsity 9.8%
gen 33 offspring [21/100] k= 16 (used  16.0) c=0.905 alpha=-0.076 beta=+0.064 | loss 3.6751 (delta +0.7897) size 246.2 MB sparsity 22.5%
gen 33 offspring [22/100] k=168 (used 160.0) c=1.000 alpha=-0.006 beta=+0.008 | loss 2.8914 (delta +0.0060) size 495.0 MB sparsity 2.2%
gen 33 offspring [23/100] k= 16 (used  14.0) c=1.000 alpha=-0.074 beta=+0.339 | loss 5.0219 (delta +2.1366) size 242.8 MB sparsity 27.0%
gen 33 offspring [24/100] k= 24 (used  23.0) c=0.742 alpha=-0.086 beta=+0.214 | loss 3.2658 (delta +0.3805) size 309.8 MB sparsity 15.2%
gen 33 offspring [25/100] k= 29 (used  29.0) c=0.851 alpha=-0.035 beta=+0.022 | loss 3.0301 (delta +0.1447) size 309.8 MB sparsity 10.9%
gen 33 offspring [26/100] k= 16 (used  15.0) c=0.994 alpha=-0.165 beta=+0.048 | loss 3.8691 (delta +0.9838) size 244.6 MB sparsity 24.5%
gen 33 offspring [27/100] k= 16 (used  11.0) c=0.853 alpha=-0.060 beta=+0.039 | loss 4.0957 (delta +1.2104) size 246.8 MB sparsity 21.2%
gen 33 offspring [28/100] k= 18 (used  17.0) c=0.934 alpha=-0.039 beta=+0.028 | loss 3.4724 (delta +0.5870) size 259.4 MB sparsity 20.4%
gen 33 offspring [29/100] k=114 (used 111.0) c=1.000 alpha=-0.043 beta=+0.000 | loss 2.8955 (delta +0.0102) size 433.3 MB sparsity 3.6%
gen 33 offspring [30/100] k= 27 (used  27.0) c=0.930 alpha=-0.071 beta=+0.012 | loss 3.0834 (delta +0.1980) size 309.8 MB sparsity 12.8%
gen 33 offspring [31/100] k= 17 (used  16.0) c=0.806 alpha=-0.213 beta=+0.067 | loss 3.8128 (delta +0.9274) size 247.9 MB sparsity 18.6%
gen 33 offspring [32/100] k= 21 (used  21.0) c=0.885 alpha=-0.044 beta=+0.040 | loss 3.1780 (delta +0.2926) size 309.1 MB sparsity 15.7%
gen 33 offspring [33/100] k= 60 (used  31.0) c=0.966 alpha=-0.125 beta=+0.117 | loss 3.0583 (delta +0.1730) size 309.8 MB sparsity 10.4%
gen 33 offspring [34/100] k= 33 (used  15.0) c=0.743 alpha=-0.070 beta=+0.004 | loss 3.2676 (delta +0.3823) size 248.0 MB sparsity 8.4%
gen 33 offspring [35/100] k= 23 (used  23.0) c=1.000 alpha=-0.147 beta=+0.169 | loss 3.1879 (delta +0.3026) size 308.9 MB sparsity 16.4%
gen 33 offspring [36/100] k= 37 (used  37.0) c=0.927 alpha=-0.026 beta=+0.007 | loss 2.9678 (delta +0.0824) size 371.5 MB sparsity 9.2%
gen 33 offspring [37/100] k= 16 (used  15.0) c=0.964 alpha=-0.000 beta=+0.261 | loss 3.8025 (delta +0.9171) size 245.1 MB sparsity 24.3%
gen 33 offspring [38/100] k= 33 (used  26.0) c=0.753 alpha=-0.031 beta=+0.105 | loss 3.0801 (delta +0.1948) size 309.8 MB sparsity 9.1%
gen 33 offspring [39/100] k= 33 (used  31.0) c=0.777 alpha=-0.193 beta=+0.225 | loss 3.2491 (delta +0.3638) size 309.7 MB sparsity 17.6%
gen 33 offspring [40/100] k= 16 (used   9.0) c=0.995 alpha=-0.076 beta=+0.029 | loss 7.1804 (delta +4.2951) size 202.6 MB sparsity 24.6%
gen 33 offspring [41/100] k= 30 (used  28.0) c=0.994 alpha=-0.145 beta=+0.253 | loss 3.3186 (delta +0.4333) size 309.4 MB sparsity 17.5%
gen 33 offspring [42/100] k= 29 (used  29.0) c=0.948 alpha=-0.010 beta=+0.022 | loss 3.0441 (delta +0.1588) size 309.8 MB sparsity 12.1%
gen 33 offspring [43/100] k= 63 (used  62.0) c=0.905 alpha=-0.028 beta=+0.258 | loss 2.9953 (delta +0.1099) size 371.5 MB sparsity 13.3%
gen 33 offspring [44/100] k= 31 (used  31.0) c=0.997 alpha=-0.132 beta=+0.023 | loss 3.0256 (delta +0.1403) size 309.8 MB sparsity 12.3%
gen 33 offspring [45/100] k= 29 (used  29.0) c=0.770 alpha=-0.074 beta=+0.001 | loss 3.0393 (delta +0.1539) size 309.8 MB sparsity 9.9%
gen 33 offspring [46/100] k= 65 (used  64.0) c=0.942 alpha=-0.001 beta=+0.079 | loss 2.9336 (delta +0.0483) size 371.5 MB sparsity 6.2%
gen 33 offspring [47/100] k= 16 (used  16.0) c=0.850 alpha=-0.174 beta=+0.172 | loss 3.4946 (delta +0.6093) size 246.8 MB sparsity 21.2%
gen 33 offspring [48/100] k= 31 (used  31.0) c=0.940 alpha=-0.026 beta=+0.015 | loss 3.0084 (delta +0.1230) size 309.8 MB sparsity 11.2%
gen 33 offspring [49/100] k= 16 (used  16.0) c=0.857 alpha=-0.199 beta=+0.247 | loss 3.5208 (delta +0.6355) size 246.7 MB sparsity 22.2%
gen 33 offspring [50/100] k= 17 (used  17.0) c=0.993 alpha=-0.198 beta=+0.250 | loss 3.5484 (delta +0.6630) size 254.4 MB sparsity 22.4%
gen 33 offspring [51/100] k= 63 (used  62.0) c=0.914 alpha=-0.171 beta=+0.015 | loss 2.9510 (delta +0.0656) size 371.5 MB sparsity 9.9%
gen 33 offspring [52/100] k= 33 (used  33.0) c=0.970 alpha=-0.031 beta=+0.004 | loss 3.0041 (delta +0.1188) size 338.1 MB sparsity 10.8%
gen 33 offspring [53/100] k= 16 (used  15.0) c=0.881 alpha=-0.003 beta=+0.243 | loss 3.6496 (delta +0.7643) size 246.4 MB sparsity 22.5%
gen 33 offspring [54/100] k=140 (used 137.0) c=0.999 alpha=-0.000 beta=+0.006 | loss 2.8920 (delta +0.0066) size 495.0 MB sparsity 2.6%
gen 33 offspring [55/100] k= 31 (used  17.0) c=0.754 alpha=-0.095 beta=+0.113 | loss 3.2387 (delta +0.3534) size 285.4 MB sparsity 9.9%
gen 33 offspring [56/100] k= 29 (used  29.0) c=0.982 alpha=-0.060 beta=+0.056 | loss 3.0627 (delta +0.1774) size 309.8 MB sparsity 12.5%
gen 33 offspring [57/100] k= 16 (used  15.0) c=0.887 alpha=-0.055 beta=+0.258 | loss 3.6312 (delta +0.7458) size 246.3 MB sparsity 22.9%
gen 33 offspring [58/100] k= 33 (used  33.0) c=0.770 alpha=-0.068 beta=+0.062 | loss 2.9874 (delta +0.1021) size 344.8 MB sparsity 8.6%
gen 33 offspring [59/100] k= 21 (used  13.0) c=0.863 alpha=-0.188 beta=+0.343 | loss 4.6388 (delta +1.7534) size 247.6 MB sparsity 22.8%
gen 33 offspring [60/100] k= 16 (used  16.0) c=0.850 alpha=-0.224 beta=+0.256 | loss 3.5113 (delta +0.6260) size 246.7 MB sparsity 22.6%
gen 33 offspring [61/100] k= 16 (used  16.0) c=0.812 alpha=-0.133 beta=+0.050 | loss 3.4870 (delta +0.6017) size 247.2 MB sparsity 20.3%
gen 33 offspring [62/100] k= 30 (used  29.0) c=0.998 alpha=-0.099 beta=+0.024 | loss 3.0754 (delta +0.1901) size 309.8 MB sparsity 12.7%
gen 33 offspring [63/100] k= 16 (used   9.0) c=0.850 alpha=-0.072 beta=+0.014 | loss 6.2312 (delta +3.3458) size 208.8 MB sparsity 21.2%
gen 33 offspring [64/100] k= 16 (used  15.0) c=0.997 alpha=-0.162 beta=+0.025 | loss 3.8586 (delta +0.9733) size 244.6 MB sparsity 24.6%
gen 33 offspring [65/100] k= 16 (used   9.0) c=0.748 alpha=-0.178 beta=+0.256 | loss 6.0272 (delta +3.1418) size 209.6 MB sparsity 20.8%
gen 33 offspring [66/100] k= 16 (used  15.0) c=0.964 alpha=-0.007 beta=+0.244 | loss 3.8150 (delta +0.9297) size 245.2 MB sparsity 24.1%
gen 33 offspring [67/100] k= 29 (used  15.0) c=0.949 alpha=-0.071 beta=+0.017 | loss 3.5949 (delta +0.7096) size 248.0 MB sparsity 12.1%
gen 33 offspring [68/100] k= 22 (used  13.0) c=0.786 alpha=-0.066 beta=+0.035 | loss 4.0677 (delta +1.1824) size 248.0 MB sparsity 14.0%
gen 33 offspring [69/100] k= 22 (used  18.0) c=0.911 alpha=-0.149 beta=+0.029 | loss 3.2304 (delta +0.3450) size 308.9 MB sparsity 16.1%
gen 33 offspring [70/100] k= 60 (used  32.0) c=0.903 alpha=-0.059 beta=+0.054 | loss 3.0153 (delta +0.1300) size 309.8 MB sparsity 5.8%
gen 33 offspring [71/100] k= 21 (used  20.0) c=0.926 alpha=-0.007 beta=+0.320 | loss 3.9838 (delta +1.0984) size 304.8 MB sparsity 21.6%
gen 33 offspring [72/100] k= 31 (used  30.0) c=0.951 alpha=-0.040 beta=+0.306 | loss 3.3272 (delta +0.4418) size 309.2 MB sparsity 18.4%
gen 33 offspring [73/100] k= 21 (used  21.0) c=0.906 alpha=-0.023 beta=+0.028 | loss 3.1948 (delta +0.3094) size 309.0 MB sparsity 16.0%
gen 33 offspring [74/100] k= 59 (used  58.0) c=0.811 alpha=-0.195 beta=+0.053 | loss 2.9710 (delta +0.0856) size 371.5 MB sparsity 10.8%
gen 33 offspring [75/100] k= 25 (used  25.0) c=0.933 alpha=-0.087 beta=+0.058 | loss 3.0871 (delta +0.2018) size 309.7 MB sparsity 13.8%
gen 33 offspring [76/100] k= 31 (used  16.0) c=0.767 alpha=-0.085 beta=+0.166 | loss 3.5050 (delta +0.6197) size 248.0 MB sparsity 11.8%
gen 33 offspring [77/100] k= 31 (used  17.0) c=0.763 alpha=-0.095 beta=+0.120 | loss 3.2341 (delta +0.3488) size 284.7 MB sparsity 10.2%
gen 33 offspring [78/100] k= 54 (used  53.0) c=0.991 alpha=-0.011 beta=+0.051 | loss 2.9317 (delta +0.0463) size 371.5 MB sparsity 6.9%
gen 33 offspring [79/100] k= 29 (used  29.0) c=0.812 alpha=-0.087 beta=+0.112 | loss 3.0265 (delta +0.1412) size 309.8 MB sparsity 10.6%
gen 33 offspring [80/100] k=115 (used  59.0) c=0.988 alpha=-0.025 beta=+0.040 | loss 2.9243 (delta +0.0390) size 371.5 MB sparsity 3.4%
gen 33 offspring [81/100] k=164 (used 159.0) c=1.000 alpha=-0.007 beta=+0.010 | loss 2.8902 (delta +0.0048) size 495.0 MB sparsity 2.2%
gen 33 offspring [82/100] k= 31 (used  17.0) c=0.770 alpha=-0.068 beta=+0.000 | loss 3.2327 (delta +0.3473) size 287.0 MB sparsity 9.2%
gen 33 offspring [83/100] k= 16 (used  16.0) c=0.864 alpha=-0.220 beta=+0.344 | loss 3.6752 (delta +0.7899) size 245.1 MB sparsity 25.6%
gen 33 offspring [84/100] k= 30 (used  17.0) c=0.768 alpha=-0.004 beta=+0.001 | loss 3.2860 (delta +0.4006) size 285.5 MB sparsity 9.8%
gen 33 offspring [85/100] k= 16 (used  16.0) c=0.808 alpha=-0.063 beta=+0.063 | loss 3.4777 (delta +0.5924) size 247.3 MB sparsity 20.2%
gen 33 offspring [86/100] k= 16 (used  15.0) c=0.914 alpha=-0.146 beta=+0.262 | loss 3.7328 (delta +0.8474) size 245.9 MB sparsity 23.5%
gen 33 offspring [87/100] k= 16 (used  15.0) c=0.983 alpha=-0.061 beta=+0.055 | loss 3.8914 (delta +1.0061) size 244.9 MB sparsity 24.3%
gen 33 offspring [88/100] k= 17 (used  17.0) c=0.777 alpha=-0.148 beta=+0.161 | loss 3.3411 (delta +0.4558) size 267.3 MB sparsity 17.2%
gen 33 offspring [89/100] k= 70 (used  70.0) c=0.928 alpha=-0.033 beta=+0.001 | loss 2.9108 (delta +0.0254) size 433.3 MB sparsity 4.9%
gen 33 offspring [90/100] k= 16 (used  16.0) c=0.850 alpha=-0.194 beta=+0.023 | loss 3.4844 (delta +0.5990) size 246.8 MB sparsity 21.2%
gen 33 offspring [91/100] k= 23 (used  23.0) c=0.972 alpha=-0.099 beta=+0.018 | loss 3.1663 (delta +0.2809) size 309.1 MB sparsity 15.6%
gen 33 offspring [92/100] k= 16 (used   9.0) c=0.855 alpha=-0.148 beta=+0.288 | loss 6.4521 (delta +3.5668) size 204.8 MB sparsity 23.3%
gen 33 offspring [93/100] k=140 (used 134.0) c=1.000 alpha=-0.007 beta=+0.057 | loss 2.8977 (delta +0.0123) size 495.0 MB sparsity 3.8%
gen 33 offspring [94/100] k= 16 (used  16.0) c=0.882 alpha=-0.012 beta=+0.275 | loss 3.6464 (delta +0.7611) size 246.2 MB sparsity 23.3%
gen 33 offspring [95/100] k= 37 (used  37.0) c=0.945 alpha=-0.001 beta=+0.007 | loss 2.9716 (delta +0.0863) size 371.5 MB sparsity 9.4%
gen 33 offspring [96/100] k= 67 (used  66.0) c=0.934 alpha=-0.007 beta=+0.236 | loss 2.9808 (delta +0.0954) size 433.2 MB sparsity 12.4%
gen 33 offspring [97/100] k= 21 (used  21.0) c=0.948 alpha=-0.101 beta=+0.059 | loss 3.2325 (delta +0.3471) size 308.6 MB sparsity 16.7%
gen 33 offspring [98/100] k=124 (used 123.0) c=0.994 alpha=-0.017 beta=+0.003 | loss 2.8942 (delta +0.0088) size 433.3 MB sparsity 2.9%
gen 33 offspring [99/100] k= 16 (used  15.0) c=0.964 alpha=-0.040 beta=+0.052 | loss 3.8139 (delta +0.9286) size 245.2 MB sparsity 23.8%
gen 33 offspring [100/100] k= 16 (used  16.0) c=0.864 alpha=-0.221 beta=+0.280 | loss 3.5864 (delta +0.7010) size 246.4 MB sparsity 23.4%
=== generation 33/50 done in 549s (0 reused), batch baseline 2.8854, HV 0.17947, front 100 points, 100/100 feasible, best delta loss +0.0044, smallest 244.1 MB
gen 34 offspring [1/100] k= 16 (used  16.0) c=0.826 alpha=-0.194 beta=+0.261 | loss 3.5416 (delta +0.6563) size 246.9 MB sparsity 22.1%
gen 34 offspring [2/100] k= 70 (used  69.0) c=0.950 alpha=-0.033 beta=+0.063 | loss 2.9375 (delta +0.0521) size 433.3 MB sparsity 5.4%
gen 34 offspring [3/100] k= 21 (used  13.0) c=0.760 alpha=-0.061 beta=+0.093 | loss 4.1708 (delta +1.2855) size 248.0 MB sparsity 13.5%
gen 34 offspring [4/100] k= 20 (used  19.0) c=0.953 alpha=-0.101 beta=+0.236 | loss 3.3663 (delta +0.4809) size 306.6 MB sparsity 19.9%
gen 34 offspring [5/100] k= 31 (used  17.0) c=0.753 alpha=-0.017 beta=+0.100 | loss 3.2317 (delta +0.3464) size 286.8 MB sparsity 9.3%
gen 34 offspring [6/100] k= 31 (used  31.0) c=0.810 alpha=-0.065 beta=+0.014 | loss 2.9998 (delta +0.1144) size 309.8 MB sparsity 9.7%
gen 34 offspring [7/100] k= 16 (used  16.0) c=0.864 alpha=-0.198 beta=+0.321 | loss 3.6481 (delta +0.7628) size 245.7 MB sparsity 24.6%
gen 34 offspring [8/100] k= 37 (used  21.0) c=0.795 alpha=-0.092 beta=+0.007 | loss 3.1797 (delta +0.2943) size 309.8 MB sparsity 8.3%
gen 34 offspring [9/100] k= 16 (used  16.0) c=0.864 alpha=-0.198 beta=+0.346 | loss 3.6714 (delta +0.7860) size 245.1 MB sparsity 25.4%
gen 34 offspring [10/100] k= 16 (used  16.0) c=0.744 alpha=-0.111 beta=+0.041 | loss 3.4551 (delta +0.5697) size 247.7 MB sparsity 18.7%
gen 34 offspring [11/100] k= 16 (used  16.0) c=0.809 alpha=-0.194 beta=+0.050 | loss 3.4939 (delta +0.6085) size 247.2 MB sparsity 20.3%
gen 34 offspring [12/100] k= 53 (used  53.0) c=0.991 alpha=-0.011 beta=+0.053 | loss 2.9320 (delta +0.0467) size 371.5 MB sparsity 6.9%
gen 34 offspring [13/100] k= 21 (used  21.0) c=0.972 alpha=-0.100 beta=+0.018 | loss 3.2798 (delta +0.3945) size 308.3 MB sparsity 17.1%
gen 34 offspring [14/100] k= 39 (used  39.0) c=0.968 alpha=-0.095 beta=+0.025 | loss 2.9653 (delta +0.0799) size 371.5 MB sparsity 9.3%
gen 34 offspring [15/100] k= 30 (used  13.0) c=0.771 alpha=-0.068 beta=+0.000 | loss 4.5049 (delta +1.6195) size 248.0 MB sparsity 9.9%
gen 34 offspring [16/100] k= 17 (used  17.0) c=0.743 alpha=-0.070 beta=+0.004 | loss 3.3175 (delta +0.4321) size 269.2 MB sparsity 16.4%
gen 34 offspring [17/100] k= 32 (used  32.0) c=0.938 alpha=-0.025 beta=+0.007 | loss 3.0083 (delta +0.1229) size 309.8 MB sparsity 11.2%
gen 34 offspring [18/100] k= 16 (used  13.0) c=0.862 alpha=-0.253 beta=+0.040 | loss 4.5632 (delta +1.6778) size 246.6 MB sparsity 22.4%
gen 34 offspring [19/100] k= 16 (used  16.0) c=0.805 alpha=-0.148 beta=+0.256 | loss 3.5278 (delta +0.6425) size 247.1 MB sparsity 21.5%
gen 34 offspring [20/100] k= 33 (used  17.0) c=0.770 alpha=-0.199 beta=+0.001 | loss 3.3959 (delta +0.5105) size 278.4 MB sparsity 12.7%
gen 34 offspring [21/100] k= 63 (used  23.0) c=0.765 alpha=-0.097 beta=+0.016 | loss 3.1136 (delta +0.2283) size 309.8 MB sparsity 6.4%
gen 34 offspring [22/100] k= 16 (used  14.0) c=0.986 alpha=-0.027 beta=+0.322 | loss 5.1789 (delta +2.2936) size 243.8 MB sparsity 26.3%
gen 34 offspring [23/100] k= 80 (used  80.0) c=0.966 alpha=-0.013 beta=+0.050 | loss 2.9067 (delta +0.0213) size 433.3 MB sparsity 4.6%
gen 34 offspring [24/100] k= 21 (used  21.0) c=0.931 alpha=-0.059 beta=+0.065 | loss 3.2083 (delta +0.3229) size 308.7 MB sparsity 16.5%
gen 34 offspring [25/100] k= 30 (used  29.0) c=0.997 alpha=-0.049 beta=+0.009 | loss 3.0717 (delta +0.1863) size 309.8 MB sparsity 12.7%
gen 34 offspring [26/100] k= 63 (used  33.0) c=0.780 alpha=-0.050 beta=+0.015 | loss 3.0037 (delta +0.1184) size 357.1 MB sparsity 4.7%
gen 34 offspring [27/100] k=115 (used 115.0) c=0.996 alpha=-0.017 beta=+0.004 | loss 2.8954 (delta +0.0100) size 433.3 MB sparsity 3.2%
gen 34 offspring [28/100] k= 16 (used  15.0) c=0.863 alpha=-0.198 beta=+0.443 | loss 5.5554 (delta +2.6700) size 238.5 MB sparsity 28.9%
gen 34 offspring [29/100] k= 21 (used  21.0) c=0.972 alpha=-0.177 beta=+0.018 | loss 3.2835 (delta +0.3982) size 308.3 MB sparsity 17.4%
gen 34 offspring [30/100] k= 16 (used  16.0) c=0.857 alpha=-0.148 beta=+0.256 | loss 3.5249 (delta +0.6396) size 246.6 MB sparsity 22.4%
gen 34 offspring [31/100] k= 30 (used  15.0) c=0.985 alpha=-0.010 beta=+0.051 | loss 3.6828 (delta +0.7974) size 248.0 MB sparsity 12.5%
gen 34 offspring [32/100] k= 16 (used  16.0) c=0.887 alpha=-0.033 beta=+0.258 | loss 3.6184 (delta +0.7331) size 246.3 MB sparsity 22.9%
gen 34 offspring [33/100] k= 26 (used  24.0) c=0.997 alpha=-0.227 beta=+0.032 | loss 3.4238 (delta +0.5385) size 309.1 MB sparsity 17.2%
gen 34 offspring [34/100] k= 60 (used  59.0) c=0.931 alpha=-0.087 beta=+0.054 | loss 2.9483 (delta +0.0629) size 371.5 MB sparsity 6.8%
gen 34 offspring [35/100] k= 46 (used  25.0) c=0.763 alpha=-0.097 beta=+0.109 | loss 3.0772 (delta +0.1919) size 309.8 MB sparsity 9.0%
gen 34 offspring [36/100] k= 16 (used   7.0) c=0.781 alpha=-0.070 beta=+0.004 | loss 10.3509 (delta +7.4655) size 186.3 MB sparsity 19.6%
gen 34 offspring [37/100] k= 31 (used  31.0) c=0.810 alpha=-0.065 beta=+0.001 | loss 2.9998 (delta +0.1144) size 309.8 MB sparsity 9.7%
gen 34 offspring [38/100] k= 45 (used  45.0) c=0.965 alpha=-0.025 beta=+0.002 | loss 2.9410 (delta +0.0556) size 371.5 MB sparsity 7.9%
gen 34 offspring [39/100] k= 29 (used  29.0) c=0.976 alpha=-0.065 beta=+0.020 | loss 3.0504 (delta +0.1651) size 309.8 MB sparsity 12.4%
gen 34 offspring [40/100] k= 29 (used  29.0) c=0.940 alpha=-0.093 beta=+0.016 | loss 3.0329 (delta +0.1475) size 309.8 MB sparsity 12.0%
gen 34 offspring [41/100] k= 29 (used  17.0) c=0.911 alpha=-0.055 beta=+0.002 | loss 3.4928 (delta +0.6075) size 281.1 MB sparsity 11.6%
gen 34 offspring [42/100] k= 16 (used  16.0) c=0.863 alpha=-0.202 beta=+0.043 | loss 3.5312 (delta +0.6459) size 246.7 MB sparsity 21.5%
gen 34 offspring [43/100] k= 23 (used  22.0) c=0.960 alpha=-0.124 beta=+0.246 | loss 3.6382 (delta +0.7528) size 308.5 MB sparsity 18.3%
gen 34 offspring [44/100] k= 16 (used  16.0) c=0.850 alpha=-0.030 beta=+0.204 | loss 3.4787 (delta +0.5933) size 246.8 MB sparsity 21.3%
gen 34 offspring [45/100] k= 65 (used  65.0) c=0.933 alpha=-0.006 beta=+0.026 | loss 2.9150 (delta +0.0297) size 413.8 MB sparsity 5.3%
gen 34 offspring [46/100] k=148 (used 147.0) c=0.971 alpha=-0.095 beta=+0.027 | loss 2.8970 (delta +0.0117) size 495.0 MB sparsity 5.3%
gen 34 offspring [47/100] k= 33 (used  17.0) c=0.921 alpha=-0.102 beta=+0.037 | loss 3.3575 (delta +0.4721) size 284.1 MB sparsity 10.4%
gen 34 offspring [48/100] k= 24 (used  24.0) c=0.850 alpha=-0.028 beta=+0.050 | loss 3.1174 (delta +0.2320) size 309.7 MB sparsity 13.7%
gen 34 offspring [49/100] k=124 (used 123.0) c=0.994 alpha=-0.024 beta=+0.003 | loss 2.8938 (delta +0.0085) size 433.3 MB sparsity 2.9%
gen 34 offspring [50/100] k= 16 (used  16.0) c=0.852 alpha=-0.007 beta=+0.295 | loss 3.5628 (delta +0.6775) size 246.3 MB sparsity 23.5%
gen 34 offspring [51/100] k= 23 (used  22.0) c=0.850 alpha=-0.266 beta=+0.155 | loss 3.4226 (delta +0.5372) size 308.9 MB sparsity 18.6%
gen 34 offspring [52/100] k= 33 (used  17.0) c=0.757 alpha=-0.070 beta=+0.005 | loss 3.2154 (delta +0.3300) size 288.8 MB sparsity 8.5%
gen 34 offspring [53/100] k= 22 (used  13.0) c=0.925 alpha=-0.076 beta=+0.065 | loss 4.4848 (delta +1.5994) size 248.0 MB sparsity 16.3%
gen 34 offspring [54/100] k=140 (used 135.0) c=1.000 alpha=-0.000 beta=+0.005 | loss 2.8913 (delta +0.0060) size 495.0 MB sparsity 2.6%
gen 34 offspring [55/100] k= 33 (used  33.0) c=0.768 alpha=-0.030 beta=+0.002 | loss 2.9851 (delta +0.0997) size 344.9 MB sparsity 8.6%
gen 34 offspring [56/100] k= 23 (used  23.0) c=0.924 alpha=-0.039 beta=+0.002 | loss 3.1187 (delta +0.2333) size 309.4 MB sparsity 14.9%
gen 34 offspring [57/100] k= 16 (used  16.0) c=0.888 alpha=-0.198 beta=+0.343 | loss 3.7308 (delta +0.8455) size 244.8 MB sparsity 25.6%
gen 34 offspring [58/100] k= 37 (used  37.0) c=0.949 alpha=-0.001 beta=+0.007 | loss 2.9745 (delta +0.0892) size 371.5 MB sparsity 9.5%
gen 34 offspring [59/100] k= 32 (used  17.0) c=0.790 alpha=-0.148 beta=+0.109 | loss 3.5558 (delta +0.6705) size 281.1 MB sparsity 11.6%
gen 34 offspring [60/100] k= 29 (used  15.0) c=0.771 alpha=-0.068 beta=+0.001 | loss 3.3108 (delta +0.4255) size 248.0 MB sparsity 9.9%
gen 34 offspring [61/100] k= 22 (used  22.0) c=0.913 alpha=-0.077 beta=+0.404 | loss 3.5372 (delta +0.6519) size 295.7 MB sparsity 24.6%
gen 34 offspring [62/100] k= 17 (used  17.0) c=0.859 alpha=-0.062 beta=+0.066 | loss 3.3504 (delta +0.4651) size 263.2 MB sparsity 18.9%
gen 34 offspring [63/100] k= 16 (used  16.0) c=0.865 alpha=-0.060 beta=+0.250 | loss 3.5430 (delta +0.6577) size 246.6 MB sparsity 22.4%
gen 34 offspring [64/100] k= 31 (used  31.0) c=0.915 alpha=-0.048 beta=+0.004 | loss 3.0070 (delta +0.1217) size 309.8 MB sparsity 10.9%
gen 34 offspring [65/100] k= 27 (used  27.0) c=0.897 alpha=-0.218 beta=+0.047 | loss 3.1185 (delta +0.2331) size 309.7 MB sparsity 15.5%
gen 34 offspring [66/100] k= 16 (used  16.0) c=0.858 alpha=-0.010 beta=+0.253 | loss 3.5286 (delta +0.6432) size 246.6 MB sparsity 22.3%
gen 34 offspring [67/100] k= 21 (used  21.0) c=0.943 alpha=-0.081 beta=+0.163 | loss 3.2057 (delta +0.3203) size 308.6 MB sparsity 16.8%
gen 34 offspring [68/100] k=166 (used 162.0) c=0.999 alpha=-0.100 beta=+0.018 | loss 2.8979 (delta +0.0125) size 495.0 MB sparsity 5.3%
gen 34 offspring [69/100] k= 30 (used  30.0) c=0.918 alpha=-0.067 beta=+0.000 | loss 3.0280 (delta +0.1426) size 309.8 MB sparsity 11.7%
gen 34 offspring [70/100] k=125 (used  65.0) c=0.973 alpha=-0.025 beta=+0.040 | loss 2.9169 (delta +0.0315) size 421.4 MB sparsity 3.2%
gen 34 offspring [71/100] k= 16 (used  16.0) c=0.808 alpha=-0.194 beta=+0.225 | loss 3.4640 (delta +0.5786) size 247.2 MB sparsity 20.8%
gen 34 offspring [72/100] k= 16 (used  16.0) c=0.850 alpha=-0.215 beta=+0.264 | loss 3.5194 (delta +0.6340) size 246.6 MB sparsity 22.7%
gen 34 offspring [73/100] k= 53 (used  52.0) c=0.767 alpha=-0.048 beta=+0.090 | loss 2.9637 (delta +0.0783) size 371.5 MB sparsity 6.6%
gen 34 offspring [74/100] k= 70 (used  69.0) c=0.948 alpha=-0.055 beta=+0.001 | loss 2.9233 (delta +0.0379) size 433.3 MB sparsity 5.2%
gen 34 offspring [75/100] k= 29 (used  29.0) c=0.999 alpha=-0.159 beta=+0.094 | loss 3.0869 (delta +0.2015) size 309.8 MB sparsity 13.6%
gen 34 offspring [76/100] k= 70 (used  40.0) c=0.792 alpha=-0.032 beta=+0.053 | loss 2.9844 (delta +0.0991) size 371.5 MB sparsity 4.5%
gen 34 offspring [77/100] k= 34 (used  33.0) c=0.987 alpha=-0.003 beta=+0.023 | loss 3.0020 (delta +0.1167) size 337.5 MB sparsity 11.0%
gen 34 offspring [78/100] k= 34 (used  33.0) c=0.742 alpha=-0.178 beta=+0.034 | loss 3.0580 (delta +0.1726) size 335.3 MB sparsity 11.7%
gen 34 offspring [79/100] k= 25 (used  15.0) c=0.766 alpha=-0.024 beta=+0.100 | loss 3.4916 (delta +0.6063) size 248.0 MB sparsity 11.4%
gen 34 offspring [80/100] k= 25 (used  25.0) c=0.986 alpha=-0.011 beta=+0.024 | loss 3.1155 (delta +0.2302) size 309.5 MB sparsity 14.6%
gen 34 offspring [81/100] k= 16 (used  16.0) c=0.769 alpha=-0.148 beta=+0.161 | loss 3.4675 (delta +0.5821) size 247.6 MB sparsity 19.3%
gen 34 offspring [82/100] k= 43 (used  43.0) c=0.971 alpha=-0.026 beta=+0.025 | loss 2.9544 (delta +0.0690) size 371.5 MB sparsity 8.3%
gen 34 offspring [83/100] k= 20 (used  11.0) c=0.758 alpha=-0.068 beta=+0.039 | loss 4.2497 (delta +1.3643) size 248.0 MB sparsity 14.9%
gen 34 offspring [84/100] k= 16 (used  15.0) c=0.812 alpha=-0.253 beta=+0.357 | loss 4.6757 (delta +1.7903) size 244.4 MB sparsity 26.4%
gen 34 offspring [85/100] k= 17 (used  17.0) c=0.864 alpha=-0.103 beta=+0.081 | loss 3.3614 (delta +0.4760) size 263.0 MB sparsity 19.0%
gen 34 offspring [86/100] k= 33 (used  33.0) c=0.768 alpha=-0.042 beta=+0.004 | loss 2.9851 (delta +0.0997) size 344.9 MB sparsity 8.6%
gen 34 offspring [87/100] k= 65 (used  64.0) c=0.943 alpha=-0.075 beta=+0.059 | loss 2.9327 (delta +0.0473) size 371.5 MB sparsity 6.2%
gen 34 offspring [88/100] k= 37 (used  37.0) c=1.000 alpha=-0.000 beta=+0.001 | loss 2.9878 (delta +0.1024) size 371.5 MB sparsity 10.0%
gen 34 offspring [89/100] k= 33 (used  33.0) c=0.945 alpha=-0.028 beta=+0.004 | loss 2.9949 (delta +0.1096) size 338.9 MB sparsity 10.6%
gen 34 offspring [90/100] k= 30 (used  29.0) c=0.998 alpha=-0.060 beta=+0.017 | loss 3.0845 (delta +0.1992) size 309.8 MB sparsity 12.7%
gen 34 offspring [91/100] k= 29 (used  29.0) c=0.940 alpha=-0.024 beta=+0.016 | loss 3.0322 (delta +0.1468) size 309.8 MB sparsity 12.0%
gen 34 offspring [92/100] k= 18 (used  15.0) c=0.995 alpha=-0.015 beta=+0.066 | loss 3.6214 (delta +0.7360) size 246.6 MB sparsity 21.7%
gen 34 offspring [93/100] k= 26 (used  25.0) c=0.978 alpha=-0.068 beta=+0.062 | loss 3.1171 (delta +0.2317) size 309.6 MB sparsity 14.5%
gen 34 offspring [94/100] k= 16 (used  16.0) c=0.887 alpha=-0.055 beta=+0.258 | loss 3.6184 (delta +0.7331) size 246.3 MB sparsity 22.9%
gen 34 offspring [95/100] k= 29 (used  29.0) c=0.769 alpha=-0.075 beta=+0.016 | loss 3.0383 (delta +0.1529) size 309.8 MB sparsity 9.8%
gen 34 offspring [96/100] k= 21 (used  17.0) c=0.910 alpha=-0.100 beta=+0.040 | loss 3.2452 (delta +0.3598) size 270.0 MB sparsity 16.1%
gen 34 offspring [97/100] k= 31 (used  15.0) c=0.765 alpha=-0.085 beta=+0.003 | loss 3.2710 (delta +0.3856) size 248.0 MB sparsity 9.2%
gen 34 offspring [98/100] k=137 (used 131.0) c=0.807 alpha=-0.167 beta=+0.003 | loss 2.9346 (delta +0.0493) size 495.0 MB sparsity 8.0%
gen 34 offspring [99/100] k= 33 (used  33.0) c=0.768 alpha=-0.025 beta=+0.024 | loss 2.9846 (delta +0.0992) size 344.9 MB sparsity 8.6%
gen 34 offspring [100/100] k= 16 (used  16.0) c=0.850 alpha=-0.001 beta=+0.250 | loss 3.4907 (delta +0.6054) size 246.7 MB sparsity 22.1%
=== generation 34/50 done in 546s (0 reused), batch baseline 2.8854, HV 0.17954, front 100 points, 100/100 feasible, best delta loss +0.0044, smallest 244.1 MB
gen 35 offspring [1/100] k=164 (used 159.0) c=1.000 alpha=-0.006 beta=+0.010 | loss 2.8897 (delta +0.0044) size 495.0 MB sparsity 2.2%
gen 35 offspring [2/100] k= 25 (used  25.0) c=0.778 alpha=-0.090 beta=+0.114 | loss 3.0667 (delta +0.1814) size 309.8 MB sparsity 11.7%
gen 35 offspring [3/100] k= 16 (used  16.0) c=0.862 alpha=-0.178 beta=+0.343 | loss 3.6621 (delta +0.7767) size 245.2 MB sparsity 25.3%
gen 35 offspring [4/100] k= 17 (used  17.0) c=0.864 alpha=-0.220 beta=+0.344 | loss 3.5663 (delta +0.6810) size 248.9 MB sparsity 24.7%
gen 35 offspring [5/100] k= 29 (used  15.0) c=0.771 alpha=-0.103 beta=+0.090 | loss 3.3144 (delta +0.4290) size 248.0 MB sparsity 10.1%
gen 35 offspring [6/100] k= 16 (used  16.0) c=0.886 alpha=-0.029 beta=+0.226 | loss 3.6101 (delta +0.7247) size 246.4 MB sparsity 22.3%
gen 35 offspring [7/100] k= 33 (used  17.0) c=0.783 alpha=-0.060 beta=+0.001 | loss 3.2269 (delta +0.3416) size 288.1 MB sparsity 8.8%
gen 35 offspring [8/100] k=156 (used 138.0) c=1.000 alpha=-0.000 beta=+0.006 | loss 2.8928 (delta +0.0075) size 495.0 MB sparsity 2.3%
gen 35 offspring [9/100] k= 64 (used  63.0) c=0.934 alpha=-0.174 beta=+0.025 | loss 2.9556 (delta +0.0703) size 371.5 MB sparsity 10.0%
gen 35 offspring [10/100] k= 54 (used  53.0) c=0.991 alpha=-0.011 beta=+0.078 | loss 2.9320 (delta +0.0466) size 371.5 MB sparsity 7.2%
gen 35 offspring [11/100] k= 16 (used  16.0) c=0.881 alpha=-0.200 beta=+0.345 | loss 3.7206 (delta +0.8353) size 244.9 MB sparsity 25.6%
gen 35 offspring [12/100] k= 21 (used  13.0) c=0.867 alpha=-0.061 beta=+0.003 | loss 4.2093 (delta +1.3239) size 248.0 MB sparsity 15.4%
gen 35 offspring [13/100] k= 29 (used  29.0) c=0.928 alpha=-0.011 beta=+0.022 | loss 3.0229 (delta +0.1375) size 309.8 MB sparsity 11.8%
gen 35 offspring [14/100] k= 16 (used  16.0) c=0.745 alpha=-0.198 beta=+0.321 | loss 3.6356 (delta +0.7502) size 247.0 MB sparsity 23.2%
gen 35 offspring [15/100] k= 17 (used  16.0) c=0.807 alpha=-0.177 beta=+0.045 | loss 3.3556 (delta +0.4702) size 247.9 MB sparsity 17.9%
gen 35 offspring [16/100] k= 33 (used  17.0) c=0.956 alpha=-0.070 beta=+0.004 | loss 3.4196 (delta +0.5342) size 283.4 MB sparsity 10.7%
gen 35 offspring [17/100] k= 34 (used  19.0) c=0.764 alpha=-0.070 beta=+0.029 | loss 3.2052 (delta +0.3199) size 309.8 MB sparsity 8.6%
gen 35 offspring [18/100] k= 29 (used  17.0) c=0.788 alpha=-0.086 beta=+0.003 | loss 3.2927 (delta +0.4073) size 284.9 MB sparsity 10.1%
gen 35 offspring [19/100] k= 70 (used  70.0) c=0.809 alpha=-0.032 beta=+0.001 | loss 2.9252 (delta +0.0399) size 433.3 MB sparsity 4.3%
gen 35 offspring [20/100] k= 63 (used  63.0) c=0.914 alpha=-0.050 beta=+0.059 | loss 2.9163 (delta +0.0310) size 371.5 MB sparsity 5.5%
gen 35 offspring [21/100] k= 21 (used  21.0) c=0.861 alpha=-0.205 beta=+0.165 | loss 3.1925 (delta +0.3071) size 309.1 MB sparsity 17.1%
gen 35 offspring [22/100] k=124 (used  63.0) c=0.994 alpha=-0.021 beta=+0.003 | loss 2.9207 (delta +0.0353) size 371.5 MB sparsity 2.9%
gen 35 offspring [23/100] k= 21 (used  11.0) c=0.765 alpha=-0.085 beta=+0.003 | loss 4.1654 (delta +1.2800) size 248.0 MB sparsity 13.6%
gen 35 offspring [24/100] k= 29 (used  29.0) c=0.768 alpha=-0.068 beta=+0.062 | loss 3.0407 (delta +0.1553) size 309.8 MB sparsity 9.8%
gen 35 offspring [25/100] k=138 (used  71.0) c=0.962 alpha=-0.059 beta=+0.040 | loss 2.9073 (delta +0.0219) size 433.3 MB sparsity 4.3%
gen 35 offspring [26/100] k= 16 (used  15.0) c=0.940 alpha=-0.033 beta=+0.255 | loss 3.7384 (delta +0.8531) size 245.5 MB sparsity 23.8%
gen 35 offspring [27/100] k= 33 (used  33.0) c=0.862 alpha=-0.200 beta=+0.001 | loss 3.0196 (delta +0.1343) size 330.4 MB sparsity 13.3%
gen 35 offspring [28/100] k= 26 (used  25.0) c=0.952 alpha=-0.019 beta=+0.115 | loss 3.1018 (delta +0.2164) size 309.7 MB sparsity 14.1%
gen 35 offspring [29/100] k= 51 (used  50.0) c=0.948 alpha=-0.010 beta=+0.137 | loss 2.9710 (delta +0.0856) size 371.5 MB sparsity 9.3%
gen 35 offspring [30/100] k= 71 (used  71.0) c=0.928 alpha=-0.033 beta=+0.003 | loss 2.9092 (delta +0.0238) size 433.3 MB sparsity 4.8%
gen 35 offspring [31/100] k= 31 (used  31.0) c=0.968 alpha=-0.095 beta=+0.033 | loss 3.0212 (delta +0.1359) size 309.8 MB sparsity 11.5%
gen 35 offspring [32/100] k= 30 (used  16.0) c=0.771 alpha=-0.102 beta=+0.068 | loss 3.3005 (delta +0.4152) size 248.0 MB sparsity 10.0%
gen 35 offspring [33/100] k= 17 (used  11.0) c=0.943 alpha=-0.086 beta=+0.119 | loss 5.8445 (delta +2.9591) size 247.1 MB sparsity 20.6%
gen 35 offspring [34/100] k= 21 (used  17.0) c=0.910 alpha=-0.044 beta=+0.040 | loss 3.2406 (delta +0.3552) size 270.0 MB sparsity 16.1%
gen 35 offspring [35/100] k= 65 (used  65.0) c=0.946 alpha=-0.013 beta=+0.059 | loss 2.9168 (delta +0.0314) size 412.8 MB sparsity 5.5%
gen 35 offspring [36/100] k= 30 (used  29.0) c=0.984 alpha=-0.049 beta=+0.009 | loss 3.0691 (delta +0.1837) size 309.8 MB sparsity 12.5%
gen 35 offspring [37/100] k= 22 (used  22.0) c=0.850 alpha=-0.006 beta=+0.046 | loss 3.1430 (delta +0.2577) size 309.4 MB sparsity 15.1%
gen 35 offspring [38/100] k= 22 (used  13.0) c=0.870 alpha=-0.076 beta=+0.065 | loss 4.2076 (delta +1.3223) size 248.0 MB sparsity 15.4%
gen 35 offspring [39/100] k= 16 (used  16.0) c=0.746 alpha=-0.178 beta=+0.041 | loss 3.4450 (delta +0.5596) size 247.7 MB sparsity 18.8%
gen 35 offspring [40/100] k= 16 (used  16.0) c=0.852 alpha=-0.069 beta=+0.072 | loss 3.4991 (delta +0.6137) size 246.8 MB sparsity 21.2%
gen 35 offspring [41/100] k= 37 (used  36.0) c=0.949 alpha=-0.189 beta=+0.336 | loss 3.3218 (delta +0.4364) size 352.3 MB sparsity 21.8%
gen 35 offspring [42/100] k= 16 (used  15.0) c=0.777 alpha=-0.277 beta=+0.002 | loss 4.4309 (delta +1.5455) size 247.2 MB sparsity 21.8%
gen 35 offspring [43/100] k= 31 (used  30.0) c=0.807 alpha=-0.196 beta=+0.004 | loss 3.0688 (delta +0.1834) size 309.8 MB sparsity 13.2%
gen 35 offspring [44/100] k= 35 (used  35.0) c=0.807 alpha=-0.068 beta=+0.066 | loss 2.9753 (delta +0.0900) size 371.5 MB sparsity 8.5%
gen 35 offspring [45/100] k= 16 (used  15.0) c=0.936 alpha=-0.220 beta=+0.277 | loss 3.7611 (delta +0.8757) size 245.4 MB sparsity 24.3%
gen 35 offspring [46/100] k= 31 (used  15.0) c=0.765 alpha=-0.042 beta=+0.003 | loss 3.2704 (delta +0.3850) size 248.0 MB sparsity 9.2%
gen 35 offspring [47/100] k= 16 (used  16.0) c=0.852 alpha=-0.018 beta=+0.343 | loss 3.6478 (delta +0.7624) size 245.3 MB sparsity 25.2%
gen 35 offspring [48/100] k= 33 (used  33.0) c=0.768 alpha=-0.024 beta=+0.000 | loss 2.9846 (delta +0.0992) size 344.9 MB sparsity 8.6%
gen 35 offspring [49/100] k= 46 (used  45.0) c=0.987 alpha=-0.023 beta=+0.023 | loss 2.9511 (delta +0.0658) size 371.5 MB sparsity 8.1%
gen 35 offspring [50/100] k= 31 (used  17.0) c=0.936 alpha=-0.095 beta=+0.120 | loss 3.4150 (delta +0.5297) size 281.6 MB sparsity 11.4%
gen 35 offspring [51/100] k= 17 (used  17.0) c=0.781 alpha=-0.035 beta=+0.034 | loss 3.3533 (delta +0.4679) size 267.3 MB sparsity 17.2%
gen 35 offspring [52/100] k= 68 (used  68.0) c=0.930 alpha=-0.023 beta=+0.000 | loss 2.9133 (delta +0.0279) size 433.3 MB sparsity 5.1%
gen 35 offspring [53/100] k= 16 (used  16.0) c=0.873 alpha=-0.197 beta=+0.346 | loss 3.6604 (delta +0.7750) size 245.0 MB sparsity 25.5%
gen 35 offspring [54/100] k= 16 (used  16.0) c=0.850 alpha=-0.033 beta=+0.259 | loss 3.5089 (delta +0.6236) size 246.7 MB sparsity 22.4%
gen 35 offspring [55/100] k= 32 (used  17.0) c=0.751 alpha=-0.060 beta=+0.001 | loss 3.2223 (delta +0.3369) size 287.6 MB sparsity 9.0%
gen 35 offspring [56/100] k= 16 (used  16.0) c=0.850 alpha=-0.244 beta=+0.210 | loss 3.5120 (delta +0.6267) size 246.8 MB sparsity 22.1%
gen 35 offspring [57/100] k= 65 (used  65.0) c=0.942 alpha=-0.016 beta=+0.059 | loss 2.9162 (delta +0.0309) size 412.9 MB sparsity 5.5%
gen 35 offspring [58/100] k= 16 (used  16.0) c=0.852 alpha=-0.007 beta=+0.296 | loss 3.5607 (delta +0.6754) size 246.3 MB sparsity 23.5%
gen 35 offspring [59/100] k= 16 (used  15.0) c=0.887 alpha=-0.085 beta=+0.256 | loss 3.6303 (delta +0.7450) size 246.3 MB sparsity 22.9%
gen 35 offspring [60/100] k= 21 (used  21.0) c=0.910 alpha=-0.117 beta=+0.039 | loss 3.1908 (delta +0.3054) size 308.9 MB sparsity 16.1%
gen 35 offspring [61/100] k= 16 (used  16.0) c=0.850 alpha=-0.007 beta=+0.295 | loss 3.5484 (delta +0.6630) size 246.3 MB sparsity 23.5%
gen 35 offspring [62/100] k= 16 (used  16.0) c=0.864 alpha=-0.178 beta=+0.041 | loss 3.5447 (delta +0.6593) size 246.7 MB sparsity 21.5%
gen 35 offspring [63/100] k= 16 (used  16.0) c=0.864 alpha=-0.252 beta=+0.351 | loss 3.7409 (delta +0.8556) size 244.2 MB sparsity 26.5%
gen 35 offspring [64/100] k= 45 (used  45.0) c=0.752 alpha=-0.025 beta=+0.002 | loss 2.9811 (delta +0.0958) size 371.5 MB sparsity 6.2%
gen 35 offspring [65/100] k= 21 (used   9.0) c=0.905 alpha=-0.077 beta=+0.004 | loss 7.3780 (delta +4.4927) size 218.4 MB sparsity 16.0%
gen 35 offspring [66/100] k= 60 (used  31.0) c=0.771 alpha=-0.068 beta=+0.052 | loss 2.9961 (delta +0.1108) size 309.8 MB sparsity 5.6%
gen 35 offspring [67/100] k= 16 (used  15.0) c=0.927 alpha=-0.194 beta=+0.165 | loss 3.7347 (delta +0.8493) size 245.8 MB sparsity 23.0%
gen 35 offspring [68/100] k= 16 (used  15.0) c=0.946 alpha=-0.081 beta=+0.157 | loss 3.8114 (delta +0.9261) size 245.5 MB sparsity 23.4%
gen 35 offspring [69/100] k= 26 (used  25.0) c=0.954 alpha=-0.009 beta=+0.001 | loss 3.1046 (delta +0.2193) size 309.7 MB sparsity 14.1%
gen 35 offspring [70/100] k= 33 (used  33.0) c=0.770 alpha=-0.002 beta=+0.024 | loss 2.9871 (delta +0.1018) size 344.8 MB sparsity 8.6%
gen 35 offspring [71/100] k= 16 (used  16.0) c=0.864 alpha=-0.026 beta=+0.250 | loss 3.5476 (delta +0.6622) size 246.6 MB sparsity 22.3%
gen 35 offspring [72/100] k= 29 (used  29.0) c=0.887 alpha=-0.024 beta=+0.018 | loss 3.0242 (delta +0.1388) size 309.8 MB sparsity 11.3%
gen 35 offspring [73/100] k= 16 (used   9.0) c=0.753 alpha=-0.059 beta=+0.320 | loss 5.9766 (delta +3.0912) size 205.5 MB sparsity 23.0%
gen 35 offspring [74/100] k= 62 (used  62.0) c=0.914 alpha=-0.050 beta=+0.015 | loss 2.9216 (delta +0.0362) size 371.5 MB sparsity 5.5%
gen 35 offspring [75/100] k= 71 (used  71.0) c=0.991 alpha=-0.034 beta=+0.001 | loss 2.9148 (delta +0.0294) size 433.3 MB sparsity 5.1%
gen 35 offspring [76/100] k= 32 (used  17.0) c=0.743 alpha=-0.070 beta=+0.051 | loss 3.2226 (delta +0.3373) size 287.8 MB sparsity 8.9%
gen 35 offspring [77/100] k= 39 (used  21.0) c=0.763 alpha=-0.088 beta=+0.112 | loss 3.1695 (delta +0.2841) size 309.8 MB sparsity 9.0%
gen 35 offspring [78/100] k= 33 (used  11.0) c=0.757 alpha=-0.050 beta=+0.005 | loss 5.2969 (delta +2.4115) size 248.0 MB sparsity 8.5%
gen 35 offspring [79/100] k= 60 (used  59.0) c=0.815 alpha=-0.081 beta=+0.054 | loss 2.9477 (delta +0.0623) size 371.5 MB sparsity 6.2%
gen 35 offspring [80/100] k= 21 (used  21.0) c=0.885 alpha=-0.062 beta=+0.040 | loss 3.1798 (delta +0.2944) size 309.1 MB sparsity 15.7%
gen 35 offspring [81/100] k= 16 (used  16.0) c=0.775 alpha=-0.238 beta=+0.034 | loss 3.5371 (delta +0.6517) size 247.5 MB sparsity 20.5%
gen 35 offspring [82/100] k= 16 (used  16.0) c=0.850 alpha=-0.215 beta=+0.250 | loss 3.5003 (delta +0.6149) size 246.7 MB sparsity 22.3%
gen 35 offspring [83/100] k= 16 (used  15.0) c=0.911 alpha=-0.024 beta=+0.279 | loss 3.7512 (delta +0.8659) size 245.8 MB sparsity 23.9%
gen 35 offspring [84/100] k= 16 (used  16.0) c=0.906 alpha=-0.253 beta=+0.351 | loss 3.8593 (delta +0.9739) size 243.6 MB sparsity 26.8%
gen 35 offspring [85/100] k= 16 (used  16.0) c=0.811 alpha=-0.193 beta=+0.050 | loss 3.4722 (delta +0.5869) size 247.2 MB sparsity 20.3%
gen 35 offspring [86/100] k= 29 (used  28.0) c=0.982 alpha=-0.001 beta=+0.278 | loss 3.3643 (delta +0.4790) size 309.2 MB sparsity 17.9%
gen 35 offspring [87/100] k= 16 (used  16.0) c=0.864 alpha=-0.014 beta=+0.003 | loss 3.5410 (delta +0.6557) size 246.7 MB sparsity 21.5%
gen 35 offspring [88/100] k=194 (used 188.9) c=1.000 alpha=-0.016 beta=+0.173 | loss 2.9180 (delta +0.0327) size 495.0 MB sparsity 8.2%
gen 35 offspring [89/100] k= 16 (used  16.0) c=0.791 alpha=-0.063 beta=+0.132 | loss 3.4939 (delta +0.6086) size 247.4 MB sparsity 19.8%
gen 35 offspring [90/100] k= 16 (used  16.0) c=0.770 alpha=-0.074 beta=+0.062 | loss 3.4655 (delta +0.5802) size 247.6 MB sparsity 19.3%
gen 35 offspring [91/100] k= 66 (used  66.0) c=0.849 alpha=-0.027 beta=+0.023 | loss 2.9225 (delta +0.0372) size 433.3 MB sparsity 4.8%
gen 35 offspring [92/100] k= 21 (used  21.0) c=0.926 alpha=-0.083 beta=+0.003 | loss 3.1965 (delta +0.3111) size 308.8 MB sparsity 16.4%
gen 35 offspring [93/100] k= 16 (used  16.0) c=0.857 alpha=-0.213 beta=+0.261 | loss 3.5312 (delta +0.6458) size 246.6 MB sparsity 22.7%
gen 35 offspring [94/100] k=124 (used 123.0) c=0.994 alpha=-0.025 beta=+0.025 | loss 2.8944 (delta +0.0091) size 433.3 MB sparsity 2.9%
gen 35 offspring [95/100] k= 31 (used  17.0) c=0.765 alpha=-0.024 beta=+0.100 | loss 3.2377 (delta +0.3524) size 286.5 MB sparsity 9.4%
gen 35 offspring [96/100] k= 41 (used  40.0) c=0.823 alpha=-0.076 beta=+0.329 | loss 3.1343 (delta +0.2490) size 368.8 MB sparsity 17.3%
gen 35 offspring [97/100] k= 33 (used  17.0) c=0.779 alpha=-0.070 beta=+0.005 | loss 3.2349 (delta +0.3496) size 288.2 MB sparsity 8.7%
gen 35 offspring [98/100] k= 32 (used  17.0) c=0.748 alpha=-0.024 beta=+0.000 | loss 3.2207 (delta +0.3354) size 287.7 MB sparsity 8.9%
gen 35 offspring [99/100] k= 16 (used   7.0) c=0.764 alpha=-0.003 beta=+0.005 | loss 10.2773 (delta +7.3919) size 186.3 MB sparsity 19.1%
gen 35 offspring [100/100] k= 16 (used  16.0) c=0.758 alpha=-0.148 beta=+0.161 | loss 3.4734 (delta +0.5880) size 247.6 MB sparsity 19.0%
=== generation 35/50 done in 548s (0 reused), batch baseline 2.8854, HV 0.17965, front 100 points, 100/100 feasible, best delta loss +0.0044, smallest 243.6 MB
gen 36 offspring [1/100] k= 16 (used  16.0) c=0.864 alpha=-0.198 beta=+0.230 | loss 3.5412 (delta +0.6558) size 246.7 MB sparsity 21.9%
gen 36 offspring [2/100] k= 67 (used  67.0) c=0.918 alpha=-0.013 beta=+0.059 | loss 2.9155 (delta +0.0301) size 433.3 MB sparsity 5.3%
gen 36 offspring [3/100] k=173 (used 173.0) c=0.915 alpha=-0.008 beta=+0.004 | loss 2.8928 (delta +0.0075) size 495.0 MB sparsity 1.9%
gen 36 offspring [4/100] k= 25 (used  25.0) c=0.933 alpha=-0.006 beta=+0.090 | loss 3.0871 (delta +0.2018) size 309.7 MB sparsity 13.8%
gen 36 offspring [5/100] k= 37 (used  37.0) c=0.950 alpha=-0.049 beta=+0.006 | loss 2.9742 (delta +0.0888) size 371.5 MB sparsity 9.5%
gen 36 offspring [6/100] k= 21 (used  21.0) c=0.943 alpha=-0.051 beta=+0.013 | loss 3.2037 (delta +0.3183) size 308.6 MB sparsity 16.7%
gen 36 offspring [7/100] k= 66 (used  64.9) c=0.943 alpha=-0.040 beta=+0.302 | loss 3.0609 (delta +0.1756) size 377.2 MB sparsity 15.1%
gen 36 offspring [8/100] k= 16 (used  15.0) c=0.929 alpha=-0.050 beta=+0.020 | loss 3.7295 (delta +0.8442) size 245.8 MB sparsity 23.0%
gen 36 offspring [9/100] k= 30 (used  30.0) c=0.743 alpha=-0.100 beta=+0.025 | loss 3.0161 (delta +0.1307) size 309.8 MB sparsity 9.7%
gen 36 offspring [10/100] k= 69 (used  69.0) c=0.933 alpha=-0.023 beta=+0.000 | loss 2.9118 (delta +0.0265) size 433.3 MB sparsity 5.0%
gen 36 offspring [11/100] k= 16 (used  16.0) c=0.771 alpha=-0.253 beta=+0.351 | loss 3.8598 (delta +0.9744) size 245.1 MB sparsity 25.9%
gen 36 offspring [12/100] k=164 (used 163.0) c=0.994 alpha=-0.006 beta=+0.010 | loss 2.8896 (delta +0.0043) size 495.0 MB sparsity 2.2%
gen 36 offspring [13/100] k= 27 (used  27.0) c=0.952 alpha=-0.019 beta=+0.115 | loss 3.1102 (delta +0.2249) size 309.8 MB sparsity 13.0%
gen 36 offspring [14/100] k= 30 (used  16.0) c=0.870 alpha=-0.068 beta=+0.014 | loss 3.4253 (delta +0.5400) size 248.0 MB sparsity 11.1%
gen 36 offspring [15/100] k= 17 (used  17.0) c=0.808 alpha=-0.105 beta=+0.066 | loss 3.3440 (delta +0.4587) size 265.8 MB sparsity 17.8%
gen 36 offspring [16/100] k= 16 (used  16.0) c=0.811 alpha=-0.016 beta=+0.003 | loss 3.4762 (delta +0.5908) size 247.2 MB sparsity 20.3%
gen 36 offspring [17/100] k= 60 (used  32.0) c=0.796 alpha=-0.177 beta=+0.054 | loss 3.0185 (delta +0.1332) size 309.8 MB sparsity 10.0%
gen 36 offspring [18/100] k= 24 (used  23.0) c=0.911 alpha=-0.077 beta=+0.009 | loss 3.1283 (delta +0.2429) size 309.5 MB sparsity 14.7%
gen 36 offspring [19/100] k= 16 (used  16.0) c=0.810 alpha=-0.194 beta=+0.033 | loss 3.4955 (delta +0.6102) size 247.2 MB sparsity 20.3%
gen 36 offspring [20/100] k= 16 (used  15.0) c=0.883 alpha=-0.007 beta=+0.030 | loss 3.6209 (delta +0.7356) size 246.4 MB sparsity 22.0%
gen 36 offspring [21/100] k= 38 (used  37.0) c=0.850 alpha=-0.215 beta=+0.062 | loss 3.0458 (delta +0.1604) size 371.5 MB sparsity 13.3%
gen 36 offspring [22/100] k= 29 (used  28.0) c=0.945 alpha=-0.188 beta=+0.016 | loss 3.1593 (delta +0.2740) size 309.8 MB sparsity 14.2%
gen 36 offspring [23/100] k=163 (used 162.0) c=0.997 alpha=-0.006 beta=+0.010 | loss 2.8900 (delta +0.0046) size 495.0 MB sparsity 2.2%
gen 36 offspring [24/100] k= 21 (used  15.0) c=0.902 alpha=-0.077 beta=+0.143 | loss 3.3453 (delta +0.4599) size 248.0 MB sparsity 16.0%
gen 36 offspring [25/100] k= 16 (used  16.0) c=0.842 alpha=-0.194 beta=+0.061 | loss 3.4889 (delta +0.6035) size 246.9 MB sparsity 21.0%
gen 36 offspring [26/100] k= 39 (used  38.0) c=0.968 alpha=-0.135 beta=+0.025 | loss 3.0188 (delta +0.1334) size 371.5 MB sparsity 10.5%
gen 36 offspring [27/100] k= 16 (used   9.0) c=0.799 alpha=-0.063 beta=+0.054 | loss 6.0623 (delta +3.1769) size 211.0 MB sparsity 20.0%
gen 36 offspring [28/100] k= 32 (used  17.0) c=0.751 alpha=-0.155 beta=+0.001 | loss 3.4144 (delta +0.5291) size 282.1 MB sparsity 11.2%
gen 36 offspring [29/100] k= 65 (used  65.0) c=0.942 alpha=-0.010 beta=+0.059 | loss 2.9162 (delta +0.0309) size 412.9 MB sparsity 5.5%
gen 36 offspring [30/100] k= 17 (used  17.0) c=0.862 alpha=-0.176 beta=+0.245 | loss 3.3908 (delta +0.5055) size 259.2 MB sparsity 20.5%
gen 36 offspring [31/100] k= 22 (used  22.0) c=0.849 alpha=-0.028 beta=+0.086 | loss 3.1437 (delta +0.2584) size 309.4 MB sparsity 15.0%
gen 36 offspring [32/100] k= 17 (used  17.0) c=0.755 alpha=-0.069 beta=+0.064 | loss 3.3087 (delta +0.4234) size 268.6 MB sparsity 16.7%
gen 36 offspring [33/100] k=161 (used 159.0) c=1.000 alpha=-0.000 beta=+0.006 | loss 2.8917 (delta +0.0063) size 495.0 MB sparsity 2.3%
gen 36 offspring [34/100] k= 65 (used  65.0) c=0.960 alpha=-0.040 beta=+0.014 | loss 2.9220 (delta +0.0366) size 413.2 MB sparsity 5.4%
gen 36 offspring [35/100] k= 30 (used  29.0) c=0.807 alpha=-0.205 beta=+0.069 | loss 3.1018 (delta +0.2164) size 309.8 MB sparsity 13.9%
gen 36 offspring [36/100] k= 34 (used  19.0) c=0.752 alpha=-0.026 beta=+0.102 | loss 3.2072 (delta +0.3218) size 309.8 MB sparsity 9.0%
gen 36 offspring [37/100] k= 30 (used  16.0) c=0.747 alpha=-0.068 beta=+0.002 | loss 3.2730 (delta +0.3877) size 248.0 MB sparsity 9.6%
gen 36 offspring [38/100] k= 16 (used  16.0) c=0.863 alpha=-0.168 beta=+0.352 | loss 3.6882 (delta +0.8029) size 244.9 MB sparsity 25.6%
gen 36 offspring [39/100] k= 34 (used  16.0) c=0.743 alpha=-0.038 beta=+0.004 | loss 3.2420 (delta +0.3567) size 248.0 MB sparsity 8.3%
gen 36 offspring [40/100] k= 16 (used  15.0) c=0.999 alpha=-0.253 beta=+0.216 | loss 3.8964 (delta +1.0110) size 244.5 MB sparsity 24.9%
gen 36 offspring [41/100] k=167 (used 160.0) c=1.000 alpha=-0.006 beta=+0.002 | loss 2.8914 (delta +0.0060) size 495.0 MB sparsity 2.2%
gen 36 offspring [42/100] k= 30 (used  30.0) c=0.763 alpha=-0.095 beta=+0.120 | loss 3.0261 (delta +0.1408) size 309.8 MB sparsity 10.5%
gen 36 offspring [43/100] k= 16 (used  16.0) c=0.853 alpha=-0.098 beta=+0.343 | loss 3.6413 (delta +0.7560) size 245.3 MB sparsity 25.2%
gen 36 offspring [44/100] k= 16 (used  16.0) c=0.850 alpha=-0.028 beta=+0.317 | loss 3.5947 (delta +0.7093) size 245.9 MB sparsity 24.2%
gen 36 offspring [45/100] k= 33 (used  17.0) c=0.757 alpha=-0.058 beta=+0.005 | loss 3.2152 (delta +0.3298) size 288.8 MB sparsity 8.5%
gen 36 offspring [46/100] k= 30 (used  17.0) c=0.777 alpha=-0.026 beta=+0.102 | loss 3.2951 (delta +0.4098) size 284.8 MB sparsity 10.1%
gen 36 offspring [47/100] k= 29 (used  29.0) c=1.000 alpha=-0.006 beta=+0.010 | loss 3.0831 (delta +0.1977) size 309.8 MB sparsity 12.7%
gen 36 offspring [48/100] k=140 (used 134.0) c=1.000 alpha=-0.082 beta=+0.006 | loss 2.8956 (delta +0.0103) size 495.0 MB sparsity 4.8%
gen 36 offspring [49/100] k= 63 (used  63.0) c=0.914 alpha=-0.003 beta=+0.060 | loss 2.9172 (delta +0.0319) size 371.5 MB sparsity 5.5%
gen 36 offspring [50/100] k= 29 (used  29.0) c=0.940 alpha=-0.026 beta=+0.166 | loss 3.0404 (delta +0.1551) size 309.8 MB sparsity 13.4%
gen 36 offspring [51/100] k= 16 (used  16.0) c=0.852 alpha=-0.007 beta=+0.020 | loss 3.4991 (delta +0.6137) size 246.8 MB sparsity 21.2%
gen 36 offspring [52/100] k= 25 (used  23.0) c=0.808 alpha=-0.193 beta=+0.225 | loss 3.4901 (delta +0.6047) size 309.5 MB sparsity 18.0%
gen 36 offspring [53/100] k= 30 (used  11.0) c=0.998 alpha=-0.070 beta=+0.024 | loss 5.8300 (delta +2.9446) size 248.0 MB sparsity 12.7%
gen 36 offspring [54/100] k= 32 (used  13.0) c=0.749 alpha=-0.070 beta=+0.004 | loss 3.9215 (delta +1.0361) size 248.0 MB sparsity 9.0%
gen 36 offspring [55/100] k= 29 (used  15.0) c=0.906 alpha=-0.103 beta=+0.182 | loss 4.1432 (delta +1.2579) size 248.0 MB sparsity 13.7%
gen 36 offspring [56/100] k=124 (used 121.0) c=1.000 alpha=-0.024 beta=+0.008 | loss 2.8946 (delta +0.0092) size 433.3 MB sparsity 3.0%
gen 36 offspring [57/100] k= 16 (used  16.0) c=0.848 alpha=-0.253 beta=+0.516 | loss 4.2896 (delta +1.4042) size 230.2 MB sparsity 32.2%
gen 36 offspring [58/100] k= 16 (used  16.0) c=0.772 alpha=-0.197 beta=+0.346 | loss 3.6757 (delta +0.7904) size 246.3 MB sparsity 24.4%
gen 36 offspring [59/100] k= 16 (used  16.0) c=0.849 alpha=-0.156 beta=+0.265 | loss 3.5058 (delta +0.6205) size 246.7 MB sparsity 22.5%
gen 36 offspring [60/100] k= 29 (used  29.0) c=0.945 alpha=-0.071 beta=+0.014 | loss 3.0413 (delta +0.1560) size 309.8 MB sparsity 12.0%
gen 36 offspring [61/100] k= 33 (used  32.0) c=0.768 alpha=-0.202 beta=+0.048 | loss 3.0611 (delta +0.1758) size 309.8 MB sparsity 12.8%
gen 36 offspring [62/100] k= 31 (used  31.0) c=0.806 alpha=-0.065 beta=+0.063 | loss 2.9951 (delta +0.1097) size 309.8 MB sparsity 9.6%
gen 36 offspring [63/100] k= 16 (used  16.0) c=0.781 alpha=-0.178 beta=+0.050 | loss 3.4637 (delta +0.5784) size 247.5 MB sparsity 19.6%
gen 36 offspring [64/100] k= 21 (used  21.0) c=0.851 alpha=-0.010 beta=+0.284 | loss 3.2799 (delta +0.3945) size 307.8 MB sparsity 19.5%
gen 36 offspring [65/100] k= 16 (used  15.0) c=0.968 alpha=-0.095 beta=+0.267 | loss 3.9262 (delta +1.0409) size 245.0 MB sparsity 24.5%
gen 36 offspring [66/100] k= 29 (used  29.0) c=0.940 alpha=-0.024 beta=+0.088 | loss 3.0326 (delta +0.1473) size 309.8 MB sparsity 12.0%
gen 36 offspring [67/100] k= 24 (used  23.0) c=0.974 alpha=-0.088 beta=+0.023 | loss 3.1725 (delta +0.2872) size 309.1 MB sparsity 15.7%
gen 36 offspring [68/100] k= 24 (used  24.0) c=0.931 alpha=-0.039 beta=+0.054 | loss 3.1220 (delta +0.2366) size 309.4 MB sparsity 15.0%
gen 36 offspring [69/100] k= 25 (used  24.0) c=0.941 alpha=-0.087 beta=+0.258 | loss 3.4339 (delta +0.5486) size 309.0 MB sparsity 17.9%
gen 36 offspring [70/100] k= 19 (used  19.0) c=0.919 alpha=-0.044 beta=+0.040 | loss 3.3039 (delta +0.4186) size 307.7 MB sparsity 18.0%
gen 36 offspring [71/100] k= 58 (used  57.7) c=0.870 alpha=-0.197 beta=+0.402 | loss 3.2804 (delta +0.3950) size 342.3 MB sparsity 24.6%
gen 36 offspring [72/100] k= 16 (used  16.0) c=0.780 alpha=-0.061 beta=+0.034 | loss 3.4565 (delta +0.5712) size 247.5 MB sparsity 19.5%
gen 36 offspring [73/100] k= 33 (used  17.0) c=0.757 alpha=-0.073 beta=+0.004 | loss 3.2156 (delta +0.3302) size 288.8 MB sparsity 8.5%
gen 36 offspring [74/100] k= 24 (used  23.0) c=0.952 alpha=-0.112 beta=+0.004 | loss 3.1332 (delta +0.2479) size 309.3 MB sparsity 15.3%
gen 36 offspring [75/100] k= 16 (used  16.0) c=0.807 alpha=-0.216 beta=+0.018 | loss 3.4868 (delta +0.6014) size 247.3 MB sparsity 20.6%
gen 36 offspring [76/100] k= 16 (used  15.0) c=0.912 alpha=-0.076 beta=+0.065 | loss 3.7198 (delta +0.8345) size 246.0 MB sparsity 22.6%
gen 36 offspring [77/100] k= 33 (used  32.0) c=0.831 alpha=-0.178 beta=+0.090 | loss 3.0405 (delta +0.1551) size 309.8 MB sparsity 12.3%
gen 36 offspring [78/100] k= 37 (used  37.0) c=0.951 alpha=-0.001 beta=+0.016 | loss 2.9724 (delta +0.0871) size 371.5 MB sparsity 9.5%
gen 36 offspring [79/100] k= 16 (used  16.0) c=0.887 alpha=-0.015 beta=+0.334 | loss 3.7127 (delta +0.8274) size 245.1 MB sparsity 25.3%
gen 36 offspring [80/100] k= 16 (used  16.0) c=0.857 alpha=-0.009 beta=+0.260 | loss 3.5344 (delta +0.6491) size 246.6 MB sparsity 22.5%
gen 36 offspring [81/100] k= 16 (used  16.0) c=0.749 alpha=-0.178 beta=+0.039 | loss 3.4562 (delta +0.5708) size 247.7 MB sparsity 18.8%
gen 36 offspring [82/100] k= 16 (used  16.0) c=0.906 alpha=-0.198 beta=+0.238 | loss 3.6845 (delta +0.7991) size 246.1 MB sparsity 22.8%
gen 36 offspring [83/100] k= 16 (used  16.0) c=0.780 alpha=-0.149 beta=+0.161 | loss 3.4566 (delta +0.5713) size 247.5 MB sparsity 19.5%
gen 36 offspring [84/100] k=120 (used 119.0) c=0.910 alpha=-0.039 beta=+0.009 | loss 2.9025 (delta +0.0171) size 433.3 MB sparsity 3.1%
gen 36 offspring [85/100] k= 22 (used  21.0) c=0.924 alpha=-0.039 beta=+0.068 | loss 3.2068 (delta +0.3214) size 308.8 MB sparsity 16.3%
gen 36 offspring [86/100] k= 16 (used  10.0) c=0.852 alpha=-0.118 beta=+0.296 | loss 6.2674 (delta +3.3821) size 246.3 MB sparsity 23.5%
gen 36 offspring [87/100] k= 26 (used  25.0) c=0.930 alpha=-0.014 beta=+0.169 | loss 3.0949 (delta +0.2095) size 309.7 MB sparsity 14.7%
gen 36 offspring [88/100] k= 29 (used  29.0) c=0.972 alpha=-0.065 beta=+0.020 | loss 3.0530 (delta +0.1677) size 309.8 MB sparsity 12.4%
gen 36 offspring [89/100] k= 25 (used  24.0) c=0.916 alpha=-0.087 beta=+0.211 | loss 3.4030 (delta +0.5177) size 309.6 MB sparsity 16.0%
gen 36 offspring [90/100] k= 35 (used  15.0) c=0.757 alpha=-0.015 beta=+0.052 | loss 3.7291 (delta +0.8438) size 248.0 MB sparsity 8.0%
gen 36 offspring [91/100] k= 30 (used  16.0) c=0.771 alpha=-0.101 beta=+0.123 | loss 3.3036 (delta +0.4183) size 248.0 MB sparsity 10.7%
gen 36 offspring [92/100] k= 23 (used  23.0) c=0.771 alpha=-0.123 beta=+0.056 | loss 3.1098 (delta +0.2244) size 309.8 MB sparsity 12.6%
gen 36 offspring [93/100] k= 33 (used  33.0) c=0.809 alpha=-0.029 beta=+0.067 | loss 2.9884 (delta +0.1030) size 343.5 MB sparsity 9.1%
gen 36 offspring [94/100] k= 16 (used  16.0) c=0.801 alpha=-0.194 beta=+0.219 | loss 3.4703 (delta +0.5850) size 247.3 MB sparsity 20.6%
gen 36 offspring [95/100] k= 16 (used  16.0) c=0.852 alpha=-0.073 beta=+0.338 | loss 3.6407 (delta +0.7554) size 245.4 MB sparsity 25.0%
gen 36 offspring [96/100] k= 31 (used  17.0) c=0.763 alpha=-0.095 beta=+0.066 | loss 3.2323 (delta +0.3469) size 286.8 MB sparsity 9.3%
gen 36 offspring [97/100] k= 29 (used  15.0) c=0.961 alpha=-0.069 beta=+0.001 | loss 3.6638 (delta +0.7785) size 248.0 MB sparsity 12.2%
gen 36 offspring [98/100] k= 17 (used  17.0) c=0.768 alpha=-0.175 beta=+0.023 | loss 3.3308 (delta +0.4454) size 267.4 MB sparsity 17.2%
gen 36 offspring [99/100] k= 23 (used  23.0) c=0.961 alpha=-0.089 beta=+0.015 | loss 3.1563 (delta +0.2709) size 309.2 MB sparsity 15.5%
gen 36 offspring [100/100] k=164 (used 162.0) c=0.996 alpha=-0.007 beta=+0.010 | loss 2.8895 (delta +0.0041) size 495.0 MB sparsity 2.2%
=== generation 36/50 done in 549s (0 reused), batch baseline 2.8854, HV 0.18273, front 100 points, 100/100 feasible, best delta loss +0.0041, smallest 243.6 MB
gen 37 offspring [1/100] k= 32 (used  31.0) c=0.966 alpha=-0.095 beta=+0.033 | loss 3.0216 (delta +0.1362) size 309.8 MB sparsity 11.5%
gen 37 offspring [2/100] k=117 (used 117.0) c=0.961 alpha=-0.011 beta=+0.000 | loss 2.9002 (delta +0.0148) size 433.3 MB sparsity 3.0%
gen 37 offspring [3/100] k= 33 (used  33.0) c=0.822 alpha=-0.029 beta=+0.001 | loss 2.9841 (delta +0.0987) size 343.1 MB sparsity 9.2%
gen 37 offspring [4/100] k= 16 (used  15.0) c=0.998 alpha=-0.028 beta=+0.227 | loss 3.8663 (delta +0.9809) size 244.6 MB sparsity 24.6%
gen 37 offspring [5/100] k= 16 (used  16.0) c=0.864 alpha=-0.253 beta=+0.444 | loss 3.9954 (delta +1.1101) size 236.2 MB sparsity 29.8%
gen 37 offspring [6/100] k= 32 (used  17.0) c=0.746 alpha=-0.150 beta=+0.040 | loss 3.4044 (delta +0.5190) size 282.7 MB sparsity 11.0%
gen 37 offspring [7/100] k= 16 (used  16.0) c=0.801 alpha=-0.201 beta=+0.014 | loss 3.4873 (delta +0.6020) size 247.3 MB sparsity 20.2%
gen 37 offspring [8/100] k= 21 (used  21.0) c=0.943 alpha=-0.150 beta=+0.015 | loss 3.2040 (delta +0.3187) size 308.6 MB sparsity 16.7%
gen 37 offspring [9/100] k= 37 (used  37.0) c=0.846 alpha=-0.121 beta=+0.016 | loss 2.9750 (delta +0.0897) size 371.5 MB sparsity 9.6%
gen 37 offspring [10/100] k= 26 (used  26.0) c=0.767 alpha=-0.115 beta=+0.001 | loss 3.0454 (delta +0.1601) size 309.8 MB sparsity 11.6%
gen 37 offspring [11/100] k= 33 (used  17.0) c=0.757 alpha=-0.195 beta=+0.351 | loss 4.0690 (delta +1.1836) size 253.9 MB sparsity 22.6%
gen 37 offspring [12/100] k=168 (used 165.0) c=0.928 alpha=-0.023 beta=+0.000 | loss 2.8933 (delta +0.0080) size 495.0 MB sparsity 2.1%
gen 37 offspring [13/100] k= 16 (used  16.0) c=0.915 alpha=-0.253 beta=+0.370 | loss 3.9451 (delta +1.0598) size 241.8 MB sparsity 27.5%
gen 37 offspring [14/100] k= 54 (used  53.0) c=0.991 alpha=-0.044 beta=+0.079 | loss 2.9320 (delta +0.0466) size 371.5 MB sparsity 7.2%
gen 37 offspring [15/100] k= 46 (used  45.0) c=0.966 alpha=-0.049 beta=+0.002 | loss 2.9437 (delta +0.0584) size 371.5 MB sparsity 7.9%
gen 37 offspring [16/100] k= 32 (used  32.0) c=0.924 alpha=-0.039 beta=+0.001 | loss 3.0016 (delta +0.1163) size 309.8 MB sparsity 11.0%
gen 37 offspring [17/100] k= 33 (used  33.0) c=0.939 alpha=-0.025 beta=+0.059 | loss 2.9991 (delta +0.1137) size 339.1 MB sparsity 10.5%
gen 37 offspring [18/100] k= 16 (used  15.0) c=0.845 alpha=-0.098 beta=+0.343 | loss 4.6677 (delta +1.7823) size 245.4 MB sparsity 25.1%
gen 37 offspring [19/100] k= 20 (used  19.0) c=0.909 alpha=-0.094 beta=+0.025 | loss 3.3062 (delta +0.4209) size 307.9 MB sparsity 17.8%
gen 37 offspring [20/100] k=134 (used 133.0) c=0.999 alpha=-0.000 beta=+0.006 | loss 2.8936 (delta +0.0082) size 495.0 MB sparsity 2.7%
gen 37 offspring [21/100] k= 28 (used  27.0) c=0.850 alpha=-0.215 beta=+0.273 | loss 3.4082 (delta +0.5229) size 307.5 MB sparsity 20.6%
gen 37 offspring [22/100] k= 16 (used  10.0) c=0.763 alpha=-0.095 beta=+0.120 | loss 5.5473 (delta +2.6619) size 247.6 MB sparsity 19.1%
gen 37 offspring [23/100] k= 16 (used  16.0) c=0.852 alpha=-0.029 beta=+0.296 | loss 3.5607 (delta +0.6754) size 246.3 MB sparsity 23.5%
gen 37 offspring [24/100] k=116 (used  60.0) c=0.806 alpha=-0.087 beta=+0.040 | loss 2.9306 (delta +0.0453) size 371.5 MB sparsity 5.4%
gen 37 offspring [25/100] k= 29 (used  29.0) c=0.978 alpha=-0.094 beta=+0.020 | loss 3.0510 (delta +0.1657) size 309.8 MB sparsity 12.4%
gen 37 offspring [26/100] k=185 (used 184.0) c=0.992 alpha=-0.059 beta=+0.010 | loss 2.8922 (delta +0.0068) size 495.0 MB sparsity 3.5%
gen 37 offspring [27/100] k= 67 (used  35.0) c=0.751 alpha=-0.060 beta=+0.001 | loss 3.0083 (delta +0.1229) size 371.5 MB sparsity 4.7%
gen 37 offspring [28/100] k=118 (used  61.0) c=0.935 alpha=-0.006 beta=+0.038 | loss 2.9231 (delta +0.0377) size 371.5 MB sparsity 3.2%
gen 37 offspring [29/100] k= 34 (used  33.0) c=0.860 alpha=-0.029 beta=+0.221 | loss 3.1293 (delta +0.2439) size 327.9 MB sparsity 14.1%
gen 37 offspring [30/100] k= 32 (used  32.0) c=0.747 alpha=-0.068 beta=+0.002 | loss 2.9911 (delta +0.1057) size 309.8 MB sparsity 8.9%
gen 37 offspring [31/100] k= 30 (used  29.0) c=0.998 alpha=-0.006 beta=+0.023 | loss 3.0757 (delta +0.1903) size 309.8 MB sparsity 12.7%
gen 37 offspring [32/100] k= 16 (used  16.0) c=0.852 alpha=-0.062 beta=+0.338 | loss 3.6407 (delta +0.7554) size 245.4 MB sparsity 25.0%
gen 37 offspring [33/100] k=117 (used 113.9) c=1.000 alpha=-0.170 beta=+0.016 | loss 2.9223 (delta +0.0370) size 433.3 MB sparsity 8.7%
gen 37 offspring [34/100] k= 21 (used  21.0) c=0.886 alpha=-0.193 beta=+0.002 | loss 3.2072 (delta +0.3218) size 309.0 MB sparsity 16.7%
gen 37 offspring [35/100] k= 16 (used  16.0) c=0.906 alpha=-0.005 beta=+0.081 | loss 3.6643 (delta +0.7789) size 246.1 MB sparsity 22.5%
gen 37 offspring [36/100] k= 33 (used  33.0) c=0.964 alpha=-0.089 beta=+0.024 | loss 2.9976 (delta +0.1123) size 338.3 MB sparsity 10.8%
gen 37 offspring [37/100] k= 16 (used   9.0) c=0.752 alpha=-0.103 beta=+0.090 | loss 6.0317 (delta +3.1463) size 213.1 MB sparsity 18.9%
gen 37 offspring [38/100] k= 63 (used  63.0) c=0.914 alpha=-0.047 beta=+0.059 | loss 2.9166 (delta +0.0313) size 371.5 MB sparsity 5.5%
gen 37 offspring [39/100] k= 17 (used  17.0) c=0.852 alpha=-0.183 beta=+0.045 | loss 3.3310 (delta +0.4456) size 263.3 MB sparsity 18.8%
gen 37 offspring [40/100] k=121 (used 120.0) c=0.996 alpha=-0.083 beta=+0.003 | loss 2.9031 (delta +0.0178) size 433.3 MB sparsity 5.0%
gen 37 offspring [41/100] k= 29 (used  28.0) c=0.995 alpha=-0.216 beta=+0.010 | loss 3.2250 (delta +0.3396) size 309.7 MB sparsity 15.6%
gen 37 offspring [42/100] k= 16 (used  16.0) c=0.853 alpha=-0.097 beta=+0.264 | loss 3.5291 (delta +0.6438) size 246.6 MB sparsity 22.5%
gen 37 offspring [43/100] k=138 (used 138.0) c=0.975 alpha=-0.000 beta=+0.000 | loss 2.8930 (delta +0.0077) size 495.0 MB sparsity 2.6%
gen 37 offspring [44/100] k= 16 (used  16.0) c=0.864 alpha=-0.156 beta=+0.286 | loss 3.5850 (delta +0.6997) size 246.3 MB sparsity 23.4%
gen 37 offspring [45/100] k= 33 (used  19.0) c=0.913 alpha=-0.077 beta=+0.067 | loss 3.3352 (delta +0.4499) size 309.8 MB sparsity 10.2%
gen 37 offspring [46/100] k= 16 (used  16.0) c=0.862 alpha=-0.168 beta=+0.015 | loss 3.5326 (delta +0.6473) size 246.7 MB sparsity 21.5%
gen 37 offspring [47/100] k= 16 (used  16.0) c=0.851 alpha=-0.001 beta=+0.250 | loss 3.5101 (delta +0.6248) size 246.7 MB sparsity 22.1%
gen 37 offspring [48/100] k= 23 (used  17.0) c=1.000 alpha=-0.089 beta=+0.015 | loss 3.3077 (delta +0.4223) size 270.1 MB sparsity 16.1%
gen 37 offspring [49/100] k= 30 (used  16.0) c=0.784 alpha=-0.068 beta=+0.068 | loss 3.3213 (delta +0.4359) size 248.0 MB sparsity 10.0%
gen 37 offspring [50/100] k=128 (used 128.0) c=0.842 alpha=-0.024 beta=+0.003 | loss 2.9073 (delta +0.0219) size 433.3 MB sparsity 2.4%
gen 37 offspring [51/100] k= 17 (used  16.0) c=0.807 alpha=-0.178 beta=+0.066 | loss 3.3562 (delta +0.4709) size 247.9 MB sparsity 17.9%
gen 37 offspring [52/100] k= 16 (used  16.0) c=0.771 alpha=-0.062 beta=+0.001 | loss 3.4630 (delta +0.5776) size 247.6 MB sparsity 19.3%
gen 37 offspring [53/100] k= 27 (used  26.0) c=0.976 alpha=-0.087 beta=+0.350 | loss 3.7256 (delta +0.8402) size 306.2 MB sparsity 21.1%
gen 37 offspring [54/100] k= 23 (used  23.0) c=0.972 alpha=-0.124 beta=+0.166 | loss 3.1707 (delta +0.2853) size 309.1 MB sparsity 15.9%
gen 37 offspring [55/100] k= 16 (used  15.0) c=0.951 alpha=-0.000 beta=+0.338 | loss 3.9249 (delta +1.0396) size 243.8 MB sparsity 26.3%
gen 37 offspring [56/100] k= 33 (used  33.0) c=0.966 alpha=-0.005 beta=+0.000 | loss 3.0061 (delta +0.1207) size 338.2 MB sparsity 10.8%
gen 37 offspring [57/100] k= 16 (used  16.0) c=0.888 alpha=-0.062 beta=+0.004 | loss 3.6356 (delta +0.7502) size 246.4 MB sparsity 22.1%
gen 37 offspring [58/100] k= 66 (used  65.0) c=0.997 alpha=-0.007 beta=+0.010 | loss 2.9247 (delta +0.0394) size 412.5 MB sparsity 5.6%
gen 37 offspring [59/100] k= 30 (used  30.0) c=0.905 alpha=-0.048 beta=+0.002 | loss 3.0399 (delta +0.1545) size 309.8 MB sparsity 11.5%
gen 37 offspring [60/100] k= 21 (used  21.0) c=0.885 alpha=-0.064 beta=+0.039 | loss 3.1810 (delta +0.2957) size 309.1 MB sparsity 15.7%
gen 37 offspring [61/100] k= 26 (used  25.0) c=0.979 alpha=-0.104 beta=+0.160 | loss 3.1255 (delta +0.2401) size 309.6 MB sparsity 14.9%
gen 37 offspring [62/100] k= 23 (used  11.0) c=0.751 alpha=-0.060 beta=+0.001 | loss 5.5292 (delta +2.6438) size 248.0 MB sparsity 12.2%
gen 37 offspring [63/100] k= 88 (used  88.0) c=0.738 alpha=-0.012 beta=+0.024 | loss 2.9412 (delta +0.0559) size 433.3 MB sparsity 3.1%
gen 37 offspring [64/100] k= 29 (used  29.0) c=0.990 alpha=-0.060 beta=+0.033 | loss 3.0751 (delta +0.1897) size 309.8 MB sparsity 12.6%
gen 37 offspring [65/100] k= 39 (used  21.0) c=0.969 alpha=-0.045 beta=+0.040 | loss 3.1914 (delta +0.3060) size 309.8 MB sparsity 9.2%
gen 37 offspring [66/100] k= 23 (used  23.0) c=0.958 alpha=-0.069 beta=+0.008 | loss 3.1453 (delta +0.2600) size 309.2 MB sparsity 15.4%
gen 37 offspring [67/100] k= 16 (used   9.0) c=0.771 alpha=-0.068 beta=+0.001 | loss 5.8450 (delta +2.9596) size 212.3 MB sparsity 19.3%
gen 37 offspring [68/100] k= 31 (used  30.0) c=0.861 alpha=-0.007 beta=+0.295 | loss 3.2590 (delta +0.3736) size 309.6 MB sparsity 17.4%
gen 37 offspring [69/100] k= 16 (used  16.0) c=0.850 alpha=-0.007 beta=+0.317 | loss 3.5947 (delta +0.7093) size 245.9 MB sparsity 24.2%
gen 37 offspring [70/100] k= 60 (used  31.0) c=0.965 alpha=-0.002 beta=+0.054 | loss 3.0343 (delta +0.1490) size 309.8 MB sparsity 6.0%
gen 37 offspring [71/100] k= 43 (used  43.0) c=0.961 alpha=-0.065 beta=+0.025 | loss 2.9522 (delta +0.0669) size 371.5 MB sparsity 8.2%
gen 37 offspring [72/100] k= 22 (used  22.0) c=0.904 alpha=-0.007 beta=+0.169 | loss 3.1956 (delta +0.3103) size 309.0 MB sparsity 16.3%
gen 37 offspring [73/100] k= 33 (used  33.0) c=0.930 alpha=-0.024 beta=+0.000 | loss 2.9956 (delta +0.1103) size 339.4 MB sparsity 10.4%
gen 37 offspring [74/100] k= 21 (used  21.0) c=0.943 alpha=-0.075 beta=+0.141 | loss 3.2035 (delta +0.3182) size 308.6 MB sparsity 16.7%
gen 37 offspring [75/100] k= 69 (used  69.0) c=0.975 alpha=-0.040 beta=+0.025 | loss 2.9179 (delta +0.0325) size 433.3 MB sparsity 5.2%
gen 37 offspring [76/100] k= 16 (used   7.0) c=0.733 alpha=-0.038 beta=+0.012 | loss 9.9644 (delta +7.0790) size 186.3 MB sparsity 18.4%
gen 37 offspring [77/100] k= 31 (used  17.0) c=0.968 alpha=-0.095 beta=+0.033 | loss 3.4223 (delta +0.5369) size 281.3 MB sparsity 11.5%
gen 37 offspring [78/100] k= 33 (used  17.0) c=0.743 alpha=-0.116 beta=+0.005 | loss 3.2414 (delta +0.3560) size 286.7 MB sparsity 9.4%
gen 37 offspring [79/100] k= 69 (used  69.0) c=0.932 alpha=-0.023 beta=+0.000 | loss 2.9092 (delta +0.0238) size 433.3 MB sparsity 4.9%
gen 37 offspring [80/100] k= 16 (used  16.0) c=0.807 alpha=-0.178 beta=+0.066 | loss 3.4852 (delta +0.5999) size 247.3 MB sparsity 20.2%
gen 37 offspring [81/100] k= 16 (used  16.0) c=0.754 alpha=-0.019 beta=+0.006 | loss 3.4718 (delta +0.5864) size 247.7 MB sparsity 18.9%
gen 37 offspring [82/100] k= 16 (used  16.0) c=0.810 alpha=-0.044 beta=+0.040 | loss 3.4808 (delta +0.5954) size 247.2 MB sparsity 20.2%
gen 37 offspring [83/100] k= 65 (used  62.0) c=0.936 alpha=-0.265 beta=+0.329 | loss 3.2928 (delta +0.4075) size 342.5 MB sparsity 24.5%
gen 37 offspring [84/100] k= 25 (used  25.0) c=0.762 alpha=-0.022 beta=+0.000 | loss 3.0566 (delta +0.1713) size 309.8 MB sparsity 11.3%
gen 37 offspring [85/100] k= 29 (used  28.0) c=0.852 alpha=-0.007 beta=+0.296 | loss 3.2709 (delta +0.3856) size 309.4 MB sparsity 17.7%
gen 37 offspring [86/100] k= 32 (used  31.0) c=0.959 alpha=-0.080 beta=+0.108 | loss 3.0154 (delta +0.1300) size 309.8 MB sparsity 11.5%
gen 37 offspring [87/100] k= 16 (used  15.0) c=0.806 alpha=-0.042 beta=+0.317 | loss 4.5481 (delta +1.6628) size 246.5 MB sparsity 23.6%
gen 37 offspring [88/100] k= 21 (used  21.0) c=0.924 alpha=-0.024 beta=+0.003 | loss 3.2071 (delta +0.3217) size 308.8 MB sparsity 16.3%
gen 37 offspring [89/100] k= 16 (used  16.0) c=0.848 alpha=-0.006 beta=+0.284 | loss 3.5308 (delta +0.6454) size 246.5 MB sparsity 23.1%
gen 37 offspring [90/100] k= 16 (used  16.0) c=0.850 alpha=-0.216 beta=+0.343 | loss 3.6397 (delta +0.7543) size 245.3 MB sparsity 25.3%
gen 37 offspring [91/100] k= 33 (used  33.0) c=0.769 alpha=-0.068 beta=+0.073 | loss 2.9875 (delta +0.1021) size 344.9 MB sparsity 8.6%
gen 37 offspring [92/100] k= 16 (used  15.0) c=0.849 alpha=-0.117 beta=+0.351 | loss 4.6954 (delta +1.8101) size 245.2 MB sparsity 25.4%
gen 37 offspring [93/100] k= 21 (used  21.0) c=0.798 alpha=-0.028 beta=+0.143 | loss 3.1515 (delta +0.2661) size 309.7 MB sparsity 14.3%
gen 37 offspring [94/100] k= 26 (used  24.0) c=0.956 alpha=-0.049 beta=+0.287 | loss 3.5711 (delta +0.6858) size 308.3 MB sparsity 19.2%
gen 37 offspring [95/100] k= 33 (used  31.0) c=0.759 alpha=-0.025 beta=+0.024 | loss 3.0018 (delta +0.1164) size 309.8 MB sparsity 8.5%
gen 37 offspring [96/100] k= 16 (used  15.0) c=0.996 alpha=-0.012 beta=+0.004 | loss 3.8577 (delta +0.9724) size 244.6 MB sparsity 24.6%
gen 37 offspring [97/100] k= 18 (used  18.0) c=0.760 alpha=-0.091 beta=+0.022 | loss 3.2980 (delta +0.4126) size 308.5 MB sparsity 16.8%
gen 37 offspring [98/100] k= 19 (used  18.0) c=0.850 alpha=-0.007 beta=+0.293 | loss 3.9389 (delta +1.0536) size 306.2 MB sparsity 20.8%
gen 37 offspring [99/100] k=111 (used 108.7) c=0.908 alpha=-0.253 beta=+0.357 | loss 3.2566 (delta +0.3713) size 386.6 MB sparsity 25.1%
gen 37 offspring [100/100] k= 37 (used  19.0) c=0.954 alpha=-0.006 beta=+0.114 | loss 3.2474 (delta +0.3621) size 309.8 MB sparsity 10.1%
=== generation 37/50 done in 549s (0 reused), batch baseline 2.8854, HV 0.18285, front 100 points, 100/100 feasible, best delta loss +0.0041, smallest 243.6 MB
gen 38 offspring [1/100] k= 17 (used  17.0) c=0.774 alpha=-0.178 beta=+0.066 | loss 3.3334 (delta +0.4481) size 266.9 MB sparsity 17.3%
gen 38 offspring [2/100] k= 33 (used  33.0) c=0.743 alpha=-0.038 beta=+0.004 | loss 3.0077 (delta +0.1224) size 345.8 MB sparsity 8.3%
gen 38 offspring [3/100] k= 16 (used  16.0) c=0.860 alpha=-0.168 beta=+0.352 | loss 3.6845 (delta +0.7992) size 245.0 MB sparsity 25.6%
gen 38 offspring [4/100] k= 31 (used  17.0) c=0.959 alpha=-0.077 beta=+0.115 | loss 3.4270 (delta +0.5416) size 281.2 MB sparsity 11.6%
gen 38 offspring [5/100] k= 20 (used  19.0) c=0.931 alpha=-0.029 beta=+0.079 | loss 3.2918 (delta +0.4065) size 307.5 MB sparsity 18.2%
gen 38 offspring [6/100] k= 16 (used  16.0) c=0.841 alpha=-0.197 beta=+0.346 | loss 3.6618 (delta +0.7765) size 245.4 MB sparsity 25.1%
gen 38 offspring [7/100] k= 16 (used  16.0) c=0.850 alpha=-0.216 beta=+0.102 | loss 3.4869 (delta +0.6016) size 246.8 MB sparsity 21.4%
gen 38 offspring [8/100] k= 16 (used  16.0) c=0.862 alpha=-0.024 beta=+0.336 | loss 3.6631 (delta +0.7777) size 245.4 MB sparsity 25.0%
gen 38 offspring [9/100] k= 62 (used  62.0) c=0.859 alpha=-0.049 beta=+0.061 | loss 2.9336 (delta +0.0482) size 371.5 MB sparsity 5.5%
gen 38 offspring [10/100] k= 33 (used  33.0) c=0.744 alpha=-0.065 beta=+0.004 | loss 3.0065 (delta +0.1212) size 345.7 MB sparsity 8.4%
gen 38 offspring [11/100] k= 29 (used  29.0) c=1.000 alpha=-0.006 beta=+0.010 | loss 3.0831 (delta +0.1977) size 309.8 MB sparsity 12.7%
gen 38 offspring [12/100] k=100 (used  97.9) c=0.852 alpha=-0.002 beta=+0.282 | loss 3.0193 (delta +0.1339) size 433.1 MB sparsity 13.2%
gen 38 offspring [13/100] k= 16 (used   7.0) c=0.896 alpha=-0.060 beta=+0.337 | loss 10.2153 (delta +7.3299) size 186.3 MB sparsity 25.5%
gen 38 offspring [14/100] k= 30 (used  16.0) c=0.755 alpha=-0.068 beta=+0.001 | loss 3.2783 (delta +0.3930) size 248.0 MB sparsity 9.7%
gen 38 offspring [15/100] k= 29 (used  29.0) c=0.772 alpha=-0.072 beta=+0.007 | loss 3.0376 (delta +0.1523) size 309.8 MB sparsity 9.9%
gen 38 offspring [16/100] k= 65 (used  64.0) c=0.942 alpha=-0.013 beta=+0.099 | loss 2.9336 (delta +0.0483) size 371.5 MB sparsity 6.9%
gen 38 offspring [17/100] k= 31 (used  31.0) c=0.822 alpha=-0.072 beta=+0.000 | loss 3.0136 (delta +0.1282) size 309.8 MB sparsity 9.8%
gen 38 offspring [18/100] k= 29 (used  29.0) c=0.928 alpha=-0.011 beta=+0.023 | loss 3.0224 (delta +0.1371) size 309.8 MB sparsity 11.8%
gen 38 offspring [19/100] k= 18 (used  17.0) c=0.937 alpha=-0.007 beta=+0.025 | loss 3.4639 (delta +0.5786) size 259.2 MB sparsity 20.5%
gen 38 offspring [20/100] k= 17 (used  17.0) c=0.780 alpha=-0.061 beta=+0.110 | loss 3.3386 (delta +0.4532) size 267.3 MB sparsity 17.2%
gen 38 offspring [21/100] k= 29 (used  29.0) c=0.947 alpha=-0.070 beta=+0.066 | loss 3.0431 (delta +0.1577) size 309.8 MB sparsity 12.1%
gen 38 offspring [22/100] k= 21 (used  15.0) c=0.902 alpha=-0.077 beta=+0.019 | loss 3.3439 (delta +0.4586) size 248.0 MB sparsity 16.0%
gen 38 offspring [23/100] k= 17 (used  17.0) c=0.884 alpha=-0.128 beta=+0.040 | loss 3.3843 (delta +0.4989) size 261.9 MB sparsity 19.4%
gen 38 offspring [24/100] k= 26 (used  25.0) c=0.959 alpha=-0.116 beta=+0.001 | loss 3.1121 (delta +0.2267) size 309.7 MB sparsity 14.2%
gen 38 offspring [25/100] k= 65 (used  64.0) c=0.936 alpha=-0.166 beta=+0.025 | loss 2.9453 (delta +0.0599) size 371.5 MB sparsity 9.6%
gen 38 offspring [26/100] k= 16 (used  16.0) c=0.864 alpha=-0.156 beta=+0.159 | loss 3.5421 (delta +0.6568) size 246.7 MB sparsity 21.5%
gen 38 offspring [27/100] k= 16 (used  16.0) c=0.848 alpha=-0.003 beta=+0.284 | loss 3.5308 (delta +0.6454) size 246.5 MB sparsity 23.1%
gen 38 offspring [28/100] k= 32 (used  29.0) c=0.931 alpha=-0.039 beta=+0.001 | loss 3.0114 (delta +0.1261) size 309.8 MB sparsity 11.1%
gen 38 offspring [29/100] k= 29 (used  29.0) c=0.985 alpha=-0.065 beta=+0.025 | loss 3.0653 (delta +0.1800) size 309.8 MB sparsity 12.5%
gen 38 offspring [30/100] k=110 (used 108.0) c=1.000 alpha=-0.050 beta=+0.056 | loss 2.9093 (delta +0.0239) size 433.3 MB sparsity 4.6%
gen 38 offspring [31/100] k= 29 (used  28.0) c=0.951 alpha=-0.209 beta=+0.022 | loss 3.1794 (delta +0.2940) size 309.8 MB sparsity 15.0%
gen 38 offspring [32/100] k= 16 (used  16.0) c=0.850 alpha=-0.028 beta=+0.227 | loss 3.4819 (delta +0.5965) size 246.8 MB sparsity 21.6%
gen 38 offspring [33/100] k= 60 (used  32.0) c=0.788 alpha=-0.025 beta=+0.051 | loss 2.9923 (delta +0.1069) size 309.8 MB sparsity 5.0%
gen 38 offspring [34/100] k= 33 (used  17.0) c=0.763 alpha=-0.147 beta=+0.165 | loss 3.7024 (delta +0.8171) size 276.6 MB sparsity 13.4%
gen 38 offspring [35/100] k=164 (used 163.0) c=0.943 alpha=-0.007 beta=+0.073 | loss 2.8975 (delta +0.0121) size 495.0 MB sparsity 4.2%
gen 38 offspring [36/100] k= 29 (used  29.0) c=0.906 alpha=-0.259 beta=+0.053 | loss 3.1162 (delta +0.2308) size 309.7 MB sparsity 16.7%
gen 38 offspring [37/100] k= 32 (used  17.0) c=0.743 alpha=-0.070 beta=+0.118 | loss 3.2265 (delta +0.3412) size 285.6 MB sparsity 9.8%
gen 38 offspring [38/100] k= 16 (used  16.0) c=0.873 alpha=-0.200 beta=+0.329 | loss 3.6542 (delta +0.7688) size 245.4 MB sparsity 24.9%
gen 38 offspring [39/100] k= 16 (used  16.0) c=0.863 alpha=-0.038 beta=+0.012 | loss 3.5416 (delta +0.6562) size 246.7 MB sparsity 21.5%
gen 38 offspring [40/100] k= 24 (used  24.0) c=0.931 alpha=-0.058 beta=+0.164 | loss 3.1293 (delta +0.2440) size 309.4 MB sparsity 15.4%
gen 38 offspring [41/100] k= 30 (used  16.0) c=0.741 alpha=-0.066 beta=+0.002 | loss 3.2800 (delta +0.3947) size 248.0 MB sparsity 9.5%
gen 38 offspring [42/100] k= 38 (used  19.0) c=0.951 alpha=-0.001 beta=+0.016 | loss 3.2409 (delta +0.3556) size 309.8 MB sparsity 9.5%
gen 38 offspring [43/100] k= 29 (used  29.0) c=0.940 alpha=-0.031 beta=+0.166 | loss 3.0404 (delta +0.1551) size 309.8 MB sparsity 13.4%
gen 38 offspring [44/100] k= 16 (used  15.0) c=0.888 alpha=-0.201 beta=+0.000 | loss 3.6505 (delta +0.7651) size 246.4 MB sparsity 22.1%
gen 38 offspring [45/100] k= 31 (used  31.0) c=0.968 alpha=-0.087 beta=+0.024 | loss 3.0209 (delta +0.1355) size 309.8 MB sparsity 11.5%
gen 38 offspring [46/100] k= 17 (used  17.0) c=0.852 alpha=-0.000 beta=+0.006 | loss 3.3314 (delta +0.4460) size 263.6 MB sparsity 18.7%
gen 38 offspring [47/100] k= 16 (used  16.0) c=0.849 alpha=-0.007 beta=+0.295 | loss 3.5392 (delta +0.6539) size 246.3 MB sparsity 23.5%
gen 38 offspring [48/100] k= 21 (used  11.0) c=0.943 alpha=-0.081 beta=+0.160 | loss 4.5019 (delta +1.6166) size 248.0 MB sparsity 16.7%
gen 38 offspring [49/100] k= 16 (used  16.0) c=0.910 alpha=-0.234 beta=+0.351 | loss 3.8198 (delta +0.9344) size 243.9 MB sparsity 26.5%
gen 38 offspring [50/100] k= 29 (used  13.0) c=0.751 alpha=-0.060 beta=+0.001 | loss 4.5093 (delta +1.6240) size 248.0 MB sparsity 9.6%
gen 38 offspring [51/100] k= 17 (used  17.0) c=0.857 alpha=-0.058 beta=+0.242 | loss 3.3846 (delta +0.4993) size 259.8 MB sparsity 20.2%
gen 38 offspring [52/100] k= 29 (used  17.0) c=0.753 alpha=-0.027 beta=+0.343 | loss 3.5283 (delta +0.6430) size 263.1 MB sparsity 18.9%
gen 38 offspring [53/100] k= 21 (used  13.0) c=0.912 alpha=-0.299 beta=+0.107 | loss 4.9914 (delta +2.1061) size 247.9 MB sparsity 20.7%
gen 38 offspring [54/100] k= 16 (used  15.0) c=0.919 alpha=-0.157 beta=+0.285 | loss 3.7898 (delta +0.9044) size 245.6 MB sparsity 24.2%
gen 38 offspring [55/100] k= 16 (used   7.0) c=0.880 alpha=-0.204 beta=+0.385 | loss 9.8562 (delta +6.9709) size 186.2 MB sparsity 27.0%
gen 38 offspring [56/100] k= 37 (used  37.0) c=0.951 alpha=-0.001 beta=+0.082 | loss 2.9726 (delta +0.0873) size 371.5 MB sparsity 9.5%
gen 38 offspring [57/100] k= 18 (used  16.0) c=1.000 alpha=-0.030 beta=+0.131 | loss 3.5647 (delta +0.6794) size 246.6 MB sparsity 21.7%
gen 38 offspring [58/100] k= 25 (used  25.0) c=0.958 alpha=-0.116 beta=+0.001 | loss 3.1087 (delta +0.2234) size 309.7 MB sparsity 14.2%
gen 38 offspring [59/100] k= 33 (used  32.0) c=0.763 alpha=-0.198 beta=+0.010 | loss 3.0645 (delta +0.1792) size 309.8 MB sparsity 12.7%
gen 38 offspring [60/100] k= 31 (used  17.0) c=0.767 alpha=-0.043 beta=+0.120 | loss 3.2451 (delta +0.3598) size 285.0 MB sparsity 10.0%
gen 38 offspring [61/100] k= 16 (used   9.0) c=0.852 alpha=-0.024 beta=+0.278 | loss 6.4797 (delta +3.5943) size 205.6 MB sparsity 22.9%
gen 38 offspring [62/100] k= 16 (used  16.0) c=0.777 alpha=-0.152 beta=+0.171 | loss 3.4479 (delta +0.5625) size 247.5 MB sparsity 19.5%
gen 38 offspring [63/100] k=164 (used 163.0) c=0.995 alpha=-0.007 beta=+0.005 | loss 2.8891 (delta +0.0037) size 495.0 MB sparsity 2.2%
gen 38 offspring [64/100] k= 63 (used  60.0) c=0.847 alpha=-0.095 beta=+0.317 | loss 3.0966 (delta +0.2113) size 369.6 MB sparsity 17.2%
gen 38 offspring [65/100] k=127 (used 123.0) c=0.999 alpha=-0.005 beta=+0.035 | loss 2.8991 (delta +0.0137) size 433.3 MB sparsity 3.1%
gen 38 offspring [66/100] k= 41 (used  21.0) c=0.784 alpha=-0.022 beta=+0.017 | loss 3.1296 (delta +0.2443) size 309.8 MB sparsity 7.1%
gen 38 offspring [67/100] k= 39 (used  38.0) c=0.968 alpha=-0.095 beta=+0.149 | loss 3.0312 (delta +0.1458) size 371.5 MB sparsity 11.2%
gen 38 offspring [68/100] k= 21 (used  21.0) c=0.809 alpha=-0.177 beta=+0.066 | loss 3.1489 (delta +0.2635) size 309.6 MB sparsity 15.3%
gen 38 offspring [69/100] k= 16 (used  16.0) c=0.850 alpha=-0.029 beta=+0.296 | loss 3.5596 (delta +0.6743) size 246.3 MB sparsity 23.5%
gen 38 offspring [70/100] k= 16 (used  15.0) c=0.777 alpha=-0.148 beta=+0.288 | loss 4.3724 (delta +1.4871) size 247.1 MB sparsity 22.2%
gen 38 offspring [71/100] k=134 (used 133.0) c=0.994 alpha=-0.024 beta=+0.003 | loss 2.8943 (delta +0.0089) size 495.0 MB sparsity 2.7%
gen 38 offspring [72/100] k= 30 (used  16.0) c=0.776 alpha=-0.068 beta=+0.068 | loss 3.3024 (delta +0.4170) size 248.0 MB sparsity 9.9%
gen 38 offspring [73/100] k= 64 (used  64.0) c=0.914 alpha=-0.012 beta=+0.004 | loss 2.9165 (delta +0.0312) size 371.5 MB sparsity 5.3%
gen 38 offspring [74/100] k= 16 (used  15.0) c=0.873 alpha=-0.004 beta=+0.346 | loss 4.6677 (delta +1.7824) size 245.0 MB sparsity 25.5%
gen 38 offspring [75/100] k= 16 (used  16.0) c=0.838 alpha=-0.216 beta=+0.344 | loss 3.6850 (delta +0.7996) size 245.4 MB sparsity 25.2%
gen 38 offspring [76/100] k= 49 (used  48.0) c=0.972 alpha=-0.087 beta=+0.006 | loss 2.9767 (delta +0.0914) size 371.5 MB sparsity 7.7%
gen 38 offspring [77/100] k= 23 (used  23.0) c=0.989 alpha=-0.059 beta=+0.010 | loss 3.1844 (delta +0.2991) size 309.0 MB sparsity 15.9%
gen 38 offspring [78/100] k= 29 (used  29.0) c=0.987 alpha=-0.006 beta=+0.010 | loss 3.0667 (delta +0.1814) size 309.8 MB sparsity 12.6%
gen 38 offspring [79/100] k= 83 (used  82.0) c=0.978 alpha=-0.013 beta=+0.064 | loss 2.9368 (delta +0.0514) size 433.3 MB sparsity 5.0%
gen 38 offspring [80/100] k= 16 (used  14.0) c=0.987 alpha=-0.051 beta=+0.351 | loss 5.1642 (delta +2.2789) size 242.4 MB sparsity 27.2%
gen 38 offspring [81/100] k= 26 (used  25.0) c=0.952 alpha=-0.019 beta=+0.002 | loss 3.1024 (delta +0.2171) size 309.7 MB sparsity 14.1%
gen 38 offspring [82/100] k= 16 (used  16.0) c=0.811 alpha=-0.194 beta=+0.066 | loss 3.4726 (delta +0.5872) size 247.2 MB sparsity 20.3%
gen 38 offspring [83/100] k= 26 (used  25.0) c=0.822 alpha=-0.016 beta=+0.353 | loss 3.5670 (delta +0.6816) size 307.1 MB sparsity 20.6%
gen 38 offspring [84/100] k= 16 (used  15.0) c=0.864 alpha=-0.253 beta=+0.351 | loss 4.8499 (delta +1.9646) size 244.1 MB sparsity 26.5%
gen 38 offspring [85/100] k= 27 (used  15.0) c=0.747 alpha=-0.026 beta=+0.115 | loss 3.3983 (delta +0.5130) size 248.0 MB sparsity 10.6%
gen 38 offspring [86/100] k= 34 (used  34.0) c=0.751 alpha=-0.060 beta=+0.001 | loss 2.9857 (delta +0.1003) size 371.5 MB sparsity 8.4%
gen 38 offspring [87/100] k= 16 (used  16.0) c=0.850 alpha=-0.158 beta=+0.176 | loss 3.4833 (delta +0.5980) size 246.8 MB sparsity 21.2%
gen 38 offspring [88/100] k= 34 (used  17.0) c=0.743 alpha=-0.080 beta=+0.340 | loss 5.1362 (delta +2.2508) size 264.9 MB sparsity 18.2%
gen 38 offspring [89/100] k= 23 (used  23.0) c=0.974 alpha=-0.065 beta=+0.032 | loss 3.1785 (delta +0.2931) size 309.1 MB sparsity 15.7%
gen 38 offspring [90/100] k=131 (used 128.8) c=0.995 alpha=-0.007 beta=+0.295 | loss 3.0255 (delta +0.1401) size 436.4 MB sparsity 13.6%
gen 38 offspring [91/100] k= 30 (used  16.0) c=0.747 alpha=-0.068 beta=+0.002 | loss 3.2730 (delta +0.3877) size 248.0 MB sparsity 9.6%
gen 38 offspring [92/100] k=134 (used  69.0) c=0.999 alpha=-0.000 beta=+0.006 | loss 2.9150 (delta +0.0297) size 433.3 MB sparsity 2.7%
gen 38 offspring [93/100] k= 33 (used  19.0) c=0.763 alpha=-0.095 beta=+0.120 | loss 3.2248 (delta +0.3395) size 309.8 MB sparsity 9.9%
gen 38 offspring [94/100] k=179 (used 176.0) c=0.996 alpha=-0.004 beta=+0.015 | loss 2.8908 (delta +0.0055) size 495.0 MB sparsity 2.0%
gen 38 offspring [95/100] k= 43 (used  43.0) c=0.971 alpha=-0.041 beta=+0.002 | loss 2.9544 (delta +0.0690) size 371.5 MB sparsity 8.3%
gen 38 offspring [96/100] k= 64 (used  64.0) c=0.942 alpha=-0.012 beta=+0.031 | loss 2.9201 (delta +0.0347) size 371.5 MB sparsity 5.5%
gen 38 offspring [97/100] k= 31 (used  13.0) c=0.757 alpha=-0.058 beta=+0.001 | loss 4.1147 (delta +1.2293) size 248.0 MB sparsity 9.1%
gen 38 offspring [98/100] k= 27 (used  27.0) c=0.942 alpha=-0.102 beta=+0.010 | loss 3.0941 (delta +0.2088) size 309.8 MB sparsity 12.9%
gen 38 offspring [99/100] k= 33 (used  33.0) c=0.816 alpha=-0.048 beta=+0.024 | loss 2.9930 (delta +0.1076) size 343.3 MB sparsity 9.2%
gen 38 offspring [100/100] k= 16 (used  16.0) c=0.747 alpha=-0.178 beta=+0.041 | loss 3.4534 (delta +0.5681) size 247.7 MB sparsity 18.8%
=== generation 38/50 done in 548s (0 reused), batch baseline 2.8854, HV 0.18292, front 100 points, 100/100 feasible, best delta loss +0.0037, smallest 243.6 MB
gen 39 offspring [1/100] k= 45 (used  45.0) c=0.926 alpha=-0.029 beta=+0.002 | loss 2.9569 (delta +0.0716) size 371.5 MB sparsity 7.6%
gen 39 offspring [2/100] k= 21 (used  13.0) c=0.888 alpha=-0.076 beta=+0.019 | loss 4.3216 (delta +1.4363) size 248.0 MB sparsity 15.7%
gen 39 offspring [3/100] k= 31 (used  17.0) c=0.908 alpha=-0.095 beta=+0.120 | loss 3.4320 (delta +0.5467) size 282.1 MB sparsity 11.2%
gen 39 offspring [4/100] k= 31 (used  17.0) c=0.939 alpha=-0.012 beta=+0.068 | loss 3.4235 (delta +0.5382) size 282.1 MB sparsity 11.2%
gen 39 offspring [5/100] k= 17 (used  16.0) c=0.846 alpha=-0.003 beta=+0.335 | loss 4.3566 (delta +1.4712) size 246.8 MB sparsity 23.4%
gen 39 offspring [6/100] k= 17 (used  16.0) c=0.807 alpha=-0.032 beta=+0.359 | loss 4.5437 (delta +1.6583) size 246.7 MB sparsity 23.8%
gen 39 offspring [7/100] k= 30 (used  16.0) c=0.771 alpha=-0.007 beta=+0.000 | loss 3.2969 (delta +0.4116) size 248.0 MB sparsity 9.9%
gen 39 offspring [8/100] k= 16 (used  15.0) c=0.823 alpha=-0.007 beta=+0.323 | loss 4.5701 (delta +1.6848) size 246.2 MB sparsity 24.0%
gen 39 offspring [9/100] k= 34 (used  18.0) c=0.754 alpha=-0.038 beta=+0.004 | loss 3.2082 (delta +0.3228) size 309.8 MB sparsity 8.5%
gen 39 offspring [10/100] k= 31 (used  17.0) c=0.743 alpha=-0.072 beta=+0.116 | loss 3.2471 (delta +0.3618) size 285.8 MB sparsity 9.7%
gen 39 offspring [11/100] k= 21 (used  21.0) c=0.783 alpha=-0.081 beta=+0.163 | loss 3.1450 (delta +0.2597) size 309.7 MB sparsity 14.6%
gen 39 offspring [12/100] k=124 (used 124.0) c=0.926 alpha=-0.024 beta=+0.022 | loss 2.8945 (delta +0.0091) size 433.3 MB sparsity 2.7%
gen 39 offspring [13/100] k= 16 (used  16.0) c=0.904 alpha=-0.253 beta=+0.351 | loss 3.8527 (delta +0.9673) size 243.6 MB sparsity 26.8%
gen 39 offspring [14/100] k=138 (used 136.7) c=0.853 alpha=-0.102 beta=+0.272 | loss 3.0020 (delta +0.1167) size 480.0 MB sparsity 15.6%
gen 39 offspring [15/100] k= 43 (used  43.0) c=0.971 alpha=-0.097 beta=+0.041 | loss 2.9570 (delta +0.0717) size 371.5 MB sparsity 8.7%
gen 39 offspring [16/100] k= 24 (used  13.0) c=0.971 alpha=-0.088 beta=+0.005 | loss 4.2978 (delta +1.4124) size 248.0 MB sparsity 15.6%
gen 39 offspring [17/100] k= 16 (used  15.0) c=0.825 alpha=-0.007 beta=+0.295 | loss 4.4971 (delta +1.6118) size 246.6 MB sparsity 23.1%
gen 39 offspring [18/100] k= 16 (used  16.0) c=0.865 alpha=-0.143 beta=+0.352 | loss 3.6763 (delta +0.7909) size 244.9 MB sparsity 25.6%
gen 39 offspring [19/100] k= 28 (used  28.0) c=0.872 alpha=-0.006 beta=+0.285 | loss 3.1429 (delta +0.2575) size 309.3 MB sparsity 17.9%
gen 39 offspring [20/100] k= 26 (used  25.0) c=0.850 alpha=-0.018 beta=+0.296 | loss 3.4325 (delta +0.5471) size 308.8 MB sparsity 18.7%
gen 39 offspring [21/100] k= 32 (used  32.0) c=0.923 alpha=-0.039 beta=+0.058 | loss 2.9993 (delta +0.1140) size 309.8 MB sparsity 11.0%
gen 39 offspring [22/100] k= 30 (used  16.0) c=0.755 alpha=-0.068 beta=+0.001 | loss 3.2796 (delta +0.3942) size 248.0 MB sparsity 9.7%
gen 39 offspring [23/100] k= 29 (used  29.0) c=0.966 alpha=-0.065 beta=+0.020 | loss 3.0549 (delta +0.1695) size 309.8 MB sparsity 12.3%
gen 39 offspring [24/100] k= 16 (used  15.0) c=0.914 alpha=-0.234 beta=+0.351 | loss 3.8514 (delta +0.9661) size 243.9 MB sparsity 26.5%
gen 39 offspring [25/100] k= 16 (used  16.0) c=0.852 alpha=-0.029 beta=+0.295 | loss 3.5615 (delta +0.6762) size 246.3 MB sparsity 23.5%
gen 39 offspring [26/100] k=164 (used 163.0) c=0.995 alpha=-0.007 beta=+0.015 | loss 2.8891 (delta +0.0037) size 495.0 MB sparsity 2.2%
gen 39 offspring [27/100] k=131 (used  68.0) c=0.763 alpha=-0.095 beta=+0.120 | loss 2.9519 (delta +0.0665) size 433.3 MB sparsity 9.1%
gen 39 offspring [28/100] k= 64 (used  64.0) c=0.914 alpha=-0.050 beta=+0.059 | loss 2.9161 (delta +0.0308) size 371.5 MB sparsity 5.5%
gen 39 offspring [29/100] k= 31 (used  29.0) c=0.892 alpha=-0.202 beta=+0.374 | loss 3.6860 (delta +0.8007) size 297.7 MB sparsity 23.9%
gen 39 offspring [30/100] k= 19 (used  11.0) c=0.755 alpha=-0.068 beta=+0.081 | loss 4.3650 (delta +1.4797) size 248.0 MB sparsity 14.9%
gen 39 offspring [31/100] k= 21 (used  21.0) c=0.850 alpha=-0.086 beta=+0.352 | loss 3.3471 (delta +0.4618) size 303.3 MB sparsity 22.1%
gen 39 offspring [32/100] k= 68 (used  35.0) c=0.928 alpha=-0.039 beta=+0.000 | loss 2.9810 (delta +0.0956) size 371.5 MB sparsity 5.1%
gen 39 offspring [33/100] k= 60 (used  58.8) c=0.952 alpha=-0.198 beta=+0.419 | loss 3.3401 (delta +0.4547) size 339.8 MB sparsity 25.2%
gen 39 offspring [34/100] k= 16 (used  15.0) c=0.864 alpha=-0.253 beta=+0.312 | loss 4.7528 (delta +1.8675) size 245.6 MB sparsity 25.2%
gen 39 offspring [35/100] k= 21 (used  14.0) c=0.902 alpha=-0.160 beta=+0.019 | loss 3.6157 (delta +0.7303) size 248.0 MB sparsity 16.1%
gen 39 offspring [36/100] k= 33 (used  33.0) c=0.822 alpha=-0.049 beta=+0.016 | loss 2.9828 (delta +0.0975) size 343.1 MB sparsity 9.2%
gen 39 offspring [37/100] k= 17 (used  17.0) c=0.758 alpha=-0.177 beta=+0.006 | loss 3.3298 (delta +0.4444) size 267.7 MB sparsity 17.0%
gen 39 offspring [38/100] k= 61 (used  31.0) c=0.743 alpha=-0.087 beta=+0.003 | loss 3.0435 (delta +0.1582) size 309.8 MB sparsity 6.0%
gen 39 offspring [39/100] k= 37 (used  37.0) c=0.936 alpha=-0.001 beta=+0.016 | loss 2.9706 (delta +0.0853) size 371.5 MB sparsity 9.3%
gen 39 offspring [40/100] k= 17 (used  17.0) c=0.815 alpha=-0.016 beta=+0.066 | loss 3.3409 (delta +0.4556) size 265.5 MB sparsity 17.9%
gen 39 offspring [41/100] k= 27 (used  15.0) c=0.760 alpha=-0.068 beta=+0.061 | loss 3.4023 (delta +0.5170) size 248.0 MB sparsity 10.5%
gen 39 offspring [42/100] k= 23 (used  23.0) c=1.000 alpha=-0.144 beta=+0.169 | loss 3.1876 (delta +0.3022) size 308.9 MB sparsity 16.4%
gen 39 offspring [43/100] k= 16 (used   9.0) c=0.916 alpha=-0.191 beta=+0.322 | loss 6.8981 (delta +4.0127) size 201.2 MB sparsity 25.3%
gen 39 offspring [44/100] k= 16 (used  16.0) c=0.861 alpha=-0.007 beta=+0.296 | loss 3.5866 (delta +0.7012) size 246.2 MB sparsity 23.7%
gen 39 offspring [45/100] k= 30 (used  29.0) c=0.944 alpha=-0.013 beta=+0.059 | loss 3.0400 (delta +0.1547) size 309.8 MB sparsity 12.0%
gen 39 offspring [46/100] k= 16 (used  16.0) c=0.847 alpha=-0.253 beta=+0.351 | loss 3.6907 (delta +0.8054) size 244.4 MB sparsity 26.4%
gen 39 offspring [47/100] k= 69 (used  69.0) c=0.932 alpha=-0.023 beta=+0.032 | loss 2.9092 (delta +0.0238) size 433.3 MB sparsity 4.9%
gen 39 offspring [48/100] k= 21 (used  21.0) c=0.965 alpha=-0.079 beta=+0.003 | loss 3.2538 (delta +0.3685) size 308.4 MB sparsity 17.0%
gen 39 offspring [49/100] k= 30 (used  29.0) c=1.000 alpha=-0.100 beta=+0.024 | loss 3.0830 (delta +0.1977) size 309.8 MB sparsity 12.7%
gen 39 offspring [50/100] k= 21 (used  13.0) c=0.765 alpha=-0.044 beta=+0.040 | loss 4.1497 (delta +1.2643) size 248.0 MB sparsity 13.6%
gen 39 offspring [51/100] k= 62 (used  60.0) c=0.787 alpha=-0.068 beta=+0.059 | loss 2.9596 (delta +0.0742) size 371.5 MB sparsity 5.8%
gen 39 offspring [52/100] k= 68 (used  68.0) c=0.932 alpha=-0.023 beta=+0.000 | loss 2.9159 (delta +0.0305) size 433.3 MB sparsity 5.1%
gen 39 offspring [53/100] k= 16 (used  16.0) c=0.850 alpha=-0.173 beta=+0.009 | loss 3.4829 (delta +0.5976) size 246.8 MB sparsity 21.2%
gen 39 offspring [54/100] k=164 (used 162.0) c=0.995 alpha=-0.068 beta=+0.005 | loss 2.8919 (delta +0.0066) size 495.0 MB sparsity 4.0%
gen 39 offspring [55/100] k= 33 (used  15.0) c=0.744 alpha=-0.070 beta=+0.003 | loss 3.2658 (delta +0.3805) size 248.0 MB sparsity 8.4%
gen 39 offspring [56/100] k= 63 (used  63.0) c=0.910 alpha=-0.050 beta=+0.059 | loss 2.9179 (delta +0.0325) size 371.5 MB sparsity 5.5%
gen 39 offspring [57/100] k= 16 (used  16.0) c=0.850 alpha=-0.005 beta=+0.298 | loss 3.5462 (delta +0.6608) size 246.3 MB sparsity 23.5%
gen 39 offspring [58/100] k= 29 (used  15.0) c=0.939 alpha=-0.068 beta=+0.001 | loss 3.5319 (delta +0.6465) size 248.0 MB sparsity 12.0%
gen 39 offspring [59/100] k= 29 (used  29.0) c=0.995 alpha=-0.011 beta=+0.013 | loss 3.0767 (delta +0.1913) size 309.8 MB sparsity 12.7%
gen 39 offspring [60/100] k= 16 (used  16.0) c=0.852 alpha=-0.215 beta=+0.250 | loss 3.5149 (delta +0.6296) size 246.7 MB sparsity 22.3%
gen 39 offspring [61/100] k= 16 (used  15.0) c=0.999 alpha=-0.000 beta=+0.000 | loss 3.8695 (delta +0.9842) size 244.5 MB sparsity 24.6%
gen 39 offspring [62/100] k= 16 (used  16.0) c=0.724 alpha=-0.111 beta=+0.025 | loss 3.4484 (delta +0.5631) size 247.9 MB sparsity 18.2%
gen 39 offspring [63/100] k= 16 (used  16.0) c=0.881 alpha=-0.200 beta=+0.501 | loss 4.2145 (delta +1.3291) size 232.9 MB sparsity 31.1%
gen 39 offspring [64/100] k= 33 (used  33.0) c=0.755 alpha=-0.058 beta=+0.024 | loss 2.9974 (delta +0.1121) size 345.4 MB sparsity 8.5%
gen 39 offspring [65/100] k= 37 (used  37.0) c=0.951 alpha=-0.001 beta=+0.016 | loss 2.9724 (delta +0.0871) size 371.5 MB sparsity 9.5%
gen 39 offspring [66/100] k= 16 (used  13.0) c=0.962 alpha=-0.156 beta=+0.012 | loss 4.0851 (delta +1.1997) size 245.2 MB sparsity 23.8%
gen 39 offspring [67/100] k= 16 (used  15.0) c=0.864 alpha=-0.265 beta=+0.351 | loss 4.9213 (delta +2.0359) size 243.6 MB sparsity 26.8%
gen 39 offspring [68/100] k= 29 (used  29.0) c=0.984 alpha=-0.060 beta=+0.000 | loss 3.0647 (delta +0.1793) size 309.8 MB sparsity 12.5%
gen 39 offspring [69/100] k= 32 (used  17.0) c=0.751 alpha=-0.060 beta=+0.001 | loss 3.2211 (delta +0.3358) size 287.6 MB sparsity 9.0%
gen 39 offspring [70/100] k= 24 (used  23.0) c=0.952 alpha=-0.019 beta=+0.115 | loss 3.1341 (delta +0.2487) size 309.3 MB sparsity 15.3%
gen 39 offspring [71/100] k= 16 (used  16.0) c=0.850 alpha=-0.007 beta=+0.296 | loss 3.5596 (delta +0.6743) size 246.3 MB sparsity 23.5%
gen 39 offspring [72/100] k= 16 (used  16.0) c=0.849 alpha=-0.007 beta=+0.288 | loss 3.5274 (delta +0.6421) size 246.4 MB sparsity 23.2%
gen 39 offspring [73/100] k= 27 (used  15.0) c=0.979 alpha=-0.025 beta=+0.040 | loss 3.9637 (delta +1.0784) size 248.0 MB sparsity 13.4%
gen 39 offspring [74/100] k= 16 (used  15.0) c=0.975 alpha=-0.108 beta=+0.003 | loss 3.8849 (delta +0.9995) size 245.0 MB sparsity 24.1%
gen 39 offspring [75/100] k=137 (used 136.0) c=0.999 alpha=-0.000 beta=+0.006 | loss 2.8937 (delta +0.0083) size 495.0 MB sparsity 2.7%
gen 39 offspring [76/100] k= 16 (used  15.0) c=0.943 alpha=-0.206 beta=+0.132 | loss 3.8161 (delta +0.9307) size 245.5 MB sparsity 23.4%
gen 39 offspring [77/100] k= 34 (used  34.0) c=0.746 alpha=-0.023 beta=+0.004 | loss 2.9913 (delta +0.1060) size 371.5 MB sparsity 8.4%
gen 39 offspring [78/100] k= 16 (used  16.0) c=0.870 alpha=-0.040 beta=+0.033 | loss 3.5600 (delta +0.6746) size 246.6 MB sparsity 21.7%
gen 39 offspring [79/100] k= 19 (used  19.0) c=0.910 alpha=-0.044 beta=+0.040 | loss 3.3085 (delta +0.4231) size 307.9 MB sparsity 17.8%
gen 39 offspring [80/100] k=100 (used  99.0) c=0.994 alpha=-0.006 beta=+0.004 | loss 2.8966 (delta +0.0112) size 433.3 MB sparsity 3.7%
gen 39 offspring [81/100] k= 29 (used  29.0) c=0.939 alpha=-0.029 beta=+0.001 | loss 3.0354 (delta +0.1500) size 309.8 MB sparsity 12.0%
gen 39 offspring [82/100] k= 34 (used  18.0) c=0.807 alpha=-0.058 beta=+0.044 | loss 3.2093 (delta +0.3239) size 309.8 MB sparsity 9.0%
gen 39 offspring [83/100] k= 32 (used  18.0) c=0.795 alpha=-0.070 beta=+0.074 | loss 3.2492 (delta +0.3639) size 309.8 MB sparsity 9.5%
gen 39 offspring [84/100] k= 25 (used  25.0) c=0.944 alpha=-0.182 beta=+0.115 | loss 3.1245 (delta +0.2391) size 309.6 MB sparsity 15.2%
gen 39 offspring [85/100] k= 54 (used  53.0) c=0.997 alpha=-0.044 beta=+0.082 | loss 2.9344 (delta +0.0490) size 371.5 MB sparsity 7.3%
gen 39 offspring [86/100] k= 23 (used  23.0) c=0.959 alpha=-0.105 beta=+0.184 | loss 3.1760 (delta +0.2907) size 309.2 MB sparsity 16.2%
gen 39 offspring [87/100] k= 30 (used  30.0) c=0.779 alpha=-0.068 beta=+0.097 | loss 3.0112 (delta +0.1258) size 309.8 MB sparsity 10.0%
gen 39 offspring [88/100] k= 16 (used  16.0) c=0.737 alpha=-0.148 beta=+0.041 | loss 3.4633 (delta +0.5780) size 247.8 MB sparsity 18.5%
gen 39 offspring [89/100] k= 30 (used  16.0) c=0.794 alpha=-0.068 beta=+0.000 | loss 3.3346 (delta +0.4492) size 248.0 MB sparsity 10.2%
gen 39 offspring [90/100] k= 64 (used  63.0) c=0.980 alpha=-0.060 beta=+0.055 | loss 2.9283 (delta +0.0430) size 371.5 MB sparsity 5.9%
gen 39 offspring [91/100] k= 16 (used  15.0) c=0.909 alpha=-0.007 beta=+0.317 | loss 3.7933 (delta +0.9080) size 245.2 MB sparsity 25.0%
gen 39 offspring [92/100] k= 16 (used  16.0) c=0.780 alpha=-0.061 beta=+0.000 | loss 3.4565 (delta +0.5712) size 247.5 MB sparsity 19.5%
gen 39 offspring [93/100] k= 16 (used  15.0) c=0.850 alpha=-0.304 beta=+0.344 | loss 4.9414 (delta +2.0561) size 241.3 MB sparsity 27.7%
gen 39 offspring [94/100] k= 37 (used  37.0) c=0.951 alpha=-0.001 beta=+0.016 | loss 2.9726 (delta +0.0873) size 371.5 MB sparsity 9.5%
gen 39 offspring [95/100] k= 23 (used  22.0) c=0.808 alpha=-0.015 beta=+0.225 | loss 3.3906 (delta +0.5052) size 309.6 MB sparsity 16.2%
gen 39 offspring [96/100] k= 25 (used  25.0) c=0.937 alpha=-0.065 beta=+0.091 | loss 3.0927 (delta +0.2073) size 309.7 MB sparsity 13.9%
gen 39 offspring [97/100] k= 16 (used  16.0) c=0.888 alpha=-0.198 beta=+0.249 | loss 3.6434 (delta +0.7580) size 246.3 MB sparsity 22.7%
gen 39 offspring [98/100] k=164 (used 163.0) c=0.996 alpha=-0.007 beta=+0.005 | loss 2.8895 (delta +0.0042) size 495.0 MB sparsity 2.2%
gen 39 offspring [99/100] k= 16 (used  16.0) c=0.931 alpha=-0.211 beta=+0.054 | loss 3.7237 (delta +0.8383) size 245.7 MB sparsity 23.1%
gen 39 offspring [100/100] k= 16 (used  16.0) c=0.850 alpha=-0.028 beta=+0.227 | loss 3.4821 (delta +0.5968) size 246.8 MB sparsity 21.6%
=== generation 39/50 done in 549s (0 reused), batch baseline 2.8854, HV 0.18312, front 100 points, 100/100 feasible, best delta loss +0.0037, smallest 243.6 MB
gen 40 offspring [1/100] k= 23 (used  23.0) c=0.847 alpha=-0.253 beta=+0.310 | loss 3.4169 (delta +0.5315) size 298.5 MB sparsity 23.7%
gen 40 offspring [2/100] k= 68 (used  68.0) c=0.934 alpha=-0.007 beta=+0.000 | loss 2.9151 (delta +0.0297) size 433.3 MB sparsity 5.1%
gen 40 offspring [3/100] k= 33 (used  31.0) c=0.988 alpha=-0.169 beta=+0.024 | loss 3.0837 (delta +0.1983) size 309.8 MB sparsity 12.9%
gen 40 offspring [4/100] k= 29 (used  28.0) c=0.847 alpha=-0.216 beta=+0.016 | loss 3.1171 (delta +0.2318) size 309.8 MB sparsity 14.6%
gen 40 offspring [5/100] k= 37 (used  37.0) c=0.951 alpha=-0.001 beta=+0.017 | loss 2.9724 (delta +0.0871) size 371.5 MB sparsity 9.5%
gen 40 offspring [6/100] k= 35 (used  19.0) c=0.794 alpha=-0.002 beta=+0.016 | loss 3.1967 (delta +0.3114) size 309.8 MB sparsity 8.4%
gen 40 offspring [7/100] k= 34 (used  14.0) c=0.754 alpha=-0.037 beta=+0.076 | loss 3.7024 (delta +0.8171) size 248.0 MB sparsity 8.5%
gen 40 offspring [8/100] k= 16 (used   7.0) c=0.729 alpha=-0.072 beta=+0.010 | loss 9.8038 (delta +6.9185) size 186.3 MB sparsity 18.3%
gen 40 offspring [9/100] k= 16 (used  16.0) c=0.849 alpha=-0.041 beta=+0.288 | loss 3.5274 (delta +0.6421) size 246.4 MB sparsity 23.2%
gen 40 offspring [10/100] k= 31 (used  17.0) c=0.757 alpha=-0.239 beta=+0.129 | loss 3.3540 (delta +0.4686) size 271.0 MB sparsity 15.7%
gen 40 offspring [11/100] k=141 (used 136.0) c=0.999 alpha=-0.050 beta=+0.004 | loss 2.8957 (delta +0.0104) size 495.0 MB sparsity 3.4%
gen 40 offspring [12/100] k= 40 (used  40.0) c=0.942 alpha=-0.065 beta=+0.020 | loss 2.9612 (delta +0.0758) size 371.5 MB sparsity 8.9%
gen 40 offspring [13/100] k= 23 (used  23.0) c=0.782 alpha=-0.025 beta=+0.016 | loss 3.1311 (delta +0.2458) size 309.8 MB sparsity 12.7%
gen 40 offspring [14/100] k= 16 (used  16.0) c=0.777 alpha=-0.244 beta=+0.183 | loss 3.5438 (delta +0.6585) size 247.4 MB sparsity 20.8%
gen 40 offspring [15/100] k= 29 (used  15.0) c=0.766 alpha=-0.078 beta=+0.090 | loss 3.3094 (delta +0.4241) size 248.0 MB sparsity 9.8%
gen 40 offspring [16/100] k= 30 (used  17.0) c=0.910 alpha=-0.068 beta=+0.000 | loss 3.4866 (delta +0.6012) size 281.1 MB sparsity 11.6%
gen 40 offspring [17/100] k= 64 (used  63.0) c=0.818 alpha=-0.028 beta=+0.126 | loss 2.9415 (delta +0.0561) size 371.5 MB sparsity 7.7%
gen 40 offspring [18/100] k= 65 (used  65.0) c=0.848 alpha=-0.040 beta=+0.027 | loss 2.9251 (delta +0.0397) size 415.5 MB sparsity 4.8%
gen 40 offspring [19/100] k=107 (used 105.9) c=0.864 alpha=-0.156 beta=+0.006 | loss 2.9292 (delta +0.0439) size 433.3 MB sparsity 8.0%
gen 40 offspring [20/100] k= 16 (used  16.0) c=0.914 alpha=-0.253 beta=+0.351 | loss 3.8840 (delta +0.9987) size 243.4 MB sparsity 26.8%
gen 40 offspring [21/100] k= 16 (used  16.0) c=0.854 alpha=-0.215 beta=+0.264 | loss 3.5377 (delta +0.6523) size 246.6 MB sparsity 22.7%
gen 40 offspring [22/100] k= 16 (used   9.0) c=0.960 alpha=-0.008 beta=+0.040 | loss 7.1104 (delta +4.2251) size 204.1 MB sparsity 23.7%
gen 40 offspring [23/100] k= 16 (used  16.0) c=0.851 alpha=-0.194 beta=+0.067 | loss 3.4984 (delta +0.6130) size 246.8 MB sparsity 21.2%
gen 40 offspring [24/100] k=184 (used 179.0) c=0.926 alpha=-0.038 beta=+0.003 | loss 2.8930 (delta +0.0077) size 495.0 MB sparsity 2.6%
gen 40 offspring [25/100] k= 23 (used  11.0) c=0.762 alpha=-0.059 beta=+0.010 | loss 5.6266 (delta +2.7413) size 248.0 MB sparsity 12.3%
gen 40 offspring [26/100] k= 24 (used  23.0) c=0.962 alpha=-0.087 beta=+0.020 | loss 3.1577 (delta +0.2723) size 309.2 MB sparsity 15.5%
gen 40 offspring [27/100] k= 29 (used  15.0) c=0.741 alpha=-0.068 beta=+0.003 | loss 3.3094 (delta +0.4241) size 248.0 MB sparsity 9.5%
gen 40 offspring [28/100] k=115 (used  59.0) c=0.764 alpha=-0.066 beta=+0.039 | loss 2.9431 (delta +0.0577) size 371.5 MB sparsity 4.5%
gen 40 offspring [29/100] k= 16 (used  16.0) c=0.874 alpha=-0.198 beta=+0.345 | loss 3.6576 (delta +0.7723) size 245.0 MB sparsity 25.5%
gen 40 offspring [30/100] k= 60 (used  32.0) c=0.917 alpha=-0.086 beta=+0.054 | loss 3.0152 (delta +0.1298) size 309.8 MB sparsity 6.7%
gen 40 offspring [31/100] k= 24 (used  22.0) c=0.974 alpha=-0.088 beta=+0.267 | loss 3.6796 (delta +0.7942) size 307.9 MB sparsity 19.2%
gen 40 offspring [32/100] k= 21 (used  21.0) c=0.790 alpha=-0.178 beta=+0.171 | loss 3.1683 (delta +0.2829) size 309.6 MB sparsity 16.0%
gen 40 offspring [33/100] k= 32 (used  32.0) c=0.931 alpha=-0.039 beta=+0.004 | loss 3.0049 (delta +0.1195) size 309.8 MB sparsity 11.1%
gen 40 offspring [34/100] k= 90 (used  89.0) c=0.994 alpha=-0.024 beta=+0.003 | loss 2.9032 (delta +0.0179) size 433.3 MB sparsity 4.1%
gen 40 offspring [35/100] k= 18 (used  17.0) c=0.846 alpha=-0.251 beta=+0.354 | loss 4.4263 (delta +1.5409) size 245.9 MB sparsity 25.9%
gen 40 offspring [36/100] k= 16 (used  15.0) c=0.910 alpha=-0.215 beta=+0.264 | loss 3.7102 (delta +0.8248) size 245.9 MB sparsity 23.5%
gen 40 offspring [37/100] k= 25 (used  25.0) c=0.952 alpha=-0.013 beta=+0.115 | loss 3.1018 (delta +0.2164) size 309.7 MB sparsity 14.1%
gen 40 offspring [38/100] k= 20 (used  18.0) c=0.911 alpha=-0.049 beta=+0.015 | loss 3.3274 (delta +0.4421) size 307.9 MB sparsity 17.8%
gen 40 offspring [39/100] k= 30 (used  15.0) c=0.936 alpha=-0.068 beta=+0.001 | loss 3.5286 (delta +0.6433) size 248.0 MB sparsity 11.9%
gen 40 offspring [40/100] k= 16 (used  16.0) c=0.850 alpha=-0.082 beta=+0.173 | loss 3.4837 (delta +0.5983) size 246.8 MB sparsity 21.2%
gen 40 offspring [41/100] k= 17 (used   9.0) c=0.854 alpha=-0.057 beta=+0.005 | loss 5.6988 (delta +2.8135) size 213.3 MB sparsity 18.7%
gen 40 offspring [42/100] k= 16 (used  15.0) c=0.944 alpha=-0.032 beta=+0.079 | loss 3.8187 (delta +0.9334) size 245.5 MB sparsity 23.4%
gen 40 offspring [43/100] k= 29 (used  29.0) c=0.982 alpha=-0.060 beta=+0.055 | loss 3.0620 (delta +0.1767) size 309.8 MB sparsity 12.5%
gen 40 offspring [44/100] k= 36 (used  35.0) c=0.985 alpha=-0.001 beta=+0.016 | loss 2.9938 (delta +0.1085) size 371.5 MB sparsity 10.4%
gen 40 offspring [45/100] k= 16 (used  16.0) c=0.850 alpha=-0.010 beta=+0.019 | loss 3.4867 (delta +0.6014) size 246.8 MB sparsity 21.2%
gen 40 offspring [46/100] k= 32 (used  31.0) c=0.847 alpha=-0.007 beta=+0.288 | loss 3.2329 (delta +0.3476) size 309.7 MB sparsity 17.0%
gen 40 offspring [47/100] k=164 (used 160.8) c=0.995 alpha=-0.242 beta=+0.008 | loss 2.9583 (delta +0.0730) size 495.0 MB sparsity 11.1%
gen 40 offspring [48/100] k= 30 (used  16.0) c=0.918 alpha=-0.068 beta=+0.001 | loss 3.5119 (delta +0.6266) size 248.0 MB sparsity 11.7%
gen 40 offspring [49/100] k= 16 (used  15.0) c=0.910 alpha=-0.044 beta=+0.045 | loss 3.7089 (delta +0.8236) size 246.1 MB sparsity 22.6%
gen 40 offspring [50/100] k= 31 (used  29.0) c=0.931 alpha=-0.039 beta=+0.001 | loss 3.0124 (delta +0.1270) size 309.8 MB sparsity 11.1%
gen 40 offspring [51/100] k= 30 (used  30.0) c=0.831 alpha=-0.049 beta=+0.016 | loss 3.0162 (delta +0.1309) size 309.8 MB sparsity 10.6%
gen 40 offspring [52/100] k= 16 (used  15.0) c=0.939 alpha=-0.026 beta=+0.343 | loss 3.8318 (delta +0.9464) size 243.9 MB sparsity 26.3%
gen 40 offspring [53/100] k= 60 (used  32.0) c=0.795 alpha=-0.086 beta=+0.053 | loss 2.9908 (delta +0.1054) size 309.8 MB sparsity 6.3%
gen 40 offspring [54/100] k= 37 (used  37.0) c=0.977 alpha=-0.068 beta=+0.000 | loss 2.9817 (delta +0.0964) size 371.5 MB sparsity 9.7%
gen 40 offspring [55/100] k= 46 (used  45.0) c=0.992 alpha=-0.056 beta=+0.024 | loss 2.9521 (delta +0.0668) size 371.5 MB sparsity 8.1%
gen 40 offspring [56/100] k= 33 (used  32.0) c=0.854 alpha=-0.011 beta=+0.223 | loss 3.1146 (delta +0.2292) size 309.8 MB sparsity 14.2%
gen 40 offspring [57/100] k= 38 (used  37.0) c=0.968 alpha=-0.095 beta=+0.025 | loss 2.9805 (delta +0.0951) size 371.5 MB sparsity 9.7%
gen 40 offspring [58/100] k= 16 (used  16.0) c=0.870 alpha=-0.109 beta=+0.342 | loss 3.6549 (delta +0.7695) size 245.1 MB sparsity 25.4%
gen 40 offspring [59/100] k= 28 (used  27.0) c=0.981 alpha=-0.001 beta=+0.049 | loss 3.0957 (delta +0.2104) size 309.8 MB sparsity 13.4%
gen 40 offspring [60/100] k= 21 (used  21.0) c=0.980 alpha=-0.063 beta=+0.163 | loss 3.2881 (delta +0.4027) size 308.2 MB sparsity 17.3%
gen 40 offspring [61/100] k= 16 (used  11.0) c=0.959 alpha=-0.062 beta=+0.033 | loss 4.5687 (delta +1.6833) size 245.3 MB sparsity 23.7%
gen 40 offspring [62/100] k= 16 (used  15.0) c=0.910 alpha=-0.153 beta=+0.338 | loss 3.8009 (delta +0.9156) size 244.6 MB sparsity 25.8%
gen 40 offspring [63/100] k= 21 (used  17.0) c=0.907 alpha=-0.101 beta=+0.019 | loss 3.2877 (delta +0.4024) size 270.2 MB sparsity 16.0%
gen 40 offspring [64/100] k= 18 (used  18.0) c=0.774 alpha=-0.116 beta=+0.003 | loss 3.3106 (delta +0.4252) size 308.4 MB sparsity 17.1%
gen 40 offspring [65/100] k= 33 (used  33.0) c=0.907 alpha=-0.029 beta=+0.005 | loss 3.0256 (delta +0.1402) size 340.2 MB sparsity 10.1%
gen 40 offspring [66/100] k= 16 (used  15.0) c=0.936 alpha=-0.007 beta=+0.317 | loss 3.8040 (delta +0.9186) size 244.8 MB sparsity 25.4%
gen 40 offspring [67/100] k= 25 (used  24.0) c=0.994 alpha=-0.024 beta=+0.287 | loss 3.6497 (delta +0.7643) size 308.0 MB sparsity 19.4%
gen 40 offspring [68/100] k= 16 (used  15.0) c=0.906 alpha=-0.234 beta=+0.351 | loss 3.8321 (delta +0.9467) size 244.0 MB sparsity 26.4%
gen 40 offspring [69/100] k=164 (used 160.0) c=0.991 alpha=-0.007 beta=+0.005 | loss 2.8896 (delta +0.0043) size 495.0 MB sparsity 2.2%
gen 40 offspring [70/100] k=121 (used 118.7) c=0.848 alpha=-0.024 beta=+0.296 | loss 3.0395 (delta +0.1542) size 433.0 MB sparsity 13.5%
gen 40 offspring [71/100] k= 16 (used  16.0) c=0.810 alpha=-0.215 beta=+0.249 | loss 3.5096 (delta +0.6243) size 247.1 MB sparsity 21.8%
gen 40 offspring [72/100] k= 20 (used  19.0) c=0.993 alpha=-0.012 beta=+0.015 | loss 3.3925 (delta +0.5072) size 306.5 MB sparsity 19.3%
gen 40 offspring [73/100] k= 33 (used  33.0) c=0.978 alpha=-0.060 beta=+0.001 | loss 2.9974 (delta +0.1121) size 337.8 MB sparsity 10.9%
gen 40 offspring [74/100] k= 16 (used  16.0) c=0.811 alpha=-0.039 beta=+0.066 | loss 3.4762 (delta +0.5908) size 247.2 MB sparsity 20.3%
gen 40 offspring [75/100] k= 23 (used  23.0) c=0.977 alpha=-0.067 beta=+0.012 | loss 3.1801 (delta +0.2947) size 309.1 MB sparsity 15.7%
gen 40 offspring [76/100] k= 35 (used  15.0) c=0.822 alpha=-0.011 beta=+0.069 | loss 3.8092 (delta +0.9239) size 248.0 MB sparsity 8.7%
gen 40 offspring [77/100] k= 21 (used  21.0) c=0.949 alpha=-0.083 beta=+0.044 | loss 3.2316 (delta +0.3462) size 308.5 MB sparsity 16.7%
gen 40 offspring [78/100] k= 32 (used  17.0) c=0.954 alpha=-0.029 beta=+0.119 | loss 3.4269 (delta +0.5416) size 281.2 MB sparsity 11.6%
gen 40 offspring [79/100] k= 16 (used  16.0) c=0.865 alpha=-0.142 beta=+0.389 | loss 3.7929 (delta +0.9076) size 243.1 MB sparsity 27.0%
gen 40 offspring [80/100] k= 64 (used  64.0) c=0.788 alpha=-0.050 beta=+0.059 | loss 2.9314 (delta +0.0460) size 371.5 MB sparsity 5.1%
gen 40 offspring [81/100] k= 16 (used  16.0) c=0.906 alpha=-0.253 beta=+0.023 | loss 3.7104 (delta +0.8250) size 246.1 MB sparsity 23.1%
gen 40 offspring [82/100] k= 17 (used  17.0) c=0.943 alpha=-0.078 beta=+0.118 | loss 3.4873 (delta +0.6019) size 258.9 MB sparsity 20.6%
gen 40 offspring [83/100] k= 24 (used  11.0) c=0.744 alpha=-0.070 beta=+0.052 | loss 5.2519 (delta +2.3665) size 248.0 MB sparsity 12.1%
gen 40 offspring [84/100] k= 46 (used  44.0) c=0.966 alpha=-0.141 beta=+0.002 | loss 2.9851 (delta +0.0998) size 371.5 MB sparsity 10.0%
gen 40 offspring [85/100] k=120 (used 118.0) c=1.000 alpha=-0.007 beta=+0.007 | loss 2.8958 (delta +0.0105) size 433.3 MB sparsity 3.1%
gen 40 offspring [86/100] k= 16 (used  16.0) c=0.850 alpha=-0.235 beta=+0.351 | loss 3.6620 (delta +0.7767) size 244.8 MB sparsity 25.9%
gen 40 offspring [87/100] k= 33 (used  19.0) c=0.822 alpha=-0.054 beta=+0.041 | loss 3.1988 (delta +0.3134) size 309.8 MB sparsity 9.2%
gen 40 offspring [88/100] k= 22 (used  22.0) c=0.777 alpha=-0.089 beta=+0.008 | loss 3.1199 (delta +0.2346) size 309.7 MB sparsity 13.8%
gen 40 offspring [89/100] k= 16 (used  15.0) c=0.775 alpha=-0.147 beta=+0.314 | loss 4.4890 (delta +1.6036) size 246.8 MB sparsity 23.1%
gen 40 offspring [90/100] k= 32 (used  31.0) c=0.715 alpha=-0.055 beta=+0.317 | loss 3.2747 (delta +0.3893) size 309.7 MB sparsity 17.3%
gen 40 offspring [91/100] k= 29 (used  28.0) c=0.742 alpha=-0.171 beta=+0.015 | loss 3.1080 (delta +0.2227) size 309.8 MB sparsity 12.1%
gen 40 offspring [92/100] k= 19 (used  19.0) c=0.972 alpha=-0.059 beta=+0.010 | loss 3.3574 (delta +0.4721) size 306.8 MB sparsity 19.0%
gen 40 offspring [93/100] k=131 (used 131.0) c=0.991 alpha=-0.006 beta=+0.004 | loss 2.8954 (delta +0.0100) size 495.0 MB sparsity 2.8%
gen 40 offspring [94/100] k=187 (used 181.1) c=0.995 alpha=-0.214 beta=+0.347 | loss 3.1660 (delta +0.2807) size 442.5 MB sparsity 23.1%
gen 40 offspring [95/100] k= 16 (used  16.0) c=0.824 alpha=-0.007 beta=+0.001 | loss 3.4843 (delta +0.5989) size 247.1 MB sparsity 20.6%
gen 40 offspring [96/100] k= 16 (used  16.0) c=0.847 alpha=-0.020 beta=+0.352 | loss 3.6405 (delta +0.7551) size 245.2 MB sparsity 25.4%
gen 40 offspring [97/100] k= 32 (used  32.0) c=0.800 alpha=-0.039 beta=+0.000 | loss 2.9906 (delta +0.1053) size 309.8 MB sparsity 9.6%
gen 40 offspring [98/100] k= 16 (used  16.0) c=0.864 alpha=-0.216 beta=+0.297 | loss 3.5941 (delta +0.7088) size 246.1 MB sparsity 23.9%
gen 40 offspring [99/100] k= 26 (used  26.0) c=0.952 alpha=-0.008 beta=+0.115 | loss 3.1017 (delta +0.2164) size 309.7 MB sparsity 14.1%
gen 40 offspring [100/100] k= 16 (used  16.0) c=0.850 alpha=-0.253 beta=+0.351 | loss 3.6989 (delta +0.8136) size 244.3 MB sparsity 26.4%
=== generation 40/50 done in 551s (0 reused), batch baseline 2.8854, HV 0.18316, front 100 points, 100/100 feasible, best delta loss +0.0037, smallest 243.1 MB
gen 41 offspring [1/100] k= 16 (used  16.0) c=0.857 alpha=-0.226 beta=+0.066 | loss 3.5144 (delta +0.6290) size 246.7 MB sparsity 21.7%
gen 41 offspring [2/100] k= 16 (used  15.0) c=0.910 alpha=-0.069 beta=+0.174 | loss 3.7082 (delta +0.8228) size 246.1 MB sparsity 22.6%
gen 41 offspring [3/100] k= 21 (used  11.0) c=0.806 alpha=-0.116 beta=+0.000 | loss 4.2870 (delta +1.4016) size 248.0 MB sparsity 14.3%
gen 41 offspring [4/100] k= 64 (used  64.0) c=0.934 alpha=-0.040 beta=+0.026 | loss 2.9216 (delta +0.0363) size 371.5 MB sparsity 5.4%
gen 41 offspring [5/100] k= 32 (used  32.0) c=0.756 alpha=-0.060 beta=+0.012 | loss 2.9958 (delta +0.1104) size 309.8 MB sparsity 9.0%
gen 41 offspring [6/100] k=130 (used 125.8) c=0.999 alpha=-0.002 beta=+0.310 | loss 3.0533 (delta +0.1679) size 432.4 MB sparsity 14.2%
gen 41 offspring [7/100] k= 29 (used  28.0) c=0.940 alpha=-0.134 beta=+0.411 | loss 3.8459 (delta +0.9605) size 300.3 MB sparsity 23.1%
gen 41 offspring [8/100] k= 16 (used  14.0) c=0.961 alpha=-0.044 beta=+0.343 | loss 5.0468 (delta +2.1615) size 243.4 MB sparsity 26.6%
gen 41 offspring [9/100] k= 44 (used  44.0) c=0.950 alpha=-0.039 beta=+0.004 | loss 2.9465 (delta +0.0612) size 371.5 MB sparsity 8.1%
gen 41 offspring [10/100] k= 29 (used  29.0) c=0.978 alpha=-0.065 beta=+0.019 | loss 3.0499 (delta +0.1646) size 309.8 MB sparsity 12.5%
gen 41 offspring [11/100] k= 16 (used  16.0) c=0.864 alpha=-0.041 beta=+0.353 | loss 3.6932 (delta +0.8078) size 244.9 MB sparsity 25.6%
gen 41 offspring [12/100] k= 32 (used  27.0) c=0.848 alpha=-0.075 beta=+0.001 | loss 3.0244 (delta +0.1390) size 309.8 MB sparsity 10.1%
gen 41 offspring [13/100] k=124 (used 123.0) c=0.994 alpha=-0.024 beta=+0.001 | loss 2.8938 (delta +0.0085) size 433.3 MB sparsity 2.9%
gen 41 offspring [14/100] k= 16 (used  16.0) c=0.852 alpha=-0.023 beta=+0.291 | loss 3.5524 (delta +0.6671) size 246.4 MB sparsity 23.4%
gen 41 offspring [15/100] k=132 (used 131.0) c=0.995 alpha=-0.011 beta=+0.005 | loss 2.8970 (delta +0.0116) size 495.0 MB sparsity 2.8%
gen 41 offspring [16/100] k= 37 (used  37.0) c=0.977 alpha=-0.042 beta=+0.000 | loss 2.9817 (delta +0.0964) size 371.5 MB sparsity 9.7%
gen 41 offspring [17/100] k= 17 (used  16.0) c=0.807 alpha=-0.178 beta=+0.074 | loss 3.3561 (delta +0.4707) size 247.9 MB sparsity 17.9%
gen 41 offspring [18/100] k= 16 (used  16.0) c=0.743 alpha=-0.181 beta=+0.003 | loss 3.4486 (delta +0.5632) size 247.8 MB sparsity 18.7%
gen 41 offspring [19/100] k= 28 (used  15.0) c=0.988 alpha=-0.010 beta=+0.068 | loss 4.0190 (delta +1.1336) size 248.0 MB sparsity 13.5%
gen 41 offspring [20/100] k= 29 (used  29.0) c=0.928 alpha=-0.011 beta=+0.023 | loss 3.0224 (delta +0.1371) size 309.8 MB sparsity 11.8%
gen 41 offspring [21/100] k= 29 (used  28.0) c=0.983 alpha=-0.143 beta=+0.163 | loss 3.2162 (delta +0.3309) size 309.8 MB sparsity 14.1%
gen 41 offspring [22/100] k= 47 (used  47.0) c=0.981 alpha=-0.049 beta=+0.002 | loss 2.9475 (delta +0.0621) size 371.5 MB sparsity 7.7%
gen 41 offspring [23/100] k= 16 (used  16.0) c=0.850 alpha=-0.024 beta=+0.299 | loss 3.5500 (delta +0.6647) size 246.3 MB sparsity 23.6%
gen 41 offspring [24/100] k= 18 (used  18.0) c=0.781 alpha=-0.061 beta=+0.016 | loss 3.3382 (delta +0.4529) size 308.3 MB sparsity 17.2%
gen 41 offspring [25/100] k= 16 (used  16.0) c=0.755 alpha=-0.194 beta=+0.230 | loss 3.4837 (delta +0.5984) size 247.6 MB sparsity 20.2%
gen 41 offspring [26/100] k= 17 (used  17.0) c=0.743 alpha=-0.182 beta=+0.045 | loss 3.3441 (delta +0.4587) size 268.1 MB sparsity 16.9%
gen 41 offspring [27/100] k=115 (used  59.0) c=0.975 alpha=-0.028 beta=+0.023 | loss 2.9244 (delta +0.0391) size 371.5 MB sparsity 3.1%
gen 41 offspring [28/100] k= 62 (used  60.0) c=0.932 alpha=-0.022 beta=+0.359 | loss 3.1766 (delta +0.2913) size 368.5 MB sparsity 17.5%
gen 41 offspring [29/100] k= 36 (used  18.0) c=0.736 alpha=-0.008 beta=+0.295 | loss 3.5455 (delta +0.6602) size 309.8 MB sparsity 16.1%
gen 41 offspring [30/100] k= 16 (used  16.0) c=0.777 alpha=-0.152 beta=+0.161 | loss 3.4480 (delta +0.5626) size 247.5 MB sparsity 19.5%
gen 41 offspring [31/100] k= 16 (used  16.0) c=0.867 alpha=-0.156 beta=+0.234 | loss 3.5580 (delta +0.6726) size 246.6 MB sparsity 22.0%
gen 41 offspring [32/100] k= 31 (used  31.0) c=0.760 alpha=-0.007 beta=+0.026 | loss 3.0082 (delta +0.1228) size 309.8 MB sparsity 9.1%
gen 41 offspring [33/100] k= 23 (used  23.0) c=0.984 alpha=-0.067 beta=+0.016 | loss 3.1876 (delta +0.3022) size 309.0 MB sparsity 15.8%
gen 41 offspring [34/100] k= 29 (used  15.0) c=0.770 alpha=-0.103 beta=+0.090 | loss 3.3188 (delta +0.4334) size 248.0 MB sparsity 10.1%
gen 41 offspring [35/100] k= 16 (used   9.0) c=0.846 alpha=-0.007 beta=+0.250 | loss 6.2095 (delta +3.3242) size 207.3 MB sparsity 22.0%
gen 41 offspring [36/100] k= 16 (used  15.0) c=0.850 alpha=-0.031 beta=+0.343 | loss 4.7052 (delta +1.8198) size 245.4 MB sparsity 25.1%
gen 41 offspring [37/100] k= 16 (used  16.0) c=0.806 alpha=-0.259 beta=+0.352 | loss 3.8260 (delta +0.9406) size 244.5 MB sparsity 26.3%
gen 41 offspring [38/100] k=151 (used 151.0) c=0.995 alpha=-0.007 beta=+0.015 | loss 2.8907 (delta +0.0054) size 495.0 MB sparsity 2.4%
gen 41 offspring [39/100] k= 32 (used  15.0) c=0.993 alpha=-0.021 beta=+0.003 | loss 3.5133 (delta +0.6280) size 248.0 MB sparsity 11.8%
gen 41 offspring [40/100] k= 20 (used  19.0) c=0.933 alpha=-0.000 beta=+0.004 | loss 3.2984 (delta +0.4131) size 307.5 MB sparsity 18.2%
gen 41 offspring [41/100] k= 32 (used  31.0) c=0.999 alpha=-0.039 beta=+0.000 | loss 3.0296 (delta +0.1443) size 309.8 MB sparsity 11.9%
gen 41 offspring [42/100] k= 16 (used  14.0) c=0.990 alpha=-0.020 beta=+0.363 | loss 5.2136 (delta +2.3282) size 241.4 MB sparsity 27.7%
gen 41 offspring [43/100] k= 33 (used  33.0) c=0.822 alpha=-0.121 beta=+0.016 | loss 2.9866 (delta +0.1013) size 340.4 MB sparsity 10.1%
gen 41 offspring [44/100] k= 20 (used  20.0) c=0.780 alpha=-0.061 beta=+0.027 | loss 3.1548 (delta +0.2694) size 309.3 MB sparsity 15.3%
gen 41 offspring [45/100] k= 16 (used  16.0) c=0.833 alpha=-0.235 beta=+0.351 | loss 3.7321 (delta +0.8467) size 245.0 MB sparsity 25.8%
gen 41 offspring [46/100] k= 19 (used  17.0) c=0.910 alpha=-0.044 beta=+0.040 | loss 3.3406 (delta +0.4552) size 265.8 MB sparsity 17.8%
gen 41 offspring [47/100] k= 17 (used  17.0) c=0.864 alpha=-0.013 beta=+0.402 | loss 3.6996 (delta +0.8143) size 245.6 MB sparsity 26.0%
gen 41 offspring [48/100] k= 31 (used  31.0) c=0.978 alpha=-0.077 beta=+0.058 | loss 3.0248 (delta +0.1395) size 309.8 MB sparsity 11.6%
gen 41 offspring [49/100] k= 16 (used  16.0) c=0.818 alpha=-0.156 beta=+0.286 | loss 3.5606 (delta +0.6752) size 246.8 MB sparsity 22.7%
gen 41 offspring [50/100] k= 21 (used  21.0) c=0.870 alpha=-0.109 beta=+0.307 | loss 3.3179 (delta +0.4326) size 306.7 MB sparsity 20.6%
gen 41 offspring [51/100] k= 30 (used  30.0) c=0.854 alpha=-0.065 beta=+0.000 | loss 3.0197 (delta +0.1343) size 309.8 MB sparsity 10.9%
gen 41 offspring [52/100] k= 29 (used  15.0) c=0.982 alpha=-0.070 beta=+0.116 | loss 3.7378 (delta +0.8524) size 248.0 MB sparsity 12.5%
gen 41 offspring [53/100] k= 17 (used  17.0) c=0.850 alpha=-0.027 beta=+0.013 | loss 3.3333 (delta +0.4480) size 263.7 MB sparsity 18.7%
gen 41 offspring [54/100] k= 16 (used  16.0) c=0.865 alpha=-0.035 beta=+0.006 | loss 3.5420 (delta +0.6566) size 246.7 MB sparsity 21.5%
gen 41 offspring [55/100] k= 26 (used  25.0) c=0.846 alpha=-0.218 beta=+0.054 | loss 3.2444 (delta +0.3590) size 309.7 MB sparsity 15.6%
gen 41 offspring [56/100] k= 32 (used  17.0) c=0.755 alpha=-0.068 beta=+0.001 | loss 3.2211 (delta +0.3358) size 287.5 MB sparsity 9.0%
gen 41 offspring [57/100] k= 34 (used  14.0) c=0.743 alpha=-0.038 beta=+0.004 | loss 3.7188 (delta +0.8335) size 248.0 MB sparsity 8.3%
gen 41 offspring [58/100] k= 32 (used  30.0) c=0.952 alpha=-0.226 beta=+0.042 | loss 3.1377 (delta +0.2523) size 309.8 MB sparsity 15.3%
gen 41 offspring [59/100] k= 33 (used  33.0) c=0.800 alpha=-0.057 beta=+0.000 | loss 2.9816 (delta +0.0962) size 343.8 MB sparsity 9.0%
gen 41 offspring [60/100] k= 54 (used  52.0) c=0.991 alpha=-0.142 beta=+0.084 | loss 2.9666 (delta +0.0812) size 371.5 MB sparsity 10.0%
gen 41 offspring [61/100] k= 69 (used  69.0) c=0.931 alpha=-0.007 beta=+0.011 | loss 2.9098 (delta +0.0245) size 433.3 MB sparsity 4.9%
gen 41 offspring [62/100] k= 29 (used  29.0) c=1.000 alpha=-0.135 beta=+0.169 | loss 3.0772 (delta +0.1919) size 309.8 MB sparsity 14.2%
gen 41 offspring [63/100] k= 33 (used  17.0) c=0.740 alpha=-0.169 beta=+0.003 | loss 3.3800 (delta +0.4946) size 281.8 MB sparsity 11.3%
gen 41 offspring [64/100] k= 17 (used  17.0) c=0.841 alpha=-0.177 beta=+0.047 | loss 3.3357 (delta +0.4504) size 264.0 MB sparsity 18.5%
gen 41 offspring [65/100] k= 90 (used  89.0) c=0.994 alpha=-0.020 beta=+0.041 | loss 2.9033 (delta +0.0180) size 433.3 MB sparsity 4.1%
gen 41 offspring [66/100] k=142 (used 140.9) c=0.779 alpha=-0.103 beta=+0.009 | loss 2.9234 (delta +0.0380) size 495.0 MB sparsity 5.3%
gen 41 offspring [67/100] k= 30 (used  30.0) c=0.807 alpha=-0.065 beta=+0.004 | loss 3.0186 (delta +0.1333) size 309.8 MB sparsity 10.3%
gen 41 offspring [68/100] k= 21 (used  21.0) c=0.941 alpha=-0.006 beta=+0.011 | loss 3.2058 (delta +0.3204) size 308.6 MB sparsity 16.6%
gen 41 offspring [69/100] k= 29 (used  15.0) c=0.770 alpha=-0.080 beta=+0.034 | loss 3.3125 (delta +0.4271) size 248.0 MB sparsity 9.9%
gen 41 offspring [70/100] k= 68 (used  68.0) c=0.930 alpha=-0.005 beta=+0.005 | loss 2.9133 (delta +0.0279) size 433.3 MB sparsity 5.1%
gen 41 offspring [71/100] k= 33 (used  33.0) c=0.820 alpha=-0.049 beta=+0.032 | loss 2.9845 (delta +0.0991) size 343.1 MB sparsity 9.2%
gen 41 offspring [72/100] k= 16 (used  16.0) c=0.850 alpha=-0.235 beta=+0.211 | loss 3.4988 (delta +0.6135) size 246.8 MB sparsity 21.9%
gen 41 offspring [73/100] k= 33 (used  17.0) c=0.793 alpha=-0.033 beta=+0.003 | loss 3.2145 (delta +0.3292) size 287.8 MB sparsity 8.9%
gen 41 offspring [74/100] k= 33 (used  30.0) c=0.827 alpha=-0.017 beta=+0.001 | loss 2.9890 (delta +0.1037) size 309.8 MB sparsity 9.3%
gen 41 offspring [75/100] k= 17 (used  17.0) c=0.868 alpha=-0.129 beta=+0.037 | loss 3.3453 (delta +0.4599) size 262.8 MB sparsity 19.0%
gen 41 offspring [76/100] k= 16 (used  16.0) c=0.857 alpha=-0.063 beta=+0.002 | loss 3.5107 (delta +0.6254) size 246.7 MB sparsity 21.3%
gen 41 offspring [77/100] k= 16 (used  16.0) c=0.847 alpha=-0.427 beta=+0.357 | loss 4.1654 (delta +1.2801) size 229.5 MB sparsity 32.5%
gen 41 offspring [78/100] k= 16 (used  16.0) c=0.859 alpha=-0.146 beta=+0.286 | loss 3.5817 (delta +0.6963) size 246.3 MB sparsity 23.3%
gen 41 offspring [79/100] k= 65 (used  35.0) c=0.937 alpha=-0.092 beta=+0.118 | loss 2.9964 (delta +0.1110) size 371.5 MB sparsity 9.0%
gen 41 offspring [81/100] k= 37 (used  37.0) c=0.977 alpha=-0.078 beta=+0.036 | loss 2.9816 (delta +0.0963) size 371.5 MB sparsity 9.7%
gen 41 offspring [82/100] k= 16 (used  16.0) c=0.851 alpha=-0.029 beta=+0.317 | loss 3.6089 (delta +0.7235) size 245.9 MB sparsity 24.2%
gen 41 offspring [83/100] k= 32 (used  32.0) c=0.759 alpha=-0.060 beta=+0.001 | loss 2.9956 (delta +0.1103) size 309.8 MB sparsity 9.1%
gen 41 offspring [84/100] k= 47 (used  46.0) c=0.965 alpha=-0.211 beta=+0.002 | loss 3.0125 (delta +0.1271) size 371.5 MB sparsity 12.6%
gen 41 offspring [85/100] k= 17 (used  17.0) c=0.851 alpha=-0.177 beta=+0.065 | loss 3.3326 (delta +0.4472) size 263.5 MB sparsity 18.8%
gen 41 offspring [86/100] k= 79 (used  73.0) c=0.770 alpha=-0.063 beta=+0.001 | loss 2.9377 (delta +0.0524) size 433.3 MB sparsity 4.5%
gen 41 offspring [87/100] k=139 (used 135.0) c=0.999 alpha=-0.081 beta=+0.167 | loss 2.9224 (delta +0.0371) size 495.0 MB sparsity 10.4%
gen 41 offspring [88/100] k=164 (used 164.0) c=0.790 alpha=-0.004 beta=+0.005 | loss 2.9172 (delta +0.0319) size 495.0 MB sparsity 1.8%
gen 41 offspring [89/100] k= 29 (used  29.0) c=0.843 alpha=-0.006 beta=+0.006 | loss 3.0183 (delta +0.1330) size 309.8 MB sparsity 10.8%
gen 41 offspring [90/100] k= 16 (used  16.0) c=0.850 alpha=-0.005 beta=+0.305 | loss 3.5687 (delta +0.6833) size 246.2 MB sparsity 23.8%
gen 41 offspring [91/100] k= 23 (used  23.0) c=1.000 alpha=-0.097 beta=+0.169 | loss 3.1870 (delta +0.3016) size 308.9 MB sparsity 16.3%
gen 41 offspring [92/100] k= 96 (used  51.0) c=0.982 alpha=-0.155 beta=+0.003 | loss 2.9551 (delta +0.0697) size 371.5 MB sparsity 8.4%
gen 41 offspring [93/100] k= 16 (used  16.0) c=0.862 alpha=-0.243 beta=+0.294 | loss 3.6169 (delta +0.7315) size 246.1 MB sparsity 24.3%
gen 41 offspring [94/100] k= 65 (used  63.0) c=0.914 alpha=-0.050 beta=+0.021 | loss 2.9247 (delta +0.0393) size 371.5 MB sparsity 5.2%
gen 41 offspring [95/100] k= 37 (used  37.0) c=0.977 alpha=-0.068 beta=+0.000 | loss 2.9818 (delta +0.0965) size 371.5 MB sparsity 9.7%
gen 41 offspring [96/100] k= 16 (used  16.0) c=0.780 alpha=-0.299 beta=+0.034 | loss 3.6610 (delta +0.7756) size 246.9 MB sparsity 22.6%
gen 41 offspring [97/100] k= 16 (used  16.0) c=0.780 alpha=-0.187 beta=+0.270 | loss 3.5372 (delta +0.6518) size 247.2 MB sparsity 21.7%
gen 41 offspring [98/100] k= 34 (used  33.0) c=0.983 alpha=-0.060 beta=+0.055 | loss 2.9994 (delta +0.1140) size 337.6 MB sparsity 11.0%
gen 41 offspring [99/100] k= 16 (used  16.0) c=0.864 alpha=-0.016 beta=+0.351 | loss 3.6915 (delta +0.8061) size 244.9 MB sparsity 25.6%
gen 41 offspring [100/100] k= 33 (used  17.0) c=0.864 alpha=-0.208 beta=+0.003 | loss 3.6306 (delta +0.7452) size 276.1 MB sparsity 13.6%
=== generation 41/50 done in 543s (1 reused), batch baseline 2.8854, HV 0.18376, front 100 points, 100/100 feasible, best delta loss +0.0037, smallest 243.1 MB
gen 42 offspring [1/100] k=161 (used  83.0) c=0.995 alpha=-0.007 beta=+0.001 | loss 2.9047 (delta +0.0194) size 433.3 MB sparsity 2.2%
gen 42 offspring [2/100] k= 16 (used  16.0) c=0.850 alpha=-0.152 beta=+0.250 | loss 3.4907 (delta +0.6054) size 246.7 MB sparsity 22.1%
gen 42 offspring [3/100] k= 27 (used  27.0) c=0.966 alpha=-0.025 beta=+0.001 | loss 3.1123 (delta +0.2270) size 309.8 MB sparsity 13.2%
gen 42 offspring [4/100] k= 25 (used  25.0) c=0.952 alpha=-0.050 beta=+0.115 | loss 3.1018 (delta +0.2164) size 309.7 MB sparsity 14.1%
gen 42 offspring [5/100] k= 37 (used  37.0) c=0.968 alpha=-0.095 beta=+0.025 | loss 2.9810 (delta +0.0957) size 371.5 MB sparsity 9.7%
gen 42 offspring [6/100] k= 16 (used  16.0) c=0.850 alpha=-0.254 beta=+0.351 | loss 3.7076 (delta +0.8223) size 244.3 MB sparsity 26.4%
gen 42 offspring [7/100] k= 16 (used  16.0) c=0.868 alpha=-0.040 beta=+0.001 | loss 3.5514 (delta +0.6660) size 246.6 MB sparsity 21.6%
gen 42 offspring [8/100] k= 29 (used  29.0) c=1.000 alpha=-0.132 beta=+0.122 | loss 3.0843 (delta +0.1989) size 309.8 MB sparsity 13.0%
gen 42 offspring [9/100] k= 31 (used  31.0) c=0.807 alpha=-0.065 beta=+0.025 | loss 2.9961 (delta +0.1108) size 309.8 MB sparsity 9.6%
gen 42 offspring [10/100] k= 21 (used  21.0) c=0.911 alpha=-0.043 beta=+0.036 | loss 3.1918 (delta +0.3064) size 308.9 MB sparsity 16.1%
gen 42 offspring [11/100] k= 38 (used  19.0) c=0.745 alpha=-0.131 beta=+0.003 | loss 3.3526 (delta +0.4672) size 309.8 MB sparsity 9.4%
gen 42 offspring [12/100] k= 17 (used  16.0) c=0.808 alpha=-0.177 beta=+0.050 | loss 3.3556 (delta +0.4703) size 247.9 MB sparsity 17.9%
gen 42 offspring [13/100] k= 16 (used  16.0) c=0.789 alpha=-0.105 beta=+0.033 | loss 3.5024 (delta +0.6170) size 247.4 MB sparsity 19.7%
gen 42 offspring [14/100] k= 16 (used  16.0) c=0.849 alpha=-0.007 beta=+0.289 | loss 3.5265 (delta +0.6411) size 246.4 MB sparsity 23.2%
gen 42 offspring [15/100] k= 33 (used  33.0) c=0.823 alpha=-0.033 beta=+0.003 | loss 2.9866 (delta +0.1012) size 343.0 MB sparsity 9.2%
gen 42 offspring [16/100] k= 21 (used  13.0) c=0.943 alpha=-0.074 beta=+0.141 | loss 4.4413 (delta +1.5560) size 248.0 MB sparsity 16.7%
gen 42 offspring [17/100] k= 24 (used  24.0) c=0.741 alpha=-0.088 beta=+0.040 | loss 3.0781 (delta +0.1928) size 309.8 MB sparsity 12.0%
gen 42 offspring [18/100] k= 19 (used  19.0) c=0.809 alpha=-0.254 beta=+0.220 | loss 3.4063 (delta +0.5210) size 306.9 MB sparsity 20.6%
gen 42 offspring [19/100] k= 33 (used  17.0) c=0.755 alpha=-0.188 beta=+0.001 | loss 3.3788 (delta +0.4935) size 279.7 MB sparsity 12.2%
gen 42 offspring [20/100] k= 43 (used  42.0) c=0.862 alpha=-0.097 beta=+0.290 | loss 3.1173 (delta +0.2319) size 370.6 MB sparsity 16.4%
gen 42 offspring [21/100] k= 33 (used  33.0) c=0.974 alpha=-0.003 beta=+0.015 | loss 2.9996 (delta +0.1143) size 337.9 MB sparsity 10.9%
gen 42 offspring [22/100] k= 68 (used  66.0) c=0.784 alpha=-0.070 beta=+0.068 | loss 2.9486 (delta +0.0633) size 433.3 MB sparsity 6.0%
gen 42 offspring [23/100] k= 21 (used  21.0) c=0.951 alpha=-0.081 beta=+0.092 | loss 3.2374 (delta +0.3521) size 308.5 MB sparsity 16.8%
gen 42 offspring [24/100] k= 21 (used  21.0) c=0.867 alpha=-0.116 beta=+0.013 | loss 3.1388 (delta +0.2534) size 309.2 MB sparsity 15.4%
gen 42 offspring [25/100] k= 29 (used  28.0) c=0.808 alpha=-0.194 beta=+0.001 | loss 3.0906 (delta +0.2052) size 309.8 MB sparsity 13.5%
gen 42 offspring [26/100] k= 17 (used   7.0) c=0.743 alpha=-0.001 beta=+0.121 | loss 9.3326 (delta +6.4472) size 186.3 MB sparsity 16.4%
gen 42 offspring [27/100] k= 67 (used  67.0) c=0.931 alpha=-0.024 beta=+0.003 | loss 2.9136 (delta +0.0283) size 433.3 MB sparsity 5.1%
gen 42 offspring [28/100] k= 41 (used  21.0) c=0.744 alpha=-0.071 beta=+0.003 | loss 3.1237 (delta +0.2384) size 309.8 MB sparsity 6.9%
gen 42 offspring [29/100] k= 30 (used  16.0) c=0.755 alpha=-0.068 beta=+0.000 | loss 3.2783 (delta +0.3930) size 248.0 MB sparsity 9.7%
gen 42 offspring [30/100] k= 16 (used   9.0) c=0.770 alpha=-0.237 beta=+0.010 | loss 5.8850 (delta +2.9996) size 210.2 MB sparsity 20.4%
gen 42 offspring [31/100] k= 16 (used  15.0) c=0.870 alpha=-0.007 beta=+0.342 | loss 4.6873 (delta +1.8019) size 245.1 MB sparsity 25.4%
gen 42 offspring [32/100] k= 16 (used  16.0) c=0.850 alpha=-0.212 beta=+0.034 | loss 3.4875 (delta +0.6022) size 246.8 MB sparsity 21.4%
gen 42 offspring [33/100] k= 30 (used  16.0) c=0.786 alpha=-0.068 beta=+0.068 | loss 3.3270 (delta +0.4416) size 248.0 MB sparsity 10.1%
gen 42 offspring [34/100] k= 33 (used  32.0) c=0.864 alpha=-0.133 beta=+0.017 | loss 3.0671 (delta +0.1817) size 309.8 MB sparsity 10.8%
gen 42 offspring [35/100] k= 23 (used  23.0) c=0.952 alpha=-0.013 beta=+0.114 | loss 3.1336 (delta +0.2482) size 309.3 MB sparsity 15.3%
gen 42 offspring [36/100] k= 16 (used  16.0) c=0.851 alpha=-0.253 beta=+0.351 | loss 3.7174 (delta +0.8320) size 244.3 MB sparsity 26.4%
gen 42 offspring [37/100] k= 42 (used  42.0) c=0.793 alpha=-0.028 beta=+0.046 | loss 2.9674 (delta +0.0821) size 371.5 MB sparsity 7.1%
gen 42 offspring [38/100] k= 19 (used  19.0) c=0.994 alpha=-0.021 beta=+0.327 | loss 3.5627 (delta +0.6773) size 298.9 MB sparsity 23.5%
gen 42 offspring [39/100] k= 16 (used  16.0) c=0.853 alpha=-0.213 beta=+0.016 | loss 3.5039 (delta +0.6186) size 246.8 MB sparsity 21.4%
gen 42 offspring [40/100] k= 40 (used  40.0) c=0.746 alpha=-0.038 beta=+0.004 | loss 2.9769 (delta +0.0915) size 371.5 MB sparsity 7.1%
gen 42 offspring [41/100] k= 17 (used  11.0) c=0.771 alpha=-0.095 beta=+0.022 | loss 4.9603 (delta +2.0750) size 248.0 MB sparsity 17.0%
gen 42 offspring [42/100] k= 17 (used  17.0) c=0.926 alpha=-0.004 beta=+0.003 | loss 3.4532 (delta +0.5678) size 259.8 MB sparsity 20.2%
gen 42 offspring [43/100] k= 32 (used  32.0) c=0.807 alpha=-0.034 beta=+0.004 | loss 2.9900 (delta +0.1047) size 309.8 MB sparsity 9.6%
gen 42 offspring [44/100] k= 29 (used  29.0) c=0.848 alpha=-0.085 beta=+0.034 | loss 3.0255 (delta +0.1401) size 309.8 MB sparsity 10.8%
gen 42 offspring [45/100] k= 16 (used  16.0) c=0.746 alpha=-0.178 beta=+0.095 | loss 3.4438 (delta +0.5584) size 247.7 MB sparsity 18.8%
gen 42 offspring [46/100] k= 21 (used  21.0) c=0.943 alpha=-0.095 beta=+0.020 | loss 3.2195 (delta +0.3341) size 308.6 MB sparsity 16.7%
gen 42 offspring [47/100] k= 30 (used  28.0) c=0.794 alpha=-0.068 beta=+0.005 | loss 3.0264 (delta +0.1411) size 309.8 MB sparsity 10.2%
gen 42 offspring [48/100] k= 16 (used  16.0) c=0.849 alpha=-0.047 beta=+0.265 | loss 3.5058 (delta +0.6205) size 246.7 MB sparsity 22.5%
gen 42 offspring [49/100] k=111 (used 101.0) c=0.994 alpha=-0.086 beta=+0.023 | loss 2.9064 (delta +0.0211) size 433.3 MB sparsity 5.3%
gen 42 offspring [50/100] k= 65 (used  65.0) c=0.934 alpha=-0.015 beta=+0.025 | loss 2.9137 (delta +0.0284) size 413.8 MB sparsity 5.3%
gen 42 offspring [51/100] k=134 (used  99.0) c=0.999 alpha=-0.000 beta=+0.137 | loss 2.9151 (delta +0.0297) size 433.3 MB sparsity 7.1%
gen 42 offspring [52/100] k= 16 (used  16.0) c=0.847 alpha=-0.234 beta=+0.351 | loss 3.6596 (delta +0.7742) size 244.9 MB sparsity 25.9%
gen 42 offspring [53/100] k= 34 (used  17.0) c=0.740 alpha=-0.140 beta=+0.417 | loss 4.0442 (delta +1.1589) size 253.1 MB sparsity 22.9%
gen 42 offspring [54/100] k= 16 (used  16.0) c=0.850 alpha=-0.009 beta=+0.291 | loss 3.5384 (delta +0.6530) size 246.4 MB sparsity 23.3%
gen 42 offspring [55/100] k= 64 (used  64.0) c=0.914 alpha=-0.050 beta=+0.053 | loss 2.9165 (delta +0.0312) size 371.5 MB sparsity 5.4%
gen 42 offspring [56/100] k= 29 (used  18.0) c=0.940 alpha=-0.027 beta=+0.170 | loss 3.4086 (delta +0.5233) size 309.8 MB sparsity 13.5%
gen 42 offspring [57/100] k= 33 (used  33.0) c=0.968 alpha=-0.095 beta=+0.025 | loss 3.0087 (delta +0.1233) size 338.1 MB sparsity 10.8%
gen 42 offspring [58/100] k= 32 (used  17.0) c=0.743 alpha=-0.164 beta=+0.114 | loss 3.4241 (delta +0.5388) size 279.6 MB sparsity 12.2%
gen 42 offspring [59/100] k= 23 (used  23.0) c=0.949 alpha=-0.058 beta=+0.060 | loss 3.1413 (delta +0.2560) size 309.3 MB sparsity 15.3%
gen 42 offspring [60/100] k= 30 (used  29.0) c=0.998 alpha=-0.102 beta=+0.024 | loss 3.0752 (delta +0.1899) size 309.8 MB sparsity 12.7%
gen 42 offspring [61/100] k= 31 (used  13.0) c=0.961 alpha=-0.077 beta=+0.115 | loss 4.9698 (delta +2.0845) size 248.0 MB sparsity 11.6%
gen 42 offspring [62/100] k= 31 (used  31.0) c=0.763 alpha=-0.096 beta=+0.120 | loss 3.0163 (delta +0.1309) size 309.8 MB sparsity 10.2%
gen 42 offspring [63/100] k= 16 (used  15.0) c=0.976 alpha=-0.178 beta=+0.024 | loss 3.8804 (delta +0.9951) size 245.0 MB sparsity 24.1%
gen 42 offspring [64/100] k= 16 (used  15.0) c=0.843 alpha=-0.193 beta=+0.356 | loss 4.7062 (delta +1.8208) size 245.1 MB sparsity 25.5%
gen 42 offspring [65/100] k= 17 (used  16.0) c=0.807 alpha=-0.059 beta=+0.075 | loss 3.3584 (delta +0.4731) size 247.9 MB sparsity 17.8%
gen 42 offspring [66/100] k= 16 (used  15.0) c=0.959 alpha=-0.041 beta=+0.039 | loss 3.8383 (delta +0.9529) size 245.3 MB sparsity 23.7%
gen 42 offspring [67/100] k=164 (used 164.0) c=0.827 alpha=-0.007 beta=+0.001 | loss 2.9154 (delta +0.0300) size 495.0 MB sparsity 1.8%
gen 42 offspring [68/100] k= 29 (used  15.0) c=0.930 alpha=-0.022 beta=+0.000 | loss 3.5330 (delta +0.6477) size 248.0 MB sparsity 11.9%
gen 42 offspring [69/100] k= 30 (used  16.0) c=0.778 alpha=-0.068 beta=+0.083 | loss 3.3061 (delta +0.4208) size 248.0 MB sparsity 10.0%
gen 42 offspring [70/100] k= 16 (used  16.0) c=0.850 alpha=-0.028 beta=+0.311 | loss 3.5873 (delta +0.7019) size 246.1 MB sparsity 24.0%
gen 42 offspring [71/100] k= 16 (used   9.0) c=0.755 alpha=-0.068 beta=+0.233 | loss 6.0119 (delta +3.1265) size 210.8 MB sparsity 20.1%
gen 42 offspring [72/100] k= 31 (used  30.0) c=0.850 alpha=-0.078 beta=+0.295 | loss 3.2466 (delta +0.3612) size 309.6 MB sparsity 17.3%
gen 42 offspring [73/100] k= 90 (used  89.0) c=0.993 alpha=-0.023 beta=+0.000 | loss 2.9031 (delta +0.0178) size 433.3 MB sparsity 4.1%
gen 42 offspring [74/100] k= 29 (used  28.0) c=0.986 alpha=-0.158 beta=+0.022 | loss 3.1779 (delta +0.2925) size 309.8 MB sparsity 13.5%
gen 42 offspring [75/100] k=142 (used 139.0) c=0.995 alpha=-0.006 beta=+0.015 | loss 2.8938 (delta +0.0084) size 495.0 MB sparsity 2.6%
gen 42 offspring [76/100] k= 17 (used  16.0) c=0.807 alpha=-0.178 beta=+0.090 | loss 3.3561 (delta +0.4707) size 247.9 MB sparsity 17.9%
gen 42 offspring [77/100] k= 30 (used  29.0) c=0.870 alpha=-0.065 beta=+0.348 | loss 3.4132 (delta +0.5279) size 308.2 MB sparsity 19.9%
gen 42 offspring [78/100] k= 20 (used  19.0) c=0.910 alpha=-0.105 beta=+0.043 | loss 3.3085 (delta +0.4231) size 307.9 MB sparsity 17.8%
gen 42 offspring [79/100] k= 25 (used  24.0) c=0.937 alpha=-0.068 beta=+0.231 | loss 3.4055 (delta +0.5201) size 309.3 MB sparsity 16.9%
gen 42 offspring [80/100] k= 65 (used  65.0) c=0.933 alpha=-0.040 beta=+0.025 | loss 2.9150 (delta +0.0296) size 413.8 MB sparsity 5.3%
gen 42 offspring [81/100] k= 16 (used  16.0) c=0.827 alpha=-0.027 beta=+0.380 | loss 3.7998 (delta +0.9145) size 244.5 MB sparsity 26.1%
gen 42 offspring [82/100] k=180 (used 176.0) c=0.992 alpha=-0.025 beta=+0.007 | loss 2.8934 (delta +0.0081) size 495.0 MB sparsity 2.2%
gen 42 offspring [83/100] k= 16 (used  16.0) c=0.864 alpha=-0.216 beta=+0.343 | loss 3.6673 (delta +0.7820) size 245.1 MB sparsity 25.5%
gen 42 offspring [84/100] k= 29 (used  29.0) c=0.945 alpha=-0.055 beta=+0.016 | loss 3.0418 (delta +0.1565) size 309.8 MB sparsity 12.0%
gen 42 offspring [85/100] k=107 (used 104.9) c=0.850 alpha=-0.256 beta=+0.030 | loss 2.9874 (delta +0.1020) size 433.3 MB sparsity 12.1%
gen 42 offspring [86/100] k= 33 (used  32.0) c=0.819 alpha=-0.100 beta=+0.231 | loss 3.0920 (delta +0.2066) size 309.8 MB sparsity 14.5%
gen 42 offspring [87/100] k= 16 (used   9.0) c=0.847 alpha=-0.024 beta=+0.299 | loss 6.2975 (delta +3.4121) size 204.4 MB sparsity 23.6%
gen 42 offspring [88/100] k= 31 (used  17.0) c=0.894 alpha=-0.077 beta=+0.118 | loss 3.4148 (delta +0.5294) size 282.6 MB sparsity 11.0%
gen 42 offspring [89/100] k= 20 (used  20.0) c=0.850 alpha=-0.144 beta=+0.305 | loss 3.3597 (delta +0.4744) size 305.6 MB sparsity 21.2%
gen 42 offspring [90/100] k= 33 (used  17.0) c=0.793 alpha=-0.151 beta=+0.003 | loss 3.3944 (delta +0.5090) size 282.6 MB sparsity 11.0%
gen 42 offspring [91/100] k= 17 (used  16.0) c=0.824 alpha=-0.008 beta=+0.299 | loss 4.1869 (delta +1.3015) size 247.4 MB sparsity 21.8%
gen 42 offspring [92/100] k= 16 (used  15.0) c=0.851 alpha=-0.029 beta=+0.341 | loss 4.6947 (delta +1.8094) size 245.4 MB sparsity 25.0%
gen 42 offspring [93/100] k= 38 (used  36.0) c=0.967 alpha=-0.081 beta=+0.205 | loss 3.1013 (delta +0.2160) size 371.4 MB sparsity 13.5%
gen 42 offspring [94/100] k= 21 (used  21.0) c=0.946 alpha=-0.031 beta=+0.163 | loss 3.2280 (delta +0.3426) size 308.6 MB sparsity 16.8%
gen 42 offspring [95/100] k= 33 (used  17.0) c=0.738 alpha=-0.034 beta=+0.112 | loss 3.2391 (delta +0.3538) size 287.1 MB sparsity 9.2%
gen 42 offspring [96/100] k= 23 (used  23.0) c=0.924 alpha=-0.039 beta=+0.010 | loss 3.1187 (delta +0.2333) size 309.4 MB sparsity 14.9%
gen 42 offspring [97/100] k= 33 (used  17.0) c=0.790 alpha=-0.082 beta=+0.003 | loss 3.2196 (delta +0.3342) size 287.8 MB sparsity 8.9%
gen 42 offspring [98/100] k= 17 (used  17.0) c=0.813 alpha=-0.182 beta=+0.074 | loss 3.3415 (delta +0.4562) size 265.1 MB sparsity 18.1%
gen 42 offspring [99/100] k= 16 (used  16.0) c=0.865 alpha=-0.142 beta=+0.388 | loss 3.7744 (delta +0.8890) size 243.3 MB sparsity 26.9%
gen 42 offspring [100/100] k= 16 (used  16.0) c=0.781 alpha=-0.060 beta=+0.034 | loss 3.4575 (delta +0.5721) size 247.5 MB sparsity 19.5%
=== generation 42/50 done in 549s (0 reused), batch baseline 2.8854, HV 0.18375, front 100 points, 100/100 feasible, best delta loss +0.0037, smallest 243.1 MB
gen 43 offspring [1/100] k= 16 (used  15.0) c=0.851 alpha=-0.138 beta=+0.388 | loss 4.9667 (delta +2.0813) size 243.6 MB sparsity 26.7%
gen 43 offspring [2/100] k=124 (used 123.0) c=0.994 alpha=-0.024 beta=+0.015 | loss 2.8938 (delta +0.0085) size 433.3 MB sparsity 2.9%
gen 43 offspring [3/100] k= 56 (used  30.0) c=0.763 alpha=-0.095 beta=+0.120 | loss 3.0253 (delta +0.1399) size 309.8 MB sparsity 9.2%
gen 43 offspring [4/100] k= 16 (used  16.0) c=0.793 alpha=-0.033 beta=+0.003 | loss 3.4760 (delta +0.5906) size 247.4 MB sparsity 19.8%
gen 43 offspring [5/100] k= 16 (used  16.0) c=0.819 alpha=-0.029 beta=+0.001 | loss 3.4919 (delta +0.6065) size 247.1 MB sparsity 20.4%
gen 43 offspring [6/100] k= 66 (used  65.0) c=0.953 alpha=-0.113 beta=+0.025 | loss 2.9377 (delta +0.0524) size 405.5 MB sparsity 7.5%
gen 43 offspring [7/100] k= 30 (used  30.0) c=0.827 alpha=-0.017 beta=+0.001 | loss 3.0146 (delta +0.1293) size 309.8 MB sparsity 10.6%
gen 43 offspring [8/100] k= 24 (used  23.0) c=0.931 alpha=-0.023 beta=+0.003 | loss 3.1237 (delta +0.2383) size 309.4 MB sparsity 15.0%
gen 43 offspring [9/100] k=164 (used 163.0) c=0.995 alpha=-0.007 beta=+0.005 | loss 2.8889 (delta +0.0035) size 495.0 MB sparsity 2.2%
gen 43 offspring [10/100] k= 29 (used  29.0) c=0.937 alpha=-0.047 beta=+0.315 | loss 3.1771 (delta +0.2917) size 308.7 MB sparsity 19.0%
gen 43 offspring [11/100] k= 29 (used  15.0) c=0.771 alpha=-0.174 beta=+0.000 | loss 3.6526 (delta +0.7673) size 248.0 MB sparsity 12.4%
gen 43 offspring [12/100] k= 16 (used  15.0) c=0.874 alpha=-0.010 beta=+0.291 | loss 4.6085 (delta +1.7232) size 246.1 MB sparsity 23.7%
gen 43 offspring [13/100] k= 43 (used  43.0) c=0.971 alpha=-0.060 beta=+0.041 | loss 2.9544 (delta +0.0690) size 371.5 MB sparsity 8.3%
gen 43 offspring [14/100] k= 25 (used  25.0) c=0.938 alpha=-0.065 beta=+0.012 | loss 3.0915 (delta +0.2062) size 309.7 MB sparsity 13.9%
gen 43 offspring [15/100] k= 25 (used  25.0) c=0.955 alpha=-0.142 beta=+0.389 | loss 3.4031 (delta +0.5177) size 300.2 MB sparsity 23.1%
gen 43 offspring [16/100] k= 16 (used  16.0) c=0.851 alpha=-0.215 beta=+0.263 | loss 3.5322 (delta +0.6468) size 246.6 MB sparsity 22.7%
gen 43 offspring [17/100] k= 24 (used  23.0) c=0.974 alpha=-0.088 beta=+0.054 | loss 3.1725 (delta +0.2872) size 309.1 MB sparsity 15.7%
gen 43 offspring [18/100] k= 31 (used  17.0) c=0.959 alpha=-0.077 beta=+0.113 | loss 3.4294 (delta +0.5440) size 281.3 MB sparsity 11.5%
gen 43 offspring [19/100] k= 39 (used  39.0) c=0.967 alpha=-0.107 beta=+0.025 | loss 2.9665 (delta +0.0812) size 371.5 MB sparsity 9.6%
gen 43 offspring [20/100] k= 16 (used  15.0) c=0.999 alpha=-0.152 beta=+0.171 | loss 3.8757 (delta +0.9903) size 244.6 MB sparsity 24.6%
gen 43 offspring [21/100] k= 35 (used  19.0) c=0.745 alpha=-0.057 beta=+0.000 | loss 3.2120 (delta +0.3267) size 309.8 MB sparsity 7.9%
gen 43 offspring [22/100] k= 16 (used  16.0) c=0.780 alpha=-0.252 beta=+0.034 | loss 3.5683 (delta +0.6830) size 247.4 MB sparsity 21.0%
gen 43 offspring [23/100] k= 39 (used  39.0) c=0.968 alpha=-0.106 beta=+0.025 | loss 2.9678 (delta +0.0825) size 371.5 MB sparsity 9.6%
gen 43 offspring [24/100] k= 64 (used  63.7) c=0.864 alpha=-0.210 beta=+0.358 | loss 3.1931 (delta +0.3078) size 346.6 MB sparsity 23.4%
gen 43 offspring [25/100] k= 31 (used  31.0) c=0.794 alpha=-0.060 beta=+0.056 | loss 2.9969 (delta +0.1115) size 309.8 MB sparsity 9.5%
gen 43 offspring [26/100] k= 23 (used  23.0) c=0.849 alpha=-0.008 beta=+0.163 | loss 3.1309 (delta +0.2455) size 309.7 MB sparsity 14.4%
gen 43 offspring [27/100] k= 30 (used  30.0) c=0.752 alpha=-0.024 beta=+0.020 | loss 3.0137 (delta +0.1284) size 309.8 MB sparsity 9.6%
gen 43 offspring [28/100] k=124 (used 122.0) c=0.863 alpha=-0.250 beta=+0.385 | loss 3.3150 (delta +0.4297) size 382.6 MB sparsity 26.0%
gen 43 offspring [29/100] k= 63 (used  63.0) c=0.957 alpha=-0.013 beta=+0.025 | loss 2.9233 (delta +0.0379) size 371.5 MB sparsity 5.6%
gen 43 offspring [30/100] k= 16 (used  16.0) c=0.850 alpha=-0.216 beta=+0.407 | loss 3.7977 (delta +0.9123) size 241.6 MB sparsity 27.6%
gen 43 offspring [31/100] k= 31 (used  31.0) c=0.959 alpha=-0.119 beta=+0.115 | loss 3.0157 (delta +0.1304) size 309.8 MB sparsity 11.8%
gen 43 offspring [32/100] k= 90 (used  90.0) c=0.974 alpha=-0.001 beta=+0.000 | loss 2.9010 (delta +0.0156) size 433.3 MB sparsity 4.0%
gen 43 offspring [33/100] k= 67 (used  64.0) c=0.926 alpha=-0.083 beta=+0.362 | loss 3.2014 (delta +0.3161) size 365.0 MB sparsity 18.4%
gen 43 offspring [34/100] k= 30 (used  13.0) c=0.784 alpha=-0.007 beta=+0.004 | loss 4.6265 (delta +1.7411) size 248.0 MB sparsity 10.0%
gen 43 offspring [35/100] k= 16 (used  16.0) c=0.803 alpha=-0.177 beta=+0.050 | loss 3.4996 (delta +0.6142) size 247.3 MB sparsity 20.1%
gen 43 offspring [36/100] k= 37 (used  35.0) c=0.968 alpha=-0.178 beta=+0.250 | loss 3.3389 (delta +0.4536) size 366.3 MB sparsity 18.1%
gen 43 offspring [37/100] k= 34 (used  18.0) c=0.720 alpha=-0.047 beta=+0.011 | loss 3.2111 (delta +0.3257) size 309.8 MB sparsity 8.1%
gen 43 offspring [38/100] k= 16 (used  16.0) c=0.875 alpha=-0.066 beta=+0.349 | loss 3.6619 (delta +0.7766) size 244.9 MB sparsity 25.6%
gen 43 offspring [39/100] k= 33 (used  33.0) c=0.822 alpha=-0.124 beta=+0.001 | loss 2.9860 (delta +0.1007) size 340.1 MB sparsity 10.2%
gen 43 offspring [40/100] k= 24 (used  23.0) c=0.970 alpha=-0.174 beta=+0.041 | loss 3.1687 (delta +0.2833) size 309.1 MB sparsity 16.1%
gen 43 offspring [41/100] k= 65 (used  65.0) c=0.974 alpha=-0.028 beta=+0.025 | loss 2.9207 (delta +0.0353) size 412.9 MB sparsity 5.5%
gen 43 offspring [42/100] k= 29 (used  29.0) c=1.000 alpha=-0.043 beta=+0.156 | loss 3.0789 (delta +0.1936) size 309.8 MB sparsity 13.5%
gen 43 offspring [43/100] k= 23 (used  23.0) c=0.958 alpha=-0.102 beta=+0.059 | loss 3.1440 (delta +0.2587) size 309.2 MB sparsity 15.4%
gen 43 offspring [44/100] k= 16 (used  16.0) c=0.864 alpha=-0.028 beta=+0.299 | loss 3.5953 (delta +0.7099) size 246.1 MB sparsity 23.8%
gen 43 offspring [45/100] k=164 (used 163.0) c=0.995 alpha=-0.007 beta=+0.001 | loss 2.8891 (delta +0.0037) size 495.0 MB sparsity 2.2%
gen 43 offspring [46/100] k=140 (used  72.0) c=0.975 alpha=-0.025 beta=+0.040 | loss 2.9066 (delta +0.0212) size 433.3 MB sparsity 3.1%
gen 43 offspring [47/100] k= 16 (used  16.0) c=0.845 alpha=-0.295 beta=+0.351 | loss 3.7978 (delta +0.9124) size 241.5 MB sparsity 27.6%
gen 43 offspring [48/100] k= 33 (used  17.0) c=0.780 alpha=-0.060 beta=+0.025 | loss 3.2308 (delta +0.3455) size 288.2 MB sparsity 8.7%
gen 43 offspring [49/100] k= 33 (used  31.0) c=0.822 alpha=-0.121 beta=+0.340 | loss 3.2664 (delta +0.3810) size 309.1 MB sparsity 19.4%
gen 43 offspring [50/100] k= 37 (used  37.0) c=0.967 alpha=-0.039 beta=+0.025 | loss 2.9784 (delta +0.0930) size 371.5 MB sparsity 9.6%
gen 43 offspring [51/100] k= 33 (used  19.0) c=0.755 alpha=-0.068 beta=+0.000 | loss 3.2200 (delta +0.3347) size 309.8 MB sparsity 8.5%
gen 43 offspring [52/100] k= 65 (used  63.0) c=0.977 alpha=-0.068 beta=+0.093 | loss 2.9583 (delta +0.0729) size 371.5 MB sparsity 7.2%
gen 43 offspring [53/100] k= 21 (used  14.0) c=0.900 alpha=-0.077 beta=+0.019 | loss 3.5367 (delta +0.6514) size 248.0 MB sparsity 15.9%
gen 43 offspring [54/100] k= 16 (used  16.0) c=0.853 alpha=-0.005 beta=+0.042 | loss 3.5009 (delta +0.6156) size 246.8 MB sparsity 21.2%
gen 43 offspring [55/100] k= 16 (used  16.0) c=0.735 alpha=-0.071 beta=+0.041 | loss 3.4619 (delta +0.5766) size 247.8 MB sparsity 18.5%
gen 43 offspring [56/100] k= 16 (used  16.0) c=0.808 alpha=-0.193 beta=+0.225 | loss 3.4636 (delta +0.5782) size 247.2 MB sparsity 20.8%
gen 43 offspring [57/100] k= 29 (used  29.0) c=0.982 alpha=-0.097 beta=+0.055 | loss 3.0626 (delta +0.1772) size 309.8 MB sparsity 12.5%
gen 43 offspring [58/100] k= 16 (used  16.0) c=0.850 alpha=-0.019 beta=+0.311 | loss 3.5873 (delta +0.7019) size 246.1 MB sparsity 24.0%
gen 43 offspring [59/100] k= 22 (used  17.0) c=0.910 alpha=-0.052 beta=+0.040 | loss 3.2406 (delta +0.3552) size 270.0 MB sparsity 16.1%
gen 43 offspring [60/100] k= 21 (used  21.0) c=0.943 alpha=-0.081 beta=+0.163 | loss 3.2058 (delta +0.3204) size 308.6 MB sparsity 16.8%
gen 43 offspring [61/100] k= 16 (used  13.0) c=0.865 alpha=-0.050 beta=+0.116 | loss 3.6874 (delta +0.8020) size 246.6 MB sparsity 21.5%
gen 43 offspring [62/100] k= 30 (used  16.0) c=0.792 alpha=-0.068 beta=+0.141 | loss 3.3371 (delta +0.4517) size 248.0 MB sparsity 11.4%
gen 43 offspring [63/100] k= 34 (used  34.0) c=0.743 alpha=-0.038 beta=+0.007 | loss 2.9940 (delta +0.1087) size 371.5 MB sparsity 8.3%
gen 43 offspring [64/100] k= 16 (used  16.0) c=0.852 alpha=-0.028 beta=+0.317 | loss 3.6054 (delta +0.7200) size 245.9 MB sparsity 24.2%
gen 43 offspring [65/100] k=146 (used 146.0) c=0.768 alpha=-0.000 beta=+0.006 | loss 2.9195 (delta +0.0341) size 495.0 MB sparsity 1.9%
gen 43 offspring [66/100] k= 38 (used  37.0) c=0.808 alpha=-0.071 beta=+0.125 | loss 3.0210 (delta +0.1357) size 371.5 MB sparsity 9.5%
gen 43 offspring [67/100] k= 64 (used  61.0) c=0.943 alpha=-0.050 beta=+0.059 | loss 2.9411 (delta +0.0557) size 371.5 MB sparsity 5.6%
gen 43 offspring [68/100] k= 16 (used  16.0) c=0.850 alpha=-0.063 beta=+0.403 | loss 3.7779 (delta +0.8926) size 242.4 MB sparsity 27.3%
gen 43 offspring [69/100] k= 16 (used  15.0) c=0.850 alpha=-0.126 beta=+0.344 | loss 4.7099 (delta +1.8245) size 245.3 MB sparsity 25.1%
gen 43 offspring [70/100] k= 16 (used  15.0) c=0.914 alpha=-0.050 beta=+0.020 | loss 3.7210 (delta +0.8357) size 246.0 MB sparsity 22.7%
gen 43 offspring [71/100] k= 38 (used  20.0) c=0.744 alpha=-0.070 beta=+0.003 | loss 3.1728 (delta +0.2874) size 309.8 MB sparsity 7.5%
gen 43 offspring [72/100] k= 26 (used  13.0) c=0.980 alpha=-0.059 beta=+0.002 | loss 4.2430 (delta +1.3576) size 248.0 MB sparsity 14.5%
gen 43 offspring [73/100] k= 16 (used  14.0) c=0.993 alpha=-0.065 beta=+0.458 | loss 6.0288 (delta +3.1435) size 233.2 MB sparsity 31.0%
gen 43 offspring [74/100] k= 16 (used   9.0) c=0.853 alpha=-0.065 beta=+0.285 | loss 6.3601 (delta +3.4748) size 205.1 MB sparsity 23.2%
gen 43 offspring [75/100] k= 16 (used  15.0) c=0.994 alpha=-0.027 beta=+0.000 | loss 3.8626 (delta +0.9772) size 244.6 MB sparsity 24.5%
gen 43 offspring [76/100] k=134 (used 133.0) c=0.999 alpha=-0.023 beta=+0.006 | loss 2.8935 (delta +0.0081) size 495.0 MB sparsity 2.7%
gen 43 offspring [77/100] k= 16 (used  16.0) c=0.865 alpha=-0.142 beta=+0.034 | loss 3.5420 (delta +0.6566) size 246.7 MB sparsity 21.5%
gen 43 offspring [78/100] k=164 (used 163.0) c=0.998 alpha=-0.068 beta=+0.069 | loss 2.8922 (delta +0.0068) size 495.0 MB sparsity 5.8%
gen 43 offspring [79/100] k=164 (used 162.0) c=0.997 alpha=-0.007 beta=+0.015 | loss 2.8891 (delta +0.0038) size 495.0 MB sparsity 2.2%
gen 43 offspring [80/100] k= 16 (used  16.0) c=0.850 alpha=-0.095 beta=+0.025 | loss 3.4956 (delta +0.6102) size 246.8 MB sparsity 21.2%
gen 43 offspring [81/100] k= 16 (used  16.0) c=0.849 alpha=-0.038 beta=+0.261 | loss 3.4982 (delta +0.6128) size 246.7 MB sparsity 22.4%
gen 43 offspring [82/100] k= 30 (used  16.0) c=0.766 alpha=-0.111 beta=+0.003 | loss 3.2972 (delta +0.4119) size 248.0 MB sparsity 10.2%
gen 43 offspring [83/100] k= 33 (used  31.0) c=0.827 alpha=-0.015 beta=+0.001 | loss 2.9879 (delta +0.1025) size 309.8 MB sparsity 9.3%
gen 43 offspring [84/100] k= 16 (used  16.0) c=0.748 alpha=-0.092 beta=+0.023 | loss 3.4534 (delta +0.5680) size 247.7 MB sparsity 18.8%
gen 43 offspring [85/100] k= 33 (used  33.0) c=0.800 alpha=-0.057 beta=+0.000 | loss 2.9816 (delta +0.0962) size 343.8 MB sparsity 9.0%
gen 43 offspring [86/100] k= 24 (used  23.0) c=0.934 alpha=-0.088 beta=+0.023 | loss 3.1265 (delta +0.2411) size 309.4 MB sparsity 15.0%
gen 43 offspring [87/100] k= 21 (used  17.0) c=0.910 alpha=-0.136 beta=+0.053 | loss 3.2411 (delta +0.3558) size 270.0 MB sparsity 16.1%
gen 43 offspring [88/100] k= 16 (used  16.0) c=0.847 alpha=-0.085 beta=+0.311 | loss 3.5887 (delta +0.7034) size 246.1 MB sparsity 24.0%
gen 43 offspring [89/100] k= 30 (used  16.0) c=0.767 alpha=-0.150 beta=+0.116 | loss 3.3264 (delta +0.4410) size 248.0 MB sparsity 12.0%
gen 43 offspring [90/100] k= 21 (used  13.0) c=0.970 alpha=-0.097 beta=+0.040 | loss 4.8506 (delta +1.9653) size 248.0 MB sparsity 17.1%
gen 43 offspring [91/100] k= 35 (used  15.0) c=0.743 alpha=-0.055 beta=+0.004 | loss 3.6914 (delta +0.8060) size 248.0 MB sparsity 7.9%
gen 43 offspring [92/100] k= 32 (used  32.0) c=0.828 alpha=-0.036 beta=+0.000 | loss 3.0065 (delta +0.1212) size 309.8 MB sparsity 9.9%
gen 43 offspring [93/100] k= 38 (used  37.0) c=0.801 alpha=-0.144 beta=+0.001 | loss 3.0165 (delta +0.1311) size 371.5 MB sparsity 10.2%
gen 43 offspring [94/100] k= 29 (used  26.0) c=0.952 alpha=-0.149 beta=+0.055 | loss 3.1483 (delta +0.2629) size 309.8 MB sparsity 12.9%
gen 43 offspring [95/100] k= 29 (used  29.0) c=0.939 alpha=-0.026 beta=+0.170 | loss 3.0431 (delta +0.1578) size 309.8 MB sparsity 13.5%
gen 43 offspring [96/100] k= 43 (used  43.0) c=0.912 alpha=-0.044 beta=+0.041 | loss 2.9439 (delta +0.0586) size 371.5 MB sparsity 7.8%
gen 43 offspring [97/100] k= 64 (used  64.0) c=0.934 alpha=-0.040 beta=+0.025 | loss 2.9218 (delta +0.0364) size 371.5 MB sparsity 5.4%
gen 43 offspring [98/100] k= 23 (used  23.0) c=0.924 alpha=-0.020 beta=+0.002 | loss 3.1171 (delta +0.2318) size 309.4 MB sparsity 14.9%
gen 43 offspring [99/100] k= 33 (used  33.0) c=0.821 alpha=-0.057 beta=+0.013 | loss 2.9846 (delta +0.0993) size 343.1 MB sparsity 9.2%
gen 43 offspring [100/100] k= 30 (used  13.0) c=0.818 alpha=-0.068 beta=+0.057 | loss 4.6511 (delta +1.7657) size 248.0 MB sparsity 10.5%
=== generation 43/50 done in 549s (0 reused), batch baseline 2.8854, HV 0.18399, front 100 points, 100/100 feasible, best delta loss +0.0035, smallest 241.5 MB
gen 44 offspring [1/100] k= 16 (used  16.0) c=0.852 alpha=-0.006 beta=+0.317 | loss 3.6038 (delta +0.7185) size 245.9 MB sparsity 24.2%
gen 44 offspring [2/100] k= 39 (used  39.0) c=0.968 alpha=-0.106 beta=+0.034 | loss 2.9678 (delta +0.0825) size 371.5 MB sparsity 9.6%
gen 44 offspring [3/100] k= 31 (used  17.0) c=0.763 alpha=-0.231 beta=+0.120 | loss 3.3428 (delta +0.4575) size 272.4 MB sparsity 15.1%
gen 44 offspring [4/100] k= 16 (used  15.0) c=0.850 alpha=-0.007 beta=+0.346 | loss 4.7200 (delta +1.8346) size 245.3 MB sparsity 25.2%
gen 44 offspring [5/100] k= 30 (used  29.0) c=0.771 alpha=-0.029 beta=+0.225 | loss 3.1701 (delta +0.2847) size 309.8 MB sparsity 14.4%
gen 44 offspring [6/100] k= 16 (used  16.0) c=0.736 alpha=-0.020 beta=+0.352 | loss 3.6740 (delta +0.7886) size 246.6 MB sparsity 23.9%
gen 44 offspring [7/100] k= 33 (used  32.0) c=0.847 alpha=-0.123 beta=+0.351 | loss 3.2969 (delta +0.4115) size 308.6 MB sparsity 20.0%
gen 44 offspring [8/100] k= 23 (used  23.0) c=0.994 alpha=-0.024 beta=+0.015 | loss 3.1871 (delta +0.3017) size 309.0 MB sparsity 16.0%
gen 44 offspring [9/100] k= 23 (used  23.0) c=0.766 alpha=-0.103 beta=+0.083 | loss 3.1023 (delta +0.2170) size 309.8 MB sparsity 12.4%
gen 44 offspring [10/100] k= 16 (used  15.0) c=0.999 alpha=-0.142 beta=+0.388 | loss 4.0352 (delta +1.1499) size 239.0 MB sparsity 28.6%
gen 44 offspring [11/100] k= 20 (used  19.0) c=0.870 alpha=-0.226 beta=+0.351 | loss 4.2275 (delta +1.3422) size 295.4 MB sparsity 24.7%
gen 44 offspring [12/100] k= 16 (used  16.0) c=0.848 alpha=-0.295 beta=+0.089 | loss 3.5765 (delta +0.6912) size 246.4 MB sparsity 23.4%
gen 44 offspring [13/100] k= 17 (used  16.0) c=0.998 alpha=-0.047 beta=+0.002 | loss 3.5640 (delta +0.6787) size 246.6 MB sparsity 21.7%
gen 44 offspring [14/100] k= 17 (used  16.0) c=0.808 alpha=-0.177 beta=+0.048 | loss 3.3556 (delta +0.4703) size 247.9 MB sparsity 17.9%
gen 44 offspring [15/100] k= 30 (used  30.0) c=0.784 alpha=-0.057 beta=+0.068 | loss 3.0176 (delta +0.1322) size 309.8 MB sparsity 10.0%
gen 44 offspring [16/100] k= 16 (used  16.0) c=0.850 alpha=-0.217 beta=+0.264 | loss 3.5188 (delta +0.6334) size 246.6 MB sparsity 22.7%
gen 44 offspring [17/100] k= 26 (used  14.0) c=0.755 alpha=-0.254 beta=+0.374 | loss 4.8699 (delta +1.9845) size 245.6 MB sparsity 26.0%
gen 44 offspring [18/100] k= 67 (used  67.0) c=0.930 alpha=-0.024 beta=+0.003 | loss 2.9137 (delta +0.0283) size 433.3 MB sparsity 5.1%
gen 44 offspring [19/100] k= 29 (used  29.0) c=0.937 alpha=-0.048 beta=+0.315 | loss 3.1771 (delta +0.2917) size 308.7 MB sparsity 19.0%
gen 44 offspring [20/100] k= 32 (used  32.0) c=0.948 alpha=-0.068 beta=+0.004 | loss 3.0077 (delta +0.1224) size 309.8 MB sparsity 11.3%
gen 44 offspring [21/100] k= 16 (used  16.0) c=0.777 alpha=-0.152 beta=+0.171 | loss 3.4476 (delta +0.5623) size 247.5 MB sparsity 19.5%
gen 44 offspring [22/100] k= 16 (used  16.0) c=0.850 alpha=-0.152 beta=+0.250 | loss 3.4950 (delta +0.6096) size 246.7 MB sparsity 22.1%
gen 44 offspring [23/100] k= 35 (used  15.0) c=0.774 alpha=-0.069 beta=+0.060 | loss 3.6802 (delta +0.7949) size 248.0 MB sparsity 8.2%
gen 44 offspring [24/100] k= 26 (used  26.0) c=0.754 alpha=-0.011 beta=+0.001 | loss 3.0423 (delta +0.1570) size 309.8 MB sparsity 11.2%
gen 44 offspring [25/100] k=164 (used 164.0) c=0.741 alpha=-0.007 beta=+0.005 | loss 2.9347 (delta +0.0493) size 495.0 MB sparsity 1.7%
gen 44 offspring [26/100] k= 31 (used  30.0) c=0.848 alpha=-0.006 beta=+0.156 | loss 3.0957 (delta +0.2104) size 309.8 MB sparsity 11.9%
gen 44 offspring [27/100] k= 16 (used  16.0) c=0.846 alpha=-0.194 beta=+0.029 | loss 3.4846 (delta +0.5992) size 246.9 MB sparsity 21.1%
gen 44 offspring [28/100] k= 24 (used  23.0) c=0.931 alpha=-0.059 beta=+0.173 | loss 3.1302 (delta +0.2448) size 309.4 MB sparsity 15.6%
gen 44 offspring [29/100] k=124 (used 123.0) c=0.913 alpha=-0.052 beta=+0.037 | loss 2.8990 (delta +0.0137) size 433.3 MB sparsity 3.9%
gen 44 offspring [30/100] k= 16 (used  16.0) c=0.850 alpha=-0.230 beta=+0.075 | loss 3.4996 (delta +0.6142) size 246.8 MB sparsity 21.6%
gen 44 offspring [31/100] k= 16 (used  16.0) c=0.933 alpha=-0.142 beta=+0.030 | loss 3.7219 (delta +0.8366) size 245.7 MB sparsity 23.1%
gen 44 offspring [32/100] k= 30 (used  28.0) c=0.943 alpha=-0.081 beta=+0.319 | loss 3.4169 (delta +0.5316) size 308.6 MB sparsity 19.2%
gen 44 offspring [33/100] k= 16 (used  16.0) c=0.870 alpha=-0.109 beta=+0.396 | loss 3.7967 (delta +0.9114) size 242.5 MB sparsity 27.3%
gen 44 offspring [34/100] k= 33 (used  33.0) c=0.822 alpha=-0.125 beta=+0.032 | loss 2.9876 (delta +0.1023) size 339.9 MB sparsity 10.2%
gen 44 offspring [35/100] k=133 (used 133.0) c=0.992 alpha=-0.012 beta=+0.006 | loss 2.8951 (delta +0.0098) size 495.0 MB sparsity 2.7%
gen 44 offspring [36/100] k=140 (used  75.0) c=0.960 alpha=-0.025 beta=+0.060 | loss 2.9087 (delta +0.0234) size 433.3 MB sparsity 3.8%
gen 44 offspring [37/100] k= 16 (used  16.0) c=0.849 alpha=-0.047 beta=+0.298 | loss 3.5362 (delta +0.6508) size 246.3 MB sparsity 23.5%
gen 44 offspring [38/100] k= 25 (used  25.0) c=0.938 alpha=-0.065 beta=+0.012 | loss 3.0915 (delta +0.2062) size 309.7 MB sparsity 13.9%
gen 44 offspring [39/100] k= 38 (used  15.0) c=0.744 alpha=-0.104 beta=+0.012 | loss 3.5555 (delta +0.6702) size 248.0 MB sparsity 8.4%
gen 44 offspring [40/100] k= 37 (used  37.0) c=0.967 alpha=-0.094 beta=+0.025 | loss 2.9793 (delta +0.0939) size 371.5 MB sparsity 9.7%
gen 44 offspring [41/100] k= 67 (used  35.0) c=0.741 alpha=-0.018 beta=+0.003 | loss 3.0532 (delta +0.1678) size 371.5 MB sparsity 4.1%
gen 44 offspring [42/100] k= 16 (used  16.0) c=0.852 alpha=-0.025 beta=+0.317 | loss 3.6054 (delta +0.7200) size 245.9 MB sparsity 24.2%
gen 44 offspring [43/100] k= 31 (used  30.0) c=0.853 alpha=-0.111 beta=+0.403 | loss 3.6551 (delta +0.7698) size 304.4 MB sparsity 21.7%
gen 44 offspring [44/100] k= 16 (used  16.0) c=0.846 alpha=-0.009 beta=+0.001 | loss 3.4837 (delta +0.5983) size 246.9 MB sparsity 21.1%
gen 44 offspring [45/100] k= 16 (used  16.0) c=0.850 alpha=-0.263 beta=+0.351 | loss 3.7348 (delta +0.8495) size 243.9 MB sparsity 26.7%
gen 44 offspring [46/100] k= 32 (used  17.0) c=0.798 alpha=-0.004 beta=+0.003 | loss 3.2488 (delta +0.3634) size 286.2 MB sparsity 9.5%
gen 44 offspring [47/100] k= 16 (used  15.0) c=0.746 alpha=-0.273 beta=+0.041 | loss 4.2405 (delta +1.3552) size 247.5 MB sparsity 21.2%
gen 44 offspring [48/100] k= 16 (used  16.0) c=0.849 alpha=-0.216 beta=+0.286 | loss 3.5263 (delta +0.6410) size 246.4 MB sparsity 23.4%
gen 44 offspring [49/100] k= 16 (used   9.0) c=0.850 alpha=-0.067 beta=+0.001 | loss 6.2396 (delta +3.3542) size 208.8 MB sparsity 21.2%
gen 44 offspring [50/100] k= 33 (used  17.0) c=0.855 alpha=-0.070 beta=+0.061 | loss 3.2694 (delta +0.3840) size 286.1 MB sparsity 9.6%
gen 44 offspring [51/100] k= 16 (used  16.0) c=0.822 alpha=-0.253 beta=+0.001 | loss 3.5379 (delta +0.6526) size 247.0 MB sparsity 21.7%
gen 44 offspring [52/100] k= 29 (used  29.0) c=0.794 alpha=-0.060 beta=+0.056 | loss 3.0262 (delta +0.1408) size 309.8 MB sparsity 10.2%
gen 44 offspring [53/100] k=124 (used 124.0) c=0.924 alpha=-0.020 beta=+0.002 | loss 2.8947 (delta +0.0094) size 433.3 MB sparsity 2.7%
gen 44 offspring [54/100] k= 30 (used  15.0) c=0.971 alpha=-0.036 beta=+0.059 | loss 3.6497 (delta +0.7644) size 248.0 MB sparsity 12.4%
gen 44 offspring [55/100] k=134 (used 129.9) c=0.860 alpha=-0.205 beta=+0.006 | loss 2.9481 (delta +0.0627) size 494.9 MB sparsity 9.7%
gen 44 offspring [56/100] k= 16 (used  16.0) c=0.850 alpha=-0.109 beta=+0.342 | loss 3.6242 (delta +0.7389) size 245.4 MB sparsity 25.1%
gen 44 offspring [57/100] k= 21 (used  20.0) c=0.940 alpha=-0.071 beta=+0.354 | loss 4.1097 (delta +1.2244) size 300.5 MB sparsity 23.0%
gen 44 offspring [58/100] k=164 (used 162.7) c=0.842 alpha=-0.007 beta=+0.232 | loss 2.9633 (delta +0.0780) size 495.0 MB sparsity 10.6%
gen 44 offspring [59/100] k= 21 (used  21.0) c=0.939 alpha=-0.075 beta=+0.143 | loss 3.2051 (delta +0.3198) size 308.6 MB sparsity 16.6%
gen 44 offspring [60/100] k= 33 (used  17.0) c=0.821 alpha=-0.068 beta=+0.013 | loss 3.2232 (delta +0.3378) size 287.0 MB sparsity 9.2%
gen 44 offspring [61/100] k= 21 (used  17.0) c=0.910 alpha=-0.134 beta=+0.053 | loss 3.2410 (delta +0.3556) size 270.0 MB sparsity 16.1%
gen 44 offspring [62/100] k= 16 (used  16.0) c=0.864 alpha=-0.066 beta=+0.003 | loss 3.5419 (delta +0.6565) size 246.7 MB sparsity 21.5%
gen 44 offspring [63/100] k= 43 (used  43.0) c=0.971 alpha=-0.060 beta=+0.050 | loss 2.9544 (delta +0.0690) size 371.5 MB sparsity 8.3%
gen 44 offspring [64/100] k= 25 (used  24.0) c=0.938 alpha=-0.188 beta=+0.012 | loss 3.2888 (delta +0.4035) size 309.6 MB sparsity 15.3%
gen 44 offspring [65/100] k= 44 (used  23.0) c=0.757 alpha=-0.036 beta=+0.001 | loss 3.0896 (delta +0.2043) size 309.8 MB sparsity 6.5%
gen 44 offspring [66/100] k= 37 (used  37.0) c=0.967 alpha=-0.039 beta=+0.025 | loss 2.9784 (delta +0.0930) size 371.5 MB sparsity 9.6%
gen 44 offspring [67/100] k= 16 (used  16.0) c=0.850 alpha=-0.028 beta=+0.311 | loss 3.5857 (delta +0.7004) size 246.1 MB sparsity 24.0%
gen 44 offspring [68/100] k= 16 (used  16.0) c=0.743 alpha=-0.184 beta=+0.004 | loss 3.4473 (delta +0.5620) size 247.7 MB sparsity 18.8%
gen 44 offspring [69/100] k= 30 (used  15.0) c=0.968 alpha=-0.066 beta=+0.030 | loss 3.6364 (delta +0.7511) size 248.0 MB sparsity 12.3%
gen 44 offspring [70/100] k= 30 (used  15.0) c=0.998 alpha=-0.068 beta=+0.000 | loss 3.7041 (delta +0.8187) size 248.0 MB sparsity 12.7%
gen 44 offspring [71/100] k= 16 (used  16.0) c=0.796 alpha=-0.005 beta=+0.065 | loss 3.4797 (delta +0.5944) size 247.4 MB sparsity 19.9%
gen 44 offspring [72/100] k= 16 (used  16.0) c=0.810 alpha=-0.295 beta=+0.351 | loss 3.9116 (delta +1.0262) size 241.9 MB sparsity 27.5%
gen 44 offspring [73/100] k= 33 (used  33.0) c=0.840 alpha=-0.002 beta=+0.002 | loss 2.9829 (delta +0.0975) size 342.4 MB sparsity 9.4%
gen 44 offspring [74/100] k= 22 (used  13.0) c=0.991 alpha=-0.024 beta=+0.018 | loss 4.8962 (delta +2.0109) size 248.0 MB sparsity 17.5%
gen 44 offspring [75/100] k= 67 (used  65.0) c=0.934 alpha=-0.020 beta=+0.326 | loss 3.1038 (delta +0.2184) size 374.2 MB sparsity 15.9%
gen 44 offspring [76/100] k= 65 (used  64.0) c=0.865 alpha=-0.040 beta=+0.384 | loss 3.2552 (delta +0.3698) size 366.3 MB sparsity 18.1%
gen 44 offspring [77/100] k= 21 (used  21.0) c=0.937 alpha=-0.060 beta=+0.170 | loss 3.2088 (delta +0.3235) size 308.7 MB sparsity 16.8%
gen 44 offspring [78/100] k= 16 (used  16.0) c=0.864 alpha=-0.192 beta=+0.343 | loss 3.6721 (delta +0.7868) size 245.1 MB sparsity 25.3%
gen 44 offspring [79/100] k= 16 (used  14.0) c=0.780 alpha=-0.059 beta=+0.003 | loss 3.4934 (delta +0.6080) size 247.5 MB sparsity 19.5%
gen 44 offspring [80/100] k= 17 (used  16.0) c=0.812 alpha=-0.288 beta=+0.050 | loss 4.0643 (delta +1.1789) size 247.6 MB sparsity 21.3%
gen 44 offspring [81/100] k= 23 (used  23.0) c=0.974 alpha=-0.102 beta=+0.039 | loss 3.1789 (delta +0.2935) size 309.1 MB sparsity 15.7%
gen 44 offspring [82/100] k= 16 (used  16.0) c=0.850 alpha=-0.023 beta=+0.265 | loss 3.5132 (delta +0.6278) size 246.7 MB sparsity 22.5%
gen 44 offspring [83/100] k= 30 (used  29.0) c=0.999 alpha=-0.102 beta=+0.024 | loss 3.0824 (delta +0.1970) size 309.8 MB sparsity 12.7%
gen 44 offspring [84/100] k= 33 (used  33.0) c=0.968 alpha=-0.072 beta=+0.106 | loss 3.0077 (delta +0.1223) size 337.9 MB sparsity 10.9%
gen 44 offspring [85/100] k= 32 (used  32.0) c=0.923 alpha=-0.073 beta=+0.118 | loss 3.0007 (delta +0.1154) size 309.8 MB sparsity 11.3%
gen 44 offspring [86/100] k= 16 (used  10.0) c=0.763 alpha=-0.028 beta=+0.120 | loss 5.5473 (delta +2.6619) size 247.6 MB sparsity 19.1%
gen 44 offspring [87/100] k= 33 (used  32.0) c=0.800 alpha=-0.043 beta=+0.304 | loss 3.2026 (delta +0.3172) size 309.7 MB sparsity 17.1%
gen 44 offspring [88/100] k= 16 (used  16.0) c=0.743 alpha=-0.217 beta=+0.407 | loss 3.8410 (delta +0.9556) size 243.7 MB sparsity 26.8%
gen 44 offspring [89/100] k= 34 (used  17.0) c=0.985 alpha=-0.039 beta=+0.004 | loss 3.3975 (delta +0.5122) size 282.6 MB sparsity 11.0%
gen 44 offspring [90/100] k= 30 (used  30.0) c=0.937 alpha=-0.047 beta=+0.252 | loss 3.1002 (delta +0.2148) size 309.6 MB sparsity 16.6%
gen 44 offspring [91/100] k= 36 (used  35.0) c=0.818 alpha=-0.087 beta=+0.288 | loss 3.1474 (delta +0.2620) size 370.3 MB sparsity 16.3%
gen 44 offspring [92/100] k= 17 (used  17.0) c=0.961 alpha=-0.023 beta=+0.009 | loss 3.5285 (delta +0.6432) size 258.0 MB sparsity 21.0%
gen 44 offspring [93/100] k=125 (used 125.0) c=0.988 alpha=-0.014 beta=+0.008 | loss 2.8924 (delta +0.0071) size 433.3 MB sparsity 2.9%
gen 44 offspring [94/100] k= 30 (used  17.0) c=0.970 alpha=-0.175 beta=+0.122 | loss 3.6293 (delta +0.7439) size 275.1 MB sparsity 14.0%
gen 44 offspring [95/100] k= 16 (used  16.0) c=0.853 alpha=-0.183 beta=+0.041 | loss 3.5024 (delta +0.6171) size 246.8 MB sparsity 21.3%
gen 44 offspring [96/100] k= 37 (used  37.0) c=0.731 alpha=-0.038 beta=+0.025 | loss 3.0135 (delta +0.1281) size 371.5 MB sparsity 7.3%
gen 44 offspring [97/100] k= 33 (used  17.0) c=0.793 alpha=-0.033 beta=+0.004 | loss 3.2145 (delta +0.3292) size 287.8 MB sparsity 8.9%
gen 44 offspring [98/100] k= 16 (used  15.0) c=0.969 alpha=-0.240 beta=+0.023 | loss 3.9319 (delta +1.0465) size 245.1 MB sparsity 24.1%
gen 44 offspring [99/100] k=129 (used 127.5) c=0.852 alpha=-0.028 beta=+0.317 | loss 3.0754 (delta +0.1901) size 432.2 MB sparsity 14.4%
gen 44 offspring [100/100] k= 17 (used  17.0) c=0.851 alpha=-0.008 beta=+0.302 | loss 3.4445 (delta +0.5592) size 254.9 MB sparsity 22.2%
=== generation 44/50 done in 551s (0 reused), batch baseline 2.8854, HV 0.18402, front 100 points, 100/100 feasible, best delta loss +0.0035, smallest 241.5 MB
gen 45 offspring [1/100] k=124 (used  63.0) c=0.998 alpha=-0.013 beta=+0.118 | loss 2.9273 (delta +0.0419) size 371.5 MB sparsity 6.5%
gen 45 offspring [2/100] k= 16 (used  15.0) c=0.857 alpha=-0.018 beta=+0.468 | loss 5.8603 (delta +2.9749) size 236.6 MB sparsity 29.6%
gen 45 offspring [3/100] k= 16 (used  16.0) c=0.846 alpha=-0.295 beta=+0.351 | loss 3.8044 (delta +0.9191) size 241.5 MB sparsity 27.6%
gen 45 offspring [4/100] k= 30 (used  16.0) c=0.771 alpha=-0.109 beta=+0.000 | loss 3.3063 (delta +0.4210) size 248.0 MB sparsity 10.2%
gen 45 offspring [5/100] k= 67 (used  67.0) c=0.931 alpha=-0.023 beta=+0.003 | loss 2.9136 (delta +0.0283) size 433.3 MB sparsity 5.1%
gen 45 offspring [6/100] k= 17 (used  17.0) c=0.851 alpha=-0.057 beta=+0.000 | loss 3.3357 (delta +0.4503) size 263.6 MB sparsity 18.7%
gen 45 offspring [7/100] k= 16 (used  15.0) c=0.934 alpha=-0.079 beta=+0.049 | loss 3.7368 (delta +0.8515) size 245.7 MB sparsity 23.1%
gen 45 offspring [8/100] k= 17 (used  17.0) c=0.808 alpha=-0.177 beta=+0.048 | loss 3.3383 (delta +0.4529) size 265.5 MB sparsity 17.9%
gen 45 offspring [9/100] k= 33 (used  17.0) c=0.752 alpha=-0.033 beta=+0.004 | loss 3.2211 (delta +0.3357) size 288.9 MB sparsity 8.4%
gen 45 offspring [10/100] k= 18 (used  17.0) c=0.948 alpha=-0.136 beta=+0.053 | loss 3.4907 (delta +0.6053) size 258.7 MB sparsity 20.7%
gen 45 offspring [11/100] k= 16 (used  16.0) c=0.752 alpha=-0.178 beta=+0.041 | loss 3.4592 (delta +0.5738) size 247.7 MB sparsity 18.9%
gen 45 offspring [12/100] k= 16 (used  16.0) c=0.852 alpha=-0.260 beta=+0.348 | loss 3.7340 (delta +0.8486) size 244.2 MB sparsity 26.5%
gen 45 offspring [13/100] k= 16 (used  16.0) c=0.856 alpha=-0.022 beta=+0.299 | loss 3.5676 (delta +0.6822) size 246.2 MB sparsity 23.7%
gen 45 offspring [14/100] k= 29 (used  29.0) c=0.921 alpha=-0.093 beta=+0.023 | loss 3.0315 (delta +0.1462) size 309.8 MB sparsity 11.7%
gen 45 offspring [15/100] k= 32 (used  31.0) c=0.857 alpha=-0.048 beta=+0.423 | loss 3.4367 (delta +0.5513) size 302.9 MB sparsity 22.2%
gen 45 offspring [16/100] k= 30 (used  16.0) c=0.870 alpha=-0.109 beta=+0.342 | loss 4.7315 (delta +1.8461) size 248.0 MB sparsity 19.7%
gen 45 offspring [17/100] k= 24 (used  23.0) c=0.924 alpha=-0.020 beta=+0.004 | loss 3.1171 (delta +0.2318) size 309.4 MB sparsity 14.9%
gen 45 offspring [18/100] k= 45 (used  45.0) c=0.812 alpha=-0.015 beta=+0.066 | loss 2.9531 (delta +0.0677) size 371.5 MB sparsity 6.7%
gen 45 offspring [19/100] k= 43 (used  43.0) c=0.972 alpha=-0.097 beta=+0.042 | loss 2.9584 (delta +0.0730) size 371.5 MB sparsity 8.7%
gen 45 offspring [20/100] k= 29 (used  29.0) c=0.978 alpha=-0.065 beta=+0.003 | loss 3.0499 (delta +0.1646) size 309.8 MB sparsity 12.5%
gen 45 offspring [21/100] k= 16 (used   9.0) c=0.848 alpha=-0.058 beta=+0.016 | loss 6.1585 (delta +3.2732) size 208.9 MB sparsity 21.1%
gen 45 offspring [22/100] k= 40 (used  40.0) c=0.791 alpha=-0.095 beta=+0.025 | loss 2.9721 (delta +0.0867) size 371.5 MB sparsity 8.1%
gen 45 offspring [23/100] k=164 (used 160.0) c=0.988 alpha=-0.005 beta=+0.004 | loss 2.8899 (delta +0.0046) size 495.0 MB sparsity 2.2%
gen 45 offspring [24/100] k= 31 (used  17.0) c=0.760 alpha=-0.095 beta=+0.127 | loss 3.2408 (delta +0.3554) size 284.2 MB sparsity 10.4%
gen 45 offspring [25/100] k= 53 (used  53.0) c=0.796 alpha=-0.057 beta=+0.000 | loss 2.9435 (delta +0.0581) size 371.5 MB sparsity 5.6%
gen 45 offspring [26/100] k= 16 (used  16.0) c=0.871 alpha=-0.109 beta=+0.342 | loss 3.6744 (delta +0.7890) size 245.1 MB sparsity 25.4%
gen 45 offspring [27/100] k= 33 (used  33.0) c=0.822 alpha=-0.072 beta=+0.032 | loss 2.9829 (delta +0.0976) size 343.1 MB sparsity 9.2%
gen 45 offspring [28/100] k=254 (used 251.0) c=0.936 alpha=-0.007 beta=+0.025 | loss 2.8906 (delta +0.0052) size 495.1 MB sparsity 1.8%
gen 45 offspring [29/100] k= 24 (used  23.0) c=0.959 alpha=-0.014 beta=+0.059 | loss 3.1508 (delta +0.2655) size 309.2 MB sparsity 15.4%
gen 45 offspring [30/100] k= 30 (used  30.0) c=0.808 alpha=-0.026 beta=+0.022 | loss 3.0094 (delta +0.1240) size 309.8 MB sparsity 10.3%
gen 45 offspring [31/100] k= 40 (used  40.0) c=0.948 alpha=-0.068 beta=+0.004 | loss 2.9594 (delta +0.0740) size 371.5 MB sparsity 9.0%
gen 45 offspring [32/100] k= 32 (used  32.0) c=0.747 alpha=-0.033 beta=+0.004 | loss 2.9915 (delta +0.1061) size 309.8 MB sparsity 8.9%
gen 45 offspring [33/100] k= 39 (used  39.0) c=0.968 alpha=-0.083 beta=+0.025 | loss 2.9645 (delta +0.0791) size 371.5 MB sparsity 9.2%
gen 45 offspring [34/100] k= 33 (used  33.0) c=0.727 alpha=-0.002 beta=+0.000 | loss 3.0120 (delta +0.1266) size 346.3 MB sparsity 8.2%
gen 45 offspring [35/100] k= 16 (used  16.0) c=0.884 alpha=-0.109 beta=+0.342 | loss 3.7018 (delta +0.8165) size 244.9 MB sparsity 25.6%
gen 45 offspring [36/100] k= 16 (used  16.0) c=0.848 alpha=-0.001 beta=+0.298 | loss 3.5358 (delta +0.6504) size 246.3 MB sparsity 23.5%
gen 45 offspring [37/100] k= 16 (used  10.0) c=0.850 alpha=-0.086 beta=+0.351 | loss 6.3205 (delta +3.4352) size 245.2 MB sparsity 25.4%
gen 45 offspring [38/100] k=125 (used 125.0) c=0.988 alpha=-0.014 beta=+0.004 | loss 2.8924 (delta +0.0071) size 433.3 MB sparsity 2.9%
gen 45 offspring [39/100] k= 16 (used  15.0) c=0.850 alpha=-0.235 beta=+0.351 | loss 4.7390 (delta +1.8537) size 244.8 MB sparsity 25.9%
gen 45 offspring [40/100] k= 16 (used  15.0) c=0.967 alpha=-0.020 beta=+0.351 | loss 4.0359 (delta +1.1505) size 243.0 MB sparsity 27.0%
gen 45 offspring [41/100] k= 66 (used  65.0) c=0.903 alpha=-0.041 beta=+0.206 | loss 2.9636 (delta +0.0783) size 391.9 MB sparsity 11.2%
gen 45 offspring [42/100] k= 16 (used  16.0) c=0.850 alpha=-0.247 beta=+0.407 | loss 3.8445 (delta +0.9591) size 240.1 MB sparsity 28.2%
gen 45 offspring [43/100] k= 22 (used  13.0) c=0.982 alpha=-0.060 beta=+0.078 | loss 4.8153 (delta +1.9299) size 248.0 MB sparsity 17.3%
gen 45 offspring [44/100] k= 16 (used  16.0) c=0.840 alpha=-0.022 beta=+0.265 | loss 3.5406 (delta +0.6552) size 246.7 MB sparsity 22.4%
gen 45 offspring [45/100] k= 21 (used  17.0) c=0.910 alpha=-0.097 beta=+0.053 | loss 3.2406 (delta +0.3552) size 270.0 MB sparsity 16.1%
gen 45 offspring [46/100] k= 16 (used  14.0) c=0.948 alpha=-0.268 beta=+0.452 | loss 5.6648 (delta +2.7794) size 233.3 MB sparsity 31.0%
gen 45 offspring [47/100] k= 32 (used  32.0) c=0.723 alpha=-0.071 beta=+0.008 | loss 3.0090 (delta +0.1237) size 309.8 MB sparsity 8.7%
gen 45 offspring [48/100] k= 16 (used  16.0) c=0.852 alpha=-0.270 beta=+0.320 | loss 3.7062 (delta +0.8208) size 245.1 MB sparsity 25.8%
gen 45 offspring [49/100] k= 33 (used  33.0) c=0.821 alpha=-0.125 beta=+0.032 | loss 2.9891 (delta +0.1037) size 340.0 MB sparsity 10.2%
gen 45 offspring [50/100] k= 21 (used  15.0) c=0.902 alpha=-0.077 beta=+0.019 | loss 3.3439 (delta +0.4586) size 248.0 MB sparsity 16.0%
gen 45 offspring [51/100] k= 27 (used  26.0) c=0.800 alpha=-0.005 beta=+0.305 | loss 3.3018 (delta +0.4165) size 309.3 MB sparsity 18.1%
gen 45 offspring [52/100] k= 66 (used  63.0) c=0.847 alpha=-0.142 beta=+0.365 | loss 3.1680 (delta +0.2826) size 355.8 MB sparsity 20.9%
gen 45 offspring [53/100] k= 16 (used  16.0) c=0.847 alpha=-0.320 beta=+0.351 | loss 3.8545 (delta +0.9692) size 239.4 MB sparsity 28.5%
gen 45 offspring [54/100] k= 31 (used  31.0) c=0.948 alpha=-0.047 beta=+0.252 | loss 3.0761 (delta +0.1908) size 309.7 MB sparsity 16.2%
gen 45 offspring [55/100] k= 32 (used  18.0) c=0.910 alpha=-0.068 beta=+0.004 | loss 3.3847 (delta +0.4994) size 309.8 MB sparsity 10.9%
gen 45 offspring [56/100] k=108 (used 106.0) c=0.909 alpha=-0.050 beta=+0.059 | loss 2.9103 (delta +0.0249) size 433.3 MB sparsity 4.7%
gen 45 offspring [57/100] k= 30 (used  13.0) c=0.751 alpha=-0.069 beta=+0.004 | loss 4.4021 (delta +1.5168) size 248.0 MB sparsity 9.6%
gen 45 offspring [58/100] k= 24 (used  23.0) c=0.931 alpha=-0.059 beta=+0.216 | loss 3.1618 (delta +0.2765) size 309.1 MB sparsity 17.0%
gen 45 offspring [59/100] k= 16 (used  16.0) c=0.849 alpha=-0.116 beta=+0.265 | loss 3.5074 (delta +0.6221) size 246.7 MB sparsity 22.5%
gen 45 offspring [60/100] k= 19 (used  11.0) c=0.765 alpha=-0.012 beta=+0.120 | loss 4.3454 (delta +1.4600) size 248.0 MB sparsity 15.1%
gen 45 offspring [61/100] k= 16 (used  15.0) c=0.950 alpha=-0.254 beta=+0.313 | loss 3.9504 (delta +1.0651) size 244.4 MB sparsity 25.9%
gen 45 offspring [62/100] k= 16 (used  16.0) c=0.778 alpha=-0.068 beta=+0.083 | loss 3.4581 (delta +0.5728) size 247.5 MB sparsity 19.5%
gen 45 offspring [63/100] k= 16 (used  15.0) c=0.851 alpha=-0.235 beta=+0.355 | loss 4.7617 (delta +1.8764) size 244.6 MB sparsity 26.1%
gen 45 offspring [64/100] k= 19 (used  19.0) c=0.930 alpha=-0.177 beta=+0.045 | loss 3.2945 (delta +0.4091) size 307.6 MB sparsity 18.3%
gen 45 offspring [65/100] k= 23 (used  23.0) c=0.915 alpha=-0.102 beta=+0.058 | loss 3.1374 (delta +0.2520) size 309.5 MB sparsity 14.8%
gen 45 offspring [66/100] k= 44 (used  42.9) c=0.745 alpha=-0.217 beta=+0.400 | loss 3.3918 (delta +0.5065) size 339.5 MB sparsity 25.3%
gen 45 offspring [67/100] k= 31 (used  31.0) c=0.971 alpha=-0.060 beta=+0.056 | loss 3.0251 (delta +0.1397) size 309.8 MB sparsity 11.6%
gen 45 offspring [68/100] k= 21 (used  21.0) c=0.943 alpha=-0.078 beta=+0.144 | loss 3.2032 (delta +0.3178) size 308.6 MB sparsity 16.7%
gen 45 offspring [69/100] k= 31 (used  31.0) c=0.797 alpha=-0.060 beta=+0.050 | loss 2.9997 (delta +0.1144) size 309.8 MB sparsity 9.5%
gen 45 offspring [70/100] k= 33 (used  33.0) c=0.918 alpha=-0.050 beta=+0.055 | loss 3.0084 (delta +0.1231) size 339.8 MB sparsity 10.3%
gen 45 offspring [71/100] k= 33 (used  17.0) c=0.751 alpha=-0.123 beta=+0.003 | loss 3.2453 (delta +0.3600) size 285.9 MB sparsity 9.7%
gen 45 offspring [72/100] k= 78 (used  77.0) c=0.993 alpha=-0.015 beta=+0.006 | loss 2.9085 (delta +0.0232) size 433.3 MB sparsity 4.7%
gen 45 offspring [73/100] k= 43 (used  43.0) c=0.950 alpha=-0.039 beta=+0.011 | loss 2.9470 (delta +0.0616) size 371.5 MB sparsity 8.1%
gen 45 offspring [74/100] k= 16 (used  15.0) c=0.928 alpha=-0.161 beta=+0.048 | loss 3.7365 (delta +0.8511) size 245.8 MB sparsity 23.0%
gen 45 offspring [75/100] k= 27 (used  27.0) c=0.954 alpha=-0.073 beta=+0.362 | loss 3.3165 (delta +0.4312) size 305.5 MB sparsity 21.4%
gen 45 offspring [76/100] k= 16 (used   7.0) c=0.824 alpha=-0.178 beta=+0.041 | loss 9.2046 (delta +6.3193) size 186.3 MB sparsity 20.6%
gen 45 offspring [77/100] k= 21 (used  15.0) c=0.902 alpha=-0.077 beta=+0.019 | loss 3.3439 (delta +0.4586) size 248.0 MB sparsity 16.0%
gen 45 offspring [78/100] k= 16 (used  16.0) c=0.862 alpha=-0.014 beta=+0.034 | loss 3.5373 (delta +0.6519) size 246.7 MB sparsity 21.5%
gen 45 offspring [79/100] k= 22 (used  21.0) c=0.958 alpha=-0.102 beta=+0.059 | loss 3.2443 (delta +0.3589) size 308.5 MB sparsity 16.9%
gen 45 offspring [80/100] k= 24 (used  23.0) c=0.973 alpha=-0.089 beta=+0.031 | loss 3.1706 (delta +0.2852) size 309.1 MB sparsity 15.7%
gen 45 offspring [81/100] k=115 (used 113.0) c=0.975 alpha=-0.256 beta=+0.040 | loss 2.9757 (delta +0.0904) size 433.2 MB sparsity 12.4%
gen 45 offspring [82/100] k= 31 (used  30.0) c=0.807 alpha=-0.177 beta=+0.045 | loss 3.0632 (delta +0.1779) size 309.8 MB sparsity 12.4%
gen 45 offspring [83/100] k= 40 (used  39.0) c=0.844 alpha=-0.258 beta=+0.011 | loss 3.0654 (delta +0.1800) size 371.3 MB sparsity 14.7%
gen 45 offspring [84/100] k= 24 (used  23.0) c=0.931 alpha=-0.058 beta=+0.021 | loss 3.1237 (delta +0.2384) size 309.4 MB sparsity 15.0%
gen 45 offspring [85/100] k= 16 (used  16.0) c=0.850 alpha=-0.263 beta=+0.351 | loss 3.7393 (delta +0.8540) size 243.9 MB sparsity 26.7%
gen 45 offspring [86/100] k= 29 (used  29.0) c=0.911 alpha=-0.052 beta=+0.055 | loss 3.0429 (delta +0.1575) size 309.8 MB sparsity 11.6%
gen 45 offspring [87/100] k= 26 (used  24.0) c=0.981 alpha=-0.248 beta=+0.169 | loss 3.4643 (delta +0.5790) size 308.8 MB sparsity 18.5%
gen 45 offspring [88/100] k= 21 (used  21.0) c=0.841 alpha=-0.084 beta=+0.157 | loss 3.1406 (delta +0.2553) size 309.4 MB sparsity 15.2%
gen 45 offspring [89/100] k= 33 (used  33.0) c=0.936 alpha=-0.081 beta=+0.003 | loss 2.9981 (delta +0.1127) size 339.2 MB sparsity 10.5%
gen 45 offspring [90/100] k= 29 (used  29.0) c=0.940 alpha=-0.085 beta=+0.051 | loss 3.0300 (delta +0.1447) size 309.8 MB sparsity 12.0%
gen 45 offspring [91/100] k= 32 (used  31.0) c=0.959 alpha=-0.060 beta=+0.055 | loss 3.0155 (delta +0.1301) size 309.8 MB sparsity 11.4%
gen 45 offspring [92/100] k= 30 (used  13.0) c=0.793 alpha=-0.033 beta=+0.004 | loss 4.6027 (delta +1.7173) size 248.0 MB sparsity 10.1%
gen 45 offspring [93/100] k= 16 (used  16.0) c=0.838 alpha=-0.295 beta=+0.351 | loss 3.8682 (delta +0.9828) size 241.6 MB sparsity 27.6%
gen 45 offspring [94/100] k= 21 (used  21.0) c=0.806 alpha=-0.062 beta=+0.164 | loss 3.1523 (delta +0.2669) size 309.6 MB sparsity 14.9%
gen 45 offspring [95/100] k= 29 (used  29.0) c=0.978 alpha=-0.065 beta=+0.014 | loss 3.0494 (delta +0.1640) size 309.8 MB sparsity 12.5%
gen 45 offspring [96/100] k= 23 (used  23.0) c=0.982 alpha=-0.116 beta=+0.059 | loss 3.1848 (delta +0.2994) size 309.1 MB sparsity 15.8%
gen 45 offspring [97/100] k= 33 (used  19.0) c=0.755 alpha=-0.029 beta=+0.000 | loss 3.2206 (delta +0.3353) size 309.8 MB sparsity 8.5%
gen 45 offspring [98/100] k= 16 (used  16.0) c=0.845 alpha=-0.229 beta=+0.351 | loss 3.6582 (delta +0.7728) size 245.0 MB sparsity 25.8%
gen 45 offspring [99/100] k= 30 (used  30.0) c=0.759 alpha=-0.110 beta=+0.000 | loss 3.0179 (delta +0.1326) size 309.8 MB sparsity 10.1%
gen 45 offspring [100/100] k= 19 (used  19.0) c=0.928 alpha=-0.011 beta=+0.023 | loss 3.2977 (delta +0.4124) size 307.6 MB sparsity 18.1%
=== generation 45/50 done in 548s (0 reused), batch baseline 2.8854, HV 0.18403, front 100 points, 100/100 feasible, best delta loss +0.0035, smallest 239.4 MB
gen 46 offspring [1/100] k= 16 (used  16.0) c=0.850 alpha=-0.295 beta=+0.351 | loss 3.7904 (delta +0.9050) size 241.5 MB sparsity 27.7%
gen 46 offspring [2/100] k= 16 (used  16.0) c=0.780 alpha=-0.064 beta=+0.034 | loss 3.4565 (delta +0.5712) size 247.5 MB sparsity 19.5%
gen 46 offspring [3/100] k= 16 (used  15.0) c=0.910 alpha=-0.097 beta=+0.021 | loss 3.7089 (delta +0.8236) size 246.1 MB sparsity 22.6%
gen 46 offspring [4/100] k=141 (used 141.0) c=0.935 alpha=-0.015 beta=+0.025 | loss 2.8935 (delta +0.0082) size 495.0 MB sparsity 2.5%
gen 46 offspring [5/100] k= 17 (used  17.0) c=0.808 alpha=-0.125 beta=+0.032 | loss 3.3426 (delta +0.4572) size 265.9 MB sparsity 17.8%
gen 46 offspring [6/100] k= 31 (used  31.0) c=0.865 alpha=-0.139 beta=+0.387 | loss 3.2787 (delta +0.3933) size 303.6 MB sparsity 22.0%
gen 46 offspring [7/100] k= 16 (used  16.0) c=0.794 alpha=-0.032 beta=+0.342 | loss 3.6628 (delta +0.7775) size 246.1 MB sparsity 24.3%
gen 46 offspring [8/100] k= 16 (used  15.0) c=0.916 alpha=-0.046 beta=+0.054 | loss 3.7349 (delta +0.8495) size 246.0 MB sparsity 22.7%
gen 46 offspring [9/100] k= 22 (used  21.0) c=0.943 alpha=-0.025 beta=+0.039 | loss 3.2037 (delta +0.3183) size 308.6 MB sparsity 16.7%
gen 46 offspring [10/100] k= 18 (used  17.0) c=0.943 alpha=-0.149 beta=+0.164 | loss 3.4873 (delta +0.6019) size 258.9 MB sparsity 20.6%
gen 46 offspring [11/100] k= 33 (used  33.0) c=0.828 alpha=-0.018 beta=+0.001 | loss 2.9858 (delta +0.1004) size 342.9 MB sparsity 9.3%
gen 46 offspring [12/100] k= 16 (used  16.0) c=0.850 alpha=-0.216 beta=+0.443 | loss 3.9131 (delta +1.0277) size 238.4 MB sparsity 28.9%
gen 46 offspring [13/100] k= 16 (used  16.0) c=0.850 alpha=-0.023 beta=+0.406 | loss 3.7869 (delta +0.9016) size 242.2 MB sparsity 27.4%
gen 46 offspring [14/100] k= 64 (used  63.0) c=0.850 alpha=-0.029 beta=+0.242 | loss 2.9919 (delta +0.1066) size 371.5 MB sparsity 12.5%
gen 46 offspring [15/100] k= 16 (used  16.0) c=0.850 alpha=-0.253 beta=+0.294 | loss 3.5994 (delta +0.7140) size 246.1 MB sparsity 24.4%
gen 46 offspring [16/100] k= 65 (used  63.8) c=0.924 alpha=-0.109 beta=+0.342 | loss 3.1347 (delta +0.2494) size 364.0 MB sparsity 18.7%
gen 46 offspring [17/100] k= 28 (used  26.0) c=0.978 alpha=-0.020 beta=+0.020 | loss 3.0818 (delta +0.1964) size 309.8 MB sparsity 13.4%
gen 46 offspring [18/100] k= 16 (used  15.0) c=0.859 alpha=-0.232 beta=+0.351 | loss 4.7739 (delta +1.8885) size 244.7 MB sparsity 26.0%
gen 46 offspring [19/100] k= 17 (used  16.0) c=0.852 alpha=-0.024 beta=+0.317 | loss 4.2827 (delta +1.3973) size 247.0 MB sparsity 22.8%
gen 46 offspring [20/100] k= 25 (used  25.0) c=0.847 alpha=-0.070 beta=+0.065 | loss 3.0993 (delta +0.2140) size 309.8 MB sparsity 12.6%
gen 46 offspring [21/100] k= 33 (used  33.0) c=0.815 alpha=-0.057 beta=+0.060 | loss 2.9887 (delta +0.1033) size 343.3 MB sparsity 9.1%
gen 46 offspring [22/100] k= 16 (used  16.0) c=0.850 alpha=-0.008 beta=+0.227 | loss 3.4799 (delta +0.5946) size 246.8 MB sparsity 21.6%
gen 46 offspring [23/100] k= 29 (used  29.0) c=0.777 alpha=-0.068 beta=+0.000 | loss 3.0270 (delta +0.1416) size 309.8 MB sparsity 9.9%
gen 46 offspring [24/100] k= 21 (used  21.0) c=0.746 alpha=-0.098 beta=+0.041 | loss 3.1712 (delta +0.2859) size 309.8 MB sparsity 13.3%
gen 46 offspring [25/100] k= 17 (used  16.0) c=0.808 alpha=-0.177 beta=+0.003 | loss 3.3556 (delta +0.4703) size 247.9 MB sparsity 17.9%
gen 46 offspring [26/100] k= 95 (used  95.0) c=0.965 alpha=-0.025 beta=+0.002 | loss 2.8976 (delta +0.0122) size 433.3 MB sparsity 3.7%
gen 46 offspring [27/100] k= 16 (used  16.0) c=0.857 alpha=-0.249 beta=+0.348 | loss 3.6996 (delta +0.8143) size 244.5 MB sparsity 26.2%
gen 46 offspring [28/100] k= 33 (used  33.0) c=0.744 alpha=-0.038 beta=+0.004 | loss 3.0073 (delta +0.1219) size 345.7 MB sparsity 8.4%
gen 46 offspring [29/100] k= 24 (used  23.0) c=0.846 alpha=-0.094 beta=+0.216 | loss 3.3876 (delta +0.5022) size 309.5 MB sparsity 16.2%
gen 46 offspring [30/100] k= 16 (used  15.0) c=0.934 alpha=-0.253 beta=+0.351 | loss 3.8767 (delta +0.9913) size 243.0 MB sparsity 27.0%
gen 46 offspring [31/100] k= 17 (used  17.0) c=0.928 alpha=-0.011 beta=+0.023 | loss 3.4552 (delta +0.5698) size 259.7 MB sparsity 20.3%
gen 46 offspring [32/100] k= 16 (used  15.0) c=0.869 alpha=-0.112 beta=+0.311 | loss 4.6428 (delta +1.7574) size 245.8 MB sparsity 24.3%
gen 46 offspring [33/100] k= 30 (used  16.0) c=0.757 alpha=-0.068 beta=+0.001 | loss 3.2799 (delta +0.3945) size 248.0 MB sparsity 9.7%
gen 46 offspring [34/100] k= 21 (used  21.0) c=0.905 alpha=-0.079 beta=+0.020 | loss 3.1938 (delta +0.3084) size 309.0 MB sparsity 16.0%
gen 46 offspring [35/100] k= 16 (used  16.0) c=0.850 alpha=-0.235 beta=+0.351 | loss 3.6618 (delta +0.7764) size 244.8 MB sparsity 25.9%
gen 46 offspring [36/100] k= 33 (used  30.0) c=0.828 alpha=-0.015 beta=+0.001 | loss 2.9910 (delta +0.1056) size 309.8 MB sparsity 9.3%
gen 46 offspring [37/100] k= 16 (used  16.0) c=0.928 alpha=-0.295 beta=+0.351 | loss 3.9455 (delta +1.0601) size 240.5 MB sparsity 28.0%
gen 46 offspring [38/100] k= 16 (used   9.0) c=0.793 alpha=-0.033 beta=+0.346 | loss 6.0463 (delta +3.1609) size 202.7 MB sparsity 24.5%
gen 46 offspring [39/100] k= 38 (used  37.0) c=0.968 alpha=-0.099 beta=+0.027 | loss 2.9808 (delta +0.0955) size 371.5 MB sparsity 9.8%
gen 46 offspring [40/100] k= 33 (used  32.0) c=0.820 alpha=-0.248 beta=+0.407 | loss 3.4794 (delta +0.5941) size 288.5 MB sparsity 26.9%
gen 46 offspring [41/100] k= 23 (used  23.0) c=0.954 alpha=-0.103 beta=+0.050 | loss 3.1343 (delta +0.2489) size 309.2 MB sparsity 15.4%
gen 46 offspring [42/100] k= 33 (used  17.0) c=0.744 alpha=-0.135 beta=+0.265 | loss 3.5846 (delta +0.6992) size 268.1 MB sparsity 16.9%
gen 46 offspring [43/100] k= 33 (used  33.0) c=0.800 alpha=-0.057 beta=+0.001 | loss 2.9816 (delta +0.0962) size 343.8 MB sparsity 9.0%
gen 46 offspring [44/100] k= 33 (used  32.0) c=0.822 alpha=-0.164 beta=+0.001 | loss 3.0343 (delta +0.1490) size 309.8 MB sparsity 11.7%
gen 46 offspring [45/100] k= 21 (used  13.0) c=0.912 alpha=-0.253 beta=+0.053 | loss 4.7263 (delta +1.8410) size 248.0 MB sparsity 19.0%
gen 46 offspring [46/100] k= 16 (used  15.0) c=0.846 alpha=-0.254 beta=+0.351 | loss 4.7217 (delta +1.8364) size 244.3 MB sparsity 26.4%
gen 46 offspring [47/100] k=179 (used 178.0) c=0.995 alpha=-0.004 beta=+0.005 | loss 2.8912 (delta +0.0058) size 495.0 MB sparsity 2.0%
gen 46 offspring [48/100] k= 21 (used  21.0) c=0.852 alpha=-0.260 beta=+0.346 | loss 3.5194 (delta +0.6341) size 293.0 MB sparsity 25.4%
gen 46 offspring [49/100] k= 64 (used  33.0) c=0.975 alpha=-0.025 beta=+0.040 | loss 3.0098 (delta +0.1244) size 354.0 MB sparsity 5.7%
gen 46 offspring [50/100] k= 33 (used  32.0) c=0.822 alpha=-0.177 beta=+0.048 | loss 3.0364 (delta +0.1511) size 309.8 MB sparsity 12.2%
gen 46 offspring [51/100] k= 16 (used  15.0) c=0.937 alpha=-0.048 beta=+0.316 | loss 3.8141 (delta +0.9287) size 244.8 MB sparsity 25.4%
gen 46 offspring [52/100] k= 33 (used  17.0) c=0.849 alpha=-0.110 beta=+0.003 | loss 3.2643 (delta +0.3790) size 285.2 MB sparsity 9.9%
gen 46 offspring [53/100] k= 64 (used  62.0) c=0.744 alpha=-0.182 beta=+0.074 | loss 2.9889 (delta +0.1035) size 371.5 MB sparsity 10.8%
gen 46 offspring [54/100] k= 17 (used  11.0) c=0.910 alpha=-0.136 beta=+0.053 | loss 5.7760 (delta +2.8906) size 247.4 MB sparsity 19.9%
gen 46 offspring [55/100] k=111 (used  65.0) c=0.975 alpha=-0.078 beta=+0.145 | loss 2.9340 (delta +0.0487) size 398.5 MB sparsity 9.4%
gen 46 offspring [56/100] k= 38 (used  37.0) c=0.968 alpha=-0.095 beta=+0.024 | loss 2.9805 (delta +0.0951) size 371.5 MB sparsity 9.7%
gen 46 offspring [57/100] k= 16 (used  15.0) c=0.871 alpha=-0.260 beta=+0.351 | loss 4.8350 (delta +1.9497) size 243.7 MB sparsity 26.7%
gen 46 offspring [58/100] k= 31 (used  25.0) c=0.928 alpha=-0.011 beta=+0.004 | loss 3.0332 (delta +0.1478) size 309.8 MB sparsity 11.1%
gen 46 offspring [59/100] k=164 (used 162.0) c=0.997 alpha=-0.005 beta=+0.004 | loss 2.8895 (delta +0.0042) size 495.0 MB sparsity 2.2%
gen 46 offspring [60/100] k= 16 (used  16.0) c=0.850 alpha=-0.248 beta=+0.275 | loss 3.5772 (delta +0.6919) size 246.5 MB sparsity 23.7%
gen 46 offspring [61/100] k= 17 (used  17.0) c=0.934 alpha=-0.040 beta=+0.011 | loss 3.4724 (delta +0.5870) size 259.4 MB sparsity 20.4%
gen 46 offspring [62/100] k= 17 (used  17.0) c=0.877 alpha=-0.024 beta=+0.003 | loss 3.3711 (delta +0.4858) size 262.3 MB sparsity 19.2%
gen 46 offspring [63/100] k= 16 (used  15.0) c=0.846 alpha=-0.013 beta=+0.352 | loss 4.7224 (delta +1.8371) size 245.2 MB sparsity 25.4%
gen 46 offspring [64/100] k= 17 (used  17.0) c=0.781 alpha=-0.194 beta=+0.018 | loss 3.3645 (delta +0.4791) size 265.9 MB sparsity 17.8%
gen 46 offspring [65/100] k= 16 (used  16.0) c=0.850 alpha=-0.010 beta=+0.317 | loss 3.5948 (delta +0.7095) size 245.9 MB sparsity 24.2%
gen 46 offspring [66/100] k= 16 (used  15.0) c=0.932 alpha=-0.316 beta=+0.358 | loss 4.0287 (delta +1.1434) size 238.2 MB sparsity 29.0%
gen 46 offspring [67/100] k= 24 (used  23.0) c=0.943 alpha=-0.102 beta=+0.001 | loss 3.1427 (delta +0.2574) size 309.3 MB sparsity 15.2%
gen 46 offspring [68/100] k= 16 (used  15.0) c=0.794 alpha=-0.027 beta=+0.292 | loss 4.4194 (delta +1.5341) size 246.9 MB sparsity 22.6%
gen 46 offspring [69/100] k= 33 (used  17.0) c=0.923 alpha=-0.068 beta=+0.004 | loss 3.3575 (delta +0.4721) size 284.3 MB sparsity 10.3%
gen 46 offspring [70/100] k= 16 (used  15.0) c=0.936 alpha=-0.178 beta=+0.144 | loss 3.7314 (delta +0.8460) size 245.7 MB sparsity 23.2%
gen 46 offspring [71/100] k= 29 (used  29.0) c=0.982 alpha=-0.060 beta=+0.048 | loss 3.0620 (delta +0.1767) size 309.8 MB sparsity 12.5%
gen 46 offspring [72/100] k= 46 (used  25.0) c=0.975 alpha=-0.025 beta=+0.040 | loss 3.1381 (delta +0.2528) size 309.8 MB sparsity 8.0%
gen 46 offspring [73/100] k=125 (used 125.0) c=0.966 alpha=-0.014 beta=+0.004 | loss 2.8942 (delta +0.0088) size 433.3 MB sparsity 2.8%
gen 46 offspring [74/100] k=169 (used  83.0) c=0.987 alpha=-0.055 beta=+0.004 | loss 2.9115 (delta +0.0262) size 433.3 MB sparsity 3.4%
gen 46 offspring [75/100] k= 16 (used  16.0) c=0.932 alpha=-0.285 beta=+0.351 | loss 3.9210 (delta +1.0357) size 241.1 MB sparsity 27.8%
gen 46 offspring [76/100] k= 78 (used  78.0) c=0.850 alpha=-0.029 beta=+0.025 | loss 2.9202 (delta +0.0349) size 433.3 MB sparsity 4.0%
gen 46 offspring [77/100] k= 29 (used  26.0) c=0.850 alpha=-0.005 beta=+0.305 | loss 3.2880 (delta +0.4027) size 309.3 MB sparsity 18.1%
gen 46 offspring [78/100] k= 16 (used  16.0) c=0.876 alpha=-0.026 beta=+0.342 | loss 3.6729 (delta +0.7875) size 245.0 MB sparsity 25.5%
gen 46 offspring [79/100] k= 16 (used  15.0) c=0.865 alpha=-0.142 beta=+0.388 | loss 4.9940 (delta +2.1086) size 243.3 MB sparsity 26.9%
gen 46 offspring [80/100] k=164 (used 163.0) c=0.992 alpha=-0.004 beta=+0.005 | loss 2.8899 (delta +0.0046) size 495.0 MB sparsity 2.2%
gen 46 offspring [81/100] k= 16 (used  16.0) c=0.850 alpha=-0.263 beta=+0.351 | loss 3.7385 (delta +0.8532) size 243.9 MB sparsity 26.7%
gen 46 offspring [82/100] k= 16 (used  16.0) c=0.805 alpha=-0.194 beta=+0.066 | loss 3.5050 (delta +0.6196) size 247.3 MB sparsity 20.2%
gen 46 offspring [83/100] k= 67 (used  35.0) c=0.848 alpha=-0.024 beta=+0.003 | loss 2.9854 (delta +0.1001) size 371.5 MB sparsity 4.6%
gen 46 offspring [84/100] k= 31 (used  30.0) c=0.850 alpha=-0.109 beta=+0.005 | loss 3.1036 (delta +0.2183) size 309.8 MB sparsity 10.4%
gen 46 offspring [85/100] k= 24 (used  23.0) c=0.931 alpha=-0.055 beta=+0.171 | loss 3.1309 (delta +0.2455) size 309.4 MB sparsity 15.6%
gen 46 offspring [86/100] k= 16 (used  16.0) c=0.852 alpha=-0.124 beta=+0.033 | loss 3.5070 (delta +0.6217) size 246.8 MB sparsity 21.2%
gen 46 offspring [87/100] k= 29 (used  29.0) c=0.926 alpha=-0.084 beta=+0.060 | loss 3.0245 (delta +0.1392) size 309.8 MB sparsity 11.8%
gen 46 offspring [88/100] k= 16 (used  16.0) c=0.850 alpha=-0.197 beta=+0.006 | loss 3.4816 (delta +0.5962) size 246.8 MB sparsity 21.2%
gen 46 offspring [89/100] k= 65 (used  65.0) c=0.934 alpha=-0.015 beta=+0.025 | loss 2.9137 (delta +0.0284) size 413.8 MB sparsity 5.3%
gen 46 offspring [90/100] k= 64 (used  64.0) c=0.914 alpha=-0.050 beta=+0.061 | loss 2.9161 (delta +0.0307) size 371.5 MB sparsity 5.6%
gen 46 offspring [91/100] k= 16 (used  16.0) c=0.851 alpha=-0.071 beta=+0.351 | loss 3.6582 (delta +0.7728) size 245.1 MB sparsity 25.4%
gen 46 offspring [92/100] k= 42 (used  41.0) c=0.948 alpha=-0.039 beta=+0.252 | loss 3.0944 (delta +0.2090) size 371.2 MB sparsity 14.8%
gen 46 offspring [93/100] k= 39 (used  38.0) c=0.850 alpha=-0.026 beta=+0.335 | loss 3.1523 (delta +0.2669) size 367.4 MB sparsity 17.8%
gen 46 offspring [94/100] k= 55 (used  54.0) c=0.991 alpha=-0.051 beta=+0.079 | loss 2.9580 (delta +0.0727) size 371.5 MB sparsity 7.0%
gen 46 offspring [95/100] k= 32 (used  32.0) c=0.840 alpha=-0.000 beta=+0.053 | loss 3.0106 (delta +0.1252) size 309.8 MB sparsity 10.0%
gen 46 offspring [96/100] k= 16 (used  15.0) c=0.969 alpha=-0.105 beta=+0.018 | loss 3.9221 (delta +1.0367) size 245.1 MB sparsity 24.0%
gen 46 offspring [97/100] k= 33 (used  32.0) c=0.954 alpha=-0.187 beta=+0.051 | loss 3.0905 (delta +0.2052) size 309.8 MB sparsity 13.4%
gen 46 offspring [98/100] k= 33 (used  33.0) c=0.959 alpha=-0.002 beta=+0.004 | loss 3.0021 (delta +0.1168) size 338.4 MB sparsity 10.7%
gen 46 offspring [99/100] k= 16 (used  16.0) c=0.781 alpha=-0.005 beta=+0.036 | loss 3.4625 (delta +0.5771) size 247.5 MB sparsity 19.5%
gen 46 offspring [100/100] k=184 (used 182.0) c=0.992 alpha=-0.062 beta=+0.003 | loss 2.8919 (delta +0.0065) size 495.0 MB sparsity 3.6%
=== generation 46/50 done in 550s (0 reused), batch baseline 2.8854, HV 0.18403, front 100 points, 100/100 feasible, best delta loss +0.0035, smallest 239.4 MB
gen 47 offspring [1/100] k= 20 (used  20.0) c=0.843 alpha=-0.237 beta=+0.328 | loss 3.5078 (delta +0.6224) size 297.2 MB sparsity 24.1%
gen 47 offspring [2/100] k= 24 (used  22.0) c=0.959 alpha=-0.142 beta=+0.401 | loss 4.4228 (delta +1.5375) size 297.0 MB sparsity 24.1%
gen 47 offspring [3/100] k= 16 (used  15.0) c=0.937 alpha=-0.009 beta=+0.289 | loss 3.7687 (delta +0.8834) size 245.3 MB sparsity 24.6%
gen 47 offspring [4/100] k= 25 (used  23.0) c=0.851 alpha=-0.257 beta=+0.332 | loss 4.1186 (delta +1.2332) size 295.6 MB sparsity 24.6%
gen 47 offspring [5/100] k= 16 (used  16.0) c=0.858 alpha=-0.263 beta=+0.000 | loss 3.5916 (delta +0.7062) size 246.6 MB sparsity 22.6%
gen 47 offspring [6/100] k=180 (used 178.0) c=0.995 alpha=-0.007 beta=+0.005 | loss 2.8909 (delta +0.0056) size 495.0 MB sparsity 2.0%
gen 47 offspring [7/100] k= 19 (used  19.0) c=0.911 alpha=-0.097 beta=+0.429 | loss 3.6915 (delta +0.8061) size 290.1 MB sparsity 26.4%
gen 47 offspring [8/100] k= 45 (used  44.0) c=0.936 alpha=-0.168 beta=+0.025 | loss 2.9923 (delta +0.1069) size 371.5 MB sparsity 11.0%
gen 47 offspring [9/100] k= 16 (used  16.0) c=0.844 alpha=-0.253 beta=+0.358 | loss 3.7128 (delta +0.8275) size 244.0 MB sparsity 26.6%
gen 47 offspring [10/100] k= 43 (used  43.0) c=0.968 alpha=-0.106 beta=+0.041 | loss 2.9582 (delta +0.0729) size 371.5 MB sparsity 9.0%
gen 47 offspring [11/100] k= 31 (used  16.0) c=0.923 alpha=-0.050 beta=+0.068 | loss 3.4311 (delta +0.5457) size 248.0 MB sparsity 11.0%
gen 47 offspring [12/100] k= 31 (used  30.0) c=0.978 alpha=-0.275 beta=+0.003 | loss 3.2423 (delta +0.3569) size 309.5 MB sparsity 17.3%
gen 47 offspring [13/100] k= 29 (used  29.0) c=0.740 alpha=-0.079 beta=+0.050 | loss 3.0324 (delta +0.1470) size 309.8 MB sparsity 9.5%
gen 47 offspring [14/100] k= 64 (used  64.0) c=0.858 alpha=-0.032 beta=+0.061 | loss 2.9270 (delta +0.0417) size 371.5 MB sparsity 5.3%
gen 47 offspring [15/100] k= 16 (used  16.0) c=0.850 alpha=-0.026 beta=+0.227 | loss 3.4799 (delta +0.5946) size 246.8 MB sparsity 21.6%
gen 47 offspring [16/100] k= 16 (used  14.0) c=0.846 alpha=-0.235 beta=+0.351 | loss 4.7758 (delta +1.8904) size 244.9 MB sparsity 25.9%
gen 47 offspring [17/100] k= 16 (used  16.0) c=0.929 alpha=-0.058 beta=+0.341 | loss 3.8169 (delta +0.9315) size 244.1 MB sparsity 26.1%
gen 47 offspring [18/100] k= 21 (used  15.0) c=0.902 alpha=-0.077 beta=+0.020 | loss 3.3439 (delta +0.4586) size 248.0 MB sparsity 16.0%
gen 47 offspring [19/100] k= 37 (used  36.0) c=0.968 alpha=-0.077 beta=+0.138 | loss 3.0519 (delta +0.1666) size 371.5 MB sparsity 10.9%
gen 47 offspring [20/100] k= 16 (used  15.0) c=0.850 alpha=-0.066 beta=+0.424 | loss 5.2129 (delta +2.3275) size 240.6 MB sparsity 28.0%
gen 47 offspring [21/100] k= 16 (used  16.0) c=0.850 alpha=-0.215 beta=+0.343 | loss 3.6331 (delta +0.7478) size 245.3 MB sparsity 25.3%
gen 47 offspring [22/100] k=164 (used 164.0) c=0.988 alpha=-0.005 beta=+0.004 | loss 2.8899 (delta +0.0045) size 495.0 MB sparsity 2.2%
gen 47 offspring [23/100] k= 16 (used  16.0) c=0.850 alpha=-0.029 beta=+0.261 | loss 3.5046 (delta +0.6192) size 246.7 MB sparsity 22.4%
gen 47 offspring [24/100] k= 33 (used  32.0) c=0.850 alpha=-0.220 beta=+0.002 | loss 3.0709 (delta +0.1855) size 309.8 MB sparsity 14.0%
gen 47 offspring [25/100] k= 44 (used  23.0) c=0.840 alpha=-0.068 beta=+0.013 | loss 3.2096 (delta +0.3243) size 309.8 MB sparsity 7.2%
gen 47 offspring [26/100] k= 46 (used  44.0) c=0.796 alpha=-0.022 beta=+0.002 | loss 2.9554 (delta +0.0700) size 371.5 MB sparsity 6.5%
gen 47 offspring [27/100] k= 39 (used  39.0) c=0.957 alpha=-0.106 beta=+0.034 | loss 2.9663 (delta +0.0810) size 371.5 MB sparsity 9.5%
gen 47 offspring [28/100] k= 17 (used  17.0) c=0.943 alpha=-0.132 beta=+0.145 | loss 3.4873 (delta +0.6019) size 258.9 MB sparsity 20.6%
gen 47 offspring [29/100] k= 16 (used  16.0) c=0.812 alpha=-0.059 beta=+0.214 | loss 3.4722 (delta +0.5869) size 247.2 MB sparsity 20.6%
gen 47 offspring [30/100] k= 33 (used  33.0) c=0.816 alpha=-0.050 beta=+0.001 | loss 2.9940 (delta +0.1086) size 343.3 MB sparsity 9.2%
gen 47 offspring [31/100] k= 16 (used  16.0) c=0.793 alpha=-0.035 beta=+0.138 | loss 3.4793 (delta +0.5940) size 247.4 MB sparsity 19.8%
gen 47 offspring [32/100] k= 67 (used  67.0) c=0.931 alpha=-0.016 beta=+0.003 | loss 2.9136 (delta +0.0283) size 433.3 MB sparsity 5.1%
gen 47 offspring [33/100] k= 16 (used  16.0) c=0.850 alpha=-0.001 beta=+0.301 | loss 3.5620 (delta +0.6767) size 246.2 MB sparsity 23.7%
gen 47 offspring [34/100] k= 16 (used  16.0) c=0.886 alpha=-0.263 beta=+0.348 | loss 3.7952 (delta +0.9099) size 243.7 MB sparsity 26.8%
gen 47 offspring [35/100] k= 16 (used  16.0) c=0.850 alpha=-0.028 beta=+0.311 | loss 3.5857 (delta +0.7004) size 246.1 MB sparsity 24.0%
gen 47 offspring [36/100] k= 33 (used  17.0) c=0.834 alpha=-0.352 beta=+0.003 | loss 3.9486 (delta +1.0632) size 262.6 MB sparsity 19.1%
gen 47 offspring [37/100] k= 38 (used  37.0) c=0.968 alpha=-0.099 beta=+0.054 | loss 2.9808 (delta +0.0955) size 371.5 MB sparsity 9.8%
gen 47 offspring [38/100] k=164 (used 160.0) c=0.988 alpha=-0.005 beta=+0.004 | loss 2.8899 (delta +0.0046) size 495.0 MB sparsity 2.2%
gen 47 offspring [39/100] k= 30 (used  29.0) c=0.852 alpha=-0.025 beta=+0.317 | loss 3.3179 (delta +0.4325) size 309.1 MB sparsity 18.5%
gen 47 offspring [40/100] k= 16 (used  16.0) c=0.850 alpha=-0.247 beta=+0.355 | loss 3.7018 (delta +0.8164) size 244.3 MB sparsity 26.4%
gen 47 offspring [41/100] k= 34 (used  19.0) c=0.975 alpha=-0.025 beta=+0.040 | loss 3.3680 (delta +0.4827) size 309.8 MB sparsity 10.9%
gen 47 offspring [42/100] k= 25 (used  25.0) c=0.935 alpha=-0.063 beta=+0.019 | loss 3.0925 (delta +0.2072) size 309.7 MB sparsity 13.9%
gen 47 offspring [43/100] k= 24 (used  23.0) c=0.959 alpha=-0.014 beta=+0.058 | loss 3.1508 (delta +0.2655) size 309.2 MB sparsity 15.4%
gen 47 offspring [44/100] k= 16 (used  16.0) c=0.850 alpha=-0.109 beta=+0.299 | loss 3.5501 (delta +0.6647) size 246.3 MB sparsity 23.6%
gen 47 offspring [45/100] k= 49 (used  49.0) c=0.934 alpha=-0.044 beta=+0.017 | loss 2.9407 (delta +0.0554) size 371.5 MB sparsity 7.0%
gen 47 offspring [46/100] k= 32 (used  32.0) c=0.808 alpha=-0.048 beta=+0.003 | loss 2.9891 (delta +0.1037) size 309.8 MB sparsity 9.7%
gen 47 offspring [47/100] k=125 (used 124.0) c=0.988 alpha=-0.048 beta=+0.004 | loss 2.8963 (delta +0.0109) size 433.3 MB sparsity 3.5%
gen 47 offspring [48/100] k=124 (used 123.0) c=0.987 alpha=-0.014 beta=+0.004 | loss 2.8941 (delta +0.0088) size 433.3 MB sparsity 2.9%
gen 47 offspring [49/100] k= 16 (used  16.0) c=0.865 alpha=-0.014 beta=+0.046 | loss 3.5420 (delta +0.6566) size 246.7 MB sparsity 21.5%
gen 47 offspring [50/100] k= 29 (used  29.0) c=0.849 alpha=-0.020 beta=+0.323 | loss 3.1478 (delta +0.2624) size 309.0 MB sparsity 18.8%
gen 47 offspring [51/100] k= 16 (used  15.0) c=0.937 alpha=-0.062 beta=+0.032 | loss 3.7378 (delta +0.8524) size 245.6 MB sparsity 23.2%
gen 47 offspring [52/100] k= 33 (used  17.0) c=0.835 alpha=-0.033 beta=+0.388 | loss 5.0301 (delta +2.1447) size 259.2 MB sparsity 20.5%
gen 47 offspring [53/100] k= 33 (used  33.0) c=0.798 alpha=-0.057 beta=+0.001 | loss 2.9811 (delta +0.0958) size 343.9 MB sparsity 8.9%
gen 47 offspring [54/100] k= 16 (used  10.0) c=0.850 alpha=-0.023 beta=+0.046 | loss 5.3833 (delta +2.4980) size 246.8 MB sparsity 21.2%
gen 47 offspring [55/100] k= 17 (used  17.0) c=0.806 alpha=-0.049 beta=+0.003 | loss 3.3498 (delta +0.4644) size 266.0 MB sparsity 17.7%
gen 47 offspring [56/100] k= 21 (used  21.0) c=0.945 alpha=-0.081 beta=+0.069 | loss 3.2237 (delta +0.3383) size 308.6 MB sparsity 16.7%
gen 47 offspring [57/100] k= 24 (used  23.0) c=0.929 alpha=-0.059 beta=+0.166 | loss 3.1258 (delta +0.2404) size 309.4 MB sparsity 15.4%
gen 47 offspring [58/100] k= 62 (used  60.0) c=0.777 alpha=-0.068 beta=+0.061 | loss 2.9589 (delta +0.0736) size 371.5 MB sparsity 5.8%
gen 47 offspring [59/100] k= 16 (used  16.0) c=0.850 alpha=-0.069 beta=+0.359 | loss 3.6620 (delta +0.7766) size 244.9 MB sparsity 25.7%
gen 47 offspring [60/100] k= 34 (used  17.0) c=0.939 alpha=-0.085 beta=+0.004 | loss 3.3692 (delta +0.4838) size 283.8 MB sparsity 10.5%
gen 47 offspring [61/100] k= 17 (used  16.0) c=0.934 alpha=-0.022 beta=+0.285 | loss 4.2865 (delta +1.4012) size 246.8 MB sparsity 22.7%
gen 47 offspring [62/100] k= 29 (used  29.0) c=0.940 alpha=-0.007 beta=+0.144 | loss 3.0342 (delta +0.1489) size 309.8 MB sparsity 12.7%
gen 47 offspring [63/100] k= 16 (used  15.0) c=0.850 alpha=-0.320 beta=+0.605 | loss 18.2528 (delta +15.3674) size 217.5 MB sparsity 37.4%
gen 47 offspring [64/100] k= 24 (used  23.0) c=0.852 alpha=-0.109 beta=+0.273 | loss 3.5219 (delta +0.6366) size 308.8 MB sparsity 18.4%
gen 47 offspring [65/100] k= 21 (used  21.0) c=0.956 alpha=-0.100 beta=+0.033 | loss 3.2452 (delta +0.3599) size 308.5 MB sparsity 16.9%
gen 47 offspring [66/100] k= 33 (used  31.0) c=0.827 alpha=-0.035 beta=+0.001 | loss 2.9879 (delta +0.1025) size 309.8 MB sparsity 9.3%
gen 47 offspring [67/100] k= 33 (used  32.0) c=0.822 alpha=-0.244 beta=+0.018 | loss 3.0800 (delta +0.1947) size 309.8 MB sparsity 14.8%
gen 47 offspring [68/100] k= 16 (used  15.0) c=0.850 alpha=-0.008 beta=+0.328 | loss 4.6881 (delta +1.8028) size 245.7 MB sparsity 24.6%
gen 47 offspring [69/100] k= 16 (used  16.0) c=0.742 alpha=-0.178 beta=+0.041 | loss 3.4490 (delta +0.5636) size 247.8 MB sparsity 18.7%
gen 47 offspring [70/100] k= 16 (used  16.0) c=0.849 alpha=-0.149 beta=+0.311 | loss 3.5789 (delta +0.6936) size 246.1 MB sparsity 24.0%
gen 47 offspring [71/100] k= 16 (used  16.0) c=0.841 alpha=-0.006 beta=+0.365 | loss 3.7166 (delta +0.8313) size 244.8 MB sparsity 25.8%
gen 47 offspring [72/100] k= 29 (used  15.0) c=0.964 alpha=-0.071 beta=+0.083 | loss 3.6412 (delta +0.7559) size 248.0 MB sparsity 12.3%
gen 47 offspring [73/100] k= 30 (used  16.0) c=0.759 alpha=-0.068 beta=+0.068 | loss 3.2817 (delta +0.3964) size 248.0 MB sparsity 9.7%
gen 47 offspring [74/100] k= 20 (used  20.0) c=0.746 alpha=-0.079 beta=+0.041 | loss 3.1700 (delta +0.2847) size 309.5 MB sparsity 14.7%
gen 47 offspring [75/100] k= 24 (used  22.0) c=0.930 alpha=-0.200 beta=+0.068 | loss 3.3510 (delta +0.4656) size 309.2 MB sparsity 16.4%
gen 47 offspring [76/100] k= 64 (used  64.0) c=0.914 alpha=-0.057 beta=+0.061 | loss 2.9162 (delta +0.0308) size 371.5 MB sparsity 5.7%
gen 47 offspring [77/100] k= 16 (used  15.0) c=0.850 alpha=-0.050 beta=+0.339 | loss 4.6659 (delta +1.7805) size 245.5 MB sparsity 25.0%
gen 47 offspring [78/100] k= 32 (used  19.0) c=0.763 alpha=-0.253 beta=+0.357 | loss 3.6910 (delta +0.8057) size 293.8 MB sparsity 25.2%
gen 47 offspring [79/100] k= 16 (used  16.0) c=0.850 alpha=-0.295 beta=+0.354 | loss 3.7939 (delta +0.9085) size 241.2 MB sparsity 27.8%
gen 47 offspring [80/100] k= 16 (used  16.0) c=0.866 alpha=-0.213 beta=+0.343 | loss 3.6697 (delta +0.7843) size 245.1 MB sparsity 25.5%
gen 47 offspring [81/100] k= 16 (used  16.0) c=0.865 alpha=-0.143 beta=+0.388 | loss 3.7744 (delta +0.8890) size 243.3 MB sparsity 26.9%
gen 47 offspring [82/100] k= 16 (used  16.0) c=0.791 alpha=-0.007 beta=+0.351 | loss 3.7084 (delta +0.8231) size 245.9 MB sparsity 24.6%
gen 47 offspring [83/100] k= 32 (used  31.0) c=0.948 alpha=-0.068 beta=+0.004 | loss 3.0074 (delta +0.1220) size 309.8 MB sparsity 11.3%
gen 47 offspring [84/100] k=158 (used 157.0) c=0.995 alpha=-0.007 beta=+0.006 | loss 2.8906 (delta +0.0053) size 495.0 MB sparsity 2.3%
gen 47 offspring [85/100] k= 16 (used   9.0) c=0.786 alpha=-0.068 beta=+0.037 | loss 6.1134 (delta +3.2281) size 211.6 MB sparsity 19.7%
gen 47 offspring [86/100] k= 16 (used  16.0) c=0.850 alpha=-0.254 beta=+0.403 | loss 3.8430 (delta +0.9576) size 240.0 MB sparsity 28.3%
gen 47 offspring [87/100] k=136 (used  69.0) c=0.743 alpha=-0.038 beta=+0.003 | loss 2.9476 (delta +0.0623) size 433.3 MB sparsity 2.6%
gen 47 offspring [88/100] k= 33 (used  33.0) c=0.829 alpha=-0.015 beta=+0.010 | loss 2.9848 (delta +0.0994) size 342.8 MB sparsity 9.3%
gen 47 offspring [89/100] k= 16 (used  16.0) c=0.837 alpha=-0.263 beta=+0.352 | loss 3.7873 (delta +0.9020) size 243.9 MB sparsity 26.7%
gen 47 offspring [90/100] k= 16 (used  16.0) c=0.850 alpha=-0.024 beta=+0.335 | loss 3.6239 (delta +0.7385) size 245.6 MB sparsity 24.8%
gen 47 offspring [91/100] k= 65 (used  65.0) c=0.993 alpha=-0.034 beta=+0.097 | loss 2.9244 (delta +0.0391) size 407.4 MB sparsity 7.0%
gen 47 offspring [92/100] k= 16 (used  15.0) c=0.937 alpha=-0.175 beta=+0.259 | loss 3.7383 (delta +0.8529) size 245.6 MB sparsity 23.8%
gen 47 offspring [93/100] k= 33 (used  32.0) c=0.829 alpha=-0.047 beta=+0.107 | loss 3.0424 (delta +0.1570) size 309.8 MB sparsity 9.7%
gen 47 offspring [94/100] k= 16 (used  12.0) c=0.834 alpha=-0.246 beta=+0.396 | loss 5.8433 (delta +2.9580) size 241.4 MB sparsity 27.7%
gen 47 offspring [95/100] k=164 (used 160.0) c=0.988 alpha=-0.001 beta=+0.004 | loss 2.8899 (delta +0.0046) size 495.0 MB sparsity 2.2%
gen 47 offspring [96/100] k= 65 (used  65.0) c=0.960 alpha=-0.040 beta=+0.055 | loss 2.9223 (delta +0.0370) size 413.0 MB sparsity 5.5%
gen 47 offspring [97/100] k= 30 (used  29.0) c=0.933 alpha=-0.014 beta=+0.241 | loss 3.2468 (delta +0.3615) size 309.7 MB sparsity 16.1%
gen 47 offspring [98/100] k= 29 (used  29.0) c=0.940 alpha=-0.092 beta=+0.051 | loss 3.0301 (delta +0.1448) size 309.8 MB sparsity 12.0%
gen 47 offspring [99/100] k= 16 (used  16.0) c=0.850 alpha=-0.318 beta=+0.351 | loss 3.8463 (delta +0.9609) size 239.5 MB sparsity 28.4%
gen 47 offspring [100/100] k= 32 (used  32.0) c=0.934 alpha=-0.060 beta=+0.026 | loss 3.0073 (delta +0.1219) size 309.8 MB sparsity 11.1%
=== generation 47/50 done in 550s (0 reused), batch baseline 2.8854, HV 0.18412, front 100 points, 100/100 feasible, best delta loss +0.0035, smallest 239.4 MB
gen 48 offspring [1/100] k= 16 (used   9.0) c=0.752 alpha=-0.036 beta=+0.068 | loss 6.0294 (delta +3.1440) size 213.1 MB sparsity 18.8%
gen 48 offspring [2/100] k= 33 (used  33.0) c=0.849 alpha=-0.090 beta=+0.052 | loss 2.9914 (delta +0.1061) size 342.0 MB sparsity 9.6%
gen 48 offspring [3/100] k= 33 (used  33.0) c=0.793 alpha=-0.025 beta=+0.003 | loss 2.9820 (delta +0.0966) size 344.1 MB sparsity 8.9%
gen 48 offspring [4/100] k= 25 (used  25.0) c=0.870 alpha=-0.109 beta=+0.342 | loss 3.2669 (delta +0.3815) size 307.1 MB sparsity 20.6%
gen 48 offspring [5/100] k= 21 (used  13.0) c=0.849 alpha=-0.115 beta=+0.264 | loss 4.3483 (delta +1.4629) size 248.0 MB sparsity 18.8%
gen 48 offspring [6/100] k= 16 (used   9.0) c=0.759 alpha=-0.043 beta=+0.124 | loss 5.8366 (delta +2.9512) size 212.8 MB sparsity 19.0%
gen 48 offspring [7/100] k= 16 (used  16.0) c=0.853 alpha=-0.263 beta=+0.351 | loss 3.7445 (delta +0.8591) size 243.9 MB sparsity 26.7%
gen 48 offspring [8/100] k= 33 (used  32.0) c=0.941 alpha=-0.070 beta=+0.252 | loss 3.1980 (delta +0.3127) size 309.8 MB sparsity 15.8%
gen 48 offspring [9/100] k= 24 (used  23.0) c=0.970 alpha=-0.058 beta=+0.029 | loss 3.1655 (delta +0.2801) size 309.1 MB sparsity 15.6%
gen 48 offspring [10/100] k= 16 (used  16.0) c=0.849 alpha=-0.253 beta=+0.250 | loss 3.5190 (delta +0.6336) size 246.6 MB sparsity 23.1%
gen 48 offspring [11/100] k=139 (used 138.0) c=0.990 alpha=-0.014 beta=+0.004 | loss 2.8924 (delta +0.0070) size 495.0 MB sparsity 2.6%
gen 48 offspring [12/100] k= 33 (used  33.0) c=0.822 alpha=-0.125 beta=+0.060 | loss 2.9876 (delta +0.1023) size 339.9 MB sparsity 10.2%
gen 48 offspring [13/100] k= 51 (used  51.0) c=0.924 alpha=-0.020 beta=+0.002 | loss 2.9341 (delta +0.0488) size 371.5 MB sparsity 6.7%
gen 48 offspring [14/100] k= 70 (used  64.0) c=0.849 alpha=-0.007 beta=+0.289 | loss 3.0351 (delta +0.1497) size 371.5 MB sparsity 14.2%
gen 48 offspring [15/100] k= 16 (used  16.0) c=0.911 alpha=-0.135 beta=+0.347 | loss 3.8278 (delta +0.9425) size 244.3 MB sparsity 26.1%
gen 48 offspring [16/100] k=158 (used 157.0) c=0.827 alpha=-0.038 beta=+0.001 | loss 2.9140 (delta +0.0287) size 495.0 MB sparsity 2.6%
gen 48 offspring [17/100] k=139 (used  71.0) c=0.975 alpha=-0.024 beta=+0.079 | loss 2.9095 (delta +0.0242) size 433.3 MB sparsity 4.6%
gen 48 offspring [18/100] k= 29 (used  28.0) c=0.937 alpha=-0.021 beta=+0.315 | loss 3.4097 (delta +0.5244) size 308.7 MB sparsity 19.0%
gen 48 offspring [19/100] k= 74 (used  72.0) c=0.934 alpha=-0.040 beta=+0.317 | loss 3.0778 (delta +0.1924) size 428.6 MB sparsity 15.4%
gen 48 offspring [20/100] k= 27 (used  15.0) c=0.763 alpha=-0.068 beta=+0.079 | loss 3.3972 (delta +0.5119) size 248.0 MB sparsity 10.5%
gen 48 offspring [21/100] k= 21 (used  21.0) c=0.943 alpha=-0.078 beta=+0.144 | loss 3.2032 (delta +0.3178) size 308.6 MB sparsity 16.7%
gen 48 offspring [22/100] k= 23 (used  23.0) c=0.957 alpha=-0.067 beta=+0.000 | loss 3.1419 (delta +0.2565) size 309.2 MB sparsity 15.4%
gen 48 offspring [23/100] k= 16 (used  16.0) c=0.847 alpha=-0.045 beta=+0.352 | loss 3.6405 (delta +0.7551) size 245.2 MB sparsity 25.4%
gen 48 offspring [24/100] k= 27 (used  27.0) c=0.745 alpha=-0.061 beta=+0.040 | loss 3.0523 (delta +0.1669) size 309.8 MB sparsity 10.3%
gen 48 offspring [25/100] k= 16 (used  15.0) c=0.987 alpha=-0.008 beta=+0.171 | loss 3.9058 (delta +1.0205) size 244.8 MB sparsity 24.4%
gen 48 offspring [26/100] k= 16 (used  16.0) c=0.847 alpha=-0.250 beta=+0.006 | loss 3.5105 (delta +0.6251) size 246.8 MB sparsity 22.0%
gen 48 offspring [27/100] k= 30 (used  16.0) c=0.771 alpha=-0.133 beta=+0.000 | loss 3.3143 (delta +0.4289) size 248.0 MB sparsity 10.9%
gen 48 offspring [28/100] k= 16 (used  16.0) c=0.850 alpha=-0.063 beta=+0.261 | loss 3.5081 (delta +0.6228) size 246.7 MB sparsity 22.4%
gen 48 offspring [29/100] k= 16 (used  16.0) c=0.779 alpha=-0.253 beta=+0.358 | loss 3.8551 (delta +0.9697) size 244.7 MB sparsity 26.3%
gen 48 offspring [30/100] k= 30 (used  17.0) c=0.786 alpha=-0.068 beta=+0.068 | loss 3.3173 (delta +0.4320) size 285.0 MB sparsity 10.1%
gen 48 offspring [31/100] k= 21 (used  20.0) c=0.964 alpha=-0.078 beta=+0.316 | loss 4.1129 (delta +1.2275) size 304.2 MB sparsity 21.8%
gen 48 offspring [32/100] k= 16 (used  15.0) c=0.865 alpha=-0.145 beta=+0.388 | loss 4.9940 (delta +2.1086) size 243.3 MB sparsity 26.9%
gen 48 offspring [33/100] k= 18 (used  17.0) c=0.850 alpha=-0.023 beta=+0.265 | loss 4.0919 (delta +1.2065) size 258.1 MB sparsity 20.9%
gen 48 offspring [34/100] k= 29 (used  29.0) c=0.937 alpha=-0.048 beta=+0.006 | loss 3.0349 (delta +0.1495) size 309.8 MB sparsity 11.9%
gen 48 offspring [35/100] k= 16 (used  16.0) c=0.743 alpha=-0.263 beta=+0.351 | loss 3.8635 (delta +0.9781) size 244.9 MB sparsity 26.2%
gen 48 offspring [36/100] k= 16 (used  15.0) c=0.748 alpha=-0.178 beta=+0.314 | loss 4.5009 (delta +1.6155) size 247.0 MB sparsity 22.8%
gen 48 offspring [37/100] k=158 (used 156.0) c=0.997 alpha=-0.068 beta=+0.006 | loss 2.8928 (delta +0.0074) size 495.0 MB sparsity 4.0%
gen 48 offspring [38/100] k= 37 (used  37.0) c=0.808 alpha=-0.048 beta=+0.000 | loss 2.9763 (delta +0.0909) size 371.5 MB sparsity 8.1%
gen 48 offspring [39/100] k= 43 (used  42.0) c=0.822 alpha=-0.125 beta=+0.032 | loss 2.9875 (delta +0.1021) size 371.5 MB sparsity 8.9%
gen 48 offspring [40/100] k= 29 (used  29.0) c=0.938 alpha=-0.033 beta=+0.005 | loss 3.0355 (delta +0.1502) size 309.8 MB sparsity 12.0%
gen 48 offspring [41/100] k= 16 (used  16.0) c=0.808 alpha=-0.206 beta=+0.263 | loss 3.5086 (delta +0.6232) size 247.0 MB sparsity 22.0%
gen 48 offspring [42/100] k= 21 (used  17.0) c=0.910 alpha=-0.135 beta=+0.053 | loss 3.2413 (delta +0.3560) size 270.0 MB sparsity 16.1%
gen 48 offspring [43/100] k= 16 (used  13.0) c=0.847 alpha=-0.020 beta=+0.352 | loss 4.8368 (delta +1.9515) size 245.2 MB sparsity 25.4%
gen 48 offspring [44/100] k=172 (used 172.0) c=0.743 alpha=-0.006 beta=+0.005 | loss 2.9339 (delta +0.0485) size 495.0 MB sparsity 1.6%
gen 48 offspring [45/100] k= 21 (used  21.0) c=0.970 alpha=-0.081 beta=+0.163 | loss 3.2647 (delta +0.3794) size 308.3 MB sparsity 17.2%
gen 48 offspring [46/100] k= 63 (used  63.0) c=0.844 alpha=-0.013 beta=+0.019 | loss 2.9394 (delta +0.0540) size 371.5 MB sparsity 4.9%
gen 48 offspring [47/100] k= 16 (used  16.0) c=0.808 alpha=-0.177 beta=+0.002 | loss 3.4748 (delta +0.5895) size 247.3 MB sparsity 20.2%
gen 48 offspring [48/100] k= 64 (used  62.0) c=0.933 alpha=-0.015 beta=+0.318 | loss 3.1022 (delta +0.2169) size 371.1 MB sparsity 15.8%
gen 48 offspring [49/100] k= 32 (used  15.0) c=0.997 alpha=-0.068 beta=+0.000 | loss 3.5166 (delta +0.6313) size 248.0 MB sparsity 11.9%
gen 48 offspring [50/100] k= 31 (used  17.0) c=0.763 alpha=-0.041 beta=+0.120 | loss 3.2331 (delta +0.3478) size 285.1 MB sparsity 10.0%
gen 48 offspring [51/100] k= 30 (used  29.0) c=0.844 alpha=-0.068 beta=+0.261 | loss 3.2029 (delta +0.3176) size 309.7 MB sparsity 16.3%
gen 48 offspring [52/100] k= 16 (used  12.0) c=0.959 alpha=-0.047 beta=+0.315 | loss 5.3914 (delta +2.5060) size 244.5 MB sparsity 25.7%
gen 48 offspring [53/100] k= 18 (used   8.0) c=0.847 alpha=-0.328 beta=+0.351 | loss 11.3535 (delta +8.4681) size 186.3 MB sparsity 28.5%
gen 48 offspring [54/100] k= 16 (used  15.0) c=0.917 alpha=-0.026 beta=+0.119 | loss 3.7393 (delta +0.8539) size 246.0 MB sparsity 22.7%
gen 48 offspring [55/100] k= 30 (used  30.0) c=0.844 alpha=-0.253 beta=+0.377 | loss 3.3691 (delta +0.4838) size 291.3 MB sparsity 26.0%
gen 48 offspring [56/100] k= 27 (used  27.0) c=0.979 alpha=-0.060 beta=+0.055 | loss 3.0883 (delta +0.2030) size 309.8 MB sparsity 13.4%
gen 48 offspring [57/100] k= 30 (used  13.0) c=0.741 alpha=-0.046 beta=+0.003 | loss 4.3549 (delta +1.4695) size 248.0 MB sparsity 9.5%
gen 48 offspring [58/100] k= 43 (used  42.0) c=0.931 alpha=-0.098 beta=+0.041 | loss 2.9907 (delta +0.1053) size 371.5 MB sparsity 8.5%
gen 48 offspring [59/100] k= 32 (used  31.0) c=0.946 alpha=-0.047 beta=+0.353 | loss 3.4549 (delta +0.5695) size 307.9 MB sparsity 20.1%
gen 48 offspring [60/100] k= 16 (used  16.0) c=0.862 alpha=-0.022 beta=+0.299 | loss 3.5910 (delta +0.7056) size 246.1 MB sparsity 23.8%
gen 48 offspring [61/100] k= 64 (used  63.0) c=0.914 alpha=-0.133 beta=+0.033 | loss 2.9415 (delta +0.0562) size 371.5 MB sparsity 8.3%
gen 48 offspring [62/100] k= 28 (used  27.0) c=0.996 alpha=-0.044 beta=+0.010 | loss 3.0909 (delta +0.2056) size 309.7 MB sparsity 13.6%
gen 48 offspring [63/100] k= 17 (used  17.0) c=0.936 alpha=-0.024 beta=+0.003 | loss 3.4710 (delta +0.5857) size 259.3 MB sparsity 20.4%
gen 48 offspring [64/100] k= 21 (used  13.0) c=0.850 alpha=-0.296 beta=+0.060 | loss 4.5068 (delta +1.6214) size 248.0 MB sparsity 20.0%
gen 48 offspring [65/100] k= 33 (used  30.0) c=0.994 alpha=-0.004 beta=+0.006 | loss 3.0084 (delta +0.1230) size 309.8 MB sparsity 11.1%
gen 48 offspring [66/100] k= 30 (used  16.0) c=0.786 alpha=-0.068 beta=+0.069 | loss 3.3270 (delta +0.4416) size 248.0 MB sparsity 10.1%
gen 48 offspring [67/100] k= 28 (used  28.0) c=0.849 alpha=-0.047 beta=+0.323 | loss 3.1702 (delta +0.2848) size 308.7 MB sparsity 19.2%
gen 48 offspring [68/100] k= 26 (used  26.0) c=0.937 alpha=-0.047 beta=+0.047 | loss 3.0917 (delta +0.2064) size 309.7 MB sparsity 13.9%
gen 48 offspring [69/100] k= 17 (used  17.0) c=0.820 alpha=-0.177 beta=+0.007 | loss 3.3390 (delta +0.4536) size 265.0 MB sparsity 18.1%
gen 48 offspring [70/100] k= 32 (used  32.0) c=0.934 alpha=-0.030 beta=+0.026 | loss 3.0073 (delta +0.1219) size 309.8 MB sparsity 11.1%
gen 48 offspring [71/100] k= 36 (used  19.0) c=0.772 alpha=-0.103 beta=+0.059 | loss 3.1778 (delta +0.2925) size 309.8 MB sparsity 8.8%
gen 48 offspring [72/100] k= 65 (used  65.0) c=0.908 alpha=-0.028 beta=+0.025 | loss 2.9182 (delta +0.0329) size 414.3 MB sparsity 5.1%
gen 48 offspring [73/100] k= 16 (used  15.0) c=0.978 alpha=-0.153 beta=+0.003 | loss 3.8883 (delta +1.0029) size 244.9 MB sparsity 24.2%
gen 48 offspring [74/100] k=164 (used 161.9) c=0.784 alpha=-0.151 beta=+0.005 | loss 2.9312 (delta +0.0459) size 495.0 MB sparsity 7.2%
gen 48 offspring [75/100] k= 23 (used  22.0) c=0.921 alpha=-0.024 beta=+0.353 | loss 3.8609 (delta +0.9755) size 303.6 MB sparsity 22.0%
gen 48 offspring [76/100] k= 16 (used  15.0) c=0.862 alpha=-0.037 beta=+0.403 | loss 5.0805 (delta +2.1952) size 242.1 MB sparsity 27.4%
gen 48 offspring [77/100] k= 16 (used  16.0) c=0.843 alpha=-0.152 beta=+0.171 | loss 3.4892 (delta +0.6039) size 246.9 MB sparsity 21.0%
gen 48 offspring [78/100] k= 21 (used  21.0) c=0.910 alpha=-0.095 beta=+0.053 | loss 3.1896 (delta +0.3043) size 308.9 MB sparsity 16.1%
gen 48 offspring [79/100] k= 16 (used  15.0) c=0.850 alpha=-0.115 beta=+0.351 | loss 4.7484 (delta +1.8630) size 245.1 MB sparsity 25.4%
gen 48 offspring [80/100] k= 33 (used  32.0) c=0.827 alpha=-0.052 beta=+0.316 | loss 3.2312 (delta +0.3459) size 309.6 MB sparsity 17.7%
gen 48 offspring [81/100] k= 33 (used  17.0) c=0.850 alpha=-0.070 beta=+0.003 | loss 3.2632 (delta +0.3778) size 286.3 MB sparsity 9.5%
gen 48 offspring [82/100] k= 16 (used  16.0) c=0.850 alpha=-0.025 beta=+0.043 | loss 3.4792 (delta +0.5938) size 246.8 MB sparsity 21.2%
gen 48 offspring [83/100] k= 30 (used  16.0) c=0.747 alpha=-0.006 beta=+0.001 | loss 3.2743 (delta +0.3890) size 248.0 MB sparsity 9.6%
gen 48 offspring [84/100] k= 43 (used  43.0) c=0.929 alpha=-0.036 beta=+0.011 | loss 2.9521 (delta +0.0667) size 371.5 MB sparsity 8.0%
gen 48 offspring [85/100] k= 33 (used  17.0) c=0.773 alpha=-0.047 beta=+0.319 | loss 3.8159 (delta +0.9306) size 266.6 MB sparsity 17.5%
gen 48 offspring [86/100] k= 16 (used  16.0) c=0.849 alpha=-0.002 beta=+0.185 | loss 3.4687 (delta +0.5833) size 246.8 MB sparsity 21.2%
gen 48 offspring [87/100] k= 31 (used  17.0) c=0.770 alpha=-0.069 beta=+0.084 | loss 3.2333 (delta +0.3479) size 287.0 MB sparsity 9.2%
gen 48 offspring [88/100] k= 33 (used  33.0) c=0.934 alpha=-0.086 beta=+0.026 | loss 2.9957 (delta +0.1104) size 339.3 MB sparsity 10.4%
gen 48 offspring [89/100] k= 34 (used  17.0) c=0.995 alpha=-0.038 beta=+0.004 | loss 3.4058 (delta +0.5205) size 282.3 MB sparsity 11.1%
gen 48 offspring [90/100] k= 38 (used  38.0) c=0.941 alpha=-0.099 beta=+0.072 | loss 2.9735 (delta +0.0881) size 371.5 MB sparsity 9.6%
gen 48 offspring [91/100] k= 17 (used  15.0) c=0.933 alpha=-0.334 beta=+0.351 | loss 5.6138 (delta +2.7285) size 238.4 MB sparsity 28.9%
gen 48 offspring [92/100] k= 17 (used  16.0) c=0.850 alpha=-0.029 beta=+0.273 | loss 4.1403 (delta +1.2549) size 247.5 MB sparsity 21.2%
gen 48 offspring [93/100] k= 29 (used  29.0) c=0.850 alpha=-0.020 beta=+0.030 | loss 3.0290 (delta +0.1437) size 309.8 MB sparsity 10.9%
gen 48 offspring [94/100] k=167 (used 166.0) c=0.756 alpha=-0.014 beta=+0.078 | loss 2.9277 (delta +0.0424) size 495.0 MB sparsity 4.1%
gen 48 offspring [95/100] k= 43 (used  42.0) c=0.991 alpha=-0.098 beta=+0.049 | loss 3.0036 (delta +0.1183) size 371.5 MB sparsity 8.9%
gen 48 offspring [96/100] k= 28 (used  15.0) c=0.759 alpha=-0.068 beta=+0.099 | loss 3.3841 (delta +0.4987) size 248.0 MB sparsity 10.5%
gen 48 offspring [97/100] k= 16 (used  16.0) c=0.850 alpha=-0.256 beta=+0.017 | loss 3.5460 (delta +0.6606) size 246.7 MB sparsity 22.3%
gen 48 offspring [98/100] k= 44 (used  43.0) c=0.944 alpha=-0.015 beta=+0.143 | loss 3.0044 (delta +0.1190) size 371.5 MB sparsity 10.2%
gen 48 offspring [99/100] k= 16 (used  16.0) c=0.777 alpha=-0.152 beta=+0.074 | loss 3.4491 (delta +0.5638) size 247.5 MB sparsity 19.5%
gen 48 offspring [100/100] k=164 (used 161.3) c=0.994 alpha=-0.015 beta=+0.343 | loss 3.1187 (delta +0.2334) size 481.8 MB sparsity 15.2%
=== generation 48/50 done in 549s (0 reused), batch baseline 2.8854, HV 0.18414, front 100 points, 100/100 feasible, best delta loss +0.0035, smallest 239.4 MB
gen 49 offspring [1/100] k= 16 (used  16.0) c=0.850 alpha=-0.062 beta=+0.328 | loss 3.6156 (delta +0.7303) size 245.7 MB sparsity 24.6%
gen 49 offspring [2/100] k= 33 (used  17.0) c=0.791 alpha=-0.054 beta=+0.013 | loss 3.2164 (delta +0.3310) size 287.9 MB sparsity 8.9%
gen 49 offspring [3/100] k= 67 (used  25.0) c=0.743 alpha=-0.002 beta=+0.003 | loss 3.0987 (delta +0.2134) size 309.8 MB sparsity 4.1%
gen 49 offspring [4/100] k=131 (used 131.0) c=0.990 alpha=-0.017 beta=+0.002 | loss 2.8951 (delta +0.0097) size 495.0 MB sparsity 2.8%
gen 49 offspring [5/100] k= 65 (used  64.0) c=0.934 alpha=-0.001 beta=+0.155 | loss 2.9442 (delta +0.0588) size 371.5 MB sparsity 9.2%
gen 49 offspring [6/100] k= 37 (used  37.0) c=0.968 alpha=-0.099 beta=+0.027 | loss 2.9808 (delta +0.0955) size 371.5 MB sparsity 9.8%
gen 49 offspring [7/100] k= 16 (used  16.0) c=0.850 alpha=-0.253 beta=+0.389 | loss 3.8187 (delta +0.9333) size 241.2 MB sparsity 27.8%
gen 49 offspring [8/100] k= 43 (used  42.0) c=0.947 alpha=-0.048 beta=+0.247 | loss 3.0726 (delta +0.1872) size 371.4 MB sparsity 14.3%
gen 49 offspring [9/100] k= 29 (used  29.0) c=0.987 alpha=-0.008 beta=+0.030 | loss 3.0667 (delta +0.1814) size 309.8 MB sparsity 12.6%
gen 49 offspring [10/100] k= 21 (used  21.0) c=0.942 alpha=-0.078 beta=+0.009 | loss 3.2055 (delta +0.3201) size 308.6 MB sparsity 16.6%
gen 49 offspring [11/100] k= 16 (used  16.0) c=0.853 alpha=-0.164 beta=+0.351 | loss 3.6536 (delta +0.7683) size 245.1 MB sparsity 25.4%
gen 49 offspring [12/100] k= 45 (used  45.0) c=0.949 alpha=-0.039 beta=+0.002 | loss 2.9410 (delta +0.0557) size 371.5 MB sparsity 7.8%
gen 49 offspring [13/100] k= 54 (used  53.0) c=0.991 alpha=-0.044 beta=+0.053 | loss 2.9320 (delta +0.0466) size 371.5 MB sparsity 6.9%
gen 49 offspring [14/100] k= 16 (used  16.0) c=0.892 alpha=-0.253 beta=+0.351 | loss 3.8344 (delta +0.9491) size 243.8 MB sparsity 26.7%
gen 49 offspring [15/100] k= 17 (used  17.0) c=0.850 alpha=-0.020 beta=+0.140 | loss 3.3331 (delta +0.4478) size 263.7 MB sparsity 18.7%
gen 49 offspring [16/100] k= 33 (used  17.0) c=0.943 alpha=-0.081 beta=+0.163 | loss 3.8505 (delta +0.9652) size 279.1 MB sparsity 12.4%
gen 49 offspring [17/100] k= 16 (used  15.0) c=0.849 alpha=-0.215 beta=+0.388 | loss 4.8743 (delta +1.9889) size 243.3 MB sparsity 26.9%
gen 49 offspring [18/100] k= 31 (used  17.0) c=0.761 alpha=-0.095 beta=+0.120 | loss 3.2404 (delta +0.3551) size 284.7 MB sparsity 10.2%
gen 49 offspring [19/100] k=138 (used 135.5) c=0.988 alpha=-0.014 beta=+0.351 | loss 3.1401 (delta +0.2547) size 479.4 MB sparsity 15.7%
gen 49 offspring [20/100] k= 30 (used  30.0) c=0.829 alpha=-0.068 beta=+0.069 | loss 3.0146 (delta +0.1292) size 309.8 MB sparsity 10.6%
gen 49 offspring [21/100] k= 30 (used  30.0) c=0.842 alpha=-0.022 beta=+0.141 | loss 3.0176 (delta +0.1323) size 309.8 MB sparsity 11.7%
gen 49 offspring [22/100] k= 17 (used  17.0) c=0.812 alpha=-0.178 beta=+0.041 | loss 3.3485 (delta +0.4632) size 265.3 MB sparsity 18.0%
gen 49 offspring [23/100] k= 32 (used  32.0) c=0.934 alpha=-0.060 beta=+0.017 | loss 3.0073 (delta +0.1219) size 309.8 MB sparsity 11.1%
gen 49 offspring [24/100] k= 29 (used  29.0) c=0.944 alpha=-0.006 beta=+0.010 | loss 3.0411 (delta +0.1558) size 309.8 MB sparsity 12.0%
gen 49 offspring [25/100] k= 16 (used  16.0) c=0.851 alpha=-0.004 beta=+0.343 | loss 3.6455 (delta +0.7602) size 245.3 MB sparsity 25.1%
gen 49 offspring [26/100] k= 31 (used  30.0) c=0.763 alpha=-0.095 beta=+0.180 | loss 3.0892 (delta +0.2038) size 309.8 MB sparsity 12.4%
gen 49 offspring [27/100] k= 29 (used  29.0) c=0.940 alpha=-0.016 beta=+0.166 | loss 3.0404 (delta +0.1551) size 309.8 MB sparsity 13.4%
gen 49 offspring [28/100] k= 16 (used  16.0) c=0.850 alpha=-0.136 beta=+0.389 | loss 3.7520 (delta +0.8666) size 243.6 MB sparsity 26.8%
gen 49 offspring [29/100] k= 33 (used  13.0) c=0.847 alpha=-0.092 beta=+0.003 | loss 4.3314 (delta +1.4461) size 248.0 MB sparsity 9.6%
gen 49 offspring [30/100] k= 16 (used  16.0) c=0.850 alpha=-0.338 beta=+0.379 | loss 4.0076 (delta +1.1222) size 235.3 MB sparsity 30.2%
gen 49 offspring [31/100] k= 16 (used  12.0) c=0.852 alpha=-0.096 beta=+0.262 | loss 4.7552 (delta +1.8699) size 246.7 MB sparsity 22.5%
gen 49 offspring [32/100] k= 21 (used  20.0) c=0.949 alpha=-0.024 beta=+0.296 | loss 3.9824 (delta +1.0971) size 306.0 MB sparsity 20.9%
gen 49 offspring [33/100] k= 16 (used  16.0) c=0.768 alpha=-0.069 beta=+0.225 | loss 3.4993 (delta +0.6140) size 247.5 MB sparsity 20.0%
gen 49 offspring [34/100] k= 62 (used  32.0) c=0.740 alpha=-0.038 beta=+0.004 | loss 3.0115 (delta +0.1261) size 309.8 MB sparsity 4.5%
gen 49 offspring [35/100] k= 16 (used  16.0) c=0.849 alpha=-0.003 beta=+0.193 | loss 3.4700 (delta +0.5846) size 246.8 MB sparsity 21.2%
gen 49 offspring [36/100] k= 29 (used  29.0) c=0.831 alpha=-0.125 beta=+0.032 | loss 3.0217 (delta +0.1363) size 309.8 MB sparsity 11.2%
gen 49 offspring [37/100] k= 16 (used  15.0) c=0.847 alpha=-0.326 beta=+0.351 | loss 5.0142 (delta +2.1288) size 238.9 MB sparsity 28.7%
gen 49 offspring [38/100] k= 23 (used  23.0) c=0.924 alpha=-0.020 beta=+0.003 | loss 3.1171 (delta +0.2318) size 309.4 MB sparsity 14.9%
gen 49 offspring [39/100] k= 17 (used  17.0) c=0.844 alpha=-0.253 beta=+0.024 | loss 3.3920 (delta +0.5066) size 259.3 MB sparsity 20.4%
gen 49 offspring [40/100] k= 16 (used  15.0) c=0.934 alpha=-0.063 beta=+0.040 | loss 3.7368 (delta +0.8515) size 245.7 MB sparsity 23.1%
gen 49 offspring [41/100] k= 29 (used  28.0) c=0.854 alpha=-0.246 beta=+0.003 | loss 3.1441 (delta +0.2588) size 309.8 MB sparsity 15.8%
gen 49 offspring [42/100] k=139 (used 137.0) c=0.991 alpha=-0.068 beta=+0.002 | loss 2.8956 (delta +0.0102) size 495.0 MB sparsity 4.2%
gen 49 offspring [43/100] k= 16 (used  16.0) c=0.870 alpha=-0.251 beta=+0.466 | loss 4.0276 (delta +1.1423) size 234.3 MB sparsity 30.5%
gen 49 offspring [44/100] k= 17 (used  17.0) c=0.850 alpha=-0.024 beta=+0.335 | loss 3.4869 (delta +0.6016) size 252.0 MB sparsity 23.4%
gen 49 offspring [45/100] k= 33 (used  17.0) c=0.823 alpha=-0.068 beta=+0.003 | loss 3.2313 (delta +0.3459) size 287.0 MB sparsity 9.2%
gen 49 offspring [46/100] k= 38 (used  36.0) c=0.931 alpha=-0.038 beta=+0.004 | loss 2.9751 (delta +0.0897) size 371.5 MB sparsity 9.3%
gen 49 offspring [47/100] k= 28 (used  15.0) c=0.778 alpha=-0.011 beta=+0.109 | loss 3.4129 (delta +0.5275) size 248.0 MB sparsity 10.9%
gen 49 offspring [48/100] k= 33 (used  19.0) c=0.743 alpha=-0.070 beta=+0.118 | loss 3.2225 (delta +0.3371) size 309.8 MB sparsity 9.4%
gen 49 offspring [49/100] k= 17 (used  17.0) c=0.849 alpha=-0.020 beta=+0.265 | loss 3.3781 (delta +0.4928) size 258.1 MB sparsity 20.9%
gen 49 offspring [50/100] k= 31 (used  31.0) c=0.972 alpha=-0.096 beta=+0.047 | loss 3.0236 (delta +0.1382) size 309.8 MB sparsity 11.6%
gen 49 offspring [51/100] k= 16 (used  16.0) c=0.849 alpha=-0.149 beta=+0.293 | loss 3.5317 (delta +0.6464) size 246.4 MB sparsity 23.4%
gen 49 offspring [52/100] k= 26 (used  25.0) c=0.937 alpha=-0.065 beta=+0.146 | loss 3.0939 (delta +0.2086) size 309.7 MB sparsity 14.1%
gen 49 offspring [53/100] k= 16 (used  15.0) c=0.808 alpha=-0.265 beta=+0.298 | loss 4.5360 (delta +1.6507) size 246.3 MB sparsity 24.6%
gen 49 offspring [54/100] k= 23 (used  23.0) c=0.925 alpha=-0.050 beta=+0.011 | loss 3.1188 (delta +0.2334) size 309.4 MB sparsity 14.9%
gen 49 offspring [55/100] k= 28 (used  28.0) c=0.937 alpha=-0.047 beta=+0.279 | loss 3.1775 (delta +0.2922) size 309.1 MB sparsity 18.1%
gen 49 offspring [56/100] k= 17 (used  17.0) c=0.850 alpha=-0.253 beta=+0.351 | loss 3.6313 (delta +0.7460) size 246.0 MB sparsity 25.8%
gen 49 offspring [57/100] k= 20 (used  18.0) c=0.910 alpha=-0.097 beta=+0.295 | loss 4.0959 (delta +1.2105) size 304.9 MB sparsity 21.5%
gen 49 offspring [58/100] k= 21 (used  21.0) c=0.744 alpha=-0.061 beta=+0.003 | loss 3.1751 (delta +0.2898) size 309.8 MB sparsity 13.2%
gen 49 offspring [59/100] k= 16 (used  16.0) c=0.865 alpha=-0.143 beta=+0.343 | loss 3.6594 (delta +0.7740) size 245.1 MB sparsity 25.3%
gen 49 offspring [60/100] k= 33 (used  33.0) c=0.828 alpha=-0.035 beta=+0.001 | loss 2.9854 (delta +0.1001) size 342.9 MB sparsity 9.3%
gen 49 offspring [61/100] k= 16 (used  15.0) c=0.847 alpha=-0.365 beta=+0.009 | loss 4.8133 (delta +1.9280) size 244.7 MB sparsity 25.9%
gen 49 offspring [62/100] k= 28 (used  16.0) c=0.849 alpha=-0.047 beta=+0.344 | loss 3.8424 (delta +0.9571) size 248.0 MB sparsity 20.0%
gen 49 offspring [63/100] k= 16 (used  15.0) c=0.948 alpha=-0.217 beta=+0.363 | loss 3.9390 (delta +1.0536) size 242.6 MB sparsity 27.2%
gen 49 offspring [64/100] k= 16 (used  16.0) c=0.742 alpha=-0.177 beta=+0.003 | loss 3.4482 (delta +0.5629) size 247.8 MB sparsity 18.7%
gen 49 offspring [65/100] k= 16 (used  16.0) c=0.849 alpha=-0.149 beta=+0.322 | loss 3.5972 (delta +0.7119) size 245.9 MB sparsity 24.4%
gen 49 offspring [66/100] k= 41 (used  41.0) c=0.989 alpha=-0.099 beta=+0.027 | loss 2.9627 (delta +0.0774) size 371.5 MB sparsity 9.2%
gen 49 offspring [67/100] k= 16 (used  16.0) c=0.746 alpha=-0.178 beta=+0.034 | loss 3.4438 (delta +0.5584) size 247.7 MB sparsity 18.8%
gen 49 offspring [68/100] k= 16 (used  16.0) c=0.850 alpha=-0.220 beta=+0.305 | loss 3.5749 (delta +0.6895) size 246.1 MB sparsity 24.1%
gen 49 offspring [69/100] k= 16 (used   9.0) c=0.865 alpha=-0.142 beta=+0.390 | loss 6.2336 (delta +3.3483) size 198.0 MB sparsity 27.0%
gen 49 offspring [70/100] k= 32 (used  32.0) c=0.842 alpha=-0.026 beta=+0.003 | loss 3.0139 (delta +0.1285) size 309.8 MB sparsity 10.1%
gen 49 offspring [71/100] k= 21 (used  13.0) c=0.904 alpha=-0.254 beta=+0.020 | loss 4.6672 (delta +1.7819) size 248.0 MB sparsity 18.9%
gen 49 offspring [72/100] k= 16 (used  16.0) c=0.796 alpha=-0.023 beta=+0.406 | loss 3.8183 (delta +0.9329) size 243.8 MB sparsity 26.7%
gen 49 offspring [73/100] k= 16 (used  16.0) c=0.850 alpha=-0.295 beta=+0.354 | loss 3.7896 (delta +0.9043) size 241.1 MB sparsity 27.8%
gen 49 offspring [74/100] k= 21 (used  21.0) c=0.880 alpha=-0.008 beta=+0.053 | loss 3.1710 (delta +0.2857) size 309.2 MB sparsity 15.6%
gen 49 offspring [75/100] k= 16 (used  16.0) c=0.844 alpha=-0.078 beta=+0.158 | loss 3.4834 (delta +0.5981) size 246.9 MB sparsity 21.0%
gen 49 offspring [76/100] k= 30 (used  15.0) c=0.804 alpha=-0.193 beta=+0.000 | loss 3.7417 (delta +0.8563) size 248.0 MB sparsity 13.4%
gen 49 offspring [77/100] k= 33 (used  33.0) c=0.840 alpha=-0.002 beta=+0.000 | loss 2.9829 (delta +0.0975) size 342.4 MB sparsity 9.4%
gen 49 offspring [78/100] k= 35 (used  35.0) c=0.918 alpha=-0.050 beta=+0.061 | loss 2.9837 (delta +0.0984) size 371.5 MB sparsity 9.7%
gen 49 offspring [79/100] k= 16 (used  15.0) c=0.853 alpha=-0.258 beta=+0.342 | loss 4.8270 (delta +1.9417) size 244.5 MB sparsity 26.2%
gen 49 offspring [80/100] k= 16 (used  15.0) c=0.780 alpha=-0.101 beta=+0.171 | loss 3.4874 (delta +0.6020) size 247.5 MB sparsity 19.5%
gen 49 offspring [81/100] k=131 (used 131.0) c=0.978 alpha=-0.014 beta=+0.004 | loss 2.8943 (delta +0.0089) size 495.0 MB sparsity 2.7%
gen 49 offspring [82/100] k= 16 (used  16.0) c=0.862 alpha=-0.033 beta=+0.261 | loss 3.5537 (delta +0.6684) size 246.6 MB sparsity 22.6%
gen 49 offspring [83/100] k=164 (used 163.0) c=0.995 alpha=-0.007 beta=+0.005 | loss 2.8889 (delta +0.0035) size 495.0 MB sparsity 2.2%
gen 49 offspring [84/100] k= 63 (used  61.0) c=0.923 alpha=-0.040 beta=+0.360 | loss 3.1840 (delta +0.2987) size 368.8 MB sparsity 17.4%
gen 49 offspring [85/100] k= 65 (used  64.0) c=0.834 alpha=-0.051 beta=+0.403 | loss 3.3390 (delta +0.4537) size 363.5 MB sparsity 18.8%
gen 49 offspring [86/100] k= 16 (used  15.0) c=0.974 alpha=-0.064 beta=+0.367 | loss 4.0198 (delta +1.1345) size 241.6 MB sparsity 27.6%
gen 49 offspring [87/100] k= 28 (used  15.0) c=0.759 alpha=-0.014 beta=+0.071 | loss 3.3839 (delta +0.4985) size 248.0 MB sparsity 10.5%
gen 49 offspring [88/100] k= 31 (used  31.0) c=0.935 alpha=-0.047 beta=+0.316 | loss 3.1431 (delta +0.2578) size 309.1 MB sparsity 18.6%
gen 49 offspring [89/100] k= 16 (used  15.0) c=0.961 alpha=-0.098 beta=+0.344 | loss 3.9142 (delta +1.0289) size 243.4 MB sparsity 26.7%
gen 49 offspring [90/100] k= 21 (used  17.0) c=0.910 alpha=-0.097 beta=+0.087 | loss 3.2406 (delta +0.3552) size 270.0 MB sparsity 16.1%
gen 49 offspring [91/100] k= 16 (used  16.0) c=0.850 alpha=-0.001 beta=+0.349 | loss 3.6334 (delta +0.7480) size 245.2 MB sparsity 25.3%
gen 49 offspring [92/100] k= 16 (used  13.0) c=0.850 alpha=-0.004 beta=+0.334 | loss 4.8325 (delta +1.9472) size 245.6 MB sparsity 24.8%
gen 49 offspring [93/100] k= 17 (used  16.0) c=0.850 alpha=-0.063 beta=+0.351 | loss 4.4784 (delta +1.5931) size 246.5 MB sparsity 24.0%
gen 49 offspring [94/100] k= 33 (used  19.0) c=0.793 alpha=-0.015 beta=+0.003 | loss 3.2106 (delta +0.3253) size 309.8 MB sparsity 8.9%
gen 49 offspring [95/100] k= 16 (used  15.0) c=0.902 alpha=-0.142 beta=+0.388 | loss 3.9052 (delta +1.0198) size 242.1 MB sparsity 27.4%
gen 49 offspring [96/100] k= 40 (used  39.0) c=0.857 alpha=-0.254 beta=+0.022 | loss 3.0746 (delta +0.1893) size 371.3 MB sparsity 14.6%
gen 49 offspring [97/100] k= 16 (used  16.0) c=0.850 alpha=-0.063 beta=+0.369 | loss 3.6905 (delta +0.8052) size 244.5 MB sparsity 26.1%
gen 49 offspring [98/100] k= 16 (used  16.0) c=0.847 alpha=-0.253 beta=+0.303 | loss 3.6151 (delta +0.7297) size 246.0 MB sparsity 24.7%
gen 49 offspring [99/100] k= 16 (used  16.0) c=0.849 alpha=-0.007 beta=+0.315 | loss 3.5818 (delta +0.6964) size 246.0 MB sparsity 24.1%
gen 49 offspring [100/100] k= 29 (used  29.0) c=0.983 alpha=-0.260 beta=+0.055 | loss 3.1521 (delta +0.2668) size 309.4 MB sparsity 17.2%
=== generation 49/50 done in 551s (0 reused), batch baseline 2.8854, HV 0.18412, front 100 points, 100/100 feasible, best delta loss +0.0035, smallest 239.4 MB
gen 50 offspring [1/100] k= 16 (used  16.0) c=0.850 alpha=-0.272 beta=+0.378 | loss 3.8367 (delta +0.9513) size 240.9 MB sparsity 27.9%
gen 50 offspring [2/100] k= 65 (used  64.0) c=0.743 alpha=-0.050 beta=+0.061 | loss 2.9619 (delta +0.0765) size 371.5 MB sparsity 5.0%
gen 50 offspring [3/100] k= 33 (used  33.0) c=0.841 alpha=-0.057 beta=+0.015 | loss 2.9842 (delta +0.0989) size 342.4 MB sparsity 9.4%
gen 50 offspring [4/100] k= 53 (used  53.0) c=0.971 alpha=-0.257 beta=+0.041 | loss 3.0108 (delta +0.1254) size 371.5 MB sparsity 14.0%
gen 50 offspring [5/100] k= 40 (used  40.0) c=0.929 alpha=-0.020 beta=+0.003 | loss 2.9632 (delta +0.0778) size 371.5 MB sparsity 8.8%
gen 50 offspring [6/100] k= 16 (used  16.0) c=0.837 alpha=-0.327 beta=+0.350 | loss 3.9791 (delta +1.0937) size 238.9 MB sparsity 28.7%
gen 50 offspring [7/100] k= 16 (used  16.0) c=0.850 alpha=-0.031 beta=+0.026 | loss 3.4838 (delta +0.5985) size 246.8 MB sparsity 21.2%
gen 50 offspring [8/100] k= 16 (used  16.0) c=0.777 alpha=-0.044 beta=+0.171 | loss 3.4474 (delta +0.5621) size 247.5 MB sparsity 19.5%
gen 50 offspring [9/100] k= 23 (used  23.0) c=0.744 alpha=-0.020 beta=+0.040 | loss 3.1067 (delta +0.2213) size 309.8 MB sparsity 12.1%
gen 50 offspring [10/100] k= 21 (used  21.0) c=0.900 alpha=-0.014 beta=+0.004 | loss 3.1917 (delta +0.3063) size 309.0 MB sparsity 15.9%
gen 50 offspring [11/100] k= 16 (used  16.0) c=0.850 alpha=-0.025 beta=+0.043 | loss 3.4819 (delta +0.5966) size 246.8 MB sparsity 21.2%
gen 50 offspring [12/100] k=125 (used 123.0) c=0.984 alpha=-0.097 beta=+0.004 | loss 2.9003 (delta +0.0149) size 433.3 MB sparsity 5.5%
gen 50 offspring [13/100] k= 21 (used  21.0) c=0.943 alpha=-0.081 beta=+0.163 | loss 3.2063 (delta +0.3209) size 308.6 MB sparsity 16.8%
gen 50 offspring [14/100] k= 32 (used  16.0) c=0.987 alpha=-0.069 beta=+0.115 | loss 3.5102 (delta +0.6248) size 248.0 MB sparsity 11.8%
gen 50 offspring [15/100] k= 16 (used  16.0) c=0.853 alpha=-0.162 beta=+0.351 | loss 3.6541 (delta +0.7688) size 245.1 MB sparsity 25.4%
gen 50 offspring [16/100] k= 28 (used  28.0) c=0.849 alpha=-0.047 beta=+0.359 | loss 3.2205 (delta +0.3352) size 307.2 MB sparsity 20.6%
gen 50 offspring [17/100] k= 33 (used  33.0) c=0.808 alpha=-0.037 beta=+0.001 | loss 2.9904 (delta +0.1050) size 343.6 MB sparsity 9.1%
gen 50 offspring [18/100] k= 16 (used  16.0) c=0.850 alpha=-0.024 beta=+0.016 | loss 3.4846 (delta +0.5993) size 246.8 MB sparsity 21.2%
gen 50 offspring [19/100] k= 31 (used  17.0) c=0.784 alpha=-0.102 beta=+0.068 | loss 3.2438 (delta +0.3584) size 286.0 MB sparsity 9.6%
gen 50 offspring [20/100] k=164 (used 161.0) c=0.770 alpha=-0.076 beta=+0.005 | loss 2.9200 (delta +0.0346) size 495.0 MB sparsity 4.1%
gen 50 offspring [21/100] k= 26 (used  25.0) c=0.940 alpha=-0.078 beta=+0.039 | loss 3.0945 (delta +0.2092) size 309.7 MB sparsity 13.9%
gen 50 offspring [22/100] k= 16 (used  15.0) c=0.934 alpha=-0.015 beta=+0.025 | loss 3.7368 (delta +0.8515) size 245.7 MB sparsity 23.1%
gen 50 offspring [23/100] k= 16 (used  16.0) c=0.850 alpha=-0.152 beta=+0.262 | loss 3.5138 (delta +0.6284) size 246.7 MB sparsity 22.4%
gen 50 offspring [24/100] k= 17 (used  17.0) c=0.813 alpha=-0.059 beta=+0.003 | loss 3.3400 (delta +0.4546) size 265.6 MB sparsity 17.9%
gen 50 offspring [25/100] k= 33 (used  33.0) c=0.797 alpha=-0.053 beta=+0.001 | loss 2.9803 (delta +0.0950) size 343.9 MB sparsity 8.9%
gen 50 offspring [26/100] k= 16 (used  15.0) c=0.994 alpha=-0.194 beta=+0.227 | loss 3.8621 (delta +0.9767) size 244.6 MB sparsity 24.5%
gen 50 offspring [27/100] k= 67 (used  65.0) c=0.933 alpha=-0.024 beta=+0.381 | loss 3.2408 (delta +0.3555) size 366.4 MB sparsity 18.0%
gen 50 offspring [28/100] k= 18 (used  15.0) c=0.995 alpha=-0.009 beta=+0.005 | loss 3.6021 (delta +0.7168) size 246.6 MB sparsity 21.7%
gen 50 offspring [29/100] k= 32 (used  32.0) c=0.827 alpha=-0.023 beta=+0.009 | loss 3.0085 (delta +0.1232) size 309.8 MB sparsity 9.9%
gen 50 offspring [30/100] k= 16 (used  16.0) c=0.850 alpha=-0.136 beta=+0.510 | loss 4.1700 (delta +1.2846) size 233.2 MB sparsity 31.0%
gen 50 offspring [31/100] k= 65 (used  64.0) c=0.934 alpha=-0.040 beta=+0.155 | loss 2.9448 (delta +0.0595) size 371.5 MB sparsity 9.2%
gen 50 offspring [32/100] k= 16 (used  15.0) c=0.834 alpha=-0.011 beta=+0.328 | loss 4.6509 (delta +1.7656) size 245.9 MB sparsity 24.4%
gen 50 offspring [33/100] k= 16 (used  16.0) c=0.853 alpha=-0.004 beta=+0.315 | loss 3.6054 (delta +0.7201) size 246.0 MB sparsity 24.2%
gen 50 offspring [34/100] k= 21 (used  11.0) c=0.743 alpha=-0.137 beta=+0.112 | loss 4.1718 (delta +1.2865) size 248.0 MB sparsity 13.4%
gen 50 offspring [35/100] k= 30 (used  16.0) c=0.777 alpha=-0.068 beta=+0.046 | loss 3.2990 (delta +0.4137) size 248.0 MB sparsity 9.9%
gen 50 offspring [36/100] k=105 (used 104.0) c=0.975 alpha=-0.025 beta=+0.141 | loss 2.9131 (delta +0.0277) size 433.3 MB sparsity 7.6%
gen 50 offspring [37/100] k= 16 (used  15.0) c=0.746 alpha=-0.178 beta=+0.335 | loss 4.5306 (delta +1.6453) size 246.8 MB sparsity 23.5%
gen 50 offspring [38/100] k= 16 (used  16.0) c=0.847 alpha=-0.317 beta=+0.022 | loss 3.6244 (delta +0.7390) size 246.0 MB sparsity 24.2%
gen 50 offspring [39/100] k= 35 (used  17.0) c=0.991 alpha=-0.009 beta=+0.002 | loss 3.3761 (delta +0.4907) size 284.0 MB sparsity 10.4%
gen 50 offspring [40/100] k= 23 (used  23.0) c=0.924 alpha=-0.020 beta=+0.002 | loss 3.1191 (delta +0.2337) size 309.4 MB sparsity 14.9%
gen 50 offspring [41/100] k= 33 (used  32.0) c=0.851 alpha=-0.123 beta=+0.032 | loss 3.0537 (delta +0.1683) size 309.8 MB sparsity 10.4%
gen 50 offspring [42/100] k= 29 (used  29.0) c=0.849 alpha=-0.254 beta=+0.116 | loss 3.0773 (delta +0.1919) size 309.8 MB sparsity 16.3%
gen 50 offspring [43/100] k= 26 (used  13.0) c=0.944 alpha=-0.067 beta=+0.068 | loss 4.1138 (delta +1.2285) size 248.0 MB sparsity 14.0%
gen 50 offspring [44/100] k= 16 (used  16.0) c=0.850 alpha=-0.281 beta=+0.238 | loss 3.5798 (delta +0.6945) size 246.4 MB sparsity 23.6%
gen 50 offspring [45/100] k= 45 (used  45.0) c=0.945 alpha=-0.066 beta=+0.011 | loss 2.9398 (delta +0.0544) size 371.5 MB sparsity 7.7%
gen 50 offspring [46/100] k= 64 (used  64.0) c=0.852 alpha=-0.050 beta=+0.059 | loss 2.9239 (delta +0.0385) size 371.5 MB sparsity 5.3%
gen 50 offspring [47/100] k= 52 (used  52.0) c=0.949 alpha=-0.030 beta=+0.001 | loss 2.9319 (delta +0.0466) size 371.5 MB sparsity 6.8%
gen 50 offspring [48/100] k= 31 (used  15.0) c=0.915 alpha=-0.070 beta=+0.001 | loss 3.4865 (delta +0.6011) size 248.0 MB sparsity 10.9%
gen 50 offspring [49/100] k= 16 (used  15.0) c=0.865 alpha=-0.142 beta=+0.381 | loss 4.9685 (delta +2.0832) size 243.7 MB sparsity 26.7%
gen 50 offspring [50/100] k= 16 (used  15.0) c=0.853 alpha=-0.041 beta=+0.351 | loss 4.7486 (delta +1.8632) size 245.1 MB sparsity 25.4%
gen 50 offspring [51/100] k= 64 (used  63.0) c=0.968 alpha=-0.103 beta=+0.027 | loss 2.9425 (delta +0.0572) size 371.5 MB sparsity 7.3%
gen 50 offspring [52/100] k= 16 (used  16.0) c=0.850 alpha=-0.005 beta=+0.298 | loss 3.5474 (delta +0.6620) size 246.3 MB sparsity 23.6%
gen 50 offspring [53/100] k= 21 (used  21.0) c=0.943 alpha=-0.043 beta=+0.206 | loss 3.2224 (delta +0.3370) size 308.4 MB sparsity 17.7%
gen 50 offspring [54/100] k= 72 (used  71.1) c=0.934 alpha=-0.144 beta=+0.596 | loss 16.0265 (delta +13.1412) size 368.2 MB sparsity 29.3%
gen 50 offspring [55/100] k= 33 (used  32.0) c=0.822 alpha=-0.125 beta=+0.144 | loss 3.0487 (delta +0.1634) size 309.8 MB sparsity 11.9%
gen 50 offspring [56/100] k= 31 (used  29.0) c=0.937 alpha=-0.154 beta=+0.252 | loss 3.3794 (delta +0.4941) size 309.7 MB sparsity 17.5%
gen 50 offspring [57/100] k= 16 (used  15.0) c=0.926 alpha=-0.178 beta=+0.009 | loss 3.7321 (delta +0.8468) size 245.8 MB sparsity 23.0%
gen 50 offspring [58/100] k=139 (used  71.0) c=0.993 alpha=-0.061 beta=+0.019 | loss 2.9141 (delta +0.0288) size 433.3 MB sparsity 3.9%
gen 50 offspring [59/100] k= 16 (used  16.0) c=0.850 alpha=-0.295 beta=+0.354 | loss 3.7849 (delta +0.8996) size 241.1 MB sparsity 27.8%
gen 50 offspring [60/100] k= 16 (used  16.0) c=0.853 alpha=-0.151 beta=+0.322 | loss 3.6174 (delta +0.7321) size 245.8 MB sparsity 24.4%
gen 50 offspring [61/100] k= 29 (used  29.0) c=0.983 alpha=-0.060 beta=+0.055 | loss 3.0627 (delta +0.1773) size 309.8 MB sparsity 12.5%
gen 50 offspring [62/100] k=163 (used 163.0) c=0.749 alpha=-0.008 beta=+0.009 | loss 2.9337 (delta +0.0484) size 495.0 MB sparsity 1.7%
gen 50 offspring [63/100] k= 16 (used  16.0) c=0.850 alpha=-0.065 beta=+0.369 | loss 3.6905 (delta +0.8052) size 244.5 MB sparsity 26.1%
gen 50 offspring [64/100] k= 16 (used  16.0) c=0.844 alpha=-0.253 beta=+0.272 | loss 3.5766 (delta +0.6912) size 246.5 MB sparsity 23.7%
gen 50 offspring [65/100] k= 16 (used  16.0) c=0.827 alpha=-0.176 beta=+0.003 | loss 3.5206 (delta +0.6352) size 247.1 MB sparsity 20.6%
gen 50 offspring [66/100] k= 22 (used  21.0) c=0.910 alpha=-0.133 beta=+0.327 | loss 4.0014 (delta +1.1160) size 304.6 MB sparsity 21.7%
gen 50 offspring [67/100] k= 30 (used  30.0) c=0.948 alpha=-0.047 beta=+0.252 | loss 3.1154 (delta +0.2300) size 309.6 MB sparsity 16.7%
gen 50 offspring [68/100] k= 30 (used  15.0) c=0.992 alpha=-0.068 beta=+0.000 | loss 3.6608 (delta +0.7754) size 248.0 MB sparsity 12.6%
gen 50 offspring [69/100] k= 30 (used  16.0) c=0.778 alpha=-0.068 beta=+0.001 | loss 3.3054 (delta +0.4201) size 248.0 MB sparsity 10.0%
gen 50 offspring [70/100] k=156 (used  83.0) c=0.975 alpha=-0.025 beta=+0.052 | loss 2.9054 (delta +0.0200) size 433.3 MB sparsity 3.4%
gen 50 offspring [71/100] k= 65 (used  61.9) c=0.849 alpha=-0.235 beta=+0.351 | loss 3.2400 (delta +0.3546) size 343.9 MB sparsity 24.1%
gen 50 offspring [72/100] k= 40 (used  39.0) c=0.997 alpha=-0.099 beta=+0.027 | loss 2.9733 (delta +0.0879) size 371.5 MB sparsity 9.6%
gen 50 offspring [73/100] k= 30 (used  17.0) c=0.786 alpha=-0.186 beta=+0.069 | loss 3.3660 (delta +0.4807) size 277.6 MB sparsity 13.0%
gen 50 offspring [74/100] k= 16 (used  16.0) c=0.845 alpha=-0.257 beta=+0.428 | loss 3.9118 (delta +1.0264) size 237.6 MB sparsity 29.2%
gen 50 offspring [75/100] k=206 (used 206.0) c=0.808 alpha=-0.007 beta=+0.006 | loss 2.9107 (delta +0.0253) size 495.1 MB sparsity 1.4%
gen 50 offspring [76/100] k= 16 (used  16.0) c=0.848 alpha=-0.107 beta=+0.045 | loss 3.4813 (delta +0.5960) size 246.8 MB sparsity 21.1%
gen 50 offspring [77/100] k=194 (used 190.9) c=0.910 alpha=-0.097 beta=+0.091 | loss 2.9006 (delta +0.0152) size 495.0 MB sparsity 7.9%
gen 50 offspring [78/100] k= 17 (used  16.0) c=0.850 alpha=-0.036 beta=+0.296 | loss 4.2131 (delta +1.3277) size 247.3 MB sparsity 22.0%
gen 50 offspring [79/100] k= 31 (used  31.0) c=0.947 alpha=-0.047 beta=+0.252 | loss 3.0753 (delta +0.1900) size 309.7 MB sparsity 16.2%
gen 50 offspring [80/100] k= 19 (used  19.0) c=0.943 alpha=-0.074 beta=+0.029 | loss 3.3132 (delta +0.4278) size 307.3 MB sparsity 18.4%
gen 50 offspring [81/100] k= 33 (used  17.0) c=0.751 alpha=-0.117 beta=+0.000 | loss 3.2429 (delta +0.3576) size 286.4 MB sparsity 9.5%
gen 50 offspring [82/100] k= 29 (used  29.0) c=0.990 alpha=-0.060 beta=+0.055 | loss 3.0755 (delta +0.1902) size 309.8 MB sparsity 12.6%
gen 50 offspring [83/100] k= 16 (used  16.0) c=0.849 alpha=-0.170 beta=+0.351 | loss 3.6260 (delta +0.7406) size 245.2 MB sparsity 25.4%
gen 50 offspring [84/100] k= 33 (used  19.0) c=0.910 alpha=-0.041 beta=+0.005 | loss 3.3294 (delta +0.4440) size 309.8 MB sparsity 10.2%
gen 50 offspring [85/100] k= 16 (used  16.0) c=0.851 alpha=-0.235 beta=+0.389 | loss 3.7709 (delta +0.8855) size 242.4 MB sparsity 27.3%
gen 50 offspring [86/100] k= 33 (used  19.0) c=0.937 alpha=-0.046 beta=+0.043 | loss 3.3674 (delta +0.4820) size 309.8 MB sparsity 10.5%
gen 50 offspring [87/100] k= 16 (used  16.0) c=0.853 alpha=-0.268 beta=+0.042 | loss 3.5715 (delta +0.6862) size 246.6 MB sparsity 22.6%
gen 50 offspring [88/100] k=130 (used 126.7) c=0.988 alpha=-0.018 beta=+0.337 | loss 3.1030 (delta +0.2177) size 429.2 MB sparsity 15.2%
gen 50 offspring [89/100] k=130 (used 129.0) c=0.792 alpha=-0.014 beta=+0.072 | loss 2.9161 (delta +0.0308) size 477.0 MB sparsity 4.2%
gen 50 offspring [90/100] k= 45 (used  45.0) c=0.949 alpha=-0.039 beta=+0.002 | loss 2.9404 (delta +0.0551) size 371.5 MB sparsity 7.8%
gen 50 offspring [91/100] k= 16 (used  16.0) c=0.822 alpha=-0.049 beta=+0.298 | loss 3.5722 (delta +0.6868) size 246.6 MB sparsity 23.2%
gen 50 offspring [92/100] k= 17 (used  11.0) c=0.764 alpha=-0.095 beta=+0.401 | loss 5.6336 (delta +2.7482) size 246.2 MB sparsity 24.9%
gen 50 offspring [93/100] k= 30 (used  29.0) c=0.794 alpha=-0.104 beta=+0.051 | loss 3.0945 (delta +0.2092) size 309.8 MB sparsity 10.3%
gen 50 offspring [94/100] k= 27 (used  27.0) c=0.938 alpha=-0.099 beta=+0.072 | loss 3.1000 (delta +0.2146) size 309.8 MB sparsity 12.8%
gen 50 offspring [95/100] k= 28 (used  27.0) c=0.911 alpha=-0.047 beta=+0.325 | loss 3.4831 (delta +0.5977) size 308.1 MB sparsity 19.7%
gen 50 offspring [96/100] k= 38 (used  37.0) c=0.968 alpha=-0.099 beta=+0.095 | loss 2.9819 (delta +0.0965) size 371.5 MB sparsity 9.9%
gen 50 offspring [97/100] k= 33 (used  31.0) c=0.827 alpha=-0.035 beta=+0.001 | loss 2.9879 (delta +0.1025) size 309.8 MB sparsity 9.3%
gen 50 offspring [98/100] k= 33 (used  17.0) c=0.729 alpha=-0.070 beta=+0.065 | loss 3.2263 (delta +0.3409) size 289.6 MB sparsity 8.2%
gen 50 offspring [99/100] k=124 (used 123.0) c=0.987 alpha=-0.014 beta=+0.003 | loss 2.8941 (delta +0.0088) size 433.3 MB sparsity 2.9%
gen 50 offspring [100/100] k= 16 (used  15.0) c=0.941 alpha=-0.028 beta=+0.252 | loss 3.7361 (delta +0.8507) size 245.5 MB sparsity 23.8%
=== generation 50/50 done in 552s (0 reused), batch baseline 2.8854, HV 0.18425, front 100 points, 100/100 feasible, best delta loss +0.0035, smallest 239.4 MB
Search done; test scoring skipped (python -m scripts.compress_score --run-dir compress_runs/local_50_log2_autok_calib_fixed_8x2048_maxdelta1_emb_ecsq)

### score: C:\Users\NICI Lab\AppData\Local\Programs\Python\Python313\python.exe -u -m scripts.compress_score --run-dir compress_runs/local_50_log2_autok_calib_fixed_8x2048_maxdelta1_emb_ecsq --max-delta-loss 1.0 --batch-size 1 --seq-len 2048 --wikitext-seqs -1 --c4-test-seqs 256
Generation 50: scoring 100 of 100 front solutions (delta_loss <= 1.0) with 2048-token windows

Loading weights:   0%|          | 0/290 [00:00<?, ?it/s]
Loading weights: 100%|██████████| 290/290 [00:00<00:00, 8040.32it/s]
[transformers] Token indices sequence length is longer than the specified maximum sequence length for this model (299078 > 131072). Running this sequence through the model will result in indexing errors
Test set wikitext2: 146 windows, 299008 tokens
Test set c4: 256 windows, 524288 tokens
uncompressed: wikitext2 ppl 14.255, c4 ppl 21.456
k=16 c=0.847 239.4 MB | wikitext2 ppl 44.360, c4 ppl 63.667 | 204s
k=16 c=0.850 239.5 MB | wikitext2 ppl 44.350, c4 ppl 63.123 | 204s
k=16 c=0.850 240.0 MB | wikitext2 ppl 44.678, c4 ppl 62.663 | 204s
k=16 c=0.850 240.9 MB | wikitext2 ppl 44.417, c4 ppl 62.771 | 204s
k=16 c=0.850 241.1 MB | wikitext2 ppl 41.296, c4 ppl 59.276 | 204s
k=16 c=0.850 241.1 MB | wikitext2 ppl 41.115, c4 ppl 58.915 | 204s
k=16 c=0.851 242.4 MB | wikitext2 ppl 41.886, c4 ppl 58.898 | 204s
k=16 c=0.850 243.6 MB | wikitext2 ppl 40.952, c4 ppl 57.527 | 204s
k=16 c=0.853 243.9 MB | wikitext2 ppl 39.623, c4 ppl 57.653 | 204s
k=16 c=0.850 243.9 MB | wikitext2 ppl 39.598, c4 ppl 57.260 | 204s
k=16 c=0.844 244.0 MB | wikitext2 ppl 37.584, c4 ppl 54.503 | 204s
k=16 c=0.850 244.3 MB | wikitext2 ppl 37.704, c4 ppl 54.894 | 204s
k=16 c=0.850 244.3 MB | wikitext2 ppl 37.388, c4 ppl 54.349 | 204s
k=16 c=0.850 244.5 MB | wikitext2 ppl 37.515, c4 ppl 53.721 | 204s
k=16 c=0.850 244.8 MB | wikitext2 ppl 36.551, c4 ppl 52.449 | 204s
k=16 c=0.853 245.1 MB | wikitext2 ppl 36.003, c4 ppl 51.775 | 204s
k=16 c=0.849 245.2 MB | wikitext2 ppl 34.577, c4 ppl 50.123 | 204s
k=16 c=0.850 245.6 MB | wikitext2 ppl 34.419, c4 ppl 49.751 | 204s
k=16 c=0.850 245.7 MB | wikitext2 ppl 34.169, c4 ppl 49.319 | 204s
k=16 c=0.849 245.9 MB | wikitext2 ppl 33.275, c4 ppl 48.235 | 204s
k=16 c=0.849 246.0 MB | wikitext2 ppl 32.897, c4 ppl 47.577 | 204s
k=16 c=0.850 246.1 MB | wikitext2 ppl 32.927, c4 ppl 46.951 | 204s
k=16 c=0.850 246.2 MB | wikitext2 ppl 32.661, c4 ppl 46.641 | 204s
k=16 c=0.850 246.2 MB | wikitext2 ppl 32.375, c4 ppl 46.481 | 204s
k=16 c=0.850 246.3 MB | wikitext2 ppl 31.767, c4 ppl 45.886 | 204s
k=16 c=0.850 246.3 MB | wikitext2 ppl 31.492, c4 ppl 45.635 | 204s
k=16 c=0.849 246.3 MB | wikitext2 ppl 30.823, c4 ppl 45.105 | 204s
k=16 c=0.849 246.4 MB | wikitext2 ppl 30.430, c4 ppl 44.536 | 204s
k=16 c=0.850 246.6 MB | wikitext2 ppl 29.170, c4 ppl 43.915 | 204s
k=16 c=0.850 246.7 MB | wikitext2 ppl 29.233, c4 ppl 43.671 | 204s
k=16 c=0.850 246.7 MB | wikitext2 ppl 28.786, c4 ppl 43.007 | 204s
k=16 c=0.849 246.7 MB | wikitext2 ppl 28.403, c4 ppl 42.697 | 204s
k=16 c=0.850 246.7 MB | wikitext2 ppl 28.403, c4 ppl 42.698 | 204s
k=16 c=0.850 246.8 MB | wikitext2 ppl 28.388, c4 ppl 42.298 | 204s
k=16 c=0.850 246.8 MB | wikitext2 ppl 28.513, c4 ppl 41.984 | 204s
k=16 c=0.808 247.2 MB | wikitext2 ppl 28.233, c4 ppl 40.627 | 204s
k=16 c=0.777 247.5 MB | wikitext2 ppl 28.660, c4 ppl 40.071 | 204s
k=16 c=0.746 247.7 MB | wikitext2 ppl 29.455, c4 ppl 39.075 | 204s
k=17 c=0.808 247.9 MB | wikitext2 ppl 23.664, c4 ppl 35.231 | 204s
k=17 c=0.807 247.9 MB | wikitext2 ppl 23.620, c4 ppl 35.194 | 204s
k=21 c=0.902 248.0 MB | wikitext2 ppl 24.142, c4 ppl 35.266 | 204s
k=21 c=0.902 248.0 MB | wikitext2 ppl 24.142, c4 ppl 35.266 | 204s
k=30 c=0.786 248.0 MB | wikitext2 ppl 23.354, c4 ppl 33.545 | 204s
k=30 c=0.784 248.0 MB | wikitext2 ppl 23.445, c4 ppl 33.432 | 204s
k=30 c=0.778 248.0 MB | wikitext2 ppl 22.696, c4 ppl 32.826 | 204s
k=30 c=0.771 248.0 MB | wikitext2 ppl 23.020, c4 ppl 32.435 | 204s
k=30 c=0.759 248.0 MB | wikitext2 ppl 22.613, c4 ppl 32.297 | 204s
k=30 c=0.747 248.0 MB | wikitext2 ppl 22.399, c4 ppl 32.196 | 204s
k=33 c=0.744 248.0 MB | wikitext2 ppl 23.050, c4 ppl 32.049 | 204s
k=34 c=0.743 248.0 MB | wikitext2 ppl 22.122, c4 ppl 31.258 | 204s
k=21 c=0.910 270.0 MB | wikitext2 ppl 21.121, c4 ppl 31.923 | 204s
k=21 c=0.910 270.0 MB | wikitext2 ppl 21.123, c4 ppl 31.915 | 204s
k=31 c=0.763 284.7 MB | wikitext2 ppl 21.368, c4 ppl 30.864 | 203s
k=31 c=0.763 285.1 MB | wikitext2 ppl 21.371, c4 ppl 30.876 | 204s
k=32 c=0.743 285.6 MB | wikitext2 ppl 21.451, c4 ppl 30.374 | 203s
k=33 c=0.821 287.0 MB | wikitext2 ppl 20.662, c4 ppl 30.410 | 203s
k=32 c=0.755 287.5 MB | wikitext2 ppl 21.260, c4 ppl 30.539 | 204s
k=33 c=0.793 287.8 MB | wikitext2 ppl 21.251, c4 ppl 30.028 | 203s
k=21 c=0.943 308.6 MB | wikitext2 ppl 19.849, c4 ppl 30.136 | 204s
k=21 c=0.943 308.6 MB | wikitext2 ppl 19.825, c4 ppl 30.106 | 204s
k=28 c=0.849 308.7 MB | wikitext2 ppl 20.522, c4 ppl 29.696 | 204s
k=29 c=0.849 309.0 MB | wikitext2 ppl 20.177, c4 ppl 28.694 | 204s
k=31 c=0.935 309.1 MB | wikitext2 ppl 19.671, c4 ppl 28.640 | 204s
k=23 c=0.954 309.2 MB | wikitext2 ppl 19.278, c4 ppl 28.507 | 204s
k=24 c=0.931 309.4 MB | wikitext2 ppl 19.360, c4 ppl 27.953 | 204s
k=24 c=0.931 309.4 MB | wikitext2 ppl 19.189, c4 ppl 27.773 | 204s
k=30 c=0.948 309.6 MB | wikitext2 ppl 18.776, c4 ppl 27.768 | 204s
k=30 c=0.937 309.6 MB | wikitext2 ppl 18.507, c4 ppl 27.434 | 204s
k=25 c=0.938 309.7 MB | wikitext2 ppl 18.251, c4 ppl 26.728 | 204s
k=31 c=0.948 309.7 MB | wikitext2 ppl 17.845, c4 ppl 26.548 | 204s
k=31 c=0.947 309.7 MB | wikitext2 ppl 17.922, c4 ppl 26.521 | 204s
k=29 c=0.983 309.8 MB | wikitext2 ppl 17.741, c4 ppl 25.888 | 204s
k=29 c=0.982 309.8 MB | wikitext2 ppl 17.723, c4 ppl 25.895 | 204s
k=29 c=0.978 309.8 MB | wikitext2 ppl 17.404, c4 ppl 25.697 | 204s
k=29 c=0.940 309.8 MB | wikitext2 ppl 17.002, c4 ppl 25.107 | 204s
k=29 c=0.928 309.8 MB | wikitext2 ppl 16.998, c4 ppl 25.050 | 204s
k=32 c=0.959 309.8 MB | wikitext2 ppl 16.518, c4 ppl 24.610 | 204s
k=32 c=0.934 309.8 MB | wikitext2 ppl 16.294, c4 ppl 24.397 | 204s
k=32 c=0.808 309.8 MB | wikitext2 ppl 15.785, c4 ppl 23.753 | 204s
k=33 c=0.827 309.8 MB | wikitext2 ppl 15.882, c4 ppl 23.907 | 203s
k=33 c=0.822 339.9 MB | wikitext2 ppl 15.889, c4 ppl 23.909 | 203s
k=33 c=0.822 340.1 MB | wikitext2 ppl 15.882, c4 ppl 23.909 | 204s
k=33 c=0.841 342.4 MB | wikitext2 ppl 15.818, c4 ppl 23.738 | 203s
k=33 c=0.797 343.9 MB | wikitext2 ppl 15.876, c4 ppl 23.790 | 204s
k=38 c=0.941 371.5 MB | wikitext2 ppl 15.434, c4 ppl 23.470 | 204s
k=39 c=0.957 371.5 MB | wikitext2 ppl 15.507, c4 ppl 23.335 | 203s
k=43 c=0.971 371.5 MB | wikitext2 ppl 15.214, c4 ppl 23.075 | 203s
k=43 c=0.950 371.5 MB | wikitext2 ppl 15.392, c4 ppl 22.985 | 203s
k=52 c=0.949 371.5 MB | wikitext2 ppl 15.077, c4 ppl 22.491 | 204s
k=115 c=0.975 371.5 MB | wikitext2 ppl 14.861, c4 ppl 22.228 | 204s
k=64 c=0.914 371.5 MB | wikitext2 ppl 14.683, c4 ppl 22.157 | 203s
k=65 c=0.934 413.8 MB | wikitext2 ppl 14.609, c4 ppl 22.080 | 203s
k=65 c=0.934 413.8 MB | wikitext2 ppl 14.610, c4 ppl 22.081 | 203s
k=67 c=0.931 433.3 MB | wikitext2 ppl 14.784, c4 ppl 22.103 | 203s
k=156 c=0.975 433.3 MB | wikitext2 ppl 14.594, c4 ppl 21.852 | 204s
k=124 c=0.987 433.3 MB | wikitext2 ppl 14.367, c4 ppl 21.616 | 204s
k=125 c=0.988 433.3 MB | wikitext2 ppl 14.313, c4 ppl 21.594 | 204s
k=139 c=0.990 495.0 MB | wikitext2 ppl 14.418, c4 ppl 21.620 | 204s
k=164 c=0.995 495.0 MB | wikitext2 ppl 14.257, c4 ppl 21.554 | 204s
k=164 c=0.995 495.0 MB | wikitext2 ppl 14.257, c4 ppl 21.554 | 204s
Done. 100 solutions in compress_runs/local_50_log2_autok_calib_fixed_8x2048_maxdelta1_emb_ecsq\test_scores.json

### plot: C:\Users\NICI Lab\AppData\Local\Programs\Python\Python313\python.exe -u -m scripts.compress_plot --run-dir compress_runs/local_50_log2_autok_calib_fixed_8x2048_maxdelta1_emb_ecsq --all
50 generations -> compress_runs/local_50_log2_autok_calib_fixed_8x2048_maxdelta1_emb_ecsq\hypervolume.png/.pdf
50 generations -> compress_runs/local_50_log2_autok_calib_fixed_8x2048_maxdelta1_emb_ecsq\front_evolution.gif
generation 50 -> compress_runs/local_50_log2_autok_calib_fixed_8x2048_maxdelta1_emb_ecsq\pareto_front.png/.pdf
50 generations -> compress_runs/local_50_log2_autok_calib_fixed_8x2048_maxdelta1_emb_ecsq\front_evolution_with_init_pop.gif
generation 50 -> compress_runs/local_50_log2_autok_calib_fixed_8x2048_maxdelta1_emb_ecsq\pareto_front_with_init_pop.png/.pdf
50 generations -> compress_runs/local_50_log2_autok_calib_fixed_8x2048_maxdelta1_emb_ecsq\front_evolution_with_pop_every_gen.gif
generation 50 -> compress_runs/local_50_log2_autok_calib_fixed_8x2048_maxdelta1_emb_ecsq\pareto_front_with_pop_every_gen.png/.pdf
50 generations -> compress_runs/local_50_log2_autok_calib_fixed_8x2048_maxdelta1_emb_ecsq\front_evolution_ylinear.gif
generation 50 -> compress_runs/local_50_log2_autok_calib_fixed_8x2048_maxdelta1_emb_ecsq\pareto_front_ylinear.png/.pdf
50 generations -> compress_runs/local_50_log2_autok_calib_fixed_8x2048_maxdelta1_emb_ecsq\front_evolution_ylinear_with_init_pop.gif
generation 50 -> compress_runs/local_50_log2_autok_calib_fixed_8x2048_maxdelta1_emb_ecsq\pareto_front_ylinear_with_init_pop.png/.pdf
50 generations -> compress_runs/local_50_log2_autok_calib_fixed_8x2048_maxdelta1_emb_ecsq\front_evolution_ylinear_with_pop_every_gen.gif
generation 50 -> compress_runs/local_50_log2_autok_calib_fixed_8x2048_maxdelta1_emb_ecsq\pareto_front_ylinear_with_pop_every_gen.png/.pdf
50 generations -> compress_runs/local_50_log2_autok_calib_fixed_8x2048_maxdelta1_emb_ecsq\front_evolution_bins.gif
generation 50 -> compress_runs/local_50_log2_autok_calib_fixed_8x2048_maxdelta1_emb_ecsq\pareto_front_bins.png/.pdf
50 generations -> compress_runs/local_50_log2_autok_calib_fixed_8x2048_maxdelta1_emb_ecsq\front_evolution_bins_with_init_pop.gif
generation 50 -> compress_runs/local_50_log2_autok_calib_fixed_8x2048_maxdelta1_emb_ecsq\pareto_front_bins_with_init_pop.png/.pdf
50 generations -> compress_runs/local_50_log2_autok_calib_fixed_8x2048_maxdelta1_emb_ecsq\front_evolution_bins_with_pop_every_gen.gif
generation 50 -> compress_runs/local_50_log2_autok_calib_fixed_8x2048_maxdelta1_emb_ecsq\pareto_front_bins_with_pop_every_gen.png/.pdf
50 generations -> compress_runs/local_50_log2_autok_calib_fixed_8x2048_maxdelta1_emb_ecsq\front_evolution_bins_ylinear.gif
generation 50 -> compress_runs/local_50_log2_autok_calib_fixed_8x2048_maxdelta1_emb_ecsq\pareto_front_bins_ylinear.png/.pdf
50 generations -> compress_runs/local_50_log2_autok_calib_fixed_8x2048_maxdelta1_emb_ecsq\front_evolution_bins_ylinear_with_init_pop.gif
generation 50 -> compress_runs/local_50_log2_autok_calib_fixed_8x2048_maxdelta1_emb_ecsq\pareto_front_bins_ylinear_with_init_pop.png/.pdf
50 generations -> compress_runs/local_50_log2_autok_calib_fixed_8x2048_maxdelta1_emb_ecsq\front_evolution_bins_ylinear_with_pop_every_gen.gif
generation 50 -> compress_runs/local_50_log2_autok_calib_fixed_8x2048_maxdelta1_emb_ecsq\pareto_front_bins_ylinear_with_pop_every_gen.png/.pdf

Done: compress_runs/local_50_log2_autok_calib_fixed_8x2048_maxdelta1_emb_ecsq (test scores in test_scores.json, plots next to them)
