Loading Qwen/Qwen2.5-0.5B-Instruct (bfloat16) on cuda
Loading weights:   0%|          | 0/290 [00:00<?, ?it/s]Loading weights: 100%|##########| 290/290 [00:00<00:00, 8681.38it/s]
Compressing 168 matrices, 357.8M weights (72.4% of params), originals kept on GPU
Sampling 1 calibration batch(es) of 8 x 2048 tokens from allenai/c4 train...
...done in 13s
Calibration: one fixed batch for the whole run
Baseline: calib loss 2.8854 on the first batch, size 988.1 MB, one forward pass over a batch takes 4.5s
gen 1 initial [1/100] k= 90 (used  89.0) c=0.832 alpha=-0.302 beta=+0.302 | loss 3.2368 (delta +0.3515) size 552.1 MB sparsity 25.2%
gen 1 initial [2/100] k=  4 (used   3.0) c=0.993 alpha=-0.918 beta=+0.918 | loss 16.1916 (delta +13.3063) size 320.5 MB sparsity 93.9%
gen 1 initial [3/100] k=  5 (used   5.0) c=0.835 alpha=-0.781 beta=+0.781 | loss 12.6917 (delta +9.8064) size 350.1 MB sparsity 63.8%
gen 1 initial [4/100] k= 49 (used  49.0) c=0.947 alpha=-0.111 beta=+0.111 | loss 2.9340 (delta +0.0486) size 541.4 MB sparsity 10.0%
gen 1 initial [5/100] k= 33 (used  31.2) c=0.719 alpha=-0.997 beta=+0.997 | loss 11.6396 (delta +8.7542) size 385.5 MB sparsity 69.7%
gen 1 initial [6/100] k= 84 (used  78.1) c=0.806 alpha=-0.879 beta=+0.879 | loss 9.9962 (delta +7.1108) size 430.9 MB sparsity 63.9%
gen 1 initial [7/100] k= 92 (used  90.9) c=0.758 alpha=-0.284 beta=+0.284 | loss 3.3415 (delta +0.4562) size 556.6 MB sparsity 23.7%
gen 1 initial [8/100] k=  5 (used   5.0) c=0.905 alpha=-0.837 beta=+0.837 | loss 14.2953 (delta +11.4099) size 347.2 MB sparsity 67.1%
gen 1 initial [9/100] k= 11 (used  11.0) c=0.811 alpha=-0.106 beta=+0.106 | loss 4.2198 (delta +1.3344) size 445.1 MB sparsity 28.6%
gen 1 initial [10/100] k=  5 (used   5.0) c=0.843 alpha=-0.999 beta=+0.999 | loss 11.7558 (delta +8.8705) size 343.1 MB sparsity 71.6%
gen 1 initial [11/100] k= 19 (used  19.0) c=0.950 alpha=-0.666 beta=+0.666 | loss 6.8368 (delta +3.9514) size 426.1 MB sparsity 51.5%
gen 1 initial [12/100] k=118 (used 113.0) c=0.941 alpha=-0.650 beta=+0.650 | loss 5.9723 (delta +3.0870) size 472.9 MB sparsity 50.4%
gen 1 initial [13/100] k= 59 (used  59.0) c=0.742 alpha=-0.090 beta=+0.090 | loss 3.0316 (delta +0.1463) size 541.4 MB sparsity 8.0%
gen 1 initial [14/100] k= 96 (used  89.7) c=0.899 alpha=-0.897 beta=+0.897 | loss 9.3488 (delta +6.4634) size 428.0 MB sparsity 64.8%
gen 1 initial [15/100] k= 21 (used  21.0) c=0.871 alpha=-0.029 beta=+0.029 | loss 3.1056 (delta +0.2203) size 496.1 MB sparsity 16.0%
gen 1 initial [16/100] k= 55 (used  55.0) c=0.841 alpha=-0.241 beta=+0.241 | loss 3.1347 (delta +0.2493) size 531.7 MB sparsity 20.3%
gen 1 initial [17/100] k= 47 (used  47.0) c=0.866 alpha=-0.143 beta=+0.143 | loss 2.9645 (delta +0.0792) size 541.4 MB sparsity 12.4%
gen 1 initial [18/100] k=  3 (used   3.0) c=0.831 alpha=-0.777 beta=+0.777 | loss 17.1140 (delta +14.2287) size 322.6 MB sparsity 89.2%
gen 1 initial [19/100] k=130 (used 128.9) c=0.770 alpha=-0.198 beta=+0.198 | loss 3.1068 (delta +0.2215) size 612.5 MB sparsity 16.7%
gen 1 initial [20/100] k= 10 (used   9.0) c=0.899 alpha=-0.911 beta=+0.911 | loss 10.4008 (delta +7.5155) size 363.5 MB sparsity 65.9%
gen 1 initial [21/100] k= 54 (used  52.4) c=0.822 alpha=-0.656 beta=+0.656 | loss 6.1112 (delta +3.2259) size 449.7 MB sparsity 50.8%
gen 1 initial [22/100] k=  3 (used   3.0) c=0.727 alpha=-0.036 beta=+0.036 | loss 17.2347 (delta +14.3494) size 324.6 MB sparsity 84.7%
gen 1 initial [23/100] k=  5 (used   5.0) c=0.850 alpha=-0.005 beta=+0.005 | loss 12.6083 (delta +9.7229) size 351.2 MB sparsity 62.6%
gen 1 initial [24/100] k= 20 (used  20.0) c=0.814 alpha=-0.052 beta=+0.052 | loss 3.1586 (delta +0.2732) size 495.8 MB sparsity 16.6%
gen 1 initial [25/100] k= 13 (used  13.0) c=0.726 alpha=-0.606 beta=+0.606 | loss 6.4168 (delta +3.5315) size 411.2 MB sparsity 47.8%
gen 1 initial [26/100] k=168 (used 157.1) c=0.910 alpha=-0.801 beta=+0.801 | loss 8.3385 (delta +5.4532) size 462.3 MB sparsity 59.6%
gen 1 initial [27/100] k= 92 (used  91.6) c=0.915 alpha=-0.239 beta=+0.239 | loss 3.0695 (delta +0.1842) size 568.0 MB sparsity 20.1%
gen 1 initial [28/100] k=  4 (used   3.0) c=0.971 alpha=-0.849 beta=+0.849 | loss 15.1520 (delta +12.2667) size 320.7 MB sparsity 93.4%
gen 1 initial [29/100] k= 10 (used  10.0) c=0.874 alpha=-0.057 beta=+0.057 | loss 5.6307 (delta +2.7453) size 430.1 MB sparsity 37.2%
gen 1 initial [30/100] k= 84 (used  79.6) c=0.916 alpha=-0.801 beta=+0.801 | loss 8.3055 (delta +5.4201) size 444.3 MB sparsity 59.6%
gen 1 initial [31/100] k= 37 (used  35.7) c=0.895 alpha=-0.928 beta=+0.928 | loss 9.8534 (delta +6.9681) size 407.9 MB sparsity 66.4%
gen 1 initial [32/100] k=  3 (used   3.0) c=0.848 alpha=-0.772 beta=+0.772 | loss 16.4572 (delta +13.5718) size 322.3 MB sparsity 89.8%
gen 1 initial [33/100] k=  4 (used   3.0) c=0.876 alpha=-0.698 beta=+0.698 | loss 17.1764 (delta +14.2910) size 321.9 MB sparsity 90.7%
gen 1 initial [34/100] k= 37 (used  35.7) c=0.804 alpha=-0.838 beta=+0.838 | loss 9.9586 (delta +7.0733) size 420.5 MB sparsity 61.7%
gen 1 initial [35/100] k=212 (used 212.0) c=0.845 alpha=-0.040 beta=+0.040 | loss 2.9118 (delta +0.0265) size 630.9 MB sparsity 3.5%
gen 1 initial [36/100] k= 24 (used  24.0) c=0.847 alpha=-0.202 beta=+0.202 | loss 3.1359 (delta +0.2505) size 496.2 MB sparsity 18.2%
gen 1 initial [37/100] k= 22 (used  22.0) c=0.780 alpha=-0.125 beta=+0.125 | loss 3.1058 (delta +0.2204) size 496.6 MB sparsity 14.4%
gen 1 initial [38/100] k= 19 (used  19.0) c=0.706 alpha=-0.505 beta=+0.505 | loss 5.2120 (delta +2.3267) size 450.5 MB sparsity 40.6%
gen 1 initial [39/100] k=  5 (used   5.0) c=0.866 alpha=-0.745 beta=+0.745 | loss 12.9280 (delta +10.0426) size 349.9 MB sparsity 64.1%
gen 1 initial [40/100] k=  9 (used   9.0) c=0.898 alpha=-0.630 beta=+0.630 | loss 6.7923 (delta +3.9070) size 384.1 MB sparsity 50.6%
gen 1 initial [41/100] k=  4 (used   3.0) c=0.975 alpha=-0.851 beta=+0.851 | loss 15.4746 (delta +12.5893) size 320.7 MB sparsity 93.5%
gen 1 initial [42/100] k= 33 (used  33.0) c=0.811 alpha=-0.155 beta=+0.155 | loss 3.0295 (delta +0.1442) size 510.6 MB sparsity 13.8%
gen 1 initial [43/100] k= 11 (used  11.0) c=0.986 alpha=-0.735 beta=+0.735 | loss 8.6604 (delta +5.7751) size 395.9 MB sparsity 56.3%
gen 1 initial [44/100] k=  8 (used   7.0) c=0.981 alpha=-0.193 beta=+0.193 | loss 11.0027 (delta +8.1174) size 382.5 MB sparsity 51.7%
gen 1 initial [45/100] k= 19 (used  19.0) c=0.998 alpha=-0.271 beta=+0.271 | loss 3.4512 (delta +0.5658) size 486.9 MB sparsity 24.3%
gen 1 initial [46/100] k=155 (used 147.1) c=0.968 alpha=-0.710 beta=+0.710 | loss 7.0486 (delta +4.1633) size 481.6 MB sparsity 54.2%
gen 1 initial [47/100] k= 89 (used  82.6) c=0.898 alpha=-0.980 beta=+0.980 | loss 10.7226 (delta +7.8373) size 415.1 MB sparsity 68.9%
gen 1 initial [48/100] k= 79 (used  75.5) c=0.779 alpha=-0.612 beta=+0.612 | loss 5.2717 (delta +2.3863) size 480.8 MB sparsity 47.9%
gen 1 initial [49/100] k=  4 (used   3.0) c=0.949 alpha=-0.055 beta=+0.055 | loss 17.0914 (delta +14.2061) size 321.0 MB sparsity 92.8%
gen 1 initial [50/100] k= 40 (used  39.6) c=0.962 alpha=-0.616 beta=+0.616 | loss 5.6434 (delta +2.7581) size 456.7 MB sparsity 48.2%
gen 1 initial [51/100] k= 92 (used  91.0) c=0.992 alpha=-0.042 beta=+0.042 | loss 2.9061 (delta +0.0207) size 586.1 MB sparsity 4.3%
gen 1 initial [52/100] k=  3 (used   3.0) c=0.769 alpha=-0.884 beta=+0.884 | loss 17.2927 (delta +14.4074) size 323.7 MB sparsity 86.7%
gen 1 initial [53/100] k=  4 (used   3.0) c=0.852 alpha=-0.710 beta=+0.710 | loss 16.3877 (delta +13.5024) size 322.3 MB sparsity 89.9%
gen 1 initial [54/100] k=  6 (used   5.0) c=0.941 alpha=-0.173 beta=+0.173 | loss 15.2237 (delta +12.3384) size 347.3 MB sparsity 67.0%
gen 1 initial [55/100] k=  5 (used   5.0) c=0.737 alpha=-0.092 beta=+0.092 | loss 12.7696 (delta +9.8842) size 356.6 MB sparsity 56.6%
gen 1 initial [56/100] k= 10 (used  10.0) c=0.847 alpha=-0.184 beta=+0.184 | loss 5.5900 (delta +2.7047) size 431.9 MB sparsity 36.2%
gen 1 initial [57/100] k=  9 (used   9.0) c=0.977 alpha=-0.980 beta=+0.980 | loss 12.0199 (delta +9.1346) size 359.0 MB sparsity 69.3%
gen 1 initial [58/100] k= 47 (used  46.2) c=0.732 alpha=-0.459 beta=+0.459 | loss 4.3740 (delta +1.4886) size 486.3 MB sparsity 37.2%
gen 1 initial [59/100] k=219 (used 203.8) c=0.879 alpha=-0.784 beta=+0.784 | loss 8.2128 (delta +5.3275) size 465.8 MB sparsity 58.6%
gen 1 initial [60/100] k= 22 (used  22.0) c=0.935 alpha=-0.636 beta=+0.636 | loss 6.0352 (delta +3.1499) size 430.4 MB sparsity 49.6%
gen 1 initial [61/100] k=116 (used 111.9) c=0.939 alpha=-0.572 beta=+0.572 | loss 4.7522 (delta +1.8669) size 489.1 MB sparsity 45.3%
gen 1 initial [62/100] k= 41 (used  41.0) c=0.960 alpha=-0.145 beta=+0.145 | loss 2.9647 (delta +0.0794) size 541.4 MB sparsity 12.9%
gen 1 initial [63/100] k= 14 (used  14.0) c=0.828 alpha=-0.946 beta=+0.946 | loss 11.0749 (delta +8.1895) size 376.2 MB sparsity 67.3%
gen 1 initial [64/100] k= 20 (used  20.0) c=0.774 alpha=-0.301 beta=+0.301 | loss 3.5104 (delta +0.6250) size 483.8 MB sparsity 25.8%
gen 1 initial [65/100] k=110 (used 104.5) c=0.732 alpha=-0.578 beta=+0.578 | loss 5.1705 (delta +2.2851) size 487.9 MB sparsity 45.7%
gen 1 initial [66/100] k=  5 (used   5.0) c=0.947 alpha=-0.700 beta=+0.700 | loss 15.3731 (delta +12.4878) size 347.0 MB sparsity 67.3%
gen 1 initial [67/100] k=178 (used 166.5) c=0.750 alpha=-0.649 beta=+0.649 | loss 5.8955 (delta +3.0102) size 495.3 MB sparsity 50.4%
gen 1 initial [68/100] k=  4 (used   3.0) c=0.706 alpha=-0.941 beta=+0.941 | loss 17.0697 (delta +14.1843) size 325.1 MB sparsity 83.7%
gen 1 initial [69/100] k=  3 (used   3.0) c=0.877 alpha=-0.148 beta=+0.148 | loss 16.9753 (delta +14.0899) size 321.9 MB sparsity 90.8%
gen 1 initial [70/100] k= 11 (used  11.0) c=0.851 alpha=-0.508 beta=+0.508 | loss 5.1503 (delta +2.2650) size 421.5 MB sparsity 42.0%
gen 1 initial [71/100] k=  3 (used   3.0) c=0.754 alpha=-0.404 beta=+0.404 | loss 17.3232 (delta +14.4378) size 324.0 MB sparsity 86.0%
gen 1 initial [72/100] k= 35 (used  34.8) c=0.825 alpha=-0.474 beta=+0.474 | loss 4.0782 (delta +1.1929) size 483.0 MB sparsity 38.4%
gen 1 initial [73/100] k= 28 (used  28.0) c=0.731 alpha=-0.119 beta=+0.119 | loss 3.0758 (delta +0.1904) size 496.7 MB sparsity 11.5%
gen 1 initial [74/100] k=181 (used 179.9) c=0.730 alpha=-0.134 beta=+0.134 | loss 3.0794 (delta +0.1940) size 630.8 MB sparsity 11.4%
gen 1 initial [75/100] k=233 (used 228.9) c=0.941 alpha=-0.278 beta=+0.278 | loss 3.1305 (delta +0.2452) size 592.4 MB sparsity 23.3%
gen 1 initial [76/100] k= 92 (used  90.7) c=0.740 alpha=-0.305 beta=+0.305 | loss 3.4723 (delta +0.5870) size 551.4 MB sparsity 25.4%
gen 1 initial [77/100] k=133 (used 129.0) c=0.839 alpha=-0.428 beta=+0.428 | loss 3.6727 (delta +0.7874) size 546.3 MB sparsity 34.9%
gen 1 initial [78/100] k=  9 (used   9.0) c=0.742 alpha=-0.611 beta=+0.611 | loss 6.4763 (delta +3.5909) size 386.5 MB sparsity 48.8%
gen 1 initial [79/100] k=  7 (used   7.0) c=0.810 alpha=-0.635 beta=+0.635 | loss 7.8445 (delta +4.9592) size 382.4 MB sparsity 51.8%
gen 1 initial [80/100] k= 15 (used  15.0) c=0.906 alpha=-0.412 beta=+0.412 | loss 4.0673 (delta +1.1819) size 434.6 MB sparsity 34.7%
gen 1 initial [81/100] k=174 (used 168.7) c=0.844 alpha=-0.409 beta=+0.409 | loss 3.5882 (delta +0.7028) size 555.8 MB sparsity 33.5%
gen 1 initial [82/100] k=127 (used 126.1) c=0.896 alpha=-0.218 beta=+0.218 | loss 3.0278 (delta +0.1424) size 573.4 MB sparsity 18.3%
gen 1 initial [83/100] k= 47 (used  45.8) c=0.786 alpha=-0.588 beta=+0.588 | loss 5.0779 (delta +2.1926) size 461.7 MB sparsity 46.4%
gen 1 initial [84/100] k= 62 (used  61.8) c=0.958 alpha=-0.317 beta=+0.317 | loss 3.2657 (delta +0.3803) size 515.3 MB sparsity 26.4%
gen 1 initial [85/100] k=  4 (used   3.0) c=0.918 alpha=-0.036 beta=+0.036 | loss 16.8886 (delta +14.0033) size 321.3 MB sparsity 92.0%
gen 1 initial [86/100] k=  5 (used   5.0) c=0.988 alpha=-0.418 beta=+0.418 | loss 15.6090 (delta +12.7237) size 345.4 MB sparsity 69.1%
gen 1 initial [87/100] k= 94 (used  91.9) c=0.939 alpha=-0.474 beta=+0.474 | loss 3.9542 (delta +1.0689) size 510.8 MB sparsity 38.3%
gen 1 initial [88/100] k= 38 (used  38.0) c=0.729 alpha=-0.226 beta=+0.226 | loss 3.3196 (delta +0.4343) size 534.8 MB sparsity 19.1%
gen 1 initial [89/100] k= 34 (used  33.8) c=0.872 alpha=-0.572 beta=+0.572 | loss 4.8502 (delta +1.9649) size 464.4 MB sparsity 45.3%
gen 1 initial [90/100] k= 86 (used  83.5) c=0.940 alpha=-0.566 beta=+0.566 | loss 4.7230 (delta +1.8376) size 490.5 MB sparsity 44.8%
gen 1 initial [91/100] k=187 (used 173.3) c=0.736 alpha=-0.702 beta=+0.702 | loss 6.7324 (delta +3.8471) size 483.4 MB sparsity 53.7%
gen 1 initial [92/100] k= 53 (used  51.4) c=0.826 alpha=-0.648 beta=+0.648 | loss 5.6459 (delta +2.7605) size 451.1 MB sparsity 50.3%
gen 1 initial [93/100] k= 12 (used  11.0) c=0.970 alpha=-0.652 beta=+0.652 | loss 7.2265 (delta +4.3411) size 404.6 MB sparsity 51.4%
gen 1 initial [94/100] k= 14 (used  14.0) c=0.794 alpha=-0.316 beta=+0.316 | loss 3.8034 (delta +0.9180) size 446.1 MB sparsity 28.3%
gen 1 initial [95/100] k=191 (used 177.1) c=0.831 alpha=-0.787 beta=+0.787 | loss 8.4960 (delta +5.6107) size 465.1 MB sparsity 58.8%
gen 1 initial [96/100] k= 32 (used  30.9) c=0.981 alpha=-0.549 beta=+0.549 | loss 4.7300 (delta +1.8446) size 443.6 MB sparsity 43.7%
gen 1 initial [97/100] k= 14 (used  13.0) c=0.996 alpha=-0.431 beta=+0.431 | loss 4.6451 (delta +1.7598) size 430.6 MB sparsity 36.9%
gen 1 initial [98/100] k=  4 (used   3.0) c=0.955 alpha=-0.626 beta=+0.626 | loss 16.4138 (delta +13.5284) size 320.9 MB sparsity 93.0%
gen 1 initial [99/100] k= 38 (used  38.0) c=0.906 alpha=-0.361 beta=+0.361 | loss 3.4514 (delta +0.5661) size 506.0 MB sparsity 29.8%
gen 1 initial [100/100] k=114 (used 109.5) c=0.789 alpha=-0.513 beta=+0.513 | loss 4.4979 (delta +1.6125) size 502.1 MB sparsity 41.1%
=== generation 1/50 done in 457s (0 reused), batch baseline 2.8854, HV 0.14402, front 11 points, 29/100 feasible, best delta loss +0.0207, smallest 446.1 MB
gen 2 offspring [1/100] k=146 (used 138.3) c=0.869 alpha=-0.754 beta=+0.581 | loss 9.9005 (delta +7.0152) size 491.8 MB sparsity 51.4%
gen 2 offspring [2/100] k=180 (used 175.5) c=0.950 alpha=-0.134 beta=+0.634 | loss 15.3134 (delta +12.4280) size 566.8 MB sparsity 30.4%
gen 2 offspring [3/100] k=  3 (used   3.0) c=0.719 alpha=-0.772 beta=+0.801 | loss 17.4120 (delta +14.5266) size 324.8 MB sparsity 84.3%
gen 2 offspring [4/100] k= 11 (used  11.0) c=0.961 alpha=-0.661 beta=+0.672 | loss 7.7178 (delta +4.8325) size 403.1 MB sparsity 52.3%
gen 2 offspring [5/100] k= 25 (used  25.0) c=0.979 alpha=-0.052 beta=+0.544 | loss 15.3826 (delta +12.4972) size 476.0 MB sparsity 29.2%
gen 2 offspring [6/100] k= 43 (used  42.1) c=0.786 alpha=-0.581 beta=+0.576 | loss 4.9908 (delta +2.1054) size 463.5 MB sparsity 45.7%
gen 2 offspring [7/100] k= 37 (used  35.9) c=0.714 alpha=-0.958 beta=+0.207 | loss 17.9989 (delta +15.1135) size 471.4 MB sparsity 42.7%
gen 2 offspring [8/100] k= 10 (used  10.0) c=0.874 alpha=-0.058 beta=+0.057 | loss 5.6284 (delta +2.7430) size 430.1 MB sparsity 37.2%
gen 2 offspring [9/100] k= 92 (used  88.8) c=0.758 alpha=-0.670 beta=+0.319 | loss 18.0452 (delta +15.1598) size 508.4 MB sparsity 39.1%
gen 2 offspring [10/100] k=233 (used 228.6) c=0.967 alpha=-0.307 beta=+0.294 | loss 3.1879 (delta +0.3025) size 586.0 MB sparsity 25.1%
gen 2 offspring [11/100] k= 30 (used  30.0) c=0.782 alpha=-0.125 beta=+0.125 | loss 3.0226 (delta +0.1372) size 496.7 MB sparsity 11.8%
gen 2 offspring [12/100] k=154 (used 150.2) c=0.839 alpha=-0.301 beta=+0.428 | loss 3.3986 (delta +0.5133) size 568.2 MB sparsity 30.0%
gen 2 offspring [13/100] k= 19 (used  19.0) c=0.726 alpha=-0.666 beta=+0.122 | loss 17.9427 (delta +15.0573) size 467.2 MB sparsity 33.2%
gen 2 offspring [14/100] k= 45 (used  45.0) c=0.811 alpha=-0.155 beta=+0.156 | loss 3.0153 (delta +0.1299) size 541.4 MB sparsity 13.4%
gen 2 offspring [15/100] k= 87 (used  84.4) c=0.928 alpha=-0.563 beta=+0.569 | loss 4.7333 (delta +1.8480) size 490.4 MB sparsity 44.9%
gen 2 offspring [16/100] k= 60 (used  60.0) c=0.972 alpha=-0.241 beta=+0.241 | loss 3.0828 (delta +0.1975) size 531.7 MB sparsity 20.3%
gen 2 offspring [17/100] k= 28 (used  27.0) c=0.993 alpha=-0.119 beta=+0.119 | loss 3.0406 (delta +0.1553) size 496.6 MB sparsity 14.1%
gen 2 offspring [18/100] k= 35 (used  35.0) c=0.825 alpha=-0.111 beta=+0.121 | loss 2.9839 (delta +0.0986) size 541.4 MB sparsity 10.8%
gen 2 offspring [19/100] k= 94 (used  91.8) c=0.939 alpha=-0.513 beta=+0.469 | loss 4.0838 (delta +1.1984) size 507.0 MB sparsity 39.5%
gen 2 offspring [20/100] k= 10 (used  10.0) c=0.860 alpha=-0.413 beta=+0.412 | loss 5.4490 (delta +2.5636) size 428.2 MB sparsity 38.3%
gen 2 offspring [21/100] k= 11 (used  11.0) c=0.811 alpha=-0.106 beta=+0.107 | loss 4.2198 (delta +1.3344) size 445.1 MB sparsity 28.6%
gen 2 offspring [22/100] k= 60 (used  59.9) c=0.958 alpha=-0.024 beta=+0.317 | loss 3.0571 (delta +0.1718) size 540.7 MB sparsity 16.3%
gen 2 offspring [23/100] k= 10 (used  10.0) c=0.845 alpha=-0.184 beta=+0.202 | loss 5.5420 (delta +2.6566) size 432.0 MB sparsity 36.1%
gen 2 offspring [24/100] k=112 (used 106.5) c=0.967 alpha=-0.747 beta=+0.751 | loss 7.4265 (delta +4.5411) size 453.7 MB sparsity 56.6%
gen 2 offspring [25/100] k= 97 (used  97.0) c=0.992 alpha=-0.042 beta=+0.097 | loss 2.8991 (delta +0.0137) size 586.1 MB sparsity 6.3%
gen 2 offspring [26/100] k= 55 (used  53.4) c=0.841 alpha=-0.806 beta=+0.436 | loss 17.9717 (delta +15.0863) size 458.0 MB sparsity 47.7%
gen 2 offspring [27/100] k= 47 (used  46.6) c=0.866 alpha=-0.085 beta=+0.537 | loss 15.2155 (delta +12.3301) size 517.8 MB sparsity 25.4%
gen 2 offspring [28/100] k=  9 (used   9.0) c=0.895 alpha=-0.953 beta=+0.928 | loss 12.2217 (delta +9.3363) size 361.6 MB sparsity 67.3%
gen 2 offspring [29/100] k= 91 (used  90.8) c=0.871 alpha=-0.027 beta=+0.248 | loss 2.9780 (delta +0.0926) size 586.1 MB sparsity 12.2%
gen 2 offspring [30/100] k= 21 (used  21.0) c=0.847 alpha=-0.202 beta=+0.198 | loss 3.1580 (delta +0.2727) size 495.9 MB sparsity 18.4%
gen 2 offspring [31/100] k=212 (used 212.0) c=0.845 alpha=-0.039 beta=+0.040 | loss 2.9115 (delta +0.0262) size 630.9 MB sparsity 3.4%
gen 2 offspring [32/100] k= 10 (used  10.0) c=0.847 alpha=-0.093 beta=+0.184 | loss 5.5900 (delta +2.7047) size 431.9 MB sparsity 36.2%
gen 2 offspring [33/100] k= 32 (used  32.0) c=0.825 alpha=-0.301 beta=+0.300 | loss 3.3591 (delta +0.4737) size 485.0 MB sparsity 25.2%
gen 2 offspring [34/100] k=181 (used 180.2) c=0.838 alpha=-0.134 beta=+0.134 | loss 2.9411 (delta +0.0558) size 630.8 MB sparsity 11.4%
gen 2 offspring [35/100] k=190 (used 185.0) c=0.959 alpha=-0.409 beta=+0.409 | loss 3.5579 (delta +0.6725) size 555.8 MB sparsity 33.5%
gen 2 offspring [36/100] k= 10 (used  10.0) c=0.874 alpha=-0.059 beta=+0.021 | loss 5.6246 (delta +2.7393) size 430.1 MB sparsity 37.2%
gen 2 offspring [37/100] k=215 (used 200.4) c=0.879 alpha=-0.767 beta=+0.784 | loss 7.9364 (delta +5.0510) size 467.7 MB sparsity 58.1%
gen 2 offspring [38/100] k=  9 (used   9.0) c=0.899 alpha=-0.106 beta=+0.106 | loss 5.6679 (delta +2.7826) size 400.8 MB sparsity 38.1%
gen 2 offspring [39/100] k= 12 (used  11.0) c=0.930 alpha=-0.475 beta=+0.268 | loss 4.9201 (delta +2.0347) size 431.8 MB sparsity 36.3%
gen 2 offspring [40/100] k= 20 (used  20.0) c=0.845 alpha=-0.100 beta=+0.049 | loss 3.1784 (delta +0.2930) size 495.5 MB sparsity 17.2%
gen 2 offspring [41/100] k= 47 (used  46.9) c=0.848 alpha=-0.302 beta=+0.302 | loss 3.2692 (delta +0.3839) size 518.5 MB sparsity 25.2%
gen 2 offspring [42/100] k=191 (used 177.4) c=0.831 alpha=-0.766 beta=+0.787 | loss 7.8644 (delta +4.9791) size 467.3 MB sparsity 58.2%
gen 2 offspring [43/100] k=  5 (used   5.0) c=0.811 alpha=-0.143 beta=+0.155 | loss 13.0667 (delta +10.1814) size 353.0 MB sparsity 60.6%
gen 2 offspring [44/100] k= 92 (used  90.6) c=0.728 alpha=-0.305 beta=+0.305 | loss 3.5380 (delta +0.6527) size 551.4 MB sparsity 25.4%
gen 2 offspring [45/100] k= 96 (used  89.8) c=0.916 alpha=-0.898 beta=+0.897 | loss 9.2121 (delta +6.3268) size 427.9 MB sparsity 64.8%
gen 2 offspring [46/100] k=233 (used 228.9) c=0.941 alpha=-0.282 beta=+0.280 | loss 3.1360 (delta +0.2506) size 591.5 MB sparsity 23.5%
gen 2 offspring [47/100] k=113 (used 112.6) c=0.915 alpha=-0.239 beta=+0.050 | loss 2.9515 (delta +0.0661) size 586.1 MB sparsity 12.3%
gen 2 offspring [48/100] k=  4 (used   3.0) c=0.936 alpha=-0.563 beta=+0.737 | loss 16.8036 (delta +13.9183) size 321.1 MB sparsity 92.5%
gen 2 offspring [49/100] k=119 (used 115.0) c=0.715 alpha=-0.650 beta=+0.150 | loss 17.9729 (delta +15.0876) size 532.0 MB sparsity 31.6%
gen 2 offspring [50/100] k= 13 (used  13.0) c=0.847 alpha=-0.606 beta=+0.610 | loss 5.7744 (delta +2.8890) size 410.6 MB sparsity 48.1%
gen 2 offspring [51/100] k= 47 (used  47.0) c=0.866 alpha=-0.134 beta=+0.071 | loss 2.9475 (delta +0.0621) size 541.4 MB sparsity 9.5%
gen 2 offspring [52/100] k= 19 (used  19.0) c=0.816 alpha=-0.549 beta=+0.072 | loss 17.7039 (delta +14.8186) size 473.8 MB sparsity 30.2%
gen 2 offspring [53/100] k= 91 (used  90.8) c=0.915 alpha=-0.200 beta=+0.215 | loss 3.0068 (delta +0.1215) size 575.9 MB sparsity 17.5%
gen 2 offspring [54/100] k= 34 (used  33.5) c=0.907 alpha=-0.079 beta=+0.944 | loss 15.3874 (delta +12.5020) size 479.5 MB sparsity 38.9%
gen 2 offspring [55/100] k= 40 (used  39.6) c=0.962 alpha=-0.616 beta=+0.588 | loss 5.3168 (delta +2.4315) size 459.3 MB sparsity 47.3%
gen 2 offspring [56/100] k= 22 (used  22.0) c=0.935 alpha=-0.285 beta=+0.636 | loss 15.4994 (delta +12.6140) size 458.2 MB sparsity 37.2%
gen 2 offspring [57/100] k=  5 (used   5.0) c=0.843 alpha=-0.957 beta=+0.999 | loss 13.1664 (delta +10.2811) size 343.9 MB sparsity 70.8%
gen 2 offspring [58/100] k=191 (used 177.0) c=0.827 alpha=-0.787 beta=+0.787 | loss 8.2893 (delta +5.4040) size 465.1 MB sparsity 58.8%
gen 2 offspring [59/100] k= 18 (used  18.0) c=0.765 alpha=-0.428 beta=+0.301 | loss 3.9624 (delta +1.0770) size 472.9 MB sparsity 30.6%
gen 2 offspring [60/100] k= 70 (used  69.1) c=0.976 alpha=-0.090 beta=+0.633 | loss 15.3126 (delta +12.4273) size 541.0 MB sparsity 28.7%
gen 2 offspring [61/100] k= 24 (used  24.0) c=0.847 alpha=-0.202 beta=+0.201 | loss 3.1331 (delta +0.2477) size 496.2 MB sparsity 18.1%
gen 2 offspring [62/100] k=114 (used 109.8) c=0.816 alpha=-0.515 beta=+0.510 | loss 4.4062 (delta +1.5209) size 502.2 MB sparsity 41.1%
gen 2 offspring [63/100] k= 46 (used  46.0) c=0.840 alpha=-0.145 beta=+0.008 | loss 2.9577 (delta +0.0724) size 541.4 MB sparsity 9.9%
gen 2 offspring [64/100] k= 19 (used  19.0) c=0.731 alpha=-0.271 beta=+0.271 | loss 3.7246 (delta +0.8392) size 489.1 MB sparsity 23.4%
gen 2 offspring [65/100] k= 49 (used  48.6) c=0.947 alpha=-0.467 beta=+0.463 | loss 3.9307 (delta +1.0453) size 485.0 MB sparsity 37.7%
gen 2 offspring [66/100] k= 11 (used  11.0) c=0.851 alpha=-0.470 beta=+0.509 | loss 5.0159 (delta +2.1306) size 423.7 MB sparsity 40.8%
gen 2 offspring [67/100] k= 38 (used  38.0) c=0.906 alpha=-0.360 beta=+0.361 | loss 3.4433 (delta +0.5579) size 506.1 MB sparsity 29.8%
gen 2 offspring [68/100] k=  8 (used   7.0) c=0.981 alpha=-0.028 beta=+0.083 | loss 11.0027 (delta +8.1174) size 382.5 MB sparsity 51.7%
gen 2 offspring [69/100] k= 22 (used  22.0) c=0.871 alpha=-0.335 beta=+0.029 | loss 3.2781 (delta +0.3927) size 491.9 MB sparsity 22.1%
gen 2 offspring [70/100] k= 39 (used  38.8) c=0.734 alpha=-0.414 beta=+0.440 | loss 4.0524 (delta +1.1670) size 492.6 MB sparsity 34.8%
gen 2 offspring [71/100] k=147 (used 147.0) c=0.846 alpha=-0.040 beta=+0.040 | loss 2.9158 (delta +0.0304) size 630.9 MB sparsity 3.5%
gen 2 offspring [72/100] k= 12 (used  12.0) c=0.804 alpha=-0.330 beta=+0.271 | loss 4.2546 (delta +1.3693) size 443.7 MB sparsity 29.6%
gen 2 offspring [73/100] k=137 (used 132.1) c=0.910 alpha=-0.236 beta=+0.801 | loss 15.3882 (delta +12.5028) size 532.9 MB sparsity 39.7%
gen 2 offspring [74/100] k= 47 (used  46.6) c=0.729 alpha=-0.459 beta=+0.134 | loss 4.2775 (delta +1.3922) size 520.7 MB sparsity 24.4%
gen 2 offspring [75/100] k= 36 (used  35.7) c=0.898 alpha=-0.611 beta=+0.630 | loss 5.6001 (delta +2.7147) size 455.9 MB sparsity 48.5%
gen 2 offspring [76/100] k= 28 (used  28.0) c=0.758 alpha=-0.287 beta=+0.065 | loss 3.1526 (delta +0.2672) size 496.5 MB sparsity 17.5%
gen 2 offspring [77/100] k=130 (used 129.0) c=0.770 alpha=-0.182 beta=+0.202 | loss 3.0974 (delta +0.2121) size 614.1 MB sparsity 16.2%
gen 2 offspring [78/100] k= 22 (used  22.0) c=0.780 alpha=-0.120 beta=+0.147 | loss 3.1051 (delta +0.2197) size 496.6 MB sparsity 14.7%
gen 2 offspring [79/100] k= 34 (used  33.8) c=0.916 alpha=-0.572 beta=+0.563 | loss 4.7588 (delta +1.8735) size 465.2 MB sparsity 45.0%
gen 2 offspring [80/100] k= 21 (used  21.0) c=0.776 alpha=-0.474 beta=+0.476 | loss 4.4608 (delta +1.5755) size 455.2 MB sparsity 38.5%
gen 2 offspring [81/100] k=133 (used 128.7) c=0.756 alpha=-0.428 beta=+0.395 | loss 3.8611 (delta +0.9757) size 550.4 MB sparsity 33.7%
gen 2 offspring [82/100] k= 38 (used  38.0) c=0.855 alpha=-0.145 beta=+0.145 | loss 2.9794 (delta +0.0941) size 541.4 MB sparsity 12.9%
gen 2 offspring [83/100] k= 38 (used  38.0) c=0.906 alpha=-0.327 beta=+0.361 | loss 3.3777 (delta +0.4924) size 509.5 MB sparsity 28.6%
gen 2 offspring [84/100] k= 55 (used  53.1) c=0.822 alpha=-0.655 beta=+0.703 | loss 6.5890 (delta +3.7037) size 445.9 MB sparsity 52.3%
gen 2 offspring [85/100] k= 39 (used  39.0) c=0.729 alpha=-0.243 beta=+0.226 | loss 3.4634 (delta +0.5780) size 533.0 MB sparsity 19.8%
gen 2 offspring [86/100] k=132 (used 130.7) c=0.808 alpha=-0.218 beta=+0.218 | loss 3.0881 (delta +0.2028) size 609.7 MB sparsity 18.3%
gen 2 offspring [87/100] k= 69 (used  68.5) c=1.000 alpha=-0.273 beta=+0.434 | loss 3.3497 (delta +0.4644) size 539.6 MB sparsity 29.1%
gen 2 offspring [88/100] k= 59 (used  59.0) c=0.742 alpha=-0.052 beta=+0.093 | loss 3.0220 (delta +0.1366) size 541.4 MB sparsity 6.7%
gen 2 offspring [89/100] k= 72 (used  69.5) c=0.786 alpha=-0.592 beta=+0.563 | loss 5.0057 (delta +2.1203) size 488.0 MB sparsity 45.6%
gen 2 offspring [90/100] k= 32 (used  31.3) c=0.918 alpha=-0.849 beta=+0.837 | loss 9.4724 (delta +6.5871) size 402.9 MB sparsity 61.9%
gen 2 offspring [91/100] k= 89 (used  88.0) c=0.958 alpha=-0.317 beta=+0.360 | loss 3.3030 (delta +0.4176) size 543.0 MB sparsity 28.1%
gen 2 offspring [92/100] k= 83 (used  78.5) c=0.900 alpha=-0.829 beta=+0.801 | loss 8.6621 (delta +5.7767) size 441.8 MB sparsity 60.4%
gen 2 offspring [93/100] k=  9 (used   9.0) c=0.742 alpha=-0.607 beta=+0.609 | loss 6.4286 (delta +3.5433) size 386.7 MB sparsity 48.6%
gen 2 offspring [94/100] k= 92 (used  92.0) c=0.983 alpha=-0.042 beta=+0.199 | loss 2.9328 (delta +0.0474) size 586.1 MB sparsity 10.6%
gen 2 offspring [95/100] k=118 (used 115.4) c=0.996 alpha=-0.447 beta=+0.225 | loss 3.3710 (delta +0.4857) size 544.4 MB sparsity 27.6%
gen 2 offspring [96/100] k= 10 (used  10.0) c=0.874 alpha=-0.792 beta=+0.780 | loss 9.1444 (delta +6.2590) size 390.5 MB sparsity 59.4%
gen 2 offspring [97/100] k=  5 (used   5.0) c=0.847 alpha=-0.004 beta=+0.005 | loss 12.8704 (delta +9.9850) size 351.3 MB sparsity 62.5%
gen 2 offspring [98/100] k= 15 (used  15.0) c=0.896 alpha=-0.202 beta=+0.424 | loss 3.7090 (delta +0.8236) size 444.2 MB sparsity 29.3%
gen 2 offspring [99/100] k=222 (used 222.0) c=0.879 alpha=-0.052 beta=+0.063 | loss 2.9037 (delta +0.0183) size 630.9 MB sparsity 4.9%
gen 2 offspring [100/100] k=181 (used 179.9) c=0.730 alpha=-0.137 beta=+0.134 | loss 3.0807 (delta +0.1953) size 630.7 MB sparsity 11.5%
=== generation 2/50 done in 450s (0 reused), batch baseline 2.8854, HV 0.15546, front 21 points, 73/100 feasible, best delta loss +0.0137, smallest 444.2 MB
gen 3 offspring [1/100] k= 28 (used  27.0) c=0.981 alpha=-0.549 beta=+0.549 | loss 4.7209 (delta +1.8356) size 443.6 MB sparsity 43.7%
gen 3 offspring [2/100] k= 20 (used  20.0) c=0.731 alpha=-0.125 beta=+0.125 | loss 3.2345 (delta +0.3492) size 496.5 MB sparsity 15.0%
gen 3 offspring [3/100] k=127 (used 126.1) c=0.915 alpha=-0.218 beta=+0.218 | loss 3.0213 (delta +0.1359) size 573.4 MB sparsity 18.3%
gen 3 offspring [4/100] k= 48 (used  47.9) c=0.959 alpha=-0.300 beta=+0.409 | loss 3.3769 (delta +0.4915) size 507.5 MB sparsity 29.3%
gen 3 offspring [5/100] k=222 (used 221.8) c=0.879 alpha=-0.089 beta=+0.063 | loss 2.9064 (delta +0.0211) size 630.9 MB sparsity 6.5%
gen 3 offspring [6/100] k= 90 (used  89.0) c=0.846 alpha=-0.302 beta=+0.302 | loss 3.2276 (delta +0.3423) size 552.1 MB sparsity 25.2%
gen 3 offspring [7/100] k=175 (used 170.6) c=0.954 alpha=-0.400 beta=+0.393 | loss 3.5119 (delta +0.6265) size 559.1 MB sparsity 32.6%
gen 3 offspring [8/100] k= 17 (used  17.0) c=0.947 alpha=-0.022 beta=+0.158 | loss 3.3763 (delta +0.4909) size 458.4 MB sparsity 21.4%
gen 3 offspring [9/100] k= 27 (used  27.0) c=0.720 alpha=-0.119 beta=+0.114 | loss 3.1433 (delta +0.2579) size 496.7 MB sparsity 11.3%
gen 3 offspring [10/100] k= 64 (used  63.4) c=0.958 alpha=-0.496 beta=+0.327 | loss 3.7277 (delta +0.8423) size 496.2 MB sparsity 33.5%
gen 3 offspring [11/100] k= 54 (used  54.0) c=0.736 alpha=-0.157 beta=+0.093 | loss 3.0479 (delta +0.1625) size 541.4 MB sparsity 10.8%
gen 3 offspring [12/100] k= 55 (used  55.0) c=0.830 alpha=-0.210 beta=+0.155 | loss 3.0190 (delta +0.1337) size 541.3 MB sparsity 15.5%
gen 3 offspring [13/100] k= 38 (used  38.0) c=0.740 alpha=-0.226 beta=+0.226 | loss 3.2820 (delta +0.3967) size 534.8 MB sparsity 19.1%
gen 3 offspring [14/100] k= 91 (used  90.9) c=0.808 alpha=-0.027 beta=+0.191 | loss 2.9733 (delta +0.0879) size 586.1 MB sparsity 9.8%
gen 3 offspring [15/100] k= 21 (used  21.0) c=0.730 alpha=-0.133 beta=+0.134 | loss 3.2168 (delta +0.3315) size 496.6 MB sparsity 13.9%
gen 3 offspring [16/100] k= 92 (used  90.7) c=0.755 alpha=-0.305 beta=+0.305 | loss 3.4090 (delta +0.5237) size 551.4 MB sparsity 25.4%
gen 3 offspring [17/100] k= 39 (used  39.0) c=0.729 alpha=-0.159 beta=+0.207 | loss 3.2658 (delta +0.3804) size 541.2 MB sparsity 15.7%
gen 3 offspring [18/100] k= 59 (used  59.0) c=0.829 alpha=-0.040 beta=+0.038 | loss 2.9405 (delta +0.0552) size 541.4 MB sparsity 5.4%
gen 3 offspring [19/100] k= 32 (used  31.0) c=0.991 alpha=-0.283 beta=+0.121 | loss 3.0932 (delta +0.2079) size 496.2 MB sparsity 18.3%
gen 3 offspring [20/100] k= 35 (used  35.0) c=0.782 alpha=-0.111 beta=+0.121 | loss 3.0154 (delta +0.1300) size 541.4 MB sparsity 10.7%
gen 3 offspring [21/100] k= 51 (used  50.8) c=0.906 alpha=-0.361 beta=+0.359 | loss 3.4091 (delta +0.5237) size 506.3 MB sparsity 29.7%
gen 3 offspring [22/100] k= 49 (used  49.0) c=0.945 alpha=-0.117 beta=+0.144 | loss 2.9446 (delta +0.0592) size 541.4 MB sparsity 11.5%
gen 3 offspring [23/100] k=137 (used 130.7) c=0.731 alpha=-0.515 beta=+0.500 | loss 4.8179 (delta +1.9326) size 527.8 MB sparsity 40.7%
gen 3 offspring [24/100] k= 20 (used  20.0) c=0.774 alpha=-0.301 beta=+0.426 | loss 3.6586 (delta +0.7732) size 473.4 MB sparsity 30.4%
gen 3 offspring [25/100] k= 70 (used  70.0) c=0.893 alpha=-0.239 beta=+0.050 | loss 2.9656 (delta +0.0802) size 586.1 MB sparsity 12.6%
gen 3 offspring [26/100] k=166 (used 163.7) c=0.856 alpha=-0.388 beta=+0.111 | loss 3.1453 (delta +0.2600) size 601.6 MB sparsity 20.7%
gen 3 offspring [27/100] k= 39 (used  38.9) c=0.849 alpha=-0.198 beta=+0.430 | loss 3.2965 (delta +0.4112) size 516.2 MB sparsity 26.1%
gen 3 offspring [28/100] k= 39 (used  39.0) c=0.757 alpha=-0.042 beta=+0.097 | loss 3.0378 (delta +0.1524) size 541.4 MB sparsity 8.3%
gen 3 offspring [29/100] k= 63 (used  63.0) c=0.838 alpha=-0.202 beta=+0.198 | loss 3.0394 (delta +0.1540) size 540.4 MB sparsity 17.0%
gen 3 offspring [30/100] k= 30 (used  29.9) c=0.783 alpha=-0.524 beta=+0.467 | loss 4.3708 (delta +1.4854) size 452.1 MB sparsity 39.9%
gen 3 offspring [31/100] k= 92 (used  90.6) c=0.723 alpha=-0.302 beta=+0.302 | loss 3.5714 (delta +0.6861) size 552.0 MB sparsity 25.2%
gen 3 offspring [32/100] k= 19 (used  19.0) c=0.994 alpha=-0.029 beta=+0.029 | loss 3.2893 (delta +0.4039) size 493.3 MB sparsity 20.1%
gen 3 offspring [33/100] k= 50 (used  49.9) c=0.792 alpha=-0.317 beta=+0.316 | loss 3.3802 (delta +0.4949) size 515.4 MB sparsity 26.3%
gen 3 offspring [34/100] k= 40 (used  40.0) c=0.728 alpha=-0.305 beta=+0.305 | loss 3.5563 (delta +0.6710) size 517.9 MB sparsity 25.4%
gen 3 offspring [35/100] k= 90 (used  89.5) c=0.977 alpha=-0.284 beta=+0.281 | loss 3.1554 (delta +0.2701) size 556.9 MB sparsity 23.6%
gen 3 offspring [36/100] k=233 (used 230.7) c=0.972 alpha=-0.048 beta=+0.318 | loss 3.0304 (delta +0.1451) size 621.0 MB sparsity 15.3%
gen 3 offspring [37/100] k= 45 (used  45.0) c=0.812 alpha=-0.155 beta=+0.156 | loss 3.0124 (delta +0.1270) size 541.4 MB sparsity 13.4%
gen 3 offspring [38/100] k= 60 (used  60.0) c=0.963 alpha=-0.087 beta=+0.207 | loss 2.9603 (delta +0.0749) size 541.4 MB sparsity 12.8%
gen 3 offspring [39/100] k=130 (used 127.6) c=0.783 alpha=-0.427 beta=+0.158 | loss 3.3715 (delta +0.4862) size 563.9 MB sparsity 24.2%
gen 3 offspring [40/100] k= 59 (used  59.0) c=0.747 alpha=-0.090 beta=+0.090 | loss 3.0250 (delta +0.1397) size 541.4 MB sparsity 8.0%
gen 3 offspring [41/100] k= 38 (used  38.0) c=0.812 alpha=-0.153 beta=+0.159 | loss 3.0084 (delta +0.1230) size 541.4 MB sparsity 13.7%
gen 3 offspring [42/100] k= 22 (used  22.0) c=0.840 alpha=-0.120 beta=+0.008 | loss 3.0953 (delta +0.2100) size 496.3 MB sparsity 15.5%
gen 3 offspring [43/100] k= 21 (used  21.0) c=0.773 alpha=-0.302 beta=+0.198 | loss 3.4190 (delta +0.5337) size 492.6 MB sparsity 21.8%
gen 3 offspring [44/100] k=230 (used 227.1) c=0.758 alpha=-0.291 beta=+0.040 | loss 3.1022 (delta +0.2169) size 626.0 MB sparsity 13.9%
gen 3 offspring [45/100] k= 91 (used  90.5) c=0.732 alpha=-0.200 beta=+0.217 | loss 3.2379 (delta +0.3525) size 575.8 MB sparsity 17.6%
gen 3 offspring [46/100] k=233 (used 227.8) c=0.967 alpha=-0.381 beta=+0.294 | loss 3.2897 (delta +0.4043) size 575.6 MB sparsity 27.9%
gen 3 offspring [47/100] k= 23 (used  23.0) c=0.814 alpha=-0.052 beta=+0.052 | loss 3.1057 (delta +0.2204) size 496.6 MB sparsity 13.7%
gen 3 offspring [48/100] k= 31 (used  31.0) c=0.884 alpha=-0.134 beta=+0.017 | loss 2.9852 (delta +0.0999) size 496.7 MB sparsity 11.8%
gen 3 offspring [49/100] k=192 (used 187.5) c=0.848 alpha=-0.410 beta=+0.249 | loss 3.3313 (delta +0.4460) size 578.1 MB sparsity 27.3%
gen 3 offspring [50/100] k= 43 (used  43.0) c=0.851 alpha=-0.115 beta=+0.160 | loss 2.9767 (delta +0.0913) size 541.4 MB sparsity 12.1%
gen 3 offspring [51/100] k= 61 (used  60.8) c=0.783 alpha=-0.122 beta=+0.307 | loss 3.1310 (delta +0.2457) size 537.7 MB sparsity 18.0%
gen 3 offspring [52/100] k= 19 (used  19.0) c=0.998 alpha=-0.271 beta=+0.276 | loss 3.4539 (delta +0.5686) size 486.5 MB sparsity 24.5%
gen 3 offspring [53/100] k= 92 (used  90.6) c=0.939 alpha=-0.334 beta=+0.459 | loss 3.5045 (delta +0.6192) size 529.2 MB sparsity 32.5%
gen 3 offspring [54/100] k= 15 (used  15.0) c=0.902 alpha=-0.056 beta=+0.424 | loss 3.7180 (delta +0.8327) size 444.1 MB sparsity 29.4%
gen 3 offspring [55/100] k=233 (used 229.1) c=0.941 alpha=-0.264 beta=+0.280 | loss 3.1206 (delta +0.2353) size 594.0 MB sparsity 22.8%
gen 3 offspring [56/100] k=132 (used 130.9) c=0.858 alpha=-0.218 beta=+0.218 | loss 3.0477 (delta +0.1623) size 609.7 MB sparsity 18.3%
gen 3 offspring [57/100] k=181 (used 179.8) c=0.847 alpha=-0.125 beta=+0.198 | loss 2.9655 (delta +0.0801) size 626.6 MB sparsity 13.7%
gen 3 offspring [58/100] k=133 (used 128.5) c=0.729 alpha=-0.428 beta=+0.395 | loss 4.0098 (delta +1.1244) size 549.7 MB sparsity 33.7%
gen 3 offspring [59/100] k= 87 (used  86.3) c=0.811 alpha=-0.312 beta=+0.206 | loss 3.1832 (delta +0.2979) size 562.9 MB sparsity 21.7%
gen 3 offspring [60/100] k=211 (used 210.4) c=0.742 alpha=-0.090 beta=+0.093 | loss 3.0125 (delta +0.1271) size 630.9 MB sparsity 7.8%
gen 3 offspring [61/100] k= 28 (used  28.0) c=0.847 alpha=-0.202 beta=+0.122 | loss 3.0407 (delta +0.1554) size 496.7 MB sparsity 15.1%
gen 3 offspring [62/100] k= 34 (used  34.0) c=0.826 alpha=-0.301 beta=+0.298 | loss 3.3232 (delta +0.4378) size 518.7 MB sparsity 25.1%
gen 3 offspring [63/100] k= 30 (used  30.0) c=0.825 alpha=-0.125 beta=+0.125 | loss 3.0006 (delta +0.1153) size 496.7 MB sparsity 12.0%
gen 3 offspring [64/100] k= 40 (used  40.0) c=0.972 alpha=-0.241 beta=+0.243 | loss 3.1358 (delta +0.2504) size 531.0 MB sparsity 20.5%
gen 3 offspring [65/100] k= 28 (used  28.0) c=0.740 alpha=-0.280 beta=+0.113 | loss 3.2053 (delta +0.3200) size 496.6 MB sparsity 17.4%
gen 3 offspring [66/100] k= 13 (used  13.0) c=0.817 alpha=-0.271 beta=+0.280 | loss 3.8206 (delta +0.9353) size 448.8 MB sparsity 26.1%
gen 3 offspring [67/100] k=112 (used 109.5) c=1.000 alpha=-0.273 beta=+0.434 | loss 3.3298 (delta +0.4445) size 539.6 MB sparsity 29.1%
gen 3 offspring [68/100] k= 52 (used  51.9) c=0.928 alpha=-0.069 beta=+0.409 | loss 3.2660 (delta +0.3806) size 531.5 MB sparsity 20.3%
gen 3 offspring [69/100] k= 18 (used  18.0) c=0.908 alpha=-0.149 beta=+0.139 | loss 3.3298 (delta +0.4445) size 492.8 MB sparsity 20.6%
gen 3 offspring [70/100] k= 96 (used  95.8) c=0.962 alpha=-0.226 beta=+0.226 | loss 3.0377 (delta +0.1524) size 571.4 MB sparsity 19.0%
gen 3 offspring [71/100] k= 21 (used  21.0) c=0.972 alpha=-0.241 beta=+0.241 | loss 3.3018 (delta +0.4164) size 492.7 MB sparsity 21.7%
gen 3 offspring [72/100] k= 35 (used  35.0) c=0.817 alpha=-0.075 beta=+0.157 | loss 2.9958 (delta +0.1105) size 541.4 MB sparsity 11.4%
gen 3 offspring [73/100] k= 90 (used  88.6) c=0.832 alpha=-0.305 beta=+0.407 | loss 3.3887 (delta +0.5033) size 538.9 MB sparsity 29.4%
gen 3 offspring [74/100] k= 22 (used  22.0) c=0.871 alpha=-0.412 beta=+0.021 | loss 3.4031 (delta +0.5178) size 485.4 MB sparsity 25.0%
gen 3 offspring [75/100] k=198 (used 194.8) c=0.937 alpha=-0.278 beta=+0.278 | loss 3.1385 (delta +0.2531) size 592.4 MB sparsity 23.3%
gen 3 offspring [76/100] k=130 (used 128.9) c=0.780 alpha=-0.201 beta=+0.205 | loss 3.1020 (delta +0.2167) size 610.5 MB sparsity 17.1%
gen 3 offspring [77/100] k= 92 (used  92.0) c=0.867 alpha=-0.042 beta=+0.030 | loss 2.9105 (delta +0.0251) size 586.1 MB sparsity 3.9%
gen 3 offspring [78/100] k= 13 (used  13.0) c=0.851 alpha=-0.301 beta=+0.302 | loss 3.8757 (delta +0.9903) size 446.8 MB sparsity 27.9%
gen 3 offspring [79/100] k= 95 (used  94.1) c=0.740 alpha=-0.243 beta=+0.226 | loss 3.3325 (delta +0.4471) size 569.1 MB sparsity 19.7%
gen 3 offspring [80/100] k= 19 (used  19.0) c=0.761 alpha=-0.271 beta=+0.271 | loss 3.5293 (delta +0.6440) size 488.9 MB sparsity 23.5%
gen 3 offspring [81/100] k=222 (used 219.6) c=0.873 alpha=-0.311 beta=+0.039 | loss 3.0158 (delta +0.1305) size 623.3 MB sparsity 14.6%
gen 3 offspring [82/100] k= 25 (used  25.0) c=0.905 alpha=-0.361 beta=+0.361 | loss 3.5355 (delta +0.6501) size 474.1 MB sparsity 30.1%
gen 3 offspring [83/100] k=130 (used 128.2) c=0.761 alpha=-0.182 beta=+0.312 | loss 3.2256 (delta +0.3402) size 587.0 MB sparsity 20.7%
gen 3 offspring [84/100] k= 60 (used  59.6) c=0.732 alpha=-0.052 beta=+0.377 | loss 3.3774 (delta +0.4920) size 537.6 MB sparsity 18.1%
gen 3 offspring [85/100] k= 35 (used  35.0) c=0.871 alpha=-0.088 beta=+0.121 | loss 2.9633 (delta +0.0780) size 541.4 MB sparsity 10.5%
gen 3 offspring [86/100] k= 57 (used  57.0) c=0.840 alpha=-0.243 beta=+0.051 | loss 3.0004 (delta +0.1150) size 541.4 MB sparsity 13.1%
gen 3 offspring [87/100] k= 38 (used  38.0) c=0.780 alpha=-0.106 beta=+0.147 | loss 3.0121 (delta +0.1268) size 541.4 MB sparsity 11.4%
gen 3 offspring [88/100] k= 24 (used  24.0) c=0.848 alpha=-0.201 beta=+0.304 | loss 3.2345 (delta +0.3491) size 492.3 MB sparsity 21.9%
gen 3 offspring [89/100] k= 26 (used  26.0) c=0.841 alpha=-0.036 beta=+0.066 | loss 3.0323 (delta +0.1470) size 496.7 MB sparsity 13.0%
gen 3 offspring [90/100] k= 47 (used  46.9) c=0.913 alpha=-0.459 beta=+0.219 | loss 3.4278 (delta +0.5424) size 511.3 MB sparsity 27.9%
gen 3 offspring [91/100] k= 30 (used  30.0) c=0.918 alpha=-0.467 beta=+0.463 | loss 4.0359 (delta +1.1505) size 457.0 MB sparsity 37.7%
gen 3 offspring [92/100] k= 11 (used  11.0) c=0.847 alpha=-0.051 beta=+0.200 | loss 4.2472 (delta +1.3619) size 443.4 MB sparsity 29.7%
gen 3 offspring [93/100] k= 94 (used  93.0) c=0.992 alpha=-0.042 beta=+0.097 | loss 2.9004 (delta +0.0151) size 586.1 MB sparsity 6.3%
gen 3 offspring [94/100] k= 34 (used  34.0) c=0.729 alpha=-0.207 beta=+0.225 | loss 3.2933 (delta +0.4080) size 536.6 MB sparsity 18.4%
gen 3 offspring [95/100] k= 30 (used  30.0) c=0.840 alpha=-0.063 beta=+0.102 | loss 2.9891 (delta +0.1037) size 496.7 MB sparsity 11.2%
gen 3 offspring [96/100] k=113 (used 112.6) c=0.916 alpha=-0.239 beta=+0.055 | loss 2.9517 (delta +0.0663) size 586.1 MB sparsity 12.5%
gen 3 offspring [97/100] k= 24 (used  24.0) c=0.814 alpha=-0.202 beta=+0.053 | loss 3.1288 (delta +0.2435) size 496.6 MB sparsity 15.9%
gen 3 offspring [98/100] k=228 (used 228.0) c=0.879 alpha=-0.052 beta=+0.063 | loss 2.9036 (delta +0.0182) size 630.9 MB sparsity 4.9%
gen 3 offspring [99/100] k=148 (used 146.5) c=0.808 alpha=-0.213 beta=+0.218 | loss 3.0785 (delta +0.1931) size 610.6 MB sparsity 18.2%
gen 3 offspring [100/100] k= 22 (used  22.0) c=0.839 alpha=-0.145 beta=+0.008 | loss 3.0953 (delta +0.2100) size 496.3 MB sparsity 15.5%
=== generation 3/50 done in 447s (0 reused), batch baseline 2.8854, HV 0.17486, front 24 points, 100/100 feasible, best delta loss +0.0137, smallest 444.1 MB
gen 4 offspring [1/100] k= 88 (used  87.0) c=0.992 alpha=-0.116 beta=+0.044 | loss 2.9059 (delta +0.0206) size 586.1 MB sparsity 7.2%
gen 4 offspring [2/100] k= 49 (used  49.0) c=0.945 alpha=-0.270 beta=+0.109 | loss 3.0171 (delta +0.1318) size 540.9 MB sparsity 16.3%
gen 4 offspring [3/100] k= 21 (used  21.0) c=0.848 alpha=-0.202 beta=+0.157 | loss 3.1243 (delta +0.2390) size 496.1 MB sparsity 17.3%
gen 4 offspring [4/100] k= 22 (used  22.0) c=0.782 alpha=-0.125 beta=+0.125 | loss 3.1056 (delta +0.2203) size 496.6 MB sparsity 14.5%
gen 4 offspring [5/100] k= 21 (used  21.0) c=0.811 alpha=-0.139 beta=+0.156 | loss 3.1429 (delta +0.2576) size 496.5 MB sparsity 15.4%
gen 4 offspring [6/100] k= 22 (used  22.0) c=0.908 alpha=-0.205 beta=+0.139 | loss 3.1531 (delta +0.2678) size 495.6 MB sparsity 17.9%
gen 4 offspring [7/100] k= 17 (used  17.0) c=0.947 alpha=-0.056 beta=+0.424 | loss 3.6213 (delta +0.7360) size 445.9 MB sparsity 28.4%
gen 4 offspring [8/100] k= 31 (used  31.0) c=0.826 alpha=-0.443 beta=+0.302 | loss 3.6581 (delta +0.7727) size 472.7 MB sparsity 30.7%
gen 4 offspring [9/100] k= 59 (used  59.0) c=0.845 alpha=-0.017 beta=+0.040 | loss 2.9338 (delta +0.0485) size 541.4 MB sparsity 5.5%
gen 4 offspring [10/100] k= 55 (used  55.0) c=0.845 alpha=-0.116 beta=+0.155 | loss 2.9714 (delta +0.0861) size 541.4 MB sparsity 11.7%
gen 4 offspring [11/100] k=118 (used 117.2) c=0.752 alpha=-0.075 beta=+0.254 | loss 3.0774 (delta +0.1920) size 585.9 MB sparsity 13.9%
gen 4 offspring [12/100] k= 59 (used  59.0) c=0.976 alpha=-0.267 beta=+0.245 | loss 3.1061 (delta +0.2207) size 528.4 MB sparsity 21.5%
gen 4 offspring [13/100] k= 26 (used  25.0) c=0.991 alpha=-0.036 beta=+0.066 | loss 3.0640 (delta +0.1786) size 496.4 MB sparsity 15.2%
gen 4 offspring [14/100] k= 92 (used  91.8) c=0.898 alpha=-0.200 beta=+0.215 | loss 3.0146 (delta +0.1293) size 575.9 MB sparsity 17.5%
gen 4 offspring [15/100] k= 40 (used  40.0) c=0.972 alpha=-0.241 beta=+0.278 | loss 3.1646 (delta +0.2793) size 527.2 MB sparsity 22.0%
gen 4 offspring [16/100] k=127 (used 126.1) c=0.915 alpha=-0.218 beta=+0.214 | loss 3.0188 (delta +0.1335) size 573.9 MB sparsity 18.2%
gen 4 offspring [17/100] k=222 (used 221.8) c=0.879 alpha=-0.089 beta=+0.065 | loss 2.9062 (delta +0.0209) size 630.9 MB sparsity 6.6%
gen 4 offspring [18/100] k= 31 (used  31.0) c=0.887 alpha=-0.134 beta=+0.017 | loss 2.9837 (delta +0.0984) size 496.7 MB sparsity 11.8%
gen 4 offspring [19/100] k= 64 (used  63.4) c=0.958 alpha=-0.501 beta=+0.327 | loss 3.7331 (delta +0.8478) size 495.7 MB sparsity 33.7%
gen 4 offspring [20/100] k= 20 (used  20.0) c=0.731 alpha=-0.125 beta=+0.319 | loss 3.4114 (delta +0.5261) size 493.9 MB sparsity 21.0%
gen 4 offspring [21/100] k=244 (used 241.3) c=0.896 alpha=-0.311 beta=+0.039 | loss 3.0105 (delta +0.1252) size 623.3 MB sparsity 14.6%
gen 4 offspring [22/100] k= 90 (used  90.0) c=0.983 alpha=-0.020 beta=+0.199 | loss 2.9350 (delta +0.0497) size 586.1 MB sparsity 10.5%
gen 4 offspring [23/100] k= 20 (used  20.0) c=0.773 alpha=-0.140 beta=+0.125 | loss 3.1544 (delta +0.2690) size 496.2 MB sparsity 15.8%
gen 4 offspring [24/100] k=226 (used 222.0) c=0.845 alpha=-0.065 beta=+0.425 | loss 3.3503 (delta +0.4649) size 603.6 MB sparsity 20.1%
gen 4 offspring [25/100] k= 55 (used  55.0) c=0.985 alpha=-0.042 beta=+0.135 | loss 2.9318 (delta +0.0464) size 541.4 MB sparsity 9.3%
gen 4 offspring [26/100] k=211 (used 211.0) c=1.000 alpha=-0.029 beta=+0.056 | loss 2.8898 (delta +0.0044) size 630.9 MB sparsity 3.7%
gen 4 offspring [27/100] k= 64 (used  63.5) c=0.958 alpha=-0.496 beta=+0.125 | loss 17.1931 (delta +14.3078) size 518.0 MB sparsity 25.4%
gen 4 offspring [28/100] k= 97 (used  97.0) c=0.975 alpha=-0.094 beta=+0.097 | loss 2.9030 (delta +0.0177) size 586.1 MB sparsity 8.2%
gen 4 offspring [29/100] k= 14 (used  14.0) c=0.794 alpha=-0.316 beta=+0.318 | loss 3.7985 (delta +0.9131) size 446.0 MB sparsity 28.3%
gen 4 offspring [30/100] k= 33 (used  33.0) c=0.811 alpha=-0.155 beta=+0.155 | loss 3.0290 (delta +0.1436) size 510.6 MB sparsity 13.8%
gen 4 offspring [31/100] k= 24 (used  23.0) c=0.972 alpha=-0.241 beta=+0.240 | loss 3.2560 (delta +0.3706) size 493.5 MB sparsity 21.4%
gen 4 offspring [32/100] k= 19 (used  19.0) c=0.767 alpha=-0.271 beta=+0.271 | loss 3.5057 (delta +0.6203) size 488.9 MB sparsity 23.5%
gen 4 offspring [33/100] k= 40 (used  40.0) c=0.846 alpha=-0.001 beta=+0.207 | loss 2.9918 (delta +0.1064) size 541.4 MB sparsity 13.0%
gen 4 offspring [34/100] k= 84 (used  84.0) c=0.742 alpha=-0.080 beta=+0.093 | loss 2.9967 (delta +0.1114) size 586.1 MB sparsity 7.5%
gen 4 offspring [35/100] k= 38 (used  38.0) c=0.780 alpha=-0.107 beta=+0.149 | loss 3.0135 (delta +0.1281) size 541.4 MB sparsity 11.5%
gen 4 offspring [36/100] k= 34 (used  34.0) c=0.840 alpha=-0.396 beta=+0.005 | loss 3.2030 (delta +0.3177) size 529.3 MB sparsity 21.2%
gen 4 offspring [37/100] k= 20 (used  20.0) c=0.834 alpha=-0.239 beta=+0.051 | loss 3.2540 (delta +0.3687) size 495.0 MB sparsity 19.2%
gen 4 offspring [38/100] k= 43 (used  43.0) c=0.851 alpha=-0.150 beta=+0.321 | loss 3.1031 (delta +0.2178) size 532.8 MB sparsity 19.9%
gen 4 offspring [39/100] k= 22 (used  22.0) c=0.862 alpha=-0.412 beta=+0.279 | loss 3.5506 (delta +0.6652) size 476.4 MB sparsity 29.1%
gen 4 offspring [40/100] k= 30 (used  30.0) c=0.840 alpha=-0.063 beta=+0.117 | loss 2.9890 (delta +0.1036) size 496.7 MB sparsity 11.5%
gen 4 offspring [41/100] k= 25 (used  25.0) c=0.917 alpha=-0.361 beta=+0.359 | loss 3.5262 (delta +0.6408) size 474.3 MB sparsity 30.0%
gen 4 offspring [42/100] k= 16 (used  15.0) c=1.000 alpha=-0.036 beta=+0.249 | loss 3.6481 (delta +0.7628) size 448.4 MB sparsity 25.6%
gen 4 offspring [43/100] k= 35 (used  35.0) c=0.871 alpha=-0.109 beta=+0.121 | loss 2.9669 (delta +0.0815) size 541.4 MB sparsity 10.9%
gen 4 offspring [44/100] k= 22 (used  22.0) c=0.782 alpha=-0.126 beta=+0.005 | loss 3.1049 (delta +0.2195) size 496.6 MB sparsity 14.5%
gen 4 offspring [45/100] k= 63 (used  63.0) c=0.838 alpha=-0.199 beta=+0.201 | loss 3.0354 (delta +0.1501) size 540.4 MB sparsity 16.9%
gen 4 offspring [46/100] k= 20 (used  20.0) c=0.761 alpha=-0.267 beta=+0.325 | loss 3.5270 (delta +0.6417) size 484.7 MB sparsity 25.4%
gen 4 offspring [47/100] k= 19 (used  19.0) c=0.733 alpha=-0.112 beta=+0.272 | loss 3.4152 (delta +0.5298) size 495.4 MB sparsity 19.2%
gen 4 offspring [48/100] k= 44 (used  44.0) c=0.810 alpha=-0.155 beta=+0.198 | loss 3.0359 (delta +0.1506) size 541.3 MB sparsity 15.2%
gen 4 offspring [49/100] k= 30 (used  30.0) c=0.871 alpha=-0.335 beta=+0.029 | loss 3.1139 (delta +0.2286) size 495.5 MB sparsity 19.8%
gen 4 offspring [50/100] k= 32 (used  32.0) c=0.730 alpha=-0.153 beta=+0.134 | loss 3.1059 (delta +0.2206) size 496.7 MB sparsity 12.8%
gen 4 offspring [51/100] k= 18 (used  18.0) c=0.848 alpha=-0.145 beta=+0.304 | loss 3.3351 (delta +0.4498) size 490.2 MB sparsity 22.9%
gen 4 offspring [52/100] k= 15 (used  15.0) c=0.902 alpha=-0.022 beta=+0.158 | loss 3.5082 (delta +0.6229) size 450.1 MB sparsity 23.2%
gen 4 offspring [53/100] k= 13 (used  13.0) c=0.851 alpha=-0.302 beta=+0.357 | loss 3.9193 (delta +1.0340) size 443.7 MB sparsity 29.6%
gen 4 offspring [54/100] k=212 (used 212.0) c=0.829 alpha=-0.040 beta=+0.038 | loss 2.9177 (delta +0.0323) size 630.9 MB sparsity 3.4%
gen 4 offspring [55/100] k= 20 (used  20.0) c=0.829 alpha=-0.194 beta=+0.061 | loss 3.1934 (delta +0.3080) size 495.6 MB sparsity 17.7%
gen 4 offspring [56/100] k= 17 (used  17.0) c=0.998 alpha=-0.275 beta=+0.055 | loss 3.4769 (delta +0.5915) size 454.0 MB sparsity 23.9%
gen 4 offspring [57/100] k= 21 (used  21.0) c=0.838 alpha=-0.113 beta=+0.007 | loss 3.1061 (delta +0.2207) size 496.3 MB sparsity 15.4%
gen 4 offspring [58/100] k= 97 (used  97.0) c=0.841 alpha=-0.042 beta=+0.097 | loss 2.9239 (delta +0.0385) size 586.1 MB sparsity 6.2%
gen 4 offspring [59/100] k= 87 (used  87.0) c=0.854 alpha=-0.042 beta=+0.030 | loss 2.9180 (delta +0.0327) size 586.1 MB sparsity 3.9%
gen 4 offspring [60/100] k= 19 (used  19.0) c=0.998 alpha=-0.237 beta=+0.240 | loss 3.3775 (delta +0.4922) size 491.4 MB sparsity 22.3%
gen 4 offspring [61/100] k=212 (used 212.0) c=0.845 alpha=-0.039 beta=+0.044 | loss 2.9119 (delta +0.0265) size 630.9 MB sparsity 3.6%
gen 4 offspring [62/100] k= 35 (used  35.0) c=0.782 alpha=-0.111 beta=+0.100 | loss 3.0070 (delta +0.1216) size 541.4 MB sparsity 10.0%
gen 4 offspring [63/100] k= 24 (used  24.0) c=0.814 alpha=-0.051 beta=+0.052 | loss 3.0934 (delta +0.2080) size 496.6 MB sparsity 13.7%
gen 4 offspring [64/100] k=181 (used 179.9) c=0.847 alpha=-0.120 beta=+0.198 | loss 2.9647 (delta +0.0794) size 627.3 MB sparsity 13.5%
gen 4 offspring [65/100] k= 15 (used  15.0) c=0.774 alpha=-0.301 beta=+0.065 | loss 3.7726 (delta +0.8873) size 450.9 MB sparsity 23.3%
gen 4 offspring [66/100] k= 12 (used  12.0) c=0.871 alpha=-0.202 beta=+0.424 | loss 4.3916 (delta +1.5062) size 436.5 MB sparsity 33.6%
gen 4 offspring [67/100] k= 12 (used  12.0) c=0.805 alpha=-0.314 beta=+0.283 | loss 4.2595 (delta +1.3741) size 444.1 MB sparsity 29.4%
gen 4 offspring [68/100] k= 20 (used  20.0) c=0.732 alpha=-0.295 beta=+0.301 | loss 3.6677 (delta +0.7824) size 484.5 MB sparsity 25.4%
gen 4 offspring [69/100] k= 14 (used  14.0) c=0.902 alpha=-0.121 beta=+0.035 | loss 3.8678 (delta +0.9825) size 447.4 MB sparsity 26.7%
gen 4 offspring [70/100] k= 92 (used  91.8) c=0.840 alpha=-0.210 beta=+0.200 | loss 3.0358 (delta +0.1504) size 576.6 MB sparsity 17.3%
gen 4 offspring [71/100] k= 19 (used  19.0) c=0.730 alpha=-0.091 beta=+0.027 | loss 3.3095 (delta +0.4242) size 496.5 MB sparsity 15.0%
gen 4 offspring [72/100] k= 39 (used  39.0) c=0.782 alpha=-0.125 beta=+0.326 | loss 3.1758 (delta +0.2905) size 534.8 MB sparsity 19.1%
gen 4 offspring [73/100] k= 24 (used  24.0) c=0.857 alpha=-0.201 beta=+0.304 | loss 3.2227 (delta +0.3373) size 492.3 MB sparsity 22.0%
gen 4 offspring [74/100] k= 13 (used  13.0) c=0.817 alpha=-0.271 beta=+0.307 | loss 3.8668 (delta +0.9814) size 448.2 MB sparsity 26.8%
gen 4 offspring [75/100] k= 35 (used  35.0) c=0.789 alpha=-0.111 beta=+0.089 | loss 3.0030 (delta +0.1176) size 541.4 MB sparsity 9.7%
gen 4 offspring [76/100] k= 59 (used  59.0) c=0.849 alpha=-0.202 beta=+0.239 | loss 3.0635 (delta +0.1782) size 536.2 MB sparsity 18.6%
gen 4 offspring [77/100] k= 13 (used  13.0) c=0.851 alpha=-0.323 beta=+0.302 | loss 3.9042 (delta +1.0188) size 445.7 MB sparsity 28.5%
gen 4 offspring [78/100] k=148 (used 147.3) c=0.972 alpha=-0.243 beta=+0.058 | loss 2.9535 (delta +0.0682) size 629.7 MB sparsity 12.8%
gen 4 offspring [79/100] k= 92 (used  92.0) c=0.867 alpha=-0.044 beta=+0.030 | loss 2.9098 (delta +0.0244) size 586.1 MB sparsity 3.9%
gen 4 offspring [80/100] k= 28 (used  28.0) c=0.847 alpha=-0.201 beta=+0.121 | loss 3.0409 (delta +0.1555) size 496.7 MB sparsity 15.1%
gen 4 offspring [81/100] k= 22 (used  21.0) c=0.992 alpha=-0.198 beta=+0.125 | loss 3.2086 (delta +0.3232) size 494.9 MB sparsity 18.7%
gen 4 offspring [82/100] k= 55 (used  55.0) c=0.953 alpha=-0.016 beta=+0.158 | loss 2.9431 (delta +0.0577) size 541.4 MB sparsity 10.1%
gen 4 offspring [83/100] k= 19 (used  19.0) c=0.731 alpha=-0.271 beta=+0.160 | loss 3.5052 (delta +0.6198) size 495.4 MB sparsity 19.6%
gen 4 offspring [84/100] k= 32 (used  32.0) c=0.889 alpha=-0.301 beta=+0.016 | loss 3.0849 (delta +0.1995) size 496.3 MB sparsity 18.2%
gen 4 offspring [85/100] k= 31 (used  31.0) c=0.879 alpha=-0.134 beta=+0.017 | loss 2.9868 (delta +0.1014) size 496.7 MB sparsity 11.8%
gen 4 offspring [86/100] k= 60 (used  60.0) c=0.931 alpha=-0.213 beta=+0.209 | loss 3.0333 (delta +0.1479) size 538.2 MB sparsity 17.8%
gen 4 offspring [87/100] k=212 (used 210.1) c=0.895 alpha=-0.273 beta=+0.040 | loss 2.9756 (delta +0.0903) size 628.5 MB sparsity 13.2%
gen 4 offspring [88/100] k= 49 (used  49.0) c=0.947 alpha=-0.089 beta=+0.111 | loss 2.9331 (delta +0.0477) size 541.4 MB sparsity 9.2%
gen 4 offspring [89/100] k= 22 (used  22.0) c=0.838 alpha=-0.145 beta=+0.126 | loss 3.0913 (delta +0.2060) size 496.3 MB sparsity 15.5%
gen 4 offspring [90/100] k=228 (used 228.0) c=0.887 alpha=-0.052 beta=+0.063 | loss 2.9006 (delta +0.0153) size 630.9 MB sparsity 4.9%
gen 4 offspring [91/100] k= 43 (used  43.0) c=0.945 alpha=-0.117 beta=+0.144 | loss 2.9523 (delta +0.0670) size 541.4 MB sparsity 11.7%
gen 4 offspring [92/100] k= 30 (used  30.0) c=0.839 alpha=-0.210 beta=+0.120 | loss 3.0314 (delta +0.1461) size 496.7 MB sparsity 15.1%
gen 4 offspring [93/100] k= 19 (used  19.0) c=0.998 alpha=-0.271 beta=+0.276 | loss 3.4526 (delta +0.5673) size 486.5 MB sparsity 24.5%
gen 4 offspring [94/100] k= 17 (used  17.0) c=0.731 alpha=-0.271 beta=+0.270 | loss 3.8672 (delta +0.9818) size 454.3 MB sparsity 23.7%
gen 4 offspring [95/100] k= 30 (used  30.0) c=0.805 alpha=-0.234 beta=+0.250 | loss 3.2015 (delta +0.3162) size 495.0 MB sparsity 20.7%
gen 4 offspring [96/100] k= 20 (used  19.0) c=0.998 alpha=-0.271 beta=+0.271 | loss 3.4495 (delta +0.5642) size 486.9 MB sparsity 24.4%
gen 4 offspring [97/100] k= 54 (used  54.0) c=0.832 alpha=-0.109 beta=+0.018 | loss 2.9522 (delta +0.0668) size 541.4 MB sparsity 7.8%
gen 4 offspring [98/100] k=181 (used 179.8) c=0.847 alpha=-0.125 beta=+0.198 | loss 2.9662 (delta +0.0809) size 626.6 MB sparsity 13.7%
gen 4 offspring [99/100] k=111 (used 110.9) c=0.983 alpha=-0.042 beta=+0.199 | loss 2.9316 (delta +0.0463) size 586.1 MB sparsity 10.4%
gen 4 offspring [100/100] k= 40 (used  39.0) c=0.991 alpha=-0.132 beta=+0.117 | loss 2.9618 (delta +0.0765) size 541.4 MB sparsity 11.6%
=== generation 4/50 done in 446s (0 reused), batch baseline 2.8854, HV 0.17944, front 34 points, 100/100 feasible, best delta loss +0.0044, smallest 444.1 MB
gen 5 offspring [1/100] k= 59 (used  59.0) c=0.826 alpha=-0.017 beta=+0.040 | loss 2.9405 (delta +0.0551) size 541.4 MB sparsity 5.4%
gen 5 offspring [2/100] k=213 (used 210.1) c=0.915 alpha=-0.271 beta=+0.205 | loss 3.0602 (delta +0.1749) size 604.1 MB sparsity 20.0%
gen 5 offspring [3/100] k= 22 (used  21.0) c=0.989 alpha=-0.050 beta=+0.063 | loss 3.1905 (delta +0.3051) size 495.0 MB sparsity 18.1%
gen 5 offspring [4/100] k= 15 (used  15.0) c=0.973 alpha=-0.056 beta=+0.424 | loss 3.8056 (delta +0.9202) size 442.4 MB sparsity 30.3%
gen 5 offspring [5/100] k= 26 (used  26.0) c=0.888 alpha=-0.031 beta=+0.066 | loss 3.0650 (delta +0.1796) size 496.6 MB sparsity 13.7%
gen 5 offspring [6/100] k= 38 (used  38.0) c=0.869 alpha=-0.145 beta=+0.145 | loss 2.9789 (delta +0.0936) size 541.4 MB sparsity 12.9%
gen 5 offspring [7/100] k= 27 (used  27.0) c=0.870 alpha=-0.134 beta=+0.071 | loss 3.0197 (delta +0.1344) size 496.7 MB sparsity 12.8%
gen 5 offspring [8/100] k=108 (used 107.2) c=0.908 alpha=-0.025 beta=+0.361 | loss 3.1551 (delta +0.2698) size 579.2 MB sparsity 16.5%
gen 5 offspring [9/100] k= 16 (used  15.0) c=0.996 alpha=-0.143 beta=+0.303 | loss 3.6872 (delta +0.8019) size 448.0 MB sparsity 26.7%
gen 5 offspring [10/100] k= 21 (used  21.0) c=0.908 alpha=-0.149 beta=+0.423 | loss 3.4009 (delta +0.5155) size 483.7 MB sparsity 25.8%
gen 5 offspring [11/100] k= 91 (used  91.0) c=0.856 alpha=-0.100 beta=+0.049 | loss 2.9250 (delta +0.0397) size 586.1 MB sparsity 6.6%
gen 5 offspring [12/100] k= 15 (used  15.0) c=0.906 alpha=-0.022 beta=+0.158 | loss 3.5262 (delta +0.6408) size 450.0 MB sparsity 23.3%
gen 5 offspring [13/100] k= 14 (used  14.0) c=0.794 alpha=-0.341 beta=+0.316 | loss 3.8499 (delta +0.9645) size 444.6 MB sparsity 29.1%
gen 5 offspring [14/100] k= 23 (used  23.0) c=0.870 alpha=-0.510 beta=+0.022 | loss 17.6441 (delta +14.7587) size 479.2 MB sparsity 27.8%
gen 5 offspring [15/100] k= 16 (used  16.0) c=0.794 alpha=-0.170 beta=+0.130 | loss 3.4270 (delta +0.5416) size 451.3 MB sparsity 20.6%
gen 5 offspring [16/100] k= 40 (used  39.0) c=0.982 alpha=-0.253 beta=+0.117 | loss 3.0333 (delta +0.1479) size 540.6 MB sparsity 16.3%
gen 5 offspring [17/100] k= 31 (used  31.0) c=0.884 alpha=-0.157 beta=+0.017 | loss 2.9906 (delta +0.1052) size 496.7 MB sparsity 12.6%
gen 5 offspring [18/100] k= 19 (used  19.0) c=0.998 alpha=-0.271 beta=+0.275 | loss 3.4594 (delta +0.5740) size 486.6 MB sparsity 24.5%
gen 5 offspring [19/100] k= 16 (used  16.0) c=0.871 alpha=-0.088 beta=+0.121 | loss 3.4555 (delta +0.5701) size 450.5 MB sparsity 22.4%
gen 5 offspring [20/100] k=205 (used 202.4) c=0.917 alpha=-0.368 beta=+0.060 | loss 3.0776 (delta +0.1922) size 612.0 MB sparsity 17.8%
gen 5 offspring [21/100] k= 54 (used  54.0) c=0.887 alpha=-0.052 beta=+0.063 | loss 2.9308 (delta +0.0455) size 541.4 MB sparsity 6.5%
gen 5 offspring [22/100] k= 18 (used  17.0) c=0.945 alpha=-0.301 beta=+0.159 | loss 3.4649 (delta +0.5795) size 453.6 MB sparsity 24.0%
gen 5 offspring [23/100] k= 21 (used  21.0) c=0.842 alpha=-0.302 beta=+0.198 | loss 3.2484 (delta +0.3631) size 492.1 MB sparsity 22.0%
gen 5 offspring [24/100] k= 56 (used  55.0) c=0.983 alpha=-0.042 beta=+0.199 | loss 2.9534 (delta +0.0681) size 541.4 MB sparsity 11.9%
gen 5 offspring [25/100] k=211 (used 211.0) c=1.000 alpha=-0.029 beta=+0.063 | loss 2.8901 (delta +0.0047) size 630.9 MB sparsity 4.0%
gen 5 offspring [26/100] k= 21 (used  21.0) c=0.773 alpha=-0.302 beta=+0.205 | loss 3.4438 (delta +0.5585) size 492.1 MB sparsity 22.0%
gen 5 offspring [27/100] k= 19 (used  19.0) c=0.998 alpha=-0.294 beta=+0.125 | loss 3.4173 (delta +0.5319) size 489.9 MB sparsity 23.0%
gen 5 offspring [28/100] k= 19 (used  19.0) c=0.994 alpha=-0.036 beta=+0.252 | loss 3.3120 (delta +0.4266) size 492.4 MB sparsity 21.6%
gen 5 offspring [29/100] k=224 (used 224.0) c=0.873 alpha=-0.039 beta=+0.043 | loss 2.9036 (delta +0.0182) size 630.9 MB sparsity 3.5%
gen 5 offspring [30/100] k= 97 (used  97.0) c=0.976 alpha=-0.093 beta=+0.102 | loss 2.9036 (delta +0.0183) size 586.1 MB sparsity 8.4%
gen 5 offspring [31/100] k= 20 (used  20.0) c=0.773 alpha=-0.188 beta=+0.151 | loss 3.1873 (delta +0.3019) size 496.1 MB sparsity 16.9%
gen 5 offspring [32/100] k= 19 (used  19.0) c=0.999 alpha=-0.304 beta=+0.441 | loss 3.7777 (delta +0.8923) size 470.8 MB sparsity 31.5%
gen 5 offspring [33/100] k= 24 (used  23.0) c=0.994 alpha=-0.207 beta=+0.302 | loss 3.2711 (delta +0.3857) size 490.9 MB sparsity 22.6%
gen 5 offspring [34/100] k= 88 (used  87.9) c=0.983 alpha=-0.042 beta=+0.214 | loss 2.9414 (delta +0.0560) size 586.1 MB sparsity 11.2%
gen 5 offspring [35/100] k= 25 (used  25.0) c=0.905 alpha=-0.361 beta=+0.121 | loss 3.2363 (delta +0.3509) size 492.1 MB sparsity 22.0%
gen 5 offspring [36/100] k= 31 (used  31.0) c=0.992 alpha=-0.149 beta=+0.139 | loss 3.0018 (delta +0.1164) size 496.7 MB sparsity 13.7%
gen 5 offspring [37/100] k= 30 (used  30.0) c=0.840 alpha=-0.295 beta=+0.009 | loss 3.0931 (delta +0.2078) size 496.4 MB sparsity 18.0%
gen 5 offspring [38/100] k=211 (used 211.0) c=0.965 alpha=-0.028 beta=+0.063 | loss 2.8914 (delta +0.0060) size 630.9 MB sparsity 4.0%
gen 5 offspring [39/100] k= 15 (used  15.0) c=0.781 alpha=-0.373 beta=+0.074 | loss 3.8673 (delta +0.9820) size 449.4 MB sparsity 25.9%
gen 5 offspring [40/100] k=204 (used 203.5) c=0.887 alpha=-0.134 beta=+0.063 | loss 2.9114 (delta +0.0261) size 630.9 MB sparsity 8.4%
gen 5 offspring [41/100] k= 17 (used  17.0) c=0.950 alpha=-0.056 beta=+0.142 | loss 3.3791 (delta +0.4937) size 458.2 MB sparsity 21.5%
gen 5 offspring [42/100] k= 59 (used  59.0) c=0.845 alpha=-0.017 beta=+0.040 | loss 2.9322 (delta +0.0468) size 541.4 MB sparsity 5.5%
gen 5 offspring [43/100] k= 55 (used  55.0) c=0.988 alpha=-0.042 beta=+0.135 | loss 2.9340 (delta +0.0486) size 541.4 MB sparsity 9.3%
gen 5 offspring [44/100] k= 16 (used  15.0) c=0.959 alpha=-0.149 beta=+0.304 | loss 3.6737 (delta +0.7884) size 448.6 MB sparsity 26.1%
gen 5 offspring [45/100] k= 30 (used  30.0) c=0.825 alpha=-0.233 beta=+0.125 | loss 3.0559 (delta +0.1705) size 496.7 MB sparsity 16.0%
gen 5 offspring [46/100] k= 15 (used  15.0) c=0.851 alpha=-0.298 beta=+0.293 | loss 3.5855 (delta +0.7001) size 449.0 MB sparsity 26.4%
gen 5 offspring [47/100] k= 30 (used  30.0) c=0.947 alpha=-0.017 beta=+0.160 | loss 3.0115 (delta +0.1261) size 496.7 MB sparsity 13.7%
gen 5 offspring [48/100] k= 25 (used  25.0) c=0.892 alpha=-0.361 beta=+0.359 | loss 3.5379 (delta +0.6525) size 474.3 MB sparsity 30.0%
gen 5 offspring [49/100] k= 20 (used  20.0) c=0.761 alpha=-0.267 beta=+0.345 | loss 3.5256 (delta +0.6402) size 483.1 MB sparsity 26.1%
gen 5 offspring [50/100] k= 20 (used  19.0) c=0.988 alpha=-0.207 beta=+0.063 | loss 3.2926 (delta +0.4073) size 493.4 MB sparsity 20.3%
gen 5 offspring [51/100] k=195 (used 192.3) c=0.862 alpha=-0.239 beta=+0.240 | loss 3.0867 (delta +0.2013) size 603.5 MB sparsity 20.2%
gen 5 offspring [52/100] k= 19 (used  19.0) c=0.953 alpha=-0.241 beta=+0.241 | loss 3.3166 (delta +0.4313) size 491.8 MB sparsity 22.2%
gen 5 offspring [53/100] k= 31 (used  31.0) c=0.989 alpha=-0.134 beta=+0.017 | loss 2.9972 (delta +0.1119) size 496.7 MB sparsity 12.7%
gen 5 offspring [54/100] k= 35 (used  35.0) c=0.856 alpha=-0.109 beta=+0.121 | loss 2.9694 (delta +0.0840) size 541.4 MB sparsity 10.9%
gen 5 offspring [55/100] k= 48 (used  48.0) c=0.833 alpha=-0.201 beta=+0.121 | loss 2.9938 (delta +0.1084) size 541.4 MB sparsity 13.9%
gen 5 offspring [56/100] k= 25 (used  25.0) c=0.981 alpha=-0.356 beta=+0.199 | loss 3.3192 (delta +0.4339) size 487.8 MB sparsity 24.0%
gen 5 offspring [57/100] k= 18 (used  18.0) c=0.849 alpha=-0.038 beta=+0.250 | loss 3.2803 (delta +0.3950) size 493.1 MB sparsity 21.0%
gen 5 offspring [58/100] k= 21 (used  21.0) c=0.767 alpha=-0.301 beta=+0.142 | loss 3.3474 (delta +0.4620) size 495.0 MB sparsity 20.1%
gen 5 offspring [59/100] k= 20 (used  19.0) c=0.983 alpha=-0.042 beta=+0.042 | loss 3.2764 (delta +0.3910) size 493.5 MB sparsity 19.9%
gen 5 offspring [60/100] k= 31 (used  31.0) c=0.822 alpha=-0.443 beta=+0.301 | loss 3.6605 (delta +0.7752) size 472.8 MB sparsity 30.7%
gen 5 offspring [61/100] k= 15 (used  15.0) c=0.743 alpha=-0.298 beta=+0.265 | loss 3.9549 (delta +1.0696) size 450.6 MB sparsity 24.9%
gen 5 offspring [62/100] k= 83 (used  83.0) c=0.983 alpha=-0.018 beta=+0.206 | loss 2.9373 (delta +0.0519) size 586.1 MB sparsity 11.0%
gen 5 offspring [63/100] k= 20 (used  20.0) c=0.774 alpha=-0.310 beta=+0.319 | loss 3.5494 (delta +0.6640) size 481.6 MB sparsity 26.7%
gen 5 offspring [64/100] k= 32 (used  32.0) c=0.815 alpha=-0.133 beta=+0.424 | loss 3.3351 (delta +0.4497) size 488.9 MB sparsity 23.5%
gen 5 offspring [65/100] k= 28 (used  28.0) c=0.836 alpha=-0.101 beta=+0.122 | loss 3.0079 (delta +0.1225) size 496.7 MB sparsity 12.2%
gen 5 offspring [66/100] k= 17 (used  17.0) c=0.998 alpha=-0.292 beta=+0.051 | loss 3.4984 (delta +0.6131) size 453.0 MB sparsity 24.4%
gen 5 offspring [67/100] k= 35 (used  35.0) c=0.902 alpha=-0.056 beta=+0.372 | loss 3.1774 (delta +0.2921) size 531.6 MB sparsity 20.3%
gen 5 offspring [68/100] k= 27 (used  27.0) c=0.879 alpha=-0.082 beta=+0.363 | loss 3.1848 (delta +0.2995) size 493.4 MB sparsity 21.4%
gen 5 offspring [69/100] k=231 (used 230.4) c=0.985 alpha=-0.042 beta=+0.154 | loss 2.9064 (delta +0.0211) size 630.9 MB sparsity 8.3%
gen 5 offspring [70/100] k= 18 (used  18.0) c=0.852 alpha=-0.022 beta=+0.300 | loss 3.3347 (delta +0.4493) size 490.4 MB sparsity 22.8%
gen 5 offspring [71/100] k= 24 (used  24.0) c=0.779 alpha=-0.202 beta=+0.202 | loss 3.1749 (delta +0.2895) size 496.4 MB sparsity 17.9%
gen 5 offspring [72/100] k=222 (used 221.9) c=0.879 alpha=-0.089 beta=+0.059 | loss 2.9066 (delta +0.0213) size 630.9 MB sparsity 6.4%
gen 5 offspring [73/100] k= 14 (used  14.0) c=0.794 alpha=-0.267 beta=+0.309 | loss 3.7539 (delta +0.8686) size 448.6 MB sparsity 26.6%
gen 5 offspring [74/100] k= 31 (used  31.0) c=0.835 alpha=-0.209 beta=+0.272 | loss 3.1834 (delta +0.2980) size 495.2 MB sparsity 20.5%
gen 5 offspring [75/100] k= 15 (used  15.0) c=1.000 alpha=-0.029 beta=+0.027 | loss 3.6462 (delta +0.7609) size 448.4 MB sparsity 25.5%
gen 5 offspring [76/100] k= 96 (used  95.0) c=0.996 alpha=-0.076 beta=+0.097 | loss 2.9009 (delta +0.0155) size 586.1 MB sparsity 7.6%
gen 5 offspring [77/100] k= 55 (used  55.0) c=0.828 alpha=-0.151 beta=+0.038 | loss 2.9598 (delta +0.0745) size 541.4 MB sparsity 9.4%
gen 5 offspring [78/100] k= 39 (used  39.0) c=0.855 alpha=-0.293 beta=+0.295 | loss 3.2623 (delta +0.3769) size 520.0 MB sparsity 24.6%
gen 5 offspring [79/100] k= 19 (used  19.0) c=0.762 alpha=-0.247 beta=+0.226 | loss 3.4272 (delta +0.5419) size 494.2 MB sparsity 21.0%
gen 5 offspring [80/100] k= 89 (used  88.9) c=0.845 alpha=-0.002 beta=+0.201 | loss 2.9598 (delta +0.0745) size 586.1 MB sparsity 10.3%
gen 5 offspring [81/100] k= 29 (used  29.0) c=0.847 alpha=-0.201 beta=+0.106 | loss 3.0241 (delta +0.1388) size 496.7 MB sparsity 14.5%
gen 5 offspring [82/100] k= 27 (used  27.0) c=0.847 alpha=-0.203 beta=+0.292 | loss 3.1677 (delta +0.2824) size 493.8 MB sparsity 21.3%
gen 5 offspring [83/100] k= 18 (used  18.0) c=0.907 alpha=-0.132 beta=+0.118 | loss 3.3275 (delta +0.4421) size 492.8 MB sparsity 20.6%
gen 5 offspring [84/100] k= 22 (used  22.0) c=0.905 alpha=-0.139 beta=+0.028 | loss 3.1237 (delta +0.2383) size 495.8 MB sparsity 16.6%
gen 5 offspring [85/100] k=228 (used 228.0) c=0.879 alpha=-0.052 beta=+0.055 | loss 2.9031 (delta +0.0178) size 630.9 MB sparsity 4.6%
gen 5 offspring [86/100] k= 22 (used  21.0) c=0.988 alpha=-0.301 beta=+0.065 | loss 3.3130 (delta +0.4276) size 491.9 MB sparsity 22.1%
gen 5 offspring [87/100] k= 92 (used  91.0) c=0.992 alpha=-0.042 beta=+0.050 | loss 2.9056 (delta +0.0202) size 586.1 MB sparsity 4.5%
gen 5 offspring [88/100] k= 32 (used  32.0) c=0.884 alpha=-0.052 beta=+0.025 | loss 2.9817 (delta +0.0963) size 496.7 MB sparsity 11.0%
gen 5 offspring [89/100] k= 19 (used  19.0) c=0.917 alpha=-0.022 beta=+0.425 | loss 3.4535 (delta +0.5681) size 481.3 MB sparsity 26.9%
gen 5 offspring [90/100] k= 25 (used  25.0) c=0.844 alpha=-0.100 beta=+0.049 | loss 3.0473 (delta +0.1620) size 496.7 MB sparsity 13.0%
gen 5 offspring [91/100] k= 21 (used  21.0) c=0.871 alpha=-0.412 beta=+0.021 | loss 3.3900 (delta +0.5046) size 485.4 MB sparsity 25.0%
gen 5 offspring [92/100] k= 31 (used  31.0) c=0.849 alpha=-0.138 beta=+0.145 | loss 3.0023 (delta +0.1169) size 496.7 MB sparsity 13.0%
gen 5 offspring [93/100] k= 19 (used  19.0) c=0.847 alpha=-0.202 beta=+0.201 | loss 3.2326 (delta +0.3473) size 495.2 MB sparsity 19.0%
gen 5 offspring [94/100] k= 13 (used  13.0) c=0.902 alpha=-0.059 beta=+0.426 | loss 4.0048 (delta +1.1194) size 440.4 MB sparsity 31.4%
gen 5 offspring [95/100] k= 18 (used  18.0) c=0.879 alpha=-0.134 beta=+0.015 | loss 3.3096 (delta +0.4243) size 493.4 MB sparsity 20.0%
gen 5 offspring [96/100] k= 24 (used  23.0) c=0.999 alpha=-0.271 beta=+0.271 | loss 3.3234 (delta +0.4380) size 488.5 MB sparsity 23.6%
gen 5 offspring [97/100] k=  8 (used   7.0) c=0.979 alpha=-0.040 beta=+0.097 | loss 11.0770 (delta +8.1917) size 382.7 MB sparsity 51.6%
gen 5 offspring [98/100] k= 95 (used  94.2) c=0.775 alpha=-0.293 beta=+0.199 | loss 3.2112 (delta +0.3259) size 566.2 MB sparsity 20.6%
gen 5 offspring [99/100] k= 19 (used  19.0) c=0.998 alpha=-0.270 beta=+0.240 | loss 3.4219 (delta +0.5366) size 489.1 MB sparsity 23.4%
gen 5 offspring [100/100] k= 27 (used  27.0) c=0.805 alpha=-0.234 beta=+0.069 | loss 3.0673 (delta +0.1820) size 496.6 MB sparsity 15.8%
=== generation 5/50 done in 446s (0 reused), batch baseline 2.8854, HV 0.18118, front 44 points, 100/100 feasible, best delta loss +0.0044, smallest 442.4 MB
gen 6 offspring [1/100] k=211 (used 209.1) c=1.000 alpha=-0.029 beta=+0.308 | loss 3.0226 (delta +0.1372) size 625.1 MB sparsity 14.1%
gen 6 offspring [2/100] k= 97 (used  97.0) c=0.994 alpha=-0.042 beta=+0.097 | loss 2.9000 (delta +0.0146) size 586.1 MB sparsity 6.3%
gen 6 offspring [3/100] k= 82 (used  82.0) c=0.842 alpha=-0.110 beta=+0.104 | loss 2.9311 (delta +0.0458) size 586.1 MB sparsity 9.2%
gen 6 offspring [4/100] k= 26 (used  25.0) c=1.000 alpha=-0.036 beta=+0.102 | loss 3.0669 (delta +0.1815) size 496.4 MB sparsity 15.3%
gen 6 offspring [5/100] k= 32 (used  31.0) c=0.990 alpha=-0.029 beta=+0.036 | loss 2.9980 (delta +0.1126) size 496.7 MB sparsity 12.3%
gen 6 offspring [6/100] k= 16 (used  16.0) c=0.794 alpha=-0.170 beta=+0.130 | loss 3.4274 (delta +0.5421) size 451.3 MB sparsity 20.6%
gen 6 offspring [7/100] k= 55 (used  55.0) c=0.877 alpha=-0.028 beta=+0.063 | loss 2.9476 (delta +0.0623) size 541.4 MB sparsity 6.3%
gen 6 offspring [8/100] k= 14 (used  14.0) c=0.884 alpha=-0.283 beta=+0.028 | loss 3.7786 (delta +0.8932) size 447.6 MB sparsity 26.8%
gen 6 offspring [9/100] k= 32 (used  32.0) c=0.770 alpha=-0.040 beta=+0.024 | loss 2.9994 (delta +0.1141) size 496.7 MB sparsity 9.6%
gen 6 offspring [10/100] k= 16 (used  16.0) c=0.845 alpha=-0.088 beta=+0.121 | loss 3.4205 (delta +0.5352) size 450.8 MB sparsity 21.8%
gen 6 offspring [11/100] k= 19 (used  19.0) c=0.794 alpha=-0.341 beta=+0.316 | loss 3.6131 (delta +0.7277) size 479.1 MB sparsity 27.9%
gen 6 offspring [12/100] k= 18 (used  18.0) c=0.917 alpha=-0.298 beta=+0.293 | loss 3.5176 (delta +0.6322) size 482.8 MB sparsity 26.2%
gen 6 offspring [13/100] k= 11 (used  11.0) c=0.996 alpha=-0.151 beta=+0.436 | loss 5.3453 (delta +2.4599) size 431.6 MB sparsity 36.4%
gen 6 offspring [14/100] k= 33 (used  33.0) c=0.889 alpha=-0.283 beta=+0.016 | loss 3.0564 (delta +0.1711) size 503.1 MB sparsity 17.1%
gen 6 offspring [15/100] k= 40 (used  39.0) c=0.996 alpha=-0.173 beta=+0.117 | loss 2.9744 (delta +0.0891) size 541.4 MB sparsity 13.2%
gen 6 offspring [16/100] k= 24 (used  24.0) c=0.945 alpha=-0.301 beta=+0.159 | loss 3.2224 (delta +0.3370) size 493.8 MB sparsity 21.0%
gen 6 offspring [17/100] k= 89 (used  89.0) c=0.870 alpha=-0.134 beta=+0.068 | loss 2.9258 (delta +0.0404) size 586.1 MB sparsity 8.7%
gen 6 offspring [18/100] k= 42 (used  42.0) c=0.945 alpha=-0.117 beta=+0.144 | loss 2.9616 (delta +0.0762) size 541.4 MB sparsity 11.8%
gen 6 offspring [19/100] k= 14 (used  13.0) c=0.969 alpha=-0.029 beta=+0.007 | loss 4.0221 (delta +1.1368) size 445.3 MB sparsity 28.5%
gen 6 offspring [20/100] k= 22 (used  22.0) c=0.871 alpha=-0.196 beta=+0.121 | loss 3.1320 (delta +0.2467) size 496.0 MB sparsity 17.2%
gen 6 offspring [21/100] k= 14 (used  13.0) c=0.946 alpha=-0.101 beta=+0.156 | loss 4.0280 (delta +1.1427) size 446.1 MB sparsity 27.9%
gen 6 offspring [22/100] k= 15 (used  15.0) c=0.786 alpha=-0.316 beta=+0.316 | loss 4.0159 (delta +1.1305) size 447.4 MB sparsity 27.5%
gen 6 offspring [23/100] k= 25 (used  25.0) c=0.981 alpha=-0.380 beta=+0.199 | loss 3.3478 (delta +0.4624) size 485.7 MB sparsity 24.9%
gen 6 offspring [24/100] k= 15 (used  15.0) c=0.896 alpha=-0.206 beta=+0.429 | loss 3.7081 (delta +0.8227) size 443.9 MB sparsity 29.5%
gen 6 offspring [25/100] k= 24 (used  24.0) c=0.840 alpha=-0.120 beta=+0.008 | loss 3.0674 (delta +0.1820) size 496.6 MB sparsity 14.1%
gen 6 offspring [26/100] k= 13 (used  13.0) c=0.839 alpha=-0.012 beta=+0.303 | loss 3.7774 (delta +0.8921) size 448.3 MB sparsity 26.4%
gen 6 offspring [27/100] k= 88 (used  88.0) c=0.874 alpha=-0.168 beta=+0.044 | loss 2.9292 (delta +0.0438) size 586.1 MB sparsity 9.3%
gen 6 offspring [28/100] k= 18 (used  17.0) c=0.945 alpha=-0.116 beta=+0.115 | loss 3.3687 (delta +0.4834) size 458.4 MB sparsity 21.4%
gen 6 offspring [29/100] k= 16 (used  16.0) c=0.794 alpha=-0.133 beta=+0.439 | loss 3.6885 (delta +0.8031) size 445.8 MB sparsity 28.4%
gen 6 offspring [30/100] k= 14 (used  14.0) c=0.795 alpha=-0.228 beta=+0.316 | loss 3.7059 (delta +0.8205) size 448.8 MB sparsity 26.1%
gen 6 offspring [31/100] k= 14 (used  13.0) c=0.966 alpha=-0.154 beta=+0.303 | loss 4.0564 (delta +1.1711) size 444.8 MB sparsity 28.9%
gen 6 offspring [32/100] k= 63 (used  63.0) c=0.969 alpha=-0.018 beta=+0.063 | loss 2.9199 (delta +0.0345) size 541.4 MB sparsity 6.1%
gen 6 offspring [33/100] k= 72 (used  71.0) c=0.996 alpha=-0.076 beta=+0.122 | loss 2.9153 (delta +0.0299) size 586.1 MB sparsity 8.8%
gen 6 offspring [34/100] k=  8 (used   7.0) c=0.870 alpha=-0.275 beta=+0.055 | loss 9.9432 (delta +7.0579) size 388.7 MB sparsity 47.1%
gen 6 offspring [35/100] k= 21 (used  21.0) c=0.841 alpha=-0.306 beta=+0.027 | loss 3.2178 (delta +0.3325) size 494.0 MB sparsity 20.8%
gen 6 offspring [36/100] k=211 (used 211.0) c=0.998 alpha=-0.029 beta=+0.063 | loss 2.8899 (delta +0.0045) size 630.9 MB sparsity 4.0%
gen 6 offspring [37/100] k= 21 (used  21.0) c=0.879 alpha=-0.134 beta=+0.021 | loss 3.1085 (delta +0.2232) size 496.0 MB sparsity 16.2%
gen 6 offspring [38/100] k= 22 (used  22.0) c=0.856 alpha=-0.109 beta=+0.029 | loss 3.0999 (delta +0.2145) size 496.2 MB sparsity 15.8%
gen 6 offspring [39/100] k= 15 (used  15.0) c=0.998 alpha=-0.074 beta=+0.249 | loss 3.6377 (delta +0.7523) size 448.4 MB sparsity 25.6%
gen 6 offspring [40/100] k= 83 (used  83.0) c=0.983 alpha=-0.043 beta=+0.158 | loss 2.9172 (delta +0.0319) size 586.1 MB sparsity 9.0%
gen 6 offspring [41/100] k= 15 (used  15.0) c=0.975 alpha=-0.056 beta=+0.424 | loss 3.7954 (delta +0.9101) size 442.4 MB sparsity 30.3%
gen 6 offspring [42/100] k=103 (used 102.1) c=0.998 alpha=-0.042 beta=+0.422 | loss 3.3277 (delta +0.4423) size 570.4 MB sparsity 19.3%
gen 6 offspring [43/100] k= 28 (used  27.0) c=0.988 alpha=-0.318 beta=+0.119 | loss 3.1807 (delta +0.2954) size 494.6 MB sparsity 20.4%
gen 6 offspring [44/100] k= 15 (used  15.0) c=0.845 alpha=-0.017 beta=+0.037 | loss 3.4562 (delta +0.5708) size 450.8 MB sparsity 21.8%
gen 6 offspring [45/100] k= 24 (used  24.0) c=0.832 alpha=-0.201 beta=+0.058 | loss 3.1111 (delta +0.2257) size 496.5 MB sparsity 16.0%
gen 6 offspring [46/100] k= 22 (used  22.0) c=0.837 alpha=-0.120 beta=+0.001 | loss 3.0901 (delta +0.2048) size 496.3 MB sparsity 15.4%
gen 6 offspring [47/100] k= 38 (used  38.0) c=0.861 alpha=-0.016 beta=+0.038 | loss 2.9533 (delta +0.0680) size 541.4 MB sparsity 8.9%
gen 6 offspring [48/100] k= 26 (used  26.0) c=0.888 alpha=-0.031 beta=+0.066 | loss 3.0650 (delta +0.1796) size 496.6 MB sparsity 13.7%
gen 6 offspring [49/100] k=199 (used 194.7) c=0.831 alpha=-0.300 beta=+0.300 | loss 3.2392 (delta +0.3538) size 586.2 MB sparsity 25.0%
gen 6 offspring [50/100] k= 26 (used  26.0) c=0.840 alpha=-0.070 beta=+0.066 | loss 3.0304 (delta +0.1450) size 496.7 MB sparsity 13.0%
gen 6 offspring [51/100] k=189 (used 189.0) c=0.969 alpha=-0.060 beta=+0.074 | loss 2.8932 (delta +0.0078) size 630.9 MB sparsity 5.7%
gen 6 offspring [52/100] k= 32 (used  32.0) c=0.827 alpha=-0.036 beta=+0.308 | loss 3.1247 (delta +0.2394) size 496.4 MB sparsity 18.0%
gen 6 offspring [53/100] k= 32 (used  32.0) c=0.891 alpha=-0.133 beta=+0.424 | loss 3.2879 (delta +0.4025) size 488.6 MB sparsity 23.6%
gen 6 offspring [54/100] k= 21 (used  21.0) c=0.871 alpha=-0.302 beta=+0.198 | loss 3.2846 (delta +0.3992) size 491.9 MB sparsity 22.1%
gen 6 offspring [55/100] k= 14 (used  13.0) c=0.953 alpha=-0.241 beta=+0.241 | loss 4.0418 (delta +1.1564) size 445.8 MB sparsity 28.1%
gen 6 offspring [56/100] k= 19 (used  19.0) c=0.851 alpha=-0.022 beta=+0.425 | loss 3.4718 (delta +0.5865) size 482.8 MB sparsity 26.2%
gen 6 offspring [57/100] k= 27 (used  27.0) c=0.838 alpha=-0.145 beta=+0.126 | loss 3.0198 (delta +0.1344) size 496.7 MB sparsity 13.1%
gen 6 offspring [58/100] k= 15 (used  15.0) c=0.973 alpha=-0.047 beta=+0.302 | loss 3.7158 (delta +0.8304) size 448.4 MB sparsity 26.3%
gen 6 offspring [59/100] k= 21 (used  21.0) c=0.871 alpha=-0.412 beta=+0.021 | loss 3.3913 (delta +0.5060) size 485.5 MB sparsity 25.0%
gen 6 offspring [60/100] k=100 (used  99.9) c=0.983 alpha=-0.042 beta=+0.199 | loss 2.9319 (delta +0.0466) size 586.1 MB sparsity 10.5%
gen 6 offspring [61/100] k= 21 (used  21.0) c=0.871 alpha=-0.405 beta=+0.021 | loss 3.3785 (delta +0.4931) size 486.1 MB sparsity 24.7%
gen 6 offspring [62/100] k= 27 (used  27.0) c=0.992 alpha=-0.116 beta=+0.046 | loss 3.0416 (delta +0.1562) size 496.6 MB sparsity 14.1%
gen 6 offspring [63/100] k= 28 (used  28.0) c=0.813 alpha=-0.127 beta=+0.122 | loss 3.0081 (delta +0.1227) size 496.7 MB sparsity 12.4%
gen 6 offspring [64/100] k= 93 (used  93.0) c=1.000 alpha=-0.042 beta=+0.042 | loss 2.8980 (delta +0.0126) size 586.1 MB sparsity 4.3%
gen 6 offspring [65/100] k= 36 (used  35.0) c=0.992 alpha=-0.030 beta=+0.004 | loss 2.9700 (delta +0.0846) size 541.4 MB sparsity 10.9%
gen 6 offspring [66/100] k= 24 (used  24.0) c=0.837 alpha=-0.022 beta=+0.124 | loss 3.0685 (delta +0.1831) size 496.6 MB sparsity 14.1%
gen 6 offspring [67/100] k= 54 (used  54.0) c=0.845 alpha=-0.017 beta=+0.040 | loss 2.9485 (delta +0.0632) size 541.4 MB sparsity 6.1%
gen 6 offspring [68/100] k= 16 (used  15.0) c=0.958 alpha=-0.125 beta=+0.304 | loss 3.6703 (delta +0.7849) size 448.6 MB sparsity 26.1%
gen 6 offspring [69/100] k= 40 (used  39.0) c=0.991 alpha=-0.176 beta=+0.112 | loss 2.9740 (delta +0.0886) size 541.4 MB sparsity 13.1%
gen 6 offspring [70/100] k= 31 (used  31.0) c=0.871 alpha=-0.335 beta=+0.029 | loss 3.1165 (delta +0.2311) size 495.8 MB sparsity 19.4%
gen 6 offspring [71/100] k= 30 (used  29.0) c=0.996 alpha=-0.067 beta=+0.163 | loss 3.0266 (delta +0.1413) size 496.7 MB sparsity 14.2%
gen 6 offspring [72/100] k= 22 (used  21.0) c=0.983 alpha=-0.335 beta=+0.029 | loss 3.3649 (delta +0.4795) size 489.4 MB sparsity 23.2%
gen 6 offspring [73/100] k= 35 (used  35.0) c=0.873 alpha=-0.015 beta=+0.164 | loss 2.9773 (delta +0.0919) size 541.4 MB sparsity 12.0%
gen 6 offspring [74/100] k= 32 (used  32.0) c=0.815 alpha=-0.170 beta=+0.125 | loss 3.0147 (delta +0.1293) size 496.7 MB sparsity 13.3%
gen 6 offspring [75/100] k= 31 (used  31.0) c=0.884 alpha=-0.134 beta=+0.017 | loss 2.9864 (delta +0.1011) size 496.7 MB sparsity 11.8%
gen 6 offspring [76/100] k= 14 (used  14.0) c=0.794 alpha=-0.267 beta=+0.307 | loss 3.7487 (delta +0.8633) size 448.6 MB sparsity 26.5%
gen 6 offspring [77/100] k= 16 (used  16.0) c=0.802 alpha=-0.336 beta=+0.317 | loss 3.8156 (delta +0.9302) size 446.0 MB sparsity 28.3%
gen 6 offspring [78/100] k=198 (used 198.0) c=0.845 alpha=-0.017 beta=+0.026 | loss 2.9122 (delta +0.0268) size 630.9 MB sparsity 2.0%
gen 6 offspring [79/100] k= 28 (used  28.0) c=0.847 alpha=-0.202 beta=+0.098 | loss 3.0410 (delta +0.1556) size 496.7 MB sparsity 14.9%
gen 6 offspring [80/100] k= 21 (used  21.0) c=0.997 alpha=-0.412 beta=+0.021 | loss 3.5305 (delta +0.6451) size 482.8 MB sparsity 26.2%
gen 6 offspring [81/100] k=211 (used 211.0) c=1.000 alpha=-0.007 beta=+0.056 | loss 2.8894 (delta +0.0041) size 630.9 MB sparsity 3.3%
gen 6 offspring [82/100] k= 21 (used  21.0) c=0.997 alpha=-0.026 beta=+0.198 | loss 3.1948 (delta +0.3094) size 494.8 MB sparsity 18.8%
gen 6 offspring [83/100] k= 16 (used  16.0) c=0.870 alpha=-0.084 beta=+0.121 | loss 3.4443 (delta +0.5590) size 450.5 MB sparsity 22.4%
gen 6 offspring [84/100] k= 25 (used  25.0) c=0.981 alpha=-0.356 beta=+0.195 | loss 3.3165 (delta +0.4312) size 488.1 MB sparsity 23.8%
gen 6 offspring [85/100] k= 35 (used  35.0) c=0.871 alpha=-0.412 beta=+0.113 | loss 3.2237 (delta +0.3384) size 526.4 MB sparsity 22.3%
gen 6 offspring [86/100] k= 32 (used  32.0) c=0.822 alpha=-0.301 beta=+0.300 | loss 3.3609 (delta +0.4755) size 485.0 MB sparsity 25.2%
gen 6 offspring [87/100] k= 15 (used  15.0) c=0.859 alpha=-0.022 beta=+0.199 | loss 3.4653 (delta +0.5799) size 450.6 MB sparsity 22.2%
gen 6 offspring [88/100] k= 54 (used  54.0) c=0.885 alpha=-0.052 beta=+0.063 | loss 2.9351 (delta +0.0497) size 541.4 MB sparsity 6.5%
gen 6 offspring [89/100] k= 12 (used  12.0) c=0.902 alpha=-0.056 beta=+0.045 | loss 4.3208 (delta +1.4354) size 440.4 MB sparsity 31.4%
gen 6 offspring [90/100] k= 22 (used  22.0) c=0.912 alpha=-0.086 beta=+0.318 | loss 3.2506 (delta +0.3652) size 492.2 MB sparsity 21.9%
gen 6 offspring [91/100] k= 43 (used  42.9) c=0.924 alpha=-0.056 beta=+0.428 | loss 3.3515 (delta +0.4661) size 528.2 MB sparsity 21.6%
gen 6 offspring [92/100] k= 40 (used  39.0) c=0.992 alpha=-0.202 beta=+0.117 | loss 2.9924 (delta +0.1071) size 541.3 MB sparsity 14.3%
gen 6 offspring [93/100] k= 78 (used  78.0) c=0.830 alpha=-0.116 beta=+0.061 | loss 2.9350 (delta +0.0496) size 586.1 MB sparsity 7.8%
gen 6 offspring [94/100] k= 60 (used  60.0) c=0.845 alpha=-0.012 beta=+0.040 | loss 2.9285 (delta +0.0431) size 541.4 MB sparsity 5.5%
gen 6 offspring [95/100] k= 22 (used  22.0) c=0.873 alpha=-0.412 beta=+0.014 | loss 3.3973 (delta +0.5120) size 485.4 MB sparsity 25.0%
gen 6 offspring [96/100] k=111 (used 110.9) c=0.991 alpha=-0.042 beta=+0.199 | loss 2.9316 (delta +0.0463) size 586.1 MB sparsity 10.4%
gen 6 offspring [97/100] k= 15 (used  15.0) c=0.913 alpha=-0.133 beta=+0.424 | loss 3.7603 (delta +0.8750) size 443.9 MB sparsity 29.5%
gen 6 offspring [98/100] k= 19 (used  19.0) c=0.990 alpha=-0.194 beta=+0.044 | loss 3.2961 (delta +0.4107) size 493.4 MB sparsity 20.1%
gen 6 offspring [99/100] k=211 (used 211.0) c=0.977 alpha=-0.028 beta=+0.062 | loss 2.8905 (delta +0.0052) size 630.9 MB sparsity 3.9%
gen 6 offspring [100/100] k= 22 (used  22.0) c=0.907 alpha=-0.092 beta=+0.424 | loss 3.4094 (delta +0.5241) size 483.7 MB sparsity 25.8%
=== generation 6/50 done in 446s (0 reused), batch baseline 2.8854, HV 0.18284, front 60 points, 100/100 feasible, best delta loss +0.0041, smallest 442.4 MB
gen 7 offspring [1/100] k= 29 (used  29.0) c=0.830 alpha=-0.053 beta=+0.026 | loss 3.0012 (delta +0.1158) size 496.7 MB sparsity 11.0%
gen 7 offspring [2/100] k= 35 (used  35.0) c=0.840 alpha=-0.211 beta=+0.198 | loss 3.0823 (delta +0.1969) size 539.0 MB sparsity 17.6%
gen 7 offspring [3/100] k= 63 (used  63.0) c=0.855 alpha=-0.013 beta=+0.126 | loss 2.9306 (delta +0.0452) size 541.4 MB sparsity 8.0%
gen 7 offspring [4/100] k= 15 (used  15.0) c=0.911 alpha=-0.058 beta=+0.424 | loss 3.7730 (delta +0.8877) size 443.9 MB sparsity 29.5%
gen 7 offspring [5/100] k= 43 (used  43.0) c=0.983 alpha=-0.042 beta=+0.112 | loss 2.9423 (delta +0.0570) size 541.4 MB sparsity 9.6%
gen 7 offspring [6/100] k= 15 (used  15.0) c=0.851 alpha=-0.365 beta=+0.293 | loss 3.6940 (delta +0.8087) size 445.2 MB sparsity 28.7%
gen 7 offspring [7/100] k= 22 (used  22.0) c=0.840 alpha=-0.059 beta=+0.003 | loss 3.0958 (delta +0.2104) size 496.3 MB sparsity 15.5%
gen 7 offspring [8/100] k= 27 (used  27.0) c=0.877 alpha=-0.134 beta=+0.071 | loss 3.0199 (delta +0.1345) size 496.7 MB sparsity 12.9%
gen 7 offspring [9/100] k= 16 (used  16.0) c=0.845 alpha=-0.088 beta=+0.063 | loss 3.4205 (delta +0.5352) size 450.8 MB sparsity 21.8%
gen 7 offspring [10/100] k=224 (used 223.0) c=1.000 alpha=-0.029 beta=+0.010 | loss 2.8890 (delta +0.0036) size 630.9 MB sparsity 2.1%
gen 7 offspring [11/100] k= 15 (used  15.0) c=0.902 alpha=-0.022 beta=+0.157 | loss 3.5097 (delta +0.6243) size 450.1 MB sparsity 23.2%
gen 7 offspring [12/100] k= 25 (used  25.0) c=0.873 alpha=-0.361 beta=+0.121 | loss 3.2241 (delta +0.3387) size 492.6 MB sparsity 21.8%
gen 7 offspring [13/100] k= 16 (used  16.0) c=0.912 alpha=-0.149 beta=+0.303 | loss 3.5841 (delta +0.6987) size 449.3 MB sparsity 25.4%
gen 7 offspring [14/100] k= 28 (used  27.0) c=0.997 alpha=-0.101 beta=+0.122 | loss 3.0381 (delta +0.1527) size 496.6 MB sparsity 14.2%
gen 7 offspring [15/100] k= 22 (used  22.0) c=0.838 alpha=-0.202 beta=+0.001 | loss 3.1128 (delta +0.2275) size 496.1 MB sparsity 17.0%
gen 7 offspring [16/100] k= 22 (used  22.0) c=0.908 alpha=-0.205 beta=+0.345 | loss 3.3157 (delta +0.4304) size 487.5 MB sparsity 24.1%
gen 7 offspring [17/100] k= 55 (used  55.0) c=0.953 alpha=-0.001 beta=+0.155 | loss 2.9422 (delta +0.0568) size 541.4 MB sparsity 10.0%
gen 7 offspring [18/100] k= 32 (used  32.0) c=0.902 alpha=-0.056 beta=+0.424 | loss 3.2802 (delta +0.3949) size 490.1 MB sparsity 23.0%
gen 7 offspring [19/100] k= 32 (used  31.0) c=0.996 alpha=-0.303 beta=+0.320 | loss 3.3372 (delta +0.4518) size 482.9 MB sparsity 26.2%
gen 7 offspring [20/100] k= 16 (used  16.0) c=0.870 alpha=-0.018 beta=+0.121 | loss 3.4443 (delta +0.5590) size 450.5 MB sparsity 22.4%
gen 7 offspring [21/100] k= 83 (used  83.0) c=0.983 alpha=-0.047 beta=+0.159 | loss 2.9177 (delta +0.0324) size 586.1 MB sparsity 9.2%
gen 7 offspring [22/100] k= 32 (used  32.0) c=0.822 alpha=-0.301 beta=+0.029 | loss 3.1142 (delta +0.2289) size 496.5 MB sparsity 17.7%
gen 7 offspring [23/100] k= 36 (used  36.0) c=0.824 alpha=-0.300 beta=+0.007 | loss 3.0784 (delta +0.1930) size 539.6 MB sparsity 17.1%
gen 7 offspring [24/100] k= 21 (used  21.0) c=0.992 alpha=-0.043 beta=+0.086 | loss 3.1939 (delta +0.3085) size 495.0 MB sparsity 18.1%
gen 7 offspring [25/100] k= 32 (used  32.0) c=0.884 alpha=-0.056 beta=+0.025 | loss 2.9817 (delta +0.0963) size 496.7 MB sparsity 11.0%
gen 7 offspring [26/100] k= 37 (used  37.0) c=0.996 alpha=-0.076 beta=+0.122 | loss 2.9675 (delta +0.0822) size 541.4 MB sparsity 11.0%
gen 7 offspring [27/100] k= 16 (used  16.0) c=0.871 alpha=-0.083 beta=+0.121 | loss 3.4555 (delta +0.5701) size 450.5 MB sparsity 22.4%
gen 7 offspring [28/100] k= 26 (used  26.0) c=0.855 alpha=-0.130 beta=+0.071 | loss 3.0366 (delta +0.1512) size 496.7 MB sparsity 13.4%
gen 7 offspring [29/100] k= 14 (used  14.0) c=0.841 alpha=-0.380 beta=+0.199 | loss 3.8759 (delta +0.9905) size 444.9 MB sparsity 28.9%
gen 7 offspring [30/100] k= 30 (used  29.0) c=0.987 alpha=-0.171 beta=+0.129 | loss 3.0297 (delta +0.1443) size 496.7 MB sparsity 14.5%
gen 7 offspring [31/100] k= 15 (used  15.0) c=0.975 alpha=-0.056 beta=+0.403 | loss 3.7728 (delta +0.8875) size 443.7 MB sparsity 29.6%
gen 7 offspring [32/100] k= 15 (used  15.0) c=0.902 alpha=-0.005 beta=+0.161 | loss 3.5082 (delta +0.6229) size 450.1 MB sparsity 23.2%
gen 7 offspring [33/100] k= 18 (used  18.0) c=0.907 alpha=-0.029 beta=+0.429 | loss 3.5693 (delta +0.6839) size 478.6 MB sparsity 28.1%
gen 7 offspring [34/100] k= 16 (used  16.0) c=0.812 alpha=-0.133 beta=+0.444 | loss 3.6794 (delta +0.7941) size 445.1 MB sparsity 28.8%
gen 7 offspring [35/100] k= 17 (used  17.0) c=0.965 alpha=-0.029 beta=+0.074 | loss 3.3993 (delta +0.5140) size 457.7 MB sparsity 21.8%
gen 7 offspring [36/100] k= 50 (used  50.0) c=0.850 alpha=-0.135 beta=+0.111 | loss 2.9541 (delta +0.0688) size 541.4 MB sparsity 10.8%
gen 7 offspring [37/100] k= 18 (used  18.0) c=0.932 alpha=-0.383 beta=+0.115 | loss 3.5884 (delta +0.7030) size 481.6 MB sparsity 26.7%
gen 7 offspring [38/100] k= 27 (used  27.0) c=0.810 alpha=-0.203 beta=+0.377 | loss 3.2626 (delta +0.3772) size 486.6 MB sparsity 24.5%
gen 7 offspring [39/100] k= 25 (used  25.0) c=0.908 alpha=-0.205 beta=+0.153 | loss 3.0857 (delta +0.2003) size 496.5 MB sparsity 16.6%
gen 7 offspring [40/100] k= 55 (used  55.0) c=0.956 alpha=-0.017 beta=+0.043 | loss 2.9286 (delta +0.0432) size 541.4 MB sparsity 6.7%
gen 7 offspring [41/100] k=215 (used 215.0) c=0.994 alpha=-0.004 beta=+0.056 | loss 2.8894 (delta +0.0040) size 630.9 MB sparsity 3.3%
gen 7 offspring [42/100] k= 22 (used  21.0) c=0.953 alpha=-0.056 beta=+0.435 | loss 3.4661 (delta +0.5807) size 481.9 MB sparsity 26.6%
gen 7 offspring [43/100] k= 20 (used  20.0) c=0.851 alpha=-0.001 beta=+0.199 | loss 3.1913 (delta +0.3060) size 495.4 MB sparsity 18.1%
gen 7 offspring [44/100] k= 33 (used  33.0) c=0.843 alpha=-0.012 beta=+0.042 | loss 2.9804 (delta +0.0951) size 519.4 MB sparsity 9.8%
gen 7 offspring [45/100] k= 15 (used  15.0) c=0.911 alpha=-0.133 beta=+0.424 | loss 3.7737 (delta +0.8884) size 443.9 MB sparsity 29.5%
gen 7 offspring [46/100] k= 32 (used  32.0) c=0.887 alpha=-0.133 beta=+0.490 | loss 14.1698 (delta +11.2845) size 483.2 MB sparsity 26.0%
gen 7 offspring [47/100] k= 16 (used  16.0) c=0.845 alpha=-0.327 beta=+0.121 | loss 3.5384 (delta +0.6531) size 449.7 MB sparsity 25.2%
gen 7 offspring [48/100] k= 21 (used  21.0) c=0.950 alpha=-0.309 beta=+0.027 | loss 3.2868 (delta +0.4015) size 492.1 MB sparsity 22.0%
gen 7 offspring [49/100] k= 21 (used  21.0) c=0.977 alpha=-0.030 beta=+0.001 | loss 3.2154 (delta +0.3300) size 495.1 MB sparsity 17.9%
gen 7 offspring [50/100] k= 18 (used  17.0) c=0.985 alpha=-0.079 beta=+0.033 | loss 3.4071 (delta +0.5217) size 456.9 MB sparsity 22.2%
gen 7 offspring [51/100] k= 15 (used  15.0) c=0.977 alpha=-0.130 beta=+0.410 | loss 3.7831 (delta +0.8977) size 443.2 MB sparsity 29.9%
gen 7 offspring [52/100] k= 39 (used  39.0) c=0.991 alpha=-0.089 beta=+0.199 | loss 2.9847 (delta +0.0994) size 541.4 MB sparsity 13.5%
gen 7 offspring [53/100] k= 33 (used  33.0) c=0.981 alpha=-0.384 beta=+0.199 | loss 3.2480 (delta +0.3626) size 486.5 MB sparsity 24.6%
gen 7 offspring [54/100] k= 15 (used  15.0) c=0.973 alpha=-0.117 beta=+0.446 | loss 3.8461 (delta +0.9607) size 441.1 MB sparsity 31.0%
gen 7 offspring [55/100] k= 23 (used  23.0) c=0.949 alpha=-0.116 beta=+0.115 | loss 3.0852 (delta +0.1999) size 496.2 MB sparsity 15.9%
gen 7 offspring [56/100] k= 54 (used  54.0) c=0.969 alpha=-0.019 beta=+0.121 | loss 2.9297 (delta +0.0443) size 541.4 MB sparsity 8.8%
gen 7 offspring [57/100] k= 16 (used  16.0) c=0.794 alpha=-0.259 beta=+0.439 | loss 3.7985 (delta +0.9132) size 443.0 MB sparsity 30.0%
gen 7 offspring [58/100] k= 15 (used  15.0) c=0.906 alpha=-0.022 beta=+0.159 | loss 3.5273 (delta +0.6419) size 450.0 MB sparsity 23.3%
gen 7 offspring [59/100] k= 16 (used  16.0) c=0.904 alpha=-0.088 beta=+0.121 | loss 3.5018 (delta +0.6165) size 450.1 MB sparsity 23.2%
gen 7 offspring [60/100] k= 20 (used  19.0) c=0.992 alpha=-0.143 beta=+0.249 | loss 3.3184 (delta +0.4330) size 492.5 MB sparsity 21.5%
gen 7 offspring [61/100] k= 24 (used  24.0) c=0.843 alpha=-0.271 beta=+0.205 | loss 3.2245 (delta +0.3392) size 494.5 MB sparsity 20.8%
gen 7 offspring [62/100] k= 16 (used  16.0) c=0.894 alpha=-0.121 beta=+0.448 | loss 3.7516 (delta +0.8662) size 442.9 MB sparsity 30.1%
gen 7 offspring [63/100] k= 27 (used  27.0) c=0.879 alpha=-0.082 beta=+0.138 | loss 3.0183 (delta +0.1330) size 496.7 MB sparsity 13.0%
gen 7 offspring [64/100] k= 16 (used  16.0) c=0.891 alpha=-0.132 beta=+0.424 | loss 3.6823 (delta +0.7970) size 444.4 MB sparsity 29.2%
gen 7 offspring [65/100] k= 93 (used  93.0) c=0.825 alpha=-0.041 beta=+0.042 | loss 2.9285 (delta +0.0431) size 586.1 MB sparsity 4.0%
gen 7 offspring [66/100] k= 15 (used  15.0) c=0.859 alpha=-0.081 beta=+0.199 | loss 3.4653 (delta +0.5799) size 450.6 MB sparsity 22.2%
gen 7 offspring [67/100] k= 25 (used  25.0) c=0.944 alpha=-0.351 beta=+0.189 | loss 3.2903 (delta +0.4049) size 489.2 MB sparsity 23.4%
gen 7 offspring [68/100] k= 59 (used  59.0) c=0.852 alpha=-0.017 beta=+0.040 | loss 2.9312 (delta +0.0458) size 541.4 MB sparsity 5.5%
gen 7 offspring [69/100] k= 43 (used  43.0) c=0.992 alpha=-0.032 beta=+0.277 | loss 3.0267 (delta +0.1414) size 540.6 MB sparsity 16.1%
gen 7 offspring [70/100] k= 98 (used  96.5) c=1.000 alpha=-0.216 beta=+0.288 | loss 3.0700 (delta +0.1847) size 564.7 MB sparsity 21.1%
gen 7 offspring [71/100] k= 15 (used  15.0) c=0.973 alpha=-0.052 beta=+0.424 | loss 3.8056 (delta +0.9202) size 442.4 MB sparsity 30.3%
gen 7 offspring [72/100] k= 69 (used  68.7) c=0.871 alpha=-0.335 beta=+0.029 | loss 3.0599 (delta +0.1746) size 579.9 MB sparsity 16.3%
gen 7 offspring [73/100] k= 41 (used  41.0) c=0.953 alpha=-0.117 beta=+0.144 | loss 2.9559 (delta +0.0705) size 541.4 MB sparsity 11.8%
gen 7 offspring [74/100] k= 15 (used  15.0) c=0.851 alpha=-0.302 beta=+0.293 | loss 3.5907 (delta +0.7053) size 448.9 MB sparsity 26.6%
gen 7 offspring [75/100] k= 24 (used  23.0) c=1.000 alpha=-0.018 beta=+0.037 | loss 3.1116 (delta +0.2262) size 495.8 MB sparsity 16.7%
gen 7 offspring [76/100] k= 16 (used  16.0) c=0.823 alpha=-0.067 beta=+0.163 | loss 3.4214 (delta +0.5360) size 451.0 MB sparsity 21.3%
gen 7 offspring [77/100] k=231 (used 230.3) c=0.999 alpha=-0.149 beta=+0.085 | loss 2.9061 (delta +0.0207) size 630.9 MB sparsity 9.9%
gen 7 offspring [78/100] k= 22 (used  22.0) c=0.837 alpha=-0.120 beta=+0.006 | loss 3.0901 (delta +0.2048) size 496.3 MB sparsity 15.4%
gen 7 offspring [79/100] k=213 (used 211.7) c=1.000 alpha=-0.173 beta=+0.166 | loss 2.9458 (delta +0.0604) size 624.2 MB sparsity 14.4%
gen 7 offspring [80/100] k= 30 (used  30.0) c=0.951 alpha=-0.128 beta=+0.017 | loss 3.0162 (delta +0.1309) size 496.7 MB sparsity 12.8%
gen 7 offspring [81/100] k= 31 (used  31.0) c=0.828 alpha=-0.051 beta=+0.300 | loss 3.1192 (delta +0.2338) size 496.5 MB sparsity 17.7%
gen 7 offspring [82/100] k= 29 (used  29.0) c=0.861 alpha=-0.063 beta=+0.100 | loss 2.9871 (delta +0.1018) size 496.7 MB sparsity 11.5%
gen 7 offspring [83/100] k= 25 (used  25.0) c=0.983 alpha=-0.036 beta=+0.066 | loss 3.0694 (delta +0.1840) size 496.4 MB sparsity 15.1%
gen 7 offspring [84/100] k= 59 (used  59.0) c=0.842 alpha=-0.004 beta=+0.158 | loss 2.9509 (delta +0.0655) size 541.4 MB sparsity 9.5%
gen 7 offspring [85/100] k= 92 (used  91.0) c=1.000 alpha=-0.042 beta=+0.050 | loss 2.9000 (delta +0.0146) size 586.1 MB sparsity 4.5%
gen 7 offspring [86/100] k= 15 (used  15.0) c=0.992 alpha=-0.074 beta=+0.249 | loss 3.6723 (delta +0.7869) size 448.6 MB sparsity 25.5%
gen 7 offspring [87/100] k= 72 (used  72.0) c=0.983 alpha=-0.058 beta=+0.158 | loss 2.9247 (delta +0.0393) size 586.1 MB sparsity 9.6%
gen 7 offspring [88/100] k= 95 (used  95.0) c=0.998 alpha=-0.042 beta=+0.005 | loss 2.8979 (delta +0.0126) size 586.1 MB sparsity 4.1%
gen 7 offspring [89/100] k=100 (used  99.9) c=0.985 alpha=-0.042 beta=+0.199 | loss 2.9324 (delta +0.0470) size 586.1 MB sparsity 10.5%
gen 7 offspring [90/100] k= 22 (used  22.0) c=0.850 alpha=-0.096 beta=+0.029 | loss 3.0936 (delta +0.2082) size 496.2 MB sparsity 15.6%
gen 7 offspring [91/100] k= 56 (used  55.0) c=0.994 alpha=-0.041 beta=+0.193 | loss 2.9545 (delta +0.0692) size 541.4 MB sparsity 11.7%
gen 7 offspring [92/100] k=226 (used 223.7) c=0.998 alpha=-0.074 beta=+0.230 | loss 2.9454 (delta +0.0600) size 629.6 MB sparsity 12.8%
gen 7 offspring [93/100] k= 15 (used  15.0) c=0.856 alpha=-0.090 beta=+0.422 | loss 3.6516 (delta +0.7662) size 445.4 MB sparsity 28.7%
gen 7 offspring [94/100] k= 15 (used  15.0) c=0.885 alpha=-0.227 beta=+0.142 | loss 3.5104 (delta +0.6250) size 450.3 MB sparsity 23.0%
gen 7 offspring [95/100] k= 15 (used  15.0) c=0.905 alpha=-0.233 beta=+0.429 | loss 3.7416 (delta +0.8562) size 443.3 MB sparsity 29.8%
gen 7 offspring [96/100] k= 12 (used  11.0) c=0.913 alpha=-0.134 beta=+0.451 | loss 4.6701 (delta +1.7848) size 433.6 MB sparsity 35.2%
gen 7 offspring [97/100] k= 14 (used  13.0) c=1.000 alpha=-0.032 beta=+0.056 | loss 4.1598 (delta +1.2744) size 444.1 MB sparsity 29.3%
gen 7 offspring [98/100] k= 16 (used  15.0) c=0.973 alpha=-0.054 beta=+0.124 | loss 3.6728 (delta +0.7874) size 448.9 MB sparsity 24.9%
gen 7 offspring [99/100] k= 22 (used  22.0) c=0.859 alpha=-0.004 beta=+0.196 | loss 3.1270 (delta +0.2416) size 496.1 MB sparsity 17.0%
gen 7 offspring [100/100] k= 15 (used  15.0) c=0.845 alpha=-0.113 beta=+0.037 | loss 3.4562 (delta +0.5708) size 450.8 MB sparsity 21.8%
=== generation 7/50 done in 447s (0 reused), batch baseline 2.8854, HV 0.18391, front 79 points, 100/100 feasible, best delta loss +0.0036, smallest 441.1 MB
gen 8 offspring [1/100] k= 72 (used  72.0) c=0.983 alpha=-0.030 beta=+0.040 | loss 2.9079 (delta +0.0226) size 586.1 MB sparsity 5.3%
gen 8 offspring [2/100] k= 16 (used  16.0) c=0.885 alpha=-0.088 beta=+0.121 | loss 3.4869 (delta +0.6016) size 450.3 MB sparsity 22.8%
gen 8 offspring [3/100] k= 31 (used  31.0) c=0.884 alpha=-0.056 beta=+0.074 | loss 2.9854 (delta +0.1000) size 496.7 MB sparsity 11.0%
gen 8 offspring [4/100] k= 32 (used  32.0) c=0.845 alpha=-0.056 beta=+0.025 | loss 2.9850 (delta +0.0997) size 496.7 MB sparsity 10.5%
gen 8 offspring [5/100] k= 17 (used  17.0) c=0.996 alpha=-0.029 beta=+0.031 | loss 3.4350 (delta +0.5497) size 456.5 MB sparsity 22.5%
gen 8 offspring [6/100] k= 23 (used  23.0) c=0.945 alpha=-0.116 beta=+0.115 | loss 3.0875 (delta +0.2022) size 496.2 MB sparsity 15.8%
gen 8 offspring [7/100] k= 30 (used  30.0) c=0.871 alpha=-0.200 beta=+0.029 | loss 3.0128 (delta +0.1275) size 496.7 MB sparsity 14.5%
gen 8 offspring [8/100] k= 15 (used  15.0) c=0.902 alpha=-0.090 beta=+0.424 | loss 3.7180 (delta +0.8327) size 444.1 MB sparsity 29.4%
gen 8 offspring [9/100] k= 32 (used  32.0) c=0.889 alpha=-0.301 beta=+0.013 | loss 3.0842 (delta +0.1989) size 496.3 MB sparsity 18.2%
gen 8 offspring [10/100] k= 72 (used  72.0) c=0.838 alpha=-0.007 beta=+0.126 | loss 2.9300 (delta +0.0447) size 586.1 MB sparsity 7.7%
gen 8 offspring [11/100] k= 16 (used  16.0) c=0.881 alpha=-0.132 beta=+0.448 | loss 3.7127 (delta +0.8274) size 443.2 MB sparsity 29.9%
gen 8 offspring [12/100] k= 25 (used  25.0) c=0.899 alpha=-0.149 beta=+0.423 | loss 3.3534 (delta +0.4681) size 486.1 MB sparsity 24.7%
gen 8 offspring [13/100] k= 21 (used  21.0) c=0.871 alpha=-0.024 beta=+0.028 | loss 3.1056 (delta +0.2203) size 496.1 MB sparsity 16.0%
gen 8 offspring [14/100] k= 28 (used  27.0) c=0.995 alpha=-0.056 beta=+0.132 | loss 3.0385 (delta +0.1532) size 496.6 MB sparsity 14.2%
gen 8 offspring [15/100] k= 20 (used  20.0) c=0.847 alpha=-0.203 beta=+0.331 | loss 3.3494 (delta +0.4640) size 488.5 MB sparsity 23.7%
gen 8 offspring [16/100] k= 15 (used  15.0) c=0.896 alpha=-0.211 beta=+0.417 | loss 3.7028 (delta +0.8174) size 444.7 MB sparsity 29.1%
gen 8 offspring [17/100] k= 92 (used  91.0) c=0.990 alpha=-0.116 beta=+0.052 | loss 2.9097 (delta +0.0243) size 586.1 MB sparsity 7.4%
gen 8 offspring [18/100] k= 16 (used  16.0) c=0.862 alpha=-0.272 beta=+0.042 | loss 3.4765 (delta +0.5911) size 450.4 MB sparsity 23.6%
gen 8 offspring [19/100] k= 67 (used  67.0) c=0.997 alpha=-0.103 beta=+0.250 | loss 2.9842 (delta +0.0989) size 583.7 MB sparsity 15.1%
gen 8 offspring [20/100] k= 95 (used  95.0) c=0.983 alpha=-0.043 beta=+0.112 | loss 2.9023 (delta +0.0169) size 586.1 MB sparsity 6.9%
gen 8 offspring [21/100] k= 97 (used  97.0) c=0.982 alpha=-0.025 beta=+0.120 | loss 2.9018 (delta +0.0165) size 586.1 MB sparsity 7.1%
gen 8 offspring [22/100] k= 15 (used  15.0) c=0.896 alpha=-0.206 beta=+0.429 | loss 3.7074 (delta +0.8220) size 443.9 MB sparsity 29.5%
gen 8 offspring [23/100] k= 26 (used  26.0) c=0.851 alpha=-0.130 beta=+0.071 | loss 3.0386 (delta +0.1532) size 496.7 MB sparsity 13.3%
gen 8 offspring [24/100] k= 38 (used  37.0) c=0.996 alpha=-0.032 beta=+0.282 | loss 3.0588 (delta +0.1734) size 539.5 MB sparsity 17.0%
gen 8 offspring [25/100] k= 76 (used  76.0) c=0.957 alpha=-0.042 beta=+0.074 | loss 2.9053 (delta +0.0200) size 586.1 MB sparsity 5.8%
gen 8 offspring [26/100] k= 33 (used  33.0) c=0.851 alpha=-0.280 beta=+0.421 | loss 3.4184 (delta +0.5331) size 476.6 MB sparsity 29.0%
gen 8 offspring [27/100] k= 15 (used  15.0) c=0.903 alpha=-0.056 beta=+0.424 | loss 3.7120 (delta +0.8266) size 444.1 MB sparsity 29.4%
gen 8 offspring [28/100] k= 15 (used  15.0) c=0.938 alpha=-0.052 beta=+0.424 | loss 3.7318 (delta +0.8464) size 443.3 MB sparsity 29.8%
gen 8 offspring [29/100] k= 16 (used  16.0) c=0.888 alpha=-0.165 beta=+0.121 | loss 3.4734 (delta +0.5880) size 450.3 MB sparsity 22.8%
gen 8 offspring [30/100] k= 21 (used  21.0) c=0.908 alpha=-0.149 beta=+0.419 | loss 3.3876 (delta +0.5022) size 484.0 MB sparsity 25.6%
gen 8 offspring [31/100] k= 28 (used  28.0) c=0.824 alpha=-0.056 beta=+0.025 | loss 3.0033 (delta +0.1180) size 496.7 MB sparsity 11.8%
gen 8 offspring [32/100] k= 28 (used  27.0) c=1.000 alpha=-0.380 beta=+0.198 | loss 3.2966 (delta +0.4113) size 486.1 MB sparsity 24.7%
gen 8 offspring [33/100] k= 21 (used  21.0) c=0.994 alpha=-0.071 beta=+0.021 | loss 3.1964 (delta +0.3111) size 494.9 MB sparsity 18.2%
gen 8 offspring [34/100] k= 16 (used  15.0) c=0.996 alpha=-0.105 beta=+0.303 | loss 3.6872 (delta +0.8019) size 448.0 MB sparsity 26.7%
gen 8 offspring [35/100] k= 15 (used  15.0) c=0.947 alpha=-0.056 beta=+0.424 | loss 3.7727 (delta +0.8874) size 443.1 MB sparsity 30.0%
gen 8 offspring [36/100] k= 15 (used  15.0) c=0.827 alpha=-0.302 beta=+0.279 | loss 3.6814 (delta +0.7960) size 449.6 MB sparsity 26.0%
gen 8 offspring [37/100] k=189 (used 188.7) c=0.969 alpha=-0.121 beta=+0.112 | loss 2.9073 (delta +0.0220) size 630.9 MB sparsity 9.9%
gen 8 offspring [38/100] k= 34 (used  34.0) c=0.843 alpha=-0.061 beta=+0.042 | loss 2.9742 (delta +0.0889) size 541.4 MB sparsity 9.8%
gen 8 offspring [39/100] k= 61 (used  61.0) c=0.990 alpha=-0.058 beta=+0.063 | loss 2.9264 (delta +0.0411) size 541.4 MB sparsity 6.4%
gen 8 offspring [40/100] k= 29 (used  29.0) c=0.950 alpha=-0.019 beta=+0.135 | loss 3.0098 (delta +0.1244) size 496.7 MB sparsity 13.0%
gen 8 offspring [41/100] k= 27 (used  27.0) c=0.991 alpha=-0.187 beta=+0.439 | loss 3.3674 (delta +0.4821) size 482.1 MB sparsity 26.5%
gen 8 offspring [42/100] k= 73 (used  73.0) c=0.986 alpha=-0.117 beta=+0.122 | loss 2.9166 (delta +0.0312) size 586.1 MB sparsity 10.3%
gen 8 offspring [43/100] k=125 (used 125.0) c=0.998 alpha=-0.055 beta=+0.005 | loss 2.8915 (delta +0.0061) size 586.1 MB sparsity 4.0%
gen 8 offspring [44/100] k= 97 (used  97.0) c=0.992 alpha=-0.041 beta=+0.097 | loss 2.8985 (delta +0.0131) size 586.1 MB sparsity 6.3%
gen 8 offspring [45/100] k= 23 (used  23.0) c=0.952 alpha=-0.018 beta=+0.121 | loss 3.0855 (delta +0.2001) size 496.1 MB sparsity 15.9%
gen 8 offspring [46/100] k= 29 (used  29.0) c=0.847 alpha=-0.034 beta=+0.102 | loss 2.9967 (delta +0.1114) size 496.7 MB sparsity 11.3%
gen 8 offspring [47/100] k= 35 (used  35.0) c=0.992 alpha=-0.089 beta=+0.004 | loss 2.9699 (delta +0.0845) size 541.4 MB sparsity 10.9%
gen 8 offspring [48/100] k= 16 (used  16.0) c=0.812 alpha=-0.133 beta=+0.409 | loss 3.6162 (delta +0.7308) size 447.3 MB sparsity 27.6%
gen 8 offspring [49/100] k=189 (used 188.7) c=0.969 alpha=-0.138 beta=+0.016 | loss 2.9028 (delta +0.0174) size 630.9 MB sparsity 6.9%
gen 8 offspring [50/100] k= 16 (used  16.0) c=0.895 alpha=-0.049 beta=+0.063 | loss 3.5039 (delta +0.6185) size 450.2 MB sparsity 23.0%
gen 8 offspring [51/100] k= 16 (used  15.0) c=0.965 alpha=-0.143 beta=+0.287 | loss 3.7185 (delta +0.8332) size 448.7 MB sparsity 25.7%
gen 8 offspring [52/100] k= 18 (used  17.0) c=0.946 alpha=-0.116 beta=+0.041 | loss 3.3723 (delta +0.4870) size 458.4 MB sparsity 21.4%
gen 8 offspring [53/100] k= 15 (used  15.0) c=0.973 alpha=-0.334 beta=+0.423 | loss 3.9689 (delta +1.0836) size 438.2 MB sparsity 32.7%
gen 8 offspring [54/100] k= 38 (used  37.0) c=0.991 alpha=-0.055 beta=+0.199 | loss 3.0008 (delta +0.1155) size 541.3 MB sparsity 13.8%
gen 8 offspring [55/100] k= 26 (used  26.0) c=0.825 alpha=-0.229 beta=+0.305 | loss 3.2625 (delta +0.3772) size 490.4 MB sparsity 22.8%
gen 8 offspring [56/100] k= 32 (used  31.0) c=0.997 alpha=-0.314 beta=+0.320 | loss 3.3525 (delta +0.4672) size 481.9 MB sparsity 26.6%
gen 8 offspring [57/100] k= 16 (used  16.0) c=0.905 alpha=-0.229 beta=+0.429 | loss 3.7234 (delta +0.8380) size 443.4 MB sparsity 29.8%
gen 8 offspring [58/100] k= 38 (used  38.0) c=0.875 alpha=-0.361 beta=+0.121 | loss 3.1553 (delta +0.2700) size 531.1 MB sparsity 20.5%
gen 8 offspring [59/100] k= 31 (used  31.0) c=0.992 alpha=-0.149 beta=+0.180 | loss 3.0148 (delta +0.1295) size 496.7 MB sparsity 15.1%
gen 8 offspring [60/100] k= 17 (used  17.0) c=0.948 alpha=-0.101 beta=+0.415 | loss 3.6175 (delta +0.7321) size 446.4 MB sparsity 28.1%
gen 8 offspring [61/100] k=231 (used 231.0) c=0.991 alpha=-0.029 beta=+0.010 | loss 2.8893 (delta +0.0039) size 630.9 MB sparsity 2.1%
gen 8 offspring [62/100] k= 16 (used  15.0) c=0.975 alpha=-0.050 beta=+0.429 | loss 3.7937 (delta +0.9083) size 442.1 MB sparsity 30.5%
gen 8 offspring [63/100] k= 15 (used  15.0) c=0.974 alpha=-0.180 beta=+0.348 | loss 3.7068 (delta +0.8215) size 446.9 MB sparsity 27.7%
gen 8 offspring [64/100] k= 38 (used  38.0) c=0.823 alpha=-0.017 beta=+0.345 | loss 3.1423 (delta +0.2569) size 536.2 MB sparsity 18.6%
gen 8 offspring [65/100] k= 16 (used  15.0) c=0.998 alpha=-0.074 beta=+0.121 | loss 3.6366 (delta +0.7512) size 448.5 MB sparsity 25.4%
gen 8 offspring [66/100] k= 46 (used  45.0) c=0.998 alpha=-0.042 beta=+0.006 | loss 2.9347 (delta +0.0493) size 541.4 MB sparsity 8.5%
gen 8 offspring [67/100] k= 15 (used  15.0) c=0.856 alpha=-0.122 beta=+0.422 | loss 3.6516 (delta +0.7662) size 445.4 MB sparsity 28.7%
gen 8 offspring [68/100] k= 16 (used  16.0) c=0.853 alpha=-0.345 beta=+0.203 | loss 3.5502 (delta +0.6649) size 449.2 MB sparsity 26.0%
gen 8 offspring [69/100] k= 15 (used  15.0) c=0.845 alpha=-0.327 beta=+0.121 | loss 3.5743 (delta +0.6889) size 449.7 MB sparsity 25.2%
gen 8 offspring [70/100] k= 27 (used  27.0) c=0.997 alpha=-0.303 beta=+0.320 | loss 3.3618 (delta +0.4764) size 482.5 MB sparsity 26.3%
gen 8 offspring [71/100] k= 23 (used  23.0) c=0.903 alpha=-0.205 beta=+0.139 | loss 3.0924 (delta +0.2071) size 496.2 MB sparsity 16.9%
gen 8 offspring [72/100] k= 26 (used  25.0) c=0.992 alpha=-0.063 beta=+0.033 | loss 3.0642 (delta +0.1789) size 496.4 MB sparsity 15.2%
gen 8 offspring [73/100] k= 17 (used  17.0) c=0.862 alpha=-0.096 beta=+0.294 | loss 3.3419 (delta +0.4566) size 456.0 MB sparsity 22.7%
gen 8 offspring [74/100] k= 16 (used  16.0) c=0.812 alpha=-0.133 beta=+0.481 | loss 13.6030 (delta +10.7176) size 442.7 MB sparsity 30.1%
gen 8 offspring [75/100] k= 15 (used  15.0) c=0.904 alpha=-0.088 beta=+0.121 | loss 3.5131 (delta +0.6277) size 450.1 MB sparsity 23.2%
gen 8 offspring [76/100] k= 19 (used  19.0) c=0.884 alpha=-0.135 beta=+0.023 | loss 3.2241 (delta +0.3388) size 495.1 MB sparsity 18.0%
gen 8 offspring [77/100] k= 16 (used  16.0) c=0.883 alpha=-0.067 beta=+0.163 | loss 3.4899 (delta +0.6045) size 450.3 MB sparsity 22.7%
gen 8 offspring [78/100] k=193 (used 193.0) c=0.981 alpha=-0.029 beta=+0.057 | loss 2.8928 (delta +0.0074) size 630.9 MB sparsity 3.8%
gen 8 offspring [79/100] k= 15 (used  15.0) c=0.882 alpha=-0.137 beta=+0.249 | loss 3.5086 (delta +0.6232) size 450.3 MB sparsity 23.4%
gen 8 offspring [80/100] k= 14 (used  13.0) c=0.973 alpha=-0.106 beta=+0.483 | loss 4.2798 (delta +1.3945) size 435.1 MB sparsity 34.4%
gen 8 offspring [81/100] k= 32 (used  32.0) c=0.849 alpha=-0.301 beta=+0.300 | loss 3.2970 (delta +0.4116) size 485.0 MB sparsity 25.2%
gen 8 offspring [82/100] k= 16 (used  16.0) c=0.894 alpha=-0.060 beta=+0.448 | loss 3.7516 (delta +0.8662) size 442.9 MB sparsity 30.1%
gen 8 offspring [83/100] k=224 (used 223.0) c=0.997 alpha=-0.029 beta=+0.010 | loss 2.8899 (delta +0.0045) size 630.9 MB sparsity 2.1%
gen 8 offspring [84/100] k= 19 (used  19.0) c=0.850 alpha=-0.088 beta=+0.158 | loss 3.1855 (delta +0.3001) size 495.5 MB sparsity 17.4%
gen 8 offspring [85/100] k= 18 (used  18.0) c=0.870 alpha=-0.341 beta=+0.028 | loss 3.4815 (delta +0.5961) size 486.6 MB sparsity 24.5%
gen 8 offspring [86/100] k= 15 (used  15.0) c=0.973 alpha=-0.032 beta=+0.039 | loss 3.6693 (delta +0.7839) size 448.9 MB sparsity 24.8%
gen 8 offspring [87/100] k= 43 (used  43.0) c=0.945 alpha=-0.076 beta=+0.144 | loss 2.9465 (delta +0.0611) size 541.4 MB sparsity 10.6%
gen 8 offspring [88/100] k= 15 (used  15.0) c=0.906 alpha=-0.031 beta=+0.158 | loss 3.5262 (delta +0.6408) size 450.0 MB sparsity 23.3%
gen 8 offspring [89/100] k= 27 (used  27.0) c=0.879 alpha=-0.083 beta=+0.447 | loss 3.3799 (delta +0.4945) size 486.7 MB sparsity 24.5%
gen 8 offspring [90/100] k= 16 (used  16.0) c=0.867 alpha=-0.166 beta=+0.039 | loss 3.4355 (delta +0.5501) size 450.5 MB sparsity 22.3%
gen 8 offspring [91/100] k= 26 (used  25.0) c=0.998 alpha=-0.064 beta=+0.100 | loss 3.0654 (delta +0.1801) size 496.4 MB sparsity 15.3%
gen 8 offspring [92/100] k=189 (used 188.9) c=0.874 alpha=-0.088 beta=+0.074 | loss 2.9093 (delta +0.0239) size 630.9 MB sparsity 6.9%
gen 8 offspring [93/100] k= 27 (used  27.0) c=0.991 alpha=-0.071 beta=+0.117 | loss 3.0410 (delta +0.1556) size 496.6 MB sparsity 14.1%
gen 8 offspring [94/100] k= 15 (used  15.0) c=0.998 alpha=-0.074 beta=+0.245 | loss 3.6421 (delta +0.7567) size 448.5 MB sparsity 25.6%
gen 8 offspring [95/100] k= 13 (used  13.0) c=0.894 alpha=-0.076 beta=+0.430 | loss 3.9287 (delta +1.0434) size 440.4 MB sparsity 31.4%
gen 8 offspring [96/100] k= 36 (used  35.0) c=0.995 alpha=-0.030 beta=+0.004 | loss 2.9717 (delta +0.0864) size 541.4 MB sparsity 10.9%
gen 8 offspring [97/100] k= 16 (used  15.0) c=0.966 alpha=-0.061 beta=+0.121 | loss 3.7068 (delta +0.8215) size 449.1 MB sparsity 24.7%
gen 8 offspring [98/100] k= 39 (used  39.0) c=1.000 alpha=-0.036 beta=+0.102 | loss 2.9541 (delta +0.0688) size 541.4 MB sparsity 10.1%
gen 8 offspring [99/100] k= 63 (used  63.0) c=0.855 alpha=-0.010 beta=+0.130 | loss 2.9313 (delta +0.0460) size 541.4 MB sparsity 8.2%
gen 8 offspring [100/100] k= 88 (used  87.0) c=1.000 alpha=-0.163 beta=+0.117 | loss 2.9274 (delta +0.0420) size 586.1 MB sparsity 12.0%
=== generation 8/50 done in 447s (0 reused), batch baseline 2.8854, HV 0.18566, front 92 points, 100/100 feasible, best delta loss +0.0036, smallest 441.1 MB
gen 9 offspring [1/100] k= 23 (used  23.0) c=0.949 alpha=-0.116 beta=+0.128 | loss 3.0840 (delta +0.1986) size 496.2 MB sparsity 15.9%
gen 9 offspring [2/100] k= 29 (used  29.0) c=0.861 alpha=-0.019 beta=+0.100 | loss 2.9871 (delta +0.1018) size 496.7 MB sparsity 11.5%
gen 9 offspring [3/100] k= 27 (used  27.0) c=0.996 alpha=-0.007 beta=+0.066 | loss 3.0382 (delta +0.1528) size 496.6 MB sparsity 14.2%
gen 9 offspring [4/100] k= 24 (used  23.0) c=0.980 alpha=-0.040 beta=+0.121 | loss 3.1157 (delta +0.2304) size 496.0 MB sparsity 16.4%
gen 9 offspring [5/100] k= 16 (used  15.0) c=0.978 alpha=-0.132 beta=+0.424 | loss 3.8037 (delta +0.9183) size 442.4 MB sparsity 30.3%
gen 9 offspring [6/100] k= 17 (used  17.0) c=0.853 alpha=-0.062 beta=+0.201 | loss 3.2748 (delta +0.3895) size 461.3 MB sparsity 19.8%
gen 9 offspring [7/100] k= 30 (used  30.0) c=0.892 alpha=-0.060 beta=+0.040 | loss 2.9902 (delta +0.1048) size 496.7 MB sparsity 11.8%
gen 9 offspring [8/100] k= 16 (used  16.0) c=0.894 alpha=-0.192 beta=+0.448 | loss 3.7501 (delta +0.8647) size 442.9 MB sparsity 30.1%
gen 9 offspring [9/100] k= 17 (used  17.0) c=0.862 alpha=-0.091 beta=+0.336 | loss 3.3867 (delta +0.5013) size 453.4 MB sparsity 24.2%
gen 9 offspring [10/100] k= 27 (used  27.0) c=0.842 alpha=-0.357 beta=+0.122 | loss 3.1958 (delta +0.3105) size 494.1 MB sparsity 21.1%
gen 9 offspring [11/100] k= 16 (used  16.0) c=0.868 alpha=-0.167 beta=+0.448 | loss 3.6732 (delta +0.7878) size 443.5 MB sparsity 29.7%
gen 9 offspring [12/100] k= 16 (used  15.0) c=0.971 alpha=-0.056 beta=+0.026 | loss 3.6713 (delta +0.7860) size 449.0 MB sparsity 24.8%
gen 9 offspring [13/100] k= 11 (used  11.0) c=0.812 alpha=-0.045 beta=+0.427 | loss 4.3908 (delta +1.5054) size 438.4 MB sparsity 32.6%
gen 9 offspring [14/100] k= 25 (used  25.0) c=1.000 alpha=-0.087 beta=+0.006 | loss 3.0669 (delta +0.1815) size 496.4 MB sparsity 15.3%
gen 9 offspring [15/100] k= 38 (used  38.0) c=0.869 alpha=-0.082 beta=+0.138 | loss 2.9612 (delta +0.0758) size 541.4 MB sparsity 10.7%
gen 9 offspring [16/100] k= 36 (used  35.0) c=0.995 alpha=-0.030 beta=+0.057 | loss 2.9717 (delta +0.0864) size 541.4 MB sparsity 10.9%
gen 9 offspring [17/100] k= 74 (used  73.0) c=0.996 alpha=-0.015 beta=+0.122 | loss 2.9099 (delta +0.0245) size 586.1 MB sparsity 7.9%
gen 9 offspring [18/100] k= 25 (used  25.0) c=0.970 alpha=-0.380 beta=+0.015 | loss 3.2956 (delta +0.4103) size 489.4 MB sparsity 23.2%
gen 9 offspring [19/100] k= 15 (used  15.0) c=0.975 alpha=-0.089 beta=+0.419 | loss 3.7927 (delta +0.9073) size 442.7 MB sparsity 30.1%
gen 9 offspring [20/100] k= 15 (used  15.0) c=0.973 alpha=-0.117 beta=+0.405 | loss 3.7873 (delta +0.9020) size 443.6 MB sparsity 29.6%
gen 9 offspring [21/100] k= 43 (used  43.0) c=0.946 alpha=-0.303 beta=+0.146 | loss 3.0920 (delta +0.2066) size 534.9 MB sparsity 19.1%
gen 9 offspring [22/100] k= 64 (used  63.0) c=0.986 alpha=-0.145 beta=+0.121 | loss 2.9449 (delta +0.0596) size 541.4 MB sparsity 11.5%
gen 9 offspring [23/100] k= 33 (used  33.0) c=0.981 alpha=-0.384 beta=+0.200 | loss 3.2482 (delta +0.3629) size 486.5 MB sparsity 24.6%
gen 9 offspring [24/100] k= 18 (used  18.0) c=0.895 alpha=-0.080 beta=+0.448 | loss 3.6227 (delta +0.7374) size 477.4 MB sparsity 28.6%
gen 9 offspring [25/100] k=221 (used 221.0) c=0.987 alpha=-0.030 beta=+0.010 | loss 2.8901 (delta +0.0047) size 630.9 MB sparsity 2.2%
gen 9 offspring [26/100] k= 15 (used  15.0) c=0.905 alpha=-0.337 beta=+0.158 | loss 3.6406 (delta +0.7553) size 448.6 MB sparsity 26.4%
gen 9 offspring [27/100] k= 15 (used  15.0) c=0.847 alpha=-0.310 beta=+0.430 | loss 3.8326 (delta +0.9473) size 440.2 MB sparsity 31.6%
gen 9 offspring [28/100] k= 17 (used  17.0) c=0.986 alpha=-0.048 beta=+0.446 | loss 3.6544 (delta +0.7691) size 443.7 MB sparsity 29.6%
gen 9 offspring [29/100] k= 16 (used  15.0) c=0.967 alpha=-0.003 beta=+0.476 | loss 3.9604 (delta +1.0751) size 439.5 MB sparsity 32.0%
gen 9 offspring [30/100] k= 21 (used  21.0) c=0.879 alpha=-0.085 beta=+0.021 | loss 3.1083 (delta +0.2229) size 496.0 MB sparsity 16.2%
gen 9 offspring [31/100] k= 28 (used  27.0) c=0.991 alpha=-0.002 beta=+0.424 | loss 3.3201 (delta +0.4347) size 486.7 MB sparsity 24.5%
gen 9 offspring [32/100] k= 38 (used  37.0) c=0.991 alpha=-0.382 beta=+0.199 | loss 3.2972 (delta +0.4119) size 520.6 MB sparsity 24.4%
gen 9 offspring [33/100] k= 24 (used  24.0) c=0.857 alpha=-0.201 beta=+0.335 | loss 3.2538 (delta +0.3685) size 489.6 MB sparsity 23.1%
gen 9 offspring [34/100] k= 16 (used  16.0) c=0.879 alpha=-0.088 beta=+0.138 | loss 3.4903 (delta +0.6049) size 450.4 MB sparsity 22.6%
gen 9 offspring [35/100] k= 43 (used  43.0) c=0.990 alpha=-0.027 beta=+0.402 | loss 3.2372 (delta +0.3519) size 530.0 MB sparsity 20.9%
gen 9 offspring [36/100] k= 88 (used  87.0) c=1.000 alpha=-0.062 beta=+0.116 | loss 2.9037 (delta +0.0183) size 586.1 MB sparsity 7.8%
gen 9 offspring [37/100] k= 33 (used  33.0) c=0.843 alpha=-0.012 beta=+0.070 | loss 2.9804 (delta +0.0950) size 519.4 MB sparsity 9.8%
gen 9 offspring [38/100] k= 60 (used  60.0) c=0.879 alpha=-0.057 beta=+0.040 | loss 2.9251 (delta +0.0397) size 541.4 MB sparsity 5.8%
gen 9 offspring [39/100] k= 32 (used  32.0) c=0.853 alpha=-0.056 beta=+0.025 | loss 2.9875 (delta +0.1022) size 496.7 MB sparsity 10.6%
gen 9 offspring [40/100] k=173 (used 173.0) c=0.969 alpha=-0.088 beta=+0.061 | loss 2.8961 (delta +0.0108) size 630.9 MB sparsity 6.4%
gen 9 offspring [41/100] k= 16 (used  16.0) c=0.845 alpha=-0.014 beta=+0.011 | loss 3.4205 (delta +0.5352) size 450.8 MB sparsity 21.8%
gen 9 offspring [42/100] k= 17 (used  17.0) c=0.995 alpha=-0.041 beta=+0.292 | loss 3.4581 (delta +0.5727) size 453.0 MB sparsity 24.4%
gen 9 offspring [43/100] k= 16 (used  16.0) c=0.840 alpha=-0.088 beta=+0.428 | loss 3.6350 (delta +0.7497) size 445.4 MB sparsity 28.7%
gen 9 offspring [44/100] k= 32 (used  32.0) c=0.879 alpha=-0.082 beta=+0.396 | loss 3.2289 (delta +0.3435) size 492.8 MB sparsity 21.7%
gen 9 offspring [45/100] k= 31 (used  31.0) c=0.948 alpha=-0.294 beta=+0.415 | loss 3.3958 (delta +0.5105) size 475.5 MB sparsity 29.4%
gen 9 offspring [46/100] k= 63 (used  63.0) c=0.969 alpha=-0.062 beta=+0.114 | loss 2.9250 (delta +0.0397) size 541.4 MB sparsity 8.1%
gen 9 offspring [47/100] k=240 (used 237.2) c=0.892 alpha=-0.301 beta=+0.093 | loss 3.0077 (delta +0.1223) size 616.4 MB sparsity 16.5%
gen 9 offspring [48/100] k= 43 (used  43.0) c=0.985 alpha=-0.042 beta=+0.112 | loss 2.9430 (delta +0.0576) size 541.4 MB sparsity 9.6%
gen 9 offspring [49/100] k= 55 (used  55.0) c=0.895 alpha=-0.042 beta=+0.135 | loss 2.9466 (delta +0.0613) size 541.4 MB sparsity 8.9%
gen 9 offspring [50/100] k= 27 (used  27.0) c=0.879 alpha=-0.082 beta=+0.305 | loss 3.1120 (delta +0.2267) size 495.8 MB sparsity 19.1%
gen 9 offspring [51/100] k=170 (used 168.4) c=0.973 alpha=-0.343 beta=+0.076 | loss 3.0487 (delta +0.1634) size 613.2 MB sparsity 17.4%
gen 9 offspring [52/100] k= 46 (used  45.8) c=0.845 alpha=-0.012 beta=+0.451 | loss 3.4563 (delta +0.5709) size 527.3 MB sparsity 21.9%
gen 9 offspring [53/100] k= 17 (used  17.0) c=0.833 alpha=-0.132 beta=+0.444 | loss 3.5946 (delta +0.7092) size 447.0 MB sparsity 27.8%
gen 9 offspring [54/100] k= 15 (used  15.0) c=0.896 alpha=-0.211 beta=+0.429 | loss 3.7089 (delta +0.8235) size 443.9 MB sparsity 29.5%
gen 9 offspring [55/100] k= 25 (used  25.0) c=0.985 alpha=-0.372 beta=+0.291 | loss 3.4620 (delta +0.5767) size 478.9 MB sparsity 27.9%
gen 9 offspring [56/100] k= 16 (used  16.0) c=0.876 alpha=-0.105 beta=+0.039 | loss 3.4675 (delta +0.5822) size 450.4 MB sparsity 22.6%
gen 9 offspring [57/100] k= 32 (used  32.0) c=0.849 alpha=-0.048 beta=+0.429 | loss 3.3182 (delta +0.4329) size 490.4 MB sparsity 22.8%
gen 9 offspring [58/100] k= 17 (used  17.0) c=0.947 alpha=-0.060 beta=+0.424 | loss 3.6213 (delta +0.7360) size 445.9 MB sparsity 28.4%
gen 9 offspring [59/100] k=238 (used 236.5) c=1.000 alpha=-0.135 beta=+0.005 | loss 2.9006 (delta +0.0153) size 630.9 MB sparsity 6.5%
gen 9 offspring [60/100] k=129 (used 129.0) c=0.998 alpha=-0.036 beta=+0.102 | loss 2.8966 (delta +0.0112) size 611.9 MB sparsity 6.0%
gen 9 offspring [61/100] k= 26 (used  25.0) c=0.999 alpha=-0.076 beta=+0.122 | loss 3.0662 (delta +0.1808) size 496.4 MB sparsity 15.3%
gen 9 offspring [62/100] k= 13 (used  13.0) c=0.845 alpha=-0.088 beta=+0.003 | loss 3.7342 (delta +0.8488) size 448.7 MB sparsity 25.2%
gen 9 offspring [63/100] k= 27 (used  27.0) c=0.884 alpha=-0.056 beta=+0.025 | loss 3.0260 (delta +0.1407) size 496.7 MB sparsity 12.6%
gen 9 offspring [64/100] k=244 (used 241.9) c=0.999 alpha=-0.029 beta=+0.193 | loss 2.9238 (delta +0.0384) size 630.9 MB sparsity 9.4%
gen 9 offspring [65/100] k= 15 (used  15.0) c=0.856 alpha=-0.122 beta=+0.376 | loss 3.5695 (delta +0.6842) size 448.0 MB sparsity 27.0%
gen 9 offspring [66/100] k= 40 (used  39.0) c=0.990 alpha=-0.114 beta=+0.205 | loss 2.9946 (delta +0.1092) size 541.3 MB sparsity 14.3%
gen 9 offspring [67/100] k= 38 (used  38.0) c=0.859 alpha=-0.016 beta=+0.079 | loss 2.9533 (delta +0.0679) size 541.4 MB sparsity 9.0%
gen 9 offspring [68/100] k= 32 (used  31.0) c=0.995 alpha=-0.117 beta=+0.312 | loss 3.1047 (delta +0.2193) size 495.7 MB sparsity 19.4%
gen 9 offspring [69/100] k= 34 (used  33.0) c=0.989 alpha=-0.036 beta=+0.066 | loss 2.9762 (delta +0.0908) size 515.7 MB sparsity 11.5%
gen 9 offspring [70/100] k= 46 (used  46.0) c=0.973 alpha=-0.042 beta=+0.007 | loss 2.9337 (delta +0.0483) size 541.4 MB sparsity 8.3%
gen 9 offspring [71/100] k=211 (used 211.0) c=1.000 alpha=-0.000 beta=+0.056 | loss 2.8894 (delta +0.0041) size 630.9 MB sparsity 3.3%
gen 9 offspring [72/100] k= 63 (used  63.0) c=0.973 alpha=-0.018 beta=+0.063 | loss 2.9218 (delta +0.0365) size 541.4 MB sparsity 6.1%
gen 9 offspring [73/100] k= 16 (used  16.0) c=0.891 alpha=-0.146 beta=+0.121 | loss 3.4937 (delta +0.6083) size 450.2 MB sparsity 22.9%
gen 9 offspring [74/100] k= 25 (used  25.0) c=0.906 alpha=-0.047 beta=+0.154 | loss 3.0567 (delta +0.1714) size 496.6 MB sparsity 14.5%
gen 9 offspring [75/100] k= 32 (used  32.0) c=0.897 alpha=-0.198 beta=+0.299 | loss 3.1346 (delta +0.2493) size 494.0 MB sparsity 21.2%
gen 9 offspring [76/100] k= 15 (used  15.0) c=0.862 alpha=-0.096 beta=+0.294 | loss 3.4991 (delta +0.6137) size 450.1 MB sparsity 24.3%
gen 9 offspring [77/100] k= 28 (used  27.0) c=0.978 alpha=-0.101 beta=+0.122 | loss 3.0435 (delta +0.1582) size 496.6 MB sparsity 13.9%
gen 9 offspring [78/100] k= 16 (used  16.0) c=0.871 alpha=-0.133 beta=+0.121 | loss 3.4555 (delta +0.5701) size 450.5 MB sparsity 22.4%
gen 9 offspring [79/100] k= 15 (used  15.0) c=0.975 alpha=-0.033 beta=+0.038 | loss 3.6497 (delta +0.7643) size 448.9 MB sparsity 24.9%
gen 9 offspring [80/100] k= 28 (used  27.0) c=1.000 alpha=-0.087 beta=+0.198 | loss 3.0618 (delta +0.1765) size 496.5 MB sparsity 16.0%
gen 9 offspring [81/100] k= 27 (used  27.0) c=0.831 alpha=-0.056 beta=+0.091 | loss 3.0147 (delta +0.1293) size 496.7 MB sparsity 11.9%
gen 9 offspring [82/100] k= 13 (used  13.0) c=0.854 alpha=-0.122 beta=+0.132 | loss 3.6849 (delta +0.7995) size 448.5 MB sparsity 25.4%
gen 9 offspring [83/100] k=124 (used 122.9) c=0.998 alpha=-0.156 beta=+0.006 | loss 2.9093 (delta +0.0239) size 586.1 MB sparsity 8.2%
gen 9 offspring [84/100] k= 16 (used  16.0) c=0.891 alpha=-0.132 beta=+0.396 | loss 3.6449 (delta +0.7595) size 446.2 MB sparsity 28.2%
gen 9 offspring [85/100] k= 16 (used  16.0) c=0.846 alpha=-0.132 beta=+0.448 | loss 3.6777 (delta +0.7924) size 444.0 MB sparsity 29.4%
gen 9 offspring [86/100] k= 16 (used  16.0) c=0.853 alpha=-0.369 beta=+0.205 | loss 3.5816 (delta +0.6963) size 448.3 MB sparsity 26.8%
gen 9 offspring [87/100] k= 17 (used  17.0) c=0.904 alpha=-0.060 beta=+0.104 | loss 3.3365 (delta +0.4512) size 460.0 MB sparsity 20.5%
gen 9 offspring [88/100] k=224 (used 220.4) c=1.000 alpha=-0.345 beta=+0.118 | loss 3.0753 (delta +0.1899) size 606.5 MB sparsity 19.3%
gen 9 offspring [89/100] k= 89 (used  88.5) c=0.846 alpha=-0.302 beta=+0.098 | loss 3.0371 (delta +0.1517) size 578.3 MB sparsity 16.8%
gen 9 offspring [90/100] k= 17 (used  17.0) c=0.952 alpha=-0.056 beta=+0.060 | loss 3.3860 (delta +0.5006) size 458.2 MB sparsity 21.5%
gen 9 offspring [91/100] k= 31 (used  31.0) c=0.981 alpha=-0.062 beta=+0.119 | loss 2.9904 (delta +0.1051) size 496.7 MB sparsity 12.3%
gen 9 offspring [92/100] k= 27 (used  27.0) c=0.884 alpha=-0.056 beta=+0.025 | loss 3.0250 (delta +0.1397) size 496.7 MB sparsity 12.6%
gen 9 offspring [93/100] k= 18 (used  17.0) c=0.996 alpha=-0.144 beta=+0.233 | loss 3.4363 (delta +0.5510) size 455.8 MB sparsity 22.8%
gen 9 offspring [94/100] k= 61 (used  61.0) c=0.877 alpha=-0.126 beta=+0.031 | loss 2.9305 (delta +0.0451) size 541.4 MB sparsity 8.2%
gen 9 offspring [95/100] k= 60 (used  60.0) c=0.845 alpha=-0.072 beta=+0.040 | loss 2.9284 (delta +0.0431) size 541.4 MB sparsity 6.1%
gen 9 offspring [96/100] k= 10 (used  10.0) c=0.801 alpha=-0.326 beta=+0.121 | loss 5.4347 (delta +2.5494) size 434.9 MB sparsity 34.5%
gen 9 offspring [97/100] k= 86 (used  85.0) c=1.000 alpha=-0.163 beta=+0.117 | loss 2.9301 (delta +0.0448) size 586.1 MB sparsity 12.0%
gen 9 offspring [98/100] k= 31 (used  31.0) c=0.992 alpha=-0.331 beta=+0.139 | loss 3.1662 (delta +0.2809) size 494.9 MB sparsity 20.6%
gen 9 offspring [99/100] k= 30 (used  29.0) c=0.996 alpha=-0.008 beta=+0.163 | loss 3.0266 (delta +0.1413) size 496.7 MB sparsity 14.2%
gen 9 offspring [100/100] k= 16 (used  16.0) c=0.907 alpha=-0.131 beta=+0.444 | loss 3.7699 (delta +0.8845) size 442.8 MB sparsity 30.1%
=== generation 9/50 done in 447s (0 reused), batch baseline 2.8854, HV 0.18943, front 100 points, 100/100 feasible, best delta loss +0.0036, smallest 440.2 MB
gen 10 offspring [1/100] k=123 (used 122.8) c=0.998 alpha=-0.206 beta=+0.005 | loss 2.9290 (delta +0.0436) size 586.1 MB sparsity 10.2%
gen 10 offspring [2/100] k= 33 (used  33.0) c=0.997 alpha=-0.144 beta=+0.121 | loss 2.9835 (delta +0.0981) size 512.7 MB sparsity 12.8%
gen 10 offspring [3/100] k= 36 (used  36.0) c=0.894 alpha=-0.069 beta=+0.113 | loss 2.9642 (delta +0.0789) size 541.4 MB sparsity 10.3%
gen 10 offspring [4/100] k= 17 (used  17.0) c=0.982 alpha=-0.050 beta=+0.424 | loss 3.6214 (delta +0.7360) size 445.2 MB sparsity 28.8%
gen 10 offspring [5/100] k= 31 (used  31.0) c=0.846 alpha=-0.333 beta=+0.121 | loss 3.1374 (delta +0.2521) size 495.9 MB sparsity 19.7%
gen 10 offspring [6/100] k= 18 (used  18.0) c=0.925 alpha=-0.088 beta=+0.151 | loss 3.3353 (delta +0.4500) size 492.4 MB sparsity 20.9%
gen 10 offspring [7/100] k= 16 (used  16.0) c=0.870 alpha=-0.018 beta=+0.165 | loss 3.4446 (delta +0.5592) size 450.5 MB sparsity 22.4%
gen 10 offspring [8/100] k= 19 (used  19.0) c=0.871 alpha=-0.158 beta=+0.127 | loss 3.2044 (delta +0.3191) size 495.2 MB sparsity 17.7%
gen 10 offspring [9/100] k= 17 (used  17.0) c=0.973 alpha=-0.124 beta=+0.112 | loss 3.3936 (delta +0.5082) size 457.4 MB sparsity 22.0%
gen 10 offspring [10/100] k= 25 (used  25.0) c=0.906 alpha=-0.355 beta=+0.121 | loss 3.2219 (delta +0.3365) size 492.6 MB sparsity 21.8%
gen 10 offspring [11/100] k= 15 (used  15.0) c=0.876 alpha=-0.183 beta=+0.039 | loss 3.4902 (delta +0.6049) size 450.4 MB sparsity 22.6%
gen 10 offspring [12/100] k= 33 (used  33.0) c=0.884 alpha=-0.106 beta=+0.025 | loss 2.9780 (delta +0.0927) size 517.8 MB sparsity 10.5%
gen 10 offspring [13/100] k= 17 (used  17.0) c=0.947 alpha=-0.060 beta=+0.424 | loss 3.6213 (delta +0.7360) size 445.9 MB sparsity 28.4%
gen 10 offspring [14/100] k= 32 (used  31.0) c=0.995 alpha=-0.085 beta=+0.363 | loss 3.1629 (delta +0.2775) size 493.7 MB sparsity 21.2%
gen 10 offspring [15/100] k= 36 (used  35.0) c=0.995 alpha=-0.030 beta=+0.025 | loss 2.9717 (delta +0.0864) size 541.4 MB sparsity 10.9%
gen 10 offspring [16/100] k= 30 (used  30.0) c=0.871 alpha=-0.133 beta=+0.021 | loss 2.9906 (delta +0.1052) size 496.7 MB sparsity 12.2%
gen 10 offspring [17/100] k= 33 (used  33.0) c=0.975 alpha=-0.384 beta=+0.200 | loss 3.2377 (delta +0.3523) size 486.5 MB sparsity 24.6%
gen 10 offspring [18/100] k= 29 (used  29.0) c=0.884 alpha=-0.056 beta=+0.025 | loss 2.9928 (delta +0.1074) size 496.7 MB sparsity 11.7%
gen 10 offspring [19/100] k= 28 (used  28.0) c=0.845 alpha=-0.014 beta=+0.011 | loss 3.0072 (delta +0.1219) size 496.7 MB sparsity 12.1%
gen 10 offspring [20/100] k= 22 (used  22.0) c=0.939 alpha=-0.039 beta=+0.009 | loss 3.1495 (delta +0.2642) size 495.5 MB sparsity 17.2%
gen 10 offspring [21/100] k= 92 (used  92.0) c=0.974 alpha=-0.042 beta=+0.070 | loss 2.8989 (delta +0.0135) size 586.1 MB sparsity 5.2%
gen 10 offspring [22/100] k= 17 (used  17.0) c=0.954 alpha=-0.231 beta=+0.424 | loss 3.6328 (delta +0.7475) size 444.8 MB sparsity 29.0%
gen 10 offspring [23/100] k= 16 (used  16.0) c=0.868 alpha=-0.165 beta=+0.330 | loss 3.5059 (delta +0.6206) size 449.3 MB sparsity 25.6%
gen 10 offspring [24/100] k= 17 (used  17.0) c=0.867 alpha=-0.162 beta=+0.060 | loss 3.2943 (delta +0.4089) size 461.4 MB sparsity 19.7%
gen 10 offspring [25/100] k= 15 (used  15.0) c=0.899 alpha=-0.024 beta=+0.156 | loss 3.5156 (delta +0.6302) size 450.1 MB sparsity 23.1%
gen 10 offspring [26/100] k= 27 (used  27.0) c=0.987 alpha=-0.024 beta=+0.275 | loss 3.1115 (delta +0.2262) size 495.8 MB sparsity 18.8%
gen 10 offspring [27/100] k= 15 (used  15.0) c=0.856 alpha=-0.085 beta=+0.426 | loss 3.6560 (delta +0.7706) size 445.2 MB sparsity 28.8%
gen 10 offspring [28/100] k= 63 (used  63.0) c=0.968 alpha=-0.113 beta=+0.043 | loss 2.9232 (delta +0.0378) size 541.4 MB sparsity 7.9%
gen 10 offspring [29/100] k= 15 (used  15.0) c=0.904 alpha=-0.060 beta=+0.101 | loss 3.5131 (delta +0.6277) size 450.1 MB sparsity 23.2%
gen 10 offspring [30/100] k= 16 (used  16.0) c=0.845 alpha=-0.004 beta=+0.011 | loss 3.4205 (delta +0.5352) size 450.8 MB sparsity 21.8%
gen 10 offspring [31/100] k= 15 (used  15.0) c=0.859 alpha=-0.022 beta=+0.158 | loss 3.4618 (delta +0.5765) size 450.6 MB sparsity 22.1%
gen 10 offspring [32/100] k=219 (used 218.5) c=1.000 alpha=-0.140 beta=+0.019 | loss 2.9030 (delta +0.0177) size 630.9 MB sparsity 6.9%
gen 10 offspring [33/100] k= 16 (used  16.0) c=0.906 alpha=-0.105 beta=+0.039 | loss 3.5045 (delta +0.6191) size 450.0 MB sparsity 23.3%
gen 10 offspring [34/100] k= 26 (used  25.0) c=0.999 alpha=-0.079 beta=+0.063 | loss 3.0658 (delta +0.1805) size 496.4 MB sparsity 15.3%
gen 10 offspring [35/100] k= 24 (used  24.0) c=0.857 alpha=-0.018 beta=+0.070 | loss 3.0593 (delta +0.1739) size 496.6 MB sparsity 14.4%
gen 10 offspring [36/100] k= 19 (used  19.0) c=0.834 alpha=-0.132 beta=+0.444 | loss 3.5583 (delta +0.6730) size 481.7 MB sparsity 26.7%
gen 10 offspring [37/100] k= 16 (used  16.0) c=0.871 alpha=-0.335 beta=+0.029 | loss 3.5661 (delta +0.6808) size 449.2 MB sparsity 25.8%
gen 10 offspring [38/100] k= 36 (used  35.0) c=0.993 alpha=-0.063 beta=+0.004 | loss 2.9700 (delta +0.0847) size 541.4 MB sparsity 10.9%
gen 10 offspring [39/100] k= 16 (used  16.0) c=0.897 alpha=-0.133 beta=+0.449 | loss 3.7438 (delta +0.8585) size 442.7 MB sparsity 30.1%
gen 10 offspring [40/100] k= 23 (used  23.0) c=0.950 alpha=-0.169 beta=+0.462 | loss 3.4787 (delta +0.5933) size 480.6 MB sparsity 27.2%
gen 10 offspring [41/100] k= 18 (used  18.0) c=0.862 alpha=-0.001 beta=+0.294 | loss 3.3291 (delta +0.4438) size 490.6 MB sparsity 22.7%
gen 10 offspring [42/100] k= 32 (used  32.0) c=0.897 alpha=-0.055 beta=+0.292 | loss 3.0689 (delta +0.1836) size 496.4 MB sparsity 17.9%
gen 10 offspring [43/100] k=125 (used 123.3) c=0.840 alpha=-0.086 beta=+0.413 | loss 3.2781 (delta +0.3928) size 566.5 MB sparsity 20.6%
gen 10 offspring [44/100] k= 16 (used  16.0) c=0.857 alpha=-0.056 beta=+0.476 | loss 3.7506 (delta +0.8652) size 442.0 MB sparsity 30.6%
gen 10 offspring [45/100] k= 31 (used  31.0) c=0.897 alpha=-0.119 beta=+0.299 | loss 3.0789 (delta +0.1936) size 496.3 MB sparsity 18.5%
gen 10 offspring [46/100] k= 33 (used  33.0) c=0.981 alpha=-0.488 beta=+0.200 | loss 3.5835 (delta +0.6982) size 477.7 MB sparsity 28.5%
gen 10 offspring [47/100] k= 17 (used  17.0) c=0.948 alpha=-0.101 beta=+0.404 | loss 3.5951 (delta +0.7098) size 447.2 MB sparsity 27.7%
gen 10 offspring [48/100] k=211 (used 211.0) c=1.000 alpha=-0.047 beta=+0.056 | loss 2.8902 (delta +0.0048) size 630.9 MB sparsity 4.4%
gen 10 offspring [49/100] k= 16 (used  16.0) c=0.852 alpha=-0.347 beta=+0.427 | loss 3.8454 (delta +0.9600) size 438.0 MB sparsity 32.8%
gen 10 offspring [50/100] k= 15 (used  15.0) c=0.871 alpha=-0.137 beta=+0.383 | loss 3.5954 (delta +0.7100) size 447.3 MB sparsity 27.5%
gen 10 offspring [51/100] k= 36 (used  36.0) c=0.897 alpha=-0.133 beta=+0.299 | loss 3.0809 (delta +0.1955) size 536.1 MB sparsity 18.6%
gen 10 offspring [52/100] k= 16 (used  16.0) c=0.891 alpha=-0.103 beta=+0.122 | loss 3.4937 (delta +0.6083) size 450.2 MB sparsity 22.9%
gen 10 offspring [53/100] k= 17 (used  17.0) c=0.996 alpha=-0.200 beta=+0.457 | loss 3.6916 (delta +0.8063) size 442.7 MB sparsity 30.1%
gen 10 offspring [54/100] k= 70 (used  70.0) c=0.972 alpha=-0.107 beta=+0.127 | loss 2.9232 (delta +0.0378) size 586.1 MB sparsity 10.1%
gen 10 offspring [55/100] k= 12 (used  11.0) c=0.988 alpha=-0.128 beta=+0.007 | loss 5.0544 (delta +2.1690) size 435.7 MB sparsity 34.1%
gen 10 offspring [56/100] k=213 (used 213.0) c=1.000 alpha=-0.003 beta=+0.056 | loss 2.8898 (delta +0.0045) size 630.9 MB sparsity 3.3%
gen 10 offspring [57/100] k= 24 (used  24.0) c=0.950 alpha=-0.085 beta=+0.151 | loss 3.0900 (delta +0.2047) size 496.2 MB sparsity 16.0%
gen 10 offspring [58/100] k= 14 (used  14.0) c=0.887 alpha=-0.025 beta=+0.089 | loss 3.7586 (delta +0.8732) size 447.7 MB sparsity 26.3%
gen 10 offspring [59/100] k= 43 (used  42.9) c=0.833 alpha=-0.132 beta=+0.420 | loss 3.3186 (delta +0.4333) size 524.5 MB sparsity 23.0%
gen 10 offspring [60/100] k= 21 (used  21.0) c=0.905 alpha=-0.038 beta=+0.148 | loss 3.1237 (delta +0.2384) size 495.8 MB sparsity 16.7%
gen 10 offspring [61/100] k= 22 (used  21.0) c=0.999 alpha=-0.076 beta=+0.122 | loss 3.2062 (delta +0.3209) size 494.9 MB sparsity 18.3%
gen 10 offspring [62/100] k= 16 (used  16.0) c=0.842 alpha=-0.088 beta=+0.121 | loss 3.4283 (delta +0.5429) size 450.8 MB sparsity 21.7%
gen 10 offspring [63/100] k= 17 (used  17.0) c=0.986 alpha=-0.048 beta=+0.486 | loss 5.7461 (delta +2.8608) size 441.2 MB sparsity 31.0%
gen 10 offspring [64/100] k= 27 (used  27.0) c=0.879 alpha=-0.009 beta=+0.312 | loss 3.1217 (delta +0.2363) size 495.6 MB sparsity 19.4%
gen 10 offspring [65/100] k= 16 (used  16.0) c=0.853 alpha=-0.345 beta=+0.184 | loss 3.5518 (delta +0.6665) size 449.2 MB sparsity 25.9%
gen 10 offspring [66/100] k= 16 (used  16.0) c=0.881 alpha=-0.334 beta=+0.458 | loss 3.9568 (delta +1.0715) size 436.7 MB sparsity 33.5%
gen 10 offspring [67/100] k= 17 (used  17.0) c=0.867 alpha=-0.091 beta=+0.336 | loss 3.4045 (delta +0.5192) size 453.2 MB sparsity 24.3%
gen 10 offspring [68/100] k= 27 (used  27.0) c=0.981 alpha=-0.384 beta=+0.199 | loss 3.3108 (delta +0.4254) size 485.8 MB sparsity 24.9%
gen 10 offspring [69/100] k=219 (used 218.4) c=1.000 alpha=-0.117 beta=+0.129 | loss 2.9072 (delta +0.0218) size 630.9 MB sparsity 10.4%
gen 10 offspring [70/100] k= 31 (used  31.0) c=0.999 alpha=-0.062 beta=+0.119 | loss 2.9991 (delta +0.1138) size 496.7 MB sparsity 12.5%
gen 10 offspring [71/100] k= 17 (used  17.0) c=0.903 alpha=-0.060 beta=+0.096 | loss 3.3416 (delta +0.4563) size 460.0 MB sparsity 20.5%
gen 10 offspring [72/100] k=100 (used 100.0) c=0.984 alpha=-0.045 beta=+0.090 | loss 2.8985 (delta +0.0132) size 586.1 MB sparsity 6.1%
gen 10 offspring [73/100] k= 28 (used  28.0) c=0.887 alpha=-0.066 beta=+0.201 | loss 3.0466 (delta +0.1612) size 496.7 MB sparsity 15.2%
gen 10 offspring [74/100] k= 15 (used  15.0) c=0.863 alpha=-0.088 beta=+0.425 | loss 3.6638 (delta +0.7785) size 445.0 MB sparsity 28.9%
gen 10 offspring [75/100] k= 26 (used  26.0) c=0.858 alpha=-0.183 beta=+0.292 | loss 3.1788 (delta +0.2934) size 494.8 MB sparsity 20.7%
gen 10 offspring [76/100] k= 16 (used  16.0) c=0.888 alpha=-0.170 beta=+0.118 | loss 3.4727 (delta +0.5874) size 450.3 MB sparsity 22.8%
gen 10 offspring [77/100] k= 67 (used  67.0) c=0.986 alpha=-0.021 beta=+0.100 | loss 2.9150 (delta +0.0297) size 586.1 MB sparsity 7.2%
gen 10 offspring [78/100] k= 17 (used  17.0) c=0.975 alpha=-0.089 beta=+0.422 | loss 3.5951 (delta +0.7098) size 445.5 MB sparsity 28.6%
gen 10 offspring [79/100] k= 31 (used  31.0) c=0.898 alpha=-0.134 beta=+0.017 | loss 2.9811 (delta +0.0958) size 496.7 MB sparsity 11.9%
gen 10 offspring [80/100] k= 16 (used  16.0) c=0.909 alpha=-0.018 beta=+0.122 | loss 3.5092 (delta +0.6239) size 450.0 MB sparsity 23.3%
gen 10 offspring [81/100] k= 28 (used  27.0) c=0.997 alpha=-0.100 beta=+0.019 | loss 3.0371 (delta +0.1517) size 496.6 MB sparsity 14.2%
gen 10 offspring [82/100] k= 16 (used  16.0) c=0.876 alpha=-0.131 beta=+0.444 | loss 3.6871 (delta +0.8018) size 443.5 MB sparsity 29.7%
gen 10 offspring [83/100] k= 26 (used  25.0) c=0.991 alpha=-0.033 beta=+0.125 | loss 3.0639 (delta +0.1785) size 496.4 MB sparsity 15.2%
gen 10 offspring [84/100] k= 79 (used  78.8) c=0.969 alpha=-0.201 beta=+0.297 | loss 3.0740 (delta +0.1887) size 565.4 MB sparsity 20.9%
gen 10 offspring [85/100] k= 16 (used  16.0) c=0.870 alpha=-0.088 beta=+0.121 | loss 3.4429 (delta +0.5575) size 450.5 MB sparsity 22.4%
gen 10 offspring [86/100] k= 28 (used  28.0) c=0.862 alpha=-0.106 beta=+0.269 | loss 3.0837 (delta +0.1983) size 496.4 MB sparsity 17.6%
gen 10 offspring [87/100] k= 17 (used  17.0) c=0.986 alpha=-0.008 beta=+0.446 | loss 3.6544 (delta +0.7691) size 443.7 MB sparsity 29.6%
gen 10 offspring [88/100] k= 17 (used  17.0) c=0.862 alpha=-0.091 beta=+0.335 | loss 3.3843 (delta +0.4990) size 453.4 MB sparsity 24.2%
gen 10 offspring [89/100] k= 16 (used  16.0) c=0.867 alpha=-0.178 beta=+0.114 | loss 3.4406 (delta +0.5552) size 450.5 MB sparsity 22.3%
gen 10 offspring [90/100] k= 60 (used  60.0) c=0.969 alpha=-0.096 beta=+0.114 | loss 2.9295 (delta +0.0442) size 541.4 MB sparsity 9.4%
gen 10 offspring [91/100] k= 16 (used  16.0) c=0.871 alpha=-0.082 beta=+0.121 | loss 3.4599 (delta +0.5745) size 450.5 MB sparsity 22.4%
gen 10 offspring [92/100] k= 16 (used  15.0) c=0.996 alpha=-0.057 beta=+0.025 | loss 3.6411 (delta +0.7557) size 448.5 MB sparsity 25.4%
gen 10 offspring [93/100] k= 30 (used  30.0) c=0.895 alpha=-0.234 beta=+0.008 | loss 3.0389 (delta +0.1536) size 496.6 MB sparsity 16.0%
gen 10 offspring [94/100] k= 16 (used  16.0) c=0.845 alpha=-0.088 beta=+0.121 | loss 3.4205 (delta +0.5352) size 450.8 MB sparsity 21.8%
gen 10 offspring [95/100] k= 31 (used  31.0) c=0.990 alpha=-0.089 beta=+0.016 | loss 2.9982 (delta +0.1128) size 496.7 MB sparsity 12.3%
gen 10 offspring [96/100] k= 43 (used  43.0) c=0.964 alpha=-0.042 beta=+0.112 | loss 2.9428 (delta +0.0575) size 541.4 MB sparsity 9.5%
gen 10 offspring [97/100] k= 40 (used  39.0) c=0.986 alpha=-0.038 beta=+0.014 | loss 2.9497 (delta +0.0644) size 541.4 MB sparsity 9.7%
gen 10 offspring [98/100] k= 16 (used  16.0) c=0.858 alpha=-0.133 beta=+0.114 | loss 3.4361 (delta +0.5507) size 450.6 MB sparsity 22.1%
gen 10 offspring [99/100] k= 17 (used  17.0) c=0.831 alpha=-0.131 beta=+0.442 | loss 3.5893 (delta +0.7040) size 447.2 MB sparsity 27.7%
gen 10 offspring [100/100] k= 16 (used  16.0) c=0.909 alpha=-0.121 beta=+0.444 | loss 3.7501 (delta +0.8647) size 442.8 MB sparsity 30.1%
=== generation 10/50 done in 447s (0 reused), batch baseline 2.8854, HV 0.18988, front 100 points, 100/100 feasible, best delta loss +0.0036, smallest 438.0 MB
gen 11 offspring [1/100] k= 16 (used  16.0) c=0.859 alpha=-0.051 beta=+0.379 | loss 3.5715 (delta +0.6861) size 447.8 MB sparsity 27.2%
gen 11 offspring [2/100] k= 17 (used  17.0) c=0.831 alpha=-0.133 beta=+0.442 | loss 3.5893 (delta +0.7040) size 447.2 MB sparsity 27.7%
gen 11 offspring [3/100] k= 72 (used  71.0) c=0.999 alpha=-0.075 beta=+0.122 | loss 2.9163 (delta +0.0309) size 586.1 MB sparsity 8.7%
gen 11 offspring [4/100] k= 31 (used  31.0) c=0.977 alpha=-0.036 beta=+0.112 | loss 2.9909 (delta +0.1056) size 496.7 MB sparsity 12.2%
gen 11 offspring [5/100] k= 63 (used  63.0) c=0.969 alpha=-0.011 beta=+0.063 | loss 2.9199 (delta +0.0345) size 541.4 MB sparsity 6.1%
gen 11 offspring [6/100] k= 15 (used  15.0) c=0.888 alpha=-0.118 beta=+0.168 | loss 3.4883 (delta +0.6030) size 450.3 MB sparsity 22.8%
gen 11 offspring [7/100] k=224 (used 223.0) c=1.000 alpha=-0.031 beta=+0.016 | loss 2.8893 (delta +0.0039) size 630.9 MB sparsity 2.3%
gen 11 offspring [8/100] k= 15 (used  15.0) c=0.868 alpha=-0.155 beta=+0.330 | loss 3.5286 (delta +0.6433) size 449.3 MB sparsity 25.6%
gen 11 offspring [9/100] k= 31 (used  31.0) c=0.869 alpha=-0.082 beta=+0.446 | loss 3.3840 (delta +0.4987) size 488.7 MB sparsity 23.6%
gen 11 offspring [10/100] k= 24 (used  24.0) c=0.907 alpha=-0.018 beta=+0.123 | loss 3.0733 (delta +0.1880) size 496.4 MB sparsity 15.2%
gen 11 offspring [11/100] k= 28 (used  27.0) c=0.996 alpha=-0.200 beta=+0.457 | loss 3.4143 (delta +0.5289) size 479.6 MB sparsity 27.6%
gen 11 offspring [12/100] k=123 (used 123.0) c=1.000 alpha=-0.060 beta=+0.069 | loss 2.8943 (delta +0.0090) size 586.1 MB sparsity 5.6%
gen 11 offspring [13/100] k= 18 (used  18.0) c=0.853 alpha=-0.062 beta=+0.201 | loss 3.2627 (delta +0.3773) size 493.9 MB sparsity 19.8%
gen 11 offspring [14/100] k= 17 (used  17.0) c=0.995 alpha=-0.085 beta=+0.174 | loss 3.4389 (delta +0.5536) size 456.5 MB sparsity 22.4%
gen 11 offspring [15/100] k= 24 (used  24.0) c=0.883 alpha=-0.060 beta=+0.104 | loss 3.0888 (delta +0.2034) size 496.5 MB sparsity 14.8%
gen 11 offspring [16/100] k= 16 (used  15.0) c=0.984 alpha=-0.037 beta=+0.487 | loss 5.0515 (delta +2.1661) size 438.4 MB sparsity 32.6%
gen 11 offspring [17/100] k= 22 (used  22.0) c=0.905 alpha=-0.093 beta=+0.122 | loss 3.1232 (delta +0.2379) size 495.8 MB sparsity 16.6%
gen 11 offspring [18/100] k= 24 (used  24.0) c=0.857 alpha=-0.330 beta=+0.303 | loss 3.4122 (delta +0.5268) size 481.5 MB sparsity 26.8%
gen 11 offspring [19/100] k= 17 (used  17.0) c=0.986 alpha=-0.008 beta=+0.446 | loss 3.6540 (delta +0.7687) size 443.7 MB sparsity 29.6%
gen 11 offspring [20/100] k= 18 (used  17.0) c=0.986 alpha=-0.048 beta=+0.430 | loss 3.6169 (delta +0.7315) size 444.7 MB sparsity 29.0%
gen 11 offspring [21/100] k= 36 (used  36.0) c=0.897 alpha=-0.138 beta=+0.115 | loss 2.9696 (delta +0.0842) size 541.4 MB sparsity 11.8%
gen 11 offspring [22/100] k= 17 (used  17.0) c=0.954 alpha=-0.231 beta=+0.460 | loss 3.7289 (delta +0.8435) size 442.6 MB sparsity 30.2%
gen 11 offspring [23/100] k= 20 (used  20.0) c=0.863 alpha=-0.090 beta=+0.336 | loss 3.3184 (delta +0.4330) size 489.8 MB sparsity 23.1%
gen 11 offspring [24/100] k= 48 (used  48.0) c=0.892 alpha=-0.041 beta=+0.353 | loss 3.1322 (delta +0.2469) size 537.1 MB sparsity 18.3%
gen 11 offspring [25/100] k= 18 (used  17.0) c=1.000 alpha=-0.007 beta=+0.056 | loss 3.4304 (delta +0.5450) size 456.5 MB sparsity 22.5%
gen 11 offspring [26/100] k= 63 (used  63.0) c=0.970 alpha=-0.061 beta=+0.063 | loss 2.9195 (delta +0.0341) size 541.4 MB sparsity 6.2%
gen 11 offspring [27/100] k= 80 (used  80.0) c=0.871 alpha=-0.133 beta=+0.118 | loss 2.9341 (delta +0.0487) size 586.1 MB sparsity 10.8%
gen 11 offspring [28/100] k= 17 (used  17.0) c=0.831 alpha=-0.198 beta=+0.442 | loss 3.5792 (delta +0.6939) size 446.5 MB sparsity 28.0%
gen 11 offspring [29/100] k= 17 (used  17.0) c=0.833 alpha=-0.085 beta=+0.125 | loss 3.2850 (delta +0.3997) size 462.7 MB sparsity 19.0%
gen 11 offspring [30/100] k=125 (used 125.0) c=0.998 alpha=-0.016 beta=+0.067 | loss 2.8930 (delta +0.0076) size 586.1 MB sparsity 4.4%
gen 11 offspring [31/100] k= 16 (used  16.0) c=0.874 alpha=-0.088 beta=+0.121 | loss 3.4561 (delta +0.5708) size 450.5 MB sparsity 22.5%
gen 11 offspring [32/100] k=231 (used 229.9) c=0.981 alpha=-0.037 beta=+0.203 | loss 2.9273 (delta +0.0420) size 630.9 MB sparsity 10.2%
gen 11 offspring [33/100] k= 19 (used  19.0) c=0.950 alpha=-0.134 beta=+0.017 | loss 3.2354 (delta +0.3500) size 494.1 MB sparsity 19.2%
gen 11 offspring [34/100] k= 29 (used  29.0) c=0.844 alpha=-0.019 beta=+0.135 | loss 2.9962 (delta +0.1108) size 496.7 MB sparsity 12.0%
gen 11 offspring [35/100] k= 18 (used  17.0) c=0.999 alpha=-0.048 beta=+0.095 | loss 3.4313 (delta +0.5460) size 456.5 MB sparsity 22.5%
gen 11 offspring [36/100] k= 17 (used  17.0) c=0.954 alpha=-0.231 beta=+0.335 | loss 3.5018 (delta +0.6165) size 450.5 MB sparsity 25.8%
gen 11 offspring [37/100] k= 17 (used  17.0) c=0.862 alpha=-0.096 beta=+0.294 | loss 3.3500 (delta +0.4647) size 456.0 MB sparsity 22.7%
gen 11 offspring [38/100] k= 25 (used  25.0) c=0.998 alpha=-0.027 beta=+0.007 | loss 3.0653 (delta +0.1800) size 496.4 MB sparsity 15.3%
gen 11 offspring [39/100] k=  7 (used   7.0) c=0.986 alpha=-0.048 beta=+0.446 | loss 11.1787 (delta +8.2933) size 382.2 MB sparsity 51.9%
gen 11 offspring [40/100] k= 70 (used  70.0) c=0.859 alpha=-0.063 beta=+0.100 | loss 2.9255 (delta +0.0402) size 586.1 MB sparsity 7.3%
gen 11 offspring [41/100] k= 40 (used  39.0) c=0.988 alpha=-0.038 beta=+0.452 | loss 3.3450 (delta +0.4596) size 523.8 MB sparsity 23.2%
gen 11 offspring [42/100] k= 13 (used  13.0) c=0.925 alpha=-0.164 beta=+0.125 | loss 3.9583 (delta +1.0729) size 446.8 MB sparsity 27.3%
gen 11 offspring [43/100] k= 23 (used  23.0) c=0.982 alpha=-0.050 beta=+0.424 | loss 3.3902 (delta +0.5048) size 484.0 MB sparsity 25.7%
gen 11 offspring [44/100] k= 36 (used  36.0) c=0.845 alpha=-0.068 beta=+0.051 | loss 2.9561 (delta +0.0707) size 541.4 MB sparsity 9.3%
gen 11 offspring [45/100] k= 33 (used  33.0) c=0.981 alpha=-0.403 beta=+0.200 | loss 3.2949 (delta +0.4096) size 484.8 MB sparsity 25.3%
gen 11 offspring [46/100] k= 25 (used  25.0) c=0.907 alpha=-0.365 beta=+0.121 | loss 3.2376 (delta +0.3523) size 491.8 MB sparsity 22.2%
gen 11 offspring [47/100] k= 32 (used  31.0) c=0.981 alpha=-0.384 beta=+0.199 | loss 3.2841 (delta +0.3988) size 486.3 MB sparsity 24.6%
gen 11 offspring [48/100] k= 17 (used  17.0) c=0.987 alpha=-0.011 beta=+0.476 | loss 3.7128 (delta +0.8275) size 441.8 MB sparsity 30.7%
gen 11 offspring [49/100] k= 16 (used  16.0) c=0.871 alpha=-0.147 beta=+0.035 | loss 3.4555 (delta +0.5701) size 450.5 MB sparsity 22.4%
gen 11 offspring [50/100] k= 26 (used  25.0) c=0.986 alpha=-0.118 beta=+0.122 | loss 3.0669 (delta +0.1816) size 496.4 MB sparsity 15.2%
gen 11 offspring [51/100] k= 42 (used  41.0) c=0.989 alpha=-0.042 beta=+0.066 | loss 2.9429 (delta +0.0575) size 541.4 MB sparsity 9.2%
gen 11 offspring [52/100] k= 33 (used  33.0) c=0.981 alpha=-0.384 beta=+0.208 | loss 3.2603 (delta +0.3749) size 485.7 MB sparsity 24.9%
gen 11 offspring [53/100] k= 17 (used  17.0) c=0.858 alpha=-0.172 beta=+0.294 | loss 3.3596 (delta +0.4743) size 456.1 MB sparsity 22.7%
gen 11 offspring [54/100] k= 31 (used  31.0) c=0.897 alpha=-0.116 beta=+0.295 | loss 3.0744 (delta +0.1891) size 496.4 MB sparsity 18.2%
gen 11 offspring [55/100] k= 17 (used  17.0) c=0.833 alpha=-0.132 beta=+0.522 | loss 15.6847 (delta +12.7994) size 442.1 MB sparsity 30.5%
gen 11 offspring [56/100] k= 30 (used  30.0) c=0.871 alpha=-0.345 beta=+0.028 | loss 3.1292 (delta +0.2438) size 495.2 MB sparsity 20.1%
gen 11 offspring [57/100] k= 29 (used  29.0) c=0.856 alpha=-0.355 beta=+0.068 | loss 3.1397 (delta +0.2543) size 494.9 MB sparsity 20.4%
gen 11 offspring [58/100] k= 22 (used  22.0) c=0.950 alpha=-0.019 beta=+0.135 | loss 3.1681 (delta +0.2827) size 495.4 MB sparsity 17.4%
gen 11 offspring [59/100] k=214 (used 213.0) c=0.998 alpha=-0.077 beta=+0.005 | loss 2.8912 (delta +0.0058) size 630.9 MB sparsity 4.2%
gen 11 offspring [60/100] k= 16 (used  16.0) c=0.891 alpha=-0.146 beta=+0.116 | loss 3.4937 (delta +0.6083) size 450.2 MB sparsity 22.9%
gen 11 offspring [61/100] k= 42 (used  42.0) c=0.845 alpha=-0.088 beta=+0.349 | loss 3.1457 (delta +0.2603) size 535.7 MB sparsity 18.8%
gen 11 offspring [62/100] k= 17 (used  17.0) c=0.952 alpha=-0.018 beta=+0.121 | loss 3.3843 (delta +0.4989) size 458.2 MB sparsity 21.5%
gen 11 offspring [63/100] k= 36 (used  36.0) c=0.859 alpha=-0.341 beta=+0.004 | loss 3.1021 (delta +0.2167) size 535.5 MB sparsity 18.9%
gen 11 offspring [64/100] k= 25 (used  25.0) c=0.878 alpha=-0.373 beta=+0.038 | loss 3.2457 (delta +0.3604) size 491.6 MB sparsity 22.2%
gen 11 offspring [65/100] k= 16 (used  16.0) c=0.853 alpha=-0.215 beta=+0.203 | loss 3.4101 (delta +0.5248) size 450.7 MB sparsity 22.2%
gen 11 offspring [66/100] k= 22 (used  22.0) c=0.847 alpha=-0.310 beta=+0.446 | loss 3.6248 (delta +0.7394) size 471.2 MB sparsity 31.4%
gen 11 offspring [67/100] k= 16 (used  16.0) c=0.894 alpha=-0.064 beta=+0.447 | loss 3.7483 (delta +0.8629) size 442.9 MB sparsity 30.0%
gen 11 offspring [68/100] k= 23 (used  23.0) c=0.946 alpha=-0.116 beta=+0.138 | loss 3.0901 (delta +0.2048) size 496.2 MB sparsity 15.8%
gen 11 offspring [69/100] k= 28 (used  27.0) c=0.988 alpha=-0.100 beta=+0.122 | loss 3.0414 (delta +0.1561) size 496.6 MB sparsity 14.1%
gen 11 offspring [70/100] k= 17 (used  17.0) c=0.997 alpha=-0.081 beta=+0.019 | loss 3.4346 (delta +0.5492) size 456.5 MB sparsity 22.5%
gen 11 offspring [71/100] k=136 (used 135.5) c=0.842 alpha=-0.062 beta=+0.192 | loss 2.9482 (delta +0.0628) size 630.8 MB sparsity 10.8%
gen 11 offspring [72/100] k= 17 (used  17.0) c=0.903 alpha=-0.018 beta=+0.104 | loss 3.3406 (delta +0.4553) size 460.0 MB sparsity 20.5%
gen 11 offspring [73/100] k= 20 (used  19.0) c=0.975 alpha=-0.094 beta=+0.083 | loss 3.2610 (delta +0.3757) size 493.7 MB sparsity 19.7%
gen 11 offspring [74/100] k= 17 (used  17.0) c=0.870 alpha=-0.247 beta=+0.439 | loss 3.6487 (delta +0.7634) size 443.9 MB sparsity 29.5%
gen 11 offspring [75/100] k= 34 (used  33.0) c=0.974 alpha=-0.055 beta=+0.005 | loss 2.9727 (delta +0.0873) size 516.1 MB sparsity 11.3%
gen 11 offspring [76/100] k= 26 (used  25.0) c=0.998 alpha=-0.408 beta=+0.008 | loss 3.3199 (delta +0.4346) size 486.6 MB sparsity 24.5%
gen 11 offspring [77/100] k= 24 (used  23.0) c=0.991 alpha=-0.018 beta=+0.069 | loss 3.1110 (delta +0.2257) size 495.9 MB sparsity 16.5%
gen 11 offspring [78/100] k= 16 (used  15.0) c=0.957 alpha=-0.337 beta=+0.427 | loss 3.9306 (delta +1.0453) size 438.0 MB sparsity 32.8%
gen 11 offspring [79/100] k= 33 (used  33.0) c=0.996 alpha=-0.200 beta=+0.479 | loss 3.4029 (delta +0.5176) size 478.5 MB sparsity 28.1%
gen 11 offspring [80/100] k= 16 (used  16.0) c=0.897 alpha=-0.161 beta=+0.449 | loss 3.7438 (delta +0.8585) size 442.7 MB sparsity 30.1%
gen 11 offspring [81/100] k= 32 (used  32.0) c=0.914 alpha=-0.198 beta=+0.299 | loss 3.1191 (delta +0.2338) size 493.9 MB sparsity 21.2%
gen 11 offspring [82/100] k=105 (used 105.0) c=0.884 alpha=-0.056 beta=+0.025 | loss 2.9086 (delta +0.0232) size 586.1 MB sparsity 4.1%
gen 11 offspring [83/100] k= 16 (used  16.0) c=0.835 alpha=-0.310 beta=+0.430 | loss 3.8571 (delta +0.9717) size 440.2 MB sparsity 31.5%
gen 11 offspring [84/100] k= 31 (used  31.0) c=0.996 alpha=-0.015 beta=+0.122 | loss 2.9973 (delta +0.1119) size 496.7 MB sparsity 12.5%
gen 11 offspring [85/100] k= 16 (used  16.0) c=0.868 alpha=-0.167 beta=+0.013 | loss 3.4364 (delta +0.5511) size 450.5 MB sparsity 22.3%
gen 11 offspring [86/100] k= 25 (used  25.0) c=0.905 alpha=-0.361 beta=+0.007 | loss 3.2354 (delta +0.3500) size 492.1 MB sparsity 22.0%
gen 11 offspring [87/100] k= 16 (used  16.0) c=0.888 alpha=-0.171 beta=+0.116 | loss 3.4723 (delta +0.5870) size 450.3 MB sparsity 22.8%
gen 11 offspring [88/100] k= 43 (used  43.0) c=0.985 alpha=-0.024 beta=+0.112 | loss 2.9429 (delta +0.0575) size 541.4 MB sparsity 9.6%
gen 11 offspring [89/100] k= 13 (used  13.0) c=0.898 alpha=-0.136 beta=+0.101 | loss 3.7715 (delta +0.8862) size 447.5 MB sparsity 26.6%
gen 11 offspring [90/100] k= 63 (used  63.0) c=0.983 alpha=-0.062 beta=+0.115 | loss 2.9277 (delta +0.0424) size 541.4 MB sparsity 8.2%
gen 11 offspring [91/100] k= 13 (used  13.0) c=0.853 alpha=-0.393 beta=+0.203 | loss 3.8777 (delta +0.9924) size 443.8 MB sparsity 29.5%
gen 11 offspring [92/100] k= 16 (used  16.0) c=0.852 alpha=-0.355 beta=+0.051 | loss 3.5649 (delta +0.6795) size 448.9 MB sparsity 26.2%
gen 11 offspring [93/100] k= 15 (used  15.0) c=0.870 alpha=-0.088 beta=+0.122 | loss 3.4593 (delta +0.5740) size 450.5 MB sparsity 22.4%
gen 11 offspring [94/100] k= 16 (used  16.0) c=0.857 alpha=-0.088 beta=+0.121 | loss 3.4236 (delta +0.5382) size 450.6 MB sparsity 22.1%
gen 11 offspring [95/100] k= 17 (used  17.0) c=0.953 alpha=-0.051 beta=+0.423 | loss 3.6190 (delta +0.7336) size 445.8 MB sparsity 28.4%
gen 11 offspring [96/100] k= 33 (used  33.0) c=0.989 alpha=-0.384 beta=+0.199 | loss 3.2585 (delta +0.3731) size 486.4 MB sparsity 24.6%
gen 11 offspring [97/100] k=224 (used 220.2) c=1.000 alpha=-0.029 beta=+0.389 | loss 3.2259 (delta +0.3406) size 613.8 MB sparsity 17.3%
gen 11 offspring [98/100] k= 30 (used  30.0) c=0.950 alpha=-0.019 beta=+0.135 | loss 3.0118 (delta +0.1265) size 496.7 MB sparsity 13.0%
gen 11 offspring [99/100] k= 11 (used  11.0) c=0.996 alpha=-0.200 beta=+0.457 | loss 5.4482 (delta +2.5628) size 430.5 MB sparsity 37.0%
gen 11 offspring [100/100] k= 36 (used  35.0) c=0.981 alpha=-0.384 beta=+0.123 | loss 3.1718 (delta +0.2865) size 527.8 MB sparsity 21.7%
=== generation 11/50 done in 447s (0 reused), batch baseline 2.8854, HV 0.19036, front 100 points, 100/100 feasible, best delta loss +0.0036, smallest 438.0 MB
gen 12 offspring [1/100] k= 11 (used  11.0) c=0.868 alpha=-0.130 beta=+0.325 | loss 4.2609 (delta +1.3756) size 441.4 MB sparsity 30.9%
gen 12 offspring [2/100] k= 33 (used  33.0) c=0.993 alpha=-0.383 beta=+0.127 | loss 3.1817 (delta +0.2963) size 492.1 MB sparsity 22.1%
gen 12 offspring [3/100] k= 28 (used  27.0) c=0.997 alpha=-0.101 beta=+0.421 | loss 3.3157 (delta +0.4303) size 486.9 MB sparsity 24.4%
gen 12 offspring [4/100] k= 22 (used  22.0) c=0.865 alpha=-0.050 beta=+0.330 | loss 3.2398 (delta +0.3545) size 492.3 MB sparsity 21.9%
gen 12 offspring [5/100] k= 32 (used  32.0) c=0.914 alpha=-0.012 beta=+0.299 | loss 3.0652 (delta +0.1798) size 496.3 MB sparsity 18.2%
gen 12 offspring [6/100] k=  9 (used   9.0) c=0.950 alpha=-0.007 beta=+0.056 | loss 6.7247 (delta +3.8393) size 398.4 MB sparsity 39.9%
gen 12 offspring [7/100] k= 16 (used  16.0) c=0.868 alpha=-0.165 beta=+0.448 | loss 3.6730 (delta +0.7876) size 443.5 MB sparsity 29.7%
gen 12 offspring [8/100] k= 17 (used  17.0) c=0.938 alpha=-0.368 beta=+0.051 | loss 3.5585 (delta +0.6732) size 449.7 MB sparsity 26.3%
gen 12 offspring [9/100] k= 33 (used  33.0) c=0.981 alpha=-0.112 beta=+0.208 | loss 3.0050 (delta +0.1196) size 508.0 MB sparsity 14.9%
gen 12 offspring [10/100] k= 15 (used  15.0) c=0.904 alpha=-0.056 beta=+0.004 | loss 3.5131 (delta +0.6277) size 450.1 MB sparsity 23.2%
gen 12 offspring [11/100] k= 16 (used  16.0) c=0.903 alpha=-0.001 beta=+0.168 | loss 3.4952 (delta +0.6098) size 450.1 MB sparsity 23.2%
gen 12 offspring [12/100] k= 30 (used  29.0) c=0.999 alpha=-0.207 beta=+0.119 | loss 3.0549 (delta +0.1696) size 496.6 MB sparsity 15.8%
gen 12 offspring [13/100] k= 34 (used  34.0) c=0.906 alpha=-0.384 beta=+0.172 | loss 3.2434 (delta +0.3581) size 523.3 MB sparsity 23.4%
gen 12 offspring [14/100] k= 28 (used  28.0) c=0.896 alpha=-0.087 beta=+0.198 | loss 3.0349 (delta +0.1495) size 496.7 MB sparsity 15.2%
gen 12 offspring [15/100] k= 17 (used  17.0) c=0.989 alpha=-0.384 beta=+0.199 | loss 3.6092 (delta +0.7238) size 447.5 MB sparsity 27.5%
gen 12 offspring [16/100] k= 16 (used  16.0) c=0.871 alpha=-0.110 beta=+0.147 | loss 3.4458 (delta +0.5605) size 450.5 MB sparsity 22.4%
gen 12 offspring [17/100] k= 29 (used  29.0) c=0.910 alpha=-0.085 beta=+0.018 | loss 2.9982 (delta +0.1129) size 496.7 MB sparsity 12.1%
gen 12 offspring [18/100] k= 14 (used  13.0) c=0.977 alpha=-0.096 beta=+0.294 | loss 4.0109 (delta +1.1256) size 444.6 MB sparsity 29.0%
gen 12 offspring [19/100] k= 36 (used  36.0) c=0.857 alpha=-0.017 beta=+0.073 | loss 2.9573 (delta +0.0719) size 541.4 MB sparsity 9.4%
gen 12 offspring [20/100] k= 23 (used  23.0) c=0.854 alpha=-0.166 beta=+0.039 | loss 3.0779 (delta +0.1925) size 496.6 MB sparsity 15.1%
gen 12 offspring [21/100] k= 17 (used  17.0) c=0.859 alpha=-0.096 beta=+0.120 | loss 3.2876 (delta +0.4023) size 461.7 MB sparsity 19.5%
gen 12 offspring [22/100] k= 16 (used  16.0) c=0.853 alpha=-0.163 beta=+0.203 | loss 3.4176 (delta +0.5322) size 450.7 MB sparsity 22.1%
gen 12 offspring [23/100] k= 31 (used  31.0) c=0.987 alpha=-0.011 beta=+0.476 | loss 6.0196 (delta +3.1342) size 484.6 MB sparsity 25.4%
gen 12 offspring [24/100] k= 15 (used  15.0) c=0.852 alpha=-0.198 beta=+0.442 | loss 3.6883 (delta +0.8030) size 444.2 MB sparsity 29.3%
gen 12 offspring [25/100] k= 33 (used  33.0) c=0.905 alpha=-0.355 beta=+0.110 | loss 3.1329 (delta +0.2476) size 496.1 MB sparsity 20.3%
gen 12 offspring [26/100] k= 37 (used  37.0) c=0.996 alpha=-0.076 beta=+0.116 | loss 2.9667 (delta +0.0814) size 541.4 MB sparsity 10.8%
gen 12 offspring [27/100] k= 17 (used  17.0) c=0.987 alpha=-0.011 beta=+0.485 | loss 4.8382 (delta +1.9529) size 441.3 MB sparsity 31.0%
gen 12 offspring [28/100] k= 66 (used  66.0) c=0.970 alpha=-0.049 beta=+0.063 | loss 2.9142 (delta +0.0289) size 586.1 MB sparsity 6.0%
gen 12 offspring [29/100] k=125 (used 125.0) c=0.987 alpha=-0.060 beta=+0.005 | loss 2.8919 (delta +0.0066) size 586.1 MB sparsity 4.1%
gen 12 offspring [30/100] k= 33 (used  33.0) c=0.975 alpha=-0.392 beta=+0.200 | loss 3.2554 (delta +0.3701) size 485.8 MB sparsity 24.9%
gen 12 offspring [31/100] k= 16 (used  16.0) c=0.877 alpha=-0.105 beta=+0.031 | loss 3.4756 (delta +0.5902) size 450.4 MB sparsity 22.6%
gen 12 offspring [32/100] k= 17 (used  17.0) c=0.847 alpha=-0.322 beta=+0.414 | loss 3.7780 (delta +0.8927) size 441.0 MB sparsity 31.1%
gen 12 offspring [33/100] k= 25 (used  25.0) c=0.907 alpha=-0.094 beta=+0.113 | loss 3.0540 (delta +0.1687) size 496.6 MB sparsity 14.0%
gen 12 offspring [34/100] k= 17 (used  17.0) c=0.848 alpha=-0.062 beta=+0.217 | loss 3.2748 (delta +0.3895) size 460.8 MB sparsity 20.0%
gen 12 offspring [35/100] k= 23 (used  23.0) c=0.867 alpha=-0.093 beta=+0.335 | loss 3.2238 (delta +0.3384) size 493.4 MB sparsity 21.4%
gen 12 offspring [36/100] k= 63 (used  63.0) c=0.968 alpha=-0.113 beta=+0.043 | loss 2.9231 (delta +0.0377) size 541.4 MB sparsity 7.9%
gen 12 offspring [37/100] k= 18 (used  18.0) c=0.870 alpha=-0.247 beta=+0.438 | loss 3.6193 (delta +0.7339) size 475.6 MB sparsity 29.4%
gen 12 offspring [38/100] k= 42 (used  41.0) c=0.993 alpha=-0.094 beta=+0.123 | loss 2.9438 (delta +0.0585) size 541.4 MB sparsity 10.5%
gen 12 offspring [39/100] k= 17 (used  17.0) c=0.904 alpha=-0.159 beta=+0.100 | loss 3.3366 (delta +0.4512) size 460.0 MB sparsity 20.5%
gen 12 offspring [40/100] k= 16 (used  16.0) c=0.857 alpha=-0.088 beta=+0.121 | loss 3.4246 (delta +0.5393) size 450.6 MB sparsity 22.1%
gen 12 offspring [41/100] k= 33 (used  33.0) c=0.974 alpha=-0.055 beta=+0.001 | loss 2.9727 (delta +0.0873) size 516.1 MB sparsity 11.3%
gen 12 offspring [42/100] k= 16 (used  16.0) c=0.858 alpha=-0.051 beta=+0.379 | loss 3.5654 (delta +0.6801) size 447.8 MB sparsity 27.2%
gen 12 offspring [43/100] k= 16 (used  16.0) c=0.874 alpha=-0.165 beta=+0.131 | loss 3.4502 (delta +0.5649) size 450.5 MB sparsity 22.5%
gen 12 offspring [44/100] k= 27 (used  27.0) c=0.954 alpha=-0.082 beta=+0.112 | loss 3.0711 (delta +0.1857) size 496.6 MB sparsity 13.6%
gen 12 offspring [45/100] k= 16 (used  15.0) c=0.994 alpha=-0.026 beta=+0.448 | loss 3.8880 (delta +1.0027) size 440.5 MB sparsity 31.4%
gen 12 offspring [46/100] k= 43 (used  43.0) c=0.981 alpha=-0.384 beta=+0.206 | loss 3.2836 (delta +0.3983) size 520.1 MB sparsity 24.6%
gen 12 offspring [47/100] k=224 (used 223.0) c=1.000 alpha=-0.029 beta=+0.002 | loss 2.8890 (delta +0.0036) size 630.9 MB sparsity 2.1%
gen 12 offspring [48/100] k= 46 (used  46.0) c=0.862 alpha=-0.095 beta=+0.319 | loss 3.0772 (delta +0.1918) size 538.6 MB sparsity 17.7%
gen 12 offspring [49/100] k= 16 (used  16.0) c=0.874 alpha=-0.105 beta=+0.083 | loss 3.4561 (delta +0.5708) size 450.5 MB sparsity 22.5%
gen 12 offspring [50/100] k= 26 (used  26.0) c=0.855 alpha=-0.165 beta=+0.065 | loss 3.0454 (delta +0.1600) size 496.7 MB sparsity 14.3%
gen 12 offspring [51/100] k= 63 (used  63.0) c=0.970 alpha=-0.049 beta=+0.062 | loss 2.9200 (delta +0.0346) size 541.4 MB sparsity 6.1%
gen 12 offspring [52/100] k= 20 (used  20.0) c=0.874 alpha=-0.349 beta=+0.274 | loss 3.5273 (delta +0.6420) size 481.5 MB sparsity 26.8%
gen 12 offspring [53/100] k=127 (used 127.0) c=0.999 alpha=-0.091 beta=+0.018 | loss 2.8967 (delta +0.0114) size 586.1 MB sparsity 5.4%
gen 12 offspring [54/100] k= 17 (used  17.0) c=0.986 alpha=-0.195 beta=+0.446 | loss 3.6529 (delta +0.7676) size 443.7 MB sparsity 29.6%
gen 12 offspring [55/100] k=253 (used 252.4) c=0.991 alpha=-0.028 beta=+0.135 | loss 2.8997 (delta +0.0143) size 630.9 MB sparsity 7.0%
gen 12 offspring [56/100] k= 16 (used  16.0) c=0.859 alpha=-0.053 beta=+0.379 | loss 3.5715 (delta +0.6861) size 447.8 MB sparsity 27.2%
gen 12 offspring [57/100] k= 34 (used  34.0) c=0.868 alpha=-0.024 beta=+0.066 | loss 2.9731 (delta +0.0877) size 541.4 MB sparsity 10.1%
gen 12 offspring [58/100] k=102 (used 101.1) c=0.986 alpha=-0.416 beta=+0.122 | loss 3.1960 (delta +0.3106) size 561.3 MB sparsity 22.2%
gen 12 offspring [59/100] k=147 (used 147.0) c=0.998 alpha=-0.060 beta=+0.105 | loss 2.8987 (delta +0.0133) size 630.9 MB sparsity 7.1%
gen 12 offspring [60/100] k= 24 (used  24.0) c=0.907 alpha=-0.365 beta=+0.121 | loss 3.2730 (delta +0.3876) size 490.4 MB sparsity 22.8%
gen 12 offspring [61/100] k= 39 (used  39.0) c=0.996 alpha=-0.115 beta=+0.312 | loss 3.0833 (delta +0.1979) size 536.5 MB sparsity 18.5%
gen 12 offspring [62/100] k= 24 (used  23.0) c=0.981 alpha=-0.379 beta=+0.121 | loss 3.3504 (delta +0.4651) size 487.7 MB sparsity 24.0%
gen 12 offspring [63/100] k= 15 (used  15.0) c=0.985 alpha=-0.091 beta=+0.335 | loss 3.7012 (delta +0.8158) size 447.2 MB sparsity 27.5%
gen 12 offspring [64/100] k= 33 (used  33.0) c=0.862 alpha=-0.096 beta=+0.282 | loss 3.0787 (delta +0.1933) size 503.4 MB sparsity 17.0%
gen 12 offspring [65/100] k= 61 (used  61.0) c=0.977 alpha=-0.087 beta=+0.043 | loss 2.9272 (delta +0.0419) size 541.4 MB sparsity 7.0%
gen 12 offspring [66/100] k= 32 (used  31.0) c=0.993 alpha=-0.134 beta=+0.362 | loss 3.1665 (delta +0.2811) size 493.0 MB sparsity 21.6%
gen 12 offspring [67/100] k= 34 (used  34.0) c=0.859 alpha=-0.058 beta=+0.005 | loss 2.9721 (delta +0.0868) size 541.4 MB sparsity 10.0%
gen 12 offspring [68/100] k= 24 (used  23.0) c=0.979 alpha=-0.017 beta=+0.002 | loss 3.1148 (delta +0.2294) size 496.0 MB sparsity 16.3%
gen 12 offspring [69/100] k= 26 (used  25.0) c=0.995 alpha=-0.076 beta=+0.297 | loss 3.1635 (delta +0.2781) size 494.5 MB sparsity 20.3%
gen 12 offspring [70/100] k= 15 (used  15.0) c=0.868 alpha=-0.208 beta=+0.330 | loss 3.5231 (delta +0.6378) size 449.3 MB sparsity 25.7%
gen 12 offspring [71/100] k= 16 (used  16.0) c=0.902 alpha=-0.335 beta=+0.032 | loss 3.6114 (delta +0.7261) size 448.7 MB sparsity 26.2%
gen 12 offspring [72/100] k= 17 (used  17.0) c=0.852 alpha=-0.310 beta=+0.430 | loss 3.7607 (delta +0.8754) size 440.8 MB sparsity 31.2%
gen 12 offspring [73/100] k= 24 (used  23.0) c=0.981 alpha=-0.384 beta=+0.231 | loss 3.4573 (delta +0.5720) size 482.5 MB sparsity 26.3%
gen 12 offspring [74/100] k= 17 (used  17.0) c=0.975 alpha=-0.089 beta=+0.428 | loss 3.5975 (delta +0.7122) size 445.1 MB sparsity 28.8%
gen 12 offspring [75/100] k= 12 (used  12.0) c=0.853 alpha=-0.345 beta=+0.353 | loss 4.2855 (delta +1.4002) size 439.1 MB sparsity 32.2%
gen 12 offspring [76/100] k= 17 (used  17.0) c=0.986 alpha=-0.041 beta=+0.442 | loss 3.6412 (delta +0.7559) size 444.0 MB sparsity 29.4%
gen 12 offspring [77/100] k= 15 (used  15.0) c=0.862 alpha=-0.185 beta=+0.203 | loss 3.4448 (delta +0.5595) size 450.6 MB sparsity 22.3%
gen 12 offspring [78/100] k= 28 (used  27.0) c=0.978 alpha=-0.101 beta=+0.122 | loss 3.0455 (delta +0.1602) size 496.6 MB sparsity 13.9%
gen 12 offspring [79/100] k= 29 (used  29.0) c=0.980 alpha=-0.062 beta=+0.127 | loss 3.0082 (delta +0.1228) size 496.7 MB sparsity 13.1%
gen 12 offspring [80/100] k= 12 (used  12.0) c=0.831 alpha=-0.195 beta=+0.430 | loss 4.4144 (delta +1.5291) size 437.6 MB sparsity 33.0%
gen 12 offspring [81/100] k= 36 (used  36.0) c=0.875 alpha=-0.340 beta=+0.121 | loss 3.1281 (delta +0.2428) size 533.1 MB sparsity 19.8%
gen 12 offspring [82/100] k=  9 (used   9.0) c=0.872 alpha=-0.096 beta=+0.294 | loss 5.6559 (delta +2.7706) size 402.1 MB sparsity 37.1%
gen 12 offspring [83/100] k= 15 (used  15.0) c=0.996 alpha=-0.198 beta=+0.457 | loss 3.8945 (delta +1.0091) size 439.9 MB sparsity 31.7%
gen 12 offspring [84/100] k=211 (used 211.0) c=0.999 alpha=-0.007 beta=+0.056 | loss 2.8890 (delta +0.0037) size 630.9 MB sparsity 3.3%
gen 12 offspring [85/100] k= 32 (used  32.0) c=0.912 alpha=-0.119 beta=+0.300 | loss 3.0720 (delta +0.1866) size 496.2 MB sparsity 18.6%
gen 12 offspring [86/100] k= 73 (used  73.0) c=0.983 alpha=-0.117 beta=+0.111 | loss 2.9152 (delta +0.0299) size 586.1 MB sparsity 9.9%
gen 12 offspring [87/100] k= 31 (used  31.0) c=0.921 alpha=-0.059 beta=+0.008 | loss 2.9770 (delta +0.0916) size 496.7 MB sparsity 11.4%
gen 12 offspring [88/100] k= 24 (used  24.0) c=0.882 alpha=-0.201 beta=+0.304 | loss 3.2577 (delta +0.3723) size 492.1 MB sparsity 22.0%
gen 12 offspring [89/100] k= 34 (used  33.0) c=0.990 alpha=-0.384 beta=+0.199 | loss 3.2568 (delta +0.3714) size 486.4 MB sparsity 24.6%
gen 12 offspring [90/100] k= 29 (used  29.0) c=0.943 alpha=-0.019 beta=+0.330 | loss 3.1227 (delta +0.2373) size 495.1 MB sparsity 20.1%
gen 12 offspring [91/100] k= 39 (used  39.0) c=1.000 alpha=-0.036 beta=+0.353 | loss 3.1307 (delta +0.2453) size 533.7 MB sparsity 19.5%
gen 12 offspring [92/100] k= 34 (used  34.0) c=0.862 alpha=-0.177 beta=+0.149 | loss 3.0116 (delta +0.1263) size 541.3 MB sparsity 14.5%
gen 12 offspring [93/100] k= 15 (used  15.0) c=0.856 alpha=-0.122 beta=+0.378 | loss 3.5811 (delta +0.6958) size 447.9 MB sparsity 27.1%
gen 12 offspring [94/100] k= 67 (used  67.0) c=0.982 alpha=-0.046 beta=+0.100 | loss 2.9123 (delta +0.0269) size 586.1 MB sparsity 7.2%
gen 12 offspring [95/100] k= 17 (used  17.0) c=0.996 alpha=-0.042 beta=+0.026 | loss 3.4330 (delta +0.5476) size 456.5 MB sparsity 22.5%
gen 12 offspring [96/100] k= 15 (used  15.0) c=0.847 alpha=-0.310 beta=+0.455 | loss 3.9233 (delta +1.0380) size 438.6 MB sparsity 32.4%
gen 12 offspring [97/100] k= 16 (used  16.0) c=0.868 alpha=-0.163 beta=+0.013 | loss 3.4357 (delta +0.5504) size 450.5 MB sparsity 22.3%
gen 12 offspring [98/100] k= 34 (used  33.0) c=0.975 alpha=-0.056 beta=+0.200 | loss 2.9935 (delta +0.1082) size 509.1 MB sparsity 14.4%
gen 12 offspring [99/100] k= 17 (used  17.0) c=0.996 alpha=-0.200 beta=+0.433 | loss 3.6172 (delta +0.7319) size 444.3 MB sparsity 29.3%
gen 12 offspring [100/100] k= 34 (used  34.0) c=0.954 alpha=-0.059 beta=+0.005 | loss 2.9723 (delta +0.0870) size 541.4 MB sparsity 11.1%
=== generation 12/50 done in 447s (0 reused), batch baseline 2.8854, HV 0.19084, front 100 points, 100/100 feasible, best delta loss +0.0036, smallest 438.0 MB
gen 13 offspring [1/100] k= 16 (used  16.0) c=0.907 alpha=-0.339 beta=+0.330 | loss 3.7410 (delta +0.8556) size 444.1 MB sparsity 29.4%
gen 13 offspring [2/100] k= 17 (used  17.0) c=0.901 alpha=-0.060 beta=+0.104 | loss 3.3407 (delta +0.4553) size 460.1 MB sparsity 20.4%
gen 13 offspring [3/100] k= 31 (used  31.0) c=0.869 alpha=-0.097 beta=+0.008 | loss 2.9857 (delta +0.1004) size 496.7 MB sparsity 10.8%
gen 13 offspring [4/100] k= 63 (used  63.0) c=0.854 alpha=-0.013 beta=+0.070 | loss 2.9240 (delta +0.0386) size 541.4 MB sparsity 5.8%
gen 13 offspring [5/100] k= 13 (used  13.0) c=0.876 alpha=-0.105 beta=+0.039 | loss 3.7145 (delta +0.8292) size 448.0 MB sparsity 26.0%
gen 13 offspring [6/100] k= 21 (used  21.0) c=0.987 alpha=-0.011 beta=+0.411 | loss 3.4164 (delta +0.5311) size 483.1 MB sparsity 26.1%
gen 13 offspring [7/100] k= 38 (used  37.0) c=1.000 alpha=-0.033 beta=+0.102 | loss 2.9631 (delta +0.0777) size 541.4 MB sparsity 10.5%
gen 13 offspring [8/100] k= 34 (used  34.0) c=0.877 alpha=-0.491 beta=+0.206 | loss 3.6528 (delta +0.7674) size 509.0 MB sparsity 28.7%
gen 13 offspring [9/100] k= 32 (used  31.0) c=0.979 alpha=-0.390 beta=+0.070 | loss 3.2202 (delta +0.3348) size 491.8 MB sparsity 22.2%
gen 13 offspring [10/100] k= 42 (used  41.0) c=0.993 alpha=-0.054 beta=+0.123 | loss 2.9432 (delta +0.0579) size 541.4 MB sparsity 10.3%
gen 13 offspring [11/100] k= 16 (used  16.0) c=0.868 alpha=-0.167 beta=+0.448 | loss 3.6732 (delta +0.7878) size 443.5 MB sparsity 29.7%
gen 13 offspring [12/100] k= 30 (used  29.0) c=0.989 alpha=-0.007 beta=+0.151 | loss 3.0190 (delta +0.1337) size 496.7 MB sparsity 13.8%
gen 13 offspring [13/100] k= 16 (used  16.0) c=0.828 alpha=-0.061 beta=+0.217 | loss 3.4394 (delta +0.5540) size 450.9 MB sparsity 21.7%
gen 13 offspring [14/100] k= 32 (used  31.0) c=0.986 alpha=-0.085 beta=+0.398 | loss 3.2282 (delta +0.3429) size 491.1 MB sparsity 22.5%
gen 13 offspring [15/100] k= 17 (used  17.0) c=0.987 alpha=-0.055 beta=+0.430 | loss 3.6187 (delta +0.7334) size 444.7 MB sparsity 29.1%
gen 13 offspring [16/100] k= 34 (used  33.0) c=0.980 alpha=-0.389 beta=+0.005 | loss 3.1774 (delta +0.2921) size 492.8 MB sparsity 21.7%
gen 13 offspring [17/100] k= 33 (used  33.0) c=0.995 alpha=-0.382 beta=+0.200 | loss 3.2489 (delta +0.3635) size 486.6 MB sparsity 24.5%
gen 13 offspring [18/100] k= 15 (used  15.0) c=1.000 alpha=-0.017 beta=+0.002 | loss 3.6465 (delta +0.7612) size 448.4 MB sparsity 25.5%
gen 13 offspring [19/100] k=144 (used 142.1) c=0.998 alpha=-0.302 beta=+0.003 | loss 3.0023 (delta +0.1170) size 625.8 MB sparsity 13.9%
gen 13 offspring [20/100] k= 26 (used  25.0) c=0.993 alpha=-0.031 beta=+0.128 | loss 3.0642 (delta +0.1789) size 496.4 MB sparsity 15.3%
gen 13 offspring [21/100] k= 63 (used  62.8) c=0.987 alpha=-0.159 beta=+0.393 | loss 3.1695 (delta +0.2842) size 524.5 MB sparsity 23.0%
gen 13 offspring [22/100] k= 31 (used  31.0) c=0.999 alpha=-0.148 beta=+0.119 | loss 3.0016 (delta +0.1163) size 496.7 MB sparsity 13.3%
gen 13 offspring [23/100] k= 17 (used  17.0) c=0.852 alpha=-0.347 beta=+0.427 | loss 3.8494 (delta +0.9641) size 438.6 MB sparsity 32.4%
gen 13 offspring [24/100] k= 17 (used  17.0) c=0.859 alpha=-0.201 beta=+0.201 | loss 3.2849 (delta +0.3995) size 460.5 MB sparsity 20.2%
gen 13 offspring [25/100] k= 29 (used  29.0) c=0.862 alpha=-0.103 beta=+0.139 | loss 2.9888 (delta +0.1035) size 496.7 MB sparsity 12.3%
gen 13 offspring [26/100] k= 25 (used  25.0) c=0.975 alpha=-0.324 beta=+0.195 | loss 3.2681 (delta +0.3828) size 490.7 MB sparsity 22.7%
gen 13 offspring [27/100] k= 34 (used  33.0) c=0.989 alpha=-0.036 beta=+0.326 | loss 3.0977 (delta +0.2123) size 498.1 MB sparsity 19.4%
gen 13 offspring [28/100] k= 17 (used  17.0) c=0.862 alpha=-0.091 beta=+0.118 | loss 3.2823 (delta +0.3969) size 461.6 MB sparsity 19.6%
gen 13 offspring [29/100] k= 30 (used  29.0) c=0.999 alpha=-0.048 beta=+0.380 | loss 3.2213 (delta +0.3360) size 491.4 MB sparsity 22.3%
gen 13 offspring [30/100] k= 17 (used  17.0) c=0.975 alpha=-0.089 beta=+0.166 | loss 3.3951 (delta +0.5098) size 457.3 MB sparsity 22.0%
gen 13 offspring [31/100] k=125 (used 125.0) c=1.000 alpha=-0.055 beta=+0.109 | loss 2.8979 (delta +0.0125) size 586.1 MB sparsity 7.1%
gen 13 offspring [32/100] k= 17 (used  17.0) c=0.870 alpha=-0.234 beta=+0.476 | loss 3.7247 (delta +0.8394) size 442.3 MB sparsity 30.4%
gen 13 offspring [33/100] k= 14 (used  14.0) c=0.871 alpha=-0.110 beta=+0.147 | loss 3.7079 (delta +0.8226) size 448.1 MB sparsity 25.8%
gen 13 offspring [34/100] k= 16 (used  16.0) c=0.868 alpha=-0.170 beta=+0.330 | loss 3.5056 (delta +0.6202) size 449.3 MB sparsity 25.6%
gen 13 offspring [35/100] k= 15 (used  15.0) c=0.888 alpha=-0.216 beta=+0.168 | loss 3.4893 (delta +0.6039) size 450.3 MB sparsity 22.9%
gen 13 offspring [36/100] k= 17 (used  17.0) c=0.838 alpha=-0.384 beta=+0.208 | loss 3.5724 (delta +0.6871) size 449.8 MB sparsity 26.2%
gen 13 offspring [37/100] k= 17 (used  17.0) c=0.853 alpha=-0.085 beta=+0.201 | loss 3.2748 (delta +0.3895) size 461.3 MB sparsity 19.8%
gen 13 offspring [38/100] k= 16 (used  16.0) c=0.853 alpha=-0.012 beta=+0.082 | loss 3.4156 (delta +0.5302) size 450.7 MB sparsity 22.0%
gen 13 offspring [39/100] k= 33 (used  33.0) c=0.974 alpha=-0.019 beta=+0.124 | loss 2.9737 (delta +0.0883) size 515.1 MB sparsity 11.7%
gen 13 offspring [40/100] k= 17 (used  17.0) c=0.862 alpha=-0.053 beta=+0.294 | loss 3.3500 (delta +0.4647) size 456.0 MB sparsity 22.7%
gen 13 offspring [41/100] k= 17 (used  17.0) c=0.996 alpha=-0.195 beta=+0.529 | loss 15.4255 (delta +12.5402) size 438.3 MB sparsity 32.6%
gen 13 offspring [42/100] k= 33 (used  33.0) c=0.953 alpha=-0.161 beta=+0.005 | loss 2.9784 (delta +0.0931) size 512.8 MB sparsity 12.8%
gen 13 offspring [43/100] k= 16 (used  15.0) c=0.980 alpha=-0.039 beta=+0.464 | loss 3.8933 (delta +1.0080) size 439.9 MB sparsity 31.7%
gen 13 offspring [44/100] k= 17 (used  17.0) c=0.889 alpha=-0.105 beta=+0.040 | loss 3.3190 (delta +0.4337) size 460.6 MB sparsity 20.2%
gen 13 offspring [45/100] k=215 (used 214.9) c=0.988 alpha=-0.100 beta=+0.012 | loss 2.8949 (delta +0.0095) size 630.9 MB sparsity 5.1%
gen 13 offspring [46/100] k= 17 (used  17.0) c=0.835 alpha=-0.328 beta=+0.430 | loss 3.7932 (delta +0.9079) size 439.7 MB sparsity 31.9%
gen 13 offspring [47/100] k= 15 (used  15.0) c=0.996 alpha=-0.180 beta=+0.433 | loss 3.8162 (delta +0.9308) size 441.4 MB sparsity 30.9%
gen 13 offspring [48/100] k= 73 (used  73.0) c=0.997 alpha=-0.073 beta=+0.122 | loss 2.9100 (delta +0.0247) size 586.1 MB sparsity 8.6%
gen 13 offspring [49/100] k= 32 (used  32.0) c=0.871 alpha=-0.198 beta=+0.216 | loss 3.0800 (delta +0.1946) size 496.6 MB sparsity 17.9%
gen 13 offspring [50/100] k= 16 (used  16.0) c=0.852 alpha=-0.171 beta=+0.203 | loss 3.4114 (delta +0.5261) size 450.7 MB sparsity 22.0%
gen 13 offspring [51/100] k= 63 (used  63.0) c=0.973 alpha=-0.042 beta=+0.063 | loss 2.9221 (delta +0.0367) size 541.4 MB sparsity 6.1%
gen 13 offspring [52/100] k= 17 (used  17.0) c=0.894 alpha=-0.091 beta=+0.336 | loss 3.4283 (delta +0.5430) size 452.6 MB sparsity 24.6%
gen 13 offspring [53/100] k= 24 (used  23.0) c=0.965 alpha=-0.118 beta=+0.083 | loss 3.0919 (delta +0.2065) size 496.1 MB sparsity 16.1%
gen 13 offspring [54/100] k= 17 (used  17.0) c=0.975 alpha=-0.087 beta=+0.460 | loss 3.6783 (delta +0.7930) size 443.0 MB sparsity 30.0%
gen 13 offspring [55/100] k=209 (used 209.0) c=1.000 alpha=-0.029 beta=+0.010 | loss 2.8887 (delta +0.0033) size 630.9 MB sparsity 2.2%
gen 13 offspring [56/100] k= 11 (used  11.0) c=0.904 alpha=-0.091 beta=+0.055 | loss 4.3702 (delta +1.4849) size 440.3 MB sparsity 31.5%
gen 13 offspring [57/100] k= 15 (used  15.0) c=0.969 alpha=-0.355 beta=+0.044 | loss 3.8459 (delta +0.9606) size 446.7 MB sparsity 27.9%
gen 13 offspring [58/100] k= 74 (used  74.0) c=0.981 alpha=-0.108 beta=+0.208 | loss 2.9559 (delta +0.0706) size 586.0 MB sparsity 13.5%
gen 13 offspring [59/100] k= 33 (used  33.0) c=0.978 alpha=-0.132 beta=+0.001 | loss 2.9760 (delta +0.0907) size 514.6 MB sparsity 12.0%
gen 13 offspring [60/100] k= 15 (used  15.0) c=0.868 alpha=-0.208 beta=+0.330 | loss 3.5231 (delta +0.6378) size 449.3 MB sparsity 25.7%
gen 13 offspring [61/100] k=237 (used 237.0) c=0.999 alpha=-0.036 beta=+0.066 | loss 2.8898 (delta +0.0045) size 630.9 MB sparsity 4.4%
gen 13 offspring [62/100] k= 17 (used  17.0) c=0.838 alpha=-0.092 beta=+0.336 | loss 3.3932 (delta +0.5078) size 453.9 MB sparsity 23.9%
gen 13 offspring [63/100] k= 17 (used  17.0) c=0.997 alpha=-0.220 beta=+0.445 | loss 3.6613 (delta +0.7759) size 443.2 MB sparsity 29.9%
gen 13 offspring [64/100] k= 18 (used  18.0) c=0.862 alpha=-0.049 beta=+0.294 | loss 3.3367 (delta +0.4514) size 490.6 MB sparsity 22.7%
gen 13 offspring [65/100] k= 33 (used  33.0) c=0.962 alpha=-0.043 beta=+0.199 | loss 2.9975 (delta +0.1121) size 509.4 MB sparsity 14.3%
gen 13 offspring [66/100] k= 32 (used  31.0) c=0.981 alpha=-0.119 beta=+0.230 | loss 3.0365 (delta +0.1512) size 496.6 MB sparsity 16.2%
gen 13 offspring [67/100] k=223 (used 219.5) c=0.861 alpha=-0.215 beta=+0.269 | loss 3.0771 (delta +0.1917) size 602.8 MB sparsity 20.3%
gen 13 offspring [68/100] k= 15 (used  15.0) c=0.848 alpha=-0.063 beta=+0.450 | loss 3.7108 (delta +0.8255) size 443.8 MB sparsity 29.5%
gen 13 offspring [69/100] k= 50 (used  48.7) c=0.986 alpha=-0.566 beta=+0.017 | loss 18.0425 (delta +15.1571) size 515.7 MB sparsity 26.3%
gen 13 offspring [70/100] k= 17 (used  17.0) c=0.926 alpha=-0.036 beta=+0.099 | loss 3.3261 (delta +0.4407) size 459.1 MB sparsity 21.0%
gen 13 offspring [71/100] k= 17 (used  17.0) c=0.996 alpha=-0.064 beta=+0.457 | loss 3.6927 (delta +0.8073) size 442.8 MB sparsity 30.1%
gen 13 offspring [72/100] k= 16 (used  16.0) c=0.861 alpha=-0.091 beta=+0.335 | loss 3.5045 (delta +0.6192) size 449.3 MB sparsity 25.7%
gen 13 offspring [73/100] k= 17 (used  17.0) c=0.989 alpha=-0.061 beta=+0.433 | loss 3.6117 (delta +0.7263) size 444.5 MB sparsity 29.2%
gen 13 offspring [74/100] k= 17 (used  17.0) c=0.830 alpha=-0.198 beta=+0.442 | loss 3.5913 (delta +0.7060) size 446.5 MB sparsity 28.0%
gen 13 offspring [75/100] k= 33 (used  33.0) c=0.907 alpha=-0.365 beta=+0.125 | loss 3.1571 (delta +0.2717) size 494.3 MB sparsity 21.0%
gen 13 offspring [76/100] k= 15 (used  15.0) c=0.867 alpha=-0.091 beta=+0.045 | loss 3.4496 (delta +0.5642) size 450.5 MB sparsity 22.3%
gen 13 offspring [77/100] k= 16 (used  16.0) c=0.888 alpha=-0.171 beta=+0.333 | loss 3.5386 (delta +0.6532) size 449.0 MB sparsity 26.0%
gen 13 offspring [78/100] k= 16 (used  16.0) c=0.859 alpha=-0.212 beta=+0.116 | loss 3.4410 (delta +0.5557) size 450.6 MB sparsity 22.3%
gen 13 offspring [79/100] k= 33 (used  33.0) c=0.993 alpha=-0.383 beta=+0.471 | loss 3.6968 (delta +0.8114) size 463.3 MB sparsity 34.9%
gen 13 offspring [80/100] k= 43 (used  43.0) c=0.981 alpha=-0.042 beta=+0.009 | loss 2.9412 (delta +0.0558) size 541.4 MB sparsity 8.7%
gen 13 offspring [81/100] k= 24 (used  23.0) c=0.987 alpha=-0.011 beta=+0.440 | loss 3.4387 (delta +0.5534) size 482.6 MB sparsity 26.3%
gen 13 offspring [82/100] k= 15 (used  15.0) c=0.868 alpha=-0.208 beta=+0.312 | loss 3.5049 (delta +0.6196) size 449.7 MB sparsity 25.1%
gen 13 offspring [83/100] k= 16 (used  16.0) c=0.853 alpha=-0.107 beta=+0.203 | loss 3.4124 (delta +0.5271) size 450.7 MB sparsity 22.1%
gen 13 offspring [84/100] k= 32 (used  31.0) c=0.974 alpha=-0.198 beta=+0.369 | loss 3.2105 (delta +0.3251) size 487.7 MB sparsity 24.0%
gen 13 offspring [85/100] k= 32 (used  31.0) c=0.995 alpha=-0.062 beta=+0.363 | loss 3.1629 (delta +0.2775) size 493.7 MB sparsity 21.2%
gen 13 offspring [86/100] k=149 (used 148.8) c=1.000 alpha=-0.166 beta=+0.056 | loss 2.9130 (delta +0.0276) size 630.9 MB sparsity 9.5%
gen 13 offspring [87/100] k= 23 (used  23.0) c=0.952 alpha=-0.055 beta=+0.001 | loss 3.0849 (delta +0.1995) size 496.1 MB sparsity 15.9%
gen 13 offspring [88/100] k= 24 (used  24.0) c=0.932 alpha=-0.114 beta=+0.127 | loss 3.0764 (delta +0.1911) size 496.3 MB sparsity 15.6%
gen 13 offspring [89/100] k= 17 (used  17.0) c=0.904 alpha=-0.058 beta=+0.100 | loss 3.3350 (delta +0.4497) size 460.0 MB sparsity 20.5%
gen 13 offspring [90/100] k= 16 (used  16.0) c=0.857 alpha=-0.350 beta=+0.420 | loss 3.8585 (delta +0.9732) size 438.3 MB sparsity 32.6%
gen 13 offspring [91/100] k= 16 (used  16.0) c=0.904 alpha=-0.060 beta=+0.103 | loss 3.5018 (delta +0.6165) size 450.1 MB sparsity 23.2%
gen 13 offspring [92/100] k= 16 (used  16.0) c=0.887 alpha=-0.034 beta=+0.039 | loss 3.4802 (delta +0.5948) size 450.3 MB sparsity 22.8%
gen 13 offspring [93/100] k=224 (used 223.0) c=1.000 alpha=-0.013 beta=+0.002 | loss 2.8896 (delta +0.0042) size 630.9 MB sparsity 1.7%
gen 13 offspring [94/100] k= 42 (used  41.0) c=1.000 alpha=-0.275 beta=+0.102 | loss 3.0192 (delta +0.1338) size 540.3 MB sparsity 16.6%
gen 13 offspring [95/100] k= 28 (used  27.0) c=0.986 alpha=-0.101 beta=+0.110 | loss 3.0431 (delta +0.1577) size 496.6 MB sparsity 14.0%
gen 13 offspring [96/100] k= 17 (used  17.0) c=0.848 alpha=-0.062 beta=+0.300 | loss 3.3335 (delta +0.4481) size 456.0 MB sparsity 22.7%
gen 13 offspring [97/100] k= 28 (used  27.0) c=0.993 alpha=-0.081 beta=+0.127 | loss 3.0405 (delta +0.1551) size 496.6 MB sparsity 14.2%
gen 13 offspring [98/100] k= 17 (used  17.0) c=0.867 alpha=-0.091 beta=+0.404 | loss 3.5174 (delta +0.6320) size 448.9 MB sparsity 26.7%
gen 13 offspring [99/100] k= 33 (used  33.0) c=1.000 alpha=-0.389 beta=+0.198 | loss 3.2641 (delta +0.3788) size 486.1 MB sparsity 24.7%
gen 13 offspring [100/100] k= 63 (used  63.0) c=0.970 alpha=-0.069 beta=+0.053 | loss 2.9195 (delta +0.0342) size 541.4 MB sparsity 6.3%
=== generation 13/50 done in 447s (0 reused), batch baseline 2.8854, HV 0.19127, front 100 points, 100/100 feasible, best delta loss +0.0033, smallest 438.0 MB
gen 14 offspring [1/100] k= 17 (used  17.0) c=0.867 alpha=-0.091 beta=+0.348 | loss 3.4223 (delta +0.5369) size 452.5 MB sparsity 24.7%
gen 14 offspring [2/100] k= 34 (used  33.0) c=0.976 alpha=-0.105 beta=+0.128 | loss 2.9730 (delta +0.0876) size 514.7 MB sparsity 11.9%
gen 14 offspring [3/100] k= 30 (used  29.0) c=0.996 alpha=-0.134 beta=+0.163 | loss 3.0289 (delta +0.1435) size 496.7 MB sparsity 14.5%
gen 14 offspring [4/100] k= 33 (used  33.0) c=0.981 alpha=-0.384 beta=+0.199 | loss 3.2508 (delta +0.3654) size 486.4 MB sparsity 24.6%
gen 14 offspring [5/100] k= 14 (used  14.0) c=0.852 alpha=-0.347 beta=+0.427 | loss 4.0774 (delta +1.1920) size 437.1 MB sparsity 33.3%
gen 14 offspring [6/100] k= 17 (used  17.0) c=0.867 alpha=-0.091 beta=+0.452 | loss 3.6352 (delta +0.7498) size 445.8 MB sparsity 28.4%
gen 14 offspring [7/100] k= 32 (used  31.0) c=0.995 alpha=-0.036 beta=+0.363 | loss 3.1643 (delta +0.2789) size 493.7 MB sparsity 21.2%
gen 14 offspring [8/100] k= 16 (used  16.0) c=0.867 alpha=-0.131 beta=+0.239 | loss 3.4411 (delta +0.5558) size 450.5 MB sparsity 22.9%
gen 14 offspring [9/100] k= 31 (used  31.0) c=0.986 alpha=-0.195 beta=+0.446 | loss 3.3345 (delta +0.4492) size 481.5 MB sparsity 26.8%
gen 14 offspring [10/100] k= 24 (used  23.0) c=0.965 alpha=-0.118 beta=+0.084 | loss 3.0919 (delta +0.2065) size 496.1 MB sparsity 16.1%
gen 14 offspring [11/100] k= 14 (used  13.0) c=0.973 alpha=-0.398 beta=+0.200 | loss 4.2070 (delta +1.3217) size 440.1 MB sparsity 31.6%
gen 14 offspring [12/100] k= 16 (used  15.0) c=0.997 alpha=-0.009 beta=+0.005 | loss 3.6363 (delta +0.7509) size 448.5 MB sparsity 25.4%
gen 14 offspring [13/100] k= 17 (used  17.0) c=0.892 alpha=-0.091 beta=+0.335 | loss 3.4278 (delta +0.5425) size 452.8 MB sparsity 24.5%
gen 14 offspring [14/100] k= 38 (used  37.0) c=0.993 alpha=-0.192 beta=+0.127 | loss 2.9973 (delta +0.1120) size 541.3 MB sparsity 14.3%
gen 14 offspring [15/100] k= 14 (used  14.0) c=0.901 alpha=-0.053 beta=+0.379 | loss 3.9662 (delta +1.0808) size 443.3 MB sparsity 29.8%
gen 14 offspring [16/100] k= 16 (used  16.0) c=0.858 alpha=-0.169 beta=+0.439 | loss 3.6548 (delta +0.7695) size 444.2 MB sparsity 29.3%
gen 14 offspring [17/100] k= 30 (used  30.0) c=0.946 alpha=-0.059 beta=+0.031 | loss 3.0067 (delta +0.1214) size 496.7 MB sparsity 12.5%
gen 14 offspring [18/100] k= 64 (used  63.0) c=1.000 alpha=-0.029 beta=+0.198 | loss 2.9531 (delta +0.0678) size 541.4 MB sparsity 11.4%
gen 14 offspring [19/100] k= 17 (used  17.0) c=0.954 alpha=-0.089 beta=+0.443 | loss 3.6536 (delta +0.7682) size 444.6 MB sparsity 29.1%
gen 14 offspring [20/100] k= 16 (used  16.0) c=0.859 alpha=-0.071 beta=+0.370 | loss 3.5526 (delta +0.6672) size 448.2 MB sparsity 26.9%
gen 14 offspring [21/100] k= 30 (used  30.0) c=0.860 alpha=-0.327 beta=+0.029 | loss 3.1099 (delta +0.2245) size 495.8 MB sparsity 19.4%
gen 14 offspring [22/100] k= 19 (used  19.0) c=0.974 alpha=-0.055 beta=+0.001 | loss 3.2565 (delta +0.3711) size 493.7 MB sparsity 19.7%
gen 14 offspring [23/100] k= 25 (used  25.0) c=0.975 alpha=-0.118 beta=+0.083 | loss 3.0723 (delta +0.1870) size 496.5 MB sparsity 15.0%
gen 14 offspring [24/100] k= 33 (used  33.0) c=0.969 alpha=-0.036 beta=+0.020 | loss 2.9738 (delta +0.0885) size 516.2 MB sparsity 11.3%
gen 14 offspring [25/100] k= 17 (used  17.0) c=0.989 alpha=-0.190 beta=+0.476 | loss 3.7036 (delta +0.8183) size 441.7 MB sparsity 30.7%
gen 14 offspring [26/100] k= 18 (used  17.0) c=0.981 alpha=-0.189 beta=+0.208 | loss 3.4127 (delta +0.5274) size 456.9 MB sparsity 22.2%
gen 14 offspring [27/100] k= 18 (used  18.0) c=0.843 alpha=-0.062 beta=+0.300 | loss 3.3335 (delta +0.4482) size 490.6 MB sparsity 22.7%
gen 14 offspring [28/100] k= 29 (used  29.0) c=0.980 alpha=-0.062 beta=+0.428 | loss 3.3078 (delta +0.4225) size 487.7 MB sparsity 24.0%
gen 14 offspring [29/100] k= 19 (used  19.0) c=0.859 alpha=-0.386 beta=+0.379 | loss 3.8082 (delta +0.9229) size 469.9 MB sparsity 32.0%
gen 14 offspring [30/100] k= 17 (used  17.0) c=0.999 alpha=-0.198 beta=+0.018 | loss 3.4301 (delta +0.5447) size 456.4 MB sparsity 22.5%
gen 14 offspring [31/100] k= 16 (used  16.0) c=0.861 alpha=-0.091 beta=+0.351 | loss 3.5175 (delta +0.6322) size 448.9 MB sparsity 26.2%
gen 14 offspring [32/100] k= 31 (used  31.0) c=0.953 alpha=-0.010 beta=+0.005 | loss 2.9843 (delta +0.0990) size 496.7 MB sparsity 11.8%
gen 14 offspring [33/100] k= 17 (used  17.0) c=0.852 alpha=-0.091 beta=+0.336 | loss 3.3863 (delta +0.5009) size 453.6 MB sparsity 24.1%
gen 14 offspring [34/100] k= 17 (used  17.0) c=0.996 alpha=-0.066 beta=+0.163 | loss 3.4335 (delta +0.5481) size 456.5 MB sparsity 22.5%
gen 14 offspring [35/100] k= 34 (used  33.0) c=0.989 alpha=-0.061 beta=+0.400 | loss 3.2177 (delta +0.3323) size 491.7 MB sparsity 22.2%
gen 14 offspring [36/100] k= 15 (used  15.0) c=0.852 alpha=-0.333 beta=+0.427 | loss 3.8893 (delta +1.0040) size 438.9 MB sparsity 32.3%
gen 14 offspring [37/100] k= 15 (used  15.0) c=0.888 alpha=-0.123 beta=+0.170 | loss 3.4882 (delta +0.6028) size 450.3 MB sparsity 22.8%
gen 14 offspring [38/100] k= 36 (used  35.0) c=0.981 alpha=-0.071 beta=+0.404 | loss 3.2301 (delta +0.3448) size 527.1 MB sparsity 22.0%
gen 14 offspring [39/100] k= 34 (used  33.0) c=0.996 alpha=-0.196 beta=+0.005 | loss 3.0033 (delta +0.1180) size 509.2 MB sparsity 14.4%
gen 14 offspring [40/100] k= 33 (used  33.0) c=0.956 alpha=-0.210 beta=+0.199 | loss 3.0574 (delta +0.1721) size 501.6 MB sparsity 17.8%
gen 14 offspring [41/100] k= 16 (used  15.0) c=0.996 alpha=-0.173 beta=+0.032 | loss 3.6345 (delta +0.7492) size 448.5 MB sparsity 25.4%
gen 14 offspring [42/100] k= 63 (used  63.0) c=0.948 alpha=-0.061 beta=+0.063 | loss 2.9162 (delta +0.0309) size 541.4 MB sparsity 6.1%
gen 14 offspring [43/100] k= 15 (used  15.0) c=0.853 alpha=-0.215 beta=+0.200 | loss 3.4388 (delta +0.5535) size 450.7 MB sparsity 22.2%
gen 14 offspring [44/100] k= 81 (used  81.0) c=0.986 alpha=-0.117 beta=+0.122 | loss 2.9207 (delta +0.0353) size 586.1 MB sparsity 10.3%
gen 14 offspring [45/100] k= 17 (used  17.0) c=0.835 alpha=-0.328 beta=+0.399 | loss 3.7613 (delta +0.8759) size 441.7 MB sparsity 30.7%
gen 14 offspring [46/100] k= 15 (used  15.0) c=0.905 alpha=-0.062 beta=+0.038 | loss 3.5160 (delta +0.6307) size 450.0 MB sparsity 23.3%
gen 14 offspring [47/100] k= 16 (used  16.0) c=0.867 alpha=-0.068 beta=+0.046 | loss 3.4353 (delta +0.5500) size 450.5 MB sparsity 22.3%
gen 14 offspring [48/100] k= 32 (used  32.0) c=0.911 alpha=-0.197 beta=+0.299 | loss 3.1206 (delta +0.2352) size 494.0 MB sparsity 21.2%
gen 14 offspring [49/100] k= 31 (used  31.0) c=0.968 alpha=-0.119 beta=+0.230 | loss 3.0380 (delta +0.1526) size 496.6 MB sparsity 16.1%
gen 14 offspring [50/100] k= 17 (used  17.0) c=0.801 alpha=-0.112 beta=+0.336 | loss 3.4631 (delta +0.5777) size 454.7 MB sparsity 23.5%
gen 14 offspring [51/100] k= 17 (used  17.0) c=0.986 alpha=-0.041 beta=+0.408 | loss 3.5910 (delta +0.7057) size 446.1 MB sparsity 28.3%
gen 14 offspring [52/100] k= 17 (used  17.0) c=0.926 alpha=-0.025 beta=+0.068 | loss 3.3263 (delta +0.4410) size 459.1 MB sparsity 21.0%
gen 14 offspring [53/100] k= 34 (used  34.0) c=0.966 alpha=-0.202 beta=+0.006 | loss 3.0018 (delta +0.1164) size 541.0 MB sparsity 14.4%
gen 14 offspring [54/100] k= 18 (used  17.0) c=0.995 alpha=-0.117 beta=+0.312 | loss 3.4857 (delta +0.6004) size 451.9 MB sparsity 25.0%
gen 14 offspring [55/100] k= 31 (used  31.0) c=0.999 alpha=-0.148 beta=+0.118 | loss 3.0020 (delta +0.1167) size 496.7 MB sparsity 13.3%
gen 14 offspring [56/100] k= 34 (used  34.0) c=0.878 alpha=-0.093 beta=+0.039 | loss 2.9756 (delta +0.0902) size 541.4 MB sparsity 10.3%
gen 14 offspring [57/100] k=129 (used 127.3) c=0.991 alpha=-0.057 beta=+0.476 | loss 12.4873 (delta +9.6019) size 562.7 MB sparsity 21.8%
gen 14 offspring [58/100] k= 17 (used  17.0) c=0.997 alpha=-0.200 beta=+0.457 | loss 3.6896 (delta +0.8042) size 442.7 MB sparsity 30.1%
gen 14 offspring [59/100] k= 17 (used  17.0) c=0.831 alpha=-0.389 beta=+0.442 | loss 3.9949 (delta +1.1096) size 435.0 MB sparsity 34.5%
gen 14 offspring [60/100] k= 46 (used  45.0) c=0.998 alpha=-0.042 beta=+0.006 | loss 2.9347 (delta +0.0493) size 541.4 MB sparsity 8.5%
gen 14 offspring [61/100] k= 17 (used  17.0) c=0.870 alpha=-0.051 beta=+0.379 | loss 3.4822 (delta +0.5969) size 450.4 MB sparsity 25.9%
gen 14 offspring [62/100] k= 17 (used  17.0) c=0.969 alpha=-0.161 beta=+0.460 | loss 3.6691 (delta +0.7837) size 443.2 MB sparsity 29.9%
gen 14 offspring [63/100] k=202 (used 199.6) c=0.992 alpha=-0.384 beta=+0.012 | loss 3.1018 (delta +0.2165) size 615.8 MB sparsity 16.7%
gen 14 offspring [64/100] k= 55 (used  55.0) c=0.975 alpha=-0.066 beta=+0.002 | loss 2.9257 (delta +0.0403) size 541.4 MB sparsity 6.9%
gen 14 offspring [65/100] k= 30 (used  29.0) c=0.999 alpha=-0.207 beta=+0.129 | loss 3.0547 (delta +0.1693) size 496.6 MB sparsity 15.9%
gen 14 offspring [66/100] k= 17 (used  17.0) c=0.848 alpha=-0.070 beta=+0.225 | loss 3.2797 (delta +0.3944) size 460.4 MB sparsity 20.3%
gen 14 offspring [67/100] k= 33 (used  33.0) c=0.943 alpha=-0.384 beta=+0.208 | loss 3.2729 (delta +0.3876) size 485.8 MB sparsity 24.9%
gen 14 offspring [68/100] k= 16 (used  16.0) c=0.874 alpha=-0.105 beta=+0.008 | loss 3.4525 (delta +0.5672) size 450.5 MB sparsity 22.5%
gen 14 offspring [69/100] k= 16 (used  15.0) c=0.965 alpha=-0.087 beta=+0.491 | loss 6.2907 (delta +3.4054) size 438.6 MB sparsity 32.5%
gen 14 offspring [70/100] k= 25 (used  25.0) c=0.871 alpha=-0.348 beta=+0.001 | loss 3.2125 (delta +0.3271) size 493.6 MB sparsity 21.2%
gen 14 offspring [71/100] k= 17 (used  17.0) c=0.859 alpha=-0.022 beta=+0.201 | loss 3.2871 (delta +0.4017) size 461.1 MB sparsity 19.9%
gen 14 offspring [72/100] k= 33 (used  33.0) c=0.812 alpha=-0.395 beta=+0.201 | loss 3.3788 (delta +0.4935) size 485.7 MB sparsity 24.9%
gen 14 offspring [73/100] k= 31 (used  31.0) c=0.912 alpha=-0.119 beta=+0.300 | loss 3.0699 (delta +0.1846) size 496.2 MB sparsity 18.6%
gen 14 offspring [74/100] k= 17 (used  17.0) c=0.975 alpha=-0.082 beta=+0.123 | loss 3.3957 (delta +0.5104) size 457.3 MB sparsity 22.0%
gen 14 offspring [75/100] k= 33 (used  33.0) c=0.974 alpha=-0.057 beta=+0.200 | loss 2.9950 (delta +0.1096) size 509.2 MB sparsity 14.4%
gen 14 offspring [76/100] k=209 (used 205.1) c=0.824 alpha=-0.029 beta=+0.445 | loss 3.5794 (delta +0.6941) size 606.3 MB sparsity 19.4%
gen 14 offspring [77/100] k= 16 (used  16.0) c=0.884 alpha=-0.146 beta=+0.106 | loss 3.4857 (delta +0.6004) size 450.3 MB sparsity 22.7%
gen 14 offspring [78/100] k= 34 (used  34.0) c=0.922 alpha=-0.059 beta=+0.008 | loss 2.9740 (delta +0.0886) size 541.4 MB sparsity 10.7%
gen 14 offspring [79/100] k= 15 (used  15.0) c=0.985 alpha=-0.090 beta=+0.479 | loss 3.9480 (delta +1.0626) size 438.8 MB sparsity 32.3%
gen 14 offspring [80/100] k= 17 (used  17.0) c=0.986 alpha=-0.196 beta=+0.446 | loss 3.6521 (delta +0.7668) size 443.7 MB sparsity 29.6%
gen 14 offspring [81/100] k= 18 (used  17.0) c=0.997 alpha=-0.085 beta=+0.361 | loss 3.5181 (delta +0.6328) size 448.8 MB sparsity 26.7%
gen 14 offspring [82/100] k= 32 (used  31.0) c=0.974 alpha=-0.200 beta=+0.369 | loss 3.2115 (delta +0.3262) size 487.5 MB sparsity 24.1%
gen 14 offspring [83/100] k= 46 (used  45.0) c=0.998 alpha=-0.037 beta=+0.005 | loss 2.9347 (delta +0.0493) size 541.4 MB sparsity 8.5%
gen 14 offspring [84/100] k= 16 (used  16.0) c=0.871 alpha=-0.051 beta=+0.311 | loss 3.5103 (delta +0.6249) size 449.7 MB sparsity 25.0%
gen 14 offspring [85/100] k= 16 (used  15.0) c=0.978 alpha=-0.163 beta=+0.466 | loss 3.9046 (delta +1.0192) size 439.8 MB sparsity 31.8%
gen 14 offspring [86/100] k= 22 (used  21.0) c=0.977 alpha=-0.497 beta=+0.120 | loss 16.5600 (delta +13.6746) size 476.5 MB sparsity 29.0%
gen 14 offspring [87/100] k= 64 (used  63.6) c=0.982 alpha=-0.113 beta=+0.445 | loss 3.2890 (delta +0.4036) size 524.3 MB sparsity 23.0%
gen 14 offspring [88/100] k= 39 (used  39.0) c=1.000 alpha=-0.036 beta=+0.102 | loss 2.9542 (delta +0.0689) size 541.4 MB sparsity 10.1%
gen 14 offspring [89/100] k= 17 (used  17.0) c=0.852 alpha=-0.310 beta=+0.434 | loss 3.7646 (delta +0.8792) size 440.6 MB sparsity 31.4%
gen 14 offspring [90/100] k= 15 (used  15.0) c=0.926 alpha=-0.036 beta=+0.109 | loss 3.5485 (delta +0.6631) size 449.7 MB sparsity 23.7%
gen 14 offspring [91/100] k= 32 (used  32.0) c=0.908 alpha=-0.198 beta=+0.203 | loss 3.0485 (delta +0.1631) size 496.6 MB sparsity 17.5%
gen 14 offspring [92/100] k= 16 (used  16.0) c=0.860 alpha=-0.208 beta=+0.131 | loss 3.4352 (delta +0.5498) size 450.6 MB sparsity 22.3%
gen 14 offspring [93/100] k= 32 (used  31.0) c=0.983 alpha=-0.117 beta=+0.276 | loss 3.0667 (delta +0.1814) size 496.3 MB sparsity 17.9%
gen 14 offspring [94/100] k= 42 (used  41.0) c=0.993 alpha=-0.094 beta=+0.016 | loss 2.9406 (delta +0.0553) size 541.4 MB sparsity 9.5%
gen 14 offspring [95/100] k= 34 (used  33.0) c=0.986 alpha=-0.389 beta=+0.005 | loss 3.1819 (delta +0.2965) size 492.7 MB sparsity 21.8%
gen 14 offspring [96/100] k= 16 (used  16.0) c=0.874 alpha=-0.058 beta=+0.450 | loss 3.6859 (delta +0.8006) size 443.3 MB sparsity 29.9%
gen 14 offspring [97/100] k= 31 (used  31.0) c=0.952 alpha=-0.134 beta=+0.012 | loss 2.9864 (delta +0.1010) size 496.7 MB sparsity 12.4%
gen 14 offspring [98/100] k= 34 (used  33.0) c=0.983 alpha=-0.387 beta=+0.100 | loss 3.1779 (delta +0.2925) size 492.9 MB sparsity 21.7%
gen 14 offspring [99/100] k= 18 (used  17.0) c=0.987 alpha=-0.011 beta=+0.478 | loss 3.9580 (delta +1.0726) size 441.7 MB sparsity 30.7%
gen 14 offspring [100/100] k= 39 (used  39.0) c=0.998 alpha=-0.031 beta=+0.007 | loss 2.9529 (delta +0.0676) size 541.4 MB sparsity 9.8%
=== generation 14/50 done in 447s (0 reused), batch baseline 2.8854, HV 0.19162, front 100 points, 100/100 feasible, best delta loss +0.0033, smallest 438.0 MB
gen 15 offspring [1/100] k= 16 (used  16.0) c=0.857 alpha=-0.191 beta=+0.113 | loss 3.4217 (delta +0.5363) size 450.6 MB sparsity 22.1%
gen 15 offspring [2/100] k= 34 (used  34.0) c=0.953 alpha=-0.053 beta=+0.002 | loss 2.9712 (delta +0.0858) size 541.4 MB sparsity 11.1%
gen 15 offspring [3/100] k= 33 (used  33.0) c=0.960 alpha=-0.105 beta=+0.001 | loss 2.9708 (delta +0.0855) size 516.3 MB sparsity 11.2%
gen 15 offspring [4/100] k= 17 (used  17.0) c=0.858 alpha=-0.091 beta=+0.380 | loss 3.4739 (delta +0.5886) size 450.6 MB sparsity 25.7%
gen 15 offspring [5/100] k= 31 (used  31.0) c=0.924 alpha=-0.201 beta=+0.009 | loss 2.9997 (delta +0.1143) size 496.7 MB sparsity 14.5%
gen 15 offspring [6/100] k= 16 (used  15.0) c=0.997 alpha=-0.001 beta=+0.451 | loss 3.8675 (delta +0.9822) size 440.2 MB sparsity 31.5%
gen 15 offspring [7/100] k= 34 (used  34.0) c=0.896 alpha=-0.335 beta=+0.029 | loss 3.1133 (delta +0.2279) size 534.7 MB sparsity 19.2%
gen 15 offspring [8/100] k= 78 (used  78.0) c=0.926 alpha=-0.047 beta=+0.099 | loss 2.9061 (delta +0.0207) size 586.1 MB sparsity 6.7%
gen 15 offspring [9/100] k= 23 (used  23.0) c=0.867 alpha=-0.091 beta=+0.412 | loss 3.3578 (delta +0.4725) size 487.1 MB sparsity 24.3%
gen 15 offspring [10/100] k=125 (used 125.0) c=0.998 alpha=-0.119 beta=+0.005 | loss 2.9009 (delta +0.0156) size 586.1 MB sparsity 6.6%
gen 15 offspring [11/100] k= 20 (used  20.0) c=0.848 alpha=-0.062 beta=+0.300 | loss 3.2671 (delta +0.3817) size 492.8 MB sparsity 21.6%
gen 15 offspring [12/100] k= 16 (used  15.0) c=0.975 alpha=-0.364 beta=+0.200 | loss 3.8416 (delta +0.9562) size 446.0 MB sparsity 28.3%
gen 15 offspring [13/100] k= 32 (used  32.0) c=0.870 alpha=-0.233 beta=+0.369 | loss 3.2696 (delta +0.3843) size 484.9 MB sparsity 25.3%
gen 15 offspring [14/100] k= 30 (used  29.0) c=0.989 alpha=-0.002 beta=+0.283 | loss 3.0898 (delta +0.2044) size 496.0 MB sparsity 18.6%
gen 15 offspring [15/100] k= 17 (used  17.0) c=0.852 alpha=-0.346 beta=+0.430 | loss 3.8483 (delta +0.9629) size 438.5 MB sparsity 32.5%
gen 15 offspring [16/100] k=209 (used 208.7) c=1.000 alpha=-0.029 beta=+0.131 | loss 2.8993 (delta +0.0140) size 630.9 MB sparsity 6.9%
gen 15 offspring [17/100] k= 34 (used  33.0) c=0.980 alpha=-0.089 beta=+0.428 | loss 3.2820 (delta +0.3966) size 489.5 MB sparsity 23.2%
gen 15 offspring [18/100] k= 33 (used  33.0) c=0.997 alpha=-0.087 beta=+0.361 | loss 3.1446 (delta +0.2593) size 495.0 MB sparsity 20.8%
gen 15 offspring [19/100] k= 68 (used  67.0) c=0.999 alpha=-0.072 beta=+0.119 | loss 2.9195 (delta +0.0341) size 586.1 MB sparsity 8.5%
gen 15 offspring [20/100] k= 26 (used  26.0) c=0.867 alpha=-0.089 beta=+0.322 | loss 3.1609 (delta +0.2756) size 494.9 MB sparsity 20.2%
gen 15 offspring [21/100] k= 23 (used  23.0) c=0.993 alpha=-0.085 beta=+0.370 | loss 3.3052 (delta +0.4198) size 488.3 MB sparsity 23.8%
gen 15 offspring [22/100] k= 13 (used  13.0) c=0.984 alpha=-0.200 beta=+0.370 | loss 4.3050 (delta +1.4197) size 441.3 MB sparsity 30.9%
gen 15 offspring [23/100] k= 32 (used  32.0) c=0.950 alpha=-0.062 beta=+0.122 | loss 2.9835 (delta +0.0981) size 496.7 MB sparsity 12.0%
gen 15 offspring [24/100] k= 73 (used  73.0) c=0.990 alpha=-0.053 beta=+0.122 | loss 2.9084 (delta +0.0231) size 586.1 MB sparsity 8.0%
gen 15 offspring [25/100] k= 17 (used  17.0) c=0.997 alpha=-0.204 beta=+0.499 | loss 12.4973 (delta +9.6119) size 440.1 MB sparsity 31.6%
gen 15 offspring [26/100] k= 17 (used  17.0) c=0.848 alpha=-0.069 beta=+0.460 | loss 3.6574 (delta +0.7720) size 445.6 MB sparsity 28.5%
gen 15 offspring [27/100] k= 33 (used  33.0) c=0.882 alpha=-0.384 beta=+0.201 | loss 3.3078 (delta +0.4225) size 486.6 MB sparsity 24.5%
gen 15 offspring [28/100] k= 23 (used  23.0) c=0.949 alpha=-0.116 beta=+0.128 | loss 3.0849 (delta +0.1995) size 496.2 MB sparsity 15.9%
gen 15 offspring [29/100] k= 16 (used  16.0) c=0.889 alpha=-0.094 beta=+0.122 | loss 3.4924 (delta +0.6070) size 450.3 MB sparsity 22.9%
gen 15 offspring [30/100] k= 30 (used  30.0) c=0.852 alpha=-0.388 beta=+0.145 | loss 3.2035 (delta +0.3181) size 490.6 MB sparsity 22.7%
gen 15 offspring [31/100] k= 30 (used  29.0) c=1.000 alpha=-0.032 beta=+0.010 | loss 3.0297 (delta +0.1444) size 496.7 MB sparsity 13.2%
gen 15 offspring [32/100] k= 17 (used  17.0) c=0.996 alpha=-0.206 beta=+0.105 | loss 3.4343 (delta +0.5489) size 456.4 MB sparsity 22.5%
gen 15 offspring [33/100] k= 33 (used  33.0) c=0.986 alpha=-0.392 beta=+0.221 | loss 3.2952 (delta +0.4099) size 483.9 MB sparsity 25.7%
gen 15 offspring [34/100] k= 40 (used  39.0) c=0.986 alpha=-0.038 beta=+0.014 | loss 2.9497 (delta +0.0644) size 541.4 MB sparsity 9.7%
gen 15 offspring [35/100] k= 28 (used  27.0) c=0.997 alpha=-0.056 beta=+0.122 | loss 3.0383 (delta +0.1530) size 496.6 MB sparsity 14.2%
gen 15 offspring [36/100] k= 32 (used  31.0) c=0.996 alpha=-0.117 beta=+0.312 | loss 3.1124 (delta +0.2271) size 495.7 MB sparsity 19.4%
gen 15 offspring [37/100] k= 27 (used  27.0) c=0.976 alpha=-0.086 beta=+0.125 | loss 3.0455 (delta +0.1601) size 496.6 MB sparsity 13.9%
gen 15 offspring [38/100] k= 40 (used  39.0) c=0.997 alpha=-0.094 beta=+0.038 | loss 2.9535 (delta +0.0682) size 541.4 MB sparsity 9.9%
gen 15 offspring [39/100] k= 18 (used  18.0) c=0.859 alpha=-0.056 beta=+0.370 | loss 3.4355 (delta +0.5502) size 484.6 MB sparsity 25.4%
gen 15 offspring [40/100] k= 17 (used  17.0) c=0.832 alpha=-0.198 beta=+0.442 | loss 3.5770 (delta +0.6917) size 446.5 MB sparsity 28.1%
gen 15 offspring [41/100] k= 17 (used  17.0) c=0.994 alpha=-0.220 beta=+0.445 | loss 3.6505 (delta +0.7651) size 443.2 MB sparsity 29.9%
gen 15 offspring [42/100] k= 18 (used  17.0) c=0.980 alpha=-0.062 beta=+0.127 | loss 3.4017 (delta +0.5164) size 457.1 MB sparsity 22.1%
gen 15 offspring [43/100] k= 33 (used  33.0) c=0.974 alpha=-0.098 beta=+0.002 | loss 2.9725 (delta +0.0871) size 516.0 MB sparsity 11.3%
gen 15 offspring [44/100] k= 17 (used  17.0) c=0.978 alpha=-0.096 beta=+0.441 | loss 3.6255 (delta +0.7401) size 444.2 MB sparsity 29.3%
gen 15 offspring [45/100] k= 32 (used  32.0) c=0.914 alpha=-0.204 beta=+0.312 | loss 3.1399 (delta +0.2545) size 492.2 MB sparsity 22.0%
gen 15 offspring [46/100] k= 16 (used  15.0) c=0.981 alpha=-0.132 beta=+0.039 | loss 3.6577 (delta +0.7723) size 448.8 MB sparsity 25.0%
gen 15 offspring [47/100] k= 17 (used  17.0) c=0.992 alpha=-0.190 beta=+0.474 | loss 3.7669 (delta +0.8816) size 441.9 MB sparsity 30.6%
gen 15 offspring [48/100] k= 17 (used  17.0) c=0.983 alpha=-0.054 beta=+0.451 | loss 3.6721 (delta +0.7868) size 443.5 MB sparsity 29.7%
gen 15 offspring [49/100] k= 17 (used  17.0) c=0.902 alpha=-0.160 beta=+0.109 | loss 3.3462 (delta +0.4609) size 460.1 MB sparsity 20.5%
gen 15 offspring [50/100] k= 22 (used  21.0) c=0.980 alpha=-0.389 beta=+0.005 | loss 3.4556 (delta +0.5702) size 485.0 MB sparsity 25.2%
gen 15 offspring [51/100] k= 14 (used  13.0) c=0.948 alpha=-0.035 beta=+0.063 | loss 4.0160 (delta +1.1306) size 446.0 MB sparsity 27.9%
gen 15 offspring [52/100] k= 42 (used  41.0) c=0.993 alpha=-0.094 beta=+0.088 | loss 2.9405 (delta +0.0551) size 541.4 MB sparsity 9.5%
gen 15 offspring [53/100] k= 27 (used  27.0) c=0.981 alpha=-0.384 beta=+0.199 | loss 3.3208 (delta +0.4355) size 485.7 MB sparsity 24.9%
gen 15 offspring [54/100] k= 16 (used  16.0) c=0.861 alpha=-0.110 beta=+0.335 | loss 3.5045 (delta +0.6192) size 449.3 MB sparsity 25.7%
gen 15 offspring [55/100] k= 17 (used  17.0) c=0.966 alpha=-0.201 beta=+0.439 | loss 3.6298 (delta +0.7445) size 444.4 MB sparsity 29.2%
gen 15 offspring [56/100] k= 32 (used  31.0) c=0.995 alpha=-0.124 beta=+0.151 | loss 2.9986 (delta +0.1133) size 496.7 MB sparsity 13.5%
gen 15 offspring [57/100] k= 16 (used  16.0) c=0.914 alpha=-0.311 beta=+0.408 | loss 3.8607 (delta +0.9753) size 440.9 MB sparsity 31.1%
gen 15 offspring [58/100] k= 34 (used  33.0) c=0.976 alpha=-0.105 beta=+0.008 | loss 2.9732 (delta +0.0878) size 515.9 MB sparsity 11.4%
gen 15 offspring [59/100] k= 17 (used  17.0) c=0.975 alpha=-0.102 beta=+0.127 | loss 3.3939 (delta +0.5085) size 457.3 MB sparsity 22.0%
gen 15 offspring [60/100] k= 17 (used  17.0) c=0.997 alpha=-0.132 beta=+0.362 | loss 3.5138 (delta +0.6285) size 448.7 MB sparsity 26.8%
gen 15 offspring [61/100] k= 15 (used  15.0) c=0.884 alpha=-0.124 beta=+0.174 | loss 3.5044 (delta +0.6191) size 450.3 MB sparsity 22.7%
gen 15 offspring [62/100] k= 33 (used  33.0) c=0.974 alpha=-0.057 beta=+0.001 | loss 2.9727 (delta +0.0873) size 516.1 MB sparsity 11.3%
gen 15 offspring [63/100] k= 16 (used  16.0) c=0.861 alpha=-0.071 beta=+0.363 | loss 3.5256 (delta +0.6403) size 448.5 MB sparsity 26.6%
gen 15 offspring [64/100] k= 33 (used  33.0) c=0.965 alpha=-0.041 beta=+0.407 | loss 3.2337 (delta +0.3483) size 491.5 MB sparsity 22.3%
gen 15 offspring [65/100] k= 17 (used  17.0) c=0.854 alpha=-0.070 beta=+0.222 | loss 3.2842 (delta +0.3989) size 460.4 MB sparsity 20.3%
gen 15 offspring [66/100] k= 17 (used  17.0) c=0.875 alpha=-0.091 beta=+0.336 | loss 3.4292 (delta +0.5439) size 453.1 MB sparsity 24.4%
gen 15 offspring [67/100] k= 30 (used  29.0) c=0.996 alpha=-0.063 beta=+0.163 | loss 3.0266 (delta +0.1413) size 496.7 MB sparsity 14.2%
gen 15 offspring [68/100] k= 24 (used  23.0) c=0.989 alpha=-0.163 beta=+0.225 | loss 3.1643 (delta +0.2789) size 495.5 MB sparsity 18.6%
gen 15 offspring [69/100] k= 17 (used  17.0) c=0.973 alpha=-0.062 beta=+0.208 | loss 3.3887 (delta +0.5034) size 457.2 MB sparsity 22.1%
gen 15 offspring [70/100] k= 33 (used  33.0) c=0.974 alpha=-0.200 beta=+0.369 | loss 3.1855 (delta +0.3002) size 487.7 MB sparsity 24.0%
gen 15 offspring [71/100] k= 16 (used  16.0) c=0.888 alpha=-0.171 beta=+0.115 | loss 3.4723 (delta +0.5870) size 450.3 MB sparsity 22.8%
gen 15 offspring [72/100] k= 17 (used  17.0) c=0.999 alpha=-0.208 beta=+0.414 | loss 3.5977 (delta +0.7123) size 445.4 MB sparsity 28.7%
gen 15 offspring [73/100] k= 15 (used  15.0) c=0.874 alpha=-0.091 beta=+0.336 | loss 3.5396 (delta +0.6542) size 449.1 MB sparsity 25.9%
gen 15 offspring [74/100] k=187 (used 184.2) c=0.908 alpha=-0.321 beta=+0.203 | loss 3.1159 (delta +0.2306) size 597.2 MB sparsity 21.9%
gen 15 offspring [75/100] k= 36 (used  35.0) c=0.987 alpha=-0.378 beta=+0.455 | loss 3.6625 (delta +0.7772) size 494.6 MB sparsity 34.1%
gen 15 offspring [76/100] k= 17 (used  17.0) c=0.975 alpha=-0.062 beta=+0.408 | loss 3.5797 (delta +0.6944) size 446.3 MB sparsity 28.1%
gen 15 offspring [77/100] k=125 (used 125.0) c=0.993 alpha=-0.042 beta=+0.005 | loss 2.8913 (delta +0.0060) size 586.1 MB sparsity 3.4%
gen 15 offspring [78/100] k= 35 (used  35.0) c=0.954 alpha=-0.105 beta=+0.005 | loss 2.9686 (delta +0.0833) size 541.4 MB sparsity 10.6%
gen 15 offspring [79/100] k= 31 (used  31.0) c=0.921 alpha=-0.104 beta=+0.011 | loss 2.9771 (delta +0.0917) size 496.7 MB sparsity 11.5%
gen 15 offspring [80/100] k= 17 (used  17.0) c=0.852 alpha=-0.310 beta=+0.434 | loss 3.7679 (delta +0.8825) size 440.6 MB sparsity 31.4%
gen 15 offspring [81/100] k= 15 (used  15.0) c=0.836 alpha=-0.328 beta=+0.320 | loss 3.7775 (delta +0.8922) size 446.0 MB sparsity 28.3%
gen 15 offspring [82/100] k= 17 (used  17.0) c=0.848 alpha=-0.027 beta=+0.300 | loss 3.3335 (delta +0.4481) size 456.0 MB sparsity 22.7%
gen 15 offspring [83/100] k= 16 (used  15.0) c=0.989 alpha=-0.191 beta=+0.476 | loss 3.9464 (delta +1.0611) size 438.9 MB sparsity 32.3%
gen 15 offspring [84/100] k= 16 (used  16.0) c=0.852 alpha=-0.347 beta=+0.448 | loss 3.9247 (delta +1.0393) size 436.7 MB sparsity 33.5%
gen 15 offspring [85/100] k= 32 (used  32.0) c=0.914 alpha=-0.009 beta=+0.299 | loss 3.0652 (delta +0.1798) size 496.3 MB sparsity 18.2%
gen 15 offspring [86/100] k= 17 (used  17.0) c=0.850 alpha=-0.070 beta=+0.019 | loss 3.2767 (delta +0.3913) size 462.0 MB sparsity 19.3%
gen 15 offspring [87/100] k=209 (used 209.0) c=1.000 alpha=-0.029 beta=+0.010 | loss 2.8886 (delta +0.0033) size 630.9 MB sparsity 2.2%
gen 15 offspring [88/100] k= 17 (used  17.0) c=0.974 alpha=-0.034 beta=+0.134 | loss 3.3932 (delta +0.5078) size 457.3 MB sparsity 22.0%
gen 15 offspring [89/100] k= 16 (used  16.0) c=0.872 alpha=-0.100 beta=+0.335 | loss 3.5177 (delta +0.6323) size 449.1 MB sparsity 25.8%
gen 15 offspring [90/100] k= 18 (used  17.0) c=0.986 alpha=-0.041 beta=+0.359 | loss 3.5045 (delta +0.6192) size 449.2 MB sparsity 26.5%
gen 15 offspring [91/100] k= 33 (used  33.0) c=0.981 alpha=-0.411 beta=+0.200 | loss 3.3119 (delta +0.4266) size 484.2 MB sparsity 25.6%
gen 15 offspring [92/100] k= 24 (used  24.0) c=0.914 alpha=-0.001 beta=+0.299 | loss 3.1760 (delta +0.2906) size 494.5 MB sparsity 20.4%
gen 15 offspring [93/100] k= 20 (used  19.0) c=0.996 alpha=-0.169 beta=+0.047 | loss 3.2881 (delta +0.4028) size 493.3 MB sparsity 20.1%
gen 15 offspring [94/100] k= 31 (used  31.0) c=0.920 alpha=-0.059 beta=+0.230 | loss 3.0196 (delta +0.1342) size 496.7 MB sparsity 15.6%
gen 15 offspring [95/100] k= 23 (used  23.0) c=0.953 alpha=-0.116 beta=+0.427 | loss 3.3814 (delta +0.4961) size 484.3 MB sparsity 25.5%
gen 15 offspring [96/100] k= 17 (used  17.0) c=0.997 alpha=-0.220 beta=+0.445 | loss 3.6601 (delta +0.7747) size 443.2 MB sparsity 29.9%
gen 15 offspring [97/100] k= 17 (used  17.0) c=0.997 alpha=-0.105 beta=+0.346 | loss 3.4995 (delta +0.6141) size 449.7 MB sparsity 26.2%
gen 15 offspring [98/100] k= 33 (used  33.0) c=0.975 alpha=-0.384 beta=+0.208 | loss 3.2484 (delta +0.3631) size 485.7 MB sparsity 24.9%
gen 15 offspring [99/100] k= 15 (used  15.0) c=0.867 alpha=-0.094 beta=+0.384 | loss 3.5848 (delta +0.6994) size 447.4 MB sparsity 27.5%
gen 15 offspring [100/100] k=125 (used 125.0) c=0.886 alpha=-0.057 beta=+0.005 | loss 2.9071 (delta +0.0217) size 586.1 MB sparsity 3.8%
=== generation 15/50 done in 447s (0 reused), batch baseline 2.8854, HV 0.19208, front 100 points, 100/100 feasible, best delta loss +0.0033, smallest 438.0 MB
gen 16 offspring [1/100] k= 17 (used  17.0) c=0.833 alpha=-0.085 beta=+0.141 | loss 3.2903 (delta +0.4049) size 462.7 MB sparsity 19.0%
gen 16 offspring [2/100] k= 16 (used  16.0) c=0.888 alpha=-0.108 beta=+0.090 | loss 3.4699 (delta +0.5845) size 450.3 MB sparsity 22.8%
gen 16 offspring [3/100] k= 29 (used  29.0) c=0.843 alpha=-0.384 beta=+0.200 | loss 3.2803 (delta +0.3950) size 486.5 MB sparsity 24.6%
gen 16 offspring [4/100] k= 17 (used  17.0) c=1.000 alpha=-0.316 beta=+0.484 | loss 3.9343 (delta +1.0489) size 436.2 MB sparsity 33.8%
gen 16 offspring [5/100] k= 15 (used  15.0) c=0.977 alpha=-0.198 beta=+0.161 | loss 3.6464 (delta +0.7610) size 448.9 MB sparsity 24.9%
gen 16 offspring [6/100] k= 15 (used  15.0) c=0.936 alpha=-0.190 beta=+0.504 | loss 15.0042 (delta +12.1188) size 438.4 MB sparsity 32.5%
gen 16 offspring [7/100] k= 17 (used  17.0) c=0.969 alpha=-0.161 beta=+0.461 | loss 3.6695 (delta +0.7842) size 443.2 MB sparsity 29.9%
gen 16 offspring [8/100] k= 63 (used  63.0) c=0.991 alpha=-0.104 beta=+0.000 | loss 2.9254 (delta +0.0400) size 541.4 MB sparsity 7.6%
gen 16 offspring [9/100] k= 16 (used  16.0) c=0.856 alpha=-0.213 beta=+0.131 | loss 3.4109 (delta +0.5255) size 450.6 MB sparsity 22.2%
gen 16 offspring [10/100] k= 32 (used  32.0) c=0.870 alpha=-0.233 beta=+0.259 | loss 3.1634 (delta +0.2781) size 494.5 MB sparsity 21.0%
gen 16 offspring [11/100] k= 28 (used  27.0) c=1.000 alpha=-0.103 beta=+0.231 | loss 3.0808 (delta +0.1954) size 496.3 MB sparsity 17.3%
gen 16 offspring [12/100] k= 16 (used  16.0) c=0.861 alpha=-0.037 beta=+0.335 | loss 3.5037 (delta +0.6183) size 449.3 MB sparsity 25.7%
gen 16 offspring [13/100] k= 33 (used  33.0) c=0.863 alpha=-0.132 beta=+0.066 | loss 2.9831 (delta +0.0977) size 516.5 MB sparsity 11.1%
gen 16 offspring [14/100] k= 31 (used  31.0) c=0.852 alpha=-0.347 beta=+0.425 | loss 3.5375 (delta +0.6521) size 470.3 MB sparsity 31.8%
gen 16 offspring [15/100] k= 17 (used  17.0) c=0.975 alpha=-0.089 beta=+0.422 | loss 3.6014 (delta +0.7160) size 445.5 MB sparsity 28.6%
gen 16 offspring [16/100] k= 32 (used  31.0) c=0.990 alpha=-0.092 beta=+0.312 | loss 3.1065 (delta +0.2211) size 495.8 MB sparsity 19.2%
gen 16 offspring [17/100] k= 73 (used  73.0) c=0.998 alpha=-0.073 beta=+0.078 | loss 2.9040 (delta +0.0187) size 586.1 MB sparsity 6.9%
gen 16 offspring [18/100] k= 17 (used  17.0) c=0.859 alpha=-0.041 beta=+0.203 | loss 3.2895 (delta +0.4041) size 461.1 MB sparsity 19.9%
gen 16 offspring [19/100] k= 17 (used  17.0) c=0.849 alpha=-0.070 beta=+0.367 | loss 3.4272 (delta +0.5418) size 451.7 MB sparsity 25.2%
gen 16 offspring [20/100] k= 31 (used  31.0) c=0.821 alpha=-0.055 beta=+0.008 | loss 3.0009 (delta +0.1155) size 496.7 MB sparsity 10.2%
gen 16 offspring [21/100] k=126 (used 125.0) c=0.993 alpha=-0.100 beta=+0.005 | loss 2.8960 (delta +0.0107) size 586.1 MB sparsity 5.8%
gen 16 offspring [22/100] k= 63 (used  63.0) c=0.956 alpha=-0.061 beta=+0.063 | loss 2.9162 (delta +0.0308) size 541.4 MB sparsity 6.2%
gen 16 offspring [23/100] k= 17 (used  17.0) c=0.835 alpha=-0.096 beta=+0.447 | loss 3.6077 (delta +0.7224) size 446.8 MB sparsity 27.9%
gen 16 offspring [24/100] k= 33 (used  33.0) c=0.967 alpha=-0.369 beta=+0.207 | loss 3.2322 (delta +0.3469) size 487.0 MB sparsity 24.3%
gen 16 offspring [25/100] k= 16 (used  16.0) c=0.874 alpha=-0.165 beta=+0.125 | loss 3.4502 (delta +0.5649) size 450.5 MB sparsity 22.5%
gen 16 offspring [26/100] k= 32 (used  32.0) c=0.852 alpha=-0.304 beta=+0.434 | loss 3.4653 (delta +0.5799) size 473.3 MB sparsity 30.5%
gen 16 offspring [27/100] k= 17 (used  17.0) c=0.835 alpha=-0.289 beta=+0.430 | loss 3.7034 (delta +0.8181) size 442.2 MB sparsity 30.5%
gen 16 offspring [28/100] k= 17 (used  17.0) c=0.848 alpha=-0.027 beta=+0.304 | loss 3.3447 (delta +0.4594) size 455.7 MB sparsity 22.9%
gen 16 offspring [29/100] k= 17 (used  17.0) c=0.914 alpha=-0.091 beta=+0.335 | loss 3.4540 (delta +0.5687) size 452.3 MB sparsity 24.8%
gen 16 offspring [30/100] k= 31 (used  31.0) c=0.926 alpha=-0.025 beta=+0.005 | loss 2.9768 (delta +0.0915) size 496.7 MB sparsity 11.5%
gen 16 offspring [31/100] k= 17 (used  17.0) c=0.867 alpha=-0.107 beta=+0.336 | loss 3.4045 (delta +0.5192) size 453.2 MB sparsity 24.3%
gen 16 offspring [32/100] k= 17 (used  17.0) c=0.998 alpha=-0.131 beta=+0.352 | loss 3.5060 (delta +0.6207) size 449.4 MB sparsity 26.4%
gen 16 offspring [33/100] k= 16 (used  16.0) c=0.858 alpha=-0.036 beta=+0.379 | loss 3.5654 (delta +0.6801) size 447.8 MB sparsity 27.2%
gen 16 offspring [34/100] k= 16 (used  16.0) c=0.850 alpha=-0.071 beta=+0.124 | loss 3.4079 (delta +0.5225) size 450.7 MB sparsity 21.9%
gen 16 offspring [35/100] k= 16 (used  16.0) c=0.848 alpha=-0.071 beta=+0.366 | loss 3.5068 (delta +0.6215) size 448.5 MB sparsity 26.6%
gen 16 offspring [36/100] k= 16 (used  16.0) c=0.851 alpha=-0.347 beta=+0.419 | loss 3.8416 (delta +0.9563) size 438.5 MB sparsity 32.5%
gen 16 offspring [37/100] k= 21 (used  21.0) c=0.861 alpha=-0.197 beta=+0.478 | loss 3.5512 (delta +0.6658) size 477.6 MB sparsity 28.5%
gen 16 offspring [38/100] k= 35 (used  35.0) c=0.954 alpha=-0.105 beta=+0.191 | loss 3.0004 (delta +0.1151) size 541.3 MB sparsity 13.7%
gen 16 offspring [39/100] k=163 (used 163.0) c=0.983 alpha=-0.042 beta=+0.043 | loss 2.8904 (delta +0.0051) size 630.9 MB sparsity 3.8%
gen 16 offspring [40/100] k= 28 (used  27.0) c=1.000 alpha=-0.087 beta=+0.198 | loss 3.0623 (delta +0.1769) size 496.5 MB sparsity 16.0%
gen 16 offspring [41/100] k= 64 (used  63.0) c=0.993 alpha=-0.093 beta=+0.123 | loss 2.9327 (delta +0.0474) size 541.4 MB sparsity 9.5%
gen 16 offspring [42/100] k= 16 (used  16.0) c=0.837 alpha=-0.215 beta=+0.203 | loss 3.4270 (delta +0.5417) size 450.8 MB sparsity 22.0%
gen 16 offspring [43/100] k= 33 (used  33.0) c=0.944 alpha=-0.203 beta=+0.437 | loss 3.3007 (delta +0.4154) size 481.8 MB sparsity 26.7%
gen 16 offspring [44/100] k= 16 (used  15.0) c=0.975 alpha=-0.131 beta=+0.019 | loss 3.6567 (delta +0.7714) size 448.9 MB sparsity 24.9%
gen 16 offspring [45/100] k= 72 (used  70.7) c=0.997 alpha=-0.388 beta=+0.122 | loss 3.1604 (delta +0.2751) size 564.4 MB sparsity 21.2%
gen 16 offspring [46/100] k= 17 (used  17.0) c=0.999 alpha=-0.036 beta=+0.465 | loss 3.7023 (delta +0.8170) size 442.3 MB sparsity 30.4%
gen 16 offspring [47/100] k= 17 (used  17.0) c=0.975 alpha=-0.089 beta=+0.468 | loss 3.6987 (delta +0.8134) size 442.6 MB sparsity 30.2%
gen 16 offspring [48/100] k= 21 (used  21.0) c=0.885 alpha=-0.171 beta=+0.108 | loss 3.1136 (delta +0.2283) size 496.0 MB sparsity 16.6%
gen 16 offspring [49/100] k= 18 (used  17.0) c=0.989 alpha=-0.309 beta=+0.434 | loss 3.7730 (delta +0.8876) size 439.8 MB sparsity 31.8%
gen 16 offspring [50/100] k= 38 (used  38.0) c=0.846 alpha=-0.037 beta=+0.094 | loss 2.9577 (delta +0.0724) size 541.4 MB sparsity 9.1%
gen 16 offspring [51/100] k= 33 (used  33.0) c=0.888 alpha=-0.075 beta=+0.368 | loss 3.1826 (delta +0.2972) size 495.8 MB sparsity 20.4%
gen 16 offspring [52/100] k= 17 (used  17.0) c=0.992 alpha=-0.017 beta=+0.063 | loss 3.4132 (delta +0.5278) size 456.7 MB sparsity 22.3%
gen 16 offspring [53/100] k= 28 (used  28.0) c=0.914 alpha=-0.204 beta=+0.292 | loss 3.1737 (delta +0.2884) size 493.5 MB sparsity 21.4%
gen 16 offspring [54/100] k= 13 (used  13.0) c=0.975 alpha=-0.062 beta=+0.408 | loss 4.1591 (delta +1.2737) size 439.5 MB sparsity 32.0%
gen 16 offspring [55/100] k= 20 (used  19.0) c=0.960 alpha=-0.122 beta=+0.045 | loss 3.2406 (delta +0.3553) size 493.9 MB sparsity 19.4%
gen 16 offspring [56/100] k= 33 (used  33.0) c=0.979 alpha=-0.490 beta=+0.208 | loss 3.5841 (delta +0.6988) size 477.0 MB sparsity 28.8%
gen 16 offspring [57/100] k= 22 (used  22.0) c=0.859 alpha=-0.058 beta=+0.369 | loss 3.2869 (delta +0.4015) size 489.3 MB sparsity 23.3%
gen 16 offspring [58/100] k=235 (used 235.0) c=0.996 alpha=-0.029 beta=+0.012 | loss 2.8874 (delta +0.0020) size 630.9 MB sparsity 2.1%
gen 16 offspring [59/100] k= 14 (used  13.0) c=0.974 alpha=-0.131 beta=+0.243 | loss 4.0054 (delta +1.1200) size 445.1 MB sparsity 28.6%
gen 16 offspring [60/100] k= 23 (used  23.0) c=0.848 alpha=-0.092 beta=+0.300 | loss 3.1821 (delta +0.2968) size 495.1 MB sparsity 19.9%
gen 16 offspring [61/100] k= 16 (used  16.0) c=0.914 alpha=-0.198 beta=+0.300 | loss 3.5698 (delta +0.6844) size 449.3 MB sparsity 25.3%
gen 16 offspring [62/100] k= 17 (used  17.0) c=0.997 alpha=-0.220 beta=+0.469 | loss 3.7088 (delta +0.8234) size 441.7 MB sparsity 30.7%
gen 16 offspring [63/100] k= 17 (used  17.0) c=0.861 alpha=-0.116 beta=+0.336 | loss 3.3877 (delta +0.5024) size 453.4 MB sparsity 24.2%
gen 16 offspring [64/100] k= 30 (used  30.0) c=0.929 alpha=-0.383 beta=+0.122 | loss 3.2254 (delta +0.3400) size 491.8 MB sparsity 22.2%
gen 16 offspring [65/100] k= 15 (used  15.0) c=0.980 alpha=-0.215 beta=+0.409 | loss 3.7965 (delta +0.9111) size 443.2 MB sparsity 29.9%
gen 16 offspring [66/100] k= 17 (used  17.0) c=0.862 alpha=-0.092 beta=+0.225 | loss 3.2864 (delta +0.4010) size 460.0 MB sparsity 20.5%
gen 16 offspring [67/100] k= 17 (used  17.0) c=0.915 alpha=-0.201 beta=+0.442 | loss 3.6116 (delta +0.7263) size 445.1 MB sparsity 28.8%
gen 16 offspring [68/100] k= 25 (used  25.0) c=0.987 alpha=-0.040 beta=+0.002 | loss 3.0656 (delta +0.1802) size 496.4 MB sparsity 15.2%
gen 16 offspring [69/100] k= 17 (used  17.0) c=0.997 alpha=-0.322 beta=+0.353 | loss 3.6737 (delta +0.7884) size 444.0 MB sparsity 29.4%
gen 16 offspring [70/100] k= 12 (used  11.0) c=0.986 alpha=-0.214 beta=+0.279 | loss 5.0018 (delta +2.1164) size 435.8 MB sparsity 34.0%
gen 16 offspring [71/100] k= 41 (used  41.0) c=0.989 alpha=-0.061 beta=+0.433 | loss 3.3092 (delta +0.4239) size 526.3 MB sparsity 22.3%
gen 16 offspring [72/100] k= 35 (used  35.0) c=0.974 alpha=-0.200 beta=+0.369 | loss 3.2070 (delta +0.3216) size 521.8 MB sparsity 24.0%
gen 16 offspring [73/100] k= 17 (used  17.0) c=0.870 alpha=-0.238 beta=+0.369 | loss 3.5199 (delta +0.6346) size 448.9 MB sparsity 26.7%
gen 16 offspring [74/100] k= 17 (used  17.0) c=0.852 alpha=-0.330 beta=+0.430 | loss 3.7981 (delta +0.9127) size 439.5 MB sparsity 31.9%
gen 16 offspring [75/100] k= 44 (used  44.0) c=0.960 alpha=-0.162 beta=+0.004 | loss 2.9525 (delta +0.0671) size 541.4 MB sparsity 11.4%
gen 16 offspring [76/100] k= 31 (used  31.0) c=0.862 alpha=-0.204 beta=+0.312 | loss 3.1756 (delta +0.2902) size 492.4 MB sparsity 21.9%
gen 16 offspring [77/100] k= 21 (used  21.0) c=0.926 alpha=-0.059 beta=+0.115 | loss 3.1327 (delta +0.2473) size 495.6 MB sparsity 17.0%
gen 16 offspring [78/100] k=  9 (used   9.0) c=0.876 alpha=-0.090 beta=+0.039 | loss 5.6085 (delta +2.7231) size 401.9 MB sparsity 37.3%
gen 16 offspring [79/100] k= 13 (used  13.0) c=0.832 alpha=-0.199 beta=+0.453 | loss 3.9528 (delta +1.0675) size 440.8 MB sparsity 31.2%
gen 16 offspring [80/100] k= 17 (used  17.0) c=0.994 alpha=-0.221 beta=+0.445 | loss 3.6508 (delta +0.7655) size 443.2 MB sparsity 29.9%
gen 16 offspring [81/100] k= 33 (used  33.0) c=0.994 alpha=-0.383 beta=+0.373 | loss 3.4934 (delta +0.6081) size 471.5 MB sparsity 31.3%
gen 16 offspring [82/100] k= 17 (used  17.0) c=0.859 alpha=-0.051 beta=+0.238 | loss 3.3058 (delta +0.4205) size 459.4 MB sparsity 20.8%
gen 16 offspring [83/100] k= 17 (used  17.0) c=0.962 alpha=-0.041 beta=+0.408 | loss 3.5876 (delta +0.7022) size 446.6 MB sparsity 28.0%
gen 16 offspring [84/100] k= 16 (used  15.0) c=0.989 alpha=-0.064 beta=+0.361 | loss 3.7415 (delta +0.8561) size 445.9 MB sparsity 28.4%
gen 16 offspring [85/100] k= 30 (used  29.0) c=0.989 alpha=-0.007 beta=+0.011 | loss 3.0204 (delta +0.1350) size 496.7 MB sparsity 13.1%
gen 16 offspring [86/100] k= 32 (used  31.0) c=0.974 alpha=-0.200 beta=+0.367 | loss 3.2104 (delta +0.3250) size 487.7 MB sparsity 24.0%
gen 16 offspring [87/100] k= 15 (used  15.0) c=0.853 alpha=-0.095 beta=+0.201 | loss 3.4403 (delta +0.5549) size 450.7 MB sparsity 22.1%
gen 16 offspring [88/100] k= 32 (used  32.0) c=0.948 alpha=-0.045 beta=+0.063 | loss 2.9829 (delta +0.0976) size 496.7 MB sparsity 11.7%
gen 16 offspring [89/100] k= 17 (used  17.0) c=0.975 alpha=-0.062 beta=+0.002 | loss 3.3942 (delta +0.5088) size 457.3 MB sparsity 22.0%
gen 16 offspring [90/100] k=209 (used 205.8) c=1.000 alpha=-0.029 beta=+0.456 | loss 4.6264 (delta +1.7411) size 604.8 MB sparsity 19.8%
gen 16 offspring [91/100] k= 36 (used  35.0) c=0.981 alpha=-0.068 beta=+0.208 | loss 3.0012 (delta +0.1158) size 541.1 MB sparsity 14.4%
gen 16 offspring [92/100] k= 17 (used  17.0) c=0.923 alpha=-0.200 beta=+0.091 | loss 3.3306 (delta +0.4453) size 459.0 MB sparsity 21.0%
gen 16 offspring [93/100] k= 20 (used  19.0) c=0.987 alpha=-0.061 beta=+0.433 | loss 3.5558 (delta +0.6704) size 479.1 MB sparsity 27.9%
gen 16 offspring [94/100] k= 25 (used  25.0) c=0.914 alpha=-0.198 beta=+0.229 | loss 3.1239 (delta +0.2385) size 495.9 MB sparsity 19.0%
gen 16 offspring [95/100] k= 17 (used  17.0) c=0.884 alpha=-0.087 beta=+0.460 | loss 3.6777 (delta +0.7924) size 444.9 MB sparsity 28.9%
gen 16 offspring [96/100] k= 17 (used  17.0) c=0.997 alpha=-0.132 beta=+0.365 | loss 3.5223 (delta +0.6369) size 448.5 MB sparsity 26.9%
gen 16 offspring [97/100] k= 17 (used  17.0) c=0.869 alpha=-0.091 beta=+0.301 | loss 3.3701 (delta +0.4848) size 455.4 MB sparsity 23.1%
gen 16 offspring [98/100] k= 32 (used  31.0) c=0.981 alpha=-0.119 beta=+0.299 | loss 3.0838 (delta +0.1984) size 496.0 MB sparsity 18.8%
gen 16 offspring [99/100] k= 16 (used  15.0) c=0.977 alpha=-0.347 beta=+0.427 | loss 3.9996 (delta +1.1142) size 437.2 MB sparsity 33.2%
gen 16 offspring [100/100] k= 17 (used  17.0) c=0.975 alpha=-0.085 beta=+0.129 | loss 3.3962 (delta +0.5108) size 457.3 MB sparsity 22.0%
=== generation 16/50 done in 447s (0 reused), batch baseline 2.8854, HV 0.19221, front 100 points, 100/100 feasible, best delta loss +0.0020, smallest 438.0 MB
gen 17 offspring [1/100] k= 16 (used  16.0) c=0.878 alpha=-0.105 beta=+0.007 | loss 3.4819 (delta +0.5965) size 450.4 MB sparsity 22.6%
gen 17 offspring [2/100] k= 17 (used  17.0) c=0.867 alpha=-0.091 beta=+0.332 | loss 3.4119 (delta +0.5266) size 453.5 MB sparsity 24.1%
gen 17 offspring [3/100] k= 16 (used  16.0) c=0.863 alpha=-0.161 beta=+0.363 | loss 3.5247 (delta +0.6394) size 448.4 MB sparsity 26.7%
gen 17 offspring [4/100] k= 32 (used  32.0) c=0.915 alpha=-0.198 beta=+0.299 | loss 3.1223 (delta +0.2369) size 493.9 MB sparsity 21.2%
gen 17 offspring [5/100] k= 31 (used  31.0) c=0.981 alpha=-0.062 beta=+0.095 | loss 2.9910 (delta +0.1056) size 496.7 MB sparsity 12.1%
gen 17 offspring [6/100] k= 17 (used  17.0) c=0.976 alpha=-0.071 beta=+0.225 | loss 3.3909 (delta +0.5055) size 456.7 MB sparsity 22.3%
gen 17 offspring [7/100] k= 31 (used  31.0) c=0.917 alpha=-0.056 beta=+0.001 | loss 2.9765 (delta +0.0911) size 496.7 MB sparsity 11.4%
gen 17 offspring [8/100] k= 43 (used  43.0) c=0.858 alpha=-0.116 beta=+0.238 | loss 3.0201 (delta +0.1348) size 541.3 MB sparsity 15.3%
gen 17 offspring [9/100] k= 66 (used  65.7) c=0.975 alpha=-0.063 beta=+0.408 | loss 3.2570 (delta +0.3717) size 567.4 MB sparsity 19.8%
gen 17 offspring [10/100] k= 15 (used  15.0) c=0.999 alpha=-0.220 beta=+0.513 | loss 14.8052 (delta +11.9199) size 436.4 MB sparsity 33.7%
gen 17 offspring [11/100] k= 61 (used  61.0) c=0.887 alpha=-0.061 beta=+0.174 | loss 2.9427 (delta +0.0573) size 541.4 MB sparsity 10.4%
gen 17 offspring [12/100] k= 16 (used  16.0) c=0.859 alpha=-0.062 beta=+0.377 | loss 3.5668 (delta +0.6815) size 447.9 MB sparsity 27.1%
gen 17 offspring [13/100] k= 33 (used  33.0) c=0.995 alpha=-0.384 beta=+0.133 | loss 3.1890 (delta +0.3036) size 491.7 MB sparsity 22.2%
gen 17 offspring [14/100] k= 33 (used  33.0) c=0.850 alpha=-0.200 beta=+0.160 | loss 3.0364 (delta +0.1510) size 506.1 MB sparsity 15.8%
gen 17 offspring [15/100] k= 32 (used  32.0) c=0.852 alpha=-0.017 beta=+0.300 | loss 3.0982 (delta +0.2129) size 496.5 MB sparsity 17.9%
gen 17 offspring [16/100] k= 17 (used  17.0) c=0.862 alpha=-0.092 beta=+0.222 | loss 3.2845 (delta +0.3992) size 460.2 MB sparsity 20.4%
gen 17 offspring [17/100] k= 73 (used  73.0) c=0.991 alpha=-0.222 beta=+0.150 | loss 2.9758 (delta +0.0904) size 581.4 MB sparsity 15.8%
gen 17 offspring [18/100] k= 31 (used  31.0) c=0.916 alpha=-0.041 beta=+0.447 | loss 3.3527 (delta +0.4673) size 488.0 MB sparsity 23.9%
gen 17 offspring [19/100] k=117 (used 115.9) c=0.974 alpha=-0.035 beta=+0.403 | loss 3.2970 (delta +0.4117) size 573.8 MB sparsity 18.2%
gen 17 offspring [20/100] k= 27 (used  27.0) c=0.992 alpha=-0.385 beta=+0.312 | loss 3.4659 (delta +0.5806) size 476.3 MB sparsity 29.1%
gen 17 offspring [21/100] k= 40 (used  39.9) c=0.855 alpha=-0.278 beta=+0.438 | loss 3.4259 (delta +0.5406) size 506.9 MB sparsity 29.5%
gen 17 offspring [22/100] k= 33 (used  33.0) c=0.967 alpha=-0.369 beta=+0.208 | loss 3.2328 (delta +0.3474) size 487.0 MB sparsity 24.3%
gen 17 offspring [23/100] k= 18 (used  17.0) c=0.982 alpha=-0.442 beta=+0.208 | loss 3.7406 (delta +0.8553) size 443.9 MB sparsity 29.5%
gen 17 offspring [24/100] k= 32 (used  31.0) c=0.996 alpha=-0.278 beta=+0.312 | loss 3.2938 (delta +0.4084) size 485.7 MB sparsity 24.9%
gen 17 offspring [25/100] k= 17 (used  17.0) c=0.866 alpha=-0.067 beta=+0.116 | loss 3.3007 (delta +0.4153) size 461.4 MB sparsity 19.7%
gen 17 offspring [26/100] k= 17 (used  17.0) c=0.920 alpha=-0.193 beta=+0.091 | loss 3.3537 (delta +0.4683) size 459.2 MB sparsity 20.9%
gen 17 offspring [27/100] k=218 (used 213.9) c=0.996 alpha=-0.030 beta=+0.433 | loss 3.3905 (delta +0.5052) size 607.8 MB sparsity 19.0%
gen 17 offspring [28/100] k= 16 (used  16.0) c=0.852 alpha=-0.330 beta=+0.430 | loss 3.8354 (delta +0.9501) size 438.9 MB sparsity 32.3%
gen 17 offspring [29/100] k= 30 (used  29.0) c=0.989 alpha=-0.007 beta=+0.114 | loss 3.0185 (delta +0.1332) size 496.7 MB sparsity 13.1%
gen 17 offspring [30/100] k= 30 (used  30.0) c=0.858 alpha=-0.291 beta=+0.313 | loss 3.2855 (delta +0.4002) size 484.5 MB sparsity 25.4%
gen 17 offspring [31/100] k= 18 (used  17.0) c=0.980 alpha=-0.100 beta=+0.406 | loss 3.5891 (delta +0.7037) size 446.3 MB sparsity 28.1%
gen 17 offspring [32/100] k= 16 (used  16.0) c=0.859 alpha=-0.073 beta=+0.112 | loss 3.4422 (delta +0.5568) size 450.6 MB sparsity 22.2%
gen 17 offspring [33/100] k= 33 (used  33.0) c=0.994 alpha=-0.119 beta=+0.373 | loss 3.1671 (delta +0.2818) size 493.4 MB sparsity 21.4%
gen 17 offspring [34/100] k= 30 (used  30.0) c=0.871 alpha=-0.335 beta=+0.034 | loss 3.1139 (delta +0.2286) size 495.5 MB sparsity 19.8%
gen 17 offspring [35/100] k= 22 (used  21.0) c=0.976 alpha=-0.401 beta=+0.187 | loss 3.4950 (delta +0.6097) size 483.3 MB sparsity 26.0%
gen 17 offspring [36/100] k= 35 (used  35.0) c=0.978 alpha=-0.123 beta=+0.003 | loss 2.9700 (delta +0.0847) size 541.4 MB sparsity 11.3%
gen 17 offspring [37/100] k= 17 (used  17.0) c=0.986 alpha=-0.041 beta=+0.444 | loss 3.6530 (delta +0.7677) size 443.8 MB sparsity 29.5%
gen 17 offspring [38/100] k= 39 (used  39.0) c=0.976 alpha=-0.061 beta=+0.433 | loss 3.2960 (delta +0.4107) size 525.8 MB sparsity 22.5%
gen 17 offspring [39/100] k=125 (used 125.0) c=0.905 alpha=-0.043 beta=+0.005 | loss 2.9015 (delta +0.0162) size 586.1 MB sparsity 3.3%
gen 17 offspring [40/100] k= 17 (used  17.0) c=0.871 alpha=-0.171 beta=+0.083 | loss 3.3000 (delta +0.4146) size 461.2 MB sparsity 19.8%
gen 17 offspring [41/100] k= 15 (used  15.0) c=0.888 alpha=-0.015 beta=+0.170 | loss 3.4882 (delta +0.6028) size 450.3 MB sparsity 22.8%
gen 17 offspring [42/100] k= 33 (used  33.0) c=0.974 alpha=-0.200 beta=+0.368 | loss 3.1847 (delta +0.2993) size 487.7 MB sparsity 24.0%
gen 17 offspring [43/100] k= 17 (used  17.0) c=0.852 alpha=-0.048 beta=+0.434 | loss 3.5620 (delta +0.6767) size 447.3 MB sparsity 27.6%
gen 17 offspring [44/100] k= 31 (used  31.0) c=0.926 alpha=-0.023 beta=+0.000 | loss 2.9768 (delta +0.0915) size 496.7 MB sparsity 11.5%
gen 17 offspring [45/100] k= 21 (used  21.0) c=0.954 alpha=-0.105 beta=+0.005 | loss 3.1823 (delta +0.2970) size 495.4 MB sparsity 17.5%
gen 17 offspring [46/100] k= 16 (used  16.0) c=0.850 alpha=-0.342 beta=+0.419 | loss 3.8274 (delta +0.9420) size 438.8 MB sparsity 32.3%
gen 17 offspring [47/100] k= 32 (used  31.0) c=0.989 alpha=-0.197 beta=+0.400 | loss 3.2624 (delta +0.3770) size 485.1 MB sparsity 25.2%
gen 17 offspring [48/100] k=163 (used 163.0) c=0.981 alpha=-0.010 beta=+0.043 | loss 2.8920 (delta +0.0066) size 630.9 MB sparsity 3.1%
gen 17 offspring [49/100] k=235 (used 235.0) c=0.983 alpha=-0.029 beta=+0.017 | loss 2.8885 (delta +0.0032) size 630.9 MB sparsity 2.1%
gen 17 offspring [50/100] k= 17 (used  17.0) c=0.988 alpha=-0.200 beta=+0.457 | loss 3.6781 (delta +0.7927) size 442.9 MB sparsity 30.0%
gen 17 offspring [51/100] k= 16 (used  16.0) c=0.860 alpha=-0.208 beta=+0.136 | loss 3.4373 (delta +0.5519) size 450.6 MB sparsity 22.3%
gen 17 offspring [52/100] k= 17 (used  17.0) c=0.852 alpha=-0.330 beta=+0.435 | loss 3.8014 (delta +0.9161) size 439.2 MB sparsity 32.1%
gen 17 offspring [53/100] k= 17 (used  17.0) c=0.858 alpha=-0.050 beta=+0.408 | loss 3.5271 (delta +0.6417) size 448.8 MB sparsity 26.8%
gen 17 offspring [54/100] k= 33 (used  33.0) c=0.976 alpha=-0.132 beta=+0.004 | loss 2.9748 (delta +0.0895) size 514.6 MB sparsity 12.0%
gen 17 offspring [55/100] k= 37 (used  37.0) c=0.981 alpha=-0.119 beta=+0.299 | loss 3.0893 (delta +0.2040) size 537.2 MB sparsity 18.2%
gen 17 offspring [56/100] k= 17 (used  17.0) c=0.948 alpha=-0.103 beta=+0.001 | loss 3.3882 (delta +0.5029) size 458.3 MB sparsity 21.4%
gen 17 offspring [57/100] k= 17 (used  17.0) c=0.919 alpha=-0.200 beta=+0.048 | loss 3.3435 (delta +0.4581) size 459.2 MB sparsity 21.0%
gen 17 offspring [58/100] k= 15 (used  15.0) c=0.958 alpha=-0.104 beta=+0.059 | loss 3.6187 (delta +0.7333) size 449.2 MB sparsity 24.5%
gen 17 offspring [59/100] k= 17 (used  17.0) c=0.853 alpha=-0.071 beta=+0.193 | loss 3.2714 (delta +0.3861) size 461.5 MB sparsity 19.6%
gen 17 offspring [60/100] k= 32 (used  32.0) c=0.867 alpha=-0.333 beta=+0.346 | loss 3.3662 (delta +0.4808) size 478.2 MB sparsity 28.3%
gen 17 offspring [61/100] k=  9 (used   9.0) c=0.983 alpha=-0.027 beta=+0.378 | loss 7.5763 (delta +4.6910) size 396.8 MB sparsity 41.1%
gen 17 offspring [62/100] k= 17 (used  17.0) c=0.984 alpha=-0.134 beta=+0.017 | loss 3.4065 (delta +0.5212) size 457.0 MB sparsity 22.2%
gen 17 offspring [63/100] k= 16 (used  16.0) c=0.857 alpha=-0.191 beta=+0.117 | loss 3.4217 (delta +0.5363) size 450.6 MB sparsity 22.1%
gen 17 offspring [64/100] k= 16 (used  16.0) c=0.854 alpha=-0.165 beta=+0.125 | loss 3.4112 (delta +0.5259) size 450.7 MB sparsity 22.0%
gen 17 offspring [65/100] k= 17 (used  17.0) c=0.985 alpha=-0.204 beta=+0.347 | loss 3.4935 (delta +0.6082) size 449.8 MB sparsity 26.2%
gen 17 offspring [66/100] k= 35 (used  35.0) c=0.993 alpha=-0.207 beta=+0.001 | loss 3.0015 (delta +0.1162) size 541.1 MB sparsity 14.4%
gen 17 offspring [67/100] k= 16 (used  16.0) c=0.854 alpha=-0.118 beta=+0.427 | loss 3.6023 (delta +0.7169) size 445.1 MB sparsity 28.8%
gen 17 offspring [68/100] k= 17 (used  17.0) c=0.951 alpha=-0.105 beta=+0.006 | loss 3.3917 (delta +0.5063) size 458.2 MB sparsity 21.5%
gen 17 offspring [69/100] k= 28 (used  27.0) c=0.997 alpha=-0.101 beta=+0.122 | loss 3.0385 (delta +0.1532) size 496.6 MB sparsity 14.2%
gen 17 offspring [70/100] k= 32 (used  31.0) c=0.989 alpha=-0.044 beta=+0.433 | loss 3.3117 (delta +0.4263) size 488.2 MB sparsity 23.8%
gen 17 offspring [71/100] k= 17 (used  17.0) c=0.951 alpha=-0.097 beta=+0.468 | loss 3.7505 (delta +0.8652) size 443.1 MB sparsity 30.0%
gen 17 offspring [72/100] k= 31 (used  31.0) c=0.995 alpha=-0.383 beta=+0.190 | loss 3.2887 (delta +0.4033) size 487.1 MB sparsity 24.3%
gen 17 offspring [73/100] k= 17 (used  17.0) c=0.840 alpha=-0.134 beta=+0.336 | loss 3.3885 (delta +0.5032) size 453.8 MB sparsity 23.9%
gen 17 offspring [74/100] k= 18 (used  17.0) c=0.996 alpha=-0.199 beta=+0.012 | loss 3.4348 (delta +0.5495) size 456.4 MB sparsity 22.5%
gen 17 offspring [75/100] k= 17 (used  17.0) c=0.850 alpha=-0.071 beta=+0.215 | loss 3.2728 (delta +0.3874) size 460.8 MB sparsity 20.0%
gen 17 offspring [76/100] k= 30 (used  29.0) c=0.989 alpha=-0.002 beta=+0.283 | loss 3.0920 (delta +0.2066) size 496.0 MB sparsity 18.6%
gen 17 offspring [77/100] k= 24 (used  24.0) c=0.914 alpha=-0.063 beta=+0.299 | loss 3.1749 (delta +0.2896) size 494.4 MB sparsity 20.4%
gen 17 offspring [78/100] k= 16 (used  16.0) c=0.867 alpha=-0.158 beta=+0.239 | loss 3.4411 (delta +0.5558) size 450.5 MB sparsity 22.9%
gen 17 offspring [79/100] k= 60 (used  59.9) c=0.981 alpha=-0.051 beta=+0.389 | loss 3.2242 (delta +0.3388) size 534.7 MB sparsity 19.2%
gen 17 offspring [80/100] k= 16 (used  16.0) c=0.859 alpha=-0.071 beta=+0.296 | loss 3.4791 (delta +0.5938) size 450.1 MB sparsity 24.3%
gen 17 offspring [81/100] k= 32 (used  31.0) c=0.974 alpha=-0.238 beta=+0.369 | loss 3.2755 (delta +0.3901) size 484.3 MB sparsity 25.5%
gen 17 offspring [82/100] k= 53 (used  53.0) c=0.984 alpha=-0.042 beta=+0.147 | loss 2.9338 (delta +0.0484) size 541.4 MB sparsity 9.9%
gen 17 offspring [83/100] k= 39 (used  39.0) c=1.000 alpha=-0.086 beta=+0.101 | loss 2.9541 (delta +0.0687) size 541.4 MB sparsity 10.1%
gen 17 offspring [84/100] k= 63 (used  63.0) c=0.956 alpha=-0.061 beta=+0.061 | loss 2.9157 (delta +0.0304) size 541.4 MB sparsity 6.1%
gen 17 offspring [85/100] k= 17 (used  17.0) c=0.997 alpha=-0.526 beta=+0.208 | loss 17.5848 (delta +14.6994) size 438.5 MB sparsity 32.5%
gen 17 offspring [86/100] k= 32 (used  31.0) c=1.000 alpha=-0.197 beta=+0.299 | loss 3.1557 (delta +0.2704) size 493.7 MB sparsity 21.3%
gen 17 offspring [87/100] k= 16 (used  15.0) c=0.997 alpha=-0.220 beta=+0.469 | loss 3.9082 (delta +1.0228) size 439.1 MB sparsity 32.2%
gen 17 offspring [88/100] k= 97 (used  97.0) c=0.983 alpha=-0.122 beta=+0.043 | loss 2.9038 (delta +0.0184) size 586.1 MB sparsity 7.4%
gen 17 offspring [89/100] k= 20 (used  20.0) c=0.852 alpha=-0.347 beta=+0.428 | loss 3.7594 (delta +0.8740) size 469.2 MB sparsity 32.3%
gen 17 offspring [90/100] k= 17 (used  17.0) c=0.853 alpha=-0.309 beta=+0.201 | loss 3.4176 (delta +0.5322) size 454.7 MB sparsity 23.5%
gen 17 offspring [91/100] k= 33 (used  33.0) c=0.960 alpha=-0.106 beta=+0.005 | loss 2.9704 (delta +0.0850) size 516.2 MB sparsity 11.3%
gen 17 offspring [92/100] k= 37 (used  37.0) c=0.876 alpha=-0.105 beta=+0.039 | loss 2.9582 (delta +0.0729) size 541.4 MB sparsity 9.6%
gen 17 offspring [93/100] k= 16 (used  16.0) c=0.861 alpha=-0.107 beta=+0.363 | loss 3.5274 (delta +0.6420) size 448.5 MB sparsity 26.6%
gen 17 offspring [94/100] k= 18 (used  17.0) c=0.974 alpha=-0.248 beta=+0.434 | loss 3.6515 (delta +0.7662) size 443.3 MB sparsity 29.8%
gen 17 offspring [95/100] k= 15 (used  15.0) c=0.888 alpha=-0.058 beta=+0.170 | loss 3.4882 (delta +0.6028) size 450.3 MB sparsity 22.8%
gen 17 offspring [96/100] k= 32 (used  32.0) c=0.870 alpha=-0.233 beta=+0.302 | loss 3.2039 (delta +0.3185) size 490.7 MB sparsity 22.7%
gen 17 offspring [97/100] k= 42 (used  41.0) c=0.997 alpha=-0.061 beta=+0.123 | loss 2.9413 (delta +0.0560) size 541.4 MB sparsity 10.3%
gen 17 offspring [98/100] k= 16 (used  16.0) c=0.860 alpha=-0.156 beta=+0.131 | loss 3.4382 (delta +0.5529) size 450.6 MB sparsity 22.2%
gen 17 offspring [99/100] k= 75 (used  75.0) c=0.993 alpha=-0.094 beta=+0.122 | loss 2.9179 (delta +0.0326) size 586.1 MB sparsity 9.4%
gen 17 offspring [100/100] k= 26 (used  26.0) c=0.852 alpha=-0.328 beta=+0.430 | loss 3.5386 (delta +0.6532) size 471.2 MB sparsity 31.4%
=== generation 17/50 done in 447s (0 reused), batch baseline 2.8854, HV 0.19247, front 100 points, 100/100 feasible, best delta loss +0.0020, smallest 438.0 MB
gen 18 offspring [1/100] k= 16 (used  16.0) c=0.849 alpha=-0.347 beta=+0.511 | loss 4.0992 (delta +1.2138) size 432.8 MB sparsity 35.7%
gen 18 offspring [2/100] k= 31 (used  31.0) c=0.916 alpha=-0.207 beta=+0.129 | loss 3.0092 (delta +0.1238) size 496.7 MB sparsity 15.2%
gen 18 offspring [3/100] k= 13 (used  13.0) c=0.828 alpha=-0.071 beta=+0.366 | loss 3.8652 (delta +0.9799) size 446.2 MB sparsity 28.2%
gen 18 offspring [4/100] k=125 (used 123.7) c=0.994 alpha=-0.032 beta=+0.417 | loss 3.3345 (delta +0.4492) size 572.5 MB sparsity 18.7%
gen 18 offspring [5/100] k= 69 (used  69.0) c=0.906 alpha=-0.200 beta=+0.188 | loss 2.9918 (delta +0.1064) size 579.4 MB sparsity 16.4%
gen 18 offspring [6/100] k= 16 (used  15.0) c=0.982 alpha=-0.342 beta=+0.443 | loss 4.0589 (delta +1.1735) size 436.5 MB sparsity 33.6%
gen 18 offspring [7/100] k= 17 (used  17.0) c=0.869 alpha=-0.105 beta=+0.301 | loss 3.3774 (delta +0.4920) size 455.4 MB sparsity 23.1%
gen 18 offspring [8/100] k=132 (used 130.5) c=0.975 alpha=-0.031 beta=+0.428 | loss 3.3690 (delta +0.4836) size 606.8 MB sparsity 19.0%
gen 18 offspring [9/100] k= 39 (used  39.0) c=0.985 alpha=-0.434 beta=+0.205 | loss 3.4098 (delta +0.5244) size 515.0 MB sparsity 26.5%
gen 18 offspring [10/100] k= 17 (used  17.0) c=0.969 alpha=-0.309 beta=+0.461 | loss 3.8403 (delta +0.9549) size 438.2 MB sparsity 32.7%
gen 18 offspring [11/100] k= 17 (used  17.0) c=0.874 alpha=-0.096 beta=+0.120 | loss 3.3094 (delta +0.4241) size 461.1 MB sparsity 19.9%
gen 18 offspring [12/100] k= 17 (used  17.0) c=0.861 alpha=-0.045 beta=+0.097 | loss 3.2833 (delta +0.3979) size 461.6 MB sparsity 19.6%
gen 18 offspring [13/100] k= 33 (used  33.0) c=0.978 alpha=-0.141 beta=+0.165 | loss 2.9905 (delta +0.1051) size 510.0 MB sparsity 14.0%
gen 18 offspring [14/100] k= 16 (used  16.0) c=0.906 alpha=-0.071 beta=+0.370 | loss 3.6312 (delta +0.7459) size 447.3 MB sparsity 27.5%
gen 18 offspring [15/100] k= 32 (used  32.0) c=0.919 alpha=-0.233 beta=+0.369 | loss 3.2400 (delta +0.3547) size 484.8 MB sparsity 25.3%
gen 18 offspring [16/100] k= 17 (used  17.0) c=0.859 alpha=-0.062 beta=+0.238 | loss 3.3058 (delta +0.4205) size 459.4 MB sparsity 20.8%
gen 18 offspring [17/100] k= 17 (used  17.0) c=0.984 alpha=-0.203 beta=+0.368 | loss 3.5174 (delta +0.6321) size 448.6 MB sparsity 26.9%
gen 18 offspring [18/100] k= 32 (used  31.0) c=0.988 alpha=-0.176 beta=+0.203 | loss 3.0399 (delta +0.1546) size 496.6 MB sparsity 16.9%
gen 18 offspring [19/100] k= 17 (used  17.0) c=0.862 alpha=-0.092 beta=+0.225 | loss 3.2864 (delta +0.4010) size 460.0 MB sparsity 20.5%
gen 18 offspring [20/100] k= 17 (used  17.0) c=0.853 alpha=-0.204 beta=+0.193 | loss 3.2752 (delta +0.3898) size 460.8 MB sparsity 20.1%
gen 18 offspring [21/100] k= 17 (used  17.0) c=0.997 alpha=-0.200 beta=+0.208 | loss 3.4308 (delta +0.5455) size 456.3 MB sparsity 22.6%
gen 18 offspring [22/100] k= 61 (used  60.8) c=0.839 alpha=-0.336 beta=+0.089 | loss 3.0902 (delta +0.2048) size 538.0 MB sparsity 17.9%
gen 18 offspring [23/100] k= 17 (used  17.0) c=0.997 alpha=-0.133 beta=+0.585 | loss 15.2906 (delta +12.4053) size 435.0 MB sparsity 34.5%
gen 18 offspring [24/100] k= 15 (used  15.0) c=0.853 alpha=-0.305 beta=+0.434 | loss 3.8309 (delta +0.9455) size 440.2 MB sparsity 31.6%
gen 18 offspring [25/100] k= 16 (used  15.0) c=0.993 alpha=-0.106 beta=+0.005 | loss 3.6625 (delta +0.7771) size 448.6 MB sparsity 25.3%
gen 18 offspring [26/100] k= 33 (used  33.0) c=0.993 alpha=-0.058 beta=+0.127 | loss 2.9753 (delta +0.0900) size 514.6 MB sparsity 12.0%
gen 18 offspring [27/100] k= 35 (used  35.0) c=0.967 alpha=-0.156 beta=+0.000 | loss 2.9782 (delta +0.0929) size 541.4 MB sparsity 12.3%
gen 18 offspring [28/100] k= 18 (used  17.0) c=0.980 alpha=-0.100 beta=+0.406 | loss 3.5865 (delta +0.7011) size 446.4 MB sparsity 28.1%
gen 18 offspring [29/100] k= 17 (used  17.0) c=0.863 alpha=-0.165 beta=+0.125 | loss 3.2998 (delta +0.4144) size 461.5 MB sparsity 19.6%
gen 18 offspring [30/100] k= 17 (used  17.0) c=0.848 alpha=-0.068 beta=+0.313 | loss 3.3550 (delta +0.4697) size 455.1 MB sparsity 23.2%
gen 18 offspring [31/100] k= 17 (used  17.0) c=0.982 alpha=-0.366 beta=+0.435 | loss 3.9169 (delta +1.0316) size 436.3 MB sparsity 33.7%
gen 18 offspring [32/100] k=125 (used 125.0) c=0.997 alpha=-0.040 beta=+0.005 | loss 2.8917 (delta +0.0063) size 586.1 MB sparsity 3.4%
gen 18 offspring [33/100] k= 17 (used  17.0) c=0.999 alpha=-0.107 beta=+0.336 | loss 3.4948 (delta +0.6095) size 450.4 MB sparsity 25.9%
gen 18 offspring [34/100] k= 38 (used  37.0) c=0.981 alpha=-0.063 beta=+0.122 | loss 2.9670 (delta +0.0817) size 541.4 MB sparsity 10.9%
gen 18 offspring [35/100] k= 17 (used  17.0) c=0.822 alpha=-0.394 beta=+0.208 | loss 3.6078 (delta +0.7225) size 449.3 MB sparsity 26.5%
gen 18 offspring [36/100] k= 16 (used  16.0) c=0.857 alpha=-0.191 beta=+0.418 | loss 3.6132 (delta +0.7279) size 445.6 MB sparsity 28.6%
gen 18 offspring [37/100] k= 17 (used  17.0) c=0.850 alpha=-0.039 beta=+0.346 | loss 3.4027 (delta +0.5173) size 453.0 MB sparsity 24.4%
gen 18 offspring [38/100] k= 16 (used  16.0) c=0.852 alpha=-0.396 beta=+0.479 | loss 4.1360 (delta +1.2507) size 431.7 MB sparsity 36.3%
gen 18 offspring [39/100] k= 16 (used  16.0) c=0.859 alpha=-0.039 beta=+0.398 | loss 3.6020 (delta +0.7166) size 446.8 MB sparsity 27.8%
gen 18 offspring [40/100] k= 63 (used  62.8) c=0.956 alpha=-0.061 beta=+0.364 | loss 3.1492 (delta +0.2638) size 537.6 MB sparsity 18.1%
gen 18 offspring [41/100] k= 17 (used  17.0) c=0.975 alpha=-0.081 beta=+0.430 | loss 3.6039 (delta +0.7185) size 444.9 MB sparsity 28.9%
gen 18 offspring [42/100] k= 31 (used  31.0) c=0.915 alpha=-0.220 beta=+0.304 | loss 3.1506 (delta +0.2653) size 491.5 MB sparsity 22.3%
gen 18 offspring [43/100] k= 16 (used  16.0) c=0.863 alpha=-0.161 beta=+0.247 | loss 3.4390 (delta +0.5537) size 450.5 MB sparsity 22.9%
gen 18 offspring [44/100] k= 17 (used  17.0) c=0.994 alpha=-0.088 beta=+0.468 | loss 3.6889 (delta +0.8035) size 442.2 MB sparsity 30.4%
gen 18 offspring [45/100] k=159 (used 156.8) c=0.988 alpha=-0.035 beta=+0.457 | loss 4.4936 (delta +1.6083) size 603.6 MB sparsity 20.1%
gen 18 offspring [46/100] k= 32 (used  32.0) c=0.913 alpha=-0.108 beta=+0.251 | loss 3.0306 (delta +0.1452) size 496.6 MB sparsity 16.5%
gen 18 offspring [47/100] k= 31 (used  31.0) c=0.917 alpha=-0.055 beta=+0.002 | loss 2.9765 (delta +0.0911) size 496.7 MB sparsity 11.4%
gen 18 offspring [48/100] k= 34 (used  33.0) c=0.989 alpha=-0.314 beta=+0.005 | loss 3.0934 (delta +0.2080) size 499.1 MB sparsity 18.9%
gen 18 offspring [49/100] k= 18 (used  17.0) c=0.985 alpha=-0.086 beta=+0.347 | loss 3.4944 (delta +0.6091) size 449.9 MB sparsity 26.1%
gen 18 offspring [50/100] k= 16 (used  16.0) c=0.875 alpha=-0.105 beta=+0.039 | loss 3.4515 (delta +0.5661) size 450.5 MB sparsity 22.5%
gen 18 offspring [51/100] k=163 (used 163.0) c=0.986 alpha=-0.042 beta=+0.001 | loss 2.8907 (delta +0.0053) size 630.9 MB sparsity 3.0%
gen 18 offspring [52/100] k= 30 (used  29.0) c=0.999 alpha=-0.056 beta=+0.001 | loss 3.0289 (delta +0.1436) size 496.7 MB sparsity 13.2%
gen 18 offspring [53/100] k= 18 (used  17.0) c=0.988 alpha=-0.309 beta=+0.027 | loss 3.5004 (delta +0.6150) size 452.2 MB sparsity 24.9%
gen 18 offspring [54/100] k= 34 (used  33.0) c=1.000 alpha=-0.071 beta=+0.299 | loss 3.0716 (delta +0.1862) size 500.3 MB sparsity 18.4%
gen 18 offspring [55/100] k= 17 (used  17.0) c=0.864 alpha=-0.220 beta=+0.469 | loss 3.6847 (delta +0.7993) size 443.5 MB sparsity 29.7%
gen 18 offspring [56/100] k= 16 (used  16.0) c=0.875 alpha=-0.091 beta=+0.039 | loss 3.4506 (delta +0.5653) size 450.5 MB sparsity 22.5%
gen 18 offspring [57/100] k= 16 (used  15.0) c=0.996 alpha=-0.087 beta=+0.012 | loss 3.6390 (delta +0.7537) size 448.5 MB sparsity 25.4%
gen 18 offspring [58/100] k= 17 (used  17.0) c=0.833 alpha=-0.002 beta=+0.307 | loss 3.3610 (delta +0.4757) size 455.9 MB sparsity 22.8%
gen 18 offspring [59/100] k= 16 (used  16.0) c=0.852 alpha=-0.162 beta=+0.427 | loss 3.6125 (delta +0.7271) size 445.2 MB sparsity 28.8%
gen 18 offspring [60/100] k= 15 (used  15.0) c=0.978 alpha=-0.165 beta=+0.430 | loss 3.8089 (delta +0.9235) size 442.0 MB sparsity 30.6%
gen 18 offspring [61/100] k= 17 (used  17.0) c=0.938 alpha=-0.091 beta=+0.379 | loss 3.5092 (delta +0.6239) size 448.9 MB sparsity 26.7%
gen 18 offspring [62/100] k= 33 (used  33.0) c=0.986 alpha=-0.405 beta=+0.001 | loss 3.2137 (delta +0.3283) size 491.4 MB sparsity 22.4%
gen 18 offspring [63/100] k= 37 (used  37.0) c=0.981 alpha=-0.218 beta=+0.112 | loss 3.0131 (delta +0.1278) size 541.2 MB sparsity 14.8%
gen 18 offspring [64/100] k= 32 (used  32.0) c=0.923 alpha=-0.222 beta=+0.091 | loss 3.0134 (delta +0.1280) size 496.7 MB sparsity 15.3%
gen 18 offspring [65/100] k= 33 (used  33.0) c=0.908 alpha=-0.389 beta=+0.235 | loss 3.3158 (delta +0.4305) size 483.1 MB sparsity 26.1%
gen 18 offspring [66/100] k= 17 (used  17.0) c=0.980 alpha=-0.105 beta=+0.346 | loss 3.4843 (delta +0.5989) size 450.1 MB sparsity 26.0%
gen 18 offspring [67/100] k= 32 (used  32.0) c=0.926 alpha=-0.070 beta=+0.312 | loss 3.0864 (delta +0.2011) size 496.0 MB sparsity 18.8%
gen 18 offspring [68/100] k= 28 (used  27.0) c=0.998 alpha=-0.101 beta=+0.466 | loss 4.1714 (delta +1.2861) size 483.2 MB sparsity 26.0%
gen 18 offspring [69/100] k= 22 (used  22.0) c=0.952 alpha=-0.002 beta=+0.399 | loss 3.4089 (delta +0.5236) size 484.8 MB sparsity 25.3%
gen 18 offspring [70/100] k= 17 (used  17.0) c=0.975 alpha=-0.069 beta=+0.493 | loss 10.7877 (delta +7.9024) size 441.0 MB sparsity 31.1%
gen 18 offspring [71/100] k= 22 (used  21.0) c=0.993 alpha=-0.296 beta=+0.445 | loss 3.6775 (delta +0.7921) size 471.7 MB sparsity 31.1%
gen 18 offspring [72/100] k= 64 (used  63.7) c=0.863 alpha=-0.161 beta=+0.363 | loss 3.1227 (delta +0.2373) size 527.5 MB sparsity 21.9%
gen 18 offspring [73/100] k= 17 (used  17.0) c=0.853 alpha=-0.396 beta=+0.193 | loss 3.5450 (delta +0.6597) size 449.2 MB sparsity 26.5%
gen 18 offspring [74/100] k= 56 (used  56.0) c=0.968 alpha=-0.109 beta=+0.005 | loss 2.9228 (delta +0.0374) size 541.4 MB sparsity 8.2%
gen 18 offspring [75/100] k= 17 (used  17.0) c=0.997 alpha=-0.132 beta=+0.366 | loss 3.5248 (delta +0.6395) size 448.5 MB sparsity 26.9%
gen 18 offspring [76/100] k= 32 (used  31.0) c=0.974 alpha=-0.201 beta=+0.367 | loss 3.2105 (delta +0.3251) size 487.6 MB sparsity 24.1%
gen 18 offspring [77/100] k= 17 (used  17.0) c=0.848 alpha=-0.029 beta=+0.216 | loss 3.2713 (delta +0.3859) size 460.9 MB sparsity 20.0%
gen 18 offspring [78/100] k= 17 (used  17.0) c=0.859 alpha=-0.061 beta=+0.537 | loss 15.5641 (delta +12.6787) size 440.6 MB sparsity 31.3%
gen 18 offspring [79/100] k= 32 (used  32.0) c=0.865 alpha=-0.235 beta=+0.369 | loss 3.2678 (delta +0.3824) size 484.7 MB sparsity 25.3%
gen 18 offspring [80/100] k= 31 (used  31.0) c=0.855 alpha=-0.117 beta=+0.312 | loss 3.1207 (delta +0.2353) size 496.3 MB sparsity 18.8%
gen 18 offspring [81/100] k= 73 (used  73.0) c=0.991 alpha=-0.097 beta=+0.119 | loss 2.9117 (delta +0.0264) size 586.1 MB sparsity 9.4%
gen 18 offspring [82/100] k= 34 (used  34.0) c=0.937 alpha=-0.035 beta=+0.231 | loss 3.0268 (delta +0.1414) size 540.7 MB sparsity 15.4%
gen 18 offspring [83/100] k= 14 (used  14.0) c=0.831 alpha=-0.328 beta=+0.128 | loss 3.8217 (delta +0.9363) size 447.8 MB sparsity 27.0%
gen 18 offspring [84/100] k= 17 (used  17.0) c=0.998 alpha=-0.114 beta=+0.434 | loss 3.6244 (delta +0.7390) size 444.3 MB sparsity 29.3%
gen 18 offspring [85/100] k= 17 (used  17.0) c=0.953 alpha=-0.036 beta=+0.099 | loss 3.3878 (delta +0.5025) size 458.1 MB sparsity 21.5%
gen 18 offspring [86/100] k= 22 (used  22.0) c=0.867 alpha=-0.091 beta=+0.301 | loss 3.2110 (delta +0.3257) size 493.9 MB sparsity 20.9%
gen 18 offspring [87/100] k= 31 (used  31.0) c=0.998 alpha=-0.119 beta=+0.057 | loss 3.0013 (delta +0.1159) size 496.7 MB sparsity 12.5%
gen 18 offspring [88/100] k= 17 (used  17.0) c=0.856 alpha=-0.325 beta=+0.440 | loss 3.8297 (delta +0.9443) size 439.1 MB sparsity 32.2%
gen 18 offspring [89/100] k= 18 (used  17.0) c=0.997 alpha=-0.198 beta=+0.503 | loss 14.0922 (delta +11.2069) size 439.9 MB sparsity 31.7%
gen 18 offspring [90/100] k= 15 (used  15.0) c=0.862 alpha=-0.130 beta=+0.225 | loss 3.4481 (delta +0.5627) size 450.6 MB sparsity 22.5%
gen 18 offspring [91/100] k= 17 (used  17.0) c=0.975 alpha=-0.222 beta=+0.445 | loss 3.6456 (delta +0.7603) size 443.5 MB sparsity 29.7%
gen 18 offspring [92/100] k= 18 (used  17.0) c=0.983 alpha=-0.177 beta=+0.043 | loss 3.4170 (delta +0.5316) size 457.0 MB sparsity 22.2%
gen 18 offspring [93/100] k= 32 (used  32.0) c=0.925 alpha=-0.204 beta=+0.300 | loss 3.1280 (delta +0.2427) size 493.3 MB sparsity 21.5%
gen 18 offspring [94/100] k=235 (used 235.0) c=0.996 alpha=-0.029 beta=+0.011 | loss 2.8873 (delta +0.0019) size 630.9 MB sparsity 2.1%
gen 18 offspring [95/100] k= 18 (used  17.0) c=0.978 alpha=-0.107 beta=+0.439 | loss 3.6159 (delta +0.7305) size 444.4 MB sparsity 29.2%
gen 18 offspring [96/100] k= 12 (used  11.0) c=0.975 alpha=-0.207 beta=+0.461 | loss 5.1326 (delta +2.2472) size 431.0 MB sparsity 36.7%
gen 18 offspring [97/100] k= 16 (used  16.0) c=0.852 alpha=-0.380 beta=+0.427 | loss 3.9392 (delta +1.0538) size 436.0 MB sparsity 33.9%
gen 18 offspring [98/100] k= 17 (used  17.0) c=1.000 alpha=-0.212 beta=+0.442 | loss 3.6458 (delta +0.7605) size 443.6 MB sparsity 29.7%
gen 18 offspring [99/100] k= 17 (used  17.0) c=0.848 alpha=-0.057 beta=+0.375 | loss 3.4405 (delta +0.5552) size 451.1 MB sparsity 25.5%
gen 18 offspring [100/100] k= 30 (used  29.0) c=0.985 alpha=-0.037 beta=+0.129 | loss 3.0194 (delta +0.1340) size 496.7 MB sparsity 13.2%
=== generation 18/50 done in 447s (0 reused), batch baseline 2.8854, HV 0.19264, front 100 points, 100/100 feasible, best delta loss +0.0019, smallest 438.0 MB
gen 19 offspring [1/100] k= 18 (used  17.0) c=0.995 alpha=-0.196 beta=+0.434 | loss 3.6224 (delta +0.7371) size 444.3 MB sparsity 29.3%
gen 19 offspring [2/100] k= 16 (used  15.0) c=0.964 alpha=-0.369 beta=+0.368 | loss 3.9125 (delta +1.0272) size 439.6 MB sparsity 31.9%
gen 19 offspring [3/100] k= 16 (used  16.0) c=0.874 alpha=-0.073 beta=+0.125 | loss 3.4510 (delta +0.5657) size 450.5 MB sparsity 22.5%
gen 19 offspring [4/100] k= 17 (used  17.0) c=0.970 alpha=-0.200 beta=+0.445 | loss 3.6290 (delta +0.7436) size 444.0 MB sparsity 29.4%
gen 19 offspring [5/100] k= 32 (used  31.0) c=0.995 alpha=-0.117 beta=+0.473 | loss 5.4585 (delta +2.5732) size 484.6 MB sparsity 25.4%
gen 19 offspring [6/100] k= 32 (used  32.0) c=0.850 alpha=-0.200 beta=+0.369 | loss 3.2402 (delta +0.3549) size 487.8 MB sparsity 23.9%
gen 19 offspring [7/100] k= 17 (used  17.0) c=0.923 alpha=-0.203 beta=+0.100 | loss 3.3300 (delta +0.4447) size 459.0 MB sparsity 21.1%
gen 19 offspring [8/100] k= 19 (used  19.0) c=0.832 alpha=-0.198 beta=+0.442 | loss 3.5675 (delta +0.6822) size 479.9 MB sparsity 27.5%
gen 19 offspring [9/100] k= 63 (used  63.0) c=0.956 alpha=-0.099 beta=+0.121 | loss 2.9238 (delta +0.0384) size 541.4 MB sparsity 9.6%
gen 19 offspring [10/100] k= 32 (used  32.0) c=0.900 alpha=-0.328 beta=+0.200 | loss 3.1823 (delta +0.2970) size 491.2 MB sparsity 22.5%
gen 19 offspring [11/100] k= 34 (used  33.0) c=0.988 alpha=-0.122 beta=+0.430 | loss 3.2857 (delta +0.4004) size 488.6 MB sparsity 23.6%
gen 19 offspring [12/100] k= 16 (used  16.0) c=0.876 alpha=-0.105 beta=+0.039 | loss 3.4675 (delta +0.5822) size 450.4 MB sparsity 22.6%
gen 19 offspring [13/100] k= 17 (used  17.0) c=0.862 alpha=-0.070 beta=+0.370 | loss 3.4380 (delta +0.5526) size 451.1 MB sparsity 25.4%
gen 19 offspring [14/100] k= 17 (used  17.0) c=0.848 alpha=-0.088 beta=+0.366 | loss 3.4248 (delta +0.5395) size 451.7 MB sparsity 25.1%
gen 19 offspring [15/100] k= 20 (used  20.0) c=0.859 alpha=-0.050 beta=+0.238 | loss 3.2386 (delta +0.3533) size 494.8 MB sparsity 19.5%
gen 19 offspring [16/100] k= 35 (used  35.0) c=0.980 alpha=-0.041 beta=+0.442 | loss 3.3253 (delta +0.4400) size 523.4 MB sparsity 23.4%
gen 19 offspring [17/100] k= 17 (used  17.0) c=0.979 alpha=-0.062 beta=+0.315 | loss 3.4738 (delta +0.5884) size 452.0 MB sparsity 24.9%
gen 19 offspring [18/100] k= 30 (used  29.0) c=0.999 alpha=-0.207 beta=+0.132 | loss 3.0572 (delta +0.1719) size 496.6 MB sparsity 16.0%
gen 19 offspring [19/100] k= 33 (used  33.0) c=0.947 alpha=-0.106 beta=+0.132 | loss 2.9731 (delta +0.0878) size 514.8 MB sparsity 11.9%
gen 19 offspring [20/100] k= 17 (used  17.0) c=0.974 alpha=-0.096 beta=+0.441 | loss 3.6280 (delta +0.7426) size 444.3 MB sparsity 29.3%
gen 19 offspring [21/100] k= 31 (used  31.0) c=0.983 alpha=-0.042 beta=+0.043 | loss 2.9926 (delta +0.1072) size 496.7 MB sparsity 12.2%
gen 19 offspring [22/100] k= 32 (used  31.0) c=0.998 alpha=-0.220 beta=+0.277 | loss 3.1679 (delta +0.2826) size 493.6 MB sparsity 21.4%
gen 19 offspring [23/100] k= 17 (used  17.0) c=0.851 alpha=-0.454 beta=+0.468 | loss 4.3208 (delta +1.4354) size 429.1 MB sparsity 37.8%
gen 19 offspring [24/100] k= 17 (used  17.0) c=0.815 alpha=-0.039 beta=+0.346 | loss 3.4175 (delta +0.5322) size 453.7 MB sparsity 24.0%
gen 19 offspring [25/100] k= 36 (used  35.0) c=0.999 alpha=-0.086 beta=+0.122 | loss 2.9739 (delta +0.0886) size 541.4 MB sparsity 11.4%
gen 19 offspring [26/100] k= 16 (used  16.0) c=0.859 alpha=-0.042 beta=+0.370 | loss 3.5519 (delta +0.6666) size 448.2 MB sparsity 26.9%
gen 19 offspring [27/100] k= 37 (used  37.0) c=0.915 alpha=-0.200 beta=+0.353 | loss 3.1799 (delta +0.2945) size 523.7 MB sparsity 23.3%
gen 19 offspring [28/100] k= 73 (used  73.0) c=0.850 alpha=-0.097 beta=+0.119 | loss 2.9340 (delta +0.0486) size 586.1 MB sparsity 9.3%
gen 19 offspring [29/100] k= 27 (used  27.0) c=0.997 alpha=-0.044 beta=+0.469 | loss 4.1718 (delta +1.2864) size 483.0 MB sparsity 26.1%
gen 19 offspring [30/100] k= 16 (used  16.0) c=0.850 alpha=-0.052 beta=+0.423 | loss 3.6045 (delta +0.7191) size 445.5 MB sparsity 28.6%
gen 19 offspring [31/100] k= 17 (used  17.0) c=0.975 alpha=-0.081 beta=+0.495 | loss 14.0445 (delta +11.1591) size 440.9 MB sparsity 31.2%
gen 19 offspring [32/100] k=235 (used 235.0) c=0.991 alpha=-0.029 beta=+0.048 | loss 2.8888 (delta +0.0034) size 630.9 MB sparsity 3.3%
gen 19 offspring [33/100] k= 31 (used  31.0) c=0.917 alpha=-0.028 beta=+0.002 | loss 2.9765 (delta +0.0911) size 496.7 MB sparsity 11.4%
gen 19 offspring [34/100] k= 33 (used  33.0) c=0.959 alpha=-0.106 beta=+0.005 | loss 2.9702 (delta +0.0848) size 516.2 MB sparsity 11.3%
gen 19 offspring [35/100] k= 35 (used  35.0) c=0.849 alpha=-0.123 beta=+0.003 | loss 2.9640 (delta +0.0786) size 541.4 MB sparsity 10.4%
gen 19 offspring [36/100] k= 25 (used  25.0) c=0.988 alpha=-0.002 beta=+0.127 | loss 3.0652 (delta +0.1799) size 496.4 MB sparsity 15.2%
gen 19 offspring [37/100] k= 17 (used  17.0) c=0.876 alpha=-0.023 beta=+0.099 | loss 3.3101 (delta +0.4247) size 461.1 MB sparsity 19.9%
gen 19 offspring [38/100] k= 17 (used  17.0) c=0.859 alpha=-0.063 beta=+0.215 | loss 3.2847 (delta +0.3994) size 460.6 MB sparsity 20.2%
gen 19 offspring [39/100] k= 16 (used  15.0) c=0.986 alpha=-0.047 beta=+0.427 | loss 3.8298 (delta +0.9445) size 442.0 MB sparsity 30.6%
gen 19 offspring [40/100] k= 47 (used  46.8) c=0.960 alpha=-0.201 beta=+0.492 | loss 3.4164 (delta +0.5310) size 509.9 MB sparsity 28.4%
gen 19 offspring [41/100] k= 17 (used  17.0) c=0.886 alpha=-0.077 beta=+0.441 | loss 3.5905 (delta +0.7052) size 446.1 MB sparsity 28.3%
gen 19 offspring [42/100] k= 29 (used  29.0) c=0.865 alpha=-0.219 beta=+0.369 | loss 3.2393 (delta +0.3539) size 486.0 MB sparsity 24.8%
gen 19 offspring [43/100] k= 16 (used  15.0) c=0.985 alpha=-0.020 beta=+0.304 | loss 3.7273 (delta +0.8420) size 448.2 MB sparsity 26.5%
gen 19 offspring [44/100] k= 30 (used  30.0) c=0.837 alpha=-0.200 beta=+0.207 | loss 3.0897 (delta +0.2044) size 496.6 MB sparsity 17.7%
gen 19 offspring [45/100] k=125 (used 125.0) c=0.993 alpha=-0.044 beta=+0.005 | loss 2.8913 (delta +0.0059) size 586.1 MB sparsity 3.5%
gen 19 offspring [46/100] k= 17 (used  17.0) c=0.843 alpha=-0.045 beta=+0.346 | loss 3.3912 (delta +0.5059) size 453.1 MB sparsity 24.3%
gen 19 offspring [47/100] k= 33 (used  33.0) c=0.862 alpha=-0.223 beta=+0.426 | loss 3.3537 (delta +0.4684) size 481.1 MB sparsity 27.0%
gen 19 offspring [48/100] k= 16 (used  16.0) c=0.850 alpha=-0.162 beta=+0.141 | loss 3.4078 (delta +0.5224) size 450.7 MB sparsity 21.9%
gen 19 offspring [49/100] k= 34 (used  33.0) c=0.994 alpha=-0.147 beta=+0.257 | loss 3.0467 (delta +0.1614) size 501.6 MB sparsity 17.8%
gen 19 offspring [50/100] k=  9 (used   9.0) c=0.998 alpha=-0.220 beta=+0.308 | loss 7.4538 (delta +4.5684) size 396.1 MB sparsity 41.6%
gen 19 offspring [51/100] k= 16 (used  15.0) c=0.975 alpha=-0.342 beta=+0.419 | loss 3.9748 (delta +1.0895) size 437.9 MB sparsity 32.8%
gen 19 offspring [52/100] k= 32 (used  32.0) c=0.865 alpha=-0.235 beta=+0.360 | loss 3.2561 (delta +0.3708) size 485.5 MB sparsity 25.0%
gen 19 offspring [53/100] k= 73 (used  73.0) c=0.991 alpha=-0.059 beta=+0.059 | loss 2.9035 (delta +0.0181) size 586.1 MB sparsity 5.7%
gen 19 offspring [54/100] k= 17 (used  17.0) c=0.843 alpha=-0.198 beta=+0.445 | loss 3.5849 (delta +0.6995) size 446.2 MB sparsity 28.2%
gen 19 offspring [55/100] k= 32 (used  32.0) c=0.841 alpha=-0.050 beta=+0.014 | loss 2.9845 (delta +0.0991) size 496.7 MB sparsity 10.5%
gen 19 offspring [56/100] k= 26 (used  26.0) c=0.917 alpha=-0.055 beta=+0.002 | loss 3.0477 (delta +0.1623) size 496.6 MB sparsity 14.1%
gen 19 offspring [57/100] k= 16 (used  16.0) c=0.859 alpha=-0.092 beta=+0.332 | loss 3.5183 (delta +0.6330) size 449.4 MB sparsity 25.6%
gen 19 offspring [58/100] k= 16 (used  15.0) c=0.994 alpha=-0.071 beta=+0.468 | loss 3.9367 (delta +1.0513) size 439.3 MB sparsity 32.1%
gen 19 offspring [59/100] k= 32 (used  32.0) c=0.949 alpha=-0.204 beta=+0.300 | loss 3.1401 (delta +0.2547) size 493.2 MB sparsity 21.6%
gen 19 offspring [60/100] k= 30 (used  29.0) c=0.989 alpha=-0.002 beta=+0.291 | loss 3.0995 (delta +0.2142) size 495.8 MB sparsity 18.9%
gen 19 offspring [61/100] k= 26 (used  26.0) c=0.852 alpha=-0.310 beta=+0.412 | loss 3.4886 (delta +0.6033) size 474.3 MB sparsity 30.0%
gen 19 offspring [62/100] k= 17 (used  17.0) c=0.854 alpha=-0.204 beta=+0.345 | loss 3.4058 (delta +0.5205) size 452.2 MB sparsity 24.8%
gen 19 offspring [63/100] k= 31 (used  31.0) c=0.974 alpha=-0.134 beta=+0.013 | loss 2.9940 (delta +0.1086) size 496.7 MB sparsity 12.6%
gen 19 offspring [64/100] k= 33 (used  33.0) c=0.994 alpha=-0.058 beta=+0.002 | loss 2.9784 (delta +0.0931) size 515.5 MB sparsity 11.6%
gen 19 offspring [65/100] k= 42 (used  41.0) c=0.979 alpha=-0.200 beta=+0.332 | loss 3.1503 (delta +0.2650) size 526.0 MB sparsity 22.4%
gen 19 offspring [66/100] k=168 (used 165.2) c=0.918 alpha=-0.224 beta=+0.369 | loss 3.1734 (delta +0.2880) size 587.4 MB sparsity 24.7%
gen 19 offspring [67/100] k= 17 (used  17.0) c=0.912 alpha=-0.105 beta=+0.305 | loss 3.4361 (delta +0.5508) size 454.2 MB sparsity 23.7%
gen 19 offspring [68/100] k= 13 (used  13.0) c=0.998 alpha=-0.085 beta=+0.434 | loss 4.3737 (delta +1.4883) size 437.3 MB sparsity 33.2%
gen 19 offspring [69/100] k= 32 (used  31.0) c=0.980 alpha=-0.119 beta=+0.299 | loss 3.0828 (delta +0.1975) size 496.0 MB sparsity 18.8%
gen 19 offspring [70/100] k= 17 (used  17.0) c=0.975 alpha=-0.211 beta=+0.429 | loss 3.6007 (delta +0.7153) size 444.8 MB sparsity 29.0%
gen 19 offspring [71/100] k= 16 (used  16.0) c=0.877 alpha=-0.071 beta=+0.296 | loss 3.5206 (delta +0.6353) size 449.9 MB sparsity 24.6%
gen 19 offspring [72/100] k= 33 (used  33.0) c=0.974 alpha=-0.204 beta=+0.314 | loss 3.1349 (delta +0.2495) size 492.1 MB sparsity 22.1%
gen 19 offspring [73/100] k= 16 (used  15.0) c=0.995 alpha=-0.213 beta=+0.131 | loss 3.6439 (delta +0.7585) size 448.5 MB sparsity 25.4%
gen 19 offspring [74/100] k= 29 (used  29.0) c=0.980 alpha=-0.238 beta=+0.161 | loss 3.0731 (delta +0.1877) size 496.4 MB sparsity 17.8%
gen 19 offspring [75/100] k= 16 (used  16.0) c=0.859 alpha=-0.341 beta=+0.235 | loss 3.5812 (delta +0.6958) size 449.0 MB sparsity 26.3%
gen 19 offspring [76/100] k= 17 (used  17.0) c=0.969 alpha=-0.283 beta=+0.461 | loss 3.7714 (delta +0.8861) size 439.8 MB sparsity 31.8%
gen 19 offspring [77/100] k= 34 (used  33.0) c=0.989 alpha=-0.025 beta=+0.283 | loss 3.0569 (delta +0.1716) size 501.7 MB sparsity 17.7%
gen 19 offspring [78/100] k= 32 (used  32.0) c=0.903 alpha=-0.076 beta=+0.300 | loss 3.0743 (delta +0.1889) size 496.3 MB sparsity 18.2%
gen 19 offspring [79/100] k= 39 (used  39.0) c=1.000 alpha=-0.086 beta=+0.101 | loss 2.9546 (delta +0.0693) size 541.4 MB sparsity 10.1%
gen 19 offspring [80/100] k= 17 (used  17.0) c=0.981 alpha=-0.309 beta=+0.435 | loss 3.7886 (delta +0.9032) size 439.8 MB sparsity 31.8%
gen 19 offspring [81/100] k= 60 (used  60.0) c=0.956 alpha=-0.040 beta=+0.061 | loss 2.9258 (delta +0.0405) size 541.4 MB sparsity 6.3%
gen 19 offspring [82/100] k= 16 (used  16.0) c=0.925 alpha=-0.165 beta=+0.125 | loss 3.5324 (delta +0.6471) size 449.7 MB sparsity 23.7%
gen 19 offspring [83/100] k= 28 (used  27.0) c=0.987 alpha=-0.029 beta=+0.120 | loss 3.0412 (delta +0.1558) size 496.6 MB sparsity 14.0%
gen 19 offspring [84/100] k=163 (used 161.1) c=0.848 alpha=-0.342 beta=+0.070 | loss 3.0663 (delta +0.1809) size 614.2 MB sparsity 17.2%
gen 19 offspring [85/100] k= 17 (used  17.0) c=0.836 alpha=-0.327 beta=+0.430 | loss 3.8046 (delta +0.9192) size 439.7 MB sparsity 31.8%
gen 19 offspring [86/100] k= 16 (used  15.0) c=0.980 alpha=-0.163 beta=+0.115 | loss 3.6616 (delta +0.7763) size 448.8 MB sparsity 25.0%
gen 19 offspring [87/100] k= 17 (used  17.0) c=0.997 alpha=-0.236 beta=+0.445 | loss 3.6768 (delta +0.7914) size 442.8 MB sparsity 30.1%
gen 19 offspring [88/100] k= 17 (used  17.0) c=0.988 alpha=-0.200 beta=+0.438 | loss 3.6203 (delta +0.7349) size 444.1 MB sparsity 29.4%
gen 19 offspring [89/100] k= 18 (used  18.0) c=0.851 alpha=-0.317 beta=+0.434 | loss 3.7610 (delta +0.8757) size 470.7 MB sparsity 31.6%
gen 19 offspring [90/100] k= 17 (used  17.0) c=0.980 alpha=-0.062 beta=+0.337 | loss 3.4814 (delta +0.5961) size 450.7 MB sparsity 25.7%
gen 19 offspring [91/100] k= 31 (used  31.0) c=0.915 alpha=-0.225 beta=+0.304 | loss 3.1552 (delta +0.2698) size 491.0 MB sparsity 22.5%
gen 19 offspring [92/100] k= 17 (used  17.0) c=0.849 alpha=-0.349 beta=+0.428 | loss 3.8648 (delta +0.9795) size 438.4 MB sparsity 32.6%
gen 19 offspring [93/100] k= 32 (used  32.0) c=0.862 alpha=-0.119 beta=+0.299 | loss 3.0952 (delta +0.2099) size 496.4 MB sparsity 18.4%
gen 19 offspring [94/100] k= 33 (used  33.0) c=0.967 alpha=-0.371 beta=+0.207 | loss 3.2307 (delta +0.3453) size 486.9 MB sparsity 24.4%
gen 19 offspring [95/100] k= 46 (used  46.0) c=0.978 alpha=-0.123 beta=+0.003 | loss 2.9353 (delta +0.0500) size 541.4 MB sparsity 9.7%
gen 19 offspring [96/100] k= 42 (used  41.0) c=0.997 alpha=-0.048 beta=+0.194 | loss 2.9688 (delta +0.0834) size 541.4 MB sparsity 13.0%
gen 19 offspring [97/100] k= 16 (used  16.0) c=0.851 alpha=-0.066 beta=+0.311 | loss 3.4791 (delta +0.5938) size 449.9 MB sparsity 24.7%
gen 19 offspring [98/100] k= 16 (used  15.0) c=0.981 alpha=-0.161 beta=+0.363 | loss 3.7220 (delta +0.8366) size 445.9 MB sparsity 28.3%
gen 19 offspring [99/100] k= 17 (used  17.0) c=0.989 alpha=-0.059 beta=+0.433 | loss 3.6108 (delta +0.7254) size 444.5 MB sparsity 29.2%
gen 19 offspring [100/100] k= 31 (used  31.0) c=0.917 alpha=-0.055 beta=+0.000 | loss 2.9766 (delta +0.0912) size 496.7 MB sparsity 11.4%
=== generation 19/50 done in 447s (0 reused), batch baseline 2.8854, HV 0.19274, front 100 points, 100/100 feasible, best delta loss +0.0019, smallest 438.0 MB
gen 20 offspring [1/100] k= 19 (used  19.0) c=1.000 alpha=-0.221 beta=+0.391 | loss 3.5117 (delta +0.6263) size 480.7 MB sparsity 27.1%
gen 20 offspring [2/100] k= 32 (used  32.0) c=0.919 alpha=-0.233 beta=+0.481 | loss 3.4253 (delta +0.5399) size 475.5 MB sparsity 29.5%
gen 20 offspring [3/100] k= 31 (used  31.0) c=0.901 alpha=-0.225 beta=+0.296 | loss 3.1524 (delta +0.2670) size 491.8 MB sparsity 22.2%
gen 20 offspring [4/100] k= 39 (used  39.0) c=0.994 alpha=-0.088 beta=+0.468 | loss 6.6467 (delta +3.7614) size 522.0 MB sparsity 23.9%
gen 20 offspring [5/100] k= 17 (used  17.0) c=0.850 alpha=-0.203 beta=+0.100 | loss 3.2783 (delta +0.3930) size 461.3 MB sparsity 19.8%
gen 20 offspring [6/100] k= 17 (used  17.0) c=0.970 alpha=-0.309 beta=+0.430 | loss 3.7435 (delta +0.8582) size 440.2 MB sparsity 31.6%
gen 20 offspring [7/100] k= 32 (used  32.0) c=0.966 alpha=-0.339 beta=+0.425 | loss 3.5554 (delta +0.6700) size 470.9 MB sparsity 31.5%
gen 20 offspring [8/100] k= 17 (used  17.0) c=0.987 alpha=-0.236 beta=+0.470 | loss 3.7232 (delta +0.8379) size 441.4 MB sparsity 30.9%
gen 20 offspring [9/100] k= 30 (used  29.0) c=0.996 alpha=-0.043 beta=+0.117 | loss 3.0243 (delta +0.1389) size 496.7 MB sparsity 13.2%
gen 20 offspring [10/100] k= 33 (used  33.0) c=0.932 alpha=-0.061 beta=+0.061 | loss 2.9741 (delta +0.0888) size 517.1 MB sparsity 10.9%
gen 20 offspring [11/100] k= 33 (used  33.0) c=0.977 alpha=-0.200 beta=+0.153 | loss 3.0088 (delta +0.1234) size 506.2 MB sparsity 15.7%
gen 20 offspring [12/100] k= 33 (used  33.0) c=0.983 alpha=-0.084 beta=+0.101 | loss 2.9720 (delta +0.0866) size 515.8 MB sparsity 11.5%
gen 20 offspring [13/100] k=125 (used 125.0) c=0.993 alpha=-0.044 beta=+0.003 | loss 2.8913 (delta +0.0059) size 586.1 MB sparsity 3.5%
gen 20 offspring [14/100] k= 38 (used  37.0) c=0.983 alpha=-0.200 beta=+0.419 | loss 3.2965 (delta +0.4111) size 516.8 MB sparsity 25.8%
gen 20 offspring [15/100] k= 16 (used  16.0) c=0.850 alpha=-0.057 beta=+0.142 | loss 3.4025 (delta +0.5172) size 450.7 MB sparsity 21.9%
gen 20 offspring [16/100] k= 33 (used  33.0) c=0.959 alpha=-0.370 beta=+0.415 | loss 3.5249 (delta +0.6396) size 469.1 MB sparsity 32.3%
gen 20 offspring [17/100] k= 75 (used  75.0) c=0.989 alpha=-0.134 beta=+0.017 | loss 2.9166 (delta +0.0312) size 586.1 MB sparsity 8.3%
gen 20 offspring [18/100] k= 31 (used  31.0) c=0.926 alpha=-0.023 beta=+0.001 | loss 2.9768 (delta +0.0915) size 496.7 MB sparsity 11.5%
gen 20 offspring [19/100] k= 16 (used  15.0) c=0.968 alpha=-0.214 beta=+0.461 | loss 3.9187 (delta +1.0333) size 440.3 MB sparsity 31.5%
gen 20 offspring [20/100] k= 73 (used  73.0) c=0.991 alpha=-0.094 beta=+0.119 | loss 2.9113 (delta +0.0259) size 586.1 MB sparsity 9.3%
gen 20 offspring [21/100] k= 12 (used  12.0) c=0.860 alpha=-0.046 beta=+0.131 | loss 4.1880 (delta +1.3027) size 442.7 MB sparsity 30.2%
gen 20 offspring [22/100] k= 17 (used  17.0) c=0.859 alpha=-0.047 beta=+0.370 | loss 3.4509 (delta +0.5656) size 451.2 MB sparsity 25.4%
gen 20 offspring [23/100] k= 13 (used  13.0) c=0.846 alpha=-0.212 beta=+0.304 | loss 3.8070 (delta +0.9217) size 448.1 MB sparsity 26.6%
gen 20 offspring [24/100] k= 18 (used  18.0) c=0.853 alpha=-0.203 beta=+0.345 | loss 3.3919 (delta +0.5066) size 485.9 MB sparsity 24.8%
gen 20 offspring [25/100] k= 32 (used  32.0) c=0.943 alpha=-0.198 beta=+0.299 | loss 3.1269 (delta +0.2415) size 493.8 MB sparsity 21.3%
gen 20 offspring [26/100] k= 30 (used  30.0) c=0.925 alpha=-0.002 beta=+0.283 | loss 3.0860 (delta +0.2006) size 496.2 MB sparsity 18.2%
gen 20 offspring [27/100] k= 17 (used  17.0) c=0.841 alpha=-0.041 beta=+0.346 | loss 3.3908 (delta +0.5054) size 453.2 MB sparsity 24.3%
gen 20 offspring [28/100] k= 17 (used  17.0) c=0.923 alpha=-0.203 beta=+0.044 | loss 3.3300 (delta +0.4447) size 459.0 MB sparsity 21.1%
gen 20 offspring [29/100] k= 16 (used  16.0) c=0.849 alpha=-0.054 beta=+0.366 | loss 3.5077 (delta +0.6223) size 448.5 MB sparsity 26.6%
gen 20 offspring [30/100] k= 17 (used  17.0) c=0.858 alpha=-0.062 beta=+0.238 | loss 3.3111 (delta +0.4258) size 459.5 MB sparsity 20.8%
gen 20 offspring [31/100] k= 22 (used  21.0) c=0.975 alpha=-0.216 beta=+0.445 | loss 3.5163 (delta +0.6310) size 478.0 MB sparsity 28.3%
gen 20 offspring [32/100] k= 16 (used  15.0) c=0.992 alpha=-0.104 beta=+0.445 | loss 3.8754 (delta +0.9900) size 440.7 MB sparsity 31.3%
gen 20 offspring [33/100] k= 32 (used  32.0) c=0.956 alpha=-0.110 beta=+0.373 | loss 3.1785 (delta +0.2931) size 493.4 MB sparsity 21.4%
gen 20 offspring [34/100] k= 13 (used  13.0) c=0.861 alpha=-0.066 beta=+0.336 | loss 3.7710 (delta +0.8857) size 446.7 MB sparsity 27.8%
gen 20 offspring [35/100] k= 17 (used  17.0) c=0.834 alpha=-0.048 beta=+0.285 | loss 3.3375 (delta +0.4522) size 457.2 MB sparsity 22.0%
gen 20 offspring [36/100] k= 19 (used  19.0) c=0.964 alpha=-0.200 beta=+0.444 | loss 3.5601 (delta +0.6747) size 478.0 MB sparsity 28.3%
gen 20 offspring [37/100] k= 17 (used  17.0) c=0.993 alpha=-0.060 beta=+0.304 | loss 3.4614 (delta +0.5761) size 452.4 MB sparsity 24.7%
gen 20 offspring [38/100] k=128 (used 128.0) c=0.853 alpha=-0.051 beta=+0.005 | loss 2.9131 (delta +0.0278) size 586.1 MB sparsity 3.5%
gen 20 offspring [39/100] k= 17 (used  17.0) c=0.969 alpha=-0.212 beta=+0.513 | loss 15.3180 (delta +12.4327) size 439.7 MB sparsity 31.9%
gen 20 offspring [40/100] k= 15 (used  15.0) c=0.996 alpha=-0.029 beta=+0.011 | loss 3.6346 (delta +0.7492) size 448.5 MB sparsity 25.4%
gen 20 offspring [41/100] k= 18 (used  18.0) c=0.850 alpha=-0.342 beta=+0.419 | loss 3.8028 (delta +0.9175) size 469.8 MB sparsity 32.0%
gen 20 offspring [42/100] k= 31 (used  31.0) c=0.946 alpha=-0.309 beta=+0.310 | loss 3.2838 (delta +0.3984) size 483.2 MB sparsity 26.0%
gen 20 offspring [43/100] k= 31 (used  31.0) c=0.917 alpha=-0.035 beta=+0.002 | loss 2.9765 (delta +0.0911) size 496.7 MB sparsity 11.4%
gen 20 offspring [44/100] k= 17 (used  17.0) c=0.852 alpha=-0.310 beta=+0.430 | loss 3.7696 (delta +0.8842) size 440.8 MB sparsity 31.2%
gen 20 offspring [45/100] k= 32 (used  32.0) c=0.934 alpha=-0.119 beta=+0.300 | loss 3.0775 (delta +0.1922) size 496.2 MB sparsity 18.7%
gen 20 offspring [46/100] k= 32 (used  32.0) c=0.865 alpha=-0.233 beta=+0.369 | loss 3.2622 (delta +0.3769) size 484.9 MB sparsity 25.3%
gen 20 offspring [47/100] k= 24 (used  23.0) c=0.984 alpha=-0.203 beta=+0.445 | loss 3.4732 (delta +0.5878) size 479.5 MB sparsity 27.7%
gen 20 offspring [48/100] k= 32 (used  31.0) c=0.995 alpha=-0.117 beta=+0.214 | loss 3.0252 (delta +0.1398) size 496.7 MB sparsity 15.6%
gen 20 offspring [49/100] k= 30 (used  29.0) c=0.989 alpha=-0.007 beta=+0.121 | loss 3.0181 (delta +0.1327) size 496.7 MB sparsity 13.2%
gen 20 offspring [50/100] k= 17 (used  17.0) c=0.848 alpha=-0.062 beta=+0.354 | loss 3.4043 (delta +0.5190) size 452.5 MB sparsity 24.7%
gen 20 offspring [51/100] k= 29 (used  29.0) c=0.997 alpha=-0.101 beta=+0.122 | loss 3.0205 (delta +0.1351) size 496.7 MB sparsity 13.3%
gen 20 offspring [52/100] k= 17 (used  17.0) c=0.920 alpha=-0.029 beta=+0.072 | loss 3.3578 (delta +0.4724) size 459.4 MB sparsity 20.8%
gen 20 offspring [53/100] k= 17 (used  17.0) c=0.856 alpha=-0.310 beta=+0.435 | loss 3.7792 (delta +0.8939) size 440.4 MB sparsity 31.4%
gen 20 offspring [54/100] k= 16 (used  16.0) c=0.848 alpha=-0.058 beta=+0.009 | loss 3.3990 (delta +0.5137) size 450.7 MB sparsity 21.9%
gen 20 offspring [55/100] k= 17 (used  17.0) c=0.997 alpha=-0.220 beta=+0.444 | loss 3.6613 (delta +0.7760) size 443.3 MB sparsity 29.9%
gen 20 offspring [56/100] k= 16 (used  16.0) c=0.857 alpha=-0.191 beta=+0.183 | loss 3.4215 (delta +0.5362) size 450.6 MB sparsity 22.1%
gen 20 offspring [57/100] k= 61 (used  60.9) c=0.914 alpha=-0.198 beta=+0.299 | loss 3.0887 (delta +0.2033) size 530.2 MB sparsity 20.8%
gen 20 offspring [58/100] k= 55 (used  54.9) c=0.975 alpha=-0.042 beta=+0.351 | loss 3.1025 (delta +0.2171) size 538.1 MB sparsity 17.9%
gen 20 offspring [59/100] k= 39 (used  39.0) c=0.999 alpha=-0.296 beta=+0.207 | loss 3.1665 (delta +0.2812) size 528.8 MB sparsity 21.3%
gen 20 offspring [60/100] k=163 (used 163.0) c=0.974 alpha=-0.051 beta=+0.049 | loss 2.8923 (delta +0.0069) size 630.9 MB sparsity 4.4%
gen 20 offspring [61/100] k= 33 (used  33.0) c=0.993 alpha=-0.349 beta=+0.405 | loss 3.4860 (delta +0.6006) size 471.7 MB sparsity 31.2%
gen 20 offspring [62/100] k= 17 (used  17.0) c=0.852 alpha=-0.113 beta=+0.014 | loss 3.2747 (delta +0.3893) size 462.0 MB sparsity 19.4%
gen 20 offspring [63/100] k= 17 (used  17.0) c=0.997 alpha=-0.114 beta=+0.346 | loss 3.4995 (delta +0.6141) size 449.7 MB sparsity 26.2%
gen 20 offspring [64/100] k= 33 (used  33.0) c=0.974 alpha=-0.204 beta=+0.331 | loss 3.1465 (delta +0.2611) size 490.6 MB sparsity 22.7%
gen 20 offspring [65/100] k= 16 (used  16.0) c=0.866 alpha=-0.308 beta=+0.131 | loss 3.5237 (delta +0.6383) size 449.8 MB sparsity 24.9%
gen 20 offspring [66/100] k=235 (used 235.0) c=0.996 alpha=-0.032 beta=+0.011 | loss 2.8876 (delta +0.0023) size 630.9 MB sparsity 2.2%
gen 20 offspring [67/100] k= 16 (used  15.0) c=0.986 alpha=-0.204 beta=+0.442 | loss 3.8589 (delta +0.9736) size 441.1 MB sparsity 31.1%
gen 20 offspring [68/100] k= 31 (used  31.0) c=0.914 alpha=-0.215 beta=+0.304 | loss 3.1377 (delta +0.2524) size 492.0 MB sparsity 22.1%
gen 20 offspring [69/100] k= 32 (used  31.0) c=0.975 alpha=-0.015 beta=+0.369 | loss 3.1716 (delta +0.2863) size 493.5 MB sparsity 21.3%
gen 20 offspring [70/100] k= 19 (used  19.0) c=0.863 alpha=-0.195 beta=+0.363 | loss 3.3800 (delta +0.4946) size 486.2 MB sparsity 24.7%
gen 20 offspring [71/100] k= 30 (used  30.0) c=0.916 alpha=-0.217 beta=+0.364 | loss 3.2327 (delta +0.3473) size 486.4 MB sparsity 24.6%
gen 20 offspring [72/100] k= 17 (used  17.0) c=0.848 alpha=-0.028 beta=+0.216 | loss 3.2713 (delta +0.3859) size 460.9 MB sparsity 20.0%
gen 20 offspring [73/100] k= 17 (used  17.0) c=0.990 alpha=-0.028 beta=+0.120 | loss 3.4174 (delta +0.5320) size 456.7 MB sparsity 22.3%
gen 20 offspring [74/100] k= 17 (used  17.0) c=0.999 alpha=-0.103 beta=+0.346 | loss 3.4989 (delta +0.6136) size 449.7 MB sparsity 26.2%
gen 20 offspring [75/100] k=163 (used 163.0) c=0.983 alpha=-0.059 beta=+0.100 | loss 2.8952 (delta +0.0099) size 630.9 MB sparsity 6.8%
gen 20 offspring [76/100] k= 17 (used  17.0) c=0.996 alpha=-0.088 beta=+0.459 | loss 3.6864 (delta +0.8010) size 442.7 MB sparsity 30.2%
gen 20 offspring [77/100] k= 15 (used  15.0) c=0.874 alpha=-0.165 beta=+0.125 | loss 3.4718 (delta +0.5864) size 450.5 MB sparsity 22.5%
gen 20 offspring [78/100] k= 33 (used  33.0) c=0.991 alpha=-0.135 beta=+0.014 | loss 2.9771 (delta +0.0918) size 514.1 MB sparsity 12.2%
gen 20 offspring [79/100] k= 64 (used  64.0) c=0.974 alpha=-0.200 beta=+0.054 | loss 2.9504 (delta +0.0651) size 541.4 MB sparsity 11.5%
gen 20 offspring [80/100] k=  9 (used   9.0) c=0.848 alpha=-0.041 beta=+0.309 | loss 5.6322 (delta +2.7469) size 403.3 MB sparsity 36.2%
gen 20 offspring [81/100] k= 17 (used  17.0) c=0.853 alpha=-0.068 beta=+0.438 | loss 3.5702 (delta +0.6849) size 447.0 MB sparsity 27.8%
gen 20 offspring [82/100] k= 17 (used  17.0) c=0.868 alpha=-0.151 beta=+0.337 | loss 3.4066 (delta +0.5213) size 453.2 MB sparsity 24.3%
gen 20 offspring [83/100] k= 42 (used  42.0) c=0.851 alpha=-0.058 beta=+0.123 | loss 2.9596 (delta +0.0742) size 541.4 MB sparsity 9.5%
gen 20 offspring [84/100] k= 17 (used  17.0) c=0.997 alpha=-0.037 beta=+0.238 | loss 3.4472 (delta +0.5618) size 455.6 MB sparsity 22.9%
gen 20 offspring [85/100] k=246 (used 242.3) c=0.857 alpha=-0.042 beta=+0.370 | loss 3.1945 (delta +0.3092) size 614.7 MB sparsity 17.0%
gen 20 offspring [86/100] k= 29 (used  29.0) c=0.986 alpha=-0.062 beta=+0.126 | loss 3.0191 (delta +0.1337) size 496.7 MB sparsity 13.2%
gen 20 offspring [87/100] k= 17 (used  17.0) c=0.995 alpha=-0.117 beta=+0.516 | loss 15.3355 (delta +12.4501) size 439.2 MB sparsity 32.1%
gen 20 offspring [88/100] k= 33 (used  33.0) c=0.933 alpha=-0.106 beta=+0.005 | loss 2.9746 (delta +0.0893) size 516.8 MB sparsity 11.0%
gen 20 offspring [89/100] k= 16 (used  16.0) c=0.856 alpha=-0.347 beta=+0.413 | loss 3.8238 (delta +0.9385) size 438.9 MB sparsity 32.3%
gen 20 offspring [90/100] k= 33 (used  33.0) c=0.993 alpha=-0.081 beta=+0.127 | loss 2.9751 (delta +0.0898) size 514.6 MB sparsity 12.0%
gen 20 offspring [91/100] k= 50 (used  49.9) c=0.919 alpha=-0.235 beta=+0.369 | loss 3.2228 (delta +0.3374) size 518.6 MB sparsity 25.2%
gen 20 offspring [92/100] k= 15 (used  15.0) c=0.969 alpha=-0.088 beta=+0.461 | loss 3.9038 (delta +1.0184) size 440.3 MB sparsity 31.5%
gen 20 offspring [93/100] k= 17 (used  17.0) c=0.985 alpha=-0.182 beta=+0.338 | loss 3.4857 (delta +0.6003) size 450.5 MB sparsity 25.8%
gen 20 offspring [94/100] k= 32 (used  31.0) c=0.974 alpha=-0.211 beta=+0.314 | loss 3.1699 (delta +0.2845) size 491.3 MB sparsity 22.4%
gen 20 offspring [95/100] k= 35 (used  35.0) c=0.967 alpha=-0.226 beta=+0.192 | loss 3.0809 (delta +0.1956) size 537.5 MB sparsity 18.1%
gen 20 offspring [96/100] k= 17 (used  17.0) c=0.981 alpha=-0.071 beta=+0.435 | loss 3.6241 (delta +0.7387) size 444.5 MB sparsity 29.1%
gen 20 offspring [97/100] k= 17 (used  17.0) c=0.994 alpha=-0.283 beta=+0.467 | loss 3.7985 (delta +0.9131) size 439.2 MB sparsity 32.1%
gen 20 offspring [98/100] k= 12 (used  12.0) c=0.857 alpha=-0.312 beta=+0.439 | loss 4.4016 (delta +1.5162) size 435.5 MB sparsity 34.2%
gen 20 offspring [99/100] k= 17 (used  17.0) c=0.975 alpha=-0.217 beta=+0.429 | loss 3.6034 (delta +0.7180) size 444.7 MB sparsity 29.1%
gen 20 offspring [100/100] k= 16 (used  15.0) c=0.997 alpha=-0.381 beta=+0.460 | loss 4.2066 (delta +1.3212) size 433.0 MB sparsity 35.6%
=== generation 20/50 done in 447s (0 reused), batch baseline 2.8854, HV 0.19289, front 100 points, 100/100 feasible, best delta loss +0.0019, smallest 438.0 MB
gen 21 offspring [1/100] k=125 (used 125.0) c=0.993 alpha=-0.107 beta=+0.004 | loss 2.8986 (delta +0.0132) size 586.1 MB sparsity 6.1%
gen 21 offspring [2/100] k= 32 (used  32.0) c=0.967 alpha=-0.198 beta=+0.203 | loss 3.0679 (delta +0.1825) size 496.6 MB sparsity 17.6%
gen 21 offspring [3/100] k= 32 (used  32.0) c=0.865 alpha=-0.235 beta=+0.412 | loss 3.3256 (delta +0.4403) size 481.1 MB sparsity 27.0%
gen 21 offspring [4/100] k= 32 (used  31.0) c=0.969 alpha=-0.199 beta=+0.461 | loss 3.3829 (delta +0.4976) size 479.9 MB sparsity 27.5%
gen 21 offspring [5/100] k= 14 (used  13.0) c=0.956 alpha=-0.061 beta=+0.064 | loss 4.0392 (delta +1.1539) size 445.7 MB sparsity 28.2%
gen 21 offspring [6/100] k= 31 (used  31.0) c=0.981 alpha=-0.062 beta=+0.305 | loss 3.0932 (delta +0.2079) size 495.9 MB sparsity 18.9%
gen 21 offspring [7/100] k= 16 (used  15.0) c=1.000 alpha=-0.165 beta=+0.125 | loss 3.6465 (delta +0.7612) size 448.4 MB sparsity 25.5%
gen 21 offspring [8/100] k= 18 (used  18.0) c=0.916 alpha=-0.023 beta=+0.002 | loss 3.3540 (delta +0.4687) size 492.6 MB sparsity 20.8%
gen 21 offspring [9/100] k= 33 (used  33.0) c=0.974 alpha=-0.204 beta=+0.326 | loss 3.1407 (delta +0.2553) size 491.1 MB sparsity 22.5%
gen 21 offspring [10/100] k= 17 (used  17.0) c=0.973 alpha=-0.309 beta=+0.442 | loss 3.8032 (delta +0.9178) size 439.4 MB sparsity 32.0%
gen 21 offspring [11/100] k= 17 (used  17.0) c=0.981 alpha=-0.309 beta=+0.114 | loss 3.5080 (delta +0.6227) size 452.4 MB sparsity 24.8%
gen 21 offspring [12/100] k= 24 (used  23.0) c=0.987 alpha=-0.002 beta=+0.123 | loss 3.1122 (delta +0.2269) size 495.9 MB sparsity 16.5%
gen 21 offspring [13/100] k= 17 (used  17.0) c=0.872 alpha=-0.087 beta=+0.228 | loss 3.3073 (delta +0.4219) size 459.6 MB sparsity 20.7%
gen 21 offspring [14/100] k= 37 (used  37.0) c=0.959 alpha=-0.176 beta=+0.005 | loss 2.9749 (delta +0.0896) size 541.4 MB sparsity 12.7%
gen 21 offspring [15/100] k= 36 (used  36.0) c=0.852 alpha=-0.047 beta=+0.349 | loss 3.1425 (delta +0.2572) size 534.7 MB sparsity 19.2%
gen 21 offspring [16/100] k= 17 (used  17.0) c=0.941 alpha=-0.202 beta=+0.238 | loss 3.3621 (delta +0.4767) size 457.0 MB sparsity 22.1%
gen 21 offspring [17/100] k= 16 (used  16.0) c=0.844 alpha=-0.086 beta=+0.101 | loss 3.4238 (delta +0.5385) size 450.8 MB sparsity 21.8%
gen 21 offspring [18/100] k= 20 (used  19.0) c=0.990 alpha=-0.188 beta=+0.183 | loss 3.2824 (delta +0.3970) size 493.4 MB sparsity 20.1%
gen 21 offspring [19/100] k= 13 (used  13.0) c=0.866 alpha=-0.155 beta=+0.363 | loss 3.8103 (delta +0.9249) size 445.2 MB sparsity 28.7%
gen 21 offspring [20/100] k= 17 (used  17.0) c=0.997 alpha=-0.048 beta=+0.445 | loss 3.6566 (delta +0.7712) size 443.5 MB sparsity 29.7%
gen 21 offspring [21/100] k= 28 (used  27.0) c=0.986 alpha=-0.062 beta=+0.127 | loss 3.0430 (delta +0.1576) size 496.6 MB sparsity 14.1%
gen 21 offspring [22/100] k= 33 (used  33.0) c=0.974 alpha=-0.196 beta=+0.020 | loss 2.9961 (delta +0.1108) size 509.5 MB sparsity 14.3%
gen 21 offspring [23/100] k= 17 (used  17.0) c=0.976 alpha=-0.203 beta=+0.035 | loss 3.3934 (delta +0.5081) size 457.2 MB sparsity 22.1%
gen 21 offspring [24/100] k= 42 (used  42.0) c=0.957 alpha=-0.045 beta=+0.004 | loss 2.9405 (delta +0.0551) size 541.4 MB sparsity 9.0%
gen 21 offspring [25/100] k= 17 (used  17.0) c=0.841 alpha=-0.283 beta=+0.183 | loss 3.3917 (delta +0.5063) size 457.0 MB sparsity 22.2%
gen 21 offspring [26/100] k= 31 (used  31.0) c=0.995 alpha=-0.193 beta=+0.238 | loss 3.0863 (delta +0.2009) size 496.2 MB sparsity 18.8%
gen 21 offspring [27/100] k= 32 (used  32.0) c=0.843 alpha=-0.198 beta=+0.445 | loss 3.3695 (delta +0.4842) size 481.7 MB sparsity 26.7%
gen 21 offspring [28/100] k= 25 (used  25.0) c=0.993 alpha=-0.081 beta=+0.456 | loss 3.4417 (delta +0.5564) size 482.7 MB sparsity 26.2%
gen 21 offspring [29/100] k= 17 (used  17.0) c=0.862 alpha=-0.251 beta=+0.225 | loss 3.3458 (delta +0.4605) size 457.1 MB sparsity 22.1%
gen 21 offspring [30/100] k= 17 (used  17.0) c=0.844 alpha=-0.178 beta=+0.369 | loss 3.4284 (delta +0.5431) size 451.5 MB sparsity 25.3%
gen 21 offspring [31/100] k= 57 (used  57.0) c=0.985 alpha=-0.042 beta=+0.135 | loss 2.9314 (delta +0.0461) size 541.4 MB sparsity 9.2%
gen 21 offspring [32/100] k= 16 (used  16.0) c=0.878 alpha=-0.161 beta=+0.363 | loss 3.5681 (delta +0.6828) size 448.1 MB sparsity 26.9%
gen 21 offspring [33/100] k= 18 (used  18.0) c=0.862 alpha=-0.091 beta=+0.371 | loss 3.4235 (delta +0.5381) size 484.4 MB sparsity 25.5%
gen 21 offspring [34/100] k= 16 (used  15.0) c=0.988 alpha=-0.236 beta=+0.420 | loss 3.8302 (delta +0.9448) size 442.2 MB sparsity 30.4%
gen 21 offspring [35/100] k= 80 (used  79.9) c=0.859 alpha=-0.051 beta=+0.238 | loss 2.9742 (delta +0.0888) size 586.1 MB sparsity 12.4%
gen 21 offspring [36/100] k= 31 (used  31.0) c=0.998 alpha=-0.134 beta=+0.017 | loss 3.0019 (delta +0.1165) size 496.7 MB sparsity 12.8%
gen 21 offspring [37/100] k= 17 (used  17.0) c=0.852 alpha=-0.331 beta=+0.435 | loss 3.8034 (delta +0.9180) size 439.1 MB sparsity 32.2%
gen 21 offspring [38/100] k= 31 (used  31.0) c=0.929 alpha=-0.065 beta=+0.303 | loss 3.0767 (delta +0.1914) size 496.2 MB sparsity 18.5%
gen 21 offspring [39/100] k= 32 (used  31.0) c=0.974 alpha=-0.211 beta=+0.344 | loss 3.1930 (delta +0.3076) size 488.7 MB sparsity 23.5%
gen 21 offspring [40/100] k= 17 (used  17.0) c=0.844 alpha=-0.045 beta=+0.346 | loss 3.3928 (delta +0.5074) size 453.1 MB sparsity 24.3%
gen 21 offspring [41/100] k= 16 (used  16.0) c=0.867 alpha=-0.067 beta=+0.233 | loss 3.4404 (delta +0.5551) size 450.5 MB sparsity 22.7%
gen 21 offspring [42/100] k= 42 (used  41.0) c=0.997 alpha=-0.064 beta=+0.165 | loss 2.9549 (delta +0.0695) size 541.4 MB sparsity 11.9%
gen 21 offspring [43/100] k= 17 (used  17.0) c=0.990 alpha=-0.220 beta=+0.469 | loss 3.7048 (delta +0.8194) size 441.8 MB sparsity 30.6%
gen 21 offspring [44/100] k= 16 (used  16.0) c=0.848 alpha=-0.042 beta=+0.009 | loss 3.3990 (delta +0.5137) size 450.7 MB sparsity 21.9%
gen 21 offspring [45/100] k= 33 (used  33.0) c=0.914 alpha=-0.371 beta=+0.071 | loss 3.1552 (delta +0.2699) size 495.2 MB sparsity 20.7%
gen 21 offspring [46/100] k= 72 (used  72.0) c=0.985 alpha=-0.097 beta=+0.076 | loss 2.9102 (delta +0.0248) size 586.1 MB sparsity 7.8%
gen 21 offspring [47/100] k= 17 (used  17.0) c=0.974 alpha=-0.284 beta=+0.369 | loss 3.6118 (delta +0.7264) size 445.5 MB sparsity 28.6%
gen 21 offspring [48/100] k=100 (used  99.7) c=0.832 alpha=-0.070 beta=+0.222 | loss 2.9764 (delta +0.0911) size 586.1 MB sparsity 12.4%
gen 21 offspring [49/100] k= 18 (used  18.0) c=0.848 alpha=-0.027 beta=+0.117 | loss 3.2590 (delta +0.3736) size 494.0 MB sparsity 19.3%
gen 21 offspring [50/100] k=163 (used 163.0) c=0.873 alpha=-0.042 beta=+0.000 | loss 2.9074 (delta +0.0220) size 630.9 MB sparsity 2.9%
gen 21 offspring [51/100] k= 30 (used  30.0) c=0.849 alpha=-0.028 beta=+0.085 | loss 2.9846 (delta +0.0992) size 496.7 MB sparsity 11.3%
gen 21 offspring [52/100] k= 17 (used  17.0) c=0.987 alpha=-0.236 beta=+0.475 | loss 3.7278 (delta +0.8424) size 441.0 MB sparsity 31.1%
gen 21 offspring [53/100] k= 16 (used  16.0) c=0.834 alpha=-0.347 beta=+0.427 | loss 3.9251 (delta +1.0398) size 438.1 MB sparsity 32.7%
gen 21 offspring [54/100] k= 28 (used  27.0) c=0.997 alpha=-0.101 beta=+0.443 | loss 3.3677 (delta +0.4824) size 485.0 MB sparsity 25.2%
gen 21 offspring [55/100] k= 31 (used  31.0) c=0.998 alpha=-0.062 beta=+0.127 | loss 2.9988 (delta +0.1134) size 496.7 MB sparsity 12.6%
gen 21 offspring [56/100] k= 25 (used  25.0) c=0.977 alpha=-0.173 beta=+0.519 | loss 15.3033 (delta +12.4179) size 476.3 MB sparsity 29.1%
gen 21 offspring [57/100] k= 19 (used  19.0) c=0.832 alpha=-0.103 beta=+0.392 | loss 3.4360 (delta +0.5506) size 486.0 MB sparsity 24.8%
gen 21 offspring [58/100] k= 15 (used  15.0) c=0.993 alpha=-0.082 beta=+0.127 | loss 3.6567 (delta +0.7713) size 448.6 MB sparsity 25.3%
gen 21 offspring [59/100] k= 17 (used  17.0) c=0.988 alpha=-0.221 beta=+0.445 | loss 3.6550 (delta +0.7697) size 443.3 MB sparsity 29.8%
gen 21 offspring [60/100] k= 38 (used  37.0) c=0.998 alpha=-0.342 beta=+0.419 | loss 3.5320 (delta +0.6466) size 501.9 MB sparsity 31.4%
gen 21 offspring [61/100] k= 16 (used  16.0) c=0.853 alpha=-0.045 beta=+0.416 | loss 3.6083 (delta +0.7230) size 445.8 MB sparsity 28.4%
gen 21 offspring [62/100] k=253 (used 252.9) c=0.992 alpha=-0.079 beta=+0.011 | loss 2.8904 (delta +0.0051) size 630.9 MB sparsity 4.1%
gen 21 offspring [63/100] k= 52 (used  51.0) c=0.998 alpha=-0.220 beta=+0.171 | loss 3.0354 (delta +0.1500) size 540.6 MB sparsity 16.7%
gen 21 offspring [64/100] k= 33 (used  33.0) c=0.944 alpha=-0.250 beta=+0.369 | loss 3.2722 (delta +0.3869) size 483.4 MB sparsity 25.9%
gen 21 offspring [65/100] k= 18 (used  18.0) c=0.848 alpha=-0.052 beta=+0.300 | loss 3.3234 (delta +0.4380) size 490.5 MB sparsity 22.7%
gen 21 offspring [66/100] k=163 (used 161.0) c=0.983 alpha=-0.046 beta=+0.418 | loss 3.2934 (delta +0.4081) size 607.3 MB sparsity 19.1%
gen 21 offspring [67/100] k= 32 (used  32.0) c=0.922 alpha=-0.200 beta=+0.373 | loss 3.2048 (delta +0.3195) size 487.3 MB sparsity 24.2%
gen 21 offspring [68/100] k= 33 (used  33.0) c=0.998 alpha=-0.109 beta=+0.198 | loss 3.0040 (delta +0.1187) size 508.8 MB sparsity 14.6%
gen 21 offspring [69/100] k= 18 (used  17.0) c=0.976 alpha=-0.028 beta=+0.482 | loss 4.4630 (delta +1.5776) size 441.7 MB sparsity 30.7%
gen 21 offspring [70/100] k= 18 (used  18.0) c=0.859 alpha=-0.062 beta=+0.312 | loss 3.3636 (delta +0.4782) size 489.2 MB sparsity 23.3%
gen 21 offspring [71/100] k= 13 (used  13.0) c=0.968 alpha=-0.313 beta=+0.461 | loss 4.3243 (delta +1.4389) size 435.3 MB sparsity 34.3%
gen 21 offspring [72/100] k=156 (used 156.0) c=0.993 alpha=-0.044 beta=+0.003 | loss 2.8918 (delta +0.0065) size 630.9 MB sparsity 3.1%
gen 21 offspring [73/100] k= 13 (used  13.0) c=0.998 alpha=-0.220 beta=+0.140 | loss 4.1548 (delta +1.2695) size 444.2 MB sparsity 29.3%
gen 21 offspring [74/100] k= 33 (used  33.0) c=0.967 alpha=-0.090 beta=+0.220 | loss 3.0095 (delta +0.1241) size 507.5 MB sparsity 15.1%
gen 21 offspring [75/100] k= 32 (used  31.0) c=0.986 alpha=-0.026 beta=+0.442 | loss 3.3189 (delta +0.4336) size 487.4 MB sparsity 24.1%
gen 21 offspring [76/100] k= 19 (used  19.0) c=0.848 alpha=-0.068 beta=+0.312 | loss 3.2931 (delta +0.4077) size 492.0 MB sparsity 22.0%
gen 21 offspring [77/100] k= 16 (used  16.0) c=0.871 alpha=-0.066 beta=+0.311 | loss 3.4997 (delta +0.6143) size 449.7 MB sparsity 25.0%
gen 21 offspring [78/100] k= 16 (used  16.0) c=0.894 alpha=-0.165 beta=+0.104 | loss 3.5125 (delta +0.6271) size 450.2 MB sparsity 23.0%
gen 21 offspring [79/100] k= 14 (used  14.0) c=0.874 alpha=-0.342 beta=+0.495 | loss 4.2320 (delta +1.3467) size 433.0 MB sparsity 35.6%
gen 21 offspring [80/100] k= 33 (used  33.0) c=0.991 alpha=-0.097 beta=+0.119 | loss 2.9748 (delta +0.0895) size 515.0 MB sparsity 11.8%
gen 21 offspring [81/100] k=235 (used 235.0) c=0.996 alpha=-0.003 beta=+0.003 | loss 2.8872 (delta +0.0019) size 630.9 MB sparsity 1.6%
gen 21 offspring [82/100] k= 17 (used  17.0) c=0.852 alpha=-0.346 beta=+0.427 | loss 3.8420 (delta +0.9566) size 438.7 MB sparsity 32.4%
gen 21 offspring [83/100] k= 18 (used  18.0) c=0.845 alpha=-0.027 beta=+0.007 | loss 3.2676 (delta +0.3823) size 494.1 MB sparsity 19.2%
gen 21 offspring [84/100] k= 17 (used  17.0) c=0.904 alpha=-0.298 beta=+0.386 | loss 3.7136 (delta +0.8283) size 444.1 MB sparsity 29.4%
gen 21 offspring [85/100] k= 30 (used  29.0) c=0.999 alpha=-0.160 beta=+0.036 | loss 3.0354 (delta +0.1500) size 496.7 MB sparsity 14.1%
gen 21 offspring [86/100] k= 25 (used  25.0) c=0.959 alpha=-0.000 beta=+0.127 | loss 3.0702 (delta +0.1849) size 496.5 MB sparsity 14.8%
gen 21 offspring [87/100] k= 16 (used  16.0) c=0.848 alpha=-0.058 beta=+0.120 | loss 3.3990 (delta +0.5137) size 450.7 MB sparsity 21.9%
gen 21 offspring [88/100] k= 17 (used  17.0) c=0.957 alpha=-0.103 beta=+0.346 | loss 3.5087 (delta +0.6234) size 450.6 MB sparsity 25.7%
gen 21 offspring [89/100] k= 28 (used  27.0) c=0.974 alpha=-0.204 beta=+0.455 | loss 3.4249 (delta +0.5396) size 479.5 MB sparsity 27.7%
gen 21 offspring [90/100] k= 17 (used  17.0) c=0.987 alpha=-0.236 beta=+0.525 | loss 15.2704 (delta +12.3850) size 438.0 MB sparsity 32.8%
gen 21 offspring [91/100] k= 17 (used  17.0) c=0.870 alpha=-0.062 beta=+0.231 | loss 3.3134 (delta +0.4281) size 459.5 MB sparsity 20.8%
gen 21 offspring [92/100] k= 32 (used  32.0) c=0.924 alpha=-0.235 beta=+0.367 | loss 3.2465 (delta +0.3612) size 484.8 MB sparsity 25.3%
gen 21 offspring [93/100] k= 73 (used  73.0) c=0.991 alpha=-0.097 beta=+0.009 | loss 2.9063 (delta +0.0209) size 586.1 MB sparsity 6.9%
gen 21 offspring [94/100] k= 33 (used  33.0) c=1.000 alpha=-0.121 beta=+0.014 | loss 2.9821 (delta +0.0968) size 514.9 MB sparsity 11.9%
gen 21 offspring [95/100] k= 17 (used  17.0) c=0.996 alpha=-0.088 beta=+0.332 | loss 3.5086 (delta +0.6232) size 450.6 MB sparsity 25.7%
gen 21 offspring [96/100] k= 29 (used  29.0) c=0.980 alpha=-0.055 beta=+0.141 | loss 3.0087 (delta +0.1233) size 496.7 MB sparsity 13.4%
gen 21 offspring [97/100] k= 17 (used  17.0) c=0.848 alpha=-0.065 beta=+0.307 | loss 3.3470 (delta +0.4616) size 455.5 MB sparsity 23.0%
gen 21 offspring [98/100] k= 32 (used  32.0) c=0.855 alpha=-0.211 beta=+0.302 | loss 3.1964 (delta +0.3110) size 492.6 MB sparsity 21.8%
gen 21 offspring [99/100] k= 17 (used  17.0) c=0.969 alpha=-0.177 beta=+0.432 | loss 3.5918 (delta +0.7064) size 444.9 MB sparsity 28.9%
gen 21 offspring [100/100] k= 29 (used  29.0) c=0.970 alpha=-0.092 beta=+0.127 | loss 3.0065 (delta +0.1211) size 496.7 MB sparsity 13.0%
=== generation 21/50 done in 447s (0 reused), batch baseline 2.8854, HV 0.19293, front 100 points, 100/100 feasible, best delta loss +0.0019, smallest 438.0 MB
gen 22 offspring [1/100] k= 13 (used  13.0) c=0.851 alpha=-0.066 beta=+0.311 | loss 3.7760 (delta +0.8906) size 447.8 MB sparsity 26.9%
gen 22 offspring [2/100] k= 37 (used  37.0) c=1.000 alpha=-0.086 beta=+0.420 | loss 3.2691 (delta +0.3838) size 526.1 MB sparsity 22.4%
gen 22 offspring [3/100] k= 17 (used  17.0) c=0.989 alpha=-0.059 beta=+0.433 | loss 3.6108 (delta +0.7254) size 444.5 MB sparsity 29.2%
gen 22 offspring [4/100] k= 17 (used  17.0) c=0.860 alpha=-0.207 beta=+0.339 | loss 3.4075 (delta +0.5221) size 452.4 MB sparsity 24.7%
gen 22 offspring [5/100] k= 17 (used  17.0) c=0.859 alpha=-0.240 beta=+0.223 | loss 3.3406 (delta +0.4553) size 457.8 MB sparsity 21.7%
gen 22 offspring [6/100] k= 45 (used  45.0) c=0.915 alpha=-0.161 beta=+0.187 | loss 2.9912 (delta +0.1059) size 541.3 MB sparsity 15.0%
gen 22 offspring [7/100] k= 47 (used  47.0) c=0.991 alpha=-0.048 beta=+0.196 | loss 2.9608 (delta +0.0755) size 541.4 MB sparsity 12.4%
gen 22 offspring [8/100] k= 17 (used  17.0) c=0.861 alpha=-0.164 beta=+0.083 | loss 3.2812 (delta +0.3959) size 461.6 MB sparsity 19.6%
gen 22 offspring [9/100] k= 16 (used  16.0) c=0.856 alpha=-0.213 beta=+0.366 | loss 3.5163 (delta +0.6310) size 448.3 MB sparsity 26.8%
gen 22 offspring [10/100] k= 17 (used  17.0) c=0.926 alpha=-0.023 beta=+0.001 | loss 3.3261 (delta +0.4407) size 459.1 MB sparsity 21.0%
gen 22 offspring [11/100] k= 16 (used  16.0) c=0.852 alpha=-0.200 beta=+0.126 | loss 3.4150 (delta +0.5297) size 450.7 MB sparsity 22.0%
gen 22 offspring [12/100] k= 32 (used  32.0) c=0.919 alpha=-0.233 beta=+0.201 | loss 3.0796 (delta +0.1942) size 496.3 MB sparsity 18.8%
gen 22 offspring [13/100] k= 17 (used  17.0) c=0.848 alpha=-0.032 beta=+0.216 | loss 3.2713 (delta +0.3859) size 460.9 MB sparsity 20.0%
gen 22 offspring [14/100] k= 30 (used  30.0) c=0.828 alpha=-0.067 beta=+0.163 | loss 3.0107 (delta +0.1253) size 496.7 MB sparsity 12.8%
gen 22 offspring [15/100] k= 17 (used  17.0) c=0.994 alpha=-0.234 beta=+0.467 | loss 3.7048 (delta +0.8195) size 441.5 MB sparsity 30.8%
gen 22 offspring [16/100] k= 10 (used  10.0) c=0.859 alpha=-0.309 beta=+0.284 | loss 5.5400 (delta +2.6547) size 431.1 MB sparsity 36.7%
gen 22 offspring [17/100] k= 32 (used  32.0) c=0.865 alpha=-0.235 beta=+0.345 | loss 3.2358 (delta +0.3504) size 486.8 MB sparsity 24.4%
gen 22 offspring [18/100] k= 25 (used  25.0) c=1.000 alpha=-0.002 beta=+0.127 | loss 3.0661 (delta +0.1807) size 496.4 MB sparsity 15.3%
gen 22 offspring [19/100] k= 33 (used  33.0) c=0.962 alpha=-0.204 beta=+0.331 | loss 3.1535 (delta +0.2681) size 490.6 MB sparsity 22.7%
gen 22 offspring [20/100] k=235 (used 234.7) c=0.996 alpha=-0.113 beta=+0.001 | loss 2.8953 (delta +0.0100) size 630.9 MB sparsity 5.6%
gen 22 offspring [21/100] k= 15 (used  15.0) c=0.886 alpha=-0.074 beta=+0.441 | loss 3.7166 (delta +0.8313) size 443.5 MB sparsity 29.7%
gen 22 offspring [22/100] k= 14 (used  14.0) c=0.849 alpha=-0.058 beta=+0.256 | loss 3.6982 (delta +0.8128) size 448.6 MB sparsity 25.5%
gen 22 offspring [23/100] k= 16 (used  16.0) c=0.881 alpha=-0.161 beta=+0.363 | loss 3.5715 (delta +0.6862) size 448.1 MB sparsity 26.9%
gen 22 offspring [24/100] k= 32 (used  31.0) c=0.996 alpha=-0.209 beta=+0.139 | loss 3.0407 (delta +0.1553) size 496.7 MB sparsity 15.9%
gen 22 offspring [25/100] k=255 (used 254.0) c=0.972 alpha=-0.174 beta=+0.003 | loss 2.9126 (delta +0.0273) size 630.9 MB sparsity 8.1%
gen 22 offspring [26/100] k= 14 (used  13.0) c=0.982 alpha=-0.259 beta=+0.427 | loss 4.2628 (delta +1.3775) size 438.1 MB sparsity 32.7%
gen 22 offspring [27/100] k= 17 (used  17.0) c=0.990 alpha=-0.109 beta=+0.469 | loss 3.7010 (delta +0.8157) size 442.2 MB sparsity 30.4%
gen 22 offspring [28/100] k= 17 (used  17.0) c=0.852 alpha=-0.317 beta=+0.381 | loss 3.6968 (delta +0.8115) size 443.4 MB sparsity 29.8%
gen 22 offspring [29/100] k= 17 (used  17.0) c=0.992 alpha=-0.309 beta=+0.430 | loss 3.7679 (delta +0.8826) size 440.1 MB sparsity 31.6%
gen 22 offspring [30/100] k=125 (used 125.0) c=0.993 alpha=-0.044 beta=+0.001 | loss 2.8915 (delta +0.0062) size 586.1 MB sparsity 3.5%
gen 22 offspring [31/100] k= 17 (used  17.0) c=0.992 alpha=-0.236 beta=+0.435 | loss 3.6285 (delta +0.7432) size 443.5 MB sparsity 29.7%
gen 22 offspring [32/100] k= 42 (used  41.0) c=0.983 alpha=-0.048 beta=+0.192 | loss 2.9734 (delta +0.0881) size 541.4 MB sparsity 12.9%
gen 22 offspring [33/100] k= 33 (used  33.0) c=0.905 alpha=-0.215 beta=+0.220 | loss 3.0965 (delta +0.2111) size 499.5 MB sparsity 18.7%
gen 22 offspring [34/100] k= 32 (used  32.0) c=0.864 alpha=-0.235 beta=+0.369 | loss 3.2770 (delta +0.3916) size 484.7 MB sparsity 25.3%
gen 22 offspring [35/100] k= 17 (used  17.0) c=0.969 alpha=-0.072 beta=+0.461 | loss 3.6696 (delta +0.7842) size 443.2 MB sparsity 29.9%
gen 22 offspring [36/100] k= 17 (used  17.0) c=0.949 alpha=-0.061 beta=+0.438 | loss 3.6369 (delta +0.7515) size 445.0 MB sparsity 28.9%
gen 22 offspring [37/100] k= 17 (used  17.0) c=0.815 alpha=-0.070 beta=+0.225 | loss 3.2995 (delta +0.4141) size 461.3 MB sparsity 19.8%
gen 22 offspring [38/100] k= 33 (used  33.0) c=0.999 alpha=-0.091 beta=+0.101 | loss 2.9814 (delta +0.0961) size 515.4 MB sparsity 11.6%
gen 22 offspring [39/100] k= 17 (used  17.0) c=0.862 alpha=-0.091 beta=+0.366 | loss 3.4360 (delta +0.5506) size 451.4 MB sparsity 25.3%
gen 22 offspring [40/100] k= 18 (used  18.0) c=0.853 alpha=-0.068 beta=+0.309 | loss 3.3546 (delta +0.4692) size 489.7 MB sparsity 23.1%
gen 22 offspring [41/100] k= 73 (used  73.0) c=0.922 alpha=-0.200 beta=+0.120 | loss 2.9539 (delta +0.0685) size 585.9 MB sparsity 13.6%
gen 22 offspring [42/100] k= 17 (used  17.0) c=0.876 alpha=-0.108 beta=+0.429 | loss 3.5830 (delta +0.6976) size 447.1 MB sparsity 27.7%
gen 22 offspring [43/100] k= 33 (used  33.0) c=0.974 alpha=-0.285 beta=+0.369 | loss 3.3036 (delta +0.4183) size 480.4 MB sparsity 27.3%
gen 22 offspring [44/100] k= 17 (used  17.0) c=0.882 alpha=-0.048 beta=+0.408 | loss 3.5465 (delta +0.6612) size 448.3 MB sparsity 27.0%
gen 22 offspring [45/100] k= 31 (used  31.0) c=0.917 alpha=-0.037 beta=+0.002 | loss 2.9765 (delta +0.0911) size 496.7 MB sparsity 11.4%
gen 22 offspring [46/100] k= 21 (used  21.0) c=0.990 alpha=-0.259 beta=+0.416 | loss 3.5303 (delta +0.6450) size 477.1 MB sparsity 28.7%
gen 22 offspring [47/100] k= 18 (used  17.0) c=0.988 alpha=-0.199 beta=+0.101 | loss 3.4127 (delta +0.5274) size 456.7 MB sparsity 22.3%
gen 22 offspring [48/100] k= 17 (used  17.0) c=0.987 alpha=-0.236 beta=+0.475 | loss 3.7278 (delta +0.8424) size 441.0 MB sparsity 31.1%
gen 22 offspring [49/100] k= 16 (used  16.0) c=0.862 alpha=-0.092 beta=+0.127 | loss 3.4294 (delta +0.5440) size 450.6 MB sparsity 22.2%
gen 22 offspring [50/100] k= 17 (used  17.0) c=0.987 alpha=-0.057 beta=+0.460 | loss 3.6851 (delta +0.7998) size 442.8 MB sparsity 30.1%
gen 22 offspring [51/100] k= 10 (used   9.0) c=0.991 alpha=-0.098 beta=+0.299 | loss 7.7141 (delta +4.8287) size 396.4 MB sparsity 41.4%
gen 22 offspring [52/100] k= 32 (used  32.0) c=0.922 alpha=-0.200 beta=+0.371 | loss 3.2026 (delta +0.3173) size 487.5 MB sparsity 24.1%
gen 22 offspring [53/100] k= 16 (used  16.0) c=0.874 alpha=-0.092 beta=+0.225 | loss 3.4459 (delta +0.5606) size 450.5 MB sparsity 22.7%
gen 22 offspring [54/100] k= 16 (used  16.0) c=0.863 alpha=-0.161 beta=+0.128 | loss 3.4299 (delta +0.5446) size 450.6 MB sparsity 22.2%
gen 22 offspring [55/100] k= 31 (used  31.0) c=0.926 alpha=-0.036 beta=+0.085 | loss 2.9767 (delta +0.0914) size 496.7 MB sparsity 11.5%
gen 22 offspring [56/100] k= 17 (used  17.0) c=0.923 alpha=-0.350 beta=+0.417 | loss 3.8539 (delta +0.9686) size 438.7 MB sparsity 32.4%
gen 22 offspring [57/100] k= 33 (used  33.0) c=0.967 alpha=-0.371 beta=+0.375 | loss 3.4668 (delta +0.5814) size 472.4 MB sparsity 30.9%
gen 22 offspring [58/100] k= 16 (used  16.0) c=0.856 alpha=-0.343 beta=+0.413 | loss 3.8185 (delta +0.9331) size 439.2 MB sparsity 32.1%
gen 22 offspring [59/100] k= 17 (used  17.0) c=1.000 alpha=-0.068 beta=+0.313 | loss 3.4931 (delta +0.6077) size 451.8 MB sparsity 25.1%
gen 22 offspring [60/100] k= 17 (used  17.0) c=0.997 alpha=-0.199 beta=+0.446 | loss 3.6571 (delta +0.7718) size 443.5 MB sparsity 29.7%
gen 22 offspring [61/100] k= 17 (used  17.0) c=0.966 alpha=-0.071 beta=+0.568 | loss 15.3240 (delta +12.4386) size 436.6 MB sparsity 33.6%
gen 22 offspring [62/100] k= 15 (used  15.0) c=0.989 alpha=-0.217 beta=+0.445 | loss 3.8713 (delta +0.9859) size 440.8 MB sparsity 31.2%
gen 22 offspring [63/100] k= 28 (used  28.0) c=0.924 alpha=-0.235 beta=+0.405 | loss 3.3414 (delta +0.4560) size 481.3 MB sparsity 26.9%
gen 22 offspring [64/100] k=125 (used 125.0) c=0.993 alpha=-0.001 beta=+0.000 | loss 2.8913 (delta +0.0059) size 586.1 MB sparsity 3.0%
gen 22 offspring [65/100] k=185 (used 185.0) c=0.982 alpha=-0.079 beta=+0.050 | loss 2.8935 (delta +0.0081) size 630.9 MB sparsity 5.5%
gen 22 offspring [66/100] k= 18 (used  17.0) c=0.997 alpha=-0.236 beta=+0.527 | loss 15.3759 (delta +12.4906) size 437.7 MB sparsity 33.0%
gen 22 offspring [67/100] k= 33 (used  33.0) c=0.924 alpha=-0.252 beta=+0.355 | loss 3.2415 (delta +0.3562) size 484.5 MB sparsity 25.5%
gen 22 offspring [68/100] k= 13 (used  13.0) c=0.994 alpha=-0.008 beta=+0.220 | loss 4.1651 (delta +1.2797) size 444.3 MB sparsity 29.1%
gen 22 offspring [69/100] k= 33 (used  33.0) c=0.850 alpha=-0.071 beta=+0.119 | loss 2.9823 (delta +0.0969) size 517.7 MB sparsity 10.6%
gen 22 offspring [70/100] k= 33 (used  33.0) c=0.957 alpha=-0.218 beta=+0.005 | loss 3.0097 (delta +0.1243) size 507.9 MB sparsity 15.0%
gen 22 offspring [71/100] k= 17 (used  17.0) c=0.848 alpha=-0.028 beta=+0.338 | loss 3.3779 (delta +0.4925) size 453.5 MB sparsity 24.1%
gen 22 offspring [72/100] k= 19 (used  19.0) c=0.969 alpha=-0.084 beta=+0.461 | loss 3.5979 (delta +0.7126) size 477.3 MB sparsity 28.7%
gen 22 offspring [73/100] k= 16 (used  16.0) c=0.874 alpha=-0.008 beta=+0.125 | loss 3.4510 (delta +0.5657) size 450.5 MB sparsity 22.5%
gen 22 offspring [74/100] k= 17 (used  17.0) c=0.988 alpha=-0.220 beta=+0.491 | loss 4.8699 (delta +1.9846) size 440.5 MB sparsity 31.4%
gen 22 offspring [75/100] k= 17 (used  17.0) c=0.862 alpha=-0.074 beta=+0.285 | loss 3.3342 (delta +0.4489) size 456.6 MB sparsity 22.4%
gen 22 offspring [76/100] k= 17 (used  17.0) c=0.872 alpha=-0.051 beta=+0.195 | loss 3.3123 (delta +0.4270) size 460.8 MB sparsity 20.0%
gen 22 offspring [77/100] k= 32 (used  32.0) c=0.967 alpha=-0.354 beta=+0.294 | loss 3.3827 (delta +0.4973) size 480.7 MB sparsity 27.1%
gen 22 offspring [78/100] k= 15 (used  15.0) c=0.856 alpha=-0.190 beta=+0.131 | loss 3.4348 (delta +0.5495) size 450.6 MB sparsity 22.1%
gen 22 offspring [79/100] k= 19 (used  19.0) c=0.846 alpha=-0.273 beta=+0.300 | loss 3.4493 (delta +0.5639) size 485.8 MB sparsity 24.9%
gen 22 offspring [80/100] k= 63 (used  63.0) c=0.852 alpha=-0.068 beta=+0.061 | loss 2.9271 (delta +0.0418) size 541.4 MB sparsity 6.1%
gen 22 offspring [81/100] k= 48 (used  48.0) c=0.974 alpha=-0.204 beta=+0.282 | loss 3.0894 (delta +0.2040) size 531.0 MB sparsity 20.5%
gen 22 offspring [82/100] k= 14 (used  14.0) c=0.852 alpha=-0.331 beta=+0.435 | loss 4.0402 (delta +1.1549) size 437.5 MB sparsity 33.1%
gen 22 offspring [83/100] k= 41 (used  41.0) c=0.975 alpha=-0.194 beta=+0.368 | loss 3.1869 (delta +0.3015) size 522.8 MB sparsity 23.6%
gen 22 offspring [84/100] k= 16 (used  16.0) c=0.859 alpha=-0.042 beta=+0.338 | loss 3.5104 (delta +0.6250) size 449.3 MB sparsity 25.8%
gen 22 offspring [85/100] k= 31 (used  31.0) c=0.907 alpha=-0.035 beta=+0.002 | loss 2.9805 (delta +0.0951) size 496.7 MB sparsity 11.3%
gen 22 offspring [86/100] k= 33 (used  33.0) c=0.991 alpha=-0.105 beta=+0.371 | loss 3.1638 (delta +0.2785) size 494.0 MB sparsity 21.2%
gen 22 offspring [87/100] k= 16 (used  15.0) c=0.980 alpha=-0.208 beta=+0.107 | loss 3.6521 (delta +0.7667) size 448.8 MB sparsity 25.0%
gen 22 offspring [88/100] k= 19 (used  19.0) c=0.848 alpha=-0.104 beta=+0.285 | loss 3.2605 (delta +0.3752) size 493.5 MB sparsity 21.0%
gen 22 offspring [89/100] k= 19 (used  19.0) c=0.838 alpha=-0.025 beta=+0.352 | loss 3.3501 (delta +0.4648) size 489.1 MB sparsity 23.4%
gen 22 offspring [90/100] k= 17 (used  17.0) c=0.847 alpha=-0.221 beta=+0.365 | loss 3.4616 (delta +0.5763) size 450.2 MB sparsity 25.9%
gen 22 offspring [91/100] k= 17 (used  17.0) c=0.996 alpha=-0.314 beta=+0.374 | loss 3.7005 (delta +0.8152) size 443.2 MB sparsity 29.9%
gen 22 offspring [92/100] k= 33 (used  33.0) c=0.974 alpha=-0.279 beta=+0.326 | loss 3.2426 (delta +0.3572) size 484.5 MB sparsity 25.4%
gen 22 offspring [93/100] k= 33 (used  33.0) c=0.961 alpha=-0.112 beta=+0.005 | loss 2.9723 (delta +0.0870) size 516.0 MB sparsity 11.4%
gen 22 offspring [94/100] k= 54 (used  53.9) c=0.850 alpha=-0.200 beta=+0.369 | loss 3.1912 (delta +0.3058) size 522.5 MB sparsity 23.7%
gen 22 offspring [95/100] k= 17 (used  17.0) c=0.852 alpha=-0.335 beta=+0.434 | loss 3.8118 (delta +0.9265) size 439.0 MB sparsity 32.3%
gen 22 offspring [96/100] k= 16 (used  15.0) c=1.000 alpha=-0.161 beta=+0.315 | loss 3.6984 (delta +0.8131) size 447.6 MB sparsity 27.1%
gen 22 offspring [97/100] k= 17 (used  17.0) c=0.968 alpha=-0.084 beta=+0.459 | loss 3.6753 (delta +0.7899) size 443.3 MB sparsity 29.8%
gen 22 offspring [98/100] k= 51 (used  50.8) c=0.987 alpha=-0.204 beta=+0.475 | loss 3.3538 (delta +0.4684) size 511.3 MB sparsity 27.9%
gen 22 offspring [99/100] k= 17 (used  17.0) c=0.857 alpha=-0.051 beta=+0.086 | loss 3.2830 (delta +0.3977) size 461.8 MB sparsity 19.5%
gen 22 offspring [100/100] k= 17 (used  17.0) c=0.972 alpha=-0.175 beta=+0.313 | loss 3.4658 (delta +0.5805) size 452.3 MB sparsity 24.8%
=== generation 22/50 done in 447s (0 reused), batch baseline 2.8854, HV 0.19301, front 100 points, 100/100 feasible, best delta loss +0.0019, smallest 438.0 MB
gen 23 offspring [1/100] k=  7 (used   7.0) c=0.846 alpha=-0.032 beta=+0.480 | loss 9.2164 (delta +6.3310) size 389.9 MB sparsity 46.2%
gen 23 offspring [2/100] k= 33 (used  33.0) c=0.959 alpha=-0.104 beta=+0.019 | loss 2.9711 (delta +0.0857) size 516.3 MB sparsity 11.2%
gen 23 offspring [3/100] k= 17 (used  17.0) c=0.986 alpha=-0.257 beta=+0.362 | loss 3.5531 (delta +0.6677) size 447.2 MB sparsity 27.6%
gen 23 offspring [4/100] k= 33 (used  33.0) c=0.974 alpha=-0.210 beta=+0.368 | loss 3.1952 (delta +0.3099) size 486.9 MB sparsity 24.4%
gen 23 offspring [5/100] k= 17 (used  17.0) c=0.990 alpha=-0.111 beta=+0.538 | loss 15.3233 (delta +12.4379) size 438.0 MB sparsity 32.8%
gen 23 offspring [6/100] k= 32 (used  32.0) c=0.921 alpha=-0.109 beta=+0.005 | loss 2.9759 (delta +0.0905) size 496.7 MB sparsity 11.5%
gen 23 offspring [7/100] k= 16 (used  16.0) c=0.876 alpha=-0.213 beta=+0.366 | loss 3.5631 (delta +0.6777) size 447.9 MB sparsity 27.1%
gen 23 offspring [8/100] k= 42 (used  42.0) c=0.911 alpha=-0.062 beta=+0.123 | loss 2.9440 (delta +0.0587) size 541.4 MB sparsity 9.8%
gen 23 offspring [9/100] k= 17 (used  17.0) c=0.854 alpha=-0.028 beta=+0.338 | loss 3.3984 (delta +0.5131) size 453.4 MB sparsity 24.2%
gen 23 offspring [10/100] k= 30 (used  29.0) c=0.990 alpha=-0.200 beta=+0.291 | loss 3.1598 (delta +0.2744) size 493.8 MB sparsity 21.3%
gen 23 offspring [11/100] k= 16 (used  16.0) c=0.854 alpha=-0.280 beta=+0.362 | loss 3.5879 (delta +0.7025) size 446.1 MB sparsity 28.2%
gen 23 offspring [12/100] k= 14 (used  14.0) c=0.853 alpha=-0.203 beta=+0.100 | loss 3.6611 (delta +0.7758) size 448.5 MB sparsity 25.4%
gen 23 offspring [13/100] k= 18 (used  17.0) c=0.993 alpha=-0.098 beta=+0.000 | loss 3.4146 (delta +0.5292) size 456.6 MB sparsity 22.4%
gen 23 offspring [14/100] k= 17 (used  17.0) c=0.970 alpha=-0.309 beta=+0.049 | loss 3.4670 (delta +0.5816) size 452.6 MB sparsity 24.6%
gen 23 offspring [15/100] k= 63 (used  62.8) c=0.956 alpha=-0.061 beta=+0.357 | loss 3.1373 (delta +0.2520) size 538.3 MB sparsity 17.8%
gen 23 offspring [16/100] k= 42 (used  41.0) c=0.997 alpha=-0.049 beta=+0.193 | loss 2.9688 (delta +0.0834) size 541.4 MB sparsity 13.0%
gen 23 offspring [17/100] k= 31 (used  31.0) c=0.908 alpha=-0.063 beta=+0.202 | loss 3.0039 (delta +0.1185) size 496.7 MB sparsity 14.5%
gen 23 offspring [18/100] k= 17 (used  17.0) c=0.842 alpha=-0.309 beta=+0.430 | loss 3.7665 (delta +0.8812) size 440.9 MB sparsity 31.2%
gen 23 offspring [19/100] k= 19 (used  19.0) c=0.915 alpha=-0.028 beta=+0.216 | loss 3.2169 (delta +0.3315) size 494.4 MB sparsity 19.5%
gen 23 offspring [20/100] k= 73 (used  73.0) c=0.991 alpha=-0.189 beta=+0.120 | loss 2.9438 (delta +0.0585) size 586.0 MB sparsity 13.2%
gen 23 offspring [21/100] k= 16 (used  16.0) c=0.832 alpha=-0.198 beta=+0.360 | loss 3.5866 (delta +0.7012) size 449.0 MB sparsity 26.2%
gen 23 offspring [22/100] k= 17 (used  17.0) c=0.856 alpha=-0.236 beta=+0.475 | loss 3.7257 (delta +0.8403) size 442.4 MB sparsity 30.3%
gen 23 offspring [23/100] k= 40 (used  39.0) c=1.000 alpha=-0.086 beta=+0.101 | loss 2.9541 (delta +0.0687) size 541.4 MB sparsity 10.1%
gen 23 offspring [24/100] k= 52 (used  52.0) c=0.980 alpha=-0.290 beta=+0.297 | loss 3.1957 (delta +0.3103) size 520.3 MB sparsity 24.5%
gen 23 offspring [25/100] k= 32 (used  32.0) c=0.917 alpha=-0.082 beta=+0.306 | loss 3.0771 (delta +0.1917) size 496.2 MB sparsity 18.6%
gen 23 offspring [26/100] k= 30 (used  29.0) c=0.990 alpha=-0.342 beta=+0.419 | loss 3.5322 (delta +0.6468) size 470.9 MB sparsity 31.5%
gen 23 offspring [27/100] k= 28 (used  27.0) c=0.995 alpha=-0.254 beta=+0.122 | loss 3.1077 (delta +0.2223) size 496.0 MB sparsity 18.1%
gen 23 offspring [28/100] k= 17 (used  17.0) c=0.970 alpha=-0.308 beta=+0.433 | loss 3.7419 (delta +0.8565) size 440.1 MB sparsity 31.6%
gen 23 offspring [29/100] k= 17 (used  17.0) c=0.955 alpha=-0.210 beta=+0.417 | loss 3.5908 (delta +0.7054) size 445.9 MB sparsity 28.4%
gen 23 offspring [30/100] k= 33 (used  33.0) c=0.947 alpha=-0.204 beta=+0.331 | loss 3.1676 (delta +0.2823) size 490.7 MB sparsity 22.7%
gen 23 offspring [31/100] k= 33 (used  33.0) c=0.989 alpha=-0.205 beta=+0.368 | loss 3.2070 (delta +0.3216) size 487.3 MB sparsity 24.2%
gen 23 offspring [32/100] k= 17 (used  17.0) c=0.983 alpha=-0.234 beta=+0.445 | loss 3.6691 (delta +0.7837) size 443.0 MB sparsity 30.0%
gen 23 offspring [33/100] k= 17 (used  17.0) c=0.983 alpha=-0.042 beta=+0.043 | loss 3.4158 (delta +0.5304) size 457.0 MB sparsity 22.2%
gen 23 offspring [34/100] k= 17 (used  17.0) c=0.926 alpha=-0.037 beta=+0.094 | loss 3.3363 (delta +0.4510) size 459.2 MB sparsity 21.0%
gen 23 offspring [35/100] k= 13 (used  13.0) c=0.860 alpha=-0.002 beta=+0.370 | loss 3.7867 (delta +0.9013) size 445.0 MB sparsity 28.9%
gen 23 offspring [36/100] k= 17 (used  17.0) c=0.848 alpha=-0.058 beta=+0.119 | loss 3.2746 (delta +0.3893) size 462.1 MB sparsity 19.3%
gen 23 offspring [37/100] k= 16 (used  16.0) c=0.852 alpha=-0.358 beta=+0.427 | loss 3.8539 (delta +0.9685) size 437.4 MB sparsity 33.1%
gen 23 offspring [38/100] k= 16 (used  16.0) c=0.874 alpha=-0.004 beta=+0.022 | loss 3.4507 (delta +0.5653) size 450.5 MB sparsity 22.5%
gen 23 offspring [39/100] k= 17 (used  17.0) c=0.858 alpha=-0.068 beta=+0.319 | loss 3.3801 (delta +0.4947) size 454.5 MB sparsity 23.6%
gen 23 offspring [40/100] k= 42 (used  41.0) c=0.997 alpha=-0.048 beta=+0.126 | loss 2.9423 (delta +0.0569) size 541.4 MB sparsity 10.5%
gen 23 offspring [41/100] k= 17 (used  17.0) c=0.852 alpha=-0.389 beta=+0.345 | loss 3.7869 (delta +0.9016) size 441.1 MB sparsity 31.0%
gen 23 offspring [42/100] k= 17 (used  17.0) c=0.992 alpha=-0.316 beta=+0.369 | loss 3.6753 (delta +0.7900) size 443.4 MB sparsity 29.7%
gen 23 offspring [43/100] k= 17 (used  17.0) c=0.998 alpha=-0.061 beta=+0.468 | loss 3.7096 (delta +0.8242) size 442.1 MB sparsity 30.5%
gen 23 offspring [44/100] k= 26 (used  25.0) c=1.000 alpha=-0.086 beta=+0.101 | loss 3.0669 (delta +0.1815) size 496.4 MB sparsity 15.3%
gen 23 offspring [45/100] k= 32 (used  31.0) c=0.996 alpha=-0.233 beta=+0.370 | loss 3.2834 (delta +0.3980) size 484.5 MB sparsity 25.4%
gen 23 offspring [46/100] k= 33 (used  33.0) c=0.862 alpha=-0.092 beta=+0.227 | loss 3.0374 (delta +0.1521) size 508.3 MB sparsity 14.8%
gen 23 offspring [47/100] k= 17 (used  17.0) c=0.870 alpha=-0.048 beta=+0.422 | loss 3.5609 (delta +0.6755) size 447.6 MB sparsity 27.4%
gen 23 offspring [48/100] k= 17 (used  17.0) c=0.968 alpha=-0.161 beta=+0.195 | loss 3.3824 (delta +0.4970) size 457.5 MB sparsity 21.9%
gen 23 offspring [49/100] k= 16 (used  16.0) c=0.859 alpha=-0.031 beta=+0.324 | loss 3.5088 (delta +0.6234) size 449.6 MB sparsity 25.3%
gen 23 offspring [50/100] k= 18 (used  18.0) c=0.850 alpha=-0.204 beta=+0.350 | loss 3.4041 (delta +0.5188) size 485.5 MB sparsity 25.0%
gen 23 offspring [51/100] k= 17 (used  17.0) c=0.985 alpha=-0.201 beta=+0.429 | loss 3.6127 (delta +0.7274) size 444.7 MB sparsity 29.0%
gen 23 offspring [52/100] k= 33 (used  33.0) c=0.967 alpha=-0.369 beta=+0.277 | loss 3.3074 (delta +0.4220) size 481.0 MB sparsity 27.0%
gen 23 offspring [53/100] k= 57 (used  56.9) c=0.968 alpha=-0.200 beta=+0.373 | loss 3.1607 (delta +0.2753) size 522.1 MB sparsity 23.9%
gen 23 offspring [54/100] k= 16 (used  16.0) c=0.854 alpha=-0.156 beta=+0.272 | loss 3.4341 (delta +0.5488) size 450.4 MB sparsity 23.5%
gen 23 offspring [55/100] k= 32 (used  31.0) c=0.999 alpha=-0.196 beta=+0.299 | loss 3.1500 (delta +0.2647) size 493.8 MB sparsity 21.3%
gen 23 offspring [56/100] k= 33 (used  33.0) c=0.993 alpha=-0.095 beta=+0.127 | loss 2.9754 (delta +0.0901) size 514.6 MB sparsity 12.0%
gen 23 offspring [57/100] k= 26 (used  26.0) c=0.876 alpha=-0.062 beta=+0.238 | loss 3.0960 (delta +0.2107) size 496.4 MB sparsity 17.1%
gen 23 offspring [58/100] k=235 (used 235.0) c=0.996 alpha=-0.003 beta=+0.040 | loss 2.8883 (delta +0.0030) size 630.9 MB sparsity 2.5%
gen 23 offspring [59/100] k= 17 (used  17.0) c=0.988 alpha=-0.063 beta=+0.312 | loss 3.4722 (delta +0.5868) size 452.0 MB sparsity 24.9%
gen 23 offspring [60/100] k= 17 (used  17.0) c=0.919 alpha=-0.168 beta=+0.225 | loss 3.3419 (delta +0.4566) size 458.4 MB sparsity 21.4%
gen 23 offspring [61/100] k=122 (used 121.0) c=0.862 alpha=-0.000 beta=+0.335 | loss 3.1137 (delta +0.2283) size 583.1 MB sparsity 15.2%
gen 23 offspring [62/100] k=163 (used 160.9) c=0.983 alpha=-0.042 beta=+0.425 | loss 3.3270 (delta +0.4416) size 606.9 MB sparsity 19.2%
gen 23 offspring [63/100] k= 33 (used  33.0) c=0.924 alpha=-0.252 beta=+0.058 | loss 3.0241 (delta +0.1387) size 505.4 MB sparsity 16.1%
gen 23 offspring [64/100] k= 27 (used  27.0) c=0.997 alpha=-0.011 beta=+0.124 | loss 3.0388 (delta +0.1535) size 496.6 MB sparsity 14.2%
gen 23 offspring [65/100] k= 32 (used  31.0) c=0.981 alpha=-0.197 beta=+0.120 | loss 3.0144 (delta +0.1291) size 496.7 MB sparsity 14.9%
gen 23 offspring [66/100] k= 17 (used  17.0) c=0.986 alpha=-0.092 beta=+0.237 | loss 3.4152 (delta +0.5299) size 456.0 MB sparsity 22.7%
gen 23 offspring [67/100] k= 31 (used  31.0) c=0.847 alpha=-0.037 beta=+0.000 | loss 2.9925 (delta +0.1071) size 496.7 MB sparsity 10.5%
gen 23 offspring [68/100] k= 32 (used  32.0) c=0.922 alpha=-0.190 beta=+0.369 | loss 3.1956 (delta +0.3103) size 488.5 MB sparsity 23.7%
gen 23 offspring [69/100] k= 30 (used  30.0) c=0.852 alpha=-0.347 beta=+0.402 | loss 3.4869 (delta +0.6016) size 472.1 MB sparsity 31.0%
gen 23 offspring [70/100] k= 17 (used  17.0) c=0.989 alpha=-0.335 beta=+0.434 | loss 3.8163 (delta +0.9309) size 438.3 MB sparsity 32.6%
gen 23 offspring [71/100] k= 29 (used  29.0) c=0.989 alpha=-0.006 beta=+0.121 | loss 3.0181 (delta +0.1327) size 496.7 MB sparsity 13.2%
gen 23 offspring [72/100] k= 15 (used  15.0) c=0.969 alpha=-0.121 beta=+0.467 | loss 3.9310 (delta +1.0457) size 439.9 MB sparsity 31.7%
gen 23 offspring [73/100] k= 20 (used  20.0) c=0.845 alpha=-0.198 beta=+0.299 | loss 3.3087 (delta +0.4233) size 491.5 MB sparsity 22.3%
gen 23 offspring [74/100] k= 16 (used  16.0) c=0.849 alpha=-0.002 beta=+0.291 | loss 3.4333 (delta +0.5480) size 450.3 MB sparsity 24.0%
gen 23 offspring [75/100] k= 33 (used  33.0) c=0.926 alpha=-0.035 beta=+0.355 | loss 3.1451 (delta +0.2598) size 496.4 MB sparsity 20.1%
gen 23 offspring [76/100] k= 17 (used  17.0) c=0.847 alpha=-0.222 beta=+0.296 | loss 3.3753 (delta +0.4900) size 454.7 MB sparsity 23.5%
gen 23 offspring [77/100] k= 17 (used  17.0) c=0.975 alpha=-0.283 beta=+0.429 | loss 3.7050 (delta +0.8197) size 441.7 MB sparsity 30.7%
gen 23 offspring [78/100] k= 29 (used  29.0) c=0.859 alpha=-0.062 beta=+0.243 | loss 3.0447 (delta +0.1594) size 496.6 MB sparsity 16.1%
gen 23 offspring [79/100] k= 31 (used  31.0) c=0.933 alpha=-0.102 beta=+0.003 | loss 2.9839 (delta +0.0986) size 496.7 MB sparsity 11.6%
gen 23 offspring [80/100] k= 32 (used  31.0) c=0.992 alpha=-0.119 beta=+0.291 | loss 3.0825 (delta +0.1971) size 496.1 MB sparsity 18.6%
gen 23 offspring [81/100] k=171 (used 167.6) c=0.987 alpha=-0.236 beta=+0.475 | loss 3.3535 (delta +0.4681) size 571.4 MB sparsity 29.1%
gen 23 offspring [82/100] k= 30 (used  30.0) c=0.912 alpha=-0.036 beta=+0.008 | loss 2.9956 (delta +0.1103) size 496.7 MB sparsity 12.1%
gen 23 offspring [83/100] k=153 (used 153.0) c=0.992 alpha=-0.041 beta=+0.056 | loss 2.8915 (delta +0.0062) size 630.9 MB sparsity 4.3%
gen 23 offspring [84/100] k= 16 (used  16.0) c=0.848 alpha=-0.032 beta=+0.217 | loss 3.3906 (delta +0.5053) size 450.7 MB sparsity 22.1%
gen 23 offspring [85/100] k= 17 (used  17.0) c=0.864 alpha=-0.068 beta=+0.438 | loss 3.5799 (delta +0.6945) size 446.8 MB sparsity 27.9%
gen 23 offspring [86/100] k=235 (used 233.7) c=0.984 alpha=-0.091 beta=+0.208 | loss 2.9345 (delta +0.0491) size 630.0 MB sparsity 12.7%
gen 23 offspring [87/100] k= 20 (used  19.0) c=0.993 alpha=-0.081 beta=+0.121 | loss 3.2903 (delta +0.4050) size 493.3 MB sparsity 20.0%
gen 23 offspring [88/100] k= 17 (used  17.0) c=0.843 alpha=-0.044 beta=+0.434 | loss 3.5543 (delta +0.6690) size 447.4 MB sparsity 27.5%
gen 23 offspring [89/100] k= 25 (used  25.0) c=0.975 alpha=-0.193 beta=+0.430 | loss 3.3947 (delta +0.5093) size 482.1 MB sparsity 26.5%
gen 23 offspring [90/100] k= 17 (used  17.0) c=0.839 alpha=-0.089 beta=+0.300 | loss 3.3528 (delta +0.4674) size 456.2 MB sparsity 22.6%
gen 23 offspring [91/100] k= 20 (used  20.0) c=0.856 alpha=-0.347 beta=+0.402 | loss 3.7501 (delta +0.8647) size 471.2 MB sparsity 31.4%
gen 23 offspring [92/100] k= 45 (used  44.9) c=0.923 alpha=-0.309 beta=+0.459 | loss 3.4906 (delta +0.6052) size 501.5 MB sparsity 31.5%
gen 23 offspring [93/100] k= 17 (used  17.0) c=0.922 alpha=-0.167 beta=+0.371 | loss 3.4924 (delta +0.6071) size 449.8 MB sparsity 26.2%
gen 23 offspring [94/100] k= 31 (used  31.0) c=0.975 alpha=-0.062 beta=+0.130 | loss 2.9899 (delta +0.1045) size 496.7 MB sparsity 12.5%
gen 23 offspring [95/100] k= 14 (used  13.0) c=0.992 alpha=-0.309 beta=+0.430 | loss 4.4106 (delta +1.5252) size 436.8 MB sparsity 33.4%
gen 23 offspring [96/100] k=118 (used 118.0) c=0.857 alpha=-0.002 beta=+0.021 | loss 2.9116 (delta +0.0263) size 586.1 MB sparsity 2.8%
gen 23 offspring [97/100] k= 16 (used  15.0) c=0.999 alpha=-0.056 beta=+0.402 | loss 3.7728 (delta +0.8874) size 443.2 MB sparsity 29.9%
gen 23 offspring [98/100] k= 73 (used  73.0) c=0.994 alpha=-0.098 beta=+0.119 | loss 2.9124 (delta +0.0270) size 586.1 MB sparsity 9.5%
gen 23 offspring [99/100] k= 18 (used  17.0) c=0.984 alpha=-0.016 beta=+0.221 | loss 3.4044 (delta +0.5191) size 456.6 MB sparsity 22.4%
gen 23 offspring [100/100] k= 39 (used  39.0) c=0.847 alpha=-0.344 beta=+0.100 | loss 3.1182 (delta +0.2328) size 535.1 MB sparsity 19.0%
=== generation 23/50 done in 447s (0 reused), batch baseline 2.8854, HV 0.19315, front 100 points, 100/100 feasible, best delta loss +0.0019, smallest 437.4 MB
gen 24 offspring [1/100] k= 63 (used  63.0) c=0.849 alpha=-0.008 beta=+0.062 | loss 2.9253 (delta +0.0399) size 541.4 MB sparsity 5.5%
gen 24 offspring [2/100] k= 16 (used  16.0) c=0.853 alpha=-0.372 beta=+0.488 | loss 4.1090 (delta +1.2236) size 432.6 MB sparsity 35.8%
gen 24 offspring [3/100] k= 33 (used  33.0) c=0.974 alpha=-0.200 beta=+0.368 | loss 3.1850 (delta +0.2997) size 487.7 MB sparsity 24.0%
gen 24 offspring [4/100] k= 30 (used  30.0) c=0.914 alpha=-0.207 beta=+0.259 | loss 3.1154 (delta +0.2301) size 495.6 MB sparsity 20.1%
gen 24 offspring [5/100] k= 27 (used  27.0) c=0.924 alpha=-0.443 beta=+0.357 | loss 3.6525 (delta +0.7671) size 467.7 MB sparsity 33.0%
gen 24 offspring [6/100] k= 56 (used  54.9) c=0.983 alpha=-0.210 beta=+0.371 | loss 3.1689 (delta +0.2836) size 521.2 MB sparsity 24.2%
gen 24 offspring [7/100] k=129 (used 127.2) c=0.992 alpha=-0.241 beta=+0.418 | loss 3.2593 (delta +0.3739) size 545.6 MB sparsity 27.2%
gen 24 offspring [8/100] k= 32 (used  31.0) c=0.997 alpha=-0.048 beta=+0.201 | loss 3.0233 (delta +0.1380) size 496.7 MB sparsity 15.1%
gen 24 offspring [9/100] k= 22 (used  22.0) c=0.847 alpha=-0.221 beta=+0.366 | loss 3.3417 (delta +0.4564) size 485.0 MB sparsity 25.2%
gen 24 offspring [10/100] k= 17 (used  17.0) c=0.922 alpha=-0.167 beta=+0.429 | loss 3.5870 (delta +0.7016) size 446.1 MB sparsity 28.3%
gen 24 offspring [11/100] k= 16 (used  16.0) c=0.859 alpha=-0.044 beta=+0.396 | loss 3.6009 (delta +0.7155) size 446.9 MB sparsity 27.8%
gen 24 offspring [12/100] k= 19 (used  19.0) c=0.994 alpha=-0.306 beta=+0.445 | loss 3.8154 (delta +0.9300) size 470.4 MB sparsity 31.8%
gen 24 offspring [13/100] k= 73 (used  72.4) c=0.992 alpha=-0.098 beta=+0.470 | loss 4.4852 (delta +1.5998) size 557.8 MB sparsity 23.3%
gen 24 offspring [14/100] k= 17 (used  17.0) c=0.998 alpha=-0.236 beta=+0.517 | loss 14.9530 (delta +12.0676) size 438.3 MB sparsity 32.6%
gen 24 offspring [15/100] k= 17 (used  17.0) c=0.986 alpha=-0.264 beta=+0.345 | loss 3.5470 (delta +0.6617) size 447.9 MB sparsity 27.2%
gen 24 offspring [16/100] k= 33 (used  33.0) c=0.848 alpha=-0.070 beta=+0.312 | loss 3.1035 (delta +0.2181) size 501.1 MB sparsity 18.0%
gen 24 offspring [17/100] k= 17 (used  17.0) c=0.976 alpha=-0.332 beta=+0.527 | loss 4.0954 (delta +1.2101) size 432.7 MB sparsity 35.7%
gen 24 offspring [18/100] k= 17 (used  17.0) c=0.926 alpha=-0.051 beta=+0.175 | loss 3.3259 (delta +0.4406) size 459.1 MB sparsity 21.0%
gen 24 offspring [19/100] k= 17 (used  17.0) c=0.841 alpha=-0.026 beta=+0.242 | loss 3.3020 (delta +0.4167) size 459.7 MB sparsity 20.7%
gen 24 offspring [20/100] k= 30 (used  29.0) c=0.977 alpha=-0.197 beta=+0.120 | loss 3.0319 (delta +0.1466) size 496.6 MB sparsity 15.3%
gen 24 offspring [21/100] k=125 (used 125.0) c=0.998 alpha=-0.123 beta=+0.005 | loss 2.9015 (delta +0.0161) size 586.1 MB sparsity 6.8%
gen 24 offspring [22/100] k= 32 (used  31.0) c=0.995 alpha=-0.117 beta=+0.388 | loss 3.2194 (delta +0.3341) size 491.6 MB sparsity 22.3%
gen 24 offspring [23/100] k= 18 (used  17.0) c=0.997 alpha=-0.232 beta=+0.146 | loss 3.4399 (delta +0.5546) size 455.8 MB sparsity 22.8%
gen 24 offspring [24/100] k=125 (used 124.6) c=0.995 alpha=-0.119 beta=+0.230 | loss 2.9624 (delta +0.0770) size 584.6 MB sparsity 14.8%
gen 24 offspring [25/100] k= 17 (used  17.0) c=0.829 alpha=-0.092 beta=+0.237 | loss 3.3027 (delta +0.4174) size 460.2 MB sparsity 20.4%
gen 24 offspring [26/100] k= 31 (used  31.0) c=0.980 alpha=-0.117 beta=+0.115 | loss 2.9916 (delta +0.1062) size 496.7 MB sparsity 12.4%
gen 24 offspring [27/100] k= 34 (used  34.0) c=0.914 alpha=-0.198 beta=+0.299 | loss 3.1476 (delta +0.2623) size 529.4 MB sparsity 21.2%
gen 24 offspring [28/100] k=229 (used 225.7) c=0.859 alpha=-0.042 beta=+0.370 | loss 3.1918 (delta +0.3064) size 614.7 MB sparsity 17.0%
gen 24 offspring [29/100] k= 33 (used  33.0) c=0.956 alpha=-0.063 beta=+0.125 | loss 2.9743 (delta +0.0889) size 515.4 MB sparsity 11.6%
gen 24 offspring [30/100] k= 73 (used  73.0) c=0.994 alpha=-0.101 beta=+0.103 | loss 2.9092 (delta +0.0238) size 586.1 MB sparsity 8.9%
gen 24 offspring [31/100] k=138 (used 138.0) c=0.983 alpha=-0.042 beta=+0.037 | loss 2.8916 (delta +0.0063) size 630.9 MB sparsity 3.6%
gen 24 offspring [32/100] k= 33 (used  33.0) c=0.849 alpha=-0.106 beta=+0.005 | loss 2.9815 (delta +0.0962) size 518.5 MB sparsity 10.2%
gen 24 offspring [33/100] k= 33 (used  33.0) c=0.969 alpha=-0.367 beta=+0.368 | loss 3.4462 (delta +0.5609) size 473.3 MB sparsity 30.4%
gen 24 offspring [34/100] k= 17 (used  17.0) c=0.972 alpha=-0.110 beta=+0.401 | loss 3.5569 (delta +0.6716) size 446.8 MB sparsity 27.9%
gen 24 offspring [35/100] k= 32 (used  32.0) c=0.908 alpha=-0.076 beta=+0.366 | loss 3.1531 (delta +0.2678) size 494.4 MB sparsity 20.8%
gen 24 offspring [36/100] k= 17 (used  17.0) c=0.969 alpha=-0.283 beta=+0.466 | loss 3.7880 (delta +0.9026) size 439.5 MB sparsity 32.0%
gen 24 offspring [37/100] k= 17 (used  17.0) c=0.976 alpha=-0.056 beta=+0.269 | loss 3.4176 (delta +0.5323) size 454.8 MB sparsity 23.4%
gen 24 offspring [38/100] k= 33 (used  33.0) c=0.993 alpha=-0.371 beta=+0.207 | loss 3.2456 (delta +0.3603) size 486.8 MB sparsity 24.4%
gen 24 offspring [39/100] k= 17 (used  17.0) c=0.856 alpha=-0.028 beta=+0.216 | loss 3.2841 (delta +0.3988) size 460.6 MB sparsity 20.1%
gen 24 offspring [40/100] k=197 (used 197.0) c=0.993 alpha=-0.006 beta=+0.000 | loss 2.8895 (delta +0.0041) size 630.9 MB sparsity 1.9%
gen 24 offspring [41/100] k= 17 (used  17.0) c=0.987 alpha=-0.235 beta=+0.470 | loss 3.7222 (delta +0.8369) size 441.4 MB sparsity 30.9%
gen 24 offspring [42/100] k= 34 (used  34.0) c=0.850 alpha=-0.063 beta=+0.038 | loss 2.9731 (delta +0.0878) size 541.4 MB sparsity 9.9%
gen 24 offspring [43/100] k= 33 (used  33.0) c=0.974 alpha=-0.067 beta=+0.331 | loss 3.0935 (delta +0.2081) size 497.9 MB sparsity 19.5%
gen 24 offspring [44/100] k= 18 (used  17.0) c=0.974 alpha=-0.221 beta=+0.225 | loss 3.4004 (delta +0.5151) size 456.3 MB sparsity 22.6%
gen 24 offspring [45/100] k= 32 (used  31.0) c=0.995 alpha=-0.251 beta=+0.312 | loss 3.2357 (delta +0.3504) size 488.0 MB sparsity 23.9%
gen 24 offspring [46/100] k=  9 (used   9.0) c=0.983 alpha=-0.058 beta=+0.238 | loss 7.4944 (delta +4.6090) size 396.8 MB sparsity 41.1%
gen 24 offspring [47/100] k= 16 (used  15.0) c=0.989 alpha=-0.213 beta=+0.150 | loss 3.6872 (delta +0.8019) size 448.6 MB sparsity 25.2%
gen 24 offspring [48/100] k= 17 (used  17.0) c=0.955 alpha=-0.059 beta=+0.215 | loss 3.3666 (delta +0.4812) size 457.7 MB sparsity 21.8%
gen 24 offspring [49/100] k= 23 (used  23.0) c=0.987 alpha=-0.185 beta=+0.427 | loss 3.4254 (delta +0.5401) size 482.2 MB sparsity 26.5%
gen 24 offspring [50/100] k= 33 (used  33.0) c=0.959 alpha=-0.167 beta=+0.005 | loss 2.9788 (delta +0.0935) size 512.2 MB sparsity 13.1%
gen 24 offspring [51/100] k= 18 (used  18.0) c=0.848 alpha=-0.019 beta=+0.299 | loss 3.3222 (delta +0.4368) size 490.6 MB sparsity 22.7%
gen 24 offspring [52/100] k= 17 (used  17.0) c=0.992 alpha=-0.251 beta=+0.428 | loss 3.6435 (delta +0.7581) size 443.3 MB sparsity 29.8%
gen 24 offspring [53/100] k= 17 (used  17.0) c=0.989 alpha=-0.171 beta=+0.442 | loss 3.6415 (delta +0.7562) size 443.9 MB sparsity 29.5%
gen 24 offspring [54/100] k= 22 (used  21.0) c=0.982 alpha=-0.037 beta=+0.061 | loss 3.2030 (delta +0.3176) size 495.1 MB sparsity 18.0%
gen 24 offspring [55/100] k= 42 (used  42.0) c=0.974 alpha=-0.231 beta=+0.307 | loss 3.1785 (delta +0.2932) size 525.3 MB sparsity 22.7%
gen 24 offspring [56/100] k= 17 (used  17.0) c=0.989 alpha=-0.335 beta=+0.344 | loss 3.6667 (delta +0.7813) size 443.9 MB sparsity 29.5%
gen 24 offspring [57/100] k= 17 (used  17.0) c=0.969 alpha=-0.169 beta=+0.374 | loss 3.5050 (delta +0.6196) size 448.6 MB sparsity 26.8%
gen 24 offspring [58/100] k= 34 (used  34.0) c=0.921 alpha=-0.106 beta=+0.032 | loss 2.9748 (delta +0.0895) size 541.4 MB sparsity 10.9%
gen 24 offspring [59/100] k=113 (used 113.0) c=0.993 alpha=-0.001 beta=+0.000 | loss 2.8941 (delta +0.0087) size 586.1 MB sparsity 3.3%
gen 24 offspring [60/100] k=235 (used 235.0) c=0.998 alpha=-0.003 beta=+0.003 | loss 2.8876 (delta +0.0022) size 630.9 MB sparsity 1.6%
gen 24 offspring [61/100] k= 17 (used  17.0) c=0.854 alpha=-0.068 beta=+0.117 | loss 3.2828 (delta +0.3974) size 461.9 MB sparsity 19.4%
gen 24 offspring [62/100] k= 57 (used  57.0) c=0.982 alpha=-0.109 beta=+0.005 | loss 2.9244 (delta +0.0391) size 541.4 MB sparsity 8.1%
gen 24 offspring [63/100] k= 23 (used  23.0) c=1.000 alpha=-0.008 beta=+0.030 | loss 3.1108 (delta +0.2254) size 495.8 MB sparsity 16.7%
gen 24 offspring [64/100] k= 17 (used  17.0) c=0.974 alpha=-0.224 beta=+0.331 | loss 3.4912 (delta +0.6058) size 450.6 MB sparsity 25.7%
gen 24 offspring [65/100] k= 16 (used  16.0) c=0.850 alpha=-0.214 beta=+0.366 | loss 3.5182 (delta +0.6329) size 448.4 MB sparsity 26.8%
gen 24 offspring [66/100] k= 37 (used  37.0) c=0.859 alpha=-0.102 beta=+0.003 | loss 2.9612 (delta +0.0759) size 541.4 MB sparsity 9.4%
gen 24 offspring [67/100] k= 17 (used  17.0) c=0.978 alpha=-0.309 beta=+0.235 | loss 3.4944 (delta +0.6090) size 451.6 MB sparsity 25.2%
gen 24 offspring [68/100] k= 32 (used  32.0) c=0.916 alpha=-0.217 beta=+0.348 | loss 3.1883 (delta +0.3029) size 488.0 MB sparsity 23.9%
gen 24 offspring [69/100] k= 32 (used  32.0) c=0.925 alpha=-0.192 beta=+0.300 | loss 3.1185 (delta +0.2331) size 494.2 MB sparsity 21.1%
gen 24 offspring [70/100] k= 32 (used  31.0) c=0.993 alpha=-0.099 beta=+0.427 | loss 3.3048 (delta +0.4194) size 488.6 MB sparsity 23.6%
gen 24 offspring [71/100] k= 24 (used  24.0) c=0.850 alpha=-0.070 beta=+0.054 | loss 3.0667 (delta +0.1814) size 496.6 MB sparsity 14.3%
gen 24 offspring [72/100] k= 17 (used  17.0) c=0.862 alpha=-0.068 beta=+0.538 | loss 15.5809 (delta +12.6955) size 440.5 MB sparsity 31.4%
gen 24 offspring [73/100] k= 32 (used  31.0) c=0.981 alpha=-0.063 beta=+0.302 | loss 3.0875 (delta +0.2022) size 496.0 MB sparsity 18.8%
gen 24 offspring [74/100] k= 17 (used  17.0) c=0.998 alpha=-0.003 beta=+0.001 | loss 3.4325 (delta +0.5471) size 456.5 MB sparsity 22.5%
gen 24 offspring [75/100] k= 63 (used  63.0) c=0.993 alpha=-0.093 beta=+0.127 | loss 2.9330 (delta +0.0476) size 541.4 MB sparsity 9.7%
gen 24 offspring [76/100] k= 33 (used  33.0) c=0.974 alpha=-0.198 beta=+0.466 | loss 3.3621 (delta +0.4768) size 479.8 MB sparsity 27.6%
gen 24 offspring [77/100] k= 20 (used  19.0) c=0.970 alpha=-0.308 beta=+0.433 | loss 3.7164 (delta +0.8310) size 471.4 MB sparsity 31.3%
gen 24 offspring [78/100] k= 17 (used  17.0) c=0.971 alpha=-0.222 beta=+0.296 | loss 3.4363 (delta +0.5510) size 452.9 MB sparsity 24.5%
gen 24 offspring [79/100] k= 17 (used  17.0) c=0.856 alpha=-0.201 beta=+0.427 | loss 3.5529 (delta +0.6675) size 447.0 MB sparsity 27.7%
gen 24 offspring [80/100] k= 16 (used  16.0) c=0.848 alpha=-0.192 beta=+0.203 | loss 3.3880 (delta +0.5026) size 450.7 MB sparsity 22.0%
gen 24 offspring [81/100] k= 33 (used  33.0) c=0.974 alpha=-0.204 beta=+0.253 | loss 3.0835 (delta +0.1982) size 497.4 MB sparsity 19.7%
gen 24 offspring [82/100] k= 42 (used  42.0) c=0.852 alpha=-0.213 beta=+0.194 | loss 3.0622 (delta +0.1769) size 539.4 MB sparsity 17.4%
gen 24 offspring [83/100] k= 17 (used  17.0) c=0.967 alpha=-0.234 beta=+0.467 | loss 3.7214 (delta +0.8361) size 441.9 MB sparsity 30.6%
gen 24 offspring [84/100] k= 17 (used  17.0) c=0.998 alpha=-0.240 beta=+0.426 | loss 3.6470 (delta +0.7617) size 443.8 MB sparsity 29.5%
gen 24 offspring [85/100] k= 22 (used  22.0) c=0.923 alpha=-0.344 beta=+0.090 | loss 3.3505 (delta +0.4651) size 490.0 MB sparsity 23.0%
gen 24 offspring [86/100] k= 15 (used  15.0) c=0.950 alpha=-0.336 beta=+0.395 | loss 3.9167 (delta +1.0313) size 440.1 MB sparsity 31.6%
gen 24 offspring [87/100] k= 14 (used  14.0) c=0.919 alpha=-0.108 beta=+0.269 | loss 3.9593 (delta +1.0740) size 446.8 MB sparsity 27.4%
gen 24 offspring [88/100] k= 30 (used  29.0) c=0.994 alpha=-0.204 beta=+0.163 | loss 3.0584 (delta +0.1731) size 496.6 MB sparsity 16.7%
gen 24 offspring [89/100] k= 17 (used  17.0) c=0.850 alpha=-0.032 beta=+0.502 | loss 15.8471 (delta +12.9618) size 443.0 MB sparsity 30.0%
gen 24 offspring [90/100] k= 33 (used  33.0) c=0.923 alpha=-0.118 beta=+0.355 | loss 3.1428 (delta +0.2575) size 495.5 MB sparsity 20.5%
gen 24 offspring [91/100] k= 17 (used  17.0) c=0.859 alpha=-0.237 beta=+0.446 | loss 3.6572 (delta +0.7719) size 444.1 MB sparsity 29.4%
gen 24 offspring [92/100] k= 29 (used  29.0) c=0.855 alpha=-0.002 beta=+0.288 | loss 3.0756 (delta +0.1902) size 496.4 MB sparsity 17.8%
gen 24 offspring [93/100] k= 71 (used  71.0) c=0.866 alpha=-0.091 beta=+0.061 | loss 2.9250 (delta +0.0397) size 586.1 MB sparsity 6.8%
gen 24 offspring [94/100] k= 19 (used  19.0) c=0.860 alpha=-0.161 beta=+0.128 | loss 3.2083 (delta +0.3230) size 495.4 MB sparsity 17.6%
gen 24 offspring [95/100] k= 17 (used  17.0) c=0.987 alpha=-0.027 beta=+0.437 | loss 3.6296 (delta +0.7442) size 444.3 MB sparsity 29.3%
gen 24 offspring [96/100] k= 31 (used  31.0) c=0.982 alpha=-0.062 beta=+0.135 | loss 2.9926 (delta +0.1072) size 496.7 MB sparsity 12.7%
gen 24 offspring [97/100] k= 18 (used  17.0) c=0.955 alpha=-0.061 beta=+0.335 | loss 3.4781 (delta +0.5928) size 451.4 MB sparsity 25.3%
gen 24 offspring [98/100] k= 16 (used  15.0) c=0.988 alpha=-0.002 beta=+0.127 | loss 3.6808 (delta +0.7955) size 448.7 MB sparsity 25.2%
gen 24 offspring [99/100] k= 10 (used   9.0) c=0.988 alpha=-0.236 beta=+0.470 | loss 7.6401 (delta +4.7547) size 395.4 MB sparsity 42.1%
gen 24 offspring [100/100] k= 17 (used  17.0) c=0.968 alpha=-0.304 beta=+0.461 | loss 3.8238 (delta +0.9384) size 438.6 MB sparsity 32.5%
=== generation 24/50 done in 447s (0 reused), batch baseline 2.8854, HV 0.19319, front 100 points, 100/100 feasible, best delta loss +0.0019, smallest 437.4 MB
gen 25 offspring [1/100] k= 30 (used  29.0) c=0.989 alpha=-0.204 beta=+0.159 | loss 3.0508 (delta +0.1655) size 496.6 MB sparsity 16.5%
gen 25 offspring [2/100] k= 17 (used  17.0) c=0.926 alpha=-0.003 beta=+0.177 | loss 3.3259 (delta +0.4406) size 459.1 MB sparsity 21.0%
gen 25 offspring [3/100] k= 33 (used  33.0) c=0.997 alpha=-0.200 beta=+0.445 | loss 3.3229 (delta +0.4375) size 481.2 MB sparsity 26.9%
gen 25 offspring [4/100] k= 22 (used  22.0) c=0.843 alpha=-0.061 beta=+0.338 | loss 3.2348 (delta +0.3495) size 492.1 MB sparsity 22.0%
gen 25 offspring [5/100] k= 16 (used  16.0) c=0.856 alpha=-0.286 beta=+0.202 | loss 3.4643 (delta +0.5790) size 450.3 MB sparsity 24.0%
gen 25 offspring [6/100] k= 17 (used  17.0) c=0.992 alpha=-0.192 beta=+0.473 | loss 3.6978 (delta +0.8125) size 441.9 MB sparsity 30.6%
gen 25 offspring [7/100] k= 17 (used  17.0) c=0.986 alpha=-0.265 beta=+0.380 | loss 3.6087 (delta +0.7233) size 445.7 MB sparsity 28.5%
gen 25 offspring [8/100] k= 63 (used  62.9) c=0.956 alpha=-0.026 beta=+0.311 | loss 3.0482 (delta +0.1629) size 541.0 MB sparsity 15.9%
gen 25 offspring [9/100] k= 32 (used  32.0) c=0.908 alpha=-0.198 beta=+0.212 | loss 3.0553 (delta +0.1700) size 496.6 MB sparsity 17.8%
gen 25 offspring [10/100] k= 33 (used  33.0) c=0.974 alpha=-0.200 beta=+0.211 | loss 3.0478 (delta +0.1624) size 501.3 MB sparsity 17.9%
gen 25 offspring [11/100] k= 32 (used  32.0) c=0.959 alpha=-0.106 beta=+0.005 | loss 2.9853 (delta +0.0999) size 496.7 MB sparsity 11.9%
gen 25 offspring [12/100] k= 17 (used  17.0) c=0.832 alpha=-0.178 beta=+0.300 | loss 3.3409 (delta +0.4555) size 456.2 MB sparsity 22.6%
gen 25 offspring [13/100] k= 35 (used  35.0) c=0.872 alpha=-0.335 beta=+0.449 | loss 3.5451 (delta +0.6598) size 499.8 MB sparsity 32.2%
gen 25 offspring [14/100] k= 17 (used  17.0) c=0.994 alpha=-0.132 beta=+0.069 | loss 3.4115 (delta +0.5262) size 456.6 MB sparsity 22.4%
gen 25 offspring [15/100] k= 33 (used  33.0) c=0.940 alpha=-0.099 beta=+0.349 | loss 3.1306 (delta +0.2452) size 496.6 MB sparsity 20.0%
gen 25 offspring [16/100] k=238 (used 236.9) c=0.982 alpha=-0.200 beta=+0.003 | loss 2.9223 (delta +0.0369) size 630.9 MB sparsity 9.2%
gen 25 offspring [17/100] k= 17 (used  17.0) c=0.856 alpha=-0.287 beta=+0.131 | loss 3.3664 (delta +0.4811) size 456.6 MB sparsity 22.4%
gen 25 offspring [18/100] k= 17 (used  17.0) c=0.992 alpha=-0.236 beta=+0.439 | loss 3.6403 (delta +0.7550) size 443.3 MB sparsity 29.8%
gen 25 offspring [19/100] k= 16 (used  15.0) c=0.970 alpha=-0.044 beta=+0.194 | loss 3.6772 (delta +0.7919) size 449.0 MB sparsity 24.8%
gen 25 offspring [20/100] k= 16 (used  16.0) c=0.852 alpha=-0.241 beta=+0.465 | loss 3.7468 (delta +0.8615) size 441.6 MB sparsity 30.8%
gen 25 offspring [21/100] k= 17 (used  17.0) c=0.861 alpha=-0.002 beta=+0.291 | loss 3.3416 (delta +0.4563) size 456.2 MB sparsity 22.6%
gen 25 offspring [22/100] k= 16 (used  16.0) c=0.848 alpha=-0.134 beta=+0.226 | loss 3.3924 (delta +0.5071) size 450.7 MB sparsity 22.2%
gen 25 offspring [23/100] k= 30 (used  29.0) c=0.982 alpha=-0.288 beta=+0.448 | loss 3.4855 (delta +0.6001) size 473.2 MB sparsity 30.5%
gen 25 offspring [24/100] k= 63 (used  63.0) c=0.956 alpha=-0.208 beta=+0.065 | loss 2.9485 (delta +0.0632) size 541.4 MB sparsity 12.0%
gen 25 offspring [25/100] k= 16 (used  16.0) c=0.871 alpha=-0.266 beta=+0.311 | loss 3.5502 (delta +0.6648) size 449.2 MB sparsity 26.2%
gen 25 offspring [26/100] k= 16 (used  16.0) c=0.852 alpha=-0.230 beta=+0.363 | loss 3.5339 (delta +0.6486) size 448.2 MB sparsity 27.0%
gen 25 offspring [27/100] k= 33 (used  33.0) c=0.944 alpha=-0.252 beta=+0.355 | loss 3.2495 (delta +0.3642) size 484.4 MB sparsity 25.5%
gen 25 offspring [28/100] k= 33 (used  32.9) c=0.973 alpha=-0.204 beta=+0.686 | loss 15.2655 (delta +12.3801) size 462.5 MB sparsity 35.3%
gen 25 offspring [29/100] k= 33 (used  33.0) c=0.993 alpha=-0.106 beta=+0.006 | loss 2.9766 (delta +0.0912) size 515.5 MB sparsity 11.6%
gen 25 offspring [30/100] k= 17 (used  17.0) c=0.862 alpha=-0.081 beta=+0.071 | loss 3.2823 (delta +0.3969) size 461.6 MB sparsity 19.6%
gen 25 offspring [31/100] k= 19 (used  19.0) c=0.996 alpha=-0.087 beta=+0.574 | loss 15.4423 (delta +12.5570) size 467.9 MB sparsity 32.9%
gen 25 offspring [32/100] k= 15 (used  15.0) c=0.856 alpha=-0.207 beta=+0.304 | loss 3.5012 (delta +0.6158) size 450.0 MB sparsity 24.6%
gen 25 offspring [33/100] k= 14 (used  13.0) c=0.976 alpha=-0.053 beta=+0.428 | loss 4.1914 (delta +1.3060) size 438.3 MB sparsity 32.6%
gen 25 offspring [34/100] k= 17 (used  17.0) c=0.993 alpha=-0.011 beta=+0.216 | loss 3.4059 (delta +0.5206) size 456.4 MB sparsity 22.5%
gen 25 offspring [35/100] k= 16 (used  15.0) c=0.992 alpha=-0.309 beta=+0.468 | loss 4.0981 (delta +1.2127) size 436.7 MB sparsity 33.5%
gen 25 offspring [36/100] k= 17 (used  17.0) c=0.987 alpha=-0.189 beta=+0.176 | loss 3.4161 (delta +0.5307) size 456.8 MB sparsity 22.3%
gen 25 offspring [37/100] k= 42 (used  41.0) c=0.993 alpha=-0.094 beta=+0.233 | loss 2.9938 (delta +0.1085) size 541.2 MB sparsity 14.7%
gen 25 offspring [38/100] k= 17 (used  17.0) c=0.998 alpha=-0.251 beta=+0.446 | loss 3.7012 (delta +0.8159) size 442.2 MB sparsity 30.5%
gen 25 offspring [39/100] k=157 (used 157.0) c=0.985 alpha=-0.042 beta=+0.043 | loss 2.8903 (delta +0.0049) size 630.9 MB sparsity 3.8%
gen 25 offspring [40/100] k= 17 (used  17.0) c=0.847 alpha=-0.221 beta=+0.353 | loss 3.4388 (delta +0.5535) size 451.1 MB sparsity 25.5%
gen 25 offspring [41/100] k= 13 (used  13.0) c=0.857 alpha=-0.002 beta=+0.324 | loss 3.7572 (delta +0.8719) size 447.3 MB sparsity 27.4%
gen 25 offspring [42/100] k= 14 (used  13.0) c=0.938 alpha=-0.092 beta=+0.461 | loss 4.1856 (delta +1.3002) size 437.4 MB sparsity 33.1%
gen 25 offspring [43/100] k= 19 (used  19.0) c=0.854 alpha=-0.028 beta=+0.104 | loss 3.1998 (delta +0.3145) size 495.4 MB sparsity 17.4%
gen 25 offspring [44/100] k= 33 (used  33.0) c=0.848 alpha=-0.075 beta=+0.368 | loss 3.1915 (delta +0.3061) size 496.3 MB sparsity 20.2%
gen 25 offspring [45/100] k= 28 (used  27.0) c=0.994 alpha=-0.221 beta=+0.445 | loss 3.4027 (delta +0.5174) size 478.9 MB sparsity 27.9%
gen 25 offspring [46/100] k= 17 (used  17.0) c=0.847 alpha=-0.203 beta=+0.296 | loss 3.3371 (delta +0.4517) size 455.5 MB sparsity 23.0%
gen 25 offspring [47/100] k= 18 (used  17.0) c=0.994 alpha=-0.335 beta=+0.438 | loss 3.8309 (delta +0.9456) size 438.0 MB sparsity 32.8%
gen 25 offspring [48/100] k= 18 (used  17.0) c=0.982 alpha=-0.051 beta=+0.133 | loss 3.4158 (delta +0.5305) size 457.0 MB sparsity 22.2%
gen 25 offspring [49/100] k= 17 (used  17.0) c=0.974 alpha=-0.220 beta=+0.368 | loss 3.5133 (delta +0.6280) size 448.4 MB sparsity 27.0%
gen 25 offspring [50/100] k= 42 (used  41.0) c=0.999 alpha=-0.028 beta=+0.204 | loss 2.9734 (delta +0.0881) size 541.4 MB sparsity 13.4%
gen 25 offspring [51/100] k= 15 (used  15.0) c=0.864 alpha=-0.192 beta=+0.381 | loss 3.5925 (delta +0.7072) size 447.6 MB sparsity 27.3%
gen 25 offspring [52/100] k= 17 (used  17.0) c=0.987 alpha=-0.235 beta=+0.428 | loss 3.6309 (delta +0.7455) size 444.0 MB sparsity 29.4%
gen 25 offspring [53/100] k= 17 (used  17.0) c=0.922 alpha=-0.166 beta=+0.371 | loss 3.4909 (delta +0.6056) size 449.8 MB sparsity 26.2%
gen 25 offspring [54/100] k= 17 (used  17.0) c=0.835 alpha=-0.061 beta=+0.053 | loss 3.2885 (delta +0.4031) size 462.6 MB sparsity 19.0%
gen 25 offspring [55/100] k= 18 (used  17.0) c=0.986 alpha=-0.309 beta=+0.422 | loss 3.7622 (delta +0.8769) size 440.6 MB sparsity 31.3%
gen 25 offspring [56/100] k= 33 (used  33.0) c=0.967 alpha=-0.356 beta=+0.365 | loss 3.4137 (delta +0.5284) size 474.6 MB sparsity 29.9%
gen 25 offspring [57/100] k= 15 (used  15.0) c=0.960 alpha=-0.309 beta=+0.461 | loss 3.9819 (delta +1.0966) size 437.4 MB sparsity 33.1%
gen 25 offspring [58/100] k= 51 (used  50.9) c=0.948 alpha=-0.197 beta=+0.437 | loss 3.2573 (delta +0.3719) size 515.8 MB sparsity 26.2%
gen 25 offspring [59/100] k= 19 (used  19.0) c=0.974 alpha=-0.204 beta=+0.332 | loss 3.3686 (delta +0.4833) size 486.7 MB sparsity 24.5%
gen 25 offspring [60/100] k=149 (used 148.3) c=0.848 alpha=-0.107 beta=+0.216 | loss 2.9712 (delta +0.0858) size 626.7 MB sparsity 13.7%
gen 25 offspring [61/100] k= 33 (used  33.0) c=0.993 alpha=-0.248 beta=+0.133 | loss 3.0405 (delta +0.1552) size 503.4 MB sparsity 17.0%
gen 25 offspring [62/100] k= 31 (used  31.0) c=0.981 alpha=-0.003 beta=+0.120 | loss 2.9892 (delta +0.1039) size 496.7 MB sparsity 12.3%
gen 25 offspring [63/100] k= 15 (used  15.0) c=0.969 alpha=-0.209 beta=+0.477 | loss 3.9680 (delta +1.0827) size 439.3 MB sparsity 32.1%
gen 25 offspring [64/100] k= 17 (used  17.0) c=0.848 alpha=-0.064 beta=+0.213 | loss 3.2713 (delta +0.3859) size 461.0 MB sparsity 19.9%
gen 25 offspring [65/100] k= 53 (used  52.8) c=0.997 alpha=-0.287 beta=+0.461 | loss 3.4448 (delta +0.5595) size 503.7 MB sparsity 30.7%
gen 25 offspring [66/100] k= 17 (used  17.0) c=0.994 alpha=-0.351 beta=+0.428 | loss 3.8353 (delta +0.9499) size 437.6 MB sparsity 33.0%
gen 25 offspring [67/100] k= 16 (used  16.0) c=0.850 alpha=-0.092 beta=+0.265 | loss 3.4240 (delta +0.5387) size 450.5 MB sparsity 23.2%
gen 25 offspring [68/100] k= 18 (used  18.0) c=0.848 alpha=-0.192 beta=+0.202 | loss 3.2601 (delta +0.3748) size 493.9 MB sparsity 19.9%
gen 25 offspring [69/100] k= 32 (used  32.0) c=0.914 alpha=-0.239 beta=+0.120 | loss 3.0272 (delta +0.1419) size 496.6 MB sparsity 16.2%
gen 25 offspring [70/100] k= 17 (used  17.0) c=0.832 alpha=-0.050 beta=+0.438 | loss 3.5687 (delta +0.6834) size 447.4 MB sparsity 27.5%
gen 25 offspring [71/100] k= 17 (used  17.0) c=0.969 alpha=-0.083 beta=+0.466 | loss 3.6851 (delta +0.7997) size 442.8 MB sparsity 30.1%
gen 25 offspring [72/100] k= 33 (used  33.0) c=0.974 alpha=-0.360 beta=+0.431 | loss 3.5292 (delta +0.6439) size 468.6 MB sparsity 32.6%
gen 25 offspring [73/100] k= 39 (used  39.0) c=0.919 alpha=-0.324 beta=+0.369 | loss 3.3911 (delta +0.5058) size 509.0 MB sparsity 28.7%
gen 25 offspring [74/100] k= 17 (used  17.0) c=0.992 alpha=-0.236 beta=+0.404 | loss 3.5875 (delta +0.7022) size 445.4 MB sparsity 28.6%
gen 25 offspring [75/100] k= 33 (used  33.0) c=0.959 alpha=-0.134 beta=+0.126 | loss 2.9748 (delta +0.0895) size 513.5 MB sparsity 12.5%
gen 25 offspring [76/100] k=235 (used 232.4) c=0.996 alpha=-0.013 beta=+0.344 | loss 3.0923 (delta +0.2070) size 621.8 MB sparsity 15.0%
gen 25 offspring [77/100] k= 17 (used  17.0) c=0.987 alpha=-0.201 beta=+0.438 | loss 3.6276 (delta +0.7422) size 444.1 MB sparsity 29.4%
gen 25 offspring [78/100] k= 17 (used  17.0) c=0.848 alpha=-0.033 beta=+0.131 | loss 3.2726 (delta +0.3872) size 462.1 MB sparsity 19.3%
gen 25 offspring [79/100] k= 13 (used  13.0) c=0.925 alpha=-0.208 beta=+0.176 | loss 3.9523 (delta +1.0670) size 446.7 MB sparsity 27.3%
gen 25 offspring [80/100] k= 34 (used  34.0) c=0.849 alpha=-0.116 beta=+0.313 | loss 3.1080 (delta +0.2227) size 536.2 MB sparsity 18.6%
gen 25 offspring [81/100] k= 17 (used  17.0) c=0.994 alpha=-0.225 beta=+0.430 | loss 3.6130 (delta +0.7277) size 444.1 MB sparsity 29.4%
gen 25 offspring [82/100] k= 17 (used  17.0) c=0.848 alpha=-0.230 beta=+0.472 | loss 3.6963 (delta +0.8109) size 443.0 MB sparsity 30.0%
gen 25 offspring [83/100] k=125 (used 125.0) c=0.997 alpha=-0.001 beta=+0.000 | loss 2.8917 (delta +0.0064) size 586.1 MB sparsity 3.0%
gen 25 offspring [84/100] k= 17 (used  17.0) c=0.983 alpha=-0.234 beta=+0.427 | loss 3.6252 (delta +0.7398) size 444.2 MB sparsity 29.3%
gen 25 offspring [85/100] k= 33 (used  33.0) c=0.906 alpha=-0.198 beta=+0.203 | loss 3.0571 (delta +0.1718) size 502.4 MB sparsity 17.4%
gen 25 offspring [86/100] k= 32 (used  32.0) c=0.921 alpha=-0.109 beta=+0.022 | loss 2.9759 (delta +0.0905) size 496.7 MB sparsity 11.5%
gen 25 offspring [87/100] k= 16 (used  16.0) c=0.849 alpha=-0.026 beta=+0.243 | loss 3.4041 (delta +0.5187) size 450.7 MB sparsity 22.6%
gen 25 offspring [88/100] k= 96 (used  94.6) c=0.994 alpha=-0.316 beta=+0.119 | loss 3.0441 (delta +0.1588) size 573.7 MB sparsity 18.2%
gen 25 offspring [89/100] k= 17 (used  17.0) c=0.987 alpha=-0.088 beta=+0.468 | loss 3.7025 (delta +0.8172) size 442.3 MB sparsity 30.4%
gen 25 offspring [90/100] k= 17 (used  17.0) c=0.973 alpha=-0.203 beta=+0.313 | loss 3.4649 (delta +0.5796) size 452.2 MB sparsity 24.8%
gen 25 offspring [91/100] k= 17 (used  17.0) c=0.990 alpha=-0.101 beta=+0.122 | loss 3.4085 (delta +0.5231) size 456.7 MB sparsity 22.3%
gen 25 offspring [92/100] k= 34 (used  33.0) c=0.974 alpha=-0.223 beta=+0.331 | loss 3.1706 (delta +0.2853) size 489.0 MB sparsity 23.5%
gen 25 offspring [93/100] k=204 (used 200.2) c=0.860 alpha=-0.076 beta=+0.457 | loss 4.1412 (delta +1.2559) size 597.6 MB sparsity 21.8%
gen 25 offspring [94/100] k= 14 (used  14.0) c=0.848 alpha=-0.070 beta=+0.202 | loss 3.7063 (delta +0.8210) size 448.6 MB sparsity 25.2%
gen 25 offspring [95/100] k= 17 (used  17.0) c=0.847 alpha=-0.219 beta=+0.280 | loss 3.3568 (delta +0.4715) size 455.8 MB sparsity 22.8%
gen 25 offspring [96/100] k= 13 (used  13.0) c=0.979 alpha=-0.223 beta=+0.043 | loss 4.1096 (delta +1.2243) size 444.9 MB sparsity 28.8%
gen 25 offspring [97/100] k= 16 (used  16.0) c=0.848 alpha=-0.192 beta=+0.175 | loss 3.3911 (delta +0.5058) size 450.7 MB sparsity 21.9%
gen 25 offspring [98/100] k= 17 (used  17.0) c=0.861 alpha=-0.030 beta=+0.431 | loss 3.5559 (delta +0.6705) size 447.3 MB sparsity 27.6%
gen 25 offspring [99/100] k= 37 (used  37.0) c=0.997 alpha=-0.061 beta=+0.106 | loss 2.9649 (delta +0.0796) size 541.4 MB sparsity 10.6%
gen 25 offspring [100/100] k= 79 (used  79.0) c=0.994 alpha=-0.139 beta=+0.103 | loss 2.9199 (delta +0.0345) size 586.1 MB sparsity 10.4%
=== generation 25/50 done in 448s (0 reused), batch baseline 2.8854, HV 0.19326, front 100 points, 100/100 feasible, best delta loss +0.0019, smallest 437.4 MB
gen 26 offspring [1/100] k= 37 (used  37.0) c=0.967 alpha=-0.371 beta=+0.207 | loss 3.2990 (delta +0.4136) size 521.0 MB sparsity 24.3%
gen 26 offspring [2/100] k= 17 (used  17.0) c=0.919 alpha=-0.212 beta=+0.131 | loss 3.3499 (delta +0.4645) size 458.9 MB sparsity 21.1%
gen 26 offspring [3/100] k= 17 (used  17.0) c=0.997 alpha=-0.026 beta=+0.459 | loss 3.6912 (delta +0.8058) size 442.7 MB sparsity 30.2%
gen 26 offspring [4/100] k= 17 (used  17.0) c=0.862 alpha=-0.003 beta=+0.225 | loss 3.2869 (delta +0.4016) size 460.1 MB sparsity 20.5%
gen 26 offspring [5/100] k= 32 (used  32.0) c=0.921 alpha=-0.112 beta=+0.022 | loss 2.9764 (delta +0.0911) size 496.7 MB sparsity 11.6%
gen 26 offspring [6/100] k= 17 (used  17.0) c=0.992 alpha=-0.244 beta=+0.300 | loss 3.4698 (delta +0.5845) size 451.5 MB sparsity 25.2%
gen 26 offspring [7/100] k= 32 (used  32.0) c=0.959 alpha=-0.134 beta=+0.121 | loss 2.9871 (delta +0.1018) size 496.7 MB sparsity 12.6%
gen 26 offspring [8/100] k=217 (used 215.0) c=0.981 alpha=-0.063 beta=+0.302 | loss 3.0065 (delta +0.1212) size 620.8 MB sparsity 15.3%
gen 26 offspring [9/100] k= 17 (used  17.0) c=0.968 alpha=-0.351 beta=+0.485 | loss 4.0246 (delta +1.1392) size 434.2 MB sparsity 34.9%
gen 26 offspring [10/100] k= 16 (used  16.0) c=0.851 alpha=-0.066 beta=+0.311 | loss 3.4783 (delta +0.5930) size 449.9 MB sparsity 24.7%
gen 26 offspring [11/100] k= 17 (used  17.0) c=0.849 alpha=-0.061 beta=+0.225 | loss 3.2769 (delta +0.3915) size 460.4 MB sparsity 20.3%
gen 26 offspring [12/100] k= 16 (used  15.0) c=0.998 alpha=-0.236 beta=+0.454 | loss 3.8892 (delta +1.0039) size 439.9 MB sparsity 31.7%
gen 26 offspring [13/100] k= 17 (used  17.0) c=0.986 alpha=-0.195 beta=+0.345 | loss 3.4880 (delta +0.6026) size 450.0 MB sparsity 26.1%
gen 26 offspring [14/100] k= 17 (used  17.0) c=0.847 alpha=-0.198 beta=+0.383 | loss 3.4549 (delta +0.5696) size 450.0 MB sparsity 26.1%
gen 26 offspring [15/100] k= 36 (used  35.0) c=0.974 alpha=-0.286 beta=+0.201 | loss 3.1345 (delta +0.2491) size 530.3 MB sparsity 20.8%
gen 26 offspring [16/100] k= 18 (used  17.0) c=0.995 alpha=-0.325 beta=+0.331 | loss 3.6633 (delta +0.7780) size 445.3 MB sparsity 28.7%
gen 26 offspring [17/100] k= 17 (used  17.0) c=0.992 alpha=-0.308 beta=+0.371 | loss 3.6663 (delta +0.7810) size 443.8 MB sparsity 29.5%
gen 26 offspring [18/100] k= 73 (used  73.0) c=0.994 alpha=-0.035 beta=+0.119 | loss 2.9086 (delta +0.0233) size 586.1 MB sparsity 7.8%
gen 26 offspring [19/100] k= 17 (used  17.0) c=0.993 alpha=-0.001 beta=+0.025 | loss 3.4146 (delta +0.5292) size 456.6 MB sparsity 22.4%
gen 26 offspring [20/100] k= 63 (used  63.0) c=0.956 alpha=-0.061 beta=+0.015 | loss 2.9153 (delta +0.0300) size 541.4 MB sparsity 6.0%
gen 26 offspring [21/100] k= 17 (used  17.0) c=0.975 alpha=-0.283 beta=+0.466 | loss 3.8092 (delta +0.9239) size 439.4 MB sparsity 32.0%
gen 26 offspring [22/100] k= 28 (used  28.0) c=0.912 alpha=-0.119 beta=+0.300 | loss 3.1076 (delta +0.2222) size 495.7 MB sparsity 19.2%
gen 26 offspring [23/100] k= 17 (used  17.0) c=0.987 alpha=-0.071 beta=+0.490 | loss 7.9781 (delta +5.0927) size 441.0 MB sparsity 31.1%
gen 26 offspring [24/100] k= 16 (used  16.0) c=0.841 alpha=-0.364 beta=+0.246 | loss 3.6269 (delta +0.7416) size 447.9 MB sparsity 27.2%
gen 26 offspring [25/100] k= 15 (used  15.0) c=0.917 alpha=-0.216 beta=+0.369 | loss 3.6517 (delta +0.7663) size 447.0 MB sparsity 27.7%
gen 26 offspring [26/100] k= 17 (used  17.0) c=0.968 alpha=-0.177 beta=+0.432 | loss 3.6002 (delta +0.7148) size 445.0 MB sparsity 28.9%
gen 26 offspring [27/100] k= 17 (used  17.0) c=0.925 alpha=-0.003 beta=+0.371 | loss 3.4918 (delta +0.6065) size 449.7 MB sparsity 26.2%
gen 26 offspring [28/100] k= 25 (used  25.0) c=0.991 alpha=-0.025 beta=+0.127 | loss 3.0632 (delta +0.1779) size 496.4 MB sparsity 15.2%
gen 26 offspring [29/100] k= 63 (used  62.8) c=0.987 alpha=-0.224 beta=+0.387 | loss 3.2221 (delta +0.3367) size 518.0 MB sparsity 25.4%
gen 26 offspring [30/100] k= 41 (used  41.0) c=0.943 alpha=-0.065 beta=+0.102 | loss 2.9450 (delta +0.0597) size 541.4 MB sparsity 9.3%
gen 26 offspring [31/100] k= 32 (used  32.0) c=0.921 alpha=-0.109 beta=+0.059 | loss 2.9759 (delta +0.0905) size 496.7 MB sparsity 11.5%
gen 26 offspring [32/100] k= 42 (used  41.0) c=0.993 alpha=-0.272 beta=+0.435 | loss 3.3612 (delta +0.4759) size 507.8 MB sparsity 29.2%
gen 26 offspring [33/100] k= 14 (used  14.0) c=0.871 alpha=-0.066 beta=+0.312 | loss 3.7824 (delta +0.8971) size 447.3 MB sparsity 27.3%
gen 26 offspring [34/100] k= 34 (used  33.0) c=0.994 alpha=-0.215 beta=+0.438 | loss 3.3111 (delta +0.4258) size 480.5 MB sparsity 27.2%
gen 26 offspring [35/100] k= 32 (used  31.0) c=0.982 alpha=-0.198 beta=+0.135 | loss 3.0229 (delta +0.1375) size 496.7 MB sparsity 15.3%
gen 26 offspring [36/100] k= 17 (used  17.0) c=0.847 alpha=-0.171 beta=+0.488 | loss 15.1854 (delta +12.3001) size 443.9 MB sparsity 29.5%
gen 26 offspring [37/100] k= 73 (used  73.0) c=0.993 alpha=-0.098 beta=+0.119 | loss 2.9129 (delta +0.0275) size 586.1 MB sparsity 9.5%
gen 26 offspring [38/100] k= 11 (used  11.0) c=0.845 alpha=-0.096 beta=+0.313 | loss 4.2702 (delta +1.3848) size 442.8 MB sparsity 30.1%
gen 26 offspring [39/100] k= 30 (used  29.0) c=0.998 alpha=-0.175 beta=+0.432 | loss 3.3262 (delta +0.4409) size 483.9 MB sparsity 25.7%
gen 26 offspring [40/100] k= 47 (used  47.0) c=0.849 alpha=-0.002 beta=+0.161 | loss 2.9666 (delta +0.0813) size 541.4 MB sparsity 10.4%
gen 26 offspring [41/100] k= 11 (used  11.0) c=0.987 alpha=-0.236 beta=+0.475 | loss 5.2099 (delta +2.3246) size 429.9 MB sparsity 37.3%
gen 26 offspring [42/100] k= 33 (used  33.0) c=0.959 alpha=-0.326 beta=+0.126 | loss 3.1026 (delta +0.2172) size 497.2 MB sparsity 19.7%
gen 26 offspring [43/100] k=157 (used 157.0) c=0.985 alpha=-0.043 beta=+0.030 | loss 2.8912 (delta +0.0058) size 630.9 MB sparsity 3.3%
gen 26 offspring [44/100] k= 33 (used  33.0) c=0.974 alpha=-0.205 beta=+0.368 | loss 3.1896 (delta +0.3043) size 487.3 MB sparsity 24.2%
gen 26 offspring [45/100] k= 13 (used  13.0) c=0.970 alpha=-0.201 beta=+0.433 | loss 4.1917 (delta +1.3063) size 438.2 MB sparsity 32.7%
gen 26 offspring [46/100] k= 17 (used  17.0) c=0.965 alpha=-0.295 beta=+0.345 | loss 3.6029 (delta +0.7176) size 446.4 MB sparsity 28.1%
gen 26 offspring [47/100] k=235 (used 235.0) c=0.998 alpha=-0.003 beta=+0.023 | loss 2.8880 (delta +0.0026) size 630.9 MB sparsity 1.8%
gen 26 offspring [48/100] k= 17 (used  17.0) c=0.856 alpha=-0.213 beta=+0.131 | loss 3.2904 (delta +0.4051) size 460.8 MB sparsity 20.1%
gen 26 offspring [49/100] k= 30 (used  30.0) c=0.852 alpha=-0.178 beta=+0.364 | loss 3.1839 (delta +0.2985) size 489.9 MB sparsity 23.0%
gen 26 offspring [50/100] k= 17 (used  17.0) c=0.848 alpha=-0.222 beta=+0.338 | loss 3.4144 (delta +0.5291) size 452.0 MB sparsity 25.0%
gen 26 offspring [51/100] k= 17 (used  17.0) c=0.926 alpha=-0.093 beta=+0.178 | loss 3.3258 (delta +0.4404) size 459.1 MB sparsity 21.0%
gen 26 offspring [52/100] k= 33 (used  33.0) c=0.944 alpha=-0.249 beta=+0.261 | loss 3.1589 (delta +0.2735) size 492.9 MB sparsity 21.7%
gen 26 offspring [53/100] k= 33 (used  33.0) c=0.959 alpha=-0.075 beta=+0.005 | loss 2.9697 (delta +0.0844) size 516.4 MB sparsity 11.2%
gen 26 offspring [54/100] k= 28 (used  27.0) c=0.989 alpha=-0.002 beta=+0.426 | loss 3.3235 (delta +0.4381) size 486.6 MB sparsity 24.5%
gen 26 offspring [55/100] k=160 (used 160.0) c=0.985 alpha=-0.042 beta=+0.049 | loss 2.8927 (delta +0.0074) size 630.9 MB sparsity 4.0%
gen 26 offspring [56/100] k= 34 (used  33.0) c=0.996 alpha=-0.003 beta=+0.003 | loss 2.9811 (delta +0.0957) size 515.5 MB sparsity 11.6%
gen 26 offspring [57/100] k= 48 (used  48.0) c=0.852 alpha=-0.104 beta=+0.007 | loss 2.9411 (delta +0.0558) size 541.4 MB sparsity 8.2%
gen 26 offspring [58/100] k= 33 (used  33.0) c=0.974 alpha=-0.210 beta=+0.368 | loss 3.1963 (delta +0.3109) size 486.9 MB sparsity 24.4%
gen 26 offspring [59/100] k= 20 (used  19.0) c=0.993 alpha=-0.234 beta=+0.395 | loss 3.5525 (delta +0.6671) size 479.8 MB sparsity 27.6%
gen 26 offspring [60/100] k= 17 (used  17.0) c=0.848 alpha=-0.230 beta=+0.363 | loss 3.4715 (delta +0.5862) size 449.9 MB sparsity 26.1%
gen 26 offspring [61/100] k= 39 (used  39.0) c=0.981 alpha=-0.265 beta=+0.127 | loss 3.0521 (delta +0.1668) size 539.8 MB sparsity 17.1%
gen 26 offspring [62/100] k= 17 (used  17.0) c=0.975 alpha=-0.219 beta=+0.366 | loss 3.5044 (delta +0.6190) size 448.6 MB sparsity 26.9%
gen 26 offspring [63/100] k= 16 (used  16.0) c=0.848 alpha=-0.129 beta=+0.359 | loss 3.4957 (delta +0.6103) size 448.8 MB sparsity 26.3%
gen 26 offspring [64/100] k= 33 (used  33.0) c=0.972 alpha=-0.213 beta=+0.447 | loss 3.3292 (delta +0.4438) size 480.0 MB sparsity 27.5%
gen 26 offspring [65/100] k= 32 (used  32.0) c=0.919 alpha=-0.234 beta=+0.428 | loss 3.3134 (delta +0.4281) size 479.8 MB sparsity 27.5%
gen 26 offspring [66/100] k= 17 (used  17.0) c=0.987 alpha=-0.235 beta=+0.451 | loss 3.6850 (delta +0.7997) size 442.6 MB sparsity 30.2%
gen 26 offspring [67/100] k=127 (used 126.0) c=0.862 alpha=-0.091 beta=+0.317 | loss 3.0454 (delta +0.1600) size 577.4 MB sparsity 17.1%
gen 26 offspring [68/100] k= 17 (used  17.0) c=0.847 alpha=-0.198 beta=+0.644 | loss 15.4827 (delta +12.5974) size 434.0 MB sparsity 35.0%
gen 26 offspring [69/100] k= 19 (used  19.0) c=0.861 alpha=-0.002 beta=+0.291 | loss 3.2731 (delta +0.3878) size 493.0 MB sparsity 21.4%
gen 26 offspring [70/100] k= 17 (used  17.0) c=0.860 alpha=-0.294 beta=+0.401 | loss 3.6777 (delta +0.7923) size 443.6 MB sparsity 29.7%
gen 26 offspring [71/100] k= 17 (used  17.0) c=0.846 alpha=-0.228 beta=+0.198 | loss 3.3178 (delta +0.4324) size 459.7 MB sparsity 20.7%
gen 26 offspring [72/100] k= 17 (used  17.0) c=0.851 alpha=-0.022 beta=+0.423 | loss 3.5401 (delta +0.6547) size 448.0 MB sparsity 27.2%
gen 26 offspring [73/100] k= 30 (used  29.0) c=0.991 alpha=-0.310 beta=+0.426 | loss 3.4804 (delta +0.5951) size 473.2 MB sparsity 30.5%
gen 26 offspring [74/100] k= 59 (used  59.0) c=0.969 alpha=-0.109 beta=+0.005 | loss 2.9387 (delta +0.0534) size 541.4 MB sparsity 8.0%
gen 26 offspring [75/100] k= 32 (used  32.0) c=0.919 alpha=-0.105 beta=+0.175 | loss 2.9908 (delta +0.1055) size 496.7 MB sparsity 13.6%
gen 26 offspring [76/100] k= 43 (used  43.0) c=0.941 alpha=-0.232 beta=+0.405 | loss 3.2735 (delta +0.3882) size 515.1 MB sparsity 26.5%
gen 26 offspring [77/100] k= 17 (used  17.0) c=0.981 alpha=-0.070 beta=+0.118 | loss 3.4151 (delta +0.5298) size 457.1 MB sparsity 22.1%
gen 26 offspring [78/100] k= 16 (used  16.0) c=0.851 alpha=-0.048 beta=+0.352 | loss 3.5051 (delta +0.6198) size 449.0 MB sparsity 26.1%
gen 26 offspring [79/100] k= 19 (used  19.0) c=0.852 alpha=-0.366 beta=+0.434 | loss 3.8531 (delta +0.9678) size 467.2 MB sparsity 33.2%
gen 26 offspring [80/100] k= 17 (used  17.0) c=0.997 alpha=-0.014 beta=+0.168 | loss 3.4337 (delta +0.5483) size 456.5 MB sparsity 22.5%
gen 26 offspring [81/100] k= 17 (used  17.0) c=0.847 alpha=-0.222 beta=+0.295 | loss 3.3746 (delta +0.4892) size 454.7 MB sparsity 23.4%
gen 26 offspring [82/100] k= 18 (used  17.0) c=0.973 alpha=-0.343 beta=+0.331 | loss 3.6734 (delta +0.7881) size 444.3 MB sparsity 29.3%
gen 26 offspring [83/100] k= 31 (used  31.0) c=0.981 alpha=-0.061 beta=+0.120 | loss 2.9891 (delta +0.1037) size 496.7 MB sparsity 12.3%
gen 26 offspring [84/100] k=125 (used 125.0) c=0.994 alpha=-0.000 beta=+0.003 | loss 2.8910 (delta +0.0056) size 586.1 MB sparsity 3.0%
gen 26 offspring [85/100] k= 17 (used  17.0) c=0.914 alpha=-0.359 beta=+0.265 | loss 3.6322 (delta +0.7468) size 447.7 MB sparsity 27.4%
gen 26 offspring [86/100] k= 16 (used  15.0) c=0.959 alpha=-0.176 beta=+0.027 | loss 3.6198 (delta +0.7345) size 449.2 MB sparsity 24.5%
gen 26 offspring [87/100] k= 26 (used  25.0) c=0.992 alpha=-0.192 beta=+0.473 | loss 3.5042 (delta +0.6188) size 478.6 MB sparsity 28.1%
gen 26 offspring [88/100] k= 17 (used  17.0) c=0.852 alpha=-0.137 beta=+0.435 | loss 3.5667 (delta +0.6813) size 447.2 MB sparsity 27.7%
gen 26 offspring [89/100] k= 32 (used  31.0) c=0.981 alpha=-0.063 beta=+0.281 | loss 3.0682 (delta +0.1828) size 496.3 MB sparsity 18.0%
gen 26 offspring [90/100] k= 30 (used  29.0) c=0.989 alpha=-0.001 beta=+0.291 | loss 3.0995 (delta +0.2142) size 495.8 MB sparsity 18.9%
gen 26 offspring [91/100] k= 32 (used  32.0) c=0.939 alpha=-0.311 beta=+0.300 | loss 3.2737 (delta +0.3884) size 484.0 MB sparsity 25.7%
gen 26 offspring [92/100] k= 17 (used  17.0) c=0.932 alpha=-0.326 beta=+0.130 | loss 3.4960 (delta +0.6107) size 452.5 MB sparsity 24.7%
gen 26 offspring [93/100] k= 17 (used  17.0) c=0.847 alpha=-0.203 beta=+0.411 | loss 3.5051 (delta +0.6198) size 448.1 MB sparsity 27.1%
gen 26 offspring [94/100] k= 16 (used  16.0) c=0.832 alpha=-0.198 beta=+0.442 | loss 3.7094 (delta +0.8240) size 444.6 MB sparsity 29.1%
gen 26 offspring [95/100] k= 17 (used  17.0) c=0.842 alpha=-0.169 beta=+0.242 | loss 3.2965 (delta +0.4111) size 459.6 MB sparsity 20.7%
gen 26 offspring [96/100] k= 75 (used  75.0) c=0.992 alpha=-0.098 beta=+0.128 | loss 2.9188 (delta +0.0335) size 586.1 MB sparsity 9.8%
gen 26 offspring [97/100] k= 17 (used  17.0) c=0.848 alpha=-0.203 beta=+0.287 | loss 3.3289 (delta +0.4436) size 456.1 MB sparsity 22.7%
gen 26 offspring [98/100] k= 12 (used  11.0) c=0.969 alpha=-0.282 beta=+0.374 | loss 4.9504 (delta +2.0651) size 435.3 MB sparsity 34.3%
gen 26 offspring [99/100] k=235 (used 235.0) c=0.997 alpha=-0.003 beta=+0.003 | loss 2.8873 (delta +0.0020) size 630.9 MB sparsity 1.6%
gen 26 offspring [100/100] k= 16 (used  16.0) c=0.847 alpha=-0.222 beta=+0.460 | loss 3.7001 (delta +0.8147) size 442.7 MB sparsity 30.2%
=== generation 26/50 done in 447s (0 reused), batch baseline 2.8854, HV 0.19340, front 100 points, 100/100 feasible, best delta loss +0.0019, smallest 437.4 MB
gen 27 offspring [1/100] k=169 (used 166.6) c=0.989 alpha=-0.014 beta=+0.451 | loss 4.1795 (delta +1.2941) size 606.1 MB sparsity 19.4%
gen 27 offspring [2/100] k= 17 (used  17.0) c=0.847 alpha=-0.203 beta=+0.411 | loss 3.5049 (delta +0.6196) size 448.1 MB sparsity 27.2%
gen 27 offspring [3/100] k=125 (used 125.0) c=0.994 alpha=-0.003 beta=+0.003 | loss 2.8912 (delta +0.0058) size 586.1 MB sparsity 3.0%
gen 27 offspring [4/100] k= 17 (used  17.0) c=0.974 alpha=-0.211 beta=+0.432 | loss 3.6111 (delta +0.7257) size 444.6 MB sparsity 29.1%
gen 27 offspring [5/100] k= 19 (used  19.0) c=0.832 alpha=-0.198 beta=+0.437 | loss 3.5497 (delta +0.6643) size 480.4 MB sparsity 27.3%
gen 27 offspring [6/100] k= 56 (used  56.0) c=0.967 alpha=-0.108 beta=+0.015 | loss 2.9229 (delta +0.0375) size 541.4 MB sparsity 8.2%
gen 27 offspring [7/100] k= 17 (used  17.0) c=0.985 alpha=-0.216 beta=+0.274 | loss 3.4360 (delta +0.5507) size 454.0 MB sparsity 23.9%
gen 27 offspring [8/100] k= 33 (used  33.0) c=0.852 alpha=-0.330 beta=+0.435 | loss 3.5392 (delta +0.6539) size 471.0 MB sparsity 31.5%
gen 27 offspring [9/100] k= 17 (used  17.0) c=0.878 alpha=-0.075 beta=+0.404 | loss 3.5426 (delta +0.6572) size 448.6 MB sparsity 26.8%
gen 27 offspring [10/100] k= 17 (used  17.0) c=0.994 alpha=-0.351 beta=+0.384 | loss 3.7713 (delta +0.8859) size 440.3 MB sparsity 31.5%
gen 27 offspring [11/100] k= 17 (used  17.0) c=0.992 alpha=-0.213 beta=+0.402 | loss 3.5757 (delta +0.6904) size 446.1 MB sparsity 28.2%
gen 27 offspring [12/100] k= 17 (used  17.0) c=0.846 alpha=-0.108 beta=+0.408 | loss 3.5048 (delta +0.6194) size 449.1 MB sparsity 26.6%
gen 27 offspring [13/100] k= 32 (used  32.0) c=0.921 alpha=-0.109 beta=+0.003 | loss 2.9759 (delta +0.0905) size 496.7 MB sparsity 11.5%
gen 27 offspring [14/100] k= 39 (used  39.0) c=0.853 alpha=-0.231 beta=+0.339 | loss 3.2321 (delta +0.3467) size 522.1 MB sparsity 23.8%
gen 27 offspring [15/100] k= 16 (used  15.0) c=0.994 alpha=-0.289 beta=+0.600 | loss 15.1244 (delta +12.2390) size 429.8 MB sparsity 37.4%
gen 27 offspring [16/100] k= 17 (used  17.0) c=0.990 alpha=-0.222 beta=+0.248 | loss 3.4272 (delta +0.5418) size 455.0 MB sparsity 23.3%
gen 27 offspring [17/100] k= 17 (used  17.0) c=0.970 alpha=-0.091 beta=+0.433 | loss 3.5917 (delta +0.7064) size 444.9 MB sparsity 28.9%
gen 27 offspring [18/100] k= 30 (used  30.0) c=0.916 alpha=-0.210 beta=+0.364 | loss 3.2236 (delta +0.3382) size 487.0 MB sparsity 24.3%
gen 27 offspring [19/100] k= 42 (used  41.0) c=0.978 alpha=-0.042 beta=+0.194 | loss 2.9749 (delta +0.0895) size 541.4 MB sparsity 12.9%
gen 27 offspring [20/100] k= 33 (used  33.0) c=0.944 alpha=-0.199 beta=+0.294 | loss 3.1308 (delta +0.2454) size 494.3 MB sparsity 21.1%
gen 27 offspring [21/100] k= 31 (used  31.0) c=0.994 alpha=-0.229 beta=+0.467 | loss 3.4227 (delta +0.5374) size 476.8 MB sparsity 28.9%
gen 27 offspring [22/100] k= 19 (used  19.0) c=0.987 alpha=-0.235 beta=+0.470 | loss 3.7056 (delta +0.8202) size 473.8 MB sparsity 30.2%
gen 27 offspring [23/100] k= 16 (used  16.0) c=0.831 alpha=-0.195 beta=+0.182 | loss 3.4548 (delta +0.5694) size 450.9 MB sparsity 21.5%
gen 27 offspring [24/100] k= 17 (used  17.0) c=0.971 alpha=-0.309 beta=+0.398 | loss 3.7166 (delta +0.8312) size 442.2 MB sparsity 30.4%
gen 27 offspring [25/100] k= 30 (used  29.0) c=0.987 alpha=-0.198 beta=+0.483 | loss 3.4509 (delta +0.5655) size 477.9 MB sparsity 28.4%
gen 27 offspring [26/100] k= 17 (used  17.0) c=0.851 alpha=-0.150 beta=+0.411 | loss 3.5131 (delta +0.6277) size 448.8 MB sparsity 26.8%
gen 27 offspring [27/100] k= 17 (used  17.0) c=0.848 alpha=-0.170 beta=+0.313 | loss 3.3561 (delta +0.4707) size 455.1 MB sparsity 23.2%
gen 27 offspring [28/100] k= 17 (used  17.0) c=0.842 alpha=-0.169 beta=+0.235 | loss 3.2940 (delta +0.4086) size 460.0 MB sparsity 20.5%
gen 27 offspring [29/100] k= 24 (used  23.0) c=0.984 alpha=-0.287 beta=+0.413 | loss 3.5446 (delta +0.6592) size 475.6 MB sparsity 29.4%
gen 27 offspring [30/100] k= 30 (used  30.0) c=0.915 alpha=-0.217 beta=+0.364 | loss 3.2307 (delta +0.3454) size 486.4 MB sparsity 24.6%
gen 27 offspring [31/100] k= 33 (used  33.0) c=0.958 alpha=-0.204 beta=+0.331 | loss 3.1592 (delta +0.2739) size 490.7 MB sparsity 22.7%
gen 27 offspring [32/100] k= 17 (used  17.0) c=0.997 alpha=-0.050 beta=+0.237 | loss 3.4401 (delta +0.5548) size 455.7 MB sparsity 22.9%
gen 27 offspring [33/100] k= 86 (used  86.0) c=0.923 alpha=-0.108 beta=+0.021 | loss 2.9093 (delta +0.0239) size 586.1 MB sparsity 6.7%
gen 27 offspring [34/100] k= 73 (used  73.0) c=0.994 alpha=-0.063 beta=+0.215 | loss 2.9464 (delta +0.0611) size 586.1 MB sparsity 12.1%
gen 27 offspring [35/100] k= 34 (used  33.0) c=0.974 alpha=-0.223 beta=+0.002 | loss 3.0102 (delta +0.1249) size 507.2 MB sparsity 15.3%
gen 27 offspring [36/100] k= 33 (used  33.0) c=0.919 alpha=-0.117 beta=+0.374 | loss 3.1751 (delta +0.2898) size 494.0 MB sparsity 21.2%
gen 27 offspring [37/100] k= 36 (used  35.0) c=0.996 alpha=-0.005 beta=+0.003 | loss 2.9731 (delta +0.0878) size 541.4 MB sparsity 10.9%
gen 27 offspring [38/100] k= 11 (used  11.0) c=0.851 alpha=-0.191 beta=+0.427 | loss 4.4292 (delta +1.5438) size 437.1 MB sparsity 33.3%
gen 27 offspring [39/100] k= 16 (used  15.0) c=0.935 alpha=-0.026 beta=+0.243 | loss 3.5459 (delta +0.6605) size 449.6 MB sparsity 24.2%
gen 27 offspring [40/100] k= 17 (used  17.0) c=0.969 alpha=-0.199 beta=+0.294 | loss 3.4234 (delta +0.5380) size 453.5 MB sparsity 24.2%
gen 27 offspring [41/100] k=124 (used 121.9) c=0.992 alpha=-0.236 beta=+0.488 | loss 3.3847 (delta +0.4993) size 538.2 MB sparsity 29.6%
gen 27 offspring [42/100] k= 16 (used  16.0) c=0.854 alpha=-0.330 beta=+0.296 | loss 3.5980 (delta +0.7126) size 447.2 MB sparsity 27.7%
gen 27 offspring [43/100] k= 17 (used  17.0) c=0.982 alpha=-0.211 beta=+0.335 | loss 3.4904 (delta +0.6050) size 450.5 MB sparsity 25.8%
gen 27 offspring [44/100] k= 32 (used  31.0) c=0.981 alpha=-0.063 beta=+0.317 | loss 3.1018 (delta +0.2165) size 495.7 MB sparsity 19.4%
gen 27 offspring [45/100] k= 33 (used  33.0) c=0.995 alpha=-0.059 beta=+0.122 | loss 2.9796 (delta +0.0943) size 514.8 MB sparsity 11.9%
gen 27 offspring [46/100] k= 17 (used  17.0) c=0.856 alpha=-0.308 beta=+0.434 | loss 3.7793 (delta +0.8939) size 440.6 MB sparsity 31.3%
gen 27 offspring [47/100] k= 17 (used  17.0) c=0.818 alpha=-0.065 beta=+0.363 | loss 3.4382 (delta +0.5528) size 452.6 MB sparsity 24.7%
gen 27 offspring [48/100] k= 24 (used  23.0) c=0.987 alpha=-0.227 beta=+0.002 | loss 3.1672 (delta +0.2818) size 495.5 MB sparsity 18.5%
gen 27 offspring [49/100] k= 30 (used  30.0) c=0.914 alpha=-0.206 beta=+0.177 | loss 3.0481 (delta +0.1627) size 496.6 MB sparsity 17.0%
gen 27 offspring [50/100] k= 18 (used  18.0) c=0.847 alpha=-0.062 beta=+0.204 | loss 3.2604 (delta +0.3750) size 494.0 MB sparsity 19.7%
gen 27 offspring [51/100] k= 33 (used  33.0) c=0.975 alpha=-0.210 beta=+0.366 | loss 3.1925 (delta +0.3072) size 487.1 MB sparsity 24.3%
gen 27 offspring [52/100] k= 17 (used  17.0) c=0.848 alpha=-0.203 beta=+0.287 | loss 3.3288 (delta +0.4435) size 456.1 MB sparsity 22.7%
gen 27 offspring [53/100] k= 63 (used  63.0) c=0.957 alpha=-0.061 beta=+0.005 | loss 2.9161 (delta +0.0307) size 541.4 MB sparsity 6.0%
gen 27 offspring [54/100] k= 16 (used  16.0) c=0.860 alpha=-0.010 beta=+0.445 | loss 3.6807 (delta +0.7954) size 443.8 MB sparsity 29.5%
gen 27 offspring [55/100] k= 17 (used  17.0) c=0.958 alpha=-0.134 beta=+0.126 | loss 3.4134 (delta +0.5281) size 457.9 MB sparsity 21.6%
gen 27 offspring [56/100] k= 20 (used  19.0) c=0.971 alpha=-0.051 beta=+0.023 | loss 3.2548 (delta +0.3694) size 493.7 MB sparsity 19.6%
gen 27 offspring [57/100] k= 17 (used  17.0) c=0.926 alpha=-0.093 beta=+0.066 | loss 3.3264 (delta +0.4410) size 459.1 MB sparsity 21.0%
gen 27 offspring [58/100] k= 17 (used  17.0) c=0.996 alpha=-0.317 beta=+0.446 | loss 3.8371 (delta +0.9517) size 438.6 MB sparsity 32.5%
gen 27 offspring [59/100] k= 17 (used  17.0) c=0.991 alpha=-0.139 beta=+0.232 | loss 3.4175 (delta +0.5321) size 456.0 MB sparsity 22.7%
gen 27 offspring [60/100] k= 33 (used  33.0) c=0.981 alpha=-0.204 beta=+0.331 | loss 3.1555 (delta +0.2702) size 490.6 MB sparsity 22.7%
gen 27 offspring [61/100] k= 17 (used  17.0) c=0.992 alpha=-0.085 beta=+0.244 | loss 3.4282 (delta +0.5428) size 455.6 MB sparsity 23.0%
gen 27 offspring [62/100] k=195 (used 194.8) c=0.995 alpha=-0.128 beta=+0.043 | loss 2.8995 (delta +0.0141) size 630.9 MB sparsity 7.3%
gen 27 offspring [63/100] k= 17 (used  17.0) c=0.848 alpha=-0.129 beta=+0.359 | loss 3.4175 (delta +0.5321) size 452.2 MB sparsity 24.9%
gen 27 offspring [64/100] k= 17 (used  17.0) c=0.842 alpha=-0.264 beta=+0.345 | loss 3.5273 (delta +0.6420) size 449.2 MB sparsity 26.5%
gen 27 offspring [65/100] k= 14 (used  14.0) c=0.862 alpha=-0.308 beta=+0.225 | loss 3.8062 (delta +0.9209) size 447.7 MB sparsity 27.0%
gen 27 offspring [66/100] k= 17 (used  17.0) c=0.988 alpha=-0.218 beta=+0.475 | loss 3.7078 (delta +0.8225) size 441.5 MB sparsity 30.8%
gen 27 offspring [67/100] k= 32 (used  31.0) c=1.000 alpha=-0.203 beta=+0.120 | loss 3.0273 (delta +0.1419) size 496.7 MB sparsity 15.2%
gen 27 offspring [68/100] k= 17 (used  17.0) c=0.854 alpha=-0.255 beta=+0.357 | loss 3.5265 (delta +0.6411) size 448.9 MB sparsity 26.7%
gen 27 offspring [69/100] k= 17 (used  17.0) c=0.982 alpha=-0.066 beta=+0.135 | loss 3.4201 (delta +0.5347) size 457.0 MB sparsity 22.2%
gen 27 offspring [70/100] k= 19 (used  19.0) c=0.857 alpha=-0.000 beta=+0.354 | loss 3.3503 (delta +0.4649) size 488.5 MB sparsity 23.6%
gen 27 offspring [71/100] k= 17 (used  17.0) c=0.993 alpha=-0.110 beta=+0.430 | loss 3.6050 (delta +0.7197) size 444.6 MB sparsity 29.1%
gen 27 offspring [72/100] k= 27 (used  27.0) c=0.938 alpha=-0.234 beta=+0.366 | loss 3.3399 (delta +0.4546) size 484.6 MB sparsity 25.4%
gen 27 offspring [73/100] k= 15 (used  15.0) c=0.994 alpha=-0.069 beta=+0.445 | loss 3.8722 (delta +0.9869) size 440.7 MB sparsity 31.3%
gen 27 offspring [74/100] k=157 (used 157.0) c=0.985 alpha=-0.042 beta=+0.050 | loss 2.8910 (delta +0.0056) size 630.9 MB sparsity 4.1%
gen 27 offspring [75/100] k= 17 (used  17.0) c=0.854 alpha=-0.041 beta=+0.423 | loss 3.5515 (delta +0.6661) size 447.9 MB sparsity 27.3%
gen 27 offspring [76/100] k= 16 (used  16.0) c=0.853 alpha=-0.330 beta=+0.435 | loss 3.8253 (delta +0.9399) size 438.6 MB sparsity 32.5%
gen 27 offspring [77/100] k= 33 (used  33.0) c=0.974 alpha=-0.249 beta=+0.126 | loss 3.0308 (delta +0.1454) size 503.9 MB sparsity 16.8%
gen 27 offspring [78/100] k= 40 (used  39.9) c=0.832 alpha=-0.196 beta=+0.442 | loss 3.3482 (delta +0.4628) size 515.3 MB sparsity 26.4%
gen 27 offspring [79/100] k= 59 (used  59.0) c=0.954 alpha=-0.061 beta=+0.059 | loss 2.9326 (delta +0.0472) size 541.4 MB sparsity 6.3%
gen 27 offspring [80/100] k= 15 (used  15.0) c=0.848 alpha=-0.099 beta=+0.117 | loss 3.4305 (delta +0.5452) size 450.7 MB sparsity 21.9%
gen 27 offspring [81/100] k= 22 (used  21.0) c=0.959 alpha=-0.075 beta=+0.350 | loss 3.3075 (delta +0.4221) size 488.7 MB sparsity 23.6%
gen 27 offspring [82/100] k= 16 (used  15.0) c=0.994 alpha=-0.234 beta=+0.462 | loss 3.9098 (delta +1.0245) size 439.5 MB sparsity 31.9%
gen 27 offspring [83/100] k=213 (used 209.5) c=0.974 alpha=-0.210 beta=+0.368 | loss 3.1429 (delta +0.2575) size 589.6 MB sparsity 24.0%
gen 27 offspring [84/100] k= 17 (used  17.0) c=0.993 alpha=-0.359 beta=+0.473 | loss 3.9731 (delta +1.0877) size 434.3 MB sparsity 34.9%
gen 27 offspring [85/100] k= 17 (used  17.0) c=0.840 alpha=-0.093 beta=+0.178 | loss 3.2877 (delta +0.4023) size 462.3 MB sparsity 19.2%
gen 27 offspring [86/100] k= 33 (used  33.0) c=0.977 alpha=-0.288 beta=+0.417 | loss 3.3835 (delta +0.4982) size 476.0 MB sparsity 29.2%
gen 27 offspring [87/100] k= 18 (used  17.0) c=0.994 alpha=-0.000 beta=+0.003 | loss 3.4127 (delta +0.5274) size 456.6 MB sparsity 22.4%
gen 27 offspring [88/100] k= 23 (used  23.0) c=0.983 alpha=-0.012 beta=+0.357 | loss 3.2858 (delta +0.4004) size 489.5 MB sparsity 23.2%
gen 27 offspring [89/100] k= 33 (used  33.0) c=0.944 alpha=-0.252 beta=+0.433 | loss 3.3484 (delta +0.4630) size 477.9 MB sparsity 28.4%
gen 27 offspring [90/100] k= 31 (used  31.0) c=0.982 alpha=-0.062 beta=+0.121 | loss 2.9908 (delta +0.1054) size 496.7 MB sparsity 12.3%
gen 27 offspring [91/100] k= 71 (used  71.0) c=0.981 alpha=-0.182 beta=+0.120 | loss 2.9464 (delta +0.0611) size 586.0 MB sparsity 12.9%
gen 27 offspring [92/100] k= 17 (used  17.0) c=0.970 alpha=-0.326 beta=+0.412 | loss 3.7646 (delta +0.8792) size 440.3 MB sparsity 31.5%
gen 27 offspring [93/100] k= 33 (used  33.0) c=0.956 alpha=-0.228 beta=+0.125 | loss 3.0196 (delta +0.1342) size 505.9 MB sparsity 15.9%
gen 27 offspring [94/100] k= 17 (used  17.0) c=0.845 alpha=-0.110 beta=+0.299 | loss 3.3393 (delta +0.4539) size 456.1 MB sparsity 22.7%
gen 27 offspring [95/100] k= 17 (used  17.0) c=0.846 alpha=-0.028 beta=+0.299 | loss 3.3399 (delta +0.4546) size 456.1 MB sparsity 22.7%
gen 27 offspring [96/100] k= 22 (used  22.0) c=0.913 alpha=-0.239 beta=+0.125 | loss 3.1940 (delta +0.3087) size 495.2 MB sparsity 19.1%
gen 27 offspring [97/100] k= 17 (used  17.0) c=0.997 alpha=-0.166 beta=+0.410 | loss 3.5930 (delta +0.7076) size 445.7 MB sparsity 28.5%
gen 27 offspring [98/100] k= 17 (used  17.0) c=0.960 alpha=-0.163 beta=+0.398 | loss 3.5858 (delta +0.7005) size 447.3 MB sparsity 27.6%
gen 27 offspring [99/100] k= 32 (used  32.0) c=0.916 alpha=-0.198 beta=+0.338 | loss 3.1549 (delta +0.2696) size 490.5 MB sparsity 22.7%
gen 27 offspring [100/100] k= 17 (used  17.0) c=0.994 alpha=-0.264 beta=+0.430 | loss 3.6787 (delta +0.7934) size 442.6 MB sparsity 30.2%
=== generation 27/50 done in 447s (0 reused), batch baseline 2.8854, HV 0.19341, front 100 points, 100/100 feasible, best delta loss +0.0019, smallest 437.4 MB
gen 28 offspring [1/100] k= 33 (used  33.0) c=0.851 alpha=-0.204 beta=+0.300 | loss 3.1723 (delta +0.2869) size 493.6 MB sparsity 21.4%
gen 28 offspring [2/100] k= 17 (used  17.0) c=0.995 alpha=-0.192 beta=+0.297 | loss 3.4639 (delta +0.5785) size 452.7 MB sparsity 24.6%
gen 28 offspring [3/100] k= 17 (used  17.0) c=0.970 alpha=-0.205 beta=+0.434 | loss 3.5949 (delta +0.7096) size 444.6 MB sparsity 29.1%
gen 28 offspring [4/100] k= 17 (used  17.0) c=0.848 alpha=-0.230 beta=+0.348 | loss 3.4511 (delta +0.5658) size 450.9 MB sparsity 25.6%
gen 28 offspring [5/100] k= 17 (used  17.0) c=0.994 alpha=-0.084 beta=+0.468 | loss 3.6889 (delta +0.8035) size 442.2 MB sparsity 30.4%
gen 28 offspring [6/100] k= 37 (used  37.0) c=0.966 alpha=-0.072 beta=+0.044 | loss 2.9596 (delta +0.0743) size 541.4 MB sparsity 10.0%
gen 28 offspring [7/100] k= 17 (used  17.0) c=0.853 alpha=-0.330 beta=+0.128 | loss 3.4260 (delta +0.5406) size 454.0 MB sparsity 23.9%
gen 28 offspring [8/100] k= 63 (used  63.0) c=0.944 alpha=-0.061 beta=+0.018 | loss 2.9160 (delta +0.0306) size 541.4 MB sparsity 5.9%
gen 28 offspring [9/100] k= 17 (used  17.0) c=0.859 alpha=-0.089 beta=+0.319 | loss 3.3760 (delta +0.4907) size 454.5 MB sparsity 23.6%
gen 28 offspring [10/100] k= 17 (used  17.0) c=0.847 alpha=-0.093 beta=+0.178 | loss 3.2750 (delta +0.3896) size 462.0 MB sparsity 19.4%
gen 28 offspring [11/100] k=207 (used 207.0) c=0.888 alpha=-0.001 beta=+0.003 | loss 2.9010 (delta +0.0156) size 630.9 MB sparsity 1.6%
gen 28 offspring [12/100] k= 17 (used  17.0) c=0.847 alpha=-0.203 beta=+0.380 | loss 3.4492 (delta +0.5638) size 450.1 MB sparsity 26.0%
gen 28 offspring [13/100] k= 17 (used  17.0) c=0.994 alpha=-0.233 beta=+0.264 | loss 3.4358 (delta +0.5505) size 453.9 MB sparsity 23.9%
gen 28 offspring [14/100] k= 33 (used  33.0) c=0.956 alpha=-0.054 beta=+0.178 | loss 2.9892 (delta +0.1039) size 511.3 MB sparsity 13.5%
gen 28 offspring [15/100] k= 15 (used  15.0) c=0.847 alpha=-0.037 beta=+0.417 | loss 3.6502 (delta +0.7648) size 445.9 MB sparsity 28.4%
gen 28 offspring [16/100] k= 22 (used  21.0) c=0.973 alpha=-0.222 beta=+0.295 | loss 3.3181 (delta +0.4327) size 489.9 MB sparsity 23.0%
gen 28 offspring [17/100] k= 17 (used  17.0) c=0.922 alpha=-0.309 beta=+0.133 | loss 3.4738 (delta +0.5884) size 453.7 MB sparsity 24.0%
gen 28 offspring [18/100] k= 21 (used  21.0) c=0.992 alpha=-0.213 beta=+0.422 | loss 3.4667 (delta +0.5813) size 480.0 MB sparsity 27.5%
gen 28 offspring [19/100] k= 30 (used  30.0) c=0.915 alpha=-0.217 beta=+0.364 | loss 3.2316 (delta +0.3462) size 486.4 MB sparsity 24.6%
gen 28 offspring [20/100] k= 18 (used  18.0) c=0.859 alpha=-0.062 beta=+0.355 | loss 3.4127 (delta +0.5274) size 485.8 MB sparsity 24.9%
gen 28 offspring [21/100] k= 16 (used  15.0) c=0.959 alpha=-0.202 beta=+0.110 | loss 3.6186 (delta +0.7333) size 449.2 MB sparsity 24.5%
gen 28 offspring [22/100] k= 73 (used  72.9) c=0.994 alpha=-0.277 beta=+0.119 | loss 3.0121 (delta +0.1267) size 578.4 MB sparsity 16.8%
gen 28 offspring [23/100] k= 18 (used  17.0) c=0.991 alpha=-0.219 beta=+0.353 | loss 3.4989 (delta +0.6135) size 449.1 MB sparsity 26.6%
gen 28 offspring [24/100] k=113 (used 113.0) c=0.993 alpha=-0.107 beta=+0.011 | loss 2.9004 (delta +0.0151) size 586.1 MB sparsity 6.3%
gen 28 offspring [25/100] k= 17 (used  17.0) c=0.844 alpha=-0.220 beta=+0.295 | loss 3.3799 (delta +0.4945) size 454.8 MB sparsity 23.4%
gen 28 offspring [26/100] k= 16 (used  16.0) c=0.852 alpha=-0.358 beta=+0.427 | loss 3.8543 (delta +0.9689) size 437.4 MB sparsity 33.1%
gen 28 offspring [27/100] k= 17 (used  17.0) c=0.993 alpha=-0.075 beta=+0.002 | loss 3.4128 (delta +0.5275) size 456.6 MB sparsity 22.4%
gen 28 offspring [28/100] k= 16 (used  16.0) c=0.848 alpha=-0.129 beta=+0.441 | loss 3.6325 (delta +0.7472) size 444.4 MB sparsity 29.2%
gen 28 offspring [29/100] k= 32 (used  31.0) c=0.981 alpha=-0.063 beta=+0.304 | loss 3.0905 (delta +0.2051) size 495.9 MB sparsity 18.9%
gen 28 offspring [30/100] k= 42 (used  41.0) c=0.999 alpha=-0.048 beta=+0.213 | loss 2.9795 (delta +0.0942) size 541.4 MB sparsity 13.8%
gen 28 offspring [31/100] k= 19 (used  19.0) c=0.862 alpha=-0.091 beta=+0.262 | loss 3.2415 (delta +0.3562) size 494.1 MB sparsity 20.3%
gen 28 offspring [32/100] k= 71 (used  70.4) c=0.860 alpha=-0.037 beta=+0.413 | loss 3.3524 (delta +0.4670) size 570.7 MB sparsity 19.2%
gen 28 offspring [33/100] k= 16 (used  15.0) c=0.970 alpha=-0.192 beta=+0.373 | loss 3.7491 (delta +0.8637) size 445.6 MB sparsity 28.5%
gen 28 offspring [34/100] k= 18 (used  18.0) c=0.849 alpha=-0.335 beta=+0.010 | loss 3.4132 (delta +0.5279) size 487.7 MB sparsity 24.0%
gen 28 offspring [35/100] k= 17 (used  17.0) c=0.970 alpha=-0.282 beta=+0.432 | loss 3.6867 (delta +0.8013) size 441.6 MB sparsity 30.8%
gen 28 offspring [36/100] k= 19 (used  19.0) c=0.862 alpha=-0.084 beta=+0.226 | loss 3.2268 (delta +0.3415) size 495.0 MB sparsity 19.1%
gen 28 offspring [37/100] k=125 (used 125.0) c=0.977 alpha=-0.000 beta=+0.003 | loss 2.8934 (delta +0.0080) size 586.1 MB sparsity 3.0%
gen 28 offspring [38/100] k= 17 (used  17.0) c=0.994 alpha=-0.137 beta=+0.445 | loss 3.6443 (delta +0.7590) size 443.6 MB sparsity 29.7%
gen 28 offspring [39/100] k= 32 (used  32.0) c=0.921 alpha=-0.107 beta=+0.297 | loss 3.0725 (delta +0.1871) size 496.3 MB sparsity 18.3%
gen 28 offspring [40/100] k= 33 (used  33.0) c=0.983 alpha=-0.234 beta=+0.122 | loss 3.0225 (delta +0.1372) size 505.4 MB sparsity 16.1%
gen 28 offspring [41/100] k= 17 (used  17.0) c=0.975 alpha=-0.312 beta=+0.461 | loss 3.8643 (delta +0.9790) size 438.1 MB sparsity 32.8%
gen 28 offspring [42/100] k= 17 (used  17.0) c=0.847 alpha=-0.093 beta=+0.187 | loss 3.2766 (delta +0.3912) size 461.9 MB sparsity 19.4%
gen 28 offspring [43/100] k= 33 (used  33.0) c=0.944 alpha=-0.108 beta=+0.344 | loss 3.1273 (delta +0.2419) size 496.7 MB sparsity 20.0%
gen 28 offspring [44/100] k= 18 (used  17.0) c=0.994 alpha=-0.098 beta=+0.119 | loss 3.4118 (delta +0.5265) size 456.6 MB sparsity 22.4%
gen 28 offspring [45/100] k=156 (used 155.8) c=0.912 alpha=-0.141 beta=+0.081 | loss 2.9093 (delta +0.0240) size 630.9 MB sparsity 9.4%
gen 28 offspring [46/100] k= 17 (used  17.0) c=0.922 alpha=-0.166 beta=+0.371 | loss 3.4890 (delta +0.6036) size 449.8 MB sparsity 26.2%
gen 28 offspring [47/100] k= 50 (used  50.0) c=0.974 alpha=-0.220 beta=+0.331 | loss 3.1468 (delta +0.2614) size 524.2 MB sparsity 23.1%
gen 28 offspring [48/100] k= 32 (used  32.0) c=0.916 alpha=-0.232 beta=+0.370 | loss 3.2398 (delta +0.3545) size 484.8 MB sparsity 25.3%
gen 28 offspring [49/100] k= 18 (used  18.0) c=0.923 alpha=-0.170 beta=+0.313 | loss 3.4199 (delta +0.5345) size 487.4 MB sparsity 24.1%
gen 28 offspring [50/100] k= 32 (used  32.0) c=0.914 alpha=-0.357 beta=+0.430 | loss 3.5166 (delta +0.6313) size 469.0 MB sparsity 32.4%
gen 28 offspring [51/100] k= 17 (used  17.0) c=0.838 alpha=-0.089 beta=+0.175 | loss 3.2926 (delta +0.4073) size 462.4 MB sparsity 19.2%
gen 28 offspring [52/100] k= 17 (used  17.0) c=0.970 alpha=-0.308 beta=+0.410 | loss 3.7141 (delta +0.8288) size 441.5 MB sparsity 30.8%
gen 28 offspring [53/100] k= 33 (used  33.0) c=0.916 alpha=-0.202 beta=+0.324 | loss 3.1594 (delta +0.2741) size 491.6 MB sparsity 22.3%
gen 28 offspring [54/100] k= 15 (used  15.0) c=0.856 alpha=-0.213 beta=+0.438 | loss 3.6799 (delta +0.7945) size 444.1 MB sparsity 29.4%
gen 28 offspring [55/100] k= 34 (used  33.0) c=0.974 alpha=-0.257 beta=+0.169 | loss 3.0655 (delta +0.1802) size 499.9 MB sparsity 18.5%
gen 28 offspring [56/100] k= 17 (used  17.0) c=0.862 alpha=-0.066 beta=+0.210 | loss 3.2818 (delta +0.3964) size 460.7 MB sparsity 20.1%
gen 28 offspring [57/100] k= 17 (used  17.0) c=0.926 alpha=-0.198 beta=+0.383 | loss 3.4944 (delta +0.6090) size 448.7 MB sparsity 26.8%
gen 28 offspring [58/100] k= 29 (used  29.0) c=0.999 alpha=-0.198 beta=+0.212 | loss 3.0918 (delta +0.2064) size 496.3 MB sparsity 18.2%
gen 28 offspring [59/100] k= 38 (used  37.0) c=0.980 alpha=-0.210 beta=+0.413 | loss 3.2977 (delta +0.4123) size 516.4 MB sparsity 26.0%
gen 28 offspring [60/100] k= 29 (used  29.0) c=0.914 alpha=-0.207 beta=+0.462 | loss 3.3799 (delta +0.4945) size 479.1 MB sparsity 27.8%
gen 28 offspring [61/100] k= 32 (used  32.0) c=0.931 alpha=-0.241 beta=+0.369 | loss 3.2593 (delta +0.3740) size 484.1 MB sparsity 25.6%
gen 28 offspring [62/100] k=166 (used 164.3) c=0.989 alpha=-0.359 beta=+0.053 | loss 3.0652 (delta +0.1798) size 614.3 MB sparsity 17.1%
gen 28 offspring [63/100] k= 33 (used  33.0) c=0.848 alpha=-0.204 beta=+0.337 | loss 3.2063 (delta +0.3210) size 490.3 MB sparsity 22.8%
gen 28 offspring [64/100] k= 32 (used  31.0) c=0.985 alpha=-0.239 beta=+0.433 | loss 3.3599 (delta +0.4745) size 478.7 MB sparsity 28.0%
gen 28 offspring [65/100] k= 16 (used  15.0) c=0.981 alpha=-0.292 beta=+0.120 | loss 3.7329 (delta +0.8476) size 448.4 MB sparsity 26.1%
gen 28 offspring [66/100] k= 17 (used  17.0) c=0.850 alpha=-0.004 beta=+0.423 | loss 3.5409 (delta +0.6556) size 448.0 MB sparsity 27.2%
gen 28 offspring [67/100] k=125 (used 125.0) c=0.992 alpha=-0.000 beta=+0.002 | loss 2.8905 (delta +0.0052) size 586.1 MB sparsity 3.0%
gen 28 offspring [68/100] k= 32 (used  32.0) c=0.944 alpha=-0.252 beta=+0.238 | loss 3.1400 (delta +0.2547) size 494.4 MB sparsity 21.0%
gen 28 offspring [69/100] k= 33 (used  33.0) c=0.851 alpha=-0.066 beta=+0.311 | loss 3.1074 (delta +0.2220) size 501.2 MB sparsity 18.0%
gen 28 offspring [70/100] k= 17 (used  17.0) c=0.969 alpha=-0.104 beta=+0.461 | loss 3.6696 (delta +0.7842) size 443.2 MB sparsity 29.9%
gen 28 offspring [71/100] k= 25 (used  25.0) c=0.998 alpha=-0.027 beta=+0.086 | loss 3.0658 (delta +0.1804) size 496.4 MB sparsity 15.3%
gen 28 offspring [72/100] k= 17 (used  17.0) c=0.972 alpha=-0.005 beta=+0.379 | loss 3.5247 (delta +0.6394) size 448.2 MB sparsity 27.1%
gen 28 offspring [73/100] k= 17 (used  17.0) c=0.973 alpha=-0.093 beta=+0.490 | loss 8.9723 (delta +6.0870) size 441.2 MB sparsity 31.0%
gen 28 offspring [74/100] k= 16 (used  16.0) c=0.851 alpha=-0.066 beta=+0.311 | loss 3.4807 (delta +0.5953) size 449.9 MB sparsity 24.7%
gen 28 offspring [75/100] k= 33 (used  33.0) c=0.958 alpha=-0.213 beta=+0.429 | loss 3.2925 (delta +0.4071) size 481.6 MB sparsity 26.7%
gen 28 offspring [76/100] k= 17 (used  17.0) c=0.847 alpha=-0.203 beta=+0.411 | loss 3.5069 (delta +0.6216) size 448.1 MB sparsity 27.2%
gen 28 offspring [77/100] k=235 (used 235.0) c=0.996 alpha=-0.003 beta=+0.003 | loss 2.8875 (delta +0.0022) size 630.9 MB sparsity 1.6%
gen 28 offspring [78/100] k= 30 (used  30.0) c=0.914 alpha=-0.207 beta=+0.332 | loss 3.1816 (delta +0.2962) size 490.1 MB sparsity 22.9%
gen 28 offspring [79/100] k= 17 (used  17.0) c=0.998 alpha=-0.328 beta=+0.188 | loss 3.5449 (delta +0.6596) size 450.9 MB sparsity 25.6%
gen 28 offspring [80/100] k= 33 (used  33.0) c=0.850 alpha=-0.210 beta=+0.267 | loss 3.1524 (delta +0.2671) size 496.0 MB sparsity 20.3%
gen 28 offspring [81/100] k= 61 (used  60.6) c=0.947 alpha=-0.061 beta=+0.446 | loss 3.4193 (delta +0.5339) size 529.2 MB sparsity 21.2%
gen 28 offspring [82/100] k= 30 (used  30.0) c=0.915 alpha=-0.309 beta=+0.365 | loss 3.3874 (delta +0.5021) size 478.5 MB sparsity 28.1%
gen 28 offspring [83/100] k= 32 (used  32.0) c=0.925 alpha=-0.211 beta=+0.299 | loss 3.1363 (delta +0.2510) size 492.7 MB sparsity 21.8%
gen 28 offspring [84/100] k= 48 (used  48.0) c=0.861 alpha=-0.089 beta=+0.007 | loss 2.9394 (delta +0.0541) size 541.4 MB sparsity 7.7%
gen 28 offspring [85/100] k= 19 (used  19.0) c=0.848 alpha=-0.064 beta=+0.213 | loss 3.2057 (delta +0.3203) size 495.3 MB sparsity 18.5%
gen 28 offspring [86/100] k= 17 (used  17.0) c=0.847 alpha=-0.204 beta=+0.001 | loss 3.2805 (delta +0.3952) size 461.4 MB sparsity 19.7%
gen 28 offspring [87/100] k= 16 (used  15.0) c=0.959 alpha=-0.129 beta=+0.449 | loss 3.8290 (delta +0.9437) size 441.3 MB sparsity 31.0%
gen 28 offspring [88/100] k= 17 (used  17.0) c=0.926 alpha=-0.236 beta=+0.376 | loss 3.5254 (delta +0.6401) size 448.0 MB sparsity 27.2%
gen 28 offspring [89/100] k= 56 (used  56.0) c=0.968 alpha=-0.252 beta=+0.019 | loss 2.9768 (delta +0.0915) size 541.4 MB sparsity 14.0%
gen 28 offspring [90/100] k= 72 (used  70.3) c=0.992 alpha=-0.236 beta=+0.523 | loss 4.5091 (delta +1.6238) size 534.2 MB sparsity 30.9%
gen 28 offspring [91/100] k= 32 (used  31.0) c=0.987 alpha=-0.040 beta=+0.303 | loss 3.0927 (delta +0.2074) size 495.9 MB sparsity 18.9%
gen 28 offspring [92/100] k= 17 (used  17.0) c=0.993 alpha=-0.351 beta=+0.428 | loss 3.8382 (delta +0.9529) size 437.6 MB sparsity 33.0%
gen 28 offspring [93/100] k= 25 (used  25.0) c=0.974 alpha=-0.028 beta=+0.127 | loss 3.0729 (delta +0.1875) size 496.5 MB sparsity 15.0%
gen 28 offspring [94/100] k= 32 (used  32.0) c=0.919 alpha=-0.198 beta=+0.337 | loss 3.1579 (delta +0.2725) size 490.5 MB sparsity 22.7%
gen 28 offspring [95/100] k= 17 (used  17.0) c=0.992 alpha=-0.192 beta=+0.232 | loss 3.4160 (delta +0.5306) size 456.0 MB sparsity 22.7%
gen 28 offspring [96/100] k= 20 (used  20.0) c=0.851 alpha=-0.080 beta=+0.017 | loss 3.1794 (delta +0.2940) size 495.5 MB sparsity 17.3%
gen 28 offspring [97/100] k= 17 (used  17.0) c=0.847 alpha=-0.203 beta=+0.172 | loss 3.2794 (delta +0.3941) size 461.4 MB sparsity 19.7%
gen 28 offspring [98/100] k= 17 (used  17.0) c=0.972 alpha=-0.110 beta=+0.466 | loss 3.6874 (delta +0.8020) size 442.8 MB sparsity 30.1%
gen 28 offspring [99/100] k= 47 (used  46.9) c=0.956 alpha=-0.060 beta=+0.424 | loss 3.3357 (delta +0.4503) size 529.2 MB sparsity 21.2%
gen 28 offspring [100/100] k= 17 (used  17.0) c=0.859 alpha=-0.025 beta=+0.412 | loss 3.5320 (delta +0.6466) size 448.5 MB sparsity 26.9%
=== generation 28/50 done in 447s (0 reused), batch baseline 2.8854, HV 0.19344, front 100 points, 100/100 feasible, best delta loss +0.0019, smallest 437.4 MB
gen 29 offspring [1/100] k= 32 (used  32.0) c=0.915 alpha=-0.198 beta=+0.287 | loss 3.1102 (delta +0.2249) size 494.8 MB sparsity 20.8%
gen 29 offspring [2/100] k= 16 (used  16.0) c=0.836 alpha=-0.358 beta=+0.428 | loss 3.9213 (delta +1.0360) size 437.4 MB sparsity 33.1%
gen 29 offspring [3/100] k= 50 (used  49.0) c=0.997 alpha=-0.089 beta=+0.115 | loss 2.9374 (delta +0.0521) size 541.4 MB sparsity 9.5%
gen 29 offspring [4/100] k= 33 (used  33.0) c=0.932 alpha=-0.252 beta=+0.355 | loss 3.2559 (delta +0.3705) size 484.5 MB sparsity 25.5%
gen 29 offspring [5/100] k= 63 (used  63.0) c=0.931 alpha=-0.061 beta=+0.009 | loss 2.9179 (delta +0.0325) size 541.4 MB sparsity 5.8%
gen 29 offspring [6/100] k= 31 (used  31.0) c=0.970 alpha=-0.066 beta=+0.139 | loss 2.9947 (delta +0.1093) size 496.7 MB sparsity 12.7%
gen 29 offspring [7/100] k=217 (used 213.7) c=0.974 alpha=-0.215 beta=+0.331 | loss 3.1108 (delta +0.2255) size 594.1 MB sparsity 22.8%
gen 29 offspring [8/100] k= 30 (used  30.0) c=0.914 alpha=-0.233 beta=+0.259 | loss 3.1585 (delta +0.2732) size 494.1 MB sparsity 21.1%
gen 29 offspring [9/100] k= 16 (used  15.0) c=0.989 alpha=-0.066 beta=+0.055 | loss 3.6853 (delta +0.7999) size 448.6 MB sparsity 25.2%
gen 29 offspring [10/100] k= 42 (used  42.0) c=0.926 alpha=-0.239 beta=+0.384 | loss 3.2805 (delta +0.3951) size 516.4 MB sparsity 26.0%
gen 29 offspring [11/100] k= 32 (used  32.0) c=0.931 alpha=-0.241 beta=+0.350 | loss 3.2299 (delta +0.3445) size 485.7 MB sparsity 24.9%
gen 29 offspring [12/100] k= 17 (used  17.0) c=0.849 alpha=-0.206 beta=+0.298 | loss 3.3407 (delta +0.4554) size 455.2 MB sparsity 23.2%
gen 29 offspring [13/100] k= 21 (used  21.0) c=0.856 alpha=-0.213 beta=+0.424 | loss 3.4137 (delta +0.5284) size 480.8 MB sparsity 27.1%
gen 29 offspring [14/100] k= 18 (used  18.0) c=0.926 alpha=-0.093 beta=+0.203 | loss 3.3224 (delta +0.4370) size 492.3 MB sparsity 21.1%
gen 29 offspring [15/100] k= 56 (used  56.0) c=0.974 alpha=-0.204 beta=+0.331 | loss 3.1113 (delta +0.2259) size 526.0 MB sparsity 22.4%
gen 29 offspring [16/100] k= 17 (used  17.0) c=0.850 alpha=-0.234 beta=+0.467 | loss 3.6965 (delta +0.8112) size 443.0 MB sparsity 30.0%
gen 29 offspring [17/100] k= 17 (used  17.0) c=0.859 alpha=-0.196 beta=+0.156 | loss 3.2821 (delta +0.3968) size 461.3 MB sparsity 19.8%
gen 29 offspring [18/100] k= 17 (used  17.0) c=0.852 alpha=-0.252 beta=+0.435 | loss 3.6319 (delta +0.7465) size 444.0 MB sparsity 29.4%
gen 29 offspring [19/100] k= 55 (used  55.0) c=0.994 alpha=-0.098 beta=+0.119 | loss 2.9304 (delta +0.0451) size 541.4 MB sparsity 9.8%
gen 29 offspring [20/100] k= 17 (used  17.0) c=0.994 alpha=-0.351 beta=+0.428 | loss 3.8364 (delta +0.9510) size 437.6 MB sparsity 33.0%
gen 29 offspring [21/100] k= 14 (used  14.0) c=0.870 alpha=-0.091 beta=+0.329 | loss 3.7685 (delta +0.8832) size 446.8 MB sparsity 27.7%
gen 29 offspring [22/100] k= 32 (used  32.0) c=0.925 alpha=-0.234 beta=+0.300 | loss 3.1671 (delta +0.2817) size 490.7 MB sparsity 22.7%
gen 29 offspring [23/100] k= 16 (used  16.0) c=0.851 alpha=-0.061 beta=+0.311 | loss 3.4791 (delta +0.5938) size 449.9 MB sparsity 24.7%
gen 29 offspring [24/100] k= 32 (used  32.0) c=0.922 alpha=-0.241 beta=+0.369 | loss 3.2571 (delta +0.3718) size 484.1 MB sparsity 25.6%
gen 29 offspring [25/100] k= 16 (used  16.0) c=0.847 alpha=-0.206 beta=+0.285 | loss 3.4398 (delta +0.5544) size 450.4 MB sparsity 23.9%
gen 29 offspring [26/100] k= 30 (used  29.0) c=0.968 alpha=-0.109 beta=+0.002 | loss 3.0076 (delta +0.1223) size 496.7 MB sparsity 12.8%
gen 29 offspring [27/100] k= 41 (used  41.0) c=0.997 alpha=-0.197 beta=+0.433 | loss 3.2682 (delta +0.3828) size 515.9 MB sparsity 26.2%
gen 29 offspring [28/100] k= 17 (used  17.0) c=0.921 alpha=-0.166 beta=+0.378 | loss 3.5156 (delta +0.6302) size 449.4 MB sparsity 26.4%
gen 29 offspring [29/100] k= 17 (used  17.0) c=0.847 alpha=-0.198 beta=+0.297 | loss 3.3361 (delta +0.4507) size 455.6 MB sparsity 22.9%
gen 29 offspring [30/100] k= 17 (used  17.0) c=0.850 alpha=-0.072 beta=+0.313 | loss 3.3624 (delta +0.4771) size 455.1 MB sparsity 23.2%
gen 29 offspring [31/100] k= 25 (used  25.0) c=0.959 alpha=-0.134 beta=+0.370 | loss 3.2681 (delta +0.3827) size 490.4 MB sparsity 22.8%
gen 29 offspring [32/100] k= 17 (used  17.0) c=0.972 alpha=-0.110 beta=+0.401 | loss 3.5554 (delta +0.6700) size 446.8 MB sparsity 27.9%
gen 29 offspring [33/100] k= 17 (used  17.0) c=0.926 alpha=-0.120 beta=+0.383 | loss 3.4963 (delta +0.6109) size 448.9 MB sparsity 26.7%
gen 29 offspring [34/100] k= 17 (used  17.0) c=0.921 alpha=-0.093 beta=+0.165 | loss 3.3525 (delta +0.4672) size 459.3 MB sparsity 20.9%
gen 29 offspring [35/100] k= 14 (used  13.0) c=0.970 alpha=-0.169 beta=+0.432 | loss 4.1933 (delta +1.3079) size 438.2 MB sparsity 32.7%
gen 29 offspring [36/100] k= 77 (used  77.0) c=0.994 alpha=-0.100 beta=+0.119 | loss 2.9146 (delta +0.0293) size 586.1 MB sparsity 9.5%
gen 29 offspring [37/100] k= 17 (used  17.0) c=0.854 alpha=-0.325 beta=+0.339 | loss 3.6562 (delta +0.7709) size 445.6 MB sparsity 28.5%
gen 29 offspring [38/100] k= 17 (used  17.0) c=0.842 alpha=-0.113 beta=+0.239 | loss 3.2965 (delta +0.4111) size 459.8 MB sparsity 20.6%
gen 29 offspring [39/100] k= 15 (used  15.0) c=0.984 alpha=-0.062 beta=+0.005 | loss 3.6569 (delta +0.7715) size 448.7 MB sparsity 25.1%
gen 29 offspring [40/100] k= 33 (used  33.0) c=0.948 alpha=-0.075 beta=+0.005 | loss 2.9731 (delta +0.0877) size 516.7 MB sparsity 11.0%
gen 29 offspring [41/100] k= 33 (used  33.0) c=0.997 alpha=-0.101 beta=+0.125 | loss 2.9784 (delta +0.0931) size 514.6 MB sparsity 12.0%
gen 29 offspring [42/100] k= 17 (used  17.0) c=0.995 alpha=-0.264 beta=+0.430 | loss 3.6939 (delta +0.8086) size 442.5 MB sparsity 30.2%
gen 29 offspring [43/100] k= 29 (used  29.0) c=0.915 alpha=-0.240 beta=+0.364 | loss 3.2652 (delta +0.3799) size 484.5 MB sparsity 25.4%
gen 29 offspring [44/100] k= 17 (used  17.0) c=0.989 alpha=-0.234 beta=+0.439 | loss 3.6433 (delta +0.7579) size 443.4 MB sparsity 29.8%
gen 29 offspring [45/100] k= 17 (used  17.0) c=0.926 alpha=-0.356 beta=+0.376 | loss 3.7628 (delta +0.8774) size 440.9 MB sparsity 31.2%
gen 29 offspring [46/100] k= 17 (used  17.0) c=0.860 alpha=-0.060 beta=+0.335 | loss 3.3938 (delta +0.5085) size 453.5 MB sparsity 24.1%
gen 29 offspring [47/100] k= 17 (used  17.0) c=0.847 alpha=-0.271 beta=+0.284 | loss 3.4598 (delta +0.5745) size 452.6 MB sparsity 24.6%
gen 29 offspring [48/100] k= 17 (used  17.0) c=0.851 alpha=-0.064 beta=+0.211 | loss 3.2731 (delta +0.3877) size 461.0 MB sparsity 20.0%
gen 29 offspring [49/100] k= 17 (used  17.0) c=0.992 alpha=-0.142 beta=+0.457 | loss 3.6830 (delta +0.7977) size 442.9 MB sparsity 30.0%
gen 29 offspring [50/100] k= 27 (used  27.0) c=0.861 alpha=-0.101 beta=+0.015 | loss 3.0202 (delta +0.1348) size 496.7 MB sparsity 12.3%
gen 29 offspring [51/100] k= 33 (used  33.0) c=0.986 alpha=-0.200 beta=+0.368 | loss 3.1907 (delta +0.3054) size 487.7 MB sparsity 24.0%
gen 29 offspring [52/100] k= 32 (used  32.0) c=0.944 alpha=-0.109 beta=+0.000 | loss 2.9822 (delta +0.0968) size 496.7 MB sparsity 11.8%
gen 29 offspring [53/100] k= 13 (used  13.0) c=0.987 alpha=-0.381 beta=+0.426 | loss 4.4878 (delta +1.6024) size 433.9 MB sparsity 35.1%
gen 29 offspring [54/100] k= 21 (used  21.0) c=0.982 alpha=-0.278 beta=+0.428 | loss 3.5442 (delta +0.6589) size 474.6 MB sparsity 29.9%
gen 29 offspring [55/100] k= 22 (used  21.0) c=0.996 alpha=-0.014 beta=+0.003 | loss 3.2029 (delta +0.3176) size 494.9 MB sparsity 18.2%
gen 29 offspring [56/100] k= 32 (used  32.0) c=0.916 alpha=-0.206 beta=+0.370 | loss 3.2031 (delta +0.3177) size 487.1 MB sparsity 24.3%
gen 29 offspring [57/100] k=125 (used 123.9) c=0.854 alpha=-0.000 beta=+0.324 | loss 3.0871 (delta +0.2017) size 584.6 MB sparsity 14.7%
gen 29 offspring [58/100] k= 17 (used  17.0) c=0.997 alpha=-0.045 beta=+0.153 | loss 3.4355 (delta +0.5501) size 456.5 MB sparsity 22.5%
gen 29 offspring [59/100] k= 17 (used  17.0) c=0.848 alpha=-0.230 beta=+0.369 | loss 3.4811 (delta +0.5957) size 449.6 MB sparsity 26.3%
gen 29 offspring [60/100] k= 17 (used  17.0) c=0.990 alpha=-0.264 beta=+0.428 | loss 3.6808 (delta +0.7954) size 442.7 MB sparsity 30.1%
gen 29 offspring [61/100] k= 15 (used  15.0) c=0.970 alpha=-0.308 beta=+0.140 | loss 3.7675 (delta +0.8821) size 448.3 MB sparsity 26.4%
gen 29 offspring [62/100] k= 16 (used  16.0) c=0.849 alpha=-0.015 beta=+0.291 | loss 3.4333 (delta +0.5480) size 450.3 MB sparsity 24.0%
gen 29 offspring [63/100] k= 24 (used  24.0) c=0.848 alpha=-0.191 beta=+0.178 | loss 3.1058 (delta +0.2204) size 496.5 MB sparsity 17.0%
gen 29 offspring [64/100] k= 33 (used  33.0) c=0.959 alpha=-0.075 beta=+0.077 | loss 2.9697 (delta +0.0844) size 516.4 MB sparsity 11.2%
gen 29 offspring [65/100] k= 19 (used  19.0) c=0.991 alpha=-0.198 beta=+0.395 | loss 3.5022 (delta +0.6168) size 481.5 MB sparsity 26.8%
gen 29 offspring [66/100] k= 32 (used  32.0) c=0.916 alpha=-0.082 beta=+0.338 | loss 3.1103 (delta +0.2249) size 495.5 MB sparsity 19.8%
gen 29 offspring [67/100] k= 20 (used  19.0) c=0.950 alpha=-0.167 beta=+0.429 | loss 3.4891 (delta +0.6037) size 480.2 MB sparsity 27.4%
gen 29 offspring [68/100] k= 27 (used  27.0) c=0.915 alpha=-0.217 beta=+0.364 | loss 3.2637 (delta +0.3784) size 486.2 MB sparsity 24.7%
gen 29 offspring [69/100] k= 17 (used  17.0) c=0.988 alpha=-0.199 beta=+0.438 | loss 3.6198 (delta +0.7345) size 444.1 MB sparsity 29.4%
gen 29 offspring [70/100] k= 15 (used  15.0) c=0.926 alpha=-0.198 beta=+0.389 | loss 3.6786 (delta +0.7933) size 445.8 MB sparsity 28.5%
gen 29 offspring [71/100] k= 30 (used  29.0) c=0.974 alpha=-0.228 beta=+0.331 | loss 3.2200 (delta +0.3347) size 488.2 MB sparsity 23.8%
gen 29 offspring [72/100] k= 33 (used  33.0) c=0.943 alpha=-0.252 beta=+0.355 | loss 3.2472 (delta +0.3619) size 484.4 MB sparsity 25.5%
gen 29 offspring [73/100] k= 33 (used  33.0) c=0.981 alpha=-0.203 beta=+0.131 | loss 3.0033 (delta +0.1179) size 507.5 MB sparsity 15.1%
gen 29 offspring [74/100] k=120 (used 119.2) c=0.914 alpha=-0.119 beta=+0.312 | loss 3.0300 (delta +0.1447) size 574.4 MB sparsity 18.0%
gen 29 offspring [75/100] k= 17 (used  17.0) c=0.992 alpha=-0.048 beta=+0.197 | loss 3.4125 (delta +0.5271) size 456.7 MB sparsity 22.4%
gen 29 offspring [76/100] k= 17 (used  17.0) c=1.000 alpha=-0.221 beta=+0.459 | loss 3.6905 (delta +0.8051) size 442.3 MB sparsity 30.4%
gen 29 offspring [77/100] k= 15 (used  15.0) c=0.847 alpha=-0.222 beta=+0.391 | loss 3.6037 (delta +0.7183) size 447.0 MB sparsity 27.7%
gen 29 offspring [78/100] k= 17 (used  17.0) c=0.847 alpha=-0.199 beta=+0.380 | loss 3.4493 (delta +0.5639) size 450.2 MB sparsity 26.0%
gen 29 offspring [79/100] k= 33 (used  33.0) c=0.916 alpha=-0.233 beta=+0.126 | loss 3.0251 (delta +0.1397) size 505.7 MB sparsity 16.0%
gen 29 offspring [80/100] k= 33 (used  33.0) c=0.958 alpha=-0.210 beta=+0.368 | loss 3.2050 (delta +0.3196) size 486.9 MB sparsity 24.4%
gen 29 offspring [81/100] k= 32 (used  32.0) c=0.919 alpha=-0.109 beta=+0.003 | loss 2.9752 (delta +0.0898) size 496.7 MB sparsity 11.5%
gen 29 offspring [82/100] k=129 (used 129.0) c=0.992 alpha=-0.000 beta=+0.002 | loss 2.8941 (delta +0.0088) size 621.7 MB sparsity 2.9%
gen 29 offspring [83/100] k= 32 (used  32.0) c=0.904 alpha=-0.197 beta=+0.212 | loss 3.0557 (delta +0.1703) size 496.6 MB sparsity 17.8%
gen 29 offspring [84/100] k= 17 (used  17.0) c=0.984 alpha=-0.240 beta=+0.475 | loss 3.7452 (delta +0.8599) size 440.9 MB sparsity 31.2%
gen 29 offspring [85/100] k= 17 (used  17.0) c=0.849 alpha=-0.161 beta=+0.226 | loss 3.2744 (delta +0.3890) size 460.3 MB sparsity 20.3%
gen 29 offspring [86/100] k=254 (used 252.5) c=0.853 alpha=-0.003 beta=+0.192 | loss 2.9442 (delta +0.0589) size 630.9 MB sparsity 8.8%
gen 29 offspring [87/100] k= 17 (used  17.0) c=0.884 alpha=-0.064 beta=+0.213 | loss 3.3158 (delta +0.4305) size 459.9 MB sparsity 20.5%
gen 29 offspring [88/100] k= 28 (used  27.0) c=0.974 alpha=-0.200 beta=+0.365 | loss 3.2693 (delta +0.3839) size 487.3 MB sparsity 24.2%
gen 29 offspring [89/100] k= 64 (used  64.0) c=0.956 alpha=-0.061 beta=+0.015 | loss 2.9143 (delta +0.0290) size 541.4 MB sparsity 6.0%
gen 29 offspring [90/100] k= 18 (used  18.0) c=0.847 alpha=-0.203 beta=+0.411 | loss 3.4952 (delta +0.6098) size 480.6 MB sparsity 27.2%
gen 29 offspring [91/100] k= 17 (used  17.0) c=0.992 alpha=-0.408 beta=+0.376 | loss 3.8688 (delta +0.9835) size 437.3 MB sparsity 33.2%
gen 29 offspring [92/100] k= 16 (used  16.0) c=0.852 alpha=-0.238 beta=+0.427 | loss 3.6375 (delta +0.7521) size 444.2 MB sparsity 29.3%
gen 29 offspring [93/100] k=157 (used 157.0) c=0.987 alpha=-0.041 beta=+0.043 | loss 2.8916 (delta +0.0062) size 630.9 MB sparsity 3.8%
gen 29 offspring [94/100] k= 48 (used  48.0) c=0.861 alpha=-0.011 beta=+0.001 | loss 2.9396 (delta +0.0543) size 541.4 MB sparsity 7.0%
gen 29 offspring [95/100] k= 63 (used  63.0) c=0.965 alpha=-0.061 beta=+0.016 | loss 2.9188 (delta +0.0335) size 541.4 MB sparsity 6.0%
gen 29 offspring [96/100] k=125 (used 125.0) c=0.946 alpha=-0.000 beta=+0.009 | loss 2.8968 (delta +0.0115) size 586.1 MB sparsity 2.9%
gen 29 offspring [97/100] k= 17 (used  17.0) c=0.915 alpha=-0.324 beta=+0.428 | loss 3.8337 (delta +0.9483) size 439.7 MB sparsity 31.8%
gen 29 offspring [98/100] k= 13 (used  13.0) c=0.847 alpha=-0.198 beta=+0.383 | loss 3.8485 (delta +0.9632) size 444.6 MB sparsity 29.1%
gen 29 offspring [99/100] k= 33 (used  33.0) c=0.974 alpha=-0.155 beta=+0.368 | loss 3.1549 (delta +0.2695) size 491.5 MB sparsity 22.3%
gen 29 offspring [100/100] k= 13 (used  13.0) c=0.851 alpha=-0.330 beta=+0.436 | loss 4.0800 (delta +1.1947) size 437.5 MB sparsity 33.1%
=== generation 29/50 done in 447s (0 reused), batch baseline 2.8854, HV 0.19359, front 100 points, 100/100 feasible, best delta loss +0.0019, smallest 437.3 MB
gen 30 offspring [1/100] k= 33 (used  33.0) c=0.931 alpha=-0.204 beta=+0.210 | loss 3.0702 (delta +0.1849) size 501.2 MB sparsity 18.0%
gen 30 offspring [2/100] k= 32 (used  31.0) c=0.981 alpha=-0.065 beta=+0.135 | loss 2.9910 (delta +0.1057) size 496.7 MB sparsity 12.7%
gen 30 offspring [3/100] k= 29 (used  29.0) c=0.909 alpha=-0.241 beta=+0.369 | loss 3.2810 (delta +0.3957) size 484.0 MB sparsity 25.7%
gen 30 offspring [4/100] k= 33 (used  33.0) c=0.974 alpha=-0.298 beta=+0.371 | loss 3.3300 (delta +0.4447) size 479.0 MB sparsity 27.9%
gen 30 offspring [5/100] k= 37 (used  37.0) c=0.997 alpha=-0.416 beta=+0.122 | loss 3.2590 (delta +0.3737) size 524.7 MB sparsity 22.9%
gen 30 offspring [6/100] k= 18 (used  17.0) c=0.969 alpha=-0.283 beta=+0.466 | loss 3.7880 (delta +0.9026) size 439.5 MB sparsity 32.0%
gen 30 offspring [7/100] k= 15 (used  15.0) c=0.959 alpha=-0.075 beta=+0.077 | loss 3.6174 (delta +0.7320) size 449.2 MB sparsity 24.5%
gen 30 offspring [8/100] k= 32 (used  32.0) c=0.917 alpha=-0.232 beta=+0.357 | loss 3.2241 (delta +0.3388) size 485.9 MB sparsity 24.8%
gen 30 offspring [9/100] k= 32 (used  32.0) c=0.848 alpha=-0.200 beta=+0.175 | loss 3.0626 (delta +0.1773) size 496.7 MB sparsity 16.4%
gen 30 offspring [10/100] k= 29 (used  29.0) c=0.956 alpha=-0.203 beta=+0.380 | loss 3.2620 (delta +0.3766) size 486.2 MB sparsity 24.7%
gen 30 offspring [11/100] k= 39 (used  39.0) c=0.996 alpha=-0.039 beta=+0.115 | loss 2.9548 (delta +0.0695) size 541.4 MB sparsity 10.4%
gen 30 offspring [12/100] k= 17 (used  17.0) c=0.926 alpha=-0.236 beta=+0.297 | loss 3.4288 (delta +0.5434) size 452.9 MB sparsity 24.4%
gen 30 offspring [13/100] k= 73 (used  73.0) c=0.994 alpha=-0.098 beta=+0.013 | loss 2.9064 (delta +0.0211) size 586.1 MB sparsity 6.9%
gen 30 offspring [14/100] k= 32 (used  32.0) c=0.918 alpha=-0.007 beta=+0.338 | loss 3.1106 (delta +0.2252) size 495.5 MB sparsity 19.8%
gen 30 offspring [15/100] k= 16 (used  16.0) c=0.849 alpha=-0.063 beta=+0.297 | loss 3.4411 (delta +0.5558) size 450.2 MB sparsity 24.2%
gen 30 offspring [16/100] k= 17 (used  17.0) c=0.992 alpha=-0.064 beta=+0.430 | loss 3.6138 (delta +0.7285) size 444.6 MB sparsity 29.1%
gen 30 offspring [17/100] k= 33 (used  33.0) c=0.987 alpha=-0.134 beta=+0.126 | loss 2.9769 (delta +0.0915) size 513.2 MB sparsity 12.6%
gen 30 offspring [18/100] k= 17 (used  17.0) c=0.933 alpha=-0.209 beta=+0.435 | loss 3.5968 (delta +0.7115) size 445.1 MB sparsity 28.8%
gen 30 offspring [19/100] k= 33 (used  33.0) c=0.968 alpha=-0.204 beta=+0.331 | loss 3.1501 (delta +0.2647) size 490.6 MB sparsity 22.7%
gen 30 offspring [20/100] k= 17 (used  17.0) c=0.974 alpha=-0.240 beta=+0.342 | loss 3.5070 (delta +0.6216) size 449.4 MB sparsity 26.4%
gen 30 offspring [21/100] k= 28 (used  28.0) c=0.902 alpha=-0.217 beta=+0.300 | loss 3.1914 (delta +0.3060) size 491.7 MB sparsity 22.2%
gen 30 offspring [22/100] k= 32 (used  32.0) c=0.915 alpha=-0.198 beta=+0.299 | loss 3.1219 (delta +0.2366) size 493.9 MB sparsity 21.2%
gen 30 offspring [23/100] k= 40 (used  39.0) c=0.984 alpha=-0.062 beta=+0.135 | loss 2.9548 (delta +0.0695) size 541.4 MB sparsity 11.0%
gen 30 offspring [24/100] k= 31 (used  31.0) c=0.931 alpha=-0.239 beta=+0.350 | loss 3.2221 (delta +0.3368) size 485.9 MB sparsity 24.8%
gen 30 offspring [25/100] k=145 (used 143.1) c=0.982 alpha=-0.043 beta=+0.445 | loss 3.4143 (delta +0.5290) size 604.0 MB sparsity 20.0%
gen 30 offspring [26/100] k= 16 (used  16.0) c=0.852 alpha=-0.142 beta=+0.427 | loss 3.6139 (delta +0.7285) size 445.2 MB sparsity 28.8%
gen 30 offspring [27/100] k= 73 (used  72.4) c=0.987 alpha=-0.223 beta=+0.453 | loss 3.3148 (delta +0.4294) size 543.8 MB sparsity 27.8%
gen 30 offspring [28/100] k= 33 (used  33.0) c=0.959 alpha=-0.127 beta=+0.126 | loss 2.9737 (delta +0.0883) size 514.0 MB sparsity 12.2%
gen 30 offspring [29/100] k=113 (used 113.0) c=0.856 alpha=-0.062 beta=+0.061 | loss 2.9163 (delta +0.0310) size 586.1 MB sparsity 5.3%
gen 30 offspring [30/100] k= 15 (used  15.0) c=0.982 alpha=-0.230 beta=+0.642 | loss 15.3004 (delta +12.4151) size 429.2 MB sparsity 37.7%
gen 30 offspring [31/100] k= 34 (used  33.0) c=0.974 alpha=-0.210 beta=+0.305 | loss 3.1343 (delta +0.2490) size 492.3 MB sparsity 22.0%
gen 30 offspring [32/100] k= 64 (used  62.6) c=0.996 alpha=-0.234 beta=+0.447 | loss 3.3172 (delta +0.4318) size 510.9 MB sparsity 28.0%
gen 30 offspring [33/100] k= 17 (used  17.0) c=0.852 alpha=-0.330 beta=+0.437 | loss 3.8049 (delta +0.9196) size 439.1 MB sparsity 32.2%
gen 30 offspring [34/100] k= 17 (used  17.0) c=0.926 alpha=-0.345 beta=+0.399 | loss 3.7959 (delta +0.9105) size 440.1 MB sparsity 31.6%
gen 30 offspring [35/100] k= 24 (used  23.0) c=0.993 alpha=-0.213 beta=+0.402 | loss 3.3920 (delta +0.5067) size 482.3 MB sparsity 26.4%
gen 30 offspring [36/100] k= 17 (used  17.0) c=0.796 alpha=-0.070 beta=+0.313 | loss 3.4298 (delta +0.5445) size 456.3 MB sparsity 22.6%
gen 30 offspring [37/100] k=235 (used 233.9) c=0.995 alpha=-0.202 beta=+0.001 | loss 2.9235 (delta +0.0381) size 630.9 MB sparsity 9.3%
gen 30 offspring [38/100] k= 16 (used  15.0) c=0.985 alpha=-0.110 beta=+0.430 | loss 3.8235 (delta +0.9382) size 441.8 MB sparsity 30.6%
gen 30 offspring [39/100] k= 23 (used  23.0) c=0.997 alpha=-0.197 beta=+0.101 | loss 3.1356 (delta +0.2503) size 495.7 MB sparsity 17.6%
gen 30 offspring [40/100] k= 33 (used  33.0) c=0.968 alpha=-0.134 beta=+0.126 | loss 2.9759 (delta +0.0906) size 513.4 MB sparsity 12.5%
gen 30 offspring [41/100] k= 17 (used  17.0) c=0.918 alpha=-0.406 beta=+0.370 | loss 3.9162 (delta +1.0308) size 438.1 MB sparsity 32.7%
gen 30 offspring [42/100] k= 37 (used  37.0) c=0.973 alpha=-0.204 beta=+0.118 | loss 2.9938 (delta +0.1084) size 541.3 MB sparsity 14.4%
gen 30 offspring [43/100] k= 17 (used  17.0) c=0.781 alpha=-0.004 beta=+0.149 | loss 3.3573 (delta +0.4719) size 464.7 MB sparsity 17.9%
gen 30 offspring [44/100] k= 32 (used  32.0) c=0.909 alpha=-0.228 beta=+0.292 | loss 3.1513 (delta +0.2660) size 491.9 MB sparsity 22.1%
gen 30 offspring [45/100] k= 17 (used  17.0) c=0.972 alpha=-0.024 beta=+0.401 | loss 3.5557 (delta +0.6703) size 446.8 MB sparsity 27.9%
gen 30 offspring [46/100] k= 32 (used  32.0) c=0.924 alpha=-0.204 beta=+0.300 | loss 3.1301 (delta +0.2447) size 493.3 MB sparsity 21.5%
gen 30 offspring [47/100] k= 22 (used  21.0) c=0.990 alpha=-0.236 beta=+0.475 | loss 3.6101 (delta +0.7247) size 474.1 MB sparsity 30.1%
gen 30 offspring [48/100] k= 17 (used  17.0) c=0.970 alpha=-0.220 beta=+0.430 | loss 3.5939 (delta +0.7085) size 444.6 MB sparsity 29.1%
gen 30 offspring [49/100] k= 17 (used  17.0) c=0.842 alpha=-0.230 beta=+0.344 | loss 3.4529 (delta +0.5675) size 451.2 MB sparsity 25.4%
gen 30 offspring [50/100] k= 18 (used  17.0) c=0.994 alpha=-0.084 beta=+0.418 | loss 3.5962 (delta +0.7109) size 445.3 MB sparsity 28.7%
gen 30 offspring [51/100] k= 16 (used  16.0) c=0.852 alpha=-0.358 beta=+0.486 | loss 4.0473 (delta +1.1620) size 433.6 MB sparsity 35.2%
gen 30 offspring [52/100] k= 39 (used  38.9) c=0.969 alpha=-0.283 beta=+0.482 | loss 3.5047 (delta +0.6193) size 502.0 MB sparsity 31.4%
gen 30 offspring [53/100] k= 32 (used  32.0) c=0.930 alpha=-0.241 beta=+0.370 | loss 3.2708 (delta +0.3854) size 484.0 MB sparsity 25.7%
gen 30 offspring [54/100] k= 17 (used  17.0) c=0.927 alpha=-0.095 beta=+0.476 | loss 4.4394 (delta +1.5540) size 443.0 MB sparsity 30.0%
gen 30 offspring [55/100] k= 16 (used  16.0) c=0.847 alpha=-0.063 beta=+0.125 | loss 3.4136 (delta +0.5282) size 450.8 MB sparsity 21.8%
gen 30 offspring [56/100] k=235 (used 234.9) c=1.000 alpha=-0.085 beta=+0.003 | loss 2.8912 (delta +0.0058) size 630.9 MB sparsity 4.4%
gen 30 offspring [57/100] k= 32 (used  32.0) c=0.898 alpha=-0.119 beta=+0.379 | loss 3.1913 (delta +0.3059) size 493.2 MB sparsity 21.5%
gen 30 offspring [58/100] k= 64 (used  64.0) c=0.931 alpha=-0.061 beta=+0.121 | loss 2.9233 (delta +0.0379) size 541.4 MB sparsity 8.3%
gen 30 offspring [59/100] k=117 (used 116.9) c=0.990 alpha=-0.195 beta=+0.002 | loss 2.9269 (delta +0.0415) size 586.1 MB sparsity 9.9%
gen 30 offspring [60/100] k= 17 (used  17.0) c=0.848 alpha=-0.016 beta=+0.213 | loss 3.2713 (delta +0.3859) size 461.0 MB sparsity 19.9%
gen 30 offspring [61/100] k= 34 (used  34.0) c=0.859 alpha=-0.306 beta=+0.238 | loss 3.2828 (delta +0.3974) size 524.5 MB sparsity 23.0%
gen 30 offspring [62/100] k=  9 (used   9.0) c=0.958 alpha=-0.264 beta=+0.430 | loss 7.0383 (delta +4.1530) size 397.4 MB sparsity 40.7%
gen 30 offspring [63/100] k= 22 (used  22.0) c=0.914 alpha=-0.257 beta=+0.120 | loss 3.2172 (delta +0.3318) size 494.8 MB sparsity 19.7%
gen 30 offspring [64/100] k= 31 (used  31.0) c=0.999 alpha=-0.063 beta=+0.302 | loss 3.0987 (delta +0.2133) size 495.9 MB sparsity 18.9%
gen 30 offspring [65/100] k= 34 (used  34.0) c=0.849 alpha=-0.224 beta=+0.298 | loss 3.2039 (delta +0.3185) size 526.9 MB sparsity 22.1%
gen 30 offspring [66/100] k= 17 (used  17.0) c=0.857 alpha=-0.092 beta=+0.225 | loss 3.2912 (delta +0.4058) size 460.2 MB sparsity 20.4%
gen 30 offspring [67/100] k= 32 (used  32.0) c=0.914 alpha=-0.198 beta=+0.287 | loss 3.1094 (delta +0.2240) size 494.8 MB sparsity 20.8%
gen 30 offspring [68/100] k= 42 (used  42.0) c=0.919 alpha=-0.091 beta=+0.000 | loss 2.9432 (delta +0.0578) size 541.4 MB sparsity 8.9%
gen 30 offspring [69/100] k= 13 (used  13.0) c=0.862 alpha=-0.123 beta=+0.267 | loss 3.7361 (delta +0.8507) size 448.2 MB sparsity 26.0%
gen 30 offspring [70/100] k= 32 (used  32.0) c=0.914 alpha=-0.241 beta=+0.120 | loss 3.0281 (delta +0.1428) size 496.6 MB sparsity 16.3%
gen 30 offspring [71/100] k= 18 (used  18.0) c=0.854 alpha=-0.022 beta=+0.024 | loss 3.2721 (delta +0.3867) size 493.9 MB sparsity 19.4%
gen 30 offspring [72/100] k= 16 (used  16.0) c=0.849 alpha=-0.026 beta=+0.286 | loss 3.4210 (delta +0.5357) size 450.4 MB sparsity 23.8%
gen 30 offspring [73/100] k= 17 (used  17.0) c=0.994 alpha=-0.234 beta=+0.142 | loss 3.4157 (delta +0.5303) size 455.8 MB sparsity 22.8%
gen 30 offspring [74/100] k= 33 (used  33.0) c=0.956 alpha=-0.063 beta=+0.076 | loss 2.9727 (delta +0.0874) size 516.5 MB sparsity 11.1%
gen 30 offspring [75/100] k= 16 (used  15.0) c=0.995 alpha=-0.002 beta=+0.180 | loss 3.6431 (delta +0.7577) size 448.5 MB sparsity 25.4%
gen 30 offspring [76/100] k= 34 (used  34.0) c=0.921 alpha=-0.109 beta=+0.003 | loss 2.9754 (delta +0.0900) size 541.4 MB sparsity 10.9%
gen 30 offspring [77/100] k= 16 (used  16.0) c=0.848 alpha=-0.203 beta=+0.356 | loss 3.4930 (delta +0.6076) size 448.9 MB sparsity 26.3%
gen 30 offspring [78/100] k= 17 (used  17.0) c=0.956 alpha=-0.060 beta=+0.038 | loss 3.4047 (delta +0.5194) size 458.0 MB sparsity 21.6%
gen 30 offspring [79/100] k= 17 (used  17.0) c=0.994 alpha=-0.351 beta=+0.435 | loss 3.8517 (delta +0.9664) size 437.2 MB sparsity 33.3%
gen 30 offspring [80/100] k= 55 (used  55.0) c=0.994 alpha=-0.099 beta=+0.103 | loss 2.9259 (delta +0.0405) size 541.4 MB sparsity 9.2%
gen 30 offspring [81/100] k=125 (used 125.0) c=0.992 alpha=-0.000 beta=+0.002 | loss 2.8905 (delta +0.0052) size 586.1 MB sparsity 3.0%
gen 30 offspring [82/100] k= 19 (used  19.0) c=0.981 alpha=-0.164 beta=+0.302 | loss 3.3460 (delta +0.4606) size 489.7 MB sparsity 23.1%
gen 30 offspring [83/100] k= 32 (used  32.0) c=0.926 alpha=-0.007 beta=+0.403 | loss 3.2255 (delta +0.3401) size 491.5 MB sparsity 22.3%
gen 30 offspring [84/100] k= 17 (used  17.0) c=0.972 alpha=-0.124 beta=+0.401 | loss 3.5569 (delta +0.6716) size 446.8 MB sparsity 27.9%
gen 30 offspring [85/100] k= 30 (used  29.0) c=0.980 alpha=-0.109 beta=+0.002 | loss 3.0099 (delta +0.1246) size 496.7 MB sparsity 13.0%
gen 30 offspring [86/100] k= 39 (used  39.0) c=0.849 alpha=-0.086 beta=+0.298 | loss 3.0641 (delta +0.1787) size 540.1 MB sparsity 16.8%
gen 30 offspring [87/100] k= 17 (used  17.0) c=0.967 alpha=-0.308 beta=+0.433 | loss 3.7513 (delta +0.8659) size 440.1 MB sparsity 31.6%
gen 30 offspring [88/100] k= 17 (used  17.0) c=0.972 alpha=-0.110 beta=+0.408 | loss 3.5689 (delta +0.6835) size 446.4 MB sparsity 28.1%
gen 30 offspring [89/100] k= 42 (used  41.0) c=0.997 alpha=-0.048 beta=+0.258 | loss 3.0057 (delta +0.1203) size 540.8 MB sparsity 15.6%
gen 30 offspring [90/100] k= 32 (used  31.0) c=0.990 alpha=-0.228 beta=+0.376 | loss 3.2749 (delta +0.3895) size 484.5 MB sparsity 25.4%
gen 30 offspring [91/100] k= 28 (used  27.0) c=0.998 alpha=-0.101 beta=+0.319 | loss 3.1578 (delta +0.2725) size 494.5 MB sparsity 20.5%
gen 30 offspring [92/100] k= 17 (used  17.0) c=0.921 alpha=-0.064 beta=+0.249 | loss 3.3621 (delta +0.4767) size 457.3 MB sparsity 22.0%
gen 30 offspring [93/100] k= 32 (used  32.0) c=0.931 alpha=-0.210 beta=+0.368 | loss 3.2097 (delta +0.3244) size 486.8 MB sparsity 24.4%
gen 30 offspring [94/100] k= 16 (used  16.0) c=0.848 alpha=-0.192 beta=+0.211 | loss 3.3859 (delta +0.5006) size 450.7 MB sparsity 22.1%
gen 30 offspring [95/100] k= 33 (used  33.0) c=0.913 alpha=-0.330 beta=+0.528 | loss 3.7511 (delta +0.8657) size 463.4 MB sparsity 34.9%
gen 30 offspring [96/100] k= 17 (used  17.0) c=0.954 alpha=-0.335 beta=+0.390 | loss 3.8089 (delta +0.9235) size 441.2 MB sparsity 31.0%
gen 30 offspring [97/100] k= 33 (used  33.0) c=0.974 alpha=-0.238 beta=+0.350 | loss 3.2098 (delta +0.3244) size 486.0 MB sparsity 24.8%
gen 30 offspring [98/100] k= 17 (used  17.0) c=0.848 alpha=-0.064 beta=+0.205 | loss 3.2712 (delta +0.3858) size 461.3 MB sparsity 19.8%
gen 30 offspring [99/100] k= 16 (used  16.0) c=0.854 alpha=-0.239 beta=+0.120 | loss 3.4239 (delta +0.5385) size 450.6 MB sparsity 22.6%
gen 30 offspring [100/100] k= 17 (used  17.0) c=0.997 alpha=-0.196 beta=+0.439 | loss 3.6312 (delta +0.7459) size 443.9 MB sparsity 29.5%
=== generation 30/50 done in 447s (0 reused), batch baseline 2.8854, HV 0.19364, front 100 points, 100/100 feasible, best delta loss +0.0019, smallest 437.2 MB
gen 31 offspring [1/100] k= 32 (used  32.0) c=0.930 alpha=-0.241 beta=+0.350 | loss 3.2380 (delta +0.3526) size 485.7 MB sparsity 24.9%
gen 31 offspring [2/100] k= 18 (used  17.0) c=0.972 alpha=-0.110 beta=+0.400 | loss 3.5544 (delta +0.6691) size 446.9 MB sparsity 27.8%
gen 31 offspring [3/100] k= 18 (used  18.0) c=0.849 alpha=-0.161 beta=+0.226 | loss 3.2677 (delta +0.3824) size 493.7 MB sparsity 20.3%
gen 31 offspring [4/100] k= 34 (used  34.0) c=0.924 alpha=-0.223 beta=+0.325 | loss 3.1805 (delta +0.2951) size 523.9 MB sparsity 23.2%
gen 31 offspring [5/100] k= 32 (used  32.0) c=0.894 alpha=-0.221 beta=+0.132 | loss 3.0246 (delta +0.1393) size 496.7 MB sparsity 15.8%
gen 31 offspring [6/100] k= 16 (used  15.0) c=0.991 alpha=-0.022 beta=+0.178 | loss 3.6739 (delta +0.7885) size 448.6 MB sparsity 25.3%
gen 31 offspring [7/100] k= 17 (used  17.0) c=0.847 alpha=-0.220 beta=+0.294 | loss 3.3707 (delta +0.4854) size 454.9 MB sparsity 23.4%
gen 31 offspring [8/100] k= 64 (used  64.0) c=0.956 alpha=-0.063 beta=+0.015 | loss 2.9151 (delta +0.0297) size 541.4 MB sparsity 6.0%
gen 31 offspring [9/100] k= 33 (used  33.0) c=0.853 alpha=-0.065 beta=+0.205 | loss 3.0205 (delta +0.1351) size 510.5 MB sparsity 13.8%
gen 31 offspring [10/100] k= 17 (used  17.0) c=0.854 alpha=-0.099 beta=+0.124 | loss 3.2846 (delta +0.3992) size 461.9 MB sparsity 19.4%
gen 31 offspring [11/100] k= 16 (used  16.0) c=0.907 alpha=-0.203 beta=+0.356 | loss 3.6056 (delta +0.7202) size 447.8 MB sparsity 27.1%
gen 31 offspring [12/100] k= 13 (used  13.0) c=0.848 alpha=-0.175 beta=+0.287 | loss 3.7472 (delta +0.8619) size 448.4 MB sparsity 26.1%
gen 31 offspring [13/100] k= 17 (used  17.0) c=0.974 alpha=-0.352 beta=+0.416 | loss 3.8599 (delta +0.9746) size 438.4 MB sparsity 32.6%
gen 31 offspring [14/100] k= 39 (used  39.0) c=0.997 alpha=-0.229 beta=+0.291 | loss 3.1670 (delta +0.2817) size 527.1 MB sparsity 22.0%
gen 31 offspring [15/100] k= 13 (used  13.0) c=0.986 alpha=-0.169 beta=+0.430 | loss 4.3332 (delta +1.4479) size 437.9 MB sparsity 32.8%
gen 31 offspring [16/100] k= 32 (used  32.0) c=0.931 alpha=-0.020 beta=+0.033 | loss 2.9782 (delta +0.0929) size 496.7 MB sparsity 11.5%
gen 31 offspring [17/100] k= 15 (used  15.0) c=0.849 alpha=-0.015 beta=+0.001 | loss 3.4339 (delta +0.5486) size 450.7 MB sparsity 21.9%
gen 31 offspring [18/100] k= 17 (used  17.0) c=0.844 alpha=-0.274 beta=+0.412 | loss 3.6528 (delta +0.7674) size 444.2 MB sparsity 29.3%
gen 31 offspring [19/100] k= 32 (used  31.0) c=0.981 alpha=-0.065 beta=+0.303 | loss 3.0877 (delta +0.2024) size 496.0 MB sparsity 18.8%
gen 31 offspring [20/100] k=  7 (used   7.0) c=0.989 alpha=-0.335 beta=+0.434 | loss 11.3545 (delta +8.4691) size 382.1 MB sparsity 52.0%
gen 31 offspring [21/100] k= 39 (used  39.0) c=1.000 alpha=-0.200 beta=+0.101 | loss 2.9809 (delta +0.0956) size 541.3 MB sparsity 13.8%
gen 31 offspring [22/100] k= 17 (used  17.0) c=0.972 alpha=-0.205 beta=+0.447 | loss 3.6454 (delta +0.7600) size 443.8 MB sparsity 29.5%
gen 31 offspring [23/100] k= 32 (used  32.0) c=0.867 alpha=-0.198 beta=+0.339 | loss 3.1824 (delta +0.2971) size 490.6 MB sparsity 22.7%
gen 31 offspring [24/100] k= 32 (used  32.0) c=0.916 alpha=-0.236 beta=+0.212 | loss 3.0912 (delta +0.2058) size 496.2 MB sparsity 19.4%
gen 31 offspring [25/100] k= 17 (used  17.0) c=0.921 alpha=-0.206 beta=+0.298 | loss 3.4047 (delta +0.5193) size 454.0 MB sparsity 23.8%
gen 31 offspring [26/100] k= 16 (used  15.0) c=0.988 alpha=-0.235 beta=+0.435 | loss 3.8458 (delta +0.9605) size 441.3 MB sparsity 31.0%
gen 31 offspring [27/100] k= 17 (used  17.0) c=0.974 alpha=-0.282 beta=+0.432 | loss 3.7139 (delta +0.8285) size 441.6 MB sparsity 30.8%
gen 31 offspring [28/100] k= 39 (used  39.0) c=0.959 alpha=-0.138 beta=+0.355 | loss 3.1198 (delta +0.2345) size 529.9 MB sparsity 20.9%
gen 31 offspring [29/100] k= 16 (used  15.0) c=0.971 alpha=-0.110 beta=+0.291 | loss 3.6917 (delta +0.8064) size 448.6 MB sparsity 25.9%
gen 31 offspring [30/100] k= 35 (used  35.0) c=0.985 alpha=-0.110 beta=+0.003 | loss 2.9704 (delta +0.0851) size 541.4 MB sparsity 11.0%
gen 31 offspring [31/100] k= 16 (used  15.0) c=0.997 alpha=-0.230 beta=+0.369 | loss 3.7253 (delta +0.8400) size 445.2 MB sparsity 28.8%
gen 31 offspring [32/100] k= 17 (used  17.0) c=0.994 alpha=-0.069 beta=+0.430 | loss 3.6064 (delta +0.7210) size 444.6 MB sparsity 29.1%
gen 31 offspring [33/100] k= 17 (used  17.0) c=0.930 alpha=-0.241 beta=+0.441 | loss 3.6476 (delta +0.7622) size 443.6 MB sparsity 29.7%
gen 31 offspring [34/100] k= 17 (used  17.0) c=0.927 alpha=-0.093 beta=+0.080 | loss 3.3272 (delta +0.4419) size 459.1 MB sparsity 21.0%
gen 31 offspring [35/100] k= 32 (used  32.0) c=0.852 alpha=-0.243 beta=+0.433 | loss 3.3722 (delta +0.4868) size 478.6 MB sparsity 28.1%
gen 31 offspring [36/100] k= 17 (used  17.0) c=0.848 alpha=-0.110 beta=+0.203 | loss 3.2711 (delta +0.3857) size 461.4 MB sparsity 19.7%
gen 31 offspring [37/100] k= 20 (used  20.0) c=0.842 alpha=-0.169 beta=+0.242 | loss 3.2369 (delta +0.3516) size 494.9 MB sparsity 19.6%
gen 31 offspring [38/100] k= 17 (used  17.0) c=0.906 alpha=-0.120 beta=+0.445 | loss 3.6291 (delta +0.7438) size 445.4 MB sparsity 28.7%
gen 31 offspring [39/100] k= 31 (used  31.0) c=0.899 alpha=-0.038 beta=+0.238 | loss 3.0266 (delta +0.1412) size 496.7 MB sparsity 15.8%
gen 31 offspring [40/100] k= 17 (used  17.0) c=0.852 alpha=-0.236 beta=+0.435 | loss 3.6123 (delta +0.7269) size 444.9 MB sparsity 28.9%
gen 31 offspring [41/100] k= 67 (used  67.0) c=0.959 alpha=-0.127 beta=+0.133 | loss 2.9282 (delta +0.0429) size 586.1 MB sparsity 11.2%
gen 31 offspring [42/100] k= 17 (used  17.0) c=0.982 alpha=-0.042 beta=+0.338 | loss 3.4929 (delta +0.6076) size 450.6 MB sparsity 25.8%
gen 31 offspring [43/100] k= 32 (used  32.0) c=0.916 alpha=-0.234 beta=+0.370 | loss 3.2421 (delta +0.3567) size 484.7 MB sparsity 25.4%
gen 31 offspring [44/100] k= 34 (used  34.0) c=0.865 alpha=-0.026 beta=+0.220 | loss 3.0288 (delta +0.1434) size 541.2 MB sparsity 14.5%
gen 31 offspring [45/100] k= 17 (used  17.0) c=0.994 alpha=-0.098 beta=+0.480 | loss 4.5194 (delta +1.6340) size 441.5 MB sparsity 30.9%
gen 31 offspring [46/100] k= 19 (used  19.0) c=0.994 alpha=-0.305 beta=+0.430 | loss 3.7725 (delta +0.8872) size 471.7 MB sparsity 31.2%
gen 31 offspring [47/100] k= 32 (used  32.0) c=0.915 alpha=-0.198 beta=+0.299 | loss 3.1206 (delta +0.2352) size 493.9 MB sparsity 21.2%
gen 31 offspring [48/100] k= 17 (used  17.0) c=0.994 alpha=-0.351 beta=+0.436 | loss 3.8519 (delta +0.9665) size 437.1 MB sparsity 33.3%
gen 31 offspring [49/100] k= 32 (used  31.0) c=0.971 alpha=-0.204 beta=+0.331 | loss 3.1756 (delta +0.2902) size 490.4 MB sparsity 22.8%
gen 31 offspring [50/100] k= 18 (used  18.0) c=0.868 alpha=-0.026 beta=+0.286 | loss 3.3352 (delta +0.4498) size 491.0 MB sparsity 22.5%
gen 31 offspring [51/100] k= 19 (used  19.0) c=0.960 alpha=-0.236 beta=+0.367 | loss 3.4602 (delta +0.5749) size 482.2 MB sparsity 26.5%
gen 31 offspring [52/100] k= 34 (used  34.0) c=0.959 alpha=-0.138 beta=+0.364 | loss 3.1510 (delta +0.2656) size 528.3 MB sparsity 21.6%
gen 31 offspring [53/100] k=134 (used 134.0) c=0.927 alpha=-0.091 beta=+0.002 | loss 2.8991 (delta +0.0138) size 630.9 MB sparsity 5.2%
gen 31 offspring [54/100] k= 17 (used  17.0) c=0.997 alpha=-0.222 beta=+0.446 | loss 3.6650 (delta +0.7796) size 443.1 MB sparsity 29.9%
gen 31 offspring [55/100] k= 17 (used  17.0) c=0.988 alpha=-0.197 beta=+0.438 | loss 3.6198 (delta +0.7345) size 444.1 MB sparsity 29.4%
gen 31 offspring [56/100] k= 17 (used  17.0) c=0.906 alpha=-0.241 beta=+0.370 | loss 3.5589 (delta +0.6735) size 448.4 MB sparsity 27.0%
gen 31 offspring [57/100] k= 73 (used  72.9) c=0.988 alpha=-0.205 beta=+0.293 | loss 3.0706 (delta +0.1853) size 565.3 MB sparsity 20.9%
gen 31 offspring [58/100] k= 32 (used  32.0) c=0.849 alpha=-0.095 beta=+0.335 | loss 3.1395 (delta +0.2542) size 495.9 MB sparsity 19.3%
gen 31 offspring [59/100] k= 17 (used  17.0) c=0.848 alpha=-0.203 beta=+0.313 | loss 3.3603 (delta +0.4750) size 454.4 MB sparsity 23.6%
gen 31 offspring [60/100] k= 13 (used  13.0) c=0.855 alpha=-0.054 beta=+0.245 | loss 3.6886 (delta +0.8032) size 448.5 MB sparsity 25.6%
gen 31 offspring [61/100] k= 31 (used  31.0) c=0.938 alpha=-0.058 beta=+0.350 | loss 3.1367 (delta +0.2514) size 494.9 MB sparsity 20.4%
gen 31 offspring [62/100] k= 17 (used  17.0) c=0.842 alpha=-0.240 beta=+0.242 | loss 3.3704 (delta +0.4850) size 457.1 MB sparsity 22.1%
gen 31 offspring [63/100] k=130 (used 128.2) c=0.985 alpha=-0.262 beta=+0.380 | loss 3.2574 (delta +0.3720) size 569.7 MB sparsity 26.6%
gen 31 offspring [64/100] k=251 (used 248.5) c=0.980 alpha=-0.003 beta=+0.311 | loss 3.0292 (delta +0.1438) size 626.7 MB sparsity 13.7%
gen 31 offspring [65/100] k= 17 (used  17.0) c=0.994 alpha=-0.212 beta=+0.429 | loss 3.6066 (delta +0.7213) size 444.4 MB sparsity 29.2%
gen 31 offspring [66/100] k= 17 (used  17.0) c=0.961 alpha=-0.281 beta=+0.431 | loss 3.7135 (delta +0.8282) size 441.8 MB sparsity 30.6%
gen 31 offspring [67/100] k= 32 (used  32.0) c=0.903 alpha=-0.083 beta=+0.212 | loss 3.0093 (delta +0.1239) size 496.7 MB sparsity 14.8%
gen 31 offspring [68/100] k= 33 (used  33.0) c=0.828 alpha=-0.229 beta=+0.326 | loss 3.2650 (delta +0.3797) size 489.1 MB sparsity 23.4%
gen 31 offspring [69/100] k= 16 (used  16.0) c=0.917 alpha=-0.192 beta=+0.210 | loss 3.5364 (delta +0.6510) size 449.9 MB sparsity 23.6%
gen 31 offspring [70/100] k= 32 (used  32.0) c=0.908 alpha=-0.198 beta=+0.337 | loss 3.1570 (delta +0.2717) size 490.6 MB sparsity 22.7%
gen 31 offspring [71/100] k= 32 (used  32.0) c=0.850 alpha=-0.206 beta=+0.300 | loss 3.1830 (delta +0.2977) size 493.3 MB sparsity 21.5%
gen 31 offspring [72/100] k= 17 (used  17.0) c=0.985 alpha=-0.200 beta=+0.373 | loss 3.5245 (delta +0.6392) size 448.3 MB sparsity 27.0%
gen 31 offspring [73/100] k= 34 (used  33.0) c=0.970 alpha=-0.214 beta=+0.331 | loss 3.1623 (delta +0.2769) size 489.8 MB sparsity 23.1%
gen 31 offspring [74/100] k= 33 (used  33.0) c=0.943 alpha=-0.248 beta=+0.127 | loss 3.0396 (delta +0.1543) size 504.1 MB sparsity 16.7%
gen 31 offspring [75/100] k= 17 (used  17.0) c=0.940 alpha=-0.236 beta=+0.376 | loss 3.5433 (delta +0.6580) size 447.9 MB sparsity 27.3%
gen 31 offspring [76/100] k= 20 (used  20.0) c=0.848 alpha=-0.203 beta=+0.397 | loss 3.4326 (delta +0.5472) size 483.1 MB sparsity 26.1%
gen 31 offspring [77/100] k= 32 (used  32.0) c=0.898 alpha=-0.208 beta=+0.368 | loss 3.2132 (delta +0.3278) size 487.0 MB sparsity 24.3%
gen 31 offspring [78/100] k= 17 (used  17.0) c=0.862 alpha=-0.092 beta=+0.218 | loss 3.2826 (delta +0.3972) size 460.4 MB sparsity 20.3%
gen 31 offspring [79/100] k= 45 (used  45.0) c=0.848 alpha=-0.048 beta=+0.194 | loss 2.9835 (delta +0.0981) size 541.4 MB sparsity 11.9%
gen 31 offspring [80/100] k= 39 (used  39.0) c=1.000 alpha=-0.325 beta=+0.065 | loss 3.0876 (delta +0.2023) size 536.6 MB sparsity 18.5%
gen 31 offspring [81/100] k= 24 (used  23.0) c=0.992 alpha=-0.146 beta=+0.367 | loss 3.3050 (delta +0.4196) size 488.4 MB sparsity 23.7%
gen 31 offspring [82/100] k= 33 (used  33.0) c=0.958 alpha=-0.075 beta=+0.174 | loss 2.9845 (delta +0.0991) size 511.6 MB sparsity 13.3%
gen 31 offspring [83/100] k= 17 (used  17.0) c=0.931 alpha=-0.333 beta=+0.369 | loss 3.7489 (delta +0.8635) size 442.8 MB sparsity 30.1%
gen 31 offspring [84/100] k= 17 (used  17.0) c=0.994 alpha=-0.363 beta=+0.431 | loss 3.8800 (delta +0.9947) size 436.7 MB sparsity 33.5%
gen 31 offspring [85/100] k=235 (used 235.0) c=1.000 alpha=-0.003 beta=+0.003 | loss 2.8875 (delta +0.0021) size 630.9 MB sparsity 1.6%
gen 31 offspring [86/100] k= 32 (used  31.0) c=0.998 alpha=-0.219 beta=+0.300 | loss 3.1838 (delta +0.2984) size 491.7 MB sparsity 22.2%
gen 31 offspring [87/100] k= 18 (used  18.0) c=0.860 alpha=-0.257 beta=+0.299 | loss 3.4163 (delta +0.5309) size 486.1 MB sparsity 24.7%
gen 31 offspring [88/100] k= 23 (used  23.0) c=0.987 alpha=-0.329 beta=+0.475 | loss 3.7735 (delta +0.8881) size 467.0 MB sparsity 33.3%
gen 31 offspring [89/100] k= 25 (used  25.0) c=0.956 alpha=-0.061 beta=+0.013 | loss 3.0640 (delta +0.1787) size 496.5 MB sparsity 14.7%
gen 31 offspring [90/100] k=157 (used 157.0) c=0.850 alpha=-0.027 beta=+0.043 | loss 2.9145 (delta +0.0292) size 630.9 MB sparsity 3.2%
gen 31 offspring [91/100] k= 42 (used  42.0) c=0.966 alpha=-0.060 beta=+0.122 | loss 2.9449 (delta +0.0595) size 541.4 MB sparsity 10.1%
gen 31 offspring [92/100] k= 16 (used  16.0) c=0.914 alpha=-0.239 beta=+0.120 | loss 3.5433 (delta +0.6579) size 449.9 MB sparsity 23.8%
gen 31 offspring [93/100] k= 39 (used  39.0) c=0.994 alpha=-0.234 beta=+0.107 | loss 3.0077 (delta +0.1224) size 541.0 MB sparsity 15.2%
gen 31 offspring [94/100] k= 17 (used  17.0) c=0.977 alpha=-0.267 beta=+0.392 | loss 3.6329 (delta +0.7475) size 445.0 MB sparsity 28.9%
gen 31 offspring [95/100] k=188 (used 184.1) c=0.987 alpha=-0.236 beta=+0.475 | loss 3.3611 (delta +0.4758) size 571.4 MB sparsity 29.1%
gen 31 offspring [96/100] k= 17 (used  17.0) c=0.992 alpha=-0.213 beta=+0.404 | loss 3.5791 (delta +0.6937) size 446.0 MB sparsity 28.3%
gen 31 offspring [97/100] k= 16 (used  16.0) c=0.848 alpha=-0.223 beta=+0.331 | loss 3.4821 (delta +0.5968) size 449.5 MB sparsity 25.7%
gen 31 offspring [98/100] k= 22 (used  21.0) c=1.000 alpha=-0.006 beta=+0.002 | loss 3.2054 (delta +0.3200) size 494.9 MB sparsity 18.3%
gen 31 offspring [99/100] k= 32 (used  32.0) c=0.914 alpha=-0.198 beta=+0.297 | loss 3.1174 (delta +0.2320) size 494.1 MB sparsity 21.2%
gen 31 offspring [100/100] k=  9 (used   9.0) c=0.974 alpha=-0.026 beta=+0.243 | loss 7.4967 (delta +4.6114) size 397.2 MB sparsity 40.8%
=== generation 31/50 done in 447s (0 reused), batch baseline 2.8854, HV 0.19365, front 100 points, 100/100 feasible, best delta loss +0.0019, smallest 436.7 MB
gen 32 offspring [1/100] k= 17 (used  17.0) c=0.994 alpha=-0.351 beta=+0.436 | loss 3.8519 (delta +0.9665) size 437.1 MB sparsity 33.3%
gen 32 offspring [2/100] k= 32 (used  32.0) c=0.900 alpha=-0.228 beta=+0.350 | loss 3.2116 (delta +0.3263) size 486.9 MB sparsity 24.4%
gen 32 offspring [3/100] k= 17 (used  17.0) c=0.853 alpha=-0.313 beta=+0.361 | loss 3.6772 (delta +0.7918) size 445.0 MB sparsity 28.9%
gen 32 offspring [4/100] k= 17 (used  17.0) c=0.970 alpha=-0.090 beta=+0.433 | loss 3.5917 (delta +0.7064) size 444.9 MB sparsity 28.9%
gen 32 offspring [5/100] k= 33 (used  33.0) c=0.974 alpha=-0.198 beta=+0.368 | loss 3.1818 (delta +0.2964) size 487.9 MB sparsity 23.9%
gen 32 offspring [6/100] k= 63 (used  62.9) c=0.957 alpha=-0.066 beta=+0.306 | loss 3.0407 (delta +0.1553) size 541.1 MB sparsity 16.0%
gen 32 offspring [7/100] k= 32 (used  32.0) c=0.843 alpha=-0.196 beta=+0.311 | loss 3.2027 (delta +0.3174) size 493.2 MB sparsity 21.6%
gen 32 offspring [8/100] k=240 (used 238.4) c=0.995 alpha=-0.241 beta=+0.005 | loss 2.9492 (delta +0.0638) size 630.8 MB sparsity 10.9%
gen 32 offspring [9/100] k= 17 (used  17.0) c=0.855 alpha=-0.371 beta=+0.431 | loss 3.9399 (delta +1.0545) size 436.8 MB sparsity 33.5%
gen 32 offspring [10/100] k= 29 (used  29.0) c=0.997 alpha=-0.088 beta=+0.122 | loss 3.0202 (delta +0.1349) size 496.7 MB sparsity 13.3%
gen 32 offspring [11/100] k=113 (used 113.0) c=0.990 alpha=-0.066 beta=+0.005 | loss 2.8949 (delta +0.0096) size 586.1 MB sparsity 4.5%
gen 32 offspring [12/100] k= 30 (used  30.0) c=0.949 alpha=-0.151 beta=+0.370 | loss 3.1931 (delta +0.3078) size 491.2 MB sparsity 22.5%
gen 32 offspring [13/100] k= 33 (used  33.0) c=0.959 alpha=-0.123 beta=+0.126 | loss 2.9729 (delta +0.0875) size 514.3 MB sparsity 12.1%
gen 32 offspring [14/100] k= 36 (used  36.0) c=0.908 alpha=-0.114 beta=+0.299 | loss 3.0836 (delta +0.1982) size 537.7 MB sparsity 18.0%
gen 32 offspring [15/100] k= 17 (used  17.0) c=0.988 alpha=-0.418 beta=+0.428 | loss 3.9724 (delta +1.0870) size 433.4 MB sparsity 35.4%
gen 32 offspring [16/100] k= 73 (used  73.0) c=0.997 alpha=-0.099 beta=+0.119 | loss 2.9127 (delta +0.0273) size 586.1 MB sparsity 9.5%
gen 32 offspring [17/100] k= 17 (used  17.0) c=0.852 alpha=-0.203 beta=+0.327 | loss 3.3814 (delta +0.4961) size 453.4 MB sparsity 24.2%
gen 32 offspring [18/100] k=177 (used 177.0) c=0.958 alpha=-0.042 beta=+0.040 | loss 2.8942 (delta +0.0089) size 630.9 MB sparsity 3.6%
gen 32 offspring [19/100] k= 39 (used  39.0) c=0.927 alpha=-0.086 beta=+0.087 | loss 2.9469 (delta +0.0615) size 541.4 MB sparsity 9.3%
gen 32 offspring [20/100] k= 17 (used  17.0) c=0.926 alpha=-0.203 beta=+0.364 | loss 3.4676 (delta +0.5822) size 449.9 MB sparsity 26.1%
gen 32 offspring [21/100] k= 18 (used  18.0) c=0.848 alpha=-0.100 beta=+0.356 | loss 3.3963 (delta +0.5110) size 486.0 MB sparsity 24.8%
gen 32 offspring [22/100] k= 15 (used  15.0) c=0.847 alpha=-0.198 beta=+0.383 | loss 3.5866 (delta +0.7013) size 447.8 MB sparsity 27.2%
gen 32 offspring [23/100] k= 17 (used  17.0) c=0.988 alpha=-0.119 beta=+0.434 | loss 3.6195 (delta +0.7341) size 444.4 MB sparsity 29.2%
gen 32 offspring [24/100] k= 17 (used  17.0) c=0.919 alpha=-0.086 beta=+0.246 | loss 3.3665 (delta +0.4811) size 457.4 MB sparsity 21.9%
gen 32 offspring [25/100] k= 17 (used  17.0) c=0.994 alpha=-0.309 beta=+0.430 | loss 3.7612 (delta +0.8759) size 440.1 MB sparsity 31.6%
gen 32 offspring [26/100] k= 16 (used  15.0) c=0.981 alpha=-0.361 beta=+0.431 | loss 4.0697 (delta +1.1844) size 436.1 MB sparsity 33.8%
gen 32 offspring [27/100] k=119 (used 119.0) c=0.926 alpha=-0.006 beta=+0.002 | loss 2.8966 (delta +0.0113) size 586.1 MB sparsity 3.0%
gen 32 offspring [28/100] k= 18 (used  17.0) c=0.952 alpha=-0.134 beta=+0.126 | loss 3.3847 (delta +0.4993) size 458.2 MB sparsity 21.5%
gen 32 offspring [29/100] k= 32 (used  31.0) c=0.981 alpha=-0.063 beta=+0.302 | loss 3.0872 (delta +0.2018) size 496.0 MB sparsity 18.8%
gen 32 offspring [30/100] k= 17 (used  17.0) c=0.847 alpha=-0.197 beta=+0.313 | loss 3.3544 (delta +0.4690) size 454.6 MB sparsity 23.5%
gen 32 offspring [31/100] k= 17 (used  17.0) c=0.853 alpha=-0.244 beta=+0.376 | loss 3.5329 (delta +0.6475) size 448.3 MB sparsity 27.0%
gen 32 offspring [32/100] k= 17 (used  17.0) c=0.970 alpha=-0.207 beta=+0.438 | loss 3.6008 (delta +0.7155) size 444.4 MB sparsity 29.2%
gen 32 offspring [33/100] k= 10 (used   9.0) c=0.992 alpha=-0.000 beta=+0.002 | loss 7.6949 (delta +4.8095) size 396.4 MB sparsity 41.4%
gen 32 offspring [34/100] k= 17 (used  17.0) c=0.994 alpha=-0.215 beta=+0.445 | loss 3.6438 (delta +0.7584) size 443.3 MB sparsity 29.8%
gen 32 offspring [35/100] k= 32 (used  32.0) c=0.932 alpha=-0.250 beta=+0.349 | loss 3.2406 (delta +0.3552) size 485.0 MB sparsity 25.2%
gen 32 offspring [36/100] k= 55 (used  55.0) c=0.994 alpha=-0.099 beta=+0.119 | loss 2.9315 (delta +0.0462) size 541.4 MB sparsity 9.8%
gen 32 offspring [37/100] k= 17 (used  17.0) c=0.966 alpha=-0.093 beta=+0.461 | loss 3.6943 (delta +0.8090) size 443.2 MB sparsity 29.9%
gen 32 offspring [38/100] k= 17 (used  17.0) c=0.994 alpha=-0.206 beta=+0.439 | loss 3.6176 (delta +0.7322) size 443.9 MB sparsity 29.5%
gen 32 offspring [39/100] k= 32 (used  32.0) c=0.927 alpha=-0.241 beta=+0.369 | loss 3.2558 (delta +0.3704) size 484.1 MB sparsity 25.6%
gen 32 offspring [40/100] k= 17 (used  17.0) c=0.921 alpha=-0.349 beta=+0.445 | loss 3.9697 (delta +1.0844) size 437.0 MB sparsity 33.3%
gen 32 offspring [41/100] k= 17 (used  17.0) c=0.847 alpha=-0.206 beta=+0.298 | loss 3.3442 (delta +0.4588) size 455.2 MB sparsity 23.1%
gen 32 offspring [42/100] k= 34 (used  33.0) c=0.974 alpha=-0.223 beta=+0.012 | loss 3.0102 (delta +0.1249) size 507.2 MB sparsity 15.3%
gen 32 offspring [43/100] k= 17 (used  17.0) c=0.862 alpha=-0.092 beta=+0.266 | loss 3.3184 (delta +0.4331) size 457.8 MB sparsity 21.7%
gen 32 offspring [44/100] k= 42 (used  41.0) c=0.998 alpha=-0.048 beta=+0.043 | loss 2.9387 (delta +0.0534) size 541.4 MB sparsity 9.3%
gen 32 offspring [45/100] k= 31 (used  31.0) c=0.931 alpha=-0.335 beta=+0.350 | loss 3.3520 (delta +0.4666) size 477.6 MB sparsity 28.5%
gen 32 offspring [46/100] k= 17 (used  17.0) c=0.996 alpha=-0.236 beta=+0.439 | loss 3.6505 (delta +0.7652) size 443.2 MB sparsity 29.9%
gen 32 offspring [47/100] k= 15 (used  15.0) c=0.922 alpha=-0.230 beta=+0.299 | loss 3.5908 (delta +0.7054) size 449.2 MB sparsity 25.6%
gen 32 offspring [48/100] k= 33 (used  33.0) c=0.979 alpha=-0.210 beta=+0.123 | loss 3.0054 (delta +0.1200) size 507.4 MB sparsity 15.2%
gen 32 offspring [49/100] k= 18 (used  17.0) c=0.994 alpha=-0.335 beta=+0.438 | loss 3.8309 (delta +0.9456) size 438.0 MB sparsity 32.8%
gen 32 offspring [50/100] k= 18 (used  17.0) c=0.996 alpha=-0.194 beta=+0.432 | loss 3.6143 (delta +0.7289) size 444.4 MB sparsity 29.2%
gen 32 offspring [51/100] k= 17 (used  17.0) c=0.862 alpha=-0.310 beta=+0.263 | loss 3.4979 (delta +0.6125) size 451.3 MB sparsity 25.3%
gen 32 offspring [52/100] k= 32 (used  31.0) c=0.981 alpha=-0.067 beta=+0.303 | loss 3.0873 (delta +0.2020) size 496.0 MB sparsity 18.8%
gen 32 offspring [53/100] k= 33 (used  33.0) c=0.973 alpha=-0.158 beta=+0.012 | loss 2.9780 (delta +0.0927) size 512.7 MB sparsity 12.8%
gen 32 offspring [54/100] k= 15 (used  15.0) c=0.864 alpha=-0.330 beta=+0.435 | loss 3.8701 (delta +0.9847) size 438.5 MB sparsity 32.5%
gen 32 offspring [55/100] k= 17 (used  17.0) c=0.915 alpha=-0.162 beta=+0.173 | loss 3.3550 (delta +0.4697) size 459.5 MB sparsity 20.7%
gen 32 offspring [56/100] k= 31 (used  31.0) c=0.931 alpha=-0.067 beta=+0.510 | loss 15.2763 (delta +12.3910) size 482.7 MB sparsity 26.3%
gen 32 offspring [57/100] k= 17 (used  17.0) c=0.989 alpha=-0.016 beta=+0.423 | loss 3.6133 (delta +0.7280) size 445.1 MB sparsity 28.8%
gen 32 offspring [58/100] k= 34 (used  33.0) c=0.970 alpha=-0.215 beta=+0.331 | loss 3.1636 (delta +0.2783) size 489.7 MB sparsity 23.1%
gen 32 offspring [59/100] k= 17 (used  17.0) c=0.899 alpha=-0.019 beta=+0.239 | loss 3.3567 (delta +0.4714) size 458.4 MB sparsity 21.4%
gen 32 offspring [60/100] k= 32 (used  32.0) c=0.867 alpha=-0.112 beta=+0.003 | loss 2.9801 (delta +0.0948) size 496.7 MB sparsity 11.0%
gen 32 offspring [61/100] k= 52 (used  51.0) c=0.994 alpha=-0.134 beta=+0.022 | loss 2.9377 (delta +0.0523) size 541.4 MB sparsity 9.6%
gen 32 offspring [62/100] k= 32 (used  32.0) c=0.912 alpha=-0.202 beta=+0.213 | loss 3.0592 (delta +0.1739) size 496.5 MB sparsity 18.1%
gen 32 offspring [63/100] k= 17 (used  17.0) c=0.994 alpha=-0.200 beta=+0.380 | loss 3.5362 (delta +0.6508) size 447.6 MB sparsity 27.4%
gen 32 offspring [64/100] k= 35 (used  35.0) c=0.994 alpha=-0.047 beta=+0.194 | loss 2.9992 (delta +0.1138) size 541.2 MB sparsity 13.9%
gen 32 offspring [65/100] k= 22 (used  21.0) c=0.987 alpha=-0.213 beta=+0.398 | loss 3.4287 (delta +0.5434) size 481.9 MB sparsity 26.6%
gen 32 offspring [66/100] k= 31 (used  31.0) c=0.932 alpha=-0.076 beta=+0.080 | loss 2.9827 (delta +0.0974) size 496.7 MB sparsity 11.6%
gen 32 offspring [67/100] k= 17 (used  17.0) c=0.999 alpha=-0.093 beta=+0.080 | loss 3.4339 (delta +0.5486) size 456.5 MB sparsity 22.5%
gen 32 offspring [68/100] k= 34 (used  34.0) c=0.925 alpha=-0.236 beta=+0.211 | loss 3.1049 (delta +0.2196) size 534.5 MB sparsity 19.3%
gen 32 offspring [69/100] k= 16 (used  16.0) c=0.848 alpha=-0.204 beta=+0.203 | loss 3.3920 (delta +0.5067) size 450.7 MB sparsity 22.0%
gen 32 offspring [70/100] k= 33 (used  33.0) c=0.943 alpha=-0.252 beta=+0.427 | loss 3.3394 (delta +0.4541) size 478.4 MB sparsity 28.2%
gen 32 offspring [71/100] k= 25 (used  25.0) c=0.914 alpha=-0.335 beta=+0.300 | loss 3.3708 (delta +0.4855) size 481.5 MB sparsity 26.8%
gen 32 offspring [72/100] k= 15 (used  15.0) c=0.973 alpha=-0.283 beta=+0.461 | loss 3.9571 (delta +1.0718) size 438.6 MB sparsity 32.4%
gen 32 offspring [73/100] k= 18 (used  17.0) c=0.992 alpha=-0.335 beta=+0.368 | loss 3.7006 (delta +0.8153) size 442.4 MB sparsity 30.3%
gen 32 offspring [74/100] k=  9 (used   9.0) c=0.859 alpha=-0.064 beta=+0.319 | loss 5.5329 (delta +2.6475) size 402.7 MB sparsity 36.7%
gen 32 offspring [75/100] k= 31 (used  31.0) c=0.997 alpha=-0.202 beta=+0.309 | loss 3.1702 (delta +0.2848) size 492.4 MB sparsity 21.9%
gen 32 offspring [76/100] k= 32 (used  32.0) c=0.855 alpha=-0.028 beta=+0.338 | loss 3.1446 (delta +0.2592) size 495.8 MB sparsity 19.4%
gen 32 offspring [77/100] k= 42 (used  41.0) c=1.000 alpha=-0.061 beta=+0.123 | loss 2.9425 (delta +0.0571) size 541.4 MB sparsity 10.3%
gen 32 offspring [78/100] k= 17 (used  17.0) c=0.994 alpha=-0.236 beta=+0.435 | loss 3.6232 (delta +0.7379) size 443.4 MB sparsity 29.8%
gen 32 offspring [79/100] k= 17 (used  17.0) c=0.972 alpha=-0.314 beta=+0.410 | loss 3.7424 (delta +0.8570) size 441.1 MB sparsity 31.0%
gen 32 offspring [80/100] k= 17 (used  17.0) c=0.923 alpha=-0.028 beta=+0.285 | loss 3.3788 (delta +0.4935) size 455.2 MB sparsity 23.2%
gen 32 offspring [81/100] k= 17 (used  17.0) c=0.988 alpha=-0.301 beta=+0.433 | loss 3.7366 (delta +0.8513) size 440.4 MB sparsity 31.5%
gen 32 offspring [82/100] k=123 (used 122.1) c=0.849 alpha=-0.045 beta=+0.297 | loss 3.0384 (delta +0.1531) size 585.4 MB sparsity 14.4%
gen 32 offspring [83/100] k= 64 (used  64.0) c=0.956 alpha=-0.066 beta=+0.015 | loss 2.9152 (delta +0.0298) size 541.4 MB sparsity 6.1%
gen 32 offspring [84/100] k= 33 (used  33.0) c=0.973 alpha=-0.200 beta=+0.369 | loss 3.1877 (delta +0.3024) size 487.7 MB sparsity 24.0%
gen 32 offspring [85/100] k= 17 (used  17.0) c=0.970 alpha=-0.220 beta=+0.437 | loss 3.6028 (delta +0.7174) size 444.2 MB sparsity 29.3%
gen 32 offspring [86/100] k= 17 (used  17.0) c=0.848 alpha=-0.300 beta=+0.203 | loss 3.4007 (delta +0.5153) size 455.2 MB sparsity 23.2%
gen 32 offspring [87/100] k= 73 (used  73.0) c=0.994 alpha=-0.102 beta=+0.110 | loss 2.9130 (delta +0.0277) size 586.1 MB sparsity 9.3%
gen 32 offspring [88/100] k= 17 (used  17.0) c=0.945 alpha=-0.093 beta=+0.178 | loss 3.3743 (delta +0.4889) size 458.4 MB sparsity 21.4%
gen 32 offspring [89/100] k= 32 (used  31.0) c=0.992 alpha=-0.200 beta=+0.203 | loss 3.0681 (delta +0.1828) size 496.5 MB sparsity 17.7%
gen 32 offspring [90/100] k= 17 (used  17.0) c=0.929 alpha=-0.027 beta=+0.080 | loss 3.3376 (delta +0.4523) size 459.0 MB sparsity 21.0%
gen 32 offspring [91/100] k= 32 (used  32.0) c=0.919 alpha=-0.109 beta=+0.326 | loss 3.0986 (delta +0.2133) size 495.8 MB sparsity 19.4%
gen 32 offspring [92/100] k= 17 (used  17.0) c=0.997 alpha=-0.162 beta=+0.481 | loss 4.4560 (delta +1.5707) size 441.3 MB sparsity 30.9%
gen 32 offspring [93/100] k=157 (used 156.4) c=0.984 alpha=-0.060 beta=+0.214 | loss 2.9342 (delta +0.0488) size 630.7 MB sparsity 11.6%
gen 32 offspring [94/100] k= 17 (used  17.0) c=0.989 alpha=-0.239 beta=+0.434 | loss 3.6398 (delta +0.7544) size 443.5 MB sparsity 29.7%
gen 32 offspring [95/100] k=235 (used 235.0) c=0.992 alpha=-0.003 beta=+0.003 | loss 2.8872 (delta +0.0018) size 630.9 MB sparsity 1.6%
gen 32 offspring [96/100] k= 29 (used  29.0) c=0.846 alpha=-0.119 beta=+0.364 | loss 3.1812 (delta +0.2959) size 494.2 MB sparsity 21.0%
gen 32 offspring [97/100] k= 16 (used  16.0) c=0.852 alpha=-0.213 beta=+0.376 | loss 3.5426 (delta +0.6572) size 447.9 MB sparsity 27.1%
gen 32 offspring [98/100] k= 39 (used  39.0) c=1.000 alpha=-0.086 beta=+0.102 | loss 2.9549 (delta +0.0695) size 541.4 MB sparsity 10.1%
gen 32 offspring [99/100] k= 35 (used  35.0) c=0.931 alpha=-0.216 beta=+0.386 | loss 3.2853 (delta +0.4000) size 518.4 MB sparsity 25.2%
gen 32 offspring [100/100] k= 32 (used  32.0) c=0.852 alpha=-0.065 beta=+0.304 | loss 3.1040 (delta +0.2187) size 496.4 MB sparsity 18.0%
=== generation 32/50 done in 447s (0 reused), batch baseline 2.8854, HV 0.19373, front 100 points, 100/100 feasible, best delta loss +0.0018, smallest 436.7 MB
gen 33 offspring [1/100] k= 17 (used  17.0) c=0.848 alpha=-0.036 beta=+0.338 | loss 3.3779 (delta +0.4925) size 453.5 MB sparsity 24.1%
gen 33 offspring [2/100] k= 17 (used  17.0) c=0.972 alpha=-0.142 beta=+0.445 | loss 3.6305 (delta +0.7451) size 444.1 MB sparsity 29.4%
gen 33 offspring [3/100] k= 18 (used  18.0) c=0.927 alpha=-0.241 beta=+0.370 | loss 3.5137 (delta +0.6284) size 480.7 MB sparsity 27.1%
gen 33 offspring [4/100] k= 17 (used  17.0) c=0.856 alpha=-0.206 beta=+0.264 | loss 3.3219 (delta +0.4366) size 457.2 MB sparsity 22.0%
gen 33 offspring [5/100] k= 42 (used  42.0) c=0.840 alpha=-0.042 beta=+0.191 | loss 2.9864 (delta +0.1011) size 541.4 MB sparsity 12.1%
gen 33 offspring [6/100] k= 32 (used  32.0) c=0.902 alpha=-0.198 beta=+0.345 | loss 3.1675 (delta +0.2822) size 490.0 MB sparsity 23.0%
gen 33 offspring [7/100] k= 33 (used  33.0) c=0.954 alpha=-0.134 beta=+0.126 | loss 2.9754 (delta +0.0900) size 513.6 MB sparsity 12.4%
gen 33 offspring [8/100] k= 17 (used  17.0) c=0.994 alpha=-0.231 beta=+0.467 | loss 3.7040 (delta +0.8186) size 441.6 MB sparsity 30.8%
gen 33 offspring [9/100] k= 33 (used  33.0) c=0.959 alpha=-0.155 beta=+0.322 | loss 3.1046 (delta +0.2192) size 495.5 MB sparsity 20.5%
gen 33 offspring [10/100] k= 32 (used  32.0) c=0.900 alpha=-0.236 beta=+0.370 | loss 3.2567 (delta +0.3714) size 484.5 MB sparsity 25.4%
gen 33 offspring [11/100] k= 34 (used  34.0) c=0.938 alpha=-0.286 beta=+0.355 | loss 3.2964 (delta +0.4111) size 514.2 MB sparsity 26.8%
gen 33 offspring [12/100] k= 17 (used  17.0) c=0.862 alpha=-0.121 beta=+0.225 | loss 3.2864 (delta +0.4010) size 460.0 MB sparsity 20.5%
gen 33 offspring [13/100] k= 32 (used  32.0) c=0.872 alpha=-0.198 beta=+0.287 | loss 3.1356 (delta +0.2502) size 494.9 MB sparsity 20.7%
gen 33 offspring [14/100] k= 71 (used  71.0) c=0.991 alpha=-0.134 beta=+0.119 | loss 2.9301 (delta +0.0447) size 586.1 MB sparsity 10.9%
gen 33 offspring [15/100] k= 17 (used  17.0) c=0.994 alpha=-0.200 beta=+0.380 | loss 3.5341 (delta +0.6488) size 447.6 MB sparsity 27.4%
gen 33 offspring [16/100] k= 36 (used  35.0) c=0.983 alpha=-0.198 beta=+0.035 | loss 2.9931 (delta +0.1077) size 541.2 MB sparsity 14.0%
gen 33 offspring [17/100] k= 17 (used  17.0) c=0.834 alpha=-0.197 beta=+0.509 | loss 15.6672 (delta +12.7818) size 442.3 MB sparsity 30.4%
gen 33 offspring [18/100] k= 17 (used  17.0) c=0.926 alpha=-0.113 beta=+0.396 | loss 3.5219 (delta +0.6365) size 448.2 MB sparsity 27.1%
gen 33 offspring [19/100] k= 16 (used  15.0) c=0.937 alpha=-0.241 beta=+0.351 | loss 3.6246 (delta +0.7392) size 447.2 MB sparsity 27.6%
gen 33 offspring [20/100] k= 66 (used  66.0) c=0.956 alpha=-0.043 beta=+0.015 | loss 2.9134 (delta +0.0280) size 586.1 MB sparsity 5.6%
gen 33 offspring [21/100] k= 17 (used  17.0) c=0.842 alpha=-0.152 beta=+0.004 | loss 3.2874 (delta +0.4021) size 462.4 MB sparsity 19.2%
gen 33 offspring [22/100] k= 17 (used  17.0) c=0.971 alpha=-0.236 beta=+0.435 | loss 3.6184 (delta +0.7331) size 443.7 MB sparsity 29.6%
gen 33 offspring [23/100] k= 17 (used  17.0) c=0.844 alpha=-0.038 beta=+0.238 | loss 3.2946 (delta +0.4092) size 459.8 MB sparsity 20.6%
gen 33 offspring [24/100] k= 18 (used  18.0) c=0.917 alpha=-0.113 beta=+0.043 | loss 3.3490 (delta +0.4637) size 492.6 MB sparsity 20.8%
gen 33 offspring [25/100] k= 20 (used  19.0) c=0.994 alpha=-0.351 beta=+0.123 | loss 3.5376 (delta +0.6522) size 485.4 MB sparsity 25.0%
gen 33 offspring [26/100] k= 75 (used  74.7) c=0.994 alpha=-0.351 beta=+0.110 | loss 3.0917 (delta +0.2063) size 570.5 MB sparsity 19.3%
gen 33 offspring [27/100] k=120 (used 119.9) c=0.847 alpha=-0.154 beta=+0.001 | loss 2.9306 (delta +0.0452) size 586.1 MB sparsity 7.9%
gen 33 offspring [28/100] k= 27 (used  27.0) c=0.861 alpha=-0.092 beta=+0.266 | loss 3.0797 (delta +0.1944) size 496.4 MB sparsity 17.5%
gen 33 offspring [29/100] k= 16 (used  16.0) c=0.849 alpha=-0.027 beta=+0.286 | loss 3.4210 (delta +0.5357) size 450.4 MB sparsity 23.8%
gen 33 offspring [30/100] k= 17 (used  17.0) c=0.994 alpha=-0.335 beta=+0.438 | loss 3.8334 (delta +0.9481) size 438.0 MB sparsity 32.8%
gen 33 offspring [31/100] k=235 (used 231.9) c=0.992 alpha=-0.012 beta=+0.388 | loss 3.2321 (delta +0.3468) size 615.6 MB sparsity 16.8%
gen 33 offspring [32/100] k= 17 (used  17.0) c=0.847 alpha=-0.199 beta=+0.314 | loss 3.3583 (delta +0.4729) size 454.5 MB sparsity 23.6%
gen 33 offspring [33/100] k= 33 (used  33.0) c=0.969 alpha=-0.197 beta=+0.345 | loss 3.1564 (delta +0.2711) size 490.0 MB sparsity 23.0%
gen 33 offspring [34/100] k= 17 (used  17.0) c=0.970 alpha=-0.270 beta=+0.432 | loss 3.6710 (delta +0.7857) size 442.4 MB sparsity 30.4%
gen 33 offspring [35/100] k= 17 (used  17.0) c=1.000 alpha=-0.182 beta=+0.430 | loss 3.6186 (delta +0.7332) size 444.5 MB sparsity 29.2%
gen 33 offspring [36/100] k= 31 (used  31.0) c=0.969 alpha=-0.119 beta=+0.300 | loss 3.0892 (delta +0.2039) size 496.1 MB sparsity 18.8%
gen 33 offspring [37/100] k= 32 (used  32.0) c=0.908 alpha=-0.202 beta=+0.212 | loss 3.0598 (delta +0.1744) size 496.6 MB sparsity 18.0%
gen 33 offspring [38/100] k= 17 (used  17.0) c=0.852 alpha=-0.330 beta=+0.433 | loss 3.7995 (delta +0.9141) size 439.3 MB sparsity 32.0%
gen 33 offspring [39/100] k= 17 (used  17.0) c=0.838 alpha=-0.167 beta=+0.242 | loss 3.3077 (delta +0.4224) size 459.7 MB sparsity 20.7%
gen 33 offspring [40/100] k= 17 (used  17.0) c=0.987 alpha=-0.133 beta=+0.366 | loss 3.5204 (delta +0.6350) size 448.7 MB sparsity 26.8%
gen 33 offspring [41/100] k= 31 (used  31.0) c=0.942 alpha=-0.248 beta=+0.429 | loss 3.3475 (delta +0.4621) size 478.4 MB sparsity 28.2%
gen 33 offspring [42/100] k= 17 (used  17.0) c=0.921 alpha=-0.203 beta=+0.437 | loss 3.6025 (delta +0.7172) size 445.3 MB sparsity 28.7%
gen 33 offspring [43/100] k= 17 (used  17.0) c=0.994 alpha=-0.335 beta=+0.434 | loss 3.8248 (delta +0.9394) size 438.2 MB sparsity 32.7%
gen 33 offspring [44/100] k=117 (used 117.0) c=0.959 alpha=-0.075 beta=+0.077 | loss 2.8989 (delta +0.0136) size 586.1 MB sparsity 6.6%
gen 33 offspring [45/100] k= 19 (used  19.0) c=0.849 alpha=-0.113 beta=+0.283 | loss 3.2543 (delta +0.3690) size 493.6 MB sparsity 20.9%
gen 33 offspring [46/100] k= 30 (used  30.0) c=0.825 alpha=-0.237 beta=+0.203 | loss 3.1477 (delta +0.2623) size 496.3 MB sparsity 19.0%
gen 33 offspring [47/100] k= 30 (used  30.0) c=0.934 alpha=-0.089 beta=+0.339 | loss 3.1418 (delta +0.2565) size 494.9 MB sparsity 20.4%
gen 33 offspring [48/100] k= 16 (used  16.0) c=0.855 alpha=-0.199 beta=+0.354 | loss 3.5002 (delta +0.6148) size 448.9 MB sparsity 26.3%
gen 33 offspring [49/100] k= 16 (used  16.0) c=0.849 alpha=-0.043 beta=+0.248 | loss 3.4027 (delta +0.5173) size 450.7 MB sparsity 22.7%
gen 33 offspring [50/100] k= 33 (used  33.0) c=0.974 alpha=-0.163 beta=+0.190 | loss 3.0051 (delta +0.1198) size 506.2 MB sparsity 15.7%
gen 33 offspring [51/100] k= 56 (used  56.0) c=0.900 alpha=-0.202 beta=+0.191 | loss 3.0133 (delta +0.1279) size 540.7 MB sparsity 16.7%
gen 33 offspring [52/100] k= 17 (used  17.0) c=0.839 alpha=-0.282 beta=+0.314 | loss 3.5457 (delta +0.6604) size 450.1 MB sparsity 26.0%
gen 33 offspring [53/100] k= 32 (used  32.0) c=0.929 alpha=-0.203 beta=+0.364 | loss 3.1979 (delta +0.3126) size 487.8 MB sparsity 24.0%
gen 33 offspring [54/100] k= 17 (used  17.0) c=0.964 alpha=-0.283 beta=+0.473 | loss 3.8192 (delta +0.9338) size 439.1 MB sparsity 32.2%
gen 33 offspring [55/100] k= 24 (used  23.0) c=0.999 alpha=-0.023 beta=+0.301 | loss 3.2109 (delta +0.3255) size 493.3 MB sparsity 21.3%
gen 33 offspring [56/100] k= 17 (used  17.0) c=0.994 alpha=-0.239 beta=+0.424 | loss 3.6280 (delta +0.7427) size 444.0 MB sparsity 29.4%
gen 33 offspring [57/100] k= 17 (used  17.0) c=0.850 alpha=-0.332 beta=+0.435 | loss 3.8041 (delta +0.9188) size 439.0 MB sparsity 32.2%
gen 33 offspring [58/100] k= 32 (used  32.0) c=0.925 alpha=-0.204 beta=+0.054 | loss 3.0022 (delta +0.1168) size 496.7 MB sparsity 14.6%
gen 33 offspring [59/100] k= 16 (used  15.0) c=1.000 alpha=-0.348 beta=+0.436 | loss 4.0403 (delta +1.1549) size 436.5 MB sparsity 33.6%
gen 33 offspring [60/100] k= 16 (used  15.0) c=0.994 alpha=-0.252 beta=+0.430 | loss 3.8416 (delta +0.9562) size 441.2 MB sparsity 31.0%
gen 33 offspring [61/100] k= 17 (used  17.0) c=0.832 alpha=-0.197 beta=+0.313 | loss 3.3667 (delta +0.4813) size 454.9 MB sparsity 23.4%
gen 33 offspring [62/100] k= 33 (used  33.0) c=0.974 alpha=-0.210 beta=+0.368 | loss 3.1977 (delta +0.3124) size 486.9 MB sparsity 24.4%
gen 33 offspring [63/100] k= 20 (used  20.0) c=0.848 alpha=-0.205 beta=+0.356 | loss 3.3681 (delta +0.4828) size 486.3 MB sparsity 24.6%
gen 33 offspring [64/100] k=157 (used 157.0) c=0.985 alpha=-0.042 beta=+0.043 | loss 2.8904 (delta +0.0050) size 630.9 MB sparsity 3.8%
gen 33 offspring [65/100] k=113 (used 112.4) c=0.992 alpha=-0.000 beta=+0.303 | loss 3.0218 (delta +0.1364) size 585.3 MB sparsity 14.3%
gen 33 offspring [66/100] k= 17 (used  17.0) c=0.982 alpha=-0.289 beta=+0.411 | loss 3.7274 (delta +0.8421) size 442.5 MB sparsity 30.3%
gen 33 offspring [67/100] k= 32 (used  32.0) c=0.919 alpha=-0.232 beta=+0.326 | loss 3.1901 (delta +0.3048) size 488.6 MB sparsity 23.6%
gen 33 offspring [68/100] k= 33 (used  33.0) c=0.991 alpha=-0.363 beta=+0.460 | loss 3.6490 (delta +0.7637) size 465.9 MB sparsity 33.7%
gen 33 offspring [69/100] k=110 (used 110.0) c=0.981 alpha=-0.001 beta=+0.000 | loss 2.8961 (delta +0.0108) size 586.1 MB sparsity 3.4%
gen 33 offspring [70/100] k=235 (used 233.5) c=0.988 alpha=-0.002 beta=+0.238 | loss 2.9486 (delta +0.0633) size 630.9 MB sparsity 10.8%
gen 33 offspring [71/100] k= 17 (used  17.0) c=0.995 alpha=-0.023 beta=+0.408 | loss 3.5945 (delta +0.7092) size 445.9 MB sparsity 28.4%
gen 33 offspring [72/100] k= 31 (used  31.0) c=0.901 alpha=-0.110 beta=+0.203 | loss 3.0053 (delta +0.1199) size 496.7 MB sparsity 14.6%
gen 33 offspring [73/100] k= 31 (used  31.0) c=0.997 alpha=-0.231 beta=+0.439 | loss 3.3671 (delta +0.4817) size 479.0 MB sparsity 27.9%
gen 33 offspring [74/100] k= 28 (used  27.0) c=0.981 alpha=-0.101 beta=+0.428 | loss 3.3442 (delta +0.4589) size 486.6 MB sparsity 24.5%
gen 33 offspring [75/100] k= 16 (used  15.0) c=0.997 alpha=-0.099 beta=+0.431 | loss 3.8128 (delta +0.9274) size 441.4 MB sparsity 30.9%
gen 33 offspring [76/100] k= 18 (used  17.0) c=0.993 alpha=-0.010 beta=+0.226 | loss 3.4115 (delta +0.5262) size 456.1 MB sparsity 22.6%
gen 33 offspring [77/100] k= 17 (used  17.0) c=0.859 alpha=-0.084 beta=+0.238 | loss 3.3050 (delta +0.4197) size 459.4 MB sparsity 20.8%
gen 33 offspring [78/100] k= 15 (used  15.0) c=0.994 alpha=-0.391 beta=+0.382 | loss 4.0608 (delta +1.1754) size 437.1 MB sparsity 33.3%
gen 33 offspring [79/100] k= 17 (used  17.0) c=0.992 alpha=-0.236 beta=+0.496 | loss 5.2966 (delta +2.4113) size 439.7 MB sparsity 31.8%
gen 33 offspring [80/100] k= 17 (used  17.0) c=0.992 alpha=-0.206 beta=+0.025 | loss 3.4119 (delta +0.5266) size 456.6 MB sparsity 22.4%
gen 33 offspring [81/100] k= 37 (used  37.0) c=0.983 alpha=-0.285 beta=+0.444 | loss 3.4740 (delta +0.5886) size 505.4 MB sparsity 30.1%
gen 33 offspring [82/100] k= 17 (used  17.0) c=0.998 alpha=-0.231 beta=+0.439 | loss 3.6529 (delta +0.7676) size 443.3 MB sparsity 29.8%
gen 33 offspring [83/100] k= 32 (used  32.0) c=0.925 alpha=-0.235 beta=+0.305 | loss 3.1787 (delta +0.2934) size 490.1 MB sparsity 22.9%
gen 33 offspring [84/100] k= 34 (used  34.0) c=0.911 alpha=-0.223 beta=+0.331 | loss 3.2123 (delta +0.3269) size 523.4 MB sparsity 23.4%
gen 33 offspring [85/100] k= 17 (used  17.0) c=0.969 alpha=-0.281 beta=+0.423 | loss 3.6697 (delta +0.7843) size 442.3 MB sparsity 30.4%
gen 33 offspring [86/100] k= 32 (used  32.0) c=0.914 alpha=-0.226 beta=+0.290 | loss 3.1456 (delta +0.2603) size 492.2 MB sparsity 22.0%
gen 33 offspring [87/100] k=157 (used 157.0) c=0.988 alpha=-0.044 beta=+0.043 | loss 2.8910 (delta +0.0056) size 630.9 MB sparsity 3.9%
gen 33 offspring [88/100] k= 17 (used  17.0) c=0.972 alpha=-0.119 beta=+0.430 | loss 3.5937 (delta +0.7083) size 445.0 MB sparsity 28.9%
gen 33 offspring [89/100] k= 17 (used  17.0) c=0.972 alpha=-0.283 beta=+0.354 | loss 3.5810 (delta +0.6956) size 446.5 MB sparsity 28.0%
gen 33 offspring [90/100] k= 32 (used  31.0) c=0.969 alpha=-0.109 beta=+0.003 | loss 2.9920 (delta +0.1066) size 496.7 MB sparsity 12.0%
gen 33 offspring [91/100] k= 17 (used  17.0) c=0.852 alpha=-0.365 beta=+0.476 | loss 4.0516 (delta +1.1662) size 434.3 MB sparsity 34.8%
gen 33 offspring [92/100] k= 32 (used  31.0) c=0.971 alpha=-0.001 beta=+0.000 | loss 2.9921 (delta +0.1067) size 496.7 MB sparsity 12.0%
gen 33 offspring [93/100] k= 12 (used  11.0) c=0.975 alpha=-0.200 beta=+0.287 | loss 5.0048 (delta +2.1195) size 436.4 MB sparsity 33.7%
gen 33 offspring [94/100] k= 18 (used  18.0) c=0.934 alpha=-0.133 beta=+0.369 | loss 3.4907 (delta +0.6053) size 482.6 MB sparsity 26.3%
gen 33 offspring [95/100] k= 28 (used  27.0) c=0.993 alpha=-0.315 beta=+0.171 | loss 3.1907 (delta +0.3054) size 493.6 MB sparsity 21.3%
gen 33 offspring [96/100] k= 34 (used  34.0) c=0.952 alpha=-0.138 beta=+0.129 | loss 2.9790 (delta +0.0936) size 541.4 MB sparsity 12.6%
gen 33 offspring [97/100] k= 62 (used  62.0) c=0.956 alpha=-0.223 beta=+0.017 | loss 2.9663 (delta +0.0809) size 541.4 MB sparsity 12.4%
gen 33 offspring [98/100] k= 31 (used  31.0) c=0.982 alpha=-0.062 beta=+0.326 | loss 3.1140 (delta +0.2287) size 495.5 MB sparsity 19.7%
gen 33 offspring [99/100] k= 33 (used  33.0) c=0.959 alpha=-0.075 beta=+0.037 | loss 2.9697 (delta +0.0844) size 516.4 MB sparsity 11.2%
gen 33 offspring [100/100] k= 17 (used  17.0) c=0.992 alpha=-0.257 beta=+0.421 | loss 3.6503 (delta +0.7650) size 443.5 MB sparsity 29.7%
=== generation 33/50 done in 447s (0 reused), batch baseline 2.8854, HV 0.19376, front 100 points, 100/100 feasible, best delta loss +0.0018, smallest 436.7 MB
gen 34 offspring [1/100] k= 55 (used  54.9) c=0.994 alpha=-0.345 beta=+0.119 | loss 3.1193 (delta +0.2339) size 533.6 MB sparsity 19.6%
gen 34 offspring [2/100] k= 17 (used  17.0) c=0.850 alpha=-0.204 beta=+0.411 | loss 3.5141 (delta +0.6288) size 448.0 MB sparsity 27.2%
gen 34 offspring [3/100] k= 31 (used  31.0) c=0.864 alpha=-0.063 beta=+0.303 | loss 3.0994 (delta +0.2141) size 496.4 MB sparsity 18.1%
gen 34 offspring [4/100] k= 17 (used  17.0) c=0.968 alpha=-0.283 beta=+0.432 | loss 3.6940 (delta +0.8087) size 441.6 MB sparsity 30.8%
gen 34 offspring [5/100] k= 32 (used  32.0) c=0.850 alpha=-0.112 beta=+0.196 | loss 3.0251 (delta +0.1398) size 496.7 MB sparsity 14.1%
gen 34 offspring [6/100] k= 34 (used  33.0) c=0.997 alpha=-0.123 beta=+0.195 | loss 3.0027 (delta +0.1174) size 508.5 MB sparsity 14.7%
gen 34 offspring [7/100] k= 64 (used  64.0) c=0.942 alpha=-0.223 beta=+0.015 | loss 2.9605 (delta +0.0752) size 541.4 MB sparsity 12.3%
gen 34 offspring [8/100] k= 18 (used  18.0) c=0.924 alpha=-0.233 beta=+0.372 | loss 3.5004 (delta +0.6150) size 481.1 MB sparsity 27.0%
gen 34 offspring [9/100] k= 19 (used  19.0) c=0.963 alpha=-0.110 beta=+0.203 | loss 3.2477 (delta +0.3624) size 493.8 MB sparsity 19.8%
gen 34 offspring [10/100] k= 18 (used  17.0) c=0.977 alpha=-0.204 beta=+0.326 | loss 3.4672 (delta +0.5818) size 451.3 MB sparsity 25.3%
gen 34 offspring [11/100] k= 39 (used  39.0) c=1.000 alpha=-0.086 beta=+0.122 | loss 2.9568 (delta +0.0714) size 541.4 MB sparsity 10.7%
gen 34 offspring [12/100] k= 35 (used  35.0) c=0.970 alpha=-0.090 beta=+0.433 | loss 3.2924 (delta +0.4071) size 524.4 MB sparsity 23.0%
gen 34 offspring [13/100] k= 32 (used  32.0) c=0.919 alpha=-0.109 beta=+0.037 | loss 2.9752 (delta +0.0898) size 496.7 MB sparsity 11.5%
gen 34 offspring [14/100] k= 22 (used  21.0) c=0.959 alpha=-0.249 beta=+0.466 | loss 3.6006 (delta +0.7152) size 474.0 MB sparsity 30.1%
gen 34 offspring [15/100] k= 17 (used  17.0) c=0.994 alpha=-0.160 beta=+0.436 | loss 3.6083 (delta +0.7230) size 444.2 MB sparsity 29.3%
gen 34 offspring [16/100] k= 32 (used  32.0) c=0.919 alpha=-0.198 beta=+0.322 | loss 3.1458 (delta +0.2604) size 491.8 MB sparsity 22.2%
gen 34 offspring [17/100] k= 17 (used  17.0) c=0.982 alpha=-0.363 beta=+0.435 | loss 3.9100 (delta +1.0246) size 436.5 MB sparsity 33.6%
gen 34 offspring [18/100] k=152 (used 152.0) c=0.985 alpha=-0.048 beta=+0.032 | loss 2.8901 (delta +0.0048) size 630.9 MB sparsity 3.6%
gen 34 offspring [19/100] k=105 (used 105.0) c=0.992 alpha=-0.000 beta=+0.018 | loss 2.8976 (delta +0.0122) size 586.1 MB sparsity 3.6%
gen 34 offspring [20/100] k= 17 (used  17.0) c=0.970 alpha=-0.293 beta=+0.284 | loss 3.5007 (delta +0.6154) size 450.2 MB sparsity 25.9%
gen 34 offspring [21/100] k= 42 (used  41.0) c=0.997 alpha=-0.048 beta=+0.187 | loss 2.9634 (delta +0.0780) size 541.4 MB sparsity 12.8%
gen 34 offspring [22/100] k= 17 (used  17.0) c=0.857 alpha=-0.303 beta=+0.364 | loss 3.6503 (delta +0.7649) size 445.4 MB sparsity 28.7%
gen 34 offspring [23/100] k= 33 (used  33.0) c=0.957 alpha=-0.056 beta=+0.386 | loss 3.1976 (delta +0.3123) size 493.4 MB sparsity 21.5%
gen 34 offspring [24/100] k= 17 (used  17.0) c=0.844 alpha=-0.010 beta=+0.203 | loss 3.2813 (delta +0.3960) size 461.5 MB sparsity 19.6%
gen 34 offspring [25/100] k=180 (used 176.4) c=0.996 alpha=-0.099 beta=+0.453 | loss 3.3138 (delta +0.4284) size 594.6 MB sparsity 22.6%
gen 34 offspring [26/100] k= 17 (used  17.0) c=0.926 alpha=-0.121 beta=+0.412 | loss 3.5457 (delta +0.6604) size 447.1 MB sparsity 27.7%
gen 34 offspring [27/100] k= 32 (used  31.0) c=0.986 alpha=-0.064 beta=+0.266 | loss 3.0572 (delta +0.1718) size 496.5 MB sparsity 17.4%
gen 34 offspring [28/100] k= 33 (used  33.0) c=0.940 alpha=-0.099 beta=+0.126 | loss 2.9770 (delta +0.0916) size 515.5 MB sparsity 11.6%
gen 34 offspring [29/100] k= 17 (used  17.0) c=0.972 alpha=-0.107 beta=+0.194 | loss 3.3917 (delta +0.5064) size 457.3 MB sparsity 22.0%
gen 34 offspring [30/100] k= 38 (used  38.0) c=0.943 alpha=-0.287 beta=+0.355 | loss 3.3093 (delta +0.4240) size 514.3 MB sparsity 26.8%
gen 34 offspring [31/100] k= 16 (used  15.0) c=0.995 alpha=-0.200 beta=+0.380 | loss 3.7631 (delta +0.8778) size 444.6 MB sparsity 29.1%
gen 34 offspring [32/100] k= 38 (used  38.0) c=0.941 alpha=-0.199 beta=+0.279 | loss 3.1226 (delta +0.2373) size 531.5 MB sparsity 20.4%
gen 34 offspring [33/100] k= 17 (used  17.0) c=0.847 alpha=-0.161 beta=+0.401 | loss 3.4907 (delta +0.6054) size 449.4 MB sparsity 26.4%
gen 34 offspring [34/100] k=133 (used 133.0) c=0.985 alpha=-0.001 beta=+0.043 | loss 2.8946 (delta +0.0093) size 630.9 MB sparsity 3.4%
gen 34 offspring [35/100] k= 44 (used  44.0) c=0.934 alpha=-0.086 beta=+0.102 | loss 2.9366 (delta +0.0512) size 541.4 MB sparsity 9.2%
gen 34 offspring [36/100] k= 17 (used  17.0) c=0.850 alpha=-0.153 beta=+0.298 | loss 3.3428 (delta +0.4575) size 456.0 MB sparsity 22.7%
gen 34 offspring [37/100] k= 18 (used  17.0) c=0.992 alpha=-0.309 beta=+0.430 | loss 3.7674 (delta +0.8820) size 440.1 MB sparsity 31.6%
gen 34 offspring [38/100] k= 17 (used  17.0) c=0.994 alpha=-0.351 beta=+0.436 | loss 3.8521 (delta +0.9667) size 437.1 MB sparsity 33.3%
gen 34 offspring [39/100] k= 31 (used  31.0) c=0.990 alpha=-0.119 beta=+0.431 | loss 3.3094 (delta +0.4241) size 488.0 MB sparsity 23.9%
gen 34 offspring [40/100] k= 17 (used  17.0) c=0.970 alpha=-0.090 beta=+0.369 | loss 3.4948 (delta +0.6094) size 448.9 MB sparsity 26.7%
gen 34 offspring [41/100] k= 17 (used  17.0) c=0.846 alpha=-0.362 beta=+0.313 | loss 3.7171 (delta +0.8318) size 445.0 MB sparsity 28.9%
gen 34 offspring [42/100] k= 35 (used  35.0) c=0.958 alpha=-0.086 beta=+0.122 | loss 2.9693 (delta +0.0839) size 541.4 MB sparsity 11.1%
gen 34 offspring [43/100] k= 17 (used  17.0) c=0.854 alpha=-0.198 beta=+0.122 | loss 3.2777 (delta +0.3924) size 461.4 MB sparsity 19.7%
gen 34 offspring [44/100] k= 17 (used  17.0) c=0.994 alpha=-0.103 beta=+0.428 | loss 3.6015 (delta +0.7161) size 444.7 MB sparsity 29.1%
gen 34 offspring [45/100] k= 33 (used  33.0) c=0.971 alpha=-0.203 beta=+0.331 | loss 3.1454 (delta +0.2601) size 490.7 MB sparsity 22.7%
gen 34 offspring [46/100] k= 18 (used  17.0) c=0.981 alpha=-0.091 beta=+0.334 | loss 3.4963 (delta +0.6109) size 450.8 MB sparsity 25.6%
gen 34 offspring [47/100] k= 31 (used  31.0) c=0.938 alpha=-0.239 beta=+0.367 | loss 3.2504 (delta +0.3650) size 484.4 MB sparsity 25.5%
gen 34 offspring [48/100] k= 17 (used  17.0) c=0.981 alpha=-0.309 beta=+0.452 | loss 3.8463 (delta +0.9609) size 438.8 MB sparsity 32.4%
gen 34 offspring [49/100] k= 16 (used  15.0) c=0.938 alpha=-0.243 beta=+0.238 | loss 3.5613 (delta +0.6759) size 449.5 MB sparsity 24.5%
gen 34 offspring [50/100] k= 42 (used  42.0) c=0.960 alpha=-0.048 beta=+0.126 | loss 2.9431 (delta +0.0578) size 541.4 MB sparsity 10.2%
gen 34 offspring [51/100] k= 17 (used  17.0) c=0.970 alpha=-0.057 beta=+0.437 | loss 3.5994 (delta +0.7140) size 444.6 MB sparsity 29.1%
gen 34 offspring [52/100] k= 32 (used  32.0) c=0.920 alpha=-0.041 beta=+0.242 | loss 3.0291 (delta +0.1438) size 496.6 MB sparsity 16.1%
gen 34 offspring [53/100] k= 17 (used  17.0) c=0.972 alpha=-0.110 beta=+0.507 | loss 15.3327 (delta +12.4473) size 440.2 MB sparsity 31.5%
gen 34 offspring [54/100] k= 17 (used  17.0) c=0.854 alpha=-0.283 beta=+0.461 | loss 3.7713 (delta +0.8859) size 440.5 MB sparsity 31.4%
gen 34 offspring [55/100] k= 31 (used  31.0) c=0.969 alpha=-0.281 beta=+0.423 | loss 3.4100 (delta +0.5247) size 476.1 MB sparsity 29.2%
gen 34 offspring [56/100] k= 29 (used  29.0) c=0.997 alpha=-0.088 beta=+0.102 | loss 3.0213 (delta +0.1359) size 496.7 MB sparsity 13.2%
gen 34 offspring [57/100] k= 17 (used  17.0) c=0.925 alpha=-0.204 beta=+0.300 | loss 3.4045 (delta +0.5191) size 453.9 MB sparsity 23.9%
gen 34 offspring [58/100] k= 17 (used  17.0) c=0.999 alpha=-0.200 beta=+0.380 | loss 3.5458 (delta +0.6605) size 447.6 MB sparsity 27.4%
gen 34 offspring [59/100] k= 28 (used  27.0) c=0.997 alpha=-0.364 beta=+0.096 | loss 3.2281 (delta +0.3428) size 491.6 MB sparsity 22.3%
gen 34 offspring [60/100] k= 17 (used  17.0) c=0.926 alpha=-0.114 beta=+0.367 | loss 3.4741 (delta +0.5888) size 450.0 MB sparsity 26.1%
gen 34 offspring [61/100] k= 32 (used  32.0) c=0.919 alpha=-0.173 beta=+0.300 | loss 3.1042 (delta +0.2189) size 495.4 MB sparsity 20.4%
gen 34 offspring [62/100] k= 34 (used  34.0) c=0.959 alpha=-0.128 beta=+0.198 | loss 3.0030 (delta +0.1177) size 541.1 MB sparsity 14.8%
gen 34 offspring [63/100] k= 15 (used  15.0) c=0.996 alpha=-0.213 beta=+0.437 | loss 3.8163 (delta +0.9310) size 441.1 MB sparsity 31.1%
gen 34 offspring [64/100] k= 34 (used  33.0) c=0.974 alpha=-0.223 beta=+0.428 | loss 3.2928 (delta +0.4075) size 480.7 MB sparsity 27.1%
gen 34 offspring [65/100] k= 28 (used  27.0) c=0.997 alpha=-0.101 beta=+0.129 | loss 3.0384 (delta +0.1530) size 496.6 MB sparsity 14.2%
gen 34 offspring [66/100] k= 31 (used  31.0) c=0.965 alpha=-0.204 beta=+0.220 | loss 3.0869 (delta +0.2016) size 496.4 MB sparsity 18.5%
gen 34 offspring [67/100] k= 64 (used  64.0) c=0.973 alpha=-0.061 beta=+0.000 | loss 2.9209 (delta +0.0356) size 541.4 MB sparsity 6.0%
gen 34 offspring [68/100] k= 17 (used  17.0) c=0.995 alpha=-0.127 beta=+0.404 | loss 3.5975 (delta +0.7121) size 446.1 MB sparsity 28.2%
gen 34 offspring [69/100] k= 17 (used  17.0) c=0.966 alpha=-0.308 beta=+0.099 | loss 3.4889 (delta +0.6035) size 452.8 MB sparsity 24.5%
gen 34 offspring [70/100] k=  9 (used   9.0) c=0.847 alpha=-0.175 beta=+0.363 | loss 5.6170 (delta +2.7316) size 403.1 MB sparsity 36.4%
gen 34 offspring [71/100] k= 17 (used  17.0) c=0.856 alpha=-0.072 beta=+0.302 | loss 3.3601 (delta +0.4748) size 455.6 MB sparsity 22.9%
gen 34 offspring [72/100] k= 18 (used  18.0) c=0.848 alpha=-0.164 beta=+0.398 | loss 3.4698 (delta +0.5844) size 482.6 MB sparsity 26.3%
gen 34 offspring [73/100] k= 33 (used  33.0) c=0.920 alpha=-0.204 beta=+0.300 | loss 3.1381 (delta +0.2527) size 493.4 MB sparsity 21.4%
gen 34 offspring [74/100] k= 17 (used  17.0) c=0.846 alpha=-0.203 beta=+0.356 | loss 3.4127 (delta +0.5274) size 451.7 MB sparsity 25.2%
gen 34 offspring [75/100] k= 32 (used  32.0) c=0.908 alpha=-0.144 beta=+0.327 | loss 3.1039 (delta +0.2186) size 495.3 MB sparsity 20.3%
gen 34 offspring [76/100] k= 18 (used  17.0) c=0.972 alpha=-0.034 beta=+0.338 | loss 3.4784 (delta +0.5931) size 450.8 MB sparsity 25.6%
gen 34 offspring [77/100] k= 17 (used  17.0) c=1.000 alpha=-0.236 beta=+0.376 | loss 3.5566 (delta +0.6712) size 447.1 MB sparsity 27.7%
gen 34 offspring [78/100] k= 21 (used  21.0) c=0.860 alpha=-0.084 beta=+0.335 | loss 3.2517 (delta +0.3663) size 492.0 MB sparsity 22.1%
gen 34 offspring [79/100] k= 33 (used  33.0) c=0.959 alpha=-0.075 beta=+0.044 | loss 2.9692 (delta +0.0839) size 516.4 MB sparsity 11.2%
gen 34 offspring [80/100] k= 17 (used  17.0) c=0.911 alpha=-0.363 beta=+0.299 | loss 3.6942 (delta +0.8089) size 445.4 MB sparsity 28.7%
gen 34 offspring [81/100] k= 37 (used  37.0) c=0.974 alpha=-0.210 beta=+0.432 | loss 3.3079 (delta +0.4225) size 514.5 MB sparsity 26.7%
gen 34 offspring [82/100] k= 17 (used  17.0) c=0.989 alpha=-0.206 beta=+0.475 | loss 3.7033 (delta +0.8180) size 441.7 MB sparsity 30.7%
gen 34 offspring [83/100] k= 32 (used  31.0) c=0.987 alpha=-0.244 beta=+0.370 | loss 3.2893 (delta +0.4040) size 483.7 MB sparsity 25.8%
gen 34 offspring [84/100] k= 70 (used  69.7) c=0.983 alpha=-0.131 beta=+0.380 | loss 3.1379 (delta +0.2525) size 564.1 MB sparsity 21.3%
gen 34 offspring [85/100] k= 17 (used  17.0) c=0.932 alpha=-0.090 beta=+0.430 | loss 3.5889 (delta +0.7035) size 445.8 MB sparsity 28.4%
gen 34 offspring [86/100] k= 42 (used  41.0) c=0.997 alpha=-0.048 beta=+0.194 | loss 2.9692 (delta +0.0838) size 541.4 MB sparsity 13.0%
gen 34 offspring [87/100] k= 31 (used  31.0) c=0.970 alpha=-0.061 beta=+0.266 | loss 3.0611 (delta +0.1758) size 496.5 MB sparsity 17.3%
gen 34 offspring [88/100] k= 45 (used  45.0) c=0.916 alpha=-0.232 beta=+0.370 | loss 3.2060 (delta +0.3206) size 518.8 MB sparsity 25.1%
gen 34 offspring [89/100] k= 17 (used  17.0) c=0.994 alpha=-0.351 beta=+0.436 | loss 3.8555 (delta +0.9702) size 437.1 MB sparsity 33.3%
gen 34 offspring [90/100] k= 17 (used  17.0) c=0.883 alpha=-0.282 beta=+0.432 | loss 3.7424 (delta +0.8570) size 442.2 MB sparsity 30.4%
gen 34 offspring [91/100] k=  8 (used   7.0) c=0.992 alpha=-0.208 beta=+0.404 | loss 11.5501 (delta +8.6647) size 381.9 MB sparsity 52.2%
gen 34 offspring [92/100] k= 31 (used  31.0) c=0.988 alpha=-0.218 beta=+0.358 | loss 3.2281 (delta +0.3428) size 486.8 MB sparsity 24.4%
gen 34 offspring [93/100] k= 32 (used  31.0) c=0.986 alpha=-0.267 beta=+0.352 | loss 3.2962 (delta +0.4108) size 483.2 MB sparsity 26.0%
gen 34 offspring [94/100] k= 17 (used  17.0) c=0.992 alpha=-0.236 beta=+0.439 | loss 3.6403 (delta +0.7550) size 443.3 MB sparsity 29.8%
gen 34 offspring [95/100] k= 64 (used  64.0) c=0.892 alpha=-0.014 beta=+0.002 | loss 2.9166 (delta +0.0313) size 541.4 MB sparsity 5.4%
gen 34 offspring [96/100] k= 50 (used  49.0) c=0.997 alpha=-0.099 beta=+0.119 | loss 2.9419 (delta +0.0566) size 541.4 MB sparsity 10.0%
gen 34 offspring [97/100] k= 17 (used  17.0) c=0.994 alpha=-0.321 beta=+0.428 | loss 3.7795 (delta +0.8942) size 439.5 MB sparsity 32.0%
gen 34 offspring [98/100] k= 20 (used  20.0) c=0.937 alpha=-0.203 beta=+0.364 | loss 3.3711 (delta +0.4858) size 484.7 MB sparsity 25.4%
gen 34 offspring [99/100] k= 77 (used  77.0) c=0.999 alpha=-0.009 beta=+0.000 | loss 2.9052 (delta +0.0198) size 586.1 MB sparsity 5.0%
gen 34 offspring [100/100] k= 17 (used  17.0) c=0.974 alpha=-0.292 beta=+0.500 | loss 3.9444 (delta +1.0590) size 436.8 MB sparsity 33.5%
=== generation 34/50 done in 447s (0 reused), batch baseline 2.8854, HV 0.19380, front 100 points, 100/100 feasible, best delta loss +0.0018, smallest 436.7 MB
gen 35 offspring [1/100] k= 17 (used  17.0) c=0.862 alpha=-0.091 beta=+0.334 | loss 3.3843 (delta +0.4990) size 453.5 MB sparsity 24.1%
gen 35 offspring [2/100] k=216 (used 216.0) c=0.992 alpha=-0.003 beta=+0.003 | loss 2.8871 (delta +0.0018) size 630.9 MB sparsity 1.8%
gen 35 offspring [3/100] k= 34 (used  34.0) c=0.952 alpha=-0.223 beta=+0.357 | loss 3.2250 (delta +0.3397) size 520.5 MB sparsity 24.4%
gen 35 offspring [4/100] k= 16 (used  15.0) c=0.965 alpha=-0.095 beta=+0.233 | loss 3.7047 (delta +0.8193) size 449.1 MB sparsity 24.8%
gen 35 offspring [5/100] k= 17 (used  17.0) c=0.848 alpha=-0.189 beta=+0.318 | loss 3.3572 (delta +0.4719) size 454.5 MB sparsity 23.6%
gen 35 offspring [6/100] k= 17 (used  17.0) c=0.852 alpha=-0.335 beta=+0.434 | loss 3.8054 (delta +0.9201) size 439.0 MB sparsity 32.3%
gen 35 offspring [7/100] k= 17 (used  17.0) c=0.849 alpha=-0.022 beta=+0.291 | loss 3.3285 (delta +0.4432) size 456.5 MB sparsity 22.5%
gen 35 offspring [8/100] k=119 (used 118.0) c=0.992 alpha=-0.000 beta=+0.383 | loss 3.2205 (delta +0.3351) size 576.6 MB sparsity 17.3%
gen 35 offspring [9/100] k= 64 (used  64.0) c=0.958 alpha=-0.062 beta=+0.135 | loss 2.9260 (delta +0.0406) size 541.4 MB sparsity 8.9%
gen 35 offspring [10/100] k= 17 (used  17.0) c=0.996 alpha=-0.360 beta=+0.431 | loss 3.8766 (delta +0.9913) size 436.8 MB sparsity 33.4%
gen 35 offspring [11/100] k= 32 (used  32.0) c=0.916 alpha=-0.229 beta=+0.378 | loss 3.2449 (delta +0.3596) size 484.4 MB sparsity 25.5%
gen 35 offspring [12/100] k= 17 (used  17.0) c=0.932 alpha=-0.104 beta=+0.353 | loss 3.4822 (delta +0.5968) size 450.7 MB sparsity 25.7%
gen 35 offspring [13/100] k= 26 (used  26.0) c=0.959 alpha=-0.075 beta=+0.044 | loss 3.0734 (delta +0.1880) size 496.5 MB sparsity 14.7%
gen 35 offspring [14/100] k= 17 (used  17.0) c=0.974 alpha=-0.200 beta=+0.364 | loss 3.5060 (delta +0.6206) size 449.0 MB sparsity 26.6%
gen 35 offspring [15/100] k= 17 (used  17.0) c=0.839 alpha=-0.236 beta=+0.474 | loss 3.7270 (delta +0.8417) size 442.6 MB sparsity 30.2%
gen 35 offspring [16/100] k= 17 (used  17.0) c=0.849 alpha=-0.356 beta=+0.307 | loss 3.6613 (delta +0.7760) size 445.7 MB sparsity 28.5%
gen 35 offspring [17/100] k= 17 (used  17.0) c=0.849 alpha=-0.206 beta=+0.132 | loss 3.2758 (delta +0.3905) size 461.3 MB sparsity 19.8%
gen 35 offspring [18/100] k= 17 (used  17.0) c=0.862 alpha=-0.094 beta=+0.268 | loss 3.3196 (delta +0.4343) size 457.6 MB sparsity 21.8%
gen 35 offspring [19/100] k= 17 (used  17.0) c=0.994 alpha=-0.124 beta=+0.380 | loss 3.5377 (delta +0.6524) size 447.7 MB sparsity 27.4%
gen 35 offspring [20/100] k= 33 (used  33.0) c=0.974 alpha=-0.204 beta=+0.368 | loss 3.1867 (delta +0.3013) size 487.4 MB sparsity 24.1%
gen 35 offspring [21/100] k= 17 (used  17.0) c=0.990 alpha=-0.283 beta=+0.428 | loss 3.7149 (delta +0.8296) size 441.7 MB sparsity 30.7%
gen 35 offspring [22/100] k= 28 (used  28.0) c=0.919 alpha=-0.109 beta=+0.037 | loss 3.0251 (delta +0.1398) size 496.7 MB sparsity 13.1%
gen 35 offspring [23/100] k= 28 (used  27.0) c=0.995 alpha=-0.200 beta=+0.342 | loss 3.2288 (delta +0.3434) size 489.2 MB sparsity 23.3%
gen 35 offspring [24/100] k= 30 (used  29.0) c=0.967 alpha=-0.195 beta=+0.360 | loss 3.2079 (delta +0.3226) size 488.4 MB sparsity 23.7%
gen 35 offspring [25/100] k= 33 (used  33.0) c=0.997 alpha=-0.048 beta=+0.262 | loss 3.0405 (delta +0.1551) size 503.5 MB sparsity 17.0%
gen 35 offspring [26/100] k= 17 (used  17.0) c=0.992 alpha=-0.335 beta=+0.434 | loss 3.8232 (delta +0.9378) size 438.3 MB sparsity 32.6%
gen 35 offspring [27/100] k= 17 (used  17.0) c=0.996 alpha=-0.095 beta=+0.439 | loss 3.6301 (delta +0.7448) size 444.0 MB sparsity 29.5%
gen 35 offspring [28/100] k= 12 (used  12.0) c=0.862 alpha=-0.106 beta=+0.335 | loss 4.2164 (delta +1.3311) size 441.3 MB sparsity 30.9%
gen 35 offspring [29/100] k= 33 (used  33.0) c=0.966 alpha=-0.109 beta=+0.228 | loss 3.0148 (delta +0.1295) size 506.6 MB sparsity 15.6%
gen 35 offspring [30/100] k= 32 (used  31.0) c=0.991 alpha=-0.113 beta=+0.300 | loss 3.0940 (delta +0.2086) size 496.0 MB sparsity 18.9%
gen 35 offspring [31/100] k= 17 (used  17.0) c=0.921 alpha=-0.281 beta=+0.423 | loss 3.7037 (delta +0.8184) size 442.7 MB sparsity 30.2%
gen 35 offspring [32/100] k= 17 (used  17.0) c=0.994 alpha=-0.349 beta=+0.206 | loss 3.5359 (delta +0.6505) size 449.5 MB sparsity 26.4%
gen 35 offspring [33/100] k= 12 (used  12.0) c=0.848 alpha=-0.081 beta=+0.352 | loss 4.2808 (delta +1.3955) size 441.1 MB sparsity 31.0%
gen 35 offspring [34/100] k= 17 (used  17.0) c=0.979 alpha=-0.231 beta=+0.298 | loss 3.4536 (delta +0.5683) size 452.4 MB sparsity 24.8%
gen 35 offspring [35/100] k=152 (used 151.6) c=0.985 alpha=-0.190 beta=+0.019 | loss 2.9225 (delta +0.0372) size 630.9 MB sparsity 9.3%
gen 35 offspring [36/100] k= 32 (used  32.0) c=0.849 alpha=-0.110 beta=+0.294 | loss 3.0971 (delta +0.2118) size 496.5 MB sparsity 17.9%
gen 35 offspring [37/100] k= 33 (used  33.0) c=0.959 alpha=-0.134 beta=+0.421 | loss 3.2691 (delta +0.3837) size 488.7 MB sparsity 23.6%
gen 35 offspring [38/100] k= 17 (used  17.0) c=0.844 alpha=-0.206 beta=+0.298 | loss 3.3505 (delta +0.4652) size 455.3 MB sparsity 23.1%
gen 35 offspring [39/100] k= 17 (used  17.0) c=0.843 alpha=-0.205 beta=+0.440 | loss 3.5717 (delta +0.6863) size 446.2 MB sparsity 28.2%
gen 35 offspring [40/100] k= 32 (used  32.0) c=0.919 alpha=-0.018 beta=+0.326 | loss 3.0978 (delta +0.2125) size 495.8 MB sparsity 19.3%
gen 35 offspring [41/100] k= 16 (used  16.0) c=0.849 alpha=-0.062 beta=+0.286 | loss 3.4254 (delta +0.5401) size 450.4 MB sparsity 23.8%
gen 35 offspring [42/100] k= 34 (used  34.0) c=0.901 alpha=-0.198 beta=+0.331 | loss 3.1881 (delta +0.3028) size 526.0 MB sparsity 22.4%
gen 35 offspring [43/100] k= 17 (used  17.0) c=0.858 alpha=-0.006 beta=+0.401 | loss 3.5135 (delta +0.6282) size 449.2 MB sparsity 26.5%
gen 35 offspring [44/100] k= 32 (used  31.0) c=0.995 alpha=-0.298 beta=+0.350 | loss 3.3488 (delta +0.4634) size 480.7 MB sparsity 27.1%
gen 35 offspring [45/100] k=125 (used 124.8) c=0.992 alpha=-0.202 beta=+0.019 | loss 2.9257 (delta +0.0403) size 586.1 MB sparsity 10.0%
gen 35 offspring [46/100] k= 31 (used  31.0) c=0.914 alpha=-0.198 beta=+0.288 | loss 3.1050 (delta +0.2197) size 494.7 MB sparsity 20.8%
gen 35 offspring [47/100] k= 33 (used  33.0) c=0.994 alpha=-0.198 beta=+0.435 | loss 3.2925 (delta +0.4072) size 482.2 MB sparsity 26.5%
gen 35 offspring [48/100] k= 16 (used  16.0) c=0.869 alpha=-0.203 beta=+0.330 | loss 3.4972 (delta +0.6119) size 449.3 MB sparsity 25.7%
gen 35 offspring [49/100] k= 17 (used  17.0) c=0.865 alpha=-0.279 beta=+0.453 | loss 3.7613 (delta +0.8760) size 441.2 MB sparsity 31.0%
gen 35 offspring [50/100] k= 42 (used  41.0) c=0.994 alpha=-0.056 beta=+0.189 | loss 2.9669 (delta +0.0815) size 541.4 MB sparsity 12.8%
gen 35 offspring [51/100] k= 30 (used  29.0) c=0.967 alpha=-0.109 beta=+0.002 | loss 3.0084 (delta +0.1230) size 496.7 MB sparsity 12.8%
gen 35 offspring [52/100] k= 16 (used  16.0) c=0.848 alpha=-0.104 beta=+0.203 | loss 3.3936 (delta +0.5082) size 450.7 MB sparsity 21.9%
gen 35 offspring [53/100] k= 33 (used  33.0) c=0.930 alpha=-0.241 beta=+0.002 | loss 3.0265 (delta +0.1412) size 506.2 MB sparsity 15.7%
gen 35 offspring [54/100] k= 31 (used  31.0) c=0.980 alpha=-0.061 beta=+0.015 | loss 2.9920 (delta +0.1066) size 496.7 MB sparsity 12.1%
gen 35 offspring [55/100] k= 17 (used  17.0) c=0.958 alpha=-0.238 beta=+0.439 | loss 3.6818 (delta +0.7964) size 443.6 MB sparsity 29.7%
gen 35 offspring [56/100] k= 17 (used  17.0) c=0.994 alpha=-0.313 beta=+0.430 | loss 3.7738 (delta +0.8884) size 439.8 MB sparsity 31.8%
gen 35 offspring [57/100] k= 51 (used  51.0) c=0.859 alpha=-0.239 beta=+0.223 | loss 3.0940 (delta +0.2087) size 533.7 MB sparsity 19.5%
gen 35 offspring [58/100] k= 33 (used  33.0) c=0.926 alpha=-0.204 beta=+0.424 | loss 3.2881 (delta +0.4027) size 482.9 MB sparsity 26.2%
gen 35 offspring [59/100] k= 17 (used  17.0) c=0.994 alpha=-0.129 beta=+0.366 | loss 3.5097 (delta +0.6244) size 448.5 MB sparsity 26.9%
gen 35 offspring [60/100] k= 17 (used  17.0) c=1.000 alpha=-0.024 beta=+0.436 | loss 3.6246 (delta +0.7392) size 444.1 MB sparsity 29.4%
gen 35 offspring [61/100] k= 17 (used  17.0) c=0.847 alpha=-0.203 beta=+0.421 | loss 3.5212 (delta +0.6358) size 447.4 MB sparsity 27.5%
gen 35 offspring [62/100] k= 73 (used  72.9) c=0.997 alpha=-0.099 beta=+0.286 | loss 3.0003 (delta +0.1149) size 579.8 MB sparsity 16.3%
gen 35 offspring [63/100] k= 17 (used  17.0) c=0.983 alpha=-0.231 beta=+0.442 | loss 3.6581 (delta +0.7728) size 443.3 MB sparsity 29.8%
gen 35 offspring [64/100] k= 10 (used   9.0) c=0.977 alpha=-0.294 beta=+0.439 | loss 7.3834 (delta +4.4980) size 396.5 MB sparsity 41.3%
gen 35 offspring [65/100] k= 17 (used  17.0) c=0.850 alpha=-0.198 beta=+0.411 | loss 3.5094 (delta +0.6241) size 448.2 MB sparsity 27.1%
gen 35 offspring [66/100] k= 17 (used  17.0) c=0.970 alpha=-0.321 beta=+0.432 | loss 3.7739 (delta +0.8886) size 439.4 MB sparsity 32.0%
gen 35 offspring [67/100] k=152 (used 152.0) c=0.985 alpha=-0.048 beta=+0.029 | loss 2.8906 (delta +0.0052) size 630.9 MB sparsity 3.5%
gen 35 offspring [68/100] k= 16 (used  16.0) c=0.847 alpha=-0.338 beta=+0.530 | loss 4.1530 (delta +1.2677) size 432.2 MB sparsity 36.0%
gen 35 offspring [69/100] k= 82 (used  82.0) c=0.901 alpha=-0.063 beta=+0.015 | loss 2.9067 (delta +0.0213) size 586.1 MB sparsity 5.0%
gen 35 offspring [70/100] k= 32 (used  32.0) c=0.926 alpha=-0.148 beta=+0.300 | loss 3.0826 (delta +0.1972) size 496.0 MB sparsity 19.5%
gen 35 offspring [71/100] k= 40 (used  39.0) c=0.986 alpha=-0.064 beta=+0.198 | loss 2.9804 (delta +0.0951) size 541.4 MB sparsity 13.4%
gen 35 offspring [72/100] k= 17 (used  17.0) c=0.991 alpha=-0.110 beta=+0.408 | loss 3.5887 (delta +0.7034) size 446.0 MB sparsity 28.3%
gen 35 offspring [73/100] k= 85 (used  84.9) c=0.999 alpha=-0.240 beta=+0.119 | loss 2.9809 (delta +0.0955) size 583.2 MB sparsity 15.2%
gen 35 offspring [74/100] k= 15 (used  15.0) c=0.848 alpha=-0.091 beta=+0.203 | loss 3.4277 (delta +0.5424) size 450.7 MB sparsity 21.9%
gen 35 offspring [75/100] k= 17 (used  17.0) c=0.863 alpha=-0.058 beta=+0.309 | loss 3.3857 (delta +0.5003) size 455.0 MB sparsity 23.3%
gen 35 offspring [76/100] k= 16 (used  16.0) c=0.915 alpha=-0.357 beta=+0.436 | loss 3.9801 (delta +1.0948) size 436.5 MB sparsity 33.6%
gen 35 offspring [77/100] k= 17 (used  17.0) c=0.975 alpha=-0.203 beta=+0.364 | loss 3.5060 (delta +0.6206) size 449.0 MB sparsity 26.6%
gen 35 offspring [78/100] k= 16 (used  16.0) c=0.848 alpha=-0.195 beta=+0.353 | loss 3.4870 (delta +0.6016) size 449.0 MB sparsity 26.2%
gen 35 offspring [79/100] k= 11 (used  11.0) c=0.852 alpha=-0.205 beta=+0.500 | loss 4.5611 (delta +1.6757) size 432.8 MB sparsity 35.7%
gen 35 offspring [80/100] k= 33 (used  33.0) c=0.974 alpha=-0.056 beta=+0.508 | loss 15.2904 (delta +12.4050) size 483.1 MB sparsity 26.1%
gen 35 offspring [81/100] k= 16 (used  16.0) c=0.923 alpha=-0.042 beta=+0.037 | loss 3.5400 (delta +0.6547) size 449.8 MB sparsity 23.7%
gen 35 offspring [82/100] k= 13 (used  13.0) c=0.850 alpha=-0.330 beta=+0.139 | loss 3.8552 (delta +0.9699) size 447.3 MB sparsity 27.4%
gen 35 offspring [83/100] k= 17 (used  17.0) c=0.928 alpha=-0.235 beta=+0.432 | loss 3.6082 (delta +0.7229) size 444.5 MB sparsity 29.2%
gen 35 offspring [84/100] k= 17 (used  17.0) c=0.975 alpha=-0.309 beta=+0.430 | loss 3.7666 (delta +0.8812) size 440.2 MB sparsity 31.6%
gen 35 offspring [85/100] k= 17 (used  17.0) c=0.997 alpha=-0.234 beta=+0.308 | loss 3.5075 (delta +0.6222) size 451.3 MB sparsity 25.3%
gen 35 offspring [86/100] k= 30 (used  30.0) c=0.961 alpha=-0.057 beta=+0.044 | loss 3.0171 (delta +0.1318) size 496.7 MB sparsity 12.7%
gen 35 offspring [87/100] k= 31 (used  31.0) c=0.995 alpha=-0.022 beta=+0.141 | loss 2.9977 (delta +0.1123) size 496.7 MB sparsity 12.9%
gen 35 offspring [88/100] k= 32 (used  31.0) c=0.973 alpha=-0.223 beta=+0.287 | loss 3.1653 (delta +0.2800) size 492.6 MB sparsity 21.8%
gen 35 offspring [89/100] k= 26 (used  26.0) c=0.930 alpha=-0.241 beta=+0.370 | loss 3.3350 (delta +0.4497) size 483.4 MB sparsity 25.9%
gen 35 offspring [90/100] k=170 (used 169.7) c=0.992 alpha=-0.159 beta=+0.003 | loss 2.9091 (delta +0.0237) size 630.9 MB sparsity 7.9%
gen 35 offspring [91/100] k= 17 (used  17.0) c=0.935 alpha=-0.200 beta=+0.317 | loss 3.4482 (delta +0.5629) size 452.7 MB sparsity 24.6%
gen 35 offspring [92/100] k= 17 (used  17.0) c=0.847 alpha=-0.002 beta=+0.373 | loss 3.4384 (delta +0.5530) size 451.3 MB sparsity 25.4%
gen 35 offspring [93/100] k= 29 (used  29.0) c=0.997 alpha=-0.301 beta=+0.122 | loss 3.1289 (delta +0.2435) size 495.6 MB sparsity 19.4%
gen 35 offspring [94/100] k= 42 (used  42.0) c=0.960 alpha=-0.043 beta=+0.126 | loss 2.9429 (delta +0.0576) size 541.4 MB sparsity 10.2%
gen 35 offspring [95/100] k= 43 (used  43.0) c=0.997 alpha=-0.073 beta=+0.204 | loss 2.9742 (delta +0.0888) size 541.4 MB sparsity 13.2%
gen 35 offspring [96/100] k= 17 (used  17.0) c=0.850 alpha=-0.204 beta=+0.415 | loss 3.5223 (delta +0.6369) size 447.8 MB sparsity 27.3%
gen 35 offspring [97/100] k= 17 (used  17.0) c=0.988 alpha=-0.088 beta=+0.433 | loss 3.6129 (delta +0.7276) size 444.5 MB sparsity 29.2%
gen 35 offspring [98/100] k= 32 (used  32.0) c=0.925 alpha=-0.208 beta=+0.300 | loss 3.1354 (delta +0.2501) size 492.9 MB sparsity 21.7%
gen 35 offspring [99/100] k= 10 (used   9.0) c=0.994 alpha=-0.363 beta=+0.387 | loss 7.5105 (delta +4.6251) size 396.2 MB sparsity 41.5%
gen 35 offspring [100/100] k= 16 (used  16.0) c=0.849 alpha=-0.063 beta=+0.294 | loss 3.4390 (delta +0.5536) size 450.3 MB sparsity 24.1%
=== generation 35/50 done in 447s (0 reused), batch baseline 2.8854, HV 0.19385, front 100 points, 100/100 feasible, best delta loss +0.0018, smallest 436.7 MB
gen 36 offspring [1/100] k= 29 (used  29.0) c=0.959 alpha=-0.109 beta=+0.036 | loss 3.0152 (delta +0.1299) size 496.7 MB sparsity 12.7%
gen 36 offspring [2/100] k= 19 (used  19.0) c=0.996 alpha=-0.236 beta=+0.439 | loss 3.6157 (delta +0.7303) size 476.1 MB sparsity 29.2%
gen 36 offspring [3/100] k= 28 (used  28.0) c=0.870 alpha=-0.198 beta=+0.383 | loss 3.2578 (delta +0.3725) size 486.4 MB sparsity 24.6%
gen 36 offspring [4/100] k= 32 (used  32.0) c=0.936 alpha=-0.241 beta=+0.547 | loss 14.7812 (delta +11.8959) size 469.5 MB sparsity 32.1%
gen 36 offspring [5/100] k= 32 (used  32.0) c=0.908 alpha=-0.209 beta=+0.212 | loss 3.0664 (delta +0.1810) size 496.5 MB sparsity 18.3%
gen 36 offspring [6/100] k= 16 (used  15.0) c=0.994 alpha=-0.351 beta=+0.005 | loss 3.8192 (delta +0.9339) size 446.3 MB sparsity 28.1%
gen 36 offspring [7/100] k= 17 (used  17.0) c=0.905 alpha=-0.206 beta=+0.203 | loss 3.3327 (delta +0.4474) size 459.1 MB sparsity 21.0%
gen 36 offspring [8/100] k= 32 (used  32.0) c=0.902 alpha=-0.198 beta=+0.131 | loss 3.0056 (delta +0.1203) size 496.7 MB sparsity 14.9%
gen 36 offspring [9/100] k= 33 (used  33.0) c=0.848 alpha=-0.195 beta=+0.353 | loss 3.2121 (delta +0.3267) size 489.8 MB sparsity 23.1%
gen 36 offspring [10/100] k= 33 (used  33.0) c=0.970 alpha=-0.197 beta=+0.436 | loss 3.2911 (delta +0.4058) size 482.3 MB sparsity 26.4%
gen 36 offspring [11/100] k= 17 (used  17.0) c=0.848 alpha=-0.028 beta=+0.413 | loss 3.5100 (delta +0.6247) size 448.7 MB sparsity 26.8%
gen 36 offspring [12/100] k= 36 (used  35.0) c=0.974 alpha=-0.204 beta=+0.047 | loss 2.9966 (delta +0.1113) size 541.2 MB sparsity 14.2%
gen 36 offspring [13/100] k=160 (used 157.5) c=0.985 alpha=-0.048 beta=+0.504 | loss 15.2666 (delta +12.3813) size 595.6 MB sparsity 22.4%
gen 36 offspring [14/100] k= 27 (used  27.0) c=0.927 alpha=-0.204 beta=+0.364 | loss 3.2508 (delta +0.3654) size 487.3 MB sparsity 24.2%
gen 36 offspring [15/100] k= 16 (used  15.0) c=0.970 alpha=-0.198 beta=+0.368 | loss 3.7436 (delta +0.8583) size 445.9 MB sparsity 28.4%
gen 36 offspring [16/100] k= 42 (used  41.0) c=0.989 alpha=-0.210 beta=+0.191 | loss 3.0464 (delta +0.1611) size 539.6 MB sparsity 17.3%
gen 36 offspring [17/100] k= 32 (used  31.0) c=0.970 alpha=-0.230 beta=+0.370 | loss 3.2588 (delta +0.3734) size 484.9 MB sparsity 25.3%
gen 36 offspring [18/100] k= 34 (used  33.0) c=0.974 alpha=-0.223 beta=+0.331 | loss 3.1706 (delta +0.2852) size 488.9 MB sparsity 23.5%
gen 36 offspring [19/100] k= 19 (used  19.0) c=0.994 alpha=-0.309 beta=+0.430 | loss 3.7875 (delta +0.9022) size 471.4 MB sparsity 31.3%
gen 36 offspring [20/100] k= 28 (used  27.0) c=0.996 alpha=-0.145 beta=+0.129 | loss 3.0405 (delta +0.1551) size 496.6 MB sparsity 14.5%
gen 36 offspring [21/100] k= 31 (used  31.0) c=0.993 alpha=-0.003 beta=+0.288 | loss 3.0795 (delta +0.1942) size 496.2 MB sparsity 18.3%
gen 36 offspring [22/100] k= 17 (used  17.0) c=0.861 alpha=-0.161 beta=+0.226 | loss 3.2868 (delta +0.4015) size 460.0 MB sparsity 20.5%
gen 36 offspring [23/100] k= 32 (used  32.0) c=0.931 alpha=-0.233 beta=+0.364 | loss 3.2383 (delta +0.3529) size 485.2 MB sparsity 25.1%
gen 36 offspring [24/100] k= 31 (used  31.0) c=0.931 alpha=-0.240 beta=+0.203 | loss 3.0901 (delta +0.2048) size 496.2 MB sparsity 19.2%
gen 36 offspring [25/100] k= 33 (used  33.0) c=1.000 alpha=-0.197 beta=+0.345 | loss 3.1636 (delta +0.2783) size 489.9 MB sparsity 23.0%
gen 36 offspring [26/100] k= 17 (used  17.0) c=0.992 alpha=-0.244 beta=+0.427 | loss 3.6341 (delta +0.7488) size 443.7 MB sparsity 29.6%
gen 36 offspring [27/100] k=236 (used 236.0) c=0.992 alpha=-0.001 beta=+0.054 | loss 2.8891 (delta +0.0038) size 630.9 MB sparsity 3.1%
gen 36 offspring [28/100] k= 42 (used  42.0) c=0.967 alpha=-0.117 beta=+0.194 | loss 2.9851 (delta +0.0997) size 541.4 MB sparsity 13.8%
gen 36 offspring [29/100] k= 17 (used  17.0) c=0.972 alpha=-0.209 beta=+0.401 | loss 3.5562 (delta +0.6709) size 446.6 MB sparsity 28.0%
gen 36 offspring [30/100] k= 14 (used  14.0) c=0.848 alpha=-0.137 beta=+0.131 | loss 3.6917 (delta +0.8063) size 448.6 MB sparsity 25.2%
gen 36 offspring [31/100] k= 33 (used  33.0) c=0.971 alpha=-0.220 beta=+0.451 | loss 3.3420 (delta +0.4566) size 479.1 MB sparsity 27.9%
gen 36 offspring [32/100] k= 25 (used  25.0) c=0.988 alpha=-0.206 beta=+0.433 | loss 3.3939 (delta +0.5085) size 480.8 MB sparsity 27.1%
gen 36 offspring [33/100] k= 17 (used  17.0) c=0.994 alpha=-0.351 beta=+0.436 | loss 3.8544 (delta +0.9690) size 437.1 MB sparsity 33.3%
gen 36 offspring [34/100] k= 17 (used  17.0) c=0.805 alpha=-0.195 beta=+0.353 | loss 3.4776 (delta +0.5923) size 452.7 MB sparsity 24.6%
gen 36 offspring [35/100] k= 18 (used  17.0) c=0.970 alpha=-0.220 beta=+0.437 | loss 3.6028 (delta +0.7174) size 444.2 MB sparsity 29.3%
gen 36 offspring [36/100] k= 17 (used  17.0) c=0.991 alpha=-0.206 beta=+0.433 | loss 3.6110 (delta +0.7257) size 444.3 MB sparsity 29.3%
gen 36 offspring [37/100] k= 17 (used  17.0) c=0.996 alpha=-0.108 beta=+0.439 | loss 3.6302 (delta +0.7449) size 444.0 MB sparsity 29.5%
gen 36 offspring [38/100] k= 17 (used  17.0) c=0.969 alpha=-0.282 beta=+0.427 | loss 3.6812 (delta +0.7959) size 441.9 MB sparsity 30.6%
gen 36 offspring [39/100] k= 31 (used  31.0) c=0.916 alpha=-0.230 beta=+0.298 | loss 3.1500 (delta +0.2647) size 491.2 MB sparsity 22.4%
gen 36 offspring [40/100] k=121 (used 121.0) c=0.985 alpha=-0.002 beta=+0.002 | loss 2.8942 (delta +0.0089) size 586.1 MB sparsity 3.1%
gen 36 offspring [41/100] k= 17 (used  17.0) c=0.863 alpha=-0.084 beta=+0.225 | loss 3.3012 (delta +0.4159) size 460.0 MB sparsity 20.5%
gen 36 offspring [42/100] k= 33 (used  33.0) c=0.996 alpha=-0.177 beta=+0.044 | loss 2.9936 (delta +0.1083) size 510.7 MB sparsity 13.7%
gen 36 offspring [43/100] k= 17 (used  17.0) c=0.850 alpha=-0.280 beta=+0.226 | loss 3.3796 (delta +0.4942) size 455.4 MB sparsity 23.0%
gen 36 offspring [44/100] k= 42 (used  42.0) c=0.920 alpha=-0.115 beta=+0.127 | loss 2.9527 (delta +0.0673) size 541.4 MB sparsity 11.0%
gen 36 offspring [45/100] k= 16 (used  16.0) c=0.848 alpha=-0.203 beta=+0.279 | loss 3.4212 (delta +0.5358) size 450.4 MB sparsity 23.7%
gen 36 offspring [46/100] k= 64 (used  64.0) c=0.942 alpha=-0.061 beta=+0.071 | loss 2.9142 (delta +0.0288) size 541.4 MB sparsity 6.4%
gen 36 offspring [47/100] k= 17 (used  17.0) c=0.994 alpha=-0.236 beta=+0.223 | loss 3.4136 (delta +0.5282) size 455.4 MB sparsity 23.1%
gen 36 offspring [48/100] k= 14 (used  13.0) c=0.992 alpha=-0.236 beta=+0.439 | loss 4.3687 (delta +1.4833) size 437.2 MB sparsity 33.2%
gen 36 offspring [49/100] k=132 (used 130.5) c=0.992 alpha=-0.000 beta=+0.435 | loss 3.4178 (delta +0.5325) size 606.3 MB sparsity 19.2%
gen 36 offspring [50/100] k= 32 (used  31.0) c=0.996 alpha=-0.064 beta=+0.266 | loss 3.0633 (delta +0.1780) size 496.4 MB sparsity 17.5%
gen 36 offspring [51/100] k= 32 (used  32.0) c=0.845 alpha=-0.108 beta=+0.300 | loss 3.1017 (delta +0.2164) size 496.5 MB sparsity 18.1%
gen 36 offspring [52/100] k= 33 (used  33.0) c=0.959 alpha=-0.134 beta=+0.340 | loss 3.1156 (delta +0.2303) size 495.5 MB sparsity 20.5%
gen 36 offspring [53/100] k= 16 (used  15.0) c=0.970 alpha=-0.210 beta=+0.368 | loss 3.7491 (delta +0.8638) size 445.9 MB sparsity 28.4%
gen 36 offspring [54/100] k= 17 (used  17.0) c=0.969 alpha=-0.176 beta=+0.346 | loss 3.4719 (delta +0.5865) size 450.4 MB sparsity 25.9%
gen 36 offspring [55/100] k= 17 (used  17.0) c=0.926 alpha=-0.121 beta=+0.337 | loss 3.4347 (delta +0.5494) size 451.8 MB sparsity 25.1%
gen 36 offspring [56/100] k= 33 (used  33.0) c=0.942 alpha=-0.075 beta=+0.339 | loss 3.1202 (delta +0.2349) size 497.6 MB sparsity 19.6%
gen 36 offspring [57/100] k= 16 (used  15.0) c=0.994 alpha=-0.206 beta=+0.015 | loss 3.6501 (delta +0.7648) size 448.5 MB sparsity 25.3%
gen 36 offspring [58/100] k= 31 (used  31.0) c=0.901 alpha=-0.223 beta=+0.370 | loss 3.2308 (delta +0.3455) size 485.6 MB sparsity 24.9%
gen 36 offspring [59/100] k= 34 (used  33.0) c=0.974 alpha=-0.282 beta=+0.432 | loss 3.3814 (delta +0.4961) size 475.3 MB sparsity 29.6%
gen 36 offspring [60/100] k= 19 (used  19.0) c=0.849 alpha=-0.043 beta=+0.301 | loss 3.2779 (delta +0.3925) size 492.7 MB sparsity 21.6%
gen 36 offspring [61/100] k= 17 (used  17.0) c=0.949 alpha=-0.308 beta=+0.432 | loss 3.8071 (delta +0.9218) size 440.3 MB sparsity 31.5%
gen 36 offspring [62/100] k= 17 (used  17.0) c=0.994 alpha=-0.376 beta=+0.431 | loss 3.9019 (delta +1.0165) size 435.9 MB sparsity 34.0%
gen 36 offspring [63/100] k= 15 (used  15.0) c=0.853 alpha=-0.197 beta=+0.313 | loss 3.5119 (delta +0.6266) size 449.9 MB sparsity 24.8%
gen 36 offspring [64/100] k= 17 (used  17.0) c=0.847 alpha=-0.203 beta=+0.411 | loss 3.5072 (delta +0.6218) size 448.1 MB sparsity 27.2%
gen 36 offspring [65/100] k=221 (used 219.8) c=0.903 alpha=-0.202 beta=+0.003 | loss 2.9305 (delta +0.0451) size 630.9 MB sparsity 9.3%
gen 36 offspring [66/100] k= 17 (used  17.0) c=0.848 alpha=-0.084 beta=+0.239 | loss 3.2866 (delta +0.4013) size 459.7 MB sparsity 20.7%
gen 36 offspring [67/100] k= 33 (used  33.0) c=0.974 alpha=-0.204 beta=+0.334 | loss 3.1483 (delta +0.2629) size 490.3 MB sparsity 22.8%
gen 36 offspring [68/100] k= 13 (used  13.0) c=0.849 alpha=-0.254 beta=+0.303 | loss 3.8209 (delta +0.9356) size 448.0 MB sparsity 26.8%
gen 36 offspring [69/100] k= 17 (used  17.0) c=0.843 alpha=-0.109 beta=+0.344 | loss 3.3880 (delta +0.5026) size 453.2 MB sparsity 24.3%
gen 36 offspring [70/100] k= 77 (used  77.0) c=0.967 alpha=-0.009 beta=+0.000 | loss 2.9060 (delta +0.0207) size 586.1 MB sparsity 4.8%
gen 36 offspring [71/100] k= 33 (used  33.0) c=0.933 alpha=-0.306 beta=+0.353 | loss 3.3248 (delta +0.4394) size 480.0 MB sparsity 27.5%
gen 36 offspring [72/100] k= 15 (used  15.0) c=0.926 alpha=-0.203 beta=+0.346 | loss 3.6142 (delta +0.7289) size 447.9 MB sparsity 27.0%
gen 36 offspring [73/100] k= 32 (used  31.0) c=0.998 alpha=-0.109 beta=+0.002 | loss 3.0011 (delta +0.1158) size 496.7 MB sparsity 12.4%
gen 36 offspring [74/100] k= 16 (used  16.0) c=0.860 alpha=-0.109 beta=+0.356 | loss 3.5242 (delta +0.6389) size 448.7 MB sparsity 26.4%
gen 36 offspring [75/100] k= 42 (used  42.0) c=0.960 alpha=-0.043 beta=+0.333 | loss 3.0945 (delta +0.2092) size 536.9 MB sparsity 18.3%
gen 36 offspring [76/100] k= 64 (used  64.0) c=0.956 alpha=-0.061 beta=+0.007 | loss 2.9143 (delta +0.0290) size 541.4 MB sparsity 6.0%
gen 36 offspring [77/100] k= 33 (used  33.0) c=0.974 alpha=-0.206 beta=+0.326 | loss 3.1446 (delta +0.2593) size 490.9 MB sparsity 22.6%
gen 36 offspring [78/100] k= 17 (used  17.0) c=0.994 alpha=-0.351 beta=+0.429 | loss 3.8372 (delta +0.9518) size 437.6 MB sparsity 33.0%
gen 36 offspring [79/100] k= 23 (used  23.0) c=0.847 alpha=-0.203 beta=+0.421 | loss 3.3936 (delta +0.5082) size 482.3 MB sparsity 26.4%
gen 36 offspring [80/100] k= 33 (used  33.0) c=0.959 alpha=-0.149 beta=+0.126 | loss 2.9768 (delta +0.0914) size 512.4 MB sparsity 13.0%
gen 36 offspring [81/100] k= 17 (used  17.0) c=0.855 alpha=-0.330 beta=+0.485 | loss 3.9509 (delta +1.0655) size 436.0 MB sparsity 33.9%
gen 36 offspring [82/100] k= 32 (used  32.0) c=0.919 alpha=-0.237 beta=+0.037 | loss 3.0235 (delta +0.1381) size 496.6 MB sparsity 15.9%
gen 36 offspring [83/100] k= 32 (used  32.0) c=0.927 alpha=-0.147 beta=+0.350 | loss 3.1337 (delta +0.2484) size 493.6 MB sparsity 21.4%
gen 36 offspring [84/100] k= 32 (used  32.0) c=0.935 alpha=-0.203 beta=+0.380 | loss 3.2219 (delta +0.3365) size 486.4 MB sparsity 24.6%
gen 36 offspring [85/100] k=156 (used 156.0) c=0.992 alpha=-0.006 beta=+0.032 | loss 2.8901 (delta +0.0047) size 630.9 MB sparsity 2.7%
gen 36 offspring [86/100] k= 14 (used  13.0) c=0.966 alpha=-0.278 beta=+0.290 | loss 4.0523 (delta +1.1670) size 444.9 MB sparsity 28.9%
gen 36 offspring [87/100] k= 17 (used  17.0) c=0.983 alpha=-0.150 beta=+0.445 | loss 3.6531 (delta +0.7677) size 443.8 MB sparsity 29.5%
gen 36 offspring [88/100] k= 17 (used  17.0) c=0.957 alpha=-0.363 beta=+0.388 | loss 3.8973 (delta +1.0120) size 439.6 MB sparsity 31.9%
gen 36 offspring [89/100] k= 17 (used  17.0) c=0.964 alpha=-0.162 beta=+0.423 | loss 3.5980 (delta +0.7127) size 445.6 MB sparsity 28.5%
gen 36 offspring [90/100] k= 32 (used  31.0) c=0.986 alpha=-0.064 beta=+0.272 | loss 3.0646 (delta +0.1792) size 496.4 MB sparsity 17.7%
gen 36 offspring [91/100] k= 17 (used  17.0) c=0.870 alpha=-0.160 beta=+0.313 | loss 3.3998 (delta +0.5144) size 454.6 MB sparsity 23.5%
gen 36 offspring [92/100] k= 19 (used  19.0) c=0.998 alpha=-0.054 beta=+0.194 | loss 3.2854 (delta +0.4000) size 493.2 MB sparsity 20.3%
gen 36 offspring [93/100] k= 32 (used  32.0) c=0.873 alpha=-0.138 beta=+0.300 | loss 3.0946 (delta +0.2093) size 496.2 MB sparsity 19.0%
gen 36 offspring [94/100] k= 17 (used  17.0) c=0.960 alpha=-0.043 beta=+0.426 | loss 3.6287 (delta +0.7434) size 445.5 MB sparsity 28.6%
gen 36 offspring [95/100] k= 34 (used  34.0) c=0.927 alpha=-0.215 beta=+0.125 | loss 3.0146 (delta +0.1293) size 540.9 MB sparsity 15.3%
gen 36 offspring [96/100] k=216 (used 215.9) c=0.992 alpha=-0.092 beta=+0.043 | loss 2.8912 (delta +0.0059) size 630.9 MB sparsity 5.8%
gen 36 offspring [97/100] k= 17 (used  17.0) c=0.848 alpha=-0.201 beta=+0.393 | loss 3.4755 (delta +0.5902) size 449.3 MB sparsity 26.5%
gen 36 offspring [98/100] k= 37 (used  37.0) c=0.970 alpha=-0.214 beta=+0.437 | loss 3.3225 (delta +0.4372) size 513.6 MB sparsity 27.0%
gen 36 offspring [99/100] k= 17 (used  17.0) c=0.964 alpha=-0.197 beta=+0.313 | loss 3.4802 (delta +0.5949) size 452.4 MB sparsity 24.7%
gen 36 offspring [100/100] k= 41 (used  41.0) c=0.969 alpha=-0.281 beta=+0.123 | loss 3.0517 (delta +0.1663) size 539.2 MB sparsity 17.4%
=== generation 36/50 done in 447s (0 reused), batch baseline 2.8854, HV 0.19388, front 100 points, 100/100 feasible, best delta loss +0.0018, smallest 436.7 MB
gen 37 offspring [1/100] k= 60 (used  60.0) c=0.849 alpha=-0.203 beta=+0.081 | loss 2.9603 (delta +0.0749) size 541.4 MB sparsity 12.3%
gen 37 offspring [2/100] k= 21 (used  21.0) c=0.963 alpha=-0.116 beta=+0.331 | loss 3.2940 (delta +0.4086) size 490.2 MB sparsity 22.9%
gen 37 offspring [3/100] k= 17 (used  17.0) c=0.849 alpha=-0.075 beta=+0.080 | loss 3.2723 (delta +0.3869) size 462.1 MB sparsity 19.3%
gen 37 offspring [4/100] k= 50 (used  50.0) c=0.862 alpha=-0.010 beta=+0.036 | loss 2.9392 (delta +0.0538) size 541.4 MB sparsity 6.7%
gen 37 offspring [5/100] k= 17 (used  17.0) c=0.851 alpha=-0.267 beta=+0.055 | loss 3.3497 (delta +0.4644) size 458.0 MB sparsity 21.6%
gen 37 offspring [6/100] k=  8 (used   7.0) c=0.989 alpha=-0.256 beta=+0.430 | loss 11.4031 (delta +8.5177) size 382.1 MB sparsity 52.1%
gen 37 offspring [7/100] k= 17 (used  17.0) c=0.959 alpha=-0.331 beta=+0.126 | loss 3.5603 (delta +0.6749) size 451.5 MB sparsity 25.2%
gen 37 offspring [8/100] k= 30 (used  29.0) c=0.978 alpha=-0.204 beta=+0.368 | loss 3.2271 (delta +0.3417) size 487.0 MB sparsity 24.3%
gen 37 offspring [9/100] k= 32 (used  31.0) c=0.990 alpha=-0.204 beta=+0.300 | loss 3.1554 (delta +0.2701) size 493.0 MB sparsity 21.6%
gen 37 offspring [10/100] k= 33 (used  33.0) c=0.974 alpha=-0.033 beta=+0.334 | loss 3.0977 (delta +0.2123) size 497.5 MB sparsity 19.6%
gen 37 offspring [11/100] k= 17 (used  17.0) c=0.978 alpha=-0.236 beta=+0.431 | loss 3.6278 (delta +0.7425) size 443.9 MB sparsity 29.5%
gen 37 offspring [12/100] k=222 (used 216.8) c=0.991 alpha=-0.299 beta=+0.433 | loss 3.3672 (delta +0.4819) size 567.9 MB sparsity 30.1%
gen 37 offspring [13/100] k=152 (used 150.9) c=0.985 alpha=-0.048 beta=+0.309 | loss 3.0236 (delta +0.1382) size 622.0 MB sparsity 15.0%
gen 37 offspring [14/100] k= 28 (used  27.0) c=0.997 alpha=-0.250 beta=+0.129 | loss 3.1016 (delta +0.2162) size 496.1 MB sparsity 18.0%
gen 37 offspring [15/100] k= 19 (used  19.0) c=0.996 alpha=-0.361 beta=+0.300 | loss 3.6900 (delta +0.8046) size 477.7 MB sparsity 28.5%
gen 37 offspring [16/100] k= 20 (used  19.0) c=0.970 alpha=-0.354 beta=+0.433 | loss 3.8455 (delta +0.9602) size 467.7 MB sparsity 32.9%
gen 37 offspring [17/100] k= 33 (used  33.0) c=0.915 alpha=-0.198 beta=+0.288 | loss 3.1264 (delta +0.2411) size 495.0 MB sparsity 20.7%
gen 37 offspring [18/100] k= 17 (used  17.0) c=0.995 alpha=-0.309 beta=+0.430 | loss 3.7754 (delta +0.8901) size 440.1 MB sparsity 31.6%
gen 37 offspring [19/100] k= 19 (used  19.0) c=0.762 alpha=-0.247 beta=+0.232 | loss 3.4359 (delta +0.5506) size 493.9 MB sparsity 21.2%
gen 37 offspring [20/100] k= 17 (used  17.0) c=0.842 alpha=-0.236 beta=+0.351 | loss 3.4806 (delta +0.5952) size 450.4 MB sparsity 25.8%
gen 37 offspring [21/100] k= 42 (used  41.0) c=0.980 alpha=-0.056 beta=+0.189 | loss 2.9716 (delta +0.0862) size 541.4 MB sparsity 12.8%
gen 37 offspring [22/100] k= 32 (used  32.0) c=0.928 alpha=-0.241 beta=+0.370 | loss 3.2677 (delta +0.3823) size 484.0 MB sparsity 25.7%
gen 37 offspring [23/100] k= 73 (used  73.0) c=0.997 alpha=-0.204 beta=+0.117 | loss 2.9524 (delta +0.0671) size 585.9 MB sparsity 13.7%
gen 37 offspring [24/100] k= 34 (used  33.0) c=0.992 alpha=-0.113 beta=+0.352 | loss 3.1346 (delta +0.2493) size 495.5 MB sparsity 20.5%
gen 37 offspring [25/100] k= 16 (used  15.0) c=0.967 alpha=-0.321 beta=+0.432 | loss 3.9875 (delta +1.1022) size 438.5 MB sparsity 32.5%
gen 37 offspring [26/100] k= 33 (used  33.0) c=0.998 alpha=-0.256 beta=+0.012 | loss 3.0431 (delta +0.1578) size 504.0 MB sparsity 16.7%
gen 37 offspring [27/100] k= 16 (used  15.0) c=0.970 alpha=-0.274 beta=+0.444 | loss 3.8878 (delta +1.0024) size 440.1 MB sparsity 31.6%
gen 37 offspring [28/100] k= 17 (used  17.0) c=0.848 alpha=-0.201 beta=+0.396 | loss 3.4776 (delta +0.5922) size 449.1 MB sparsity 26.6%
gen 37 offspring [29/100] k= 44 (used  44.0) c=0.973 alpha=-0.110 beta=+0.175 | loss 2.9699 (delta +0.0845) size 541.4 MB sparsity 12.7%
gen 37 offspring [30/100] k= 33 (used  33.0) c=0.940 alpha=-0.133 beta=+0.126 | loss 2.9774 (delta +0.0921) size 513.8 MB sparsity 12.3%
gen 37 offspring [31/100] k= 17 (used  17.0) c=0.988 alpha=-0.235 beta=+0.474 | loss 3.7193 (delta +0.8340) size 441.1 MB sparsity 31.0%
gen 37 offspring [32/100] k= 14 (used  13.0) c=0.994 alpha=-0.309 beta=+0.430 | loss 4.4214 (delta +1.5361) size 436.8 MB sparsity 33.4%
gen 37 offspring [33/100] k= 27 (used  27.0) c=0.848 alpha=-0.084 beta=+0.327 | loss 3.1403 (delta +0.2550) size 495.5 MB sparsity 19.7%
gen 37 offspring [34/100] k=125 (used 125.0) c=0.992 alpha=-0.010 beta=+0.002 | loss 2.8905 (delta +0.0052) size 586.1 MB sparsity 3.0%
gen 37 offspring [35/100] k= 17 (used  17.0) c=0.994 alpha=-0.350 beta=+0.435 | loss 3.8481 (delta +0.9627) size 437.2 MB sparsity 33.2%
gen 37 offspring [36/100] k= 32 (used  32.0) c=0.930 alpha=-0.241 beta=+0.000 | loss 3.0355 (delta +0.1502) size 496.6 MB sparsity 16.1%
gen 37 offspring [37/100] k= 81 (used  80.6) c=0.994 alpha=-0.364 beta=+0.071 | loss 3.0920 (delta +0.2067) size 573.7 MB sparsity 18.2%
gen 37 offspring [38/100] k= 16 (used  16.0) c=0.910 alpha=-0.109 beta=+0.037 | loss 3.5358 (delta +0.6505) size 450.0 MB sparsity 23.4%
gen 37 offspring [39/100] k= 49 (used  49.0) c=0.966 alpha=-0.198 beta=+0.126 | loss 2.9901 (delta +0.1048) size 541.4 MB sparsity 14.0%
gen 37 offspring [40/100] k= 17 (used  17.0) c=0.994 alpha=-0.206 beta=+0.424 | loss 3.6029 (delta +0.7176) size 444.8 MB sparsity 29.0%
gen 37 offspring [41/100] k= 42 (used  42.0) c=0.958 alpha=-0.010 beta=+0.435 | loss 3.3121 (delta +0.4267) size 526.5 MB sparsity 22.2%
gen 37 offspring [42/100] k=152 (used 152.0) c=0.970 alpha=-0.048 beta=+0.086 | loss 2.8957 (delta +0.0103) size 630.9 MB sparsity 5.8%
gen 37 offspring [43/100] k= 13 (used  13.0) c=0.849 alpha=-0.040 beta=+0.243 | loss 3.7423 (delta +0.8570) size 448.6 MB sparsity 25.4%
gen 37 offspring [44/100] k= 21 (used  21.0) c=0.849 alpha=-0.210 beta=+0.286 | loss 3.2421 (delta +0.3568) size 492.5 MB sparsity 21.8%
gen 37 offspring [45/100] k= 33 (used  33.0) c=0.993 alpha=-0.210 beta=+0.368 | loss 3.2078 (delta +0.3224) size 486.8 MB sparsity 24.4%
gen 37 offspring [46/100] k= 33 (used  33.0) c=0.959 alpha=-0.076 beta=+0.018 | loss 2.9695 (delta +0.0842) size 516.4 MB sparsity 11.2%
gen 37 offspring [47/100] k= 18 (used  17.0) c=0.997 alpha=-0.009 beta=+0.010 | loss 3.4339 (delta +0.5486) size 456.5 MB sparsity 22.5%
gen 37 offspring [48/100] k= 19 (used  19.0) c=0.931 alpha=-0.061 beta=+0.307 | loss 3.2846 (delta +0.3992) size 490.5 MB sparsity 22.7%
gen 37 offspring [49/100] k= 36 (used  36.0) c=0.926 alpha=-0.259 beta=+0.412 | loss 3.3872 (delta +0.5018) size 511.3 MB sparsity 27.9%
gen 37 offspring [50/100] k= 31 (used  31.0) c=0.928 alpha=-0.172 beta=+0.287 | loss 3.0906 (delta +0.2053) size 495.8 MB sparsity 19.8%
gen 37 offspring [51/100] k= 17 (used  17.0) c=0.919 alpha=-0.109 beta=+0.267 | loss 3.3746 (delta +0.4892) size 456.3 MB sparsity 22.6%
gen 37 offspring [52/100] k= 20 (used  20.0) c=0.923 alpha=-0.301 beta=+0.413 | loss 3.6118 (delta +0.7264) size 473.7 MB sparsity 30.3%
gen 37 offspring [53/100] k= 20 (used  20.0) c=0.851 alpha=-0.076 beta=+0.384 | loss 3.3797 (delta +0.4944) size 486.2 MB sparsity 24.7%
gen 37 offspring [54/100] k= 33 (used  33.0) c=0.997 alpha=-0.138 beta=+0.434 | loss 3.2973 (delta +0.4119) size 487.2 MB sparsity 24.2%
gen 37 offspring [55/100] k= 18 (used  18.0) c=0.822 alpha=-0.251 beta=+0.421 | loss 3.5891 (delta +0.7037) size 477.0 MB sparsity 28.8%
gen 37 offspring [56/100] k= 17 (used  17.0) c=0.924 alpha=-0.335 beta=+0.434 | loss 3.8298 (delta +0.9445) size 438.6 MB sparsity 32.4%
gen 37 offspring [57/100] k= 47 (used  47.0) c=0.960 alpha=-0.254 beta=+0.095 | loss 2.9983 (delta +0.1129) size 541.3 MB sparsity 15.2%
gen 37 offspring [58/100] k= 42 (used  42.0) c=0.959 alpha=-0.075 beta=+0.044 | loss 2.9398 (delta +0.0544) size 541.4 MB sparsity 9.0%
gen 37 offspring [59/100] k= 17 (used  17.0) c=0.992 alpha=-0.009 beta=+0.003 | loss 3.4130 (delta +0.5276) size 456.7 MB sparsity 22.3%
gen 37 offspring [60/100] k= 17 (used  17.0) c=0.845 alpha=-0.206 beta=+0.039 | loss 3.2873 (delta +0.4020) size 461.4 MB sparsity 19.7%
gen 37 offspring [61/100] k= 41 (used  41.0) c=0.997 alpha=-0.048 beta=+0.194 | loss 2.9695 (delta +0.0841) size 541.4 MB sparsity 13.0%
gen 37 offspring [62/100] k= 67 (used  67.0) c=0.976 alpha=-0.009 beta=+0.000 | loss 2.9091 (delta +0.0237) size 586.1 MB sparsity 5.6%
gen 37 offspring [63/100] k= 61 (used  60.7) c=0.925 alpha=-0.208 beta=+0.406 | loss 3.2313 (delta +0.3460) size 517.9 MB sparsity 25.4%
gen 37 offspring [64/100] k= 17 (used  17.0) c=0.994 alpha=-0.306 beta=+0.336 | loss 3.5974 (delta +0.7121) size 446.1 MB sparsity 28.2%
gen 37 offspring [65/100] k= 31 (used  31.0) c=0.973 alpha=-0.210 beta=+0.368 | loss 3.2177 (delta +0.3323) size 486.7 MB sparsity 24.4%
gen 37 offspring [66/100] k= 17 (used  17.0) c=0.968 alpha=-0.282 beta=+0.371 | loss 3.5984 (delta +0.7130) size 445.5 MB sparsity 28.6%
gen 37 offspring [67/100] k=124 (used 123.0) c=0.993 alpha=-0.006 beta=+0.001 | loss 2.8935 (delta +0.0081) size 586.1 MB sparsity 3.1%
gen 37 offspring [68/100] k= 17 (used  17.0) c=0.987 alpha=-0.201 beta=+0.475 | loss 3.7102 (delta +0.8249) size 441.8 MB sparsity 30.7%
gen 37 offspring [69/100] k= 10 (used   9.0) c=0.994 alpha=-0.101 beta=+0.458 | loss 7.3381 (delta +4.4528) size 395.4 MB sparsity 42.1%
gen 37 offspring [70/100] k= 17 (used  17.0) c=0.992 alpha=-0.362 beta=+0.404 | loss 3.8446 (delta +0.9592) size 438.4 MB sparsity 32.5%
gen 37 offspring [71/100] k= 17 (used  17.0) c=0.968 alpha=-0.264 beta=+0.427 | loss 3.6581 (delta +0.7727) size 443.0 MB sparsity 30.0%
gen 37 offspring [72/100] k= 71 (used  70.7) c=0.930 alpha=-0.085 beta=+0.365 | loss 3.1183 (delta +0.2330) size 571.9 MB sparsity 18.8%
gen 37 offspring [73/100] k= 17 (used  17.0) c=0.848 alpha=-0.134 beta=+0.226 | loss 3.2744 (delta +0.3890) size 460.3 MB sparsity 20.3%
gen 37 offspring [74/100] k= 17 (used  17.0) c=0.848 alpha=-0.203 beta=+0.310 | loss 3.3591 (delta +0.4738) size 454.6 MB sparsity 23.5%
gen 37 offspring [75/100] k= 16 (used  15.0) c=0.988 alpha=-0.056 beta=+0.367 | loss 3.7718 (delta +0.8865) size 445.5 MB sparsity 28.6%
gen 37 offspring [76/100] k= 42 (used  41.0) c=0.997 alpha=-0.049 beta=+0.194 | loss 2.9688 (delta +0.0834) size 541.4 MB sparsity 13.0%
gen 37 offspring [77/100] k= 31 (used  31.0) c=0.913 alpha=-0.199 beta=+0.251 | loss 3.0754 (delta +0.1901) size 496.1 MB sparsity 19.4%
gen 37 offspring [78/100] k= 17 (used  17.0) c=0.974 alpha=-0.278 beta=+0.243 | loss 3.4642 (delta +0.5788) size 453.1 MB sparsity 24.3%
gen 37 offspring [79/100] k= 15 (used  15.0) c=0.994 alpha=-0.364 beta=+0.431 | loss 4.1251 (delta +1.2397) size 435.8 MB sparsity 34.0%
gen 37 offspring [80/100] k=216 (used 213.3) c=0.992 alpha=-0.003 beta=+0.394 | loss 3.2556 (delta +0.3703) size 614.6 MB sparsity 17.0%
gen 37 offspring [81/100] k= 16 (used  15.0) c=0.944 alpha=-0.057 beta=+0.415 | loss 3.7712 (delta +0.8859) size 443.7 MB sparsity 29.6%
gen 37 offspring [82/100] k= 33 (used  33.0) c=0.852 alpha=-0.330 beta=+0.433 | loss 3.5398 (delta +0.6544) size 471.2 MB sparsity 31.4%
gen 37 offspring [83/100] k= 23 (used  23.0) c=0.986 alpha=-0.101 beta=+0.387 | loss 3.3335 (delta +0.4481) size 487.0 MB sparsity 24.3%
gen 37 offspring [84/100] k=  9 (used   9.0) c=0.926 alpha=-0.121 beta=+0.406 | loss 6.4129 (delta +3.5275) size 399.1 MB sparsity 39.4%
gen 37 offspring [85/100] k= 17 (used  17.0) c=0.999 alpha=-0.236 beta=+0.126 | loss 3.4370 (delta +0.5517) size 455.7 MB sparsity 22.9%
gen 37 offspring [86/100] k= 17 (used  17.0) c=0.848 alpha=-0.206 beta=+0.361 | loss 3.4239 (delta +0.5386) size 451.2 MB sparsity 25.4%
gen 37 offspring [87/100] k= 17 (used  17.0) c=0.896 alpha=-0.335 beta=+0.434 | loss 3.8896 (delta +1.0043) size 438.8 MB sparsity 32.4%
gen 37 offspring [88/100] k= 16 (used  16.0) c=0.856 alpha=-0.030 beta=+0.131 | loss 3.4104 (delta +0.5251) size 450.6 MB sparsity 22.1%
gen 37 offspring [89/100] k= 19 (used  19.0) c=0.974 alpha=-0.213 beta=+0.414 | loss 3.5006 (delta +0.6153) size 479.7 MB sparsity 27.6%
gen 37 offspring [90/100] k= 31 (used  31.0) c=0.932 alpha=-0.076 beta=+0.088 | loss 2.9824 (delta +0.0970) size 496.7 MB sparsity 11.6%
gen 37 offspring [91/100] k= 76 (used  76.0) c=0.869 alpha=-0.110 beta=+0.197 | loss 2.9605 (delta +0.0751) size 586.0 MB sparsity 13.1%
gen 37 offspring [92/100] k= 14 (used  13.0) c=0.996 alpha=-0.236 beta=+0.447 | loss 4.4086 (delta +1.5232) size 436.6 MB sparsity 33.6%
gen 37 offspring [93/100] k= 17 (used  17.0) c=0.848 alpha=-0.028 beta=+0.334 | loss 3.3712 (delta +0.4858) size 453.8 MB sparsity 24.0%
gen 37 offspring [94/100] k= 33 (used  33.0) c=0.987 alpha=-0.234 beta=+0.368 | loss 3.2391 (delta +0.3538) size 484.8 MB sparsity 25.3%
gen 37 offspring [95/100] k= 64 (used  64.0) c=0.942 alpha=-0.064 beta=+0.071 | loss 2.9146 (delta +0.0293) size 541.4 MB sparsity 6.5%
gen 37 offspring [96/100] k= 16 (used  15.0) c=0.996 alpha=-0.363 beta=+0.163 | loss 3.8185 (delta +0.9331) size 445.6 MB sparsity 28.5%
gen 37 offspring [97/100] k= 91 (used  91.0) c=0.997 alpha=-0.099 beta=+0.067 | loss 2.9045 (delta +0.0191) size 586.1 MB sparsity 7.3%
gen 37 offspring [98/100] k= 54 (used  54.0) c=0.973 alpha=-0.075 beta=+0.044 | loss 2.9240 (delta +0.0386) size 541.4 MB sparsity 7.3%
gen 37 offspring [99/100] k= 17 (used  17.0) c=0.970 alpha=-0.321 beta=+0.432 | loss 3.7741 (delta +0.8888) size 439.4 MB sparsity 32.0%
gen 37 offspring [100/100] k= 43 (used  42.9) c=0.997 alpha=-0.048 beta=+0.462 | loss 4.4595 (delta +1.5741) size 524.0 MB sparsity 23.2%
=== generation 37/50 done in 447s (0 reused), batch baseline 2.8854, HV 0.19392, front 100 points, 100/100 feasible, best delta loss +0.0018, smallest 436.7 MB
gen 38 offspring [1/100] k= 17 (used  17.0) c=0.885 alpha=-0.081 beta=+0.232 | loss 3.3312 (delta +0.4459) size 459.1 MB sparsity 21.0%
gen 38 offspring [2/100] k= 17 (used  17.0) c=0.851 alpha=-0.162 beta=+0.430 | loss 3.5528 (delta +0.6675) size 447.5 MB sparsity 27.5%
gen 38 offspring [3/100] k= 17 (used  17.0) c=0.994 alpha=-0.084 beta=+0.239 | loss 3.4242 (delta +0.5389) size 455.7 MB sparsity 22.9%
gen 38 offspring [4/100] k= 66 (used  66.0) c=0.922 alpha=-0.060 beta=+0.035 | loss 2.9106 (delta +0.0253) size 586.1 MB sparsity 5.7%
gen 38 offspring [5/100] k= 32 (used  32.0) c=0.924 alpha=-0.199 beta=+0.370 | loss 3.1970 (delta +0.3117) size 487.7 MB sparsity 24.0%
gen 38 offspring [6/100] k= 24 (used  24.0) c=0.925 alpha=-0.204 beta=+0.286 | loss 3.1855 (delta +0.3001) size 493.1 MB sparsity 21.6%
gen 38 offspring [7/100] k= 15 (used  15.0) c=0.844 alpha=-0.190 beta=+0.313 | loss 3.5386 (delta +0.6533) size 450.0 MB sparsity 24.7%
gen 38 offspring [8/100] k= 32 (used  31.0) c=0.986 alpha=-0.242 beta=+0.363 | loss 3.2766 (delta +0.3913) size 484.4 MB sparsity 25.5%
gen 38 offspring [9/100] k= 31 (used  31.0) c=0.924 alpha=-0.376 beta=+0.356 | loss 3.4278 (delta +0.5424) size 473.6 MB sparsity 30.3%
gen 38 offspring [10/100] k= 17 (used  17.0) c=0.976 alpha=-0.203 beta=+0.439 | loss 3.6114 (delta +0.7260) size 444.3 MB sparsity 29.3%
gen 38 offspring [11/100] k= 31 (used  31.0) c=0.931 alpha=-0.237 beta=+0.350 | loss 3.2188 (delta +0.3334) size 486.1 MB sparsity 24.7%
gen 38 offspring [12/100] k= 16 (used  15.0) c=0.995 alpha=-0.376 beta=+0.431 | loss 4.0869 (delta +1.2016) size 435.1 MB sparsity 34.4%
gen 38 offspring [13/100] k= 36 (used  36.0) c=0.912 alpha=-0.119 beta=+0.300 | loss 3.0928 (delta +0.2074) size 537.2 MB sparsity 18.2%
gen 38 offspring [14/100] k= 18 (used  18.0) c=0.901 alpha=-0.027 beta=+0.286 | loss 3.3935 (delta +0.5082) size 490.1 MB sparsity 22.9%
gen 38 offspring [15/100] k= 10 (used  10.0) c=0.852 alpha=-0.090 beta=+0.124 | loss 5.6572 (delta +2.7719) size 431.5 MB sparsity 36.4%
gen 38 offspring [16/100] k= 32 (used  31.0) c=0.972 alpha=-0.044 beta=+0.368 | loss 3.1701 (delta +0.2847) size 493.6 MB sparsity 21.3%
gen 38 offspring [17/100] k= 18 (used  18.0) c=0.928 alpha=-0.173 beta=+0.244 | loss 3.3487 (delta +0.4633) size 491.6 MB sparsity 22.0%
gen 38 offspring [18/100] k= 24 (used  24.0) c=0.850 alpha=-0.262 beta=+0.383 | loss 3.4139 (delta +0.5285) size 480.7 MB sparsity 27.2%
gen 38 offspring [19/100] k= 17 (used  17.0) c=0.992 alpha=-0.212 beta=+0.360 | loss 3.5007 (delta +0.6153) size 448.8 MB sparsity 26.7%
gen 38 offspring [20/100] k= 18 (used  17.0) c=0.968 alpha=-0.109 beta=+0.417 | loss 3.5886 (delta +0.7033) size 445.9 MB sparsity 28.4%
gen 38 offspring [21/100] k= 33 (used  33.0) c=0.994 alpha=-0.107 beta=+0.203 | loss 3.0041 (delta +0.1187) size 508.5 MB sparsity 14.7%
gen 38 offspring [22/100] k= 64 (used  64.0) c=0.942 alpha=-0.035 beta=+0.071 | loss 2.9144 (delta +0.0291) size 541.4 MB sparsity 6.2%
gen 38 offspring [23/100] k= 17 (used  17.0) c=0.971 alpha=-0.110 beta=+0.430 | loss 3.5921 (delta +0.7067) size 445.0 MB sparsity 28.9%
gen 38 offspring [24/100] k= 42 (used  41.0) c=0.994 alpha=-0.305 beta=+0.430 | loss 3.4190 (delta +0.5336) size 504.8 MB sparsity 30.3%
gen 38 offspring [25/100] k= 17 (used  17.0) c=0.970 alpha=-0.092 beta=+0.432 | loss 3.5901 (delta +0.7047) size 444.9 MB sparsity 28.9%
gen 38 offspring [26/100] k= 17 (used  17.0) c=0.847 alpha=-0.203 beta=+0.436 | loss 3.5591 (delta +0.6737) size 446.5 MB sparsity 28.0%
gen 38 offspring [27/100] k= 37 (used  37.0) c=0.988 alpha=-0.088 beta=+0.347 | loss 3.1318 (delta +0.2464) size 533.7 MB sparsity 19.5%
gen 38 offspring [28/100] k=115 (used 113.9) c=0.972 alpha=-0.010 beta=+0.406 | loss 3.2985 (delta +0.4131) size 573.7 MB sparsity 18.2%
gen 38 offspring [29/100] k= 33 (used  33.0) c=0.947 alpha=-0.212 beta=+0.031 | loss 3.0080 (delta +0.1226) size 508.5 MB sparsity 14.7%
gen 38 offspring [30/100] k= 36 (used  36.0) c=0.919 alpha=-0.109 beta=+0.037 | loss 2.9639 (delta +0.0786) size 541.4 MB sparsity 10.4%
gen 38 offspring [31/100] k= 17 (used  17.0) c=0.847 alpha=-0.198 beta=+0.312 | loss 3.3607 (delta +0.4754) size 454.6 MB sparsity 23.5%
gen 38 offspring [32/100] k=144 (used 144.0) c=0.985 alpha=-0.048 beta=+0.086 | loss 2.8961 (delta +0.0107) size 630.9 MB sparsity 5.8%
gen 38 offspring [33/100] k= 32 (used  32.0) c=0.903 alpha=-0.207 beta=+0.212 | loss 3.0710 (delta +0.1857) size 496.5 MB sparsity 18.2%
gen 38 offspring [34/100] k= 33 (used  33.0) c=0.996 alpha=-0.134 beta=+0.126 | loss 2.9816 (delta +0.0962) size 513.1 MB sparsity 12.6%
gen 38 offspring [35/100] k= 16 (used  16.0) c=0.848 alpha=-0.003 beta=+0.286 | loss 3.4276 (delta +0.5423) size 450.4 MB sparsity 23.8%
gen 38 offspring [36/100] k= 17 (used  17.0) c=0.975 alpha=-0.219 beta=+0.235 | loss 3.4036 (delta +0.5182) size 456.0 MB sparsity 22.7%
gen 38 offspring [37/100] k= 17 (used  17.0) c=0.930 alpha=-0.206 beta=+0.366 | loss 3.4865 (delta +0.6012) size 449.6 MB sparsity 26.3%
gen 38 offspring [38/100] k= 17 (used  17.0) c=0.994 alpha=-0.287 beta=+0.430 | loss 3.7266 (delta +0.8412) size 441.3 MB sparsity 30.9%
gen 38 offspring [39/100] k= 30 (used  29.0) c=0.968 alpha=-0.109 beta=+0.284 | loss 3.0819 (delta +0.1966) size 496.0 MB sparsity 18.5%
gen 38 offspring [40/100] k= 33 (used  33.0) c=0.969 alpha=-0.193 beta=+0.346 | loss 3.1541 (delta +0.2688) size 490.3 MB sparsity 22.8%
gen 38 offspring [41/100] k= 21 (used  21.0) c=0.862 alpha=-0.092 beta=+0.249 | loss 3.1661 (delta +0.2807) size 495.4 MB sparsity 18.9%
gen 38 offspring [42/100] k=121 (used 121.0) c=0.999 alpha=-0.099 beta=+0.119 | loss 2.9050 (delta +0.0196) size 586.1 MB sparsity 9.3%
gen 38 offspring [43/100] k= 31 (used  31.0) c=0.931 alpha=-0.076 beta=+0.064 | loss 2.9789 (delta +0.0936) size 496.7 MB sparsity 11.5%
gen 38 offspring [44/100] k= 18 (used  18.0) c=0.926 alpha=-0.130 beta=+0.407 | loss 3.5252 (delta +0.6399) size 479.8 MB sparsity 27.5%
gen 38 offspring [45/100] k= 16 (used  15.0) c=0.992 alpha=-0.213 beta=+0.364 | loss 3.7444 (delta +0.8591) size 445.6 MB sparsity 28.5%
gen 38 offspring [46/100] k= 36 (used  36.0) c=0.964 alpha=-0.046 beta=+0.132 | loss 2.9744 (delta +0.0890) size 541.4 MB sparsity 11.5%
gen 38 offspring [47/100] k= 17 (used  17.0) c=0.991 alpha=-0.309 beta=+0.297 | loss 3.5509 (delta +0.6655) size 448.3 MB sparsity 27.0%
gen 38 offspring [48/100] k=127 (used 127.0) c=0.845 alpha=-0.010 beta=+0.002 | loss 2.9165 (delta +0.0311) size 586.1 MB sparsity 2.5%
gen 38 offspring [49/100] k= 31 (used  31.0) c=0.942 alpha=-0.125 beta=+0.087 | loss 2.9841 (delta +0.0988) size 496.7 MB sparsity 12.0%
gen 38 offspring [50/100] k= 18 (used  18.0) c=0.911 alpha=-0.219 beta=+0.437 | loss 3.5903 (delta +0.7050) size 476.8 MB sparsity 28.9%
gen 38 offspring [51/100] k= 16 (used  16.0) c=0.853 alpha=-0.063 beta=+0.297 | loss 3.4600 (delta +0.5746) size 450.1 MB sparsity 24.3%
gen 38 offspring [52/100] k= 33 (used  33.0) c=0.946 alpha=-0.134 beta=+0.122 | loss 2.9762 (delta +0.0908) size 513.9 MB sparsity 12.3%
gen 38 offspring [53/100] k= 17 (used  17.0) c=0.839 alpha=-0.028 beta=+0.226 | loss 3.2938 (delta +0.4085) size 460.6 MB sparsity 20.1%
gen 38 offspring [54/100] k= 18 (used  18.0) c=0.928 alpha=-0.235 beta=+0.481 | loss 3.7220 (delta +0.8366) size 472.3 MB sparsity 30.9%
gen 38 offspring [55/100] k= 17 (used  17.0) c=0.854 alpha=-0.238 beta=+0.369 | loss 3.5132 (delta +0.6278) size 449.0 MB sparsity 26.6%
gen 38 offspring [56/100] k= 17 (used  17.0) c=0.847 alpha=-0.238 beta=+0.411 | loss 3.5713 (delta +0.6860) size 446.4 MB sparsity 28.1%
gen 38 offspring [57/100] k= 17 (used  17.0) c=0.972 alpha=-0.184 beta=+0.327 | loss 3.4661 (delta +0.5808) size 451.4 MB sparsity 25.3%
gen 38 offspring [58/100] k=196 (used 196.0) c=0.992 alpha=-0.003 beta=+0.003 | loss 2.8892 (delta +0.0039) size 630.9 MB sparsity 1.9%
gen 38 offspring [59/100] k= 33 (used  33.0) c=0.959 alpha=-0.076 beta=+0.194 | loss 2.9942 (delta +0.1088) size 509.9 MB sparsity 14.1%
gen 38 offspring [60/100] k= 25 (used  25.0) c=0.970 alpha=-0.308 beta=+0.433 | loss 3.6005 (delta +0.7152) size 472.5 MB sparsity 30.8%
gen 38 offspring [61/100] k= 74 (used  72.3) c=0.996 alpha=-0.350 beta=+0.429 | loss 3.4863 (delta +0.6009) size 530.7 MB sparsity 32.0%
gen 38 offspring [62/100] k=162 (used 161.4) c=0.985 alpha=-0.214 beta=+0.038 | loss 2.9306 (delta +0.0453) size 630.8 MB sparsity 10.7%
gen 38 offspring [63/100] k= 30 (used  30.0) c=0.965 alpha=-0.089 beta=+0.491 | loss 14.1036 (delta +11.2183) size 482.8 MB sparsity 26.2%
gen 38 offspring [64/100] k= 17 (used  17.0) c=0.847 alpha=-0.198 beta=+0.413 | loss 3.5065 (delta +0.6212) size 448.1 MB sparsity 27.1%
gen 38 offspring [65/100] k= 17 (used  17.0) c=0.968 alpha=-0.284 beta=+0.432 | loss 3.6955 (delta +0.8101) size 441.6 MB sparsity 30.8%
gen 38 offspring [66/100] k= 29 (used  29.0) c=0.926 alpha=-0.121 beta=+0.003 | loss 3.0054 (delta +0.1201) size 496.7 MB sparsity 12.5%
gen 38 offspring [67/100] k= 17 (used  17.0) c=0.835 alpha=-0.238 beta=+0.368 | loss 3.5054 (delta +0.6201) size 449.3 MB sparsity 26.5%
gen 38 offspring [68/100] k= 42 (used  41.0) c=0.999 alpha=-0.048 beta=+0.177 | loss 2.9592 (delta +0.0739) size 541.4 MB sparsity 12.4%
gen 38 offspring [69/100] k= 17 (used  17.0) c=0.989 alpha=-0.335 beta=+0.412 | loss 3.8080 (delta +0.9227) size 439.7 MB sparsity 31.9%
gen 38 offspring [70/100] k= 17 (used  17.0) c=0.994 alpha=-0.060 beta=+0.189 | loss 3.4114 (delta +0.5260) size 456.5 MB sparsity 22.4%
gen 38 offspring [71/100] k= 17 (used  17.0) c=0.987 alpha=-0.233 beta=+0.456 | loss 3.7034 (delta +0.8181) size 442.3 MB sparsity 30.4%
gen 38 offspring [72/100] k= 29 (used  29.0) c=0.996 alpha=-0.234 beta=+0.144 | loss 3.0748 (delta +0.1894) size 496.5 MB sparsity 17.2%
gen 38 offspring [73/100] k= 18 (used  17.0) c=0.992 alpha=-0.209 beta=+0.121 | loss 3.4134 (delta +0.5281) size 456.5 MB sparsity 22.4%
gen 38 offspring [74/100] k= 33 (used  33.0) c=0.974 alpha=-0.240 beta=+0.382 | loss 3.2635 (delta +0.3782) size 483.1 MB sparsity 26.1%
gen 38 offspring [75/100] k= 35 (used  35.0) c=0.930 alpha=-0.241 beta=+0.370 | loss 3.3216 (delta +0.4363) size 517.5 MB sparsity 25.6%
gen 38 offspring [76/100] k= 42 (used  42.0) c=0.931 alpha=-0.043 beta=+0.126 | loss 2.9489 (delta +0.0635) size 541.4 MB sparsity 10.1%
gen 38 offspring [77/100] k= 16 (used  16.0) c=0.853 alpha=-0.203 beta=+0.356 | loss 3.5044 (delta +0.6191) size 448.8 MB sparsity 26.4%
gen 38 offspring [78/100] k= 17 (used  17.0) c=0.958 alpha=-0.236 beta=+0.435 | loss 3.6616 (delta +0.7762) size 443.9 MB sparsity 29.5%
gen 38 offspring [79/100] k= 34 (used  34.0) c=0.830 alpha=-0.088 beta=+0.335 | loss 3.1316 (delta +0.2462) size 535.6 MB sparsity 18.8%
gen 38 offspring [80/100] k= 32 (used  32.0) c=0.857 alpha=-0.241 beta=+0.267 | loss 3.1998 (delta +0.3145) size 493.0 MB sparsity 21.6%
gen 38 offspring [81/100] k= 17 (used  17.0) c=0.926 alpha=-0.218 beta=+0.365 | loss 3.4799 (delta +0.5945) size 449.4 MB sparsity 26.4%
gen 38 offspring [82/100] k= 31 (used  31.0) c=0.932 alpha=-0.172 beta=+0.009 | loss 2.9914 (delta +0.1060) size 496.7 MB sparsity 13.5%
gen 38 offspring [83/100] k= 16 (used  16.0) c=0.848 alpha=-0.196 beta=+0.211 | loss 3.3862 (delta +0.5008) size 450.7 MB sparsity 22.1%
gen 38 offspring [84/100] k= 32 (used  32.0) c=0.916 alpha=-0.228 beta=+0.378 | loss 3.2450 (delta +0.3596) size 484.4 MB sparsity 25.5%
gen 38 offspring [85/100] k= 17 (used  17.0) c=0.888 alpha=-0.039 beta=+0.335 | loss 3.4120 (delta +0.5266) size 452.9 MB sparsity 24.5%
gen 38 offspring [86/100] k= 31 (used  31.0) c=0.932 alpha=-0.239 beta=+0.374 | loss 3.2616 (delta +0.3762) size 483.8 MB sparsity 25.8%
gen 38 offspring [87/100] k= 32 (used  32.0) c=0.925 alpha=-0.200 beta=+0.305 | loss 3.1316 (delta +0.2463) size 493.1 MB sparsity 21.6%
gen 38 offspring [88/100] k= 11 (used  11.0) c=0.985 alpha=-0.209 beta=+0.401 | loss 5.1039 (delta +2.2185) size 433.6 MB sparsity 35.2%
gen 38 offspring [89/100] k= 34 (used  34.0) c=0.848 alpha=-0.233 beta=+0.239 | loss 3.1708 (delta +0.2855) size 532.2 MB sparsity 20.1%
gen 38 offspring [90/100] k= 17 (used  17.0) c=0.994 alpha=-0.206 beta=+0.439 | loss 3.6156 (delta +0.7302) size 443.9 MB sparsity 29.5%
gen 38 offspring [91/100] k= 41 (used  41.0) c=0.929 alpha=-0.038 beta=+0.370 | loss 3.1712 (delta +0.2858) size 533.5 MB sparsity 19.6%
gen 38 offspring [92/100] k=216 (used 216.0) c=0.992 alpha=-0.010 beta=+0.009 | loss 2.8871 (delta +0.0018) size 630.9 MB sparsity 1.8%
gen 38 offspring [93/100] k= 18 (used  17.0) c=0.944 alpha=-0.281 beta=+0.040 | loss 3.4415 (delta +0.5561) size 454.9 MB sparsity 23.3%
gen 38 offspring [94/100] k= 42 (used  42.0) c=0.958 alpha=-0.075 beta=+0.189 | loss 2.9721 (delta +0.0868) size 541.4 MB sparsity 12.7%
gen 38 offspring [95/100] k= 17 (used  17.0) c=0.843 alpha=-0.206 beta=+0.345 | loss 3.3979 (delta +0.5125) size 452.3 MB sparsity 24.8%
gen 38 offspring [96/100] k= 18 (used  17.0) c=0.974 alpha=-0.075 beta=+0.301 | loss 3.4443 (delta +0.5590) size 453.0 MB sparsity 24.4%
gen 38 offspring [97/100] k= 33 (used  33.0) c=0.960 alpha=-0.264 beta=+0.126 | loss 3.0466 (delta +0.1613) size 502.7 MB sparsity 17.3%
gen 38 offspring [98/100] k= 17 (used  17.0) c=0.836 alpha=-0.193 beta=+0.413 | loss 3.5182 (delta +0.6329) size 448.4 MB sparsity 27.0%
gen 38 offspring [99/100] k=125 (used 123.7) c=0.984 alpha=-0.048 beta=+0.415 | loss 3.2913 (delta +0.4060) size 570.9 MB sparsity 19.2%
gen 38 offspring [100/100] k= 33 (used  33.0) c=0.995 alpha=-0.057 beta=+0.044 | loss 2.9795 (delta +0.0942) size 515.5 MB sparsity 11.6%
=== generation 38/50 done in 447s (0 reused), batch baseline 2.8854, HV 0.19392, front 100 points, 100/100 feasible, best delta loss +0.0018, smallest 436.7 MB
gen 39 offspring [1/100] k= 17 (used  17.0) c=0.839 alpha=-0.055 beta=+0.267 | loss 3.3202 (delta +0.4348) size 458.2 MB sparsity 21.5%
gen 39 offspring [2/100] k= 32 (used  32.0) c=0.909 alpha=-0.198 beta=+0.212 | loss 3.0546 (delta +0.1693) size 496.6 MB sparsity 17.8%
gen 39 offspring [3/100] k= 17 (used  17.0) c=0.969 alpha=-0.295 beta=+0.392 | loss 3.6659 (delta +0.7805) size 443.4 MB sparsity 29.8%
gen 39 offspring [4/100] k= 32 (used  32.0) c=0.866 alpha=-0.109 beta=+0.037 | loss 2.9792 (delta +0.0939) size 496.7 MB sparsity 11.0%
gen 39 offspring [5/100] k= 17 (used  17.0) c=0.926 alpha=-0.121 beta=+0.412 | loss 3.5457 (delta +0.6604) size 447.1 MB sparsity 27.7%
gen 39 offspring [6/100] k= 17 (used  17.0) c=0.847 alpha=-0.136 beta=+0.077 | loss 3.2791 (delta +0.3938) size 462.2 MB sparsity 19.3%
gen 39 offspring [7/100] k= 17 (used  17.0) c=0.965 alpha=-0.335 beta=+0.434 | loss 3.8232 (delta +0.9378) size 438.4 MB sparsity 32.6%
gen 39 offspring [8/100] k= 17 (used  17.0) c=0.994 alpha=-0.308 beta=+0.411 | loss 3.7384 (delta +0.8530) size 441.3 MB sparsity 30.9%
gen 39 offspring [9/100] k= 15 (used  15.0) c=0.995 alpha=-0.172 beta=+0.381 | loss 3.7645 (delta +0.8791) size 444.6 MB sparsity 29.1%
gen 39 offspring [10/100] k=149 (used 149.0) c=0.985 alpha=-0.048 beta=+0.006 | loss 2.8909 (delta +0.0056) size 630.9 MB sparsity 3.4%
gen 39 offspring [11/100] k= 32 (used  31.0) c=0.979 alpha=-0.351 beta=+0.430 | loss 3.5588 (delta +0.6734) size 469.4 MB sparsity 32.2%
gen 39 offspring [12/100] k= 16 (used  16.0) c=0.848 alpha=-0.115 beta=+0.248 | loss 3.4062 (delta +0.5209) size 450.7 MB sparsity 22.7%
gen 39 offspring [13/100] k= 17 (used  17.0) c=0.994 alpha=-0.351 beta=+0.279 | loss 3.5862 (delta +0.7008) size 446.7 MB sparsity 27.9%
gen 39 offspring [14/100] k= 17 (used  17.0) c=0.960 alpha=-0.308 beta=+0.117 | loss 3.5138 (delta +0.6285) size 452.9 MB sparsity 24.4%
gen 39 offspring [15/100] k= 17 (used  17.0) c=0.912 alpha=-0.235 beta=+0.373 | loss 3.5420 (delta +0.6566) size 448.4 MB sparsity 27.0%
gen 39 offspring [16/100] k= 18 (used  18.0) c=0.864 alpha=-0.254 beta=+0.264 | loss 3.3905 (delta +0.5052) size 489.0 MB sparsity 23.4%
gen 39 offspring [17/100] k=127 (used 126.8) c=0.997 alpha=-0.048 beta=+0.197 | loss 2.9283 (delta +0.0430) size 586.1 MB sparsity 10.5%
gen 39 offspring [18/100] k= 34 (used  33.0) c=0.974 alpha=-0.202 beta=+0.483 | loss 3.3998 (delta +0.5144) size 478.0 MB sparsity 28.4%
gen 39 offspring [19/100] k= 33 (used  33.0) c=0.846 alpha=-0.203 beta=+0.423 | loss 3.3063 (delta +0.4210) size 483.1 MB sparsity 26.1%
gen 39 offspring [20/100] k= 28 (used  27.0) c=0.974 alpha=-0.101 beta=+0.129 | loss 3.0477 (delta +0.1624) size 496.6 MB sparsity 13.9%
gen 39 offspring [21/100] k= 17 (used  17.0) c=0.851 alpha=-0.017 beta=+0.289 | loss 3.3364 (delta +0.4511) size 456.6 MB sparsity 22.4%
gen 39 offspring [22/100] k= 32 (used  32.0) c=0.868 alpha=-0.241 beta=+0.347 | loss 3.2468 (delta +0.3615) size 486.1 MB sparsity 24.7%
gen 39 offspring [23/100] k= 31 (used  31.0) c=0.974 alpha=-0.204 beta=+0.326 | loss 3.1688 (delta +0.2835) size 490.9 MB sparsity 22.6%
gen 39 offspring [24/100] k=194 (used 194.0) c=0.993 alpha=-0.026 beta=+0.003 | loss 2.8892 (delta +0.0039) size 630.9 MB sparsity 2.2%
gen 39 offspring [25/100] k=232 (used 231.0) c=0.998 alpha=-0.003 beta=+0.008 | loss 2.8900 (delta +0.0046) size 630.9 MB sparsity 1.6%
gen 39 offspring [26/100] k= 16 (used  15.0) c=0.970 alpha=-0.326 beta=+0.442 | loss 3.9978 (delta +1.1124) size 437.5 MB sparsity 33.1%
gen 39 offspring [27/100] k= 36 (used  35.0) c=0.986 alpha=-0.126 beta=+0.128 | loss 2.9730 (delta +0.0876) size 541.4 MB sparsity 12.1%
gen 39 offspring [28/100] k= 40 (used  40.0) c=0.855 alpha=-0.056 beta=+0.126 | loss 2.9542 (delta +0.0689) size 541.4 MB sparsity 9.9%
gen 39 offspring [29/100] k= 17 (used  17.0) c=0.987 alpha=-0.091 beta=+0.439 | loss 3.6302 (delta +0.7449) size 444.1 MB sparsity 29.4%
gen 39 offspring [30/100] k= 17 (used  17.0) c=0.848 alpha=-0.120 beta=+0.206 | loss 3.2718 (delta +0.3865) size 461.3 MB sparsity 19.8%
gen 39 offspring [31/100] k= 13 (used  13.0) c=0.851 alpha=-0.329 beta=+0.433 | loss 4.0687 (delta +1.1834) size 437.7 MB sparsity 32.9%
gen 39 offspring [32/100] k= 33 (used  33.0) c=0.908 alpha=-0.274 beta=+0.219 | loss 3.1480 (delta +0.2626) size 494.4 MB sparsity 21.0%
gen 39 offspring [33/100] k= 17 (used  17.0) c=0.995 alpha=-0.337 beta=+0.226 | loss 3.5630 (delta +0.6776) size 449.8 MB sparsity 26.2%
gen 39 offspring [34/100] k= 17 (used  17.0) c=0.970 alpha=-0.204 beta=+0.369 | loss 3.4953 (delta +0.6100) size 448.7 MB sparsity 26.8%
gen 39 offspring [35/100] k=123 (used 121.8) c=0.972 alpha=-0.110 beta=+0.408 | loss 3.1803 (delta +0.2949) size 563.8 MB sparsity 21.4%
gen 39 offspring [36/100] k= 34 (used  33.0) c=0.993 alpha=-0.223 beta=+0.332 | loss 3.1853 (delta +0.2999) size 488.8 MB sparsity 23.5%
gen 39 offspring [37/100] k= 16 (used  15.0) c=0.970 alpha=-0.336 beta=+0.423 | loss 3.9724 (delta +1.0870) size 438.1 MB sparsity 32.7%
gen 39 offspring [38/100] k= 33 (used  33.0) c=0.974 alpha=-0.253 beta=+0.326 | loss 3.2023 (delta +0.3170) size 486.8 MB sparsity 24.4%
gen 39 offspring [39/100] k= 32 (used  32.0) c=0.919 alpha=-0.109 beta=+0.032 | loss 2.9752 (delta +0.0898) size 496.7 MB sparsity 11.5%
gen 39 offspring [40/100] k= 32 (used  32.0) c=0.916 alpha=-0.097 beta=+0.425 | loss 3.2741 (delta +0.3887) size 489.8 MB sparsity 23.1%
gen 39 offspring [41/100] k= 18 (used  17.0) c=0.995 alpha=-0.220 beta=+0.437 | loss 3.6316 (delta +0.7463) size 443.7 MB sparsity 29.6%
gen 39 offspring [42/100] k= 28 (used  28.0) c=0.848 alpha=-0.101 beta=+0.129 | loss 3.0083 (delta +0.1229) size 496.7 MB sparsity 12.5%
gen 39 offspring [43/100] k= 26 (used  26.0) c=0.933 alpha=-0.281 beta=+0.423 | loss 3.4833 (delta +0.5979) size 475.7 MB sparsity 29.4%
gen 39 offspring [44/100] k= 35 (used  35.0) c=0.974 alpha=-0.240 beta=+0.377 | loss 3.2768 (delta +0.3914) size 516.8 MB sparsity 25.8%
gen 39 offspring [45/100] k=223 (used 223.0) c=0.991 alpha=-0.017 beta=+0.009 | loss 2.8902 (delta +0.0048) size 630.9 MB sparsity 1.7%
gen 39 offspring [46/100] k= 17 (used  17.0) c=0.960 alpha=-0.323 beta=+0.379 | loss 3.7855 (delta +0.9001) size 442.6 MB sparsity 30.2%
gen 39 offspring [47/100] k= 33 (used  33.0) c=0.986 alpha=-0.234 beta=+0.368 | loss 3.2369 (delta +0.3516) size 484.8 MB sparsity 25.3%
gen 39 offspring [48/100] k= 17 (used  17.0) c=0.848 alpha=-0.108 beta=+0.239 | loss 3.2866 (delta +0.4013) size 459.7 MB sparsity 20.7%
gen 39 offspring [49/100] k= 17 (used  17.0) c=0.828 alpha=-0.201 beta=+0.429 | loss 3.5530 (delta +0.6677) size 447.3 MB sparsity 27.6%
gen 39 offspring [50/100] k= 12 (used  11.0) c=0.910 alpha=-0.064 beta=+0.335 | loss 4.4263 (delta +1.5409) size 439.1 MB sparsity 32.2%
gen 39 offspring [51/100] k= 31 (used  31.0) c=0.911 alpha=-0.198 beta=+0.295 | loss 3.1104 (delta +0.2251) size 494.2 MB sparsity 21.1%
gen 39 offspring [52/100] k= 33 (used  33.0) c=0.959 alpha=-0.139 beta=+0.280 | loss 3.0582 (delta +0.1729) size 500.3 MB sparsity 18.4%
gen 39 offspring [53/100] k= 17 (used  17.0) c=0.993 alpha=-0.284 beta=+0.432 | loss 3.7110 (delta +0.8257) size 441.4 MB sparsity 30.9%
gen 39 offspring [54/100] k= 17 (used  17.0) c=0.969 alpha=-0.243 beta=+0.430 | loss 3.6216 (delta +0.7363) size 443.8 MB sparsity 29.5%
gen 39 offspring [55/100] k=216 (used 216.0) c=0.843 alpha=-0.021 beta=+0.006 | loss 2.9113 (delta +0.0259) size 630.9 MB sparsity 1.7%
gen 39 offspring [56/100] k= 17 (used  17.0) c=0.852 alpha=-0.335 beta=+0.474 | loss 3.9008 (delta +1.0154) size 436.4 MB sparsity 33.7%
gen 39 offspring [57/100] k= 17 (used  17.0) c=0.991 alpha=-0.220 beta=+0.368 | loss 3.5163 (delta +0.6310) size 448.1 MB sparsity 27.1%
gen 39 offspring [58/100] k= 17 (used  17.0) c=0.849 alpha=-0.039 beta=+0.203 | loss 3.2708 (delta +0.3854) size 461.4 MB sparsity 19.7%
gen 39 offspring [59/100] k= 31 (used  31.0) c=0.928 alpha=-0.058 beta=+0.458 | loss 3.3869 (delta +0.5016) size 486.9 MB sparsity 24.4%
gen 39 offspring [60/100] k= 42 (used  42.0) c=0.950 alpha=-0.043 beta=+0.389 | loss 3.2028 (delta +0.3174) size 531.2 MB sparsity 20.5%
gen 39 offspring [61/100] k= 31 (used  31.0) c=0.997 alpha=-0.363 beta=+0.436 | loss 3.6238 (delta +0.7384) size 467.9 MB sparsity 32.9%
gen 39 offspring [62/100] k= 18 (used  17.0) c=0.994 alpha=-0.066 beta=+0.490 | loss 7.0876 (delta +4.2022) size 440.8 MB sparsity 31.2%
gen 39 offspring [63/100] k= 41 (used  41.0) c=0.992 alpha=-0.010 beta=+0.003 | loss 2.9409 (delta +0.0556) size 541.4 MB sparsity 9.3%
gen 39 offspring [64/100] k= 70 (used  69.0) c=0.997 alpha=-0.101 beta=+0.113 | loss 2.9165 (delta +0.0312) size 586.1 MB sparsity 9.4%
gen 39 offspring [65/100] k= 17 (used  17.0) c=0.960 alpha=-0.123 beta=+0.125 | loss 3.4104 (delta +0.5250) size 457.9 MB sparsity 21.7%
gen 39 offspring [66/100] k= 29 (used  29.0) c=0.997 alpha=-0.344 beta=+0.350 | loss 3.4368 (delta +0.5514) size 476.6 MB sparsity 29.0%
gen 39 offspring [67/100] k= 16 (used  15.0) c=0.950 alpha=-0.295 beta=+0.457 | loss 3.9642 (delta +1.0788) size 438.5 MB sparsity 32.5%
gen 39 offspring [68/100] k= 16 (used  16.0) c=0.906 alpha=-0.200 beta=+0.353 | loss 3.5960 (delta +0.7107) size 448.0 MB sparsity 26.9%
gen 39 offspring [69/100] k= 33 (used  33.0) c=0.942 alpha=-0.061 beta=+0.071 | loss 2.9774 (delta +0.0921) size 516.9 MB sparsity 11.0%
gen 39 offspring [70/100] k= 19 (used  19.0) c=0.849 alpha=-0.161 beta=+0.226 | loss 3.2188 (delta +0.3335) size 495.1 MB sparsity 19.0%
gen 39 offspring [71/100] k= 42 (used  41.0) c=0.995 alpha=-0.048 beta=+0.191 | loss 2.9692 (delta +0.0839) size 541.4 MB sparsity 12.9%
gen 39 offspring [72/100] k= 16 (used  16.0) c=0.849 alpha=-0.033 beta=+0.275 | loss 3.4246 (delta +0.5393) size 450.5 MB sparsity 23.5%
gen 39 offspring [73/100] k= 17 (used  17.0) c=0.956 alpha=-0.305 beta=+0.428 | loss 3.7983 (delta +0.9129) size 440.7 MB sparsity 31.3%
gen 39 offspring [74/100] k= 18 (used  17.0) c=0.953 alpha=-0.205 beta=+0.393 | loss 3.5747 (delta +0.6894) size 447.5 MB sparsity 27.5%
gen 39 offspring [75/100] k= 17 (used  17.0) c=0.860 alpha=-0.319 beta=+0.238 | loss 3.5069 (delta +0.6215) size 452.2 MB sparsity 24.9%
gen 39 offspring [76/100] k= 17 (used  17.0) c=0.968 alpha=-0.273 beta=+0.428 | loss 3.6753 (delta +0.7900) size 442.4 MB sparsity 30.3%
gen 39 offspring [77/100] k= 17 (used  17.0) c=0.994 alpha=-0.350 beta=+0.425 | loss 3.8385 (delta +0.9531) size 437.8 MB sparsity 32.9%
gen 39 offspring [78/100] k= 17 (used  17.0) c=0.994 alpha=-0.236 beta=+0.432 | loss 3.6195 (delta +0.7341) size 443.6 MB sparsity 29.6%
gen 39 offspring [79/100] k= 32 (used  31.0) c=0.974 alpha=-0.195 beta=+0.343 | loss 3.1741 (delta +0.2887) size 490.2 MB sparsity 22.9%
gen 39 offspring [80/100] k= 17 (used  17.0) c=0.846 alpha=-0.162 beta=+0.415 | loss 3.5200 (delta +0.6346) size 448.6 MB sparsity 26.9%
gen 39 offspring [81/100] k= 32 (used  32.0) c=0.847 alpha=-0.203 beta=+0.425 | loss 3.3216 (delta +0.4363) size 482.9 MB sparsity 26.2%
gen 39 offspring [82/100] k= 17 (used  17.0) c=0.997 alpha=-0.010 beta=+0.001 | loss 3.4348 (delta +0.5495) size 456.5 MB sparsity 22.5%
gen 39 offspring [83/100] k= 17 (used  17.0) c=0.974 alpha=-0.363 beta=+0.429 | loss 3.8937 (delta +1.0083) size 436.9 MB sparsity 33.4%
gen 39 offspring [84/100] k= 17 (used  17.0) c=0.849 alpha=-0.043 beta=+0.258 | loss 3.2941 (delta +0.4088) size 458.6 MB sparsity 21.3%
gen 39 offspring [85/100] k= 17 (used  17.0) c=0.848 alpha=-0.028 beta=+0.334 | loss 3.3721 (delta +0.4868) size 453.8 MB sparsity 24.0%
gen 39 offspring [86/100] k=152 (used 152.0) c=0.985 alpha=-0.048 beta=+0.037 | loss 2.8906 (delta +0.0053) size 630.9 MB sparsity 3.8%
gen 39 offspring [87/100] k= 17 (used  17.0) c=0.862 alpha=-0.169 beta=+0.335 | loss 3.3983 (delta +0.5130) size 453.4 MB sparsity 24.2%
gen 39 offspring [88/100] k= 17 (used  17.0) c=0.970 alpha=-0.236 beta=+0.439 | loss 3.6296 (delta +0.7442) size 443.5 MB sparsity 29.7%
gen 39 offspring [89/100] k= 61 (used  61.0) c=0.942 alpha=-0.061 beta=+0.071 | loss 2.9238 (delta +0.0384) size 541.4 MB sparsity 6.5%
gen 39 offspring [90/100] k= 17 (used  17.0) c=0.995 alpha=-0.203 beta=+0.287 | loss 3.4618 (delta +0.5765) size 453.2 MB sparsity 24.3%
gen 39 offspring [91/100] k= 16 (used  15.0) c=0.967 alpha=-0.239 beta=+0.350 | loss 3.7528 (delta +0.8675) size 446.8 MB sparsity 27.8%
gen 39 offspring [92/100] k= 33 (used  33.0) c=0.959 alpha=-0.134 beta=+0.132 | loss 2.9748 (delta +0.0895) size 513.2 MB sparsity 12.6%
gen 39 offspring [93/100] k= 71 (used  71.0) c=0.997 alpha=-0.099 beta=+0.119 | loss 2.9181 (delta +0.0328) size 586.1 MB sparsity 9.5%
gen 39 offspring [94/100] k= 19 (used  19.0) c=0.994 alpha=-0.351 beta=+0.436 | loss 3.9305 (delta +1.0451) size 467.6 MB sparsity 33.0%
gen 39 offspring [95/100] k= 17 (used  17.0) c=0.995 alpha=-0.004 beta=+0.226 | loss 3.4375 (delta +0.5522) size 456.0 MB sparsity 22.7%
gen 39 offspring [96/100] k= 35 (used  35.0) c=0.974 alpha=-0.204 beta=+0.326 | loss 3.1630 (delta +0.2776) size 525.9 MB sparsity 22.4%
gen 39 offspring [97/100] k= 16 (used  16.0) c=0.814 alpha=-0.064 beta=+0.212 | loss 3.4113 (delta +0.5260) size 451.1 MB sparsity 21.3%
gen 39 offspring [98/100] k=216 (used 215.2) c=0.844 alpha=-0.161 beta=+0.003 | loss 2.9292 (delta +0.0438) size 630.9 MB sparsity 7.6%
gen 39 offspring [99/100] k= 25 (used  25.0) c=0.925 alpha=-0.224 beta=+0.335 | loss 3.2545 (delta +0.3692) size 487.8 MB sparsity 23.9%
gen 39 offspring [100/100] k= 17 (used  17.0) c=0.859 alpha=-0.084 beta=+0.411 | loss 3.5286 (delta +0.6432) size 448.6 MB sparsity 26.9%
=== generation 39/50 done in 447s (0 reused), batch baseline 2.8854, HV 0.19400, front 100 points, 100/100 feasible, best delta loss +0.0018, smallest 436.7 MB
gen 40 offspring [1/100] k= 24 (used  24.0) c=0.931 alpha=-0.241 beta=+0.369 | loss 3.3357 (delta +0.4504) size 483.1 MB sparsity 26.0%
gen 40 offspring [2/100] k= 17 (used  17.0) c=0.992 alpha=-0.016 beta=+0.023 | loss 3.4139 (delta +0.5285) size 456.7 MB sparsity 22.3%
gen 40 offspring [3/100] k= 42 (used  41.0) c=0.997 alpha=-0.066 beta=+0.191 | loss 2.9667 (delta +0.0814) size 541.4 MB sparsity 12.9%
gen 40 offspring [4/100] k=170 (used 170.0) c=0.970 alpha=-0.048 beta=+0.032 | loss 2.8922 (delta +0.0069) size 630.9 MB sparsity 3.6%
gen 40 offspring [5/100] k= 15 (used  15.0) c=0.925 alpha=-0.206 beta=+0.297 | loss 3.5810 (delta +0.6956) size 449.2 MB sparsity 25.4%
gen 40 offspring [6/100] k= 17 (used  17.0) c=0.972 alpha=-0.211 beta=+0.417 | loss 3.5845 (delta +0.6992) size 445.6 MB sparsity 28.5%
gen 40 offspring [7/100] k= 17 (used  17.0) c=0.994 alpha=-0.203 beta=+0.153 | loss 3.4240 (delta +0.5386) size 456.5 MB sparsity 22.5%
gen 40 offspring [8/100] k= 16 (used  16.0) c=0.888 alpha=-0.208 beta=+0.408 | loss 3.6372 (delta +0.7519) size 445.4 MB sparsity 28.6%
gen 40 offspring [9/100] k=124 (used 123.0) c=0.990 alpha=-0.022 beta=+0.374 | loss 3.1826 (delta +0.2973) size 577.8 MB sparsity 17.0%
gen 40 offspring [10/100] k= 35 (used  35.0) c=0.919 alpha=-0.386 beta=+0.030 | loss 3.1627 (delta +0.2774) size 530.0 MB sparsity 20.9%
gen 40 offspring [11/100] k= 64 (used  64.0) c=0.943 alpha=-0.063 beta=+0.072 | loss 2.9145 (delta +0.0291) size 541.4 MB sparsity 6.5%
gen 40 offspring [12/100] k= 31 (used  31.0) c=0.932 alpha=-0.253 beta=+0.350 | loss 3.2347 (delta +0.3493) size 484.7 MB sparsity 25.4%
gen 40 offspring [13/100] k= 17 (used  17.0) c=0.979 alpha=-0.275 beta=+0.423 | loss 3.6859 (delta +0.8005) size 442.6 MB sparsity 30.2%
gen 40 offspring [14/100] k= 17 (used  17.0) c=0.852 alpha=-0.335 beta=+0.433 | loss 3.8066 (delta +0.9212) size 439.0 MB sparsity 32.2%
gen 40 offspring [15/100] k= 41 (used  41.0) c=0.990 alpha=-0.234 beta=+0.416 | loss 3.2983 (delta +0.4129) size 513.7 MB sparsity 27.0%
gen 40 offspring [16/100] k= 17 (used  17.0) c=0.976 alpha=-0.320 beta=+0.292 | loss 3.5662 (delta +0.6809) size 448.0 MB sparsity 27.2%
gen 40 offspring [17/100] k= 19 (used  19.0) c=0.997 alpha=-0.239 beta=+0.345 | loss 3.4643 (delta +0.5789) size 483.4 MB sparsity 25.9%
gen 40 offspring [18/100] k= 16 (used  16.0) c=0.845 alpha=-0.141 beta=+0.286 | loss 3.4471 (delta +0.5618) size 450.4 MB sparsity 23.8%
gen 40 offspring [19/100] k= 17 (used  17.0) c=0.848 alpha=-0.209 beta=+0.287 | loss 3.3373 (delta +0.4520) size 455.8 MB sparsity 22.8%
gen 40 offspring [20/100] k= 31 (used  31.0) c=0.920 alpha=-0.194 beta=+0.288 | loss 3.1044 (delta +0.2190) size 494.9 MB sparsity 20.7%
gen 40 offspring [21/100] k= 17 (used  17.0) c=0.922 alpha=-0.121 beta=+0.418 | loss 3.5683 (delta +0.6829) size 446.8 MB sparsity 27.9%
gen 40 offspring [22/100] k= 32 (used  32.0) c=0.929 alpha=-0.172 beta=+0.287 | loss 3.0929 (delta +0.2075) size 495.8 MB sparsity 19.8%
gen 40 offspring [23/100] k= 17 (used  17.0) c=0.862 alpha=-0.085 beta=+0.266 | loss 3.3184 (delta +0.4331) size 457.8 MB sparsity 21.7%
gen 40 offspring [24/100] k= 17 (used  17.0) c=0.973 alpha=-0.244 beta=+0.369 | loss 3.5449 (delta +0.6595) size 447.5 MB sparsity 27.5%
gen 40 offspring [25/100] k= 31 (used  31.0) c=0.911 alpha=-0.198 beta=+0.260 | loss 3.0822 (delta +0.1969) size 496.0 MB sparsity 19.7%
gen 40 offspring [26/100] k= 34 (used  34.0) c=0.959 alpha=-0.123 beta=+0.126 | loss 2.9739 (delta +0.0886) size 541.4 MB sparsity 12.1%
gen 40 offspring [27/100] k= 33 (used  33.0) c=0.841 alpha=-0.202 beta=+0.128 | loss 3.0177 (delta +0.1323) size 508.7 MB sparsity 14.6%
gen 40 offspring [28/100] k= 42 (used  41.0) c=0.988 alpha=-0.048 beta=+0.177 | loss 2.9637 (delta +0.0784) size 541.4 MB sparsity 12.3%
gen 40 offspring [29/100] k= 32 (used  32.0) c=0.922 alpha=-0.007 beta=+0.003 | loss 2.9746 (delta +0.0892) size 496.7 MB sparsity 11.4%
gen 40 offspring [30/100] k= 26 (used  26.0) c=0.838 alpha=-0.114 beta=+0.287 | loss 3.1121 (delta +0.2268) size 496.0 MB sparsity 18.7%
gen 40 offspring [31/100] k= 17 (used  17.0) c=0.994 alpha=-0.336 beta=+0.435 | loss 3.8259 (delta +0.9405) size 438.1 MB sparsity 32.7%
gen 40 offspring [32/100] k= 18 (used  18.0) c=0.849 alpha=-0.043 beta=+0.258 | loss 3.2875 (delta +0.4021) size 492.9 MB sparsity 21.3%
gen 40 offspring [33/100] k= 16 (used  16.0) c=0.849 alpha=-0.027 beta=+0.286 | loss 3.4209 (delta +0.5355) size 450.4 MB sparsity 23.8%
gen 40 offspring [34/100] k= 33 (used  33.0) c=0.916 alpha=-0.229 beta=+0.378 | loss 3.2580 (delta +0.3726) size 484.5 MB sparsity 25.4%
gen 40 offspring [35/100] k= 17 (used  17.0) c=0.846 alpha=-0.214 beta=+0.298 | loss 3.3567 (delta +0.4714) size 454.9 MB sparsity 23.3%
gen 40 offspring [36/100] k= 32 (used  32.0) c=0.939 alpha=-0.175 beta=+0.369 | loss 3.1798 (delta +0.2945) size 489.7 MB sparsity 23.1%
gen 40 offspring [37/100] k= 18 (used  17.0) c=0.972 alpha=-0.139 beta=+0.401 | loss 3.5554 (delta +0.6700) size 446.8 MB sparsity 27.9%
gen 40 offspring [38/100] k= 23 (used  23.0) c=0.997 alpha=-0.048 beta=+0.191 | loss 3.1339 (delta +0.2485) size 495.8 MB sparsity 17.4%
gen 40 offspring [39/100] k= 11 (used  11.0) c=0.992 alpha=-0.087 beta=+0.340 | loss 5.1790 (delta +2.2937) size 435.1 MB sparsity 34.4%
gen 40 offspring [40/100] k= 31 (used  31.0) c=0.903 alpha=-0.207 beta=+0.172 | loss 3.0354 (delta +0.1500) size 496.6 MB sparsity 16.7%
gen 40 offspring [41/100] k= 30 (used  30.0) c=0.849 alpha=-0.064 beta=+0.077 | loss 2.9849 (delta +0.0995) size 496.7 MB sparsity 11.3%
gen 40 offspring [42/100] k= 23 (used  23.0) c=0.955 alpha=-0.235 beta=+0.428 | loss 3.4513 (delta +0.5660) size 478.6 MB sparsity 28.1%
gen 40 offspring [43/100] k= 33 (used  33.0) c=1.000 alpha=-0.190 beta=+0.345 | loss 3.1627 (delta +0.2773) size 490.5 MB sparsity 22.8%
gen 40 offspring [44/100] k= 32 (used  32.0) c=0.909 alpha=-0.204 beta=+0.212 | loss 3.0610 (delta +0.1757) size 496.5 MB sparsity 18.1%
gen 40 offspring [45/100] k= 17 (used  17.0) c=0.842 alpha=-0.204 beta=+0.325 | loss 3.3841 (delta +0.4988) size 453.7 MB sparsity 24.0%
gen 40 offspring [46/100] k= 31 (used  30.9) c=0.994 alpha=-0.335 beta=+0.645 | loss 14.9998 (delta +12.1145) size 454.0 MB sparsity 39.1%
gen 40 offspring [47/100] k= 17 (used  17.0) c=0.994 alpha=-0.363 beta=+0.431 | loss 3.8797 (delta +0.9944) size 436.7 MB sparsity 33.5%
gen 40 offspring [48/100] k=125 (used 123.7) c=0.930 alpha=-0.152 beta=+0.385 | loss 3.1312 (delta +0.2459) size 561.1 MB sparsity 22.3%
gen 40 offspring [49/100] k= 17 (used  17.0) c=0.994 alpha=-0.351 beta=+0.383 | loss 3.7745 (delta +0.8892) size 440.4 MB sparsity 31.4%
gen 40 offspring [50/100] k=216 (used 212.0) c=0.994 alpha=-0.204 beta=+0.425 | loss 3.2152 (delta +0.3298) size 582.7 MB sparsity 26.0%
gen 40 offspring [51/100] k= 17 (used  17.0) c=0.993 alpha=-0.284 beta=+0.419 | loss 3.7009 (delta +0.8156) size 442.2 MB sparsity 30.4%
gen 40 offspring [52/100] k= 17 (used  17.0) c=0.985 alpha=-0.308 beta=+0.433 | loss 3.7665 (delta +0.8811) size 440.0 MB sparsity 31.7%
gen 40 offspring [53/100] k= 32 (used  32.0) c=0.849 alpha=-0.061 beta=+0.300 | loss 3.0998 (delta +0.2145) size 496.5 MB sparsity 17.9%
gen 40 offspring [54/100] k= 17 (used  17.0) c=0.959 alpha=-0.108 beta=+0.401 | loss 3.6031 (delta +0.7177) size 447.1 MB sparsity 27.7%
gen 40 offspring [55/100] k= 31 (used  31.0) c=0.926 alpha=-0.022 beta=+0.352 | loss 3.1315 (delta +0.2462) size 494.9 MB sparsity 20.4%
gen 40 offspring [56/100] k= 17 (used  17.0) c=0.969 alpha=-0.261 beta=+0.427 | loss 3.6439 (delta +0.7585) size 443.1 MB sparsity 29.9%
gen 40 offspring [57/100] k= 17 (used  17.0) c=0.808 alpha=-0.035 beta=+0.207 | loss 3.3134 (delta +0.4281) size 462.4 MB sparsity 19.1%
gen 40 offspring [58/100] k= 33 (used  33.0) c=0.976 alpha=-0.187 beta=+0.004 | loss 2.9894 (delta +0.1041) size 510.2 MB sparsity 13.9%
gen 40 offspring [59/100] k= 17 (used  17.0) c=0.994 alpha=-0.086 beta=+0.433 | loss 3.6066 (delta +0.7213) size 444.4 MB sparsity 29.2%
gen 40 offspring [60/100] k= 60 (used  59.0) c=0.996 alpha=-0.084 beta=+0.119 | loss 2.9275 (delta +0.0421) size 541.4 MB sparsity 9.1%
gen 40 offspring [61/100] k= 33 (used  33.0) c=0.952 alpha=-0.239 beta=+0.326 | loss 3.2027 (delta +0.3173) size 488.1 MB sparsity 23.8%
gen 40 offspring [62/100] k= 17 (used  17.0) c=0.839 alpha=-0.049 beta=+0.258 | loss 3.3109 (delta +0.4255) size 458.8 MB sparsity 21.2%
gen 40 offspring [63/100] k= 17 (used  17.0) c=0.968 alpha=-0.263 beta=+0.428 | loss 3.6567 (delta +0.7714) size 443.0 MB sparsity 30.0%
gen 40 offspring [64/100] k= 33 (used  33.0) c=0.974 alpha=-0.204 beta=+0.291 | loss 3.1106 (delta +0.2253) size 494.1 MB sparsity 21.2%
gen 40 offspring [65/100] k= 31 (used  31.0) c=0.911 alpha=-0.149 beta=+0.435 | loss 3.3025 (delta +0.4172) size 486.3 MB sparsity 24.6%
gen 40 offspring [66/100] k= 33 (used  33.0) c=0.974 alpha=-0.124 beta=+0.335 | loss 3.1010 (delta +0.2157) size 496.6 MB sparsity 20.0%
gen 40 offspring [67/100] k= 33 (used  33.0) c=0.959 alpha=-0.014 beta=+0.132 | loss 2.9711 (delta +0.0858) size 514.9 MB sparsity 11.8%
gen 40 offspring [68/100] k=216 (used 216.0) c=0.992 alpha=-0.003 beta=+0.037 | loss 2.8882 (delta +0.0028) size 630.9 MB sparsity 2.5%
gen 40 offspring [69/100] k= 17 (used  17.0) c=0.852 alpha=-0.329 beta=+0.441 | loss 3.8196 (delta +0.9343) size 438.8 MB sparsity 32.3%
gen 40 offspring [70/100] k= 17 (used  17.0) c=0.853 alpha=-0.206 beta=+0.338 | loss 3.3957 (delta +0.5103) size 452.6 MB sparsity 24.6%
gen 40 offspring [71/100] k= 19 (used  19.0) c=0.969 alpha=-0.220 beta=+0.442 | loss 3.5528 (delta +0.6674) size 477.1 MB sparsity 28.7%
gen 40 offspring [72/100] k= 17 (used  17.0) c=0.847 alpha=-0.205 beta=+0.421 | loss 3.5268 (delta +0.6415) size 447.3 MB sparsity 27.6%
gen 40 offspring [73/100] k= 15 (used  15.0) c=0.858 alpha=-0.051 beta=+0.266 | loss 3.4817 (delta +0.5964) size 450.5 MB sparsity 23.4%
gen 40 offspring [74/100] k= 16 (used  15.0) c=0.995 alpha=-0.236 beta=+0.435 | loss 3.8267 (delta +0.9414) size 441.1 MB sparsity 31.0%
gen 40 offspring [75/100] k= 18 (used  17.0) c=0.959 alpha=-0.129 beta=+0.412 | loss 3.6195 (delta +0.7341) size 446.4 MB sparsity 28.1%
gen 40 offspring [76/100] k= 17 (used  17.0) c=0.843 alpha=-0.161 beta=+0.230 | loss 3.2867 (delta +0.4014) size 460.3 MB sparsity 20.3%
gen 40 offspring [77/100] k=217 (used 214.1) c=0.995 alpha=-0.207 beta=+0.301 | loss 3.0737 (delta +0.1883) size 599.5 MB sparsity 21.3%
gen 40 offspring [78/100] k= 30 (used  29.0) c=0.969 alpha=-0.198 beta=+0.283 | loss 3.1358 (delta +0.2505) size 494.6 MB sparsity 20.8%
gen 40 offspring [79/100] k= 52 (used  51.0) c=0.997 alpha=-0.059 beta=+0.119 | loss 2.9442 (delta +0.0588) size 541.4 MB sparsity 9.1%
gen 40 offspring [80/100] k= 32 (used  32.0) c=0.900 alpha=-0.204 beta=+0.300 | loss 3.1389 (delta +0.2536) size 493.3 MB sparsity 21.5%
gen 40 offspring [81/100] k= 32 (used  32.0) c=0.914 alpha=-0.198 beta=+0.288 | loss 3.1102 (delta +0.2248) size 494.7 MB sparsity 20.8%
gen 40 offspring [82/100] k=255 (used 254.4) c=0.992 alpha=-0.010 beta=+0.134 | loss 2.8992 (delta +0.0138) size 630.9 MB sparsity 6.4%
gen 40 offspring [83/100] k= 64 (used  64.0) c=0.945 alpha=-0.053 beta=+0.071 | loss 2.9147 (delta +0.0294) size 541.4 MB sparsity 6.3%
gen 40 offspring [84/100] k= 31 (used  31.0) c=0.928 alpha=-0.173 beta=+0.287 | loss 3.0888 (delta +0.2035) size 495.8 MB sparsity 19.8%
gen 40 offspring [85/100] k= 17 (used  17.0) c=0.852 alpha=-0.431 beta=+0.433 | loss 4.0853 (delta +1.1999) size 432.8 MB sparsity 35.7%
gen 40 offspring [86/100] k=152 (used 152.0) c=0.985 alpha=-0.048 beta=+0.036 | loss 2.8908 (delta +0.0054) size 630.9 MB sparsity 3.8%
gen 40 offspring [87/100] k= 17 (used  17.0) c=0.822 alpha=-0.217 beta=+0.417 | loss 3.5528 (delta +0.6674) size 447.4 MB sparsity 27.6%
gen 40 offspring [88/100] k= 13 (used  13.0) c=0.948 alpha=-0.108 beta=+0.287 | loss 4.0166 (delta +1.1312) size 445.7 MB sparsity 28.3%
gen 40 offspring [89/100] k= 17 (used  17.0) c=0.999 alpha=-0.283 beta=+0.438 | loss 3.7268 (delta +0.8415) size 441.0 MB sparsity 31.1%
gen 40 offspring [90/100] k= 17 (used  17.0) c=0.972 alpha=-0.116 beta=+0.599 | loss 15.3843 (delta +12.4990) size 434.7 MB sparsity 34.6%
gen 40 offspring [91/100] k= 33 (used  33.0) c=0.974 alpha=-0.198 beta=+0.326 | loss 3.1353 (delta +0.2500) size 491.6 MB sparsity 22.3%
gen 40 offspring [92/100] k= 17 (used  17.0) c=0.847 alpha=-0.198 beta=+0.411 | loss 3.5045 (delta +0.6192) size 448.2 MB sparsity 27.1%
gen 40 offspring [93/100] k= 17 (used  17.0) c=0.995 alpha=-0.001 beta=+0.141 | loss 3.4249 (delta +0.5396) size 456.5 MB sparsity 22.4%
gen 40 offspring [94/100] k= 17 (used  17.0) c=0.994 alpha=-0.351 beta=+0.339 | loss 3.6702 (delta +0.7849) size 443.1 MB sparsity 29.9%
gen 40 offspring [95/100] k= 31 (used  31.0) c=0.992 alpha=-0.202 beta=+0.000 | loss 3.0228 (delta +0.1374) size 496.7 MB sparsity 15.0%
gen 40 offspring [96/100] k= 17 (used  17.0) c=0.847 alpha=-0.319 beta=+0.430 | loss 3.7834 (delta +0.8980) size 440.2 MB sparsity 31.5%
gen 40 offspring [97/100] k= 18 (used  17.0) c=0.970 alpha=-0.204 beta=+0.329 | loss 3.4619 (delta +0.5765) size 451.3 MB sparsity 25.4%
gen 40 offspring [98/100] k= 13 (used  13.0) c=0.994 alpha=-0.201 beta=+0.421 | loss 4.3780 (delta +1.4927) size 438.2 MB sparsity 32.7%
gen 40 offspring [99/100] k= 38 (used  37.0) c=0.974 alpha=-0.154 beta=+0.442 | loss 3.3115 (delta +0.4261) size 519.2 MB sparsity 24.9%
gen 40 offspring [100/100] k= 17 (used  17.0) c=0.846 alpha=-0.247 beta=+0.418 | loss 3.5938 (delta +0.7085) size 445.4 MB sparsity 28.6%
=== generation 40/50 done in 447s (0 reused), batch baseline 2.8854, HV 0.19406, front 100 points, 100/100 feasible, best delta loss +0.0018, smallest 436.7 MB
gen 41 offspring [1/100] k= 16 (used  15.0) c=0.993 alpha=-0.241 beta=+0.372 | loss 3.7572 (delta +0.8719) size 444.9 MB sparsity 28.9%
gen 41 offspring [2/100] k= 33 (used  33.0) c=0.960 alpha=-0.122 beta=+0.125 | loss 2.9727 (delta +0.0873) size 514.4 MB sparsity 12.0%
gen 41 offspring [3/100] k= 39 (used  39.0) c=0.849 alpha=-0.039 beta=+0.194 | loss 2.9904 (delta +0.1050) size 541.4 MB sparsity 12.5%
gen 41 offspring [4/100] k= 17 (used  17.0) c=0.864 alpha=-0.203 beta=+0.264 | loss 3.3295 (delta +0.4441) size 457.2 MB sparsity 22.1%
gen 41 offspring [5/100] k= 16 (used  16.0) c=0.846 alpha=-0.028 beta=+0.334 | loss 3.5115 (delta +0.6261) size 449.5 MB sparsity 25.4%
gen 41 offspring [6/100] k= 19 (used  19.0) c=0.996 alpha=-0.470 beta=+0.431 | loss 4.2999 (delta +1.4145) size 458.5 MB sparsity 37.1%
gen 41 offspring [7/100] k= 48 (used  47.0) c=0.999 alpha=-0.052 beta=+0.177 | loss 2.9505 (delta +0.0652) size 541.4 MB sparsity 11.7%
gen 41 offspring [8/100] k= 32 (used  32.0) c=0.933 alpha=-0.208 beta=+0.286 | loss 3.1271 (delta +0.2417) size 494.1 MB sparsity 21.1%
gen 41 offspring [9/100] k= 33 (used  33.0) c=0.849 alpha=-0.274 beta=+0.298 | loss 3.2697 (delta +0.3844) size 487.6 MB sparsity 24.0%
gen 41 offspring [10/100] k= 17 (used  17.0) c=0.845 alpha=-0.335 beta=+0.383 | loss 3.7320 (delta +0.8466) size 442.2 MB sparsity 30.4%
gen 41 offspring [11/100] k= 17 (used  17.0) c=0.847 alpha=-0.080 beta=+0.383 | loss 3.4565 (delta +0.5712) size 450.6 MB sparsity 25.7%
gen 41 offspring [12/100] k= 18 (used  17.0) c=0.968 alpha=-0.220 beta=+0.437 | loss 3.6129 (delta +0.7275) size 444.2 MB sparsity 29.3%
gen 41 offspring [13/100] k=207 (used 207.0) c=0.993 alpha=-0.010 beta=+0.009 | loss 2.8880 (delta +0.0026) size 630.9 MB sparsity 1.8%
gen 41 offspring [14/100] k=232 (used 229.5) c=0.849 alpha=-0.004 beta=+0.299 | loss 3.0413 (delta +0.1560) size 628.6 MB sparsity 13.1%
gen 41 offspring [15/100] k=127 (used 125.5) c=0.957 alpha=-0.045 beta=+0.423 | loss 3.3545 (delta +0.4691) size 570.5 MB sparsity 19.3%
gen 41 offspring [16/100] k= 15 (used  15.0) c=0.994 alpha=-0.352 beta=+0.426 | loss 4.0830 (delta +1.1976) size 436.8 MB sparsity 33.4%
gen 41 offspring [17/100] k=121 (used 118.5) c=0.964 alpha=-0.284 beta=+0.519 | loss 3.5527 (delta +0.6674) size 528.7 MB sparsity 32.6%
gen 41 offspring [18/100] k= 30 (used  29.0) c=0.994 alpha=-0.363 beta=+0.453 | loss 3.6715 (delta +0.7862) size 466.4 MB sparsity 33.5%
gen 41 offspring [19/100] k= 16 (used  16.0) c=0.848 alpha=-0.336 beta=+0.391 | loss 3.7650 (delta +0.8797) size 441.0 MB sparsity 31.1%
gen 41 offspring [20/100] k= 31 (used  31.0) c=0.949 alpha=-0.059 beta=+0.008 | loss 2.9830 (delta +0.0977) size 496.7 MB sparsity 11.8%
gen 41 offspring [21/100] k= 32 (used  32.0) c=0.916 alpha=-0.195 beta=+0.324 | loss 3.1378 (delta +0.2525) size 492.0 MB sparsity 22.1%
gen 41 offspring [22/100] k= 17 (used  17.0) c=0.994 alpha=-0.091 beta=+0.435 | loss 3.6077 (delta +0.7223) size 444.3 MB sparsity 29.3%
gen 41 offspring [23/100] k= 16 (used  15.0) c=0.968 alpha=-0.098 beta=+0.428 | loss 3.8258 (delta +0.9405) size 442.4 MB sparsity 30.3%
gen 41 offspring [24/100] k= 16 (used  16.0) c=0.836 alpha=-0.043 beta=+0.248 | loss 3.4463 (delta +0.5610) size 450.8 MB sparsity 22.5%
gen 41 offspring [25/100] k= 17 (used  17.0) c=0.849 alpha=-0.119 beta=+0.239 | loss 3.2861 (delta +0.4008) size 459.6 MB sparsity 20.7%
gen 41 offspring [26/100] k= 42 (used  41.0) c=0.994 alpha=-0.089 beta=+0.194 | loss 2.9721 (delta +0.0868) size 541.4 MB sparsity 13.1%
gen 41 offspring [27/100] k= 17 (used  17.0) c=0.975 alpha=-0.204 beta=+0.334 | loss 3.4813 (delta +0.5959) size 450.8 MB sparsity 25.6%
gen 41 offspring [28/100] k= 18 (used  17.0) c=0.959 alpha=-0.123 beta=+0.437 | loss 3.6456 (delta +0.7602) size 444.9 MB sparsity 29.0%
gen 41 offspring [29/100] k=216 (used 216.0) c=0.992 alpha=-0.010 beta=+0.009 | loss 2.8876 (delta +0.0022) size 630.9 MB sparsity 1.8%
gen 41 offspring [30/100] k= 33 (used  33.0) c=0.958 alpha=-0.071 beta=+0.044 | loss 2.9700 (delta +0.0846) size 516.5 MB sparsity 11.1%
gen 41 offspring [31/100] k= 17 (used  17.0) c=0.849 alpha=-0.204 beta=+0.298 | loss 3.3421 (delta +0.4567) size 455.3 MB sparsity 23.1%
gen 41 offspring [32/100] k= 17 (used  17.0) c=0.968 alpha=-0.283 beta=+0.428 | loss 3.6891 (delta +0.8037) size 441.9 MB sparsity 30.6%
gen 41 offspring [33/100] k= 20 (used  20.0) c=0.922 alpha=-0.093 beta=+0.001 | loss 3.2142 (delta +0.3289) size 494.6 MB sparsity 18.7%
gen 41 offspring [34/100] k= 56 (used  56.0) c=0.941 alpha=-0.061 beta=+0.205 | loss 2.9582 (delta +0.0728) size 541.4 MB sparsity 12.0%
gen 41 offspring [35/100] k= 33 (used  33.0) c=0.974 alpha=-0.206 beta=+0.368 | loss 3.1911 (delta +0.3057) size 487.2 MB sparsity 24.2%
gen 41 offspring [36/100] k= 17 (used  17.0) c=0.969 alpha=-0.242 beta=+0.368 | loss 3.5203 (delta +0.6350) size 447.7 MB sparsity 27.4%
gen 41 offspring [37/100] k= 17 (used  17.0) c=0.926 alpha=-0.121 beta=+0.426 | loss 3.5630 (delta +0.6776) size 446.2 MB sparsity 28.2%
gen 41 offspring [38/100] k=116 (used 115.0) c=0.995 alpha=-0.009 beta=+0.002 | loss 2.8932 (delta +0.0079) size 586.1 MB sparsity 3.3%
gen 41 offspring [39/100] k= 17 (used  17.0) c=0.869 alpha=-0.198 beta=+0.206 | loss 3.2878 (delta +0.4025) size 460.2 MB sparsity 20.4%
gen 41 offspring [40/100] k= 42 (used  41.0) c=1.000 alpha=-0.008 beta=+0.177 | loss 2.9589 (delta +0.0736) size 541.4 MB sparsity 12.4%
gen 41 offspring [41/100] k= 31 (used  31.0) c=0.932 alpha=-0.253 beta=+0.350 | loss 3.2345 (delta +0.3491) size 484.7 MB sparsity 25.4%
gen 41 offspring [42/100] k= 50 (used  50.0) c=0.943 alpha=-0.204 beta=+0.300 | loss 3.1049 (delta +0.2196) size 529.2 MB sparsity 21.2%
gen 41 offspring [43/100] k= 17 (used  17.0) c=0.988 alpha=-0.010 beta=+0.415 | loss 3.6031 (delta +0.7178) size 445.6 MB sparsity 28.5%
gen 41 offspring [44/100] k= 16 (used  16.0) c=0.849 alpha=-0.161 beta=+0.226 | loss 3.3985 (delta +0.5132) size 450.7 MB sparsity 22.3%
gen 41 offspring [45/100] k= 15 (used  15.0) c=0.992 alpha=-0.350 beta=+0.435 | loss 4.0866 (delta +1.2012) size 436.4 MB sparsity 33.7%
gen 41 offspring [46/100] k= 33 (used  33.0) c=0.974 alpha=-0.203 beta=+0.381 | loss 3.2070 (delta +0.3217) size 486.4 MB sparsity 24.6%
gen 41 offspring [47/100] k= 33 (used  33.0) c=0.974 alpha=-0.235 beta=+0.439 | loss 3.3288 (delta +0.4434) size 478.8 MB sparsity 28.0%
gen 41 offspring [48/100] k= 34 (used  33.0) c=0.974 alpha=-0.401 beta=+0.444 | loss 3.6519 (delta +0.7666) size 464.1 MB sparsity 34.6%
gen 41 offspring [49/100] k= 31 (used  31.0) c=0.930 alpha=-0.240 beta=+0.351 | loss 3.2308 (delta +0.3455) size 485.7 MB sparsity 24.9%
gen 41 offspring [50/100] k= 19 (used  19.0) c=0.997 alpha=-0.048 beta=+0.203 | loss 3.2826 (delta +0.3972) size 493.2 MB sparsity 20.4%
gen 41 offspring [51/100] k= 17 (used  17.0) c=0.847 alpha=-0.244 beta=+0.444 | loss 3.6436 (delta +0.7582) size 444.0 MB sparsity 29.5%
gen 41 offspring [52/100] k= 21 (used  21.0) c=0.849 alpha=-0.043 beta=+0.248 | loss 3.1655 (delta +0.2801) size 495.5 MB sparsity 18.7%
gen 41 offspring [53/100] k= 17 (used  17.0) c=0.866 alpha=-0.043 beta=+0.258 | loss 3.3239 (delta +0.4385) size 458.2 MB sparsity 21.5%
gen 41 offspring [54/100] k= 34 (used  33.0) c=0.978 alpha=-0.235 beta=+0.292 | loss 3.1589 (delta +0.2735) size 491.3 MB sparsity 22.4%
gen 41 offspring [55/100] k= 18 (used  18.0) c=0.937 alpha=-0.163 beta=+0.363 | loss 3.4877 (delta +0.6023) size 483.0 MB sparsity 26.1%
gen 41 offspring [56/100] k= 73 (used  73.0) c=0.997 alpha=-0.095 beta=+0.143 | loss 2.9177 (delta +0.0323) size 586.1 MB sparsity 10.3%
gen 41 offspring [57/100] k= 17 (used  17.0) c=0.974 alpha=-0.204 beta=+0.291 | loss 3.4361 (delta +0.5507) size 453.5 MB sparsity 24.2%
gen 41 offspring [58/100] k= 17 (used  17.0) c=0.866 alpha=-0.206 beta=+0.265 | loss 3.3350 (delta +0.4497) size 457.0 MB sparsity 22.2%
gen 41 offspring [59/100] k= 17 (used  17.0) c=0.835 alpha=-0.201 beta=+0.242 | loss 3.3003 (delta +0.4149) size 459.1 MB sparsity 21.0%
gen 41 offspring [60/100] k= 33 (used  33.0) c=1.000 alpha=-0.217 beta=+0.345 | loss 3.1869 (delta +0.3015) size 488.2 MB sparsity 23.8%
gen 41 offspring [61/100] k= 18 (used  18.0) c=0.860 alpha=-0.092 beta=+0.266 | loss 3.3183 (delta +0.4330) size 492.3 MB sparsity 21.7%
gen 41 offspring [62/100] k= 15 (used  15.0) c=0.992 alpha=-0.002 beta=+0.005 | loss 3.6666 (delta +0.7813) size 448.6 MB sparsity 25.3%
gen 41 offspring [63/100] k= 17 (used  17.0) c=0.985 alpha=-0.268 beta=+0.032 | loss 3.4497 (delta +0.5643) size 454.6 MB sparsity 23.5%
gen 41 offspring [64/100] k= 17 (used  17.0) c=0.979 alpha=-0.212 beta=+0.404 | loss 3.5721 (delta +0.6867) size 446.2 MB sparsity 28.2%
gen 41 offspring [65/100] k= 17 (used  17.0) c=1.000 alpha=-0.010 beta=+0.002 | loss 3.4302 (delta +0.5449) size 456.5 MB sparsity 22.5%
gen 41 offspring [66/100] k= 17 (used  17.0) c=0.995 alpha=-0.022 beta=+0.119 | loss 3.4249 (delta +0.5396) size 456.5 MB sparsity 22.4%
gen 41 offspring [67/100] k= 17 (used  17.0) c=0.852 alpha=-0.204 beta=+0.355 | loss 3.4218 (delta +0.5364) size 451.6 MB sparsity 25.2%
gen 41 offspring [68/100] k= 65 (used  65.0) c=0.922 alpha=-0.008 beta=+0.066 | loss 2.9125 (delta +0.0272) size 570.4 MB sparsity 5.9%
gen 41 offspring [69/100] k= 32 (used  32.0) c=0.909 alpha=-0.198 beta=+0.210 | loss 3.0536 (delta +0.1683) size 496.6 MB sparsity 17.8%
gen 41 offspring [70/100] k= 17 (used  17.0) c=0.975 alpha=-0.349 beta=+0.433 | loss 3.8472 (delta +0.9618) size 437.5 MB sparsity 33.1%
gen 41 offspring [71/100] k=128 (used 126.4) c=0.999 alpha=-0.265 beta=+0.119 | loss 2.9912 (delta +0.1058) size 580.2 MB sparsity 16.2%
gen 41 offspring [72/100] k= 19 (used  19.0) c=0.852 alpha=-0.392 beta=+0.433 | loss 3.8904 (delta +1.0050) size 465.1 MB sparsity 34.1%
gen 41 offspring [73/100] k= 31 (used  31.0) c=0.929 alpha=-0.239 beta=+0.350 | loss 3.2277 (delta +0.3423) size 485.9 MB sparsity 24.8%
gen 41 offspring [74/100] k= 17 (used  17.0) c=0.997 alpha=-0.333 beta=+0.431 | loss 3.8158 (delta +0.9305) size 438.6 MB sparsity 32.5%
gen 41 offspring [75/100] k= 32 (used  32.0) c=0.829 alpha=-0.198 beta=+0.411 | loss 3.3244 (delta +0.4390) size 484.5 MB sparsity 25.5%
gen 41 offspring [76/100] k= 33 (used  33.0) c=0.970 alpha=-0.220 beta=+0.127 | loss 3.0110 (delta +0.1257) size 506.4 MB sparsity 15.6%
gen 41 offspring [77/100] k= 17 (used  17.0) c=0.994 alpha=-0.351 beta=+0.428 | loss 3.8376 (delta +0.9522) size 437.6 MB sparsity 33.0%
gen 41 offspring [78/100] k= 31 (used  31.0) c=0.971 alpha=-0.202 beta=+0.326 | loss 3.1664 (delta +0.2811) size 491.1 MB sparsity 22.5%
gen 41 offspring [79/100] k= 17 (used  17.0) c=0.969 alpha=-0.308 beta=+0.427 | loss 3.7359 (delta +0.8506) size 440.4 MB sparsity 31.4%
gen 41 offspring [80/100] k= 17 (used  17.0) c=0.991 alpha=-0.327 beta=+0.434 | loss 3.8114 (delta +0.9260) size 438.7 MB sparsity 32.4%
gen 41 offspring [81/100] k= 37 (used  37.0) c=0.983 alpha=-0.109 beta=+0.003 | loss 2.9674 (delta +0.0820) size 541.4 MB sparsity 10.5%
gen 41 offspring [82/100] k= 17 (used  17.0) c=0.847 alpha=-0.039 beta=+0.069 | loss 3.2835 (delta +0.3982) size 462.2 MB sparsity 19.3%
gen 41 offspring [83/100] k= 17 (used  17.0) c=0.970 alpha=-0.316 beta=+0.432 | loss 3.7577 (delta +0.8724) size 439.6 MB sparsity 31.9%
gen 41 offspring [84/100] k= 29 (used  29.0) c=0.974 alpha=-0.277 beta=+0.422 | loss 3.3984 (delta +0.5131) size 476.3 MB sparsity 29.1%
gen 41 offspring [85/100] k= 17 (used  17.0) c=0.832 alpha=-0.064 beta=+0.303 | loss 3.3558 (delta +0.4705) size 456.1 MB sparsity 22.7%
gen 41 offspring [86/100] k= 16 (used  16.0) c=0.848 alpha=-0.192 beta=+0.389 | loss 3.5394 (delta +0.6541) size 447.5 MB sparsity 27.4%
gen 41 offspring [87/100] k=152 (used 151.8) c=0.984 alpha=-0.164 beta=+0.032 | loss 2.9106 (delta +0.0252) size 630.9 MB sparsity 8.4%
gen 41 offspring [88/100] k= 32 (used  32.0) c=0.909 alpha=-0.198 beta=+0.270 | loss 3.0983 (delta +0.2129) size 495.7 MB sparsity 20.1%
gen 41 offspring [89/100] k= 17 (used  17.0) c=0.995 alpha=-0.194 beta=+0.439 | loss 3.6315 (delta +0.7461) size 443.9 MB sparsity 29.5%
gen 41 offspring [90/100] k= 39 (used  39.0) c=0.992 alpha=-0.303 beta=+0.007 | loss 3.0637 (delta +0.1784) size 538.7 MB sparsity 17.5%
gen 41 offspring [91/100] k= 31 (used  31.0) c=0.995 alpha=-0.022 beta=+0.181 | loss 3.0094 (delta +0.1241) size 496.7 MB sparsity 14.3%
gen 41 offspring [92/100] k=234 (used 234.0) c=0.994 alpha=-0.003 beta=+0.003 | loss 2.8871 (delta +0.0017) size 630.9 MB sparsity 1.6%
gen 41 offspring [93/100] k= 33 (used  33.0) c=0.974 alpha=-0.241 beta=+0.292 | loss 3.1566 (delta +0.2712) size 490.8 MB sparsity 22.6%
gen 41 offspring [94/100] k= 19 (used  19.0) c=0.989 alpha=-0.254 beta=+0.322 | loss 3.4868 (delta +0.6015) size 484.3 MB sparsity 25.5%
gen 41 offspring [95/100] k= 25 (used  25.0) c=0.970 alpha=-0.321 beta=+0.423 | loss 3.6323 (delta +0.7470) size 472.2 MB sparsity 31.0%
gen 41 offspring [96/100] k= 17 (used  17.0) c=0.981 alpha=-0.206 beta=+0.261 | loss 3.4324 (delta +0.5470) size 454.9 MB sparsity 23.3%
gen 41 offspring [97/100] k= 21 (used  21.0) c=0.969 alpha=-0.245 beta=+0.431 | loss 3.4920 (delta +0.6066) size 477.1 MB sparsity 28.8%
gen 41 offspring [98/100] k= 34 (used  34.0) c=0.849 alpha=-0.253 beta=+0.334 | loss 3.2685 (delta +0.3831) size 520.1 MB sparsity 24.6%
gen 41 offspring [99/100] k= 17 (used  17.0) c=0.956 alpha=-0.110 beta=+0.408 | loss 3.5769 (delta +0.6916) size 446.7 MB sparsity 27.9%
gen 41 offspring [100/100] k= 17 (used  17.0) c=0.974 alpha=-0.061 beta=+0.435 | loss 3.6112 (delta +0.7258) size 444.7 MB sparsity 29.1%
=== generation 41/50 done in 447s (0 reused), batch baseline 2.8854, HV 0.19412, front 100 points, 100/100 feasible, best delta loss +0.0017, smallest 436.7 MB
gen 42 offspring [1/100] k= 29 (used  29.0) c=0.913 alpha=-0.082 beta=+0.131 | loss 2.9964 (delta +0.1111) size 496.7 MB sparsity 12.5%
gen 42 offspring [2/100] k= 17 (used  17.0) c=0.969 alpha=-0.282 beta=+0.422 | loss 3.6759 (delta +0.7906) size 442.2 MB sparsity 30.4%
gen 42 offspring [3/100] k= 11 (used  11.0) c=0.992 alpha=-0.337 beta=+0.439 | loss 5.3122 (delta +2.4268) size 431.3 MB sparsity 36.5%
gen 42 offspring [4/100] k= 38 (used  38.0) c=0.861 alpha=-0.028 beta=+0.334 | loss 3.1129 (delta +0.2276) size 536.9 MB sparsity 18.4%
gen 42 offspring [5/100] k= 17 (used  17.0) c=0.992 alpha=-0.205 beta=+0.404 | loss 3.5778 (delta +0.6925) size 446.1 MB sparsity 28.2%
gen 42 offspring [6/100] k= 31 (used  31.0) c=0.949 alpha=-0.095 beta=+0.008 | loss 2.9832 (delta +0.0978) size 496.7 MB sparsity 11.8%
gen 42 offspring [7/100] k=125 (used 125.0) c=0.992 alpha=-0.073 beta=+0.050 | loss 2.8920 (delta +0.0066) size 586.1 MB sparsity 5.4%
gen 42 offspring [8/100] k= 33 (used  33.0) c=0.959 alpha=-0.240 beta=+0.382 | loss 3.2745 (delta +0.3892) size 483.2 MB sparsity 26.0%
gen 42 offspring [9/100] k= 16 (used  15.0) c=0.974 alpha=-0.223 beta=+0.331 | loss 3.7186 (delta +0.8333) size 447.6 MB sparsity 27.2%
gen 42 offspring [10/100] k= 40 (used  39.0) c=0.993 alpha=-0.010 beta=+0.003 | loss 2.9552 (delta +0.0698) size 541.4 MB sparsity 9.8%
gen 42 offspring [11/100] k= 16 (used  16.0) c=0.849 alpha=-0.027 beta=+0.328 | loss 3.4745 (delta +0.5891) size 449.6 MB sparsity 25.3%
gen 42 offspring [12/100] k= 65 (used  65.0) c=0.968 alpha=-0.009 beta=+0.279 | loss 3.0019 (delta +0.1166) size 547.1 MB sparsity 14.5%
gen 42 offspring [13/100] k= 14 (used  14.0) c=0.849 alpha=-0.063 beta=+0.298 | loss 3.7516 (delta +0.8662) size 448.2 MB sparsity 26.4%
gen 42 offspring [14/100] k= 31 (used  31.0) c=0.888 alpha=-0.194 beta=+0.316 | loss 3.1525 (delta +0.2672) size 492.8 MB sparsity 21.7%
gen 42 offspring [15/100] k= 33 (used  33.0) c=0.974 alpha=-0.205 beta=+0.326 | loss 3.1425 (delta +0.2571) size 491.0 MB sparsity 22.6%
gen 42 offspring [16/100] k= 28 (used  27.0) c=0.972 alpha=-0.064 beta=+0.129 | loss 3.0531 (delta +0.1677) size 496.6 MB sparsity 13.9%
gen 42 offspring [17/100] k= 17 (used  17.0) c=0.848 alpha=-0.196 beta=+0.296 | loss 3.3332 (delta +0.4478) size 455.7 MB sparsity 22.9%
gen 42 offspring [18/100] k= 17 (used  17.0) c=0.857 alpha=-0.107 beta=+0.411 | loss 3.5322 (delta +0.6469) size 448.6 MB sparsity 26.9%
gen 42 offspring [19/100] k= 33 (used  33.0) c=1.000 alpha=-0.197 beta=+0.349 | loss 3.1699 (delta +0.2846) size 489.6 MB sparsity 23.2%
gen 42 offspring [20/100] k= 17 (used  17.0) c=0.849 alpha=-0.024 beta=+0.263 | loss 3.2953 (delta +0.4099) size 458.2 MB sparsity 21.5%
gen 42 offspring [21/100] k= 17 (used  17.0) c=0.968 alpha=-0.278 beta=+0.419 | loss 3.6711 (delta +0.7858) size 442.7 MB sparsity 30.2%
gen 42 offspring [22/100] k= 42 (used  41.0) c=0.997 alpha=-0.027 beta=+0.194 | loss 2.9688 (delta +0.0834) size 541.4 MB sparsity 13.0%
gen 42 offspring [23/100] k= 17 (used  17.0) c=0.849 alpha=-0.119 beta=+0.017 | loss 3.2702 (delta +0.3848) size 462.1 MB sparsity 19.3%
gen 42 offspring [24/100] k= 16 (used  16.0) c=0.843 alpha=-0.005 beta=+0.003 | loss 3.4214 (delta +0.5361) size 450.8 MB sparsity 21.8%
gen 42 offspring [25/100] k= 28 (used  28.0) c=0.949 alpha=-0.059 beta=+0.258 | loss 3.1018 (delta +0.2164) size 496.2 MB sparsity 17.9%
gen 42 offspring [26/100] k= 17 (used  17.0) c=0.921 alpha=-0.012 beta=+0.433 | loss 3.5917 (delta +0.7063) size 445.9 MB sparsity 28.4%
gen 42 offspring [27/100] k= 42 (used  42.0) c=0.852 alpha=-0.089 beta=+0.264 | loss 3.0273 (delta +0.1420) size 541.1 MB sparsity 15.4%
gen 42 offspring [28/100] k= 17 (used  17.0) c=0.969 alpha=-0.281 beta=+0.395 | loss 3.6352 (delta +0.7498) size 444.1 MB sparsity 29.4%
gen 42 offspring [29/100] k= 17 (used  17.0) c=0.848 alpha=-0.206 beta=+0.267 | loss 3.3089 (delta +0.4235) size 457.2 MB sparsity 22.1%
gen 42 offspring [30/100] k= 58 (used  58.0) c=0.849 alpha=-0.043 beta=+0.070 | loss 2.9327 (delta +0.0474) size 541.4 MB sparsity 6.2%
gen 42 offspring [31/100] k= 16 (used  16.0) c=0.847 alpha=-0.198 beta=+0.383 | loss 3.5464 (delta +0.6611) size 447.8 MB sparsity 27.2%
gen 42 offspring [32/100] k= 17 (used  17.0) c=0.994 alpha=-0.254 beta=+0.345 | loss 3.5237 (delta +0.6383) size 448.3 MB sparsity 27.0%
gen 42 offspring [33/100] k= 17 (used  17.0) c=0.926 alpha=-0.206 beta=+0.281 | loss 3.3734 (delta +0.4880) size 455.0 MB sparsity 23.3%
gen 42 offspring [34/100] k= 33 (used  33.0) c=0.979 alpha=-0.243 beta=+0.326 | loss 3.1994 (delta +0.3141) size 487.7 MB sparsity 24.0%
gen 42 offspring [35/100] k= 17 (used  17.0) c=0.847 alpha=-0.028 beta=+0.334 | loss 3.3774 (delta +0.4920) size 453.8 MB sparsity 23.9%
gen 42 offspring [36/100] k= 33 (used  33.0) c=0.852 alpha=-0.255 beta=+0.121 | loss 3.0647 (delta +0.1793) size 504.5 MB sparsity 16.5%
gen 42 offspring [37/100] k=124 (used 124.0) c=0.992 alpha=-0.010 beta=+0.006 | loss 2.8930 (delta +0.0076) size 586.1 MB sparsity 3.1%
gen 42 offspring [38/100] k= 31 (used  31.0) c=0.903 alpha=-0.186 beta=+0.212 | loss 3.0489 (delta +0.1636) size 496.6 MB sparsity 17.4%
gen 42 offspring [39/100] k= 31 (used  31.0) c=0.977 alpha=-0.313 beta=+0.604 | loss 15.0965 (delta +12.2112) size 458.9 MB sparsity 36.9%
gen 42 offspring [40/100] k= 44 (used  43.0) c=1.000 alpha=-0.008 beta=+0.126 | loss 2.9432 (delta +0.0578) size 541.4 MB sparsity 10.2%
gen 42 offspring [41/100] k= 23 (used  23.0) c=0.946 alpha=-0.088 beta=+0.122 | loss 3.0905 (delta +0.2052) size 496.2 MB sparsity 15.8%
gen 42 offspring [42/100] k= 32 (used  32.0) c=0.925 alpha=-0.204 beta=+0.212 | loss 3.0599 (delta +0.1745) size 496.5 MB sparsity 18.1%
gen 42 offspring [43/100] k= 33 (used  33.0) c=0.941 alpha=-0.075 beta=+0.044 | loss 2.9760 (delta +0.0906) size 516.9 MB sparsity 11.0%
gen 42 offspring [44/100] k=121 (used 121.0) c=0.995 alpha=-0.099 beta=+0.119 | loss 2.9051 (delta +0.0198) size 586.1 MB sparsity 9.3%
gen 42 offspring [45/100] k= 17 (used  17.0) c=0.993 alpha=-0.416 beta=+0.432 | loss 3.9929 (delta +1.1075) size 433.3 MB sparsity 35.4%
gen 42 offspring [46/100] k= 33 (used  33.0) c=0.916 alpha=-0.089 beta=+0.378 | loss 3.1909 (delta +0.3055) size 494.5 MB sparsity 21.0%
gen 42 offspring [47/100] k= 65 (used  65.0) c=0.931 alpha=-0.008 beta=+0.052 | loss 2.9121 (delta +0.0267) size 571.3 MB sparsity 5.5%
gen 42 offspring [48/100] k= 17 (used  17.0) c=0.974 alpha=-0.240 beta=+0.382 | loss 3.5727 (delta +0.6874) size 446.9 MB sparsity 27.8%
gen 42 offspring [49/100] k= 32 (used  31.0) c=0.998 alpha=-0.235 beta=+0.369 | loss 3.2898 (delta +0.4044) size 484.4 MB sparsity 25.5%
gen 42 offspring [50/100] k=233 (used 233.0) c=0.968 alpha=-0.001 beta=+0.014 | loss 2.8882 (delta +0.0029) size 630.9 MB sparsity 1.6%
gen 42 offspring [51/100] k= 17 (used  17.0) c=0.973 alpha=-0.214 beta=+0.435 | loss 3.6102 (delta +0.7249) size 444.4 MB sparsity 29.2%
gen 42 offspring [52/100] k= 17 (used  17.0) c=0.848 alpha=-0.073 beta=+0.266 | loss 3.3033 (delta +0.4179) size 458.1 MB sparsity 21.6%
gen 42 offspring [53/100] k= 17 (used  17.0) c=0.847 alpha=-0.213 beta=+0.422 | loss 3.5378 (delta +0.6525) size 447.0 MB sparsity 27.8%
gen 42 offspring [54/100] k= 13 (used  13.0) c=0.856 alpha=-0.243 beta=+0.433 | loss 3.8442 (delta +0.9588) size 441.1 MB sparsity 31.0%
gen 42 offspring [55/100] k= 39 (used  39.0) c=0.890 alpha=-0.204 beta=+0.212 | loss 3.0635 (delta +0.1781) size 538.4 MB sparsity 17.8%
gen 42 offspring [56/100] k= 29 (used  29.0) c=0.937 alpha=-0.247 beta=+0.326 | loss 3.2454 (delta +0.3600) size 487.0 MB sparsity 24.3%
gen 42 offspring [57/100] k= 48 (used  48.0) c=0.974 alpha=-0.075 beta=+0.030 | loss 2.9306 (delta +0.0452) size 541.4 MB sparsity 8.0%
gen 42 offspring [58/100] k= 36 (used  35.0) c=0.994 alpha=-0.351 beta=+0.428 | loss 3.5185 (delta +0.6332) size 500.0 MB sparsity 32.1%
gen 42 offspring [59/100] k= 33 (used  33.0) c=0.974 alpha=-0.203 beta=+0.311 | loss 3.1305 (delta +0.2452) size 492.4 MB sparsity 21.9%
gen 42 offspring [60/100] k= 65 (used  65.0) c=0.941 alpha=-0.061 beta=+0.035 | loss 2.9116 (delta +0.0262) size 570.7 MB sparsity 5.8%
gen 42 offspring [61/100] k= 13 (used  13.0) c=0.970 alpha=-0.321 beta=+0.419 | loss 4.2354 (delta +1.3501) size 437.4 MB sparsity 33.1%
gen 42 offspring [62/100] k= 17 (used  17.0) c=0.922 alpha=-0.264 beta=+0.428 | loss 3.6788 (delta +0.7934) size 443.3 MB sparsity 29.8%
gen 42 offspring [63/100] k= 16 (used  16.0) c=0.849 alpha=-0.043 beta=+0.248 | loss 3.4045 (delta +0.5191) size 450.7 MB sparsity 22.7%
gen 42 offspring [64/100] k= 84 (used  83.0) c=0.999 alpha=-0.010 beta=+0.100 | loss 2.9017 (delta +0.0163) size 586.1 MB sparsity 6.7%
gen 42 offspring [65/100] k= 17 (used  17.0) c=0.970 alpha=-0.309 beta=+0.432 | loss 3.7447 (delta +0.8593) size 440.1 MB sparsity 31.6%
gen 42 offspring [66/100] k= 37 (used  37.0) c=0.996 alpha=-0.198 beta=+0.368 | loss 3.2218 (delta +0.3365) size 522.2 MB sparsity 23.8%
gen 42 offspring [67/100] k= 17 (used  17.0) c=0.969 alpha=-0.309 beta=+0.432 | loss 3.7516 (delta +0.8662) size 440.0 MB sparsity 31.6%
gen 42 offspring [68/100] k= 17 (used  17.0) c=0.985 alpha=-0.360 beta=+0.431 | loss 3.8761 (delta +0.9907) size 436.9 MB sparsity 33.4%
gen 42 offspring [69/100] k= 54 (used  54.0) c=0.903 alpha=-0.207 beta=+0.207 | loss 3.0220 (delta +0.1366) size 538.9 MB sparsity 17.6%
gen 42 offspring [70/100] k= 17 (used  17.0) c=0.994 alpha=-0.363 beta=+0.425 | loss 3.8772 (delta +0.9919) size 437.0 MB sparsity 33.3%
gen 42 offspring [71/100] k= 33 (used  33.0) c=0.959 alpha=-0.128 beta=+0.130 | loss 2.9739 (delta +0.0885) size 513.8 MB sparsity 12.4%
gen 42 offspring [72/100] k= 17 (used  17.0) c=0.926 alpha=-0.211 beta=+0.364 | loss 3.4672 (delta +0.5818) size 449.7 MB sparsity 26.2%
gen 42 offspring [73/100] k=195 (used 193.4) c=0.996 alpha=-0.062 beta=+0.301 | loss 3.0040 (delta +0.1186) size 621.2 MB sparsity 15.2%
gen 42 offspring [74/100] k= 16 (used  16.0) c=0.849 alpha=-0.043 beta=+0.004 | loss 3.3950 (delta +0.5097) size 450.7 MB sparsity 21.9%
gen 42 offspring [75/100] k= 32 (used  32.0) c=0.960 alpha=-0.306 beta=+0.003 | loss 3.1099 (delta +0.2245) size 496.0 MB sparsity 18.8%
gen 42 offspring [76/100] k= 17 (used  17.0) c=0.993 alpha=-0.117 beta=+0.195 | loss 3.4168 (delta +0.5315) size 456.6 MB sparsity 22.4%
gen 42 offspring [77/100] k= 17 (used  17.0) c=0.848 alpha=-0.201 beta=+0.421 | loss 3.5167 (delta +0.6314) size 447.5 MB sparsity 27.5%
gen 42 offspring [78/100] k= 20 (used  20.0) c=0.901 alpha=-0.081 beta=+0.352 | loss 3.3490 (delta +0.4636) size 487.6 MB sparsity 24.0%
gen 42 offspring [79/100] k= 16 (used  15.0) c=0.942 alpha=-0.061 beta=+0.259 | loss 3.6125 (delta +0.7271) size 449.4 MB sparsity 24.7%
gen 42 offspring [80/100] k= 21 (used  21.0) c=0.974 alpha=-0.204 beta=+0.326 | loss 3.3241 (delta +0.4387) size 488.6 MB sparsity 23.6%
gen 42 offspring [81/100] k= 33 (used  33.0) c=1.000 alpha=-0.356 beta=+0.431 | loss 3.5382 (delta +0.6529) size 469.0 MB sparsity 32.4%
gen 42 offspring [82/100] k= 17 (used  17.0) c=0.849 alpha=-0.226 beta=+0.397 | loss 3.5127 (delta +0.6274) size 447.9 MB sparsity 27.2%
gen 42 offspring [83/100] k= 17 (used  17.0) c=0.983 alpha=-0.191 beta=+0.439 | loss 3.6356 (delta +0.7503) size 444.2 MB sparsity 29.3%
gen 42 offspring [84/100] k= 26 (used  26.0) c=0.931 alpha=-0.240 beta=+0.351 | loss 3.3129 (delta +0.4275) size 485.1 MB sparsity 25.2%
gen 42 offspring [85/100] k= 17 (used  17.0) c=0.960 alpha=-0.122 beta=+0.433 | loss 3.6375 (delta +0.7522) size 445.0 MB sparsity 28.8%
gen 42 offspring [86/100] k= 17 (used  17.0) c=0.856 alpha=-0.206 beta=+0.293 | loss 3.3510 (delta +0.4657) size 455.4 MB sparsity 23.0%
gen 42 offspring [87/100] k= 42 (used  41.0) c=0.992 alpha=-0.001 beta=+0.003 | loss 2.9406 (delta +0.0553) size 541.4 MB sparsity 9.3%
gen 42 offspring [88/100] k= 17 (used  17.0) c=0.920 alpha=-0.211 beta=+0.300 | loss 3.4168 (delta +0.5314) size 453.8 MB sparsity 24.0%
gen 42 offspring [89/100] k= 28 (used  27.0) c=0.998 alpha=-0.101 beta=+0.180 | loss 3.0516 (delta +0.1663) size 496.6 MB sparsity 15.4%
gen 42 offspring [90/100] k= 17 (used  17.0) c=0.910 alpha=-0.115 beta=+0.412 | loss 3.5608 (delta +0.6754) size 447.5 MB sparsity 27.5%
gen 42 offspring [91/100] k=156 (used 156.0) c=0.985 alpha=-0.048 beta=+0.032 | loss 2.8900 (delta +0.0047) size 630.9 MB sparsity 3.6%
gen 42 offspring [92/100] k= 33 (used  33.0) c=0.963 alpha=-0.123 beta=+0.126 | loss 2.9735 (delta +0.0882) size 514.3 MB sparsity 12.1%
gen 42 offspring [93/100] k= 16 (used  15.0) c=0.994 alpha=-0.297 beta=+0.436 | loss 3.9407 (delta +1.0554) size 439.2 MB sparsity 32.1%
gen 42 offspring [94/100] k= 17 (used  17.0) c=0.862 alpha=-0.267 beta=+0.335 | loss 3.4985 (delta +0.6132) size 449.5 MB sparsity 26.3%
gen 42 offspring [95/100] k= 32 (used  32.0) c=0.929 alpha=-0.241 beta=+0.379 | loss 3.2860 (delta +0.4007) size 483.3 MB sparsity 26.0%
gen 42 offspring [96/100] k= 34 (used  34.0) c=0.968 alpha=-0.239 beta=+0.447 | loss 3.3684 (delta +0.4830) size 509.8 MB sparsity 28.4%
gen 42 offspring [97/100] k= 17 (used  17.0) c=0.973 alpha=-0.310 beta=+0.527 | loss 4.0664 (delta +1.1810) size 434.1 MB sparsity 35.0%
gen 42 offspring [98/100] k= 33 (used  33.0) c=0.918 alpha=-0.096 beta=+0.270 | loss 3.0489 (delta +0.1635) size 503.8 MB sparsity 16.8%
gen 42 offspring [99/100] k= 18 (used  18.0) c=0.856 alpha=-0.327 beta=+0.410 | loss 3.7643 (delta +0.8790) size 471.8 MB sparsity 31.1%
gen 42 offspring [100/100] k= 32 (used  32.0) c=0.966 alpha=-0.204 beta=+0.291 | loss 3.1489 (delta +0.2635) size 493.9 MB sparsity 21.2%
=== generation 42/50 done in 447s (0 reused), batch baseline 2.8854, HV 0.19421, front 100 points, 100/100 feasible, best delta loss +0.0017, smallest 436.7 MB
gen 43 offspring [1/100] k= 31 (used  31.0) c=0.925 alpha=-0.204 beta=+0.297 | loss 3.1184 (delta +0.2331) size 493.5 MB sparsity 21.4%
gen 43 offspring [2/100] k= 32 (used  32.0) c=0.907 alpha=-0.198 beta=+0.270 | loss 3.0976 (delta +0.2123) size 495.7 MB sparsity 20.1%
gen 43 offspring [3/100] k= 17 (used  17.0) c=0.993 alpha=-0.007 beta=+0.017 | loss 3.4123 (delta +0.5269) size 456.6 MB sparsity 22.4%
gen 43 offspring [4/100] k= 17 (used  17.0) c=0.857 alpha=-0.091 beta=+0.435 | loss 3.5876 (delta +0.7022) size 447.0 MB sparsity 27.7%
gen 43 offspring [5/100] k= 35 (used  35.0) c=0.921 alpha=-0.377 beta=+0.431 | loss 3.5930 (delta +0.7076) size 497.2 MB sparsity 33.1%
gen 43 offspring [6/100] k= 18 (used  18.0) c=0.848 alpha=-0.028 beta=+0.334 | loss 3.3601 (delta +0.4748) size 487.8 MB sparsity 24.0%
gen 43 offspring [7/100] k= 29 (used  29.0) c=0.974 alpha=-0.238 beta=+0.367 | loss 3.2820 (delta +0.3966) size 484.2 MB sparsity 25.6%
gen 43 offspring [8/100] k= 17 (used  17.0) c=0.961 alpha=-0.212 beta=+0.427 | loss 3.6148 (delta +0.7294) size 445.1 MB sparsity 28.8%
gen 43 offspring [9/100] k=123 (used 123.0) c=0.958 alpha=-0.124 beta=+0.002 | loss 2.9037 (delta +0.0184) size 586.1 MB sparsity 6.8%
gen 43 offspring [10/100] k= 17 (used  17.0) c=0.972 alpha=-0.233 beta=+0.433 | loss 3.6131 (delta +0.7277) size 444.0 MB sparsity 29.5%
gen 43 offspring [11/100] k= 17 (used  17.0) c=0.969 alpha=-0.227 beta=+0.432 | loss 3.5987 (delta +0.7133) size 444.3 MB sparsity 29.3%
gen 43 offspring [12/100] k= 32 (used  32.0) c=0.925 alpha=-0.204 beta=+0.118 | loss 3.0046 (delta +0.1192) size 496.7 MB sparsity 14.9%
gen 43 offspring [13/100] k= 10 (used  10.0) c=0.848 alpha=-0.163 beta=+0.421 | loss 5.5902 (delta +2.7048) size 429.9 MB sparsity 37.3%
gen 43 offspring [14/100] k= 17 (used  17.0) c=0.968 alpha=-0.281 beta=+0.121 | loss 3.4345 (delta +0.5492) size 454.3 MB sparsity 23.7%
gen 43 offspring [15/100] k= 17 (used  17.0) c=0.994 alpha=-0.351 beta=+0.436 | loss 3.8543 (delta +0.9690) size 437.1 MB sparsity 33.3%
gen 43 offspring [16/100] k= 42 (used  41.0) c=0.992 alpha=-0.048 beta=+0.464 | loss 4.4821 (delta +1.5967) size 523.2 MB sparsity 23.5%
gen 43 offspring [17/100] k= 31 (used  31.0) c=0.850 alpha=-0.197 beta=+0.331 | loss 3.1998 (delta +0.3145) size 491.3 MB sparsity 22.4%
gen 43 offspring [18/100] k= 17 (used  17.0) c=0.849 alpha=-0.329 beta=+0.246 | loss 3.4884 (delta +0.6031) size 451.3 MB sparsity 25.4%
gen 43 offspring [19/100] k= 65 (used  64.8) c=0.874 alpha=-0.335 beta=+0.040 | loss 3.0531 (delta +0.1677) size 542.0 MB sparsity 16.4%
gen 43 offspring [20/100] k= 18 (used  18.0) c=0.848 alpha=-0.003 beta=+0.305 | loss 3.3374 (delta +0.4520) size 490.1 MB sparsity 22.9%
gen 43 offspring [21/100] k= 17 (used  17.0) c=0.969 alpha=-0.190 beta=+0.235 | loss 3.3846 (delta +0.4993) size 456.6 MB sparsity 22.4%
gen 43 offspring [22/100] k= 61 (used  60.6) c=0.968 alpha=-0.299 beta=+0.457 | loss 3.4496 (delta +0.5643) size 502.9 MB sparsity 31.0%
gen 43 offspring [23/100] k= 17 (used  17.0) c=0.992 alpha=-0.285 beta=+0.427 | loss 3.7078 (delta +0.8224) size 441.7 MB sparsity 30.7%
gen 43 offspring [24/100] k= 17 (used  17.0) c=0.997 alpha=-0.206 beta=+0.267 | loss 3.4548 (delta +0.5694) size 454.3 MB sparsity 23.7%
gen 43 offspring [25/100] k= 33 (used  33.0) c=0.959 alpha=-0.075 beta=+0.024 | loss 2.9692 (delta +0.0839) size 516.4 MB sparsity 11.2%
gen 43 offspring [26/100] k= 16 (used  15.0) c=0.968 alpha=-0.220 beta=+0.292 | loss 3.7044 (delta +0.8191) size 448.6 MB sparsity 25.9%
gen 43 offspring [27/100] k= 32 (used  32.0) c=0.958 alpha=-0.204 beta=+0.292 | loss 3.1366 (delta +0.2512) size 493.8 MB sparsity 21.3%
gen 43 offspring [28/100] k= 17 (used  17.0) c=0.849 alpha=-0.206 beta=+0.298 | loss 3.3409 (delta +0.4556) size 455.2 MB sparsity 23.2%
gen 43 offspring [29/100] k=109 (used 109.0) c=0.855 alpha=-0.122 beta=+0.002 | loss 2.9249 (delta +0.0395) size 586.1 MB sparsity 6.7%
gen 43 offspring [30/100] k= 16 (used  16.0) c=0.848 alpha=-0.066 beta=+0.306 | loss 3.4568 (delta +0.5715) size 450.1 MB sparsity 24.5%
gen 43 offspring [31/100] k=  8 (used   7.0) c=0.970 alpha=-0.316 beta=+0.432 | loss 11.4198 (delta +8.5345) size 383.1 MB sparsity 51.3%
gen 43 offspring [32/100] k= 17 (used  17.0) c=0.969 alpha=-0.009 beta=+0.434 | loss 3.5967 (delta +0.7113) size 444.8 MB sparsity 29.0%
gen 43 offspring [33/100] k= 17 (used  17.0) c=0.848 alpha=-0.105 beta=+0.245 | loss 3.2868 (delta +0.4014) size 459.3 MB sparsity 20.9%
gen 43 offspring [34/100] k= 31 (used  31.0) c=0.922 alpha=-0.184 beta=+0.285 | loss 3.0980 (delta +0.2126) size 495.6 MB sparsity 20.2%
gen 43 offspring [35/100] k= 17 (used  17.0) c=0.850 alpha=-0.203 beta=+0.425 | loss 3.5372 (delta +0.6519) size 447.1 MB sparsity 27.7%
gen 43 offspring [36/100] k= 33 (used  33.0) c=0.959 alpha=-0.062 beta=+0.130 | loss 2.9705 (delta +0.0852) size 515.0 MB sparsity 11.8%
gen 43 offspring [37/100] k= 17 (used  17.0) c=0.862 alpha=-0.097 beta=+0.438 | loss 3.5731 (delta +0.6877) size 446.8 MB sparsity 27.9%
gen 43 offspring [38/100] k= 20 (used  19.0) c=0.994 alpha=-0.236 beta=+0.439 | loss 3.6174 (delta +0.7320) size 476.1 MB sparsity 29.2%
gen 43 offspring [39/100] k= 17 (used  17.0) c=0.972 alpha=-0.212 beta=+0.401 | loss 3.5586 (delta +0.6733) size 446.6 MB sparsity 28.0%
gen 43 offspring [40/100] k= 17 (used  17.0) c=0.994 alpha=-0.351 beta=+0.435 | loss 3.8522 (delta +0.9668) size 437.2 MB sparsity 33.2%
gen 43 offspring [41/100] k= 34 (used  34.0) c=0.852 alpha=-0.330 beta=+0.433 | loss 3.5301 (delta +0.6448) size 501.9 MB sparsity 31.4%
gen 43 offspring [42/100] k= 17 (used  17.0) c=0.961 alpha=-0.204 beta=+0.314 | loss 3.4925 (delta +0.6072) size 452.4 MB sparsity 24.8%
gen 43 offspring [43/100] k= 32 (used  31.0) c=0.994 alpha=-0.351 beta=+0.455 | loss 3.6622 (delta +0.7768) size 467.3 MB sparsity 33.1%
gen 43 offspring [44/100] k= 32 (used  31.0) c=0.968 alpha=-0.281 beta=+0.335 | loss 3.2862 (delta +0.4008) size 483.5 MB sparsity 25.9%
gen 43 offspring [45/100] k= 27 (used  27.0) c=0.920 alpha=-0.195 beta=+0.347 | loss 3.2163 (delta +0.3309) size 489.5 MB sparsity 23.2%
gen 43 offspring [46/100] k= 34 (used  34.0) c=0.925 alpha=-0.204 beta=+0.212 | loss 3.0771 (delta +0.1918) size 537.8 MB sparsity 18.0%
gen 43 offspring [47/100] k= 46 (used  46.0) c=0.974 alpha=-0.008 beta=+0.093 | loss 2.9334 (delta +0.0480) size 541.4 MB sparsity 8.7%
gen 43 offspring [48/100] k= 16 (used  16.0) c=0.849 alpha=-0.085 beta=+0.300 | loss 3.4437 (delta +0.5583) size 450.2 MB sparsity 24.3%
gen 43 offspring [49/100] k= 42 (used  41.0) c=0.993 alpha=-0.001 beta=+0.003 | loss 2.9406 (delta +0.0553) size 541.4 MB sparsity 9.3%
gen 43 offspring [50/100] k= 84 (used  84.0) c=0.853 alpha=-0.122 beta=+0.100 | loss 2.9281 (delta +0.0428) size 586.1 MB sparsity 9.6%
gen 43 offspring [51/100] k= 17 (used  17.0) c=0.974 alpha=-0.308 beta=+0.415 | loss 3.7572 (delta +0.8719) size 441.2 MB sparsity 31.0%
gen 43 offspring [52/100] k=152 (used 151.9) c=0.985 alpha=-0.136 beta=+0.032 | loss 2.9030 (delta +0.0176) size 630.9 MB sparsity 7.3%
gen 43 offspring [53/100] k= 14 (used  13.0) c=0.995 alpha=-0.004 beta=+0.024 | loss 4.1724 (delta +1.2871) size 444.3 MB sparsity 29.2%
gen 43 offspring [54/100] k= 17 (used  17.0) c=0.998 alpha=-0.236 beta=+0.435 | loss 3.6436 (delta +0.7582) size 443.4 MB sparsity 29.8%
gen 43 offspring [55/100] k= 33 (used  33.0) c=0.931 alpha=-0.310 beta=+0.351 | loss 3.3309 (delta +0.4455) size 479.7 MB sparsity 27.6%
gen 43 offspring [56/100] k= 23 (used  23.0) c=0.974 alpha=-0.263 beta=+0.368 | loss 3.4171 (delta +0.5318) size 481.2 MB sparsity 26.9%
gen 43 offspring [57/100] k= 33 (used  33.0) c=0.993 alpha=-0.013 beta=+0.130 | loss 2.9755 (delta +0.0902) size 514.4 MB sparsity 12.1%
gen 43 offspring [58/100] k= 17 (used  17.0) c=0.991 alpha=-0.092 beta=+0.439 | loss 3.6334 (delta +0.7481) size 444.1 MB sparsity 29.4%
gen 43 offspring [59/100] k= 17 (used  17.0) c=0.995 alpha=-0.237 beta=+0.439 | loss 3.6567 (delta +0.7714) size 443.1 MB sparsity 29.9%
gen 43 offspring [60/100] k= 17 (used  17.0) c=0.847 alpha=-0.382 beta=+0.422 | loss 3.9342 (delta +1.0489) size 436.7 MB sparsity 33.5%
gen 43 offspring [61/100] k= 31 (used  31.0) c=0.937 alpha=-0.239 beta=+0.350 | loss 3.2232 (delta +0.3378) size 485.9 MB sparsity 24.8%
gen 43 offspring [62/100] k= 30 (used  29.0) c=0.997 alpha=-0.088 beta=+0.424 | loss 3.3092 (delta +0.4238) size 487.8 MB sparsity 24.0%
gen 43 offspring [63/100] k= 17 (used  17.0) c=0.968 alpha=-0.284 beta=+0.432 | loss 3.6966 (delta +0.8112) size 441.6 MB sparsity 30.8%
gen 43 offspring [64/100] k= 33 (used  33.0) c=0.959 alpha=-0.075 beta=+0.084 | loss 2.9696 (delta +0.0842) size 516.4 MB sparsity 11.2%
gen 43 offspring [65/100] k= 17 (used  17.0) c=0.998 alpha=-0.336 beta=+0.165 | loss 3.5544 (delta +0.6690) size 450.3 MB sparsity 25.9%
gen 43 offspring [66/100] k= 17 (used  17.0) c=0.942 alpha=-0.231 beta=+0.385 | loss 3.5452 (delta +0.6599) size 447.5 MB sparsity 27.5%
gen 43 offspring [67/100] k= 21 (used  21.0) c=0.853 alpha=-0.207 beta=+0.455 | loss 3.4910 (delta +0.6056) size 478.8 MB sparsity 28.0%
gen 43 offspring [68/100] k= 17 (used  17.0) c=0.941 alpha=-0.061 beta=+0.429 | loss 3.5938 (delta +0.7085) size 445.8 MB sparsity 28.5%
gen 43 offspring [69/100] k=240 (used 238.9) c=0.994 alpha=-0.200 beta=+0.001 | loss 2.9230 (delta +0.0376) size 630.9 MB sparsity 9.2%
gen 43 offspring [70/100] k= 48 (used  47.9) c=0.849 alpha=-0.161 beta=+0.360 | loss 3.1503 (delta +0.2649) size 527.7 MB sparsity 21.8%
gen 43 offspring [71/100] k= 18 (used  18.0) c=0.922 alpha=-0.000 beta=+0.038 | loss 3.3449 (delta +0.4596) size 492.5 MB sparsity 20.9%
gen 43 offspring [72/100] k= 62 (used  62.0) c=0.943 alpha=-0.059 beta=+0.076 | loss 2.9218 (delta +0.0364) size 541.4 MB sparsity 6.6%
gen 43 offspring [73/100] k= 29 (used  29.0) c=0.846 alpha=-0.109 beta=+0.138 | loss 2.9987 (delta +0.1134) size 496.7 MB sparsity 12.2%
gen 43 offspring [74/100] k=157 (used 157.0) c=0.985 alpha=-0.046 beta=+0.032 | loss 2.8903 (delta +0.0049) size 630.9 MB sparsity 3.5%
gen 43 offspring [75/100] k= 18 (used  18.0) c=0.851 alpha=-0.027 beta=+0.431 | loss 3.5378 (delta +0.6525) size 479.9 MB sparsity 27.5%
gen 43 offspring [76/100] k= 41 (used  41.0) c=0.995 alpha=-0.048 beta=+0.193 | loss 2.9681 (delta +0.0827) size 541.4 MB sparsity 13.0%
gen 43 offspring [77/100] k= 12 (used  11.0) c=0.953 alpha=-0.363 beta=+0.431 | loss 4.8943 (delta +2.0090) size 432.2 MB sparsity 36.0%
gen 43 offspring [78/100] k= 20 (used  19.0) c=0.981 alpha=-0.007 beta=+0.017 | loss 3.2619 (delta +0.3766) size 493.6 MB sparsity 19.8%
gen 43 offspring [79/100] k= 16 (used  16.0) c=0.849 alpha=-0.190 beta=+0.203 | loss 3.3943 (delta +0.5089) size 450.7 MB sparsity 22.0%
gen 43 offspring [80/100] k=104 (used 103.0) c=0.999 alpha=-0.010 beta=+0.100 | loss 2.8990 (delta +0.0136) size 586.1 MB sparsity 6.2%
gen 43 offspring [81/100] k=234 (used 232.1) c=0.994 alpha=-0.278 beta=+0.009 | loss 2.9745 (delta +0.0891) size 630.3 MB sparsity 12.4%
gen 43 offspring [82/100] k= 16 (used  16.0) c=0.849 alpha=-0.044 beta=+0.337 | loss 3.4730 (delta +0.5877) size 449.4 MB sparsity 25.6%
gen 43 offspring [83/100] k= 32 (used  32.0) c=0.928 alpha=-0.002 beta=+0.010 | loss 2.9776 (delta +0.0922) size 496.7 MB sparsity 11.5%
gen 43 offspring [84/100] k= 17 (used  17.0) c=0.969 alpha=-0.309 beta=+0.294 | loss 3.5378 (delta +0.6525) size 448.7 MB sparsity 26.8%
gen 43 offspring [85/100] k= 64 (used  64.0) c=0.925 alpha=-0.127 beta=+0.071 | loss 2.9215 (delta +0.0362) size 541.4 MB sparsity 8.8%
gen 43 offspring [86/100] k= 17 (used  17.0) c=0.994 alpha=-0.200 beta=+0.383 | loss 3.5382 (delta +0.6528) size 447.5 MB sparsity 27.5%
gen 43 offspring [87/100] k= 60 (used  59.0) c=0.996 alpha=-0.062 beta=+0.119 | loss 2.9260 (delta +0.0406) size 541.4 MB sparsity 8.5%
gen 43 offspring [88/100] k= 17 (used  17.0) c=0.984 alpha=-0.087 beta=+0.500 | loss 14.4824 (delta +11.5971) size 440.4 MB sparsity 31.4%
gen 43 offspring [89/100] k= 17 (used  17.0) c=0.994 alpha=-0.286 beta=+0.436 | loss 3.7293 (delta +0.8439) size 441.0 MB sparsity 31.1%
gen 43 offspring [90/100] k= 17 (used  17.0) c=0.974 alpha=-0.240 beta=+0.382 | loss 3.5745 (delta +0.6891) size 446.9 MB sparsity 27.8%
gen 43 offspring [91/100] k= 17 (used  17.0) c=0.855 alpha=-0.179 beta=+0.362 | loss 3.4354 (delta +0.5500) size 451.7 MB sparsity 25.1%
gen 43 offspring [92/100] k= 18 (used  18.0) c=0.906 alpha=-0.229 beta=+0.374 | loss 3.5189 (delta +0.6335) size 481.4 MB sparsity 26.8%
gen 43 offspring [93/100] k= 17 (used  17.0) c=0.974 alpha=-0.207 beta=+0.431 | loss 3.6099 (delta +0.7245) size 444.7 MB sparsity 29.0%
gen 43 offspring [94/100] k= 31 (used  31.0) c=0.932 alpha=-0.252 beta=+0.376 | loss 3.2766 (delta +0.3913) size 482.6 MB sparsity 26.3%
gen 43 offspring [95/100] k= 31 (used  31.0) c=0.931 alpha=-0.239 beta=+0.365 | loss 3.2436 (delta +0.3583) size 484.6 MB sparsity 25.4%
gen 43 offspring [96/100] k= 33 (used  33.0) c=0.922 alpha=-0.198 beta=+0.368 | loss 3.1988 (delta +0.3134) size 488.0 MB sparsity 23.9%
gen 43 offspring [97/100] k= 17 (used  17.0) c=0.847 alpha=-0.187 beta=+0.420 | loss 3.5206 (delta +0.6352) size 448.0 MB sparsity 27.2%
gen 43 offspring [98/100] k= 32 (used  32.0) c=0.949 alpha=-0.059 beta=+0.427 | loss 3.2777 (delta +0.3923) size 489.2 MB sparsity 23.3%
gen 43 offspring [99/100] k= 82 (used  82.0) c=0.954 alpha=-0.061 beta=+0.071 | loss 2.9026 (delta +0.0172) size 586.1 MB sparsity 6.0%
gen 43 offspring [100/100] k= 16 (used  16.0) c=0.852 alpha=-0.334 beta=+0.085 | loss 3.5541 (delta +0.6688) size 449.4 MB sparsity 25.5%
=== generation 43/50 done in 447s (0 reused), batch baseline 2.8854, HV 0.19423, front 100 points, 100/100 feasible, best delta loss +0.0017, smallest 436.7 MB
gen 44 offspring [1/100] k= 14 (used  14.0) c=0.847 alpha=-0.206 beta=+0.394 | loss 3.8568 (delta +0.9714) size 443.9 MB sparsity 29.5%
gen 44 offspring [2/100] k= 17 (used  17.0) c=0.994 alpha=-0.208 beta=+0.445 | loss 3.6395 (delta +0.7542) size 443.5 MB sparsity 29.7%
gen 44 offspring [3/100] k= 29 (used  29.0) c=0.848 alpha=-0.303 beta=+0.369 | loss 3.3763 (delta +0.4909) size 478.8 MB sparsity 28.0%
gen 44 offspring [4/100] k= 13 (used  13.0) c=0.968 alpha=-0.043 beta=+0.258 | loss 4.0380 (delta +1.1526) size 445.3 MB sparsity 28.5%
gen 44 offspring [5/100] k= 31 (used  31.0) c=0.925 alpha=-0.204 beta=+0.297 | loss 3.1177 (delta +0.2323) size 493.6 MB sparsity 21.4%
gen 44 offspring [6/100] k= 63 (used  63.0) c=0.965 alpha=-0.222 beta=+0.035 | loss 2.9595 (delta +0.0742) size 541.4 MB sparsity 12.3%
gen 44 offspring [7/100] k= 42 (used  41.0) c=0.997 alpha=-0.048 beta=+0.195 | loss 2.9700 (delta +0.0846) size 541.4 MB sparsity 13.1%
gen 44 offspring [8/100] k= 17 (used  17.0) c=0.852 alpha=-0.335 beta=+0.331 | loss 3.6284 (delta +0.7431) size 445.6 MB sparsity 28.6%
gen 44 offspring [9/100] k= 64 (used  64.0) c=0.968 alpha=-0.061 beta=+0.071 | loss 2.9174 (delta +0.0321) size 541.4 MB sparsity 6.4%
gen 44 offspring [10/100] k= 33 (used  33.0) c=0.974 alpha=-0.070 beta=+0.368 | loss 3.1512 (delta +0.2658) size 494.6 MB sparsity 20.9%
gen 44 offspring [11/100] k= 17 (used  17.0) c=0.843 alpha=-0.204 beta=+0.289 | loss 3.3393 (delta +0.4539) size 456.0 MB sparsity 22.8%
gen 44 offspring [12/100] k= 34 (used  33.0) c=0.974 alpha=-0.207 beta=+0.432 | loss 3.2816 (delta +0.3963) size 481.8 MB sparsity 26.7%
gen 44 offspring [13/100] k= 17 (used  17.0) c=0.967 alpha=-0.363 beta=+0.431 | loss 3.8769 (delta +0.9915) size 436.8 MB sparsity 33.5%
gen 44 offspring [14/100] k= 30 (used  29.0) c=0.968 alpha=-0.109 beta=+0.046 | loss 3.0076 (delta +0.1223) size 496.7 MB sparsity 12.8%
gen 44 offspring [15/100] k= 33 (used  33.0) c=0.953 alpha=-0.064 beta=+0.382 | loss 3.1884 (delta +0.3030) size 493.7 MB sparsity 21.3%
gen 44 offspring [16/100] k= 17 (used  17.0) c=0.848 alpha=-0.201 beta=+0.421 | loss 3.5167 (delta +0.6313) size 447.5 MB sparsity 27.5%
gen 44 offspring [17/100] k= 35 (used  35.0) c=0.997 alpha=-0.101 beta=+0.255 | loss 3.0352 (delta +0.1498) size 540.1 MB sparsity 16.4%
gen 44 offspring [18/100] k= 16 (used  16.0) c=0.848 alpha=-0.173 beta=+0.339 | loss 3.4733 (delta +0.5879) size 449.4 MB sparsity 25.6%
gen 44 offspring [19/100] k=154 (used 153.9) c=0.924 alpha=-0.116 beta=+0.092 | loss 2.9047 (delta +0.0193) size 630.9 MB sparsity 8.9%
gen 44 offspring [20/100] k= 17 (used  17.0) c=0.993 alpha=-0.150 beta=+0.428 | loss 3.6026 (delta +0.7173) size 444.7 MB sparsity 29.1%
gen 44 offspring [21/100] k= 17 (used  17.0) c=0.974 alpha=-0.073 beta=+0.002 | loss 3.3986 (delta +0.5133) size 457.3 MB sparsity 22.0%
gen 44 offspring [22/100] k= 32 (used  32.0) c=0.922 alpha=-0.007 beta=+0.333 | loss 3.1084 (delta +0.2231) size 495.6 MB sparsity 19.6%
gen 44 offspring [23/100] k= 18 (used  17.0) c=0.986 alpha=-0.236 beta=+0.439 | loss 3.6470 (delta +0.7617) size 443.3 MB sparsity 29.8%
gen 44 offspring [24/100] k= 17 (used  17.0) c=0.994 alpha=-0.264 beta=+0.435 | loss 3.6814 (delta +0.7960) size 442.3 MB sparsity 30.4%
gen 44 offspring [25/100] k= 17 (used  17.0) c=0.966 alpha=-0.259 beta=+0.408 | loss 3.6393 (delta +0.7539) size 444.4 MB sparsity 29.2%
gen 44 offspring [26/100] k= 25 (used  25.0) c=0.923 alpha=-0.102 beta=+0.062 | loss 3.0478 (delta +0.1624) size 496.6 MB sparsity 14.2%
gen 44 offspring [27/100] k= 17 (used  17.0) c=0.989 alpha=-0.336 beta=+0.441 | loss 3.8440 (delta +0.9587) size 437.7 MB sparsity 32.9%
gen 44 offspring [28/100] k= 24 (used  23.0) c=0.992 alpha=-0.289 beta=+0.404 | loss 3.5626 (delta +0.6772) size 476.1 MB sparsity 29.2%
gen 44 offspring [29/100] k= 22 (used  21.0) c=0.969 alpha=-0.204 beta=+0.291 | loss 3.2823 (delta +0.3970) size 491.5 MB sparsity 22.3%
gen 44 offspring [30/100] k= 17 (used  17.0) c=0.958 alpha=-0.122 beta=+0.034 | loss 3.4122 (delta +0.5268) size 457.9 MB sparsity 21.6%
gen 44 offspring [31/100] k= 17 (used  17.0) c=0.848 alpha=-0.200 beta=+0.267 | loss 3.3041 (delta +0.4188) size 457.4 MB sparsity 21.9%
gen 44 offspring [32/100] k= 33 (used  33.0) c=0.999 alpha=-0.194 beta=+0.130 | loss 3.0036 (delta +0.1182) size 508.2 MB sparsity 14.8%
gen 44 offspring [33/100] k= 17 (used  17.0) c=0.970 alpha=-0.316 beta=+0.519 | loss 4.0455 (delta +1.1602) size 434.2 MB sparsity 34.9%
gen 44 offspring [34/100] k= 17 (used  17.0) c=0.972 alpha=-0.216 beta=+0.360 | loss 3.4988 (delta +0.6134) size 449.1 MB sparsity 26.6%
gen 44 offspring [35/100] k= 33 (used  33.0) c=0.853 alpha=-0.335 beta=+0.434 | loss 3.5516 (delta +0.6662) size 470.7 MB sparsity 31.6%
gen 44 offspring [36/100] k= 17 (used  17.0) c=0.994 alpha=-0.226 beta=+0.435 | loss 3.6135 (delta +0.7282) size 443.7 MB sparsity 29.6%
gen 44 offspring [37/100] k= 29 (used  29.0) c=0.916 alpha=-0.187 beta=+0.212 | loss 3.0687 (delta +0.1834) size 496.6 MB sparsity 17.6%
gen 44 offspring [38/100] k= 14 (used  13.0) c=0.994 alpha=-0.020 beta=+0.459 | loss 4.4347 (delta +1.5493) size 436.0 MB sparsity 33.9%
gen 44 offspring [39/100] k= 18 (used  17.0) c=0.969 alpha=-0.238 beta=+0.331 | loss 3.4906 (delta +0.6052) size 450.2 MB sparsity 26.0%
gen 44 offspring [40/100] k= 32 (used  31.0) c=0.970 alpha=-0.241 beta=+0.432 | loss 3.3562 (delta +0.4708) size 478.8 MB sparsity 28.0%
gen 44 offspring [41/100] k= 14 (used  13.0) c=0.994 alpha=-0.236 beta=+0.439 | loss 4.3805 (delta +1.4951) size 437.2 MB sparsity 33.3%
gen 44 offspring [42/100] k= 17 (used  17.0) c=0.927 alpha=-0.121 beta=+0.426 | loss 3.5650 (delta +0.6796) size 446.2 MB sparsity 28.2%
gen 44 offspring [43/100] k= 17 (used  17.0) c=0.992 alpha=-0.265 beta=+0.007 | loss 3.4481 (delta +0.5627) size 454.6 MB sparsity 23.5%
gen 44 offspring [44/100] k= 17 (used  17.0) c=0.974 alpha=-0.203 beta=+0.367 | loss 3.5128 (delta +0.6274) size 448.8 MB sparsity 26.8%
gen 44 offspring [45/100] k= 34 (used  33.0) c=0.974 alpha=-0.198 beta=+0.326 | loss 3.1353 (delta +0.2500) size 491.6 MB sparsity 22.3%
gen 44 offspring [46/100] k= 42 (used  41.0) c=0.990 alpha=-0.001 beta=+0.003 | loss 2.9418 (delta +0.0564) size 541.4 MB sparsity 9.3%
gen 44 offspring [47/100] k= 31 (used  31.0) c=0.932 alpha=-0.252 beta=+0.342 | loss 3.2260 (delta +0.3406) size 485.5 MB sparsity 25.0%
gen 44 offspring [48/100] k=220 (used 220.0) c=0.994 alpha=-0.012 beta=+0.004 | loss 2.8880 (delta +0.0026) size 630.9 MB sparsity 1.7%
gen 44 offspring [49/100] k= 16 (used  15.0) c=0.949 alpha=-0.043 beta=+0.248 | loss 3.6195 (delta +0.7341) size 449.3 MB sparsity 24.6%
gen 44 offspring [50/100] k= 33 (used  33.0) c=0.849 alpha=-0.238 beta=+0.350 | loss 3.2783 (delta +0.3929) size 486.3 MB sparsity 24.7%
gen 44 offspring [51/100] k= 17 (used  17.0) c=0.982 alpha=-0.360 beta=+0.431 | loss 3.8885 (delta +1.0032) size 436.9 MB sparsity 33.4%
gen 44 offspring [52/100] k= 17 (used  17.0) c=0.984 alpha=-0.043 beta=+0.499 | loss 14.4874 (delta +11.6021) size 440.5 MB sparsity 31.4%
gen 44 offspring [53/100] k= 82 (used  82.0) c=0.953 alpha=-0.061 beta=+0.070 | loss 2.9017 (delta +0.0163) size 586.1 MB sparsity 6.0%
gen 44 offspring [54/100] k= 33 (used  33.0) c=0.974 alpha=-0.198 beta=+0.435 | loss 3.2828 (delta +0.3974) size 482.3 MB sparsity 26.4%
gen 44 offspring [55/100] k= 33 (used  33.0) c=0.959 alpha=-0.216 beta=+0.024 | loss 3.0062 (delta +0.1209) size 508.1 MB sparsity 14.9%
gen 44 offspring [56/100] k= 17 (used  17.0) c=0.974 alpha=-0.203 beta=+0.367 | loss 3.5127 (delta +0.6273) size 448.8 MB sparsity 26.8%
gen 44 offspring [57/100] k= 17 (used  17.0) c=0.970 alpha=-0.250 beta=+0.334 | loss 3.4994 (delta +0.6141) size 449.5 MB sparsity 26.4%
gen 44 offspring [58/100] k= 15 (used  15.0) c=0.995 alpha=-0.283 beta=+0.569 | loss 15.0985 (delta +12.2132) size 431.8 MB sparsity 36.2%
gen 44 offspring [59/100] k= 17 (used  17.0) c=0.973 alpha=-0.242 beta=+0.426 | loss 3.6338 (delta +0.7485) size 444.1 MB sparsity 29.4%
gen 44 offspring [60/100] k= 16 (used  16.0) c=0.853 alpha=-0.063 beta=+0.297 | loss 3.4601 (delta +0.5748) size 450.1 MB sparsity 24.3%
gen 44 offspring [61/100] k= 17 (used  17.0) c=0.852 alpha=-0.196 beta=+0.433 | loss 3.5571 (delta +0.6718) size 446.8 MB sparsity 27.9%
gen 44 offspring [62/100] k= 17 (used  17.0) c=0.848 alpha=-0.206 beta=+0.141 | loss 3.2743 (delta +0.3889) size 461.3 MB sparsity 19.8%
gen 44 offspring [63/100] k= 30 (used  30.0) c=0.928 alpha=-0.195 beta=+0.287 | loss 3.1377 (delta +0.2524) size 494.7 MB sparsity 20.8%
gen 44 offspring [64/100] k= 32 (used  31.0) c=0.988 alpha=-0.204 beta=+0.189 | loss 3.0583 (delta +0.1729) size 496.6 MB sparsity 17.4%
gen 44 offspring [65/100] k= 65 (used  64.8) c=0.934 alpha=-0.345 beta=+0.066 | loss 3.0632 (delta +0.1778) size 539.3 MB sparsity 17.4%
gen 44 offspring [66/100] k=127 (used 126.3) c=0.861 alpha=-0.009 beta=+0.266 | loss 2.9963 (delta +0.1110) size 586.1 MB sparsity 12.4%
gen 44 offspring [67/100] k= 17 (used  17.0) c=0.847 alpha=-0.117 beta=+0.005 | loss 3.2791 (delta +0.3938) size 462.2 MB sparsity 19.3%
gen 44 offspring [68/100] k= 32 (used  32.0) c=0.955 alpha=-0.062 beta=+0.130 | loss 2.9858 (delta +0.1004) size 496.7 MB sparsity 12.3%
gen 44 offspring [69/100] k= 17 (used  17.0) c=0.968 alpha=-0.336 beta=+0.428 | loss 3.8066 (delta +0.9213) size 438.7 MB sparsity 32.4%
gen 44 offspring [70/100] k= 17 (used  17.0) c=0.968 alpha=-0.277 beta=+0.423 | loss 3.6678 (delta +0.7824) size 442.6 MB sparsity 30.2%
gen 44 offspring [71/100] k= 67 (used  66.7) c=0.847 alpha=-0.028 beta=+0.338 | loss 3.1220 (delta +0.2366) size 579.4 MB sparsity 16.4%
gen 44 offspring [72/100] k= 30 (used  29.0) c=0.968 alpha=-0.118 beta=+0.005 | loss 3.0089 (delta +0.1235) size 496.7 MB sparsity 12.9%
gen 44 offspring [73/100] k= 40 (used  40.0) c=0.974 alpha=-0.308 beta=+0.454 | loss 3.5266 (delta +0.6412) size 502.0 MB sparsity 31.3%
gen 44 offspring [74/100] k= 65 (used  65.0) c=0.847 alpha=-0.119 beta=+0.126 | loss 2.9441 (delta +0.0587) size 557.8 MB sparsity 10.6%
gen 44 offspring [75/100] k= 33 (used  33.0) c=0.959 alpha=-0.080 beta=+0.345 | loss 3.1209 (delta +0.2355) size 496.8 MB sparsity 19.9%
gen 44 offspring [76/100] k= 33 (used  33.0) c=0.940 alpha=-0.204 beta=+0.334 | loss 3.1624 (delta +0.2770) size 490.4 MB sparsity 22.8%
gen 44 offspring [77/100] k= 42 (used  41.0) c=0.997 alpha=-0.060 beta=+0.198 | loss 2.9709 (delta +0.0855) size 541.4 MB sparsity 13.2%
gen 44 offspring [78/100] k= 17 (used  17.0) c=0.921 alpha=-0.007 beta=+0.003 | loss 3.3526 (delta +0.4672) size 459.3 MB sparsity 20.9%
gen 44 offspring [79/100] k=223 (used 223.0) c=0.994 alpha=-0.015 beta=+0.003 | loss 2.8903 (delta +0.0050) size 630.9 MB sparsity 1.7%
gen 44 offspring [80/100] k= 31 (used  31.0) c=0.848 alpha=-0.204 beta=+0.292 | loss 3.1745 (delta +0.2891) size 494.1 MB sparsity 21.1%
gen 44 offspring [81/100] k=100 (used  98.4) c=0.997 alpha=-0.355 beta=+0.001 | loss 3.0633 (delta +0.1780) size 578.9 MB sparsity 16.6%
gen 44 offspring [82/100] k= 32 (used  31.0) c=0.974 alpha=-0.223 beta=+0.350 | loss 3.2219 (delta +0.3366) size 487.1 MB sparsity 24.3%
gen 44 offspring [83/100] k= 18 (used  17.0) c=0.974 alpha=-0.326 beta=+0.382 | loss 3.7572 (delta +0.8719) size 442.2 MB sparsity 30.5%
gen 44 offspring [84/100] k= 31 (used  31.0) c=0.926 alpha=-0.173 beta=+0.287 | loss 3.0824 (delta +0.1971) size 495.8 MB sparsity 19.8%
gen 44 offspring [85/100] k= 39 (used  39.0) c=0.976 alpha=-0.000 beta=+0.436 | loss 3.3040 (delta +0.4186) size 525.6 MB sparsity 22.6%
gen 44 offspring [86/100] k= 34 (used  34.0) c=0.848 alpha=-0.190 beta=+0.313 | loss 3.1808 (delta +0.2955) size 528.8 MB sparsity 21.4%
gen 44 offspring [87/100] k=147 (used 147.0) c=0.990 alpha=-0.042 beta=+0.032 | loss 2.8920 (delta +0.0067) size 630.9 MB sparsity 3.4%
gen 44 offspring [88/100] k= 32 (used  32.0) c=0.931 alpha=-0.241 beta=+0.369 | loss 3.2576 (delta +0.3722) size 484.2 MB sparsity 25.6%
gen 44 offspring [89/100] k= 17 (used  17.0) c=0.985 alpha=-0.335 beta=+0.434 | loss 3.8250 (delta +0.9397) size 438.3 MB sparsity 32.6%
gen 44 offspring [90/100] k= 32 (used  32.0) c=0.925 alpha=-0.204 beta=+0.205 | loss 3.0541 (delta +0.1687) size 496.6 MB sparsity 17.9%
gen 44 offspring [91/100] k= 17 (used  17.0) c=0.847 alpha=-0.121 beta=+0.421 | loss 3.5263 (delta +0.6409) size 448.2 MB sparsity 27.1%
gen 44 offspring [92/100] k= 33 (used  33.0) c=0.976 alpha=-0.240 beta=+0.382 | loss 3.2699 (delta +0.3845) size 483.1 MB sparsity 26.1%
gen 44 offspring [93/100] k= 16 (used  15.0) c=0.941 alpha=-0.162 beta=+0.069 | loss 3.5663 (delta +0.6809) size 449.5 MB sparsity 24.1%
gen 44 offspring [94/100] k= 17 (used  17.0) c=0.994 alpha=-0.354 beta=+0.431 | loss 3.8506 (delta +0.9653) size 437.3 MB sparsity 33.2%
gen 44 offspring [95/100] k= 17 (used  17.0) c=0.968 alpha=-0.284 beta=+0.432 | loss 3.6952 (delta +0.8098) size 441.5 MB sparsity 30.8%
gen 44 offspring [96/100] k= 17 (used  17.0) c=0.836 alpha=-0.281 beta=+0.422 | loss 3.6660 (delta +0.7806) size 443.2 MB sparsity 29.9%
gen 44 offspring [97/100] k= 33 (used  33.0) c=0.959 alpha=-0.064 beta=+0.031 | loss 2.9692 (delta +0.0839) size 516.4 MB sparsity 11.2%
gen 44 offspring [98/100] k= 29 (used  29.0) c=0.995 alpha=-0.211 beta=+0.122 | loss 3.0618 (delta +0.1764) size 496.6 MB sparsity 16.0%
gen 44 offspring [99/100] k= 65 (used  65.0) c=0.920 alpha=-0.008 beta=+0.066 | loss 2.9170 (delta +0.0317) size 570.5 MB sparsity 5.8%
gen 44 offspring [100/100] k= 71 (used  70.9) c=0.850 alpha=-0.059 beta=+0.229 | loss 2.9730 (delta +0.0876) size 586.1 MB sparsity 12.4%
=== generation 44/50 done in 447s (0 reused), batch baseline 2.8854, HV 0.19421, front 100 points, 100/100 feasible, best delta loss +0.0017, smallest 436.7 MB
gen 45 offspring [1/100] k= 17 (used  17.0) c=0.988 alpha=-0.078 beta=+0.137 | loss 3.4135 (delta +0.5282) size 456.8 MB sparsity 22.3%
gen 45 offspring [2/100] k= 17 (used  17.0) c=0.849 alpha=-0.061 beta=+0.070 | loss 3.2723 (delta +0.3870) size 462.1 MB sparsity 19.3%
gen 45 offspring [3/100] k= 33 (used  33.0) c=0.974 alpha=-0.198 beta=+0.368 | loss 3.1822 (delta +0.2968) size 487.9 MB sparsity 23.9%
gen 45 offspring [4/100] k= 33 (used  33.0) c=0.997 alpha=-0.212 beta=+0.099 | loss 3.0113 (delta +0.1259) size 507.8 MB sparsity 15.0%
gen 45 offspring [5/100] k= 39 (used  39.0) c=0.982 alpha=-0.272 beta=+0.297 | loss 3.2301 (delta +0.3447) size 521.9 MB sparsity 23.9%
gen 45 offspring [6/100] k= 17 (used  17.0) c=0.979 alpha=-0.093 beta=+0.260 | loss 3.4204 (delta +0.5351) size 455.2 MB sparsity 23.2%
gen 45 offspring [7/100] k= 33 (used  33.0) c=0.976 alpha=-0.231 beta=+0.382 | loss 3.2545 (delta +0.3692) size 483.9 MB sparsity 25.7%
gen 45 offspring [8/100] k= 33 (used  33.0) c=0.960 alpha=-0.205 beta=+0.398 | loss 3.2423 (delta +0.3570) size 484.9 MB sparsity 25.3%
gen 45 offspring [9/100] k= 16 (used  16.0) c=0.842 alpha=-0.192 beta=+0.255 | loss 3.4386 (delta +0.5532) size 450.7 MB sparsity 22.8%
gen 45 offspring [10/100] k= 31 (used  31.0) c=0.932 alpha=-0.251 beta=+0.350 | loss 3.2345 (delta +0.3491) size 484.8 MB sparsity 25.3%
gen 45 offspring [11/100] k= 30 (used  29.0) c=0.994 alpha=-0.394 beta=+0.441 | loss 3.6644 (delta +0.7791) size 464.7 MB sparsity 34.3%
gen 45 offspring [12/100] k= 17 (used  17.0) c=0.972 alpha=-0.211 beta=+0.476 | loss 3.7068 (delta +0.8215) size 441.9 MB sparsity 30.6%
gen 45 offspring [13/100] k=123 (used 122.8) c=0.999 alpha=-0.197 beta=+0.001 | loss 2.9247 (delta +0.0393) size 586.1 MB sparsity 9.9%
gen 45 offspring [14/100] k= 12 (used  11.0) c=0.989 alpha=-0.196 beta=+0.282 | loss 5.0612 (delta +2.1758) size 435.6 MB sparsity 34.1%
gen 45 offspring [15/100] k= 17 (used  17.0) c=0.852 alpha=-0.270 beta=+0.489 | loss 3.8060 (delta +0.9206) size 439.5 MB sparsity 31.9%
gen 45 offspring [16/100] k= 17 (used  17.0) c=0.840 alpha=-0.204 beta=+0.405 | loss 3.5055 (delta +0.6201) size 448.5 MB sparsity 26.9%
gen 45 offspring [17/100] k= 50 (used  49.0) c=0.997 alpha=-0.257 beta=+0.194 | loss 3.0656 (delta +0.1802) size 534.8 MB sparsity 19.1%
gen 45 offspring [18/100] k= 32 (used  31.0) c=0.975 alpha=-0.246 beta=+0.254 | loss 3.1642 (delta +0.2789) size 493.5 MB sparsity 21.4%
gen 45 offspring [19/100] k= 12 (used  12.0) c=0.847 alpha=-0.028 beta=+0.286 | loss 4.1737 (delta +1.2883) size 443.2 MB sparsity 29.9%
gen 45 offspring [20/100] k= 32 (used  32.0) c=0.959 alpha=-0.060 beta=+0.130 | loss 2.9855 (delta +0.1001) size 496.7 MB sparsity 12.3%
gen 45 offspring [21/100] k=121 (used 119.6) c=0.994 alpha=-0.058 beta=+0.448 | loss 3.4251 (delta +0.5397) size 565.9 MB sparsity 20.7%
gen 45 offspring [22/100] k= 32 (used  32.0) c=0.922 alpha=-0.003 beta=+0.003 | loss 2.9737 (delta +0.0884) size 496.7 MB sparsity 11.4%
gen 45 offspring [23/100] k= 17 (used  17.0) c=0.852 alpha=-0.330 beta=+0.428 | loss 3.7894 (delta +0.9040) size 439.6 MB sparsity 31.9%
gen 45 offspring [24/100] k=177 (used 174.6) c=0.995 alpha=-0.090 beta=+0.433 | loss 3.2626 (delta +0.3773) size 598.8 MB sparsity 21.5%
gen 45 offspring [25/100] k= 17 (used  17.0) c=0.976 alpha=-0.211 beta=+0.384 | loss 3.5369 (delta +0.6515) size 447.6 MB sparsity 27.4%
gen 45 offspring [26/100] k= 31 (used  31.0) c=0.927 alpha=-0.177 beta=+0.275 | loss 3.0764 (delta +0.1910) size 496.0 MB sparsity 19.6%
gen 45 offspring [27/100] k= 16 (used  15.0) c=0.988 alpha=-0.310 beta=+0.474 | loss 4.0868 (delta +1.2015) size 436.3 MB sparsity 33.7%
gen 45 offspring [28/100] k= 17 (used  17.0) c=0.994 alpha=-0.363 beta=+0.431 | loss 3.8790 (delta +0.9937) size 436.7 MB sparsity 33.5%
gen 45 offspring [29/100] k= 17 (used  17.0) c=0.849 alpha=-0.206 beta=+0.018 | loss 3.2758 (delta +0.3905) size 461.3 MB sparsity 19.8%
gen 45 offspring [30/100] k= 32 (used  32.0) c=0.908 alpha=-0.210 beta=+0.261 | loss 3.1064 (delta +0.2211) size 495.6 MB sparsity 20.2%
gen 45 offspring [31/100] k= 32 (used  32.0) c=0.849 alpha=-0.119 beta=+0.239 | loss 3.0536 (delta +0.1683) size 496.7 MB sparsity 16.0%
gen 45 offspring [32/100] k= 17 (used  17.0) c=0.968 alpha=-0.363 beta=+0.428 | loss 3.8675 (delta +0.9822) size 437.0 MB sparsity 33.3%
gen 45 offspring [33/100] k= 11 (used  11.0) c=0.848 alpha=-0.005 beta=+0.334 | loss 4.2900 (delta +1.4046) size 441.9 MB sparsity 30.6%
gen 45 offspring [34/100] k= 42 (used  41.0) c=0.997 alpha=-0.048 beta=+0.071 | loss 2.9387 (delta +0.0534) size 541.4 MB sparsity 9.3%
gen 45 offspring [35/100] k= 18 (used  17.0) c=0.993 alpha=-0.236 beta=+0.435 | loss 3.6253 (delta +0.7400) size 443.5 MB sparsity 29.7%
gen 45 offspring [36/100] k= 17 (used  17.0) c=0.896 alpha=-0.007 beta=+0.225 | loss 3.3350 (delta +0.4497) size 459.1 MB sparsity 21.0%
gen 45 offspring [37/100] k= 64 (used  63.8) c=0.944 alpha=-0.001 beta=+0.368 | loss 3.1571 (delta +0.2717) size 537.7 MB sparsity 18.1%
gen 45 offspring [38/100] k= 16 (used  16.0) c=0.848 alpha=-0.194 beta=+0.353 | loss 3.4861 (delta +0.6008) size 449.0 MB sparsity 26.1%
gen 45 offspring [39/100] k= 33 (used  33.0) c=0.976 alpha=-0.360 beta=+0.453 | loss 3.6116 (delta +0.7263) size 466.8 MB sparsity 33.4%
gen 45 offspring [40/100] k= 33 (used  33.0) c=0.974 alpha=-0.283 beta=+0.368 | loss 3.3007 (delta +0.4154) size 480.5 MB sparsity 27.2%
gen 45 offspring [41/100] k= 33 (used  33.0) c=0.974 alpha=-0.239 beta=+0.334 | loss 3.1941 (delta +0.3087) size 487.3 MB sparsity 24.2%
gen 45 offspring [42/100] k=124 (used 123.0) c=0.995 alpha=-0.010 beta=+0.002 | loss 2.8934 (delta +0.0080) size 586.1 MB sparsity 3.1%
gen 45 offspring [43/100] k= 33 (used  33.0) c=0.848 alpha=-0.229 beta=+0.266 | loss 3.1845 (delta +0.2991) size 494.4 MB sparsity 21.0%
gen 45 offspring [44/100] k= 66 (used  66.0) c=0.955 alpha=-0.117 beta=+0.070 | loss 2.9173 (delta +0.0320) size 586.1 MB sparsity 8.4%
gen 45 offspring [45/100] k= 27 (used  27.0) c=0.913 alpha=-0.276 beta=+0.502 | loss 3.5983 (delta +0.7130) size 469.9 MB sparsity 32.0%
gen 45 offspring [46/100] k= 83 (used  82.9) c=0.953 alpha=-0.161 beta=+0.226 | loss 2.9811 (delta +0.0958) size 579.6 MB sparsity 16.4%
gen 45 offspring [47/100] k= 17 (used  17.0) c=0.848 alpha=-0.206 beta=+0.267 | loss 3.3085 (delta +0.4232) size 457.2 MB sparsity 22.1%
gen 45 offspring [48/100] k= 17 (used  17.0) c=0.860 alpha=-0.089 beta=+0.381 | loss 3.4690 (delta +0.5836) size 450.5 MB sparsity 25.8%
gen 45 offspring [49/100] k= 17 (used  17.0) c=0.858 alpha=-0.206 beta=+0.440 | loss 3.5985 (delta +0.7131) size 446.0 MB sparsity 28.3%
gen 45 offspring [50/100] k= 17 (used  17.0) c=0.855 alpha=-0.262 beta=+0.428 | loss 3.6363 (delta +0.7510) size 443.9 MB sparsity 29.5%
gen 45 offspring [51/100] k= 17 (used  17.0) c=0.970 alpha=-0.277 beta=+0.432 | loss 3.6724 (delta +0.7871) size 441.9 MB sparsity 30.6%
gen 45 offspring [52/100] k= 17 (used  17.0) c=0.845 alpha=-0.057 beta=+0.095 | loss 3.2801 (delta +0.3948) size 462.3 MB sparsity 19.2%
gen 45 offspring [53/100] k=152 (used 152.0) c=0.979 alpha=-0.049 beta=+0.039 | loss 2.8911 (delta +0.0057) size 630.9 MB sparsity 3.9%
gen 45 offspring [54/100] k= 23 (used  23.0) c=0.926 alpha=-0.173 beta=+0.287 | loss 3.1593 (delta +0.2739) size 494.4 MB sparsity 20.7%
gen 45 offspring [55/100] k= 13 (used  13.0) c=0.985 alpha=-0.360 beta=+0.431 | loss 4.4469 (delta +1.5616) size 434.7 MB sparsity 34.6%
gen 45 offspring [56/100] k= 17 (used  17.0) c=0.925 alpha=-0.204 beta=+0.204 | loss 3.3329 (delta +0.4475) size 458.6 MB sparsity 21.3%
gen 45 offspring [57/100] k= 17 (used  17.0) c=0.968 alpha=-0.285 beta=+0.512 | loss 3.9614 (delta +1.0760) size 436.6 MB sparsity 33.6%
gen 45 offspring [58/100] k= 17 (used  17.0) c=0.832 alpha=-0.011 beta=+0.411 | loss 3.5148 (delta +0.6295) size 449.1 MB sparsity 26.6%
gen 45 offspring [59/100] k= 17 (used  17.0) c=0.856 alpha=-0.291 beta=+0.437 | loss 3.7137 (delta +0.8283) size 441.5 MB sparsity 30.8%
gen 45 offspring [60/100] k= 17 (used  17.0) c=0.950 alpha=-0.316 beta=+0.432 | loss 3.8376 (delta +0.9523) size 439.7 MB sparsity 31.8%
gen 45 offspring [61/100] k= 17 (used  17.0) c=0.991 alpha=-0.374 beta=+0.436 | loss 3.9133 (delta +1.0280) size 435.7 MB sparsity 34.1%
gen 45 offspring [62/100] k= 16 (used  15.0) c=0.998 alpha=-0.028 beta=+0.269 | loss 3.6429 (delta +0.7575) size 448.4 MB sparsity 25.9%
gen 45 offspring [63/100] k= 33 (used  33.0) c=0.974 alpha=-0.113 beta=+0.202 | loss 2.9984 (delta +0.1131) size 508.6 MB sparsity 14.7%
gen 45 offspring [64/100] k= 18 (used  18.0) c=0.848 alpha=-0.126 beta=+0.324 | loss 3.3516 (delta +0.4663) size 488.6 MB sparsity 23.6%
gen 45 offspring [65/100] k= 65 (used  65.0) c=0.923 alpha=-0.007 beta=+0.031 | loss 2.9133 (delta +0.0280) size 571.6 MB sparsity 5.4%
gen 45 offspring [66/100] k= 39 (used  39.0) c=0.994 alpha=-0.160 beta=+0.435 | loss 3.2656 (delta +0.3803) size 519.5 MB sparsity 24.8%
gen 45 offspring [67/100] k= 17 (used  17.0) c=0.969 alpha=-0.285 beta=+0.010 | loss 3.4356 (delta +0.5502) size 454.1 MB sparsity 23.8%
gen 45 offspring [68/100] k= 64 (used  64.0) c=0.941 alpha=-0.061 beta=+0.071 | loss 2.9135 (delta +0.0281) size 541.4 MB sparsity 6.4%
gen 45 offspring [69/100] k= 13 (used  13.0) c=0.848 alpha=-0.195 beta=+0.353 | loss 3.7958 (delta +0.9104) size 446.3 MB sparsity 28.1%
gen 45 offspring [70/100] k= 17 (used  17.0) c=0.805 alpha=-0.333 beta=+0.292 | loss 3.7088 (delta +0.8234) size 448.5 MB sparsity 26.9%
gen 45 offspring [71/100] k= 17 (used  17.0) c=0.985 alpha=-0.048 beta=+0.032 | loss 3.4090 (delta +0.5236) size 457.0 MB sparsity 22.2%
gen 45 offspring [72/100] k= 17 (used  17.0) c=0.969 alpha=-0.281 beta=+0.427 | loss 3.6759 (delta +0.7906) size 442.0 MB sparsity 30.5%
gen 45 offspring [73/100] k= 17 (used  17.0) c=0.993 alpha=-0.284 beta=+0.439 | loss 3.7280 (delta +0.8427) size 441.0 MB sparsity 31.1%
gen 45 offspring [74/100] k= 17 (used  17.0) c=0.993 alpha=-0.347 beta=+0.440 | loss 3.8615 (delta +0.9761) size 437.1 MB sparsity 33.3%
gen 45 offspring [75/100] k= 25 (used  25.0) c=0.928 alpha=-0.173 beta=+0.287 | loss 3.1435 (delta +0.2581) size 495.0 MB sparsity 20.4%
gen 45 offspring [76/100] k= 17 (used  17.0) c=0.969 alpha=-0.308 beta=+0.427 | loss 3.7356 (delta +0.8503) size 440.4 MB sparsity 31.4%
gen 45 offspring [77/100] k= 20 (used  20.0) c=0.849 alpha=-0.097 beta=+0.298 | loss 3.2618 (delta +0.3764) size 492.9 MB sparsity 21.5%
gen 45 offspring [78/100] k= 56 (used  56.0) c=0.959 alpha=-0.128 beta=+0.130 | loss 2.9354 (delta +0.0501) size 541.4 MB sparsity 11.3%
gen 45 offspring [79/100] k= 17 (used  17.0) c=0.859 alpha=-0.199 beta=+0.289 | loss 3.3446 (delta +0.4592) size 455.9 MB sparsity 22.8%
gen 45 offspring [80/100] k= 29 (used  29.0) c=0.931 alpha=-0.241 beta=+0.369 | loss 3.2951 (delta +0.4097) size 484.0 MB sparsity 25.7%
gen 45 offspring [81/100] k= 17 (used  17.0) c=0.972 alpha=-0.335 beta=+0.391 | loss 3.7673 (delta +0.8820) size 441.0 MB sparsity 31.1%
gen 45 offspring [82/100] k= 17 (used  17.0) c=0.968 alpha=-0.221 beta=+0.401 | loss 3.5616 (delta +0.6763) size 446.4 MB sparsity 28.1%
gen 45 offspring [83/100] k= 64 (used  64.0) c=0.917 alpha=-0.061 beta=+0.194 | loss 2.9469 (delta +0.0615) size 541.4 MB sparsity 11.2%
gen 45 offspring [84/100] k= 38 (used  37.0) c=0.994 alpha=-0.000 beta=+0.003 | loss 2.9623 (delta +0.0770) size 541.4 MB sparsity 10.3%
gen 45 offspring [85/100] k= 30 (used  30.0) c=0.850 alpha=-0.146 beta=+0.007 | loss 2.9899 (delta +0.1045) size 496.7 MB sparsity 12.4%
gen 45 offspring [86/100] k= 18 (used  18.0) c=0.853 alpha=-0.229 beta=+0.066 | loss 3.3013 (delta +0.4159) size 493.5 MB sparsity 20.5%
gen 45 offspring [87/100] k= 32 (used  32.0) c=0.932 alpha=-0.255 beta=+0.350 | loss 3.2448 (delta +0.3595) size 484.5 MB sparsity 25.4%
gen 45 offspring [88/100] k= 17 (used  17.0) c=0.985 alpha=-0.240 beta=+0.430 | loss 3.6444 (delta +0.7591) size 443.7 MB sparsity 29.6%
gen 45 offspring [89/100] k= 31 (used  31.0) c=0.974 alpha=-0.223 beta=+0.361 | loss 3.2328 (delta +0.3475) size 486.2 MB sparsity 24.7%
gen 45 offspring [90/100] k= 33 (used  33.0) c=0.974 alpha=-0.203 beta=+0.350 | loss 3.1614 (delta +0.2760) size 489.1 MB sparsity 23.4%
gen 45 offspring [91/100] k= 16 (used  16.0) c=0.916 alpha=-0.366 beta=+0.411 | loss 3.9987 (delta +1.1133) size 437.4 MB sparsity 33.1%
gen 45 offspring [92/100] k= 97 (used  97.0) c=0.941 alpha=-0.061 beta=+0.035 | loss 2.8989 (delta +0.0136) size 586.1 MB sparsity 4.6%
gen 45 offspring [93/100] k= 32 (used  32.0) c=0.924 alpha=-0.209 beta=+0.212 | loss 3.0666 (delta +0.1812) size 496.5 MB sparsity 18.3%
gen 45 offspring [94/100] k= 23 (used  23.0) c=1.000 alpha=-0.197 beta=+0.333 | loss 3.2794 (delta +0.3940) size 489.1 MB sparsity 23.4%
gen 45 offspring [95/100] k= 30 (used  29.0) c=0.974 alpha=-0.321 beta=+0.310 | loss 3.3301 (delta +0.4447) size 482.1 MB sparsity 26.5%
gen 45 offspring [96/100] k= 19 (used  19.0) c=0.863 alpha=-0.086 beta=+0.298 | loss 3.2788 (delta +0.3934) size 492.6 MB sparsity 21.7%
gen 45 offspring [97/100] k= 33 (used  33.0) c=0.919 alpha=-0.198 beta=+0.346 | loss 3.1752 (delta +0.2898) size 489.9 MB sparsity 23.0%
gen 45 offspring [98/100] k= 18 (used  17.0) c=0.970 alpha=-0.210 beta=+0.368 | loss 3.4923 (delta +0.6070) size 448.7 MB sparsity 26.8%
gen 45 offspring [99/100] k= 17 (used  17.0) c=0.848 alpha=-0.203 beta=+0.288 | loss 3.3301 (delta +0.4447) size 456.0 MB sparsity 22.7%
gen 45 offspring [100/100] k= 17 (used  17.0) c=0.849 alpha=-0.118 beta=+0.017 | loss 3.2717 (delta +0.3864) size 462.1 MB sparsity 19.3%
=== generation 45/50 done in 447s (0 reused), batch baseline 2.8854, HV 0.19427, front 100 points, 100/100 feasible, best delta loss +0.0017, smallest 436.7 MB
gen 46 offspring [1/100] k= 21 (used  21.0) c=0.922 alpha=-0.102 beta=+0.062 | loss 3.1259 (delta +0.2405) size 495.7 MB sparsity 16.9%
gen 46 offspring [2/100] k= 24 (used  24.0) c=0.926 alpha=-0.204 beta=+0.300 | loss 3.1990 (delta +0.3136) size 491.9 MB sparsity 22.1%
gen 46 offspring [3/100] k= 22 (used  22.0) c=0.854 alpha=-0.265 beta=+0.335 | loss 3.3836 (delta +0.4982) size 484.0 MB sparsity 25.7%
gen 46 offspring [4/100] k= 31 (used  31.0) c=0.922 alpha=-0.001 beta=+0.290 | loss 3.0583 (delta +0.1730) size 496.4 MB sparsity 18.0%
gen 46 offspring [5/100] k= 82 (used  82.0) c=0.953 alpha=-0.067 beta=+0.165 | loss 2.9223 (delta +0.0370) size 586.1 MB sparsity 10.1%
gen 46 offspring [6/100] k= 12 (used  11.0) c=0.996 alpha=-0.050 beta=+0.413 | loss 5.3839 (delta +2.4986) size 432.7 MB sparsity 35.8%
gen 46 offspring [7/100] k= 34 (used  34.0) c=0.860 alpha=-0.177 beta=+0.433 | loss 3.3212 (delta +0.4359) size 517.8 MB sparsity 25.4%
gen 46 offspring [8/100] k= 17 (used  17.0) c=0.849 alpha=-0.119 beta=+0.006 | loss 3.2722 (delta +0.3868) size 462.1 MB sparsity 19.3%
gen 46 offspring [9/100] k= 33 (used  33.0) c=0.849 alpha=-0.240 beta=+0.382 | loss 3.3292 (delta +0.4439) size 483.3 MB sparsity 26.0%
gen 46 offspring [10/100] k=103 (used 102.9) c=0.992 alpha=-0.204 beta=+0.033 | loss 2.9313 (delta +0.0460) size 586.1 MB sparsity 10.5%
gen 46 offspring [11/100] k=152 (used 151.4) c=0.922 alpha=-0.006 beta=+0.208 | loss 2.9354 (delta +0.0500) size 630.9 MB sparsity 9.9%
gen 46 offspring [12/100] k= 17 (used  17.0) c=0.809 alpha=-0.028 beta=+0.334 | loss 3.4084 (delta +0.5231) size 454.7 MB sparsity 23.5%
gen 46 offspring [13/100] k=242 (used 239.9) c=0.849 alpha=-0.037 beta=+0.248 | loss 2.9784 (delta +0.0930) size 630.7 MB sparsity 12.0%
gen 46 offspring [14/100] k= 29 (used  29.0) c=0.997 alpha=-0.121 beta=+0.385 | loss 3.2265 (delta +0.3411) size 490.9 MB sparsity 22.6%
gen 46 offspring [15/100] k= 17 (used  17.0) c=0.963 alpha=-0.329 beta=+0.115 | loss 3.5195 (delta +0.6341) size 451.6 MB sparsity 25.2%
gen 46 offspring [16/100] k=  7 (used   7.0) c=0.820 alpha=-0.199 beta=+0.291 | loss 9.0343 (delta +6.1490) size 391.7 MB sparsity 44.9%
gen 46 offspring [17/100] k= 33 (used  33.0) c=0.959 alpha=-0.303 beta=+0.130 | loss 3.0844 (delta +0.1990) size 499.0 MB sparsity 18.9%
gen 46 offspring [18/100] k= 17 (used  17.0) c=0.970 alpha=-0.321 beta=+0.432 | loss 3.7762 (delta +0.8909) size 439.4 MB sparsity 32.0%
gen 46 offspring [19/100] k= 10 (used   9.0) c=0.994 alpha=-0.199 beta=+0.018 | loss 7.5009 (delta +4.6156) size 396.3 MB sparsity 41.5%
gen 46 offspring [20/100] k= 60 (used  59.6) c=0.935 alpha=-0.341 beta=+0.435 | loss 3.4697 (delta +0.5844) size 500.6 MB sparsity 31.9%
gen 46 offspring [21/100] k= 10 (used  10.0) c=0.849 alpha=-0.119 beta=+0.239 | loss 5.6750 (delta +2.7897) size 431.7 MB sparsity 36.3%
gen 46 offspring [22/100] k= 16 (used  16.0) c=0.837 alpha=-0.213 beta=+0.422 | loss 3.6421 (delta +0.7568) size 445.5 MB sparsity 28.6%
gen 46 offspring [23/100] k= 17 (used  17.0) c=0.818 alpha=-0.119 beta=+0.008 | loss 3.2991 (delta +0.4137) size 463.3 MB sparsity 18.7%
gen 46 offspring [24/100] k= 33 (used  33.0) c=0.939 alpha=-0.320 beta=+0.382 | loss 3.3993 (delta +0.5139) size 476.2 MB sparsity 29.1%
gen 46 offspring [25/100] k= 15 (used  15.0) c=1.000 alpha=-0.152 beta=+0.333 | loss 3.6882 (delta +0.8029) size 447.0 MB sparsity 27.6%
gen 46 offspring [26/100] k= 18 (used  17.0) c=0.990 alpha=-0.197 beta=+0.002 | loss 3.4158 (delta +0.5305) size 456.7 MB sparsity 22.3%
gen 46 offspring [27/100] k= 17 (used  17.0) c=0.970 alpha=-0.054 beta=+0.433 | loss 3.5907 (delta +0.7054) size 444.9 MB sparsity 28.9%
gen 46 offspring [28/100] k= 17 (used  17.0) c=0.993 alpha=-0.150 beta=+0.428 | loss 3.6047 (delta +0.7194) size 444.7 MB sparsity 29.1%
gen 46 offspring [29/100] k= 33 (used  33.0) c=0.959 alpha=-0.063 beta=+0.128 | loss 2.9703 (delta +0.0849) size 515.1 MB sparsity 11.7%
gen 46 offspring [30/100] k= 18 (used  18.0) c=0.848 alpha=-0.206 beta=+0.267 | loss 3.3007 (delta +0.4153) size 491.9 MB sparsity 22.1%
gen 46 offspring [31/100] k= 16 (used  15.0) c=0.999 alpha=-0.065 beta=+0.428 | loss 3.8025 (delta +0.9172) size 441.6 MB sparsity 30.8%
gen 46 offspring [32/100] k= 29 (used  29.0) c=0.998 alpha=-0.021 beta=+0.122 | loss 3.0226 (delta +0.1373) size 496.7 MB sparsity 13.3%
gen 46 offspring [33/100] k= 31 (used  31.0) c=0.968 alpha=-0.263 beta=+0.416 | loss 3.3651 (delta +0.4798) size 478.1 MB sparsity 28.3%
gen 46 offspring [34/100] k= 17 (used  17.0) c=0.984 alpha=-0.437 beta=+0.432 | loss 4.0585 (delta +1.1732) size 432.0 MB sparsity 36.1%
gen 46 offspring [35/100] k= 33 (used  33.0) c=0.974 alpha=-0.208 beta=+0.334 | loss 3.1545 (delta +0.2691) size 490.0 MB sparsity 23.0%
gen 46 offspring [36/100] k= 31 (used  31.0) c=0.927 alpha=-0.173 beta=+0.287 | loss 3.0907 (delta +0.2053) size 495.8 MB sparsity 19.8%
gen 46 offspring [37/100] k= 64 (used  64.0) c=0.941 alpha=-0.205 beta=+0.070 | loss 2.9456 (delta +0.0603) size 541.4 MB sparsity 12.0%
gen 46 offspring [38/100] k= 16 (used  16.0) c=0.825 alpha=-0.122 beta=+0.297 | loss 3.4879 (delta +0.6025) size 450.5 MB sparsity 23.9%
gen 46 offspring [39/100] k= 16 (used  16.0) c=0.842 alpha=-0.043 beta=+0.247 | loss 3.4368 (delta +0.5514) size 450.7 MB sparsity 22.6%
gen 46 offspring [40/100] k=234 (used 234.0) c=0.994 alpha=-0.003 beta=+0.010 | loss 2.8871 (delta +0.0017) size 630.9 MB sparsity 1.6%
gen 46 offspring [41/100] k= 32 (used  31.0) c=0.974 alpha=-0.202 beta=+0.382 | loss 3.2346 (delta +0.3493) size 486.2 MB sparsity 24.7%
gen 46 offspring [42/100] k= 64 (used  64.0) c=0.976 alpha=-0.231 beta=+0.064 | loss 2.9696 (delta +0.0843) size 541.4 MB sparsity 12.9%
gen 46 offspring [43/100] k= 16 (used  16.0) c=0.849 alpha=-0.022 beta=+0.286 | loss 3.4210 (delta +0.5357) size 450.4 MB sparsity 23.8%
gen 46 offspring [44/100] k= 33 (used  33.0) c=0.996 alpha=-0.297 beta=+0.368 | loss 3.3382 (delta +0.4529) size 479.3 MB sparsity 27.8%
gen 46 offspring [45/100] k= 16 (used  15.0) c=0.959 alpha=-0.064 beta=+0.031 | loss 3.6213 (delta +0.7360) size 449.2 MB sparsity 24.5%
gen 46 offspring [46/100] k= 17 (used  17.0) c=0.968 alpha=-0.313 beta=+0.428 | loss 3.7541 (delta +0.8688) size 440.1 MB sparsity 31.6%
gen 46 offspring [47/100] k= 17 (used  17.0) c=0.993 alpha=-0.090 beta=+0.432 | loss 3.6048 (delta +0.7195) size 444.5 MB sparsity 29.2%
gen 46 offspring [48/100] k= 24 (used  23.0) c=0.969 alpha=-0.263 beta=+0.428 | loss 3.4764 (delta +0.5910) size 476.3 MB sparsity 29.1%
gen 46 offspring [49/100] k= 17 (used  17.0) c=0.848 alpha=-0.201 beta=+0.393 | loss 3.4769 (delta +0.5915) size 449.3 MB sparsity 26.5%
gen 46 offspring [50/100] k= 17 (used  17.0) c=0.978 alpha=-0.173 beta=+0.341 | loss 3.4755 (delta +0.5901) size 450.5 MB sparsity 25.8%
gen 46 offspring [51/100] k= 32 (used  32.0) c=0.920 alpha=-0.194 beta=+0.022 | loss 2.9975 (delta +0.1121) size 496.7 MB sparsity 14.2%
gen 46 offspring [52/100] k= 19 (used  19.0) c=0.947 alpha=-0.284 beta=+0.432 | loss 3.5970 (delta +0.7116) size 473.5 MB sparsity 30.4%
gen 46 offspring [53/100] k= 42 (used  42.0) c=0.847 alpha=-0.188 beta=+0.194 | loss 3.0429 (delta +0.1576) size 540.9 MB sparsity 16.4%
gen 46 offspring [54/100] k= 19 (used  19.0) c=0.974 alpha=-0.333 beta=+0.331 | loss 3.6039 (delta +0.7185) size 477.6 MB sparsity 28.5%
gen 46 offspring [55/100] k= 17 (used  17.0) c=0.849 alpha=-0.149 beta=+0.241 | loss 3.2859 (delta +0.4005) size 459.5 MB sparsity 20.8%
gen 46 offspring [56/100] k= 17 (used  17.0) c=0.974 alpha=-0.073 beta=+0.266 | loss 3.4203 (delta +0.5349) size 455.0 MB sparsity 23.3%
gen 46 offspring [57/100] k= 19 (used  19.0) c=0.969 alpha=-0.016 beta=+0.408 | loss 3.4668 (delta +0.5815) size 481.5 MB sparsity 26.8%
gen 46 offspring [58/100] k= 38 (used  38.0) c=0.931 alpha=-0.239 beta=+0.350 | loss 3.2479 (delta +0.3625) size 519.8 MB sparsity 24.7%
gen 46 offspring [59/100] k= 66 (used  66.0) c=0.974 alpha=-0.051 beta=+0.031 | loss 2.9133 (delta +0.0280) size 586.1 MB sparsity 5.7%
gen 46 offspring [60/100] k= 33 (used  33.0) c=0.976 alpha=-0.231 beta=+0.336 | loss 3.1899 (delta +0.3045) size 487.8 MB sparsity 24.0%
gen 46 offspring [61/100] k= 15 (used  15.0) c=0.994 alpha=-0.099 beta=+0.003 | loss 3.6491 (delta +0.7638) size 448.5 MB sparsity 25.3%
gen 46 offspring [62/100] k= 17 (used  17.0) c=0.844 alpha=-0.198 beta=+0.139 | loss 3.2764 (delta +0.3910) size 461.7 MB sparsity 19.6%
gen 46 offspring [63/100] k= 28 (used  28.0) c=0.915 alpha=-0.082 beta=+0.407 | loss 3.2639 (delta +0.3786) size 489.4 MB sparsity 23.3%
gen 46 offspring [64/100] k= 33 (used  33.0) c=0.976 alpha=-0.032 beta=+0.286 | loss 3.0502 (delta +0.1649) size 501.7 MB sparsity 17.7%
gen 46 offspring [65/100] k= 16 (used  16.0) c=0.781 alpha=-0.205 beta=+0.421 | loss 3.6535 (delta +0.7681) size 446.7 MB sparsity 27.9%
gen 46 offspring [66/100] k= 31 (used  31.0) c=0.928 alpha=-0.063 beta=+0.287 | loss 3.0600 (delta +0.1747) size 496.4 MB sparsity 17.9%
gen 46 offspring [67/100] k= 33 (used  33.0) c=0.974 alpha=-0.238 beta=+0.350 | loss 3.2105 (delta +0.3252) size 486.0 MB sparsity 24.8%
gen 46 offspring [68/100] k= 33 (used  33.0) c=0.974 alpha=-0.193 beta=+0.334 | loss 3.1380 (delta +0.2527) size 491.3 MB sparsity 22.4%
gen 46 offspring [69/100] k= 14 (used  13.0) c=0.979 alpha=-0.059 beta=+0.443 | loss 4.2813 (delta +1.3959) size 437.3 MB sparsity 33.2%
gen 46 offspring [70/100] k= 18 (used  18.0) c=0.936 alpha=-0.054 beta=+0.034 | loss 3.3500 (delta +0.4646) size 492.1 MB sparsity 21.2%
gen 46 offspring [71/100] k= 17 (used  17.0) c=0.848 alpha=-0.211 beta=+0.211 | loss 3.2768 (delta +0.3914) size 460.0 MB sparsity 20.5%
gen 46 offspring [72/100] k= 25 (used  25.0) c=0.974 alpha=-0.232 beta=+0.331 | loss 3.2995 (delta +0.4141) size 487.3 MB sparsity 24.2%
gen 46 offspring [73/100] k= 17 (used  17.0) c=0.926 alpha=-0.210 beta=+0.364 | loss 3.4669 (delta +0.5815) size 449.7 MB sparsity 26.2%
gen 46 offspring [74/100] k= 51 (used  51.0) c=0.834 alpha=-0.048 beta=+0.196 | loss 2.9887 (delta +0.1033) size 541.4 MB sparsity 11.5%
gen 46 offspring [75/100] k=119 (used 118.3) c=0.849 alpha=-0.016 beta=+0.257 | loss 2.9943 (delta +0.1090) size 586.1 MB sparsity 12.2%
gen 46 offspring [76/100] k= 17 (used  17.0) c=0.994 alpha=-0.236 beta=+0.435 | loss 3.6249 (delta +0.7395) size 443.4 MB sparsity 29.8%
gen 46 offspring [77/100] k= 17 (used  17.0) c=0.970 alpha=-0.301 beta=+0.335 | loss 3.5796 (delta +0.6942) size 446.6 MB sparsity 28.0%
gen 46 offspring [78/100] k= 19 (used  19.0) c=0.991 alpha=-0.205 beta=+0.352 | loss 3.4342 (delta +0.5488) size 484.8 MB sparsity 25.3%
gen 46 offspring [79/100] k=146 (used 145.0) c=0.998 alpha=-0.048 beta=+0.032 | loss 2.8929 (delta +0.0076) size 630.9 MB sparsity 3.7%
gen 46 offspring [80/100] k= 83 (used  82.6) c=0.948 alpha=-0.347 beta=+0.070 | loss 3.0574 (delta +0.1721) size 576.1 MB sparsity 17.5%
gen 46 offspring [81/100] k= 17 (used  17.0) c=0.972 alpha=-0.336 beta=+0.428 | loss 3.8110 (delta +0.9257) size 438.6 MB sparsity 32.4%
gen 46 offspring [82/100] k= 13 (used  13.0) c=0.986 alpha=-0.460 beta=+0.434 | loss 4.7412 (delta +1.8558) size 428.9 MB sparsity 37.9%
gen 46 offspring [83/100] k= 33 (used  33.0) c=0.974 alpha=-0.227 beta=+0.414 | loss 3.2751 (delta +0.3897) size 481.6 MB sparsity 26.7%
gen 46 offspring [84/100] k= 33 (used  33.0) c=0.974 alpha=-0.059 beta=+0.378 | loss 3.1725 (delta +0.2871) size 493.8 MB sparsity 21.3%
gen 46 offspring [85/100] k= 48 (used  48.0) c=0.958 alpha=-0.069 beta=+0.130 | loss 2.9405 (delta +0.0551) size 541.4 MB sparsity 9.7%
gen 46 offspring [86/100] k= 28 (used  28.0) c=0.920 alpha=-0.194 beta=+0.263 | loss 3.1292 (delta +0.2439) size 495.6 MB sparsity 20.0%
gen 46 offspring [87/100] k=  8 (used   8.0) c=0.838 alpha=-0.201 beta=+0.392 | loss 8.7314 (delta +5.8461) size 390.7 MB sparsity 45.7%
gen 46 offspring [88/100] k= 21 (used  21.0) c=0.876 alpha=-0.330 beta=+0.433 | loss 3.6377 (delta +0.7523) size 470.5 MB sparsity 31.7%
gen 46 offspring [89/100] k= 30 (used  30.0) c=0.886 alpha=-0.004 beta=+0.385 | loss 3.2017 (delta +0.3163) size 492.7 MB sparsity 21.8%
gen 46 offspring [90/100] k= 17 (used  17.0) c=0.992 alpha=-0.286 beta=+0.439 | loss 3.7378 (delta +0.8524) size 440.8 MB sparsity 31.2%
gen 46 offspring [91/100] k= 15 (used  15.0) c=0.970 alpha=-0.321 beta=+0.478 | loss 4.0993 (delta +1.2140) size 435.6 MB sparsity 34.1%
gen 46 offspring [92/100] k= 32 (used  32.0) c=0.923 alpha=-0.275 beta=+0.003 | loss 3.0540 (delta +0.1686) size 496.5 MB sparsity 17.4%
gen 46 offspring [93/100] k= 16 (used  16.0) c=0.798 alpha=-0.224 beta=+0.240 | loss 3.4834 (delta +0.5981) size 451.2 MB sparsity 22.2%
gen 46 offspring [94/100] k= 67 (used  67.0) c=0.985 alpha=-0.048 beta=+0.066 | loss 2.9107 (delta +0.0254) size 586.1 MB sparsity 6.0%
gen 46 offspring [95/100] k= 34 (used  33.0) c=0.970 alpha=-0.167 beta=+0.368 | loss 3.1645 (delta +0.2791) size 490.5 MB sparsity 22.8%
gen 46 offspring [96/100] k=142 (used 142.0) c=0.992 alpha=-0.010 beta=+0.001 | loss 2.8915 (delta +0.0062) size 630.9 MB sparsity 2.7%
gen 46 offspring [97/100] k= 16 (used  16.0) c=0.849 alpha=-0.063 beta=+0.239 | loss 3.4096 (delta +0.5243) size 450.7 MB sparsity 22.5%
gen 46 offspring [98/100] k=150 (used 150.0) c=0.915 alpha=-0.008 beta=+0.032 | loss 2.8958 (delta +0.0104) size 630.9 MB sparsity 2.6%
gen 46 offspring [99/100] k= 18 (used  17.0) c=0.959 alpha=-0.102 beta=+0.031 | loss 3.4158 (delta +0.5305) size 457.9 MB sparsity 21.7%
gen 46 offspring [100/100] k= 17 (used  17.0) c=0.994 alpha=-0.351 beta=+0.436 | loss 3.8526 (delta +0.9673) size 437.1 MB sparsity 33.3%
=== generation 46/50 done in 447s (0 reused), batch baseline 2.8854, HV 0.19426, front 100 points, 100/100 feasible, best delta loss +0.0017, smallest 436.7 MB
gen 47 offspring [1/100] k= 18 (used  17.0) c=0.995 alpha=-0.041 beta=+0.422 | loss 3.6162 (delta +0.7309) size 445.0 MB sparsity 28.9%
gen 47 offspring [2/100] k=234 (used 230.6) c=0.994 alpha=-0.003 beta=+0.423 | loss 3.3574 (delta +0.4720) size 610.8 MB sparsity 18.1%
gen 47 offspring [3/100] k= 28 (used  27.0) c=0.970 alpha=-0.310 beta=+0.382 | loss 3.4919 (delta +0.6066) size 476.7 MB sparsity 28.9%
gen 47 offspring [4/100] k= 17 (used  17.0) c=0.927 alpha=-0.121 beta=+0.412 | loss 3.5474 (delta +0.6620) size 447.1 MB sparsity 27.7%
gen 47 offspring [5/100] k= 33 (used  33.0) c=0.877 alpha=-0.198 beta=+0.384 | loss 3.2599 (delta +0.3745) size 486.7 MB sparsity 24.4%
gen 47 offspring [6/100] k= 17 (used  17.0) c=0.856 alpha=-0.024 beta=+0.258 | loss 3.3134 (delta +0.4280) size 458.4 MB sparsity 21.4%
gen 47 offspring [7/100] k= 17 (used  17.0) c=0.969 alpha=-0.282 beta=+0.412 | loss 3.6621 (delta +0.7768) size 442.9 MB sparsity 30.0%
gen 47 offspring [8/100] k= 40 (used  40.0) c=0.973 alpha=-0.010 beta=+0.005 | loss 2.9478 (delta +0.0625) size 541.4 MB sparsity 9.6%
gen 47 offspring [9/100] k= 65 (used  65.0) c=0.941 alpha=-0.051 beta=+0.149 | loss 2.9237 (delta +0.0383) size 561.5 MB sparsity 9.2%
gen 47 offspring [10/100] k= 17 (used  17.0) c=0.956 alpha=-0.276 beta=+0.418 | loss 3.6918 (delta +0.8064) size 443.0 MB sparsity 30.0%
gen 47 offspring [11/100] k= 17 (used  17.0) c=0.848 alpha=-0.178 beta=+0.275 | loss 3.3155 (delta +0.4301) size 457.4 MB sparsity 22.0%
gen 47 offspring [12/100] k= 18 (used  17.0) c=0.971 alpha=-0.201 beta=+0.413 | loss 3.5718 (delta +0.6864) size 446.0 MB sparsity 28.3%
gen 47 offspring [13/100] k= 17 (used  17.0) c=0.849 alpha=-0.198 beta=+0.416 | loss 3.5124 (delta +0.6271) size 447.9 MB sparsity 27.3%
gen 47 offspring [14/100] k= 31 (used  31.0) c=0.861 alpha=-0.034 beta=+0.415 | loss 3.2866 (delta +0.4012) size 491.4 MB sparsity 22.4%
gen 47 offspring [15/100] k= 16 (used  15.0) c=0.983 alpha=-0.063 beta=+0.298 | loss 3.6939 (delta +0.8086) size 448.3 MB sparsity 26.3%
gen 47 offspring [16/100] k=195 (used 192.5) c=0.971 alpha=-0.000 beta=+0.401 | loss 3.2885 (delta +0.4032) size 613.3 MB sparsity 17.4%
gen 47 offspring [17/100] k= 18 (used  17.0) c=0.984 alpha=-0.357 beta=+0.428 | loss 3.8492 (delta +0.9639) size 437.3 MB sparsity 33.2%
gen 47 offspring [18/100] k= 39 (used  39.0) c=0.985 alpha=-0.336 beta=+0.434 | loss 3.5135 (delta +0.6281) size 501.0 MB sparsity 31.7%
gen 47 offspring [19/100] k=152 (used 150.9) c=0.997 alpha=-0.021 beta=+0.122 | loss 2.8998 (delta +0.0144) size 630.9 MB sparsity 6.5%
gen 47 offspring [20/100] k= 29 (used  29.0) c=0.998 alpha=-0.060 beta=+0.331 | loss 3.1483 (delta +0.2630) size 494.6 MB sparsity 20.5%
gen 47 offspring [21/100] k= 13 (used  13.0) c=0.848 alpha=-0.206 beta=+0.248 | loss 3.7195 (delta +0.8341) size 448.6 MB sparsity 25.4%
gen 47 offspring [22/100] k= 17 (used  17.0) c=0.975 alpha=-0.082 beta=+0.433 | loss 3.6033 (delta +0.7179) size 444.8 MB sparsity 29.0%
gen 47 offspring [23/100] k= 33 (used  33.0) c=0.929 alpha=-0.174 beta=+0.130 | loss 2.9911 (delta +0.1057) size 510.4 MB sparsity 13.9%
gen 47 offspring [24/100] k= 18 (used  17.0) c=0.985 alpha=-0.059 beta=+0.431 | loss 3.6178 (delta +0.7325) size 444.7 MB sparsity 29.1%
gen 47 offspring [25/100] k= 65 (used  65.0) c=0.964 alpha=-0.060 beta=+0.035 | loss 2.9151 (delta +0.0298) size 570.5 MB sparsity 5.8%
gen 47 offspring [26/100] k= 31 (used  31.0) c=0.911 alpha=-0.191 beta=+0.288 | loss 3.1023 (delta +0.2170) size 495.1 MB sparsity 20.6%
gen 47 offspring [27/100] k= 17 (used  17.0) c=0.849 alpha=-0.247 beta=+0.287 | loss 3.4139 (delta +0.5286) size 453.9 MB sparsity 23.9%
gen 47 offspring [28/100] k= 65 (used  65.0) c=0.922 alpha=-0.008 beta=+0.066 | loss 2.9121 (delta +0.0267) size 570.4 MB sparsity 5.9%
gen 47 offspring [29/100] k= 17 (used  17.0) c=0.996 alpha=-0.236 beta=+0.435 | loss 3.6382 (delta +0.7529) size 443.4 MB sparsity 29.8%
gen 47 offspring [30/100] k=234 (used 234.0) c=0.849 alpha=-0.015 beta=+0.026 | loss 2.9109 (delta +0.0255) size 630.9 MB sparsity 1.9%
gen 47 offspring [31/100] k=234 (used 234.0) c=0.994 alpha=-0.017 beta=+0.009 | loss 2.8870 (delta +0.0017) size 630.9 MB sparsity 1.7%
gen 47 offspring [32/100] k= 17 (used  17.0) c=0.849 alpha=-0.075 beta=+0.258 | loss 3.2948 (delta +0.4094) size 458.6 MB sparsity 21.3%
gen 47 offspring [33/100] k= 16 (used  16.0) c=0.848 alpha=-0.201 beta=+0.336 | loss 3.4764 (delta +0.5911) size 449.4 MB sparsity 25.6%
gen 47 offspring [34/100] k= 17 (used  17.0) c=0.811 alpha=-0.201 beta=+0.393 | loss 3.5313 (delta +0.6459) size 449.8 MB sparsity 26.2%
gen 47 offspring [35/100] k= 17 (used  17.0) c=0.847 alpha=-0.089 beta=+0.334 | loss 3.3774 (delta +0.4920) size 453.8 MB sparsity 23.9%
gen 47 offspring [36/100] k= 18 (used  18.0) c=0.859 alpha=-0.005 beta=+0.428 | loss 3.5389 (delta +0.6535) size 480.0 MB sparsity 27.5%
gen 47 offspring [37/100] k= 16 (used  16.0) c=0.856 alpha=-0.050 beta=+0.195 | loss 3.4122 (delta +0.5269) size 450.6 MB sparsity 22.1%
gen 47 offspring [38/100] k= 18 (used  18.0) c=0.928 alpha=-0.175 beta=+0.422 | loss 3.5488 (delta +0.6635) size 478.6 MB sparsity 28.1%
gen 47 offspring [39/100] k= 64 (used  64.0) c=0.941 alpha=-0.042 beta=+0.048 | loss 2.9148 (delta +0.0295) size 541.4 MB sparsity 5.7%
gen 47 offspring [40/100] k= 17 (used  17.0) c=0.968 alpha=-0.359 beta=+0.428 | loss 3.8405 (delta +0.9551) size 437.2 MB sparsity 33.2%
gen 47 offspring [41/100] k= 33 (used  33.0) c=0.974 alpha=-0.205 beta=+0.290 | loss 3.1131 (delta +0.2278) size 494.1 MB sparsity 21.1%
gen 47 offspring [42/100] k= 13 (used  13.0) c=0.959 alpha=-0.060 beta=+0.130 | loss 4.0296 (delta +1.1442) size 445.6 MB sparsity 28.2%
gen 47 offspring [43/100] k=122 (used 121.0) c=0.853 alpha=-0.010 beta=+0.320 | loss 3.0806 (delta +0.1953) size 584.8 MB sparsity 14.6%
gen 47 offspring [44/100] k= 17 (used  17.0) c=0.994 alpha=-0.399 beta=+0.410 | loss 3.9292 (delta +1.0439) size 435.7 MB sparsity 34.1%
gen 47 offspring [45/100] k= 13 (used  13.0) c=0.978 alpha=-0.336 beta=+0.428 | loss 4.3184 (delta +1.4331) size 436.1 MB sparsity 33.8%
gen 47 offspring [46/100] k= 42 (used  42.0) c=0.848 alpha=-0.220 beta=+0.194 | loss 3.0666 (delta +0.1813) size 538.8 MB sparsity 17.6%
gen 47 offspring [47/100] k= 17 (used  17.0) c=0.993 alpha=-0.277 beta=+0.022 | loss 3.4553 (delta +0.5700) size 453.9 MB sparsity 23.9%
gen 47 offspring [48/100] k= 16 (used  15.0) c=0.976 alpha=-0.229 beta=+0.433 | loss 3.8006 (delta +0.9152) size 441.8 MB sparsity 30.7%
gen 47 offspring [49/100] k= 17 (used  17.0) c=0.972 alpha=-0.203 beta=+0.338 | loss 3.4707 (delta +0.5854) size 450.7 MB sparsity 25.7%
gen 47 offspring [50/100] k= 30 (used  30.0) c=0.913 alpha=-0.082 beta=+0.131 | loss 2.9946 (delta +0.1093) size 496.7 MB sparsity 12.5%
gen 47 offspring [51/100] k= 17 (used  17.0) c=0.993 alpha=-0.384 beta=+0.431 | loss 3.9298 (delta +1.0445) size 435.4 MB sparsity 34.2%
gen 47 offspring [52/100] k= 32 (used  32.0) c=0.922 alpha=-0.080 beta=+0.026 | loss 2.9737 (delta +0.0884) size 496.7 MB sparsity 11.4%
gen 47 offspring [53/100] k= 30 (used  29.0) c=0.993 alpha=-0.223 beta=+0.335 | loss 3.2399 (delta +0.3545) size 488.1 MB sparsity 23.8%
gen 47 offspring [54/100] k= 17 (used  17.0) c=0.994 alpha=-0.361 beta=+0.428 | loss 3.8608 (delta +0.9754) size 436.9 MB sparsity 33.4%
gen 47 offspring [55/100] k= 17 (used  17.0) c=0.848 alpha=-0.206 beta=+0.271 | loss 3.3148 (delta +0.4295) size 456.9 MB sparsity 22.2%
gen 47 offspring [56/100] k= 31 (used  31.0) c=0.927 alpha=-0.201 beta=+0.260 | loss 3.0871 (delta +0.2017) size 495.9 MB sparsity 19.9%
gen 47 offspring [57/100] k= 17 (used  17.0) c=0.847 alpha=-0.210 beta=+0.393 | loss 3.4889 (delta +0.6035) size 449.0 MB sparsity 26.7%
gen 47 offspring [58/100] k= 17 (used  17.0) c=0.858 alpha=-0.119 beta=+0.015 | loss 3.2895 (delta +0.4042) size 461.7 MB sparsity 19.5%
gen 47 offspring [59/100] k= 17 (used  17.0) c=0.959 alpha=-0.346 beta=+0.147 | loss 3.5664 (delta +0.6811) size 450.6 MB sparsity 25.8%
gen 47 offspring [60/100] k= 17 (used  17.0) c=0.847 alpha=-0.205 beta=+0.438 | loss 3.5738 (delta +0.6885) size 446.2 MB sparsity 28.2%
gen 47 offspring [61/100] k= 17 (used  17.0) c=0.879 alpha=-0.206 beta=+0.403 | loss 3.5437 (delta +0.6584) size 448.1 MB sparsity 27.2%
gen 47 offspring [62/100] k= 20 (used  19.0) c=0.994 alpha=-0.227 beta=+0.003 | loss 3.3214 (delta +0.4360) size 493.0 MB sparsity 20.8%
gen 47 offspring [63/100] k= 63 (used  63.0) c=0.968 alpha=-0.054 beta=+0.066 | loss 2.9196 (delta +0.0342) size 541.4 MB sparsity 6.2%
gen 47 offspring [64/100] k= 16 (used  16.0) c=0.932 alpha=-0.251 beta=+0.342 | loss 3.6097 (delta +0.7244) size 447.6 MB sparsity 27.3%
gen 47 offspring [65/100] k= 29 (used  29.0) c=0.986 alpha=-0.048 beta=+0.032 | loss 3.0187 (delta +0.1333) size 496.7 MB sparsity 13.1%
gen 47 offspring [66/100] k= 33 (used  33.0) c=0.975 alpha=-0.204 beta=+0.125 | loss 3.0008 (delta +0.1155) size 507.8 MB sparsity 15.0%
gen 47 offspring [67/100] k= 33 (used  33.0) c=0.975 alpha=-0.041 beta=+0.291 | loss 3.0536 (delta +0.1683) size 501.2 MB sparsity 18.0%
gen 47 offspring [68/100] k= 33 (used  33.0) c=0.959 alpha=-0.389 beta=+0.031 | loss 3.1770 (delta +0.2916) size 493.0 MB sparsity 21.6%
gen 47 offspring [69/100] k= 31 (used  31.0) c=0.959 alpha=-0.061 beta=+0.287 | loss 3.0745 (delta +0.1891) size 496.3 MB sparsity 18.1%
gen 47 offspring [70/100] k=106 (used 105.5) c=0.970 alpha=-0.309 beta=+0.072 | loss 3.0152 (delta +0.1299) size 580.7 MB sparsity 16.0%
gen 47 offspring [71/100] k= 18 (used  17.0) c=0.967 alpha=-0.278 beta=+0.423 | loss 3.6826 (delta +0.7973) size 442.5 MB sparsity 30.3%
gen 47 offspring [72/100] k= 67 (used  67.0) c=0.985 alpha=-0.051 beta=+0.066 | loss 2.9111 (delta +0.0258) size 586.1 MB sparsity 6.0%
gen 47 offspring [73/100] k= 17 (used  17.0) c=0.969 alpha=-0.317 beta=+0.446 | loss 3.8197 (delta +0.9344) size 438.7 MB sparsity 32.4%
gen 47 offspring [74/100] k=115 (used 115.0) c=0.984 alpha=-0.048 beta=+0.032 | loss 2.8935 (delta +0.0081) size 586.1 MB sparsity 3.9%
gen 47 offspring [75/100] k= 29 (used  29.0) c=0.913 alpha=-0.082 beta=+0.235 | loss 3.0391 (delta +0.1537) size 496.6 MB sparsity 16.2%
gen 47 offspring [76/100] k= 12 (used  11.0) c=0.994 alpha=-0.003 beta=+0.283 | loss 5.1621 (delta +2.2767) size 435.4 MB sparsity 34.3%
gen 47 offspring [77/100] k= 17 (used  17.0) c=0.846 alpha=-0.185 beta=+0.393 | loss 3.4787 (delta +0.5934) size 449.8 MB sparsity 26.2%
gen 47 offspring [78/100] k= 17 (used  17.0) c=0.848 alpha=-0.206 beta=+0.267 | loss 3.3078 (delta +0.4224) size 457.2 MB sparsity 22.1%
gen 47 offspring [79/100] k= 28 (used  27.0) c=0.997 alpha=-0.121 beta=+0.129 | loss 3.0388 (delta +0.1534) size 496.6 MB sparsity 14.2%
gen 47 offspring [80/100] k= 33 (used  33.0) c=0.974 alpha=-0.193 beta=+0.209 | loss 3.0411 (delta +0.1557) size 502.1 MB sparsity 17.6%
gen 47 offspring [81/100] k= 17 (used  17.0) c=0.862 alpha=-0.029 beta=+0.335 | loss 3.3976 (delta +0.5122) size 453.4 MB sparsity 24.2%
gen 47 offspring [82/100] k= 30 (used  29.0) c=0.969 alpha=-0.353 beta=+0.003 | loss 3.1763 (delta +0.2910) size 493.9 MB sparsity 21.1%
gen 47 offspring [83/100] k= 40 (used  39.0) c=0.997 alpha=-0.204 beta=+0.298 | loss 3.1353 (delta +0.2500) size 529.0 MB sparsity 21.3%
gen 47 offspring [84/100] k= 30 (used  30.0) c=0.847 alpha=-0.204 beta=+0.287 | loss 3.1433 (delta +0.2579) size 494.4 MB sparsity 21.0%
gen 47 offspring [85/100] k= 31 (used  31.0) c=0.927 alpha=-0.195 beta=+0.299 | loss 3.1124 (delta +0.2271) size 494.1 MB sparsity 21.2%
gen 47 offspring [86/100] k= 17 (used  17.0) c=0.927 alpha=-0.168 beta=+0.426 | loss 3.5648 (delta +0.6794) size 446.2 MB sparsity 28.2%
gen 47 offspring [87/100] k= 13 (used  13.0) c=0.994 alpha=-0.255 beta=+0.428 | loss 4.3769 (delta +1.4915) size 437.7 MB sparsity 32.9%
gen 47 offspring [88/100] k= 25 (used  25.0) c=0.976 alpha=-0.226 beta=+0.384 | loss 3.3601 (delta +0.4748) size 483.3 MB sparsity 26.0%
gen 47 offspring [89/100] k= 56 (used  56.0) c=0.959 alpha=-0.128 beta=+0.209 | loss 2.9711 (delta +0.0857) size 541.4 MB sparsity 14.5%
gen 47 offspring [90/100] k= 17 (used  17.0) c=0.926 alpha=-0.220 beta=+0.323 | loss 3.4451 (delta +0.5598) size 452.0 MB sparsity 25.0%
gen 47 offspring [91/100] k= 17 (used  17.0) c=0.995 alpha=-0.197 beta=+0.003 | loss 3.4240 (delta +0.5387) size 456.5 MB sparsity 22.5%
gen 47 offspring [92/100] k= 17 (used  17.0) c=0.849 alpha=-0.119 beta=+0.039 | loss 3.2702 (delta +0.3848) size 462.1 MB sparsity 19.3%
gen 47 offspring [93/100] k= 17 (used  17.0) c=0.998 alpha=-0.324 beta=+0.433 | loss 3.8016 (delta +0.9162) size 439.0 MB sparsity 32.2%
gen 47 offspring [94/100] k= 47 (used  47.0) c=0.970 alpha=-0.221 beta=+0.205 | loss 3.0471 (delta +0.1617) size 537.5 MB sparsity 18.1%
gen 47 offspring [95/100] k= 34 (used  34.0) c=0.967 alpha=-0.241 beta=+0.368 | loss 3.2507 (delta +0.3654) size 517.5 MB sparsity 25.6%
gen 47 offspring [96/100] k= 16 (used  16.0) c=0.849 alpha=-0.102 beta=+0.017 | loss 3.4025 (delta +0.5172) size 450.7 MB sparsity 21.9%
gen 47 offspring [97/100] k= 33 (used  33.0) c=0.850 alpha=-0.178 beta=+0.382 | loss 3.2361 (delta +0.3507) size 488.7 MB sparsity 23.5%
gen 47 offspring [98/100] k= 19 (used  19.0) c=1.000 alpha=-0.036 beta=+0.435 | loss 3.5435 (delta +0.6581) size 478.6 MB sparsity 28.1%
gen 47 offspring [99/100] k= 20 (used  20.0) c=0.924 alpha=-0.210 beta=+0.300 | loss 3.2979 (delta +0.4126) size 489.7 MB sparsity 23.1%
gen 47 offspring [100/100] k= 17 (used  17.0) c=0.801 alpha=-0.149 beta=+0.253 | loss 3.3678 (delta +0.4825) size 460.0 MB sparsity 20.5%
=== generation 47/50 done in 447s (0 reused), batch baseline 2.8854, HV 0.19427, front 100 points, 100/100 feasible, best delta loss +0.0017, smallest 436.7 MB
gen 48 offspring [1/100] k= 17 (used  17.0) c=0.849 alpha=-0.038 beta=+0.258 | loss 3.2941 (delta +0.4088) size 458.6 MB sparsity 21.3%
gen 48 offspring [2/100] k= 17 (used  17.0) c=0.978 alpha=-0.203 beta=+0.309 | loss 3.4592 (delta +0.5739) size 452.3 MB sparsity 24.8%
gen 48 offspring [3/100] k= 37 (used  37.0) c=0.962 alpha=-0.080 beta=+0.288 | loss 3.0589 (delta +0.1736) size 539.5 MB sparsity 17.1%
gen 48 offspring [4/100] k=152 (used 152.0) c=0.985 alpha=-0.048 beta=+0.032 | loss 2.8905 (delta +0.0052) size 630.9 MB sparsity 3.6%
gen 48 offspring [5/100] k= 33 (used  33.0) c=0.968 alpha=-0.208 beta=+0.441 | loss 3.3060 (delta +0.4207) size 481.0 MB sparsity 27.0%
gen 48 offspring [6/100] k= 17 (used  17.0) c=0.970 alpha=-0.192 beta=+0.432 | loss 3.5887 (delta +0.7033) size 444.9 MB sparsity 28.9%
gen 48 offspring [7/100] k= 48 (used  48.0) c=0.962 alpha=-0.064 beta=+0.030 | loss 2.9302 (delta +0.0449) size 541.4 MB sparsity 7.8%
gen 48 offspring [8/100] k= 33 (used  33.0) c=0.861 alpha=-0.092 beta=+0.353 | loss 3.1730 (delta +0.2876) size 497.3 MB sparsity 19.7%
gen 48 offspring [9/100] k= 63 (used  62.7) c=0.968 alpha=-0.060 beta=+0.416 | loss 3.2932 (delta +0.4079) size 532.3 MB sparsity 20.1%
gen 48 offspring [10/100] k= 17 (used  17.0) c=0.953 alpha=-0.335 beta=+0.434 | loss 3.8680 (delta +0.9827) size 438.4 MB sparsity 32.5%
gen 48 offspring [11/100] k= 65 (used  64.6) c=0.922 alpha=-0.008 beta=+0.406 | loss 3.2982 (delta +0.4129) size 534.2 MB sparsity 19.4%
gen 48 offspring [12/100] k= 17 (used  17.0) c=0.833 alpha=-0.235 beta=+0.287 | loss 3.4150 (delta +0.5297) size 454.7 MB sparsity 23.5%
gen 48 offspring [13/100] k= 16 (used  16.0) c=0.849 alpha=-0.064 beta=+0.297 | loss 3.4411 (delta +0.5558) size 450.2 MB sparsity 24.2%
gen 48 offspring [14/100] k= 33 (used  33.0) c=0.974 alpha=-0.206 beta=+0.371 | loss 3.1936 (delta +0.3083) size 487.1 MB sparsity 24.3%
gen 48 offspring [15/100] k= 35 (used  35.0) c=0.993 alpha=-0.010 beta=+0.001 | loss 2.9700 (delta +0.0847) size 541.4 MB sparsity 10.9%
gen 48 offspring [16/100] k= 18 (used  17.0) c=0.951 alpha=-0.059 beta=+0.017 | loss 3.3856 (delta +0.5003) size 458.2 MB sparsity 21.5%
gen 48 offspring [17/100] k= 17 (used  17.0) c=0.992 alpha=-0.369 beta=+0.334 | loss 3.7050 (delta +0.8197) size 442.3 MB sparsity 30.4%
gen 48 offspring [18/100] k= 17 (used  17.0) c=0.974 alpha=-0.090 beta=+0.340 | loss 3.4804 (delta +0.5951) size 450.6 MB sparsity 25.7%
gen 48 offspring [19/100] k= 31 (used  31.0) c=0.994 alpha=-0.361 beta=+0.428 | loss 3.6015 (delta +0.7161) size 468.6 MB sparsity 32.5%
gen 48 offspring [20/100] k= 33 (used  33.0) c=0.972 alpha=-0.236 beta=+0.450 | loss 3.3631 (delta +0.4778) size 477.8 MB sparsity 28.5%
gen 48 offspring [21/100] k= 32 (used  32.0) c=0.963 alpha=-0.060 beta=+0.130 | loss 2.9885 (delta +0.1032) size 496.7 MB sparsity 12.3%
gen 48 offspring [22/100] k= 17 (used  17.0) c=0.997 alpha=-0.517 beta=+0.227 | loss 17.3293 (delta +14.4439) size 438.6 MB sparsity 32.4%
gen 48 offspring [23/100] k= 17 (used  17.0) c=0.971 alpha=-0.230 beta=+0.419 | loss 3.5961 (delta +0.7107) size 445.0 MB sparsity 28.9%
gen 48 offspring [24/100] k= 20 (used  19.0) c=0.993 alpha=-0.361 beta=+0.492 | loss 4.1692 (delta +1.2839) size 462.3 MB sparsity 35.3%
gen 48 offspring [25/100] k= 17 (used  17.0) c=0.968 alpha=-0.101 beta=+0.460 | loss 3.6774 (delta +0.7920) size 443.2 MB sparsity 29.9%
gen 48 offspring [26/100] k=234 (used 234.0) c=0.959 alpha=-0.047 beta=+0.009 | loss 2.8902 (delta +0.0049) size 630.9 MB sparsity 2.8%
gen 48 offspring [27/100] k= 17 (used  17.0) c=0.993 alpha=-0.236 beta=+0.435 | loss 3.6230 (delta +0.7377) size 443.5 MB sparsity 29.7%
gen 48 offspring [28/100] k= 17 (used  17.0) c=0.992 alpha=-0.361 beta=+0.428 | loss 3.8612 (delta +0.9758) size 436.9 MB sparsity 33.4%
gen 48 offspring [29/100] k= 33 (used  33.0) c=0.974 alpha=-0.208 beta=+0.334 | loss 3.1548 (delta +0.2694) size 490.0 MB sparsity 23.0%
gen 48 offspring [30/100] k= 66 (used  64.9) c=0.986 alpha=-0.051 beta=+0.332 | loss 3.0810 (delta +0.1957) size 541.4 MB sparsity 16.7%
gen 48 offspring [31/100] k= 17 (used  17.0) c=0.937 alpha=-0.119 beta=+0.039 | loss 3.3551 (delta +0.4697) size 458.8 MB sparsity 21.2%
gen 48 offspring [32/100] k= 16 (used  15.0) c=0.995 alpha=-0.197 beta=+0.426 | loss 3.8113 (delta +0.9260) size 441.8 MB sparsity 30.6%
gen 48 offspring [33/100] k= 17 (used  17.0) c=0.966 alpha=-0.081 beta=+0.434 | loss 3.6178 (delta +0.7325) size 444.9 MB sparsity 29.0%
gen 48 offspring [34/100] k= 34 (used  33.0) c=0.998 alpha=-0.216 beta=+0.335 | loss 3.1719 (delta +0.2865) size 489.1 MB sparsity 23.4%
gen 48 offspring [35/100] k= 31 (used  31.0) c=0.914 alpha=-0.021 beta=+0.290 | loss 3.0567 (delta +0.1714) size 496.4 MB sparsity 17.9%
gen 48 offspring [36/100] k= 64 (used  63.5) c=0.928 alpha=-0.336 beta=+0.431 | loss 3.4644 (delta +0.5790) size 501.6 MB sparsity 31.5%
gen 48 offspring [37/100] k= 17 (used  17.0) c=0.885 alpha=-0.336 beta=+0.426 | loss 3.8952 (delta +1.0098) size 439.2 MB sparsity 32.1%
gen 48 offspring [38/100] k= 36 (used  36.0) c=0.922 alpha=-0.008 beta=+0.066 | loss 2.9641 (delta +0.0788) size 541.4 MB sparsity 10.1%
gen 48 offspring [39/100] k= 69 (used  68.5) c=0.968 alpha=-0.069 beta=+0.442 | loss 3.4122 (delta +0.5268) size 564.5 MB sparsity 21.2%
gen 48 offspring [40/100] k= 31 (used  31.0) c=0.952 alpha=-0.060 beta=+0.286 | loss 3.0697 (delta +0.1844) size 496.3 MB sparsity 18.0%
gen 48 offspring [41/100] k= 33 (used  33.0) c=0.933 alpha=-0.181 beta=+0.343 | loss 3.1531 (delta +0.2677) size 491.6 MB sparsity 22.2%
gen 48 offspring [42/100] k= 31 (used  31.0) c=0.911 alpha=-0.191 beta=+0.297 | loss 3.1093 (delta +0.2240) size 494.5 MB sparsity 20.9%
gen 48 offspring [43/100] k= 16 (used  16.0) c=0.849 alpha=-0.051 beta=+0.305 | loss 3.4593 (delta +0.5739) size 450.1 MB sparsity 24.5%
gen 48 offspring [44/100] k= 17 (used  17.0) c=0.849 alpha=-0.100 beta=+0.353 | loss 3.4034 (delta +0.5181) size 452.5 MB sparsity 24.7%
gen 48 offspring [45/100] k= 17 (used  17.0) c=0.970 alpha=-0.207 beta=+0.432 | loss 3.5917 (delta +0.7063) size 444.7 MB sparsity 29.0%
gen 48 offspring [46/100] k= 17 (used  17.0) c=0.847 alpha=-0.197 beta=+0.313 | loss 3.3554 (delta +0.4700) size 454.6 MB sparsity 23.5%
gen 48 offspring [47/100] k= 17 (used  17.0) c=0.848 alpha=-0.181 beta=+0.420 | loss 3.5170 (delta +0.6317) size 448.0 MB sparsity 27.2%
gen 48 offspring [48/100] k= 17 (used  17.0) c=0.975 alpha=-0.151 beta=+0.553 | loss 15.3161 (delta +12.4308) size 437.4 MB sparsity 33.1%
gen 48 offspring [49/100] k= 13 (used  13.0) c=0.843 alpha=-0.205 beta=+0.424 | loss 3.8842 (delta +0.9988) size 442.2 MB sparsity 30.4%
gen 48 offspring [50/100] k= 42 (used  41.0) c=0.997 alpha=-0.048 beta=+0.194 | loss 2.9688 (delta +0.0834) size 541.4 MB sparsity 13.0%
gen 48 offspring [51/100] k= 18 (used  17.0) c=0.993 alpha=-0.284 beta=+0.404 | loss 3.6779 (delta +0.7925) size 443.2 MB sparsity 29.9%
gen 48 offspring [52/100] k=234 (used 234.0) c=0.994 alpha=-0.018 beta=+0.008 | loss 2.8874 (delta +0.0021) size 630.9 MB sparsity 1.7%
gen 48 offspring [53/100] k=146 (used 146.0) c=0.992 alpha=-0.015 beta=+0.002 | loss 2.8916 (delta +0.0062) size 630.9 MB sparsity 2.6%
gen 48 offspring [54/100] k= 59 (used  59.0) c=0.968 alpha=-0.054 beta=+0.067 | loss 2.9392 (delta +0.0539) size 541.4 MB sparsity 6.5%
gen 48 offspring [55/100] k= 17 (used  17.0) c=0.975 alpha=-0.197 beta=+0.335 | loss 3.4779 (delta +0.5925) size 450.9 MB sparsity 25.6%
gen 48 offspring [56/100] k= 17 (used  17.0) c=0.941 alpha=-0.360 beta=+0.083 | loss 3.5359 (delta +0.6505) size 450.1 MB sparsity 26.0%
gen 48 offspring [57/100] k= 17 (used  17.0) c=0.847 alpha=-0.236 beta=+0.422 | loss 3.5843 (delta +0.6989) size 445.8 MB sparsity 28.4%
gen 48 offspring [58/100] k= 17 (used  17.0) c=0.848 alpha=-0.201 beta=+0.068 | loss 3.2741 (delta +0.3887) size 461.4 MB sparsity 19.7%
gen 48 offspring [59/100] k= 17 (used  17.0) c=0.817 alpha=-0.198 beta=+0.411 | loss 3.5337 (delta +0.6483) size 448.6 MB sparsity 26.8%
gen 48 offspring [60/100] k= 17 (used  17.0) c=0.972 alpha=-0.358 beta=+0.428 | loss 3.8366 (delta +0.9513) size 437.3 MB sparsity 33.2%
gen 48 offspring [61/100] k= 17 (used  17.0) c=0.849 alpha=-0.198 beta=+0.316 | loss 3.3571 (delta +0.4717) size 454.4 MB sparsity 23.6%
gen 48 offspring [62/100] k= 32 (used  32.0) c=0.899 alpha=-0.080 beta=+0.026 | loss 2.9747 (delta +0.0893) size 496.7 MB sparsity 11.2%
gen 48 offspring [63/100] k= 64 (used  63.9) c=0.839 alpha=-0.150 beta=+0.259 | loss 3.0332 (delta +0.1478) size 539.6 MB sparsity 17.3%
gen 48 offspring [64/100] k= 33 (used  33.0) c=0.976 alpha=-0.240 beta=+0.386 | loss 3.2738 (delta +0.3885) size 482.7 MB sparsity 26.2%
gen 48 offspring [65/100] k= 17 (used  17.0) c=0.852 alpha=-0.022 beta=+0.430 | loss 3.5551 (delta +0.6697) size 447.5 MB sparsity 27.5%
gen 48 offspring [66/100] k= 33 (used  33.0) c=0.993 alpha=-0.239 beta=+0.426 | loss 3.3250 (delta +0.4397) size 479.5 MB sparsity 27.7%
gen 48 offspring [67/100] k= 16 (used  16.0) c=0.932 alpha=-0.252 beta=+0.342 | loss 3.6192 (delta +0.7338) size 447.5 MB sparsity 27.4%
gen 48 offspring [68/100] k= 11 (used  11.0) c=0.949 alpha=-0.229 beta=+0.382 | loss 4.7339 (delta +1.8485) size 435.8 MB sparsity 34.0%
gen 48 offspring [69/100] k= 18 (used  18.0) c=0.848 alpha=-0.199 beta=+0.383 | loss 3.4428 (delta +0.5574) size 483.0 MB sparsity 26.1%
gen 48 offspring [70/100] k= 17 (used  17.0) c=0.843 alpha=-0.178 beta=+0.427 | loss 3.5370 (delta +0.6517) size 447.7 MB sparsity 27.3%
gen 48 offspring [71/100] k= 32 (used  32.0) c=0.923 alpha=-0.080 beta=+0.013 | loss 2.9740 (delta +0.0886) size 496.7 MB sparsity 11.4%
gen 48 offspring [72/100] k= 17 (used  17.0) c=0.994 alpha=-0.258 beta=+0.431 | loss 3.6618 (delta +0.7764) size 442.8 MB sparsity 30.1%
gen 48 offspring [73/100] k= 27 (used  27.0) c=0.998 alpha=-0.285 beta=+0.101 | loss 3.1308 (delta +0.2454) size 495.5 MB sparsity 19.3%
gen 48 offspring [74/100] k= 33 (used  33.0) c=0.994 alpha=-0.063 beta=+0.130 | loss 2.9781 (delta +0.0928) size 514.4 MB sparsity 12.1%
gen 48 offspring [75/100] k= 32 (used  31.0) c=0.976 alpha=-0.240 beta=+0.361 | loss 3.2587 (delta +0.3734) size 484.7 MB sparsity 25.3%
gen 48 offspring [76/100] k= 74 (used  73.0) c=0.994 alpha=-0.010 beta=+0.002 | loss 2.9040 (delta +0.0186) size 586.1 MB sparsity 5.2%
gen 48 offspring [77/100] k= 33 (used  33.0) c=0.974 alpha=-0.204 beta=+0.291 | loss 3.1107 (delta +0.2253) size 494.1 MB sparsity 21.2%
gen 48 offspring [78/100] k= 17 (used  17.0) c=0.847 alpha=-0.024 beta=+0.069 | loss 3.2791 (delta +0.3938) size 462.2 MB sparsity 19.3%
gen 48 offspring [79/100] k= 65 (used  65.0) c=0.853 alpha=-0.061 beta=+0.035 | loss 2.9290 (delta +0.0436) size 571.6 MB sparsity 5.4%
gen 48 offspring [80/100] k= 18 (used  18.0) c=0.847 alpha=-0.210 beta=+0.368 | loss 3.4258 (delta +0.5405) size 483.8 MB sparsity 25.7%
gen 48 offspring [81/100] k= 29 (used  29.0) c=0.916 alpha=-0.336 beta=+0.041 | loss 3.1484 (delta +0.2630) size 495.2 MB sparsity 20.1%
gen 48 offspring [82/100] k= 42 (used  42.0) c=0.973 alpha=-0.056 beta=+0.188 | loss 2.9718 (delta +0.0865) size 541.4 MB sparsity 12.7%
gen 48 offspring [83/100] k= 29 (used  29.0) c=0.998 alpha=-0.002 beta=+0.122 | loss 3.0226 (delta +0.1373) size 496.7 MB sparsity 13.3%
gen 48 offspring [84/100] k= 16 (used  15.0) c=0.999 alpha=-0.054 beta=+0.074 | loss 3.6401 (delta +0.7547) size 448.4 MB sparsity 25.5%
gen 48 offspring [85/100] k= 16 (used  15.0) c=0.970 alpha=-0.050 beta=+0.197 | loss 3.6763 (delta +0.7909) size 449.0 MB sparsity 24.8%
gen 48 offspring [86/100] k= 60 (used  60.0) c=0.959 alpha=-0.064 beta=+0.031 | loss 2.9259 (delta +0.0406) size 541.4 MB sparsity 6.4%
gen 48 offspring [87/100] k= 13 (used  13.0) c=0.952 alpha=-0.350 beta=+0.057 | loss 4.1364 (delta +1.2510) size 443.3 MB sparsity 29.8%
gen 48 offspring [88/100] k= 16 (used  16.0) c=0.867 alpha=-0.023 beta=+0.258 | loss 3.4357 (delta +0.5504) size 450.4 MB sparsity 23.3%
gen 48 offspring [89/100] k= 25 (used  25.0) c=0.923 alpha=-0.010 beta=+0.062 | loss 3.0470 (delta +0.1617) size 496.6 MB sparsity 14.2%
gen 48 offspring [90/100] k= 31 (used  31.0) c=0.973 alpha=-0.252 beta=+0.333 | loss 3.2454 (delta +0.3601) size 486.1 MB sparsity 24.7%
gen 48 offspring [91/100] k= 17 (used  17.0) c=0.847 alpha=-0.213 beta=+0.383 | loss 3.4723 (delta +0.5869) size 449.4 MB sparsity 26.4%
gen 48 offspring [92/100] k=152 (used 152.0) c=0.985 alpha=-0.063 beta=+0.024 | loss 2.8906 (delta +0.0053) size 630.9 MB sparsity 4.0%
gen 48 offspring [93/100] k= 33 (used  33.0) c=0.976 alpha=-0.217 beta=+0.380 | loss 3.2304 (delta +0.3450) size 485.3 MB sparsity 25.1%
gen 48 offspring [94/100] k= 17 (used  17.0) c=0.855 alpha=-0.317 beta=+0.298 | loss 3.5589 (delta +0.6735) size 448.8 MB sparsity 26.8%
gen 48 offspring [95/100] k= 17 (used  17.0) c=0.993 alpha=-0.284 beta=+0.432 | loss 3.7102 (delta +0.8249) size 441.4 MB sparsity 30.9%
gen 48 offspring [96/100] k= 35 (used  35.0) c=0.928 alpha=-0.088 beta=+0.301 | loss 3.0820 (delta +0.1966) size 538.3 MB sparsity 17.7%
gen 48 offspring [97/100] k= 17 (used  17.0) c=0.975 alpha=-0.216 beta=+0.398 | loss 3.5616 (delta +0.6762) size 446.7 MB sparsity 28.0%
gen 48 offspring [98/100] k= 17 (used  17.0) c=0.845 alpha=-0.118 beta=+0.039 | loss 3.2789 (delta +0.3935) size 462.3 MB sparsity 19.2%
gen 48 offspring [99/100] k= 17 (used  17.0) c=0.862 alpha=-0.149 beta=+0.334 | loss 3.3834 (delta +0.4980) size 453.5 MB sparsity 24.1%
gen 48 offspring [100/100] k= 33 (used  33.0) c=0.974 alpha=-0.070 beta=+0.333 | loss 3.0950 (delta +0.2097) size 497.7 MB sparsity 19.5%
=== generation 48/50 done in 447s (0 reused), batch baseline 2.8854, HV 0.19427, front 100 points, 100/100 feasible, best delta loss +0.0017, smallest 436.7 MB
gen 49 offspring [1/100] k= 16 (used  15.0) c=0.968 alpha=-0.365 beta=+0.432 | loss 4.0689 (delta +1.1836) size 435.9 MB sparsity 34.0%
gen 49 offspring [2/100] k= 33 (used  33.0) c=0.991 alpha=-0.242 beta=+0.335 | loss 3.2164 (delta +0.3310) size 486.9 MB sparsity 24.4%
gen 49 offspring [3/100] k= 98 (used  97.0) c=0.992 alpha=-0.093 beta=+0.085 | loss 2.9007 (delta +0.0153) size 586.1 MB sparsity 7.7%
gen 49 offspring [4/100] k= 66 (used  65.0) c=0.985 alpha=-0.051 beta=+0.066 | loss 2.9133 (delta +0.0280) size 569.7 MB sparsity 6.1%
gen 49 offspring [5/100] k= 62 (used  62.0) c=0.922 alpha=-0.007 beta=+0.066 | loss 2.9182 (delta +0.0328) size 541.4 MB sparsity 6.1%
gen 49 offspring [6/100] k= 35 (used  35.0) c=0.992 alpha=-0.089 beta=+0.430 | loss 3.2934 (delta +0.4081) size 524.4 MB sparsity 23.0%
gen 49 offspring [7/100] k= 17 (used  17.0) c=0.969 alpha=-0.258 beta=+0.408 | loss 3.6126 (delta +0.7273) size 444.5 MB sparsity 29.2%
gen 49 offspring [8/100] k= 31 (used  31.0) c=0.976 alpha=-0.245 beta=+0.382 | loss 3.3018 (delta +0.4165) size 482.5 MB sparsity 26.3%
gen 49 offspring [9/100] k= 16 (used  15.0) c=0.976 alpha=-0.240 beta=+0.382 | loss 3.7580 (delta +0.8726) size 444.7 MB sparsity 29.1%
gen 49 offspring [10/100] k= 28 (used  27.0) c=0.973 alpha=-0.051 beta=+0.039 | loss 3.0507 (delta +0.1654) size 496.6 MB sparsity 13.8%
gen 49 offspring [11/100] k= 27 (used  27.0) c=0.993 alpha=-0.333 beta=+0.434 | loss 3.5619 (delta +0.6766) size 470.3 MB sparsity 31.8%
gen 49 offspring [12/100] k= 18 (used  17.0) c=0.971 alpha=-0.201 beta=+0.388 | loss 3.5304 (delta +0.6450) size 447.6 MB sparsity 27.4%
gen 49 offspring [13/100] k= 15 (used  15.0) c=0.994 alpha=-0.343 beta=+0.283 | loss 3.8378 (delta +0.9524) size 445.4 MB sparsity 28.6%
gen 49 offspring [14/100] k= 17 (used  17.0) c=0.844 alpha=-0.222 beta=+0.271 | loss 3.3606 (delta +0.4752) size 456.3 MB sparsity 22.6%
gen 49 offspring [15/100] k= 34 (used  33.0) c=0.974 alpha=-0.223 beta=+0.427 | loss 3.2899 (delta +0.4046) size 480.8 MB sparsity 27.1%
gen 49 offspring [16/100] k= 17 (used  17.0) c=0.994 alpha=-0.017 beta=+0.009 | loss 3.4139 (delta +0.5285) size 456.6 MB sparsity 22.4%
gen 49 offspring [17/100] k= 29 (used  29.0) c=0.959 alpha=-0.119 beta=+0.112 | loss 3.0231 (delta +0.1377) size 496.7 MB sparsity 12.8%
gen 49 offspring [18/100] k= 17 (used  17.0) c=0.886 alpha=-0.162 beta=+0.417 | loss 3.5484 (delta +0.6631) size 447.6 MB sparsity 27.4%
gen 49 offspring [19/100] k= 17 (used  17.0) c=0.976 alpha=-0.217 beta=+0.382 | loss 3.5374 (delta +0.6520) size 447.6 MB sparsity 27.4%
gen 49 offspring [20/100] k= 16 (used  16.0) c=0.853 alpha=-0.050 beta=+0.140 | loss 3.4148 (delta +0.5294) size 450.7 MB sparsity 22.0%
gen 49 offspring [21/100] k= 38 (used  38.0) c=0.941 alpha=-0.239 beta=+0.330 | loss 3.2279 (delta +0.3425) size 521.9 MB sparsity 23.9%
gen 49 offspring [22/100] k= 16 (used  16.0) c=0.848 alpha=-0.190 beta=+0.203 | loss 3.3896 (delta +0.5042) size 450.7 MB sparsity 22.0%
gen 49 offspring [23/100] k= 17 (used  17.0) c=0.847 alpha=-0.192 beta=+0.218 | loss 3.2759 (delta +0.3906) size 460.4 MB sparsity 20.3%
gen 49 offspring [24/100] k= 26 (used  26.0) c=0.956 alpha=-0.029 beta=+0.365 | loss 3.2608 (delta +0.3754) size 490.9 MB sparsity 22.6%
gen 49 offspring [25/100] k=137 (used 135.1) c=0.847 alpha=-0.010 beta=+0.406 | loss 3.3672 (delta +0.4818) size 611.8 MB sparsity 17.8%
gen 49 offspring [26/100] k= 17 (used  17.0) c=0.969 alpha=-0.321 beta=+0.432 | loss 3.7765 (delta +0.8911) size 439.4 MB sparsity 32.0%
gen 49 offspring [27/100] k= 33 (used  33.0) c=0.989 alpha=-0.242 beta=+0.382 | loss 3.2942 (delta +0.4088) size 482.8 MB sparsity 26.2%
gen 49 offspring [28/100] k= 29 (used  29.0) c=0.913 alpha=-0.005 beta=+0.131 | loss 2.9964 (delta +0.1111) size 496.7 MB sparsity 12.5%
gen 49 offspring [29/100] k= 18 (used  17.0) c=0.979 alpha=-0.209 beta=+0.401 | loss 3.5643 (delta +0.6789) size 446.5 MB sparsity 28.1%
gen 49 offspring [30/100] k= 31 (used  31.0) c=0.851 alpha=-0.060 beta=+0.039 | loss 2.9946 (delta +0.1093) size 496.7 MB sparsity 10.6%
gen 49 offspring [31/100] k=152 (used 152.0) c=0.985 alpha=-0.048 beta=+0.039 | loss 2.8903 (delta +0.0049) size 630.9 MB sparsity 3.9%
gen 49 offspring [32/100] k= 17 (used  17.0) c=0.869 alpha=-0.197 beta=+0.313 | loss 3.3776 (delta +0.4922) size 454.3 MB sparsity 23.7%
gen 49 offspring [33/100] k= 65 (used  65.0) c=0.926 alpha=-0.206 beta=+0.263 | loss 3.0548 (delta +0.1694) size 533.0 MB sparsity 19.8%
gen 49 offspring [34/100] k= 65 (used  65.0) c=0.941 alpha=-0.028 beta=+0.021 | loss 2.9110 (delta +0.0257) size 571.3 MB sparsity 5.5%
gen 49 offspring [35/100] k= 18 (used  18.0) c=0.922 alpha=-0.188 beta=+0.014 | loss 3.3436 (delta +0.4582) size 492.5 MB sparsity 20.9%
gen 49 offspring [36/100] k= 12 (used  12.0) c=0.849 alpha=-0.206 beta=+0.298 | loss 4.1773 (delta +1.2919) size 443.0 MB sparsity 30.0%
gen 49 offspring [37/100] k= 17 (used  17.0) c=0.847 alpha=-0.206 beta=+0.266 | loss 3.3112 (delta +0.4258) size 457.2 MB sparsity 22.0%
gen 49 offspring [38/100] k= 31 (used  31.0) c=0.925 alpha=-0.141 beta=+0.254 | loss 3.0424 (delta +0.1571) size 496.6 MB sparsity 17.5%
gen 49 offspring [39/100] k= 26 (used  26.0) c=0.922 alpha=-0.030 beta=+0.041 | loss 3.0462 (delta +0.1609) size 496.6 MB sparsity 14.2%
gen 49 offspring [40/100] k= 33 (used  33.0) c=0.976 alpha=-0.173 beta=+0.304 | loss 3.0972 (delta +0.2119) size 495.5 MB sparsity 20.5%
gen 49 offspring [41/100] k= 41 (used  41.0) c=0.959 alpha=-0.064 beta=+0.031 | loss 2.9387 (delta +0.0534) size 541.4 MB sparsity 9.0%
gen 49 offspring [42/100] k= 28 (used  27.0) c=0.970 alpha=-0.253 beta=+0.380 | loss 3.3690 (delta +0.4837) size 481.7 MB sparsity 26.7%
gen 49 offspring [43/100] k= 22 (used  21.0) c=0.996 alpha=-0.387 beta=+0.436 | loss 3.8927 (delta +1.0074) size 465.1 MB sparsity 34.1%
gen 49 offspring [44/100] k= 22 (used  21.0) c=0.974 alpha=-0.193 beta=+0.334 | loss 3.3353 (delta +0.4500) size 488.5 MB sparsity 23.7%
gen 49 offspring [45/100] k= 12 (used  11.0) c=0.972 alpha=-0.370 beta=+0.428 | loss 5.0095 (delta +2.1241) size 431.6 MB sparsity 36.3%
gen 49 offspring [46/100] k= 64 (used  64.0) c=0.941 alpha=-0.061 beta=+0.057 | loss 2.9153 (delta +0.0300) size 541.4 MB sparsity 6.0%
gen 49 offspring [47/100] k= 36 (used  36.0) c=0.844 alpha=-0.102 beta=+0.325 | loss 3.1103 (delta +0.2249) size 536.3 MB sparsity 18.6%
gen 49 offspring [48/100] k= 16 (used  15.0) c=0.972 alpha=-0.014 beta=+0.441 | loss 3.8223 (delta +0.9370) size 441.5 MB sparsity 30.9%
gen 49 offspring [49/100] k= 17 (used  17.0) c=0.993 alpha=-0.289 beta=+0.425 | loss 3.7226 (delta +0.8373) size 441.6 MB sparsity 30.8%
gen 49 offspring [50/100] k=155 (used 155.0) c=0.985 alpha=-0.028 beta=+0.032 | loss 2.8892 (delta +0.0038) size 630.9 MB sparsity 2.8%
gen 49 offspring [51/100] k= 15 (used  15.0) c=0.848 alpha=-0.203 beta=+0.287 | loss 3.4661 (delta +0.5807) size 450.4 MB sparsity 23.9%
gen 49 offspring [52/100] k= 17 (used  17.0) c=0.963 alpha=-0.063 beta=+0.132 | loss 3.3971 (delta +0.5118) size 457.8 MB sparsity 21.7%
gen 49 offspring [53/100] k= 17 (used  17.0) c=0.994 alpha=-0.337 beta=+0.485 | loss 3.9781 (delta +1.0928) size 434.9 MB sparsity 34.5%
gen 49 offspring [54/100] k= 29 (used  29.0) c=0.913 alpha=-0.132 beta=+0.131 | loss 2.9995 (delta +0.1141) size 496.7 MB sparsity 12.9%
gen 49 offspring [55/100] k= 34 (used  34.0) c=0.849 alpha=-0.022 beta=+0.303 | loss 3.0883 (delta +0.2029) size 538.5 MB sparsity 17.7%
gen 49 offspring [56/100] k= 18 (used  18.0) c=0.849 alpha=-0.117 beta=+0.032 | loss 3.2586 (delta +0.3733) size 494.0 MB sparsity 19.3%
gen 49 offspring [57/100] k=  7 (used   7.0) c=0.995 alpha=-0.237 beta=+0.435 | loss 11.7441 (delta +8.8587) size 381.8 MB sparsity 52.3%
gen 49 offspring [58/100] k= 42 (used  41.0) c=0.997 alpha=-0.048 beta=+0.194 | loss 2.9688 (delta +0.0834) size 541.4 MB sparsity 13.0%
gen 49 offspring [59/100] k= 31 (used  31.0) c=0.928 alpha=-0.357 beta=+0.432 | loss 3.5282 (delta +0.6428) size 468.8 MB sparsity 32.5%
gen 49 offspring [60/100] k= 31 (used  31.0) c=0.915 alpha=-0.205 beta=+0.288 | loss 3.1133 (delta +0.2279) size 494.2 MB sparsity 21.1%
gen 49 offspring [61/100] k= 17 (used  17.0) c=0.852 alpha=-0.330 beta=+0.336 | loss 3.6352 (delta +0.7499) size 445.6 MB sparsity 28.6%
gen 49 offspring [62/100] k=216 (used 212.4) c=0.849 alpha=-0.206 beta=+0.298 | loss 3.0990 (delta +0.2136) size 600.1 MB sparsity 21.1%
gen 49 offspring [63/100] k= 17 (used  17.0) c=0.994 alpha=-0.317 beta=+0.431 | loss 3.7843 (delta +0.8990) size 439.5 MB sparsity 31.9%
gen 49 offspring [64/100] k= 32 (used  31.0) c=0.996 alpha=-0.351 beta=+0.426 | loss 3.5729 (delta +0.6876) size 469.7 MB sparsity 32.1%
gen 49 offspring [65/100] k= 17 (used  17.0) c=0.849 alpha=-0.139 beta=+0.176 | loss 3.2715 (delta +0.3861) size 462.0 MB sparsity 19.4%
gen 49 offspring [66/100] k= 58 (used  58.0) c=0.931 alpha=-0.061 beta=+0.071 | loss 2.9242 (delta +0.0389) size 541.4 MB sparsity 6.6%
gen 49 offspring [67/100] k= 17 (used  17.0) c=0.994 alpha=-0.361 beta=+0.428 | loss 3.8588 (delta +0.9735) size 436.9 MB sparsity 33.4%
gen 49 offspring [68/100] k= 16 (used  15.0) c=0.994 alpha=-0.389 beta=+0.424 | loss 4.1130 (delta +1.2277) size 434.8 MB sparsity 34.6%
gen 49 offspring [69/100] k= 33 (used  33.0) c=0.963 alpha=-0.198 beta=+0.290 | loss 3.1124 (delta +0.2271) size 494.7 MB sparsity 20.9%
gen 49 offspring [70/100] k= 18 (used  17.0) c=0.992 alpha=-0.199 beta=+0.001 | loss 3.4110 (delta +0.5257) size 456.7 MB sparsity 22.4%
gen 49 offspring [71/100] k= 17 (used  17.0) c=0.970 alpha=-0.308 beta=+0.428 | loss 3.7363 (delta +0.8509) size 440.4 MB sparsity 31.4%
gen 49 offspring [72/100] k= 66 (used  65.0) c=0.985 alpha=-0.040 beta=+0.066 | loss 2.9135 (delta +0.0282) size 569.7 MB sparsity 6.1%
gen 49 offspring [73/100] k= 17 (used  17.0) c=0.847 alpha=-0.201 beta=+0.411 | loss 3.5073 (delta +0.6219) size 448.1 MB sparsity 27.1%
gen 49 offspring [74/100] k= 18 (used  17.0) c=0.957 alpha=-0.121 beta=+0.122 | loss 3.4094 (delta +0.5241) size 458.0 MB sparsity 21.6%
gen 49 offspring [75/100] k= 16 (used  15.0) c=0.969 alpha=-0.261 beta=+0.411 | loss 3.8173 (delta +0.9320) size 442.6 MB sparsity 30.2%
gen 49 offspring [76/100] k= 21 (used  21.0) c=0.847 alpha=-0.210 beta=+0.416 | loss 3.4049 (delta +0.5196) size 481.8 MB sparsity 26.7%
gen 49 offspring [77/100] k= 17 (used  17.0) c=0.861 alpha=-0.009 beta=+0.070 | loss 3.2830 (delta +0.3977) size 461.6 MB sparsity 19.6%
gen 49 offspring [78/100] k= 38 (used  38.0) c=0.847 alpha=-0.213 beta=+0.439 | loss 3.3296 (delta +0.4442) size 513.8 MB sparsity 27.0%
gen 49 offspring [79/100] k= 17 (used  17.0) c=0.981 alpha=-0.136 beta=+0.435 | loss 3.6235 (delta +0.7382) size 444.5 MB sparsity 29.2%
gen 49 offspring [80/100] k= 17 (used  17.0) c=0.986 alpha=-0.334 beta=+0.439 | loss 3.8280 (delta +0.9426) size 438.0 MB sparsity 32.8%
gen 49 offspring [81/100] k= 17 (used  17.0) c=0.913 alpha=-0.210 beta=+0.364 | loss 3.4940 (delta +0.6087) size 449.9 MB sparsity 26.1%
gen 49 offspring [82/100] k= 17 (used  17.0) c=0.969 alpha=-0.259 beta=+0.445 | loss 3.6903 (delta +0.8049) size 442.1 MB sparsity 30.5%
gen 49 offspring [83/100] k= 31 (used  31.0) c=0.928 alpha=-0.223 beta=+0.383 | loss 3.2517 (delta +0.3664) size 484.5 MB sparsity 25.4%
gen 49 offspring [84/100] k=214 (used 214.0) c=0.994 alpha=-0.003 beta=+0.009 | loss 2.8877 (delta +0.0024) size 630.9 MB sparsity 1.8%
gen 49 offspring [85/100] k= 17 (used  17.0) c=0.976 alpha=-0.318 beta=+0.432 | loss 3.7818 (delta +0.8965) size 439.4 MB sparsity 32.0%
gen 49 offspring [86/100] k= 17 (used  17.0) c=0.968 alpha=-0.204 beta=+0.478 | loss 3.8955 (delta +1.0102) size 441.9 MB sparsity 30.6%
gen 49 offspring [87/100] k= 33 (used  33.0) c=0.974 alpha=-0.197 beta=+0.334 | loss 3.1425 (delta +0.2571) size 490.9 MB sparsity 22.6%
gen 49 offspring [88/100] k= 17 (used  17.0) c=0.988 alpha=-0.212 beta=+0.431 | loss 3.6200 (delta +0.7346) size 444.4 MB sparsity 29.2%
gen 49 offspring [89/100] k= 18 (used  18.0) c=0.855 alpha=-0.200 beta=+0.425 | loss 3.5339 (delta +0.6485) size 479.5 MB sparsity 27.7%
gen 49 offspring [90/100] k= 17 (used  17.0) c=0.998 alpha=-0.335 beta=+0.439 | loss 3.8336 (delta +0.9483) size 437.9 MB sparsity 32.8%
gen 49 offspring [91/100] k= 21 (used  21.0) c=0.848 alpha=-0.203 beta=+0.287 | loss 3.2357 (delta +0.3503) size 493.0 MB sparsity 21.6%
gen 49 offspring [92/100] k= 24 (used  23.0) c=0.974 alpha=-0.208 beta=+0.435 | loss 3.4278 (delta +0.5424) size 480.1 MB sparsity 27.4%
gen 49 offspring [93/100] k= 25 (used  25.0) c=0.974 alpha=-0.204 beta=+0.334 | loss 3.2515 (delta +0.3661) size 489.2 MB sparsity 23.3%
gen 49 offspring [94/100] k= 17 (used  17.0) c=0.972 alpha=-0.178 beta=+0.427 | loss 3.5857 (delta +0.7004) size 445.2 MB sparsity 28.8%
gen 49 offspring [95/100] k= 17 (used  17.0) c=0.852 alpha=-0.285 beta=+0.422 | loss 3.6692 (delta +0.7838) size 442.9 MB sparsity 30.1%
gen 49 offspring [96/100] k= 33 (used  33.0) c=0.969 alpha=-0.073 beta=+0.266 | loss 3.0377 (delta +0.1523) size 503.5 MB sparsity 16.9%
gen 49 offspring [97/100] k= 21 (used  21.0) c=0.993 alpha=-0.284 beta=+0.271 | loss 3.3780 (delta +0.4927) size 486.9 MB sparsity 24.4%
gen 49 offspring [98/100] k= 17 (used  17.0) c=0.995 alpha=-0.236 beta=+0.335 | loss 3.5221 (delta +0.6368) size 449.7 MB sparsity 26.3%
gen 49 offspring [99/100] k= 34 (used  34.0) c=0.959 alpha=-0.062 beta=+0.130 | loss 2.9718 (delta +0.0865) size 541.4 MB sparsity 11.8%
gen 49 offspring [100/100] k= 21 (used  21.0) c=0.968 alpha=-0.365 beta=+0.402 | loss 3.7777 (delta +0.8924) size 469.7 MB sparsity 32.0%
=== generation 49/50 done in 447s (0 reused), batch baseline 2.8854, HV 0.19429, front 100 points, 100/100 feasible, best delta loss +0.0017, smallest 436.7 MB
gen 50 offspring [1/100] k= 33 (used  33.0) c=0.959 alpha=-0.009 beta=+0.070 | loss 2.9692 (delta +0.0839) size 516.4 MB sparsity 11.2%
gen 50 offspring [2/100] k= 17 (used  17.0) c=0.969 alpha=-0.263 beta=+0.363 | loss 3.5429 (delta +0.6576) size 447.1 MB sparsity 27.7%
gen 50 offspring [3/100] k= 17 (used  17.0) c=0.994 alpha=-0.321 beta=+0.406 | loss 3.7635 (delta +0.8781) size 440.8 MB sparsity 31.2%
gen 50 offspring [4/100] k= 32 (used  31.0) c=0.992 alpha=-0.202 beta=+0.085 | loss 3.0232 (delta +0.1379) size 496.7 MB sparsity 15.1%
gen 50 offspring [5/100] k= 17 (used  17.0) c=0.849 alpha=-0.164 beta=+0.433 | loss 3.5560 (delta +0.6706) size 447.4 MB sparsity 27.5%
gen 50 offspring [6/100] k= 32 (used  31.0) c=0.990 alpha=-0.087 beta=+0.438 | loss 3.3237 (delta +0.4383) size 487.7 MB sparsity 24.0%
gen 50 offspring [7/100] k=177 (used 175.8) c=0.969 alpha=-0.273 beta=+0.014 | loss 2.9731 (delta +0.0877) size 630.2 MB sparsity 12.5%
gen 50 offspring [8/100] k= 31 (used  31.0) c=0.928 alpha=-0.223 beta=+0.031 | loss 3.0164 (delta +0.1310) size 496.7 MB sparsity 15.4%
gen 50 offspring [9/100] k= 17 (used  17.0) c=0.868 alpha=-0.050 beta=+0.266 | loss 3.3372 (delta +0.4518) size 457.6 MB sparsity 21.8%
gen 50 offspring [10/100] k= 34 (used  34.0) c=0.861 alpha=-0.223 beta=+0.331 | loss 3.2523 (delta +0.3670) size 523.5 MB sparsity 23.4%
gen 50 offspring [11/100] k= 17 (used  17.0) c=0.847 alpha=-0.216 beta=+0.422 | loss 3.5423 (delta +0.6569) size 446.9 MB sparsity 27.8%
gen 50 offspring [12/100] k= 18 (used  17.0) c=0.942 alpha=-0.061 beta=+0.412 | loss 3.5708 (delta +0.6854) size 446.8 MB sparsity 27.9%
gen 50 offspring [13/100] k= 17 (used  17.0) c=0.841 alpha=-0.235 beta=+0.436 | loss 3.6058 (delta +0.7204) size 445.0 MB sparsity 28.9%
gen 50 offspring [14/100] k= 17 (used  17.0) c=0.848 alpha=-0.206 beta=+0.298 | loss 3.3399 (delta +0.4545) size 455.2 MB sparsity 23.2%
gen 50 offspring [15/100] k= 31 (used  31.0) c=0.997 alpha=-0.048 beta=+0.306 | loss 3.1052 (delta +0.2198) size 495.8 MB sparsity 19.1%
gen 50 offspring [16/100] k=152 (used 152.0) c=0.937 alpha=-0.048 beta=+0.032 | loss 2.8962 (delta +0.0109) size 630.9 MB sparsity 3.6%
gen 50 offspring [17/100] k= 17 (used  17.0) c=0.926 alpha=-0.093 beta=+0.335 | loss 3.4449 (delta +0.5596) size 452.0 MB sparsity 25.0%
gen 50 offspring [18/100] k= 31 (used  31.0) c=0.950 alpha=-0.060 beta=+0.306 | loss 3.0836 (delta +0.1982) size 496.0 MB sparsity 18.8%
gen 50 offspring [19/100] k= 17 (used  17.0) c=0.879 alpha=-0.022 beta=+0.256 | loss 3.3351 (delta +0.4498) size 457.9 MB sparsity 21.7%
gen 50 offspring [20/100] k= 29 (used  29.0) c=0.990 alpha=-0.129 beta=+0.139 | loss 3.0243 (delta +0.1389) size 496.7 MB sparsity 13.6%
gen 50 offspring [21/100] k= 33 (used  33.0) c=0.974 alpha=-0.084 beta=+0.287 | loss 3.0502 (delta +0.1649) size 501.7 MB sparsity 17.8%
gen 50 offspring [22/100] k= 17 (used  17.0) c=0.970 alpha=-0.210 beta=+0.432 | loss 3.5921 (delta +0.7067) size 444.7 MB sparsity 29.0%
gen 50 offspring [23/100] k= 17 (used  17.0) c=0.849 alpha=-0.283 beta=+0.039 | loss 3.3574 (delta +0.4721) size 457.0 MB sparsity 22.2%
gen 50 offspring [24/100] k= 17 (used  17.0) c=0.968 alpha=-0.372 beta=+0.443 | loss 3.9400 (delta +1.0546) size 435.5 MB sparsity 34.2%
gen 50 offspring [25/100] k= 16 (used  15.0) c=0.996 alpha=-0.024 beta=+0.435 | loss 3.8178 (delta +0.9324) size 441.2 MB sparsity 31.0%
gen 50 offspring [26/100] k= 17 (used  17.0) c=0.994 alpha=-0.361 beta=+0.419 | loss 3.8623 (delta +0.9769) size 437.6 MB sparsity 33.0%
gen 50 offspring [27/100] k= 17 (used  17.0) c=0.959 alpha=-0.074 beta=+0.428 | loss 3.6341 (delta +0.7487) size 445.4 MB sparsity 28.7%
gen 50 offspring [28/100] k= 16 (used  16.0) c=0.857 alpha=-0.198 beta=+0.379 | loss 3.5530 (delta +0.6677) size 447.8 MB sparsity 27.2%
gen 50 offspring [29/100] k= 18 (used  18.0) c=0.846 alpha=-0.213 beta=+0.414 | loss 3.5113 (delta +0.6259) size 480.0 MB sparsity 27.5%
gen 50 offspring [30/100] k= 32 (used  31.0) c=0.974 alpha=-0.198 beta=+0.368 | loss 3.2065 (delta +0.3211) size 487.7 MB sparsity 24.0%
gen 50 offspring [31/100] k= 67 (used  67.0) c=0.848 alpha=-0.073 beta=+0.066 | loss 2.9281 (delta +0.0428) size 586.1 MB sparsity 6.3%
gen 50 offspring [32/100] k=254 (used 252.7) c=0.994 alpha=-0.205 beta=+0.009 | loss 2.9249 (delta +0.0395) size 630.9 MB sparsity 9.4%
gen 50 offspring [33/100] k= 18 (used  18.0) c=0.844 alpha=-0.022 beta=+0.286 | loss 3.3240 (delta +0.4387) size 491.6 MB sparsity 22.2%
gen 50 offspring [34/100] k= 17 (used  17.0) c=0.848 alpha=-0.037 beta=+0.039 | loss 3.2739 (delta +0.3885) size 462.1 MB sparsity 19.3%
gen 50 offspring [35/100] k= 25 (used  25.0) c=0.997 alpha=-0.030 beta=+0.129 | loss 3.0661 (delta +0.1808) size 496.4 MB sparsity 15.3%
gen 50 offspring [36/100] k= 34 (used  33.0) c=0.974 alpha=-0.223 beta=+0.343 | loss 3.1811 (delta +0.2957) size 487.9 MB sparsity 23.9%
gen 50 offspring [37/100] k= 16 (used  16.0) c=0.856 alpha=-0.050 beta=+0.195 | loss 3.4119 (delta +0.5266) size 450.6 MB sparsity 22.1%
gen 50 offspring [38/100] k= 33 (used  33.0) c=0.976 alpha=-0.240 beta=+0.383 | loss 3.2698 (delta +0.3844) size 483.0 MB sparsity 26.1%
gen 50 offspring [39/100] k= 10 (used   9.0) c=0.982 alpha=-0.208 beta=+0.401 | loss 7.5275 (delta +4.6422) size 396.7 MB sparsity 41.1%
gen 50 offspring [40/100] k=125 (used 125.0) c=0.992 alpha=-0.090 beta=+0.002 | loss 2.8945 (delta +0.0092) size 586.1 MB sparsity 5.4%
gen 50 offspring [41/100] k= 18 (used  17.0) c=0.971 alpha=-0.201 beta=+0.413 | loss 3.5728 (delta +0.6874) size 446.0 MB sparsity 28.3%
gen 50 offspring [42/100] k= 17 (used  17.0) c=0.994 alpha=-0.130 beta=+0.442 | loss 3.6299 (delta +0.7445) size 443.8 MB sparsity 29.5%
gen 50 offspring [43/100] k= 31 (used  31.0) c=0.868 alpha=-0.210 beta=+0.286 | loss 3.1501 (delta +0.2647) size 494.1 MB sparsity 21.1%
gen 50 offspring [44/100] k= 32 (used  32.0) c=0.874 alpha=-0.204 beta=+0.300 | loss 3.1526 (delta +0.2673) size 493.4 MB sparsity 21.5%
gen 50 offspring [45/100] k= 33 (used  33.0) c=0.971 alpha=-0.064 beta=+0.031 | loss 2.9713 (delta +0.0859) size 516.1 MB sparsity 11.3%
gen 50 offspring [46/100] k= 17 (used  17.0) c=0.968 alpha=-0.284 beta=+0.453 | loss 3.7642 (delta +0.8788) size 440.2 MB sparsity 31.5%
gen 50 offspring [47/100] k= 41 (used  41.0) c=0.843 alpha=-0.200 beta=+0.031 | loss 2.9834 (delta +0.0981) size 541.4 MB sparsity 12.5%
gen 50 offspring [48/100] k= 64 (used  63.7) c=0.968 alpha=-0.277 beta=+0.418 | loss 3.3376 (delta +0.4522) size 509.1 MB sparsity 28.7%
gen 50 offspring [49/100] k= 33 (used  33.0) c=0.976 alpha=-0.240 beta=+0.396 | loss 3.2861 (delta +0.4007) size 482.0 MB sparsity 26.6%
gen 50 offspring [50/100] k= 40 (used  39.0) c=0.993 alpha=-0.065 beta=+0.003 | loss 2.9552 (delta +0.0698) size 541.4 MB sparsity 9.8%
gen 50 offspring [51/100] k= 17 (used  17.0) c=0.924 alpha=-0.210 beta=+0.429 | loss 3.5704 (delta +0.6851) size 445.6 MB sparsity 28.5%
gen 50 offspring [52/100] k= 18 (used  17.0) c=0.974 alpha=-0.363 beta=+0.431 | loss 3.8954 (delta +1.0101) size 436.8 MB sparsity 33.5%
gen 50 offspring [53/100] k=127 (used 126.0) c=0.974 alpha=-0.094 beta=+0.350 | loss 3.0714 (delta +0.1860) size 573.0 MB sparsity 18.5%
gen 50 offspring [54/100] k= 16 (used  15.0) c=0.948 alpha=-0.262 beta=+0.198 | loss 3.6293 (delta +0.7440) size 449.3 MB sparsity 24.8%
gen 50 offspring [55/100] k= 14 (used  13.0) c=0.926 alpha=-0.284 beta=+0.028 | loss 3.9616 (delta +1.0762) size 446.5 MB sparsity 27.7%
gen 50 offspring [56/100] k= 28 (used  27.0) c=0.967 alpha=-0.017 beta=+0.569 | loss 15.3360 (delta +12.4506) size 475.6 MB sparsity 29.4%
gen 50 offspring [57/100] k=125 (used 124.1) c=0.992 alpha=-0.010 beta=+0.355 | loss 3.1272 (delta +0.2418) size 580.2 MB sparsity 16.2%
gen 50 offspring [58/100] k= 15 (used  15.0) c=0.848 alpha=-0.072 beta=+0.195 | loss 3.4266 (delta +0.5413) size 450.7 MB sparsity 21.9%
gen 50 offspring [59/100] k= 16 (used  15.0) c=0.980 alpha=-0.330 beta=+0.433 | loss 3.9901 (delta +1.1047) size 437.8 MB sparsity 32.9%
gen 50 offspring [60/100] k= 17 (used  17.0) c=0.840 alpha=-0.203 beta=+0.287 | loss 3.3473 (delta +0.4619) size 456.2 MB sparsity 22.6%
gen 50 offspring [61/100] k= 64 (used  64.0) c=0.848 alpha=-0.153 beta=+0.052 | loss 2.9354 (delta +0.0500) size 541.4 MB sparsity 9.2%
gen 50 offspring [62/100] k= 17 (used  17.0) c=0.998 alpha=-0.023 beta=+0.307 | loss 3.4915 (delta +0.6061) size 452.1 MB sparsity 24.9%
gen 50 offspring [63/100] k= 17 (used  17.0) c=0.860 alpha=-0.206 beta=+0.296 | loss 3.3546 (delta +0.4693) size 455.2 MB sparsity 23.2%
gen 50 offspring [64/100] k= 42 (used  42.0) c=0.925 alpha=-0.204 beta=+0.188 | loss 3.0418 (delta +0.1565) size 540.4 MB sparsity 16.8%
gen 50 offspring [65/100] k= 65 (used  65.0) c=0.989 alpha=-0.028 beta=+0.021 | loss 2.9146 (delta +0.0293) size 570.5 MB sparsity 5.8%
gen 50 offspring [66/100] k= 31 (used  31.0) c=0.864 alpha=-0.171 beta=+0.287 | loss 3.1201 (delta +0.2347) size 496.0 MB sparsity 19.7%
gen 50 offspring [67/100] k= 31 (used  31.0) c=0.924 alpha=-0.141 beta=+0.254 | loss 3.0441 (delta +0.1588) size 496.6 MB sparsity 17.4%
gen 50 offspring [68/100] k= 16 (used  16.0) c=0.847 alpha=-0.198 beta=+0.383 | loss 3.5456 (delta +0.6602) size 447.8 MB sparsity 27.2%
gen 50 offspring [69/100] k= 24 (used  24.0) c=0.911 alpha=-0.007 beta=+0.131 | loss 3.0720 (delta +0.1867) size 496.4 MB sparsity 15.3%
gen 50 offspring [70/100] k= 31 (used  31.0) c=0.959 alpha=-0.185 beta=+0.368 | loss 3.1981 (delta +0.3127) size 488.9 MB sparsity 23.5%
gen 50 offspring [71/100] k= 17 (used  17.0) c=0.972 alpha=-0.334 beta=+0.428 | loss 3.7985 (delta +0.9131) size 438.8 MB sparsity 32.3%
gen 50 offspring [72/100] k= 17 (used  17.0) c=0.994 alpha=-0.121 beta=+0.432 | loss 3.6044 (delta +0.7190) size 444.4 MB sparsity 29.2%
gen 50 offspring [73/100] k= 28 (used  28.0) c=0.877 alpha=-0.149 beta=+0.241 | loss 3.0639 (delta +0.1785) size 496.5 MB sparsity 17.4%
gen 50 offspring [74/100] k= 65 (used  64.9) c=0.941 alpha=-0.316 beta=+0.015 | loss 3.0333 (delta +0.1480) size 543.5 MB sparsity 15.9%
gen 50 offspring [75/100] k= 33 (used  33.0) c=0.974 alpha=-0.255 beta=+0.337 | loss 3.2164 (delta +0.3310) size 485.7 MB sparsity 24.9%
gen 50 offspring [76/100] k= 36 (used  35.0) c=0.993 alpha=-0.272 beta=+0.134 | loss 3.0610 (delta +0.1757) size 538.4 MB sparsity 17.8%
gen 50 offspring [77/100] k= 17 (used  17.0) c=0.848 alpha=-0.192 beta=+0.136 | loss 3.2715 (delta +0.3862) size 461.7 MB sparsity 19.5%
gen 50 offspring [78/100] k= 31 (used  31.0) c=0.929 alpha=-0.223 beta=+0.383 | loss 3.2531 (delta +0.3677) size 484.5 MB sparsity 25.4%
gen 50 offspring [79/100] k= 17 (used  17.0) c=0.969 alpha=-0.300 beta=+0.703 | loss 15.4808 (delta +12.5955) size 424.5 MB sparsity 40.3%
gen 50 offspring [80/100] k= 33 (used  33.0) c=0.922 alpha=-0.080 beta=+0.026 | loss 2.9723 (delta +0.0870) size 517.4 MB sparsity 10.7%
gen 50 offspring [81/100] k= 17 (used  17.0) c=0.985 alpha=-0.094 beta=+0.266 | loss 3.4367 (delta +0.5513) size 454.7 MB sparsity 23.4%
gen 50 offspring [82/100] k= 12 (used  11.0) c=0.970 alpha=-0.020 beta=+0.432 | loss 5.0058 (delta +2.1204) size 432.7 MB sparsity 35.7%
gen 50 offspring [83/100] k= 16 (used  16.0) c=0.849 alpha=-0.203 beta=+0.287 | loss 3.4227 (delta +0.5373) size 450.3 MB sparsity 23.9%
gen 50 offspring [84/100] k= 17 (used  17.0) c=0.849 alpha=-0.028 beta=+0.334 | loss 3.3748 (delta +0.4894) size 453.8 MB sparsity 24.0%
gen 50 offspring [85/100] k= 15 (used  15.0) c=0.848 alpha=-0.206 beta=+0.271 | loss 3.4581 (delta +0.5728) size 450.5 MB sparsity 23.5%
gen 50 offspring [86/100] k= 31 (used  31.0) c=0.931 alpha=-0.240 beta=+0.349 | loss 3.2207 (delta +0.3354) size 485.9 MB sparsity 24.8%
gen 50 offspring [87/100] k= 17 (used  17.0) c=0.852 alpha=-0.330 beta=+0.433 | loss 3.7991 (delta +0.9137) size 439.3 MB sparsity 32.0%
gen 50 offspring [88/100] k= 33 (used  33.0) c=0.985 alpha=-0.206 beta=+0.370 | loss 3.2038 (delta +0.3185) size 487.1 MB sparsity 24.3%
gen 50 offspring [89/100] k=  9 (used   9.0) c=0.970 alpha=-0.322 beta=+0.449 | loss 7.5581 (delta +4.6728) size 396.6 MB sparsity 41.3%
gen 50 offspring [90/100] k= 31 (used  31.0) c=0.952 alpha=-0.060 beta=+0.375 | loss 3.1826 (delta +0.2973) size 493.4 MB sparsity 21.4%
gen 50 offspring [91/100] k= 17 (used  17.0) c=0.968 alpha=-0.259 beta=+0.512 | loss 6.8746 (delta +3.9893) size 437.9 MB sparsity 32.8%
gen 50 offspring [92/100] k= 17 (used  17.0) c=0.971 alpha=-0.061 beta=+0.394 | loss 3.5530 (delta +0.6676) size 447.3 MB sparsity 27.6%
gen 50 offspring [93/100] k=147 (used 147.0) c=0.982 alpha=-0.048 beta=+0.032 | loss 2.8915 (delta +0.0061) size 630.9 MB sparsity 3.6%
gen 50 offspring [94/100] k= 17 (used  17.0) c=0.959 alpha=-0.336 beta=+0.420 | loss 3.8716 (delta +0.9862) size 439.2 MB sparsity 32.1%
gen 50 offspring [95/100] k= 16 (used  16.0) c=0.928 alpha=-0.173 beta=+0.287 | loss 3.5586 (delta +0.6733) size 449.3 MB sparsity 25.1%
gen 50 offspring [96/100] k= 17 (used  17.0) c=0.986 alpha=-0.066 beta=+0.421 | loss 3.6079 (delta +0.7225) size 445.3 MB sparsity 28.7%
gen 50 offspring [97/100] k= 17 (used  17.0) c=0.941 alpha=-0.061 beta=+0.076 | loss 3.3518 (delta +0.4664) size 458.6 MB sparsity 21.3%
gen 50 offspring [98/100] k= 17 (used  17.0) c=0.847 alpha=-0.211 beta=+0.005 | loss 3.2802 (delta +0.3948) size 461.1 MB sparsity 19.9%
gen 50 offspring [99/100] k= 31 (used  31.0) c=0.968 alpha=-0.275 beta=+0.422 | loss 3.3940 (delta +0.5086) size 476.7 MB sparsity 28.9%
gen 50 offspring [100/100] k= 33 (used  33.0) c=0.959 alpha=-0.058 beta=+0.286 | loss 3.0545 (delta +0.1691) size 501.9 MB sparsity 17.6%
=== generation 50/50 done in 447s (0 reused), batch baseline 2.8854, HV 0.19433, front 100 points, 100/100 feasible, best delta loss +0.0017, smallest 436.7 MB
Scoring 100 of 100 final solutions (delta_loss <= 1.0) with 2048-token windows
[transformers] Token indices sequence length is longer than the specified maximum sequence length for this model (299078 > 131072). Running this sequence through the model will result in indexing errors
Test set wikitext2: 146 windows, 299008 tokens
Test set c4: 256 windows, 524288 tokens
{"b": 4.05175761402378, "k_init": 17, "c": 0.9937046055402129, "alpha": -0.3628451594998686, "beta": 0.43061011593293275, "last_batch_loss": 3.8797077277723497, "last_batch_ppl": 48.41006408620477, "size_mb": 436.6982885, "size_ratio": 0.4419729993497111, "target_bits_per_weight": 3.6729721237014936, "n_pruned": 116424692, "n_rounded_zero": 3506845, "n_nonzero": 237895023, "pruned_pct": 32.536626683050024, "sparsity_pct": 33.51666712498927, "n_dense_matrices": 0, "n_bitmap_matrices": 168, "n_csr_matrices": 0, "k_used_mean": 17.0, "k_used_min": 17, "k_used_max": 17, "k_used_row_mean": 15.512639414983164, "last_batch_delta_loss": 0.9943563203201329, "huffman_size_mb": 408.17721375, "huffman_bits_per_weight": 3.035320748688974, "wikitext2_loss": 3.946922590356816, "wikitext2_ppl": 51.7757861096846, "c4_loss": 4.155890869174169, "c4_ppl": 63.8087845136414}
{"b": 4.056108207318793, "k_init": 17, "c": 0.9938641884878919, "alpha": -0.3611822887540814, "beta": 0.42846325701296795, "last_batch_loss": 3.8588249083548334, "last_batch_ppl": 47.409607989229315, "size_mb": 436.934719, "size_ratio": 0.44221228560288534, "target_bits_per_weight": 3.678258047697745, "n_pruned": 115907833, "n_rounded_zero": 3550843, "n_nonzero": 238367884, "pruned_pct": 32.39218268202338, "sparsity_pct": 33.38451902508299, "n_dense_matrices": 0, "n_bitmap_matrices": 168, "n_csr_matrices": 0, "k_used_mean": 17.0, "k_used_min": 17, "k_used_max": 17, "k_used_row_mean": 15.51068300189394, "last_batch_delta_loss": 0.9734735009026165, "huffman_size_mb": 408.23064025, "huffman_bits_per_weight": 3.036515215639666, "wikitext2_loss": 3.9112632192857824, "wikitext2_ppl": 49.962025121102016, "c4_loss": 4.131717935794146, "c4_ppl": 62.28483241969802}
{"b": 4.0837360847784625, "k_init": 17, "c": 0.9679136209104092, "alpha": -0.35928927010271683, "beta": 0.4276884230386713, "last_batch_loss": 3.840488718961819, "last_batch_ppl": 46.54821787847775, "size_mb": 437.231527, "size_ratio": 0.44251267863268534, "target_bits_per_weight": 3.6848938435425254, "n_pruned": 115540678, "n_rounded_zero": 3324382, "n_nonzero": 238961500, "pruned_pct": 32.2895757095281, "sparsity_pct": 33.218624128963484, "n_dense_matrices": 0, "n_bitmap_matrices": 168, "n_csr_matrices": 0, "k_used_mean": 17.0, "k_used_min": 17, "k_used_max": 17, "k_used_row_mean": 15.737409906355218, "last_batch_delta_loss": 0.9551373115096022, "huffman_size_mb": 409.576337625, "huffman_bits_per_weight": 3.0666012411152486, "wikitext2_loss": 3.8707344524944833, "wikitext2_ppl": 47.977610419586135, "c4_loss": 4.103715565825417, "c4_ppl": 60.564902935983376}
{"b": 4.083585676226186, "k_init": 17, "c": 0.9852735084378159, "alpha": -0.33455380060594064, "beta": 0.43414980404483244, "last_batch_loss": 3.8250187667451607, "last_batch_ppl": 45.83366050688893, "size_mb": 438.278526, "size_ratio": 0.4435723239313551, "target_bits_per_weight": 3.7083018096812044, "n_pruned": 112949794, "n_rounded_zero": 3821268, "n_nonzero": 241055498, "pruned_pct": 31.565514309502348, "sparsity_pct": 32.63342497549651, "n_dense_matrices": 0, "n_bitmap_matrices": 168, "n_csr_matrices": 0, "k_used_mean": 17.0, "k_used_min": 17, "k_used_max": 17, "k_used_row_mean": 15.588380550294612, "last_batch_delta_loss": 0.9396673592929439, "huffman_size_mb": 408.973137375, "huffman_bits_per_weight": 3.0531153724307107, "wikitext2_loss": 3.842140876853803, "wikitext2_ppl": 46.62518644861081, "c4_loss": 4.0684506155888975, "c4_ppl": 58.46630559629472}
{"b": 4.0837360847784625, "k_init": 17, "c": 0.9717323024759025, "alpha": -0.33615447579045254, "beta": 0.4278006436301571, "last_batch_loss": 3.8110096628163928, "last_batch_ppl": 45.19604860694082, "size_mb": 438.6498505, "size_ratio": 0.44394813351732976, "target_bits_per_weight": 3.716603585826608, "n_pruned": 112325428, "n_rounded_zero": 3702985, "n_nonzero": 241798147, "pruned_pct": 31.39102586459764, "sparsity_pct": 32.425880571861406, "n_dense_matrices": 0, "n_bitmap_matrices": 168, "n_csr_matrices": 0, "k_used_mean": 17.0, "k_used_min": 17, "k_used_max": 17, "k_used_row_mean": 15.7046539614899, "last_batch_delta_loss": 0.9256582553641759, "huffman_size_mb": 409.735998, "huffman_bits_per_weight": 3.0701708000658194, "wikitext2_loss": 3.850723350027563, "wikitext2_ppl": 47.02706796234187, "c4_loss": 4.06672612783323, "c4_ppl": 58.3655680534693}
{"b": 4.0837360847784625, "k_init": 17, "c": 0.9717323024759025, "alpha": -0.3336673875425736, "beta": 0.4278006436301571, "last_batch_loss": 3.7984922974646587, "last_batch_ppl": 44.63383918521065, "size_mb": 438.804209, "size_ratio": 0.4441043564543476, "target_bits_per_weight": 3.720054609696944, "n_pruned": 111975918, "n_rounded_zero": 3743778, "n_nonzero": 242106864, "pruned_pct": 31.29335005204756, "sparsity_pct": 32.33960497510302, "n_dense_matrices": 0, "n_bitmap_matrices": 168, "n_csr_matrices": 0, "k_used_mean": 17.0, "k_used_min": 17, "k_used_max": 17, "k_used_row_mean": 15.7046539614899, "last_batch_delta_loss": 0.9131408900124418, "huffman_size_mb": 409.77347725, "huffman_bits_per_weight": 3.071008731157352, "wikitext2_loss": 3.8291163369689647, "wikitext2_ppl": 46.02185245097001, "c4_loss": 4.054009347644502, "c4_ppl": 57.628045350100194}
{"b": 4.081168278742976, "k_init": 17, "c": 0.970210443418898, "alpha": -0.32074031377834517, "beta": 0.4317999494752637, "last_batch_loss": 3.7762371858970445, "last_batch_ppl": 43.6514799177262, "size_mb": 439.358778, "size_ratio": 0.4446656238802362, "target_bits_per_weight": 3.7324532197945284, "n_pruned": 110690275, "n_rounded_zero": 3920283, "n_nonzero": 243216002, "pruned_pct": 30.9340578295809, "sparsity_pct": 32.029639722663404, "n_dense_matrices": 0, "n_bitmap_matrices": 168, "n_csr_matrices": 0, "k_used_mean": 17.0, "k_used_min": 17, "k_used_max": 17, "k_used_row_mean": 15.7173492739899, "last_batch_delta_loss": 0.8908857784448276, "huffman_size_mb": 409.978741125, "huffman_bits_per_weight": 3.075597856682299, "wikitext2_loss": 3.7846199300779917, "wikitext2_ppl": 44.018937105017734, "c4_loss": 4.025077996861953, "c4_ppl": 55.98467524034306}
{"b": 4.081168278742976, "k_init": 17, "c": 0.9701118440744465, "alpha": -0.32074031377834517, "beta": 0.4317999494752637, "last_batch_loss": 3.774118159768869, "last_batch_ppl": 43.55907922556283, "size_mb": 439.359501, "size_ratio": 0.44466635561307544, "target_bits_per_weight": 3.732469384050195, "n_pruned": 110690275, "n_rounded_zero": 3918837, "n_nonzero": 243217448, "pruned_pct": 30.9340578295809, "sparsity_pct": 32.02923561627175, "n_dense_matrices": 0, "n_bitmap_matrices": 168, "n_csr_matrices": 0, "k_used_mean": 17.0, "k_used_min": 17, "k_used_max": 17, "k_used_row_mean": 15.718112110690235, "last_batch_delta_loss": 0.888766752316652, "huffman_size_mb": 409.982572, "huffman_bits_per_weight": 3.0756835043211996, "wikitext2_loss": 3.7836048556038198, "wikitext2_ppl": 43.97427727594321, "c4_loss": 4.024755998768921, "c4_ppl": 55.966651183688334}
{"b": 4.081168278742976, "k_init": 17, "c": 0.9701118440744465, "alpha": -0.3164769583351803, "beta": 0.4317999494752637, "last_batch_loss": 3.757709393224078, "last_batch_ppl": 42.85016060982639, "size_mb": 439.620442, "size_ratio": 0.44493044841916235, "target_bits_per_weight": 3.7383032941992904, "n_pruned": 110087613, "n_rounded_zero": 3999617, "n_nonzero": 243739330, "pruned_pct": 30.76563489306104, "sparsity_pct": 31.883387862544357, "n_dense_matrices": 0, "n_bitmap_matrices": 168, "n_csr_matrices": 0, "k_used_mean": 17.0, "k_used_min": 17, "k_used_max": 17, "k_used_row_mean": 15.718112110690235, "last_batch_delta_loss": 0.8723579857718611, "huffman_size_mb": 410.0430035, "huffman_bits_per_weight": 3.0770345834585338, "wikitext2_loss": 3.764247301600007, "wikitext2_ppl": 43.131228831758406, "c4_loss": 4.007107379207043, "c4_ppl": 54.98758207067586}
{"b": 4.080778304289526, "k_init": 17, "c": 0.9685689312585025, "alpha": -0.30902983237253867, "beta": 0.4324074684161582, "last_batch_loss": 3.751587361315721, "last_batch_ppl": 42.58863191961299, "size_mb": 440.0442885, "size_ratio": 0.4453594143981964, "target_bits_per_weight": 3.747779315207904, "n_pruned": 109112921, "n_rounded_zero": 4126616, "n_nonzero": 244587023, "pruned_pct": 30.493242592165323, "sparsity_pct": 31.646487337329013, "n_dense_matrices": 0, "n_bitmap_matrices": 168, "n_csr_matrices": 0, "k_used_mean": 17.0, "k_used_min": 17, "k_used_max": 17, "k_used_row_mean": 15.731514362373737, "last_batch_delta_loss": 0.8662359538635043, "huffman_size_mb": 410.217888375, "huffman_bits_per_weight": 3.080944519601899, "wikitext2_loss": 3.748802895507061, "wikitext2_ppl": 42.47021027721505, "c4_loss": 3.997474127183848, "c4_ppl": 54.46041607262563}
{"b": 4.080776249982395, "k_init": 17, "c": 0.9699301342840155, "alpha": -0.30800278234500267, "beta": 0.4327721914985949, "last_batch_loss": 3.7418728424504613, "last_batch_ppl": 42.17690694433724, "size_mb": 440.075601, "size_ratio": 0.44539110510985375, "target_bits_per_weight": 3.7484793750357714, "n_pruned": 109015360, "n_rounded_zero": 4161552, "n_nonzero": 244649648, "pruned_pct": 30.465977707188646, "sparsity_pct": 31.628985841632325, "n_dense_matrices": 0, "n_bitmap_matrices": 168, "n_csr_matrices": 0, "k_used_mean": 17.0, "k_used_min": 17, "k_used_max": 17, "k_used_row_mean": 15.719381313131313, "last_batch_delta_loss": 0.8565214349982444, "huffman_size_mb": 410.151475, "huffman_bits_per_weight": 3.079459702488267, "wikitext2_loss": 3.7388000049197037, "wikitext2_ppl": 42.04750308209249, "c4_loss": 3.9865767255782147, "c4_ppl": 53.870161011517176}
{"b": 4.076858324912829, "k_init": 17, "c": 0.9933157651867576, "alpha": -0.28357391894455336, "beta": 0.43860930459895076, "last_batch_loss": 3.728032651154891, "last_batch_ppl": 41.597191424540334, "size_mb": 440.981638, "size_ratio": 0.44630808578268233, "target_bits_per_weight": 3.768735825535142, "n_pruned": 106308311, "n_rounded_zero": 5056527, "n_nonzero": 246461722, "pruned_pct": 29.709452255304917, "sparsity_pct": 31.122574579148065, "n_dense_matrices": 0, "n_bitmap_matrices": 168, "n_csr_matrices": 0, "k_used_mean": 17.0, "k_used_min": 17, "k_used_max": 17, "k_used_row_mean": 15.516315498737374, "last_batch_delta_loss": 0.8426812437026743, "huffman_size_mb": 409.17650375, "huffman_bits_per_weight": 3.057662075168484, "wikitext2_loss": 3.6999040023855074, "wikitext2_ppl": 40.44342170170212, "c4_loss": 3.981880090151639, "c4_ppl": 53.61774572016422}
{"b": 4.125000746355243, "k_init": 17, "c": 0.9877458981929034, "alpha": -0.2346771512617418, "beta": 0.47397848624476935, "last_batch_loss": 3.719330087427867, "last_batch_ppl": 41.236759829524956, "size_mb": 441.1386545, "size_ratio": 0.44646699882466095, "target_bits_per_weight": 3.7722462748433205, "n_pruned": 103891490, "n_rounded_zero": 7159315, "n_nonzero": 246775755, "pruned_pct": 29.03403537177341, "sparsity_pct": 31.034813346443595, "n_dense_matrices": 0, "n_bitmap_matrices": 168, "n_csr_matrices": 0, "k_used_mean": 17.0, "k_used_min": 17, "k_used_max": 17, "k_used_row_mean": 15.565091014309765, "last_batch_delta_loss": 0.8339786799756501, "huffman_size_mb": 409.350980125, "huffman_bits_per_weight": 3.0615628783956117, "wikitext2_loss": 3.7217451049209167, "wikitext2_ppl": 41.33646767550549, "c4_loss": 3.9967155032584185, "c4_ppl": 54.41911676530609}
{"b": 4.076671314610435, "k_init": 17, "c": 0.9933157651867576, "alpha": -0.28433875519072316, "beta": 0.4317999494752637, "last_batch_loss": 3.7102428262968674, "last_batch_ppl": 40.86372811010405, "size_mb": 441.3655905, "size_ratio": 0.4466966758974174, "target_bits_per_weight": 3.7773199284033026, "n_pruned": 105508107, "n_rounded_zero": 5088826, "n_nonzero": 247229627, "pruned_pct": 29.48582324352893, "sparsity_pct": 30.90797200744405, "n_dense_matrices": 0, "n_bitmap_matrices": 168, "n_csr_matrices": 0, "k_used_mean": 17.0, "k_used_min": 17, "k_used_max": 17, "k_used_row_mean": 15.516315498737374, "last_batch_delta_loss": 0.8248914188446506, "huffman_size_mb": 409.275445375, "huffman_bits_per_weight": 3.0598741328759944, "wikitext2_loss": 3.7047334238790604, "wikitext2_ppl": 40.63921242917436, "c4_loss": 3.9766805860317214, "c4_ppl": 53.339683549539394}
{"b": 4.076858324912829, "k_init": 17, "c": 0.9681267314495732, "alpha": -0.28436711521711544, "beta": 0.4317999494752637, "last_batch_loss": 3.695161566946293, "last_batch_ppl": 40.252075467547556, "size_mb": 441.5470155, "size_ratio": 0.4468802922602899, "target_bits_per_weight": 3.7813760834299166, "n_pruned": 105512108, "n_rounded_zero": 4721975, "n_nonzero": 247592477, "pruned_pct": 29.486941382998513, "sparsity_pct": 30.806568131778704, "n_dense_matrices": 0, "n_bitmap_matrices": 168, "n_csr_matrices": 0, "k_used_mean": 17.0, "k_used_min": 17, "k_used_max": 17, "k_used_row_mean": 15.735667219065656, "last_batch_delta_loss": 0.8098101594940763, "huffman_size_mb": 410.57937575, "huffman_bits_per_weight": 3.089026365175352, "wikitext2_loss": 3.6634450193436896, "wikitext2_ppl": 38.99545182057261, "c4_loss": 3.9454938364890824, "c4_ppl": 51.70186407579634}
{"b": 4.083215152833814, "k_init": 17, "c": 0.9679136209104092, "alpha": -0.28312280201079687, "beta": 0.42764673043841084, "last_batch_loss": 3.689091177876542, "last_batch_ppl": 40.00846984710653, "size_mb": 441.880868, "size_ratio": 0.44721817723637314, "target_bits_per_weight": 3.788840090573489, "n_pruned": 104778538, "n_rounded_zero": 4787840, "n_nonzero": 248260182, "pruned_pct": 29.281934242108804, "sparsity_pct": 30.619967953189388, "n_dense_matrices": 0, "n_bitmap_matrices": 168, "n_csr_matrices": 0, "k_used_mean": 17.0, "k_used_min": 17, "k_used_max": 17, "k_used_row_mean": 15.737409906355218, "last_batch_delta_loss": 0.803739770424325, "huffman_size_mb": 410.67434825, "huffman_bits_per_weight": 3.0911496843610493, "wikitext2_loss": 3.6485022688016335, "wikitext2_ppl": 38.41708447296913, "c4_loss": 3.937266512387662, "c4_ppl": 51.27824111463993}
{"b": 4.080776249982395, "k_init": 17, "c": 0.969181492325251, "alpha": -0.2824373755028917, "beta": 0.4274044240935503, "last_batch_loss": 3.681202734279586, "last_batch_ppl": 39.69410683692262, "size_mb": 441.927132, "size_ratio": 0.44726500004145475, "target_bits_per_weight": 3.789874424078526, "n_pruned": 104646436, "n_rounded_zero": 4827414, "n_nonzero": 248352710, "pruned_pct": 29.245016356527586, "sparsity_pct": 30.59410961556347, "n_dense_matrices": 0, "n_bitmap_matrices": 168, "n_csr_matrices": 0, "k_used_mean": 17.0, "k_used_min": 17, "k_used_max": 17, "k_used_row_mean": 15.727059001473064, "last_batch_delta_loss": 0.795851326827369, "huffman_size_mb": 410.621896, "huffman_bits_per_weight": 3.0899769989125456, "wikitext2_loss": 3.650835068082217, "wikitext2_ppl": 38.506808433295376, "c4_loss": 3.930022935722884, "c4_ppl": 50.90814527092397}
{"b": 4.076508321648273, "k_init": 17, "c": 0.9681492724260776, "alpha": -0.27678878991865485, "beta": 0.4226291443462217, "last_batch_loss": 3.667764444728566, "last_batch_ppl": 39.16425406696382, "size_mb": 442.555749, "size_ratio": 0.44790120986468657, "target_bits_per_weight": 3.8039285401284912, "n_pruned": 103193592, "n_rounded_zero": 5023024, "n_nonzero": 249609944, "pruned_pct": 28.838997306404533, "sparsity_pct": 30.242756714314332, "n_dense_matrices": 0, "n_bitmap_matrices": 168, "n_csr_matrices": 0, "k_used_mean": 17.0, "k_used_min": 17, "k_used_max": 17, "k_used_row_mean": 15.73543376473064, "last_batch_delta_loss": 0.7824130372763491, "huffman_size_mb": 410.82258325, "huffman_bits_per_weight": 3.0944638039166237, "wikitext2_loss": 3.6320378182096795, "wikitext2_ppl": 37.78974683990455, "c4_loss": 3.9167748238321742, "c4_ppl": 50.23815630984326}
{"b": 4.0837360847784625, "k_init": 17, "c": 0.9679136209104092, "alpha": -0.2634004668879246, "beta": 0.4276982967548535, "last_batch_loss": 3.656747136863779, "last_batch_ppl": 38.7351376171744, "size_mb": 442.9680405, "size_ratio": 0.44831848127531493, "target_bits_per_weight": 3.813146223690047, "n_pruned": 101941573, "n_rounded_zero": 5450460, "n_nonzero": 250434527, "pruned_pct": 28.48910181513636, "sparsity_pct": 30.01231462527544, "n_dense_matrices": 0, "n_bitmap_matrices": 168, "n_csr_matrices": 0, "k_used_mean": 17.0, "k_used_min": 17, "k_used_max": 17, "k_used_row_mean": 15.737409906355218, "last_batch_delta_loss": 0.7713957294115623, "huffman_size_mb": 410.912051875, "huffman_bits_per_weight": 3.096464071867667, "wikitext2_loss": 3.6103762198355764, "wikitext2_ppl": 36.9799627935753, "c4_loss": 3.911875746689253, "c4_ppl": 49.992637605157135}
{"b": 4.080776249982395, "k_init": 17, "c": 0.969181492325251, "alpha": -0.2614066219731289, "beta": 0.4274044240935503, "last_batch_loss": 3.643858998591689, "last_batch_ppl": 38.23911706421396, "size_mb": 443.07978, "size_ratio": 0.4484315704338057, "target_bits_per_weight": 3.8156444060496795, "n_pruned": 101612905, "n_rounded_zero": 5555649, "n_nonzero": 250658006, "pruned_pct": 28.397250612140137, "sparsity_pct": 29.94986006628463, "n_dense_matrices": 0, "n_bitmap_matrices": 168, "n_csr_matrices": 0, "k_used_mean": 17.0, "k_used_min": 17, "k_used_max": 17, "k_used_row_mean": 15.727059001473064, "last_batch_delta_loss": 0.7585075911394723, "huffman_size_mb": 410.873868375, "huffman_bits_per_weight": 3.09561039571797, "wikitext2_loss": 3.6032254095326604, "wikitext2_ppl": 36.71646931336667, "c4_loss": 3.8961558400216076, "c4_ppl": 49.212902744531064}
{"b": 4.055194681560924, "k_init": 17, "c": 0.9957231990775224, "alpha": -0.23586002316626883, "beta": 0.4353832792632889, "last_batch_loss": 3.6382028256385106, "last_batch_ppl": 38.02344053140626, "size_mb": 443.391419, "size_ratio": 0.44874697360155674, "target_bits_per_weight": 3.8226117815290177, "n_pruned": 98968184, "n_rounded_zero": 7577092, "n_nonzero": 251281284, "pruned_pct": 27.658143654847755, "sparsity_pct": 29.775675679301166, "n_dense_matrices": 0, "n_bitmap_matrices": 168, "n_csr_matrices": 0, "k_used_mean": 17.0, "k_used_min": 17, "k_used_max": 17, "k_used_row_mean": 15.494074863215488, "last_batch_delta_loss": 0.7528514181862938, "huffman_size_mb": 409.5879655, "huffman_bits_per_weight": 3.0668612078432633, "wikitext2_loss": 3.594693876662766, "wikitext2_ppl": 36.404553998381836, "c4_loss": 3.892121987745828, "c4_ppl": 49.014785022256724}
{"b": 4.050039414794092, "k_init": 17, "c": 0.9942337026713433, "alpha": -0.23591003544131783, "beta": 0.4353832792632889, "last_batch_loss": 3.6232152509293325, "last_batch_ppl": 37.457810673575, "size_mb": 443.4165745, "size_ratio": 0.4487724329451766, "target_bits_per_weight": 3.8231741880759214, "n_pruned": 98975467, "n_rounded_zero": 7519498, "n_nonzero": 251331595, "pruned_pct": 27.660178998451094, "sparsity_pct": 29.761615515628577, "n_dense_matrices": 0, "n_bitmap_matrices": 168, "n_csr_matrices": 0, "k_used_mean": 17.0, "k_used_min": 17, "k_used_max": 17, "k_used_row_mean": 15.507727009680135, "last_batch_delta_loss": 0.7378638434771156, "huffman_size_mb": 409.66643325, "huffman_bits_per_weight": 3.068615527030749, "wikitext2_loss": 3.587163934501438, "wikitext2_ppl": 36.131459296392265, "c4_loss": 3.87459910737053, "c4_ppl": 48.163386073807374}
{"b": 4.127457417679245, "k_init": 17, "c": 0.987538756867108, "alpha": -0.21226501260674213, "beta": 0.4314567786334317, "last_batch_loss": 3.6199845023777173, "last_batch_ppl": 37.33698918301437, "size_mb": 444.3749115, "size_ratio": 0.4497423453296118, "target_bits_per_weight": 3.844599920140081, "n_pruned": 94984181, "n_rounded_zero": 9594110, "n_nonzero": 253248269, "pruned_pct": 26.544754251892314, "sparsity_pct": 29.225972214024583, "n_dense_matrices": 0, "n_bitmap_matrices": 168, "n_csr_matrices": 0, "k_used_mean": 17.0, "k_used_min": 17, "k_used_max": 17, "k_used_row_mean": 15.567451862373737, "last_batch_delta_loss": 0.7346330949255004, "huffman_size_mb": 410.23407825, "huffman_bits_per_weight": 3.0813064798767313, "wikitext2_loss": 3.590985935881883, "wikitext2_ppl": 36.26981801888964, "c4_loss": 3.8684739125433, "c4_ppl": 47.86927760592908}
{"b": 4.080217612306969, "k_init": 17, "c": 0.9943930096772585, "alpha": -0.12101327368387413, "beta": 0.4317999494752637, "last_batch_loss": 3.6043867251904462, "last_batch_ppl": 36.75913349257363, "size_mb": 444.4182345, "size_ratio": 0.44978619161148437, "target_bits_per_weight": 3.8455685011196485, "n_pruned": 81412226, "n_rounded_zero": 23079419, "n_nonzero": 253334915, "pruned_pct": 22.75186783228165, "sparsity_pct": 29.2017576895354, "n_dense_matrices": 0, "n_bitmap_matrices": 168, "n_csr_matrices": 0, "k_used_mean": 17.0, "k_used_min": 17, "k_used_max": 17, "k_used_row_mean": 15.506372316919192, "last_batch_delta_loss": 0.7190353177382294, "huffman_size_mb": 409.90265275, "huffman_bits_per_weight": 3.073896733657781, "wikitext2_loss": 3.5649663560360842, "wikitext2_ppl": 35.33826446498498, "c4_loss": 3.860091592372192, "c4_ppl": 47.46969903208568}
{"b": 4.081168278742976, "k_init": 17, "c": 0.970210443418898, "alpha": -0.2071798764425174, "beta": 0.4317999494752637, "last_batch_loss": 3.5916519053225757, "last_batch_ppl": 36.29398065420503, "size_mb": 444.74697, "size_ratio": 0.4501188977812905, "target_bits_per_weight": 3.8529181064703524, "n_pruned": 94279732, "n_rounded_zero": 9554442, "n_nonzero": 253992386, "pruned_pct": 26.34788541130094, "sparsity_pct": 29.0180175557678, "n_dense_matrices": 0, "n_bitmap_matrices": 168, "n_csr_matrices": 0, "k_used_mean": 17.0, "k_used_min": 17, "k_used_max": 17, "k_used_row_mean": 15.7173492739899, "last_batch_delta_loss": 0.7063004978703589, "huffman_size_mb": 411.202092625, "huffman_bits_per_weight": 3.102948570950127, "wikitext2_loss": 3.5285567971301344, "wikitext2_ppl": 34.07475532696079, "c4_loss": 3.840088001506528, "c4_ppl": 46.52956893178993}
{"b": 4.083284341871188, "k_init": 17, "c": 0.9240459056047853, "alpha": -0.2103033398009363, "beta": 0.4290784118430327, "last_batch_loss": 3.5704067213452615, "last_batch_ppl": 35.53104144618994, "size_mb": 445.6043855, "size_ratio": 0.45098666967370066, "target_bits_per_weight": 3.8720875163654704, "n_pruned": 94376938, "n_rounded_zero": 7742405, "n_nonzero": 255707217, "pruned_pct": 26.37505108620221, "sparsity_pct": 28.53878230838985, "n_dense_matrices": 0, "n_bitmap_matrices": 168, "n_csr_matrices": 0, "k_used_mean": 17.0, "k_used_min": 17, "k_used_max": 17, "k_used_row_mean": 16.07064130892256, "last_batch_delta_loss": 0.6850553138930446, "huffman_size_mb": 413.753738125, "huffman_bits_per_weight": 3.1599962199563945, "wikitext2_loss": 3.493425073761573, "wikitext2_ppl": 32.89843452332524, "c4_loss": 3.8158247127262745, "c4_ppl": 45.414194607181344}
{"b": 4.075965190830005, "k_init": 17, "c": 0.9716471983246988, "alpha": -0.20936030466404904, "beta": 0.40127380709705884, "last_batch_loss": 3.5562104568518715, "last_batch_ppl": 35.03019685662907, "size_mb": 446.606153, "size_ratio": 0.4520005371384596, "target_bits_per_weight": 3.894484232808207, "n_pruned": 90482623, "n_rounded_zero": 9633185, "n_nonzero": 257710752, "pruned_pct": 25.286726340269432, "sparsity_pct": 27.978864397321427, "n_dense_matrices": 0, "n_bitmap_matrices": 168, "n_csr_matrices": 0, "k_used_mean": 17.0, "k_used_min": 17, "k_used_max": 17, "k_used_row_mean": 15.70636705597643, "last_batch_delta_loss": 0.6708590493996547, "huffman_size_mb": 411.595900625, "huffman_bits_per_weight": 3.1117530152037904, "wikitext2_loss": 3.5018974744457725, "wikitext2_ppl": 33.1783473348579, "c4_loss": 3.8061559050037737, "c4_ppl": 44.977209458663346}
{"b": 4.062553953736242, "k_init": 17, "c": 0.8466743397210842, "alpha": -0.21609462046021585, "beta": 0.42172726866477905, "last_batch_loss": 3.5422968862111475, "last_batch_ppl": 34.54617677026339, "size_mb": 446.850518, "size_ratio": 0.4522478537294109, "target_bits_per_weight": 3.899947550008585, "n_pruned": 94242337, "n_rounded_zero": 5384741, "n_nonzero": 258199482, "pruned_pct": 26.337434817583134, "sparsity_pct": 27.842281467311984, "n_dense_matrices": 0, "n_bitmap_matrices": 168, "n_csr_matrices": 0, "k_used_mean": 17.0, "k_used_min": 17, "k_used_max": 17, "k_used_row_mean": 16.492164483375422, "last_batch_delta_loss": 0.6569454787589306, "huffman_size_mb": 418.182215625, "huffman_bits_per_weight": 3.2590045775249328, "wikitext2_loss": 3.4717194264592646, "wikitext2_ppl": 32.192046742238176, "c4_loss": 3.7721309983328486, "c4_ppl": 43.47260624947436}
{"b": 4.127338598273103, "k_init": 17, "c": 0.8466146640650949, "alpha": -0.21286602342408809, "beta": 0.42172726866477905, "last_batch_loss": 3.5378068514899854, "last_batch_ppl": 34.39141094904876, "size_mb": 446.9968915, "size_ratio": 0.4523959952186815, "target_bits_per_weight": 3.9032200516361892, "n_pruned": 93766207, "n_rounded_zero": 5568124, "n_nonzero": 258492229, "pruned_pct": 26.20437314658811, "sparsity_pct": 27.76046892662188, "n_dense_matrices": 0, "n_bitmap_matrices": 168, "n_csr_matrices": 0, "k_used_mean": 17.0, "k_used_min": 17, "k_used_max": 17, "k_used_row_mean": 16.49255247790404, "last_batch_delta_loss": 0.6524554440377686, "huffman_size_mb": 418.219556625, "huffman_bits_per_weight": 3.259839417733552, "wikitext2_loss": 3.4699934979266143, "wikitext2_ppl": 32.13653348997472, "c4_loss": 3.767258625468453, "c4_ppl": 43.261306685591634}
{"b": 4.125190331261386, "k_init": 17, "c": 0.8466146640650949, "alpha": -0.20542178311521986, "beta": 0.4214234289275012, "last_batch_loss": 3.526812979693988, "last_batch_ppl": 34.015386953336204, "size_mb": 447.3230465, "size_ratio": 0.4527260897196196, "target_bits_per_weight": 3.910511964232057, "n_pruned": 92627878, "n_rounded_zero": 6054143, "n_nonzero": 259144539, "pruned_pct": 25.88625003130008, "sparsity_pct": 27.57817111172519, "n_dense_matrices": 0, "n_bitmap_matrices": 168, "n_csr_matrices": 0, "k_used_mean": 17.0, "k_used_min": 17, "k_used_max": 17, "k_used_row_mean": 16.492555765993266, "last_batch_delta_loss": 0.6414615722417714, "huffman_size_mb": 418.303315875, "huffman_bits_per_weight": 3.2617120400453223, "wikitext2_loss": 3.4515463341854895, "wikitext2_ppl": 31.54914012272328, "c4_loss": 3.7511366684377396, "c4_ppl": 42.56944185126225}
{"b": 4.097065287512302, "k_init": 17, "c": 0.8484907305413927, "alpha": -0.20135388077283897, "beta": 0.4205347841331295, "last_batch_loss": 3.516683946543341, "last_batch_ppl": 33.67258303825547, "size_mb": 447.504003, "size_ratio": 0.45290923192366056, "target_bits_per_weight": 3.914557644910428, "n_pruned": 91906676, "n_rounded_zero": 6413432, "n_nonzero": 259506452, "pruned_pct": 25.684699313544527, "sparsity_pct": 27.47702909476591, "n_dense_matrices": 0, "n_bitmap_matrices": 168, "n_csr_matrices": 0, "k_used_mean": 17.0, "k_used_min": 17, "k_used_max": 17, "k_used_row_mean": 16.484207307449495, "last_batch_delta_loss": 0.6313325390911242, "huffman_size_mb": 418.24545725, "huffman_bits_per_weight": 3.260418483189174, "wikitext2_loss": 3.4337330822445855, "wikitext2_ppl": 30.992123211418587, "c4_loss": 3.7434076808636867, "c4_ppl": 42.2416913853729}
{"b": 4.045635608079974, "k_init": 17, "c": 0.8472680338505173, "alpha": -0.20119423963902452, "beta": 0.411407000984197, "last_batch_loss": 3.5072881105066105, "last_batch_ppl": 33.35768266190609, "size_mb": 448.1139755, "size_ratio": 0.45352657204714, "target_bits_per_weight": 3.9281949221432866, "n_pruned": 90650452, "n_rounded_zero": 6449711, "n_nonzero": 260726397, "pruned_pct": 25.333628671946542, "sparsity_pct": 27.136097163944456, "n_dense_matrices": 0, "n_bitmap_matrices": 168, "n_csr_matrices": 0, "k_used_mean": 17.0, "k_used_min": 17, "k_used_max": 17, "k_used_row_mean": 16.48998776830808, "last_batch_delta_loss": 0.6219367030543936, "huffman_size_mb": 418.56537475, "huffman_bits_per_weight": 3.2675709427494706, "wikitext2_loss": 3.425406741800459, "wikitext2_ppl": 30.735143577089435, "c4_loss": 3.73120592580403, "c4_ppl": 41.729400394307554}
{"b": 4.065111519868747, "k_init": 17, "c": 0.8472680338505173, "alpha": -0.1977653255273267, "beta": 0.411407000984197, "last_batch_loss": 3.504538964223559, "last_batch_ppl": 33.26610345260447, "size_mb": 448.2278025, "size_ratio": 0.4536417739197413, "target_bits_per_weight": 3.93073977515811, "n_pruned": 90144052, "n_rounded_zero": 6728457, "n_nonzero": 260954051, "pruned_pct": 25.192107595366874, "sparsity_pct": 27.07247583857386, "n_dense_matrices": 0, "n_bitmap_matrices": 168, "n_csr_matrices": 0, "k_used_mean": 17.0, "k_used_min": 17, "k_used_max": 17, "k_used_row_mean": 16.48998776830808, "last_batch_delta_loss": 0.6191875567713421, "huffman_size_mb": 418.5936665, "huffman_bits_per_weight": 3.2682034670651614, "wikitext2_loss": 3.4202902972881297, "wikitext2_ppl": 30.578290527535934, "c4_loss": 3.726987823370788, "c4_ppl": 41.55375222039477}
{"b": 4.199123094918389, "k_init": 18, "c": 0.9698815567079868, "alpha": -0.20995531440555304, "beta": 0.36832072133125787, "last_batch_loss": 3.4923335132682736, "last_batch_ppl": 32.86254348409212, "size_mb": 448.708417, "size_ratio": 0.45412819357763734, "target_bits_per_weight": 3.9414849697015226, "n_pruned": 86047714, "n_rounded_zero": 9863566, "n_nonzero": 261915280, "pruned_pct": 24.04732449150784, "sparsity_pct": 26.803845974988555, "n_dense_matrices": 0, "n_bitmap_matrices": 168, "n_csr_matrices": 0, "k_used_mean": 17.0, "k_used_min": 17, "k_used_max": 17, "k_used_row_mean": 15.71959175084175, "last_batch_delta_loss": 0.6069821058160567, "huffman_size_mb": 412.2072995, "huffman_bits_per_weight": 3.125422182187929, "wikitext2_loss": 3.405402744737224, "wikitext2_ppl": 30.126426540683116, "c4_loss": 3.7419472826243494, "c4_ppl": 42.18004671748542}
{"b": 4.126987110387499, "k_init": 17, "c": 0.8471781365832884, "alpha": -0.20995531440555304, "beta": 0.3929116456117551, "last_batch_loss": 3.488869805422188, "last_batch_ppl": 32.748914137417245, "size_mb": 448.972269, "size_ratio": 0.45439523254457487, "target_bits_per_weight": 3.9473839616600848, "n_pruned": 89431215, "n_rounded_zero": 5952361, "n_nonzero": 262442984, "pruned_pct": 24.992894602345896, "sparsity_pct": 26.656371176024496, "n_dense_matrices": 0, "n_bitmap_matrices": 168, "n_csr_matrices": 0, "k_used_mean": 17.0, "k_used_min": 17, "k_used_max": 17, "k_used_row_mean": 16.490293560606062, "last_batch_delta_loss": 0.603518397969971, "huffman_size_mb": 418.959778875, "huffman_bits_per_weight": 3.276388714689038, "wikitext2_loss": 3.4168703303986248, "wikitext2_ppl": 30.47389240720638, "c4_loss": 3.7145475560883865, "c4_ppl": 41.040014578472395}
{"b": 4.124593533645735, "k_init": 17, "c": 0.8484907305413927, "alpha": -0.2012615841235771, "beta": 0.39306069706497604, "last_batch_loss": 3.4755018538944187, "last_batch_ppl": 32.314041395545964, "size_mb": 449.2777355, "size_ratio": 0.4547043886570698, "target_bits_per_weight": 3.9542133373218578, "n_pruned": 88167903, "n_rounded_zero": 6604740, "n_nonzero": 263053917, "pruned_pct": 24.639843112819797, "sparsity_pct": 26.485636784480167, "n_dense_matrices": 0, "n_bitmap_matrices": 168, "n_csr_matrices": 0, "k_used_mean": 17.0, "k_used_min": 17, "k_used_max": 17, "k_used_row_mean": 16.484259916877104, "last_batch_delta_loss": 0.5901504464422018, "huffman_size_mb": 418.95476175, "huffman_bits_per_weight": 3.2762765458215286, "wikitext2_loss": 3.3852313761242647, "wikitext2_ppl": 29.524823265084727, "c4_loss": 3.700632223922215, "c4_ppl": 40.472884198713864}
{"b": 4.123554253366832, "k_init": 17, "c": 0.9263786623892186, "alpha": -0.2103033398009363, "beta": 0.3638999567946796, "last_batch_loss": 3.4668953899761847, "last_batch_ppl": 32.037125108531015, "size_mb": 449.715603, "size_ratio": 0.455147544990376, "target_bits_per_weight": 3.9640028286329554, "n_pruned": 85489271, "n_rounded_zero": 8407637, "n_nonzero": 263929652, "pruned_pct": 23.891259217873596, "sparsity_pct": 26.240899501702724, "n_dense_matrices": 0, "n_bitmap_matrices": 168, "n_csr_matrices": 0, "k_used_mean": 17.0, "k_used_min": 17, "k_used_max": 17, "k_used_row_mean": 16.05528593223906, "last_batch_delta_loss": 0.5815439825239679, "huffman_size_mb": 414.789405125, "huffman_bits_per_weight": 3.183150834303636, "wikitext2_loss": 3.361363607905781, "wikitext2_ppl": 28.82847482538929, "c4_loss": 3.7115456660782704, "c4_ppl": 40.91700169664073}
{"b": 4.099742653828267, "k_init": 17, "c": 0.8473672796262677, "alpha": -0.19784081046441665, "beta": 0.3834025673908725, "last_batch_loss": 3.454912730758809, "last_batch_ppl": 31.65552600799413, "size_mb": 450.0328845, "size_ratio": 0.4554686588117167, "target_bits_per_weight": 3.9710963546138105, "n_pruned": 86338779, "n_rounded_zero": 6923566, "n_nonzero": 264564215, "pruned_pct": 24.12866697206602, "sparsity_pct": 26.06356135218135, "n_dense_matrices": 0, "n_bitmap_matrices": 168, "n_csr_matrices": 0, "k_used_mean": 17.0, "k_used_min": 17, "k_used_max": 17, "k_used_row_mean": 16.48942879313973, "last_batch_delta_loss": 0.5695613233065919, "huffman_size_mb": 419.30416325, "huffman_bits_per_weight": 3.2840881850693253, "wikitext2_loss": 3.361781016470917, "wikitext2_ppl": 28.84051058944197, "c4_loss": 3.679157455548695, "c4_ppl": 39.61300429139517}
{"b": 4.008495739095127, "k_init": 16, "c": 0.8489325537999168, "alpha": -0.06335929385666869, "beta": 0.2973089800835887, "last_batch_loss": 3.441116787715254, "last_batch_ppl": 31.221806835727822, "size_mb": 450.1981365, "size_ratio": 0.4556359068271358, "target_bits_per_weight": 3.9747909266433434, "n_pruned": 54051429, "n_rounded_zero": 32631803, "n_nonzero": 271143328, "pruned_pct": 15.105482667357057, "sparsity_pct": 24.22492953010531, "n_dense_matrices": 104, "n_bitmap_matrices": 64, "n_csr_matrices": 0, "k_used_mean": 16.0, "k_used_min": 16, "k_used_max": 16, "k_used_row_mean": 15.154471143728957, "last_batch_delta_loss": 0.5557653802630371, "huffman_size_mb": 413.214795125, "huffman_bits_per_weight": 3.1479469634674406, "wikitext2_loss": 3.328903416661055, "wikitext2_ppl": 27.907721774926955, "c4_loss": 3.701555650875984, "c4_ppl": 40.51027521215755}
{"b": 4.006250652167107, "k_init": 16, "c": 0.8485528264598574, "alpha": -0.20267441300377056, "beta": 0.2868374534680672, "last_batch_loss": 3.4226688744675897, "last_batch_ppl": 30.651109920512717, "size_mb": 450.3458565, "size_ratio": 0.4557854110802626, "target_bits_per_weight": 3.9780935322408713, "n_pruned": 73493270, "n_rounded_zero": 12196353, "n_nonzero": 272136937, "pruned_pct": 20.53879678467691, "sparsity_pct": 23.94725058978294, "n_dense_matrices": 112, "n_bitmap_matrices": 56, "n_csr_matrices": 0, "k_used_mean": 16.0, "k_used_min": 16, "k_used_max": 16, "k_used_row_mean": 15.156095459806398, "last_batch_delta_loss": 0.5373174670153729, "huffman_size_mb": 413.35357275, "huffman_bits_per_weight": 3.1510496425977994, "wikitext2_loss": 3.3121069579537337, "wikitext2_ppl": 27.4428856075511, "c4_loss": 3.680241671433144, "c4_ppl": 39.65597663131581}
{"b": 3.9907177596993706, "k_init": 16, "c": 0.8563985198638127, "alpha": -0.04983822439348168, "beta": 0.1948623106400147, "last_batch_loss": 3.411908677571217, "last_batch_ppl": 30.323066016296693, "size_mb": 450.6465205, "size_ratio": 0.45608970668520515, "target_bits_per_weight": 3.9848155374492045, "n_pruned": 37084609, "n_rounded_zero": 42010444, "n_nonzero": 278731507, "pruned_pct": 10.36385029663533, "sparsity_pct": 22.10429907718421, "n_dense_matrices": 131, "n_bitmap_matrices": 37, "n_csr_matrices": 0, "k_used_mean": 16.0, "k_used_min": 16, "k_used_max": 16, "k_used_row_mean": 15.105955387205388, "last_batch_delta_loss": 0.526557270119, "huffman_size_mb": 413.716571875, "huffman_bits_per_weight": 3.159165286668491, "wikitext2_loss": 3.2849455091835864, "wikitext2_ppl": 26.707528960177974, "c4_loss": 3.6575611689408696, "c4_ppl": 38.76668209907345}
{"b": 4.008486925880637, "k_init": 16, "c": 0.8489367505572539, "alpha": -0.19013744295743057, "beta": 0.2029989663133829, "last_batch_loss": 3.3942974856497314, "last_batch_ppl": 29.79371560846059, "size_mb": 450.7273825, "size_ratio": 0.4561715453862364, "target_bits_per_weight": 3.9866233853630093, "n_pruned": 59432721, "n_rounded_zero": 19242770, "n_nonzero": 279151069, "pruned_pct": 16.609365442296962, "sparsity_pct": 21.98704618237394, "n_dense_matrices": 132, "n_bitmap_matrices": 36, "n_csr_matrices": 0, "k_used_mean": 16.0, "k_used_min": 16, "k_used_max": 16, "k_used_row_mean": 15.154444839015152, "last_batch_delta_loss": 0.5089460781975146, "huffman_size_mb": 414.20001275, "huffman_bits_per_weight": 3.169973671043312, "wikitext2_loss": 3.2618012161418775, "wikitext2_ppl": 26.09650027198413, "c4_loss": 3.643242905415962, "c4_ppl": 38.21556546088087}
{"b": 4.033549967543447, "k_init": 16, "c": 0.8482836005756609, "alpha": -0.1924162950614523, "beta": 0.21149676898603348, "last_batch_loss": 3.3859020954350116, "last_batch_ppl": 29.544632776763386, "size_mb": 450.7329775, "size_ratio": 0.45617720796609185, "target_bits_per_weight": 3.9867484738975216, "n_pruned": 61022297, "n_rounded_zero": 17896224, "n_nonzero": 278908039, "pruned_pct": 17.05359630095653, "sparsity_pct": 22.054964561602134, "n_dense_matrices": 132, "n_bitmap_matrices": 36, "n_csr_matrices": 0, "k_used_mean": 16.0, "k_used_min": 16, "k_used_max": 16, "k_used_row_mean": 15.160363399621213, "last_batch_delta_loss": 0.5005506879827948, "huffman_size_mb": 414.21324725, "huffman_bits_per_weight": 3.170269557407924, "wikitext2_loss": 3.253129731816545, "wikitext2_ppl": 25.87118320751053, "c4_loss": 3.6368389250769755, "c4_ppl": 37.97161568951328}
{"b": 4.1039763327688, "k_init": 17, "c": 0.8616636302289881, "alpha": -0.091112318014394, "beta": 0.33489443391779194, "last_batch_loss": 3.3843242457044607, "last_batch_ppl": 29.49805254386519, "size_mb": 453.4260965, "size_ratio": 0.45890285611581133, "target_bits_per_weight": 4.046959074250944, "n_pruned": 63587838, "n_rounded_zero": 22888083, "n_nonzero": 271350639, "pruned_pct": 17.770575219458276, "sparsity_pct": 24.166993361253006, "n_dense_matrices": 0, "n_bitmap_matrices": 168, "n_csr_matrices": 0, "k_used_mean": 17.0, "k_used_min": 17, "k_used_max": 17, "k_used_row_mean": 16.425583964646464, "last_batch_delta_loss": 0.4989728382522438, "huffman_size_mb": 419.586567375, "huffman_bits_per_weight": 3.2904019505986364, "wikitext2_loss": 3.2932979871876484, "wikitext2_ppl": 26.93153721807838, "c4_loss": 3.6060281258766165, "c4_ppl": 36.819519504774654}
{"b": 4.121031341017173, "k_init": 17, "c": 0.8493591796806378, "alpha": -0.02771309027834171, "beta": 0.3337537996573079, "last_batch_loss": 3.3747572011346634, "last_batch_ppl": 29.21718901962747, "size_mb": 453.770558, "size_ratio": 0.45925147823392964, "target_bits_per_weight": 4.054660268930289, "n_pruned": 53775375, "n_rounded_zero": 32011623, "n_nonzero": 272039562, "pruned_pct": 15.028335235931062, "sparsity_pct": 23.974463494269404, "n_dense_matrices": 0, "n_bitmap_matrices": 168, "n_csr_matrices": 0, "k_used_mean": 17.0, "k_used_min": 17, "k_used_max": 17, "k_used_row_mean": 16.481014572811446, "last_batch_delta_loss": 0.4894057936824465, "huffman_size_mb": 420.442764875, "huffman_bits_per_weight": 3.309544129424043, "wikitext2_loss": 3.283703230073056, "wikitext2_ppl": 26.674371354621464, "c4_loss": 3.6044061178105835, "c4_ppl": 36.759846355398146}
{"b": 4.121031341017173, "k_init": 17, "c": 0.8479005954580048, "alpha": -0.02771309027834171, "beta": 0.3337537996573079, "last_batch_loss": 3.371181709800165, "last_batch_ppl": 29.11290974937632, "size_mb": 453.8034895, "size_ratio": 0.45928480750086603, "target_bits_per_weight": 4.055396525065104, "n_pruned": 53775375, "n_rounded_zero": 31945760, "n_nonzero": 272105425, "pruned_pct": 15.028335235931062, "sparsity_pct": 23.95605709089901, "n_dense_matrices": 0, "n_bitmap_matrices": 168, "n_csr_matrices": 0, "k_used_mean": 17.0, "k_used_min": 17, "k_used_max": 17, "k_used_row_mean": 16.487189604377104, "last_batch_delta_loss": 0.485830302347948, "huffman_size_mb": 420.544346625, "huffman_bits_per_weight": 3.311815212934445, "wikitext2_loss": 3.2744592518218067, "wikitext2_ppl": 26.428930219975022, "c4_loss": 3.5998638648781824, "c4_ppl": 36.59325247769166}
{"b": 4.0620906258615515, "k_init": 17, "c": 0.8487788121028381, "alpha": -0.19847233904568273, "beta": 0.315812359688004, "last_batch_loss": 3.357096721908204, "last_batch_ppl": 28.705729067132868, "size_mb": 454.3517065, "size_ratio": 0.4598396462033871, "target_bits_per_weight": 4.067653122227707, "n_pruned": 77001872, "n_rounded_zero": 7622829, "n_nonzero": 273201859, "pruned_pct": 21.519328246623168, "sparsity_pct": 23.649642161833935, "n_dense_matrices": 0, "n_bitmap_matrices": 168, "n_csr_matrices": 0, "k_used_mean": 17.0, "k_used_min": 17, "k_used_max": 17, "k_used_row_mean": 16.48344447074916, "last_batch_delta_loss": 0.47174531445598733, "huffman_size_mb": 420.687357875, "huffman_bits_per_weight": 3.3150125440660414, "wikitext2_loss": 3.2782931146027474, "wikitext2_ppl": 26.530449593210214, "c4_loss": 3.589527892320984, "c4_ppl": 36.216973578382124}
{"b": 4.081136334990492, "k_init": 17, "c": 0.8468375911643443, "alpha": -0.19723020989748705, "beta": 0.31263127670931873, "last_batch_loss": 3.354356669773983, "last_batch_ppl": 28.627181534249473, "size_mb": 454.624734, "size_ratio": 0.4601159714976639, "target_bits_per_weight": 4.073757252675709, "n_pruned": 76368373, "n_rounded_zero": 7710273, "n_nonzero": 273747914, "pruned_pct": 21.342287447863008, "sparsity_pct": 23.49703890063387, "n_dense_matrices": 0, "n_bitmap_matrices": 168, "n_csr_matrices": 0, "k_used_mean": 17.0, "k_used_min": 17, "k_used_max": 17, "k_used_row_mean": 16.49159893202862, "last_batch_delta_loss": 0.4690052623217662, "huffman_size_mb": 420.886235625, "huffman_bits_per_weight": 3.3194588937165537, "wikitext2_loss": 3.2845793758516684, "wikitext2_ppl": 26.69775223351446, "c4_loss": 3.5849493019279177, "c4_ppl": 36.05152992946389}
{"b": 4.120186115342094, "k_init": 17, "c": 0.8483016463704623, "alpha": -0.2062987913965651, "beta": 0.2980938906723685, "last_batch_loss": 3.3398872230130983, "last_batch_ppl": 28.215944416773613, "size_mb": 455.211009, "size_ratio": 0.4607093278881453, "target_bits_per_weight": 4.086864720159398, "n_pruned": 75639573, "n_rounded_zero": 7266523, "n_nonzero": 274920464, "pruned_pct": 21.13861335502876, "sparsity_pct": 23.169352213541668, "n_dense_matrices": 0, "n_bitmap_matrices": 168, "n_csr_matrices": 0, "k_used_mean": 17.0, "k_used_min": 17, "k_used_max": 17, "k_used_row_mean": 16.485509390782827, "last_batch_delta_loss": 0.4545358155608814, "huffman_size_mb": 420.949089875, "huffman_bits_per_weight": 3.3208641387604096, "wikitext2_loss": 3.273737820530985, "wikitext2_ppl": 26.409870438719345, "c4_loss": 3.5733787012962113, "c4_ppl": 35.63679606146129}
{"b": 4.0811342806833615, "k_init": 17, "c": 0.8481955566670274, "alpha": -0.1962031598700357, "beta": 0.29616275106438866, "last_batch_loss": 3.333160862552287, "last_batch_ppl": 28.02679067517935, "size_mb": 455.6830705, "size_ratio": 0.46118709123764035, "target_bits_per_weight": 4.097418693570427, "n_pruned": 73870778, "n_rounded_zero": 8091195, "n_nonzero": 275864587, "pruned_pct": 20.64429705832904, "sparsity_pct": 22.90550287826594, "n_dense_matrices": 0, "n_bitmap_matrices": 168, "n_csr_matrices": 0, "k_used_mean": 17.0, "k_used_min": 17, "k_used_max": 17, "k_used_row_mean": 16.485930266203702, "last_batch_delta_loss": 0.44780945510007, "huffman_size_mb": 421.07197375, "huffman_bits_per_weight": 3.3236114781418125, "wikitext2_loss": 3.262971542624606, "wikitext2_ppl": 26.12705957605239, "c4_loss": 3.5659204491418226, "c4_ppl": 35.37199654869519}
{"b": 4.06228619693865, "k_init": 17, "c": 0.8477711793410447, "alpha": -0.20267441300377056, "beta": 0.28686512942607933, "last_batch_loss": 3.3288228342925623, "last_batch_ppl": 27.90547299521431, "size_mb": 456.0628655, "size_ratio": 0.4615714736355302, "target_bits_per_weight": 4.105909846379206, "n_pruned": 73497225, "n_rounded_zero": 7705158, "n_nonzero": 276624177, "pruned_pct": 20.53990206875644, "sparsity_pct": 22.693224058046447, "n_dense_matrices": 0, "n_bitmap_matrices": 168, "n_csr_matrices": 0, "k_used_mean": 17.0, "k_used_min": 17, "k_used_max": 17, "k_used_row_mean": 16.487748579545453, "last_batch_delta_loss": 0.44347142684034546, "huffman_size_mb": 421.1947615, "huffman_bits_per_weight": 3.326356668437357, "wikitext2_loss": 3.2616430477972482, "wikitext2_ppl": 26.092372958149298, "c4_loss": 3.5597609155167587, "c4_ppl": 35.154791175196586}
{"b": 4.11523965680589, "k_init": 17, "c": 0.8482836005756609, "alpha": -0.20627355602637204, "beta": 0.2710080998200056, "last_batch_loss": 3.3148252098631383, "last_batch_ppl": 27.517583761959106, "size_mb": 456.9053785, "size_ratio": 0.46242416302636835, "target_bits_per_weight": 4.12474607809996, "n_pruned": 71750373, "n_rounded_zero": 7766984, "n_nonzero": 278309203, "pruned_pct": 20.051718072576836, "sparsity_pct": 22.222318265027617, "n_dense_matrices": 0, "n_bitmap_matrices": 168, "n_csr_matrices": 0, "k_used_mean": 17.0, "k_used_min": 17, "k_used_max": 17, "k_used_row_mean": 16.485581728745792, "last_batch_delta_loss": 0.4294738024109215, "huffman_size_mb": 421.37411825, "huffman_bits_per_weight": 3.3303665831848814, "wikitext2_loss": 3.234311102014684, "wikitext2_ppl": 25.388875407815046, "c4_loss": 3.546425052078165, "c4_ppl": 34.68908388723464}
{"b": 4.114849116126387, "k_init": 17, "c": 0.8483367126112653, "alpha": -0.20567529090230735, "beta": 0.2667306672796113, "last_batch_loss": 3.307755835998565, "last_batch_ppl": 27.32373766705907, "size_mb": 457.189272, "size_ratio": 0.4627114855668845, "target_bits_per_weight": 4.131093141884158, "n_pruned": 71044492, "n_rounded_zero": 7905078, "n_nonzero": 278876990, "pruned_pct": 19.854449038103823, "sparsity_pct": 22.063641670422676, "n_dense_matrices": 0, "n_bitmap_matrices": 168, "n_csr_matrices": 0, "k_used_mean": 17.0, "k_used_min": 17, "k_used_max": 17, "k_used_row_mean": 16.485374579124578, "last_batch_delta_loss": 0.42240442854634797, "huffman_size_mb": 421.442115, "huffman_bits_per_weight": 3.331886800130208, "wikitext2_loss": 3.2187051309033308, "wikitext2_ppl": 24.9957330150629, "c4_loss": 3.5331536103413055, "c4_ppl": 34.23175117625979}
{"b": 4.124593533645735, "k_init": 17, "c": 0.8479954758383917, "alpha": -0.07250232809869475, "beta": 0.26585758575279705, "last_batch_loss": 3.303294634201728, "last_batch_ppl": 27.202112458500576, "size_mb": 458.0907295, "size_ratio": 0.46362383142569197, "target_bits_per_weight": 4.151247207585708, "n_pruned": 50924516, "n_rounded_zero": 26222139, "n_nonzero": 280679905, "pruned_pct": 14.231619922232715, "sparsity_pct": 21.5597900278839, "n_dense_matrices": 0, "n_bitmap_matrices": 168, "n_csr_matrices": 0, "k_used_mean": 17.0, "k_used_min": 17, "k_used_max": 17, "k_used_row_mean": 16.486755576599325, "last_batch_delta_loss": 0.41794322674951134, "huffman_size_mb": 421.68352075, "huffman_bits_per_weight": 3.337283956786215, "wikitext2_loss": 3.2046079887519157, "wikitext2_ppl": 24.64583667731522, "c4_loss": 3.5277768774736087, "c4_ppl": 34.048190116201596}
{"b": 4.124593533645735, "k_init": 17, "c": 0.8492704846158219, "alpha": -0.14880287369846193, "beta": 0.24092360231209525, "last_batch_loss": 3.28588360300516, "last_batch_ppl": 26.732594883340635, "size_mb": 459.528711, "size_ratio": 0.4650791817517659, "target_bits_per_weight": 4.183396447709192, "n_pruned": 58831594, "n_rounded_zero": 15439098, "n_nonzero": 283555868, "pruned_pct": 16.44137148455386, "sparsity_pct": 20.75605902479682, "n_dense_matrices": 0, "n_bitmap_matrices": 168, "n_csr_matrices": 0, "k_used_mean": 17.0, "k_used_min": 17, "k_used_max": 17, "k_used_row_mean": 16.481208570075758, "last_batch_delta_loss": 0.4005321955529433, "huffman_size_mb": 421.91956175, "huffman_bits_per_weight": 3.3425611726530304, "wikitext2_loss": 3.1870691468805, "wikitext2_ppl": 24.217345845498215, "c4_loss": 3.5033644558338635, "c4_ppl": 33.22705507082175}
{"b": 4.124593533645735, "k_init": 17, "c": 0.849147778876685, "alpha": -0.16077491222556278, "beta": 0.2262857251544591, "last_batch_loss": 3.274393488851826, "last_batch_ppl": 26.42719223217859, "size_mb": 460.3141515, "size_ratio": 0.4658741092858035, "target_bits_per_weight": 4.200956698127719, "n_pruned": 58483265, "n_rounded_zero": 14216546, "n_nonzero": 285126749, "pruned_pct": 16.34402572017013, "sparsity_pct": 20.31705276433365, "n_dense_matrices": 0, "n_bitmap_matrices": 168, "n_csr_matrices": 0, "k_used_mean": 17.0, "k_used_min": 17, "k_used_max": 17, "k_used_row_mean": 16.481859611742426, "last_batch_delta_loss": 0.38904208139960916, "huffman_size_mb": 422.07694075, "huffman_bits_per_weight": 3.3460797264462427, "wikitext2_loss": 3.1854968528927023, "wikitext2_ppl": 24.179298976494618, "c4_loss": 3.488961678688038, "c4_ppl": 32.75192302532815}
{"b": 4.122624737753049, "k_init": 17, "c": 0.84927550544874, "alpha": -0.11921698351583548, "beta": 0.03894541038136168, "last_batch_loss": 3.2701755033566653, "last_batch_ppl": 26.315957476876115, "size_mb": 462.0806785, "size_ratio": 0.46766197348674654, "target_bits_per_weight": 4.240451295733888, "n_pruned": 24097372, "n_rounded_zero": 45069385, "n_nonzero": 288659803, "pruned_pct": 6.734372093563988, "sparsity_pct": 19.329687824179402, "n_dense_matrices": 0, "n_bitmap_matrices": 168, "n_csr_matrices": 0, "k_used_mean": 17.0, "k_used_min": 17, "k_used_max": 17, "k_used_row_mean": 16.481208570075758, "last_batch_delta_loss": 0.38482409590444844, "huffman_size_mb": 422.332015625, "huffman_bits_per_weight": 3.351782486464951, "wikitext2_loss": 3.1879409336761197, "wikitext2_ppl": 24.23846741324549, "c4_loss": 3.4808516113363246, "c4_ppl": 32.487376917074315}
{"b": 5.044668514360786, "k_init": 33, "c": 0.9758532832327018, "alpha": -0.24004960936769895, "beta": 0.38310787547653813, "last_batch_loss": 3.2697761658639166, "last_batch_ppl": 26.305450626427305, "size_mb": 483.0161675, "size_ratio": 0.48885033421507784, "target_bits_per_weight": 4.708510212321857, "n_pruned": 92498619, "n_rounded_zero": 907113, "n_nonzero": 264420828, "pruned_pct": 25.85012666471712, "sparsity_pct": 26.10363300030048, "n_dense_matrices": 0, "n_bitmap_matrices": 168, "n_csr_matrices": 0, "k_used_mean": 33.0, "k_used_min": 33, "k_used_max": 33, "k_used_row_mean": 28.054085779671716, "last_batch_delta_loss": 0.38442475841169976, "huffman_size_mb": 446.7765365, "huffman_bits_per_weight": 3.8982935308100104, "wikitext2_loss": 3.1201098697020906, "wikitext2_ppl": 22.64886793085143, "c4_loss": 3.4940896730744435, "c4_ppl": 32.920306067405505}
{"b": 5.044668514360786, "k_init": 33, "c": 0.974181627064237, "alpha": -0.24004960936769895, "beta": 0.3818948663306017, "last_batch_loss": 3.263520196524258, "last_batch_ppl": 26.141398222292633, "size_mb": 483.122565, "size_ratio": 0.488958016849603, "target_bits_per_weight": 4.7108889625186015, "n_pruned": 92331131, "n_rounded_zero": 904365, "n_nonzero": 264591064, "pruned_pct": 25.803319630605397, "sparsity_pct": 26.056057996365613, "n_dense_matrices": 0, "n_bitmap_matrices": 168, "n_csr_matrices": 0, "k_used_mean": 33.0, "k_used_min": 33, "k_used_max": 33, "k_used_row_mean": 28.08930121527778, "last_batch_delta_loss": 0.3781687890720411, "huffman_size_mb": 446.911016875, "huffman_bits_per_weight": 3.901300135462275, "wikitext2_loss": 3.1094900359791895, "wikitext2_ppl": 22.40961338974287, "c4_loss": 3.4883032525290383, "c4_ppl": 32.73036540028168}
{"b": 5.044668514360786, "k_init": 33, "c": 0.9758532832327018, "alpha": -0.23062844791400078, "beta": 0.3824808988561035, "last_batch_loss": 3.2545067918085153, "last_batch_ppl": 25.906833919801628, "size_mb": 483.885370625, "size_ratio": 0.4897300361106816, "target_bits_per_weight": 4.727943160507706, "n_pruned": 91036823, "n_rounded_zero": 978184, "n_nonzero": 265811553, "pruned_pct": 25.44160584390382, "sparsity_pct": 25.714974036583534, "n_dense_matrices": 0, "n_bitmap_matrices": 168, "n_csr_matrices": 0, "k_used_mean": 33.0, "k_used_min": 33, "k_used_max": 33, "k_used_row_mean": 28.056285511363637, "last_batch_delta_loss": 0.36915538435629847, "huffman_size_mb": 447.165813375, "huffman_bits_per_weight": 3.9069966717954085, "wikitext2_loss": 3.1082290465713482, "wikitext2_ppl": 22.381372913837165, "c4_loss": 3.4801221199017007, "c4_ppl": 32.463686295983095}
{"b": 4.952341549413534, "k_init": 31, "c": 0.9282825652055177, "alpha": -0.22262782209959953, "beta": 0.38311583296800117, "last_batch_loss": 3.2517071357283527, "last_batch_ppl": 25.834405129859874, "size_mb": 484.491312, "size_ratio": 0.4903432964187509, "target_bits_per_weight": 4.741490313072345, "n_pruned": 89952932, "n_rounded_zero": 1091124, "n_nonzero": 266782504, "pruned_pct": 25.1386962443481, "sparsity_pct": 25.4436272142571, "n_dense_matrices": 0, "n_bitmap_matrices": 168, "n_csr_matrices": 0, "k_used_mean": 31.0, "k_used_min": 31, "k_used_max": 31, "k_used_row_mean": 27.316448995159934, "last_batch_delta_loss": 0.36635572827613583, "huffman_size_mb": 446.613907875, "huffman_bits_per_weight": 3.8946576101002677, "wikitext2_loss": 3.0973474647422976, "wikitext2_ppl": 22.139148455780784, "c4_loss": 3.469276416575437, "c4_ppl": 32.11349724153677}
{"b": 5.044668514360786, "k_init": 33, "c": 0.9758532832327018, "alpha": -0.21686155542077007, "beta": 0.380231736050326, "last_batch_loss": 3.230371248797783, "last_batch_ppl": 25.289043755530166, "size_mb": 485.26459875, "size_ratio": 0.49112592340231165, "target_bits_per_weight": 4.758778839670258, "n_pruned": 88708518, "n_rounded_zero": 1099724, "n_nonzero": 268018318, "pruned_pct": 24.790926084413634, "sparsity_pct": 25.098260453332475, "n_dense_matrices": 0, "n_bitmap_matrices": 168, "n_csr_matrices": 0, "k_used_mean": 33.0, "k_used_min": 33, "k_used_max": 33, "k_used_row_mean": 28.064015809132997, "last_batch_delta_loss": 0.3450198413455663, "huffman_size_mb": 447.75478075, "huffman_bits_per_weight": 3.920164333245693, "wikitext2_loss": 3.078843247011267, "wikitext2_ppl": 21.733247850797902, "c4_loss": 3.4544301762135947, "c4_ppl": 31.640254175080372}
{"b": 5.062097755398724, "k_init": 33, "c": 0.9736474383534596, "alpha": -0.25452511931615585, "beta": 0.33744083428167987, "last_batch_loss": 3.2163548397330697, "last_batch_ppl": 24.93705474698199, "size_mb": 485.669329375, "size_ratio": 0.4915355426130357, "target_bits_per_weight": 4.767827483236571, "n_pruned": 88261302, "n_rounded_zero": 899371, "n_nonzero": 268665887, "pruned_pct": 24.66594486446171, "sparsity_pct": 24.91728758200621, "n_dense_matrices": 0, "n_bitmap_matrices": 168, "n_csr_matrices": 0, "k_used_mean": 33.0, "k_used_min": 33, "k_used_max": 33, "k_used_row_mean": 28.332435684974747, "last_batch_delta_loss": 0.3310034322808528, "huffman_size_mb": 448.368575625, "huffman_bits_per_weight": 3.933887068081251, "wikitext2_loss": 3.057106929983048, "wikitext2_ppl": 21.265944214127, "c4_loss": 3.434823094895833, "c4_ppl": 31.025923435797573}
{"b": 5.044908386138812, "k_init": 33, "c": 0.9740368863762332, "alpha": -0.23821094743128007, "beta": 0.34996097022121964, "last_batch_loss": 3.2097748205262273, "last_batch_ppl": 24.77350711116556, "size_mb": 486.00663875, "size_ratio": 0.49187692621838397, "target_bits_per_weight": 4.775368776426211, "n_pruned": 87642258, "n_rounded_zero": 978720, "n_nonzero": 269205582, "pruned_pct": 24.492943732293096, "sparsity_pct": 24.766461718213428, "n_dense_matrices": 0, "n_bitmap_matrices": 168, "n_csr_matrices": 0, "k_used_mean": 33.0, "k_used_min": 33, "k_used_max": 33, "k_used_row_mean": 28.239859532828284, "last_batch_delta_loss": 0.32442341307401046, "huffman_size_mb": 448.431512375, "huffman_bits_per_weight": 3.935294157594115, "wikitext2_loss": 3.0518526906335532, "wikitext2_ppl": 21.15450088458148, "c4_loss": 3.4375152275745147, "c4_ppl": 31.109561870532357}
{"b": 5.062097755398724, "k_init": 33, "c": 0.9736474383534596, "alpha": -0.25280676926111934, "beta": 0.32551540718332245, "last_batch_loss": 3.202307570196095, "last_batch_ppl": 24.58920609928899, "size_mb": 486.84583375, "size_ratio": 0.49272625753237487, "target_bits_per_weight": 4.79413082695706, "n_pruned": 86336378, "n_rounded_zero": 941888, "n_nonzero": 270548294, "pruned_pct": 24.12799597659827, "sparsity_pct": 24.39122070759644, "n_dense_matrices": 0, "n_bitmap_matrices": 168, "n_csr_matrices": 0, "k_used_mean": 33.0, "k_used_min": 33, "k_used_max": 33, "k_used_row_mean": 28.432143702651516, "last_batch_delta_loss": 0.31695616274387817, "huffman_size_mb": 449.028558625, "huffman_bits_per_weight": 3.9486424400692894, "wikitext2_loss": 3.040643552798825, "wikitext2_ppl": 20.918701192875538, "c4_loss": 3.4180295894829658, "c4_ppl": 30.509240028381562}
{"b": 5.044675799232, "k_init": 33, "c": 0.974181627064237, "alpha": -0.2056192080909386, "beta": 0.3706014233975142, "last_batch_loss": 3.1936098368038595, "last_batch_ppl": 24.376263143276457, "size_mb": 487.053066875, "size_ratio": 0.4929359937466739, "target_bits_per_weight": 4.798763979398287, "n_pruned": 85723429, "n_rounded_zero": 1223264, "n_nonzero": 270879867, "pruned_pct": 23.956698183611635, "sparsity_pct": 24.29855765877189, "n_dense_matrices": 0, "n_bitmap_matrices": 168, "n_csr_matrices": 0, "k_used_mean": 33.0, "k_used_min": 33, "k_used_max": 33, "k_used_row_mean": 28.131227640993266, "last_batch_delta_loss": 0.3082584293516426, "huffman_size_mb": 448.624372, "huffman_bits_per_weight": 3.939605958819826, "wikitext2_loss": 3.033931029413241, "wikitext2_ppl": 20.778754146310817, "c4_loss": 3.4196666392338932, "c4_ppl": 30.559226075831006}
{"b": 5.101948364056594, "k_init": 34, "c": 0.9736951358617402, "alpha": -0.22311365864740706, "beta": 0.3432884408325988, "last_batch_loss": 3.1810995380530196, "last_batch_ppl": 24.073208414045002, "size_mb": 487.886559375, "size_ratio": 0.49377955368235815, "target_bits_per_weight": 4.817398537995614, "n_pruned": 84501338, "n_rounded_zero": 1111767, "n_nonzero": 272213455, "pruned_pct": 23.615166520897724, "sparsity_pct": 23.92586648682535, "n_dense_matrices": 0, "n_bitmap_matrices": 168, "n_csr_matrices": 0, "k_used_mean": 33.0, "k_used_min": 33, "k_used_max": 33, "k_used_row_mean": 28.291814630681817, "last_batch_delta_loss": 0.29574813060080274, "huffman_size_mb": 449.33322175, "huffman_bits_per_weight": 3.955453854515439, "wikitext2_loss": 3.022109014975453, "wikitext2_ppl": 20.534553729336217, "c4_loss": 3.4070600198429855, "c4_ppl": 30.176395712309695}
{"b": 5.101948364056594, "k_init": 34, "c": 0.9736951358617402, "alpha": -0.22339235571695545, "beta": 0.3307688424579417, "last_batch_loss": 3.170591890142205, "last_batch_ppl": 23.821579942837754, "size_mb": 488.940751875, "size_ratio": 0.4948464793685507, "target_bits_per_weight": 4.840967330653152, "n_pruned": 82784971, "n_rounded_zero": 1141426, "n_nonzero": 273900163, "pruned_pct": 23.135502015278018, "sparsity_pct": 23.454490633674595, "n_dense_matrices": 0, "n_bitmap_matrices": 168, "n_csr_matrices": 0, "k_used_mean": 33.0, "k_used_min": 33, "k_used_max": 33, "k_used_row_mean": 28.38850089436027, "last_batch_delta_loss": 0.28524048268998836, "huffman_size_mb": 449.931785375, "huffman_bits_per_weight": 3.9688360612471025, "wikitext2_loss": 3.0077230477219628, "wikitext2_ppl": 20.241259034004237, "c4_loss": 3.3896865928586544, "c4_ppl": 29.65665620587509}
{"b": 5.044908386138812, "k_init": 33, "c": 0.9741861315815038, "alpha": -0.20286837972371083, "beta": 0.34996097022121964, "last_batch_loss": 3.1613709897487174, "last_batch_ppl": 23.602933136382784, "size_mb": 489.051668125, "size_ratio": 0.494958735333321, "target_bits_per_weight": 4.843447107447809, "n_pruned": 82453847, "n_rounded_zero": 1295084, "n_nonzero": 274077629, "pruned_pct": 23.042964446238983, "sparsity_pct": 23.404895097781452, "n_dense_matrices": 0, "n_bitmap_matrices": 168, "n_csr_matrices": 0, "k_used_mean": 33.0, "k_used_min": 33, "k_used_max": 33, "k_used_row_mean": 28.237761731902356, "last_batch_delta_loss": 0.2760195822965006, "huffman_size_mb": 449.658065125, "huffman_bits_per_weight": 3.9627164428487367, "wikitext2_loss": 2.9938508735323492, "wikitext2_ppl": 19.96240737403959, "c4_loss": 3.384686641944695, "c4_ppl": 29.508744464440216}
{"b": 5.036409299390534, "k_init": 33, "c": 0.9740343363015451, "alpha": -0.2080769117252273, "beta": 0.33408625560459976, "last_batch_loss": 3.154474464345689, "last_batch_ppl": 23.440714922390782, "size_mb": 489.972419375, "size_ratio": 0.4958906079839222, "target_bits_per_weight": 4.864032527378627, "n_pruned": 80998161, "n_rounded_zero": 1277568, "n_nonzero": 275550831, "pruned_pct": 22.636151156582674, "sparsity_pct": 22.993186699165094, "n_dense_matrices": 0, "n_bitmap_matrices": 168, "n_csr_matrices": 0, "k_used_mean": 33.0, "k_used_min": 33, "k_used_max": 33, "k_used_row_mean": 28.353361084806398, "last_batch_delta_loss": 0.26912305689347216, "huffman_size_mb": 450.265005875, "huffman_bits_per_weight": 3.9762859386402174, "wikitext2_loss": 2.985832429557789, "wikitext2_ppl": 19.80297996299899, "c4_loss": 3.371712738674445, "c4_ppl": 29.128373650593193}
{"b": 5.0362120392164575, "k_init": 33, "c": 0.974181627064237, "alpha": -0.20382180670275468, "beta": 0.3342350199865312, "last_batch_loss": 3.148277114994886, "last_batch_ppl": 23.295893839918186, "size_mb": 490.3236875, "size_ratio": 0.49624611894164883, "target_bits_per_weight": 4.871885899135044, "n_pruned": 80390932, "n_rounded_zero": 1322768, "n_nonzero": 276112860, "pruned_pct": 22.466451903402586, "sparsity_pct": 22.836119264036743, "n_dense_matrices": 0, "n_bitmap_matrices": 168, "n_csr_matrices": 0, "k_used_mean": 33.0, "k_used_min": 33, "k_used_max": 33, "k_used_row_mean": 28.350128893097644, "last_batch_delta_loss": 0.262925707542669, "huffman_size_mb": 450.38477475, "huffman_bits_per_weight": 3.978963635343335, "wikitext2_loss": 2.976948320642659, "wikitext2_ppl": 19.627827321761234, "c4_loss": 3.365236867039042, "c4_ppl": 28.940351502619915}
{"b": 5.0362120392164575, "k_init": 33, "c": 0.974181627064237, "alpha": -0.19716147738193207, "beta": 0.3342350199865312, "last_batch_loss": 3.1424686374114557, "last_batch_ppl": 23.160972386218805, "size_mb": 490.89243125, "size_ratio": 0.49682173232889687, "target_bits_per_weight": 4.884601416954627, "n_pruned": 79405487, "n_rounded_zero": 1398223, "n_nonzero": 277022850, "pruned_pct": 22.19105451534956, "sparsity_pct": 22.58180890764509, "n_dense_matrices": 0, "n_bitmap_matrices": 168, "n_csr_matrices": 0, "k_used_mean": 33.0, "k_used_min": 33, "k_used_max": 33, "k_used_row_mean": 28.350128893097644, "last_batch_delta_loss": 0.2571172299592388, "huffman_size_mb": 450.593210375, "huffman_bits_per_weight": 3.983623672317673, "wikitext2_loss": 2.9717048594831184, "wikitext2_ppl": 19.525178923182427, "c4_loss": 3.360260426736076, "c4_ppl": 28.79668933061386}
{"b": 5.0362120392164575, "k_init": 33, "c": 0.974181627064237, "alpha": -0.19267054875341766, "beta": 0.3342350199865312, "last_batch_loss": 3.1380063920237697, "last_batch_ppl": 23.05785268782011, "size_mb": 491.274493125, "size_ratio": 0.4972084089824989, "target_bits_per_weight": 4.893143250741365, "n_pruned": 78739163, "n_rounded_zero": 1453248, "n_nonzero": 277634149, "pruned_pct": 22.004840277926824, "sparsity_pct": 22.410972231910343, "n_dense_matrices": 0, "n_bitmap_matrices": 168, "n_csr_matrices": 0, "k_used_mean": 33.0, "k_used_min": 33, "k_used_max": 33, "k_used_row_mean": 28.350128893097644, "last_batch_delta_loss": 0.2526549845715529, "huffman_size_mb": 450.73189175, "huffman_bits_per_weight": 3.986724199567522, "wikitext2_loss": 2.970011352111823, "wikitext2_ppl": 19.49214087173799, "c4_loss": 3.355770040268891, "c4_ppl": 28.667670954518144}
{"b": 4.991680966934799, "k_init": 32, "c": 0.9248795433556635, "alpha": -0.2037052187399101, "beta": 0.3000248507960395, "last_batch_loss": 3.128005482012549, "last_batch_ppl": 22.828402446077273, "size_mb": 493.257015375, "size_ratio": 0.49921487735708253, "target_bits_per_weight": 4.937466897370615, "n_pruned": 75532890, "n_rounded_zero": 1485975, "n_nonzero": 280807695, "pruned_pct": 21.108799190311643, "sparsity_pct": 21.52407719538762, "n_dense_matrices": 1, "n_bitmap_matrices": 167, "n_csr_matrices": 0, "k_used_mean": 32.0, "k_used_min": 32, "k_used_max": 32, "k_used_row_mean": 28.204042376893938, "last_batch_delta_loss": 0.24265407456033206, "huffman_size_mb": 451.457563125, "huffman_bits_per_weight": 4.002948179699126, "wikitext2_loss": 2.9649813291753384, "wikitext2_ppl": 19.394341129748238, "c4_loss": 3.343888865136844, "c4_ppl": 28.329080743085317}
{"b": 5.0362120392164575, "k_init": 33, "c": 0.974181627064237, "alpha": -0.20382180670275468, "beta": 0.2909747794936454, "last_batch_loss": 3.1106053637945776, "last_batch_ppl": 22.434621398359948, "size_mb": 494.06981125, "size_ratio": 0.500037490681185, "target_bits_per_weight": 4.955638737381596, "n_pruned": 74255562, "n_rounded_zero": 1464340, "n_nonzero": 282106658, "pruned_pct": 20.751830719329497, "sparsity_pct": 21.16106249910571, "n_dense_matrices": 0, "n_bitmap_matrices": 168, "n_csr_matrices": 0, "k_used_mean": 33.0, "k_used_min": 33, "k_used_max": 33, "k_used_row_mean": 28.73913944128788, "last_batch_delta_loss": 0.22525395634236078, "huffman_size_mb": 452.5757815, "huffman_bits_per_weight": 4.0279484116550766, "wikitext2_loss": 2.9405926183766464, "wikitext2_ppl": 18.927059512635637, "c4_loss": 3.3242799924767534, "c4_ppl": 27.778990358430185}
{"b": 4.966781984304161, "k_init": 31, "c": 0.9114112038453266, "alpha": -0.1914154123284224, "beta": 0.28790080925450195, "last_batch_loss": 3.1023376196491816, "last_batch_ppl": 22.249902345786047, "size_mb": 495.11622375, "size_ratio": 0.5010965423957465, "target_bits_per_weight": 4.9790335910224215, "n_pruned": 71977664, "n_rounded_zero": 1613344, "n_nonzero": 284235552, "pruned_pct": 20.115237952152015, "sparsity_pct": 20.566111134958792, "n_dense_matrices": 36, "n_bitmap_matrices": 132, "n_csr_matrices": 0, "k_used_mean": 31.0, "k_used_min": 31, "k_used_max": 31, "k_used_row_mean": 28.236913404882156, "last_batch_delta_loss": 0.2169862121969648, "huffman_size_mb": 453.102466875, "huffman_bits_per_weight": 4.039723621969258, "wikitext2_loss": 2.939146493092966, "wikitext2_ppl": 18.89970839466687, "c4_loss": 3.3121971997855986, "c4_ppl": 27.445362215565126}
{"b": 5.044668514360786, "k_init": 33, "c": 0.9764642906294171, "alpha": -0.17317190920409867, "beta": 0.30427923653908673, "last_batch_loss": 3.097227602512824, "last_batch_ppl": 22.136494967117933, "size_mb": 495.49202375, "size_ratio": 0.5014768815395663, "target_bits_per_weight": 4.987435426816836, "n_pruned": 71608210, "n_rounded_zero": 1836152, "n_nonzero": 284382198, "pruned_pct": 20.011988489619103, "sparsity_pct": 20.525128710400928, "n_dense_matrices": 0, "n_bitmap_matrices": 168, "n_csr_matrices": 0, "k_used_mean": 33.0, "k_used_min": 33, "k_used_max": 33, "k_used_row_mean": 28.585878314393938, "last_batch_delta_loss": 0.21187619506060695, "huffman_size_mb": 452.70430625, "huffman_bits_per_weight": 4.030821865207546, "wikitext2_loss": 2.9310149426590493, "wikitext2_ppl": 18.74664761677765, "c4_loss": 3.3133562075899587, "c4_ppl": 27.47719004535516}
{"b": 4.952341549413534, "k_init": 31, "c": 0.9282825652055177, "alpha": -0.17259227418002865, "beta": 0.28686512942607933, "last_batch_loss": 3.0888316457773572, "last_batch_ppl": 21.951415957991667, "size_mb": 495.833009875, "size_ratio": 0.5018219863049651, "target_bits_per_weight": 4.9950589218419115, "n_pruned": 69031911, "n_rounded_zero": 1992437, "n_nonzero": 286802212, "pruned_pct": 19.292003086635045, "sparsity_pct": 19.848819495120765, "n_dense_matrices": 89, "n_bitmap_matrices": 79, "n_csr_matrices": 0, "k_used_mean": 31.0, "k_used_min": 31, "k_used_max": 31, "k_used_row_mean": 28.006549873737374, "last_batch_delta_loss": 0.2034802383251404, "huffman_size_mb": 452.81937825, "huffman_bits_per_weight": 4.0333945529364845, "wikitext2_loss": 2.9169309640481016, "wikitext2_ppl": 18.484470812700888, "c4_loss": 3.3036855367782585, "c4_ppl": 27.212747912925508}
{"b": 4.952341549413534, "k_init": 31, "c": 0.9497471950977581, "alpha": -0.059830543259104384, "beta": 0.3062809784886099, "last_batch_loss": 3.0835627642968366, "last_batch_ppl": 21.83606071240368, "size_mb": 496.0359905, "size_ratio": 0.5020274186549505, "target_bits_per_weight": 4.999597000289749, "n_pruned": 54794624, "n_rounded_zero": 12338987, "n_nonzero": 290692949, "pruned_pct": 15.313179658882785, "sparsity_pct": 18.761494674962083, "n_dense_matrices": 121, "n_bitmap_matrices": 47, "n_csr_matrices": 0, "k_used_mean": 31.0, "k_used_min": 31, "k_used_max": 31, "k_used_row_mean": 27.557107533670035, "last_batch_delta_loss": 0.19821135684461977, "huffman_size_mb": 451.964825625, "huffman_bits_per_weight": 4.014289148910579, "wikitext2_loss": 2.9000328665357045, "wikitext2_ppl": 18.17474270045679, "c4_loss": 3.28784573130568, "c4_ppl": 26.785099157523817}
{"b": 4.952341549413534, "k_init": 31, "c": 0.9587208146120444, "alpha": -0.06051983934520591, "beta": 0.28686512942607933, "last_batch_loss": 3.0744910973948154, "last_batch_ppl": 21.638867033193204, "size_mb": 496.2830555, "size_ratio": 0.5022774678581644, "target_bits_per_weight": 5.005120681930374, "n_pruned": 52124417, "n_rounded_zero": 12536239, "n_nonzero": 293165904, "pruned_pct": 14.566950256571229, "sparsity_pct": 18.070390303056318, "n_dense_matrices": 133, "n_bitmap_matrices": 35, "n_csr_matrices": 0, "k_used_mean": 31.0, "k_used_min": 31, "k_used_max": 31, "k_used_row_mean": 27.523924137205388, "last_batch_delta_loss": 0.18913968994259855, "huffman_size_mb": 452.229727375, "huffman_bits_per_weight": 4.020211610339937, "wikitext2_loss": 2.8893090004882063, "wikitext2_ppl": 17.980880528136474, "c4_loss": 3.2834403879420027, "c4_ppl": 26.667361127341998}
{"b": 4.789760091037958, "k_init": 28, "c": 0.8771433123327962, "alpha": -0.14880287369846193, "beta": 0.24092360231209525, "last_batch_loss": 3.063901214525067, "last_batch_ppl": 21.410923046178617, "size_mb": 496.5373385, "size_ratio": 0.5025348222448273, "target_bits_per_weight": 5.0108057378412605, "n_pruned": 58831594, "n_rounded_zero": 3581720, "n_nonzero": 295413246, "pruned_pct": 16.44137148455386, "sparsity_pct": 17.44233686845381, "n_dense_matrices": 148, "n_bitmap_matrices": 20, "n_csr_matrices": 0, "k_used_mean": 28.0, "k_used_min": 28, "k_used_max": 28, "k_used_row_mean": 25.758151173190235, "last_batch_delta_loss": 0.17854980707285018, "huffman_size_mb": 450.09562825, "huffman_bits_per_weight": 3.9724991291870566, "wikitext2_loss": 2.8911792623325105, "wikitext2_ppl": 18.01454095000491, "c4_loss": 3.26567050987881, "c4_ppl": 26.19767090025913}
{"b": 4.966781984304161, "k_init": 31, "c": 0.9245074271942528, "alpha": -0.14094111265682374, "beta": 0.2540148883584075, "last_batch_loss": 3.0424168693419484, "last_batch_ppl": 20.95582958222539, "size_mb": 496.5856315, "size_ratio": 0.5025836985574204, "target_bits_per_weight": 5.011885434105283, "n_pruned": 59558440, "n_rounded_zero": 2890510, "n_nonzero": 295377610, "pruned_pct": 16.64449950277587, "sparsity_pct": 17.452295883234605, "n_dense_matrices": 151, "n_bitmap_matrices": 17, "n_csr_matrices": 0, "k_used_mean": 31.0, "k_used_min": 31, "k_used_max": 31, "k_used_row_mean": 28.140690761784512, "last_batch_delta_loss": 0.15706546188973158, "huffman_size_mb": 455.177415375, "huffman_bits_per_weight": 4.086113660763472, "wikitext2_loss": 2.8488529558453193, "wikitext2_ppl": 17.26796335996913, "c4_loss": 3.24347388226053, "c4_ppl": 25.622577137599084}
{"b": 4.787616987539509, "k_init": 28, "c": 0.9967966175276484, "alpha": -0.10140474690404641, "beta": 0.12924967095679574, "last_batch_loss": 3.0383988954872985, "last_batch_ppl": 20.87179853718302, "size_mb": 496.61934, "size_ratio": 0.5026178142094413, "target_bits_per_weight": 5.0126390617845695, "n_pruned": 35112908, "n_rounded_zero": 15782383, "n_nonzero": 306931269, "pruned_pct": 9.812828874413347, "sparsity_pct": 14.223452557574262, "n_dense_matrices": 161, "n_bitmap_matrices": 7, "n_csr_matrices": 0, "k_used_mean": 27.0, "k_used_min": 27, "k_used_max": 27, "k_used_row_mean": 23.69470749158249, "last_batch_delta_loss": 0.1530474880350816, "huffman_size_mb": 443.012744875, "huffman_bits_per_weight": 3.814145688346891, "wikitext2_loss": 2.8646334545579357, "wikitext2_ppl": 17.542621857884324, "c4_loss": 3.238169809172779, "c4_ppl": 25.48703290180554}
{"b": 4.843615884096585, "k_init": 29, "c": 0.9979532172478475, "alpha": -0.0015118200794747901, "beta": 0.12245307304433173, "last_batch_loss": 3.0226305657383516, "last_batch_ppl": 20.545266334840495, "size_mb": 496.65116975, "size_ratio": 0.5026500284187627, "target_bits_per_weight": 5.013350685874184, "n_pruned": 18868394, "n_rounded_zero": 28636648, "n_nonzero": 310321518, "pruned_pct": 5.273055750808436, "sparsity_pct": 13.275996616908483, "n_dense_matrices": 164, "n_bitmap_matrices": 4, "n_csr_matrices": 0, "k_used_mean": 29.0, "k_used_min": 29, "k_used_max": 29, "k_used_row_mean": 25.264145359848484, "last_batch_delta_loss": 0.1372791582861348, "huffman_size_mb": 447.85318475, "huffman_bits_per_weight": 3.9223643711635043, "wikitext2_loss": 2.832654728342429, "wikitext2_ppl": 16.99050618480967, "c4_loss": 3.214707626152691, "c4_ppl": 24.896011904192292}
{"b": 4.952341549413534, "k_init": 31, "c": 0.9282825652055177, "alpha": -0.22262782209959953, "beta": 0.030940765338085513, "last_batch_loss": 3.0163599861268016, "last_batch_ppl": 20.41683868536369, "size_mb": 496.653460375, "size_ratio": 0.5026523467113421, "target_bits_per_weight": 5.013401897835644, "n_pruned": 38288022, "n_rounded_zero": 16753818, "n_nonzero": 302784720, "pruned_pct": 10.700162112057864, "sparsity_pct": 15.38226787860577, "n_dense_matrices": 164, "n_bitmap_matrices": 4, "n_csr_matrices": 0, "k_used_mean": 31.0, "k_used_min": 31, "k_used_max": 31, "k_used_row_mean": 28.07862478956229, "last_batch_delta_loss": 0.1310085786745847, "huffman_size_mb": 455.7140325, "huffman_bits_per_weight": 4.098110917199662, "wikitext2_loss": 2.8015934700186667, "wikitext2_ppl": 16.470871711473393, "c4_loss": 3.2152960210761967, "c4_ppl": 24.910664901664173}
{"b": 4.843615884096585, "k_init": 29, "c": 0.9131395006810235, "alpha": -0.1321046912097437, "beta": 0.13123843684273287, "last_batch_loss": 2.9994840188671685, "last_batch_ppl": 20.075175838384524, "size_mb": 496.65520025, "size_ratio": 0.5026541076016237, "target_bits_per_weight": 5.013440796569154, "n_pruned": 40046447, "n_rounded_zero": 6275558, "n_nonzero": 311504555, "pruned_pct": 11.191580356695713, "sparsity_pct": 12.945379180349272, "n_dense_matrices": 166, "n_bitmap_matrices": 2, "n_csr_matrices": 0, "k_used_mean": 29.0, "k_used_min": 29, "k_used_max": 29, "k_used_row_mean": 26.627821180555557, "last_batch_delta_loss": 0.11413261141495168, "huffman_size_mb": 453.42438125, "huffman_bits_per_weight": 4.046920726063488, "wikitext2_loss": 2.802248307551332, "wikitext2_ppl": 16.48166098869207, "c4_loss": 3.1914427817362836, "c4_ppl": 24.323495634402256}
{"b": 4.983194592059513, "k_init": 32, "c": 0.9590094985737034, "alpha": -0.06042187017487627, "beta": 0.12999721764601635, "last_batch_loss": 2.985493252320469, "last_batch_ppl": 19.796264381914934, "size_mb": 496.656204625, "size_ratio": 0.5026551241080834, "target_bits_per_weight": 5.013463251581996, "n_pruned": 29004022, "n_rounded_zero": 15060040, "n_nonzero": 313762498, "pruned_pct": 8.105609041430574, "sparsity_pct": 12.314363137269632, "n_dense_matrices": 166, "n_bitmap_matrices": 2, "n_csr_matrices": 0, "k_used_mean": 32.0, "k_used_min": 32, "k_used_max": 32, "k_used_row_mean": 27.715747974537038, "last_batch_delta_loss": 0.10014184486825206, "huffman_size_mb": 454.823993625, "huffman_bits_per_weight": 4.078212139982007, "wikitext2_loss": 2.7639028210423, "wikitext2_ppl": 15.861627396180513, "c4_loss": 3.1730306944034132, "c4_ppl": 23.87974701373089}
{"b": 4.982862854605408, "k_init": 32, "c": 0.9224625059739803, "alpha": -0.07987722183476992, "beta": 0.026194847211435585, "last_batch_loss": 2.9737085175619047, "last_batch_ppl": 19.56433992519918, "size_mb": 496.657559, "size_ratio": 0.5026564948420588, "target_bits_per_weight": 5.01349353161487, "n_pruned": 16193134, "n_rounded_zero": 24733234, "n_nonzero": 316900192, "pruned_pct": 4.525414211846097, "sparsity_pct": 11.437487479967949, "n_dense_matrices": 166, "n_bitmap_matrices": 2, "n_csr_matrices": 0, "k_used_mean": 32.0, "k_used_min": 32, "k_used_max": 32, "k_used_row_mean": 28.42166785037879, "last_batch_delta_loss": 0.08835711010968783, "huffman_size_mb": 457.374408625, "huffman_bits_per_weight": 4.135232278453562, "wikitext2_loss": 2.7522252967611305, "wikitext2_ppl": 15.677480141732378, "c4_loss": 3.161315109185842, "c4_ppl": 23.60161422804462}
{"b": 5.03877826111524, "k_init": 33, "c": 0.9590094985737034, "alpha": -0.06162384722833345, "beta": 0.12999721764601635, "last_batch_loss": 2.970533705479818, "last_batch_ppl": 19.502325316879816, "size_mb": 515.02261125, "size_ratio": 0.5212433715024344, "target_bits_per_weight": 5.424084679460351, "n_pruned": 29186945, "n_rounded_zero": 13008477, "n_nonzero": 315631138, "pruned_pct": 8.156729617834964, "sparsity_pct": 11.79214365753062, "n_dense_matrices": 0, "n_bitmap_matrices": 168, "n_csr_matrices": 0, "k_used_mean": 33.0, "k_used_min": 33, "k_used_max": 33, "k_used_row_mean": 29.161149252946128, "last_batch_delta_loss": 0.08518229802760136, "huffman_size_mb": 458.893624875, "huffman_bits_per_weight": 4.169197700137183, "wikitext2_loss": 2.751721484591969, "wikitext2_ppl": 15.669583625802627, "c4_loss": 3.158139611082538, "c4_ppl": 23.52678621780999}
{"b": 5.034244878933542, "k_init": 33, "c": 0.9589356234604547, "alpha": -0.008514181677814769, "beta": 0.07045865031347934, "last_batch_loss": 2.9692252810897046, "last_batch_ppl": 19.47682468523352, "size_mb": 516.4402125, "size_ratio": 0.5226780954132986, "target_bits_per_weight": 5.455778274256668, "n_pruned": 12058956, "n_rounded_zero": 27868304, "n_nonzero": 317899300, "pruned_pct": 3.37005615234375, "sparsity_pct": 11.158271761604281, "n_dense_matrices": 0, "n_bitmap_matrices": 168, "n_csr_matrices": 0, "k_used_mean": 33.0, "k_used_min": 33, "k_used_max": 33, "k_used_row_mean": 29.162658485900675, "last_batch_delta_loss": 0.08387387363748777, "huffman_size_mb": 459.07584525, "huffman_bits_per_weight": 4.173271637521821, "wikitext2_loss": 2.753894512768435, "wikitext2_ppl": 15.70367109563763, "c4_loss": 3.158961436081119, "c4_ppl": 23.54612906598946}
{"b": 5.375341223673416, "k_init": 42, "c": 0.9973517672448199, "alpha": -0.04798597288432058, "beta": 0.19427846650986025, "last_batch_loss": 2.9687984822491758, "last_batch_ppl": 19.46851377271075, "size_mb": 541.37987675, "size_ratio": 0.5479189962860925, "target_bits_per_weight": 6.01335933811062, "n_pruned": 36714275, "n_rounded_zero": 9972384, "n_nonzero": 311139901, "pruned_pct": 10.260354904901414, "sparsity_pct": 13.04728721087669, "n_dense_matrices": 162, "n_bitmap_matrices": 6, "n_csr_matrices": 0, "k_used_mean": 41.0, "k_used_min": 41, "k_used_max": 41, "k_used_row_mean": 34.509476273148145, "last_batch_delta_loss": 0.0834470747969589, "huffman_size_mb": 469.172998125, "huffman_bits_per_weight": 4.399015704703419, "wikitext2_loss": 2.7466650822928935, "wikitext2_ppl": 15.590551883657888, "c4_loss": 3.163251804618295, "c4_ppl": 23.64736765744651}
{"b": 5.332687884046536, "k_init": 40, "c": 0.9733619926471954, "alpha": -0.009695828671528822, "beta": 0.004603428912032331, "last_batch_loss": 2.9478274197711207, "last_batch_ppl": 19.06448956932333, "size_mb": 541.386783, "size_ratio": 0.5479259859540329, "target_bits_per_weight": 6.013513742523752, "n_pruned": 2187468, "n_rounded_zero": 32055982, "n_nonzero": 323583110, "pruned_pct": 0.6113207471239698, "sparsity_pct": 9.569845793448089, "n_dense_matrices": 166, "n_bitmap_matrices": 2, "n_csr_matrices": 0, "k_used_mean": 40.0, "k_used_min": 40, "k_used_max": 40, "k_used_row_mean": 33.69243213383838, "last_batch_delta_loss": 0.06247601231890387, "huffman_size_mb": 468.971692375, "huffman_bits_per_weight": 4.3945150717710835, "wikitext2_loss": 2.714294277157235, "wikitext2_ppl": 15.093954164037662, "c4_loss": 3.133499019251955, "c4_ppl": 22.95415622530594}
{"b": 5.99064782102929, "k_init": 64, "c": 0.8475093376489693, "alpha": -0.1530577640472266, "beta": 0.05220521768293601, "last_batch_loss": 2.935384387904746, "last_batch_ppl": 18.82873928399389, "size_mb": 541.39672825, "size_ratio": 0.5479360513288868, "target_bits_per_weight": 6.013736090467963, "n_pruned": 31209597, "n_rounded_zero": 1768585, "n_nonzero": 324848378, "pruned_pct": 8.72199006133027, "sparsity_pct": 9.216247670379751, "n_dense_matrices": 167, "n_bitmap_matrices": 1, "n_csr_matrices": 0, "k_used_mean": 64.0, "k_used_min": 64, "k_used_max": 64, "k_used_row_mean": 55.69490477693603, "last_batch_delta_loss": 0.05003298045252924, "huffman_size_mb": 506.73418925, "huffman_bits_per_weight": 5.238778770362938, "wikitext2_loss": 2.7276924593267022, "wikitext2_ppl": 15.297546549937193, "c4_loss": 3.1234101513041246, "c4_ppl": 22.723739052926746}
{"b": 6.003628358637554, "k_init": 64, "c": 0.941361008521355, "alpha": -0.06052704966183378, "beta": 0.0710692182801867, "last_batch_loss": 2.9134794308839917, "last_batch_ppl": 18.420781025604473, "size_mb": 541.398656, "size_ratio": 0.5479380023634384, "target_bits_per_weight": 6.01377918956044, "n_pruned": 20096978, "n_rounded_zero": 2731957, "n_nonzero": 334997625, "pruned_pct": 5.616401979774783, "sparsity_pct": 6.379888345907022, "n_dense_matrices": 168, "n_bitmap_matrices": 0, "n_csr_matrices": 0, "k_used_mean": 64.0, "k_used_min": 64, "k_used_max": 64, "k_used_row_mean": 52.717349273989896, "last_batch_delta_loss": 0.028128023431774896, "huffman_size_mb": 502.545632125, "huffman_bits_per_weight": 5.14513436062432, "wikitext2_loss": 2.6817169545826127, "wikitext2_ppl": 14.610156748901131, "c4_loss": 3.093812964401655, "c4_ppl": 22.061035754027586}
{"b": 6.035619314494137, "k_init": 66, "c": 0.9846813245751429, "alpha": -0.051306165116251745, "beta": 0.06647202581571919, "last_batch_loss": 2.9133342673968383, "last_batch_ppl": 18.4181071948707, "size_mb": 569.69438225, "size_ratio": 0.5765755018197497, "target_bits_per_weight": 6.646392403068123, "n_pruned": 17992409, "n_rounded_zero": 3919704, "n_nonzero": 335914447, "pruned_pct": 5.028248601780707, "sparsity_pct": 6.123668684627547, "n_dense_matrices": 0, "n_bitmap_matrices": 168, "n_csr_matrices": 0, "k_used_mean": 65.0, "k_used_min": 65, "k_used_max": 65, "k_used_row_mean": 52.3257608638468, "last_batch_delta_loss": 0.027982859944621463, "huffman_size_mb": 501.792463875, "huffman_bits_per_weight": 5.128295627356449, "wikitext2_loss": 2.682421408222848, "wikitext2_ppl": 14.620452553039879, "c4_loss": 3.09299751136381, "c4_ppl": 22.04305334830411}
{"b": 6.023435224488451, "k_init": 65, "c": 0.9407435520418969, "alpha": -0.02752763490594437, "beta": 0.021437040436726507, "last_batch_loss": 2.9110480431061463, "last_batch_ppl": 18.376047368231813, "size_mb": 571.28530625, "size_ratio": 0.5781856419795215, "target_bits_per_weight": 6.681961009266613, "n_pruned": 7490315, "n_rounded_zero": 12300566, "n_nonzero": 338035679, "pruned_pct": 2.0932808900490785, "sparsity_pct": 5.5308585813193964, "n_dense_matrices": 0, "n_bitmap_matrices": 168, "n_csr_matrices": 0, "k_used_mean": 65.0, "k_used_min": 65, "k_used_max": 65, "k_used_row_mean": 54.078756313131315, "last_batch_delta_loss": 0.025696635653929434, "huffman_size_mb": 504.72187925, "huffman_bits_per_weight": 5.1937891530466604, "wikitext2_loss": 2.6947553311342274, "wikitext2_ppl": 14.801896746921347, "c4_loss": 3.092744943276812, "c4_ppl": 22.03748667949937}
{"b": 6.621375646348304, "k_init": 98, "c": 0.9916799509441632, "alpha": -0.09321359235236737, "beta": 0.08493969316968489, "last_batch_loss": 2.9006836205851934, "last_batch_ppl": 18.18657383703003, "size_mb": 586.133171, "size_ratio": 0.5932128483833687, "target_bits_per_weight": 7.013917692415007, "n_pruned": 27170336, "n_rounded_zero": 470122, "n_nonzero": 330186102, "pruned_pct": 7.593157981341575, "sparsity_pct": 7.724540626609718, "n_dense_matrices": 168, "n_bitmap_matrices": 0, "n_csr_matrices": 0, "k_used_mean": 97.0, "k_used_min": 97, "k_used_max": 97, "k_used_row_mean": 73.50442576809765, "last_batch_delta_loss": 0.015332213132976502, "huffman_size_mb": 525.31397925, "huffman_bits_per_weight": 5.654170853052384, "wikitext2_loss": 2.671357161643062, "wikitext2_ppl": 14.459579869537425, "c4_loss": 3.0856799278017015, "c4_ppl": 21.882340196564584}
{"b": 6.961831864168462, "k_init": 125, "c": 0.9916799509441632, "alpha": -0.009695828671528822, "beta": 0.0018639829519976822, "last_batch_loss": 2.8905349828350175, "last_batch_ppl": 18.002938288693823, "size_mb": 586.137287, "size_ratio": 0.5932170140989514, "target_bits_per_weight": 7.014009714650584, "n_pruned": 1768168, "n_rounded_zero": 9036614, "n_nonzero": 347021778, "pruned_pct": 0.4941410721440018, "sparsity_pct": 3.0195584139981113, "n_dense_matrices": 168, "n_bitmap_matrices": 0, "n_csr_matrices": 0, "k_used_mean": 125.0, "k_used_min": 125, "k_used_max": 125, "k_used_row_mean": 91.25586595117845, "last_batch_delta_loss": 0.005183575382800676, "huffman_size_mb": 543.967635, "huffman_bits_per_weight": 6.071214367094494, "wikitext2_loss": 2.6635026508825037, "wikitext2_ppl": 14.346451808249734, "c4_loss": 3.0708628141070555, "c4_ppl": 21.56049735324501}
{"b": 7.252584600343537, "k_init": 152, "c": 0.9846813245751429, "alpha": -0.04841140924540404, "beta": 0.03197017756012352, "last_batch_loss": 2.8901422497815017, "last_batch_ppl": 17.995869327965572, "size_mb": 630.872768, "size_ratio": 0.6384928377868248, "target_bits_per_weight": 8.01416981456044, "n_pruned": 12289336, "n_rounded_zero": 675417, "n_nonzero": 344861807, "pruned_pct": 3.4344392993074635, "sparsity_pct": 3.6231947119856054, "n_dense_matrices": 168, "n_bitmap_matrices": 0, "n_csr_matrices": 0, "k_used_mean": 152.0, "k_used_min": 152, "k_used_max": 152, "k_used_row_mean": 107.53520885942761, "last_batch_delta_loss": 0.004790842329284839, "huffman_size_mb": 556.288160875, "huffman_bits_per_weight": 6.346666829315297, "wikitext2_loss": 2.6604195306121636, "wikitext2_ppl": 14.302288087886657, "c4_loss": 3.0724045427822753, "c4_ppl": 21.593763427307405}
{"b": 7.86854215336613, "k_init": 234, "c": 0.9939899685076196, "alpha": -0.017247357777333994, "beta": 0.008620128740446237, "last_batch_loss": 2.8870198408684966, "last_batch_ppl": 17.939766498746568, "size_mb": 630.886542, "size_ratio": 0.6385067781576788, "target_bits_per_weight": 8.0144777626345, "n_pruned": 3958068, "n_rounded_zero": 2025600, "n_nonzero": 351842892, "pruned_pct": 1.1061414781507555, "sparsity_pct": 1.6722257844694368, "n_dense_matrices": 168, "n_bitmap_matrices": 0, "n_csr_matrices": 0, "k_used_mean": 233.98809523809524, "k_used_min": 233, "k_used_max": 234, "k_used_row_mean": 152.25238715277777, "last_batch_delta_loss": 0.0016684334162797576, "huffman_size_mb": 584.162053625, "huffman_bits_per_weight": 6.969849026858151, "wikitext2_loss": 2.6581590679027864, "wikitext2_ppl": 14.269994811629314, "c4_loss": 3.0674231989999834, "c4_ppl": 21.486464935333817}
Done. Pareto set (100 points) written to compress_runs/local_50_log2_k256_calib_fixed_8x2048_maxdelta1\pareto.json
