Loading Qwen/Qwen2.5-0.5B-Instruct (bfloat16) on cuda
Loading weights:   0%|          | 0/290 [00:00<?, ?it/s]Loading weights: 100%|##########| 290/290 [00:00<00:00, 8396.72it/s]
Compressing 168 matrices, 357.8M weights (72.4% of params), originals kept on GPU
Sampling 1 calibration batch(es) of 8 x 2048 tokens from allenai/c4 train...
...done in 13s
Calibration: one fixed batch for the whole run
Baseline: calib loss 2.8854 on the first batch, size 988.1 MB, one forward pass over a batch takes 4.6s
gen 1 initial [1/100] k=199 (used 194.6) c=0.832 alpha=-0.302 beta=+0.302 | loss 3.2457 (delta +0.3604) size 585.6 MB sparsity 25.2%
gen 1 initial [2/100] k= 26 (used  24.8) c=0.993 alpha=-0.918 beta=+0.918 | loss 9.5040 (delta +6.6186) size 394.0 MB sparsity 65.9%
gen 1 initial [3/100] k= 35 (used  34.0) c=0.835 alpha=-0.781 beta=+0.781 | loss 8.0924 (delta +5.2071) size 427.8 MB sparsity 58.5%
gen 1 initial [4/100] k=166 (used 165.9) c=0.947 alpha=-0.111 beta=+0.111 | loss 2.9059 (delta +0.0206) size 630.9 MB sparsity 9.4%
gen 1 initial [5/100] k=143 (used 127.6) c=0.719 alpha=-0.997 beta=+0.997 | loss 11.3993 (delta +8.5140) size 424.4 MB sparsity 69.7%
gen 1 initial [6/100] k=195 (used 178.4) c=0.806 alpha=-0.879 beta=+0.879 | loss 9.9721 (delta +7.0867) size 447.1 MB sparsity 63.9%
gen 1 initial [7/100] k=200 (used 195.5) c=0.758 alpha=-0.284 beta=+0.284 | loss 3.3465 (delta +0.4611) size 590.7 MB sparsity 23.7%
gen 1 initial [8/100] k= 42 (used  40.7) c=0.905 alpha=-0.837 beta=+0.837 | loss 9.4152 (delta +6.5299) size 420.8 MB sparsity 61.6%
gen 1 initial [9/100] k= 85 (used  85.0) c=0.811 alpha=-0.106 beta=+0.106 | loss 2.9482 (delta +0.0629) size 586.1 MB sparsity 9.1%
gen 1 initial [10/100] k= 36 (used  34.4) c=0.843 alpha=-0.999 beta=+0.999 | loss 11.3946 (delta +8.5093) size 398.5 MB sparsity 69.8%
gen 1 initial [11/100] k=114 (used 109.1) c=0.950 alpha=-0.666 beta=+0.666 | loss 6.6383 (delta +3.7530) size 469.8 MB sparsity 51.4%
gen 1 initial [12/100] k=214 (used 203.1) c=0.941 alpha=-0.650 beta=+0.650 | loss 5.9844 (delta +3.0990) size 495.1 MB sparsity 50.4%
gen 1 initial [13/100] k=176 (used 175.8) c=0.742 alpha=-0.090 beta=+0.090 | loss 2.9997 (delta +0.1143) size 630.9 MB sparsity 7.7%
gen 1 initial [14/100] k=202 (used 186.3) c=0.899 alpha=-0.897 beta=+0.897 | loss 9.3720 (delta +6.4867) size 443.7 MB sparsity 64.8%
gen 1 initial [15/100] k=119 (used 119.0) c=0.871 alpha=-0.029 beta=+0.029 | loss 2.9109 (delta +0.0255) size 586.1 MB sparsity 2.9%
gen 1 initial [16/100] k=172 (used 169.7) c=0.841 alpha=-0.241 beta=+0.241 | loss 3.1033 (delta +0.2180) size 603.2 MB sparsity 20.2%
gen 1 initial [17/100] k=164 (used 163.4) c=0.866 alpha=-0.143 beta=+0.143 | loss 2.9381 (delta +0.0528) size 630.6 MB sparsity 12.1%
gen 1 initial [18/100] k= 10 (used  10.0) c=0.831 alpha=-0.777 beta=+0.777 | loss 10.1717 (delta +7.2864) size 391.5 MB sparsity 58.8%
gen 1 initial [19/100] k=219 (used 216.0) c=0.770 alpha=-0.198 beta=+0.198 | loss 3.1097 (delta +0.2244) size 615.7 MB sparsity 16.7%
gen 1 initial [20/100] k= 77 (used  72.2) c=0.899 alpha=-0.911 beta=+0.911 | loss 9.6157 (delta +6.7303) size 425.8 MB sparsity 65.5%
gen 1 initial [21/100] k=171 (used 161.0) c=0.822 alpha=-0.656 beta=+0.656 | loss 6.1540 (delta +3.2687) size 493.7 MB sparsity 50.8%
gen 1 initial [22/100] k=  8 (used   8.0) c=0.727 alpha=-0.036 beta=+0.036 | loss 8.3541 (delta +5.4687) size 397.4 MB sparsity 40.6%
gen 1 initial [23/100] k= 43 (used  43.0) c=0.850 alpha=-0.005 beta=+0.005 | loss 2.9570 (delta +0.0716) size 541.4 MB sparsity 7.6%
gen 1 initial [24/100] k=116 (used 116.0) c=0.814 alpha=-0.052 beta=+0.052 | loss 2.9278 (delta +0.0425) size 586.1 MB sparsity 4.5%
gen 1 initial [25/100] k= 94 (used  89.3) c=0.726 alpha=-0.606 beta=+0.606 | loss 5.3552 (delta +2.4698) size 482.0 MB sparsity 47.5%
gen 1 initial [26/100] k=233 (used 217.0) c=0.910 alpha=-0.801 beta=+0.801 | loss 8.2921 (delta +5.4068) size 462.3 MB sparsity 59.6%
gen 1 initial [27/100] k=200 (used 197.5) c=0.915 alpha=-0.239 beta=+0.239 | loss 3.0649 (delta +0.1795) size 603.8 MB sparsity 20.1%
gen 1 initial [28/100] k= 27 (used  26.8) c=0.971 alpha=-0.849 beta=+0.849 | loss 9.9137 (delta +7.0284) size 402.1 MB sparsity 62.3%
gen 1 initial [29/100] k= 80 (used  80.0) c=0.874 alpha=-0.057 beta=+0.057 | loss 2.9149 (delta +0.0295) size 586.1 MB sparsity 5.3%
gen 1 initial [30/100] k=195 (used 182.0) c=0.916 alpha=-0.801 beta=+0.801 | loss 8.2786 (delta +5.3932) size 462.4 MB sparsity 59.6%
gen 1 initial [31/100] k=151 (used 139.3) c=0.895 alpha=-0.928 beta=+0.928 | loss 9.8265 (delta +6.9411) size 438.0 MB sparsity 66.4%
gen 1 initial [32/100] k= 13 (used  13.0) c=0.848 alpha=-0.772 beta=+0.772 | loss 9.0019 (delta +6.1165) size 392.7 MB sparsity 58.1%
gen 1 initial [33/100] k= 29 (used  28.8) c=0.876 alpha=-0.698 beta=+0.698 | loss 7.0922 (delta +4.2068) size 421.8 MB sparsity 53.5%
gen 1 initial [34/100] k=150 (used 138.4) c=0.804 alpha=-0.838 beta=+0.838 | loss 9.9260 (delta +7.0406) size 454.9 MB sparsity 61.7%
gen 1 initial [35/100] k=246 (used 246.0) c=0.845 alpha=-0.040 beta=+0.040 | loss 2.9117 (delta +0.0264) size 630.9 MB sparsity 3.5%
gen 1 initial [36/100] k=126 (used 125.1) c=0.847 alpha=-0.202 beta=+0.202 | loss 3.0191 (delta +0.1337) size 577.5 MB sparsity 17.0%
gen 1 initial [37/100] k=123 (used 122.8) c=0.780 alpha=-0.125 beta=+0.125 | loss 2.9836 (delta +0.0982) size 586.1 MB sparsity 10.6%
gen 1 initial [38/100] k=114 (used 109.0) c=0.706 alpha=-0.505 beta=+0.505 | loss 4.9145 (delta +2.0291) size 504.0 MB sparsity 40.5%
gen 1 initial [39/100] k= 38 (used  37.1) c=0.866 alpha=-0.745 beta=+0.745 | loss 7.2648 (delta +4.3794) size 434.9 MB sparsity 56.3%
gen 1 initial [40/100] k= 74 (used  71.5) c=0.898 alpha=-0.630 beta=+0.630 | loss 5.5121 (delta +2.6268) size 477.0 MB sparsity 49.1%
gen 1 initial [41/100] k= 30 (used  28.6) c=0.975 alpha=-0.851 beta=+0.851 | loss 9.5565 (delta +6.6711) size 401.9 MB sparsity 62.4%
gen 1 initial [42/100] k=143 (used 142.3) c=0.811 alpha=-0.155 beta=+0.155 | loss 2.9840 (delta +0.0987) size 628.5 MB sparsity 13.2%
gen 1 initial [43/100] k= 83 (used  79.5) c=0.986 alpha=-0.735 beta=+0.735 | loss 7.4218 (delta +4.5365) size 456.4 MB sparsity 55.7%
gen 1 initial [44/100] k= 68 (used  68.0) c=0.981 alpha=-0.193 beta=+0.193 | loss 3.0035 (delta +0.1182) size 579.6 MB sparsity 16.4%
gen 1 initial [45/100] k=113 (used 112.1) c=0.998 alpha=-0.271 beta=+0.271 | loss 3.1333 (delta +0.2480) size 559.9 MB sparsity 22.7%
gen 1 initial [46/100] k=229 (used 216.2) c=0.968 alpha=-0.710 beta=+0.710 | loss 7.1214 (delta +4.2360) size 481.6 MB sparsity 54.2%
gen 1 initial [47/100] k=199 (used 181.9) c=0.898 alpha=-0.980 beta=+0.980 | loss 10.6718 (delta +7.7864) size 429.0 MB sparsity 68.9%
gen 1 initial [48/100] k=192 (used 180.8) c=0.779 alpha=-0.612 beta=+0.612 | loss 5.2406 (delta +2.3553) size 504.1 MB sparsity 47.9%
gen 1 initial [49/100] k= 34 (used  34.0) c=0.949 alpha=-0.055 beta=+0.055 | loss 2.9752 (delta +0.0899) size 541.4 MB sparsity 11.0%
gen 1 initial [50/100] k=155 (used 148.3) c=0.962 alpha=-0.616 beta=+0.616 | loss 5.2488 (delta +2.3635) size 503.0 MB sparsity 48.2%
gen 1 initial [51/100] k=200 (used 200.0) c=0.992 alpha=-0.042 beta=+0.042 | loss 2.8899 (delta +0.0045) size 630.9 MB sparsity 3.7%
gen 1 initial [52/100] k=  6 (used   6.0) c=0.769 alpha=-0.884 beta=+0.884 | loss 11.8537 (delta +8.9683) size 362.9 MB sparsity 66.4%
gen 1 initial [53/100] k= 33 (used  32.4) c=0.852 alpha=-0.710 beta=+0.710 | loss 7.3296 (delta +4.4442) size 420.2 MB sparsity 54.2%
gen 1 initial [54/100] k= 53 (used  53.0) c=0.941 alpha=-0.173 beta=+0.173 | loss 2.9721 (delta +0.0867) size 541.3 MB sparsity 14.8%
gen 1 initial [55/100] k= 36 (used  36.0) c=0.737 alpha=-0.092 beta=+0.092 | loss 3.0345 (delta +0.1492) size 541.4 MB sparsity 8.9%
gen 1 initial [56/100] k= 79 (used  78.9) c=0.847 alpha=-0.184 beta=+0.184 | loss 2.9972 (delta +0.1119) size 582.2 MB sparsity 15.6%
gen 1 initial [57/100] k= 75 (used  70.5) c=0.977 alpha=-0.980 beta=+0.980 | loss 10.3598 (delta +7.4745) size 415.0 MB sparsity 68.9%
gen 1 initial [58/100] k=164 (used 157.0) c=0.732 alpha=-0.459 beta=+0.459 | loss 4.2745 (delta +1.3892) size 542.5 MB sparsity 37.2%
gen 1 initial [59/100] k=248 (used 230.7) c=0.879 alpha=-0.784 beta=+0.784 | loss 8.2064 (delta +5.3210) size 465.8 MB sparsity 58.6%
gen 1 initial [60/100] k=121 (used 115.9) c=0.935 alpha=-0.636 beta=+0.636 | loss 5.7176 (delta +2.8322) size 475.7 MB sparsity 49.6%
gen 1 initial [61/100] k=213 (used 203.6) c=0.939 alpha=-0.572 beta=+0.572 | loss 4.7682 (delta +1.8829) size 513.6 MB sparsity 45.3%
gen 1 initial [62/100] k=156 (used 155.7) c=0.960 alpha=-0.145 beta=+0.145 | loss 2.9238 (delta +0.0384) size 630.5 MB sparsity 12.3%
gen 1 initial [63/100] k= 98 (used  90.2) c=0.828 alpha=-0.946 beta=+0.946 | loss 10.3657 (delta +7.4803) size 420.3 MB sparsity 67.3%
gen 1 initial [64/100] k=118 (used 116.0) c=0.774 alpha=-0.301 beta=+0.301 | loss 3.3470 (delta +0.4616) size 552.2 MB sparsity 25.1%
gen 1 initial [65/100] k=210 (used 197.5) c=0.732 alpha=-0.578 beta=+0.578 | loss 5.2130 (delta +2.3277) size 512.2 MB sparsity 45.7%
gen 1 initial [66/100] k= 40 (used  39.3) c=0.947 alpha=-0.700 beta=+0.700 | loss 6.7984 (delta +3.9131) size 442.3 MB sparsity 53.6%
gen 1 initial [67/100] k=236 (used 220.1) c=0.750 alpha=-0.649 beta=+0.649 | loss 5.8963 (delta +3.0110) size 495.3 MB sparsity 50.4%
gen 1 initial [68/100] k= 32 (used  30.4) c=0.706 alpha=-0.941 beta=+0.941 | loss 11.3839 (delta +8.4985) size 391.6 MB sparsity 67.0%
gen 1 initial [69/100] k= 16 (used  16.0) c=0.877 alpha=-0.148 beta=+0.148 | loss 3.4799 (delta +0.5946) size 450.4 MB sparsity 22.6%
gen 1 initial [70/100] k= 83 (used  80.7) c=0.851 alpha=-0.508 beta=+0.508 | loss 4.3130 (delta +1.4277) size 503.1 MB sparsity 40.8%
gen 1 initial [71/100] k= 14 (used  14.0) c=0.754 alpha=-0.404 beta=+0.404 | loss 4.2096 (delta +1.3242) size 435.7 MB sparsity 34.1%
gen 1 initial [72/100] k=148 (used 142.7) c=0.825 alpha=-0.474 beta=+0.474 | loss 4.0234 (delta +1.1381) size 538.4 MB sparsity 38.3%
gen 1 initial [73/100] k=136 (used 135.8) c=0.731 alpha=-0.119 beta=+0.119 | loss 3.0509 (delta +0.1655) size 630.9 MB sparsity 10.1%
gen 1 initial [74/100] k=237 (used 235.2) c=0.730 alpha=-0.134 beta=+0.134 | loss 3.0787 (delta +0.1934) size 630.8 MB sparsity 11.4%
gen 1 initial [75/100] k=251 (used 246.5) c=0.941 alpha=-0.278 beta=+0.278 | loss 3.1324 (delta +0.2470) size 592.4 MB sparsity 23.3%
gen 1 initial [76/100] k=200 (used 194.9) c=0.740 alpha=-0.305 beta=+0.305 | loss 3.4892 (delta +0.6039) size 584.8 MB sparsity 25.4%
gen 1 initial [77/100] k=220 (used 212.2) c=0.839 alpha=-0.428 beta=+0.428 | loss 3.6709 (delta +0.7856) size 550.7 MB sparsity 34.9%
gen 1 initial [78/100] k= 70 (used  67.0) c=0.742 alpha=-0.611 beta=+0.611 | loss 5.3248 (delta +2.4395) size 480.4 MB sparsity 47.9%
gen 1 initial [79/100] k= 62 (used  59.9) c=0.810 alpha=-0.635 beta=+0.635 | loss 5.5859 (delta +2.7005) size 453.5 MB sparsity 49.4%
gen 1 initial [80/100] k= 99 (used  97.1) c=0.906 alpha=-0.412 beta=+0.412 | loss 3.5807 (delta +0.6953) size 525.3 MB sparsity 33.7%
gen 1 initial [81/100] k=235 (used 227.0) c=0.844 alpha=-0.409 beta=+0.409 | loss 3.5894 (delta +0.7040) size 555.8 MB sparsity 33.5%
gen 1 initial [82/100] k=218 (used 215.4) c=0.896 alpha=-0.218 beta=+0.218 | loss 3.0256 (delta +0.1402) size 610.0 MB sparsity 18.3%
gen 1 initial [83/100] k=163 (used 154.3) c=0.786 alpha=-0.588 beta=+0.588 | loss 5.0606 (delta +2.1752) size 509.7 MB sparsity 46.4%
gen 1 initial [84/100] k=179 (used 175.7) c=0.958 alpha=-0.317 beta=+0.317 | loss 3.2476 (delta +0.3622) size 581.3 MB sparsity 26.4%
gen 1 initial [85/100] k= 27 (used  27.0) c=0.918 alpha=-0.036 beta=+0.036 | loss 3.0230 (delta +0.1376) size 496.7 MB sparsity 13.1%
gen 1 initial [86/100] k= 37 (used  37.0) c=0.988 alpha=-0.418 beta=+0.418 | loss 3.6955 (delta +0.8101) size 494.2 MB sparsity 34.3%
gen 1 initial [87/100] k=201 (used 194.1) c=0.939 alpha=-0.474 beta=+0.474 | loss 3.9397 (delta +1.0544) size 538.5 MB sparsity 38.3%
gen 1 initial [88/100] k=152 (used 149.9) c=0.729 alpha=-0.226 beta=+0.226 | loss 3.3237 (delta +0.4383) size 607.6 MB sparsity 19.0%
gen 1 initial [89/100] k=146 (used 139.7) c=0.872 alpha=-0.572 beta=+0.572 | loss 4.7847 (delta +1.8993) size 513.6 MB sparsity 45.3%
gen 1 initial [90/100] k=197 (used 188.7) c=0.940 alpha=-0.566 beta=+0.566 | loss 4.7226 (delta +1.8373) size 515.2 MB sparsity 44.8%
gen 1 initial [91/100] k=239 (used 220.9) c=0.736 alpha=-0.702 beta=+0.702 | loss 6.7507 (delta +3.8654) size 483.4 MB sparsity 53.7%
gen 1 initial [92/100] k=170 (used 160.4) c=0.826 alpha=-0.648 beta=+0.648 | loss 5.7157 (delta +2.8303) size 495.6 MB sparsity 50.3%
gen 1 initial [93/100] k= 87 (used  83.9) c=0.970 alpha=-0.652 beta=+0.652 | loss 6.1904 (delta +3.3050) size 472.5 MB sparsity 50.6%
gen 1 initial [94/100] k= 95 (used  93.6) c=0.794 alpha=-0.316 beta=+0.316 | loss 3.3625 (delta +0.4772) size 548.5 MB sparsity 26.3%
gen 1 initial [95/100] k=240 (used 222.1) c=0.831 alpha=-0.787 beta=+0.787 | loss 8.5121 (delta +5.6268) size 465.1 MB sparsity 58.8%
gen 1 initial [96/100] k=143 (used 138.0) c=0.981 alpha=-0.549 beta=+0.549 | loss 4.6026 (delta +1.7173) size 519.3 MB sparsity 43.7%
gen 1 initial [97/100] k= 98 (used  95.4) c=0.996 alpha=-0.431 beta=+0.431 | loss 3.6704 (delta +0.7851) size 520.7 MB sparsity 35.2%
gen 1 initial [98/100] k= 33 (used  32.8) c=0.955 alpha=-0.626 beta=+0.626 | loss 5.6160 (delta +2.7307) size 432.1 MB sparsity 48.9%
gen 1 initial [99/100] k=152 (used 148.7) c=0.906 alpha=-0.361 beta=+0.361 | loss 3.3826 (delta +0.4973) size 569.0 MB sparsity 29.8%
gen 1 initial [100/100] k=212 (used 202.0) c=0.789 alpha=-0.513 beta=+0.513 | loss 4.5023 (delta +1.6169) size 528.5 MB sparsity 41.1%
=== generation 1/50 done in 456s (0 reused), batch baseline 2.8854, HV 0.18477, front 9 points, 42/100 feasible, best delta loss +0.0045, smallest 450.4 MB
gen 2 offspring [1/100] k=146 (used 144.0) c=0.718 alpha=-0.345 beta=+0.043 | loss 3.2827 (delta +0.3973) size 617.8 MB sparsity 16.1%
gen 2 offspring [2/100] k=215 (used 212.0) c=0.841 alpha=-0.251 beta=+0.193 | loss 3.0669 (delta +0.1815) size 608.8 MB sparsity 18.7%
gen 2 offspring [3/100] k=163 (used 149.7) c=0.786 alpha=-0.844 beta=+0.838 | loss 10.0388 (delta +7.1534) size 454.4 MB sparsity 61.8%
gen 2 offspring [4/100] k= 74 (used  70.9) c=0.997 alpha=-0.638 beta=+0.639 | loss 5.8270 (delta +2.9417) size 475.3 MB sparsity 49.7%
gen 2 offspring [5/100] k=177 (used 175.1) c=0.842 alpha=-0.008 beta=+0.310 | loss 3.0660 (delta +0.1806) size 626.1 MB sparsity 13.8%
gen 2 offspring [6/100] k=185 (used 180.4) c=0.735 alpha=-0.297 beta=+0.305 | loss 3.5092 (delta +0.6239) size 585.8 MB sparsity 25.1%
gen 2 offspring [7/100] k=147 (used 138.2) c=0.804 alpha=-0.689 beta=+0.652 | loss 6.3098 (delta +3.4244) size 490.4 MB sparsity 51.7%
gen 2 offspring [8/100] k= 83 (used  80.4) c=0.789 alpha=-0.508 beta=+0.508 | loss 4.4613 (delta +1.5760) size 503.1 MB sparsity 40.8%
gen 2 offspring [9/100] k=113 (used 112.2) c=0.996 alpha=-0.271 beta=+0.256 | loss 3.1187 (delta +0.2333) size 561.7 MB sparsity 22.1%
gen 2 offspring [10/100] k=191 (used 188.1) c=0.918 alpha=-0.204 beta=+0.328 | loss 3.0978 (delta +0.2125) size 596.1 MB sparsity 22.2%
gen 2 offspring [11/100] k=228 (used 221.8) c=0.990 alpha=-0.418 beta=+0.400 | loss 3.5774 (delta +0.6921) size 555.7 MB sparsity 33.5%
gen 2 offspring [12/100] k=251 (used 246.6) c=0.959 alpha=-0.278 beta=+0.278 | loss 3.1313 (delta +0.2460) size 592.4 MB sparsity 23.3%
gen 2 offspring [13/100] k= 73 (used  69.8) c=0.742 alpha=-0.592 beta=+0.611 | loss 5.3902 (delta +2.5048) size 482.8 MB sparsity 47.3%
gen 2 offspring [14/100] k= 80 (used  80.0) c=0.874 alpha=-0.067 beta=+0.065 | loss 2.9136 (delta +0.0282) size 586.1 MB sparsity 5.9%
gen 2 offspring [15/100] k=235 (used 226.8) c=0.839 alpha=-0.425 beta=+0.405 | loss 3.6302 (delta +0.7449) size 554.1 MB sparsity 33.9%
gen 2 offspring [16/100] k= 15 (used  15.0) c=0.887 alpha=-0.072 beta=+0.143 | loss 3.4945 (delta +0.6091) size 450.3 MB sparsity 22.8%
gen 2 offspring [17/100] k=200 (used 200.0) c=0.814 alpha=-0.052 beta=+0.052 | loss 2.9263 (delta +0.0409) size 630.9 MB sparsity 4.4%
gen 2 offspring [18/100] k=166 (used 165.9) c=0.947 alpha=-0.110 beta=+0.111 | loss 2.9058 (delta +0.0205) size 630.9 MB sparsity 9.4%
gen 2 offspring [19/100] k= 95 (used  93.3) c=0.720 alpha=-0.319 beta=+0.316 | loss 3.7191 (delta +0.8337) size 548.1 MB sparsity 26.4%
gen 2 offspring [20/100] k=209 (used 203.4) c=0.827 alpha=-0.385 beta=+0.302 | loss 3.3603 (delta +0.4749) size 574.0 MB sparsity 28.4%
gen 2 offspring [21/100] k=219 (used 208.7) c=0.726 alpha=-0.709 beta=+0.216 | loss 17.9652 (delta +15.0798) size 546.1 MB sparsity 36.2%
gen 2 offspring [22/100] k=220 (used 212.2) c=0.841 alpha=-0.430 beta=+0.427 | loss 3.6769 (delta +0.7916) size 550.5 MB sparsity 35.0%
gen 2 offspring [23/100] k=200 (used 192.9) c=0.729 alpha=-0.296 beta=+0.466 | loss 3.7777 (delta +0.8923) size 564.0 MB sparsity 31.2%
gen 2 offspring [24/100] k= 96 (used  91.6) c=0.742 alpha=-0.606 beta=+0.549 | loss 5.1929 (delta +2.3076) size 488.1 MB sparsity 45.6%
gen 2 offspring [25/100] k=174 (used 173.5) c=0.936 alpha=-0.143 beta=+0.132 | loss 2.9218 (delta +0.0365) size 630.7 MB sparsity 11.7%
gen 2 offspring [26/100] k=133 (used 131.9) c=0.871 alpha=-0.026 beta=+0.312 | loss 3.0613 (delta +0.1759) size 624.3 MB sparsity 14.3%
gen 2 offspring [27/100] k=103 (used  99.3) c=0.980 alpha=-0.652 beta=+0.595 | loss 5.4772 (delta +2.5918) size 478.4 MB sparsity 48.7%
gen 2 offspring [28/100] k= 85 (used  85.0) c=0.997 alpha=-0.130 beta=+0.106 | loss 2.9148 (delta +0.0295) size 586.1 MB sparsity 10.2%
gen 2 offspring [29/100] k= 99 (used  97.2) c=0.912 alpha=-0.408 beta=+0.412 | loss 3.5638 (delta +0.6785) size 525.8 MB sparsity 33.5%
gen 2 offspring [30/100] k=156 (used 155.8) c=0.960 alpha=-0.145 beta=+0.117 | loss 2.9154 (delta +0.0300) size 630.8 MB sparsity 11.2%
gen 2 offspring [31/100] k=192 (used 180.8) c=0.779 alpha=-0.612 beta=+0.611 | loss 5.2255 (delta +2.3401) size 504.3 MB sparsity 47.9%
gen 2 offspring [32/100] k=164 (used 157.2) c=0.732 alpha=-0.459 beta=+0.440 | loss 4.1797 (delta +1.2944) size 544.9 MB sparsity 36.5%
gen 2 offspring [33/100] k=171 (used 171.0) c=0.946 alpha=-0.053 beta=+0.036 | loss 2.8958 (delta +0.0104) size 630.9 MB sparsity 3.9%
gen 2 offspring [34/100] k=152 (used 149.2) c=0.841 alpha=-0.241 beta=+0.368 | loss 3.2299 (delta +0.3445) size 585.1 MB sparsity 25.3%
gen 2 offspring [35/100] k=166 (used 165.4) c=0.947 alpha=-0.193 beta=+0.110 | loss 2.9324 (delta +0.0471) size 629.6 MB sparsity 12.8%
gen 2 offspring [36/100] k= 83 (used  80.7) c=0.851 alpha=-0.504 beta=+0.505 | loss 4.2961 (delta +1.4108) size 504.0 MB sparsity 40.5%
gen 2 offspring [37/100] k= 33 (used  32.9) c=0.952 alpha=-0.651 beta=+0.149 | loss 18.0389 (delta +15.1535) size 469.7 MB sparsity 32.1%
gen 2 offspring [38/100] k=219 (used 215.9) c=0.755 alpha=-0.198 beta=+0.198 | loss 3.1425 (delta +0.2572) size 615.7 MB sparsity 16.7%
gen 2 offspring [39/100] k= 42 (used  41.3) c=0.908 alpha=-0.040 beta=+0.854 | loss 15.3990 (delta +12.5136) size 490.8 MB sparsity 35.5%
gen 2 offspring [40/100] k= 80 (used  79.0) c=0.781 alpha=-0.320 beta=+0.316 | loss 3.3940 (delta +0.5086) size 548.1 MB sparsity 26.4%
gen 2 offspring [41/100] k= 43 (used  43.0) c=0.852 alpha=-0.156 beta=+0.109 | loss 2.9719 (delta +0.0866) size 541.4 MB sparsity 11.7%
gen 2 offspring [42/100] k= 32 (used  32.0) c=0.737 alpha=-0.102 beta=+0.092 | loss 3.0347 (delta +0.1494) size 496.7 MB sparsity 9.7%
gen 2 offspring [43/100] k=236 (used 219.4) c=0.750 alpha=-0.649 beta=+0.700 | loss 6.0334 (delta +3.1481) size 489.6 MB sparsity 52.0%
gen 2 offspring [44/100] k= 80 (used  77.8) c=0.831 alpha=-0.057 beta=+0.788 | loss 15.3925 (delta +12.5072) size 530.5 MB sparsity 32.0%
gen 2 offspring [45/100] k=118 (used 116.1) c=0.774 alpha=-0.280 beta=+0.311 | loss 3.3330 (delta +0.4477) size 553.6 MB sparsity 24.7%
gen 2 offspring [46/100] k=171 (used 161.1) c=0.826 alpha=-0.656 beta=+0.656 | loss 6.1542 (delta +3.2688) size 493.7 MB sparsity 50.8%
gen 2 offspring [47/100] k=200 (used 196.1) c=0.722 alpha=-0.241 beta=+0.240 | loss 3.4252 (delta +0.5399) size 603.3 MB sparsity 20.2%
gen 2 offspring [48/100] k=126 (used 125.2) c=0.847 alpha=-0.201 beta=+0.202 | loss 3.0187 (delta +0.1333) size 577.7 MB sparsity 17.0%
gen 2 offspring [49/100] k= 15 (used  15.0) c=0.915 alpha=-0.052 beta=+0.354 | loss 3.6222 (delta +0.7368) size 447.8 MB sparsity 27.1%
gen 2 offspring [50/100] k=171 (used 164.3) c=0.939 alpha=-0.517 beta=+0.572 | loss 4.4751 (delta +1.5897) size 520.5 MB sparsity 43.3%
gen 2 offspring [51/100] k=150 (used 142.3) c=0.804 alpha=-0.594 beta=+0.588 | loss 5.0368 (delta +2.1514) size 509.1 MB sparsity 46.5%
gen 2 offspring [52/100] k= 91 (used  89.3) c=0.896 alpha=-0.424 beta=+0.422 | loss 3.6181 (delta +0.7328) size 522.7 MB sparsity 34.5%
gen 2 offspring [53/100] k= 45 (used  45.0) c=0.958 alpha=-0.318 beta=+0.015 | loss 3.0582 (delta +0.1729) size 539.3 MB sparsity 17.3%
gen 2 offspring [54/100] k= 22 (used  22.0) c=0.740 alpha=-0.099 beta=+0.112 | loss 3.1725 (delta +0.2872) size 496.6 MB sparsity 13.7%
gen 2 offspring [55/100] k= 95 (used  95.0) c=0.967 alpha=-0.142 beta=+0.128 | loss 2.9209 (delta +0.0356) size 586.1 MB sparsity 11.5%
gen 2 offspring [56/100] k=212 (used 202.8) c=0.851 alpha=-0.513 beta=+0.513 | loss 4.3251 (delta +1.4397) size 528.5 MB sparsity 41.1%
gen 2 offspring [57/100] k=176 (used 168.0) c=0.872 alpha=-0.572 beta=+0.572 | loss 4.7817 (delta +1.8963) size 513.6 MB sparsity 45.3%
gen 2 offspring [58/100] k= 83 (used  79.4) c=0.983 alpha=-0.764 beta=+0.735 | loss 7.8123 (delta +4.9269) size 453.7 MB sparsity 56.6%
gen 2 offspring [59/100] k= 46 (used  44.5) c=0.750 alpha=-0.656 beta=+0.667 | loss 6.3823 (delta +3.4970) size 448.7 MB sparsity 51.2%
gen 2 offspring [60/100] k= 27 (used  27.0) c=0.918 alpha=-0.036 beta=+0.036 | loss 3.0230 (delta +0.1377) size 496.7 MB sparsity 13.1%
gen 2 offspring [61/100] k= 31 (used  31.0) c=0.940 alpha=-0.046 beta=+0.055 | loss 2.9844 (delta +0.0990) size 496.7 MB sparsity 11.7%
gen 2 offspring [62/100] k=108 (used 105.9) c=0.906 alpha=-0.402 beta=+0.404 | loss 3.5304 (delta +0.6450) size 527.3 MB sparsity 33.1%
gen 2 offspring [63/100] k=237 (used 235.2) c=0.735 alpha=-0.131 beta=+0.138 | loss 3.0719 (delta +0.1865) size 630.8 MB sparsity 11.4%
gen 2 offspring [64/100] k=165 (used 164.3) c=0.893 alpha=-0.148 beta=+0.148 | loss 2.9354 (delta +0.0501) size 630.1 MB sparsity 12.6%
gen 2 offspring [65/100] k=106 (used 105.0) c=0.992 alpha=-0.042 beta=+0.042 | loss 2.8965 (delta +0.0112) size 586.1 MB sparsity 4.1%
gen 2 offspring [66/100] k=176 (used 175.9) c=0.742 alpha=-0.091 beta=+0.002 | loss 2.9926 (delta +0.1072) size 630.9 MB sparsity 4.7%
gen 2 offspring [67/100] k=152 (used 150.3) c=0.803 alpha=-0.223 beta=+0.226 | loss 3.1184 (delta +0.2330) size 608.0 MB sparsity 18.9%
gen 2 offspring [68/100] k= 68 (used  68.0) c=0.984 alpha=-0.193 beta=+0.193 | loss 3.0019 (delta +0.1165) size 579.6 MB sparsity 16.4%
gen 2 offspring [69/100] k=229 (used 221.6) c=0.968 alpha=-0.199 beta=+0.699 | loss 15.3310 (delta +12.4457) size 549.7 MB sparsity 35.2%
gen 2 offspring [70/100] k=134 (used 133.9) c=0.809 alpha=-0.106 beta=+0.106 | loss 2.9422 (delta +0.0568) size 630.9 MB sparsity 9.1%
gen 2 offspring [71/100] k=164 (used 158.3) c=0.725 alpha=-0.488 beta=+0.286 | loss 4.0527 (delta +1.1674) size 562.5 MB sparsity 31.6%
gen 2 offspring [72/100] k=156 (used 155.8) c=0.973 alpha=-0.145 beta=+0.132 | loss 2.9178 (delta +0.0325) size 630.7 MB sparsity 11.8%
gen 2 offspring [73/100] k=246 (used 245.9) c=0.821 alpha=-0.051 beta=+0.072 | loss 2.9226 (delta +0.0372) size 630.9 MB sparsity 5.3%
gen 2 offspring [74/100] k=118 (used 112.3) c=0.852 alpha=-0.636 beta=+0.647 | loss 5.6090 (delta +2.7237) size 474.6 MB sparsity 49.9%
gen 2 offspring [75/100] k=136 (used 135.5) c=0.731 alpha=-0.166 beta=+0.031 | loss 3.0409 (delta +0.1555) size 630.9 MB sparsity 8.4%
gen 2 offspring [76/100] k=155 (used 148.1) c=0.970 alpha=-0.616 beta=+0.652 | loss 5.8524 (delta +2.9671) size 498.8 MB sparsity 49.4%
gen 2 offspring [77/100] k=111 (used 109.8) c=0.809 alpha=-0.247 beta=+0.271 | loss 3.1797 (delta +0.2944) size 562.9 MB sparsity 21.7%
gen 2 offspring [78/100] k= 79 (used  78.9) c=0.837 alpha=-0.188 beta=+0.184 | loss 3.0098 (delta +0.1245) size 581.7 MB sparsity 15.7%
gen 2 offspring [79/100] k=204 (used 199.6) c=0.758 alpha=-0.261 beta=+0.285 | loss 3.3255 (delta +0.4402) size 593.8 MB sparsity 22.9%
gen 2 offspring [80/100] k=250 (used 240.4) c=0.836 alpha=-0.428 beta=+0.457 | loss 3.7773 (delta +0.8919) size 546.8 MB sparsity 36.0%
gen 2 offspring [81/100] k= 32 (used  32.0) c=0.742 alpha=-0.091 beta=+0.090 | loss 3.0240 (delta +0.1386) size 496.7 MB sparsity 9.5%
gen 2 offspring [82/100] k=172 (used 169.0) c=0.906 alpha=-0.371 beta=+0.233 | loss 3.2162 (delta +0.3308) size 585.8 MB sparsity 25.1%
gen 2 offspring [83/100] k= 38 (used  38.0) c=0.877 alpha=-0.182 beta=+0.148 | loss 2.9953 (delta +0.1099) size 541.3 MB sparsity 14.5%
gen 2 offspring [84/100] k= 68 (used  68.0) c=0.981 alpha=-0.111 beta=+0.223 | loss 2.9763 (delta +0.0910) size 585.4 MB sparsity 14.3%
gen 2 offspring [85/100] k=114 (used 109.0) c=0.707 alpha=-0.509 beta=+0.508 | loss 4.9260 (delta +2.0406) size 503.1 MB sparsity 40.8%
gen 2 offspring [86/100] k=143 (used 138.8) c=0.816 alpha=-0.155 beta=+0.633 | loss 15.3074 (delta +12.4220) size 563.8 MB sparsity 31.2%
gen 2 offspring [87/100] k=245 (used 235.3) c=0.842 alpha=-0.837 beta=+0.030 | loss 17.9183 (delta +15.0329) size 560.8 MB sparsity 32.1%
gen 2 offspring [88/100] k=215 (used 215.0) c=0.995 alpha=-0.039 beta=+0.012 | loss 2.8878 (delta +0.0024) size 630.9 MB sparsity 2.6%
gen 2 offspring [89/100] k= 34 (used  34.0) c=0.948 alpha=-0.002 beta=+0.054 | loss 2.9740 (delta +0.0886) size 541.4 MB sparsity 11.0%
gen 2 offspring [90/100] k=204 (used 199.1) c=0.729 alpha=-0.305 beta=+0.259 | loss 3.4950 (delta +0.6097) size 591.4 MB sparsity 23.5%
gen 2 offspring [91/100] k=212 (used 202.7) c=0.939 alpha=-0.572 beta=+0.573 | loss 4.7730 (delta +1.8877) size 513.5 MB sparsity 45.3%
gen 2 offspring [92/100] k=241 (used 232.2) c=0.875 alpha=-0.813 beta=+0.058 | loss 17.9445 (delta +15.0591) size 558.9 MB sparsity 32.6%
gen 2 offspring [93/100] k=123 (used 122.9) c=0.793 alpha=-0.125 beta=+0.115 | loss 2.9683 (delta +0.0830) size 586.1 MB sparsity 10.2%
gen 2 offspring [94/100] k=189 (used 177.5) c=0.822 alpha=-0.648 beta=+0.691 | loss 6.2412 (delta +3.3559) size 490.7 MB sparsity 51.7%
gen 2 offspring [95/100] k=210 (used 200.4) c=0.913 alpha=-0.576 beta=+0.577 | loss 4.7776 (delta +1.8923) size 512.7 MB sparsity 45.5%
gen 2 offspring [96/100] k= 53 (used  53.0) c=0.941 alpha=-0.204 beta=+0.173 | loss 2.9892 (delta +0.1039) size 541.1 MB sparsity 16.1%
gen 2 offspring [97/100] k= 70 (used  67.0) c=0.742 alpha=-0.611 beta=+0.611 | loss 5.3219 (delta +2.4365) size 480.5 MB sparsity 47.9%
gen 2 offspring [98/100] k=242 (used 235.2) c=0.921 alpha=-0.353 beta=+0.408 | loss 3.4389 (delta +0.5536) size 563.6 MB sparsity 31.3%
gen 2 offspring [99/100] k= 77 (used  75.4) c=0.754 alpha=-0.404 beta=+0.404 | loss 3.8215 (delta +0.9361) size 527.1 MB sparsity 33.1%
gen 2 offspring [100/100] k=200 (used 196.6) c=0.838 alpha=-0.276 beta=+0.239 | loss 3.1424 (delta +0.2571) size 598.3 MB sparsity 21.6%
=== generation 2/50 done in 450s (0 reused), batch baseline 2.8854, HV 0.19109, front 17 points, 100/100 feasible, best delta loss +0.0024, smallest 447.8 MB
gen 3 offspring [1/100] k=130 (used 129.1) c=0.847 alpha=-0.202 beta=+0.202 | loss 3.0188 (delta +0.1334) size 611.8 MB sparsity 17.0%
gen 3 offspring [2/100] k= 53 (used  53.0) c=0.941 alpha=-0.193 beta=+0.296 | loss 3.0697 (delta +0.1844) size 530.9 MB sparsity 20.6%
gen 3 offspring [3/100] k=109 (used 109.0) c=0.837 alpha=-0.106 beta=+0.113 | loss 2.9378 (delta +0.0525) size 586.1 MB sparsity 9.4%
gen 3 offspring [4/100] k= 83 (used  81.4) c=0.841 alpha=-0.461 beta=+0.369 | loss 3.6975 (delta +0.8122) size 524.7 MB sparsity 33.9%
gen 3 offspring [5/100] k= 24 (used  24.0) c=0.956 alpha=-0.315 beta=+0.035 | loss 3.2553 (delta +0.3699) size 493.1 MB sparsity 21.4%
gen 3 offspring [6/100] k= 42 (used  40.9) c=0.986 alpha=-0.410 beta=+0.425 | loss 3.6295 (delta +0.7442) size 494.5 MB sparsity 34.2%
gen 3 offspring [7/100] k=164 (used 163.6) c=0.940 alpha=-0.143 beta=+0.142 | loss 2.9243 (delta +0.0389) size 630.6 MB sparsity 12.1%
gen 3 offspring [8/100] k=209 (used 202.2) c=0.714 alpha=-0.385 beta=+0.302 | loss 3.7468 (delta +0.8615) size 574.0 MB sparsity 28.4%
gen 3 offspring [9/100] k= 68 (used  68.0) c=0.981 alpha=-0.038 beta=+0.223 | loss 2.9613 (delta +0.0759) size 586.1 MB sparsity 12.2%
gen 3 offspring [10/100] k= 22 (used  22.0) c=0.746 alpha=-0.053 beta=+0.109 | loss 3.1725 (delta +0.2871) size 496.6 MB sparsity 13.8%
gen 3 offspring [11/100] k= 32 (used  32.0) c=0.737 alpha=-0.090 beta=+0.092 | loss 3.0319 (delta +0.1466) size 496.7 MB sparsity 9.5%
gen 3 offspring [12/100] k=242 (used 236.7) c=0.921 alpha=-0.353 beta=+0.289 | loss 3.2493 (delta +0.3640) size 580.2 MB sparsity 26.7%
gen 3 offspring [13/100] k=185 (used 183.0) c=0.738 alpha=-0.273 beta=+0.072 | loss 3.1585 (delta +0.2731) size 623.7 MB sparsity 14.5%
gen 3 offspring [14/100] k= 43 (used  43.0) c=0.851 alpha=-0.003 beta=+0.010 | loss 2.9576 (delta +0.0722) size 541.4 MB sparsity 7.6%
gen 3 offspring [15/100] k= 99 (used  96.6) c=0.989 alpha=-0.593 beta=+0.412 | loss 4.2800 (delta +1.3947) size 505.0 MB sparsity 40.2%
gen 3 offspring [16/100] k= 45 (used  44.9) c=0.925 alpha=-0.409 beta=+0.172 | loss 3.2403 (delta +0.3550) size 521.3 MB sparsity 24.2%
gen 3 offspring [17/100] k=110 (used 108.5) c=0.992 alpha=-0.009 beta=+0.295 | loss 3.0057 (delta +0.1204) size 585.6 MB sparsity 14.0%
gen 3 offspring [18/100] k= 95 (used  94.5) c=0.911 alpha=-0.142 beta=+0.304 | loss 3.0320 (delta +0.1466) size 572.3 MB sparsity 18.7%
gen 3 offspring [19/100] k=215 (used 212.2) c=0.844 alpha=-0.230 beta=+0.202 | loss 3.0519 (delta +0.1666) size 610.5 MB sparsity 18.2%
gen 3 offspring [20/100] k= 14 (used  14.0) c=0.915 alpha=-0.089 beta=+0.354 | loss 3.9581 (delta +1.0728) size 444.3 MB sparsity 29.3%
gen 3 offspring [21/100] k= 79 (used  79.0) c=0.848 alpha=-0.184 beta=+0.154 | loss 2.9765 (delta +0.0911) size 585.4 MB sparsity 14.3%
gen 3 offspring [22/100] k=197 (used 193.7) c=0.918 alpha=-0.222 beta=+0.338 | loss 3.1246 (delta +0.2393) size 592.1 MB sparsity 23.3%
gen 3 offspring [23/100] k= 36 (used  36.0) c=0.753 alpha=-0.092 beta=+0.101 | loss 3.0185 (delta +0.1331) size 541.4 MB sparsity 9.3%
gen 3 offspring [24/100] k= 98 (used  95.5) c=0.995 alpha=-0.431 beta=+0.390 | loss 3.6163 (delta +0.7310) size 525.6 MB sparsity 33.6%
gen 3 offspring [25/100] k= 80 (used  80.0) c=0.873 alpha=-0.057 beta=+0.057 | loss 2.9145 (delta +0.0291) size 586.1 MB sparsity 5.3%
gen 3 offspring [26/100] k=111 (used 109.5) c=0.738 alpha=-0.247 beta=+0.271 | loss 3.3741 (delta +0.4888) size 562.8 MB sparsity 21.7%
gen 3 offspring [27/100] k=218 (used 213.6) c=0.915 alpha=-0.240 beta=+0.373 | loss 3.2040 (delta +0.3187) size 584.4 MB sparsity 25.5%
gen 3 offspring [28/100] k=122 (used 122.0) c=0.869 alpha=-0.029 beta=+0.029 | loss 2.9064 (delta +0.0210) size 586.1 MB sparsity 2.9%
gen 3 offspring [29/100] k= 42 (used  42.0) c=0.850 alpha=-0.004 beta=+0.005 | loss 2.9525 (delta +0.0672) size 541.4 MB sparsity 8.0%
gen 3 offspring [30/100] k= 53 (used  52.9) c=0.941 alpha=-0.400 beta=+0.173 | loss 3.2145 (delta +0.3292) size 522.2 MB sparsity 23.8%
gen 3 offspring [31/100] k= 32 (used  32.0) c=0.963 alpha=-0.418 beta=+0.419 | loss 3.7199 (delta +0.8345) size 464.6 MB sparsity 34.3%
gen 3 offspring [32/100] k=152 (used 150.3) c=0.804 alpha=-0.223 beta=+0.226 | loss 3.1153 (delta +0.2299) size 608.0 MB sparsity 18.9%
gen 3 offspring [33/100] k= 30 (used  30.0) c=0.877 alpha=-0.347 beta=+0.148 | loss 3.1545 (delta +0.2691) size 493.7 MB sparsity 21.3%
gen 3 offspring [34/100] k=113 (used 112.6) c=0.992 alpha=-0.112 beta=+0.263 | loss 2.9767 (delta +0.0913) size 581.3 MB sparsity 15.8%
gen 3 offspring [35/100] k= 91 (used  88.7) c=0.785 alpha=-0.425 beta=+0.427 | loss 3.7755 (delta +0.8901) size 522.0 MB sparsity 34.8%
gen 3 offspring [36/100] k=235 (used 229.6) c=0.844 alpha=-0.196 beta=+0.409 | loss 3.2216 (delta +0.3362) size 586.2 MB sparsity 25.0%
gen 3 offspring [37/100] k=177 (used 175.1) c=0.853 alpha=-0.008 beta=+0.310 | loss 3.0614 (delta +0.1761) size 626.1 MB sparsity 13.8%
gen 3 offspring [38/100] k=200 (used 195.6) c=0.806 alpha=-0.322 beta=+0.272 | loss 3.2708 (delta +0.3854) size 587.1 MB sparsity 24.7%
gen 3 offspring [39/100] k= 12 (used  12.0) c=0.887 alpha=-0.072 beta=+0.000 | loss 4.2160 (delta +1.3307) size 441.2 MB sparsity 31.0%
gen 3 offspring [40/100] k=174 (used 173.1) c=0.936 alpha=-0.193 beta=+0.132 | loss 2.9451 (delta +0.0597) size 626.3 MB sparsity 13.8%
gen 3 offspring [41/100] k= 21 (used  21.0) c=0.992 alpha=-0.042 beta=+0.042 | loss 3.1932 (delta +0.3079) size 495.0 MB sparsity 18.1%
gen 3 offspring [42/100] k= 68 (used  68.0) c=0.974 alpha=-0.193 beta=+0.175 | loss 2.9855 (delta +0.1001) size 581.9 MB sparsity 15.6%
gen 3 offspring [43/100] k=166 (used 165.5) c=0.733 alpha=-0.111 beta=+0.111 | loss 3.0372 (delta +0.1518) size 630.9 MB sparsity 9.4%
gen 3 offspring [44/100] k=108 (used 105.9) c=0.902 alpha=-0.399 beta=+0.404 | loss 3.5300 (delta +0.6447) size 527.7 MB sparsity 32.9%
gen 3 offspring [45/100] k=164 (used 163.2) c=0.866 alpha=-0.163 beta=+0.143 | loss 2.9458 (delta +0.0605) size 629.1 MB sparsity 13.0%
gen 3 offspring [46/100] k= 43 (used  43.0) c=0.845 alpha=-0.055 beta=+0.040 | loss 2.9598 (delta +0.0745) size 541.4 MB sparsity 7.5%
gen 3 offspring [47/100] k= 98 (used  95.3) c=0.996 alpha=-0.431 beta=+0.438 | loss 3.6849 (delta +0.7995) size 520.0 MB sparsity 35.4%
gen 3 offspring [48/100] k= 32 (used  32.0) c=0.742 alpha=-0.019 beta=+0.154 | loss 3.0500 (delta +0.1646) size 496.7 MB sparsity 11.5%
gen 3 offspring [49/100] k= 68 (used  68.0) c=0.981 alpha=-0.259 beta=+0.231 | loss 3.1002 (delta +0.2148) size 566.4 MB sparsity 20.6%
gen 3 offspring [50/100] k= 19 (used  19.0) c=0.938 alpha=-0.012 beta=+0.054 | loss 3.2193 (delta +0.3339) size 494.3 MB sparsity 19.0%
gen 3 offspring [51/100] k=152 (used 148.4) c=0.755 alpha=-0.240 beta=+0.406 | loss 3.4370 (delta +0.5516) size 580.0 MB sparsity 26.7%
gen 3 offspring [52/100] k= 48 (used  48.0) c=0.920 alpha=-0.038 beta=+0.011 | loss 2.9473 (delta +0.0619) size 541.4 MB sparsity 7.5%
gen 3 offspring [53/100] k= 16 (used  16.0) c=0.879 alpha=-0.211 beta=+0.142 | loss 3.4929 (delta +0.6076) size 450.4 MB sparsity 22.7%
gen 3 offspring [54/100] k=174 (used 173.2) c=0.813 alpha=-0.143 beta=+0.133 | loss 2.9590 (delta +0.0737) size 630.7 MB sparsity 11.7%
gen 3 offspring [55/100] k=133 (used 132.1) c=0.871 alpha=-0.026 beta=+0.280 | loss 3.0070 (delta +0.1217) size 629.0 MB sparsity 13.0%
gen 3 offspring [56/100] k= 95 (used  93.3) c=0.821 alpha=-0.319 beta=+0.397 | loss 3.4306 (delta +0.5453) size 538.4 MB sparsity 29.5%
gen 3 offspring [57/100] k= 34 (used  34.0) c=0.960 alpha=-0.110 beta=+0.054 | loss 2.9730 (delta +0.0877) size 541.4 MB sparsity 11.3%
gen 3 offspring [58/100] k= 43 (used  43.0) c=0.883 alpha=-0.229 beta=+0.112 | loss 2.9966 (delta +0.1113) size 541.3 MB sparsity 14.8%
gen 3 offspring [59/100] k=178 (used 177.8) c=0.733 alpha=-0.103 beta=+0.002 | loss 3.0098 (delta +0.1245) size 630.9 MB sparsity 5.2%
gen 3 offspring [60/100] k=246 (used 243.0) c=0.819 alpha=-0.050 beta=+0.305 | loss 3.0619 (delta +0.1765) size 622.5 MB sparsity 14.8%
gen 3 offspring [61/100] k=167 (used 166.9) c=0.940 alpha=-0.114 beta=+0.083 | loss 2.9017 (delta +0.0163) size 630.9 MB sparsity 8.4%
gen 3 offspring [62/100] k=123 (used 122.9) c=0.780 alpha=-0.121 beta=+0.125 | loss 2.9822 (delta +0.0968) size 586.1 MB sparsity 10.5%
gen 3 offspring [63/100] k=242 (used 236.7) c=0.845 alpha=-0.173 beta=+0.410 | loss 3.2054 (delta +0.3201) size 589.3 MB sparsity 24.1%
gen 3 offspring [64/100] k=161 (used 161.0) c=0.842 alpha=-0.041 beta=+0.058 | loss 2.9178 (delta +0.0324) size 630.9 MB sparsity 4.3%
gen 3 offspring [65/100] k=108 (used 107.0) c=0.968 alpha=-0.405 beta=+0.150 | loss 3.1873 (delta +0.3020) size 558.9 MB sparsity 23.0%
gen 3 offspring [66/100] k=184 (used 180.2) c=0.838 alpha=-0.276 beta=+0.329 | loss 3.2324 (delta +0.3471) size 585.4 MB sparsity 25.2%
gen 3 offspring [67/100] k= 92 (used  90.4) c=0.896 alpha=-0.402 beta=+0.422 | loss 3.5674 (delta +0.6820) size 525.3 MB sparsity 33.7%
gen 3 offspring [68/100] k=143 (used 142.1) c=0.810 alpha=-0.155 beta=+0.185 | loss 3.0039 (delta +0.1185) size 624.2 MB sparsity 14.4%
gen 3 offspring [69/100] k=152 (used 150.4) c=0.803 alpha=-0.205 beta=+0.226 | loss 3.0884 (delta +0.2031) size 610.7 MB sparsity 18.1%
gen 3 offspring [70/100] k=200 (used 197.5) c=0.900 alpha=-0.239 beta=+0.229 | loss 3.0522 (delta +0.1669) size 605.2 MB sparsity 19.7%
gen 3 offspring [71/100] k=215 (used 215.0) c=0.998 alpha=-0.039 beta=+0.029 | loss 2.8885 (delta +0.0032) size 630.9 MB sparsity 3.0%
gen 3 offspring [72/100] k= 92 (used  91.0) c=0.996 alpha=-0.130 beta=+0.133 | loss 2.9211 (delta +0.0357) size 586.1 MB sparsity 11.2%
gen 3 offspring [73/100] k=216 (used 211.0) c=0.814 alpha=-0.305 beta=+0.305 | loss 3.2768 (delta +0.3915) size 584.8 MB sparsity 25.4%
gen 3 offspring [74/100] k= 11 (used  11.0) c=0.874 alpha=-0.030 beta=+0.218 | loss 4.2250 (delta +1.3396) size 442.0 MB sparsity 30.6%
gen 3 offspring [75/100] k=189 (used 186.2) c=0.920 alpha=-0.204 beta=+0.328 | loss 3.0954 (delta +0.2100) size 596.1 MB sparsity 22.2%
gen 3 offspring [76/100] k= 28 (used  28.0) c=0.921 alpha=-0.038 beta=+0.036 | loss 3.0257 (delta +0.1404) size 496.7 MB sparsity 13.1%
gen 3 offspring [77/100] k= 78 (used  77.1) c=0.754 alpha=-0.208 beta=+0.404 | loss 3.3736 (delta +0.4882) size 551.5 MB sparsity 25.3%
gen 3 offspring [78/100] k= 45 (used  45.0) c=0.948 alpha=-0.318 beta=+0.017 | loss 3.0512 (delta +0.1659) size 539.4 MB sparsity 17.3%
gen 3 offspring [79/100] k=215 (used 215.0) c=0.993 alpha=-0.039 beta=+0.012 | loss 2.8887 (delta +0.0033) size 630.9 MB sparsity 2.6%
gen 3 offspring [80/100] k= 95 (used  92.8) c=0.720 alpha=-0.415 beta=+0.316 | loss 3.8776 (delta +0.9922) size 536.6 MB sparsity 30.1%
gen 3 offspring [81/100] k=134 (used 133.1) c=0.811 alpha=-0.265 beta=+0.100 | loss 3.0223 (delta +0.1370) size 620.7 MB sparsity 15.4%
gen 3 offspring [82/100] k= 80 (used  79.5) c=0.895 alpha=-0.277 beta=+0.312 | loss 3.1893 (delta +0.3039) size 553.9 MB sparsity 24.6%
gen 3 offspring [83/100] k= 79 (used  78.3) c=0.838 alpha=-0.401 beta=+0.184 | loss 3.2544 (delta +0.3691) size 555.1 MB sparsity 24.2%
gen 3 offspring [84/100] k= 31 (used  31.0) c=0.929 alpha=-0.046 beta=+0.055 | loss 2.9783 (delta +0.0929) size 496.7 MB sparsity 11.5%
gen 3 offspring [85/100] k= 85 (used  85.0) c=0.811 alpha=-0.106 beta=+0.119 | loss 2.9499 (delta +0.0645) size 586.1 MB sparsity 9.6%
gen 3 offspring [86/100] k=180 (used 179.3) c=0.742 alpha=-0.053 beta=+0.161 | loss 3.0217 (delta +0.1364) size 630.9 MB sparsity 9.1%
gen 3 offspring [87/100] k=222 (used 215.9) c=0.990 alpha=-0.418 beta=+0.400 | loss 3.5764 (delta +0.6910) size 555.7 MB sparsity 33.5%
gen 3 offspring [88/100] k=143 (used 142.1) c=0.817 alpha=-0.196 beta=+0.155 | loss 3.0019 (delta +0.1165) size 622.5 MB sparsity 14.9%
gen 3 offspring [89/100] k=101 (used 100.9) c=0.877 alpha=-0.149 beta=+0.148 | loss 2.9405 (delta +0.0551) size 586.1 MB sparsity 12.6%
gen 3 offspring [90/100] k= 66 (used  66.0) c=0.940 alpha=-0.173 beta=+0.191 | loss 2.9779 (delta +0.0926) size 582.4 MB sparsity 15.5%
gen 3 offspring [91/100] k= 35 (used  35.0) c=0.938 alpha=-0.101 beta=+0.123 | loss 2.9701 (delta +0.0848) size 541.4 MB sparsity 11.1%
gen 3 offspring [92/100] k=179 (used 172.9) c=0.744 alpha=-0.299 beta=+0.466 | loss 3.7210 (delta +0.8357) size 563.6 MB sparsity 31.3%
gen 3 offspring [93/100] k= 32 (used  32.0) c=0.742 alpha=-0.083 beta=+0.090 | loss 3.0236 (delta +0.1382) size 496.7 MB sparsity 9.4%
gen 3 offspring [94/100] k=229 (used 229.0) c=0.949 alpha=-0.040 beta=+0.055 | loss 2.8912 (delta +0.0059) size 630.9 MB sparsity 4.1%
gen 3 offspring [95/100] k=199 (used 194.5) c=0.807 alpha=-0.302 beta=+0.295 | loss 3.2749 (delta +0.3896) size 586.5 MB sparsity 24.9%
gen 3 offspring [96/100] k= 38 (used  38.0) c=0.874 alpha=-0.049 beta=+0.154 | loss 2.9641 (delta +0.0787) size 541.4 MB sparsity 11.4%
gen 3 offspring [97/100] k=164 (used 159.3) c=0.896 alpha=-0.424 beta=+0.422 | loss 3.6083 (delta +0.7230) size 552.0 MB sparsity 34.5%
gen 3 offspring [98/100] k=229 (used 223.2) c=0.841 alpha=-0.430 beta=+0.221 | loss 3.3657 (delta +0.4804) size 579.6 MB sparsity 26.8%
gen 3 offspring [99/100] k=116 (used 116.0) c=0.810 alpha=-0.114 beta=+0.046 | loss 2.9396 (delta +0.0542) size 586.1 MB sparsity 6.9%
gen 3 offspring [100/100] k= 86 (used  86.0) c=0.866 alpha=-0.137 beta=+0.143 | loss 2.9381 (delta +0.0528) size 586.1 MB sparsity 11.9%
=== generation 3/50 done in 448s (0 reused), batch baseline 2.8854, HV 0.19586, front 26 points, 100/100 feasible, best delta loss +0.0024, smallest 447.8 MB
gen 4 offspring [1/100] k= 34 (used  34.0) c=0.746 alpha=-0.057 beta=+0.109 | loss 3.0272 (delta +0.1418) size 541.4 MB sparsity 9.5%
gen 4 offspring [2/100] k=116 (used 116.0) c=0.878 alpha=-0.052 beta=+0.011 | loss 2.9076 (delta +0.0222) size 586.1 MB sparsity 3.7%
gen 4 offspring [3/100] k=149 (used 149.0) c=0.952 alpha=-0.053 beta=+0.036 | loss 2.8936 (delta +0.0083) size 630.9 MB sparsity 4.0%
gen 4 offspring [4/100] k= 80 (used  80.0) c=0.874 alpha=-0.057 beta=+0.057 | loss 2.9146 (delta +0.0293) size 586.1 MB sparsity 5.3%
gen 4 offspring [5/100] k= 54 (used  52.8) c=0.996 alpha=-0.431 beta=+0.431 | loss 3.6802 (delta +0.7948) size 491.7 MB sparsity 35.2%
gen 4 offspring [6/100] k=161 (used 160.9) c=0.960 alpha=-0.111 beta=+0.111 | loss 2.9045 (delta +0.0191) size 630.9 MB sparsity 9.4%
gen 4 offspring [7/100] k= 53 (used  53.0) c=0.936 alpha=-0.194 beta=+0.296 | loss 3.0651 (delta +0.1798) size 530.8 MB sparsity 20.6%
gen 4 offspring [8/100] k= 69 (used  69.0) c=0.983 alpha=-0.192 beta=+0.193 | loss 2.9911 (delta +0.1058) size 579.7 MB sparsity 16.3%
gen 4 offspring [9/100] k=232 (used 232.0) c=0.948 alpha=-0.041 beta=+0.055 | loss 2.8921 (delta +0.0068) size 630.9 MB sparsity 4.1%
gen 4 offspring [10/100] k= 31 (used  31.0) c=0.810 alpha=-0.114 beta=+0.046 | loss 3.0078 (delta +0.1224) size 496.7 MB sparsity 10.6%
gen 4 offspring [11/100] k= 96 (used  95.4) c=0.916 alpha=-0.138 beta=+0.330 | loss 3.0563 (delta +0.1710) size 569.6 MB sparsity 19.6%
gen 4 offspring [12/100] k= 22 (used  22.0) c=0.806 alpha=-0.100 beta=+0.112 | loss 3.1266 (delta +0.2412) size 496.5 MB sparsity 14.9%
gen 4 offspring [13/100] k= 50 (used  49.5) c=0.785 alpha=-0.425 beta=+0.427 | loss 3.7704 (delta +0.8850) size 492.8 MB sparsity 34.8%
gen 4 offspring [14/100] k=122 (used 122.0) c=0.869 alpha=-0.029 beta=+0.097 | loss 2.9095 (delta +0.0242) size 586.1 MB sparsity 5.6%
gen 4 offspring [15/100] k=161 (used 161.0) c=0.838 alpha=-0.041 beta=+0.058 | loss 2.9202 (delta +0.0348) size 630.9 MB sparsity 4.3%
gen 4 offspring [16/100] k= 48 (used  48.0) c=0.920 alpha=-0.056 beta=+0.011 | loss 2.9464 (delta +0.0611) size 541.4 MB sparsity 7.5%
gen 4 offspring [17/100] k= 68 (used  67.9) c=0.981 alpha=-0.313 beta=+0.223 | loss 3.1620 (delta +0.2767) size 560.6 MB sparsity 22.4%
gen 4 offspring [18/100] k= 89 (used  89.0) c=0.811 alpha=-0.147 beta=+0.106 | loss 2.9587 (delta +0.0733) size 586.1 MB sparsity 10.8%
gen 4 offspring [19/100] k= 46 (used  46.0) c=0.737 alpha=-0.118 beta=+0.140 | loss 3.0817 (delta +0.1964) size 541.4 MB sparsity 11.2%
gen 4 offspring [20/100] k=  3 (used   3.0) c=0.994 alpha=-0.011 beta=+0.090 | loss 16.0980 (delta +13.2127) size 320.5 MB sparsity 93.9%
gen 4 offspring [21/100] k= 32 (used  32.0) c=0.952 alpha=-0.405 beta=+0.055 | loss 3.2349 (delta +0.3495) size 491.0 MB sparsity 22.6%
gen 4 offspring [22/100] k= 47 (used  47.0) c=0.946 alpha=-0.113 beta=+0.140 | loss 2.9509 (delta +0.0655) size 541.4 MB sparsity 11.3%
gen 4 offspring [23/100] k=108 (used 105.8) c=0.900 alpha=-0.401 beta=+0.404 | loss 3.5353 (delta +0.6499) size 527.5 MB sparsity 33.0%
gen 4 offspring [24/100] k= 44 (used  44.0) c=0.739 alpha=-0.101 beta=+0.105 | loss 3.0337 (delta +0.1484) size 541.4 MB sparsity 9.2%
gen 4 offspring [25/100] k=  9 (used   9.0) c=0.903 alpha=-0.036 beta=+0.036 | loss 5.6213 (delta +2.7360) size 400.6 MB sparsity 38.3%
gen 4 offspring [26/100] k= 87 (used  87.0) c=0.811 alpha=-0.107 beta=+0.106 | loss 2.9512 (delta +0.0659) size 586.1 MB sparsity 9.1%
gen 4 offspring [27/100] k= 66 (used  64.9) c=0.785 alpha=-0.394 beta=+0.427 | loss 3.6797 (delta +0.7943) size 522.2 MB sparsity 33.6%
gen 4 offspring [28/100] k= 46 (used  45.9) c=0.879 alpha=-0.435 beta=+0.010 | loss 3.2562 (delta +0.3709) size 528.5 MB sparsity 21.5%
gen 4 offspring [29/100] k=147 (used 147.0) c=0.947 alpha=-0.036 beta=+0.111 | loss 2.9010 (delta +0.0157) size 630.9 MB sparsity 6.3%
gen 4 offspring [30/100] k= 31 (used  31.0) c=0.940 alpha=-0.046 beta=+0.012 | loss 2.9844 (delta +0.0990) size 496.7 MB sparsity 11.7%
gen 4 offspring [31/100] k=164 (used 164.0) c=0.989 alpha=-0.017 beta=+0.058 | loss 2.8918 (delta +0.0065) size 630.9 MB sparsity 3.7%
gen 4 offspring [32/100] k=224 (used 224.0) c=0.948 alpha=-0.040 beta=+0.055 | loss 2.8920 (delta +0.0066) size 630.9 MB sparsity 4.1%
gen 4 offspring [33/100] k=167 (used 165.9) c=0.940 alpha=-0.052 beta=+0.265 | loss 2.9702 (delta +0.0848) size 627.8 MB sparsity 13.4%
gen 4 offspring [34/100] k= 40 (used  39.0) c=0.986 alpha=-0.202 beta=+0.425 | loss 3.2768 (delta +0.3914) size 516.1 MB sparsity 26.1%
gen 4 offspring [35/100] k= 34 (used  34.0) c=0.742 alpha=-0.019 beta=+0.031 | loss 3.0229 (delta +0.1375) size 541.4 MB sparsity 8.7%
gen 4 offspring [36/100] k= 97 (used  96.6) c=0.821 alpha=-0.025 beta=+0.252 | loss 3.0051 (delta +0.1197) size 586.1 MB sparsity 12.2%
gen 4 offspring [37/100] k= 79 (used  79.0) c=0.850 alpha=-0.055 beta=+0.052 | loss 2.9241 (delta +0.0387) size 586.1 MB sparsity 5.0%
gen 4 offspring [38/100] k=215 (used 215.0) c=0.992 alpha=-0.039 beta=+0.043 | loss 2.8878 (delta +0.0025) size 630.9 MB sparsity 3.6%
gen 4 offspring [39/100] k= 54 (used  54.0) c=0.941 alpha=-0.001 beta=+0.301 | loss 3.0313 (delta +0.1460) size 540.9 MB sparsity 16.0%
gen 4 offspring [40/100] k=116 (used 116.0) c=0.828 alpha=-0.052 beta=+0.052 | loss 2.9216 (delta +0.0362) size 586.1 MB sparsity 4.6%
gen 4 offspring [41/100] k=175 (used 174.8) c=0.946 alpha=-0.116 beta=+0.105 | loss 2.9068 (delta +0.0214) size 630.9 MB sparsity 9.4%
gen 4 offspring [42/100] k= 28 (used  28.0) c=0.957 alpha=-0.102 beta=+0.042 | loss 3.0636 (delta +0.1782) size 496.6 MB sparsity 13.6%
gen 4 offspring [43/100] k= 38 (used  37.0) c=0.988 alpha=-0.418 beta=+0.164 | loss 3.3299 (delta +0.4446) size 520.6 MB sparsity 24.4%
gen 4 offspring [44/100] k= 32 (used  32.0) c=0.826 alpha=-0.090 beta=+0.090 | loss 2.9862 (delta +0.1008) size 496.7 MB sparsity 10.3%
gen 4 offspring [45/100] k=106 (used 106.0) c=0.866 alpha=-0.049 beta=+0.047 | loss 2.9103 (delta +0.0249) size 586.1 MB sparsity 4.3%
gen 4 offspring [46/100] k= 94 (used  93.9) c=0.974 alpha=-0.214 beta=+0.051 | loss 2.9358 (delta +0.0505) size 586.1 MB sparsity 11.4%
gen 4 offspring [47/100] k= 22 (used  21.0) c=0.960 alpha=-0.053 beta=+0.056 | loss 3.1793 (delta +0.2939) size 495.3 MB sparsity 17.6%
gen 4 offspring [48/100] k= 30 (used  30.0) c=0.814 alpha=-0.347 beta=+0.148 | loss 3.1926 (delta +0.3073) size 494.0 MB sparsity 21.2%
gen 4 offspring [49/100] k= 34 (used  34.0) c=0.946 alpha=-0.055 beta=+0.055 | loss 2.9738 (delta +0.0885) size 541.4 MB sparsity 11.0%
gen 4 offspring [50/100] k= 15 (used  15.0) c=0.915 alpha=-0.024 beta=+0.354 | loss 3.6222 (delta +0.7368) size 447.8 MB sparsity 27.1%
gen 4 offspring [51/100] k= 68 (used  68.0) c=0.980 alpha=-0.111 beta=+0.223 | loss 2.9759 (delta +0.0905) size 585.4 MB sparsity 14.3%
gen 4 offspring [52/100] k= 97 (used  96.9) c=0.941 alpha=-0.204 beta=+0.173 | loss 2.9794 (delta +0.0940) size 580.9 MB sparsity 16.0%
gen 4 offspring [53/100] k= 96 (used  94.1) c=0.896 alpha=-0.424 beta=+0.422 | loss 3.6123 (delta +0.7269) size 522.7 MB sparsity 34.5%
gen 4 offspring [54/100] k= 99 (used  96.9) c=0.914 alpha=-0.454 beta=+0.412 | loss 3.7087 (delta +0.8233) size 520.5 MB sparsity 35.3%
gen 4 offspring [55/100] k= 44 (used  44.0) c=0.949 alpha=-0.318 beta=+0.017 | loss 3.0681 (delta +0.1828) size 538.9 MB sparsity 17.5%
gen 4 offspring [56/100] k= 28 (used  28.0) c=0.930 alpha=-0.040 beta=+0.055 | loss 3.0271 (delta +0.1418) size 496.7 MB sparsity 13.3%
gen 4 offspring [57/100] k= 94 (used  94.0) c=0.742 alpha=-0.091 beta=+0.090 | loss 3.0021 (delta +0.1167) size 586.1 MB sparsity 7.8%
gen 4 offspring [58/100] k= 24 (used  23.0) c=0.957 alpha=-0.323 beta=+0.053 | loss 3.2583 (delta +0.3729) size 492.7 MB sparsity 21.7%
gen 4 offspring [59/100] k=215 (used 215.0) c=0.993 alpha=-0.038 beta=+0.000 | loss 2.8881 (delta +0.0027) size 630.9 MB sparsity 2.5%
gen 4 offspring [60/100] k= 43 (used  43.0) c=0.883 alpha=-0.229 beta=+0.183 | loss 3.0439 (delta +0.1586) size 539.0 MB sparsity 17.6%
gen 4 offspring [61/100] k= 79 (used  79.0) c=0.848 alpha=-0.184 beta=+0.027 | loss 2.9512 (delta +0.0658) size 586.1 MB sparsity 9.8%
gen 4 offspring [62/100] k=156 (used 155.6) c=0.964 alpha=-0.145 beta=+0.151 | loss 2.9248 (delta +0.0394) size 630.1 MB sparsity 12.6%
gen 4 offspring [63/100] k=160 (used 159.4) c=0.947 alpha=-0.193 beta=+0.110 | loss 2.9324 (delta +0.0470) size 629.6 MB sparsity 12.8%
gen 4 offspring [64/100] k= 42 (used  41.0) c=0.986 alpha=-0.040 beta=+0.456 | loss 4.2871 (delta +1.4017) size 524.1 MB sparsity 23.1%
gen 4 offspring [65/100] k= 16 (used  16.0) c=0.877 alpha=-0.106 beta=+0.148 | loss 3.4799 (delta +0.5946) size 450.4 MB sparsity 22.6%
gen 4 offspring [66/100] k=126 (used 125.1) c=0.847 alpha=-0.206 beta=+0.201 | loss 3.0209 (delta +0.1355) size 577.0 MB sparsity 17.2%
gen 4 offspring [67/100] k= 38 (used  37.8) c=0.735 alpha=-0.448 beta=+0.418 | loss 3.9820 (delta +1.0967) size 491.4 MB sparsity 35.3%
gen 4 offspring [68/100] k=107 (used 105.9) c=0.902 alpha=-0.074 beta=+0.404 | loss 3.2398 (delta +0.3544) size 568.9 MB sparsity 19.8%
gen 4 offspring [69/100] k= 53 (used  52.6) c=0.732 alpha=-0.400 beta=+0.173 | loss 3.5137 (delta +0.6284) size 522.3 MB sparsity 23.8%
gen 4 offspring [70/100] k=103 (used 101.0) c=1.000 alpha=-0.433 beta=+0.469 | loss 3.7728 (delta +0.8874) size 516.1 MB sparsity 36.6%
gen 4 offspring [71/100] k= 32 (used  32.0) c=0.883 alpha=-0.230 beta=+0.112 | loss 3.0290 (delta +0.1437) size 496.7 MB sparsity 15.6%
gen 4 offspring [72/100] k= 19 (used  19.0) c=0.920 alpha=-0.012 beta=+0.053 | loss 3.2156 (delta +0.3303) size 494.6 MB sparsity 18.7%
gen 4 offspring [73/100] k= 88 (used  88.0) c=0.980 alpha=-0.129 beta=+0.112 | loss 2.9217 (delta +0.0363) size 586.1 MB sparsity 10.4%
gen 4 offspring [74/100] k= 91 (used  89.4) c=0.896 alpha=-0.424 beta=+0.396 | loss 3.5804 (delta +0.6951) size 525.8 MB sparsity 33.5%
gen 4 offspring [75/100] k= 27 (used  27.0) c=0.960 alpha=-0.003 beta=+0.419 | loss 3.3224 (delta +0.4370) size 487.6 MB sparsity 24.0%
gen 4 offspring [76/100] k=166 (used 165.6) c=0.947 alpha=-0.161 beta=+0.111 | loss 2.9189 (delta +0.0335) size 630.7 MB sparsity 11.5%
gen 4 offspring [77/100] k= 35 (used  35.0) c=0.737 alpha=-0.140 beta=+0.091 | loss 3.0994 (delta +0.2140) size 541.4 MB sparsity 10.6%
gen 4 offspring [78/100] k=111 (used 110.4) c=0.844 alpha=-0.112 beta=+0.263 | loss 3.0068 (delta +0.1215) size 581.3 MB sparsity 15.8%
gen 4 offspring [79/100] k= 69 (used  68.5) c=0.887 alpha=-0.409 beta=+0.172 | loss 3.2179 (delta +0.3326) size 555.6 MB sparsity 24.0%
gen 4 offspring [80/100] k= 12 (used  11.0) c=0.915 alpha=-0.114 beta=+0.054 | loss 4.4054 (delta +1.5201) size 439.6 MB sparsity 31.9%
gen 4 offspring [81/100] k=127 (used 124.8) c=0.847 alpha=-0.409 beta=+0.202 | loss 3.2681 (delta +0.3828) size 551.7 MB sparsity 25.3%
gen 4 offspring [82/100] k=213 (used 213.0) c=0.993 alpha=-0.039 beta=+0.015 | loss 2.8883 (delta +0.0030) size 630.9 MB sparsity 2.6%
gen 4 offspring [83/100] k=198 (used 196.0) c=0.992 alpha=-0.337 beta=+0.054 | loss 3.0373 (delta +0.1519) size 617.3 MB sparsity 16.3%
gen 4 offspring [84/100] k=112 (used 108.8) c=0.999 alpha=-0.431 beta=+0.438 | loss 3.6817 (delta +0.7963) size 520.0 MB sparsity 35.4%
gen 4 offspring [85/100] k= 25 (used  25.0) c=0.911 alpha=-0.175 beta=+0.157 | loss 3.0647 (delta +0.1793) size 496.6 MB sparsity 15.7%
gen 4 offspring [86/100] k= 28 (used  27.0) c=0.996 alpha=-0.042 beta=+0.011 | loss 3.0381 (delta +0.1528) size 496.6 MB sparsity 14.2%
gen 4 offspring [87/100] k= 42 (used  42.0) c=0.851 alpha=-0.210 beta=+0.009 | loss 2.9853 (delta +0.0999) size 541.4 MB sparsity 12.9%
gen 4 offspring [88/100] k= 18 (used  18.0) c=0.746 alpha=-0.053 beta=+0.040 | loss 3.3039 (delta +0.4185) size 495.6 MB sparsity 17.1%
gen 4 offspring [89/100] k= 24 (used  24.0) c=0.920 alpha=-0.315 beta=+0.037 | loss 3.1880 (delta +0.3027) size 493.7 MB sparsity 21.1%
gen 4 offspring [90/100] k= 61 (used  60.4) c=0.941 alpha=-0.400 beta=+0.427 | loss 3.5797 (delta +0.6943) size 495.3 MB sparsity 33.8%
gen 4 offspring [91/100] k=246 (used 245.7) c=0.737 alpha=-0.052 beta=+0.072 | loss 2.9972 (delta +0.1118) size 630.9 MB sparsity 5.3%
gen 4 offspring [92/100] k= 42 (used  41.0) c=0.997 alpha=-0.057 beta=+0.150 | loss 2.9484 (delta +0.0631) size 541.4 MB sparsity 11.3%
gen 4 offspring [93/100] k= 44 (used  44.0) c=0.958 alpha=-0.142 beta=+0.085 | loss 2.9451 (delta +0.0597) size 541.4 MB sparsity 10.7%
gen 4 offspring [94/100] k=132 (used 132.0) c=0.850 alpha=-0.005 beta=+0.005 | loss 2.9104 (delta +0.0251) size 630.9 MB sparsity 2.5%
gen 4 offspring [95/100] k= 28 (used  28.0) c=0.871 alpha=-0.346 beta=+0.431 | loss 3.5620 (delta +0.6766) size 469.7 MB sparsity 32.1%
gen 4 offspring [96/100] k=163 (used 162.7) c=0.740 alpha=-0.099 beta=+0.112 | loss 3.0270 (delta +0.1416) size 630.9 MB sparsity 9.0%
gen 4 offspring [97/100] k= 34 (used  34.0) c=0.784 alpha=-0.125 beta=+0.117 | loss 3.0040 (delta +0.1187) size 541.4 MB sparsity 11.2%
gen 4 offspring [98/100] k= 31 (used  31.0) c=0.945 alpha=-0.046 beta=+0.055 | loss 2.9825 (delta +0.0971) size 496.7 MB sparsity 11.7%
gen 4 offspring [99/100] k= 38 (used  38.0) c=0.957 alpha=-0.419 beta=+0.136 | loss 3.2824 (delta +0.3970) size 523.4 MB sparsity 23.4%
gen 4 offspring [100/100] k= 26 (used  26.0) c=0.941 alpha=-0.111 beta=+0.111 | loss 3.0488 (delta +0.1635) size 496.6 MB sparsity 14.5%
=== generation 4/50 done in 448s (0 reused), batch baseline 2.8854, HV 0.19902, front 33 points, 100/100 feasible, best delta loss +0.0024, smallest 447.8 MB
gen 5 offspring [1/100] k=145 (used 145.0) c=0.919 alpha=-0.008 beta=+0.005 | loss 2.8961 (delta +0.0108) size 630.9 MB sparsity 2.4%
gen 5 offspring [2/100] k= 98 (used  98.0) c=0.958 alpha=-0.142 beta=+0.067 | loss 2.9127 (delta +0.0274) size 586.1 MB sparsity 9.0%
gen 5 offspring [3/100] k=197 (used 196.1) c=0.982 alpha=-0.214 beta=+0.049 | loss 2.9301 (delta +0.0447) size 630.8 MB sparsity 11.1%
gen 5 offspring [4/100] k=212 (used 212.0) c=0.920 alpha=-0.039 beta=+0.011 | loss 2.8942 (delta +0.0088) size 630.9 MB sparsity 2.5%
gen 5 offspring [5/100] k=  6 (used   5.0) c=0.911 alpha=-0.012 beta=+0.152 | loss 13.9107 (delta +11.0254) size 348.5 MB sparsity 65.6%
gen 5 offspring [6/100] k=118 (used 118.0) c=0.871 alpha=-0.026 beta=+0.029 | loss 2.9074 (delta +0.0221) size 586.1 MB sparsity 2.9%
gen 5 offspring [7/100] k= 26 (used  25.0) c=0.999 alpha=-0.020 beta=+0.434 | loss 3.3983 (delta +0.5129) size 484.4 MB sparsity 25.5%
gen 5 offspring [8/100] k= 95 (used  95.0) c=0.979 alpha=-0.142 beta=+0.128 | loss 2.9197 (delta +0.0343) size 586.1 MB sparsity 11.5%
gen 5 offspring [9/100] k=166 (used 165.9) c=0.966 alpha=-0.111 beta=+0.111 | loss 2.9073 (delta +0.0219) size 630.9 MB sparsity 9.4%
gen 5 offspring [10/100] k=162 (used 161.9) c=0.929 alpha=-0.046 beta=+0.110 | loss 2.9038 (delta +0.0185) size 630.9 MB sparsity 6.7%
gen 5 offspring [11/100] k= 27 (used  27.0) c=0.918 alpha=-0.036 beta=+0.036 | loss 3.0231 (delta +0.1378) size 496.7 MB sparsity 13.1%
gen 5 offspring [12/100] k= 30 (used  30.0) c=0.819 alpha=-0.368 beta=+0.148 | loss 3.2155 (delta +0.3301) size 492.2 MB sparsity 22.0%
gen 5 offspring [13/100] k= 32 (used  32.0) c=0.826 alpha=-0.090 beta=+0.090 | loss 2.9860 (delta +0.1007) size 496.7 MB sparsity 10.3%
gen 5 offspring [14/100] k= 16 (used  16.0) c=0.877 alpha=-0.045 beta=+0.148 | loss 3.4799 (delta +0.5946) size 450.4 MB sparsity 22.6%
gen 5 offspring [15/100] k= 80 (used  80.0) c=0.787 alpha=-0.120 beta=+0.143 | loss 2.9772 (delta +0.0918) size 586.1 MB sparsity 11.2%
gen 5 offspring [16/100] k= 91 (used  90.3) c=0.996 alpha=-0.154 beta=+0.411 | loss 3.1862 (delta +0.3008) size 557.6 MB sparsity 23.4%
gen 5 offspring [17/100] k= 71 (used  71.0) c=0.950 alpha=-0.053 beta=+0.186 | loss 2.9335 (delta +0.0481) size 586.1 MB sparsity 10.6%
gen 5 offspring [18/100] k= 60 (used  59.0) c=0.993 alpha=-0.093 beta=+0.119 | loss 2.9292 (delta +0.0438) size 541.4 MB sparsity 9.4%
gen 5 offspring [19/100] k= 26 (used  26.0) c=0.957 alpha=-0.323 beta=+0.111 | loss 3.2194 (delta +0.3340) size 493.9 MB sparsity 21.0%
gen 5 offspring [20/100] k= 42 (used  41.0) c=0.984 alpha=-0.055 beta=+0.052 | loss 2.9416 (delta +0.0562) size 541.4 MB sparsity 9.2%
gen 5 offspring [21/100] k= 32 (used  31.0) c=0.973 alpha=-0.118 beta=+0.045 | loss 2.9918 (delta +0.1064) size 496.7 MB sparsity 12.2%
gen 5 offspring [22/100] k= 32 (used  32.0) c=0.957 alpha=-0.418 beta=+0.117 | loss 3.2638 (delta +0.3784) size 489.4 MB sparsity 23.2%
gen 5 offspring [23/100] k= 15 (used  15.0) c=0.884 alpha=-0.053 beta=+0.131 | loss 3.5017 (delta +0.6163) size 450.3 MB sparsity 22.7%
gen 5 offspring [24/100] k=122 (used 122.0) c=0.877 alpha=-0.029 beta=+0.029 | loss 2.9063 (delta +0.0209) size 586.1 MB sparsity 2.9%
gen 5 offspring [25/100] k= 22 (used  22.0) c=0.951 alpha=-0.287 beta=+0.035 | loss 3.2855 (delta +0.4001) size 493.3 MB sparsity 21.2%
gen 5 offspring [26/100] k= 52 (used  52.0) c=0.879 alpha=-0.139 beta=+0.143 | loss 2.9556 (delta +0.0702) size 541.4 MB sparsity 12.2%
gen 5 offspring [27/100] k=215 (used 208.6) c=0.993 alpha=-0.431 beta=+0.452 | loss 3.7270 (delta +0.8416) size 546.9 MB sparsity 36.0%
gen 5 offspring [28/100] k= 31 (used  31.0) c=0.790 alpha=-0.110 beta=+0.046 | loss 3.0147 (delta +0.1294) size 496.7 MB sparsity 10.3%
gen 5 offspring [29/100] k= 42 (used  42.0) c=0.949 alpha=-0.054 beta=+0.054 | loss 2.9394 (delta +0.0540) size 541.4 MB sparsity 8.9%
gen 5 offspring [30/100] k= 16 (used  16.0) c=0.877 alpha=-0.106 beta=+0.066 | loss 3.4799 (delta +0.5946) size 450.4 MB sparsity 22.6%
gen 5 offspring [31/100] k= 22 (used  22.0) c=0.946 alpha=-0.053 beta=+0.163 | loss 3.1683 (delta +0.2829) size 495.5 MB sparsity 17.4%
gen 5 offspring [32/100] k=119 (used 119.0) c=0.980 alpha=-0.131 beta=+0.043 | loss 2.9043 (delta +0.0190) size 586.1 MB sparsity 7.6%
gen 5 offspring [33/100] k= 92 (used  92.0) c=0.959 alpha=-0.130 beta=+0.133 | loss 2.9165 (delta +0.0312) size 586.1 MB sparsity 11.2%
gen 5 offspring [34/100] k= 27 (used  27.0) c=0.871 alpha=-0.225 beta=+0.419 | loss 3.3401 (delta +0.4548) size 481.1 MB sparsity 26.9%
gen 5 offspring [35/100] k= 80 (used  80.0) c=0.899 alpha=-0.057 beta=+0.057 | loss 2.9077 (delta +0.0223) size 586.1 MB sparsity 5.3%
gen 5 offspring [36/100] k= 13 (used  13.0) c=0.904 alpha=-0.013 beta=+0.356 | loss 3.9309 (delta +1.0456) size 444.5 MB sparsity 29.1%
gen 5 offspring [37/100] k= 15 (used  15.0) c=0.891 alpha=-0.044 beta=+0.354 | loss 3.5898 (delta +0.7045) size 448.2 MB sparsity 26.8%
gen 5 offspring [38/100] k=108 (used 107.8) c=0.941 alpha=-0.202 beta=+0.153 | loss 2.9598 (delta +0.0744) size 583.7 MB sparsity 15.1%
gen 5 offspring [39/100] k=215 (used 215.0) c=0.985 alpha=-0.039 beta=+0.002 | loss 2.8898 (delta +0.0045) size 630.9 MB sparsity 2.6%
gen 5 offspring [40/100] k= 47 (used  47.0) c=0.921 alpha=-0.113 beta=+0.130 | loss 2.9515 (delta +0.0661) size 541.4 MB sparsity 10.8%
gen 5 offspring [41/100] k= 49 (used  48.9) c=0.877 alpha=-0.359 beta=+0.149 | loss 3.1548 (delta +0.2695) size 529.0 MB sparsity 21.3%
gen 5 offspring [42/100] k=102 (used 101.9) c=0.847 alpha=-0.184 beta=+0.027 | loss 2.9423 (delta +0.0569) size 586.1 MB sparsity 9.4%
gen 5 offspring [43/100] k= 42 (used  41.0) c=0.986 alpha=-0.395 beta=+0.142 | loss 3.2137 (delta +0.3284) size 525.5 MB sparsity 22.6%
gen 5 offspring [44/100] k= 43 (used  43.0) c=0.920 alpha=-0.056 beta=+0.039 | loss 2.9356 (delta +0.0502) size 541.4 MB sparsity 8.2%
gen 5 offspring [45/100] k=170 (used 165.4) c=0.947 alpha=-0.425 beta=+0.418 | loss 3.6004 (delta +0.7151) size 552.3 MB sparsity 34.5%
gen 5 offspring [46/100] k= 32 (used  32.0) c=0.952 alpha=-0.312 beta=+0.054 | loss 3.1051 (delta +0.2197) size 495.9 MB sparsity 19.0%
gen 5 offspring [47/100] k= 30 (used  30.0) c=0.957 alpha=-0.082 beta=+0.057 | loss 3.0197 (delta +0.1344) size 496.7 MB sparsity 12.7%
gen 5 offspring [48/100] k= 24 (used  23.0) c=0.989 alpha=-0.247 beta=+0.037 | loss 3.1899 (delta +0.3045) size 495.1 MB sparsity 19.2%
gen 5 offspring [49/100] k= 97 (used  97.0) c=0.883 alpha=-0.089 beta=+0.148 | loss 2.9214 (delta +0.0360) size 586.1 MB sparsity 10.2%
gen 5 offspring [50/100] k= 30 (used  30.0) c=0.814 alpha=-0.381 beta=+0.148 | loss 3.2404 (delta +0.3551) size 491.1 MB sparsity 22.5%
gen 5 offspring [51/100] k= 48 (used  48.0) c=0.840 alpha=-0.152 beta=+0.011 | loss 2.9576 (delta +0.0722) size 541.4 MB sparsity 10.0%
gen 5 offspring [52/100] k= 92 (used  91.0) c=0.998 alpha=-0.130 beta=+0.085 | loss 2.9121 (delta +0.0268) size 586.1 MB sparsity 9.3%
gen 5 offspring [53/100] k= 94 (used  93.0) c=0.994 alpha=-0.038 beta=+0.008 | loss 2.8969 (delta +0.0116) size 586.1 MB sparsity 4.1%
gen 5 offspring [54/100] k= 51 (used  51.0) c=0.995 alpha=-0.056 beta=+0.012 | loss 2.9459 (delta +0.0606) size 541.4 MB sparsity 7.5%
gen 5 offspring [55/100] k=101 (used 101.0) c=0.877 alpha=-0.149 beta=+0.051 | loss 2.9242 (delta +0.0389) size 586.1 MB sparsity 8.6%
gen 5 offspring [56/100] k= 80 (used  80.0) c=0.848 alpha=-0.187 beta=+0.054 | loss 2.9487 (delta +0.0633) size 586.1 MB sparsity 10.4%
gen 5 offspring [57/100] k= 56 (used  54.8) c=0.996 alpha=-0.456 beta=+0.012 | loss 10.6444 (delta +7.7591) size 527.2 MB sparsity 22.0%
gen 5 offspring [58/100] k= 15 (used  15.0) c=0.914 alpha=-0.052 beta=+0.354 | loss 3.6291 (delta +0.7438) size 447.8 MB sparsity 27.1%
gen 5 offspring [59/100] k= 31 (used  31.0) c=0.940 alpha=-0.046 beta=+0.002 | loss 2.9840 (delta +0.0987) size 496.7 MB sparsity 11.7%
gen 5 offspring [60/100] k= 30 (used  29.0) c=0.998 alpha=-0.111 beta=+0.055 | loss 3.0221 (delta +0.1367) size 496.7 MB sparsity 13.2%
gen 5 offspring [61/100] k= 22 (used  21.0) c=0.960 alpha=-0.053 beta=+0.056 | loss 3.1785 (delta +0.2931) size 495.3 MB sparsity 17.6%
gen 5 offspring [62/100] k=215 (used 214.9) c=0.992 alpha=-0.043 beta=+0.104 | loss 2.8939 (delta +0.0085) size 630.9 MB sparsity 6.3%
gen 5 offspring [63/100] k=229 (used 228.9) c=0.939 alpha=-0.040 beta=+0.085 | loss 2.8949 (delta +0.0095) size 630.9 MB sparsity 5.3%
gen 5 offspring [64/100] k= 45 (used  44.8) c=0.871 alpha=-0.300 beta=+0.477 | loss 3.5244 (delta +0.6390) size 500.8 MB sparsity 31.8%
gen 5 offspring [65/100] k= 50 (used  49.6) c=0.864 alpha=-0.442 beta=+0.423 | loss 3.7025 (delta +0.8172) size 491.5 MB sparsity 35.3%
gen 5 offspring [66/100] k= 21 (used  21.0) c=0.960 alpha=-0.008 beta=+0.114 | loss 3.1752 (delta +0.2899) size 495.3 MB sparsity 17.6%
gen 5 offspring [67/100] k= 18 (used  18.0) c=0.738 alpha=-0.173 beta=+0.049 | loss 3.2977 (delta +0.4123) size 495.7 MB sparsity 17.2%
gen 5 offspring [68/100] k=202 (used 202.0) c=0.930 alpha=-0.040 beta=+0.054 | loss 2.8931 (delta +0.0077) size 630.9 MB sparsity 4.0%
gen 5 offspring [69/100] k= 24 (used  24.0) c=0.941 alpha=-0.111 beta=+0.053 | loss 3.0903 (delta +0.2049) size 496.2 MB sparsity 15.7%
gen 5 offspring [70/100] k= 79 (used  77.6) c=0.866 alpha=-0.410 beta=+0.425 | loss 3.6078 (delta +0.7224) size 524.0 MB sparsity 34.1%
gen 5 offspring [71/100] k= 31 (used  31.0) c=0.800 alpha=-0.415 beta=+0.432 | loss 3.8512 (delta +0.9658) size 464.0 MB sparsity 34.6%
gen 5 offspring [72/100] k= 38 (used  37.0) c=0.991 alpha=-0.405 beta=+0.437 | loss 3.6888 (delta +0.8035) size 493.7 MB sparsity 34.5%
gen 5 offspring [73/100] k= 22 (used  22.0) c=0.749 alpha=-0.134 beta=+0.109 | loss 3.1555 (delta +0.2702) size 496.6 MB sparsity 14.0%
gen 5 offspring [74/100] k= 30 (used  30.0) c=0.869 alpha=-0.415 beta=+0.148 | loss 3.2605 (delta +0.3751) size 488.0 MB sparsity 23.9%
gen 5 offspring [75/100] k= 24 (used  24.0) c=0.815 alpha=-0.129 beta=+0.148 | loss 3.0880 (delta +0.2026) size 496.6 MB sparsity 14.2%
gen 5 offspring [76/100] k= 17 (used  17.0) c=0.851 alpha=-0.210 beta=+0.022 | loss 3.2830 (delta +0.3976) size 461.0 MB sparsity 19.9%
gen 5 offspring [77/100] k= 54 (used  53.0) c=0.996 alpha=-0.039 beta=+0.012 | loss 2.9244 (delta +0.0390) size 541.4 MB sparsity 7.2%
gen 5 offspring [78/100] k=167 (used 166.9) c=0.966 alpha=-0.114 beta=+0.111 | loss 2.9063 (delta +0.0210) size 630.9 MB sparsity 9.6%
gen 5 offspring [79/100] k=238 (used 238.0) c=0.949 alpha=-0.040 beta=+0.073 | loss 2.8926 (delta +0.0072) size 630.9 MB sparsity 4.8%
gen 5 offspring [80/100] k= 53 (used  53.0) c=0.938 alpha=-0.182 beta=+0.173 | loss 2.9791 (delta +0.0938) size 541.3 MB sparsity 15.2%
gen 5 offspring [81/100] k= 31 (used  31.0) c=0.929 alpha=-0.040 beta=+0.055 | loss 2.9783 (delta +0.0929) size 496.7 MB sparsity 11.5%
gen 5 offspring [82/100] k= 18 (used  18.0) c=0.746 alpha=-0.051 beta=+0.109 | loss 3.3039 (delta +0.4185) size 495.6 MB sparsity 17.1%
gen 5 offspring [83/100] k= 44 (used  43.0) c=0.998 alpha=-0.143 beta=+0.092 | loss 2.9466 (delta +0.0613) size 541.4 MB sparsity 11.0%
gen 5 offspring [84/100] k= 28 (used  28.0) c=0.960 alpha=-0.003 beta=+0.432 | loss 3.3427 (delta +0.4574) size 486.6 MB sparsity 24.5%
gen 5 offspring [85/100] k= 19 (used  19.0) c=0.878 alpha=-0.012 beta=+0.083 | loss 3.2243 (delta +0.3389) size 495.2 MB sparsity 17.8%
gen 5 offspring [86/100] k= 22 (used  22.0) c=0.758 alpha=-0.037 beta=+0.141 | loss 3.1491 (delta +0.2638) size 496.6 MB sparsity 14.2%
gen 5 offspring [87/100] k=132 (used 132.0) c=0.865 alpha=-0.005 beta=+0.001 | loss 2.9079 (delta +0.0225) size 630.9 MB sparsity 2.5%
gen 5 offspring [88/100] k= 52 (used  52.0) c=0.869 alpha=-0.030 beta=+0.049 | loss 2.9357 (delta +0.0504) size 541.4 MB sparsity 6.5%
gen 5 offspring [89/100] k= 43 (used  43.0) c=0.843 alpha=-0.055 beta=+0.038 | loss 2.9605 (delta +0.0752) size 541.4 MB sparsity 7.5%
gen 5 offspring [90/100] k= 31 (used  31.0) c=0.945 alpha=-0.046 beta=+0.144 | loss 2.9844 (delta +0.0991) size 496.7 MB sparsity 12.6%
gen 5 offspring [91/100] k=150 (used 150.0) c=0.960 alpha=-0.098 beta=+0.110 | loss 2.9034 (delta +0.0181) size 630.9 MB sparsity 8.9%
gen 5 offspring [92/100] k=215 (used 214.7) c=0.993 alpha=-0.124 beta=+0.000 | loss 2.8983 (delta +0.0130) size 630.9 MB sparsity 6.2%
gen 5 offspring [93/100] k= 38 (used  38.0) c=0.880 alpha=-0.045 beta=+0.431 | loss 3.3318 (delta +0.4464) size 526.7 MB sparsity 22.2%
gen 5 offspring [94/100] k=153 (used 153.0) c=0.952 alpha=-0.053 beta=+0.050 | loss 2.8941 (delta +0.0087) size 630.9 MB sparsity 4.5%
gen 5 offspring [95/100] k= 38 (used  37.0) c=0.987 alpha=-0.109 beta=+0.105 | loss 2.9690 (delta +0.0836) size 541.4 MB sparsity 10.8%
gen 5 offspring [96/100] k= 19 (used  19.0) c=0.957 alpha=-0.404 beta=+0.029 | loss 3.5236 (delta +0.6383) size 482.1 MB sparsity 26.5%
gen 5 offspring [97/100] k= 80 (used  80.0) c=0.872 alpha=-0.067 beta=+0.054 | loss 2.9146 (delta +0.0292) size 586.1 MB sparsity 5.5%
gen 5 offspring [98/100] k=215 (used 215.0) c=0.923 alpha=-0.064 beta=+0.043 | loss 2.8957 (delta +0.0103) size 630.9 MB sparsity 4.6%
gen 5 offspring [99/100] k= 59 (used  58.0) c=0.779 alpha=-0.425 beta=+0.427 | loss 3.8339 (delta +0.9486) size 492.8 MB sparsity 34.8%
gen 5 offspring [100/100] k= 27 (used  27.0) c=0.918 alpha=-0.014 beta=+0.063 | loss 3.0230 (delta +0.1376) size 496.7 MB sparsity 13.1%
=== generation 5/50 done in 448s (0 reused), batch baseline 2.8854, HV 0.21614, front 47 points, 100/100 feasible, best delta loss +0.0024, smallest 447.8 MB
gen 6 offspring [1/100] k=230 (used 229.9) c=0.980 alpha=-0.023 beta=+0.074 | loss 2.8926 (delta +0.0073) size 630.9 MB sparsity 4.2%
gen 6 offspring [2/100] k= 30 (used  29.0) c=0.966 alpha=-0.111 beta=+0.061 | loss 3.0100 (delta +0.1246) size 496.7 MB sparsity 12.8%
gen 6 offspring [3/100] k= 58 (used  57.0) c=0.993 alpha=-0.040 beta=+0.110 | loss 2.9243 (delta +0.0390) size 541.4 MB sparsity 8.2%
gen 6 offspring [4/100] k= 52 (used  52.0) c=0.868 alpha=-0.039 beta=+0.094 | loss 2.9348 (delta +0.0494) size 541.4 MB sparsity 7.5%
gen 6 offspring [5/100] k= 30 (used  30.0) c=0.847 alpha=-0.347 beta=+0.148 | loss 3.1582 (delta +0.2728) size 493.8 MB sparsity 21.3%
gen 6 offspring [6/100] k=  3 (used   3.0) c=0.960 alpha=-0.045 beta=+0.432 | loss 15.9779 (delta +13.0925) size 320.8 MB sparsity 93.1%
gen 6 offspring [7/100] k= 15 (used  15.0) c=0.839 alpha=-0.297 beta=+0.022 | loss 3.5582 (delta +0.6729) size 450.3 MB sparsity 24.1%
gen 6 offspring [8/100] k= 53 (used  52.9) c=0.943 alpha=-0.273 beta=+0.408 | loss 3.3123 (delta +0.4269) size 510.6 MB sparsity 28.1%
gen 6 offspring [9/100] k= 28 (used  28.0) c=0.872 alpha=-0.040 beta=+0.056 | loss 3.0143 (delta +0.1289) size 496.7 MB sparsity 12.5%
gen 6 offspring [10/100] k= 27 (used  27.0) c=0.874 alpha=-0.041 beta=+0.155 | loss 3.0166 (delta +0.1312) size 496.7 MB sparsity 13.5%
gen 6 offspring [11/100] k= 30 (used  29.0) c=0.990 alpha=-0.402 beta=+0.150 | loss 3.2543 (delta +0.3690) size 488.3 MB sparsity 23.7%
gen 6 offspring [12/100] k= 85 (used  85.0) c=0.995 alpha=-0.182 beta=+0.161 | loss 2.9603 (delta +0.0750) size 585.0 MB sparsity 14.6%
gen 6 offspring [13/100] k=  4 (used   3.0) c=0.848 alpha=-0.072 beta=+0.143 | loss 16.4869 (delta +13.6016) size 322.3 MB sparsity 89.8%
gen 6 offspring [14/100] k= 43 (used  43.0) c=0.984 alpha=-0.055 beta=+0.124 | loss 2.9438 (delta +0.0585) size 541.4 MB sparsity 10.0%
gen 6 offspring [15/100] k= 15 (used  15.0) c=0.915 alpha=-0.052 beta=+0.341 | loss 3.6027 (delta +0.7174) size 448.3 MB sparsity 26.7%
gen 6 offspring [16/100] k= 27 (used  27.0) c=0.941 alpha=-0.111 beta=+0.111 | loss 3.0389 (delta +0.1535) size 496.6 MB sparsity 13.4%
gen 6 offspring [17/100] k=215 (used 215.0) c=0.989 alpha=-0.023 beta=+0.005 | loss 2.8890 (delta +0.0037) size 630.9 MB sparsity 2.0%
gen 6 offspring [18/100] k= 34 (used  34.0) c=0.949 alpha=-0.054 beta=+0.055 | loss 2.9752 (delta +0.0899) size 541.4 MB sparsity 11.0%
gen 6 offspring [19/100] k= 19 (used  19.0) c=0.991 alpha=-0.015 beta=+0.017 | loss 3.2969 (delta +0.4116) size 493.4 MB sparsity 20.0%
gen 6 offspring [20/100] k= 22 (used  21.0) c=0.998 alpha=-0.020 beta=+0.004 | loss 3.2058 (delta +0.3204) size 494.9 MB sparsity 18.2%
gen 6 offspring [21/100] k=101 (used 101.0) c=0.958 alpha=-0.150 beta=+0.067 | loss 2.9135 (delta +0.0282) size 586.1 MB sparsity 9.3%
gen 6 offspring [22/100] k= 30 (used  30.0) c=0.816 alpha=-0.381 beta=+0.347 | loss 3.4795 (delta +0.5942) size 474.0 MB sparsity 30.1%
gen 6 offspring [23/100] k=161 (used 160.9) c=0.938 alpha=-0.111 beta=+0.111 | loss 2.9078 (delta +0.0225) size 630.9 MB sparsity 9.4%
gen 6 offspring [24/100] k= 51 (used  51.0) c=0.995 alpha=-0.102 beta=+0.014 | loss 2.9306 (delta +0.0453) size 541.4 MB sparsity 8.4%
gen 6 offspring [25/100] k= 27 (used  27.0) c=0.960 alpha=-0.003 beta=+0.419 | loss 3.3224 (delta +0.4370) size 487.6 MB sparsity 24.0%
gen 6 offspring [26/100] k= 31 (used  31.0) c=0.947 alpha=-0.404 beta=+0.029 | loss 3.2150 (delta +0.3297) size 491.2 MB sparsity 22.5%
gen 6 offspring [27/100] k= 35 (used  35.0) c=0.973 alpha=-0.022 beta=+0.120 | loss 2.9707 (delta +0.0853) size 541.4 MB sparsity 11.1%
gen 6 offspring [28/100] k=  3 (used   3.0) c=0.962 alpha=-0.052 beta=+0.353 | loss 16.0647 (delta +13.1794) size 320.8 MB sparsity 93.1%
gen 6 offspring [29/100] k= 28 (used  28.0) c=0.930 alpha=-0.030 beta=+0.055 | loss 3.0271 (delta +0.1418) size 496.7 MB sparsity 13.3%
gen 6 offspring [30/100] k= 51 (used  50.9) c=0.915 alpha=-0.052 beta=+0.361 | loss 3.1414 (delta +0.2560) size 536.9 MB sparsity 18.3%
gen 6 offspring [31/100] k= 32 (used  32.0) c=0.941 alpha=-0.312 beta=+0.054 | loss 3.0981 (delta +0.2127) size 496.0 MB sparsity 18.9%
gen 6 offspring [32/100] k=205 (used 204.5) c=0.993 alpha=-0.053 beta=+0.159 | loss 2.9095 (delta +0.0242) size 630.9 MB sparsity 9.0%
gen 6 offspring [33/100] k= 30 (used  30.0) c=0.812 alpha=-0.381 beta=+0.145 | loss 3.2436 (delta +0.3583) size 491.4 MB sparsity 22.4%
gen 6 offspring [34/100] k= 28 (used  28.0) c=0.960 alpha=-0.039 beta=+0.053 | loss 3.0690 (delta +0.1836) size 496.6 MB sparsity 13.7%
gen 6 offspring [35/100] k= 22 (used  22.0) c=0.806 alpha=-0.100 beta=+0.056 | loss 3.1267 (delta +0.2414) size 496.5 MB sparsity 14.9%
gen 6 offspring [36/100] k= 98 (used  97.9) c=0.892 alpha=-0.123 beta=+0.187 | loss 2.9467 (delta +0.0614) size 586.0 MB sparsity 13.2%
gen 6 offspring [37/100] k=105 (used 104.4) c=0.957 alpha=-0.323 beta=+0.053 | loss 3.0229 (delta +0.1376) size 581.4 MB sparsity 15.8%
gen 6 offspring [38/100] k=236 (used 236.0) c=0.917 alpha=-0.036 beta=+0.012 | loss 2.8933 (delta +0.0080) size 630.9 MB sparsity 2.3%
gen 6 offspring [39/100] k= 17 (used  17.0) c=0.857 alpha=-0.211 beta=+0.022 | loss 3.2903 (delta +0.4049) size 460.8 MB sparsity 20.0%
gen 6 offspring [40/100] k= 28 (used  28.0) c=0.858 alpha=-0.427 beta=+0.142 | loss 3.3568 (delta +0.4714) size 487.1 MB sparsity 24.3%
gen 6 offspring [41/100] k= 37 (used  37.0) c=0.875 alpha=-0.040 beta=+0.029 | loss 2.9560 (delta +0.0707) size 541.4 MB sparsity 9.1%
gen 6 offspring [42/100] k= 16 (used  16.0) c=0.879 alpha=-0.010 beta=+0.148 | loss 3.4934 (delta +0.6080) size 450.4 MB sparsity 22.6%
gen 6 offspring [43/100] k= 34 (used  34.0) c=0.951 alpha=-0.055 beta=+0.131 | loss 2.9749 (delta +0.0896) size 541.4 MB sparsity 11.7%
gen 6 offspring [44/100] k= 54 (used  54.0) c=0.876 alpha=-0.173 beta=+0.173 | loss 2.9904 (delta +0.1051) size 541.3 MB sparsity 14.8%
gen 6 offspring [45/100] k= 54 (used  53.0) c=0.996 alpha=-0.039 beta=+0.012 | loss 2.9241 (delta +0.0388) size 541.4 MB sparsity 7.2%
gen 6 offspring [46/100] k=215 (used 215.0) c=0.981 alpha=-0.039 beta=+0.043 | loss 2.8894 (delta +0.0040) size 630.9 MB sparsity 3.5%
gen 6 offspring [47/100] k= 76 (used  75.3) c=0.867 alpha=-0.225 beta=+0.419 | loss 3.2580 (delta +0.3726) size 547.6 MB sparsity 26.6%
gen 6 offspring [48/100] k=101 (used 100.9) c=0.877 alpha=-0.148 beta=+0.148 | loss 2.9402 (delta +0.0549) size 586.1 MB sparsity 12.6%
gen 6 offspring [49/100] k= 28 (used  27.0) c=0.998 alpha=-0.106 beta=+0.180 | loss 3.0518 (delta +0.1665) size 496.6 MB sparsity 15.4%
gen 6 offspring [50/100] k=119 (used 119.0) c=0.999 alpha=-0.132 beta=+0.043 | loss 2.9052 (delta +0.0199) size 586.1 MB sparsity 7.6%
gen 6 offspring [51/100] k= 24 (used  24.0) c=0.941 alpha=-0.046 beta=+0.146 | loss 3.0890 (delta +0.2036) size 496.2 MB sparsity 15.8%
gen 6 offspring [52/100] k=147 (used 147.0) c=0.919 alpha=-0.008 beta=+0.009 | loss 2.8968 (delta +0.0115) size 630.9 MB sparsity 2.4%
gen 6 offspring [53/100] k= 91 (used  91.0) c=0.994 alpha=-0.030 beta=+0.005 | loss 2.9081 (delta +0.0228) size 586.1 MB sparsity 4.2%
gen 6 offspring [54/100] k= 32 (used  32.0) c=0.964 alpha=-0.418 beta=+0.394 | loss 3.6885 (delta +0.8031) size 466.8 MB sparsity 33.4%
gen 6 offspring [55/100] k= 64 (used  64.0) c=0.940 alpha=-0.005 beta=+0.002 | loss 2.9166 (delta +0.0313) size 541.4 MB sparsity 5.7%
gen 6 offspring [56/100] k=219 (used 219.0) c=0.987 alpha=-0.038 beta=+0.000 | loss 2.8890 (delta +0.0036) size 630.9 MB sparsity 2.5%
gen 6 offspring [57/100] k= 28 (used  28.0) c=0.799 alpha=-0.179 beta=+0.197 | loss 3.0762 (delta +0.1909) size 496.6 MB sparsity 16.6%
gen 6 offspring [58/100] k= 15 (used  15.0) c=0.913 alpha=-0.052 beta=+0.353 | loss 3.6300 (delta +0.7446) size 447.9 MB sparsity 27.0%
gen 6 offspring [59/100] k= 38 (used  37.9) c=0.869 alpha=-0.400 beta=+0.430 | loss 3.6465 (delta +0.7611) size 494.9 MB sparsity 34.0%
gen 6 offspring [60/100] k= 42 (used  42.0) c=0.824 alpha=-0.057 beta=+0.148 | loss 2.9780 (delta +0.0926) size 541.4 MB sparsity 10.3%
gen 6 offspring [61/100] k= 28 (used  28.0) c=0.939 alpha=-0.041 beta=+0.009 | loss 3.0324 (delta +0.1471) size 496.7 MB sparsity 13.4%
gen 6 offspring [62/100] k=110 (used 109.9) c=0.967 alpha=-0.201 beta=+0.128 | loss 2.9440 (delta +0.0587) size 585.8 MB sparsity 14.0%
gen 6 offspring [63/100] k= 14 (used  14.0) c=0.884 alpha=-0.053 beta=+0.059 | loss 3.7409 (delta +0.8556) size 447.8 MB sparsity 26.2%
gen 6 offspring [64/100] k= 32 (used  32.0) c=0.952 alpha=-0.312 beta=+0.068 | loss 3.1051 (delta +0.2197) size 495.9 MB sparsity 19.0%
gen 6 offspring [65/100] k= 16 (used  16.0) c=0.869 alpha=-0.064 beta=+0.036 | loss 3.4341 (delta +0.5487) size 450.5 MB sparsity 22.4%
gen 6 offspring [66/100] k= 11 (used  11.0) c=0.869 alpha=-0.415 beta=+0.148 | loss 4.3644 (delta +1.4790) size 437.1 MB sparsity 33.3%
gen 6 offspring [67/100] k=101 (used 101.0) c=0.879 alpha=-0.039 beta=+0.157 | loss 2.9249 (delta +0.0395) size 586.1 MB sparsity 8.5%
gen 6 offspring [68/100] k= 55 (used  55.0) c=0.996 alpha=-0.039 beta=+0.012 | loss 2.9206 (delta +0.0352) size 541.4 MB sparsity 6.9%
gen 6 offspring [69/100] k= 27 (used  27.0) c=0.960 alpha=-0.398 beta=+0.435 | loss 3.7056 (delta +0.8202) size 464.9 MB sparsity 34.2%
gen 6 offspring [70/100] k= 31 (used  31.0) c=0.969 alpha=-0.054 beta=+0.458 | loss 3.3931 (delta +0.5078) size 486.3 MB sparsity 24.6%
gen 6 offspring [71/100] k= 13 (used  13.0) c=0.877 alpha=-0.142 beta=+0.148 | loss 3.7115 (delta +0.8262) size 448.0 MB sparsity 26.0%
gen 6 offspring [72/100] k= 15 (used  15.0) c=0.913 alpha=-0.024 beta=+0.156 | loss 3.5543 (delta +0.6690) size 449.9 MB sparsity 23.4%
gen 6 offspring [73/100] k= 27 (used  27.0) c=0.871 alpha=-0.199 beta=+0.438 | loss 3.3529 (delta +0.4676) size 481.7 MB sparsity 26.7%
gen 6 offspring [74/100] k= 19 (used  19.0) c=0.950 alpha=-0.055 beta=+0.045 | loss 3.2338 (delta +0.3485) size 494.1 MB sparsity 19.2%
gen 6 offspring [75/100] k= 18 (used  18.0) c=0.800 alpha=-0.415 beta=+0.432 | loss 4.0986 (delta +1.2133) size 463.1 MB sparsity 35.0%
gen 6 offspring [76/100] k= 27 (used  27.0) c=0.999 alpha=-0.116 beta=+0.434 | loss 3.3437 (delta +0.4584) size 485.8 MB sparsity 24.9%
gen 6 offspring [77/100] k= 32 (used  32.0) c=0.915 alpha=-0.418 beta=+0.420 | loss 3.6448 (delta +0.7595) size 464.6 MB sparsity 34.3%
gen 6 offspring [78/100] k= 52 (used  52.0) c=0.869 alpha=-0.040 beta=+0.049 | loss 2.9357 (delta +0.0504) size 541.4 MB sparsity 6.5%
gen 6 offspring [79/100] k= 15 (used  15.0) c=0.995 alpha=-0.056 beta=+0.009 | loss 3.6384 (delta +0.7530) size 448.5 MB sparsity 25.4%
gen 6 offspring [80/100] k= 30 (used  30.0) c=0.819 alpha=-0.368 beta=+0.190 | loss 3.2729 (delta +0.3876) size 488.7 MB sparsity 23.6%
gen 6 offspring [81/100] k= 22 (used  22.0) c=0.946 alpha=-0.037 beta=+0.007 | loss 3.1668 (delta +0.2814) size 495.5 MB sparsity 17.3%
gen 6 offspring [82/100] k= 14 (used  14.0) c=0.893 alpha=-0.044 beta=+0.358 | loss 3.8481 (delta +0.9628) size 444.7 MB sparsity 29.0%
gen 6 offspring [83/100] k=202 (used 198.9) c=0.930 alpha=-0.004 beta=+0.433 | loss 3.4282 (delta +0.5428) size 609.3 MB sparsity 18.5%
gen 6 offspring [84/100] k= 23 (used  23.0) c=0.945 alpha=-0.046 beta=+0.111 | loss 3.0873 (delta +0.2020) size 496.2 MB sparsity 15.8%
gen 6 offspring [85/100] k= 15 (used  15.0) c=0.980 alpha=-0.015 beta=+0.364 | loss 3.7314 (delta +0.8461) size 445.9 MB sparsity 28.4%
gen 6 offspring [86/100] k= 24 (used  23.0) c=0.992 alpha=-0.042 beta=+0.042 | loss 3.1109 (delta +0.2256) size 495.9 MB sparsity 16.6%
gen 6 offspring [87/100] k= 27 (used  27.0) c=0.995 alpha=-0.001 beta=+0.036 | loss 3.0376 (delta +0.1523) size 496.6 MB sparsity 14.1%
gen 6 offspring [88/100] k= 16 (used  16.0) c=0.879 alpha=-0.210 beta=+0.142 | loss 3.4930 (delta +0.6077) size 450.4 MB sparsity 22.7%
gen 6 offspring [89/100] k= 95 (used  94.2) c=0.967 alpha=-0.142 beta=+0.418 | loss 3.1828 (delta +0.2974) size 558.4 MB sparsity 23.1%
gen 6 offspring [90/100] k=115 (used 115.0) c=0.930 alpha=-0.003 beta=+0.055 | loss 2.8984 (delta +0.0131) size 586.1 MB sparsity 4.0%
gen 6 offspring [91/100] k= 21 (used  21.0) c=0.971 alpha=-0.147 beta=+0.114 | loss 3.2045 (delta +0.3192) size 495.2 MB sparsity 17.8%
gen 6 offspring [92/100] k= 15 (used  15.0) c=0.883 alpha=-0.024 beta=+0.055 | loss 3.5040 (delta +0.6186) size 450.3 MB sparsity 22.7%
gen 6 offspring [93/100] k= 29 (used  29.0) c=0.955 alpha=-0.347 beta=+0.110 | loss 3.1817 (delta +0.2964) size 494.3 MB sparsity 20.8%
gen 6 offspring [94/100] k= 44 (used  43.0) c=0.998 alpha=-0.143 beta=+0.092 | loss 2.9472 (delta +0.0619) size 541.4 MB sparsity 11.0%
gen 6 offspring [95/100] k= 32 (used  32.0) c=0.907 alpha=-0.036 beta=+0.089 | loss 2.9763 (delta +0.0909) size 496.7 MB sparsity 11.3%
gen 6 offspring [96/100] k=142 (used 142.0) c=0.960 alpha=-0.099 beta=+0.110 | loss 2.9052 (delta +0.0199) size 630.9 MB sparsity 9.0%
gen 6 offspring [97/100] k= 16 (used  16.0) c=0.873 alpha=-0.042 beta=+0.013 | loss 3.4579 (delta +0.5725) size 450.5 MB sparsity 22.5%
gen 6 offspring [98/100] k= 10 (used  10.0) c=0.877 alpha=-0.020 beta=+0.068 | loss 5.6335 (delta +2.7482) size 429.9 MB sparsity 37.3%
gen 6 offspring [99/100] k= 74 (used  73.5) c=0.967 alpha=-0.423 beta=+0.128 | loss 3.2245 (delta +0.3391) size 559.5 MB sparsity 22.8%
gen 6 offspring [100/100] k=145 (used 144.8) c=0.980 alpha=-0.132 beta=+0.146 | loss 2.9190 (delta +0.0336) size 630.7 MB sparsity 11.8%
=== generation 6/50 done in 448s (0 reused), batch baseline 2.8854, HV 0.21879, front 66 points, 100/100 feasible, best delta loss +0.0024, smallest 444.7 MB
gen 7 offspring [1/100] k=142 (used 142.0) c=0.919 alpha=-0.008 beta=+0.005 | loss 2.8952 (delta +0.0099) size 630.9 MB sparsity 2.5%
gen 7 offspring [2/100] k= 16 (used  16.0) c=0.869 alpha=-0.064 beta=+0.035 | loss 3.4341 (delta +0.5487) size 450.5 MB sparsity 22.4%
gen 7 offspring [3/100] k= 99 (used  99.0) c=0.979 alpha=-0.142 beta=+0.128 | loss 2.9231 (delta +0.0378) size 586.1 MB sparsity 11.5%
gen 7 offspring [4/100] k= 91 (used  90.9) c=0.816 alpha=-0.030 beta=+0.205 | loss 2.9750 (delta +0.0897) size 586.1 MB sparsity 10.4%
gen 7 offspring [5/100] k= 24 (used  23.0) c=0.995 alpha=-0.042 beta=+0.094 | loss 3.1123 (delta +0.2270) size 495.8 MB sparsity 16.6%
gen 7 offspring [6/100] k=215 (used 215.0) c=0.989 alpha=-0.039 beta=+0.043 | loss 2.8890 (delta +0.0036) size 630.9 MB sparsity 3.6%
gen 7 offspring [7/100] k= 64 (used  64.0) c=0.939 alpha=-0.013 beta=+0.002 | loss 2.9165 (delta +0.0312) size 541.4 MB sparsity 5.7%
gen 7 offspring [8/100] k= 15 (used  15.0) c=0.891 alpha=-0.044 beta=+0.008 | loss 3.5086 (delta +0.6233) size 450.2 MB sparsity 22.9%
gen 7 offspring [9/100] k= 16 (used  16.0) c=0.873 alpha=-0.042 beta=+0.013 | loss 3.4624 (delta +0.5770) size 450.5 MB sparsity 22.5%
gen 7 offspring [10/100] k=106 (used 106.0) c=0.817 alpha=-0.038 beta=+0.040 | loss 2.9250 (delta +0.0397) size 586.1 MB sparsity 3.6%
gen 7 offspring [11/100] k= 58 (used  57.0) c=0.993 alpha=-0.040 beta=+0.052 | loss 2.9256 (delta +0.0402) size 541.4 MB sparsity 6.7%
gen 7 offspring [12/100] k= 28 (used  27.0) c=0.998 alpha=-0.106 beta=+0.158 | loss 3.0417 (delta +0.1563) size 496.6 MB sparsity 14.8%
gen 7 offspring [13/100] k=147 (used 147.0) c=0.919 alpha=-0.008 beta=+0.012 | loss 2.8968 (delta +0.0115) size 630.9 MB sparsity 2.4%
gen 7 offspring [14/100] k= 30 (used  30.0) c=0.844 alpha=-0.046 beta=+0.146 | loss 2.9913 (delta +0.1059) size 496.7 MB sparsity 12.4%
gen 7 offspring [15/100] k= 32 (used  32.0) c=0.937 alpha=-0.405 beta=+0.023 | loss 3.2226 (delta +0.3372) size 491.2 MB sparsity 22.4%
gen 7 offspring [16/100] k= 16 (used  16.0) c=0.874 alpha=-0.107 beta=+0.168 | loss 3.4567 (delta +0.5713) size 450.5 MB sparsity 22.5%
gen 7 offspring [17/100] k= 27 (used  27.0) c=0.946 alpha=-0.111 beta=+0.111 | loss 3.0483 (delta +0.1629) size 496.6 MB sparsity 13.5%
gen 7 offspring [18/100] k= 18 (used  17.0) c=0.980 alpha=-0.107 beta=+0.059 | loss 3.4114 (delta +0.5260) size 457.1 MB sparsity 22.1%
gen 7 offspring [19/100] k= 30 (used  30.0) c=0.877 alpha=-0.347 beta=+0.151 | loss 3.1566 (delta +0.2713) size 493.5 MB sparsity 21.4%
gen 7 offspring [20/100] k= 53 (used  53.0) c=0.938 alpha=-0.182 beta=+0.173 | loss 2.9787 (delta +0.0933) size 541.3 MB sparsity 15.2%
gen 7 offspring [21/100] k= 15 (used  15.0) c=0.915 alpha=-0.052 beta=+0.131 | loss 3.5497 (delta +0.6643) size 449.9 MB sparsity 23.5%
gen 7 offspring [22/100] k= 15 (used  15.0) c=0.857 alpha=-0.211 beta=+0.022 | loss 3.4357 (delta +0.5504) size 450.6 MB sparsity 22.2%
gen 7 offspring [23/100] k= 29 (used  29.0) c=0.962 alpha=-0.133 beta=+0.039 | loss 3.0136 (delta +0.1282) size 496.7 MB sparsity 13.0%
gen 7 offspring [24/100] k= 15 (used  15.0) c=0.915 alpha=-0.052 beta=+0.354 | loss 3.6221 (delta +0.7368) size 447.8 MB sparsity 27.1%
gen 7 offspring [25/100] k= 27 (used  27.0) c=0.871 alpha=-0.225 beta=+0.153 | loss 3.0611 (delta +0.1757) size 496.6 MB sparsity 16.9%
gen 7 offspring [26/100] k=  5 (used   5.0) c=0.930 alpha=-0.024 beta=+0.061 | loss 15.1059 (delta +12.2205) size 347.7 MB sparsity 66.5%
gen 7 offspring [27/100] k= 32 (used  32.0) c=0.908 alpha=-0.036 beta=+0.123 | loss 2.9773 (delta +0.0919) size 496.7 MB sparsity 11.7%
gen 7 offspring [28/100] k= 23 (used  23.0) c=0.957 alpha=-0.003 beta=+0.117 | loss 3.0928 (delta +0.2074) size 496.1 MB sparsity 16.0%
gen 7 offspring [29/100] k= 75 (used  75.0) c=0.941 alpha=-0.005 beta=+0.004 | loss 2.9081 (delta +0.0228) size 586.1 MB sparsity 4.8%
gen 7 offspring [30/100] k=215 (used 215.0) c=0.993 alpha=-0.039 beta=+0.043 | loss 2.8882 (delta +0.0028) size 630.9 MB sparsity 3.6%
gen 7 offspring [31/100] k=215 (used 214.2) c=0.958 alpha=-0.039 beta=+0.183 | loss 2.9224 (delta +0.0370) size 630.9 MB sparsity 9.4%
gen 7 offspring [32/100] k= 53 (used  52.9) c=0.813 alpha=-0.111 beta=+0.353 | loss 3.1600 (delta +0.2747) size 533.9 MB sparsity 19.5%
gen 7 offspring [33/100] k= 29 (used  29.0) c=0.979 alpha=-0.008 beta=+0.360 | loss 3.1705 (delta +0.2851) size 493.3 MB sparsity 21.4%
gen 7 offspring [34/100] k= 22 (used  22.0) c=0.919 alpha=-0.008 beta=+0.005 | loss 3.1311 (delta +0.2457) size 495.7 MB sparsity 16.9%
gen 7 offspring [35/100] k=107 (used 107.0) c=0.973 alpha=-0.042 beta=+0.048 | loss 2.8957 (delta +0.0103) size 586.1 MB sparsity 4.2%
gen 7 offspring [36/100] k= 24 (used  24.0) c=0.911 alpha=-0.173 beta=+0.154 | loss 3.0745 (delta +0.1891) size 496.4 MB sparsity 16.2%
gen 7 offspring [37/100] k= 13 (used  13.0) c=0.893 alpha=-0.005 beta=+0.358 | loss 3.8568 (delta +0.9714) size 444.7 MB sparsity 29.0%
gen 7 offspring [38/100] k= 15 (used  15.0) c=0.887 alpha=-0.072 beta=+0.354 | loss 3.5745 (delta +0.6891) size 448.3 MB sparsity 26.7%
gen 7 offspring [39/100] k= 15 (used  15.0) c=0.839 alpha=-0.305 beta=+0.408 | loss 3.8639 (delta +0.9786) size 441.9 MB sparsity 30.6%
gen 7 offspring [40/100] k= 17 (used  17.0) c=0.851 alpha=-0.352 beta=+0.022 | loss 3.4828 (delta +0.5975) size 452.5 MB sparsity 24.7%
gen 7 offspring [41/100] k= 53 (used  53.0) c=0.942 alpha=-0.173 beta=+0.173 | loss 2.9738 (delta +0.0885) size 541.3 MB sparsity 14.8%
gen 7 offspring [42/100] k= 53 (used  52.9) c=0.952 alpha=-0.384 beta=+0.164 | loss 3.2059 (delta +0.3206) size 524.8 MB sparsity 22.9%
gen 7 offspring [43/100] k= 63 (used  63.0) c=0.979 alpha=-0.040 beta=+0.129 | loss 2.9294 (delta +0.0441) size 541.4 MB sparsity 8.6%
gen 7 offspring [44/100] k= 28 (used  28.0) c=0.940 alpha=-0.042 beta=+0.003 | loss 3.0295 (delta +0.1442) size 496.7 MB sparsity 13.4%
gen 7 offspring [45/100] k= 31 (used  31.0) c=0.929 alpha=-0.383 beta=+0.055 | loss 3.1716 (delta +0.2862) size 493.1 MB sparsity 21.6%
gen 7 offspring [46/100] k= 15 (used  15.0) c=0.870 alpha=-0.185 beta=+0.058 | loss 3.4421 (delta +0.5567) size 450.5 MB sparsity 22.4%
gen 7 offspring [47/100] k= 41 (used  40.9) c=0.983 alpha=-0.003 beta=+0.469 | loss 6.7803 (delta +3.8950) size 522.9 MB sparsity 23.6%
gen 7 offspring [48/100] k= 33 (used  33.0) c=0.973 alpha=-0.118 beta=+0.050 | loss 2.9743 (delta +0.0890) size 515.5 MB sparsity 11.6%
gen 7 offspring [49/100] k= 27 (used  27.0) c=0.985 alpha=-0.003 beta=+0.419 | loss 3.3074 (delta +0.4221) size 487.2 MB sparsity 24.2%
gen 7 offspring [50/100] k=215 (used 215.0) c=0.995 alpha=-0.039 beta=+0.012 | loss 2.8880 (delta +0.0026) size 630.9 MB sparsity 2.6%
gen 7 offspring [51/100] k= 30 (used  29.0) c=0.990 alpha=-0.344 beta=+0.150 | loss 3.1779 (delta +0.2925) size 493.2 MB sparsity 21.6%
gen 7 offspring [52/100] k= 30 (used  29.0) c=0.995 alpha=-0.368 beta=+0.002 | loss 3.2005 (delta +0.3152) size 492.5 MB sparsity 21.9%
gen 7 offspring [53/100] k=  7 (used   7.0) c=0.879 alpha=-0.237 beta=+0.196 | loss 8.9658 (delta +6.0805) size 388.2 MB sparsity 47.5%
gen 7 offspring [54/100] k= 15 (used  15.0) c=0.888 alpha=-0.072 beta=+0.143 | loss 3.5139 (delta +0.6285) size 450.3 MB sparsity 22.8%
gen 7 offspring [55/100] k= 31 (used  31.0) c=0.940 alpha=-0.046 beta=+0.354 | loss 3.1414 (delta +0.2561) size 494.7 MB sparsity 20.6%
gen 7 offspring [56/100] k= 14 (used  14.0) c=0.892 alpha=-0.044 beta=+0.358 | loss 3.8468 (delta +0.9615) size 444.8 MB sparsity 29.0%
gen 7 offspring [57/100] k= 30 (used  29.0) c=0.992 alpha=-0.260 beta=+0.350 | loss 3.3131 (delta +0.4277) size 483.8 MB sparsity 25.8%
gen 7 offspring [58/100] k= 26 (used  26.0) c=0.819 alpha=-0.363 beta=+0.146 | loss 3.2468 (delta +0.3615) size 492.1 MB sparsity 22.1%
gen 7 offspring [59/100] k= 24 (used  24.0) c=0.956 alpha=-0.383 beta=+0.148 | loss 3.3410 (delta +0.4556) size 487.7 MB sparsity 24.0%
gen 7 offspring [60/100] k= 17 (used  17.0) c=0.851 alpha=-0.095 beta=+0.054 | loss 3.2743 (delta +0.3890) size 462.0 MB sparsity 19.4%
gen 7 offspring [61/100] k= 43 (used  43.0) c=0.920 alpha=-0.055 beta=+0.067 | loss 2.9357 (delta +0.0504) size 541.4 MB sparsity 8.2%
gen 7 offspring [62/100] k= 37 (used  37.0) c=0.871 alpha=-0.040 beta=+0.029 | loss 2.9568 (delta +0.0715) size 541.4 MB sparsity 9.0%
gen 7 offspring [63/100] k=  4 (used   3.0) c=0.927 alpha=-0.005 beta=+0.366 | loss 16.6244 (delta +13.7391) size 321.2 MB sparsity 92.2%
gen 7 offspring [64/100] k= 59 (used  59.0) c=0.996 alpha=-0.022 beta=+0.010 | loss 2.9230 (delta +0.0376) size 541.4 MB sparsity 6.5%
gen 7 offspring [65/100] k= 92 (used  92.0) c=0.958 alpha=-0.130 beta=+0.133 | loss 2.9173 (delta +0.0320) size 586.1 MB sparsity 11.2%
gen 7 offspring [66/100] k= 14 (used  14.0) c=0.884 alpha=-0.053 beta=+0.341 | loss 3.7821 (delta +0.8967) size 445.9 MB sparsity 28.3%
gen 7 offspring [67/100] k=126 (used 126.0) c=0.930 alpha=-0.003 beta=+0.055 | loss 2.8978 (delta +0.0125) size 586.1 MB sparsity 3.8%
gen 7 offspring [68/100] k= 92 (used  91.0) c=0.998 alpha=-0.030 beta=+0.085 | loss 2.9011 (delta +0.0157) size 586.1 MB sparsity 5.8%
gen 7 offspring [69/100] k= 15 (used  15.0) c=0.838 alpha=-0.346 beta=+0.022 | loss 3.6263 (delta +0.7409) size 449.3 MB sparsity 25.7%
gen 7 offspring [70/100] k= 15 (used  15.0) c=0.884 alpha=-0.053 beta=+0.420 | loss 3.6671 (delta +0.7817) size 444.8 MB sparsity 29.0%
gen 7 offspring [71/100] k=115 (used 114.9) c=0.913 alpha=-0.003 beta=+0.154 | loss 2.9155 (delta +0.0301) size 586.1 MB sparsity 8.0%
gen 7 offspring [72/100] k= 91 (used  91.0) c=0.994 alpha=-0.030 beta=+0.040 | loss 2.9075 (delta +0.0221) size 586.1 MB sparsity 4.2%
gen 7 offspring [73/100] k= 23 (used  23.0) c=0.944 alpha=-0.100 beta=+0.036 | loss 3.0881 (delta +0.2027) size 496.2 MB sparsity 15.8%
gen 7 offspring [74/100] k= 13 (used  13.0) c=0.868 alpha=-0.064 beta=+0.034 | loss 3.7138 (delta +0.8284) size 448.2 MB sparsity 25.8%
gen 7 offspring [75/100] k= 15 (used  15.0) c=0.855 alpha=-0.211 beta=+0.022 | loss 3.4389 (delta +0.5535) size 450.7 MB sparsity 22.2%
gen 7 offspring [76/100] k= 92 (used  91.0) c=0.999 alpha=-0.130 beta=+0.013 | loss 2.9100 (delta +0.0246) size 586.1 MB sparsity 7.6%
gen 7 offspring [77/100] k= 30 (used  30.0) c=0.956 alpha=-0.381 beta=+0.049 | loss 3.2405 (delta +0.3551) size 492.0 MB sparsity 22.1%
gen 7 offspring [78/100] k= 14 (used  14.0) c=0.881 alpha=-0.218 beta=+0.146 | loss 3.7313 (delta +0.8459) size 447.9 MB sparsity 26.1%
gen 7 offspring [79/100] k=137 (used 137.0) c=0.884 alpha=-0.053 beta=+0.080 | loss 2.9063 (delta +0.0209) size 630.9 MB sparsity 5.7%
gen 7 offspring [80/100] k= 14 (used  14.0) c=0.875 alpha=-0.044 beta=+0.349 | loss 3.7868 (delta +0.9015) size 445.8 MB sparsity 28.4%
gen 7 offspring [81/100] k= 25 (used  25.0) c=0.992 alpha=-0.045 beta=+0.086 | loss 3.0643 (delta +0.1789) size 496.4 MB sparsity 15.2%
gen 7 offspring [82/100] k=149 (used 149.0) c=0.948 alpha=-0.044 beta=+0.009 | loss 2.8934 (delta +0.0080) size 630.9 MB sparsity 3.2%
gen 7 offspring [83/100] k=  6 (used   5.0) c=0.915 alpha=-0.052 beta=+0.143 | loss 14.3310 (delta +11.4456) size 348.4 MB sparsity 65.8%
gen 7 offspring [84/100] k= 27 (used  27.0) c=0.943 alpha=-0.003 beta=+0.166 | loss 3.0529 (delta +0.1675) size 496.6 MB sparsity 14.5%
gen 7 offspring [85/100] k= 29 (used  29.0) c=0.864 alpha=-0.204 beta=+0.148 | loss 3.0287 (delta +0.1434) size 496.7 MB sparsity 15.8%
gen 7 offspring [86/100] k= 13 (used  13.0) c=0.869 alpha=-0.415 beta=+0.254 | loss 3.9639 (delta +1.0785) size 441.7 MB sparsity 30.7%
gen 7 offspring [87/100] k= 15 (used  15.0) c=0.913 alpha=-0.052 beta=+0.354 | loss 3.6311 (delta +0.7457) size 447.8 MB sparsity 27.1%
gen 7 offspring [88/100] k= 32 (used  32.0) c=0.938 alpha=-0.114 beta=+0.081 | loss 2.9830 (delta +0.0976) size 496.7 MB sparsity 11.8%
gen 7 offspring [89/100] k= 96 (used  95.0) c=0.993 alpha=-0.142 beta=+0.110 | loss 2.9165 (delta +0.0311) size 586.1 MB sparsity 10.8%
gen 7 offspring [90/100] k= 52 (used  51.0) c=0.995 alpha=-0.046 beta=+0.011 | loss 2.9454 (delta +0.0601) size 541.4 MB sparsity 7.5%
gen 7 offspring [91/100] k= 34 (used  34.0) c=0.814 alpha=-0.034 beta=+0.202 | loss 3.0167 (delta +0.1313) size 541.4 MB sparsity 13.5%
gen 7 offspring [92/100] k= 81 (used  81.0) c=0.899 alpha=-0.057 beta=+0.065 | loss 2.9140 (delta +0.0287) size 586.1 MB sparsity 5.6%
gen 7 offspring [93/100] k= 28 (used  27.0) c=0.965 alpha=-0.055 beta=+0.052 | loss 3.0682 (delta +0.1828) size 496.6 MB sparsity 13.7%
gen 7 offspring [94/100] k= 38 (used  38.0) c=0.873 alpha=-0.049 beta=+0.139 | loss 2.9602 (delta +0.0748) size 541.4 MB sparsity 10.8%
gen 7 offspring [95/100] k= 13 (used  13.0) c=0.849 alpha=-0.172 beta=+0.012 | loss 3.7321 (delta +0.8468) size 448.6 MB sparsity 25.3%
gen 7 offspring [96/100] k= 21 (used  21.0) c=0.926 alpha=-0.002 beta=+0.364 | loss 3.3191 (delta +0.4338) size 488.2 MB sparsity 23.8%
gen 7 offspring [97/100] k= 28 (used  27.0) c=0.965 alpha=-0.163 beta=+0.042 | loss 3.0730 (delta +0.1876) size 496.6 MB sparsity 14.6%
gen 7 offspring [98/100] k=218 (used 216.4) c=0.998 alpha=-0.038 beta=+0.157 | loss 2.9078 (delta +0.0224) size 630.9 MB sparsity 8.3%
gen 7 offspring [99/100] k= 57 (used  57.0) c=0.980 alpha=-0.016 beta=+0.005 | loss 2.9240 (delta +0.0386) size 541.4 MB sparsity 6.6%
gen 7 offspring [100/100] k= 31 (used  31.0) c=0.940 alpha=-0.046 beta=+0.001 | loss 2.9840 (delta +0.0987) size 496.7 MB sparsity 11.7%
=== generation 7/50 done in 448s (0 reused), batch baseline 2.8854, HV 0.22001, front 94 points, 100/100 feasible, best delta loss +0.0024, smallest 441.9 MB
gen 8 offspring [1/100] k= 24 (used  23.0) c=0.995 alpha=-0.001 beta=+0.094 | loss 3.1118 (delta +0.2264) size 495.8 MB sparsity 16.6%
gen 8 offspring [2/100] k=142 (used 142.0) c=0.926 alpha=-0.008 beta=+0.005 | loss 2.8952 (delta +0.0099) size 630.9 MB sparsity 2.5%
gen 8 offspring [3/100] k= 15 (used  15.0) c=0.893 alpha=-0.003 beta=+0.359 | loss 3.6062 (delta +0.7209) size 448.0 MB sparsity 27.0%
gen 8 offspring [4/100] k= 33 (used  33.0) c=0.973 alpha=-0.049 beta=+0.050 | loss 2.9731 (delta +0.0878) size 516.1 MB sparsity 11.3%
gen 8 offspring [5/100] k= 30 (used  30.0) c=0.869 alpha=-0.452 beta=+0.210 | loss 3.4488 (delta +0.5634) size 479.9 MB sparsity 27.5%
gen 8 offspring [6/100] k= 53 (used  53.0) c=0.945 alpha=-0.182 beta=+0.173 | loss 2.9821 (delta +0.0968) size 541.3 MB sparsity 15.2%
gen 8 offspring [7/100] k= 12 (used  11.0) c=0.941 alpha=-0.312 beta=+0.054 | loss 4.6179 (delta +1.7325) size 438.1 MB sparsity 32.8%
gen 8 offspring [8/100] k=110 (used 110.0) c=0.971 alpha=-0.042 beta=+0.045 | loss 2.8964 (delta +0.0110) size 586.1 MB sparsity 4.1%
gen 8 offspring [9/100] k= 92 (used  92.0) c=0.969 alpha=-0.130 beta=+0.133 | loss 2.9188 (delta +0.0334) size 586.1 MB sparsity 11.2%
gen 8 offspring [10/100] k= 13 (used  13.0) c=0.940 alpha=-0.044 beta=+0.335 | loss 4.0063 (delta +1.1209) size 444.5 MB sparsity 29.2%
gen 8 offspring [11/100] k= 24 (used  24.0) c=0.911 alpha=-0.190 beta=+0.140 | loss 3.0882 (delta +0.2028) size 496.3 MB sparsity 16.5%
gen 8 offspring [12/100] k= 22 (used  22.0) c=0.947 alpha=-0.434 beta=+0.001 | loss 3.5373 (delta +0.6520) size 482.1 MB sparsity 26.5%
gen 8 offspring [13/100] k= 30 (used  30.0) c=0.929 alpha=-0.026 beta=+0.272 | loss 3.0807 (delta +0.1953) size 496.3 MB sparsity 17.7%
gen 8 offspring [14/100] k= 23 (used  23.0) c=0.930 alpha=-0.046 beta=+0.019 | loss 3.0746 (delta +0.1893) size 496.3 MB sparsity 15.6%
gen 8 offspring [15/100] k=  3 (used   3.0) c=0.891 alpha=-0.042 beta=+0.006 | loss 17.5045 (delta +14.6191) size 321.7 MB sparsity 91.2%
gen 8 offspring [16/100] k= 15 (used  15.0) c=0.935 alpha=-0.026 beta=+0.434 | loss 3.7440 (delta +0.8587) size 442.8 MB sparsity 30.1%
gen 8 offspring [17/100] k= 29 (used  29.0) c=0.979 alpha=-0.007 beta=+0.360 | loss 3.1705 (delta +0.2851) size 493.3 MB sparsity 21.4%
gen 8 offspring [18/100] k=215 (used 213.6) c=0.868 alpha=-0.223 beta=+0.038 | loss 2.9507 (delta +0.0654) size 630.8 MB sparsity 11.1%
gen 8 offspring [19/100] k= 30 (used  29.0) c=0.995 alpha=-0.368 beta=+0.173 | loss 3.2198 (delta +0.3345) size 489.5 MB sparsity 23.2%
gen 8 offspring [20/100] k= 25 (used  25.0) c=0.992 alpha=-0.045 beta=+0.071 | loss 3.0643 (delta +0.1789) size 496.4 MB sparsity 15.2%
gen 8 offspring [21/100] k= 30 (used  30.0) c=0.928 alpha=-0.068 beta=+0.035 | loss 3.0005 (delta +0.1152) size 496.7 MB sparsity 12.3%
gen 8 offspring [22/100] k= 66 (used  66.0) c=0.934 alpha=-0.121 beta=+0.009 | loss 2.9165 (delta +0.0311) size 586.1 MB sparsity 8.0%
gen 8 offspring [23/100] k=215 (used 215.0) c=0.998 alpha=-0.039 beta=+0.043 | loss 2.8885 (delta +0.0032) size 630.9 MB sparsity 3.6%
gen 8 offspring [24/100] k= 26 (used  26.0) c=0.858 alpha=-0.011 beta=+0.022 | loss 3.0350 (delta +0.1496) size 496.7 MB sparsity 13.2%
gen 8 offspring [25/100] k= 31 (used  31.0) c=0.972 alpha=-0.118 beta=+0.047 | loss 2.9917 (delta +0.1063) size 496.7 MB sparsity 12.2%
gen 8 offspring [26/100] k= 38 (used  37.0) c=0.987 alpha=-0.110 beta=+0.105 | loss 2.9689 (delta +0.0835) size 541.4 MB sparsity 10.8%
gen 8 offspring [27/100] k= 53 (used  53.0) c=0.997 alpha=-0.112 beta=+0.148 | loss 2.9433 (delta +0.0580) size 541.4 MB sparsity 11.5%
gen 8 offspring [28/100] k= 30 (used  30.0) c=0.867 alpha=-0.347 beta=+0.046 | loss 3.1301 (delta +0.2447) size 495.1 MB sparsity 20.2%
gen 8 offspring [29/100] k= 21 (used  21.0) c=0.953 alpha=-0.042 beta=+0.068 | loss 3.1827 (delta +0.2974) size 495.4 MB sparsity 17.4%
gen 8 offspring [30/100] k= 22 (used  22.0) c=0.886 alpha=-0.064 beta=+0.035 | loss 3.1113 (delta +0.2259) size 496.0 MB sparsity 16.3%
gen 8 offspring [31/100] k= 17 (used  17.0) c=0.851 alpha=-0.095 beta=+0.049 | loss 3.2743 (delta +0.3890) size 462.0 MB sparsity 19.4%
gen 8 offspring [32/100] k= 16 (used  16.0) c=0.869 alpha=-0.064 beta=+0.001 | loss 3.4341 (delta +0.5487) size 450.5 MB sparsity 22.4%
gen 8 offspring [33/100] k= 28 (used  27.0) c=0.975 alpha=-0.070 beta=+0.150 | loss 3.0455 (delta +0.1602) size 496.6 MB sparsity 14.3%
gen 8 offspring [34/100] k= 14 (used  14.0) c=0.884 alpha=-0.303 beta=+0.046 | loss 3.8102 (delta +0.9248) size 447.3 MB sparsity 27.3%
gen 8 offspring [35/100] k= 43 (used  43.0) c=0.997 alpha=-0.057 beta=+0.205 | loss 2.9751 (delta +0.0898) size 541.4 MB sparsity 13.2%
gen 8 offspring [36/100] k= 12 (used  12.0) c=0.893 alpha=-0.220 beta=+0.345 | loss 4.2916 (delta +1.4063) size 439.6 MB sparsity 31.9%
gen 8 offspring [37/100] k= 14 (used  13.0) c=0.943 alpha=-0.042 beta=+0.314 | loss 4.0273 (delta +1.1420) size 445.2 MB sparsity 28.7%
gen 8 offspring [38/100] k= 19 (used  19.0) c=0.870 alpha=-0.035 beta=+0.058 | loss 3.2102 (delta +0.3248) size 495.2 MB sparsity 17.7%
gen 8 offspring [39/100] k=205 (used 205.0) c=0.992 alpha=-0.036 beta=+0.043 | loss 2.8894 (delta +0.0041) size 630.9 MB sparsity 3.4%
gen 8 offspring [40/100] k= 40 (used  40.0) c=0.899 alpha=-0.057 beta=+0.057 | loss 2.9464 (delta +0.0610) size 541.4 MB sparsity 8.8%
gen 8 offspring [41/100] k= 89 (used  89.0) c=0.998 alpha=-0.043 beta=+0.085 | loss 2.9010 (delta +0.0156) size 586.1 MB sparsity 5.9%
gen 8 offspring [42/100] k=  7 (used   7.0) c=0.863 alpha=-0.231 beta=+0.443 | loss 9.5371 (delta +6.6518) size 389.2 MB sparsity 46.8%
gen 8 offspring [43/100] k= 49 (used  49.0) c=0.993 alpha=-0.182 beta=+0.173 | loss 2.9887 (delta +0.1033) size 541.3 MB sparsity 15.3%
gen 8 offspring [44/100] k= 15 (used  15.0) c=0.875 alpha=-0.044 beta=+0.018 | loss 3.4908 (delta +0.6054) size 450.4 MB sparsity 22.6%
gen 8 offspring [45/100] k= 15 (used  15.0) c=0.817 alpha=-0.305 beta=+0.408 | loss 3.9348 (delta +1.0495) size 442.0 MB sparsity 30.5%
gen 8 offspring [46/100] k= 92 (used  91.9) c=0.959 alpha=-0.206 beta=+0.133 | loss 2.9501 (delta +0.0647) size 585.4 MB sparsity 14.4%
gen 8 offspring [47/100] k= 31 (used  31.0) c=0.929 alpha=-0.382 beta=+0.041 | loss 3.1705 (delta +0.2852) size 493.2 MB sparsity 21.5%
gen 8 offspring [48/100] k= 27 (used  27.0) c=0.995 alpha=-0.042 beta=+0.036 | loss 3.0376 (delta +0.1523) size 496.6 MB sparsity 14.1%
gen 8 offspring [49/100] k= 26 (used  26.0) c=0.941 alpha=-0.111 beta=+0.111 | loss 3.0470 (delta +0.1617) size 496.6 MB sparsity 14.5%
gen 8 offspring [50/100] k= 13 (used  13.0) c=0.884 alpha=-0.052 beta=+0.421 | loss 3.8852 (delta +0.9998) size 441.2 MB sparsity 31.0%
gen 8 offspring [51/100] k= 31 (used  31.0) c=0.940 alpha=-0.170 beta=+0.354 | loss 3.1540 (delta +0.2687) size 491.3 MB sparsity 22.4%
gen 8 offspring [52/100] k= 15 (used  15.0) c=0.870 alpha=-0.282 beta=+0.058 | loss 3.4871 (delta +0.6018) size 450.2 MB sparsity 24.1%
gen 8 offspring [53/100] k= 43 (used  43.0) c=0.920 alpha=-0.056 beta=+0.039 | loss 2.9357 (delta +0.0503) size 541.4 MB sparsity 8.2%
gen 8 offspring [54/100] k= 53 (used  52.9) c=0.947 alpha=-0.404 beta=+0.029 | loss 3.1598 (delta +0.2745) size 532.6 MB sparsity 20.0%
gen 8 offspring [55/100] k= 11 (used  11.0) c=0.892 alpha=-0.142 beta=+0.361 | loss 4.3801 (delta +1.4947) size 439.0 MB sparsity 32.2%
gen 8 offspring [56/100] k= 17 (used  17.0) c=0.854 alpha=-0.211 beta=+0.022 | loss 3.2911 (delta +0.4058) size 460.9 MB sparsity 20.0%
gen 8 offspring [57/100] k= 29 (used  29.0) c=0.887 alpha=-0.042 beta=+0.021 | loss 2.9914 (delta +0.1060) size 496.7 MB sparsity 11.8%
gen 8 offspring [58/100] k= 16 (used  16.0) c=0.869 alpha=-0.120 beta=+0.050 | loss 3.4341 (delta +0.5487) size 450.5 MB sparsity 22.4%
gen 8 offspring [59/100] k= 64 (used  64.0) c=0.939 alpha=-0.002 beta=+0.002 | loss 2.9165 (delta +0.0312) size 541.4 MB sparsity 5.7%
gen 8 offspring [60/100] k= 33 (used  33.0) c=0.920 alpha=-0.001 beta=+0.008 | loss 2.9750 (delta +0.0896) size 517.4 MB sparsity 10.7%
gen 8 offspring [61/100] k= 28 (used  28.0) c=0.878 alpha=-0.352 beta=+0.055 | loss 3.1760 (delta +0.2906) size 494.2 MB sparsity 20.9%
gen 8 offspring [62/100] k= 32 (used  32.0) c=0.907 alpha=-0.016 beta=+0.089 | loss 2.9763 (delta +0.0909) size 496.7 MB sparsity 11.3%
gen 8 offspring [63/100] k= 23 (used  23.0) c=0.957 alpha=-0.006 beta=+0.117 | loss 3.0928 (delta +0.2074) size 496.1 MB sparsity 16.0%
gen 8 offspring [64/100] k= 15 (used  15.0) c=0.915 alpha=-0.023 beta=+0.131 | loss 3.5497 (delta +0.6643) size 449.9 MB sparsity 23.5%
gen 8 offspring [65/100] k= 28 (used  28.0) c=0.935 alpha=-0.041 beta=+0.055 | loss 3.0343 (delta +0.1490) size 496.7 MB sparsity 13.3%
gen 8 offspring [66/100] k= 27 (used  27.0) c=0.997 alpha=-0.041 beta=+0.395 | loss 3.2707 (delta +0.3853) size 489.1 MB sparsity 23.4%
gen 8 offspring [67/100] k= 16 (used  16.0) c=0.874 alpha=-0.149 beta=+0.001 | loss 3.4563 (delta +0.5710) size 450.5 MB sparsity 22.5%
gen 8 offspring [68/100] k= 15 (used  15.0) c=0.891 alpha=-0.020 beta=+0.429 | loss 3.7036 (delta +0.8183) size 444.1 MB sparsity 29.4%
gen 8 offspring [69/100] k= 17 (used  17.0) c=0.870 alpha=-0.380 beta=+0.055 | loss 3.5581 (delta +0.6728) size 450.4 MB sparsity 25.9%
gen 8 offspring [70/100] k= 29 (used  29.0) c=1.000 alpha=-0.007 beta=+0.002 | loss 3.0293 (delta +0.1440) size 496.7 MB sparsity 13.2%
gen 8 offspring [71/100] k= 33 (used  33.0) c=0.930 alpha=-0.044 beta=+0.043 | loss 2.9741 (delta +0.0887) size 517.2 MB sparsity 10.8%
gen 8 offspring [72/100] k=132 (used 131.6) c=0.918 alpha=-0.209 beta=+0.002 | loss 2.9344 (delta +0.0490) size 630.9 MB sparsity 10.1%
gen 8 offspring [73/100] k=217 (used 217.0) c=0.995 alpha=-0.039 beta=+0.012 | loss 2.8882 (delta +0.0028) size 630.9 MB sparsity 2.6%
gen 8 offspring [74/100] k= 29 (used  29.0) c=0.979 alpha=-0.007 beta=+0.360 | loss 3.1705 (delta +0.2851) size 493.3 MB sparsity 21.4%
gen 8 offspring [75/100] k= 46 (used  46.0) c=0.966 alpha=-0.056 beta=+0.095 | loss 2.9295 (delta +0.0441) size 541.4 MB sparsity 8.7%
gen 8 offspring [76/100] k=107 (used 107.0) c=0.981 alpha=-0.042 beta=+0.150 | loss 2.9093 (delta +0.0239) size 586.1 MB sparsity 8.4%
gen 8 offspring [77/100] k= 33 (used  33.0) c=0.913 alpha=-0.305 beta=+0.354 | loss 3.3416 (delta +0.4563) size 479.9 MB sparsity 27.5%
gen 8 offspring [78/100] k=  4 (used   3.0) c=0.919 alpha=-0.008 beta=+0.005 | loss 16.7893 (delta +13.9040) size 321.3 MB sparsity 92.0%
gen 8 offspring [79/100] k= 30 (used  30.0) c=0.869 alpha=-0.415 beta=+0.234 | loss 3.3645 (delta +0.4792) size 480.8 MB sparsity 27.1%
gen 8 offspring [80/100] k= 66 (used  66.0) c=0.939 alpha=-0.013 beta=+0.000 | loss 2.9105 (delta +0.0251) size 586.1 MB sparsity 5.5%
gen 8 offspring [81/100] k= 30 (used  29.0) c=0.998 alpha=-0.438 beta=+0.158 | loss 3.3379 (delta +0.4525) size 484.7 MB sparsity 25.3%
gen 8 offspring [82/100] k= 33 (used  33.0) c=0.941 alpha=-0.062 beta=+0.500 | loss 15.1551 (delta +12.2697) size 484.2 MB sparsity 25.6%
gen 8 offspring [83/100] k= 25 (used  25.0) c=0.920 alpha=-0.044 beta=+0.043 | loss 3.0459 (delta +0.1605) size 496.6 MB sparsity 14.2%
gen 8 offspring [84/100] k= 17 (used  17.0) c=0.879 alpha=-0.002 beta=+0.155 | loss 3.3092 (delta +0.4239) size 460.9 MB sparsity 20.0%
gen 8 offspring [85/100] k= 41 (used  41.0) c=0.894 alpha=-0.044 beta=+0.048 | loss 2.9437 (delta +0.0583) size 541.4 MB sparsity 8.4%
gen 8 offspring [86/100] k= 15 (used  15.0) c=0.915 alpha=-0.174 beta=+0.354 | loss 3.6230 (delta +0.7377) size 447.8 MB sparsity 27.1%
gen 8 offspring [87/100] k= 31 (used  31.0) c=0.940 alpha=-0.046 beta=+0.377 | loss 3.1790 (delta +0.2936) size 493.4 MB sparsity 21.4%
gen 8 offspring [88/100] k= 84 (used  83.4) c=0.947 alpha=-0.404 beta=+0.029 | loss 3.1490 (delta +0.2637) size 572.3 MB sparsity 18.7%
gen 8 offspring [89/100] k= 15 (used  15.0) c=0.916 alpha=-0.082 beta=+0.008 | loss 3.5594 (delta +0.6740) size 449.9 MB sparsity 23.5%
gen 8 offspring [90/100] k= 15 (used  15.0) c=0.886 alpha=-0.066 beta=+0.354 | loss 3.5846 (delta +0.6993) size 448.3 MB sparsity 26.7%
gen 8 offspring [91/100] k= 95 (used  95.0) c=0.946 alpha=-0.038 beta=+0.008 | loss 2.8992 (delta +0.0138) size 586.1 MB sparsity 3.9%
gen 8 offspring [92/100] k= 31 (used  31.0) c=0.951 alpha=-0.395 beta=+0.361 | loss 3.4924 (delta +0.6071) size 471.5 MB sparsity 31.3%
gen 8 offspring [93/100] k= 60 (used  60.0) c=0.943 alpha=-0.134 beta=+0.152 | loss 2.9531 (delta +0.0678) size 541.4 MB sparsity 12.4%
gen 8 offspring [94/100] k= 39 (used  39.0) c=0.911 alpha=-0.243 beta=+0.154 | loss 3.0469 (delta +0.1615) size 539.9 MB sparsity 17.1%
gen 8 offspring [95/100] k= 20 (used  20.0) c=0.857 alpha=-0.143 beta=+0.053 | loss 3.2011 (delta +0.3158) size 495.4 MB sparsity 17.4%
gen 8 offspring [96/100] k= 31 (used  31.0) c=0.843 alpha=-0.211 beta=+0.012 | loss 3.0313 (delta +0.1460) size 496.7 MB sparsity 14.3%
gen 8 offspring [97/100] k= 21 (used  21.0) c=0.992 alpha=-0.103 beta=+0.043 | loss 3.1938 (delta +0.3085) size 495.0 MB sparsity 18.1%
gen 8 offspring [98/100] k=197 (used 196.9) c=1.000 alpha=-0.110 beta=+0.021 | loss 2.8962 (delta +0.0109) size 630.9 MB sparsity 5.7%
gen 8 offspring [99/100] k=224 (used 223.7) c=0.877 alpha=-0.101 beta=+0.066 | loss 2.9072 (delta +0.0219) size 630.9 MB sparsity 7.1%
gen 8 offspring [100/100] k= 15 (used  15.0) c=0.884 alpha=-0.213 beta=+0.014 | loss 3.5003 (delta +0.6149) size 450.3 MB sparsity 22.8%
=== generation 8/50 done in 448s (0 reused), batch baseline 2.8854, HV 0.22055, front 100 points, 100/100 feasible, best delta loss +0.0024, smallest 441.2 MB
gen 9 offspring [1/100] k= 80 (used  80.0) c=0.877 alpha=-0.002 beta=+0.003 | loss 2.9119 (delta +0.0266) size 586.1 MB sparsity 4.2%
gen 9 offspring [2/100] k= 17 (used  17.0) c=0.851 alpha=-0.106 beta=+0.049 | loss 3.2743 (delta +0.3890) size 462.0 MB sparsity 19.4%
gen 9 offspring [3/100] k= 18 (used  17.0) c=0.980 alpha=-0.107 beta=+0.057 | loss 3.4116 (delta +0.5263) size 457.1 MB sparsity 22.1%
gen 9 offspring [4/100] k= 13 (used  13.0) c=0.941 alpha=-0.173 beta=+0.064 | loss 3.9718 (delta +1.0864) size 446.2 MB sparsity 27.8%
gen 9 offspring [5/100] k= 92 (used  92.0) c=0.959 alpha=-0.056 beta=+0.133 | loss 2.9046 (delta +0.0192) size 586.1 MB sparsity 8.3%
gen 9 offspring [6/100] k=142 (used 142.0) c=0.926 alpha=-0.008 beta=+0.001 | loss 2.8952 (delta +0.0099) size 630.9 MB sparsity 2.5%
gen 9 offspring [7/100] k= 15 (used  15.0) c=0.935 alpha=-0.059 beta=+0.432 | loss 3.7415 (delta +0.8562) size 442.9 MB sparsity 30.1%
gen 9 offspring [8/100] k= 30 (used  30.0) c=0.870 alpha=-0.287 beta=+0.062 | loss 3.0760 (delta +0.1907) size 496.4 MB sparsity 17.9%
gen 9 offspring [9/100] k= 55 (used  55.0) c=0.996 alpha=-0.039 beta=+0.012 | loss 2.9206 (delta +0.0352) size 541.4 MB sparsity 6.9%
gen 9 offspring [10/100] k= 32 (used  31.0) c=0.998 alpha=-0.106 beta=+0.052 | loss 3.0011 (delta +0.1158) size 496.7 MB sparsity 12.4%
gen 9 offspring [11/100] k= 15 (used  15.0) c=0.916 alpha=-0.081 beta=+0.006 | loss 3.5608 (delta +0.6755) size 449.9 MB sparsity 23.5%
gen 9 offspring [12/100] k=105 (used 103.8) c=0.884 alpha=-0.052 beta=+0.421 | loss 3.3666 (delta +0.4813) size 569.8 MB sparsity 19.5%
gen 9 offspring [13/100] k= 34 (used  34.0) c=0.931 alpha=-0.046 beta=+0.400 | loss 3.2287 (delta +0.3434) size 527.5 MB sparsity 21.8%
gen 9 offspring [14/100] k= 10 (used   9.0) c=0.995 alpha=-0.001 beta=+0.094 | loss 7.3801 (delta +4.4948) size 396.2 MB sparsity 41.5%
gen 9 offspring [15/100] k= 30 (used  29.0) c=0.997 alpha=-0.111 beta=+0.055 | loss 3.0218 (delta +0.1364) size 496.7 MB sparsity 13.2%
gen 9 offspring [16/100] k= 27 (used  27.0) c=0.990 alpha=-0.050 beta=+0.036 | loss 3.0412 (delta +0.1559) size 496.6 MB sparsity 14.1%
gen 9 offspring [17/100] k= 17 (used  17.0) c=0.851 alpha=-0.102 beta=+0.019 | loss 3.2743 (delta +0.3890) size 462.0 MB sparsity 19.4%
gen 9 offspring [18/100] k= 30 (used  30.0) c=0.867 alpha=-0.207 beta=+0.076 | loss 3.0139 (delta +0.1286) size 496.7 MB sparsity 14.8%
gen 9 offspring [19/100] k= 25 (used  25.0) c=0.937 alpha=-0.020 beta=+0.429 | loss 3.3495 (delta +0.4641) size 485.9 MB sparsity 24.8%
gen 9 offspring [20/100] k= 23 (used  23.0) c=0.997 alpha=-0.006 beta=+0.117 | loss 3.1117 (delta +0.2263) size 495.8 MB sparsity 16.6%
gen 9 offspring [21/100] k= 15 (used  15.0) c=0.855 alpha=-0.052 beta=+0.354 | loss 3.5356 (delta +0.6503) size 448.9 MB sparsity 26.3%
gen 9 offspring [22/100] k= 12 (used  12.0) c=0.907 alpha=-0.016 beta=+0.089 | loss 4.3621 (delta +1.4768) size 440.1 MB sparsity 31.6%
gen 9 offspring [23/100] k= 28 (used  27.0) c=0.998 alpha=-0.114 beta=+0.040 | loss 3.0388 (delta +0.1535) size 496.6 MB sparsity 14.2%
gen 9 offspring [24/100] k= 46 (used  46.0) c=0.839 alpha=-0.305 beta=+0.078 | loss 3.0571 (delta +0.1717) size 540.5 MB sparsity 16.6%
gen 9 offspring [25/100] k= 89 (used  89.0) c=0.912 alpha=-0.043 beta=+0.159 | loss 2.9219 (delta +0.0365) size 586.1 MB sparsity 8.9%
gen 9 offspring [26/100] k= 17 (used  17.0) c=0.912 alpha=-0.052 beta=+0.131 | loss 3.3505 (delta +0.4652) size 459.7 MB sparsity 20.7%
gen 9 offspring [27/100] k= 25 (used  25.0) c=0.992 alpha=-0.149 beta=+0.071 | loss 3.0634 (delta +0.1780) size 496.4 MB sparsity 15.4%
gen 9 offspring [28/100] k= 15 (used  15.0) c=0.986 alpha=-0.109 beta=+0.421 | loss 3.8235 (delta +0.9381) size 442.3 MB sparsity 30.4%
gen 9 offspring [29/100] k= 31 (used  31.0) c=0.996 alpha=-0.002 beta=+0.012 | loss 3.0001 (delta +0.1147) size 496.7 MB sparsity 12.3%
gen 9 offspring [30/100] k= 28 (used  27.0) c=0.998 alpha=-0.012 beta=+0.158 | loss 3.0413 (delta +0.1559) size 496.6 MB sparsity 14.8%
gen 9 offspring [31/100] k=212 (used 209.6) c=0.962 alpha=-0.041 beta=+0.354 | loss 3.1117 (delta +0.2263) size 616.9 MB sparsity 16.4%
gen 9 offspring [32/100] k=  8 (used   7.0) c=0.870 alpha=-0.286 beta=+0.058 | loss 10.0122 (delta +7.1269) size 388.8 MB sparsity 47.1%
gen 9 offspring [33/100] k= 16 (used  16.0) c=0.869 alpha=-0.053 beta=+0.036 | loss 3.4341 (delta +0.5487) size 450.5 MB sparsity 22.4%
gen 9 offspring [34/100] k= 15 (used  15.0) c=0.875 alpha=-0.044 beta=+0.354 | loss 3.5479 (delta +0.6625) size 448.6 MB sparsity 26.5%
gen 9 offspring [35/100] k= 25 (used  25.0) c=0.936 alpha=-0.043 beta=+0.086 | loss 3.0464 (delta +0.1610) size 496.6 MB sparsity 14.4%
gen 9 offspring [36/100] k= 52 (used  52.0) c=0.940 alpha=-0.170 beta=+0.026 | loss 2.9382 (delta +0.0529) size 541.4 MB sparsity 10.8%
gen 9 offspring [37/100] k= 46 (used  46.0) c=0.973 alpha=-0.042 beta=+0.048 | loss 2.9335 (delta +0.0481) size 541.4 MB sparsity 8.3%
gen 9 offspring [38/100] k= 26 (used  26.0) c=0.919 alpha=-0.111 beta=+0.062 | loss 3.0452 (delta +0.1599) size 496.6 MB sparsity 14.2%
gen 9 offspring [39/100] k= 29 (used  29.0) c=0.851 alpha=-0.099 beta=+0.054 | loss 2.9940 (delta +0.1087) size 496.7 MB sparsity 11.3%
gen 9 offspring [40/100] k= 47 (used  47.0) c=0.998 alpha=-0.368 beta=+0.040 | loss 3.1212 (delta +0.2358) size 534.4 MB sparsity 19.3%
gen 9 offspring [41/100] k= 91 (used  91.0) c=0.958 alpha=-0.130 beta=+0.147 | loss 2.9218 (delta +0.0364) size 586.1 MB sparsity 11.8%
gen 9 offspring [42/100] k= 53 (used  53.0) c=0.927 alpha=-0.092 beta=+0.173 | loss 2.9472 (delta +0.0618) size 541.4 MB sparsity 11.6%
gen 9 offspring [43/100] k= 29 (used  29.0) c=0.887 alpha=-0.096 beta=+0.141 | loss 2.9925 (delta +0.1072) size 496.7 MB sparsity 12.6%
gen 9 offspring [44/100] k= 33 (used  33.0) c=0.908 alpha=-0.049 beta=+0.050 | loss 2.9783 (delta +0.0930) size 517.7 MB sparsity 10.6%
gen 9 offspring [45/100] k= 31 (used  31.0) c=0.957 alpha=-0.046 beta=+0.144 | loss 2.9868 (delta +0.1014) size 496.7 MB sparsity 12.7%
gen 9 offspring [46/100] k= 19 (used  19.0) c=0.983 alpha=-0.064 beta=+0.059 | loss 3.2756 (delta +0.3902) size 493.5 MB sparsity 19.9%
gen 9 offspring [47/100] k= 14 (used  14.0) c=0.841 alpha=-0.305 beta=+0.004 | loss 3.7780 (delta +0.8926) size 448.2 MB sparsity 26.5%
gen 9 offspring [48/100] k= 64 (used  64.0) c=0.939 alpha=-0.058 beta=+0.057 | loss 2.9158 (delta +0.0305) size 541.4 MB sparsity 5.9%
gen 9 offspring [49/100] k= 16 (used  16.0) c=0.859 alpha=-0.095 beta=+0.066 | loss 3.4406 (delta +0.5552) size 450.6 MB sparsity 22.1%
gen 9 offspring [50/100] k= 46 (used  45.0) c=0.992 alpha=-0.150 beta=+0.097 | loss 2.9436 (delta +0.0582) size 541.4 MB sparsity 11.3%
gen 9 offspring [51/100] k= 32 (used  32.0) c=0.892 alpha=-0.209 beta=+0.058 | loss 3.0170 (delta +0.1317) size 496.7 MB sparsity 14.6%
gen 9 offspring [52/100] k= 45 (used  45.0) c=0.989 alpha=-0.115 beta=+0.149 | loss 2.9527 (delta +0.0674) size 541.4 MB sparsity 11.9%
gen 9 offspring [53/100] k= 10 (used  10.0) c=0.872 alpha=-0.149 beta=+0.005 | loss 5.6332 (delta +2.7478) size 430.2 MB sparsity 37.1%
gen 9 offspring [54/100] k= 26 (used  26.0) c=0.941 alpha=-0.130 beta=+0.111 | loss 3.0476 (delta +0.1623) size 496.6 MB sparsity 14.5%
gen 9 offspring [55/100] k= 15 (used  15.0) c=0.966 alpha=-0.106 beta=+0.058 | loss 3.6988 (delta +0.8134) size 449.0 MB sparsity 24.7%
gen 9 offspring [56/100] k= 21 (used  21.0) c=0.930 alpha=-0.040 beta=+0.055 | loss 3.1350 (delta +0.2496) size 495.6 MB sparsity 17.1%
gen 9 offspring [57/100] k= 16 (used  15.0) c=0.973 alpha=-0.049 beta=+0.178 | loss 3.6741 (delta +0.7887) size 448.9 MB sparsity 24.9%
gen 9 offspring [58/100] k= 16 (used  16.0) c=0.878 alpha=-0.149 beta=+0.143 | loss 3.4829 (delta +0.5975) size 450.4 MB sparsity 22.6%
gen 9 offspring [59/100] k= 14 (used  13.0) c=0.973 alpha=-0.029 beta=+0.022 | loss 3.9985 (delta +1.1131) size 445.1 MB sparsity 28.6%
gen 9 offspring [60/100] k= 15 (used  15.0) c=0.884 alpha=-0.078 beta=+0.055 | loss 3.5017 (delta +0.6163) size 450.3 MB sparsity 22.7%
gen 9 offspring [61/100] k= 24 (used  24.0) c=0.869 alpha=-0.139 beta=+0.050 | loss 3.0679 (delta +0.1825) size 496.6 MB sparsity 14.7%
gen 9 offspring [62/100] k= 43 (used  43.0) c=0.919 alpha=-0.056 beta=+0.038 | loss 2.9356 (delta +0.0502) size 541.4 MB sparsity 8.2%
gen 9 offspring [63/100] k= 30 (used  29.0) c=0.995 alpha=-0.370 beta=+0.143 | loss 3.2084 (delta +0.3230) size 491.4 MB sparsity 22.4%
gen 9 offspring [64/100] k= 39 (used  39.0) c=0.936 alpha=-0.040 beta=+0.108 | loss 2.9470 (delta +0.0616) size 541.4 MB sparsity 9.8%
gen 9 offspring [65/100] k= 17 (used  17.0) c=0.859 alpha=-0.406 beta=+0.160 | loss 3.5818 (delta +0.6965) size 448.9 MB sparsity 26.7%
gen 9 offspring [66/100] k= 15 (used  15.0) c=0.895 alpha=-0.111 beta=+0.150 | loss 3.5136 (delta +0.6283) size 450.2 MB sparsity 23.0%
gen 9 offspring [67/100] k= 30 (used  30.0) c=0.955 alpha=-0.368 beta=+0.180 | loss 3.2602 (delta +0.3749) size 489.1 MB sparsity 23.4%
gen 9 offspring [68/100] k=  9 (used   9.0) c=0.902 alpha=-0.211 beta=+0.022 | loss 5.6248 (delta +2.7395) size 400.7 MB sparsity 38.2%
gen 9 offspring [69/100] k=215 (used 215.0) c=0.995 alpha=-0.039 beta=+0.012 | loss 2.8875 (delta +0.0022) size 630.9 MB sparsity 2.6%
gen 9 offspring [70/100] k= 36 (used  35.0) c=0.973 alpha=-0.127 beta=+0.189 | loss 2.9999 (delta +0.1145) size 541.3 MB sparsity 14.3%
gen 9 offspring [71/100] k= 32 (used  32.0) c=0.952 alpha=-0.312 beta=+0.398 | loss 3.4394 (delta +0.5540) size 475.5 MB sparsity 29.5%
gen 9 offspring [72/100] k= 24 (used  23.0) c=0.996 alpha=-0.173 beta=+0.080 | loss 3.1183 (delta +0.2330) size 495.8 MB sparsity 17.0%
gen 9 offspring [73/100] k= 15 (used  15.0) c=0.854 alpha=-0.095 beta=+0.049 | loss 3.4388 (delta +0.5534) size 450.7 MB sparsity 22.0%
gen 9 offspring [74/100] k= 64 (used  64.0) c=0.925 alpha=-0.002 beta=+0.001 | loss 2.9153 (delta +0.0299) size 541.4 MB sparsity 5.6%
gen 9 offspring [75/100] k= 16 (used  16.0) c=0.877 alpha=-0.044 beta=+0.148 | loss 3.4799 (delta +0.5946) size 450.4 MB sparsity 22.6%
gen 9 offspring [76/100] k= 19 (used  19.0) c=0.893 alpha=-0.022 beta=+0.113 | loss 3.2118 (delta +0.3264) size 495.0 MB sparsity 18.1%
gen 9 offspring [77/100] k= 22 (used  21.0) c=0.995 alpha=-0.039 beta=+0.094 | loss 3.2033 (delta +0.3180) size 494.9 MB sparsity 18.2%
gen 9 offspring [78/100] k= 15 (used  15.0) c=0.923 alpha=-0.078 beta=+0.359 | loss 3.6527 (delta +0.7673) size 447.4 MB sparsity 27.4%
gen 9 offspring [79/100] k= 19 (used  19.0) c=0.885 alpha=-0.071 beta=+0.012 | loss 3.2235 (delta +0.3382) size 495.1 MB sparsity 18.0%
gen 9 offspring [80/100] k= 32 (used  32.0) c=0.941 alpha=-0.276 beta=+0.055 | loss 3.0627 (delta +0.1773) size 496.5 MB sparsity 17.5%
gen 9 offspring [81/100] k= 15 (used  15.0) c=0.884 alpha=-0.034 beta=+0.518 | loss 15.4787 (delta +12.5933) size 438.8 MB sparsity 32.4%
gen 9 offspring [82/100] k= 42 (used  41.0) c=0.997 alpha=-0.057 beta=+0.177 | loss 2.9588 (delta +0.0734) size 541.4 MB sparsity 12.4%
gen 9 offspring [83/100] k=  6 (used   5.0) c=0.990 alpha=-0.020 beta=+0.368 | loss 15.4460 (delta +12.5606) size 345.3 MB sparsity 69.2%
gen 9 offspring [84/100] k= 16 (used  16.0) c=0.869 alpha=-0.206 beta=+0.380 | loss 3.5493 (delta +0.6639) size 447.5 MB sparsity 27.4%
gen 9 offspring [85/100] k=104 (used 103.0) c=0.997 alpha=-0.039 beta=+0.012 | loss 2.8943 (delta +0.0089) size 586.1 MB sparsity 3.8%
gen 9 offspring [86/100] k= 17 (used  17.0) c=0.857 alpha=-0.211 beta=+0.073 | loss 3.2903 (delta +0.4049) size 460.8 MB sparsity 20.0%
gen 9 offspring [87/100] k= 30 (used  29.0) c=0.966 alpha=-0.164 beta=+0.110 | loss 3.0213 (delta +0.1359) size 496.7 MB sparsity 14.0%
gen 9 offspring [88/100] k= 30 (used  29.0) c=0.995 alpha=-0.110 beta=+0.174 | loss 3.0268 (delta +0.1415) size 496.7 MB sparsity 14.6%
gen 9 offspring [89/100] k= 30 (used  29.0) c=0.991 alpha=-0.402 beta=+0.150 | loss 3.2585 (delta +0.3731) size 488.3 MB sparsity 23.7%
gen 9 offspring [90/100] k= 13 (used  13.0) c=0.884 alpha=-0.138 beta=+0.489 | loss 4.8299 (delta +1.9445) size 437.1 MB sparsity 33.3%
gen 9 offspring [91/100] k=142 (used 142.0) c=0.940 alpha=-0.008 beta=+0.001 | loss 2.8928 (delta +0.0074) size 630.9 MB sparsity 2.5%
gen 9 offspring [92/100] k=  8 (used   7.0) c=0.877 alpha=-0.410 beta=+0.083 | loss 9.1274 (delta +6.2420) size 388.3 MB sparsity 47.4%
gen 9 offspring [93/100] k= 32 (used  31.0) c=0.973 alpha=-0.016 beta=+0.089 | loss 2.9905 (delta +0.1052) size 496.7 MB sparsity 12.1%
gen 9 offspring [94/100] k= 42 (used  42.0) c=0.949 alpha=-0.052 beta=+0.054 | loss 2.9394 (delta +0.0540) size 541.4 MB sparsity 8.9%
gen 9 offspring [95/100] k= 29 (used  29.0) c=0.862 alpha=-0.352 beta=+0.046 | loss 3.1393 (delta +0.2539) size 495.0 MB sparsity 20.3%
gen 9 offspring [96/100] k= 75 (used  74.5) c=0.939 alpha=-0.005 beta=+0.420 | loss 3.3361 (delta +0.4508) size 569.6 MB sparsity 19.6%
gen 9 offspring [97/100] k= 35 (used  35.0) c=0.971 alpha=-0.050 beta=+0.120 | loss 2.9755 (delta +0.0902) size 541.4 MB sparsity 11.1%
gen 9 offspring [98/100] k= 30 (used  29.0) c=0.991 alpha=-0.402 beta=+0.150 | loss 3.2577 (delta +0.3724) size 488.3 MB sparsity 23.7%
gen 9 offspring [99/100] k= 13 (used  13.0) c=0.888 alpha=-0.023 beta=+0.421 | loss 3.9032 (delta +1.0179) size 441.1 MB sparsity 31.0%
gen 9 offspring [100/100] k= 55 (used  55.0) c=0.954 alpha=-0.039 beta=+0.016 | loss 2.9282 (delta +0.0429) size 541.4 MB sparsity 6.6%
=== generation 9/50 done in 448s (0 reused), batch baseline 2.8854, HV 0.22106, front 100 points, 100/100 feasible, best delta loss +0.0022, smallest 441.2 MB
gen 10 offspring [1/100] k= 24 (used  23.0) c=0.998 alpha=-0.209 beta=+0.081 | loss 3.1438 (delta +0.2585) size 495.6 MB sparsity 18.0%
gen 10 offspring [2/100] k= 13 (used  13.0) c=0.869 alpha=-0.104 beta=+0.433 | loss 3.8959 (delta +1.0105) size 440.9 MB sparsity 31.2%
gen 10 offspring [3/100] k= 44 (used  43.0) c=0.994 alpha=-0.145 beta=+0.071 | loss 2.9499 (delta +0.0645) size 541.4 MB sparsity 10.9%
gen 10 offspring [4/100] k= 18 (used  17.0) c=0.997 alpha=-0.415 beta=+0.149 | loss 3.6828 (delta +0.7974) size 445.4 MB sparsity 28.6%
gen 10 offspring [5/100] k= 64 (used  63.0) c=0.998 alpha=-0.106 beta=+0.050 | loss 2.9252 (delta +0.0398) size 541.4 MB sparsity 7.7%
gen 10 offspring [6/100] k= 15 (used  15.0) c=0.876 alpha=-0.020 beta=+0.429 | loss 3.6811 (delta +0.7957) size 444.4 MB sparsity 29.2%
gen 10 offspring [7/100] k= 30 (used  30.0) c=0.957 alpha=-0.352 beta=+0.046 | loss 3.2007 (delta +0.3153) size 494.1 MB sparsity 21.0%
gen 10 offspring [8/100] k= 80 (used  80.0) c=0.920 alpha=-0.095 beta=+0.048 | loss 2.9082 (delta +0.0229) size 586.1 MB sparsity 6.5%
gen 10 offspring [9/100] k= 28 (used  28.0) c=0.954 alpha=-0.002 beta=+0.158 | loss 3.0601 (delta +0.1747) size 496.6 MB sparsity 14.3%
gen 10 offspring [10/100] k= 17 (used  17.0) c=0.923 alpha=-0.067 beta=+0.131 | loss 3.3294 (delta +0.4441) size 459.3 MB sparsity 20.9%
gen 10 offspring [11/100] k= 28 (used  28.0) c=0.953 alpha=-0.170 beta=+0.354 | loss 3.2300 (delta +0.3447) size 490.6 MB sparsity 22.7%
gen 10 offspring [12/100] k= 17 (used  17.0) c=0.943 alpha=-0.135 beta=+0.037 | loss 3.3711 (delta +0.4857) size 458.5 MB sparsity 21.3%
gen 10 offspring [13/100] k= 41 (used  41.0) c=0.987 alpha=-0.065 beta=+0.052 | loss 2.9424 (delta +0.0570) size 541.4 MB sparsity 9.2%
gen 10 offspring [14/100] k= 15 (used  15.0) c=0.884 alpha=-0.053 beta=+0.425 | loss 3.6776 (delta +0.7922) size 444.5 MB sparsity 29.1%
gen 10 offspring [15/100] k= 17 (used  17.0) c=0.859 alpha=-0.128 beta=+0.068 | loss 3.2894 (delta +0.4040) size 461.7 MB sparsity 19.5%
gen 10 offspring [16/100] k= 53 (used  53.0) c=0.941 alpha=-0.194 beta=+0.170 | loss 2.9843 (delta +0.0989) size 541.3 MB sparsity 15.6%
gen 10 offspring [17/100] k= 48 (used  47.0) c=0.995 alpha=-0.193 beta=+0.055 | loss 2.9515 (delta +0.0662) size 541.4 MB sparsity 12.3%
gen 10 offspring [18/100] k= 74 (used  73.0) c=0.989 alpha=-0.039 beta=+0.012 | loss 2.9040 (delta +0.0187) size 586.1 MB sparsity 5.2%
gen 10 offspring [19/100] k= 28 (used  28.0) c=0.903 alpha=-0.106 beta=+0.180 | loss 3.0242 (delta +0.1388) size 496.7 MB sparsity 14.6%
gen 10 offspring [20/100] k= 31 (used  31.0) c=0.945 alpha=-0.046 beta=+0.144 | loss 2.9848 (delta +0.0995) size 496.7 MB sparsity 12.6%
gen 10 offspring [21/100] k= 17 (used  17.0) c=0.851 alpha=-0.207 beta=+0.013 | loss 3.2816 (delta +0.3963) size 461.1 MB sparsity 19.9%
gen 10 offspring [22/100] k= 15 (used  15.0) c=0.940 alpha=-0.020 beta=+0.013 | loss 3.5546 (delta +0.6693) size 449.5 MB sparsity 24.1%
gen 10 offspring [23/100] k= 30 (used  29.0) c=0.990 alpha=-0.402 beta=+0.175 | loss 3.2770 (delta +0.3917) size 486.5 MB sparsity 24.6%
gen 10 offspring [24/100] k= 18 (used  18.0) c=0.855 alpha=-0.107 beta=+0.019 | loss 3.2703 (delta +0.3849) size 493.9 MB sparsity 19.5%
gen 10 offspring [25/100] k= 42 (used  42.0) c=0.839 alpha=-0.347 beta=+0.046 | loss 3.1063 (delta +0.2209) size 537.0 MB sparsity 18.3%
gen 10 offspring [26/100] k= 17 (used  17.0) c=0.991 alpha=-0.042 beta=+0.110 | loss 3.4150 (delta +0.5297) size 456.7 MB sparsity 22.3%
gen 10 offspring [27/100] k= 37 (used  37.0) c=0.987 alpha=-0.110 beta=+0.051 | loss 2.9667 (delta +0.0814) size 541.4 MB sparsity 10.6%
gen 10 offspring [28/100] k= 28 (used  27.0) c=0.996 alpha=-0.054 beta=+0.079 | loss 3.0383 (delta +0.1529) size 496.6 MB sparsity 14.2%
gen 10 offspring [29/100] k= 29 (used  29.0) c=0.866 alpha=-0.344 beta=+0.429 | loss 3.5131 (delta +0.6277) size 470.2 MB sparsity 31.8%
gen 10 offspring [30/100] k= 16 (used  15.0) c=0.940 alpha=-0.149 beta=+0.002 | loss 3.5562 (delta +0.6709) size 449.5 MB sparsity 24.1%
gen 10 offspring [31/100] k= 32 (used  32.0) c=0.943 alpha=-0.401 beta=+0.055 | loss 3.2205 (delta +0.3351) size 491.4 MB sparsity 22.4%
gen 10 offspring [32/100] k= 30 (used  30.0) c=0.869 alpha=-0.444 beta=+0.035 | loss 3.3089 (delta +0.4236) size 488.0 MB sparsity 23.9%
gen 10 offspring [33/100] k= 46 (used  46.0) c=0.967 alpha=-0.056 beta=+0.095 | loss 2.9302 (delta +0.0448) size 541.4 MB sparsity 8.7%
gen 10 offspring [34/100] k= 16 (used  16.0) c=0.855 alpha=-0.029 beta=+0.117 | loss 3.4136 (delta +0.5282) size 450.7 MB sparsity 22.0%
gen 10 offspring [35/100] k= 18 (used  17.0) c=0.988 alpha=-0.042 beta=+0.106 | loss 3.4114 (delta +0.5261) size 456.8 MB sparsity 22.3%
gen 10 offspring [36/100] k= 28 (used  28.0) c=0.937 alpha=-0.012 beta=+0.158 | loss 3.0361 (delta +0.1508) size 496.7 MB sparsity 14.2%
gen 10 offspring [37/100] k= 15 (used  15.0) c=0.990 alpha=-0.107 beta=+0.461 | loss 3.9281 (delta +1.0427) size 439.8 MB sparsity 31.8%
gen 10 offspring [38/100] k= 30 (used  29.0) c=0.966 alpha=-0.110 beta=+0.019 | loss 3.0102 (delta +0.1248) size 496.7 MB sparsity 12.8%
gen 10 offspring [39/100] k= 17 (used  17.0) c=0.933 alpha=-0.052 beta=+0.166 | loss 3.3504 (delta +0.4651) size 458.9 MB sparsity 21.1%
gen 10 offspring [40/100] k= 32 (used  32.0) c=0.952 alpha=-0.045 beta=+0.095 | loss 2.9851 (delta +0.0998) size 496.7 MB sparsity 11.8%
gen 10 offspring [41/100] k= 23 (used  23.0) c=0.873 alpha=-0.028 beta=+0.116 | loss 3.0781 (delta +0.1927) size 496.6 MB sparsity 14.6%
gen 10 offspring [42/100] k= 23 (used  23.0) c=0.946 alpha=-0.044 beta=+0.016 | loss 3.0899 (delta +0.2045) size 496.2 MB sparsity 15.8%
gen 10 offspring [43/100] k= 16 (used  16.0) c=0.885 alpha=-0.206 beta=+0.380 | loss 3.5911 (delta +0.7057) size 447.2 MB sparsity 27.6%
gen 10 offspring [44/100] k= 33 (used  33.0) c=0.975 alpha=-0.045 beta=+0.024 | loss 2.9710 (delta +0.0856) size 516.0 MB sparsity 11.3%
gen 10 offspring [45/100] k= 30 (used  30.0) c=0.864 alpha=-0.393 beta=+0.260 | loss 3.3499 (delta +0.4645) size 480.4 MB sparsity 27.3%
gen 10 offspring [46/100] k= 33 (used  33.0) c=0.909 alpha=-0.002 beta=+0.003 | loss 2.9779 (delta +0.0926) size 517.7 MB sparsity 10.6%
gen 10 offspring [47/100] k= 85 (used  85.0) c=1.000 alpha=-0.130 beta=+0.159 | loss 2.9298 (delta +0.0444) size 586.1 MB sparsity 12.3%
gen 10 offspring [48/100] k= 15 (used  15.0) c=0.862 alpha=-0.026 beta=+0.407 | loss 3.6385 (delta +0.7532) size 446.2 MB sparsity 28.2%
gen 10 offspring [49/100] k= 11 (used  11.0) c=0.850 alpha=-0.056 beta=+0.134 | loss 4.2351 (delta +1.3497) size 443.3 MB sparsity 29.8%
gen 10 offspring [50/100] k= 23 (used  23.0) c=0.999 alpha=-0.013 beta=+0.117 | loss 3.1107 (delta +0.2254) size 495.8 MB sparsity 16.7%
gen 10 offspring [51/100] k= 16 (used  16.0) c=0.872 alpha=-0.044 beta=+0.110 | loss 3.4577 (delta +0.5723) size 450.5 MB sparsity 22.5%
gen 10 offspring [52/100] k= 90 (used  89.0) c=0.998 alpha=-0.014 beta=+0.085 | loss 2.9014 (delta +0.0160) size 586.1 MB sparsity 5.8%
gen 10 offspring [53/100] k= 23 (used  23.0) c=0.916 alpha=-0.046 beta=+0.017 | loss 3.0751 (delta +0.1897) size 496.4 MB sparsity 15.3%
gen 10 offspring [54/100] k= 16 (used  16.0) c=0.850 alpha=-0.252 beta=+0.007 | loss 3.4334 (delta +0.5480) size 450.6 MB sparsity 22.9%
gen 10 offspring [55/100] k= 41 (used  41.0) c=0.847 alpha=-0.185 beta=+0.076 | loss 2.9785 (delta +0.0931) size 541.4 MB sparsity 12.0%
gen 10 offspring [56/100] k= 80 (used  80.0) c=0.943 alpha=-0.039 beta=+0.012 | loss 2.9022 (delta +0.0168) size 586.1 MB sparsity 4.6%
gen 10 offspring [57/100] k=210 (used 208.7) c=0.996 alpha=-0.124 beta=+0.022 | loss 2.8986 (delta +0.0133) size 630.9 MB sparsity 6.3%
gen 10 offspring [58/100] k= 32 (used  31.0) c=0.999 alpha=-0.036 beta=+0.089 | loss 3.0002 (delta +0.1149) size 496.7 MB sparsity 12.4%
gen 10 offspring [59/100] k= 33 (used  33.0) c=0.973 alpha=-0.049 beta=+0.050 | loss 2.9724 (delta +0.0871) size 516.1 MB sparsity 11.3%
gen 10 offspring [60/100] k= 15 (used  15.0) c=0.875 alpha=-0.047 beta=+0.366 | loss 3.5643 (delta +0.6789) size 448.1 MB sparsity 26.9%
gen 10 offspring [61/100] k=141 (used 139.1) c=0.935 alpha=-0.008 beta=+0.427 | loss 3.4096 (delta +0.5243) size 608.7 MB sparsity 18.7%
gen 10 offspring [62/100] k= 25 (used  25.0) c=0.992 alpha=-0.119 beta=+0.071 | loss 3.0641 (delta +0.1787) size 496.4 MB sparsity 15.2%
gen 10 offspring [63/100] k= 30 (used  29.0) c=0.995 alpha=-0.110 beta=+0.174 | loss 3.0264 (delta +0.1411) size 496.7 MB sparsity 14.6%
gen 10 offspring [64/100] k= 17 (used  17.0) c=0.976 alpha=-0.102 beta=+0.059 | loss 3.3905 (delta +0.5052) size 457.3 MB sparsity 22.0%
gen 10 offspring [65/100] k= 12 (used  12.0) c=0.861 alpha=-0.305 beta=+0.408 | loss 4.3909 (delta +1.5056) size 437.3 MB sparsity 33.2%
gen 10 offspring [66/100] k= 41 (used  41.0) c=0.941 alpha=-0.312 beta=+0.054 | loss 3.0663 (delta +0.1810) size 539.0 MB sparsity 17.4%
gen 10 offspring [67/100] k= 24 (used  24.0) c=0.945 alpha=-0.046 beta=+0.043 | loss 3.0922 (delta +0.2069) size 496.2 MB sparsity 15.8%
gen 10 offspring [68/100] k= 15 (used  15.0) c=0.936 alpha=-0.026 beta=+0.445 | loss 3.7818 (delta +0.8965) size 442.0 MB sparsity 30.5%
gen 10 offspring [69/100] k= 16 (used  16.0) c=0.869 alpha=-0.172 beta=+0.037 | loss 3.4343 (delta +0.5489) size 450.5 MB sparsity 22.4%
gen 10 offspring [70/100] k= 15 (used  15.0) c=0.890 alpha=-0.029 beta=+0.046 | loss 3.5088 (delta +0.6234) size 450.3 MB sparsity 22.9%
gen 10 offspring [71/100] k= 53 (used  53.0) c=0.875 alpha=-0.173 beta=+0.176 | loss 2.9993 (delta +0.1140) size 541.3 MB sparsity 14.9%
gen 10 offspring [72/100] k= 30 (used  29.0) c=0.987 alpha=-0.276 beta=+0.150 | loss 3.1086 (delta +0.2232) size 496.0 MB sparsity 19.0%
gen 10 offspring [73/100] k= 97 (used  97.0) c=0.997 alpha=-0.039 beta=+0.012 | loss 2.8964 (delta +0.0110) size 586.1 MB sparsity 4.0%
gen 10 offspring [74/100] k= 17 (used  17.0) c=0.852 alpha=-0.132 beta=+0.142 | loss 3.2748 (delta +0.3894) size 462.0 MB sparsity 19.4%
gen 10 offspring [75/100] k= 39 (used  39.0) c=0.936 alpha=-0.043 beta=+0.086 | loss 2.9442 (delta +0.0588) size 541.4 MB sparsity 9.3%
gen 10 offspring [76/100] k= 15 (used  15.0) c=0.877 alpha=-0.044 beta=+0.358 | loss 3.5790 (delta +0.6937) size 448.4 MB sparsity 26.7%
gen 10 offspring [77/100] k= 82 (used  81.5) c=0.850 alpha=-0.132 beta=+0.354 | loss 3.1030 (delta +0.2176) size 567.3 MB sparsity 20.3%
gen 10 offspring [78/100] k= 54 (used  53.0) c=0.996 alpha=-0.039 beta=+0.006 | loss 2.9244 (delta +0.0390) size 541.4 MB sparsity 7.2%
gen 10 offspring [79/100] k= 18 (used  17.0) c=0.981 alpha=-0.107 beta=+0.059 | loss 3.4137 (delta +0.5283) size 457.1 MB sparsity 22.1%
gen 10 offspring [80/100] k= 64 (used  64.0) c=0.925 alpha=-0.000 beta=+0.001 | loss 2.9153 (delta +0.0299) size 541.4 MB sparsity 5.6%
gen 10 offspring [81/100] k=136 (used 135.0) c=0.999 alpha=-0.008 beta=+0.001 | loss 2.8945 (delta +0.0092) size 630.9 MB sparsity 2.8%
gen 10 offspring [82/100] k= 14 (used  14.0) c=0.877 alpha=-0.044 beta=+0.148 | loss 3.7036 (delta +0.8182) size 448.0 MB sparsity 26.0%
gen 10 offspring [83/100] k= 23 (used  23.0) c=0.930 alpha=-0.047 beta=+0.073 | loss 3.0746 (delta +0.1893) size 496.3 MB sparsity 15.6%
gen 10 offspring [84/100] k=224 (used 222.0) c=0.995 alpha=-0.306 beta=+0.008 | loss 3.0042 (delta +0.1189) size 627.0 MB sparsity 13.6%
gen 10 offspring [85/100] k= 20 (used  19.0) c=0.969 alpha=-0.048 beta=+0.422 | loss 3.4920 (delta +0.6066) size 480.4 MB sparsity 27.3%
gen 10 offspring [86/100] k=215 (used 211.8) c=0.876 alpha=-0.394 beta=+0.012 | loss 3.1313 (delta +0.2459) size 614.9 MB sparsity 17.0%
gen 10 offspring [87/100] k= 25 (used  25.0) c=0.994 alpha=-0.084 beta=+0.144 | loss 3.0648 (delta +0.1794) size 496.4 MB sparsity 15.4%
gen 10 offspring [88/100] k= 31 (used  31.0) c=0.977 alpha=-0.111 beta=+0.061 | loss 2.9909 (delta +0.1056) size 496.7 MB sparsity 12.2%
gen 10 offspring [89/100] k= 20 (used  20.0) c=0.935 alpha=-0.174 beta=+0.432 | loss 3.4819 (delta +0.5966) size 480.2 MB sparsity 27.4%
gen 10 offspring [90/100] k= 36 (used  36.0) c=0.869 alpha=-0.089 beta=+0.041 | loss 2.9575 (delta +0.0721) size 541.4 MB sparsity 9.6%
gen 10 offspring [91/100] k= 35 (used  35.0) c=0.839 alpha=-0.292 beta=+0.401 | loss 3.4053 (delta +0.5199) size 509.0 MB sparsity 28.7%
gen 10 offspring [92/100] k= 44 (used  44.0) c=0.936 alpha=-0.039 beta=+0.116 | loss 2.9392 (delta +0.0539) size 541.4 MB sparsity 9.5%
gen 10 offspring [93/100] k= 23 (used  23.0) c=0.957 alpha=-0.054 beta=+0.069 | loss 3.0925 (delta +0.2072) size 496.1 MB sparsity 16.0%
gen 10 offspring [94/100] k= 30 (used  29.0) c=0.988 alpha=-0.060 beta=+0.148 | loss 3.0188 (delta +0.1335) size 496.7 MB sparsity 13.7%
gen 10 offspring [95/100] k= 28 (used  28.0) c=0.942 alpha=-0.334 beta=+0.054 | loss 3.1903 (delta +0.3050) size 494.4 MB sparsity 20.7%
gen 10 offspring [96/100] k= 32 (used  32.0) c=0.966 alpha=-0.014 beta=+0.089 | loss 2.9904 (delta +0.1051) size 496.7 MB sparsity 12.0%
gen 10 offspring [97/100] k= 31 (used  31.0) c=0.940 alpha=-0.056 beta=+0.354 | loss 3.1418 (delta +0.2565) size 494.7 MB sparsity 20.6%
gen 10 offspring [98/100] k= 31 (used  31.0) c=0.998 alpha=-0.088 beta=+0.391 | loss 3.2324 (delta +0.3471) size 491.5 MB sparsity 22.3%
gen 10 offspring [99/100] k=  3 (used   3.0) c=0.980 alpha=-0.106 beta=+0.066 | loss 16.0748 (delta +13.1894) size 320.6 MB sparsity 93.6%
gen 10 offspring [100/100] k= 15 (used  15.0) c=0.995 alpha=-0.026 beta=+0.431 | loss 3.8194 (delta +0.9340) size 441.5 MB sparsity 30.8%
=== generation 10/50 done in 462s (0 reused), batch baseline 2.8854, HV 0.22189, front 100 points, 100/100 feasible, best delta loss +0.0022, smallest 441.2 MB
gen 11 offspring [1/100] k= 69 (used  69.0) c=0.995 alpha=-0.013 beta=+0.012 | loss 2.9084 (delta +0.0230) size 586.1 MB sparsity 5.5%
gen 11 offspring [2/100] k= 15 (used  15.0) c=0.995 alpha=-0.028 beta=+0.431 | loss 3.8204 (delta +0.9351) size 441.5 MB sparsity 30.8%
gen 11 offspring [3/100] k= 15 (used  15.0) c=0.862 alpha=-0.020 beta=+0.407 | loss 3.6385 (delta +0.7532) size 446.2 MB sparsity 28.2%
gen 11 offspring [4/100] k= 30 (used  29.0) c=0.991 alpha=-0.359 beta=+0.150 | loss 3.1934 (delta +0.3081) size 491.9 MB sparsity 22.1%
gen 11 offspring [5/100] k= 13 (used  13.0) c=0.877 alpha=-0.322 beta=+0.056 | loss 3.8045 (delta +0.9191) size 446.9 MB sparsity 27.6%
gen 11 offspring [6/100] k= 17 (used  17.0) c=0.973 alpha=-0.102 beta=+0.059 | loss 3.3934 (delta +0.5081) size 457.4 MB sparsity 22.0%
gen 11 offspring [7/100] k= 23 (used  23.0) c=0.930 alpha=-0.215 beta=+0.377 | loss 3.3030 (delta +0.4177) size 484.6 MB sparsity 25.4%
gen 11 offspring [8/100] k= 19 (used  19.0) c=0.975 alpha=-0.045 beta=+0.061 | loss 3.2619 (delta +0.3765) size 493.7 MB sparsity 19.7%
gen 11 offspring [9/100] k= 36 (used  36.0) c=0.924 alpha=-0.073 beta=+0.002 | loss 2.9668 (delta +0.0814) size 541.4 MB sparsity 10.1%
gen 11 offspring [10/100] k= 31 (used  31.0) c=0.976 alpha=-0.107 beta=+0.016 | loss 2.9897 (delta +0.1043) size 496.7 MB sparsity 12.1%
gen 11 offspring [11/100] k= 19 (used  19.0) c=0.851 alpha=-0.403 beta=+0.147 | loss 3.4726 (delta +0.5872) size 484.6 MB sparsity 25.4%
gen 11 offspring [12/100] k= 30 (used  30.0) c=0.940 alpha=-0.369 beta=+0.155 | loss 3.2123 (delta +0.3270) size 491.0 MB sparsity 22.5%
gen 11 offspring [13/100] k= 15 (used  15.0) c=0.906 alpha=-0.067 beta=+0.131 | loss 3.5199 (delta +0.6346) size 450.0 MB sparsity 23.3%
gen 11 offspring [14/100] k= 15 (used  15.0) c=0.883 alpha=-0.014 beta=+0.429 | loss 3.6750 (delta +0.7896) size 444.3 MB sparsity 29.3%
gen 11 offspring [15/100] k= 23 (used  23.0) c=0.933 alpha=-0.052 beta=+0.166 | loss 3.0805 (delta +0.1951) size 496.3 MB sparsity 16.0%
gen 11 offspring [16/100] k= 12 (used  12.0) c=0.874 alpha=-0.149 beta=+0.001 | loss 4.1710 (delta +1.2857) size 441.9 MB sparsity 30.6%
gen 11 offspring [17/100] k= 31 (used  31.0) c=0.938 alpha=-0.056 beta=+0.371 | loss 3.1679 (delta +0.2825) size 493.8 MB sparsity 21.2%
gen 11 offspring [18/100] k= 26 (used  26.0) c=0.936 alpha=-0.006 beta=+0.063 | loss 3.0434 (delta +0.1581) size 496.6 MB sparsity 14.4%
gen 11 offspring [19/100] k= 85 (used  85.0) c=0.997 alpha=-0.130 beta=+0.038 | loss 2.9100 (delta +0.0246) size 586.1 MB sparsity 7.8%
gen 11 offspring [20/100] k= 33 (used  33.0) c=0.935 alpha=-0.143 beta=+0.432 | loss 3.2963 (delta +0.4110) size 487.2 MB sparsity 24.2%
gen 11 offspring [21/100] k= 66 (used  66.0) c=0.940 alpha=-0.012 beta=+0.049 | loss 2.9102 (delta +0.0249) size 586.1 MB sparsity 5.5%
gen 11 offspring [22/100] k= 31 (used  31.0) c=0.940 alpha=-0.165 beta=+0.151 | loss 2.9968 (delta +0.1114) size 496.7 MB sparsity 14.4%
gen 11 offspring [23/100] k= 31 (used  31.0) c=0.947 alpha=-0.400 beta=+0.029 | loss 3.2052 (delta +0.3198) size 491.5 MB sparsity 22.3%
gen 11 offspring [24/100] k= 16 (used  16.0) c=0.877 alpha=-0.038 beta=+0.135 | loss 3.4799 (delta +0.5946) size 450.4 MB sparsity 22.6%
gen 11 offspring [25/100] k= 37 (used  37.0) c=0.992 alpha=-0.110 beta=+0.054 | loss 2.9648 (delta +0.0795) size 541.4 MB sparsity 10.6%
gen 11 offspring [26/100] k= 23 (used  23.0) c=0.930 alpha=-0.442 beta=+0.073 | loss 3.3896 (delta +0.5042) size 483.5 MB sparsity 25.9%
gen 11 offspring [27/100] k= 25 (used  25.0) c=0.994 alpha=-0.084 beta=+0.086 | loss 3.0653 (delta +0.1799) size 496.4 MB sparsity 15.3%
gen 11 offspring [28/100] k= 15 (used  15.0) c=0.857 alpha=-0.026 beta=+0.402 | loss 3.6180 (delta +0.7327) size 446.6 MB sparsity 28.0%
gen 11 offspring [29/100] k= 24 (used  24.0) c=0.940 alpha=-0.056 beta=+0.354 | loss 3.2531 (delta +0.3678) size 490.6 MB sparsity 22.7%
gen 11 offspring [30/100] k= 17 (used  17.0) c=0.994 alpha=-0.031 beta=+0.021 | loss 3.4112 (delta +0.5259) size 456.6 MB sparsity 22.4%
gen 11 offspring [31/100] k= 30 (used  30.0) c=0.885 alpha=-0.415 beta=+0.156 | loss 3.2740 (delta +0.3887) size 487.3 MB sparsity 24.2%
gen 11 offspring [32/100] k= 42 (used  42.0) c=0.853 alpha=-0.131 beta=+0.142 | loss 2.9732 (delta +0.0878) size 541.4 MB sparsity 12.1%
gen 11 offspring [33/100] k= 30 (used  30.0) c=0.937 alpha=-0.347 beta=+0.046 | loss 3.1751 (delta +0.2897) size 494.5 MB sparsity 20.7%
gen 11 offspring [34/100] k= 13 (used  13.0) c=0.884 alpha=-0.052 beta=+0.421 | loss 3.8835 (delta +0.9981) size 441.2 MB sparsity 31.0%
gen 11 offspring [35/100] k= 15 (used  15.0) c=0.998 alpha=-0.026 beta=+0.379 | loss 3.7496 (delta +0.8642) size 444.6 MB sparsity 29.1%
gen 11 offspring [36/100] k=142 (used 142.0) c=0.931 alpha=-0.008 beta=+0.010 | loss 2.8946 (delta +0.0093) size 630.9 MB sparsity 2.5%
gen 11 offspring [37/100] k= 16 (used  16.0) c=0.870 alpha=-0.123 beta=+0.054 | loss 3.4303 (delta +0.5450) size 450.5 MB sparsity 22.4%
gen 11 offspring [38/100] k= 24 (used  24.0) c=0.855 alpha=-0.052 beta=+0.354 | loss 3.2434 (delta +0.3580) size 492.2 MB sparsity 22.0%
gen 11 offspring [39/100] k= 15 (used  15.0) c=0.995 alpha=-0.368 beta=+0.197 | loss 3.8246 (delta +0.9392) size 445.3 MB sparsity 28.7%
gen 11 offspring [40/100] k= 71 (used  71.0) c=0.997 alpha=-0.171 beta=+0.085 | loss 2.9324 (delta +0.0471) size 586.1 MB sparsity 11.1%
gen 11 offspring [41/100] k=212 (used 212.0) c=0.939 alpha=-0.039 beta=+0.000 | loss 2.8935 (delta +0.0082) size 630.9 MB sparsity 2.5%
gen 11 offspring [42/100] k= 28 (used  27.0) c=0.998 alpha=-0.104 beta=+0.180 | loss 3.0518 (delta +0.1664) size 496.6 MB sparsity 15.4%
gen 11 offspring [43/100] k=  8 (used   8.0) c=0.852 alpha=-0.138 beta=+0.142 | loss 9.9024 (delta +7.0171) size 389.8 MB sparsity 46.3%
gen 11 offspring [44/100] k= 15 (used  15.0) c=0.898 alpha=-0.032 beta=+0.434 | loss 3.7186 (delta +0.8332) size 443.6 MB sparsity 29.6%
gen 11 offspring [45/100] k= 15 (used  15.0) c=0.851 alpha=-0.067 beta=+0.019 | loss 3.4455 (delta +0.5601) size 450.7 MB sparsity 22.0%
gen 11 offspring [46/100] k= 30 (used  30.0) c=0.866 alpha=-0.347 beta=+0.046 | loss 3.1298 (delta +0.2444) size 495.1 MB sparsity 20.2%
gen 11 offspring [47/100] k= 16 (used  16.0) c=0.855 alpha=-0.029 beta=+0.172 | loss 3.4141 (delta +0.5288) size 450.7 MB sparsity 22.0%
gen 11 offspring [48/100] k= 11 (used  11.0) c=0.976 alpha=-0.118 beta=+0.050 | loss 5.0151 (delta +2.1297) size 436.3 MB sparsity 33.7%
gen 11 offspring [49/100] k= 17 (used  17.0) c=0.885 alpha=-0.038 beta=+0.077 | loss 3.3176 (delta +0.4323) size 460.7 MB sparsity 20.1%
gen 11 offspring [50/100] k= 32 (used  31.0) c=0.980 alpha=-0.110 beta=+0.022 | loss 2.9917 (delta +0.1063) size 496.7 MB sparsity 12.2%
gen 11 offspring [51/100] k= 64 (used  64.0) c=0.870 alpha=-0.002 beta=+0.040 | loss 2.9213 (delta +0.0359) size 541.4 MB sparsity 5.3%
gen 11 offspring [52/100] k= 29 (used  29.0) c=0.863 alpha=-0.335 beta=+0.061 | loss 3.1160 (delta +0.2306) size 495.5 MB sparsity 19.7%
gen 11 offspring [53/100] k= 32 (used  32.0) c=0.869 alpha=-0.095 beta=+0.050 | loss 2.9805 (delta +0.0951) size 496.7 MB sparsity 10.8%
gen 11 offspring [54/100] k= 31 (used  31.0) c=0.995 alpha=-0.169 beta=+0.354 | loss 3.1693 (delta +0.2840) size 491.2 MB sparsity 22.4%
gen 11 offspring [55/100] k= 34 (used  34.0) c=0.916 alpha=-0.036 beta=+0.089 | loss 2.9729 (delta +0.0875) size 541.4 MB sparsity 10.7%
gen 11 offspring [56/100] k= 17 (used  17.0) c=0.945 alpha=-0.047 beta=+0.111 | loss 3.3745 (delta +0.4891) size 458.4 MB sparsity 21.4%
gen 11 offspring [57/100] k= 16 (used  16.0) c=0.884 alpha=-0.052 beta=+0.442 | loss 3.6795 (delta +0.7942) size 443.5 MB sparsity 29.7%
gen 11 offspring [58/100] k= 91 (used  91.0) c=0.999 alpha=-0.039 beta=+0.005 | loss 2.8997 (delta +0.0144) size 586.1 MB sparsity 4.2%
gen 11 offspring [59/100] k= 28 (used  28.0) c=0.869 alpha=-0.120 beta=+0.432 | loss 3.3326 (delta +0.4472) size 487.7 MB sparsity 24.0%
gen 11 offspring [60/100] k= 13 (used  13.0) c=0.869 alpha=-0.282 beta=+0.415 | loss 3.9394 (delta +1.0541) size 440.9 MB sparsity 31.2%
gen 11 offspring [61/100] k= 17 (used  17.0) c=0.943 alpha=-0.135 beta=+0.106 | loss 3.3711 (delta +0.4857) size 458.5 MB sparsity 21.3%
gen 11 offspring [62/100] k= 12 (used  11.0) c=0.923 alpha=-0.067 beta=+0.131 | loss 4.5812 (delta +1.6958) size 439.2 MB sparsity 32.1%
gen 11 offspring [63/100] k= 15 (used  15.0) c=0.974 alpha=-0.118 beta=+0.050 | loss 3.6643 (delta +0.7790) size 448.9 MB sparsity 24.9%
gen 11 offspring [64/100] k= 17 (used  17.0) c=0.850 alpha=-0.096 beta=+0.017 | loss 3.2754 (delta +0.3901) size 462.1 MB sparsity 19.3%
gen 11 offspring [65/100] k= 15 (used  15.0) c=0.870 alpha=-0.185 beta=+0.319 | loss 3.5085 (delta +0.6232) size 449.5 MB sparsity 25.3%
gen 11 offspring [66/100] k= 30 (used  29.0) c=0.990 alpha=-0.434 beta=+0.354 | loss 3.6105 (delta +0.7251) size 468.8 MB sparsity 32.5%
gen 11 offspring [67/100] k= 31 (used  31.0) c=0.928 alpha=-0.050 beta=+0.133 | loss 2.9773 (delta +0.0920) size 496.7 MB sparsity 12.1%
gen 11 offspring [68/100] k=104 (used 104.0) c=0.976 alpha=-0.069 beta=+0.026 | loss 2.8980 (delta +0.0126) size 586.1 MB sparsity 4.9%
gen 11 offspring [69/100] k= 18 (used  17.0) c=0.988 alpha=-0.042 beta=+0.104 | loss 3.4113 (delta +0.5260) size 456.8 MB sparsity 22.3%
gen 11 offspring [70/100] k= 29 (used  29.0) c=0.862 alpha=-0.000 beta=+0.046 | loss 2.9875 (delta +0.1021) size 496.7 MB sparsity 11.4%
gen 11 offspring [71/100] k= 35 (used  35.0) c=0.973 alpha=-0.021 beta=+0.142 | loss 2.9736 (delta +0.0883) size 541.4 MB sparsity 11.9%
gen 11 offspring [72/100] k= 17 (used  17.0) c=0.862 alpha=-0.211 beta=+0.028 | loss 3.2933 (delta +0.4080) size 460.7 MB sparsity 20.1%
gen 11 offspring [73/100] k= 35 (used  35.0) c=0.858 alpha=-0.102 beta=+0.010 | loss 2.9649 (delta +0.0795) size 541.4 MB sparsity 9.8%
gen 11 offspring [74/100] k= 16 (used  16.0) c=0.869 alpha=-0.169 beta=+0.380 | loss 3.5500 (delta +0.6647) size 447.6 MB sparsity 27.4%
gen 11 offspring [75/100] k= 17 (used  17.0) c=0.995 alpha=-0.058 beta=+0.177 | loss 3.4250 (delta +0.5397) size 456.5 MB sparsity 22.4%
gen 11 offspring [76/100] k= 28 (used  28.0) c=0.866 alpha=-0.042 beta=+0.003 | loss 3.0122 (delta +0.1268) size 496.7 MB sparsity 12.4%
gen 11 offspring [77/100] k= 16 (used  16.0) c=0.888 alpha=-0.029 beta=+0.117 | loss 3.4723 (delta +0.5869) size 450.3 MB sparsity 22.8%
gen 11 offspring [78/100] k= 64 (used  64.0) c=0.926 alpha=-0.000 beta=+0.001 | loss 2.9147 (delta +0.0294) size 541.4 MB sparsity 5.6%
gen 11 offspring [79/100] k= 16 (used  16.0) c=0.864 alpha=-0.206 beta=+0.432 | loss 3.6336 (delta +0.7483) size 444.4 MB sparsity 29.2%
gen 11 offspring [80/100] k= 46 (used  45.9) c=0.881 alpha=-0.020 beta=+0.443 | loss 3.4686 (delta +0.5832) size 527.7 MB sparsity 21.8%
gen 11 offspring [81/100] k= 31 (used  31.0) c=0.944 alpha=-0.043 beta=+0.050 | loss 2.9822 (delta +0.0969) size 496.7 MB sparsity 11.7%
gen 11 offspring [82/100] k=217 (used 217.0) c=0.995 alpha=-0.039 beta=+0.012 | loss 2.8891 (delta +0.0037) size 630.9 MB sparsity 2.6%
gen 11 offspring [83/100] k= 30 (used  30.0) c=0.873 alpha=-0.282 beta=+0.064 | loss 3.0697 (delta +0.1843) size 496.4 MB sparsity 17.7%
gen 11 offspring [84/100] k=  4 (used   3.0) c=0.884 alpha=-0.053 beta=+0.420 | loss 17.3358 (delta +14.4505) size 321.8 MB sparsity 91.0%
gen 11 offspring [85/100] k= 13 (used  13.0) c=0.935 alpha=-0.027 beta=+0.355 | loss 4.0746 (delta +1.1893) size 443.6 MB sparsity 29.6%
gen 11 offspring [86/100] k= 16 (used  16.0) c=0.852 alpha=-0.404 beta=+0.007 | loss 3.6631 (delta +0.7777) size 446.6 MB sparsity 28.0%
gen 11 offspring [87/100] k= 34 (used  34.0) c=0.952 alpha=-0.312 beta=+0.021 | loss 3.0976 (delta +0.2122) size 536.2 MB sparsity 18.6%
gen 11 offspring [88/100] k= 46 (used  46.0) c=0.911 alpha=-0.096 beta=+0.154 | loss 2.9519 (delta +0.0665) size 541.4 MB sparsity 11.2%
gen 11 offspring [89/100] k= 34 (used  33.0) c=1.000 alpha=-0.053 beta=+0.425 | loss 3.2835 (delta +0.3982) size 489.5 MB sparsity 23.2%
gen 11 offspring [90/100] k= 16 (used  15.0) c=0.972 alpha=-0.132 beta=+0.024 | loss 3.6642 (delta +0.7789) size 448.9 MB sparsity 24.8%
gen 11 offspring [91/100] k= 14 (used  13.0) c=0.995 alpha=-0.026 beta=+0.451 | loss 4.4512 (delta +1.5659) size 436.4 MB sparsity 33.7%
gen 11 offspring [92/100] k= 66 (used  66.0) c=0.939 alpha=-0.011 beta=+0.000 | loss 2.9105 (delta +0.0251) size 586.1 MB sparsity 5.5%
gen 11 offspring [93/100] k= 31 (used  31.0) c=0.941 alpha=-0.252 beta=+0.029 | loss 3.0386 (delta +0.1533) size 496.6 MB sparsity 16.6%
gen 11 offspring [94/100] k= 16 (used  16.0) c=0.857 alpha=-0.211 beta=+0.056 | loss 3.4124 (delta +0.5270) size 450.6 MB sparsity 22.2%
gen 11 offspring [95/100] k=  7 (used   7.0) c=0.988 alpha=-0.265 beta=+0.148 | loss 11.4767 (delta +8.5914) size 382.1 MB sparsity 52.0%
gen 11 offspring [96/100] k= 32 (used  32.0) c=0.874 alpha=-0.045 beta=+0.073 | loss 2.9813 (delta +0.0959) size 496.7 MB sparsity 10.9%
gen 11 offspring [97/100] k= 33 (used  33.0) c=0.943 alpha=-0.048 beta=+0.037 | loss 2.9770 (delta +0.0916) size 516.8 MB sparsity 11.0%
gen 11 offspring [98/100] k= 32 (used  32.0) c=0.944 alpha=-0.276 beta=+0.055 | loss 3.0615 (delta +0.1761) size 496.5 MB sparsity 17.6%
gen 11 offspring [99/100] k= 36 (used  35.0) c=0.973 alpha=-0.022 beta=+0.100 | loss 2.9686 (delta +0.0833) size 541.4 MB sparsity 10.7%
gen 11 offspring [100/100] k= 16 (used  15.0) c=0.997 alpha=-0.057 beta=+0.177 | loss 3.6356 (delta +0.7503) size 448.5 MB sparsity 25.4%
=== generation 11/50 done in 460s (0 reused), batch baseline 2.8854, HV 0.22203, front 100 points, 100/100 feasible, best delta loss +0.0022, smallest 441.2 MB
gen 12 offspring [1/100] k= 12 (used  11.0) c=0.989 alpha=-0.208 beta=+0.012 | loss 5.0514 (delta +2.1661) size 435.6 MB sparsity 34.1%
gen 12 offspring [2/100] k= 15 (used  15.0) c=0.943 alpha=-0.059 beta=+0.464 | loss 3.8961 (delta +1.0107) size 440.7 MB sparsity 31.3%
gen 12 offspring [3/100] k= 29 (used  29.0) c=0.991 alpha=-0.402 beta=+0.164 | loss 3.2731 (delta +0.3877) size 487.3 MB sparsity 24.2%
gen 12 offspring [4/100] k= 30 (used  29.0) c=0.993 alpha=-0.072 beta=+0.148 | loss 3.0227 (delta +0.1373) size 496.7 MB sparsity 13.7%
gen 12 offspring [5/100] k= 46 (used  45.9) c=0.884 alpha=-0.363 beta=+0.370 | loss 3.4307 (delta +0.5453) size 505.0 MB sparsity 30.2%
gen 12 offspring [6/100] k= 23 (used  23.0) c=0.873 alpha=-0.046 beta=+0.252 | loss 3.1224 (delta +0.2370) size 495.9 MB sparsity 18.3%
gen 12 offspring [7/100] k=  8 (used   7.0) c=0.870 alpha=-0.331 beta=+0.061 | loss 10.0953 (delta +7.2099) size 388.8 MB sparsity 47.1%
gen 12 offspring [8/100] k= 30 (used  30.0) c=0.928 alpha=-0.369 beta=+0.180 | loss 3.2547 (delta +0.3693) size 489.1 MB sparsity 23.4%
gen 12 offspring [9/100] k= 15 (used  15.0) c=0.864 alpha=-0.286 beta=+0.432 | loss 3.7749 (delta +0.8896) size 441.3 MB sparsity 30.9%
gen 12 offspring [10/100] k= 95 (used  95.0) c=0.997 alpha=-0.094 beta=+0.008 | loss 2.9008 (delta +0.0154) size 586.1 MB sparsity 6.1%
gen 12 offspring [11/100] k= 15 (used  15.0) c=0.944 alpha=-0.026 beta=+0.438 | loss 3.8071 (delta +0.9217) size 442.3 MB sparsity 30.4%
gen 12 offspring [12/100] k= 30 (used  29.0) c=0.992 alpha=-0.502 beta=+0.150 | loss 17.5776 (delta +14.6923) size 480.1 MB sparsity 27.4%
gen 12 offspring [13/100] k= 36 (used  36.0) c=0.885 alpha=-0.206 beta=+0.380 | loss 3.2444 (delta +0.3590) size 520.3 MB sparsity 24.5%
gen 12 offspring [14/100] k= 32 (used  31.0) c=0.976 alpha=-0.028 beta=+0.054 | loss 2.9895 (delta +0.1042) size 496.7 MB sparsity 12.1%
gen 12 offspring [15/100] k= 17 (used  17.0) c=0.870 alpha=-0.185 beta=+0.319 | loss 3.4001 (delta +0.5147) size 454.1 MB sparsity 23.8%
gen 12 offspring [16/100] k=  8 (used   7.0) c=0.884 alpha=-0.029 beta=+0.421 | loss 9.3017 (delta +6.4163) size 388.0 MB sparsity 47.7%
gen 12 offspring [17/100] k= 23 (used  23.0) c=0.969 alpha=-0.052 beta=+0.019 | loss 3.0929 (delta +0.2076) size 496.0 MB sparsity 16.2%
gen 12 offspring [18/100] k=  6 (used   5.0) c=0.883 alpha=-0.014 beta=+0.439 | loss 13.2247 (delta +10.3393) size 349.7 MB sparsity 64.3%
gen 12 offspring [19/100] k= 32 (used  32.0) c=0.952 alpha=-0.312 beta=+0.009 | loss 3.1051 (delta +0.2197) size 495.9 MB sparsity 19.0%
gen 12 offspring [20/100] k= 15 (used  15.0) c=0.854 alpha=-0.026 beta=+0.033 | loss 3.4478 (delta +0.5625) size 450.7 MB sparsity 22.0%
gen 12 offspring [21/100] k= 15 (used  15.0) c=0.995 alpha=-0.001 beta=+0.460 | loss 3.8965 (delta +1.0111) size 439.8 MB sparsity 31.8%
gen 12 offspring [22/100] k= 48 (used  48.0) c=0.932 alpha=-0.197 beta=+0.168 | loss 3.0020 (delta +0.1167) size 541.2 MB sparsity 15.7%
gen 12 offspring [23/100] k= 32 (used  32.0) c=0.884 alpha=-0.036 beta=+0.090 | loss 2.9842 (delta +0.0989) size 496.7 MB sparsity 11.0%
gen 12 offspring [24/100] k= 23 (used  23.0) c=0.935 alpha=-0.026 beta=+0.434 | loss 3.3875 (delta +0.5021) size 484.1 MB sparsity 25.6%
gen 12 offspring [25/100] k= 17 (used  17.0) c=0.973 alpha=-0.045 beta=+0.149 | loss 3.3923 (delta +0.5069) size 457.4 MB sparsity 22.0%
gen 12 offspring [26/100] k= 33 (used  33.0) c=0.973 alpha=-0.057 beta=+0.028 | loss 2.9722 (delta +0.0869) size 516.1 MB sparsity 11.3%
gen 12 offspring [27/100] k= 15 (used  15.0) c=0.990 alpha=-0.402 beta=+0.150 | loss 3.9180 (delta +1.0326) size 443.4 MB sparsity 29.8%
gen 12 offspring [28/100] k= 29 (used  29.0) c=0.995 alpha=-0.408 beta=+0.061 | loss 3.2665 (delta +0.3812) size 489.1 MB sparsity 23.4%
gen 12 offspring [29/100] k= 45 (used  45.0) c=0.865 alpha=-0.211 beta=+0.091 | loss 2.9805 (delta +0.0951) size 541.4 MB sparsity 13.2%
gen 12 offspring [30/100] k= 17 (used  17.0) c=0.848 alpha=-0.068 beta=+0.010 | loss 3.2737 (delta +0.3884) size 462.1 MB sparsity 19.3%
gen 12 offspring [31/100] k= 17 (used  17.0) c=0.945 alpha=-0.047 beta=+0.118 | loss 3.3745 (delta +0.4891) size 458.4 MB sparsity 21.4%
gen 12 offspring [32/100] k= 30 (used  29.0) c=0.995 alpha=-0.011 beta=+0.199 | loss 3.0375 (delta +0.1521) size 496.6 MB sparsity 15.5%
gen 12 offspring [33/100] k= 17 (used  17.0) c=0.926 alpha=-0.052 beta=+0.001 | loss 3.3384 (delta +0.4530) size 459.2 MB sparsity 21.0%
gen 12 offspring [34/100] k= 24 (used  23.0) c=0.990 alpha=-0.006 beta=+0.012 | loss 3.1110 (delta +0.2257) size 495.9 MB sparsity 16.5%
gen 12 offspring [35/100] k= 15 (used  15.0) c=0.863 alpha=-0.185 beta=+0.319 | loss 3.5204 (delta +0.6350) size 449.6 MB sparsity 25.2%
gen 12 offspring [36/100] k= 23 (used  23.0) c=0.933 alpha=-0.051 beta=+0.166 | loss 3.0805 (delta +0.1951) size 496.3 MB sparsity 16.0%
gen 12 offspring [37/100] k= 15 (used  15.0) c=0.870 alpha=-0.186 beta=+0.058 | loss 3.4421 (delta +0.5567) size 450.5 MB sparsity 22.4%
gen 12 offspring [38/100] k= 16 (used  16.0) c=0.863 alpha=-0.149 beta=+0.131 | loss 3.4310 (delta +0.5456) size 450.6 MB sparsity 22.2%
gen 12 offspring [39/100] k= 15 (used  15.0) c=0.935 alpha=-0.307 beta=+0.059 | loss 3.6293 (delta +0.7439) size 448.9 MB sparsity 25.8%
gen 12 offspring [40/100] k= 15 (used  15.0) c=0.944 alpha=-0.052 beta=+0.354 | loss 3.6903 (delta +0.8049) size 447.2 MB sparsity 27.5%
gen 12 offspring [41/100] k= 39 (used  39.0) c=0.936 alpha=-0.258 beta=+0.086 | loss 3.0124 (delta +0.1270) size 540.9 MB sparsity 15.6%
gen 12 offspring [42/100] k= 12 (used  11.0) c=0.998 alpha=-0.111 beta=+0.417 | loss 5.3399 (delta +2.4545) size 432.4 MB sparsity 35.9%
gen 12 offspring [43/100] k= 38 (used  38.0) c=0.952 alpha=-0.029 beta=+0.056 | loss 2.9575 (delta +0.0722) size 541.4 MB sparsity 9.9%
gen 12 offspring [44/100] k= 31 (used  31.0) c=0.864 alpha=-0.210 beta=+0.432 | loss 3.3237 (delta +0.4383) size 481.7 MB sparsity 26.7%
gen 12 offspring [45/100] k= 17 (used  17.0) c=0.870 alpha=-0.206 beta=+0.172 | loss 3.3025 (delta +0.4172) size 460.6 MB sparsity 20.2%
gen 12 offspring [46/100] k= 28 (used  27.0) c=0.998 alpha=-0.106 beta=+0.180 | loss 3.0521 (delta +0.1667) size 496.6 MB sparsity 15.4%
gen 12 offspring [47/100] k= 64 (used  64.0) c=0.939 alpha=-0.012 beta=+0.153 | loss 2.9301 (delta +0.0448) size 541.4 MB sparsity 9.4%
gen 12 offspring [48/100] k= 78 (used  78.0) c=0.861 alpha=-0.041 beta=+0.056 | loss 2.9174 (delta +0.0320) size 586.1 MB sparsity 4.8%
gen 12 offspring [49/100] k= 63 (used  63.0) c=0.974 alpha=-0.045 beta=+0.006 | loss 2.9203 (delta +0.0350) size 541.4 MB sparsity 5.9%
gen 12 offspring [50/100] k= 79 (used  79.0) c=0.966 alpha=-0.111 beta=+0.104 | loss 2.9142 (delta +0.0289) size 586.1 MB sparsity 9.3%
gen 12 offspring [51/100] k= 25 (used  25.0) c=0.951 alpha=-0.429 beta=+0.144 | loss 3.3426 (delta +0.4572) size 485.3 MB sparsity 25.1%
gen 12 offspring [52/100] k= 17 (used  17.0) c=0.866 alpha=-0.036 beta=+0.034 | loss 3.3002 (delta +0.4149) size 461.4 MB sparsity 19.7%
gen 12 offspring [53/100] k= 16 (used  15.0) c=0.949 alpha=-0.149 beta=+0.001 | loss 3.6145 (delta +0.7291) size 449.3 MB sparsity 24.3%
gen 12 offspring [54/100] k= 15 (used  15.0) c=0.863 alpha=-0.109 beta=+0.058 | loss 3.4506 (delta +0.5653) size 450.6 MB sparsity 22.2%
gen 12 offspring [55/100] k= 17 (used  17.0) c=0.943 alpha=-0.135 beta=+0.037 | loss 3.3688 (delta +0.4835) size 458.5 MB sparsity 21.3%
gen 12 offspring [56/100] k= 16 (used  15.0) c=0.995 alpha=-0.028 beta=+0.482 | loss 3.9941 (delta +1.1087) size 438.4 MB sparsity 32.6%
gen 12 offspring [57/100] k=  8 (used   7.0) c=0.938 alpha=-0.047 beta=+0.114 | loss 9.2556 (delta +6.3702) size 384.9 MB sparsity 50.0%
gen 12 offspring [58/100] k= 30 (used  30.0) c=0.885 alpha=-0.447 beta=+0.163 | loss 3.3657 (delta +0.4803) size 484.1 MB sparsity 25.6%
gen 12 offspring [59/100] k= 31 (used  31.0) c=0.995 alpha=-0.107 beta=+0.354 | loss 3.1538 (delta +0.2685) size 494.2 MB sparsity 20.9%
gen 12 offspring [60/100] k= 17 (used  17.0) c=0.992 alpha=-0.110 beta=+0.054 | loss 3.4135 (delta +0.5282) size 456.7 MB sparsity 22.3%
gen 12 offspring [61/100] k= 35 (used  35.0) c=0.938 alpha=-0.306 beta=+0.120 | loss 3.0933 (delta +0.2080) size 536.3 MB sparsity 18.6%
gen 12 offspring [62/100] k=140 (used 140.0) c=0.929 alpha=-0.008 beta=+0.001 | loss 2.8941 (delta +0.0087) size 630.9 MB sparsity 2.5%
gen 12 offspring [63/100] k= 16 (used  16.0) c=0.888 alpha=-0.074 beta=+0.117 | loss 3.4723 (delta +0.5869) size 450.3 MB sparsity 22.8%
gen 12 offspring [64/100] k= 17 (used  17.0) c=0.994 alpha=-0.031 beta=+0.168 | loss 3.4108 (delta +0.5255) size 456.6 MB sparsity 22.4%
gen 12 offspring [65/100] k= 15 (used  15.0) c=0.870 alpha=-0.283 beta=+0.015 | loss 3.4889 (delta +0.6035) size 450.2 MB sparsity 24.1%
gen 12 offspring [66/100] k=215 (used 214.3) c=0.995 alpha=-0.039 beta=+0.171 | loss 2.9125 (delta +0.0271) size 630.9 MB sparsity 9.0%
gen 12 offspring [67/100] k= 17 (used  17.0) c=0.856 alpha=-0.102 beta=+0.390 | loss 3.4886 (delta +0.6033) size 450.0 MB sparsity 26.1%
gen 12 offspring [68/100] k= 66 (used  66.0) c=0.941 alpha=-0.025 beta=+0.023 | loss 2.9107 (delta +0.0253) size 586.1 MB sparsity 5.5%
gen 12 offspring [69/100] k= 17 (used  17.0) c=0.996 alpha=-0.048 beta=+0.053 | loss 3.4338 (delta +0.5485) size 456.5 MB sparsity 22.5%
gen 12 offspring [70/100] k= 13 (used  13.0) c=0.907 alpha=-0.051 beta=+0.420 | loss 3.9876 (delta +1.1023) size 440.7 MB sparsity 31.3%
gen 12 offspring [71/100] k= 64 (used  64.0) c=0.912 alpha=-0.000 beta=+0.000 | loss 2.9128 (delta +0.0274) size 541.4 MB sparsity 5.5%
gen 12 offspring [72/100] k= 45 (used  45.0) c=0.923 alpha=-0.037 beta=+0.048 | loss 2.9450 (delta +0.0596) size 541.4 MB sparsity 7.9%
gen 12 offspring [73/100] k= 50 (used  50.0) c=0.973 alpha=-0.118 beta=+0.050 | loss 2.9400 (delta +0.0546) size 541.4 MB sparsity 9.1%
gen 12 offspring [74/100] k= 30 (used  30.0) c=0.883 alpha=-0.014 beta=+0.429 | loss 3.2871 (delta +0.4018) size 489.1 MB sparsity 23.4%
gen 12 offspring [75/100] k= 29 (used  29.0) c=0.857 alpha=-0.402 beta=+0.150 | loss 3.2473 (delta +0.3619) size 489.0 MB sparsity 23.4%
gen 12 offspring [76/100] k= 32 (used  32.0) c=0.903 alpha=-0.036 beta=+0.019 | loss 2.9744 (delta +0.0890) size 496.7 MB sparsity 11.2%
gen 12 offspring [77/100] k= 17 (used  17.0) c=0.993 alpha=-0.102 beta=+0.059 | loss 3.4155 (delta +0.5301) size 456.6 MB sparsity 22.4%
gen 12 offspring [78/100] k=142 (used 142.0) c=0.940 alpha=-0.008 beta=+0.000 | loss 2.8928 (delta +0.0074) size 630.9 MB sparsity 2.5%
gen 12 offspring [79/100] k= 41 (used  41.0) c=0.997 alpha=-0.370 beta=+0.012 | loss 3.1213 (delta +0.2359) size 532.6 MB sparsity 20.0%
gen 12 offspring [80/100] k=100 (used  98.7) c=0.884 alpha=-0.000 beta=+0.477 | loss 14.7572 (delta +11.8718) size 565.2 MB sparsity 21.0%
gen 12 offspring [81/100] k=217 (used 217.0) c=0.943 alpha=-0.039 beta=+0.057 | loss 2.8952 (delta +0.0098) size 630.9 MB sparsity 4.1%
gen 12 offspring [82/100] k= 23 (used  23.0) c=0.950 alpha=-0.046 beta=+0.111 | loss 3.0840 (delta +0.1986) size 496.2 MB sparsity 15.9%
gen 12 offspring [83/100] k= 17 (used  17.0) c=0.994 alpha=-0.032 beta=+0.021 | loss 3.4112 (delta +0.5259) size 456.6 MB sparsity 22.4%
gen 12 offspring [84/100] k= 15 (used  15.0) c=0.870 alpha=-0.281 beta=+0.058 | loss 3.4881 (delta +0.6028) size 450.2 MB sparsity 24.0%
gen 12 offspring [85/100] k= 26 (used  26.0) c=0.923 alpha=-0.075 beta=+0.003 | loss 3.0445 (delta +0.1591) size 496.6 MB sparsity 14.2%
gen 12 offspring [86/100] k= 32 (used  32.0) c=0.953 alpha=-0.064 beta=+0.427 | loss 3.2869 (delta +0.4015) size 489.1 MB sparsity 23.4%
gen 12 offspring [87/100] k= 17 (used  17.0) c=0.854 alpha=-0.135 beta=+0.037 | loss 3.2837 (delta +0.3983) size 461.9 MB sparsity 19.4%
gen 12 offspring [88/100] k= 10 (used  10.0) c=0.852 alpha=-0.132 beta=+0.152 | loss 5.6616 (delta +2.7762) size 431.6 MB sparsity 36.4%
gen 12 offspring [89/100] k= 30 (used  29.0) c=0.966 alpha=-0.111 beta=+0.051 | loss 3.0100 (delta +0.1246) size 496.7 MB sparsity 12.8%
gen 12 offspring [90/100] k= 30 (used  30.0) c=0.884 alpha=-0.052 beta=+0.060 | loss 2.9875 (delta +0.1022) size 496.7 MB sparsity 11.7%
gen 12 offspring [91/100] k= 12 (used  11.0) c=0.966 alpha=-0.325 beta=+0.444 | loss 5.0349 (delta +2.1496) size 432.0 MB sparsity 36.2%
gen 12 offspring [92/100] k= 29 (used  29.0) c=0.958 alpha=-0.042 beta=+0.118 | loss 3.0172 (delta +0.1318) size 496.7 MB sparsity 12.8%
gen 12 offspring [93/100] k= 35 (used  35.0) c=0.935 alpha=-0.022 beta=+0.120 | loss 2.9702 (delta +0.0848) size 541.4 MB sparsity 10.8%
gen 12 offspring [94/100] k= 29 (used  29.0) c=0.885 alpha=-0.415 beta=+0.364 | loss 3.5512 (delta +0.6658) size 469.6 MB sparsity 32.1%
gen 12 offspring [95/100] k= 31 (used  31.0) c=0.995 alpha=-0.169 beta=+0.354 | loss 3.1695 (delta +0.2841) size 491.2 MB sparsity 22.4%
gen 12 offspring [96/100] k=104 (used 103.0) c=0.997 alpha=-0.039 beta=+0.010 | loss 2.8943 (delta +0.0089) size 586.1 MB sparsity 3.8%
gen 12 offspring [97/100] k= 16 (used  16.0) c=0.876 alpha=-0.044 beta=+0.352 | loss 3.5431 (delta +0.6577) size 448.6 MB sparsity 26.5%
gen 12 offspring [98/100] k= 29 (used  29.0) c=0.855 alpha=-0.089 beta=+0.056 | loss 2.9914 (delta +0.1060) size 496.7 MB sparsity 11.4%
gen 12 offspring [99/100] k=215 (used 214.3) c=0.866 alpha=-0.149 beta=+0.012 | loss 2.9223 (delta +0.0369) size 630.9 MB sparsity 7.1%
gen 12 offspring [100/100] k= 28 (used  27.0) c=0.999 alpha=-0.373 beta=+0.170 | loss 3.2528 (delta +0.3674) size 488.8 MB sparsity 23.5%
=== generation 12/50 done in 448s (0 reused), batch baseline 2.8854, HV 0.22252, front 100 points, 100/100 feasible, best delta loss +0.0022, smallest 441.2 MB
gen 13 offspring [1/100] k= 43 (used  43.0) c=0.999 alpha=-0.052 beta=+0.312 | loss 3.0565 (delta +0.1712) size 538.9 MB sparsity 17.5%
gen 13 offspring [2/100] k=  3 (used   3.0) c=0.870 alpha=-0.066 beta=+0.027 | loss 17.0806 (delta +14.1953) size 322.0 MB sparsity 90.5%
gen 13 offspring [3/100] k= 30 (used  30.0) c=0.940 alpha=-0.398 beta=+0.068 | loss 3.2441 (delta +0.3588) size 490.8 MB sparsity 22.6%
gen 13 offspring [4/100] k= 39 (used  39.0) c=0.971 alpha=-0.111 beta=+0.050 | loss 2.9495 (delta +0.0641) size 541.4 MB sparsity 10.1%
gen 13 offspring [5/100] k= 31 (used  31.0) c=0.943 alpha=-0.014 beta=+0.354 | loss 3.1416 (delta +0.2563) size 494.7 MB sparsity 20.6%
gen 13 offspring [6/100] k= 27 (used  27.0) c=0.923 alpha=-0.067 beta=+0.131 | loss 3.0257 (delta +0.1404) size 496.7 MB sparsity 13.3%
gen 13 offspring [7/100] k= 29 (used  29.0) c=0.863 alpha=-0.442 beta=+0.053 | loss 3.3049 (delta +0.4195) size 488.3 MB sparsity 23.7%
gen 13 offspring [8/100] k= 30 (used  30.0) c=0.867 alpha=-0.343 beta=+0.053 | loss 3.1264 (delta +0.2410) size 495.3 MB sparsity 20.0%
gen 13 offspring [9/100] k= 16 (used  16.0) c=0.886 alpha=-0.052 beta=+0.399 | loss 3.6362 (delta +0.7508) size 446.1 MB sparsity 28.3%
gen 13 offspring [10/100] k= 16 (used  16.0) c=0.887 alpha=-0.341 beta=+0.124 | loss 3.5974 (delta +0.7121) size 448.8 MB sparsity 26.2%
gen 13 offspring [11/100] k=140 (used 139.9) c=0.929 alpha=-0.142 beta=+0.001 | loss 2.9075 (delta +0.0221) size 630.9 MB sparsity 7.3%
gen 13 offspring [12/100] k= 35 (used  35.0) c=0.869 alpha=-0.185 beta=+0.319 | loss 3.1612 (delta +0.2758) size 528.9 MB sparsity 21.3%
gen 13 offspring [13/100] k= 66 (used  66.0) c=0.870 alpha=-0.103 beta=+0.023 | loss 2.9200 (delta +0.0347) size 586.1 MB sparsity 7.1%
gen 13 offspring [14/100] k= 17 (used  17.0) c=0.933 alpha=-0.052 beta=+0.166 | loss 3.3504 (delta +0.4651) size 458.9 MB sparsity 21.1%
gen 13 offspring [15/100] k= 18 (used  17.0) c=0.945 alpha=-0.207 beta=+0.057 | loss 3.3678 (delta +0.4824) size 458.1 MB sparsity 21.5%
gen 13 offspring [16/100] k= 17 (used  17.0) c=0.858 alpha=-0.286 beta=+0.432 | loss 3.7107 (delta +0.8253) size 442.1 MB sparsity 30.5%
gen 13 offspring [17/100] k= 14 (used  14.0) c=0.870 alpha=-0.052 beta=+0.006 | loss 3.7022 (delta +0.8169) size 448.1 MB sparsity 25.8%
gen 13 offspring [18/100] k= 20 (used  19.0) c=0.995 alpha=-0.169 beta=+0.354 | loss 3.4227 (delta +0.5374) size 485.2 MB sparsity 25.1%
gen 13 offspring [19/100] k= 30 (used  30.0) c=0.910 alpha=-0.001 beta=+0.000 | loss 2.9952 (delta +0.1099) size 496.7 MB sparsity 12.1%
gen 13 offspring [20/100] k= 29 (used  29.0) c=0.996 alpha=-0.026 beta=+0.002 | loss 3.0254 (delta +0.1401) size 496.7 MB sparsity 13.2%
gen 13 offspring [21/100] k= 15 (used  15.0) c=0.996 alpha=-0.205 beta=+0.057 | loss 3.6402 (delta +0.7548) size 448.5 MB sparsity 25.4%
gen 13 offspring [22/100] k= 26 (used  26.0) c=0.865 alpha=-0.347 beta=+0.110 | loss 3.2109 (delta +0.3256) size 493.7 MB sparsity 21.2%
gen 13 offspring [23/100] k= 34 (used  34.0) c=0.927 alpha=-0.026 beta=+0.434 | loss 3.3063 (delta +0.4209) size 524.1 MB sparsity 23.1%
gen 13 offspring [24/100] k= 41 (used  41.0) c=0.868 alpha=-0.039 beta=+0.015 | loss 2.9469 (delta +0.0616) size 541.4 MB sparsity 8.1%
gen 13 offspring [25/100] k= 30 (used  29.0) c=0.973 alpha=-0.116 beta=+0.050 | loss 3.0077 (delta +0.1223) size 496.7 MB sparsity 12.9%
gen 13 offspring [26/100] k= 15 (used  15.0) c=0.994 alpha=-0.091 beta=+0.138 | loss 3.6462 (delta +0.7609) size 448.5 MB sparsity 25.4%
gen 13 offspring [27/100] k= 17 (used  17.0) c=0.848 alpha=-0.043 beta=+0.012 | loss 3.2737 (delta +0.3884) size 462.1 MB sparsity 19.3%
gen 13 offspring [28/100] k= 15 (used  15.0) c=0.883 alpha=-0.071 beta=+0.429 | loss 3.6750 (delta +0.7896) size 444.3 MB sparsity 29.3%
gen 13 offspring [29/100] k= 47 (used  47.0) c=0.940 alpha=-0.270 beta=+0.354 | loss 3.2346 (delta +0.3493) size 516.3 MB sparsity 26.0%
gen 13 offspring [30/100] k= 66 (used  66.0) c=0.941 alpha=-0.060 beta=+0.022 | loss 2.9106 (delta +0.0252) size 586.1 MB sparsity 5.7%
gen 13 offspring [31/100] k= 20 (used  20.0) c=0.937 alpha=-0.183 beta=+0.013 | loss 3.2263 (delta +0.3409) size 494.3 MB sparsity 19.1%
gen 13 offspring [32/100] k=216 (used 215.0) c=0.997 alpha=-0.052 beta=+0.029 | loss 2.8885 (delta +0.0032) size 630.9 MB sparsity 3.5%
gen 13 offspring [33/100] k= 17 (used  17.0) c=0.848 alpha=-0.227 beta=+0.350 | loss 3.4400 (delta +0.5547) size 450.9 MB sparsity 25.6%
gen 13 offspring [34/100] k= 97 (used  95.8) c=0.864 alpha=-0.206 beta=+0.420 | loss 3.2356 (delta +0.3502) size 549.9 MB sparsity 25.9%
gen 13 offspring [35/100] k= 17 (used  17.0) c=0.862 alpha=-0.408 beta=+0.037 | loss 3.5919 (delta +0.7066) size 448.7 MB sparsity 26.8%
gen 13 offspring [36/100] k= 23 (used  23.0) c=0.950 alpha=-0.042 beta=+0.430 | loss 3.3953 (delta +0.5099) size 484.1 MB sparsity 25.6%
gen 13 offspring [37/100] k= 34 (used  33.0) c=0.975 alpha=-0.178 beta=+0.018 | loss 2.9831 (delta +0.0978) size 511.0 MB sparsity 13.6%
gen 13 offspring [38/100] k= 28 (used  27.0) c=0.973 alpha=-0.171 beta=+0.117 | loss 3.0597 (delta +0.1743) size 496.6 MB sparsity 14.9%
gen 13 offspring [39/100] k= 28 (used  28.0) c=0.867 alpha=-0.347 beta=+0.046 | loss 3.1807 (delta +0.2953) size 494.5 MB sparsity 20.7%
gen 13 offspring [40/100] k= 43 (used  43.0) c=0.924 alpha=-0.067 beta=+0.131 | loss 2.9418 (delta +0.0564) size 541.4 MB sparsity 10.0%
gen 13 offspring [41/100] k=  5 (used   5.0) c=0.885 alpha=-0.205 beta=+0.399 | loss 13.3616 (delta +10.4762) size 349.7 MB sparsity 64.3%
gen 13 offspring [42/100] k= 30 (used  29.0) c=0.982 alpha=-0.317 beta=+0.173 | loss 3.1544 (delta +0.2691) size 493.8 MB sparsity 21.3%
gen 13 offspring [43/100] k= 16 (used  16.0) c=0.888 alpha=-0.074 beta=+0.147 | loss 3.4723 (delta +0.5869) size 450.3 MB sparsity 22.8%
gen 13 offspring [44/100] k= 30 (used  30.0) c=0.857 alpha=-0.347 beta=+0.056 | loss 3.1278 (delta +0.2424) size 495.2 MB sparsity 20.1%
gen 13 offspring [45/100] k= 15 (used  15.0) c=0.857 alpha=-0.019 beta=+0.402 | loss 3.6180 (delta +0.7327) size 446.6 MB sparsity 28.0%
gen 13 offspring [46/100] k=  7 (used   7.0) c=0.901 alpha=-0.029 beta=+0.117 | loss 9.4876 (delta +6.6022) size 387.0 MB sparsity 48.4%
gen 13 offspring [47/100] k= 25 (used  25.0) c=0.996 alpha=-0.276 beta=+0.055 | loss 3.1413 (delta +0.2559) size 495.1 MB sparsity 19.6%
gen 13 offspring [48/100] k=104 (used 103.9) c=0.847 alpha=-0.039 beta=+0.164 | loss 2.9360 (delta +0.0507) size 586.1 MB sparsity 8.8%
gen 13 offspring [49/100] k= 17 (used  17.0) c=0.848 alpha=-0.208 beta=+0.121 | loss 3.2807 (delta +0.3953) size 461.2 MB sparsity 19.8%
gen 13 offspring [50/100] k= 33 (used  33.0) c=0.974 alpha=-0.123 beta=+0.168 | loss 2.9844 (delta +0.0990) size 511.0 MB sparsity 13.6%
gen 13 offspring [51/100] k= 46 (used  46.0) c=0.936 alpha=-0.043 beta=+0.085 | loss 2.9338 (delta +0.0484) size 541.4 MB sparsity 8.2%
gen 13 offspring [52/100] k= 15 (used  15.0) c=0.881 alpha=-0.170 beta=+0.433 | loss 3.6900 (delta +0.8047) size 444.1 MB sparsity 29.4%
gen 13 offspring [53/100] k= 17 (used  17.0) c=0.976 alpha=-0.102 beta=+0.059 | loss 3.3905 (delta +0.5052) size 457.3 MB sparsity 22.0%
gen 13 offspring [54/100] k=  8 (used   7.0) c=0.876 alpha=-0.044 beta=+0.365 | loss 9.5649 (delta +6.6796) size 388.4 MB sparsity 47.3%
gen 13 offspring [55/100] k= 14 (used  13.0) c=0.956 alpha=-0.051 beta=+0.082 | loss 4.0407 (delta +1.1553) size 445.7 MB sparsity 28.1%
gen 13 offspring [56/100] k= 35 (used  35.0) c=0.972 alpha=-0.022 beta=+0.236 | loss 3.0270 (delta +0.1416) size 540.7 MB sparsity 15.4%
gen 13 offspring [57/100] k= 12 (used  12.0) c=0.865 alpha=-0.029 beta=+0.425 | loss 4.3955 (delta +1.5101) size 436.7 MB sparsity 33.5%
gen 13 offspring [58/100] k= 16 (used  16.0) c=0.874 alpha=-0.012 beta=+0.001 | loss 3.4563 (delta +0.5710) size 450.5 MB sparsity 22.5%
gen 13 offspring [59/100] k= 17 (used  17.0) c=0.852 alpha=-0.132 beta=+0.142 | loss 3.2745 (delta +0.3891) size 462.0 MB sparsity 19.4%
gen 13 offspring [60/100] k= 15 (used  15.0) c=0.940 alpha=-0.021 beta=+0.332 | loss 3.6187 (delta +0.7334) size 448.2 MB sparsity 26.7%
gen 13 offspring [61/100] k= 54 (used  53.0) c=0.996 alpha=-0.039 beta=+0.006 | loss 2.9244 (delta +0.0390) size 541.4 MB sparsity 7.2%
gen 13 offspring [62/100] k= 31 (used  31.0) c=0.851 alpha=-0.276 beta=+0.030 | loss 3.0724 (delta +0.1870) size 496.6 MB sparsity 16.9%
gen 13 offspring [63/100] k= 15 (used  15.0) c=0.857 alpha=-0.026 beta=+0.434 | loss 3.6719 (delta +0.7866) size 444.6 MB sparsity 29.1%
gen 13 offspring [64/100] k= 93 (used  92.2) c=0.994 alpha=-0.038 beta=+0.431 | loss 3.3629 (delta +0.4775) size 569.3 MB sparsity 19.6%
gen 13 offspring [65/100] k= 33 (used  33.0) c=0.995 alpha=-0.368 beta=+0.173 | loss 3.1980 (delta +0.3127) size 490.0 MB sparsity 23.0%
gen 13 offspring [66/100] k= 68 (used  66.8) c=0.996 alpha=-0.188 beta=+0.354 | loss 3.1390 (delta +0.2536) size 560.0 MB sparsity 22.6%
gen 13 offspring [67/100] k= 31 (used  31.0) c=0.991 alpha=-0.383 beta=+0.171 | loss 3.2650 (delta +0.3796) size 488.7 MB sparsity 23.6%
gen 13 offspring [68/100] k= 11 (used  11.0) c=0.870 alpha=-0.159 beta=+0.192 | loss 4.2398 (delta +1.3545) size 442.2 MB sparsity 30.5%
gen 13 offspring [69/100] k= 52 (used  52.0) c=0.942 alpha=-0.130 beta=+0.047 | loss 2.9290 (delta +0.0437) size 541.4 MB sparsity 9.2%
gen 13 offspring [70/100] k= 14 (used  14.0) c=0.903 alpha=-0.036 beta=+0.019 | loss 3.8623 (delta +0.9769) size 447.3 MB sparsity 26.7%
gen 13 offspring [71/100] k=203 (used 202.3) c=0.995 alpha=-0.185 beta=+0.055 | loss 2.9181 (delta +0.0327) size 630.9 MB sparsity 10.2%
gen 13 offspring [72/100] k=  8 (used   7.0) c=0.942 alpha=-0.371 beta=+0.155 | loss 10.2382 (delta +7.3529) size 384.7 MB sparsity 50.1%
gen 13 offspring [73/100] k= 25 (used  25.0) c=0.870 alpha=-0.314 beta=+0.064 | loss 3.1739 (delta +0.2886) size 495.1 MB sparsity 19.9%
gen 13 offspring [74/100] k= 39 (used  39.0) c=0.938 alpha=-0.068 beta=+0.085 | loss 2.9450 (delta +0.0596) size 541.4 MB sparsity 9.3%
gen 13 offspring [75/100] k= 37 (used  37.0) c=0.999 alpha=-0.373 beta=+0.170 | loss 3.2356 (delta +0.3503) size 524.6 MB sparsity 22.9%
gen 13 offspring [76/100] k= 16 (used  16.0) c=0.879 alpha=-0.098 beta=+0.054 | loss 3.4930 (delta +0.6077) size 450.4 MB sparsity 22.6%
gen 13 offspring [77/100] k= 32 (used  31.0) c=0.988 alpha=-0.110 beta=+0.004 | loss 2.9967 (delta +0.1113) size 496.7 MB sparsity 12.3%
gen 13 offspring [78/100] k= 17 (used  17.0) c=0.976 alpha=-0.102 beta=+0.059 | loss 3.3905 (delta +0.5052) size 457.3 MB sparsity 22.0%
gen 13 offspring [79/100] k= 17 (used  17.0) c=0.847 alpha=-0.052 beta=+0.166 | loss 3.2780 (delta +0.3927) size 462.1 MB sparsity 19.3%
gen 13 offspring [80/100] k= 24 (used  24.0) c=0.906 alpha=-0.039 beta=+0.407 | loss 3.3403 (delta +0.4550) size 486.9 MB sparsity 24.4%
gen 13 offspring [81/100] k= 31 (used  31.0) c=0.997 alpha=-0.240 beta=+0.027 | loss 3.0634 (delta +0.1780) size 496.6 MB sparsity 16.5%
gen 13 offspring [82/100] k= 17 (used  17.0) c=0.997 alpha=-0.039 beta=+0.025 | loss 3.4349 (delta +0.5496) size 456.5 MB sparsity 22.5%
gen 13 offspring [83/100] k= 29 (used  29.0) c=0.938 alpha=-0.129 beta=+0.150 | loss 3.0077 (delta +0.1223) size 496.7 MB sparsity 13.6%
gen 13 offspring [84/100] k= 16 (used  16.0) c=0.869 alpha=-0.215 beta=+0.177 | loss 3.4308 (delta +0.5455) size 450.5 MB sparsity 22.5%
gen 13 offspring [85/100] k= 16 (used  15.0) c=0.995 alpha=-0.033 beta=+0.354 | loss 3.7220 (delta +0.8366) size 446.1 MB sparsity 28.2%
gen 13 offspring [86/100] k= 31 (used  31.0) c=0.941 alpha=-0.312 beta=+0.057 | loss 3.0926 (delta +0.2072) size 496.0 MB sparsity 18.9%
gen 13 offspring [87/100] k= 14 (used  14.0) c=0.884 alpha=-0.052 beta=+0.422 | loss 3.8840 (delta +0.9986) size 441.2 MB sparsity 31.0%
gen 13 offspring [88/100] k= 15 (used  15.0) c=0.935 alpha=-0.026 beta=+0.434 | loss 3.7531 (delta +0.8677) size 442.8 MB sparsity 30.1%
gen 13 offspring [89/100] k= 64 (used  64.0) c=0.917 alpha=-0.004 beta=+0.001 | loss 2.9138 (delta +0.0284) size 541.4 MB sparsity 5.6%
gen 13 offspring [90/100] k= 29 (used  29.0) c=0.995 alpha=-0.368 beta=+0.164 | loss 3.2168 (delta +0.3315) size 490.1 MB sparsity 22.9%
gen 13 offspring [91/100] k= 16 (used  16.0) c=0.884 alpha=-0.086 beta=+0.442 | loss 3.6795 (delta +0.7942) size 443.5 MB sparsity 29.7%
gen 13 offspring [92/100] k= 16 (used  16.0) c=0.874 alpha=-0.207 beta=+0.046 | loss 3.4521 (delta +0.5667) size 450.5 MB sparsity 22.5%
gen 13 offspring [93/100] k=  6 (used   5.0) c=0.864 alpha=-0.286 beta=+0.432 | loss 12.7919 (delta +9.9065) size 350.6 MB sparsity 63.3%
gen 13 offspring [94/100] k= 29 (used  29.0) c=0.945 alpha=-0.047 beta=+0.082 | loss 3.0074 (delta +0.1221) size 496.7 MB sparsity 12.5%
gen 13 offspring [95/100] k= 28 (used  28.0) c=0.945 alpha=-0.106 beta=+0.180 | loss 3.0528 (delta +0.1674) size 496.6 MB sparsity 15.0%
gen 13 offspring [96/100] k= 15 (used  15.0) c=0.890 alpha=-0.139 beta=+0.117 | loss 3.5088 (delta +0.6234) size 450.2 MB sparsity 22.9%
gen 13 offspring [97/100] k= 15 (used  15.0) c=0.876 alpha=-0.055 beta=+0.058 | loss 3.4966 (delta +0.6113) size 450.4 MB sparsity 22.6%
gen 13 offspring [98/100] k= 15 (used  15.0) c=0.855 alpha=-0.055 beta=+0.354 | loss 3.5356 (delta +0.6503) size 448.9 MB sparsity 26.3%
gen 13 offspring [99/100] k= 30 (used  29.0) c=0.988 alpha=-0.402 beta=+0.168 | loss 3.2723 (delta +0.3869) size 487.1 MB sparsity 24.3%
gen 13 offspring [100/100] k= 15 (used  15.0) c=0.935 alpha=-0.189 beta=+0.432 | loss 3.7417 (delta +0.8563) size 442.9 MB sparsity 30.1%
=== generation 13/50 done in 447s (0 reused), batch baseline 2.8854, HV 0.22262, front 100 points, 100/100 feasible, best delta loss +0.0022, smallest 441.2 MB
gen 14 offspring [1/100] k=215 (used 215.0) c=0.995 alpha=-0.037 beta=+0.012 | loss 2.8874 (delta +0.0020) size 630.9 MB sparsity 2.5%
gen 14 offspring [2/100] k= 42 (used  41.0) c=0.992 alpha=-0.143 beta=+0.415 | loss 3.2353 (delta +0.3499) size 523.4 MB sparsity 23.4%
gen 14 offspring [3/100] k= 17 (used  17.0) c=0.871 alpha=-0.283 beta=+0.380 | loss 3.6319 (delta +0.7466) size 445.5 MB sparsity 28.6%
gen 14 offspring [4/100] k= 29 (used  29.0) c=0.857 alpha=-0.397 beta=+0.150 | loss 3.2339 (delta +0.3486) size 489.4 MB sparsity 23.3%
gen 14 offspring [5/100] k= 12 (used  12.0) c=0.903 alpha=-0.036 beta=+0.003 | loss 4.3395 (delta +1.4541) size 440.3 MB sparsity 31.5%
gen 14 offspring [6/100] k= 30 (used  30.0) c=0.930 alpha=-0.007 beta=+0.166 | loss 3.0119 (delta +0.1265) size 496.7 MB sparsity 13.8%
gen 14 offspring [7/100] k= 15 (used  15.0) c=0.856 alpha=-0.019 beta=+0.033 | loss 3.4362 (delta +0.5509) size 450.6 MB sparsity 22.1%
gen 14 offspring [8/100] k= 17 (used  17.0) c=0.848 alpha=-0.208 beta=+0.121 | loss 3.2806 (delta +0.3953) size 461.2 MB sparsity 19.8%
gen 14 offspring [9/100] k= 29 (used  29.0) c=0.999 alpha=-0.335 beta=+0.061 | loss 3.1634 (delta +0.2780) size 494.5 MB sparsity 20.6%
gen 14 offspring [10/100] k= 17 (used  17.0) c=0.978 alpha=-0.206 beta=+0.159 | loss 3.3955 (delta +0.5102) size 457.0 MB sparsity 22.2%
gen 14 offspring [11/100] k= 14 (used  14.0) c=0.862 alpha=-0.211 beta=+0.028 | loss 3.6969 (delta +0.8115) size 448.3 MB sparsity 25.6%
gen 14 offspring [12/100] k= 31 (used  31.0) c=0.995 alpha=-0.107 beta=+0.352 | loss 3.1500 (delta +0.2646) size 494.3 MB sparsity 20.8%
gen 14 offspring [13/100] k= 19 (used  19.0) c=0.944 alpha=-0.211 beta=+0.032 | loss 3.2294 (delta +0.3440) size 494.1 MB sparsity 19.8%
gen 14 offspring [14/100] k= 13 (used  13.0) c=0.887 alpha=-0.052 beta=+0.421 | loss 3.8996 (delta +1.0143) size 441.2 MB sparsity 31.0%
gen 14 offspring [15/100] k= 14 (used  14.0) c=0.864 alpha=-0.206 beta=+0.466 | loss 3.9888 (delta +1.1034) size 439.0 MB sparsity 32.2%
gen 14 offspring [16/100] k= 28 (used  27.0) c=0.998 alpha=-0.099 beta=+0.180 | loss 3.0515 (delta +0.1662) size 496.6 MB sparsity 15.4%
gen 14 offspring [17/100] k= 17 (used  17.0) c=0.921 alpha=-0.235 beta=+0.131 | loss 3.3755 (delta +0.4901) size 458.0 MB sparsity 21.6%
gen 14 offspring [18/100] k= 16 (used  16.0) c=0.885 alpha=-0.052 beta=+0.443 | loss 3.6928 (delta +0.8074) size 443.4 MB sparsity 29.8%
gen 14 offspring [19/100] k= 15 (used  15.0) c=0.997 alpha=-0.182 beta=+0.199 | loss 3.6341 (delta +0.7487) size 448.5 MB sparsity 25.4%
gen 14 offspring [20/100] k= 17 (used  17.0) c=0.995 alpha=-0.169 beta=+0.394 | loss 3.5802 (delta +0.6948) size 446.8 MB sparsity 27.9%
gen 14 offspring [21/100] k= 15 (used  15.0) c=0.972 alpha=-0.075 beta=+0.146 | loss 3.6652 (delta +0.7798) size 448.9 MB sparsity 24.8%
gen 14 offspring [22/100] k= 30 (used  29.0) c=0.973 alpha=-0.105 beta=+0.050 | loss 3.0086 (delta +0.1232) size 496.7 MB sparsity 12.9%
gen 14 offspring [23/100] k= 30 (used  30.0) c=0.952 alpha=-0.312 beta=+0.054 | loss 3.1473 (delta +0.2620) size 495.6 MB sparsity 19.4%
gen 14 offspring [24/100] k= 30 (used  30.0) c=0.876 alpha=-0.377 beta=+0.046 | loss 3.1693 (delta +0.2839) size 493.4 MB sparsity 21.4%
gen 14 offspring [25/100] k= 43 (used  43.0) c=0.973 alpha=-0.118 beta=+0.081 | loss 2.9451 (delta +0.0597) size 541.4 MB sparsity 9.8%
gen 14 offspring [26/100] k= 17 (used  17.0) c=0.999 alpha=-0.084 beta=+0.147 | loss 3.4317 (delta +0.5463) size 456.5 MB sparsity 22.5%
gen 14 offspring [27/100] k= 29 (used  29.0) c=0.868 alpha=-0.370 beta=+0.223 | loss 3.2690 (delta +0.3836) size 485.5 MB sparsity 25.0%
gen 14 offspring [28/100] k= 31 (used  31.0) c=0.940 alpha=-0.285 beta=+0.353 | loss 3.2877 (delta +0.4023) size 481.6 MB sparsity 26.7%
gen 14 offspring [29/100] k= 30 (used  30.0) c=0.959 alpha=-0.114 beta=+0.054 | loss 3.0226 (delta +0.1372) size 496.7 MB sparsity 12.7%
gen 14 offspring [30/100] k= 30 (used  30.0) c=0.865 alpha=-0.411 beta=+0.148 | loss 3.2618 (delta +0.3764) size 488.3 MB sparsity 23.7%
gen 14 offspring [31/100] k= 45 (used  45.0) c=0.888 alpha=-0.167 beta=+0.354 | loss 3.1264 (delta +0.2411) size 527.5 MB sparsity 21.8%
gen 14 offspring [32/100] k= 17 (used  17.0) c=0.870 alpha=-0.121 beta=+0.319 | loss 3.3992 (delta +0.5138) size 454.3 MB sparsity 23.7%
gen 14 offspring [33/100] k= 16 (used  16.0) c=0.864 alpha=-0.206 beta=+0.328 | loss 3.5023 (delta +0.6169) size 449.4 MB sparsity 25.6%
gen 14 offspring [34/100] k= 66 (used  65.0) c=0.993 alpha=-0.059 beta=+0.011 | loss 2.9154 (delta +0.0301) size 570.2 MB sparsity 6.0%
gen 14 offspring [35/100] k= 16 (used  16.0) c=0.854 alpha=-0.128 beta=+0.375 | loss 3.5281 (delta +0.6428) size 448.1 MB sparsity 27.0%
gen 14 offspring [36/100] k= 30 (used  30.0) c=0.855 alpha=-0.053 beta=+0.275 | loss 3.0598 (delta +0.1744) size 496.5 MB sparsity 17.3%
gen 14 offspring [37/100] k= 16 (used  16.0) c=0.879 alpha=-0.086 beta=+0.442 | loss 3.6913 (delta +0.8059) size 443.6 MB sparsity 29.6%
gen 14 offspring [38/100] k= 57 (used  57.0) c=0.849 alpha=-0.043 beta=+0.008 | loss 2.9386 (delta +0.0533) size 541.4 MB sparsity 5.7%
gen 14 offspring [39/100] k= 15 (used  15.0) c=0.870 alpha=-0.185 beta=+0.360 | loss 3.5299 (delta +0.6445) size 448.4 MB sparsity 26.7%
gen 14 offspring [40/100] k= 55 (used  55.0) c=0.973 alpha=-0.042 beta=+0.050 | loss 2.9265 (delta +0.0411) size 541.4 MB sparsity 6.8%
gen 14 offspring [41/100] k= 31 (used  31.0) c=0.935 alpha=-0.102 beta=+0.286 | loss 3.0572 (delta +0.1719) size 496.4 MB sparsity 17.9%
gen 14 offspring [42/100] k= 29 (used  29.0) c=0.995 alpha=-0.368 beta=+0.173 | loss 3.2210 (delta +0.3356) size 489.5 MB sparsity 23.2%
gen 14 offspring [43/100] k= 36 (used  36.0) c=0.944 alpha=-0.041 beta=+0.050 | loss 2.9650 (delta +0.0796) size 541.4 MB sparsity 10.4%
gen 14 offspring [44/100] k=  8 (used   7.0) c=0.884 alpha=-0.022 beta=+0.421 | loss 9.3017 (delta +6.4163) size 388.0 MB sparsity 47.7%
gen 14 offspring [45/100] k= 22 (used  22.0) c=0.874 alpha=-0.207 beta=+0.169 | loss 3.1483 (delta +0.2629) size 495.9 MB sparsity 17.9%
gen 14 offspring [46/100] k= 64 (used  64.0) c=0.912 alpha=-0.000 beta=+0.000 | loss 2.9128 (delta +0.0274) size 541.4 MB sparsity 5.5%
gen 14 offspring [47/100] k=  6 (used   5.0) c=0.887 alpha=-0.013 beta=+0.191 | loss 12.9490 (delta +10.0637) size 349.5 MB sparsity 64.5%
gen 14 offspring [48/100] k= 16 (used  16.0) c=0.879 alpha=-0.209 beta=+0.431 | loss 3.6688 (delta +0.7835) size 444.2 MB sparsity 29.3%
gen 14 offspring [49/100] k= 10 (used  10.0) c=0.843 alpha=-0.211 beta=+0.056 | loss 5.5173 (delta +2.6320) size 432.1 MB sparsity 36.1%
gen 14 offspring [50/100] k= 54 (used  54.0) c=0.941 alpha=-0.059 beta=+0.022 | loss 2.9241 (delta +0.0388) size 541.4 MB sparsity 6.8%
gen 14 offspring [51/100] k=140 (used 138.5) c=0.987 alpha=-0.409 beta=+0.001 | loss 3.1557 (delta +0.2703) size 610.9 MB sparsity 18.1%
gen 14 offspring [52/100] k= 17 (used  17.0) c=0.848 alpha=-0.043 beta=+0.384 | loss 3.4513 (delta +0.5659) size 450.6 MB sparsity 25.8%
gen 14 offspring [53/100] k= 14 (used  14.0) c=0.884 alpha=-0.052 beta=+0.512 | loss 14.8895 (delta +12.0041) size 435.8 MB sparsity 34.0%
gen 14 offspring [54/100] k= 32 (used  32.0) c=0.860 alpha=-0.030 beta=+0.089 | loss 2.9839 (delta +0.0986) size 496.7 MB sparsity 10.7%
gen 14 offspring [55/100] k= 32 (used  32.0) c=0.867 alpha=-0.045 beta=+0.069 | loss 2.9810 (delta +0.0957) size 496.7 MB sparsity 10.8%
gen 14 offspring [56/100] k= 14 (used  13.0) c=0.952 alpha=-0.046 beta=+0.168 | loss 4.0349 (delta +1.1495) size 445.9 MB sparsity 28.0%
gen 14 offspring [57/100] k= 18 (used  18.0) c=0.865 alpha=-0.295 beta=+0.457 | loss 3.7802 (delta +0.8948) size 470.4 MB sparsity 31.7%
gen 14 offspring [58/100] k= 31 (used  31.0) c=0.995 alpha=-0.137 beta=+0.354 | loss 3.1554 (delta +0.2700) size 493.5 MB sparsity 21.4%
gen 14 offspring [59/100] k= 23 (used  23.0) c=0.933 alpha=-0.030 beta=+0.158 | loss 3.0784 (delta +0.1930) size 496.3 MB sparsity 15.9%
gen 14 offspring [60/100] k= 31 (used  31.0) c=0.957 alpha=-0.034 beta=+0.083 | loss 2.9852 (delta +0.0998) size 496.7 MB sparsity 11.9%
gen 14 offspring [61/100] k= 17 (used  17.0) c=0.872 alpha=-0.030 beta=+0.319 | loss 3.4048 (delta +0.5194) size 454.2 MB sparsity 23.7%
gen 14 offspring [62/100] k= 11 (used  11.0) c=0.854 alpha=-0.086 beta=+0.353 | loss 4.3153 (delta +1.4300) size 440.9 MB sparsity 31.2%
gen 14 offspring [63/100] k= 30 (used  30.0) c=0.870 alpha=-0.015 beta=+0.526 | loss 15.2232 (delta +12.3378) size 481.4 MB sparsity 26.8%
gen 14 offspring [64/100] k= 31 (used  31.0) c=0.852 alpha=-0.133 beta=+0.142 | loss 3.0007 (delta +0.1154) size 496.7 MB sparsity 12.7%
gen 14 offspring [65/100] k= 28 (used  28.0) c=0.923 alpha=-0.014 beta=+0.354 | loss 3.1782 (delta +0.2928) size 493.5 MB sparsity 21.3%
gen 14 offspring [66/100] k= 16 (used  16.0) c=0.889 alpha=-0.043 beta=+0.120 | loss 3.4956 (delta +0.6102) size 450.3 MB sparsity 22.9%
gen 14 offspring [67/100] k= 35 (used  35.0) c=0.995 alpha=-0.368 beta=+0.173 | loss 3.2091 (delta +0.3238) size 524.7 MB sparsity 22.9%
gen 14 offspring [68/100] k= 32 (used  32.0) c=0.866 alpha=-0.415 beta=+0.148 | loss 3.2754 (delta +0.3901) size 488.2 MB sparsity 23.8%
gen 14 offspring [69/100] k= 16 (used  16.0) c=0.868 alpha=-0.018 beta=+0.402 | loss 3.5901 (delta +0.7047) size 446.4 MB sparsity 28.1%
gen 14 offspring [70/100] k= 64 (used  64.0) c=0.912 alpha=-0.000 beta=+0.022 | loss 2.9128 (delta +0.0274) size 541.4 MB sparsity 5.5%
gen 14 offspring [71/100] k= 31 (used  31.0) c=0.945 alpha=-0.046 beta=+0.051 | loss 2.9832 (delta +0.0978) size 496.7 MB sparsity 11.7%
gen 14 offspring [72/100] k= 24 (used  24.0) c=0.884 alpha=-0.045 beta=+0.144 | loss 3.0890 (delta +0.2037) size 496.5 MB sparsity 15.0%
gen 14 offspring [73/100] k= 35 (used  35.0) c=0.857 alpha=-0.218 beta=+0.172 | loss 3.0568 (delta +0.1715) size 540.3 MB sparsity 16.8%
gen 14 offspring [74/100] k= 15 (used  15.0) c=0.864 alpha=-0.172 beta=+0.433 | loss 3.6648 (delta +0.7794) size 444.5 MB sparsity 29.1%
gen 14 offspring [75/100] k= 17 (used  17.0) c=0.858 alpha=-0.286 beta=+0.518 | loss 3.9787 (delta +1.0933) size 436.7 MB sparsity 33.5%
gen 14 offspring [76/100] k= 31 (used  31.0) c=0.973 alpha=-0.016 beta=+0.233 | loss 3.0389 (delta +0.1536) size 496.6 MB sparsity 16.1%
gen 14 offspring [77/100] k= 37 (used  37.0) c=0.916 alpha=-0.040 beta=+0.019 | loss 2.9511 (delta +0.0658) size 541.4 MB sparsity 9.5%
gen 14 offspring [78/100] k= 15 (used  15.0) c=0.995 alpha=-0.039 beta=+0.118 | loss 3.6431 (delta +0.7577) size 448.5 MB sparsity 25.4%
gen 14 offspring [79/100] k= 16 (used  16.0) c=0.870 alpha=-0.187 beta=+0.054 | loss 3.4286 (delta +0.5433) size 450.5 MB sparsity 22.4%
gen 14 offspring [80/100] k=  3 (used   3.0) c=0.857 alpha=-0.019 beta=+0.402 | loss 16.7210 (delta +13.8357) size 322.2 MB sparsity 90.1%
gen 14 offspring [81/100] k= 36 (used  36.0) c=0.942 alpha=-0.170 beta=+0.354 | loss 3.1774 (delta +0.2921) size 526.5 MB sparsity 22.2%
gen 14 offspring [82/100] k= 26 (used  26.0) c=0.941 alpha=-0.207 beta=+0.099 | loss 3.0791 (delta +0.1937) size 496.4 MB sparsity 16.5%
gen 14 offspring [83/100] k= 15 (used  15.0) c=0.995 alpha=-0.368 beta=+0.169 | loss 3.8239 (delta +0.9386) size 445.3 MB sparsity 28.7%
gen 14 offspring [84/100] k= 42 (used  41.0) c=0.978 alpha=-0.057 beta=+0.129 | loss 2.9483 (delta +0.0629) size 541.4 MB sparsity 10.5%
gen 14 offspring [85/100] k= 15 (used  15.0) c=0.883 alpha=-0.059 beta=+0.428 | loss 3.6764 (delta +0.7910) size 444.4 MB sparsity 29.2%
gen 14 offspring [86/100] k= 17 (used  17.0) c=0.986 alpha=-0.057 beta=+0.015 | loss 3.4082 (delta +0.5229) size 456.9 MB sparsity 22.2%
gen 14 offspring [87/100] k= 30 (used  29.0) c=0.988 alpha=-0.060 beta=+0.148 | loss 3.0186 (delta +0.1332) size 496.7 MB sparsity 13.7%
gen 14 offspring [88/100] k= 30 (used  30.0) c=0.867 alpha=-0.345 beta=+0.053 | loss 3.1285 (delta +0.2431) size 495.2 MB sparsity 20.1%
gen 14 offspring [89/100] k= 14 (used  13.0) c=0.996 alpha=-0.052 beta=+0.120 | loss 4.1544 (delta +1.2690) size 444.3 MB sparsity 29.2%
gen 14 offspring [90/100] k= 25 (used  25.0) c=0.910 alpha=-0.173 beta=+0.031 | loss 3.0582 (delta +0.1729) size 496.6 MB sparsity 15.1%
gen 14 offspring [91/100] k=216 (used 216.0) c=0.995 alpha=-0.039 beta=+0.004 | loss 2.8882 (delta +0.0029) size 630.9 MB sparsity 2.6%
gen 14 offspring [92/100] k= 17 (used  17.0) c=0.870 alpha=-0.099 beta=+0.054 | loss 3.3037 (delta +0.4184) size 461.3 MB sparsity 19.8%
gen 14 offspring [93/100] k= 13 (used  13.0) c=0.886 alpha=-0.067 beta=+0.124 | loss 3.7580 (delta +0.8726) size 447.8 MB sparsity 26.3%
gen 14 offspring [94/100] k= 33 (used  33.0) c=0.934 alpha=-0.045 beta=+0.024 | loss 2.9739 (delta +0.0886) size 517.1 MB sparsity 10.9%
gen 14 offspring [95/100] k= 41 (used  41.0) c=0.952 alpha=-0.314 beta=+0.054 | loss 3.0632 (delta +0.1779) size 538.8 MB sparsity 17.5%
gen 14 offspring [96/100] k= 15 (used  15.0) c=0.872 alpha=-0.185 beta=+0.319 | loss 3.5458 (delta +0.6604) size 449.5 MB sparsity 25.3%
gen 14 offspring [97/100] k= 16 (used  16.0) c=0.870 alpha=-0.185 beta=+0.319 | loss 3.4848 (delta +0.5994) size 449.6 MB sparsity 25.3%
gen 14 offspring [98/100] k= 17 (used  17.0) c=0.922 alpha=-0.017 beta=+0.536 | loss 15.5837 (delta +12.6984) size 439.5 MB sparsity 32.0%
gen 14 offspring [99/100] k= 23 (used  23.0) c=0.974 alpha=-0.052 beta=+0.166 | loss 3.1036 (delta +0.2183) size 496.0 MB sparsity 16.5%
gen 14 offspring [100/100] k=  8 (used   7.0) c=0.988 alpha=-0.059 beta=+0.170 | loss 11.4767 (delta +8.5914) size 382.1 MB sparsity 52.0%
=== generation 14/50 done in 447s (0 reused), batch baseline 2.8854, HV 0.22267, front 100 points, 100/100 feasible, best delta loss +0.0020, smallest 441.2 MB
gen 15 offspring [1/100] k= 29 (used  29.0) c=0.857 alpha=-0.045 beta=+0.148 | loss 2.9942 (delta +0.1088) size 496.7 MB sparsity 12.5%
gen 15 offspring [2/100] k= 31 (used  31.0) c=0.872 alpha=-0.009 beta=+0.373 | loss 3.1933 (delta +0.3080) size 494.4 MB sparsity 20.8%
gen 15 offspring [3/100] k= 31 (used  31.0) c=0.995 alpha=-0.077 beta=+0.567 | loss 15.2122 (delta +12.3269) size 477.4 MB sparsity 28.6%
gen 15 offspring [4/100] k= 17 (used  17.0) c=0.992 alpha=-0.286 beta=+0.432 | loss 3.7174 (delta +0.8320) size 441.3 MB sparsity 30.9%
gen 15 offspring [5/100] k= 17 (used  17.0) c=0.817 alpha=-0.185 beta=+0.319 | loss 3.3895 (delta +0.5041) size 455.1 MB sparsity 23.3%
gen 15 offspring [6/100] k= 31 (used  31.0) c=0.991 alpha=-0.000 beta=+0.293 | loss 3.0884 (delta +0.2030) size 496.1 MB sparsity 18.5%
gen 15 offspring [7/100] k= 35 (used  35.0) c=0.973 alpha=-0.021 beta=+0.090 | loss 2.9687 (delta +0.0833) size 541.4 MB sparsity 10.7%
gen 15 offspring [8/100] k= 14 (used  13.0) c=0.991 alpha=-0.108 beta=+0.364 | loss 4.2831 (delta +1.3977) size 441.4 MB sparsity 30.9%
gen 15 offspring [9/100] k= 16 (used  16.0) c=0.848 alpha=-0.163 beta=+0.014 | loss 3.3997 (delta +0.5143) size 450.7 MB sparsity 21.9%
gen 15 offspring [10/100] k= 16 (used  16.0) c=0.930 alpha=-0.008 beta=+0.443 | loss 3.7728 (delta +0.8875) size 442.3 MB sparsity 30.4%
gen 15 offspring [11/100] k= 16 (used  16.0) c=0.868 alpha=-0.052 beta=+0.432 | loss 3.6285 (delta +0.7432) size 444.5 MB sparsity 29.2%
gen 15 offspring [12/100] k= 32 (used  32.0) c=0.895 alpha=-0.312 beta=+0.136 | loss 3.1077 (delta +0.2224) size 496.0 MB sparsity 19.5%
gen 15 offspring [13/100] k= 17 (used  17.0) c=0.926 alpha=-0.052 beta=+0.009 | loss 3.3384 (delta +0.4530) size 459.2 MB sparsity 21.0%
gen 15 offspring [14/100] k= 23 (used  23.0) c=0.931 alpha=-0.209 beta=+0.431 | loss 3.3924 (delta +0.5070) size 480.6 MB sparsity 27.2%
gen 15 offspring [15/100] k= 17 (used  17.0) c=0.876 alpha=-0.121 beta=+0.307 | loss 3.3995 (delta +0.5142) size 454.9 MB sparsity 23.4%
gen 15 offspring [16/100] k= 29 (used  29.0) c=0.862 alpha=-0.206 beta=+0.053 | loss 3.0160 (delta +0.1307) size 496.7 MB sparsity 14.7%
gen 15 offspring [17/100] k= 31 (used  31.0) c=0.941 alpha=-0.060 beta=+0.023 | loss 2.9841 (delta +0.0987) size 496.7 MB sparsity 11.7%
gen 15 offspring [18/100] k= 23 (used  23.0) c=1.000 alpha=-0.045 beta=+0.117 | loss 3.1108 (delta +0.2254) size 495.8 MB sparsity 16.7%
gen 15 offspring [19/100] k= 16 (used  16.0) c=0.855 alpha=-0.221 beta=+0.067 | loss 3.4128 (delta +0.5275) size 450.7 MB sparsity 22.3%
gen 15 offspring [20/100] k= 34 (used  34.0) c=0.869 alpha=-0.136 beta=+0.348 | loss 3.1599 (delta +0.2746) size 530.6 MB sparsity 20.7%
gen 15 offspring [21/100] k= 18 (used  18.0) c=0.862 alpha=-0.207 beta=+0.150 | loss 3.2815 (delta +0.3962) size 493.7 MB sparsity 20.0%
gen 15 offspring [22/100] k= 17 (used  17.0) c=0.932 alpha=-0.042 beta=+0.394 | loss 3.5434 (delta +0.6581) size 448.1 MB sparsity 27.1%
gen 15 offspring [23/100] k= 31 (used  31.0) c=0.995 alpha=-0.074 beta=+0.007 | loss 2.9966 (delta +0.1113) size 496.7 MB sparsity 12.3%
gen 15 offspring [24/100] k= 17 (used  17.0) c=0.976 alpha=-0.064 beta=+0.059 | loss 3.3905 (delta +0.5052) size 457.3 MB sparsity 22.0%
gen 15 offspring [25/100] k= 34 (used  34.0) c=0.869 alpha=-0.415 beta=+0.148 | loss 3.3000 (delta +0.4147) size 522.5 MB sparsity 23.7%
gen 15 offspring [26/100] k= 17 (used  17.0) c=0.933 alpha=-0.052 beta=+0.165 | loss 3.3498 (delta +0.4644) size 458.9 MB sparsity 21.1%
gen 15 offspring [27/100] k= 30 (used  29.0) c=0.995 alpha=-0.009 beta=+0.199 | loss 3.0373 (delta +0.1519) size 496.6 MB sparsity 15.5%
gen 15 offspring [28/100] k= 16 (used  16.0) c=0.891 alpha=-0.207 beta=+0.045 | loss 3.4930 (delta +0.6076) size 450.2 MB sparsity 22.9%
gen 15 offspring [29/100] k= 29 (used  29.0) c=0.973 alpha=-0.022 beta=+0.120 | loss 3.0070 (delta +0.1216) size 496.7 MB sparsity 13.0%
gen 15 offspring [30/100] k= 29 (used  29.0) c=0.871 alpha=-0.398 beta=+0.382 | loss 3.5515 (delta +0.6662) size 469.4 MB sparsity 32.2%
gen 15 offspring [31/100] k= 27 (used  27.0) c=0.923 alpha=-0.036 beta=+0.022 | loss 3.0262 (delta +0.1409) size 496.7 MB sparsity 13.1%
gen 15 offspring [32/100] k= 17 (used  17.0) c=0.870 alpha=-0.206 beta=+0.180 | loss 3.3024 (delta +0.4171) size 460.5 MB sparsity 20.2%
gen 15 offspring [33/100] k= 36 (used  36.0) c=0.866 alpha=-0.058 beta=+0.017 | loss 2.9580 (delta +0.0727) size 541.4 MB sparsity 9.5%
gen 15 offspring [34/100] k= 29 (used  29.0) c=0.862 alpha=-0.352 beta=+0.349 | loss 3.4059 (delta +0.5206) size 476.3 MB sparsity 29.1%
gen 15 offspring [35/100] k= 33 (used  33.0) c=0.935 alpha=-0.102 beta=+0.286 | loss 3.0634 (delta +0.1780) size 502.1 MB sparsity 17.6%
gen 15 offspring [36/100] k= 20 (used  20.0) c=0.929 alpha=-0.008 beta=+0.001 | loss 3.2194 (delta +0.3341) size 494.4 MB sparsity 18.8%
gen 15 offspring [37/100] k= 17 (used  17.0) c=0.926 alpha=-0.124 beta=+0.000 | loss 3.3384 (delta +0.4530) size 459.2 MB sparsity 21.0%
gen 15 offspring [38/100] k= 15 (used  15.0) c=0.911 alpha=-0.063 beta=+0.153 | loss 3.5595 (delta +0.6741) size 450.0 MB sparsity 23.4%
gen 15 offspring [39/100] k=104 (used 104.0) c=0.956 alpha=-0.039 beta=+0.010 | loss 2.8970 (delta +0.0116) size 586.1 MB sparsity 3.7%
gen 15 offspring [40/100] k= 17 (used  17.0) c=0.854 alpha=-0.046 beta=+0.414 | loss 3.5319 (delta +0.6465) size 448.5 MB sparsity 26.9%
gen 15 offspring [41/100] k= 33 (used  33.0) c=0.975 alpha=-0.202 beta=+0.024 | loss 2.9969 (delta +0.1116) size 509.0 MB sparsity 14.5%
gen 15 offspring [42/100] k= 15 (used  15.0) c=0.888 alpha=-0.027 beta=+0.129 | loss 3.4861 (delta +0.6007) size 450.3 MB sparsity 22.8%
gen 15 offspring [43/100] k= 47 (used  46.9) c=0.884 alpha=-0.093 beta=+0.437 | loss 3.3792 (delta +0.4939) size 526.7 MB sparsity 22.2%
gen 15 offspring [44/100] k= 17 (used  17.0) c=0.848 alpha=-0.051 beta=+0.422 | loss 3.5286 (delta +0.6432) size 448.1 MB sparsity 27.1%
gen 15 offspring [45/100] k= 74 (used  72.6) c=0.989 alpha=-0.392 beta=+0.014 | loss 3.1231 (delta +0.2377) size 572.4 MB sparsity 18.7%
gen 15 offspring [46/100] k= 17 (used  17.0) c=0.938 alpha=-0.194 beta=+0.050 | loss 3.3451 (delta +0.4598) size 458.6 MB sparsity 21.3%
gen 15 offspring [47/100] k= 31 (used  31.0) c=0.979 alpha=-0.108 beta=+0.354 | loss 3.1479 (delta +0.2625) size 494.4 MB sparsity 20.8%
gen 15 offspring [48/100] k= 17 (used  17.0) c=0.859 alpha=-0.169 beta=+0.394 | loss 3.4967 (delta +0.6114) size 449.7 MB sparsity 26.3%
gen 15 offspring [49/100] k= 22 (used  22.0) c=0.942 alpha=-0.170 beta=+0.354 | loss 3.3037 (delta +0.4184) size 488.3 MB sparsity 23.8%
gen 15 offspring [50/100] k= 78 (used  78.0) c=0.915 alpha=-0.169 beta=+0.019 | loss 2.9254 (delta +0.0400) size 586.1 MB sparsity 9.5%
gen 15 offspring [51/100] k= 29 (used  29.0) c=0.975 alpha=-0.045 beta=+0.024 | loss 3.0078 (delta +0.1224) size 496.7 MB sparsity 12.9%
gen 15 offspring [52/100] k= 31 (used  31.0) c=0.888 alpha=-0.051 beta=+0.422 | loss 3.2948 (delta +0.4095) size 490.5 MB sparsity 22.8%
gen 15 offspring [53/100] k= 17 (used  17.0) c=0.864 alpha=-0.156 beta=+0.433 | loss 3.5779 (delta +0.6926) size 447.1 MB sparsity 27.7%
gen 15 offspring [54/100] k=140 (used 140.0) c=0.885 alpha=-0.052 beta=+0.001 | loss 2.9023 (delta +0.0170) size 630.9 MB sparsity 3.5%
gen 15 offspring [55/100] k= 15 (used  15.0) c=0.864 alpha=-0.286 beta=+0.402 | loss 3.7343 (delta +0.8490) size 443.2 MB sparsity 29.9%
gen 15 offspring [56/100] k= 32 (used  32.0) c=0.926 alpha=-0.051 beta=+0.019 | loss 2.9763 (delta +0.0910) size 496.7 MB sparsity 11.5%
gen 15 offspring [57/100] k= 37 (used  37.0) c=0.881 alpha=-0.052 beta=+0.166 | loss 2.9721 (delta +0.0867) size 541.4 MB sparsity 11.9%
gen 15 offspring [58/100] k= 30 (used  29.0) c=0.982 alpha=-0.082 beta=+0.109 | loss 3.0104 (delta +0.1250) size 496.7 MB sparsity 13.0%
gen 15 offspring [59/100] k= 16 (used  15.0) c=0.999 alpha=-0.332 beta=+0.166 | loss 3.7597 (delta +0.8744) size 447.0 MB sparsity 27.6%
gen 15 offspring [60/100] k= 66 (used  65.9) c=0.943 alpha=-0.312 beta=+0.056 | loss 3.0323 (delta +0.1470) size 580.9 MB sparsity 15.9%
gen 15 offspring [61/100] k= 29 (used  29.0) c=0.868 alpha=-0.344 beta=+0.223 | loss 3.2395 (delta +0.3542) size 487.8 MB sparsity 24.0%
gen 15 offspring [62/100] k=  5 (used   5.0) c=0.894 alpha=-0.042 beta=+0.437 | loss 13.5237 (delta +10.6383) size 349.3 MB sparsity 64.8%
gen 15 offspring [63/100] k= 99 (used  99.0) c=0.986 alpha=-0.004 beta=+0.019 | loss 2.8966 (delta +0.0112) size 586.1 MB sparsity 3.8%
gen 15 offspring [64/100] k=  5 (used   5.0) c=0.953 alpha=-0.206 beta=+0.198 | loss 15.8004 (delta +12.9150) size 346.8 MB sparsity 67.5%
gen 15 offspring [65/100] k= 17 (used  17.0) c=0.871 alpha=-0.293 beta=+0.164 | loss 3.4149 (delta +0.5296) size 455.8 MB sparsity 22.8%
gen 15 offspring [66/100] k= 28 (used  27.0) c=0.976 alpha=-0.064 beta=+0.349 | loss 3.1971 (delta +0.3117) size 493.1 MB sparsity 21.5%
gen 15 offspring [67/100] k= 16 (used  16.0) c=0.857 alpha=-0.211 beta=+0.135 | loss 3.4124 (delta +0.5270) size 450.6 MB sparsity 22.2%
gen 15 offspring [68/100] k= 29 (used  29.0) c=0.868 alpha=-0.321 beta=+0.255 | loss 3.2372 (delta +0.3519) size 487.0 MB sparsity 24.3%
gen 15 offspring [69/100] k= 30 (used  29.0) c=0.999 alpha=-0.350 beta=+0.174 | loss 3.2040 (delta +0.3187) size 490.9 MB sparsity 22.6%
gen 15 offspring [70/100] k=215 (used 215.0) c=0.995 alpha=-0.039 beta=+0.012 | loss 2.8881 (delta +0.0028) size 630.9 MB sparsity 2.6%
gen 15 offspring [71/100] k= 17 (used  17.0) c=0.858 alpha=-0.286 beta=+0.446 | loss 3.7527 (delta +0.8674) size 441.2 MB sparsity 31.0%
gen 15 offspring [72/100] k= 35 (used  35.0) c=0.857 alpha=-0.397 beta=+0.150 | loss 3.2434 (delta +0.3580) size 524.4 MB sparsity 23.0%
gen 15 offspring [73/100] k= 17 (used  17.0) c=0.857 alpha=-0.383 beta=+0.148 | loss 3.5386 (delta +0.6532) size 450.4 MB sparsity 25.9%
gen 15 offspring [74/100] k= 64 (used  64.0) c=0.912 alpha=-0.010 beta=+0.013 | loss 2.9131 (delta +0.0277) size 541.4 MB sparsity 5.5%
gen 15 offspring [75/100] k= 17 (used  17.0) c=0.933 alpha=-0.134 beta=+0.171 | loss 3.3498 (delta +0.4645) size 458.9 MB sparsity 21.1%
gen 15 offspring [76/100] k= 64 (used  63.8) c=0.937 alpha=-0.187 beta=+0.369 | loss 3.1551 (delta +0.2697) size 524.0 MB sparsity 23.2%
gen 15 offspring [77/100] k= 31 (used  31.0) c=0.940 alpha=-0.170 beta=+0.152 | loss 2.9986 (delta +0.1133) size 496.7 MB sparsity 14.7%
gen 15 offspring [78/100] k= 30 (used  30.0) c=0.862 alpha=-0.211 beta=+0.028 | loss 3.0156 (delta +0.1303) size 496.7 MB sparsity 14.9%
gen 15 offspring [79/100] k=179 (used 176.3) c=0.856 alpha=-0.018 beta=+0.402 | loss 3.3452 (delta +0.4599) size 613.3 MB sparsity 17.4%
gen 15 offspring [80/100] k= 33 (used  33.0) c=0.975 alpha=-0.040 beta=+0.025 | loss 2.9713 (delta +0.0859) size 516.0 MB sparsity 11.3%
gen 15 offspring [81/100] k= 26 (used  26.0) c=0.923 alpha=-0.177 beta=+0.131 | loss 3.0532 (delta +0.1679) size 496.6 MB sparsity 15.4%
gen 15 offspring [82/100] k= 13 (used  13.0) c=0.864 alpha=-0.286 beta=+0.529 | loss 15.3970 (delta +12.5116) size 433.9 MB sparsity 35.1%
gen 15 offspring [83/100] k= 28 (used  27.0) c=0.998 alpha=-0.128 beta=+0.180 | loss 3.0516 (delta +0.1663) size 496.6 MB sparsity 15.5%
gen 15 offspring [84/100] k= 16 (used  16.0) c=0.864 alpha=-0.049 beta=+0.401 | loss 3.5993 (delta +0.7140) size 446.5 MB sparsity 28.0%
gen 15 offspring [85/100] k= 37 (used  37.0) c=0.863 alpha=-0.335 beta=+0.061 | loss 3.1062 (delta +0.2209) size 536.7 MB sparsity 18.4%
gen 15 offspring [86/100] k= 16 (used  16.0) c=0.864 alpha=-0.247 beta=+0.420 | loss 3.6619 (delta +0.7766) size 444.1 MB sparsity 29.4%
gen 15 offspring [87/100] k= 16 (used  15.0) c=0.974 alpha=-0.043 beta=+0.035 | loss 3.6545 (delta +0.7692) size 448.9 MB sparsity 24.9%
gen 15 offspring [88/100] k= 14 (used  14.0) c=0.884 alpha=-0.044 beta=+0.015 | loss 3.7423 (delta +0.8569) size 447.8 MB sparsity 26.2%
gen 15 offspring [89/100] k= 35 (used  35.0) c=0.973 alpha=-0.022 beta=+0.131 | loss 2.9708 (delta +0.0855) size 541.4 MB sparsity 11.5%
gen 15 offspring [90/100] k=105 (used 105.0) c=0.998 alpha=-0.039 beta=+0.010 | loss 2.8970 (delta +0.0116) size 586.1 MB sparsity 3.8%
gen 15 offspring [91/100] k= 16 (used  16.0) c=0.868 alpha=-0.008 beta=+0.479 | loss 4.8034 (delta +1.9181) size 441.5 MB sparsity 30.8%
gen 15 offspring [92/100] k= 26 (used  26.0) c=0.857 alpha=-0.142 beta=+0.406 | loss 3.2972 (delta +0.4119) size 488.3 MB sparsity 23.7%
gen 15 offspring [93/100] k= 27 (used  27.0) c=0.923 alpha=-0.067 beta=+0.120 | loss 3.0257 (delta +0.1404) size 496.7 MB sparsity 13.2%
gen 15 offspring [94/100] k= 29 (used  29.0) c=0.868 alpha=-0.388 beta=+0.263 | loss 3.3353 (delta +0.4499) size 480.6 MB sparsity 27.2%
gen 15 offspring [95/100] k= 30 (used  30.0) c=0.934 alpha=-0.006 beta=+0.063 | loss 3.0032 (delta +0.1178) size 496.7 MB sparsity 12.4%
gen 15 offspring [96/100] k= 18 (used  18.0) c=0.874 alpha=-0.207 beta=+0.226 | loss 3.3160 (delta +0.4306) size 493.1 MB sparsity 21.1%
gen 15 offspring [97/100] k= 14 (used  14.0) c=0.884 alpha=-0.043 beta=+0.045 | loss 3.7423 (delta +0.8569) size 447.8 MB sparsity 26.2%
gen 15 offspring [98/100] k= 13 (used  13.0) c=0.987 alpha=-0.061 beta=+0.201 | loss 4.1339 (delta +1.2485) size 444.6 MB sparsity 29.0%
gen 15 offspring [99/100] k= 33 (used  33.0) c=0.960 alpha=-0.409 beta=+0.188 | loss 3.2969 (delta +0.4115) size 485.3 MB sparsity 25.1%
gen 15 offspring [100/100] k= 29 (used  29.0) c=0.886 alpha=-0.028 beta=+0.127 | loss 2.9911 (delta +0.1057) size 496.7 MB sparsity 12.2%
=== generation 15/50 done in 447s (0 reused), batch baseline 2.8854, HV 0.22301, front 100 points, 100/100 feasible, best delta loss +0.0020, smallest 441.2 MB
gen 16 offspring [1/100] k= 30 (used  30.0) c=0.857 alpha=-0.211 beta=+0.135 | loss 3.0255 (delta +0.1401) size 496.7 MB sparsity 15.6%
gen 16 offspring [2/100] k= 31 (used  31.0) c=0.938 alpha=-0.052 beta=+0.433 | loss 3.3033 (delta +0.4180) size 488.8 MB sparsity 23.5%
gen 16 offspring [3/100] k= 16 (used  16.0) c=0.868 alpha=-0.052 beta=+0.432 | loss 3.6285 (delta +0.7432) size 444.5 MB sparsity 29.2%
gen 16 offspring [4/100] k=143 (used 141.2) c=0.930 alpha=-0.321 beta=+0.236 | loss 3.1591 (delta +0.2737) size 592.3 MB sparsity 23.3%
gen 16 offspring [5/100] k= 42 (used  42.0) c=0.924 alpha=-0.053 beta=+0.131 | loss 2.9500 (delta +0.0646) size 541.4 MB sparsity 10.2%
gen 16 offspring [6/100] k= 33 (used  33.0) c=0.999 alpha=-0.040 beta=+0.028 | loss 2.9811 (delta +0.0958) size 515.5 MB sparsity 11.6%
gen 16 offspring [7/100] k= 34 (used  34.0) c=0.839 alpha=-0.187 beta=+0.032 | loss 2.9968 (delta +0.1115) size 541.4 MB sparsity 13.0%
gen 16 offspring [8/100] k= 29 (used  29.0) c=0.857 alpha=-0.126 beta=+0.175 | loss 3.0085 (delta +0.1231) size 496.7 MB sparsity 13.9%
gen 16 offspring [9/100] k= 35 (used  35.0) c=0.973 alpha=-0.022 beta=+0.220 | loss 3.0155 (delta +0.1301) size 541.0 MB sparsity 14.8%
gen 16 offspring [10/100] k= 26 (used  26.0) c=0.868 alpha=-0.201 beta=+0.203 | loss 3.1105 (delta +0.2252) size 496.4 MB sparsity 18.0%
gen 16 offspring [11/100] k= 17 (used  17.0) c=0.991 alpha=-0.211 beta=+0.269 | loss 3.4318 (delta +0.5464) size 454.2 MB sparsity 23.7%
gen 16 offspring [12/100] k=  5 (used   5.0) c=0.912 alpha=-0.173 beta=+0.154 | loss 14.4943 (delta +11.6089) size 348.5 MB sparsity 65.7%
gen 16 offspring [13/100] k= 30 (used  30.0) c=0.912 alpha=-0.206 beta=+0.057 | loss 3.0282 (delta +0.1429) size 496.7 MB sparsity 15.1%
gen 16 offspring [14/100] k= 16 (used  16.0) c=0.858 alpha=-0.289 beta=+0.401 | loss 3.7189 (delta +0.8336) size 443.1 MB sparsity 29.9%
gen 16 offspring [15/100] k= 33 (used  33.0) c=0.965 alpha=-0.045 beta=+0.024 | loss 2.9701 (delta +0.0847) size 516.3 MB sparsity 11.2%
gen 16 offspring [16/100] k= 17 (used  17.0) c=0.864 alpha=-0.133 beta=+0.464 | loss 3.6903 (delta +0.8050) size 445.1 MB sparsity 28.8%
gen 16 offspring [17/100] k= 56 (used  54.9) c=0.995 alpha=-0.360 beta=+0.219 | loss 3.2312 (delta +0.3459) size 521.3 MB sparsity 24.2%
gen 16 offspring [18/100] k= 17 (used  17.0) c=0.995 alpha=-0.185 beta=+0.373 | loss 3.5355 (delta +0.6501) size 448.1 MB sparsity 27.1%
gen 16 offspring [19/100] k= 64 (used  64.0) c=0.941 alpha=-0.062 beta=+0.012 | loss 2.9146 (delta +0.0293) size 541.4 MB sparsity 5.9%
gen 16 offspring [20/100] k= 16 (used  16.0) c=0.848 alpha=-0.018 beta=+0.402 | loss 3.5673 (delta +0.6820) size 446.8 MB sparsity 27.8%
gen 16 offspring [21/100] k= 17 (used  17.0) c=0.921 alpha=-0.236 beta=+0.216 | loss 3.3699 (delta +0.4846) size 457.2 MB sparsity 22.0%
gen 16 offspring [22/100] k=219 (used 219.0) c=0.995 alpha=-0.037 beta=+0.012 | loss 2.8884 (delta +0.0031) size 630.9 MB sparsity 2.5%
gen 16 offspring [23/100] k= 32 (used  32.0) c=0.903 alpha=-0.035 beta=+0.019 | loss 2.9744 (delta +0.0890) size 496.7 MB sparsity 11.2%
gen 16 offspring [24/100] k= 32 (used  32.0) c=0.912 alpha=-0.079 beta=+0.022 | loss 2.9749 (delta +0.0895) size 496.7 MB sparsity 11.3%
gen 16 offspring [25/100] k= 17 (used  17.0) c=0.870 alpha=-0.054 beta=+0.319 | loss 3.3992 (delta +0.5138) size 454.3 MB sparsity 23.7%
gen 16 offspring [26/100] k= 46 (used  46.0) c=0.974 alpha=-0.032 beta=+0.049 | loss 2.9337 (delta +0.0484) size 541.4 MB sparsity 8.3%
gen 16 offspring [27/100] k= 40 (used  39.0) c=0.989 alpha=-0.107 beta=+0.349 | loss 3.1275 (delta +0.2422) size 533.2 MB sparsity 19.7%
gen 16 offspring [28/100] k= 16 (used  16.0) c=0.868 alpha=-0.370 beta=+0.222 | loss 3.5907 (delta +0.7054) size 447.8 MB sparsity 27.2%
gen 16 offspring [29/100] k= 43 (used  43.0) c=0.926 alpha=-0.067 beta=+0.131 | loss 2.9432 (delta +0.0579) size 541.4 MB sparsity 10.0%
gen 16 offspring [30/100] k=140 (used 139.9) c=0.929 alpha=-0.008 beta=+0.128 | loss 2.9034 (delta +0.0180) size 630.9 MB sparsity 6.7%
gen 16 offspring [31/100] k= 15 (used  15.0) c=0.864 alpha=-0.156 beta=+0.433 | loss 3.6631 (delta +0.7778) size 444.5 MB sparsity 29.2%
gen 16 offspring [32/100] k= 16 (used  16.0) c=0.868 alpha=-0.068 beta=+0.404 | loss 3.5949 (delta +0.7095) size 446.2 MB sparsity 28.2%
gen 16 offspring [33/100] k= 17 (used  17.0) c=0.995 alpha=-0.244 beta=+0.420 | loss 3.6419 (delta +0.7565) size 444.1 MB sparsity 29.4%
gen 16 offspring [34/100] k= 16 (used  16.0) c=0.884 alpha=-0.297 beta=+0.443 | loss 3.8038 (delta +0.9184) size 439.9 MB sparsity 31.7%
gen 16 offspring [35/100] k= 16 (used  16.0) c=0.885 alpha=-0.213 beta=+0.331 | loss 3.5527 (delta +0.6673) size 449.1 MB sparsity 26.0%
gen 16 offspring [36/100] k= 16 (used  15.0) c=0.994 alpha=-0.207 beta=+0.135 | loss 3.6465 (delta +0.7611) size 448.5 MB sparsity 25.4%
gen 16 offspring [37/100] k= 33 (used  33.0) c=0.989 alpha=-0.045 beta=+0.024 | loss 2.9763 (delta +0.0910) size 515.7 MB sparsity 11.5%
gen 16 offspring [38/100] k= 15 (used  15.0) c=0.940 alpha=-0.191 beta=+0.058 | loss 3.5553 (delta +0.6699) size 449.5 MB sparsity 24.1%
gen 16 offspring [39/100] k= 16 (used  16.0) c=0.870 alpha=-0.239 beta=+0.054 | loss 3.4361 (delta +0.5508) size 450.5 MB sparsity 22.9%
gen 16 offspring [40/100] k= 24 (used  24.0) c=0.899 alpha=-0.173 beta=+0.154 | loss 3.0824 (delta +0.1971) size 496.4 MB sparsity 16.1%
gen 16 offspring [41/100] k= 17 (used  17.0) c=0.848 alpha=-0.052 beta=+0.006 | loss 3.2737 (delta +0.3884) size 462.1 MB sparsity 19.3%
gen 16 offspring [42/100] k=215 (used 211.2) c=0.997 alpha=-0.037 beta=+0.497 | loss 15.2867 (delta +12.4014) size 598.3 MB sparsity 21.6%
gen 16 offspring [43/100] k= 16 (used  15.0) c=0.996 alpha=-0.017 beta=+0.114 | loss 3.6340 (delta +0.7486) size 448.5 MB sparsity 25.4%
gen 16 offspring [44/100] k=104 (used 103.0) c=0.997 alpha=-0.040 beta=+0.038 | loss 2.8946 (delta +0.0093) size 586.1 MB sparsity 3.9%
gen 16 offspring [45/100] k= 35 (used  35.0) c=0.972 alpha=-0.022 beta=+0.184 | loss 2.9962 (delta +0.1109) size 541.3 MB sparsity 13.4%
gen 16 offspring [46/100] k= 32 (used  32.0) c=0.862 alpha=-0.310 beta=+0.242 | loss 3.2299 (delta +0.3446) size 489.3 MB sparsity 23.3%
gen 16 offspring [47/100] k= 41 (used  41.0) c=0.877 alpha=-0.258 beta=+0.052 | loss 3.0131 (delta +0.1277) size 541.2 MB sparsity 15.0%
gen 16 offspring [48/100] k= 16 (used  16.0) c=0.878 alpha=-0.335 beta=+0.061 | loss 3.6148 (delta +0.7294) size 449.1 MB sparsity 25.9%
gen 16 offspring [49/100] k= 17 (used  17.0) c=0.855 alpha=-0.286 beta=+0.292 | loss 3.4770 (delta +0.5917) size 451.1 MB sparsity 25.5%
gen 16 offspring [50/100] k= 16 (used  16.0) c=0.888 alpha=-0.028 beta=+0.117 | loss 3.4723 (delta +0.5869) size 450.3 MB sparsity 22.8%
gen 16 offspring [51/100] k= 26 (used  26.0) c=0.868 alpha=-0.008 beta=+0.015 | loss 3.0352 (delta +0.1498) size 496.6 MB sparsity 13.4%
gen 16 offspring [52/100] k= 18 (used  18.0) c=0.878 alpha=-0.076 beta=+0.440 | loss 3.5998 (delta +0.7145) size 478.5 MB sparsity 28.1%
gen 16 offspring [53/100] k=108 (used 108.0) c=0.913 alpha=-0.039 beta=+0.007 | loss 2.9005 (delta +0.0151) size 586.1 MB sparsity 3.5%
gen 16 offspring [54/100] k= 15 (used  15.0) c=0.905 alpha=-0.049 beta=+0.304 | loss 3.5771 (delta +0.6918) size 449.4 MB sparsity 25.3%
gen 16 offspring [55/100] k= 30 (used  29.0) c=0.995 alpha=-0.381 beta=+0.149 | loss 3.2218 (delta +0.3365) size 490.0 MB sparsity 23.0%
gen 16 offspring [56/100] k= 17 (used  17.0) c=0.926 alpha=-0.027 beta=+0.001 | loss 3.3384 (delta +0.4530) size 459.2 MB sparsity 21.0%
gen 16 offspring [57/100] k= 21 (used  21.0) c=0.938 alpha=-0.363 beta=+0.050 | loss 3.3695 (delta +0.4842) size 488.1 MB sparsity 23.8%
gen 16 offspring [58/100] k= 30 (used  30.0) c=0.869 alpha=-0.002 beta=+0.380 | loss 3.1943 (delta +0.3090) size 493.3 MB sparsity 21.5%
gen 16 offspring [59/100] k= 16 (used  16.0) c=0.898 alpha=-0.187 beta=+0.054 | loss 3.5020 (delta +0.6167) size 450.1 MB sparsity 23.1%
gen 16 offspring [60/100] k= 44 (used  44.0) c=0.868 alpha=-0.311 beta=+0.328 | loss 3.2699 (delta +0.3846) size 514.7 MB sparsity 26.6%
gen 16 offspring [61/100] k= 17 (used  17.0) c=0.864 alpha=-0.244 beta=+0.432 | loss 3.6245 (delta +0.7392) size 444.6 MB sparsity 29.1%
gen 16 offspring [62/100] k= 27 (used  27.0) c=0.867 alpha=-0.347 beta=+0.046 | loss 3.1785 (delta +0.2931) size 494.5 MB sparsity 20.7%
gen 16 offspring [63/100] k= 16 (used  16.0) c=0.896 alpha=-0.052 beta=+0.442 | loss 3.7263 (delta +0.8410) size 443.2 MB sparsity 29.9%
gen 16 offspring [64/100] k= 20 (used  20.0) c=0.945 alpha=-0.230 beta=+0.040 | loss 3.2622 (delta +0.3768) size 493.8 MB sparsity 20.3%
gen 16 offspring [65/100] k= 17 (used  17.0) c=0.870 alpha=-0.214 beta=+0.313 | loss 3.4051 (delta +0.5198) size 453.7 MB sparsity 24.0%
gen 16 offspring [66/100] k= 38 (used  38.0) c=0.868 alpha=-0.168 beta=+0.250 | loss 3.0664 (delta +0.1810) size 538.0 MB sparsity 17.9%
gen 16 offspring [67/100] k= 31 (used  31.0) c=0.998 alpha=-0.167 beta=+0.354 | loss 3.1736 (delta +0.2883) size 491.3 MB sparsity 22.4%
gen 16 offspring [68/100] k=  6 (used   5.0) c=0.868 alpha=-0.163 beta=+0.014 | loss 12.7077 (delta +9.8224) size 350.4 MB sparsity 63.5%
gen 16 offspring [69/100] k= 16 (used  16.0) c=0.881 alpha=-0.115 beta=+0.375 | loss 3.5979 (delta +0.7125) size 447.6 MB sparsity 27.3%
gen 16 offspring [70/100] k= 14 (used  13.0) c=0.992 alpha=-0.286 beta=+0.432 | loss 4.3739 (delta +1.4886) size 437.3 MB sparsity 33.2%
gen 16 offspring [71/100] k= 33 (used  33.0) c=0.973 alpha=-0.118 beta=+0.050 | loss 2.9738 (delta +0.0884) size 515.4 MB sparsity 11.6%
gen 16 offspring [72/100] k= 50 (used  49.0) c=0.995 alpha=-0.000 beta=+0.007 | loss 2.9349 (delta +0.0496) size 541.4 MB sparsity 7.8%
gen 16 offspring [73/100] k= 17 (used  17.0) c=0.926 alpha=-0.119 beta=+0.001 | loss 3.3384 (delta +0.4530) size 459.2 MB sparsity 21.0%
gen 16 offspring [74/100] k= 17 (used  17.0) c=0.833 alpha=-0.221 beta=+0.069 | loss 3.3122 (delta +0.4269) size 461.0 MB sparsity 19.9%
gen 16 offspring [75/100] k= 27 (used  27.0) c=0.870 alpha=-0.206 beta=+0.186 | loss 3.0756 (delta +0.1902) size 496.6 MB sparsity 17.4%
gen 16 offspring [76/100] k= 29 (used  29.0) c=0.868 alpha=-0.052 beta=+0.463 | loss 4.1427 (delta +1.2573) size 486.5 MB sparsity 24.5%
gen 16 offspring [77/100] k= 17 (used  17.0) c=0.815 alpha=-0.185 beta=+0.319 | loss 3.3977 (delta +0.5123) size 455.1 MB sparsity 23.2%
gen 16 offspring [78/100] k= 29 (used  29.0) c=0.852 alpha=-0.028 beta=+0.003 | loss 2.9928 (delta +0.1074) size 496.7 MB sparsity 11.3%
gen 16 offspring [79/100] k= 24 (used  24.0) c=0.869 alpha=-0.335 beta=+0.061 | loss 3.2098 (delta +0.3245) size 493.3 MB sparsity 21.4%
gen 16 offspring [80/100] k= 32 (used  32.0) c=0.893 alpha=-0.036 beta=+0.017 | loss 2.9782 (delta +0.0929) size 496.7 MB sparsity 11.1%
gen 16 offspring [81/100] k= 17 (used  17.0) c=0.885 alpha=-0.235 beta=+0.444 | loss 3.6676 (delta +0.7822) size 444.1 MB sparsity 29.4%
gen 16 offspring [82/100] k= 32 (used  32.0) c=0.940 alpha=-0.163 beta=+0.354 | loss 3.1535 (delta +0.2681) size 491.9 MB sparsity 22.1%
gen 16 offspring [83/100] k= 33 (used  33.0) c=0.863 alpha=-0.371 beta=+0.173 | loss 3.2400 (delta +0.3547) size 490.1 MB sparsity 22.9%
gen 16 offspring [84/100] k=  7 (used   7.0) c=0.992 alpha=-0.041 beta=+0.427 | loss 11.4932 (delta +8.6079) size 381.9 MB sparsity 52.2%
gen 16 offspring [85/100] k= 10 (used  10.0) c=0.840 alpha=-0.070 beta=+0.441 | loss 5.3792 (delta +2.4938) size 429.4 MB sparsity 37.6%
gen 16 offspring [86/100] k= 29 (used  29.0) c=0.856 alpha=-0.372 beta=+0.185 | loss 3.2266 (delta +0.3413) size 488.7 MB sparsity 23.5%
gen 16 offspring [87/100] k= 27 (used  27.0) c=0.947 alpha=-0.075 beta=+0.131 | loss 3.0518 (delta +0.1664) size 496.6 MB sparsity 13.6%
gen 16 offspring [88/100] k= 52 (used  52.0) c=0.855 alpha=-0.097 beta=+0.022 | loss 2.9386 (delta +0.0533) size 541.4 MB sparsity 7.6%
gen 16 offspring [89/100] k=  7 (used   7.0) c=0.869 alpha=-0.207 beta=+0.380 | loss 10.0217 (delta +7.1364) size 388.8 MB sparsity 47.0%
gen 16 offspring [90/100] k= 64 (used  64.0) c=0.912 alpha=-0.000 beta=+0.012 | loss 2.9128 (delta +0.0274) size 541.4 MB sparsity 5.5%
gen 16 offspring [91/100] k= 16 (used  16.0) c=0.884 alpha=-0.086 beta=+0.001 | loss 3.4856 (delta +0.6002) size 450.3 MB sparsity 22.7%
gen 16 offspring [92/100] k= 17 (used  17.0) c=0.885 alpha=-0.169 beta=+0.397 | loss 3.5267 (delta +0.6414) size 448.9 MB sparsity 26.7%
gen 16 offspring [93/100] k=  7 (used   7.0) c=0.880 alpha=-0.185 beta=+0.044 | loss 9.2321 (delta +6.3468) size 388.2 MB sparsity 47.5%
gen 16 offspring [94/100] k= 66 (used  66.0) c=0.941 alpha=-0.060 beta=+0.086 | loss 2.9102 (delta +0.0249) size 586.1 MB sparsity 6.8%
gen 16 offspring [95/100] k= 40 (used  40.0) c=0.966 alpha=-0.210 beta=+0.046 | loss 2.9866 (delta +0.1012) size 541.3 MB sparsity 13.8%
gen 16 offspring [96/100] k= 12 (used  11.0) c=0.937 alpha=-0.321 beta=+0.252 | loss 4.6144 (delta +1.7291) size 438.2 MB sparsity 32.7%
gen 16 offspring [97/100] k= 16 (used  16.0) c=0.848 alpha=-0.163 beta=+0.014 | loss 3.3997 (delta +0.5143) size 450.7 MB sparsity 21.9%
gen 16 offspring [98/100] k= 30 (used  30.0) c=0.843 alpha=-0.347 beta=+0.124 | loss 3.1415 (delta +0.2561) size 495.1 MB sparsity 20.5%
gen 16 offspring [99/100] k= 24 (used  24.0) c=0.864 alpha=-0.078 beta=+0.433 | loss 3.3965 (delta +0.5111) size 485.5 MB sparsity 25.0%
gen 16 offspring [100/100] k= 33 (used  33.0) c=0.872 alpha=-0.184 beta=+0.043 | loss 3.0001 (delta +0.1147) size 512.0 MB sparsity 13.1%
=== generation 16/50 done in 447s (0 reused), batch baseline 2.8854, HV 0.22314, front 100 points, 100/100 feasible, best delta loss +0.0020, smallest 439.9 MB
gen 17 offspring [1/100] k= 31 (used  31.0) c=0.961 alpha=-0.020 beta=+0.353 | loss 3.1561 (delta +0.2707) size 494.6 MB sparsity 20.6%
gen 17 offspring [2/100] k= 33 (used  33.0) c=0.995 alpha=-0.169 beta=+0.388 | loss 3.2062 (delta +0.3208) size 488.6 MB sparsity 23.6%
gen 17 offspring [3/100] k= 16 (used  16.0) c=0.856 alpha=-0.206 beta=+0.216 | loss 3.4018 (delta +0.5165) size 450.6 MB sparsity 22.3%
gen 17 offspring [4/100] k= 19 (used  19.0) c=0.868 alpha=-0.185 beta=+0.326 | loss 3.3335 (delta +0.4481) size 489.7 MB sparsity 23.1%
gen 17 offspring [5/100] k= 25 (used  25.0) c=0.894 alpha=-0.035 beta=+0.019 | loss 3.0776 (delta +0.1922) size 496.6 MB sparsity 13.8%
gen 17 offspring [6/100] k=103 (used 103.0) c=0.848 alpha=-0.002 beta=+0.006 | loss 2.9187 (delta +0.0334) size 586.1 MB sparsity 3.1%
gen 17 offspring [7/100] k= 20 (used  20.0) c=0.864 alpha=-0.060 beta=+0.095 | loss 3.2047 (delta +0.3194) size 495.3 MB sparsity 17.6%
gen 17 offspring [8/100] k= 16 (used  16.0) c=0.870 alpha=-0.121 beta=+0.319 | loss 3.4855 (delta +0.6002) size 449.6 MB sparsity 25.3%
gen 17 offspring [9/100] k= 16 (used  16.0) c=0.875 alpha=-0.018 beta=+0.404 | loss 3.6195 (delta +0.7341) size 446.0 MB sparsity 28.3%
gen 17 offspring [10/100] k= 16 (used  16.0) c=0.866 alpha=-0.028 beta=+0.080 | loss 3.4403 (delta +0.5549) size 450.5 MB sparsity 22.3%
gen 17 offspring [11/100] k= 12 (used  11.0) c=0.953 alpha=-0.269 beta=+0.050 | loss 4.7619 (delta +1.8766) size 437.6 MB sparsity 33.0%
gen 17 offspring [12/100] k= 32 (used  32.0) c=0.952 alpha=-0.171 beta=+0.135 | loss 3.0018 (delta +0.1164) size 496.7 MB sparsity 14.2%
gen 17 offspring [13/100] k= 16 (used  16.0) c=0.884 alpha=-0.005 beta=+0.375 | loss 3.5934 (delta +0.7081) size 447.5 MB sparsity 27.4%
gen 17 offspring [14/100] k= 12 (used  12.0) c=0.853 alpha=-0.163 beta=+0.165 | loss 4.1481 (delta +1.2628) size 443.1 MB sparsity 29.9%
gen 17 offspring [15/100] k= 23 (used  23.0) c=0.932 alpha=-0.044 beta=+0.001 | loss 3.0754 (delta +0.1901) size 496.3 MB sparsity 15.6%
gen 17 offspring [16/100] k= 17 (used  17.0) c=0.992 alpha=-0.286 beta=+0.433 | loss 3.7165 (delta +0.8311) size 441.3 MB sparsity 31.0%
gen 17 offspring [17/100] k= 33 (used  33.0) c=0.994 alpha=-0.365 beta=+0.173 | loss 3.1934 (delta +0.3080) size 490.3 MB sparsity 22.9%
gen 17 offspring [18/100] k= 16 (used  16.0) c=0.884 alpha=-0.338 beta=+0.472 | loss 3.9561 (delta +1.0707) size 435.6 MB sparsity 34.1%
gen 17 offspring [19/100] k= 45 (used  45.0) c=0.924 alpha=-0.067 beta=+0.131 | loss 2.9469 (delta +0.0615) size 541.4 MB sparsity 9.7%
gen 17 offspring [20/100] k= 16 (used  16.0) c=0.857 alpha=-0.279 beta=+0.067 | loss 3.4629 (delta +0.5775) size 450.3 MB sparsity 23.8%
gen 17 offspring [21/100] k= 30 (used  30.0) c=0.868 alpha=-0.247 beta=+0.337 | loss 3.2298 (delta +0.3444) size 486.4 MB sparsity 24.6%
gen 17 offspring [22/100] k= 16 (used  16.0) c=0.870 alpha=-0.209 beta=+0.319 | loss 3.4831 (delta +0.5977) size 449.5 MB sparsity 25.3%
gen 17 offspring [23/100] k= 35 (used  35.0) c=0.966 alpha=-0.022 beta=+0.129 | loss 2.9730 (delta +0.0877) size 541.4 MB sparsity 11.4%
gen 17 offspring [24/100] k= 16 (used  16.0) c=0.870 alpha=-0.239 beta=+0.056 | loss 3.4361 (delta +0.5508) size 450.5 MB sparsity 22.9%
gen 17 offspring [25/100] k= 16 (used  16.0) c=0.845 alpha=-0.187 beta=+0.046 | loss 3.4246 (delta +0.5392) size 450.8 MB sparsity 21.8%
gen 17 offspring [26/100] k= 16 (used  16.0) c=0.867 alpha=-0.052 beta=+0.067 | loss 3.4352 (delta +0.5499) size 450.5 MB sparsity 22.3%
gen 17 offspring [27/100] k= 65 (used  65.0) c=0.947 alpha=-0.001 beta=+0.019 | loss 2.9112 (delta +0.0259) size 571.2 MB sparsity 5.6%
gen 17 offspring [28/100] k= 17 (used  17.0) c=0.849 alpha=-0.324 beta=+0.006 | loss 3.4204 (delta +0.5351) size 454.4 MB sparsity 23.6%
gen 17 offspring [29/100] k= 29 (used  29.0) c=0.868 alpha=-0.370 beta=+0.132 | loss 3.1676 (delta +0.2822) size 492.9 MB sparsity 21.7%
gen 17 offspring [30/100] k= 17 (used  17.0) c=0.857 alpha=-0.069 beta=+0.131 | loss 3.2853 (delta +0.4000) size 461.8 MB sparsity 19.5%
gen 17 offspring [31/100] k= 17 (used  17.0) c=0.990 alpha=-0.270 beta=+0.432 | loss 3.7040 (delta +0.8187) size 442.2 MB sparsity 30.5%
gen 17 offspring [32/100] k= 11 (used  11.0) c=0.873 alpha=-0.089 beta=+0.362 | loss 4.3278 (delta +1.4425) size 439.7 MB sparsity 31.8%
gen 17 offspring [33/100] k= 16 (used  16.0) c=0.870 alpha=-0.206 beta=+0.447 | loss 3.6754 (delta +0.7901) size 443.4 MB sparsity 29.8%
gen 17 offspring [34/100] k= 23 (used  23.0) c=0.950 alpha=-0.046 beta=+0.112 | loss 3.0840 (delta +0.1986) size 496.2 MB sparsity 15.9%
gen 17 offspring [35/100] k= 16 (used  16.0) c=0.884 alpha=-0.296 beta=+0.328 | loss 3.6329 (delta +0.7475) size 447.0 MB sparsity 27.7%
gen 17 offspring [36/100] k= 31 (used  31.0) c=0.995 alpha=-0.169 beta=+0.367 | loss 3.1882 (delta +0.3029) size 490.1 MB sparsity 22.9%
gen 17 offspring [37/100] k= 17 (used  17.0) c=0.853 alpha=-0.011 beta=+0.406 | loss 3.5054 (delta +0.6201) size 449.0 MB sparsity 26.6%
gen 17 offspring [38/100] k= 18 (used  18.0) c=0.805 alpha=-0.223 beta=+0.058 | loss 3.3372 (delta +0.4518) size 494.5 MB sparsity 19.6%
gen 17 offspring [39/100] k= 17 (used  17.0) c=0.973 alpha=-0.009 beta=+0.127 | loss 3.3954 (delta +0.5101) size 457.4 MB sparsity 22.0%
gen 17 offspring [40/100] k= 22 (used  22.0) c=0.929 alpha=-0.008 beta=+0.005 | loss 3.1410 (delta +0.2556) size 495.6 MB sparsity 17.0%
gen 17 offspring [41/100] k= 24 (used  24.0) c=0.870 alpha=-0.185 beta=+0.319 | loss 3.2176 (delta +0.3322) size 492.1 MB sparsity 22.0%
gen 17 offspring [42/100] k= 17 (used  17.0) c=0.937 alpha=-0.006 beta=+0.375 | loss 3.5084 (delta +0.6231) size 449.2 MB sparsity 26.5%
gen 17 offspring [43/100] k= 17 (used  17.0) c=0.919 alpha=-0.320 beta=+0.216 | loss 3.4923 (delta +0.6070) size 452.4 MB sparsity 24.7%
gen 17 offspring [44/100] k= 63 (used  63.0) c=0.974 alpha=-0.211 beta=+0.006 | loss 2.9535 (delta +0.0682) size 541.4 MB sparsity 11.9%
gen 17 offspring [45/100] k= 33 (used  33.0) c=0.973 alpha=-0.029 beta=+0.056 | loss 2.9731 (delta +0.0878) size 516.1 MB sparsity 11.3%
gen 17 offspring [46/100] k= 54 (used  53.9) c=0.817 alpha=-0.185 beta=+0.319 | loss 3.1587 (delta +0.2734) size 529.4 MB sparsity 21.1%
gen 17 offspring [47/100] k= 17 (used  17.0) c=0.867 alpha=-0.145 beta=+0.022 | loss 3.2947 (delta +0.4093) size 461.4 MB sparsity 19.7%
gen 17 offspring [48/100] k= 16 (used  16.0) c=0.866 alpha=-0.168 beta=+0.429 | loss 3.6338 (delta +0.7485) size 444.7 MB sparsity 29.0%
gen 17 offspring [49/100] k= 31 (used  31.0) c=0.973 alpha=-0.118 beta=+0.050 | loss 2.9916 (delta +0.1063) size 496.7 MB sparsity 12.2%
gen 17 offspring [50/100] k= 16 (used  16.0) c=0.930 alpha=-0.235 beta=+0.432 | loss 3.7438 (delta +0.8585) size 442.7 MB sparsity 30.2%
gen 17 offspring [51/100] k= 12 (used  12.0) c=0.818 alpha=-0.370 beta=+0.216 | loss 4.2562 (delta +1.3709) size 441.4 MB sparsity 30.9%
gen 17 offspring [52/100] k= 16 (used  16.0) c=0.845 alpha=-0.504 beta=+0.313 | loss 4.1248 (delta +1.2394) size 435.4 MB sparsity 34.2%
gen 17 offspring [53/100] k=  4 (used   3.0) c=0.995 alpha=-0.034 beta=+0.010 | loss 16.4370 (delta +13.5517) size 320.5 MB sparsity 93.9%
gen 17 offspring [54/100] k= 64 (used  63.6) c=0.941 alpha=-0.244 beta=+0.432 | loss 3.3017 (delta +0.4164) size 511.3 MB sparsity 27.9%
gen 17 offspring [55/100] k= 17 (used  17.0) c=0.870 alpha=-0.187 beta=+0.054 | loss 3.3014 (delta +0.4161) size 461.1 MB sparsity 19.9%
gen 17 offspring [56/100] k= 16 (used  16.0) c=0.848 alpha=-0.028 beta=+0.116 | loss 3.4001 (delta +0.5148) size 450.7 MB sparsity 21.9%
gen 17 offspring [57/100] k= 18 (used  18.0) c=0.873 alpha=-0.052 beta=+0.442 | loss 3.6041 (delta +0.7187) size 478.5 MB sparsity 28.1%
gen 17 offspring [58/100] k=217 (used 217.0) c=0.995 alpha=-0.037 beta=+0.014 | loss 2.8883 (delta +0.0029) size 630.9 MB sparsity 2.5%
gen 17 offspring [59/100] k= 31 (used  31.0) c=1.000 alpha=-0.310 beta=+0.341 | loss 3.3709 (delta +0.4856) size 480.4 MB sparsity 27.3%
gen 17 offspring [60/100] k= 16 (used  16.0) c=0.856 alpha=-0.128 beta=+0.438 | loss 3.6319 (delta +0.7465) size 444.4 MB sparsity 29.2%
gen 17 offspring [61/100] k= 29 (used  29.0) c=0.988 alpha=-0.368 beta=+0.081 | loss 3.1965 (delta +0.3112) size 492.6 MB sparsity 21.8%
gen 17 offspring [62/100] k=140 (used 139.0) c=0.996 alpha=-0.008 beta=+0.120 | loss 2.8982 (delta +0.0128) size 630.9 MB sparsity 6.5%
gen 17 offspring [63/100] k= 15 (used  15.0) c=0.874 alpha=-0.206 beta=+0.177 | loss 3.4693 (delta +0.5840) size 450.5 MB sparsity 22.5%
gen 17 offspring [64/100] k= 17 (used  17.0) c=0.885 alpha=-0.172 beta=+0.397 | loss 3.5229 (delta +0.6376) size 448.9 MB sparsity 26.7%
gen 17 offspring [65/100] k= 32 (used  32.0) c=0.965 alpha=-0.033 beta=+0.024 | loss 2.9892 (delta +0.1039) size 496.7 MB sparsity 12.0%
gen 17 offspring [66/100] k= 17 (used  17.0) c=0.923 alpha=-0.067 beta=+0.131 | loss 3.3298 (delta +0.4445) size 459.3 MB sparsity 20.9%
gen 17 offspring [67/100] k= 32 (used  32.0) c=0.938 alpha=-0.163 beta=+0.377 | loss 3.1885 (delta +0.3031) size 490.1 MB sparsity 23.0%
gen 17 offspring [68/100] k= 16 (used  16.0) c=0.884 alpha=-0.281 beta=+0.410 | loss 3.7212 (delta +0.8359) size 442.8 MB sparsity 30.1%
gen 17 offspring [69/100] k=  4 (used   3.0) c=0.754 alpha=-0.119 beta=+0.121 | loss 17.4033 (delta +14.5179) size 324.0 MB sparsity 86.0%
gen 17 offspring [70/100] k= 50 (used  50.0) c=0.926 alpha=-0.066 beta=+0.092 | loss 2.9282 (delta +0.0428) size 541.4 MB sparsity 7.9%
gen 17 offspring [71/100] k= 18 (used  17.0) c=0.945 alpha=-0.207 beta=+0.055 | loss 3.3678 (delta +0.4824) size 458.1 MB sparsity 21.5%
gen 17 offspring [72/100] k= 29 (used  29.0) c=0.870 alpha=-0.241 beta=+0.038 | loss 3.0408 (delta +0.1554) size 496.6 MB sparsity 16.1%
gen 17 offspring [73/100] k= 30 (used  30.0) c=0.885 alpha=-0.347 beta=+0.424 | loss 3.5133 (delta +0.6280) size 470.3 MB sparsity 31.8%
gen 17 offspring [74/100] k= 32 (used  32.0) c=0.912 alpha=-0.035 beta=+0.012 | loss 2.9749 (delta +0.0895) size 496.7 MB sparsity 11.3%
gen 17 offspring [75/100] k= 16 (used  16.0) c=0.863 alpha=-0.047 beta=+0.420 | loss 3.6269 (delta +0.7415) size 445.3 MB sparsity 28.7%
gen 17 offspring [76/100] k=225 (used 225.0) c=0.995 alpha=-0.018 beta=+0.010 | loss 2.8892 (delta +0.0039) size 630.9 MB sparsity 1.7%
gen 17 offspring [77/100] k= 17 (used  17.0) c=0.923 alpha=-0.209 beta=+0.022 | loss 3.3287 (delta +0.4433) size 458.8 MB sparsity 21.1%
gen 17 offspring [78/100] k= 31 (used  31.0) c=0.849 alpha=-0.023 beta=+0.402 | loss 3.2701 (delta +0.3848) size 492.7 MB sparsity 21.8%
gen 17 offspring [79/100] k= 31 (used  31.0) c=0.937 alpha=-0.014 beta=+0.396 | loss 3.2270 (delta +0.3417) size 491.9 MB sparsity 22.1%
gen 17 offspring [80/100] k= 17 (used  17.0) c=0.864 alpha=-0.244 beta=+0.187 | loss 3.3435 (delta +0.4581) size 458.7 MB sparsity 21.2%
gen 17 offspring [81/100] k= 33 (used  33.0) c=0.965 alpha=-0.045 beta=+0.022 | loss 2.9701 (delta +0.0847) size 516.3 MB sparsity 11.2%
gen 17 offspring [82/100] k= 16 (used  16.0) c=0.864 alpha=-0.206 beta=+0.443 | loss 3.6618 (delta +0.7765) size 443.7 MB sparsity 29.6%
gen 17 offspring [83/100] k=109 (used 109.0) c=0.998 alpha=-0.039 beta=+0.004 | loss 2.8942 (delta +0.0089) size 586.1 MB sparsity 3.7%
gen 17 offspring [84/100] k= 16 (used  16.0) c=0.856 alpha=-0.228 beta=+0.448 | loss 3.6765 (delta +0.7911) size 443.1 MB sparsity 29.9%
gen 17 offspring [85/100] k= 17 (used  17.0) c=0.945 alpha=-0.265 beta=+0.023 | loss 3.4289 (delta +0.5436) size 455.8 MB sparsity 22.9%
gen 17 offspring [86/100] k= 39 (used  39.0) c=0.926 alpha=-0.001 beta=+0.001 | loss 2.9467 (delta +0.0613) size 541.4 MB sparsity 9.1%
gen 17 offspring [87/100] k=147 (used 146.4) c=0.911 alpha=-0.173 beta=+0.152 | loss 2.9421 (delta +0.0568) size 626.3 MB sparsity 13.8%
gen 17 offspring [88/100] k= 25 (used  25.0) c=0.906 alpha=-0.102 beta=+0.286 | loss 3.1379 (delta +0.2525) size 495.6 MB sparsity 19.2%
gen 17 offspring [89/100] k= 30 (used  30.0) c=0.875 alpha=-0.169 beta=+0.085 | loss 2.9975 (delta +0.1121) size 496.7 MB sparsity 13.4%
gen 17 offspring [90/100] k= 29 (used  29.0) c=0.870 alpha=-0.237 beta=+0.255 | loss 3.1419 (delta +0.2566) size 494.3 MB sparsity 21.0%
gen 17 offspring [91/100] k= 16 (used  16.0) c=0.857 alpha=-0.045 beta=+0.135 | loss 3.4138 (delta +0.5284) size 450.6 MB sparsity 22.1%
gen 17 offspring [92/100] k= 16 (used  16.0) c=0.888 alpha=-0.118 beta=+0.050 | loss 3.4723 (delta +0.5869) size 450.3 MB sparsity 22.8%
gen 17 offspring [93/100] k= 17 (used  17.0) c=0.941 alpha=-0.059 beta=+0.022 | loss 3.3498 (delta +0.4645) size 458.6 MB sparsity 21.3%
gen 17 offspring [94/100] k= 19 (used  19.0) c=0.870 alpha=-0.184 beta=+0.292 | loss 3.2916 (delta +0.4062) size 492.3 MB sparsity 21.9%
gen 17 offspring [95/100] k= 26 (used  25.0) c=0.998 alpha=-0.182 beta=+0.365 | loss 3.2626 (delta +0.3772) size 488.2 MB sparsity 23.8%
gen 17 offspring [96/100] k= 53 (used  53.0) c=0.989 alpha=-0.039 beta=+0.169 | loss 2.9448 (delta +0.0595) size 541.4 MB sparsity 10.8%
gen 17 offspring [97/100] k=  8 (used   7.0) c=0.912 alpha=-0.052 beta=+0.001 | loss 9.8462 (delta +6.9608) size 386.4 MB sparsity 48.9%
gen 17 offspring [98/100] k= 33 (used  33.0) c=0.995 alpha=-0.326 beta=+0.042 | loss 3.1078 (delta +0.2224) size 497.9 MB sparsity 19.4%
gen 17 offspring [99/100] k= 16 (used  16.0) c=0.843 alpha=-0.163 beta=+0.010 | loss 3.4208 (delta +0.5355) size 450.8 MB sparsity 21.8%
gen 17 offspring [100/100] k= 16 (used  16.0) c=0.870 alpha=-0.239 beta=+0.012 | loss 3.4361 (delta +0.5508) size 450.5 MB sparsity 22.9%
=== generation 17/50 done in 447s (0 reused), batch baseline 2.8854, HV 0.22343, front 100 points, 100/100 feasible, best delta loss +0.0020, smallest 439.9 MB
gen 18 offspring [1/100] k= 17 (used  17.0) c=0.911 alpha=-0.173 beta=+0.139 | loss 3.3412 (delta +0.4558) size 459.7 MB sparsity 20.6%
gen 18 offspring [2/100] k= 17 (used  17.0) c=0.946 alpha=-0.040 beta=+0.142 | loss 3.3726 (delta +0.4872) size 458.4 MB sparsity 21.4%
gen 18 offspring [3/100] k= 17 (used  17.0) c=0.849 alpha=-0.491 beta=+0.446 | loss 4.3930 (delta +1.5076) size 428.1 MB sparsity 38.3%
gen 18 offspring [4/100] k= 27 (used  27.0) c=0.995 alpha=-0.169 beta=+0.285 | loss 3.1352 (delta +0.2499) size 495.2 MB sparsity 20.2%
gen 18 offspring [5/100] k=  6 (used   5.0) c=0.865 alpha=-0.245 beta=+0.179 | loss 12.7890 (delta +9.9036) size 350.5 MB sparsity 63.3%
gen 18 offspring [6/100] k= 56 (used  55.0) c=0.995 alpha=-0.312 beta=+0.018 | loss 3.0457 (delta +0.1604) size 540.5 MB sparsity 16.5%
gen 18 offspring [7/100] k= 16 (used  16.0) c=0.854 alpha=-0.156 beta=+0.375 | loss 3.5281 (delta +0.6428) size 448.1 MB sparsity 27.0%
gen 18 offspring [8/100] k= 30 (used  30.0) c=0.938 alpha=-0.211 beta=+0.065 | loss 3.0384 (delta +0.1531) size 496.7 MB sparsity 15.5%
gen 18 offspring [9/100] k= 16 (used  16.0) c=0.887 alpha=-0.297 beta=+0.443 | loss 3.8263 (delta +0.9410) size 439.9 MB sparsity 31.8%
gen 18 offspring [10/100] k= 25 (used  25.0) c=0.867 alpha=-0.068 beta=+0.404 | loss 3.3104 (delta +0.4250) size 489.2 MB sparsity 23.3%
gen 18 offspring [11/100] k= 66 (used  66.0) c=0.939 alpha=-0.057 beta=+0.128 | loss 2.9173 (delta +0.0319) size 586.1 MB sparsity 8.4%
gen 18 offspring [12/100] k= 30 (used  30.0) c=0.875 alpha=-0.247 beta=+0.007 | loss 3.0427 (delta +0.1573) size 496.6 MB sparsity 16.4%
gen 18 offspring [13/100] k= 16 (used  16.0) c=0.869 alpha=-0.206 beta=+0.019 | loss 3.4319 (delta +0.5466) size 450.5 MB sparsity 22.4%
gen 18 offspring [14/100] k= 31 (used  31.0) c=0.973 alpha=-0.168 beta=+0.358 | loss 3.1697 (delta +0.2843) size 491.1 MB sparsity 22.5%
gen 18 offspring [15/100] k= 14 (used  14.0) c=0.865 alpha=-0.121 beta=+0.341 | loss 3.7674 (delta +0.8821) size 446.4 MB sparsity 28.0%
gen 18 offspring [16/100] k=  5 (used   5.0) c=0.986 alpha=-0.051 beta=+0.361 | loss 15.7910 (delta +12.9057) size 345.5 MB sparsity 69.0%
gen 18 offspring [17/100] k= 32 (used  32.0) c=0.915 alpha=-0.185 beta=+0.019 | loss 2.9922 (delta +0.1068) size 496.7 MB sparsity 13.8%
gen 18 offspring [18/100] k= 17 (used  17.0) c=0.940 alpha=-0.282 beta=+0.433 | loss 3.7224 (delta +0.8371) size 441.8 MB sparsity 30.6%
gen 18 offspring [19/100] k= 65 (used  65.0) c=0.955 alpha=-0.010 beta=+0.047 | loss 2.9130 (delta +0.0276) size 571.0 MB sparsity 5.6%
gen 18 offspring [20/100] k=  4 (used   3.0) c=0.857 alpha=-0.120 beta=+0.411 | loss 16.7426 (delta +13.8572) size 322.2 MB sparsity 90.1%
gen 18 offspring [21/100] k= 48 (used  48.0) c=0.863 alpha=-0.335 beta=+0.061 | loss 3.0705 (delta +0.1852) size 539.1 MB sparsity 17.4%
gen 18 offspring [22/100] k= 16 (used  16.0) c=0.857 alpha=-0.231 beta=+0.067 | loss 3.4218 (delta +0.5364) size 450.6 MB sparsity 22.5%
gen 18 offspring [23/100] k= 17 (used  17.0) c=0.981 alpha=-0.061 beta=+0.319 | loss 3.4887 (delta +0.6034) size 451.8 MB sparsity 25.1%
gen 18 offspring [24/100] k= 33 (used  33.0) c=0.987 alpha=-0.140 beta=+0.173 | loss 2.9913 (delta +0.1059) size 509.3 MB sparsity 14.3%
gen 18 offspring [25/100] k= 16 (used  16.0) c=0.859 alpha=-0.118 beta=+0.045 | loss 3.4446 (delta +0.5592) size 450.6 MB sparsity 22.2%
gen 18 offspring [26/100] k= 17 (used  17.0) c=0.990 alpha=-0.269 beta=+0.439 | loss 3.7184 (delta +0.8330) size 441.7 MB sparsity 30.7%
gen 18 offspring [27/100] k= 16 (used  16.0) c=0.848 alpha=-0.040 beta=+0.402 | loss 3.5673 (delta +0.6820) size 446.8 MB sparsity 27.8%
gen 18 offspring [28/100] k= 64 (used  63.9) c=0.912 alpha=-0.285 beta=+0.046 | loss 3.0037 (delta +0.1183) size 541.4 MB sparsity 14.7%
gen 18 offspring [29/100] k= 16 (used  16.0) c=0.854 alpha=-0.130 beta=+0.374 | loss 3.5277 (delta +0.6424) size 448.1 MB sparsity 27.0%
gen 18 offspring [30/100] k= 36 (used  36.0) c=0.926 alpha=-0.057 beta=+0.177 | loss 2.9913 (delta +0.1060) size 541.4 MB sparsity 12.9%
gen 18 offspring [31/100] k= 16 (used  16.0) c=0.870 alpha=-0.200 beta=+0.079 | loss 3.4261 (delta +0.5407) size 450.5 MB sparsity 22.4%
gen 18 offspring [32/100] k= 17 (used  17.0) c=0.923 alpha=-0.059 beta=+0.022 | loss 3.3321 (delta +0.4467) size 459.3 MB sparsity 20.9%
gen 18 offspring [33/100] k= 29 (used  29.0) c=0.867 alpha=-0.370 beta=+0.223 | loss 3.2707 (delta +0.3854) size 485.5 MB sparsity 25.0%
gen 18 offspring [34/100] k= 19 (used  19.0) c=0.871 alpha=-0.000 beta=+0.185 | loss 3.2060 (delta +0.3207) size 495.2 MB sparsity 18.1%
gen 18 offspring [35/100] k=110 (used 109.0) c=0.995 alpha=-0.019 beta=+0.008 | loss 2.8949 (delta +0.0095) size 586.1 MB sparsity 3.5%
gen 18 offspring [36/100] k= 17 (used  17.0) c=0.848 alpha=-0.043 beta=+0.006 | loss 3.2737 (delta +0.3884) size 462.1 MB sparsity 19.3%
gen 18 offspring [37/100] k= 29 (used  29.0) c=0.863 alpha=-0.335 beta=+0.061 | loss 3.1154 (delta +0.2301) size 495.5 MB sparsity 19.7%
gen 18 offspring [38/100] k= 17 (used  17.0) c=0.993 alpha=-0.209 beta=+0.022 | loss 3.4129 (delta +0.5276) size 456.5 MB sparsity 22.5%
gen 18 offspring [39/100] k= 16 (used  16.0) c=0.875 alpha=-0.180 beta=+0.404 | loss 3.6198 (delta +0.7344) size 446.0 MB sparsity 28.3%
gen 18 offspring [40/100] k= 21 (used  21.0) c=0.858 alpha=-0.286 beta=+0.446 | loss 3.5613 (delta +0.6760) size 473.0 MB sparsity 30.6%
gen 18 offspring [41/100] k= 24 (used  24.0) c=0.908 alpha=-0.173 beta=+0.154 | loss 3.0733 (delta +0.1880) size 496.4 MB sparsity 16.1%
gen 18 offspring [42/100] k= 17 (used  17.0) c=0.862 alpha=-0.211 beta=+0.035 | loss 3.2933 (delta +0.4080) size 460.7 MB sparsity 20.1%
gen 18 offspring [43/100] k= 39 (used  39.0) c=0.980 alpha=-0.128 beta=+0.180 | loss 2.9852 (delta +0.0998) size 541.4 MB sparsity 13.7%
gen 18 offspring [44/100] k=  5 (used   5.0) c=0.942 alpha=-0.035 beta=+0.443 | loss 15.3775 (delta +12.4921) size 347.2 MB sparsity 67.0%
gen 18 offspring [45/100] k= 16 (used  16.0) c=0.852 alpha=-0.132 beta=+0.433 | loss 3.6280 (delta +0.7426) size 444.8 MB sparsity 29.0%
gen 18 offspring [46/100] k= 33 (used  33.0) c=0.888 alpha=-0.046 beta=+0.117 | loss 2.9783 (delta +0.0929) size 517.1 MB sparsity 10.8%
gen 18 offspring [47/100] k= 33 (used  33.0) c=0.973 alpha=-0.015 beta=+0.090 | loss 2.9716 (delta +0.0863) size 516.1 MB sparsity 11.3%
gen 18 offspring [48/100] k=  4 (used   3.0) c=0.990 alpha=-0.270 beta=+0.396 | loss 16.0795 (delta +13.1942) size 320.5 MB sparsity 93.8%
gen 18 offspring [49/100] k= 31 (used  31.0) c=0.851 alpha=-0.136 beta=+0.050 | loss 2.9965 (delta +0.1111) size 496.7 MB sparsity 11.6%
gen 18 offspring [50/100] k=137 (used 137.0) c=0.931 alpha=-0.061 beta=+0.001 | loss 2.8969 (delta +0.0115) size 630.9 MB sparsity 3.9%
gen 18 offspring [51/100] k= 33 (used  33.0) c=0.996 alpha=-0.070 beta=+0.388 | loss 3.1983 (delta +0.3130) size 492.7 MB sparsity 21.8%
gen 18 offspring [52/100] k= 61 (used  61.0) c=0.870 alpha=-0.205 beta=+0.238 | loss 3.0586 (delta +0.1732) size 535.9 MB sparsity 18.7%
gen 18 offspring [53/100] k= 29 (used  29.0) c=0.866 alpha=-0.370 beta=+0.223 | loss 3.2706 (delta +0.3852) size 485.5 MB sparsity 25.0%
gen 18 offspring [54/100] k=216 (used 216.0) c=0.940 alpha=-0.037 beta=+0.014 | loss 2.8907 (delta +0.0053) size 630.9 MB sparsity 2.4%
gen 18 offspring [55/100] k= 17 (used  17.0) c=0.848 alpha=-0.072 beta=+0.459 | loss 3.6488 (delta +0.7635) size 445.7 MB sparsity 28.5%
gen 18 offspring [56/100] k= 22 (used  22.0) c=0.934 alpha=-0.012 beta=+0.010 | loss 3.1453 (delta +0.2599) size 495.6 MB sparsity 17.1%
gen 18 offspring [57/100] k= 30 (used  29.0) c=0.979 alpha=-0.082 beta=+0.109 | loss 3.0090 (delta +0.1236) size 496.7 MB sparsity 13.0%
gen 18 offspring [58/100] k=  9 (used   9.0) c=0.849 alpha=-0.052 beta=+0.006 | loss 5.6423 (delta +2.7570) size 403.3 MB sparsity 36.3%
gen 18 offspring [59/100] k= 16 (used  16.0) c=0.890 alpha=-0.009 beta=+0.085 | loss 3.4948 (delta +0.6095) size 450.3 MB sparsity 22.9%
gen 18 offspring [60/100] k=109 (used 108.3) c=0.990 alpha=-0.039 beta=+0.338 | loss 3.0812 (delta +0.1959) size 581.1 MB sparsity 15.9%
gen 18 offspring [61/100] k= 33 (used  33.0) c=0.965 alpha=-0.045 beta=+0.337 | loss 3.1074 (delta +0.2221) size 497.5 MB sparsity 19.6%
gen 18 offspring [62/100] k= 35 (used  35.0) c=0.969 alpha=-0.018 beta=+0.086 | loss 2.9713 (delta +0.0860) size 541.4 MB sparsity 10.6%
gen 18 offspring [63/100] k= 16 (used  16.0) c=0.869 alpha=-0.206 beta=+0.344 | loss 3.4941 (delta +0.6087) size 449.0 MB sparsity 26.2%
gen 18 offspring [64/100] k= 17 (used  17.0) c=0.864 alpha=-0.310 beta=+0.432 | loss 3.7770 (delta +0.8917) size 440.6 MB sparsity 31.3%
gen 18 offspring [65/100] k= 17 (used  17.0) c=0.995 alpha=-0.163 beta=+0.137 | loss 3.4245 (delta +0.5392) size 456.5 MB sparsity 22.4%
gen 18 offspring [66/100] k= 17 (used  17.0) c=0.806 alpha=-0.007 beta=+0.319 | loss 3.4040 (delta +0.5186) size 455.7 MB sparsity 22.9%
gen 18 offspring [67/100] k= 31 (used  31.0) c=0.992 alpha=-0.106 beta=+0.286 | loss 3.0813 (delta +0.1960) size 496.2 MB sparsity 18.3%
gen 18 offspring [68/100] k= 31 (used  31.0) c=0.995 alpha=-0.068 beta=+0.007 | loss 2.9966 (delta +0.1113) size 496.7 MB sparsity 12.3%
gen 18 offspring [69/100] k= 16 (used  16.0) c=0.868 alpha=-0.219 beta=+0.142 | loss 3.4329 (delta +0.5476) size 450.5 MB sparsity 22.5%
gen 18 offspring [70/100] k= 16 (used  16.0) c=0.864 alpha=-0.182 beta=+0.443 | loss 3.6641 (delta +0.7787) size 443.8 MB sparsity 29.5%
gen 18 offspring [71/100] k= 18 (used  18.0) c=0.891 alpha=-0.018 beta=+0.441 | loss 3.5807 (delta +0.6953) size 478.0 MB sparsity 28.3%
gen 18 offspring [72/100] k= 33 (used  33.0) c=0.973 alpha=-0.145 beta=+0.050 | loss 2.9760 (delta +0.0907) size 513.7 MB sparsity 12.4%
gen 18 offspring [73/100] k= 30 (used  30.0) c=0.877 alpha=-0.120 beta=+0.148 | loss 2.9936 (delta +0.1083) size 496.7 MB sparsity 13.0%
gen 18 offspring [74/100] k= 16 (used  16.0) c=0.856 alpha=-0.411 beta=+0.438 | loss 4.0218 (delta +1.1365) size 433.3 MB sparsity 35.4%
gen 18 offspring [75/100] k= 45 (used  45.0) c=0.978 alpha=-0.206 beta=+0.325 | loss 3.1306 (delta +0.2452) size 526.1 MB sparsity 22.4%
gen 18 offspring [76/100] k= 16 (used  16.0) c=0.857 alpha=-0.211 beta=+0.128 | loss 3.4125 (delta +0.5272) size 450.6 MB sparsity 22.2%
gen 18 offspring [77/100] k= 17 (used  17.0) c=0.851 alpha=-0.189 beta=+0.022 | loss 3.2737 (delta +0.3883) size 461.7 MB sparsity 19.5%
gen 18 offspring [78/100] k= 29 (used  29.0) c=0.862 alpha=-0.003 beta=+0.012 | loss 2.9875 (delta +0.1021) size 496.7 MB sparsity 11.4%
gen 18 offspring [79/100] k= 17 (used  17.0) c=0.995 alpha=-0.244 beta=+0.334 | loss 3.5312 (delta +0.6458) size 449.4 MB sparsity 26.4%
gen 18 offspring [80/100] k=143 (used 143.0) c=0.999 alpha=-0.008 beta=+0.001 | loss 2.8903 (delta +0.0049) size 630.9 MB sparsity 2.7%
gen 18 offspring [81/100] k= 16 (used  16.0) c=0.857 alpha=-0.240 beta=+0.011 | loss 3.4302 (delta +0.5448) size 450.6 MB sparsity 22.7%
gen 18 offspring [82/100] k= 29 (used  29.0) c=0.870 alpha=-0.178 beta=+0.255 | loss 3.0743 (delta +0.1890) size 496.3 MB sparsity 18.8%
gen 18 offspring [83/100] k= 17 (used  17.0) c=0.993 alpha=-0.286 beta=+0.433 | loss 3.7173 (delta +0.8320) size 441.2 MB sparsity 31.0%
gen 18 offspring [84/100] k= 53 (used  53.0) c=0.947 alpha=-0.218 beta=+0.000 | loss 2.9587 (delta +0.0733) size 541.4 MB sparsity 12.7%
gen 18 offspring [85/100] k=200 (used 200.0) c=0.989 alpha=-0.039 beta=+0.004 | loss 2.8900 (delta +0.0046) size 630.9 MB sparsity 2.7%
gen 18 offspring [86/100] k= 30 (used  30.0) c=0.868 alpha=-0.247 beta=+0.354 | loss 3.2452 (delta +0.3598) size 484.9 MB sparsity 25.3%
gen 18 offspring [87/100] k= 14 (used  14.0) c=0.837 alpha=-0.211 beta=+0.167 | loss 3.6693 (delta +0.7839) size 448.9 MB sparsity 24.9%
gen 18 offspring [88/100] k= 17 (used  17.0) c=0.885 alpha=-0.010 beta=+0.397 | loss 3.5231 (delta +0.6378) size 448.9 MB sparsity 26.7%
gen 18 offspring [89/100] k= 16 (used  16.0) c=0.872 alpha=-0.206 beta=+0.380 | loss 3.5659 (delta +0.6806) size 447.4 MB sparsity 27.5%
gen 18 offspring [90/100] k= 14 (used  14.0) c=0.817 alpha=-0.122 beta=+0.329 | loss 3.7679 (delta +0.8825) size 448.0 MB sparsity 26.8%
gen 18 offspring [91/100] k= 13 (used  13.0) c=0.857 alpha=-0.089 beta=+0.056 | loss 3.6893 (delta +0.8039) size 448.4 MB sparsity 25.5%
gen 18 offspring [92/100] k= 32 (used  32.0) c=0.884 alpha=-0.297 beta=+0.000 | loss 3.0785 (delta +0.1932) size 496.4 MB sparsity 18.0%
gen 18 offspring [93/100] k=  3 (used   3.0) c=0.868 alpha=-0.068 beta=+0.239 | loss 16.9978 (delta +14.1125) size 322.0 MB sparsity 90.5%
gen 18 offspring [94/100] k= 16 (used  15.0) c=0.965 alpha=-0.028 beta=+0.022 | loss 3.6983 (delta +0.8130) size 449.1 MB sparsity 24.7%
gen 18 offspring [95/100] k= 17 (used  17.0) c=0.921 alpha=-0.242 beta=+0.216 | loss 3.3803 (delta +0.4950) size 456.9 MB sparsity 22.2%
gen 18 offspring [96/100] k= 31 (used  31.0) c=0.941 alpha=-0.182 beta=+0.354 | loss 3.1617 (delta +0.2763) size 490.4 MB sparsity 22.8%
gen 18 offspring [97/100] k= 17 (used  17.0) c=0.941 alpha=-0.067 beta=+0.022 | loss 3.3498 (delta +0.4645) size 458.6 MB sparsity 21.3%
gen 18 offspring [98/100] k= 16 (used  16.0) c=0.888 alpha=-0.248 beta=+0.048 | loss 3.4861 (delta +0.6008) size 450.2 MB sparsity 23.4%
gen 18 offspring [99/100] k= 31 (used  31.0) c=0.940 alpha=-0.301 beta=+0.057 | loss 3.0805 (delta +0.1951) size 496.2 MB sparsity 18.5%
gen 18 offspring [100/100] k= 16 (used  16.0) c=0.868 alpha=-0.033 beta=+0.415 | loss 3.6136 (delta +0.7282) size 445.6 MB sparsity 28.6%
=== generation 18/50 done in 448s (0 reused), batch baseline 2.8854, HV 0.22361, front 100 points, 100/100 feasible, best delta loss +0.0020, smallest 439.9 MB
gen 19 offspring [1/100] k= 25 (used  25.0) c=0.868 alpha=-0.197 beta=+0.062 | loss 3.0650 (delta +0.1796) size 496.6 MB sparsity 15.5%
gen 19 offspring [2/100] k= 32 (used  31.0) c=0.979 alpha=-0.045 beta=+0.042 | loss 2.9908 (delta +0.1054) size 496.7 MB sparsity 12.1%
gen 19 offspring [3/100] k= 47 (used  47.0) c=0.941 alpha=-0.167 beta=+0.354 | loss 3.1179 (delta +0.2326) size 527.4 MB sparsity 21.9%
gen 19 offspring [4/100] k= 64 (used  63.8) c=0.817 alpha=-0.000 beta=+0.333 | loss 3.1258 (delta +0.2405) size 540.8 MB sparsity 16.3%
gen 19 offspring [5/100] k= 17 (used  17.0) c=0.864 alpha=-0.244 beta=+0.187 | loss 3.3378 (delta +0.4525) size 458.7 MB sparsity 21.2%
gen 19 offspring [6/100] k=109 (used 108.1) c=0.998 alpha=-0.243 beta=+0.316 | loss 3.1429 (delta +0.2576) size 557.7 MB sparsity 23.4%
gen 19 offspring [7/100] k= 32 (used  32.0) c=0.881 alpha=-0.121 beta=+0.043 | loss 2.9825 (delta +0.0972) size 496.7 MB sparsity 11.4%
gen 19 offspring [8/100] k= 32 (used  32.0) c=0.966 alpha=-0.029 beta=+0.046 | loss 2.9897 (delta +0.1044) size 496.7 MB sparsity 12.0%
gen 19 offspring [9/100] k= 36 (used  36.0) c=0.952 alpha=-0.080 beta=+0.054 | loss 2.9669 (delta +0.0816) size 541.4 MB sparsity 10.4%
gen 19 offspring [10/100] k= 16 (used  16.0) c=0.862 alpha=-0.372 beta=+0.380 | loss 3.8306 (delta +0.9452) size 439.4 MB sparsity 32.0%
gen 19 offspring [11/100] k= 33 (used  33.0) c=0.994 alpha=-0.066 beta=+0.012 | loss 2.9769 (delta +0.0915) size 515.6 MB sparsity 11.6%
gen 19 offspring [12/100] k= 66 (used  66.0) c=0.961 alpha=-0.059 beta=+0.086 | loss 2.9139 (delta +0.0285) size 586.1 MB sparsity 6.9%
gen 19 offspring [13/100] k= 30 (used  30.0) c=0.867 alpha=-0.347 beta=+0.047 | loss 3.1301 (delta +0.2447) size 495.1 MB sparsity 20.2%
gen 19 offspring [14/100] k= 41 (used  41.0) c=0.994 alpha=-0.179 beta=+0.395 | loss 3.2038 (delta +0.3185) size 521.6 MB sparsity 24.0%
gen 19 offspring [15/100] k= 17 (used  17.0) c=0.887 alpha=-0.297 beta=+0.443 | loss 3.7904 (delta +0.9051) size 440.6 MB sparsity 31.3%
gen 19 offspring [16/100] k= 36 (used  36.0) c=0.866 alpha=-0.013 beta=+0.090 | loss 2.9583 (delta +0.0729) size 541.4 MB sparsity 9.6%
gen 19 offspring [17/100] k= 31 (used  31.0) c=0.865 alpha=-0.211 beta=+0.007 | loss 3.0148 (delta +0.1294) size 496.7 MB sparsity 14.5%
gen 19 offspring [18/100] k= 16 (used  16.0) c=0.871 alpha=-0.206 beta=+0.066 | loss 3.4536 (delta +0.5683) size 450.5 MB sparsity 22.5%
gen 19 offspring [19/100] k= 17 (used  17.0) c=0.998 alpha=-0.128 beta=+0.438 | loss 3.6349 (delta +0.7495) size 444.0 MB sparsity 29.4%
gen 19 offspring [20/100] k= 15 (used  15.0) c=0.870 alpha=-0.317 beta=+0.251 | loss 3.5445 (delta +0.6592) size 449.4 MB sparsity 26.0%
gen 19 offspring [21/100] k= 42 (used  41.0) c=0.997 alpha=-0.008 beta=+0.177 | loss 2.9588 (delta +0.0734) size 541.4 MB sparsity 12.4%
gen 19 offspring [22/100] k= 28 (used  28.0) c=0.869 alpha=-0.276 beta=+0.378 | loss 3.3767 (delta +0.4914) size 480.2 MB sparsity 27.4%
gen 19 offspring [23/100] k=212 (used 212.0) c=0.995 alpha=-0.037 beta=+0.012 | loss 2.8872 (delta +0.0018) size 630.9 MB sparsity 2.5%
gen 19 offspring [24/100] k= 18 (used  18.0) c=0.855 alpha=-0.368 beta=+0.173 | loss 3.5077 (delta +0.6224) size 484.8 MB sparsity 25.3%
gen 19 offspring [25/100] k= 67 (used  67.0) c=0.995 alpha=-0.236 beta=+0.104 | loss 2.9810 (delta +0.0957) size 585.0 MB sparsity 14.5%
gen 19 offspring [26/100] k= 30 (used  30.0) c=0.917 alpha=-0.060 beta=+0.132 | loss 2.9962 (delta +0.1108) size 496.7 MB sparsity 12.6%
gen 19 offspring [27/100] k= 33 (used  33.0) c=0.995 alpha=-0.218 beta=+0.398 | loss 3.2656 (delta +0.3802) size 483.7 MB sparsity 25.8%
gen 19 offspring [28/100] k= 32 (used  32.0) c=0.944 alpha=-0.043 beta=+0.050 | loss 2.9816 (delta +0.0963) size 496.7 MB sparsity 11.7%
gen 19 offspring [29/100] k= 29 (used  29.0) c=0.998 alpha=-0.252 beta=+0.017 | loss 3.0848 (delta +0.1994) size 496.3 MB sparsity 17.5%
gen 19 offspring [30/100] k= 32 (used  32.0) c=0.940 alpha=-0.165 beta=+0.354 | loss 3.1549 (delta +0.2696) size 491.7 MB sparsity 22.2%
gen 19 offspring [31/100] k= 17 (used  17.0) c=0.865 alpha=-0.244 beta=+0.473 | loss 3.7251 (delta +0.8397) size 442.0 MB sparsity 30.6%
gen 19 offspring [32/100] k= 38 (used  38.0) c=0.870 alpha=-0.206 beta=+0.435 | loss 3.3051 (delta +0.4197) size 514.9 MB sparsity 26.6%
gen 19 offspring [33/100] k= 33 (used  33.0) c=0.998 alpha=-0.118 beta=+0.443 | loss 3.3407 (delta +0.4554) size 487.5 MB sparsity 24.1%
gen 19 offspring [34/100] k= 17 (used  17.0) c=0.868 alpha=-0.158 beta=+0.402 | loss 3.5121 (delta +0.6267) size 449.0 MB sparsity 26.7%
gen 19 offspring [35/100] k=111 (used 111.0) c=0.914 alpha=-0.000 beta=+0.005 | loss 2.9019 (delta +0.0165) size 586.1 MB sparsity 3.1%
gen 19 offspring [36/100] k= 10 (used   9.0) c=0.976 alpha=-0.067 beta=+0.169 | loss 7.5905 (delta +4.7052) size 397.1 MB sparsity 40.8%
gen 19 offspring [37/100] k= 30 (used  30.0) c=0.947 alpha=-0.236 beta=+0.019 | loss 3.0661 (delta +0.1808) size 496.6 MB sparsity 16.5%
gen 19 offspring [38/100] k= 30 (used  30.0) c=0.947 alpha=-0.206 beta=+0.354 | loss 3.2208 (delta +0.3355) size 488.1 MB sparsity 23.8%
gen 19 offspring [39/100] k= 16 (used  16.0) c=0.857 alpha=-0.298 beta=+0.067 | loss 3.4930 (delta +0.6076) size 450.1 MB sparsity 24.4%
gen 19 offspring [40/100] k= 17 (used  17.0) c=0.846 alpha=-0.135 beta=+0.319 | loss 3.3646 (delta +0.4793) size 454.8 MB sparsity 23.4%
gen 19 offspring [41/100] k= 16 (used  16.0) c=0.859 alpha=-0.206 beta=+0.004 | loss 3.4404 (delta +0.5551) size 450.6 MB sparsity 22.2%
gen 19 offspring [42/100] k= 16 (used  16.0) c=0.871 alpha=-0.097 beta=+0.128 | loss 3.4622 (delta +0.5769) size 450.5 MB sparsity 22.4%
gen 19 offspring [43/100] k= 17 (used  17.0) c=0.848 alpha=-0.172 beta=+0.397 | loss 3.4824 (delta +0.5971) size 449.7 MB sparsity 26.3%
gen 19 offspring [44/100] k= 37 (used  37.0) c=0.856 alpha=-0.230 beta=+0.448 | loss 3.3687 (delta +0.4833) size 511.0 MB sparsity 28.0%
gen 19 offspring [45/100] k=230 (used 230.0) c=0.995 alpha=-0.035 beta=+0.012 | loss 2.8881 (delta +0.0028) size 630.9 MB sparsity 2.4%
gen 19 offspring [46/100] k= 16 (used  16.0) c=0.869 alpha=-0.206 beta=+0.217 | loss 3.4244 (delta +0.5391) size 450.5 MB sparsity 22.6%
gen 19 offspring [47/100] k= 66 (used  66.0) c=0.864 alpha=-0.206 beta=+0.047 | loss 2.9559 (delta +0.0705) size 586.1 MB sparsity 11.3%
gen 19 offspring [48/100] k= 16 (used  16.0) c=0.857 alpha=-0.018 beta=+0.402 | loss 3.5863 (delta +0.7010) size 446.6 MB sparsity 28.0%
gen 19 offspring [49/100] k= 12 (used  12.0) c=0.855 alpha=-0.416 beta=+0.413 | loss 4.5958 (delta +1.7104) size 432.3 MB sparsity 36.0%
gen 19 offspring [50/100] k= 15 (used  15.0) c=0.995 alpha=-0.244 beta=+0.420 | loss 3.8102 (delta +0.9249) size 442.0 MB sparsity 30.6%
gen 19 offspring [51/100] k= 17 (used  17.0) c=0.913 alpha=-0.185 beta=+0.005 | loss 3.3465 (delta +0.4612) size 459.6 MB sparsity 20.7%
gen 19 offspring [52/100] k= 16 (used  16.0) c=0.857 alpha=-0.228 beta=+0.067 | loss 3.4269 (delta +0.5415) size 450.6 MB sparsity 22.4%
gen 19 offspring [53/100] k= 30 (used  30.0) c=0.868 alpha=-0.047 beta=+0.028 | loss 2.9856 (delta +0.1003) size 496.7 MB sparsity 11.5%
gen 19 offspring [54/100] k= 34 (used  33.0) c=0.973 alpha=-0.144 beta=+0.324 | loss 3.0892 (delta +0.2038) size 496.1 MB sparsity 20.2%
gen 19 offspring [55/100] k= 74 (used  74.0) c=0.946 alpha=-0.001 beta=+0.019 | loss 2.9074 (delta +0.0220) size 586.1 MB sparsity 4.9%
gen 19 offspring [56/100] k= 32 (used  32.0) c=0.920 alpha=-0.136 beta=+0.286 | loss 3.0698 (delta +0.1845) size 496.3 MB sparsity 18.5%
gen 19 offspring [57/100] k= 29 (used  29.0) c=0.869 alpha=-0.208 beta=+0.064 | loss 3.0189 (delta +0.1335) size 496.7 MB sparsity 14.8%
gen 19 offspring [58/100] k= 17 (used  17.0) c=0.942 alpha=-0.171 beta=+0.393 | loss 3.5452 (delta +0.6599) size 448.0 MB sparsity 27.2%
gen 19 offspring [59/100] k= 17 (used  17.0) c=0.864 alpha=-0.311 beta=+0.489 | loss 3.9355 (delta +1.0501) size 436.9 MB sparsity 33.4%
gen 19 offspring [60/100] k= 26 (used  26.0) c=0.870 alpha=-0.205 beta=+0.032 | loss 3.0772 (delta +0.1918) size 496.6 MB sparsity 15.8%
gen 19 offspring [61/100] k= 17 (used  17.0) c=0.922 alpha=-0.223 beta=+0.215 | loss 3.3507 (delta +0.4654) size 457.8 MB sparsity 21.7%
gen 19 offspring [62/100] k=  7 (used   7.0) c=0.923 alpha=-0.209 beta=+0.022 | loss 9.4872 (delta +6.6018) size 385.7 MB sparsity 49.3%
gen 19 offspring [63/100] k= 17 (used  17.0) c=0.972 alpha=-0.254 beta=+0.432 | loss 3.6401 (delta +0.7547) size 443.2 MB sparsity 29.9%
gen 19 offspring [64/100] k= 17 (used  17.0) c=0.903 alpha=-0.030 beta=+0.443 | loss 3.6279 (delta +0.7425) size 445.6 MB sparsity 28.5%
gen 19 offspring [65/100] k= 29 (used  29.0) c=0.863 alpha=-0.335 beta=+0.472 | loss 3.6095 (delta +0.7241) size 467.3 MB sparsity 33.1%
gen 19 offspring [66/100] k= 28 (used  27.0) c=0.990 alpha=-0.270 beta=+0.174 | loss 3.1465 (delta +0.2612) size 495.6 MB sparsity 19.7%
gen 19 offspring [67/100] k= 47 (used  47.0) c=0.974 alpha=-0.065 beta=+0.049 | loss 2.9388 (delta +0.0535) size 541.4 MB sparsity 7.9%
gen 19 offspring [68/100] k= 20 (used  19.0) c=1.000 alpha=-0.057 beta=+0.122 | loss 3.2893 (delta +0.4040) size 493.2 MB sparsity 20.2%
gen 19 offspring [69/100] k= 18 (used  18.0) c=0.872 alpha=-0.206 beta=+0.356 | loss 3.4259 (delta +0.5405) size 484.6 MB sparsity 25.4%
gen 19 offspring [70/100] k= 25 (used  25.0) c=0.849 alpha=-0.189 beta=+0.061 | loss 3.0733 (delta +0.1879) size 496.6 MB sparsity 15.1%
gen 19 offspring [71/100] k= 32 (used  31.0) c=0.996 alpha=-0.286 beta=+0.446 | loss 3.4931 (delta +0.6077) size 473.6 MB sparsity 30.3%
gen 19 offspring [72/100] k= 16 (used  15.0) c=0.951 alpha=-0.018 beta=+0.417 | loss 3.7842 (delta +0.8989) size 443.4 MB sparsity 29.8%
gen 19 offspring [73/100] k= 17 (used  17.0) c=0.993 alpha=-0.242 beta=+0.280 | loss 3.4552 (delta +0.5699) size 452.8 MB sparsity 24.5%
gen 19 offspring [74/100] k= 17 (used  17.0) c=0.870 alpha=-0.169 beta=+0.170 | loss 3.3006 (delta +0.4152) size 461.2 MB sparsity 19.8%
gen 19 offspring [75/100] k= 17 (used  17.0) c=0.941 alpha=-0.094 beta=+0.023 | loss 3.3498 (delta +0.4645) size 458.6 MB sparsity 21.3%
gen 19 offspring [76/100] k=101 (used 100.6) c=0.869 alpha=-0.024 beta=+0.244 | loss 2.9749 (delta +0.0896) size 586.1 MB sparsity 11.9%
gen 19 offspring [77/100] k=  3 (used   3.0) c=0.867 alpha=-0.262 beta=+0.446 | loss 16.8569 (delta +13.9716) size 322.0 MB sparsity 90.4%
gen 19 offspring [78/100] k= 17 (used  17.0) c=0.921 alpha=-0.236 beta=+0.175 | loss 3.3834 (delta +0.4981) size 457.9 MB sparsity 21.7%
gen 19 offspring [79/100] k= 16 (used  16.0) c=0.905 alpha=-0.209 beta=+0.022 | loss 3.5044 (delta +0.6191) size 450.0 MB sparsity 23.3%
gen 19 offspring [80/100] k= 17 (used  17.0) c=0.973 alpha=-0.286 beta=+0.040 | loss 3.4579 (delta +0.5726) size 453.9 MB sparsity 23.9%
gen 19 offspring [81/100] k= 16 (used  15.0) c=0.995 alpha=-0.028 beta=+0.394 | loss 3.7910 (delta +0.9056) size 443.8 MB sparsity 29.5%
gen 19 offspring [82/100] k= 17 (used  17.0) c=0.863 alpha=-0.310 beta=+0.444 | loss 3.8181 (delta +0.9328) size 439.8 MB sparsity 31.8%
gen 19 offspring [83/100] k= 16 (used  16.0) c=0.868 alpha=-0.022 beta=+0.400 | loss 3.5912 (delta +0.7058) size 446.5 MB sparsity 28.1%
gen 19 offspring [84/100] k= 65 (used  64.8) c=0.868 alpha=-0.127 beta=+0.335 | loss 3.0771 (delta +0.1917) size 534.2 MB sparsity 19.4%
gen 19 offspring [85/100] k= 21 (used  21.0) c=0.881 alpha=-0.177 beta=+0.458 | loss 3.4905 (delta +0.6052) size 480.3 MB sparsity 27.3%
gen 19 offspring [86/100] k= 16 (used  16.0) c=0.887 alpha=-0.278 beta=+0.443 | loss 3.7936 (delta +0.9083) size 440.9 MB sparsity 31.2%
gen 19 offspring [87/100] k= 17 (used  17.0) c=0.817 alpha=-0.187 beta=+0.319 | loss 3.3933 (delta +0.5079) size 455.0 MB sparsity 23.3%
gen 19 offspring [88/100] k= 17 (used  17.0) c=0.851 alpha=-0.189 beta=+0.374 | loss 3.4448 (delta +0.5594) size 450.8 MB sparsity 25.6%
gen 19 offspring [89/100] k= 30 (used  30.0) c=0.867 alpha=-0.343 beta=+0.091 | loss 3.1260 (delta +0.2406) size 495.3 MB sparsity 20.0%
gen 19 offspring [90/100] k= 45 (used  45.0) c=0.940 alpha=-0.026 beta=+0.354 | loss 3.1303 (delta +0.2449) size 536.0 MB sparsity 18.7%
gen 19 offspring [91/100] k= 16 (used  16.0) c=0.856 alpha=-0.238 beta=+0.054 | loss 3.4239 (delta +0.5385) size 450.6 MB sparsity 22.6%
gen 19 offspring [92/100] k= 16 (used  16.0) c=0.885 alpha=-0.040 beta=+0.402 | loss 3.6255 (delta +0.7402) size 445.9 MB sparsity 28.3%
gen 19 offspring [93/100] k= 24 (used  23.0) c=0.965 alpha=-0.045 beta=+0.022 | loss 3.0925 (delta +0.2071) size 496.1 MB sparsity 16.1%
gen 19 offspring [94/100] k=140 (used 140.0) c=0.929 alpha=-0.008 beta=+0.001 | loss 2.8941 (delta +0.0087) size 630.9 MB sparsity 2.5%
gen 19 offspring [95/100] k= 16 (used  16.0) c=0.856 alpha=-0.206 beta=+0.379 | loss 3.5419 (delta +0.6566) size 447.8 MB sparsity 27.2%
gen 19 offspring [96/100] k= 16 (used  15.0) c=0.974 alpha=-0.032 beta=+0.445 | loss 3.8440 (delta +0.9586) size 441.1 MB sparsity 31.0%
gen 19 offspring [97/100] k= 30 (used  29.0) c=0.995 alpha=-0.246 beta=+0.394 | loss 3.3452 (delta +0.4599) size 481.3 MB sparsity 26.9%
gen 19 offspring [98/100] k= 51 (used  50.9) c=0.994 alpha=-0.286 beta=+0.450 | loss 3.4214 (delta +0.5360) size 505.0 MB sparsity 30.2%
gen 19 offspring [99/100] k= 25 (used  25.0) c=0.855 alpha=-0.169 beta=+0.354 | loss 3.2314 (delta +0.3461) size 491.0 MB sparsity 22.6%
gen 19 offspring [100/100] k= 16 (used  16.0) c=0.854 alpha=-0.228 beta=+0.431 | loss 3.6220 (delta +0.7367) size 444.2 MB sparsity 29.3%
=== generation 19/50 done in 448s (0 reused), batch baseline 2.8854, HV 0.22386, front 100 points, 100/100 feasible, best delta loss +0.0018, smallest 439.4 MB
gen 20 offspring [1/100] k= 17 (used  17.0) c=0.870 alpha=-0.297 beta=+0.443 | loss 3.7723 (delta +0.8869) size 440.7 MB sparsity 31.3%
gen 20 offspring [2/100] k= 30 (used  30.0) c=0.858 alpha=-0.286 beta=+0.041 | loss 3.0740 (delta +0.1887) size 496.4 MB sparsity 17.8%
gen 20 offspring [3/100] k= 17 (used  17.0) c=0.973 alpha=-0.253 beta=+0.443 | loss 3.6850 (delta +0.7996) size 442.4 MB sparsity 30.3%
gen 20 offspring [4/100] k= 22 (used  21.0) c=0.958 alpha=-0.042 beta=+0.003 | loss 3.1746 (delta +0.2893) size 495.3 MB sparsity 17.5%
gen 20 offspring [5/100] k= 17 (used  17.0) c=0.849 alpha=-0.297 beta=+0.022 | loss 3.3811 (delta +0.4957) size 456.1 MB sparsity 22.7%
gen 20 offspring [6/100] k= 17 (used  17.0) c=0.854 alpha=-0.208 beta=+0.121 | loss 3.2926 (delta +0.4073) size 461.0 MB sparsity 19.9%
gen 20 offspring [7/100] k= 33 (used  33.0) c=0.965 alpha=-0.182 beta=+0.345 | loss 3.1441 (delta +0.2588) size 491.3 MB sparsity 22.4%
gen 20 offspring [8/100] k= 65 (used  65.0) c=0.919 alpha=-0.029 beta=+0.019 | loss 2.9182 (delta +0.0328) size 571.6 MB sparsity 5.4%
gen 20 offspring [9/100] k= 17 (used  17.0) c=0.908 alpha=-0.000 beta=+0.009 | loss 3.3318 (delta +0.4465) size 459.8 MB sparsity 20.6%
gen 20 offspring [10/100] k= 33 (used  33.0) c=0.973 alpha=-0.116 beta=+0.050 | loss 2.9736 (delta +0.0883) size 515.6 MB sparsity 11.6%
gen 20 offspring [11/100] k= 17 (used  17.0) c=0.862 alpha=-0.217 beta=+0.036 | loss 3.2938 (delta +0.4084) size 460.4 MB sparsity 20.3%
gen 20 offspring [12/100] k= 17 (used  17.0) c=0.998 alpha=-0.128 beta=+0.442 | loss 3.6508 (delta +0.7655) size 443.7 MB sparsity 29.6%
gen 20 offspring [13/100] k= 19 (used  19.0) c=0.862 alpha=-0.310 beta=+0.444 | loss 3.6915 (delta +0.8061) size 470.8 MB sparsity 31.6%
gen 20 offspring [14/100] k= 21 (used  21.0) c=0.947 alpha=-0.045 beta=+0.024 | loss 3.1636 (delta +0.2783) size 495.4 MB sparsity 17.3%
gen 20 offspring [15/100] k= 33 (used  33.0) c=0.995 alpha=-0.169 beta=+0.388 | loss 3.2062 (delta +0.3209) size 488.6 MB sparsity 23.6%
gen 20 offspring [16/100] k= 12 (used  11.0) c=0.929 alpha=-0.022 beta=+0.001 | loss 4.5823 (delta +1.6970) size 438.9 MB sparsity 32.3%
gen 20 offspring [17/100] k= 31 (used  31.0) c=0.941 alpha=-0.325 beta=+0.013 | loss 3.1037 (delta +0.2183) size 495.7 MB sparsity 19.4%
gen 20 offspring [18/100] k= 17 (used  17.0) c=0.995 alpha=-0.267 beta=+0.395 | loss 3.6620 (delta +0.7766) size 444.6 MB sparsity 29.1%
gen 20 offspring [19/100] k= 16 (used  16.0) c=0.891 alpha=-0.206 beta=+0.375 | loss 3.6142 (delta +0.7288) size 447.3 MB sparsity 27.5%
gen 20 offspring [20/100] k= 30 (used  29.0) c=0.982 alpha=-0.135 beta=+0.212 | loss 3.0369 (delta +0.1515) size 496.6 MB sparsity 16.1%
gen 20 offspring [21/100] k= 17 (used  17.0) c=0.923 alpha=-0.220 beta=+0.022 | loss 3.3372 (delta +0.4518) size 458.5 MB sparsity 21.3%
gen 20 offspring [22/100] k= 10 (used   9.0) c=0.995 alpha=-0.205 beta=+0.378 | loss 7.4321 (delta +4.5468) size 396.2 MB sparsity 41.5%
gen 20 offspring [23/100] k= 32 (used  32.0) c=0.920 alpha=-0.145 beta=+0.287 | loss 3.0724 (delta +0.1871) size 496.2 MB sparsity 18.8%
gen 20 offspring [24/100] k= 17 (used  17.0) c=0.997 alpha=-0.039 beta=+0.004 | loss 3.4380 (delta +0.5526) size 456.5 MB sparsity 22.5%
gen 20 offspring [25/100] k= 16 (used  15.0) c=0.993 alpha=-0.238 beta=+0.433 | loss 3.8353 (delta +0.9499) size 441.3 MB sparsity 30.9%
gen 20 offspring [26/100] k= 31 (used  31.0) c=0.857 alpha=-0.301 beta=+0.050 | loss 3.0962 (delta +0.2109) size 496.4 MB sparsity 18.0%
gen 20 offspring [27/100] k= 43 (used  43.0) c=0.870 alpha=-0.207 beta=+0.133 | loss 3.0052 (delta +0.1198) size 541.3 MB sparsity 14.7%
gen 20 offspring [28/100] k=211 (used 211.0) c=0.995 alpha=-0.011 beta=+0.012 | loss 2.8877 (delta +0.0023) size 630.9 MB sparsity 1.8%
gen 20 offspring [29/100] k= 15 (used  15.0) c=0.975 alpha=-0.206 beta=+0.380 | loss 3.7586 (delta +0.8733) size 445.1 MB sparsity 28.8%
gen 20 offspring [30/100] k= 26 (used  25.0) c=0.974 alpha=-0.010 beta=+0.049 | loss 3.0741 (delta +0.1888) size 496.5 MB sparsity 15.0%
gen 20 offspring [31/100] k= 65 (used  64.9) c=0.912 alpha=-0.107 beta=+0.310 | loss 3.0412 (delta +0.1558) size 538.9 MB sparsity 17.6%
gen 20 offspring [32/100] k= 32 (used  31.0) c=0.995 alpha=-0.329 beta=+0.427 | loss 3.5206 (delta +0.6353) size 471.5 MB sparsity 31.3%
gen 20 offspring [33/100] k= 16 (used  16.0) c=0.894 alpha=-0.068 beta=+0.404 | loss 3.6697 (delta +0.7844) size 445.6 MB sparsity 28.5%
gen 20 offspring [34/100] k= 26 (used  26.0) c=0.868 alpha=-0.247 beta=+0.167 | loss 3.1334 (delta +0.2481) size 496.2 MB sparsity 18.5%
gen 20 offspring [35/100] k= 31 (used  31.0) c=0.863 alpha=-0.335 beta=+0.061 | loss 3.1166 (delta +0.2313) size 495.9 MB sparsity 19.3%
gen 20 offspring [36/100] k= 33 (used  33.0) c=0.998 alpha=-0.218 beta=+0.384 | loss 3.2447 (delta +0.3593) size 484.8 MB sparsity 25.3%
gen 20 offspring [37/100] k= 32 (used  32.0) c=0.903 alpha=-0.009 beta=+0.019 | loss 2.9744 (delta +0.0890) size 496.7 MB sparsity 11.2%
gen 20 offspring [38/100] k= 23 (used  23.0) c=0.858 alpha=-0.228 beta=+0.383 | loss 3.3622 (delta +0.4768) size 483.4 MB sparsity 25.9%
gen 20 offspring [39/100] k= 15 (used  15.0) c=0.993 alpha=-0.059 beta=+0.019 | loss 3.6626 (delta +0.7772) size 448.6 MB sparsity 25.3%
gen 20 offspring [40/100] k= 25 (used  25.0) c=0.872 alpha=-0.223 beta=+0.321 | loss 3.2860 (delta +0.4007) size 489.3 MB sparsity 23.3%
gen 20 offspring [41/100] k= 17 (used  17.0) c=0.873 alpha=-0.245 beta=+0.187 | loss 3.3794 (delta +0.4941) size 458.5 MB sparsity 21.3%
gen 20 offspring [42/100] k= 74 (used  73.0) c=0.989 alpha=-0.039 beta=+0.050 | loss 2.9032 (delta +0.0178) size 586.1 MB sparsity 5.2%
gen 20 offspring [43/100] k=109 (used 109.0) c=0.998 alpha=-0.039 beta=+0.004 | loss 2.8937 (delta +0.0083) size 586.1 MB sparsity 3.7%
gen 20 offspring [44/100] k= 67 (used  67.0) c=0.921 alpha=-0.054 beta=+0.214 | loss 2.9512 (delta +0.0659) size 586.1 MB sparsity 11.8%
gen 20 offspring [45/100] k= 17 (used  17.0) c=0.924 alpha=-0.209 beta=+0.028 | loss 3.3289 (delta +0.4435) size 458.8 MB sparsity 21.2%
gen 20 offspring [46/100] k= 31 (used  31.0) c=0.944 alpha=-0.170 beta=+0.368 | loss 3.1699 (delta +0.2845) size 490.2 MB sparsity 22.9%
gen 20 offspring [47/100] k= 16 (used  15.0) c=0.947 alpha=-0.006 beta=+0.019 | loss 3.6025 (delta +0.7172) size 449.4 MB sparsity 24.2%
gen 20 offspring [48/100] k= 16 (used  16.0) c=0.868 alpha=-0.342 beta=+0.398 | loss 3.7970 (delta +0.9117) size 440.1 MB sparsity 31.6%
gen 20 offspring [49/100] k= 16 (used  16.0) c=0.884 alpha=-0.121 beta=+0.319 | loss 3.5437 (delta +0.6583) size 449.4 MB sparsity 25.5%
gen 20 offspring [50/100] k= 26 (used  26.0) c=0.868 alpha=-0.008 beta=+0.408 | loss 3.2938 (delta +0.4085) size 488.9 MB sparsity 23.5%
gen 20 offspring [51/100] k= 19 (used  19.0) c=0.855 alpha=-0.279 beta=+0.056 | loss 3.2809 (delta +0.3956) size 493.7 MB sparsity 20.9%
gen 20 offspring [52/100] k= 16 (used  16.0) c=0.872 alpha=-0.206 beta=+0.380 | loss 3.5674 (delta +0.6821) size 447.4 MB sparsity 27.5%
gen 20 offspring [53/100] k= 13 (used  13.0) c=1.000 alpha=-0.045 beta=+0.117 | loss 4.1598 (delta +1.2744) size 444.1 MB sparsity 29.3%
gen 20 offspring [54/100] k= 31 (used  31.0) c=0.949 alpha=-0.045 beta=+0.022 | loss 2.9826 (delta +0.0972) size 496.7 MB sparsity 11.7%
gen 20 offspring [55/100] k= 16 (used  16.0) c=0.888 alpha=-0.001 beta=+0.117 | loss 3.4723 (delta +0.5869) size 450.3 MB sparsity 22.8%
gen 20 offspring [56/100] k= 79 (used  78.8) c=0.912 alpha=-0.241 beta=+0.219 | loss 3.0648 (delta +0.1795) size 570.1 MB sparsity 19.4%
gen 20 offspring [57/100] k= 35 (used  35.0) c=0.973 alpha=-0.023 beta=+0.090 | loss 2.9689 (delta +0.0836) size 541.4 MB sparsity 10.7%
gen 20 offspring [58/100] k= 16 (used  16.0) c=0.857 alpha=-0.211 beta=+0.056 | loss 3.4124 (delta +0.5271) size 450.6 MB sparsity 22.2%
gen 20 offspring [59/100] k= 17 (used  17.0) c=0.864 alpha=-0.310 beta=+0.358 | loss 3.6681 (delta +0.7827) size 445.3 MB sparsity 28.7%
gen 20 offspring [60/100] k= 29 (used  29.0) c=0.869 alpha=-0.247 beta=+0.354 | loss 3.2412 (delta +0.3558) size 484.9 MB sparsity 25.3%
gen 20 offspring [61/100] k= 32 (used  32.0) c=0.903 alpha=-0.197 beta=+0.350 | loss 3.1718 (delta +0.2865) size 489.6 MB sparsity 23.2%
gen 20 offspring [62/100] k= 33 (used  33.0) c=0.995 alpha=-0.218 beta=+0.468 | loss 3.3885 (delta +0.5031) size 477.9 MB sparsity 28.4%
gen 20 offspring [63/100] k=140 (used 136.7) c=0.862 alpha=-0.361 beta=+0.380 | loss 3.4394 (delta +0.5540) size 566.3 MB sparsity 30.5%
gen 20 offspring [64/100] k= 16 (used  16.0) c=0.870 alpha=-0.239 beta=+0.056 | loss 3.4361 (delta +0.5508) size 450.5 MB sparsity 22.9%
gen 20 offspring [65/100] k= 17 (used  17.0) c=0.986 alpha=-0.172 beta=+0.431 | loss 3.6168 (delta +0.7314) size 444.7 MB sparsity 29.1%
gen 20 offspring [66/100] k= 16 (used  16.0) c=0.870 alpha=-0.200 beta=+0.084 | loss 3.4261 (delta +0.5407) size 450.5 MB sparsity 22.4%
gen 20 offspring [67/100] k= 17 (used  17.0) c=0.846 alpha=-0.081 beta=+0.313 | loss 3.3637 (delta +0.4784) size 455.2 MB sparsity 23.2%
gen 20 offspring [68/100] k= 28 (used  27.0) c=0.988 alpha=-0.061 beta=+0.148 | loss 3.0399 (delta +0.1545) size 496.6 MB sparsity 14.4%
gen 20 offspring [69/100] k= 17 (used  17.0) c=0.869 alpha=-0.170 beta=+0.344 | loss 3.4096 (delta +0.5242) size 452.7 MB sparsity 24.6%
gen 20 offspring [70/100] k=212 (used 212.0) c=0.995 alpha=-0.037 beta=+0.012 | loss 2.8872 (delta +0.0018) size 630.9 MB sparsity 2.5%
gen 20 offspring [71/100] k=109 (used 108.0) c=0.870 alpha=-0.209 beta=+0.319 | loss 3.1133 (delta +0.2280) size 561.7 MB sparsity 22.1%
gen 20 offspring [72/100] k= 17 (used  17.0) c=0.856 alpha=-0.282 beta=+0.501 | loss 3.8894 (delta +1.0041) size 438.0 MB sparsity 32.8%
gen 20 offspring [73/100] k= 16 (used  16.0) c=0.884 alpha=-0.297 beta=+0.470 | loss 3.8660 (delta +0.9806) size 438.2 MB sparsity 32.7%
gen 20 offspring [74/100] k= 16 (used  15.0) c=0.940 alpha=-0.196 beta=+0.057 | loss 3.5559 (delta +0.6706) size 449.5 MB sparsity 24.1%
gen 20 offspring [75/100] k= 16 (used  16.0) c=0.857 alpha=-0.279 beta=+0.122 | loss 3.4629 (delta +0.5775) size 450.3 MB sparsity 23.8%
gen 20 offspring [76/100] k= 17 (used  17.0) c=0.924 alpha=-0.065 beta=+0.177 | loss 3.3301 (delta +0.4448) size 459.2 MB sparsity 20.9%
gen 20 offspring [77/100] k= 36 (used  35.0) c=0.973 alpha=-0.021 beta=+0.024 | loss 2.9698 (delta +0.0845) size 541.4 MB sparsity 10.7%
gen 20 offspring [78/100] k= 66 (used  66.0) c=0.871 alpha=-0.155 beta=+0.004 | loss 2.9307 (delta +0.0454) size 586.1 MB sparsity 9.2%
gen 20 offspring [79/100] k= 55 (used  55.0) c=0.868 alpha=-0.031 beta=+0.015 | loss 2.9452 (delta +0.0599) size 541.4 MB sparsity 6.0%
gen 20 offspring [80/100] k= 27 (used  27.0) c=0.890 alpha=-0.017 beta=+0.021 | loss 3.0286 (delta +0.1432) size 496.7 MB sparsity 12.7%
gen 20 offspring [81/100] k= 18 (used  18.0) c=0.840 alpha=-0.169 beta=+0.392 | loss 3.4683 (delta +0.5829) size 483.3 MB sparsity 26.0%
gen 20 offspring [82/100] k= 16 (used  16.0) c=0.868 alpha=-0.096 beta=+0.415 | loss 3.6161 (delta +0.7308) size 445.6 MB sparsity 28.6%
gen 20 offspring [83/100] k= 29 (used  29.0) c=0.870 alpha=-0.237 beta=+0.309 | loss 3.1939 (delta +0.3085) size 489.6 MB sparsity 23.1%
gen 20 offspring [84/100] k= 16 (used  16.0) c=0.844 alpha=-0.172 beta=+0.397 | loss 3.5892 (delta +0.7038) size 447.2 MB sparsity 27.6%
gen 20 offspring [85/100] k= 18 (used  17.0) c=0.995 alpha=-0.128 beta=+0.397 | loss 3.5766 (delta +0.6912) size 446.6 MB sparsity 28.0%
gen 20 offspring [86/100] k=140 (used 140.0) c=0.929 alpha=-0.035 beta=+0.001 | loss 2.8948 (delta +0.0095) size 630.9 MB sparsity 2.9%
gen 20 offspring [87/100] k= 16 (used  16.0) c=0.856 alpha=-0.206 beta=+0.448 | loss 3.6681 (delta +0.7828) size 443.6 MB sparsity 29.6%
gen 20 offspring [88/100] k= 17 (used  17.0) c=0.963 alpha=-0.314 beta=+0.432 | loss 3.7916 (delta +0.9062) size 439.8 MB sparsity 31.8%
gen 20 offspring [89/100] k= 16 (used  15.0) c=0.939 alpha=-0.114 beta=+0.108 | loss 3.5463 (delta +0.6610) size 449.5 MB sparsity 24.0%
gen 20 offspring [90/100] k= 21 (used  21.0) c=0.920 alpha=-0.136 beta=+0.286 | loss 3.2129 (delta +0.3275) size 493.8 MB sparsity 20.8%
gen 20 offspring [91/100] k= 33 (used  33.0) c=0.973 alpha=-0.118 beta=+0.012 | loss 2.9738 (delta +0.0884) size 515.4 MB sparsity 11.6%
gen 20 offspring [92/100] k= 20 (used  20.0) c=0.917 alpha=-0.060 beta=+0.087 | loss 3.2189 (delta +0.3335) size 494.6 MB sparsity 18.6%
gen 20 offspring [93/100] k= 17 (used  17.0) c=0.942 alpha=-0.229 beta=+0.086 | loss 3.3638 (delta +0.4784) size 457.6 MB sparsity 21.8%
gen 20 offspring [94/100] k= 17 (used  17.0) c=0.845 alpha=-0.103 beta=+0.319 | loss 3.3649 (delta +0.4795) size 454.8 MB sparsity 23.4%
gen 20 offspring [95/100] k= 31 (used  31.0) c=0.991 alpha=-0.169 beta=+0.354 | loss 3.1716 (delta +0.2862) size 491.2 MB sparsity 22.4%
gen 20 offspring [96/100] k= 66 (used  65.6) c=0.972 alpha=-0.253 beta=+0.432 | loss 3.3127 (delta +0.4273) size 540.6 MB sparsity 28.2%
gen 20 offspring [97/100] k= 30 (used  30.0) c=0.861 alpha=-0.373 beta=+0.072 | loss 3.1599 (delta +0.2745) size 493.9 MB sparsity 21.1%
gen 20 offspring [98/100] k= 16 (used  16.0) c=0.848 alpha=-0.283 beta=+0.014 | loss 3.4514 (delta +0.5661) size 450.4 MB sparsity 23.7%
gen 20 offspring [99/100] k=212 (used 212.0) c=0.910 alpha=-0.001 beta=+0.012 | loss 2.8957 (delta +0.0103) size 630.9 MB sparsity 1.6%
gen 20 offspring [100/100] k= 11 (used  11.0) c=0.857 alpha=-0.160 beta=+0.070 | loss 4.2315 (delta +1.3462) size 442.9 MB sparsity 30.0%
=== generation 20/50 done in 447s (0 reused), batch baseline 2.8854, HV 0.22412, front 100 points, 100/100 feasible, best delta loss +0.0018, smallest 438.2 MB
gen 21 offspring [1/100] k= 17 (used  17.0) c=0.922 alpha=-0.294 beta=+0.392 | loss 3.6994 (delta +0.8141) size 443.8 MB sparsity 29.6%
gen 21 offspring [2/100] k= 32 (used  32.0) c=0.904 alpha=-0.193 beta=+0.350 | loss 3.1658 (delta +0.2805) size 490.0 MB sparsity 23.0%
gen 21 offspring [3/100] k= 45 (used  45.0) c=0.870 alpha=-0.237 beta=+0.255 | loss 3.1271 (delta +0.2417) size 530.5 MB sparsity 20.7%
gen 21 offspring [4/100] k= 37 (used  37.0) c=0.914 alpha=-0.038 beta=+0.019 | loss 2.9516 (delta +0.0662) size 541.4 MB sparsity 9.5%
gen 21 offspring [5/100] k= 18 (used  17.0) c=0.973 alpha=-0.253 beta=+0.443 | loss 3.6877 (delta +0.8023) size 442.4 MB sparsity 30.3%
gen 21 offspring [6/100] k= 33 (used  33.0) c=0.889 alpha=-0.017 beta=+0.402 | loss 3.2546 (delta +0.3692) size 492.9 MB sparsity 21.7%
gen 21 offspring [7/100] k= 16 (used  16.0) c=0.848 alpha=-0.156 beta=+0.014 | loss 3.3994 (delta +0.5141) size 450.7 MB sparsity 21.9%
gen 21 offspring [8/100] k= 30 (used  29.0) c=0.981 alpha=-0.206 beta=+0.251 | loss 3.1120 (delta +0.2267) size 495.7 MB sparsity 19.9%
gen 21 offspring [9/100] k= 65 (used  65.0) c=0.873 alpha=-0.001 beta=+0.019 | loss 2.9180 (delta +0.0327) size 572.3 MB sparsity 5.1%
gen 21 offspring [10/100] k= 37 (used  37.0) c=0.848 alpha=-0.208 beta=+0.121 | loss 3.0162 (delta +0.1309) size 541.4 MB sparsity 14.4%
gen 21 offspring [11/100] k= 36 (used  36.0) c=0.862 alpha=-0.250 beta=+0.032 | loss 3.0186 (delta +0.1333) size 540.9 MB sparsity 15.3%
gen 21 offspring [12/100] k= 20 (used  19.0) c=0.977 alpha=-0.323 beta=+0.057 | loss 3.4042 (delta +0.5188) size 488.1 MB sparsity 23.8%
gen 21 offspring [13/100] k=110 (used 110.0) c=0.982 alpha=-0.055 beta=+0.004 | loss 2.8956 (delta +0.0103) size 586.1 MB sparsity 4.2%
gen 21 offspring [14/100] k= 17 (used  17.0) c=0.963 alpha=-0.186 beta=+0.432 | loss 3.6141 (delta +0.7288) size 445.1 MB sparsity 28.8%
gen 21 offspring [15/100] k= 30 (used  29.0) c=0.968 alpha=-0.347 beta=+0.091 | loss 3.1707 (delta +0.2854) size 494.2 MB sparsity 20.9%
gen 21 offspring [16/100] k=218 (used 218.0) c=0.994 alpha=-0.042 beta=+0.020 | loss 2.8894 (delta +0.0040) size 630.9 MB sparsity 2.8%
gen 21 offspring [17/100] k= 23 (used  23.0) c=0.870 alpha=-0.209 beta=+0.319 | loss 3.2430 (delta +0.3577) size 490.3 MB sparsity 22.9%
gen 21 offspring [18/100] k= 31 (used  31.0) c=0.949 alpha=-0.025 beta=+0.022 | loss 2.9826 (delta +0.0972) size 496.7 MB sparsity 11.7%
gen 21 offspring [19/100] k= 37 (used  37.0) c=0.863 alpha=-0.286 beta=+0.412 | loss 3.3963 (delta +0.5109) size 508.6 MB sparsity 28.9%
gen 21 offspring [20/100] k= 17 (used  17.0) c=0.993 alpha=-0.131 beta=+0.433 | loss 3.6057 (delta +0.7204) size 444.4 MB sparsity 29.2%
gen 21 offspring [21/100] k=211 (used 208.4) c=0.992 alpha=-0.010 beta=+0.395 | loss 3.2591 (delta +0.3738) size 614.4 MB sparsity 17.1%
gen 21 offspring [22/100] k=  7 (used   7.0) c=0.999 alpha=-0.173 beta=+0.431 | loss 11.5658 (delta +8.6805) size 381.5 MB sparsity 52.5%
gen 21 offspring [23/100] k=  4 (used   3.0) c=0.848 alpha=-0.216 beta=+0.397 | loss 16.4442 (delta +13.5589) size 322.3 MB sparsity 89.8%
gen 21 offspring [24/100] k= 13 (used  13.0) c=0.867 alpha=-0.372 beta=+0.013 | loss 3.8842 (delta +0.9989) size 444.7 MB sparsity 29.1%
gen 21 offspring [25/100] k= 31 (used  31.0) c=0.903 alpha=-0.009 beta=+0.008 | loss 2.9775 (delta +0.0921) size 496.7 MB sparsity 11.2%
gen 21 offspring [26/100] k= 29 (used  29.0) c=0.862 alpha=-0.352 beta=+0.122 | loss 3.1435 (delta +0.2581) size 494.7 MB sparsity 20.7%
gen 21 offspring [27/100] k= 17 (used  17.0) c=0.884 alpha=-0.121 beta=+0.319 | loss 3.4080 (delta +0.5227) size 454.0 MB sparsity 23.9%
gen 21 offspring [28/100] k= 17 (used  17.0) c=0.883 alpha=-0.347 beta=+0.022 | loss 3.5444 (delta +0.6591) size 452.2 MB sparsity 24.9%
gen 21 offspring [29/100] k= 16 (used  16.0) c=0.868 alpha=-0.068 beta=+0.404 | loss 3.5890 (delta +0.7036) size 446.2 MB sparsity 28.2%
gen 21 offspring [30/100] k= 18 (used  17.0) c=0.995 alpha=-0.125 beta=+0.397 | loss 3.5766 (delta +0.6912) size 446.6 MB sparsity 28.0%
gen 21 offspring [31/100] k= 30 (used  30.0) c=0.848 alpha=-0.182 beta=+0.327 | loss 3.1517 (delta +0.2663) size 492.8 MB sparsity 21.7%
gen 21 offspring [32/100] k= 30 (used  30.0) c=0.942 alpha=-0.115 beta=+0.146 | loss 3.0053 (delta +0.1199) size 496.7 MB sparsity 13.3%
gen 21 offspring [33/100] k= 16 (used  16.0) c=0.885 alpha=-0.228 beta=+0.449 | loss 3.7102 (delta +0.8248) size 442.6 MB sparsity 30.2%
gen 21 offspring [34/100] k= 16 (used  16.0) c=0.899 alpha=-0.325 beta=+0.037 | loss 3.6172 (delta +0.7319) size 449.0 MB sparsity 25.9%
gen 21 offspring [35/100] k= 17 (used  17.0) c=0.990 alpha=-0.270 beta=+0.432 | loss 3.7042 (delta +0.8188) size 442.1 MB sparsity 30.5%
gen 21 offspring [36/100] k= 21 (used  21.0) c=0.998 alpha=-0.130 beta=+0.438 | loss 3.4700 (delta +0.5847) size 480.7 MB sparsity 27.1%
gen 21 offspring [37/100] k=109 (used 108.9) c=0.998 alpha=-0.206 beta=+0.004 | loss 2.9305 (delta +0.0452) size 586.1 MB sparsity 10.4%
gen 21 offspring [38/100] k= 29 (used  29.0) c=0.935 alpha=-0.247 beta=+0.356 | loss 3.2844 (delta +0.3990) size 484.5 MB sparsity 25.4%
gen 21 offspring [39/100] k= 17 (used  17.0) c=0.846 alpha=-0.241 beta=+0.337 | loss 3.4642 (delta +0.5789) size 451.1 MB sparsity 25.5%
gen 21 offspring [40/100] k= 33 (used  33.0) c=0.965 alpha=-0.044 beta=+0.389 | loss 3.1991 (delta +0.3138) size 493.0 MB sparsity 21.6%
gen 21 offspring [41/100] k=  9 (used   9.0) c=0.963 alpha=-0.003 beta=+0.448 | loss 7.4236 (delta +4.5383) size 396.9 MB sparsity 41.0%
gen 21 offspring [42/100] k= 76 (used  76.0) c=0.948 alpha=-0.128 beta=+0.019 | loss 2.9143 (delta +0.0289) size 586.1 MB sparsity 7.9%
gen 21 offspring [43/100] k= 34 (used  34.0) c=0.941 alpha=-0.069 beta=+0.084 | loss 2.9751 (delta +0.0898) size 541.4 MB sparsity 11.0%
gen 21 offspring [44/100] k= 26 (used  26.0) c=0.929 alpha=-0.181 beta=+0.261 | loss 3.1266 (delta +0.2413) size 495.6 MB sparsity 19.7%
gen 21 offspring [45/100] k= 24 (used  24.0) c=0.845 alpha=-0.081 beta=+0.313 | loss 3.1891 (delta +0.3038) size 494.7 MB sparsity 20.3%
gen 21 offspring [46/100] k= 29 (used  29.0) c=0.990 alpha=-0.223 beta=+0.432 | loss 3.3533 (delta +0.4680) size 480.0 MB sparsity 27.4%
gen 21 offspring [47/100] k= 31 (used  31.0) c=0.940 alpha=-0.305 beta=+0.033 | loss 3.0861 (delta +0.2007) size 496.1 MB sparsity 18.6%
gen 21 offspring [48/100] k= 29 (used  29.0) c=0.941 alpha=-0.182 beta=+0.354 | loss 3.1832 (delta +0.2978) size 490.2 MB sparsity 22.9%
gen 21 offspring [49/100] k= 43 (used  43.0) c=0.853 alpha=-0.191 beta=+0.022 | loss 2.9801 (delta +0.0947) size 541.4 MB sparsity 12.0%
gen 21 offspring [50/100] k= 23 (used  23.0) c=0.973 alpha=-0.152 beta=+0.050 | loss 3.0993 (delta +0.2139) size 496.0 MB sparsity 16.3%
gen 21 offspring [51/100] k= 15 (used  15.0) c=0.939 alpha=-0.009 beta=+0.019 | loss 3.5465 (delta +0.6612) size 449.5 MB sparsity 24.0%
gen 21 offspring [52/100] k= 16 (used  16.0) c=0.854 alpha=-0.163 beta=+0.375 | loss 3.5286 (delta +0.6432) size 448.1 MB sparsity 27.0%
gen 21 offspring [53/100] k= 30 (used  30.0) c=0.940 alpha=-0.130 beta=+0.120 | loss 3.0050 (delta +0.1196) size 496.7 MB sparsity 12.9%
gen 21 offspring [54/100] k= 16 (used  15.0) c=0.943 alpha=-0.206 beta=+0.365 | loss 3.7098 (delta +0.8245) size 446.7 MB sparsity 27.9%
gen 21 offspring [55/100] k= 16 (used  15.0) c=0.973 alpha=-0.021 beta=+0.090 | loss 3.6630 (delta +0.7777) size 448.9 MB sparsity 24.9%
gen 21 offspring [56/100] k= 16 (used  16.0) c=0.856 alpha=-0.228 beta=+0.444 | loss 3.6673 (delta +0.7820) size 443.4 MB sparsity 29.8%
gen 21 offspring [57/100] k=218 (used 218.0) c=0.870 alpha=-0.049 beta=+0.017 | loss 2.9054 (delta +0.0200) size 630.9 MB sparsity 3.0%
gen 21 offspring [58/100] k= 16 (used  16.0) c=0.868 alpha=-0.068 beta=+0.448 | loss 3.6722 (delta +0.7868) size 443.5 MB sparsity 29.7%
gen 21 offspring [59/100] k= 31 (used  31.0) c=0.944 alpha=-0.316 beta=+0.368 | loss 3.3674 (delta +0.4820) size 477.7 MB sparsity 28.5%
gen 21 offspring [60/100] k= 33 (used  33.0) c=0.868 alpha=-0.177 beta=+0.345 | loss 3.1918 (delta +0.3064) size 491.9 MB sparsity 22.1%
gen 21 offspring [61/100] k= 12 (used  11.0) c=0.924 alpha=-0.216 beta=+0.001 | loss 4.5778 (delta +1.6925) size 439.2 MB sparsity 32.1%
gen 21 offspring [62/100] k= 18 (used  17.0) c=0.989 alpha=-0.218 beta=+0.398 | loss 3.5825 (delta +0.6971) size 446.4 MB sparsity 28.1%
gen 21 offspring [63/100] k= 18 (used  17.0) c=0.975 alpha=-0.283 beta=+0.397 | loss 3.6635 (delta +0.7782) size 443.8 MB sparsity 29.6%
gen 21 offspring [64/100] k= 17 (used  17.0) c=0.873 alpha=-0.142 beta=+0.010 | loss 3.3077 (delta +0.4224) size 461.2 MB sparsity 19.8%
gen 21 offspring [65/100] k= 16 (used  16.0) c=0.862 alpha=-0.296 beta=+0.380 | loss 3.6821 (delta +0.7968) size 444.0 MB sparsity 29.4%
gen 21 offspring [66/100] k= 33 (used  33.0) c=0.995 alpha=-0.174 beta=+0.384 | loss 3.2060 (delta +0.3206) size 488.5 MB sparsity 23.6%
gen 21 offspring [67/100] k= 17 (used  17.0) c=0.923 alpha=-0.222 beta=+0.013 | loss 3.3362 (delta +0.4509) size 458.4 MB sparsity 21.4%
gen 21 offspring [68/100] k=233 (used 230.0) c=0.989 alpha=-0.011 beta=+0.381 | loss 3.2039 (delta +0.3185) size 616.6 MB sparsity 16.5%
gen 21 offspring [69/100] k= 18 (used  18.0) c=0.877 alpha=-0.206 beta=+0.386 | loss 3.5110 (delta +0.6256) size 482.0 MB sparsity 26.5%
gen 21 offspring [70/100] k= 16 (used  16.0) c=0.870 alpha=-0.235 beta=+0.319 | loss 3.4951 (delta +0.6097) size 449.5 MB sparsity 25.7%
gen 21 offspring [71/100] k= 10 (used   9.0) c=0.922 alpha=-0.223 beta=+0.200 | loss 6.1862 (delta +3.3009) size 399.7 MB sparsity 38.9%
gen 21 offspring [72/100] k= 16 (used  16.0) c=0.853 alpha=-0.033 beta=+0.415 | loss 3.6089 (delta +0.7235) size 445.9 MB sparsity 28.4%
gen 21 offspring [73/100] k= 74 (used  73.0) c=0.991 alpha=-0.039 beta=+0.050 | loss 2.9032 (delta +0.0178) size 586.1 MB sparsity 5.2%
gen 21 offspring [74/100] k= 33 (used  33.0) c=0.998 alpha=-0.221 beta=+0.384 | loss 3.2505 (delta +0.3652) size 484.5 MB sparsity 25.5%
gen 21 offspring [75/100] k= 17 (used  17.0) c=0.941 alpha=-0.163 beta=+0.042 | loss 3.3502 (delta +0.4648) size 458.6 MB sparsity 21.3%
gen 21 offspring [76/100] k= 33 (used  33.0) c=0.973 alpha=-0.063 beta=+0.124 | loss 2.9733 (delta +0.0879) size 515.1 MB sparsity 11.7%
gen 21 offspring [77/100] k= 16 (used  16.0) c=0.855 alpha=-0.297 beta=+0.468 | loss 3.8413 (delta +0.9559) size 438.5 MB sparsity 32.5%
gen 21 offspring [78/100] k= 25 (used  25.0) c=0.940 alpha=-0.217 beta=+0.012 | loss 3.0768 (delta +0.1915) size 496.3 MB sparsity 16.9%
gen 21 offspring [79/100] k= 11 (used  11.0) c=0.848 alpha=-0.283 beta=+0.087 | loss 4.2360 (delta +1.3506) size 443.2 MB sparsity 29.9%
gen 21 offspring [80/100] k= 17 (used  17.0) c=0.858 alpha=-0.278 beta=+0.446 | loss 3.7403 (delta +0.8550) size 441.7 MB sparsity 30.7%
gen 21 offspring [81/100] k= 31 (used  31.0) c=0.949 alpha=-0.045 beta=+0.022 | loss 2.9826 (delta +0.0972) size 496.7 MB sparsity 11.7%
gen 21 offspring [82/100] k= 31 (used  31.0) c=0.868 alpha=-0.102 beta=+0.284 | loss 3.0736 (delta +0.1882) size 496.6 MB sparsity 17.4%
gen 21 offspring [83/100] k= 30 (used  30.0) c=0.868 alpha=-0.140 beta=+0.388 | loss 3.2132 (delta +0.3279) size 490.8 MB sparsity 22.6%
gen 21 offspring [84/100] k= 37 (used  37.0) c=0.997 alpha=-0.182 beta=+0.021 | loss 2.9846 (delta +0.0993) size 541.4 MB sparsity 13.2%
gen 21 offspring [85/100] k= 64 (used  64.0) c=0.912 alpha=-0.225 beta=+0.006 | loss 2.9585 (delta +0.0732) size 541.4 MB sparsity 12.3%
gen 21 offspring [86/100] k=218 (used 218.0) c=0.968 alpha=-0.037 beta=+0.022 | loss 2.8907 (delta +0.0053) size 630.9 MB sparsity 2.6%
gen 21 offspring [87/100] k= 17 (used  17.0) c=0.870 alpha=-0.297 beta=+0.366 | loss 3.6564 (delta +0.7710) size 445.6 MB sparsity 28.5%
gen 21 offspring [88/100] k= 35 (used  35.0) c=0.973 alpha=-0.021 beta=+0.090 | loss 2.9693 (delta +0.0839) size 541.4 MB sparsity 10.7%
gen 21 offspring [89/100] k= 65 (used  64.7) c=0.995 alpha=-0.288 beta=+0.387 | loss 3.3198 (delta +0.4344) size 511.1 MB sparsity 28.0%
gen 21 offspring [90/100] k= 17 (used  17.0) c=0.965 alpha=-0.172 beta=+0.397 | loss 3.5679 (delta +0.6826) size 447.3 MB sparsity 27.6%
gen 21 offspring [91/100] k= 23 (used  23.0) c=0.884 alpha=-0.297 beta=+0.017 | loss 3.1958 (delta +0.3105) size 494.8 MB sparsity 20.1%
gen 21 offspring [92/100] k= 17 (used  17.0) c=0.847 alpha=-0.331 beta=+0.432 | loss 3.8007 (delta +0.9153) size 439.3 MB sparsity 32.1%
gen 21 offspring [93/100] k= 56 (used  56.0) c=0.947 alpha=-0.001 beta=+0.019 | loss 2.9253 (delta +0.0399) size 541.4 MB sparsity 6.6%
gen 21 offspring [94/100] k= 37 (used  37.0) c=0.867 alpha=-0.347 beta=+0.047 | loss 3.1138 (delta +0.2285) size 535.4 MB sparsity 18.9%
gen 21 offspring [95/100] k= 32 (used  32.0) c=0.909 alpha=-0.206 beta=+0.389 | loss 3.2398 (delta +0.3545) size 485.4 MB sparsity 25.0%
gen 21 offspring [96/100] k=205 (used 201.8) c=0.994 alpha=-0.037 beta=+0.468 | loss 10.3270 (delta +7.4417) size 602.0 MB sparsity 20.6%
gen 21 offspring [97/100] k= 17 (used  17.0) c=0.967 alpha=-0.179 beta=+0.019 | loss 3.4001 (delta +0.5147) size 457.6 MB sparsity 21.8%
gen 21 offspring [98/100] k= 29 (used  29.0) c=0.868 alpha=-0.264 beta=+0.322 | loss 3.2375 (delta +0.3521) size 486.1 MB sparsity 24.7%
gen 21 offspring [99/100] k= 30 (used  30.0) c=0.916 alpha=-0.040 beta=+0.013 | loss 2.9973 (delta +0.1120) size 496.7 MB sparsity 12.2%
gen 21 offspring [100/100] k= 16 (used  16.0) c=0.855 alpha=-0.009 beta=+0.030 | loss 3.4095 (delta +0.5241) size 450.7 MB sparsity 22.0%
=== generation 21/50 done in 447s (0 reused), batch baseline 2.8854, HV 0.22414, front 100 points, 100/100 feasible, best delta loss +0.0018, smallest 438.2 MB
gen 22 offspring [1/100] k= 17 (used  17.0) c=0.999 alpha=-0.218 beta=+0.418 | loss 3.6073 (delta +0.7220) size 445.0 MB sparsity 28.9%
gen 22 offspring [2/100] k=205 (used 205.0) c=0.926 alpha=-0.067 beta=+0.013 | loss 2.8960 (delta +0.0107) size 630.9 MB sparsity 3.7%
gen 22 offspring [3/100] k= 17 (used  17.0) c=0.923 alpha=-0.208 beta=+0.468 | loss 3.6663 (delta +0.7810) size 443.2 MB sparsity 29.9%
gen 22 offspring [4/100] k=  7 (used   7.0) c=0.930 alpha=-0.312 beta=+0.367 | loss 8.9665 (delta +6.0812) size 385.3 MB sparsity 49.6%
gen 22 offspring [5/100] k= 33 (used  33.0) c=0.950 alpha=-0.002 beta=+0.333 | loss 3.1069 (delta +0.2216) size 498.0 MB sparsity 19.4%
gen 22 offspring [6/100] k= 89 (used  89.0) c=0.928 alpha=-0.060 beta=+0.086 | loss 2.9015 (delta +0.0161) size 586.1 MB sparsity 6.4%
gen 22 offspring [7/100] k= 33 (used  33.0) c=1.000 alpha=-0.237 beta=+0.384 | loss 3.2823 (delta +0.3970) size 483.1 MB sparsity 26.0%
gen 22 offspring [8/100] k= 52 (used  51.0) c=0.999 alpha=-0.213 beta=+0.344 | loss 3.1590 (delta +0.2737) size 523.5 MB sparsity 23.3%
gen 22 offspring [9/100] k= 36 (used  36.0) c=0.899 alpha=-0.009 beta=+0.141 | loss 2.9687 (delta +0.0833) size 541.4 MB sparsity 11.3%
gen 22 offspring [10/100] k= 33 (used  33.0) c=0.963 alpha=-0.322 beta=+0.432 | loss 3.4663 (delta +0.5809) size 471.8 MB sparsity 31.1%
gen 22 offspring [11/100] k= 38 (used  38.0) c=0.853 alpha=-0.225 beta=+0.350 | loss 3.2287 (delta +0.3433) size 521.5 MB sparsity 24.1%
gen 22 offspring [12/100] k= 36 (used  36.0) c=0.952 alpha=-0.185 beta=+0.086 | loss 2.9910 (delta +0.1056) size 541.3 MB sparsity 13.3%
gen 22 offspring [13/100] k= 44 (used  43.9) c=0.854 alpha=-0.286 beta=+0.446 | loss 3.4271 (delta +0.5418) size 505.2 MB sparsity 30.1%
gen 22 offspring [14/100] k= 17 (used  17.0) c=0.946 alpha=-0.121 beta=+0.319 | loss 3.4769 (delta +0.5915) size 452.6 MB sparsity 24.6%
gen 22 offspring [15/100] k= 16 (used  16.0) c=0.872 alpha=-0.206 beta=+0.342 | loss 3.5143 (delta +0.6290) size 449.0 MB sparsity 26.1%
gen 22 offspring [16/100] k= 33 (used  33.0) c=0.912 alpha=-0.004 beta=+0.391 | loss 3.2228 (delta +0.3375) size 493.5 MB sparsity 21.4%
gen 22 offspring [17/100] k= 17 (used  17.0) c=0.939 alpha=-0.223 beta=+0.215 | loss 3.3460 (delta +0.4606) size 457.4 MB sparsity 21.9%
gen 22 offspring [18/100] k= 16 (used  16.0) c=0.877 alpha=-0.039 beta=+0.004 | loss 3.4721 (delta +0.5867) size 450.4 MB sparsity 22.6%
gen 22 offspring [19/100] k= 37 (used  37.0) c=0.951 alpha=-0.109 beta=+0.019 | loss 2.9580 (delta +0.0726) size 541.4 MB sparsity 10.3%
gen 22 offspring [20/100] k= 17 (used  17.0) c=0.971 alpha=-0.255 beta=+0.432 | loss 3.6430 (delta +0.7577) size 443.1 MB sparsity 29.9%
gen 22 offspring [21/100] k= 17 (used  17.0) c=0.858 alpha=-0.081 beta=+0.313 | loss 3.3836 (delta +0.4982) size 454.9 MB sparsity 23.3%
gen 22 offspring [22/100] k= 16 (used  16.0) c=0.864 alpha=-0.302 beta=+0.404 | loss 3.7323 (delta +0.8470) size 442.1 MB sparsity 30.5%
gen 22 offspring [23/100] k=214 (used 210.6) c=0.869 alpha=-0.032 beta=+0.411 | loss 3.3378 (delta +0.4524) size 610.4 MB sparsity 18.2%
gen 22 offspring [24/100] k= 61 (used  61.0) c=0.967 alpha=-0.045 beta=+0.025 | loss 2.9258 (delta +0.0405) size 541.4 MB sparsity 6.1%
gen 22 offspring [25/100] k= 34 (used  34.0) c=0.921 alpha=-0.145 beta=+0.287 | loss 3.0783 (delta +0.1929) size 535.9 MB sparsity 18.7%
gen 22 offspring [26/100] k= 17 (used  17.0) c=0.993 alpha=-0.192 beta=+0.433 | loss 3.6029 (delta +0.7175) size 444.4 MB sparsity 29.2%
gen 22 offspring [27/100] k= 30 (used  29.0) c=0.995 alpha=-0.198 beta=+0.251 | loss 3.1183 (delta +0.2330) size 495.8 MB sparsity 19.7%
gen 22 offspring [28/100] k= 16 (used  16.0) c=0.855 alpha=-0.206 beta=+0.379 | loss 3.5419 (delta +0.6565) size 447.8 MB sparsity 27.2%
gen 22 offspring [29/100] k= 17 (used  17.0) c=0.846 alpha=-0.242 beta=+0.296 | loss 3.4260 (delta +0.5407) size 453.6 MB sparsity 24.1%
gen 22 offspring [30/100] k= 16 (used  16.0) c=0.884 alpha=-0.294 beta=+0.442 | loss 3.7979 (delta +0.9126) size 440.1 MB sparsity 31.6%
gen 22 offspring [31/100] k= 46 (used  46.0) c=0.973 alpha=-0.021 beta=+0.090 | loss 2.9332 (delta +0.0479) size 541.4 MB sparsity 8.6%
gen 22 offspring [32/100] k= 19 (used  19.0) c=0.977 alpha=-0.064 beta=+0.440 | loss 3.5375 (delta +0.6522) size 478.7 MB sparsity 28.0%
gen 22 offspring [33/100] k= 30 (used  30.0) c=0.868 alpha=-0.247 beta=+0.004 | loss 3.0407 (delta +0.1553) size 496.6 MB sparsity 16.3%
gen 22 offspring [34/100] k= 33 (used  33.0) c=0.999 alpha=-0.221 beta=+0.387 | loss 3.2564 (delta +0.3710) size 484.3 MB sparsity 25.5%
gen 22 offspring [35/100] k= 16 (used  16.0) c=0.904 alpha=-0.228 beta=+0.478 | loss 3.8457 (delta +0.9603) size 440.4 MB sparsity 31.4%
gen 22 offspring [36/100] k= 16 (used  16.0) c=0.868 alpha=-0.068 beta=+0.437 | loss 3.6292 (delta +0.7438) size 444.2 MB sparsity 29.3%
gen 22 offspring [37/100] k= 64 (used  64.0) c=0.912 alpha=-0.000 beta=+0.012 | loss 2.9128 (delta +0.0274) size 541.4 MB sparsity 5.5%
gen 22 offspring [38/100] k= 14 (used  14.0) c=0.851 alpha=-0.172 beta=+0.397 | loss 3.8285 (delta +0.9431) size 443.7 MB sparsity 29.6%
gen 22 offspring [39/100] k= 16 (used  16.0) c=0.858 alpha=-0.201 beta=+0.084 | loss 3.4313 (delta +0.5460) size 450.6 MB sparsity 22.2%
gen 22 offspring [40/100] k= 84 (used  82.5) c=0.995 alpha=-0.052 beta=+0.369 | loss 3.1421 (delta +0.2568) size 575.3 MB sparsity 17.8%
gen 22 offspring [41/100] k= 33 (used  33.0) c=0.940 alpha=-0.063 beta=+0.127 | loss 2.9758 (delta +0.0905) size 515.5 MB sparsity 11.6%
gen 22 offspring [42/100] k= 33 (used  33.0) c=0.995 alpha=-0.218 beta=+0.397 | loss 3.2622 (delta +0.3768) size 483.7 MB sparsity 25.8%
gen 22 offspring [43/100] k= 31 (used  31.0) c=0.938 alpha=-0.254 beta=+0.159 | loss 3.0580 (delta +0.1726) size 496.5 MB sparsity 18.1%
gen 22 offspring [44/100] k= 16 (used  16.0) c=0.922 alpha=-0.300 beta=+0.497 | loss 4.0740 (delta +1.1886) size 436.0 MB sparsity 33.9%
gen 22 offspring [45/100] k= 65 (used  65.0) c=0.868 alpha=-0.001 beta=+0.016 | loss 2.9199 (delta +0.0346) size 572.4 MB sparsity 5.1%
gen 22 offspring [46/100] k= 14 (used  14.0) c=0.846 alpha=-0.024 beta=+0.014 | loss 3.7080 (delta +0.8226) size 448.7 MB sparsity 25.2%
gen 22 offspring [47/100] k= 17 (used  17.0) c=0.963 alpha=-0.314 beta=+0.356 | loss 3.6729 (delta +0.7876) size 444.6 MB sparsity 29.1%
gen 22 offspring [48/100] k= 17 (used  17.0) c=0.885 alpha=-0.173 beta=+0.255 | loss 3.3423 (delta +0.4569) size 457.8 MB sparsity 21.7%
gen 22 offspring [49/100] k= 32 (used  32.0) c=0.890 alpha=-0.297 beta=+0.470 | loss 3.5360 (delta +0.6506) size 470.9 MB sparsity 31.5%
gen 22 offspring [50/100] k= 50 (used  49.0) c=0.993 alpha=-0.037 beta=+0.130 | loss 2.9380 (delta +0.0526) size 541.4 MB sparsity 9.6%
gen 22 offspring [51/100] k= 14 (used  14.0) c=0.858 alpha=-0.287 beta=+0.064 | loss 3.7245 (delta +0.8392) size 448.2 MB sparsity 26.3%
gen 22 offspring [52/100] k= 17 (used  17.0) c=0.854 alpha=-0.163 beta=+0.061 | loss 3.2816 (delta +0.3962) size 461.9 MB sparsity 19.4%
gen 22 offspring [53/100] k= 24 (used  23.0) c=0.963 alpha=-0.092 beta=+0.019 | loss 3.0899 (delta +0.2046) size 496.1 MB sparsity 16.1%
gen 22 offspring [54/100] k= 16 (used  16.0) c=0.857 alpha=-0.279 beta=+0.028 | loss 3.4629 (delta +0.5775) size 450.3 MB sparsity 23.8%
gen 22 offspring [55/100] k= 29 (used  29.0) c=0.859 alpha=-0.210 beta=+0.255 | loss 3.1197 (delta +0.2343) size 495.8 MB sparsity 20.0%
gen 22 offspring [56/100] k=204 (used 204.0) c=0.944 alpha=-0.006 beta=+0.024 | loss 2.8916 (delta +0.0062) size 630.9 MB sparsity 2.0%
gen 22 offspring [57/100] k= 39 (used  39.0) c=0.978 alpha=-0.063 beta=+0.124 | loss 2.9544 (delta +0.0691) size 541.4 MB sparsity 10.6%
gen 22 offspring [58/100] k= 16 (used  15.0) c=0.973 alpha=-0.007 beta=+0.090 | loss 3.6630 (delta +0.7777) size 448.9 MB sparsity 24.9%
gen 22 offspring [59/100] k= 36 (used  36.0) c=0.867 alpha=-0.337 beta=+0.032 | loss 3.1026 (delta +0.2172) size 535.7 MB sparsity 18.8%
gen 22 offspring [60/100] k= 32 (used  32.0) c=0.851 alpha=-0.077 beta=+0.054 | loss 2.9885 (delta +0.1032) size 496.7 MB sparsity 10.6%
gen 22 offspring [61/100] k= 16 (used  16.0) c=0.903 alpha=-0.228 beta=+0.431 | loss 3.7040 (delta +0.8187) size 443.4 MB sparsity 29.8%
gen 22 offspring [62/100] k= 31 (used  31.0) c=0.872 alpha=-0.045 beta=+0.022 | loss 2.9856 (delta +0.1003) size 496.7 MB sparsity 10.8%
gen 22 offspring [63/100] k= 17 (used  17.0) c=0.993 alpha=-0.285 beta=+0.434 | loss 3.7183 (delta +0.8330) size 441.2 MB sparsity 31.0%
gen 22 offspring [64/100] k= 74 (used  74.0) c=0.960 alpha=-0.173 beta=+0.010 | loss 2.9276 (delta +0.0422) size 586.1 MB sparsity 9.9%
gen 22 offspring [65/100] k= 40 (used  40.0) c=0.941 alpha=-0.182 beta=+0.325 | loss 3.1295 (delta +0.2442) size 528.6 MB sparsity 21.4%
gen 22 offspring [66/100] k=110 (used 108.8) c=0.995 alpha=-0.217 beta=+0.036 | loss 2.9329 (delta +0.0476) size 586.1 MB sparsity 11.0%
gen 22 offspring [67/100] k= 28 (used  28.0) c=0.916 alpha=-0.042 beta=+0.003 | loss 3.0234 (delta +0.1381) size 496.7 MB sparsity 13.1%
gen 22 offspring [68/100] k= 46 (used  45.8) c=0.847 alpha=-0.425 beta=+0.432 | loss 3.6777 (delta +0.7924) size 492.4 MB sparsity 34.9%
gen 22 offspring [69/100] k=  7 (used   7.0) c=0.993 alpha=-0.131 beta=+0.433 | loss 11.9395 (delta +9.0542) size 381.9 MB sparsity 52.2%
gen 22 offspring [70/100] k= 17 (used  17.0) c=0.854 alpha=-0.051 beta=+0.448 | loss 3.6286 (delta +0.7433) size 446.3 MB sparsity 28.2%
gen 22 offspring [71/100] k= 16 (used  15.0) c=0.995 alpha=-0.182 beta=+0.002 | loss 3.6391 (delta +0.7538) size 448.5 MB sparsity 25.4%
gen 22 offspring [72/100] k= 14 (used  14.0) c=0.845 alpha=-0.040 beta=+0.400 | loss 3.8495 (delta +0.9641) size 443.6 MB sparsity 29.7%
gen 22 offspring [73/100] k= 32 (used  32.0) c=0.903 alpha=-0.009 beta=+0.084 | loss 2.9738 (delta +0.0885) size 496.7 MB sparsity 11.2%
gen 22 offspring [74/100] k= 32 (used  32.0) c=0.904 alpha=-0.291 beta=+0.350 | loss 3.2981 (delta +0.4128) size 481.5 MB sparsity 26.8%
gen 22 offspring [75/100] k=210 (used 210.0) c=0.963 alpha=-0.045 beta=+0.013 | loss 2.8899 (delta +0.0046) size 630.9 MB sparsity 2.8%
gen 22 offspring [76/100] k= 16 (used  16.0) c=0.870 alpha=-0.206 beta=+0.380 | loss 3.5627 (delta +0.6773) size 447.5 MB sparsity 27.4%
gen 22 offspring [77/100] k= 17 (used  17.0) c=0.855 alpha=-0.060 beta=+0.465 | loss 3.6937 (delta +0.8084) size 445.2 MB sparsity 28.8%
gen 22 offspring [78/100] k= 17 (used  17.0) c=0.997 alpha=-0.130 beta=+0.466 | loss 3.7064 (delta +0.8211) size 442.2 MB sparsity 30.4%
gen 22 offspring [79/100] k=212 (used 212.0) c=0.991 alpha=-0.037 beta=+0.037 | loss 2.8878 (delta +0.0025) size 630.9 MB sparsity 3.2%
gen 22 offspring [80/100] k= 37 (used  37.0) c=0.916 alpha=-0.233 beta=+0.024 | loss 2.9986 (delta +0.1133) size 541.2 MB sparsity 14.7%
gen 22 offspring [81/100] k=109 (used 108.3) c=0.963 alpha=-0.039 beta=+0.345 | loss 3.1074 (delta +0.2220) size 580.2 MB sparsity 16.2%
gen 22 offspring [82/100] k= 17 (used  17.0) c=0.847 alpha=-0.294 beta=+0.444 | loss 3.7412 (delta +0.8558) size 440.9 MB sparsity 31.2%
gen 22 offspring [83/100] k= 16 (used  16.0) c=0.864 alpha=-0.239 beta=+0.055 | loss 3.4477 (delta +0.5623) size 450.5 MB sparsity 22.8%
gen 22 offspring [84/100] k= 12 (used  12.0) c=0.870 alpha=-0.297 beta=+0.443 | loss 4.3859 (delta +1.5006) size 435.3 MB sparsity 34.3%
gen 22 offspring [85/100] k= 16 (used  16.0) c=0.848 alpha=-0.166 beta=+0.014 | loss 3.4000 (delta +0.5146) size 450.7 MB sparsity 21.9%
gen 22 offspring [86/100] k= 17 (used  17.0) c=0.848 alpha=-0.189 beta=+0.011 | loss 3.2725 (delta +0.3872) size 461.8 MB sparsity 19.5%
gen 22 offspring [87/100] k= 16 (used  16.0) c=0.863 alpha=-0.211 beta=+0.135 | loss 3.4262 (delta +0.5409) size 450.6 MB sparsity 22.3%
gen 22 offspring [88/100] k= 30 (used  30.0) c=0.940 alpha=-0.182 beta=+0.066 | loss 3.0204 (delta +0.1350) size 496.7 MB sparsity 14.4%
gen 22 offspring [89/100] k= 34 (used  33.0) c=0.974 alpha=-0.061 beta=+0.002 | loss 2.9722 (delta +0.0869) size 516.1 MB sparsity 11.3%
gen 22 offspring [90/100] k= 36 (used  36.0) c=0.953 alpha=-0.080 beta=+0.055 | loss 2.9682 (delta +0.0828) size 541.4 MB sparsity 10.5%
gen 22 offspring [91/100] k= 17 (used  17.0) c=0.970 alpha=-0.288 beta=+0.440 | loss 3.7325 (delta +0.8472) size 440.8 MB sparsity 31.2%
gen 22 offspring [92/100] k= 17 (used  17.0) c=0.847 alpha=-0.298 beta=+0.466 | loss 3.8112 (delta +0.9258) size 439.3 MB sparsity 32.1%
gen 22 offspring [93/100] k= 30 (used  30.0) c=0.947 alpha=-0.357 beta=+0.094 | loss 3.1841 (delta +0.2987) size 493.9 MB sparsity 21.1%
gen 22 offspring [94/100] k=204 (used 201.6) c=0.995 alpha=-0.271 beta=+0.011 | loss 2.9715 (delta +0.0862) size 630.4 MB sparsity 12.3%
gen 22 offspring [95/100] k= 47 (used  47.0) c=0.915 alpha=-0.102 beta=+0.247 | loss 2.9987 (delta +0.1133) size 541.3 MB sparsity 15.1%
gen 22 offspring [96/100] k= 29 (used  29.0) c=0.870 alpha=-0.235 beta=+0.416 | loss 3.3196 (delta +0.4343) size 480.7 MB sparsity 27.2%
gen 22 offspring [97/100] k= 16 (used  16.0) c=0.890 alpha=-0.208 beta=+0.087 | loss 3.4929 (delta +0.6075) size 450.3 MB sparsity 22.9%
gen 22 offspring [98/100] k= 16 (used  16.0) c=0.856 alpha=-0.211 beta=+0.215 | loss 3.4019 (delta +0.5166) size 450.6 MB sparsity 22.4%
gen 22 offspring [99/100] k= 16 (used  16.0) c=0.867 alpha=-0.026 beta=+0.331 | loss 3.5055 (delta +0.6201) size 449.3 MB sparsity 25.6%
gen 22 offspring [100/100] k= 17 (used  17.0) c=0.857 alpha=-0.206 beta=+0.023 | loss 3.2861 (delta +0.4008) size 461.0 MB sparsity 19.9%
=== generation 22/50 done in 447s (0 reused), batch baseline 2.8854, HV 0.22426, front 100 points, 100/100 feasible, best delta loss +0.0018, smallest 438.2 MB
gen 23 offspring [1/100] k= 17 (used  17.0) c=0.862 alpha=-0.140 beta=+0.036 | loss 3.2900 (delta +0.4046) size 461.6 MB sparsity 19.6%
gen 23 offspring [2/100] k= 52 (used  51.0) c=0.996 alpha=-0.182 beta=+0.345 | loss 3.1306 (delta +0.2453) size 526.8 MB sparsity 22.1%
gen 23 offspring [3/100] k=204 (used 202.6) c=0.931 alpha=-0.251 beta=+0.024 | loss 2.9554 (delta +0.0700) size 630.8 MB sparsity 11.6%
gen 23 offspring [4/100] k= 32 (used  32.0) c=0.867 alpha=-0.406 beta=+0.060 | loss 3.2204 (delta +0.3351) size 492.0 MB sparsity 22.1%
gen 23 offspring [5/100] k= 24 (used  23.0) c=0.995 alpha=-0.062 beta=+0.087 | loss 3.1134 (delta +0.2280) size 495.8 MB sparsity 16.6%
gen 23 offspring [6/100] k=201 (used 201.0) c=0.996 alpha=-0.061 beta=+0.012 | loss 2.8899 (delta +0.0046) size 630.9 MB sparsity 3.5%
gen 23 offspring [7/100] k= 16 (used  16.0) c=0.857 alpha=-0.283 beta=+0.033 | loss 3.4750 (delta +0.5896) size 450.3 MB sparsity 23.9%
gen 23 offspring [8/100] k= 43 (used  43.0) c=0.922 alpha=-0.202 beta=+0.350 | loss 3.1627 (delta +0.2774) size 524.0 MB sparsity 23.1%
gen 23 offspring [9/100] k= 30 (used  30.0) c=0.867 alpha=-0.345 beta=+0.091 | loss 3.1282 (delta +0.2429) size 495.2 MB sparsity 20.1%
gen 23 offspring [10/100] k= 17 (used  17.0) c=0.973 alpha=-0.136 beta=+0.443 | loss 3.6343 (delta +0.7489) size 444.1 MB sparsity 29.4%
gen 23 offspring [11/100] k= 30 (used  29.0) c=0.990 alpha=-0.270 beta=+0.038 | loss 3.1003 (delta +0.2150) size 496.1 MB sparsity 18.1%
gen 23 offspring [12/100] k= 19 (used  19.0) c=0.993 alpha=-0.253 beta=+0.443 | loss 3.6770 (delta +0.7917) size 474.6 MB sparsity 29.9%
gen 23 offspring [13/100] k= 29 (used  29.0) c=0.843 alpha=-0.244 beta=+0.322 | loss 3.2317 (delta +0.3463) size 487.9 MB sparsity 23.9%
gen 23 offspring [14/100] k= 17 (used  17.0) c=0.992 alpha=-0.247 beta=+0.393 | loss 3.6014 (delta +0.7161) size 445.7 MB sparsity 28.5%
gen 23 offspring [15/100] k= 17 (used  17.0) c=0.869 alpha=-0.288 beta=+0.462 | loss 3.7878 (delta +0.9024) size 440.0 MB sparsity 31.6%
gen 23 offspring [16/100] k= 16 (used  16.0) c=0.854 alpha=-0.228 beta=+0.388 | loss 3.5525 (delta +0.6671) size 446.9 MB sparsity 27.8%
gen 23 offspring [17/100] k= 17 (used  17.0) c=0.846 alpha=-0.082 beta=+0.313 | loss 3.3637 (delta +0.4784) size 455.2 MB sparsity 23.2%
gen 23 offspring [18/100] k= 62 (used  62.0) c=0.947 alpha=-0.001 beta=+0.135 | loss 2.9321 (delta +0.0468) size 541.4 MB sparsity 8.8%
gen 23 offspring [19/100] k= 18 (used  17.0) c=0.967 alpha=-0.045 beta=+0.025 | loss 3.3910 (delta +0.5056) size 457.6 MB sparsity 21.8%
gen 23 offspring [20/100] k= 17 (used  17.0) c=0.870 alpha=-0.286 beta=+0.319 | loss 3.5551 (delta +0.6698) size 449.3 MB sparsity 26.5%
gen 23 offspring [21/100] k= 17 (used  17.0) c=0.978 alpha=-0.242 beta=+0.006 | loss 3.4132 (delta +0.5278) size 456.0 MB sparsity 22.7%
gen 23 offspring [22/100] k=109 (used 109.0) c=0.956 alpha=-0.039 beta=+0.004 | loss 2.8979 (delta +0.0125) size 586.1 MB sparsity 3.6%
gen 23 offspring [23/100] k= 31 (used  31.0) c=0.996 alpha=-0.102 beta=+0.021 | loss 2.9997 (delta +0.1144) size 496.7 MB sparsity 12.3%
gen 23 offspring [24/100] k= 30 (used  29.0) c=0.989 alpha=-0.129 beta=+0.089 | loss 3.0205 (delta +0.1351) size 496.7 MB sparsity 13.3%
gen 23 offspring [25/100] k= 16 (used  16.0) c=0.855 alpha=-0.297 beta=+0.470 | loss 3.8436 (delta +0.9583) size 438.4 MB sparsity 32.6%
gen 23 offspring [26/100] k= 16 (used  16.0) c=0.849 alpha=-0.124 beta=+0.014 | loss 3.4008 (delta +0.5155) size 450.7 MB sparsity 21.9%
gen 23 offspring [27/100] k=  8 (used   7.0) c=0.977 alpha=-0.293 beta=+0.434 | loss 11.3082 (delta +8.4229) size 382.7 MB sparsity 51.6%
gen 23 offspring [28/100] k= 16 (used  16.0) c=0.829 alpha=-0.283 beta=+0.390 | loss 3.7806 (delta +0.8952) size 444.4 MB sparsity 29.2%
gen 23 offspring [29/100] k= 65 (used  65.0) c=0.942 alpha=-0.001 beta=+0.019 | loss 2.9107 (delta +0.0253) size 571.3 MB sparsity 5.5%
gen 23 offspring [30/100] k= 18 (used  17.0) c=0.972 alpha=-0.255 beta=+0.360 | loss 3.5425 (delta +0.6572) size 447.6 MB sparsity 27.4%
gen 23 offspring [31/100] k=  9 (used   9.0) c=0.848 alpha=-0.191 beta=+0.019 | loss 5.6307 (delta +2.7454) size 403.3 MB sparsity 36.2%
gen 23 offspring [32/100] k= 30 (used  30.0) c=0.913 alpha=-0.055 beta=+0.355 | loss 3.1554 (delta +0.2701) size 494.3 MB sparsity 20.8%
gen 23 offspring [33/100] k=109 (used 109.0) c=0.995 alpha=-0.037 beta=+0.012 | loss 2.8946 (delta +0.0093) size 586.1 MB sparsity 3.6%
gen 23 offspring [34/100] k= 17 (used  17.0) c=0.871 alpha=-0.074 beta=+0.443 | loss 3.6047 (delta +0.7194) size 446.3 MB sparsity 28.1%
gen 23 offspring [35/100] k= 33 (used  33.0) c=0.899 alpha=-0.208 beta=+0.121 | loss 3.0166 (delta +0.1313) size 508.3 MB sparsity 14.8%
gen 23 offspring [36/100] k=215 (used 212.4) c=0.949 alpha=-0.301 beta=+0.157 | loss 3.0422 (delta +0.1569) size 606.9 MB sparsity 19.2%
gen 23 offspring [37/100] k= 14 (used  14.0) c=0.900 alpha=-0.311 beta=+0.291 | loss 3.9194 (delta +1.0340) size 445.8 MB sparsity 28.4%
gen 23 offspring [38/100] k= 17 (used  17.0) c=0.846 alpha=-0.139 beta=+0.319 | loss 3.3647 (delta +0.4793) size 454.8 MB sparsity 23.4%
gen 23 offspring [39/100] k= 15 (used  15.0) c=0.870 alpha=-0.266 beta=+0.022 | loss 3.4901 (delta +0.6047) size 450.3 MB sparsity 23.6%
gen 23 offspring [40/100] k= 17 (used  17.0) c=0.882 alpha=-0.171 beta=+0.470 | loss 3.7398 (delta +0.8544) size 444.3 MB sparsity 29.2%
gen 23 offspring [41/100] k= 16 (used  16.0) c=0.852 alpha=-0.209 beta=+0.022 | loss 3.4173 (delta +0.5320) size 450.7 MB sparsity 22.1%
gen 23 offspring [42/100] k= 30 (used  29.0) c=0.998 alpha=-0.113 beta=+0.148 | loss 3.0282 (delta +0.1428) size 496.7 MB sparsity 13.8%
gen 23 offspring [43/100] k= 16 (used  16.0) c=0.869 alpha=-0.206 beta=+0.367 | loss 3.5239 (delta +0.6385) size 448.1 MB sparsity 27.0%
gen 23 offspring [44/100] k= 25 (used  25.0) c=0.859 alpha=-0.002 beta=+0.022 | loss 3.0413 (delta +0.1560) size 496.7 MB sparsity 13.3%
gen 23 offspring [45/100] k= 33 (used  33.0) c=0.998 alpha=-0.185 beta=+0.384 | loss 3.2156 (delta +0.3303) size 487.6 MB sparsity 24.1%
gen 23 offspring [46/100] k= 33 (used  33.0) c=0.949 alpha=-0.009 beta=+0.086 | loss 2.9743 (delta +0.0890) size 516.7 MB sparsity 11.0%
gen 23 offspring [47/100] k= 17 (used  17.0) c=0.887 alpha=-0.314 beta=+0.322 | loss 3.6652 (delta +0.7798) size 447.2 MB sparsity 27.6%
gen 23 offspring [48/100] k= 17 (used  17.0) c=0.846 alpha=-0.211 beta=+0.319 | loss 3.3800 (delta +0.4947) size 453.7 MB sparsity 24.0%
gen 23 offspring [49/100] k= 21 (used  21.0) c=0.966 alpha=-0.128 beta=+0.404 | loss 3.3987 (delta +0.5133) size 484.1 MB sparsity 25.6%
gen 23 offspring [50/100] k= 30 (used  30.0) c=0.868 alpha=-0.005 beta=+0.337 | loss 3.1223 (delta +0.2369) size 495.5 MB sparsity 19.8%
gen 23 offspring [51/100] k= 30 (used  29.0) c=0.973 alpha=-0.045 beta=+0.024 | loss 3.0081 (delta +0.1227) size 496.7 MB sparsity 12.9%
gen 23 offspring [52/100] k= 66 (used  65.7) c=0.941 alpha=-0.172 beta=+0.383 | loss 3.1561 (delta +0.2707) size 557.5 MB sparsity 23.1%
gen 23 offspring [53/100] k= 30 (used  30.0) c=0.916 alpha=-0.036 beta=+0.132 | loss 2.9969 (delta +0.1115) size 496.7 MB sparsity 12.6%
gen 23 offspring [54/100] k= 24 (used  24.0) c=0.911 alpha=-0.136 beta=+0.309 | loss 3.1922 (delta +0.3069) size 494.1 MB sparsity 20.8%
gen 23 offspring [55/100] k= 32 (used  32.0) c=0.908 alpha=-0.062 beta=+0.131 | loss 2.9762 (delta +0.0909) size 496.7 MB sparsity 11.9%
gen 23 offspring [56/100] k= 35 (used  35.0) c=0.995 alpha=-0.218 beta=+0.466 | loss 3.3865 (delta +0.5011) size 510.2 MB sparsity 28.3%
gen 23 offspring [57/100] k= 17 (used  17.0) c=0.923 alpha=-0.222 beta=+0.410 | loss 3.5570 (delta +0.6716) size 446.5 MB sparsity 28.1%
gen 23 offspring [58/100] k= 17 (used  17.0) c=0.974 alpha=-0.151 beta=+0.462 | loss 3.6899 (delta +0.8045) size 443.0 MB sparsity 30.0%
gen 23 offspring [59/100] k= 29 (used  29.0) c=0.870 alpha=-0.218 beta=+0.255 | loss 3.1155 (delta +0.2301) size 495.5 MB sparsity 20.3%
gen 23 offspring [60/100] k= 17 (used  17.0) c=0.885 alpha=-0.172 beta=+0.438 | loss 3.5848 (delta +0.6995) size 446.3 MB sparsity 28.1%
gen 23 offspring [61/100] k= 18 (used  17.0) c=0.971 alpha=-0.206 beta=+0.342 | loss 3.4708 (delta +0.5854) size 450.4 MB sparsity 25.8%
gen 23 offspring [62/100] k=  6 (used   5.0) c=0.847 alpha=-0.406 beta=+0.466 | loss 12.9558 (delta +10.0704) size 351.3 MB sparsity 62.5%
gen 23 offspring [63/100] k= 12 (used  11.0) c=0.973 alpha=-0.062 beta=+0.208 | loss 4.9741 (delta +2.0888) size 436.5 MB sparsity 33.7%
gen 23 offspring [64/100] k= 35 (used  35.0) c=0.903 alpha=-0.009 beta=+0.019 | loss 2.9666 (delta +0.0813) size 541.4 MB sparsity 9.9%
gen 23 offspring [65/100] k= 65 (used  65.0) c=0.923 alpha=-0.209 beta=+0.022 | loss 2.9455 (delta +0.0601) size 555.1 MB sparsity 11.6%
gen 23 offspring [66/100] k= 31 (used  31.0) c=0.858 alpha=-0.122 beta=+0.432 | loss 3.3294 (delta +0.4441) size 488.9 MB sparsity 23.5%
gen 23 offspring [67/100] k= 63 (used  63.0) c=0.879 alpha=-0.045 beta=+0.012 | loss 2.9255 (delta +0.0401) size 541.4 MB sparsity 5.3%
gen 23 offspring [68/100] k= 30 (used  30.0) c=0.954 alpha=-0.206 beta=+0.354 | loss 3.2376 (delta +0.3522) size 488.1 MB sparsity 23.8%
gen 23 offspring [69/100] k=212 (used 210.2) c=0.933 alpha=-0.037 beta=+0.279 | loss 2.9851 (delta +0.0998) size 628.1 MB sparsity 13.3%
gen 23 offspring [70/100] k= 35 (used  35.0) c=0.973 alpha=-0.019 beta=+0.213 | loss 3.0097 (delta +0.1243) size 541.1 MB sparsity 14.5%
gen 23 offspring [71/100] k= 24 (used  24.0) c=0.903 alpha=-0.297 beta=+0.518 | loss 3.7663 (delta +0.8810) size 466.5 MB sparsity 33.5%
gen 23 offspring [72/100] k= 17 (used  17.0) c=0.868 alpha=-0.153 beta=+0.319 | loss 3.3872 (delta +0.5019) size 454.3 MB sparsity 23.7%
gen 23 offspring [73/100] k= 28 (used  28.0) c=0.951 alpha=-0.033 beta=+0.003 | loss 3.0513 (delta +0.1660) size 496.6 MB sparsity 13.5%
gen 23 offspring [74/100] k= 17 (used  17.0) c=0.992 alpha=-0.192 beta=+0.050 | loss 3.4130 (delta +0.5277) size 456.7 MB sparsity 22.4%
gen 23 offspring [75/100] k= 16 (used  16.0) c=0.852 alpha=-0.206 beta=+0.379 | loss 3.5531 (delta +0.6678) size 447.8 MB sparsity 27.2%
gen 23 offspring [76/100] k= 28 (used  28.0) c=0.946 alpha=-0.206 beta=+0.327 | loss 3.2353 (delta +0.3499) size 490.2 MB sparsity 22.9%
gen 23 offspring [77/100] k= 17 (used  17.0) c=0.990 alpha=-0.268 beta=+0.427 | loss 3.6925 (delta +0.8071) size 442.6 MB sparsity 30.2%
gen 23 offspring [78/100] k= 18 (used  17.0) c=0.963 alpha=-0.258 beta=+0.146 | loss 3.4276 (delta +0.5422) size 455.7 MB sparsity 22.9%
gen 23 offspring [79/100] k= 22 (used  21.0) c=0.965 alpha=-0.182 beta=+0.345 | loss 3.3179 (delta +0.4326) size 488.2 MB sparsity 23.8%
gen 23 offspring [80/100] k=212 (used 211.0) c=0.998 alpha=-0.039 beta=+0.004 | loss 2.8874 (delta +0.0020) size 630.9 MB sparsity 2.6%
gen 23 offspring [81/100] k= 17 (used  17.0) c=0.868 alpha=-0.294 beta=+0.313 | loss 3.5545 (delta +0.6691) size 449.2 MB sparsity 26.5%
gen 23 offspring [82/100] k= 17 (used  17.0) c=0.852 alpha=-0.197 beta=+0.350 | loss 3.4078 (delta +0.5224) size 452.2 MB sparsity 24.9%
gen 23 offspring [83/100] k= 28 (used  27.0) c=0.995 alpha=-0.037 beta=+0.013 | loss 3.0381 (delta +0.1527) size 496.6 MB sparsity 14.1%
gen 23 offspring [84/100] k= 15 (used  15.0) c=0.945 alpha=-0.182 beta=+0.252 | loss 3.6268 (delta +0.7414) size 449.4 MB sparsity 24.6%
gen 23 offspring [85/100] k= 16 (used  16.0) c=0.855 alpha=-0.334 beta=+0.468 | loss 3.9343 (delta +1.0490) size 436.2 MB sparsity 33.8%
gen 23 offspring [86/100] k= 17 (used  17.0) c=0.847 alpha=-0.294 beta=+0.466 | loss 3.8007 (delta +0.9153) size 439.5 MB sparsity 31.9%
gen 23 offspring [87/100] k=201 (used 201.0) c=0.944 alpha=-0.001 beta=+0.057 | loss 2.8932 (delta +0.0079) size 630.9 MB sparsity 3.4%
gen 23 offspring [88/100] k= 33 (used  33.0) c=0.996 alpha=-0.299 beta=+0.384 | loss 3.3762 (delta +0.4909) size 477.8 MB sparsity 28.4%
gen 23 offspring [89/100] k= 17 (used  17.0) c=0.906 alpha=-0.211 beta=+0.135 | loss 3.3322 (delta +0.4468) size 459.3 MB sparsity 20.9%
gen 23 offspring [90/100] k= 13 (used  13.0) c=0.988 alpha=-0.060 beta=+0.385 | loss 4.3184 (delta +1.4330) size 440.4 MB sparsity 31.4%
gen 23 offspring [91/100] k= 31 (used  31.0) c=0.941 alpha=-0.325 beta=+0.028 | loss 3.1037 (delta +0.2183) size 495.7 MB sparsity 19.4%
gen 23 offspring [92/100] k= 64 (used  64.0) c=0.966 alpha=-0.044 beta=+0.006 | loss 2.9180 (delta +0.0326) size 541.4 MB sparsity 5.9%
gen 23 offspring [93/100] k= 33 (used  33.0) c=0.995 alpha=-0.218 beta=+0.398 | loss 3.2650 (delta +0.3797) size 483.7 MB sparsity 25.8%
gen 23 offspring [94/100] k= 67 (used  67.0) c=0.906 alpha=-0.116 beta=+0.084 | loss 2.9160 (delta +0.0307) size 586.1 MB sparsity 8.8%
gen 23 offspring [95/100] k= 17 (used  17.0) c=0.961 alpha=-0.172 beta=+0.397 | loss 3.5785 (delta +0.6932) size 447.3 MB sparsity 27.6%
gen 23 offspring [96/100] k= 16 (used  16.0) c=0.859 alpha=-0.230 beta=+0.086 | loss 3.4560 (delta +0.5706) size 450.6 MB sparsity 22.5%
gen 23 offspring [97/100] k= 13 (used  13.0) c=0.846 alpha=-0.168 beta=+0.014 | loss 3.7418 (delta +0.8564) size 448.7 MB sparsity 25.2%
gen 23 offspring [98/100] k= 30 (used  29.0) c=0.982 alpha=-0.182 beta=+0.109 | loss 3.0282 (delta +0.1429) size 496.7 MB sparsity 14.7%
gen 23 offspring [99/100] k= 17 (used  17.0) c=0.971 alpha=-0.254 beta=+0.425 | loss 3.6350 (delta +0.7496) size 443.6 MB sparsity 29.7%
gen 23 offspring [100/100] k=217 (used 215.1) c=0.995 alpha=-0.037 beta=+0.301 | loss 3.0093 (delta +0.1240) size 624.9 MB sparsity 14.2%
=== generation 23/50 done in 447s (0 reused), batch baseline 2.8854, HV 0.22437, front 100 points, 100/100 feasible, best delta loss +0.0018, smallest 438.2 MB
gen 24 offspring [1/100] k= 17 (used  17.0) c=0.882 alpha=-0.237 beta=+0.260 | loss 3.4225 (delta +0.5372) size 455.7 MB sparsity 22.9%
gen 24 offspring [2/100] k= 17 (used  17.0) c=1.000 alpha=-0.174 beta=+0.407 | loss 3.5869 (delta +0.7015) size 445.9 MB sparsity 28.4%
gen 24 offspring [3/100] k= 17 (used  17.0) c=0.990 alpha=-0.000 beta=+0.009 | loss 3.4186 (delta +0.5333) size 456.7 MB sparsity 22.3%
gen 24 offspring [4/100] k= 17 (used  17.0) c=0.971 alpha=-0.314 beta=+0.432 | loss 3.7672 (delta +0.8818) size 439.7 MB sparsity 31.8%
gen 24 offspring [5/100] k= 17 (used  17.0) c=0.850 alpha=-0.060 beta=+0.466 | loss 3.6813 (delta +0.7959) size 445.3 MB sparsity 28.7%
gen 24 offspring [6/100] k= 69 (used  69.0) c=0.947 alpha=-0.001 beta=+0.086 | loss 2.9099 (delta +0.0245) size 586.1 MB sparsity 6.5%
gen 24 offspring [7/100] k= 17 (used  17.0) c=0.998 alpha=-0.185 beta=+0.383 | loss 3.5585 (delta +0.6731) size 447.5 MB sparsity 27.5%
gen 24 offspring [8/100] k= 17 (used  17.0) c=0.965 alpha=-0.290 beta=+0.409 | loss 3.7020 (delta +0.8167) size 442.7 MB sparsity 30.2%
gen 24 offspring [9/100] k= 32 (used  32.0) c=0.897 alpha=-0.248 beta=+0.286 | loss 3.1843 (delta +0.2990) size 490.8 MB sparsity 22.6%
gen 24 offspring [10/100] k= 38 (used  38.0) c=0.854 alpha=-0.228 beta=+0.431 | loss 3.3186 (delta +0.4332) size 513.0 MB sparsity 27.3%
gen 24 offspring [11/100] k= 17 (used  17.0) c=0.846 alpha=-0.139 beta=+0.024 | loss 3.2858 (delta +0.4005) size 462.2 MB sparsity 19.3%
gen 24 offspring [12/100] k= 16 (used  16.0) c=0.839 alpha=-0.283 beta=+0.014 | loss 3.4973 (delta +0.6119) size 450.5 MB sparsity 23.6%
gen 24 offspring [13/100] k= 17 (used  17.0) c=0.870 alpha=-0.297 beta=+0.495 | loss 3.9192 (delta +1.0339) size 437.4 MB sparsity 33.1%
gen 24 offspring [14/100] k=217 (used 217.0) c=0.998 alpha=-0.037 beta=+0.022 | loss 2.8886 (delta +0.0033) size 630.9 MB sparsity 2.6%
gen 24 offspring [15/100] k= 16 (used  16.0) c=0.888 alpha=-0.045 beta=+0.117 | loss 3.4723 (delta +0.5869) size 450.3 MB sparsity 22.8%
gen 24 offspring [16/100] k= 17 (used  17.0) c=0.848 alpha=-0.298 beta=+0.010 | loss 3.3883 (delta +0.5030) size 456.1 MB sparsity 22.7%
gen 24 offspring [17/100] k= 32 (used  32.0) c=0.921 alpha=-0.009 beta=+0.084 | loss 2.9756 (delta +0.0903) size 496.7 MB sparsity 11.4%
gen 24 offspring [18/100] k= 17 (used  17.0) c=0.851 alpha=-0.156 beta=+0.251 | loss 3.2989 (delta +0.4135) size 458.9 MB sparsity 21.1%
gen 24 offspring [19/100] k= 18 (used  18.0) c=0.847 alpha=-0.331 beta=+0.387 | loss 3.7037 (delta +0.8184) size 473.4 MB sparsity 30.4%
gen 24 offspring [20/100] k=195 (used 193.0) c=0.995 alpha=-0.218 beta=+0.252 | loss 3.0425 (delta +0.1572) size 605.0 MB sparsity 19.7%
gen 24 offspring [21/100] k=217 (used 217.0) c=0.989 alpha=-0.022 beta=+0.009 | loss 2.8890 (delta +0.0037) size 630.9 MB sparsity 1.9%
gen 24 offspring [22/100] k= 30 (used  30.0) c=0.870 alpha=-0.240 beta=+0.057 | loss 3.0381 (delta +0.1527) size 496.6 MB sparsity 16.1%
gen 24 offspring [23/100] k= 17 (used  17.0) c=0.858 alpha=-0.297 beta=+0.471 | loss 3.8396 (delta +0.9542) size 438.9 MB sparsity 32.3%
gen 24 offspring [24/100] k= 72 (used  70.6) c=0.996 alpha=-0.246 beta=+0.393 | loss 3.2608 (delta +0.3754) size 548.0 MB sparsity 26.5%
gen 24 offspring [25/100] k= 33 (used  33.0) c=0.995 alpha=-0.210 beta=+0.381 | loss 3.2342 (delta +0.3489) size 485.7 MB sparsity 24.9%
gen 24 offspring [26/100] k= 18 (used  17.0) c=0.992 alpha=-0.253 beta=+0.432 | loss 3.6498 (delta +0.7645) size 442.9 MB sparsity 30.0%
gen 24 offspring [27/100] k=194 (used 192.2) c=0.867 alpha=-0.285 beta=+0.015 | loss 2.9936 (delta +0.1083) size 629.7 MB sparsity 12.8%
gen 24 offspring [28/100] k= 17 (used  17.0) c=0.982 alpha=-0.293 beta=+0.469 | loss 3.8536 (delta +0.9683) size 438.6 MB sparsity 32.4%
gen 24 offspring [29/100] k= 22 (used  21.0) c=0.958 alpha=-0.288 beta=+0.091 | loss 3.2756 (delta +0.3902) size 493.2 MB sparsity 21.3%
gen 24 offspring [30/100] k= 20 (used  19.0) c=0.994 alpha=-0.037 beta=+0.012 | loss 3.2903 (delta +0.4049) size 493.3 MB sparsity 20.1%
gen 24 offspring [31/100] k= 27 (used  27.0) c=0.847 alpha=-0.187 beta=+0.013 | loss 3.0376 (delta +0.1523) size 496.7 MB sparsity 14.4%
gen 24 offspring [32/100] k= 30 (used  30.0) c=0.856 alpha=-0.241 beta=+0.052 | loss 3.0379 (delta +0.1526) size 496.6 MB sparsity 16.0%
gen 24 offspring [33/100] k= 47 (used  47.0) c=0.930 alpha=-0.033 beta=+0.057 | loss 2.9397 (delta +0.0543) size 541.4 MB sparsity 7.6%
gen 24 offspring [34/100] k= 40 (used  40.0) c=0.869 alpha=-0.001 beta=+0.022 | loss 2.9473 (delta +0.0619) size 541.4 MB sparsity 8.6%
gen 24 offspring [35/100] k= 17 (used  17.0) c=0.866 alpha=-0.297 beta=+0.445 | loss 3.7666 (delta +0.8813) size 440.6 MB sparsity 31.3%
gen 24 offspring [36/100] k= 17 (used  17.0) c=0.923 alpha=-0.209 beta=+0.223 | loss 3.3246 (delta +0.4393) size 458.0 MB sparsity 21.6%
gen 24 offspring [37/100] k=109 (used 109.0) c=0.888 alpha=-0.029 beta=+0.005 | loss 2.9080 (delta +0.0226) size 586.1 MB sparsity 3.1%
gen 24 offspring [38/100] k= 33 (used  33.0) c=0.972 alpha=-0.255 beta=+0.451 | loss 3.3873 (delta +0.5020) size 476.1 MB sparsity 29.2%
gen 24 offspring [39/100] k=  3 (used   3.0) c=0.949 alpha=-0.045 beta=+0.394 | loss 16.9243 (delta +14.0390) size 321.0 MB sparsity 92.8%
gen 24 offspring [40/100] k= 16 (used  16.0) c=0.850 alpha=-0.129 beta=+0.011 | loss 3.4050 (delta +0.5196) size 450.7 MB sparsity 21.9%
gen 24 offspring [41/100] k= 17 (used  17.0) c=0.847 alpha=-0.250 beta=+0.432 | loss 3.6199 (delta +0.7346) size 444.4 MB sparsity 29.2%
gen 24 offspring [42/100] k= 62 (used  62.0) c=0.974 alpha=-0.246 beta=+0.005 | loss 2.9807 (delta +0.0953) size 541.4 MB sparsity 13.4%
gen 24 offspring [43/100] k= 16 (used  16.0) c=0.855 alpha=-0.146 beta=+0.469 | loss 3.7164 (delta +0.8310) size 442.5 MB sparsity 30.3%
gen 24 offspring [44/100] k= 16 (used  16.0) c=0.910 alpha=-0.279 beta=+0.026 | loss 3.5792 (delta +0.6938) size 449.7 MB sparsity 24.6%
gen 24 offspring [45/100] k= 29 (used  29.0) c=0.870 alpha=-0.236 beta=+0.255 | loss 3.1423 (delta +0.2569) size 494.3 MB sparsity 21.0%
gen 24 offspring [46/100] k= 21 (used  21.0) c=0.869 alpha=-0.206 beta=+0.365 | loss 3.3399 (delta +0.4546) size 486.1 MB sparsity 24.7%
gen 24 offspring [47/100] k= 47 (used  47.0) c=0.992 alpha=-0.127 beta=+0.045 | loss 2.9324 (delta +0.0470) size 541.4 MB sparsity 9.7%
gen 24 offspring [48/100] k= 17 (used  17.0) c=0.919 alpha=-0.222 beta=+0.404 | loss 3.5595 (delta +0.6741) size 446.9 MB sparsity 27.8%
gen 24 offspring [49/100] k= 33 (used  33.0) c=0.853 alpha=-0.288 beta=+0.462 | loss 3.5373 (delta +0.6520) size 472.4 MB sparsity 30.8%
gen 24 offspring [50/100] k= 82 (used  80.8) c=0.912 alpha=-0.296 beta=+0.508 | loss 3.5761 (delta +0.6907) size 528.4 MB sparsity 32.7%
gen 24 offspring [51/100] k= 17 (used  17.0) c=0.963 alpha=-0.255 beta=+0.432 | loss 3.6627 (delta +0.7774) size 443.2 MB sparsity 29.9%
gen 24 offspring [52/100] k= 33 (used  33.0) c=0.970 alpha=-0.318 beta=+0.124 | loss 3.0892 (delta +0.2038) size 498.0 MB sparsity 19.4%
gen 24 offspring [53/100] k= 65 (used  65.0) c=0.937 alpha=-0.016 beta=+0.086 | loss 2.9124 (delta +0.0270) size 568.4 MB sparsity 6.6%
gen 24 offspring [54/100] k= 16 (used  15.0) c=0.993 alpha=-0.192 beta=+0.434 | loss 3.8429 (delta +0.9575) size 441.3 MB sparsity 30.9%
gen 24 offspring [55/100] k= 17 (used  17.0) c=0.841 alpha=-0.240 beta=+0.440 | loss 3.6265 (delta +0.7412) size 444.5 MB sparsity 29.2%
gen 24 offspring [56/100] k= 30 (used  30.0) c=0.864 alpha=-0.135 beta=+0.318 | loss 3.1104 (delta +0.2250) size 495.8 MB sparsity 19.8%
gen 24 offspring [57/100] k= 17 (used  17.0) c=0.923 alpha=-0.209 beta=+0.317 | loss 3.4202 (delta +0.5348) size 452.7 MB sparsity 24.6%
gen 24 offspring [58/100] k= 17 (used  17.0) c=0.993 alpha=-0.285 beta=+0.523 | loss 4.6791 (delta +1.7938) size 435.7 MB sparsity 34.1%
gen 24 offspring [59/100] k= 92 (used  91.0) c=0.995 alpha=-0.023 beta=+0.004 | loss 2.9002 (delta +0.0148) size 586.1 MB sparsity 4.2%
gen 24 offspring [60/100] k= 33 (used  33.0) c=0.965 alpha=-0.029 beta=+0.022 | loss 2.9701 (delta +0.0847) size 516.3 MB sparsity 11.2%
gen 24 offspring [61/100] k= 14 (used  14.0) c=0.855 alpha=-0.198 beta=+0.476 | loss 3.9466 (delta +1.0612) size 438.7 MB sparsity 32.4%
gen 24 offspring [62/100] k= 32 (used  32.0) c=0.895 alpha=-0.197 beta=+0.350 | loss 3.1781 (delta +0.2928) size 489.6 MB sparsity 23.2%
gen 24 offspring [63/100] k= 32 (used  32.0) c=0.966 alpha=-0.182 beta=+0.006 | loss 3.0082 (delta +0.1229) size 496.7 MB sparsity 14.1%
gen 24 offspring [64/100] k= 40 (used  39.0) c=0.998 alpha=-0.221 beta=+0.384 | loss 3.2617 (delta +0.3764) size 518.2 MB sparsity 25.3%
gen 24 offspring [65/100] k= 23 (used  23.0) c=0.989 alpha=-0.036 beta=+0.012 | loss 3.1113 (delta +0.2259) size 495.9 MB sparsity 16.5%
gen 24 offspring [66/100] k= 16 (used  16.0) c=0.861 alpha=-0.211 beta=+0.138 | loss 3.4270 (delta +0.5416) size 450.6 MB sparsity 22.3%
gen 24 offspring [67/100] k= 17 (used  17.0) c=0.940 alpha=-0.300 beta=+0.056 | loss 3.4517 (delta +0.5663) size 453.9 MB sparsity 23.9%
gen 24 offspring [68/100] k= 17 (used  17.0) c=0.884 alpha=-0.286 beta=+0.231 | loss 3.4593 (delta +0.5739) size 454.4 MB sparsity 23.6%
gen 24 offspring [69/100] k= 17 (used  17.0) c=0.942 alpha=-0.006 beta=+0.019 | loss 3.3520 (delta +0.4666) size 458.5 MB sparsity 21.3%
gen 24 offspring [70/100] k=  6 (used   5.0) c=0.837 alpha=-0.075 beta=+0.319 | loss 13.3341 (delta +10.4488) size 351.8 MB sparsity 62.0%
gen 24 offspring [71/100] k= 17 (used  17.0) c=0.974 alpha=-0.192 beta=+0.443 | loss 3.6377 (delta +0.7523) size 444.1 MB sparsity 29.4%
gen 24 offspring [72/100] k= 24 (used  23.0) c=0.996 alpha=-0.075 beta=+0.462 | loss 3.4936 (delta +0.6083) size 480.7 MB sparsity 27.2%
gen 24 offspring [73/100] k= 29 (used  29.0) c=0.894 alpha=-0.138 beta=+0.213 | loss 3.0284 (delta +0.1430) size 496.7 MB sparsity 15.9%
gen 24 offspring [74/100] k= 35 (used  35.0) c=0.992 alpha=-0.021 beta=+0.422 | loss 3.2766 (delta +0.3913) size 525.2 MB sparsity 22.7%
gen 24 offspring [75/100] k=252 (used 252.0) c=0.948 alpha=-0.001 beta=+0.019 | loss 2.8911 (delta +0.0057) size 630.9 MB sparsity 1.6%
gen 24 offspring [76/100] k=202 (used 202.0) c=0.994 alpha=-0.039 beta=+0.011 | loss 2.8889 (delta +0.0036) size 630.9 MB sparsity 2.6%
gen 24 offspring [77/100] k= 16 (used  16.0) c=0.903 alpha=-0.195 beta=+0.366 | loss 3.5997 (delta +0.7144) size 447.5 MB sparsity 27.4%
gen 24 offspring [78/100] k= 31 (used  31.0) c=0.917 alpha=-0.312 beta=+0.019 | loss 3.0849 (delta +0.1996) size 496.1 MB sparsity 18.8%
gen 24 offspring [79/100] k= 16 (used  15.0) c=0.965 alpha=-0.206 beta=+0.380 | loss 3.7957 (delta +0.9103) size 445.4 MB sparsity 28.7%
gen 24 offspring [80/100] k= 29 (used  29.0) c=0.870 alpha=-0.264 beta=+0.252 | loss 3.1627 (delta +0.2774) size 492.3 MB sparsity 22.0%
gen 24 offspring [81/100] k= 17 (used  17.0) c=0.939 alpha=-0.187 beta=+0.090 | loss 3.3454 (delta +0.4600) size 458.6 MB sparsity 21.3%
gen 24 offspring [82/100] k= 16 (used  15.0) c=0.998 alpha=-0.022 beta=+0.117 | loss 3.6399 (delta +0.7546) size 448.5 MB sparsity 25.4%
gen 24 offspring [83/100] k= 16 (used  16.0) c=0.864 alpha=-0.194 beta=+0.431 | loss 3.6342 (delta +0.7489) size 444.6 MB sparsity 29.1%
gen 24 offspring [84/100] k= 17 (used  17.0) c=0.992 alpha=-0.285 beta=+0.446 | loss 3.7610 (delta +0.8757) size 440.4 MB sparsity 31.4%
gen 24 offspring [85/100] k= 31 (used  31.0) c=0.876 alpha=-0.172 beta=+0.026 | loss 2.9936 (delta +0.1083) size 496.7 MB sparsity 13.1%
gen 24 offspring [86/100] k= 27 (used  27.0) c=0.939 alpha=-0.083 beta=+0.111 | loss 3.0324 (delta +0.1470) size 496.7 MB sparsity 13.4%
gen 24 offspring [87/100] k=  8 (used   7.0) c=0.992 alpha=-0.328 beta=+0.393 | loss 11.4767 (delta +8.5914) size 381.9 MB sparsity 52.2%
gen 24 offspring [88/100] k= 30 (used  30.0) c=0.868 alpha=-0.046 beta=+0.337 | loss 3.1223 (delta +0.2369) size 495.5 MB sparsity 19.8%
gen 24 offspring [89/100] k= 17 (used  17.0) c=0.846 alpha=-0.289 beta=+0.318 | loss 3.5321 (delta +0.6468) size 449.3 MB sparsity 26.5%
gen 24 offspring [90/100] k= 64 (used  64.0) c=0.857 alpha=-0.016 beta=+0.032 | loss 2.9190 (delta +0.0337) size 541.4 MB sparsity 5.2%
gen 24 offspring [91/100] k= 33 (used  33.0) c=0.999 alpha=-0.176 beta=+0.332 | loss 3.1336 (delta +0.2483) size 492.8 MB sparsity 21.7%
gen 24 offspring [92/100] k= 17 (used  17.0) c=0.941 alpha=-0.182 beta=+0.344 | loss 3.4664 (delta +0.5810) size 451.1 MB sparsity 25.5%
gen 24 offspring [93/100] k= 29 (used  29.0) c=0.868 alpha=-0.391 beta=+0.399 | loss 3.5571 (delta +0.6717) size 468.6 MB sparsity 32.5%
gen 24 offspring [94/100] k=201 (used 201.0) c=0.996 alpha=-0.064 beta=+0.013 | loss 2.8895 (delta +0.0041) size 630.9 MB sparsity 3.7%
gen 24 offspring [95/100] k=212 (used 212.0) c=0.866 alpha=-0.037 beta=+0.031 | loss 2.9061 (delta +0.0207) size 630.9 MB sparsity 3.0%
gen 24 offspring [96/100] k= 17 (used  17.0) c=0.973 alpha=-0.376 beta=+0.394 | loss 3.8626 (delta +0.9772) size 438.3 MB sparsity 32.6%
gen 24 offspring [97/100] k= 17 (used  17.0) c=0.939 alpha=-0.220 beta=+0.214 | loss 3.3436 (delta +0.4583) size 457.5 MB sparsity 21.9%
gen 24 offspring [98/100] k= 30 (used  29.0) c=0.996 alpha=-0.247 beta=+0.337 | loss 3.2807 (delta +0.3953) size 486.0 MB sparsity 24.7%
gen 24 offspring [99/100] k= 16 (used  16.0) c=0.857 alpha=-0.219 beta=+0.135 | loss 3.4133 (delta +0.5280) size 450.6 MB sparsity 22.3%
gen 24 offspring [100/100] k= 35 (used  35.0) c=0.953 alpha=-0.021 beta=+0.117 | loss 2.9680 (delta +0.0826) size 541.4 MB sparsity 10.9%
=== generation 24/50 done in 448s (0 reused), batch baseline 2.8854, HV 0.22460, front 100 points, 100/100 feasible, best delta loss +0.0018, smallest 438.2 MB
gen 25 offspring [1/100] k= 18 (used  17.0) c=0.958 alpha=-0.035 beta=+0.108 | loss 3.4049 (delta +0.5196) size 457.9 MB sparsity 21.6%
gen 25 offspring [2/100] k= 17 (used  17.0) c=0.995 alpha=-0.191 beta=+0.433 | loss 3.6184 (delta +0.7331) size 444.3 MB sparsity 29.2%
gen 25 offspring [3/100] k= 26 (used  26.0) c=0.911 alpha=-0.139 beta=+0.111 | loss 3.0488 (delta +0.1635) size 496.6 MB sparsity 14.2%
gen 25 offspring [4/100] k= 67 (used  67.0) c=0.923 alpha=-0.016 beta=+0.086 | loss 2.9130 (delta +0.0276) size 586.1 MB sparsity 6.5%
gen 25 offspring [5/100] k=213 (used 212.0) c=0.996 alpha=-0.209 beta=+0.013 | loss 2.9298 (delta +0.0444) size 630.9 MB sparsity 9.7%
gen 25 offspring [6/100] k= 32 (used  32.0) c=0.903 alpha=-0.197 beta=+0.350 | loss 3.1713 (delta +0.2859) size 489.6 MB sparsity 23.2%
gen 25 offspring [7/100] k= 18 (used  17.0) c=0.981 alpha=-0.255 beta=+0.432 | loss 3.6736 (delta +0.7882) size 443.0 MB sparsity 30.0%
gen 25 offspring [8/100] k= 35 (used  35.0) c=0.970 alpha=-0.021 beta=+0.079 | loss 2.9727 (delta +0.0874) size 541.4 MB sparsity 10.6%
gen 25 offspring [9/100] k= 30 (used  29.0) c=0.988 alpha=-0.076 beta=+0.152 | loss 3.0183 (delta +0.1330) size 496.7 MB sparsity 13.8%
gen 25 offspring [10/100] k= 31 (used  31.0) c=0.870 alpha=-0.218 beta=+0.259 | loss 3.1423 (delta +0.2570) size 495.4 MB sparsity 20.4%
gen 25 offspring [11/100] k= 29 (used  29.0) c=0.868 alpha=-0.247 beta=+0.314 | loss 3.2113 (delta +0.3260) size 488.3 MB sparsity 23.7%
gen 25 offspring [12/100] k= 16 (used  15.0) c=0.973 alpha=-0.376 beta=+0.394 | loss 4.0080 (delta +1.1227) size 437.5 MB sparsity 33.1%
gen 25 offspring [13/100] k= 14 (used  13.0) c=0.992 alpha=-0.252 beta=+0.446 | loss 4.4003 (delta +1.5149) size 436.7 MB sparsity 33.5%
gen 25 offspring [14/100] k= 31 (used  31.0) c=0.941 alpha=-0.042 beta=+0.016 | loss 2.9849 (delta +0.0995) size 496.7 MB sparsity 11.7%
gen 25 offspring [15/100] k= 33 (used  33.0) c=0.968 alpha=-0.029 beta=+0.022 | loss 2.9744 (delta +0.0890) size 516.2 MB sparsity 11.3%
gen 25 offspring [16/100] k= 17 (used  17.0) c=0.970 alpha=-0.288 beta=+0.441 | loss 3.7371 (delta +0.8517) size 440.8 MB sparsity 31.2%
gen 25 offspring [17/100] k= 17 (used  17.0) c=0.923 alpha=-0.209 beta=+0.159 | loss 3.3284 (delta +0.4430) size 458.8 MB sparsity 21.1%
gen 25 offspring [18/100] k= 32 (used  32.0) c=0.903 alpha=-0.003 beta=+0.084 | loss 2.9738 (delta +0.0885) size 496.7 MB sparsity 11.2%
gen 25 offspring [19/100] k= 18 (used  17.0) c=0.992 alpha=-0.253 beta=+0.465 | loss 3.7298 (delta +0.8445) size 440.9 MB sparsity 31.2%
gen 25 offspring [20/100] k= 17 (used  17.0) c=0.847 alpha=-0.058 beta=+0.282 | loss 3.3284 (delta +0.4431) size 457.1 MB sparsity 22.1%
gen 25 offspring [21/100] k= 17 (used  17.0) c=0.851 alpha=-0.206 beta=+0.251 | loss 3.3058 (delta +0.4205) size 458.1 MB sparsity 21.6%
gen 25 offspring [22/100] k= 19 (used  19.0) c=0.941 alpha=-0.217 beta=+0.111 | loss 3.2308 (delta +0.3455) size 494.0 MB sparsity 19.9%
gen 25 offspring [23/100] k= 17 (used  17.0) c=0.839 alpha=-0.042 beta=+0.008 | loss 3.2888 (delta +0.4035) size 462.5 MB sparsity 19.1%
gen 25 offspring [24/100] k= 17 (used  17.0) c=0.969 alpha=-0.253 beta=+0.444 | loss 3.6781 (delta +0.7928) size 442.4 MB sparsity 30.3%
gen 25 offspring [25/100] k=212 (used 209.3) c=0.998 alpha=-0.287 beta=+0.034 | loss 2.9818 (delta +0.0964) size 627.4 MB sparsity 13.5%
gen 25 offspring [26/100] k= 11 (used  11.0) c=0.858 alpha=-0.163 beta=+0.251 | loss 4.2469 (delta +1.3615) size 442.8 MB sparsity 30.1%
gen 25 offspring [27/100] k= 32 (used  32.0) c=0.901 alpha=-0.009 beta=+0.009 | loss 2.9759 (delta +0.0905) size 496.7 MB sparsity 11.2%
gen 25 offspring [28/100] k= 17 (used  17.0) c=0.998 alpha=-0.172 beta=+0.432 | loss 3.6203 (delta +0.7349) size 444.3 MB sparsity 29.2%
gen 25 offspring [29/100] k= 16 (used  16.0) c=0.857 alpha=-0.032 beta=+0.024 | loss 3.4240 (delta +0.5387) size 450.6 MB sparsity 22.1%
gen 25 offspring [30/100] k= 18 (used  18.0) c=0.856 alpha=-0.021 beta=+0.308 | loss 3.3592 (delta +0.4738) size 489.6 MB sparsity 23.1%
gen 25 offspring [31/100] k= 11 (used  11.0) c=0.853 alpha=-0.331 beta=+0.557 | loss 15.1707 (delta +12.2853) size 428.2 MB sparsity 38.3%
gen 25 offspring [32/100] k= 22 (used  22.0) c=0.862 alpha=-0.238 beta=+0.471 | loss 3.5602 (delta +0.6748) size 475.0 MB sparsity 29.7%
gen 25 offspring [33/100] k= 17 (used  17.0) c=0.974 alpha=-0.235 beta=+0.014 | loss 3.4111 (delta +0.5258) size 456.4 MB sparsity 22.5%
gen 25 offspring [34/100] k= 17 (used  17.0) c=0.921 alpha=-0.276 beta=+0.073 | loss 3.4281 (delta +0.5428) size 455.8 MB sparsity 22.9%
gen 25 offspring [35/100] k=179 (used 179.0) c=0.996 alpha=-0.064 beta=+0.013 | loss 2.8923 (delta +0.0070) size 630.9 MB sparsity 3.8%
gen 25 offspring [36/100] k= 33 (used  33.0) c=0.964 alpha=-0.035 beta=+0.381 | loss 3.1804 (delta +0.2951) size 493.7 MB sparsity 21.3%
gen 25 offspring [37/100] k= 77 (used  76.9) c=0.992 alpha=-0.247 beta=+0.031 | loss 2.9647 (delta +0.0794) size 586.0 MB sparsity 12.8%
gen 25 offspring [38/100] k= 17 (used  17.0) c=0.884 alpha=-0.297 beta=+0.133 | loss 3.4520 (delta +0.5667) size 455.4 MB sparsity 23.1%
gen 25 offspring [39/100] k= 18 (used  18.0) c=0.904 alpha=-0.298 beta=+0.481 | loss 3.8801 (delta +0.9947) size 468.1 MB sparsity 32.8%
gen 25 offspring [40/100] k= 16 (used  16.0) c=0.869 alpha=-0.206 beta=+0.126 | loss 3.4293 (delta +0.5440) size 450.5 MB sparsity 22.4%
gen 25 offspring [41/100] k= 17 (used  17.0) c=0.954 alpha=-0.376 beta=+0.398 | loss 3.9082 (delta +1.0228) size 438.1 MB sparsity 32.7%
gen 25 offspring [42/100] k= 17 (used  17.0) c=0.971 alpha=-0.204 beta=+0.432 | loss 3.5942 (delta +0.7088) size 444.8 MB sparsity 29.0%
gen 25 offspring [43/100] k= 17 (used  17.0) c=0.970 alpha=-0.286 beta=+0.531 | loss 4.7545 (delta +1.8692) size 435.3 MB sparsity 34.3%
gen 25 offspring [44/100] k= 31 (used  31.0) c=0.960 alpha=-0.045 beta=+0.022 | loss 2.9878 (delta +0.1024) size 496.7 MB sparsity 11.9%
gen 25 offspring [45/100] k= 51 (used  51.0) c=0.995 alpha=-0.023 beta=+0.004 | loss 2.9482 (delta +0.0628) size 541.4 MB sparsity 7.5%
gen 25 offspring [46/100] k= 33 (used  33.0) c=0.995 alpha=-0.362 beta=+0.434 | loss 3.5610 (delta +0.6756) size 468.2 MB sparsity 32.7%
gen 25 offspring [47/100] k= 33 (used  33.0) c=0.995 alpha=-0.174 beta=+0.384 | loss 3.2053 (delta +0.3200) size 488.5 MB sparsity 23.6%
gen 25 offspring [48/100] k= 33 (used  33.0) c=0.996 alpha=-0.218 beta=+0.398 | loss 3.2676 (delta +0.3822) size 483.6 MB sparsity 25.8%
gen 25 offspring [49/100] k= 64 (used  64.0) c=0.942 alpha=-0.000 beta=+0.012 | loss 2.9149 (delta +0.0296) size 541.4 MB sparsity 5.7%
gen 25 offspring [50/100] k= 15 (used  15.0) c=0.937 alpha=-0.302 beta=+0.410 | loss 3.8249 (delta +0.9396) size 441.1 MB sparsity 31.0%
gen 25 offspring [51/100] k=  8 (used   8.0) c=0.848 alpha=-0.063 beta=+0.121 | loss 10.0228 (delta +7.1374) size 390.1 MB sparsity 46.1%
gen 25 offspring [52/100] k=  7 (used   7.0) c=0.984 alpha=-0.285 beta=+0.434 | loss 11.0127 (delta +8.1274) size 382.4 MB sparsity 51.9%
gen 25 offspring [53/100] k= 31 (used  31.0) c=0.999 alpha=-0.095 beta=+0.364 | loss 3.1740 (delta +0.2887) size 493.6 MB sparsity 21.3%
gen 25 offspring [54/100] k= 31 (used  31.0) c=0.937 alpha=-0.187 beta=+0.379 | loss 3.2121 (delta +0.3267) size 487.8 MB sparsity 24.0%
gen 25 offspring [55/100] k= 16 (used  16.0) c=0.855 alpha=-0.190 beta=+0.376 | loss 3.5337 (delta +0.6483) size 448.0 MB sparsity 27.0%
gen 25 offspring [56/100] k= 23 (used  23.0) c=0.870 alpha=-0.239 beta=+0.051 | loss 3.1296 (delta +0.2443) size 496.1 MB sparsity 17.8%
gen 25 offspring [57/100] k= 93 (used  93.0) c=0.996 alpha=-0.086 beta=+0.030 | loss 2.9004 (delta +0.0150) size 586.1 MB sparsity 5.8%
gen 25 offspring [58/100] k= 19 (used  19.0) c=0.989 alpha=-0.218 beta=+0.398 | loss 3.5184 (delta +0.6330) size 480.5 MB sparsity 27.2%
gen 25 offspring [59/100] k= 17 (used  17.0) c=0.884 alpha=-0.318 beta=+0.470 | loss 3.9437 (delta +1.0584) size 437.6 MB sparsity 33.0%
gen 25 offspring [60/100] k= 17 (used  17.0) c=0.973 alpha=-0.286 beta=+0.443 | loss 3.7571 (delta +0.8717) size 440.7 MB sparsity 31.3%
gen 25 offspring [61/100] k=103 (used 102.3) c=0.997 alpha=-0.179 beta=+0.346 | loss 3.0908 (delta +0.2054) size 562.3 MB sparsity 21.9%
gen 25 offspring [62/100] k=216 (used 216.0) c=0.995 alpha=-0.037 beta=+0.012 | loss 2.8876 (delta +0.0022) size 630.9 MB sparsity 2.5%
gen 25 offspring [63/100] k= 17 (used  17.0) c=0.861 alpha=-0.297 beta=+0.471 | loss 3.8134 (delta +0.9281) size 438.9 MB sparsity 32.3%
gen 25 offspring [64/100] k= 17 (used  17.0) c=0.847 alpha=-0.298 beta=+0.433 | loss 3.7175 (delta +0.8321) size 441.3 MB sparsity 30.9%
gen 25 offspring [65/100] k= 31 (used  31.0) c=0.939 alpha=-0.325 beta=+0.020 | loss 3.1047 (delta +0.2193) size 495.7 MB sparsity 19.4%
gen 25 offspring [66/100] k= 16 (used  16.0) c=0.878 alpha=-0.156 beta=+0.344 | loss 3.5572 (delta +0.6718) size 448.8 MB sparsity 26.2%
gen 25 offspring [67/100] k= 65 (used  65.0) c=0.863 alpha=-0.001 beta=+0.019 | loss 2.9235 (delta +0.0382) size 572.5 MB sparsity 5.1%
gen 25 offspring [68/100] k=212 (used 205.8) c=0.998 alpha=-0.326 beta=+0.444 | loss 3.4542 (delta +0.5688) size 562.6 MB sparsity 31.6%
gen 25 offspring [69/100] k= 18 (used  18.0) c=0.846 alpha=-0.211 beta=+0.317 | loss 3.3693 (delta +0.4840) size 487.8 MB sparsity 24.0%
gen 25 offspring [70/100] k= 17 (used  17.0) c=0.872 alpha=-0.223 beta=+0.065 | loss 3.3192 (delta +0.4338) size 459.9 MB sparsity 20.6%
gen 25 offspring [71/100] k= 31 (used  31.0) c=0.850 alpha=-0.156 beta=+0.010 | loss 3.0003 (delta +0.1150) size 496.7 MB sparsity 12.3%
gen 25 offspring [72/100] k= 17 (used  17.0) c=0.884 alpha=-0.191 beta=+0.397 | loss 3.5269 (delta +0.6415) size 448.8 MB sparsity 26.8%
gen 25 offspring [73/100] k= 27 (used  27.0) c=0.974 alpha=-0.192 beta=+0.443 | loss 3.4014 (delta +0.5161) size 481.5 MB sparsity 26.8%
gen 25 offspring [74/100] k=212 (used 206.1) c=0.995 alpha=-0.462 beta=+0.390 | loss 3.7134 (delta +0.8280) size 551.3 MB sparsity 34.7%
gen 25 offspring [75/100] k= 16 (used  15.0) c=0.959 alpha=-0.102 beta=+0.047 | loss 3.6195 (delta +0.7341) size 449.2 MB sparsity 24.5%
gen 25 offspring [76/100] k= 34 (used  33.0) c=0.970 alpha=-0.081 beta=+0.095 | loss 2.9720 (delta +0.0867) size 516.2 MB sparsity 11.3%
gen 25 offspring [77/100] k= 11 (used  11.0) c=0.965 alpha=-0.182 beta=+0.373 | loss 4.9304 (delta +2.0450) size 435.5 MB sparsity 34.2%
gen 25 offspring [78/100] k= 18 (used  18.0) c=0.937 alpha=-0.325 beta=+0.013 | loss 3.4954 (delta +0.6101) size 486.1 MB sparsity 24.7%
gen 25 offspring [79/100] k=109 (used 107.9) c=0.997 alpha=-0.045 beta=+0.439 | loss 3.4029 (delta +0.5176) size 568.3 MB sparsity 20.0%
gen 25 offspring [80/100] k= 16 (used  16.0) c=0.859 alpha=-0.213 beta=+0.217 | loss 3.4307 (delta +0.5454) size 450.6 MB sparsity 22.5%
gen 25 offspring [81/100] k= 17 (used  17.0) c=0.851 alpha=-0.211 beta=+0.321 | loss 3.3893 (delta +0.5040) size 453.5 MB sparsity 24.1%
gen 25 offspring [82/100] k= 33 (used  33.0) c=0.999 alpha=-0.215 beta=+0.029 | loss 3.0155 (delta +0.1301) size 507.5 MB sparsity 15.1%
gen 25 offspring [83/100] k= 12 (used  12.0) c=0.883 alpha=-0.000 beta=+0.373 | loss 4.2761 (delta +1.3908) size 438.8 MB sparsity 32.3%
gen 25 offspring [84/100] k= 66 (used  65.6) c=0.941 alpha=-0.060 beta=+0.440 | loss 3.3741 (delta +0.4887) size 563.0 MB sparsity 20.9%
gen 25 offspring [85/100] k= 31 (used  31.0) c=0.847 alpha=-0.196 beta=+0.350 | loss 3.2223 (delta +0.3370) size 489.8 MB sparsity 23.1%
gen 25 offspring [86/100] k=  8 (used   7.0) c=0.973 alpha=-0.063 beta=+0.124 | loss 11.1575 (delta +8.2722) size 382.9 MB sparsity 51.4%
gen 25 offspring [87/100] k= 16 (used  16.0) c=0.857 alpha=-0.153 beta=+0.067 | loss 3.4138 (delta +0.5284) size 450.6 MB sparsity 22.1%
gen 25 offspring [88/100] k= 30 (used  29.0) c=0.989 alpha=-0.060 beta=+0.144 | loss 3.0181 (delta +0.1327) size 496.7 MB sparsity 13.6%
gen 25 offspring [89/100] k= 33 (used  33.0) c=0.998 alpha=-0.312 beta=+0.384 | loss 3.3961 (delta +0.5108) size 476.6 MB sparsity 29.0%
gen 25 offspring [90/100] k= 16 (used  16.0) c=0.832 alpha=-0.208 beta=+0.157 | loss 3.4612 (delta +0.5759) size 450.9 MB sparsity 21.6%
gen 25 offspring [91/100] k= 17 (used  17.0) c=0.850 alpha=-0.208 beta=+0.121 | loss 3.2832 (delta +0.3979) size 461.1 MB sparsity 19.9%
gen 25 offspring [92/100] k=145 (used 144.9) c=0.924 alpha=-0.067 beta=+0.131 | loss 2.9060 (delta +0.0207) size 630.9 MB sparsity 8.4%
gen 25 offspring [93/100] k= 13 (used  13.0) c=0.993 alpha=-0.174 beta=+0.384 | loss 4.3563 (delta +1.4710) size 440.2 MB sparsity 31.5%
gen 25 offspring [94/100] k= 20 (used  19.0) c=0.968 alpha=-0.209 beta=+0.429 | loss 3.5157 (delta +0.6304) size 478.8 MB sparsity 28.0%
gen 25 offspring [95/100] k= 65 (used  65.0) c=0.998 alpha=-0.016 beta=+0.086 | loss 2.9178 (delta +0.0324) size 567.8 MB sparsity 6.8%
gen 25 offspring [96/100] k= 17 (used  17.0) c=0.956 alpha=-0.192 beta=+0.443 | loss 3.6678 (delta +0.7825) size 444.5 MB sparsity 29.2%
gen 25 offspring [97/100] k= 17 (used  17.0) c=0.828 alpha=-0.299 beta=+0.465 | loss 3.8282 (delta +0.9429) size 439.3 MB sparsity 32.1%
gen 25 offspring [98/100] k= 17 (used  17.0) c=0.933 alpha=-0.314 beta=+0.226 | loss 3.4822 (delta +0.5968) size 452.2 MB sparsity 24.8%
gen 25 offspring [99/100] k= 17 (used  17.0) c=0.930 alpha=-0.192 beta=+0.433 | loss 3.5805 (delta +0.6952) size 445.6 MB sparsity 28.5%
gen 25 offspring [100/100] k= 17 (used  17.0) c=0.913 alpha=-0.221 beta=+0.410 | loss 3.5789 (delta +0.6936) size 446.6 MB sparsity 28.0%
=== generation 25/50 done in 448s (0 reused), batch baseline 2.8854, HV 0.22469, front 100 points, 100/100 feasible, best delta loss +0.0018, smallest 438.2 MB
gen 26 offspring [1/100] k= 64 (used  64.0) c=0.942 alpha=-0.005 beta=+0.009 | loss 2.9152 (delta +0.0298) size 541.4 MB sparsity 5.7%
gen 26 offspring [2/100] k= 17 (used  17.0) c=0.867 alpha=-0.208 beta=+0.117 | loss 3.3068 (delta +0.4215) size 460.6 MB sparsity 20.1%
gen 26 offspring [3/100] k= 16 (used  16.0) c=0.857 alpha=-0.156 beta=+0.074 | loss 3.4138 (delta +0.5284) size 450.6 MB sparsity 22.1%
gen 26 offspring [4/100] k= 33 (used  33.0) c=0.992 alpha=-0.189 beta=+0.432 | loss 3.2922 (delta +0.4069) size 483.2 MB sparsity 26.0%
gen 26 offspring [5/100] k= 15 (used  15.0) c=0.970 alpha=-0.328 beta=+0.432 | loss 3.9729 (delta +1.0875) size 438.0 MB sparsity 32.8%
gen 26 offspring [6/100] k=  5 (used   5.0) c=0.884 alpha=-0.297 beta=+0.436 | loss 13.3114 (delta +10.4261) size 349.7 MB sparsity 64.3%
gen 26 offspring [7/100] k= 38 (used  37.0) c=0.973 alpha=-0.018 beta=+0.015 | loss 2.9587 (delta +0.0734) size 541.4 MB sparsity 10.1%
gen 26 offspring [8/100] k= 33 (used  33.0) c=0.857 alpha=-0.279 beta=+0.109 | loss 3.0730 (delta +0.1876) size 503.1 MB sparsity 17.1%
gen 26 offspring [9/100] k= 33 (used  33.0) c=0.999 alpha=-0.222 beta=+0.387 | loss 3.2576 (delta +0.3722) size 484.2 MB sparsity 25.6%
gen 26 offspring [10/100] k= 17 (used  17.0) c=0.973 alpha=-0.369 beta=+0.394 | loss 3.8542 (delta +0.9689) size 438.7 MB sparsity 32.4%
gen 26 offspring [11/100] k= 17 (used  17.0) c=0.990 alpha=-0.269 beta=+0.410 | loss 3.6806 (delta +0.7952) size 443.6 MB sparsity 29.6%
gen 26 offspring [12/100] k= 17 (used  17.0) c=0.848 alpha=-0.212 beta=+0.042 | loss 3.2782 (delta +0.3928) size 461.1 MB sparsity 19.9%
gen 26 offspring [13/100] k=  8 (used   8.0) c=0.848 alpha=-0.060 beta=+0.444 | loss 9.9022 (delta +7.0168) size 390.0 MB sparsity 46.1%
gen 26 offspring [14/100] k= 17 (used  17.0) c=0.924 alpha=-0.217 beta=+0.036 | loss 3.3309 (delta +0.4455) size 458.6 MB sparsity 21.3%
gen 26 offspring [15/100] k=230 (used 230.0) c=0.903 alpha=-0.003 beta=+0.013 | loss 2.8949 (delta +0.0095) size 630.9 MB sparsity 1.5%
gen 26 offspring [16/100] k= 18 (used  17.0) c=0.973 alpha=-0.063 beta=+0.429 | loss 3.6029 (delta +0.7176) size 445.0 MB sparsity 28.9%
gen 26 offspring [17/100] k= 15 (used  15.0) c=0.870 alpha=-0.195 beta=+0.441 | loss 3.6635 (delta +0.7781) size 443.8 MB sparsity 29.5%
gen 26 offspring [18/100] k= 17 (used  17.0) c=0.973 alpha=-0.297 beta=+0.443 | loss 3.7778 (delta +0.8925) size 440.0 MB sparsity 31.7%
gen 26 offspring [19/100] k=105 (used 105.0) c=0.998 alpha=-0.133 beta=+0.004 | loss 2.9079 (delta +0.0225) size 586.1 MB sparsity 7.5%
gen 26 offspring [20/100] k= 17 (used  17.0) c=0.855 alpha=-0.190 beta=+0.376 | loss 3.4590 (delta +0.5736) size 450.6 MB sparsity 25.7%
gen 26 offspring [21/100] k= 24 (used  24.0) c=0.829 alpha=-0.200 beta=+0.215 | loss 3.1623 (delta +0.2769) size 496.1 MB sparsity 18.5%
gen 26 offspring [22/100] k= 31 (used  31.0) c=0.851 alpha=-0.156 beta=+0.020 | loss 3.0001 (delta +0.1147) size 496.7 MB sparsity 12.3%
gen 26 offspring [23/100] k=215 (used 214.1) c=0.995 alpha=-0.036 beta=+0.203 | loss 2.9266 (delta +0.0412) size 630.9 MB sparsity 10.2%
gen 26 offspring [24/100] k= 33 (used  33.0) c=0.917 alpha=-0.174 beta=+0.384 | loss 3.2066 (delta +0.3212) size 488.7 MB sparsity 23.5%
gen 26 offspring [25/100] k= 65 (used  65.0) c=0.943 alpha=-0.001 beta=+0.019 | loss 2.9110 (delta +0.0256) size 571.2 MB sparsity 5.5%
gen 26 offspring [26/100] k= 30 (used  30.0) c=0.873 alpha=-0.356 beta=+0.446 | loss 3.5813 (delta +0.6960) size 467.8 MB sparsity 32.9%
gen 26 offspring [27/100] k= 17 (used  17.0) c=1.000 alpha=-0.210 beta=+0.432 | loss 3.6166 (delta +0.7312) size 444.2 MB sparsity 29.3%
gen 26 offspring [28/100] k= 17 (used  17.0) c=0.966 alpha=-0.332 beta=+0.473 | loss 3.9452 (delta +1.0599) size 436.1 MB sparsity 33.8%
gen 26 offspring [29/100] k= 17 (used  17.0) c=0.858 alpha=-0.297 beta=+0.471 | loss 3.8401 (delta +0.9547) size 438.9 MB sparsity 32.3%
gen 26 offspring [30/100] k= 33 (used  33.0) c=0.939 alpha=-0.083 beta=+0.086 | loss 2.9757 (delta +0.0903) size 516.9 MB sparsity 10.9%
gen 26 offspring [31/100] k= 17 (used  17.0) c=0.980 alpha=-0.204 beta=+0.432 | loss 3.6107 (delta +0.7253) size 444.6 MB sparsity 29.1%
gen 26 offspring [32/100] k= 17 (used  17.0) c=0.834 alpha=-0.056 beta=+0.121 | loss 3.2882 (delta +0.4029) size 462.7 MB sparsity 19.0%
gen 26 offspring [33/100] k= 32 (used  32.0) c=0.907 alpha=-0.197 beta=+0.297 | loss 3.1204 (delta +0.2351) size 494.1 MB sparsity 21.1%
gen 26 offspring [34/100] k=236 (used 233.8) c=0.940 alpha=-0.295 beta=+0.012 | loss 2.9906 (delta +0.1052) size 628.8 MB sparsity 13.1%
gen 26 offspring [35/100] k= 17 (used  17.0) c=0.850 alpha=-0.208 beta=+0.121 | loss 3.2829 (delta +0.3976) size 461.1 MB sparsity 19.9%
gen 26 offspring [36/100] k= 65 (used  65.0) c=0.941 alpha=-0.016 beta=+0.086 | loss 2.9116 (delta +0.0262) size 568.4 MB sparsity 6.6%
gen 26 offspring [37/100] k= 33 (used  33.0) c=0.998 alpha=-0.218 beta=+0.270 | loss 3.1201 (delta +0.2348) size 494.6 MB sparsity 20.9%
gen 26 offspring [38/100] k= 64 (used  64.0) c=0.949 alpha=-0.063 beta=+0.129 | loss 2.9227 (delta +0.0374) size 541.4 MB sparsity 8.7%
gen 26 offspring [39/100] k= 33 (used  33.0) c=0.920 alpha=-0.156 beta=+0.011 | loss 2.9787 (delta +0.0933) size 513.7 MB sparsity 12.4%
gen 26 offspring [40/100] k= 33 (used  33.0) c=0.845 alpha=-0.057 beta=+0.282 | loss 3.0713 (delta +0.1860) size 503.8 MB sparsity 16.8%
gen 26 offspring [41/100] k= 31 (used  31.0) c=0.929 alpha=-0.184 beta=+0.433 | loss 3.2921 (delta +0.4067) size 483.6 MB sparsity 25.8%
gen 26 offspring [42/100] k=107 (used 107.0) c=0.998 alpha=-0.039 beta=+0.004 | loss 2.8957 (delta +0.0103) size 586.1 MB sparsity 3.7%
gen 26 offspring [43/100] k= 31 (used  31.0) c=0.844 alpha=-0.132 beta=+0.353 | loss 3.1780 (delta +0.2927) size 494.7 MB sparsity 20.8%
gen 26 offspring [44/100] k= 17 (used  17.0) c=0.869 alpha=-0.111 beta=+0.479 | loss 11.1816 (delta +8.2962) size 444.0 MB sparsity 29.4%
gen 26 offspring [45/100] k= 30 (used  30.0) c=0.851 alpha=-0.347 beta=+0.059 | loss 3.1286 (delta +0.2432) size 495.3 MB sparsity 20.1%
gen 26 offspring [46/100] k= 17 (used  17.0) c=0.894 alpha=-0.209 beta=+0.245 | loss 3.3582 (delta +0.4728) size 457.6 MB sparsity 21.9%
gen 26 offspring [47/100] k=  7 (used   7.0) c=0.933 alpha=-0.221 beta=+0.273 | loss 9.4121 (delta +6.5268) size 385.2 MB sparsity 49.8%
gen 26 offspring [48/100] k= 66 (used  66.0) c=0.938 alpha=-0.008 beta=+0.086 | loss 2.9108 (delta +0.0255) size 586.1 MB sparsity 6.6%
gen 26 offspring [49/100] k= 38 (used  37.0) c=0.992 alpha=-0.253 beta=+0.432 | loss 3.3787 (delta +0.4934) size 509.9 MB sparsity 28.4%
gen 26 offspring [50/100] k= 37 (used  37.0) c=0.951 alpha=-0.112 beta=+0.093 | loss 2.9592 (delta +0.0739) size 541.4 MB sparsity 10.4%
gen 26 offspring [51/100] k= 16 (used  15.0) c=0.979 alpha=-0.029 beta=+0.119 | loss 3.6496 (delta +0.7642) size 448.8 MB sparsity 25.0%
gen 26 offspring [52/100] k= 32 (used  32.0) c=0.920 alpha=-0.135 beta=+0.286 | loss 3.0692 (delta +0.1838) size 496.3 MB sparsity 18.5%
gen 26 offspring [53/100] k= 19 (used  19.0) c=0.993 alpha=-0.158 beta=+0.433 | loss 3.5556 (delta +0.6703) size 478.9 MB sparsity 27.9%
gen 26 offspring [54/100] k= 27 (used  27.0) c=0.941 alpha=-0.148 beta=+0.465 | loss 4.2119 (delta +1.3266) size 483.0 MB sparsity 26.1%
gen 26 offspring [55/100] k= 16 (used  16.0) c=0.851 alpha=-0.189 beta=+0.321 | loss 3.4867 (delta +0.6014) size 449.7 MB sparsity 25.1%
gen 26 offspring [56/100] k= 16 (used  16.0) c=0.869 alpha=-0.206 beta=+0.234 | loss 3.4338 (delta +0.5485) size 450.5 MB sparsity 22.9%
gen 26 offspring [57/100] k= 17 (used  17.0) c=0.968 alpha=-0.251 beta=+0.282 | loss 3.4478 (delta +0.5625) size 452.6 MB sparsity 24.6%
gen 26 offspring [58/100] k= 43 (used  43.0) c=0.861 alpha=-0.067 beta=+0.131 | loss 2.9613 (delta +0.0759) size 541.4 MB sparsity 9.6%
gen 26 offspring [59/100] k= 41 (used  41.0) c=0.995 alpha=-0.037 beta=+0.060 | loss 2.9391 (delta +0.0538) size 541.4 MB sparsity 9.3%
gen 26 offspring [60/100] k= 32 (used  32.0) c=0.847 alpha=-0.263 beta=+0.136 | loss 3.0862 (delta +0.2008) size 496.6 MB sparsity 17.4%
gen 26 offspring [61/100] k= 17 (used  17.0) c=0.971 alpha=-0.094 beta=+0.086 | loss 3.3828 (delta +0.4974) size 457.5 MB sparsity 21.9%
gen 26 offspring [62/100] k= 17 (used  17.0) c=0.853 alpha=-0.287 beta=+0.451 | loss 3.7566 (delta +0.8713) size 440.9 MB sparsity 31.2%
gen 26 offspring [63/100] k= 43 (used  43.0) c=0.984 alpha=-0.060 beta=+0.144 | loss 2.9498 (delta +0.0645) size 541.4 MB sparsity 10.8%
gen 26 offspring [64/100] k= 15 (used  15.0) c=0.924 alpha=-0.194 beta=+0.403 | loss 3.7153 (delta +0.8299) size 445.0 MB sparsity 28.9%
gen 26 offspring [65/100] k= 59 (used  59.0) c=0.912 alpha=-0.010 beta=+0.004 | loss 2.9292 (delta +0.0439) size 541.4 MB sparsity 5.9%
gen 26 offspring [66/100] k=  3 (used   3.0) c=0.951 alpha=-0.109 beta=+0.309 | loss 16.6620 (delta +13.7766) size 320.9 MB sparsity 92.9%
gen 26 offspring [67/100] k= 29 (used  29.0) c=0.903 alpha=-0.003 beta=+0.007 | loss 2.9967 (delta +0.1113) size 496.7 MB sparsity 12.0%
gen 26 offspring [68/100] k= 57 (used  57.0) c=0.999 alpha=-0.067 beta=+0.131 | loss 2.9259 (delta +0.0405) size 541.4 MB sparsity 9.2%
gen 26 offspring [69/100] k= 18 (used  17.0) c=0.992 alpha=-0.253 beta=+0.445 | loss 3.6889 (delta +0.8036) size 442.1 MB sparsity 30.5%
gen 26 offspring [70/100] k= 16 (used  16.0) c=0.866 alpha=-0.297 beta=+0.042 | loss 3.5045 (delta +0.6191) size 450.0 MB sparsity 24.5%
gen 26 offspring [71/100] k= 33 (used  33.0) c=0.995 alpha=-0.192 beta=+0.382 | loss 3.2177 (delta +0.3324) size 487.2 MB sparsity 24.2%
gen 26 offspring [72/100] k= 33 (used  33.0) c=0.847 alpha=-0.180 beta=+0.345 | loss 3.1925 (delta +0.3072) size 491.7 MB sparsity 22.2%
gen 26 offspring [73/100] k= 17 (used  17.0) c=0.885 alpha=-0.172 beta=+0.382 | loss 3.4965 (delta +0.6111) size 449.8 MB sparsity 26.2%
gen 26 offspring [74/100] k= 14 (used  14.0) c=0.878 alpha=-0.064 beta=+0.437 | loss 3.8825 (delta +0.9971) size 440.5 MB sparsity 31.4%
gen 26 offspring [75/100] k= 35 (used  35.0) c=0.986 alpha=-0.016 beta=+0.090 | loss 2.9698 (delta +0.0844) size 541.4 MB sparsity 10.8%
gen 26 offspring [76/100] k= 39 (used  39.0) c=0.935 alpha=-0.102 beta=+0.286 | loss 3.0374 (delta +0.1520) size 539.9 MB sparsity 17.0%
gen 26 offspring [77/100] k= 10 (used   9.0) c=0.995 alpha=-0.043 beta=+0.057 | loss 7.3801 (delta +4.4947) size 396.2 MB sparsity 41.5%
gen 26 offspring [78/100] k= 17 (used  17.0) c=0.990 alpha=-0.270 beta=+0.432 | loss 3.7028 (delta +0.8174) size 442.2 MB sparsity 30.5%
gen 26 offspring [79/100] k=179 (used 179.0) c=0.991 alpha=-0.064 beta=+0.013 | loss 2.8933 (delta +0.0080) size 630.9 MB sparsity 3.8%
gen 26 offspring [80/100] k= 33 (used  33.0) c=0.987 alpha=-0.218 beta=+0.398 | loss 3.2602 (delta +0.3749) size 483.7 MB sparsity 25.8%
gen 26 offspring [81/100] k= 50 (used  50.0) c=0.911 alpha=-0.000 beta=+0.025 | loss 2.9310 (delta +0.0457) size 541.4 MB sparsity 7.1%
gen 26 offspring [82/100] k= 16 (used  16.0) c=0.848 alpha=-0.137 beta=+0.291 | loss 3.4343 (delta +0.5489) size 450.3 MB sparsity 24.0%
gen 26 offspring [83/100] k= 17 (used  17.0) c=0.967 alpha=-0.030 beta=+0.022 | loss 3.3947 (delta +0.5094) size 457.6 MB sparsity 21.8%
gen 26 offspring [84/100] k= 17 (used  17.0) c=0.941 alpha=-0.282 beta=+0.057 | loss 3.4243 (delta +0.5389) size 454.9 MB sparsity 23.3%
gen 26 offspring [85/100] k= 19 (used  19.0) c=0.869 alpha=-0.222 beta=+0.408 | loss 3.4855 (delta +0.6001) size 480.6 MB sparsity 27.2%
gen 26 offspring [86/100] k= 17 (used  17.0) c=0.942 alpha=-0.080 beta=+0.315 | loss 3.4468 (delta +0.5614) size 452.9 MB sparsity 24.5%
gen 26 offspring [87/100] k= 30 (used  30.0) c=0.867 alpha=-0.210 beta=+0.220 | loss 3.0844 (delta +0.1990) size 496.4 MB sparsity 18.7%
gen 26 offspring [88/100] k= 99 (used  99.0) c=0.998 alpha=-0.037 beta=+0.014 | loss 2.8949 (delta +0.0095) size 586.1 MB sparsity 3.9%
gen 26 offspring [89/100] k= 17 (used  17.0) c=0.912 alpha=-0.193 beta=+0.451 | loss 3.6430 (delta +0.7576) size 444.8 MB sparsity 29.0%
gen 26 offspring [90/100] k=179 (used 176.5) c=0.969 alpha=-0.088 beta=+0.426 | loss 3.2505 (delta +0.3652) size 600.0 MB sparsity 21.1%
gen 26 offspring [91/100] k= 16 (used  15.0) c=0.992 alpha=-0.282 beta=+0.014 | loss 3.7194 (delta +0.8341) size 448.4 MB sparsity 26.1%
gen 26 offspring [92/100] k= 22 (used  21.0) c=0.993 alpha=-0.192 beta=+0.431 | loss 3.4804 (delta +0.5950) size 480.4 MB sparsity 27.3%
gen 26 offspring [93/100] k= 65 (used  65.0) c=0.942 alpha=-0.001 beta=+0.012 | loss 2.9107 (delta +0.0253) size 571.3 MB sparsity 5.5%
gen 26 offspring [94/100] k= 16 (used  16.0) c=0.923 alpha=-0.346 beta=+0.050 | loss 3.6550 (delta +0.7697) size 448.0 MB sparsity 26.9%
gen 26 offspring [95/100] k= 17 (used  17.0) c=0.923 alpha=-0.185 beta=+0.405 | loss 3.5318 (delta +0.6464) size 447.6 MB sparsity 27.5%
gen 26 offspring [96/100] k= 60 (used  60.0) c=0.930 alpha=-0.003 beta=+0.006 | loss 2.9270 (delta +0.0416) size 541.4 MB sparsity 6.0%
gen 26 offspring [97/100] k= 17 (used  17.0) c=0.997 alpha=-0.291 beta=+0.106 | loss 3.4935 (delta +0.6081) size 453.0 MB sparsity 24.4%
gen 26 offspring [98/100] k= 18 (used  18.0) c=0.848 alpha=-0.254 beta=+0.405 | loss 3.5666 (delta +0.6813) size 477.9 MB sparsity 28.4%
gen 26 offspring [99/100] k= 35 (used  35.0) c=0.973 alpha=-0.021 beta=+0.091 | loss 2.9687 (delta +0.0833) size 541.4 MB sparsity 10.7%
gen 26 offspring [100/100] k=212 (used 211.9) c=0.995 alpha=-0.014 beta=+0.088 | loss 2.8909 (delta +0.0056) size 630.9 MB sparsity 4.7%
=== generation 26/50 done in 447s (0 reused), batch baseline 2.8854, HV 0.22478, front 100 points, 100/100 feasible, best delta loss +0.0018, smallest 438.2 MB
gen 27 offspring [1/100] k= 17 (used  17.0) c=0.848 alpha=-0.172 beta=+0.469 | loss 3.7039 (delta +0.8186) size 445.1 MB sparsity 28.8%
gen 27 offspring [2/100] k= 17 (used  17.0) c=0.982 alpha=-0.135 beta=+0.212 | loss 3.4127 (delta +0.5274) size 456.8 MB sparsity 22.3%
gen 27 offspring [3/100] k= 16 (used  15.0) c=0.968 alpha=-0.314 beta=+0.346 | loss 3.8719 (delta +0.9866) size 444.1 MB sparsity 29.4%
gen 27 offspring [4/100] k= 17 (used  17.0) c=0.858 alpha=-0.329 beta=+0.473 | loss 3.9477 (delta +1.0624) size 436.8 MB sparsity 33.5%
gen 27 offspring [5/100] k=209 (used 207.2) c=0.994 alpha=-0.304 beta=+0.014 | loss 3.0000 (delta +0.1147) size 627.1 MB sparsity 13.6%
gen 27 offspring [6/100] k= 26 (used  26.0) c=0.941 alpha=-0.013 beta=+0.086 | loss 3.0479 (delta +0.1626) size 496.6 MB sparsity 14.5%
gen 27 offspring [7/100] k= 41 (used  41.0) c=0.973 alpha=-0.060 beta=+0.014 | loss 2.9420 (delta +0.0567) size 541.4 MB sparsity 9.1%
gen 27 offspring [8/100] k= 16 (used  16.0) c=0.889 alpha=-0.029 beta=+0.117 | loss 3.4968 (delta +0.6114) size 450.3 MB sparsity 22.9%
gen 27 offspring [9/100] k= 17 (used  17.0) c=0.996 alpha=-0.174 beta=+0.384 | loss 3.5578 (delta +0.6725) size 447.3 MB sparsity 27.6%
gen 27 offspring [10/100] k= 18 (used  17.0) c=0.992 alpha=-0.253 beta=+0.500 | loss 4.9129 (delta +2.0275) size 438.7 MB sparsity 32.4%
gen 27 offspring [11/100] k=109 (used 109.0) c=0.991 alpha=-0.039 beta=+0.013 | loss 2.8938 (delta +0.0085) size 586.1 MB sparsity 3.6%
gen 27 offspring [12/100] k= 11 (used  11.0) c=0.853 alpha=-0.238 beta=+0.321 | loss 4.2167 (delta +1.3314) size 442.1 MB sparsity 30.5%
gen 27 offspring [13/100] k= 33 (used  33.0) c=0.965 alpha=-0.190 beta=+0.017 | loss 2.9902 (delta +0.1048) size 510.2 MB sparsity 14.0%
gen 27 offspring [14/100] k= 33 (used  33.0) c=0.941 alpha=-0.218 beta=+0.418 | loss 3.2890 (delta +0.4036) size 482.0 MB sparsity 26.6%
gen 27 offspring [15/100] k= 18 (used  17.0) c=0.992 alpha=-0.147 beta=+0.457 | loss 3.6782 (delta +0.7928) size 442.9 MB sparsity 30.0%
gen 27 offspring [16/100] k= 48 (used  47.0) c=0.995 alpha=-0.026 beta=+0.012 | loss 2.9256 (delta +0.0403) size 541.4 MB sparsity 8.1%
gen 27 offspring [17/100] k= 15 (used  15.0) c=0.938 alpha=-0.097 beta=+0.331 | loss 3.6094 (delta +0.7241) size 448.2 MB sparsity 26.7%
gen 27 offspring [18/100] k= 17 (used  17.0) c=0.848 alpha=-0.248 beta=+0.023 | loss 3.3364 (delta +0.4510) size 459.2 MB sparsity 21.0%
gen 27 offspring [19/100] k= 17 (used  17.0) c=0.846 alpha=-0.225 beta=+0.319 | loss 3.4105 (delta +0.5251) size 453.1 MB sparsity 24.4%
gen 27 offspring [20/100] k= 66 (used  66.0) c=0.941 alpha=-0.061 beta=+0.085 | loss 2.9104 (delta +0.0250) size 586.1 MB sparsity 6.8%
gen 27 offspring [21/100] k= 43 (used  43.0) c=0.987 alpha=-0.199 beta=+0.090 | loss 2.9720 (delta +0.0867) size 541.4 MB sparsity 13.1%
gen 27 offspring [22/100] k= 16 (used  16.0) c=0.883 alpha=-0.184 beta=+0.243 | loss 3.4957 (delta +0.6103) size 450.3 MB sparsity 23.2%
gen 27 offspring [23/100] k= 19 (used  19.0) c=0.903 alpha=-0.006 beta=+0.084 | loss 3.2267 (delta +0.3414) size 494.8 MB sparsity 18.3%
gen 27 offspring [24/100] k= 16 (used  16.0) c=0.870 alpha=-0.209 beta=+0.004 | loss 3.4266 (delta +0.5413) size 450.5 MB sparsity 22.5%
gen 27 offspring [25/100] k=227 (used 223.7) c=0.995 alpha=-0.037 beta=+0.432 | loss 3.3693 (delta +0.4839) size 606.9 MB sparsity 19.2%
gen 27 offspring [26/100] k=212 (used 208.8) c=0.995 alpha=-0.037 beta=+0.446 | loss 3.4223 (delta +0.5370) size 604.9 MB sparsity 19.8%
gen 27 offspring [27/100] k=113 (used 113.0) c=0.974 alpha=-0.007 beta=+0.124 | loss 2.9028 (delta +0.0174) size 586.1 MB sparsity 6.9%
gen 27 offspring [28/100] k= 15 (used  15.0) c=0.848 alpha=-0.139 beta=+0.291 | loss 3.4702 (delta +0.5848) size 450.3 MB sparsity 24.0%
gen 27 offspring [29/100] k=  8 (used   7.0) c=0.880 alpha=-0.288 beta=+0.441 | loss 9.0533 (delta +6.1679) size 388.2 MB sparsity 47.5%
gen 27 offspring [30/100] k= 17 (used  17.0) c=0.846 alpha=-0.214 beta=+0.042 | loss 3.2952 (delta +0.4099) size 461.0 MB sparsity 19.9%
gen 27 offspring [31/100] k= 13 (used  13.0) c=0.940 alpha=-0.082 beta=+0.321 | loss 4.0322 (delta +1.1469) size 445.1 MB sparsity 28.8%
gen 27 offspring [32/100] k= 33 (used  33.0) c=0.999 alpha=-0.176 beta=+0.332 | loss 3.1339 (delta +0.2485) size 492.8 MB sparsity 21.7%
gen 27 offspring [33/100] k= 16 (used  16.0) c=0.846 alpha=-0.156 beta=+0.014 | loss 3.4262 (delta +0.5408) size 450.8 MB sparsity 21.8%
gen 27 offspring [34/100] k= 17 (used  17.0) c=0.846 alpha=-0.307 beta=+0.319 | loss 3.5836 (delta +0.6982) size 448.2 MB sparsity 27.1%
gen 27 offspring [35/100] k=  3 (used   3.0) c=0.862 alpha=-0.030 beta=+0.036 | loss 16.4588 (delta +13.5734) size 322.1 MB sparsity 90.3%
gen 27 offspring [36/100] k= 33 (used  33.0) c=0.978 alpha=-0.214 beta=+0.474 | loss 3.3887 (delta +0.5033) size 477.7 MB sparsity 28.5%
gen 27 offspring [37/100] k= 16 (used  16.0) c=0.850 alpha=-0.129 beta=+0.019 | loss 3.4050 (delta +0.5196) size 450.7 MB sparsity 21.9%
gen 27 offspring [38/100] k= 30 (used  30.0) c=0.863 alpha=-0.195 beta=+0.380 | loss 3.2220 (delta +0.3367) size 487.2 MB sparsity 24.2%
gen 27 offspring [39/100] k= 43 (used  43.0) c=0.995 alpha=-0.242 beta=+0.418 | loss 3.3136 (delta +0.4283) size 512.8 MB sparsity 27.3%
gen 27 offspring [40/100] k= 65 (used  64.9) c=0.848 alpha=-0.013 beta=+0.276 | loss 3.0172 (delta +0.1318) size 548.4 MB sparsity 14.1%
gen 27 offspring [41/100] k= 30 (used  29.0) c=0.987 alpha=-0.043 beta=+0.335 | loss 3.1456 (delta +0.2602) size 494.6 MB sparsity 20.6%
gen 27 offspring [42/100] k= 66 (used  66.0) c=0.956 alpha=-0.060 beta=+0.055 | loss 2.9125 (delta +0.0271) size 586.1 MB sparsity 5.9%
gen 27 offspring [43/100] k= 17 (used  17.0) c=0.989 alpha=-0.267 beta=+0.429 | loss 3.6864 (delta +0.8010) size 442.5 MB sparsity 30.3%
gen 27 offspring [44/100] k= 33 (used  33.0) c=0.882 alpha=-0.023 beta=+0.107 | loss 2.9775 (delta +0.0922) size 517.8 MB sparsity 10.5%
gen 27 offspring [45/100] k= 32 (used  32.0) c=0.905 alpha=-0.003 beta=+0.125 | loss 2.9769 (delta +0.0915) size 496.7 MB sparsity 11.7%
gen 27 offspring [46/100] k= 33 (used  33.0) c=0.989 alpha=-0.192 beta=+0.440 | loss 3.3128 (delta +0.4274) size 482.4 MB sparsity 26.4%
gen 27 offspring [47/100] k= 58 (used  56.7) c=0.996 alpha=-0.025 beta=+0.460 | loss 6.4697 (delta +3.5843) size 527.1 MB sparsity 22.0%
gen 27 offspring [48/100] k= 17 (used  17.0) c=0.884 alpha=-0.297 beta=+0.470 | loss 3.8722 (delta +0.9868) size 438.9 MB sparsity 32.3%
gen 27 offspring [49/100] k= 25 (used  25.0) c=0.930 alpha=-0.185 beta=+0.433 | loss 3.3625 (delta +0.4771) size 482.7 MB sparsity 26.2%
gen 27 offspring [50/100] k= 30 (used  30.0) c=0.846 alpha=-0.079 beta=+0.292 | loss 3.0814 (delta +0.1961) size 496.4 MB sparsity 17.9%
gen 27 offspring [51/100] k= 34 (used  34.0) c=0.965 alpha=-0.182 beta=+0.390 | loss 3.2195 (delta +0.3341) size 521.5 MB sparsity 24.1%
gen 27 offspring [52/100] k= 17 (used  17.0) c=0.847 alpha=-0.299 beta=+0.349 | loss 3.5909 (delta +0.7056) size 446.7 MB sparsity 27.9%
gen 27 offspring [53/100] k= 40 (used  40.0) c=0.941 alpha=-0.034 beta=+0.055 | loss 2.9450 (delta +0.0597) size 541.4 MB sparsity 9.3%
gen 27 offspring [54/100] k= 56 (used  56.0) c=0.939 alpha=-0.087 beta=+0.111 | loss 2.9284 (delta +0.0430) size 541.4 MB sparsity 8.9%
gen 27 offspring [55/100] k= 65 (used  65.0) c=0.942 alpha=-0.001 beta=+0.122 | loss 2.9171 (delta +0.0317) size 564.5 MB sparsity 8.0%
gen 27 offspring [56/100] k= 32 (used  32.0) c=0.908 alpha=-0.197 beta=+0.300 | loss 3.1256 (delta +0.2402) size 493.9 MB sparsity 21.2%
gen 27 offspring [57/100] k= 33 (used  33.0) c=0.858 alpha=-0.297 beta=+0.471 | loss 3.5888 (delta +0.7034) size 470.8 MB sparsity 31.5%
gen 27 offspring [58/100] k= 17 (used  17.0) c=0.969 alpha=-0.253 beta=+0.432 | loss 3.6359 (delta +0.7505) size 443.2 MB sparsity 29.9%
gen 27 offspring [59/100] k=179 (used 179.0) c=0.998 alpha=-0.044 beta=+0.002 | loss 2.8905 (delta +0.0052) size 630.9 MB sparsity 3.0%
gen 27 offspring [60/100] k= 30 (used  30.0) c=0.880 alpha=-0.146 beta=+0.337 | loss 3.1299 (delta +0.2446) size 494.6 MB sparsity 20.8%
gen 27 offspring [61/100] k= 33 (used  33.0) c=0.995 alpha=-0.031 beta=+0.382 | loss 3.1877 (delta +0.3023) size 493.2 MB sparsity 21.6%
gen 27 offspring [62/100] k= 31 (used  31.0) c=0.996 alpha=-0.325 beta=+0.005 | loss 3.1498 (delta +0.2645) size 495.4 MB sparsity 19.8%
gen 27 offspring [63/100] k= 54 (used  54.0) c=0.912 alpha=-0.012 beta=+0.008 | loss 2.9285 (delta +0.0431) size 541.4 MB sparsity 6.6%
gen 27 offspring [64/100] k=212 (used 205.5) c=0.855 alpha=-0.323 beta=+0.470 | loss 3.5276 (delta +0.6422) size 559.6 MB sparsity 32.4%
gen 27 offspring [65/100] k= 31 (used  31.0) c=0.999 alpha=-0.131 beta=+0.300 | loss 3.1002 (delta +0.2148) size 495.9 MB sparsity 19.2%
gen 27 offspring [66/100] k= 17 (used  17.0) c=0.973 alpha=-0.376 beta=+0.385 | loss 3.8330 (delta +0.9477) size 438.9 MB sparsity 32.3%
gen 27 offspring [67/100] k= 17 (used  17.0) c=0.847 alpha=-0.044 beta=+0.131 | loss 3.2792 (delta +0.3939) size 462.2 MB sparsity 19.3%
gen 27 offspring [68/100] k= 17 (used  17.0) c=0.848 alpha=-0.211 beta=+0.043 | loss 3.2802 (delta +0.3948) size 461.1 MB sparsity 19.9%
gen 27 offspring [69/100] k= 17 (used  17.0) c=0.985 alpha=-0.021 beta=+0.432 | loss 3.6154 (delta +0.7300) size 444.6 MB sparsity 29.1%
gen 27 offspring [70/100] k= 17 (used  17.0) c=0.852 alpha=-0.297 beta=+0.454 | loss 3.7993 (delta +0.9139) size 440.1 MB sparsity 31.6%
gen 27 offspring [71/100] k= 32 (used  32.0) c=0.904 alpha=-0.276 beta=+0.350 | loss 3.2698 (delta +0.3845) size 482.7 MB sparsity 26.2%
gen 27 offspring [72/100] k= 16 (used  16.0) c=0.848 alpha=-0.156 beta=+0.340 | loss 3.4813 (delta +0.5959) size 449.4 MB sparsity 25.7%
gen 27 offspring [73/100] k= 17 (used  17.0) c=0.858 alpha=-0.286 beta=+0.001 | loss 3.3783 (delta +0.4930) size 456.6 MB sparsity 22.4%
gen 27 offspring [74/100] k= 17 (used  17.0) c=0.971 alpha=-0.241 beta=+0.007 | loss 3.4055 (delta +0.5201) size 456.3 MB sparsity 22.6%
gen 27 offspring [75/100] k= 30 (used  29.0) c=0.997 alpha=-0.039 beta=+0.004 | loss 3.0214 (delta +0.1361) size 496.7 MB sparsity 13.2%
gen 27 offspring [76/100] k= 32 (used  31.0) c=0.995 alpha=-0.207 beta=+0.381 | loss 3.2471 (delta +0.3617) size 485.8 MB sparsity 24.9%
gen 27 offspring [77/100] k= 17 (used  17.0) c=0.971 alpha=-0.172 beta=+0.397 | loss 3.5486 (delta +0.6632) size 447.1 MB sparsity 27.7%
gen 27 offspring [78/100] k= 17 (used  17.0) c=0.852 alpha=-0.079 beta=+0.313 | loss 3.3660 (delta +0.4807) size 455.0 MB sparsity 23.3%
gen 27 offspring [79/100] k= 30 (used  30.0) c=0.851 alpha=-0.202 beta=+0.147 | loss 3.0259 (delta +0.1406) size 496.7 MB sparsity 15.6%
gen 27 offspring [80/100] k= 33 (used  33.0) c=0.995 alpha=-0.174 beta=+0.461 | loss 3.3666 (delta +0.4813) size 482.1 MB sparsity 26.5%
gen 27 offspring [81/100] k= 17 (used  17.0) c=0.848 alpha=-0.211 beta=+0.319 | loss 3.3727 (delta +0.4873) size 453.7 MB sparsity 24.0%
gen 27 offspring [82/100] k= 17 (used  17.0) c=0.861 alpha=-0.130 beta=+0.471 | loss 5.0807 (delta +2.1954) size 444.7 MB sparsity 29.0%
gen 27 offspring [83/100] k= 75 (used  75.0) c=0.948 alpha=-0.221 beta=+0.129 | loss 2.9678 (delta +0.0825) size 584.2 MB sparsity 14.9%
gen 27 offspring [84/100] k= 18 (used  17.0) c=0.943 alpha=-0.182 beta=+0.337 | loss 3.4766 (delta +0.5912) size 451.5 MB sparsity 25.2%
gen 27 offspring [85/100] k= 17 (used  17.0) c=0.923 alpha=-0.210 beta=+0.213 | loss 3.3209 (delta +0.4356) size 458.3 MB sparsity 21.5%
gen 27 offspring [86/100] k= 17 (used  17.0) c=0.992 alpha=-0.027 beta=+0.090 | loss 3.4144 (delta +0.5290) size 456.7 MB sparsity 22.3%
gen 27 offspring [87/100] k= 16 (used  15.0) c=0.992 alpha=-0.029 beta=+0.060 | loss 3.6690 (delta +0.7837) size 448.6 MB sparsity 25.3%
gen 27 offspring [88/100] k= 17 (used  17.0) c=0.941 alpha=-0.058 beta=+0.018 | loss 3.3525 (delta +0.4672) size 458.6 MB sparsity 21.3%
gen 27 offspring [89/100] k= 31 (used  31.0) c=0.942 alpha=-0.182 beta=+0.163 | loss 3.0124 (delta +0.1271) size 496.7 MB sparsity 15.5%
gen 27 offspring [90/100] k= 32 (used  32.0) c=0.965 alpha=-0.029 beta=+0.022 | loss 2.9892 (delta +0.1039) size 496.7 MB sparsity 12.0%
gen 27 offspring [91/100] k= 16 (used  16.0) c=0.857 alpha=-0.209 beta=+0.322 | loss 3.4898 (delta +0.6044) size 449.6 MB sparsity 25.3%
gen 27 offspring [92/100] k= 16 (used  15.0) c=0.946 alpha=-0.190 beta=+0.116 | loss 3.6082 (delta +0.7229) size 449.4 MB sparsity 24.2%
gen 27 offspring [93/100] k= 16 (used  15.0) c=0.985 alpha=-0.221 beta=+0.381 | loss 3.7834 (delta +0.8980) size 444.7 MB sparsity 29.0%
gen 27 offspring [94/100] k= 17 (used  17.0) c=0.927 alpha=-0.192 beta=+0.433 | loss 3.5797 (delta +0.6944) size 445.7 MB sparsity 28.5%
gen 27 offspring [95/100] k= 16 (used  16.0) c=0.889 alpha=-0.205 beta=+0.380 | loss 3.6154 (delta +0.7301) size 447.1 MB sparsity 27.7%
gen 27 offspring [96/100] k= 33 (used  33.0) c=0.941 alpha=-0.210 beta=+0.086 | loss 3.0077 (delta +0.1223) size 508.8 MB sparsity 14.6%
gen 27 offspring [97/100] k= 16 (used  15.0) c=0.935 alpha=-0.365 beta=+0.394 | loss 3.9329 (delta +1.0476) size 438.4 MB sparsity 32.5%
gen 27 offspring [98/100] k= 17 (used  17.0) c=0.976 alpha=-0.061 beta=+0.282 | loss 3.4234 (delta +0.5381) size 454.1 MB sparsity 23.8%
gen 27 offspring [99/100] k= 27 (used  27.0) c=0.842 alpha=-0.123 beta=+0.432 | loss 3.3585 (delta +0.4731) size 488.0 MB sparsity 23.9%
gen 27 offspring [100/100] k= 17 (used  17.0) c=0.851 alpha=-0.286 beta=+0.305 | loss 3.4975 (delta +0.6121) size 450.3 MB sparsity 25.9%
=== generation 27/50 done in 447s (0 reused), batch baseline 2.8854, HV 0.22480, front 100 points, 100/100 feasible, best delta loss +0.0018, smallest 438.2 MB
gen 28 offspring [1/100] k= 65 (used  65.0) c=0.935 alpha=-0.102 beta=+0.086 | loss 2.9132 (delta +0.0278) size 563.8 MB sparsity 8.3%
gen 28 offspring [2/100] k= 41 (used  41.0) c=0.995 alpha=-0.037 beta=+0.424 | loss 3.2931 (delta +0.4078) size 527.1 MB sparsity 22.0%
gen 28 offspring [3/100] k= 16 (used  15.0) c=0.992 alpha=-0.238 beta=+0.441 | loss 3.8461 (delta +0.9607) size 440.8 MB sparsity 31.2%
gen 28 offspring [4/100] k=109 (used 109.0) c=0.995 alpha=-0.087 beta=+0.012 | loss 2.8969 (delta +0.0115) size 586.1 MB sparsity 5.5%
gen 28 offspring [5/100] k= 27 (used  27.0) c=0.847 alpha=-0.341 beta=+0.432 | loss 3.5653 (delta +0.6799) size 470.1 MB sparsity 31.9%
gen 28 offspring [6/100] k= 17 (used  17.0) c=0.846 alpha=-0.172 beta=+0.398 | loss 3.4864 (delta +0.6010) size 449.7 MB sparsity 26.3%
gen 28 offspring [7/100] k= 33 (used  33.0) c=1.000 alpha=-0.172 beta=+0.331 | loss 3.1320 (delta +0.2467) size 493.2 MB sparsity 21.5%
gen 28 offspring [8/100] k= 17 (used  17.0) c=0.973 alpha=-0.376 beta=+0.376 | loss 3.8101 (delta +0.9248) size 439.4 MB sparsity 32.0%
gen 28 offspring [9/100] k= 16 (used  16.0) c=0.812 alpha=-0.297 beta=+0.470 | loss 3.9120 (delta +1.0266) size 438.7 MB sparsity 32.4%
gen 28 offspring [10/100] k= 32 (used  31.0) c=0.987 alpha=-0.029 beta=+0.023 | loss 2.9937 (delta +0.1084) size 496.7 MB sparsity 12.2%
gen 28 offspring [11/100] k= 16 (used  16.0) c=0.846 alpha=-0.231 beta=+0.021 | loss 3.4371 (delta +0.5518) size 450.7 MB sparsity 22.3%
gen 28 offspring [12/100] k= 18 (used  18.0) c=0.869 alpha=-0.206 beta=+0.344 | loss 3.4007 (delta +0.5153) size 485.6 MB sparsity 25.0%
gen 28 offspring [13/100] k= 17 (used  17.0) c=0.847 alpha=-0.068 beta=+0.282 | loss 3.3284 (delta +0.4431) size 457.1 MB sparsity 22.1%
gen 28 offspring [14/100] k= 33 (used  33.0) c=0.995 alpha=-0.210 beta=+0.382 | loss 3.2375 (delta +0.3521) size 485.7 MB sparsity 24.9%
gen 28 offspring [15/100] k= 25 (used  25.0) c=0.985 alpha=-0.218 beta=+0.360 | loss 3.3026 (delta +0.4173) size 485.9 MB sparsity 24.8%
gen 28 offspring [16/100] k= 17 (used  17.0) c=0.993 alpha=-0.286 beta=+0.432 | loss 3.7152 (delta +0.8299) size 441.3 MB sparsity 31.0%
gen 28 offspring [17/100] k= 33 (used  33.0) c=0.998 alpha=-0.182 beta=+0.384 | loss 3.2133 (delta +0.3279) size 487.8 MB sparsity 24.0%
gen 28 offspring [18/100] k= 17 (used  17.0) c=0.899 alpha=-0.192 beta=+0.432 | loss 3.5894 (delta +0.7041) size 446.2 MB sparsity 28.2%
gen 28 offspring [19/100] k= 37 (used  37.0) c=0.903 alpha=-0.003 beta=+0.050 | loss 2.9487 (delta +0.0634) size 541.4 MB sparsity 9.4%
gen 28 offspring [20/100] k= 68 (used  67.7) c=0.942 alpha=-0.276 beta=+0.350 | loss 3.2356 (delta +0.3502) size 549.3 MB sparsity 26.0%
gen 28 offspring [21/100] k= 52 (used  52.0) c=0.912 alpha=-0.026 beta=+0.012 | loss 2.9282 (delta +0.0429) size 541.4 MB sparsity 6.8%
gen 28 offspring [22/100] k=179 (used 179.0) c=0.974 alpha=-0.064 beta=+0.012 | loss 2.8923 (delta +0.0069) size 630.9 MB sparsity 3.8%
gen 28 offspring [23/100] k= 17 (used  17.0) c=0.851 alpha=-0.206 beta=+0.253 | loss 3.3080 (delta +0.4227) size 458.0 MB sparsity 21.6%
gen 28 offspring [24/100] k= 18 (used  18.0) c=0.855 alpha=-0.253 beta=+0.258 | loss 3.3726 (delta +0.4873) size 489.5 MB sparsity 23.2%
gen 28 offspring [25/100] k=179 (used 176.4) c=0.984 alpha=-0.058 beta=+0.459 | loss 4.1258 (delta +1.2404) size 600.1 MB sparsity 21.1%
gen 28 offspring [26/100] k= 16 (used  16.0) c=0.852 alpha=-0.253 beta=+0.444 | loss 3.7076 (delta +0.8223) size 442.4 MB sparsity 30.3%
gen 28 offspring [27/100] k= 16 (used  16.0) c=0.841 alpha=-0.260 beta=+0.286 | loss 3.5077 (delta +0.6223) size 450.2 MB sparsity 24.9%
gen 28 offspring [28/100] k= 17 (used  17.0) c=0.907 alpha=-0.081 beta=+0.313 | loss 3.4266 (delta +0.5412) size 453.8 MB sparsity 24.0%
gen 28 offspring [29/100] k= 15 (used  15.0) c=0.850 alpha=-0.140 beta=+0.291 | loss 3.4692 (delta +0.5839) size 450.3 MB sparsity 24.0%
gen 28 offspring [30/100] k= 89 (used  89.0) c=0.935 alpha=-0.023 beta=+0.004 | loss 2.9008 (delta +0.0154) size 586.1 MB sparsity 4.0%
gen 28 offspring [31/100] k=111 (used 111.0) c=0.999 alpha=-0.016 beta=+0.086 | loss 2.8980 (delta +0.0126) size 586.1 MB sparsity 5.4%
gen 28 offspring [32/100] k= 23 (used  23.0) c=0.997 alpha=-0.192 beta=+0.579 | loss 15.4483 (delta +12.5629) size 469.7 MB sparsity 32.0%
gen 28 offspring [33/100] k= 34 (used  34.0) c=0.848 alpha=-0.212 beta=+0.042 | loss 3.0080 (delta +0.1226) size 541.3 MB sparsity 14.0%
gen 28 offspring [34/100] k= 16 (used  16.0) c=0.848 alpha=-0.253 beta=+0.470 | loss 3.7523 (delta +0.8669) size 440.8 MB sparsity 31.2%
gen 28 offspring [35/100] k= 29 (used  29.0) c=0.868 alpha=-0.207 beta=+0.440 | loss 3.3294 (delta +0.4440) size 481.0 MB sparsity 27.0%
gen 28 offspring [36/100] k= 14 (used  13.0) c=0.993 alpha=-0.252 beta=+0.072 | loss 4.1570 (delta +1.2716) size 444.4 MB sparsity 29.1%
gen 28 offspring [37/100] k= 35 (used  35.0) c=0.991 alpha=-0.016 beta=+0.103 | loss 2.9708 (delta +0.0854) size 541.4 MB sparsity 10.9%
gen 28 offspring [38/100] k= 17 (used  17.0) c=0.848 alpha=-0.376 beta=+0.003 | loss 3.5075 (delta +0.6222) size 451.1 MB sparsity 25.5%
gen 28 offspring [39/100] k= 18 (used  17.0) c=0.998 alpha=-0.170 beta=+0.333 | loss 3.5012 (delta +0.6158) size 450.6 MB sparsity 25.8%
gen 28 offspring [40/100] k= 36 (used  35.0) c=0.995 alpha=-0.174 beta=+0.403 | loss 3.2307 (delta +0.3454) size 521.0 MB sparsity 24.3%
gen 28 offspring [41/100] k= 17 (used  17.0) c=0.868 alpha=-0.221 beta=+0.410 | loss 3.5495 (delta +0.6642) size 447.1 MB sparsity 27.7%
gen 28 offspring [42/100] k= 32 (used  31.0) c=0.989 alpha=-0.197 beta=+0.014 | loss 3.0162 (delta +0.1309) size 496.7 MB sparsity 14.8%
gen 28 offspring [43/100] k= 19 (used  19.0) c=0.922 alpha=-0.060 beta=+0.402 | loss 3.4072 (delta +0.5219) size 483.1 MB sparsity 26.1%
gen 28 offspring [44/100] k= 32 (used  31.0) c=0.995 alpha=-0.226 beta=+0.474 | loss 3.4193 (delta +0.5340) size 476.6 MB sparsity 29.0%
gen 28 offspring [45/100] k= 17 (used  17.0) c=0.863 alpha=-0.047 beta=+0.287 | loss 3.3601 (delta +0.4747) size 456.5 MB sparsity 22.5%
gen 28 offspring [46/100] k= 33 (used  33.0) c=0.940 alpha=-0.312 beta=+0.058 | loss 3.0868 (delta +0.2014) size 499.9 MB sparsity 18.5%
gen 28 offspring [47/100] k= 31 (used  31.0) c=0.941 alpha=-0.016 beta=+0.286 | loss 3.0625 (delta +0.1772) size 496.4 MB sparsity 17.9%
gen 28 offspring [48/100] k= 58 (used  58.0) c=0.923 alpha=-0.221 beta=+0.050 | loss 2.9649 (delta +0.0795) size 541.4 MB sparsity 12.4%
gen 28 offspring [49/100] k= 13 (used  13.0) c=0.848 alpha=-0.156 beta=+0.345 | loss 3.7800 (delta +0.8947) size 446.7 MB sparsity 27.9%
gen 28 offspring [50/100] k=212 (used 211.0) c=1.000 alpha=-0.071 beta=+0.004 | loss 2.8900 (delta +0.0047) size 630.9 MB sparsity 3.9%
gen 28 offspring [51/100] k= 13 (used  13.0) c=0.939 alpha=-0.030 beta=+0.111 | loss 3.9747 (delta +1.0894) size 446.3 MB sparsity 27.7%
gen 28 offspring [52/100] k= 17 (used  17.0) c=0.924 alpha=-0.192 beta=+0.433 | loss 3.5744 (delta +0.6891) size 445.7 MB sparsity 28.5%
gen 28 offspring [53/100] k= 17 (used  17.0) c=0.885 alpha=-0.081 beta=+0.312 | loss 3.4061 (delta +0.5207) size 454.3 MB sparsity 23.7%
gen 28 offspring [54/100] k= 49 (used  48.9) c=0.969 alpha=-0.193 beta=+0.398 | loss 3.1993 (delta +0.3140) size 520.2 MB sparsity 24.6%
gen 28 offspring [55/100] k= 65 (used  65.0) c=0.882 alpha=-0.000 beta=+0.018 | loss 2.9169 (delta +0.0315) size 572.2 MB sparsity 5.2%
gen 28 offspring [56/100] k= 35 (used  35.0) c=0.954 alpha=-0.016 beta=+0.089 | loss 2.9664 (delta +0.0811) size 541.4 MB sparsity 10.5%
gen 28 offspring [57/100] k= 17 (used  17.0) c=1.000 alpha=-0.210 beta=+0.455 | loss 3.6869 (delta +0.8015) size 442.7 MB sparsity 30.1%
gen 28 offspring [58/100] k= 17 (used  17.0) c=0.937 alpha=-0.253 beta=+0.444 | loss 3.7067 (delta +0.8213) size 442.7 MB sparsity 30.2%
gen 28 offspring [59/100] k= 25 (used  25.0) c=0.960 alpha=-0.261 beta=+0.432 | loss 3.4862 (delta +0.6009) size 476.5 MB sparsity 29.0%
gen 28 offspring [60/100] k= 16 (used  16.0) c=0.884 alpha=-0.137 beta=+0.291 | loss 3.5116 (delta +0.6263) size 449.9 MB sparsity 24.5%
gen 28 offspring [61/100] k=212 (used 212.0) c=0.994 alpha=-0.037 beta=+0.039 | loss 2.8869 (delta +0.0015) size 630.9 MB sparsity 3.3%
gen 28 offspring [62/100] k= 33 (used  33.0) c=0.859 alpha=-0.174 beta=+0.370 | loss 3.2366 (delta +0.3512) size 490.1 MB sparsity 22.9%
gen 28 offspring [63/100] k= 17 (used  17.0) c=0.923 alpha=-0.159 beta=+0.405 | loss 3.5323 (delta +0.6469) size 447.6 MB sparsity 27.4%
gen 28 offspring [64/100] k= 16 (used  15.0) c=0.991 alpha=-0.090 beta=+0.470 | loss 3.9479 (delta +1.0625) size 439.2 MB sparsity 32.1%
gen 28 offspring [65/100] k= 26 (used  26.0) c=0.937 alpha=-0.131 beta=+0.111 | loss 3.0458 (delta +0.1604) size 496.6 MB sparsity 14.5%
gen 28 offspring [66/100] k= 31 (used  31.0) c=0.903 alpha=-0.060 beta=+0.282 | loss 3.0555 (delta +0.1702) size 496.5 MB sparsity 17.5%
gen 28 offspring [67/100] k= 64 (used  63.0) c=0.995 alpha=-0.000 beta=+0.012 | loss 2.9236 (delta +0.0383) size 541.4 MB sparsity 6.0%
gen 28 offspring [68/100] k= 33 (used  33.0) c=0.998 alpha=-0.063 beta=+0.126 | loss 2.9800 (delta +0.0947) size 514.6 MB sparsity 12.0%
gen 28 offspring [69/100] k= 32 (used  32.0) c=0.904 alpha=-0.276 beta=+0.376 | loss 3.3164 (delta +0.4311) size 480.5 MB sparsity 27.2%
gen 28 offspring [70/100] k= 14 (used  13.0) c=0.989 alpha=-0.208 beta=+0.474 | loss 4.3889 (delta +1.5035) size 435.2 MB sparsity 34.3%
gen 28 offspring [71/100] k= 22 (used  22.0) c=0.862 alpha=-0.329 beta=+0.027 | loss 3.2458 (delta +0.3605) size 492.4 MB sparsity 21.8%
gen 28 offspring [72/100] k= 17 (used  17.0) c=0.969 alpha=-0.082 beta=+0.021 | loss 3.3783 (delta +0.4929) size 457.5 MB sparsity 21.9%
gen 28 offspring [73/100] k= 18 (used  17.0) c=0.995 alpha=-0.158 beta=+0.432 | loss 3.6308 (delta +0.7454) size 444.4 MB sparsity 29.2%
gen 28 offspring [74/100] k= 64 (used  64.0) c=0.851 alpha=-0.000 beta=+0.012 | loss 2.9205 (delta +0.0352) size 541.4 MB sparsity 5.2%
gen 28 offspring [75/100] k= 17 (used  17.0) c=0.883 alpha=-0.172 beta=+0.397 | loss 3.5320 (delta +0.6466) size 449.0 MB sparsity 26.7%
gen 28 offspring [76/100] k= 34 (used  33.0) c=0.995 alpha=-0.102 beta=+0.286 | loss 3.0583 (delta +0.1729) size 501.4 MB sparsity 17.9%
gen 28 offspring [77/100] k= 64 (used  64.0) c=0.938 alpha=-0.039 beta=+0.004 | loss 2.9166 (delta +0.0312) size 541.4 MB sparsity 5.7%
gen 28 offspring [78/100] k=207 (used 207.0) c=0.927 alpha=-0.037 beta=+0.012 | loss 2.8939 (delta +0.0086) size 630.9 MB sparsity 2.5%
gen 28 offspring [79/100] k= 15 (used  15.0) c=0.949 alpha=-0.029 beta=+0.004 | loss 3.6185 (delta +0.7332) size 449.3 MB sparsity 24.3%
gen 28 offspring [80/100] k= 16 (used  15.0) c=0.994 alpha=-0.297 beta=+0.465 | loss 4.0321 (delta +1.1468) size 437.4 MB sparsity 33.1%
gen 28 offspring [81/100] k= 17 (used  17.0) c=0.975 alpha=-0.204 beta=+0.328 | loss 3.4738 (delta +0.5884) size 451.2 MB sparsity 25.4%
gen 28 offspring [82/100] k= 16 (used  16.0) c=0.867 alpha=-0.231 beta=+0.429 | loss 3.6402 (delta +0.7549) size 444.0 MB sparsity 29.4%
gen 28 offspring [83/100] k= 17 (used  17.0) c=0.971 alpha=-0.288 beta=+0.441 | loss 3.7360 (delta +0.8507) size 440.7 MB sparsity 31.3%
gen 28 offspring [84/100] k=  6 (used   5.0) c=0.973 alpha=-0.210 beta=+0.418 | loss 15.9439 (delta +13.0586) size 346.0 MB sparsity 68.5%
gen 28 offspring [85/100] k= 31 (used  31.0) c=0.846 alpha=-0.336 beta=+0.431 | loss 3.5460 (delta +0.6606) size 470.7 MB sparsity 31.6%
gen 28 offspring [86/100] k= 16 (used  16.0) c=0.924 alpha=-0.068 beta=+0.481 | loss 3.9258 (delta +1.0405) size 440.1 MB sparsity 31.6%
gen 28 offspring [87/100] k=212 (used 209.5) c=0.909 alpha=-0.037 beta=+0.350 | loss 3.1155 (delta +0.2302) size 618.1 MB sparsity 16.1%
gen 28 offspring [88/100] k= 64 (used  64.0) c=0.971 alpha=-0.172 beta=+0.081 | loss 2.9384 (delta +0.0530) size 541.4 MB sparsity 11.0%
gen 28 offspring [89/100] k=  8 (used   7.0) c=0.861 alpha=-0.297 beta=+0.564 | loss 8.9821 (delta +6.0967) size 387.6 MB sparsity 47.9%
gen 28 offspring [90/100] k= 17 (used  17.0) c=1.000 alpha=-0.220 beta=+0.447 | loss 3.6644 (delta +0.7790) size 443.1 MB sparsity 29.9%
gen 28 offspring [91/100] k= 31 (used  31.0) c=0.993 alpha=-0.043 beta=+0.123 | loss 2.9961 (delta +0.1107) size 496.7 MB sparsity 12.5%
gen 28 offspring [92/100] k= 16 (used  15.0) c=0.992 alpha=-0.033 beta=+0.291 | loss 3.6877 (delta +0.8023) size 448.3 MB sparsity 26.3%
gen 28 offspring [93/100] k=  8 (used   7.0) c=1.000 alpha=-0.211 beta=+0.432 | loss 11.5244 (delta +8.6391) size 381.5 MB sparsity 52.5%
gen 28 offspring [94/100] k= 16 (used  16.0) c=0.880 alpha=-0.297 beta=+0.470 | loss 3.8806 (delta +0.9952) size 438.2 MB sparsity 32.7%
gen 28 offspring [95/100] k= 43 (used  43.0) c=0.952 alpha=-0.004 beta=+0.073 | loss 2.9371 (delta +0.0518) size 541.4 MB sparsity 8.5%
gen 28 offspring [96/100] k= 92 (used  92.0) c=0.856 alpha=-0.127 beta=+0.004 | loss 2.9276 (delta +0.0422) size 586.1 MB sparsity 7.2%
gen 28 offspring [97/100] k= 17 (used  17.0) c=0.848 alpha=-0.210 beta=+0.324 | loss 3.3794 (delta +0.4940) size 453.4 MB sparsity 24.2%
gen 28 offspring [98/100] k= 30 (used  29.0) c=0.971 alpha=-0.204 beta=+0.432 | loss 3.3107 (delta +0.4254) size 481.7 MB sparsity 26.7%
gen 28 offspring [99/100] k= 65 (used  64.9) c=0.869 alpha=-0.138 beta=+0.283 | loss 3.0262 (delta +0.1408) size 538.5 MB sparsity 17.8%
gen 28 offspring [100/100] k= 17 (used  17.0) c=0.923 alpha=-0.238 beta=+0.413 | loss 3.5901 (delta +0.7047) size 445.6 MB sparsity 28.6%
=== generation 28/50 done in 447s (0 reused), batch baseline 2.8854, HV 0.22481, front 100 points, 100/100 feasible, best delta loss +0.0015, smallest 438.2 MB
gen 29 offspring [1/100] k= 33 (used  33.0) c=0.848 alpha=-0.189 beta=+0.018 | loss 3.0024 (delta +0.1171) size 512.0 MB sparsity 13.2%
gen 29 offspring [2/100] k= 15 (used  15.0) c=0.987 alpha=-0.029 beta=+0.036 | loss 3.6835 (delta +0.7981) size 448.7 MB sparsity 25.2%
gen 29 offspring [3/100] k=116 (used 115.0) c=0.999 alpha=-0.039 beta=+0.004 | loss 2.8942 (delta +0.0088) size 586.1 MB sparsity 3.5%
gen 29 offspring [4/100] k= 31 (used  31.0) c=0.941 alpha=-0.068 beta=+0.376 | loss 3.1774 (delta +0.2921) size 493.5 MB sparsity 21.4%
gen 29 offspring [5/100] k= 16 (used  16.0) c=0.868 alpha=-0.053 beta=+0.437 | loss 3.6357 (delta +0.7504) size 444.2 MB sparsity 29.3%
gen 29 offspring [6/100] k= 23 (used  23.0) c=0.966 alpha=-0.039 beta=+0.016 | loss 3.0934 (delta +0.2081) size 496.0 MB sparsity 16.1%
gen 29 offspring [7/100] k= 18 (used  17.0) c=0.994 alpha=-0.253 beta=+0.431 | loss 3.6539 (delta +0.7685) size 443.0 MB sparsity 30.0%
gen 29 offspring [8/100] k= 26 (used  25.0) c=0.980 alpha=-0.211 beta=+0.442 | loss 3.4229 (delta +0.5375) size 479.7 MB sparsity 27.6%
gen 29 offspring [9/100] k= 34 (used  34.0) c=0.965 alpha=-0.156 beta=+0.350 | loss 3.1373 (delta +0.2520) size 528.0 MB sparsity 21.6%
gen 29 offspring [10/100] k= 65 (used  65.0) c=0.941 alpha=-0.082 beta=+0.088 | loss 2.9119 (delta +0.0266) size 565.7 MB sparsity 7.6%
gen 29 offspring [11/100] k= 17 (used  17.0) c=0.975 alpha=-0.255 beta=+0.369 | loss 3.5550 (delta +0.6696) size 447.0 MB sparsity 27.7%
gen 29 offspring [12/100] k= 15 (used  15.0) c=0.970 alpha=-0.223 beta=+0.385 | loss 3.7833 (delta +0.8979) size 444.9 MB sparsity 28.9%
gen 29 offspring [13/100] k= 33 (used  33.0) c=0.864 alpha=-0.173 beta=+0.379 | loss 3.2314 (delta +0.3460) size 489.4 MB sparsity 23.3%
gen 29 offspring [14/100] k=  6 (used   5.0) c=0.861 alpha=-0.297 beta=+0.369 | loss 12.6450 (delta +9.7596) size 350.7 MB sparsity 63.1%
gen 29 offspring [15/100] k= 32 (used  32.0) c=0.852 alpha=-0.277 beta=+0.251 | loss 3.2132 (delta +0.3278) size 491.4 MB sparsity 22.4%
gen 29 offspring [16/100] k= 17 (used  17.0) c=0.847 alpha=-0.068 beta=+0.374 | loss 3.4418 (delta +0.5565) size 451.2 MB sparsity 25.4%
gen 29 offspring [17/100] k= 17 (used  17.0) c=0.863 alpha=-0.218 beta=+0.397 | loss 3.5233 (delta +0.6379) size 448.2 MB sparsity 27.1%
gen 29 offspring [18/100] k= 61 (used  61.0) c=0.912 alpha=-0.224 beta=+0.012 | loss 2.9631 (delta +0.0777) size 541.4 MB sparsity 12.3%
gen 29 offspring [19/100] k= 18 (used  17.0) c=0.994 alpha=-0.385 beta=+0.396 | loss 3.8628 (delta +0.9774) size 437.5 MB sparsity 33.1%
gen 29 offspring [20/100] k= 33 (used  33.0) c=0.980 alpha=-0.006 beta=+0.022 | loss 2.9723 (delta +0.0870) size 515.9 MB sparsity 11.4%
gen 29 offspring [21/100] k= 36 (used  36.0) c=0.857 alpha=-0.014 beta=+0.090 | loss 2.9580 (delta +0.0726) size 541.4 MB sparsity 9.5%
gen 29 offspring [22/100] k= 17 (used  17.0) c=0.969 alpha=-0.288 beta=+0.258 | loss 3.4634 (delta +0.5780) size 451.9 MB sparsity 25.0%
gen 29 offspring [23/100] k= 17 (used  17.0) c=0.973 alpha=-0.286 beta=+0.444 | loss 3.7616 (delta +0.8762) size 440.6 MB sparsity 31.3%
gen 29 offspring [24/100] k= 17 (used  17.0) c=0.842 alpha=-0.217 beta=+0.316 | loss 3.4013 (delta +0.5160) size 453.7 MB sparsity 24.0%
gen 29 offspring [25/100] k= 17 (used  17.0) c=0.971 alpha=-0.314 beta=+0.432 | loss 3.7660 (delta +0.8807) size 439.7 MB sparsity 31.8%
gen 29 offspring [26/100] k=  4 (used   3.0) c=0.848 alpha=-0.197 beta=+0.327 | loss 16.4814 (delta +13.5960) size 322.3 MB sparsity 89.8%
gen 29 offspring [27/100] k= 33 (used  33.0) c=0.863 alpha=-0.176 beta=+0.332 | loss 3.1792 (delta +0.2938) size 493.2 MB sparsity 21.6%
gen 29 offspring [28/100] k= 17 (used  17.0) c=0.968 alpha=-0.217 beta=+0.123 | loss 3.3826 (delta +0.4973) size 457.2 MB sparsity 22.1%
gen 29 offspring [29/100] k= 43 (used  43.0) c=0.948 alpha=-0.004 beta=+0.030 | loss 2.9342 (delta +0.0488) size 541.4 MB sparsity 8.5%
gen 29 offspring [30/100] k= 16 (used  16.0) c=0.869 alpha=-0.075 beta=+0.437 | loss 3.6286 (delta +0.7433) size 444.1 MB sparsity 29.4%
gen 29 offspring [31/100] k= 33 (used  33.0) c=0.899 alpha=-0.029 beta=+0.022 | loss 2.9743 (delta +0.0890) size 518.0 MB sparsity 10.5%
gen 29 offspring [32/100] k= 17 (used  17.0) c=0.923 alpha=-0.222 beta=+0.410 | loss 3.5569 (delta +0.6716) size 446.5 MB sparsity 28.1%
gen 29 offspring [33/100] k= 33 (used  33.0) c=0.964 alpha=-0.182 beta=+0.258 | loss 3.0695 (delta +0.1841) size 498.9 MB sparsity 19.0%
gen 29 offspring [34/100] k= 55 (used  55.0) c=0.939 alpha=-0.036 beta=+0.083 | loss 2.9247 (delta +0.0394) size 541.4 MB sparsity 7.2%
gen 29 offspring [35/100] k= 27 (used  27.0) c=0.896 alpha=-0.003 beta=+0.037 | loss 3.0221 (delta +0.1367) size 496.7 MB sparsity 12.8%
gen 29 offspring [36/100] k= 13 (used  13.0) c=0.998 alpha=-0.039 beta=+0.004 | loss 4.1535 (delta +1.2682) size 444.2 MB sparsity 29.3%
gen 29 offspring [37/100] k= 18 (used  17.0) c=0.992 alpha=-0.297 beta=+0.428 | loss 3.7327 (delta +0.8474) size 440.8 MB sparsity 31.2%
gen 29 offspring [38/100] k= 17 (used  17.0) c=0.863 alpha=-0.047 beta=+0.172 | loss 3.2995 (delta +0.4141) size 461.5 MB sparsity 19.6%
gen 29 offspring [39/100] k= 17 (used  17.0) c=0.912 alpha=-0.000 beta=+0.012 | loss 3.3509 (delta +0.4655) size 459.7 MB sparsity 20.7%
gen 29 offspring [40/100] k= 18 (used  17.0) c=0.947 alpha=-0.284 beta=+0.086 | loss 3.4437 (delta +0.5584) size 454.7 MB sparsity 23.5%
gen 29 offspring [41/100] k=212 (used 210.4) c=0.994 alpha=-0.271 beta=+0.095 | loss 2.9798 (delta +0.0944) size 620.5 MB sparsity 15.4%
gen 29 offspring [42/100] k= 32 (used  31.0) c=0.989 alpha=-0.029 beta=+0.003 | loss 2.9950 (delta +0.1097) size 496.7 MB sparsity 12.2%
gen 29 offspring [43/100] k= 31 (used  31.0) c=0.940 alpha=-0.215 beta=+0.057 | loss 3.0128 (delta +0.1275) size 496.7 MB sparsity 15.2%
gen 29 offspring [44/100] k= 17 (used  17.0) c=0.971 alpha=-0.015 beta=+0.397 | loss 3.5494 (delta +0.6641) size 447.1 MB sparsity 27.7%
gen 29 offspring [45/100] k= 11 (used  11.0) c=0.857 alpha=-0.253 beta=+0.067 | loss 4.2299 (delta +1.3445) size 442.9 MB sparsity 30.0%
gen 29 offspring [46/100] k= 15 (used  15.0) c=0.841 alpha=-0.142 beta=+0.281 | loss 3.5103 (delta +0.6249) size 450.5 MB sparsity 23.6%
gen 29 offspring [47/100] k= 15 (used  15.0) c=0.998 alpha=-0.218 beta=+0.380 | loss 3.7521 (delta +0.8668) size 444.5 MB sparsity 29.2%
gen 29 offspring [48/100] k= 33 (used  33.0) c=0.998 alpha=-0.221 beta=+0.384 | loss 3.2506 (delta +0.3652) size 484.5 MB sparsity 25.5%
gen 29 offspring [49/100] k= 32 (used  32.0) c=0.918 alpha=-0.003 beta=+0.084 | loss 2.9734 (delta +0.0881) size 496.7 MB sparsity 11.4%
gen 29 offspring [50/100] k= 33 (used  33.0) c=0.940 alpha=-0.177 beta=+0.124 | loss 2.9902 (delta +0.1048) size 510.5 MB sparsity 13.8%
gen 29 offspring [51/100] k= 30 (used  30.0) c=0.872 alpha=-0.261 beta=+0.337 | loss 3.2422 (delta +0.3568) size 485.1 MB sparsity 25.2%
gen 29 offspring [52/100] k= 33 (used  33.0) c=0.996 alpha=-0.182 beta=+0.337 | loss 3.1456 (delta +0.2603) size 491.9 MB sparsity 22.1%
gen 29 offspring [53/100] k= 17 (used  17.0) c=0.970 alpha=-0.204 beta=+0.449 | loss 3.6378 (delta +0.7524) size 443.7 MB sparsity 29.6%
gen 29 offspring [54/100] k= 17 (used  17.0) c=0.840 alpha=-0.121 beta=+0.008 | loss 3.2873 (delta +0.4019) size 462.4 MB sparsity 19.1%
gen 29 offspring [55/100] k= 17 (used  17.0) c=0.907 alpha=-0.254 beta=+0.445 | loss 3.7053 (delta +0.8200) size 442.9 MB sparsity 30.1%
gen 29 offspring [56/100] k= 13 (used  13.0) c=0.826 alpha=-0.156 beta=+0.012 | loss 3.7576 (delta +0.8722) size 449.1 MB sparsity 24.6%
gen 29 offspring [57/100] k= 17 (used  17.0) c=0.825 alpha=-0.331 beta=+0.432 | loss 3.8357 (delta +0.9504) size 439.4 MB sparsity 32.0%
gen 29 offspring [58/100] k= 20 (used  20.0) c=0.884 alpha=-0.297 beta=+0.470 | loss 3.7051 (delta +0.8197) size 469.8 MB sparsity 32.0%
gen 29 offspring [59/100] k= 33 (used  33.0) c=0.987 alpha=-0.367 beta=+0.398 | loss 3.5168 (delta +0.6315) size 470.8 MB sparsity 31.6%
gen 29 offspring [60/100] k= 30 (used  29.0) c=0.994 alpha=-0.195 beta=+0.385 | loss 3.2576 (delta +0.3723) size 486.3 MB sparsity 24.7%
gen 29 offspring [61/100] k= 16 (used  16.0) c=0.855 alpha=-0.356 beta=+0.470 | loss 3.9777 (delta +1.0924) size 434.7 MB sparsity 34.6%
gen 29 offspring [62/100] k= 17 (used  17.0) c=0.902 alpha=-0.156 beta=+0.240 | loss 3.3678 (delta +0.4824) size 458.2 MB sparsity 21.5%
gen 29 offspring [63/100] k= 17 (used  17.0) c=0.925 alpha=-0.209 beta=+0.141 | loss 3.3369 (delta +0.4515) size 458.8 MB sparsity 21.2%
gen 29 offspring [64/100] k= 39 (used  39.0) c=0.882 alpha=-0.206 beta=+0.344 | loss 3.1721 (delta +0.2868) size 524.2 MB sparsity 23.1%
gen 29 offspring [65/100] k= 17 (used  17.0) c=0.869 alpha=-0.041 beta=+0.287 | loss 3.3542 (delta +0.4688) size 456.3 MB sparsity 22.6%
gen 29 offspring [66/100] k= 20 (used  20.0) c=0.923 alpha=-0.065 beta=+0.410 | loss 3.4369 (delta +0.5516) size 482.4 MB sparsity 26.4%
gen 29 offspring [67/100] k=211 (used 211.0) c=0.973 alpha=-0.029 beta=+0.037 | loss 2.8888 (delta +0.0034) size 630.9 MB sparsity 2.9%
gen 29 offspring [68/100] k= 41 (used  41.0) c=0.844 alpha=-0.199 beta=+0.324 | loss 3.1546 (delta +0.2693) size 527.2 MB sparsity 22.0%
gen 29 offspring [69/100] k= 16 (used  15.0) c=0.991 alpha=-0.219 beta=+0.036 | loss 3.6775 (delta +0.7922) size 448.6 MB sparsity 25.3%
gen 29 offspring [70/100] k= 13 (used  13.0) c=0.847 alpha=-0.068 beta=+0.489 | loss 8.0358 (delta +5.1505) size 438.1 MB sparsity 32.7%
gen 29 offspring [71/100] k= 17 (used  17.0) c=0.923 alpha=-0.185 beta=+0.404 | loss 3.5298 (delta +0.6445) size 447.6 MB sparsity 27.4%
gen 29 offspring [72/100] k= 33 (used  33.0) c=0.999 alpha=-0.212 beta=+0.387 | loss 3.2385 (delta +0.3532) size 485.1 MB sparsity 25.2%
gen 29 offspring [73/100] k= 64 (used  64.0) c=0.949 alpha=-0.063 beta=+0.129 | loss 2.9232 (delta +0.0378) size 541.4 MB sparsity 8.7%
gen 29 offspring [74/100] k= 33 (used  33.0) c=0.903 alpha=-0.189 beta=+0.007 | loss 2.9953 (delta +0.1099) size 511.1 MB sparsity 13.5%
gen 29 offspring [75/100] k= 22 (used  21.0) c=0.997 alpha=-0.195 beta=+0.363 | loss 3.3563 (delta +0.4709) size 485.8 MB sparsity 24.9%
gen 29 offspring [76/100] k= 33 (used  33.0) c=0.867 alpha=-0.063 beta=+0.036 | loss 2.9793 (delta +0.0939) size 518.8 MB sparsity 10.1%
gen 29 offspring [77/100] k= 33 (used  33.0) c=0.998 alpha=-0.221 beta=+0.428 | loss 3.3002 (delta +0.4148) size 480.8 MB sparsity 27.1%
gen 29 offspring [78/100] k= 35 (used  35.0) c=0.986 alpha=-0.009 beta=+0.032 | loss 2.9700 (delta +0.0846) size 541.4 MB sparsity 10.8%
gen 29 offspring [79/100] k= 37 (used  37.0) c=0.994 alpha=-0.003 beta=+0.050 | loss 2.9621 (delta +0.0767) size 541.4 MB sparsity 10.3%
gen 29 offspring [80/100] k= 17 (used  17.0) c=0.924 alpha=-0.195 beta=+0.433 | loss 3.5738 (delta +0.6885) size 445.7 MB sparsity 28.5%
gen 29 offspring [81/100] k= 32 (used  32.0) c=0.924 alpha=-0.305 beta=+0.346 | loss 3.3136 (delta +0.4282) size 480.5 MB sparsity 27.2%
gen 29 offspring [82/100] k=193 (used 193.0) c=0.995 alpha=-0.065 beta=+0.016 | loss 2.8906 (delta +0.0052) size 630.9 MB sparsity 3.7%
gen 29 offspring [83/100] k=113 (used 111.2) c=0.973 alpha=-0.376 beta=+0.385 | loss 3.4569 (delta +0.5715) size 532.8 MB sparsity 31.3%
gen 29 offspring [84/100] k= 16 (used  16.0) c=0.906 alpha=-0.316 beta=+0.371 | loss 3.7687 (delta +0.8833) size 443.0 MB sparsity 30.0%
gen 29 offspring [85/100] k= 65 (used  64.6) c=0.993 alpha=-0.192 beta=+0.433 | loss 3.2446 (delta +0.3593) size 517.0 MB sparsity 25.8%
gen 29 offspring [86/100] k= 65 (used  64.5) c=0.902 alpha=-0.020 beta=+0.432 | loss 3.4096 (delta +0.5243) size 531.8 MB sparsity 20.3%
gen 29 offspring [87/100] k= 32 (used  32.0) c=0.904 alpha=-0.042 beta=+0.350 | loss 3.1285 (delta +0.2432) size 495.2 MB sparsity 20.2%
gen 29 offspring [88/100] k= 32 (used  31.0) c=0.996 alpha=-0.197 beta=+0.016 | loss 3.0237 (delta +0.1383) size 496.7 MB sparsity 14.9%
gen 29 offspring [89/100] k= 17 (used  17.0) c=0.848 alpha=-0.259 beta=+0.042 | loss 3.3434 (delta +0.4581) size 458.5 MB sparsity 21.3%
gen 29 offspring [90/100] k= 65 (used  65.0) c=0.962 alpha=-0.160 beta=+0.011 | loss 2.9301 (delta +0.0447) size 560.2 MB sparsity 9.7%
gen 29 offspring [91/100] k=  7 (used   7.0) c=0.992 alpha=-0.231 beta=+0.445 | loss 11.5392 (delta +8.6539) size 381.9 MB sparsity 52.2%
gen 29 offspring [92/100] k= 16 (used  16.0) c=0.886 alpha=-0.026 beta=+0.127 | loss 3.4899 (delta +0.6045) size 450.3 MB sparsity 22.8%
gen 29 offspring [93/100] k= 17 (used  17.0) c=0.848 alpha=-0.210 beta=+0.291 | loss 3.3429 (delta +0.4576) size 455.6 MB sparsity 23.0%
gen 29 offspring [94/100] k= 17 (used  17.0) c=0.977 alpha=-0.376 beta=+0.394 | loss 3.8529 (delta +0.9675) size 438.3 MB sparsity 32.6%
gen 29 offspring [95/100] k= 17 (used  17.0) c=0.857 alpha=-0.223 beta=+0.223 | loss 3.3103 (delta +0.4250) size 458.8 MB sparsity 21.2%
gen 29 offspring [96/100] k= 29 (used  29.0) c=0.941 alpha=-0.162 beta=+0.359 | loss 3.1739 (delta +0.2886) size 491.3 MB sparsity 22.4%
gen 29 offspring [97/100] k= 40 (used  39.9) c=0.884 alpha=-0.297 beta=+0.470 | loss 3.5247 (delta +0.6393) size 501.8 MB sparsity 31.4%
gen 29 offspring [98/100] k= 18 (used  17.0) c=0.993 alpha=-0.252 beta=+0.432 | loss 3.6453 (delta +0.7599) size 443.0 MB sparsity 30.0%
gen 29 offspring [99/100] k= 16 (used  16.0) c=0.929 alpha=-0.122 beta=+0.291 | loss 3.5657 (delta +0.6803) size 449.3 MB sparsity 25.3%
gen 29 offspring [100/100] k= 21 (used  21.0) c=0.965 alpha=-0.182 beta=+0.345 | loss 3.3179 (delta +0.4326) size 488.2 MB sparsity 23.8%
=== generation 29/50 done in 448s (0 reused), batch baseline 2.8854, HV 0.22492, front 100 points, 100/100 feasible, best delta loss +0.0015, smallest 437.5 MB
gen 30 offspring [1/100] k=212 (used 211.1) c=0.994 alpha=-0.209 beta=+0.039 | loss 2.9274 (delta +0.0421) size 630.9 MB sparsity 10.5%
gen 30 offspring [2/100] k= 17 (used  17.0) c=0.969 alpha=-0.253 beta=+0.444 | loss 3.6757 (delta +0.7903) size 442.4 MB sparsity 30.3%
gen 30 offspring [3/100] k= 33 (used  33.0) c=0.995 alpha=-0.385 beta=+0.263 | loss 3.3243 (delta +0.4390) size 480.9 MB sparsity 27.0%
gen 30 offspring [4/100] k= 58 (used  58.0) c=0.942 alpha=-0.001 beta=+0.012 | loss 2.9278 (delta +0.0424) size 541.4 MB sparsity 6.3%
gen 30 offspring [5/100] k= 64 (used  64.0) c=0.912 alpha=-0.045 beta=+0.012 | loss 2.9132 (delta +0.0278) size 541.4 MB sparsity 5.5%
gen 30 offspring [6/100] k= 16 (used  16.0) c=0.848 alpha=-0.265 beta=+0.348 | loss 3.5495 (delta +0.6641) size 447.9 MB sparsity 27.2%
gen 30 offspring [7/100] k= 17 (used  17.0) c=0.848 alpha=-0.210 beta=+0.321 | loss 3.3762 (delta +0.4909) size 453.6 MB sparsity 24.1%
gen 30 offspring [8/100] k= 18 (used  17.0) c=0.977 alpha=-0.253 beta=+0.434 | loss 3.6517 (delta +0.7664) size 443.0 MB sparsity 30.0%
gen 30 offspring [9/100] k= 16 (used  16.0) c=0.862 alpha=-0.308 beta=+0.385 | loss 3.7131 (delta +0.8277) size 443.0 MB sparsity 30.0%
gen 30 offspring [10/100] k= 44 (used  44.0) c=0.952 alpha=-0.358 beta=+0.073 | loss 3.1186 (delta +0.2333) size 534.9 MB sparsity 19.1%
gen 30 offspring [11/100] k= 66 (used  66.0) c=0.941 alpha=-0.011 beta=+0.075 | loss 2.9107 (delta +0.0253) size 586.1 MB sparsity 6.2%
gen 30 offspring [12/100] k= 16 (used  16.0) c=0.848 alpha=-0.130 beta=+0.340 | loss 3.4813 (delta +0.5959) size 449.4 MB sparsity 25.7%
gen 30 offspring [13/100] k= 21 (used  21.0) c=0.847 alpha=-0.211 beta=+0.291 | loss 3.2451 (delta +0.3597) size 492.1 MB sparsity 22.1%
gen 30 offspring [14/100] k= 16 (used  16.0) c=0.850 alpha=-0.127 beta=+0.019 | loss 3.4050 (delta +0.5196) size 450.7 MB sparsity 21.9%
gen 30 offspring [15/100] k= 34 (used  34.0) c=0.923 alpha=-0.174 beta=+0.386 | loss 3.2071 (delta +0.3218) size 522.8 MB sparsity 23.6%
gen 30 offspring [16/100] k= 17 (used  17.0) c=0.859 alpha=-0.140 beta=+0.001 | loss 3.2895 (delta +0.4042) size 461.7 MB sparsity 19.5%
gen 30 offspring [17/100] k= 16 (used  15.0) c=0.947 alpha=-0.015 beta=+0.091 | loss 3.5989 (delta +0.7135) size 449.4 MB sparsity 24.2%
gen 30 offspring [18/100] k= 35 (used  35.0) c=0.901 alpha=-0.016 beta=+0.090 | loss 2.9654 (delta +0.0801) size 541.4 MB sparsity 9.9%
gen 30 offspring [19/100] k= 37 (used  37.0) c=0.905 alpha=-0.028 beta=+0.015 | loss 2.9501 (delta +0.0648) size 541.4 MB sparsity 9.4%
gen 30 offspring [20/100] k= 33 (used  33.0) c=1.000 alpha=-0.211 beta=+0.331 | loss 3.1668 (delta +0.2814) size 489.9 MB sparsity 23.0%
gen 30 offspring [21/100] k= 32 (used  31.0) c=0.971 alpha=-0.314 beta=+0.432 | loss 3.4923 (delta +0.6070) size 472.4 MB sparsity 30.9%
gen 30 offspring [22/100] k= 40 (used  39.0) c=0.993 alpha=-0.192 beta=+0.462 | loss 3.3478 (delta +0.4624) size 513.5 MB sparsity 27.1%
gen 30 offspring [23/100] k= 32 (used  31.0) c=0.998 alpha=-0.172 beta=+0.272 | loss 3.1015 (delta +0.2162) size 496.0 MB sparsity 19.4%
gen 30 offspring [24/100] k= 17 (used  17.0) c=0.923 alpha=-0.240 beta=+0.413 | loss 3.5922 (delta +0.7069) size 445.5 MB sparsity 28.6%
gen 30 offspring [25/100] k= 40 (used  40.0) c=0.940 alpha=-0.301 beta=+0.116 | loss 3.0640 (delta +0.1786) size 537.8 MB sparsity 18.0%
gen 30 offspring [26/100] k= 29 (used  29.0) c=0.863 alpha=-0.195 beta=+0.380 | loss 3.2241 (delta +0.3387) size 487.2 MB sparsity 24.2%
gen 30 offspring [27/100] k= 33 (used  33.0) c=0.923 alpha=-0.218 beta=+0.223 | loss 3.0875 (delta +0.2021) size 498.9 MB sparsity 19.0%
gen 30 offspring [28/100] k= 30 (used  30.0) c=0.908 alpha=-0.000 beta=+0.012 | loss 2.9945 (delta +0.1091) size 496.7 MB sparsity 12.1%
gen 30 offspring [29/100] k= 50 (used  50.0) c=0.972 alpha=-0.036 beta=+0.093 | loss 2.9400 (delta +0.0546) size 541.4 MB sparsity 8.2%
gen 30 offspring [30/100] k= 17 (used  17.0) c=0.996 alpha=-0.188 beta=+0.397 | loss 3.5768 (delta +0.6915) size 446.6 MB sparsity 28.0%
gen 30 offspring [31/100] k= 65 (used  65.0) c=0.956 alpha=-0.065 beta=+0.005 | loss 2.9135 (delta +0.0282) size 570.2 MB sparsity 5.9%
gen 30 offspring [32/100] k= 40 (used  40.0) c=0.861 alpha=-0.297 beta=+0.288 | loss 3.2506 (delta +0.3652) size 520.3 MB sparsity 24.5%
gen 30 offspring [33/100] k= 17 (used  17.0) c=0.975 alpha=-0.190 beta=+0.423 | loss 3.5962 (delta +0.7108) size 445.4 MB sparsity 28.7%
gen 30 offspring [34/100] k= 35 (used  35.0) c=0.917 alpha=-0.001 beta=+0.192 | loss 2.9955 (delta +0.1102) size 541.4 MB sparsity 13.4%
gen 30 offspring [35/100] k= 18 (used  17.0) c=0.992 alpha=-0.246 beta=+0.431 | loss 3.6457 (delta +0.7604) size 443.4 MB sparsity 29.8%
gen 30 offspring [36/100] k= 47 (used  47.0) c=0.971 alpha=-0.172 beta=+0.070 | loss 2.9447 (delta +0.0594) size 541.4 MB sparsity 11.4%
gen 30 offspring [37/100] k= 18 (used  17.0) c=0.980 alpha=-0.218 beta=+0.484 | loss 3.7565 (delta +0.8712) size 441.1 MB sparsity 31.0%
gen 30 offspring [38/100] k= 17 (used  17.0) c=0.848 alpha=-0.215 beta=+0.319 | loss 3.3770 (delta +0.4916) size 453.5 MB sparsity 24.1%
gen 30 offspring [39/100] k= 35 (used  35.0) c=0.843 alpha=-0.016 beta=+0.090 | loss 2.9665 (delta +0.0811) size 541.4 MB sparsity 9.4%
gen 30 offspring [40/100] k= 32 (used  32.0) c=0.903 alpha=-0.197 beta=+0.056 | loss 2.9987 (delta +0.1134) size 496.7 MB sparsity 14.2%
gen 30 offspring [41/100] k= 16 (used  15.0) c=0.977 alpha=-0.174 beta=+0.432 | loss 3.8026 (delta +0.9172) size 441.9 MB sparsity 30.6%
gen 30 offspring [42/100] k= 28 (used  27.0) c=0.998 alpha=-0.385 beta=+0.396 | loss 3.6192 (delta +0.7338) size 469.2 MB sparsity 32.3%
gen 30 offspring [43/100] k= 32 (used  32.0) c=0.941 alpha=-0.182 beta=+0.350 | loss 3.1676 (delta +0.2823) size 490.7 MB sparsity 22.7%
gen 30 offspring [44/100] k= 18 (used  17.0) c=0.993 alpha=-0.061 beta=+0.136 | loss 3.4097 (delta +0.5243) size 456.7 MB sparsity 22.4%
gen 30 offspring [45/100] k= 16 (used  16.0) c=0.847 alpha=-0.135 beta=+0.291 | loss 3.4410 (delta +0.5556) size 450.3 MB sparsity 24.0%
gen 30 offspring [46/100] k= 67 (used  67.0) c=0.941 alpha=-0.191 beta=+0.020 | loss 2.9419 (delta +0.0566) size 586.1 MB sparsity 10.8%
gen 30 offspring [47/100] k=178 (used 178.0) c=0.994 alpha=-0.064 beta=+0.039 | loss 2.8927 (delta +0.0073) size 630.9 MB sparsity 4.5%
gen 30 offspring [48/100] k= 16 (used  16.0) c=0.906 alpha=-0.033 beta=+0.344 | loss 3.5854 (delta +0.7000) size 448.4 MB sparsity 26.6%
gen 30 offspring [49/100] k= 32 (used  32.0) c=0.908 alpha=-0.197 beta=+0.300 | loss 3.1279 (delta +0.2426) size 493.9 MB sparsity 21.3%
gen 30 offspring [50/100] k= 18 (used  17.0) c=0.994 alpha=-0.210 beta=+0.485 | loss 4.8138 (delta +1.9284) size 441.0 MB sparsity 31.1%
gen 30 offspring [51/100] k=185 (used 185.0) c=0.991 alpha=-0.054 beta=+0.008 | loss 2.8904 (delta +0.0050) size 630.9 MB sparsity 3.4%
gen 30 offspring [52/100] k= 65 (used  65.0) c=0.941 alpha=-0.082 beta=+0.049 | loss 2.9122 (delta +0.0268) size 568.7 MB sparsity 6.5%
gen 30 offspring [53/100] k= 17 (used  17.0) c=0.971 alpha=-0.376 beta=+0.392 | loss 3.8454 (delta +0.9600) size 438.4 MB sparsity 32.6%
gen 30 offspring [54/100] k= 17 (used  17.0) c=0.855 alpha=-0.217 beta=+0.050 | loss 3.2894 (delta +0.4040) size 460.6 MB sparsity 20.2%
gen 30 offspring [55/100] k= 16 (used  15.0) c=0.977 alpha=-0.008 beta=+0.339 | loss 3.6922 (delta +0.8069) size 447.2 MB sparsity 27.5%
gen 30 offspring [56/100] k= 17 (used  17.0) c=0.917 alpha=-0.170 beta=+0.251 | loss 3.3642 (delta +0.4789) size 457.3 MB sparsity 22.0%
gen 30 offspring [57/100] k= 17 (used  17.0) c=1.000 alpha=-0.214 beta=+0.432 | loss 3.6218 (delta +0.7364) size 444.1 MB sparsity 29.4%
gen 30 offspring [58/100] k=  6 (used   5.0) c=0.848 alpha=-0.252 beta=+0.319 | loss 12.8744 (delta +9.9891) size 351.3 MB sparsity 62.5%
gen 30 offspring [59/100] k= 30 (used  29.0) c=0.997 alpha=-0.040 beta=+0.004 | loss 3.0214 (delta +0.1361) size 496.7 MB sparsity 13.2%
gen 30 offspring [60/100] k= 23 (used  23.0) c=0.995 alpha=-0.262 beta=+0.431 | loss 3.5189 (delta +0.6335) size 476.1 MB sparsity 29.2%
gen 30 offspring [61/100] k= 15 (used  15.0) c=0.850 alpha=-0.188 beta=+0.291 | loss 3.4700 (delta +0.5846) size 450.3 MB sparsity 24.1%
gen 30 offspring [62/100] k= 24 (used  24.0) c=0.858 alpha=-0.289 beta=+0.614 | loss 15.3523 (delta +12.4669) size 460.0 MB sparsity 36.4%
gen 30 offspring [63/100] k= 17 (used  17.0) c=0.885 alpha=-0.172 beta=+0.409 | loss 3.5436 (delta +0.6582) size 448.1 MB sparsity 27.1%
gen 30 offspring [64/100] k= 32 (used  31.0) c=0.987 alpha=-0.276 beta=+0.350 | loss 3.3131 (delta +0.4277) size 482.6 MB sparsity 26.3%
gen 30 offspring [65/100] k= 32 (used  32.0) c=0.963 alpha=-0.004 beta=+0.060 | loss 2.9904 (delta +0.1051) size 496.7 MB sparsity 11.9%
gen 30 offspring [66/100] k= 22 (used  22.0) c=0.847 alpha=-0.313 beta=+0.457 | loss 3.6646 (delta +0.7792) size 469.9 MB sparsity 32.0%
gen 30 offspring [67/100] k= 97 (used  97.0) c=0.996 alpha=-0.039 beta=+0.001 | loss 2.8962 (delta +0.0109) size 586.1 MB sparsity 4.0%
gen 30 offspring [68/100] k= 28 (used  27.0) c=0.971 alpha=-0.218 beta=+0.395 | loss 3.3555 (delta +0.4701) size 483.3 MB sparsity 26.0%
gen 30 offspring [69/100] k= 17 (used  17.0) c=0.973 alpha=-0.375 beta=+0.421 | loss 3.8896 (delta +1.0042) size 436.7 MB sparsity 33.5%
gen 30 offspring [70/100] k= 16 (used  16.0) c=0.901 alpha=-0.035 beta=+0.066 | loss 3.5015 (delta +0.6161) size 450.1 MB sparsity 23.2%
gen 30 offspring [71/100] k= 17 (used  17.0) c=0.998 alpha=-0.209 beta=+0.384 | loss 3.5528 (delta +0.6674) size 447.2 MB sparsity 27.6%
gen 30 offspring [72/100] k= 64 (used  63.0) c=0.985 alpha=-0.135 beta=+0.212 | loss 2.9821 (delta +0.0968) size 541.3 MB sparsity 14.8%
gen 30 offspring [73/100] k=109 (used 109.0) c=0.950 alpha=-0.060 beta=+0.004 | loss 2.8970 (delta +0.0116) size 586.1 MB sparsity 4.3%
gen 30 offspring [74/100] k= 17 (used  17.0) c=0.899 alpha=-0.376 beta=+0.033 | loss 3.5742 (delta +0.6888) size 450.0 MB sparsity 26.1%
gen 30 offspring [75/100] k= 15 (used  15.0) c=0.846 alpha=-0.140 beta=+0.472 | loss 3.8021 (delta +0.9168) size 442.5 MB sparsity 30.3%
gen 30 offspring [76/100] k= 17 (used  17.0) c=0.977 alpha=-0.282 beta=+0.405 | loss 3.6686 (delta +0.7833) size 443.3 MB sparsity 29.8%
gen 30 offspring [77/100] k= 18 (used  18.0) c=0.848 alpha=-0.070 beta=+0.084 | loss 3.2610 (delta +0.3757) size 494.0 MB sparsity 19.3%
gen 30 offspring [78/100] k= 33 (used  33.0) c=0.920 alpha=-0.144 beta=+0.289 | loss 3.0734 (delta +0.1881) size 499.4 MB sparsity 18.8%
gen 30 offspring [79/100] k= 14 (used  13.0) c=0.952 alpha=-0.004 beta=+0.401 | loss 4.2014 (delta +1.3161) size 440.5 MB sparsity 31.4%
gen 30 offspring [80/100] k= 33 (used  33.0) c=0.858 alpha=-0.206 beta=+0.253 | loss 3.1558 (delta +0.2705) size 497.6 MB sparsity 19.6%
gen 30 offspring [81/100] k= 29 (used  29.0) c=0.848 alpha=-0.122 beta=+0.340 | loss 3.1435 (delta +0.2581) size 495.4 MB sparsity 20.2%
gen 30 offspring [82/100] k= 17 (used  17.0) c=0.989 alpha=-0.081 beta=+0.313 | loss 3.4832 (delta +0.5979) size 451.9 MB sparsity 25.0%
gen 30 offspring [83/100] k= 17 (used  17.0) c=0.848 alpha=-0.212 beta=+0.337 | loss 3.3901 (delta +0.5048) size 452.5 MB sparsity 24.7%
gen 30 offspring [84/100] k= 34 (used  34.0) c=0.965 alpha=-0.331 beta=+0.360 | loss 3.3735 (delta +0.4881) size 509.0 MB sparsity 28.8%
gen 30 offspring [85/100] k= 17 (used  17.0) c=0.844 alpha=-0.331 beta=+0.432 | loss 3.8063 (delta +0.9209) size 439.3 MB sparsity 32.0%
gen 30 offspring [86/100] k= 17 (used  17.0) c=0.992 alpha=-0.191 beta=+0.433 | loss 3.6055 (delta +0.7201) size 444.4 MB sparsity 29.2%
gen 30 offspring [87/100] k= 32 (used  32.0) c=0.908 alpha=-0.197 beta=+0.235 | loss 3.0726 (delta +0.1872) size 496.4 MB sparsity 18.7%
gen 30 offspring [88/100] k= 33 (used  33.0) c=0.979 alpha=-0.255 beta=+0.433 | loss 3.3468 (delta +0.4615) size 477.5 MB sparsity 28.6%
gen 30 offspring [89/100] k= 16 (used  16.0) c=0.870 alpha=-0.077 beta=+0.336 | loss 3.4932 (delta +0.6079) size 449.2 MB sparsity 25.8%
gen 30 offspring [90/100] k= 16 (used  16.0) c=0.848 alpha=-0.058 beta=+0.077 | loss 3.3990 (delta +0.5137) size 450.7 MB sparsity 21.9%
gen 30 offspring [91/100] k=213 (used 213.0) c=0.991 alpha=-0.023 beta=+0.013 | loss 2.8882 (delta +0.0028) size 630.9 MB sparsity 2.0%
gen 30 offspring [92/100] k= 60 (used  60.0) c=0.941 alpha=-0.041 beta=+0.105 | loss 2.9288 (delta +0.0434) size 541.4 MB sparsity 7.7%
gen 30 offspring [93/100] k= 34 (used  34.0) c=0.965 alpha=-0.045 beta=+0.348 | loss 3.1222 (delta +0.2368) size 532.2 MB sparsity 20.1%
gen 30 offspring [94/100] k= 33 (used  33.0) c=0.973 alpha=-0.057 beta=+0.212 | loss 3.0016 (delta +0.1163) size 508.1 MB sparsity 14.9%
gen 30 offspring [95/100] k= 17 (used  17.0) c=0.987 alpha=-0.012 beta=+0.432 | loss 3.6199 (delta +0.7346) size 444.6 MB sparsity 29.1%
gen 30 offspring [96/100] k=114 (used 113.0) c=0.998 alpha=-0.039 beta=+0.004 | loss 2.8941 (delta +0.0088) size 586.1 MB sparsity 3.6%
gen 30 offspring [97/100] k= 91 (used  91.0) c=0.941 alpha=-0.182 beta=+0.086 | loss 2.9268 (delta +0.0414) size 586.1 MB sparsity 11.4%
gen 30 offspring [98/100] k= 30 (used  29.0) c=0.982 alpha=-0.142 beta=+0.139 | loss 3.0133 (delta +0.1279) size 496.7 MB sparsity 13.8%
gen 30 offspring [99/100] k= 22 (used  21.0) c=0.995 alpha=-0.210 beta=+0.382 | loss 3.4073 (delta +0.5219) size 483.4 MB sparsity 25.9%
gen 30 offspring [100/100] k= 32 (used  32.0) c=0.858 alpha=-0.336 beta=+0.024 | loss 3.1276 (delta +0.2422) size 495.9 MB sparsity 19.3%
=== generation 30/50 done in 447s (0 reused), batch baseline 2.8854, HV 0.22492, front 100 points, 100/100 feasible, best delta loss +0.0015, smallest 437.5 MB
gen 31 offspring [1/100] k= 17 (used  17.0) c=0.996 alpha=-0.166 beta=+0.384 | loss 3.5559 (delta +0.6706) size 447.4 MB sparsity 27.6%
gen 31 offspring [2/100] k= 31 (used  31.0) c=0.941 alpha=-0.181 beta=+0.291 | loss 3.1002 (delta +0.2149) size 495.4 MB sparsity 20.4%
gen 31 offspring [3/100] k= 64 (used  63.6) c=0.969 alpha=-0.057 beta=+0.444 | loss 3.3818 (delta +0.4964) size 529.5 MB sparsity 21.1%
gen 31 offspring [4/100] k=  8 (used   8.0) c=0.812 alpha=-0.297 beta=+0.471 | loss 9.4742 (delta +6.5889) size 391.8 MB sparsity 44.8%
gen 31 offspring [5/100] k= 17 (used  17.0) c=0.985 alpha=-0.213 beta=+0.321 | loss 3.4839 (delta +0.5985) size 451.3 MB sparsity 25.3%
gen 31 offspring [6/100] k= 62 (used  62.0) c=0.912 alpha=-0.000 beta=+0.012 | loss 2.9187 (delta +0.0333) size 541.4 MB sparsity 5.7%
gen 31 offspring [7/100] k= 18 (used  18.0) c=0.905 alpha=-0.293 beta=+0.442 | loss 3.7685 (delta +0.8831) size 471.5 MB sparsity 31.2%
gen 31 offspring [8/100] k= 30 (used  30.0) c=0.858 alpha=-0.150 beta=+0.370 | loss 3.1849 (delta +0.2996) size 491.7 MB sparsity 22.2%
gen 31 offspring [9/100] k= 97 (used  97.0) c=0.997 alpha=-0.080 beta=+0.086 | loss 2.8993 (delta +0.0140) size 586.1 MB sparsity 7.2%
gen 31 offspring [10/100] k= 33 (used  33.0) c=0.984 alpha=-0.182 beta=+0.384 | loss 3.2082 (delta +0.3229) size 487.9 MB sparsity 23.9%
gen 31 offspring [11/100] k= 33 (used  33.0) c=0.923 alpha=-0.218 beta=+0.410 | loss 3.2799 (delta +0.3945) size 482.8 MB sparsity 26.2%
gen 31 offspring [12/100] k= 43 (used  43.0) c=0.952 alpha=-0.259 beta=+0.073 | loss 3.0073 (delta +0.1219) size 541.1 MB sparsity 15.2%
gen 31 offspring [13/100] k= 34 (used  33.0) c=0.973 alpha=-0.212 beta=+0.224 | loss 3.0721 (delta +0.1867) size 499.2 MB sparsity 18.9%
gen 31 offspring [14/100] k= 18 (used  18.0) c=0.880 alpha=-0.385 beta=+0.369 | loss 3.9179 (delta +1.0326) size 470.3 MB sparsity 31.8%
gen 31 offspring [15/100] k=176 (used 176.0) c=0.994 alpha=-0.064 beta=+0.012 | loss 2.8920 (delta +0.0067) size 630.9 MB sparsity 3.8%
gen 31 offspring [16/100] k= 65 (used  65.0) c=0.941 alpha=-0.013 beta=+0.086 | loss 2.9116 (delta +0.0262) size 568.4 MB sparsity 6.6%
gen 31 offspring [17/100] k= 15 (used  15.0) c=0.848 alpha=-0.127 beta=+0.291 | loss 3.4704 (delta +0.5851) size 450.3 MB sparsity 24.0%
gen 31 offspring [18/100] k= 17 (used  17.0) c=0.923 alpha=-0.331 beta=+0.432 | loss 3.8203 (delta +0.9350) size 439.0 MB sparsity 32.3%
gen 31 offspring [19/100] k=109 (used 109.0) c=0.987 alpha=-0.039 beta=+0.011 | loss 2.9007 (delta +0.0154) size 586.1 MB sparsity 3.6%
gen 31 offspring [20/100] k= 37 (used  37.0) c=0.997 alpha=-0.059 beta=+0.039 | loss 2.9620 (delta +0.0767) size 541.4 MB sparsity 10.3%
gen 31 offspring [21/100] k= 18 (used  17.0) c=0.983 alpha=-0.253 beta=+0.445 | loss 3.7096 (delta +0.8242) size 442.2 MB sparsity 30.4%
gen 31 offspring [22/100] k= 35 (used  35.0) c=0.920 alpha=-0.136 beta=+0.286 | loss 3.0786 (delta +0.1932) size 537.0 MB sparsity 18.3%
gen 31 offspring [23/100] k= 16 (used  16.0) c=0.822 alpha=-0.119 beta=+0.389 | loss 3.5980 (delta +0.7127) size 448.0 MB sparsity 27.0%
gen 31 offspring [24/100] k= 33 (used  33.0) c=0.965 alpha=-0.196 beta=+0.454 | loss 3.3387 (delta +0.4534) size 480.9 MB sparsity 27.0%
gen 31 offspring [25/100] k= 49 (used  48.9) c=0.963 alpha=-0.150 beta=+0.399 | loss 3.1983 (delta +0.3129) size 524.6 MB sparsity 22.9%
gen 31 offspring [26/100] k= 29 (used  29.0) c=0.868 alpha=-0.182 beta=+0.345 | loss 3.1637 (delta +0.2784) size 491.2 MB sparsity 22.4%
gen 31 offspring [27/100] k= 17 (used  17.0) c=0.850 alpha=-0.156 beta=+0.289 | loss 3.3336 (delta +0.4482) size 456.6 MB sparsity 22.4%
gen 31 offspring [28/100] k= 32 (used  32.0) c=0.917 alpha=-0.223 beta=+0.078 | loss 3.0141 (delta +0.1288) size 496.7 MB sparsity 15.3%
gen 31 offspring [29/100] k= 17 (used  17.0) c=0.993 alpha=-0.059 beta=+0.441 | loss 3.6291 (delta +0.7437) size 443.9 MB sparsity 29.5%
gen 31 offspring [30/100] k= 17 (used  17.0) c=0.961 alpha=-0.331 beta=+0.472 | loss 3.9799 (delta +1.0945) size 436.3 MB sparsity 33.8%
gen 31 offspring [31/100] k= 17 (used  17.0) c=0.995 alpha=-0.173 beta=+0.384 | loss 3.5655 (delta +0.6802) size 447.4 MB sparsity 27.6%
gen 31 offspring [32/100] k= 32 (used  32.0) c=0.903 alpha=-0.197 beta=+0.260 | loss 3.0941 (delta +0.2087) size 496.0 MB sparsity 19.7%
gen 31 offspring [33/100] k= 24 (used  24.0) c=0.846 alpha=-0.081 beta=+0.313 | loss 3.1902 (delta +0.3048) size 494.7 MB sparsity 20.3%
gen 31 offspring [34/100] k=  8 (used   7.0) c=0.998 alpha=-0.186 beta=+0.065 | loss 11.5751 (delta +8.6898) size 381.6 MB sparsity 52.4%
gen 31 offspring [35/100] k= 17 (used  17.0) c=0.848 alpha=-0.212 beta=+0.337 | loss 3.3915 (delta +0.5061) size 452.5 MB sparsity 24.7%
gen 31 offspring [36/100] k= 12 (used  12.0) c=0.842 alpha=-0.057 beta=+0.077 | loss 4.1775 (delta +1.2921) size 443.7 MB sparsity 29.6%
gen 31 offspring [37/100] k= 18 (used  17.0) c=0.987 alpha=-0.219 beta=+0.432 | loss 3.6214 (delta +0.7360) size 444.2 MB sparsity 29.3%
gen 31 offspring [38/100] k= 64 (used  64.0) c=0.921 alpha=-0.000 beta=+0.038 | loss 2.9143 (delta +0.0290) size 541.4 MB sparsity 5.6%
gen 31 offspring [39/100] k= 30 (used  29.0) c=0.982 alpha=-0.211 beta=+0.044 | loss 3.0446 (delta +0.1592) size 496.6 MB sparsity 15.8%
gen 31 offspring [40/100] k=219 (used 219.0) c=0.994 alpha=-0.037 beta=+0.039 | loss 2.8880 (delta +0.0026) size 630.9 MB sparsity 3.3%
gen 31 offspring [41/100] k= 27 (used  26.9) c=0.862 alpha=-0.218 beta=+0.623 | loss 15.1877 (delta +12.3024) size 465.6 MB sparsity 33.9%
gen 31 offspring [42/100] k= 17 (used  17.0) c=0.918 alpha=-0.373 beta=+0.413 | loss 3.9435 (delta +1.0582) size 437.5 MB sparsity 33.0%
gen 31 offspring [43/100] k= 15 (used  15.0) c=0.849 alpha=-0.228 beta=+0.445 | loss 3.7127 (delta +0.8274) size 443.4 MB sparsity 29.8%
gen 31 offspring [44/100] k= 33 (used  33.0) c=0.942 alpha=-0.001 beta=+0.012 | loss 2.9771 (delta +0.0917) size 516.9 MB sparsity 11.0%
gen 31 offspring [45/100] k= 33 (used  33.0) c=0.924 alpha=-0.195 beta=+0.433 | loss 3.2862 (delta +0.4008) size 482.9 MB sparsity 26.2%
gen 31 offspring [46/100] k= 15 (used  15.0) c=0.850 alpha=-0.270 beta=+0.354 | loss 3.6220 (delta +0.7366) size 447.2 MB sparsity 27.6%
gen 31 offspring [47/100] k= 19 (used  19.0) c=0.940 alpha=-0.256 beta=+0.086 | loss 3.2761 (delta +0.3908) size 493.2 MB sparsity 21.1%
gen 31 offspring [48/100] k= 33 (used  33.0) c=0.979 alpha=-0.029 beta=+0.022 | loss 2.9717 (delta +0.0863) size 515.9 MB sparsity 11.4%
gen 31 offspring [49/100] k= 32 (used  32.0) c=0.857 alpha=-0.134 beta=+0.210 | loss 3.0445 (delta +0.1592) size 496.7 MB sparsity 15.3%
gen 31 offspring [50/100] k= 31 (used  31.0) c=0.971 alpha=-0.206 beta=+0.397 | loss 3.2629 (delta +0.3775) size 484.6 MB sparsity 25.4%
gen 31 offspring [51/100] k= 32 (used  31.0) c=0.970 alpha=-0.196 beta=+0.349 | loss 3.1853 (delta +0.3000) size 489.6 MB sparsity 23.2%
gen 31 offspring [52/100] k= 13 (used  13.0) c=0.875 alpha=-0.228 beta=+0.431 | loss 3.8915 (delta +1.0061) size 440.9 MB sparsity 31.2%
gen 31 offspring [53/100] k= 65 (used  65.0) c=0.942 alpha=-0.001 beta=+0.001 | loss 2.9107 (delta +0.0253) size 571.3 MB sparsity 5.5%
gen 31 offspring [54/100] k= 33 (used  33.0) c=0.965 alpha=-0.193 beta=+0.346 | loss 3.1549 (delta +0.2695) size 490.2 MB sparsity 22.9%
gen 31 offspring [55/100] k= 17 (used  17.0) c=0.987 alpha=-0.222 beta=+0.397 | loss 3.5799 (delta +0.6946) size 446.3 MB sparsity 28.1%
gen 31 offspring [56/100] k= 14 (used  13.0) c=0.979 alpha=-0.004 beta=+0.432 | loss 4.2704 (delta +1.3850) size 438.0 MB sparsity 32.8%
gen 31 offspring [57/100] k= 16 (used  16.0) c=0.849 alpha=-0.063 beta=+0.368 | loss 3.5081 (delta +0.6227) size 448.5 MB sparsity 26.6%
gen 31 offspring [58/100] k= 17 (used  17.0) c=0.998 alpha=-0.068 beta=+0.282 | loss 3.4743 (delta +0.5889) size 453.6 MB sparsity 24.1%
gen 31 offspring [59/100] k= 20 (used  19.0) c=0.973 alpha=-0.376 beta=+0.418 | loss 3.8760 (delta +0.9906) size 467.1 MB sparsity 33.2%
gen 31 offspring [60/100] k= 16 (used  16.0) c=0.866 alpha=-0.246 beta=+0.398 | loss 3.6339 (delta +0.7485) size 445.5 MB sparsity 28.6%
gen 31 offspring [61/100] k= 16 (used  16.0) c=0.850 alpha=-0.137 beta=+0.019 | loss 3.4050 (delta +0.5196) size 450.7 MB sparsity 21.9%
gen 31 offspring [62/100] k= 17 (used  17.0) c=0.844 alpha=-0.238 beta=+0.313 | loss 3.4527 (delta +0.5673) size 452.8 MB sparsity 24.5%
gen 31 offspring [63/100] k= 35 (used  35.0) c=0.998 alpha=-0.016 beta=+0.157 | loss 2.9828 (delta +0.0974) size 541.4 MB sparsity 12.6%
gen 31 offspring [64/100] k=207 (used 202.3) c=0.900 alpha=-0.274 beta=+0.390 | loss 3.2793 (delta +0.3940) size 577.3 MB sparsity 27.5%
gen 31 offspring [65/100] k= 24 (used  24.0) c=0.851 alpha=-0.189 beta=+0.011 | loss 3.0857 (delta +0.2004) size 496.5 MB sparsity 15.8%
gen 31 offspring [66/100] k= 32 (used  32.0) c=0.918 alpha=-0.003 beta=+0.084 | loss 2.9743 (delta +0.0890) size 496.7 MB sparsity 11.4%
gen 31 offspring [67/100] k= 17 (used  17.0) c=0.976 alpha=-0.371 beta=+0.341 | loss 3.7153 (delta +0.8300) size 441.9 MB sparsity 30.6%
gen 31 offspring [68/100] k= 17 (used  17.0) c=0.924 alpha=-0.028 beta=+0.044 | loss 3.3295 (delta +0.4441) size 459.2 MB sparsity 20.9%
gen 31 offspring [69/100] k= 17 (used  17.0) c=0.886 alpha=-0.001 beta=+0.058 | loss 3.3168 (delta +0.4315) size 460.7 MB sparsity 20.1%
gen 31 offspring [70/100] k= 34 (used  34.0) c=0.965 alpha=-0.247 beta=+0.337 | loss 3.2136 (delta +0.3283) size 520.2 MB sparsity 24.6%
gen 31 offspring [71/100] k= 15 (used  15.0) c=0.851 alpha=-0.140 beta=+0.253 | loss 3.4561 (delta +0.5708) size 450.6 MB sparsity 22.9%
gen 31 offspring [72/100] k= 17 (used  17.0) c=0.865 alpha=-0.003 beta=+0.399 | loss 3.5154 (delta +0.6301) size 449.2 MB sparsity 26.5%
gen 31 offspring [73/100] k= 53 (used  53.0) c=0.941 alpha=-0.060 beta=+0.086 | loss 2.9252 (delta +0.0399) size 541.4 MB sparsity 7.4%
gen 31 offspring [74/100] k=178 (used 176.7) c=0.971 alpha=-0.293 beta=+0.039 | loss 2.9904 (delta +0.1051) size 625.7 MB sparsity 13.9%
gen 31 offspring [75/100] k= 19 (used  19.0) c=0.857 alpha=-0.314 beta=+0.432 | loss 3.7139 (delta +0.8285) size 471.5 MB sparsity 31.3%
gen 31 offspring [76/100] k= 32 (used  32.0) c=0.952 alpha=-0.191 beta=+0.223 | loss 3.0730 (delta +0.1877) size 496.5 MB sparsity 18.1%
gen 31 offspring [77/100] k= 17 (used  17.0) c=0.923 alpha=-0.222 beta=+0.406 | loss 3.5495 (delta +0.6641) size 446.7 MB sparsity 27.9%
gen 31 offspring [78/100] k= 17 (used  17.0) c=0.990 alpha=-0.206 beta=+0.432 | loss 3.6220 (delta +0.7366) size 444.4 MB sparsity 29.2%
gen 31 offspring [79/100] k= 18 (used  17.0) c=0.994 alpha=-0.385 beta=+0.425 | loss 3.9188 (delta +1.0335) size 435.7 MB sparsity 34.1%
gen 31 offspring [80/100] k= 33 (used  33.0) c=0.973 alpha=-0.058 beta=+0.379 | loss 3.1742 (delta +0.2889) size 493.7 MB sparsity 21.3%
gen 31 offspring [81/100] k= 17 (used  17.0) c=0.847 alpha=-0.188 beta=+0.011 | loss 3.2725 (delta +0.3871) size 461.8 MB sparsity 19.5%
gen 31 offspring [82/100] k= 68 (used  68.0) c=0.932 alpha=-0.082 beta=+0.088 | loss 2.9122 (delta +0.0269) size 586.1 MB sparsity 7.6%
gen 31 offspring [83/100] k= 45 (used  45.0) c=0.984 alpha=-0.252 beta=+0.398 | loss 3.2949 (delta +0.4095) size 513.7 MB sparsity 27.0%
gen 31 offspring [84/100] k= 17 (used  17.0) c=0.857 alpha=-0.147 beta=+0.266 | loss 3.3232 (delta +0.4378) size 457.9 MB sparsity 21.7%
gen 31 offspring [85/100] k= 18 (used  18.0) c=0.832 alpha=-0.269 beta=+0.210 | loss 3.3614 (delta +0.4760) size 491.9 MB sparsity 22.1%
gen 31 offspring [86/100] k= 23 (used  23.0) c=0.992 alpha=-0.291 beta=+0.034 | loss 3.2425 (delta +0.3572) size 493.9 MB sparsity 20.8%
gen 31 offspring [87/100] k= 17 (used  17.0) c=0.979 alpha=-0.241 beta=+0.271 | loss 3.4439 (delta +0.5586) size 453.5 MB sparsity 24.1%
gen 31 offspring [88/100] k= 18 (used  17.0) c=0.992 alpha=-0.256 beta=+0.291 | loss 3.4682 (delta +0.5829) size 451.5 MB sparsity 25.2%
gen 31 offspring [89/100] k= 64 (used  63.8) c=0.905 alpha=-0.276 beta=+0.350 | loss 3.2350 (delta +0.3496) size 516.2 MB sparsity 26.0%
gen 31 offspring [90/100] k= 31 (used  31.0) c=0.940 alpha=-0.301 beta=+0.045 | loss 3.0805 (delta +0.1951) size 496.2 MB sparsity 18.5%
gen 31 offspring [91/100] k= 17 (used  17.0) c=0.886 alpha=-0.225 beta=+0.397 | loss 3.5582 (delta +0.6729) size 447.6 MB sparsity 27.4%
gen 31 offspring [92/100] k= 57 (used  57.0) c=0.943 alpha=-0.203 beta=+0.086 | loss 2.9592 (delta +0.0739) size 541.4 MB sparsity 12.6%
gen 31 offspring [93/100] k= 13 (used  13.0) c=0.990 alpha=-0.231 beta=+0.067 | loss 4.1428 (delta +1.2574) size 444.5 MB sparsity 29.1%
gen 31 offspring [94/100] k=100 (used  99.0) c=0.998 alpha=-0.040 beta=+0.004 | loss 2.8945 (delta +0.0092) size 586.1 MB sparsity 3.9%
gen 31 offspring [95/100] k= 34 (used  34.0) c=0.951 alpha=-0.238 beta=+0.413 | loss 3.3325 (delta +0.4471) size 513.3 MB sparsity 27.1%
gen 31 offspring [96/100] k= 17 (used  17.0) c=0.923 alpha=-0.169 beta=+0.410 | loss 3.5424 (delta +0.6571) size 447.3 MB sparsity 27.6%
gen 31 offspring [97/100] k= 17 (used  17.0) c=0.997 alpha=-0.019 beta=+0.432 | loss 3.6163 (delta +0.7309) size 444.3 MB sparsity 29.2%
gen 31 offspring [98/100] k=217 (used 217.0) c=0.860 alpha=-0.037 beta=+0.039 | loss 2.9086 (delta +0.0233) size 630.9 MB sparsity 3.3%
gen 31 offspring [99/100] k= 33 (used  33.0) c=0.916 alpha=-0.002 beta=+0.084 | loss 2.9745 (delta +0.0891) size 517.5 MB sparsity 10.7%
gen 31 offspring [100/100] k= 10 (used   9.0) c=0.975 alpha=-0.182 beta=+0.346 | loss 7.5007 (delta +4.6153) size 397.2 MB sparsity 40.8%
=== generation 31/50 done in 447s (0 reused), batch baseline 2.8854, HV 0.22497, front 100 points, 100/100 feasible, best delta loss +0.0015, smallest 437.5 MB
gen 32 offspring [1/100] k= 15 (used  15.0) c=0.996 alpha=-0.138 beta=+0.348 | loss 3.7026 (delta +0.8173) size 446.4 MB sparsity 28.1%
gen 32 offspring [2/100] k= 33 (used  33.0) c=0.995 alpha=-0.080 beta=+0.565 | loss 15.1940 (delta +12.3087) size 478.4 MB sparsity 28.2%
gen 32 offspring [3/100] k= 16 (used  16.0) c=0.903 alpha=-0.203 beta=+0.350 | loss 3.5757 (delta +0.6904) size 448.2 MB sparsity 26.8%
gen 32 offspring [4/100] k= 18 (used  17.0) c=0.971 alpha=-0.314 beta=+0.456 | loss 3.8621 (delta +0.9767) size 438.2 MB sparsity 32.7%
gen 32 offspring [5/100] k= 17 (used  17.0) c=0.848 alpha=-0.210 beta=+0.252 | loss 3.3006 (delta +0.4152) size 457.9 MB sparsity 21.7%
gen 32 offspring [6/100] k=177 (used 175.2) c=0.992 alpha=-0.187 beta=+0.291 | loss 3.0458 (delta +0.1604) size 603.7 MB sparsity 20.1%
gen 32 offspring [7/100] k= 17 (used  17.0) c=0.850 alpha=-0.197 beta=+0.342 | loss 3.3906 (delta +0.5052) size 452.7 MB sparsity 24.6%
gen 32 offspring [8/100] k= 22 (used  22.0) c=0.863 alpha=-0.253 beta=+0.432 | loss 3.4865 (delta +0.6012) size 476.8 MB sparsity 28.9%
gen 32 offspring [9/100] k= 32 (used  31.0) c=0.968 alpha=-0.129 beta=+0.349 | loss 3.1504 (delta +0.2651) size 494.4 MB sparsity 20.9%
gen 32 offspring [10/100] k= 17 (used  17.0) c=0.911 alpha=-0.188 beta=+0.011 | loss 3.3398 (delta +0.4545) size 459.6 MB sparsity 20.7%
gen 32 offspring [11/100] k= 66 (used  65.0) c=0.997 alpha=-0.001 beta=+0.001 | loss 2.9169 (delta +0.0315) size 570.4 MB sparsity 5.9%
gen 32 offspring [12/100] k= 32 (used  32.0) c=0.908 alpha=-0.054 beta=+0.055 | loss 2.9768 (delta +0.0915) size 496.7 MB sparsity 11.3%
gen 32 offspring [13/100] k= 35 (used  35.0) c=0.937 alpha=-0.057 beta=+0.209 | loss 3.0106 (delta +0.1253) size 541.2 MB sparsity 14.2%
gen 32 offspring [14/100] k= 32 (used  32.0) c=0.920 alpha=-0.019 beta=+0.296 | loss 3.0685 (delta +0.1831) size 496.3 MB sparsity 18.2%
gen 32 offspring [15/100] k= 17 (used  17.0) c=0.972 alpha=-0.291 beta=+0.441 | loss 3.7483 (delta +0.8630) size 440.6 MB sparsity 31.4%
gen 32 offspring [16/100] k= 17 (used  17.0) c=0.922 alpha=-0.185 beta=+0.403 | loss 3.5437 (delta +0.6583) size 447.7 MB sparsity 27.4%
gen 32 offspring [17/100] k=  9 (used   9.0) c=0.994 alpha=-0.388 beta=+0.368 | loss 7.4310 (delta +4.5456) size 396.2 MB sparsity 41.5%
gen 32 offspring [18/100] k= 17 (used  17.0) c=0.857 alpha=-0.131 beta=+0.269 | loss 3.3249 (delta +0.4396) size 457.7 MB sparsity 21.8%
gen 32 offspring [19/100] k= 30 (used  30.0) c=0.861 alpha=-0.195 beta=+0.380 | loss 3.2271 (delta +0.3417) size 487.2 MB sparsity 24.2%
gen 32 offspring [20/100] k= 37 (used  37.0) c=0.906 alpha=-0.028 beta=+0.057 | loss 2.9502 (delta +0.0649) size 541.4 MB sparsity 9.4%
gen 32 offspring [21/100] k= 16 (used  15.0) c=1.000 alpha=-0.175 beta=+0.375 | loss 3.7506 (delta +0.8652) size 444.8 MB sparsity 29.0%
gen 32 offspring [22/100] k= 17 (used  17.0) c=0.924 alpha=-0.034 beta=+0.433 | loss 3.5757 (delta +0.6903) size 445.8 MB sparsity 28.4%
gen 32 offspring [23/100] k= 64 (used  63.6) c=0.968 alpha=-0.001 beta=+0.449 | loss 3.4057 (delta +0.5203) size 529.3 MB sparsity 21.2%
gen 32 offspring [24/100] k= 14 (used  13.0) c=0.963 alpha=-0.138 beta=+0.350 | loss 4.1167 (delta +1.2314) size 443.0 MB sparsity 30.0%
gen 32 offspring [25/100] k= 35 (used  35.0) c=0.998 alpha=-0.217 beta=+0.270 | loss 3.1221 (delta +0.2368) size 530.3 MB sparsity 20.8%
gen 32 offspring [26/100] k= 17 (used  17.0) c=0.924 alpha=-0.194 beta=+0.433 | loss 3.5732 (delta +0.6878) size 445.7 MB sparsity 28.5%
gen 32 offspring [27/100] k=107 (used 107.0) c=0.998 alpha=-0.044 beta=+0.012 | loss 2.8960 (delta +0.0107) size 586.1 MB sparsity 3.8%
gen 32 offspring [28/100] k= 20 (used  19.0) c=0.994 alpha=-0.288 beta=+0.039 | loss 3.4069 (delta +0.5216) size 490.4 MB sparsity 22.8%
gen 32 offspring [29/100] k= 39 (used  39.0) c=0.965 alpha=-0.210 beta=+0.393 | loss 3.2500 (delta +0.3647) size 518.6 MB sparsity 25.2%
gen 32 offspring [30/100] k= 17 (used  17.0) c=0.973 alpha=-0.286 beta=+0.443 | loss 3.7544 (delta +0.8691) size 440.7 MB sparsity 31.3%
gen 32 offspring [31/100] k= 16 (used  16.0) c=0.855 alpha=-0.231 beta=+0.067 | loss 3.4209 (delta +0.5356) size 450.7 MB sparsity 22.5%
gen 32 offspring [32/100] k= 17 (used  17.0) c=0.973 alpha=-0.405 beta=+0.392 | loss 3.9259 (delta +1.0405) size 436.6 MB sparsity 33.6%
gen 32 offspring [33/100] k= 41 (used  41.0) c=0.969 alpha=-0.253 beta=+0.420 | loss 3.3351 (delta +0.4498) size 511.3 MB sparsity 27.9%
gen 32 offspring [34/100] k= 64 (used  64.0) c=0.912 alpha=-0.002 beta=+0.008 | loss 2.9128 (delta +0.0274) size 541.4 MB sparsity 5.5%
gen 32 offspring [35/100] k= 16 (used  16.0) c=0.848 alpha=-0.021 beta=+0.013 | loss 3.3994 (delta +0.5141) size 450.7 MB sparsity 21.9%
gen 32 offspring [36/100] k= 32 (used  32.0) c=0.911 alpha=-0.276 beta=+0.350 | loss 3.2712 (delta +0.3859) size 482.7 MB sparsity 26.2%
gen 32 offspring [37/100] k= 33 (used  33.0) c=0.965 alpha=-0.063 beta=+0.124 | loss 2.9708 (delta +0.0855) size 515.3 MB sparsity 11.7%
gen 32 offspring [38/100] k= 19 (used  19.0) c=0.994 alpha=-0.267 beta=+0.012 | loss 3.3814 (delta +0.4961) size 491.7 MB sparsity 22.1%
gen 32 offspring [39/100] k= 31 (used  31.0) c=0.996 alpha=-0.381 beta=+0.398 | loss 3.6103 (delta +0.7249) size 469.5 MB sparsity 32.2%
gen 32 offspring [40/100] k= 65 (used  64.6) c=0.944 alpha=-0.089 beta=+0.444 | loss 3.3397 (delta +0.4544) size 527.0 MB sparsity 22.0%
gen 32 offspring [41/100] k= 17 (used  17.0) c=0.847 alpha=-0.147 beta=+0.427 | loss 3.5432 (delta +0.6579) size 447.8 MB sparsity 27.3%
gen 32 offspring [42/100] k= 15 (used  15.0) c=0.847 alpha=-0.184 beta=+0.288 | loss 3.4762 (delta +0.5909) size 450.3 MB sparsity 23.9%
gen 32 offspring [43/100] k= 15 (used  15.0) c=0.992 alpha=-0.262 beta=+0.349 | loss 3.7427 (delta +0.8573) size 445.8 MB sparsity 28.4%
gen 32 offspring [44/100] k= 15 (used  15.0) c=0.849 alpha=-0.002 beta=+0.318 | loss 3.5093 (delta +0.6239) size 449.8 MB sparsity 24.9%
gen 32 offspring [45/100] k= 63 (used  63.0) c=0.890 alpha=-0.001 beta=+0.136 | loss 2.9306 (delta +0.0452) size 541.4 MB sparsity 8.6%
gen 32 offspring [46/100] k= 33 (used  33.0) c=0.998 alpha=-0.220 beta=+0.063 | loss 3.0170 (delta +0.1316) size 507.1 MB sparsity 15.3%
gen 32 offspring [47/100] k=  5 (used   5.0) c=0.829 alpha=-0.058 beta=+0.077 | loss 13.5020 (delta +10.6166) size 352.1 MB sparsity 61.6%
gen 32 offspring [48/100] k= 29 (used  29.0) c=0.841 alpha=-0.141 beta=+0.426 | loss 3.3271 (delta +0.4418) size 487.7 MB sparsity 24.0%
gen 32 offspring [49/100] k= 65 (used  65.0) c=0.941 alpha=-0.175 beta=+0.084 | loss 2.9302 (delta +0.0448) size 555.9 MB sparsity 11.3%
gen 32 offspring [50/100] k= 17 (used  17.0) c=0.973 alpha=-0.390 beta=+0.385 | loss 3.8673 (delta +0.9820) size 438.0 MB sparsity 32.8%
gen 32 offspring [51/100] k= 32 (used  32.0) c=0.965 alpha=-0.182 beta=+0.345 | loss 3.1765 (delta +0.2912) size 491.1 MB sparsity 22.5%
gen 32 offspring [52/100] k=  7 (used   7.0) c=0.851 alpha=-0.156 beta=+0.323 | loss 9.6115 (delta +6.7261) size 389.9 MB sparsity 46.2%
gen 32 offspring [53/100] k= 33 (used  33.0) c=0.942 alpha=-0.064 beta=+0.034 | loss 2.9774 (delta +0.0920) size 516.9 MB sparsity 11.0%
gen 32 offspring [54/100] k= 33 (used  33.0) c=0.965 alpha=-0.152 beta=+0.248 | loss 3.0400 (delta +0.1547) size 502.1 MB sparsity 17.6%
gen 32 offspring [55/100] k= 17 (used  17.0) c=0.992 alpha=-0.218 beta=+0.430 | loss 3.6150 (delta +0.7297) size 444.3 MB sparsity 29.2%
gen 32 offspring [56/100] k=  7 (used   7.0) c=0.852 alpha=-0.196 beta=+0.340 | loss 9.4237 (delta +6.5383) size 389.8 MB sparsity 46.3%
gen 32 offspring [57/100] k= 64 (used  64.0) c=0.849 alpha=-0.000 beta=+0.012 | loss 2.9198 (delta +0.0344) size 541.4 MB sparsity 5.2%
gen 32 offspring [58/100] k= 31 (used  31.0) c=0.943 alpha=-0.218 beta=+0.270 | loss 3.1196 (delta +0.2343) size 494.5 MB sparsity 20.9%
gen 32 offspring [59/100] k= 17 (used  17.0) c=0.847 alpha=-0.331 beta=+0.461 | loss 3.8860 (delta +1.0006) size 437.4 MB sparsity 33.1%
gen 32 offspring [60/100] k= 62 (used  62.0) c=0.941 alpha=-0.138 beta=+0.088 | loss 2.9303 (delta +0.0450) size 541.4 MB sparsity 9.9%
gen 32 offspring [61/100] k= 35 (used  35.0) c=0.986 alpha=-0.133 beta=+0.117 | loss 2.9738 (delta +0.0884) size 541.4 MB sparsity 12.0%
gen 32 offspring [62/100] k= 37 (used  37.0) c=0.997 alpha=-0.058 beta=+0.063 | loss 2.9616 (delta +0.0763) size 541.4 MB sparsity 10.3%
gen 32 offspring [63/100] k=109 (used 109.0) c=0.999 alpha=-0.039 beta=+0.012 | loss 2.8942 (delta +0.0089) size 586.1 MB sparsity 3.7%
gen 32 offspring [64/100] k= 17 (used  17.0) c=0.848 alpha=-0.133 beta=+0.042 | loss 3.2727 (delta +0.3874) size 462.1 MB sparsity 19.3%
gen 32 offspring [65/100] k=224 (used 224.0) c=0.994 alpha=-0.015 beta=+0.023 | loss 2.8896 (delta +0.0043) size 630.9 MB sparsity 1.9%
gen 32 offspring [66/100] k= 46 (used  45.0) c=0.995 alpha=-0.063 beta=+0.120 | loss 2.9384 (delta +0.0531) size 541.4 MB sparsity 9.7%
gen 32 offspring [67/100] k= 40 (used  40.0) c=0.941 alpha=-0.083 beta=+0.111 | loss 2.9487 (delta +0.0634) size 541.4 MB sparsity 9.9%
gen 32 offspring [68/100] k= 17 (used  17.0) c=0.847 alpha=-0.211 beta=+0.282 | loss 3.3424 (delta +0.4571) size 456.0 MB sparsity 22.7%
gen 32 offspring [69/100] k= 33 (used  33.0) c=0.933 alpha=-0.239 beta=+0.413 | loss 3.3163 (delta +0.4309) size 480.6 MB sparsity 27.2%
gen 32 offspring [70/100] k= 33 (used  33.0) c=0.965 alpha=-0.233 beta=+0.022 | loss 3.0141 (delta +0.1288) size 506.4 MB sparsity 15.6%
gen 32 offspring [71/100] k= 18 (used  17.0) c=0.948 alpha=-0.220 beta=+0.017 | loss 3.3875 (delta +0.5021) size 457.7 MB sparsity 21.8%
gen 32 offspring [72/100] k= 17 (used  17.0) c=0.848 alpha=-0.305 beta=+0.340 | loss 3.5961 (delta +0.7108) size 446.9 MB sparsity 27.8%
gen 32 offspring [73/100] k= 33 (used  33.0) c=0.939 alpha=-0.085 beta=+0.125 | loss 2.9770 (delta +0.0917) size 515.7 MB sparsity 11.5%
gen 32 offspring [74/100] k= 47 (used  47.0) c=0.851 alpha=-0.157 beta=+0.251 | loss 3.0468 (delta +0.1614) size 539.5 MB sparsity 17.4%
gen 32 offspring [75/100] k= 35 (used  35.0) c=0.998 alpha=-0.217 beta=+0.382 | loss 3.2396 (delta +0.3543) size 518.7 MB sparsity 25.1%
gen 32 offspring [76/100] k=210 (used 207.0) c=0.992 alpha=-0.022 beta=+0.432 | loss 3.3931 (delta +0.5077) size 608.8 MB sparsity 18.7%
gen 32 offspring [77/100] k= 24 (used  23.0) c=0.977 alpha=-0.376 beta=+0.315 | loss 3.5462 (delta +0.6609) size 476.3 MB sparsity 29.1%
gen 32 offspring [78/100] k= 37 (used  37.0) c=0.982 alpha=-0.059 beta=+0.039 | loss 2.9626 (delta +0.0772) size 541.4 MB sparsity 10.2%
gen 32 offspring [79/100] k= 35 (used  35.0) c=0.986 alpha=-0.016 beta=+0.083 | loss 2.9702 (delta +0.0848) size 541.4 MB sparsity 10.8%
gen 32 offspring [80/100] k= 19 (used  19.0) c=0.987 alpha=-0.218 beta=+0.434 | loss 3.5799 (delta +0.6946) size 477.6 MB sparsity 28.5%
gen 32 offspring [81/100] k= 17 (used  17.0) c=0.846 alpha=-0.121 beta=+0.320 | loss 3.3654 (delta +0.4800) size 454.7 MB sparsity 23.4%
gen 32 offspring [82/100] k= 33 (used  33.0) c=0.965 alpha=-0.143 beta=+0.303 | loss 3.0786 (delta +0.1933) size 498.0 MB sparsity 19.4%
gen 32 offspring [83/100] k= 30 (used  30.0) c=0.868 alpha=-0.247 beta=+0.337 | loss 3.2312 (delta +0.3459) size 486.4 MB sparsity 24.6%
gen 32 offspring [84/100] k= 28 (used  27.0) c=0.973 alpha=-0.150 beta=+0.346 | loss 3.1992 (delta +0.3139) size 492.6 MB sparsity 21.8%
gen 32 offspring [85/100] k=174 (used 174.0) c=0.847 alpha=-0.064 beta=+0.011 | loss 2.9141 (delta +0.0288) size 630.9 MB sparsity 3.7%
gen 32 offspring [86/100] k=  7 (used   7.0) c=0.994 alpha=-0.222 beta=+0.400 | loss 11.4232 (delta +8.5379) size 381.8 MB sparsity 52.3%
gen 32 offspring [87/100] k= 17 (used  17.0) c=0.971 alpha=-0.280 beta=+0.085 | loss 3.4376 (delta +0.5522) size 454.3 MB sparsity 23.7%
gen 32 offspring [88/100] k= 17 (used  17.0) c=0.857 alpha=-0.331 beta=+0.084 | loss 3.4545 (delta +0.5691) size 453.8 MB sparsity 24.0%
gen 32 offspring [89/100] k= 38 (used  38.0) c=0.937 alpha=-0.136 beta=+0.291 | loss 3.0749 (delta +0.1896) size 536.7 MB sparsity 18.4%
gen 32 offspring [90/100] k= 32 (used  32.0) c=0.954 alpha=-0.196 beta=+0.445 | loss 3.3410 (delta +0.4556) size 481.6 MB sparsity 26.7%
gen 32 offspring [91/100] k= 43 (used  43.0) c=0.968 alpha=-0.145 beta=+0.073 | loss 2.9501 (delta +0.0647) size 541.4 MB sparsity 10.7%
gen 32 offspring [92/100] k= 34 (used  34.0) c=0.943 alpha=-0.003 beta=+0.002 | loss 2.9771 (delta +0.0917) size 541.4 MB sparsity 11.0%
gen 32 offspring [93/100] k= 16 (used  16.0) c=0.848 alpha=-0.055 beta=+0.398 | loss 3.5650 (delta +0.6796) size 447.0 MB sparsity 27.7%
gen 32 offspring [94/100] k= 17 (used  17.0) c=0.913 alpha=-0.184 beta=+0.308 | loss 3.4319 (delta +0.5466) size 453.9 MB sparsity 23.9%
gen 32 offspring [95/100] k= 17 (used  17.0) c=0.973 alpha=-0.175 beta=+0.383 | loss 3.5388 (delta +0.6534) size 447.9 MB sparsity 27.2%
gen 32 offspring [96/100] k= 27 (used  27.0) c=0.995 alpha=-0.210 beta=+0.382 | loss 3.2955 (delta +0.4102) size 485.0 MB sparsity 25.2%
gen 32 offspring [97/100] k= 32 (used  32.0) c=0.941 alpha=-0.073 beta=+0.257 | loss 3.0425 (delta +0.1571) size 496.6 MB sparsity 16.8%
gen 32 offspring [98/100] k= 17 (used  17.0) c=0.850 alpha=-0.009 beta=+0.291 | loss 3.3355 (delta +0.4501) size 456.5 MB sparsity 22.5%
gen 32 offspring [99/100] k= 33 (used  33.0) c=0.999 alpha=-0.288 beta=+0.441 | loss 3.4327 (delta +0.5474) size 474.0 MB sparsity 30.1%
gen 32 offspring [100/100] k= 18 (used  17.0) c=0.994 alpha=-0.292 beta=+0.459 | loss 3.8077 (delta +0.9224) size 439.2 MB sparsity 32.1%
=== generation 32/50 done in 447s (0 reused), batch baseline 2.8854, HV 0.22499, front 100 points, 100/100 feasible, best delta loss +0.0015, smallest 437.5 MB
gen 33 offspring [1/100] k= 16 (used  16.0) c=0.844 alpha=-0.232 beta=+0.368 | loss 3.5510 (delta +0.6656) size 448.1 MB sparsity 27.1%
gen 33 offspring [2/100] k=  9 (used   9.0) c=0.978 alpha=-0.067 beta=+0.307 | loss 7.5312 (delta +4.6458) size 397.1 MB sparsity 40.9%
gen 33 offspring [3/100] k= 17 (used  17.0) c=0.903 alpha=-0.197 beta=+0.347 | loss 3.4597 (delta +0.5744) size 451.5 MB sparsity 25.2%
gen 33 offspring [4/100] k= 17 (used  17.0) c=0.841 alpha=-0.030 beta=+0.011 | loss 3.2849 (delta +0.3996) size 462.4 MB sparsity 19.2%
gen 33 offspring [5/100] k= 33 (used  33.0) c=0.918 alpha=-0.002 beta=+0.083 | loss 2.9747 (delta +0.0893) size 517.5 MB sparsity 10.7%
gen 33 offspring [6/100] k= 32 (used  31.0) c=0.998 alpha=-0.019 beta=+0.012 | loss 3.0003 (delta +0.1149) size 496.7 MB sparsity 12.3%
gen 33 offspring [7/100] k= 31 (used  31.0) c=0.941 alpha=-0.028 beta=+0.057 | loss 2.9842 (delta +0.0989) size 496.7 MB sparsity 11.7%
gen 33 offspring [8/100] k= 18 (used  17.0) c=0.990 alpha=-0.200 beta=+0.432 | loss 3.6152 (delta +0.7299) size 444.4 MB sparsity 29.2%
gen 33 offspring [9/100] k= 15 (used  15.0) c=0.930 alpha=-0.062 beta=+0.430 | loss 3.7468 (delta +0.8614) size 443.1 MB sparsity 29.9%
gen 33 offspring [10/100] k= 45 (used  45.0) c=0.869 alpha=-0.250 beta=+0.344 | loss 3.2202 (delta +0.3349) size 519.6 MB sparsity 24.8%
gen 33 offspring [11/100] k= 33 (used  33.0) c=0.919 alpha=-0.177 beta=+0.332 | loss 3.1376 (delta +0.2523) size 492.9 MB sparsity 21.7%
gen 33 offspring [12/100] k= 16 (used  16.0) c=0.853 alpha=-0.136 beta=+0.291 | loss 3.4496 (delta +0.5643) size 450.2 MB sparsity 24.1%
gen 33 offspring [13/100] k= 17 (used  17.0) c=0.942 alpha=-0.146 beta=+0.266 | loss 3.3893 (delta +0.5039) size 455.8 MB sparsity 22.8%
gen 33 offspring [14/100] k= 30 (used  30.0) c=0.897 alpha=-0.275 beta=+0.350 | loss 3.3059 (delta +0.4206) size 482.8 MB sparsity 26.2%
gen 33 offspring [15/100] k= 15 (used  15.0) c=0.848 alpha=-0.180 beta=+0.083 | loss 3.4318 (delta +0.5464) size 450.7 MB sparsity 21.9%
gen 33 offspring [16/100] k= 66 (used  66.0) c=0.941 alpha=-0.060 beta=+0.022 | loss 2.9110 (delta +0.0257) size 586.1 MB sparsity 5.7%
gen 33 offspring [17/100] k= 65 (used  65.0) c=0.850 alpha=-0.091 beta=+0.085 | loss 2.9293 (delta +0.0440) size 565.2 MB sparsity 7.8%
gen 33 offspring [18/100] k= 19 (used  19.0) c=0.971 alpha=-0.189 beta=+0.282 | loss 3.3133 (delta +0.4280) size 491.1 MB sparsity 22.5%
gen 33 offspring [19/100] k=  6 (used   5.0) c=0.996 alpha=-0.030 beta=+0.337 | loss 15.1620 (delta +12.2767) size 345.1 MB sparsity 69.5%
gen 33 offspring [20/100] k= 17 (used  17.0) c=0.921 alpha=-0.211 beta=+0.317 | loss 3.4360 (delta +0.5507) size 452.7 MB sparsity 24.5%
gen 33 offspring [21/100] k= 13 (used  13.0) c=0.969 alpha=-0.260 beta=+0.444 | loss 4.2111 (delta +1.3257) size 437.4 MB sparsity 33.1%
gen 33 offspring [22/100] k= 65 (used  65.0) c=0.944 alpha=-0.007 beta=+0.086 | loss 2.9104 (delta +0.0251) size 568.3 MB sparsity 6.6%
gen 33 offspring [23/100] k= 52 (used  52.0) c=0.923 alpha=-0.188 beta=+0.097 | loss 2.9566 (delta +0.0712) size 541.4 MB sparsity 12.5%
gen 33 offspring [24/100] k=  5 (used   5.0) c=0.988 alpha=-0.003 beta=+0.432 | loss 15.3798 (delta +12.4944) size 345.4 MB sparsity 69.1%
gen 33 offspring [25/100] k= 18 (used  17.0) c=0.995 alpha=-0.361 beta=+0.396 | loss 3.8520 (delta +0.9667) size 439.0 MB sparsity 32.2%
gen 33 offspring [26/100] k= 65 (used  65.0) c=0.938 alpha=-0.098 beta=+0.088 | loss 2.9133 (delta +0.0279) size 564.0 MB sparsity 8.2%
gen 33 offspring [27/100] k= 16 (used  15.0) c=0.965 alpha=-0.061 beta=+0.436 | loss 3.8294 (delta +0.9441) size 441.9 MB sparsity 30.6%
gen 33 offspring [28/100] k= 31 (used  31.0) c=0.942 alpha=-0.218 beta=+0.270 | loss 3.1235 (delta +0.2382) size 494.5 MB sparsity 20.9%
gen 33 offspring [29/100] k= 39 (used  39.0) c=0.998 alpha=-0.182 beta=+0.381 | loss 3.2105 (delta +0.3252) size 522.6 MB sparsity 23.7%
gen 33 offspring [30/100] k= 16 (used  16.0) c=0.848 alpha=-0.131 beta=+0.319 | loss 3.4724 (delta +0.5871) size 449.8 MB sparsity 24.9%
gen 33 offspring [31/100] k= 17 (used  17.0) c=0.861 alpha=-0.297 beta=+0.451 | loss 3.7753 (delta +0.8900) size 440.2 MB sparsity 31.6%
gen 33 offspring [32/100] k= 70 (used  70.0) c=0.917 alpha=-0.245 beta=+0.010 | loss 2.9714 (delta +0.0860) size 586.0 MB sparsity 12.8%
gen 33 offspring [33/100] k= 32 (used  32.0) c=0.918 alpha=-0.001 beta=+0.084 | loss 2.9734 (delta +0.0881) size 496.7 MB sparsity 11.4%
gen 33 offspring [34/100] k= 32 (used  32.0) c=0.894 alpha=-0.197 beta=+0.350 | loss 3.1812 (delta +0.2959) size 489.6 MB sparsity 23.2%
gen 33 offspring [35/100] k= 32 (used  31.0) c=0.970 alpha=-0.196 beta=+0.387 | loss 3.2392 (delta +0.3538) size 486.3 MB sparsity 24.6%
gen 33 offspring [36/100] k= 46 (used  46.0) c=0.855 alpha=-0.231 beta=+0.067 | loss 2.9889 (delta +0.1036) size 541.4 MB sparsity 13.5%
gen 33 offspring [37/100] k= 33 (used  33.0) c=0.997 alpha=-0.287 beta=+0.453 | loss 3.4680 (delta +0.5826) size 473.0 MB sparsity 30.6%
gen 33 offspring [38/100] k= 54 (used  53.8) c=0.972 alpha=-0.208 beta=+0.444 | loss 3.2922 (delta +0.4069) size 514.0 MB sparsity 26.9%
gen 33 offspring [39/100] k= 17 (used  17.0) c=0.857 alpha=-0.083 beta=+0.112 | loss 3.2836 (delta +0.3982) size 461.8 MB sparsity 19.5%
gen 33 offspring [40/100] k= 33 (used  33.0) c=0.847 alpha=-0.188 beta=+0.011 | loss 3.0023 (delta +0.1170) size 512.0 MB sparsity 13.1%
gen 33 offspring [41/100] k= 33 (used  33.0) c=0.992 alpha=-0.220 beta=+0.465 | loss 3.3909 (delta +0.5056) size 477.9 MB sparsity 28.4%
gen 33 offspring [42/100] k= 17 (used  17.0) c=0.851 alpha=-0.155 beta=+0.263 | loss 3.3038 (delta +0.4185) size 458.2 MB sparsity 21.5%
gen 33 offspring [43/100] k= 67 (used  67.0) c=0.843 alpha=-0.060 beta=+0.095 | loss 2.9302 (delta +0.0449) size 586.1 MB sparsity 7.0%
gen 33 offspring [44/100] k= 30 (used  30.0) c=0.906 alpha=-0.181 beta=+0.368 | loss 3.1997 (delta +0.3143) size 489.2 MB sparsity 23.3%
gen 33 offspring [45/100] k= 15 (used  15.0) c=0.971 alpha=-0.182 beta=+0.340 | loss 3.7085 (delta +0.8231) size 447.3 MB sparsity 27.4%
gen 33 offspring [46/100] k= 31 (used  31.0) c=0.946 alpha=-0.059 beta=+0.270 | loss 3.0472 (delta +0.1619) size 496.5 MB sparsity 17.3%
gen 33 offspring [47/100] k=176 (used 174.1) c=0.994 alpha=-0.374 beta=+0.014 | loss 3.0894 (delta +0.2041) size 616.6 MB sparsity 16.5%
gen 33 offspring [48/100] k= 32 (used  32.0) c=0.848 alpha=-0.209 beta=+0.346 | loss 3.2302 (delta +0.3448) size 489.0 MB sparsity 23.4%
gen 33 offspring [49/100] k= 30 (used  30.0) c=0.923 alpha=-0.185 beta=+0.084 | loss 3.0161 (delta +0.1307) size 496.7 MB sparsity 14.4%
gen 33 offspring [50/100] k= 64 (used  64.0) c=0.912 alpha=-0.003 beta=+0.010 | loss 2.9128 (delta +0.0274) size 541.4 MB sparsity 5.5%
gen 33 offspring [51/100] k=109 (used 108.4) c=0.920 alpha=-0.039 beta=+0.291 | loss 3.0072 (delta +0.1219) size 585.7 MB sparsity 14.0%
gen 33 offspring [52/100] k= 32 (used  32.0) c=0.963 alpha=-0.292 beta=+0.026 | loss 3.0953 (delta +0.2100) size 496.2 MB sparsity 18.3%
gen 33 offspring [53/100] k= 17 (used  17.0) c=0.993 alpha=-0.169 beta=+0.433 | loss 3.6041 (delta +0.7188) size 444.4 MB sparsity 29.2%
gen 33 offspring [54/100] k= 15 (used  15.0) c=0.844 alpha=-0.252 beta=+0.291 | loss 3.5362 (delta +0.6508) size 450.1 MB sparsity 24.9%
gen 33 offspring [55/100] k= 44 (used  44.0) c=0.974 alpha=-0.209 beta=+0.041 | loss 2.9809 (delta +0.0955) size 541.4 MB sparsity 13.3%
gen 33 offspring [56/100] k= 17 (used  17.0) c=1.000 alpha=-0.237 beta=+0.413 | loss 3.6138 (delta +0.7284) size 444.7 MB sparsity 29.0%
gen 33 offspring [57/100] k= 42 (used  42.0) c=0.963 alpha=-0.183 beta=+0.345 | loss 3.1504 (delta +0.2651) size 526.5 MB sparsity 22.2%
gen 33 offspring [58/100] k= 32 (used  32.0) c=0.855 alpha=-0.074 beta=+0.295 | loss 3.0940 (delta +0.2086) size 496.5 MB sparsity 17.7%
gen 33 offspring [59/100] k= 32 (used  32.0) c=0.876 alpha=-0.196 beta=+0.380 | loss 3.2250 (delta +0.3397) size 487.2 MB sparsity 24.2%
gen 33 offspring [60/100] k= 10 (used  10.0) c=0.870 alpha=-0.058 beta=+0.286 | loss 5.6759 (delta +2.7905) size 430.3 MB sparsity 37.1%
gen 33 offspring [61/100] k= 33 (used  33.0) c=0.965 alpha=-0.066 beta=+0.086 | loss 2.9704 (delta +0.0850) size 516.3 MB sparsity 11.2%
gen 33 offspring [62/100] k= 10 (used   9.0) c=0.941 alpha=-0.179 beta=+0.294 | loss 6.6958 (delta +3.8105) size 398.8 MB sparsity 39.6%
gen 33 offspring [63/100] k= 18 (used  17.0) c=0.991 alpha=-0.253 beta=+0.445 | loss 3.6962 (delta +0.8108) size 442.2 MB sparsity 30.5%
gen 33 offspring [64/100] k=212 (used 210.6) c=0.849 alpha=-0.218 beta=+0.039 | loss 2.9524 (delta +0.0670) size 630.8 MB sparsity 10.9%
gen 33 offspring [65/100] k= 18 (used  18.0) c=0.836 alpha=-0.331 beta=+0.417 | loss 3.7567 (delta +0.8714) size 471.0 MB sparsity 31.5%
gen 33 offspring [66/100] k= 17 (used  17.0) c=0.848 alpha=-0.211 beta=+0.412 | loss 3.5183 (delta +0.6329) size 447.7 MB sparsity 27.4%
gen 33 offspring [67/100] k= 87 (used  86.5) c=0.997 alpha=-0.174 beta=+0.384 | loss 3.1385 (delta +0.2531) size 558.3 MB sparsity 23.2%
gen 33 offspring [68/100] k= 36 (used  35.0) c=0.986 alpha=-0.040 beta=+0.090 | loss 2.9698 (delta +0.0844) size 541.4 MB sparsity 10.8%
gen 33 offspring [69/100] k= 17 (used  17.0) c=0.968 alpha=-0.253 beta=+0.432 | loss 3.6421 (delta +0.7568) size 443.2 MB sparsity 29.9%
gen 33 offspring [70/100] k= 15 (used  15.0) c=0.941 alpha=-0.057 beta=+0.393 | loss 3.7155 (delta +0.8302) size 445.1 MB sparsity 28.8%
gen 33 offspring [71/100] k= 35 (used  35.0) c=0.993 alpha=-0.276 beta=+0.090 | loss 3.0504 (delta +0.1651) size 539.3 MB sparsity 17.1%
gen 33 offspring [72/100] k= 32 (used  31.0) c=0.995 alpha=-0.197 beta=+0.385 | loss 3.2408 (delta +0.3554) size 486.3 MB sparsity 24.6%
gen 33 offspring [73/100] k= 57 (used  56.9) c=0.932 alpha=-0.312 beta=+0.057 | loss 3.0400 (delta +0.1546) size 540.8 MB sparsity 16.2%
gen 33 offspring [74/100] k=  7 (used   7.0) c=0.973 alpha=-0.282 beta=+0.224 | loss 11.4845 (delta +8.5991) size 383.0 MB sparsity 51.4%
gen 33 offspring [75/100] k= 33 (used  33.0) c=0.971 alpha=-0.063 beta=+0.124 | loss 2.9728 (delta +0.0874) size 515.2 MB sparsity 11.7%
gen 33 offspring [76/100] k= 65 (used  65.0) c=0.941 alpha=-0.013 beta=+0.022 | loss 2.9117 (delta +0.0264) size 571.3 MB sparsity 5.5%
gen 33 offspring [77/100] k= 17 (used  17.0) c=0.848 alpha=-0.210 beta=+0.340 | loss 3.3935 (delta +0.5081) size 452.4 MB sparsity 24.7%
gen 33 offspring [78/100] k=214 (used 213.2) c=0.982 alpha=-0.189 beta=+0.059 | loss 2.9203 (delta +0.0349) size 630.9 MB sparsity 10.5%
gen 33 offspring [79/100] k= 41 (used  41.0) c=0.912 alpha=-0.002 beta=+0.081 | loss 2.9411 (delta +0.0557) size 541.4 MB sparsity 8.6%
gen 33 offspring [80/100] k= 16 (used  16.0) c=0.848 alpha=-0.137 beta=+0.235 | loss 3.4063 (delta +0.5209) size 450.7 MB sparsity 22.4%
gen 33 offspring [81/100] k= 17 (used  17.0) c=0.971 alpha=-0.361 beta=+0.441 | loss 3.8982 (delta +1.0128) size 436.3 MB sparsity 33.8%
gen 33 offspring [82/100] k= 33 (used  33.0) c=0.989 alpha=-0.176 beta=+0.332 | loss 3.1382 (delta +0.2528) size 492.8 MB sparsity 21.7%
gen 33 offspring [83/100] k= 17 (used  17.0) c=0.977 alpha=-0.376 beta=+0.349 | loss 3.7376 (delta +0.8522) size 441.1 MB sparsity 31.1%
gen 33 offspring [84/100] k= 16 (used  15.0) c=0.934 alpha=-0.003 beta=+0.051 | loss 3.5500 (delta +0.6647) size 449.6 MB sparsity 23.9%
gen 33 offspring [85/100] k= 17 (used  17.0) c=0.857 alpha=-0.197 beta=+0.383 | loss 3.4697 (delta +0.5843) size 449.9 MB sparsity 26.1%
gen 33 offspring [86/100] k= 16 (used  15.0) c=0.995 alpha=-0.293 beta=+0.379 | loss 3.8452 (delta +0.9598) size 442.8 MB sparsity 30.1%
gen 33 offspring [87/100] k= 27 (used  27.0) c=0.939 alpha=-0.147 beta=+0.264 | loss 3.1035 (delta +0.2181) size 496.1 MB sparsity 18.5%
gen 33 offspring [88/100] k= 18 (used  17.0) c=0.963 alpha=-0.020 beta=+0.060 | loss 3.3959 (delta +0.5106) size 457.7 MB sparsity 21.8%
gen 33 offspring [89/100] k= 18 (used  17.0) c=0.987 alpha=-0.295 beta=+0.398 | loss 3.7037 (delta +0.8183) size 442.9 MB sparsity 30.0%
gen 33 offspring [90/100] k= 33 (used  33.0) c=0.920 alpha=-0.021 beta=+0.296 | loss 3.0716 (delta +0.1862) size 501.6 MB sparsity 17.8%
gen 33 offspring [91/100] k= 16 (used  15.0) c=0.945 alpha=-0.331 beta=+0.422 | loss 3.9420 (delta +1.0567) size 438.7 MB sparsity 32.4%
gen 33 offspring [92/100] k= 21 (used  21.0) c=0.965 alpha=-0.060 beta=+0.444 | loss 3.4819 (delta +0.5966) size 480.9 MB sparsity 27.1%
gen 33 offspring [93/100] k= 34 (used  34.0) c=0.844 alpha=-0.137 beta=+0.025 | loss 2.9767 (delta +0.0914) size 541.4 MB sparsity 11.2%
gen 33 offspring [94/100] k= 46 (used  46.0) c=0.955 alpha=-0.101 beta=+0.124 | loss 2.9354 (delta +0.0501) size 541.4 MB sparsity 10.3%
gen 33 offspring [95/100] k= 33 (used  33.0) c=0.942 alpha=-0.000 beta=+0.001 | loss 2.9764 (delta +0.0910) size 516.9 MB sparsity 11.0%
gen 33 offspring [96/100] k= 17 (used  17.0) c=0.923 alpha=-0.222 beta=+0.410 | loss 3.5680 (delta +0.6827) size 446.5 MB sparsity 28.0%
gen 33 offspring [97/100] k= 33 (used  33.0) c=0.999 alpha=-0.060 beta=+0.346 | loss 3.1261 (delta +0.2407) size 496.2 MB sparsity 20.2%
gen 33 offspring [98/100] k= 18 (used  18.0) c=0.848 alpha=-0.207 beta=+0.251 | loss 3.2856 (delta +0.4002) size 492.7 MB sparsity 21.5%
gen 33 offspring [99/100] k= 64 (used  64.0) c=0.901 alpha=-0.007 beta=+0.084 | loss 2.9137 (delta +0.0283) size 541.4 MB sparsity 6.5%
gen 33 offspring [100/100] k= 24 (used  24.0) c=0.848 alpha=-0.210 beta=+0.252 | loss 3.1874 (delta +0.3020) size 495.1 MB sparsity 20.3%
=== generation 33/50 done in 447s (0 reused), batch baseline 2.8854, HV 0.22503, front 100 points, 100/100 feasible, best delta loss +0.0015, smallest 437.5 MB
gen 34 offspring [1/100] k= 17 (used  17.0) c=0.994 alpha=-0.385 beta=+0.396 | loss 3.8626 (delta +0.9772) size 437.5 MB sparsity 33.1%
gen 34 offspring [2/100] k= 16 (used  15.0) c=0.992 alpha=-0.253 beta=+0.459 | loss 3.9243 (delta +1.0389) size 439.4 MB sparsity 32.0%
gen 34 offspring [3/100] k= 17 (used  17.0) c=0.848 alpha=-0.265 beta=+0.089 | loss 3.3570 (delta +0.4716) size 458.1 MB sparsity 21.5%
gen 34 offspring [4/100] k= 31 (used  31.0) c=0.992 alpha=-0.219 beta=+0.429 | loss 3.3264 (delta +0.4410) size 480.8 MB sparsity 27.1%
gen 34 offspring [5/100] k= 65 (used  65.0) c=0.843 alpha=-0.007 beta=+0.086 | loss 2.9299 (delta +0.0445) size 569.3 MB sparsity 6.3%
gen 34 offspring [6/100] k= 33 (used  33.0) c=0.998 alpha=-0.218 beta=+0.388 | loss 3.2474 (delta +0.3621) size 484.5 MB sparsity 25.4%
gen 34 offspring [7/100] k= 21 (used  21.0) c=0.986 alpha=-0.222 beta=+0.385 | loss 3.4164 (delta +0.5311) size 482.4 MB sparsity 26.4%
gen 34 offspring [8/100] k= 17 (used  17.0) c=0.920 alpha=-0.230 beta=+0.064 | loss 3.3779 (delta +0.4926) size 458.2 MB sparsity 21.5%
gen 34 offspring [9/100] k= 25 (used  25.0) c=0.965 alpha=-0.183 beta=+0.345 | loss 3.2588 (delta +0.3734) size 490.0 MB sparsity 23.0%
gen 34 offspring [10/100] k= 18 (used  18.0) c=0.941 alpha=-0.060 beta=+0.086 | loss 3.3534 (delta +0.4681) size 492.0 MB sparsity 21.3%
gen 34 offspring [11/100] k=178 (used 178.0) c=0.994 alpha=-0.059 beta=+0.011 | loss 2.8911 (delta +0.0057) size 630.9 MB sparsity 3.6%
gen 34 offspring [12/100] k= 33 (used  33.0) c=0.965 alpha=-0.194 beta=+0.347 | loss 3.1566 (delta +0.2712) size 490.1 MB sparsity 23.0%
gen 34 offspring [13/100] k= 17 (used  17.0) c=0.939 alpha=-0.286 beta=+0.432 | loss 3.7335 (delta +0.8481) size 441.6 MB sparsity 30.8%
gen 34 offspring [14/100] k= 65 (used  65.0) c=0.862 alpha=-0.038 beta=+0.088 | loss 2.9239 (delta +0.0386) size 568.9 MB sparsity 6.4%
gen 34 offspring [15/100] k= 33 (used  33.0) c=0.973 alpha=-0.062 beta=+0.319 | loss 3.0801 (delta +0.1947) size 498.9 MB sparsity 19.0%
gen 34 offspring [16/100] k= 17 (used  17.0) c=0.989 alpha=-0.282 beta=+0.089 | loss 3.4599 (delta +0.5745) size 453.7 MB sparsity 24.0%
gen 34 offspring [17/100] k= 33 (used  33.0) c=0.853 alpha=-0.136 beta=+0.430 | loss 3.3174 (delta +0.4321) size 488.2 MB sparsity 23.8%
gen 34 offspring [18/100] k= 17 (used  17.0) c=0.829 alpha=-0.331 beta=+0.415 | loss 3.8083 (delta +0.9230) size 440.5 MB sparsity 31.4%
gen 34 offspring [19/100] k= 63 (used  62.9) c=0.912 alpha=-0.003 beta=+0.328 | loss 3.0777 (delta +0.1923) size 540.7 MB sparsity 16.4%
gen 34 offspring [20/100] k= 17 (used  17.0) c=0.854 alpha=-0.211 beta=+0.252 | loss 3.3234 (delta +0.4380) size 457.8 MB sparsity 21.7%
gen 34 offspring [21/100] k= 33 (used  33.0) c=0.954 alpha=-0.029 beta=+0.029 | loss 2.9706 (delta +0.0853) size 516.6 MB sparsity 11.1%
gen 34 offspring [22/100] k= 17 (used  17.0) c=0.848 alpha=-0.188 beta=+0.138 | loss 3.2710 (delta +0.3857) size 461.8 MB sparsity 19.5%
gen 34 offspring [23/100] k=212 (used 212.0) c=0.994 alpha=-0.056 beta=+0.039 | loss 2.8876 (delta +0.0023) size 630.9 MB sparsity 4.1%
gen 34 offspring [24/100] k= 32 (used  32.0) c=0.941 alpha=-0.315 beta=+0.067 | loss 3.1015 (delta +0.2162) size 495.9 MB sparsity 19.0%
gen 34 offspring [25/100] k= 17 (used  17.0) c=0.977 alpha=-0.181 beta=+0.368 | loss 3.5065 (delta +0.6211) size 448.8 MB sparsity 26.7%
gen 34 offspring [26/100] k= 33 (used  33.0) c=0.996 alpha=-0.210 beta=+0.382 | loss 3.2379 (delta +0.3525) size 485.7 MB sparsity 24.9%
gen 34 offspring [27/100] k= 17 (used  17.0) c=0.971 alpha=-0.204 beta=+0.432 | loss 3.5938 (delta +0.7084) size 444.8 MB sparsity 29.0%
gen 34 offspring [28/100] k=112 (used 110.2) c=0.981 alpha=-0.253 beta=+0.490 | loss 3.4348 (delta +0.5494) size 535.7 MB sparsity 30.4%
gen 34 offspring [29/100] k= 33 (used  33.0) c=0.837 alpha=-0.158 beta=+0.332 | loss 3.1588 (delta +0.2735) size 494.8 MB sparsity 20.8%
gen 34 offspring [30/100] k= 33 (used  33.0) c=0.904 alpha=-0.151 beta=+0.350 | loss 3.1485 (delta +0.2632) size 493.6 MB sparsity 21.4%
gen 34 offspring [31/100] k= 33 (used  33.0) c=0.848 alpha=-0.182 beta=+0.330 | loss 3.1798 (delta +0.2945) size 492.9 MB sparsity 21.7%
gen 34 offspring [32/100] k= 13 (used  13.0) c=0.986 alpha=-0.004 beta=+0.090 | loss 4.1264 (delta +1.2410) size 444.6 MB sparsity 28.9%
gen 34 offspring [33/100] k=170 (used 169.4) c=0.994 alpha=-0.194 beta=+0.015 | loss 2.9210 (delta +0.0357) size 630.9 MB sparsity 9.3%
gen 34 offspring [34/100] k= 32 (used  32.0) c=0.923 alpha=-0.001 beta=+0.296 | loss 3.0668 (delta +0.1815) size 496.3 MB sparsity 18.2%
gen 34 offspring [35/100] k= 17 (used  17.0) c=0.993 alpha=-0.181 beta=+0.345 | loss 3.4827 (delta +0.5974) size 449.9 MB sparsity 26.1%
gen 34 offspring [36/100] k= 33 (used  33.0) c=0.995 alpha=-0.078 beta=+0.109 | loss 2.9799 (delta +0.0945) size 515.3 MB sparsity 11.7%
gen 34 offspring [37/100] k= 24 (used  23.0) c=0.973 alpha=-0.063 beta=+0.121 | loss 3.0998 (delta +0.2144) size 496.0 MB sparsity 16.3%
gen 34 offspring [38/100] k= 10 (used  10.0) c=0.857 alpha=-0.204 beta=+0.337 | loss 5.5107 (delta +2.6254) size 431.2 MB sparsity 36.6%
gen 34 offspring [39/100] k= 31 (used  31.0) c=0.923 alpha=-0.381 beta=+0.043 | loss 3.1643 (delta +0.2789) size 493.3 MB sparsity 21.5%
gen 34 offspring [40/100] k= 17 (used  17.0) c=0.861 alpha=-0.147 beta=+0.266 | loss 3.3189 (delta +0.4336) size 457.8 MB sparsity 21.7%
gen 34 offspring [41/100] k= 17 (used  17.0) c=0.848 alpha=-0.005 beta=+0.042 | loss 3.2727 (delta +0.3874) size 462.1 MB sparsity 19.3%
gen 34 offspring [42/100] k= 31 (used  31.0) c=0.941 alpha=-0.257 beta=+0.274 | loss 3.1747 (delta +0.2894) size 490.9 MB sparsity 22.6%
gen 34 offspring [43/100] k= 18 (used  17.0) c=0.974 alpha=-0.434 beta=+0.376 | loss 3.9426 (delta +1.0573) size 435.8 MB sparsity 34.0%
gen 34 offspring [44/100] k= 17 (used  17.0) c=0.972 alpha=-0.291 beta=+0.471 | loss 3.8248 (delta +0.9394) size 438.7 MB sparsity 32.4%
gen 34 offspring [45/100] k= 17 (used  17.0) c=0.848 alpha=-0.240 beta=+0.285 | loss 3.4003 (delta +0.5150) size 454.4 MB sparsity 23.6%
gen 34 offspring [46/100] k= 62 (used  62.0) c=0.849 alpha=-0.081 beta=+0.088 | loss 2.9282 (delta +0.0429) size 541.4 MB sparsity 7.6%
gen 34 offspring [47/100] k= 33 (used  33.0) c=0.986 alpha=-0.193 beta=+0.380 | loss 3.2100 (delta +0.3246) size 487.3 MB sparsity 24.2%
gen 34 offspring [48/100] k= 17 (used  17.0) c=0.857 alpha=-0.147 beta=+0.265 | loss 3.3217 (delta +0.4364) size 457.9 MB sparsity 21.7%
gen 34 offspring [49/100] k= 18 (used  18.0) c=0.848 alpha=-0.123 beta=+0.297 | loss 3.3230 (delta +0.4377) size 490.7 MB sparsity 22.7%
gen 34 offspring [50/100] k= 32 (used  32.0) c=0.917 alpha=-0.222 beta=+0.279 | loss 3.1336 (delta +0.2482) size 493.6 MB sparsity 21.4%
gen 34 offspring [51/100] k= 19 (used  19.0) c=0.996 alpha=-0.218 beta=+0.398 | loss 3.5190 (delta +0.6336) size 480.4 MB sparsity 27.3%
gen 34 offspring [52/100] k= 16 (used  15.0) c=0.949 alpha=-0.063 beta=+0.368 | loss 3.7048 (delta +0.8194) size 446.4 MB sparsity 28.1%
gen 34 offspring [53/100] k= 17 (used  17.0) c=0.923 alpha=-0.376 beta=+0.410 | loss 3.8986 (delta +1.0132) size 437.5 MB sparsity 33.1%
gen 34 offspring [54/100] k= 16 (used  16.0) c=0.858 alpha=-0.195 beta=+0.436 | loss 3.6477 (delta +0.7624) size 444.4 MB sparsity 29.2%
gen 34 offspring [55/100] k= 17 (used  17.0) c=0.992 alpha=-0.252 beta=+0.491 | loss 3.8173 (delta +0.9320) size 439.3 MB sparsity 32.0%
gen 34 offspring [56/100] k= 67 (used  66.6) c=0.971 alpha=-0.236 beta=+0.432 | loss 3.2947 (delta +0.4094) size 544.5 MB sparsity 27.5%
gen 34 offspring [57/100] k= 29 (used  29.0) c=0.942 alpha=-0.223 beta=+0.271 | loss 3.1472 (delta +0.2618) size 493.8 MB sparsity 21.3%
gen 34 offspring [58/100] k= 42 (used  42.0) c=0.961 alpha=-0.313 beta=+0.431 | loss 3.4619 (delta +0.5765) size 503.8 MB sparsity 30.7%
gen 34 offspring [59/100] k= 31 (used  31.0) c=0.865 alpha=-0.030 beta=+0.270 | loss 3.0622 (delta +0.1768) size 496.6 MB sparsity 16.8%
gen 34 offspring [60/100] k= 17 (used  17.0) c=0.940 alpha=-0.223 beta=+0.116 | loss 3.3595 (delta +0.4742) size 457.9 MB sparsity 21.7%
gen 34 offspring [61/100] k= 11 (used  11.0) c=0.848 alpha=-0.211 beta=+0.095 | loss 4.2402 (delta +1.3549) size 443.4 MB sparsity 29.8%
gen 34 offspring [62/100] k= 32 (used  32.0) c=0.918 alpha=-0.015 beta=+0.437 | loss 3.3046 (delta +0.4193) size 488.8 MB sparsity 23.5%
gen 34 offspring [63/100] k= 16 (used  15.0) c=0.987 alpha=-0.302 beta=+0.298 | loss 3.8294 (delta +0.9441) size 447.0 MB sparsity 27.7%
gen 34 offspring [64/100] k= 35 (used  35.0) c=0.986 alpha=-0.016 beta=+0.107 | loss 2.9718 (delta +0.0865) size 541.4 MB sparsity 11.0%
gen 34 offspring [65/100] k= 34 (used  33.0) c=0.999 alpha=-0.176 beta=+0.016 | loss 2.9934 (delta +0.1080) size 510.8 MB sparsity 13.7%
gen 34 offspring [66/100] k= 33 (used  33.0) c=0.911 alpha=-0.275 beta=+0.350 | loss 3.2878 (delta +0.4025) size 482.9 MB sparsity 26.2%
gen 34 offspring [67/100] k= 17 (used  17.0) c=0.858 alpha=-0.068 beta=+0.275 | loss 3.3480 (delta +0.4627) size 457.3 MB sparsity 22.0%
gen 34 offspring [68/100] k= 32 (used  31.0) c=0.970 alpha=-0.200 beta=+0.349 | loss 3.1902 (delta +0.3049) size 489.2 MB sparsity 23.3%
gen 34 offspring [69/100] k=  9 (used   9.0) c=0.846 alpha=-0.086 beta=+0.315 | loss 5.6248 (delta +2.7394) size 403.4 MB sparsity 36.2%
gen 34 offspring [70/100] k= 30 (used  30.0) c=0.906 alpha=-0.376 beta=+0.394 | loss 3.5676 (delta +0.6822) size 470.3 MB sparsity 31.8%
gen 34 offspring [71/100] k= 17 (used  17.0) c=0.846 alpha=-0.211 beta=+0.412 | loss 3.5245 (delta +0.6391) size 447.7 MB sparsity 27.4%
gen 34 offspring [72/100] k= 26 (used  26.0) c=0.941 alpha=-0.181 beta=+0.291 | loss 3.1673 (delta +0.2820) size 494.4 MB sparsity 20.8%
gen 34 offspring [73/100] k= 15 (used  15.0) c=0.966 alpha=-0.039 beta=+0.004 | loss 3.6956 (delta +0.8102) size 449.0 MB sparsity 24.7%
gen 34 offspring [74/100] k= 17 (used  17.0) c=1.000 alpha=-0.176 beta=+0.004 | loss 3.4292 (delta +0.5439) size 456.5 MB sparsity 22.5%
gen 34 offspring [75/100] k= 64 (used  64.0) c=0.912 alpha=-0.026 beta=+0.010 | loss 2.9128 (delta +0.0274) size 541.4 MB sparsity 5.5%
gen 34 offspring [76/100] k= 16 (used  15.0) c=0.968 alpha=-0.253 beta=+0.375 | loss 3.7913 (delta +0.9059) size 445.0 MB sparsity 28.9%
gen 34 offspring [77/100] k= 17 (used  17.0) c=0.994 alpha=-0.121 beta=+0.312 | loss 3.4711 (delta +0.5857) size 451.9 MB sparsity 25.0%
gen 34 offspring [78/100] k= 40 (used  39.0) c=0.993 alpha=-0.253 beta=+0.465 | loss 3.4311 (delta +0.5457) size 506.8 MB sparsity 29.6%
gen 34 offspring [79/100] k= 32 (used  31.0) c=0.970 alpha=-0.065 beta=+0.348 | loss 3.1447 (delta +0.2593) size 494.8 MB sparsity 20.5%
gen 34 offspring [80/100] k= 17 (used  17.0) c=0.847 alpha=-0.331 beta=+0.434 | loss 3.8015 (delta +0.9161) size 439.2 MB sparsity 32.1%
gen 34 offspring [81/100] k= 37 (used  37.0) c=0.965 alpha=-0.192 beta=+0.433 | loss 3.3029 (delta +0.4176) size 516.4 MB sparsity 26.0%
gen 34 offspring [82/100] k= 40 (used  40.0) c=0.941 alpha=-0.179 beta=+0.386 | loss 3.2003 (delta +0.3149) size 522.5 MB sparsity 23.7%
gen 34 offspring [83/100] k= 17 (used  17.0) c=0.969 alpha=-0.175 beta=+0.447 | loss 3.6390 (delta +0.7536) size 444.0 MB sparsity 29.4%
gen 34 offspring [84/100] k= 33 (used  33.0) c=0.956 alpha=-0.036 beta=+0.045 | loss 2.9731 (delta +0.0878) size 516.5 MB sparsity 11.1%
gen 34 offspring [85/100] k=201 (used 198.1) c=0.993 alpha=-0.037 beta=+0.435 | loss 3.3738 (delta +0.4884) size 606.4 MB sparsity 19.4%
gen 34 offspring [86/100] k= 17 (used  17.0) c=0.977 alpha=-0.370 beta=+0.344 | loss 3.7235 (delta +0.8381) size 441.8 MB sparsity 30.7%
gen 34 offspring [87/100] k= 97 (used  97.0) c=0.991 alpha=-0.039 beta=+0.001 | loss 2.8952 (delta +0.0099) size 586.1 MB sparsity 4.0%
gen 34 offspring [88/100] k= 65 (used  65.0) c=0.944 alpha=-0.217 beta=+0.086 | loss 2.9537 (delta +0.0683) size 551.1 MB sparsity 13.0%
gen 34 offspring [89/100] k= 18 (used  17.0) c=0.997 alpha=-0.215 beta=+0.440 | loss 3.6424 (delta +0.7570) size 443.6 MB sparsity 29.7%
gen 34 offspring [90/100] k= 17 (used  17.0) c=0.994 alpha=-0.376 beta=+0.385 | loss 3.8219 (delta +0.9365) size 438.7 MB sparsity 32.4%
gen 34 offspring [91/100] k= 16 (used  16.0) c=0.928 alpha=-0.136 beta=+0.419 | loss 3.7177 (delta +0.8323) size 443.8 MB sparsity 29.5%
gen 34 offspring [92/100] k= 17 (used  17.0) c=0.939 alpha=-0.068 beta=+0.282 | loss 3.3919 (delta +0.5066) size 455.0 MB sparsity 23.3%
gen 34 offspring [93/100] k= 17 (used  17.0) c=0.923 alpha=-0.169 beta=+0.410 | loss 3.5425 (delta +0.6571) size 447.3 MB sparsity 27.6%
gen 34 offspring [94/100] k= 11 (used  11.0) c=0.967 alpha=-0.121 beta=+0.449 | loss 5.0609 (delta +2.1755) size 432.0 MB sparsity 36.2%
gen 34 offspring [95/100] k= 18 (used  18.0) c=0.920 alpha=-0.019 beta=+0.296 | loss 3.4084 (delta +0.5230) size 488.8 MB sparsity 23.5%
gen 34 offspring [96/100] k= 30 (used  30.0) c=0.799 alpha=-0.310 beta=+0.009 | loss 3.1350 (delta +0.2497) size 496.3 MB sparsity 18.3%
gen 34 offspring [97/100] k= 16 (used  16.0) c=0.854 alpha=-0.204 beta=+0.025 | loss 3.4081 (delta +0.5228) size 450.7 MB sparsity 22.1%
gen 34 offspring [98/100] k=  7 (used   7.0) c=0.971 alpha=-0.314 beta=+0.432 | loss 11.4707 (delta +8.5854) size 383.1 MB sparsity 51.3%
gen 34 offspring [99/100] k= 35 (used  35.0) c=0.992 alpha=-0.253 beta=+0.432 | loss 3.3480 (delta +0.4627) size 509.8 MB sparsity 28.4%
gen 34 offspring [100/100] k= 17 (used  17.0) c=0.995 alpha=-0.376 beta=+0.385 | loss 3.8397 (delta +0.9543) size 438.7 MB sparsity 32.4%
=== generation 34/50 done in 448s (0 reused), batch baseline 2.8854, HV 0.22515, front 100 points, 100/100 feasible, best delta loss +0.0015, smallest 437.5 MB
gen 35 offspring [1/100] k= 11 (used  11.0) c=0.986 alpha=-0.016 beta=+0.266 | loss 5.0058 (delta +2.1204) size 435.8 MB sparsity 34.0%
gen 35 offspring [2/100] k= 17 (used  17.0) c=0.918 alpha=-0.001 beta=+0.405 | loss 3.5533 (delta +0.6679) size 447.8 MB sparsity 27.3%
gen 35 offspring [3/100] k= 33 (used  33.0) c=0.987 alpha=-0.217 beta=+0.335 | loss 3.1713 (delta +0.2859) size 489.1 MB sparsity 23.4%
gen 35 offspring [4/100] k= 17 (used  17.0) c=0.972 alpha=-0.188 beta=+0.134 | loss 3.3816 (delta +0.4962) size 457.4 MB sparsity 21.9%
gen 35 offspring [5/100] k= 17 (used  17.0) c=0.847 alpha=-0.263 beta=+0.410 | loss 3.6109 (delta +0.7255) size 445.0 MB sparsity 28.9%
gen 35 offspring [6/100] k= 16 (used  16.0) c=0.853 alpha=-0.136 beta=+0.268 | loss 3.4368 (delta +0.5514) size 450.5 MB sparsity 23.3%
gen 35 offspring [7/100] k= 17 (used  17.0) c=0.972 alpha=-0.292 beta=+0.475 | loss 3.8315 (delta +0.9462) size 438.4 MB sparsity 32.6%
gen 35 offspring [8/100] k=  9 (used   9.0) c=0.860 alpha=-0.210 beta=+0.012 | loss 5.5202 (delta +2.6349) size 402.7 MB sparsity 36.7%
gen 35 offspring [9/100] k= 55 (used  55.0) c=0.941 alpha=-0.248 beta=+0.085 | loss 2.9802 (delta +0.0948) size 541.4 MB sparsity 14.4%
gen 35 offspring [10/100] k= 33 (used  33.0) c=0.854 alpha=-0.297 beta=+0.457 | loss 3.5531 (delta +0.6677) size 472.1 MB sparsity 31.0%
gen 35 offspring [11/100] k= 66 (used  66.0) c=0.941 alpha=-0.012 beta=+0.081 | loss 2.9105 (delta +0.0251) size 586.1 MB sparsity 6.4%
gen 35 offspring [12/100] k= 40 (used  40.0) c=0.963 alpha=-0.083 beta=+0.138 | loss 2.9536 (delta +0.0682) size 541.4 MB sparsity 11.0%
gen 35 offspring [13/100] k= 21 (used  21.0) c=0.999 alpha=-0.064 beta=+0.051 | loss 3.2027 (delta +0.3173) size 494.9 MB sparsity 18.2%
gen 35 offspring [14/100] k=236 (used 236.0) c=0.974 alpha=-0.013 beta=+0.039 | loss 2.8883 (delta +0.0029) size 630.9 MB sparsity 2.5%
gen 35 offspring [15/100] k= 17 (used  17.0) c=0.974 alpha=-0.385 beta=+0.332 | loss 3.7481 (delta +0.8627) size 441.6 MB sparsity 30.8%
gen 35 offspring [16/100] k= 19 (used  19.0) c=0.971 alpha=-0.322 beta=+0.454 | loss 3.8443 (delta +0.9590) size 468.6 MB sparsity 32.5%
gen 35 offspring [17/100] k= 25 (used  25.0) c=0.993 alpha=-0.213 beta=+0.434 | loss 3.3977 (delta +0.5124) size 480.1 MB sparsity 27.4%
gen 35 offspring [18/100] k= 33 (used  33.0) c=0.955 alpha=-0.176 beta=+0.388 | loss 3.2062 (delta +0.3208) size 488.2 MB sparsity 23.8%
gen 35 offspring [19/100] k= 32 (used  32.0) c=0.923 alpha=-0.082 beta=+0.296 | loss 3.0665 (delta +0.1811) size 496.3 MB sparsity 18.2%
gen 35 offspring [20/100] k= 17 (used  17.0) c=0.987 alpha=-0.217 beta=+0.005 | loss 3.4127 (delta +0.5273) size 456.6 MB sparsity 22.4%
gen 35 offspring [21/100] k= 20 (used  20.0) c=0.945 alpha=-0.136 beta=+0.291 | loss 3.2881 (delta +0.4027) size 491.3 MB sparsity 22.3%
gen 35 offspring [22/100] k= 29 (used  29.0) c=0.930 alpha=-0.181 beta=+0.276 | loss 3.1183 (delta +0.2329) size 495.7 MB sparsity 19.9%
gen 35 offspring [23/100] k= 71 (used  71.0) c=0.965 alpha=-0.007 beta=+0.074 | loss 2.9053 (delta +0.0200) size 586.1 MB sparsity 6.0%
gen 35 offspring [24/100] k=112 (used 111.5) c=0.972 alpha=-0.291 beta=+0.003 | loss 2.9897 (delta +0.1043) size 585.8 MB sparsity 13.8%
gen 35 offspring [25/100] k= 16 (used  16.0) c=0.848 alpha=-0.148 beta=+0.032 | loss 3.3966 (delta +0.5112) size 450.7 MB sparsity 21.9%
gen 35 offspring [26/100] k= 17 (used  17.0) c=0.914 alpha=-0.196 beta=+0.314 | loss 3.4388 (delta +0.5534) size 453.4 MB sparsity 24.2%
gen 35 offspring [27/100] k= 16 (used  15.0) c=0.992 alpha=-0.018 beta=+0.090 | loss 3.6619 (delta +0.7765) size 448.6 MB sparsity 25.3%
gen 35 offspring [28/100] k= 23 (used  23.0) c=0.972 alpha=-0.291 beta=+0.000 | loss 3.2167 (delta +0.3314) size 494.1 MB sparsity 20.7%
gen 35 offspring [29/100] k= 29 (used  29.0) c=0.994 alpha=-0.028 beta=+0.022 | loss 3.0243 (delta +0.1390) size 496.7 MB sparsity 13.2%
gen 35 offspring [30/100] k= 53 (used  53.0) c=0.941 alpha=-0.060 beta=+0.167 | loss 2.9455 (delta +0.0601) size 541.4 MB sparsity 10.6%
gen 35 offspring [31/100] k= 17 (used  17.0) c=0.971 alpha=-0.314 beta=+0.378 | loss 3.6937 (delta +0.8083) size 443.1 MB sparsity 29.9%
gen 35 offspring [32/100] k= 30 (used  30.0) c=0.863 alpha=-0.195 beta=+0.394 | loss 3.2466 (delta +0.3612) size 486.0 MB sparsity 24.8%
gen 35 offspring [33/100] k= 64 (used  64.0) c=0.887 alpha=-0.064 beta=+0.010 | loss 2.9188 (delta +0.0335) size 541.4 MB sparsity 5.8%
gen 35 offspring [34/100] k= 17 (used  17.0) c=0.999 alpha=-0.156 beta=+0.251 | loss 3.4397 (delta +0.5543) size 455.1 MB sparsity 23.2%
gen 35 offspring [35/100] k= 31 (used  31.0) c=0.943 alpha=-0.218 beta=+0.329 | loss 3.1725 (delta +0.2871) size 489.5 MB sparsity 23.2%
gen 35 offspring [36/100] k= 17 (used  17.0) c=0.932 alpha=-0.222 beta=+0.410 | loss 3.5887 (delta +0.7033) size 446.4 MB sparsity 28.1%
gen 35 offspring [37/100] k= 20 (used  19.0) c=0.948 alpha=-0.305 beta=+0.436 | loss 3.6572 (delta +0.7718) size 471.5 MB sparsity 31.2%
gen 35 offspring [38/100] k= 39 (used  39.0) c=0.848 alpha=-0.212 beta=+0.045 | loss 2.9930 (delta +0.1077) size 541.4 MB sparsity 13.2%
gen 35 offspring [39/100] k= 27 (used  27.0) c=0.927 alpha=-0.134 beta=+0.056 | loss 3.0312 (delta +0.1458) size 496.7 MB sparsity 13.4%
gen 35 offspring [40/100] k= 31 (used  31.0) c=0.923 alpha=-0.168 beta=+0.084 | loss 2.9833 (delta +0.0980) size 496.7 MB sparsity 13.3%
gen 35 offspring [41/100] k=  9 (used   9.0) c=0.976 alpha=-0.192 beta=+0.433 | loss 7.5004 (delta +4.6150) size 396.6 MB sparsity 41.2%
gen 35 offspring [42/100] k= 17 (used  17.0) c=0.857 alpha=-0.206 beta=+0.476 | loss 3.7335 (delta +0.8481) size 443.7 MB sparsity 29.6%
gen 35 offspring [43/100] k= 17 (used  17.0) c=0.848 alpha=-0.303 beta=+0.297 | loss 3.5276 (delta +0.6423) size 449.8 MB sparsity 26.2%
gen 35 offspring [44/100] k= 32 (used  32.0) c=0.924 alpha=-0.001 beta=+0.300 | loss 3.0729 (delta +0.1876) size 496.2 MB sparsity 18.4%
gen 35 offspring [45/100] k= 30 (used  30.0) c=0.871 alpha=-0.254 beta=+0.448 | loss 3.4017 (delta +0.5163) size 476.4 MB sparsity 29.1%
gen 35 offspring [46/100] k= 32 (used  32.0) c=0.847 alpha=-0.068 beta=+0.018 | loss 2.9852 (delta +0.0998) size 496.7 MB sparsity 10.5%
gen 35 offspring [47/100] k= 31 (used  31.0) c=0.943 alpha=-0.218 beta=+0.178 | loss 3.0424 (delta +0.1570) size 496.6 MB sparsity 17.4%
gen 35 offspring [48/100] k= 33 (used  33.0) c=0.923 alpha=-0.337 beta=+0.085 | loss 3.1001 (delta +0.2148) size 498.0 MB sparsity 19.4%
gen 35 offspring [49/100] k= 33 (used  33.0) c=0.890 alpha=-0.197 beta=+0.398 | loss 3.2658 (delta +0.3804) size 485.7 MB sparsity 24.9%
gen 35 offspring [50/100] k= 32 (used  32.0) c=0.842 alpha=-0.029 beta=+0.026 | loss 2.9844 (delta +0.0990) size 496.7 MB sparsity 10.5%
gen 35 offspring [51/100] k= 17 (used  17.0) c=0.923 alpha=-0.222 beta=+0.432 | loss 3.5889 (delta +0.7035) size 445.1 MB sparsity 28.8%
gen 35 offspring [52/100] k= 17 (used  17.0) c=0.970 alpha=-0.253 beta=+0.502 | loss 4.5902 (delta +1.7048) size 438.8 MB sparsity 32.3%
gen 35 offspring [53/100] k= 82 (used  81.9) c=0.985 alpha=-0.039 beta=+0.246 | loss 2.9667 (delta +0.0814) size 586.1 MB sparsity 12.7%
gen 35 offspring [54/100] k=  8 (used   7.0) c=0.858 alpha=-0.199 beta=+0.432 | loss 9.3962 (delta +6.5109) size 389.5 MB sparsity 46.5%
gen 35 offspring [55/100] k= 16 (used  15.0) c=0.993 alpha=-0.019 beta=+0.446 | loss 3.8864 (delta +1.0010) size 440.7 MB sparsity 31.3%
gen 35 offspring [56/100] k= 16 (used  15.0) c=0.987 alpha=-0.193 beta=+0.321 | loss 3.7494 (delta +0.8641) size 447.7 MB sparsity 27.1%
gen 35 offspring [57/100] k= 17 (used  17.0) c=0.972 alpha=-0.293 beta=+0.476 | loss 3.8384 (delta +0.9531) size 438.2 MB sparsity 32.7%
gen 35 offspring [58/100] k= 17 (used  17.0) c=0.936 alpha=-0.323 beta=+0.342 | loss 3.6672 (delta +0.7819) size 445.1 MB sparsity 28.8%
gen 35 offspring [59/100] k=179 (used 175.2) c=0.992 alpha=-0.307 beta=+0.432 | loss 3.3868 (delta +0.5014) size 566.8 MB sparsity 30.4%
gen 35 offspring [60/100] k= 50 (used  50.0) c=0.912 alpha=-0.077 beta=+0.003 | loss 2.9298 (delta +0.0444) size 541.4 MB sparsity 7.4%
gen 35 offspring [61/100] k= 33 (used  33.0) c=0.990 alpha=-0.036 beta=+0.124 | loss 2.9753 (delta +0.0899) size 514.8 MB sparsity 11.9%
gen 35 offspring [62/100] k= 25 (used  25.0) c=0.999 alpha=-0.176 beta=+0.397 | loss 3.3182 (delta +0.4329) size 485.9 MB sparsity 24.8%
gen 35 offspring [63/100] k= 31 (used  31.0) c=0.996 alpha=-0.218 beta=+0.398 | loss 3.3025 (delta +0.4172) size 483.4 MB sparsity 25.9%
gen 35 offspring [64/100] k= 17 (used  17.0) c=0.848 alpha=-0.283 beta=+0.042 | loss 3.3610 (delta +0.4757) size 457.0 MB sparsity 22.2%
gen 35 offspring [65/100] k= 32 (used  32.0) c=0.963 alpha=-0.011 beta=+0.131 | loss 2.9896 (delta +0.1042) size 496.7 MB sparsity 12.4%
gen 35 offspring [66/100] k= 65 (used  65.0) c=0.944 alpha=-0.007 beta=+0.072 | loss 2.9104 (delta +0.0250) size 569.7 MB sparsity 6.1%
gen 35 offspring [67/100] k= 65 (used  65.0) c=0.933 alpha=-0.002 beta=+0.088 | loss 2.9109 (delta +0.0256) size 568.2 MB sparsity 6.7%
gen 35 offspring [68/100] k= 53 (used  52.8) c=0.872 alpha=-0.221 beta=+0.429 | loss 3.2919 (delta +0.4065) size 514.0 MB sparsity 26.9%
gen 35 offspring [69/100] k= 31 (used  31.0) c=0.854 alpha=-0.059 beta=+0.270 | loss 3.0751 (delta +0.1897) size 496.6 MB sparsity 16.7%
gen 35 offspring [70/100] k= 33 (used  33.0) c=0.991 alpha=-0.193 beta=+0.375 | loss 3.2040 (delta +0.3186) size 487.7 MB sparsity 24.0%
gen 35 offspring [71/100] k= 33 (used  33.0) c=0.925 alpha=-0.182 beta=+0.361 | loss 3.1674 (delta +0.2821) size 490.1 MB sparsity 23.0%
gen 35 offspring [72/100] k= 15 (used  15.0) c=0.998 alpha=-0.039 beta=+0.457 | loss 3.8825 (delta +0.9971) size 439.9 MB sparsity 31.7%
gen 35 offspring [73/100] k= 20 (used  20.0) c=0.854 alpha=-0.210 beta=+0.333 | loss 3.3480 (delta +0.4627) size 487.8 MB sparsity 24.0%
gen 35 offspring [74/100] k= 26 (used  26.0) c=0.849 alpha=-0.210 beta=+0.350 | loss 3.2709 (delta +0.3855) size 488.0 MB sparsity 23.9%
gen 35 offspring [75/100] k= 36 (used  35.0) c=0.993 alpha=-0.284 beta=+0.436 | loss 3.4006 (delta +0.5153) size 506.2 MB sparsity 29.8%
gen 35 offspring [76/100] k=170 (used 167.0) c=0.993 alpha=-0.040 beta=+0.540 | loss 15.2852 (delta +12.3999) size 592.3 MB sparsity 23.3%
gen 35 offspring [77/100] k=215 (used 215.0) c=0.965 alpha=-0.037 beta=+0.040 | loss 2.8907 (delta +0.0053) size 630.9 MB sparsity 3.3%
gen 35 offspring [78/100] k= 19 (used  19.0) c=0.875 alpha=-0.165 beta=+0.217 | loss 3.2371 (delta +0.3517) size 494.9 MB sparsity 19.0%
gen 35 offspring [79/100] k= 17 (used  17.0) c=0.844 alpha=-0.029 beta=+0.282 | loss 3.3308 (delta +0.4454) size 457.2 MB sparsity 22.1%
gen 35 offspring [80/100] k= 31 (used  31.0) c=0.852 alpha=-0.013 beta=+0.012 | loss 2.9940 (delta +0.1086) size 496.7 MB sparsity 10.6%
gen 35 offspring [81/100] k= 16 (used  16.0) c=0.848 alpha=-0.080 beta=+0.077 | loss 3.3990 (delta +0.5137) size 450.7 MB sparsity 21.9%
gen 35 offspring [82/100] k= 17 (used  17.0) c=0.923 alpha=-0.185 beta=+0.494 | loss 14.9235 (delta +12.0382) size 441.9 MB sparsity 30.6%
gen 35 offspring [83/100] k= 40 (used  39.0) c=0.993 alpha=-0.109 beta=+0.107 | loss 2.9579 (delta +0.0725) size 541.4 MB sparsity 10.6%
gen 35 offspring [84/100] k= 17 (used  17.0) c=0.848 alpha=-0.188 beta=+0.135 | loss 3.2710 (delta +0.3857) size 461.8 MB sparsity 19.5%
gen 35 offspring [85/100] k= 31 (used  31.0) c=0.941 alpha=-0.312 beta=+0.112 | loss 3.0930 (delta +0.2076) size 496.0 MB sparsity 19.0%
gen 35 offspring [86/100] k= 18 (used  18.0) c=0.918 alpha=-0.005 beta=+0.288 | loss 3.3880 (delta +0.5026) size 489.4 MB sparsity 23.2%
gen 35 offspring [87/100] k= 17 (used  17.0) c=0.994 alpha=-0.376 beta=+0.394 | loss 3.8544 (delta +0.9691) size 438.2 MB sparsity 32.7%
gen 35 offspring [88/100] k= 17 (used  17.0) c=0.846 alpha=-0.073 beta=+0.313 | loss 3.3637 (delta +0.4784) size 455.2 MB sparsity 23.2%
gen 35 offspring [89/100] k= 22 (used  22.0) c=0.860 alpha=-0.204 beta=+0.481 | loss 3.5413 (delta +0.6560) size 476.9 MB sparsity 28.9%
gen 35 offspring [90/100] k= 17 (used  17.0) c=0.923 alpha=-0.185 beta=+0.466 | loss 3.6755 (delta +0.7901) size 443.7 MB sparsity 29.6%
gen 35 offspring [91/100] k= 17 (used  17.0) c=0.989 alpha=-0.247 beta=+0.334 | loss 3.5231 (delta +0.6377) size 449.4 MB sparsity 26.4%
gen 35 offspring [92/100] k= 32 (used  32.0) c=0.917 alpha=-0.222 beta=+0.282 | loss 3.1373 (delta +0.2520) size 493.3 MB sparsity 21.5%
gen 35 offspring [93/100] k= 21 (used  21.0) c=0.994 alpha=-0.058 beta=+0.085 | loss 3.1965 (delta +0.3112) size 495.0 MB sparsity 18.2%
gen 35 offspring [94/100] k= 29 (used  29.0) c=0.847 alpha=-0.332 beta=+0.221 | loss 3.2306 (delta +0.3453) size 489.0 MB sparsity 23.4%
gen 35 offspring [95/100] k= 17 (used  17.0) c=0.923 alpha=-0.189 beta=+0.405 | loss 3.5456 (delta +0.6603) size 447.5 MB sparsity 27.5%
gen 35 offspring [96/100] k= 17 (used  17.0) c=0.848 alpha=-0.225 beta=+0.252 | loss 3.3269 (delta +0.4415) size 457.2 MB sparsity 22.1%
gen 35 offspring [97/100] k= 16 (used  16.0) c=0.853 alpha=-0.136 beta=+0.226 | loss 3.4148 (delta +0.5295) size 450.7 MB sparsity 22.3%
gen 35 offspring [98/100] k= 66 (used  65.4) c=0.931 alpha=-0.386 beta=+0.397 | loss 3.5158 (delta +0.6304) size 528.7 MB sparsity 32.2%
gen 35 offspring [99/100] k=199 (used 199.0) c=0.994 alpha=-0.015 beta=+0.081 | loss 2.8923 (delta +0.0069) size 630.9 MB sparsity 4.4%
gen 35 offspring [100/100] k= 32 (used  32.0) c=0.923 alpha=-0.002 beta=+0.296 | loss 3.0684 (delta +0.1830) size 496.3 MB sparsity 18.2%
=== generation 35/50 done in 447s (0 reused), batch baseline 2.8854, HV 0.22520, front 100 points, 100/100 feasible, best delta loss +0.0015, smallest 437.5 MB
gen 36 offspring [1/100] k= 26 (used  25.0) c=0.972 alpha=-0.376 beta=+0.441 | loss 3.7452 (delta +0.8598) size 466.1 MB sparsity 33.7%
gen 36 offspring [2/100] k= 33 (used  33.0) c=0.998 alpha=-0.240 beta=+0.087 | loss 3.0323 (delta +0.1470) size 505.4 MB sparsity 16.1%
gen 36 offspring [3/100] k=176 (used 175.0) c=0.999 alpha=-0.003 beta=+0.019 | loss 2.8898 (delta +0.0044) size 630.9 MB sparsity 2.2%
gen 36 offspring [4/100] k= 33 (used  33.0) c=0.999 alpha=-0.288 beta=+0.397 | loss 3.3712 (delta +0.4858) size 477.7 MB sparsity 28.5%
gen 36 offspring [5/100] k= 17 (used  17.0) c=0.874 alpha=-0.147 beta=+0.266 | loss 3.3531 (delta +0.4678) size 457.5 MB sparsity 21.9%
gen 36 offspring [6/100] k= 17 (used  17.0) c=0.849 alpha=-0.188 beta=+0.138 | loss 3.2695 (delta +0.3841) size 461.8 MB sparsity 19.5%
gen 36 offspring [7/100] k= 17 (used  17.0) c=0.923 alpha=-0.223 beta=+0.410 | loss 3.5590 (delta +0.6736) size 446.4 MB sparsity 28.1%
gen 36 offspring [8/100] k= 18 (used  17.0) c=0.995 alpha=-0.252 beta=+0.433 | loss 3.6673 (delta +0.7819) size 442.9 MB sparsity 30.0%
gen 36 offspring [9/100] k= 17 (used  17.0) c=0.848 alpha=-0.212 beta=+0.009 | loss 3.2782 (delta +0.3928) size 461.1 MB sparsity 19.9%
gen 36 offspring [10/100] k= 65 (used  65.0) c=0.941 alpha=-0.099 beta=+0.049 | loss 2.9149 (delta +0.0296) size 566.9 MB sparsity 7.2%
gen 36 offspring [11/100] k= 85 (used  85.0) c=0.912 alpha=-0.026 beta=+0.010 | loss 2.9081 (delta +0.0227) size 586.1 MB sparsity 4.1%
gen 36 offspring [12/100] k= 33 (used  33.0) c=0.965 alpha=-0.029 beta=+0.024 | loss 2.9701 (delta +0.0847) size 516.3 MB sparsity 11.2%
gen 36 offspring [13/100] k= 53 (used  53.0) c=0.941 alpha=-0.154 beta=+0.081 | loss 2.9358 (delta +0.0505) size 541.4 MB sparsity 10.5%
gen 36 offspring [14/100] k= 29 (used  29.0) c=0.853 alpha=-0.136 beta=+0.291 | loss 3.0844 (delta +0.1991) size 496.3 MB sparsity 18.7%
gen 36 offspring [15/100] k= 17 (used  17.0) c=0.848 alpha=-0.209 beta=+0.471 | loss 3.6812 (delta +0.7958) size 444.0 MB sparsity 29.4%
gen 36 offspring [16/100] k= 20 (used  19.0) c=0.961 alpha=-0.194 beta=+0.031 | loss 3.2414 (delta +0.3560) size 493.9 MB sparsity 19.7%
gen 36 offspring [17/100] k= 16 (used  15.0) c=0.987 alpha=-0.192 beta=+0.431 | loss 3.8453 (delta +0.9600) size 441.7 MB sparsity 30.7%
gen 36 offspring [18/100] k= 17 (used  17.0) c=0.999 alpha=-0.035 beta=+0.392 | loss 3.5715 (delta +0.6861) size 446.9 MB sparsity 27.8%
gen 36 offspring [19/100] k= 30 (used  30.0) c=0.922 alpha=-0.169 beta=+0.339 | loss 3.1575 (delta +0.2722) size 492.6 MB sparsity 21.8%
gen 36 offspring [20/100] k= 16 (used  16.0) c=0.847 alpha=-0.331 beta=+0.267 | loss 3.5600 (delta +0.6747) size 448.7 MB sparsity 26.7%
gen 36 offspring [21/100] k= 65 (used  65.0) c=0.943 alpha=-0.007 beta=+0.072 | loss 2.9104 (delta +0.0251) size 569.7 MB sparsity 6.1%
gen 36 offspring [22/100] k= 33 (used  33.0) c=0.965 alpha=-0.258 beta=+0.346 | loss 3.2318 (delta +0.3464) size 484.6 MB sparsity 25.4%
gen 36 offspring [23/100] k= 35 (used  35.0) c=0.923 alpha=-0.260 beta=+0.311 | loss 3.2525 (delta +0.3672) size 521.7 MB sparsity 24.0%
gen 36 offspring [24/100] k= 17 (used  17.0) c=0.997 alpha=-0.385 beta=+0.397 | loss 3.8666 (delta +0.9813) size 437.4 MB sparsity 33.1%
gen 36 offspring [25/100] k= 17 (used  17.0) c=0.971 alpha=-0.211 beta=+0.326 | loss 3.4709 (delta +0.5855) size 451.3 MB sparsity 25.3%
gen 36 offspring [26/100] k= 17 (used  17.0) c=0.918 alpha=-0.081 beta=+0.359 | loss 3.4808 (delta +0.5954) size 450.7 MB sparsity 25.7%
gen 36 offspring [27/100] k= 36 (used  35.0) c=0.989 alpha=-0.397 beta=+0.436 | loss 3.6113 (delta +0.7259) size 494.6 MB sparsity 34.1%
gen 36 offspring [28/100] k= 17 (used  17.0) c=0.848 alpha=-0.206 beta=+0.291 | loss 3.3374 (delta +0.4521) size 455.7 MB sparsity 22.9%
gen 36 offspring [29/100] k= 53 (used  53.0) c=0.941 alpha=-0.257 beta=+0.086 | loss 2.9874 (delta +0.1020) size 541.3 MB sparsity 14.8%
gen 36 offspring [30/100] k= 12 (used  11.0) c=0.924 alpha=-0.147 beta=+0.032 | loss 4.5743 (delta +1.6889) size 439.1 MB sparsity 32.2%
gen 36 offspring [31/100] k= 66 (used  66.0) c=0.914 alpha=-0.211 beta=+0.113 | loss 2.9641 (delta +0.0787) size 585.8 MB sparsity 13.9%
gen 36 offspring [32/100] k= 36 (used  36.0) c=0.862 alpha=-0.182 beta=+0.383 | loss 3.2203 (delta +0.3349) size 522.6 MB sparsity 23.7%
gen 36 offspring [33/100] k= 54 (used  53.7) c=0.972 alpha=-0.295 beta=+0.487 | loss 3.5223 (delta +0.6369) size 500.4 MB sparsity 31.9%
gen 36 offspring [34/100] k= 17 (used  17.0) c=0.849 alpha=-0.068 beta=+0.343 | loss 3.3855 (delta +0.5002) size 453.2 MB sparsity 24.3%
gen 36 offspring [35/100] k= 17 (used  17.0) c=0.940 alpha=-0.222 beta=+0.410 | loss 3.5816 (delta +0.6962) size 446.2 MB sparsity 28.2%
gen 36 offspring [36/100] k=  4 (used   3.0) c=0.992 alpha=-0.218 beta=+0.430 | loss 16.0458 (delta +13.1604) size 320.5 MB sparsity 93.8%
gen 36 offspring [37/100] k= 17 (used  17.0) c=0.972 alpha=-0.366 beta=+0.440 | loss 3.9126 (delta +1.0273) size 436.0 MB sparsity 33.9%
gen 36 offspring [38/100] k= 17 (used  17.0) c=0.855 alpha=-0.231 beta=+0.067 | loss 3.3152 (delta +0.4298) size 459.9 MB sparsity 20.5%
gen 36 offspring [39/100] k= 17 (used  17.0) c=0.926 alpha=-0.169 beta=+0.411 | loss 3.5519 (delta +0.6666) size 447.2 MB sparsity 27.6%
gen 36 offspring [40/100] k= 30 (used  30.0) c=0.861 alpha=-0.297 beta=+0.325 | loss 3.2927 (delta +0.4073) size 483.0 MB sparsity 26.1%
gen 36 offspring [41/100] k= 18 (used  17.0) c=0.981 alpha=-0.062 beta=+0.247 | loss 3.4292 (delta +0.5438) size 455.7 MB sparsity 22.9%
gen 36 offspring [42/100] k=216 (used 216.0) c=0.854 alpha=-0.035 beta=+0.024 | loss 2.9080 (delta +0.0227) size 630.9 MB sparsity 2.6%
gen 36 offspring [43/100] k= 31 (used  31.0) c=0.940 alpha=-0.253 beta=+0.435 | loss 3.3524 (delta +0.4671) size 477.5 MB sparsity 28.6%
gen 36 offspring [44/100] k= 33 (used  33.0) c=0.987 alpha=-0.218 beta=+0.335 | loss 3.1750 (delta +0.2896) size 489.1 MB sparsity 23.4%
gen 36 offspring [45/100] k= 31 (used  31.0) c=0.920 alpha=-0.225 beta=+0.279 | loss 3.1342 (delta +0.2488) size 493.3 MB sparsity 21.5%
gen 36 offspring [46/100] k= 17 (used  17.0) c=0.971 alpha=-0.309 beta=+0.012 | loss 3.4767 (delta +0.5913) size 452.6 MB sparsity 24.6%
gen 36 offspring [47/100] k= 17 (used  17.0) c=0.994 alpha=-0.273 beta=+0.394 | loss 3.6565 (delta +0.7711) size 444.3 MB sparsity 29.2%
gen 36 offspring [48/100] k= 66 (used  65.7) c=0.922 alpha=-0.060 beta=+0.383 | loss 3.2079 (delta +0.3225) size 571.0 MB sparsity 18.7%
gen 36 offspring [49/100] k=  6 (used   5.0) c=0.978 alpha=-0.208 beta=+0.442 | loss 16.0822 (delta +13.1968) size 345.8 MB sparsity 68.7%
gen 36 offspring [50/100] k= 17 (used  17.0) c=0.994 alpha=-0.384 beta=+0.396 | loss 3.8621 (delta +0.9768) size 437.5 MB sparsity 33.1%
gen 36 offspring [51/100] k= 29 (used  29.0) c=0.920 alpha=-0.253 beta=+0.465 | loss 3.4484 (delta +0.5630) size 474.9 MB sparsity 29.7%
gen 36 offspring [52/100] k=195 (used 195.0) c=0.994 alpha=-0.086 beta=+0.007 | loss 2.8926 (delta +0.0073) size 630.9 MB sparsity 4.7%
gen 36 offspring [53/100] k= 17 (used  17.0) c=0.863 alpha=-0.286 beta=+0.432 | loss 3.7037 (delta +0.8183) size 442.1 MB sparsity 30.5%
gen 36 offspring [54/100] k= 16 (used  15.0) c=0.974 alpha=-0.322 beta=+0.435 | loss 3.9521 (delta +1.0668) size 438.1 MB sparsity 32.7%
gen 36 offspring [55/100] k= 35 (used  35.0) c=0.921 alpha=-0.002 beta=+0.088 | loss 2.9666 (delta +0.0813) size 541.4 MB sparsity 10.1%
gen 36 offspring [56/100] k= 17 (used  17.0) c=0.836 alpha=-0.092 beta=+0.255 | loss 3.3038 (delta +0.4184) size 459.0 MB sparsity 21.0%
gen 36 offspring [57/100] k= 16 (used  16.0) c=0.863 alpha=-0.195 beta=+0.380 | loss 3.5592 (delta +0.6738) size 447.7 MB sparsity 27.3%
gen 36 offspring [58/100] k= 17 (used  17.0) c=0.860 alpha=-0.299 beta=+0.252 | loss 3.4580 (delta +0.5726) size 452.7 MB sparsity 24.6%
gen 36 offspring [59/100] k=107 (used 105.1) c=0.998 alpha=-0.020 beta=+0.611 | loss 15.3296 (delta +12.4443) size 550.4 MB sparsity 25.7%
gen 36 offspring [60/100] k= 34 (used  33.0) c=0.993 alpha=-0.217 beta=+0.336 | loss 3.1791 (delta +0.2937) size 488.9 MB sparsity 23.5%
gen 36 offspring [61/100] k= 32 (used  32.0) c=0.960 alpha=-0.227 beta=+0.022 | loss 3.0333 (delta +0.1480) size 496.7 MB sparsity 15.8%
gen 36 offspring [62/100] k= 17 (used  17.0) c=0.869 alpha=-0.247 beta=+0.403 | loss 3.5807 (delta +0.6953) size 446.3 MB sparsity 28.2%
gen 36 offspring [63/100] k= 32 (used  32.0) c=0.918 alpha=-0.059 beta=+0.435 | loss 3.2980 (delta +0.4126) size 489.0 MB sparsity 23.4%
gen 36 offspring [64/100] k= 33 (used  33.0) c=0.987 alpha=-0.193 beta=+0.380 | loss 3.2074 (delta +0.3220) size 487.3 MB sparsity 24.2%
gen 36 offspring [65/100] k=  8 (used   7.0) c=0.993 alpha=-0.177 beta=+0.444 | loss 11.5123 (delta +8.6270) size 381.9 MB sparsity 52.2%
gen 36 offspring [66/100] k= 23 (used  23.0) c=0.855 alpha=-0.145 beta=+0.085 | loss 3.0756 (delta +0.1903) size 496.6 MB sparsity 14.6%
gen 36 offspring [67/100] k= 18 (used  17.0) c=0.984 alpha=-0.253 beta=+0.432 | loss 3.6588 (delta +0.7735) size 443.0 MB sparsity 30.0%
gen 36 offspring [68/100] k= 24 (used  24.0) c=0.848 alpha=-0.122 beta=+0.290 | loss 3.1646 (delta +0.2792) size 495.4 MB sparsity 19.5%
gen 36 offspring [69/100] k= 33 (used  33.0) c=0.945 alpha=-0.070 beta=+0.124 | loss 2.9729 (delta +0.0875) size 515.7 MB sparsity 11.5%
gen 36 offspring [70/100] k= 33 (used  33.0) c=0.846 alpha=-0.002 beta=+0.078 | loss 2.9808 (delta +0.0955) size 519.3 MB sparsity 9.9%
gen 36 offspring [71/100] k= 12 (used  12.0) c=0.855 alpha=-0.025 beta=+0.086 | loss 4.1620 (delta +1.2766) size 443.0 MB sparsity 30.0%
gen 36 offspring [72/100] k= 16 (used  16.0) c=0.849 alpha=-0.067 beta=+0.368 | loss 3.5084 (delta +0.6230) size 448.5 MB sparsity 26.6%
gen 36 offspring [73/100] k= 57 (used  56.9) c=0.992 alpha=-0.089 beta=+0.404 | loss 3.2244 (delta +0.3390) size 530.6 MB sparsity 20.7%
gen 36 offspring [74/100] k= 17 (used  17.0) c=0.847 alpha=-0.195 beta=+0.433 | loss 3.5547 (delta +0.6694) size 447.0 MB sparsity 27.8%
gen 36 offspring [75/100] k= 21 (used  21.0) c=0.872 alpha=-0.060 beta=+0.324 | loss 3.2433 (delta +0.3580) size 492.6 MB sparsity 21.7%
gen 36 offspring [76/100] k= 17 (used  17.0) c=0.938 alpha=-0.197 beta=+0.421 | loss 3.5790 (delta +0.6936) size 446.1 MB sparsity 28.2%
gen 36 offspring [77/100] k= 21 (used  21.0) c=0.848 alpha=-0.187 beta=+0.262 | loss 3.2028 (delta +0.3175) size 495.0 MB sparsity 20.2%
gen 36 offspring [78/100] k= 39 (used  39.0) c=0.964 alpha=-0.029 beta=+0.022 | loss 2.9462 (delta +0.0609) size 541.4 MB sparsity 9.5%
gen 36 offspring [79/100] k= 74 (used  74.0) c=0.923 alpha=-0.082 beta=+0.088 | loss 2.9094 (delta +0.0241) size 586.1 MB sparsity 7.5%
gen 36 offspring [80/100] k= 17 (used  17.0) c=0.961 alpha=-0.292 beta=+0.475 | loss 3.8667 (delta +0.9813) size 438.5 MB sparsity 32.5%
gen 36 offspring [81/100] k= 17 (used  17.0) c=0.923 alpha=-0.174 beta=+0.406 | loss 3.5341 (delta +0.6487) size 447.5 MB sparsity 27.5%
gen 36 offspring [82/100] k= 16 (used  16.0) c=0.847 alpha=-0.347 beta=+0.432 | loss 3.8418 (delta +0.9565) size 437.7 MB sparsity 32.9%
gen 36 offspring [83/100] k= 32 (used  31.0) c=0.993 alpha=-0.218 beta=+0.397 | loss 3.2878 (delta +0.4025) size 483.5 MB sparsity 25.9%
gen 36 offspring [84/100] k= 17 (used  17.0) c=0.848 alpha=-0.211 beta=+0.320 | loss 3.3740 (delta +0.4886) size 453.6 MB sparsity 24.1%
gen 36 offspring [85/100] k=  4 (used   3.0) c=0.868 alpha=-0.247 beta=+0.482 | loss 16.9978 (delta +14.1125) size 322.0 MB sparsity 90.5%
gen 36 offspring [86/100] k= 17 (used  17.0) c=0.866 alpha=-0.269 beta=+0.444 | loss 3.7111 (delta +0.8258) size 442.4 MB sparsity 30.4%
gen 36 offspring [87/100] k= 12 (used  11.0) c=0.994 alpha=-0.205 beta=+0.040 | loss 5.1776 (delta +2.2923) size 435.3 MB sparsity 34.3%
gen 36 offspring [88/100] k= 18 (used  17.0) c=0.997 alpha=-0.181 beta=+0.289 | loss 3.4702 (delta +0.5849) size 453.2 MB sparsity 24.3%
gen 36 offspring [89/100] k= 33 (used  33.0) c=0.998 alpha=-0.316 beta=+0.384 | loss 3.4042 (delta +0.5188) size 476.3 MB sparsity 29.1%
gen 36 offspring [90/100] k= 32 (used  31.0) c=0.990 alpha=-0.183 beta=+0.433 | loss 3.3057 (delta +0.4204) size 483.5 MB sparsity 25.9%
gen 36 offspring [91/100] k=175 (used 172.7) c=0.993 alpha=-0.069 beta=+0.432 | loss 3.3026 (delta +0.4172) size 601.9 MB sparsity 20.6%
gen 36 offspring [92/100] k= 65 (used  65.0) c=0.944 alpha=-0.022 beta=+0.072 | loss 2.9104 (delta +0.0250) size 569.7 MB sparsity 6.1%
gen 36 offspring [93/100] k= 17 (used  17.0) c=0.855 alpha=-0.210 beta=+0.067 | loss 3.2915 (delta +0.4062) size 460.9 MB sparsity 20.0%
gen 36 offspring [94/100] k= 17 (used  17.0) c=1.000 alpha=-0.214 beta=+0.432 | loss 3.6215 (delta +0.7362) size 444.1 MB sparsity 29.4%
gen 36 offspring [95/100] k= 16 (used  16.0) c=0.848 alpha=-0.231 beta=+0.291 | loss 3.4445 (delta +0.5592) size 450.3 MB sparsity 24.4%
gen 36 offspring [96/100] k= 17 (used  17.0) c=0.971 alpha=-0.291 beta=+0.441 | loss 3.7468 (delta +0.8615) size 440.6 MB sparsity 31.4%
gen 36 offspring [97/100] k= 33 (used  33.0) c=0.998 alpha=-0.218 beta=+0.384 | loss 3.2439 (delta +0.3586) size 484.8 MB sparsity 25.3%
gen 36 offspring [98/100] k= 31 (used  31.0) c=0.855 alpha=-0.181 beta=+0.029 | loss 3.0092 (delta +0.1239) size 496.7 MB sparsity 13.3%
gen 36 offspring [99/100] k= 37 (used  37.0) c=0.944 alpha=-0.007 beta=+0.034 | loss 2.9566 (delta +0.0713) size 541.4 MB sparsity 9.8%
gen 36 offspring [100/100] k= 11 (used  11.0) c=0.940 alpha=-0.204 beta=+0.312 | loss 4.6006 (delta +1.7153) size 438.1 MB sparsity 32.7%
=== generation 36/50 done in 448s (0 reused), batch baseline 2.8854, HV 0.22536, front 100 points, 100/100 feasible, best delta loss +0.0015, smallest 437.4 MB
gen 37 offspring [1/100] k=  5 (used   5.0) c=0.941 alpha=-0.320 beta=+0.057 | loss 15.1872 (delta +12.3019) size 347.3 MB sparsity 67.0%
gen 37 offspring [2/100] k= 32 (used  32.0) c=0.923 alpha=-0.083 beta=+0.296 | loss 3.0666 (delta +0.1812) size 496.3 MB sparsity 18.2%
gen 37 offspring [3/100] k= 10 (used  10.0) c=0.854 alpha=-0.156 beta=+0.371 | loss 5.6183 (delta +2.7330) size 431.0 MB sparsity 36.7%
gen 37 offspring [4/100] k= 65 (used  65.0) c=0.944 alpha=-0.022 beta=+0.075 | loss 2.9110 (delta +0.0257) size 569.4 MB sparsity 6.2%
gen 37 offspring [5/100] k=212 (used 208.8) c=0.997 alpha=-0.000 beta=+0.342 | loss 3.0879 (delta +0.2025) size 621.7 MB sparsity 15.1%
gen 37 offspring [6/100] k= 40 (used  40.0) c=0.958 alpha=-0.330 beta=+0.291 | loss 3.2845 (delta +0.3992) size 516.5 MB sparsity 26.0%
gen 37 offspring [7/100] k= 32 (used  32.0) c=0.933 alpha=-0.005 beta=+0.375 | loss 3.1753 (delta +0.2899) size 493.6 MB sparsity 21.3%
gen 37 offspring [8/100] k= 16 (used  15.0) c=0.941 alpha=-0.218 beta=+0.044 | loss 3.5646 (delta +0.6792) size 449.5 MB sparsity 24.1%
gen 37 offspring [9/100] k=175 (used 172.5) c=0.971 alpha=-0.004 beta=+0.441 | loss 3.4385 (delta +0.5532) size 607.6 MB sparsity 19.0%
gen 37 offspring [10/100] k= 17 (used  17.0) c=0.848 alpha=-0.343 beta=+0.209 | loss 3.4761 (delta +0.5908) size 452.2 MB sparsity 24.8%
gen 37 offspring [11/100] k= 17 (used  17.0) c=0.971 alpha=-0.314 beta=+0.435 | loss 3.7721 (delta +0.8867) size 439.6 MB sparsity 31.9%
gen 37 offspring [12/100] k= 17 (used  17.0) c=0.862 alpha=-0.217 beta=+0.107 | loss 3.2870 (delta +0.4017) size 460.4 MB sparsity 20.3%
gen 37 offspring [13/100] k= 32 (used  31.0) c=0.998 alpha=-0.019 beta=+0.436 | loss 3.3239 (delta +0.4386) size 487.7 MB sparsity 24.0%
gen 37 offspring [14/100] k= 13 (used  13.0) c=0.965 alpha=-0.029 beta=+0.055 | loss 4.0213 (delta +1.1360) size 445.4 MB sparsity 28.4%
gen 37 offspring [15/100] k= 30 (used  30.0) c=0.848 alpha=-0.208 beta=+0.291 | loss 3.1485 (delta +0.2631) size 493.8 MB sparsity 21.3%
gen 37 offspring [16/100] k= 23 (used  23.0) c=0.921 alpha=-0.000 beta=+0.087 | loss 3.0718 (delta +0.1865) size 496.3 MB sparsity 15.4%
gen 37 offspring [17/100] k= 16 (used  16.0) c=0.847 alpha=-0.347 beta=+0.291 | loss 3.5829 (delta +0.6975) size 446.5 MB sparsity 28.0%
gen 37 offspring [18/100] k= 33 (used  33.0) c=0.973 alpha=-0.063 beta=+0.271 | loss 3.0364 (delta +0.1511) size 503.1 MB sparsity 17.1%
gen 37 offspring [19/100] k= 31 (used  31.0) c=0.939 alpha=-0.187 beta=+0.293 | loss 3.1094 (delta +0.2241) size 495.0 MB sparsity 20.6%
gen 37 offspring [20/100] k= 16 (used  16.0) c=0.846 alpha=-0.202 beta=+0.025 | loss 3.4213 (delta +0.5359) size 450.8 MB sparsity 21.9%
gen 37 offspring [21/100] k= 35 (used  35.0) c=0.987 alpha=-0.182 beta=+0.336 | loss 3.1581 (delta +0.2728) size 527.0 MB sparsity 22.0%
gen 37 offspring [22/100] k= 44 (used  43.0) c=0.997 alpha=-0.399 beta=+0.081 | loss 3.1732 (delta +0.2879) size 530.1 MB sparsity 20.9%
gen 37 offspring [23/100] k= 89 (used  88.2) c=0.991 alpha=-0.187 beta=+0.454 | loss 3.2788 (delta +0.3935) size 548.4 MB sparsity 26.3%
gen 37 offspring [24/100] k= 33 (used  33.0) c=0.924 alpha=-0.001 beta=+0.418 | loss 3.2732 (delta +0.3879) size 491.1 MB sparsity 22.5%
gen 37 offspring [25/100] k= 17 (used  17.0) c=0.848 alpha=-0.269 beta=+0.328 | loss 3.5115 (delta +0.6262) size 450.0 MB sparsity 26.1%
gen 37 offspring [26/100] k= 31 (used  31.0) c=0.925 alpha=-0.154 beta=+0.060 | loss 2.9808 (delta +0.0955) size 496.7 MB sparsity 12.8%
gen 37 offspring [27/100] k= 36 (used  36.0) c=0.926 alpha=-0.059 beta=+0.270 | loss 3.0534 (delta +0.1680) size 540.1 MB sparsity 16.5%
gen 37 offspring [28/100] k=  9 (used   9.0) c=0.992 alpha=-0.205 beta=+0.477 | loss 7.4395 (delta +4.5542) size 395.2 MB sparsity 42.3%
gen 37 offspring [29/100] k= 12 (used  12.0) c=0.861 alpha=-0.147 beta=+0.253 | loss 4.1807 (delta +1.2954) size 442.6 MB sparsity 30.2%
gen 37 offspring [30/100] k= 31 (used  31.0) c=0.943 alpha=-0.389 beta=+0.057 | loss 3.1861 (delta +0.3007) size 492.4 MB sparsity 21.9%
gen 37 offspring [31/100] k= 66 (used  65.9) c=0.941 alpha=-0.119 beta=+0.302 | loss 3.0348 (delta +0.1495) size 575.0 MB sparsity 17.8%
gen 37 offspring [32/100] k= 17 (used  17.0) c=0.924 alpha=-0.304 beta=+0.432 | loss 3.7512 (delta +0.8659) size 440.6 MB sparsity 31.3%
gen 37 offspring [33/100] k=  4 (used   3.0) c=0.992 alpha=-0.253 beta=+0.432 | loss 15.9713 (delta +13.0859) size 320.5 MB sparsity 93.8%
gen 37 offspring [34/100] k= 33 (used  33.0) c=0.965 alpha=-0.029 beta=+0.024 | loss 2.9711 (delta +0.0858) size 516.3 MB sparsity 11.2%
gen 37 offspring [35/100] k= 33 (used  33.0) c=0.986 alpha=-0.016 beta=+0.039 | loss 2.9737 (delta +0.0883) size 515.7 MB sparsity 11.5%
gen 37 offspring [36/100] k= 32 (used  31.0) c=0.996 alpha=-0.222 beta=+0.273 | loss 3.1689 (delta +0.2835) size 493.8 MB sparsity 21.3%
gen 37 offspring [37/100] k=176 (used 174.8) c=0.923 alpha=-0.264 beta=+0.027 | loss 2.9690 (delta +0.0837) size 630.5 MB sparsity 12.3%
gen 37 offspring [38/100] k= 16 (used  16.0) c=0.861 alpha=-0.063 beta=+0.451 | loss 3.6869 (delta +0.8015) size 443.5 MB sparsity 29.7%
gen 37 offspring [39/100] k= 17 (used  17.0) c=0.855 alpha=-0.210 beta=+0.252 | loss 3.3202 (delta +0.4349) size 457.8 MB sparsity 21.7%
gen 37 offspring [40/100] k= 17 (used  17.0) c=0.998 alpha=-0.193 beta=+0.431 | loss 3.6190 (delta +0.7336) size 444.4 MB sparsity 29.2%
gen 37 offspring [41/100] k= 34 (used  34.0) c=0.928 alpha=-0.387 beta=+0.396 | loss 3.5589 (delta +0.6735) size 499.6 MB sparsity 32.3%
gen 37 offspring [42/100] k= 13 (used  13.0) c=0.861 alpha=-0.297 beta=+0.471 | loss 4.0683 (delta +1.1829) size 437.0 MB sparsity 33.4%
gen 37 offspring [43/100] k= 49 (used  49.0) c=0.972 alpha=-0.022 beta=+0.071 | loss 2.9443 (delta +0.0590) size 541.4 MB sparsity 7.6%
gen 37 offspring [44/100] k= 33 (used  33.0) c=0.973 alpha=-0.193 beta=+0.350 | loss 3.1570 (delta +0.2717) size 489.8 MB sparsity 23.1%
gen 37 offspring [45/100] k= 14 (used  14.0) c=0.912 alpha=-0.206 beta=+0.289 | loss 3.9078 (delta +1.0225) size 446.8 MB sparsity 27.5%
gen 37 offspring [46/100] k= 27 (used  27.0) c=0.965 alpha=-0.404 beta=+0.345 | loss 3.5801 (delta +0.6947) size 471.9 MB sparsity 31.1%
gen 37 offspring [47/100] k= 10 (used   9.0) c=0.977 alpha=-0.181 beta=+0.368 | loss 7.5945 (delta +4.7092) size 397.1 MB sparsity 40.9%
gen 37 offspring [48/100] k= 26 (used  26.0) c=0.857 alpha=-0.239 beta=+0.383 | loss 3.3589 (delta +0.4736) size 482.8 MB sparsity 26.2%
gen 37 offspring [49/100] k= 17 (used  17.0) c=0.848 alpha=-0.211 beta=+0.408 | loss 3.5070 (delta +0.6216) size 447.9 MB sparsity 27.3%
gen 37 offspring [50/100] k= 18 (used  17.0) c=0.995 alpha=-0.217 beta=+0.424 | loss 3.6245 (delta +0.7392) size 444.6 MB sparsity 29.1%
gen 37 offspring [51/100] k=  6 (used   5.0) c=0.857 alpha=-0.116 beta=+0.025 | loss 12.5548 (delta +9.6694) size 350.9 MB sparsity 63.0%
gen 37 offspring [52/100] k= 17 (used  17.0) c=0.851 alpha=-0.008 beta=+0.441 | loss 3.5869 (delta +0.7015) size 446.8 MB sparsity 27.9%
gen 37 offspring [53/100] k= 66 (used  65.0) c=0.997 alpha=-0.221 beta=+0.097 | loss 2.9653 (delta +0.0800) size 549.5 MB sparsity 13.7%
gen 37 offspring [54/100] k= 32 (used  31.0) c=0.993 alpha=-0.365 beta=+0.396 | loss 3.5768 (delta +0.6914) size 471.0 MB sparsity 31.5%
gen 37 offspring [55/100] k= 18 (used  17.0) c=1.000 alpha=-0.295 beta=+0.019 | loss 3.4902 (delta +0.6048) size 452.8 MB sparsity 24.5%
gen 37 offspring [56/100] k= 70 (used  69.5) c=0.977 alpha=-0.212 beta=+0.466 | loss 3.3302 (delta +0.4448) size 543.7 MB sparsity 27.8%
gen 37 offspring [57/100] k= 17 (used  17.0) c=0.993 alpha=-0.285 beta=+0.432 | loss 3.7146 (delta +0.8293) size 441.3 MB sparsity 30.9%
gen 37 offspring [58/100] k= 17 (used  17.0) c=0.853 alpha=-0.147 beta=+0.266 | loss 3.3158 (delta +0.4305) size 458.0 MB sparsity 21.6%
gen 37 offspring [59/100] k= 17 (used  17.0) c=0.861 alpha=-0.250 beta=+0.020 | loss 3.3266 (delta +0.4413) size 458.7 MB sparsity 21.2%
gen 37 offspring [60/100] k= 32 (used  32.0) c=0.962 alpha=-0.192 beta=+0.433 | loss 3.3191 (delta +0.4337) size 482.9 MB sparsity 26.2%
gen 37 offspring [61/100] k= 16 (used  16.0) c=0.853 alpha=-0.134 beta=+0.291 | loss 3.4496 (delta +0.5643) size 450.2 MB sparsity 24.1%
gen 37 offspring [62/100] k= 32 (used  32.0) c=0.960 alpha=-0.011 beta=+0.129 | loss 2.9877 (delta +0.1024) size 496.7 MB sparsity 12.3%
gen 37 offspring [63/100] k= 17 (used  17.0) c=0.848 alpha=-0.210 beta=+0.424 | loss 3.5437 (delta +0.6584) size 447.0 MB sparsity 27.8%
gen 37 offspring [64/100] k= 17 (used  17.0) c=0.847 alpha=-0.068 beta=+0.130 | loss 3.2793 (delta +0.3940) size 462.2 MB sparsity 19.3%
gen 37 offspring [65/100] k= 17 (used  17.0) c=0.995 alpha=-0.053 beta=+0.440 | loss 3.6389 (delta +0.7535) size 443.9 MB sparsity 29.5%
gen 37 offspring [66/100] k= 35 (used  35.0) c=0.993 alpha=-0.014 beta=+0.090 | loss 2.9695 (delta +0.0841) size 541.4 MB sparsity 10.9%
gen 37 offspring [67/100] k= 20 (used  20.0) c=0.941 alpha=-0.067 beta=+0.404 | loss 3.4349 (delta +0.5495) size 482.4 MB sparsity 26.4%
gen 37 offspring [68/100] k= 31 (used  31.0) c=0.969 alpha=-0.045 beta=+0.004 | loss 2.9903 (delta +0.1050) size 496.7 MB sparsity 12.0%
gen 37 offspring [69/100] k= 16 (used  16.0) c=0.848 alpha=-0.231 beta=+0.290 | loss 3.4448 (delta +0.5595) size 450.3 MB sparsity 24.4%
gen 37 offspring [70/100] k= 52 (used  52.0) c=0.940 alpha=-0.215 beta=+0.057 | loss 2.9567 (delta +0.0713) size 541.4 MB sparsity 12.6%
gen 37 offspring [71/100] k= 21 (used  21.0) c=0.973 alpha=-0.063 beta=+0.174 | loss 3.1968 (delta +0.3114) size 495.2 MB sparsity 18.0%
gen 37 offspring [72/100] k= 23 (used  23.0) c=0.855 alpha=-0.254 beta=+0.037 | loss 3.1448 (delta +0.2594) size 496.0 MB sparsity 18.2%
gen 37 offspring [73/100] k= 32 (used  31.0) c=0.973 alpha=-0.011 beta=+0.131 | loss 2.9905 (delta +0.1051) size 496.7 MB sparsity 12.5%
gen 37 offspring [74/100] k= 33 (used  33.0) c=0.996 alpha=-0.142 beta=+0.398 | loss 3.2227 (delta +0.3373) size 489.9 MB sparsity 23.0%
gen 37 offspring [75/100] k= 17 (used  17.0) c=0.848 alpha=-0.210 beta=+0.264 | loss 3.3088 (delta +0.4235) size 457.2 MB sparsity 22.1%
gen 37 offspring [76/100] k= 32 (used  32.0) c=0.911 alpha=-0.013 beta=+0.084 | loss 2.9748 (delta +0.0894) size 496.7 MB sparsity 11.3%
gen 37 offspring [77/100] k= 25 (used  25.0) c=0.841 alpha=-0.061 beta=+0.104 | loss 3.0392 (delta +0.1538) size 496.7 MB sparsity 13.0%
gen 37 offspring [78/100] k= 17 (used  17.0) c=0.970 alpha=-0.165 beta=+0.410 | loss 3.5595 (delta +0.6742) size 446.3 MB sparsity 28.1%
gen 37 offspring [79/100] k= 17 (used  17.0) c=0.875 alpha=-0.263 beta=+0.601 | loss 15.4842 (delta +12.5988) size 433.0 MB sparsity 35.6%
gen 37 offspring [80/100] k= 65 (used  65.0) c=0.952 alpha=-0.082 beta=+0.088 | loss 2.9134 (delta +0.0281) size 565.6 MB sparsity 7.6%
gen 37 offspring [81/100] k=206 (used 205.9) c=0.994 alpha=-0.037 beta=+0.090 | loss 2.8935 (delta +0.0082) size 630.9 MB sparsity 5.4%
gen 37 offspring [82/100] k=  4 (used   3.0) c=0.913 alpha=-0.217 beta=+0.361 | loss 16.9272 (delta +14.0419) size 321.4 MB sparsity 91.8%
gen 37 offspring [83/100] k= 21 (used  21.0) c=0.999 alpha=-0.076 beta=+0.430 | loss 3.4537 (delta +0.5683) size 481.3 MB sparsity 26.9%
gen 37 offspring [84/100] k= 17 (used  17.0) c=0.967 alpha=-0.181 beta=+0.368 | loss 3.5099 (delta +0.6246) size 449.0 MB sparsity 26.6%
gen 37 offspring [85/100] k= 17 (used  17.0) c=0.860 alpha=-0.243 beta=+0.021 | loss 3.3297 (delta +0.4444) size 459.2 MB sparsity 21.0%
gen 37 offspring [86/100] k= 16 (used  16.0) c=0.846 alpha=-0.203 beta=+0.025 | loss 3.4212 (delta +0.5358) size 450.8 MB sparsity 21.9%
gen 37 offspring [87/100] k= 17 (used  17.0) c=0.994 alpha=-0.179 beta=+0.340 | loss 3.4826 (delta +0.5973) size 450.1 MB sparsity 26.0%
gen 37 offspring [88/100] k= 20 (used  20.0) c=0.941 alpha=-0.181 beta=+0.291 | loss 3.2844 (delta +0.3990) size 491.2 MB sparsity 22.4%
gen 37 offspring [89/100] k= 15 (used  15.0) c=0.834 alpha=-0.130 beta=+0.342 | loss 3.6124 (delta +0.7271) size 449.5 MB sparsity 25.5%
gen 37 offspring [90/100] k= 39 (used  39.0) c=0.998 alpha=-0.221 beta=+0.384 | loss 3.2617 (delta +0.3764) size 518.2 MB sparsity 25.3%
gen 37 offspring [91/100] k= 64 (used  64.0) c=0.848 alpha=-0.026 beta=+0.013 | loss 2.9200 (delta +0.0346) size 541.4 MB sparsity 5.1%
gen 37 offspring [92/100] k= 15 (used  15.0) c=0.969 alpha=-0.258 beta=+0.435 | loss 3.8398 (delta +0.9545) size 441.2 MB sparsity 31.0%
gen 37 offspring [93/100] k= 17 (used  17.0) c=0.851 alpha=-0.228 beta=+0.254 | loss 3.3423 (delta +0.4570) size 456.9 MB sparsity 22.2%
gen 37 offspring [94/100] k= 26 (used  25.0) c=0.986 alpha=-0.016 beta=+0.090 | loss 3.0657 (delta +0.1803) size 496.4 MB sparsity 15.2%
gen 37 offspring [95/100] k= 36 (used  36.0) c=0.965 alpha=-0.079 beta=+0.024 | loss 2.9729 (delta +0.0875) size 541.4 MB sparsity 10.6%
gen 37 offspring [96/100] k= 28 (used  28.0) c=0.867 alpha=-0.001 beta=+0.015 | loss 3.0121 (delta +0.1268) size 496.7 MB sparsity 12.4%
gen 37 offspring [97/100] k= 35 (used  35.0) c=0.964 alpha=-0.253 beta=+0.343 | loss 3.2381 (delta +0.3527) size 519.0 MB sparsity 25.0%
gen 37 offspring [98/100] k= 16 (used  16.0) c=0.855 alpha=-0.159 beta=+0.065 | loss 3.4132 (delta +0.5279) size 450.7 MB sparsity 22.0%
gen 37 offspring [99/100] k= 17 (used  17.0) c=0.849 alpha=-0.031 beta=+0.330 | loss 3.3723 (delta +0.4869) size 454.0 MB sparsity 23.8%
gen 37 offspring [100/100] k=182 (used 179.8) c=0.993 alpha=-0.049 beta=+0.397 | loss 3.2181 (delta +0.3327) size 609.7 MB sparsity 18.4%
=== generation 37/50 done in 448s (0 reused), batch baseline 2.8854, HV 0.22542, front 100 points, 100/100 feasible, best delta loss +0.0015, smallest 437.4 MB
gen 38 offspring [1/100] k= 30 (used  29.0) c=0.985 alpha=-0.218 beta=+0.440 | loss 3.3666 (delta +0.4813) size 479.9 MB sparsity 27.5%
gen 38 offspring [2/100] k= 17 (used  17.0) c=0.969 alpha=-0.253 beta=+0.421 | loss 3.6179 (delta +0.7325) size 443.9 MB sparsity 29.5%
gen 38 offspring [3/100] k= 26 (used  25.0) c=0.986 alpha=-0.151 beta=+0.000 | loss 3.0664 (delta +0.1811) size 496.4 MB sparsity 15.4%
gen 38 offspring [4/100] k= 16 (used  15.0) c=0.941 alpha=-0.356 beta=+0.477 | loss 4.1393 (delta +1.2540) size 433.9 MB sparsity 35.1%
gen 38 offspring [5/100] k= 20 (used  20.0) c=0.818 alpha=-0.194 beta=+0.432 | loss 3.5031 (delta +0.6177) size 481.1 MB sparsity 27.0%
gen 38 offspring [6/100] k= 31 (used  31.0) c=0.946 alpha=-0.059 beta=+0.242 | loss 3.0288 (delta +0.1435) size 496.6 MB sparsity 16.2%
gen 38 offspring [7/100] k= 16 (used  15.0) c=0.997 alpha=-0.232 beta=+0.397 | loss 3.7691 (delta +0.8837) size 443.4 MB sparsity 29.8%
gen 38 offspring [8/100] k= 35 (used  35.0) c=0.998 alpha=-0.028 beta=+0.000 | loss 2.9714 (delta +0.0861) size 541.4 MB sparsity 10.9%
gen 38 offspring [9/100] k= 49 (used  48.9) c=0.996 alpha=-0.218 beta=+0.399 | loss 3.2273 (delta +0.3419) size 517.3 MB sparsity 25.6%
gen 38 offspring [10/100] k= 16 (used  16.0) c=0.847 alpha=-0.331 beta=+0.432 | loss 3.8131 (delta +0.9277) size 438.7 MB sparsity 32.4%
gen 38 offspring [11/100] k= 17 (used  17.0) c=0.944 alpha=-0.012 beta=+0.167 | loss 3.3705 (delta +0.4851) size 458.5 MB sparsity 21.4%
gen 38 offspring [12/100] k= 64 (used  64.0) c=0.912 alpha=-0.001 beta=+0.010 | loss 2.9128 (delta +0.0274) size 541.4 MB sparsity 5.5%
gen 38 offspring [13/100] k= 24 (used  23.0) c=0.966 alpha=-0.217 beta=+0.336 | loss 3.3015 (delta +0.4162) size 487.6 MB sparsity 24.1%
gen 38 offspring [14/100] k= 17 (used  17.0) c=0.973 alpha=-0.192 beta=+0.095 | loss 3.3917 (delta +0.5063) size 457.3 MB sparsity 22.0%
gen 38 offspring [15/100] k=242 (used 242.0) c=0.994 alpha=-0.037 beta=+0.039 | loss 2.8870 (delta +0.0017) size 630.9 MB sparsity 3.3%
gen 38 offspring [16/100] k= 35 (used  35.0) c=0.954 alpha=-0.229 beta=+0.300 | loss 3.2043 (delta +0.3190) size 525.9 MB sparsity 22.4%
gen 38 offspring [17/100] k= 17 (used  17.0) c=0.862 alpha=-0.193 beta=+0.347 | loss 3.4116 (delta +0.5263) size 452.3 MB sparsity 24.8%
gen 38 offspring [18/100] k= 19 (used  19.0) c=0.847 alpha=-0.072 beta=+0.368 | loss 3.3674 (delta +0.4821) size 487.6 MB sparsity 24.0%
gen 38 offspring [19/100] k= 32 (used  31.0) c=0.994 alpha=-0.224 beta=+0.375 | loss 3.2648 (delta +0.3794) size 484.8 MB sparsity 25.3%
gen 38 offspring [20/100] k=183 (used 183.0) c=0.871 alpha=-0.003 beta=+0.014 | loss 2.9068 (delta +0.0215) size 630.9 MB sparsity 1.8%
gen 38 offspring [21/100] k= 16 (used  15.0) c=0.971 alpha=-0.312 beta=+0.435 | loss 3.9345 (delta +1.0491) size 438.8 MB sparsity 32.4%
gen 38 offspring [22/100] k= 24 (used  23.0) c=0.966 alpha=-0.030 beta=+0.024 | loss 3.0921 (delta +0.2068) size 496.0 MB sparsity 16.1%
gen 38 offspring [23/100] k= 15 (used  15.0) c=0.943 alpha=-0.220 beta=+0.035 | loss 3.6235 (delta +0.7381) size 449.4 MB sparsity 24.2%
gen 38 offspring [24/100] k=109 (used 109.0) c=0.998 alpha=-0.039 beta=+0.001 | loss 2.8937 (delta +0.0083) size 586.1 MB sparsity 3.7%
gen 38 offspring [25/100] k= 18 (used  17.0) c=0.992 alpha=-0.270 beta=+0.445 | loss 3.7306 (delta +0.8452) size 441.3 MB sparsity 30.9%
gen 38 offspring [26/100] k= 17 (used  17.0) c=0.848 alpha=-0.212 beta=+0.374 | loss 3.4489 (delta +0.5636) size 450.1 MB sparsity 26.0%
gen 38 offspring [27/100] k= 17 (used  17.0) c=0.859 alpha=-0.385 beta=+0.341 | loss 3.7832 (delta +0.8978) size 441.6 MB sparsity 30.8%
gen 38 offspring [28/100] k= 17 (used  17.0) c=0.848 alpha=-0.222 beta=+0.313 | loss 3.3956 (delta +0.5102) size 453.6 MB sparsity 24.1%
gen 38 offspring [29/100] k= 16 (used  15.0) c=0.968 alpha=-0.253 beta=+0.444 | loss 3.8781 (delta +0.9928) size 440.7 MB sparsity 31.3%
gen 38 offspring [30/100] k= 16 (used  15.0) c=0.994 alpha=-0.288 beta=+0.015 | loss 3.7079 (delta +0.8226) size 448.3 MB sparsity 26.2%
gen 38 offspring [31/100] k= 22 (used  21.0) c=0.993 alpha=-0.059 beta=+0.441 | loss 3.4849 (delta +0.5995) size 480.5 MB sparsity 27.2%
gen 38 offspring [32/100] k= 17 (used  17.0) c=0.971 alpha=-0.314 beta=+0.435 | loss 3.7682 (delta +0.8829) size 439.6 MB sparsity 31.9%
gen 38 offspring [33/100] k= 17 (used  17.0) c=0.856 alpha=-0.197 beta=+0.430 | loss 3.5644 (delta +0.6790) size 446.9 MB sparsity 27.8%
gen 38 offspring [34/100] k= 66 (used  66.0) c=0.850 alpha=-0.060 beta=+0.086 | loss 2.9220 (delta +0.0367) size 586.1 MB sparsity 6.7%
gen 38 offspring [35/100] k= 37 (used  37.0) c=0.994 alpha=-0.210 beta=+0.380 | loss 3.2622 (delta +0.3769) size 519.8 MB sparsity 24.7%
gen 38 offspring [36/100] k= 16 (used  16.0) c=0.848 alpha=-0.130 beta=+0.390 | loss 3.5534 (delta +0.6681) size 447.5 MB sparsity 27.4%
gen 38 offspring [37/100] k= 33 (used  33.0) c=0.847 alpha=-0.193 beta=+0.350 | loss 3.2111 (delta +0.3257) size 490.1 MB sparsity 22.9%
gen 38 offspring [38/100] k= 64 (used  64.0) c=0.912 alpha=-0.024 beta=+0.018 | loss 2.9128 (delta +0.0274) size 541.4 MB sparsity 5.5%
gen 38 offspring [39/100] k= 31 (used  31.0) c=0.946 alpha=-0.062 beta=+0.270 | loss 3.0472 (delta +0.1619) size 496.5 MB sparsity 17.3%
gen 38 offspring [40/100] k= 30 (used  30.0) c=0.918 alpha=-0.001 beta=+0.084 | loss 2.9978 (delta +0.1125) size 496.7 MB sparsity 12.2%
gen 38 offspring [41/100] k= 34 (used  33.0) c=0.993 alpha=-0.220 beta=+0.384 | loss 3.2483 (delta +0.3629) size 484.6 MB sparsity 25.4%
gen 38 offspring [42/100] k= 17 (used  17.0) c=0.916 alpha=-0.185 beta=+0.444 | loss 3.6184 (delta +0.7330) size 445.3 MB sparsity 28.7%
gen 38 offspring [43/100] k=201 (used 201.0) c=0.993 alpha=-0.022 beta=+0.036 | loss 2.8891 (delta +0.0037) size 630.9 MB sparsity 2.7%
gen 38 offspring [44/100] k= 30 (used  30.0) c=0.889 alpha=-0.195 beta=+0.380 | loss 3.2217 (delta +0.3364) size 487.1 MB sparsity 24.3%
gen 38 offspring [45/100] k= 33 (used  33.0) c=0.965 alpha=-0.182 beta=+0.443 | loss 3.3106 (delta +0.4252) size 483.1 MB sparsity 26.1%
gen 38 offspring [46/100] k= 17 (used  17.0) c=0.972 alpha=-0.309 beta=+0.399 | loss 3.7151 (delta +0.8297) size 442.1 MB sparsity 30.5%
gen 38 offspring [47/100] k= 33 (used  33.0) c=0.975 alpha=-0.174 beta=+0.353 | loss 3.1399 (delta +0.2546) size 491.3 MB sparsity 22.4%
gen 38 offspring [48/100] k= 52 (used  52.0) c=0.941 alpha=-0.019 beta=+0.173 | loss 2.9459 (delta +0.0606) size 541.4 MB sparsity 10.9%
gen 38 offspring [49/100] k= 17 (used  17.0) c=0.957 alpha=-0.293 beta=+0.055 | loss 3.4940 (delta +0.6087) size 453.9 MB sparsity 23.9%
gen 38 offspring [50/100] k= 30 (used  30.0) c=0.924 alpha=-0.218 beta=+0.380 | loss 3.2737 (delta +0.3883) size 485.1 MB sparsity 25.2%
gen 38 offspring [51/100] k= 31 (used  31.0) c=0.943 alpha=-0.377 beta=+0.270 | loss 3.3247 (delta +0.4393) size 480.9 MB sparsity 27.0%
gen 38 offspring [52/100] k=107 (used 107.0) c=0.965 alpha=-0.039 beta=+0.023 | loss 2.8984 (delta +0.0131) size 586.1 MB sparsity 3.6%
gen 38 offspring [53/100] k= 14 (used  14.0) c=0.837 alpha=-0.286 beta=+0.431 | loss 3.8898 (delta +1.0044) size 440.2 MB sparsity 31.6%
gen 38 offspring [54/100] k= 33 (used  33.0) c=0.973 alpha=-0.063 beta=+0.117 | loss 2.9726 (delta +0.0873) size 515.5 MB sparsity 11.6%
gen 38 offspring [55/100] k= 17 (used  17.0) c=0.847 alpha=-0.347 beta=+0.432 | loss 3.8585 (delta +0.9731) size 438.3 MB sparsity 32.6%
gen 38 offspring [56/100] k= 37 (used  37.0) c=0.860 alpha=-0.213 beta=+0.038 | loss 2.9961 (delta +0.1108) size 541.4 MB sparsity 13.6%
gen 38 offspring [57/100] k= 33 (used  33.0) c=0.983 alpha=-0.193 beta=+0.375 | loss 3.1995 (delta +0.3141) size 487.7 MB sparsity 24.0%
gen 38 offspring [58/100] k= 33 (used  33.0) c=0.993 alpha=-0.012 beta=+0.090 | loss 2.9755 (delta +0.0901) size 515.6 MB sparsity 11.5%
gen 38 offspring [59/100] k= 29 (used  29.0) c=0.990 alpha=-0.028 beta=+0.418 | loss 3.2915 (delta +0.4061) size 488.4 MB sparsity 23.7%
gen 38 offspring [60/100] k= 11 (used  11.0) c=0.972 alpha=-0.291 beta=+0.471 | loss 5.0761 (delta +2.1908) size 430.6 MB sparsity 37.0%
gen 38 offspring [61/100] k= 18 (used  17.0) c=0.989 alpha=-0.029 beta=+0.445 | loss 3.6542 (delta +0.7689) size 443.7 MB sparsity 29.6%
gen 38 offspring [62/100] k= 33 (used  33.0) c=0.973 alpha=-0.217 beta=+0.039 | loss 3.0067 (delta +0.1214) size 507.7 MB sparsity 15.1%
gen 38 offspring [63/100] k= 17 (used  17.0) c=0.992 alpha=-0.249 beta=+0.427 | loss 3.6382 (delta +0.7528) size 443.5 MB sparsity 29.7%
gen 38 offspring [64/100] k= 17 (used  17.0) c=0.849 alpha=-0.242 beta=+0.001 | loss 3.3234 (delta +0.4380) size 459.5 MB sparsity 20.8%
gen 38 offspring [65/100] k= 17 (used  17.0) c=0.996 alpha=-0.297 beta=+0.486 | loss 3.8886 (delta +1.0032) size 437.2 MB sparsity 33.2%
gen 38 offspring [66/100] k= 17 (used  17.0) c=0.848 alpha=-0.198 beta=+0.423 | loss 3.5321 (delta +0.6467) size 447.4 MB sparsity 27.5%
gen 38 offspring [67/100] k= 17 (used  17.0) c=0.971 alpha=-0.311 beta=+0.554 | loss 5.5834 (delta +2.6981) size 432.4 MB sparsity 35.9%
gen 38 offspring [68/100] k= 32 (used  32.0) c=0.848 alpha=-0.146 beta=+0.267 | loss 3.0862 (delta +0.2009) size 496.6 MB sparsity 17.9%
gen 38 offspring [69/100] k= 16 (used  15.0) c=0.992 alpha=-0.218 beta=+0.430 | loss 3.8363 (delta +0.9510) size 441.7 MB sparsity 30.7%
gen 38 offspring [70/100] k= 17 (used  17.0) c=0.847 alpha=-0.331 beta=+0.017 | loss 3.4343 (delta +0.5489) size 454.0 MB sparsity 23.8%
gen 38 offspring [71/100] k= 23 (used  23.0) c=0.985 alpha=-0.068 beta=+0.408 | loss 3.3681 (delta +0.4827) size 485.3 MB sparsity 25.1%
gen 38 offspring [72/100] k= 17 (used  17.0) c=0.921 alpha=-0.081 beta=+0.452 | loss 3.6498 (delta +0.7645) size 444.7 MB sparsity 29.0%
gen 38 offspring [73/100] k= 32 (used  32.0) c=0.918 alpha=-0.222 beta=+0.218 | loss 3.0853 (delta +0.2000) size 496.3 MB sparsity 19.0%
gen 38 offspring [74/100] k= 44 (used  44.0) c=0.850 alpha=-0.019 beta=+0.289 | loss 3.0517 (delta +0.1663) size 540.8 MB sparsity 15.9%
gen 38 offspring [75/100] k= 30 (used  29.0) c=0.996 alpha=-0.218 beta=+0.398 | loss 3.3114 (delta +0.4261) size 483.2 MB sparsity 26.0%
gen 38 offspring [76/100] k= 17 (used  17.0) c=0.972 alpha=-0.292 beta=+0.471 | loss 3.8249 (delta +0.9396) size 438.6 MB sparsity 32.4%
gen 38 offspring [77/100] k= 17 (used  17.0) c=0.972 alpha=-0.314 beta=+0.385 | loss 3.7080 (delta +0.8227) size 442.7 MB sparsity 30.2%
gen 38 offspring [78/100] k= 40 (used  40.0) c=0.944 alpha=-0.021 beta=+0.034 | loss 2.9423 (delta +0.0569) size 541.4 MB sparsity 9.3%
gen 38 offspring [79/100] k= 17 (used  17.0) c=0.940 alpha=-0.188 beta=+0.138 | loss 3.3446 (delta +0.4592) size 458.6 MB sparsity 21.3%
gen 38 offspring [80/100] k= 15 (used  15.0) c=0.987 alpha=-0.369 beta=+0.396 | loss 4.0322 (delta +1.1468) size 437.7 MB sparsity 33.0%
gen 38 offspring [81/100] k= 21 (used  21.0) c=0.848 alpha=-0.211 beta=+0.412 | loss 3.3962 (delta +0.5108) size 481.9 MB sparsity 26.6%
gen 38 offspring [82/100] k= 17 (used  17.0) c=0.973 alpha=-0.210 beta=+0.264 | loss 3.4113 (delta +0.5260) size 454.9 MB sparsity 23.4%
gen 38 offspring [83/100] k=176 (used 175.0) c=0.999 alpha=-0.005 beta=+0.010 | loss 2.8900 (delta +0.0046) size 630.9 MB sparsity 2.2%
gen 38 offspring [84/100] k= 19 (used  19.0) c=0.847 alpha=-0.068 beta=+0.223 | loss 3.2207 (delta +0.3354) size 495.1 MB sparsity 18.8%
gen 38 offspring [85/100] k= 24 (used  24.0) c=0.868 alpha=-0.247 beta=+0.287 | loss 3.2636 (delta +0.3782) size 489.8 MB sparsity 23.1%
gen 38 offspring [86/100] k= 33 (used  33.0) c=0.998 alpha=-0.013 beta=+0.080 | loss 2.9806 (delta +0.0952) size 515.5 MB sparsity 11.6%
gen 38 offspring [87/100] k= 75 (used  75.0) c=0.913 alpha=-0.037 beta=+0.039 | loss 2.9102 (delta +0.0249) size 586.1 MB sparsity 4.7%
gen 38 offspring [88/100] k= 17 (used  17.0) c=1.000 alpha=-0.315 beta=+0.432 | loss 3.7780 (delta +0.8926) size 439.5 MB sparsity 31.9%
gen 38 offspring [89/100] k= 33 (used  33.0) c=0.991 alpha=-0.193 beta=+0.374 | loss 3.2031 (delta +0.3178) size 487.8 MB sparsity 24.0%
gen 38 offspring [90/100] k= 65 (used  65.0) c=0.933 alpha=-0.002 beta=+0.088 | loss 2.9112 (delta +0.0258) size 568.2 MB sparsity 6.7%
gen 38 offspring [91/100] k= 17 (used  17.0) c=0.971 alpha=-0.356 beta=+0.435 | loss 3.8443 (delta +0.9589) size 437.0 MB sparsity 33.4%
gen 38 offspring [92/100] k= 53 (used  53.0) c=0.941 alpha=-0.312 beta=+0.026 | loss 3.0349 (delta +0.1496) size 540.6 MB sparsity 16.4%
gen 38 offspring [93/100] k= 43 (used  43.0) c=0.965 alpha=-0.258 beta=+0.291 | loss 3.1718 (delta +0.2864) size 524.2 MB sparsity 23.1%
gen 38 offspring [94/100] k= 33 (used  33.0) c=0.965 alpha=-0.029 beta=+0.003 | loss 2.9708 (delta +0.0855) size 516.3 MB sparsity 11.2%
gen 38 offspring [95/100] k= 34 (used  34.0) c=0.860 alpha=-0.314 beta=+0.471 | loss 3.6188 (delta +0.7334) size 499.6 MB sparsity 32.2%
gen 38 offspring [96/100] k= 21 (used  21.0) c=0.992 alpha=-0.253 beta=+0.420 | loss 3.5152 (delta +0.6299) size 477.2 MB sparsity 28.7%
gen 38 offspring [97/100] k= 20 (used  20.0) c=0.848 alpha=-0.211 beta=+0.412 | loss 3.4582 (delta +0.5728) size 481.3 MB sparsity 26.9%
gen 38 offspring [98/100] k= 31 (used  31.0) c=0.952 alpha=-0.060 beta=+0.087 | loss 2.9841 (delta +0.0987) size 496.7 MB sparsity 11.8%
gen 38 offspring [99/100] k= 31 (used  31.0) c=0.941 alpha=-0.181 beta=+0.346 | loss 3.1548 (delta +0.2695) size 491.1 MB sparsity 22.5%
gen 38 offspring [100/100] k=  8 (used   7.0) c=0.894 alpha=-0.276 beta=+0.476 | loss 9.5368 (delta +6.6514) size 387.3 MB sparsity 48.1%
=== generation 38/50 done in 447s (0 reused), batch baseline 2.8854, HV 0.22545, front 100 points, 100/100 feasible, best delta loss +0.0015, smallest 437.0 MB
gen 39 offspring [1/100] k= 18 (used  18.0) c=0.842 alpha=-0.253 beta=+0.295 | loss 3.4319 (delta +0.5466) size 486.9 MB sparsity 24.4%
gen 39 offspring [2/100] k= 32 (used  32.0) c=0.924 alpha=-0.267 beta=+0.302 | loss 3.2108 (delta +0.3255) size 487.6 MB sparsity 24.1%
gen 39 offspring [3/100] k= 17 (used  17.0) c=0.972 alpha=-0.206 beta=+0.475 | loss 3.7014 (delta +0.8160) size 442.1 MB sparsity 30.5%
gen 39 offspring [4/100] k=212 (used 212.0) c=0.995 alpha=-0.037 beta=+0.039 | loss 2.8871 (delta +0.0018) size 630.9 MB sparsity 3.3%
gen 39 offspring [5/100] k= 19 (used  19.0) c=0.846 alpha=-0.081 beta=+0.313 | loss 3.3023 (delta +0.4170) size 492.0 MB sparsity 22.0%
gen 39 offspring [6/100] k= 17 (used  17.0) c=0.847 alpha=-0.066 beta=+0.282 | loss 3.3284 (delta +0.4431) size 457.1 MB sparsity 22.1%
gen 39 offspring [7/100] k= 36 (used  36.0) c=0.944 alpha=-0.256 beta=+0.034 | loss 3.0366 (delta +0.1513) size 540.4 MB sparsity 16.0%
gen 39 offspring [8/100] k= 11 (used  11.0) c=0.971 alpha=-0.032 beta=+0.438 | loss 4.9971 (delta +2.1118) size 432.4 MB sparsity 35.9%
gen 39 offspring [9/100] k= 14 (used  13.0) c=0.939 alpha=-0.291 beta=+0.438 | loss 4.1461 (delta +1.2608) size 437.9 MB sparsity 32.8%
gen 39 offspring [10/100] k= 17 (used  17.0) c=0.923 alpha=-0.287 beta=+0.432 | loss 3.7100 (delta +0.8247) size 441.7 MB sparsity 30.7%
gen 39 offspring [11/100] k= 38 (used  38.0) c=0.952 alpha=-0.058 beta=+0.335 | loss 3.1075 (delta +0.2221) size 535.5 MB sparsity 18.9%
gen 39 offspring [12/100] k= 17 (used  17.0) c=0.857 alpha=-0.217 beta=+0.345 | loss 3.4196 (delta +0.5343) size 451.6 MB sparsity 25.2%
gen 39 offspring [13/100] k= 34 (used  34.0) c=0.945 alpha=-0.215 beta=+0.425 | loss 3.3104 (delta +0.4250) size 514.5 MB sparsity 26.7%
gen 39 offspring [14/100] k= 14 (used  13.0) c=0.959 alpha=-0.192 beta=+0.433 | loss 4.2383 (delta +1.3530) size 438.5 MB sparsity 32.5%
gen 39 offspring [15/100] k= 18 (used  17.0) c=0.946 alpha=-0.062 beta=+0.270 | loss 3.4174 (delta +0.5320) size 455.5 MB sparsity 23.0%
gen 39 offspring [16/100] k= 39 (used  39.0) c=0.972 alpha=-0.193 beta=+0.350 | loss 3.1641 (delta +0.2788) size 524.7 MB sparsity 22.9%
gen 39 offspring [17/100] k=176 (used 175.0) c=1.000 alpha=-0.003 beta=+0.019 | loss 2.8903 (delta +0.0049) size 630.9 MB sparsity 2.2%
gen 39 offspring [18/100] k= 99 (used  98.3) c=0.856 alpha=-0.048 beta=+0.319 | loss 3.0704 (delta +0.1850) size 582.6 MB sparsity 15.4%
gen 39 offspring [19/100] k= 33 (used  33.0) c=0.965 alpha=-0.197 beta=+0.024 | loss 2.9938 (delta +0.1084) size 509.6 MB sparsity 14.2%
gen 39 offspring [20/100] k= 23 (used  23.0) c=0.978 alpha=-0.218 beta=+0.398 | loss 3.3980 (delta +0.5126) size 482.4 MB sparsity 26.4%
gen 39 offspring [21/100] k= 17 (used  17.0) c=1.000 alpha=-0.316 beta=+0.432 | loss 3.7783 (delta +0.8930) size 439.5 MB sparsity 32.0%
gen 39 offspring [22/100] k= 17 (used  17.0) c=0.864 alpha=-0.315 beta=+0.510 | loss 4.0249 (delta +1.1396) size 435.4 MB sparsity 34.3%
gen 39 offspring [23/100] k= 32 (used  32.0) c=0.846 alpha=-0.174 beta=+0.366 | loss 3.2144 (delta +0.3290) size 490.4 MB sparsity 22.8%
gen 39 offspring [24/100] k= 17 (used  17.0) c=0.848 alpha=-0.213 beta=+0.374 | loss 3.4503 (delta +0.5650) size 450.1 MB sparsity 26.0%
gen 39 offspring [25/100] k= 24 (used  23.0) c=0.973 alpha=-0.169 beta=+0.019 | loss 3.1005 (delta +0.2151) size 496.0 MB sparsity 16.6%
gen 39 offspring [26/100] k= 16 (used  15.0) c=0.950 alpha=-0.252 beta=+0.459 | loss 3.8966 (delta +1.0113) size 440.2 MB sparsity 31.6%
gen 39 offspring [27/100] k= 32 (used  32.0) c=0.850 alpha=-0.210 beta=+0.264 | loss 3.1545 (delta +0.2692) size 495.6 MB sparsity 20.3%
gen 39 offspring [28/100] k=  7 (used   7.0) c=0.986 alpha=-0.016 beta=+0.090 | loss 11.2250 (delta +8.3397) size 382.2 MB sparsity 51.9%
gen 39 offspring [29/100] k= 17 (used  17.0) c=0.835 alpha=-0.084 beta=+0.384 | loss 3.4580 (delta +0.5727) size 450.9 MB sparsity 25.6%
gen 39 offspring [30/100] k=212 (used 210.4) c=0.994 alpha=-0.037 beta=+0.280 | loss 2.9811 (delta +0.0958) size 628.0 MB sparsity 13.3%
gen 39 offspring [31/100] k= 37 (used  37.0) c=0.946 alpha=-0.057 beta=+0.242 | loss 3.0152 (delta +0.1299) size 540.9 MB sparsity 15.2%
gen 39 offspring [32/100] k= 31 (used  31.0) c=0.999 alpha=-0.253 beta=+0.360 | loss 3.2959 (delta +0.4106) size 483.6 MB sparsity 25.8%
gen 39 offspring [33/100] k= 31 (used  31.0) c=0.847 alpha=-0.034 beta=+0.231 | loss 3.0460 (delta +0.1607) size 496.7 MB sparsity 15.1%
gen 39 offspring [34/100] k= 17 (used  17.0) c=0.993 alpha=-0.193 beta=+0.433 | loss 3.6025 (delta +0.7171) size 444.4 MB sparsity 29.2%
gen 39 offspring [35/100] k=  4 (used   3.0) c=0.993 alpha=-0.145 beta=+0.336 | loss 16.2245 (delta +13.3392) size 320.5 MB sparsity 93.9%
gen 39 offspring [36/100] k= 33 (used  33.0) c=0.972 alpha=-0.287 beta=+0.398 | loss 3.3670 (delta +0.4816) size 477.7 MB sparsity 28.5%
gen 39 offspring [37/100] k= 35 (used  35.0) c=0.993 alpha=-0.040 beta=+0.090 | loss 2.9695 (delta +0.0841) size 541.4 MB sparsity 10.9%
gen 39 offspring [38/100] k= 17 (used  17.0) c=0.926 alpha=-0.195 beta=+0.423 | loss 3.5613 (delta +0.6759) size 446.3 MB sparsity 28.1%
gen 39 offspring [39/100] k= 29 (used  29.0) c=0.999 alpha=-0.028 beta=+0.001 | loss 3.0305 (delta +0.1452) size 496.7 MB sparsity 13.2%
gen 39 offspring [40/100] k= 16 (used  16.0) c=0.848 alpha=-0.219 beta=+0.291 | loss 3.4338 (delta +0.5484) size 450.3 MB sparsity 24.2%
gen 39 offspring [41/100] k= 64 (used  63.5) c=0.962 alpha=-0.058 beta=+0.492 | loss 15.1644 (delta +12.2790) size 524.9 MB sparsity 22.8%
gen 39 offspring [42/100] k= 33 (used  33.0) c=0.983 alpha=-0.194 beta=+0.391 | loss 3.2276 (delta +0.3423) size 486.4 MB sparsity 24.6%
gen 39 offspring [43/100] k= 30 (used  30.0) c=0.889 alpha=-0.233 beta=+0.381 | loss 3.2768 (delta +0.3915) size 483.7 MB sparsity 25.8%
gen 39 offspring [44/100] k=  4 (used   3.0) c=0.882 alpha=-0.302 beta=+0.084 | loss 17.2422 (delta +14.3569) size 321.8 MB sparsity 90.9%
gen 39 offspring [45/100] k= 17 (used  17.0) c=0.925 alpha=-0.356 beta=+0.435 | loss 3.8877 (delta +1.0024) size 437.2 MB sparsity 33.2%
gen 39 offspring [46/100] k= 17 (used  17.0) c=0.975 alpha=-0.201 beta=+0.430 | loss 3.6036 (delta +0.7183) size 444.8 MB sparsity 29.0%
gen 39 offspring [47/100] k= 26 (used  25.0) c=0.992 alpha=-0.010 beta=+0.443 | loss 3.4129 (delta +0.5276) size 483.8 MB sparsity 25.8%
gen 39 offspring [48/100] k= 17 (used  17.0) c=0.848 alpha=-0.295 beta=+0.252 | loss 3.4389 (delta +0.5536) size 453.0 MB sparsity 24.4%
gen 39 offspring [49/100] k= 17 (used  17.0) c=0.849 alpha=-0.179 beta=+0.138 | loss 3.2705 (delta +0.3852) size 461.9 MB sparsity 19.4%
gen 39 offspring [50/100] k= 31 (used  31.0) c=0.946 alpha=-0.006 beta=+0.215 | loss 3.0123 (delta +0.1269) size 496.7 MB sparsity 15.2%
gen 39 offspring [51/100] k= 32 (used  32.0) c=0.918 alpha=-0.003 beta=+0.084 | loss 2.9734 (delta +0.0881) size 496.7 MB sparsity 11.4%
gen 39 offspring [52/100] k= 64 (used  64.0) c=0.879 alpha=-0.024 beta=+0.018 | loss 2.9193 (delta +0.0340) size 541.4 MB sparsity 5.3%
gen 39 offspring [53/100] k= 17 (used  17.0) c=0.969 alpha=-0.045 beta=+0.426 | loss 3.5861 (delta +0.7008) size 445.3 MB sparsity 28.7%
gen 39 offspring [54/100] k= 44 (used  43.0) c=0.993 alpha=-0.363 beta=+0.090 | loss 3.1406 (delta +0.2553) size 533.6 MB sparsity 19.6%
gen 39 offspring [55/100] k= 68 (used  68.0) c=0.859 alpha=-0.077 beta=+0.081 | loss 2.9214 (delta +0.0361) size 586.1 MB sparsity 7.1%
gen 39 offspring [56/100] k= 20 (used  19.0) c=0.972 alpha=-0.226 beta=+0.441 | loss 3.5628 (delta +0.6775) size 476.8 MB sparsity 28.9%
gen 39 offspring [57/100] k= 34 (used  33.0) c=0.993 alpha=-0.213 beta=+0.095 | loss 3.0092 (delta +0.1238) size 507.8 MB sparsity 15.0%
gen 39 offspring [58/100] k= 16 (used  16.0) c=0.848 alpha=-0.197 beta=+0.032 | loss 3.3914 (delta +0.5061) size 450.7 MB sparsity 21.9%
gen 39 offspring [59/100] k= 17 (used  17.0) c=0.993 alpha=-0.305 beta=+0.187 | loss 3.4913 (delta +0.6060) size 452.3 MB sparsity 24.8%
gen 39 offspring [60/100] k= 24 (used  23.0) c=0.993 alpha=-0.174 beta=+0.353 | loss 3.2909 (delta +0.4056) size 488.8 MB sparsity 23.5%
gen 39 offspring [61/100] k= 31 (used  31.0) c=0.848 alpha=-0.239 beta=+0.378 | loss 3.3261 (delta +0.4408) size 483.7 MB sparsity 25.8%
gen 39 offspring [62/100] k= 33 (used  33.0) c=0.834 alpha=-0.198 beta=+0.260 | loss 3.1449 (delta +0.2595) size 497.7 MB sparsity 19.6%
gen 39 offspring [63/100] k= 66 (used  66.0) c=0.939 alpha=-0.060 beta=+0.060 | loss 2.9108 (delta +0.0254) size 586.1 MB sparsity 5.9%
gen 39 offspring [64/100] k= 17 (used  17.0) c=0.998 alpha=-0.238 beta=+0.001 | loss 3.4435 (delta +0.5582) size 455.6 MB sparsity 22.9%
gen 39 offspring [65/100] k= 33 (used  33.0) c=0.983 alpha=-0.025 beta=+0.375 | loss 3.1675 (delta +0.2822) size 494.0 MB sparsity 21.2%
gen 39 offspring [66/100] k= 33 (used  33.0) c=0.872 alpha=-0.172 beta=+0.380 | loss 3.2344 (delta +0.3491) size 489.4 MB sparsity 23.3%
gen 39 offspring [67/100] k= 33 (used  33.0) c=0.965 alpha=-0.259 beta=+0.365 | loss 3.2617 (delta +0.3764) size 482.9 MB sparsity 26.1%
gen 39 offspring [68/100] k= 14 (used  13.0) c=0.995 alpha=-0.211 beta=+0.389 | loss 4.3360 (delta +1.4507) size 440.0 MB sparsity 31.7%
gen 39 offspring [69/100] k= 17 (used  17.0) c=0.976 alpha=-0.211 beta=+0.320 | loss 3.4758 (delta +0.5905) size 451.6 MB sparsity 25.2%
gen 39 offspring [70/100] k= 31 (used  31.0) c=0.952 alpha=-0.170 beta=+0.075 | loss 2.9950 (delta +0.1097) size 496.7 MB sparsity 13.6%
gen 39 offspring [71/100] k=182 (used 179.2) c=0.999 alpha=-0.015 beta=+0.350 | loss 3.1092 (delta +0.2238) size 620.0 MB sparsity 15.5%
gen 39 offspring [72/100] k= 31 (used  31.0) c=0.970 alpha=-0.219 beta=+0.278 | loss 3.1524 (delta +0.2670) size 493.6 MB sparsity 21.3%
gen 39 offspring [73/100] k= 17 (used  17.0) c=0.916 alpha=-0.000 beta=+0.083 | loss 3.3564 (delta +0.4711) size 459.5 MB sparsity 20.8%
gen 39 offspring [74/100] k= 17 (used  17.0) c=0.858 alpha=-0.195 beta=+0.313 | loss 3.3771 (delta +0.4917) size 454.5 MB sparsity 23.6%
gen 39 offspring [75/100] k= 17 (used  17.0) c=0.846 alpha=-0.068 beta=+0.040 | loss 3.2827 (delta +0.3974) size 462.2 MB sparsity 19.3%
gen 39 offspring [76/100] k= 18 (used  17.0) c=0.946 alpha=-0.059 beta=+0.270 | loss 3.4174 (delta +0.5320) size 455.5 MB sparsity 23.0%
gen 39 offspring [77/100] k= 16 (used  15.0) c=0.942 alpha=-0.231 beta=+0.345 | loss 3.6332 (delta +0.7478) size 447.5 MB sparsity 27.3%
gen 39 offspring [78/100] k= 17 (used  17.0) c=0.810 alpha=-0.208 beta=+0.291 | loss 3.3952 (delta +0.5098) size 456.1 MB sparsity 22.7%
gen 39 offspring [79/100] k= 34 (used  34.0) c=0.969 alpha=-0.253 beta=+0.444 | loss 3.3805 (delta +0.4952) size 508.5 MB sparsity 28.9%
gen 39 offspring [80/100] k= 17 (used  17.0) c=0.996 alpha=-0.222 beta=+0.441 | loss 3.6492 (delta +0.7638) size 443.4 MB sparsity 29.8%
gen 39 offspring [81/100] k= 37 (used  37.0) c=0.944 alpha=-0.007 beta=+0.042 | loss 2.9566 (delta +0.0713) size 541.4 MB sparsity 9.8%
gen 39 offspring [82/100] k= 17 (used  17.0) c=0.848 alpha=-0.220 beta=+0.337 | loss 3.4081 (delta +0.5227) size 452.1 MB sparsity 24.9%
gen 39 offspring [83/100] k=115 (used 115.0) c=0.994 alpha=-0.039 beta=+0.022 | loss 2.8938 (delta +0.0085) size 586.1 MB sparsity 3.5%
gen 39 offspring [84/100] k= 33 (used  33.0) c=0.987 alpha=-0.135 beta=+0.429 | loss 3.2831 (delta +0.3977) size 487.8 MB sparsity 24.0%
gen 39 offspring [85/100] k= 17 (used  17.0) c=0.993 alpha=-0.025 beta=+0.011 | loss 3.4152 (delta +0.5299) size 456.6 MB sparsity 22.4%
gen 39 offspring [86/100] k= 33 (used  33.0) c=0.973 alpha=-0.063 beta=+0.155 | loss 2.9770 (delta +0.0917) size 512.9 MB sparsity 12.7%
gen 39 offspring [87/100] k= 16 (used  16.0) c=0.848 alpha=-0.194 beta=+0.411 | loss 3.5714 (delta +0.6860) size 446.2 MB sparsity 28.2%
gen 39 offspring [88/100] k= 61 (used  61.0) c=0.945 alpha=-0.026 beta=+0.072 | loss 2.9227 (delta +0.0374) size 541.4 MB sparsity 6.4%
gen 39 offspring [89/100] k= 17 (used  17.0) c=0.969 alpha=-0.222 beta=+0.484 | loss 4.3914 (delta +1.5061) size 441.2 MB sparsity 31.0%
gen 39 offspring [90/100] k= 32 (used  32.0) c=0.902 alpha=-0.204 beta=+0.085 | loss 3.0066 (delta +0.1213) size 496.7 MB sparsity 14.5%
gen 39 offspring [91/100] k= 17 (used  17.0) c=0.851 alpha=-0.212 beta=+0.396 | loss 3.5005 (delta +0.6152) size 448.7 MB sparsity 26.8%
gen 39 offspring [92/100] k= 26 (used  26.0) c=0.935 alpha=-0.253 beta=+0.465 | loss 3.5287 (delta +0.6434) size 474.5 MB sparsity 29.9%
gen 39 offspring [93/100] k= 17 (used  17.0) c=0.848 alpha=-0.211 beta=+0.406 | loss 3.5010 (delta +0.6157) size 448.0 MB sparsity 27.2%
gen 39 offspring [94/100] k= 18 (used  17.0) c=0.992 alpha=-0.229 beta=+0.432 | loss 3.6186 (delta +0.7333) size 443.9 MB sparsity 29.5%
gen 39 offspring [95/100] k= 17 (used  17.0) c=0.971 alpha=-0.181 beta=+0.435 | loss 3.5986 (delta +0.7132) size 444.8 MB sparsity 29.0%
gen 39 offspring [96/100] k= 33 (used  33.0) c=0.993 alpha=-0.018 beta=+0.397 | loss 3.2143 (delta +0.3290) size 491.9 MB sparsity 22.1%
gen 39 offspring [97/100] k=214 (used 214.0) c=0.993 alpha=-0.037 beta=+0.020 | loss 2.8877 (delta +0.0024) size 630.9 MB sparsity 2.6%
gen 39 offspring [98/100] k= 18 (used  17.0) c=0.999 alpha=-0.218 beta=+0.270 | loss 3.4596 (delta +0.5742) size 453.9 MB sparsity 23.9%
gen 39 offspring [99/100] k=  7 (used   7.0) c=0.868 alpha=-0.286 beta=+0.432 | loss 10.0854 (delta +7.2000) size 388.8 MB sparsity 47.0%
gen 39 offspring [100/100] k= 16 (used  16.0) c=0.847 alpha=-0.463 beta=+0.432 | loss 4.1912 (delta +1.3058) size 430.4 MB sparsity 37.0%
=== generation 39/50 done in 448s (0 reused), batch baseline 2.8854, HV 0.22550, front 100 points, 100/100 feasible, best delta loss +0.0015, smallest 437.0 MB
gen 40 offspring [1/100] k= 33 (used  33.0) c=0.965 alpha=-0.012 beta=+0.087 | loss 2.9706 (delta +0.0852) size 516.3 MB sparsity 11.2%
gen 40 offspring [2/100] k= 22 (used  21.0) c=0.987 alpha=-0.218 beta=+0.398 | loss 3.4420 (delta +0.5566) size 481.6 MB sparsity 26.7%
gen 40 offspring [3/100] k=176 (used 176.0) c=0.994 alpha=-0.003 beta=+0.019 | loss 2.8897 (delta +0.0043) size 630.9 MB sparsity 2.2%
gen 40 offspring [4/100] k= 65 (used  65.0) c=0.941 alpha=-0.082 beta=+0.087 | loss 2.9117 (delta +0.0263) size 565.7 MB sparsity 7.6%
gen 40 offspring [5/100] k=109 (used 108.3) c=0.999 alpha=-0.039 beta=+0.352 | loss 3.1155 (delta +0.2301) size 579.3 MB sparsity 16.5%
gen 40 offspring [6/100] k= 17 (used  17.0) c=0.992 alpha=-0.218 beta=+0.403 | loss 3.5772 (delta +0.6918) size 446.0 MB sparsity 28.3%
gen 40 offspring [7/100] k= 22 (used  22.0) c=0.947 alpha=-0.184 beta=+0.336 | loss 3.3207 (delta +0.4353) size 489.1 MB sparsity 23.4%
gen 40 offspring [8/100] k= 16 (used  16.0) c=0.882 alpha=-0.077 beta=+0.341 | loss 3.5410 (delta +0.6557) size 448.8 MB sparsity 26.2%
gen 40 offspring [9/100] k= 16 (used  15.0) c=0.965 alpha=-0.029 beta=+0.024 | loss 3.6983 (delta +0.8130) size 449.1 MB sparsity 24.7%
gen 40 offspring [10/100] k= 16 (used  15.0) c=0.986 alpha=-0.193 beta=+0.089 | loss 3.6775 (delta +0.7922) size 448.7 MB sparsity 25.1%
gen 40 offspring [11/100] k= 15 (used  15.0) c=0.968 alpha=-0.010 beta=+0.421 | loss 3.8153 (delta +0.9300) size 442.8 MB sparsity 30.1%
gen 40 offspring [12/100] k= 19 (used  19.0) c=0.993 alpha=-0.222 beta=+0.161 | loss 3.3152 (delta +0.4299) size 493.1 MB sparsity 20.7%
gen 40 offspring [13/100] k= 44 (used  44.0) c=0.944 alpha=-0.022 beta=+0.072 | loss 2.9334 (delta +0.0481) size 541.4 MB sparsity 8.4%
gen 40 offspring [14/100] k= 18 (used  18.0) c=0.853 alpha=-0.220 beta=+0.465 | loss 3.6456 (delta +0.7603) size 475.3 MB sparsity 29.5%
gen 40 offspring [15/100] k= 17 (used  17.0) c=0.918 alpha=-0.274 beta=+0.551 | loss 15.5285 (delta +12.6432) size 435.1 MB sparsity 34.4%
gen 40 offspring [16/100] k= 16 (used  16.0) c=0.847 alpha=-0.188 beta=+0.430 | loss 3.6175 (delta +0.7321) size 445.1 MB sparsity 28.8%
gen 40 offspring [17/100] k= 24 (used  23.0) c=0.971 alpha=-0.192 beta=+0.435 | loss 3.4189 (delta +0.5335) size 481.2 MB sparsity 26.9%
gen 40 offspring [18/100] k= 17 (used  17.0) c=0.924 alpha=-0.061 beta=+0.056 | loss 3.3326 (delta +0.4473) size 459.2 MB sparsity 20.9%
gen 40 offspring [19/100] k= 31 (used  31.0) c=0.946 alpha=-0.046 beta=+0.268 | loss 3.0456 (delta +0.1602) size 496.5 MB sparsity 17.3%
gen 40 offspring [20/100] k= 17 (used  17.0) c=1.000 alpha=-0.316 beta=+0.468 | loss 3.8818 (delta +0.9965) size 437.2 MB sparsity 33.2%
gen 40 offspring [21/100] k= 62 (used  61.8) c=0.910 alpha=-0.197 beta=+0.383 | loss 3.1813 (delta +0.2959) size 521.4 MB sparsity 24.1%
gen 40 offspring [22/100] k= 34 (used  34.0) c=0.848 alpha=-0.211 beta=+0.373 | loss 3.2577 (delta +0.3724) size 520.3 MB sparsity 24.5%
gen 40 offspring [23/100] k= 17 (used  17.0) c=0.984 alpha=-0.331 beta=+0.588 | loss 13.9465 (delta +11.0611) size 429.1 MB sparsity 37.7%
gen 40 offspring [24/100] k= 34 (used  34.0) c=0.947 alpha=-0.204 beta=+0.134 | loss 3.0142 (delta +0.1289) size 541.0 MB sparsity 15.2%
gen 40 offspring [25/100] k= 17 (used  17.0) c=0.980 alpha=-0.292 beta=+0.475 | loss 3.8437 (delta +0.9583) size 438.4 MB sparsity 32.6%
gen 40 offspring [26/100] k= 14 (used  14.0) c=0.869 alpha=-0.078 beta=+0.499 | loss 12.8268 (delta +9.9415) size 436.9 MB sparsity 33.4%
gen 40 offspring [27/100] k=  4 (used   3.0) c=0.964 alpha=-0.185 beta=+0.393 | loss 15.5797 (delta +12.6944) size 320.8 MB sparsity 93.2%
gen 40 offspring [28/100] k= 17 (used  17.0) c=0.848 alpha=-0.196 beta=+0.383 | loss 3.4479 (delta +0.5625) size 450.1 MB sparsity 26.0%
gen 40 offspring [29/100] k= 37 (used  37.0) c=0.986 alpha=-0.194 beta=+0.432 | loss 3.3049 (delta +0.4195) size 516.1 MB sparsity 26.1%
gen 40 offspring [30/100] k= 33 (used  33.0) c=0.973 alpha=-0.063 beta=+0.127 | loss 2.9726 (delta +0.0872) size 515.0 MB sparsity 11.8%
gen 40 offspring [31/100] k= 17 (used  17.0) c=0.971 alpha=-0.356 beta=+0.466 | loss 3.9564 (delta +1.0711) size 435.0 MB sparsity 34.5%
gen 40 offspring [32/100] k= 33 (used  33.0) c=0.939 alpha=-0.213 beta=+0.380 | loss 3.2287 (delta +0.3433) size 485.7 MB sparsity 24.9%
gen 40 offspring [33/100] k= 17 (used  17.0) c=0.910 alpha=-0.209 beta=+0.264 | loss 3.3728 (delta +0.4875) size 456.2 MB sparsity 22.6%
gen 40 offspring [34/100] k= 30 (used  30.0) c=0.848 alpha=-0.195 beta=+0.395 | loss 3.2523 (delta +0.3669) size 485.9 MB sparsity 24.8%
gen 40 offspring [35/100] k= 17 (used  17.0) c=0.848 alpha=-0.210 beta=+0.423 | loss 3.5445 (delta +0.6591) size 447.0 MB sparsity 27.8%
gen 40 offspring [36/100] k= 34 (used  33.0) c=0.973 alpha=-0.193 beta=+0.349 | loss 3.1547 (delta +0.2694) size 489.9 MB sparsity 23.0%
gen 40 offspring [37/100] k= 32 (used  32.0) c=0.964 alpha=-0.073 beta=+0.024 | loss 2.9914 (delta +0.1060) size 496.7 MB sparsity 11.9%
gen 40 offspring [38/100] k= 54 (used  53.0) c=0.992 alpha=-0.015 beta=+0.090 | loss 2.9250 (delta +0.0396) size 541.4 MB sparsity 7.8%
gen 40 offspring [39/100] k= 17 (used  17.0) c=0.846 alpha=-0.213 beta=+0.093 | loss 3.2885 (delta +0.4032) size 461.1 MB sparsity 19.9%
gen 40 offspring [40/100] k= 14 (used  13.0) c=0.994 alpha=-0.037 beta=+0.039 | loss 4.1699 (delta +1.2845) size 444.3 MB sparsity 29.2%
gen 40 offspring [41/100] k= 33 (used  33.0) c=0.848 alpha=-0.259 beta=+0.365 | loss 3.3317 (delta +0.4463) size 483.1 MB sparsity 26.1%
gen 40 offspring [42/100] k= 18 (used  17.0) c=0.998 alpha=-0.230 beta=+0.445 | loss 3.6751 (delta +0.7897) size 443.0 MB sparsity 30.0%
gen 40 offspring [43/100] k= 17 (used  17.0) c=0.848 alpha=-0.251 beta=+0.374 | loss 3.5343 (delta +0.6489) size 448.1 MB sparsity 27.2%
gen 40 offspring [44/100] k= 33 (used  33.0) c=0.970 alpha=-0.334 beta=+0.432 | loss 3.4858 (delta +0.6005) size 470.8 MB sparsity 31.6%
gen 40 offspring [45/100] k=187 (used 187.0) c=0.999 alpha=-0.002 beta=+0.027 | loss 2.8896 (delta +0.0042) size 630.9 MB sparsity 2.3%
gen 40 offspring [46/100] k= 17 (used  17.0) c=0.992 alpha=-0.253 beta=+0.432 | loss 3.6506 (delta +0.7652) size 442.9 MB sparsity 30.0%
gen 40 offspring [47/100] k= 34 (used  34.0) c=0.969 alpha=-0.194 beta=+0.333 | loss 3.1480 (delta +0.2627) size 526.0 MB sparsity 22.4%
gen 40 offspring [48/100] k= 35 (used  35.0) c=0.968 alpha=-0.289 beta=+0.368 | loss 3.3345 (delta +0.4491) size 512.6 MB sparsity 27.4%
gen 40 offspring [49/100] k= 46 (used  45.9) c=0.847 alpha=-0.213 beta=+0.374 | loss 3.2187 (delta +0.3334) size 520.5 MB sparsity 24.5%
gen 40 offspring [50/100] k= 29 (used  29.0) c=0.999 alpha=-0.029 beta=+0.066 | loss 3.0285 (delta +0.1432) size 496.7 MB sparsity 13.2%
gen 40 offspring [51/100] k= 31 (used  31.0) c=0.946 alpha=-0.059 beta=+0.242 | loss 3.0292 (delta +0.1439) size 496.6 MB sparsity 16.3%
gen 40 offspring [52/100] k= 26 (used  25.0) c=0.973 alpha=-0.193 beta=+0.006 | loss 3.0888 (delta +0.2034) size 496.4 MB sparsity 16.4%
gen 40 offspring [53/100] k= 45 (used  44.9) c=0.992 alpha=-0.296 beta=+0.445 | loss 3.4702 (delta +0.5849) size 504.2 MB sparsity 30.5%
gen 40 offspring [54/100] k= 31 (used  31.0) c=0.943 alpha=-0.323 beta=+0.270 | loss 3.2509 (delta +0.3655) size 485.6 MB sparsity 25.0%
gen 40 offspring [55/100] k= 23 (used  23.0) c=0.993 alpha=-0.215 beta=+0.216 | loss 3.1941 (delta +0.3088) size 495.2 MB sparsity 19.7%
gen 40 offspring [56/100] k= 17 (used  17.0) c=0.973 alpha=-0.386 beta=+0.470 | loss 4.0691 (delta +1.1838) size 432.9 MB sparsity 35.6%
gen 40 offspring [57/100] k= 28 (used  28.0) c=0.871 alpha=-0.200 beta=+0.375 | loss 3.2457 (delta +0.3604) size 486.9 MB sparsity 24.3%
gen 40 offspring [58/100] k= 26 (used  25.0) c=0.986 alpha=-0.324 beta=+0.101 | loss 3.2089 (delta +0.3235) size 493.4 MB sparsity 21.3%
gen 40 offspring [59/100] k= 66 (used  65.9) c=0.941 alpha=-0.060 beta=+0.288 | loss 3.0086 (delta +0.1232) size 583.5 MB sparsity 15.0%
gen 40 offspring [60/100] k= 18 (used  17.0) c=0.943 alpha=-0.253 beta=+0.432 | loss 3.6887 (delta +0.8034) size 443.4 MB sparsity 29.8%
gen 40 offspring [61/100] k= 31 (used  31.0) c=0.939 alpha=-0.180 beta=+0.343 | loss 3.1493 (delta +0.2640) size 491.5 MB sparsity 22.3%
gen 40 offspring [62/100] k= 16 (used  15.0) c=0.987 alpha=-0.252 beta=+0.291 | loss 3.7216 (delta +0.8362) size 448.3 MB sparsity 26.4%
gen 40 offspring [63/100] k= 32 (used  31.0) c=0.969 alpha=-0.031 beta=+0.084 | loss 2.9911 (delta +0.1057) size 496.7 MB sparsity 12.0%
gen 40 offspring [64/100] k= 34 (used  34.0) c=0.849 alpha=-0.331 beta=+0.140 | loss 3.1503 (delta +0.2649) size 532.1 MB sparsity 20.1%
gen 40 offspring [65/100] k= 17 (used  17.0) c=0.862 alpha=-0.355 beta=+0.036 | loss 3.5119 (delta +0.6266) size 452.2 MB sparsity 24.9%
gen 40 offspring [66/100] k= 31 (used  31.0) c=0.952 alpha=-0.184 beta=+0.436 | loss 3.3049 (delta +0.4196) size 483.3 MB sparsity 26.0%
gen 40 offspring [67/100] k= 17 (used  17.0) c=0.971 alpha=-0.181 beta=+0.436 | loss 3.6007 (delta +0.7154) size 444.7 MB sparsity 29.1%
gen 40 offspring [68/100] k= 19 (used  19.0) c=0.859 alpha=-0.024 beta=+0.018 | loss 3.2129 (delta +0.3276) size 495.4 MB sparsity 17.5%
gen 40 offspring [69/100] k= 13 (used  13.0) c=0.983 alpha=-0.226 beta=+0.375 | loss 4.2870 (delta +1.4016) size 441.1 MB sparsity 31.1%
gen 40 offspring [70/100] k= 25 (used  25.0) c=0.850 alpha=-0.016 beta=+0.090 | loss 3.0479 (delta +0.1626) size 496.7 MB sparsity 13.1%
gen 40 offspring [71/100] k= 34 (used  33.0) c=0.989 alpha=-0.197 beta=+0.334 | loss 3.1573 (delta +0.2719) size 490.9 MB sparsity 22.6%
gen 40 offspring [72/100] k= 29 (used  29.0) c=0.848 alpha=-0.182 beta=+0.290 | loss 3.1273 (delta +0.2420) size 495.5 MB sparsity 20.3%
gen 40 offspring [73/100] k= 18 (used  17.0) c=0.956 alpha=-0.124 beta=+0.308 | loss 3.4940 (delta +0.6086) size 453.0 MB sparsity 24.4%
gen 40 offspring [74/100] k= 29 (used  29.0) c=0.924 alpha=-0.258 beta=+0.346 | loss 3.2673 (delta +0.3819) size 484.5 MB sparsity 25.5%
gen 40 offspring [75/100] k= 17 (used  17.0) c=0.857 alpha=-0.197 beta=+0.009 | loss 3.2786 (delta +0.3933) size 461.3 MB sparsity 19.8%
gen 40 offspring [76/100] k= 16 (used  16.0) c=0.859 alpha=-0.316 beta=+0.411 | loss 3.8016 (delta +0.9162) size 440.9 MB sparsity 31.2%
gen 40 offspring [77/100] k= 33 (used  33.0) c=0.999 alpha=-0.176 beta=+0.349 | loss 3.1508 (delta +0.2655) size 491.3 MB sparsity 22.4%
gen 40 offspring [78/100] k= 17 (used  17.0) c=0.877 alpha=-0.188 beta=+0.122 | loss 3.3147 (delta +0.4293) size 460.8 MB sparsity 20.0%
gen 40 offspring [79/100] k= 65 (used  65.0) c=0.989 alpha=-0.082 beta=+0.088 | loss 2.9156 (delta +0.0303) size 565.4 MB sparsity 7.7%
gen 40 offspring [80/100] k= 64 (used  64.0) c=0.850 alpha=-0.025 beta=+0.018 | loss 2.9204 (delta +0.0350) size 541.4 MB sparsity 5.2%
gen 40 offspring [81/100] k= 16 (used  16.0) c=0.889 alpha=-0.197 beta=+0.020 | loss 3.4944 (delta +0.6091) size 450.3 MB sparsity 22.9%
gen 40 offspring [82/100] k= 16 (used  16.0) c=0.847 alpha=-0.347 beta=+0.446 | loss 3.8945 (delta +1.0092) size 436.9 MB sparsity 33.4%
gen 40 offspring [83/100] k= 31 (used  31.0) c=0.947 alpha=-0.187 beta=+0.294 | loss 3.1141 (delta +0.2288) size 494.9 MB sparsity 20.7%
gen 40 offspring [84/100] k= 17 (used  17.0) c=0.850 alpha=-0.024 beta=+0.343 | loss 3.3919 (delta +0.5065) size 453.2 MB sparsity 24.3%
gen 40 offspring [85/100] k= 17 (used  17.0) c=0.972 alpha=-0.428 beta=+0.432 | loss 4.0319 (delta +1.1466) size 432.6 MB sparsity 35.8%
gen 40 offspring [86/100] k= 83 (used  82.4) c=0.932 alpha=-0.021 beta=+0.388 | loss 3.2218 (delta +0.3364) size 574.3 MB sparsity 18.1%
gen 40 offspring [87/100] k=214 (used 209.1) c=0.848 alpha=-0.211 beta=+0.412 | loss 3.2374 (delta +0.3521) size 583.4 MB sparsity 25.8%
gen 40 offspring [88/100] k= 17 (used  17.0) c=0.965 alpha=-0.210 beta=+0.253 | loss 3.4084 (delta +0.5230) size 455.6 MB sparsity 22.9%
gen 40 offspring [89/100] k=115 (used 115.0) c=0.992 alpha=-0.039 beta=+0.001 | loss 2.8932 (delta +0.0078) size 586.1 MB sparsity 3.5%
gen 40 offspring [90/100] k= 10 (used  10.0) c=0.852 alpha=-0.332 beta=+0.353 | loss 5.6683 (delta +2.7829) size 431.3 MB sparsity 36.5%
gen 40 offspring [91/100] k= 26 (used  25.0) c=0.984 alpha=-0.254 beta=+0.471 | loss 3.5483 (delta +0.6629) size 473.9 MB sparsity 30.2%
gen 40 offspring [92/100] k= 18 (used  17.0) c=0.992 alpha=-0.218 beta=+0.430 | loss 3.6136 (delta +0.7283) size 444.3 MB sparsity 29.2%
gen 40 offspring [93/100] k= 16 (used  15.0) c=0.983 alpha=-0.253 beta=+0.448 | loss 3.8801 (delta +0.9948) size 440.3 MB sparsity 31.5%
gen 40 offspring [94/100] k= 33 (used  33.0) c=0.980 alpha=-0.193 beta=+0.350 | loss 3.1602 (delta +0.2749) size 489.8 MB sparsity 23.1%
gen 40 offspring [95/100] k= 34 (used  33.0) c=0.986 alpha=-0.217 beta=+0.336 | loss 3.1772 (delta +0.2918) size 489.0 MB sparsity 23.4%
gen 40 offspring [96/100] k= 64 (used  63.9) c=0.912 alpha=-0.025 beta=+0.282 | loss 3.0057 (delta +0.1203) size 541.4 MB sparsity 14.6%
gen 40 offspring [97/100] k= 17 (used  17.0) c=0.975 alpha=-0.253 beta=+0.446 | loss 3.6948 (delta +0.8095) size 442.2 MB sparsity 30.4%
gen 40 offspring [98/100] k= 18 (used  18.0) c=0.857 alpha=-0.197 beta=+0.304 | loss 3.3557 (delta +0.4704) size 489.3 MB sparsity 23.3%
gen 40 offspring [99/100] k=  3 (used   3.0) c=0.847 alpha=-0.067 beta=+0.019 | loss 16.5632 (delta +13.6779) size 322.3 MB sparsity 89.7%
gen 40 offspring [100/100] k= 35 (used  35.0) c=0.994 alpha=-0.014 beta=+0.085 | loss 2.9713 (delta +0.0859) size 541.4 MB sparsity 10.9%
=== generation 40/50 done in 448s (0 reused), batch baseline 2.8854, HV 0.22558, front 100 points, 100/100 feasible, best delta loss +0.0015, smallest 437.0 MB
gen 41 offspring [1/100] k= 31 (used  31.0) c=0.850 alpha=-0.331 beta=+0.420 | loss 3.5113 (delta +0.6260) size 472.1 MB sparsity 31.0%
gen 41 offspring [2/100] k= 17 (used  17.0) c=0.987 alpha=-0.253 beta=+0.432 | loss 3.6571 (delta +0.7717) size 443.0 MB sparsity 30.0%
gen 41 offspring [3/100] k= 13 (used  13.0) c=0.849 alpha=-0.068 beta=+0.081 | loss 3.7378 (delta +0.8524) size 448.6 MB sparsity 25.2%
gen 41 offspring [4/100] k= 33 (used  33.0) c=0.966 alpha=-0.174 beta=+0.353 | loss 3.1448 (delta +0.2594) size 491.3 MB sparsity 22.4%
gen 41 offspring [5/100] k= 20 (used  19.0) c=0.993 alpha=-0.206 beta=+0.007 | loss 3.2934 (delta +0.4080) size 493.3 MB sparsity 20.4%
gen 41 offspring [6/100] k= 17 (used  17.0) c=0.849 alpha=-0.135 beta=+0.155 | loss 3.2697 (delta +0.3843) size 462.1 MB sparsity 19.3%
gen 41 offspring [7/100] k= 33 (used  33.0) c=0.983 alpha=-0.159 beta=+0.312 | loss 3.1043 (delta +0.2190) size 495.9 MB sparsity 20.3%
gen 41 offspring [8/100] k=212 (used 211.9) c=0.994 alpha=-0.105 beta=+0.048 | loss 2.8947 (delta +0.0093) size 630.9 MB sparsity 6.6%
gen 41 offspring [9/100] k= 61 (used  61.0) c=0.941 alpha=-0.082 beta=+0.066 | loss 2.9228 (delta +0.0374) size 541.4 MB sparsity 7.0%
gen 41 offspring [10/100] k=176 (used 174.4) c=0.999 alpha=-0.192 beta=+0.019 | loss 2.9210 (delta +0.0357) size 630.9 MB sparsity 9.2%
gen 41 offspring [11/100] k= 66 (used  66.0) c=0.940 alpha=-0.024 beta=+0.018 | loss 2.9102 (delta +0.0249) size 586.1 MB sparsity 5.5%
gen 41 offspring [12/100] k= 17 (used  17.0) c=0.987 alpha=-0.187 beta=+0.515 | loss 15.4025 (delta +12.5171) size 439.4 MB sparsity 32.0%
gen 41 offspring [13/100] k= 18 (used  18.0) c=0.849 alpha=-0.019 beta=+0.007 | loss 3.2620 (delta +0.3767) size 494.0 MB sparsity 19.3%
gen 41 offspring [14/100] k= 16 (used  16.0) c=0.820 alpha=-0.287 beta=+0.432 | loss 3.8052 (delta +0.9198) size 441.6 MB sparsity 30.8%
gen 41 offspring [15/100] k= 16 (used  16.0) c=0.848 alpha=-0.202 beta=+0.025 | loss 3.3909 (delta +0.5056) size 450.7 MB sparsity 22.0%
gen 41 offspring [16/100] k= 17 (used  17.0) c=0.835 alpha=-0.210 beta=+0.291 | loss 3.3502 (delta +0.4648) size 455.7 MB sparsity 22.9%
gen 41 offspring [17/100] k= 17 (used  17.0) c=0.848 alpha=-0.020 beta=+0.412 | loss 3.5103 (delta +0.6249) size 448.7 MB sparsity 26.8%
gen 41 offspring [18/100] k= 17 (used  17.0) c=0.984 alpha=-0.081 beta=+0.317 | loss 3.4750 (delta +0.5897) size 451.9 MB sparsity 25.0%
gen 41 offspring [19/100] k= 17 (used  17.0) c=0.927 alpha=-0.068 beta=+0.409 | loss 3.5448 (delta +0.6594) size 447.3 MB sparsity 27.6%
gen 41 offspring [20/100] k= 34 (used  33.0) c=0.993 alpha=-0.220 beta=+0.329 | loss 3.1748 (delta +0.2894) size 489.3 MB sparsity 23.3%
gen 41 offspring [21/100] k= 18 (used  17.0) c=0.992 alpha=-0.253 beta=+0.439 | loss 3.6626 (delta +0.7772) size 442.5 MB sparsity 30.3%
gen 41 offspring [22/100] k= 17 (used  17.0) c=0.970 alpha=-0.293 beta=+0.441 | loss 3.7417 (delta +0.8564) size 440.5 MB sparsity 31.4%
gen 41 offspring [23/100] k= 17 (used  17.0) c=0.870 alpha=-0.205 beta=+0.084 | loss 3.3044 (delta +0.4190) size 460.6 MB sparsity 20.1%
gen 41 offspring [24/100] k= 18 (used  17.0) c=0.992 alpha=-0.229 beta=+0.432 | loss 3.6233 (delta +0.7380) size 443.9 MB sparsity 29.5%
gen 41 offspring [25/100] k= 35 (used  35.0) c=0.847 alpha=-0.210 beta=+0.264 | loss 3.1226 (delta +0.2373) size 532.0 MB sparsity 20.2%
gen 41 offspring [26/100] k= 21 (used  21.0) c=0.993 alpha=-0.014 beta=+0.090 | loss 3.1998 (delta +0.3145) size 495.0 MB sparsity 18.1%
gen 41 offspring [27/100] k= 17 (used  17.0) c=0.969 alpha=-0.253 beta=+0.423 | loss 3.6251 (delta +0.7397) size 443.8 MB sparsity 29.6%
gen 41 offspring [28/100] k= 17 (used  17.0) c=0.986 alpha=-0.200 beta=+0.090 | loss 3.4093 (delta +0.5240) size 456.8 MB sparsity 22.3%
gen 41 offspring [29/100] k= 30 (used  30.0) c=0.941 alpha=-0.082 beta=+0.062 | loss 3.0053 (delta +0.1200) size 496.7 MB sparsity 12.5%
gen 41 offspring [30/100] k= 30 (used  30.0) c=0.859 alpha=-0.197 beta=+0.452 | loss 3.3542 (delta +0.4688) size 480.9 MB sparsity 27.0%
gen 41 offspring [31/100] k= 17 (used  17.0) c=0.966 alpha=-0.314 beta=+0.432 | loss 3.7862 (delta +0.9008) size 439.8 MB sparsity 31.8%
gen 41 offspring [32/100] k= 32 (used  32.0) c=0.943 alpha=-0.212 beta=+0.114 | loss 3.0154 (delta +0.1300) size 496.7 MB sparsity 15.2%
gen 41 offspring [33/100] k= 17 (used  17.0) c=0.929 alpha=-0.001 beta=+0.273 | loss 3.3804 (delta +0.4950) size 455.7 MB sparsity 22.9%
gen 41 offspring [34/100] k= 17 (used  17.0) c=0.962 alpha=-0.255 beta=+0.408 | loss 3.6420 (delta +0.7567) size 444.7 MB sparsity 29.1%
gen 41 offspring [35/100] k= 18 (used  17.0) c=0.988 alpha=-0.130 beta=+0.433 | loss 3.6146 (delta +0.7293) size 444.5 MB sparsity 29.2%
gen 41 offspring [36/100] k= 34 (used  33.0) c=0.993 alpha=-0.036 beta=+0.384 | loss 3.1900 (delta +0.3047) size 493.0 MB sparsity 21.6%
gen 41 offspring [37/100] k= 17 (used  17.0) c=0.849 alpha=-0.253 beta=+0.445 | loss 3.6601 (delta +0.7748) size 443.3 MB sparsity 29.8%
gen 41 offspring [38/100] k= 65 (used  65.0) c=0.943 alpha=-0.020 beta=+0.072 | loss 2.9103 (delta +0.0249) size 569.7 MB sparsity 6.1%
gen 41 offspring [39/100] k= 17 (used  17.0) c=0.974 alpha=-0.357 beta=+0.435 | loss 3.8633 (delta +0.9780) size 436.9 MB sparsity 33.4%
gen 41 offspring [40/100] k= 33 (used  33.0) c=0.963 alpha=-0.029 beta=+0.022 | loss 2.9708 (delta +0.0854) size 516.3 MB sparsity 11.2%
gen 41 offspring [41/100] k= 17 (used  17.0) c=0.832 alpha=-0.081 beta=+0.036 | loss 3.2851 (delta +0.3998) size 462.7 MB sparsity 19.0%
gen 41 offspring [42/100] k= 16 (used  16.0) c=0.848 alpha=-0.213 beta=+0.374 | loss 3.5247 (delta +0.6393) size 448.1 MB sparsity 27.0%
gen 41 offspring [43/100] k= 33 (used  33.0) c=0.987 alpha=-0.193 beta=+0.410 | loss 3.2488 (delta +0.3635) size 484.7 MB sparsity 25.3%
gen 41 offspring [44/100] k= 66 (used  65.5) c=0.941 alpha=-0.053 beta=+0.475 | loss 13.7365 (delta +10.8512) size 559.2 MB sparsity 22.0%
gen 41 offspring [45/100] k= 17 (used  17.0) c=0.969 alpha=-0.045 beta=+0.442 | loss 3.6205 (delta +0.7352) size 444.3 MB sparsity 29.3%
gen 41 offspring [46/100] k= 16 (used  15.0) c=0.989 alpha=-0.254 beta=+0.432 | loss 3.8413 (delta +0.9559) size 441.1 MB sparsity 31.1%
gen 41 offspring [47/100] k= 16 (used  16.0) c=0.854 alpha=-0.286 beta=+0.023 | loss 3.4679 (delta +0.5826) size 450.3 MB sparsity 23.9%
gen 41 offspring [48/100] k= 12 (used  11.0) c=0.938 alpha=-0.205 beta=+0.294 | loss 4.5884 (delta +1.7030) size 438.3 MB sparsity 32.6%
gen 41 offspring [49/100] k= 31 (used  31.0) c=0.940 alpha=-0.219 beta=+0.187 | loss 3.0559 (delta +0.1705) size 496.6 MB sparsity 17.8%
gen 41 offspring [50/100] k= 63 (used  62.9) c=0.941 alpha=-0.082 beta=+0.345 | loss 3.0900 (delta +0.2046) size 537.8 MB sparsity 18.0%
gen 41 offspring [51/100] k= 24 (used  23.0) c=0.975 alpha=-0.029 beta=+0.024 | loss 3.1016 (delta +0.2163) size 496.0 MB sparsity 16.3%
gen 41 offspring [52/100] k=115 (used 113.1) c=0.971 alpha=-0.039 beta=+0.558 | loss 15.2953 (delta +12.4100) size 555.7 MB sparsity 24.0%
gen 41 offspring [53/100] k= 16 (used  16.0) c=0.848 alpha=-0.126 beta=+0.329 | loss 3.4837 (delta +0.5984) size 449.6 MB sparsity 25.3%
gen 41 offspring [54/100] k= 34 (used  33.0) c=0.973 alpha=-0.193 beta=+0.330 | loss 3.1350 (delta +0.2497) size 491.6 MB sparsity 22.3%
gen 41 offspring [55/100] k= 33 (used  33.0) c=0.998 alpha=-0.221 beta=+0.375 | loss 3.2361 (delta +0.3507) size 485.2 MB sparsity 25.1%
gen 41 offspring [56/100] k= 64 (used  63.6) c=0.971 alpha=-0.314 beta=+0.436 | loss 3.4313 (delta +0.5460) size 503.4 MB sparsity 30.8%
gen 41 offspring [57/100] k= 17 (used  17.0) c=0.923 alpha=-0.025 beta=+0.466 | loss 3.6663 (delta +0.7809) size 443.7 MB sparsity 29.6%
gen 41 offspring [58/100] k= 71 (used  71.0) c=0.913 alpha=-0.102 beta=+0.086 | loss 2.9154 (delta +0.0300) size 586.1 MB sparsity 8.2%
gen 41 offspring [59/100] k= 18 (used  18.0) c=0.862 alpha=-0.191 beta=+0.507 | loss 15.7823 (delta +12.8969) size 473.2 MB sparsity 30.5%
gen 41 offspring [60/100] k= 32 (used  31.0) c=0.995 alpha=-0.210 beta=+0.246 | loss 3.1106 (delta +0.2253) size 495.8 MB sparsity 19.8%
gen 41 offspring [61/100] k= 17 (used  17.0) c=0.993 alpha=-0.345 beta=+0.434 | loss 3.8417 (delta +0.9564) size 437.6 MB sparsity 33.0%
gen 41 offspring [62/100] k= 16 (used  16.0) c=0.876 alpha=-0.197 beta=+0.032 | loss 3.4691 (delta +0.5837) size 450.4 MB sparsity 22.6%
gen 41 offspring [63/100] k= 38 (used  37.0) c=0.980 alpha=-0.193 beta=+0.350 | loss 3.1996 (delta +0.3143) size 524.5 MB sparsity 22.9%
gen 41 offspring [64/100] k= 35 (used  35.0) c=0.993 alpha=-0.206 beta=+0.090 | loss 2.9991 (delta +0.1137) size 541.1 MB sparsity 14.4%
gen 41 offspring [65/100] k= 17 (used  17.0) c=0.851 alpha=-0.369 beta=+0.420 | loss 3.9181 (delta +1.0328) size 437.6 MB sparsity 33.0%
gen 41 offspring [66/100] k= 17 (used  17.0) c=0.843 alpha=-0.223 beta=+0.283 | loss 3.3764 (delta +0.4911) size 455.5 MB sparsity 23.0%
gen 41 offspring [67/100] k= 34 (used  33.0) c=0.993 alpha=-0.217 beta=+0.355 | loss 3.1967 (delta +0.3114) size 487.4 MB sparsity 24.2%
gen 41 offspring [68/100] k= 34 (used  33.0) c=0.986 alpha=-0.216 beta=+0.336 | loss 3.1734 (delta +0.2881) size 489.0 MB sparsity 23.4%
gen 41 offspring [69/100] k= 17 (used  17.0) c=0.832 alpha=-0.208 beta=+0.495 | loss 11.1798 (delta +8.2944) size 442.7 MB sparsity 30.2%
gen 41 offspring [70/100] k= 16 (used  16.0) c=0.918 alpha=-0.003 beta=+0.084 | loss 3.5423 (delta +0.6570) size 449.9 MB sparsity 23.5%
gen 41 offspring [71/100] k= 17 (used  17.0) c=0.969 alpha=-0.253 beta=+0.444 | loss 3.6756 (delta +0.7903) size 442.4 MB sparsity 30.3%
gen 41 offspring [72/100] k= 50 (used  48.9) c=0.988 alpha=-0.218 beta=+0.398 | loss 3.2234 (delta +0.3380) size 517.5 MB sparsity 25.6%
gen 41 offspring [73/100] k= 17 (used  17.0) c=0.986 alpha=-0.217 beta=+0.336 | loss 3.4851 (delta +0.5997) size 450.3 MB sparsity 25.9%
gen 41 offspring [74/100] k= 34 (used  34.0) c=0.849 alpha=-0.068 beta=+0.343 | loss 3.1391 (delta +0.2538) size 534.6 MB sparsity 19.2%
gen 41 offspring [75/100] k= 17 (used  17.0) c=0.924 alpha=-0.195 beta=+0.444 | loss 3.6026 (delta +0.7172) size 445.0 MB sparsity 28.9%
gen 41 offspring [76/100] k= 41 (used  41.0) c=0.846 alpha=-0.027 beta=+0.252 | loss 3.0267 (delta +0.1413) size 541.3 MB sparsity 14.6%
gen 41 offspring [77/100] k= 69 (used  68.7) c=0.975 alpha=-0.174 beta=+0.378 | loss 3.1431 (delta +0.2577) size 559.0 MB sparsity 23.0%
gen 41 offspring [78/100] k= 17 (used  17.0) c=0.887 alpha=-0.195 beta=+0.380 | loss 3.4799 (delta +0.5946) size 449.7 MB sparsity 26.2%
gen 41 offspring [79/100] k= 14 (used  13.0) c=0.970 alpha=-0.030 beta=+0.024 | loss 4.0196 (delta +1.1343) size 445.2 MB sparsity 28.5%
gen 41 offspring [80/100] k= 18 (used  18.0) c=0.839 alpha=-0.062 beta=+0.436 | loss 3.5465 (delta +0.6612) size 479.8 MB sparsity 27.5%
gen 41 offspring [81/100] k= 32 (used  32.0) c=0.836 alpha=-0.056 beta=+0.144 | loss 2.9910 (delta +0.1057) size 496.7 MB sparsity 11.8%
gen 41 offspring [82/100] k= 17 (used  17.0) c=0.855 alpha=-0.210 beta=+0.432 | loss 3.5781 (delta +0.6928) size 446.4 MB sparsity 28.1%
gen 41 offspring [83/100] k= 16 (used  16.0) c=0.852 alpha=-0.255 beta=+0.436 | loss 3.6840 (delta +0.7986) size 442.8 MB sparsity 30.1%
gen 41 offspring [84/100] k=115 (used 114.8) c=0.994 alpha=-0.219 beta=+0.042 | loss 2.9382 (delta +0.0528) size 586.1 MB sparsity 11.2%
gen 41 offspring [85/100] k= 17 (used  17.0) c=0.846 alpha=-0.100 beta=+0.343 | loss 3.3895 (delta +0.5042) size 453.2 MB sparsity 24.3%
gen 41 offspring [86/100] k= 18 (used  17.0) c=0.991 alpha=-0.212 beta=+0.009 | loss 3.4117 (delta +0.5264) size 456.5 MB sparsity 22.4%
gen 41 offspring [87/100] k=171 (used 171.0) c=0.999 alpha=-0.037 beta=+0.019 | loss 2.8915 (delta +0.0061) size 630.9 MB sparsity 2.7%
gen 41 offspring [88/100] k= 17 (used  17.0) c=0.846 alpha=-0.211 beta=+0.319 | loss 3.3792 (delta +0.4939) size 453.7 MB sparsity 24.0%
gen 41 offspring [89/100] k=212 (used 211.0) c=0.996 alpha=-0.073 beta=+0.040 | loss 2.8903 (delta +0.0049) size 630.9 MB sparsity 4.9%
gen 41 offspring [90/100] k= 65 (used  64.9) c=0.941 alpha=-0.210 beta=+0.290 | loss 3.0880 (delta +0.2026) size 529.8 MB sparsity 21.0%
gen 41 offspring [91/100] k= 52 (used  51.0) c=0.993 alpha=-0.174 beta=+0.336 | loss 3.1121 (delta +0.2267) size 528.6 MB sparsity 21.4%
gen 41 offspring [92/100] k= 16 (used  16.0) c=0.870 alpha=-0.241 beta=+0.084 | loss 3.4413 (delta +0.5559) size 450.5 MB sparsity 23.0%
gen 41 offspring [93/100] k= 17 (used  17.0) c=0.945 alpha=-0.299 beta=+0.086 | loss 3.4676 (delta +0.5822) size 453.8 MB sparsity 24.0%
gen 41 offspring [94/100] k= 64 (used  64.0) c=0.912 alpha=-0.079 beta=+0.027 | loss 2.9149 (delta +0.0296) size 541.4 MB sparsity 6.4%
gen 41 offspring [95/100] k= 13 (used  13.0) c=0.854 alpha=-0.212 beta=+0.223 | loss 3.6823 (delta +0.7970) size 448.5 MB sparsity 25.4%
gen 41 offspring [96/100] k= 17 (used  17.0) c=0.923 alpha=-0.205 beta=+0.436 | loss 3.5786 (delta +0.6932) size 445.3 MB sparsity 28.7%
gen 41 offspring [97/100] k= 18 (used  17.0) c=0.992 alpha=-0.204 beta=+0.014 | loss 3.4127 (delta +0.5274) size 456.6 MB sparsity 22.4%
gen 41 offspring [98/100] k=  8 (used   8.0) c=0.847 alpha=-0.165 beta=+0.412 | loss 9.6996 (delta +6.8142) size 390.1 MB sparsity 46.1%
gen 41 offspring [99/100] k= 16 (used  16.0) c=0.854 alpha=-0.253 beta=+0.424 | loss 3.6551 (delta +0.7697) size 443.6 MB sparsity 29.7%
gen 41 offspring [100/100] k= 27 (used  27.0) c=0.890 alpha=-0.164 beta=+0.380 | loss 3.2330 (delta +0.3476) size 489.3 MB sparsity 23.3%
=== generation 41/50 done in 447s (0 reused), batch baseline 2.8854, HV 0.22557, front 100 points, 100/100 feasible, best delta loss +0.0015, smallest 436.9 MB
gen 42 offspring [1/100] k= 64 (used  64.0) c=0.912 alpha=-0.014 beta=+0.018 | loss 2.9128 (delta +0.0274) size 541.4 MB sparsity 5.5%
gen 42 offspring [2/100] k= 65 (used  64.8) c=0.937 alpha=-0.082 beta=+0.338 | loss 3.0789 (delta +0.1936) size 538.6 MB sparsity 17.7%
gen 42 offspring [3/100] k= 33 (used  33.0) c=0.992 alpha=-0.031 beta=+0.448 | loss 3.3429 (delta +0.4575) size 487.7 MB sparsity 24.0%
gen 42 offspring [4/100] k= 17 (used  17.0) c=0.848 alpha=-0.085 beta=+0.376 | loss 3.4420 (delta +0.5566) size 451.1 MB sparsity 25.5%
gen 42 offspring [5/100] k=221 (used 221.0) c=0.994 alpha=-0.037 beta=+0.039 | loss 2.8893 (delta +0.0040) size 630.9 MB sparsity 3.3%
gen 42 offspring [6/100] k= 17 (used  17.0) c=0.920 alpha=-0.285 beta=+0.432 | loss 3.7368 (delta +0.8514) size 441.8 MB sparsity 30.7%
gen 42 offspring [7/100] k= 20 (used  19.0) c=0.991 alpha=-0.253 beta=+0.445 | loss 3.6882 (delta +0.8028) size 474.4 MB sparsity 29.9%
gen 42 offspring [8/100] k= 17 (used  17.0) c=0.916 alpha=-0.253 beta=+0.424 | loss 3.6472 (delta +0.7618) size 444.2 MB sparsity 29.3%
gen 42 offspring [9/100] k= 16 (used  15.0) c=0.966 alpha=-0.047 beta=+0.467 | loss 3.9456 (delta +1.0603) size 440.0 MB sparsity 31.7%
gen 42 offspring [10/100] k= 25 (used  25.0) c=0.923 alpha=-0.223 beta=+0.365 | loss 3.2894 (delta +0.4041) size 485.4 MB sparsity 25.0%
gen 42 offspring [11/100] k= 39 (used  39.0) c=0.982 alpha=-0.222 beta=+0.391 | loss 3.2743 (delta +0.3890) size 517.5 MB sparsity 25.6%
gen 42 offspring [12/100] k= 31 (used  31.0) c=0.943 alpha=-0.245 beta=+0.041 | loss 3.0328 (delta +0.1474) size 496.6 MB sparsity 16.4%
gen 42 offspring [13/100] k= 17 (used  17.0) c=0.936 alpha=-0.253 beta=+0.425 | loss 3.6484 (delta +0.7630) size 443.9 MB sparsity 29.5%
gen 42 offspring [14/100] k= 17 (used  17.0) c=0.862 alpha=-0.056 beta=+0.107 | loss 3.2817 (delta +0.3963) size 461.6 MB sparsity 19.6%
gen 42 offspring [15/100] k= 34 (used  34.0) c=0.895 alpha=-0.108 beta=+0.019 | loss 2.9725 (delta +0.0871) size 541.4 MB sparsity 10.7%
gen 42 offspring [16/100] k= 34 (used  33.0) c=0.993 alpha=-0.277 beta=+0.019 | loss 3.0580 (delta +0.1726) size 502.2 MB sparsity 17.5%
gen 42 offspring [17/100] k= 17 (used  17.0) c=0.848 alpha=-0.201 beta=+0.009 | loss 3.2721 (delta +0.3867) size 461.5 MB sparsity 19.7%
gen 42 offspring [18/100] k= 32 (used  32.0) c=0.924 alpha=-0.018 beta=+0.300 | loss 3.0723 (delta +0.1870) size 496.2 MB sparsity 18.4%
gen 42 offspring [19/100] k= 37 (used  37.0) c=0.923 alpha=-0.186 beta=+0.405 | loss 3.2437 (delta +0.3583) size 519.8 MB sparsity 24.7%
gen 42 offspring [20/100] k= 32 (used  32.0) c=0.934 alpha=-0.058 beta=+0.141 | loss 2.9841 (delta +0.0987) size 496.7 MB sparsity 12.4%
gen 42 offspring [21/100] k= 30 (used  30.0) c=0.946 alpha=-0.010 beta=+0.209 | loss 3.0331 (delta +0.1477) size 496.6 MB sparsity 15.4%
gen 42 offspring [22/100] k= 26 (used  25.0) c=0.987 alpha=-0.016 beta=+0.090 | loss 3.0655 (delta +0.1801) size 496.4 MB sparsity 15.2%
gen 42 offspring [23/100] k=176 (used 172.8) c=1.000 alpha=-0.211 beta=+0.320 | loss 3.0942 (delta +0.2089) size 596.1 MB sparsity 22.2%
gen 42 offspring [24/100] k= 65 (used  65.0) c=0.966 alpha=-0.024 beta=+0.018 | loss 2.9146 (delta +0.0293) size 570.9 MB sparsity 5.7%
gen 42 offspring [25/100] k= 34 (used  33.0) c=0.976 alpha=-0.217 beta=+0.355 | loss 3.1906 (delta +0.3053) size 487.4 MB sparsity 24.1%
gen 42 offspring [26/100] k= 17 (used  17.0) c=0.924 alpha=-0.223 beta=+0.396 | loss 3.5421 (delta +0.6567) size 447.3 MB sparsity 27.6%
gen 42 offspring [27/100] k= 30 (used  30.0) c=0.946 alpha=-0.045 beta=+0.072 | loss 3.0081 (delta +0.1228) size 496.7 MB sparsity 12.5%
gen 42 offspring [28/100] k= 16 (used  15.0) c=0.945 alpha=-0.231 beta=+0.352 | loss 3.6965 (delta +0.8112) size 447.2 MB sparsity 27.6%
gen 42 offspring [29/100] k=  7 (used   7.0) c=1.000 alpha=-0.316 beta=+0.432 | loss 11.5244 (delta +8.6391) size 381.5 MB sparsity 52.5%
gen 42 offspring [30/100] k= 31 (used  31.0) c=0.852 alpha=-0.181 beta=+0.291 | loss 3.1428 (delta +0.2575) size 495.6 MB sparsity 20.2%
gen 42 offspring [31/100] k= 33 (used  33.0) c=0.958 alpha=-0.270 beta=+0.365 | loss 3.2898 (delta +0.4045) size 482.0 MB sparsity 26.6%
gen 42 offspring [32/100] k= 23 (used  23.0) c=0.984 alpha=-0.331 beta=+0.435 | loss 3.6634 (delta +0.7780) size 470.1 MB sparsity 31.9%
gen 42 offspring [33/100] k= 15 (used  15.0) c=0.971 alpha=-0.314 beta=+0.429 | loss 3.9411 (delta +1.0557) size 439.0 MB sparsity 32.2%
gen 42 offspring [34/100] k= 17 (used  17.0) c=0.853 alpha=-0.192 beta=+0.374 | loss 3.4457 (delta +0.5603) size 450.7 MB sparsity 25.7%
gen 42 offspring [35/100] k= 16 (used  16.0) c=0.848 alpha=-0.253 beta=+0.435 | loss 3.6551 (delta +0.7697) size 443.0 MB sparsity 30.0%
gen 42 offspring [36/100] k= 17 (used  17.0) c=0.974 alpha=-0.345 beta=+0.462 | loss 3.9530 (delta +1.0676) size 435.9 MB sparsity 33.9%
gen 42 offspring [37/100] k= 22 (used  21.0) c=0.989 alpha=-0.194 beta=+0.380 | loss 3.3872 (delta +0.5018) size 484.5 MB sparsity 25.4%
gen 42 offspring [38/100] k= 36 (used  35.0) c=0.992 alpha=-0.190 beta=+0.388 | loss 3.2256 (delta +0.3402) size 520.8 MB sparsity 24.3%
gen 42 offspring [39/100] k= 17 (used  17.0) c=0.849 alpha=-0.200 beta=+0.083 | loss 3.2705 (delta +0.3851) size 461.5 MB sparsity 19.7%
gen 42 offspring [40/100] k= 17 (used  17.0) c=0.972 alpha=-0.292 beta=+0.444 | loss 3.7643 (delta +0.8790) size 440.4 MB sparsity 31.5%
gen 42 offspring [41/100] k= 32 (used  32.0) c=0.859 alpha=-0.211 beta=+0.049 | loss 3.0209 (delta +0.1356) size 496.7 MB sparsity 14.5%
gen 42 offspring [42/100] k= 16 (used  15.0) c=0.936 alpha=-0.001 beta=+0.300 | loss 3.5759 (delta +0.6905) size 449.0 MB sparsity 25.6%
gen 42 offspring [43/100] k= 16 (used  16.0) c=0.854 alpha=-0.204 beta=+0.030 | loss 3.4081 (delta +0.5228) size 450.7 MB sparsity 22.1%
gen 42 offspring [44/100] k=107 (used 106.1) c=0.998 alpha=-0.039 beta=+0.415 | loss 3.3188 (delta +0.4335) size 571.7 MB sparsity 18.9%
gen 42 offspring [45/100] k= 16 (used  16.0) c=0.847 alpha=-0.344 beta=+0.412 | loss 3.8145 (delta +0.9292) size 439.2 MB sparsity 32.1%
gen 42 offspring [46/100] k= 17 (used  17.0) c=0.851 alpha=-0.184 beta=+0.084 | loss 3.2720 (delta +0.3866) size 461.8 MB sparsity 19.5%
gen 42 offspring [47/100] k= 17 (used  17.0) c=0.971 alpha=-0.285 beta=+0.071 | loss 3.4438 (delta +0.5585) size 454.0 MB sparsity 23.8%
gen 42 offspring [48/100] k= 17 (used  17.0) c=0.846 alpha=-0.210 beta=+0.311 | loss 3.3729 (delta +0.4875) size 454.3 MB sparsity 23.7%
gen 42 offspring [49/100] k= 17 (used  17.0) c=0.851 alpha=-0.190 beta=+0.138 | loss 3.2769 (delta +0.3916) size 461.7 MB sparsity 19.5%
gen 42 offspring [50/100] k= 17 (used  17.0) c=0.953 alpha=-0.356 beta=+0.435 | loss 3.9106 (delta +1.0252) size 437.1 MB sparsity 33.3%
gen 42 offspring [51/100] k= 18 (used  17.0) c=0.974 alpha=-0.357 beta=+0.435 | loss 3.8633 (delta +0.9780) size 436.9 MB sparsity 33.4%
gen 42 offspring [52/100] k= 51 (used  51.0) c=0.970 alpha=-0.222 beta=+0.278 | loss 3.0988 (delta +0.2135) size 529.7 MB sparsity 21.0%
gen 42 offspring [53/100] k= 33 (used  33.0) c=0.983 alpha=-0.290 beta=+0.032 | loss 3.0662 (delta +0.1808) size 501.3 MB sparsity 17.9%
gen 42 offspring [54/100] k= 30 (used  30.0) c=0.965 alpha=-0.259 beta=+0.365 | loss 3.3092 (delta +0.4239) size 482.7 MB sparsity 26.2%
gen 42 offspring [55/100] k= 33 (used  33.0) c=0.998 alpha=-0.218 beta=+0.398 | loss 3.2644 (delta +0.3791) size 483.7 MB sparsity 25.8%
gen 42 offspring [56/100] k= 66 (used  66.0) c=0.941 alpha=-0.054 beta=+0.270 | loss 2.9903 (delta +0.1049) size 585.2 MB sparsity 14.1%
gen 42 offspring [57/100] k= 34 (used  33.0) c=0.991 alpha=-0.193 beta=+0.349 | loss 3.1669 (delta +0.2815) size 489.9 MB sparsity 23.0%
gen 42 offspring [58/100] k= 30 (used  30.0) c=0.946 alpha=-0.222 beta=+0.270 | loss 3.1605 (delta +0.2751) size 494.0 MB sparsity 21.2%
gen 42 offspring [59/100] k= 16 (used  15.0) c=0.993 alpha=-0.332 beta=+0.362 | loss 3.9357 (delta +1.0503) size 441.8 MB sparsity 30.6%
gen 42 offspring [60/100] k=171 (used 168.8) c=0.999 alpha=-0.221 beta=+0.337 | loss 3.1250 (delta +0.2397) size 592.2 MB sparsity 23.3%
gen 42 offspring [61/100] k= 17 (used  17.0) c=0.972 alpha=-0.252 beta=+0.475 | loss 3.7492 (delta +0.8638) size 440.6 MB sparsity 31.4%
gen 42 offspring [62/100] k= 17 (used  17.0) c=0.848 alpha=-0.211 beta=+0.319 | loss 3.3733 (delta +0.4879) size 453.7 MB sparsity 24.0%
gen 42 offspring [63/100] k= 18 (used  17.0) c=0.966 alpha=-0.173 beta=+0.353 | loss 3.4944 (delta +0.6090) size 450.0 MB sparsity 26.1%
gen 42 offspring [64/100] k= 17 (used  17.0) c=0.848 alpha=-0.216 beta=+0.394 | loss 3.4936 (delta +0.6083) size 448.6 MB sparsity 26.9%
gen 42 offspring [65/100] k= 34 (used  33.0) c=0.993 alpha=-0.120 beta=+0.090 | loss 2.9762 (delta +0.0909) size 515.0 MB sparsity 11.8%
gen 42 offspring [66/100] k= 66 (used  66.0) c=0.949 alpha=-0.020 beta=+0.078 | loss 2.9105 (delta +0.0251) size 586.1 MB sparsity 6.4%
gen 42 offspring [67/100] k=115 (used 115.0) c=0.992 alpha=-0.039 beta=+0.001 | loss 2.8934 (delta +0.0080) size 586.1 MB sparsity 3.5%
gen 42 offspring [68/100] k= 13 (used  13.0) c=0.830 alpha=-0.037 beta=+0.018 | loss 3.7591 (delta +0.8738) size 449.0 MB sparsity 24.7%
gen 42 offspring [69/100] k= 17 (used  17.0) c=0.889 alpha=-0.253 beta=+0.500 | loss 3.8863 (delta +1.0010) size 439.6 MB sparsity 31.9%
gen 42 offspring [70/100] k= 34 (used  33.0) c=0.993 alpha=-0.215 beta=+0.336 | loss 3.1738 (delta +0.2884) size 489.2 MB sparsity 23.4%
gen 42 offspring [71/100] k= 34 (used  33.0) c=0.992 alpha=-0.220 beta=+0.411 | loss 3.2834 (delta +0.3981) size 482.4 MB sparsity 26.4%
gen 42 offspring [72/100] k= 17 (used  17.0) c=0.943 alpha=-0.006 beta=+0.224 | loss 3.3663 (delta +0.4810) size 457.7 MB sparsity 21.8%
gen 42 offspring [73/100] k= 31 (used  31.0) c=0.846 alpha=-0.267 beta=+0.270 | loss 3.2440 (delta +0.3586) size 490.6 MB sparsity 22.7%
gen 42 offspring [74/100] k= 18 (used  18.0) c=0.922 alpha=-0.212 beta=+0.412 | loss 3.5518 (delta +0.6665) size 478.9 MB sparsity 27.9%
gen 42 offspring [75/100] k= 17 (used  17.0) c=0.854 alpha=-0.210 beta=+0.424 | loss 3.5600 (delta +0.6747) size 446.9 MB sparsity 27.8%
gen 42 offspring [76/100] k=205 (used 205.0) c=0.857 alpha=-0.037 beta=+0.036 | loss 2.9104 (delta +0.0250) size 630.9 MB sparsity 3.2%
gen 42 offspring [77/100] k= 30 (used  30.0) c=0.965 alpha=-0.258 beta=+0.349 | loss 3.2871 (delta +0.4018) size 484.1 MB sparsity 25.6%
gen 42 offspring [78/100] k= 65 (used  65.0) c=0.945 alpha=-0.082 beta=+0.088 | loss 2.9115 (delta +0.0261) size 565.6 MB sparsity 7.6%
gen 42 offspring [79/100] k= 17 (used  17.0) c=0.968 alpha=-0.210 beta=+0.256 | loss 3.3992 (delta +0.5139) size 455.4 MB sparsity 23.0%
gen 42 offspring [80/100] k= 39 (used  39.0) c=0.980 alpha=-0.205 beta=+0.350 | loss 3.1907 (delta +0.3053) size 523.4 MB sparsity 23.4%
gen 42 offspring [81/100] k= 34 (used  34.0) c=0.843 alpha=-0.081 beta=+0.313 | loss 3.1018 (delta +0.2165) size 537.7 MB sparsity 18.0%
gen 42 offspring [82/100] k= 18 (used  18.0) c=0.936 alpha=-0.076 beta=+0.044 | loss 3.3498 (delta +0.4644) size 492.2 MB sparsity 21.2%
gen 42 offspring [83/100] k= 13 (used  13.0) c=0.870 alpha=-0.093 beta=+0.336 | loss 3.7668 (delta +0.8815) size 446.5 MB sparsity 27.9%
gen 42 offspring [84/100] k= 16 (used  16.0) c=0.870 alpha=-0.189 beta=+0.139 | loss 3.4275 (delta +0.5421) size 450.5 MB sparsity 22.4%
gen 42 offspring [85/100] k= 18 (used  18.0) c=0.938 alpha=-0.253 beta=+0.439 | loss 3.6759 (delta +0.7906) size 474.3 MB sparsity 30.0%
gen 42 offspring [86/100] k= 17 (used  17.0) c=0.965 alpha=-0.029 beta=+0.384 | loss 3.5435 (delta +0.6581) size 448.1 MB sparsity 27.2%
gen 42 offspring [87/100] k= 41 (used  41.0) c=0.834 alpha=-0.206 beta=+0.315 | loss 3.1725 (delta +0.2871) size 527.3 MB sparsity 21.9%
gen 42 offspring [88/100] k= 17 (used  17.0) c=0.847 alpha=-0.331 beta=+0.428 | loss 3.7898 (delta +0.9045) size 439.6 MB sparsity 31.9%
gen 42 offspring [89/100] k= 18 (used  18.0) c=0.922 alpha=-0.167 beta=+0.004 | loss 3.3442 (delta +0.4588) size 492.5 MB sparsity 20.9%
gen 42 offspring [90/100] k= 31 (used  31.0) c=0.941 alpha=-0.181 beta=+0.208 | loss 3.0395 (delta +0.1541) size 496.6 MB sparsity 17.1%
gen 42 offspring [91/100] k= 17 (used  17.0) c=0.972 alpha=-0.285 beta=+0.507 | loss 3.9388 (delta +1.0534) size 436.8 MB sparsity 33.5%
gen 42 offspring [92/100] k= 17 (used  17.0) c=0.847 alpha=-0.194 beta=+0.412 | loss 3.5073 (delta +0.6220) size 448.3 MB sparsity 27.0%
gen 42 offspring [93/100] k= 66 (used  65.9) c=0.945 alpha=-0.068 beta=+0.282 | loss 3.0029 (delta +0.1175) size 583.7 MB sparsity 15.0%
gen 42 offspring [94/100] k= 17 (used  17.0) c=0.923 alpha=-0.185 beta=+0.405 | loss 3.5321 (delta +0.6468) size 447.6 MB sparsity 27.5%
gen 42 offspring [95/100] k= 63 (used  63.0) c=0.912 alpha=-0.036 beta=+0.004 | loss 2.9152 (delta +0.0299) size 541.4 MB sparsity 5.5%
gen 42 offspring [96/100] k= 34 (used  33.0) c=0.973 alpha=-0.210 beta=+0.349 | loss 3.1728 (delta +0.2875) size 488.4 MB sparsity 23.7%
gen 42 offspring [97/100] k= 33 (used  33.0) c=0.973 alpha=-0.093 beta=+0.127 | loss 2.9727 (delta +0.0873) size 515.0 MB sparsity 11.8%
gen 42 offspring [98/100] k= 18 (used  18.0) c=0.843 alpha=-0.060 beta=+0.085 | loss 3.2686 (delta +0.3833) size 494.1 MB sparsity 19.2%
gen 42 offspring [99/100] k= 17 (used  17.0) c=0.988 alpha=-0.198 beta=+0.380 | loss 3.5409 (delta +0.6555) size 447.8 MB sparsity 27.3%
gen 42 offspring [100/100] k= 44 (used  43.0) c=0.994 alpha=-0.280 beta=+0.435 | loss 3.3984 (delta +0.5131) size 507.0 MB sparsity 29.5%
=== generation 42/50 done in 447s (0 reused), batch baseline 2.8854, HV 0.22562, front 100 points, 100/100 feasible, best delta loss +0.0015, smallest 436.9 MB
gen 43 offspring [1/100] k= 26 (used  25.0) c=0.986 alpha=-0.016 beta=+0.090 | loss 3.0665 (delta +0.1812) size 496.4 MB sparsity 15.2%
gen 43 offspring [2/100] k=115 (used 115.0) c=0.861 alpha=-0.039 beta=+0.009 | loss 2.9139 (delta +0.0286) size 586.1 MB sparsity 3.2%
gen 43 offspring [3/100] k= 31 (used  31.0) c=0.946 alpha=-0.055 beta=+0.272 | loss 3.0496 (delta +0.1643) size 496.5 MB sparsity 17.4%
gen 43 offspring [4/100] k= 17 (used  17.0) c=0.846 alpha=-0.207 beta=+0.305 | loss 3.3637 (delta +0.4784) size 454.8 MB sparsity 23.4%
gen 43 offspring [5/100] k= 30 (used  30.0) c=0.889 alpha=-0.195 beta=+0.375 | loss 3.2116 (delta +0.3262) size 487.5 MB sparsity 24.1%
gen 43 offspring [6/100] k= 17 (used  17.0) c=0.923 alpha=-0.182 beta=+0.406 | loss 3.5338 (delta +0.6485) size 447.5 MB sparsity 27.5%
gen 43 offspring [7/100] k= 17 (used  17.0) c=0.849 alpha=-0.188 beta=+0.138 | loss 3.2704 (delta +0.3850) size 461.8 MB sparsity 19.5%
gen 43 offspring [8/100] k= 32 (used  32.0) c=0.961 alpha=-0.223 beta=+0.353 | loss 3.2292 (delta +0.3438) size 487.0 MB sparsity 24.3%
gen 43 offspring [9/100] k= 17 (used  17.0) c=0.956 alpha=-0.090 beta=+0.506 | loss 15.2021 (delta +12.3167) size 440.6 MB sparsity 31.3%
gen 43 offspring [10/100] k= 16 (used  16.0) c=0.847 alpha=-0.327 beta=+0.432 | loss 3.8058 (delta +0.9204) size 439.0 MB sparsity 32.2%
gen 43 offspring [11/100] k= 11 (used  11.0) c=0.858 alpha=-0.291 beta=+0.464 | loss 4.4810 (delta +1.5956) size 434.5 MB sparsity 34.8%
gen 43 offspring [12/100] k= 66 (used  66.0) c=0.941 alpha=-0.060 beta=+0.094 | loss 2.9113 (delta +0.0259) size 586.1 MB sparsity 7.2%
gen 43 offspring [13/100] k= 34 (used  33.0) c=0.975 alpha=-0.217 beta=+0.355 | loss 3.1854 (delta +0.3001) size 487.4 MB sparsity 24.1%
gen 43 offspring [14/100] k= 33 (used  33.0) c=0.992 alpha=-0.093 beta=+0.449 | loss 3.3463 (delta +0.4609) size 487.6 MB sparsity 24.1%
gen 43 offspring [15/100] k=201 (used 194.9) c=0.848 alpha=-0.365 beta=+0.412 | loss 3.5083 (delta +0.6230) size 561.4 MB sparsity 31.9%
gen 43 offspring [16/100] k= 33 (used  33.0) c=0.965 alpha=-0.258 beta=+0.348 | loss 3.2342 (delta +0.3489) size 484.5 MB sparsity 25.4%
gen 43 offspring [17/100] k=  9 (used   9.0) c=0.856 alpha=-0.197 beta=+0.383 | loss 5.5061 (delta +2.6208) size 402.4 MB sparsity 36.9%
gen 43 offspring [18/100] k= 17 (used  17.0) c=0.996 alpha=-0.194 beta=+0.350 | loss 3.5081 (delta +0.6228) size 449.5 MB sparsity 26.4%
gen 43 offspring [19/100] k= 23 (used  23.0) c=0.972 alpha=-0.292 beta=+0.443 | loss 3.5709 (delta +0.6856) size 472.7 MB sparsity 30.7%
gen 43 offspring [20/100] k= 17 (used  17.0) c=0.926 alpha=-0.210 beta=+0.291 | loss 3.3813 (delta +0.4960) size 454.3 MB sparsity 23.7%
gen 43 offspring [21/100] k= 18 (used  17.0) c=0.973 alpha=-0.342 beta=+0.433 | loss 3.8442 (delta +0.9589) size 437.9 MB sparsity 32.8%
gen 43 offspring [22/100] k= 32 (used  31.0) c=0.978 alpha=-0.003 beta=+0.300 | loss 3.0826 (delta +0.1972) size 496.0 MB sparsity 18.7%
gen 43 offspring [23/100] k=212 (used 212.0) c=0.992 alpha=-0.028 beta=+0.007 | loss 2.8880 (delta +0.0027) size 630.9 MB sparsity 2.1%
gen 43 offspring [24/100] k= 34 (used  34.0) c=0.945 alpha=-0.210 beta=+0.349 | loss 3.1998 (delta +0.3145) size 522.7 MB sparsity 23.6%
gen 43 offspring [25/100] k= 34 (used  34.0) c=0.855 alpha=-0.199 beta=+0.284 | loss 3.1622 (delta +0.2768) size 531.0 MB sparsity 20.6%
gen 43 offspring [26/100] k= 34 (used  33.0) c=0.993 alpha=-0.220 beta=+0.318 | loss 3.1644 (delta +0.2791) size 490.3 MB sparsity 22.9%
gen 43 offspring [27/100] k= 12 (used  11.0) c=1.000 alpha=-0.210 beta=+0.264 | loss 5.2622 (delta +2.3768) size 435.0 MB sparsity 34.4%
gen 43 offspring [28/100] k= 33 (used  33.0) c=0.922 alpha=-0.254 beta=+0.374 | loss 3.2762 (delta +0.3909) size 482.7 MB sparsity 26.3%
gen 43 offspring [29/100] k= 23 (used  23.0) c=0.839 alpha=-0.329 beta=+0.025 | loss 3.2219 (delta +0.3365) size 494.1 MB sparsity 20.9%
gen 43 offspring [30/100] k= 18 (used  18.0) c=0.850 alpha=-0.174 beta=+0.316 | loss 3.3518 (delta +0.4664) size 489.1 MB sparsity 23.4%
gen 43 offspring [31/100] k= 38 (used  37.0) c=0.987 alpha=-0.193 beta=+0.404 | loss 3.2643 (delta +0.3790) size 519.1 MB sparsity 25.0%
gen 43 offspring [32/100] k= 16 (used  15.0) c=0.994 alpha=-0.206 beta=+0.475 | loss 3.9481 (delta +1.0627) size 438.9 MB sparsity 32.3%
gen 43 offspring [33/100] k= 66 (used  65.8) c=0.851 alpha=-0.340 beta=+0.086 | loss 3.0680 (delta +0.1826) size 573.8 MB sparsity 17.9%
gen 43 offspring [34/100] k= 17 (used  17.0) c=0.993 alpha=-0.014 beta=+0.090 | loss 3.4092 (delta +0.5238) size 456.7 MB sparsity 22.4%
gen 43 offspring [35/100] k= 33 (used  33.0) c=0.994 alpha=-0.109 beta=+0.402 | loss 3.2267 (delta +0.3413) size 491.3 MB sparsity 22.4%
gen 43 offspring [36/100] k= 33 (used  33.0) c=0.972 alpha=-0.062 beta=+0.270 | loss 3.0364 (delta +0.1511) size 503.2 MB sparsity 17.1%
gen 43 offspring [37/100] k= 17 (used  17.0) c=0.973 alpha=-0.038 beta=+0.347 | loss 3.4864 (delta +0.6011) size 450.2 MB sparsity 26.0%
gen 43 offspring [38/100] k=115 (used 113.8) c=0.992 alpha=-0.035 beta=+0.448 | loss 3.4592 (delta +0.5738) size 568.4 MB sparsity 19.9%
gen 43 offspring [39/100] k= 61 (used  61.0) c=0.942 alpha=-0.020 beta=+0.090 | loss 2.9234 (delta +0.0381) size 541.4 MB sparsity 7.0%
gen 43 offspring [40/100] k= 13 (used  13.0) c=0.976 alpha=-0.315 beta=+0.442 | loss 4.2253 (delta +1.3399) size 436.2 MB sparsity 33.8%
gen 43 offspring [41/100] k= 48 (used  48.0) c=0.949 alpha=-0.022 beta=+0.072 | loss 2.9321 (delta +0.0468) size 541.4 MB sparsity 7.8%
gen 43 offspring [42/100] k= 18 (used  18.0) c=0.848 alpha=-0.210 beta=+0.432 | loss 3.5428 (delta +0.6574) size 478.6 MB sparsity 28.1%
gen 43 offspring [43/100] k= 17 (used  17.0) c=0.848 alpha=-0.216 beta=+0.395 | loss 3.4935 (delta +0.6081) size 448.6 MB sparsity 26.9%
gen 43 offspring [44/100] k= 17 (used  17.0) c=0.969 alpha=-0.255 beta=+0.475 | loss 3.7450 (delta +0.8597) size 440.5 MB sparsity 31.4%
gen 43 offspring [45/100] k= 22 (used  22.0) c=0.943 alpha=-0.290 beta=+0.271 | loss 3.3574 (delta +0.4720) size 486.7 MB sparsity 24.5%
gen 43 offspring [46/100] k= 24 (used  23.0) c=0.966 alpha=-0.030 beta=+0.024 | loss 3.0927 (delta +0.2073) size 496.0 MB sparsity 16.1%
gen 43 offspring [47/100] k= 17 (used  17.0) c=0.978 alpha=-0.068 beta=+0.279 | loss 3.4253 (delta +0.5399) size 454.2 MB sparsity 23.7%
gen 43 offspring [48/100] k= 16 (used  16.0) c=0.848 alpha=-0.201 beta=+0.408 | loss 3.5712 (delta +0.6858) size 446.3 MB sparsity 28.1%
gen 43 offspring [49/100] k= 32 (used  31.0) c=0.982 alpha=-0.035 beta=+0.014 | loss 2.9925 (delta +0.1071) size 496.7 MB sparsity 12.2%
gen 43 offspring [50/100] k=  9 (used   9.0) c=0.971 alpha=-0.343 beta=+0.435 | loss 7.4057 (delta +4.5204) size 396.8 MB sparsity 41.1%
gen 43 offspring [51/100] k= 17 (used  17.0) c=0.848 alpha=-0.210 beta=+0.269 | loss 3.3165 (delta +0.4311) size 456.9 MB sparsity 22.2%
gen 43 offspring [52/100] k= 17 (used  17.0) c=0.958 alpha=-0.262 beta=+0.422 | loss 3.6994 (delta +0.8141) size 443.5 MB sparsity 29.7%
gen 43 offspring [53/100] k= 44 (used  44.0) c=0.944 alpha=-0.022 beta=+0.066 | loss 2.9339 (delta +0.0486) size 541.4 MB sparsity 8.4%
gen 43 offspring [54/100] k= 33 (used  33.0) c=0.921 alpha=-0.173 beta=+0.279 | loss 3.0883 (delta +0.2030) size 497.9 MB sparsity 19.5%
gen 43 offspring [55/100] k= 65 (used  64.9) c=0.971 alpha=-0.284 beta=+0.088 | loss 3.0064 (delta +0.1210) size 543.6 MB sparsity 15.8%
gen 43 offspring [56/100] k= 17 (used  17.0) c=0.849 alpha=-0.072 beta=+0.343 | loss 3.3855 (delta +0.5002) size 453.2 MB sparsity 24.3%
gen 43 offspring [57/100] k= 17 (used  17.0) c=0.980 alpha=-0.292 beta=+0.399 | loss 3.7020 (delta +0.8167) size 443.1 MB sparsity 29.9%
gen 43 offspring [58/100] k=171 (used 171.0) c=0.999 alpha=-0.037 beta=+0.008 | loss 2.8919 (delta +0.0065) size 630.9 MB sparsity 2.7%
gen 43 offspring [59/100] k= 18 (used  17.0) c=0.994 alpha=-0.211 beta=+0.425 | loss 3.6024 (delta +0.7170) size 444.7 MB sparsity 29.0%
gen 43 offspring [60/100] k= 33 (used  33.0) c=0.987 alpha=-0.282 beta=+0.389 | loss 3.3533 (delta +0.4679) size 478.8 MB sparsity 28.0%
gen 43 offspring [61/100] k= 69 (used  69.0) c=0.945 alpha=-0.015 beta=+0.072 | loss 2.9069 (delta +0.0216) size 586.1 MB sparsity 5.9%
gen 43 offspring [62/100] k= 18 (used  17.0) c=0.973 alpha=-0.253 beta=+0.122 | loss 3.4210 (delta +0.5357) size 455.6 MB sparsity 22.9%
gen 43 offspring [63/100] k= 28 (used  27.0) c=0.994 alpha=-0.037 beta=+0.039 | loss 3.0390 (delta +0.1537) size 496.6 MB sparsity 14.1%
gen 43 offspring [64/100] k= 59 (used  59.0) c=0.912 alpha=-0.015 beta=+0.018 | loss 2.9292 (delta +0.0439) size 541.4 MB sparsity 5.9%
gen 43 offspring [65/100] k= 59 (used  58.9) c=0.848 alpha=-0.100 beta=+0.319 | loss 3.0679 (delta +0.1825) size 538.8 MB sparsity 17.7%
gen 43 offspring [66/100] k= 34 (used  34.0) c=0.958 alpha=-0.356 beta=+0.434 | loss 3.5399 (delta +0.6545) size 498.9 MB sparsity 32.5%
gen 43 offspring [67/100] k= 33 (used  33.0) c=0.987 alpha=-0.259 beta=+0.365 | loss 3.2684 (delta +0.3830) size 482.9 MB sparsity 26.2%
gen 43 offspring [68/100] k= 19 (used  19.0) c=0.845 alpha=-0.223 beta=+0.410 | loss 3.5073 (delta +0.6220) size 480.7 MB sparsity 27.2%
gen 43 offspring [69/100] k= 31 (used  31.0) c=0.944 alpha=-0.233 beta=+0.440 | loss 3.3422 (delta +0.4569) size 478.8 MB sparsity 28.0%
gen 43 offspring [70/100] k= 36 (used  36.0) c=0.925 alpha=-0.195 beta=+0.351 | loss 3.2093 (delta +0.3239) size 524.3 MB sparsity 23.0%
gen 43 offspring [71/100] k= 18 (used  17.0) c=0.994 alpha=-0.263 beta=+0.492 | loss 3.8236 (delta +0.9383) size 438.8 MB sparsity 32.4%
gen 43 offspring [72/100] k= 65 (used  65.0) c=0.992 alpha=-0.082 beta=+0.088 | loss 2.9144 (delta +0.0291) size 565.5 MB sparsity 7.7%
gen 43 offspring [73/100] k= 16 (used  16.0) c=0.847 alpha=-0.090 beta=+0.027 | loss 3.4132 (delta +0.5278) size 450.8 MB sparsity 21.8%
gen 43 offspring [74/100] k= 16 (used  16.0) c=0.848 alpha=-0.219 beta=+0.383 | loss 3.5393 (delta +0.6539) size 447.5 MB sparsity 27.4%
gen 43 offspring [75/100] k= 17 (used  17.0) c=0.850 alpha=-0.316 beta=+0.432 | loss 3.7856 (delta +0.9003) size 440.2 MB sparsity 31.5%
gen 43 offspring [76/100] k= 32 (used  32.0) c=0.963 alpha=-0.126 beta=+0.084 | loss 2.9908 (delta +0.1055) size 496.7 MB sparsity 12.2%
gen 43 offspring [77/100] k= 33 (used  33.0) c=0.965 alpha=-0.029 beta=+0.410 | loss 3.2425 (delta +0.3571) size 491.2 MB sparsity 22.5%
gen 43 offspring [78/100] k= 33 (used  33.0) c=0.961 alpha=-0.095 beta=+0.350 | loss 3.1242 (delta +0.2388) size 496.4 MB sparsity 20.1%
gen 43 offspring [79/100] k= 17 (used  17.0) c=0.938 alpha=-0.185 beta=+0.382 | loss 3.5132 (delta +0.6278) size 448.8 MB sparsity 26.8%
gen 43 offspring [80/100] k= 17 (used  17.0) c=0.832 alpha=-0.189 beta=+0.137 | loss 3.2851 (delta +0.3998) size 462.3 MB sparsity 19.2%
gen 43 offspring [81/100] k= 17 (used  17.0) c=0.980 alpha=-0.051 beta=+0.502 | loss 14.9410 (delta +12.0557) size 440.4 MB sparsity 31.5%
gen 43 offspring [82/100] k= 58 (used  56.9) c=0.992 alpha=-0.253 beta=+0.389 | loss 3.2688 (delta +0.3834) size 514.6 MB sparsity 26.7%
gen 43 offspring [83/100] k= 17 (used  17.0) c=0.912 alpha=-0.223 beta=+0.410 | loss 3.5860 (delta +0.7007) size 446.6 MB sparsity 28.0%
gen 43 offspring [84/100] k= 34 (used  34.0) c=0.966 alpha=-0.193 beta=+0.349 | loss 3.1645 (delta +0.2792) size 524.4 MB sparsity 23.0%
gen 43 offspring [85/100] k= 65 (used  65.0) c=0.942 alpha=-0.238 beta=+0.128 | loss 2.9915 (delta +0.1061) size 544.4 MB sparsity 15.6%
gen 43 offspring [86/100] k= 17 (used  17.0) c=0.993 alpha=-0.289 beta=+0.003 | loss 3.4731 (delta +0.5877) size 453.2 MB sparsity 24.3%
gen 43 offspring [87/100] k= 17 (used  17.0) c=0.849 alpha=-0.211 beta=+0.409 | loss 3.5121 (delta +0.6268) size 447.8 MB sparsity 27.3%
gen 43 offspring [88/100] k= 67 (used  67.0) c=0.911 alpha=-0.018 beta=+0.014 | loss 2.9104 (delta +0.0251) size 586.1 MB sparsity 5.2%
gen 43 offspring [89/100] k=151 (used 151.0) c=1.000 alpha=-0.037 beta=+0.019 | loss 2.8899 (delta +0.0045) size 630.9 MB sparsity 2.9%
gen 43 offspring [90/100] k= 34 (used  34.0) c=0.967 alpha=-0.261 beta=+0.361 | loss 3.2663 (delta +0.3810) size 516.2 MB sparsity 26.1%
gen 43 offspring [91/100] k= 17 (used  17.0) c=0.974 alpha=-0.357 beta=+0.293 | loss 3.6075 (delta +0.7222) size 445.8 MB sparsity 28.5%
gen 43 offspring [92/100] k= 17 (used  17.0) c=0.971 alpha=-0.414 beta=+0.447 | loss 4.0664 (delta +1.1810) size 432.6 MB sparsity 35.8%
gen 43 offspring [93/100] k=  4 (used   3.0) c=0.972 alpha=-0.290 beta=+0.423 | loss 15.3109 (delta +12.4255) size 320.7 MB sparsity 93.4%
gen 43 offspring [94/100] k= 31 (used  31.0) c=0.970 alpha=-0.221 beta=+0.397 | loss 3.2852 (delta +0.3998) size 483.4 MB sparsity 25.9%
gen 43 offspring [95/100] k= 31 (used  31.0) c=0.955 alpha=-0.020 beta=+0.072 | loss 2.9862 (delta +0.1008) size 496.7 MB sparsity 11.8%
gen 43 offspring [96/100] k= 16 (used  15.0) c=0.970 alpha=-0.130 beta=+0.440 | loss 3.8250 (delta +0.9396) size 441.5 MB sparsity 30.8%
gen 43 offspring [97/100] k= 26 (used  26.0) c=0.910 alpha=-0.014 beta=+0.071 | loss 3.0500 (delta +0.1646) size 496.6 MB sparsity 14.0%
gen 43 offspring [98/100] k= 79 (used  78.3) c=0.993 alpha=-0.285 beta=+0.434 | loss 3.3543 (delta +0.4690) size 538.2 MB sparsity 29.6%
gen 43 offspring [99/100] k= 17 (used  17.0) c=0.848 alpha=-0.356 beta=+0.335 | loss 3.6999 (delta +0.8146) size 444.0 MB sparsity 29.5%
gen 43 offspring [100/100] k= 68 (used  68.0) c=0.943 alpha=-0.045 beta=+0.019 | loss 2.9113 (delta +0.0259) size 586.1 MB sparsity 5.4%
=== generation 43/50 done in 447s (0 reused), batch baseline 2.8854, HV 0.22566, front 100 points, 100/100 feasible, best delta loss +0.0015, smallest 436.9 MB
gen 44 offspring [1/100] k= 65 (used  65.0) c=0.846 alpha=-0.022 beta=+0.072 | loss 2.9288 (delta +0.0434) size 570.7 MB sparsity 5.8%
gen 44 offspring [2/100] k= 33 (used  33.0) c=0.986 alpha=-0.223 beta=+0.365 | loss 3.2162 (delta +0.3309) size 486.0 MB sparsity 24.8%
gen 44 offspring [3/100] k=115 (used 114.9) c=0.996 alpha=-0.176 beta=+0.001 | loss 2.9174 (delta +0.0321) size 586.1 MB sparsity 9.1%
gen 44 offspring [4/100] k= 33 (used  33.0) c=0.972 alpha=-0.292 beta=+0.350 | loss 3.2928 (delta +0.4075) size 481.3 MB sparsity 26.9%
gen 44 offspring [5/100] k= 37 (used  37.0) c=0.848 alpha=-0.130 beta=+0.340 | loss 3.1347 (delta +0.2493) size 532.5 MB sparsity 20.0%
gen 44 offspring [6/100] k= 17 (used  17.0) c=0.848 alpha=-0.029 beta=+0.081 | loss 3.2738 (delta +0.3884) size 462.1 MB sparsity 19.3%
gen 44 offspring [7/100] k= 17 (used  17.0) c=0.870 alpha=-0.200 beta=+0.081 | loss 3.3011 (delta +0.4157) size 460.8 MB sparsity 20.0%
gen 44 offspring [8/100] k= 31 (used  31.0) c=0.987 alpha=-0.189 beta=+0.398 | loss 3.2598 (delta +0.3744) size 486.0 MB sparsity 24.8%
gen 44 offspring [9/100] k= 17 (used  17.0) c=0.836 alpha=-0.194 beta=+0.291 | loss 3.3392 (delta +0.4538) size 456.3 MB sparsity 22.6%
gen 44 offspring [10/100] k= 33 (used  33.0) c=0.973 alpha=-0.253 beta=+0.545 | loss 8.8712 (delta +5.9858) size 468.7 MB sparsity 32.5%
gen 44 offspring [11/100] k= 15 (used  15.0) c=0.975 alpha=-0.217 beta=+0.355 | loss 3.7122 (delta +0.8268) size 446.5 MB sparsity 28.0%
gen 44 offspring [12/100] k= 17 (used  17.0) c=0.923 alpha=-0.213 beta=+0.161 | loss 3.3283 (delta +0.4429) size 458.7 MB sparsity 21.2%
gen 44 offspring [13/100] k=212 (used 212.0) c=0.986 alpha=-0.017 beta=+0.071 | loss 2.8913 (delta +0.0059) size 630.9 MB sparsity 3.9%
gen 44 offspring [14/100] k= 64 (used  64.0) c=0.886 alpha=-0.014 beta=+0.018 | loss 2.9191 (delta +0.0337) size 541.4 MB sparsity 5.4%
gen 44 offspring [15/100] k=  7 (used   7.0) c=0.874 alpha=-0.328 beta=+0.291 | loss 9.3275 (delta +6.4421) size 388.5 MB sparsity 47.3%
gen 44 offspring [16/100] k= 17 (used  17.0) c=0.971 alpha=-0.356 beta=+0.350 | loss 3.6964 (delta +0.8110) size 442.3 MB sparsity 30.4%
gen 44 offspring [17/100] k= 71 (used  71.0) c=0.946 alpha=-0.082 beta=+0.088 | loss 2.9096 (delta +0.0243) size 586.1 MB sparsity 7.5%
gen 44 offspring [18/100] k= 32 (used  32.0) c=0.918 alpha=-0.003 beta=+0.084 | loss 2.9734 (delta +0.0881) size 496.7 MB sparsity 11.4%
gen 44 offspring [19/100] k=  3 (used   3.0) c=0.973 alpha=-0.316 beta=+0.432 | loss 15.3027 (delta +12.4173) size 320.7 MB sparsity 93.4%
gen 44 offspring [20/100] k= 17 (used  17.0) c=0.862 alpha=-0.217 beta=+0.107 | loss 3.2980 (delta +0.4126) size 460.4 MB sparsity 20.3%
gen 44 offspring [21/100] k= 33 (used  33.0) c=0.856 alpha=-0.195 beta=+0.400 | loss 3.2923 (delta +0.4069) size 485.7 MB sparsity 24.9%
gen 44 offspring [22/100] k= 65 (used  65.0) c=0.974 alpha=-0.006 beta=+0.284 | loss 3.0055 (delta +0.1202) size 546.6 MB sparsity 14.7%
gen 44 offspring [23/100] k= 34 (used  34.0) c=0.943 alpha=-0.020 beta=+0.072 | loss 2.9761 (delta +0.0907) size 541.4 MB sparsity 11.0%
gen 44 offspring [24/100] k= 14 (used  14.0) c=0.848 alpha=-0.210 beta=+0.264 | loss 3.6989 (delta +0.8135) size 448.5 MB sparsity 25.7%
gen 44 offspring [25/100] k= 16 (used  16.0) c=0.821 alpha=-0.331 beta=+0.432 | loss 3.9141 (delta +1.0288) size 438.9 MB sparsity 32.3%
gen 44 offspring [26/100] k= 17 (used  17.0) c=0.848 alpha=-0.190 beta=+0.040 | loss 3.2709 (delta +0.3855) size 461.8 MB sparsity 19.5%
gen 44 offspring [27/100] k= 16 (used  16.0) c=0.846 alpha=-0.039 beta=+0.305 | loss 3.4762 (delta +0.5908) size 450.1 MB sparsity 24.4%
gen 44 offspring [28/100] k= 29 (used  29.0) c=0.985 alpha=-0.025 beta=+0.031 | loss 3.0185 (delta +0.1331) size 496.7 MB sparsity 13.0%
gen 44 offspring [29/100] k= 46 (used  46.0) c=0.970 alpha=-0.214 beta=+0.355 | loss 3.1823 (delta +0.2969) size 522.2 MB sparsity 23.8%
gen 44 offspring [30/100] k= 22 (used  22.0) c=0.912 alpha=-0.223 beta=+0.013 | loss 3.1772 (delta +0.2919) size 495.4 MB sparsity 18.5%
gen 44 offspring [31/100] k= 34 (used  33.0) c=0.973 alpha=-0.315 beta=+0.349 | loss 3.3206 (delta +0.4353) size 479.4 MB sparsity 27.7%
gen 44 offspring [32/100] k= 32 (used  32.0) c=0.892 alpha=-0.200 beta=+0.157 | loss 3.0313 (delta +0.1459) size 496.7 MB sparsity 15.8%
gen 44 offspring [33/100] k= 33 (used  33.0) c=0.948 alpha=-0.259 beta=+0.280 | loss 3.1962 (delta +0.3108) size 490.3 MB sparsity 22.9%
gen 44 offspring [34/100] k= 33 (used  33.0) c=0.976 alpha=-0.029 beta=+0.024 | loss 2.9726 (delta +0.0872) size 516.0 MB sparsity 11.4%
gen 44 offspring [35/100] k= 60 (used  60.0) c=0.847 alpha=-0.059 beta=+0.086 | loss 2.9261 (delta +0.0407) size 541.4 MB sparsity 6.8%
gen 44 offspring [36/100] k= 33 (used  33.0) c=0.980 alpha=-0.193 beta=+0.438 | loss 3.2927 (delta +0.4073) size 482.4 MB sparsity 26.4%
gen 44 offspring [37/100] k= 33 (used  33.0) c=0.986 alpha=-0.357 beta=+0.428 | loss 3.5227 (delta +0.6374) size 469.1 MB sparsity 32.3%
gen 44 offspring [38/100] k= 11 (used  11.0) c=0.848 alpha=-0.205 beta=+0.291 | loss 4.2503 (delta +1.3650) size 443.1 MB sparsity 29.9%
gen 44 offspring [39/100] k= 17 (used  17.0) c=0.944 alpha=-0.059 beta=+0.034 | loss 3.3696 (delta +0.4842) size 458.5 MB sparsity 21.4%
gen 44 offspring [40/100] k= 31 (used  31.0) c=0.965 alpha=-0.207 beta=+0.270 | loss 3.1308 (delta +0.2454) size 495.1 MB sparsity 20.5%
gen 44 offspring [41/100] k= 35 (used  35.0) c=0.946 alpha=-0.045 beta=+0.072 | loss 2.9644 (delta +0.0790) size 541.4 MB sparsity 10.4%
gen 44 offspring [42/100] k= 18 (used  17.0) c=0.992 alpha=-0.254 beta=+0.443 | loss 3.6837 (delta +0.7984) size 442.2 MB sparsity 30.4%
gen 44 offspring [43/100] k= 20 (used  20.0) c=0.945 alpha=-0.293 beta=+0.048 | loss 3.3233 (delta +0.4380) size 491.2 MB sparsity 22.4%
gen 44 offspring [44/100] k=144 (used 141.2) c=0.964 alpha=-0.293 beta=+0.441 | loss 3.3723 (delta +0.4870) size 567.6 MB sparsity 30.2%
gen 44 offspring [45/100] k= 25 (used  25.0) c=0.993 alpha=-0.196 beta=+0.433 | loss 3.3946 (delta +0.5093) size 481.5 MB sparsity 26.8%
gen 44 offspring [46/100] k= 17 (used  17.0) c=0.965 alpha=-0.207 beta=+0.305 | loss 3.4650 (delta +0.5796) size 452.8 MB sparsity 24.5%
gen 44 offspring [47/100] k= 46 (used  44.9) c=0.999 alpha=-0.257 beta=+0.508 | loss 3.5420 (delta +0.6567) size 502.2 MB sparsity 31.3%
gen 44 offspring [48/100] k= 33 (used  33.0) c=0.977 alpha=-0.003 beta=+0.353 | loss 3.1259 (delta +0.2406) size 495.9 MB sparsity 20.3%
gen 44 offspring [49/100] k= 17 (used  17.0) c=0.973 alpha=-0.210 beta=+0.443 | loss 3.6370 (delta +0.7517) size 444.0 MB sparsity 29.5%
gen 44 offspring [50/100] k= 16 (used  15.0) c=0.944 alpha=-0.007 beta=+0.034 | loss 3.6260 (delta +0.7406) size 449.4 MB sparsity 24.2%
gen 44 offspring [51/100] k= 35 (used  35.0) c=0.992 alpha=-0.195 beta=+0.432 | loss 3.2881 (delta +0.4028) size 515.9 MB sparsity 26.2%
gen 44 offspring [52/100] k= 39 (used  39.0) c=0.976 alpha=-0.267 beta=+0.477 | loss 3.4719 (delta +0.5866) size 504.1 MB sparsity 30.6%
gen 44 offspring [53/100] k= 27 (used  27.0) c=0.939 alpha=-0.216 beta=+0.293 | loss 3.2233 (delta +0.3379) size 492.3 MB sparsity 22.0%
gen 44 offspring [54/100] k= 16 (used  16.0) c=0.848 alpha=-0.210 beta=+0.411 | loss 3.5742 (delta +0.6889) size 446.0 MB sparsity 28.3%
gen 44 offspring [55/100] k= 23 (used  23.0) c=0.968 alpha=-0.193 beta=+0.349 | loss 3.2831 (delta +0.3977) size 488.2 MB sparsity 23.8%
gen 44 offspring [56/100] k= 36 (used  35.0) c=0.989 alpha=-0.357 beta=+0.394 | loss 3.4874 (delta +0.6020) size 502.9 MB sparsity 31.0%
gen 44 offspring [57/100] k= 15 (used  15.0) c=0.823 alpha=-0.210 beta=+0.291 | loss 3.5268 (delta +0.6415) size 450.5 MB sparsity 23.8%
gen 44 offspring [58/100] k= 17 (used  17.0) c=0.849 alpha=-0.101 beta=+0.409 | loss 3.5001 (delta +0.6147) size 448.9 MB sparsity 26.7%
gen 44 offspring [59/100] k= 29 (used  29.0) c=0.997 alpha=-0.293 beta=+0.428 | loss 3.4578 (delta +0.5725) size 474.4 MB sparsity 29.9%
gen 44 offspring [60/100] k= 16 (used  15.0) c=0.937 alpha=-0.184 beta=+0.265 | loss 3.5501 (delta +0.6647) size 449.4 MB sparsity 24.7%
gen 44 offspring [61/100] k= 33 (used  33.0) c=0.980 alpha=-0.193 beta=+0.435 | loss 3.2869 (delta +0.4015) size 482.7 MB sparsity 26.3%
gen 44 offspring [62/100] k= 18 (used  17.0) c=0.973 alpha=-0.232 beta=+0.435 | loss 3.6256 (delta +0.7403) size 443.9 MB sparsity 29.5%
gen 44 offspring [63/100] k=151 (used 151.0) c=1.000 alpha=-0.049 beta=+0.019 | loss 2.8914 (delta +0.0060) size 630.9 MB sparsity 3.4%
gen 44 offspring [64/100] k= 12 (used  11.0) c=1.000 alpha=-0.253 beta=+0.445 | loss 5.4343 (delta +2.5489) size 431.0 MB sparsity 36.7%
gen 44 offspring [65/100] k= 17 (used  17.0) c=0.847 alpha=-0.253 beta=+0.319 | loss 3.4668 (delta +0.5815) size 451.5 MB sparsity 25.2%
gen 44 offspring [66/100] k= 17 (used  17.0) c=0.966 alpha=-0.031 beta=+0.011 | loss 3.3998 (delta +0.5144) size 457.6 MB sparsity 21.8%
gen 44 offspring [67/100] k= 34 (used  34.0) c=0.926 alpha=-0.060 beta=+0.101 | loss 2.9734 (delta +0.0881) size 541.4 MB sparsity 10.9%
gen 44 offspring [68/100] k= 63 (used  63.0) c=0.972 alpha=-0.042 beta=+0.127 | loss 2.9285 (delta +0.0432) size 541.4 MB sparsity 8.4%
gen 44 offspring [69/100] k= 17 (used  17.0) c=0.848 alpha=-0.216 beta=+0.602 | loss 15.4379 (delta +12.5525) size 435.7 MB sparsity 34.1%
gen 44 offspring [70/100] k= 12 (used  12.0) c=0.847 alpha=-0.331 beta=+0.432 | loss 4.4095 (delta +1.5242) size 435.5 MB sparsity 34.2%
gen 44 offspring [71/100] k= 17 (used  17.0) c=0.862 alpha=-0.216 beta=+0.348 | loss 3.4352 (delta +0.5498) size 451.4 MB sparsity 25.3%
gen 44 offspring [72/100] k=116 (used 115.8) c=0.990 alpha=-0.207 beta=+0.001 | loss 2.9321 (delta +0.0468) size 586.1 MB sparsity 10.4%
gen 44 offspring [73/100] k= 33 (used  33.0) c=0.972 alpha=-0.093 beta=+0.127 | loss 2.9734 (delta +0.0881) size 515.0 MB sparsity 11.8%
gen 44 offspring [74/100] k= 17 (used  17.0) c=0.993 alpha=-0.217 beta=+0.434 | loss 3.6146 (delta +0.7292) size 444.0 MB sparsity 29.4%
gen 44 offspring [75/100] k= 58 (used  57.8) c=0.923 alpha=-0.005 beta=+0.419 | loss 3.3368 (delta +0.4514) size 531.8 MB sparsity 20.2%
gen 44 offspring [76/100] k=  7 (used   7.0) c=0.923 alpha=-0.222 beta=+0.432 | loss 9.4840 (delta +6.5987) size 385.7 MB sparsity 49.3%
gen 44 offspring [77/100] k= 18 (used  17.0) c=0.992 alpha=-0.253 beta=+0.433 | loss 3.6522 (delta +0.7669) size 442.9 MB sparsity 30.1%
gen 44 offspring [78/100] k= 16 (used  16.0) c=0.870 alpha=-0.222 beta=+0.284 | loss 3.4519 (delta +0.5665) size 450.1 MB sparsity 24.3%
gen 44 offspring [79/100] k= 31 (used  31.0) c=0.986 alpha=-0.055 beta=+0.272 | loss 3.0643 (delta +0.1790) size 496.4 MB sparsity 17.7%
gen 44 offspring [80/100] k= 32 (used  32.0) c=0.918 alpha=-0.045 beta=+0.084 | loss 2.9734 (delta +0.0881) size 496.7 MB sparsity 11.4%
gen 44 offspring [81/100] k= 63 (used  62.7) c=0.942 alpha=-0.195 beta=+0.411 | loss 3.2129 (delta +0.3276) size 518.8 MB sparsity 25.1%
gen 44 offspring [82/100] k= 18 (used  17.0) c=0.992 alpha=-0.253 beta=+0.352 | loss 3.5292 (delta +0.6438) size 448.0 MB sparsity 27.2%
gen 44 offspring [83/100] k=  7 (used   7.0) c=0.974 alpha=-0.193 beta=+0.438 | loss 11.4001 (delta +8.5148) size 382.9 MB sparsity 51.4%
gen 44 offspring [84/100] k=  6 (used   5.0) c=0.857 alpha=-0.197 beta=+0.383 | loss 12.6802 (delta +9.7949) size 350.9 MB sparsity 63.0%
gen 44 offspring [85/100] k= 17 (used  17.0) c=0.848 alpha=-0.220 beta=+0.291 | loss 3.3611 (delta +0.4758) size 455.1 MB sparsity 23.2%
gen 44 offspring [86/100] k= 37 (used  37.0) c=0.848 alpha=-0.210 beta=+0.291 | loss 3.1523 (delta +0.2670) size 529.3 MB sparsity 21.2%
gen 44 offspring [87/100] k= 34 (used  34.0) c=0.862 alpha=-0.260 beta=+0.347 | loss 3.3185 (delta +0.4331) size 517.9 MB sparsity 25.4%
gen 44 offspring [88/100] k= 40 (used  40.0) c=0.944 alpha=-0.021 beta=+0.016 | loss 2.9423 (delta +0.0569) size 541.4 MB sparsity 9.3%
gen 44 offspring [89/100] k=207 (used 207.0) c=0.994 alpha=-0.037 beta=+0.039 | loss 2.8885 (delta +0.0032) size 630.9 MB sparsity 3.3%
gen 44 offspring [90/100] k= 17 (used  17.0) c=0.952 alpha=-0.253 beta=+0.445 | loss 3.7295 (delta +0.8442) size 442.6 MB sparsity 30.2%
gen 44 offspring [91/100] k= 65 (used  64.6) c=0.974 alpha=-0.105 beta=+0.435 | loss 3.2651 (delta +0.3797) size 526.2 MB sparsity 22.3%
gen 44 offspring [92/100] k= 24 (used  23.0) c=1.000 alpha=-0.037 beta=+0.019 | loss 3.1114 (delta +0.2260) size 495.8 MB sparsity 16.7%
gen 44 offspring [93/100] k= 65 (used  65.0) c=0.943 alpha=-0.017 beta=+0.072 | loss 2.9108 (delta +0.0255) size 569.6 MB sparsity 6.1%
gen 44 offspring [94/100] k= 61 (used  61.0) c=0.963 alpha=-0.023 beta=+0.024 | loss 2.9244 (delta +0.0391) size 541.4 MB sparsity 6.0%
gen 44 offspring [95/100] k= 34 (used  33.0) c=0.973 alpha=-0.193 beta=+0.350 | loss 3.1576 (delta +0.2723) size 489.9 MB sparsity 23.0%
gen 44 offspring [96/100] k= 17 (used  17.0) c=0.923 alpha=-0.289 beta=+0.432 | loss 3.7157 (delta +0.8303) size 441.5 MB sparsity 30.8%
gen 44 offspring [97/100] k= 66 (used  66.0) c=0.941 alpha=-0.030 beta=+0.086 | loss 2.9104 (delta +0.0251) size 586.1 MB sparsity 6.6%
gen 44 offspring [98/100] k= 15 (used  15.0) c=0.852 alpha=-0.195 beta=+0.138 | loss 3.4435 (delta +0.5582) size 450.7 MB sparsity 22.0%
gen 44 offspring [99/100] k= 17 (used  17.0) c=0.846 alpha=-0.199 beta=+0.304 | loss 3.3578 (delta +0.4724) size 455.2 MB sparsity 23.2%
gen 44 offspring [100/100] k= 33 (used  33.0) c=0.987 alpha=-0.191 beta=+0.380 | loss 3.2101 (delta +0.3248) size 487.5 MB sparsity 24.1%
=== generation 44/50 done in 447s (0 reused), batch baseline 2.8854, HV 0.22570, front 100 points, 100/100 feasible, best delta loss +0.0015, smallest 436.9 MB
gen 45 offspring [1/100] k= 33 (used  33.0) c=0.986 alpha=-0.040 beta=+0.379 | loss 3.1779 (delta +0.2926) size 493.6 MB sparsity 21.4%
gen 45 offspring [2/100] k= 17 (used  17.0) c=0.900 alpha=-0.055 beta=+0.272 | loss 3.3793 (delta +0.4940) size 456.5 MB sparsity 22.5%
gen 45 offspring [3/100] k= 35 (used  35.0) c=0.980 alpha=-0.022 beta=+0.090 | loss 2.9681 (delta +0.0828) size 541.4 MB sparsity 10.7%
gen 45 offspring [4/100] k= 18 (used  17.0) c=0.992 alpha=-0.253 beta=+0.316 | loss 3.5024 (delta +0.6170) size 450.2 MB sparsity 26.0%
gen 45 offspring [5/100] k= 18 (used  17.0) c=0.962 alpha=-0.059 beta=+0.088 | loss 3.4009 (delta +0.5155) size 457.8 MB sparsity 21.7%
gen 45 offspring [6/100] k= 17 (used  17.0) c=0.848 alpha=-0.213 beta=+0.264 | loss 3.3113 (delta +0.4260) size 457.1 MB sparsity 22.1%
gen 45 offspring [7/100] k= 27 (used  27.0) c=0.966 alpha=-0.174 beta=+0.354 | loss 3.2323 (delta +0.3469) size 490.3 MB sparsity 22.8%
gen 45 offspring [8/100] k= 72 (used  72.0) c=0.953 alpha=-0.037 beta=+0.039 | loss 2.9043 (delta +0.0189) size 586.1 MB sparsity 5.1%
gen 45 offspring [9/100] k= 17 (used  17.0) c=0.969 alpha=-0.157 beta=+0.425 | loss 3.5869 (delta +0.7015) size 445.4 MB sparsity 28.6%
gen 45 offspring [10/100] k= 32 (used  32.0) c=0.924 alpha=-0.157 beta=+0.300 | loss 3.0921 (delta +0.2068) size 495.8 MB sparsity 19.8%
gen 45 offspring [11/100] k= 17 (used  17.0) c=0.849 alpha=-0.191 beta=+0.059 | loss 3.2711 (delta +0.3858) size 461.7 MB sparsity 19.5%
gen 45 offspring [12/100] k= 33 (used  33.0) c=0.992 alpha=-0.258 beta=+0.465 | loss 3.4339 (delta +0.5485) size 474.6 MB sparsity 29.9%
gen 45 offspring [13/100] k= 17 (used  17.0) c=0.923 alpha=-0.289 beta=+0.410 | loss 3.6864 (delta +0.8011) size 442.9 MB sparsity 30.0%
gen 45 offspring [14/100] k= 17 (used  17.0) c=0.922 alpha=-0.222 beta=+0.349 | loss 3.4761 (delta +0.5908) size 450.3 MB sparsity 25.9%
gen 45 offspring [15/100] k= 16 (used  16.0) c=0.847 alpha=-0.331 beta=+0.310 | loss 3.6241 (delta +0.7388) size 446.4 MB sparsity 28.1%
gen 45 offspring [16/100] k= 31 (used  31.0) c=0.861 alpha=-0.189 beta=+0.270 | loss 3.1258 (delta +0.2405) size 496.0 MB sparsity 19.7%
gen 45 offspring [17/100] k= 75 (used  75.0) c=0.943 alpha=-0.060 beta=+0.020 | loss 2.9075 (delta +0.0221) size 586.1 MB sparsity 5.2%
gen 45 offspring [18/100] k= 36 (used  35.0) c=0.972 alpha=-0.357 beta=+0.435 | loss 3.5290 (delta +0.6436) size 498.8 MB sparsity 32.5%
gen 45 offspring [19/100] k= 26 (used  25.0) c=0.978 alpha=-0.206 beta=+0.517 | loss 9.0533 (delta +6.1680) size 474.1 MB sparsity 30.1%
gen 45 offspring [20/100] k= 64 (used  64.0) c=0.912 alpha=-0.013 beta=+0.017 | loss 2.9128 (delta +0.0274) size 541.4 MB sparsity 5.5%
gen 45 offspring [21/100] k= 21 (used  21.0) c=0.994 alpha=-0.316 beta=+0.432 | loss 3.6995 (delta +0.8141) size 471.2 MB sparsity 31.4%
gen 45 offspring [22/100] k= 16 (used  16.0) c=0.841 alpha=-0.216 beta=+0.021 | loss 3.4309 (delta +0.5456) size 450.8 MB sparsity 21.9%
gen 45 offspring [23/100] k= 15 (used  15.0) c=0.851 alpha=-0.028 beta=+0.339 | loss 3.5322 (delta +0.6468) size 449.4 MB sparsity 25.7%
gen 45 offspring [24/100] k=  8 (used   8.0) c=0.852 alpha=-0.211 beta=+0.319 | loss 9.6525 (delta +6.7671) size 389.8 MB sparsity 46.3%
gen 45 offspring [25/100] k= 18 (used  17.0) c=0.974 alpha=-0.349 beta=+0.435 | loss 3.8626 (delta +0.9773) size 437.4 MB sparsity 33.1%
gen 45 offspring [26/100] k= 33 (used  33.0) c=0.973 alpha=-0.029 beta=+0.025 | loss 2.9732 (delta +0.0879) size 516.1 MB sparsity 11.3%
gen 45 offspring [27/100] k= 33 (used  33.0) c=0.964 alpha=-0.288 beta=+0.346 | loss 3.2758 (delta +0.3904) size 482.0 MB sparsity 26.5%
gen 45 offspring [28/100] k= 28 (used  27.0) c=0.994 alpha=-0.202 beta=+0.307 | loss 3.1922 (delta +0.3069) size 492.0 MB sparsity 22.1%
gen 45 offspring [29/100] k= 27 (used  27.0) c=0.996 alpha=-0.035 beta=+0.300 | loss 3.1357 (delta +0.2503) size 495.1 MB sparsity 19.8%
gen 45 offspring [30/100] k= 13 (used  13.0) c=0.993 alpha=-0.124 beta=+0.139 | loss 4.1537 (delta +1.2683) size 444.4 MB sparsity 29.1%
gen 45 offspring [31/100] k= 16 (used  16.0) c=0.923 alpha=-0.241 beta=+0.342 | loss 3.6109 (delta +0.7256) size 447.9 MB sparsity 27.1%
gen 45 offspring [32/100] k= 24 (used  23.0) c=0.961 alpha=-0.333 beta=+0.435 | loss 3.6418 (delta +0.7564) size 470.0 MB sparsity 31.9%
gen 45 offspring [33/100] k= 31 (used  31.0) c=0.986 alpha=-0.055 beta=+0.276 | loss 3.0681 (delta +0.1828) size 496.3 MB sparsity 17.8%
gen 45 offspring [34/100] k= 17 (used  17.0) c=0.848 alpha=-0.214 beta=+0.410 | loss 3.5187 (delta +0.6334) size 447.7 MB sparsity 27.4%
gen 45 offspring [35/100] k=  6 (used   5.0) c=0.982 alpha=-0.253 beta=+0.445 | loss 15.5806 (delta +12.6952) size 345.6 MB sparsity 68.8%
gen 45 offspring [36/100] k= 27 (used  27.0) c=0.999 alpha=-0.014 beta=+0.084 | loss 3.0392 (delta +0.1538) size 496.6 MB sparsity 14.2%
gen 45 offspring [37/100] k=114 (used 113.0) c=0.992 alpha=-0.039 beta=+0.001 | loss 2.8944 (delta +0.0090) size 586.1 MB sparsity 3.6%
gen 45 offspring [38/100] k= 34 (used  34.0) c=0.926 alpha=-0.045 beta=+0.338 | loss 3.1208 (delta +0.2354) size 533.9 MB sparsity 19.5%
gen 45 offspring [39/100] k= 36 (used  36.0) c=0.910 alpha=-0.014 beta=+0.018 | loss 2.9639 (delta +0.0786) size 541.4 MB sparsity 10.0%
gen 45 offspring [40/100] k= 31 (used  31.0) c=0.972 alpha=-0.181 beta=+0.291 | loss 3.1146 (delta +0.2293) size 495.3 MB sparsity 20.4%
gen 45 offspring [41/100] k= 63 (used  63.0) c=0.943 alpha=-0.020 beta=+0.072 | loss 2.9169 (delta +0.0315) size 541.4 MB sparsity 6.2%
gen 45 offspring [42/100] k= 59 (used  59.0) c=0.945 alpha=-0.082 beta=+0.088 | loss 2.9279 (delta +0.0425) size 541.4 MB sparsity 7.8%
gen 45 offspring [43/100] k= 17 (used  17.0) c=0.972 alpha=-0.292 beta=+0.483 | loss 3.8620 (delta +0.9766) size 437.9 MB sparsity 32.8%
gen 45 offspring [44/100] k= 22 (used  21.0) c=0.973 alpha=-0.236 beta=+0.412 | loss 3.4736 (delta +0.5882) size 479.3 MB sparsity 27.8%
gen 45 offspring [45/100] k= 66 (used  66.0) c=0.941 alpha=-0.063 beta=+0.086 | loss 2.9106 (delta +0.0252) size 586.1 MB sparsity 6.9%
gen 45 offspring [46/100] k= 17 (used  17.0) c=1.000 alpha=-0.229 beta=+0.424 | loss 3.6239 (delta +0.7385) size 444.3 MB sparsity 29.3%
gen 45 offspring [47/100] k= 34 (used  34.0) c=0.939 alpha=-0.187 beta=+0.301 | loss 3.1328 (delta +0.2474) size 530.1 MB sparsity 20.9%
gen 45 offspring [48/100] k= 32 (used  32.0) c=0.924 alpha=-0.001 beta=+0.300 | loss 3.0723 (delta +0.1869) size 496.2 MB sparsity 18.4%
gen 45 offspring [49/100] k= 17 (used  17.0) c=0.848 alpha=-0.207 beta=+0.269 | loss 3.3154 (delta +0.4301) size 457.0 MB sparsity 22.2%
gen 45 offspring [50/100] k=115 (used 114.8) c=0.993 alpha=-0.222 beta=+0.002 | loss 2.9411 (delta +0.0558) size 586.1 MB sparsity 11.0%
gen 45 offspring [51/100] k= 31 (used  31.0) c=0.939 alpha=-0.216 beta=+0.439 | loss 3.3117 (delta +0.4263) size 480.3 MB sparsity 27.3%
gen 45 offspring [52/100] k= 16 (used  16.0) c=0.882 alpha=-0.192 beta=+0.084 | loss 3.4883 (delta +0.6029) size 450.3 MB sparsity 22.7%
gen 45 offspring [53/100] k= 34 (used  33.0) c=0.975 alpha=-0.217 beta=+0.447 | loss 3.3283 (delta +0.4429) size 479.7 MB sparsity 27.6%
gen 45 offspring [54/100] k= 32 (used  32.0) c=0.912 alpha=-0.238 beta=+0.429 | loss 3.3255 (delta +0.4402) size 479.3 MB sparsity 27.8%
gen 45 offspring [55/100] k= 17 (used  17.0) c=0.848 alpha=-0.210 beta=+0.374 | loss 3.4478 (delta +0.5625) size 450.2 MB sparsity 26.0%
gen 45 offspring [56/100] k= 16 (used  16.0) c=0.848 alpha=-0.211 beta=+0.407 | loss 3.5710 (delta +0.6856) size 446.2 MB sparsity 28.2%
gen 45 offspring [57/100] k=205 (used 205.0) c=0.994 alpha=-0.020 beta=+0.072 | loss 2.8918 (delta +0.0064) size 630.9 MB sparsity 4.1%
gen 45 offspring [58/100] k= 33 (used  33.0) c=0.987 alpha=-0.002 beta=+0.380 | loss 3.1824 (delta +0.2970) size 493.5 MB sparsity 21.4%
gen 45 offspring [59/100] k= 28 (used  27.0) c=0.992 alpha=-0.029 beta=+0.269 | loss 3.1059 (delta +0.2206) size 495.8 MB sparsity 18.6%
gen 45 offspring [60/100] k= 18 (used  17.0) c=0.965 alpha=-0.253 beta=+0.337 | loss 3.5192 (delta +0.6338) size 449.2 MB sparsity 26.5%
gen 45 offspring [61/100] k= 17 (used  17.0) c=0.948 alpha=-0.225 beta=+0.448 | loss 3.7046 (delta +0.8193) size 443.6 MB sparsity 29.7%
gen 45 offspring [62/100] k= 33 (used  33.0) c=0.981 alpha=-0.210 beta=+0.432 | loss 3.2958 (delta +0.4105) size 481.5 MB sparsity 26.8%
gen 45 offspring [63/100] k= 17 (used  17.0) c=0.843 alpha=-0.210 beta=+0.291 | loss 3.3492 (delta +0.4638) size 455.6 MB sparsity 22.9%
gen 45 offspring [64/100] k= 17 (used  17.0) c=0.949 alpha=-0.218 beta=+0.138 | loss 3.3743 (delta +0.4890) size 457.7 MB sparsity 21.8%
gen 45 offspring [65/100] k=114 (used 114.0) c=0.929 alpha=-0.018 beta=+0.098 | loss 2.9016 (delta +0.0162) size 586.1 MB sparsity 5.8%
gen 45 offspring [66/100] k= 32 (used  31.0) c=0.982 alpha=-0.035 beta=+0.010 | loss 2.9925 (delta +0.1071) size 496.7 MB sparsity 12.2%
gen 45 offspring [67/100] k= 33 (used  33.0) c=0.973 alpha=-0.094 beta=+0.128 | loss 2.9723 (delta +0.0870) size 514.9 MB sparsity 11.8%
gen 45 offspring [68/100] k= 17 (used  17.0) c=0.968 alpha=-0.293 beta=+0.407 | loss 3.6925 (delta +0.8071) size 442.6 MB sparsity 30.2%
gen 45 offspring [69/100] k=152 (used 150.0) c=0.999 alpha=-0.027 beta=+0.303 | loss 3.0204 (delta +0.1350) size 625.6 MB sparsity 14.0%
gen 45 offspring [70/100] k= 32 (used  32.0) c=0.965 alpha=-0.069 beta=+0.028 | loss 2.9902 (delta +0.1049) size 496.7 MB sparsity 12.0%
gen 45 offspring [71/100] k= 15 (used  15.0) c=0.967 alpha=-0.292 beta=+0.475 | loss 4.0482 (delta +1.1628) size 437.4 MB sparsity 33.1%
gen 45 offspring [72/100] k= 33 (used  33.0) c=0.987 alpha=-0.246 beta=+0.365 | loss 3.2496 (delta +0.3643) size 484.0 MB sparsity 25.7%
gen 45 offspring [73/100] k= 65 (used  65.0) c=0.943 alpha=-0.017 beta=+0.089 | loss 2.9112 (delta +0.0258) size 568.0 MB sparsity 6.8%
gen 45 offspring [74/100] k= 17 (used  17.0) c=0.972 alpha=-0.262 beta=+0.444 | loss 3.7061 (delta +0.8207) size 442.0 MB sparsity 30.5%
gen 45 offspring [75/100] k= 17 (used  17.0) c=0.848 alpha=-0.050 beta=+0.024 | loss 3.2752 (delta +0.3898) size 462.1 MB sparsity 19.3%
gen 45 offspring [76/100] k=217 (used 217.0) c=0.947 alpha=-0.039 beta=+0.039 | loss 2.8916 (delta +0.0062) size 630.9 MB sparsity 3.4%
gen 45 offspring [77/100] k= 33 (used  33.0) c=0.867 alpha=-0.259 beta=+0.364 | loss 3.3475 (delta +0.4622) size 483.2 MB sparsity 26.0%
gen 45 offspring [78/100] k= 17 (used  17.0) c=0.868 alpha=-0.200 beta=+0.084 | loss 3.2919 (delta +0.4065) size 460.9 MB sparsity 20.0%
gen 45 offspring [79/100] k= 17 (used  17.0) c=0.994 alpha=-0.115 beta=+0.434 | loss 3.6091 (delta +0.7238) size 444.3 MB sparsity 29.3%
gen 45 offspring [80/100] k= 13 (used  13.0) c=0.987 alpha=-0.277 beta=+0.430 | loss 4.3524 (delta +1.4671) size 437.6 MB sparsity 33.0%
gen 45 offspring [81/100] k= 17 (used  17.0) c=0.847 alpha=-0.328 beta=+0.431 | loss 3.7892 (delta +0.9038) size 439.6 MB sparsity 31.9%
gen 45 offspring [82/100] k= 24 (used  24.0) c=0.917 alpha=-0.222 beta=+0.277 | loss 3.2075 (delta +0.3221) size 492.4 MB sparsity 21.9%
gen 45 offspring [83/100] k= 29 (used  29.0) c=0.850 alpha=-0.349 beta=+0.407 | loss 3.4959 (delta +0.6106) size 471.6 MB sparsity 31.2%
gen 45 offspring [84/100] k= 19 (used  19.0) c=0.992 alpha=-0.253 beta=+0.356 | loss 3.5273 (delta +0.6420) size 481.6 MB sparsity 26.7%
gen 45 offspring [85/100] k= 31 (used  31.0) c=0.966 alpha=-0.174 beta=+0.099 | loss 3.0027 (delta +0.1173) size 496.7 MB sparsity 13.8%
gen 45 offspring [86/100] k= 65 (used  64.9) c=0.982 alpha=-0.193 beta=+0.350 | loss 3.1395 (delta +0.2541) size 525.2 MB sparsity 22.7%
gen 45 offspring [87/100] k= 33 (used  33.0) c=0.942 alpha=-0.093 beta=+0.127 | loss 2.9778 (delta +0.0925) size 515.5 MB sparsity 11.6%
gen 45 offspring [88/100] k= 27 (used  27.0) c=0.955 alpha=-0.020 beta=+0.072 | loss 3.0736 (delta +0.1882) size 496.6 MB sparsity 13.6%
gen 45 offspring [89/100] k=156 (used 155.0) c=1.000 alpha=-0.037 beta=+0.019 | loss 2.8902 (delta +0.0049) size 630.9 MB sparsity 2.9%
gen 45 offspring [90/100] k= 17 (used  17.0) c=0.925 alpha=-0.223 beta=+0.339 | loss 3.4690 (delta +0.5836) size 450.9 MB sparsity 25.6%
gen 45 offspring [91/100] k= 33 (used  33.0) c=0.849 alpha=-0.207 beta=+0.348 | loss 3.2251 (delta +0.3397) size 489.1 MB sparsity 23.4%
gen 45 offspring [92/100] k= 33 (used  33.0) c=0.986 alpha=-0.220 beta=+0.349 | loss 3.1898 (delta +0.3045) size 487.7 MB sparsity 24.0%
gen 45 offspring [93/100] k= 17 (used  17.0) c=0.848 alpha=-0.317 beta=+0.432 | loss 3.7772 (delta +0.8918) size 440.2 MB sparsity 31.5%
gen 45 offspring [94/100] k= 32 (used  31.0) c=0.974 alpha=-0.217 beta=+0.415 | loss 3.2930 (delta +0.4077) size 482.2 MB sparsity 26.5%
gen 45 offspring [95/100] k= 18 (used  18.0) c=0.848 alpha=-0.068 beta=+0.343 | loss 3.3722 (delta +0.4868) size 487.1 MB sparsity 24.3%
gen 45 offspring [96/100] k= 17 (used  17.0) c=0.969 alpha=-0.235 beta=+0.432 | loss 3.6113 (delta +0.7259) size 444.0 MB sparsity 29.4%
gen 45 offspring [97/100] k= 17 (used  17.0) c=0.848 alpha=-0.206 beta=+0.291 | loss 3.3369 (delta +0.4516) size 455.7 MB sparsity 22.9%
gen 45 offspring [98/100] k= 62 (used  61.5) c=0.910 alpha=-0.357 beta=+0.423 | loss 3.4902 (delta +0.6048) size 500.2 MB sparsity 32.0%
gen 45 offspring [99/100] k= 17 (used  17.0) c=0.846 alpha=-0.199 beta=+0.304 | loss 3.3572 (delta +0.4719) size 455.2 MB sparsity 23.2%
gen 45 offspring [100/100] k= 19 (used  19.0) c=0.976 alpha=-0.014 beta=+0.031 | loss 3.2566 (delta +0.3712) size 493.7 MB sparsity 19.7%
=== generation 45/50 done in 447s (0 reused), batch baseline 2.8854, HV 0.22573, front 100 points, 100/100 feasible, best delta loss +0.0015, smallest 436.9 MB
gen 46 offspring [1/100] k=  6 (used   5.0) c=0.849 alpha=-0.188 beta=+0.354 | loss 12.4668 (delta +9.5815) size 351.2 MB sparsity 62.6%
gen 46 offspring [2/100] k= 17 (used  17.0) c=0.987 alpha=-0.253 beta=+0.423 | loss 3.6549 (delta +0.7696) size 443.6 MB sparsity 29.7%
gen 46 offspring [3/100] k= 62 (used  62.0) c=0.943 alpha=-0.020 beta=+0.072 | loss 2.9218 (delta +0.0364) size 541.4 MB sparsity 6.4%
gen 46 offspring [4/100] k= 33 (used  32.9) c=0.851 alpha=-0.139 beta=+0.556 | loss 15.1428 (delta +12.2575) size 477.8 MB sparsity 28.4%
gen 46 offspring [5/100] k= 17 (used  17.0) c=0.995 alpha=-0.253 beta=+0.444 | loss 3.7000 (delta +0.8147) size 442.1 MB sparsity 30.5%
gen 46 offspring [6/100] k=210 (used 210.0) c=0.994 alpha=-0.058 beta=+0.023 | loss 2.8895 (delta +0.0042) size 630.9 MB sparsity 3.6%
gen 46 offspring [7/100] k= 35 (used  35.0) c=1.000 alpha=-0.271 beta=+0.432 | loss 3.3775 (delta +0.4922) size 507.9 MB sparsity 29.1%
gen 46 offspring [8/100] k= 33 (used  33.0) c=0.974 alpha=-0.218 beta=+0.355 | loss 3.1872 (delta +0.3018) size 487.4 MB sparsity 24.2%
gen 46 offspring [9/100] k= 33 (used  33.0) c=0.919 alpha=-0.222 beta=+0.281 | loss 3.1434 (delta +0.2580) size 493.5 MB sparsity 21.4%
gen 46 offspring [10/100] k= 17 (used  17.0) c=0.955 alpha=-0.020 beta=+0.425 | loss 3.6001 (delta +0.7147) size 445.7 MB sparsity 28.5%
gen 46 offspring [11/100] k= 19 (used  19.0) c=0.848 alpha=-0.039 beta=+0.283 | loss 3.2562 (delta +0.3709) size 493.6 MB sparsity 20.9%
gen 46 offspring [12/100] k= 28 (used  27.0) c=0.974 alpha=-0.049 beta=+0.047 | loss 3.0481 (delta +0.1628) size 496.6 MB sparsity 13.9%
gen 46 offspring [13/100] k= 17 (used  17.0) c=0.972 alpha=-0.291 beta=+0.074 | loss 3.4574 (delta +0.5721) size 453.7 MB sparsity 24.0%
gen 46 offspring [14/100] k= 70 (used  70.0) c=0.911 alpha=-0.187 beta=+0.014 | loss 2.9406 (delta +0.0552) size 586.1 MB sparsity 10.5%
gen 46 offspring [15/100] k= 16 (used  16.0) c=0.854 alpha=-0.144 beta=+0.025 | loss 3.4092 (delta +0.5239) size 450.7 MB sparsity 22.0%
gen 46 offspring [16/100] k= 64 (used  64.0) c=0.948 alpha=-0.004 beta=+0.072 | loss 2.9142 (delta +0.0288) size 541.4 MB sparsity 6.3%
gen 46 offspring [17/100] k= 18 (used  17.0) c=0.983 alpha=-0.054 beta=+0.275 | loss 3.4467 (delta +0.5613) size 454.3 MB sparsity 23.7%
gen 46 offspring [18/100] k= 42 (used  42.0) c=0.950 alpha=-0.163 beta=+0.293 | loss 3.0708 (delta +0.1854) size 534.1 MB sparsity 19.4%
gen 46 offspring [19/100] k= 18 (used  17.0) c=0.974 alpha=-0.330 beta=+0.435 | loss 3.8242 (delta +0.9389) size 438.6 MB sparsity 32.4%
gen 46 offspring [20/100] k=  4 (used   3.0) c=0.848 alpha=-0.012 beta=+0.032 | loss 16.4231 (delta +13.5377) size 322.3 MB sparsity 89.8%
gen 46 offspring [21/100] k= 82 (used  82.0) c=0.942 alpha=-0.007 beta=+0.034 | loss 2.9030 (delta +0.0176) size 586.1 MB sparsity 4.4%
gen 46 offspring [22/100] k= 17 (used  17.0) c=0.923 alpha=-0.179 beta=+0.405 | loss 3.5317 (delta +0.6463) size 447.6 MB sparsity 27.4%
gen 46 offspring [23/100] k= 39 (used  39.0) c=0.942 alpha=-0.037 beta=+0.021 | loss 2.9435 (delta +0.0582) size 541.4 MB sparsity 9.3%
gen 46 offspring [24/100] k= 17 (used  17.0) c=0.852 alpha=-0.167 beta=+0.251 | loss 3.2968 (delta +0.4115) size 458.8 MB sparsity 21.1%
gen 46 offspring [25/100] k= 17 (used  17.0) c=0.923 alpha=-0.061 beta=+0.405 | loss 3.5332 (delta +0.6478) size 447.6 MB sparsity 27.4%
gen 46 offspring [26/100] k= 34 (used  34.0) c=0.923 alpha=-0.045 beta=+0.084 | loss 2.9704 (delta +0.0850) size 541.4 MB sparsity 10.8%
gen 46 offspring [27/100] k= 58 (used  57.6) c=0.848 alpha=-0.206 beta=+0.437 | loss 3.2819 (delta +0.3965) size 515.0 MB sparsity 26.5%
gen 46 offspring [28/100] k= 16 (used  15.0) c=0.981 alpha=-0.204 beta=+0.030 | loss 3.6584 (delta +0.7731) size 448.8 MB sparsity 25.1%
gen 46 offspring [29/100] k= 16 (used  15.0) c=0.970 alpha=-0.076 beta=+0.085 | loss 3.6794 (delta +0.7941) size 449.0 MB sparsity 24.8%
gen 46 offspring [30/100] k= 26 (used  26.0) c=0.923 alpha=-0.223 beta=+0.410 | loss 3.3520 (delta +0.4666) size 481.6 MB sparsity 26.7%
gen 46 offspring [31/100] k= 30 (used  30.0) c=0.946 alpha=-0.105 beta=+0.072 | loss 3.0082 (delta +0.1228) size 496.7 MB sparsity 12.6%
gen 46 offspring [32/100] k= 35 (used  35.0) c=0.987 alpha=-0.260 beta=+0.035 | loss 3.0424 (delta +0.1571) size 540.0 MB sparsity 16.5%
gen 46 offspring [33/100] k= 18 (used  17.0) c=0.994 alpha=-0.359 beta=+0.435 | loss 3.8573 (delta +0.9719) size 436.7 MB sparsity 33.5%
gen 46 offspring [34/100] k= 33 (used  33.0) c=0.986 alpha=-0.241 beta=+0.299 | loss 3.1725 (delta +0.2871) size 490.1 MB sparsity 22.9%
gen 46 offspring [35/100] k= 31 (used  31.0) c=0.847 alpha=-0.025 beta=+0.269 | loss 3.0724 (delta +0.1871) size 496.6 MB sparsity 16.6%
gen 46 offspring [36/100] k= 17 (used  17.0) c=0.848 alpha=-0.196 beta=+0.419 | loss 3.5112 (delta +0.6259) size 447.7 MB sparsity 27.3%
gen 46 offspring [37/100] k=224 (used 223.0) c=0.998 alpha=-0.037 beta=+0.042 | loss 2.8894 (delta +0.0040) size 630.9 MB sparsity 3.5%
gen 46 offspring [38/100] k= 17 (used  17.0) c=0.969 alpha=-0.261 beta=+0.435 | loss 3.6542 (delta +0.7688) size 442.7 MB sparsity 30.2%
gen 46 offspring [39/100] k=  9 (used   9.0) c=0.843 alpha=-0.235 beta=+0.339 | loss 5.5548 (delta +2.6695) size 403.5 MB sparsity 36.1%
gen 46 offspring [40/100] k= 34 (used  33.0) c=0.973 alpha=-0.212 beta=+0.319 | loss 3.1466 (delta +0.2612) size 491.0 MB sparsity 22.6%
gen 46 offspring [41/100] k= 33 (used  33.0) c=0.917 alpha=-0.223 beta=+0.032 | loss 3.0129 (delta +0.1276) size 508.0 MB sparsity 14.9%
gen 46 offspring [42/100] k= 17 (used  17.0) c=0.943 alpha=-0.178 beta=+0.299 | loss 3.4266 (delta +0.5412) size 453.9 MB sparsity 23.9%
gen 46 offspring [43/100] k= 33 (used  33.0) c=0.964 alpha=-0.254 beta=+0.356 | loss 3.2423 (delta +0.3570) size 484.1 MB sparsity 25.6%
gen 46 offspring [44/100] k= 33 (used  33.0) c=0.966 alpha=-0.211 beta=+0.353 | loss 3.1783 (delta +0.2929) size 488.2 MB sparsity 23.8%
gen 46 offspring [45/100] k= 17 (used  17.0) c=0.864 alpha=-0.171 beta=+0.375 | loss 3.4595 (delta +0.5742) size 450.8 MB sparsity 25.6%
gen 46 offspring [46/100] k= 33 (used  33.0) c=0.937 alpha=-0.015 beta=+0.377 | loss 3.1824 (delta +0.2971) size 494.4 MB sparsity 21.0%
gen 46 offspring [47/100] k= 34 (used  34.0) c=0.848 alpha=-0.130 beta=+0.349 | loss 3.1530 (delta +0.2677) size 531.2 MB sparsity 20.5%
gen 46 offspring [48/100] k= 17 (used  17.0) c=0.972 alpha=-0.292 beta=+0.432 | loss 3.7268 (delta +0.8414) size 441.1 MB sparsity 31.1%
gen 46 offspring [49/100] k= 40 (used  39.0) c=0.991 alpha=-0.103 beta=+0.136 | loss 2.9604 (delta +0.0750) size 541.4 MB sparsity 11.4%
gen 46 offspring [50/100] k= 33 (used  33.0) c=0.969 alpha=-0.193 beta=+0.431 | loss 3.2788 (delta +0.3934) size 483.0 MB sparsity 26.1%
gen 46 offspring [51/100] k= 23 (used  23.0) c=0.847 alpha=-0.331 beta=+0.405 | loss 3.5940 (delta +0.7086) size 472.9 MB sparsity 30.6%
gen 46 offspring [52/100] k= 17 (used  17.0) c=0.961 alpha=-0.069 beta=+0.026 | loss 3.4092 (delta +0.5238) size 457.8 MB sparsity 21.7%
gen 46 offspring [53/100] k= 19 (used  19.0) c=0.969 alpha=-0.253 beta=+0.432 | loss 3.5702 (delta +0.6848) size 475.7 MB sparsity 29.4%
gen 46 offspring [54/100] k= 21 (used  21.0) c=0.848 alpha=-0.191 beta=+0.427 | loss 3.4276 (delta +0.5422) size 482.3 MB sparsity 26.4%
gen 46 offspring [55/100] k= 17 (used  17.0) c=0.995 alpha=-0.203 beta=+0.355 | loss 3.5114 (delta +0.6260) size 449.1 MB sparsity 26.6%
gen 46 offspring [56/100] k= 34 (used  33.0) c=0.988 alpha=-0.258 beta=+0.365 | loss 3.2657 (delta +0.3803) size 482.9 MB sparsity 26.1%
gen 46 offspring [57/100] k= 32 (used  32.0) c=0.952 alpha=-0.258 beta=+0.346 | loss 3.2557 (delta +0.3704) size 484.6 MB sparsity 25.4%
gen 46 offspring [58/100] k= 31 (used  31.0) c=0.971 alpha=-0.314 beta=+0.080 | loss 3.1203 (delta +0.2349) size 495.8 MB sparsity 19.2%
gen 46 offspring [59/100] k=113 (used 113.0) c=0.998 alpha=-0.140 beta=+0.014 | loss 2.9064 (delta +0.0210) size 586.1 MB sparsity 7.6%
gen 46 offspring [60/100] k= 18 (used  18.0) c=0.918 alpha=-0.091 beta=+0.127 | loss 3.3476 (delta +0.4622) size 492.6 MB sparsity 20.8%
gen 46 offspring [61/100] k= 30 (used  30.0) c=0.946 alpha=-0.046 beta=+0.442 | loss 3.3264 (delta +0.4411) size 487.1 MB sparsity 24.3%
gen 46 offspring [62/100] k= 63 (used  63.0) c=0.973 alpha=-0.042 beta=+0.129 | loss 2.9308 (delta +0.0454) size 541.4 MB sparsity 8.6%
gen 46 offspring [63/100] k= 39 (used  39.0) c=0.977 alpha=-0.186 beta=+0.351 | loss 3.1706 (delta +0.2852) size 525.3 MB sparsity 22.7%
gen 46 offspring [64/100] k= 32 (used  32.0) c=0.951 alpha=-0.004 beta=+0.377 | loss 3.1835 (delta +0.2981) size 493.3 MB sparsity 21.5%
gen 46 offspring [65/100] k= 66 (used  66.0) c=0.941 alpha=-0.036 beta=+0.086 | loss 2.9104 (delta +0.0251) size 586.1 MB sparsity 6.6%
gen 46 offspring [66/100] k= 21 (used  21.0) c=0.847 alpha=-0.358 beta=+0.425 | loss 3.6667 (delta +0.7814) size 468.8 MB sparsity 32.5%
gen 46 offspring [67/100] k= 34 (used  33.0) c=0.996 alpha=-0.199 beta=+0.090 | loss 3.0046 (delta +0.1193) size 508.9 MB sparsity 14.5%
gen 46 offspring [68/100] k= 49 (used  48.9) c=0.974 alpha=-0.194 beta=+0.421 | loss 3.2355 (delta +0.3502) size 517.6 MB sparsity 25.5%
gen 46 offspring [69/100] k= 17 (used  17.0) c=0.957 alpha=-0.307 beta=+0.495 | loss 4.0425 (delta +1.1572) size 436.3 MB sparsity 33.7%
gen 46 offspring [70/100] k=152 (used 150.9) c=0.979 alpha=-0.152 beta=+0.290 | loss 3.0131 (delta +0.1278) size 609.3 MB sparsity 18.5%
gen 46 offspring [71/100] k= 12 (used  12.0) c=0.848 alpha=-0.211 beta=+0.319 | loss 4.2050 (delta +1.3196) size 442.5 MB sparsity 30.3%
gen 46 offspring [72/100] k= 66 (used  66.0) c=0.941 alpha=-0.184 beta=+0.086 | loss 2.9370 (delta +0.0516) size 586.1 MB sparsity 11.7%
gen 46 offspring [73/100] k= 32 (used  31.0) c=0.987 alpha=-0.014 beta=+0.090 | loss 2.9937 (delta +0.1083) size 496.7 MB sparsity 12.2%
gen 46 offspring [74/100] k= 12 (used  11.0) c=0.992 alpha=-0.253 beta=+0.465 | loss 5.3521 (delta +2.4668) size 430.2 MB sparsity 37.1%
gen 46 offspring [75/100] k= 17 (used  17.0) c=0.974 alpha=-0.263 beta=+0.288 | loss 3.4842 (delta +0.5988) size 451.6 MB sparsity 25.2%
gen 46 offspring [76/100] k= 33 (used  33.0) c=0.846 alpha=-0.094 beta=+0.128 | loss 2.9829 (delta +0.0976) size 516.9 MB sparsity 10.9%
gen 46 offspring [77/100] k= 65 (used  64.6) c=0.944 alpha=-0.182 beta=+0.448 | loss 3.2794 (delta +0.3941) size 516.5 MB sparsity 25.9%
gen 46 offspring [78/100] k= 16 (used  16.0) c=0.855 alpha=-0.195 beta=+0.325 | loss 3.4818 (delta +0.5964) size 449.6 MB sparsity 25.3%
gen 46 offspring [79/100] k= 18 (used  17.0) c=0.972 alpha=-0.297 beta=+0.439 | loss 3.7435 (delta +0.8582) size 440.3 MB sparsity 31.5%
gen 46 offspring [80/100] k= 32 (used  31.0) c=0.978 alpha=-0.011 beta=+0.366 | loss 3.1613 (delta +0.2759) size 493.7 MB sparsity 21.2%
gen 46 offspring [81/100] k= 19 (used  19.0) c=0.965 alpha=-0.214 beta=+0.024 | loss 3.2567 (delta +0.3714) size 493.7 MB sparsity 20.1%
gen 46 offspring [82/100] k= 16 (used  16.0) c=0.848 alpha=-0.212 beta=+0.026 | loss 3.3930 (delta +0.5076) size 450.7 MB sparsity 22.0%
gen 46 offspring [83/100] k= 19 (used  19.0) c=0.942 alpha=-0.054 beta=+0.269 | loss 3.2638 (delta +0.3785) size 492.6 MB sparsity 21.5%
gen 46 offspring [84/100] k= 17 (used  17.0) c=0.958 alpha=-0.349 beta=+0.432 | loss 3.9213 (delta +1.0360) size 437.7 MB sparsity 33.0%
gen 46 offspring [85/100] k= 31 (used  31.0) c=0.939 alpha=-0.186 beta=+0.293 | loss 3.1070 (delta +0.2217) size 495.0 MB sparsity 20.6%
gen 46 offspring [86/100] k= 16 (used  16.0) c=0.848 alpha=-0.193 beta=+0.349 | loss 3.4879 (delta +0.6025) size 449.1 MB sparsity 26.0%
gen 46 offspring [87/100] k= 63 (used  63.0) c=0.912 alpha=-0.055 beta=+0.270 | loss 2.9935 (delta +0.1082) size 541.4 MB sparsity 14.2%
gen 46 offspring [88/100] k= 81 (used  81.0) c=0.860 alpha=-0.129 beta=+0.100 | loss 2.9326 (delta +0.0472) size 586.1 MB sparsity 9.8%
gen 46 offspring [89/100] k= 33 (used  33.0) c=0.958 alpha=-0.197 beta=+0.350 | loss 3.1672 (delta +0.2818) size 489.6 MB sparsity 23.2%
gen 46 offspring [90/100] k= 17 (used  17.0) c=0.848 alpha=-0.217 beta=+0.430 | loss 3.5650 (delta +0.6796) size 446.3 MB sparsity 28.2%
gen 46 offspring [91/100] k= 29 (used  29.0) c=0.987 alpha=-0.028 beta=+0.031 | loss 3.0210 (delta +0.1357) size 496.7 MB sparsity 13.1%
gen 46 offspring [92/100] k= 71 (used  71.0) c=0.987 alpha=-0.222 beta=+0.072 | loss 2.9567 (delta +0.0714) size 586.1 MB sparsity 12.7%
gen 46 offspring [93/100] k= 15 (used  15.0) c=0.973 alpha=-0.210 beta=+0.341 | loss 3.7144 (delta +0.8291) size 447.2 MB sparsity 27.5%
gen 46 offspring [94/100] k= 17 (used  17.0) c=1.000 alpha=-0.316 beta=+0.444 | loss 3.8213 (delta +0.9360) size 438.8 MB sparsity 32.4%
gen 46 offspring [95/100] k=151 (used 150.7) c=0.998 alpha=-0.179 beta=+0.086 | loss 2.9183 (delta +0.0330) size 630.8 MB sparsity 11.2%
gen 46 offspring [96/100] k= 17 (used  17.0) c=0.847 alpha=-0.332 beta=+0.441 | loss 3.8261 (delta +0.9407) size 438.7 MB sparsity 32.4%
gen 46 offspring [97/100] k= 64 (used  64.0) c=0.910 alpha=-0.065 beta=+0.023 | loss 2.9147 (delta +0.0294) size 541.4 MB sparsity 5.9%
gen 46 offspring [98/100] k= 67 (used  67.0) c=0.942 alpha=-0.126 beta=+0.019 | loss 2.9218 (delta +0.0365) size 586.1 MB sparsity 8.1%
gen 46 offspring [99/100] k= 16 (used  15.0) c=0.997 alpha=-0.335 beta=+0.524 | loss 4.2723 (delta +1.3869) size 431.8 MB sparsity 36.2%
gen 46 offspring [100/100] k= 31 (used  31.0) c=0.949 alpha=-0.014 beta=+0.267 | loss 3.0484 (delta +0.1630) size 496.5 MB sparsity 17.2%
=== generation 46/50 done in 447s (0 reused), batch baseline 2.8854, HV 0.22573, front 100 points, 100/100 feasible, best delta loss +0.0015, smallest 436.7 MB
gen 47 offspring [1/100] k= 47 (used  47.0) c=0.971 alpha=-0.222 beta=+0.279 | loss 3.1035 (delta +0.2182) size 529.5 MB sparsity 21.1%
gen 47 offspring [2/100] k= 16 (used  15.0) c=0.941 alpha=-0.211 beta=+0.412 | loss 3.7255 (delta +0.8401) size 444.0 MB sparsity 29.5%
gen 47 offspring [3/100] k= 17 (used  17.0) c=1.000 alpha=-0.309 beta=+0.432 | loss 3.7607 (delta +0.8753) size 439.9 MB sparsity 31.7%
gen 47 offspring [4/100] k= 33 (used  33.0) c=0.986 alpha=-0.279 beta=+0.333 | loss 3.2555 (delta +0.3701) size 483.9 MB sparsity 25.7%
gen 47 offspring [5/100] k= 18 (used  18.0) c=0.860 alpha=-0.399 beta=+0.435 | loss 3.9818 (delta +1.0965) size 463.9 MB sparsity 34.6%
gen 47 offspring [6/100] k=212 (used 212.0) c=0.872 alpha=-0.022 beta=+0.025 | loss 2.9038 (delta +0.0184) size 630.9 MB sparsity 2.1%
gen 47 offspring [7/100] k= 30 (used  30.0) c=0.946 alpha=-0.062 beta=+0.065 | loss 3.0081 (delta +0.1228) size 496.7 MB sparsity 12.5%
gen 47 offspring [8/100] k= 31 (used  31.0) c=0.963 alpha=-0.218 beta=+0.270 | loss 3.1453 (delta +0.2600) size 494.4 MB sparsity 21.0%
gen 47 offspring [9/100] k= 42 (used  42.0) c=0.918 alpha=-0.045 beta=+0.084 | loss 2.9411 (delta +0.0557) size 541.4 MB sparsity 8.7%
gen 47 offspring [10/100] k= 33 (used  33.0) c=0.922 alpha=-0.222 beta=+0.414 | loss 3.2885 (delta +0.4031) size 482.1 MB sparsity 26.5%
gen 47 offspring [11/100] k=124 (used 123.2) c=0.924 alpha=-0.001 beta=+0.300 | loss 3.0226 (delta +0.1372) size 585.7 MB sparsity 14.0%
gen 47 offspring [12/100] k= 17 (used  17.0) c=0.848 alpha=-0.180 beta=+0.291 | loss 3.3292 (delta +0.4439) size 456.4 MB sparsity 22.5%
gen 47 offspring [13/100] k= 63 (used  63.0) c=0.971 alpha=-0.055 beta=+0.272 | loss 2.9983 (delta +0.1129) size 541.4 MB sparsity 14.4%
gen 47 offspring [14/100] k= 65 (used  65.0) c=0.945 alpha=-0.082 beta=+0.044 | loss 2.9123 (delta +0.0269) size 568.7 MB sparsity 6.5%
gen 47 offspring [15/100] k= 23 (used  23.0) c=0.990 alpha=-0.325 beta=+0.432 | loss 3.6662 (delta +0.7808) size 470.8 MB sparsity 31.6%
gen 47 offspring [16/100] k= 17 (used  17.0) c=0.857 alpha=-0.334 beta=+0.304 | loss 3.6227 (delta +0.7373) size 447.3 MB sparsity 27.6%
gen 47 offspring [17/100] k= 33 (used  33.0) c=0.987 alpha=-0.231 beta=+0.380 | loss 3.2593 (delta +0.3740) size 484.0 MB sparsity 25.7%
gen 47 offspring [18/100] k= 32 (used  32.0) c=0.942 alpha=-0.037 beta=+0.032 | loss 2.9833 (delta +0.0980) size 496.7 MB sparsity 11.7%
gen 47 offspring [19/100] k= 17 (used  17.0) c=0.962 alpha=-0.224 beta=+0.292 | loss 3.4547 (delta +0.5693) size 453.2 MB sparsity 24.3%
gen 47 offspring [20/100] k= 42 (used  42.0) c=0.867 alpha=-0.217 beta=+0.295 | loss 3.1458 (delta +0.2605) size 528.2 MB sparsity 21.6%
gen 47 offspring [21/100] k=  7 (used   7.0) c=0.998 alpha=-0.240 beta=+0.005 | loss 11.5850 (delta +8.6997) size 381.6 MB sparsity 52.4%
gen 47 offspring [22/100] k= 28 (used  28.0) c=0.847 alpha=-0.281 beta=+0.283 | loss 3.2710 (delta +0.3857) size 487.9 MB sparsity 23.9%
gen 47 offspring [23/100] k= 33 (used  33.0) c=0.987 alpha=-0.206 beta=+0.291 | loss 3.1185 (delta +0.2332) size 493.8 MB sparsity 21.3%
gen 47 offspring [24/100] k= 17 (used  17.0) c=0.942 alpha=-0.232 beta=+0.444 | loss 3.6646 (delta +0.7793) size 443.7 MB sparsity 29.6%
gen 47 offspring [25/100] k= 33 (used  33.0) c=0.966 alpha=-0.164 beta=+0.353 | loss 3.1419 (delta +0.2565) size 492.1 MB sparsity 22.0%
gen 47 offspring [26/100] k= 76 (used  76.0) c=0.923 alpha=-0.060 beta=+0.053 | loss 2.9074 (delta +0.0221) size 586.1 MB sparsity 5.4%
gen 47 offspring [27/100] k= 31 (used  31.0) c=0.872 alpha=-0.247 beta=+0.084 | loss 3.0393 (delta +0.1539) size 496.6 MB sparsity 15.9%
gen 47 offspring [28/100] k= 17 (used  17.0) c=0.875 alpha=-0.032 beta=+0.291 | loss 3.3771 (delta +0.4918) size 455.9 MB sparsity 22.8%
gen 47 offspring [29/100] k= 40 (used  40.0) c=0.959 alpha=-0.094 beta=+0.128 | loss 2.9515 (delta +0.0662) size 541.4 MB sparsity 10.7%
gen 47 offspring [30/100] k= 17 (used  17.0) c=0.973 alpha=-0.223 beta=+0.364 | loss 3.5094 (delta +0.6240) size 448.6 MB sparsity 26.9%
gen 47 offspring [31/100] k= 31 (used  31.0) c=1.000 alpha=-0.315 beta=+0.428 | loss 3.5123 (delta +0.6270) size 472.7 MB sparsity 30.7%
gen 47 offspring [32/100] k= 70 (used  70.0) c=0.918 alpha=-0.060 beta=+0.089 | loss 2.9103 (delta +0.0249) size 586.1 MB sparsity 6.8%
gen 47 offspring [33/100] k= 32 (used  32.0) c=0.848 alpha=-0.387 beta=+0.024 | loss 3.1966 (delta +0.3113) size 493.8 MB sparsity 21.2%
gen 47 offspring [34/100] k= 33 (used  33.0) c=0.988 alpha=-0.246 beta=+0.378 | loss 3.2695 (delta +0.3842) size 482.9 MB sparsity 26.1%
gen 47 offspring [35/100] k= 17 (used  17.0) c=0.846 alpha=-0.207 beta=+0.305 | loss 3.3650 (delta +0.4797) size 454.8 MB sparsity 23.4%
gen 47 offspring [36/100] k= 49 (used  49.0) c=0.852 alpha=-0.083 beta=+0.307 | loss 3.0623 (delta +0.1769) size 540.5 MB sparsity 16.7%
gen 47 offspring [37/100] k= 65 (used  64.9) c=0.924 alpha=-0.004 beta=+0.299 | loss 3.0261 (delta +0.1408) size 545.4 MB sparsity 15.2%
gen 47 offspring [38/100] k= 33 (used  33.0) c=0.969 alpha=-0.159 beta=+0.425 | loss 3.2666 (delta +0.3812) size 486.4 MB sparsity 24.6%
gen 47 offspring [39/100] k= 33 (used  33.0) c=0.973 alpha=-0.193 beta=+0.094 | loss 2.9940 (delta +0.1086) size 509.7 MB sparsity 14.2%
gen 47 offspring [40/100] k= 50 (used  49.8) c=0.972 alpha=-0.176 beta=+0.472 | loss 3.3303 (delta +0.4449) size 514.7 MB sparsity 26.6%
gen 47 offspring [41/100] k= 17 (used  17.0) c=0.969 alpha=-0.331 beta=+0.432 | loss 3.7916 (delta +0.9063) size 438.7 MB sparsity 32.4%
gen 47 offspring [42/100] k= 33 (used  33.0) c=0.987 alpha=-0.161 beta=+0.415 | loss 3.2485 (delta +0.3632) size 487.0 MB sparsity 24.3%
gen 47 offspring [43/100] k=151 (used 151.0) c=0.918 alpha=-0.013 beta=+0.089 | loss 2.8993 (delta +0.0140) size 630.9 MB sparsity 5.0%
gen 47 offspring [44/100] k= 17 (used  17.0) c=0.923 alpha=-0.222 beta=+0.380 | loss 3.5082 (delta +0.6228) size 448.4 MB sparsity 27.0%
gen 47 offspring [45/100] k= 33 (used  33.0) c=0.990 alpha=-0.327 beta=+0.364 | loss 3.3834 (delta +0.4981) size 477.1 MB sparsity 28.8%
gen 47 offspring [46/100] k=  6 (used   5.0) c=0.969 alpha=-0.334 beta=+0.432 | loss 16.2532 (delta +13.3678) size 346.2 MB sparsity 68.2%
gen 47 offspring [47/100] k=116 (used 116.0) c=0.946 alpha=-0.045 beta=+0.072 | loss 2.8975 (delta +0.0121) size 586.1 MB sparsity 5.2%
gen 47 offspring [48/100] k= 16 (used  16.0) c=0.865 alpha=-0.111 beta=+0.350 | loss 3.5171 (delta +0.6317) size 448.8 MB sparsity 26.3%
gen 47 offspring [49/100] k= 14 (used  14.0) c=0.862 alpha=-0.043 beta=+0.114 | loss 3.6992 (delta +0.8138) size 448.3 MB sparsity 25.6%
gen 47 offspring [50/100] k= 33 (used  33.0) c=0.919 alpha=-0.094 beta=+0.097 | loss 2.9750 (delta +0.0896) size 517.3 MB sparsity 10.8%
gen 47 offspring [51/100] k= 83 (used  83.0) c=0.847 alpha=-0.020 beta=+0.071 | loss 2.9196 (delta +0.0343) size 586.1 MB sparsity 5.1%
gen 47 offspring [52/100] k= 66 (used  66.0) c=0.941 alpha=-0.011 beta=+0.086 | loss 2.9104 (delta +0.0251) size 586.1 MB sparsity 6.6%
gen 47 offspring [53/100] k= 17 (used  17.0) c=0.971 alpha=-0.217 beta=+0.432 | loss 3.5961 (delta +0.7108) size 444.5 MB sparsity 29.2%
gen 47 offspring [54/100] k= 17 (used  17.0) c=0.981 alpha=-0.213 beta=+0.374 | loss 3.5353 (delta +0.6499) size 448.1 MB sparsity 27.1%
gen 47 offspring [55/100] k= 25 (used  25.0) c=0.991 alpha=-0.210 beta=+0.084 | loss 3.0846 (delta +0.1992) size 496.1 MB sparsity 17.1%
gen 47 offspring [56/100] k= 17 (used  17.0) c=0.847 alpha=-0.211 beta=+0.408 | loss 3.5094 (delta +0.6240) size 447.9 MB sparsity 27.3%
gen 47 offspring [57/100] k= 33 (used  33.0) c=0.928 alpha=-0.046 beta=+0.024 | loss 2.9754 (delta +0.0901) size 517.2 MB sparsity 10.8%
gen 47 offspring [58/100] k= 32 (used  31.0) c=0.993 alpha=-0.223 beta=+0.365 | loss 3.2457 (delta +0.3604) size 485.8 MB sparsity 24.8%
gen 47 offspring [59/100] k= 16 (used  16.0) c=0.845 alpha=-0.210 beta=+0.277 | loss 3.4500 (delta +0.5646) size 450.5 MB sparsity 23.7%
gen 47 offspring [60/100] k= 35 (used  35.0) c=0.992 alpha=-0.022 beta=+0.001 | loss 2.9704 (delta +0.0850) size 541.4 MB sparsity 10.9%
gen 47 offspring [61/100] k= 31 (used  31.0) c=0.909 alpha=-0.013 beta=+0.017 | loss 2.9782 (delta +0.0929) size 496.7 MB sparsity 11.3%
gen 47 offspring [62/100] k= 17 (used  17.0) c=0.927 alpha=-0.038 beta=+0.039 | loss 3.3276 (delta +0.4422) size 459.1 MB sparsity 21.0%
gen 47 offspring [63/100] k= 17 (used  17.0) c=0.845 alpha=-0.198 beta=+0.383 | loss 3.4563 (delta +0.5710) size 450.1 MB sparsity 26.0%
gen 47 offspring [64/100] k= 32 (used  32.0) c=0.952 alpha=-0.003 beta=+0.300 | loss 3.0843 (delta +0.1989) size 496.1 MB sparsity 18.5%
gen 47 offspring [65/100] k= 17 (used  17.0) c=0.967 alpha=-0.253 beta=+0.473 | loss 3.7505 (delta +0.8652) size 440.7 MB sparsity 31.3%
gen 47 offspring [66/100] k=157 (used 157.0) c=1.000 alpha=-0.073 beta=+0.019 | loss 2.8912 (delta +0.0058) size 630.9 MB sparsity 4.3%
gen 47 offspring [67/100] k= 34 (used  34.0) c=0.968 alpha=-0.193 beta=+0.349 | loss 3.1632 (delta +0.2779) size 524.4 MB sparsity 23.0%
gen 47 offspring [68/100] k= 35 (used  35.0) c=0.838 alpha=-0.014 beta=+0.324 | loss 3.1119 (delta +0.2265) size 537.5 MB sparsity 18.1%
gen 47 offspring [69/100] k= 14 (used  13.0) c=0.993 alpha=-0.192 beta=+0.434 | loss 4.3676 (delta +1.4823) size 437.4 MB sparsity 33.1%
gen 47 offspring [70/100] k= 17 (used  17.0) c=0.854 alpha=-0.270 beta=+0.398 | loss 3.6303 (delta +0.7450) size 445.3 MB sparsity 28.7%
gen 47 offspring [71/100] k= 16 (used  16.0) c=0.848 alpha=-0.200 beta=+0.280 | loss 3.4280 (delta +0.5426) size 450.4 MB sparsity 23.7%
gen 47 offspring [72/100] k= 17 (used  17.0) c=0.848 alpha=-0.229 beta=+0.395 | loss 3.5243 (delta +0.6389) size 447.9 MB sparsity 27.2%
gen 47 offspring [73/100] k= 43 (used  42.9) c=0.941 alpha=-0.287 beta=+0.432 | loss 3.3947 (delta +0.5094) size 506.5 MB sparsity 29.7%
gen 47 offspring [74/100] k= 18 (used  18.0) c=0.899 alpha=-0.045 beta=+0.084 | loss 3.3314 (delta +0.4461) size 493.0 MB sparsity 20.4%
gen 47 offspring [75/100] k= 16 (used  16.0) c=0.848 alpha=-0.206 beta=+0.269 | loss 3.4222 (delta +0.5368) size 450.5 MB sparsity 23.4%
gen 47 offspring [76/100] k= 15 (used  15.0) c=0.943 alpha=-0.218 beta=+0.248 | loss 3.6188 (delta +0.7334) size 449.4 MB sparsity 24.5%
gen 47 offspring [77/100] k= 33 (used  33.0) c=0.849 alpha=-0.068 beta=+0.344 | loss 3.1481 (delta +0.2628) size 498.4 MB sparsity 19.2%
gen 47 offspring [78/100] k= 17 (used  17.0) c=0.986 alpha=-0.056 beta=+0.277 | loss 3.4404 (delta +0.5550) size 454.1 MB sparsity 23.8%
gen 47 offspring [79/100] k= 40 (used  40.0) c=0.943 alpha=-0.037 beta=+0.021 | loss 2.9432 (delta +0.0578) size 541.4 MB sparsity 9.3%
gen 47 offspring [80/100] k= 17 (used  17.0) c=0.965 alpha=-0.029 beta=+0.318 | loss 3.4808 (delta +0.5954) size 452.2 MB sparsity 24.9%
gen 47 offspring [81/100] k= 32 (used  32.0) c=0.924 alpha=-0.157 beta=+0.385 | loss 3.2016 (delta +0.3163) size 489.9 MB sparsity 23.0%
gen 47 offspring [82/100] k= 16 (used  15.0) c=0.969 alpha=-0.253 beta=+0.431 | loss 3.8391 (delta +0.9537) size 441.6 MB sparsity 30.8%
gen 47 offspring [83/100] k= 66 (used  66.0) c=0.950 alpha=-0.195 beta=+0.088 | loss 2.9459 (delta +0.0605) size 586.1 MB sparsity 12.2%
gen 47 offspring [84/100] k= 32 (used  32.0) c=0.943 alpha=-0.002 beta=+0.050 | loss 2.9815 (delta +0.0962) size 496.7 MB sparsity 11.7%
gen 47 offspring [85/100] k= 17 (used  17.0) c=0.848 alpha=-0.209 beta=+0.412 | loss 3.5189 (delta +0.6336) size 447.8 MB sparsity 27.3%
gen 47 offspring [86/100] k= 35 (used  35.0) c=0.993 alpha=-0.014 beta=+0.345 | loss 3.1212 (delta +0.2358) size 533.0 MB sparsity 19.8%
gen 47 offspring [87/100] k= 18 (used  17.0) c=0.966 alpha=-0.205 beta=+0.356 | loss 3.4984 (delta +0.6130) size 449.7 MB sparsity 26.3%
gen 47 offspring [88/100] k= 16 (used  16.0) c=0.847 alpha=-0.253 beta=+0.423 | loss 3.6469 (delta +0.7615) size 443.8 MB sparsity 29.5%
gen 47 offspring [89/100] k= 16 (used  16.0) c=0.852 alpha=-0.214 beta=+0.251 | loss 3.4202 (delta +0.5349) size 450.6 MB sparsity 23.0%
gen 47 offspring [90/100] k= 63 (used  63.0) c=0.992 alpha=-0.037 beta=+0.031 | loss 2.9262 (delta +0.0409) size 541.4 MB sparsity 6.0%
gen 47 offspring [91/100] k= 33 (used  33.0) c=0.987 alpha=-0.194 beta=+0.389 | loss 3.2189 (delta +0.3336) size 486.5 MB sparsity 24.5%
gen 47 offspring [92/100] k= 16 (used  16.0) c=0.843 alpha=-0.262 beta=+0.282 | loss 3.5015 (delta +0.6161) size 450.2 MB sparsity 24.9%
gen 47 offspring [93/100] k= 25 (used  25.0) c=0.977 alpha=-0.237 beta=+0.432 | loss 3.4461 (delta +0.5608) size 478.5 MB sparsity 28.1%
gen 47 offspring [94/100] k= 30 (used  29.0) c=0.992 alpha=-0.039 beta=+0.001 | loss 3.0231 (delta +0.1378) size 496.7 MB sparsity 13.1%
gen 47 offspring [95/100] k= 53 (used  52.9) c=0.958 alpha=-0.158 beta=+0.374 | loss 3.1453 (delta +0.2600) size 526.5 MB sparsity 22.2%
gen 47 offspring [96/100] k=215 (used 214.1) c=0.997 alpha=-0.207 beta=+0.040 | loss 2.9252 (delta +0.0399) size 630.9 MB sparsity 10.4%
gen 47 offspring [97/100] k= 17 (used  17.0) c=0.834 alpha=-0.199 beta=+0.318 | loss 3.3751 (delta +0.4898) size 454.4 MB sparsity 23.6%
gen 47 offspring [98/100] k= 30 (used  30.0) c=0.849 alpha=-0.166 beta=+0.138 | loss 2.9955 (delta +0.1102) size 496.7 MB sparsity 13.9%
gen 47 offspring [99/100] k= 17 (used  17.0) c=0.846 alpha=-0.217 beta=+0.304 | loss 3.3865 (delta +0.5011) size 454.4 MB sparsity 23.6%
gen 47 offspring [100/100] k= 17 (used  17.0) c=0.943 alpha=-0.189 beta=+0.270 | loss 3.4127 (delta +0.5274) size 455.5 MB sparsity 23.0%
=== generation 47/50 done in 447s (0 reused), batch baseline 2.8854, HV 0.22577, front 100 points, 100/100 feasible, best delta loss +0.0015, smallest 436.7 MB
gen 48 offspring [1/100] k= 33 (used  33.0) c=0.987 alpha=-0.259 beta=+0.293 | loss 3.1843 (delta +0.2990) size 489.1 MB sparsity 23.4%
gen 48 offspring [2/100] k= 32 (used  32.0) c=0.966 alpha=-0.164 beta=+0.358 | loss 3.1825 (delta +0.2971) size 491.4 MB sparsity 22.3%
gen 48 offspring [3/100] k= 17 (used  17.0) c=0.969 alpha=-0.158 beta=+0.425 | loss 3.5867 (delta +0.7014) size 445.4 MB sparsity 28.6%
gen 48 offspring [4/100] k= 34 (used  34.0) c=0.950 alpha=-0.076 beta=+0.396 | loss 3.2174 (delta +0.3321) size 527.6 MB sparsity 21.8%
gen 48 offspring [5/100] k= 17 (used  17.0) c=1.000 alpha=-0.252 beta=+0.445 | loss 3.6978 (delta +0.8124) size 442.2 MB sparsity 30.4%
gen 48 offspring [6/100] k= 18 (used  17.0) c=0.994 alpha=-0.091 beta=+0.435 | loss 3.6093 (delta +0.7240) size 444.3 MB sparsity 29.3%
gen 48 offspring [7/100] k= 17 (used  17.0) c=0.999 alpha=-0.167 beta=+0.364 | loss 3.5154 (delta +0.6301) size 448.6 MB sparsity 26.8%
gen 48 offspring [8/100] k= 21 (used  21.0) c=0.848 alpha=-0.207 beta=+0.412 | loss 3.3927 (delta +0.5073) size 482.3 MB sparsity 26.4%
gen 48 offspring [9/100] k= 17 (used  17.0) c=0.909 alpha=-0.206 beta=+0.279 | loss 3.3865 (delta +0.5012) size 455.4 MB sparsity 23.0%
gen 48 offspring [10/100] k= 34 (used  33.0) c=0.971 alpha=-0.254 beta=+0.346 | loss 3.2227 (delta +0.3373) size 485.0 MB sparsity 25.2%
gen 48 offspring [11/100] k= 18 (used  17.0) c=0.974 alpha=-0.330 beta=+0.422 | loss 3.8134 (delta +0.9281) size 439.4 MB sparsity 32.0%
gen 48 offspring [12/100] k= 31 (used  31.0) c=0.861 alpha=-0.217 beta=+0.383 | loss 3.2688 (delta +0.3835) size 485.1 MB sparsity 25.2%
gen 48 offspring [13/100] k= 42 (used  42.0) c=0.951 alpha=-0.045 beta=+0.071 | loss 2.9399 (delta +0.0546) size 541.4 MB sparsity 8.9%
gen 48 offspring [14/100] k=213 (used 213.0) c=0.995 alpha=-0.037 beta=+0.039 | loss 2.8881 (delta +0.0027) size 630.9 MB sparsity 3.3%
gen 48 offspring [15/100] k= 17 (used  17.0) c=0.972 alpha=-0.292 beta=+0.346 | loss 3.5903 (delta +0.7049) size 446.5 MB sparsity 28.0%
gen 48 offspring [16/100] k= 32 (used  32.0) c=0.918 alpha=-0.045 beta=+0.086 | loss 2.9736 (delta +0.0883) size 496.7 MB sparsity 11.4%
gen 48 offspring [17/100] k= 37 (used  37.0) c=0.944 alpha=-0.211 beta=+0.269 | loss 3.1233 (delta +0.2379) size 531.4 MB sparsity 20.4%
gen 48 offspring [18/100] k= 17 (used  17.0) c=0.967 alpha=-0.253 beta=+0.423 | loss 3.6333 (delta +0.7480) size 443.8 MB sparsity 29.5%
gen 48 offspring [19/100] k= 17 (used  17.0) c=0.919 alpha=-0.210 beta=+0.017 | loss 3.3503 (delta +0.4649) size 458.9 MB sparsity 21.1%
gen 48 offspring [20/100] k= 17 (used  17.0) c=0.923 alpha=-0.212 beta=+0.252 | loss 3.3403 (delta +0.4549) size 456.5 MB sparsity 22.4%
gen 48 offspring [21/100] k= 63 (used  63.0) c=0.986 alpha=-0.044 beta=+0.271 | loss 2.9994 (delta +0.1141) size 541.4 MB sparsity 14.3%
gen 48 offspring [22/100] k= 33 (used  33.0) c=0.987 alpha=-0.014 beta=+0.090 | loss 2.9730 (delta +0.0877) size 515.7 MB sparsity 11.5%
gen 48 offspring [23/100] k= 66 (used  66.0) c=0.941 alpha=-0.063 beta=+0.086 | loss 2.9107 (delta +0.0253) size 586.1 MB sparsity 6.9%
gen 48 offspring [24/100] k= 17 (used  17.0) c=0.973 alpha=-0.094 beta=+0.108 | loss 3.3924 (delta +0.5071) size 457.4 MB sparsity 22.0%
gen 48 offspring [25/100] k= 16 (used  15.0) c=0.997 alpha=-0.053 beta=+0.031 | loss 3.6360 (delta +0.7507) size 448.5 MB sparsity 25.4%
gen 48 offspring [26/100] k=  9 (used   9.0) c=1.000 alpha=-0.316 beta=+0.432 | loss 7.2674 (delta +4.3821) size 395.8 MB sparsity 41.9%
gen 48 offspring [27/100] k=  6 (used   5.0) c=0.857 alpha=-0.243 beta=+0.380 | loss 12.6802 (delta +9.7949) size 350.9 MB sparsity 63.0%
gen 48 offspring [28/100] k= 17 (used  17.0) c=0.994 alpha=-0.331 beta=+0.326 | loss 3.6358 (delta +0.7504) size 445.2 MB sparsity 28.8%
gen 48 offspring [29/100] k= 17 (used  17.0) c=1.000 alpha=-0.308 beta=+0.432 | loss 3.7605 (delta +0.8752) size 439.9 MB sparsity 31.7%
gen 48 offspring [30/100] k= 17 (used  17.0) c=0.994 alpha=-0.292 beta=+0.475 | loss 3.8283 (delta +0.9429) size 438.3 MB sparsity 32.6%
gen 48 offspring [31/100] k= 17 (used  17.0) c=0.960 alpha=-0.210 beta=+0.269 | loss 3.4440 (delta +0.5586) size 454.9 MB sparsity 23.3%
gen 48 offspring [32/100] k= 17 (used  17.0) c=0.897 alpha=-0.004 beta=+0.017 | loss 3.3220 (delta +0.4367) size 460.2 MB sparsity 20.4%
gen 48 offspring [33/100] k= 31 (used  31.0) c=0.990 alpha=-0.258 beta=+0.272 | loss 3.2154 (delta +0.3300) size 490.9 MB sparsity 22.6%
gen 48 offspring [34/100] k= 32 (used  32.0) c=0.928 alpha=-0.333 beta=+0.084 | loss 3.1106 (delta +0.2252) size 495.6 MB sparsity 19.6%
gen 48 offspring [35/100] k= 33 (used  33.0) c=0.987 alpha=-0.186 beta=+0.365 | loss 3.1773 (delta +0.2919) size 489.1 MB sparsity 23.4%
gen 48 offspring [36/100] k= 17 (used  17.0) c=0.848 alpha=-0.194 beta=+0.349 | loss 3.3969 (delta +0.5115) size 452.4 MB sparsity 24.8%
gen 48 offspring [37/100] k= 24 (used  23.0) c=0.987 alpha=-0.206 beta=+0.291 | loss 3.2587 (delta +0.3734) size 492.0 MB sparsity 22.1%
gen 48 offspring [38/100] k= 18 (used  17.0) c=0.992 alpha=-0.159 beta=+0.445 | loss 3.6454 (delta +0.7600) size 443.7 MB sparsity 29.6%
gen 48 offspring [39/100] k= 17 (used  17.0) c=0.856 alpha=-0.193 beta=+0.338 | loss 3.3941 (delta +0.5087) size 453.0 MB sparsity 24.4%
gen 48 offspring [40/100] k=  7 (used   7.0) c=0.924 alpha=-0.157 beta=+0.300 | loss 9.4829 (delta +6.5976) size 385.7 MB sparsity 49.4%
gen 48 offspring [41/100] k= 51 (used  51.0) c=0.943 alpha=-0.020 beta=+0.059 | loss 2.9268 (delta +0.0414) size 541.4 MB sparsity 7.1%
gen 48 offspring [42/100] k= 45 (used  45.0) c=0.966 alpha=-0.060 beta=+0.086 | loss 2.9298 (delta +0.0444) size 541.4 MB sparsity 8.4%
gen 48 offspring [43/100] k=216 (used 215.4) c=0.994 alpha=-0.165 beta=+0.041 | loss 2.9102 (delta +0.0248) size 630.9 MB sparsity 8.8%
gen 48 offspring [44/100] k= 17 (used  17.0) c=0.994 alpha=-0.253 beta=+0.444 | loss 3.6838 (delta +0.7985) size 442.2 MB sparsity 30.5%
gen 48 offspring [45/100] k= 16 (used  15.0) c=0.993 alpha=-0.014 beta=+0.096 | loss 3.6626 (delta +0.7773) size 448.6 MB sparsity 25.3%
gen 48 offspring [46/100] k= 39 (used  39.0) c=0.971 alpha=-0.254 beta=+0.352 | loss 3.2463 (delta +0.3610) size 518.1 MB sparsity 25.3%
gen 48 offspring [47/100] k= 34 (used  33.0) c=0.972 alpha=-0.193 beta=+0.251 | loss 3.0714 (delta +0.1861) size 498.5 MB sparsity 19.2%
gen 48 offspring [48/100] k=152 (used 152.0) c=0.974 alpha=-0.037 beta=+0.019 | loss 2.8903 (delta +0.0050) size 630.9 MB sparsity 2.9%
gen 48 offspring [49/100] k= 33 (used  33.0) c=0.987 alpha=-0.206 beta=+0.363 | loss 3.1885 (delta +0.3031) size 487.6 MB sparsity 24.0%
gen 48 offspring [50/100] k= 18 (used  17.0) c=0.969 alpha=-0.253 beta=+0.426 | loss 3.6280 (delta +0.7426) size 443.6 MB sparsity 29.7%
gen 48 offspring [51/100] k= 17 (used  17.0) c=0.969 alpha=-0.216 beta=+0.415 | loss 3.5738 (delta +0.6885) size 445.7 MB sparsity 28.5%
gen 48 offspring [52/100] k=115 (used 115.0) c=0.992 alpha=-0.033 beta=+0.001 | loss 2.8933 (delta +0.0080) size 586.1 MB sparsity 3.3%
gen 48 offspring [53/100] k= 64 (used  63.0) c=0.987 alpha=-0.199 beta=+0.072 | loss 2.9526 (delta +0.0673) size 541.4 MB sparsity 11.8%
gen 48 offspring [54/100] k= 26 (used  25.0) c=0.969 alpha=-0.214 beta=+0.432 | loss 3.4126 (delta +0.5273) size 480.3 MB sparsity 27.3%
gen 48 offspring [55/100] k= 65 (used  64.8) c=0.943 alpha=-0.361 beta=+0.089 | loss 3.1060 (delta +0.2207) size 535.4 MB sparsity 18.9%
gen 48 offspring [56/100] k= 37 (used  37.0) c=0.831 alpha=-0.246 beta=+0.253 | loss 3.1825 (delta +0.2971) size 529.5 MB sparsity 21.1%
gen 48 offspring [57/100] k= 21 (used  21.0) c=0.848 alpha=-0.135 beta=+0.340 | loss 3.2525 (delta +0.3672) size 491.8 MB sparsity 22.2%
gen 48 offspring [58/100] k= 32 (used  32.0) c=0.851 alpha=-0.222 beta=+0.291 | loss 3.1928 (delta +0.3075) size 492.7 MB sparsity 21.8%
gen 48 offspring [59/100] k= 17 (used  17.0) c=0.841 alpha=-0.214 beta=+0.424 | loss 3.5479 (delta +0.6625) size 446.9 MB sparsity 27.8%
gen 48 offspring [60/100] k= 17 (used  17.0) c=0.848 alpha=-0.191 beta=+0.291 | loss 3.3299 (delta +0.4446) size 456.2 MB sparsity 22.6%
gen 48 offspring [61/100] k= 17 (used  17.0) c=0.967 alpha=-0.197 beta=+0.432 | loss 3.6099 (delta +0.7246) size 444.9 MB sparsity 28.9%
gen 48 offspring [62/100] k= 33 (used  33.0) c=0.967 alpha=-0.028 beta=+0.024 | loss 2.9735 (delta +0.0882) size 516.2 MB sparsity 11.2%
gen 48 offspring [63/100] k=148 (used 148.0) c=0.988 alpha=-0.037 beta=+0.014 | loss 2.8906 (delta +0.0053) size 630.9 MB sparsity 3.0%
gen 48 offspring [64/100] k= 17 (used  17.0) c=0.849 alpha=-0.055 beta=+0.472 | loss 4.8837 (delta +1.9983) size 444.9 MB sparsity 28.9%
gen 48 offspring [65/100] k= 17 (used  17.0) c=0.993 alpha=-0.222 beta=+0.433 | loss 3.6134 (delta +0.7280) size 444.0 MB sparsity 29.4%
gen 48 offspring [66/100] k= 17 (used  17.0) c=0.848 alpha=-0.006 beta=+0.034 | loss 3.2736 (delta +0.3883) size 462.1 MB sparsity 19.3%
gen 48 offspring [67/100] k= 45 (used  44.9) c=0.850 alpha=-0.216 beta=+0.415 | loss 3.2806 (delta +0.3953) size 515.9 MB sparsity 26.1%
gen 48 offspring [68/100] k= 64 (used  63.9) c=0.845 alpha=-0.013 beta=+0.292 | loss 3.0345 (delta +0.1492) size 541.4 MB sparsity 14.8%
gen 48 offspring [69/100] k= 17 (used  17.0) c=0.848 alpha=-0.285 beta=+0.432 | loss 3.6843 (delta +0.7990) size 442.2 MB sparsity 30.4%
gen 48 offspring [70/100] k= 32 (used  31.0) c=0.992 alpha=-0.197 beta=+0.032 | loss 3.0204 (delta +0.1350) size 496.7 MB sparsity 14.9%
gen 48 offspring [71/100] k= 34 (used  33.0) c=0.994 alpha=-0.223 beta=+0.365 | loss 3.2230 (delta +0.3376) size 486.0 MB sparsity 24.8%
gen 48 offspring [72/100] k=  6 (used   5.0) c=0.992 alpha=-0.284 beta=+0.465 | loss 15.3538 (delta +12.4685) size 345.3 MB sparsity 69.2%
gen 48 offspring [73/100] k= 33 (used  33.0) c=0.862 alpha=-0.217 beta=+0.127 | loss 3.0271 (delta +0.1417) size 507.3 MB sparsity 15.2%
gen 48 offspring [74/100] k= 64 (used  63.5) c=0.840 alpha=-0.201 beta=+0.424 | loss 3.2655 (delta +0.3801) size 516.9 MB sparsity 25.8%
gen 48 offspring [75/100] k= 21 (used  21.0) c=0.852 alpha=-0.167 beta=+0.251 | loss 3.1722 (delta +0.2869) size 495.4 MB sparsity 19.3%
gen 48 offspring [76/100] k= 17 (used  17.0) c=0.944 alpha=-0.007 beta=+0.037 | loss 3.3696 (delta +0.4842) size 458.5 MB sparsity 21.4%
gen 48 offspring [77/100] k= 18 (used  17.0) c=0.969 alpha=-0.361 beta=+0.432 | loss 3.8632 (delta +0.9779) size 436.8 MB sparsity 33.5%
gen 48 offspring [78/100] k= 16 (used  16.0) c=0.849 alpha=-0.188 beta=+0.138 | loss 3.4012 (delta +0.5158) size 450.7 MB sparsity 21.9%
gen 48 offspring [79/100] k=115 (used 115.0) c=0.992 alpha=-0.037 beta=+0.001 | loss 2.8938 (delta +0.0084) size 586.1 MB sparsity 3.4%
gen 48 offspring [80/100] k= 33 (used  33.0) c=0.848 alpha=-0.239 beta=+0.282 | loss 3.2124 (delta +0.3271) size 492.1 MB sparsity 22.1%
gen 48 offspring [81/100] k= 64 (used  63.4) c=0.968 alpha=-0.206 beta=+0.527 | loss 14.3774 (delta +11.4921) size 506.1 MB sparsity 29.8%
gen 48 offspring [82/100] k= 34 (used  34.0) c=0.965 alpha=-0.166 beta=+0.346 | loss 3.1386 (delta +0.2533) size 527.4 MB sparsity 21.9%
gen 48 offspring [83/100] k= 18 (used  17.0) c=0.974 alpha=-0.042 beta=+0.435 | loss 3.6139 (delta +0.7286) size 444.7 MB sparsity 29.1%
gen 48 offspring [84/100] k= 31 (used  31.0) c=0.939 alpha=-0.117 beta=+0.293 | loss 3.0672 (delta +0.1819) size 496.3 MB sparsity 18.4%
gen 48 offspring [85/100] k= 16 (used  16.0) c=0.848 alpha=-0.210 beta=+0.290 | loss 3.4318 (delta +0.5465) size 450.3 MB sparsity 24.1%
gen 48 offspring [86/100] k= 33 (used  33.0) c=0.973 alpha=-0.120 beta=+0.152 | loss 2.9783 (delta +0.0929) size 512.4 MB sparsity 12.9%
gen 48 offspring [87/100] k= 24 (used  24.0) c=0.848 alpha=-0.221 beta=+0.411 | loss 3.3839 (delta +0.4986) size 481.7 MB sparsity 26.7%
gen 48 offspring [88/100] k= 31 (used  31.0) c=0.979 alpha=-0.213 beta=+0.380 | loss 3.2410 (delta +0.3556) size 485.5 MB sparsity 25.0%
gen 48 offspring [89/100] k= 19 (used  19.0) c=0.848 alpha=-0.211 beta=+0.413 | loss 3.4689 (delta +0.5835) size 481.2 MB sparsity 26.9%
gen 48 offspring [90/100] k= 17 (used  17.0) c=0.848 alpha=-0.210 beta=+0.163 | loss 3.2830 (delta +0.3977) size 461.1 MB sparsity 19.9%
gen 48 offspring [91/100] k= 33 (used  33.0) c=0.899 alpha=-0.029 beta=+0.024 | loss 2.9736 (delta +0.0882) size 518.0 MB sparsity 10.5%
gen 48 offspring [92/100] k= 29 (used  29.0) c=0.973 alpha=-0.037 beta=+0.348 | loss 3.1542 (delta +0.2689) size 494.1 MB sparsity 21.0%
gen 48 offspring [93/100] k= 18 (used  17.0) c=0.967 alpha=-0.253 beta=+0.465 | loss 3.7363 (delta +0.8510) size 441.1 MB sparsity 31.0%
gen 48 offspring [94/100] k= 42 (used  42.0) c=0.862 alpha=-0.217 beta=+0.107 | loss 2.9904 (delta +0.1050) size 541.4 MB sparsity 14.2%
gen 48 offspring [95/100] k= 33 (used  32.9) c=0.986 alpha=-0.221 beta=+0.603 | loss 15.1903 (delta +12.3050) size 467.1 MB sparsity 33.2%
gen 48 offspring [96/100] k= 13 (used  13.0) c=0.847 alpha=-0.068 beta=+0.432 | loss 3.9066 (delta +1.0213) size 441.7 MB sparsity 30.7%
gen 48 offspring [97/100] k= 18 (used  17.0) c=0.994 alpha=-0.254 beta=+0.437 | loss 3.6617 (delta +0.7763) size 442.6 MB sparsity 30.2%
gen 48 offspring [98/100] k= 32 (used  32.0) c=0.917 alpha=-0.222 beta=+0.265 | loss 3.1229 (delta +0.2376) size 494.7 MB sparsity 20.8%
gen 48 offspring [99/100] k= 18 (used  17.0) c=0.968 alpha=-0.253 beta=+0.432 | loss 3.6407 (delta +0.7554) size 443.2 MB sparsity 29.9%
gen 48 offspring [100/100] k= 32 (used  31.0) c=0.987 alpha=-0.223 beta=+0.365 | loss 3.2488 (delta +0.3635) size 485.9 MB sparsity 24.8%
=== generation 48/50 done in 448s (0 reused), batch baseline 2.8854, HV 0.22580, front 100 points, 100/100 feasible, best delta loss +0.0015, smallest 436.7 MB
gen 49 offspring [1/100] k= 17 (used  17.0) c=0.848 alpha=-0.213 beta=+0.412 | loss 3.5238 (delta +0.6384) size 447.6 MB sparsity 27.4%
gen 49 offspring [2/100] k= 65 (used  65.0) c=0.945 alpha=-0.114 beta=+0.007 | loss 2.9177 (delta +0.0323) size 565.4 MB sparsity 7.7%
gen 49 offspring [3/100] k= 29 (used  29.0) c=0.983 alpha=-0.029 beta=+0.066 | loss 3.0140 (delta +0.1287) size 496.7 MB sparsity 13.0%
gen 49 offspring [4/100] k= 17 (used  17.0) c=0.939 alpha=-0.222 beta=+0.411 | loss 3.5794 (delta +0.6940) size 446.2 MB sparsity 28.2%
gen 49 offspring [5/100] k= 65 (used  65.0) c=0.952 alpha=-0.244 beta=+0.072 | loss 2.9719 (delta +0.0866) size 549.6 MB sparsity 13.6%
gen 49 offspring [6/100] k= 64 (used  64.0) c=0.912 alpha=-0.020 beta=+0.017 | loss 2.9128 (delta +0.0274) size 541.4 MB sparsity 5.5%
gen 49 offspring [7/100] k= 37 (used  37.0) c=0.940 alpha=-0.208 beta=+0.293 | loss 3.1438 (delta +0.2585) size 529.1 MB sparsity 21.3%
gen 49 offspring [8/100] k=156 (used 156.0) c=0.838 alpha=-0.035 beta=+0.012 | loss 2.9178 (delta +0.0324) size 630.9 MB sparsity 2.6%
gen 49 offspring [9/100] k= 16 (used  16.0) c=0.848 alpha=-0.210 beta=+0.423 | loss 3.6045 (delta +0.7191) size 445.3 MB sparsity 28.7%
gen 49 offspring [10/100] k= 23 (used  23.0) c=0.993 alpha=-0.014 beta=+0.365 | loss 3.3004 (delta +0.4150) size 488.7 MB sparsity 23.6%
gen 49 offspring [11/100] k= 32 (used  32.0) c=0.924 alpha=-0.157 beta=+0.474 | loss 3.4047 (delta +0.5194) size 482.5 MB sparsity 26.3%
gen 49 offspring [12/100] k= 16 (used  16.0) c=0.852 alpha=-0.203 beta=+0.251 | loss 3.4186 (delta +0.5333) size 450.6 MB sparsity 22.9%
gen 49 offspring [13/100] k= 17 (used  17.0) c=0.846 alpha=-0.217 beta=+0.444 | loss 3.6071 (delta +0.7218) size 445.3 MB sparsity 28.7%
gen 49 offspring [14/100] k= 17 (used  17.0) c=0.994 alpha=-0.218 beta=+0.107 | loss 3.4098 (delta +0.5244) size 456.3 MB sparsity 22.6%
gen 49 offspring [15/100] k= 17 (used  17.0) c=1.000 alpha=-0.324 beta=+0.394 | loss 3.7528 (delta +0.8675) size 441.4 MB sparsity 30.9%
gen 49 offspring [16/100] k= 18 (used  18.0) c=0.873 alpha=-0.039 beta=+0.028 | loss 3.3033 (delta +0.4180) size 493.5 MB sparsity 19.8%
gen 49 offspring [17/100] k= 34 (used  33.0) c=0.995 alpha=-0.037 beta=+0.039 | loss 2.9800 (delta +0.0947) size 515.5 MB sparsity 11.6%
gen 49 offspring [18/100] k= 34 (used  33.0) c=0.971 alpha=-0.193 beta=+0.350 | loss 3.1546 (delta +0.2692) size 489.9 MB sparsity 23.0%
gen 49 offspring [19/100] k= 17 (used  17.0) c=0.946 alpha=-0.210 beta=+0.291 | loss 3.4316 (delta +0.5462) size 454.0 MB sparsity 23.9%
gen 49 offspring [20/100] k= 17 (used  17.0) c=0.940 alpha=-0.181 beta=+0.305 | loss 3.4325 (delta +0.5471) size 453.5 MB sparsity 24.1%
gen 49 offspring [21/100] k= 15 (used  15.0) c=0.939 alpha=-0.345 beta=+0.440 | loss 3.9539 (delta +1.0686) size 436.8 MB sparsity 33.5%
gen 49 offspring [22/100] k= 17 (used  17.0) c=0.848 alpha=-0.211 beta=+0.280 | loss 3.3364 (delta +0.4510) size 456.1 MB sparsity 22.7%
gen 49 offspring [23/100] k= 17 (used  17.0) c=0.969 alpha=-0.350 beta=+0.428 | loss 3.8226 (delta +0.9372) size 437.8 MB sparsity 32.9%
gen 49 offspring [24/100] k= 32 (used  31.0) c=0.974 alpha=-0.096 beta=+0.092 | loss 2.9908 (delta +0.1054) size 496.7 MB sparsity 12.1%
gen 49 offspring [25/100] k= 17 (used  17.0) c=0.971 alpha=-0.174 beta=+0.434 | loss 3.5972 (delta +0.7118) size 444.8 MB sparsity 29.0%
gen 49 offspring [26/100] k= 15 (used  15.0) c=0.944 alpha=-0.048 beta=+0.071 | loss 3.6229 (delta +0.7376) size 449.4 MB sparsity 24.2%
gen 49 offspring [27/100] k= 17 (used  17.0) c=0.969 alpha=-0.309 beta=+0.023 | loss 3.4651 (delta +0.5797) size 452.7 MB sparsity 24.6%
gen 49 offspring [28/100] k= 17 (used  17.0) c=0.849 alpha=-0.284 beta=+0.138 | loss 3.3587 (delta +0.4733) size 456.9 MB sparsity 22.2%
gen 49 offspring [29/100] k= 13 (used  13.0) c=0.848 alpha=-0.232 beta=+0.410 | loss 3.8695 (delta +0.9841) size 442.9 MB sparsity 30.1%
gen 49 offspring [30/100] k= 37 (used  37.0) c=0.968 alpha=-0.047 beta=+0.034 | loss 2.9590 (delta +0.0737) size 541.4 MB sparsity 10.0%
gen 49 offspring [31/100] k= 17 (used  17.0) c=0.994 alpha=-0.356 beta=+0.435 | loss 3.8527 (delta +0.9674) size 436.9 MB sparsity 33.4%
gen 49 offspring [32/100] k= 17 (used  17.0) c=0.852 alpha=-0.167 beta=+0.251 | loss 3.2965 (delta +0.4112) size 458.8 MB sparsity 21.1%
gen 49 offspring [33/100] k= 18 (used  17.0) c=0.974 alpha=-0.327 beta=+0.435 | loss 3.8179 (delta +0.9325) size 438.8 MB sparsity 32.3%
gen 49 offspring [34/100] k= 64 (used  64.0) c=0.912 alpha=-0.015 beta=+0.049 | loss 2.9133 (delta +0.0280) size 541.4 MB sparsity 5.6%
gen 49 offspring [35/100] k= 27 (used  27.0) c=0.933 alpha=-0.041 beta=+0.429 | loss 3.3488 (delta +0.4635) size 487.2 MB sparsity 24.2%
gen 49 offspring [36/100] k= 41 (used  41.0) c=0.856 alpha=-0.209 beta=+0.379 | loss 3.2268 (delta +0.3414) size 520.3 MB sparsity 24.5%
gen 49 offspring [37/100] k= 17 (used  17.0) c=0.898 alpha=-0.295 beta=+0.439 | loss 3.7771 (delta +0.8918) size 440.9 MB sparsity 31.2%
gen 49 offspring [38/100] k= 17 (used  17.0) c=0.927 alpha=-0.345 beta=+0.434 | loss 3.8524 (delta +0.9671) size 437.9 MB sparsity 32.8%
gen 49 offspring [39/100] k=148 (used 147.0) c=1.000 alpha=-0.037 beta=+0.020 | loss 2.8911 (delta +0.0058) size 630.9 MB sparsity 3.0%
gen 49 offspring [40/100] k= 65 (used  65.0) c=0.962 alpha=-0.215 beta=+0.106 | loss 2.9629 (delta +0.0776) size 549.2 MB sparsity 13.8%
gen 49 offspring [41/100] k=111 (used 111.0) c=0.992 alpha=-0.043 beta=+0.001 | loss 2.8974 (delta +0.0121) size 586.1 MB sparsity 3.7%
gen 49 offspring [42/100] k= 34 (used  33.0) c=0.976 alpha=-0.254 beta=+0.346 | loss 3.2246 (delta +0.3392) size 485.0 MB sparsity 25.2%
gen 49 offspring [43/100] k= 35 (used  35.0) c=0.966 alpha=-0.080 beta=+0.080 | loss 2.9704 (delta +0.0851) size 541.4 MB sparsity 10.6%
gen 49 offspring [44/100] k= 17 (used  17.0) c=0.848 alpha=-0.222 beta=+0.389 | loss 3.4994 (delta +0.6141) size 448.7 MB sparsity 26.8%
gen 49 offspring [45/100] k= 57 (used  56.7) c=0.994 alpha=-0.359 beta=+0.435 | loss 3.5084 (delta +0.6230) size 498.8 MB sparsity 32.5%
gen 49 offspring [46/100] k= 10 (used   9.0) c=0.980 alpha=-0.206 beta=+0.432 | loss 7.3380 (delta +4.4526) size 396.5 MB sparsity 41.3%
gen 49 offspring [47/100] k= 17 (used  17.0) c=0.854 alpha=-0.211 beta=+0.269 | loss 3.3396 (delta +0.4543) size 456.8 MB sparsity 22.3%
gen 49 offspring [48/100] k=  6 (used   5.0) c=0.849 alpha=-0.068 beta=+0.343 | loss 12.6008 (delta +9.7154) size 351.3 MB sparsity 62.5%
gen 49 offspring [49/100] k= 32 (used  31.0) c=0.978 alpha=-0.002 beta=+0.300 | loss 3.0835 (delta +0.1982) size 496.0 MB sparsity 18.7%
gen 49 offspring [50/100] k= 32 (used  32.0) c=0.851 alpha=-0.211 beta=+0.276 | loss 3.1627 (delta +0.2773) size 494.8 MB sparsity 20.8%
gen 49 offspring [51/100] k= 11 (used  11.0) c=0.978 alpha=-0.253 beta=+0.432 | loss 5.1431 (delta +2.2577) size 432.4 MB sparsity 35.9%
gen 49 offspring [52/100] k=  9 (used   9.0) c=0.992 alpha=-0.030 beta=+0.465 | loss 7.4558 (delta +4.5705) size 395.4 MB sparsity 42.1%
gen 49 offspring [53/100] k= 41 (used  41.0) c=0.986 alpha=-0.223 beta=+0.365 | loss 3.2171 (delta +0.3318) size 520.1 MB sparsity 24.6%
gen 49 offspring [54/100] k= 33 (used  33.0) c=0.965 alpha=-0.273 beta=+0.353 | loss 3.2592 (delta +0.3739) size 482.8 MB sparsity 26.2%
gen 49 offspring [55/100] k= 11 (used  11.0) c=0.988 alpha=-0.198 beta=+0.389 | loss 5.1053 (delta +2.2200) size 434.0 MB sparsity 35.0%
gen 49 offspring [56/100] k= 34 (used  33.0) c=0.987 alpha=-0.218 beta=+0.398 | loss 3.2601 (delta +0.3747) size 483.6 MB sparsity 25.8%
gen 49 offspring [57/100] k= 34 (used  33.0) c=0.987 alpha=-0.331 beta=+0.090 | loss 3.1052 (delta +0.2199) size 497.7 MB sparsity 19.6%
gen 49 offspring [58/100] k= 17 (used  17.0) c=0.963 alpha=-0.292 beta=+0.301 | loss 3.5561 (delta +0.6708) size 449.3 MB sparsity 26.5%
gen 49 offspring [59/100] k= 22 (used  22.0) c=0.832 alpha=-0.210 beta=+0.252 | loss 3.2095 (delta +0.3242) size 494.8 MB sparsity 20.5%
gen 49 offspring [60/100] k= 17 (used  17.0) c=0.971 alpha=-0.253 beta=+0.430 | loss 3.6370 (delta +0.7517) size 443.3 MB sparsity 29.8%
gen 49 offspring [61/100] k= 17 (used  17.0) c=0.856 alpha=-0.215 beta=+0.434 | loss 3.5897 (delta +0.7043) size 446.0 MB sparsity 28.3%
gen 49 offspring [62/100] k=212 (used 212.0) c=0.988 alpha=-0.037 beta=+0.032 | loss 2.8882 (delta +0.0029) size 630.9 MB sparsity 3.0%
gen 49 offspring [63/100] k= 21 (used  21.0) c=0.965 alpha=-0.178 beta=+0.133 | loss 3.1895 (delta +0.3042) size 495.3 MB sparsity 17.9%
gen 49 offspring [64/100] k= 28 (used  27.0) c=0.973 alpha=-0.093 beta=+0.128 | loss 3.0532 (delta +0.1679) size 496.6 MB sparsity 13.9%
gen 49 offspring [65/100] k= 17 (used  17.0) c=0.973 alpha=-0.217 beta=+0.432 | loss 3.6069 (delta +0.7215) size 444.5 MB sparsity 29.2%
gen 49 offspring [66/100] k= 30 (used  30.0) c=0.848 alpha=-0.045 beta=+0.072 | loss 2.9861 (delta +0.1007) size 496.7 MB sparsity 11.3%
gen 49 offspring [67/100] k= 31 (used  31.0) c=0.847 alpha=-0.187 beta=+0.291 | loss 3.1630 (delta +0.2776) size 495.4 MB sparsity 20.4%
gen 49 offspring [68/100] k= 32 (used  31.0) c=0.993 alpha=-0.014 beta=+0.084 | loss 2.9977 (delta +0.1124) size 496.7 MB sparsity 12.3%
gen 49 offspring [69/100] k= 32 (used  32.0) c=0.918 alpha=-0.045 beta=+0.089 | loss 2.9732 (delta +0.0879) size 496.7 MB sparsity 11.4%
gen 49 offspring [70/100] k= 10 (used   9.0) c=0.994 alpha=-0.359 beta=+0.435 | loss 7.3685 (delta +4.4832) size 395.9 MB sparsity 41.8%
gen 49 offspring [71/100] k= 33 (used  33.0) c=0.987 alpha=-0.012 beta=+0.154 | loss 2.9792 (delta +0.0939) size 512.8 MB sparsity 12.8%
gen 49 offspring [72/100] k= 34 (used  33.0) c=0.986 alpha=-0.315 beta=+0.363 | loss 3.3550 (delta +0.4697) size 478.2 MB sparsity 28.3%
gen 49 offspring [73/100] k= 43 (used  43.0) c=0.969 alpha=-0.156 beta=+0.425 | loss 3.2509 (delta +0.3656) size 521.2 MB sparsity 24.2%
gen 49 offspring [74/100] k= 33 (used  33.0) c=0.965 alpha=-0.011 beta=+0.434 | loss 3.3019 (delta +0.4165) size 489.2 MB sparsity 23.3%
gen 49 offspring [75/100] k= 17 (used  17.0) c=0.993 alpha=-0.189 beta=+0.398 | loss 3.5678 (delta +0.6824) size 446.5 MB sparsity 28.0%
gen 49 offspring [76/100] k= 16 (used  16.0) c=0.848 alpha=-0.156 beta=+0.011 | loss 3.3946 (delta +0.5093) size 450.7 MB sparsity 21.9%
gen 49 offspring [77/100] k= 21 (used  21.0) c=0.933 alpha=-0.305 beta=+0.415 | loss 3.6209 (delta +0.7356) size 473.7 MB sparsity 30.3%
gen 49 offspring [78/100] k= 17 (used  17.0) c=0.971 alpha=-0.292 beta=+0.475 | loss 3.8342 (delta +0.9488) size 438.4 MB sparsity 32.5%
gen 49 offspring [79/100] k= 34 (used  33.0) c=0.973 alpha=-0.193 beta=+0.356 | loss 3.1624 (delta +0.2771) size 489.4 MB sparsity 23.2%
gen 49 offspring [80/100] k= 35 (used  35.0) c=0.958 alpha=-0.200 beta=+0.350 | loss 3.1910 (delta +0.3057) size 523.8 MB sparsity 23.2%
gen 49 offspring [81/100] k= 17 (used  17.0) c=0.848 alpha=-0.067 beta=+0.343 | loss 3.3835 (delta +0.4982) size 453.2 MB sparsity 24.3%
gen 49 offspring [82/100] k=210 (used 207.1) c=1.000 alpha=-0.312 beta=+0.023 | loss 3.0085 (delta +0.1231) size 625.4 MB sparsity 14.0%
gen 49 offspring [83/100] k= 17 (used  17.0) c=0.940 alpha=-0.147 beta=+0.297 | loss 3.4106 (delta +0.5252) size 454.1 MB sparsity 23.8%
gen 49 offspring [84/100] k= 67 (used  67.0) c=0.972 alpha=-0.061 beta=+0.086 | loss 2.9085 (delta +0.0231) size 586.1 MB sparsity 6.9%
gen 49 offspring [85/100] k= 11 (used  11.0) c=0.999 alpha=-0.223 beta=+0.436 | loss 5.3880 (delta +2.5027) size 431.5 MB sparsity 36.4%
gen 49 offspring [86/100] k= 35 (used  35.0) c=0.988 alpha=-0.189 beta=+0.286 | loss 3.1219 (delta +0.2366) size 531.6 MB sparsity 20.3%
gen 49 offspring [87/100] k= 17 (used  17.0) c=0.862 alpha=-0.022 beta=+0.002 | loss 3.2817 (delta +0.3963) size 461.6 MB sparsity 19.6%
gen 49 offspring [88/100] k= 33 (used  33.0) c=0.964 alpha=-0.250 beta=+0.356 | loss 3.2370 (delta +0.3516) size 484.4 MB sparsity 25.5%
gen 49 offspring [89/100] k= 14 (used  14.0) c=0.862 alpha=-0.211 beta=+0.412 | loss 3.8544 (delta +0.9691) size 442.4 MB sparsity 30.3%
gen 49 offspring [90/100] k= 63 (used  62.8) c=0.945 alpha=-0.085 beta=+0.361 | loss 3.1202 (delta +0.2349) size 535.8 MB sparsity 18.8%
gen 49 offspring [91/100] k= 32 (used  32.0) c=0.917 alpha=-0.213 beta=+0.234 | loss 3.0838 (delta +0.1985) size 496.2 MB sparsity 19.3%
gen 49 offspring [92/100] k= 34 (used  33.0) c=0.973 alpha=-0.259 beta=+0.319 | loss 3.2072 (delta +0.3219) size 486.8 MB sparsity 24.4%
gen 49 offspring [93/100] k= 17 (used  17.0) c=0.917 alpha=-0.223 beta=+0.319 | loss 3.4629 (delta +0.5776) size 452.3 MB sparsity 24.8%
gen 49 offspring [94/100] k= 24 (used  24.0) c=0.848 alpha=-0.206 beta=+0.269 | loss 3.1997 (delta +0.3143) size 494.5 MB sparsity 20.8%
gen 49 offspring [95/100] k= 33 (used  33.0) c=0.998 alpha=-0.217 beta=+0.399 | loss 3.2615 (delta +0.3761) size 483.6 MB sparsity 25.8%
gen 49 offspring [96/100] k= 46 (used  46.0) c=0.918 alpha=-0.045 beta=+0.084 | loss 2.9353 (delta +0.0500) size 541.4 MB sparsity 8.1%
gen 49 offspring [97/100] k= 17 (used  17.0) c=0.848 alpha=-0.264 beta=+0.393 | loss 3.5962 (delta +0.7108) size 446.0 MB sparsity 28.3%
gen 49 offspring [98/100] k=136 (used 136.0) c=0.988 alpha=-0.026 beta=+0.014 | loss 2.8927 (delta +0.0073) size 630.9 MB sparsity 2.8%
gen 49 offspring [99/100] k= 26 (used  25.0) c=0.987 alpha=-0.255 beta=+0.328 | loss 3.3188 (delta +0.4335) size 485.6 MB sparsity 25.0%
gen 49 offspring [100/100] k= 36 (used  36.0) c=0.968 alpha=-0.017 beta=+0.009 | loss 2.9729 (delta +0.0875) size 541.4 MB sparsity 10.6%
=== generation 49/50 done in 447s (0 reused), batch baseline 2.8854, HV 0.22582, front 100 points, 100/100 feasible, best delta loss +0.0015, smallest 436.7 MB
gen 50 offspring [1/100] k= 17 (used  17.0) c=0.852 alpha=-0.168 beta=+0.251 | loss 3.2965 (delta +0.4111) size 458.8 MB sparsity 21.1%
gen 50 offspring [2/100] k= 17 (used  17.0) c=0.971 alpha=-0.348 beta=+0.427 | loss 3.8224 (delta +0.9370) size 438.0 MB sparsity 32.8%
gen 50 offspring [3/100] k= 34 (used  33.0) c=0.971 alpha=-0.193 beta=+0.423 | loss 3.2673 (delta +0.3819) size 483.7 MB sparsity 25.8%
gen 50 offspring [4/100] k= 31 (used  31.0) c=0.848 alpha=-0.217 beta=+0.430 | loss 3.3455 (delta +0.4601) size 481.2 MB sparsity 26.9%
gen 50 offspring [5/100] k= 17 (used  17.0) c=0.969 alpha=-0.253 beta=+0.444 | loss 3.6763 (delta +0.7909) size 442.4 MB sparsity 30.3%
gen 50 offspring [6/100] k= 16 (used  15.0) c=0.974 alpha=-0.050 beta=+0.432 | loss 3.8045 (delta +0.9191) size 441.9 MB sparsity 30.6%
gen 50 offspring [7/100] k= 31 (used  31.0) c=0.963 alpha=-0.331 beta=+0.432 | loss 3.5371 (delta +0.6517) size 471.0 MB sparsity 31.5%
gen 50 offspring [8/100] k= 15 (used  15.0) c=0.965 alpha=-0.211 beta=+0.351 | loss 3.7567 (delta +0.8713) size 446.9 MB sparsity 27.7%
gen 50 offspring [9/100] k= 32 (used  32.0) c=0.844 alpha=-0.193 beta=+0.424 | loss 3.3214 (delta +0.4360) size 483.8 MB sparsity 25.7%
gen 50 offspring [10/100] k= 66 (used  65.6) c=0.959 alpha=-0.216 beta=+0.415 | loss 3.2397 (delta +0.3544) size 547.4 MB sparsity 26.1%
gen 50 offspring [11/100] k= 35 (used  35.0) c=0.993 alpha=-0.263 beta=+0.508 | loss 3.5671 (delta +0.6817) size 501.4 MB sparsity 31.6%
gen 50 offspring [12/100] k=218 (used 217.5) c=0.973 alpha=-0.094 beta=+0.127 | loss 2.9044 (delta +0.0191) size 630.9 MB sparsity 9.4%
gen 50 offspring [13/100] k= 17 (used  17.0) c=0.918 alpha=-0.045 beta=+0.298 | loss 3.4079 (delta +0.5225) size 454.5 MB sparsity 23.6%
gen 50 offspring [14/100] k= 33 (used  33.0) c=0.987 alpha=-0.221 beta=+0.397 | loss 3.2618 (delta +0.3765) size 483.5 MB sparsity 25.9%
gen 50 offspring [15/100] k= 65 (used  65.0) c=0.907 alpha=-0.216 beta=+0.258 | loss 3.0628 (delta +0.1775) size 532.6 MB sparsity 19.9%
gen 50 offspring [16/100] k= 17 (used  17.0) c=0.849 alpha=-0.026 beta=+0.013 | loss 3.2710 (delta +0.3857) size 462.1 MB sparsity 19.3%
gen 50 offspring [17/100] k= 17 (used  17.0) c=0.917 alpha=-0.206 beta=+0.073 | loss 3.3515 (delta +0.4662) size 459.1 MB sparsity 21.0%
gen 50 offspring [18/100] k= 31 (used  31.0) c=0.972 alpha=-0.206 beta=+0.238 | loss 3.1032 (delta +0.2178) size 496.1 MB sparsity 19.3%
gen 50 offspring [19/100] k= 17 (used  17.0) c=0.852 alpha=-0.197 beta=+0.252 | loss 3.2947 (delta +0.4093) size 458.3 MB sparsity 21.4%
gen 50 offspring [20/100] k= 32 (used  31.0) c=0.978 alpha=-0.030 beta=+0.277 | loss 3.0653 (delta +0.1799) size 496.3 MB sparsity 17.8%
gen 50 offspring [21/100] k= 18 (used  18.0) c=0.847 alpha=-0.359 beta=+0.291 | loss 3.6140 (delta +0.7287) size 478.8 MB sparsity 28.0%
gen 50 offspring [22/100] k= 17 (used  17.0) c=0.847 alpha=-0.361 beta=+0.033 | loss 3.5040 (delta +0.6187) size 452.1 MB sparsity 24.9%
gen 50 offspring [23/100] k= 15 (used  15.0) c=0.851 alpha=-0.082 beta=+0.065 | loss 3.4432 (delta +0.5578) size 450.7 MB sparsity 22.0%
gen 50 offspring [24/100] k= 17 (used  17.0) c=0.852 alpha=-0.176 beta=+0.251 | loss 3.2950 (delta +0.4096) size 458.8 MB sparsity 21.2%
gen 50 offspring [25/100] k= 45 (used  45.0) c=0.939 alpha=-0.254 beta=+0.296 | loss 3.1610 (delta +0.2757) size 524.2 MB sparsity 23.1%
gen 50 offspring [26/100] k= 70 (used  70.0) c=0.945 alpha=-0.082 beta=+0.088 | loss 2.9065 (delta +0.0212) size 586.1 MB sparsity 7.6%
gen 50 offspring [27/100] k= 17 (used  17.0) c=0.968 alpha=-0.210 beta=+0.229 | loss 3.3881 (delta +0.5027) size 456.6 MB sparsity 22.4%
gen 50 offspring [28/100] k= 17 (used  17.0) c=1.000 alpha=-0.308 beta=+0.425 | loss 3.7586 (delta +0.8733) size 440.4 MB sparsity 31.5%
gen 50 offspring [29/100] k= 17 (used  17.0) c=0.969 alpha=-0.292 beta=+0.397 | loss 3.6707 (delta +0.7853) size 443.3 MB sparsity 29.8%
gen 50 offspring [30/100] k= 17 (used  17.0) c=0.969 alpha=-0.579 beta=+0.432 | loss 4.6844 (delta +1.7990) size 423.4 MB sparsity 41.0%
gen 50 offspring [31/100] k= 17 (used  17.0) c=0.846 alpha=-0.200 beta=+0.263 | loss 3.3052 (delta +0.4198) size 457.7 MB sparsity 21.8%
gen 50 offspring [32/100] k= 18 (used  17.0) c=0.970 alpha=-0.273 beta=+0.318 | loss 3.5318 (delta +0.6464) size 449.3 MB sparsity 26.5%
gen 50 offspring [33/100] k= 35 (used  35.0) c=0.961 alpha=-0.094 beta=+0.002 | loss 2.9699 (delta +0.0846) size 541.4 MB sparsity 10.6%
gen 50 offspring [34/100] k= 33 (used  33.0) c=0.863 alpha=-0.167 beta=+0.353 | loss 3.1905 (delta +0.3052) size 492.1 MB sparsity 22.0%
gen 50 offspring [35/100] k= 18 (used  17.0) c=0.992 alpha=-0.253 beta=+0.455 | loss 3.7231 (delta +0.8377) size 441.5 MB sparsity 30.8%
gen 50 offspring [36/100] k= 33 (used  33.0) c=0.986 alpha=-0.259 beta=+0.319 | loss 3.2153 (delta +0.3299) size 486.8 MB sparsity 24.4%
gen 50 offspring [37/100] k= 17 (used  17.0) c=0.923 alpha=-0.287 beta=+0.389 | loss 3.6514 (delta +0.7661) size 444.4 MB sparsity 29.2%
gen 50 offspring [38/100] k= 17 (used  17.0) c=0.847 alpha=-0.060 beta=+0.423 | loss 3.5383 (delta +0.6530) size 448.0 MB sparsity 27.2%
gen 50 offspring [39/100] k= 31 (used  31.0) c=0.923 alpha=-0.062 beta=+0.267 | loss 3.0418 (delta +0.1565) size 496.6 MB sparsity 17.1%
gen 50 offspring [40/100] k= 17 (used  17.0) c=0.848 alpha=-0.228 beta=+0.412 | loss 3.5454 (delta +0.6600) size 446.9 MB sparsity 27.8%
gen 50 offspring [41/100] k= 16 (used  16.0) c=0.848 alpha=-0.202 beta=+0.025 | loss 3.3925 (delta +0.5071) size 450.7 MB sparsity 21.9%
gen 50 offspring [42/100] k= 17 (used  17.0) c=0.973 alpha=-0.193 beta=+0.354 | loss 3.4874 (delta +0.6020) size 449.7 MB sparsity 26.2%
gen 50 offspring [43/100] k= 33 (used  33.0) c=0.848 alpha=-0.029 beta=+0.301 | loss 3.0885 (delta +0.2031) size 502.1 MB sparsity 17.6%
gen 50 offspring [44/100] k= 17 (used  17.0) c=0.846 alpha=-0.276 beta=+0.375 | loss 3.5926 (delta +0.7072) size 446.5 MB sparsity 28.1%
gen 50 offspring [45/100] k= 46 (used  46.0) c=0.918 alpha=-0.040 beta=+0.191 | loss 2.9658 (delta +0.0804) size 541.4 MB sparsity 12.1%
gen 50 offspring [46/100] k= 46 (used  44.9) c=0.993 alpha=-0.376 beta=+0.436 | loss 3.5859 (delta +0.7005) size 496.8 MB sparsity 33.3%
gen 50 offspring [47/100] k= 66 (used  66.0) c=0.929 alpha=-0.060 beta=+0.086 | loss 2.9095 (delta +0.0242) size 586.1 MB sparsity 6.8%
gen 50 offspring [48/100] k= 17 (used  17.0) c=0.848 alpha=-0.199 beta=+0.252 | loss 3.2908 (delta +0.4054) size 458.3 MB sparsity 21.4%
gen 50 offspring [49/100] k= 17 (used  17.0) c=0.951 alpha=-0.245 beta=+0.433 | loss 3.6791 (delta +0.7937) size 443.7 MB sparsity 29.6%
gen 50 offspring [50/100] k= 54 (used  53.9) c=0.969 alpha=-0.158 beta=+0.351 | loss 3.1085 (delta +0.2232) size 528.8 MB sparsity 21.3%
gen 50 offspring [51/100] k= 26 (used  26.0) c=0.959 alpha=-0.055 beta=+0.335 | loss 3.2183 (delta +0.3330) size 493.1 MB sparsity 21.5%
gen 50 offspring [52/100] k= 33 (used  33.0) c=0.971 alpha=-0.029 beta=+0.024 | loss 2.9713 (delta +0.0860) size 516.1 MB sparsity 11.3%
gen 50 offspring [53/100] k= 48 (used  48.0) c=0.951 alpha=-0.249 beta=+0.071 | loss 2.9876 (delta +0.1022) size 541.3 MB sparsity 14.4%
gen 50 offspring [54/100] k= 32 (used  31.0) c=0.981 alpha=-0.096 beta=+0.092 | loss 2.9912 (delta +0.1058) size 496.7 MB sparsity 12.1%
gen 50 offspring [55/100] k= 17 (used  17.0) c=0.846 alpha=-0.276 beta=+0.305 | loss 3.5043 (delta +0.6190) size 451.0 MB sparsity 25.5%
gen 50 offspring [56/100] k= 22 (used  21.0) c=0.976 alpha=-0.210 beta=+0.356 | loss 3.3659 (delta +0.4805) size 485.7 MB sparsity 24.9%
gen 50 offspring [57/100] k= 17 (used  17.0) c=0.941 alpha=-0.060 beta=+0.085 | loss 3.3498 (delta +0.4645) size 458.6 MB sparsity 21.3%
gen 50 offspring [58/100] k= 18 (used  17.0) c=0.992 alpha=-0.217 beta=+0.351 | loss 3.4939 (delta +0.6085) size 449.3 MB sparsity 26.5%
gen 50 offspring [59/100] k= 37 (used  37.0) c=0.994 alpha=-0.072 beta=+0.040 | loss 2.9624 (delta +0.0770) size 541.4 MB sparsity 10.3%
gen 50 offspring [60/100] k= 34 (used  34.0) c=0.959 alpha=-0.259 beta=+0.319 | loss 3.2239 (delta +0.3385) size 520.7 MB sparsity 24.4%
gen 50 offspring [61/100] k= 32 (used  32.0) c=0.846 alpha=-0.100 beta=+0.097 | loss 2.9843 (delta +0.0990) size 496.7 MB sparsity 10.7%
gen 50 offspring [62/100] k=115 (used 115.0) c=0.992 alpha=-0.041 beta=+0.001 | loss 2.8937 (delta +0.0084) size 586.1 MB sparsity 3.6%
gen 50 offspring [63/100] k= 33 (used  33.0) c=0.943 alpha=-0.027 beta=+0.072 | loss 2.9752 (delta +0.0898) size 516.8 MB sparsity 11.0%
gen 50 offspring [64/100] k=136 (used 135.4) c=0.988 alpha=-0.248 beta=+0.144 | loss 2.9896 (delta +0.1042) size 616.5 MB sparsity 16.5%
gen 50 offspring [65/100] k= 46 (used  44.9) c=0.980 alpha=-0.045 beta=+0.486 | loss 14.7714 (delta +11.8861) size 522.3 MB sparsity 23.8%
gen 50 offspring [66/100] k=  7 (used   7.0) c=0.987 alpha=-0.314 beta=+0.432 | loss 11.3173 (delta +8.4319) size 382.2 MB sparsity 52.0%
gen 50 offspring [67/100] k= 16 (used  16.0) c=0.857 alpha=-0.193 beta=+0.383 | loss 3.5553 (delta +0.6699) size 447.6 MB sparsity 27.3%
gen 50 offspring [68/100] k= 16 (used  15.0) c=0.961 alpha=-0.231 beta=+0.434 | loss 3.7737 (delta +0.8884) size 442.0 MB sparsity 30.6%
gen 50 offspring [69/100] k= 15 (used  15.0) c=0.998 alpha=-0.211 beta=+0.422 | loss 3.7966 (delta +0.9112) size 442.0 MB sparsity 30.6%
gen 50 offspring [70/100] k= 67 (used  67.0) c=0.942 alpha=-0.213 beta=+0.260 | loss 3.0593 (delta +0.1739) size 568.5 MB sparsity 19.9%
gen 50 offspring [71/100] k=229 (used 229.0) c=0.994 alpha=-0.036 beta=+0.039 | loss 2.8888 (delta +0.0034) size 630.9 MB sparsity 3.2%
gen 50 offspring [72/100] k= 18 (used  17.0) c=0.992 alpha=-0.187 beta=+0.488 | loss 5.1704 (delta +2.2850) size 441.0 MB sparsity 31.1%
gen 50 offspring [73/100] k= 17 (used  17.0) c=0.874 alpha=-0.197 beta=+0.383 | loss 3.4936 (delta +0.6082) size 449.7 MB sparsity 26.3%
gen 50 offspring [74/100] k= 27 (used  27.0) c=0.849 alpha=-0.253 beta=+0.484 | loss 3.5043 (delta +0.6190) size 473.4 MB sparsity 30.4%
gen 50 offspring [75/100] k= 17 (used  17.0) c=0.969 alpha=-0.158 beta=+0.432 | loss 3.5948 (delta +0.7094) size 444.9 MB sparsity 28.9%
gen 50 offspring [76/100] k= 17 (used  17.0) c=0.970 alpha=-0.254 beta=+0.440 | loss 3.6572 (delta +0.7718) size 442.7 MB sparsity 30.2%
gen 50 offspring [77/100] k= 17 (used  17.0) c=0.969 alpha=-0.193 beta=+0.548 | loss 15.3323 (delta +12.4470) size 437.7 MB sparsity 32.9%
gen 50 offspring [78/100] k= 33 (used  33.0) c=0.993 alpha=-0.312 beta=+0.372 | loss 3.3705 (delta +0.4852) size 477.6 MB sparsity 28.5%
gen 50 offspring [79/100] k= 97 (used  97.0) c=0.992 alpha=-0.039 beta=+0.130 | loss 2.9041 (delta +0.0187) size 586.1 MB sparsity 7.6%
gen 50 offspring [80/100] k= 17 (used  17.0) c=0.964 alpha=-0.212 beta=+0.107 | loss 3.3955 (delta +0.5101) size 457.4 MB sparsity 21.9%
gen 50 offspring [81/100] k= 23 (used  23.0) c=0.848 alpha=-0.231 beta=+0.342 | loss 3.3350 (delta +0.4496) size 486.6 MB sparsity 24.5%
gen 50 offspring [82/100] k= 19 (used  19.0) c=0.992 alpha=-0.416 beta=+0.459 | loss 4.1854 (delta +1.3001) size 460.5 MB sparsity 36.2%
gen 50 offspring [83/100] k= 16 (used  15.0) c=1.000 alpha=-0.293 beta=+0.438 | loss 3.9008 (delta +1.0155) size 439.2 MB sparsity 32.1%
gen 50 offspring [84/100] k= 17 (used  17.0) c=0.969 alpha=-0.216 beta=+0.458 | loss 3.6720 (delta +0.7866) size 442.9 MB sparsity 30.0%
gen 50 offspring [85/100] k= 16 (used  15.0) c=0.946 alpha=-0.216 beta=+0.415 | loss 3.7526 (delta +0.8673) size 443.6 MB sparsity 29.6%
gen 50 offspring [86/100] k= 37 (used  37.0) c=0.973 alpha=-0.094 beta=+0.128 | loss 2.9627 (delta +0.0774) size 541.4 MB sparsity 11.1%
gen 50 offspring [87/100] k= 17 (used  17.0) c=0.848 alpha=-0.212 beta=+0.372 | loss 3.4422 (delta +0.5568) size 450.3 MB sparsity 25.9%
gen 50 offspring [88/100] k= 34 (used  34.0) c=0.849 alpha=-0.188 beta=+0.139 | loss 3.0165 (delta +0.1311) size 541.3 MB sparsity 14.5%
gen 50 offspring [89/100] k= 17 (used  17.0) c=0.965 alpha=-0.211 beta=+0.042 | loss 3.3950 (delta +0.5097) size 457.4 MB sparsity 22.0%
gen 50 offspring [90/100] k= 32 (used  32.0) c=0.919 alpha=-0.213 beta=+0.277 | loss 3.1208 (delta +0.2354) size 494.4 MB sparsity 21.0%
gen 50 offspring [91/100] k= 34 (used  33.0) c=0.972 alpha=-0.216 beta=+0.319 | loss 3.1524 (delta +0.2671) size 490.5 MB sparsity 22.7%
gen 50 offspring [92/100] k= 33 (used  33.0) c=0.969 alpha=-0.215 beta=+0.454 | loss 3.3473 (delta +0.4620) size 479.3 MB sparsity 27.8%
gen 50 offspring [93/100] k= 37 (used  37.0) c=0.992 alpha=-0.014 beta=+0.090 | loss 2.9613 (delta +0.0759) size 541.4 MB sparsity 10.3%
gen 50 offspring [94/100] k= 34 (used  34.0) c=0.969 alpha=-0.250 beta=+0.353 | loss 3.2381 (delta +0.3528) size 518.1 MB sparsity 25.3%
gen 50 offspring [95/100] k= 31 (used  31.0) c=0.966 alpha=-0.271 beta=+0.291 | loss 3.2338 (delta +0.3485) size 488.1 MB sparsity 23.8%
gen 50 offspring [96/100] k=212 (used 211.0) c=0.997 alpha=-0.068 beta=+0.039 | loss 2.8892 (delta +0.0039) size 630.9 MB sparsity 4.6%
gen 50 offspring [97/100] k= 65 (used  65.0) c=0.973 alpha=-0.082 beta=+0.050 | loss 2.9142 (delta +0.0289) size 568.4 MB sparsity 6.6%
gen 50 offspring [98/100] k= 17 (used  17.0) c=0.856 alpha=-0.207 beta=+0.305 | loss 3.3716 (delta +0.4862) size 454.6 MB sparsity 23.5%
gen 50 offspring [99/100] k= 17 (used  17.0) c=0.940 alpha=-0.180 beta=+0.425 | loss 3.5936 (delta +0.7083) size 446.0 MB sparsity 28.3%
gen 50 offspring [100/100] k= 17 (used  17.0) c=0.837 alpha=-0.213 beta=+0.368 | loss 3.4510 (delta +0.5657) size 450.5 MB sparsity 25.8%
=== generation 50/50 done in 447s (0 reused), batch baseline 2.8854, HV 0.22586, front 100 points, 100/100 feasible, best delta loss +0.0015, smallest 436.7 MB
Scoring 100 of 100 final solutions (delta_loss <= 1.0) with 2048-token windows
[transformers] Token indices sequence length is longer than the specified maximum sequence length for this model (299078 > 131072). Running this sequence through the model will result in indexing errors
Test set wikitext2: 146 windows, 299008 tokens
Test set c4: 256 windows, 524288 tokens
{"b": 4.146744722988092, "k_init": 18, "c": 0.9936880796928819, "alpha": -0.35872374269470736, "beta": 0.43450494018559305, "last_batch_loss": 3.857280602615871, "last_batch_ppl": 47.3364495635574, "size_mb": 436.7111225, "size_ratio": 0.4419859883666664, "target_bits_per_weight": 3.673259056007469, "n_pruned": 116373608, "n_rounded_zero": 3532261, "n_nonzero": 237920691, "pruned_pct": 32.52235049293155, "sparsity_pct": 33.50949381733989, "n_dense_matrices": 0, "n_bitmap_matrices": 168, "n_csr_matrices": 0, "k_used_mean": 17.0, "k_used_min": 17, "k_used_max": 17, "k_used_row_mean": 15.512902462121213, "last_batch_delta_loss": 0.971929195163654, "huffman_size_mb": 408.17691125, "huffman_bits_per_weight": 3.035313985635946, "wikitext2_loss": 3.8958178182075884, "wikitext2_ppl": 49.19627052105774, "c4_loss": 4.119849930405908, "c4_ppl": 61.55000478707887}
{"b": 4.053725458249013, "k_init": 17, "c": 0.970595242235358, "alpha": -0.3563067096524314, "beta": 0.43450494018559305, "last_batch_loss": 3.8442565589983055, "last_batch_ppl": 46.723934946446974, "size_mb": 436.977101, "size_ratio": 0.4422551795187804, "target_bits_per_weight": 3.679205590552026, "n_pruned": 116037267, "n_rounded_zero": 3336645, "n_nonzero": 238452648, "pruned_pct": 32.42835495498154, "sparsity_pct": 33.36083045372596, "n_dense_matrices": 0, "n_bitmap_matrices": 168, "n_csr_matrices": 0, "k_used_mean": 17.0, "k_used_min": 17, "k_used_max": 17, "k_used_row_mean": 15.714574126683502, "last_batch_delta_loss": 0.9589051515460887, "huffman_size_mb": 409.36924675, "huffman_bits_per_weight": 3.0619712689857344, "wikitext2_loss": 3.8915803345142366, "wikitext2_ppl": 48.988243194435974, "c4_loss": 4.098821643741759, "c4_ppl": 60.26922711735063}
{"b": 4.110658686782012, "k_init": 17, "c": 0.9932275297653879, "alpha": -0.34494264579489964, "beta": 0.4343328639952966, "last_batch_loss": 3.8417349155204263, "last_batch_ppl": 46.606262267254046, "size_mb": 437.582385, "size_ratio": 0.44286777451166964, "target_bits_per_weight": 3.692738046052255, "n_pruned": 114427951, "n_rounded_zero": 3735393, "n_nonzero": 239663216, "pruned_pct": 31.978607457199377, "sparsity_pct": 33.02251906622024, "n_dense_matrices": 0, "n_bitmap_matrices": 168, "n_csr_matrices": 0, "k_used_mean": 17.0, "k_used_min": 17, "k_used_max": 17, "k_used_row_mean": 15.516923795244107, "last_batch_delta_loss": 0.9563835080682095, "huffman_size_mb": 408.418618, "huffman_bits_per_weight": 3.0407178718091803, "wikitext2_loss": 3.891197225982435, "wikitext2_ppl": 48.96947897510598, "c4_loss": 4.100890687458913, "c4_ppl": 60.39405587660348}
{"b": 4.058547742209095, "k_init": 17, "c": 0.9693690620795977, "alpha": -0.35048924073641163, "beta": 0.42762953319859587, "last_batch_loss": 3.822564211250458, "last_batch_ppl": 45.72129720104854, "size_mb": 437.780577, "size_ratio": 0.44306836039669334, "target_bits_per_weight": 3.6971690642528046, "n_pruned": 114307159, "n_rounded_zero": 3459801, "n_nonzero": 240059600, "pruned_pct": 31.944850320781107, "sparsity_pct": 32.911743611206504, "n_dense_matrices": 0, "n_bitmap_matrices": 168, "n_csr_matrices": 0, "k_used_mean": 17.0, "k_used_min": 17, "k_used_max": 17, "k_used_row_mean": 15.725710884890573, "last_batch_delta_loss": 0.937212803798241, "huffman_size_mb": 409.642812375, "huffman_bits_per_weight": 3.068087430402036, "wikitext2_loss": 3.8695887539389, "wikitext2_ppl": 47.92267401691591, "c4_loss": 4.082599569077485, "c4_ppl": 59.29942260308768}
{"b": 4.054145040229899, "k_init": 17, "c": 0.9705775052157468, "alpha": -0.3478879203320291, "beta": 0.42715183044274774, "last_batch_loss": 3.8223705506056884, "last_batch_ppl": 45.712443642473495, "size_mb": 437.967594, "size_ratio": 0.4432576363031855, "target_bits_per_weight": 3.7013502407423307, "n_pruned": 113879370, "n_rounded_zero": 3513556, "n_nonzero": 240433634, "pruned_pct": 31.82529826740642, "sparsity_pct": 32.807214198968346, "n_dense_matrices": 0, "n_bitmap_matrices": 168, "n_csr_matrices": 0, "k_used_mean": 17.0, "k_used_min": 17, "k_used_max": 17, "k_used_row_mean": 15.714580702861953, "last_batch_delta_loss": 0.9370191431534716, "huffman_size_mb": 409.6292285, "huffman_bits_per_weight": 3.0677837329906423, "wikitext2_loss": 3.873363406111663, "wikitext2_ppl": 48.10390727358728, "c4_loss": 4.0826853256896465, "c4_ppl": 59.3045081387293}
{"b": 4.058547742209095, "k_init": 17, "c": 0.9693690620795977, "alpha": -0.33092030535339223, "beta": 0.43217693223116793, "last_batch_loss": 3.7916392748916095, "last_batch_ppl": 44.329008177644404, "size_mb": 438.7130295, "size_ratio": 0.44401207563219774, "target_bits_per_weight": 3.7180160913711937, "n_pruned": 112174901, "n_rounded_zero": 3727154, "n_nonzero": 241924505, "pruned_pct": 31.348958836370336, "sparsity_pct": 32.390567933246764, "n_dense_matrices": 0, "n_bitmap_matrices": 168, "n_csr_matrices": 0, "k_used_mean": 17.0, "k_used_min": 17, "k_used_max": 17, "k_used_row_mean": 15.725710884890573, "last_batch_delta_loss": 0.9062878674393926, "huffman_size_mb": 409.86457725, "huffman_bits_per_weight": 3.073045472085694, "wikitext2_loss": 3.80945311173353, "wikitext2_ppl": 45.12575337179567, "c4_loss": 4.0468655377990395, "c4_ppl": 57.21782855233553}
{"b": 4.119544116393827, "k_init": 17, "c": 0.9998473962772485, "alpha": -0.31591865402672803, "beta": 0.4323659144705373, "last_batch_loss": 3.778310413295371, "last_batch_ppl": 43.742073239698186, "size_mb": 439.4560495, "size_ratio": 0.44476407028531356, "target_bits_per_weight": 3.734627938183236, "n_pruned": 110085244, "n_rounded_zero": 4330771, "n_nonzero": 243410545, "pruned_pct": 30.76497284047333, "sparsity_pct": 31.975271762945713, "n_dense_matrices": 0, "n_bitmap_matrices": 168, "n_csr_matrices": 0, "k_used_mean": 17.0, "k_used_min": 17, "k_used_max": 17, "k_used_row_mean": 15.456344039351851, "last_batch_delta_loss": 0.8929590058431542, "huffman_size_mb": 408.55747075, "huffman_bits_per_weight": 3.0438222305241958, "wikitext2_loss": 3.7583784636204376, "wikitext2_ppl": 42.87883997695757, "c4_loss": 4.031236069925716, "c4_ppl": 56.330496664875064}
{"b": 4.054145040229899, "k_init": 17, "c": 0.970595242235358, "alpha": -0.3141376776586514, "beta": 0.43225830368628293, "last_batch_loss": 3.7660328949377138, "last_batch_ppl": 43.20831246613874, "size_mb": 439.730095, "size_ratio": 0.4450414258756213, "target_bits_per_weight": 3.7407548282609318, "n_pruned": 109818687, "n_rounded_zero": 4049237, "n_nonzero": 243958636, "pruned_pct": 30.690479488163206, "sparsity_pct": 31.82209951100332, "n_dense_matrices": 0, "n_bitmap_matrices": 168, "n_csr_matrices": 0, "k_used_mean": 17.0, "k_used_min": 17, "k_used_max": 17, "k_used_row_mean": 15.714574126683502, "last_batch_delta_loss": 0.8806814874854969, "huffman_size_mb": 410.043571375, "huffman_bits_per_weight": 3.0770472795535357, "wikitext2_loss": 3.7760045472361616, "wikitext2_ppl": 43.64132607702633, "c4_loss": 4.012608818385912, "c4_ppl": 55.290926559577976}
{"b": 4.119544116393827, "k_init": 17, "c": 0.9999872359921007, "alpha": -0.30845435492382145, "beta": 0.4323659144705373, "last_batch_loss": 3.7605319486691653, "last_batch_ppl": 42.971278414427665, "size_mb": 439.903712, "size_ratio": 0.4452171399286616, "target_bits_per_weight": 3.7446364182692307, "n_pruned": 109025012, "n_rounded_zero": 4495678, "n_nonzero": 244305870, "pruned_pct": 30.46867510337969, "sparsity_pct": 31.725059760795844, "n_dense_matrices": 0, "n_bitmap_matrices": 168, "n_csr_matrices": 0, "k_used_mean": 17.0, "k_used_min": 17, "k_used_max": 17, "k_used_row_mean": 15.456344039351851, "last_batch_delta_loss": 0.8751805412169484, "huffman_size_mb": 408.6554965, "huffman_bits_per_weight": 3.0460138118310724, "wikitext2_loss": 3.737976505133954, "wikitext2_ppl": 42.01289122569725, "c4_loss": 4.014185946920644, "c4_ppl": 55.378196257242955}
{"b": 4.145887887871335, "k_init": 18, "c": 0.9721629851737367, "alpha": -0.2966491557451355, "beta": 0.4391783492829427, "last_batch_loss": 3.7435029313572454, "last_batch_ppl": 42.24571511895437, "size_mb": 440.336995, "size_ratio": 0.4456556563875536, "target_bits_per_weight": 3.754323412996509, "n_pruned": 108254277, "n_rounded_zero": 4399847, "n_nonzero": 245172436, "pruned_pct": 30.253281645722442, "sparsity_pct": 31.482884892613896, "n_dense_matrices": 0, "n_bitmap_matrices": 168, "n_csr_matrices": 0, "k_used_mean": 17.0, "k_used_min": 17, "k_used_max": 17, "k_used_row_mean": 15.701747290614477, "last_batch_delta_loss": 0.8581515239050286, "huffman_size_mb": 410.087830875, "huffman_bits_per_weight": 3.078036798050989, "wikitext2_loss": 3.7248023057438506, "wikitext2_ppl": 41.46303493067875, "c4_loss": 3.9943512794036193, "c4_ppl": 54.29060976081329}
{"b": 4.109698646794653, "k_init": 17, "c": 0.969969081907737, "alpha": -0.2929179810568523, "beta": 0.4410376842332013, "last_batch_loss": 3.7417015444667503, "last_batch_ppl": 42.16968274398165, "size_mb": 440.4556525, "size_ratio": 0.44577574710590856, "target_bits_per_weight": 3.7569762624663747, "n_pruned": 107969494, "n_rounded_zero": 4447315, "n_nonzero": 245409751, "pruned_pct": 30.173694764301455, "sparsity_pct": 31.416563655867243, "n_dense_matrices": 0, "n_bitmap_matrices": 168, "n_csr_matrices": 0, "k_used_mean": 17.0, "k_used_min": 17, "k_used_max": 17, "k_used_row_mean": 15.719118265993266, "last_batch_delta_loss": 0.8563501370145334, "huffman_size_mb": 410.21440975, "huffman_bits_per_weight": 3.08086674728673, "wikitext2_loss": 3.6998436513837283, "wikitext2_ppl": 40.44098097433796, "c4_loss": 3.982752875927663, "c4_ppl": 53.66456295370707}
{"b": 4.145887887871335, "k_init": 18, "c": 0.9923672263108055, "alpha": -0.2530269079130535, "beta": 0.4654507225957461, "last_batch_loss": 3.7298419693358422, "last_batch_ppl": 41.672522107297794, "size_mb": 440.889401, "size_ratio": 0.4462147346873963, "target_bits_per_weight": 3.766673664470295, "n_pruned": 105445495, "n_rounded_zero": 6103817, "n_nonzero": 246277248, "pruned_pct": 29.46832538087726, "sparsity_pct": 31.17412860576923, "n_dense_matrices": 0, "n_bitmap_matrices": 168, "n_csr_matrices": 0, "k_used_mean": 17.0, "k_used_min": 17, "k_used_max": 17, "k_used_row_mean": 15.524358164983164, "last_batch_delta_loss": 0.8444905618836254, "huffman_size_mb": 409.124284375, "huffman_bits_per_weight": 3.0564945961529517, "wikitext2_loss": 3.7301749123942445, "wikitext2_ppl": 41.68639899423793, "c4_loss": 3.9805982009224268, "c4_ppl": 53.549057744025205}
{"b": 4.110658686782012, "k_init": 17, "c": 0.9932275297653879, "alpha": -0.2847861487784621, "beta": 0.4343328639952966, "last_batch_loss": 3.7183452954685974, "last_batch_ppl": 41.19617018947446, "size_mb": 441.182743, "size_ratio": 0.4465116198527139, "target_bits_per_weight": 3.773231970259558, "n_pruned": 105910257, "n_rounded_zero": 5052371, "n_nonzero": 246863932, "pruned_pct": 29.59821009373927, "sparsity_pct": 31.01017096103766, "n_dense_matrices": 0, "n_bitmap_matrices": 168, "n_csr_matrices": 0, "k_used_mean": 17.0, "k_used_min": 17, "k_used_max": 17, "k_used_row_mean": 15.516923795244107, "last_batch_delta_loss": 0.8329938880163805, "huffman_size_mb": 409.23356575, "huffman_bits_per_weight": 3.0589378217201095, "wikitext2_loss": 3.712658298395246, "wikitext2_ppl": 40.962552611052736, "c4_loss": 3.9808405702383154, "c4_ppl": 53.56203796545726}
{"b": 4.054109935835301, "k_init": 17, "c": 0.9233024659876767, "alpha": -0.28696218997846573, "beta": 0.43198205576340076, "last_batch_loss": 3.7100036054573002, "last_batch_ppl": 40.853953823910786, "size_mb": 441.6807175, "size_ratio": 0.44701560919538036, "target_bits_per_weight": 3.7843652857965604, "n_pruned": 105909829, "n_rounded_zero": 4056850, "n_nonzero": 247859881, "pruned_pct": 29.598090482718778, "sparsity_pct": 30.731838072612607, "n_dense_matrices": 0, "n_bitmap_matrices": 168, "n_csr_matrices": 0, "k_used_mean": 17.0, "k_used_min": 17, "k_used_max": 17, "k_used_row_mean": 16.07289693813131, "last_batch_delta_loss": 0.8246521980050834, "huffman_size_mb": 412.847409375, "huffman_bits_per_weight": 3.1397332467438974, "wikitext2_loss": 3.6775368173296745, "wikitext2_ppl": 39.548857935727966, "c4_loss": 3.9541996544491798, "c4_ppl": 52.15393606560655}
{"b": 4.058169567830383, "k_init": 17, "c": 0.9718229744376953, "alpha": -0.2063435106548725, "beta": 0.474526679912601, "last_batch_loss": 3.701353608892205, "last_batch_ppl": 40.502091262568804, "size_mb": 442.0548005, "size_ratio": 0.4473942106002167, "target_bits_per_weight": 3.792728734278417, "n_pruned": 99801584, "n_rounded_zero": 9416929, "n_nonzero": 248608047, "pruned_pct": 27.89104978680174, "sparsity_pct": 30.522751860566192, "n_dense_matrices": 0, "n_bitmap_matrices": 168, "n_csr_matrices": 0, "k_used_mean": 17.0, "k_used_min": 17, "k_used_max": 17, "k_used_row_mean": 15.70435474537037, "last_batch_delta_loss": 0.8160022014399884, "huffman_size_mb": 410.307940125, "huffman_bits_per_weight": 3.0829578245952454, "wikitext2_loss": 3.769193682057375, "wikitext2_ppl": 43.34510080917758, "c4_loss": 4.117813395475491, "c4_ppl": 61.42478360429834}
{"b": 4.145887887871335, "k_init": 18, "c": 0.9923302290198919, "alpha": -0.25346664543060093, "beta": 0.44513999344644245, "last_batch_loss": 3.6889163018670614, "last_batch_ppl": 40.00147393728048, "size_mb": 442.137257, "size_ratio": 0.4474776630606009, "target_bits_per_weight": 3.794572230747768, "n_pruned": 102829673, "n_rounded_zero": 6223927, "n_nonzero": 248772960, "pruned_pct": 28.73729468265296, "sparsity_pct": 30.476664448832416, "n_dense_matrices": 0, "n_bitmap_matrices": 168, "n_csr_matrices": 0, "k_used_mean": 17.0, "k_used_min": 17, "k_used_max": 17, "k_used_row_mean": 15.524709990530303, "last_batch_delta_loss": 0.8035648944148446, "huffman_size_mb": 409.458127, "huffman_bits_per_weight": 3.0639583825191736, "wikitext2_loss": 3.6479689926522316, "wikitext2_ppl": 38.39660301971078, "c4_loss": 3.9354243047888477, "c4_ppl": 51.183862908020586}
{"b": 4.058251800414731, "k_init": 17, "c": 0.9688847152183526, "alpha": -0.25304016404899105, "beta": 0.4444939480220922, "last_batch_loss": 3.6756378904341718, "last_batch_ppl": 39.473828805669676, "size_mb": 442.4269055, "size_ratio": 0.447770810113551, "target_bits_per_weight": 3.8010479602184923, "n_pruned": 102681785, "n_rounded_zero": 5792518, "n_nonzero": 249352257, "pruned_pct": 28.695965162563674, "sparsity_pct": 30.314771212064304, "n_dense_matrices": 0, "n_bitmap_matrices": 168, "n_csr_matrices": 0, "k_used_mean": 17.0, "k_used_min": 17, "k_used_max": 17, "k_used_row_mean": 15.729534932659933, "last_batch_delta_loss": 0.7902864829819549, "huffman_size_mb": 410.69549125, "huffman_bits_per_weight": 3.0916223826425853, "wikitext2_loss": 3.605546466680274, "wikitext2_ppl": 36.80178931489754, "c4_loss": 3.913911311639246, "c4_ppl": 50.09450450919962}
{"b": 4.109698646794653, "k_init": 17, "c": 0.9698512139779066, "alpha": -0.25382197021363084, "beta": 0.44010159881539496, "last_batch_loss": 3.6571567909974965, "last_batch_ppl": 38.75100887706104, "size_mb": 442.6558215, "size_ratio": 0.4480024911019667, "target_bits_per_weight": 3.8061658810346555, "n_pruned": 102210958, "n_rounded_zero": 5805513, "n_nonzero": 249810089, "pruned_pct": 28.56438549446972, "sparsity_pct": 30.186823191660228, "n_dense_matrices": 0, "n_bitmap_matrices": 168, "n_csr_matrices": 0, "k_used_mean": 17.0, "k_used_min": 17, "k_used_max": 17, "k_used_row_mean": 15.719683817340067, "last_batch_delta_loss": 0.7718053835452796, "huffman_size_mb": 410.709222, "huffman_bits_per_weight": 3.0919293637677425, "wikitext2_loss": 3.5838159594509755, "wikitext2_ppl": 36.010694343958875, "c4_loss": 3.8949947823066506, "c4_ppl": 49.155796882140294}
{"b": 4.145887887871335, "k_init": 18, "c": 0.9923672263108055, "alpha": -0.25346664543060093, "beta": 0.4324227739576924, "last_batch_loss": 3.6498270859413164, "last_batch_ppl": 38.46801381351819, "size_mb": 442.9326065, "size_ratio": 0.4482826192816425, "target_bits_per_weight": 3.812354018662002, "n_pruned": 101135249, "n_rounded_zero": 6327652, "n_nonzero": 250363659, "pruned_pct": 28.26376247755337, "sparsity_pct": 30.032119750976562, "n_dense_matrices": 0, "n_bitmap_matrices": 168, "n_csr_matrices": 0, "k_used_mean": 17.0, "k_used_min": 17, "k_used_max": 17, "k_used_row_mean": 15.524358164983164, "last_batch_delta_loss": 0.7644756784890996, "huffman_size_mb": 409.656065625, "huffman_bits_per_weight": 3.06838373596415, "wikitext2_loss": 3.625764375769063, "wikitext2_ppl": 37.55341711380957, "c4_loss": 3.904815332797544, "c4_ppl": 49.64091201734884}
{"b": 4.05857840057809, "k_init": 17, "c": 0.9688847152183526, "alpha": -0.25346664543060093, "beta": 0.43165498272179637, "last_batch_loss": 3.6358836387854176, "last_batch_ppl": 37.93535924597575, "size_mb": 443.213235, "size_ratio": 0.44856663738547803, "target_bits_per_weight": 3.8186280861879007, "n_pruned": 101032366, "n_rounded_zero": 5869278, "n_nonzero": 250924916, "pruned_pct": 28.2350102798406, "sparsity_pct": 29.875268062829097, "n_dense_matrices": 0, "n_bitmap_matrices": 168, "n_csr_matrices": 0, "k_used_mean": 17.0, "k_used_min": 17, "k_used_max": 17, "k_used_row_mean": 15.729534932659933, "last_batch_delta_loss": 0.7505322313332008, "huffman_size_mb": 410.91093525, "huffman_bits_per_weight": 3.0964391072591146, "wikitext2_loss": 3.5828955980963832, "wikitext2_ppl": 35.97756673955453, "c4_loss": 3.883368031828358, "c4_ppl": 48.58758433096836}
{"b": 4.05857840057809, "k_init": 17, "c": 0.9688847152183526, "alpha": -0.25346664543060093, "beta": 0.4226210537684873, "last_batch_loss": 3.625069950403792, "last_batch_ppl": 37.527348120945675, "size_mb": 443.7822915, "size_ratio": 0.44914256730031316, "target_bits_per_weight": 3.831350596221812, "n_pruned": 99820083, "n_rounded_zero": 5943448, "n_nonzero": 252063029, "pruned_pct": 27.896219609857916, "sparsity_pct": 29.557205311981313, "n_dense_matrices": 0, "n_bitmap_matrices": 168, "n_csr_matrices": 0, "k_used_mean": 17.0, "k_used_min": 17, "k_used_max": 17, "k_used_row_mean": 15.729534932659933, "last_batch_delta_loss": 0.7397185429515751, "huffman_size_mb": 411.055207875, "huffman_bits_per_weight": 3.099664639203976, "wikitext2_loss": 3.5700812974508302, "wikitext2_ppl": 35.519480677486534, "c4_loss": 3.8673148306626253, "c4_ppl": 47.813825336683536}
{"b": 4.05857840057809, "k_init": 17, "c": 0.9688847152183526, "alpha": -0.23540900578112667, "beta": 0.43165498272179637, "last_batch_loss": 3.611298069583537, "last_batch_ppl": 37.01406848070041, "size_mb": 444.002044, "size_ratio": 0.44936497410633297, "target_bits_per_weight": 3.836263646834936, "n_pruned": 98405071, "n_rounded_zero": 6918955, "n_nonzero": 252502534, "pruned_pct": 27.500773279658166, "sparsity_pct": 29.434379046653216, "n_dense_matrices": 0, "n_bitmap_matrices": 168, "n_csr_matrices": 0, "k_used_mean": 17.0, "k_used_min": 17, "k_used_max": 17, "k_used_row_mean": 15.729534932659933, "last_batch_delta_loss": 0.72594666213132, "huffman_size_mb": 411.09160475, "huffman_bits_per_weight": 3.1004783714210595, "wikitext2_loss": 3.555084744184293, "wikitext2_ppl": 34.99078510759435, "c4_loss": 3.862765233459622, "c4_ppl": 47.59678578630456}
{"b": 4.0512234535145515, "k_init": 17, "c": 0.9728151289252304, "alpha": -0.21747895193055258, "beta": 0.4321147972358381, "last_batch_loss": 3.6068832330372955, "last_batch_ppl": 36.85101760476206, "size_mb": 444.473901, "size_ratio": 0.4498425304857511, "target_bits_per_weight": 3.846813048198546, "n_pruned": 95840841, "n_rounded_zero": 8539471, "n_nonzero": 253446248, "pruned_pct": 26.784160739772922, "sparsity_pct": 29.170644012562956, "n_dense_matrices": 0, "n_bitmap_matrices": 168, "n_csr_matrices": 0, "k_used_mean": 17.0, "k_used_min": 17, "k_used_max": 17, "k_used_row_mean": 15.696894070917509, "last_batch_delta_loss": 0.7215318255850787, "huffman_size_mb": 411.001269625, "huffman_bits_per_weight": 3.098458730956137, "wikitext2_loss": 3.5603646325870093, "wikitext2_ppl": 35.176021130528554, "c4_loss": 3.8655582040359056, "c4_ppl": 47.729908025242544}
{"b": 4.0577810177583205, "k_init": 17, "c": 0.9688847152183526, "alpha": -0.15829099784193978, "beta": 0.4246273834379727, "last_batch_loss": 3.586743987008427, "last_batch_ppl": 36.11628916619393, "size_mb": 445.4169225, "size_ratio": 0.45079694238014595, "target_bits_per_weight": 3.8678963685647036, "n_pruned": 86051508, "n_rounded_zero": 16442761, "n_nonzero": 255332291, "pruned_pct": 24.048384781722184, "sparsity_pct": 28.643561003409026, "n_dense_matrices": 0, "n_bitmap_matrices": 168, "n_csr_matrices": 0, "k_used_mean": 17.0, "k_used_min": 17, "k_used_max": 17, "k_used_row_mean": 15.729534932659933, "last_batch_delta_loss": 0.7013925795562099, "huffman_size_mb": 411.440835, "huffman_bits_per_weight": 3.10828618199834, "wikitext2_loss": 3.52404432990289, "wikitext2_ppl": 33.921340510261665, "c4_loss": 3.8346770071785334, "c4_ppl": 46.27847763763881}
{"b": 4.05857840057809, "k_init": 17, "c": 0.9688847152183526, "alpha": -0.21636754484400428, "beta": 0.4145375450453844, "last_batch_loss": 3.573838495311355, "last_batch_ppl": 35.65318541458374, "size_mb": 445.6747735, "size_ratio": 0.45105790786331, "target_bits_per_weight": 3.8736611949655164, "n_pruned": 93312784, "n_rounded_zero": 8665783, "n_nonzero": 255847993, "pruned_pct": 26.077657287374084, "sparsity_pct": 28.49944034338871, "n_dense_matrices": 0, "n_bitmap_matrices": 168, "n_csr_matrices": 0, "k_used_mean": 17.0, "k_used_min": 17, "k_used_max": 17, "k_used_row_mean": 15.729534932659933, "last_batch_delta_loss": 0.688487087859138, "huffman_size_mb": 411.50671725, "huffman_bits_per_weight": 3.1097591246440732, "wikitext2_loss": 3.508042593197801, "wikitext2_ppl": 33.38285995281349, "c4_loss": 3.821521080699151, "c4_ppl": 45.673628785605416}
{"b": 4.071852913124619, "k_init": 17, "c": 0.8481500578536847, "alpha": -0.21740253120089278, "beta": 0.42972992958424866, "last_batch_loss": 3.5649881591200536, "last_batch_ppl": 35.33903495653196, "size_mb": 446.2613675, "size_ratio": 0.4516515871068698, "target_bits_per_weight": 3.8867757943960335, "n_pruned": 95509986, "n_rounded_zero": 5295393, "n_nonzero": 257021181, "pruned_pct": 26.691698346819198, "sparsity_pct": 28.171575357625773, "n_dense_matrices": 0, "n_bitmap_matrices": 168, "n_csr_matrices": 0, "k_used_mean": 17.0, "k_used_min": 17, "k_used_max": 17, "k_used_row_mean": 16.485782302188554, "last_batch_delta_loss": 0.6796367516678368, "huffman_size_mb": 417.8700935, "huffman_bits_per_weight": 3.2520264007233, "wikitext2_loss": 3.4874477807561477, "wikitext2_ppl": 32.702377469714506, "c4_loss": 3.799370672042392, "c4_ppl": 44.673061638338616}
{"b": 4.077395190041919, "k_init": 17, "c": 0.9233024659876767, "alpha": -0.22260589485258253, "beta": 0.40990250298072334, "last_batch_loss": 3.558991328296745, "last_batch_ppl": 35.127746904983056, "size_mb": 446.437556, "size_ratio": 0.45182990372007065, "target_bits_per_weight": 3.890714875944368, "n_pruned": 93602178, "n_rounded_zero": 6850824, "n_nonzero": 257373558, "pruned_pct": 26.15853278191535, "sparsity_pct": 28.07309831891741, "n_dense_matrices": 0, "n_bitmap_matrices": 168, "n_csr_matrices": 0, "k_used_mean": 17.0, "k_used_min": 17, "k_used_max": 17, "k_used_row_mean": 16.07289693813131, "last_batch_delta_loss": 0.6736399208445283, "huffman_size_mb": 414.08986425, "huffman_bits_per_weight": 3.1675110589890254, "wikitext2_loss": 3.4913624758772444, "wikitext2_ppl": 32.83064821386095, "c4_loss": 3.800340646875155, "c4_ppl": 44.716414405978}
{"b": 4.053546780071945, "k_init": 17, "c": 0.8413561765032744, "alpha": -0.21390450162342767, "beta": 0.42357897364446573, "last_batch_loss": 3.5478831683942964, "last_batch_ppl": 34.739701500658086, "size_mb": 446.8890255, "size_ratio": 0.452286826346709, "target_bits_per_weight": 3.9008084698911114, "n_pruned": 94168461, "n_rounded_zero": 5381602, "n_nonzero": 258276497, "pruned_pct": 26.31678906115857, "sparsity_pct": 27.820758470248826, "n_dense_matrices": 0, "n_bitmap_matrices": 168, "n_csr_matrices": 0, "k_used_mean": 17.0, "k_used_min": 17, "k_used_max": 17, "k_used_row_mean": 16.513421980218855, "last_batch_delta_loss": 0.6625317609420796, "huffman_size_mb": 418.469336125, "huffman_bits_per_weight": 3.265423787993826, "wikitext2_loss": 3.496535461365739, "wikitext2_ppl": 33.000920709519335, "c4_loss": 3.7808433126459833, "c4_ppl": 43.85300794251061}
{"b": 4.109698646794653, "k_init": 17, "c": 0.8476315797051295, "alpha": -0.20994497972511622, "beta": 0.42357897364446573, "last_batch_loss": 3.543735401654861, "last_batch_ppl": 34.59590773987678, "size_mb": 446.991649, "size_ratio": 0.45239068939653815, "target_bits_per_weight": 3.9031028440147093, "n_pruned": 93585016, "n_rounded_zero": 5759800, "n_nonzero": 258481744, "pruned_pct": 26.153736603565704, "sparsity_pct": 27.763399117158883, "n_dense_matrices": 0, "n_bitmap_matrices": 168, "n_csr_matrices": 0, "k_used_mean": 17.0, "k_used_min": 17, "k_used_max": 17, "k_used_row_mean": 16.488465382996633, "last_batch_delta_loss": 0.6583839942026439, "huffman_size_mb": 418.1432025, "huffman_bits_per_weight": 3.25813235328311, "wikitext2_loss": 3.467309140459267, "wikitext2_ppl": 32.05038322710858, "c4_loss": 3.7715264666528894, "c4_ppl": 43.44633362390353}
{"b": 4.056584685297433, "k_init": 17, "c": 0.8481500578536847, "alpha": -0.21342332127351613, "beta": 0.4119123609295756, "last_batch_loss": 3.523779887249252, "last_batch_ppl": 33.912371446915905, "size_mb": 447.5871885, "size_ratio": 0.4529934221893557, "target_bits_per_weight": 3.916417439778646, "n_pruned": 92523523, "n_rounded_zero": 5630214, "n_nonzero": 259672823, "pruned_pct": 25.857086461105627, "sparsity_pct": 27.43053422306047, "n_dense_matrices": 0, "n_bitmap_matrices": 168, "n_csr_matrices": 0, "k_used_mean": 17.0, "k_used_min": 17, "k_used_max": 17, "k_used_row_mean": 16.4860585016835, "last_batch_delta_loss": 0.6384284797970352, "huffman_size_mb": 418.379656875, "huffman_bits_per_weight": 3.2634188110575133, "wikitext2_loss": 3.443947997816509, "wikitext2_ppl": 31.310327581905934, "c4_loss": 3.754896907033021, "c4_ppl": 42.72981444012586}
{"b": 4.056584685297433, "k_init": 17, "c": 0.8481500578536847, "alpha": -0.21149453864505, "beta": 0.4119123609295756, "last_batch_loss": 3.5182798056702644, "last_batch_ppl": 33.726362638143144, "size_mb": 447.670537, "size_ratio": 0.4530777774238651, "target_bits_per_weight": 3.9182808788704784, "n_pruned": 92239709, "n_rounded_zero": 5747331, "n_nonzero": 259839520, "pruned_pct": 25.77777038127075, "sparsity_pct": 27.383948245764653, "n_dense_matrices": 0, "n_bitmap_matrices": 168, "n_csr_matrices": 0, "k_used_mean": 17.0, "k_used_min": 17, "k_used_max": 17, "k_used_row_mean": 16.4860585016835, "last_batch_delta_loss": 0.6329283982180476, "huffman_size_mb": 418.4001855, "huffman_bits_per_weight": 3.2638777736342433, "wikitext2_loss": 3.4409246460976344, "wikitext2_ppl": 31.215808403550085, "c4_loss": 3.747535399943372, "c4_ppl": 42.41641357484277}
{"b": 4.056584685297433, "k_init": 17, "c": 0.8481500578536847, "alpha": -0.21149453864505, "beta": 0.40849877272505214, "last_batch_loss": 3.506989792608085, "last_batch_ppl": 33.34773295227672, "size_mb": 447.8901065, "size_ratio": 0.45329999901949825, "target_bits_per_weight": 3.9231898381159858, "n_pruned": 91778307, "n_rounded_zero": 5769594, "n_nonzero": 260278659, "pruned_pct": 25.648824670812587, "sparsity_pct": 27.261224264626975, "n_dense_matrices": 0, "n_bitmap_matrices": 168, "n_csr_matrices": 0, "k_used_mean": 17.0, "k_used_min": 17, "k_used_max": 17, "k_used_row_mean": 16.48606507786195, "last_batch_delta_loss": 0.621638385155868, "huffman_size_mb": 418.488578, "huffman_bits_per_weight": 3.265853982443338, "wikitext2_loss": 3.427587715154695, "wikitext2_ppl": 30.80224925752033, "c4_loss": 3.733947484156651, "c4_ppl": 41.84396094597263}
{"b": 4.080967669281119, "k_init": 17, "c": 0.8483903053130374, "alpha": -0.2164636672363269, "beta": 0.3947635508915839, "last_batch_loss": 3.493490229365764, "last_batch_ppl": 32.90057811053615, "size_mb": 448.5536605, "size_ratio": 0.4539715678333304, "target_bits_per_weight": 3.9380250476655507, "n_pruned": 90643207, "n_rounded_zero": 5577586, "n_nonzero": 261605767, "pruned_pct": 25.33160394801325, "sparsity_pct": 26.89034402588785, "n_dense_matrices": 0, "n_bitmap_matrices": 168, "n_csr_matrices": 0, "k_used_mean": 17.0, "k_used_min": 17, "k_used_max": 17, "k_used_row_mean": 16.485243055555557, "last_batch_delta_loss": 0.6081388219135473, "huffman_size_mb": 418.774689375, "huffman_bits_per_weight": 3.2722506317026885, "wikitext2_loss": 3.4124572751047095, "wikitext2_ppl": 30.339705739359363, "c4_loss": 3.720575343822932, "c4_ppl": 41.2881421538587}
{"b": 4.029116396005502, "k_init": 16, "c": 0.8476315797051295, "alpha": -0.19319898726557144, "beta": 0.3487251089788944, "last_batch_loss": 3.4878557929191345, "last_batch_ppl": 32.71572315989755, "size_mb": 449.138233, "size_ratio": 0.4545632011599684, "target_bits_per_weight": 3.9510944520160827, "n_pruned": 80848930, "n_rounded_zero": 12165752, "n_nonzero": 264811878, "pruned_pct": 22.59444631499685, "sparsity_pct": 25.99434821160285, "n_dense_matrices": 63, "n_bitmap_matrices": 105, "n_csr_matrices": 0, "k_used_mean": 16.0, "k_used_min": 16, "k_used_max": 16, "k_used_row_mean": 15.16345091540404, "last_batch_delta_loss": 0.6025043854669176, "huffman_size_mb": 412.503267875, "huffman_bits_per_weight": 3.1320392063685825, "wikitext2_loss": 3.396019561677923, "wikitext2_ppl": 29.845066854585298, "c4_loss": 3.7486308451448935, "c4_ppl": 42.46290389070678}
{"b": 4.029219057324269, "k_init": 16, "c": 0.847640675115062, "alpha": -0.12961388934666415, "beta": 0.34040607217095176, "last_batch_loss": 3.481272613122863, "last_batch_ppl": 32.50105704027244, "size_mb": 449.35408, "size_ratio": 0.45478165529295417, "target_bits_per_weight": 3.9559201865842493, "n_pruned": 70179943, "n_rounded_zero": 21704026, "n_nonzero": 265942591, "pruned_pct": 19.612837850829184, "sparsity_pct": 25.678353501763535, "n_dense_matrices": 70, "n_bitmap_matrices": 98, "n_csr_matrices": 0, "k_used_mean": 16.0, "k_used_min": 16, "k_used_max": 16, "k_used_row_mean": 15.163427898779462, "last_batch_delta_loss": 0.595921205670646, "huffman_size_mb": 412.644242625, "huffman_bits_per_weight": 3.1351910070621924, "wikitext2_loss": 3.378073377093776, "wikitext2_ppl": 29.31423918822661, "c4_loss": 3.73614850624282, "c4_ppl": 41.93616185908833}
{"b": 4.1215121135971255, "k_init": 17, "c": 0.857168661124447, "alpha": -0.19722706655448913, "beta": 0.3828750866440833, "last_batch_loss": 3.469686458794501, "last_batch_ppl": 32.12666783127197, "size_mb": 449.935537, "size_ratio": 0.45537013548866456, "target_bits_per_weight": 3.9689199370778963, "n_pruned": 86175173, "n_rounded_zero": 7281867, "n_nonzero": 264369520, "pruned_pct": 24.08294482108874, "sparsity_pct": 26.11797179057921, "n_dense_matrices": 0, "n_bitmap_matrices": 168, "n_csr_matrices": 0, "k_used_mean": 17.0, "k_used_min": 17, "k_used_max": 17, "k_used_row_mean": 16.44616411510943, "last_batch_delta_loss": 0.584335051342284, "huffman_size_mb": 418.704994875, "huffman_bits_per_weight": 3.2706924578209065, "wikitext2_loss": 3.383319507885328, "wikitext2_ppl": 29.468429619012092, "c4_loss": 3.6882921394978028, "c4_ppl": 39.97651431277344}
{"b": 4.054127932886922, "k_init": 17, "c": 0.8477200579276514, "alpha": -0.21301728409938364, "beta": 0.37384976456479296, "last_batch_loss": 3.45034210100719, "last_batch_ppl": 31.511170468188123, "size_mb": 450.0686605, "size_ratio": 0.4555048669362758, "target_bits_per_weight": 3.971896205804287, "n_pruned": 87263533, "n_rounded_zero": 5927260, "n_nonzero": 264635767, "pruned_pct": 24.387103349734577, "sparsity_pct": 26.043565072419444, "n_dense_matrices": 0, "n_bitmap_matrices": 168, "n_csr_matrices": 0, "k_used_mean": 17.0, "k_used_min": 17, "k_used_max": 17, "k_used_row_mean": 16.48824508101852, "last_batch_delta_loss": 0.5649906935549733, "huffman_size_mb": 419.37359525, "huffman_bits_per_weight": 3.2856404901860836, "wikitext2_loss": 3.3589463394424097, "wikitext2_ppl": 28.75887281960502, "c4_loss": 3.680881054388586, "c4_ppl": 39.68134009447423}
{"b": 4.056584685297433, "k_init": 17, "c": 0.8482487837343999, "alpha": -0.21159972644747638, "beta": 0.3715700704231872, "last_batch_loss": 3.4421655667020334, "last_batch_ppl": 31.254568787686804, "size_mb": 450.271559, "size_ratio": 0.4557102161693048, "target_bits_per_weight": 3.9764324481670674, "n_pruned": 86739906, "n_rounded_zero": 6045090, "n_nonzero": 265041564, "pruned_pct": 24.240767929580187, "sparsity_pct": 25.930159013349932, "n_dense_matrices": 0, "n_bitmap_matrices": 168, "n_csr_matrices": 0, "k_used_mean": 17.0, "k_used_min": 17, "k_used_max": 17, "k_used_row_mean": 16.48564091435185, "last_batch_delta_loss": 0.5568141592498166, "huffman_size_mb": 419.413882, "huffman_bits_per_weight": 3.2865411891168725, "wikitext2_loss": 3.356264911381549, "wikitext2_ppl": 28.68186126763914, "c4_loss": 3.6739993009208525, "c4_ppl": 39.40920036793879}
{"b": 4.034863213384503, "k_init": 16, "c": 0.8519585869968268, "alpha": -0.2142935177123229, "beta": 0.25139214111908564, "last_batch_loss": 3.42022409890999, "last_batch_ppl": 30.57626636129573, "size_mb": 450.6089005, "size_ratio": 0.45605163228767853, "target_bits_per_weight": 3.983974459581759, "n_pruned": 70093476, "n_rounded_zero": 12379772, "n_nonzero": 275353312, "pruned_pct": 19.588673350575206, "sparsity_pct": 23.04838634672619, "n_dense_matrices": 125, "n_bitmap_matrices": 43, "n_csr_matrices": 0, "k_used_mean": 16.0, "k_used_min": 16, "k_used_max": 16, "k_used_row_mean": 15.135863846801346, "last_batch_delta_loss": 0.5348726914577733, "huffman_size_mb": 413.555874, "huffman_bits_per_weight": 3.155572532122825, "wikitext2_loss": 3.2876603566586544, "wikitext2_ppl": 26.780134339411866, "c4_loss": 3.675228213937794, "c4_ppl": 39.45766061787535}
{"b": 3.954756252527718, "k_init": 16, "c": 0.8543611277379936, "alpha": -0.20370080494885165, "beta": 0.029586562589422494, "last_batch_loss": 3.408123036856528, "last_batch_ppl": 30.208490790143863, "size_mb": 450.669017, "size_ratio": 0.4561124749117856, "target_bits_per_weight": 3.9853184962010646, "n_pruned": 35295749, "n_rounded_zero": 43775407, "n_nonzero": 278755404, "pruned_pct": 9.863926534687643, "sparsity_pct": 22.097620702051856, "n_dense_matrices": 131, "n_bitmap_matrices": 37, "n_csr_matrices": 0, "k_used_mean": 16.0, "k_used_min": 16, "k_used_max": 16, "k_used_row_mean": 15.119535195707071, "last_batch_delta_loss": 0.522771629404311, "huffman_size_mb": 413.839397375, "huffman_bits_per_weight": 3.161911320948339, "wikitext2_loss": 3.287790689923359, "wikitext2_ppl": 26.78362490921329, "c4_loss": 3.649503262496076, "c4_ppl": 38.455558985445045}
{"b": 4.028115132666223, "k_init": 16, "c": 0.8492214811192916, "alpha": -0.1884417397622454, "beta": 0.137787973243307, "last_batch_loss": 3.4011999744290424, "last_batch_ppl": 30.000077783107447, "size_mb": 450.725182, "size_ratio": 0.45616931830724233, "target_bits_per_weight": 3.986574188344208, "n_pruned": 49454941, "n_rounded_zero": 28965582, "n_nonzero": 279406037, "pruned_pct": 13.82092514317551, "sparsity_pct": 21.915791549962083, "n_dense_matrices": 132, "n_bitmap_matrices": 36, "n_csr_matrices": 0, "k_used_mean": 16.0, "k_used_min": 16, "k_used_max": 16, "k_used_row_mean": 15.153159196127946, "last_batch_delta_loss": 0.5158485669768256, "huffman_size_mb": 414.2168335, "huffman_bits_per_weight": 3.1703497359167527, "wikitext2_loss": 3.272698838636227, "wikitext2_ppl": 26.382445311063233, "c4_loss": 3.649138827526575, "c4_ppl": 38.44154698836498}
{"b": 3.954756252527718, "k_init": 16, "c": 0.8482491505845466, "alpha": -0.20235818722286478, "beta": 0.024690139376311676, "last_batch_loss": 3.3909385543249266, "last_batch_ppl": 29.693808448398617, "size_mb": 450.734743, "size_ratio": 0.456178994790888, "target_bits_per_weight": 3.9867879455342834, "n_pruned": 34347707, "n_rounded_zero": 44196589, "n_nonzero": 279282264, "pruned_pct": 9.59898197607243, "sparsity_pct": 21.950381771548763, "n_dense_matrices": 132, "n_bitmap_matrices": 36, "n_csr_matrices": 0, "k_used_mean": 16.0, "k_used_min": 16, "k_used_max": 16, "k_used_row_mean": 15.160590277777779, "last_batch_delta_loss": 0.5055871468727098, "huffman_size_mb": 414.26115675, "huffman_bits_per_weight": 3.1713406796857115, "wikitext2_loss": 3.2603048449200633, "wikitext2_ppl": 26.057479422106525, "c4_loss": 3.637672680555231, "c4_ppl": 38.00328793373145}
{"b": 4.108742066769555, "k_init": 17, "c": 0.8485309321035616, "alpha": -0.06848210051359634, "beta": 0.34296501768607834, "last_batch_loss": 3.385511106669058, "last_batch_ppl": 29.53308341523589, "size_mb": 453.194964, "size_ratio": 0.4586689318551437, "target_bits_per_weight": 4.041791598700779, "n_pruned": 61283873, "n_rounded_zero": 25654313, "n_nonzero": 270888374, "pruned_pct": 17.126697638095955, "sparsity_pct": 24.296180250007154, "n_dense_matrices": 0, "n_bitmap_matrices": 168, "n_csr_matrices": 0, "k_used_mean": 17.0, "k_used_min": 17, "k_used_max": 17, "k_used_row_mean": 16.484259916877104, "last_batch_delta_loss": 0.5001596992168413, "huffman_size_mb": 420.307120625, "huffman_bits_per_weight": 3.3065115037855213, "wikitext2_loss": 3.285827381437231, "wikitext2_ppl": 26.731091977189745, "c4_loss": 3.615788378247297, "c4_ppl": 37.1806467871954}
{"b": 4.108742066769555, "k_init": 17, "c": 0.8482646951751025, "alpha": -0.06714689664640924, "beta": 0.34296501768607834, "last_batch_loss": 3.383545369128221, "last_batch_ppl": 29.475086146849474, "size_mb": 453.201532, "size_ratio": 0.4586755791874923, "target_bits_per_weight": 4.04193844079098, "n_pruned": 61081133, "n_rounded_zero": 25843917, "n_nonzero": 270901510, "pruned_pct": 17.07003890376388, "sparsity_pct": 24.292509197752118, "n_dense_matrices": 0, "n_bitmap_matrices": 168, "n_csr_matrices": 0, "k_used_mean": 17.0, "k_used_min": 17, "k_used_max": 17, "k_used_row_mean": 16.485594881102692, "last_batch_delta_loss": 0.49819396167600427, "huffman_size_mb": 420.330916625, "huffman_bits_per_weight": 3.3070435157189, "wikitext2_loss": 3.2848083547966955, "wikitext2_ppl": 26.703866156608605, "c4_loss": 3.6157966692038843, "c4_ppl": 37.180955051601714}
{"b": 4.057321698249983, "k_init": 17, "c": 0.8476315797051295, "alpha": -0.2114275459765687, "beta": 0.3187259320264187, "last_batch_loss": 3.3726623266804316, "last_batch_ppl": 29.15604674178399, "size_mb": 453.6943925, "size_ratio": 0.45917439276011746, "target_bits_per_weight": 4.052957421606713, "n_pruned": 79327420, "n_rounded_zero": 6611909, "n_nonzero": 271887231, "pruned_pct": 22.169237521105195, "sparsity_pct": 24.017034677358772, "n_dense_matrices": 0, "n_bitmap_matrices": 168, "n_csr_matrices": 0, "k_used_mean": 17.0, "k_used_min": 17, "k_used_max": 17, "k_used_row_mean": 16.488560737584177, "last_batch_delta_loss": 0.4873109192282148, "huffman_size_mb": 420.591569125, "huffman_bits_per_weight": 3.3128709758157697, "wikitext2_loss": 3.2929310255182576, "wikitext2_ppl": 26.92165618931186, "c4_loss": 3.6067020591433945, "c4_ppl": 36.8443417671704}
{"b": 4.067842123040951, "k_init": 17, "c": 0.8456112068381251, "alpha": -0.20653991492679719, "beta": 0.30537544358075264, "last_batch_loss": 3.365040207468246, "last_batch_ppl": 28.93466066511191, "size_mb": 454.775892, "size_ratio": 0.46026895527707185, "target_bits_per_weight": 4.077136722327152, "n_pruned": 76713627, "n_rounded_zero": 7062703, "n_nonzero": 274050230, "pruned_pct": 21.43877385736822, "sparsity_pct": 23.412552159347815, "n_dense_matrices": 0, "n_bitmap_matrices": 168, "n_csr_matrices": 0, "k_used_mean": 17.0, "k_used_min": 17, "k_used_max": 17, "k_used_row_mean": 16.496642860900675, "last_batch_delta_loss": 0.4796888000160293, "huffman_size_mb": 421.0144015, "huffman_bits_per_weight": 3.3223243238288402, "wikitext2_loss": 3.3189034293393567, "wikitext2_ppl": 27.630035653886395, "c4_loss": 3.599366933005463, "c4_ppl": 36.575072641653115}
{"b": 4.110489396589296, "k_init": 17, "c": 0.8456112068381251, "alpha": -0.19852462410946511, "beta": 0.3035879087766489, "last_batch_loss": 3.357237159419654, "last_batch_ppl": 28.709760711377825, "size_mb": 455.1795345, "size_ratio": 0.4606774732197521, "target_bits_per_weight": 4.086161038465115, "n_pruned": 75275061, "n_rounded_zero": 7693984, "n_nonzero": 274857515, "pruned_pct": 21.036745008531508, "sparsity_pct": 23.186944255898723, "n_dense_matrices": 0, "n_bitmap_matrices": 168, "n_csr_matrices": 0, "k_used_mean": 17.0, "k_used_min": 17, "k_used_max": 17, "k_used_row_mean": 16.496642860900675, "last_batch_delta_loss": 0.4718857519674371, "huffman_size_mb": 421.1159595, "huffman_bits_per_weight": 3.3245948763557407, "wikitext2_loss": 3.308149824832929, "wikitext2_ppl": 27.334505035585188, "c4_loss": 3.5926543074115407, "c4_ppl": 36.33038005660028}
{"b": 4.109698646794653, "k_init": 17, "c": 0.8476315797051295, "alpha": -0.20994497972511622, "beta": 0.29055618576686976, "last_batch_loss": 3.342935492250473, "last_batch_ppl": 28.302085435950698, "size_mb": 455.5504475, "size_ratio": 0.46105286633537634, "target_bits_per_weight": 4.094453614622682, "n_pruned": 75098307, "n_rounded_zero": 7128912, "n_nonzero": 275599341, "pruned_pct": 20.98734845171918, "sparsity_pct": 22.979629851959565, "n_dense_matrices": 0, "n_bitmap_matrices": 168, "n_csr_matrices": 0, "k_used_mean": 17.0, "k_used_min": 17, "k_used_max": 17, "k_used_row_mean": 16.488560737584177, "last_batch_delta_loss": 0.4575840847982562, "huffman_size_mb": 421.07876675, "huffman_bits_per_weight": 3.3237633506020345, "wikitext2_loss": 3.283457561843447, "wikitext2_ppl": 26.66781911390648, "c4_loss": 3.575462036151448, "c4_ppl": 35.711116831469305}
{"b": 4.109698646794653, "k_init": 17, "c": 0.8476315797051295, "alpha": -0.18021519971236738, "beta": 0.29055618576686976, "last_batch_loss": 3.329249841851261, "last_batch_ppl": 27.917391387553042, "size_mb": 456.411989, "size_ratio": 0.46192481406415536, "target_bits_per_weight": 4.113715270325378, "n_pruned": 70694246, "n_rounded_zero": 9809890, "n_nonzero": 277322424, "pruned_pct": 19.7565675393129, "sparsity_pct": 22.49808845939217, "n_dense_matrices": 0, "n_bitmap_matrices": 168, "n_csr_matrices": 0, "k_used_mean": 17.0, "k_used_min": 17, "k_used_max": 17, "k_used_row_mean": 16.488560737584177, "last_batch_delta_loss": 0.4438984343990442, "huffman_size_mb": 421.29291675, "huffman_bits_per_weight": 3.3285511450016454, "wikitext2_loss": 3.266665130457368, "wikitext2_ppl": 26.22374060543028, "c4_loss": 3.558138669847452, "c4_ppl": 35.09780770055159}
{"b": 4.106617283081737, "k_init": 17, "c": 0.8476315797051295, "alpha": -0.2097734693140317, "beta": 0.2689002659823707, "last_batch_loss": 3.3164972213051875, "last_batch_ppl": 27.56363196269813, "size_mb": 456.903763, "size_ratio": 0.4624225280133645, "target_bits_per_weight": 4.124709960043212, "n_pruned": 71962881, "n_rounded_zero": 7557707, "n_nonzero": 278305972, "pruned_pct": 20.111106621040094, "sparsity_pct": 22.223221216446316, "n_dense_matrices": 0, "n_bitmap_matrices": 168, "n_csr_matrices": 0, "k_used_mean": 17.0, "k_used_min": 17, "k_used_max": 17, "k_used_row_mean": 16.488560737584177, "last_batch_delta_loss": 0.4311458138529707, "huffman_size_mb": 421.416970375, "huffman_bits_per_weight": 3.3313246367178557, "wikitext2_loss": 3.2336270504734417, "wikitext2_ppl": 25.371514047171654, "c4_loss": 3.545459733803679, "c4_ppl": 34.65561403776082}
{"b": 4.109698646794653, "k_init": 17, "c": 0.8476315797051295, "alpha": -0.20974098569417207, "beta": 0.2641778424853728, "last_batch_loss": 3.3088130233459023, "last_batch_ppl": 27.352639251305437, "size_mb": 457.193724, "size_ratio": 0.4627159913408821, "target_bits_per_weight": 4.131192676138965, "n_pruned": 71275301, "n_rounded_zero": 7665365, "n_nonzero": 278885894, "pruned_pct": 19.918952075553026, "sparsity_pct": 22.061153314052483, "n_dense_matrices": 0, "n_bitmap_matrices": 168, "n_csr_matrices": 0, "k_used_mean": 17.0, "k_used_min": 17, "k_used_max": 17, "k_used_row_mean": 16.488560737584177, "last_batch_delta_loss": 0.4234616158936855, "huffman_size_mb": 421.489416625, "huffman_bits_per_weight": 3.33294433202499, "wikitext2_loss": 3.217749711431405, "wikitext2_ppl": 24.971863009774935, "c4_loss": 3.534078315693865, "c4_ppl": 34.26342009975487}
{"b": 4.109698646794653, "k_init": 17, "c": 0.8476315797051295, "alpha": -0.20994497972511622, "beta": 0.2522795339840789, "last_batch_loss": 3.3005698781276718, "last_batch_ppl": 27.128094223963615, "size_mb": 457.8978595, "size_ratio": 0.4634286318230616, "target_bits_per_weight": 4.146935174404047, "n_pruned": 69581382, "n_rounded_zero": 7951013, "n_nonzero": 280294165, "pruned_pct": 19.445561000279017, "sparsity_pct": 21.667590857425452, "n_dense_matrices": 0, "n_bitmap_matrices": 168, "n_csr_matrices": 0, "k_used_mean": 17.0, "k_used_min": 17, "k_used_max": 17, "k_used_row_mean": 16.488560737584177, "last_batch_delta_loss": 0.4152184706754549, "huffman_size_mb": 421.664260375, "huffman_bits_per_weight": 3.3368533487285013, "wikitext2_loss": 3.2121956465928463, "wikitext2_ppl": 24.83355211287052, "c4_loss": 3.5212529340370375, "c4_ppl": 33.82678465340851}
{"b": 4.057059438047474, "k_init": 17, "c": 0.8476315797051295, "alpha": -0.19868703584947478, "beta": 0.2522795339840789, "last_batch_loss": 3.290766564589567, "last_batch_ppl": 26.863448333394185, "size_mb": 458.3164145, "size_ratio": 0.4638522423881001, "target_bits_per_weight": 4.156292892288375, "n_pruned": 67918684, "n_rounded_zero": 8776601, "n_nonzero": 281131275, "pruned_pct": 18.980895101805746, "sparsity_pct": 21.433647910317223, "n_dense_matrices": 0, "n_bitmap_matrices": 168, "n_csr_matrices": 0, "k_used_mean": 17.0, "k_used_min": 17, "k_used_max": 17, "k_used_row_mean": 16.488560737584177, "last_batch_delta_loss": 0.4054151571373503, "huffman_size_mb": 421.765942125, "huffman_bits_per_weight": 3.339126667958913, "wikitext2_loss": 3.195119680354666, "wikitext2_ppl": 24.413095285365227, "c4_loss": 3.509817428104343, "c4_ppl": 33.44216162771237}
{"b": 4.057244807558171, "k_init": 17, "c": 0.8616598367392518, "alpha": -0.2168977692105072, "beta": 0.10702169296827865, "last_batch_loss": 3.2870381126534256, "last_batch_ppl": 26.763475744752775, "size_mb": 460.4240725, "size_ratio": 0.46598535797933144, "target_bits_per_weight": 4.203414223918984, "n_pruned": 49020997, "n_rounded_zero": 23458972, "n_nonzero": 285346591, "pruned_pct": 13.699652982718778, "sparsity_pct": 20.255614619552, "n_dense_matrices": 0, "n_bitmap_matrices": 168, "n_csr_matrices": 0, "k_used_mean": 17.0, "k_used_min": 17, "k_used_max": 17, "k_used_row_mean": 16.42561026936027, "last_batch_delta_loss": 0.40168670520120875, "huffman_size_mb": 421.3099565, "huffman_bits_per_weight": 3.328932106101906, "wikitext2_loss": 3.200112738527209, "wikitext2_ppl": 24.53529611434227, "c4_loss": 3.491354665117958, "c4_ppl": 32.83039178257199}
{"b": 4.057321698249983, "k_init": 17, "c": 0.8479274361946104, "alpha": -0.21153480490505733, "beta": 0.008560124158624532, "last_batch_loss": 3.2781840195350664, "last_batch_ppl": 26.52755540988967, "size_mb": 461.053877, "size_ratio": 0.46662276964591953, "target_bits_per_weight": 4.217494889144059, "n_pruned": 33235997, "n_rounded_zero": 37984363, "n_nonzero": 286606200, "pruned_pct": 9.288297939649869, "sparsity_pct": 19.90359798892514, "n_dense_matrices": 0, "n_bitmap_matrices": 168, "n_csr_matrices": 0, "k_used_mean": 17.0, "k_used_min": 17, "k_used_max": 17, "k_used_row_mean": 16.487156723484848, "last_batch_delta_loss": 0.3928326120828496, "huffman_size_mb": 422.280007375, "huffman_bits_per_weight": 3.3506197276132883, "wikitext2_loss": 3.187540732310711, "wikitext2_ppl": 24.228769086262584, "c4_loss": 3.491435290897073, "c4_ppl": 32.83303886519824}
{"b": 4.056924519602763, "k_init": 17, "c": 0.8492214811192916, "alpha": -0.18834769852177302, "beta": 0.137787973243307, "last_batch_loss": 3.2694861072415424, "last_batch_ppl": 26.297821610142137, "size_mb": 461.780573, "size_ratio": 0.4673582431277109, "target_bits_per_weight": 4.233741777021806, "n_pruned": 49440969, "n_rounded_zero": 20325999, "n_nonzero": 288059592, "pruned_pct": 13.817020458179515, "sparsity_pct": 19.497425791981456, "n_dense_matrices": 0, "n_bitmap_matrices": 168, "n_csr_matrices": 0, "k_used_mean": 17.0, "k_used_min": 17, "k_used_max": 17, "k_used_row_mean": 16.481596564604377, "last_batch_delta_loss": 0.3841346997893256, "huffman_size_mb": 422.304571625, "huffman_bits_per_weight": 3.351168915465638, "wikitext2_loss": 3.1986584033898797, "wikitext2_ppl": 24.499639505712555, "c4_loss": 3.4804121780581863, "c4_ppl": 32.47310401876045}
{"b": 5.056449674665911, "k_init": 33, "c": 0.9650925257902536, "alpha": -0.27281175484370057, "beta": 0.35270068905416396, "last_batch_loss": 3.2592417423935944, "last_batch_ppl": 26.02979236959484, "size_mb": 482.78039, "size_ratio": 0.4886117088492397, "target_bits_per_weight": 4.703238887577267, "n_pruned": 93042568, "n_rounded_zero": 740408, "n_nonzero": 264043584, "pruned_pct": 26.00214137262477, "sparsity_pct": 26.209059495192307, "n_dense_matrices": 0, "n_bitmap_matrices": 168, "n_csr_matrices": 0, "k_used_mean": 33.0, "k_used_min": 33, "k_used_max": 33, "k_used_row_mean": 28.335852009680135, "last_batch_delta_loss": 0.3738903349413776, "huffman_size_mb": 447.184173875, "huffman_bits_per_weight": 3.90740716116769, "wikitext2_loss": 3.112019678958746, "wikitext2_ppl": 22.4663734720329, "c4_loss": 3.478839700025177, "c4_ppl": 32.42208090290545}
{"b": 5.0556459092285, "k_init": 33, "c": 0.9873432704308193, "alpha": -0.24585186525664282, "beta": 0.3653871748995561, "last_batch_loss": 3.2496230549851917, "last_batch_ppl": 25.780620209143898, "size_mb": 483.999866875, "size_ratio": 0.48984591531689653, "target_bits_per_weight": 4.73050297607869, "n_pruned": 90898320, "n_rounded_zero": 933493, "n_nonzero": 265994747, "pruned_pct": 25.402899102850274, "sparsity_pct": 25.663777725163833, "n_dense_matrices": 0, "n_bitmap_matrices": 168, "n_csr_matrices": 0, "k_used_mean": 33.0, "k_used_min": 33, "k_used_max": 33, "k_used_row_mean": 27.91749197706229, "last_batch_delta_loss": 0.3642716475329748, "huffman_size_mb": 446.780274875, "huffman_bits_per_weight": 3.898377110407903, "wikitext2_loss": 3.093430188214481, "wikitext2_ppl": 22.052592930835466, "c4_loss": 3.4755580312284424, "c4_ppl": 32.31585676323388}
{"b": 5.064104699573426, "k_init": 33, "c": 0.9636046306390896, "alpha": -0.25431965652232735, "beta": 0.356296969111652, "last_batch_loss": 3.2423322609592544, "last_batch_ppl": 25.593342548335265, "size_mb": 484.085335, "size_ratio": 0.489932415778542, "target_bits_per_weight": 4.732413804050767, "n_pruned": 90866748, "n_rounded_zero": 828316, "n_nonzero": 266131496, "pruned_pct": 25.394075833834133, "sparsity_pct": 25.6255611657223, "n_dense_matrices": 0, "n_bitmap_matrices": 168, "n_csr_matrices": 0, "k_used_mean": 33.0, "k_used_min": 33, "k_used_max": 33, "k_used_row_mean": 28.38034314499158, "last_batch_delta_loss": 0.35698085350703757, "huffman_size_mb": 447.938205, "huffman_bits_per_weight": 3.92426518590459, "wikitext2_loss": 3.0790729742374827, "wikitext2_ppl": 21.738241143068954, "c4_loss": 3.464262580778404, "c4_ppl": 31.95288840911185}
{"b": 5.064104699573426, "k_init": 33, "c": 0.9646642063547503, "alpha": -0.25773066933001887, "beta": 0.34632001345946206, "last_batch_loss": 3.2317845391598223, "last_batch_ppl": 25.324809785274383, "size_mb": 484.64147375, "size_ratio": 0.4904952719148378, "target_bits_per_weight": 4.744847509363195, "n_pruned": 89971937, "n_rounded_zero": 833305, "n_nonzero": 267021318, "pruned_pct": 25.144007476694856, "sparsity_pct": 25.37688705947373, "n_dense_matrices": 0, "n_bitmap_matrices": 168, "n_csr_matrices": 0, "k_used_mean": 33.0, "k_used_min": 33, "k_used_max": 33, "k_used_row_mean": 28.41584464436027, "last_batch_delta_loss": 0.3464331317076055, "huffman_size_mb": 448.200379875, "huffman_bits_per_weight": 3.930126682043949, "wikitext2_loss": 3.073642205879616, "wikitext2_ppl": 21.6205057770301, "c4_loss": 3.4508133218762462, "c4_ppl": 31.526022688384344}
{"b": 5.064104699573426, "k_init": 33, "c": 0.9864475677824649, "alpha": -0.22266033979424862, "beta": 0.3653871748995561, "last_batch_loss": 3.2162115099841233, "last_batch_ppl": 24.933480781319563, "size_mb": 486.0048575, "size_ratio": 0.49187512345334955, "target_bits_per_weight": 4.775328952663547, "n_pruned": 87512264, "n_rounded_zero": 1111564, "n_nonzero": 269202732, "pruned_pct": 24.456614958934296, "sparsity_pct": 24.767258193466688, "n_dense_matrices": 0, "n_bitmap_matrices": 168, "n_csr_matrices": 0, "k_used_mean": 33.0, "k_used_min": 33, "k_used_max": 33, "k_used_row_mean": 27.932337699915823, "last_batch_delta_loss": 0.33086010253190645, "huffman_size_mb": 447.68539175, "huffman_bits_per_weight": 3.9186129894885386, "wikitext2_loss": 3.058112994040728, "wikitext2_ppl": 21.287349882184586, "c4_loss": 3.437835789798351, "c4_ppl": 31.11953601945041}
{"b": 5.078090367211995, "k_init": 34, "c": 0.9728151289252304, "alpha": -0.25912157054612733, "beta": 0.31937631500666364, "last_batch_loss": 3.207202905786288, "last_batch_ppl": 24.709873628089504, "size_mb": 486.829581875, "size_ratio": 0.4927098093572206, "target_bits_per_weight": 4.793767480535822, "n_pruned": 86384309, "n_rounded_zero": 919960, "n_nonzero": 270522291, "pruned_pct": 24.14139101356814, "sparsity_pct": 24.398487636021205, "n_dense_matrices": 0, "n_bitmap_matrices": 168, "n_csr_matrices": 0, "k_used_mean": 33.0, "k_used_min": 33, "k_used_max": 33, "k_used_row_mean": 28.497356376262626, "last_batch_delta_loss": 0.321851498334071, "huffman_size_mb": 449.094208625, "huffman_bits_per_weight": 3.9501101902553013, "wikitext2_loss": 3.049105426898535, "wikitext2_ppl": 21.0964636497669, "c4_loss": 3.421525394270114, "c4_ppl": 30.616081014534945}
{"b": 5.107678102551058, "k_init": 34, "c": 0.9928039352012097, "alpha": -0.21710243959183895, "beta": 0.35472916369846047, "last_batch_loss": 3.1967366138899913, "last_batch_ppl": 24.45260156874311, "size_mb": 487.380105625, "size_ratio": 0.4932669826720887, "target_bits_per_weight": 4.806075650169736, "n_pruned": 85216339, "n_rounded_zero": 1207092, "n_nonzero": 271403129, "pruned_pct": 23.814984276181175, "sparsity_pct": 24.15232424334292, "n_dense_matrices": 0, "n_bitmap_matrices": 168, "n_csr_matrices": 0, "k_used_mean": 33.0, "k_used_min": 33, "k_used_max": 33, "k_used_row_mean": 27.87950139414983, "last_batch_delta_loss": 0.31138520643777445, "huffman_size_mb": 448.051810625, "huffman_bits_per_weight": 3.9268050895942435, "wikitext2_loss": 3.040046212016332, "wikitext2_ppl": 20.906209330857003, "c4_loss": 3.420688824823675, "c4_ppl": 30.590479246909883}
{"b": 5.0625847464277784, "k_init": 33, "c": 0.9873490748083367, "alpha": -0.20643739490894733, "beta": 0.36277298480329534, "last_batch_loss": 3.188491023687485, "last_batch_ppl": 24.2518044200011, "size_mb": 487.61748125, "size_ratio": 0.4935072254660646, "target_bits_per_weight": 4.811382704514724, "n_pruned": 84762618, "n_rounded_zero": 1281012, "n_nonzero": 271782930, "pruned_pct": 23.688185136396807, "sparsity_pct": 24.046183156443167, "n_dense_matrices": 0, "n_bitmap_matrices": 168, "n_csr_matrices": 0, "k_used_mean": 33.0, "k_used_min": 33, "k_used_max": 33, "k_used_row_mean": 27.931315104166668, "last_batch_delta_loss": 0.303139616235268, "huffman_size_mb": 448.283393, "huffman_bits_per_weight": 3.9319826230898007, "wikitext2_loss": 3.019754433850322, "wikitext2_ppl": 20.486260334382013, "c4_loss": 3.410692514532301, "c4_ppl": 30.28621063979699}
{"b": 5.056449674665911, "k_init": 33, "c": 0.9657022789035158, "alpha": -0.21064841736282305, "beta": 0.35270068905416396, "last_batch_loss": 3.178270929781006, "last_batch_ppl": 24.005210952020345, "size_mb": 488.1698925, "size_ratio": 0.49406630907932003, "target_bits_per_weight": 4.823733073363811, "n_pruned": 83983944, "n_rounded_zero": 1175828, "n_nonzero": 272666788, "pruned_pct": 23.470573006095467, "sparsity_pct": 23.799175779461425, "n_dense_matrices": 0, "n_bitmap_matrices": 168, "n_csr_matrices": 0, "k_used_mean": 33.0, "k_used_min": 33, "k_used_max": 33, "k_used_row_mean": 28.367029671717173, "last_batch_delta_loss": 0.29291952232878904, "huffman_size_mb": 449.704539875, "huffman_bits_per_weight": 3.9637554881336925, "wikitext2_loss": 3.0177591485969066, "wikitext2_ppl": 20.445425153703727, "c4_loss": 3.401098190777233, "c4_ppl": 29.99702442102992}
{"b": 5.066488033929953, "k_init": 34, "c": 0.9734713796264146, "alpha": -0.21043092024698265, "beta": 0.3494447869676246, "last_batch_loss": 3.172845509673073, "last_batch_ppl": 23.87532525865296, "size_mb": 488.4494, "size_ratio": 0.4943491926430273, "target_bits_per_weight": 4.829982078468406, "n_pruned": 83498193, "n_rounded_zero": 1214367, "n_nonzero": 273114000, "pruned_pct": 23.334822602324433, "sparsity_pct": 23.674195677369507, "n_dense_matrices": 0, "n_bitmap_matrices": 168, "n_csr_matrices": 0, "k_used_mean": 33.0, "k_used_min": 33, "k_used_max": 33, "k_used_row_mean": 28.25487623632155, "last_batch_delta_loss": 0.28749410222085636, "huffman_size_mb": 449.4803615, "huffman_bits_per_weight": 3.9587434873476135, "wikitext2_loss": 3.0090889288341067, "wikitext2_ppl": 20.268925077366617, "c4_loss": 3.3966431154177488, "c4_ppl": 29.863682661012493}
{"b": 5.066488033929953, "k_init": 34, "c": 0.9728151289252304, "alpha": -0.19293167326107016, "beta": 0.3555575752520088, "last_batch_loss": 3.1624230784093337, "last_batch_ppl": 23.627778582207, "size_mb": 489.4222875, "size_ratio": 0.49533383127736175, "target_bits_per_weight": 4.851733118972499, "n_pruned": 81761622, "n_rounded_zero": 1394318, "n_nonzero": 274670620, "pruned_pct": 22.8495117858216, "sparsity_pct": 23.23917486728766, "n_dense_matrices": 0, "n_bitmap_matrices": 168, "n_csr_matrices": 0, "k_used_mean": 33.0, "k_used_min": 33, "k_used_max": 33, "k_used_row_mean": 28.228946364688554, "last_batch_delta_loss": 0.2770716709571168, "huffman_size_mb": 449.772173375, "huffman_bits_per_weight": 3.965267583826086, "wikitext2_loss": 2.9922389680218213, "wikitext2_ppl": 19.930255779217866, "c4_loss": 3.3828047569286084, "c4_ppl": 29.453264620106378}
{"b": 5.067934194121737, "k_init": 34, "c": 0.970595242235358, "alpha": -0.19323435885428744, "beta": 0.3495189984095842, "last_batch_loss": 3.1545718164634984, "last_batch_ppl": 23.442997036713972, "size_mb": 489.92033125, "size_ratio": 0.49583789070647233, "target_bits_per_weight": 4.862867982745607, "n_pruned": 80965626, "n_rounded_zero": 1393444, "n_nonzero": 275467490, "pruned_pct": 22.62705876277043, "sparsity_pct": 23.016477591825492, "n_dense_matrices": 0, "n_bitmap_matrices": 168, "n_csr_matrices": 0, "k_used_mean": 33.0, "k_used_min": 33, "k_used_max": 33, "k_used_row_mean": 28.302343092382156, "last_batch_delta_loss": 0.2692204090112815, "huffman_size_mb": 450.1562145, "huffman_bits_per_weight": 3.9738536681011047, "wikitext2_loss": 2.9878889072208703, "wikitext2_ppl": 19.843746252069725, "c4_loss": 3.3779130166020694, "c4_ppl": 29.30953871931121}
{"b": 5.080298958274809, "k_init": 34, "c": 0.9728151289252304, "alpha": -0.2115070024871325, "beta": 0.31937631500666364, "last_batch_loss": 3.146560258963193, "last_batch_ppl": 23.2559324578512, "size_mb": 490.950429375, "size_ratio": 0.4968804309909662, "target_bits_per_weight": 4.885898092640189, "n_pruned": 79431236, "n_rounded_zero": 1279677, "n_nonzero": 277115647, "pruned_pct": 22.198250459664035, "sparsity_pct": 22.555875393933867, "n_dense_matrices": 0, "n_bitmap_matrices": 168, "n_csr_matrices": 0, "k_used_mean": 33.0, "k_used_min": 33, "k_used_max": 33, "k_used_row_mean": 28.502992161195287, "last_batch_delta_loss": 0.2612088515109763, "huffman_size_mb": 450.945355125, "huffman_bits_per_weight": 3.9914966429546204, "wikitext2_loss": 2.9838147367137675, "wikitext2_ppl": 19.763063914741608, "c4_loss": 3.3644136877018007, "c4_ppl": 28.916538205902075}
{"b": 5.056449674665911, "k_init": 33, "c": 0.9658573379828642, "alpha": -0.16358038663172284, "beta": 0.35270068905416396, "last_batch_loss": 3.141886075182432, "last_batch_ppl": 23.147483607926986, "size_mb": 492.1371275, "size_ratio": 0.49808146278669513, "target_bits_per_weight": 4.91242934006911, "n_pruned": 76996019, "n_rounded_zero": 1816177, "n_nonzero": 279014364, "pruned_pct": 21.51769253797147, "sparsity_pct": 22.025250445355425, "n_dense_matrices": 0, "n_bitmap_matrices": 168, "n_csr_matrices": 0, "k_used_mean": 33.0, "k_used_min": 33, "k_used_max": 33, "k_used_row_mean": 28.364843092382156, "last_batch_delta_loss": 0.25653466773021494, "huffman_size_mb": 451.115830875, "huffman_bits_per_weight": 3.9953080034081316, "wikitext2_loss": 2.9666402146543596, "wikitext2_ppl": 19.426540821039517, "c4_loss": 3.3581017040891883, "c4_ppl": 28.73459231443281}
{"b": 5.011490453793842, "k_init": 32, "c": 0.9171768575199012, "alpha": -0.22195070809887832, "beta": 0.2786764344113599, "last_batch_loss": 3.1335968628824196, "last_batch_ppl": 22.95640225316324, "size_mb": 493.56984975, "size_ratio": 0.4995314903383089, "target_bits_per_weight": 4.9444609980880125, "n_pruned": 75160087, "n_rounded_zero": 1358101, "n_nonzero": 281308372, "pruned_pct": 21.0046137994899, "sparsity_pct": 21.384155497009502, "n_dense_matrices": 1, "n_bitmap_matrices": 167, "n_csr_matrices": 0, "k_used_mean": 32.0, "k_used_min": 32, "k_used_max": 32, "k_used_row_mean": 28.47214988425926, "last_batch_delta_loss": 0.2482454554302027, "huffman_size_mb": 452.337220375, "huffman_bits_per_weight": 4.02261485284938, "wikitext2_loss": 2.963350126832681, "wikitext2_ppl": 19.36273082347503, "c4_loss": 3.350371046070943, "c4_ppl": 28.513311433399217}
{"b": 5.027524978664349, "k_init": 33, "c": 0.9872629586351527, "alpha": -0.20643739490894733, "beta": 0.2906278489612353, "last_batch_loss": 3.1185021263014474, "last_batch_ppl": 22.61248361905945, "size_mb": 493.839499375, "size_ratio": 0.49980439695753137, "target_bits_per_weight": 4.9504896087087555, "n_pruned": 74591023, "n_rounded_zero": 1497378, "n_nonzero": 281738159, "pruned_pct": 20.845580328078498, "sparsity_pct": 21.264045072562528, "n_dense_matrices": 0, "n_bitmap_matrices": 168, "n_csr_matrices": 0, "k_used_mean": 33.0, "k_used_min": 33, "k_used_max": 33, "k_used_row_mean": 28.511015098905723, "last_batch_delta_loss": 0.23315071884923055, "huffman_size_mb": 451.861013125, "huffman_bits_per_weight": 4.011968192076072, "wikitext2_loss": 2.9476880297307995, "wikitext2_ppl": 19.0618323545525, "c4_loss": 3.3332613270400384, "c4_ppl": 28.029606513791375}
{"b": 4.9639430955673145, "k_init": 31, "c": 0.939000087787165, "alpha": -0.18714609001329677, "beta": 0.2927811116134857, "last_batch_loss": 3.109418592280624, "last_batch_ppl": 22.408012421269113, "size_mb": 494.9782785, "size_ratio": 0.5009569309580696, "target_bits_per_weight": 4.9759495214664895, "n_pruned": 72043285, "n_rounded_zero": 1806508, "n_nonzero": 283976767, "pruned_pct": 20.133576724992132, "sparsity_pct": 20.63843248528002, "n_dense_matrices": 35, "n_bitmap_matrices": 133, "n_csr_matrices": 0, "k_used_mean": 31.0, "k_used_min": 31, "k_used_max": 31, "k_used_row_mean": 27.81016545664983, "last_batch_delta_loss": 0.22406718482840704, "huffman_size_mb": 451.55415225, "huffman_bits_per_weight": 4.005107642093421, "wikitext2_loss": 2.9418440320725994, "wikitext2_ppl": 18.95075992054842, "c4_loss": 3.319951907681091, "c4_ppl": 27.659020340103453}
{"b": 4.9639430955673145, "k_init": 31, "c": 0.9406249183034107, "alpha": -0.180886671107399, "beta": 0.29148099975360364, "last_batch_loss": 3.1002253619530866, "last_batch_ppl": 22.202954418834175, "size_mb": 495.36733325, "size_ratio": 0.5013506849509222, "target_bits_per_weight": 4.984647696358817, "n_pruned": 70927278, "n_rounded_zero": 1907126, "n_nonzero": 284992156, "pruned_pct": 19.82169182745965, "sparsity_pct": 20.354666797232714, "n_dense_matrices": 56, "n_bitmap_matrices": 112, "n_csr_matrices": 0, "k_used_mean": 31.0, "k_used_min": 31, "k_used_max": 31, "k_used_row_mean": 27.793807212752526, "last_batch_delta_loss": 0.21487395450086977, "huffman_size_mb": 451.72187875, "huffman_bits_per_weight": 4.00885753701458, "wikitext2_loss": 2.928026358240802, "wikitext2_ppl": 18.690705313601594, "c4_loss": 3.3068400151448887, "c4_ppl": 27.29872547339568}
{"b": 5.0211510128162615, "k_init": 32, "c": 0.9237403415873132, "alpha": -0.15665892352188782, "beta": 0.30037497653845996, "last_batch_loss": 3.092103303090269, "last_batch_ppl": 22.023351077905396, "size_mb": 495.838586375, "size_ratio": 0.5018276301613661, "target_bits_per_weight": 4.995183596768222, "n_pruned": 68582970, "n_rounded_zero": 2223128, "n_nonzero": 287020462, "pruned_pct": 19.166539789556147, "sparsity_pct": 19.787826258620935, "n_dense_matrices": 92, "n_bitmap_matrices": 76, "n_csr_matrices": 0, "k_used_mean": 32.0, "k_used_min": 32, "k_used_max": 32, "k_used_row_mean": 28.220111268939394, "last_batch_delta_loss": 0.2067518956380523, "huffman_size_mb": 452.867991625, "huffman_bits_per_weight": 4.0344814118884855, "wikitext2_loss": 2.91593942122012, "wikitext2_ppl": 18.466151751805118, "c4_loss": 3.3013849822148265, "c4_ppl": 27.150215458771967}
{"b": 5.0211510128162615, "k_init": 32, "c": 0.97833401078523, "alpha": -0.003175587092020385, "beta": 0.2998522229110764, "last_batch_loss": 3.0825737979741694, "last_batch_ppl": 21.814476258647556, "size_mb": 496.027390625, "size_ratio": 0.5020187149053643, "target_bits_per_weight": 4.999404731163612, "n_pruned": 45222378, "n_rounded_zero": 21687376, "n_nonzero": 290916806, "pruned_pct": 12.638071919535543, "sparsity_pct": 18.698934478200837, "n_dense_matrices": 121, "n_bitmap_matrices": 47, "n_csr_matrices": 0, "k_used_mean": 31.0, "k_used_min": 31, "k_used_max": 31, "k_used_row_mean": 27.138132628367003, "last_batch_delta_loss": 0.19722239052195256, "huffman_size_mb": 450.630682125, "huffman_bits_per_weight": 3.984461435730204, "wikitext2_loss": 2.909823047575574, "wikitext2_ppl": 18.35355057438535, "c4_loss": 3.296681743746684, "c4_ppl": 27.022821338306457}
{"b": 5.001524674360342, "k_init": 32, "c": 0.9238203109739612, "alpha": -0.0011707493656111581, "beta": 0.30037497653845996, "last_batch_loss": 3.07225506982398, "last_batch_ppl": 21.590535984820896, "size_mb": 496.2216385, "size_ratio": 0.5022153090258175, "target_bits_per_weight": 5.00374756977235, "n_pruned": 44990291, "n_rounded_zero": 20724666, "n_nonzero": 292111603, "pruned_pct": 12.573211725814875, "sparsity_pct": 18.365030533228165, "n_dense_matrices": 127, "n_bitmap_matrices": 41, "n_csr_matrices": 0, "k_used_mean": 32.0, "k_used_min": 32, "k_used_max": 32, "k_used_row_mean": 28.2190196233165, "last_batch_delta_loss": 0.18690366237176326, "huffman_size_mb": 453.743850625, "huffman_bits_per_weight": 4.054063166803493, "wikitext2_loss": 2.895358280431269, "wikitext2_ppl": 18.089981566734735, "c4_loss": 3.2791882069098057, "c4_ppl": 26.554207425684222}
{"b": 4.950697456171768, "k_init": 31, "c": 0.9859250165943588, "alpha": -0.05496085370871154, "beta": 0.2721433047284737, "last_batch_loss": 3.06432619453583, "last_batch_ppl": 21.42002419425125, "size_mb": 496.378970125, "size_ratio": 0.50237454099907, "target_bits_per_weight": 5.0072650643932075, "n_pruned": 49162558, "n_rounded_zero": 14099097, "n_nonzero": 294564905, "pruned_pct": 13.739214327745822, "sparsity_pct": 17.6794184869899, "n_dense_matrices": 137, "n_bitmap_matrices": 31, "n_csr_matrices": 0, "k_used_mean": 31.0, "k_used_min": 31, "k_used_max": 31, "k_used_row_mean": 27.06024108270202, "last_batch_delta_loss": 0.17897478708361314, "huffman_size_mb": 451.16522875, "huffman_bits_per_weight": 3.9964124015836053, "wikitext2_loss": 2.8844966146452, "wikitext2_ppl": 17.894557469766752, "c4_loss": 3.2734200042459984, "c4_ppl": 26.40147828546166}
{"b": 4.950697456171768, "k_init": 31, "c": 0.9464921296569012, "alpha": -0.05496085370871154, "beta": 0.2721433047284737, "last_batch_loss": 3.0496104901513648, "last_batch_ppl": 21.107121389510848, "size_mb": 496.49876225, "size_ratio": 0.5024957800471244, "target_bits_per_weight": 5.009943280901227, "n_pruned": 49162558, "n_rounded_zero": 13172722, "n_nonzero": 295491280, "pruned_pct": 13.739214327745822, "sparsity_pct": 17.420529096554485, "n_dense_matrices": 144, "n_bitmap_matrices": 24, "n_csr_matrices": 0, "k_used_mean": 31.0, "k_used_min": 31, "k_used_max": 31, "k_used_row_mean": 27.760791508838384, "last_batch_delta_loss": 0.1642590826991479, "huffman_size_mb": 453.41619525, "huffman_bits_per_weight": 4.046737710023538, "wikitext2_loss": 2.8641539533583855, "wikitext2_ppl": 17.534212166050004, "c4_loss": 3.247612267630707, "c4_ppl": 25.728832948070565}
{"b": 4.803808463851431, "k_init": 28, "c": 0.994281987984034, "alpha": -0.03674605355216594, "beta": 0.03908194312678953, "last_batch_loss": 3.039040644225925, "last_batch_ppl": 20.885197286422493, "size_mb": 496.623358125, "size_ratio": 0.5026218808678294, "target_bits_per_weight": 5.012728895809188, "n_pruned": 11591905, "n_rounded_zero": 38986646, "n_nonzero": 307248009, "pruned_pct": 3.239531744094122, "sparsity_pct": 14.134934813111693, "n_dense_matrices": 161, "n_bitmap_matrices": 7, "n_csr_matrices": 0, "k_used_mean": 27.0, "k_used_min": 27, "k_used_max": 27, "k_used_row_mean": 23.73517071759259, "last_batch_delta_loss": 0.15368923677370816, "huffman_size_mb": 443.174225125, "huffman_bits_per_weight": 3.8177559346069785, "wikitext2_loss": 2.8589768964360016, "wikitext2_ppl": 17.44367112186969, "c4_loss": 3.2394322384609264, "c4_ppl": 25.51922879685323}
{"b": 4.862075904021495, "k_init": 29, "c": 0.994281987984034, "alpha": -0.028490486427436998, "beta": 0.021905006931574357, "last_batch_loss": 3.024320109506671, "last_batch_ppl": 20.580007801895277, "size_mb": 496.651405375, "size_ratio": 0.5026502668897865, "target_bits_per_weight": 5.013355953789456, "n_pruned": 7709482, "n_rounded_zero": 39369804, "n_nonzero": 310747274, "pruned_pct": 2.1545303959549567, "sparsity_pct": 13.157012715881123, "n_dense_matrices": 164, "n_bitmap_matrices": 4, "n_csr_matrices": 0, "k_used_mean": 29.0, "k_used_min": 29, "k_used_max": 29, "k_used_row_mean": 25.328486689814813, "last_batch_delta_loss": 0.13896870205445433, "huffman_size_mb": 448.087261125, "huffman_bits_per_weight": 3.92759766351609, "wikitext2_loss": 2.8312953203527047, "wikitext2_ppl": 16.967424846984617, "c4_loss": 3.2149095211485625, "c4_ppl": 24.901038791847565}
{"b": 4.862075904021495, "k_init": 29, "c": 0.9825393814951301, "alpha": -0.029272945354087115, "beta": 0.06625349179194981, "last_batch_loss": 3.014032152378099, "last_batch_ppl": 20.369366953816172, "size_mb": 496.652121, "size_ratio": 0.502650991158546, "target_bits_per_weight": 5.013371953160772, "n_pruned": 14595666, "n_rounded_zero": 31949164, "n_nonzero": 311281730, "pruned_pct": 4.078977815397493, "sparsity_pct": 13.007650969229339, "n_dense_matrices": 164, "n_bitmap_matrices": 4, "n_csr_matrices": 0, "k_used_mean": 29.0, "k_used_min": 29, "k_used_max": 29, "k_used_row_mean": 25.529753919402356, "last_batch_delta_loss": 0.128680744925882, "huffman_size_mb": 448.84513925, "huffman_bits_per_weight": 3.9445416964017426, "wikitext2_loss": 2.820400641969057, "wikitext2_ppl": 16.783573529267166, "c4_loss": 3.205461355320232, "c4_ppl": 24.66687758691134}
{"b": 4.913702521801794, "k_init": 30, "c": 0.94645916051034, "alpha": -0.04489950864876672, "beta": 0.07187036202492239, "last_batch_loss": 3.0081457334666584, "last_batch_ppl": 20.249816534091842, "size_mb": 496.65409275, "size_ratio": 0.5026529867245567, "target_bits_per_weight": 5.013416035970052, "n_pruned": 17836730, "n_rounded_zero": 27048626, "n_nonzero": 312941204, "pruned_pct": 4.984741769867503, "sparsity_pct": 12.543886065919757, "n_dense_matrices": 166, "n_bitmap_matrices": 2, "n_csr_matrices": 0, "k_used_mean": 30.0, "k_used_min": 30, "k_used_max": 30, "k_used_row_mean": 26.327299689604377, "last_batch_delta_loss": 0.12279432601444151, "huffman_size_mb": 451.226268, "huffman_bits_per_weight": 3.997777068309295, "wikitext2_loss": 2.8185361458110263, "wikitext2_ppl": 16.75230977553515, "c4_loss": 3.198458034233984, "c4_ppl": 24.4947310253955}
{"b": 5.005222346558094, "k_init": 32, "c": 0.9932920965696485, "alpha": -0.014100606773562244, "beta": 0.08389443808491523, "last_batch_loss": 2.997703175807966, "last_batch_ppl": 20.039456915168635, "size_mb": 496.65490775, "size_ratio": 0.5026538115686285, "target_bits_per_weight": 5.013434257088127, "n_pruned": 14956465, "n_rounded_zero": 29032450, "n_nonzero": 313837645, "pruned_pct": 4.179808508345496, "sparsity_pct": 12.29336218082861, "n_dense_matrices": 166, "n_bitmap_matrices": 2, "n_csr_matrices": 0, "k_used_mean": 31.0, "k_used_min": 31, "k_used_max": 31, "k_used_row_mean": 26.92624487058081, "last_batch_delta_loss": 0.11235176835574912, "huffman_size_mb": 452.586536125, "huffman_bits_per_weight": 4.0281888549581115, "wikitext2_loss": 2.8038298390540617, "wikitext2_ppl": 16.50774787794411, "c4_loss": 3.1896143453436827, "c4_ppl": 24.279062303927336}
{"b": 5.020732795797543, "k_init": 32, "c": 0.9740001879003737, "alpha": -0.09600260085407836, "beta": 0.09171387201934804, "last_batch_loss": 2.99076447442618, "last_batch_ppl": 19.900890399564386, "size_mb": 496.65559275, "size_ratio": 0.5026545048424804, "target_bits_per_weight": 5.013449571770189, "n_pruned": 28620251, "n_rounded_zero": 14549864, "n_nonzero": 314656445, "pruned_pct": 7.998358478476276, "sparsity_pct": 12.06453623789134, "n_dense_matrices": 166, "n_bitmap_matrices": 2, "n_csr_matrices": 0, "k_used_mean": 31.0, "k_used_min": 31, "k_used_max": 31, "k_used_row_mean": 27.28145714962121, "last_batch_delta_loss": 0.10541306697396324, "huffman_size_mb": 453.85274675, "huffman_bits_per_weight": 4.056497779259315, "wikitext2_loss": 2.7843182338859576, "wikitext2_ppl": 16.18877715390363, "c4_loss": 3.1777685232493256, "c4_ppl": 23.993153606341917}
{"b": 5.015952730763022, "k_init": 32, "c": 0.9178231405066856, "alpha": -0.04507341557476022, "beta": 0.08947960006918122, "last_batch_loss": 2.9732276905322577, "last_batch_ppl": 19.554935122968697, "size_mb": 496.657705875, "size_ratio": 0.5026566434911054, "target_bits_per_weight": 5.013496815328633, "n_pruned": 20539257, "n_rounded_zero": 20197348, "n_nonzero": 317089955, "pruned_pct": 5.740003481016054, "sparsity_pct": 11.384455362955729, "n_dense_matrices": 166, "n_bitmap_matrices": 2, "n_csr_matrices": 0, "k_used_mean": 32.0, "k_used_min": 32, "k_used_max": 32, "k_used_row_mean": 28.50865425084175, "last_batch_delta_loss": 0.0878762830800408, "huffman_size_mb": 457.699729375, "huffman_bits_per_weight": 4.142505539555253, "wikitext2_loss": 2.7548081248881173, "wikitext2_ppl": 15.718024715696332, "c4_loss": 3.163125025102087, "c4_ppl": 23.64436984564989}
{"b": 5.035874944284951, "k_init": 33, "c": 0.9734614458907965, "alpha": -0.09399396824937291, "beta": 0.1276756380421888, "last_batch_loss": 2.972331499436103, "last_batch_ppl": 19.537418014736247, "size_mb": 514.901968125, "size_ratio": 0.521121271175478, "target_bits_per_weight": 5.421387436975053, "n_pruned": 33753492, "n_rounded_zero": 8634959, "n_nonzero": 315438109, "pruned_pct": 9.432919680417239, "sparsity_pct": 11.846088507236578, "n_dense_matrices": 0, "n_bitmap_matrices": 168, "n_csr_matrices": 0, "k_used_mean": 33.0, "k_used_min": 33, "k_used_max": 33, "k_used_row_mean": 28.884278987794612, "last_batch_delta_loss": 0.08698009198388634, "huffman_size_mb": 457.99378325, "huffman_bits_per_weight": 4.14907976087633, "wikitext2_loss": 2.7560614403292742, "wikitext2_ppl": 15.737736708869411, "c4_loss": 3.1593461167130985, "c4_ppl": 23.555188548191193}
{"b": 5.023980192238398, "k_init": 33, "c": 0.9652039096633663, "alpha": -0.028689765512642434, "beta": 0.023563172766772618, "last_batch_loss": 2.9700532213443074, "last_batch_ppl": 19.49295700980118, "size_mb": 516.282976875, "size_ratio": 0.5225189605995932, "target_bits_per_weight": 5.452262925927019, "n_pruned": 7993392, "n_rounded_zero": 32185445, "n_nonzero": 317647723, "pruned_pct": 2.2338733044299453, "sparsity_pct": 11.228578728197258, "n_dense_matrices": 0, "n_bitmap_matrices": 168, "n_csr_matrices": 0, "k_used_mean": 33.0, "k_used_min": 33, "k_used_max": 33, "k_used_row_mean": 29.04225194654882, "last_batch_delta_loss": 0.08470181389209053, "huffman_size_mb": 458.6646825, "huffman_bits_per_weight": 4.164079189649868, "wikitext2_loss": 2.754423761596594, "wikitext2_ppl": 15.711984444883909, "c4_loss": 3.1567549973391413, "c4_ppl": 23.494233248120217}
{"b": 5.108783666556483, "k_init": 35, "c": 0.9926658431396695, "alpha": -0.013901266504490348, "beta": 0.08956667624122011, "last_batch_loss": 2.9694843003385287, "last_batch_ppl": 19.481870211148927, "size_mb": 541.3805365, "size_ratio": 0.5479196640049593, "target_bits_per_weight": 6.01337408827338, "n_pruned": 15786744, "n_rounded_zero": 23143997, "n_nonzero": 318895819, "pruned_pct": 4.411842430030907, "sparsity_pct": 10.879779578128577, "n_dense_matrices": 164, "n_bitmap_matrices": 4, "n_csr_matrices": 0, "k_used_mean": 35.0, "k_used_min": 35, "k_used_max": 35, "k_used_row_mean": 30.048814972643097, "last_batch_delta_loss": 0.08413289288631187, "huffman_size_mb": 460.790594625, "huffman_bits_per_weight": 4.211608632405599, "wikitext2_loss": 2.7415988020286117, "wikitext2_ppl": 15.51176552374927, "c4_loss": 3.152250120333479, "c4_ppl": 23.388632654425667}
{"b": 5.3062387501355595, "k_init": 40, "c": 0.9585140729498042, "alpha": -0.09399396824937291, "beta": 0.1276756380421888, "last_batch_loss": 2.9515272475011067, "last_batch_ppl": 19.135155541841716, "size_mb": 541.38709875, "size_ratio": 0.5479263055178558, "target_bits_per_weight": 6.0135208018096815, "n_pruned": 33753492, "n_rounded_zero": 4619778, "n_nonzero": 319453290, "pruned_pct": 9.432919680417239, "sparsity_pct": 10.723985944475446, "n_dense_matrices": 166, "n_bitmap_matrices": 2, "n_csr_matrices": 0, "k_used_mean": 40.0, "k_used_min": 40, "k_used_max": 40, "k_used_row_mean": 34.064597800925924, "last_batch_delta_loss": 0.06617584004888988, "huffman_size_mb": 469.61017675, "huffman_bits_per_weight": 4.408789794698303, "wikitext2_loss": 2.716619034048846, "wikitext2_ppl": 15.129084757224552, "c4_loss": 3.1366693327120587, "c4_ppl": 23.02704357257287}
{"b": 5.3834443705916915, "k_init": 42, "c": 0.9514411573157421, "alpha": -0.0454977812624984, "beta": 0.07093143523181865, "last_batch_loss": 2.9399271835975664, "last_batch_ppl": 18.914468978524447, "size_mb": 541.38941475, "size_ratio": 0.5479286494919301, "target_bits_per_weight": 6.013572581085093, "n_pruned": 17784738, "n_rounded_zero": 14060600, "n_nonzero": 325981222, "pruned_pct": 4.970211825527987, "sparsity_pct": 8.899657420622997, "n_dense_matrices": 166, "n_bitmap_matrices": 2, "n_csr_matrices": 0, "k_used_mean": 42.0, "k_used_min": 42, "k_used_max": 42, "k_used_row_mean": 35.80283959385522, "last_batch_delta_loss": 0.054575776145349586, "huffman_size_mb": 473.57251425, "huffman_bits_per_weight": 4.497376567016154, "wikitext2_loss": 2.720920074262954, "wikitext2_ppl": 15.194295696075445, "c4_loss": 3.1265555210793723, "c4_ppl": 22.795326139834494}
{"b": 5.5133247327103545, "k_init": 46, "c": 0.9178231405066856, "alpha": -0.04507341557476022, "beta": 0.08432812603644334, "last_batch_loss": 2.9353046128385287, "last_batch_ppl": 18.827237279982754, "size_mb": 541.392589, "size_ratio": 0.5479318620824762, "target_bits_per_weight": 6.013643548427484, "n_pruned": 19757596, "n_rounded_zero": 9182707, "n_nonzero": 328886257, "pruned_pct": 5.521556588756296, "sparsity_pct": 8.087801811022636, "n_dense_matrices": 167, "n_bitmap_matrices": 1, "n_csr_matrices": 0, "k_used_mean": 46.0, "k_used_min": 46, "k_used_max": 46, "k_used_row_mean": 39.84345736005892, "last_batch_delta_loss": 0.04995320538631187, "huffman_size_mb": 481.86319475, "huffman_bits_per_weight": 4.682732969849974, "wikitext2_loss": 2.7270990993021025, "wikitext2_ppl": 15.288472289757864, "c4_loss": 3.119690262636558, "c4_ppl": 22.639366299456583}
{"b": 5.989939799833026, "k_init": 64, "c": 0.9121336071901918, "alpha": -0.019834647323416582, "beta": 0.01716254125909772, "last_batch_loss": 2.912757594001893, "last_batch_ppl": 18.40748902436864, "size_mb": 541.398656, "size_ratio": 0.5479380023634384, "target_bits_per_weight": 6.01377918956044, "n_pruned": 5657297, "n_rounded_zero": 14149871, "n_nonzero": 338019392, "pruned_pct": 1.5810165125808435, "sparsity_pct": 5.53541022779304, "n_dense_matrices": 168, "n_bitmap_matrices": 0, "n_csr_matrices": 0, "k_used_mean": 64.0, "k_used_min": 64, "k_used_max": 64, "k_used_row_mean": 53.86326152146464, "last_batch_delta_loss": 0.027406186549676192, "huffman_size_mb": 504.597475875, "huffman_bits_per_weight": 5.191007841899718, "wikitext2_loss": 2.6934253152374676, "wikitext2_ppl": 14.782223074994084, "c4_loss": 3.094580185372595, "c4_ppl": 22.077967937831417}
{"b": 6.018942015644859, "k_init": 65, "c": 0.9451570319152731, "alpha": -0.08150002577857068, "beta": 0.08763809869287262, "last_batch_loss": 2.9114545962841962, "last_batch_ppl": 18.38351972754215, "size_mb": 565.63843775, "size_ratio": 0.5724705671244058, "target_bits_per_weight": 6.555712840321299, "n_pruned": 25802224, "n_rounded_zero": 1517815, "n_nonzero": 330506521, "pruned_pct": 7.210818559695513, "sparsity_pct": 7.634994730407938, "n_dense_matrices": 0, "n_bitmap_matrices": 168, "n_csr_matrices": 0, "k_used_mean": 65.0, "k_used_min": 65, "k_used_max": 65, "k_used_row_mean": 53.900699705387204, "last_batch_delta_loss": 0.026103188831979374, "huffman_size_mb": 503.907684125, "huffman_bits_per_weight": 5.17558602972345, "wikitext2_loss": 2.6855560259234403, "wikitext2_ppl": 14.666353986541314, "c4_loss": 3.0961728091349414, "c4_ppl": 22.113157848899686}
{"b": 6.020940897219359, "k_init": 65, "c": 0.9431327565568538, "alpha": -0.01740755125026662, "beta": 0.08917604267331848, "last_batch_loss": 2.9111836651912477, "last_batch_ppl": 18.378539735097988, "size_mb": 567.97644725, "size_ratio": 0.5748368165429059, "target_bits_per_weight": 6.607984186528803, "n_pruned": 16265067, "n_rounded_zero": 7937626, "n_nonzero": 333623867, "pruned_pct": 4.5455169677734375, "sparsity_pct": 6.763805626949548, "n_dense_matrices": 0, "n_bitmap_matrices": 168, "n_csr_matrices": 0, "k_used_mean": 65.0, "k_used_min": 65, "k_used_max": 65, "k_used_row_mean": 53.98038983585859, "last_batch_delta_loss": 0.02583225773903086, "huffman_size_mb": 504.220326125, "huffman_bits_per_weight": 5.182575829474481, "wikitext2_loss": 2.682663117750887, "wikitext2_ppl": 14.623986882849577, "c4_loss": 3.0947256283930122, "c4_ppl": 22.081179257699336}
{"b": 6.020940897219359, "k_init": 65, "c": 0.9433433059208034, "alpha": -0.020296190514151914, "beta": 0.07187036202492239, "last_batch_loss": 2.910258909522701, "last_batch_ppl": 18.36155193229244, "size_mb": 569.69372675, "size_ratio": 0.5765748384022171, "target_bits_per_weight": 6.646377747923463, "n_pruned": 14076156, "n_rounded_zero": 7836831, "n_nonzero": 335913573, "pruned_pct": 3.933792952652816, "sparsity_pct": 6.123912937038547, "n_dense_matrices": 0, "n_bitmap_matrices": 168, "n_csr_matrices": 0, "k_used_mean": 65.0, "k_used_min": 65, "k_used_max": 65, "k_used_row_mean": 53.97269899515993, "last_batch_delta_loss": 0.02490750207048409, "huffman_size_mb": 504.405568875, "huffman_bits_per_weight": 5.186717338701744, "wikitext2_loss": 2.6857076770330037, "wikitext2_ppl": 14.668578324053986, "c4_loss": 3.0936686045726334, "c4_ppl": 22.057851256540378}
{"b": 6.054235179315644, "k_init": 66, "c": 0.9409148667291436, "alpha": -0.059909363509961996, "beta": 0.08552489088753493, "last_batch_loss": 2.9102193872463897, "last_batch_ppl": 18.36082625630375, "size_mb": 586.127592875, "size_ratio": 0.59320720288234, "target_bits_per_weight": 7.013792981158246, "n_pruned": 22200874, "n_rounded_zero": 2204107, "n_nonzero": 333421579, "pruned_pct": 6.2043672778230885, "sparsity_pct": 6.8203380431011045, "n_dense_matrices": 167, "n_bitmap_matrices": 1, "n_csr_matrices": 0, "k_used_mean": 66.0, "k_used_min": 66, "k_used_max": 66, "k_used_row_mean": 54.19722945601852, "last_batch_delta_loss": 0.02486797979417288, "huffman_size_mb": 504.433976125, "huffman_bits_per_weight": 5.187352445274046, "wikitext2_loss": 2.683441676552692, "wikitext2_ppl": 14.635376949897829, "c4_loss": 3.0931634779493575, "c4_ppl": 22.0467120622071}
{"b": 6.850137768943747, "k_init": 115, "c": 0.9922800746504522, "alpha": -0.03922147843813886, "beta": 0.0009872153580109816, "last_batch_loss": 2.8931894456111458, "last_batch_ppl": 18.05078990030544, "size_mb": 586.135817, "size_ratio": 0.5932155263433861, "target_bits_per_weight": 7.013976849566449, "n_pruned": 6148499, "n_rounded_zero": 6434844, "n_nonzero": 345243217, "pruned_pct": 1.718290280073117, "sparsity_pct": 3.51660396589901, "n_dense_matrices": 168, "n_bitmap_matrices": 0, "n_csr_matrices": 0, "k_used_mean": 115.0, "k_used_min": 115, "k_used_max": 115, "k_used_row_mean": 85.00986426767676, "last_batch_delta_loss": 0.007838038158928917, "huffman_size_mb": 538.402044875, "huffman_bits_per_weight": 5.946783355042174, "wikitext2_loss": 2.6670742370224385, "wikitext2_ppl": 14.397783009021905, "c4_loss": 3.0729249475289975, "c4_ppl": 21.60500384882525}
{"b": 7.086131346557702, "k_init": 136, "c": 0.9878511144259784, "alpha": -0.025591422007798903, "beta": 0.013995706857584032, "last_batch_loss": 2.892682096465483, "last_batch_ppl": 18.041634170243285, "size_mb": 630.87008, "size_ratio": 0.6384901173195054, "target_bits_per_weight": 8.014109718406594, "n_pruned": 6056072, "n_rounded_zero": 3965203, "n_nonzero": 347805285, "pruned_pct": 1.6924601684123168, "sparsity_pct": 2.8005956293462395, "n_dense_matrices": 168, "n_bitmap_matrices": 0, "n_csr_matrices": 0, "k_used_mean": 136.0, "k_used_min": 136, "k_used_max": 136, "k_used_row_mean": 97.69282670454545, "last_batch_delta_loss": 0.007330689013266056, "huffman_size_mb": 549.272030625, "huffman_bits_per_weight": 6.189805801447495, "wikitext2_loss": 2.662643832388046, "wikitext2_ppl": 14.33413609934323, "c4_loss": 3.073165030262793, "c4_ppl": 21.61019145991595}
{"b": 7.726629607454927, "k_init": 212, "c": 0.994281987984034, "alpha": -0.03674605355216594, "beta": 0.03908194312678953, "last_batch_loss": 2.886890853039509, "last_batch_ppl": 17.937452636446597, "size_mb": 630.882847, "size_ratio": 0.6385030385271934, "target_bits_per_weight": 8.014395152780162, "n_pruned": 11591905, "n_rounded_zero": 258008, "n_nonzero": 345976647, "pruned_pct": 3.239531744094122, "sparsity_pct": 3.3116359501094608, "n_dense_matrices": 168, "n_bitmap_matrices": 0, "n_csr_matrices": 0, "k_used_mean": 211.99404761904762, "k_used_min": 211, "k_used_max": 212, "k_used_row_mean": 140.43795704440237, "last_batch_delta_loss": 0.001539445587292132, "huffman_size_mb": 576.915200875, "huffman_bits_per_weight": 6.807829689892221, "wikitext2_loss": 2.6624922311094354, "wikitext2_ppl": 14.331963190694816, "c4_loss": 3.070028084222433, "c4_ppl": 21.54250767108415}
Done. Pareto set (100 points) written to compress_runs/local_50_linear_k256_calib_fixed_8x2048_maxdelta1\pareto.json
